v -0.735429 0.119093 -4.0492
vn -0.964108 0.144515 -0.222738
v -0.040768 -0.04598 -4.1747
vn 0.112393 -0.92026 -0.374819
v -0.503181 0.231051 -4.62357
vn 0.0132762 -0.99341 0.113846
v -0.394868 0.115448 -4.24812
vn -0.519002 -0.802378 -0.294663
v -0.184491 0.173249 -4.78188
vn -0.0940035 -0.975393 -0.199427
v -0.12721 0.106074 -4.46214
vn -0.272623 -0.931695 -0.240045
v -0.638572 0.208139 -4.36998
vn -0.399599 0.911648 -0.0960134
v -0.255311 0.012342 -4.07836
vn -0.440973 -0.861114 -0.253032
v 0.047757 0.130028 -4.62097
vn -0.190824 -0.628385 -0.754134
v -0.50995 0.041503 -4.06534
vn -0.0841864 -0.777553 -0.623156
v -0.354771 0.158148 -4.47152
vn -0.0161081 -0.966532 0.256041
v -0.393826 0.252401 -4.8001
vn -0.484042 -0.533216 -0.693819
v -0.193343 0.063374 -4.26791
vn -0.561029 -0.44652 0.697041
v 0.022241 0.012863 -4.36373
vn -0.386926 -0.883577 -0.263781
v -0.617222 0.115448 -4.2049
vn -0.382261 -0.886546 -0.2606
v -0.316237 0.188871 -4.64857
vn -0.0896354 -0.989722 -0.111425
v -0.126169 0.142005 -4.6267
vn 0.00332967 -0.959679 -0.281077
v -0.513596 0.208139 -4.46683
vn -0.1493 -0.970399 -0.189832
v -0.517241 0.132632 -4.33352
vn -0.250596 -0.906287 -0.34036
v 0.008181 0.065978 -4.49808
vn -0.318598 -0.90251 -0.289778
v 0.13472 -0.040773 -4.29291
vn -0.214703 -0.526721 0.822477
v -0.29749 0.11024 -4.35539
vn -0.201537 -0.961867 0.184919
v -0.23344 0.138881 -4.54026
vn 0.0176965 -0.977862 0.208502
v -0.2902 0.194599 -4.85426
vn -0.562421 -0.814117 0.144554
v -0.165744 -0.016819 -4.16533
vn -0.596475 -0.781777 -0.181777
v -0.095966 0.056084 -4.34967
vn -0.415399 -0.909633 -0.00345589
v -0.302177 0.056605 -4.19761
vn -0.140886 -0.951167 -0.274651
v 0.125346 0.05348 -4.56681
vn -0.267239 -0.822324 -0.502361
v -0.476623 0.195641 -4.73918
vn -0.0228454 -0.996125 0.0849262
v -0.402679 0.200848 -4.57046
vn -0.316145 -0.91198 -0.261428
v -0.404241 0.157627 -4.3705
vn -0.145109 -0.9871 0.067657
v 0.034218 -0.015778 -4.25906
vn -0.259237 -0.965639 0.0183784
v -0.217818 0.161793 -4.67721
vn -0.20621 -0.872701 -0.442573
v -0.095445 0.000365 -4.25229
vn 0.247076 -0.782529 -0.571492
v 0.087854 0.023278 -4.44548
vn -0.183812 -0.95404 -0.236686
v -0.316758 0.196162 -4.75324
vn -0.278242 -0.89795 -0.340979
v -0.19803 0.106595 -4.38612
vn 0.262156 -0.940031 0.21821
v -0.58025 0.226364 -4.5439
vn 0.363822 -0.141121 0.920716
v -0.660443 0.172729 -4.27676
vn -0.925903 -0.128818 -0.35512
v 0.182627 -0.007446 -4.37727
vn -0.028565 -0.895233 -0.444683
v -0.683355 0.139402 -4.13096
vn 0.173757 -0.945499 -0.27539
v -0.055349 0.103471 -4.56161
vn -0.413013 -0.861732 -0.294682
v -0.402679 0.213346 -4.67617
vn -0.148407 -0.985761 -0.0790566
v -0.106381 0.162835 -4.73397
vn 0.0537386 -0.985372 -0.16172
v -0.587019 0.261254 -4.4585
vn -0.916984 0.176117 -0.357944
v -0.419863 0.070144 -4.16637
vn -0.242436 -0.949478 -0.199292
v -0.048579 0.056605 -4.42621
vn 0.143164 -0.945286 -0.293153
v -0.551088 0.202931 -4.38455
vn -0.559128 -0.763111 -0.324096
v -0.313633 0.175853 -4.54911
vn -0.0238677 -0.979906 -0.198027
v -0.26156 0.142005 -4.45642
vn -0.0154723 -0.916725 0.399218
v -0.547443 0.161272 -4.25593
vn -0.694865 0.494827 -0.521833
v -0.146998 0.125342 -4.54338
vn -0.718174 -0.49013 -0.493963
v -0.478186 0.106074 -4.25281
vn -0.340514 -0.800013 -0.493994
v -0.207403 0.198765 -4.86728
vn -0.356447 -0.870572 -0.339191
v -0.454232 0.09618 -4.09346
vn 0.102262 -0.949734 -0.295884
v -0.490683 0.232092 -4.5413
vn -0.457867 -0.393829 -0.79703
v -0.662005 0.089411 -4.06691
vn -0.0938313 -0.986129 -0.136915
v -0.030874 0.014946 -4.29811
vn -0.234411 -0.939143 -0.251123
v -0.131897 0.18054 -4.84072
vn 0.0335738 -0.999099 -0.0259438
v -0.315716 0.044107 -4.11846
vn -0.283553 -0.947267 -0.149277
v -0.558379 0.084204 -4.14346
vn -0.234209 -0.930971 -0.280071
v -0.468292 0.183664 -4.40851
vn -0.0039285 -0.975089 -0.221781
v -0.598996 0.143567 -4.31426
vn -0.0816665 -0.937676 -0.337778
v 0.095144 -0.004842 -4.35071
vn -0.579308 -0.728756 -0.365124
v -0.375601 0.097743 -4.33352
vn 0.263001 -0.948473 -0.176718
v -0.195947 0.161272 -4.60379
vn -0.196052 -0.832984 0.517399
v -0.33967 0.116489 -4.17053
vn -0.394778 -0.911313 -0.116869
v 0.056089 0.078996 -4.56577
vn -0.175736 -0.87836 -0.444522
v -0.2475 0.094098 -4.30697
vn -0.0637474 -0.969997 -0.234611
v -0.250624 0.199286 -4.78135
vn 0.0585456 -0.0271829 -0.997915
v -0.199072 -0.022547 -4.10284
vn -0.712897 -0.58594 -0.385295
v 0.018075 0.035254 -4.43663
vn -0.189493 -0.956011 -0.223911
v -0.029312 0.155024 -4.61264
vn -0.0577125 -0.0208902 -0.998115
v -0.160537 0.015467 -4.23042
vn -0.388244 -0.745502 -0.54175
v -0.165224 0.077955 -4.32884
vn -0.495323 -0.854777 0.154954
v -0.391223 0.205014 -4.74334
vn -0.469037 -0.83765 0.279905
v 0.082646 0.046711 -4.51161
vn -0.20193 -0.921524 -0.33169
v -0.190219 0.111282 -4.48714
vn -0.21199 -0.977272 -3.05535e-06
v -0.103777 -0.029837 -4.19084
vn -0.326496 -0.832109 -0.448325
v -0.031395 -0.011091 -4.23667
vn 0.321648 -0.923342 -0.209716
v -0.26885 0.160231 -4.59597
vn -0.455386 -0.888138 0.0619255
v -0.55213 0.102429 -4.21115
vn -0.25081 -0.942549 -0.220672
v -0.126689 0.090452 -4.39757
vn -0.881011 -0.15898 -0.445584
v -0.569314 0.071185 -4.06274
vn -0.474132 -0.873098 0.113574
v -0.436527 0.10972 -4.31165
vn -0.291329 -0.894489 -0.339142
v -0.483393 0.236779 -4.68554
vn -0.645883 -0.695013 0.315899
v -0.073574 0.094618 -4.49964
vn -0.19838 -0.934741 -0.294797
v -0.67242 0.149816 -4.20907
vn -0.383624 -0.818296 -0.428046
v -0.344877 0.236258 -4.83968
vn -0.603207 -0.711748 -0.35994
v -0.557337 0.257608 -4.59493
vn 0.0133057 -0.954514 -0.297869
v -0.048058 0.167521 -4.70012
vn 0.554966 -0.73624 -0.387252
v -0.154809 0.155544 -4.68554
vn 0.00380517 -0.987969 -0.154604
v -0.131897 0.049835 -4.27676
vn 0.457679 -0.408303 -0.789822
v -0.266246 0.064416 -4.24916
vn -0.126642 -0.885399 -0.447247
v -0.436006 0.22324 -4.62357
vn -0.390912 -0.917536 -0.0729027
v -0.500056 0.06754 -4.12471
vn -0.0275614 -0.937263 -0.347532
v 0.02849 -0.037128 -4.20074
vn 0.111649 -0.8386 -0.533183
v -0.040768 0.031089 -4.36268
vn -0.364049 -0.922522 -0.12815
v -0.091279 0.188351 -4.78812
vn 0.524474 -0.735376 -0.429126
v -0.442255 0.050877 -4.05337
vn 0.287054 -0.943891 -0.163309
v -0.407366 0.174811 -4.42934
vn -0.41401 -0.758441 -0.503353
v -0.657318 0.153982 -4.34863
vn -0.960941 -0.00140205 -0.276751
v -0.437047 0.114927 -4.20386
vn 0.271875 -0.962106 0.020897
v -0.369352 0.182623 -4.61784
vn -0.450606 -0.892594 0.0151305
v 0.129512 0.005052 -4.40382
vn -0.0664055 -0.928993 -0.36409
v -0.390702 0.168042 -4.52099
vn 0.149721 -0.642432 -0.751575
v -0.612535 0.214908 -4.42361
vn -0.891789 0.13357 -0.432286
v -0.621388 0.090452 -4.11482
vn -0.29881 -0.921832 -0.246856
v -0.000671 0.097222 -4.58296
vn -0.157616 -0.841387 -0.516937
v -0.597434 0.164397 -4.36893
vn -0.074364 -0.89649 -0.436779
v -0.340191 0.080558 -4.24604
vn -0.143131 -0.826308 -0.544728
v 0.047757 -0.00328 -4.31426
vn -0.141926 -0.818547 -0.556631
v 0.136803 0.030047 -4.49964
vn -0.254184 -0.928647 -0.270196
v -0.251666 0.118051 -4.40486
vn 0.0023528 -0.967252 -0.253806
v -0.363103 0.062853 -4.17366
vn -0.112033 -0.983411 -0.142656
v -0.228753 0.178977 -4.73084
vn -0.194846 -0.969242 -0.150351
v -0.55942 0.182102 -4.32832
vn -0.264476 -0.957131 -0.118117
v 0.089936 -0.022026 -4.25333
vn -0.0943881 -0.985972 0.137662
v -0.569835 0.205535 -4.46475
vn -0.551759 -0.779118 -0.297553
v -0.336025 0.048794 -4.06639
vn -0.470626 -0.874172 -0.119727
v -0.265726 0.033692 -4.14606
vn -0.348269 -0.92182 -0.170168
v -0.614097 0.134194 -4.2575
vn -0.257187 -0.963066 -0.0797436
v -0.280306 0.15242 -4.50797
vn -0.41868 -0.90805 -0.012352
v -0.092321 0.144609 -4.67513
vn -0.00470016 -0.961025 -0.276421
v -0.083989 0.030047 -4.29967
vn -0.420222 -0.780455 -0.462929
v -0.497973 0.163355 -4.29186
vn -0.491445 -0.686879 0.535425
v -0.435485 0.212825 -4.77459
vn 0.171214 -0.888339 -0.426074
v -0.340711 0.197724 -4.69648
vn -0.232627 -0.959064 -0.161496
v -0.533383 0.104512 -4.08617
vn -0.468354 0.254313 -0.84615
v -0.080865 0.119093 -4.60743
vn 0.0299878 -0.818257 -0.57407
v -0.416218 0.061291 -4.10804
vn -0.405023 -0.88745 -0.219976
v -0.135542 -0.05327 -4.14085
vn -0.413346 -0.779666 -0.47039
v 0.0639 0.015987 -4.39862
vn -0.281827 -0.919139 -0.275239
v -0.456835 0.137839 -4.36945
vn -0.735615 -0.583711 -0.343733
v -0.173555 0.104512 -4.43298
vn -0.341663 -0.912253 -0.225966
v -0.518282 0.168042 -4.41476
vn 0.0151957 -0.969275 0.245511
v -0.392264 0.064936 -4.05701
vn 0.0871955 -0.987364 0.132326
v -0.392264 0.132632 -4.29811
vn 0.554522 -0.680562 0.478896
v -0.217297 0.040462 -4.22781
vn -0.466887 -0.858834 -0.210763
v -0.207924 0.019112 -4.13148
vn 0.194488 -0.880564 -0.432182
v -0.270933 0.096701 -4.20959
vn 0.526238 -0.762728 -0.375924
v -0.299053 0.086807 -4.30228
vn 0.181717 -0.953893 -0.238886
v 0.144614 -0.026713 -4.34081
vn -0.336381 -0.84919 -0.407093
v -0.26885 0.168563 -4.64597
vn 0.0305501 -0.979569 -0.198774
v -0.317799 0.177936 -4.5991
vn -0.161976 -0.985189 0.0562614
v -0.376121 0.104512 -4.20282
vn -0.614452 -0.788137 -0.0359026
v -0.339149 0.215429 -4.79333
vn -0.397568 -0.858813 -0.323078
v 0.083167 0.092015 -4.60535
vn -0.235337 -0.683634 -0.690841
v -0.451628 0.22324 -4.57671
vn -0.266856 -0.951238 -0.154708
v -0.707309 0.085766 -4.08617
vn 0.138922 -0.762651 -0.631716
v -0.541715 0.126383 -4.29134
vn -0.200736 -0.953851 -0.223325
v -0.217297 0.185747 -4.81625
vn -0.10639 -0.994324 1.88594e-05
v -0.09909 0.114927 -4.54026
vn -0.197693 -0.805992 -0.557937
v -0.371956 0.121696 -4.37883
vn -0.228635 -0.907975 -0.351152
v -0.363624 0.055563 -4.12523
vn -0.201838 -0.960894 -0.18959
v -0.229274 0.113885 -4.34915
vn -0.677647 -0.320436 -0.661903
v -0.087113 0.077434 -4.44756
vn -0.582828 -0.796732 -0.159783
v -0.034519 0.07483 -4.47725
vn -0.320947 -0.900974 -0.291956
v -0.278223 0.052959 -4.06847
vn -0.442494 -0.214101 -0.870838
v -0.433923 0.217512 -4.72668
vn 0.108767 -0.993574 0.0313268
v 0.163881 0.006093 -4.43611
vn -0.25876 -0.958065 0.123106
v -0.476103 0.20241 -4.49547
vn 0.134327 -0.962497 -0.235703
v -0.659922 0.123779 -4.16845
vn -0.43597 -0.828059 -0.352489
v -0.135021 0.176894 -4.77667
vn 0.47012 -0.830447 -0.298907
v -0.519324 0.174811 -4.35279
vn 0.938732 -0.343128 -0.0323166
v -0.449545 0.210221 -4.53244
vn -0.416874 -0.774398 -0.475944
v 0.055568 0.042024 -4.47464
vn -0.25958 -0.91949 -0.295223
v -0.475582 0.168563 -4.45121
vn 0.645596 -0.733343 -0.213104
v -0.185532 0.165438 -4.72355
vn -0.19981 -0.978972 -0.0411041
v -0.017856 0.086287 -4.54182
vn -0.353949 -0.850447 -0.389179
v -0.483914 0.078996 -4.16585
vn -0.0558208 -0.942176 -0.330436
v -0.522969 0.106595 -4.24656
vn -0.32018 -0.901773 -0.290327
v -0.167827 0.156065 -4.63867
vn -0.124484 -0.992174 0.00971456
v -0.47402 0.210221 -4.65065
vn -0.448213 -0.886735 0.113166
v -0.132938 0.005573 -4.19657
vn -0.367824 -0.714684 -0.594922
v -0.56619 0.120655 -4.25437
vn -0.216049 -0.931339 -0.29314
v -0.409448 0.081079 -4.22105
vn 0.359327 -0.598756 -0.715804
v 0.15607 0.027964 -4.53973
vn 0.325165 -0.861057 -0.390959
v -0.592747 0.231051 -4.49287
vn -0.529187 -0.827171 -0.189075
v -0.434965 0.095139 -4.2601
vn -0.227968 -0.954956 -0.189975
v -0.229274 0.112323 -4.46631
vn -0.313471 -0.93583 -0.161116
v -0.355813 0.192516 -4.53296
vn 0.514068 -0.857617 0.015054
v -0.618784 0.080558 -4.06587
vn -0.415937 -0.712976 -0.564501
v -0.094404 -0.06004 -4.16012
vn -0.0809895 -0.880129 -0.467775
v -0.072533 0.055563 -4.38924
vn -0.382436 -0.831716 -0.402482
v -0.365186 0.175853 -4.57462
vn -0.293468 -0.953631 0.0668167
v -0.315195 0.082121 -4.15856
vn -0.404808 -0.913269 -0.0454934
v -0.196989 0.010259 -4.17991
vn -0.199478 -0.811935 -0.548607
v -0.067326 -0.009529 -4.20386
vn -0.0270823 -0.879141 -0.475791
v -0.350605 0.116489 -4.28093
vn -0.0869783 -0.925451 -0.368748
v -0.396951 0.174811 -4.47152
vn -0.699021 -0.683551 0.210066
v -0.27614 0.15242 -4.55119
vn -0.59988 -0.780002 -0.178157
v -0.617743 0.105033 -4.15595
vn -0.0672962 -0.872936 -0.483171
v 0.00037 0.033172 -4.39705
vn -0.356785 -0.857823 -0.369924
v -0.565148 0.183143 -4.42049
vn -0.168652 -0.963001 -0.210202
v -0.540674 0.062333 -4.09398
vn -0.159298 -0.856637 -0.49071
v -0.468292 0.086287 -4.21063
vn 0.0141423 -0.99156 -0.128872
v -0.163141 0.086287 -4.37154
vn -0.283654 -0.952005 0.115005
v -0.120961 0.129508 -4.58608
vn -0.0939151 -0.967776 -0.233646
v -0.007962 0.019112 -4.33404
vn -0.0411089 -0.910261 -0.41199
v -0.039727 -0.012132 -4.14866
vn -0.0888006 -0.963309 0.253278
v -0.138666 0.114927 -4.50224
vn -0.212863 -0.947165 -0.239933
v -0.299053 0.11701 -4.40434
vn -0.277902 -0.681138 -0.677363
v -0.161579 0.143047 -4.5866
vn -0.352938 -0.917429 -0.183737
v -0.540674 0.244069 -4.54546
vn 0.39943 -0.776582 -0.487213
v -0.705747 0.127945 -4.08201
vn -0.582833 -0.276923 -0.76395
v -0.13398 0.049314 -4.3278
vn -0.221452 -0.780026 -0.58525
v 0.083167 -0.018902 -4.29707
vn -0.275751 -0.900535 -0.336153
v -0.274578 0.186268 -4.74907
vn -0.364294 -0.870691 -0.330435
v -0.195426 0.133153 -4.52307
vn -0.368781 -0.901147 -0.227892
v -0.517241 0.249797 -4.58504
vn -0.358268 -0.911325 -0.202807
v -0.264163 0.191475 -4.82145
vn -0.240141 -0.970256 0.0305943
v 0.009743 -0.008487 -4.29239
vn -0.341291 -0.73303 -0.588377
v -0.376642 0.155024 -4.40382
vn 0.157644 -0.866907 0.472885
v 0.044112 0.064936 -4.52828
vn -0.182215 -0.926915 -0.328066
v -0.657839 0.142005 -4.30488
vn -0.123455 -0.986926 0.103614
v -0.371956 0.187309 -4.66523
vn -0.463319 -0.801949 -0.377111
v -0.535987 0.212825 -4.43194
vn -0.898395 -0.436774 -0.0459994
v -0.463605 0.147213 -4.31374
vn -0.320397 -0.679276 -0.66025
v -0.246458 0.185226 -4.87144
vn 0.0192844 -0.992339 0.122034
v -0.253228 0.047231 -4.20282
vn -0.258574 -0.925027 -0.278324
v -0.24021 0.13836 -4.49651
vn -0.25673 -0.886358 -0.385303
v -0.330297 0.169083 -4.51057
vn -0.424292 -0.856278 -0.294557
v -0.582333 0.078996 -4.10857
vn -0.388646 -0.873356 -0.293603
v -0.629719 0.173249 -4.39289
vn 0.54091 -0.473473 -0.695154
v 0.010264 0.149295 -4.62201
vn -0.251775 0.27502 -0.927887
v -0.336546 0.103992 -4.36633
vn 0.333034 -0.92921 0.16018
v -0.455273 0.202931 -4.69491
vn 0.240263 -0.946743 0.214361
v -0.48131 0.112844 -4.29291
vn -0.523654 -0.648299 -0.552716
v -0.037644 0.11701 -4.60066
vn 0.0912094 -0.938087 -0.334176
v -0.300094 0.084724 -4.23927
vn 0.264146 -0.940024 -0.215828
v 0.06442 -0.0314 -4.21896
vn 0.0204398 -0.940932 -0.337978
v -0.056911 0.139922 -4.63815
vn 0.433095 -0.886018 -0.165533
v -0.41726 0.101909 -4.13721
vn 0.183219 -0.932903 0.310037
v -0.168869 0.048794 -4.30124
vn -0.289104 -0.865769 -0.408489
v -0.555254 0.148254 -4.34967
vn -0.257218 -0.895834 -0.362381
v -0.431319 0.172729 -4.39705
vn -0.443095 -0.870165 0.215591
v -0.438089 0.182623 -4.45485
vn -0.159565 -0.954833 -0.250665
v -0.454232 0.067019 -4.12106
vn -0.0583015 -0.988307 -0.140891
v -0.228753 0.163355 -4.63867
vn -0.239082 -0.963554 -0.120015
v -0.668775 0.103992 -4.12002
vn -0.257123 -0.902446 -0.345656
v -0.429236 0.176894 -4.52567
vn -0.575387 -0.665521 -0.475406
v -0.21209 0.112844 -4.42986
vn -0.157109 -0.969206 -0.189621
v 0.005577 -0.005884 -4.22365
vn 0.496677 -0.322366 -0.805849
v -0.228753 0.153982 -4.58296
vn -0.086586 -0.960745 0.263574
v 0.037342 0.100346 -4.59337
vn -0.15475 -0.687421 -0.70958
v -0.345919 0.11024 -4.132
vn -0.465531 -0.881807 0.0754894
v 0.131595 0.01807 -4.45538
vn -0.127394 -0.94323 -0.306736
v -0.31155 0.207097 -4.82353
vn -0.435909 -0.877802 -0.198613
v -0.377163 0.144609 -4.44184
vn 0.0323199 -0.880788 -0.472406
v -0.489642 0.154503 -4.39133
vn -0.201591 -0.954195 -0.221073
v -0.430278 0.144088 -4.34133
vn -0.0722116 -0.996091 0.0508777
v -0.535987 0.199807 -4.49756
vn -0.279186 -0.815402 -0.507125
v -0.48131 0.056605 -4.08669
vn 0.0998699 -0.909918 -0.402585
v -0.14856 0.167 -4.73501
vn 0.0761347 -0.968793 -0.235891
v -0.171473 0.178977 -4.81781
vn -0.0654134 -0.985746 -0.155003
v -0.401117 0.206576 -4.63815
vn -0.335402 -0.941534 -0.0319342
v -0.019939 -0.024109 -4.19865
vn 0.376891 -0.644208 -0.665544
v -0.331338 0.0816 -4.19813
vn -0.995973 -0.0819585 -0.0363372
v -0.166265 -0.02463 -4.12263
vn -0.429698 -0.517258 0.740138
v -0.074616 -0.019423 -4.16272
vn 0.631048 -0.737694 0.23997
v -0.583895 0.165438 -4.245
vn -0.464014 -0.760426 -0.454361
v -0.238647 0.083162 -4.26791
vn -0.665111 -0.744844 -0.053245
v 0.08525 0.061812 -4.54807
vn -0.357354 -0.855774 -0.374098
v -0.068888 0.169083 -4.73397
vn 0.364482 -0.864478 -0.346165
v -0.009524 0.055563 -4.45277
vn -0.358349 -0.893139 -0.271825
v -0.497453 0.105033 -4.13877
vn 0.0567792 -0.965925 -0.252516
v -0.479748 0.122217 -4.20594
vn 0.203341 -0.97731 -0.0593085
v -0.220422 0.176374 -4.7673
vn -0.108147 -0.986555 -0.122526
v -0.383412 0.224802 -4.77407
vn -0.243021 -0.773708 -0.585079
v -0.352168 0.195641 -4.73189
vn 0.359442 -0.922535 0.140468
v -0.132417 0.065978 -4.36633
vn 0.581679 -0.792321 -0.18406
v -0.520886 0.080558 -4.1622
vn -0.231541 -0.942834 -0.239695
v -0.539632 0.240945 -4.62305
vn -0.00362296 -0.929162 -0.369655
v -0.264163 0.107116 -4.37154
vn -0.209771 -0.909165 -0.359744
v -0.483914 0.195641 -4.54234
vn -0.298847 -0.923918 -0.238886
v -0.653673 0.146171 -4.24083
vn -0.551451 -0.832122 0.0589491
v -0.197509 0.086287 -4.34498
vn -0.236188 -0.820882 -0.51997
v -0.567231 0.222198 -4.57827
vn -0.400132 -0.90927 0.114557
v -0.054828 0.014425 -4.26999
vn -0.327016 -0.864741 0.381161
v -0.302177 0.119614 -4.31894
vn -0.569264 -0.407278 -0.714187
v -0.309467 0.18054 -4.6871
vn -0.426433 -0.829451 -0.360785
v 0.117015 0.043065 -4.53244
vn -0.3219 -0.9089 -0.265105
v -0.402158 0.097743 -4.30592
vn 0.479587 -0.811689 0.333404
v -0.565148 0.098263 -4.17678
vn -0.233533 -0.453813 -0.859951
v -0.281868 0.09618 -4.26895
vn -0.650367 -0.759218 -0.0247049
v -0.49537 0.208139 -4.70481
vn -0.804778 -0.592293 -0.0390075
v -0.274057 0.029006 -4.10492
vn -0.372883 -0.911469 -0.17373
v -0.379246 0.206056 -4.70897
vn -0.450621 -0.892138 0.0321108
v 0.111807 -0.022547 -4.32363
vn -0.312326 -0.903699 -0.292882
v -0.584415 0.114406 -4.22261
vn -0.00150129 -0.994685 -0.102957
v -0.483393 0.239383 -4.59285
vn -0.36763 -0.897951 -0.241934
v -0.125127 0.011301 -4.26999
vn -0.261846 -0.859552 -0.438871
v -0.60889 0.132111 -4.13304
vn -0.0288434 -0.809189 -0.58684
v -0.582333 0.265419 -4.49599
vn -0.629487 -0.758247 -0.169729
v 0.055568 0.00401 -4.35383
vn -0.0831212 -0.938054 -0.33637
v 0.138365 -0.011091 -4.3731
vn -0.190267 -0.892575 -0.408788
v -0.611494 0.202931 -4.3455
vn -0.155642 -0.836578 0.525274
v -0.407886 0.115968 -4.33613
vn -0.431141 -0.655933 -0.619572
v -0.095966 0.07483 -4.4132
vn -0.497338 -0.837096 -0.22787
v -0.126689 0.148775 -4.66159
vn -0.268754 -0.953126 -0.139002
v -0.334983 0.054001 -4.14658
vn -0.222334 -0.955595 -0.193404
v -0.04181 0.089932 -4.51474
vn -0.339862 -0.921062 -0.190099
v -0.362582 0.057125 -4.08982
vn -0.21373 -0.969843 0.117149
v 0.000891 -0.000676 -4.25906
vn -0.554168 -0.598059 -0.578985
v -0.374559 0.085766 -4.25229
vn -0.30634 -0.950969 -0.0425902
v 0.096185 0.011821 -4.4132
vn -0.180608 -0.941662 -0.283997
v -0.244896 0.178457 -4.69595
vn -0.155583 -0.982052 -0.106623
v -0.34644 0.162314 -4.43767
vn -0.502072 -0.664763 0.553185
v -0.503181 0.085245 -4.19449
vn -0.167983 -0.94676 -0.27464
v -0.428195 0.121176 -4.23719
vn -0.0510205 -0.691072 0.720983
v -0.518282 0.176894 -4.45173
vn -0.249919 -0.903089 -0.349242
v -0.396951 0.063374 -4.13721
vn -0.133567 -0.971968 -0.19349
v 0.17013 0.035775 -4.50849
vn 0.36881 -0.661614 -0.652875
v -0.1345 -0.030879 -4.17209
vn -0.34514 -0.83188 -0.434573
v -0.306864 0.198765 -4.78656
vn -0.409014 -0.893052 -0.187525
v 0.02172 0.082641 -4.56056
vn -0.215297 -0.912537 -0.347741
v -0.277182 0.118572 -4.43142
vn -0.166098 -0.969126 -0.182224
v -0.310509 0.156586 -4.48506
vn -0.245476 -0.815711 -0.523792
v -0.19126 -0.010049 -4.14293
vn -0.567272 -0.747904 -0.344734
v -0.047538 0.019112 -4.33092
vn -0.5553 -0.711897 -0.429936
v -0.436527 0.218553 -4.67044
vn -0.722314 -0.657006 0.215884
v -0.660443 0.179498 -4.22209
vn -0.957418 0.188187 -0.218945
v 0.056089 0.030568 -4.43403
vn -0.246714 -0.92078 -0.302154
v -0.655235 0.206576 -4.28093
vn -0.756079 0.62597 0.191065
v 0.022241 0.050356 -4.46735
vn -0.407095 -0.883394 -0.232142
v -0.515158 0.187309 -4.38455
vn -0.524689 -0.788635 -0.320557
v -0.510471 0.144088 -4.36529
vn -0.524192 -0.538476 -0.659747
v -0.136063 0.097222 -4.42986
vn 0.145917 -0.696306 -0.702756
v -0.733866 0.085245 -4.05441
vn -0.416697 -0.787726 -0.453709
v -0.393826 0.203452 -4.60483
vn -0.390572 -0.88366 -0.258068
v -0.106901 0.097222 -4.49287
vn -0.288255 -0.935305 -0.205214
v -0.260518 0.100867 -4.33821
vn -0.229136 -0.958897 -0.167372
v -0.563065 0.21595 -4.5163
vn 0.296837 -0.780029 -0.550856
v 0.114411 0.077955 -4.58764
vn 0.1961 -0.549091 -0.812431
v -0.306343 0.199286 -4.71522
vn -0.672671 -0.732242 -0.106467
v -0.24073 0.016508 -4.12367
vn -0.553222 -0.808969 -0.198782
v -0.50943 0.135756 -4.25645
vn -0.85029 0.0327041 -0.525298
v -0.120961 0.178977 -4.80896
vn 0.234505 -0.942174 -0.239407
v -0.239689 0.071706 -4.2299
vn -0.903566 -0.426988 -0.0353612
v -0.031395 0.044628 -4.39185
vn -0.227338 -0.814631 -0.533568
v -0.291762 0.178457 -4.61993
vn -0.659313 -0.717526 0.224638
v 0.188876 0.008176 -4.41424
vn 0.147217 -0.964709 -0.21832
v -0.229795 0.021195 -4.15647
vn -0.454056 -0.843061 -0.288238
v -0.371435 0.179498 -4.49235
vn 0.109822 -0.974868 0.193836
v -0.414135 0.136798 -4.39445
vn -0.172221 -0.756016 -0.63149
v -0.349043 0.105554 -4.31269
vn -0.203172 -0.978982 -0.0177541
v -0.361541 0.234696 -4.80843
vn -0.62183 -0.702982 -0.345172
v -0.467771 0.169083 -4.37102
vn -0.325202 -0.320917 -0.889526
v -0.302177 0.045669 -4.14866
vn -0.269512 -0.950181 -0.15659
v -0.422988 0.250839 -4.78448
vn -0.924314 -0.129522 -0.358981
v -0.058994 0.146692 -4.67044
vn 0.526537 -0.802077 -0.281836
v -0.595351 0.18783 -4.40799
vn -0.285258 -0.72977 -0.62134
v 0.106079 0.029006 -4.47308
vn -0.230293 -0.898848 -0.372878
v -0.180325 0.186788 -4.84853
vn -0.098477 -0.95813 -0.268866
v -0.117316 0.029526 -4.29811
vn -0.411328 -0.878717 -0.24221
v -0.166265 0.107116 -4.46527
vn -0.173251 -0.963573 -0.203744
v -0.521407 0.115448 -4.21427
vn -0.465928 -0.274998 0.841003
v -0.355813 0.210742 -4.76365
vn -0.211243 -0.899174 -0.383228
v -0.02827 -0.006404 -4.27208
vn 0.0107464 -0.901694 -0.43224
v -0.170952 0.09618 -4.40174
vn -0.606067 -0.639062 -0.473586
v -0.293845 0.13107 -4.46214
vn -0.421739 -0.837869 -0.346571
v -0.225629 0.014425 -4.09086
vn 0.0433603 -0.399941 0.915515
v -0.188136 0.147733 -4.5689
vn -0.428796 -0.559037 0.709656
v -0.060556 0.002448 -4.23458
vn -0.419807 -0.897113 -0.137659
v -0.098049 0.140443 -4.6418
vn -0.225236 -0.963744 -0.143059
v -0.490162 0.159189 -4.32675
vn -0.102604 -0.992364 -0.0684546
v -0.14127 0.035775 -4.24916
vn -0.463293 -0.849678 -0.251808
v -0.093883 0.153461 -4.70637
vn -0.175763 -0.882085 -0.437074
v -0.518282 0.232613 -4.52203
vn -0.293307 -0.940447 -0.171841
v -0.434444 0.078996 -4.19292
vn -0.108453 -0.983737 -0.143176
v -0.258956 0.172729 -4.72355
vn -0.250897 -0.939405 -0.233602
v -0.162099 0.017029 -4.19501
vn 0.243792 -0.0221533 -0.969574
v -0.45267 0.076913 -4.16481
vn -0.118069 -0.961608 -0.24773
v -0.483393 0.225323 -4.73241
vn -0.852962 -0.413645 0.318362
v -0.291762 0.056084 -4.10284
vn -0.705338 -0.505898 0.496553
v -0.331859 0.186788 -4.57306
vn -0.757347 -0.547509 -0.355893
v -0.390181 0.152941 -4.34342
vn 0.228081 -0.760287 0.60823
v -0.083468 0.174811 -4.76053
vn 0.236298 -0.885413 -0.400258
v -0.565148 0.187309 -4.36216
vn 0.30894 -0.951062 0.00605999
v 0.114411 -0.035566 -4.27051
vn -0.564273 -0.821512 -0.0819407
v -0.536508 0.227926 -4.59441
vn 0.076548 -0.860326 0.503963
v -0.073054 0.037337 -4.32727
vn -0.46657 -0.858402 -0.213211
v -0.628678 0.15971 -4.35748
vn -0.0369956 -0.89024 -0.453986
v -0.65159 0.151899 -4.17678
vn -0.658455 0.283374 -0.697235
v 0.159715 0.017549 -4.48402
vn -0.252381 -0.944513 -0.210236
v -0.315716 0.080038 -4.2778
vn -0.484398 -0.785687 -0.384778
v -0.074616 -0.038169 -4.18928
vn -0.124759 -0.831893 -0.54073
v -0.090238 0.119614 -4.5689
vn -0.102127 -0.992678 -0.0644983
v 0.054006 -0.012653 -4.28614
vn 0.149654 -0.583033 -0.798547
v -0.675023 0.160231 -4.15127
vn -0.727589 0.289669 -0.621857
v -0.187615 0.162835 -4.67617
vn -0.581239 -0.772263 -0.256458
v -0.300094 0.03213 -4.06951
vn -0.122801 -0.910809 0.39414
v -0.529218 0.073789 -4.12002
vn -0.163406 -0.940583 -0.297661
v -0.245938 0.173249 -4.66627
vn -0.188379 -0.925829 -0.32765
v 0.195125 0.004531 -4.44756
vn 0.0639564 -0.995544 0.0692998
v -0.450587 0.148254 -4.39705
vn -0.422934 -0.849509 -0.315375
v -0.630761 0.13107 -4.22677
vn -0.59321 -0.735067 -0.328295
v -0.06316 0.0816 -4.471
vn -0.102607 -0.947156 -0.303921
v -0.09909 0.06754 -4.38195
vn -0.449398 -0.662694 -0.599065
v -0.58754 0.132111 -4.27208
vn -0.20127 -0.94322 -0.264246
v -0.278223 0.196162 -4.7949
vn -0.161432 -0.984726 -0.0652324
v -0.428716 0.10295 -4.10752
vn 0.104926 -0.987881 0.114375
v -0.569314 0.140964 -4.31686
vn -0.157333 -0.944965 -0.286859
v 0.161798 0.001927 -4.39653
vn -0.0237979 -0.954331 -0.297802
v -0.337066 0.188351 -4.61941
vn -0.0435076 -0.947398 -0.317087
v -0.122523 0.161793 -4.70793
vn -0.1533 -0.964602 -0.214574
v 0.037342 0.025881 -4.40799
vn -0.127611 -0.925268 -0.357205
v -0.447462 0.169083 -4.42413
vn -0.0747543 -0.692823 -0.717222
v -0.630761 0.144609 -4.31686
vn 0.0698732 -0.967758 -0.241995
v 0.097227 0.00401 -4.38455
vn -0.21786 -0.889842 -0.400897
v -0.161058 0.051397 -4.27156
vn 0.380548 -0.868164 0.31855
v -0.418822 0.200848 -4.53973
vn -0.491759 -0.799137 -0.345765
v -0.503702 0.094098 -4.22781
vn -0.246959 -0.944137 -0.218212
v -0.305822 0.125862 -4.43559
vn -0.232272 -0.926172 -0.297077
v 0.033176 -0.028796 -4.2325
vn -0.123743 -0.969979 -0.209354
v -0.340191 0.130028 -4.38039
vn -0.21098 -0.318451 -0.924162
v -0.294366 0.092535 -4.33196
vn -0.807961 -0.378921 -0.45124
v -0.619305 0.225844 -4.39705
vn -0.824709 0.2804 -0.491153
v -0.101694 0.051918 -4.32103
vn -0.613968 -0.707854 -0.349265
v -0.404762 0.07431 -4.19136
vn 0.0963968 -0.86612 -0.490452
v -0.22667 0.101388 -4.3757
vn -0.564981 -0.690805 -0.451204
v -0.53807 0.161793 -4.32832
vn 0.0763799 -0.946728 -0.312845
v -0.362062 0.059729 -4.05805
vn -0.215394 -0.974496 -0.0629453
v -0.32561 0.054522 -4.17991
vn -0.297899 -0.926096 -0.231521
v -0.470374 0.044107 -4.05858
vn 0.0973355 -0.979281 -0.177577
v -0.45996 0.234175 -4.61055
vn -0.21148 -0.951823 0.222055
v -0.38237 0.19512 -4.55015
vn 0.149894 -0.947832 0.28133
v 0.008181 0.076393 -4.53296
vn -0.118525 -0.928975 -0.350652
v -0.489121 0.129508 -4.34081
vn 0.48132 -0.852885 -0.202285
v -0.327693 0.121176 -4.34446
vn 0.347382 -0.900733 0.260778
v -0.376121 0.125862 -4.32571
vn -0.288187 -0.845205 -0.450085
v -0.648987 0.089932 -4.10388
vn -0.142803 -0.966911 -0.211404
v -0.588061 0.185747 -4.34446
vn -0.66569 -0.694084 0.27405
v -0.366748 0.11701 -4.25489
vn 0.424629 -0.287495 0.858509
v -0.246979 0.055563 -4.14866
vn -0.375825 -0.72499 -0.577188
v -0.313633 0.064936 -4.22313
vn -0.247403 -0.953345 -0.17299
v -0.007441 0.118051 -4.6017
vn -0.0139531 -0.705589 -0.708484
v -0.551609 0.187309 -4.44548
vn -0.383418 -0.817646 -0.429471
v -0.131376 0.015987 -4.23094
vn 0.164868 -0.976323 -0.140046
v -0.354771 0.198765 -4.64544
vn 0.484823 -0.717221 0.500541
v -0.422467 0.214908 -4.58556
vn -0.27574 -0.957712 -0.0821898
v -0.419863 0.059208 -4.06899
vn 0.162327 -0.985621 -0.0469229
v -0.298532 0.165438 -4.52724
vn -0.290765 -0.85388 -0.431676
v -0.100132 0.02484 -4.27156
vn 0.360196 -0.909395 0.207989
v -0.541715 0.050877 -4.06795
vn -0.559503 -0.468127 -0.683969
v -0.331859 0.047752 -4.09451
vn -0.261598 -0.96467 0.031293
v -0.564107 0.160752 -4.37362
vn 0.318633 -0.668683 -0.671815
v -0.468292 0.150858 -4.3429
vn -0.440163 -0.650976 -0.618455
v -0.463605 0.192516 -4.43559
vn 0.543941 -0.632009 0.551989
v -0.293325 0.197203 -4.66315
vn 0.717417 -0.634302 -0.288053
v -0.367269 0.198765 -4.59129
vn 0.118339 -0.990784 -0.065901
v -0.41049 0.111282 -4.21323
vn 0.173985 -0.804515 0.567877
v -0.356334 0.093577 -4.22
vn -0.570234 -0.811466 0.127893
v -0.158454 0.168042 -4.76157
vn 0.0214804 -0.9902 -0.137994
v -0.592227 0.093577 -4.15127
vn -0.170723 -0.927565 -0.332381
v -0.188136 0.021715 -4.22886
vn -0.467916 -0.774167 -0.426286
v -0.220422 0.057646 -4.26218
vn -0.393109 -0.893208 -0.218276
v -0.278223 0.174291 -4.672
vn -0.0689655 -0.989202 -0.12932
v -0.587019 0.185747 -4.3153
vn -0.63253 -0.774069 -0.026882
v -0.36102 0.128466 -4.40382
vn -0.296831 -0.642096 -0.706827
v -0.491204 0.137839 -4.30124
vn -0.817674 -0.368314 -0.442441
v -0.194906 0.157627 -4.64544
vn -0.100423 -0.981519 -0.1629
v -0.334983 0.183664 -4.67304
vn -0.237216 -0.867053 -0.438118
v -0.594309 0.077955 -4.07888
vn -0.22695 -0.970611 -0.0800456
v -0.009524 -0.042856 -4.18095
vn -0.0629961 -0.887726 -0.456041
v -0.50943 0.234696 -4.67617
vn -0.742133 -0.670139 -0.0123668
v -0.258956 0.122217 -4.47568
vn -0.395562 -0.66853 -0.62976
v -0.251666 0.158669 -4.56265
vn 0.70278 -0.711169 0.0184047
v -0.454232 0.195641 -4.47777
vn -0.264628 -0.943191 -0.200906
v -0.454232 0.055563 -4.08097
vn 0.0311483 -0.969003 -0.245077
v -0.286555 0.171166 -4.57775
vn -0.481367 -0.841259 -0.246108
v 0.059734 -0.023589 -4.25177
vn 0.0750969 -0.995289 -0.0613223
v -0.215735 0.172208 -4.70741
vn -0.226084 -0.969552 0.0940969
v -0.649507 0.134715 -4.20594
vn -0.541564 -0.79647 -0.268969
v -0.191781 0.110761 -4.45277
vn -0.238431 -0.951835 -0.192774
v -0.215214 0.146171 -4.55952
vn 0.035289 -0.976527 -0.212483
v -0.61566 0.143567 -4.29239
vn -0.0522263 -0.961649 -0.269266
v -0.389661 0.058167 -4.1018
vn -0.0866574 -0.993065 0.0794536
v -0.508388 0.193558 -4.41684
vn 0.132821 -0.93293 -0.334664
v -0.544319 0.25188 -4.5715
vn 0.0814714 -0.935993 0.34246
v -0.350605 0.099826 -4.19136
vn 0.0836151 -0.747727 0.658721
v -0.535466 0.15242 -4.27885
vn 0.238986 -0.752637 -0.613533
v -0.215735 -0.00328 -4.11273
vn -0.551165 -0.808486 -0.206317
v -0.655756 0.190954 -4.30332
vn -0.846373 -0.378894 -0.374288
v -0.513075 0.240945 -4.64701
vn -0.245222 -0.965449 -0.0881747
v -0.654194 0.175332 -4.33196
vn -0.737797 0.352098 -0.575919
v -0.407886 0.213346 -4.71991
vn -0.136501 -0.981027 -0.137673
v -0.654194 0.11024 -4.14554
vn -0.289135 -0.854513 -0.431519
v -0.475582 0.069623 -4.13773
vn -0.0516632 -0.961796 -0.268847
v -0.662526 0.14565 -4.27728
vn -0.0821234 -0.993724 0.0759561
v 0.114411 0.015467 -4.43455
vn -0.150885 -0.953205 -0.26198
v -0.075657 0.041503 -4.36008
vn -0.329009 -0.85678 -0.39709
v -0.211048 0.127945 -4.49183
vn -0.276697 -0.925934 -0.257069
v -0.499536 0.21595 -4.49547
vn -0.621586 -0.6687 -0.40801
v -0.164182 0.116489 -4.49339
vn -0.090682 -0.961901 -0.25792
v -0.506305 0.183143 -4.47516
vn -0.230165 -0.791065 -0.566781
v -0.16939 0.125862 -4.52307
vn -0.14211 -0.93796 -0.316285
v -0.12721 0.13836 -4.5564
vn -0.602419 -0.612555 0.51173
v -0.172514 0.14565 -4.6142
vn -0.0659863 -0.940878 -0.332256
v 0.058172 0.051397 -4.5012
vn -0.296136 -0.894333 -0.335369
v -0.600038 0.106595 -4.17626
vn -0.307759 -0.922951 -0.231185
v -0.400596 0.163355 -4.49547
vn -0.131109 -0.977255 0.166683
v 0.020158 0.002969 -4.31426
vn -0.388017 -0.91198 -0.133171
v -0.245417 0.112844 -4.44496
vn -0.139362 -0.987921 0.0677529
v -0.220942 0.136277 -4.51526
vn -0.00944591 -0.945136 -0.326542
v -0.014211 0.077434 -4.51682
vn -0.415955 -0.896959 -0.149821
v -0.001192 0.025361 -4.3606
vn -0.17379 -0.933286 -0.314283
v -0.457877 0.233134 -4.6444
vn -0.529922 -0.82773 0.184511
v 0.00714 -0.023068 -4.24396
vn -0.0672785 -0.990657 -0.118629
v -0.188136 0.174291 -4.74855
vn -0.517027 -0.806007 -0.288162
v -0.264163 0.090973 -4.24969
vn -0.0619703 -0.996642 0.0535208
v -0.223025 0.090452 -4.32519
vn -0.465773 -0.813154 -0.349051
v -0.676586 0.099305 -4.09503
vn -0.28199 -0.914176 -0.291144
v -0.106381 0.134715 -4.61055
vn -0.262595 -0.935809 -0.23517
v -0.024625 0.104512 -4.5741
vn 0.190107 -0.980019 -0.0585031
v -0.246458 0.178977 -4.75063
vn -0.144894 -0.981454 -0.12551
v -0.257915 0.073268 -4.20282
vn -0.420271 -0.580567 -0.697362
v -0.504743 0.058688 -4.10023
vn -0.0455327 -0.93761 -0.344694
v -0.164703 0.133673 -4.56213
vn -0.174439 -0.959069 -0.223063
v -0.143874 0.139922 -4.60587
vn -0.286926 -0.937102 -0.198779
v 0.081084 0.040462 -4.4861
vn -0.208433 -0.926777 -0.312474
v -0.437047 0.213867 -4.55692
vn -0.292216 -0.910958 -0.291145
v -0.089196 0.084724 -4.47308
vn -0.299758 -0.882732 -0.361841
v -0.325089 0.104512 -4.27989
vn -0.782567 -0.422254 -0.457482
v -0.574522 0.123779 -4.18251
vn -0.957726 0.235023 -0.165908
v -0.258435 0.161272 -4.62305
vn 0.059715 -0.942604 -0.32853
v -0.43913 0.106074 -4.28353
vn -0.426466 -0.807556 -0.407406
v -0.432882 0.149295 -4.36685
vn 0.555537 -0.806763 0.201274
v -0.534946 0.197724 -4.41059
vn -0.0302345 -0.85664 0.515028
v -0.246458 0.18783 -4.8402
vn -0.0419932 -0.997879 0.049743
v 0.058172 0.10972 -4.60587
vn -0.203644 -0.606821 -0.768308
v -0.425591 0.222719 -4.75272
vn -0.188967 -0.979143 0.0746387
v -0.245417 0.037858 -4.17991
vn -0.300019 -0.914062 -0.272907
v -0.341232 0.178977 -4.55015
vn -0.55451 -0.744766 -0.37127
v -0.348002 0.177415 -4.59858
vn -0.0065493 -0.99989 0.0133071
v -0.083989 0.103471 -4.52255
vn -0.303813 -0.906317 -0.293748
v 0.1066 -0.029837 -4.29551
vn -0.346612 -0.922377 -0.170532
v -0.4886 0.201369 -4.46735
vn -0.224088 -0.964301 0.141099
v -0.067846 -0.05275 -4.16897
vn 0.0220405 -0.802466 -0.59629
v -0.592227 0.124821 -4.245
vn -0.045738 -0.960512 -0.274454
v -0.110026 0.089411 -4.42934
vn -0.0893084 -0.97582 -0.199496
v -0.058473 0.073268 -4.4434
vn -0.555661 -0.715424 -0.423566
v -0.449545 0.198765 -4.74803
vn 0.271841 -0.950172 -0.152561
v -0.109505 0.175332 -4.77407
vn 0.172954 -0.952257 -0.251584
v -0.505264 0.11024 -4.26479
vn -0.431944 -0.775096 -0.46114
v 0.088374 0.077955 -4.58452
vn -0.219295 -0.81137 -0.541838
v -0.152205 0.062853 -4.34498
vn -0.397193 -0.805593 -0.43961
v -0.589623 0.221157 -4.46943
vn -0.886203 -0.299211 -0.353718
v -0.329776 0.161272 -4.46683
vn -0.252447 -0.931148 -0.263122
v -0.27614 0.029006 -4.07941
vn -0.374005 -0.909647 -0.180728
v -0.177201 0.011821 -4.16376
vn 0.0882304 -0.968833 -0.231468
v -0.370393 0.112844 -4.35487
vn -0.178402 -0.883003 -0.434142
v -0.435485 0.143567 -4.31634
vn -0.49747 -0.779649 -0.380357
v -0.327172 0.123779 -4.30176
vn 0.428767 -0.898902 -0.090186
v -0.276661 0.051918 -4.19397
vn 0.153871 -0.557274 -0.815947
v -0.445379 0.177936 -4.36268
vn -0.562066 -0.784402 -0.262288
v -0.497453 0.167521 -4.43819
vn -0.219364 -0.943887 -0.246893
v -0.142832 0.072227 -4.38872
vn -0.0385234 -0.945931 -0.322072
v -0.461522 0.126383 -4.34446
vn -0.164319 -0.928283 -0.333602
v -0.56619 0.254484 -4.55588
vn -0.275696 -0.944496 -0.178659
v -0.224067 0.185226 -4.79177
vn -0.101345 -0.994546 -0.0246559
v -0.442255 0.085245 -4.13408
vn -0.751992 -0.160439 0.639349
v -0.26156 0.083683 -4.27885
vn -0.267957 -0.95219 -0.146739
v -0.33967 0.070664 -4.21948
vn -0.498079 -0.866557 0.0315583
v -0.151164 0.158148 -4.66054
vn 0.174375 -0.879706 -0.442393
v -0.466729 0.105554 -4.19188
vn 0.370897 -0.827064 0.422376
v -0.383412 0.16648 -4.43038
vn -0.0413611 -0.830078 -0.556112
v -0.379767 0.153982 -4.47048
vn -0.308747 -0.924807 -0.222278
v -0.291242 0.194599 -4.76625
vn 0.00220735 -0.998721 -0.0505144
v -0.469333 0.217512 -4.55952
vn -0.231738 -0.911777 -0.339057
v -0.543277 0.170125 -4.36268
vn 0.253456 -0.507025 -0.823824
v 0.021199 0.009218 -4.33873
vn -0.482958 -0.832875 -0.270317
v -0.124606 -0.006925 -4.21688
vn -0.341486 -0.848 -0.405319
v -0.165744 0.158669 -4.70949
vn -0.20374 -0.97096 -0.12541
v -0.563586 0.071706 -4.0893
vn -0.227182 -0.948457 -0.220946
v -0.388098 0.130549 -4.39601
vn -0.254964 -0.742809 -0.619054
v 0.102434 0.036817 -4.49964
vn -0.254401 -0.92022 -0.297449
v -0.04181 -0.01734 -4.20907
vn 0.0168476 -0.996511 -0.0817431
v -0.321444 0.218032 -4.84384
vn -0.55465 -0.817575 -0.154705
v -0.308947 0.107116 -4.38351
vn -0.22592 -0.968527 0.104482
v -0.514637 0.238862 -4.56265
vn 0.247372 -0.968918 -0.00241763
v -0.158454 -0.036086 -4.14346
vn -0.567481 -0.696355 -0.439381
v -0.380287 0.189913 -4.6418
vn -0.599047 -0.800705 -0.00366713
v -0.033998 -0.020464 -4.17834
vn -0.169668 -0.982938 0.0710388
v -0.400075 0.15971 -4.39497
vn -0.291093 -0.946259 -0.140922
v -0.194385 0.019112 -4.2049
vn -0.553585 -0.78892 -0.266738
v -0.36779 0.190434 -4.69335
vn 0.435121 -0.693153 -0.574639
v -0.467771 0.148775 -4.28926
vn -0.518035 -0.855193 0.0168676
v -0.517241 0.161793 -4.30749
vn -0.353974 -0.443925 -0.823185
v -0.531821 0.224281 -4.47152
vn -0.29823 -0.886405 -0.35404
v -0.445379 0.175332 -4.50693
vn -0.673951 -0.735226 0.0723412
v 0.159194 -0.018902 -4.36216
vn -0.253219 -0.782831 -0.56838
v -0.479748 0.214387 -4.67565
vn -0.448476 -0.864862 0.225575
v -0.337587 0.208659 -4.74699
vn 0.0190684 -0.739741 -0.672621
v -0.115754 -0.040252 -4.14762
vn -0.154881 -0.641591 0.751248
v -0.116275 0.022757 -4.24916
vn -0.6434 0.207262 -0.736938
v -0.106381 0.093577 -4.45329
vn -0.514022 -0.846501 -0.138626
v -0.26156 0.168563 -4.53973
vn 0.124026 -0.876521 -0.465112
v -0.529738 0.13159 -4.31217
vn 0.0342398 -0.920546 0.389131
v -0.012128 0.050877 -4.42882
vn -0.324674 -0.890254 -0.319429
v 0.142531 0.009738 -4.42465
vn -0.0586698 -0.982133 -0.178811
v -0.060035 -0.009529 -4.25593
vn -0.141041 -0.957831 -0.250333
v -0.221984 0.156065 -4.60639
vn -0.163693 -0.899453 -0.405202
v -0.466209 0.21647 -4.7121
vn 0.60108 -0.778224 0.181855
v -0.347481 0.172729 -4.48974
vn -0.405792 -0.913899 -0.0109827
v -0.249062 0.187309 -4.80271
vn -0.127305 -0.989173 -0.0730048
v -0.542757 0.089411 -4.16845
vn -0.0139783 -0.861447 -0.507656
v -0.286034 0.200327 -4.8277
vn -0.401963 -0.915595 0.0105376
v -0.643259 0.121176 -4.18668
vn -0.491884 -0.78529 -0.375992
v -0.660443 0.175332 -4.24604
vn -0.943897 0.243779 0.222777
v -0.481831 0.242507 -4.62514
vn -0.378828 -0.925457 -0.00430468
v -0.41726 0.09566 -4.2851
vn 0.0754661 -0.988767 -0.129014
v -0.260518 0.136798 -4.50953
vn -0.339012 -0.938057 0.0715576
v -0.05639 0.039941 -4.38039
vn -0.20686 -0.922351 -0.326308
v -0.186574 0.134715 -4.54546
vn -0.305346 -0.945307 -0.114708
v 0.005057 -0.029317 -4.21792
vn -0.0846848 -0.935154 -0.343969
v -0.160537 0.039941 -4.22313
vn -0.793331 -0.399708 -0.459195
v -0.043892 0.120134 -4.62409
vn -0.155737 -0.983294 -0.0942325
v -0.020459 0.132632 -4.61576
vn -0.32965 -0.120045 -0.93644
v -0.256352 0.176374 -4.57827
vn -0.994545 0.0824772 -0.0638538
v -0.641696 0.089932 -4.08097
vn -0.147581 -0.988626 -0.0289713
v -0.150122 0.031089 -4.27833
vn -0.29138 -0.931206 -0.21898
v -0.503702 0.248235 -4.60483
vn -0.304751 -0.869541 -0.38862
v -0.327693 0.118051 -4.39705
vn -0.306607 -0.889795 -0.338019
v -0.499015 0.164918 -4.36216
vn 0.453178 -0.888041 0.0775432
v -0.150122 0.140443 -4.63451
vn -0.498572 -0.854049 -0.148414
v -0.464126 0.108157 -4.27208
vn -0.157583 -0.94678 -0.280668
v 0.030052 0.00401 -4.2903
vn -0.85909 -0.0311845 -0.510874
v -0.293845 0.037337 -4.12783
vn -0.254959 -0.954114 -0.157045
v -0.680231 0.121176 -4.14606
vn -0.66253 -0.624241 -0.413977
v -0.055349 -0.020464 -4.23042
vn -0.0338106 -0.872497 -0.487449
v -0.480268 0.091494 -4.23146
vn -0.0332914 -0.991082 -0.129025
v -0.274578 0.042545 -4.16637
vn -0.235516 -0.934088 -0.268349
v 0.012347 0.124821 -4.61316
vn -0.116979 -0.687063 -0.71712
v -0.064722 0.101909 -4.53973
vn -0.387285 -0.887679 -0.249071
v -0.056911 -0.011612 -4.18251
vn 0.157288 -0.987553 -1.33154e-05
v -0.216256 0.023798 -4.18355
vn -0.537274 -0.761547 -0.362468
v -0.41726 0.213346 -4.6543
vn -0.254145 -0.956238 0.144982
v 0.1493 0.03942 -4.51943
vn 0.389218 -0.397987 -0.830732
v -0.282389 0.18106 -4.7272
vn -0.268096 -0.963265 -0.0156574
v -0.19074 0.058167 -4.30124
vn -0.3208 -0.830768 -0.454875
v -0.109505 -0.004842 -4.19865
vn -0.33689 -0.68651 -0.644367
v -0.597955 0.215429 -4.44236
vn -0.870471 -0.251617 -0.423048
v -0.266246 0.189392 -4.85322
vn -0.15805 -0.975372 0.153852
v -0.485997 0.219074 -4.52203
vn -0.797491 -0.385957 -0.46373
v -0.186574 0.041503 -4.26114
vn -0.38708 -0.892026 -0.233365
v -0.206362 0.055042 -4.24292
vn 0.306804 -0.0617604 -0.949767
v -0.420384 0.064416 -4.13408
vn -0.0682322 -0.978904 -0.19259
v -0.532342 0.14565 -4.35644
vn -0.147781 -0.608664 -0.779544
v -0.25479 0.054001 -4.22573
vn -0.2232 -0.930641 -0.28998
v -0.640134 0.142526 -4.28926
vn -0.239466 -0.970596 -0.0244664
v -0.470895 0.130549 -4.18303
vn 0.931087 -0.203708 -0.302622
v 0.024845 0.065457 -4.51474
vn -0.252094 -0.920051 -0.299925
v -0.208445 0.157106 -4.62618
vn -0.344398 -0.905641 -0.247396
v -0.336025 0.222198 -4.82301
vn -0.497314 -0.845353 -0.195083
v -0.277703 0.096701 -4.30228
vn 0.249424 -0.902409 -0.351348
v -0.083468 0.001927 -4.22729
vn 0.0101809 -0.747816 -0.663827
v -0.619305 0.196162 -4.41111
vn -0.84655 0.0905698 -0.524548
v 0.031614 0.015987 -4.38508
vn -0.132154 -0.944105 -0.301994
v -0.485997 0.178457 -4.39393
vn -0.659274 -0.676867 -0.327426
v -0.594309 0.113365 -4.20022
vn 0.154043 -0.974835 -0.161145
v -0.030353 0.06077 -4.44027
vn -0.316031 -0.917803 -0.240338
v -0.292283 0.078996 -4.28093
vn -0.0011744 -0.908706 -0.417435
v -0.07774 0.068061 -4.4283
vn -0.489094 -0.813654 -0.314252
v -0.142832 -0.018902 -4.19032
vn -0.353869 -0.76204 -0.542284
v -0.377163 0.115968 -4.30436
vn 0.367168 -0.901611 0.228661
v -0.352168 0.15242 -4.41684
vn -0.418966 -0.703954 -0.573512
v -0.126689 0.163876 -4.74543
vn -0.154186 -0.97803 -0.140297
v -0.196468 0.106595 -4.41372
vn -0.179337 -0.969886 -0.164801
v -0.15533 0.17377 -4.7876
vn 0.0495295 -0.99557 -0.0799197
v -0.224067 0.118051 -4.41059
vn -0.0374024 -0.989202 0.141703
v -0.511513 0.098263 -4.09086
vn -0.101029 0.346035 -0.932766
v -0.587019 0.200327 -4.42569
vn -0.612653 -0.694295 -0.377639
v 0.115973 -0.009008 -4.36008
vn -0.29743 -0.886815 -0.353688
v -0.207924 0.106074 -4.35383
vn 0.572138 -0.812585 0.111191
v -0.607849 0.084204 -4.09711
vn -0.537986 -0.812475 -0.224621
v -0.126169 0.15242 -4.6871
vn -0.226081 -0.952993 -0.201722
v -0.436006 0.215429 -4.69752
vn 0.204752 -0.975557 0.0797771
v -0.39643 0.114406 -4.28457
vn 0.39211 -0.893592 0.218501
v -0.555775 0.199286 -4.48193
vn -0.463638 -0.840464 -0.280464
v -0.278223 0.06025 -4.2299
vn -0.239127 -0.963769 -0.118181
v -0.077219 0.013904 -4.26479
vn -0.332449 -0.636148 -0.696271
v -0.497973 0.235217 -4.70324
vn -0.935416 -0.148826 -0.320699
v -0.192823 0.138881 -4.59962
vn -0.00207846 -0.905916 -0.423452
v -0.567231 0.163355 -4.31217
vn -0.541724 -0.402153 -0.738111
v -0.146477 0.102429 -4.44965
vn -0.00764699 -0.955455 -0.295038
v -0.294887 0.194079 -4.74178
vn -0.339775 -0.927444 -0.156204
v -0.061597 0.015987 -4.29186
vn -0.432724 -0.884419 -0.174795
v -0.206883 0.160752 -4.57514
vn -0.746535 -0.548949 0.375953
v -0.077219 0.133673 -4.64857
vn -0.209201 -0.941533 -0.264103
v -0.126169 0.063374 -4.34446
vn 0.360567 -0.923317 0.132201
v -0.330297 0.098784 -4.15439
vn -0.667136 -0.744841 0.011901
v -0.050662 0.086807 -4.49391
vn -0.298643 -0.896694 -0.326728
v -0.042851 0.094098 -4.53713
vn -0.240685 -0.951968 -0.18928
v -0.540674 0.120134 -4.26947
vn -0.243837 -0.920379 -0.30569
v -0.211048 0.055563 -4.28301
vn -0.212647 -0.935471 -0.282267
v 0.096185 0.064416 -4.56785
vn -0.150918 -0.826122 -0.542905
v -0.441734 0.199807 -4.7147
vn 0.209157 -0.967384 0.142904
v -0.326131 0.135236 -4.43975
vn -0.477712 -0.587189 -0.653452
v -0.430799 0.18054 -4.54807
vn -0.784557 -0.30502 -0.539846
v -0.215735 -0.011091 -4.09138
vn -0.628333 -0.615588 -0.475658
v -0.551088 0.227406 -4.45329
vn -0.619017 -0.64106 -0.453718
v -0.012648 0.071185 -4.48141
vn -0.391151 -0.856536 -0.33667
v -0.152726 0.178457 -4.83031
vn -0.0028615 -0.992833 -0.119476
v -0.141791 0.106074 -4.47933
vn -0.0606516 -0.983901 -0.168106
v 0.065462 0.033172 -4.45433
vn -0.325101 -0.897193 -0.29892
v -0.376121 0.111803 -4.27468
vn -0.011058 -0.896279 -0.443354
v -0.435485 0.070144 -4.1497
vn -0.161355 -0.96135 -0.223093
v -0.295928 0.047231 -4.17157
vn -0.167585 -0.964087 -0.206036
v -0.283431 0.080558 -4.20022
vn 0.426029 -0.752293 -0.502548
v 0.039425 -0.004321 -4.33509
vn -0.18791 -0.936624 -0.295678
v -0.232399 0.051397 -4.24031
vn -0.24753 -0.914243 -0.320763
v -0.066805 0.160231 -4.71002
vn 0.450958 -0.839984 -0.301769
v -0.421946 0.167 -4.50693
vn -0.235803 -0.904674 0.354911
v -0.640655 0.142005 -4.25854
vn -0.343862 -0.933624 -0.100521
v -0.507347 0.07431 -4.14554
vn -0.129971 -0.955075 -0.266343
v -0.333942 0.205535 -4.77407
vn -0.289274 -0.90643 -0.307741
v -0.140749 0.13836 -4.58035
vn -0.0176021 -0.803142 -0.595528
v -0.113671 -0.03869 -4.17209
vn -0.335847 -0.698657 -0.631732
v -0.372997 0.204493 -4.6267
vn -0.429456 -0.89472 -0.12265
v 0.088374 -0.015778 -4.31842
vn -0.289396 -0.924806 -0.246948
v -0.415697 0.186268 -4.47464
vn -0.22426 -0.953262 -0.202485
v -0.387057 0.06077 -4.07993
vn -0.0803982 -0.986767 0.140808
v -0.111588 0.11701 -4.56369
vn -0.52181 -0.544595 -0.656606
v -0.071491 0.127425 -4.62566
vn -0.00803173 -0.966555 -0.256333
v -0.341753 0.050877 -4.12575
vn -0.217422 -0.963049 -0.158946
v 0.093061 -0.020985 -4.2752
vn 0.308257 -0.910618 0.275232
v 0.152945 0.013384 -4.4585
vn -0.211187 -0.929214 -0.30325
v -0.199072 0.180019 -4.79698
vn -0.260224 -0.939018 -0.224786
v -0.156892 -0.000676 -4.18303
vn -0.288682 -0.776568 -0.560005
v -0.054307 0.052439 -4.40538
vn 0.249756 -0.611994 -0.75039
v -0.444858 0.081079 -4.107
vn -0.552383 -0.784687 -0.281317
v -0.113671 -0.002238 -4.24031
vn -0.350397 -0.85394 -0.384718
v -0.288117 0.112844 -4.37831
vn 0.0887875 -0.995538 -0.0319493
v -0.185012 0.164918 -4.70116
vn -0.182346 -0.980806 -0.0690637
v -0.413614 0.146171 -4.32727
vn -0.525958 0.0731851 -0.847356
v -0.342794 0.065978 -4.1872
vn -0.383439 -0.743401 -0.548023
v -0.232919 0.039941 -4.19917
vn -0.347475 -0.902665 -0.253885
v -0.453711 0.178977 -4.39289
vn 0.643691 -0.413822 -0.64375
v -0.335504 0.156586 -4.52776
vn -0.568848 -0.804058 -0.172923
v -0.407886 0.235737 -4.77979
vn -0.0104936 -0.714893 -0.699155
v -0.366227 0.180019 -4.51838
vn 0.257776 -0.895135 -0.363709
v -0.36831 0.247714 -4.82458
vn -0.545567 -0.747761 -0.378431
v -0.320924 0.197724 -4.73189
vn -0.418961 -0.902808 -0.0970022
v -0.498494 0.240945 -4.57723
vn -0.150173 -0.966812 -0.206692
v -0.25479 0.143047 -4.5413
vn -0.234689 -0.972064 0.00367645
v -0.010565 0.007656 -4.30072
vn -0.181812 -0.883307 -0.432102
v -0.144394 0.001927 -4.21844
vn -0.0878354 -0.900902 -0.425041
v -0.392785 0.112323 -4.22677
vn -0.12457 -0.98767 0.0948139
v -0.367269 0.227926 -4.78812
vn -0.385761 -0.789993 -0.476549
v -0.059515 0.036817 -4.34654
vn -0.370429 -0.885299 -0.281118
v -0.307384 0.075872 -4.2575
vn -0.181517 -0.955347 -0.233161
v -0.204279 0.019112 -4.16168
vn -0.587789 -0.74069 -0.325395
v -0.609411 0.180019 -4.3908
vn -0.157503 -0.851988 -0.499308
v -0.167307 0.084724 -4.34915
vn 0.101306 -0.548983 -0.829671
v -0.258956 0.196682 -4.75948
vn -0.416218 -0.872723 -0.25518
v -0.001713 0.084724 -4.55588
vn -0.28687 -0.900592 -0.326558
v -0.225108 0.189392 -4.83864
vn 0.028585 -0.985946 -0.164601
v -0.494328 0.19512 -4.52359
vn -0.297291 -0.755305 -0.584065
v -0.141791 0.117531 -4.52411
vn -0.0801963 -0.993052 -0.086113
v -0.585978 0.175853 -4.39289
vn 0.261914 -0.844513 -0.467118
v -0.174597 0.151378 -4.65846
vn -0.654648 -0.749502 0.0983998
v -0.100653 0.125862 -4.59181
vn -0.168329 -0.920995 -0.351332
v -0.400075 0.193037 -4.53296
vn -0.185864 -0.977816 -0.0965977
v 0.064941 0.068061 -4.54546
vn -0.234995 -0.881696 -0.409132
v -0.283951 0.109199 -4.32311
vn -0.504726 -0.84546 -0.174494
v 0.019116 -0.009008 -4.2726
vn -0.560694 -0.71165 -0.423292
v -0.354771 0.10972 -4.15699
vn 0.028504 -0.95086 -0.308308
v -0.493808 0.226885 -4.64232
vn -0.663344 -0.741537 -0.100486
v -0.673982 0.137839 -4.17626
vn -0.774767 -0.52659 -0.349913
v -0.354251 0.06025 -4.15439
vn -0.17445 -0.973293 -0.149224
v -0.682314 0.091494 -4.07316
vn 0.00193223 -0.958489 -0.285121
v -0.508909 0.16648 -4.33613
vn 0.102398 -0.947141 -0.304036
v -0.387057 0.204493 -4.58452
vn -0.340152 -0.929001 -0.145786
v -0.383412 0.205014 -4.67981
vn -0.48621 -0.870918 -0.0714219
v -0.045975 0.107637 -4.58348
vn -0.134192 -0.90924 -0.39405
v -0.697415 0.100346 -4.09919
vn -0.893784 -0.266911 -0.360429
v -0.324569 0.116489 -4.32155
vn 0.0441586 -0.731877 -0.680004
v -0.076699 -0.020464 -4.21948
vn -0.195402 -0.833828 -0.516283
v -0.375601 0.068582 -4.1898
vn -0.0318144 -0.720043 -0.693199
v 0.065983 -0.009529 -4.3054
vn -0.312498 -0.855253 -0.413386
v -0.407366 0.212825 -4.61889
vn -0.517079 -0.847169 0.122202
v -0.607849 0.090973 -4.13721
vn -0.23168 -0.937665 -0.259053
v -0.563586 0.222719 -4.5564
vn 0.0226351 -0.991964 -0.124482
v -0.100653 -0.019423 -4.21115
vn -0.469889 -0.715093 -0.517539
v -0.200113 0.185226 -4.84124
vn -0.179526 -0.935917 -0.303035
v -0.703143 0.087328 -4.05701
vn 0.0274682 -0.875378 -0.482659
v -0.726055 0.116489 -4.06795
vn -0.735908 0.267286 -0.622091
v -0.161058 -0.045459 -4.12471
vn -0.605141 -0.694292 -0.389567
v -0.348522 0.123259 -4.30124
vn 0.00269622 -0.983284 -0.182061
v -0.575563 0.15242 -4.358
vn -0.464799 -0.826295 -0.318118
v 0.045153 0.015987 -4.36893
vn -0.438365 -0.589998 -0.67804
v -0.522448 0.233655 -4.60899
vn 0.0861206 -0.987963 -0.128498
v -0.372476 0.197203 -4.57098
vn 0.381671 -0.922363 0.0597755
v -0.426633 0.170125 -4.41736
vn -0.11022 -0.944309 -0.310052
v 0.139927 0.020674 -4.47777
vn -0.246578 -0.964872 -0.0906746
v -0.18397 0.114406 -4.50693
vn -0.131706 -0.952103 -0.27596
v -0.560982 0.184705 -4.38768
vn 0.441087 -0.77086 -0.459584
v -0.151685 0.176374 -4.80947
vn -0.0213626 -0.990765 -0.133898
v -0.02827 0.012342 -4.32623
vn 0.0122569 -0.956445 -0.291654
v -0.209486 0.119093 -4.46579
vn 0.134461 -0.98806 -0.0752187
v -0.527135 0.09618 -4.20855
vn -0.205072 -0.924449 -0.321465
v -0.189178 0.042545 -4.22938
vn -0.521597 -0.847564 -0.0978325
v -0.293845 0.105033 -4.28353
vn -0.712746 0.0368832 0.700452
v -0.2475 0.110761 -4.38351
vn -0.280982 -0.771542 -0.570765
v -0.144915 0.040983 -4.31217
vn -0.415415 -0.862398 -0.289308
v -0.02827 0.051918 -4.4158
vn -0.297393 -0.902566 -0.311339
v -0.447462 0.154503 -4.34654
vn -0.251708 -0.811647 -0.527136
v -0.447462 0.195641 -4.50328
vn -0.58145 -0.806384 -0.107986
v -0.564107 0.112323 -4.22625
vn -0.278116 -0.955837 -0.0950088
v -0.478186 0.231051 -4.57462
vn -0.409107 -0.872715 -0.266458
v -0.404241 0.209701 -4.69648
vn -0.265178 -0.957336 -0.114838
v 0.070149 -0.002759 -4.34081
vn -0.185952 -0.941427 -0.281314
v -0.598475 0.087328 -4.11846
vn -0.124932 -0.969788 -0.209532
v -0.228753 0.091494 -4.29863
vn -0.386253 -0.916191 0.106785
v -0.299053 0.101909 -4.25073
vn -0.429133 -0.718294 -0.54763
v -0.404762 0.128987 -4.37779
vn -0.324902 -0.928289 0.180882
v -0.318841 0.18054 -4.62514
vn -0.281468 -0.94403 -0.171997
v -0.506826 0.168563 -4.38247
vn -0.726313 -0.336242 -0.599509
v -0.668254 0.154503 -4.25958
vn -0.984972 -0.0448769 0.16678
v 0.075877 0.017549 -4.41528
vn -0.278183 -0.919956 -0.276215
v -0.313633 0.177415 -4.57462
vn -0.209651 -0.977708 -0.0115609
v -0.385495 0.087328 -4.19657
vn 0.14509 -0.520733 -0.841301
v -0.47402 0.219595 -4.53869
vn -0.392579 -0.912993 -0.111023
v -0.15533 0.054001 -4.32415
vn -0.479902 -0.778636 -0.404252
v -0.438089 0.223761 -4.65065
vn -0.455072 -0.885832 0.0906156
v -0.43184 0.059208 -4.08565
vn -0.0917964 -0.95892 -0.268415
v -0.26885 0.078996 -4.18511
vn 0.387589 -0.865123 0.318335
v -0.315716 0.046711 -4.06795
vn -0.199605 -0.976822 0.0773131
v -0.520886 0.057646 -4.08774
vn -0.148735 -0.882193 -0.446782
v -0.358937 0.203973 -4.70793
vn 0.390751 -0.857938 0.33355
v 0.128992 0.042024 -4.51422
vn -0.844148 -0.31963 -0.430408
v -0.376642 0.143567 -4.3054
vn 0.594124 -0.514943 0.617941
v -0.412052 0.179498 -4.44861
vn -0.282108 -0.958636 -0.0378484
v -0.302698 0.0389 -4.10284
vn -0.348311 -0.935811 0.0541912
v -0.556817 0.218032 -4.53557
vn -0.0635063 -0.805675 -0.588943
v -0.259477 0.141484 -4.48974
vn -0.425606 -0.873145 -0.237649
v -0.111067 0.099305 -4.47308
vn -0.522036 -0.841057 -0.141781
v -0.241772 0.119093 -4.42257
vn -0.110374 -0.987438 0.113063
v -0.266246 0.176374 -4.6996
vn -0.212271 -0.975477 0.0581933
v -0.232919 0.069102 -4.25021
vn -0.762713 0.13175 -0.633175
v -0.182929 -0.0314 -4.11325
vn -0.649696 -0.664642 -0.368981
v -0.025667 0.078996 -4.50016
vn -0.367739 -0.900523 -0.232006
v -0.018376 0.034734 -4.37987
vn -0.380195 -0.888341 -0.257491
v -0.409969 0.210221 -4.74959
vn 0.141975 -0.988782 0.0464121
v -0.243855 0.137319 -4.52099
vn -0.000515982 -0.828527 -0.559949
v -0.042851 0.002448 -4.2877
vn -0.0151129 -0.959845 -0.280123
v -0.412052 0.142005 -4.34967
vn -0.0189391 -0.974327 0.22434
v 0.071711 0.056084 -4.52567
vn -0.239893 -0.886101 -0.396581
v -0.534946 0.106074 -4.23042
vn -0.168421 -0.950585 -0.26081
v -0.525572 0.186788 -4.471
vn -0.415529 -0.854798 -0.310897
v -0.043892 0.148254 -4.62461
vn 0.984867 0.0502435 -0.165871
v -0.174597 -0.020985 -4.14502
vn -0.584642 -0.73106 -0.351774
v -0.203758 0.140443 -4.50589
vn -0.0941462 -0.677951 -0.729054
v -0.323006 0.193558 -4.70481
vn -0.429843 -0.893597 -0.129302
v -0.356854 0.126904 -4.3205
vn -0.666505 -0.386855 -0.637271
v -0.286034 0.08889 -4.22573
vn 0.431027 -0.899793 0.0677393
v -0.14127 0.15971 -4.6996
vn -0.0955915 -0.941341 -0.323635
v -0.405283 0.15971 -4.41424
vn -0.320128 -0.626403 -0.71073
v -0.392785 0.175332 -4.45173
vn -0.392903 -0.89172 0.22464
v -0.242293 0.127945 -4.46631
vn 0.783197 -0.513483 -0.350624
v -0.648466 0.194079 -4.32832
vn -0.719592 0.349078 -0.600276
v -0.438089 0.101388 -4.21844
vn 0.267675 -0.795216 -0.544042
v -0.33238 0.127425 -4.42257
vn -0.494653 -0.725501 -0.478504
v -0.632323 0.10972 -4.1747
vn -0.336056 -0.90887 -0.247025
v -0.594309 0.137319 -4.29603
vn -0.153803 -0.969541 -0.190617
v -0.050141 -0.059519 -4.16324
vn -0.0415466 -0.706506 -0.706487
v -0.315195 0.157627 -4.53453
vn -0.1681 -0.973843 0.152878
v 0.032135 0.044628 -4.45121
vn -0.0765874 -0.995103 -0.0624798
v -0.011607 -0.016298 -4.2148
vn -0.472949 -0.541645 -0.694939
v -0.419863 0.215429 -4.63399
vn -0.250636 -0.958505 0.135831
v -0.271454 0.070144 -4.26843
vn 0.0840924 -0.850775 -0.518758
v -0.378725 0.210221 -4.72824
vn -0.378976 -0.925368 -0.00847546
v -0.541195 0.143047 -4.33352
vn -0.192269 -0.965018 -0.178247
v -0.106901 0.033172 -4.32415
vn -0.144941 -0.908492 -0.391961
v -0.198551 0.18054 -4.81937
vn -0.187122 -0.973304 -0.132905
v -0.058994 -0.028275 -4.21271
vn -0.0664724 -0.880309 -0.46972
v -0.173035 0.078475 -4.38664
vn -0.285569 -0.931382 -0.225781
v -0.090759 -0.042335 -4.17887
vn -0.312422 -0.656474 -0.686611
v -0.432882 0.143047 -4.39028
vn -0.282752 -0.934249 -0.217324
v -0.201675 0.168042 -4.69127
vn -0.245159 -0.96905 -0.0289495
v -0.151685 0.087849 -4.42257
vn -0.434223 -0.870286 -0.232493
v -0.204279 0.140964 -4.53869
vn -0.24665 -0.94501 -0.214757
v -0.550568 0.094618 -4.18928
vn -0.250707 -0.911587 -0.325816
v -0.24073 0.102429 -4.33821
vn 0.078037 -0.949662 -0.3034
v -0.081385 0.022236 -4.28197
vn -0.0232138 -0.902877 -0.429273
v -0.520365 0.155544 -4.26687
vn 0.163281 -0.510111 -0.844468
v -0.498494 0.219074 -4.68033
vn -0.481845 -0.822327 0.302661
v -0.656277 0.139402 -4.32415
vn -0.262005 -0.899995 0.348371
v -0.011607 0.043586 -4.41007
vn -0.283185 -0.867023 -0.409973
v -0.613577 0.122738 -4.22261
vn -0.220677 -0.86249 -0.455425
v -0.143353 0.016508 -4.24708
vn -0.376821 -0.821361 -0.428219
v 0.117535 0.029526 -4.48974
vn -0.302515 -0.901795 -0.308627
v -0.285514 0.067019 -4.24969
vn -0.162709 -0.932418 -0.322679
v -0.045975 0.115448 -4.64753
vn 0.776515 -0.564999 -0.278929
v -0.327172 0.077434 -4.2601
vn -0.60757 -0.606555 -0.512786
v -0.41726 0.108157 -4.32103
vn 0.00975757 -0.969621 -0.244419
v -0.329776 0.164918 -4.49131
vn -0.312179 -0.948367 -0.0560664
v -0.114712 0.078996 -4.38091
vn -0.327903 -0.693675 -0.641323
v -0.514637 0.104512 -4.17053
vn -0.313091 -0.181009 -0.932314
v -0.295407 0.182102 -4.65117
vn -0.336377 -0.939177 -0.0692573
v -0.533904 0.189913 -4.4283
vn -0.231209 -0.73842 0.633465
v -0.380808 0.202931 -4.65794
vn -0.552655 -0.78659 -0.275406
v 0.039946 0.116489 -4.60951
vn -0.105236 -0.655263 -0.748034
v -0.250624 0.169604 -4.63867
vn 0.0426012 -0.93506 -0.351921
v -0.249583 0.187309 -4.73345
vn -0.493536 -0.793314 -0.356475
v -0.378204 0.240424 -4.79802
vn -0.486614 -0.758894 -0.432767
v -0.26156 0.151899 -4.52151
vn -0.525445 -0.786299 -0.325025
v 0.012868 0.047752 -4.45069
vn -0.443469 -0.837077 -0.320372
v -0.556817 0.133153 -4.30124
vn -0.209572 -0.944634 -0.252479
v -0.086072 0.052439 -4.37206
vn -0.123011 -0.862673 -0.490575
v -0.301136 0.205535 -4.83968
vn -0.61594 -0.785777 0.05632
v -0.540674 0.191996 -4.37258
vn -0.263387 -0.884266 -0.385618
v -0.466729 0.061812 -4.09815
vn -0.0173601 -0.96323 -0.268115
v -0.43913 0.222198 -4.59181
vn -0.329536 -0.94324 -0.041293
v -0.201154 -0.012132 -4.12158
vn -0.628625 -0.723362 -0.285618
v -0.082427 0.118572 -4.54911
vn -0.797756 -0.0985703 -0.59487
v -0.089196 0.160752 -4.72564
vn 0.124047 -0.928095 -0.351072
v -0.3329 0.1243 -4.36268
vn -0.456529 -0.818213 0.349441
v -0.356334 0.19512 -4.62514
vn -0.38225 -0.923742 0.0241875
v -0.283431 0.040983 -4.1471
vn -0.26376 -0.941038 -0.211844
v 0.124305 -0.000156 -4.38612
vn -0.134238 -0.918268 -0.372512
v -0.294366 0.188351 -4.69908
vn 0.32353 -0.935947 -0.139038
v 0.02901 0.073268 -4.53661
vn -0.351489 -0.8885 -0.294998
v -0.478706 0.190434 -4.42309
vn 0.671543 -0.546879 0.499954
v -0.48808 0.207618 -4.72251
vn -0.859285 -0.266538 -0.436563
v -0.280827 0.123779 -4.45017
vn -0.280696 -0.93617 -0.21165
v -0.321965 0.086287 -4.17887
vn -0.570501 -0.720503 0.394214
v -0.32561 0.063374 -4.19813
vn -0.179496 -0.966823 -0.181756
v -0.031916 0.094618 -4.55275
vn -0.241838 -0.942071 -0.232414
v -0.103256 0.167521 -4.75219
vn 0.130321 -0.947796 -0.291033
v -0.270412 0.141484 -4.47412
vn -0.272464 -0.670415 -0.69015
v -0.461001 0.107116 -4.29082
vn -0.0888553 -0.977243 -0.192618
v -0.003275 -0.034003 -4.19657
vn -0.115858 -0.925727 -0.360008
v -0.390181 0.1243 -4.26427
vn -0.667101 -0.353218 -0.655906
v -0.526093 0.17377 -4.43455
vn -0.303415 -0.949391 -0.081211
v -0.483914 0.163876 -4.35071
vn -0.0901963 -0.832129 -0.547199
v -0.496411 0.186788 -4.45121
vn -0.289572 -0.330946 -0.898122
v -0.41778 0.11024 -4.24864
vn 0.866992 -0.459059 0.193883
v -0.446421 0.100346 -4.11377
vn -0.0711174 -0.996184 0.0505974
v -0.386015 0.11701 -4.36477
vn -0.579868 -0.812222 -0.063638
v -0.418822 0.210221 -4.56056
vn -0.488278 -0.840914 -0.233342
v -0.372997 0.16648 -4.45798
vn -0.644893 -0.744138 -0.174275
v -0.002234 0.161793 -4.61524
vn -0.221742 0.060468 -0.973229
v -0.168348 0.008176 -4.2148
vn -0.359031 -0.85193 -0.381198
v 0.00714 0.058167 -4.48089
vn -0.376642 -0.858895 -0.347045
v -0.221463 0.006093 -4.12939
vn -0.472727 -0.815975 -0.332738
v -0.396951 0.106074 -4.32207
vn -0.448976 -0.778559 -0.438481
v -0.263643 0.186268 -4.78552
vn -0.314506 -0.942562 -0.112525
v -0.214173 0.164918 -4.65898
vn 0.2803 -0.937816 -0.204777
v -0.363103 0.082641 -4.1044
vn -0.565014 -0.822848 -0.0606652
v 0.025886 0.059729 -4.49651
vn -0.265328 -0.90026 -0.345157
v -0.242293 0.095139 -4.28197
vn 0.596462 -0.675333 0.433772
v -0.230836 0.065457 -4.28405
vn -0.703248 -0.686886 -0.183382
v -0.451107 0.147733 -4.3278
vn -0.1617 -0.974824 0.153533
v -0.286034 0.103471 -4.4033
vn 0.189196 -0.979612 0.0675659
v -0.519324 0.157627 -4.28926
vn 0.313424 -0.829023 0.463127
v -0.315195 0.113885 -4.3606
vn 0.0684151 -0.914673 0.398363
v -0.198551 0.173249 -4.76938
vn -0.2149 -0.969332 -0.119218
v -0.648466 0.100346 -4.1195
vn -0.154224 -0.910246 -0.384274
v -0.453711 0.094098 -4.26531
vn -0.0998292 -0.840379 -0.532725
v -0.414135 0.190434 -4.49287
vn 0.00302586 -0.858953 0.512046
v -0.495891 0.18054 -4.37206
vn -0.537954 -0.819759 0.19647
v -0.527655 0.205014 -4.45485
vn 0.520824 -0.744903 0.416967
v -0.383412 0.183143 -4.52932
vn -0.014046 -0.477841 -0.878334
v 0.107641 0.055042 -4.5564
vn -0.301831 -0.87041 -0.388952
v 0.114932 -0.01734 -4.34133
vn -0.284769 -0.895501 -0.342029
v -0.178763 0.015467 -4.18668
vn -0.57628 -0.739872 -0.347118
v -0.27614 0.106074 -4.34706
vn -0.26799 -0.960165 -0.0791463
v -0.055869 0.11701 -4.59649
vn -0.197478 -0.973815 -0.112639
v -0.351647 0.196682 -4.68138
vn -0.0305291 -0.8886 -0.457666
v -0.629199 0.169083 -4.37362
vn -0.0205511 -0.838669 -0.544254
v 0.074835 -0.022547 -4.27885
vn -0.101601 -0.95898 0.264641
v -0.172514 0.165959 -4.74282
vn -0.039608 -0.980756 -0.191177
v -0.68648 0.10972 -4.12002
vn -0.961048 -0.213617 -0.17537
v 0.103476 0.045669 -4.51995
vn -0.32991 -0.905745 -0.266056
v -0.124606 0.137839 -4.60847
vn -0.150637 -0.964705 -0.215994
v -0.472457 0.20189 -4.47725
vn -0.292568 -0.861605 0.414777
v -0.190219 0.153461 -4.6267
vn -0.192804 -0.964063 -0.182784
v -0.419863 0.08889 -4.25125
vn 0.112509 -0.993547 -0.0143526
v -0.047017 0.021715 -4.30436
vn -0.390374 -0.918659 -0.0606198
v -0.170431 0.067019 -4.31478
vn -0.0977533 -0.661422 -0.743616
v -0.175638 0.18054 -4.79646
vn 0.282964 -0.897191 -0.339088
v 0.038384 0.034213 -4.42986
vn -0.184228 -0.93258 -0.310411
v -0.283951 0.153982 -4.52724
vn -0.133357 -0.985698 -0.103029
v -0.231878 0.190434 -4.75063
vn 0.835519 -0.0983223 -0.540593
v 0.080043 -0.000676 -4.3606
vn -0.267388 -0.94219 -0.201946
v 0.077439 0.009738 -4.38768
vn -0.229928 -0.931212 -0.282804
v -0.189698 -0.001718 -4.16533
vn -0.667949 -0.558848 -0.49146
v -0.501098 0.148775 -4.28093
vn -0.9155 -0.2632 -0.304279
v 0.006619 0.040462 -4.42309
vn -0.461465 -0.85058 -0.252119
v 0.144093 -0.033483 -4.32363
vn -0.381313 -0.821366 -0.424215
v -0.425071 0.15971 -4.3856
vn -0.583333 -0.379206 -0.71828
v -0.616701 0.135756 -4.27572
vn -0.11184 -0.968161 -0.223956
v -0.081385 0.149295 -4.68919
vn 0.0782439 -0.958877 -0.272825
v -0.002754 -0.007967 -4.24031
vn -0.444662 -0.623924 -0.642646
v 0.004015 0.01078 -4.31842
vn -0.318966 -0.882357 -0.345987
v -0.121482 0.061291 -4.32155
vn 0.621335 -0.263401 -0.737945
v -0.416739 0.217512 -4.60379
vn -0.28542 -0.948171 -0.139667
v -0.068888 0.057646 -4.41528
vn -0.307615 -0.901142 -0.305478
v -0.54484 0.232613 -4.48141
vn -0.492467 -0.649533 -0.579296
v 0.023282 0.135236 -4.62357
vn 0.160807 -0.494241 -0.854323
v -0.333942 0.191996 -4.64492
vn -0.0616931 -0.994939 -0.0793086
v -0.150122 -0.028796 -4.16272
vn -0.524883 -0.722603 -0.449825
v -0.182929 0.046711 -4.28926
vn -0.320313 -0.869505 -0.37598
v -0.487559 0.062333 -4.10544
vn 0.0371154 -0.957572 -0.285795
v -0.207924 0.099826 -4.37102
vn 0.159054 -0.974373 -0.159054
v -0.392264 0.061812 -4.1195
vn 0.0230296 -0.966816 -0.254435
v -0.356334 0.184185 -4.65638
vn 0.301467 -0.939143 0.164703
v -0.486517 0.161793 -4.30592
vn -0.135203 -0.905563 0.402089
v -0.610452 0.130549 -4.23875
vn -0.265432 -0.876106 -0.402473
v -0.345919 0.050356 -4.10804
vn -0.259093 -0.965738 0.014852
v -0.294366 0.188871 -4.67929
vn 0.128492 -0.708586 0.693827
v -0.108984 0.147733 -4.69075
vn -0.12369 -0.93512 -0.33204
v -0.090759 0.099305 -4.50328
vn -0.145716 -0.919779 -0.36438
v -0.315195 0.178977 -4.66992
vn 0.70363 -0.682017 0.199393
v -0.520886 0.157627 -4.34654
vn -0.17738 -0.827829 -0.532198
v -0.067326 0.026402 -4.30592
vn -0.377131 -0.843087 -0.383375
v -0.374559 0.15242 -4.42309
vn -0.397559 -0.866274 0.302518
v -0.179284 0.139402 -4.58504
vn -0.0390654 -0.9167 -0.397662
v -0.242293 0.108157 -4.36633
vn 0.295506 -0.947355 0.123263
v -0.387578 0.214387 -4.75844
vn -0.156485 -0.813423 -0.560229
v -0.255832 0.026402 -4.12523
vn -0.439972 -0.877512 -0.190778
v -0.042851 0.148254 -4.64597
vn 0.937621 -0.160329 -0.308483
v -0.353209 0.117531 -4.37883
vn -0.263049 -0.807687 -0.52768
v -0.336025 0.057125 -4.16533
vn -0.217891 -0.958774 -0.182417
v -0.363103 0.156586 -4.44184
vn 0.291304 -0.949562 -0.116074
v -0.423508 0.210221 -4.67981
vn -0.163135 -0.981553 -0.0997067
v 0.119098 -0.030879 -4.30853
vn -0.403039 -0.82876 -0.388222
v -0.464126 0.206056 -4.672
vn 0.0551599 -0.973788 0.220666
v -0.327693 0.072747 -4.23562
vn -0.225474 -0.935631 -0.27158
v 0.037342 -0.014215 -4.27676
vn -0.111866 -0.914652 -0.388455
v 0.132116 0.039941 -4.54182
vn -0.384003 -0.854936 -0.348751
v -0.691166 0.137839 -4.11482
vn -0.796318 -0.55239 -0.24646
v -0.583374 0.172208 -4.26166
vn -0.547591 -0.832666 0.0825329
v -0.250624 0.15971 -4.58191
vn -0.593922 -0.735559 -0.325898
v -0.112629 0.052439 -4.35539
vn -0.207793 -0.957043 -0.202214
v -0.419863 0.221157 -4.77146
vn 0.0949608 -0.792865 -0.601953
v 0.162319 0.044107 -4.53088
vn 0.838722 -0.479845 -0.257477
v -0.500577 0.205535 -4.45329
vn -0.272583 -0.958993 0.0776619
v -0.040768 0.004531 -4.26479
vn -0.474825 -0.606051 -0.638156
v 0.075877 0.108157 -4.60847
vn -0.169003 -0.494582 -0.852541
v -0.078261 -0.003801 -4.25541
vn -0.305507 -0.704743 -0.640314
v -0.296449 0.170646 -4.54911
vn -0.548042 -0.834404 -0.0584851
v -0.300615 0.122738 -4.3429
vn -0.627606 -0.776905 0.0502996
v -0.11992 0.176374 -4.78865
vn 0.139118 -0.97975 -0.144003
v -0.066805 0.097222 -4.52255
vn -0.270981 -0.941381 -0.200924
v -0.384974 0.112323 -4.34446
vn -0.663963 -0.531145 -0.526343
v -0.178763 0.062853 -4.2575
vn -0.528778 -0.4532 0.717637
v -0.412052 0.097222 -4.22834
vn 0.371304 -0.905571 -0.20512
v -0.536508 0.128987 -4.2148
vn -0.66116 -0.493865 0.564769
v -0.29697 0.174811 -4.59181
vn -0.304473 -0.952217 0.0240533
v -0.135542 0.147213 -4.64232
vn 0.152533 -0.868982 -0.470748
v -0.237085 0.186268 -4.8251
vn -0.0558523 -0.997932 -0.0318113
v 0.183148 0.024319 -4.48922
vn 0.513161 -0.821826 -0.247524
v -0.560462 0.157106 -4.24448
vn -0.489486 -0.612381 -0.620801
v -0.570356 0.218032 -4.50016
vn -0.507725 -0.824629 -0.249404
v -0.237085 0.176894 -4.71522
vn 0.0566419 -0.996547 -0.0607149
v -0.106381 0.043586 -4.29863
vn -0.309275 -0.661413 -0.683287
v -0.24021 0.15242 -4.59649
vn -0.169112 -0.966369 -0.193735
v -0.504743 0.136798 -4.3455
vn -0.201087 -0.904066 -0.377131
v -0.076699 0.13159 -4.59545
vn -0.308082 -0.931476 -0.193487
v -0.356854 0.078475 -4.22938
vn -0.560466 -0.815281 0.145581
v 0.015471 0.030047 -4.40591
vn -0.431636 -0.862788 -0.263224
v -0.446941 0.220636 -4.71054
vn 0.426958 -0.656967 -0.62137
v 0.072231 0.036296 -4.47048
vn -0.210858 -0.922757 -0.322582
v -0.126689 0.036817 -4.26583
vn 0.418144 -0.869454 -0.263069
v -0.307384 0.088369 -4.3179
vn -0.325342 -0.907788 -0.264712
v -0.496411 0.189392 -4.4033
vn -0.335528 -0.835627 -0.434912
v -0.409448 0.125862 -4.29343
vn -0.190724 -0.956832 0.21931
v -0.282389 0.168042 -4.63451
vn -0.121582 -0.907499 -0.402074
v 0.164402 0.007135 -4.4184
vn -0.0637366 -0.982051 -0.177522
v -0.494849 0.113365 -4.28145
vn -0.702313 -0.506092 -0.500627
v -0.380808 0.176894 -4.56629
vn -0.17032 -0.901102 -0.398755
v -0.236564 0.112323 -4.39757
vn -0.232607 -0.8803 -0.413481
v -0.324569 0.197203 -4.66836
vn 0.219285 -0.974146 0.0543435
v -0.178763 0.101388 -4.38351
vn -0.768406 -0.548737 0.329302
v -0.491725 0.048794 -4.07472
vn 0.100983 -0.898717 -0.426744
v -0.412573 0.173249 -4.52099
vn -0.167357 -0.934735 -0.313467
v -0.222505 0.177415 -4.67044
vn -0.149465 -0.983826 -0.0987238
v -0.486517 0.087849 -4.1997
vn 0.244001 -0.969428 -0.0259235
v -0.576084 0.148254 -4.33144
vn -0.476309 -0.838254 -0.265444
v -0.345398 0.179498 -4.52724
vn -0.592424 -0.756077 -0.278173
v -0.55942 0.08889 -4.16272
vn -0.216243 -0.962114 -0.166059
v 0.168567 0.015467 -4.46891
vn -0.139652 -0.916553 -0.374738
v -0.180846 0.099305 -4.41736
vn -0.276188 -0.945492 -0.172528
v -0.239168 0.048273 -4.22
vn -0.351752 -0.906614 -0.23307
v -0.156371 0.027964 -4.26218
vn -0.242165 -0.920691 -0.30608
v -0.560462 0.248756 -4.57775
vn 0.244469 -0.957535 -0.152843
v -0.242813 0.030047 -4.16428
vn -0.405592 -0.82641 -0.390565
v 0.042029 -0.022026 -4.21896
vn 0.817521 -0.569116 -0.0881293
v -0.379767 0.105554 -4.25229
vn -0.419449 -0.899218 -0.124377
v -0.285514 0.090973 -4.24864
vn 0.0409453 -0.771779 -0.634572
v -0.165224 0.040462 -4.28457
vn -0.153109 -0.905532 -0.395689
v -0.091279 0.139402 -4.65846
vn -0.137275 -0.960992 -0.240102
v -0.107943 0.009738 -4.2601
vn -0.117564 -0.905064 -0.408703
v 0.174296 0.009738 -4.44965
vn 0.0548181 -0.996568 -0.0620223
v -0.060556 0.152941 -4.69543
vn 0.41469 -0.845483 -0.336437
v -0.437047 0.132632 -4.36373
vn 0.17662 -0.983202 0.046031
v -0.459439 0.185747 -4.35592
vn -0.562066 -0.784402 -0.262288
v -0.329776 0.120655 -4.28457
vn 0.276869 -0.806803 0.521932
v -0.402679 0.194599 -4.55015
vn -0.359251 -0.857892 -0.367369
v -0.252707 0.18106 -4.76677
vn -0.307216 -0.922147 -0.235082
v -0.438089 0.110761 -4.18459
vn -0.0305841 -0.752679 0.657677
v -0.218339 0.198765 -4.85374
vn -0.479443 -0.787503 -0.387265
v -0.508909 0.231051 -4.53661
vn -0.0584608 -0.564074 -0.823652
v -0.120961 0.075872 -4.35539
vn 0.780052 -0.522221 -0.34468
v -0.073574 0.118051 -4.57358
vn -0.310936 -0.934289 -0.174423
v -0.125648 0.126383 -4.5689
vn -0.255293 -0.960576 -0.110083
v -0.441213 0.082121 -4.17678
vn -0.2888 -0.95576 -0.0558298
v -0.537029 0.240945 -4.5288
vn -0.25404 -0.952452 -0.168223
v 0.160756 0.023798 -4.50016
vn -0.325448 -0.844392 -0.425541
v -0.323006 0.209701 -4.79594
vn -0.435837 -0.874046 -0.214683
v -0.018897 0.065457 -4.46631
vn -0.359001 -0.858814 -0.365455
v -0.637531 0.105554 -4.14502
vn -0.284522 -0.9075 -0.309017
v -0.147519 -0.004842 -4.20282
vn -0.511657 -0.763471 -0.394107
v -0.236564 0.160231 -4.61472
vn -0.140368 -0.930088 -0.339461
v -0.047538 -0.001718 -4.21375
vn -0.238277 -0.958297 -0.15777
v -0.128252 0.123259 -4.54807
vn -0.11616 -0.952207 -0.282505
v -0.262601 0.179498 -4.67721
vn 0.0331603 -0.983205 -0.179469
v -0.591706 0.132632 -4.1346
vn -0.0288434 -0.809189 -0.58684
v -0.098049 0.134194 -4.62566
vn -0.293555 -0.930961 -0.217112
v -0.348522 0.087328 -4.20594
vn -0.684074 -0.725938 0.0711091
v -0.27562 0.167521 -4.55952
vn 0.20249 -0.684436 -0.70039
v 0.057651 0.022757 -4.4132
vn -0.22212 -0.925901 -0.305565
v -0.307384 0.13836 -4.46996
vn -0.423452 -0.713366 -0.558388
v -0.348522 0.171687 -4.50693
vn -0.539512 -0.796746 -0.272255
v -0.464126 0.232613 -4.59389
vn -0.330068 -0.852139 -0.406096
v -0.133459 0.084724 -4.38143
vn -0.926272 0.206689 -0.315118
v -0.095445 -0.009529 -4.23198
vn -0.202472 -0.893553 -0.40071
v -0.413614 0.066499 -4.15074
vn -0.136733 -0.983119 -0.121582
v 0.107121 0.006093 -4.40122
vn -0.139088 -0.942513 -0.303849
v -0.485997 0.222198 -4.6569
vn -0.60912 -0.773035 0.177174
v -0.434444 0.188871 -4.48037
vn -0.179573 -0.963219 0.199905
v -0.475061 0.203973 -4.70429
vn -0.228456 -0.93788 0.261131
v -0.541715 0.080038 -4.14398
vn -0.159278 -0.962582 -0.21924
v -0.093362 0.03942 -4.31269
vn -0.507774 -0.76322 -0.399574
v -0.272495 0.190954 -4.76834
vn -0.0140557 -0.987097 -0.159508
v -0.50943 0.083162 -4.1747
vn -0.250988 -0.763258 -0.59535
v -0.214694 0.187309 -4.73605
vn 0.727764 -0.299878 -0.616792
v 0.061817 0.007135 -4.36945
vn -0.257825 -0.910919 -0.322108
v -0.558899 0.057646 -4.0617
vn -0.611117 -0.773682 -0.16719
v -0.627116 0.196162 -4.34706
vn -0.640737 0.330509 -0.692979
v 0.017554 -0.01734 -4.22781
vn -0.230077 0.111044 -0.966816
v -0.168348 0.129508 -4.53973
vn -0.439086 -0.87497 -0.204038
v -0.553692 0.236779 -4.53713
vn -0.175726 -0.637761 -0.749921
v -0.586498 0.072227 -4.06482
vn -0.263856 -0.946257 -0.187025
v -0.423508 0.106074 -4.29707
vn -0.180001 -0.919503 -0.349447
v -0.727618 0.09566 -4.06639
vn -0.398505 -0.353544 -0.846286
v -0.177721 0.114927 -4.47516
vn -0.106923 -0.993394 0.0416737
v -0.171993 0.031089 -4.25177
vn -0.366121 -0.852764 -0.37249
v -0.469333 0.176374 -4.38664
vn -0.162347 -0.795442 0.58388
v -0.546402 0.171166 -4.33977
vn -0.13155 -0.811982 -0.568665
v -0.610973 0.147213 -4.32571
vn -0.017625 -0.949188 -0.314215
v -0.407366 0.11701 -4.23406
vn -0.232717 -0.94146 -0.243918
v -0.604203 0.199807 -4.41788
vn -0.413984 -0.644749 -0.642586
v 0.153466 -0.007446 -4.37987
vn 0.0204602 -0.871546 -0.489887
v 0.009223 -0.018381 -4.2601
vn -0.452677 -0.627277 -0.633725
v 0.060255 -0.018902 -4.27104
vn 0.103217 -0.986975 -0.123396
v -0.550568 0.208139 -4.49964
vn -0.0284717 -0.709217 -0.704415
v -0.344357 0.194599 -4.66419
vn -0.727184 -0.682247 -0.0757779
v -0.203758 0.038379 -4.23771
vn -0.204734 -0.777189 -0.595031
v -0.243855 0.0816 -4.24292
vn -0.903566 -0.426988 -0.0353612
v -0.154288 0.039941 -4.23927
vn -0.649271 -0.704085 -0.287594
v 0.114932 0.020674 -4.4559
vn -0.168316 -0.954461 -0.24632
v -0.416739 0.161272 -4.40018
vn -0.586553 -0.803673 -0.100325
v -0.374559 0.106595 -4.21948
vn -0.131641 -0.973361 0.187721
v -0.239168 0.009738 -4.09971
vn -0.556898 -0.826979 -0.0772702
v 0.046195 0.063895 -4.51161
vn -0.514197 -0.833202 0.20341
v -0.338629 0.198765 -4.71314
vn -0.245869 -0.952666 -0.178816
v -0.261039 0.118051 -4.43611
vn -0.0907977 -0.991883 0.0890171
v 0.024324 0.109199 -4.5991
vn -0.135683 -0.702862 -0.698266
v 0.121701 0.009738 -4.41788
vn -0.0910939 -0.95846 -0.270288
v -0.092321 -0.000156 -4.21011
vn 0.417721 -0.825625 -0.37928
v -0.581812 0.167 -4.30488
vn -0.487789 -0.369142 -0.791073
v 0.035259 0.08889 -4.58139
vn -0.174411 -0.803636 -0.568991
v -0.079302 0.062853 -4.4033
vn -0.479957 -0.812136 -0.331779
v -0.540674 0.25865 -4.59493
vn -0.0435111 -0.914547 -0.402133
v -0.551088 0.185747 -4.35331
vn -0.635926 -0.769663 0.0567127
v -0.441734 0.211263 -4.74022
vn 0.521353 -0.849215 -0.0838152
v -0.293845 0.198245 -4.81312
vn -0.252264 -0.956369 -0.147383
v 0.013388 0.026923 -4.38872
vn -0.385557 -0.904362 -0.182964
v -0.24021 0.186788 -4.77771
vn -0.026393 -0.96596 -0.257341
v -0.112109 0.101909 -4.50797
vn -0.315785 -0.893926 -0.318083
v -0.355292 0.205014 -4.74803
vn -0.187428 -0.911003 -0.367349
v -0.353209 0.169604 -4.45954
vn -0.642359 -0.755223 0.130431
v -0.502139 0.155544 -4.31061
vn -0.298694 -0.945335 -0.130859
v -0.352688 0.234175 -4.82249
vn -0.591333 -0.729365 -0.344024
v -0.584415 0.097743 -4.16533
vn -0.370525 -0.890914 -0.262647
v -0.497453 0.201369 -4.48141
vn 0.0577662 -0.703595 -0.708249
v -0.026708 0.008176 -4.28353
vn -0.214428 -0.976714 -0.00704363
v -0.270412 0.094098 -4.22781
vn 0.341832 -0.922419 0.179706
v -0.312592 0.133153 -4.44913
vn -0.593445 -0.709485 -0.380071
v 0.140448 -0.002238 -4.38924
vn -0.0706677 -0.92287 -0.378572
v -0.356334 0.185747 -4.54963
vn -0.084781 -0.996224 0.0187228
v -0.052224 0.127945 -4.61212
vn 0.52734 -0.651785 -0.545058
v -0.085031 -0.0314 -4.20022
vn -0.220099 -0.840901 -0.49441
v -0.452149 0.185226 -4.42621
vn -0.871428 -0.476831 -0.115085
v -0.213652 0.106074 -4.39133
vn -0.189037 -0.929667 -0.316204
v -0.455273 0.052439 -4.06482
vn 0.348108 -0.907946 -0.233354
v -0.141791 0.168563 -4.76417
vn -0.0625699 -0.963896 -0.258822
v 0.005577 0.018591 -4.34342
vn -0.346515 -0.885439 -0.309719
v -0.307905 0.194079 -4.67148
vn 0.718986 -0.661397 -0.213572
v -0.583374 0.208659 -4.4559
vn -0.547085 -0.755116 -0.361244
v -0.033998 0.043586 -4.37102
vn -0.227134 -0.25414 -0.940119
v -0.481831 0.105033 -4.14398
vn -0.160673 -0.980765 -0.110838
v -0.044934 -0.012653 -4.25021
vn -0.0716528 -0.968631 -0.23795
v -0.028791 -0.015778 -4.21896
vn 0.0738723 -0.79127 -0.606988
v -0.102736 0.036296 -4.28301
vn -0.64529 -0.30058 -0.702319
v -0.259477 0.037858 -4.16064
vn -0.284909 -0.891129 -0.353152
v -0.33238 0.184185 -4.5892
vn -0.0572114 -0.977574 0.202671
v -0.600558 0.136798 -4.28093
vn -0.0708695 -0.98865 -0.132472
v -0.106381 0.059729 -4.33456
vn -0.0475947 -0.917413 0.395081
v -0.674503 0.1243 -4.16116
vn -0.677137 -0.602143 -0.422977
v 0.17742 -0.000156 -4.39237
vn -0.153032 -0.88289 -0.443943
v -0.104298 0.078475 -4.39341
vn -0.504784 -0.854661 -0.121437
v -0.353209 0.224281 -4.79542
vn -0.443304 -0.83052 -0.337221
v -0.044934 0.065457 -4.40278
vn 0.530851 -0.492352 -0.689773
v -0.504743 0.051397 -4.08409
vn -0.00102502 -0.902248 -0.431216
v -0.300615 0.183143 -4.71314
vn 0.306317 -0.906346 -0.291044
v -0.446421 0.22324 -4.68242
vn -0.474841 -0.538151 0.696362
v -0.364145 0.219595 -4.77459
vn -0.324425 -0.81589 -0.478614
v -0.275099 0.127945 -4.4184
vn -0.657819 -0.630552 0.41192
v -0.436527 0.065457 -4.13408
vn -0.124937 -0.976872 -0.173527
v -0.473499 0.050356 -4.07316
vn 0.00616256 -0.893584 -0.448854
v -0.372476 0.203973 -4.74178
vn -0.162865 -0.94594 -0.280487
v 0.1493 0.040983 -4.5465
vn -0.16089 -0.813202 -0.559301
v -0.600038 0.112844 -4.21532
vn -0.152226 -0.957093 -0.246575
v -0.087634 0.091494 -4.48766
vn -0.18983 -0.913396 -0.3601
v -0.16262 0.102429 -4.44965
vn -0.278018 -0.89213 -0.356103
v 0.140969 0.013384 -4.44027
vn -0.140941 -0.947216 -0.287953
v -0.342274 0.141484 -4.39341
vn -0.262829 -0.744785 -0.613365
v -0.296449 0.037858 -4.08409
vn -0.321409 -0.945089 0.0591932
v -0.303739 0.065978 -4.09867
vn -0.260009 -0.900767 0.34787
v 0.121701 -0.0314 -4.2903
vn -0.214703 -0.526721 0.822477
v -0.137104 0.065978 -4.333
vn 0.356641 -0.923544 -0.140974
v -0.358937 0.107637 -4.26531
vn -0.0467758 -0.998826 0.0125647
v -0.173555 0.159189 -4.68294
vn -0.262939 -0.924809 -0.274937
v -0.494849 0.234175 -4.56317
vn -0.222073 -0.877984 -0.424061
v -0.048058 0.156586 -4.66419
vn 0.697952 -0.65949 -0.27917
v 0.047236 0.03942 -4.45225
vn -0.293533 -0.911429 -0.288333
v -0.525572 0.043065 -4.06222
vn -0.0874565 -0.655716 -0.749925
v -0.437568 0.219074 -4.60743
vn -0.235197 -0.964953 0.116399
v -0.421425 0.172729 -4.43663
vn -0.00646636 -0.904294 -0.42686
v -0.113671 0.146171 -4.67044
vn -0.255462 -0.934394 -0.24829
v -0.033478 0.031609 -4.31269
vn -0.61468 -0.00434433 -0.788764
v -0.38185 0.06025 -4.13148
vn -0.134109 -0.978719 -0.155321
v -0.202196 0.164397 -4.66992
vn -0.0527817 -0.94959 -0.30902
v -0.36831 0.194599 -4.71678
vn -0.441187 -0.868916 -0.224364
v -0.434965 0.096701 -4.14241
vn 0.183219 -0.932903 0.310037
v -0.45267 0.212304 -4.76938
vn 0.0534288 -0.807587 -0.587324
v -0.079823 -0.012653 -4.19449
vn -0.504179 -0.848716 -0.159642
v -0.431319 0.094618 -4.27572
vn -0.277199 -0.905747 -0.320598
v -0.414135 0.078996 -4.20334
vn -0.178531 -0.956187 -0.232018
v 0.069628 0.078475 -4.5741
vn -0.318355 -0.848033 -0.423662
v -0.064201 0.117531 -4.61003
vn -0.0717896 -0.855579 -0.51267
v -0.130855 0.156586 -4.72043
vn -0.0147376 -0.999077 -0.0403599
v -0.039206 0.024319 -4.34342
vn -0.189923 -0.903595 -0.383985
v -0.131897 0.140443 -4.59337
vn -0.701941 -0.67668 -0.222222
v -0.149081 0.11024 -4.43611
vn -0.890705 -0.446335 0.0861902
v -0.424029 0.214387 -4.7147
vn 0.0799196 -0.996759 0.00913951
v -0.104818 0.059208 -4.36737
vn -0.747281 -0.653932 -0.118087
v -0.530259 0.068061 -4.1044
vn -0.184794 -0.904242 -0.384965
v -0.494849 0.085245 -4.18043
vn 0.0158651 -0.970355 -0.241165
v -0.119399 -0.053791 -4.15491
vn -0.352569 -0.665377 -0.658003
v -0.362582 0.206056 -4.72616
vn -0.76595 -0.173809 -0.61896
v 0.061296 0.120134 -4.61732
vn -0.216167 -0.681446 -0.699216
v -0.047538 0.077955 -4.46891
vn -0.281266 -0.915191 -0.288643
v -0.304781 0.181581 -4.63451
vn -0.248686 -0.943587 -0.218629
v -0.349043 0.101909 -4.35696
vn -0.158595 -0.987272 -0.0119248
v 0.082125 0.030047 -4.4585
vn -0.256389 -0.876832 -0.406732
v -0.459439 0.164397 -4.38924
vn -0.318546 -0.927177 -0.197159
v -0.564628 0.111803 -4.18511
vn -0.634985 -0.53526 -0.557038
v -0.675023 0.132632 -4.11586
vn -0.272119 -0.714855 -0.644154
v 0.055568 0.098263 -4.59545
vn -0.213488 -0.743753 -0.633446
v -0.507347 0.169604 -4.28093
vn -0.0262402 -0.965818 0.257891
v -0.038164 0.100346 -4.56733
vn -0.293509 -0.919774 -0.260516
v 0.086812 0.010259 -4.4007
vn -0.233482 -0.936836 -0.26043
v -0.562545 0.072747 -4.10492
vn -0.176876 -0.966352 -0.186761
v -0.549526 0.109199 -4.19553
vn -0.609567 -0.0984734 -0.786595
v -0.532342 0.20918 -4.47568
vn 0.433823 -0.675523 -0.596209
v -0.596913 0.195641 -4.35279
vn -0.515293 -0.572192 0.63802
v -0.268329 0.040983 -4.07055
vn -0.442494 -0.214101 -0.870838
v -0.213652 0.17377 -4.72824
vn -0.0834413 -0.953656 -0.289098
v -0.277182 0.167521 -4.54026
vn -0.721187 -0.60541 -0.336701
v -0.283951 0.164918 -4.61889
vn -0.463726 -0.869157 0.171824
v 0.050361 0.085766 -4.57879
vn -0.0549316 -0.833171 -0.550281
v -0.341232 0.101388 -4.25958
vn -0.222845 -0.55311 -0.802751
v -0.054828 0.1243 -4.63815
vn -0.585455 -0.810333 -0.0245623
v -0.26885 0.185747 -4.73345
vn 0.192163 -0.958086 0.212472
v 0.04984 -0.025672 -4.23198
vn 0.16739 -0.985623 0.0229904
v 0.00714 0.009218 -4.29291
vn 0.173295 -0.87161 -0.458547
v -0.569314 0.163876 -4.25541
vn -0.394736 -0.88594 -0.243503
v -0.402158 0.061291 -4.06847
vn 0.181857 -0.961071 0.208015
v -0.223546 0.119614 -4.45381
vn 0.0553869 -0.996535 -0.0620539
v -0.572439 0.175853 -4.24344
vn -0.510233 -0.671048 0.537919
v -0.211569 0.091494 -4.34915
vn -0.218999 -0.8737 -0.434383
v -0.01369 0.094618 -4.5564
vn -0.429604 -0.807494 -0.40422
v -0.397992 0.214908 -4.73345
vn -0.0731912 -0.966181 -0.247258
v 0.015992 -0.039731 -4.19188
vn -0.12633 -0.918528 -0.374628
v -0.288638 0.111803 -4.33769
vn -0.537031 -0.843268 0.0222854
v -0.609411 0.10972 -4.18824
vn -0.131731 -0.983014 -0.127788
v -0.345919 0.114927 -4.32467
vn 0.346102 -0.938094 0.0138961
v -0.529738 0.182102 -4.36164
vn -0.0410443 -0.374461 -0.926334
v -0.244375 0.148254 -4.57358
vn -0.29007 -0.939984 -0.179695
v -0.440693 0.13836 -4.37779
vn -0.0275738 -0.976519 -0.213659
v -0.103777 0.043586 -4.34498
vn -0.139118 -0.936663 -0.321416
v -0.214173 0.020674 -4.14554
vn -0.194567 -0.921914 0.33499
v -0.370393 0.205535 -4.69543
vn -0.254649 -0.932783 -0.255086
v -0.206362 0.080558 -4.32311
vn -0.555255 -0.69513 -0.456603
v -0.193864 0.01078 -4.15387
vn -0.833972 -0.498493 -0.236634
v -0.12721 0.115448 -4.51943
vn -0.208856 -0.930569 -0.300701
v -0.025667 0.027964 -4.36216
vn -0.143202 -0.902355 -0.406507
v -0.388619 0.208659 -4.697
vn -0.167791 -0.981769 0.0893121
v -0.26885 0.04619 -4.18199
vn -0.278572 -0.934052 -0.223484
v -0.431319 0.21647 -4.57098
vn -0.292318 -0.938972 -0.181331
v -0.398513 0.123779 -4.30905
vn 0.665607 -0.718613 0.2014
v -0.569314 0.212825 -4.47829
vn -0.593671 -0.767187 -0.242856
v -0.06316 0.072227 -4.42569
vn -0.686895 -0.151205 -0.710853
v -0.136063 0.020153 -4.2601
vn -0.496802 -0.813822 -0.301464
v -0.534425 0.054522 -4.08097
vn -0.328084 -0.853184 -0.405508
v -0.181367 -0.023589 -4.13148
vn -0.632149 -0.720253 -0.285697
v -0.528697 0.076393 -4.13668
vn -0.251669 -0.942685 -0.219108
v -0.274057 0.194079 -4.81
vn -0.240003 -0.970077 0.0367342
v -0.27562 0.178457 -4.71158
vn -0.196418 -0.975126 0.102712
v -0.372476 0.059729 -4.07524
vn -0.130592 -0.988081 0.0814932
v -0.523489 0.23782 -4.55015
vn -0.247031 -0.948429 -0.19864
v -0.314675 0.187309 -4.72251
vn -0.405782 -0.874606 -0.265341
v -0.054828 0.036817 -4.36477
vn -0.365011 -0.926022 -0.0961758
v -0.284472 0.031609 -4.09398
vn -0.332943 -0.941509 -0.0520607
v -0.256873 0.120655 -4.46058
vn -0.118424 -0.988176 -0.0973868
v -0.170431 0.144609 -4.5991
vn -0.162319 -0.975189 -0.150527
v -0.2048 0.14565 -4.5741
vn -0.387519 -0.921531 0.0247133
v -0.471937 0.154503 -4.3028
vn -0.561767 -0.823912 0.0747471
v -0.278744 0.037337 -4.13304
vn -0.19066 -0.952019 -0.239393
v 0.04255 0.043065 -4.46631
vn -0.205491 -0.952013 -0.226815
v 0.084208 -0.008487 -4.33925
vn -0.324902 -0.896556 -0.301041
v -0.159496 -0.015257 -4.17939
vn -0.465564 -0.697254 -0.545057
v -0.681793 0.149816 -4.14241
vn -0.586852 -0.560677 -0.584163
v -0.537549 0.105033 -4.21532
vn -0.186542 -0.957362 -0.22059
v 0.012868 0.092535 -4.57775
vn -0.124946 -0.862439 -0.490496
v -0.438089 0.184705 -4.43975
vn -0.0318414 -0.834313 -0.550371
v -0.026187 -0.049105 -4.17157
vn 0.12425 -0.818455 -0.560975
v -0.486517 0.242507 -4.60743
vn -0.0592937 -0.996576 0.057622
v -0.239689 0.186788 -4.8579
vn 0.117133 -0.986669 0.112979
v -0.330297 0.230009 -4.84697
vn -0.561482 -0.671986 -0.482879
v -0.544319 0.193037 -4.39393
vn 0.313439 -0.94875 -0.0403605
v -0.371435 0.11701 -4.2903
vn 0.112177 -0.992257 0.0533069
v 0.012868 -0.035566 -4.20646
vn -0.141409 -0.925175 -0.352213
v -0.043372 0.067019 -4.44496
vn -0.341552 -0.891834 -0.296605
v -0.107943 -0.004842 -4.21375
vn -0.309664 -0.932443 -0.18617
v 0.125346 0.022757 -4.47412
vn -0.343335 -0.939112 0.0137897
v -0.040768 -0.012653 -4.26479
vn 0.00137848 -0.885921 -0.463833
v -0.085031 0.117531 -4.58348
vn -0.193925 -0.973045 -0.124807
v -0.400596 0.061291 -4.08669
vn -0.056856 -0.99724 0.0477553
v -0.369873 0.208659 -4.75844
vn -0.144667 -0.892372 -0.427486
v -0.555254 0.138881 -4.32207
vn -0.185724 -0.923047 -0.336883
v -0.495891 0.107116 -4.25333
vn 0.171626 -0.839718 -0.515188
v -0.227191 0.100867 -4.3606
vn -0.785075 -0.614295 0.079365
v -0.470895 0.239903 -4.64076
vn -0.416377 -0.892936 0.17116
v -0.21209 0.148254 -4.59806
vn -0.291816 -0.875515 -0.385119
v -0.341232 0.189392 -4.60483
vn 0.38139 -0.921105 0.0781458
v -0.567231 0.196682 -4.39445
vn 0.734829 7.1411e-05 -0.678252
v 0.189397 0.008176 -4.42934
vn 0.0123187 -0.999345 -0.0340255
v -0.123044 0.086287 -4.41163
vn 0.00471802 -0.955158 -0.296061
v -0.232399 0.168563 -4.66159
vn -0.155877 -0.95173 -0.26441
v -0.145957 0.151378 -4.67408
vn -0.00550541 -0.994188 -0.107514
v -0.377684 0.059729 -4.11638
vn -0.0709648 -0.984461 -0.160626
v -0.085031 0.045148 -4.33196
vn -0.0402431 -0.999149 0.00900651
v -0.466209 0.094618 -4.25697
vn -0.334855 -0.882201 -0.331049
v -0.256352 0.167 -4.65742
vn -0.0833336 -0.977105 -0.195757
v -0.135542 0.175853 -4.80739
vn 0.100551 -0.987954 -0.117625
v -0.397472 0.162314 -4.42726
vn -0.326492 -0.816027 -0.476972
v -0.550568 0.250318 -4.55796
vn -0.304522 -0.910956 -0.278255
v -0.518282 0.187309 -4.40747
vn -0.243758 -0.952736 0.18132
v -0.119399 0.09566 -4.43923
vn -0.181785 -0.905356 -0.383776
v -0.352688 0.173249 -4.58244
vn 0.00378046 -0.999941 -0.0101662
v -0.420384 0.161793 -4.37154
vn 0.245124 -0.891144 0.381808
v -0.106901 0.119093 -4.57775
vn -0.566429 -0.706876 -0.423655
v -0.058994 0.135236 -4.65221
vn -0.435679 -0.899559 -0.0312645
v -0.161058 0.147733 -4.64909
vn -0.421947 -0.840865 0.338979
v -0.315716 0.152941 -4.47152
vn -0.767429 -0.617657 -0.171909
v -0.516199 0.238341 -4.62461
vn -0.336422 -0.90453 -0.262002
v -0.577125 0.070664 -4.08305
vn -0.325787 -0.934372 -0.144264
v -0.121482 0.104512 -4.48245
vn -0.368677 -0.922133 -0.117249
v 0.073794 0.094098 -4.59389
vn -0.347839 -0.797678 -0.492664
v -0.252707 0.01807 -4.0919
vn -0.357229 -0.914272 -0.191034
v -0.163662 0.096701 -4.42361
vn -0.441897 -0.882769 -0.159516
v -0.264163 0.092535 -4.29759
vn -0.115693 -0.918497 -0.378124
v -0.280827 0.168563 -4.59285
vn -0.413328 -0.90849 0.0616898
v -0.659922 0.13107 -4.18147
vn -0.473505 -0.767777 -0.431637
v -0.089717 0.168042 -4.74594
vn 0.153213 -0.935072 -0.319636
v -0.052745 -0.045459 -4.18355
vn 0.0546838 -0.894746 -0.443215
v -0.557858 0.064936 -4.07732
vn -0.154811 -0.944855 -0.288588
v -0.04181 0.012342 -4.31894
vn -0.28787 -0.896115 0.337799
v -0.158454 0.144088 -4.61889
vn -0.349992 -0.93182 -0.0960024
v -0.048058 0.068582 -4.41736
vn 0.575907 -0.790354 0.20898
v 0.192521 0.006093 -4.46214
vn -0.201114 -0.898089 -0.391139
v -0.317799 0.045148 -4.09867
vn -0.256869 -0.96304 0.0810721
v -0.264163 0.17377 -4.62878
vn -0.913116 0.25801 -0.315673
v -0.642738 0.210742 -4.35592
vn -0.929525 0.205667 -0.30608
v -0.181367 0.012863 -4.20855
vn -0.449608 -0.847857 -0.281054
v -0.397992 0.226364 -4.77146
vn -0.099519 -0.74264 -0.662256
v -0.661484 0.09566 -4.10961
vn -0.242974 -0.899616 -0.362843
v -0.009524 0.078475 -4.53088
vn -0.305382 -0.893149 -0.330193
v -0.246458 0.100346 -4.35175
vn 0.477596 -0.823063 -0.307359
v -0.221463 0.174291 -4.69387
vn -0.269068 -0.94411 -0.190417
v -0.118358 0.177936 -4.82353
vn -0.239352 -0.970569 0.0265658
v -0.082427 0.077955 -4.46162
vn -0.166731 -0.957047 -0.237196
v -0.37508 0.186788 -4.60483
vn -0.512271 -0.858789 -0.0076862
v -0.071491 0.050356 -4.37362
vn -0.54681 -0.489119 -0.67953
v -0.562545 0.236258 -4.45017
vn -0.619017 -0.64106 -0.453718
v -0.339149 0.168563 -4.47568
vn -0.00366181 -0.998094 -0.0616046
v -0.593268 0.177936 -4.35592
vn -0.46086 -0.375877 0.803943
v -0.63701 0.095139 -4.11169
vn -0.164097 -0.925539 -0.341248
v -0.16939 0.18054 -4.83239
vn -0.120142 -0.971361 -0.204999
v -0.66565 0.11024 -4.13617
vn -0.329305 -0.730156 -0.598691
v -0.116275 0.140964 -4.63763
vn -0.289217 -0.950563 -0.113064
v -0.104818 0.019632 -4.28457
vn 0.211025 -0.908885 -0.359717
v -0.093883 0.126904 -4.60951
vn -0.203404 -0.940407 -0.27251
v -0.592227 0.078996 -4.09346
vn -0.202003 -0.963206 -0.177283
v 0.125867 -0.025151 -4.32727
vn -0.294144 -0.895099 -0.335079
v -0.464126 0.091494 -4.08357
vn 0.420968 -0.907035 -0.00862201
v -0.28291 0.049314 -4.17887
vn -0.135962 -0.950017 -0.281036
v -0.528697 0.192516 -4.38195
vn -0.110765 -0.962943 -0.24591
v -0.315195 0.04619 -4.13304
vn -0.268035 -0.945423 -0.185291
v -0.183449 0.127945 -4.5163
vn -0.552287 -0.83295 -0.0342703
v -0.300615 0.065978 -4.2299
vn -0.13932 -0.955853 -0.258719
v -0.073054 0.142526 -4.6694
vn -0.232428 -0.950293 -0.207172
v -0.305822 0.177415 -4.61576
vn -0.353026 -0.935567 -0.00938401
v -0.2902 0.086807 -4.21167
vn 0.25482 -0.911251 -0.323555
v -0.313113 0.06077 -4.20646
vn -0.275064 -0.932374 -0.234559
v -0.62295 0.189392 -4.39862
vn -0.477174 -0.527828 -0.702639
v -0.136063 0.035775 -4.27728
vn -0.291897 -0.925848 -0.240004
v -0.120961 0.007135 -4.25385
vn -0.32987 -0.874375 -0.355886
v -0.183449 0.18054 -4.82614
vn -0.0661155 -0.977938 -0.198157
v -0.338108 0.090973 -4.14293
vn -0.844924 -0.328785 -0.421905
v -0.281348 0.196162 -4.6871
vn 0.571961 -0.409675 0.710652
v -0.22667 0.136277 -4.50172
vn -0.181598 -0.983089 0.0236351
v -0.13398 -0.009529 -4.20594
vn -0.337782 -0.772313 -0.537992
v -0.426633 0.135756 -4.37466
vn -0.146184 -0.987141 0.0646813
v -0.576084 0.227406 -4.56785
vn -0.351131 -0.93016 -0.107285
v -0.43861 0.084204 -4.20594
vn -0.0793819 -0.791454 -0.606052
v -0.173555 0.041503 -4.2726
vn 0.486525 -0.751466 0.445637
v -0.009524 0.024319 -4.34863
vn -0.131841 -0.943309 -0.304609
v -0.112629 -0.020464 -4.20282
vn -0.326085 -0.656909 -0.679808
v -0.026708 -0.032962 -4.20803
vn 0.146963 -0.799209 -0.582809
v -0.650549 0.163355 -4.35748
vn -0.563967 -0.449929 -0.692463
v -0.232399 0.183143 -4.87457
vn 0.090535 -0.963889 0.250443
v -0.120961 0.170125 -4.76677
vn 0.0946144 -0.951174 -0.293796
v -0.088155 0.008697 -4.23927
vn 0.816461 -0.569957 -0.0924127
v -0.330817 0.047231 -4.1169
vn -0.221514 -0.970021 -0.0999571
v -0.018897 0.039941 -4.39757
vn -0.398097 -0.888895 -0.22668
v -0.472978 0.195641 -4.75324
vn 0.256925 -0.933229 -0.251145
v -0.253749 0.136798 -4.47725
vn 0.0185108 -0.298249 -0.954309
v -0.415177 0.214387 -4.73241
vn -0.0295026 -0.997489 0.0643914
v -0.139187 0.171166 -4.74647
vn -0.0604395 -0.983898 0.168202
v -0.152205 0.158669 -4.7147
vn -0.0113035 -0.971769 -0.235663
v 0.050881 -0.011612 -4.3028
vn -0.113203 -0.886445 -0.448776
v -0.664088 0.200327 -4.29603
vn -0.981612 0.0924935 -0.166983
v -0.096487 0.106074 -4.51474
vn -0.138463 -0.926438 -0.350058
v -0.185532 0.10972 -4.43975
vn -0.249251 -0.965349 -0.0773036
v -0.227712 0.099826 -4.34394
vn -0.573256 -0.622941 -0.53228
v -0.287076 0.152941 -4.56056
vn -0.36865 -0.912793 -0.175803
v -0.059515 0.169604 -4.72303
vn 0.48323 -0.810927 -0.329978
v -0.214694 0.161793 -4.64492
vn -0.0533646 -0.974418 -0.218318
v -0.601079 0.120655 -4.23406
vn -0.214735 -0.906132 -0.364437
v 0.010785 0.113885 -4.60066
vn -0.0730331 -0.665791 -0.742556
v -0.578167 0.090973 -4.15283
vn -0.201873 -0.95483 -0.218052
v 0.083167 0.056084 -4.53505
vn -0.325242 -0.897606 -0.297523
v 0.024324 0.098263 -4.58764
vn -0.138743 -0.735791 -0.662844
v -0.363624 0.121696 -4.2778
vn 0.0438418 -0.878647 -0.475455
v -0.132417 0.168042 -4.73293
vn -0.429616 -0.88013 -0.201992
v -0.019939 0.113885 -4.60743
vn 0.0368205 -0.922052 -0.385311
v -0.581812 0.160752 -4.36789
vn -0.152257 -0.847662 -0.508219
v -0.337066 0.117531 -4.31009
vn 0.165419 -0.930511 -0.326781
v -0.45996 0.090452 -4.22157
vn 0.210279 -0.946326 -0.245458
v -0.164703 0.023798 -4.24135
vn -0.329087 -0.848175 -0.415091
v -0.199072 0.029526 -4.17626
vn -0.177542 -0.603056 -0.77769
v -0.203758 0.022236 -4.19449
vn -0.471154 -0.802313 -0.366481
v -0.433923 0.072747 -4.16533
vn -0.236596 -0.956719 -0.169442
v -0.501098 0.103992 -4.17522
vn 0.264057 -0.509041 0.819238
v -0.249062 0.155544 -4.60951
vn -0.0701562 -0.936389 -0.34388
v -0.178242 0.137839 -4.56421
vn -0.487946 -0.819282 0.301141
v -0.171993 0.168563 -4.75688
vn -0.155379 -0.969608 -0.188992
v -0.504222 0.240424 -4.59285
vn 0.214182 -0.976381 0.0283922
v -0.583374 0.18783 -4.4158
vn -0.379454 -0.766055 -0.51882
v -0.443817 0.100867 -4.132
vn -0.815869 -0.399934 0.417625
v 0.094623 0.01807 -4.43403
vn -0.196597 -0.935138 -0.29473
v -0.556817 0.196162 -4.45538
vn -0.392389 -0.861329 -0.322713
v -0.06316 -0.002759 -4.22157
vn -0.0085351 -0.825065 -0.564973
v -0.202717 0.192516 -4.85322
vn -0.266584 -0.883644 -0.384847
v -0.46725 0.064416 -4.11586
vn -0.00349539 -0.973448 -0.228881
v -0.654194 0.147213 -4.28874
vn -0.188959 -0.97169 0.141822
v -0.114712 0.026923 -4.2627
vn -0.137525 -0.819921 0.555712
v -0.461001 0.183143 -4.37727
vn -0.216464 -0.892798 -0.395037
v -0.478706 0.214387 -4.74022
vn -0.862867 -0.480904 0.155538
v 0.14201 0.007656 -4.41059
vn -0.0528933 -0.947381 -0.315708
v -0.15533 0.118572 -4.50432
vn -0.0559774 -0.983435 -0.1724
v -0.007962 0.105554 -4.59493
vn -0.00267739 -0.743006 -0.66928
v -0.198551 0.175332 -4.78344
vn -0.272317 -0.943272 -0.189953
v 0.023282 -0.007967 -4.28614
vn -0.788399 -0.178577 -0.588674
v -0.484434 0.044628 -4.06326
vn 0.107194 -0.908576 -0.403731
v -0.009524 0.07431 -4.5038
vn -0.35889 -0.908506 -0.214045
v -0.142832 0.13836 -4.62253
vn -0.0389793 -0.991019 -0.127917
v 0.171692 0.015467 -4.49131
vn 0.239442 -0.936641 -0.255679
v -0.307905 0.191996 -4.70116
vn -0.637844 -0.747904 -0.183833
v -0.069408 0.130549 -4.60795
vn 0.704958 -0.707368 -0.0516206
v -0.464646 0.117531 -4.19917
vn -0.482391 -0.827185 -0.288207
v -0.347481 0.215429 -4.78188
vn -0.406711 -0.818994 -0.404766
v -0.186574 0.150858 -4.60587
vn -0.652134 -0.661144 0.370957
v -0.402679 0.211784 -4.66211
vn -0.243292 -0.96838 -0.05522
v -0.366227 0.195641 -4.55171
vn 0.11363 -0.986896 -0.114563
v -0.11992 0.00349 -4.20334
vn -0.435781 -0.894019 -0.104042
v -0.108464 0.065978 -4.34706
vn -0.43696 -0.825982 0.356117
v -0.28291 0.180019 -4.64492
vn -0.327584 -0.832612 -0.446594
v -0.320403 0.170646 -4.53296
vn -0.748117 -0.365702 0.5537
v -0.333942 0.193037 -4.68502
vn -0.246914 -0.893046 -0.376169
v -0.230836 0.188351 -4.80375
vn -0.0634357 -0.997965 -0.00642344
v -0.351647 0.178977 -4.61212
vn 0.00156481 -0.951893 -0.306428
v -0.250104 0.103992 -4.3278
vn -0.443071 -0.896043 0.0282081
v -0.200113 0.020674 -4.1445
vn -0.320236 -0.888685 0.328159
v -0.318841 0.190954 -4.68554
vn -0.140408 -0.975394 -0.169975
v 0.047236 0.021195 -4.39914
vn -0.0769765 -0.935691 -0.34432
v -0.443817 0.203452 -4.52151
vn -0.739766 -0.486618 -0.464702
v 0.00037 0.139402 -4.62045
vn -0.485057 -0.0255595 -0.874109
v -0.303219 0.121176 -4.42257
vn -0.207813 -0.895929 -0.392586
v -0.478706 0.106074 -4.26687
vn -0.130727 -0.965974 -0.223171
v -0.338108 0.105033 -4.14293
vn -0.530611 -0.745557 0.403232
v -0.055869 0.00349 -4.28249
vn -0.553004 -0.831407 -0.0542991
v 0.069628 0.044107 -4.49339
vn -0.206672 -0.924927 -0.319056
v -0.306343 0.121696 -4.37154
vn 0.267091 -0.881245 -0.389962
v -0.190219 0.079517 -4.33509
vn -0.342398 -0.894893 -0.286235
v -0.363624 0.170125 -4.4736
vn 0.341592 -0.900615 -0.268715
v -0.031395 -0.014215 -4.20022
vn 0.223337 -0.971439 0.0801639
v -0.27562 0.168563 -4.60587
vn -0.589453 -0.806329 0.0487611
v -0.145436 0.01807 -4.19084
vn -0.0516488 0.0046933 -0.998654
v -0.315716 0.20189 -4.77615
vn -0.39057 -0.909326 -0.143459
v 0.025365 0.035254 -4.42465
vn -0.0519853 -0.95056 -0.306158
v -0.054828 0.023798 -4.31582
vn -0.680476 -0.692642 -0.239165
v -0.571918 0.188351 -4.32727
vn -0.444014 -0.832977 -0.330152
v -0.43861 0.14565 -4.40382
vn 0.00224999 -0.764412 -0.644724
v -0.210528 0.188351 -4.80427
vn -0.0542419 -0.986992 -0.151344
v -0.222505 0.15971 -4.6267
vn -0.24069 -0.941338 -0.236539
v -0.4032 0.206576 -4.59493
vn -0.56823 -0.811165 -0.138298
v 0.03578 0.082641 -4.5689
vn -0.197345 -0.886932 -0.41762
v -0.095966 0.176374 -4.77094
vn 0.3185 -0.880424 -0.351299
v -0.157413 0.026402 -4.22209
vn -0.752777 -0.221363 -0.61994
v -0.294366 0.127945 -4.44861
vn -0.253261 -0.927648 -0.274458
v -0.182408 0.06025 -4.31217
vn -0.314442 -0.679058 -0.66333
v -0.197509 0.099826 -4.3606
vn -0.30236 -0.909756 -0.284468
v -0.278223 0.193037 -4.78135
vn -0.192349 -0.969439 0.15228
v -0.031916 0.055042 -4.40278
vn -0.391398 -0.880431 -0.267674
v -0.146998 -0.025151 -4.17574
vn -0.449112 -0.811351 -0.374177
v -0.447983 0.077434 -4.19032
vn -0.111498 -0.96876 -0.221522
v -0.208965 0.105033 -4.40434
vn -0.285875 -0.929089 -0.234668
v -0.712516 0.122738 -4.07107
vn -0.739269 0.529835 -0.415639
v -0.560982 0.154503 -4.36164
vn 0.222736 -0.554383 -0.801903
v -0.497453 0.16648 -4.34394
vn -0.733075 -0.639153 -0.232561
v -0.657839 0.143047 -4.21323
vn -0.615737 -0.738408 -0.274994
v -0.516199 0.252401 -4.59858
vn -0.459798 -0.83627 -0.298728
v -0.348002 0.191475 -4.63555
vn 0.199412 -0.979845 -0.0117621
v -0.168348 0.048794 -4.2601
vn 0.476284 -0.861285 0.177038
v -0.044934 0.045148 -4.38612
vn -0.00958616 -0.806365 -0.59134
v -0.556296 0.249277 -4.54234
vn -0.460806 -0.808167 -0.366775
v -0.473499 0.153461 -4.32103
vn 0.424235 -0.892122 0.155379
v -0.038164 0.138881 -4.61628
vn 0.620589 0.117412 -0.775296
v -0.278223 0.171687 -4.65846
vn -0.177566 -0.979435 -0.0958008
v -0.089196 0.075872 -4.43403
vn -0.549353 -0.814288 -0.187472
v -0.328735 0.196682 -4.74647
vn -0.217192 -0.974453 0.0571701
v -0.143353 0.009218 -4.23146
vn -0.189326 -0.894935 -0.404038
v -0.367269 0.186268 -4.63919
vn 0.00148421 -0.974437 -0.224655
v -0.113671 0.01807 -4.27416
vn 0.224018 -0.972785 0.0592043
v -0.385495 0.153461 -4.39341
vn -0.394913 -0.918653 0.0109967
v -0.455794 0.062853 -4.10804
vn 0.0191846 -0.968505 -0.248255
v 0.030052 -0.000676 -4.32571
vn -0.49913 -0.841696 -0.205954
v -0.684397 0.108678 -4.13356
vn -0.619031 -0.60905 -0.495842
v -0.466209 0.225844 -4.57879
vn -0.308226 -0.912668 -0.26839
v -0.460481 0.160231 -4.34915
vn -0.0825701 -0.774287 -0.627425
v -0.323527 0.160752 -4.54494
vn -0.580763 -0.660834 -0.475408
v -0.369352 0.097743 -4.23302
vn -0.611539 -0.656024 0.442325
v -0.13398 0.007656 -4.21167
vn 0.137511 -0.944507 -0.298325
v -0.050141 -0.004321 -4.24031
vn -0.783243 -0.543467 0.301949
v 0.061817 0.055042 -4.5163
vn -0.281671 -0.898922 -0.335561
v -0.683355 0.102429 -4.10648
vn -0.213096 -0.92826 -0.304833
v -0.325089 0.197724 -4.71887
vn -0.443906 -0.876195 -0.187694
v -0.056911 0.066499 -4.39601
vn -0.554208 0.388249 -0.736285
v -0.561503 0.146171 -4.33769
vn -0.202071 -0.938472 -0.280067
v -0.187615 0.020674 -4.16376
vn 0.635167 -0.222223 -0.739716
v -0.009003 -0.029317 -4.21167
vn -0.234196 -0.81968 -0.522759
v 0.091499 0.086807 -4.59441
vn -0.113849 -0.766769 -0.631747
v -0.055349 -0.012653 -4.20959
vn 0.0216137 -0.942643 -0.333102
v -0.342794 0.104512 -4.12002
vn -0.676413 -0.717428 -0.166622
v 0.176899 0.005052 -4.40851
vn 0.00881861 -0.977357 -0.211414
v -0.479227 0.226885 -4.559
vn -0.463134 -0.825612 -0.32229
v -0.230836 0.085245 -4.3153
vn -0.438533 -0.898522 -0.0186507
v -0.485997 0.171166 -4.37206
vn -0.0668792 -0.861531 0.503281
v 0.143051 0.033692 -4.53661
vn -0.409185 -0.854924 -0.318861
v -0.136583 -0.04598 -4.15231
vn -0.40701 -0.73427 -0.543314
v -0.412573 0.072227 -4.18043
vn -0.232406 -0.934915 -0.268181
v -0.317278 0.159189 -4.45954
vn -0.485731 -0.668906 -0.562699
v -0.024105 -0.041294 -4.18251
vn 0.0348215 -0.911264 -0.410347
v -0.465688 0.214387 -4.64076
vn 0.0394733 -0.940441 0.337658
v -0.494328 0.174291 -4.38403
vn -0.573838 -0.609449 -0.547066
v -0.471937 0.118051 -4.17782
vn 0.404493 -0.789558 0.461502
v -0.471416 0.215429 -4.7246
vn 0.610831 -0.64275 -0.46234
v -0.452149 0.225844 -4.59077
vn -0.364797 -0.913156 -0.181852
v 0.017034 0.021715 -4.37258
vn -0.420945 -0.881214 -0.215099
v -0.541195 0.127945 -4.30592
vn -0.176479 -0.936451 -0.303174
v 0.076397 -0.022026 -4.25385
vn 0.133567 -0.990418 -0.0350963
v -0.264163 0.191475 -4.79854
vn -0.344491 -0.929499 -0.13175
v -0.037644 -0.041814 -4.1872
vn 0.0256774 -0.905168 -0.424278
v -0.229274 0.142005 -4.55275
vn -0.112917 -0.975631 -0.188134
v -0.343315 0.076393 -4.23354
vn -0.243972 -0.908195 -0.340087
v -0.43913 0.170125 -4.41215
vn -0.408311 -0.900745 -0.148126
v -0.385495 0.200848 -4.5715
vn -0.30809 -0.861289 -0.404056
v -0.046496 0.121176 -4.67513
vn 0.268321 -0.963134 -0.0193961
v 0.022241 0.005573 -4.27937
vn -0.886732 0.150393 -0.437136
v -0.298532 0.194079 -4.72876
vn -0.332935 -0.924998 -0.183121
v -0.265726 0.032651 -4.132
vn -0.375202 -0.911834 -0.166683
v -0.313633 0.114927 -4.40226
vn -0.240584 -0.882436 -0.404261
v -0.231878 0.1243 -4.47412
vn -0.264052 -0.787777 -0.556492
v -0.197509 0.171687 -4.72303
vn -0.456769 -0.824994 -0.332788
v -0.138146 0.180019 -4.82874
vn 0.0863096 -0.991191 -0.100458
v 0.047757 -0.016819 -4.26635
vn -0.21147 -0.956785 -0.199606
v -0.404241 0.061812 -4.12575
vn 0.0038715 -0.970013 -0.243024
v 0.128992 0.013384 -4.43403
vn -0.114114 -0.96037 -0.254297
v -0.555254 0.121696 -4.26218
vn -0.214044 -0.93225 -0.291712
v 0.115452 0.056084 -4.54546
vn -0.570726 -0.804592 -0.164026
v -0.086072 0.064416 -4.38351
vn -0.201817 -0.662021 -0.721802
v -0.209486 0.176374 -4.75948
vn -0.212154 -0.976997 -0.0216082
v -0.31103 0.195641 -4.74074
vn -0.165414 -0.983599 -0.0719125
v -0.271454 0.158148 -4.52984
vn -0.25299 -0.967326 -0.016613
v -0.113671 0.085766 -4.39966
vn 0.680824 -0.479468 -0.553705
v -0.344357 0.152941 -4.44704
vn -0.196855 -0.938206 -0.284637
v -0.155851 0.045669 -4.30072
vn -0.427265 -0.82952 -0.35964
v -0.148039 0.176374 -4.77354
vn -0.0596052 -0.987161 -0.148189
v -0.505785 0.227406 -4.52411
vn -0.516387 -0.741038 -0.429195
v -0.302698 0.186268 -4.66159
vn 0.315224 -0.942916 0.107445
v -0.584936 0.120655 -4.23458
vn -0.161471 -0.922876 -0.349609
v -0.290721 0.045148 -4.15752
vn -0.20298 -0.960793 -0.18888
v -0.218339 0.14565 -4.584
vn -0.103305 -0.936088 -0.336256
v -0.222505 0.032651 -4.19501
vn -0.440464 -0.844585 -0.304414
v -0.358416 0.118051 -4.31061
vn 0.0919437 -0.980386 -0.174325
v -0.177721 0.082121 -4.37466
vn -0.0979864 -0.991924 -0.0805269
v 0.17065 -0.011091 -4.37258
vn -0.0124501 -0.868662 -0.495248
v -0.531301 0.250318 -4.5741
vn -0.524345 -0.827655 0.200125
v -0.220942 0.143567 -4.54078
vn 0.0336497 -0.999349 0.0130425
v -0.144394 0.180019 -4.84541
vn -0.0667499 -0.983884 -0.165883
v 0.053485 0.066499 -4.53765
vn -0.214827 -0.892993 -0.39549
v -0.438089 0.14565 -4.32988
vn -0.245833 -0.943148 0.22369
v -0.118878 0.098263 -4.45329
vn -0.425108 -0.865172 -0.266009
v -0.61618 0.084204 -4.08669
vn -0.216528 -0.96225 -0.164893
v -0.21938 0.083162 -4.30697
vn -0.550929 -0.703106 -0.449577
v -0.262601 0.023278 -4.10128
vn -0.376508 -0.905749 -0.194577
v -0.420905 0.230009 -4.78135
vn 0.217693 -0.522372 -0.824462
v -0.051183 0.172729 -4.71314
vn 0.584847 -0.727574 -0.358595
v -0.428716 0.101909 -4.13044
vn 0.183219 -0.932903 0.310037
v -0.001192 0.077955 -4.51943
vn 0.367186 -0.915228 0.165928
v -0.407366 0.06077 -4.09815
vn -0.101292 -0.994512 0.0261696
v 0.147738 0.023278 -4.48818
vn -0.272539 -0.825633 -0.494016
v -0.138666 0.043586 -4.26687
vn -0.0381814 -0.996827 -0.0698479
v -0.48131 0.185226 -4.40643
vn 0.0552124 -0.817837 -0.572795
v -0.145436 0.127425 -4.5564
vn -0.174212 -0.927377 -0.331092
v -0.165224 0.15242 -4.67513
vn -0.0972084 -0.995071 -0.0195779
v -0.205841 -0.009529 -4.10648
vn -0.68121 -0.716651 -0.149547
v 0.157632 0.026923 -4.51266
vn 0.233162 -0.727738 -0.645006
v -0.472457 0.169604 -4.39757
vn -0.358693 -0.926455 -0.114105
v -0.191781 0.035254 -4.2424
vn -0.361197 -0.77859 -0.513161
v -0.270412 0.164397 -4.61836
vn -0.457257 -0.886764 -0.0675743
v -0.050662 0.098784 -4.55015
vn -0.298305 -0.932007 -0.205857
v -0.436527 0.21595 -4.75584
vn 0.434804 -0.900027 0.0299582
v -0.631802 0.155024 -4.3455
vn 0.0910803 -0.934151 -0.345059
v -0.206883 0.149816 -4.61524
vn -0.348442 -0.901653 -0.256144
v -0.148039 0.134715 -4.59077
vn -0.329908 -0.921431 -0.205245
v -0.493287 0.213346 -4.69283
vn -0.278385 -0.890525 0.359816
v -0.453711 0.044628 -4.05129
vn 0.522559 -0.711029 -0.470499
v -0.295928 0.194079 -4.78083
vn -0.0720195 -0.995628 -0.0594886
v -0.325089 0.21647 -4.81833
vn -0.50764 -0.853652 -0.116534
v -0.655235 0.118051 -4.15752
vn -0.356525 -0.880344 -0.312866
v -0.517241 0.189392 -4.48089
vn 0.18422 -0.777026 -0.601908
v -0.551088 0.068061 -4.09971
vn -0.244554 -0.910989 -0.332104
v -0.450066 0.107116 -4.27624
vn 0.065892 -0.940237 -0.334085
v 0.123264 0.036817 -4.49912
vn -0.269184 -0.906451 -0.325403
v -0.066805 0.026923 -4.28666
vn -0.947652 0.218473 -0.232865
v -0.442776 0.098263 -4.10128
vn -0.0586832 -0.961614 -0.268059
v -0.199592 0.049835 -4.27989
vn -0.364256 -0.879784 -0.305447
v -0.286034 0.133153 -4.47256
vn -0.220267 -0.600695 -0.768537
v 0.088895 0.042545 -4.49651
vn -0.248533 -0.924479 -0.289084
v -0.303219 0.039941 -4.11846
vn -0.297187 -0.946495 -0.125802
v 0.04307 -0.005363 -4.28562
vn 0.0453275 -0.730462 -0.681448
v -0.107943 0.013904 -4.23042
vn 0.0780078 -0.507179 -0.858303
v 0.055047 0.072747 -4.55275
vn -0.129451 -0.91157 -0.390235
v -0.26885 0.080558 -4.2023
vn -0.246212 -0.684219 -0.686458
v -0.257394 0.147733 -4.55327
vn -0.257953 -0.932183 -0.253961
v -0.143874 0.052439 -4.28145
vn 0.177832 -0.631146 -0.755004
v -0.466209 0.213867 -4.52984
vn 0.256755 -0.965591 -0.0413738
v -0.183449 0.073789 -4.32103
vn -0.207206 -0.82761 -0.521658
v -0.598996 0.127425 -4.25593
vn -0.149349 -0.942737 -0.298231
v -0.425591 0.207618 -4.54963
vn -0.547191 -0.419083 -0.724535
v -0.004317 0.000365 -4.27833
vn 0.20048 -0.952781 -0.228071
v -0.001713 0.049314 -4.43663
vn -0.426001 -0.857398 -0.288775
v -0.461522 0.158148 -4.37466
vn -0.597061 -0.79684 -0.0925416
v -0.534946 0.111803 -4.2476
vn -0.255339 -0.912924 -0.318389
v -0.629199 0.136798 -4.26218
vn -0.317233 -0.939954 -0.125893
v -0.540674 0.078996 -4.13096
vn -0.130323 -0.962352 -0.238527
v -0.326131 0.110761 -4.26843
vn -0.202931 -0.979143 0.00987418
v -0.193864 0.121176 -4.50172
vn -0.550259 -0.410904 -0.726892
v -0.31103 0.087328 -4.29707
vn -0.463902 -0.855139 -0.231371
v -0.266767 0.190434 -4.8402
vn -0.195739 -0.975067 0.104553
v 0.178982 0.009218 -4.43715
vn -0.0365465 -0.997469 0.0609962
v -0.48808 0.169604 -4.44756
vn -0.180207 -0.859144 -0.478954
v -0.333421 0.108157 -4.28926
vn -0.465295 -0.746661 0.475393
v -0.331859 0.046711 -4.08149
vn -0.266522 -0.961805 0.0624267
v -0.363103 0.055042 -4.11221
vn -0.218747 -0.974975 -0.0396644
v -0.323527 0.054522 -4.16272
vn -0.254375 -0.958934 -0.125457
v -0.293325 0.101388 -4.29603
vn -0.983929 0.156211 -0.0864965
v -0.152726 0.136277 -4.57566
vn -0.168594 -0.981525 -0.0904683
v -0.274578 0.106595 -4.36373
vn -0.184237 -0.972772 -0.140609
v -0.388098 0.164397 -4.4184
vn -0.230728 -0.933324 -0.275085
v -0.07045 0.082641 -4.45954
vn 0.0896897 -0.976609 -0.195422
v -0.126169 -0.029317 -4.18199
vn -0.262591 -0.829565 -0.492815
v -0.666692 0.177415 -4.26635
vn -0.972645 0.222071 0.0681687
v -0.476103 0.122217 -4.19345
vn 0.707192 -0.612083 -0.353885
v -0.524531 0.080558 -4.1497
vn -0.190072 -0.940819 -0.280592
v -0.233961 0.035775 -4.18564
vn -0.43139 -0.834541 -0.342701
v -0.471416 0.113885 -4.30124
vn -0.237887 -0.80457 -0.544129
v -0.41778 0.126383 -4.23146
vn -0.240278 -0.68731 0.685472
v -0.255832 0.028485 -4.13929
vn -0.419394 -0.883791 -0.20742
v -0.074095 -0.027754 -4.20907
vn -0.152819 -0.853672 -0.497885
v -0.531821 0.167 -4.35748
vn -0.0231255 -0.486476 -0.873388
v -0.364665 0.15971 -4.40538
vn 0.36491 -0.747576 0.554951
v -0.260518 0.183664 -4.71678
vn -0.305351 -0.930611 0.201802
v -0.213652 0.01078 -4.15387
vn -0.573849 -0.802426 -0.163738
v -0.451107 0.068061 -4.13356
vn -0.0827198 -0.967982 -0.236998
v -0.48808 0.070664 -4.1346
vn -0.0493616 -0.962164 -0.267961
v -0.545881 0.243549 -4.48818
vn -0.57253 -0.470264 -0.671611
v -0.456315 0.182623 -4.4132
vn -0.852922 -0.324612 -0.408842
v -0.393826 0.201369 -4.56109
vn -0.414502 -0.821986 -0.390547
v -0.519844 0.10295 -4.23458
vn -0.294021 -0.919721 -0.260127
v -0.327172 0.115968 -4.38247
vn -0.710191 -0.700161 -0.0735036
v -0.587019 0.169083 -4.38195
vn -0.17978 -0.853583 -0.488954
v -0.359458 0.122738 -4.39237
vn -0.207817 -0.914115 -0.348145
v -0.181367 0.153982 -4.63607
vn -0.0911013 -0.965062 -0.245673
v -0.294887 0.171166 -4.63399
vn -0.652758 -0.745946 -0.132182
v -0.565669 0.117531 -4.24187
vn -0.246999 -0.919221 -0.306633
v -0.262601 0.047231 -4.19397
vn -0.241322 -0.943251 -0.228126
v -0.031916 -0.014215 -4.24916
vn 0.215489 -0.966217 -0.141383
v -0.372476 0.201369 -4.6142
vn -0.127788 -0.722913 0.679019
v -0.418301 0.18054 -4.54494
vn -0.184772 -0.962431 -0.198964
v -0.208445 0.107116 -4.4184
vn -0.277866 -0.944516 -0.175154
v -0.528176 0.164397 -4.33613
vn 0.0797956 -0.996287 0.0323145
v -0.254269 0.188871 -4.82926
vn -0.17466 -0.984629 0.000181674
v 0.103476 -0.029837 -4.27416
vn -0.309974 -0.950713 0.00775354
v -0.174597 0.021195 -4.23354
vn -0.275546 -0.814653 -0.510308
v -0.128772 0.078475 -4.36529
vn 0.95634 -0.269511 -0.113039
v -0.273537 0.088369 -4.27833
vn -0.583807 -0.80446 -0.109609
v -0.50995 0.072747 -4.13304
vn -0.109822 -0.950054 -0.292124
v -0.582333 0.083683 -4.12054
vn -0.220181 -0.938646 -0.265452
v -0.622429 0.143567 -4.30332
vn 0.0521593 -0.995066 -0.0844019
v -0.055349 -0.016819 -4.24396
vn -0.316212 -0.893474 -0.318926
v -0.486517 0.198245 -4.48922
vn -0.588639 -0.796457 -0.138423
v -0.394347 0.20918 -4.70845
vn -0.198899 -0.975904 -0.0897236
v -0.390702 0.211263 -4.72355
vn -0.177702 -0.954355 -0.240058
v -0.052745 0.073789 -4.45485
vn -0.306929 -0.901232 -0.305901
v -0.208965 0.155024 -4.58764
vn -0.0150227 -0.998869 0.0451084
v -0.31103 0.081079 -4.1747
vn -0.404808 -0.913269 -0.0454934
v -0.549526 0.184705 -4.38195
vn 0.380259 -0.705857 -0.597636
v 0.146697 -0.016298 -4.3632
vn -0.123498 -0.845976 -0.518723
v -0.30426 0.0816 -4.28457
vn -0.121253 -0.932415 -0.340441
v -0.180325 0.11701 -4.49287
vn 0.0207518 -0.990497 -0.135961
v -0.121482 0.031089 -4.31009
vn -0.298982 -0.87649 -0.377326
v -0.096487 0.035775 -4.30072
vn -0.503776 -0.769075 -0.393361
v -0.524531 0.20241 -4.40486
vn -0.61258 -0.710396 0.34653
v -0.2048 0.141484 -4.55379
vn -0.215513 -0.969838 -0.113881
v -0.454232 0.193037 -4.46527
vn -0.0179158 -0.884589 -0.466028
v 0.040467 0.008697 -4.35956
vn -0.240177 -0.895669 -0.374288
v 0.023803 0.021715 -4.39393
vn -0.499797 -0.846566 -0.18311
v -0.499536 0.128466 -4.33352
vn 0.00819418 -0.99671 0.0806405
v 0.076918 0.083162 -4.5866
vn -0.28561 -0.75496 -0.590307
v -0.341232 0.123779 -4.29082
vn 0.795134 -0.357864 0.489586
v -0.260518 0.096701 -4.30905
vn -0.146135 -0.942594 -0.300268
v -0.650028 0.142005 -4.22938
vn -0.516144 -0.837882 -0.17762
v -0.606807 0.076913 -4.08097
vn -0.223782 -0.967567 -0.117202
v -0.343836 0.161272 -4.46162
vn -0.232681 -0.971608 -0.042869
v -0.214694 0.045669 -4.245
vn -0.0294837 -0.3668 -0.929832
v -0.265726 0.061291 -4.23198
vn -0.180561 -0.932163 -0.313799
v -0.420905 0.184185 -4.45642
vn -0.0321179 -0.959096 -0.281253
v -0.578687 0.213346 -4.46943
vn -0.482676 -0.771496 -0.41451
v -0.31155 0.167 -4.52463
vn -0.307124 -0.928003 -0.210913
v -0.224588 0.113885 -4.42257
vn -0.130302 -0.990365 0.0468869
v -0.648987 0.130549 -4.19397
vn -0.544806 -0.765445 -0.342462
v 0.108162 0.066499 -4.56421
vn 0.313543 -0.720503 -0.618519
v -0.398513 0.109199 -4.20959
vn 0.348692 -0.529671 -0.773216
v -0.522969 0.186268 -4.37154
vn -0.285918 -0.671884 -0.683244
v -0.345398 0.109199 -4.18459
vn -0.628515 -0.662926 0.406815
v -0.41778 0.174811 -4.53244
vn -0.299745 -0.935685 -0.186138
v 0.117015 0.040983 -4.51995
vn -0.237552 -0.944964 -0.224969
v -0.232919 0.180019 -4.7699
vn -0.120691 -0.964519 -0.234812
v -0.19126 0.119093 -4.47725
vn -0.502889 -0.818269 0.278459
v -0.470374 0.165959 -4.35904
vn -0.66698 -0.698927 -0.258145
v -0.444858 0.197203 -4.4861
vn 0.0119682 -0.988017 -0.153882
v -0.228233 0.046711 -4.22886
vn -0.331953 -0.907421 -0.257671
v -0.583374 0.222198 -4.48037
vn -0.527686 -0.817012 -0.232462
v -0.549526 0.063895 -4.06743
vn -0.297105 -0.741917 -0.601072
v -0.380808 0.115968 -4.2627
vn -0.483693 -0.531138 -0.695654
v -0.438089 0.213867 -4.68398
vn 0.0628006 -0.983673 0.16865
v -0.365186 0.186788 -4.53921
vn 0.363498 -0.8989 -0.244638
v -0.170431 0.117531 -4.50432
vn 0.140523 -0.972266 -0.186953
v -0.371956 0.188351 -4.65117
vn -0.266544 -0.963817 0.00340018
v -0.019418 -0.009529 -4.23302
vn -0.170586 -0.847915 -0.501936
v -0.281868 0.188871 -4.7173
vn -0.55532 -0.817532 0.152516
v -0.389661 0.204493 -4.64909
vn -0.585485 -0.792025 -0.172927
v -0.258956 0.183664 -4.87092
vn -0.0289972 -0.987657 0.153924
v -0.319361 0.182102 -4.61264
vn -0.241803 -0.967553 -0.0732962
v 0.027969 0.008697 -4.35331
vn -0.389752 -0.862323 -0.323251
v -0.228233 0.141484 -4.52411
vn -0.024769 -0.722415 -0.691016
v -0.075137 0.036296 -4.34863
vn -0.207655 -0.978014 -0.0191913
v -0.374039 0.167521 -4.44548
vn -0.17231 -0.969591 -0.17379
v -0.266767 0.118572 -4.41944
vn 0.0763607 -0.99159 -0.104495
v -0.512554 0.106074 -4.25541
vn -0.227073 -0.898544 -0.375575
v -0.076178 0.106074 -4.53661
vn -0.304197 -0.909107 -0.284585
v 0.126909 -0.020985 -4.34238
vn -0.26056 -0.898365 -0.353624
v -0.324048 0.076393 -4.24708
vn -0.182005 -0.945423 -0.270277
v -0.244375 0.017549 -4.11169
vn -0.468833 -0.867735 -0.165022
v -0.029312 0.026923 -4.33613
vn -0.0928024 -0.843589 -0.528909
v -0.093362 0.055042 -4.36216
vn -0.482925 -0.8542 -0.192682
v -0.27562 0.123779 -4.40538
vn -0.739691 -0.631771 -0.231782
v -0.26156 0.159189 -4.61107
vn -0.459275 -0.872452 -0.167015
v 0.067024 0.002448 -4.35904
vn -0.264511 -0.937692 -0.225315
v -0.470374 0.211263 -4.7574
vn 0.718478 0.0649148 0.692514
v 0.050361 -0.015257 -4.25125
vn -0.710395 -0.361478 0.603882
v 0.050881 0.047231 -4.48506
vn -0.272713 -0.89902 -0.342624
v 0.06442 0.025361 -4.42621
vn -0.305475 -0.909987 -0.280372
v -0.378204 0.190434 -4.56213
vn -0.195602 -0.980279 -0.0281581
v -0.090759 0.026402 -4.28978
vn -0.400214 -0.828671 -0.391323
v -0.064722 0.051397 -4.39809
vn -0.679123 -0.588723 -0.438403
v -0.553171 0.221678 -4.44236
vn -0.619017 -0.64106 -0.453718
v -0.401117 0.065978 -4.15022
vn -0.115154 -0.990394 -0.0765438
v -0.037644 0.061812 -4.42934
vn -0.0539641 -0.856254 -0.513728
v -0.224067 0.177415 -4.7423
vn 0.0548341 -0.996134 -0.0686364
v -0.348522 0.225844 -4.80687
vn -0.446628 -0.862338 -0.238532
v 0.09931 0.035254 -4.48766
vn -0.32199 -0.91181 -0.254802
v -0.036081 0.071706 -4.46527
vn -0.401202 -0.852092 -0.33612
v 0.020679 0.05348 -4.47933
vn -0.255269 -0.914169 -0.314854
v -0.284472 0.108678 -4.35644
vn -0.273249 -0.958366 -0.0828826
v -0.340191 0.093056 -4.19865
vn -0.432071 -0.765351 0.477025
v -0.363103 0.114406 -4.29967
vn 0.047796 -0.997965 0.0421965
v -0.046496 0.161793 -4.68919
vn 0.618495 -0.747799 -0.241372
v -0.299053 0.085245 -4.25385
vn 0.494014 -0.704909 -0.508974
v -0.51672 0.169604 -4.29134
vn 0.319295 -0.90304 -0.28735
v -0.487038 0.103471 -4.24448
vn -0.0695509 -0.66861 -0.740354
v 0.12795 0.045148 -4.5262
vn -0.557005 -0.749305 -0.358173
v -0.430278 0.17377 -4.51318
vn -0.314509 -0.884528 -0.344522
v -0.009003 0.031089 -4.37258
vn -0.295025 -0.928181 -0.226803
v -0.299573 0.19512 -4.75324
vn -0.120831 -0.992323 -0.0263691
v -0.242293 0.179498 -4.72616
vn -0.0523286 -0.927474 -0.370207
v -0.41049 0.139402 -4.33717
vn -0.50299 -0.357566 -0.786859
v -0.447983 0.226885 -4.65742
vn -0.26648 -0.914995 -0.302939
v -0.254269 0.172208 -4.7121
vn -0.116135 -0.965102 0.234714
v -0.506826 0.155024 -4.29915
vn -0.218219 -0.909922 0.352735
v -0.413614 0.102429 -4.3054
vn -0.281825 -0.892944 -0.351034
v -0.532342 0.118051 -4.21948
vn -0.547825 -0.362015 0.75421
v -0.468292 0.196162 -4.48818
vn -0.165075 -0.986207 -0.012111
v -0.355813 0.198765 -4.69283
vn -0.160478 -0.819565 -0.550054
v -0.199072 0.16648 -4.70324
vn -0.223004 -0.974744 0.0119961
v -0.382891 0.235737 -4.7876
vn -0.28061 -0.716432 -0.638736
v -0.582333 0.183664 -4.35592
vn -0.647189 -0.738446 -0.189326
v -0.142832 0.174811 -4.7975
vn 0.0486052 -0.99303 -0.10737
v -0.210007 0.170125 -4.68242
vn -0.00451438 -0.943267 -0.332003
v -0.58754 0.225323 -4.53401
vn -0.264325 -0.95425 -0.139782
v -0.385495 0.105033 -4.33248
vn -0.489131 -0.692204 -0.530664
v 0.07796 -0.013695 -4.30697
vn -0.286227 -0.918663 -0.272274
v -0.012128 0.140964 -4.61212
vn -0.171981 -0.293609 -0.940328
v -0.538591 0.144088 -4.3455
vn 0.397531 -0.910906 -0.110544
v -0.146477 0.065978 -4.35539
vn -0.206327 -0.896166 -0.39283
v -0.082427 0.129508 -4.63086
vn -0.231136 -0.916502 -0.326496
v -0.480789 0.116489 -4.24552
vn 0.590348 -0.341853 -0.731181
v -0.233961 0.055563 -4.25177
vn -0.278973 -0.729919 -0.624014
v -0.156892 0.052959 -4.25854
vn -0.103155 -0.983142 0.150965
v -0.272495 0.139922 -4.46162
vn -0.0542055 -0.93577 0.348419
v -0.58025 0.220636 -4.49339
vn -0.52027 -0.847874 -0.102122
v -0.266246 0.196162 -4.77875
vn -0.0978058 -0.927578 0.3606
v -0.584936 0.264899 -4.48402
vn -0.629487 -0.758247 -0.169729
v -0.521927 0.191475 -4.39653
vn -0.308582 -0.944444 -0.11315
v -0.319361 0.164918 -4.51422
vn -0.141885 -0.988345 -0.0551617
v -0.001192 0.059729 -4.47204
vn -0.411113 -0.846887 -0.337295
v -0.234482 0.176894 -4.75219
vn 0.0629725 -0.997883 -0.0162528
v -0.399555 0.17377 -4.43871
vn -0.503422 -0.788278 -0.353813
v -0.391223 0.14513 -4.35279
vn -0.683991 -0.725541 0.0758072
v -0.344357 0.056084 -4.07159
vn -0.312561 -0.947351 0.0695143
v -0.09909 0.178977 -4.7876
vn 0.3519 -0.888191 -0.295438
v -0.274057 0.090973 -4.26114
vn -0.456123 -0.888713 0.0462724
v 0.09931 0.077955 -4.59129
vn -0.118055 -0.786426 -0.606298
v -0.456315 0.194599 -4.49495
vn -0.38117 -0.858349 0.343433
v -0.443296 0.174811 -4.39809
vn -0.187295 -0.947211 0.260215
v -0.449545 0.094618 -4.25385
vn 0.267272 -0.946019 0.183341
v -0.371956 0.089411 -4.11377
vn -0.565014 -0.822848 -0.0606652
v -0.347481 0.108157 -4.2726
vn 0.263559 -0.91197 -0.314401
v -0.653153 0.147733 -4.33248
vn -0.933514 -0.328693 -0.143224
v -0.151685 0.119614 -4.53088
vn -0.323656 -0.91415 -0.244083
v 0.145655 0.01807 -4.46735
vn -0.3281 -0.915913 -0.231199
v -0.14127 0.151378 -4.65846
vn -0.235846 -0.964709 -0.1171
v -0.310509 0.198765 -4.65273
vn 0.421574 -0.333731 0.843148
v -0.150643 0.092535 -4.44392
vn -0.123587 -0.922972 -0.364485
v -0.344357 0.093056 -4.21584
vn -0.0187715 -0.939993 -0.340677
v -0.446941 0.220636 -4.559
vn -0.263001 -0.92543 -0.272781
v -0.454752 0.102429 -4.10388
vn -0.258051 -0.922083 -0.288396
v -0.538591 0.098784 -4.0768
vn -0.88383 0.0410517 -0.466003
v -0.20532 0.186268 -4.83031
vn -0.25426 -0.952612 -0.16698
v -0.358416 0.174811 -4.48349
vn -0.288697 -0.920964 0.261687
v -0.040247 0.050356 -4.41684
vn 0.122848 -0.991952 -0.0306425
v -0.009003 -0.005363 -4.25385
vn 0.187824 -0.952909 -0.23809
v -0.605766 0.136277 -4.26999
vn -0.00879073 -0.972008 -0.234785
v -0.142311 0.111282 -4.49026
vn -0.187253 -0.927739 -0.322856
v -0.278744 0.185226 -4.69283
vn -0.387751 -0.912044 0.133514
v -0.140228 0.061291 -4.34446
vn -0.127836 -0.949056 -0.288012
v -0.144915 0.089411 -4.43246
vn 0.176543 -0.87426 -0.452218
v -0.102215 0.091494 -4.47048
vn -0.536761 -0.832414 -0.137748
v -0.061597 0.06025 -4.42569
vn -0.260908 -0.857298 -0.443811
v 0.150862 -0.034524 -4.33404
vn -0.449772 -0.762652 -0.46483
v -0.213131 0.122217 -4.48141
vn -0.154809 -0.871602 -0.465128
v -0.057432 0.083683 -4.48141
vn -0.217544 -0.919062 -0.328633
v -0.215214 0.133153 -4.5038
vn 0.0771698 -0.880202 -0.468284
v -0.548485 0.125342 -4.28145
vn -0.22881 -0.936896 -0.264335
v -0.086072 0.010259 -4.2575
vn 0.0858994 -0.862754 -0.498273
v -0.185012 0.16648 -4.73553
vn -0.509921 -0.82411 -0.246622
v -0.331859 0.082641 -4.18616
vn -0.676935 -0.563457 0.473578
v -0.313633 0.059729 -4.19449
vn -0.177238 -0.945949 -0.2716
v -0.291762 0.177415 -4.68189
vn -0.0716841 -0.937956 -0.339263
v -0.152726 0.115968 -4.51578
vn -0.176869 -0.981686 -0.0707763
v 0.026407 0.00349 -4.30176
vn -0.366733 -0.915845 0.163508
v -0.213131 0.012863 -4.16689
vn -0.545975 -0.779187 -0.307863
v 0.112849 -0.000156 -4.38247
vn -0.197147 -0.918187 -0.343608
v -0.441734 0.113365 -4.2148
vn 0.244329 -0.417296 -0.87531
v -0.662526 0.148775 -4.25073
vn -0.505701 -0.862593 0.0141137
v -0.407886 0.161793 -4.38612
vn -0.229106 -0.960353 -0.158849
v -0.220422 0.189913 -4.78135
vn -0.043067 -0.90534 0.422497
v -0.291242 0.103992 -4.25958
vn -0.476078 -0.692609 -0.541887
v -0.235523 0.163355 -4.62878
vn -0.28311 -0.936598 -0.206477
v -0.196468 0.100867 -4.39653
vn -0.182476 -0.98296 0.0221789
v -0.475582 0.239903 -4.61524
vn -0.441446 -0.892455 -0.0930073
v -0.662005 0.153982 -4.23719
vn -0.996908 -0.0782232 0.00743669
v -0.426112 0.075351 -4.18511
vn -0.252082 -0.948615 -0.191271
v -0.25479 0.089411 -4.29082
vn -0.0367526 -0.906182 -0.421287
v -0.349564 0.096701 -4.22938
vn 0.0554899 -0.958567 -0.279409
v -0.131897 0.077434 -4.3908
vn 0.0242923 -0.861798 -0.506669
v -0.334983 0.061291 -4.17678
vn -0.386988 -0.876004 -0.28785
v -0.143874 0.076913 -4.39966
vn -0.19411 -0.875173 -0.443163
v -0.532342 0.253442 -4.58816
vn -0.17601 -0.953391 -0.245085
v -0.00692 0.005573 -4.28874
vn 0.0924672 -0.918839 -0.383646
v 0.066503 0.027964 -4.43923
vn -0.327059 -0.911151 -0.250672
v 0.156591 0.016508 -4.47256
vn -0.131288 -0.987002 -0.0926805
v -0.115233 0.006093 -4.21896
vn -0.729938 -0.261749 -0.631409
v -0.204279 0.065978 -4.30905
vn -0.436608 -0.705709 -0.557986
v -0.233961 0.132632 -4.5163
vn -0.101128 -0.991255 -0.0847688
v -0.218339 0.090973 -4.33613
vn -0.412033 -0.875247 -0.25332
v -0.281348 0.190434 -4.86103
vn -0.2173 -0.970446 0.104955
v -0.557337 0.148254 -4.23719
vn -0.265234 -0.667058 -0.696193
v -0.066284 -0.018902 -4.18303
vn 0.266405 -0.937769 0.222748
v -0.005358 0.150337 -4.61524
vn -0.251524 0.0400158 -0.967023
v -0.595351 0.080038 -4.06587
vn -0.316431 -0.940326 0.125133
v -0.274578 0.025881 -4.09086
vn -0.469975 -0.864496 -0.17824
v 0.097227 0.073268 -4.57566
vn -0.156653 -0.845983 -0.509679
v -0.437047 0.096701 -4.12002
vn -0.216806 -0.923935 0.315182
v -0.462563 0.232613 -4.65586
vn -0.488971 -0.868803 0.0780353
v -0.108984 0.130028 -4.58452
vn -0.563311 -0.723709 -0.398655
v -0.239689 0.11701 -4.41111
vn -0.163175 -0.963343 -0.212941
v -0.553171 0.18783 -4.34185
vn -0.687165 -0.5564 -0.467143
v -0.507867 0.231051 -4.55692
vn -0.197172 -0.869703 -0.452483
v -0.305301 0.10972 -4.39445
vn -0.221143 -0.854523 -0.469985
v -0.149602 0.045148 -4.27104
vn -0.22982 -0.96143 -0.151114
v -0.289679 0.165438 -4.53505
vn -0.376051 -0.642958 -0.667226
v -0.397992 0.152941 -4.37935
vn -0.456217 -0.856336 -0.241981
v 0.025365 0.023798 -4.40747
vn -0.157854 -0.924176 -0.347824
v 0.005577 0.036296 -4.40747
vn -0.42096 -0.842296 -0.336644
v -0.27562 0.194079 -4.82249
vn -0.312466 -0.94874 -0.0475189
v -0.613056 0.089932 -4.12315
vn -0.254736 -0.934452 -0.248817
v -0.193343 0.136798 -4.51005
vn -0.579193 -0.761637 -0.290592
v -0.379767 0.197203 -4.59025
vn -0.411631 -0.893582 0.179082
v -0.347481 0.192516 -4.61576
vn -0.272312 -0.90695 -0.321384
v -0.203237 0.157106 -4.63711
vn -0.255656 -0.932967 -0.253403
v -0.057432 0.062853 -4.4132
vn 0.475136 -0.858164 -0.194422
v -0.180846 0.158669 -4.66523
vn -0.69705 -0.714363 -0.0617044
v -0.040768 -0.021506 -4.19813
vn 0.526976 -0.77629 -0.345934
v -0.527135 0.239383 -4.62045
vn -0.0878875 -0.954943 -0.283478
v -0.162099 0.080038 -4.36164
vn -0.245684 -0.868311 -0.4309
v -0.459439 0.218553 -4.55327
vn -0.126994 -0.935215 -0.330522
v -0.614097 0.197203 -4.35539
vn -0.173954 -0.484157 0.857515
v -0.181367 0.156065 -4.65013
vn -0.124123 -0.985342 -0.117028
v -0.161579 0.093056 -4.41268
vn -0.505588 -0.749366 -0.427587
v -0.17668 0.134194 -4.55171
vn -0.289557 -0.955717 0.0525479
v -0.266246 0.193558 -4.70689
vn 0.431386 -0.50067 0.750491
v -0.609932 0.175853 -4.37987
vn -0.0269914 -0.844249 -0.535271
v -0.383932 0.203973 -4.63086
vn -0.569751 -0.81889 -0.0693067
v -0.025146 0.081079 -4.51474
vn -0.422029 -0.876204 -0.232719
v -0.174076 0.076393 -4.34446
vn -0.356486 -0.880689 -0.311937
v -0.279265 0.191475 -4.75844
vn -0.223189 -0.938141 -0.264724
v -0.571397 0.157106 -4.24031
vn -0.290531 -0.817121 -0.4979
v -0.194385 0.171166 -4.75792
vn -0.0854952 -0.995729 -0.0348566
v -0.034519 0.10972 -4.58452
vn -0.1583 -0.958416 -0.237446
v -0.284993 0.144609 -4.47048
vn -0.402699 -0.0697013 -0.912675
v -0.027229 0.089411 -4.53557
vn -0.367289 -0.900963 -0.231008
v -0.41778 0.218032 -4.61993
vn -0.247886 -0.961914 0.115209
v -0.370393 0.117531 -4.31374
vn -0.174466 -0.901518 -0.396013
v -0.359979 0.14513 -4.41215
vn 0.136162 -0.725362 -0.674766
v -0.235523 0.176894 -4.70272
vn -0.100088 -0.988614 0.112361
v -0.120961 0.085766 -4.42309
vn 0.0848856 -0.944086 -0.318583
v -0.418301 0.061812 -4.1195
vn -0.213389 -0.974452 -0.0700566
v -0.180325 0.132111 -4.52672
vn -0.366214 -0.743461 -0.559602
v -0.293845 0.151899 -4.48818
vn -0.223028 -0.83026 -0.51081
v -0.379246 0.192516 -4.69335
vn -0.646189 -0.656609 -0.388979
v -0.431319 0.168042 -4.38039
vn -0.673078 -0.474791 -0.567044
v -0.171993 0.006614 -4.20386
vn -0.493187 -0.806917 -0.325042
v -0.277703 0.105033 -4.33561
vn -0.446131 -0.892641 -0.0644881
v 0.096706 0.044628 -4.51057
vn -0.282788 -0.906271 -0.314173
v -0.171993 0.014425 -4.1773
vn 0.0452549 -0.986079 -0.160001
v -0.038164 -0.009008 -4.21792
vn 0.131037 -0.175745 -0.975676
v -0.170431 0.112323 -4.48454
vn -0.17308 -0.954583 -0.242518
v -0.476623 0.092535 -4.2424
vn -0.13381 -0.949215 -0.284756
v -0.402158 0.210221 -4.65065
vn -0.370219 -0.914192 -0.164897
v -0.408407 0.064936 -4.13668
vn -0.0782333 -0.984789 -0.155149
v -0.603683 0.183664 -4.40018
vn -0.232954 -0.778615 -0.582659
v -0.152205 0.156065 -4.70064
vn 0.027098 -0.99306 -0.114447
v -0.128772 0.102429 -4.43975
vn -0.428381 -0.770362 -0.472263
v -0.162099 0.170646 -4.77875
vn 0.00787684 -0.98892 -0.14824
v -0.136063 0.135756 -4.56994
vn -0.262086 -0.856744 0.444185
v -0.131376 0.043065 -4.31842
vn -0.331319 -0.764453 -0.553027
v -0.682314 0.121176 -4.09242
vn -0.901843 -0.122502 -0.414333
v -0.47402 0.226885 -4.68814
vn -0.645883 -0.695013 0.315899
v -0.186574 0.176894 -4.79594
vn -0.0532753 -0.973011 -0.224523
v -0.41778 0.098784 -4.21844
vn -0.356662 -0.553127 -0.75289
v -0.206362 0.035775 -4.22677
vn -0.30159 -0.881367 -0.363643
v -0.302698 0.111803 -4.36685
vn -0.0881844 -0.986316 0.139299
v -0.205841 0.170125 -4.71522
vn -0.0917141 -0.986621 -0.134785
v -0.047538 0.120655 -4.66367
vn 0.443693 -0.856017 -0.265275
v -0.207924 0.147213 -4.51422
vn 0.255576 -0.770256 -0.584283
v -0.146477 0.006614 -4.19084
vn -0.120793 -0.401783 -0.907733
v -0.430799 0.100346 -4.2903
vn -0.389932 -0.864304 -0.317698
v -0.469854 0.107637 -4.28353
vn -0.12222 -0.978981 -0.163274
v -0.190219 -0.016298 -4.13096
vn -0.59544 -0.736458 -0.321061
v -0.231878 0.042545 -4.21323
vn -0.374718 -0.879013 -0.294826
v -0.534946 0.231572 -4.48714
vn -0.389501 -0.748446 -0.536766
v -0.342274 0.125342 -4.31894
vn 0.374622 -0.925086 -0.0622457
v 0.106079 0.014425 -4.42673
vn -0.129818 -0.9459 -0.297356
v 0.037342 0.063895 -4.51891
vn -0.252758 -0.937252 -0.240149
v -0.427674 0.142526 -4.32623
vn -0.637186 -0.518266 -0.570434
v -0.628157 0.106074 -4.16064
vn -0.255371 -0.934327 -0.248632
v -0.632844 0.142526 -4.29811
vn 0.0395948 -0.990947 -0.128285
v -0.300094 0.17377 -4.55952
vn -0.546318 -0.801397 -0.243514
v -0.328214 0.183664 -4.56265
vn -0.225287 -0.93613 -0.270011
v -0.17668 0.107116 -4.44652
vn -0.316798 -0.941547 -0.114578
v -0.123044 0.143567 -4.64649
vn -0.45183 -0.86722 -0.209232
v -0.102215 0.047231 -4.31061
vn -0.636885 -0.667058 -0.386538
v -0.451107 0.152941 -4.40747
vn -0.300416 -0.880072 -0.367728
v -0.015773 0.022236 -4.36216
vn 0.00809893 -0.865089 -0.501553
v -0.526093 0.164918 -4.27364
vn 0.447242 -0.720655 -0.529746
v -0.187615 0.012863 -4.17209
vn -0.0636229 -0.921425 -0.383311
v -0.120441 0.012863 -4.2299
vn -0.313685 -0.786313 -0.532272
v -0.211569 0.160231 -4.60847
vn -0.829226 -0.20863 -0.518515
v -0.326652 0.165959 -4.47673
vn -0.434747 -0.884517 -0.169186
v -0.243855 0.051397 -4.2299
vn -0.278824 -0.927678 -0.248335
v -0.26156 0.179498 -4.68971
vn -0.0758041 -0.994239 0.0757826
v -0.345919 0.113365 -4.29082
vn -0.158021 -0.934454 0.319101
v -0.631282 0.134194 -4.23771
vn -0.32289 -0.923824 -0.205646
v -0.294887 0.089411 -4.32103
vn 0.407843 -0.900293 -0.152109
v -0.180846 0.052959 -4.29915
vn -0.344844 -0.804661 -0.483326
v -0.291762 0.079517 -4.23354
vn 0.781047 -0.607372 0.145136
v -0.531821 0.086807 -4.16689
vn -0.211753 -0.792774 -0.571551
v -0.516199 0.200327 -4.42153
vn 0.0452373 -0.441736 -0.896004
v 0.058172 0.038379 -4.46423
vn -0.276044 -0.93113 -0.23832
v -0.182929 0.099305 -4.40226
vn -0.250161 -0.944225 -0.214147
v -0.363103 0.172729 -4.49599
vn 0.0534282 -0.964016 -0.260418
v -0.153768 0.017549 -4.23927
vn -0.36775 -0.792324 -0.486809
v -0.546923 0.083683 -4.15335
vn -0.139495 -0.949831 -0.279932
v -0.564628 0.178457 -4.33769
vn -0.24783 -0.968715 0.0131272
v -0.294887 0.040983 -4.14137
vn -0.22517 -0.94134 -0.251352
v -0.292804 0.199286 -4.67513
vn 0.736709 -0.480042 0.476256
v -0.558899 0.103992 -4.19188
vn -0.658325 -0.381275 -0.649028
v -0.359458 0.103992 -4.22313
vn -0.519948 -0.748337 0.41188
v -0.517761 0.180019 -4.36268
vn 0.249296 -0.579637 -0.775804
v 0.052444 -0.02463 -4.24292
vn -0.183265 -0.980522 -0.0706494
v -0.330297 0.115448 -4.33509
vn 0.362075 -0.907573 0.212634
v -0.372476 0.201369 -4.67408
vn -0.282155 -0.518591 -0.807125
v -0.654194 0.196682 -4.31894
vn -0.539838 0.809217 -0.231826
v -0.023063 -0.018381 -4.20959
vn -0.0691695 -0.932253 -0.355135
v -0.57348 0.172729 -4.31269
vn -0.688735 -0.671123 -0.274297
v -0.079823 0.097743 -4.50849
vn -0.294347 -0.916771 -0.269982
v -0.257915 0.112844 -4.39705
vn 0.0626749 -0.990114 -0.125484
v -0.000151 0.090973 -4.57358
vn -0.250361 -0.878223 -0.407486
v -0.165744 -0.034003 -4.12887
vn -0.707774 -0.683259 0.179479
v -0.447462 0.187309 -4.45069
vn 0.157688 -0.94973 -0.270457
v -0.049621 0.067019 -4.43559
vn 0.101504 -0.881363 -0.461406
v -0.468812 0.200327 -4.5038
vn -0.0700157 -0.954678 -0.289288
v -0.428195 0.211263 -4.66836
vn -0.366678 -0.903122 0.223425
v -0.099611 0.141484 -4.66575
vn -0.125229 -0.974968 -0.183726
v -0.054307 -0.011091 -4.19345
vn 0.367241 -0.862076 -0.349225
v -0.360499 0.055563 -4.10128
vn -0.161805 -0.982226 0.0951357
v -0.11315 0.164397 -4.74282
vn 0.083484 -0.962594 -0.257768
v -0.12721 0.112844 -4.50849
vn -0.359634 -0.911706 -0.198634
v -0.641696 0.143047 -4.31894
vn 0.123032 -0.980555 -0.15289
v -0.221463 0.132111 -4.49235
vn -0.258802 -0.858489 -0.44274
v -0.529738 0.198765 -4.42049
vn -0.55266 -0.544644 -0.630817
v -0.371956 0.103992 -4.1924
vn -0.841581 -0.439032 0.314632
v -0.376642 0.13107 -4.31582
vn -0.200965 -0.935583 0.29034
v -0.424029 0.109199 -4.31217
vn -0.262045 -0.953132 -0.151233
v -0.324048 0.191996 -4.65846
vn -0.155407 -0.921118 -0.356918
v -0.4032 0.195641 -4.58035
vn -0.526279 -0.669977 -0.523604
v -0.175638 0.163876 -4.70897
vn -0.320883 -0.944352 -0.0723402
v 0.004015 -0.004842 -4.24916
vn -0.72114 -0.569333 -0.394736
v -0.150643 0.041503 -4.25125
vn -0.463293 -0.849678 -0.251808
v -0.193343 0.187309 -4.85009
vn -0.17888 -0.935549 -0.304549
v -0.196468 0.122217 -4.48662
vn -0.595211 -0.79945 0.0812578
v 0.081084 0.022757 -4.43663
vn -0.285745 -0.921565 -0.262806
v -0.248021 0.050877 -4.21375
vn -0.368918 -0.891253 -0.263756
v -0.26208 0.136798 -4.46839
vn -0.42718 -0.857478 -0.286792
v -0.445379 0.108678 -4.29239
vn -0.182697 -0.977614 -0.104366
v -0.281868 0.119614 -4.38455
vn 0.0496786 -0.995553 0.0800337
v -0.103256 0.077955 -4.40538
vn -0.465763 -0.884907 -0.0021018
v -0.519844 0.214908 -4.47308
vn 0.042532 -0.774479 -0.631168
v -0.274057 0.070664 -4.17991
vn 0.797643 -0.586471 -0.140773
v 0.002974 0.0816 -4.5413
vn -0.140192 -0.936328 -0.321926
v -0.407366 0.115968 -4.28562
vn -0.369703 -0.793578 -0.483275
v -0.039206 0.03213 -4.35175
vn -0.205165 -0.971126 0.121746
v -0.38914 0.191996 -4.53453
vn 0.239728 -0.962046 0.13038
v -0.09857 0.18783 -4.79646
vn 0.579554 -0.593014 -0.558973
v -0.222505 0.020674 -4.16481
vn -0.495111 -0.805509 -0.325607
v -0.064201 -0.004321 -4.26479
vn -0.415505 -0.673017 -0.611885
v -0.0918 0.044107 -4.32259
vn -0.279042 -0.923989 -0.261497
v -0.351126 0.204493 -4.71574
vn 0.325563 -0.872415 0.364556
v -0.390181 0.110761 -4.25697
vn -0.572206 -0.728888 -0.375902
v -0.350605 0.108678 -4.14189
vn -0.27123 -0.956548 0.107004
v -0.051703 0.012863 -4.29967
vn -0.369467 -0.733186 -0.570904
v -0.457877 0.146171 -4.29343
vn -0.237064 -0.970969 0.0319262
v -0.277182 0.156586 -4.51891
vn -0.132685 -0.967362 -0.215881
v 0.02849 -0.014736 -4.26843
vn -0.244526 -0.950727 -0.190593
v -0.549006 0.162835 -4.32727
vn -0.13155 -0.811982 -0.568665
v -0.676586 0.090452 -4.06378
vn 0.0206723 -0.992199 -0.122936
v -0.414135 0.20918 -4.67408
vn -0.183541 -0.98114 -0.0606404
v -0.528697 0.189392 -4.41476
vn -0.361672 -0.802741 0.47413
v -0.47454 0.088369 -4.21948
vn -0.0992636 -0.979923 -0.172909
v -0.666692 0.09566 -4.09815
vn -0.197969 -0.958199 -0.206551
v -0.256352 0.104512 -4.36425
vn -0.0848806 -0.987377 -0.133727
v 0.013388 0.13836 -4.62722
vn -0.170808 -0.35841 -0.917805
v -0.116275 0.13836 -4.62357
vn -0.228134 -0.962181 -0.148872
v -0.249062 0.167 -4.62357
vn 0.0262018 -0.920715 -0.389354
v -0.235002 0.153982 -4.57306
vn -0.31151 -0.918425 -0.243839
v 0.040467 -0.010049 -4.30957
vn -0.229918 -0.939594 -0.253574
v -0.221463 0.027443 -4.15022
vn -0.740536 -0.455265 0.494308
v -0.685959 0.098784 -4.0893
vn 0.109764 -0.944711 -0.308987
v -0.447462 0.211263 -4.74959
vn 0.550172 -0.75722 -0.352035
v -0.503181 0.048273 -4.07368
vn 0.154536 -0.902653 -0.401667
v -0.451107 0.229489 -4.63659
vn 0.0649466 -0.997221 0.0364927
v -0.272495 0.022236 -4.07159
vn -0.433725 -0.802694 0.409346
v -0.399034 0.207618 -4.57827
vn -0.850949 -0.442338 -0.283236
v -0.194906 0.152941 -4.6168
vn -0.165102 -0.955195 -0.245651
v 0.018075 -0.016819 -4.23875
vn 0.425921 -0.888336 0.171614
v -0.065763 0.007135 -4.24344
vn -0.483204 -0.87507 -0.0276963
v -0.28291 0.080558 -4.24656
vn 0.402744 -0.133066 -0.905588
v 0.042029 0.069102 -4.53817
vn -0.10106 -0.93057 -0.351889
v -0.238647 0.148775 -4.5288
vn 0.0377964 -0.993869 -0.103908
v 0.020158 0.08889 -4.57046
vn -0.170415 -0.885056 -0.433169
v -0.142311 0.085766 -4.41736
vn 0.173354 -0.937338 -0.302234
v -0.193343 -0.004842 -4.15231
vn -0.652573 -0.705144 -0.277344
v -0.402158 0.170125 -4.51995
vn -0.23963 -0.877825 -0.41473
v -0.432361 0.153461 -4.38039
vn 0.565397 -0.812006 -0.144816
v -0.545881 0.255005 -4.58608
vn -0.0855221 -0.960872 -0.263458
v 0.124826 -0.014215 -4.35644
vn -0.266776 -0.874748 -0.404532
v -0.408928 0.186788 -4.48402
vn -0.710053 -0.557764 0.429796
v -0.533383 0.236258 -4.50745
vn 0.131578 -0.580652 -0.803449
v -0.543277 0.103471 -4.2049
vn -0.72557 -0.50404 -0.4685
v -0.199592 0.112844 -4.44548
vn -0.241426 -0.962535 -0.123451
v 0.011305 0.00401 -4.30801
vn -0.297594 -0.867387 -0.398846
v -0.220942 0.081079 -4.28978
vn -0.72708 -0.670549 -0.147373
v 0.061296 0.044107 -4.48558
vn -0.240697 -0.916795 -0.318673
v -0.093362 -0.053791 -4.16897
vn -0.198014 -0.735075 -0.648426
v -0.078782 0.161272 -4.72251
vn 0.216415 -0.906444 -0.362661
v -0.104818 -0.056916 -4.1596
vn -0.377868 -0.790099 -0.482659
v -0.405803 0.063895 -4.05858
vn 0.233093 -0.967169 0.101249
v -0.242813 0.11024 -4.34915
vn 0.460167 -0.622537 -0.633004
v -0.371435 0.193037 -4.70324
vn -0.113914 -0.888705 0.444103
v -0.043372 0.008697 -4.27885
vn -0.0670141 -0.900726 0.429186
v -0.026708 0.019112 -4.3179
vn 0.0701252 -0.929976 0.360871
v -0.527135 0.182623 -4.4611
vn -0.411201 -0.84532 -0.341097
v -0.25479 0.14565 -4.4986
vn -0.399697 -0.876272 -0.269054
v -0.422467 0.167521 -4.39341
vn -0.690421 -0.718919 -0.0804661
v 0.100351 -0.023068 -4.30124
vn -0.371369 -0.842451 -0.390334
v -0.0491 0.118572 -4.60483
vn -0.0306713 -0.92887 -0.369133
v -0.464126 0.044107 -4.06743
vn 0.260377 -0.904833 -0.33687
v 0.098268 -0.018902 -4.3153
vn -0.34673 -0.913978 -0.210766
v -0.628157 0.085245 -4.06847
vn -0.187076 -0.958736 -0.214074
v -0.249062 0.121176 -4.47152
vn 0.528311 -0.657165 -0.537608
v -0.667212 0.178457 -4.21375
vn -0.976874 -0.00313464 -0.213795
v -0.344877 0.055042 -4.14241
vn -0.21444 -0.952095 -0.218014
v -0.091279 0.007656 -4.22261
vn 0.534285 -0.736102 -0.415563
v 0.110245 -0.011091 -4.35123
vn -0.250035 -0.871996 -0.420838
v -0.141791 -0.001197 -4.18303
vn -0.169512 -0.745863 -0.644169
v -0.083468 0.034213 -4.30957
vn -0.353969 -0.845029 -0.400788
v -0.051703 0.148254 -4.65846
vn 0.890766 -0.231475 -0.391096
v -0.096487 0.057646 -4.33821
vn -0.301048 -0.912573 0.276732
v -0.061077 0.143047 -4.66054
vn 0.415035 -0.817895 -0.39849
v -0.21938 0.170125 -4.7173
vn -0.179864 -0.982862 -0.0403947
v -0.372476 0.06025 -4.05545
vn -0.162426 -0.986356 0.0268096
v -0.133459 0.061812 -4.35279
vn 0.238451 -0.901549 -0.361041
v -0.248021 0.143567 -4.53296
vn 0.153109 -0.988185 0.00694434
v -0.257915 0.160752 -4.5741
vn -0.702339 -0.702062 -0.117591
v -0.064201 -0.040773 -4.18928
vn -0.125809 -0.843474 -0.52223
v -0.496932 0.07431 -4.14293
vn -0.0768563 -0.962434 -0.26041
v -0.256873 0.185226 -4.86051
vn -0.0458817 -0.986286 0.158542
v -0.36831 0.088369 -4.26062
vn 0.00536101 -0.659572 -0.751622
v -0.179284 0.135756 -4.53765
vn -0.375743 -0.923703 -0.0747698
v -0.274057 0.073789 -4.19292
vn 0.303541 -0.7055 -0.640416
v -0.053266 -0.000156 -4.24969
vn -0.685355 -0.68911 0.235407
v 0.157111 -0.011091 -4.3705
vn -0.0358188 -0.834296 -0.550152
v -0.093883 0.051918 -4.37935
vn -0.221881 -0.803464 -0.552463
v -0.184491 0.087849 -4.35331
vn -0.415305 -0.789033 -0.452713
v -0.093362 0.171687 -4.75792
vn 0.183921 -0.916607 -0.354973
v -0.185532 0.114927 -4.46787
vn -0.251202 -0.927514 -0.276795
v -0.549526 0.182623 -4.43611
vn -0.220954 -0.975277 0.00383501
v -0.50995 0.191475 -4.40226
vn -0.0683854 -0.98932 -0.128723
v 0.086812 0.051918 -4.51995
vn -0.224932 -0.909045 -0.350773
v -0.539632 0.071706 -4.11898
vn -0.0751284 -0.940404 -0.331657
v -0.023584 0.102429 -4.58452
vn -0.119254 -0.911998 -0.392476
v -0.230316 0.005573 -4.09451
vn -0.570698 -0.809754 0.136389
v -0.549526 0.065978 -4.0893
vn -0.41554 -0.888882 -0.192912
v -0.383412 0.126904 -4.38716
vn -0.222791 -0.919188 -0.324744
v -0.3329 0.184705 -4.60951
vn -0.0462579 -0.998929 0.000832878
v -0.334463 0.223761 -4.83343
vn -0.578661 -0.748711 -0.323393
v -0.489642 0.163876 -4.43194
vn 0.154925 -0.979908 0.125615
v -0.061077 0.150858 -4.68502
vn 0.307342 -0.908746 -0.28235
v -0.477665 0.108678 -4.18928
vn 0.691707 -0.688627 0.217563
v -0.462043 0.171687 -4.39653
vn 0.370606 -0.509528 -0.776552
v 0.018075 0.042024 -4.45798
vn -0.225574 -0.945409 -0.235198
v -0.333942 0.047231 -4.10492
vn -0.239081 -0.970932 0.0114654
v 0.012868 0.008176 -4.32363
vn -0.421842 -0.869486 -0.256989
v -0.409969 0.211784 -4.63503
vn -0.478063 -0.876069 0.0629227
v -0.363103 0.107116 -4.25385
vn -0.0362459 -0.97612 -0.214185
v 0.074835 0.064416 -4.5465
vn -0.329304 -0.857953 -0.394303
v -0.117837 0.143047 -4.66054
vn -0.259215 -0.955352 -0.141811
v 0.044633 0.017029 -4.38612
vn -0.0743286 -0.935693 -0.344898
v -0.050141 -0.007967 -4.26322
vn -0.253521 -0.79003 -0.558193
v -0.235523 0.170646 -4.67148
vn -0.20089 -0.955259 -0.217079
v -0.295407 0.094618 -4.28457
vn -0.712746 0.0368832 0.700452
v -0.161058 0.121696 -4.51266
vn -0.21838 -0.953569 -0.207402
v -0.069929 0.031609 -4.31894
vn -0.465268 -0.836897 -0.288323
v -0.338108 0.126904 -4.41372
vn -0.368621 -0.704065 -0.606968
v -0.60889 0.099305 -4.15647
vn -0.247357 -0.870441 -0.425613
v -0.485476 0.104512 -4.13408
vn -0.0595315 -0.982124 -0.178572
v -0.161579 0.178457 -4.82145
vn -0.0972998 -0.989725 -0.104771
v -0.264684 0.164918 -4.63451
vn -0.0804691 -0.947857 -0.308371
v -0.321965 0.121696 -4.36268
vn -0.442175 -0.622458 0.645776
v -0.09857 -0.036607 -4.18303
vn -0.287883 -0.753401 -0.591194
v -0.266767 0.18054 -4.7449
vn -0.229389 -0.946918 -0.225228
v -0.49537 0.226885 -4.6293
vn -0.327007 -0.878583 0.348078
v -0.275099 0.103471 -4.32311
vn 0.171974 -0.950729 -0.257953
v -0.342274 0.20189 -4.72251
vn -0.0205498 -0.999112 -0.0367928
v -0.476623 0.225323 -4.71262
vn -0.637517 -0.736678 0.225563
v -0.418301 0.154503 -4.37883
vn 0.0986205 -0.992335 0.0744653
v -0.390181 0.169083 -4.43819
vn -0.555423 -0.642717 -0.527655
v -0.405803 0.113885 -4.22417
vn 0.111653 -0.967239 -0.227997
v -0.320403 0.158148 -4.48818
vn -0.302656 -0.933474 -0.19242
v 0.022241 0.028485 -4.41632
vn -0.148036 -0.890324 -0.430591
v -0.388619 0.195641 -4.60014
vn -0.61843 -0.78565 0.0172528
v -0.36831 0.204493 -4.71262
vn -0.807131 -0.48999 -0.329316
v -0.061077 0.127425 -4.63034
vn -0.296898 -0.92419 -0.24026
v -0.479748 0.201369 -4.72355
vn 0.139107 -0.883924 -0.446461
v -0.2902 0.108157 -4.31478
vn -0.369282 -0.846787 -0.382861
v -0.351647 0.178457 -4.51891
vn -0.542999 -0.775276 -0.322645
v -0.153247 0.032651 -4.22938
vn -0.793331 -0.399708 -0.459195
v -0.270412 0.187309 -4.86259
vn -0.194779 -0.946997 0.255457
v -0.640134 0.201369 -4.36216
vn -0.961078 -0.0937356 -0.259892
v -0.248021 0.072747 -4.24656
vn -0.866139 0.223529 0.447033
v -0.498494 0.203973 -4.46527
vn -0.334798 -0.941632 0.035213
v -0.036081 0.021715 -4.31061
vn -0.064767 -0.997837 0.0112838
v -0.33238 0.200848 -4.73761
vn 0.063499 -0.997208 0.039287
v -0.662005 0.146692 -4.29655
vn -0.988494 -0.105184 -0.108704
v -0.261039 0.118572 -4.44652
vn -0.228531 -0.957795 -0.174363
v -0.288117 0.188351 -4.70897
vn -0.0832851 -0.983442 -0.160954
v -0.66565 0.15242 -4.26999
vn -0.970093 0.00685717 -0.242638
v -0.211569 0.025881 -4.16481
vn -0.371267 -0.687749 -0.623828
v -0.187615 0.139402 -4.57514
vn -0.273429 -0.957753 0.0891395
v -0.025667 0.034213 -4.3705
vn -0.216371 -0.773751 -0.595393
v -0.026187 0.075872 -4.49026
vn -0.316365 -0.908904 -0.271675
v -0.363103 0.108157 -4.34915
vn 0.125868 -0.991477 -0.0336143
v -0.576604 0.073789 -4.07316
vn -0.496161 -0.867317 0.0398178
v -0.362062 0.186788 -4.66836
vn 0.0216153 -0.871861 -0.489276
v -0.448504 0.223761 -4.64753
vn 0.0873054 -0.98416 0.154293
v -0.278744 0.063374 -4.23979
vn 0.0700515 -0.927518 -0.367155
v -0.483393 0.22324 -4.53609
vn -0.278747 -0.951227 -0.132166
v -0.079823 0.114927 -4.55848
vn -0.437243 -0.848396 -0.2984
v -0.060556 -0.023068 -4.22157
vn -0.0922662 -0.953068 -0.288354
v -0.124086 0.07483 -4.37935
vn 0.402945 -0.817268 -0.411956
v -0.185532 0.011301 -4.19917
vn -0.402499 -0.911867 -0.0805805
v -0.073054 0.170646 -4.74334
vn 0.220656 -0.913657 -0.341381
v 0.068066 0.011301 -4.38351
vn -0.298055 -0.899366 -0.31985
v -0.503181 0.234175 -4.63347
vn -0.518468 -0.838556 -0.167374
v 0.17742 0.030568 -4.50328
vn 0.192892 -0.780644 -0.594464
v -0.345919 0.20189 -4.75115
vn -0.138384 -0.973013 -0.184651
v 0.154508 0.002969 -4.40382
vn -0.0110392 -0.959427 -0.281741
v -0.345398 0.203452 -4.73241
vn 0.262527 -0.964452 0.0301992
v -0.232399 0.11701 -4.44913
vn -0.0506376 -0.989958 -0.131982
v -0.677627 0.150337 -4.15283
vn -0.927267 0.0131877 -0.374168
v -0.521407 0.063374 -4.1018
vn -0.234384 -0.912291 -0.33584
v -0.179284 0.178457 -4.81104
vn 0.0159238 -0.994419 -0.104292
v -0.602641 0.136798 -4.13981
vn -0.0288434 -0.809189 -0.58684
v -0.383412 0.135756 -4.3054
vn -0.200965 -0.935583 0.29034
v -0.175638 0.076393 -4.31478
vn -0.505309 -0.580408 -0.638584
v -0.170431 -0.01057 -4.17209
vn -0.622379 -0.646746 -0.440867
v 0.19148 -0.008487 -4.38247
vn -0.208896 -0.930697 -0.300275
v -0.426112 0.162835 -4.41007
vn -0.0539074 -0.691206 -0.720645
v -0.4032 0.213867 -4.6871
vn -0.11412 -0.987756 0.106373
v -0.152726 0.144609 -4.64388
vn -0.167219 -0.947817 -0.271441
v -0.527135 0.103471 -4.21584
vn -0.432797 -0.831766 0.347638
v -0.01369 0.012863 -4.30905
vn -0.128391 -0.985054 -0.114826
v -0.242293 0.097222 -4.3153
vn -0.123504 -0.949049 -0.289918
v -0.390702 0.189913 -4.54702
vn -0.0563699 -0.997774 -0.0356161
v -0.305822 0.194599 -4.77719
vn -0.286498 -0.957531 -0.0324527
v -0.256873 0.18054 -4.70064
vn -0.190454 -0.957792 0.215319
v -0.145436 0.13159 -4.5689
vn -0.472377 -0.877267 -0.0852214
v -0.554734 0.227926 -4.60222
vn 0.06629 -0.941741 -0.329741
v -0.157413 -0.026192 -4.15595
vn -0.593539 -0.631679 -0.498691
v -0.412573 0.217512 -4.74282
vn -0.372955 -0.912657 0.167218
v -0.049621 0.000886 -4.23146
vn -0.421471 -0.872601 -0.246839
v -0.112629 0.127425 -4.5715
vn -0.361791 -0.829369 -0.425739
v 0.017554 0.057646 -4.48818
vn -0.265482 -0.874459 -0.406006
v -0.107422 0.005573 -4.25073
vn -0.173178 -0.85372 -0.491093
v -0.307384 0.078996 -4.16533
vn -0.404808 -0.913269 -0.0454934
v -0.219901 0.116489 -4.46579
vn 0.325022 -0.936831 -0.129257
v -0.241772 0.19512 -4.78448
vn -0.00345394 -0.282632 -0.959222
v -0.04181 0.151899 -4.63399
vn 0.922815 -0.382606 0.0449932
v -0.41049 0.066499 -4.16845
vn -0.135253 -0.981552 -0.135142
v -0.450066 0.14565 -4.38716
vn -0.596461 -0.718451 -0.357859
v -0.219901 0.157627 -4.5866
vn -0.37291 -0.724076 -0.580217
v 0.131075 0.024319 -4.46579
vn -0.149387 -0.971742 -0.18276
v -0.064722 0.133673 -4.64388
vn -0.366289 -0.883929 -0.290692
v 0.033176 0.133673 -4.62149
vn -0.0650132 -0.619452 -0.782338
v -0.348522 0.064416 -4.17887
vn -0.0855426 -0.935499 -0.342818
v -0.288638 0.153982 -4.50224
vn -0.225471 -0.956531 -0.184961
v -0.167827 0.157627 -4.69127
vn -0.244698 -0.959074 -0.142479
v -0.505264 0.207618 -4.47933
vn -0.456281 -0.88061 -0.127802
v -0.279265 0.09618 -4.28145
vn -0.709676 -0.572347 0.410827
v -0.241251 0.142005 -4.54598
vn -0.189688 -0.965449 -0.178679
v -0.009003 0.033172 -4.38351
vn -0.378886 -0.891644 -0.247824
v -0.328214 0.101388 -4.37154
vn -0.214279 -0.963727 -0.159108
v -0.213131 0.05348 -4.26791
vn -0.415672 -0.896286 -0.154561
v -0.208445 0.06077 -4.29134
vn -0.403364 -0.747004 -0.528472
v -0.416218 0.195641 -4.5314
vn -0.491759 -0.799137 -0.345765
v -0.451107 0.229489 -4.61212
vn -0.146821 -0.987741 -0.0530312
v 0.12066 0.051918 -4.55796
vn -0.495701 -0.862135 -0.104902
v 0.022241 0.069623 -4.52359
vn -0.282814 -0.902618 -0.324495
v -0.454232 0.133673 -4.3606
vn -0.648625 -0.638488 -0.414268
v -0.487559 0.21595 -4.68189
vn -0.292911 -0.916822 0.271369
v -0.41049 0.105033 -4.22209
vn 0.61555 -0.787973 0.0140683
v -0.416218 0.116489 -4.24083
vn 0.191853 -0.871361 0.451579
v -0.244375 0.151899 -4.58348
vn -0.199733 -0.974707 0.100261
v -0.486517 0.169083 -4.36216
vn -0.0602601 -0.983123 -0.172738
v 0.087333 0.006093 -4.38403
vn -0.208081 -0.900599 -0.381608
v -0.372997 0.191475 -4.57931
vn -0.451833 -0.7655 -0.458101
v -0.095445 -0.005363 -4.24396
vn 0.0156765 -0.914834 -0.403526
v -0.038164 0.128466 -4.62409
vn 0.981693 -0.150006 -0.117377
v -0.100132 0.111282 -4.53088
vn -0.226184 -0.908879 -0.350399
v -0.266767 0.15242 -4.51266
vn -0.482241 -0.796722 -0.364249
v -0.328214 0.118572 -4.36998
vn -0.629074 -0.581765 0.515573
v -0.416739 0.211784 -4.75688
vn -0.332614 -0.932183 -0.142836
v -0.266767 0.162835 -4.55848
vn -0.706114 -0.513538 -0.487525
v -0.369873 0.15242 -4.47152
vn 0.230632 -0.972779 -0.0225964
v -0.065763 0.040462 -4.35852
vn -0.167456 -0.964634 -0.203569
v -0.258435 0.151899 -4.56577
vn -0.358707 -0.841797 -0.403369
v -0.526614 0.196162 -4.49703
vn -0.0951772 -0.906564 -0.411198
v -0.207924 0.182102 -4.81572
vn -0.280786 -0.956485 -0.0793447
v -0.468292 0.068061 -4.13096
vn -0.0253363 -0.982779 -0.183039
v -0.320403 0.205014 -4.75011
vn -0.483534 -0.116641 -0.867519
v -0.344357 0.164397 -4.48506
vn -0.377974 -0.917928 -0.1206
v -0.044413 0.099305 -4.55952
vn -0.250352 -0.931616 -0.263467
v -0.392785 0.108678 -4.23615
vn -0.0519357 -0.981628 0.183599
v -0.382891 0.142005 -4.43403
vn -0.357504 -0.901602 -0.243525
v -0.420384 0.216991 -4.64388
vn -0.237522 -0.968933 0.0689358
v -0.466209 0.216991 -4.54442
vn 0.158918 -0.780617 -0.604469
v -0.461522 0.225844 -4.56994
vn -0.148888 -0.939057 -0.309846
v -0.365186 0.107116 -4.27312
vn -0.133641 -0.793796 -0.59332
v -0.430799 0.116489 -4.21323
vn 0.244329 -0.417296 -0.87531
v -0.348522 0.185747 -4.55588
vn 0.0427445 -0.972708 0.228062
v -0.680231 0.117531 -4.13564
vn -0.844128 -0.0228122 -0.535656
v -0.170431 0.17377 -4.79125
vn -0.0333134 -0.972058 -0.232364
v -0.136583 0.165959 -4.70585
vn -0.275884 -0.925472 -0.259596
v -0.553692 0.253442 -4.56837
vn -0.193176 -0.981057 -0.0144859
v -0.186574 0.023278 -4.18511
vn 0.175572 -0.950016 -0.258155
v -0.363103 0.198245 -4.61576
vn -0.337907 -0.902113 0.26835
v -0.13398 0.013904 -4.21948
vn 0.481486 -0.828351 -0.286367
v -0.621388 0.177415 -4.38924
vn 0.227679 -0.790215 -0.568966
v -0.648987 0.089411 -4.0742
vn -0.110344 -0.974477 -0.195496
v -0.261039 0.082641 -4.26895
vn 0.151242 -0.723767 -0.673266
v -0.437568 0.153461 -4.34602
vn -0.647197 -0.677816 -0.348858
v 0.044112 0.002969 -4.35227
vn -0.165048 -0.888064 -0.429071
v -0.503181 0.140443 -4.35956
vn -0.212361 -0.910449 -0.354943
v -0.556296 0.20918 -4.39028
vn -0.559128 -0.763111 -0.324096
v -0.046496 0.050356 -4.39445
vn -0.00713928 -0.788993 -0.61436
v -0.239689 0.178457 -4.76053
vn 0.0351744 -0.958142 -0.284124
v -0.529738 0.199807 -4.43038
vn -0.898395 -0.436774 -0.0459994
v -0.425591 0.18054 -4.53817
vn -0.62597 -0.699048 -0.345677
v -0.107422 0.024319 -4.25645
vn -0.857281 -0.492628 -0.149622
v -0.361541 0.118051 -4.2903
vn -0.165513 -0.945077 0.281841
v -0.656798 0.189392 -4.32519
vn -0.883287 0.243676 -0.400532
v -0.570876 0.117531 -4.19032
vn -0.257815 -0.966165 0.00750242
v -0.281348 0.175332 -4.68138
vn -0.0885854 -0.958921 -0.269486
v -0.55213 0.143047 -4.33665
vn -0.2335 -0.95533 -0.181171
v -0.103256 0.086807 -4.43611
vn -0.516586 -0.838173 -0.174944
v -0.568793 0.18054 -4.41163
vn 0.220556 -0.972066 -0.0802654
v -0.082427 -0.005884 -4.20126
vn -0.397605 -0.569048 -0.719788
v -0.604203 0.0816 -4.10596
vn -0.17716 -0.942167 -0.284491
v -0.54484 0.157627 -4.26479
vn -0.778279 0.466079 -0.420777
v -0.349564 0.199286 -4.7423
vn 0.058934 -0.979012 -0.195097
v -0.380287 0.061812 -4.06951
vn -0.19786 -0.974899 0.102093
v -0.231357 0.150858 -4.59233
vn -0.0678249 -0.951191 -0.301057
v -0.166265 0.090452 -4.38247
vn 0.598036 -0.80115 0.0226219
v -0.129293 0.160231 -4.69231
vn -0.0577365 -0.930209 -0.36246
v 0.128471 0.035775 -4.52307
vn -0.457976 -0.815735 -0.353319
v -0.572959 0.222198 -4.55952
vn 0.256593 -0.958723 -0.122514
v -0.522448 0.167 -4.3606
vn -0.45186 -0.349179 -0.820912
v -0.071491 -0.016819 -4.19865
vn -0.0727591 -0.8465 -0.527394
v -0.607849 0.118051 -4.20646
vn -0.416952 -0.906975 -0.0595652
v -0.678148 0.139922 -4.12263
vn -0.0757122 -0.924814 -0.372809
v -0.279265 0.197203 -4.7725
vn -0.146173 -0.988882 -0.0272988
v -0.513075 0.163355 -4.3278
vn -0.0462182 -0.998087 -0.0410545
v -0.483393 0.157627 -4.31426
vn -0.243546 -0.952839 0.18106
v 0.056089 -0.007446 -4.31738
vn -0.126687 -0.96865 -0.213699
v -0.135542 0.108157 -4.47204
vn 0.0393746 -0.998666 -0.0334102
v -0.32561 0.179498 -4.57514
vn -0.330634 -0.937733 0.10648
v -0.2902 0.178977 -4.63763
vn -0.269594 -0.768465 -0.580328
v -0.091279 0.157106 -4.71678
vn -0.120154 -0.954663 -0.272365
v 0.050881 -0.024109 -4.25593
vn -0.376157 -0.925878 -0.0354342
v 0.125867 -0.042856 -4.29655
vn -0.548792 -0.807679 -0.215597
v 0.052444 0.034213 -4.44236
vn -0.296754 -0.90595 -0.30198
v -0.454752 0.171687 -4.38403
vn -0.892678 -0.433779 -0.12232
v -0.546923 0.198765 -4.47777
vn -0.324565 -0.91532 -0.238424
v -0.479227 0.06025 -4.09555
vn 0.0571072 -0.970911 -0.232532
v -0.206883 0.101909 -4.3856
vn 0.0877445 -0.982396 -0.164923
v -0.420905 0.238862 -4.78552
vn -0.371384 -0.44301 -0.815975
v 0.052444 0.008176 -4.36685
vn -0.130778 -0.896527 -0.423245
v -0.365186 0.241986 -4.81729
vn -0.536514 -0.765706 -0.354748
v -0.024105 -0.034003 -4.19865
vn 0.350217 -0.669195 -0.655383
v -0.177721 0.165959 -4.67096
vn 0.034685 -0.2646 0.963734
v -0.431319 0.214387 -4.73553
vn -0.0411066 -0.984291 0.171701
v -0.294366 0.095139 -4.24552
vn -0.476078 -0.692609 -0.541887
v 0.14201 -0.021506 -4.34863
vn -0.218342 -0.874447 -0.433209
v -0.276661 0.183143 -4.73865
vn -0.205635 -0.969046 -0.136615
v -0.206362 0.113885 -4.43767
vn -0.156382 -0.952532 -0.261205
v 0.112328 -0.030879 -4.2877
vn -0.525235 -0.8504 -0.0307781
v -0.191781 0.043065 -4.22
vn -0.0909533 -0.147794 -0.984827
v 0.030573 -0.019423 -4.23302
vn -0.0271583 -0.785118 -0.61875
v -0.21938 0.171166 -4.67929
vn -0.438259 -0.885271 0.15564
v -0.38185 0.205535 -4.69075
vn -0.554593 -0.729283 -0.400716
v -0.353209 0.118051 -4.31894
vn -0.470061 -0.74196 -0.478056
v -0.393826 0.206056 -4.59129
vn 0.0855367 -0.866653 -0.491525
v -0.308947 0.211263 -4.83916
vn -0.489444 -0.869232 -0.069857
v 0.097227 0.032651 -4.47464
vn -0.251276 -0.904515 -0.344547
v 0.020679 -0.029837 -4.20646
vn 0.283259 -0.386199 -0.877847
v -0.429236 0.07431 -4.17366
vn -0.307444 -0.917559 -0.252118
v 0.045153 0.082121 -4.5715
vn -0.0982845 -0.895488 -0.434098
v -0.251145 0.118051 -4.37831
vn -0.785268 0.0483425 -0.617266
v -0.129293 0.019632 -4.2726
vn -0.578138 -0.74466 -0.333522
v -0.140749 0.156586 -4.68033
vn 0.12203 -0.982903 -0.137875
v -0.605245 0.193558 -4.41059
vn -0.182858 -0.673757 -0.715971
v 0.012868 0.041503 -4.44184
vn -0.417256 -0.844905 -0.334713
v -0.277703 0.089932 -4.21063
vn 0.229194 -0.811918 -0.536898
v -0.504743 0.179498 -4.3757
vn -0.679037 -0.651352 0.338599
v -0.652632 0.186268 -4.31113
vn -0.992667 -0.10765 0.0549844
v -0.612535 0.087328 -4.10492
vn -0.27175 -0.945979 -0.176848
v -0.628678 0.122217 -4.22365
vn -0.358461 -0.85907 -0.365381
v -0.030353 0.116489 -4.60691
vn -0.000372581 -0.989929 -0.141563
v -0.364145 0.231572 -4.79646
vn -0.512942 -0.770109 -0.379241
v -0.38914 0.193037 -4.56004
vn -0.320319 -0.85887 -0.399673
v -0.275099 0.167 -4.54963
vn -0.680452 -0.724344 -0.110957
v -0.02827 0.061291 -4.44965
vn -0.34088 -0.897298 -0.28046
v -0.287596 0.176374 -4.67252
vn -0.52017 -0.853942 -0.0143802
v 0.168567 -0.018381 -4.36425
vn -0.0815369 -0.740968 -0.666572
v -0.18397 0.171166 -4.7725
vn -0.00747954 -0.998418 -0.0557222
v 0.031093 0.048273 -4.47048
vn -0.244043 -0.902785 -0.354149
v 0.088895 -0.002759 -4.36373
vn -0.245278 -0.943581 -0.222472
v -0.334463 0.064936 -4.19188
vn -0.873936 -0.46536 -0.140269
v -0.393826 0.172729 -4.46267
vn -0.422319 -0.906414 -0.00779898
v -0.478186 0.222198 -4.55067
vn -0.512435 -0.761769 -0.396382
v -0.200113 0.062853 -4.27468
vn 0.337749 -0.936146 0.0977605
v -0.041289 -0.013174 -4.24135
vn 0.237278 -0.95958 -0.151346
v -0.357375 0.089932 -4.20334
vn -0.0617462 -0.696373 -0.715019
v 0.088374 0.001927 -4.35019
vn -0.541245 -0.836095 -0.0894406
v -0.333942 0.108678 -4.25177
vn 0.343195 -0.875128 -0.341127
v -0.493808 0.191996 -4.41215
vn -0.293367 -0.890341 -0.348179
v -0.484955 0.185226 -4.41528
vn 0.286157 -0.769902 0.570407
v -0.167827 0.14513 -4.65586
vn -0.329911 -0.72245 0.607638
v -0.429236 0.21647 -4.63555
vn -0.0792582 -0.992979 0.0878088
v -0.575042 0.204493 -4.45381
vn -0.433497 -0.799297 -0.416178
v -0.334983 0.121176 -4.38091
vn -0.55907 -0.686722 -0.464601
v -0.478706 0.197203 -4.55015
vn 0.312738 -0.922717 -0.225364
v -0.24073 0.10295 -4.37414
vn -0.29997 -0.926356 -0.227775
v -0.308426 0.063374 -4.21532
vn 0.0088465 -0.939334 -0.342889
v -0.426112 0.224281 -4.76209
vn -0.482426 -0.849161 -0.21492
v 0.047757 0.06077 -4.52047
vn -0.327051 -0.91407 -0.23982
v -0.185532 0.175853 -4.73709
vn -0.902647 -0.0922757 -0.420373
v -0.316758 0.052959 -4.17678
vn -0.223859 -0.958714 -0.175369
v -0.130855 0.127945 -4.57671
vn -0.1806 -0.926961 -0.328828
v -0.540153 0.10972 -4.08201
vn -0.681618 -0.391641 -0.618072
v -0.024625 0.096701 -4.55848
vn 0.0383867 -0.908941 -0.415154
v -0.389661 0.18054 -4.4736
vn 0.509296 -0.780153 -0.363288
v 0.059213 0.015467 -4.38716
vn -0.217857 -0.935072 -0.279606
v -0.216777 -0.004321 -4.10336
vn -0.551728 -0.811075 -0.194304
v -0.231357 0.114927 -4.40538
vn -0.153053 -0.926001 -0.345103
v -0.350605 0.112844 -4.12419
vn -0.676413 -0.717428 -0.166622
v -0.308947 0.205014 -4.81468
vn -0.471592 -0.867812 -0.156534
v -0.574001 0.180019 -4.35852
vn 0.501154 -0.859409 0.101299
v -0.556817 0.244069 -4.47725
vn -0.64329 -0.44633 -0.622067
v -0.165224 0.100867 -4.43559
vn -0.508403 -0.840705 -0.186392
v 0.005057 0.001407 -4.27885
vn -0.00401608 -0.858813 -0.512273
v -0.595872 0.170125 -4.37883
vn -0.279903 -0.841598 -0.461916
v -0.339149 0.115448 -4.29707
vn 0.0973358 -0.922636 -0.373187
v -0.554734 0.192516 -4.38091
vn 0.734829 7.1411e-05 -0.678252
v -0.061597 0.161272 -4.7022
vn 0.51264 -0.751734 -0.414845
v -0.629199 0.103992 -4.14918
vn -0.330969 -0.8901 -0.313339
v -0.026708 0.13836 -4.6116
vn -0.259074 -0.0761263 -0.962853
v -0.32561 0.189913 -4.64909
vn -0.218224 -0.954973 -0.201009
v -0.076178 0.02484 -4.30072
vn -0.417345 -0.853279 -0.312629
v -0.613056 0.143047 -4.30228
vn -0.280946 -0.948928 -0.143545
v -0.274057 0.186788 -4.72564
vn 0.228218 -0.942653 -0.24356
v -0.629719 0.208659 -4.36373
vn -0.00840195 0.997434 -0.0710967
v -0.186574 0.009738 -4.16324
vn -0.572693 -0.557293 -0.601204
v -0.06316 0.017549 -4.27312
vn -0.529037 -0.843762 -0.0904715
v -0.45996 0.153982 -4.33977
vn 0.0502074 -0.901523 -0.429808
v -0.610973 0.13107 -4.24916
vn -0.290644 -0.952068 -0.0953583
v -0.314675 0.177415 -4.584
vn -0.219916 -0.975343 0.018502
v -0.60889 0.118051 -4.21584
vn -0.193588 -0.941559 -0.275663
v -0.18397 0.103992 -4.39133
vn -0.298488 -0.720929 0.625433
v -0.067326 -0.013695 -4.16428
vn 0.00770766 -0.993014 0.117745
v -0.259477 0.172729 -4.63867
vn 0.214164 -0.887188 -0.408695
v -0.259477 0.174811 -4.65325
vn 0.112373 -0.983689 -0.140459
v -0.298532 0.18054 -4.69595
vn 0.0848715 -0.932199 -0.351855
v -0.717203 0.116489 -4.07628
vn -0.648974 -0.00877637 -0.76076
v -0.468292 0.235737 -4.6017
vn -0.284063 -0.958642 0.0176824
v 0.124305 0.045148 -4.54182
vn -0.493913 -0.850981 -0.178555
v 0.143051 0.036817 -4.52776
vn -0.182476 -0.875633 -0.447179
v -0.526614 0.121696 -4.20959
vn -0.566642 -0.610732 0.553103
v -0.557337 0.255005 -4.584
vn 0.104348 -0.930671 -0.350661
v -0.333942 0.064416 -4.2023
vn -0.667324 -0.711598 -0.219787
v 0.008702 0.096701 -4.58504
vn -0.0481568 -0.753046 -0.656203
v -0.253749 0.03213 -4.15595
vn -0.376756 -0.861744 -0.339783
v -0.064201 -0.049105 -4.17678
vn 0.0218764 -0.887265 -0.46074
v 0.081084 -0.019943 -4.24604
vn 0.151569 -0.979233 -0.134647
v -0.457356 0.14565 -4.30697
vn -0.188758 -0.978547 -0.0825583
v -0.283431 0.101909 -4.30749
vn -0.453477 -0.813346 -0.364453
v -0.012128 -0.036086 -4.19449
vn 0.0910353 -0.87102 -0.482739
v 0.083688 -0.02463 -4.27676
vn -0.174006 -0.977977 0.115248
v -0.483393 0.231572 -4.697
vn -0.645883 -0.695013 0.315899
v -0.484434 0.083162 -4.17418
vn 0.473566 -0.834445 -0.281844
v -0.129814 0.139922 -4.61836
vn -0.024577 -0.987903 -0.153114
v -0.340191 0.183143 -4.57098
vn -0.00343116 -0.999983 -0.00469043
v -0.418822 0.138881 -4.32467
vn -0.864344 -0.49192 0.104521
v -0.393306 0.054522 -4.11377
vn -0.00908925 -0.972513 -0.232672
v -0.058994 -0.019943 -4.18876
vn 0.459015 -0.878696 -0.131145
v 0.076918 0.027443 -4.45121
vn -0.297268 -0.906256 -0.300553
v -0.470895 0.178457 -4.40122
vn 0.151379 -0.557533 -0.816236
v -0.590664 0.139402 -4.30436
vn -0.119855 -0.94376 -0.308142
v -0.283431 0.086287 -4.23927
vn 0.388118 -0.920875 0.0367816
v -0.118358 0.084204 -4.38768
vn 0.087567 -0.988074 -0.126659
v -0.281868 0.042545 -4.15647
vn -0.278788 -0.94558 -0.167795
v -0.21938 0.158148 -4.66263
vn 0.0634065 -0.979212 -0.192675
v -0.263122 0.069623 -4.19605
vn -0.419908 -0.852253 -0.311996
v -0.553692 0.089411 -4.17001
vn -0.0352541 -0.930175 -0.365419
v -0.143874 0.158669 -4.66627
vn 0.820173 -0.510665 0.257949
v 0.149821 0.01078 -4.43923
vn -0.302289 -0.947941 -0.100146
v -0.564628 0.20189 -4.45798
vn -0.472127 -0.835231 -0.28193
v -0.198551 0.082121 -4.33196
vn -0.271421 -0.865575 -0.420846
v -0.307384 0.121696 -4.34915
vn 0.216731 -0.8877 0.406223
v 0.011305 -0.01057 -4.26791
vn -0.507028 -0.67236 -0.53931
v -0.310509 0.178977 -4.60795
vn -0.21914 -0.971257 -0.0929398
v -0.127731 0.068061 -4.33665
vn 0.289505 -0.933653 0.210901
v -0.053266 0.153461 -4.67304
vn 0.692617 -0.681538 -0.236196
v -0.589102 0.084724 -4.11117
vn -0.297667 -0.907558 -0.296198
v -0.196989 0.016508 -4.19188
vn -0.202992 -0.979129 -0.0100654
v -0.268329 0.037337 -4.15804
vn -0.307491 -0.90338 -0.29892
v 0.13524 0.027964 -4.49078
vn -0.25502 -0.860252 -0.44151
v -0.477665 0.160231 -4.34498
vn -0.152901 -0.7814 -0.605009
v -0.522448 0.069102 -4.12419
vn -0.218605 -0.927397 -0.303556
v -0.152205 -0.045459 -4.12731
vn -0.255863 -0.421036 -0.870208
v -0.115233 -0.035045 -4.18043
vn -0.24085 -0.806467 -0.540002
v 0.121701 0.021195 -4.46579
vn -0.0488632 -0.913722 -0.403391
v -0.397472 0.155544 -4.41163
vn -0.0869283 -0.665449 -0.741364
v -0.239689 0.073268 -4.25489
vn -0.24246 -0.703976 -0.667556
v -0.578167 0.260212 -4.48818
vn -0.629487 -0.758247 -0.169729
v -0.049621 0.035254 -4.37622
vn -0.189089 -0.877814 -0.4401
v -0.603162 0.140964 -4.30645
vn -0.165223 -0.956332 -0.241102
v -0.053266 0.112844 -4.58868
vn -0.337965 -0.911266 -0.235319
v -0.144915 0.102429 -4.43351
vn 0.128893 -0.785417 -0.605398
v -0.465688 0.197724 -4.47256
vn 0.00681124 -0.884163 -0.467128
v -0.065763 0.078475 -4.45277
vn 0.0561147 -0.967646 -0.245993
v -0.122523 -0.036607 -4.17053
vn -0.33034 -0.757445 -0.563163
v -0.153247 0.154503 -4.6694
vn 0.00783148 -0.999072 0.0423505
v 0.188355 0.004531 -4.44132
vn -0.188812 -0.970559 0.149548
v 0.015471 -0.020985 -4.25385
vn 0.161939 -0.965436 -0.204227
v -0.470895 0.107116 -4.26218
vn -0.486874 -0.764382 -0.422699
v -0.18397 0.01807 -4.22157
vn -0.375649 -0.867786 -0.325323
v -0.251145 0.051918 -4.14137
vn -0.375825 -0.72499 -0.577188
v -0.062639 0.019632 -4.28301
vn -0.671708 -0.740408 -0.0245861
v -0.294366 0.203973 -4.82874
vn -0.429424 -0.903099 -0.00279618
v -0.002234 0.063374 -4.48037
vn -0.420393 -0.85105 -0.314618
v -0.592747 0.101388 -4.16637
vn -0.202362 -0.89305 -0.401884
v -0.402158 0.122738 -4.30072
vn 0.0843571 -0.995445 -0.0444134
v -0.140749 0.06754 -4.37206
vn -0.332431 -0.942727 0.0274669
v -0.264684 0.085766 -4.20855
vn -0.135728 -0.472592 -0.870766
v -0.296449 0.190954 -4.72043
vn 0.00476081 -0.9721 -0.234517
v -0.533383 0.230009 -4.60274
vn 0.0435718 -0.903679 -0.425988
v -0.378204 0.195641 -4.5991
vn -0.137201 -0.826352 0.546186
v -0.039727 0.017029 -4.29759
vn -0.00712888 -0.709836 -0.70433
v -0.216256 0.018591 -4.13512
vn 0.271659 -0.624259 -0.732463
v -0.12721 0.071185 -4.35071
vn 0.770824 -0.614793 -0.166911
v 0.055568 -0.005363 -4.30853
vn 0.0912335 -0.965644 -0.243328
v 0.003494 -0.014736 -4.22417
vn 0.529019 -0.109735 -0.841485
v -0.076178 0.122738 -4.59337
vn -0.299477 -0.914301 -0.272704
v -0.576604 0.114927 -4.18303
vn -0.815213 -0.538896 -0.212176
v -0.295407 0.037337 -4.10804
vn -0.296395 -0.95186 -0.0781888
v -0.551088 0.178977 -4.34185
vn -0.505976 -0.775155 -0.378316
v -0.340711 0.158148 -4.52047
vn -0.620091 -0.784115 -0.0255257
v -0.021501 0.119093 -4.60014
vn -0.00946676 -0.88737 0.460961
v -0.470895 0.20189 -4.7121
vn 0.240448 -0.966908 0.0852879
v -0.338629 0.158148 -4.43559
vn -0.760824 -0.431767 -0.484482
v -0.249062 0.073268 -4.22625
vn -0.328684 -0.799646 -0.502527
v -0.293325 0.063374 -4.09763
vn -0.479197 -0.762856 0.434075
v -0.12721 0.160752 -4.73137
vn -0.348651 -0.899952 -0.261779
v -0.470895 0.211263 -4.66888
vn -0.538959 -0.842163 -0.016855
v -0.323527 0.162835 -4.49756
vn -0.277432 -0.933344 -0.227817
v 0.054526 -0.024109 -4.27572
vn 0.0361099 -0.990593 -0.13199
v -0.344877 0.210742 -4.77459
vn -0.373717 -0.850083 -0.371073
v -0.65159 0.148775 -4.34133
vn 0.0185186 -0.935514 -0.352803
v -0.106901 0.067019 -4.35592
vn -0.939079 -0.287771 -0.18793
v -0.280827 0.185747 -4.70429
vn -0.4463 -0.885754 0.127502
v -0.584415 0.17377 -4.25281
vn -0.661961 -0.686974 -0.29979
v -0.463084 0.054001 -4.07993
vn 0.0154101 -0.908743 -0.417071
v -0.314154 0.128987 -4.43403
vn -0.271379 -0.886876 -0.373905
v -0.256873 0.162835 -4.58764
vn -0.874973 -0.33412 0.350408
v 0.130554 0.033692 -4.51109
vn -0.363729 -0.899211 -0.243149
v -0.199592 -0.009008 -4.12992
vn -0.595412 -0.745785 -0.298812
v -0.051703 -0.051188 -4.16637
vn 0.151697 -0.931286 -0.331201
v -0.225108 0.052439 -4.24552
vn -0.204762 -0.775037 -0.597821
v -0.13398 0.15242 -4.65325
vn -0.271323 -0.941271 -0.20098
v -0.335504 0.193037 -4.66367
vn 0.197219 -0.978424 0.0615766
v -0.179284 0.160752 -4.68971
vn -0.337249 -0.917994 -0.208685
v -0.514637 0.17377 -4.26739
vn 0.486351 -0.804112 -0.341857
v -0.434965 0.119614 -4.23146
vn 0.395402 -0.917282 0.0474519
v -0.243855 0.089411 -4.28874
vn 0.152849 -0.979067 -0.134403
v -0.343836 0.106595 -4.1497
vn -0.548863 -0.832438 -0.0761292
v -0.518803 0.171687 -4.28093
vn 0.201882 -0.830917 0.518479
v -0.541715 0.2373 -4.53557
vn 0.360665 -0.927208 -0.101024
v -0.290721 0.11024 -4.40695
vn -0.307944 -0.785916 -0.536197
v -0.339149 0.234696 -4.84645
vn -0.52804 -0.734245 -0.426684
v -0.14127 0.139922 -4.63607
vn 0.21191 -0.936262 -0.280192
v -0.416218 0.061291 -4.09659
vn 0.0473478 -0.997673 -0.0490614
v -0.519844 0.189392 -4.41632
vn 0.0832747 -0.815479 -0.572764
v -0.639093 0.137839 -4.25073
vn -0.405088 -0.907461 -0.111435
v -0.649507 0.155544 -4.35279
vn -0.145276 -0.619466 -0.771464
v -0.556296 0.185747 -4.36216
vn -0.276142 -0.920597 0.27613
v -0.328735 0.193558 -4.69231
vn -0.371704 -0.864358 -0.338705
v -0.597434 0.134194 -4.26739
vn -0.154058 -0.885506 -0.438344
v -0.313633 0.199286 -4.76105
vn -0.382627 -0.916233 -0.118804
v 0.034218 -0.002759 -4.29447
vn -0.345606 -0.700413 -0.624483
v -0.487559 0.091494 -4.23667
vn -0.155851 -0.883077 -0.442589
v 0.169088 0.026923 -4.5012
vn 0.367883 -0.683674 -0.630279
v 0.070669 0.017549 -4.40799
vn -0.279137 -0.911283 -0.302729
v -0.634406 0.191475 -4.32675
vn 0.196082 0.969152 -0.149317
v -0.020459 0.101388 -4.56681
vn -0.117389 -0.920887 -0.371735
v -0.736991 0.089411 -4.0617
vn -0.894023 0.0298089 -0.447028
v -0.245417 0.036817 -4.16949
vn -0.452445 -0.719155 -0.52736
v -0.38914 0.205535 -4.64024
vn -0.70516 -0.668624 0.23599
v -0.520886 0.154503 -4.27572
vn -0.368514 -0.849701 -0.377102
v -0.005358 -0.013174 -4.23354
vn 0.265013 -0.717506 -0.644169
v -0.253749 0.083683 -4.28405
vn -0.314315 -0.933338 0.173454
v -0.000151 -0.026713 -4.22469
vn -0.196077 -0.673742 -0.712478
v -0.081906 -0.041814 -4.18564
vn -0.137941 -0.795116 -0.590561
v -0.161579 0.072747 -4.32259
vn -0.505309 -0.580408 -0.638584
v -0.484434 0.112323 -4.28457
vn -0.205181 -0.955295 -0.212865
v -0.384453 0.207618 -4.71835
vn -0.238287 -0.957564 -0.162144
v -0.543277 0.06025 -4.07264
vn -0.539836 -0.810155 -0.228529
v -0.499536 0.218553 -4.68919
vn -0.936063 -0.322759 -0.140046
v -0.613056 0.201369 -4.41476
vn -0.274007 -0.562362 -0.780173
v -0.194385 0.071185 -4.26375
vn -0.561029 -0.44652 0.697041
v 0.0639 0.001927 -4.35071
vn -0.0964508 -0.923204 -0.37201
v -0.377684 0.229489 -4.78396
vn -0.316077 -0.78539 -0.53222
v -0.65836 0.09566 -4.10128
vn -0.343101 -0.930218 -0.130291
v -0.50943 0.099826 -4.22417
vn -0.329824 -0.884537 -0.329864
v -0.283431 0.17377 -4.61836
vn -0.296855 -0.321659 0.899118
v -0.100653 0.070144 -4.39028
vn -0.563222 -0.722942 -0.40017
v -0.38185 0.113365 -4.24864
vn -0.0956504 -0.906127 0.412049
v -0.090238 0.120655 -4.54546
vn -0.258903 -0.431229 -0.864298
v -0.527135 0.102429 -4.22834
vn -0.24916 -0.937322 -0.243613
v -0.376642 0.123259 -4.31113
vn -0.778944 -0.503372 -0.373983
v -0.362582 0.20241 -4.64336
vn -0.43299 -0.900085 -0.0486418
v 0.059213 0.085245 -4.57879
vn -0.247504 -0.815631 -0.522961
v -0.377163 0.11701 -4.36529
vn -0.152545 -0.926657 -0.343565
v -0.393826 0.211784 -4.75272
vn -0.145665 -0.833892 -0.532358
v -0.333942 0.076913 -4.24031
vn -0.256007 -0.895396 -0.364317
v -0.200113 0.061291 -4.3028
vn -0.334655 -0.851879 -0.402875
v -0.447462 0.214387 -4.70429
vn 0.426958 -0.656967 -0.62137
v -0.326131 0.205535 -4.77823
vn -0.346539 -0.896748 -0.275233
v -0.48131 0.177415 -4.40226
vn -0.207716 -0.747944 -0.630423
v -0.569835 0.092015 -4.17262
vn -0.283935 -0.915008 -0.286602
v -0.196989 0.106074 -4.36685
vn 0.561326 -0.608133 -0.561326
v 0.130554 -0.000156 -4.39237
vn -0.109372 -0.926656 -0.359647
v -0.699498 0.102429 -4.09086
vn -0.605204 0.00049077 -0.79607
v 0.119098 0.029006 -4.47412
vn -0.477471 -0.789145 -0.386357
v -0.505264 0.164918 -4.29655
vn -0.12091 -0.779476 0.614652
v -0.219901 0.058167 -4.27104
vn -0.378227 -0.920491 -0.0981857
v -0.420905 0.107637 -4.24083
vn -0.317066 -0.895421 0.312555
v -0.378204 0.18054 -4.48193
vn 0.432881 -0.663972 -0.609718
v -0.428716 0.221678 -4.61889
vn -0.225323 -0.961355 0.158197
v -0.36102 0.193037 -4.72147
vn 0.133114 -0.989046 0.0637824
v -0.328214 0.04619 -4.06951
vn -0.0929621 -0.989482 0.110834
v 0.178982 -0.004842 -4.38508
vn -0.0774591 -0.894216 -0.440882
v -0.097007 0.120655 -4.58035
vn -0.101173 -0.942122 -0.31964
v -0.151685 0.006614 -4.23042
vn -0.308404 -0.81303 -0.493831
v -0.496932 0.246152 -4.59962
vn -0.158029 -0.932388 -0.325085
v -0.319882 0.106595 -4.27312
vn -0.371833 -0.828743 0.418241
v -0.29697 0.18054 -4.6267
vn -0.29085 -0.956091 0.0360067
v -0.379767 0.118051 -4.2877
vn 0.30747 -0.939414 0.15154
v 0.106079 -0.013695 -4.34394
vn -0.294248 -0.906228 -0.303594
v -0.150122 0.108678 -4.48037
vn -0.172967 -0.938746 -0.298057
v -0.33238 0.120655 -4.32832
vn -0.180402 -0.95436 0.238019
v -0.194906 0.183143 -4.83447
vn -0.11175 -0.96659 -0.230684
v -0.481831 0.158148 -4.32415
vn -0.293756 -0.951002 -0.0964542
v -0.401637 0.202931 -4.55744
vn -0.312011 -0.908064 -0.279408
v -0.455794 0.186788 -4.43403
vn 0.488697 -0.719351 -0.49367
v -0.306864 0.158148 -4.49287
vn -0.256047 -0.942043 -0.216784
v -0.402679 0.208139 -4.62461
vn -0.501276 -0.865218 -0.0109652
v -0.501619 0.164397 -4.35383
vn -0.404624 -0.907543 0.112455
v -0.382891 0.109199 -4.22
vn -0.451052 -0.860781 -0.235814
v -0.067846 0.006093 -4.25281
vn -0.38577 -0.616796 -0.686108
v -0.045455 -0.007967 -4.22261
vn -0.0959721 -0.85379 -0.511696
v -0.413614 0.184705 -4.46631
vn -0.417369 -0.891803 -0.174613
v -0.408928 0.10972 -4.31894
vn -0.121817 -0.900653 -0.417114
v -0.239168 0.092015 -4.3054
vn -0.234254 -0.967912 -0.090951
v -0.522969 0.240945 -4.56109
vn -0.845203 -0.485084 0.224333
v 0.086812 0.063895 -4.5564
vn -0.366725 -0.865311 -0.341685
v -0.483914 0.076393 -4.15752
vn -0.08127 -0.95381 -0.289208
v -0.652632 0.126383 -4.18251
vn -0.55659 -0.712339 -0.427529
v -0.558899 0.190954 -4.44861
vn -0.42186 -0.811923 -0.403504
v -0.396951 0.059208 -4.10648
vn -0.257873 -0.954516 0.149669
v -0.400596 0.112323 -4.333
vn -0.356222 -0.864068 -0.355656
v -0.019418 0.142005 -4.6168
vn -0.125326 -0.254429 -0.958937
v -0.180846 0.156065 -4.67356
vn -0.423782 -0.904432 0.0491104
v -0.478186 0.195641 -4.48922
vn -0.113231 -0.993552 -0.00569548
v -0.138146 0.068061 -4.35696
vn -0.171538 -0.960175 -0.22054
v -0.193864 0.168042 -4.67929
vn -0.253165 -0.929411 -0.268521
v -0.526614 0.201369 -4.46267
vn -0.00448079 -0.831731 -0.555161
v -0.281868 0.118051 -4.42413
vn -0.234982 -0.942835 -0.236318
v -0.241251 0.16648 -4.63451
vn -0.115411 -0.992235 -0.0463636
v -0.020459 0.0816 -4.52203
vn -0.41577 -0.87021 -0.26433
v -0.348002 0.207097 -4.76469
vn -0.374027 -0.865064 -0.334318
v -0.123565 0.134194 -4.60066
vn -0.215794 -0.925249 -0.312005
v -0.25479 0.093577 -4.31478
vn 0.134224 -0.946936 -0.292056
v -0.267288 0.086807 -4.28457
vn 0.0120078 -0.827162 -0.561836
v -0.305822 0.191996 -4.71054
vn -0.522515 -0.844687 -0.116108
v -0.585457 0.175853 -4.35279
vn -0.737592 -0.631463 0.23919
v -0.278223 0.092015 -4.22365
vn 0.428306 -0.900556 0.0745118
v -0.057432 0.063895 -4.43767
vn -0.476621 -0.69166 -0.542622
v -0.58077 0.181581 -4.34238
vn -0.496881 -0.862828 0.0929372
v -0.445379 0.21647 -4.77146
vn -0.321436 -0.0624322 -0.944871
v -0.239168 0.140443 -4.50485
vn -0.421369 -0.901006 0.103136
v 0.076918 -0.021506 -4.27051
vn 0.0255048 -0.999102 0.0338371
v -0.505264 0.227406 -4.67825
vn -0.765175 -0.634691 0.108055
v -0.126689 0.180019 -4.82249
vn 0.0309724 -0.994877 -0.0962343
v -0.092842 0.128466 -4.59441
vn -0.0107807 -0.941541 -0.336726
v -0.550047 0.172729 -4.36737
vn 0.568486 -0.556744 -0.605689
v -0.415697 0.212304 -4.58087
vn -0.59814 -0.786326 -0.154657
v -0.219901 0.045148 -4.23458
vn -0.539605 -0.769834 -0.340856
v -0.365186 0.165959 -4.46162
vn 0.334722 -0.882503 0.330378
v -0.068888 -0.019943 -4.22313
vn -0.219628 -0.861086 -0.458578
v -0.189698 0.083162 -4.3429
vn -0.33296 -0.813632 -0.476593
v -0.188136 0.158669 -4.65482
vn -0.154495 -0.967662 -0.199405
v -0.504222 0.170125 -4.44288
vn -0.204548 -0.93523 -0.288973
v 0.166485 0.00349 -4.44392
vn -0.179473 -0.945819 -0.270585
v -0.304781 0.176374 -4.55275
vn -0.304063 -0.948557 -0.0882403
v -0.621388 0.087849 -4.07316
vn -0.467455 -0.816505 -0.338831
v -0.22667 0.143047 -4.53244
vn -0.15879 -0.983111 -0.0909844
v -0.179284 0.094618 -4.39601
vn -0.465947 -0.866889 0.177192
v -0.577125 0.168563 -4.25697
vn -0.597877 -0.798287 -0.0726708
v -0.076178 0.056605 -4.37727
vn -0.199326 -0.804652 -0.55929
v -0.659401 0.143567 -4.31321
vn -0.819746 -0.551169 -0.15566
v -0.331859 0.070664 -4.21584
vn -0.234508 -0.935455 -0.264443
v -0.287076 0.156586 -4.55275
vn 0.211813 -0.930505 -0.298824
v -0.449024 0.177936 -4.35487
vn -0.562066 -0.784402 -0.262288
v 0.070149 0.012342 -4.39393
vn -0.266884 -0.932423 -0.243639
v -0.593789 0.201369 -4.42049
vn -0.336179 -0.708779 -0.620173
v -0.167827 -0.022026 -4.15022
vn -0.503541 -0.705336 -0.498946
v -0.304781 0.058688 -4.20594
vn 0.279231 -0.657016 -0.700257
v -0.371435 0.189392 -4.55692
vn 0.0784735 -0.84679 0.526107
v -0.238647 0.011821 -4.09138
vn -0.317245 -0.787643 0.52818
v -0.613056 0.230009 -4.40122
vn -0.895259 0.359461 -0.263248
v -0.185532 0.143567 -4.5892
vn -0.304172 -0.861967 -0.405576
v -0.045455 0.008697 -4.29551
vn -0.502567 -0.510032 -0.698064
v -0.098049 0.002448 -4.22209
vn 0.319596 -0.794307 -0.516657
v -0.249583 0.097222 -4.333
vn -0.160345 -0.98205 -0.0993367
v -0.043372 -0.015778 -4.2174
vn 0.28425 -0.878994 -0.382846
v -0.015773 0.031609 -4.36737
vn -0.268045 -0.795119 -0.544001
v -0.103256 0.136798 -4.63607
vn -0.218058 -0.965455 -0.142642
v -0.218339 0.114406 -4.4158
vn -0.46019 -0.881424 -0.106378
v -0.447983 0.175853 -4.41892
vn -0.678028 -0.700202 -0.223597
v 0.051402 0.057125 -4.51109
vn -0.310251 -0.89915 -0.308665
v -0.308426 0.03942 -4.11169
vn -0.282144 -0.959319 -0.0100986
v -0.206362 0.133153 -4.50224
vn -0.0712057 -0.573064 -0.816411
v -0.133459 0.132632 -4.59025
vn -0.0676981 -0.987856 -0.139848
v -0.185532 0.177936 -4.75584
vn 0.0610725 -0.985889 -0.155863
v -0.535987 0.191996 -4.4184
vn 0.252956 -0.952208 0.171213
v -0.024625 0.045148 -4.40122
vn -0.637917 -0.710261 -0.297643
v -0.558379 0.107116 -4.22261
vn -0.366406 -0.899078 -0.239593
v -0.110026 0.000365 -4.22261
vn -0.0776642 -0.683419 -0.725884
v -0.659401 0.169604 -4.32832
vn -0.981335 -0.0160956 -0.19163
v -0.404762 0.14565 -4.34706
vn 0.544555 -0.765662 -0.342377
v -0.159496 -0.029837 -4.12315
vn -0.574085 -0.222322 0.788035
v -0.560462 0.105033 -4.18199
vn -0.736857 -0.557882 -0.38185
v -0.187095 -0.02463 -4.11638
vn -0.602024 -0.717374 -0.350629
v -0.106901 0.09618 -4.47985
vn -0.430533 -0.886427 -0.169969
v -0.090759 0.106595 -4.52672
vn -0.281479 -0.917916 -0.279642
v 0.058172 -0.027234 -4.23094
vn 0.0736481 -0.979226 -0.188925
v -0.583895 0.123259 -4.24604
vn -0.20177 -0.944275 -0.260064
v -0.189698 0.103471 -4.41788
vn -0.257655 -0.931742 -0.255873
v -0.324569 0.045148 -4.10388
vn -0.247392 -0.968789 0.0156518
v -0.151685 0.146171 -4.65221
vn 0.241707 -0.910847 -0.334568
v -0.072533 0.160231 -4.71678
vn 0.337655 -0.865459 -0.370094
v -0.241251 0.113365 -4.38872
vn -0.278259 -0.856797 -0.434133
v -0.059515 0.09566 -4.52672
vn -0.260316 -0.947153 -0.187446
v -0.074095 0.156065 -4.70845
vn 0.303699 -0.8425 -0.444928
v -0.305822 0.183143 -4.70637
vn -0.549188 -0.834161 -0.0506729
v -0.047538 0.090973 -4.50849
vn -0.271801 -0.937036 -0.219288
v -0.507867 0.130028 -4.33248
vn 0.182139 -0.90195 0.39155
v -0.448504 0.098784 -4.08774
vn 0.420968 -0.907035 -0.00862201
v -0.466729 0.23053 -4.6142
vn -0.304079 -0.820996 0.483219
v -0.411531 0.18106 -4.44027
vn 0.0231638 -0.970096 -0.241612
v 0.102955 0.018591 -4.43559
vn -0.162581 -0.949315 -0.269014
v -0.567231 0.172208 -4.31842
vn -0.416473 -0.510477 -0.752305
v 0.143051 0.033692 -4.51891
vn -0.0627692 -0.943247 -0.326106
v -0.070971 -0.000676 -4.22417
vn 0.167982 -0.450595 -0.876782
v -0.496932 0.144088 -4.30176
vn -0.476081 -0.62363 0.620026
v -0.569314 0.07483 -4.10961
vn -0.209977 -0.93505 -0.285643
v -0.080865 0.150858 -4.69752
vn 0.096019 -0.966119 -0.23957
v -0.70783 0.091494 -4.07993
vn -0.681667 -0.0715231 -0.728158
v -0.581291 0.195641 -4.42986
vn -0.513847 -0.775857 -0.366069
v -0.107422 0.147733 -4.68242
vn -0.179982 -0.967385 -0.178249
v -0.393826 0.064936 -4.06534
vn 0.0246364 -0.985888 0.165584
v -0.342794 0.10295 -4.19032
vn -0.424257 -0.694694 0.580866
v -0.657839 0.107116 -4.13721
vn -0.219521 -0.920747 -0.322545
v -0.108464 0.073268 -4.38091
vn -0.479573 -0.72717 -0.491156
v -0.452149 0.204493 -4.52047
vn -0.444412 -0.777619 -0.444754
v -0.276661 0.167521 -4.58556
vn -0.570143 -0.816727 -0.0888449
v -0.153768 0.148775 -4.63659
vn -0.681491 -0.729025 -0.0639769
v -0.725014 0.120655 -4.06066
vn -0.458575 0.798185 -0.390653
v -0.536508 0.046711 -4.06274
vn -0.192652 -0.646607 -0.738095
v -0.211048 0.193558 -4.85218
vn 0.0173555 -0.99275 -0.118942
v -0.406845 0.214387 -4.72824
vn -0.0432444 -0.978883 -0.199794
v -0.22615 0.06077 -4.27885
vn -0.41765 -0.895986 -0.150924
v -0.462563 0.096701 -4.26427
vn -0.550144 -0.582642 -0.598222
v 0.002453 0.132111 -4.6168
vn -0.314205 -0.614438 -0.7237
v -0.491204 0.084724 -4.19345
vn -0.0678284 -0.971501 -0.227125
v -0.46725 0.148254 -4.29967
vn -0.45856 -0.888451 -0.0194323
v 0.018596 0.050356 -4.45902
vn -0.713099 -0.590015 -0.378645
v -0.212611 0.151899 -4.60795
vn -0.549489 -0.408755 -0.728685
v -0.300094 0.067019 -4.22157
vn 0.209412 -0.975696 0.0645322
v 0.037342 -0.028275 -4.22209
vn 0.305766 -0.950493 0.055418
v -0.36779 0.23782 -4.80375
vn -0.499346 -0.784667 -0.367358
v -0.329776 0.165959 -4.50224
vn -0.212373 -0.961279 0.175617
v 0.045674 0.03213 -4.43351
vn -0.252405 -0.911244 -0.325462
v -0.447983 0.052959 -4.06899
vn 0.134541 -0.978444 -0.156671
v -0.158454 -0.020464 -4.16324
vn -0.5296 -0.78223 -0.328085
v -0.380287 0.122217 -4.37779
vn -0.187153 -0.897687 -0.398913
v -0.629719 0.209701 -4.37206
vn -0.130128 0.97533 0.17832
v -0.528176 0.226885 -4.59441
vn 0.0617169 -0.982045 0.178265
v -0.080865 0.127425 -4.60847
vn -0.40275 -0.910332 0.095336
v -0.400596 0.06025 -4.07836
vn 0.067983 -0.997659 0.00747114
v -0.140749 0.144609 -4.62774
vn 0.191118 -0.977367 -0.0907098
v -0.411011 0.061812 -4.11533
vn -0.113805 -0.992276 0.049372
v 0.150862 0.01078 -4.42465
vn -0.112385 -0.974921 -0.192092
v -0.024625 0.043065 -4.38716
vn -0.550246 -0.809454 -0.204969
v -0.576084 0.142526 -4.32155
vn -0.173611 -0.920902 -0.348996
v -0.641176 0.209701 -4.37779
vn -0.813396 0.155704 -0.560484
v 0.056089 0.018591 -4.40018
vn -0.234326 -0.931469 -0.27831
v -0.478186 0.216991 -4.72928
vn -0.62629 -0.674268 -0.39131
v -0.508388 0.182623 -4.38612
vn -0.671284 -0.574211 -0.468678
v -0.376121 0.109199 -4.26114
vn -0.252331 -0.931519 -0.261919
v -0.290721 0.111803 -4.35071
vn -0.440649 -0.865684 0.237527
v 0.006619 -0.009008 -4.25593
vn -0.811904 -0.382835 -0.440737
v -0.101694 0.119093 -4.54702
vn 0.186658 -0.803031 -0.56595
v -0.119399 0.080038 -4.40174
vn -0.235383 -0.964358 -0.120864
v -0.465167 0.23782 -4.63503
vn -0.475854 -0.87687 0.0682851
v -0.592747 0.178457 -4.39705
vn -0.244933 -0.834751 -0.493152
v -0.434965 0.213867 -4.74438
vn 0.214082 -0.973037 -0.0858314
v -0.371956 0.151899 -4.41111
vn -0.263498 -0.621107 -0.738103
v -0.511513 0.077955 -4.15179
vn -0.10782 -0.959826 -0.259055
v -0.14856 0.119614 -4.50901
vn 0.10066 -0.98959 -0.102857
v -0.521927 0.050356 -4.06378
vn -0.125145 -0.147623 -0.981094
v -0.256352 0.197724 -4.7673
vn -0.26484 -0.960846 0.0814546
v -0.349564 0.169083 -4.49912
vn -0.412072 -0.875513 0.252337
v -0.589623 0.163355 -4.37154
vn -0.204413 -0.857482 -0.472165
v -0.227712 0.059208 -4.25854
vn -0.619293 -0.752226 -0.225016
v -0.192302 0.16648 -4.72824
vn -0.684919 -0.577513 -0.444257
v 0.161277 0.013904 -4.43507
vn -0.509008 -0.826542 -0.240291
v -0.564107 0.219595 -4.53921
vn -0.195888 -0.977166 -0.0823084
v 0.141489 0.000365 -4.39705
vn 0.00849322 -0.911731 -0.4107
v -0.132417 0.160231 -4.71314
vn -0.126098 -0.984765 0.119737
v -0.415177 0.213346 -4.5892
vn -0.558315 -0.811562 -0.172197
v -0.214694 0.002448 -4.12627
vn -0.476964 -0.742669 -0.470051
v -0.074616 0.021195 -4.27728
vn -0.143199 -0.966593 -0.212585
v -0.185532 0.119614 -4.50068
vn 0.0247156 -0.988637 -0.148274
v -0.365707 0.193558 -4.59754
vn -0.0961413 -0.812975 0.574307
v -0.080865 0.072227 -4.446
vn -0.294186 -0.92197 -0.251846
v -0.235523 0.179498 -4.73553
vn -0.196474 -0.980437 0.0118723
v -0.457356 0.232092 -4.59858
vn -0.355617 -0.915754 -0.186899
v -0.369873 0.087328 -4.10492
vn -0.565014 -0.822848 -0.0606652
v -0.569835 0.112323 -4.17834
vn -0.562649 -0.727648 -0.392371
v 0.152425 0.029006 -4.49183
vn -0.465891 -0.606259 -0.644512
v -0.180846 0.039941 -4.26687
vn -0.290284 -0.935018 -0.203656
v -0.660964 0.148775 -4.26427
vn -0.414117 -0.909613 0.0333216
v -0.336546 0.122217 -4.30332
vn 0.559099 -0.827984 -0.0430242
v -0.390702 0.161272 -4.5163
vn 0.338188 -0.9232 -0.182565
v -0.004837 0.071706 -4.51005
vn -0.275075 -0.931745 -0.237035
v -0.189178 0.101909 -4.40695
vn -0.347058 -0.92202 -0.171551
v -0.207924 0.170646 -4.69595
vn -0.316643 -0.948461 0.012609
v -0.288638 0.194599 -4.75844
vn -0.270932 -0.958222 -0.0916928
v -0.363103 0.065457 -4.18147
vn -0.00135474 -0.762357 -0.647155
v -0.067846 0.128466 -4.61576
vn 0.00961659 -0.669061 -0.743145
v -0.379767 0.189913 -4.65325
vn -0.733443 -0.603714 -0.312396
v -0.54484 0.139402 -4.3429
vn -0.118681 -0.973269 -0.196629
v -0.235002 0.11701 -4.41788
vn -0.0460688 -0.998934 -0.00279192
v 0.017554 0.033172 -4.42309
vn -0.402047 -0.881992 -0.245863
v -0.525572 0.160231 -4.28457
vn 0.122733 -0.986236 -0.110795
v -0.019418 0.073268 -4.48558
vn -0.307046 -0.913585 -0.266618
v -0.416218 0.255005 -4.78656
vn -0.474026 0.0810905 -0.876769
v -0.420384 0.228447 -4.76625
vn -0.984167 -0.165687 -0.0629477
v -0.371435 0.218553 -4.77094
vn -0.232981 -0.78274 -0.577094
v -0.041289 0.058167 -4.40174
vn 0.0507712 -0.996379 -0.0682029
v -0.111067 -0.028796 -4.1872
vn -0.219619 -0.800991 -0.556939
v -0.089196 -0.027234 -4.20594
vn -0.24797 -0.817459 -0.519877
v -0.504222 0.084204 -4.18095
vn -0.550727 -0.61856 -0.560431
v -0.099611 0.172729 -4.76313
vn 0.167627 -0.913152 -0.371558
v -0.53078 0.201369 -4.39966
vn 0.0301658 -0.997364 -0.0659861
v -0.044934 0.144609 -4.6319
vn 0.841368 -0.5221 -0.139681
v -0.284993 0.165438 -4.62722
vn -0.402488 -0.902688 0.152178
v -0.215214 0.120134 -4.46006
vn -0.0336662 -0.998224 -0.0491433
v -0.574522 0.11701 -4.17001
vn -0.930334 -0.308571 0.198149
v -0.215214 0.038379 -4.24135
vn -0.398695 -0.861888 -0.313353
v 0.080043 0.005573 -4.38039
vn -0.267719 -0.902786 -0.336608
v -0.611494 0.082121 -4.0768
vn -0.588339 -0.800972 -0.110914
v -0.329776 0.10972 -4.27572
vn -0.197742 -0.925507 0.323009
v 0.006098 0.075351 -4.52515
vn -0.196451 -0.948096 -0.250041
v 0.129512 0.017029 -4.44756
vn -0.0991863 -0.963063 -0.250343
v -0.33238 0.128987 -4.38247
vn -0.281541 -0.574204 -0.768781
v 0.146176 -0.012132 -4.37102
vn 0.00627792 -0.9074 -0.420221
v -0.099611 0.031089 -4.27676
vn 0.749478 -0.570089 0.336573
v -0.358416 0.092535 -4.21219
vn -0.636548 -0.738401 -0.222645
v 0.019116 -0.012653 -4.26531
vn -0.0660639 -0.900183 -0.430471
v -0.430278 0.177415 -4.41736
vn -0.076227 -0.516672 -0.852784
v -0.533383 0.072227 -4.09815
vn -0.368476 0.212417 -0.905044
v -0.315716 0.210221 -4.82978
vn -0.492609 -0.852937 -0.172727
v 0.047757 0.123779 -4.61576
vn -0.151244 -0.628733 -0.762771
v -0.285514 0.18783 -4.68919
vn 0.423068 -0.817632 -0.390501
v 0.086812 0.025361 -4.45381
vn -0.231091 -0.904502 -0.358431
v -0.115754 -0.00328 -4.21219
vn -0.207822 -0.978139 0.00729902
v -0.490683 0.160231 -4.3481
vn -0.0620429 -0.922684 -0.380533
v -0.145957 0.038379 -4.26843
vn 0.506097 -0.758575 0.410402
v -0.625554 0.112323 -4.17105
vn -0.107369 -0.962761 -0.24812
v -0.546923 0.240424 -4.54182
vn -0.245288 -0.791398 -0.559931
v -0.179804 0.142005 -4.57098
vn 0.356686 -0.930105 -0.0876384
v -0.120441 0.174291 -4.78083
vn 0.100224 -0.976389 -0.191362
v 0.109724 -0.005363 -4.36373
vn -0.142511 -0.940623 -0.308089
v 0.006619 0.056084 -4.47308
vn -0.319936 -0.913431 -0.251564
v -0.338629 0.16648 -4.46787
vn 0.103669 -0.883262 -0.457276
v -0.385495 0.063374 -4.06118
vn -0.224868 -0.973651 0.0379194
v -0.441734 0.096701 -4.26427
vn 0.0707709 -0.936979 -0.342143
v -0.167307 0.037858 -4.27624
vn -0.220358 -0.955008 -0.198498
v -0.203237 0.11701 -4.4611
vn -0.294828 -0.922861 -0.247797
v -0.178763 0.168042 -4.74751
vn -0.398517 -0.843769 -0.359496
v -0.20532 0.178457 -4.78031
vn -0.242665 -0.928732 -0.280304
v -0.148039 0.132632 -4.58296
vn -0.27129 -0.943783 -0.188881
v -0.193864 0.014946 -4.16741
vn -0.342139 -0.757235 -0.556359
v -0.378725 0.199286 -4.57566
vn -0.528077 -0.844337 -0.090715
v -0.527655 0.083683 -4.15908
vn -0.168309 -0.946207 -0.276341
v -0.153247 0.140443 -4.55848
vn -0.353452 -0.929873 0.10202
v -0.541195 0.200327 -4.39549
vn -0.225114 -0.972596 -0.0581393
v -0.1345 0.177415 -4.8152
vn 0.0913365 -0.982363 -0.163156
v -0.562024 0.221678 -4.56421
vn -0.281514 -0.957757 -0.0587484
v -0.471937 0.123779 -4.2049
vn -0.205037 -0.957034 -0.205051
v 0.065462 0.021195 -4.41424
vn -0.269979 -0.91353 -0.30426
v -0.09909 0.062333 -4.36268
vn -0.445442 -0.895296 -0.00520799
v -0.439651 0.214387 -4.72199
vn 0.376589 -0.914259 -0.149372
v 0.115452 0.071185 -4.58348
vn -0.192663 -0.778816 -0.596931
v -0.4886 0.139922 -4.30853
vn 0.0549391 -0.952398 -0.299867
v -0.135542 -0.035045 -4.16533
vn -0.372653 -0.700557 -0.608563
v -0.372476 0.103992 -4.21219
vn -0.509321 -0.778902 -0.365928
v 0.103996 0.069102 -4.57462
vn -0.279062 -0.811731 -0.513047
v -0.149081 0.171166 -4.76209
vn -0.155701 -0.925614 -0.344957
v -0.248541 0.090973 -4.29967
vn -0.0832124 -0.952768 -0.292078
v -0.19126 0.174291 -4.78656
vn -0.159495 -0.949134 -0.27149
v -0.676586 0.146692 -4.13721
vn -0.0700169 -0.884776 -0.460726
v -0.411531 0.063895 -4.12939
vn -0.0508236 -0.977044 -0.206886
v -0.007962 0.055042 -4.44496
vn -0.333288 -0.921801 -0.197995
v -0.266767 0.186788 -4.75063
vn -0.408496 -0.804448 -0.43127
v -0.082427 0.042024 -4.35592
vn -0.341901 -0.774792 -0.53179
v 0.014951 0.076913 -4.53713
vn -0.276649 -0.910556 -0.307169
v -0.502139 0.228968 -4.54026
vn -0.259613 -0.909973 -0.323343
v -0.379246 0.206056 -4.74543
vn -0.24837 -0.964886 -0.0854803
v -0.144915 0.113365 -4.49756
vn -0.149069 -0.925815 -0.347341
v -0.312071 0.178977 -4.62045
vn -0.135727 -0.98483 -0.108107
v 0.03578 0.070664 -4.54286
vn -0.22698 -0.911415 -0.343223
v -0.483914 0.218553 -4.66367
vn -0.456337 -0.88159 0.120647
v -0.07045 0.084204 -4.46735
vn 0.0896897 -0.976609 -0.195422
v 0.101913 0.005573 -4.3908
vn -0.214545 -0.922892 -0.31975
v -0.60889 0.139402 -4.29186
vn -0.227457 -0.951289 -0.208115
v -0.024625 0.120655 -4.61055
vn -0.107239 -0.641658 -0.759456
v -0.553692 0.152941 -4.245
vn -0.522207 -0.819236 -0.236963
v 0.000891 -0.021506 -4.24864
vn -0.801561 -0.407356 -0.437678
v 0.163881 0.037337 -4.51318
vn 0.719669 -0.435298 -0.540918
v -0.560462 0.188871 -4.35592
vn -0.0875884 -0.991492 0.0962912
v 0.17065 0.010259 -4.43559
vn 0.370066 -0.869356 0.327523
v -0.513596 0.155024 -4.3054
vn 0.19138 -0.610008 0.768937
v 0.062338 0.072227 -4.55588
vn -0.214631 -0.897878 -0.384381
v -0.409448 0.191475 -4.5314
vn -0.491759 -0.799137 -0.345765
v -0.576084 0.220115 -4.5465
vn 0.183088 -0.97527 0.123806
v -0.715641 0.138881 -4.05962
vn -0.871612 0.160072 -0.463324
v -0.216256 0.172729 -4.68658
vn -0.277814 -0.901135 -0.332829
v -0.47402 0.221157 -4.71887
vn -0.700205 -0.598182 0.389732
v -0.080865 -0.035566 -4.19345
vn -0.0126512 -0.855555 -0.517557
v -0.560462 0.226885 -4.59077
vn 0.123722 -0.80247 0.583725
v -0.391744 0.111282 -4.21896
vn 0.24391 -0.969 -0.039326
v -0.593789 0.134715 -4.27624
vn -0.253604 -0.957372 -0.138286
v -0.116795 -0.004321 -4.19553
vn -0.582916 -0.609512 -0.537312
v 0.083688 0.009738 -4.39341
vn -0.194219 -0.952512 -0.234522
v 0.070149 0.047231 -4.50068
vn -0.249884 -0.923134 -0.292202
v -0.390702 0.215429 -4.73657
vn -0.443802 -0.872865 0.202845
v -0.0491 0.096701 -4.5413
vn -0.281449 -0.932868 -0.224818
v -0.067326 -0.006404 -4.25593
vn -0.359546 -0.841095 -0.404087
v -0.458398 0.150858 -4.3278
vn -0.191663 -0.927226 -0.321741
v -0.364665 0.185747 -4.65273
vn -0.105466 -0.929953 0.352227
v 0.096706 -0.025151 -4.25593
vn -0.348304 -0.928521 0.128581
v -0.110547 0.070144 -4.37206
vn -0.627198 -0.709629 -0.321013
v -0.313633 0.119614 -4.37466
vn -0.484725 -0.777596 0.400482
v -0.066284 0.00401 -4.22938
vn -0.25168 -0.820575 -0.513141
v -0.256352 0.106595 -4.37258
vn -0.324256 -0.843282 -0.428641
v -0.22615 0.109199 -4.37466
vn -0.741223 0.137007 -0.657129
v -0.444338 0.099826 -4.12419
vn -0.511588 -0.858856 0.0253671
v -0.143353 0.138881 -4.61368
vn -0.146628 -0.986022 -0.0791264
v -0.408407 0.134194 -4.38247
vn -0.277082 -0.920466 -0.275621
v -0.390181 0.247194 -4.79542
vn -0.172091 -0.738966 -0.651393
v -0.058994 0.04619 -4.39653
vn -0.219598 -0.866434 -0.448407
v -0.471937 0.224281 -4.56265
vn -0.367375 -0.857267 -0.360734
v -0.216777 0.183664 -4.79437
vn -0.112163 -0.967822 -0.225254
v -0.215735 0.089411 -4.32884
vn -0.472647 -0.84712 -0.242884
v -0.50266 0.044107 -4.06691
vn 0.0897859 -0.88596 -0.454988
v -0.058994 0.164397 -4.70897
vn 0.527517 -0.789488 -0.313743
v -0.054828 0.019112 -4.28926
vn -0.570897 -0.404768 -0.71431
v 0.024845 0.019112 -4.38247
vn -0.529729 -0.815687 -0.232467
v -0.526614 0.167 -4.32884
vn 0.0521985 -0.943971 0.325874
v -0.221984 0.186788 -4.83187
vn -0.0721538 -0.989419 -0.125875
v -0.490683 0.240945 -4.59025
vn -0.23264 -0.947774 -0.21818
v -0.224067 0.185747 -4.80687
vn -0.0781485 -0.996895 -0.00966785
v -0.123044 -0.048584 -4.15022
vn -0.0808497 -0.844217 -0.529869
v -0.268329 0.191475 -4.78917
vn -0.419462 -0.868461 -0.264248
v 0.165964 0.021195 -4.48089
vn 0.464573 -0.806138 0.366488
v -0.145957 0.119093 -4.53869
vn -0.160398 -0.941022 -0.297908
v -0.083468 0.158148 -4.71678
vn 0.139904 -0.917667 -0.371905
v 0.02172 0.012342 -4.35019
vn -0.479444 -0.861345 -0.167981
v -0.279785 0.196682 -4.83082
vn -0.330941 -0.918409 0.216801
v -0.499015 0.115968 -4.16845
vn 0.264057 -0.509041 0.819238
v -0.264163 0.186788 -4.7397
vn 0.675049 -0.617665 0.403484
v -0.087113 0.151899 -4.7022
vn 0.0654259 -0.949976 -0.305394
v -0.662526 0.144088 -4.20699
vn -0.500109 -0.79461 -0.344217
v -0.005358 0.073268 -4.52672
vn -0.132701 -0.963272 -0.233448
v -0.365707 0.18054 -4.5262
vn 0.135709 -0.917871 -0.372956
v -0.576604 0.208139 -4.46058
vn -0.430249 -0.824743 -0.366995
v -0.395389 0.195641 -4.54442
vn -0.357224 -0.933513 -0.0307226
v 0.037342 0.066499 -4.53244
vn -0.284716 -0.911099 -0.298054
v -0.244896 0.17377 -4.72147
vn 0.272178 -0.929215 -0.249955
v -0.29697 0.061812 -4.1044
vn -0.479197 -0.762856 0.434075
v -0.073574 0.100867 -4.52411
vn -0.345602 -0.888714 -0.30124
v -0.002234 0.008176 -4.29447
vn 0.133542 -0.91006 -0.392375
v -0.0491 0.10295 -4.56629
vn -0.307152 -0.899394 -0.311043
v -0.621908 0.133673 -4.2575
vn -0.21417 -0.969133 -0.122121
v -0.034519 0.030568 -4.36737
vn -0.0585607 -0.851904 -0.520414
v -0.705226 0.121696 -4.07732
vn 0.183087 -0.579982 -0.793789
v -0.370914 0.098263 -4.19761
vn -0.776388 -0.629925 0.0204024
v 0.139406 -0.013695 -4.36425
vn -0.195442 -0.896766 -0.397005
v -0.482872 0.071706 -4.14033
vn -0.144743 -0.953403 -0.26471
v -0.364145 0.214908 -4.76834
vn -0.267384 -0.830456 -0.488721
v -0.276661 0.160752 -4.53505
vn -0.253861 -0.696405 -0.671248
v -0.541195 0.14513 -4.35279
vn -0.0615638 -0.900847 -0.42975
v 0.082646 0.084204 -4.59181
vn -0.301728 -0.776121 -0.553712
v -0.083468 0.111282 -4.5465
vn -0.489318 -0.688321 -0.535521
v 0.002974 0.013384 -4.32571
vn -0.180995 -0.9442 -0.275184
v -0.600558 0.214387 -4.43507
vn -0.558823 -0.669136 -0.489871
v -0.553692 0.245111 -4.5137
vn 0.0536656 -0.490743 -0.86965
v -0.141791 0.135756 -4.59962
vn -0.144578 -0.95237 -0.268493
v -0.195947 0.11701 -4.49547
vn -0.437574 -0.897079 0.0614751
v -0.171473 -0.00328 -4.15543
vn -0.863765 -0.47925 0.155656
v 0.080043 -0.020985 -4.26062
vn 0.0302664 -0.988866 0.145697
v -0.271454 0.029526 -4.11221
vn -0.301757 -0.933316 -0.194585
v -0.400075 0.209701 -4.70324
vn -0.12196 -0.986429 -0.109925
v -0.13398 0.070664 -4.37622
vn 0.259029 -0.889889 -0.375502
v -0.265205 0.180019 -4.66992
vn 0.407804 -0.912182 -0.0402397
v -0.458918 0.221157 -4.56056
vn -0.0129693 -0.953263 -0.301863
v -0.659401 0.089932 -4.0742
vn -0.136798 -0.980434 -0.141548
v -0.38914 0.202931 -4.59754
vn -0.577629 -0.78115 0.236958
v -0.505785 0.238341 -4.64753
vn -0.587045 -0.800879 0.118203
v -0.51672 0.186788 -4.4736
vn -0.237195 -0.889129 -0.391393
v -0.170952 0.106595 -4.45173
vn -0.277284 -0.933509 -0.227321
v -0.204279 0.017029 -4.18876
vn -0.470181 -0.776373 -0.419732
v -0.277182 0.048794 -4.18407
vn -0.362858 -0.914917 -0.17681
v -0.292804 0.0389 -4.07732
vn 0.560806 -0.808697 -0.177497
v -0.565148 0.087849 -4.1445
vn -0.21396 -0.948566 -0.233331
v -0.185012 0.125862 -4.52359
vn -0.244419 -0.872814 -0.42244
v -0.312071 0.179498 -4.56733
vn -0.198234 -0.974831 0.102022
v -0.120441 0.162835 -4.74074
vn 0.0737161 -0.972917 -0.219085
v -0.364145 0.124821 -4.32207
vn -0.0399233 -0.736271 -0.675508
v -0.498494 0.107116 -4.26062
vn -0.11741 -0.962656 -0.243945
v -0.408407 0.16648 -4.41632
vn -0.501406 -0.779174 -0.376138
v -0.381329 0.155544 -4.42517
vn -0.561961 -0.826671 0.0285415
v -0.270933 0.048794 -4.19813
vn -0.252097 -0.937365 -0.240404
v -0.225629 0.180019 -4.7725
vn -0.180548 -0.927206 -0.328164
v -0.044413 0.030568 -4.32936
vn -0.823117 0.29102 -0.487633
v 0.159715 0.000365 -4.38924
vn 0.038626 -0.896647 -0.441057
v -0.205841 -0.012132 -4.09919
vn -0.624934 -0.620583 -0.47364
v -0.412573 0.222719 -4.76938
vn 0.136129 -0.745185 -0.652815
v 0.077439 -0.025151 -4.28562
vn -0.219028 -0.923272 -0.315588
v -0.439651 0.220636 -4.67981
vn -0.76551 -0.456015 0.453921
v -0.382891 0.098263 -4.32988
vn 0.412825 -0.872054 0.262864
v 0.004015 0.027443 -4.39341
vn -0.374385 -0.900973 -0.219278
v -0.655756 0.146171 -4.28093
vn -0.182898 -0.982833 -0.0242546
v -0.141791 0.173249 -4.77719
vn -0.0265826 -0.989717 -0.140545
v -0.661484 0.148775 -4.21688
vn -0.908371 -0.391072 -0.148068
v -0.611494 0.132632 -4.26635
vn -0.0909362 -0.957515 -0.273672
v -0.182929 0.107116 -4.43298
vn -0.261528 -0.916901 -0.301488
v -0.32561 0.212304 -4.80271
vn -0.456562 -0.85926 -0.230703
v -0.244375 0.020153 -4.12939
vn -0.4784 -0.840628 -0.253925
v 0.141489 0.017029 -4.44704
vn -0.0449799 -0.933974 -0.354499
v -0.102736 -0.008487 -4.19917
vn -0.860361 -0.0927365 -0.501178
v -0.491204 0.225323 -4.53765
vn -0.715205 -0.354379 -0.60241
v -0.048579 -0.016819 -4.24031
vn 0.227478 -0.927197 -0.297591
v -0.342794 0.190434 -4.62409
vn -0.403518 -0.884123 -0.235584
v -0.299053 0.190954 -4.67356
vn 0.340075 -0.929515 -0.142658
v -0.227712 0.092535 -4.31946
vn 0.0108149 -0.499536 -0.866226
v -0.192823 0.027443 -4.22677
vn -0.704581 -0.351353 -0.616536
v -0.236044 0.1243 -4.46371
vn -0.874197 -0.460949 -0.152661
v 0.002974 0.022236 -4.34967
vn -0.368489 -0.908759 -0.195891
v -0.067846 0.019632 -4.28926
vn -0.495754 -0.847694 -0.188795
v -0.286555 0.191996 -4.84801
vn -0.34173 -0.916704 0.20706
v -0.390181 0.155544 -4.38768
vn -0.225021 -0.945595 -0.234978
v -0.257394 0.184705 -4.78135
vn -0.166459 -0.939058 -0.300768
v -0.2475 0.157106 -4.5689
vn -0.0474143 -0.991592 0.120402
v 0.069107 0.069623 -4.55171
vn -0.311953 -0.874701 -0.370923
v -0.248021 0.107116 -4.34446
vn -0.57735 -0.57735 -0.57735
v -0.026187 -0.007967 -4.24135
vn 0.450674 -0.888024 -0.0911384
v -0.458918 0.198765 -4.48297
vn -0.106116 -0.989926 0.093734
v 0.161277 0.019632 -4.46735
vn 0.30415 -0.912453 0.273719
v -0.549526 0.154503 -4.25958
vn -0.834579 0.0112023 -0.550774
v 0.100351 -0.000676 -4.37935
vn -0.159206 -0.930648 -0.329467
v -0.478186 0.197724 -4.74803
vn -0.39024 -0.84687 0.361281
v -0.198551 0.134715 -4.50485
vn -0.394038 -0.383 -0.835491
v -0.225108 0.043586 -4.22261
vn -0.406861 -0.864494 -0.295152
v -0.295407 0.113885 -4.36581
vn -0.101982 -0.923289 -0.37032
v -0.337587 0.112323 -4.26479
vn 0.344445 -0.923156 -0.170705
v -0.354771 0.228968 -4.81
vn -0.530496 -0.795646 -0.29244
v -0.600558 0.11024 -4.19709
vn -0.245516 -0.932136 -0.266165
v -0.455794 0.080038 -4.17105
vn -0.167778 -0.909433 -0.380503
v -0.43184 0.185747 -4.45173
vn 0.39266 -0.911064 0.125618
v -0.017856 0.042024 -4.40486
vn -0.329585 -0.857132 -0.395853
v -0.128772 0.065978 -4.32936
vn 0.493777 -0.383861 -0.780278
v -0.391744 0.210742 -4.60587
vn 0.356342 -0.231171 -0.905307
v -0.358416 0.115448 -4.37362
vn -0.283884 -0.866347 -0.410918
v -0.281348 0.046711 -4.06534
vn -0.116933 -0.34062 0.932901
v -0.031916 0.097222 -4.57046
vn 0.261073 -0.945138 -0.196355
v -0.161579 0.152941 -4.63555
vn -0.260321 -0.948714 -0.179371
v -0.27562 0.13836 -4.46839
vn -0.0404604 -0.733618 -0.678356
v 0.030052 -0.011091 -4.28457
vn -0.0885909 -0.898792 -0.429331
v -0.43861 0.095139 -4.12731
vn -0.753829 -0.527237 0.392125
v -0.022542 -0.042856 -4.17522
vn 0.214527 -0.944606 -0.248392
v -0.208965 0.165959 -4.66679
vn 0.153108 -0.986152 -0.0637339
v 0.182107 0.001407 -4.40434
vn -0.216562 -0.898371 -0.382139
v -0.243334 0.050356 -4.1445
vn -0.375825 -0.72499 -0.577188
v -0.487038 0.24459 -4.61472
vn -0.380659 -0.919211 -0.100749
v -0.27614 0.091494 -4.25385
vn -0.40865 -0.817193 -0.406449
v -0.26208 0.190954 -4.80583
vn -0.261434 -0.965221 0
v -0.242813 0.10295 -4.33092
vn 0.66276 -0.738716 -0.122669
v -0.405283 0.212304 -4.6116
vn -0.397684 -0.886798 -0.235449
v -0.39643 0.061291 -4.12992
vn -0.113318 -0.983995 -0.137526
v -0.102215 0.038379 -4.29499
vn -0.474843 -0.744183 -0.469804
v -0.48131 0.238341 -4.60379
vn -0.309189 -0.94211 -0.129733
v -0.168869 0.096701 -4.40903
vn -0.272518 -0.957618 -0.0932849
v -0.347481 0.095139 -4.19917
vn -0.038112 -0.761367 0.6472
v -0.213131 0.101909 -4.35748
vn 0.179892 -0.976629 0.117619
v -0.274578 0.036296 -4.13929
vn -0.349159 -0.933653 -0.0798756
v -0.018897 0.063374 -4.45902
vn -0.306936 -0.868282 -0.389713
v -0.345919 0.177415 -4.60587
vn 0.504816 -0.862907 -0.023492
v -0.419863 0.215429 -4.72095
vn -0.123324 -0.992164 0.0200314
v 0.090457 0.047231 -4.51526
vn -0.220638 -0.868988 -0.44292
v 0.026407 0.043065 -4.44652
vn -0.165613 -0.931559 -0.323683
v -0.380287 0.153461 -4.41163
vn -0.401691 -0.860973 -0.312042
v -0.140749 0.165438 -4.75115
vn 0.0190624 -0.890666 0.454259
v -0.491725 0.106595 -4.14346
vn -0.0595315 -0.982124 -0.178572
v -0.299053 0.198765 -4.65846
vn -0.27233 -0.157843 0.949169
v -0.05639 0.128987 -4.64388
vn -0.723236 -0.647393 -0.240442
v -0.374039 0.1243 -4.3856
vn -0.200199 -0.918443 -0.34115
v -0.335504 0.10295 -4.1497
vn -0.48033 -0.350127 -0.804173
v -0.350085 0.197203 -4.66002
vn 0.878273 -0.459058 -0.133797
v -0.563586 0.150337 -4.35592
vn -0.0583177 -0.942493 -0.329099
v -0.007441 0.073789 -4.51682
vn 0.0210385 -0.995353 -0.0939629
v -0.029312 0.069102 -4.46735
vn -0.300911 -0.888134 -0.347376
v -0.048579 -0.021506 -4.22729
vn 0.326836 -0.804489 -0.495959
v -0.008482 0.044628 -4.41684
vn -0.357288 -0.879246 -0.315074
v -0.07045 0.043065 -4.37206
vn -0.377605 -0.831349 -0.407767
v -0.102736 0.007656 -4.22521
vn 0.171061 -0.478617 -0.861199
v -0.362582 0.118572 -4.31686
vn -0.125362 -0.800823 -0.585634
v -0.317799 0.18783 -4.65794
vn 0.168827 -0.930454 0.325197
f 2//2 1394//1394 1613//1613
f 1613//1613 1603//1603 2//2
f 1603//1603 1344//1344 2//2
f 1603//1603 3178//3178 1344//1344
f 1603//1603 466//466 3178//3178
f 1603//1603 2550//2550 466//466
f 2550//2550 935//935 466//466
f 2550//2550 1591//1591 935//935
f 1603//1603 2442//2442 2550//2550
f 2442//2442 258//258 2550//2550
f 2442//2442 1448//1448 258//258
f 1448//1448 2087//2087 258//258
f 2087//2087 1591//1591 258//258
f 2087//2087 871//871 1591//1591
f 871//871 2675//2675 1591//1591
f 2675//2675 617//617 1591//1591
f 2675//2675 2616//2616 617//617
f 2675//2675 2673//2673 2616//2616
f 2673//2673 244//244 2616//2616
f 244//244 1145//1145 2616//2616
f 2673//2673 997//997 244//244
f 2673//2673 997//997 3015//3015
f 997//997 2111//2111 3015//3015
f 2111//2111 2886//2886 3015//3015
f 2886//2886 1159//1159 3015//3015
f 1159//1159 2598//2598 3015//3015
f 2598//2598 510//510 3015//3015
f 510//510 2673//2673 3015//3015
f 2598//2598 2158//2158 510//510
f 1159//1159 2955//2955 2598//2598
f 1159//1159 2573//2573 2955//2955
f 2573//2573 768//768 2955//2955
f 768//768 2137//2137 2955//2955
f 2137//2137 32//32 2955//2955
f 2137//2137 1033//1033 32//32
f 1033//1033 1626//1626 32//32
f 1626//1626 2432//2432 32//32
f 2432//2432 1833//1833 32//32
f 2432//2432 2083//2083 1833//1833
f 2432//2432 473//473 2083//2083
f 1626//1626 1160//1160 2432//2432
f 1626//1626 2630//2630 1160//1160
f 2630//2630 390//390 1160//1160
f 2137//2137 3176//3176 1033//1033
f 3176//3176 1692//1692 1033//1033
f 1692//1692 390//390 1033//1033
f 3176//3176 2663//2663 1692//1692
f 3176//3176 1503//1503 2663//2663
f 1503//1503 629//629 2663//2663
f 629//629 1933//1933 2663//2663
f 1503//1503 1619//1619 629//629
f 1503//1503 768//768 1619//1619
f 1503//1503 3176//3176 768//768
f 3176//3176 2137//2137 768//768
f 2573//2573 2514//2514 768//768
f 1159//1159 2886//2886 2573//2573
f 2886//2886 305//305 2573//2573
f 2886//2886 1914//1914 305//305
f 2886//2886 2111//2111 1914//1914
f 2111//2111 997//997 1914//1914
f 2087//2087 1209//1209 871//871
f 2087//2087 579//579 1209//1209
f 579//579 2799//2799 1209//1209
f 2799//2799 2019//2019 1209//1209
f 2799//2799 2734//2734 2019//2019
f 2799//2799 3210//3210 2734//2734
f 3210//3210 632//632 2734//2734
f 3210//3210 632//632 3140//3140
f 632//632 1762//1762 3140//3140
f 1762//1762 1208//1208 3140//3140
f 1208//1208 2485//2485 3140//3140
f 2485//2485 3210//3210 3140//3140
f 1208//1208 1749//1749 2485//2485
f 1749//1749 80//80 2485//2485
f 1749//1749 3154//3154 80//80
f 3154//3154 1812//1812 80//80
f 1812//1812 1209//1209 80//80
f 1208//1208 1354//1354 1749//1749
f 1208//1208 2242//2242 1354//1354
f 2242//2242 1042//1042 1354//1354
f 1208//1208 603//603 2242//2242
f 603//603 2129//2129 2242//2242
f 603//603 3035//3035 2129//2129
f 3035//3035 1044//1044 2129//2129
f 3035//3035 1044//1044 2733//2733
f 603//603 2214//2214 3035//3035
f 1208//1208 1762//1762 603//603
f 2799//2799 2292//2292 3210//3210
f 579//579 1593//1593 2799//2799
f 2087//2087 1536//1536 579//579
f 1536//1536 1986//1986 579//579
f 2//2 2641//2641 1394//1394
f 2641//2641 2546//2546 1394//1394
f 2546//2546 2208//2208 1394//1394
f 2641//2641 540//540 2546//2546
f 3//3 2297//2297 2255//2255
f 3//3 1384//1384 2297//2297
f 2297//2297 770//770 2255//2255
f 2297//2297 3106//3106 770//770
f 2297//2297 486//486 3106//3106
f 4//4 2132//2132 2690//2690
f 4//4 936//936 2132//2132
f 936//936 1807//1807 2132//2132
f 1807//1807 2884//2884 2132//2132
f 2884//2884 1093//1093 2132//2132
f 1093//1093 2690//2690 2132//2132
f 1093//1093 435//435 2690//2690
f 2884//2884 2238//2238 1093//1093
f 2884//2884 1238//1238 2238//2238
f 2884//2884 2381//2381 1238//1238
f 2381//2381 1900//1900 1238//1238
f 2381//2381 190//190 1900//1900
f 2381//2381 1473//1473 190//190
f 1473//1473 2403//2403 190//190
f 2403//2403 2065//2065 190//190
f 2065//2065 1782//1782 190//190
f 2403//2403 1849//1849 2065//2065
f 2403//2403 1349//1349 1849//1849
f 1349//1349 667//667 1849//1849
f 667//667 2006//2006 1849//1849
f 2006//2006 1645//1645 1849//1849
f 1645//1645 791//791 1849//1849
f 1645//1645 2454//2454 791//791
f 1645//1645 2454//2454 347//347
f 2454//2454 1304//1304 347//347
f 1304//1304 1477//1477 347//347
f 1304//1304 2045//2045 1477//1477
f 2045//2045 2724//2724 1477//1477
f 2724//2724 779//779 1477//1477
f 2724//2724 2084//2084 779//779
f 2724//2724 1304//1304 2084//2084
f 2724//2724 2045//2045 1304//1304
f 2454//2454 857//857 1304//1304
f 2006//2006 3214//3214 1645//1645
f 2006//2006 3116//3116 3214//3214
f 3116//3116 2454//2454 3214//3214
f 2006//2006 432//432 3116//3116
f 2006//2006 2693//2693 432//432
f 2006//2006 667//667 2693//2693
f 1349//1349 2721//2721 667//667
f 1349//1349 708//708 2721//2721
f 1349//1349 1473//1473 708//708
f 1473//1473 2381//2381 708//708
f 2381//2381 2884//2884 708//708
f 2884//2884 1807//1807 708//708
f 1349//1349 2403//2403 1473//1473
f 2690//2690 2376//2376 4//4
f 2376//2376 1156//1156 4//4
f 2376//2376 2261//2261 1156//1156
f 2261//2261 2354//2354 1156//1156
f 2261//2261 1795//1795 2354//2354
f 1795//1795 453//453 2354//2354
f 453//453 2033//2033 2354//2354
f 2261//2261 3028//3028 1795//1795
f 2261//2261 750//750 3028//3028
f 750//750 2732//2732 3028//3028
f 2261//2261 2376//2376 750//750
f 5//5 1502//1502 2997//2997
f 2997//2997 2032//2032 5//5
f 2032//2032 2385//2385 5//5
f 2032//2032 984//984 2385//2385
f 2032//2032 2305//2305 984//984
f 2997//2997 730//730 2032//2032
f 2997//2997 1502//1502 730//730
f 1502//1502 2977//2977 730//730
f 1502//1502 960//960 2977//2977
f 1502//1502 2478//2478 960//960
f 2478//2478 2001//2001 960//960
f 2001//2001 1632//1632 960//960
f 2478//2478 2808//2808 2001//2001
f 2808//2808 511//511 2001//2001
f 2808//2808 2976//2976 511//511
f 2976//2976 1928//1928 511//511
f 1928//1928 2500//2500 511//511
f 1928//1928 2900//2900 2500//2500
f 2900//2900 1624//1624 2500//2500
f 2900//2900 169//169 1624//1624
f 2900//2900 1928//1928 169//169
f 2976//2976 975//975 1928//1928
f 2976//2976 1486//1486 975//975
f 2976//2976 2808//2808 1486//1486
f 1502//1502 5//5 2478//2478
f 7//7 2871//2871 2880//2880
f 7//7 2525//2525 2871//2871
f 7//7 1402//1402 2525//2525
f 7//7 2272//2272 1402//1402
f 9//9 2959//2959 2337//2337
f 9//9 1268//1268 2959//2959
f 10//10 2153//2153 3052//3052
f 2153//2153 1079//1079 3052//3052
f 1079//1079 1504//1504 3052//3052
f 1079//1079 1226//1226 1504//1504
f 1226//1226 426//426 1504//1504
f 1226//1226 2190//2190 426//426
f 2190//2190 1201//1201 426//426
f 2190//2190 1201//1201 1678//1678
f 1201//1201 100//100 1678//1678
f 1201//1201 2868//2868 100//100
f 1201//1201 471//471 2868//2868
f 1201//1201 2636//2636 471//471
f 1226//1226 2636//2636 2190//2190
f 2153//2153 1220//1220 1079//1079
f 11//11 2772//2772 1535//1535
f 2772//2772 2367//2367 1535//1535
f 2772//2772 2367//2367 11//11
f 13//13 2683//2683 2484//2484
f 13//13 1050//1050 2683//2683
f 14//14 1817//1817 3065//3065
f 14//14 1778//1778 1817//1817
f 1778//1778 2395//2395 1817//1817
f 1778//1778 2440//2440 2395//2395
f 2440//2440 296//296 2395//2395
f 2440//2440 1142//1142 296//296
f 1142//1142 1831//1831 296//296
f 1831//1831 2684//2684 296//296
f 1778//1778 793//793 2440//2440
f 1817//1817 573//573 3065//3065
f 15//15 2531//2531 2422//2422
f 2531//2531 1229//1229 2422//2422
f 1229//1229 3165//3165 2422//2422
f 1229//1229 662//662 3165//3165
f 16//16 2521//2521 3215//3215
f 2521//2521 2108//2108 3215//3215
f 2108//2108 1077//1077 3215//3215
f 2108//2108 2644//2644 1077//1077
f 2644//2644 464//464 1077//1077
f 2644//2644 1162//1162 464//464
f 2108//2108 2521//2521 2644//2644
f 2521//2521 1004//1004 2644//2644
f 3215//3215 1640//1640 16//16
f 3215//3215 1017//1017 1640//1640
f 1017//1017 1204//1204 1640//1640
f 1204//1204 3142//3142 1640//1640
f 3142//3142 451//451 1640//1640
f 451//451 902//902 1640//1640
f 902//902 3202//3202 1640//1640
f 3202//3202 1905//1905 1640//1640
f 3142//3142 2079//2079 451//451
f 3142//3142 1014//1014 2079//2079
f 1014//1014 1439//1439 2079//2079
f 1014//1014 2960//2960 1439//1439
f 2960//2960 1917//1917 1439//1439
f 2960//2960 1917//1917 2406//2406
f 2406//2406 1931//1931 2960//2960
f 1931//1931 2536//2536 2960//2960
f 2536//2536 924//924 2960//2960
f 2536//2536 1221//1221 924//924
f 1221//1221 2279//2279 924//924
f 2279//2279 2634//2634 924//924
f 2634//2634 1917//1917 924//924
f 2634//2634 841//841 1917//1917
f 841//841 2064//2064 1917//1917
f 841//841 2319//2319 2064//2064
f 2319//2319 308//308 2064//2064
f 841//841 1861//1861 2319//2319
f 1861//1861 2319//2319 1734//1734
f 1734//1734 372//372 1861//1861
f 372//372 3076//3076 1861//1861
f 3076//3076 1059//1059 1861//1861
f 3076//3076 1858//1858 1059//1059
f 1858//1858 116//116 1059//1059
f 1858//1858 2911//2911 116//116
f 2911//2911 1842//1842 116//116
f 1842//1842 1285//1285 116//116
f 1285//1285 2203//2203 116//116
f 1285//1285 2036//2036 2203//2203
f 2036//2036 474//474 2203//2203
f 2036//2036 1867//1867 474//474
f 1867//1867 2922//2922 474//474
f 2922//2922 1408//1408 474//474
f 2922//2922 3024//3024 1408//1408
f 3024//3024 2452//2452 1408//1408
f 3024//3024 33//33 2452//2452
f 33//33 1081//1081 2452//2452
f 1081//1081 2243//2243 2452//2452
f 1081//1081 1367//1367 2243//2243
f 1367//1367 395//395 2243//2243
f 3024//3024 1871//1871 33//33
f 1871//1871 1249//1249 33//33
f 1249//1249 3179//3179 33//33
f 3179//3179 2565//2565 33//33
f 3179//3179 951//951 2565//2565
f 951//951 1467//1467 2565//2565
f 3179//3179 951//951 1081//1081
f 1871//1871 2749//2749 1249//1249
f 2749//2749 392//392 1249//1249
f 2749//2749 2645//2645 392//392
f 2645//2645 2746//2746 392//392
f 2746//2746 1985//1985 392//392
f 2746//2746 763//763 1985//1985
f 763//763 2775//2775 1985//1985
f 763//763 1991//1991 2775//2775
f 1991//1991 463//463 2775//2775
f 1991//1991 1745//1745 463//463
f 1991//1991 173//173 1745//1745
f 2645//2645 1239//1239 2746//2746
f 1239//1239 1666//1666 2746//2746
f 1666//1666 2443//2443 2746//2746
f 1239//1239 2340//2340 1666//1666
f 2340//2340 92//92 1666//1666
f 92//92 2596//2596 1666//1666
f 92//92 1368//1368 2596//2596
f 1368//1368 1904//1904 2596//2596
f 1904//1904 566//566 2596//2596
f 566//566 2824//2824 2596//2596
f 566//566 1904//1904 2824//2824
f 92//92 2463//2463 1368//1368
f 2463//2463 2568//2568 1368//1368
f 2340//2340 2025//2025 92//92
f 1239//1239 2645//2645 2340//2340
f 1871//1871 882//882 2749//2749
f 1871//1871 2922//2922 882//882
f 2922//2922 1867//1867 882//882
f 1871//1871 3024//3024 2922//2922
f 1285//1285 1624//1624 2036//2036
f 1842//1842 1141//1141 1285//1285
f 2911//2911 1889//1889 1842//1842
f 2911//2911 517//517 1889//1889
f 517//517 2399//2399 1889//1889
f 2399//2399 987//987 1889//1889
f 517//517 1104//1104 2399//2399
f 1858//1858 907//907 2911//2911
f 3076//3076 372//372 1858//1858
f 2634//2634 1326//1326 841//841
f 2634//2634 2279//2279 1326//1326
f 2279//2279 1813//1813 1326//1326
f 1813//1813 641//641 1326//1326
f 641//641 2524//2524 1326//1326
f 2524//2524 1734//1734 1326//1326
f 1734//1734 1994//1994 1326//1326
f 2524//2524 1291//1291 1734//1734
f 2524//2524 641//641 1291//1291
f 641//641 2447//2447 1291//1291
f 2447//2447 2254//2254 1291//1291
f 2254//2254 3068//3068 1291//1291
f 2447//2447 209//209 2254//2254
f 209//209 3001//3001 2254//2254
f 209//209 1999//1999 3001//3001
f 1999//1999 1139//1139 3001//3001
f 1999//1999 2424//2424 1139//1139
f 2424//2424 1553//1553 1139//1139
f 1553//1553 1884//1884 1139//1139
f 1884//1884 2896//2896 1139//1139
f 2896//2896 757//757 1139//1139
f 2896//2896 1104//1104 757//757
f 1884//1884 3150//3150 2896//2896
f 1884//1884 950//950 3150//3150
f 950//950 70//70 3150//3150
f 70//70 2330//2330 3150//3150
f 2330//2330 1184//1184 3150//3150
f 1884//1884 1553//1553 950//950
f 1553//1553 3061//3061 950//950
f 3061//3061 1612//1612 950//950
f 3061//3061 402//402 1612//1612
f 402//402 1325//1325 1612//1612
f 1325//1325 3184//3184 1612//1612
f 3184//3184 607//607 1612//1612
f 1325//1325 212//212 3184//3184
f 1325//1325 1978//1978 212//212
f 3061//3061 1553//1553 402//402
f 2424//2424 1679//1679 1553//1553
f 2424//2424 570//570 1679//1679
f 570//570 2318//2318 1679//1679
f 2318//2318 316//316 1679//1679
f 2318//2318 1539//1539 316//316
f 2318//2318 2662//2662 1539//1539
f 2424//2424 1999//1999 570//570
f 1999//1999 2923//2923 570//570
f 2923//2923 1857//1857 570//570
f 2923//2923 688//688 1857//1857
f 688//688 1633//1633 1857//1857
f 1633//1633 36//36 1857//1857
f 36//36 2662//2662 1857//1857
f 36//36 2373//2373 2662//2662
f 36//36 1571//1571 2373//2373
f 1571//1571 595//595 2373//2373
f 1571//1571 595//595 2299//2299
f 595//595 2276//2276 2299//2299
f 2276//2276 2413//2413 2299//2299
f 2413//2413 1186//1186 2299//2299
f 1186//1186 2754//2754 2299//2299
f 1186//1186 359//359 2754//2754
f 359//359 2631//2631 2754//2754
f 2631//2631 718//718 2754//2754
f 1186//1186 1357//1357 359//359
f 1357//1357 3087//3087 359//359
f 1357//1357 2934//2934 3087//3087
f 2934//2934 1223//1223 3087//3087
f 2934//2934 2685//2685 1223//1223
f 2685//2685 751//751 1223//1223
f 2934//2934 270//270 2685//2685
f 270//270 1868//1868 2685//2685
f 1868//1868 908//908 2685//2685
f 1868//1868 3047//3047 908//908
f 2276//2276 2301//2301 2413//2413
f 2301//2301 271//271 2413//2413
f 2301//2301 2257//2257 271//271
f 2257//2257 2131//2131 271//271
f 2131//2131 2713//2713 271//271
f 2713//2713 1267//1267 271//271
f 2713//2713 1250//1250 1267//1267
f 1250//1250 2265//2265 1267//1267
f 2713//2713 832//832 1250//1250
f 832//832 2182//2182 1250//1250
f 2182//2182 289//289 1250//1250
f 2182//2182 1310//1310 289//289
f 1310//1310 2453//2453 289//289
f 2453//2453 1315//1315 289//289
f 1315//1315 1764//1764 289//289
f 1764//1764 2679//2679 289//289
f 2679//2679 2265//2265 289//289
f 1764//1764 1765//1765 2679//2679
f 1765//1765 874//874 2679//2679
f 1765//1765 3033//3033 874//874
f 3033//3033 3005//3005 874//874
f 3005//3005 1227//1227 874//874
f 3005//3005 1357//1357 1227//1227
f 3033//3033 76//76 3005//3005
f 76//76 2697//2697 3005//3005
f 2697//2697 1023//1023 3005//3005
f 76//76 3033//3033 2697//2697
f 1765//1765 1300//1300 3033//3033
f 1765//1765 2855//2855 1300//1300
f 2855//2855 2323//2323 1300//1300
f 2855//2855 1457//1457 2323//2323
f 2855//2855 488//488 1457//1457
f 488//488 3196//3196 1457//1457
f 3196//3196 2444//2444 1457//1457
f 3196//3196 160//160 2444//2444
f 160//160 1181//1181 2444//2444
f 1181//1181 2891//2891 2444//2444
f 1181//1181 2152//2152 2891//2891
f 2152//2152 1673//1673 2891//2891
f 1673//1673 533//533 2891//2891
f 1673//1673 2498//2498 533//533
f 2498//2498 2365//2365 533//533
f 2365//2365 2323//2323 533//533
f 2365//2365 846//846 2323//2323
f 2498//2498 1039//1039 2365//2365
f 1039//1039 3125//3125 2365//2365
f 1039//1039 1657//1657 3125//3125
f 1657//1657 742//742 3125//3125
f 742//742 1404//1404 3125//3125
f 1657//1657 2439//2439 742//742
f 1181//1181 544//544 2152//2152
f 160//160 2989//2989 1181//1181
f 160//160 1262//1262 2989//2989
f 160//160 3196//3196 1262//1262
f 3196//3196 488//488 1262//1262
f 2855//2855 1765//1765 488//488
f 1315//1315 3100//3100 1764//1764
f 3100//3100 488//488 1764//1764
f 1315//1315 813//813 3100//3100
f 1315//1315 2312//2312 813//813
f 1310//1310 2013//2013 2453//2453
f 2013//2013 776//776 2453//2453
f 2182//2182 832//832 1310//1310
f 832//832 1866//1866 1310//1310
f 1866//1866 588//588 1310//1310
f 2713//2713 2131//2131 832//832
f 2257//2257 1171//1171 2131//2131
f 2257//2257 1587//1587 1171//1171
f 1587//1587 856//856 1171//1171
f 2301//2301 2276//2276 2257//2257
f 36//36 1633//1633 1571//1571
f 688//688 1620//1620 1633//1633
f 1813//1813 2609//2609 641//641
f 1813//1813 2279//2279 2609//2609
f 2279//2279 1221//1221 2609//2609
f 1221//1221 1329//1329 2609//2609
f 1329//1329 1620//1620 2609//2609
f 1620//1620 2609//2609 336//336
f 1221//1221 2829//2829 1329//1329
f 1221//1221 2536//2536 2829//2829
f 2536//2536 1508//1508 2829//2829
f 1508//1508 2758//2758 2829//2829
f 1508//1508 856//856 2758//2758
f 2536//2536 282//282 1508//1508
f 2536//2536 1931//1931 282//282
f 2406//2406 2476//2476 1931//1931
f 2476//2476 1014//1014 1931//1931
f 2476//2476 3142//3142 1014//1014
f 2406//2406 459//459 2476//2476
f 459//459 1569//1569 2476//2476
f 459//459 3102//3102 1569//1569
f 459//459 1121//1121 3102//3102
f 1017//1017 1204//1204 3215//3215
f 17//17 2146//2146 2554//2554
f 2554//2554 1506//1506 17//17
f 1506//1506 2875//2875 17//17
f 2875//2875 2654//2654 17//17
f 2654//2654 1054//1054 17//17
f 2654//2654 2313//2313 1054//1054
f 2313//2313 2824//2824 1054//1054
f 2313//2313 1382//1382 2824//2824
f 1382//1382 2491//2491 2824//2824
f 1382//1382 763//763 2491//2491
f 2313//2313 2851//2851 1382//1382
f 2851//2851 3174//3174 1382//1382
f 3174//3174 173//173 1382//1382
f 2851//2851 1397//1397 3174//3174
f 2851//2851 627//627 1397//1397
f 627//627 1506//1506 1397//1397
f 1506//1506 3045//3045 1397//1397
f 1506//1506 2554//2554 3045//3045
f 627//627 2654//2654 1506//1506
f 2654//2654 2875//2875 1506//1506
f 627//627 2313//2313 2654//2654
f 627//627 2851//2851 2313//2313
f 2146//2146 978//978 2554//2554
f 17//17 1419//1419 2146//2146
f 1419//1419 2801//2801 2146//2146
f 2801//2801 1123//1123 2146//2146
f 2801//2801 366//366 1123//1123
f 18//18 2121//2121 2341//2341
f 18//18 2750//2750 2121//2121
f 2750//2750 1282//1282 2121//2121
f 18//18 965//965 2750//2750
f 2341//2341 2274//2274 18//18
f 2274//2274 1041//1041 18//18
f 2341//2341 1191//1191 2274//2274
f 1191//1191 539//539 2274//2274
f 19//19 1062//1062 2831//2831
f 1062//1062 1780//1780 2831//2831
f 1062//1062 430//430 1780//1780
f 20//20 953//953 2326//2326
f 2326//2326 947//947 20//20
f 2326//2326 1846//1846 947//947
f 1846//1846 2970//2970 947//947
f 2970//2970 1888//1888 947//947
f 1888//1888 2604//2604 947//947
f 1846//1846 326//326 2970//2970
f 326//326 2861//2861 2970//2970
f 326//326 2234//2234 2861//2861
f 2234//2234 910//910 2861//2861
f 2234//2234 2465//2465 910//910
f 2234//2234 3198//3198 2465//2465
f 3198//3198 72//72 2465//2465
f 2234//2234 870//870 3198//3198
f 1846//1846 2479//2479 326//326
f 21//21 1236//1236 2433//2433
f 22//22 1847//1847 2885//2885
f 2885//2885 1046//1046 22//22
f 1046//1046 2572//2572 22//22
f 2885//2885 1302//1302 1046//1046
f 2885//2885 970//970 1302//1302
f 970//970 2016//2016 1302//1302
f 2016//2016 767//767 1302//1302
f 2016//2016 2256//2256 767//767
f 2256//2256 2549//2549 767//767
f 2549//2549 2268//2268 767//767
f 970//970 333//333 2016//2016
f 2885//2885 1847//1847 970//970
f 1847//1847 1720//1720 970//970
f 22//22 3162//3162 1847//1847
f 22//22 2035//2035 3162//3162
f 2035//2035 1533//1533 3162//3162
f 2035//2035 3040//3040 1533//1533
f 3040//3040 581//581 1533//1533
f 3040//3040 581//581 2035//2035
f 22//22 959//959 2035//2035
f 23//23 2343//2343 1614//1614
f 23//23 2206//2206 2343//2343
f 2206//2206 747//747 2343//2343
f 747//747 1696//1696 2343//2343
f 23//23 2162//2162 2206//2206
f 2162//2162 847//847 2206//2206
f 2162//2162 1818//1818 847//847
f 1818//1818 1957//1957 847//847
f 1957//1957 2764//2764 847//847
f 1957//1957 1440//1440 2764//2764
f 1440//1440 222//222 2764//2764
f 222//222 2186//2186 2764//2764
f 1957//1957 506//506 1440//1440
f 506//506 1925//1925 1440//1440
f 1925//1925 2103//2103 1440//1440
f 1925//1925 494//494 2103//2103
f 494//494 1923//1923 2103//2103
f 494//494 2114//2114 1923//1923
f 494//494 3096//3096 2114//2114
f 3096//3096 78//78 2114//2114
f 78//78 1801//1801 2114//2114
f 78//78 1151//1151 1801//1801
f 1151//1151 2219//2219 1801//1801
f 78//78 1772//1772 1151//1151
f 1772//1772 2020//2020 1151//1151
f 1772//1772 496//496 2020//2020
f 1772//1772 1810//1810 496//496
f 1810//1810 1500//1500 496//496
f 1810//1810 2245//2245 1500//1500
f 2245//2245 1932//1932 1500//1500
f 1932//1932 2894//2894 1500//1500
f 2894//2894 3006//3006 1500//1500
f 2894//2894 202//202 3006//3006
f 202//202 1916//1916 3006//3006
f 1932//1932 761//761 2894//2894
f 1932//1932 1902//1902 761//761
f 1902//1902 3063//3063 761//761
f 1902//1902 52//52 3063//3063
f 1772//1772 798//798 1810//1810
f 1772//1772 2908//2908 798//798
f 2908//2908 3096//3096 798//798
f 3096//3096 1709//1709 798//798
f 1709//1709 1428//1428 798//798
f 2908//2908 78//78 3096//3096
f 2908//2908 1772//1772 78//78
f 1925//1925 2806//2806 494//494
f 1925//1925 855//855 2806//2806
f 855//855 3160//3160 2806//2806
f 3160//3160 1709//1709 2806//2806
f 3160//3160 1980//1980 1709//1709
f 3160//3160 855//855 1980//1980
f 855//855 2038//2038 1980//1980
f 855//855 1925//1925 2038//2038
f 1925//1925 506//506 2038//2038
f 1957//1957 1818//1818 506//506
f 2162//2162 2780//2780 1818//1818
f 2162//2162 23//23 2780//2780
f 23//23 1649//1649 2780//2780
f 23//23 1614//1614 1649//1649
f 24//24 1959//1959 3148//3148
f 25//25 1339//1339 2869//2869
f 2869//2869 2790//2790 25//25
f 2869//2869 2322//2322 2790//2790
f 2322//2322 583//583 2790//2790
f 2869//2869 1005//1005 2322//2322
f 2869//2869 1555//1555 1005//1005
f 1555//1555 315//315 1005//1005
f 315//315 2992//2992 1005//1005
f 315//315 2595//2595 2992//2992
f 315//315 1723//1723 2595//2595
f 1723//1723 2584//2584 2595//2595
f 2584//2584 720//720 2595//2595
f 2584//2584 2253//2253 720//720
f 2584//2584 2936//2936 2253//2253
f 2936//2936 79//79 2253//2253
f 2936//2936 1447//1447 79//79
f 2584//2584 1723//1723 2936//2936
f 25//25 2309//2309 1339//1339
f 25//25 3097//3097 2309//2309
f 26//26 2201//2201 1516//1516
f 2201//2201 1214//1214 1516//1516
f 2201//2201 1214//1214 1308//1308
f 1516//1516 1038//1038 26//26
f 1038//1038 26//26 1308//1308
f 27//27 1930//1930 2791//2791
f 1930//1930 1433//1433 2791//2791
f 1433//1433 2497//2497 2791//2791
f 1930//1930 930//930 1433//1433
f 29//29 3159//3159 1455//1455
f 3159//3159 1455//1455 1832//1832
f 30//30 2156//2156 2109//2109
f 30//30 2156//2156 1617//1617
f 2156//2156 775//775 1617//1617
f 775//775 2980//2980 1617//1617
f 2980//2980 1836//1836 1617//1617
f 1836//1836 2473//2473 1617//1617
f 2473//2473 1740//1740 1617//1617
f 1740//1740 30//30 1617//1617
f 1740//1740 2727//2727 30//30
f 1740//1740 1103//1103 2727//2727
f 1740//1740 2473//2473 1103//1103
f 2473//2473 2317//2317 1103//1103
f 2317//2317 3074//3074 1103//1103
f 3074//3074 765//765 1103//1103
f 3074//3074 2317//2317 765//765
f 2317//2317 2126//2126 765//765
f 2317//2317 428//428 2126//2126
f 2317//2317 2473//2473 428//428
f 2473//2473 1836//1836 428//428
f 1836//1836 2792//2792 428//428
f 2792//2792 1514//1514 428//428
f 2792//2792 1514//1514 1809//1809
f 1514//1514 1196//1196 1809//1809
f 1196//1196 182//182 1809//1809
f 182//182 3072//3072 1809//1809
f 1836//1836 1075//1075 2792//2792
f 2980//2980 795//795 1836//1836
f 795//795 1836//1836 2359//2359
f 2359//2359 795//795 2980//2980
f 2980//2980 1981//1981 2359//2359
f 1981//1981 452//452 2359//2359
f 1981//1981 2909//2909 452//452
f 1981//1981 2611//2611 2909//2909
f 2611//2611 1411//1411 2909//2909
f 2611//2611 2264//2264 1411//1411
f 2611//2611 1981//1981 2264//2264
f 1981//1981 3105//3105 2264//2264
f 3105//3105 2264//2264 2455//2455
f 2455//2455 1546//1546 3105//3105
f 1546//1546 331//331 3105//3105
f 1546//1546 3186//3186 331//331
f 3186//3186 3170//3170 331//331
f 2455//2455 2109//2109 1546//1546
f 2109//2109 2156//2156 1546//1546
f 2455//2455 775//775 2109//2109
f 1981//1981 775//775 3105//3105
f 1981//1981 2980//2980 775//775
f 31//31 1938//1938 1975//1975
f 1938//1938 586//586 1975//1975
f 586//586 3149//3149 1975//1975
f 586//586 1575//1575 3149//3149
f 1938//1938 1167//1167 586//586
f 1938//1938 2187//2187 1167//1167
f 2187//2187 1167//1167 994//994
f 994//994 2014//2014 2187//2187
f 2014//2014 237//237 2187//2187
f 237//237 2311//2311 2187//2187
f 237//237 1616//1616 2311//2311
f 1616//1616 796//796 2311//2311
f 1616//1616 2956//2956 796//796
f 1616//1616 2803//2803 2956//2956
f 1616//1616 2803//2803 409//409
f 2803//2803 1199//1199 409//409
f 2803//2803 1739//1739 1199//1199
f 237//237 1897//1897 1616//1616
f 994//994 2167//2167 2014//2014
f 31//31 2259//2259 1938//1938
f 2259//2259 994//994 1938//1938
f 31//31 1379//1379 2259//2259
f 1379//1379 2167//2167 2259//2259
f 1379//1379 529//529 2167//2167
f 529//529 1307//1307 2167//2167
f 529//529 1307//1307 1442//1442
f 1307//1307 1442//1442 1100//1100
f 34//34 2360//2360 2327//2327
f 34//34 1452//1452 2360//2360
f 34//34 1927//1927 1452//1452
f 34//34 1927//1927 1044//1044
f 2327//2327 1097//1097 34//34
f 2327//2327 1436//1436 1097//1097
f 2327//2327 734//734 1436//1436
f 35//35 2559//2559 2961//2961
f 2559//2559 1272//1272 2961//2961
f 2559//2559 707//707 1272//1272
f 2559//2559 1953//1953 707//707
f 1953//1953 2434//2434 707//707
f 1953//1953 324//324 2434//2434
f 324//324 2867//2867 2434//2434
f 1953//1953 1835//1835 324//324
f 2559//2559 2115//2115 1953//1953
f 2559//2559 35//35 2115//2115
f 35//35 1490//1490 2115//2115
f 35//35 2835//2835 1490//1490
f 2835//2835 2046//2046 1490//1490
f 2835//2835 492//492 2046//2046
f 37//37 2438//2438 1942//1942
f 37//37 2438//2438 1200//1200
f 2438//2438 1200//1200 1942//1942
f 1200//1200 1557//1557 1942//1942
f 1557//1557 670//670 1942//1942
f 670//670 2921//2921 1942//1942
f 2921//2921 2073//2073 1942//1942
f 2073//2073 2781//2781 1942//1942
f 2781//2781 2532//2532 1942//1942
f 2532//2532 37//37 1942//1942
f 2781//2781 1078//1078 2532//2532
f 2073//2073 361//361 2781//2781
f 2073//2073 3190//3190 361//361
f 3190//3190 1992//1992 361//361
f 3190//3190 1389//1389 1992//1992
f 1389//1389 883//883 1992//1992
f 3190//3190 1087//1087 1389//1389
f 3190//3190 2073//2073 1087//1087
f 2073//2073 2921//2921 1087//1087
f 2921//2921 2822//2822 1087//1087
f 2822//2822 3134//3134 1087//1087
f 3134//3134 135//135 1087//1087
f 3134//3134 2053//2053 135//135
f 2053//2053 2513//2513 135//135
f 2513//2513 1389//1389 135//135
f 2053//2053 1231//1231 2513//2513
f 1231//1231 1906//1906 2513//2513
f 1231//1231 687//687 1906//1906
f 687//687 2592//2592 1906//1906
f 687//687 2592//2592 1261//1261
f 2053//2053 3108//3108 1231//1231
f 3108//3108 357//357 1231//1231
f 3134//3134 1463//1463 2053//2053
f 1463//1463 476//476 2053//2053
f 1463//1463 2173//2173 476//476
f 2173//2173 2975//2975 476//476
f 2921//2921 670//670 2822//2822
f 1557//1557 1752//1752 670//670
f 1557//1557 2802//2802 1752//1752
f 2802//2802 1792//1792 1752//1752
f 1792//1792 243//243 1752//1752
f 2802//2802 672//672 1792//1792
f 672//672 2928//2928 1792//1792
f 672//672 2508//2508 2928//2928
f 2508//2508 1969//1969 2928//2928
f 1969//1969 840//840 2928//2928
f 2508//2508 1076//1076 1969//1969
f 1076//1076 114//114 1969//1969
f 38//38 3022//3022 2419//2419
f 38//38 3022//3022 2902//2902
f 3022//3022 785//785 2902//2902
f 3022//3022 2419//2419 785//785
f 2419//2419 2985//2985 785//785
f 2419//2419 1443//1443 2985//2985
f 1443//1443 279//279 2985//2985
f 40//40 2715//2715 2310//2310
f 40//40 1647//1647 2715//2715
f 41//41 2423//2423 1035//1035
f 2423//2423 1275//1275 1035//1035
f 42//42 3080//3080 2375//2375
f 3080//3080 1278//1278 2375//2375
f 1278//1278 931//931 2375//2375
f 931//931 1672//1672 2375//2375
f 1672//1672 42//42 2375//2375
f 1278//1278 3173//3173 931//931
f 3173//3173 2504//2504 931//931
f 3173//3173 2668//2668 2504//2504
f 2668//2668 1299//1299 2504//2504
f 3173//3173 516//516 2668//2668
f 3173//3173 2224//2224 516//516
f 2224//2224 516//516 2002//2002
f 43//43 1513//1513 2140//2140
f 2140//2140 2312//2312 43//43
f 44//44 3115//3115 2100//2100
f 2100//2100 932//932 44//44
f 3115//3115 669//669 2100//2100
f 3115//3115 2627//2627 669//669
f 2627//2627 1474//1474 669//669
f 1474//1474 1458//1458 669//669
f 1458//1458 3200//3200 669//669
f 1458//1458 255//255 3200//3200
f 1458//1458 1474//1474 255//255
f 2627//2627 1258//1258 1474//1474
f 46//46 1601//1601 2332//2332
f 2332//2332 1132//1132 46//46
f 46//46 2459//2459 1601//1601
f 2459//2459 1945//1945 1601//1601
f 2459//2459 1111//1111 1945//1945
f 1111//1111 371//371 1945//1945
f 1111//1111 1556//1556 371//371
f 1556//1556 1444//1444 371//371
f 2459//2459 1482//1482 1111//1111
f 2459//2459 46//46 1482//1482
f 47//47 1841//1841 1913//1913
f 47//47 2094//2094 1841//1841
f 2094//2094 1351//1351 1841//1841
f 1351//1351 663//663 1841//1841
f 1351//1351 2475//2475 663//663
f 2094//2094 2761//2761 1351//1351
f 2761//2761 543//543 1351//1351
f 543//543 1766//1766 1351//1351
f 543//543 2594//2594 1766//1766
f 2761//2761 1320//1320 543//543
f 2761//2761 1921//1921 1320//1320
f 1921//1921 665//665 1320//1320
f 2761//2761 47//47 1921//1921
f 47//47 1984//1984 1921//1921
f 1984//1984 1001//1001 1921//1921
f 1984//1984 732//732 1001//1001
f 1984//1984 1219//1219 732//732
f 1219//1219 2935//2935 732//732
f 2935//2935 732//732 1913//1913
f 1913//1913 1554//1554 2935//2935
f 1554//1554 2398//2398 2935//2935
f 1554//1554 341//341 2398//2398
f 341//341 1565//1565 2398//2398
f 1565//1565 3048//3048 2398//2398
f 3048//3048 732//732 2398//2398
f 3048//3048 1838//1838 732//732
f 1838//1838 1588//1588 732//732
f 1565//1565 615//615 3048//3048
f 1565//1565 2589//2589 615//615
f 2589//2589 1330//1330 615//615
f 2589//2589 98//98 1330//1330
f 2589//2589 3082//3082 98//98
f 3082//3082 1314//1314 98//98
f 1314//1314 2125//2125 98//98
f 3082//3082 2283//2283 1314//1314
f 2283//2283 2800//2800 1314//1314
f 2800//2800 2057//2057 1314//1314
f 2800//2800 1856//1856 2057//2057
f 1856//1856 508//508 2057//2057
f 508//508 1446//1446 2057//2057
f 508//508 3146//3146 1446//1446
f 3146//3146 1203//1203 1446//1446
f 1203//1203 200//200 1446//1446
f 1203//1203 3092//3092 200//200
f 2800//2800 845//845 1856//1856
f 845//845 2344//2344 1856//1856
f 845//845 1454//1454 2344//2344
f 845//845 2878//2878 1454//1454
f 2878//2878 341//341 1454//1454
f 341//341 2810//2810 1454//1454
f 2810//2810 3168//3168 1454//1454
f 2810//2810 808//808 3168//3168
f 808//808 891//891 3168//3168
f 2810//2810 1554//1554 808//808
f 1554//1554 1913//1913 808//808
f 1913//1913 1841//1841 808//808
f 2810//2810 341//341 1554//1554
f 845//845 2283//2283 2878//2878
f 845//845 2800//2800 2283//2283
f 3082//3082 1206//1206 2283//2283
f 1984//1984 1398//1398 1219//1219
f 1984//1984 47//47 1398//1398
f 2761//2761 2094//2094 47//47
f 48//48 2397//2397 2983//2983
f 49//49 3114//3114 2778//2778
f 3114//3114 2051//2051 2778//2778
f 2051//2051 1045//1045 2778//2778
f 50//50 1882//1882 2117//2117
f 1882//1882 3175//3175 2117//2117
f 3175//3175 933//933 2117//2117
f 933//933 1456//1456 2117//2117
f 1456//1456 468//468 2117//2117
f 1456//1456 2193//2193 468//468
f 2193//2193 1332//1332 468//468
f 2193//2193 862//862 1332//1332
f 2193//2193 1456//1456 862//862
f 3175//3175 2003//2003 933//933
f 3175//3175 1689//1689 2003//2003
f 1689//1689 362//362 2003//2003
f 51//51 2412//2412 3157//3157
f 3157//3157 1057//1057 51//51
f 3157//3157 3014//3014 1057//1057
f 53//53 1529//1529 2599//2599
f 2599//2599 1371//1371 53//53
f 2599//2599 2857//2857 1371//1371
f 2857//2857 962//962 1371//1371
f 962//962 1898//1898 1371//1371
f 962//962 2973//2973 1898//1898
f 2973//2973 180//180 1898//1898
f 2973//2973 1254//1254 180//180
f 962//962 1684//1684 2973//2973
f 2857//2857 628//628 962//962
f 2857//2857 2599//2599 628//628
f 2599//2599 1529//1529 628//628
f 1529//1529 2041//2041 628//628
f 2041//2041 934//934 628//628
f 2041//2041 1728//1728 934//934
f 2041//2041 229//229 1728//1728
f 2041//2041 2678//2678 229//229
f 54//54 1493//1493 2854//2854
f 1493//1493 787//787 2854//2854
f 1493//1493 2113//2113 787//787
f 2113//2113 2725//2725 787//787
f 2725//2725 1911//1911 787//787
f 2725//2725 877//877 1911//1911
f 877//877 2371//2371 1911//1911
f 2371//2371 152//152 1911//1911
f 2371//2371 1544//1544 152//152
f 1544//1544 3059//3059 152//152
f 1544//1544 3050//3050 3059//3059
f 3050//3050 562//562 3059//3059
f 562//562 1520//1520 3059//3059
f 3050//3050 1939//1939 562//562
f 1544//1544 730//730 3050//3050
f 2725//2725 1437//1437 877//877
f 2854//2854 1106//1106 54//54
f 55//55 2832//2832 1424//1424
f 56//56 3139//3139 3004//3004
f 56//56 2483//2483 3139//3139
f 2483//2483 2290//2290 3139//3139
f 2290//2290 646//646 3139//3139
f 2483//2483 825//825 2290//2290
f 2483//2483 2379//2379 825//825
f 2379//2379 1698//1698 825//825
f 2483//2483 571//571 2379//2379
f 571//571 1989//1989 2379//2379
f 571//571 3103//3103 1989//1989
f 3103//3103 1908//1908 1989//1989
f 3103//3103 149//149 1908//1908
f 3103//3103 2380//2380 149//149
f 2380//2380 1579//1579 149//149
f 1579//1579 1608//1608 149//149
f 1579//1579 1129//1129 1608//1608
f 1129//1129 2912//2912 1608//1608
f 1129//1129 2538//2538 2912//2912
f 2538//2538 427//427 2912//2912
f 427//427 2349//2349 2912//2912
f 427//427 2833//2833 2349//2349
f 427//427 2538//2538 2833//2833
f 2538//2538 1943//1943 2833//2833
f 2538//2538 3189//3189 1943//1943
f 3189//3189 1345//1345 1943//1943
f 1345//1345 3182//3182 1943//1943
f 3182//3182 612//612 1943//1943
f 3189//3189 292//292 1345//1345
f 292//292 3058//3058 1345//1345
f 3058//3058 2718//2718 1345//1345
f 2718//2718 624//624 1345//1345
f 2718//2718 1487//1487 624//624
f 1487//1487 1562//1562 624//624
f 1487//1487 211//211 1562//1562
f 211//211 1951//1951 1562//1562
f 211//211 1648//1648 1951//1951
f 1648//1648 2168//2168 1951//1951
f 2168//2168 1179//1179 1951//1951
f 2168//2168 90//90 1179//1179
f 2168//2168 2542//2542 90//90
f 2168//2168 481//481 2542//2542
f 481//481 1090//1090 2542//2542
f 481//481 2387//2387 1090//1090
f 481//481 1375//1375 2387//2387
f 1375//1375 561//561 2387//2387
f 1375//1375 1566//1566 561//561
f 1375//1375 2966//2966 1566//1566
f 2966//2966 1147//1147 1566//1566
f 2966//2966 2651//2651 1147//1147
f 2966//2966 205//205 2651//2651
f 205//205 1112//1112 2651//2651
f 2966//2966 1375//1375 205//205
f 2168//2168 1648//1648 481//481
f 2718//2718 3058//3058 1487//1487
f 3058//3058 746//746 1487//1487
f 3189//3189 2538//2538 292//292
f 2380//2380 3049//3049 1579//1579
f 3049//3049 812//812 1579//1579
f 3049//3049 1596//1596 812//812
f 3049//3049 571//571 1596//1596
f 571//571 2483//2483 1596//1596
f 3049//3049 2380//2380 571//571
f 2380//2380 3103//3103 571//571
f 57//57 3104//3104 2392//2392
f 58//58 2612//2612 2275//2275
f 58//58 2796//2796 2612//2612
f 2796//2796 2134//2134 2612//2612
f 2134//2134 982//982 2612//2612
f 982//982 2275//2275 2612//2612
f 982//982 1396//1396 2275//2275
f 1396//1396 2184//2184 2275//2275
f 2184//2184 2275//2275 1247//1247
f 1396//1396 801//801 2184//2184
f 982//982 1541//1541 1396//1396
f 1541//1541 321//321 1396//1396
f 1541//1541 3122//3122 321//321
f 2134//2134 3054//3054 982//982
f 2134//2134 3054//3054 689//689
f 3054//3054 1531//1531 689//689
f 1531//1531 2602//2602 689//689
f 2602//2602 3147//3147 689//689
f 3147//3147 1019//1019 689//689
f 3147//3147 2522//2522 1019//1019
f 2522//2522 2199//2199 1019//1019
f 2199//2199 2246//2246 1019//1019
f 2246//2246 1541//1541 1019//1019
f 2522//2522 125//125 2199//2199
f 125//125 1774//1774 2199//2199
f 1774//1774 1138//1138 2199//2199
f 1138//1138 2130//2130 2199//2199
f 1138//1138 2055//2055 2130//2130
f 2055//2055 420//420 2130//2130
f 1138//1138 1774//1774 2055//2055
f 1774//1774 1060//1060 2055//2055
f 1774//1774 3188//3188 1060//1060
f 3188//3188 356//356 1060//1060
f 1774//1774 1837//1837 3188//3188
f 1837//1837 1210//1210 3188//3188
f 1837//1837 1420//1420 1210//1210
f 1837//1837 2953//2953 1420//1420
f 2953//2953 445//445 1420//1420
f 445//445 1574//1574 1420//1420
f 445//445 1496//1496 1574//1574
f 1496//1496 2462//2462 1574//1574
f 2462//2462 1574//1574 293//293
f 293//293 1321//1321 2462//2462
f 445//445 2402//2402 1496//1496
f 2402//2402 1496//1496 1097//1097
f 1097//1097 597//597 2402//2402
f 1774//1774 125//125 1837//1837
f 3147//3147 1686//1686 2522//2522
f 3147//3147 887//887 1686//1686
f 3147//3147 2907//2907 887//887
f 3147//3147 2602//2602 2907//2907
f 2602//2602 2527//2527 2907//2907
f 2527//2527 683//683 2907//2907
f 2602//2602 1531//1531 2527//2527
f 1531//1531 280//280 2527//2527
f 1531//1531 2183//2183 280//280
f 2183//2183 1042//1042 280//280
f 1531//1531 848//848 2183//2183
f 848//848 1192//1192 2183//2183
f 1531//1531 2796//2796 848//848
f 1531//1531 3054//3054 2796//2796
f 59//59 1625//1625 1650//1650
f 1625//1625 705//705 1650//1650
f 59//59 2767//2767 1625//1625
f 2767//2767 2984//2984 1625//1625
f 2767//2767 339//339 2984//2984
f 339//339 1373//1373 2984//2984
f 1373//1373 800//800 2984//2984
f 1373//1373 1870//1870 800//800
f 2767//2767 1409//1409 339//339
f 60//60 1691//1691 2805//2805
f 2805//2805 2823//2823 60//60
f 2823//2823 1453//1453 60//60
f 2823//2823 2235//2235 1453//1453
f 2235//2235 1013//1013 1453//1453
f 2823//2823 447//447 2235//2235
f 2823//2823 1400//1400 447//447
f 2823//2823 2805//2805 1400//1400
f 2805//2805 836//836 1400//1400
f 2805//2805 2619//2619 836//836
f 2805//2805 1691//1691 2619//2619
f 61//61 2076//2076 1137//1137
f 62//62 2560//2560 2702//2702
f 2560//2560 1669//1669 2702//2702
f 1669//1669 661//661 2702//2702
f 661//661 1070//1070 2702//2702
f 1070//1070 1664//1664 2702//2702
f 1664//1664 2702//2702 2490//2490
f 2490//2490 62//62 1664//1664
f 1669//1669 1153//1153 661//661
f 1669//1669 1273//1273 1153//1153
f 1273//1273 2435//2435 1153//1153
f 2435//2435 1497//1497 1153//1153
f 1497//1497 349//349 1153//1153
f 1497//1497 2435//2435 349//349
f 2435//2435 1704//1704 349//349
f 1669//1669 2233//2233 1273//1273
f 2233//2233 740//740 1273//1273
f 1669//1669 2560//2560 2233//2233
f 63//63 2561//2561 2590//2590
f 2561//2561 867//867 2590//2590
f 867//867 3012//3012 2590//2590
f 3012//3012 2523//2523 2590//2590
f 3012//3012 478//478 2523//2523
f 478//478 1761//1761 2523//2523
f 478//478 2050//2050 1761//1761
f 2050//2050 410//410 1761//1761
f 3012//3012 995//995 478//478
f 3012//3012 1213//1213 995//995
f 1213//1213 1915//1915 995//995
f 1915//1915 3133//3133 995//995
f 3133//3133 3081//3081 995//995
f 3081//3081 1706//1706 995//995
f 3081//3081 2657//2657 1706//1706
f 2657//2657 716//716 1706//1706
f 3133//3133 122//122 3081//3081
f 122//122 2529//2529 3081//3081
f 122//122 1700//1700 2529//2529
f 122//122 3133//3133 1700//1700
f 3133//3133 2661//2661 1700//1700
f 3133//3133 1915//1915 2661//2661
f 1915//1915 3029//3029 2661//2661
f 3029//3029 401//401 2661//2661
f 1915//1915 1213//1213 3029//3029
f 3012//3012 867//867 1213//1213
f 64//64 2487//2487 2480//2480
f 64//64 1338//1338 2487//2487
f 2487//2487 988//988 2480//2480
f 65//65 3128//3128 1873//1873
f 3128//3128 949//949 1873//1873
f 949//949 2744//2744 1873//1873
f 949//949 2736//2736 2744//2744
f 2736//2736 299//299 2744//2744
f 2736//2736 898//898 299//299
f 2736//2736 1863//1863 898//898
f 1863//1863 2107//2107 898//898
f 1863//1863 1149//1149 2107//2107
f 2736//2736 284//284 1863//1863
f 66//66 2157//2157 1512//1512
f 66//66 1675//1675 2157//2157
f 1675//1675 655//655 2157//2157
f 655//655 980//980 2157//2157
f 655//655 1983//1983 980//980
f 1675//1675 2061//2061 655//655
f 1675//1675 2862//2862 2061//2061
f 2862//2862 604//604 2061//2061
f 2862//2862 1362//1362 604//604
f 68//68 2460//2460 1288//1288
f 2460//2460 1177//1177 1288//1288
f 2460//2460 1547//1547 1177//1177
f 1547//1547 2163//2163 1177//1177
f 1547//1547 317//317 2163//2163
f 1288//1288 2695//2695 68//68
f 2695//2695 1256//1256 68//68
f 2695//2695 1781//1781 1256//1256
f 69//69 2737//2737 2996//2996
f 2996//2996 1783//1783 69//69
f 1783//1783 2756//2756 69//69
f 2756//2756 2316//2316 69//69
f 2316//2316 2737//2737 69//69
f 2316//2316 1597//1597 2737//2737
f 1597//1597 816//816 2737//2737
f 816//816 2648//2648 2737//2737
f 2648//2648 2996//2996 2737//2737
f 2648//2648 1946//1946 2996//2996
f 1946//1946 1390//1390 2996//2996
f 1390//1390 1783//1783 2996//2996
f 1390//1390 657//657 1783//1783
f 1946//1946 2757//2757 1390//1390
f 1946//1946 2674//2674 2757//2757
f 2674//2674 564//564 2757//2757
f 564//564 1758//1758 2757//2757
f 1758//1758 2342//2342 2757//2757
f 1758//1758 286//286 2342//2342
f 1758//1758 1894//1894 286//286
f 1894//1894 3183//3183 286//286
f 1894//1894 512//512 3183//3183
f 564//564 2393//2393 1758//1758
f 564//564 2674//2674 2393//2393
f 1946//1946 2648//2648 2674//2674
f 2648//2648 954//954 2674//2674
f 1597//1597 1655//1655 816//816
f 1655//1655 2175//2175 816//816
f 1597//1597 3143//3143 1655//1655
f 1597//1597 3143//3143 513//513
f 2756//2756 1522//1522 2316//2316
f 1522//1522 2798//2798 2316//2316
f 2798//2798 3185//3185 2316//2316
f 2798//2798 886//886 3185//3185
f 2798//2798 1407//1407 886//886
f 1407//1407 2181//2181 886//886
f 2181//2181 1464//1464 886//886
f 2181//2181 156//156 1464//1464
f 156//156 1360//1360 1464//1464
f 1407//1407 1022//1022 2181//2181
f 1407//1407 2144//2144 1022//1022
f 2144//2144 2496//2496 1022//1022
f 2496//2496 1360//1360 1022//1022
f 2496//2496 422//422 1360//1360
f 422//422 1360//1360 3043//3043
f 3043//3043 422//422 2496//2496
f 2144//2144 3042//3042 2496//2496
f 3042//3042 806//806 2496//2496
f 806//806 2826//2826 2496//2496
f 806//806 2090//2090 2826//2826
f 3042//3042 2461//2461 806//806
f 2144//2144 275//275 3042//3042
f 2144//2144 1720//1720 275//275
f 2798//2798 3153//3153 1407//1407
f 2798//2798 333//333 3153//3153
f 2798//2798 1522//1522 333//333
f 71//71 3124//3124 1667//1667
f 3124//3124 2507//2507 1667//1667
f 2507//2507 484//484 1667//1667
f 484//484 917//917 1667//1667
f 3124//3124 702//702 2507//2507
f 73//73 2745//2745 2520//2520
f 2745//2745 620//620 2520//2520
f 620//620 3013//3013 2520//2520
f 2745//2745 1875//1875 620//620
f 2745//2745 1962//1962 1875//1875
f 1962//1962 1527//1527 1875//1875
f 1527//1527 2858//2858 1875//1875
f 1527//1527 2145//2145 2858//2858
f 1527//1527 226//226 2145//2145
f 1527//1527 1962//1962 226//226
f 1962//1962 945//945 226//226
f 2520//2520 1568//1568 73//73
f 74//74 2075//2075 2717//2717
f 74//74 1479//1479 2075//2075
f 74//74 1756//1756 1479//1479
f 2075//2075 1572//1572 2717//2717
f 1572//1572 749//749 2717//2717
f 1572//1572 2390//2390 749//749
f 2390//2390 1583//1583 749//749
f 1572//1572 440//440 2390//2390
f 440//440 2060//2060 2390//2390
f 2075//2075 893//893 1572//1572
f 75//75 2677//2677 2308//2308
f 2677//2677 983//983 2308//2308
f 77//77 2222//2222 3197//3197
f 3197//3197 2017//2017 77//77
f 2017//2017 1690//1690 77//77
f 2017//2017 578//578 1690//1690
f 578//578 1844//1844 1690//1690
f 1844//1844 522//522 1690//1690
f 522//522 1532//1532 1690//1690
f 3197//3197 977//977 2017//2017
f 3197//3197 2222//2222 977//977
f 81//81 1391//1391 1537//1537
f 1537//1537 1830//1830 81//81
f 1537//1537 1671//1671 1830//1830
f 1671//1671 527//527 1830//1830
f 527//527 1484//1484 1830//1830
f 527//527 2147//2147 1484//1484
f 2147//2147 1118//1118 1484//1484
f 2147//2147 1941//1941 1118//1118
f 1941//1941 1545//1545 1118//1118
f 1941//1941 240//240 1545//1545
f 1941//1941 2752//2752 240//240
f 1941//1941 2147//2147 2752//2752
f 2147//2147 906//906 2752//2752
f 2147//2147 527//527 906//906
f 527//527 2251//2251 906//906
f 2251//2251 2534//2534 906//906
f 2534//2534 2535//2535 906//906
f 2534//2534 144//144 2535//2535
f 2534//2534 2251//2251 144//144
f 2251//2251 1072//1072 144//144
f 527//527 1671//1671 2251//2251
f 1671//1671 1401//1401 2251//2251
f 1537//1537 1287//1287 1671//1671
f 1287//1287 2942//2942 1671//1671
f 1287//1287 342//342 2942//2942
f 342//342 1746//1746 2942//2942
f 1746//1746 1072//1072 2942//2942
f 1072//1072 2688//2688 2942//2942
f 1746//1746 2430//2430 1072//1072
f 2430//2430 1517//1517 1072//1072
f 2430//2430 902//902 1517//1517
f 2430//2430 1270//1270 902//902
f 2430//2430 1746//1746 1270//1270
f 1746//1746 2720//2720 1270//1270
f 2720//2720 3007//3007 1270//1270
f 3007//3007 819//819 1270//1270
f 3007//3007 1816//1816 819//819
f 3007//3007 2574//2574 1816//1816
f 2574//2574 145//145 1816//1816
f 145//145 2228//2228 1816//1816
f 3007//3007 1431//1431 2574//2574
f 3007//3007 2720//2720 1431//1431
f 2720//2720 342//342 1431//1431
f 2720//2720 1746//1746 342//342
f 1537//1537 2688//2688 1287//1287
f 81//81 2850//2850 1391//1391
f 2850//2850 472//472 1391//1391
f 83//83 1366//1366 2888//2888
f 2888//2888 1948//1948 83//83
f 1948//1948 1130//1130 83//83
f 2888//2888 2563//2563 1948//1948
f 2563//2563 2293//2293 1948//1948
f 2293//2293 3101//3101 1948//1948
f 3101//3101 559//559 1948//1948
f 559//559 1950//1950 1948//1948
f 3101//3101 2607//2607 559//559
f 3101//3101 272//272 2607//2607
f 272//272 2748//2748 2607//2607
f 2748//2748 1877//1877 2607//2607
f 2748//2748 2205//2205 1877//1877
f 2205//2205 1918//1918 1877//1877
f 1918//1918 548//548 1877//1877
f 2205//2205 692//692 1918//1918
f 692//692 1237//1237 1918//1918
f 692//692 2575//2575 1237//1237
f 2575//2575 3169//3169 1237//1237
f 3169//3169 207//207 1237//1237
f 3169//3169 999//999 207//207
f 2205//2205 2614//2614 692//692
f 2205//2205 272//272 2614//2614
f 272//272 1108//1108 2614//2614
f 272//272 1757//1757 1108//1108
f 272//272 2293//2293 1757//1757
f 272//272 3101//3101 2293//2293
f 2205//2205 2748//2748 272//272
f 2563//2563 900//900 2293//2293
f 900//900 2848//2848 2293//2293
f 2848//2848 3039//3039 2293//2293
f 2848//2848 400//400 3039//3039
f 400//400 1263//1263 3039//3039
f 1263//1263 2633//2633 3039//3039
f 1263//1263 1038//1038 2633//2633
f 1263//1263 2988//2988 1038//1038
f 1263//1263 1828//1828 2988//2988
f 1828//1828 26//26 2988//2988
f 26//26 2633//2633 2988//2988
f 1263//1263 2216//2216 1828//1828
f 2216//2216 912//912 1828//1828
f 2216//2216 2783//2783 912//912
f 2783//2783 1412//1412 912//912
f 1412//1412 3212//3212 912//912
f 1412//1412 3212//3212 493//493
f 3212//3212 2368//2368 493//493
f 2368//2368 1819//1819 493//493
f 1819//1819 3002//3002 493//493
f 2368//2368 752//752 1819//1819
f 2368//2368 1330//1330 752//752
f 2368//2368 3212//3212 1330//1330
f 2783//2783 185//185 1412//1412
f 2783//2783 1631//1631 185//185
f 2783//2783 2216//2216 1631//1631
f 2216//2216 400//400 1631//1631
f 400//400 2689//2689 1631//1631
f 400//400 2848//2848 2689//2689
f 2848//2848 1217//1217 2689//2689
f 1217//1217 2120//2120 2689//2689
f 1217//1217 2888//2888 2120//2120
f 1217//1217 2563//2563 2888//2888
f 1217//1217 900//900 2563//2563
f 1217//1217 2848//2848 900//900
f 1366//1366 1635//1635 2888//2888
f 84//84 1148//1148 2286//2286
f 1148//1148 465//465 2286//2286
f 1148//1148 1963//1963 465//465
f 1963//1963 1785//1785 465//465
f 1785//1785 1422//1422 465//465
f 86//86 2552//2552 2031//2031
f 87//87 1016//1016 2089//2089
f 88//88 3132//3132 3070//3070
f 3132//3132 1561//1561 3070//3070
f 1561//1561 475//475 3070//3070
f 3132//3132 1784//1784 1561//1561
f 89//89 2653//2653 2229//2229
f 2653//2653 1347//1347 2229//2229
f 1347//1347 580//580 2229//2229
f 91//91 3053//3053 1658//1658
f 3053//3053 1466//1466 1658//1658
f 3053//3053 714//714 1466//1466
f 714//714 2825//2825 1466//1466
f 714//714 2828//2828 2825//2825
f 2828//2828 3064//3064 2825//2825
f 3064//3064 2178//2178 2825//2825
f 3064//3064 919//919 2178//2178
f 3064//3064 2431//2431 919//919
f 3064//3064 3069//3069 2431//2431
f 3069//3069 369//369 2431//2431
f 3064//3064 2828//2828 3069//3069
f 2828//2828 2841//2841 3069//3069
f 2841//2841 996//996 3069//3069
f 714//714 2518//2518 2828//2828
f 2518//2518 1099//1099 2828//2828
f 714//714 3053//3053 2518//2518
f 3053//3053 91//91 2518//2518
f 93//93 1663//1663 1697//1697
f 1697//1697 93//93 1435//1435
f 93//93 1068//1068 1435//1435
f 1068//1068 1663//1663 1435//1435
f 1663//1663 2964//2964 1435//1435
f 2964//2964 623//623 1435//1435
f 2964//2964 1089//1089 623//623
f 1663//1663 1973//1973 1697//1697
f 94//94 1788//1788 2289//2289
f 2289//2289 895//895 94//94
f 2289//2289 895//895 2160//2160
f 1788//1788 682//682 2289//2289
f 95//95 2492//2492 2712//2712
f 2712//2712 1244//1244 95//95
f 2492//2492 872//872 2712//2712
f 872//872 2005//2005 2712//2712
f 872//872 2237//2237 2005//2005
f 2237//2237 783//783 2005//2005
f 783//783 3186//3186 2005//2005
f 3186//3186 1000//1000 2005//2005
f 783//783 2730//2730 3186//3186
f 783//783 2237//2237 2730//2730
f 2237//2237 257//257 2730//2730
f 2237//2237 2022//2022 257//257
f 2022//2022 1814//1814 257//257
f 1814//1814 2671//2671 257//257
f 1814//1814 584//584 2671//2671
f 584//584 1996//1996 2671//2671
f 1814//1814 2926//2926 584//584
f 2926//2926 1811//1811 584//584
f 1811//1811 1573//1573 584//584
f 1811//1811 3037//3037 1573//1573
f 1811//1811 217//217 3037//3037
f 217//217 2287//2287 3037//3037
f 2287//2287 1010//1010 3037//3037
f 1010//1010 441//441 3037//3037
f 441//441 2694//2694 3037//3037
f 441//441 1573//1573 2694//2694
f 1010//1010 3206//3206 441//441
f 1010//1010 3206//3206 1162//1162
f 217//217 2085//2085 2287//2287
f 1811//1811 2926//2926 217//217
f 2926//2926 904//904 217//217
f 2926//2926 1814//1814 904//904
f 872//872 2378//2378 2237//2237
f 872//872 2492//2492 2378//2378
f 97//97 1350//1350 2458//2458
f 97//97 1301//1301 1350//1350
f 99//99 1893//1893 2127//2127
f 101//101 2834//2834 1890//1890
f 1890//1890 1374//1374 101//101
f 1374//1374 3118//3118 101//101
f 1374//1374 860//860 3118//3118
f 860//860 1167//1167 3118//3118
f 1374//1374 2586//2586 860//860
f 1374//1374 1721//1721 2586//2586
f 1721//1721 3199//3199 2586//2586
f 1721//1721 3119//3119 3199//3199
f 3119//3119 1020//1020 3199//3199
f 1020//1020 2892//2892 3199//3199
f 2892//2892 214//214 3199//3199
f 2892//2892 1733//1733 214//214
f 3119//3119 2377//2377 1020//1020
f 1721//1721 1374//1374 3119//3119
f 1374//1374 568//568 3119//3119
f 1374//1374 2260//2260 568//568
f 2260//2260 1820//1820 568//568
f 1374//1374 1890//1890 2260//2260
f 1890//1890 861//861 2260//2260
f 2834//2834 835//835 1890//1890
f 2834//2834 1245//1245 835//835
f 2834//2834 101//101 1245//1245
f 102//102 2658//2658 2632//2632
f 102//102 1449//1449 2658//2658
f 103//103 1936//1936 2382//2382
f 1936//1936 2382//2382 864//864
f 104//104 2389//2389 1750//1750
f 2389//2389 1750//1750 721//721
f 721//721 921//921 2389//2389
f 921//921 1982//1982 2389//2389
f 921//921 3141//3141 1982//1982
f 3141//3141 1521//1521 1982//1982
f 1521//1521 1982//1982 1363//1363
f 1982//1982 406//406 1363//1363
f 406//406 2228//2228 1363//1363
f 2228//2228 1363//1363 3195//3195
f 1363//1363 536//536 3195//3195
f 536//536 1521//1521 3195//3195
f 3195//3195 406//406 2228//2228
f 3141//3141 406//406 1521//1521
f 921//921 1563//1563 3141//3141
f 105//105 2903//2903 2705//2705
f 2903//2903 1195//1195 2705//2705
f 1195//1195 923//923 2705//2705
f 105//105 1499//1499 2903//2903
f 1499//1499 2300//2300 2903//2903
f 106//106 2919//2919 2166//2166
f 107//107 1157//1157 2682//2682
f 1157//1157 2464//2464 2682//2682
f 2464//2464 659//659 2682//2682
f 1157//1157 2789//2789 2464//2464
f 2789//2789 353//353 2464//2464
f 353//353 2024//2024 2464//2464
f 353//353 2890//2890 2024//2024
f 2890//2890 755//755 2024//2024
f 108//108 1979//1979 2469//2469
f 109//109 2544//2544 2091//2091
f 2544//2544 1342//1342 2091//2091
f 2544//2544 1472//1472 1342//1342
f 110//110 2515//2515 2898//2898
f 2515//2515 1743//1743 2898//2898
f 1743//1743 1476//1476 2898//2898
f 2515//2515 762//762 1743//1743
f 111//111 2698//2698 1615//1615
f 111//111 1825//1825 2698//2698
f 1825//1825 1032//1032 2698//2698
f 1032//1032 1615//1615 2698//2698
f 112//112 2427//2427 1460//1460
f 2427//2427 2615//2615 1460//1460
f 2615//2615 782//782 1460//1460
f 2615//2615 2427//2427 782//782
f 1460//1460 2149//2149 112//112
f 113//113 2580//2580 1685//1685
f 113//113 1662//1662 2580//2580
f 1662//1662 797//797 2580//2580
f 113//113 2915//2915 1662//1662
f 2915//2915 1113//1113 1662//1662
f 2915//2915 1113//1113 386//386
f 1113//1113 1507//1507 386//386
f 1507//1507 3062//3062 386//386
f 3062//3062 1086//1086 386//386
f 1086//1086 1954//1954 386//386
f 1954//1954 1662//1662 386//386
f 1086//1086 3156//3156 1954//1954
f 3156//3156 729//729 1954//1954
f 729//729 1903//1903 1954//1954
f 1903//1903 797//797 1954//1954
f 1903//1903 2335//2335 797//797
f 2335//2335 1353//1353 797//797
f 2335//2335 2585//2585 1353//1353
f 2585//2585 2707//2707 1353//1353
f 2707//2707 894//894 1353//1353
f 2585//2585 354//354 2707//2707
f 2335//2335 248//248 2585//2585
f 248//248 1166//1166 2585//2585
f 248//248 2950//2950 1166//1166
f 248//248 3137//3137 2950//2950
f 3137//3137 1232//1232 2950//2950
f 1232//1232 1628//1628 2950//2950
f 1232//1232 602//602 1628//1628
f 1232//1232 2569//2569 602//602
f 2569//2569 2877//2877 602//602
f 2877//2877 1499//1499 602//602
f 2569//2569 161//161 2877//2877
f 2569//2569 2777//2777 161//161
f 2777//2777 3018//3018 161//161
f 3018//3018 1073//1073 161//161
f 1073//1073 2901//2901 161//161
f 1073//1073 2877//2877 2901//2901
f 2777//2777 1712//1712 3018//3018
f 2777//2777 1098//1098 1712//1712
f 1098//1098 2597//2597 1712//1712
f 2597//2597 1365//1365 1712//1712
f 1232//1232 3137//3137 2569//2569
f 2335//2335 1903//1903 248//248
f 1507//1507 1056//1056 3062//3062
f 1507//1507 2665//2665 1056//1056
f 2665//2665 2298//2298 1056//1056
f 2665//2665 314//314 2298//2298
f 2665//2665 1668//1668 314//314
f 1668//1668 3016//3016 314//314
f 1668//1668 640//640 3016//3016
f 1668//1668 2837//2837 640//640
f 2837//2837 2540//2540 640//640
f 2837//2837 2418//2418 2540//2540
f 2418//2418 1854//1854 2540//2540
f 2418//2418 1854//1854 1034//1034
f 1854//1854 2539//2539 1034//1034
f 1854//1854 283//283 2539//2539
f 283//283 1630//1630 2539//2539
f 1630//1630 2350//2350 2539//2539
f 1630//1630 967//967 2350//2350
f 2837//2837 2639//2639 2418//2418
f 2639//2639 1799//1799 2418//2418
f 1799//1799 283//283 2418//2418
f 1799//1799 977//977 283//283
f 2665//2665 1113//1113 1668//1668
f 2665//2665 1507//1507 1113//1113
f 2580//2580 894//894 1685//1685
f 1685//1685 2639//2639 113//113
f 1685//1685 833//833 2639//2639
f 115//115 2924//2924 2338//2338
f 117//117 1542//1542 2077//2077
f 2077//2077 2620//2620 117//117
f 2077//2077 1970//1970 2620//2620
f 1970//1970 1180//1180 2620//2620
f 1970//1970 3017//3017 1180//1180
f 3017//3017 2659//2659 1180//1180
f 3017//3017 380//380 2659//2659
f 3017//3017 2511//2511 380//380
f 117//117 2836//2836 1542//1542
f 118//118 2547//2547 1611//1611
f 1611//1611 3098//3098 118//118
f 119//119 2493//2493 3073//3073
f 3073//3073 1790//1790 119//119
f 1790//1790 1319//1319 119//119
f 1790//1790 1805//1805 1319//1319
f 1790//1790 549//549 1805//1805
f 1790//1790 1205//1205 549//549
f 1790//1790 3073//3073 1205//1205
f 3073//3073 2493//2493 1205//1205
f 119//119 2570//2570 2493//2493
f 120//120 1715//1715 2714//2714
f 121//121 1621//1621 3193//3193
f 1621//1621 1336//1336 3193//3193
f 1336//1336 922//922 3193//3193
f 1336//1336 2078//2078 922//922
f 2078//2078 1642//1642 922//922
f 1642//1642 2564//2564 922//922
f 2564//2564 2579//2579 922//922
f 2564//2564 634//634 2579//2579
f 634//634 1211//1211 2579//2579
f 1211//1211 2545//2545 2579//2579
f 2545//2545 121//121 2579//2579
f 2545//2545 1730//1730 121//121
f 1730//1730 1621//1621 121//121
f 1730//1730 1024//1024 1621//1621
f 1730//1730 3136//3136 1024//1024
f 1211//1211 2670//2670 2545//2545
f 2670//2670 1091//1091 2545//2545
f 2078//2078 350//350 1642//1642
f 1336//1336 630//630 2078//2078
f 123//123 2136//2136 2363//2363
f 2136//2136 909//909 2363//2363
f 909//909 614//614 2363//2363
f 2136//2136 1634//1634 909//909
f 2136//2136 986//986 1634//1634
f 986//986 3088//3088 1634//1634
f 3088//3088 599//599 1634//1634
f 3088//3088 1286//1286 599//599
f 1286//1286 2474//2474 599//599
f 1286//1286 2474//2474 192//192
f 192//192 3088//3088 1286//1286
f 986//986 1974//1974 3088//3088
f 986//986 444//444 1974//1974
f 124//124 1096//1096 2097//2097
f 126//126 2708//2708 1862//1862
f 126//126 1277//1277 2708//2708
f 1277//1277 1852//1852 2708//2708
f 1277//1277 958//958 1852//1852
f 1277//1277 2650//2650 958//958
f 2650//2650 2930//2930 958//958
f 2930//2930 958//958 2672//2672
f 2672//2672 483//483 2930//2930
f 1277//1277 2646//2646 2650//2650
f 2646//2646 2058//2058 2650//2650
f 2646//2646 888//888 2058//2058
f 888//888 2058//2058 2672//2672
f 2708//2708 958//958 1862//1862
f 958//958 3019//3019 1862//1862
f 3019//3019 1188//1188 1862//1862
f 1188//1188 2839//2839 1862//1862
f 3019//3019 590//590 1188//1188
f 128//128 2660//2660 1519//1519
f 2660//2660 1524//1524 1519//1519
f 129//129 1910//1910 2503//2503
f 130//130 2617//2617 2873//2873
f 2873//2873 130//130 1421//1421
f 1421//1421 2873//2873 2768//2768
f 2873//2873 1063//1063 2768//2768
f 1063//1063 2617//2617 2768//2768
f 2617//2617 1355//1355 2768//2768
f 1355//1355 2716//2716 2768//2768
f 2716//2716 764//764 2768//2768
f 764//764 1421//1421 2768//2768
f 2716//2716 1380//1380 764//764
f 1380//1380 1968//1968 764//764
f 1380//1380 2325//2325 1968//1968
f 2325//2325 199//199 1968//1968
f 2325//2325 1110//1110 199//199
f 1110//1110 2502//2502 199//199
f 2502//2502 2807//2807 199//199
f 2807//2807 2755//2755 199//199
f 2807//2807 3095//3095 2755//2755
f 3095//3095 978//978 2755//2755
f 978//978 2755//2755 1260//1260
f 2807//2807 1676//1676 3095//3095
f 2807//2807 2978//2978 1676//1676
f 2978//2978 204//204 1676//1676
f 2978//2978 1719//1719 204//204
f 2978//2978 2320//2320 1719//1719
f 2320//2320 2982//2982 1719//1719
f 2982//2982 520//520 1719//1719
f 2320//2320 1665//1665 2982//2982
f 2320//2320 2028//2028 1665//1665
f 2320//2320 2502//2502 2028//2028
f 2502//2502 1110//1110 2028//2028
f 1110//1110 499//499 2028//2028
f 2320//2320 719//719 2502//2502
f 719//719 2502//2502 2978//2978
f 2978//2978 2807//2807 719//719
f 2325//2325 725//725 1110//1110
f 2325//2325 1380//1380 725//725
f 2716//2716 389//389 1380//1380
f 2716//2716 1355//1355 389//389
f 1355//1355 1109//1109 389//389
f 1109//1109 2291//2291 389//389
f 1063//1063 2873//2873 2617//2617
f 130//130 1509//1509 2617//2617
f 131//131 2010//2010 2876//2876
f 2876//2876 1661//1661 131//131
f 1661//1661 2655//2655 131//131
f 2876//2876 2743//2743 1661//1661
f 2743//2743 479//479 1661//1661
f 2743//2743 2557//2557 479//479
f 2557//2557 1369//1369 479//479
f 2557//2557 1009//1009 1369//1369
f 1009//1009 1248//1248 1369//1369
f 1009//1009 3187//3187 1248//1248
f 3187//3187 313//313 1248//1248
f 3187//3187 2023//2023 313//313
f 2023//2023 1840//1840 313//313
f 2023//2023 1132//1132 1840//1840
f 2023//2023 649//649 1132//1132
f 2023//2023 2999//2999 649//649
f 2999//2999 2010//2010 649//649
f 2999//2999 1627//1627 2010//2010
f 1627//1627 2876//2876 2010//2010
f 1627//1627 1009//1009 2876//2876
f 1627//1627 1009//1009 2557//2557
f 2999//2999 2023//2023 1627//1627
f 2023//2023 3187//3187 1627//1627
f 2743//2743 2876//2876 2557//2557
f 132//132 1600//1600 3060//3060
f 133//133 2506//2506 2881//2881
f 2881//2881 2987//2987 133//133
f 2987//2987 2666//2666 133//133
f 2666//2666 2788//2788 133//133
f 2788//2788 2506//2506 133//133
f 2788//2788 2296//2296 2506//2506
f 2788//2788 989//989 2296//2296
f 989//989 2946//2946 2296//2296
f 989//989 2358//2358 2946//2946
f 989//989 3031//3031 2358//2358
f 3031//3031 411//411 2358//2358
f 411//411 3158//3158 2358//2358
f 411//411 3011//3011 3158//3158
f 3011//3011 1935//1935 3158//3158
f 411//411 3031//3031 3011//3011
f 3031//3031 1279//1279 3011//3011
f 3031//3031 2788//2788 1279//1279
f 3031//3031 989//989 2788//2788
f 2987//2987 822//822 2666//2666
f 2987//2987 1835//1835 822//822
f 2987//2987 1126//1126 1835//1835
f 2987//2987 2881//2881 1126//1126
f 2881//2881 1525//1525 1126//1126
f 2881//2881 2241//2241 1525//1525
f 2881//2881 2506//2506 2241//2241
f 137//137 2845//2845 2972//2972
f 2845//2845 2414//2414 2972//2972
f 2414//2414 2204//2204 2972//2972
f 2845//2845 724//724 2414//2414
f 724//724 1327//1327 2414//2414
f 2845//2845 2874//2874 724//724
f 2874//2874 1356//1356 724//724
f 2845//2845 1295//1295 2874//2874
f 2845//2845 137//137 1295//1295
f 137//137 2180//2180 1295//1295
f 2180//2180 443//443 1295//1295
f 138//138 2606//2606 1318//1318
f 138//138 1071//1071 2606//2606
f 1071//1071 2606//2606 2124//2124
f 2606//2606 680//680 2124//2124
f 139//139 1804//1804 2771//2771
f 2771//2771 2945//2945 139//139
f 2945//2945 2034//2034 139//139
f 2945//2945 1163//1163 2034//2034
f 1163//1163 3144//3144 2034//2034
f 3144//3144 2034//2034 2450//2450
f 2034//2034 804//804 2450//2450
f 804//804 3144//3144 2450//2450
f 2945//2945 1787//1787 1163//1163
f 1787//1787 648//648 1163//1163
f 1787//1787 2642//2642 648//648
f 1787//1787 2771//2771 2642//2642
f 2771//2771 713//713 2642//2642
f 713//713 1880//1880 2642//2642
f 1880//1880 2899//2899 2642//2642
f 2899//2899 458//458 2642//2642
f 2899//2899 2709//2709 458//458
f 2709//2709 2346//2346 458//458
f 2709//2709 697//697 2346//2346
f 697//697 1688//1688 2346//2346
f 697//697 2347//2347 1688//1688
f 697//697 2347//2347 2484//2484
f 2709//2709 2856//2856 697//697
f 1880//1880 842//842 2899//2899
f 2771//2771 1804//1804 713//713
f 1804//1804 2063//2063 713//713
f 1804//1804 1088//1088 2063//2063
f 1088//1088 2116//2116 2063//2063
f 2116//2116 651//651 2063//2063
f 1088//1088 2043//2043 2116//2116
f 1088//1088 3161//3161 2043//2043
f 1088//1088 1804//1804 3161//3161
f 1804//1804 139//139 3161//3161
f 1787//1787 2945//2945 2771//2771
f 140//140 2613//2613 1309//1309
f 140//140 2906//2906 2613//2613
f 2906//2906 948//948 2613//2613
f 1309//1309 1523//1523 140//140
f 1309//1309 1735//1735 1523//1523
f 1309//1309 2150//2150 1735//1735
f 141//141 2608//2608 2466//2466
f 2466//2466 2760//2760 141//141
f 2760//2760 1193//1193 141//141
f 2760//2760 2562//2562 1193//1193
f 2760//2760 858//858 2562//2562
f 858//858 2069//2069 2562//2562
f 2760//2760 2466//2466 858//858
f 2466//2466 1432//1432 858//858
f 2466//2466 711//711 1432//1432
f 2466//2466 1695//1695 711//711
f 1695//1695 2213//2213 711//711
f 1695//1695 2566//2566 2213//2213
f 2566//2566 829//829 2213//2213
f 829//829 2122//2122 2213//2213
f 1695//1695 518//518 2566//2566
f 1695//1695 2608//2608 518//518
f 1695//1695 2466//2466 2608//2608
f 142//142 1771//1771 1710//1710
f 143//143 1824//1824 2446//2446
f 146//146 2993//2993 3084//3084
f 3084//3084 2105//2105 146//146
f 146//146 2732//2732 2993//2993
f 2732//2732 1168//1168 2993//2993
f 1168//1168 2081//2081 2993//2993
f 1168//1168 1582//1582 2081//2081
f 1582//1582 454//454 2081//2081
f 454//454 2954//2954 2081//2081
f 454//454 1907//1907 2954//2954
f 1907//1907 1124//1124 2954//2954
f 1124//1124 2486//2486 2954//2954
f 1124//1124 3191//3191 2486//2486
f 3191//3191 482//482 2486//2486
f 3191//3191 1848//1848 482//482
f 1848//1848 2846//2846 482//482
f 2846//2846 1797//1797 482//482
f 3191//3191 1124//1124 1848//1848
f 454//454 1947//1947 1907//1907
f 147//147 1511//1511 1218//1218
f 148//148 1592//1592 3090//3090
f 1592//1592 547//547 3090//3090
f 547//547 1781//1781 3090//3090
f 1781//1781 1387//1387 3090//3090
f 1387//1387 148//148 3090//3090
f 1592//1592 1895//1895 547//547
f 1895//1895 1965//1965 547//547
f 150//150 2842//2842 2706//2706
f 153//153 2887//2887 2691//2691
f 2691//2691 3091//3091 153//153
f 2691//2691 918//918 3091//3091
f 918//918 2291//2291 3091//3091
f 154//154 2870//2870 3204//3204
f 3204//3204 1744//1744 154//154
f 2870//2870 2227//2227 3204//3204
f 154//154 2696//2696 2870//2870
f 2696//2696 942//942 2870//2870
f 157//157 2910//2910 1570//1570
f 157//157 1410//1410 2910//2910
f 2910//2910 665//665 1570//1570
f 158//158 3209//3209 1845//1845
f 1845//1845 1269//1269 158//158
f 159//159 1284//1284 3172//3172
f 162//162 1865//1865 2747//2747
f 2747//2747 1763//1763 162//162
f 2747//2747 979//979 1763//1763
f 2747//2747 1865//1865 979//979
f 1865//1865 2593//2593 979//979
f 1865//1865 3155//3155 2593//2593
f 3155//3155 470//470 2593//2593
f 470//470 1777//1777 2593//2593
f 3155//3155 1896//1896 470//470
f 1896//1896 1803//1803 470//470
f 1896//1896 810//810 1803//1803
f 3155//3155 1865//1865 1896//1896
f 1865//1865 2095//2095 1896//1896
f 1865//1865 162//162 2095//2095
f 163//163 1392//1392 2741//2741
f 1392//1392 1793//1793 2741//2741
f 1793//1793 610//610 2741//2741
f 164//164 1202//1202 3131//3131
f 1202//1202 1638//1638 3131//3131
f 1638//1638 671//671 3131//3131
f 1638//1638 2027//2027 671//671
f 2027//2027 2385//2385 671//671
f 1202//1202 2995//2995 1638//1638
f 2995//2995 455//455 1638//1638
f 1202//1202 3200//3200 2995//2995
f 165//165 2420//2420 2082//2082
f 2420//2420 1305//1305 2082//2082
f 1305//1305 1796//1796 2082//2082
f 2420//2420 1732//1732 1305//1305
f 1732//1732 572//572 1305//1305
f 2420//2420 1018//1018 1732//1732
f 166//166 1526//1526 2849//2849
f 167//167 2072//2072 1337//1337
f 167//167 1067//1067 2072//2072
f 1067//1067 707//707 2072//2072
f 2072//2072 1242//1242 1337//1337
f 1242//1242 870//870 1337//1337
f 174//174 1134//1134 3009//3009
f 175//175 2198//2198 2039//2039
f 2039//2039 1538//1538 175//175
f 2039//2039 373//373 1538//1538
f 2198//2198 731//731 2039//2039
f 178//178 1599//1599 1228//1228
f 1599//1599 1034//1034 1228//1228
f 1599//1599 2540//2540 1034//1034
f 181//181 1623//1623 2329//2329
f 2329//2329 1296//1296 181//181
f 1296//1296 2302//2302 181//181
f 2302//2302 3145//3145 181//181
f 3145//3145 1623//1623 181//181
f 2329//2329 2943//2943 1296//1296
f 2329//2329 802//802 2943//2943
f 802//802 2975//2975 2943//2943
f 2329//2329 1923//1923 802//802
f 183//183 2192//2192 2779//2779
f 2779//2779 2947//2947 183//183
f 2779//2779 1654//1654 2947//2947
f 1654//1654 1785//1785 2947//2947
f 1654//1654 677//677 1785//1785
f 184//184 2179//2179 2177//2177
f 187//187 1768//1768 2328//2328
f 188//188 2059//2059 2979//2979
f 188//188 2388//2388 2059//2059
f 2388//2388 969//969 2059//2059
f 969//969 2018//2018 2059//2059
f 2018//2018 552//552 2059//2059
f 552//552 2526//2526 2059//2059
f 2388//2388 2578//2578 969//969
f 2578//2578 2294//2294 969//969
f 2578//2578 587//587 2294//2294
f 587//587 1403//1403 2294//2294
f 1403//1403 2015//2015 2294//2294
f 1403//1403 946//946 2015//2015
f 2578//2578 1481//1481 587//587
f 2578//2578 3109//3109 1481//1481
f 3109//3109 638//638 1481//1481
f 2578//2578 188//188 3109//3109
f 2578//2578 2388//2388 188//188
f 2059//2059 990//990 2979//2979
f 189//189 2421//2421 2410//2410
f 189//189 2098//2098 2421//2421
f 2098//2098 2558//2558 2421//2421
f 2558//2558 1961//1961 2421//2421
f 1961//1961 1253//1253 2421//2421
f 1253//1253 2410//2410 2421//2421
f 2558//2558 637//637 1961//1961
f 2558//2558 2098//2098 637//637
f 189//189 1593//1593 2098//2098
f 191//191 2505//2505 2482//2482
f 193//193 2519//2519 2049//2049
f 2049//2049 2965//2965 193//193
f 2049//2049 866//866 2965//2965
f 194//194 1977//1977 3129//3129
f 3129//3129 2344//2344 194//194
f 1977//1977 1065//1065 3129//3129
f 1065//1065 1183//1183 3129//3129
f 1065//1065 1779//1779 1183//1183
f 1779//1779 3055//3055 1183//1183
f 3055//3055 1609//1609 1183//1183
f 1779//1779 660//660 3055//3055
f 1065//1065 1976//1976 1779//1779
f 1065//1065 2263//2263 1976//1976
f 2263//2263 408//408 1976//1976
f 1065//1065 2929//2929 2263//2263
f 2929//2929 1540//1540 2263//2263
f 2929//2929 72//72 1540//1540
f 2929//2929 992//992 72//72
f 195//195 2409//2409 1488//1488
f 196//196 2226//2226 1683//1683
f 2226//2226 576//576 1683//1683
f 576//576 1280//1280 1683//1683
f 2226//2226 1395//1395 576//576
f 2226//2226 2680//2680 1395//1395
f 2680//2680 1806//1806 1395//1395
f 1806//1806 1143//1143 1395//1395
f 1806//1806 446//446 1143//1143
f 1806//1806 2680//2680 446//446
f 2680//2680 1322//1322 446//446
f 1683//1683 2957//2957 196//196
f 197//197 2142//2142 1478//1478
f 198//198 1646//1646 2416//2416
f 1646//1646 879//879 2416//2416
f 203//203 2652//2652 1972//1972
f 1972//1972 1622//1622 203//203
f 206//206 3083//3083 2537//2537
f 2537//2537 1558//1558 206//206
f 2537//2537 789//789 1558//1558
f 789//789 2852//2852 1558//1558
f 210//210 2011//2011 3113//3113
f 3113//3113 1428//1428 210//210
f 1428//1428 1980//1980 210//210
f 3113//3113 498//498 1428//1428
f 3113//3113 2011//2011 498//498
f 2011//2011 1146//1146 498//498
f 2011//2011 2212//2212 1146//1146
f 2212//2212 1993//1993 1146//1146
f 2212//2212 616//616 1993//1993
f 215//215 3075//3075 2161//2161
f 215//215 2047//2047 3075//3075
f 2047//2047 2351//2351 3075//3075
f 2351//2351 925//925 3075//3075
f 925//925 3008//3008 3075//3075
f 3008//3008 2161//2161 3075//3075
f 2351//2351 3003//3003 925//925
f 2351//2351 429//429 3003//3003
f 429//429 2123//2123 3003//3003
f 429//429 3071//3071 2123//2123
f 3071//3071 1406//1406 2123//2123
f 3071//3071 507//507 1406//1406
f 507//507 2753//2753 1406//1406
f 507//507 1997//1997 2753//2753
f 3071//3071 3208//3208 507//507
f 3208//3208 2920//2920 507//507
f 2920//2920 1505//1505 507//507
f 3208//3208 1660//1660 2920//2920
f 3208//3208 3071//3071 1660//1660
f 3071//3071 2949//2949 1660//1660
f 3071//3071 429//429 2949//2949
f 429//429 2351//2351 2949//2949
f 2047//2047 654//654 2351//2351
f 215//215 2499//2499 2047//2047
f 2499//2499 1170//1170 2047//2047
f 2499//2499 2804//2804 1170//1170
f 2499//2499 1585//1585 2804//2804
f 1585//1585 501//501 2804//2804
f 1585//1585 3032//3032 501//501
f 3032//3032 1532//1532 501//501
f 1532//1532 2176//2176 501//501
f 2176//2176 1834//1834 501//501
f 2176//2176 167//167 1834//1834
f 2161//2161 1651//1651 215//215
f 216//216 1495//1495 2277//2277
f 1495//1495 491//491 2277//2277
f 1495//1495 3130//3130 491//491
f 3130//3130 2917//2917 491//491
f 2917//2917 2280//2280 491//491
f 2917//2917 821//821 2280//2280
f 2917//2917 1937//1937 821//821
f 1495//1495 652//652 3130//3130
f 218//218 2400//2400 2104//2104
f 219//219 2548//2548 2860//2860
f 2548//2548 2135//2135 2860//2860
f 2135//2135 589//589 2860//2860
f 589//589 1335//1335 2860//2860
f 1335//1335 219//219 2860//2860
f 1335//1335 1567//1567 219//219
f 1567//1567 3036//3036 219//219
f 3036//3036 956//956 219//219
f 3036//3036 2528//2528 956//956
f 3036//3036 449//449 2528//2528
f 449//449 1580//1580 2528//2528
f 1580//1580 809//809 2528//2528
f 449//449 2581//2581 1580//1580
f 2581//2581 1802//1802 1580//1580
f 2581//2581 938//938 1802//1802
f 938//938 2357//2357 1802//1802
f 938//938 2963//2963 2357//2357
f 2963//2963 626//626 2357//2357
f 626//626 1598//1598 2357//2357
f 1598//1598 2357//2357 964//964
f 964//964 1605//1605 1598//1598
f 964//964 2467//2467 1605//1605
f 2963//2963 2731//2731 626//626
f 2963//2963 1560//1560 2731//2731
f 2963//2963 1560//1560 938//938
f 1335//1335 2426//2426 1567//1567
f 2426//2426 2726//2726 1567//1567
f 2426//2426 367//367 2726//2726
f 1335//1335 1011//1011 2426//2426
f 1011//1011 1188//1188 2426//2426
f 220//220 2210//2210 1815//1815
f 2210//2210 2271//2271 1815//1815
f 2210//2210 645//645 2271//2271
f 645//645 1959//1959 2271//2271
f 220//220 1346//1346 2210//2210
f 220//220 1450//1450 1346//1346
f 221//221 1748//1748 3120//3120
f 1748//1748 1316//1316 3120//3120
f 1316//1316 3110//3110 3120//3120
f 3110//3110 556//556 3120//3120
f 1316//1316 1425//1425 3110//3110
f 1316//1316 634//634 1425//1425
f 223//223 1887//1887 2866//2866
f 1887//1887 2629//2629 2866//2866
f 2629//2629 899//899 2866//2866
f 2629//2629 2262//2262 899//899
f 2262//2262 2062//2062 899//899
f 2062//2062 1414//1414 899//899
f 1414//1414 2374//2374 899//899
f 2374//2374 606//606 899//899
f 2374//2374 606//606 2897//2897
f 606//606 2074//2074 2897//2897
f 2074//2074 1128//1128 2897//2897
f 606//606 1912//1912 2074//2074
f 1912//1912 345//345 2074//2074
f 2062//2062 550//550 1414//1414
f 550//550 2971//2971 1414//1414
f 2971//2971 11//11 1414//1414
f 2971//2971 1786//1786 11//11
f 1786//1786 1187//1187 11//11
f 1786//1786 1187//1187 2971//2971
f 2062//2062 1383//1383 550//550
f 1383//1383 1602//1602 550//550
f 2629//2629 2729//2729 2262//2262
f 2729//2729 319//319 2262//2262
f 319//319 1383//1383 2262//2262
f 2729//2729 2012//2012 319//319
f 224//224 2577//2577 1760//1760
f 224//224 1422//1422 2577//2577
f 2577//2577 815//815 1760//1760
f 2577//2577 2411//2411 815//815
f 1760//1760 2840//2840 224//224
f 225//225 1434//1434 2391//2391
f 1434//1434 755//755 2391//2391
f 755//755 1995//1995 2391//2391
f 227//227 2345//2345 2364//2364
f 2345//2345 2364//2364 1742//1742
f 2364//2364 2494//2494 1742//1742
f 2494//2494 625//625 1742//1742
f 2364//2364 920//920 2494//2494
f 2364//2364 2252//2252 920//920
f 2364//2364 959//959 2252//2252
f 230//230 2471//2471 2622//2622
f 2471//2471 1475//1475 2622//2622
f 1475//1475 438//438 2622//2622
f 1475//1475 438//438 1501//1501
f 2471//2471 3013//3013 1475//1475
f 231//231 1851//1851 1094//1094
f 1851//1851 1094//1094 2160//2160
f 1094//1094 3183//3183 2160//2160
f 1094//1094 2562//2562 231//231
f 233//233 1025//1025 2941//2941
f 1025//1025 2331//2331 2941//2941
f 2331//2331 853//853 2941//2941
f 853//853 1568//1568 2941//2941
f 234//234 1659//1659 1251//1251
f 235//235 1006//1006 2068//2068
f 1006//1006 642//642 2068//2068
f 642//642 1551//1551 2068//2068
f 236//236 1589//1589 3207//3207
f 3207//3207 1559//1559 236//236
f 3207//3207 792//792 1559//1559
f 236//236 2407//2407 1589//1589
f 2407//2407 1358//1358 1589//1589
f 2407//2407 875//875 1358//1358
f 2407//2407 2927//2927 875//875
f 2927//2927 1876//1876 875//875
f 2927//2927 3089//3089 1876//1876
f 3089//3089 650//650 1876//1876
f 2927//2927 236//236 3089//3089
f 2927//2927 2407//2407 236//236
f 238//238 3167//3167 1343//1343
f 1343//1343 2093//2093 238//238
f 239//239 2372//2372 1736//1736
f 239//239 1494//1494 2372//2372
f 239//239 1576//1576 1494//1494
f 1576//1576 915//915 1494//1494
f 242//242 2401//2401 1798//1798
f 1798//1798 1080//1080 242//242
f 2401//2401 1751//1751 1798//1798
f 2401//2401 701//701 1751//1751
f 245//245 2415//2415 1643//1643
f 245//245 2356//2356 2415//2415
f 2356//2356 1061//1061 2415//2415
f 245//245 2148//2148 2356//2356
f 2148//2148 1306//1306 2356//2356
f 1306//1306 1037//1037 2356//2356
f 1306//1306 2207//2207 1037//1037
f 2207//2207 2638//2638 1037//1037
f 2207//2207 621//621 2638//2638
f 1306//1306 3151//3151 2207//2207
f 3151//3151 2369//2369 2207//2207
f 2369//2369 2366//2366 2207//2207
f 2369//2369 1696//1696 2366//2366
f 2369//2369 469//469 1696//1696
f 2369//2369 3151//3151 469//469
f 2415//2415 2334//2334 1643//1643
f 2334//2334 1362//1362 1643//1643
f 1362//1362 1767//1767 1643//1643
f 1767//1767 1334//1334 1643//1643
f 1767//1767 1334//1334 690//690
f 690//690 2334//2334 1767//1767
f 247//247 1594//1594 2509//2509
f 249//249 2958//2958 2456//2456
f 249//249 1680//1680 2958//2958
f 2958//2958 580//580 2456//2456
f 2456//2456 913//913 249//249
f 252//252 1652//1652 2394//2394
f 252//252 2048//2048 1652//1652
f 2048//2048 554//554 1652//1652
f 256//256 1417//1417 2250//2250
f 1417//1417 705//705 2250//2250
f 256//256 1437//1437 1417//1417
f 256//256 2305//2305 1437//1437
f 259//259 2481//2481 1929//1929
f 1929//1929 1848//1848 259//259
f 259//259 2543//2543 2481//2481
f 2543//2543 930//930 2481//2481
f 260//260 2092//2092 2815//2815
f 2092//2092 790//790 2815//2815
f 2092//2092 2583//2583 790//790
f 260//260 1323//1323 2092//2092
f 262//262 2635//2635 2782//2782
f 2635//2635 1036//1036 2782//2782
f 2782//2782 1294//1294 262//262
f 1294//1294 2000//2000 262//262
f 1294//1294 1057//1057 2000//2000
f 1057//1057 1960//1960 2000//2000
f 2782//2782 1294//1294 1297//1297
f 264//264 2239//2239 2739//2739
f 2239//2239 3152//3152 2739//2739
f 2239//2239 766//766 3152//3152
f 766//766 3020//3020 3152//3152
f 766//766 1694//1694 3020//3020
f 1694//1694 68//68 3020//3020
f 766//766 1651//1651 1694//1694
f 264//264 1471//1471 2239//2239
f 267//267 3201//3201 2249//2249
f 3201//3201 1207//1207 2249//2249
f 268//268 2986//2986 1725//1725
f 2986//2986 1510//1510 1725//1725
f 269//269 1800//1800 3121//3121
f 1800//1800 1184//1184 3121//3121
f 273//273 1726//1726 2981//2981
f 2981//2981 2070//2070 273//273
f 273//273 2893//2893 1726//1726
f 278//278 2774//2774 1534//1534
f 278//278 2217//2217 2774//2774
f 2217//2217 1998//1998 2774//2774
f 1998//1998 1534//1534 2774//2774
f 2217//2217 756//756 1998//1998
f 1534//1534 2571//2571 278//278
f 285//285 2567//2567 2703//2703
f 2567//2567 1085//1085 2703//2703
f 2567//2567 2076//2076 1085//1085
f 2567//2567 608//608 2076//2076
f 288//288 3099//3099 1656//1656
f 1656//1656 1964//1964 288//288
f 1964//1964 1331//1331 288//288
f 1964//1964 551//551 1331//1331
f 294//294 2306//2306 1122//1122
f 295//295 2588//2588 1885//1885
f 297//297 2952//2952 3085//3085
f 297//297 1158//1158 2952//2952
f 1158//1158 2215//2215 2952//2952
f 2215//2215 1770//1770 2952//2952
f 1770//1770 3085//3085 2952//2952
f 1770//1770 2446//2446 3085//3085
f 2215//2215 593//593 1770//1770
f 2215//2215 2477//2477 593//593
f 2215//2215 1647//1647 2477//2477
f 2215//2215 1158//1158 1647//1647
f 298//298 1990//1990 1283//1283
f 301//301 1246//1246 2240//2240
f 2240//2240 2054//2054 301//301
f 2054//2054 2643//2643 301//301
f 2643//2643 1904//1904 301//301
f 2643//2643 1054//1054 1904//1904
f 2643//2643 2054//2054 1054//1054
f 1246//1246 2097//2097 2240//2240
f 1246//1246 2844//2844 2097//2097
f 309//309 1636//1636 2624//2624
f 310//310 2859//2859 1265//1265
f 1265//1265 2938//2938 310//310
f 311//311 2355//2355 1729//1729
f 2355//2355 1156//1156 1729//1729
f 2355//2355 1156//1156 2710//2710
f 2710//2710 940//940 2355//2355
f 318//318 1821//1821 2751//2751
f 1821//1821 1224//1224 2751//2751
f 1821//1821 1829//1829 1224//1224
f 318//318 1172//1172 1821//1821
f 320//320 2042//2042 2640//2640
f 2042//2042 917//917 2640//2640
f 322//322 3127//3127 1808//1808
f 3127//3127 1222//1222 1808//1808
f 1808//1808 2096//2096 322//322
f 1808//1808 1029//1029 2096//2096
f 1029//1029 2140//2140 2096//2096
f 327//327 2221//2221 2883//2883
f 2883//2883 2467//2467 327//327
f 2883//2883 820//820 2467//2467
f 2883//2883 1605//1605 820//820
f 327//327 1886//1886 2221//2221
f 1886//1886 1376//1376 2221//2221
f 1376//1376 480//480 2221//2221
f 480//480 1070//1070 2221//2221
f 480//480 2489//2489 1070//1070
f 2489//2489 2490//2490 1070//1070
f 1376//1376 2656//2656 480//480
f 2656//2656 2071//2071 480//480
f 2656//2656 2104//2104 2071//2071
f 1376//1376 2141//2141 2656//2656
f 2141//2141 903//903 2656//2656
f 2141//2141 2809//2809 903//903
f 2141//2141 530//530 2809//2809
f 2141//2141 1775//1775 530//530
f 1775//1775 2940//2940 530//530
f 2940//2940 2983//2983 530//530
f 1775//1775 1886//1886 2940//2940
f 1775//1775 1376//1376 1886//1886
f 1775//1775 2141//2141 1376//1376
f 327//327 1426//1426 1886//1886
f 327//327 1796//1796 1426//1426
f 1796//1796 914//914 1426//1426
f 329//329 2164//2164 1919//1919
f 1919//1919 2592//2592 329//329
f 2592//2592 2026//2026 329//329
f 2026//2026 1377//1377 329//329
f 2026//2026 1653//1653 1377//1377
f 1653//1653 598//598 1377//1377
f 2164//2164 883//883 1919//1919
f 330//330 2669//2669 1150//1150
f 340//340 2625//2625 1164//1164
f 1164//1164 2273//2273 340//340
f 343//343 3180//3180 1595//1595
f 3180//3180 1216//1216 1595//1595
f 348//348 2865//2865 2441//2441
f 348//348 2472//2472 2865//2865
f 2472//2472 908//908 2865//2865
f 2472//2472 751//751 908//908
f 2472//2472 1218//1218 751//751
f 2472//2472 3164//3164 1218//1218
f 3164//3164 1843//1843 1218//1218
f 2472//2472 348//348 3164//3164
f 348//348 1189//1189 3164//3164
f 348//348 2441//2441 1189//1189
f 352//352 2576//2576 2200//2200
f 352//352 2231//2231 2576//2576
f 2576//2576 1241//1241 2200//2200
f 2200//2200 2202//2202 352//352
f 2202//2202 1430//1430 352//352
f 2200//2200 1381//1381 2202//2202
f 358//358 2541//2541 1864//1864
f 2541//2541 1052//1052 1864//1864
f 1864//1864 2314//2314 358//358
f 363//363 2793//2793 2225//2225
f 2793//2793 1169//1169 2225//2225
f 2793//2793 1388//1388 1169//1169
f 364//364 2282//2282 1485//1485
f 364//364 1334//1334 2282//2282
f 2282//2282 2967//2967 1485//1485
f 2282//2282 1021//1021 2967//2967
f 2282//2282 2795//2795 1021//1021
f 2795//2795 1333//1333 1021//1021
f 365//365 3041//3041 2159//2159
f 365//365 1492//1492 3041//3041
f 1492//1492 2838//2838 3041//3041
f 2838//2838 658//658 3041//3041
f 1492//1492 2773//2773 2838//2838
f 365//365 2324//2324 1492//1492
f 2324//2324 2734//2734 1492//1492
f 2734//2734 1119//1119 1492//1492
f 1119//1119 1593//1593 1492//1492
f 2734//2734 1119//1119 2324//2324
f 365//365 1584//1584 2324//2324
f 365//365 2214//2214 1584//1584
f 2214//2214 1762//1762 1584//1584
f 365//365 2159//2159 2214//2214
f 2159//2159 2733//2733 2214//2214
f 368//368 1165//1165 2112//2112
f 370//370 1107//1107 1639//1639
f 1107//1107 3004//3004 1639//1639
f 375//375 1498//1498 2882//2882
f 2882//2882 3025//3025 375//375
f 2882//2882 1607//1607 3025//3025
f 1607//1607 605//605 3025//3025
f 605//605 2258//2258 3025//3025
f 1607//1607 605//605 2623//2623
f 605//605 1136//1136 2623//2623
f 2623//2623 2267//2267 1607//1607
f 2267//2267 2882//2882 1607//1607
f 2267//2267 927//927 2882//2882
f 376//376 2626//2626 3077//3077
f 2626//2626 1235//1235 3077//3077
f 377//377 2429//2429 2555//2555
f 2429//2429 2052//2052 2555//2555
f 2429//2429 3114//3114 2052//2052
f 2429//2429 823//823 3114//3114
f 2429//2429 2530//2530 823//823
f 377//377 1212//1212 2429//2429
f 378//378 2814//2814 1891//1891
f 379//379 2218//2218 1548//1548
f 379//379 1393//1393 2218//2218
f 1393//1393 932//932 2218//2218
f 932//932 2939//2939 2218//2218
f 2939//2939 1548//1548 2218//2218
f 2939//2939 545//545 1548//1548
f 545//545 1893//1893 1548//1548
f 381//381 1755//1755 2449//2449
f 382//382 2610//2610 2872//2872
f 2610//2610 794//794 2872//2872
f 388//388 2676//2676 3026//3026
f 391//391 2303//2303 1340//1340
f 2303//2303 2998//2998 1340//1340
f 2998//2998 41//41 1340//1340
f 393//393 1234//1234 3111//3111
f 394//394 1324//1324 2582//2582
f 394//394 1707//1707 1324//1324
f 1707//1707 1137//1137 1324//1324
f 1137//1137 1726//1726 1324//1324
f 394//394 2223//2223 1707//1707
f 394//394 1264//1264 2223//2223
f 397//397 2056//2056 1543//1543
f 399//399 1722//1722 3010//3010
f 1722//1722 1410//1410 3010//3010
f 403//403 1687//1687 941//941
f 1687//1687 1909//1909 941//941
f 1687//1687 55//55 1909//1909
f 941//941 1966//1966 403//403
f 941//941 3044//3044 1966//1966
f 3044//3044 3177//3177 1966//1966
f 3044//3044 1489//1489 3177//3177
f 1489//1489 563//563 3177//3177
f 407//407 2386//2386 2904//2904
f 2904//2904 1258//1258 407//407
f 2386//2386 2904//2904 859//859
f 859//859 2386//2386 2417//2417
f 2386//2386 407//407 2417//2417
f 412//412 1881//1881 1564//1564
f 412//412 1973//1973 1881//1881
f 1564//1564 1445//1445 412//412
f 1445//1445 2974//2974 412//412
f 2974//2974 1095//1095 412//412
f 2974//2974 1095//1095 623//623
f 1564//1564 2916//2916 1445//1445
f 413//413 3021//3021 2348//2348
f 415//415 1528//1528 2637//2637
f 2637//2637 1194//1194 415//415
f 2637//2637 700//700 1194//1194
f 416//416 2864//2864 2451//2451
f 2864//2864 2451//2451 1092//1092
f 1092//1092 2864//2864 1292//1292
f 2864//2864 416//416 1292//1292
f 417//417 1233//1233 2951//2951
f 2951//2951 2494//2494 417//417
f 2494//2494 1026//1026 417//417
f 423//423 2138//2138 1154//1154
f 425//425 2501//2501 1717//1717
f 1717//1717 1027//1027 425//425
f 1027//1027 1949//1949 425//425
f 1949//1949 2481//2481 425//425
f 1949//1949 738//738 2481//2481
f 1949//1949 2338//2338 738//738
f 433//433 2686//2686 1405//1405
f 2686//2686 2143//2143 1405//1405
f 434//434 2759//2759 2762//2762
f 2759//2759 2511//2511 2762//2762
f 434//434 1415//1415 2759//2759
f 434//434 1283//1283 1415//1415
f 434//434 1283//1283 1869//1869
f 436//436 3181//3181 2601//2601
f 437//437 1429//1429 2863//2863
f 2863//2863 2497//2497 437//437
f 1429//1429 2069//2069 2863//2863
f 439//439 2742//2742 1491//1491
f 2742//2742 2570//2570 1491//1491
f 442//442 2905//2905 2770//2770
f 2770//2770 1317//1317 442//442
f 456//456 1190//1190 1470//1470
f 456//456 2605//2605 1190//1190
f 485//485 2086//2086 2468//2468
f 2086//2086 2404//2404 2468//2468
f 2086//2086 863//863 2404//2404
f 489//489 2847//2847 1418//1418
f 490//490 1737//1737 3086//3086
f 1737//1737 2209//2209 3086//3086
f 497//497 3107//3107 1682//1682
f 3107//3107 852//852 1682//1682
f 3107//3107 2185//2185 852//852
f 2185//2185 2750//2750 852//852
f 504//504 2174//2174 2236//2236
f 504//504 1933//1933 2174//2174
f 2174//2174 998//998 2236//2236
f 998//998 3092//3092 2236//2236
f 2236//2236 1577//1577 504//504
f 509//509 2154//2154 2889//2889
f 509//509 2288//2288 2154//2154
f 509//509 1967//1967 2288//2288
f 1967//1967 1860//1860 2288//2288
f 1860//1860 827//827 2288//2288
f 509//509 1361//1361 1967//1967
f 509//509 2889//2889 1361//1361
f 514//514 2151//2151 1586//1586
f 2151//2151 778//778 1586//1586
f 2151//2151 2706//2706 778//778
f 523//523 943//943 1701//1701
f 525//525 2719//2719 2948//2948
f 2948//2948 1714//1714 525//525
f 2719//2719 1708//1708 2948//2948
f 1708//1708 3163//3163 2948//2948
f 3163//3163 1900//1900 2948//2948
f 3163//3163 1289//1289 1900//1900
f 3163//3163 2488//2488 1289//1289
f 3163//3163 1708//1708 2488//2488
f 526//526 2405//2405 2618//2618
f 2618//2618 2944//2944 526//526
f 2618//2618 2914//2914 2944//2944
f 2618//2618 1274//1274 2914//2914
f 1274//1274 2816//2816 2914//2914
f 2816//2816 285//285 2914//2914
f 1274//1274 2080//2080 2816//2816
f 2080//2080 885//885 2816//2816
f 2080//2080 1281//1281 885//885
f 1281//1281 2172//2172 885//885
f 2080//2080 1274//1274 1281//1281
f 2618//2618 2405//2405 1274//1274
f 528//528 2118//2118 2040//2040
f 528//528 1684//1684 2118//2118
f 2040//2040 1254//1254 528//528
f 2040//2040 613//613 1254//1254
f 2040//2040 1149//1149 613//613
f 531//531 1055//1055 1754//1754
f 537//537 1462//1462 2819//2819
f 2819//2819 1823//1823 537//537
f 1823//1823 3078//3078 537//537
f 3078//3078 2089//2089 537//537
f 3078//3078 1048//1048 2089//2089
f 3078//3078 636//636 1048//1048
f 636//636 2827//2827 1048//1048
f 636//636 3034//3034 2827//2827
f 636//636 1672//1672 3034//3034
f 3078//3078 1823//1823 636//636
f 1462//1462 2362//2362 2819//2819
f 541//541 2821//2821 1641//1641
f 1641//1641 1468//1468 541//541
f 546//546 3117//3117 1822//1822
f 3117//3117 1359//1359 1822//1822
f 555//555 2516//2516 2918//2918
f 2918//2918 1477//1477 555//555
f 2918//2918 2516//2516 1477//1477
f 2516//2516 791//791 1477//1477
f 2516//2516 2065//2065 791//791
f 2516//2516 1714//1714 2065//2065
f 1714//1714 1102//1102 2065//2065
f 555//555 1102//1102 2516//2516
f 557//557 2787//2787 1101//1101
f 558//558 2776//2776 1713//1713
f 1713//1713 2230//2230 558//558
f 567//567 1606//1606 2232//2232
f 1606//1606 2232//2232 1725//1725
f 1725//1725 653//653 1606//1606
f 574//574 2812//2812 2962//2962
f 2962//2962 1515//1515 574//574
f 2962//2962 3030//3030 1515//1515
f 3030//3030 175//175 1515//1515
f 175//175 1583//1583 1515//1515
f 2962//2962 643//643 3030//3030
f 643//643 1447//1447 3030//3030
f 643//643 3138//3138 1447//1447
f 3138//3138 786//786 1447//1447
f 3138//3138 1352//1352 786//786
f 3138//3138 643//643 1352//1352
f 643//643 2962//2962 1352//1352
f 2962//2962 2812//2812 1352//1352
f 2812//2812 2797//2797 1352//1352
f 2797//2797 1175//1175 1352//1352
f 2797//2797 2196//2196 1175//1175
f 2812//2812 3213//3213 2797//2797
f 2812//2812 1693//1693 3213//3213
f 2812//2812 2060//2060 1693//1693
f 2812//2812 1955//1955 2060//2060
f 2812//2812 574//574 1955//1955
f 582//582 1328//1328 2738//2738
f 582//582 1971//1971 1328//1328
f 591//591 1002//1002 2044//2044
f 1002//1002 1738//1738 2044//2044
f 1002//1002 2512//2512 1738//1738
f 601//601 3000//3000 1703//1703
f 609//609 1182//1182 2603//2603
f 618//618 2270//2270 1549//1549
f 618//618 1165//1165 2270//2270
f 619//619 2361//2361 1197//1197
f 633//633 2664//2664 2021//2021
f 2664//2664 1853//1853 2021//2021
f 1853//1853 53//53 2021//2021
f 1853//1853 1359//1359 53//53
f 1853//1853 1359//1359 1879//1879
f 675//675 2197//2197 2969//2969
f 675//675 2169//2169 2197//2197
f 2169//2169 968//968 2197//2197
f 968//968 2722//2722 2197//2197
f 2722//2722 64//64 2197//2197
f 2169//2169 1824//1824 968//968
f 1824//1824 1423//1423 968//968
f 676//676 3192//3192 1552//1552
f 676//676 1298//1298 3192//3192
f 3192//3192 1008//1008 1552//1552
f 1008//1008 2704//2704 1552//1552
f 679//679 2700//2700 1066//1066
f 686//686 1176//1176 2088//2088
f 2088//2088 2836//2836 686//686
f 693//693 1438//1438 3205//3205
f 1438//1438 2649//2649 3205//3205
f 1438//1438 1530//1530 2649//2649
f 1530//1530 2133//2133 2649//2649
f 2133//2133 769//769 2649//2649
f 1530//1530 247//247 2133//2133
f 698//698 2994//2994 1794//1794
f 698//698 1965//1965 2994//2994
f 1794//1794 967//967 698//698
f 703//703 1839//1839 1413//1413
f 726//726 2266//2266 2925//2925
f 737//737 1859//1859 2556//2556
f 2556//2556 2048//2048 737//737
f 739//739 1644//1644 1727//1727
f 748//748 3079//3079 1952//1952
f 3079//3079 2514//2514 1952//1952
f 2514//2514 1702//1702 1952//1952
f 3079//3079 1293//1293 2514//2514
f 754//754 2281//2281 1480//1480
f 1480//1480 2979//2979 754//754
f 2979//2979 1312//1312 754//754
f 1312//1312 1523//1523 754//754
f 2979//2979 2526//2526 1312//1312
f 2526//2526 990//990 1312//1312
f 990//990 2165//2165 1312//1312
f 1480//1480 1590//1590 2979//2979
f 774//774 2425//2425 1753//1753
f 2425//2425 3056//3056 1753//1753
f 3056//3056 423//423 1753//1753
f 799//799 1364//1364 2517//2517
f 805//805 1718//1718 2244//2244
f 2244//2244 2342//2342 805//805
f 817//817 1940//1940 2445//2445
f 1940//1940 1094//1094 2445//2445
f 834//834 2307//2307 2106//2106
f 2307//2307 2106//2106 2693//2693
f 839//839 2818//2818 1920//1920
f 839//839 1386//1386 2818//2818
f 851//851 2692//2692 1341//1341
f 851//851 1741//1741 2692//2692
f 1741//1741 2687//2687 2692//2692
f 2692//2692 2314//2314 1341//1341
f 2314//2314 803//803 1341//1341
f 803//803 2172//2172 1341//1341
f 869//869 1518//1518 1581//1581
f 869//869 1791//1791 1518//1518
f 889//889 2766//2766 2681//2681
f 2681//2681 1677//1677 889//889
f 1677//1677 2353//2353 889//889
f 890//890 2102//2102 2784//2784
f 896//896 1290//1290 3203//3203
f 1290//1290 2336//2336 3203//3203
f 2336//2336 1381//1381 3203//3203
f 2336//2336 691//691 1381//1381
f 1290//1290 2266//2266 2336//2336
f 901//901 1483//1483 3067//3067
f 952//952 2913//2913 1899//1899
f 971//971 1257//1257 2189//2189
f 1257//1257 1197//1197 2189//2189
f 1257//1257 2925//2925 1197//1197
f 1257//1257 130//130 2925//2925
f 974//974 3126//3126 2551//2551
f 2551//2551 2765//2765 974//974
f 2765//2765 1160//1160 974//974
f 2551//2551 3098//3098 2765//2765
f 2551//2551 728//728 3098//3098
f 976//976 2384//2384 1578//1578
f 2384//2384 1418//1418 1578//1578
f 1125//1125 2786//2786 1465//1465
f 1125//1125 192//192 2786//2786
f 192//192 2786//2786 1465//1465
f 1125//1125 2366//2366 192//192
f 1198//1198 2937//2937 1731//1731
f 1731//1731 3026//3026 1198//1198
f 1243//1243 2853//2853 2895//2895
f 2895//2895 10//10 1243//1243
f 935//935 1301//1301 466//466
f 935//935 1350//1350 1301//1301
f 935//935 1591//1591 1350//1350
f 1591//1591 617//617 1350//1350
f 617//617 416//416 1350//1350
f 617//617 510//510 416//416
f 2550//2550 1448//1448 1591//1591
f 1448//1448 1209//1209 1591//1591
f 1448//1448 3210//3210 1209//1209
f 3210//3210 80//80 1209//1209
f 3210//3210 2485//2485 80//80
f 1448//1448 878//878 3210//3210
f 1448//1448 1613//1613 878//878
f 1613//1613 1394//1394 878//878
f 1394//1394 2208//2208 878//878
f 2208//2208 1731//1731 878//878
f 1731//1731 2292//2292 878//878
f 1731//1731 2773//2773 2292//2292
f 2773//2773 632//632 2292//2292
f 2773//2773 1762//1762 632//632
f 2773//2773 3035//3035 1762//1762
f 1731//1731 780//780 2773//2773
f 780//780 1131//1131 2773//2773
f 1131//1131 1044//1044 2773//2773
f 1131//1131 2360//2360 1044//1044
f 1131//1131 734//734 2360//2360
f 780//780 786//786 1131//1131
f 780//780 2937//2937 786//786
f 2937//2937 79//79 786//786
f 2937//2937 1198//1198 79//79
f 780//780 1731//1731 2937//2937
f 2208//2208 388//388 1731//1731
f 388//388 3026//3026 1731//1731
f 2208//2208 2676//2676 388//388
f 2208//2208 2546//2546 2676//2676
f 473//473 2820//2820 2083//2083
f 2820//2820 1292//1292 2083//2083
f 1292//1292 416//416 2083//2083
f 2820//2820 232//232 1292//1292
f 2820//2820 2547//2547 232//232
f 2820//2820 1611//1611 2547//2547
f 2820//2820 473//473 1611//1611
f 473//473 2765//2765 1611//1611
f 2765//2765 3098//3098 1611//1611
f 2432//2432 2630//2630 473//473
f 1812//1812 2675//2675 1209//1209
f 1354//1354 360//360 1749//1749
f 360//360 1914//1914 1749//1749
f 360//360 1702//1702 1914//1914
f 1354//1354 848//848 360//360
f 1044//1044 683//683 2129//2129
f 1044//1044 1927//1927 683//683
f 1927//1927 887//887 683//683
f 1927//1927 1420//1420 887//887
f 1927//1927 1097//1097 1420//1420
f 1384//1384 486//486 2297//2297
f 1384//1384 1987//1987 486//486
f 1987//1987 274//274 486//486
f 1987//1987 2610//2610 274//274
f 2610//2610 2321//2321 274//274
f 2610//2610 382//382 2321//2321
f 382//382 3027//3027 2321//2321
f 382//382 481//481 3027//3027
f 1987//1987 794//794 2610//2610
f 1987//1987 1384//1384 794//794
f 1384//1384 3//3 794//794
f 3//3 1487//1487 794//794
f 1487//1487 2872//2872 794//794
f 1487//1487 582//582 2872//2872
f 1487//1487 746//746 582//582
f 3//3 1345//1345 1487//1487
f 770//770 174//174 2255//2255
f 174//174 1604//1604 2255//2255
f 1604//1604 2833//2833 2255//2255
f 174//174 1031//1031 1604//1604
f 1031//1031 2288//2288 1604//1604
f 174//174 2628//2628 1031//1031
f 2628//2628 594//594 1031//1031
f 594//594 1136//1136 1031//1031
f 1136//1136 228//228 1031//1031
f 228//228 1808//1808 1031//1031
f 228//228 679//679 1808//1808
f 679//679 1029//1029 1808//1808
f 679//679 813//813 1029//1029
f 813//813 2140//2140 1029//1029
f 679//679 1262//1262 813//813
f 679//679 699//699 1262//1262
f 679//679 228//228 699//699
f 228//228 2623//2623 699//699
f 594//594 2353//2353 1136//1136
f 2353//2353 1677//1677 1136//1136
f 1677//1677 287//287 1136//1136
f 287//287 2267//2267 1136//1136
f 1677//1677 2681//2681 287//287
f 2681//2681 684//684 287//287
f 684//684 927//927 287//287
f 2681//2681 2766//2766 684//684
f 2766//2766 467//467 684//684
f 2766//2766 3106//3106 467//467
f 3106//3106 486//486 467//467
f 2766//2766 1134//1134 3106//3106
f 1134//1134 770//770 3106//3106
f 1134//1134 174//174 770//770
f 2766//2766 889//889 1134//1134
f 889//889 3009//3009 1134//1134
f 889//889 2353//2353 3009//3009
f 2353//2353 594//594 3009//3009
f 594//594 2628//2628 3009//3009
f 2628//2628 174//174 3009//3009
f 2721//2721 284//284 667//667
f 284//284 3128//3128 667//667
f 2721//2721 680//680 284//284
f 680//680 613//613 284//284
f 2721//2721 708//708 680//680
f 2385//2385 2027//2027 5//5
f 730//730 877//877 2032//2032
f 730//730 2371//2371 877//877
f 960//960 269//269 2977//2977
f 269//269 3121//3121 2977//2977
f 3121//3121 3050//3050 2977//2977
f 960//960 1632//1632 269//269
f 1632//1632 1842//1842 269//269
f 1842//1842 1889//1889 269//269
f 2001//2001 1285//1285 1632//1632
f 1928//1928 975//975 169//169
f 975//975 575//575 169//169
f 575//575 2110//2110 169//169
f 2110//2110 736//736 169//169
f 736//736 1867//1867 169//169
f 736//736 882//882 1867//1867
f 736//736 2645//2645 882//882
f 736//736 2110//2110 2645//2645
f 2110//2110 2340//2340 2645//2645
f 2110//2110 575//575 2340//2340
f 575//575 2025//2025 2340//2340
f 575//575 1459//1459 2025//2025
f 1459//1459 2904//2904 2025//2025
f 1459//1459 1258//1258 2904//2904
f 1459//1459 255//255 1258//1258
f 1459//1459 975//975 255//255
f 975//975 455//455 255//255
f 975//975 1486//1486 455//455
f 1486//1486 2027//2027 455//455
f 2027//2027 1202//1202 455//455
f 1486//1486 2478//2478 2027//2027
f 1459//1459 575//575 975//975
f 2272//2272 863//863 1402//1402
f 1268//1268 532//532 2959//2959
f 532//532 905//905 2959//2959
f 905//905 2337//2337 2959//2959
f 905//905 635//635 2337//2337
f 635//635 1003//1003 2337//2337
f 635//635 2145//2145 1003//1003
f 2145//2145 226//226 1003//1003
f 635//635 2858//2858 2145//2145
f 635//635 438//438 2858//2858
f 635//635 1469//1469 438//438
f 1469//1469 1501//1501 438//438
f 1469//1469 2544//2544 1501//1501
f 2544//2544 109//109 1501//1501
f 109//109 2224//2224 1501//1501
f 2224//2224 1475//1475 1501//1501
f 109//109 2091//2091 2224//2224
f 1469//1469 1173//1173 2544//2544
f 1173//1173 1472//1472 2544//2544
f 1173//1173 246//246 1472//1472
f 246//246 1177//1177 1472//1472
f 1177//1177 1342//1342 1472//1472
f 1177//1177 2163//2163 1342//1342
f 2163//2163 2091//2091 1342//1342
f 2163//2163 317//317 2091//2091
f 317//317 758//758 2091//2091
f 758//758 1299//1299 2091//2091
f 1299//1299 2668//2668 2091//2091
f 758//758 170//170 1299//1299
f 170//170 2504//2504 1299//1299
f 170//170 931//931 2504//2504
f 170//170 2004//2004 931//931
f 2004//2004 695//695 931//931
f 695//695 3034//3034 931//931
f 3034//3034 1672//1672 931//931
f 695//695 2827//2827 3034//3034
f 695//695 303//303 2827//2827
f 303//303 2830//2830 2827//2827
f 2830//2830 1048//1048 2827//2827
f 2830//2830 87//87 1048//1048
f 2830//2830 694//694 87//87
f 694//694 1924//1924 87//87
f 1924//1924 1230//1230 87//87
f 1924//1924 399//399 1230//1230
f 399//399 524//524 1230//1230
f 524//524 2818//2818 1230//1230
f 2818//2818 332//332 1230//1230
f 332//332 1016//1016 1230//1230
f 332//332 1185//1185 1016//1016
f 1185//1185 1462//1462 1016//1016
f 1462//1462 537//537 1016//1016
f 1185//1185 2362//2362 1462//1462
f 1185//1185 1313//1313 2362//2362
f 1313//1313 1120//1120 2362//2362
f 1120//1120 153//153 2362//2362
f 153//153 2819//2819 2362//2362
f 1313//1313 3063//3063 1120//1120
f 3063//3063 1665//1665 1120//1120
f 1665//1665 1110//1110 1120//1120
f 1313//1313 761//761 3063//3063
f 1313//1313 2101//2101 761//761
f 2101//2101 202//202 761//761
f 2101//2101 1916//1916 202//202
f 2101//2101 1386//1386 1916//1916
f 1386//1386 706//706 1916//1916
f 706//706 2723//2723 1916//1916
f 2723//2723 3006//3006 1916//1916
f 2723//2723 496//496 3006//3006
f 706//706 357//357 2723//2723
f 357//357 2020//2020 2723//2723
f 706//706 687//687 357//357
f 687//687 1231//1231 357//357
f 706//706 2428//2428 687//687
f 2428//2428 6//6 687//687
f 6//6 1653//1653 687//687
f 6//6 839//839 1653//1653
f 839//839 1920//1920 1653//1653
f 1920//1920 598//598 1653//1653
f 1920//1920 157//157 598//598
f 157//157 2408//2408 598//598
f 2408//2408 1377//1377 598//598
f 2408//2408 542//542 1377//1377
f 542//542 2009//2009 1377//1377
f 2009//2009 1919//1919 1377//1377
f 1919//1919 1906//1906 1377//1377
f 1919//1919 883//883 1906//1906
f 883//883 2513//2513 1906//1906
f 883//883 1389//1389 2513//2513
f 542//542 2009//2009 2408//2408
f 157//157 1570//1570 2408//2408
f 1570//1570 300//300 2408//2408
f 1570//1570 665//665 300//300
f 665//665 1178//1178 300//300
f 1178//1178 2689//2689 300//300
f 1178//1178 2216//2216 2689//2689
f 1178//1178 185//185 2216//2216
f 185//185 3212//3212 2216//2216
f 185//185 3048//3048 3212//3212
f 3048//3048 615//615 3212//3212
f 615//615 1330//1330 3212//3212
f 1178//1178 1838//1838 185//185
f 1178//1178 1001//1001 1838//1838
f 1178//1178 665//665 1001//1001
f 1920//1920 1410//1410 157//157
f 1920//1920 524//524 1410//1410
f 1920//1920 2818//2818 524//524
f 6//6 1386//1386 839//839
f 6//6 2428//2428 1386//1386
f 2428//2428 706//706 1386//1386
f 2101//2101 1185//1185 1386//1386
f 1185//1185 332//332 1386//1386
f 332//332 2818//2818 1386//1386
f 2101//2101 1313//1313 1185//1185
f 1924//1924 1269//1269 399//399
f 1269//1269 1766//1766 399//399
f 1269//1269 1845//1845 1766//1766
f 1924//1924 158//158 1269//1269
f 1924//1924 694//694 158//158
f 694//694 2284//2284 158//158
f 2284//2284 2931//2931 158//158
f 2931//2931 3209//3209 158//158
f 2931//2931 1115//1115 3209//3209
f 1115//1115 3194//3194 3209//3209
f 3194//3194 2475//2475 3209//3209
f 2475//2475 1845//1845 3209//3209
f 2475//2475 1351//1351 1845//1845
f 3194//3194 266//266 2475//2475
f 266//266 3000//3000 2475//2475
f 3000//3000 663//663 2475//2475
f 3000//3000 601//601 663//663
f 601//601 808//808 663//663
f 601//601 3211//3211 808//808
f 3211//3211 891//891 808//808
f 3211//3211 1977//1977 891//891
f 1977//1977 194//194 891//891
f 194//194 3168//3168 891//891
f 194//194 1454//1454 3168//3168
f 194//194 2344//2344 1454//1454
f 3211//3211 992//992 1977//1977
f 992//992 2929//2929 1977//1977
f 2929//2929 1065//1065 1977//1977
f 3211//3211 1703//1703 992//992
f 1703//1703 2465//2465 992//992
f 1703//1703 910//910 2465//2465
f 1703//1703 266//266 910//910
f 266//266 2970//2970 910//910
f 266//266 1888//1888 2970//2970
f 266//266 1115//1115 1888//1888
f 1115//1115 2604//2604 1888//1888
f 1115//1115 704//704 2604//2604
f 704//704 2931//2931 2604//2604
f 2931//2931 1505//1505 2604//2604
f 1505//1505 20//20 2604//2604
f 20//20 947//947 2604//2604
f 1505//1505 2920//2920 20//20
f 2920//2920 654//654 20//20
f 654//654 953//953 20//20
f 654//654 2047//2047 953//953
f 2047//2047 2804//2804 953//953
f 2804//2804 1834//1834 953//953
f 1834//1834 1846//1846 953//953
f 1846//1846 2326//2326 953//953
f 1834//1834 2479//2479 1846//1846
f 1834//1834 1337//1337 2479//2479
f 1337//1337 2234//2234 2479//2479
f 1337//1337 870//870 2234//2234
f 1834//1834 167//167 1337//1337
f 2804//2804 501//501 1834//1834
f 2920//2920 2949//2949 654//654
f 2949//2949 2351//2351 654//654
f 2931//2931 2284//2284 1505//1505
f 2284//2284 844//844 1505//1505
f 844//844 507//507 1505//1505
f 844//844 1997//1997 507//507
f 844//844 303//303 1997//1997
f 303//303 2004//2004 1997//1997
f 2004//2004 2753//2753 1997//1997
f 2004//2004 170//170 2753//2753
f 303//303 695//695 2004//2004
f 844//844 2830//2830 303//303
f 844//844 694//694 2830//2830
f 844//844 2284//2284 694//694
f 704//704 1115//1115 2931//2931
f 266//266 3194//3194 1115//1115
f 1703//1703 3000//3000 266//266
f 3211//3211 601//601 1703//1703
f 758//758 1406//1406 170//170
f 758//758 2123//2123 1406//1406
f 758//758 317//317 2123//2123
f 317//317 3003//3003 2123//2123
f 317//317 3008//3008 3003//3003
f 3008//3008 925//925 3003//3003
f 317//317 1547//1547 3008//3008
f 1547//1547 1694//1694 3008//3008
f 1694//1694 2161//2161 3008//3008
f 1694//1694 1651//1651 2161//2161
f 1547//1547 2460//2460 1694//1694
f 2460//2460 68//68 1694//1694
f 246//246 1276//1276 1177//1177
f 1276//1276 1288//1288 1177//1177
f 1276//1276 2695//2695 1288//1288
f 1276//1276 1781//1781 2695//2695
f 1276//1276 1387//1387 1781//1781
f 1276//1276 148//148 1387//1387
f 1276//1276 532//532 148//148
f 532//532 1043//1043 148//148
f 532//532 1268//1268 1043//1043
f 1276//1276 246//246 532//532
f 246//246 905//905 532//532
f 246//246 1173//1173 905//905
f 1173//1173 635//635 905//905
f 1173//1173 1469//1469 635//635
f 1226//1226 254//254 2636//2636
f 254//254 915//915 2636//2636
f 254//254 2437//2437 915//915
f 2437//2437 1494//1494 915//915
f 2437//2437 1007//1007 1494//1494
f 1007//1007 1737//1737 1494//1494
f 1737//1737 2372//2372 1494//1494
f 1737//1737 490//490 2372//2372
f 490//490 1736//1736 2372//2372
f 490//490 374//374 1736//1736
f 374//374 709//709 1736//1736
f 709//709 1225//1225 1736//1736
f 1225//1225 239//239 1736//1736
f 1225//1225 2010//2010 239//239
f 1225//1225 649//649 2010//2010
f 1225//1225 709//709 649//649
f 709//709 1132//1132 649//649
f 709//709 46//46 1132//1132
f 709//709 1482//1482 46//46
f 709//709 374//374 1482//1482
f 374//374 1556//1556 1482//1482
f 374//374 3166//3166 1556//1556
f 374//374 171//171 3166//3166
f 171//171 2553//2553 3166//3166
f 171//171 1265//1265 2553//2553
f 171//171 1140//1140 1265//1265
f 171//171 2893//2893 1140//1140
f 2893//2893 273//273 1140//1140
f 273//273 2070//2070 1140//1140
f 2070//2070 901//901 1140//1140
f 901//901 2938//2938 1140//1140
f 2070//2070 608//608 901//901
f 2070//2070 608//608 885//885
f 608//608 2567//2567 885//885
f 171//171 2740//2740 2893//2893
f 2740//2740 717//717 2893//2893
f 717//717 1726//1726 2893//2893
f 717//717 1324//1324 1726//1726
f 717//717 1759//1759 1324//1324
f 717//717 2209//2209 1759//1759
f 2209//2209 96//96 1759//1759
f 96//96 2582//2582 1759//1759
f 96//96 519//519 2582//2582
f 519//519 2304//2304 2582//2582
f 2304//2304 1264//1264 2582//2582
f 2304//2304 196//196 1264//1264
f 2304//2304 831//831 196//196
f 831//831 1322//1322 196//196
f 1322//1322 2226//2226 196//196
f 1322//1322 2680//2680 2226//2226
f 831//831 1243//1243 1322//1322
f 2304//2304 519//519 831//831
f 519//519 1220//1220 831//831
f 1220//1220 10//10 831//831
f 1220//1220 2153//2153 10//10
f 519//519 254//254 1220//1220
f 254//254 1079//1079 1220//1220
f 254//254 1226//1226 1079//1079
f 519//519 1007//1007 254//254
f 1007//1007 2437//2437 254//254
f 519//519 96//96 1007//1007
f 96//96 1737//1737 1007//1007
f 96//96 2209//2209 1737//1737
f 717//717 2740//2740 2209//2209
f 2740//2740 3086//3086 2209//2209
f 2740//2740 490//490 3086//3086
f 2740//2740 374//374 490//490
f 2740//2740 171//171 374//374
f 2395//2395 712//712 1817//1817
f 712//712 573//573 1817//1817
f 712//712 1577//1577 573//573
f 1577//1577 2236//2236 573//573
f 2236//2236 3092//3092 573//573
f 3092//3092 1203//1203 573//573
f 1203//1203 3065//3065 573//573
f 1203//1203 3146//3146 3065//3065
f 3146//3146 14//14 3065//3065
f 712//712 2149//2149 1577//1577
f 2149//2149 504//504 1577//1577
f 712//712 2427//2427 2149//2149
f 712//712 814//814 2427//2427
f 814//814 722//722 2427//2427
f 722//722 1874//1874 2427//2427
f 722//722 208//208 1874//1874
f 208//208 3126//3126 1874//1874
f 3126//3126 782//782 1874//1874
f 208//208 2188//2188 3126//3126
f 2188//2188 538//538 3126//3126
f 538//538 2551//2551 3126//3126
f 538//538 1755//1755 2551//2551
f 1755//1755 3038//3038 2551//2551
f 1755//1755 381//381 3038//3038
f 538//538 2449//2449 1755//1755
f 538//538 2433//2433 2449//2449
f 2433//2433 381//381 2449//2449
f 538//538 1030//1030 2433//2433
f 1030//1030 993//993 2433//2433
f 1030//1030 1423//1423 993//993
f 1423//1423 143//143 993//993
f 143//143 1922//1922 993//993
f 143//143 593//593 1922//1922
f 143//143 2446//2446 593//593
f 1423//1423 1824//1824 143//143
f 1030//1030 290//290 1423//1423
f 290//290 968//968 1423//1423
f 290//290 2722//2722 968//968
f 290//290 722//722 2722//2722
f 722//722 1338//1338 2722//2722
f 722//722 814//814 1338//1338
f 814//814 988//988 1338//1338
f 814//814 1831//1831 988//988
f 814//814 2684//2684 1831//1831
f 814//814 712//712 2684//2684
f 712//712 296//296 2684//2684
f 712//712 2395//2395 296//296
f 290//290 2191//2191 722//722
f 2191//2191 208//208 722//722
f 2191//2191 2188//2188 208//208
f 2191//2191 1030//1030 2188//2188
f 1030//1030 538//538 2188//2188
f 2191//2191 290//290 1030//1030
f 14//14 660//660 1778//1778
f 14//14 3055//3055 660//660
f 14//14 1609//1609 3055//3055
f 14//14 508//508 1609//1609
f 508//508 1856//1856 1609//1609
f 1856//1856 3129//3129 1609//1609
f 1856//1856 2344//2344 3129//3129
f 1229//1229 291//291 662//662
f 291//291 2405//2405 662//662
f 291//291 811//811 2405//2405
f 811//811 2811//2811 2405//2405
f 2811//2811 82//82 2405//2405
f 2811//2811 851//851 82//82
f 851//851 1341//1341 82//82
f 2811//2811 1705//1705 851//851
f 1705//1705 172//172 851//851
f 1705//1705 1822//1822 172//172
f 1822//1822 1741//1741 172//172
f 1822//1822 414//414 1741//1741
f 1822//1822 2664//2664 414//414
f 2664//2664 633//633 414//414
f 633//633 2142//2142 414//414
f 2142//2142 1082//1082 414//414
f 1082//1082 310//310 414//414
f 310//310 2687//2687 414//414
f 310//310 803//803 2687//2687
f 2142//2142 197//197 1082//1082
f 197//197 567//567 1082//1082
f 567//567 2553//2553 1082//1082
f 2553//2553 2859//2859 1082//1082
f 633//633 1478//1478 2142//2142
f 633//633 2021//2021 1478//1478
f 2021//2021 1898//1898 1478//1478
f 1898//1898 864//864 1478//1478
f 864//864 1444//1444 1478//1478
f 1444//1444 197//197 1478//1478
f 1444//1444 1556//1556 197//197
f 864//864 2033//2033 1444//1444
f 2033//2033 177//177 1444//1444
f 177//177 1255//1255 1444//1444
f 1255//1255 371//371 1444//1444
f 177//177 421//421 1255//1255
f 421//421 1945//1945 1255//1255
f 421//421 1601//1601 1945//1945
f 421//421 2332//2332 1601//1601
f 177//177 824//824 421//421
f 824//824 781//781 421//421
f 824//824 2486//2486 781//781
f 2486//2486 2924//2924 781//781
f 2924//2924 115//115 781//781
f 2486//2486 738//738 2924//2924
f 738//738 2338//2338 2924//2924
f 177//177 1795//1795 824//824
f 1795//1795 2732//2732 824//824
f 2033//2033 1051//1051 177//177
f 1051//1051 177//177 981//981
f 981//981 2376//2376 1051//1051
f 2376//2376 3028//3028 1051//1051
f 2033//2033 864//864 1051//1051
f 864//864 2710//2710 1051//1051
f 864//864 2647//2647 2710//2710
f 2647//2647 1898//1898 2710//2710
f 1898//1898 981//981 2710//2710
f 1898//1898 180//180 981//981
f 180//180 1254//1254 981//981
f 1254//1254 613//613 981//981
f 2647//2647 864//864 1898//1898
f 2021//2021 1371//1371 1898//1898
f 2021//2021 1529//1529 1371//1371
f 1822//1822 1359//1359 2664//2664
f 1705//1705 696//696 1822//1822
f 696//696 546//546 1822//1822
f 1705//1705 1629//1629 696//696
f 1629//1629 1926//1926 696//696
f 1926//1926 151//151 696//696
f 1926//1926 911//911 151//151
f 911//911 1610//1610 151//151
f 1610//1610 600//600 151//151
f 1610//1610 1358//1358 600//600
f 1610//1610 911//911 1358//1358
f 911//911 404//404 1358//1358
f 404//404 2879//2879 1358//1358
f 2879//2879 1589//1589 1358//1358
f 2879//2879 1083//1083 1589//1589
f 1083//1083 792//792 1589//1589
f 792//792 3207//3207 1589//1589
f 1083//1083 2759//2759 792//792
f 2879//2879 63//63 1083//1083
f 63//63 1155//1155 1083//1083
f 63//63 2590//2590 1155//1155
f 2590//2590 2523//2523 1155//1155
f 2879//2879 2561//2561 63//63
f 2879//2879 404//404 2561//2561
f 404//404 911//911 2561//2561
f 1705//1705 1747//1747 1629//1629
f 1747//1747 176//176 1629//1629
f 176//176 401//401 1629//1629
f 176//176 2821//2821 401//401
f 2821//2821 1700//1700 401//401
f 1700//1700 2661//2661 401//401
f 2821//2821 541//541 1700//1700
f 541//541 1468//1468 1700//1700
f 176//176 1747//1747 2821//2821
f 1747//1747 1641//1641 2821//2821
f 1747//1747 811//811 1641//1641
f 811//811 291//291 1641//1641
f 291//291 1468//1468 1641//1641
f 291//291 1229//1229 1468//1468
f 1747//1747 2811//2811 811//811
f 1747//1747 1705//1705 2811//2811
f 16//16 819//819 2521//2521
f 819//819 1004//1004 2521//2521
f 819//819 3141//3141 1004//1004
f 819//819 406//406 3141//3141
f 1004//1004 1010//1010 2644//2644
f 1004//1004 1563//1563 1010//1010
f 1563//1563 1573//1573 1010//1010
f 1563//1563 1521//1521 1573//1573
f 1521//1521 104//104 1573//1573
f 104//104 584//584 1573//1573
f 1521//1521 1411//1411 104//104
f 1411//1411 1996//1996 104//104
f 1521//1521 536//536 1411//1411
f 536//536 1378//1378 1411//1411
f 1378//1378 186//186 1411//1411
f 186//186 2359//2359 1411//1411
f 186//186 1075//1075 2359//2359
f 1075//1075 2109//2109 2359//2359
f 186//186 1196//1196 1075//1075
f 186//186 2383//2383 1196//1196
f 2383//2383 535//535 1196//1196
f 535//535 1084//1084 1196//1196
f 1084//1084 3072//3072 1196//1196
f 1084//1084 2269//2269 3072//3072
f 2269//2269 743//743 3072//3072
f 743//743 106//106 3072//3072
f 106//106 966//966 3072//3072
f 106//106 2166//2166 966//966
f 743//743 2919//2919 106//106
f 743//743 2074//2074 2919//2919
f 743//743 1128//1128 2074//2074
f 743//743 2269//2269 1128//1128
f 2269//2269 2621//2621 1128//1128
f 2621//2621 2897//2897 1128//1128
f 2621//2621 2866//2866 2897//2897
f 2269//2269 1084//1084 2621//2621
f 1084//1084 741//741 2621//2621
f 741//741 1887//1887 2621//2621
f 741//741 869//869 1887//1887
f 1084//1084 535//535 741//741
f 535//535 1581//1581 741//741
f 535//535 2052//2052 1581//1581
f 535//535 2555//2555 2052//2052
f 535//535 2383//2383 2555//2555
f 2383//2383 1378//1378 2555//2555
f 2383//2383 186//186 1378//1378
f 536//536 1212//1212 1378//1378
f 536//536 145//145 1212//1212
f 145//145 2530//2530 1212//1212
f 145//145 1053//1053 2530//2530
f 1053//1053 823//823 2530//2530
f 1053//1053 472//472 823//823
f 472//472 2051//2051 823//823
f 472//472 1465//1465 2051//2051
f 472//472 2850//2850 1465//1465
f 1053//1053 1391//1391 472//472
f 1053//1053 1287//1287 1391//1391
f 1053//1053 1431//1431 1287//1287
f 1053//1053 2574//2574 1431//1431
f 1053//1053 145//145 2574//2574
f 1059//1059 2008//2008 1861//1861
f 2008//2008 308//308 1861//1861
f 2008//2008 1408//1408 308//308
f 1408//1408 2243//2243 308//308
f 2243//2243 395//395 308//308
f 1408//1408 33//33 2243//2243
f 2008//2008 474//474 1408//1408
f 2008//2008 2203//2203 474//474
f 2008//2008 1059//1059 2203//2203
f 1367//1367 1372//1372 395//395
f 1372//1372 1121//1121 395//395
f 1121//1121 2064//2064 395//395
f 1121//1121 2406//2406 2064//2064
f 1367//1367 240//240 1372//1372
f 240//240 2752//2752 1372//1372
f 1367//1367 2565//2565 240//240
f 463//463 2565//2565 2775//2775
f 2565//2565 1249//1249 2775//2775
f 1249//1249 2746//2746 2775//2775
f 1745//1745 980//980 463//463
f 1745//1745 500//500 980//980
f 1745//1745 3174//3174 500//500
f 92//92 2025//2025 2463//2463
f 2025//2025 859//859 2463//2463
f 859//859 678//678 2463//2463
f 1104//1104 1800//1800 2399//2399
f 1800//1800 269//269 2399//2399
f 517//517 2254//2254 1104//1104
f 2254//2254 3001//3001 1104//1104
f 517//517 372//372 2254//2254
f 1612//1612 607//607 950//950
f 3184//3184 212//212 607//607
f 212//212 1754//1754 607//607
f 1754//1754 1055//1055 607//607
f 1055//1055 1520//1520 607//607
f 1520//1520 562//562 607//607
f 562//562 1184//1184 607//607
f 1055//1055 3059//3059 1520//1520
f 212//212 1711//1711 1754//1754
f 1711//1711 531//531 1754//1754
f 1711//1711 645//645 531//531
f 645//645 2210//2210 531//531
f 2210//2210 1346//1346 531//531
f 1346//1346 759//759 531//531
f 759//759 1055//1055 531//531
f 759//759 3057//3057 1055//1055
f 3057//3057 152//152 1055//1055
f 759//759 787//787 3057//3057
f 787//787 1911//1911 3057//3057
f 759//759 2854//2854 787//787
f 759//759 1346//1346 2854//2854
f 1346//1346 1450//1450 2854//2854
f 1711//1711 3148//3148 645//645
f 3148//3148 1959//1959 645//645
f 1711//1711 3066//3066 3148//3148
f 3066//3066 609//609 3148//3148
f 609//609 2603//2603 3148//3148
f 2603//2603 913//913 3148//3148
f 913//913 24//24 3148//3148
f 3066//3066 1978//1978 609//609
f 1978//1978 1182//1182 609//609
f 1978//1978 1325//1325 1182//1182
f 1325//1325 402//402 1182//1182
f 402//402 1679//1679 1182//1182
f 1679//1679 316//316 1182//1182
f 316//316 2510//2510 1182//1182
f 2510//2510 249//249 1182//1182
f 249//249 2603//2603 1182//1182
f 2510//2510 1680//1680 249//249
f 2510//2510 3135//3135 1680//1680
f 3135//3135 656//656 1680//1680
f 656//656 2958//2958 1680//1680
f 656//656 2229//2229 2958//2958
f 2229//2229 580//580 2958//2958
f 656//656 1189//1189 2229//2229
f 1189//1189 89//89 2229//2229
f 1189//1189 744//744 89//89
f 1189//1189 2441//2441 744//744
f 2441//2441 908//908 744//744
f 908//908 12//12 744//744
f 908//908 3047//3047 12//12
f 3047//3047 2439//2439 12//12
f 2439//2439 2932//2932 12//12
f 2439//2439 351//351 2932//2932
f 2439//2439 2933//2933 351//351
f 3047//3047 742//742 2439//2439
f 3047//3047 1868//1868 742//742
f 1868//1868 1404//1404 742//742
f 1868//1868 270//270 1404//1404
f 270//270 1023//1023 1404//1404
f 1023//1023 3125//3125 1404//1404
f 1023//1023 2697//2697 3125//3125
f 2697//2697 2365//2365 3125//3125
f 270//270 2934//2934 1023//1023
f 2934//2934 1357//1357 1023//1023
f 1357//1357 3005//3005 1023//1023
f 2441//2441 2865//2865 908//908
f 656//656 3164//3164 1189//1189
f 656//656 1843//1843 3164//3164
f 656//656 3135//3135 1843//1843
f 3135//3135 147//147 1843//1843
f 147//147 1218//1218 1843//1843
f 3135//3135 1114//1114 147//147
f 1114//1114 2701//2701 147//147
f 2701//2701 718//718 147//147
f 718//718 2631//2631 147//147
f 2631//2631 1511//1511 147//147
f 2631//2631 3087//3087 1511//1511
f 3087//3087 1223//1223 1511//1511
f 1223//1223 1218//1218 1511//1511
f 2631//2631 359//359 3087//3087
f 2701//2701 1539//1539 718//718
f 1539//1539 2662//2662 718//718
f 2701//2701 316//316 1539//1539
f 2701//2701 1114//1114 316//316
f 1114//1114 2510//2510 316//316
f 1114//1114 3135//3135 2510//2510
f 3066//3066 1711//1711 1978//1978
f 1711//1711 212//212 1978//1978
f 2318//2318 1857//1857 2662//2662
f 2318//2318 570//570 1857//1857
f 2754//2754 718//718 2299//2299
f 1186//1186 1227//1227 1357//1357
f 1186//1186 2413//2413 1227//1227
f 2444//2444 846//846 1457//1457
f 2444//2444 2891//2891 846//846
f 1039//1039 127//127 1657//1657
f 127//127 2763//2763 1657//1657
f 127//127 1252//1252 2763//2763
f 127//127 544//544 1252//1252
f 544//544 1455//1455 1252//1252
f 544//544 29//29 1455//1455
f 127//127 1673//1673 544//544
f 127//127 2365//2365 1673//1673
f 488//488 3100//3100 1262//1262
f 1765//1765 1764//1764 488//488
f 856//856 128//128 1171//1171
f 856//856 2660//2660 128//128
f 856//856 282//282 2660//2660
f 856//856 2829//2829 282//282
f 856//856 1329//1329 2829//2829
f 856//856 1587//1587 1329//1329
f 1587//1587 745//745 1329//1329
f 745//745 1633//1633 1329//1329
f 745//745 1571//1571 1633//1633
f 745//745 2276//2276 1571//1571
f 2276//2276 271//271 1571//1571
f 745//745 1587//1587 2276//2276
f 688//688 641//641 1620//1620
f 2923//2923 209//209 688//688
f 209//209 2447//2447 688//688
f 1569//1569 902//902 2476//2476
f 3045//3045 521//521 1397//1397
f 521//521 1333//1333 1397//1397
f 1333//1333 500//500 1397//1397
f 1333//1333 685//685 500//500
f 685//685 2157//2157 500//500
f 521//521 1676//1676 1333//1333
f 1676//1676 204//204 1333//1333
f 521//521 3095//3095 1676//1676
f 521//521 3045//3045 3095//3095
f 3045//3045 978//978 3095//3095
f 3045//3045 2554//2554 978//978
f 2146//2146 515//515 978//978
f 2146//2146 1123//1123 515//515
f 1123//1123 1421//1421 515//515
f 1123//1123 1878//1878 1421//1421
f 1419//1419 2240//2240 2801//2801
f 1419//1419 2054//2054 2240//2240
f 2831//2831 600//600 19//19
f 600//600 875//875 19//19
f 2831//2831 3019//3019 600//600
f 3019//3019 600//600 2839//2839
f 1780//1780 2991//2991 2831//2831
f 2991//2991 2839//2839 2831//2831
f 2991//2991 462//462 2839//2839
f 462//462 991//991 2839//2839
f 462//462 1074//1074 991//991
f 462//462 229//229 1074//1074
f 229//229 2678//2678 1074//1074
f 2678//2678 1529//1529 1074//1074
f 1529//1529 3117//3117 1074//1074
f 3117//3117 546//546 1074//1074
f 546//546 338//338 1074//1074
f 1529//1529 1359//1359 3117//3117
f 462//462 2991//2991 229//229
f 2991//2991 1728//1728 229//229
f 2991//2991 219//219 1728//1728
f 1780//1780 430//430 2991//2991
f 430//430 1567//1567 2991//2991
f 430//430 449//449 1567//1567
f 430//430 449//449 560//560
f 449//449 2352//2352 560//560
f 2352//2352 1100//1100 560//560
f 1100//1100 252//252 560//560
f 1100//1100 849//849 252//252
f 849//849 1859//1859 252//252
f 1859//1859 299//299 252//252
f 299//299 2556//2556 252//252
f 1859//1859 849//849 299//299
f 849//849 2814//2814 299//299
f 1100//1100 1442//1442 849//849
f 1442//1442 818//818 849//849
f 818//818 1891//1891 849//849
f 818//818 942//942 1891//1891
f 942//942 1049//1049 1891//1891
f 1049//1049 299//299 1891//1891
f 1049//1049 299//299 942//942
f 818//818 2870//2870 942//942
f 818//818 2227//2227 2870//2870
f 818//818 577//577 2227//2227
f 577//577 3204//3204 2227//2227
f 577//577 461//461 3204//3204
f 461//461 1744//1744 3204//3204
f 461//461 2247//2247 1744//1744
f 2247//2247 625//625 1744//1744
f 625//625 1026//1026 1744//1744
f 1026//1026 3171//3171 1744//1744
f 3171//3171 154//154 1744//1744
f 3171//3171 2696//2696 154//154
f 3171//3171 553//553 2696//2696
f 553//553 942//942 2696//2696
f 3171//3171 1271//1271 553//553
f 1271//1271 2285//2285 553//553
f 2285//2285 65//65 553//553
f 2285//2285 1304//1304 65//65
f 2285//2285 1271//1271 1304//1304
f 3171//3171 227//227 1271//1271
f 227//227 2084//2084 1271//1271
f 227//227 431//431 2084//2084
f 431//431 959//959 2084//2084
f 959//959 2572//2572 2084//2084
f 431//431 227//227 959//959
f 3171//3171 1026//1026 227//227
f 2247//2247 865//865 625//625
f 865//865 1622//1622 625//625
f 1622//1622 581//581 625//625
f 581//581 1742//1742 625//625
f 865//865 1528//1528 1622//1622
f 1528//1528 2652//2652 1622//1622
f 1528//1528 2751//2751 2652//2652
f 2751//2751 957//957 2652//2652
f 1528//1528 415//415 2751//2751
f 415//415 318//318 2751//2751
f 415//415 1550//1550 318//318
f 1550//1550 928//928 318//318
f 928//928 2278//2278 318//318
f 2278//2278 1172//1172 318//318
f 2278//2278 505//505 1172//1172
f 505//505 840//840 1172//1172
f 840//840 1821//1821 1172//1172
f 840//840 114//114 1821//1821
f 114//114 2090//2090 1821//1821
f 2090//2090 957//957 1821//1821
f 2090//2090 2119//2119 957//957
f 2119//2119 735//735 957//957
f 735//735 581//581 957//957
f 581//581 1972//1972 957//957
f 2119//2119 275//275 735//735
f 275//275 1720//1720 735//735
f 1720//1720 1847//1847 735//735
f 1847//1847 3162//3162 735//735
f 2119//2119 2090//2090 275//275
f 2090//2090 3042//3042 275//275
f 114//114 1076//1076 2090//2090
f 840//840 1969//1969 114//114
f 505//505 1792//1792 840//840
f 505//505 2302//2302 1792//1792
f 2302//2302 243//243 1792//1792
f 2302//2302 2448//2448 243//243
f 2448//2448 1752//1752 243//243
f 2448//2448 2822//2822 1752//1752
f 2822//2822 670//670 1752//1752
f 2448//2448 3134//3134 2822//2822
f 2448//2448 1463//1463 3134//3134
f 2448//2448 2173//2173 1463//1463
f 2448//2448 1296//1296 2173//2173
f 1296//1296 2943//2943 2173//2173
f 2448//2448 2302//2302 1296//1296
f 2278//2278 1332//1332 505//505
f 2278//2278 928//928 1332//1332
f 928//928 468//468 1332//1332
f 928//928 1689//1689 468//468
f 1689//1689 933//933 468//468
f 933//933 838//838 468//468
f 838//838 222//222 468//468
f 838//838 614//614 222//222
f 838//838 123//123 614//614
f 838//838 2339//2339 123//123
f 2339//2339 986//986 123//123
f 838//838 2012//2012 2339//2339
f 2012//2012 2729//2729 2339//2339
f 2729//2729 1887//1887 2339//2339
f 1887//1887 1791//1791 2339//2339
f 1791//1791 444//444 2339//2339
f 2729//2729 2629//2629 1887//1887
f 838//838 933//933 2012//2012
f 933//933 1689//1689 2012//2012
f 1689//1689 1127//1127 2012//2012
f 1127//1127 319//319 2012//2012
f 1550//1550 362//362 928//928
f 1550//1550 1194//1194 362//362
f 1194//1194 1127//1127 362//362
f 1194//1194 1383//1383 1127//1127
f 1194//1194 1602//1602 1383//1383
f 1194//1194 700//700 1602//1602
f 700//700 1636//1636 1602//1602
f 1636//1636 550//550 1602//1602
f 1550//1550 415//415 1194//1194
f 865//865 2637//2637 1528//1528
f 865//865 700//700 2637//2637
f 865//865 2624//2624 700//700
f 865//865 668//668 2624//2624
f 865//865 2247//2247 668//668
f 2247//2247 2007//2007 668//668
f 2007//2007 1028//1028 668//668
f 1028//1028 1636//1636 668//668
f 1028//1028 2367//2367 1636//1636
f 1028//1028 250//250 2367//2367
f 250//250 569//569 2367//2367
f 569//569 2074//2074 2367//2367
f 1028//1028 2007//2007 250//250
f 2007//2007 2377//2377 250//250
f 2377//2377 2260//2260 250//250
f 2260//2260 944//944 250//250
f 2260//2260 861//861 944//944
f 861//861 569//569 944//944
f 861//861 2482//2482 569//569
f 861//861 835//835 2482//2482
f 835//835 2735//2735 2482//2482
f 835//835 1789//1789 2735//2735
f 1789//1789 723//723 2735//2735
f 723//723 191//191 2735//2735
f 723//723 2170//2170 191//191
f 2170//2170 503//503 191//191
f 503//503 569//569 191//191
f 503//503 2711//2711 569//569
f 2711//2711 345//345 569//569
f 2711//2711 503//503 345//345
f 503//503 2919//2919 345//345
f 503//503 2166//2166 2919//2919
f 503//503 715//715 2166//2166
f 715//715 1080//1080 2166//2166
f 1080//1080 1798//1798 2166//2166
f 715//715 242//242 1080//1080
f 715//715 1855//1855 242//242
f 1855//1855 592//592 242//242
f 592//592 1526//1526 242//242
f 1526//1526 2401//2401 242//242
f 592//592 2849//2849 1526//1526
f 592//592 810//810 2849//2849
f 810//810 2095//2095 2849//2849
f 2095//2095 1698//1698 2849//2849
f 1698//1698 166//166 2849//2849
f 1698//1698 2495//2495 166//166
f 2495//2495 2379//2379 166//166
f 1698//1698 276//276 2495//2495
f 276//276 2483//2483 2495//2495
f 1698//1698 760//760 276//276
f 760//760 3139//3139 276//276
f 760//760 1639//1639 3139//3139
f 1698//1698 2095//2095 760//760
f 1855//1855 715//715 592//592
f 715//715 1135//1135 592//592
f 1135//1135 1896//1896 592//592
f 1896//1896 2095//2095 592//592
f 715//715 963//963 1135//1135
f 963//963 723//723 1135//1135
f 723//723 1789//1789 1135//1135
f 1789//1789 238//238 1135//1135
f 238//238 1777//1777 1135//1135
f 1777//1777 470//470 1135//1135
f 470//470 1803//1803 1135//1135
f 238//238 2093//2093 1777//1777
f 2093//2093 168//168 1777//1777
f 168//168 2593//2593 1777//1777
f 2093//2093 2728//2728 168//168
f 2728//2728 409//409 168//168
f 2728//2728 2093//2093 409//409
f 2093//2093 1343//1343 409//409
f 1343//1343 1245//1245 409//409
f 1245//1245 796//796 409//409
f 1245//1245 3118//3118 796//796
f 1789//1789 1245//1245 238//238
f 963//963 2170//2170 723//723
f 963//963 715//715 2170//2170
f 715//715 503//503 2170//2170
f 2247//2247 461//461 2007//2007
f 461//461 2892//2892 2007//2007
f 461//461 577//577 2892//2892
f 818//818 3046//3046 577//577
f 3046//3046 346//346 577//577
f 346//346 2586//2586 577//577
f 346//346 860//860 2586//2586
f 346//346 2311//2311 860//860
f 346//346 1543//1543 2311//2311
f 1543//1543 409//409 2311//2311
f 1543//1543 2056//2056 409//409
f 2056//2056 1739//1739 409//409
f 346//346 881//881 1543//1543
f 881//881 2333//2333 1543//1543
f 2333//2333 397//397 1543//1543
f 2333//2333 1273//1273 397//397
f 2333//2333 1704//1704 1273//1273
f 1704//1704 251//251 1273//1273
f 1704//1704 1598//1598 251//251
f 1598//1598 626//626 251//251
f 2333//2333 134//134 1704//1704
f 134//134 1802//1802 1704//1704
f 1802//1802 2357//2357 1704//1704
f 134//134 449//449 1802//1802
f 134//134 2352//2352 449//449
f 134//134 1100//1100 2352//2352
f 134//134 1307//1307 1100//1100
f 134//134 2333//2333 1307//1307
f 2333//2333 881//881 1307//1307
f 346//346 1442//1442 881//881
f 346//346 3046//3046 1442//1442
f 3046//3046 818//818 1442//1442
f 1062//1062 2396//2396 430//430
f 1062//1062 328//328 2396//2396
f 328//328 251//251 2396//2396
f 328//328 820//820 251//251
f 328//328 2420//2420 820//820
f 2420//2420 1796//1796 820//820
f 1796//1796 327//327 820//820
f 2420//2420 572//572 1796//1796
f 572//572 1769//1769 1796//1796
f 572//572 2769//2769 1769//1769
f 2769//2769 448//448 1769//1769
f 448//448 799//799 1769//1769
f 799//799 1348//1348 1769//1769
f 1348//1348 1426//1426 1769//1769
f 1348//1348 1886//1886 1426//1426
f 799//799 2409//2409 1348//1348
f 2409//2409 2809//2809 1348//1348
f 2409//2409 195//195 2809//2809
f 195//195 2220//2220 2809//2809
f 195//195 2742//2742 2220//2220
f 2742//2742 439//439 2220//2220
f 439//439 2185//2185 2220//2220
f 2185//2185 937//937 2220//2220
f 937//937 903//903 2220//2220
f 2185//2185 312//312 937//937
f 312//312 2776//2776 937//937
f 2776//2776 136//136 937//937
f 2776//2776 558//558 136//136
f 558//558 2230//2230 136//136
f 2230//2230 2490//2490 136//136
f 312//312 497//497 2776//2776
f 497//497 1713//1713 2776//2776
f 312//312 3107//3107 497//497
f 312//312 2185//2185 3107//3107
f 439//439 1491//1491 2185//2185
f 1491//1491 2436//2436 2185//2185
f 1491//1491 681//681 2436//2436
f 681//681 253//253 2436//2436
f 253//253 852//852 2436//2436
f 253//253 2370//2370 852//852
f 2370//2370 1682//1682 852//852
f 2370//2370 1191//1191 1682//1682
f 1191//1191 497//497 1682//1682
f 1191//1191 1763//1763 497//497
f 1191//1191 495//495 1763//1763
f 495//495 760//760 1763//1763
f 760//760 162//162 1763//1763
f 495//495 646//646 760//760
f 495//495 1639//1639 646//646
f 495//495 370//370 1639//1639
f 1191//1191 2370//2370 495//495
f 681//681 1161//1161 253//253
f 1161//1161 2171//2171 253//253
f 1161//1161 334//334 2171//2171
f 334//334 3094//3094 2171//2171
f 3094//3094 1112//1112 2171//2171
f 1112//1112 370//370 2171//2171
f 1161//1161 1058//1058 334//334
f 1161//1161 681//681 1058//1058
f 681//681 1319//1319 1058//1058
f 1319//1319 1883//1883 1058//1058
f 1319//1319 1805//1805 1883//1883
f 1805//1805 179//179 1883//1883
f 1805//1805 549//549 179//179
f 681//681 119//119 1319//1319
f 681//681 2570//2570 119//119
f 681//681 1491//1491 2570//2570
f 195//195 2843//2843 2742//2742
f 2843//2843 2493//2493 2742//2742
f 2493//2493 2570//2570 2742//2742
f 2843//2843 1205//1205 2493//2493
f 2843//2843 644//644 1205//1205
f 644//644 549//549 1205//1205
f 2843//2843 674//674 644//644
f 674//674 3093//3093 644//644
f 674//674 2789//2789 3093//3093
f 674//674 1488//1488 2789//2789
f 674//674 2843//2843 1488//1488
f 2843//2843 195//195 1488//1488
f 799//799 762//762 2409//2409
f 762//762 2890//2890 2409//2409
f 2890//2890 1488//1488 2409//2409
f 2890//2890 353//353 1488//1488
f 353//353 1157//1157 1488//1488
f 799//799 448//448 762//762
f 2769//2769 572//572 448//448
f 572//572 1559//1559 448//448
f 1559//1559 792//792 448//448
f 792//792 1476//1476 448//448
f 1476//1476 1743//1743 448//448
f 792//792 110//110 1476//1476
f 110//110 2898//2898 1476//1476
f 572//572 650//650 1559//1559
f 328//328 650//650 2420//2420
f 328//328 1062//1062 650//650
f 1062//1062 19//19 650//650
f 870//870 1242//1242 3198//3198
f 1242//1242 2867//2867 3198//3198
f 2867//2867 985//985 3198//3198
f 2867//2867 408//408 985//985
f 408//408 2263//2263 985//985
f 2263//2263 1540//1540 985//985
f 1540//1540 72//72 985//985
f 2867//2867 1126//1126 408//408
f 1126//1126 1525//1525 408//408
f 1525//1525 1976//1976 408//408
f 1525//1525 660//660 1976//1976
f 660//660 1779//1779 1976//1976
f 1525//1525 2241//2241 660//660
f 2241//2241 2440//2440 660//660
f 2241//2241 2506//2506 2440//2440
f 2867//2867 324//324 1126//1126
f 324//324 1835//1835 1126//1126
f 1242//1242 2434//2434 2867//2867
f 1242//1242 707//707 2434//2434
f 1242//1242 2072//2072 707//707
f 970//970 2144//2144 333//333
f 970//970 1720//1720 2144//2144
f 959//959 2345//2345 2035//2035
f 1696//1696 1306//1306 2343//2343
f 1306//1306 1614//1614 2343//2343
f 747//747 192//192 1696//1696
f 747//747 1634//1634 192//192
f 2206//2206 614//614 747//747
f 1923//1923 1623//1623 2103//2103
f 1623//1623 222//222 2103//2103
f 1932//1932 498//498 1902//1902
f 798//798 498//498 1810//1810
f 1649//1649 884//884 2780//2780
f 884//884 506//506 2780//2780
f 884//884 210//210 506//506
f 884//884 616//616 210//210
f 884//884 1776//1776 616//616
f 1776//1776 2282//2282 616//616
f 884//884 1649//1649 1776//1776
f 1649//1649 1614//1614 1776//1776
f 1614//1614 477//477 1776//1776
f 477//477 1334//1334 1776//1776
f 1614//1614 1643//1643 477//477
f 1614//1614 2148//2148 1643//1643
f 583//583 854//854 2790//2790
f 583//583 2092//2092 854//854
f 2322//2322 1005//1005 583//583
f 1005//1005 1600//1600 583//583
f 2595//2595 1266//1266 2992//2992
f 1266//1266 1600//1600 2992//2992
f 2595//2595 720//720 1266//1266
f 720//720 2179//2179 1266//1266
f 720//720 2177//2177 2179//2179
f 720//720 2253//2253 2177//2177
f 2253//2253 880//880 2177//2177
f 880//880 2676//2676 2177//2177
f 2676//2676 540//540 2177//2177
f 540//540 184//184 2177//2177
f 880//880 2253//2253 2676//2676
f 2253//2253 1198//1198 2676//2676
f 1198//1198 3026//3026 2676//2676
f 2936//2936 1723//1723 1447//1447
f 1723//1723 666//666 1447//1447
f 666//666 1441//1441 1447//1447
f 1441//1441 574//574 1447//1447
f 1441//1441 749//749 574//574
f 1441//1441 1117//1117 749//749
f 1117//1117 946//946 749//749
f 946//946 2717//2717 749//749
f 946//946 74//74 2717//2717
f 946//946 1756//1756 74//74
f 946//946 2600//2600 1756//1756
f 2600//2600 457//457 1756//1756
f 457//457 1670//1670 1756//1756
f 1670//1670 1152//1152 1756//1756
f 1152//1152 1479//1479 1756//1756
f 1152//1152 1089//1089 1479//1479
f 1089//1089 2075//2075 1479//1479
f 1152//1152 2974//2974 1089//1089
f 1152//1152 2916//2916 2974//2974
f 1152//1152 647//647 2916//2916
f 647//647 1688//1688 2916//2916
f 1688//1688 1006//1006 2916//2916
f 1688//1688 642//642 1006//1006
f 1688//1688 2699//2699 642//642
f 2699//2699 1551//1551 642//642
f 2699//2699 1956//1956 1551//1551
f 1956//1956 1699//1699 1551//1551
f 1699//1699 983//983 1551//1551
f 983//983 826//826 1551//1551
f 826//826 235//235 1551//1551
f 235//235 2068//2068 1551//1551
f 826//826 1637//1637 235//235
f 1637//1637 1095//1095 235//235
f 1095//1095 1006//1006 235//235
f 1637//1637 623//623 1095//1095
f 1637//1637 807//807 623//623
f 1637//1637 826//826 807//807
f 826//826 207//207 807//807
f 207//207 2029//2029 807//807
f 2029//2029 1773//1773 807//807
f 1773//1773 356//356 807//807
f 356//356 1435//1435 807//807
f 356//356 2462//2462 1435//1435
f 1773//1773 876//876 356//356
f 1773//1773 2029//2029 876//876
f 2029//2029 207//207 876//876
f 207//207 1308//1308 876//876
f 1308//1308 1370//1370 876//876
f 1370//1370 2130//2130 876//876
f 1370//1370 383//383 2130//2130
f 1370//1370 1819//1819 383//383
f 1819//1819 752//752 383//383
f 752//752 321//321 383//383
f 321//321 2246//2246 383//383
f 752//752 1259//1259 321//321
f 1259//1259 801//801 321//321
f 1259//1259 1827//1827 801//801
f 1827//1827 1446//1446 801//801
f 1446//1446 200//200 801//801
f 200//200 3092//3092 801//801
f 3092//3092 2315//2315 801//801
f 2315//2315 58//58 801//801
f 2315//2315 748//748 58//58
f 748//748 1192//1192 58//58
f 2315//2315 998//998 748//748
f 998//998 2174//2174 748//748
f 2174//2174 213//213 748//748
f 2315//2315 3092//3092 998//998
f 1827//1827 1259//1259 1446//1446
f 752//752 98//98 1259//1259
f 752//752 1330//1330 98//98
f 1370//1370 1308//1308 1819//1819
f 1308//1308 3002//3002 1819//1819
f 1308//1308 1828//1828 3002//3002
f 826//826 1918//1918 207//207
f 826//826 548//548 1918//1918
f 826//826 1998//1998 548//548
f 1998//1998 1988//1988 548//548
f 1988//1988 1877//1877 548//548
f 1998//1998 1646//1646 1988//1988
f 826//826 75//75 1998//1998
f 75//75 983//983 1998//1998
f 983//983 1699//1699 1998//1998
f 1699//1699 1534//1534 1998//1998
f 1699//1699 2571//2571 1534//1534
f 1699//1699 1956//1956 2571//2571
f 1956//1956 1311//1311 2571//2571
f 1311//1311 1958//1958 2571//2571
f 1958//1958 1298//1298 2571//2571
f 1298//1298 278//278 2571//2571
f 1298//1298 1552//1552 278//278
f 1552//1552 2217//2217 278//278
f 1552//1552 1646//1646 2217//2217
f 1958//1958 1464//1464 1298//1298
f 1311//1311 3051//3051 1958//1958
f 3051//3051 513//513 1958//1958
f 513//513 886//886 1958//1958
f 3051//3051 1311//1311 513//513
f 1956//1956 1655//1655 1311//1311
f 1956//1956 2347//2347 1655//1655
f 2347//2347 955//955 1655//1655
f 1956//1956 2699//2699 2347//2347
f 2699//2699 1688//1688 2347//2347
f 647//647 2346//2346 1688//1688
f 1152//1152 1670//1670 647//647
f 457//457 1163//1163 1670//1670
f 457//457 3144//3144 1163//1163
f 457//457 587//587 3144//3144
f 457//457 2600//2600 587//587
f 2600//2600 1403//1403 587//587
f 2600//2600 946//946 1403//1403
f 1117//1117 2015//2015 946//946
f 1117//1117 731//731 2015//2015
f 731//731 1339//1339 2015//2015
f 1339//1339 2309//2309 2015//2015
f 2309//2309 969//969 2015//2015
f 2309//2309 188//188 969//969
f 2309//2309 990//990 188//188
f 990//990 1934//1934 188//188
f 1934//1934 3109//3109 188//188
f 1934//1934 638//638 3109//3109
f 1934//1934 2128//2128 638//638
f 2128//2128 1727//1727 638//638
f 1727//1727 1644//1644 638//638
f 1644//1644 1481//1481 638//638
f 1644//1644 2034//2034 1481//1481
f 1644//1644 139//139 2034//2034
f 1644//1644 3161//3161 139//139
f 1644//1644 2043//2043 3161//3161
f 1644//1644 739//739 2043//2043
f 739//739 221//221 2043//2043
f 221//221 2116//2116 2043//2043
f 739//739 534//534 221//221
f 534//534 1748//1748 221//221
f 534//534 1316//1316 1748//1748
f 534//534 1211//1211 1316//1316
f 739//739 1727//1727 534//534
f 1727//1727 1091//1091 534//534
f 1727//1727 2128//2128 1091//1091
f 2128//2128 344//344 1091//1091
f 2128//2128 1735//1735 344//344
f 1735//1735 948//948 344//344
f 948//948 3136//3136 344//344
f 3136//3136 1730//1730 344//344
f 1730//1730 2545//2545 344//344
f 948//948 337//337 3136//3136
f 337//337 1024//1024 3136//3136
f 337//337 1826//1826 1024//1024
f 1826//1826 1656//1656 1024//1024
f 1656//1656 3099//3099 1024//1024
f 3099//3099 1621//1621 1024//1024
f 3099//3099 1336//1336 1621//1621
f 3099//3099 630//630 1336//1336
f 3099//3099 2619//2619 630//630
f 2619//2619 1691//1691 630//630
f 1691//1691 1427//1427 630//630
f 1427//1427 2078//2078 630//630
f 1427//1427 350//350 2078//2078
f 1427//1427 1717//1717 350//350
f 1717//1717 2501//2501 350//350
f 2501//2501 710//710 350//350
f 710//710 1642//1642 350//350
f 710//710 2564//2564 1642//1642
f 710//710 634//634 2564//2564
f 2501//2501 27//27 710//710
f 27//27 1425//1425 710//710
f 27//27 556//556 1425//1425
f 1427//1427 302//302 1717//1717
f 302//302 1027//1027 1717//1717
f 302//302 772//772 1027//1027
f 772//772 115//115 1027//1027
f 115//115 2338//2338 1027//1027
f 2338//2338 1949//1949 1027//1027
f 302//302 2195//2195 772//772
f 2195//2195 155//155 772//772
f 155//155 1248//1248 772//772
f 2195//2195 727//727 155//155
f 727//727 1013//1013 155//155
f 1013//1013 1716//1716 155//155
f 1716//1716 1369//1369 155//155
f 1716//1716 479//479 1369//1369
f 1716//1716 2099//2099 479//479
f 2099//2099 304//304 479//479
f 304//304 724//724 479//479
f 724//724 1356//1356 479//479
f 1356//1356 1661//1661 479//479
f 1356//1356 2655//2655 1661//1661
f 1356//1356 2874//2874 2655//2655
f 2874//2874 443//443 2655//2655
f 443//443 828//828 2655//2655
f 828//828 131//131 2655//2655
f 828//828 733//733 131//131
f 733//733 2010//2010 131//131
f 443//443 2868//2868 828//828
f 304//304 1327//1327 724//724
f 304//304 1892//1892 1327//1327
f 1892//1892 424//424 1327//1327
f 424//424 2204//2204 1327//1327
f 2204//2204 2414//2414 1327//1327
f 1892//1892 120//120 424//424
f 1892//1892 1715//1715 120//120
f 1892//1892 304//304 1715//1715
f 304//304 447//447 1715//1715
f 447//447 1400//1400 1715//1715
f 1400//1400 830//830 1715//1715
f 830//830 2714//2714 1715//1715
f 830//830 120//120 2714//2714
f 1400//1400 1234//1234 830//830
f 1400//1400 836//836 1234//1234
f 836//836 1331//1331 1234//1234
f 836//836 2619//2619 1331//1331
f 2619//2619 288//288 1331//1331
f 2619//2619 3099//3099 288//288
f 304//304 1013//1013 447//447
f 1013//1013 2235//2235 447//447
f 304//304 2099//2099 1013//1013
f 2099//2099 1716//1716 1013//1013
f 727//727 1453//1453 1013//1013
f 727//727 1427//1427 1453//1453
f 1427//1427 60//60 1453//1453
f 1427//1427 1691//1691 60//60
f 727//727 302//302 1427//1427
f 727//727 2195//2195 302//302
f 1826//1826 1388//1388 1656//1656
f 1388//1388 1964//1964 1656//1656
f 1388//1388 8//8 1964//1964
f 8//8 2155//2155 1964//1964
f 2155//2155 551//551 1964//1964
f 2155//2155 393//393 551//551
f 393//393 1331//1331 551//551
f 2155//2155 3172//3172 393//393
f 337//337 1169//1169 1826//1826
f 337//337 484//484 1169//1169
f 484//484 2507//2507 1169//1169
f 2507//2507 2225//2225 1169//1169
f 2507//2507 702//702 2225//2225
f 337//337 948//948 484//484
f 2128//2128 1934//1934 1735//1735
f 1934//1934 2165//2165 1735//1735
f 2165//2165 2640//2640 1735//1735
f 2640//2640 2906//2906 1735//1735
f 2640//2640 917//917 2906//2906
f 917//917 484//484 2906//2906
f 2165//2165 320//320 2640//2640
f 2165//2165 854//854 320//320
f 854//854 1323//1323 320//320
f 1323//1323 2042//2042 320//320
f 1323//1323 2817//2817 2042//2042
f 2817//2817 917//917 2042//2042
f 2817//2817 71//71 917//917
f 71//71 1667//1667 917//917
f 2817//2817 843//843 71//71
f 2817//2817 1323//1323 843//843
f 731//731 1117//1117 1339//1339
f 1117//1117 666//666 1339//1339
f 666//666 1555//1555 1339//1339
f 1555//1555 2869//2869 1339//1339
f 666//666 1723//1723 1555//1555
f 1117//1117 1441//1441 666//666
f 930//930 2543//2543 1433//1433
f 2543//2543 2785//2785 1433//1433
f 2785//2785 437//437 1433//1433
f 2785//2785 1032//1032 437//437
f 2785//2785 565//565 1032//1032
f 565//565 1615//1615 1032//1032
f 565//565 1064//1064 1615//1615
f 1064//1064 111//111 1615//1615
f 1064//1064 306//306 111//111
f 306//306 2211//2211 111//111
f 2211//2211 1289//1289 111//111
f 1289//1289 897//897 111//111
f 1289//1289 525//525 897//897
f 525//525 387//387 897//897
f 387//387 753//753 897//897
f 753//753 1825//1825 897//897
f 753//753 1429//1429 1825//1825
f 1429//1429 1032//1032 1825//1825
f 753//753 895//895 1429//1429
f 753//753 664//664 895//895
f 664//664 873//873 895//895
f 873//873 94//94 895//895
f 873//873 2587//2587 94//94
f 2587//2587 1880//1880 94//94
f 1880//1880 2063//2063 94//94
f 1880//1880 713//713 2063//2063
f 873//873 2393//2393 2587//2587
f 2393//2393 263//263 2587//2587
f 263//263 955//955 2587//2587
f 955//955 2899//2899 2587//2587
f 955//955 2856//2856 2899//2899
f 2856//2856 2709//2709 2899//2899
f 955//955 697//697 2856//2856
f 263//263 2674//2674 955//955
f 664//664 2757//2757 873//873
f 664//664 657//657 2757//2757
f 657//657 1390//1390 2757//2757
f 664//664 142//142 657//657
f 142//142 2067//2067 657//657
f 2067//2067 2256//2256 657//657
f 2256//2256 1783//1783 657//657
f 2067//2067 418//418 2256//2256
f 2067//2067 1069//1069 418//418
f 1069//1069 281//281 418//418
f 281//281 1046//1046 418//418
f 281//281 779//779 1046//1046
f 281//281 1069//1069 779//779
f 2067//2067 142//142 1069//1069
f 142//142 1710//1710 1069//1069
f 664//664 1771//1771 142//142
f 664//664 387//387 1771//1771
f 387//387 1710//1710 1771//1771
f 387//387 525//525 1710//1710
f 664//664 753//753 387//387
f 306//306 1093//1093 2211//2211
f 1064//1064 1582//1582 306//306
f 1582//1582 2376//2376 306//306
f 1582//1582 2732//2732 2376//2376
f 1064//1064 2954//2954 1582//1582
f 2954//2954 2993//2993 1582//1582
f 2954//2954 824//824 2993//2993
f 565//565 1124//1124 1064//1064
f 565//565 2543//2543 1124//1124
f 2543//2543 738//738 1124//1124
f 565//565 2785//2785 2543//2543
f 1930//1930 425//425 930//930
f 1930//1930 2501//2501 425//425
f 29//29 927//927 3159//3159
f 1436//1436 293//293 1097//1097
f 293//293 1574//1574 1097//1097
f 1436//1436 1321//1321 293//293
f 1436//1436 893//893 1321//1321
f 893//893 1089//1089 1321//1321
f 734//734 1572//1572 1436//1436
f 734//734 574//574 1572//1572
f 2961//2961 1166//1166 35//35
f 1166//1166 2835//2835 35//35
f 1166//1166 492//492 2835//2835
f 1166//1166 2950//2950 492//492
f 2950//2950 1628//1628 492//492
f 1628//1628 1174//1174 492//492
f 1174//1174 2046//2046 492//492
f 1174//1174 307//307 2046//2046
f 307//307 1490//1490 2046//2046
f 307//307 822//822 1490//1490
f 822//822 2115//2115 1490//1490
f 822//822 1835//1835 2115//2115
f 1835//1835 1953//1953 2115//2115
f 307//307 1279//1279 822//822
f 1279//1279 2666//2666 822//822
f 1279//1279 2788//2788 2666//2666
f 307//307 1133//1133 1279//1279
f 307//307 1174//1174 1133//1133
f 1174//1174 105//105 1133//1133
f 105//105 2705//2705 1133//1133
f 1174//1174 1499//1499 105//105
f 1174//1174 602//602 1499//1499
f 1174//1174 1628//1628 602//602
f 2961//2961 354//354 1166//1166
f 2961//2961 2457//2457 354//354
f 2457//2457 1844//1844 354//354
f 1844//1844 894//894 354//354
f 1844//1844 578//578 894//894
f 2457//2457 522//522 1844//1844
f 2457//2457 1067//1067 522//522
f 1067//1067 2176//2176 522//522
f 2176//2176 1532//1532 522//522
f 1067//1067 167//167 2176//2176
f 2457//2457 1272//1272 1067//1067
f 2457//2457 2961//2961 1272//1272
f 1992//1992 879//879 361//361
f 1992//1992 1950//1950 879//879
f 1950//1950 559//559 879//879
f 559//559 2607//2607 879//879
f 2607//2607 198//198 879//879
f 198//198 1988//1988 879//879
f 198//198 2607//2607 1988//1988
f 1992//1992 883//883 1950//1950
f 883//883 2164//2164 1950//1950
f 2164//2164 1366//1366 1950//1950
f 2164//2164 2009//2009 1366//1366
f 3108//3108 2219//2219 357//357
f 3108//3108 476//476 2219//2219
f 476//476 2975//2975 2219//2219
f 3108//3108 2053//2053 476//476
f 2508//2508 1200//1200 1076//1076
f 1557//1557 2508//2508 2802//2802
f 785//785 837//837 2902//2902
f 837//837 334//334 2902//2902
f 334//334 1872//1872 2902//2902
f 837//837 2651//2651 334//334
f 1647//1647 1158//1158 2715//2715
f 1158//1158 3123//3123 2715//2715
f 3123//3123 405//405 2715//2715
f 405//405 1216//1216 2715//2715
f 3123//3123 2300//2300 405//405
f 2300//2300 1595//1595 405//405
f 2300//2300 1073//1073 1595//1595
f 1073//1073 1365//1365 1595//1595
f 1365//1365 343//343 1595//1595
f 1073//1073 1712//1712 1365//1365
f 3123//3123 2903//2903 2300//2300
f 3123//3123 1158//1158 2903//2903
f 1158//1158 1195//1195 2903//2903
f 1158//1158 297//297 1195//1195
f 40//40 2477//2477 1647//1647
f 2715//2715 3180//3180 2310//2310
f 42//42 2591//2591 3080//3080
f 2591//2591 777//777 3080//3080
f 777//777 1278//1278 3080//3080
f 2591//2591 2189//2189 777//777
f 2189//2189 230//230 777//777
f 230//230 2002//2002 777//777
f 2591//2591 971//971 2189//2189
f 2591//2591 2617//2617 971//971
f 2617//2617 1257//1257 971//971
f 42//42 1109//1109 2591//2591
f 1109//1109 1355//1355 2591//2591
f 42//42 2291//2291 1109//1109
f 42//42 636//636 2291//2291
f 42//42 1672//1672 636//636
f 2312//2312 776//776 43//43
f 776//776 1513//1513 43//43
f 776//776 904//904 1513//1513
f 904//904 1814//1814 1513//1513
f 1814//1814 2022//2022 1513//1513
f 2022//2022 639//639 1513//1513
f 639//639 2140//2140 1513//1513
f 639//639 2096//2096 2140//2140
f 639//639 827//827 2096//2096
f 827//827 322//322 2096//2096
f 639//639 2492//2492 827//827
f 639//639 2378//2378 2492//2492
f 639//639 2237//2237 2378//2378
f 932//932 1393//1393 44//44
f 1393//1393 919//919 44//44
f 919//919 2431//2431 44//44
f 2431//2431 407//407 44//44
f 407//407 1258//1258 44//44
f 2431//2431 369//369 407//407
f 369//369 1015//1015 407//407
f 1015//1015 678//678 407//407
f 1015//1015 2844//2844 678//678
f 2844//2844 1246//1246 678//678
f 1246//1246 301//301 678//678
f 301//301 1368//1368 678//678
f 1015//1015 124//124 2844//2844
f 124//124 2097//2097 2844//2844
f 1015//1015 996//996 124//124
f 996//996 1430//1430 124//124
f 1430//1430 1096//1096 124//124
f 1430//1430 691//691 1096//1096
f 691//691 366//366 1096//1096
f 366//366 2097//2097 1096//1096
f 366//366 2240//2240 2097//2097
f 691//691 1878//1878 366//366
f 691//691 726//726 1878//1878
f 726//726 130//130 1878//1878
f 996//996 2231//2231 1430//1430
f 996//996 1099//1099 2231//2231
f 1099//1099 1850//1850 2231//2231
f 1099//1099 91//91 1850//1850
f 996//996 2841//2841 1099//1099
f 1015//1015 3069//3069 996//996
f 1015//1015 369//369 3069//3069
f 1393//1393 2295//2295 919//919
f 2295//2295 2178//2178 919//919
f 2295//2295 265//265 2178//2178
f 265//265 2825//2825 2178//2178
f 265//265 1466//1466 2825//2825
f 1393//1393 379//379 2295//2295
f 2100//2100 1451//1451 932//932
f 1451//1451 2939//2939 932//932
f 1451//1451 545//545 2939//2939
f 1451//1451 2968//2968 545//545
f 2968//2968 1893//1893 545//545
f 2968//2968 1047//1047 1893//1893
f 1047//1047 339//339 1893//1893
f 339//339 2127//2127 1893//1893
f 1047//1047 1373//1373 339//339
f 1047//1047 1870//1870 1373//1373
f 1047//1047 2968//2968 1870//1870
f 2968//2968 3131//3131 1870//1870
f 2968//2968 1451//1451 3131//3131
f 2100//2100 669//669 1451//1451
f 3115//3115 44//44 2627//2627
f 2332//2332 1840//1840 1132//1132
f 2589//2589 341//341 3082//3082
f 2589//2589 1565//1565 341//341
f 1728//1728 85//85 934//934
f 85//85 2118//2118 934//934
f 2118//2118 1684//1684 934//934
f 85//85 2040//2040 2118//2118
f 54//54 2113//2113 1493//1493
f 1437//1437 2305//2305 877//877
f 2725//2725 355//355 1437//1437
f 355//355 1417//1417 1437//1437
f 355//355 1650//1650 1417//1417
f 1650//1650 705//705 1417//1417
f 2725//2725 2113//2113 355//355
f 1908//1908 523//523 1989//1989
f 523//523 166//166 1989//1989
f 523//523 1701//1701 166//166
f 1701//1701 701//701 166//166
f 701//701 1526//1526 166//166
f 1908//1908 149//149 523//523
f 149//149 1317//1317 523//523
f 1317//1317 943//943 523//523
f 1317//1317 2770//2770 943//943
f 2770//2770 2109//2109 943//943
f 2770//2770 2905//2905 2109//2109
f 149//149 916//916 1317//1317
f 916//916 442//442 1317//1317
f 916//916 1244//1244 442//442
f 1244//1244 1000//1000 442//442
f 1000//1000 2905//2905 442//442
f 1000//1000 1546//1546 2905//2905
f 916//916 1608//1608 1244//1244
f 1608//1608 2349//2349 1244//1244
f 2349//2349 95//95 1244//1244
f 2349//2349 2154//2154 95//95
f 2349//2349 1604//1604 2154//2154
f 916//916 149//149 1608//1608
f 3058//3058 812//812 746//746
f 812//812 1240//1240 746//746
f 1240//1240 1971//1971 746//746
f 1240//1240 2483//2483 1971//1971
f 812//812 1596//1596 1240//1240
f 1579//1579 292//292 1129//1129
f 1579//1579 812//812 292//292
f 57//57 773//773 3104//3104
f 773//773 2143//2143 3104//3104
f 2143//2143 2686//2686 3104//3104
f 2686//2686 433//433 3104//3104
f 433//433 622//622 3104//3104
f 622//622 2392//2392 3104//3104
f 622//622 2192//2192 2392//2392
f 622//622 1654//1654 2192//2192
f 622//622 433//433 1654//1654
f 433//433 1416//1416 1654//1654
f 1416//1416 2469//2469 1654//1654
f 2469//2469 677//677 1654//1654
f 2469//2469 2411//2411 677//677
f 2411//2411 1785//1785 677//677
f 2411//2411 1422//1422 1785//1785
f 433//433 961//961 1416//1416
f 961//961 1116//1116 1416//1416
f 1116//1116 108//108 1416//1416
f 961//961 2847//2847 1116//1116
f 2847//2847 489//489 1116//1116
f 489//489 1681//1681 1116//1116
f 1681//1681 2049//2049 1116//1116
f 2049//2049 2519//2519 1116//1116
f 2519//2519 1979//1979 1116//1116
f 2519//2519 784//784 1979//1979
f 784//784 815//815 1979//1979
f 815//815 2411//2411 1979//1979
f 784//784 1760//1760 815//815
f 784//784 456//456 1760//1760
f 456//456 1470//1470 1760//1760
f 1470//1470 3112//3112 1760//1760
f 3112//3112 61//61 1760//1760
f 61//61 2840//2840 1760//1760
f 61//61 1707//1707 2840//2840
f 61//61 1137//1137 1707//1707
f 3112//3112 1085//1085 61//61
f 1085//1085 2076//2076 61//61
f 3112//3112 1470//1470 1085//1085
f 1470//1470 2703//2703 1085//1085
f 1470//1470 1190//1190 2703//2703
f 784//784 2248//2248 456//456
f 2248//2248 2605//2605 456//456
f 2248//2248 502//502 2605//2605
f 502//502 1190//1190 2605//2605
f 2248//2248 2965//2965 502//502
f 2965//2965 1303//1303 502//502
f 1303//1303 3165//3165 502//502
f 1303//1303 15//15 3165//3165
f 1303//1303 866//866 15//15
f 866//866 610//610 15//15
f 610//610 475//475 15//15
f 475//475 2470//2470 15//15
f 475//475 398//398 2470//2470
f 398//398 2066//2066 2470//2470
f 2066//2066 1012//1012 2470//2470
f 1012//1012 892//892 2470//2470
f 892//892 2531//2531 2470//2470
f 892//892 1468//1468 2531//2531
f 892//892 1012//1012 1468//1468
f 1012//1012 2529//2529 1468//1468
f 1012//1012 2066//2066 2529//2529
f 2066//2066 3081//3081 2529//2529
f 2066//2066 2657//2657 3081//3081
f 2066//2066 1784//1784 2657//2657
f 1784//1784 277//277 2657//2657
f 277//277 1937//1937 2657//2657
f 1937//1937 716//716 2657//2657
f 1937//1937 2917//2917 716//716
f 277//277 1944//1944 1937//1937
f 1944//1944 821//821 1937//1937
f 1944//1944 611//611 821//821
f 611//611 1724//1724 821//821
f 1724//1724 2280//2280 821//821
f 1724//1724 39//39 2280//2280
f 39//39 2277//2277 2280//2280
f 1724//1724 1461//1461 39//39
f 1461//1461 485//485 39//39
f 1724//1724 325//325 1461//1461
f 1944//1944 323//323 611//611
f 1944//1944 2194//2194 323//323
f 1944//1944 3132//3132 2194//2194
f 277//277 1784//1784 1944//1944
f 2066//2066 398//398 1784//1784
f 398//398 475//475 1784//1784
f 475//475 1561//1561 1784//1784
f 610//610 1793//1793 475//475
f 1793//1793 3070//3070 475//475
f 1793//1793 1392//1392 3070//3070
f 1392//1392 771//771 3070//3070
f 1392//1392 1215//1215 771//771
f 1215//1215 2303//2303 771//771
f 1215//1215 631//631 2303//2303
f 1215//1215 489//489 631//631
f 489//489 1418//1418 631//631
f 1215//1215 1681//1681 489//489
f 1215//1215 163//163 1681//1681
f 163//163 866//866 1681//1681
f 866//866 2049//2049 1681//1681
f 163//163 610//610 866//866
f 163//163 2741//2741 610//610
f 1215//1215 1392//1392 163//163
f 1303//1303 2965//2965 866//866
f 784//784 2519//2519 2248//2248
f 2519//2519 193//193 2248//2248
f 961//961 241//241 2847//2847
f 241//241 1418//1418 2847//2847
f 961//961 1405//1405 241//241
f 1405//1405 1586//1586 241//241
f 1586//1586 976//976 241//241
f 976//976 1578//1578 241//241
f 1586//1586 778//778 976//976
f 778//778 2030//2030 976//976
f 2030//2030 1035//1035 976//976
f 1035//1035 2384//2384 976//976
f 2030//2030 206//206 1035//1035
f 2030//2030 2706//2706 206//206
f 1405//1405 2143//2143 1586//1586
f 2143//2143 514//514 1586//1586
f 2143//2143 773//773 514//514
f 773//773 2151//2151 514//514
f 773//773 150//150 2151//2151
f 961//961 433//433 1405//1405
f 57//57 2139//2139 773//773
f 2139//2139 788//788 773//773
f 1541//1541 2134//2134 1019//1019
f 1321//1321 623//623 2462//2462
f 125//125 2522//2522 1837//1837
f 2522//2522 887//887 1837//1837
f 1625//1625 2984//2984 705//705
f 2984//2984 800//800 705//705
f 800//800 2250//2250 705//705
f 800//800 256//256 2250//2250
f 800//800 2385//2385 256//256
f 2385//2385 2305//2305 256//256
f 800//800 671//671 2385//2385
f 800//800 1870//1870 671//671
f 2076//2076 2981//2981 1137//1137
f 2981//2981 1726//1726 1137//1137
f 2076//2076 2070//2070 2981//2981
f 661//661 1605//1605 1070//1070
f 661//661 251//251 1605//1605
f 410//410 1155//1155 1761//1761
f 410//410 1674//1674 1155//1155
f 410//410 2102//2102 1674//1674
f 2102//2102 2632//2632 1674//1674
f 2102//2102 1901//1901 2632//2632
f 1901//1901 2632//2632 890//890
f 410//410 2050//2050 2102//2102
f 2050//2050 216//216 2102//2102
f 2050//2050 652//652 216//216
f 652//652 1495//1495 216//216
f 2050//2050 995//995 652//652
f 995//995 1706//1706 652//652
f 1706//1706 716//716 652//652
f 716//716 3130//3130 652//652
f 2050//2050 478//478 995//995
f 3029//3029 867//867 401//401
f 2107//2107 85//85 898//898
f 2107//2107 1149//1149 85//85
f 1362//1362 2415//2415 604//604
f 2415//2415 1061//1061 604//604
f 1061//1061 1118//1118 604//604
f 1118//1118 1545//1545 604//604
f 1256//1256 3020//3020 68//68
f 1256//1256 3152//3152 3020//3020
f 1256//1256 2739//2739 3152//3152
f 1256//1256 698//698 2739//2739
f 1256//1256 547//547 698//698
f 547//547 1965//1965 698//698
f 1256//1256 1781//1781 547//547
f 2826//2826 1076//1076 2496//2496
f 71//71 702//702 3124//3124
f 1962//1962 73//73 945//945
f 1690//1690 3032//3032 77//77
f 3032//3032 1585//1585 77//77
f 1585//1585 850//850 77//77
f 850//850 2222//2222 77//77
f 850//850 1471//1471 2222//2222
f 1471//1471 977//977 2222//2222
f 1471//1471 283//283 977//977
f 850//850 2239//2239 1471//1471
f 850//850 766//766 2239//2239
f 850//850 1651//1651 766//766
f 850//850 1585//1585 1651//1651
f 1585//1585 2499//2499 1651//1651
f 2499//2499 215//215 1651//1651
f 1690//1690 1532//1532 3032//3032
f 2017//2017 977//977 578//578
f 977//977 1799//1799 578//578
f 1799//1799 1685//1685 578//578
f 240//240 1467//1467 1545//1545
f 1467//1467 1983//1983 1545//1545
f 1467//1467 463//463 1983//1983
f 1072//1072 1569//1569 144//144
f 1569//1569 1372//1372 144//144
f 1816//1816 2228//2228 819//819
f 81//81 2207//2207 2850//2850
f 3002//3002 912//912 493//493
f 2286//2286 1143//1143 84//84
f 2286//2286 1385//1385 1143//1143
f 1422//1422 1385//1385 465//465
f 682//682 1429//1429 2289//2289
f 1788//1788 651//651 682//682
f 651//651 3120//3120 682//682
f 3120//3120 556//556 682//682
f 651//651 221//221 3120//3120
f 1788//1788 94//94 651//651
f 257//257 1996//1996 2730//2730
f 1996//1996 331//331 2730//2730
f 1996//1996 2264//2264 331//331
f 99//99 1548//1548 1893//1893
f 99//99 379//379 1548//1548
f 1449//1449 384//384 2658//2658
f 1449//1449 973//973 384//384
f 973//973 110//110 384//384
f 973//973 1995//1995 110//110
f 1995//1995 2515//2515 110//110
f 1995//1995 755//755 2515//2515
f 755//755 2890//2890 2515//2515
f 973//973 2391//2391 1995//1995
f 102//102 487//487 1449//1449
f 102//102 2813//2813 487//487
f 2813//2813 2404//2404 487//487
f 2404//2404 863//863 487//487
f 863//863 1144//1144 487//487
f 102//102 1901//1901 2813//2813
f 1901//1901 2784//2784 2813//2813
f 1521//1521 406//406 3195//3195
f 1499//1499 2877//2877 2300//2300
f 107//107 3093//3093 1157//1157
f 2597//2597 396//396 1365//1365
f 2597//2597 1399//1399 396//396
f 2569//2569 729//729 2777//2777
f 729//729 1086//1086 2777//2777
f 3016//3016 1040//1040 314//314
f 3016//3016 178//178 1040//1040
f 1113//1113 113//113 1668//1668
f 3098//3098 3038//3038 118//118
f 2579//2579 121//121 922//922
f 1519//1519 972//972 128//128
f 972//972 1866//1866 128//128
f 1519//1519 464//464 972//972
f 464//464 2287//2287 972//972
f 2287//2287 588//588 972//972
f 129//129 2957//2957 1910//1910
f 129//129 673//673 2957//2957
f 2755//2755 764//764 199//199
f 2755//2755 515//515 764//764
f 1719//1719 1021//1021 204//204
f 313//313 1840//1840 1248//1248
f 2296//2296 1142//1142 2506//2506
f 2296//2296 2946//2946 1142//1142
f 2946//2946 988//988 1142//1142
f 1935//1935 2969//2969 3158//3158
f 2969//2969 2480//2480 3158//3158
f 2480//2480 2946//2946 3158//3158
f 2969//2969 2197//2197 2480//2480
f 1935//1935 675//675 2969//2969
f 1935//1935 297//297 675//675
f 297//297 2169//2169 675//675
f 1935//1935 923//923 297//297
f 1935//1935 1133//1133 923//923
f 1935//1935 3011//3011 1133//1133
f 2213//2213 556//556 711//711
f 556//556 2791//2791 711//711
f 2791//2791 2863//2863 711//711
f 2863//2863 682//682 711//711
f 2863//2863 682//682 2791//2791
f 1824//1824 2169//2169 2446//2446
f 2169//2169 3085//3085 2446//2446
f 2846//2846 1929//1929 1797//1797
f 1929//1929 929//929 1797//1797
f 929//929 693//693 1797//1797
f 693//693 67//67 1797//1797
f 67//67 769//769 1797//1797
f 67//67 693//693 769//769
f 929//929 693//693 1929//1929
f 1895//1895 2994//2994 1965//1965
f 1895//1895 2990//2990 2994//2994
f 2990//2990 28//28 2994//2994
f 28//28 967//967 2994//2994
f 1895//1895 335//335 2990//2990
f 2842//2842 2537//2537 2706//2706
f 2842//2842 1150//1150 2537//2537
f 1150//1150 789//789 2537//2537
f 1150//1150 2669//2669 789//789
f 2669//2669 1//1 789//789
f 2669//2669 330//330 1//1
f 1410//1410 2594//2594 2910//2910
f 1410//1410 399//399 2594//2594
f 178//178 2837//2837 1599//1599
f 1034//1034 28//28 1228//1228
f 1034//1034 2350//2350 28//28
f 637//637 2533//2533 1961//1961
f 2533//2533 261//261 1961//1961
f 637//637 585//585 2533//2533
f 585//585 201//201 2533//2533
f 1280//1280 2223//2223 1683//1683
f 1280//1280 2840//2840 2223//2223
f 1280//1280 1385//1385 2840//2840
f 1385//1385 224//224 2840//2840
f 1280//1280 576//576 1385//1385
f 576//576 1395//1395 1385//1385
f 1322//1322 2853//2853 446//446
f 1558//1558 3023//3023 206//206
f 2277//2277 2784//2784 216//216
f 2471//2471 619//619 3013//3013
f 2471//2471 2189//2189 619//619
f 1576//1576 471//471 915//915
f 1576//1576 828//828 471//471
f 2356//2356 81//81 1061//1061
f 81//81 1484//1484 1061//1061
f 2356//2356 2638//2638 81//81
f 554//554 956//956 1652//1652
f 956//956 560//560 1652//1652
f 554//554 2548//2548 956//956
f 2048//2048 85//85 554//554
f 2739//2739 967//967 264//264
f 967//967 1471//1471 264//264
f 1990//1990 1415//1415 1283//1283
f 1150//1150 788//788 330//330
f 1241//1241 1025//1025 2200//2200
f 1025//1025 2037//2037 2200//2200
f 2037//2037 1618//1618 2200//2200
f 2037//2037 1430//1430 1618//1618
f 2037//2037 1381//1381 1430//1430
f 1025//1025 896//896 2037//2037
f 896//896 3203//3203 2037//2037
f 1025//1025 2361//2361 896//896
f 2576//2576 1850//1850 1241//1241
f 1107//1107 1971//1971 3004//3004
f 370//370 1328//1328 1107//1107
f 370//370 2651//2651 1328//1328
f 2872//2872 1648//1648 382//382
f 2872//2872 2738//2738 1648//1648
f 391//391 385//385 2303//2303
f 2762//2762 460//460 434//434
f 2762//2762 2088//2088 460//460
f 1415//1415 110//110 2759//2759
f 2086//2086 2667//2667 863//863
f 1254//1254 962//962 528//528
f 1823//1823 3091//3091 636//636
f 1823//1823 2819//2819 3091//3091
f 1713//1713 168//168 2230//2230
f 168//168 926//926 2230//2230
f 168//168 450//450 926//926
f 1713//1713 939//939 168//168
f 567//567 1105//1105 1606//1606
f 896//896 619//619 1290//1290
f 619//619 2266//2266 1290//1290
f 619//619 1257//1257 2266//2266
f 974//974 2630//2630 3126//3126
f 2292//2292 632//632 878//878
f 473//473 2630//2630 2765//2765
f 848//848 748//748 360//360
f 748//748 213//213 360//360
f 848//848 801//801 748//748
f 1604//1604 1244//1244 2833//2833
f 1604//1604 2492//2492 1244//1244
f 2492//2492 2005//2005 1244//1244
f 813//813 2013//2013 2140//2140
f 2623//2623 29//29 699//699
f 29//29 544//544 699//699
f 544//544 846//846 699//699
f 3063//3063 520//520 1665//1665
f 3063//3063 1146//1146 520//520
f 885//885 803//803 2070//2070
f 885//885 82//82 803//803
f 82//82 2692//2692 803//803
f 2692//2692 414//414 803//803
f 1338//1338 2480//2480 2722//2722
f 662//662 2703//2703 3165//3165
f 2703//2703 502//502 3165//3165
f 2703//2703 1190//1190 502//502
f 1556//1556 2859//2859 197//197
f 115//115 2332//2332 781//781
f 115//115 1840//1840 2332//2332
f 115//115 1248//1248 1840//1840
f 115//115 772//772 1248//1248
f 613//613 306//306 981//981
f 696//696 151//151 546//546
f 911//911 867//867 2561//2561
f 911//911 401//401 867//867
f 911//911 1926//1926 401//401
f 1926//1926 1629//1629 401//401
f 1229//1229 2470//2470 1468//1468
f 104//104 2264//2264 584//584
f 2264//2264 2730//2730 584//584
f 2752//2752 2251//2251 1372//1372
f 1104//1104 3150//3150 1800//1800
f 3150//3150 607//607 1800//1800
f 372//372 641//641 2254//2254
f 282//282 464//464 2660//2660
f 2406//2406 841//841 459//459
f 841//841 1372//1372 459//459
f 553//553 65//65 942//942
f 625//625 2345//2345 1026//1026
f 2652//2652 957//957 1622//1622
f 581//581 2345//2345 1972//1972
f 2339//2339 869//869 986//986
f 869//869 1465//1465 986//986
f 253//253 837//837 2370//2370
f 837//837 760//760 2370//2370
f 837//837 1107//1107 760//760
f 644//644 45//45 549//549
f 644//644 107//107 45//45
f 107//107 2794//2794 45//45
f 107//107 419//419 2794//2794
f 107//107 659//659 419//419
f 659//659 2880//2880 419//419
f 659//659 1434//1434 2880//2880
f 540//540 868//868 184//184
f 2916//2916 1006//1006 2974//2974
f 155//155 2557//2557 1248//1248
f 1323//1323 790//790 843//843
f 1323//1323 583//583 790//790
f 583//583 132//132 790//790
f 1710//1710 347//347 1069//1069
f 347//347 1271//1271 1069//1069
f 1271//1271 2345//2345 1069//1069
f 347//347 65//65 1271//1271
f 578//578 2639//2639 894//894
f 265//265 2295//2295 1466//1466
f 669//669 1202//1202 1451//1451
f 1728//1728 560//560 85//85
f 2192//2192 57//57 2392//2392
f 325//325 2086//2086 1461//1461
f 1724//1724 611//611 325//325
f 2796//2796 1396//1396 848//848
f 1674//1674 384//384 1155//1155
f 384//384 110//110 1155//1155
f 1471//1471 967//967 283//283
f 1983//1983 1675//1675 1545//1545
f 2813//2813 1461//1461 2404//2404
f 2813//2813 2277//2277 1461//1461
f 1086//1086 1399//1399 2777//2777
f 2180//2180 100//100 443//443
f 1895//1895 148//148 335//335
f 184//184 596//596 2179//2179
f 580//580 24//24 2456//2456
f 397//397 251//251 2056//2056
f 251//251 2230//2230 2056//2056
f 2630//2630 1460//1460 3126//3126
