v 0.020679 -0.471942 -5.18284
vn 0.154279 0.452272 -0.878435
v -0.501098 -0.217302 -5.2396
vn 0.167228 -0.315641 -0.934027
v -0.684397 -0.580775 -5.26876
vn 0.1176 0.397742 -0.909929
v -0.327693 -0.602646 -5.16462
vn 0.156777 -0.0631835 -0.985611
v -0.152726 -0.158459 -5.18128
vn 0.24509 0.215083 -0.945341
v -0.732304 -0.317283 -5.29636
vn -0.199787 -0.656886 -0.72704
v -0.306343 -0.354776 -5.18805
vn 0.0585261 -0.0631258 -0.996288
v -0.523489 -0.71148 -5.18128
vn 0.153082 -5.99873e-06 -0.988213
v -0.111067 -0.656802 -5.17764
vn -0.383077 -0.280211 -0.88019
v -0.498494 -0.466734 -5.20992
vn 0.0622368 -0.104051 -0.992623
v -0.33238 -0.813544 -5.17607
vn -0.224551 0.203657 -0.952943
v 0.008702 -0.273021 -5.22658
vn -0.0844694 -0.125273 -0.98852
v -0.16991 -0.476107 -5.17816
vn -0.174421 -0.00200194 -0.984669
v -0.327172 -0.190745 -5.20003
vn 0.0670353 -0.140201 -0.987851
v -0.236044 -0.719291 -5.0839
vn 0.558881 -0.512318 -0.65206
v -0.138666 -0.316242 -5.18336
vn -0.13782 -0.12065 -0.983081
v -0.588061 -0.345403 -5.24429
vn 0.311755 -0.189068 -0.931162
v -0.504222 -0.010049 -5.25991
vn 0.524421 0.526465 -0.669192
v -0.643779 -0.204804 -5.27658
vn 0.0695978 -0.397121 -0.915123
v -0.688042 -0.438094 -5.25106
vn 0.209436 -0.206664 -0.955733
v -0.439651 -0.342799 -5.21096
vn -0.387966 0.0831907 -0.917912
v -0.668775 -0.69742 -5.20159
vn -0.85733 -0.38356 -0.343317
v -0.563586 -0.58442 -5.2094
vn 0.276149 -0.210953 -0.937678
v -0.355292 -0.476107 -5.18545
vn 0.233603 -0.0389604 -0.971551
v -0.566711 -0.833852 -5.1693
vn -0.0633127 -0.014556 -0.997888
v -0.401637 -0.707835 -5.16514
vn 0.0905959 -0.110622 -0.989725
v -0.444858 -0.571923 -5.19013
vn 0.225715 -0.135898 -0.964668
v -0.211048 -0.58442 -5.14587
vn -0.686917 0.0162049 -0.726555
v -0.436527 -0.101178 -5.2245
vn 0.49016 -0.0443647 -0.870503
v -0.447983 -0.831249 -5.15576
vn 0.147516 -0.0653348 -0.986899
v -0.074095 -0.54172 -5.1943
vn -0.0485284 0.315134 -0.947806
v -0.04233 -0.377168 -5.19065
vn -0.316406 0.0828652 -0.944998
v -0.24073 -0.26573 -5.18597
vn -0.177441 0.218908 -0.959476
v -0.551088 -0.117842 -5.26095
vn -0.440899 0.777153 -0.449045
v -0.054307 -0.205846 -5.17816
vn 0.0959354 0.572 -0.814624
v -0.611494 -0.496416 -5.22086
vn -0.592561 0.396497 -0.701185
v -0.264163 -0.441218 -5.16566
vn 0.112813 -0.41516 -0.902727
v -0.406324 -0.250108 -5.21513
vn 0.14409 -0.0685196 -0.98719
v -0.250624 -0.140233 -5.17295
vn -0.283636 0.125847 -0.950638
v -0.303739 -0.712 -5.14743
vn 0.346206 -0.109732 -0.931719
v 0.040987 -0.39279 -5.2271
vn -0.383265 -0.0202437 -0.923417
v -0.345398 -0.103261 -5.17711
vn 0.583941 0.45888 -0.669658
v -0.218859 -0.361546 -5.17764
vn 0.233188 0.014275 -0.972327
v -0.674503 -0.153252 -5.33958
vn 0.822788 -0.557884 -0.108558
v -0.517761 -0.30114 -5.22242
vn 0.502966 0.094291 -0.859147
v -0.182408 -0.669821 -5.12765
vn -0.367303 -0.666639 -0.6486
v -0.121482 -0.40685 -5.18388
vn -0.0506599 0.0184853 -0.998545
v -0.65159 -0.295933 -5.26824
vn 0.325402 -0.0909338 -0.941193
v -0.588581 -0.663572 -5.20471
vn 0.115853 -0.229742 -0.966331
v -0.41778 -0.424034 -5.19899
vn 0.164698 -0.117599 -0.979308
v -0.577646 -0.246463 -5.23387
vn 0.163378 -0.108947 -0.98053
v -0.324569 -0.270938 -5.19274
vn 0.285601 0.00582693 -0.958331
v -0.057952 -0.455799 -5.1818
vn 0.102055 -0.130356 -0.986201
v -0.716161 -0.242818 -5.27449
vn 0.267384 0.345079 -0.899681
v -0.465167 -0.658365 -5.1792
vn 0.111262 -0.132076 -0.984976
v -0.133459 -0.238131 -5.18857
vn -0.0077604 0.209099 -0.977864
v -0.069929 -0.284998 -5.19846
vn -0.164138 -0.0176316 -0.98628
v -0.413614 -0.172519 -5.21721
vn 0.248688 -0.0143045 -0.968478
v -0.430278 -0.497458 -5.19482
vn 0.173218 -0.00046974 -0.984883
v -0.623991 -0.131902 -5.28907
vn 0.439704 -0.706118 -0.55503
v -0.143874 -0.588586 -5.17764
vn -0.34052 -0.0650318 -0.937986
v -0.49537 -0.39279 -5.21773
vn 0.251538 -0.127518 -0.95941
v -0.255311 -0.643263 -5.1417
vn 0.374109 -0.331811 -0.865993
v -0.467771 -0.762512 -5.1693
vn -0.185779 0.680762 -0.708554
v -0.649507 -0.628683 -5.22658
vn 0.632528 -0.656508 0.410981
v -0.274578 -0.778134 -5.14066
vn 0.47607 0.450529 -0.755236
v -0.37508 -0.549531 -5.17868
vn 0.187887 -0.209174 -0.959659
v -0.230836 -0.508393 -5.15628
vn -0.723168 -0.0801061 -0.686011
v -0.583374 -0.753138 -5.17816
vn -0.0958629 -0.38338 -0.918602
v -0.688563 -0.367795 -5.26928
vn 0.206433 -0.272403 -0.939778
v -0.683355 -0.507872 -5.24012
vn 0.187383 0.00176076 -0.982285
v -0.209486 -0.202721 -5.19013
vn 0.377079 0.217402 -0.900304
v -0.392264 -0.629204 -5.1693
vn 0.245681 -0.106031 -0.963534
v -0.380287 -0.850516 -5.1417
vn 0.0684896 -0.429019 -0.900695
v -0.393306 -0.776572 -5.15837
vn 0.0380781 -0.0615015 -0.99738
v -0.500577 -0.880198 -5.15524
vn 0.120572 -0.107936 -0.986819
v -0.380287 -0.310514 -5.19482
vn -0.153879 0.542723 -0.825695
v -0.55942 -0.049625 -5.26095
vn -0.231213 -0.155809 -0.960346
v -0.493808 -0.144399 -5.237
vn -0.120023 -0.595115 -0.794627
v -0.514637 -0.531826 -5.20523
vn 0.154496 -0.0853396 -0.984301
v -0.575563 -0.184496 -5.25679
vn -0.524676 -0.243477 -0.815741
v -0.627116 -0.398518 -5.24533
vn 0.231244 -0.246259 -0.941214
v -0.366748 -0.382896 -5.19274
vn 0.225246 -0.250751 -0.941482
v -0.513596 -0.61931 -5.19222
vn 0.147781 -0.280899 -0.948291
v -0.618784 -0.560987 -5.22971
vn 0.402562 0.0868475 -0.911263
v -0.015252 -0.524015 -5.1792
vn 0.0912367 -0.0405192 -0.995005
v -0.082427 -0.61254 -5.21252
vn -0.480644 -0.150493 -0.863906
v 0.006619 -0.333947 -5.21305
vn -0.351338 -0.0293546 -0.935788
v -0.469854 -0.061082 -5.25887
vn 0.526236 -0.291652 -0.798758
v -0.506305 -0.810419 -5.16722
vn 0.13027 -0.174789 -0.97595
v -0.19803 -0.419347 -5.17764
vn 0.0460982 -0.0443631 -0.997951
v -0.742719 -0.464651 -5.25418
vn 0.0215724 -0.2374 -0.971172
v -0.345919 -0.667217 -5.15993
vn 0.0399345 -0.00273708 -0.999199
v -0.107422 -0.493812 -5.18492
vn -0.139585 0.100376 -0.985109
v -0.173555 -0.538075 -5.17347
vn -0.210311 -0.0497206 -0.976369
v -0.696894 -0.192828 -5.29845
vn -0.277348 -0.765472 -0.58063
v -0.183449 -0.27979 -5.18597
vn -0.0669403 -0.0915204 -0.993551
v -0.455273 -0.280311 -5.22034
vn 0.267183 -0.0258915 -0.963298
v -0.27614 -0.216261 -5.19274
vn 0.137404 -0.0920651 -0.986227
v -0.536508 -0.355297 -5.20419
vn -0.136701 -0.109416 -0.984551
v -0.393826 -0.073579 -5.20159
vn 0.307562 0.363919 -0.879186
v -0.554213 -0.494333 -5.21513
vn 0.207971 -0.178312 -0.961745
v -0.277182 -0.30791 -5.18336
vn 0.500115 -0.293869 -0.814571
v -0.382891 -0.126694 -5.21409
vn 0.0360516 -0.0026245 -0.999346
v -0.352688 -0.739599 -5.15785
vn 0.0818264 0.0315173 -0.996148
v -0.596392 -0.086598 -5.27553
vn 0.259131 -0.672624 -0.693129
v -0.106381 -0.190745 -5.17868
vn 0.0830329 0.0925583 -0.992239
v -0.741157 -0.369877 -5.28699
vn -0.0582521 -0.46214 -0.884892
v -0.317278 -0.40737 -5.1844
vn 0.178091 -0.0664763 -0.981766
v -0.083468 -0.33603 -5.18805
vn -0.0913447 -0.174282 -0.98045
v -0.037123 -0.577651 -5.20732
vn 0.474271 0.180087 -0.861763
v -0.610973 -0.712 -5.19742
vn 0.162893 -0.263759 -0.950735
v -0.447983 -0.219385 -5.2271
vn 0.15048 0.0798148 -0.985386
v 0.00037 -0.228758 -5.20159
vn -0.293199 0.572149 -0.76595
v -0.718765 -0.547969 -5.2495
vn -0.0468971 0.386779 -0.920979
v -0.421425 -0.666696 -5.20367
vn -0.300558 -0.919312 -0.254029
v -0.178242 -0.627121 -5.15472
vn -0.313395 -0.330807 -0.890141
v -0.623471 -0.448508 -5.23752
vn 0.214355 -0.0470765 -0.975621
v -0.299573 -0.147003 -5.16253
vn 0.598068 0.551868 -0.581168
v -0.01369 -0.418827 -5.17868
vn 0.0455546 -0.166555 -0.984979
v -0.463605 -0.441218 -5.18597
vn -0.106837 0.154392 -0.982216
v -0.489642 -0.344361 -5.22502
vn 0.26276 -0.209764 -0.941784
v -0.629719 -0.25115 -5.26772
vn 0.236945 -0.189943 -0.952774
v -0.355292 -0.232924 -5.19794
vn 0.0471369 0.0942299 -0.994434
v -0.475061 -0.707835 -5.17503
vn 0.108372 -0.0193243 -0.993923
v -0.156892 -0.361546 -5.18024
vn -0.0322911 -0.0102168 -0.999426
v -0.216777 -0.46413 -5.17191
vn -0.0746344 -0.231622 -0.969939
v -0.274057 -0.491729 -5.17139
vn 0.122792 -0.00617628 -0.992413
v -0.528176 -0.175643 -5.25523
vn 0.104424 0.224373 -0.968892
v -0.519324 -0.764595 -5.17451
vn 0.0702722 -0.210472 -0.975071
v -0.299053 -0.660448 -5.15108
vn 0.241325 -0.0606403 -0.968548
v -0.49537 -0.575568 -5.1969
vn 0.257405 -0.0582305 -0.964548
v -0.577646 -0.452674 -5.22554
vn 0.183164 -0.0254606 -0.982753
v -0.681272 -0.641701 -5.25887
vn 0.400858 0.749622 -0.526668
v -0.439651 -0.61931 -5.17399
vn 0.711493 -0.233382 -0.662805
v -0.728138 -0.420389 -5.26772
vn 0.285018 -0.236892 -0.928788
v 0.010785 -0.381854 -5.19326
vn -0.914738 -0.397599 0.0719008
v -0.372476 -0.432886 -5.18492
vn -0.724853 0.321096 -0.609496
v -0.338629 -0.145961 -5.20003
vn -0.0121502 0.569796 -0.821696
v -0.556296 -0.285518 -5.24533
vn 0.224725 -0.113116 -0.967834
v -0.58025 -0.536513 -5.2245
vn 0.154317 -0.0253625 -0.987696
v -0.227191 -0.679715 -5.12556
vn 0.22811 -0.413108 -0.88165
v -0.639093 -0.120445 -5.33073
vn 0.887118 -0.24885 -0.38871
v -0.248541 -0.399039 -5.17399
vn -0.201101 0.0483957 -0.978374
v -0.308947 -0.46361 -5.17972
vn 0.212258 -0.126291 -0.969019
v -0.50995 -0.665134 -5.18284
vn 0.13939 -0.0846727 -0.986611
v -0.655756 -0.165229 -5.29532
vn 0.596947 -0.705643 -0.381737
v -0.528176 -0.252191 -5.23075
vn -0.451494 0.064076 -0.88997
v -0.443296 -0.387582 -5.20784
vn 0.18097 0.0193669 -0.983298
v -0.197509 -0.157418 -5.18597
vn 0.0159144 0.161137 -0.986804
v -0.592747 -0.61931 -5.21148
vn 0.379376 -0.137888 -0.91491
v -0.471937 -0.52037 -5.19742
vn 0.068317 -0.0595809 -0.995883
v -0.088676 -0.239173 -5.19013
vn -0.080661 0.265693 -0.960677
v -0.102215 -0.449029 -5.18336
vn -0.0458615 -0.0217613 -0.998711
v -0.122523 -0.535992 -5.18545
vn -0.259741 0.0517812 -0.964289
v -0.263643 -0.713042 -5.12765
vn 0.421654 -0.233225 -0.87625
v -0.057432 -0.501103 -5.18597
vn 0.0126734 0.0757929 -0.997043
v -0.535466 -0.908318 -5.15681
vn 0.198523 0.361997 -0.910794
v -0.225108 -0.307389 -5.18701
vn 0.0807759 -0.148925 -0.985544
v -0.462563 -0.175643 -5.23492
vn 0.32776 -0.00689595 -0.944736
v -0.328214 -0.31468 -5.19013
vn 0.130948 -0.0288141 -0.99097
v -0.261039 -0.541199 -5.14795
vn 0.362458 0.485594 -0.795502
v -0.656277 -0.542762 -5.24325
vn 0.222996 0.267155 -0.937497
v -0.024105 -0.294892 -5.20784
vn -0.183069 -0.218161 -0.958588
v -0.553171 -0.635973 -5.19951
vn 0.257043 -0.0762623 -0.963386
v -0.565669 -0.705752 -5.19013
vn 0.225761 -0.0332734 -0.973614
v -0.145957 -0.672425 -5.15108
vn -0.480966 -0.360084 -0.799382
v -0.181887 -0.236049 -5.18805
vn -0.0160226 0.0480887 -0.998715
v -0.627116 -0.750014 -5.1844
vn 0.339997 -0.525452 -0.779937
v -0.037644 -0.334988 -5.19846
vn -0.227323 -0.232337 -0.945698
v -0.103777 -0.579213 -5.19534
vn -0.440435 0.0220561 -0.897514
v -0.645862 -0.590148 -5.24637
vn 0.602755 0.025521 -0.797518
v -0.587019 -0.796359 -5.16305
vn -0.739063 0.095803 -0.666789
v -0.259477 -0.346965 -5.18284
vn -0.0219234 -0.104285 -0.994306
v -0.689604 -0.27927 -5.27866
vn 0.334035 0.162887 -0.928379
v -0.31155 -0.759908 -5.15108
vn 0.364484 0.340856 -0.866584
v -0.021501 -0.478711 -5.18232
vn 0.0803585 0.107244 -0.99098
v -0.151685 -0.436011 -5.17764
vn -0.255695 0.127107 -0.958365
v -0.607849 -0.171477 -5.28074
vn 0.319656 -0.410824 -0.853841
v -0.200634 -0.701065 -5.09796
vn 0.299199 -0.647192 -0.701158
v -0.336025 -0.512038 -5.17503
vn 0.196308 -0.179455 -0.963981
v -0.284993 -0.176685 -5.20367
vn 0.401375 -0.134939 -0.905919
v -0.392264 -0.207929 -5.20992
vn 0.223656 -0.280163 -0.933535
v -0.111588 -0.366232 -5.1818
vn -0.0384274 -0.039085 -0.998497
v -0.116275 -0.275624 -5.19326
vn -0.135445 -0.0246395 -0.990478
v -0.738553 -0.511517 -5.24793
vn -0.673481 -0.0998213 -0.732434
v -0.285514 -0.257919 -5.18961
vn 0.282419 -0.0162682 -0.959153
v -0.560462 -0.381854 -5.23179
vn 0.190357 -0.0787941 -0.978548
v -0.421946 -0.74741 -5.16305
vn 0.0262652 -0.167234 -0.985567
v -0.537029 -0.333426 -5.23908
vn 0.154799 -0.227784 -0.961328
v -0.4032 -0.462048 -5.19326
vn 0.241053 -0.0953668 -0.965815
v -0.477144 -0.100137 -5.24064
vn 0.23141 -0.0880532 -0.968863
v -0.646904 -0.487564 -5.2396
vn 0.112148 -0.0569666 -0.992057
v -0.373518 -0.170436 -5.20992
vn 0.224588 -0.0189299 -0.97427
v -0.529738 -0.849474 -5.16201
vn 0.135016 -0.187854 -0.972873
v -0.150643 -0.199076 -5.1844
vn 0.154412 0.0494247 -0.98677
v -0.365186 -0.271979 -5.20419
vn -0.0824996 0.0788682 -0.993465
v -0.446421 -0.871866 -5.15264
vn -0.0900625 0.118178 -0.9889
v -0.416218 -0.302182 -5.212
vn 0.184455 -0.184445 -0.965379
v -0.409448 -0.813544 -5.15316
vn -0.0628832 -0.106042 -0.992371
v -0.681793 -0.659927 -5.19274
vn -0.932736 -0.266515 -0.242844
v -0.19126 -0.331864 -5.17816
vn 0.1424 0.0300748 -0.989352
v -0.584936 -0.138671 -5.26772
vn -0.17136 -0.141647 -0.974973
v -0.14127 -0.631286 -5.16982
vn -0.426782 -0.171926 -0.887862
v -0.032957 -0.255836 -5.20575
vn -0.286953 0.325938 -0.90079
v -0.41049 -0.529743 -5.18232
vn 0.0775223 -0.299143 -0.951054
v -0.696894 -0.331864 -5.28439
vn 0.44185 -0.141065 -0.885929
v -0.540674 -0.214178 -5.23648
vn -0.444694 -0.223761 -0.867282
v -0.507867 -0.051708 -5.26616
vn -0.0963848 -0.0826132 -0.99191
v -0.392785 -0.584941 -5.17555
vn 0.273252 -0.13217 -0.952819
v -0.239168 -0.755221 -5.10838
vn 0.694125 -0.686412 -0.216861
v -0.668775 -0.665655 -5.23023
vn 0.493957 -0.534812 -0.685553
v -0.521407 -0.498499 -5.18545
vn -0.490217 -0.815267 -0.308266
v -0.358937 -0.344361 -5.19378
vn 0.0871997 -0.145404 -0.985522
v -0.242293 -0.175123 -5.18857
vn -0.0800818 0.277269 -0.957449
v -0.293845 -0.620872 -5.15576
vn 0.238357 -0.185509 -0.953296
v -0.66565 -0.238131 -5.27501
vn -0.0223844 -0.0451654 -0.998729
v -0.218859 -0.622434 -5.14743
vn -0.102211 -0.290783 -0.951314
v -0.312592 -0.231362 -5.19794
vn 0.177816 -0.302976 -0.936262
v -0.354771 -0.779175 -5.16149
vn -0.242911 0.152498 -0.957987
v -0.075137 -0.395393 -5.18128
vn -0.00745794 -0.0873656 -0.996148
v -0.43913 -0.693775 -5.17347
vn 0.214466 -0.126514 -0.968503
v -0.549526 -0.793235 -5.17139
vn 0.104994 -0.0844413 -0.990881
v -0.214694 -0.542241 -5.16514
vn -0.177955 -0.128517 -0.97561
v -0.619305 -0.325615 -5.2547
vn 0.196528 -0.0940979 -0.975973
v -0.337587 -0.550052 -5.17191
vn 0.193705 -0.14939 -0.969619
v -0.386536 -0.500582 -5.18753
vn -0.0595278 -0.0312734 -0.997737
v -0.283951 -0.389145 -5.18388
vn 0.0266799 -0.119187 -0.992513
v -0.434965 -0.063685 -5.2271
vn 0.305462 -0.244297 -0.920333
v -0.160537 -0.399559 -5.17972
vn -0.0436908 -0.029455 -0.998611
v -0.487038 -0.430283 -5.21305
vn 0.265528 -0.151867 -0.952067
v -0.236564 -0.228758 -5.18961
vn 0.0705671 -0.107123 -0.991738
v -0.484955 -0.84635 -5.15785
vn 0.200645 -0.177541 -0.963442
v -0.591185 -0.403205 -5.23648
vn 0.168253 -0.0854706 -0.982031
v -0.478706 -0.308951 -5.22346
vn 0.523447 -0.106832 -0.845334
v -0.179804 -0.586503 -5.16566
vn -0.309366 -0.244373 -0.919007
v 0.032656 -0.445905 -5.15941
vn 0.445155 0.290506 -0.84702
v -0.723973 -0.276145 -5.29168
vn 0.307024 0.34985 -0.885066
v -0.493287 -0.274583 -5.22971
vn 0.241885 -0.0460275 -0.969213
v -0.299573 -0.569319 -5.15472
vn -0.288359 0.416447 -0.862218
v -0.654194 -0.422992 -5.24585
vn 0.209408 -0.179321 -0.961245
v 0.038384 -0.35009 -5.22086
vn -0.3515 0.0929955 -0.931558
v -0.542757 -0.458402 -5.21669
vn 0.00975106 -0.265346 -0.964104
v -0.653673 -0.376126 -5.25627
vn 0.333323 -0.195282 -0.922367
v -0.148039 -0.510997 -5.17868
vn -0.303124 -0.00484724 -0.952939
v -0.112629 -0.613581 -5.18805
vn -0.454983 -0.13815 -0.879718
v -0.475061 -0.604208 -5.18857
vn 0.141503 -0.125725 -0.981922
v -0.429236 -0.7823 -5.15785
vn 0.15805 -0.0801374 -0.984174
v -0.530259 -0.40008 -5.22242
vn 0.101702 -0.194532 -0.97561
v -0.55213 -0.670862 -5.1917
vn 0.263731 -0.23612 -0.93525
v -0.660443 -0.614623 -5.26928
vn 0.877777 0.0254504 -0.478394
v -0.407886 -0.672945 -5.1693
vn 0.0742352 -0.355285 -0.931806
v -0.436006 -0.145441 -5.22346
vn 0.291733 0.0063187 -0.956479
v -0.26208 -0.678153 -5.13493
vn 0.186113 -0.385799 -0.903616
v -0.549526 -0.539116 -5.20367
vn -0.120508 0.961368 -0.247488
v -0.401117 -0.389665 -5.19846
vn 0.22715 -0.118956 -0.966567
v -0.704705 -0.480273 -5.24585
vn 0.1375 -0.131524 -0.981731
v -0.355292 -0.581296 -5.17035
vn 0.0791094 -0.123266 -0.989215
v -0.685959 -0.401122 -5.25835
vn 0.210564 -0.276551 -0.937647
v -0.387578 -0.74012 -5.15837
vn 0.0865168 -0.0134782 -0.996159
v -0.496411 -0.735434 -5.17555
vn 0.207566 -0.117563 -0.971131
v -0.336546 -0.44278 -5.1844
vn 0.13123 -0.0684964 -0.988983
v -0.356334 -0.622434 -5.1641
vn 0.0352825 -0.150359 -0.988002
v -0.135542 -0.471421 -5.18024
vn -0.0556687 0.034442 -0.997855
v -0.529218 -0.580775 -5.20263
vn 0.14145 -0.158933 -0.977104
v -0.41778 -0.621913 -5.20055
vn 0.166907 -0.762909 -0.62459
v -0.073574 -0.579213 -5.21252
vn -0.231129 0.488819 -0.841211
v -0.186574 -0.502665 -5.1641
vn 0.0781538 -0.527777 -0.84578
v -0.100132 -0.305827 -5.1917
vn -0.188376 -0.219712 -0.957205
v -0.616701 -0.09545 -5.30886
vn 0.696419 -0.176941 -0.69548
v -0.469333 -0.405808 -5.19534
vn 0.753079 -0.309434 -0.580623
v -0.553171 -0.149086 -5.27449
vn 0.188379 -0.275873 -0.942554
v -0.588061 -0.312076 -5.2547
vn 0.24064 -0.178517 -0.954057
v -0.629199 -0.522453 -5.23335
vn 0.269737 -0.0468215 -0.961795
v -0.541715 -0.739599 -5.18232
vn 0.102289 -0.267616 -0.958081
v -0.32561 -0.64066 -5.16045
vn 0.155599 -0.0815194 -0.984451
v -0.244375 -0.601084 -5.1516
vn 0.122603 -0.119797 -0.985199
v -0.712516 -0.207408 -5.27293
vn -0.379432 -0.340711 -0.860202
v -0.307384 -0.792714 -5.1693
vn 0.175906 0.642737 -0.745618
v -0.02098 -0.556821 -5.18753
vn 0.601905 0.343865 -0.720741
v -0.6016 -0.061602 -5.30053
vn 0.915707 -0.401788 -0.00683536
v -0.342274 -0.708355 -5.15733
vn 0.145516 -0.0448575 -0.988338
v -0.619305 -0.638577 -5.21825
vn 0.374479 -0.157308 -0.913794
v -0.458398 -0.469338 -5.20211
vn 0.32329 -0.067565 -0.943885
v -0.375601 -0.821876 -5.15681
vn -0.235087 -0.130162 -0.96322
v -0.515158 -0.13086 -5.25731
vn 0.646655 -0.338895 -0.683365
v -0.556296 -0.087639 -5.27085
vn 0.338002 0.185365 -0.92271
v -0.462563 -0.802608 -5.15785
vn 0.224647 -0.233862 -0.945961
v -0.625554 -0.361025 -5.25262
vn 0.206098 -0.209278 -0.955891
v -0.504222 -0.186058 -5.23283
vn -0.246268 -0.2602 -0.933621
v -0.246458 -0.569319 -5.14274
vn -0.795292 0.220947 -0.564529
v -0.608369 -0.590669 -5.22346
vn 0.490882 -0.230816 -0.840095
v -0.249583 -0.474024 -5.16097
vn -0.279226 0.552589 -0.785289
v -0.02775 -0.220426 -5.18909
vn -0.121501 0.45891 -0.880136
v -0.211048 -0.656282 -5.13962
vn -0.0199505 -0.469889 -0.8825
v -0.449545 -0.314159 -5.20159
vn 0.132149 -0.103622 -0.985799
v -0.664609 -0.461527 -5.24064
vn 0.117406 -0.134396 -0.983948
v -0.595351 -0.245422 -5.25991
vn 0.288476 -0.229318 -0.929621
v -0.622429 -0.684922 -5.20836
vn 0.305691 -0.252053 -0.918163
v -0.4886 -0.636494 -5.18492
vn 0.0543086 -0.204188 -0.977424
v -0.264163 -0.744286 -5.12348
vn 0.622826 0.031755 -0.781716
v -0.31103 -0.156897 -5.19065
vn 0.611516 0.546846 -0.571845
v -0.4459 -0.537033 -5.19378
vn 0.201006 -0.167546 -0.965155
v -0.078782 -0.429762 -5.17711
vn 0.0673485 0.0558869 -0.996163
v -0.675023 -0.176685 -5.31667
vn 0.429932 -0.721372 -0.542937
v -0.569314 -0.022026 -5.27085
vn -0.255294 -0.30495 -0.917513
v -0.442255 -0.253233 -5.21305
vn 0.263272 -0.255616 -0.930241
v -0.232399 -0.709917 -5.11306
vn 0.556248 -0.368687 -0.744753
v -0.551088 -0.242297 -5.24898
vn 0.24259 -0.151608 -0.95821
v -0.068888 -0.363108 -5.18388
vn -0.124218 -0.154449 -0.980161
v 0.018075 -0.306868 -5.2245
vn -0.193711 -0.420126 -0.88655
v -0.529218 -0.027754 -5.26147
vn -0.0539068 0.0912398 -0.994369
v -0.015773 -0.365191 -5.19951
vn -0.305958 -0.385646 -0.870441
v -0.493808 -0.78282 -5.16982
vn -0.143245 -0.0478518 -0.98853
v -0.338629 -0.37144 -5.19117
vn 0.0674993 0.0584553 -0.996005
v -0.583895 -0.275624 -5.25314
vn 0.179292 0.171359 -0.968757
v -0.437568 -0.190224 -5.22294
vn 0.304032 0.031939 -0.952126
v -0.372476 -0.103782 -5.19742
vn 0.515918 0.35935 -0.777622
v -0.421946 -0.596397 -5.18232
vn -0.0780544 0.428354 -0.900234
v -0.62295 -0.288643 -5.26251
vn 0.2017 -0.11399 -0.972792
v -0.4886 -0.907797 -5.15524
vn -0.330688 0.157953 -0.930428
v -0.685438 -0.547448 -5.24898
vn 0.113469 0.431467 -0.894964
v -0.009003 -0.452154 -5.17607
vn 0.23883 0.217446 -0.946402
v -0.203237 -0.387062 -5.17972
vn -0.015214 0.0561122 -0.998309
v -0.535466 -0.820834 -5.16878
vn 0.0824914 -0.10538 -0.991005
v -0.237085 -0.43549 -5.17711
vn -0.251304 -0.0227942 -0.96764
v -0.429757 -0.653678 -5.17607
vn 0.287066 -0.136293 -0.948165
v -0.168869 -0.305827 -5.18388
vn -0.00180535 -0.178613 -0.983918
v -0.447462 -0.722415 -5.17139
vn 0.230573 -0.0913816 -0.968755
v -0.593268 -0.055874 -5.27241
vn 0.0646584 0.812955 -0.578726
v -0.655235 -0.266251 -5.27137
vn 0.136155 -0.12626 -0.982609
v -0.370914 -0.651074 -5.16201
vn 0.190882 -0.0778092 -0.978524
v -0.288638 -0.430283 -5.17868
vn 0.242143 -0.0477326 -0.969066
v -0.477665 -0.331343 -5.20107
vn 0.318836 -0.409628 -0.854721
v -0.06368 -0.253233 -5.19794
vn -0.152661 0.170395 -0.973478
v -0.674503 -0.313117 -5.27553
vn 0.384192 -0.0405488 -0.922362
v -0.097007 -0.521411 -5.18753
vn -0.0573563 0.110231 -0.99225
v -0.58077 -0.50631 -5.21929
vn 0.342235 -0.0359358 -0.938927
v 0.015471 -0.416744 -5.1818
vn 0.668194 -0.439716 -0.600139
v -0.652111 -0.330822 -5.2646
vn 0.332842 -0.144955 -0.931775
v -0.161058 -0.564632 -5.17399
vn -0.20484 -0.172205 -0.963528
v -0.45267 -0.122528 -5.23648
vn 0.645802 -0.0442992 -0.762219
v -0.35373 -0.202721 -5.20263
vn 0.222552 -0.206992 -0.952694
v -0.41778 -0.562029 -5.18545
vn 0.237533 -0.351917 -0.905391
v -0.542757 -0.429762 -5.22242
vn 0.248623 -0.000896099 -0.9686
v -0.482872 -0.547448 -5.19742
vn 0.18177 -0.167116 -0.969037
v -0.516199 -0.445905 -5.22086
vn 0.0268426 -0.319355 -0.947255
v -0.586498 -0.564112 -5.21825
vn 0.273457 -0.117934 -0.954627
v -0.289679 -0.745848 -5.13702
vn 0.436891 0.0649514 -0.897167
v -0.643779 -0.710959 -5.2068
vn 0.0125453 -0.246403 -0.969086
v -0.557337 -0.353214 -5.23335
vn 0.208453 -0.169532 -0.963227
v -0.383412 -0.236569 -5.20315
vn 0.258409 -0.0549865 -0.964469
v -0.50266 -0.238652 -5.22034
vn 0.42727 0.300434 -0.852748
v -0.223546 -0.143358 -5.1818
vn -0.174174 0.229689 -0.957552
v -0.323527 -0.118883 -5.16722
vn 0.368404 0.83977 -0.398828
v -0.443296 -0.41414 -5.18701
vn 0.240141 0.263349 -0.934334
v -0.280306 -0.46361 -5.17295
vn 0.367046 0.184196 -0.911784
v -0.087634 -0.473504 -5.1818
vn -0.475453 0.292101 -0.829832
v -0.268329 -0.281352 -5.18857
vn -0.0449183 -0.0923478 -0.994713
v -0.302698 -0.205325 -5.19222
vn 0.240354 0.0645451 -0.968537
v -0.434444 -0.454757 -5.19794
vn 0.055805 -0.109785 -0.992388
v -0.048058 -0.531305 -5.19013
vn 0.0481225 0.263755 -0.963389
v -0.429757 -0.278228 -5.20523
vn 0.659609 -0.0673528 -0.748585
v -0.212611 -0.268334 -5.18701
vn 0.0937857 -0.156477 -0.983219
v -0.578167 -0.22303 -5.25939
vn 0.195444 -0.0694935 -0.97825
v -0.532342 -0.068372 -5.26147
vn 0.265041 -0.048017 -0.963041
v -0.400596 -0.100657 -5.20575
vn 0.463779 -0.0935111 -0.881002
v -0.310509 -0.380813 -5.17816
vn -0.232441 -0.114441 -0.965854
v -0.507867 -0.328739 -5.21044
vn 0.0660206 0.948154 -0.310879
v -0.427674 -0.851037 -5.15108
vn 0.159865 -0.125735 -0.979098
v -0.542757 -0.609936 -5.20003
vn 0.0995218 -0.191532 -0.976428
v -0.563065 -0.323532 -5.24221
vn 0.23671 -0.167692 -0.956999
v -0.540674 -0.881239 -5.16097
vn 0.358981 2.251e-05 -0.933345
v -0.271974 -0.563591 -5.16045
vn -0.286939 -0.106562 -0.952003
v -0.146477 -0.262606 -5.19117
vn -0.086681 -0.0641717 -0.994167
v -0.282389 -0.694295 -5.14743
vn 0.240716 -0.318527 -0.91684
v -0.529218 -0.281352 -5.23804
vn 0.152801 0.0602206 -0.986421
v -0.606807 -0.763032 -5.16722
vn -0.0525953 -0.612575 -0.788661
v -0.721369 -0.381854 -5.27189
vn 0.168183 -0.389682 -0.905463
v -0.397992 -0.283435 -5.20315
vn 0.256062 -0.289795 -0.922199
v -0.181367 -0.179809 -5.18597
vn -0.00133613 -0.119278 -0.99286
v -0.469333 -0.886967 -5.15472
vn -0.097072 0.21962 -0.970744
v -0.369873 -0.718249 -5.15941
vn 0.0715835 -0.156492 -0.985082
v -0.645342 -0.316242 -5.23648
vn -0.207098 -0.948458 -0.23987
v -0.513075 -0.491209 -5.21044
vn 0.0185253 0.0162332 -0.999697
v -0.402679 -0.325615 -5.19013
vn -0.20542 0.14799 -0.96742
v -0.085031 -0.207408 -5.1818
vn -0.0126974 0.266363 -0.963789
v -0.125127 -0.565674 -5.18545
vn -0.308124 0.00133306 -0.951345
v -0.232399 -0.338113 -5.17972
vn 0.101431 -0.0909352 -0.990678
v -0.465167 -0.238652 -5.21877
vn -0.335122 -0.628994 -0.70147
v -0.211569 -0.239173 -5.19065
vn 0.0148255 -0.0182961 -0.999723
v -0.270412 -0.518287 -5.16774
vn 0.0491638 -0.116354 -0.99199
v -0.286034 -0.337071 -5.18701
vn 0.290933 -0.35998 -0.886438
v -0.699498 -0.181892 -5.32657
vn -0.0164965 -0.970771 0.23944
v -0.258435 -0.245942 -5.18961
vn 0.0212685 -0.205176 -0.978494
v -0.72241 -0.344882 -5.29636
vn 0.430322 -0.547616 -0.717593
v -0.614618 -0.195952 -5.27241
vn 0.338836 -0.433149 -0.835208
v -0.408928 -0.132422 -5.21565
vn 0.302686 0.0583442 -0.951303
v -0.046496 -0.309993 -5.20159
vn -0.223321 -0.17095 -0.959637
v -0.150643 -0.692733 -5.13441
vn -0.48577 -0.584937 -0.64952
v -0.553692 -0.262085 -5.23127
vn 0.381854 -0.0712286 -0.921474
v -0.658881 -0.656282 -5.20732
vn 0.877812 0.402933 -0.259018
v -0.560982 -0.767198 -5.17503
vn 0.0743506 -0.106386 -0.991541
v -0.352168 -0.305306 -5.1969
vn 0.204558 -0.0400914 -0.978033
v -0.493808 -0.361025 -5.20159
vn 0.995084 0.0585674 0.0798622
v -0.585978 -0.118883 -5.28543
vn 0.377798 0.244758 -0.892951
v -0.120961 -0.33603 -5.18336
vn -0.0825448 -0.130055 -0.988065
v -0.50943 -0.370919 -5.22294
vn 0.194532 -0.0797475 -0.977649
v -0.577646 -0.10222 -5.26512
vn 0.21373 0.874696 -0.435002
v -0.682834 -0.218344 -5.27918
vn -0.155423 -0.326939 -0.932177
v -0.178763 -0.689609 -5.11046
vn 0.188672 -0.597121 -0.779647
v -0.008482 -0.25115 -5.21461
vn -0.399021 0.419588 -0.815308
v -0.25479 -0.708355 -5.099
vn 0.2118 0.707883 -0.673827
v -0.190219 -0.557863 -5.16826
vn -0.229968 -0.151669 -0.961307
v -0.307905 -0.291246 -5.1943
vn 0.094477 -0.0270034 -0.995161
v -0.320924 -0.549531 -5.1516
vn -0.0661592 -0.0116743 -0.997741
v -0.215735 -0.176164 -5.18805
vn 0.0721822 0.0860129 -0.993676
v -0.58077 -0.163666 -5.27449
vn 0.28909 -0.26945 -0.918599
v -0.567752 -0.207929 -5.24064
vn 0.139234 -0.209345 -0.967878
v -0.358937 -0.412057 -5.19326
vn 0.0147281 -0.46127 -0.887137
v -0.446421 -0.044418 -5.24064
vn 0.606414 -0.382035 -0.69736
v -0.013169 -0.318325 -5.20419
vn -0.141916 -0.326151 -0.934604
v -0.658881 -0.516725 -5.23804
vn 0.0586641 -0.0256098 -0.997949
v -0.314675 -0.497458 -5.17139
vn 0.196706 -0.137088 -0.970831
v 0.008181 -0.512559 -5.17972
vn -0.0129041 -0.0760271 -0.997022
v -0.467771 -0.143358 -5.24064
vn 0.399399 -0.0503807 -0.915392
v -0.65159 -0.682839 -5.22086
vn 0.263365 -0.350978 -0.898584
v -0.356334 -0.805733 -5.16357
vn -0.405793 0.103032 -0.908139
v -0.239689 -0.54901 -5.16253
vn -0.00305681 -0.167396 -0.985885
v -0.723973 -0.443822 -5.25731
vn 0.241596 -0.279243 -0.92933
v -0.057952 -0.560987 -5.20263
vn -0.051918 0.577249 -0.814916
v -0.196468 -0.608895 -5.15628
vn -0.245632 -0.273947 -0.929848
v -0.610973 -0.427158 -5.23023
vn -0.0175031 0.0610549 -0.997981
v -0.56619 -0.731788 -5.1844
vn -0.0227214 -0.187417 -0.982018
v -0.659922 -0.569319 -5.2521
vn 0.434957 0.316701 -0.842919
v -0.421946 -0.2298 -5.21252
vn 0.117469 -0.0846852 -0.989459
v -0.576604 -0.427158 -5.22867
vn 0.249677 -0.165587 -0.954066
v -0.45996 -0.079828 -5.24429
vn 0.418142 -0.187809 -0.888755
v -0.328735 -0.779175 -5.16462
vn 0.00610364 0.3875 -0.92185
v -0.468292 -0.200639 -5.23544
vn 0.279008 -0.424169 -0.86153
v -0.522448 -0.790631 -5.1693
vn 0.0036358 -0.122642 -0.992444
v -0.255832 -0.498499 -5.15472
vn -0.827257 -0.316278 -0.464343
v -0.139187 -0.287081 -5.18961
vn -0.132006 -0.185952 -0.973651
v -0.324569 -0.738037 -5.15316
vn 0.285164 -0.0440168 -0.957468
v -0.103777 -0.550573 -5.19482
vn -0.215404 0.03774 -0.975795
v -0.377684 -0.46413 -5.18805
vn -0.131959 -0.441854 -0.887328
v -0.164703 -0.65524 -5.14899
vn -0.380666 -0.390707 -0.838118
v -0.129293 -0.167832 -5.17764
vn 0.148483 0.192154 -0.970067
v -0.292804 -0.150127 -5.212
vn 0.302989 -0.146659 -0.941642
v -0.393306 -0.154814 -5.21357
vn 0.116472 0.0382013 -0.992459
v -0.19126 -0.443822 -5.17868
vn 0.0756508 -0.03645 -0.996468
v -0.225629 -0.408412 -5.17972
vn -0.0421091 0.0604188 -0.997285
v -0.248541 -0.206367 -5.19013
vn 0.0196104 0.0534957 -0.998376
v -0.497973 -0.697941 -5.1792
vn 0.149459 -0.0743465 -0.985969
v -0.310509 -0.682839 -5.15368
vn 0.203287 -0.117592 -0.972032
v -0.025667 -0.396956 -5.18284
vn 0.0753714 -0.134859 -0.987994
v -0.711475 -0.298016 -5.29168
vn 0.559 0.192794 -0.806443
v -0.129293 -0.674508 -5.16982
vn -0.557473 -0.212198 -0.802618
v -0.608369 -0.127736 -5.2698
vn 0.23671 -0.772585 -0.589136
v -0.343836 -0.254795 -5.20263
vn 0.250183 -0.0554678 -0.966608
v -0.536508 -0.376126 -5.22658
vn 0.214922 -0.223876 -0.950625
v -0.350605 -0.829687 -5.16826
vn -0.482368 -0.103557 -0.869826
v -0.359979 -0.133984 -5.20523
vn 0.38282 0.347844 -0.855835
v -0.060556 -0.229279 -5.1917
vn -0.142868 0.325841 -0.934567
v 0.03578 -0.283435 -5.21929
vn 0.509269 0.159939 -0.845615
v -0.529738 -0.512559 -5.20992
vn 0.118858 -0.159343 -0.980042
v -0.47454 -0.451633 -5.20888
vn 0.54246 -0.0067191 -0.840055
v -0.16939 -0.421951 -5.16722
vn -0.261946 -0.0915566 -0.96073
v -0.662005 -0.612019 -5.24273
vn 0.841432 -0.227956 -0.489928
v -0.514116 -0.15898 -5.24325
vn 0.707356 0.0946563 -0.700491
v -0.595351 -0.729705 -5.18961
vn 0.0985777 -0.379544 -0.919907
v -0.263643 -0.621392 -5.15004
vn 0.120158 -0.0591012 -0.990994
v -0.681272 -0.482877 -5.23804
vn 0.13103 -0.0993671 -0.986386
v -0.157933 -0.2298 -5.18649
vn 0.0255626 0.142413 -0.989477
v -0.193864 -0.302182 -5.18388
vn -0.0317444 -0.0311253 -0.999011
v -0.220942 -0.565153 -5.15889
vn -0.389273 -0.325224 -0.861798
v -0.620867 -0.15221 -5.27293
vn 0.378603 -0.172918 -0.909263
v -0.116795 -0.220426 -5.18545
vn -0.0294773 0.220944 -0.974841
v -0.371956 -0.761991 -5.15837
vn 0.0340826 -0.0419586 -0.998538
v -0.510471 -0.834373 -5.16305
vn 0.040273 -0.151736 -0.9876
v -0.629719 -0.603688 -5.23387
vn 0.42684 -0.394516 -0.813735
v -0.201675 -0.682839 -5.11567
vn 0.123267 -0.627637 -0.768685
v 0.022241 -0.394873 -5.21044
vn -0.58175 -0.105928 -0.80644
v -0.239168 -0.374564 -5.18128
vn 0.0755606 -0.247484 -0.965941
v -0.706788 -0.527139 -5.24533
vn -0.0764597 0.0425027 -0.996166
v -0.522969 -0.554738 -5.20471
vn 0.21945 -0.044221 -0.974621
v -0.507867 -0.596397 -5.19899
vn 0.173074 -0.189545 -0.966498
v -0.426633 -0.32197 -5.19899
vn -0.169074 -0.252923 -0.952599
v -0.570876 -0.47819 -5.22242
vn 0.223939 -0.193349 -0.955232
v -0.477144 -0.287601 -5.212
vn 0.803332 0.483814 -0.347248
v -0.444858 -0.755742 -5.16514
vn 0.385339 0.0464575 -0.921605
v -0.469854 -0.261565 -5.22502
vn 0.156718 -0.15122 -0.975998
v -0.565669 -0.405287 -5.22867
vn 0.236857 -0.167344 -0.957024
v -0.513075 -0.91717 -5.15472
vn 0.129499 -0.254603 -0.958336
v -0.095445 -0.413098 -5.18232
vn 0.174483 0.00262969 -0.984657
v -0.393826 -0.412578 -5.19846
vn 0.197937 -0.116585 -0.973257
v -0.395909 -0.833332 -5.15108
vn 0.0293915 -0.377074 -0.925717
v -0.176159 -0.381334 -5.17972
vn -0.0250094 0.0289315 -0.999268
v -0.694811 -0.253754 -5.27501
vn 0.140651 0.147448 -0.979018
v -0.220942 -0.730226 -5.099
vn 0.609847 -0.114513 -0.784203
v -0.327172 -0.571402 -5.16878
vn 0.117352 -0.170303 -0.978379
v -0.637531 -0.175123 -5.28334
vn 0.14357 0.0961894 -0.984954
v -0.336025 -0.169915 -5.20784
vn 0.208754 -0.087703 -0.974028
v -0.526093 -0.64795 -5.18701
vn 0.210823 -0.159151 -0.964481
v -0.659922 -0.400601 -5.2521
vn 0.233477 -0.218105 -0.947586
v -0.33238 -0.467255 -5.18284
vn 0.0819803 -0.123585 -0.988942
v -0.608369 -0.1168 -5.29897
vn 0.144674 -0.839898 -0.523107
v -0.632323 -0.729185 -5.19482
vn 0.164771 -0.448518 -0.878454
v -0.195426 -0.35738 -5.17816
vn 0.0113837 -0.115691 -0.99322
v -0.365707 -0.52766 -5.1792
vn 0.240221 -0.128433 -0.962184
v -0.675023 -0.201159 -5.29428
vn 0.432282 -0.449714 -0.781594
v -0.335504 -0.341758 -5.19117
vn 0.565906 -0.264928 -0.780746
v -0.483393 -0.16627 -5.24116
vn 0.348409 -0.25307 -0.902534
v -0.636489 -0.122528 -5.3073
vn 0.861053 -0.203587 -0.465983
v -0.19803 -0.635452 -5.14483
vn -0.139483 -0.331552 -0.933069
v -0.125127 -0.511517 -5.1844
vn -0.12158 -0.0179609 -0.992419
v -0.133459 -0.375085 -5.18128
vn -0.0237554 0.0386361 -0.998971
v -0.467771 -0.568798 -5.19482
vn 0.0489139 -0.0968955 -0.994092
v -0.195426 -0.474024 -5.17295
vn -0.0650089 -0.108798 -0.991936
v -0.146998 -0.338113 -5.18076
vn 0.0461745 -0.0368609 -0.998253
v -0.638572 -0.568278 -5.24012
vn 0.386237 0.15271 -0.909671
v -0.439651 -0.370398 -5.19222
vn -0.0931188 0.104068 -0.990201
v -0.233961 -0.659406 -5.13546
vn 0.0852966 -0.440184 -0.893847
v -0.609411 -0.532347 -5.22554
vn 0.225743 0.0204275 -0.973973
v -0.70783 -0.409453 -5.25991
vn 0.255877 -0.175673 -0.950613
v -0.425071 -0.080869 -5.21461
vn 0.843963 -0.212584 -0.492479
v -0.152205 -0.609416 -5.17087
vn -0.362095 -0.242142 -0.900141
v -0.659401 -0.634411 -5.2547
vn 0.764656 -0.516687 -0.385143
v 0.011305 -0.373523 -5.21513
vn -0.391 -0.0121911 -0.92031
v -0.412573 -0.61983 -5.17607
vn 0.547867 -0.282687 -0.787356
v -0.592747 -0.685964 -5.19951
vn 0.231864 -0.148212 -0.961391
v -0.577125 -0.064206 -5.25679
vn -0.53502 -0.528555 -0.659077
v -0.062118 -0.328739 -5.19378
vn -0.16093 -0.231493 -0.959433
v -0.543277 -0.311034 -5.2396
vn 0.2099 -0.0559718 -0.976119
v -0.601079 -0.36467 -5.24429
vn 0.26443 -0.174903 -0.948412
v -0.454752 -0.504748 -5.19846
vn 0.171129 -0.0867722 -0.98142
v -0.384974 -0.260002 -5.20211
vn 0.208324 0.0416391 -0.977173
v -0.07774 -0.30791 -5.19742
vn -0.149686 -0.122042 -0.981173
v -0.37508 -0.081911 -5.19013
vn 0.557523 0.338294 -0.758106
v -0.420905 -0.343841 -5.19378
vn -0.392781 -0.781472 -0.484793
v -0.597955 -0.263127 -5.2396
vn -0.562472 -0.719636 -0.407124
v -0.556296 -0.17356 -5.26356
vn 0.284291 -0.296152 -0.911851
v -0.547964 -0.699503 -5.17659
vn 0.336944 0.778282 -0.529855
v -0.424029 -0.399039 -5.20211
vn 0.179273 -0.197635 -0.963744
v -0.520365 -0.108468 -5.25991
vn 0.44371 0.165473 -0.880761
v -0.445379 -0.601084 -5.18701
vn 0.118906 -0.063647 -0.990863
v -0.307384 -0.328219 -5.18701
vn 0.0982939 -0.0639989 -0.993097
v -0.576084 -0.638056 -5.20159
vn 0.215312 0.0236553 -0.976259
v -0.484434 -0.079307 -5.24741
vn 0.124127 -0.323136 -0.938177
v -0.519324 -0.735954 -5.17816
vn 0.161635 -0.157176 -0.974253
v -0.187615 -0.205325 -5.18336
vn -0.0171779 0.000343438 -0.999852
v -0.294887 -0.508914 -5.16878
vn 0.0636279 -0.0205644 -0.997762
v -0.167827 -0.254274 -5.18909
vn -0.0555848 0.020337 -0.998247
v -0.633365 -0.225634 -5.27293
vn 0.218266 -0.0904247 -0.971691
v -0.015252 -0.2725 -5.21981
vn -0.352895 -0.0330912 -0.935078
v 0.02901 -0.32926 -5.21513
vn -0.126614 0.0440023 -0.990976
v -0.306864 -0.589628 -5.16253
vn 0.218439 -0.107469 -0.969915
v -0.000151 -0.40008 -5.17972
vn -0.11305 -0.05505 -0.992063
v -0.038164 -0.277707 -5.21357
vn -0.405058 0.137914 -0.903829
v -0.457877 -0.679715 -5.17555
vn 0.0417147 -0.212762 -0.976213
v -0.588061 -0.595356 -5.21409
vn 0.151072 -0.149162 -0.977204
v -0.50266 -0.114717 -5.24689
vn 0.00567515 0.0848442 -0.996378
v -0.382891 -0.365191 -5.19899
vn 0.0189713 0.327536 -0.944648
v -0.527655 -0.689088 -5.18284
vn 0.174718 -0.11462 -0.977924
v -0.359458 -0.498499 -5.18388
vn 0.166345 -0.15004 -0.974586
v -0.360499 -0.694816 -5.15941
vn 0.134097 -0.0398692 -0.990166
v -0.602641 -0.139713 -5.29063
vn -0.180146 -0.141606 -0.973394
v -0.50943 -0.319887 -5.23231
vn 0.206051 -0.205409 -0.956739
v -0.491204 -0.757304 -5.17191
vn 0.133792 -0.10505 -0.985426
v -0.614618 -0.266772 -5.26095
vn 0.22525 -0.13712 -0.964604
v -0.129814 -0.441739 -5.1792
vn -0.100327 0.0203921 -0.994745
v -0.713037 -0.501103 -5.24273
vn 0.0749971 -0.017071 -0.997038
v -0.246458 -0.314159 -5.18388
vn 0.0658194 -0.201085 -0.97736
v -0.407366 -0.645867 -5.17139
vn 0.308824 0.103249 -0.945498
v -0.521927 -0.226675 -5.23492
vn 0.81806 0.0887684 -0.568242
v -0.420384 -0.720332 -5.16618
vn 0.213941 -0.196204 -0.95694
v -0.399034 -0.436011 -5.19534
vn 0.192144 -0.121293 -0.973842
v 0.00714 -0.433928 -5.16982
vn 0.314328 -0.0713304 -0.946631
v -0.45267 -0.413619 -5.20836
vn -0.027148 -0.279455 -0.959775
v -0.259998 -0.585982 -5.15733
vn 0.195237 -0.115716 -0.973906
v -0.520886 -0.195952 -5.24898
vn -0.527082 -0.745415 -0.408094
v -0.305822 -0.183975 -5.19846
vn 0.521635 0.094152 -0.847958
v -0.609932 -0.47819 -5.23387
vn 0.181119 -0.155573 -0.971078
v -0.07774 -0.509434 -5.18128
vn 0.424787 -0.58998 -0.686644
v -0.564628 -0.128777 -5.27501
vn 0.369989 -0.0311865 -0.928512
v -0.38237 -0.334988 -5.19065
vn 0.0839475 -0.363522 -0.927796
v -0.3329 -0.688047 -5.15681
vn 0.180133 -0.116826 -0.97668
v -0.293325 -0.781779 -5.15576
vn 0.351593 0.597786 -0.72044
v -0.274578 -0.408933 -5.17972
vn 0.0547381 -0.128297 -0.990224
v -0.081906 -0.266251 -5.19742
vn -0.112002 0.0568479 -0.992081
v -0.521407 -0.344361 -5.22762
vn 0.180596 -0.193823 -0.964271
v -0.387578 -0.69065 -5.16462
vn 0.165506 -0.0225668 -0.985951
v -0.419863 -0.20168 -5.21617
vn 0.498995 0.0394894 -0.865705
v -0.329776 -0.132422 -5.18492
vn 0.305097 0.861335 -0.406223
v -0.301136 -0.545886 -5.16722
vn 0.088475 -0.114765 -0.989445
v -0.609411 -0.657844 -5.2094
vn 0.304245 -0.272927 -0.912659
v -0.491204 -0.511517 -5.20367
vn 0.304293 -0.187454 -0.933952
v -0.476103 -0.359983 -5.21669
vn 0.422498 0.241961 -0.87347
v -0.258956 -0.162104 -5.18232
vn 0.0610788 0.312642 -0.947905
v -0.110026 -0.388103 -5.18024
vn 0.0520834 0.0820615 -0.995265
v -0.593268 -0.203763 -5.26408
vn 0.250538 -0.233202 -0.9396
v -0.115754 -0.250629 -5.19222
vn -0.0767245 0.177697 -0.98109
v -0.210528 -0.520891 -5.16826
vn -0.147233 -0.013587 -0.989008
v -0.644821 -0.444863 -5.24116
vn 0.15136 -0.110634 -0.982268
v -0.113671 -0.471942 -5.1818
vn -0.1079 0.0693184 -0.991742
v -0.457877 -0.628683 -5.1818
vn 0.222649 -0.133577 -0.965704
v -0.058994 -0.592231 -5.22242
vn 0.228801 -0.0920725 -0.969109
v -0.37508 -0.292288 -5.20575
vn 0.31139 -0.402288 -0.86093
v -0.343836 -0.396435 -5.19065
vn 0.155822 -0.0751452 -0.984923
v -0.430278 -0.519328 -5.1943
vn 0.163859 -0.125069 -0.978523
v -0.520886 -0.4709 -5.21252
vn 0.00302525 -0.162037 -0.98678
v -0.436006 -0.813023 -5.15472
vn 0.0760792 -0.151099 -0.985587
v -0.120961 -0.299057 -5.18909
vn -0.208142 -0.251294 -0.945266
v -0.481831 -0.233445 -5.23179
vn 0.160803 -0.134097 -0.977835
v -0.732304 -0.490688 -5.24898
vn 0.189148 -0.123674 -0.974129
v -0.521407 -0.955704 -5.14014
vn 0.601329 -0.244925 -0.760536
v -0.512554 -0.861972 -5.15733
vn 0.0677923 -0.168682 -0.983336
v -0.143874 -0.552135 -5.17868
vn -0.264211 -0.0593452 -0.962637
v -0.253749 -0.521411 -5.15316
vn -0.884933 0.37744 -0.272824
v -0.287596 -0.359463 -5.17816
vn 0.251953 0.204031 -0.945987
v -0.575042 -0.365191 -5.237
vn 0.236439 -0.149055 -0.960145
v -0.610452 -0.103782 -5.28178
vn 0.998744 -0.0495724 -0.00729097
v -0.74324 -0.347486 -5.29115
vn -0.8734 -0.475636 -0.10461
v 0.002974 -0.296454 -5.21305
vn -0.439765 -0.325826 -0.836926
v -0.090238 -0.359983 -5.18336
vn -0.032 -0.0750178 -0.996669
v -0.710954 -0.36467 -5.2797
vn 0.346893 -0.440616 -0.827963
v -0.570356 -0.809378 -5.16722
vn -0.21245 -0.00306992 -0.977167
v -0.388619 -0.521932 -5.18961
vn 0.164696 0.0039869 -0.986336
v -0.334463 -0.293329 -5.1943
vn 0.194335 0.0626984 -0.978929
v -0.656277 -0.144399 -5.33229
vn 0.555193 -0.602725 -0.573135
v -0.506826 -0.421951 -5.21461
vn -0.0184597 0.313655 -0.949358
v -0.206362 -0.496416 -5.16982
vn -0.0563462 -0.0286063 -0.998001
v -0.036081 -0.503186 -5.1844
vn 0.294477 0.000351301 -0.955659
v -0.649507 -0.649512 -5.23179
vn 0.638435 -0.46586 -0.612678
v -0.17668 -0.347486 -5.18128
vn -0.0570026 -0.108195 -0.992494
v -0.30426 -0.26521 -5.1969
vn 0.098024 0.0337685 -0.994611
v -0.016814 -0.344361 -5.20419
vn -0.393474 -0.13359 -0.909578
v -0.14127 -0.413619 -5.17972
vn -0.176894 -0.141419 -0.974017
v -0.416739 -0.112634 -5.21617
vn 0.378213 0.0555294 -0.924052
v -0.633885 -0.653157 -5.21305
vn 0.253483 -0.466583 -0.847376
v -0.543798 -0.040252 -5.27189
vn -0.0473306 -0.111911 -0.99259
v -0.470895 -0.39279 -5.212
vn 0.208717 -0.0422667 -0.977062
v -0.554734 -0.521411 -5.21409
vn 0.138117 -0.0780891 -0.987333
v -0.418301 -0.645867 -5.20575
vn 0.44564 0.883913 -0.141787
v -0.425591 -0.358942 -5.20784
vn -0.136852 -0.230697 -0.963354
v -0.559941 -0.555259 -5.21252
vn 0.197234 -0.139769 -0.970342
v -0.219901 -0.703669 -5.08963
vn 0.98177 0.0278743 -0.188017
v -0.268329 -0.327698 -5.18024
vn 0.203113 0.0932465 -0.974705
v -0.489121 -0.66201 -5.18128
vn 0.0881994 -0.125423 -0.988175
v -0.571918 -0.30062 -5.24741
vn 0.273136 -0.0801496 -0.958631
v -0.464646 -0.742203 -5.17399
vn 0.177362 -0.0879007 -0.980212
v -0.435485 -0.295933 -5.21773
vn 0.194359 -0.0572653 -0.979257
v -0.028791 -0.457882 -5.18024
vn 0.0764683 0.0309953 -0.99659
v -0.716161 -0.463089 -5.2495
vn 0.185164 -0.244473 -0.951813
v -0.218339 -0.427679 -5.17191
vn -0.78893 -0.0552097 -0.611998
v -0.48808 -0.195952 -5.24169
vn -0.311958 0.0967925 -0.945153
v -0.277703 -0.193869 -5.1943
vn 0.257295 -0.0847014 -0.962614
v 0.008181 -0.252191 -5.2271
vn -0.532998 0.488838 -0.690616
v -0.160537 -0.494854 -5.17451
vn -0.191432 -0.116563 -0.97456
v -0.547443 -0.233966 -5.23023
vn -0.716016 -0.121707 -0.687393
v -0.284993 -0.680756 -5.13181
vn -0.161996 0.831017 -0.532135
v -0.574001 -0.610457 -5.2094
vn 0.291015 -0.206234 -0.934226
v -0.549006 -0.71877 -5.1844
vn 0.0650121 -0.0377526 -0.99717
v -0.383412 -0.802608 -5.15733
vn -0.134233 -0.0589149 -0.989197
v -0.678669 -0.33655 -5.27553
vn 0.405839 -0.149171 -0.901689
v -0.536508 -0.08868 -5.26304
vn 0.2845 0.13279 -0.949435
v -0.50266 -0.067851 -5.25418
vn 0.161181 -0.254327 -0.953592
v -0.289679 -0.238131 -5.1943
vn 0.166073 -0.129732 -0.977543
v -0.256873 -0.755221 -5.09328
vn 0.390551 -0.852227 0.348107
v -0.092842 -0.596397 -5.20471
vn -0.719359 -0.0213441 -0.69431
v -0.659922 -0.184496 -5.28907
vn 0.499492 -0.350203 -0.79238
v -0.419342 -0.69742 -5.16878
vn 0.170467 -0.106619 -0.979578
v 0.032656 -0.411016 -5.17191
vn -0.58992 -0.788505 -0.173936
v -0.493808 -0.613581 -5.19117
vn 0.20359 -0.234789 -0.950487
v -0.48131 -0.809378 -5.16305
vn 0.294419 -0.210086 -0.932299
v -0.231357 -0.588586 -5.1417
vn -0.442791 -0.397637 -0.80363
v -0.231878 -0.488084 -5.15941
vn 0.843467 0.256114 -0.472197
v -0.455273 -0.783862 -5.16201
vn 0.30731 -0.456502 -0.834965
v -0.402158 -0.190745 -5.21513
vn 0.387659 -0.0395227 -0.920955
v -0.04181 -0.476107 -5.18284
vn 0.120666 0.135149 -0.98345
v -0.21209 -0.33655 -5.1818
vn -0.0508817 -0.21127 -0.976103
v -0.249583 -0.419347 -5.17191
vn -0.298716 -0.292977 -0.908258
v -0.370914 -0.220426 -5.20211
vn 0.149506 -0.187804 -0.970761
v -0.504222 -0.254274 -5.23335
vn 0.140158 -0.0445025 -0.989129
v -0.676065 -0.383937 -5.26304
vn 0.284125 -0.271085 -0.919666
v -0.280827 -0.635973 -5.1516
vn 0.0215823 -0.209886 -0.977488
v -0.499536 -0.297495 -5.21409
vn 0.316448 0.0593245 -0.946753
v -0.490162 -0.316762 -5.20784
vn -0.647605 -0.431418 -0.628081
v -0.167827 -0.603167 -5.15941
vn 0.623664 0.308899 -0.71807
v -0.393826 -0.556821 -5.1818
vn 0.334924 -0.198548 -0.921089
v -0.237085 -0.461006 -5.17035
vn 0.217721 -0.332134 -0.917761
v -0.339149 -0.487043 -5.17972
vn 0.0996459 -0.137589 -0.985464
v -0.632844 -0.342799 -5.25783
vn 0.248938 -0.123101 -0.960664
v -0.326131 -0.246463 -5.1969
vn 0.365131 -0.109244 -0.924524
v -0.674503 -0.292809 -5.27553
vn 0.273266 0.0919629 -0.957533
v -0.319361 -0.620872 -5.16149
vn 0.189634 -0.151093 -0.97016
v -0.200113 -0.220947 -5.18649
vn 0.0906896 0.0473788 -0.994752
v -0.316237 -0.444863 -5.1818
vn 0.139215 -0.0475417 -0.98912
v -0.400075 -0.755742 -5.16097
vn 0.105003 -0.081584 -0.99112
v -0.631802 -0.311555 -5.26199
vn 0.200929 -0.147502 -0.968437
v -0.465167 -0.775009 -5.18492
vn 0.222843 -0.171387 -0.959671
v -0.454752 -0.849995 -5.15264
vn 0.0949907 -0.0912658 -0.991286
v -0.354771 -0.602646 -5.16722
vn 0.0425553 -0.158575 -0.986429
v 0.012347 -0.490167 -5.18336
vn -0.288751 0.160645 -0.94383
v -0.41049 -0.496937 -5.1917
vn 0.251958 -0.0975298 -0.962811
v 0.009743 -0.353735 -5.21252
vn -0.22281 -0.132957 -0.965753
v -0.664609 -0.361025 -5.26356
vn 0.36822 -0.19946 -0.908091
v -0.348002 -0.758867 -5.16045
vn 0.0244218 0.139413 -0.989933
v -0.627116 -0.621913 -5.22606
vn 0.50866 -0.0634912 -0.858623
v -0.129293 -0.60577 -5.18024
vn -0.421688 -0.188628 -0.886904
v -0.095966 -0.280311 -5.19534
vn -0.0803891 -0.0309097 -0.996284
v -0.130334 -0.490688 -5.18128
vn -0.00613305 0.101958 -0.99477
v -0.15533 -0.530785 -5.17711
vn -0.211793 0.0454469 -0.976257
v -0.210528 -0.30114 -5.17295
vn -0.260109 0.91842 -0.298074
v -0.590144 -0.182934 -5.27033
vn 0.298032 -0.30006 -0.906168
v -0.253749 -0.728143 -5.11827
vn 0.514305 -0.212846 -0.830775
v -0.673982 -0.647429 -5.23596
vn 0.815481 -0.251859 -0.521112
v -0.418822 -0.474024 -5.19534
vn 0.154959 -0.116338 -0.981047
v -0.257394 -0.18762 -5.19117
vn 0.0323232 0.156782 -0.987104
v -0.493808 -0.485481 -5.20627
vn 0.395254 -0.186961 -0.899344
v -0.522969 -0.893216 -5.15524
vn -0.0467959 -0.223363 -0.973611
v -0.574001 -0.687526 -5.19378
vn 0.319792 -0.18835 -0.928578
v -0.373518 -0.783341 -5.15733
vn -0.0684617 0.0271448 -0.997284
v -0.708871 -0.189182 -5.28334
vn -0.601473 -0.302253 -0.739509
v -0.692728 -0.310514 -5.2823
vn 0.406196 0.0974838 -0.908571
v -0.565148 -0.657844 -5.19846
vn 0.30388 -0.289634 -0.907617
v -0.285514 -0.603167 -5.15472
vn -0.363941 -0.00648813 -0.931399
v -0.50943 -0.284998 -5.23335
vn 0.259082 -0.0436175 -0.96487
v 0.036821 -0.299578 -5.23023
vn -0.299103 -0.333383 -0.894088
v -0.344877 -0.120445 -5.18805
vn 0.530753 0.407821 -0.742956
v -0.064722 -0.474024 -5.18336
vn 0.178661 0.120237 -0.976536
v -0.26885 -0.660968 -5.14118
vn 0.265359 -0.19924 -0.943339
v -0.574522 -0.086598 -5.27762
vn 0.369373 0.0857479 -0.925317
v -0.132417 -0.192828 -5.1818
vn 0.0541832 0.0816892 -0.995184
v -0.640655 -0.153772 -5.29115
vn 0.879251 0.0543265 -0.473251
v -0.458398 -0.332385 -5.20315
vn -0.0964093 -0.529569 -0.842771
v -0.682834 -0.456319 -5.24689
vn 0.222376 -0.227628 -0.948016
v -0.39643 -0.609416 -5.17347
vn 0.452594 -0.298814 -0.84016
v -0.626074 -0.420909 -5.24064
vn 0.259084 -0.0915186 -0.961509
v -0.597434 -0.779696 -5.1641
vn -0.348757 -0.346511 -0.870803
v -0.160537 -0.453195 -5.17816
vn -0.0630532 0.0695485 -0.995584
v -0.402679 -0.308431 -5.19899
vn 0.338915 -0.0861161 -0.936867
v -0.479748 -0.864576 -5.1542
vn 0.113666 -0.299104 -0.947426
v -0.235523 -0.631807 -5.14483
vn 0.174801 -0.270917 -0.946599
v -0.179284 -0.151169 -5.18492
vn 0.029481 0.193879 -0.980582
v -0.360499 -0.153252 -5.20523
vn 0.0668392 0.0127126 -0.997683
v -0.378204 -0.616185 -5.16722
vn 0.230765 -0.135106 -0.963584
v -0.250104 -0.287601 -5.18857
vn 0.0136347 -0.0968861 -0.995202
v -0.312592 -0.528702 -5.17087
vn 0.0905805 -0.124703 -0.988051
v -0.531821 -0.933313 -5.15628
vn 0.556104 -0.0620092 -0.828796
v -0.41049 -0.786466 -5.15681
vn -0.0465278 -0.14945 -0.987674
v -0.124606 -0.626079 -5.17972
vn -0.457234 -0.185476 -0.869791
v -0.473499 -0.425596 -5.19117
vn 0.855917 0.166637 -0.489529
v -0.541195 -0.133464 -5.26616
vn 0.318761 -0.334256 -0.886941
v -0.45996 -0.306348 -5.22034
vn 0.101746 -0.133744 -0.985779
v -0.476623 -0.827604 -5.15941
vn 0.206389 -0.00621464 -0.97845
v -0.25479 -0.72606 -5.09171
vn 0.0899971 -0.756201 -0.648121
v -0.680231 -0.564112 -5.25679
vn 0.128732 0.50201 -0.855228
v -0.59483 -0.459965 -5.22971
vn 0.236253 0.0269344 -0.971318
v -0.438089 -0.171998 -5.22867
vn 0.42037 0.0631206 -0.905155
v -0.457356 -0.699503 -5.17347
vn 0.0926491 -0.0975383 -0.99091
v -0.374039 -0.202201 -5.2068
vn 0.107881 -0.178906 -0.977934
v -0.076699 -0.452674 -5.18336
vn 0.0416195 0.118043 -0.992136
v -0.45319 -0.150127 -5.23023
vn 0.578081 -0.032111 -0.815347
v -0.473499 -0.787507 -5.16618
vn 0.302555 -0.478464 -0.824338
v -0.413094 -0.378209 -5.20784
vn 0.15457 -0.266629 -0.951324
v 0.011826 -0.288643 -5.237
vn -0.715335 -0.336396 -0.612482
v -0.359979 -0.56307 -5.17295
vn 0.130937 -0.18888 -0.973232
v -0.416218 -0.835935 -5.15004
vn 0.01489 -0.107507 -0.994093
v -0.475061 -0.47819 -5.20419
vn 0.151001 -0.189045 -0.970289
v 0.011826 -0.418306 -5.15941
vn 0.0789974 -0.191199 -0.978367
v -0.416739 -0.447988 -5.19794
vn 0.181717 -0.0861731 -0.979568
v -0.218859 -0.220426 -5.18909
vn 0.0565274 -0.0633591 -0.996389
v -0.655235 -0.222509 -5.27345
vn 0.136553 -0.241262 -0.960805
v -0.076699 -0.561508 -5.20107
vn -0.138809 0.515011 -0.84587
v -0.607328 -0.748973 -5.17972
vn -0.0201681 -0.530164 -0.847655
v -0.152726 -0.643263 -5.16097
vn -0.542425 -0.282323 -0.791245
v -0.443296 -0.666176 -5.17972
vn 0.417061 0.00129247 -0.908877
v -0.471416 -0.415181 -5.21148
vn 0.560842 -0.218153 -0.798665
v -0.698977 -0.35009 -5.28074
vn 0.411708 -0.335691 -0.847236
v -0.483914 -0.375606 -5.19534
vn 0.060361 -0.0426089 -0.997267
v -0.607328 -0.298016 -5.25835
vn 0.233076 -0.0361281 -0.971787
v -0.162099 -0.587545 -5.17139
vn -0.295796 -0.102686 -0.949716
v -0.607328 -0.232403 -5.26564
vn 0.373982 -0.0855407 -0.923483
v 0.009743 -0.452154 -5.17243
vn 0.129417 0.317937 -0.939238
v -0.639613 -0.545365 -5.23544
vn 0.379531 0.135372 -0.915222
v -0.613577 -0.51308 -5.22971
vn 0.290107 -0.166303 -0.942434
v -0.568793 -0.791152 -5.17035
vn -0.245644 -0.149729 -0.957727
v -0.056911 -0.392269 -5.18284
vn -0.141777 -0.151873 -0.978179
v -0.052745 -0.267293 -5.20315
vn -0.331277 0.214618 -0.918801
v -0.548485 -0.836456 -5.16722
vn 0.0991055 -0.151655 -0.983453
v -0.182408 -0.409453 -5.17816
vn 0.0371755 -0.065412 -0.997166
v -0.288117 -0.585462 -5.15941
vn 0.0826541 -0.187584 -0.978765
v -0.256352 -0.367795 -5.18024
vn 0.0397417 -0.0346186 -0.99861
v -0.451107 -0.354776 -5.19794
vn -0.501095 0.548716 -0.669189
v -0.361541 -0.455278 -5.18701
vn 0.177438 -0.222872 -0.958563
v -0.206362 -0.668779 -5.1266
vn 0.076175 -0.680311 -0.728954
v -0.035561 -0.554218 -5.19846
vn 0.281908 0.43325 -0.85605
v -0.730221 -0.397997 -5.27189
vn 0.304168 -0.141877 -0.941994
v -0.601079 -0.334988 -5.2521
vn 0.382181 -0.168525 -0.908591
v -0.600558 -0.387582 -5.23908
vn 0.252967 -0.176347 -0.951267
v -0.333421 -0.415702 -5.18701
vn 0.196603 -0.0982133 -0.975552
v -0.24073 -0.529743 -5.16305
vn -0.158437 -0.0675498 -0.985056
v -0.2902 -0.294371 -5.19065
vn 0.204005 0.145198 -0.968142
v -0.458918 -0.365191 -5.21305
vn 0.0340849 0.172624 -0.984398
v -0.523489 -0.429762 -5.21617
vn 0.137085 -0.0800515 -0.987319
v -0.310509 -0.776572 -5.15941
vn 0.247623 0.477167 -0.843205
v -0.307384 -0.735434 -5.14743
vn 0.378985 -0.0552664 -0.923751
v -0.398513 -0.72554 -5.16201
vn 0.0334952 -0.155841 -0.987214
v -0.466729 -0.588065 -5.19013
vn 0.129727 -0.193248 -0.972536
v -0.26208 -0.46413 -5.17295
vn 0.0199135 -0.00832768 -0.999767
v -0.282389 -0.436011 -5.16253
vn -0.131297 0.0426143 -0.990427
v -0.621388 -0.381334 -5.24741
vn 0.240603 -0.216094 -0.946263
v -0.126689 -0.353214 -5.18128
vn -0.057792 -0.0207235 -0.998114
v 0.027969 -0.374564 -5.22242
vn -0.674042 -0.227677 -0.702731
v -0.705747 -0.439135 -5.25523
vn 0.17368 -0.205152 -0.963197
v -0.592747 -0.434969 -5.23179
vn 0.190511 -0.199267 -0.961248
v -0.2048 -0.572964 -5.16201
vn -0.206436 -0.179387 -0.961875
v -0.355813 -0.174602 -5.20992
vn 0.102415 -0.0647287 -0.992634
v -0.484434 -0.115759 -5.24637
vn 0.0359116 0.0680043 -0.997038
v -0.613056 -0.733351 -5.18805
vn 0.0600752 -0.537858 -0.840892
v -0.619305 -0.40685 -5.23127
vn 0.0599114 -0.383615 -0.921548
v -0.217818 -0.599001 -5.1542
vn -0.239489 -0.0121764 -0.970823
v -0.494328 -0.094409 -5.24637
vn 0.201272 -0.116201 -0.972619
v -0.255832 -0.759908 -5.11983
vn 0.667747 -0.387612 -0.635509
v -0.557858 -0.06733 -5.26408
vn 0.169466 0.22306 -0.959961
v -0.38185 -0.59848 -5.17087
vn 0.201347 -0.144826 -0.968754
v -0.327693 -0.795839 -5.17139
vn -0.181294 0.358463 -0.915771
v -0.632844 -0.268855 -5.26668
vn 0.247864 -0.0929278 -0.964328
v -0.336546 -0.625558 -5.1641
vn 0.0878238 -0.173981 -0.980825
v -0.31832 -0.720853 -5.15316
vn 0.248648 -0.020631 -0.968374
v -0.408928 -0.580775 -5.18232
vn 0.3268 -0.216968 -0.919852
v -0.543277 -0.764074 -5.17451
vn 0.0126066 -0.168842 -0.985562
v -0.564628 -0.225634 -5.24012
vn 0.0227271 -0.0253995 -0.999419
v -0.667733 -0.49902 -5.23908
vn -0.0033873 -0.0662567 -0.997797
v -0.434965 -0.4282 -5.20211
vn 0.30343 -0.271445 -0.913372
v -0.257915 -0.53443 -5.16514
vn -0.115878 -0.132652 -0.984366
v -0.397992 -0.486001 -5.18492
vn 0.277192 -0.253236 -0.926842
v -0.53078 -0.631807 -5.19326
vn 0.178575 -0.236984 -0.954961
v -0.145436 -0.390186 -5.1818
vn -0.0624835 -0.0363166 -0.997385
v -0.238647 -0.57713 -5.15681
vn -0.115953 -0.36188 -0.924985
v -0.470895 -0.497978 -5.20211
vn 0.123015 -0.120424 -0.985071
v -0.015252 -0.382896 -5.18649
vn -0.284449 -0.761829 -0.581984
v -0.200634 -0.284477 -5.18492
vn 0.0146186 -0.0868728 -0.996112
v -0.546923 -0.026192 -5.25991
vn -0.21964 0.199152 -0.955038
v 0.01443 -0.403725 -5.1693
vn -0.143495 -0.910633 -0.387501
v -0.295407 -0.766157 -5.14691
vn 0.420503 0.395856 -0.816379
v -0.340711 -0.213657 -5.19742
vn 0.0284587 -0.12676 -0.991525
v -0.280306 -0.760949 -5.1365
vn 0.474542 0.249297 -0.844192
v -0.103777 -0.428721 -5.18388
vn -0.0607506 -0.0212155 -0.997927
v -0.236564 -0.736475 -5.10473
vn 0.473197 -0.176222 -0.863152
v -0.614618 -0.346444 -5.25314
vn 0.202753 -0.174259 -0.9636
v -0.454752 -0.251671 -5.22554
vn 0.29849 -0.165191 -0.940008
v -0.429757 -0.764074 -5.16097
vn 0.14579 -0.121877 -0.98178
v -0.092842 -0.395393 -5.18024
vn 0.0182814 0.0726951 -0.997187
v -0.504743 -0.560987 -5.20055
vn 0.17004 -0.0978058 -0.980571
v -0.166265 -0.283956 -5.18701
vn -0.0709644 -0.155231 -0.985326
v -0.610973 -0.61931 -5.21929
vn 0.389226 -0.167529 -0.90578
v -0.258956 -0.263127 -5.18545
vn 0.0635534 0.155758 -0.985749
v -0.336546 -0.725019 -5.15681
vn 0.124241 -0.0107086 -0.992194
v -0.611494 -0.249588 -5.26564
vn 0.234405 -0.148794 -0.960684
v -0.645862 -0.245942 -5.27241
vn 0.175765 -0.0748305 -0.981584
v -0.423508 -0.158459 -5.22086
vn 0.285033 0.0220523 -0.958264
v -0.446421 -0.443301 -5.19222
vn -0.133841 -0.178352 -0.974822
v -0.571397 -0.543282 -5.2068
vn -0.442234 -0.239789 -0.864251
v -0.076178 -0.222509 -5.18753
vn -0.0842988 0.317861 -0.944382
v -0.42455 -0.632328 -5.17868
vn -0.0639513 -0.528716 -0.846386
v -0.415177 -0.545886 -5.1917
vn 0.326709 0.248681 -0.911822
v -0.250104 -0.489647 -5.16878
vn -0.320125 0.135771 -0.937596
v -0.63024 -0.487043 -5.2344
vn 0.227988 0.000935012 -0.973664
v -0.532342 -0.170436 -5.23908
vn 0.116424 0.0840917 -0.989633
v -0.483393 -0.133984 -5.24637
vn 0.301908 0.0550141 -0.951748
v -0.320403 -0.370919 -5.18857
vn 0.160724 -0.0906532 -0.982827
v -0.578687 -0.391228 -5.2344
vn 0.196766 -0.0908531 -0.976232
v -0.391744 -0.089722 -5.19534
vn 0.85391 -0.4607 -0.24206
v -0.727097 -0.334988 -5.3099
vn 0.718234 -0.240694 -0.652845
v -0.080865 -0.594314 -5.21721
vn -0.610628 0.0295962 -0.791364
v -0.372476 -0.632328 -5.1641
vn 0.178837 -0.101128 -0.978668
v -0.12721 -0.424555 -5.18024
vn -0.124826 -0.0582345 -0.990468
v -0.456315 -0.199076 -5.22294
vn 0.38104 -0.888984 -0.253999
v -0.593789 -0.103782 -5.27553
vn 0.264736 0.0821883 -0.960812
v -0.555254 -0.268334 -5.24741
vn 0.182987 -0.103622 -0.977639
v -0.175638 -0.520891 -5.17399
vn -0.199374 0.0176463 -0.979765
v -0.406324 -0.086598 -5.21409
vn 0.22245 0.155099 -0.962528
v -0.283431 -0.551614 -5.16514
vn 0.0530745 -0.16962 -0.984079
v -0.271454 -0.429762 -5.17764
vn 0.188665 -0.030616 -0.981564
v -0.581812 -0.704189 -5.19586
vn 0.22003 -0.213885 -0.951756
v -0.598475 -0.576609 -5.22294
vn 0.424023 -0.114401 -0.898397
v -0.316758 -0.135026 -5.17399
vn 0.685546 0.527042 -0.502248
v -0.359979 -0.367274 -5.19065
vn 0.215058 0.00358834 -0.976595
v -0.21938 -0.698982 -5.11098
vn 0.415947 -0.526294 -0.741621
v -0.395389 -0.540158 -5.18545
vn 0.238184 -0.209921 -0.948263
v -0.483393 -0.211574 -5.23648
vn 0.180756 -0.360317 -0.91515
v -0.532342 -0.26521 -5.24273
vn 0.194051 -0.0544871 -0.979477
v -0.265726 -0.696899 -5.13285
vn 0.537217 -0.172692 -0.825576
v -0.349564 -0.285518 -5.19274
vn 0.21271 0.287736 -0.933789
v -0.249062 -0.685964 -5.12712
vn 0.285132 -0.317182 -0.904486
v -0.495891 -0.825521 -5.16357
vn 0.142358 -0.0204638 -0.989604
v -0.574522 -0.118883 -5.26356
vn 0.429773 0.879023 -0.206433
v -0.52401 -0.154293 -5.25627
vn 0.681607 0.0476901 -0.730163
v -0.384974 -0.712 -5.1641
vn 0.111442 -0.100313 -0.988695
v -0.300615 -0.164708 -5.17972
vn 0.657027 0.548017 -0.51768
v -0.554213 -0.597959 -5.20367
vn 0.240554 -0.151979 -0.958664
v -0.604724 -0.280311 -5.25835
vn 0.270771 -0.0170096 -0.962493
v -0.320924 -0.699503 -5.15316
vn 0.201113 -0.0908917 -0.975342
v -0.411011 -0.264689 -5.20784
vn 0.165771 -0.0386802 -0.985405
v -0.50995 -0.140754 -5.24064
vn 0.169521 -0.292631 -0.941079
v -0.343836 -0.567757 -5.17087
vn 0.103533 -0.219766 -0.970043
v -0.439651 -0.23032 -5.21721
vn 0.288793 -0.0536956 -0.955885
v -0.274057 -0.235007 -5.18857
vn 0.143391 -0.0610699 -0.98778
v -0.378725 -0.479753 -5.1818
vn -0.203087 -0.00892913 -0.97912
v -0.387057 -0.65472 -5.16514
vn 0.226748 -0.0715034 -0.971325
v -0.180325 -0.652637 -5.14327
vn -0.396558 -0.432129 -0.809942
v -0.455273 -0.522453 -5.19794
vn 0.110506 -0.0894504 -0.989842
v -0.314675 -0.666696 -5.15576
vn 0.198864 -0.0856886 -0.976274
v -0.592747 -0.647429 -5.2068
vn 0.287067 -0.118366 -0.950569
v -0.633885 -0.69742 -5.20784
vn 0.281138 -0.360025 -0.889575
v -0.492245 -0.364149 -5.21877
vn 0.505943 -0.0365147 -0.861794
v -0.464646 -0.870825 -5.15056
vn 0.00637392 0.0223276 -0.99973
v -0.485476 -0.18033 -5.23231
vn 0.271957 -0.231575 -0.93403
v -0.173035 -0.436011 -5.17555
vn 0.0195859 0.00889343 -0.999769
v -0.197509 -0.175643 -5.18753
vn 0.0320664 -0.004515 -0.999476
v -0.591185 -0.524015 -5.22242
vn 0.074663 -0.0458254 -0.996155
v -0.647945 -0.634411 -5.24221
vn 0.616097 -0.514328 -0.596566
v -0.102736 -0.23032 -5.18857
vn -0.0261611 0.257008 -0.966055
v -0.207924 -0.440697 -5.17243
vn -0.298984 -0.22252 -0.927951
v -0.451628 -0.105344 -5.23023
vn 0.534276 0.00498624 -0.845296
v -0.712516 -0.223551 -5.26876
vn -0.390426 -0.120005 -0.912779
v -0.542757 -0.482356 -5.21669
vn 0.14901 -0.169235 -0.974246
v -0.525052 -0.238131 -5.22242
vn -0.906026 0.34586 -0.243922
v -0.217297 -0.483918 -5.17087
vn -0.0484321 -0.124996 -0.990974
v -0.43913 -0.74012 -5.16514
vn 0.217054 -0.156231 -0.963576
v -0.007441 -0.487564 -5.1818
vn 0.0698982 0.0453473 -0.996523
v -0.132417 -0.271979 -5.1917
vn -0.0945977 -0.0553155 -0.993978
v 0.043591 -0.321449 -5.21669
vn -0.196173 -0.0105935 -0.980512
v -0.352688 -0.537033 -5.17503
vn 0.154733 -0.155236 -0.975684
v -0.292804 -0.320408 -5.18805
vn 0.0104491 -0.136021 -0.990651
v -0.031395 -0.521411 -5.17659
vn 0.634574 0.128707 -0.76207
v -0.491725 -0.591711 -5.19638
vn 0.279242 -0.154255 -0.94775
v -0.541715 -0.271979 -5.22554
vn 0.210738 -0.0554054 -0.975971
v -0.188657 -0.25115 -5.18805
vn 0.00627293 -0.07053 -0.99749
v -0.494849 -0.3152 -5.22606
vn 0.279095 -0.131301 -0.951245
v -0.534946 -0.114717 -5.25523
vn 0.472646 0.444035 -0.761209
v -0.665129 -0.161583 -5.31094
vn 0.894285 -0.0567079 -0.44389
v -0.407366 -0.363629 -5.20263
vn 0.409997 -0.0253395 -0.911735
v -0.592747 -0.072538 -5.28334
vn 0.780643 -0.00850547 -0.624919
v -0.165744 -0.686484 -5.13233
vn -0.449122 -0.679064 -0.580656
v -0.26156 -0.224592 -5.19117
vn -0.151765 -0.11207 -0.982043
v -0.42455 -0.132422 -5.22086
vn 0.292634 0.0785659 -0.952992
v -0.393306 -0.116279 -5.2068
vn 0.264909 -0.251515 -0.930894
v -0.597955 -0.504748 -5.22502
vn 0.127488 -0.0974944 -0.987037
v -0.066805 -0.528181 -5.18857
vn -0.0295034 0.245481 -0.968952
v -0.624512 -0.112634 -5.30209
vn 0.418784 -0.528104 -0.738733
v -0.053786 -0.57713 -5.21877
vn 0.278817 0.325705 -0.903425
v -0.676586 -0.162104 -5.32396
vn 0.650484 -0.0496805 -0.757893
v -0.24073 -0.24438 -5.18701
vn -0.0426045 -0.0997189 -0.994103
v -0.541195 -0.652637 -5.19117
vn 0.289925 -0.126418 -0.948663
v -0.225108 -0.393311 -5.17347
vn -0.0685171 -0.0888017 -0.99369
v -0.555775 -0.448508 -5.21669
vn -0.467381 0.286707 -0.836274
v -0.468812 -0.844267 -5.15889
vn 0.219045 -0.109174 -0.969588
v -0.313633 -0.306348 -5.19222
vn 0.016633 -0.16444 -0.986247
v -0.016293 -0.540158 -5.18076
vn 0.33915 0.237624 -0.910226
v -0.636489 -0.373002 -5.25158
vn 0.209454 -0.207711 -0.955502
v -0.227191 -0.448508 -5.16722
vn 0.160997 0.38054 -0.910642
v -0.370914 -0.29385 -5.19013
vn 0.49689 -0.840365 -0.216534
v -0.040247 -0.406329 -5.18388
vn -0.0655833 -0.103145 -0.992502
v -0.694811 -0.178247 -5.31146
vn -0.0238416 -0.991315 -0.129326
v -0.121482 -0.205325 -5.1818
vn 0.0821644 0.153082 -0.984792
v -0.312071 -0.557863 -5.16722
vn 0.210679 -0.149801 -0.966009
v -0.415177 -0.770844 -5.15889
vn 0.0188514 -0.154774 -0.98777
v -0.501619 -0.441739 -5.21513
vn 0.291473 -0.284252 -0.91337
v -0.536508 -0.05275 -5.26251
vn -0.144825 -0.0264183 -0.989104
v -0.354251 -0.516204 -5.1792
vn 0.206815 -0.183203 -0.961075
v -0.541715 -0.103261 -5.26772
vn 0.305995 0.195709 -0.9317
v -0.565148 -0.196473 -5.25991
vn 0.0884162 -0.361383 -0.928216
v -0.040247 -0.211574 -5.18388
vn -0.119921 0.444668 -0.887631
v -0.395909 -0.227717 -5.20836
vn 0.365445 0.0849535 -0.926948
v -0.494849 -0.214178 -5.22502
vn -0.19257 -0.691951 -0.695788
v -0.626595 -0.712 -5.20159
vn 0.123457 -0.357451 -0.925736
v -0.213652 -0.157938 -5.18649
vn -0.0565655 0.194483 -0.979274
v -0.626595 -0.091284 -5.32084
vn 0.877859 -0.0583543 -0.475351
v -0.232919 -0.695337 -5.11983
vn 0.347237 -0.350233 -0.869921
v -0.501619 -0.645867 -5.18388
vn 0.141479 -0.210994 -0.967195
v -0.393306 -0.326656 -5.20315
vn 0.0462506 0.021192 -0.998705
v -0.289159 -0.273541 -5.18909
vn 0.237719 -0.0595647 -0.969506
v -0.572959 -0.571923 -5.21461
vn 0.202581 -0.182211 -0.962164
v -0.380287 -0.277707 -5.20159
vn -0.0192872 -0.0441437 -0.998839
v -0.593789 -0.544844 -5.22242
vn 0.192403 -0.0716249 -0.978699
v -0.554213 -0.748452 -5.17764
vn 0.0814905 -0.372738 -0.924351
v -0.564628 -0.100657 -5.27501
vn 0.305363 0.169156 -0.937091
v -0.343315 -0.794277 -5.16826
vn -0.231385 0.273482 -0.933632
v -0.715641 -0.395914 -5.26564
vn 0.266426 -0.267531 -0.925983
v -0.431319 -0.830728 -5.15056
vn 0.135524 -0.079243 -0.9876
v -0.295407 -0.678673 -5.15056
vn 0.178805 -0.0211906 -0.983656
v -0.336025 -0.589107 -5.16618
vn 0.12813 -0.103168 -0.986377
v -0.443296 -0.319887 -5.21513
vn 0.137018 -0.331871 -0.933321
v -0.613577 -0.119404 -5.28282
vn 0.311468 -0.925179 -0.216868
v -0.378725 -0.448508 -5.18492
vn -0.450551 0.500083 -0.739541
v -0.484955 -0.720332 -5.17555
vn 0.134566 -0.134731 -0.981702
v -0.640655 -0.390707 -5.24845
vn 0.216194 -0.196123 -0.95645
v -0.182929 -0.457361 -5.17764
vn -0.0633896 -0.117398 -0.99106
v 0.010264 -0.403725 -5.19117
vn -0.498312 -0.604286 -0.621711
v -0.456315 -0.397997 -5.20836
vn 0.128249 -0.076177 -0.988812
v -0.302698 -0.401642 -5.1818
vn 0.0775548 -0.108165 -0.991103
v -0.11992 -0.320408 -5.18597
vn -0.0920241 -0.164388 -0.982094
v -0.360499 -0.119404 -5.19899
vn 0.478239 0.386641 -0.78854
v -0.451107 -0.091284 -5.23752
vn 0.577081 -0.197837 -0.792362
v -0.432882 -0.079307 -5.22867
vn 0.554937 -0.0177761 -0.831702
v -0.341232 -0.643263 -5.16045
vn 0.0333303 -0.124747 -0.991629
v -0.279785 -0.448508 -5.17764
vn 0.260861 -0.119195 -0.95799
v -0.642738 -0.134505 -5.32448
vn 0.836936 -0.394293 -0.379566
v -0.221984 -0.714604 -5.10213
vn 0.680522 -0.32588 -0.656271
v -0.031916 -0.315721 -5.20367
vn -0.220076 -0.239036 -0.945742
v -0.176159 -0.492771 -5.17555
vn -0.146995 -0.287325 -0.946487
v -0.021501 -0.231883 -5.19794
vn -0.320754 0.496314 -0.806715
v -0.483914 -0.328219 -5.21669
vn 0.137239 -0.554445 -0.820826
v -0.118878 -0.64066 -5.17816
vn -0.448257 -0.208547 -0.869237
v -0.378204 -0.18762 -5.21096
vn 0.0962565 -0.11556 -0.988626
v -0.342794 -0.356859 -5.19534
vn -0.039912 -0.216937 -0.975369
v -0.246979 -0.587024 -5.14118
vn 0.281887 -0.136325 -0.949713
v -0.555254 -0.811461 -5.17087
vn -0.0137658 -0.0669917 -0.997659
v -0.487038 -0.414661 -5.21044
vn 0.17925 0.503711 -0.845071
v -0.632844 -0.461006 -5.23804
vn 0.146236 -0.085172 -0.985576
v -0.519844 -0.015257 -5.26199
vn -0.0168848 0.0984123 -0.995002
v -0.132417 -0.220426 -5.18545
vn 0.0346902 0.124816 -0.991573
v -0.278744 -0.767719 -5.10734
vn 0.401626 -0.899042 0.174414
v -0.501619 -0.334467 -5.22658
vn 0.251442 0.189408 -0.949158
v -0.537549 -0.546927 -5.20992
vn 0.231305 -0.0444174 -0.971867
v -0.697936 -0.211574 -5.27658
vn -0.333564 -0.289969 -0.897025
v -0.553692 -0.572443 -5.20836
vn 0.211942 -0.179374 -0.96068
v -0.422988 -0.333426 -5.20888
vn -0.245603 -0.47992 -0.842233
v -0.153247 -0.482356 -5.18024
vn -0.116651 -0.0412522 -0.992316
v -0.444338 -0.273021 -5.2068
vn -0.360081 0.338596 -0.869307
v -0.510471 -0.50631 -5.20784
vn 0.169321 -0.236425 -0.956783
v -0.659922 -0.479232 -5.24116
vn -0.0581208 -0.0357958 -0.997668
v -0.484434 -0.349048 -5.19846
vn -0.0877472 0.0852207 -0.992491
v -0.502139 -0.171998 -5.23908
vn -0.0463018 -0.176613 -0.983191
v -0.157933 -0.628683 -5.16201
vn -0.402207 -0.290864 -0.868117
v -0.097528 -0.330302 -5.18492
vn -0.129785 -0.00142489 -0.991541
v -0.352168 -0.382896 -5.19794
vn 0.0617198 -0.07928 -0.99494
v -0.374039 -0.146482 -5.20836
vn 0.0820991 0.052491 -0.995241
v -0.007962 -0.437052 -5.16878
vn 0.507505 -0.212502 -0.835034
v 0.031614 -0.308431 -5.21721
vn -0.00616203 -0.280974 -0.959696
v -0.549006 -0.391748 -5.22867
vn 0.285817 -0.243254 -0.926896
v -0.293845 -0.644305 -5.1516
vn 0.192504 -0.138537 -0.971468
v -0.290721 -0.61983 -5.14066
vn 0.531082 -0.843145 -0.0840141
v -0.542757 -0.355297 -5.22867
vn 0.183239 -0.0445766 -0.982057
v 0.005057 -0.52766 -5.17868
vn -0.178889 0.195007 -0.96435
v -0.300094 -0.219385 -5.19794
vn 0.358873 0.0789107 -0.930045
v -0.656277 -0.696899 -5.21669
vn -0.066921 -0.889082 -0.45283
v -0.003275 -0.382375 -5.19951
vn -0.593568 -0.492975 -0.636123
v -0.173555 -0.319887 -5.17972
vn 0.0853231 -0.0332503 -0.995798
v -0.26208 -0.601084 -5.15524
vn 0.0620891 -0.172723 -0.983012
v -0.103777 -0.352693 -5.18284
vn -0.0834982 -0.0345832 -0.995908
v -0.308947 -0.24438 -5.19065
vn 0.0592793 -0.203343 -0.977311
v -0.517761 -0.070455 -5.25314
vn 0.165147 -0.125394 -0.978265
v -0.473499 -0.639098 -5.18388
vn 0.144948 -0.191541 -0.970723
v -0.673982 -0.408412 -5.2521
vn 0.25782 -0.205469 -0.944093
v -0.392264 -0.67607 -5.16566
vn 0.187826 -0.0208739 -0.98198
v -0.305822 -0.546927 -5.15212
vn 0.230228 0.248537 -0.940864
v -0.083989 -0.321449 -5.19274
vn -0.194176 -0.201674 -0.960012
v -0.284993 -0.481315 -5.17399
vn 0.142323 -0.131462 -0.981051
v 0.026407 -0.376647 -5.20732
vn -0.606476 -0.350761 -0.71355
v -0.475061 -0.31468 -5.2094
vn 0.75872 -0.415054 -0.50207
v -0.224588 -0.576089 -5.14743
vn -0.0350037 -0.36737 -0.929416
v -0.054828 -0.369357 -5.18649
vn -0.182269 -0.133587 -0.974132
v -0.606286 -0.317804 -5.25314
vn 0.149765 -0.275419 -0.949587
v -0.174076 -0.572443 -5.17243
vn -0.196843 -0.172601 -0.965123
v -0.4459 -0.552135 -5.1917
vn 0.150823 -0.109419 -0.982487
v -0.669295 -0.180851 -5.30053
vn 0.342727 -0.688056 -0.639622
v -0.706268 -0.263127 -5.27866
vn 0.247359 0.324715 -0.912893
v -0.217297 -0.506831 -5.16774
vn 0.039114 0.119799 -0.992027
v -0.537029 -0.225634 -5.24585
vn 0.0409772 -0.126676 -0.991097
v -0.50266 -0.895299 -5.15524
vn -0.0109028 -0.295963 -0.955137
v -0.65159 -0.698982 -5.20159
vn -0.435394 -0.61219 -0.660042
v -0.598996 -0.416223 -5.23544
vn -0.0421488 -0.151883 -0.987499
v -0.426112 -0.213136 -5.22398
vn 0.293336 -0.410454 -0.863413
v -0.521927 -0.302182 -5.237
vn 0.188718 -0.0198866 -0.98183
v -0.298011 -0.367795 -5.18545
vn 0.100542 -0.119287 -0.987756
v -0.432882 -0.479753 -5.19482
vn 0.18496 -0.0628921 -0.980732
v -0.142832 -0.355818 -5.18076
vn -0.0128482 -0.0124544 -0.99984
v -0.423508 -0.666696 -5.17139
vn -0.114445 -0.66966 -0.733797
v -0.372997 -0.735954 -5.15889
vn 0.0432226 -0.0445645 -0.998071
v -0.459439 -0.488084 -5.20107
vn 0.195326 -0.0573866 -0.979058
v -0.644821 -0.316762 -5.25627
vn -0.274596 -0.0530036 -0.960098
v -0.321965 -0.334988 -5.1917
vn 0.225388 -0.0494149 -0.973015
v -0.186053 -0.430803 -5.16982
vn -0.0456976 -0.191107 -0.980505
v -0.457356 -0.427679 -5.18857
vn -0.10066 -0.351901 -0.930609
v -0.652632 -0.671904 -5.21044
vn 0.243729 -0.025721 -0.969502
v -0.414656 -0.21574 -5.21409
vn 0.36192 -0.161008 -0.918199
v -0.51672 -0.635973 -5.18961
vn 0.145792 -0.321373 -0.935662
v -0.646383 -0.525057 -5.23648
vn 0.173806 0.0902028 -0.98064
v -0.204279 -0.313117 -5.18388
vn -0.00605984 0.0220668 -0.999738
v -0.436527 -0.583379 -5.18492
vn 0.115667 -0.229756 -0.96635
v -0.58077 -0.063685 -5.27553
vn 0.367527 -0.0904002 -0.925609
v -0.666692 -0.632328 -5.26772
vn 0.616015 -0.284995 -0.734373
v -0.167307 -0.508393 -5.17503
vn -0.378013 0.0268348 -0.925411
v -0.242813 -0.151169 -5.17972
vn -0.149561 0.328804 -0.93248
v -0.314675 -0.207408 -5.20107
vn 0.00351638 -0.0422596 -0.9991
v -0.242813 -0.191265 -5.19065
vn 0.00549444 0.0349698 -0.999373
v -0.360499 -0.101699 -5.18857
vn 0.529603 0.391436 -0.752529
v -0.033478 -0.365191 -5.19274
vn -0.457809 -0.340736 -0.821164
v -0.144915 -0.247505 -5.19117
vn -0.0323999 0.145322 -0.988854
v -0.667733 -0.679715 -5.22502
vn -0.666303 -0.417218 -0.618037
v -0.316237 -0.476628 -5.17816
vn 0.155063 -0.238473 -0.95869
v -0.579729 -0.674508 -5.19846
vn 0.259746 -0.236543 -0.936258
v -0.563065 -0.248546 -5.23127
vn 0.127515 0.00870344 -0.991798
v -0.359458 -0.432366 -5.19222
vn 0.137496 0.00334282 -0.990497
v -0.605245 -0.643784 -5.21409
vn 0.356428 -0.193309 -0.914106
v -0.201675 -0.621392 -5.15004
vn -0.164479 -0.328672 -0.930011
v -0.407886 -0.154814 -5.21669
vn 0.258902 0.0100661 -0.965851
v -0.198551 -0.401122 -5.17816
vn 0.0293859 -0.0303501 -0.999107
v -0.043892 -0.288643 -5.20523
vn -0.494974 -0.0734224 -0.8658
v -0.425591 -0.535471 -5.18961
vn 0.304108 -0.131717 -0.943488
v -0.566711 -0.509955 -5.21617
vn 0.123271 -0.070468 -0.989868
v -0.579729 -0.32197 -5.24741
vn 0.241537 -0.284984 -0.927601
v -0.460481 -0.452154 -5.20419
vn 0.614313 0.0997712 -0.782729
v -0.427674 -0.250629 -5.21252
vn -0.000133146 -0.146801 -0.989166
v -0.53807 -0.806253 -5.1693
vn 0.127323 -0.00563618 -0.991845
v -0.309467 -0.631286 -5.15785
vn 0.201765 -0.122041 -0.971801
v -0.581291 -0.413619 -5.23283
vn 0.2603 -0.117772 -0.958318
v -0.235523 -0.419347 -5.17868
vn -0.141376 -0.173879 -0.974566
v -0.597434 -0.24438 -5.24533
vn -0.628859 0.535332 -0.563876
v 0.030052 -0.408412 -5.19065
vn 0.640035 -0.54935 0.537186
v -0.501098 -0.133464 -5.25366
vn -0.0883404 -0.455602 -0.885789
v -0.571918 -0.267813 -5.2495
vn 0.159632 -0.123612 -0.979407
v -0.391223 -0.37873 -5.19794
vn 0.173717 -0.140789 -0.97468
v -0.194385 -0.583379 -5.16253
vn -0.252226 -0.220495 -0.942212
v -0.157413 -0.212095 -5.18545
vn -0.00116237 0.0390741 -0.999236
v -0.455794 -0.401122 -5.19065
vn 0.279982 0 -0.960005
v -0.275099 -0.353735 -5.18336
vn -0.0807737 0.0548827 -0.99522
v -0.512554 -0.930188 -5.14795
vn 0.18608 -0.371048 -0.909779
v -0.605766 -0.061082 -5.28647
vn 0.939737 0.341896 0.000927637
v -0.364665 -0.396956 -5.18909
vn 0.131105 -0.0196572 -0.991174
v -0.109505 -0.529743 -5.18805
vn -0.153266 0.155695 -0.975842
v -0.499015 -0.84635 -5.16201
vn 0.0718327 -0.147156 -0.986502
v -0.66565 -0.552135 -5.2495
vn 0.240076 0.359788 -0.901619
v -0.525572 -0.329781 -5.23075
vn 0.381456 -0.238002 -0.893223
v -0.515158 -0.266772 -5.23492
vn 0.0758748 0.0456166 -0.996073
v -0.613577 -0.394873 -5.24116
vn 0.201955 -0.334076 -0.920656
v -0.284993 -0.129298 -5.17399
vn 0.608119 0.41257 -0.678216
v -0.639093 -0.624517 -5.23596
vn 0.815786 -0.294288 -0.497882
v -0.34644 -0.681798 -5.16045
vn 0.0989721 -0.0653111 -0.992945
v -0.458918 -0.543282 -5.19586
vn 0.160912 -0.134203 -0.977802
v -0.356334 -0.261044 -5.19846
vn -0.610733 -0.148681 -0.777753
v -0.456835 -0.460485 -5.19065
vn 0.974313 0.0932437 -0.204988
v -0.520886 -0.059519 -5.26304
vn 0.100355 -0.483679 -0.869473
v -0.129814 -0.389145 -5.18232
vn 0.0293957 0.0694179 -0.997154
v -0.370914 -0.835415 -5.1542
vn -0.212019 -0.382264 -0.899401
v -0.258435 -0.409974 -5.17868
vn 0.0773559 -0.160519 -0.983997
v -0.437047 -0.707835 -5.17035
vn 0.177917 -0.114208 -0.977396
v -0.663046 -0.254274 -5.27397
vn 0.0227151 -0.0582533 -0.998043
v -0.335504 -0.767198 -5.15993
vn 0.170961 0.257025 -0.951163
v -0.100653 -0.507352 -5.18701
vn -0.0451136 0.0528644 -0.997582
v -0.208965 -0.374564 -5.17503
vn 0.107032 0.00659611 -0.994234
v -0.718244 -0.518287 -5.24429
vn 0.1062 -0.0269606 -0.993979
v -0.272495 -0.181371 -5.18909
vn 0.486522 0.0869485 -0.869331
v -0.148039 -0.460485 -5.1792
vn -0.0705841 0.00615718 -0.997487
v -0.074095 -0.24386 -5.1943
vn -0.126695 0.274779 -0.953124
v -0.363103 -0.792714 -5.16097
vn -0.256427 0.083712 -0.962932
v -0.388098 -0.395393 -5.19586
vn 0.113872 0.0208064 -0.993278
v -0.510992 -0.574006 -5.20003
vn 0.0560668 -0.0804152 -0.995183
v -0.717724 -0.349048 -5.28334
vn -0.354227 -0.920136 -0.166952
v -0.668254 -0.424034 -5.24898
vn 0.231596 -0.162715 -0.959108
v -0.288117 -0.162625 -5.20419
vn 0.539355 0.115524 -0.834117
v 0.001411 -0.417264 -5.18492
vn 0.104059 -0.501193 -0.859056
v -0.523489 -0.871345 -5.15785
vn 0.110718 -0.113702 -0.987326
v -0.504743 -0.773447 -5.17035
vn 0.0628461 -0.165631 -0.984183
v -0.553692 -0.206367 -5.23804
vn 0.0196937 -0.390113 -0.920556
v -0.363103 -0.749493 -5.15733
vn -0.0317329 0.0204988 -0.999286
v -0.726055 -0.473504 -5.25002
vn 0.188702 -0.187917 -0.963887
v -0.038685 -0.391228 -5.18492
vn 0.0167179 -0.181801 -0.983193
v -0.456835 -0.188662 -5.23283
vn 0.285293 -0.0753044 -0.955478
v -0.324048 -0.753138 -5.15316
vn 0.301154 0.253588 -0.919238
v -0.736991 -0.3855 -5.27397
vn 0.198656 -0.322426 -0.925515
v -0.201154 -0.595356 -5.15681
vn -0.229134 -0.222025 -0.947735
v -0.003275 -0.362066 -5.20575
vn -0.379524 -0.198277 -0.903686
v -0.412052 -0.718249 -5.15472
vn -0.0889639 -0.822717 -0.561446
v -0.221984 -0.529222 -5.16618
vn -0.143255 -0.114504 -0.98304
v -0.659922 -0.436011 -5.24429
vn 0.212816 -0.183928 -0.959625
v -0.671378 -0.638577 -5.24689
vn 0.967113 -0.240978 -0.0813745
v -0.395909 -0.268855 -5.20471
vn 0.127665 -0.134815 -0.982612
v -0.137104 -0.571923 -5.18076
vn -0.30606 -0.0240995 -0.951707
v -0.116795 -0.234486 -5.18805
vn -0.0643286 0.225283 -0.972167
v -0.542236 -0.177726 -5.25627
vn 0.298981 -0.156937 -0.941266
v -0.392264 -0.453195 -5.19117
vn 0.122278 -0.115913 -0.985704
v -0.145436 -0.303744 -5.18388
vn -0.0374452 -0.192406 -0.980601
v -0.467771 -0.376126 -5.21096
vn 0.329996 -0.105945 -0.938018
v -0.669816 -0.615144 -5.25418
vn 0.798628 0.324429 0.506891
v -0.09909 -0.205325 -5.1818
vn 0.0180068 0.227698 -0.973565
v -0.267288 -0.295412 -5.18701
vn 0.0677085 -0.108825 -0.991752
v -0.485997 -0.770323 -5.16982
vn 0.164653 -0.0897977 -0.982255
v -0.523489 -0.35009 -5.20627
vn -0.126506 -0.0790701 -0.988809
v -0.140749 -0.522974 -5.18076
vn -0.24666 -0.00576302 -0.969085
v -0.490162 -0.890092 -5.15108
vn 0.0113514 -0.0707834 -0.997427
v -0.330297 -0.497978 -5.17816
vn 0.13039 -0.172519 -0.976338
v -0.237606 -0.325094 -5.18232
vn 0.0495559 -0.146061 -0.988034
v -0.513596 -0.69065 -5.18232
vn 0.131217 -0.0883908 -0.987405
v -0.043892 -0.457361 -5.1818
vn 0.134192 -0.081772 -0.987576
v -0.579729 -0.625038 -5.20575
vn 0.284709 -0.223276 -0.932249
v -0.598996 -0.607333 -5.21565
vn 0.440116 -0.158582 -0.883827
v -0.318841 -0.389145 -5.18597
vn 0.155945 0.000422849 -0.987766
v -0.289159 -0.211053 -5.1943
vn 0.061548 0.011759 -0.998035
v -0.177201 -0.333426 -5.18232
vn 0.00330783 -0.01232 -0.999919
v -0.252707 -0.334988 -5.17972
vn 0.210873 0.421771 -0.88184
v -0.572439 -0.28656 -5.24845
vn 0.224464 -0.0752765 -0.971571
v -0.669295 -0.537554 -5.24169
vn 0.136666 0.336351 -0.931767
v 0.019637 -0.318845 -5.21721
vn -0.144852 -0.268801 -0.952242
v -0.576604 -0.65524 -5.20627
vn 0.239407 -0.0634509 -0.968844
v 0.038904 -0.364149 -5.21981
vn -0.334316 -0.0495424 -0.941158
v -0.650549 -0.462048 -5.24012
vn 0.0813818 0.0188228 -0.996505
v -0.051703 -0.486001 -5.1844
vn 0.0445376 0.159834 -0.986139
v -0.294887 -0.417785 -5.18024
vn 0.123725 -0.0606781 -0.99046
v -0.408928 -0.290205 -5.21305
vn 0.172309 -0.00433122 -0.985034
v -0.062118 -0.405287 -5.1818
vn -0.101343 -0.0993532 -0.989878
v -0.50995 -0.75418 -5.17555
vn 0.0877566 -0.137565 -0.986598
v -0.227191 -0.26521 -5.18961
vn 0.00658795 -0.0325379 -0.999449
v -0.350085 -0.721374 -5.15628
vn 0.111928 -0.0228194 -0.993454
v -0.478706 -0.278228 -5.22502
vn 0.221444 -0.0535263 -0.973703
v -0.105339 -0.290726 -5.19482
vn -0.112924 -0.0218389 -0.993364
v -0.527655 -0.537033 -5.20523
vn 0.244972 -0.0443047 -0.968517
v -0.647424 -0.15898 -5.30469
vn 0.668717 -0.508716 -0.542241
v -0.517761 -0.606291 -5.19899
vn 0.136632 -0.21162 -0.967754
v -0.635448 -0.193869 -5.27918
vn -0.287221 -0.622592 -0.72793
v -0.560462 -0.694816 -5.18076
vn 0.373636 0.597235 -0.709723
v -0.650549 -0.195431 -5.28439
vn 0.257526 -0.411413 -0.874311
v -0.238647 -0.280832 -5.1844
vn -0.251242 0.0127571 -0.96784
v -0.267288 -0.638577 -5.14952
vn 0.256159 -0.349544 -0.901222
v -0.541195 -0.407891 -5.21877
vn 0.247327 -0.129133 -0.960289
v -0.536508 -0.707314 -5.18388
vn 0.23961 0.0513715 -0.969509
v 0.010785 -0.391748 -5.1818
vn -0.910673 0.0864549 -0.403981
v -0.493808 -0.1595 -5.23492
vn 0.0192555 0.324806 -0.945585
v -0.657318 -0.283435 -5.27033
vn 0.221037 -0.0138075 -0.975168
v -0.411531 -0.514121 -5.19013
vn 0.176078 0.0161546 -0.984244
v -0.091279 -0.617747 -5.20315
vn -0.699821 -0.0906261 -0.708546
v -0.537029 -0.788028 -5.16826
vn 0.0908386 -0.143436 -0.985482
v -0.632844 -0.509434 -5.23648
vn 0.248669 -0.0206262 -0.968369
v -0.345398 -0.462568 -5.18388
vn 0.108167 -0.100832 -0.989006
v -0.711475 -0.33655 -5.2948
vn 0.565364 -0.240818 -0.788905
v -0.265205 -0.207929 -5.19117
vn 0.100958 0.0220443 -0.994646
v -0.541715 -0.679194 -5.18805
vn 0.210379 -0.147774 -0.966387
v -0.288638 -0.163666 -5.17295
vn 0.35139 0.604722 -0.714729
v -0.2475 -0.739599 -5.11254
vn 0.555594 0.0299477 -0.830914
v -0.070971 -0.498499 -5.18649
vn 0.0489467 -0.0123347 -0.998725
v -0.195426 -0.238652 -5.18857
vn 0.0632661 0.0844398 -0.994418
v -0.157933 -0.671383 -5.14431
vn -0.374882 -0.42661 -0.823084
v -0.055869 -0.519849 -5.18753
vn 0.028037 0.137684 -0.990079
v -0.669816 -0.606291 -5.27501
vn 0.52027 0.236927 -0.820479
v -0.17668 -0.558904 -5.17243
vn -0.242999 -0.0713305 -0.9674
v -0.39643 -0.252191 -5.20575
vn 0.418452 0.396509 -0.817116
v -0.471937 -0.224592 -5.22815
vn 0.228681 -0.254291 -0.939702
v -0.669295 -0.648471 -5.25939
vn 0.991513 0.0721166 0.10817
v -0.566711 -0.533388 -5.21513
vn 0.491397 0.101824 -0.864963
v -0.446421 -0.804171 -5.15628
vn 0.031515 -0.203858 -0.978493
v 0.00714 -0.309472 -5.21148
vn -0.544957 -0.195994 -0.815235
v -0.090759 -0.582858 -5.20575
vn -0.558035 0.206363 -0.803748
v -0.196468 -0.458402 -5.17555
vn -0.160561 -0.277273 -0.94728
v -0.54484 -0.278228 -5.24325
vn 0.262873 -0.159801 -0.951505
v -0.291762 -0.703148 -5.14274
vn 0.231899 -0.271888 -0.93397
v -0.001192 -0.261044 -5.22242
vn -0.523295 -0.0503581 -0.850662
v -0.519844 -0.808857 -5.16878
vn 0.0854333 -0.121665 -0.988888
v -0.70835 -0.285518 -5.28699
vn 0.408195 0.164628 -0.897928
v -0.168348 -0.220947 -5.18753
vn 0.0195479 0.115367 -0.993131
v -0.02098 -0.260002 -5.21096
vn -0.372783 0.291764 -0.880855
v -0.540674 -0.147003 -5.26408
vn 0.432963 -0.108654 -0.894839
v -0.420905 -0.288643 -5.20627
vn -0.210062 0.0319934 -0.977165
v -0.26208 -0.424034 -5.16878
vn 0.281837 -0.039923 -0.958631
v -0.421946 -0.100137 -5.21825
vn 0.435913 0.043796 -0.898922
v -0.540153 -0.256878 -5.22606
vn -0.157398 -0.281134 -0.946673
v 0.018075 -0.443301 -5.16618
vn 0.546777 0.17614 -0.818541
v -0.606286 -0.557342 -5.22554
vn 0.321941 -0.0355136 -0.946093
v -0.395909 -0.178768 -5.21305
vn 0.197817 0.00310855 -0.980234
v -0.722931 -0.318325 -5.30626
vn 0.486986 0.0130965 -0.873312
v -0.409969 -0.687526 -5.16774
vn 0.146092 -0.0691348 -0.986852
v -0.313113 -0.277707 -5.19586
vn 0.0400495 0.0380623 -0.998472
v -0.057952 -0.290726 -5.20159
vn -0.300352 -0.0885732 -0.949707
v -0.482872 -0.264689 -5.22762
vn 0.185564 -0.105424 -0.97696
v -0.638572 -0.614623 -5.22502
vn 0.81118 -0.402153 -0.424571
v -0.340191 -0.607333 -5.16722
vn 0.131237 -0.0815373 -0.987992
v -0.114192 -0.44278 -5.1818
vn -0.157748 -0.00287306 -0.987475
v -0.564107 -0.455278 -5.22502
vn 0.0828678 0.0340568 -0.995978
v -0.313113 -0.515163 -5.17191
vn 0.1529 -0.0142201 -0.988139
v -0.58077 -0.5839 -5.21409
vn 0.2709 -0.0398997 -0.96178
v -0.273016 -0.476107 -5.17035
vn 0.116636 -0.0706409 -0.990659
v -0.534946 -0.836977 -5.1667
vn 0.12637 -0.20416 -0.970747
v -0.550047 -0.332385 -5.23544
vn 0.0440874 -0.556915 -0.829398
v -0.23344 -0.707835 -5.09067
vn 0.552527 -0.533339 -0.640519
v -0.489121 -0.524536 -5.20055
vn 0.169481 -0.0601863 -0.983694
v -0.341232 -0.227196 -5.19742
vn 0.0624683 0.0892224 -0.994051
v -0.186574 -0.220426 -5.18649
vn 0.0327641 0.110844 -0.993298
v -0.007962 -0.282915 -5.21513
vn -0.265882 -0.430148 -0.862716
v -0.241772 -0.346965 -5.18388
vn 0.156716 0.0564168 -0.986031
v -0.661484 -0.144399 -5.3198
vn 0.462977 -0.867946 -0.179786
v -0.231357 -0.361546 -5.18284
vn 0.21365 -0.0335839 -0.976333
v -0.702102 -0.539637 -5.24741
vn -0.00301969 0.221047 -0.975258
v -0.4459 -0.161063 -5.2271
vn 0.398621 0.251102 -0.882071
v -0.086593 -0.251671 -5.19482
vn -0.0948116 0.180082 -0.979072
v -0.324048 -0.177726 -5.19846
vn 0.0740616 -0.0839492 -0.993714
v -0.369873 -0.804171 -5.15889
vn -0.257043 -0.0197783 -0.966198
v -0.050141 -0.44226 -5.17972
vn -0.0584032 0.0701514 -0.995825
v -0.458918 -0.715646 -5.17347
vn 0.131772 -0.0799553 -0.98805
v -0.540674 -0.24438 -5.23544
vn -0.452004 -0.637954 -0.623463
v -0.227191 -0.465693 -5.16253
vn -0.144507 -0.563012 -0.813717
v -0.242813 -0.495895 -5.15889
vn 0.0227133 -0.803295 -0.595149
v -0.362582 -0.314159 -5.19899
vn 0.141182 -0.0619524 -0.988043
v -0.088155 -0.531305 -5.18961
vn -0.032642 0.215135 -0.976039
v -0.286034 -0.309993 -5.19326
vn 0.262241 -0.0927733 -0.960532
v -0.351647 -0.189703 -5.20523
vn 0.218261 -0.239502 -0.946045
v -0.602121 -0.191265 -5.27397
vn 0.268245 -0.389314 -0.88118
v -0.274578 -0.717728 -5.13389
vn 0.424662 -0.165762 -0.890048
v -0.494328 -0.057436 -5.25575
vn 0.144587 -0.530256 -0.835418
v -0.01369 -0.402163 -5.17972
vn 0.0698787 -0.109232 -0.991557
v -0.733346 -0.455278 -5.25627
vn 0.133399 -0.283455 -0.949662
v -0.706788 -0.310514 -5.29063
vn 0.585255 0.161316 -0.794641
v -0.653673 -0.621392 -5.237
vn -0.306562 0.234122 -0.922609
v -0.489642 -0.687526 -5.17816
vn 0.133729 -0.0684382 -0.988652
v -0.525052 -0.454757 -5.21617
vn 0.125843 -0.205192 -0.970598
v -0.24073 -0.731268 -5.08026
vn 0.494236 -0.648039 0.579462
v -0.610452 -0.071496 -5.30209
vn 0.863369 -0.403377 -0.303118
v -0.252707 -0.611499 -5.15212
vn 0.0487667 -0.185698 -0.981396
v -0.485476 -0.797401 -5.16722
vn 0.15966 -0.340561 -0.926567
v -0.480268 -0.061082 -5.25054
vn -0.176154 -0.418986 -0.890742
v -0.564107 -0.431324 -5.22658
vn 0.143874 -0.0788205 -0.986452
v -0.680751 -0.426117 -5.25314
vn 0.269588 -0.1773 -0.946513
v -0.142832 -0.445905 -5.17868
vn -0.0718609 0.0538193 -0.995962
v 0.027969 -0.419347 -5.16097
vn 0.430771 -0.125767 -0.893655
v -0.189698 -0.680236 -5.12087
vn -0.179222 -0.611102 -0.770995
v -0.67242 -0.226675 -5.27553
vn 0.132032 -0.286567 -0.948919
v -0.239689 -0.475066 -5.16982
vn 0.0763833 0.0991495 -0.992137
v -0.376121 -0.491729 -5.18701
vn -0.0819734 0.078475 -0.99354
v -0.607328 -0.252712 -5.24221
vn -0.81954 -0.146461 -0.553988
v -0.443296 -0.653157 -5.17711
vn 0.132146 -0.0136975 -0.991136
v -0.603683 -0.201159 -5.25627
vn 0 -0.995491 0.0948606
v -0.36831 -0.5839 -5.17035
vn 0.154863 -0.164465 -0.97415
v -0.27614 -0.61254 -5.1542
vn 0.356394 -0.68951 -0.630523
v -0.456835 -0.070455 -5.23544
vn 0.67691 -0.150441 -0.720528
v -0.471937 -0.114197 -5.24221
vn 0.272161 0.0678976 -0.959853
v -0.413614 -0.60525 -5.17711
vn 0.39325 -0.311535 -0.865044
v -0.286034 -0.659406 -5.14899
vn 0.248723 -0.0878534 -0.964582
v 0.014951 -0.284477 -5.2245
vn 0.45775 0.602856 -0.653474
v -0.259998 -0.450591 -5.17399
vn 0.0186609 -0.103265 -0.994479
v -0.588061 -0.263647 -5.2495
vn -0.174163 -0.198331 -0.964537
v -0.700019 -0.49902 -5.24325
vn 0.127964 -0.0478794 -0.990622
v -0.528697 -0.355297 -5.22658
vn 0.148339 -0.104772 -0.983371
v -0.618263 -0.101699 -5.2922
vn 0.498019 -0.720804 0.482097
v -0.579729 -0.518287 -5.22554
vn 0.285358 0.0304736 -0.957936
v -0.542757 -0.500061 -5.212
vn 0.137428 -0.116323 -0.983658
v -0.684397 -0.189182 -5.30053
vn 0.165117 -0.714354 -0.680025
v -0.536508 -0.292288 -5.23856
vn 0.208618 -0.0541114 -0.976499
v -0.469333 -0.156376 -5.2396
vn 0.324764 -0.269751 -0.906511
v -0.641696 -0.192307 -5.26772
vn -0.774327 -0.526864 -0.350474
v -0.70835 -0.422472 -5.25835
vn 0.270268 -0.198895 -0.942017
v -0.487559 -0.451633 -5.21044
vn 0.141433 -0.100829 -0.9848
v -0.570356 -0.754701 -5.17816
vn 0.0673073 -0.260633 -0.963089
v -0.48131 -0.649512 -5.18232
vn 0.0680312 -0.161171 -0.984579
v -0.682314 -0.257399 -5.27345
vn 0.0137418 0.0202771 -0.9997
v -0.609411 -0.147003 -5.27658
vn -0.250109 -0.393817 -0.884508
v -0.07774 -0.196993 -5.17868
vn 0.0828739 0.364028 -0.927694
v -0.181367 -0.310514 -5.1844
vn 0.0559651 -0.0643433 -0.996357
v -0.635968 -0.161583 -5.28178
vn 0.409737 -0.179508 -0.894367
v -0.579208 -0.783341 -5.1693
vn -0.253667 -0.274859 -0.927419
v -0.165224 -0.157418 -5.18492
vn 0.130736 0.174892 -0.975869
v -0.327172 -0.521411 -5.17295
vn 0.203586 -0.105379 -0.973369
v -0.276661 -0.593794 -5.15681
vn 0.112125 -0.124385 -0.985878
v -0.033478 -0.346965 -5.19534
vn -0.350267 -0.225538 -0.909091
v -0.609411 -0.086598 -5.30261
vn 0.855544 -0.26035 -0.447506
v -0.490162 -0.332385 -5.20471
vn -0.868111 -0.0973582 -0.486729
v -0.025146 -0.332905 -5.20159
vn -0.29708 -0.152149 -0.942653
v -0.230836 -0.589107 -5.15472
vn -0.20672 -0.294873 -0.932908
v -0.281868 -0.508914 -5.1693
vn -0.00802416 -0.0941998 -0.995521
v -0.427154 -0.170957 -5.22034
vn 0.433475 -0.00358655 -0.901159
v -0.449545 -0.379251 -5.19222
vn -0.167353 0.376302 -0.911257
v 0.00037 -0.324053 -5.20732
vn -0.372035 0.0621713 -0.926134
v -0.516199 -0.882281 -5.15733
vn 0.0579443 -0.122704 -0.99075
v -0.413094 -0.412057 -5.20107
vn 0.215229 -0.0776049 -0.973475
v -0.263643 -0.545365 -5.16097
vn -0.0098036 -0.0709516 -0.997432
v -0.647424 -0.553697 -5.24169
vn 0.412519 0.199692 -0.888792
v -0.293845 -0.347486 -5.18701
vn 0.387385 -0.202742 -0.899349
v -0.50266 -0.483918 -5.21565
vn 0.0274758 -0.166084 -0.985729
v -0.57348 -0.192828 -5.24585
vn -0.094343 -0.975839 0.197074
v -0.467771 -0.091284 -5.23908
vn 0.201523 -0.195998 -0.959673
v -0.355813 -0.282394 -5.20367
vn 0.101475 -0.122227 -0.987301
v -0.632844 -0.319366 -5.23492
vn -0.207098 -0.948458 -0.23987
v -0.61618 -0.437573 -5.23596
vn 0.245165 0.0348944 -0.968853
v -0.209486 -0.453716 -5.17451
vn -0.480481 -0.167434 -0.860874
v -0.638572 -0.643263 -5.22867
vn 0.465374 -0.36523 -0.806247
v -0.397992 -0.296454 -5.20055
vn 0.109403 -0.186088 -0.976423
v -0.195426 -0.343841 -5.18076
vn 0.206809 -0.0617305 -0.976432
v -0.465167 -0.342799 -5.19951
vn 0.120009 0.334875 -0.934589
v -0.232919 -0.497458 -5.16826
vn 0.0407806 0.0504205 -0.997895
v -0.562545 -0.644826 -5.20055
vn 0.210345 -0.0342707 -0.977026
v -0.39643 -0.33603 -5.19482
vn 0.221459 -0.522835 -0.823164
v -0.549006 -0.375085 -5.22971
vn 0.224145 -0.0625452 -0.972547
v -0.426112 -0.794797 -5.15889
vn 0.127936 -0.150366 -0.980318
v -0.476103 -0.737516 -5.17035
vn 0.102321 -0.0814252 -0.991413
v -0.249062 -0.509955 -5.15681
vn -0.124905 0.0015776 -0.992167
v -0.549526 -0.706272 -5.18753
vn 0.25963 0.593481 -0.761822
v -0.547964 -0.079307 -5.26564
vn 0.226962 0.190409 -0.955109
v -0.416218 -0.322491 -5.20836
vn 0.503046 0.142855 -0.852372
v -0.730742 -0.329781 -5.29376
vn 0.292497 0.307656 -0.905424
v -0.541715 -0.638577 -5.1943
vn 0.345189 -0.186909 -0.919733
v -0.635968 -0.111072 -5.31303
vn 0.845653 -0.340074 -0.411365
v -0.204279 -0.535471 -5.16826
vn -0.165834 -0.0902888 -0.982012
v -0.390181 -0.572443 -5.17659
vn 0.287619 -0.215253 -0.933242
v -0.380808 -0.156897 -5.21148
vn 0.23405 0.0897418 -0.968074
v -0.468812 -0.623475 -5.18597
vn 0.168711 -0.156254 -0.973202
v -0.58077 -0.471942 -5.22762
vn 0.182085 -0.152079 -0.971451
v -0.201154 -0.326136 -5.18388
vn 0.0633477 -0.0885761 -0.994053
v -0.425071 -0.376647 -5.20367
vn -0.0155442 -0.0669689 -0.997634
v -0.116275 -0.182934 -5.18076
vn 0.0636067 0.050797 -0.996681
v -0.648466 -0.161583 -5.28439
vn 0.49996 -0.627839 -0.596538
v -0.508388 -0.308431 -5.21773
vn 0.402051 0.0753726 -0.91251
v -0.438089 -0.356859 -5.2094
vn 0.0286996 -0.0550116 -0.998073
v -0.572959 -0.490688 -5.22086
vn 0.267953 -0.172542 -0.947856
v -0.716682 -0.432886 -5.25731
vn 0.294896 -0.260616 -0.919302
v -0.576084 -0.151689 -5.27501
vn -0.0284157 0.117892 -0.99262
v -0.012128 -0.236569 -5.20523
vn -0.237316 0.513155 -0.824835
v -0.164703 -0.271459 -5.18909
vn -0.0654771 -0.080937 -0.994566
v -0.051183 -0.25115 -5.19951
vn -0.201202 0.239449 -0.949833
v -0.235523 -0.61931 -5.14743
vn 0.073488 -0.27778 -0.95783
v -0.27562 -0.549531 -5.14952
vn -0.692487 0.458051 -0.557361
v -0.334983 -0.276145 -5.19794
vn 0.218167 -0.0964446 -0.971134
v -0.72189 -0.537033 -5.24377
vn 0.0707925 0.0260104 -0.997152
v -0.051183 -0.217302 -5.18701
vn -0.0440219 0.48463 -0.873611
v -0.640655 -0.259482 -5.27033
vn 0.2186 -0.145389 -0.964923
v -0.000671 -0.424555 -5.17347
vn 0.331064 -0.424359 -0.842803
v -0.225629 -0.608374 -5.15056
vn -0.0487781 -0.23243 -0.971389
v -0.235523 -0.300099 -5.18753
vn 0.0456019 -0.533528 -0.844552
v -0.472457 -0.540158 -5.19794
vn 0.101161 -0.0960772 -0.99022
v -0.400596 -0.165229 -5.21409
vn 0.185889 -0.0400115 -0.981756
v -0.536508 -0.189182 -5.24116
vn 0.488135 -0.557233 -0.671726
v -0.595351 -0.138671 -5.27501
vn 0.966661 0.254898 -0.0243683
v -0.596913 -0.672945 -5.20263
vn 0.217725 -0.264219 -0.939566
v -0.477665 -0.296454 -5.22554
vn 0.616699 -0.0488401 -0.785682
v -0.563065 -0.628162 -5.20107
vn 0.218512 -0.174631 -0.960082
v -0.486517 -0.383937 -5.21565
vn 0.263637 -0.0606441 -0.962714
v -0.29749 -0.75418 -5.14327
vn 0.428298 0.140188 -0.892697
v -0.647424 -0.147003 -5.29949
vn 0.772953 0.357676 -0.524034
v -0.29697 -0.18762 -5.19013
vn 0.492552 0.321008 -0.808917
v -0.100132 -0.461527 -5.18284
vn -0.0887854 0.048629 -0.994863
v -0.531821 -0.214178 -5.24741
vn -0.40554 0.219924 -0.887227
v -0.062118 -0.379251 -5.18336
vn -0.262001 -0.114214 -0.958285
v -0.722931 -0.367795 -5.2823
vn 0.340549 -0.636167 -0.692328
v -0.385495 -0.295412 -5.19899
vn -0.119384 -0.509504 -0.852146
v 0.002453 -0.346444 -5.20523
vn -0.317479 -0.0140496 -0.948161
v -0.315716 -0.262085 -5.19117
vn -0.00273149 0.0349116 -0.999387
v -0.358937 -0.244901 -5.19951
vn 0.0292826 0.0473241 -0.99845
v -0.306864 -0.800525 -5.1792
vn -0.105309 0.553954 -0.82586
v -0.444858 -0.496937 -5.19794
vn 0.196458 -0.0457822 -0.979443
v -0.132938 -0.592752 -5.18232
vn -0.402842 -0.087532 -0.911074
v -0.501098 -0.519328 -5.20367
vn 0.195965 -0.151307 -0.968867
v -0.182929 -0.475587 -5.17347
vn -0.187778 -0.0859204 -0.978446
v -0.517761 -0.495375 -5.19951
vn -0.490217 -0.815267 -0.308266
v -0.294887 -0.496416 -5.17035
vn 0.0518829 -0.244059 -0.968372
v -0.216256 -0.38602 -5.17868
vn -0.0938899 -0.00683945 -0.995559
v -0.472978 -0.773968 -5.16982
vn 0.226836 -0.261319 -0.938221
v -0.314675 -0.745848 -5.14899
vn 0.360912 0.0581691 -0.930784
v -0.242293 -0.668779 -5.13441
vn 0.24143 -0.367097 -0.898305
v -0.115233 -0.558384 -5.18805
vn -0.376695 0.0315342 -0.9258
v -0.603683 -0.151689 -5.28699
vn 0.117855 -0.193891 -0.973918
v -0.521927 -0.500061 -5.21148
vn 0.163033 -0.114039 -0.980008
v -0.434965 -0.607853 -5.17607
vn 0.188496 -0.903486 -0.384946
v -0.378725 -0.378209 -5.1969
vn 0.230607 -0.0878512 -0.969073
v -0.583374 -0.243339 -5.25679
vn 0.177954 -0.235827 -0.955363
v -0.514116 -0.333426 -5.22606
vn 0.14111 0.073847 -0.987236
v -0.61618 -0.585462 -5.23179
vn 0.478352 -0.133444 -0.86797
v -0.442776 -0.784383 -5.16097
vn 0.107717 -0.137549 -0.98462
v -0.392785 -0.794277 -5.15681
vn -0.0637072 -0.0808192 -0.994691
v -0.705747 -0.514642 -5.24481
vn -0.00411392 0.079859 -0.996798
v -0.256873 -0.45684 -5.16357
vn -0.13957 -0.867017 -0.478332
v -0.525572 -0.083473 -5.2547
vn 0.0929645 0.231528 -0.968376
v -0.121482 -0.37873 -5.18076
vn 0.0230295 -0.0129544 -0.999651
v -0.49537 -0.262085 -5.22919
vn 0.216627 -0.0971785 -0.971406
v -0.476623 -0.753659 -5.1693
vn -0.210662 -0.0795822 -0.974314
v -0.629719 -0.148044 -5.28074
vn 0.318493 -0.298501 -0.8997
v -0.574001 -0.597959 -5.20888
vn 0.486003 -0.027333 -0.87353
v -0.472978 -0.191265 -5.22867
vn 0.345636 0.0292414 -0.937913
v -0.513596 -0.233445 -5.22398
vn 0.66019 0.19646 -0.72495
v -0.681272 -0.357901 -5.27137
vn 0.318724 -0.25298 -0.913464
v -0.133459 -0.671904 -5.15837
vn -0.297826 0.0921564 -0.950162
v -0.355813 -0.551614 -5.17555
vn 0.115568 -0.254772 -0.96007
v -0.029833 -0.567757 -5.20523
vn 0.444463 0.471337 -0.76177
v -0.650028 -0.176164 -5.29376
vn 0.453208 -0.533384 -0.714216
v -0.14127 -0.540158 -5.18076
vn -0.247667 -0.0046378 -0.968834
v -0.568793 -0.061602 -5.26564
vn -0.361018 0.217997 -0.906721
v -0.66565 -0.387582 -5.25731
vn 0.274445 -0.317342 -0.90773
v -0.550047 -0.774489 -5.17451
vn 0.0897819 -0.154682 -0.983876
v -0.428195 -0.606291 -5.18649
vn 0.167262 -0.176157 -0.970048
v -0.113671 -0.516204 -5.18545
vn -0.141653 0.0641415 -0.987836
v -0.433402 -0.567236 -5.18909
vn 0.0269034 -0.128087 -0.991398
v -0.479748 -0.507872 -5.20055
vn 0.143152 -0.164179 -0.975988
v -0.48808 -0.473504 -5.20992
vn 0.319137 -0.318511 -0.892582
v -0.575042 -0.135026 -5.27762
vn 0.215945 -0.156039 -0.963857
v -0.470374 -0.380813 -5.1943
vn 0.854465 0.0152434 -0.519285
v -0.349564 -0.438614 -5.18805
vn 0.261884 -0.12373 -0.957135
v -0.543798 -0.3855 -5.21929
vn 0.328337 -0.621061 -0.711673
v -0.463084 -0.320928 -5.20263
vn 0.209998 -0.129127 -0.969137
v -0.268329 -0.253233 -5.18805
vn 0.104968 -0.15666 -0.982059
v -0.149602 -0.32197 -5.18232
vn 0.000166021 -0.0168721 -0.999858
v -0.067846 -0.486522 -5.18597
vn 0.0334862 0.0781672 -0.996378
v -0.54484 -0.200118 -5.2547
vn -0.18949 -0.615045 -0.765384
v -0.38237 -0.360504 -5.18753
vn -0.498189 0.329245 -0.802126
v -0.025667 -0.445905 -5.17972
vn 0.138312 0.06025 -0.988554
v -0.064201 -0.54901 -5.19586
vn -0.0645673 0.407594 -0.910878
v -0.615139 -0.675028 -5.2068
vn 0.203095 -0.192057 -0.960139
v -0.220422 -0.594314 -5.14274
vn -0.328889 0.00363686 -0.944362
v -0.680231 -0.519849 -5.24012
vn 0.169006 0.146679 -0.974639
v -0.381329 -0.722936 -5.15941
vn 0.108164 -0.0942612 -0.989654
v -0.31103 -0.578171 -5.16462
vn 0.176529 0.138733 -0.974469
v -0.519844 -0.148044 -5.24377
vn 0.535716 0.0750108 -0.84106
v -0.540674 -0.341237 -5.23023
vn -0.0334879 -0.536341 -0.843336
v -0.371956 -0.127215 -5.20836
vn 0.442545 0.249878 -0.861229
v -0.437047 -0.213657 -5.21825
vn 0.152576 -0.376608 -0.913722
v -0.435485 -0.329781 -5.19534
vn -0.587337 -0.475791 -0.65472
v -0.136063 -0.332385 -5.18128
vn -0.0947028 -0.0942855 -0.991031
v -0.609411 -0.700024 -5.20003
vn 0.173201 -0.20681 -0.962928
v -0.576604 -0.13086 -5.26147
vn 0.0619418 0.294201 -0.953734
v -0.687 -0.345403 -5.27762
vn 0.356094 -0.268535 -0.895034
v -0.458398 -0.838539 -5.15524
vn 0.198062 -0.111587 -0.973817
v -0.086072 -0.287601 -5.19586
vn -0.143273 -0.0164516 -0.989546
v -0.174076 -0.293329 -5.18545
vn -0.031698 -0.0911297 -0.995334
v -0.350605 -0.360504 -5.18649
vn -0.321702 -0.0290833 -0.946394
v -0.614097 -0.37144 -5.24741
vn 0.304469 -0.188612 -0.933662
v -0.245417 -0.715125 -5.10317
vn 0.576981 -0.416658 -0.702488
v -0.11315 -0.542762 -5.18961
vn -0.333407 0.066127 -0.940461
v -0.092842 -0.545365 -5.19274
vn -0.0412701 0.243685 -0.968976
v -0.308426 -0.129298 -5.21461
vn 0.150386 0.698817 -0.699313
v -0.175118 -0.672945 -5.13702
vn -0.481685 -0.479291 -0.733662
v -0.249583 -0.22303 -5.19326
vn 0.0505471 0.00658233 -0.9987
v -0.443296 -0.508914 -5.19586
vn 0.156884 -0.0446966 -0.986605
v -0.009524 -0.308431 -5.21044
vn -0.191982 -0.202695 -0.960238
v -0.653153 -0.581817 -5.25158
vn 0.6146 0.265675 -0.742755
v -0.501619 -0.724498 -5.17711
vn 0.15323 -0.0925037 -0.983851
v -0.016293 -0.219906 -5.19326
vn -0.261316 0.453332 -0.852176
v -0.528176 -0.388103 -5.22346
vn 0.0893607 -0.154224 -0.983987
v -0.413094 -0.320408 -5.19378
vn 0.540865 0.0567615 -0.839192
v -0.575563 -0.744286 -5.1818
vn 0.0568233 -0.316206 -0.946987
v -0.470895 -0.813023 -5.15785
vn 0.172194 -0.0412574 -0.984199
v -0.257394 -0.665134 -5.14066
vn 0.106879 -0.206761 -0.972536
v -0.192823 -0.49225 -5.16514
vn 0.383401 0.50563 -0.772879
v -0.152205 -0.596918 -5.17451
vn -0.337081 -0.162273 -0.927386
v -0.709392 -0.383417 -5.27033
vn 0.196361 -0.38039 -0.90374
v -0.517761 -0.906235 -5.15212
vn 0.0195352 -0.00225693 -0.999807
v -0.420384 -0.735434 -5.16462
vn 0.108998 -0.102142 -0.98878
v -0.680751 -0.209491 -5.28751
vn -0.0354317 -0.616882 -0.786257
v -0.656277 -0.659406 -5.23387
vn 0.460516 -0.447511 -0.766589
v -0.394868 -0.596918 -5.17503
vn 0.390744 -0.176603 -0.9034
v -0.542757 -0.869262 -5.16149
vn 0.185234 -0.137029 -0.973094
v -0.156892 -0.30791 -5.1844
vn -0.02558 -0.156186 -0.987396
v 0.025886 -0.36467 -5.21565
vn -0.606895 0.261963 -0.75037
v -0.289679 -0.733871 -5.1391
vn 0.448583 -0.0615158 -0.891622
v -0.0491 -0.321449 -5.19846
vn -0.217225 -0.221997 -0.950542
v -0.737512 -0.356859 -5.29636
vn 0.0629161 -0.589478 -0.805331
v -0.167307 -0.355297 -5.18024
vn -0.0479451 -0.0547971 -0.997346
v -0.60889 -0.40685 -5.23752
vn -0.0122454 -0.264837 -0.964216
v -0.515158 -0.67607 -5.18336
vn 0.1863 -0.084358 -0.978865
v -0.296449 -0.520891 -5.16982
vn 0.0811793 -0.0791555 -0.993551
v -0.238647 -0.404246 -5.17868
vn -0.206854 0.0506192 -0.977062
v -0.185012 -0.572443 -5.16722
vn -0.303502 -0.177141 -0.93622
v -0.313633 -0.13086 -5.16305
vn 0.50363 0.862358 -0.0519282
v -0.250624 -0.523494 -5.16618
vn -0.0666732 0.0848523 -0.99416
v -0.572439 -0.441739 -5.22554
vn 0.127434 -0.102486 -0.986538
v -0.648987 -0.303744 -5.25939
vn -0.0323649 -0.471006 -0.881536
v -0.535987 -0.367274 -5.20263
vn -0.14496 -0.134234 -0.98029
v -0.232399 -0.181892 -5.19013
vn 0.0300559 0.102596 -0.994269
v -0.668254 -0.145961 -5.32969
vn 0.602584 -0.781954 -0.159501
v -0.291762 -0.557863 -5.15733
vn -0.00713133 0.0392369 -0.999204
v -0.171473 -0.46413 -5.17816
vn -0.0829628 -0.0197571 -0.996357
v -0.350605 -0.420389 -5.19065
vn 0.195232 -0.102673 -0.975368
v -0.433923 -0.267293 -5.20888
vn 0.263409 0.0171465 -0.964532
v -0.018897 -0.491209 -5.18284
vn 0.13276 -0.0547023 -0.989638
v -0.185012 -0.661489 -5.13598
vn -0.173611 -0.592297 -0.786793
v -0.408407 -0.079307 -5.20471
vn 0.0772344 0.629855 -0.772863
v -0.113671 -0.308431 -5.18701
vn -0.200648 -0.238739 -0.950129
v -0.265726 -0.154293 -5.16774
vn 0.348638 0.156553 -0.92409
v -0.517761 -0.52037 -5.20732
vn 0.170409 -0.153527 -0.97334
v -0.328214 -0.714083 -5.1542
vn 0.186499 0.0480507 -0.981279
v -0.491725 -0.865617 -5.15472
vn 0.133834 -0.172585 -0.97586
v -0.47454 -0.466213 -5.20523
vn 0.294199 -0.13443 -0.946243
v -0.154809 -0.287601 -5.18701
vn -0.0887685 -0.155459 -0.983846
v -0.193864 -0.546407 -5.16826
vn -0.197181 -0.0792686 -0.977157
v -0.214173 -0.418306 -5.17816
vn -0.0235399 -0.0436203 -0.998771
v -0.533904 -0.897382 -5.15212
vn -0.026042 -0.0116286 -0.999593
v -0.37508 -0.454237 -5.19482
vn -0.20314 0.0793502 -0.975929
v -0.584415 -0.209491 -5.25835
vn 0.255992 -0.0532318 -0.965212
v -0.371956 -0.420909 -5.1844
vn 0.235966 -0.188665 -0.953271
v -0.171473 -0.392269 -5.18128
vn 0.0759324 0.00660093 -0.997091
v -0.402158 -0.214178 -5.21252
vn 0.426444 -0.209456 -0.879928
v -0.218859 -0.349569 -5.17816
vn 0.100018 -0.0402287 -0.994172
v -0.421946 -0.269896 -5.20888
vn 0.0467164 -0.138796 -0.989218
v -0.614097 -0.30791 -5.25835
vn 0.1708 -0.223248 -0.959681
v -0.362062 -0.658885 -5.15993
vn 0.116015 -0.0342726 -0.992656
v 0.039946 -0.338633 -5.21773
vn -0.181766 -0.143333 -0.972839
v -0.737512 -0.40737 -5.27033
vn -0.0903093 -0.257452 -0.962062
v -0.393306 -0.086598 -5.2068
vn 0.568623 0.21001 -0.795339
v -0.177201 -0.509955 -5.16566
vn -0.580237 0.146612 -0.801143
v -0.492245 -0.200118 -5.23127
vn -0.551457 -0.0321075 -0.833585
v -0.634927 -0.135026 -5.29272
vn 0.343339 -0.524084 -0.779393
v -0.391223 -0.3152 -5.19586
vn -0.405413 0.539808 -0.737731
v -0.618784 -0.176164 -5.28178
vn 0.104611 -0.0485901 -0.993326
v -0.012648 -0.463089 -5.1792
vn 0.0921305 0.13879 -0.986027
v -0.431319 -0.323011 -5.20992
vn -0.102715 -0.356209 -0.928744
v -0.362062 -0.195952 -5.20784
vn 0.189094 -0.225251 -0.955775
v -0.66565 -0.200118 -5.28699
vn 0.361955 -0.477509 -0.800608
v -0.441734 -0.347486 -5.19899
vn -0.827763 0.24107 -0.506649
v -0.570876 -0.179809 -5.26668
vn 0.168564 -0.313405 -0.934539
v -0.151164 -0.186579 -5.18336
vn 0.151103 0.0154452 -0.988397
v -0.038164 -0.299057 -5.20575
vn -0.20633 -0.127848 -0.970094
v -0.444338 -0.120966 -5.22815
vn 0.423431 0.0177189 -0.905755
v -0.534946 -0.448508 -5.21825
vn 0.177035 -0.229603 -0.957048
v -0.26156 -0.486522 -5.1693
vn 0.073556 -0.00648254 -0.99727
v -0.624512 -0.736475 -5.18753
vn 0.295974 -0.43573 -0.850023
v -0.541195 -0.515163 -5.21148
vn 0.224864 -0.0579691 -0.972664
v -0.665129 -0.306348 -5.27293
vn 0.297161 -0.057472 -0.953096
v -0.497973 -0.629724 -5.18753
vn 0.172286 -0.25616 -0.951157
v -0.503702 -0.153772 -5.23804
vn 0.286381 -0.0230084 -0.957839
v -0.478706 -0.169394 -5.23075
vn 0.654986 0.0244394 -0.755246
v -0.539112 -0.623996 -5.19638
vn 0.220657 -0.15814 -0.962446
v -0.320403 -0.786986 -5.16774
vn 0.059025 0.555216 -0.829609
v -0.09857 -0.368315 -5.18232
vn -0.0606101 -0.0665284 -0.995942
v -0.419342 -0.193869 -5.22502
vn 0.336301 -0.0926056 -0.93719
v -0.086593 -0.420909 -5.17659
vn 0.106944 -0.0868741 -0.990462
v -0.515678 -0.587545 -5.19846
vn 0.0990757 -0.0806303 -0.991808
v -0.521927 -0.256878 -5.2396
vn 0.0997127 0.392524 -0.914321
v -0.38914 -0.191786 -5.21252
vn 0.180254 -0.0383584 -0.982872
v -0.643779 -0.346965 -5.25939
vn 0.254802 -0.20545 -0.944916
v -0.304781 -0.647429 -5.15472
vn 0.270194 -0.101692 -0.95742
v -0.515158 -0.719811 -5.18076
vn 0.179064 -0.0797343 -0.980601
v -0.330297 -0.67659 -5.15733
vn 0.15824 -0.0557713 -0.985824
v -0.407886 -0.556821 -5.18909
vn 0.341851 -0.21866 -0.913961
v -0.662005 -0.528702 -5.23908
vn 0.0963946 0.177772 -0.979339
v -0.691687 -0.481315 -5.24325
vn 0.221595 -0.122211 -0.96745
v -0.529218 -0.883322 -5.15628
vn -0.00264925 -0.142686 -0.989764
v -0.587019 -0.094409 -5.27345
vn 0.199015 -0.244264 -0.949067
v -0.171993 -0.404246 -5.17972
vn -0.109501 -0.263544 -0.958412
v -0.036602 -0.533388 -5.18857
vn 0.424288 0.26085 -0.867143
v -0.565148 -0.23709 -5.23283
vn 0.204382 -0.0993673 -0.973835
v -0.588061 -0.608374 -5.21148
vn 0.123931 -0.262923 -0.956824
v -0.67242 -0.658885 -5.23908
vn 0.652808 -0.375177 -0.658091
v -0.381329 -0.092326 -5.20003
vn 0.576806 0.31574 -0.753394
v -0.633885 -0.211053 -5.2771
vn 0.252385 -0.331027 -0.909243
v -0.399555 -0.472983 -5.19117
vn 0.298648 -0.120733 -0.946696
v -0.393306 -0.645346 -5.16826
vn 0.233387 -0.102327 -0.966985
v -0.391223 -0.765115 -5.15733
vn 0.0989387 -0.144869 -0.984492
v -0.377684 -0.354776 -5.19794
vn 0.0999809 -0.177378 -0.979051
v -0.576084 -0.353735 -5.23908
vn 0.259727 -0.183956 -0.947999
v -0.302698 -0.557342 -5.14639
vn -0.681268 0.236964 -0.69262
v -0.268329 -0.461006 -5.16357
vn -0.0552337 0.651592 -0.756556
v -0.38914 -0.217302 -5.20367
vn 0.269303 -0.417352 -0.867925
v -0.19126 -0.644826 -5.14327
vn -0.151012 -0.348751 -0.924969
v -0.282389 -0.282915 -5.18753
vn 0.109344 0.00752227 -0.993975
v -0.638051 -0.3152 -5.24689
vn -0.207098 -0.948458 -0.23987
v -0.502139 -0.429241 -5.22242
vn 0.299481 -0.208582 -0.931024
v -0.274578 -0.338633 -5.18545
vn 8.54099e-06 -0.0745597 -0.997217
v -0.323006 -0.295412 -5.19378
vn 0.0152327 -0.168447 -0.985593
v -0.453711 -0.564632 -5.19222
vn 0.171312 -0.0504639 -0.983924
v -0.463084 -0.646909 -5.17972
vn 0.153512 -0.128683 -0.979732
v -0.608369 -0.568798 -5.22606
vn 0.442426 0.0855521 -0.892715
v -0.446421 -0.184496 -5.22971
vn 0.300675 -0.0643916 -0.95155
v -0.252187 -0.65472 -5.14066
vn 0.194336 -0.260028 -0.945843
v -0.70783 -0.191265 -5.2948
vn -0.285793 -0.811804 -0.509211
v -0.70106 -0.320408 -5.28855
vn 0.57611 -0.0273339 -0.816915
v -0.225108 -0.44278 -5.17711
vn -0.00443907 -0.10434 -0.994532
v -0.394868 -0.240735 -5.20471
vn 0.3208 0.0423229 -0.946201
v -0.553692 -0.656282 -5.19742
vn 0.329214 -0.197165 -0.923441
v -0.446421 -0.681277 -5.17659
vn 0.0317644 -0.407178 -0.912796
v -0.366748 -0.284998 -5.19638
vn 0.298752 -0.508696 -0.80745
v -0.187095 -0.290726 -5.18492
vn -0.0494252 -0.0612173 -0.9969
v -0.250104 -0.532347 -5.15212
vn -0.294267 -0.532928 -0.793344
v -0.31155 -0.150127 -5.18128
vn 0.768837 0.490656 -0.410056
v 0.010264 -0.383417 -5.20471
vn -0.515591 -0.594112 -0.617411
v -0.179284 -0.638056 -5.15108
vn -0.344748 -0.295465 -0.890982
v -0.401117 -0.530785 -5.18909
vn -0.124965 -0.267952 -0.955293
v -0.058473 -0.422992 -5.17607
vn -0.0599953 0.0699782 -0.995743
v -0.575563 -0.560467 -5.21721
vn 0.200996 -0.194302 -0.960129
v -0.522448 -0.129298 -5.26616
vn 0.365973 0.0102061 -0.930569
v -0.493808 -0.549531 -5.20055
vn 0.179526 -0.101821 -0.97847
v -0.525572 -0.179809 -5.23908
vn 0.730554 -0.631663 -0.25941
v -0.505264 -0.906235 -5.15264
vn 0.0369052 0.0880171 -0.995435
v -0.536508 -0.120445 -5.26512
vn 0.391807 0.296594 -0.87093
v -0.359979 -0.816668 -5.16305
vn -0.454976 -0.0153117 -0.890372
v -0.479748 -0.69742 -5.17659
vn 0.151732 -0.0923187 -0.984101
v -0.035561 -0.468296 -5.17711
vn 0.358227 -0.123728 -0.9254
v -0.654715 -0.233966 -5.27449
vn 0.0940162 0.0206942 -0.995356
v -0.383412 -0.530785 -5.1844
vn 0.312742 -0.140889 -0.939331
v 0.031093 -0.296975 -5.21617
vn -0.446901 -0.252832 -0.858112
v -0.546402 -0.067851 -5.26304
vn 0.0528468 0.123939 -0.990882
v -0.186574 -0.604729 -5.16045
vn -0.37824 -0.165192 -0.910849
v -0.521407 -0.238131 -5.23596
vn 0.196639 -0.177284 -0.964315
v -0.478706 -0.320408 -5.2245
vn 0.275428 -0.396192 -0.875883
v -0.550047 -0.037128 -5.26147
vn -0.307628 -0.185378 -0.933274
v -0.0918 -0.297495 -5.19482
vn -0.102234 -0.0848154 -0.991138
v -0.031395 -0.244901 -5.20263
vn -0.205833 0.396299 -0.894751
v -0.418301 -0.613061 -5.19326
vn 0.837904 -0.218604 -0.500129
v -0.363103 -0.769281 -5.15837
vn -0.109205 0.0809728 -0.990716
v -0.619825 -0.571402 -5.2344
vn 0.424282 0.0305177 -0.905016
v -0.275099 -0.706272 -5.13389
vn 0.632977 -0.232516 -0.738428
v -0.666171 -0.640139 -5.23179
vn 0.712116 -0.459844 -0.530504
v -0.532863 -0.186058 -5.25158
vn 0.266798 -0.757918 -0.595298
v -0.696374 -0.522453 -5.24429
vn 0.157107 0.118747 -0.980416
v -0.592747 -0.072538 -5.27189
vn 0.94055 -0.339656 0
v -0.086593 -0.227196 -5.18805
vn -0.0884018 0.295682 -0.951187
v -0.70783 -0.250629 -5.27501
vn 0.0609 0.28079 -0.957835
v -0.590664 -0.424034 -5.23544
vn 0.228952 -0.152234 -0.96146
v -0.26156 -0.558904 -5.16045
vn 0.0955119 -0.130398 -0.98685
v -0.45319 -0.365191 -5.19378
vn 0.0801552 -0.0895804 -0.992749
v -0.540674 -0.238131 -5.24689
vn 0.127452 -0.368291 -0.920933
v -0.609932 -0.092846 -5.28491
vn 0.85915 -0.454048 -0.23601
v -0.702102 -0.187099 -5.30678
vn 0.0235846 -0.859258 -0.510998
v -0.228233 -0.214178 -5.19065
vn 0.0953772 -0.0531344 -0.994022
v -0.283431 -0.786986 -5.15785
vn 0.35508 0.683723 -0.637528
v -0.274057 -0.421951 -5.16982
vn 0.0275473 -0.0366921 -0.998947
v -0.229274 -0.510997 -5.16722
vn -0.290737 -0.00539367 -0.956788
v -0.462043 -0.289164 -5.22242
vn 0.0857041 -0.197194 -0.976611
v -0.72189 -0.494333 -5.24637
vn 0.157479 -0.125528 -0.979512
v -0.465167 -0.508914 -5.20003
vn 0.0531971 -0.145952 -0.98786
v -0.687 -0.381854 -5.26512
vn 0.220071 -0.306512 -0.926077
v -0.458398 -0.165229 -5.23648
vn 0.245148 -0.13502 -0.960038
v -0.688563 -0.24438 -5.27397
vn -0.0903865 -0.0549523 -0.99439
v -0.350085 -0.219385 -5.20003
vn 0.180314 -0.114112 -0.976967
v -0.562545 -0.567236 -5.21305
vn 0.31245 -0.106362 -0.943961
v -0.477144 -0.149086 -5.24325
vn 0.109393 -0.409432 -0.905758
v -0.597434 -0.08139 -5.28855
vn 0.641717 -0.460334 -0.613426
v -0.628678 -0.546407 -5.23283
vn 0.313871 0.0750981 -0.946491
v -0.662005 -0.678153 -5.21096
vn 0.447577 0.0265518 -0.893851
v -0.326131 -0.438614 -5.18336
vn 0.141791 -0.0617229 -0.98797
v -0.111588 -0.483398 -5.18388
vn -0.154093 0.0839196 -0.984486
v -0.593789 -0.145441 -5.28386
vn 0.646663 -0.122557 -0.752866
v -0.235002 -0.558904 -5.15993
vn 0.0421214 -0.173206 -0.983984
v -0.273537 -0.687526 -5.14587
vn 0.362839 0.0504469 -0.930485
v -0.491204 -0.672945 -5.17972
vn 0.124963 -0.104104 -0.986685
v -0.114712 -0.35061 -5.18128
vn -0.0157914 -0.010351 -0.999822
v -0.271454 -0.749493 -5.13025
vn 0.49506 0.0401763 -0.867929
v -0.418822 -0.760429 -5.16097
vn 0.0213383 -0.150585 -0.988367
v -0.639613 -0.602646 -5.23908
vn 0.593122 -0.43374 -0.678289
v -0.425591 -0.808857 -5.1542
vn 0.123452 -0.150588 -0.980858
v -0.561503 -0.122008 -5.26147
vn 0.0355267 0.909083 -0.415097
v -0.58754 -0.082432 -5.2823
vn 0.376021 -0.236461 -0.895932
v -0.216777 -0.675549 -5.12504
vn 0.117431 -0.558275 -0.821303
v -0.591706 -0.253233 -5.25158
vn -0.0499185 -0.458814 -0.887129
v -0.316758 -0.358942 -5.18805
vn 0.21831 -0.0757532 -0.972935
v -0.487559 -0.625558 -5.18753
vn 0.114552 -0.173634 -0.978125
v -0.31832 -0.455799 -5.18284
vn 0.133814 -0.0444698 -0.990008
v -0.104298 -0.315721 -5.18857
vn -0.179238 -0.237024 -0.954827
v -0.07774 -0.440697 -5.17503
vn -0.128745 0.558755 -0.819279
v -0.45319 -0.255316 -5.212
vn 0.563196 -0.779305 -0.274762
v -0.641176 -0.292809 -5.26564
vn 0.226467 -0.143409 -0.963404
v -0.561503 -0.542762 -5.212
vn -0.0027509 0.0571048 -0.998364
v -0.527135 -0.772406 -5.17295
vn 0.0511156 -0.216418 -0.974962
v -0.408928 -0.120445 -5.21461
vn 0.193022 0.107587 -0.975278
v -0.009003 -0.33655 -5.20575
vn -0.23617 -0.0715875 -0.969071
v -0.493287 -0.207929 -5.24012
vn -0.232315 -0.363558 -0.902139
v -0.440172 -0.823438 -5.1542
vn 0.157608 -0.107167 -0.981669
v -0.551609 -0.616706 -5.19951
vn 0.204965 -0.117511 -0.971689
v -0.142311 -0.613061 -5.17451
vn -0.347746 -0.222616 -0.910777
v -0.734387 -0.376647 -5.28022
vn 0.340159 -0.53959 -0.770152
v -0.337066 -0.426117 -5.18545
vn 0.20943 -0.118806 -0.970579
v -0.209486 -0.582858 -5.15993
vn -0.394635 -0.349638 -0.849716
v -0.582853 -0.440177 -5.22919
vn 0.241169 -0.136406 -0.960849
v -0.566711 -0.05275 -5.25314
vn -0.717495 0.459406 -0.523591
v -0.22615 -0.652116 -5.13858
vn 0.00506782 -0.263505 -0.964645
v -0.358416 -0.683881 -5.15941
vn 0.114693 -0.0049059 -0.993389
v -0.157933 -0.240735 -5.18857
vn -0.0249107 0.0850312 -0.996067
v -0.524531 -0.924981 -5.15733
vn 0.417472 -0.600329 -0.682146
v -0.384974 -0.111072 -5.20159
vn 0.661441 -0.563731 -0.494675
v -0.246979 -0.389665 -5.17972
vn 0.0779635 -0.150314 -0.985559
v -0.003796 -0.409453 -5.17503
vn 0.441595 -0.532734 -0.721933
v -0.50266 -0.127736 -5.24429
vn -0.404034 0.582056 -0.705668
v -0.218339 -0.277707 -5.18545
vn 0.173137 -0.133483 -0.97581
v -0.623991 -0.299578 -5.26095
vn 0.200723 -0.107022 -0.973785
v -0.605245 -0.202201 -5.2672
vn 0.375632 -0.538516 -0.754255
v -0.308426 -0.141795 -5.1667
vn 0.726604 0.503923 -0.46702
v -0.546923 -0.291246 -5.24221
vn 0.262296 -0.0964067 -0.96016
v -0.16262 -0.439656 -5.17659
vn -0.135389 0.100768 -0.985655
v -0.451628 -0.773447 -5.16305
vn 0.518505 -0.265807 -0.812711
v -0.286034 -0.125653 -5.1844
vn 0.353698 0.903395 -0.242434
v -0.544319 -0.243339 -5.22502
vn -0.678873 -0.715218 -0.166118
v -0.047017 -0.339154 -5.1943
vn -0.186082 -0.23132 -0.954916
v -0.421946 -0.46361 -5.19742
vn 0.064323 -0.0989496 -0.993011
v 0.020679 -0.352172 -5.212
vn -0.267025 -0.140644 -0.953371
v -0.356854 -0.389145 -5.18857
vn -0.159618 -0.199117 -0.966889
v -0.504743 -0.869783 -5.15681
vn 0.0686215 -0.155131 -0.985508
v -0.496411 -0.805733 -5.16878
vn -0.198527 -0.0879403 -0.976142
v -0.684917 -0.537033 -5.24533
vn 0.161536 0.237144 -0.95795
v -0.3329 -0.331343 -5.19378
vn 0.318106 -0.233622 -0.91882
v -0.596913 -0.769281 -5.16774
vn -0.239423 -0.424244 -0.873324
v 0.024324 -0.40685 -5.16253
vn -0.290265 -0.769723 -0.568571
v -0.333942 -0.400601 -5.18805
vn 0.193215 -0.0426787 -0.980228
v -0.018376 -0.37196 -5.19117
vn -0.779897 -0.271683 -0.56387
v -0.667733 -0.509955 -5.23752
vn 0.0885715 -0.0126684 -0.995989
v -0.426633 -0.507872 -5.1943
vn 0.171918 -0.0390696 -0.984336
v -0.471937 -0.296975 -5.21461
vn 0.211766 -0.371353 -0.90402
v -0.014211 -0.439135 -5.17764
vn 0.456587 0.061646 -0.887541
v 0.034218 -0.383417 -5.2245
vn -0.546699 -0.410705 -0.729686
v -0.428195 -0.221468 -5.21617
vn 0.171002 -0.353537 -0.919658
v -0.595872 -0.325615 -5.2495
vn 0.223596 -0.237951 -0.94519
v -0.092842 -0.429762 -5.18284
vn 0.208312 0.122305 -0.970385
v -0.493808 -0.225113 -5.22606
vn -0.498741 -0.585935 -0.6387
v -0.392264 -0.702106 -5.16462
vn 0.102366 -0.0421037 -0.993855
v -0.472457 -0.18033 -5.23596
vn 0.322645 -0.111742 -0.939901
v -0.165744 -0.525577 -5.17503
vn -0.164413 0.0184602 -0.986219
v -0.631802 -0.331864 -5.25835
vn 0.317035 -0.086364 -0.944473
v -0.688042 -0.268855 -5.27553
vn 0.17718 0.0538737 -0.982703
v -0.438089 -0.200118 -5.21825
vn 0.501089 -0.36252 -0.785804
v -0.576084 -0.119404 -5.28074
vn 0.436651 0.605123 -0.665704
v -0.461522 -0.231883 -5.22658
vn 0.19044 0.083473 -0.978144
v -0.343836 -0.24386 -5.20211
vn -0.0129175 0.186238 -0.98242
v -0.656798 -0.245422 -5.27553
vn 0.119587 -0.0911646 -0.988629
v -0.372476 -0.539116 -5.18076
vn 0.169273 -0.206104 -0.963778
v -0.326131 -0.167832 -5.20367
vn 0.401132 0.10742 -0.9097
v 0.010264 -0.474024 -5.18024
vn 0.00608662 0.236427 -0.97163
v -0.28291 -0.565153 -5.14952
vn -0.070927 0.387 -0.919348
v -0.612535 -0.162104 -5.27762
vn -0.424197 0.0307268 -0.905049
v -0.342274 -0.742203 -5.15576
vn 0.156287 0.146274 -0.97682
v -0.430799 -0.281352 -5.21565
vn 0.173961 0.0304365 -0.984282
v -0.352168 -0.591711 -5.1693
vn 0.0944219 -0.0846461 -0.991927
v -0.442776 -0.197514 -5.22919
vn 0.419205 -0.246959 -0.873658
v -0.154288 -0.61983 -5.16722
vn -0.399146 -0.276852 -0.874091
v -0.158975 -0.681277 -5.1391
vn -0.320636 -0.489166 -0.811116
v -0.248021 -0.500582 -5.16722
vn -0.0540638 -0.182447 -0.981728
v -0.416739 -0.334467 -5.19742
vn -0.169074 -0.252923 -0.952599
v -0.503702 -0.745327 -5.17659
vn 0.130059 -0.0710922 -0.988954
v -0.565148 -0.368836 -5.2344
vn 0.231266 -0.102604 -0.967465
v -0.449024 -0.434449 -5.18649
vn -0.31158 0.00361062 -0.950213
v -0.591185 -0.161063 -5.26772
vn -0.508913 0.162409 -0.845359
v -0.441213 -0.427679 -5.19326
vn -0.258757 0.214891 -0.941736
v -0.666692 -0.167311 -5.30157
vn 0.800234 -0.561767 -0.209862
v -0.558379 -0.413098 -5.2271
vn 0.284269 -0.0922622 -0.954295
v -0.373518 -0.391228 -5.19378
vn 0.0872793 -0.0781453 -0.993114
v 0.033697 -0.383417 -5.21148
vn -0.483094 -0.70805 -0.515059
v -0.445379 -0.304265 -5.20263
vn 0.167664 -0.172719 -0.970596
v 0.014951 -0.340716 -5.212
vn -0.144775 -0.051267 -0.988136
v -0.107943 -0.268855 -5.1943
vn -0.10496 0.0510513 -0.993165
v -0.383412 -0.322491 -5.20211
vn -0.13762 -0.215474 -0.966764
v -0.252707 -0.253754 -5.18492
vn 0.128583 -0.21351 -0.968442
v -0.514637 -0.132943 -5.24637
vn 0.0738661 -0.838583 -0.539743
v -0.201154 -0.694295 -5.10629
vn 0.0900058 -0.689116 -0.71904
v -0.615139 -0.356859 -5.25054
vn 0.323027 -0.204955 -0.92393
v -0.529218 -0.269896 -5.22554
vn -0.298112 0.194061 -0.934596
v -0.516199 -0.101178 -5.25158
vn 0.553396 -0.0668311 -0.830233
v -0.061077 -0.213657 -5.18492
vn 0.011915 0.412546 -0.910859
v -0.540153 -0.471942 -5.21721
vn 0.193966 -0.119715 -0.973676
v -0.698456 -0.367274 -5.27345
vn 0.330244 -0.335912 -0.882101
v -0.069408 -0.589628 -5.22294
vn -0.221411 -0.0960018 -0.970444
v -0.138146 -0.497978 -5.18232
vn -0.22528 -0.0185065 -0.974118
v -0.274578 -0.319366 -5.18284
vn 0.200296 -0.121784 -0.972137
v -0.619305 -0.074621 -5.3198
vn 0.915327 -0.395816 -0.074209
v -0.436527 -0.597959 -5.1818
vn 0.245655 0.256346 -0.934848
v -0.244896 -0.637015 -5.14483
vn 0.145621 -0.335187 -0.93083
v -0.433402 -0.390186 -5.20471
vn 0.055988 0.122935 -0.990834
v -0.501098 -0.588065 -5.20003
vn 0.119945 -0.0406543 -0.991948
v 0.010785 -0.395914 -5.19846
vn -0.995324 -0.043726 -0.0861303
v -0.610452 -0.101178 -5.29949
vn 0.846966 -0.408092 -0.340749
v -0.680751 -0.170436 -5.32917
vn 0.558668 -0.613018 -0.558658
v -0.554734 -0.216781 -5.24012
vn 0.268388 0.211414 -0.939826
v -0.053786 -0.540158 -5.1917
vn -0.0410718 0.367574 -0.929087
v -0.388098 -0.826562 -5.15368
vn -0.135405 -0.162226 -0.977419
v -0.051183 -0.569319 -5.212
vn 0.0669497 0.665754 -0.743162
v -0.682314 -0.299578 -5.27814
vn 0.346955 0.0990709 -0.932634
v -0.694291 -0.430283 -5.2547
vn 0.164363 -0.176139 -0.970546
v -0.567231 -0.156897 -5.27137
vn 0.201484 -0.32821 -0.922866
v -0.473499 -0.35738 -5.20367
vn -0.153618 0.317613 -0.935694
v -0.503702 -0.926023 -5.15212
vn -0.192368 -0.458819 -0.867456
v -0.484955 -0.856765 -5.15993
vn 0.197621 -0.266495 -0.943359
v -0.532863 -0.947893 -5.1417
vn -0.173159 0.659195 -0.731764
v -0.284993 -0.221989 -5.19378
vn 0.249434 -0.108855 -0.962254
v -0.507867 -0.247505 -5.22606
vn 0.41672 0.448762 -0.790542
v -0.236564 -0.609416 -5.15108
vn 0.0815143 -0.149095 -0.985457
v -0.339149 -0.387062 -5.18909
vn 0.275206 -0.0479201 -0.96019
v -0.434965 -0.754701 -5.16149
vn 0.116359 -0.124542 -0.985368
v -0.595351 -0.276145 -5.25575
vn 0.25791 -0.0747376 -0.963274
v -0.171993 -0.61254 -5.16201
vn -0.272845 -0.293069 -0.916333
v -0.342274 -0.816668 -5.17399
vn -0.434769 -0.00383057 -0.900534
v -0.414656 -0.795839 -5.1542
vn 0.0342944 -0.139173 -0.989674
v -0.25479 -0.378209 -5.18128
vn 0.0307439 -0.0279231 -0.999137
v -0.344357 -0.152731 -5.20575
vn 0.41878 0.322353 -0.848948
v -0.147519 -0.578692 -5.17711
vn -0.34229 -0.0734007 -0.936723
v -0.581812 -0.300099 -5.25106
vn 0.303906 0.0166819 -0.952556
v -0.161579 -0.167311 -5.18545
vn 0.167111 0.0805716 -0.98264
v -0.135542 -0.512038 -5.18284
vn -0.212145 -0.0218823 -0.976993
v -0.083468 -0.623475 -5.20732
vn -0.585393 -0.810574 0.016914
v -0.237606 -0.488084 -5.1693
vn 0.329154 0.0147561 -0.944161
v -0.571397 -0.315721 -5.24585
vn 0.336509 -0.142192 -0.930883
v -0.633365 -0.241777 -5.27085
vn 0.229178 -0.128802 -0.964825
v -0.504743 -0.389145 -5.22086
vn 0.167018 -0.109296 -0.979877
v -0.344357 -0.452154 -5.18492
vn 0.16015 -0.126698 -0.978928
v -0.652632 -0.715646 -5.20992
vn -0.702677 -0.351095 -0.618851
v -0.597955 -0.130339 -5.29115
vn 0.665644 0.194437 -0.720494
v -0.482872 -0.195431 -5.23075
vn 0.431157 0.385723 -0.815672
v -0.489642 -0.838539 -5.16305
vn 0.171213 -0.139124 -0.975362
v -0.539632 -0.722936 -5.18649
vn 0.159768 -0.113091 -0.980655
v -0.138666 -0.184496 -5.18284
vn 0.164016 0.113363 -0.979922
v -0.360499 -0.613061 -5.16618
vn 0.0351666 -0.164079 -0.98582
v -0.284472 -0.247505 -5.18961
vn 0.20005 -0.193139 -0.960561
v -0.725535 -0.318845 -5.28855
vn 0.497145 -0.479618 -0.723058
v -0.425071 -0.486522 -5.19326
vn 0.0885052 -0.0653645 -0.993929
v -0.025146 -0.386541 -5.18336
vn -0.144978 -0.251434 -0.956955
v 0.012868 -0.294371 -5.2271
vn -0.72394 -0.43255 -0.537411
v -0.6443 -0.420389 -5.24377
vn 0.199382 -0.162537 -0.966348
v -0.414135 -0.401642 -5.20003
vn 0.174915 0.042416 -0.983669
v -0.620867 -0.600042 -5.22971
vn 0.476935 -0.220652 -0.850791
v -0.25479 -0.271459 -5.19013
vn -0.0488684 0.228164 -0.972395
v -0.517761 -0.248025 -5.23179
vn 0.34321 0.355831 -0.869248
v -0.556296 -0.728664 -5.18545
vn 0.0467775 -0.149115 -0.987713
v -0.667733 -0.655761 -5.2271
vn 0.800889 -0.0344633 -0.59782
v -0.250624 -0.429241 -5.17503
vn -0.000432431 -0.0706226 -0.997503
v -0.238127 -0.206367 -5.19065
vn 0.00335337 0.0494862 -0.998769
v -0.267809 -0.500061 -5.17139
vn 0.0639467 -0.111841 -0.991666
v -0.650549 -0.572443 -5.24793
vn 0.511011 0.155891 -0.84532
v -0.486517 -0.309993 -5.21669
vn -0.568542 -0.443015 -0.693179
v -0.067326 -0.459965 -5.18336
vn 0.163405 0.0192632 -0.986371
v -0.525052 -0.378209 -5.22346
vn 0.136086 -0.0896288 -0.986634
v -0.237085 -0.312597 -5.17972
vn 0.153556 -0.34681 -0.92528
v -0.175118 -0.677111 -5.1266
vn -0.336255 -0.745524 -0.575436
v -0.022022 -0.313638 -5.2068
vn -0.164192 -0.212395 -0.963291
v -0.569835 -0.331343 -5.24273
vn 0.214831 -0.219474 -0.951672
v -0.281348 -0.451112 -5.16774
vn 0.731533 0.069712 -0.678233
v -0.553171 -0.320928 -5.24064
vn 0.218964 -0.108009 -0.969737
v -0.544319 -0.047022 -5.25887
vn -0.44623 -0.354915 -0.821531
v -0.423508 -0.416223 -5.20263
vn 0.19389 -0.197462 -0.960945
v -0.618263 -0.122008 -5.29168
vn 0.489971 -0.840272 -0.232101
v -0.559941 -0.786466 -5.17295
vn -0.0506106 -0.155251 -0.986578
v -0.455794 -0.221989 -5.22086
vn -0.197336 0.295526 -0.934731
v -0.065243 -0.448508 -5.18232
vn 0.0239042 0.233569 -0.972046
v -0.044934 -0.508393 -5.18545
vn 0.102777 0.121164 -0.987297
v -0.608369 -0.13763 -5.2823
vn -0.516769 -0.266787 -0.813495
v -0.504743 -0.412057 -5.21669
vn 0.165134 -0.127706 -0.977968
v -0.100132 -0.596918 -5.19742
vn -0.610548 -0.0176623 -0.791782
v -0.43913 -0.544324 -5.19117
vn 0.281187 0.0697576 -0.957114
v -0.635448 -0.132422 -5.30469
vn 0.859142 -0.282483 -0.426706
v -0.342274 -0.113155 -5.18128
vn 0.581508 0.479906 -0.656916
v -0.137104 -0.296454 -5.18597
vn -0.181953 -0.199961 -0.962761
v -0.593268 -0.789069 -5.15941
vn -0.541987 -0.385461 -0.746773
v -0.432882 -0.091805 -5.22242
vn 0.583465 -0.0594854 -0.809957
v -0.203237 -0.197514 -5.18388
vn 0.101668 -0.0550177 -0.993296
v -0.112109 -0.411016 -5.18388
vn 0.0013117 0.0374794 -0.999297
v -0.689083 -0.572964 -5.26408
vn 0.147381 0.537395 -0.830353
v -0.61618 -0.539116 -5.22919
vn 0.313841 0.0271184 -0.949088
v -0.519844 -0.170957 -5.25158
vn 0.707466 0.0803398 -0.702166
v -0.455794 -0.417785 -5.19065
vn 0.0552595 -0.0321741 -0.997954
v -0.304781 -0.387062 -5.18388
vn -0.149064 0.0995416 -0.983805
v -0.236044 -0.579734 -5.14379
vn -0.67162 -0.508676 -0.538679
v -0.412573 -0.094409 -5.212
vn 0.365544 0.0578907 -0.928992
v -0.431319 -0.182413 -5.22502
vn 0.300371 0.0064941 -0.9538
v -0.444858 -0.840622 -5.15316
vn 0.118759 -0.0118682 -0.992852
v -0.458398 -0.261044 -5.22398
vn 0.481368 -0.103025 -0.870443
v -0.605245 -0.719811 -5.1943
vn 0.123294 -0.307476 -0.943535
v -0.685438 -0.179809 -5.30782
vn 0.185323 -0.875937 -0.445409
v -0.505264 -0.056916 -5.25783
vn 0.230652 -0.429441 -0.873144
v -0.625033 -0.089722 -5.3099
vn 0.872861 0.168219 -0.458057
v -0.241772 -0.521411 -5.15733
vn 0.0520189 0.495233 -0.867201
v -0.476103 -0.879677 -5.15264
vn 0.0783612 0.0281704 -0.996527
v -0.519324 -0.317804 -5.23335
vn 0.218066 -0.108707 -0.969861
v -0.185532 -0.342278 -5.1792
vn -0.0722007 -0.0513534 -0.996067
v -0.505264 -0.26521 -5.23335
vn 0.281844 -0.022158 -0.959204
v -0.265726 -0.630766 -5.15576
vn 0.133677 -0.334618 -0.932824
v -0.274057 -0.573485 -5.15993
vn -0.0684499 0.172589 -0.982613
v -0.607328 -0.487564 -5.22346
vn -0.0316096 -0.277174 -0.9603
v -0.571918 -0.467776 -5.22502
vn 0.205666 -0.121181 -0.971091
v 0.004536 -0.261044 -5.23075
vn -0.476362 0.0792522 -0.87567
v -0.38185 -0.515683 -5.18545
vn 0.241791 -0.148879 -0.958839
v -0.603162 -0.666176 -5.2068
vn 0.193715 -0.199192 -0.960623
v -0.470374 -0.415181 -5.1917
vn 0.357648 -0.222584 -0.906942
v -0.357375 -0.112114 -5.19274
vn 0.533729 0.443728 -0.719888
v -0.173035 -0.49902 -5.16826
vn -0.539465 -0.395332 -0.743431
v -0.146998 -0.20845 -5.18492
vn 0.0281393 0.0763553 -0.996684
v -0.411011 -0.823438 -5.15212
vn 0.0428771 -0.150803 -0.987634
v -0.444338 -0.609936 -5.18232
vn 0.294402 -0.383553 -0.875337
v -0.079302 -0.468817 -5.18492
vn -0.0315329 0.124965 -0.99166
v -0.06368 -0.277187 -5.19951
vn -0.298189 0.0405823 -0.953644
v -0.534425 -0.206367 -5.23544
vn 0.72452 0.291947 -0.62437
v -0.079302 -0.572443 -5.20784
vn -0.305445 0.419873 -0.85464
v -0.351126 -0.291246 -5.20315
vn 0.428574 0.22811 -0.874237
v -0.614618 -0.415702 -5.23179
vn 0.0752752 -0.0987607 -0.99226
v -0.547443 -0.451633 -5.22242
vn 0.166179 -0.050742 -0.984789
v -0.544319 -0.366232 -5.22971
vn 0.237201 -0.0478486 -0.970281
v -0.48131 -0.478711 -5.19638
vn 0.363025 -0.794345 -0.487061
v -0.400596 -0.788028 -5.15733
vn -0.0632784 -0.143432 -0.987635
v -0.371956 -0.478711 -5.18909
vn 0.0746441 -0.120296 -0.989928
v -0.306864 -0.344882 -5.18701
vn 0.067622 -0.0435755 -0.996759
v -0.53078 -0.423513 -5.21877
vn 0.0807886 -0.109952 -0.990648
v -0.037123 -0.493292 -5.1844
vn 0.0927521 0.0305908 -0.995219
v -0.495891 -0.125132 -5.2521
vn 0.176966 0.303878 -0.936131
v -0.206362 -0.213657 -5.18909
vn 0.173297 -0.00742228 -0.984842
v -0.284993 -0.495895 -5.17087
vn -0.0327626 -0.143595 -0.989094
v -0.713037 -0.233445 -5.26928
vn -0.186429 0.0487301 -0.981259
v -0.604724 -0.433928 -5.23387
vn 0.0184065 0.0315377 -0.999333
v -0.089196 -0.216261 -5.18336
vn -0.0155038 0.285097 -0.958373
v -0.447983 -0.712521 -5.17139
vn 0.147736 -0.0458236 -0.987965
v -0.424029 -0.142316 -5.22086
vn 0.260935 0.0213998 -0.965119
v -0.551088 -0.141275 -5.26876
vn 0.216284 0.0966713 -0.971533
v -0.22667 -0.499541 -5.15785
vn 0.692273 0.664017 -0.28256
v -0.069408 -0.353735 -5.18701
vn -0.179179 -0.211729 -0.960763
v -0.267288 -0.531826 -5.1667
vn 0.0990855 -0.145052 -0.98445
v -0.119399 -0.289684 -5.1917
vn -0.178582 -0.111737 -0.97756
v -0.344357 -0.771364 -5.16097
vn -0.0521895 0.253203 -0.966004
v -0.513075 -0.503706 -5.18492
vn -0.490217 -0.815267 -0.308266
v -0.163662 -0.646388 -5.15316
vn -0.343793 -0.323537 -0.88155
v -0.528176 -0.80365 -5.16826
vn 0.0134926 -1.91455e-05 -0.999909
v -0.132938 -0.580775 -5.1818
vn -0.371137 -0.0181583 -0.928401
v -0.347481 -0.375606 -5.19222
vn 0.193408 0.328331 -0.92455
v -0.420905 -0.587545 -5.18649
vn 0.244466 -0.201853 -0.948415
v -0.041289 -0.446425 -5.18076
vn 0.0154087 0.0648451 -0.997776
v -0.551088 -0.155335 -5.2672
vn 0.358358 -0.34196 -0.868702
v -0.570876 -0.695858 -5.18961
vn 0.354369 -0.100295 -0.929711
v -0.36831 -0.331343 -5.1969
vn -0.00776261 -0.255617 -0.966747
v -0.444338 -0.589107 -5.18649
vn 0.233931 -0.181371 -0.955186
v -0.319882 -0.508393 -5.17399
vn 0.220058 -0.125004 -0.967444
v -0.419863 -0.31468 -5.19794
vn 0.544644 0.0341662 -0.837971
v -0.557337 -0.182934 -5.26095
vn 0.443323 -0.290265 -0.848063
v -0.002754 -0.495895 -5.17972
vn 0.0479806 -0.0525078 -0.997467
v 0.019637 -0.294371 -5.23596
vn -0.115434 -0.173702 -0.97801
v -0.259477 -0.532868 -5.15472
vn -0.493426 0.239279 -0.836227
v -0.39643 -0.370919 -5.20055
vn 0.0892442 0.151146 -0.984475
v -0.517241 -0.799484 -5.16826
vn 0.00240298 -0.0491935 -0.998786
v -0.696894 -0.271459 -5.27866
vn 0.3197 0.250228 -0.913881
v -0.010565 -0.351652 -5.20575
vn -0.1944 -0.11922 -0.97365
v -0.362062 -0.596397 -5.16878
vn 0.0707655 -0.139279 -0.987721
v -0.478186 -0.321449 -5.20315
vn 0.762916 -0.161843 -0.625912
v -0.388098 -0.163146 -5.21305
vn 0.154705 -0.0539804 -0.986485
v -0.209486 -0.364149 -5.17764
vn 0.00112696 -0.116011 -0.993247
v -0.60889 -0.185016 -5.2771
vn 0.21038 -0.30417 -0.929097
v -0.533904 -0.55578 -5.20836
vn 0.181357 -0.153521 -0.97136
v -0.225629 -0.538075 -5.16462
vn -0.0773819 -0.151977 -0.98535
v -0.263122 -0.338113 -5.1844
vn 0.15554 0.171444 -0.972838
v -0.277182 -0.262606 -5.18805
vn 0.110062 -0.00957558 -0.993879
v -0.632844 -0.384979 -5.24845
vn 0.142831 -0.185626 -0.972184
v -0.551609 -0.055353 -5.26095
vn -0.0863274 0.0904909 -0.992149
v -0.661484 -0.692212 -5.20523
vn 0.1792 -0.931621 -0.316181
v -0.163141 -0.181371 -5.18649
vn 0.0265026 -0.0291337 -0.999224
v -0.200634 -0.439656 -5.17868
vn -0.279337 -0.127842 -0.951644
v -0.606807 -0.164187 -5.28699
vn 0.15936 -0.397325 -0.903735
v -0.489121 -0.128777 -5.24064
vn 0.430866 0.0246108 -0.90208
v -0.267288 -0.721894 -5.12869
vn 0.518851 -0.124236 -0.845789
v -0.59483 -0.063164 -5.28282
vn 0.308198 0.662217 -0.682996
v -0.274578 -0.245942 -5.18857
vn 0.00655616 -0.0516317 -0.998645
v -0.189698 -0.632328 -5.14847
vn -0.302842 -0.340834 -0.890011
v -0.153768 -0.3855 -5.18076
vn -0.0728062 0.0299804 -0.996895
v -0.460481 -0.575047 -5.1943
vn 0.163211 -0.189673 -0.968187
v -0.578687 -0.596918 -5.21721
vn 0.262644 -0.119519 -0.957462
v -0.460481 -0.117321 -5.23856
vn 0.344271 0.091885 -0.934363
v -0.494849 -0.172519 -5.24533
vn -0.120934 0.0350222 -0.992043
v -0.388098 -0.107427 -5.20992
vn 0.474826 0.23221 -0.848893
v -0.58754 -0.111072 -5.27553
vn 0.181964 0.563882 -0.80556
v -0.256873 -0.628162 -5.14952
vn 0.219574 -0.100146 -0.970442
v -0.042851 -0.415702 -5.18128
vn 0.0237785 -0.117858 -0.992746
v -0.449545 -0.205846 -5.22294
vn 0.278825 -0.224437 -0.933748
v -0.58025 -0.802608 -5.16566
vn -0.172944 -0.0706409 -0.982395
v -0.63701 -0.713563 -5.20055
vn 0.13818 -0.411895 -0.900694
v -0.576084 -0.20897 -5.25366
vn 0.118149 0.0420744 -0.992104
v -0.220942 -0.515683 -5.16774
vn -0.0828118 -0.0520909 -0.995203
v -0.390702 -0.61983 -5.17035
vn 0.261256 -0.145883 -0.954182
v -0.440172 -0.072017 -5.22346
vn -0.578258 0.00447021 -0.815842
v -0.62295 -0.099095 -5.31511
vn 0.557588 -0.547288 -0.624156
v -0.143874 -0.603688 -5.17555
vn -0.342531 -0.180826 -0.92194
v -0.547964 -0.119404 -5.2698
vn 0.176241 0.0906887 -0.980161
v -0.48131 -0.519328 -5.19899
vn 0.214163 -0.0569625 -0.975136
v -0.591185 -0.387062 -5.23752
vn 0.221062 -0.142036 -0.964861
v -0.263643 -0.734913 -5.12504
vn 0.535708 -0.057235 -0.842462
v -0.069929 -0.384458 -5.1818
vn -0.0378692 -0.0700191 -0.996827
v -0.682314 -0.308951 -5.2797
vn 0.432258 -0.055213 -0.900058
v -0.413614 -0.629204 -5.17503
vn 0.301621 -0.102894 -0.94786
v -0.333942 -0.32197 -5.19482
vn 0.249392 0.0510712 -0.967055
v -0.561503 -0.16627 -5.26668
vn 0.24184 -0.279546 -0.929176
v -0.574522 -0.141795 -5.26147
vn 0.470652 -0.164886 -0.866775
v -0.285514 -0.141275 -5.19274
vn 0.776687 0.209236 -0.594119
v -0.395389 -0.503186 -5.18545
vn 0.068901 0.0535979 -0.996183
v -0.627116 -0.104303 -5.30574
vn 0.578636 -0.564663 -0.588503
v -0.205841 -0.274583 -5.18492
vn -0.00512213 -0.101653 -0.994807
v -0.450587 -0.863534 -5.15108
vn -0.08087 -0.0308046 -0.996249
v -0.002234 -0.367274 -5.19794
vn -0.660841 -0.424149 -0.619182
v -0.63024 -0.630766 -5.22502
vn 0.540781 -0.210951 -0.814282
v -0.476103 -0.594835 -5.18909
vn 0.245061 -0.257506 -0.934685
v -0.194385 -0.366753 -5.17764
vn -0.0600265 -0.0248928 -0.997886
v -0.559941 -0.020985 -5.27033
vn 0.267042 0.29804 -0.916439
v -0.187615 -0.613581 -5.15733
vn -0.274057 -0.343619 -0.898231
v -0.56619 -0.741162 -5.18336
vn 0.0430952 -0.314428 -0.948302
v -0.609411 -0.338113 -5.25523
vn 0.185344 -0.121315 -0.975156
v -0.454752 -0.600042 -5.18701
vn 0.132175 -0.145985 -0.980417
v -0.343315 -0.698982 -5.15733
vn 0.150742 -0.0914753 -0.984332
v -0.556817 -0.240214 -5.22971
vn -0.176292 -0.246832 -0.952888
v -0.480789 -0.20168 -5.24012
vn 0.210333 -0.349443 -0.913044
v -0.65159 -0.323011 -5.25939
vn -0.120634 0.545348 -0.829484
v -0.288117 -0.770844 -5.14327
vn 0.438935 0.516618 -0.735148
v -0.41726 -0.521411 -5.1917
vn 0.186753 -0.353024 -0.916786
v -0.081906 -0.546927 -5.19482
vn -0.142007 0.274569 -0.951024
v -0.305822 -0.373002 -5.18492
vn -0.00298079 -0.236658 -0.971588
v -0.391744 -0.443822 -5.1917
vn 0.199189 -0.0954986 -0.975297
v -0.319882 -0.156376 -5.19378
vn -0.0276882 -0.280211 -0.959539
v -0.054828 -0.462568 -5.17607
vn 0.340524 -0.293663 -0.8932
v -0.281348 -0.348527 -5.17868
vn 0.073309 -0.308571 -0.948372
v -0.604203 -0.080349 -5.29793
vn 0.813511 -0.255714 -0.522313
v -0.614618 -0.651595 -5.21409
vn 0.197653 -0.409956 -0.890432
v -0.600558 -0.564632 -5.22294
vn 0.328612 -0.0301376 -0.943984
v -0.13398 -0.365712 -5.18128
vn -0.0390459 -0.00596215 -0.99922
v -0.126169 -0.482356 -5.18024
vn -0.102481 0.0366392 -0.99406
v -0.575563 -0.731788 -5.1844
vn 0.175089 -0.2741 -0.945628
v -0.300094 -0.242818 -5.19326
vn 0.112973 0.0219359 -0.993356
v -0.21209 -0.681277 -5.11931
vn 0.300167 -0.510924 -0.805516
v 0.019116 -0.408933 -5.17816
vn -0.182552 -0.968842 0.167393
v -0.519844 -0.575568 -5.20263
vn 0.212723 -0.13688 -0.967477
v -0.370393 -0.437573 -5.19274
vn -0.0173268 0.155646 -0.987661
v -0.214173 -0.614623 -5.14952
vn -0.176666 -0.281388 -0.943191
v -0.391223 -0.731788 -5.16045
vn 0.152538 -0.0835037 -0.984764
v -0.638051 -0.186579 -5.28439
vn 0.00369392 -0.228479 -0.973542
v -0.212611 -0.428721 -5.1792
vn -0.322419 -0.212507 -0.922435
v -0.409448 -0.393311 -5.20055
vn 0.263662 -0.173537 -0.948877
v -0.517241 -0.275624 -5.237
vn -0.00642428 0.262266 -0.964974
v -0.441213 -0.379251 -5.19638
vn -0.211941 0.596534 -0.774098
v -0.421425 -0.178247 -5.21981
vn 0.322889 0.251101 -0.912519
v -0.178763 -0.170957 -5.18701
vn 0.0335245 0.0514965 -0.99811
v -0.418822 -0.311034 -5.21096
vn 0.330758 -0.20111 -0.922038
v -0.450066 -0.093888 -5.22867
vn 0.469383 -0.135927 -0.87247
v -0.526093 -0.358942 -5.20523
vn -0.136701 -0.109416 -0.984551
v -0.387057 -0.077224 -5.19638
vn 0.592638 0.368558 -0.716202
v -0.149602 -0.677632 -5.14431
vn -0.374559 -0.491111 -0.786458
v -0.409448 -0.328739 -5.19742
vn 0.630134 -0.0426882 -0.775312
v -0.455794 -0.181892 -5.22658
vn 0.348518 0.208414 -0.913837
v -0.372476 -0.271979 -5.19846
vn 0.114506 0.350896 -0.929387
v 0.024845 -0.403205 -5.20732
vn -0.522999 -0.547142 -0.653535
v -0.688563 -0.198556 -5.28699
vn -0.539608 -0.760216 -0.361794
v -0.660443 -0.627641 -5.26095
vn 0.976403 -0.131464 -0.171331
v -0.009003 -0.389665 -5.18545
vn -0.143708 -0.391514 -0.908881
v -0.620867 -0.134505 -5.28074
vn 0.203038 -0.464739 -0.861854
v -0.533904 -0.875511 -5.15837
vn 0.244521 -0.120839 -0.962085
v -0.494849 -0.745848 -5.17399
vn 0.126721 -0.011555 -0.991871
v -0.405803 -0.291767 -5.20211
vn 0.540986 -0.480063 -0.69056
v -0.50943 -0.108989 -5.2495
vn 0.34477 -0.0188076 -0.938499
v -0.460481 -0.312076 -5.20211
vn 0.205588 -0.0589137 -0.976864
v -0.53078 -0.502665 -5.21148
vn 0.049656 -0.168229 -0.984496
v -0.720848 -0.33655 -5.30001
vn 0.661964 0.0196918 -0.749277
v -0.376121 -0.710438 -5.16201
vn 0.184629 -0.0751395 -0.979932
v -0.730742 -0.499541 -5.24689
vn 0.173057 -0.0785679 -0.981773
v -0.306343 -0.230841 -5.19117
vn 0.41912 -0.0425597 -0.906933
v -0.384453 -0.473504 -5.18545
vn 0.061948 -0.0846596 -0.994482
v -0.518803 -0.943207 -5.15212
vn 0.188709 -0.0180912 -0.981866
v -0.097528 -0.557342 -5.19534
vn -0.329767 0.232079 -0.915092
v -0.52401 -0.527139 -5.2068
vn 0.118735 -0.172251 -0.977871
v -0.563065 -0.540679 -5.20315
vn 0.39752 0.906361 -0.143134
v -0.535466 -0.165749 -5.24637
vn -0.0379437 0.650663 -0.758418
v -0.554213 -0.760949 -5.17503
vn 0.0417539 -0.153299 -0.987297
v -0.142832 -0.664614 -5.15472
vn -0.407789 -0.310955 -0.858496
v -0.600558 -0.215219 -5.25835
vn 0.427184 -0.203425 -0.880984
v -0.395909 -0.40008 -5.1969
vn 0.200369 0.0535752 -0.978255
v -0.386015 -0.327177 -5.19378
vn 0.119653 -0.680106 -0.723283
v 0.014951 -0.426117 -5.16305
vn 0.374945 0.264852 -0.888408
v -0.517761 -0.086598 -5.25835
vn 0.395987 0.0727309 -0.915371
v -0.441734 -0.317283 -5.19794
vn -0.508495 -0.483394 -0.712575
v -0.348002 -0.488084 -5.1818
vn 0.314534 -0.0696155 -0.94669
v -0.542757 -0.22303 -5.23544
vn 0.00744777 0.553666 -0.832706
v -0.618784 -0.480273 -5.23283
vn 0.105504 -0.111676 -0.988128
v -0.053786 -0.509434 -5.18753
vn 0.0438167 0.0606012 -0.9972
v -0.086593 -0.621392 -5.21565
vn -0.813508 -0.103966 -0.572184
v -0.239168 -0.443822 -5.17399
vn -0.0633436 -0.184999 -0.980695
v -0.507867 -0.479753 -5.2094
vn -0.58273 0.362643 -0.727266
v -0.435485 -0.418827 -5.18649
vn -0.180098 0.668394 -0.721675
v -0.449024 -0.128777 -5.22867
vn 0.495462 -0.088507 -0.864109
v -0.407366 -0.382375 -5.20211
vn 0.378752 -0.121943 -0.91743
v -0.189698 -0.399039 -5.17868
vn -0.0362429 -0.0958395 -0.994737
v -0.486517 -0.575047 -5.19482
vn 0.173902 -0.0924603 -0.980413
v -0.392264 -0.531305 -5.18701
vn 0.244017 -0.301332 -0.921767
v -0.081385 -0.357901 -5.18388
vn -0.0939807 -0.156544 -0.98319
v -0.704705 -0.334467 -5.28907
vn 0.587004 -0.256187 -0.767981
v -0.652111 -0.474545 -5.24116
vn 0.131159 -0.0108853 -0.991302
v -0.541195 -0.191786 -5.25418
vn 0.505925 -0.223701 -0.833065
v -0.119399 -0.258961 -5.19274
vn -0.0556275 0.0644141 -0.996372
v -0.748968 -0.503706 -5.20888
vn -0.96705 -0.0784594 -0.242196
v -0.463084 -0.477149 -5.20211
vn 0.162857 -0.0749488 -0.983799
v -0.491725 -0.811982 -5.1641
vn 0.233268 -0.175275 -0.956486
v -0.131897 -0.20168 -5.18388
vn 0.0917752 0.106813 -0.990034
v -0.507867 -0.206367 -5.22919
vn -0.329555 -0.331818 -0.883906
v -0.340711 -0.544844 -5.17868
vn 0.13367 -0.315476 -0.939472
v 0.005577 -0.278228 -5.23335
vn -0.128869 0.0634397 -0.98963
v -0.420384 -0.640139 -5.17659
vn 0.499123 0.473712 -0.725585
v 0.02901 -0.391748 -5.21565
vn -0.533776 -0.167066 -0.828959
v -0.612535 -0.284477 -5.26043
vn 0.261221 -0.0346384 -0.964657
v -0.58754 -0.235528 -5.25887
vn 0.193565 0.0543479 -0.979581
v -0.588581 -0.579734 -5.21617
vn 0.278391 -0.158204 -0.947349
v -0.602121 -0.254274 -5.2495
vn -0.485294 -0.527919 -0.696988
v -0.568273 -0.147524 -5.27293
vn 0.502035 -0.0601308 -0.862755
v -0.723973 -0.334988 -5.29063
vn 0.511662 0.158522 -0.844436
v -0.107943 -0.650033 -5.18284
vn -0.694566 -0.14565 -0.704531
v -0.302177 -0.57713 -5.16305
vn 0.109923 0.211994 -0.971069
v -0.181367 -0.696899 -5.10577
vn -0.197631 -0.742595 -0.639918
v -0.126689 -0.502665 -5.18336
vn -0.0990556 0.109702 -0.989016
v -0.45996 -0.197514 -5.23387
vn 0.466356 -0.371959 -0.802595
v -0.130334 -0.61983 -5.17659
vn -0.397466 -0.180651 -0.899659
v -0.556296 -0.19491 -5.24793
vn 0.0464961 -0.804234 -0.592491
v -0.242293 -0.708876 -5.09744
vn 0.866061 -0.468017 -0.17578
v -0.315716 -0.537033 -5.1693
vn 0.103966 -0.117608 -0.987603
v -0.407366 -0.183454 -5.21617
vn 0.329662 0.170156 -0.928639
v -0.415697 -0.339675 -5.20471
vn 0.441337 -0.392161 -0.807113
v -0.306864 -0.53443 -5.15108
vn 0.192984 0.0974987 -0.976346
v -0.206883 -0.63389 -5.14535
vn -0.0995077 -0.251792 -0.962652
v -0.675544 -0.582337 -5.26824
vn 0.453336 0.37549 -0.80839
v -0.377684 -0.768761 -5.15681
vn -0.00552397 -0.00552397 -0.999969
v -0.457356 -0.112114 -5.23179
vn 0.461621 0.348707 -0.815665
v -0.461001 -0.863014 -5.15316
vn 0.172986 -0.2192 -0.960223
v -0.092321 -0.480273 -5.18545
vn -0.0571948 0.0704923 -0.995871
v -0.38914 -0.487564 -5.18545
vn 0.0650108 0.00294503 -0.99788
v -0.091279 -0.334467 -5.19222
vn -0.0559325 0.368879 -0.927793
v -0.097007 -0.532868 -5.18961
vn -0.035586 0.19781 -0.979594
v -0.322486 -0.540679 -5.1516
vn -0.033664 0.0350124 -0.99882
v -0.068888 -0.306348 -5.19742
vn -0.167765 -0.144139 -0.975233
v -0.533904 -0.715646 -5.1818
vn 0.315198 -0.0272995 -0.948633
v -0.415697 -0.457361 -5.19586
vn 0.20771 -0.0903276 -0.974011
v -0.414656 -0.086077 -5.2094
vn -0.405309 0.485671 -0.774498
v -0.322486 -0.628683 -5.15837
vn 0.200322 -0.114499 -0.973016
v -0.454232 -0.691692 -5.17659
vn -0.0187167 -0.148164 -0.988786
v -0.356334 -0.467255 -5.1844
vn 0.261136 -0.0754876 -0.962346
v -0.25479 -0.713563 -5.10629
vn 0.237717 -0.369866 -0.898159
v -0.459439 -0.168353 -5.22815
vn 0.183434 -0.0637892 -0.98096
v -0.27562 -0.585462 -5.15993
vn 0.0812644 -0.185469 -0.979284
v -0.007962 -0.327177 -5.20836
vn -0.251912 -0.0407173 -0.966893
v -0.108464 -0.606291 -5.19117
vn -0.485221 -0.108198 -0.867671
v -0.383932 -0.132422 -5.20732
vn -0.59304 -0.567412 -0.571269
v -0.11992 -0.358942 -5.18232
vn -0.0235392 0.00969292 -0.999676
v -0.485997 -0.71148 -5.17607
vn 0.133108 -0.0845504 -0.987488
v -0.512554 -0.628162 -5.1917
vn 0.169935 -0.217399 -0.961176
v -0.621908 -0.157938 -5.2797
vn 0.1315 0.0360685 -0.99066
v -0.359458 -0.403205 -5.1943
vn 0.0213929 0.0827229 -0.996343
v -0.572959 -0.397997 -5.23335
vn 0.235265 -0.137048 -0.96222
v -0.160537 -0.390707 -5.17816
vn 0.0885459 0.204098 -0.974938
v -0.217297 -0.375085 -5.17816
vn 0.229509 -0.0658567 -0.971076
v -0.644821 -0.267293 -5.26928
vn 0.199818 -0.124642 -0.971873
v -0.236564 -0.697941 -5.10213
vn 0.896838 -0.434672 0.0821095
v -0.54484 -0.20168 -5.24533
vn 0.270857 -0.552821 -0.788052
v -0.290721 -0.789069 -5.16253
vn 0.211177 0.665575 -0.715831
v -0.590144 -0.222509 -5.25627
vn 0.0902327 0.100509 -0.990836
v -0.70783 -0.459965 -5.25002
vn 0.138841 -0.223814 -0.964692
v -0.465688 -0.696378 -5.17347
vn 0.0559838 -0.0998177 -0.99343
v -0.342794 -0.658885 -5.15993
vn 0.0773242 -0.0696702 -0.994569
v -0.179804 -0.589628 -5.15733
vn -0.817132 0.442709 -0.369194
v -0.331338 -0.543803 -5.17087
vn 0.297517 -0.132742 -0.945443
v -0.215735 -0.228758 -5.18909
vn 0.0729334 0.0537794 -0.995886
v -0.494849 -0.65524 -5.1818
vn 0.0662794 -0.121184 -0.990415
v -0.441734 -0.728143 -5.16774
vn 0.219195 -0.182904 -0.958384
v -0.002754 -0.375606 -5.19378
vn -0.0859595 -0.0625187 -0.994335
v -0.419342 -0.785945 -5.15628
vn 0.107917 -0.0990955 -0.989209
v -0.300615 -0.157938 -5.17399
vn 0.570806 0.54492 -0.614201
v -0.241772 -0.366232 -5.18284
vn -0.0648362 -0.0839334 -0.99436
v -0.429236 -0.192828 -5.2245
vn 0.00943748 -0.376892 -0.926209
v -0.525052 -0.135026 -5.25991
vn 0.389787 -0.478822 -0.786636
v -0.48808 -0.33603 -5.21617
vn 0.670312 0.265227 -0.693063
v -0.49537 -0.765115 -5.17243
vn 0.145698 -0.0960548 -0.984655
v -0.556296 -0.83229 -5.16774
vn 0.0688784 -0.12571 -0.989673
v -0.052745 -0.40008 -5.18232
vn -0.0895922 -0.100711 -0.990874
v -0.163141 -0.572443 -5.17035
vn -0.196073 -0.101929 -0.975277
v -0.492766 -0.355297 -5.21877
vn 0.31 -0.183665 -0.932828
v -0.274057 -0.226155 -5.18909
vn 0.0761702 -0.173043 -0.981964
v -0.654194 -0.181892 -5.28282
vn 0.148676 -0.435847 -0.887656
v -0.59483 -0.451112 -5.22971
vn 0.225595 -0.0803284 -0.970904
v -0.412573 -0.24386 -5.21565
vn 0.134871 0.060597 -0.989009
v -0.484955 -0.304265 -5.22762
vn 0.203095 -0.0965355 -0.974389
v -0.499015 -0.219385 -5.23127
vn -0.00944537 -0.578527 -0.815609
v -0.33238 -0.15221 -5.20003
vn 0.218755 -0.124568 -0.967796
v -0.740636 -0.472983 -5.2521
vn -0.733916 -0.145327 -0.663512
v -0.633885 -0.319887 -5.25991
vn 0.138901 -0.0147608 -0.990196
v -0.641176 -0.15898 -5.29845
vn 0.677634 -0.646738 -0.35006
v -0.364145 -0.425596 -5.18909
vn -0.35894 0.111134 -0.926721
v -0.442255 -0.627121 -5.17711
vn 0.0183814 -0.292803 -0.955996
v 0.030573 -0.35738 -5.21721
vn -0.399805 0.0100381 -0.916545
v -0.26885 -0.607853 -5.15264
vn 0.181243 -0.171472 -0.968374
v 0.02849 -0.284998 -5.22398
vn -0.119782 0.274089 -0.954216
v -0.740115 -0.354255 -5.28647
vn -0.966704 -0.130847 -0.219914
v -0.560982 -0.080349 -5.26928
vn 0.265768 0.0398145 -0.963215
v -0.437568 -0.670342 -5.17451
vn 0.336852 -0.105347 -0.935646
v -0.656798 -0.666176 -5.21565
vn 0.560785 -0.546475 -0.622001
v -0.490162 -0.399559 -5.21565
vn 0.208209 -0.0578726 -0.976371
v -0.281868 -0.615144 -5.13754
vn 0.39606 -0.915808 -0.0665701
v -0.291242 -0.571923 -5.15576
vn 0.107547 0.48525 -0.867736
v -0.638051 -0.249588 -5.27085
vn 0.238711 -0.126567 -0.962807
v -0.080865 -0.461006 -5.18128
vn -0.253422 0.171917 -0.951957
v -0.609932 -0.505269 -5.23127
vn 0.139545 -0.0158607 -0.990089
v -0.648466 -0.695337 -5.21305
vn 0.0708174 -0.55091 -0.831555
v -0.70783 -0.202721 -5.27866
vn -0.422279 -0.649724 -0.632091
v -0.421946 -0.542241 -5.18545
vn 0.0562065 0.183825 -0.981351
v -0.556296 -0.101178 -5.27241
vn 0.315039 0.0575471 -0.947333
v -0.625554 -0.141275 -5.28439
vn 0.355536 -0.402856 -0.843387
v -0.425071 -0.557342 -5.18649
vn -0.601444 0.230782 -0.764856
v -0.54484 -0.74689 -5.17868
vn -0.048255 -0.288027 -0.956406
v -0.057432 -0.528181 -5.18961
vn -0.0381368 0.180004 -0.982926
v -0.177721 -0.646388 -5.14899
vn -0.338653 -0.410677 -0.846557
v -0.039727 -0.48496 -5.1844
vn 0.0520191 0.115882 -0.9919
v -0.249062 -0.578692 -5.14274
vn 0.10924 -0.567291 -0.81624
v -0.432882 -0.13086 -5.22294
vn 0.321939 -0.01007 -0.946707
v -0.174076 -0.597439 -5.15733
vn 0.515912 0.727386 -0.452487
v -0.019418 -0.408412 -5.1818
vn 0.0400284 -0.136881 -0.989778
v -0.316237 -0.142837 -5.18232
vn 0.665992 0.73985 -0.0952745
v -0.578687 -0.525577 -5.22086
vn 0.326441 0.00114004 -0.945217
v -0.231878 -0.441218 -5.16618
vn -0.482271 0.774565 -0.409223
v -0.350085 -0.562029 -5.17295
vn 0.120226 -0.118198 -0.985685
v -0.624512 -0.334988 -5.2547
vn 0.161103 -0.053469 -0.985488
v -0.284993 -0.190745 -5.19065
vn 0.0842323 0.469116 -0.87911
v -0.012128 -0.427158 -5.17659
vn 0.236655 -0.431124 -0.870704
v -0.207924 -0.547448 -5.1667
vn -0.188609 -0.143924 -0.971449
v -0.45319 -0.212615 -5.22867
vn 0.290753 -0.183446 -0.939048
v -0.427674 -0.205325 -5.21721
vn -0.00203757 -0.304104 -0.952637
v -0.154809 -0.341758 -5.1818
vn 0.02021 -0.059678 -0.998013
v -0.243334 -0.415702 -5.17764
vn -0.205931 -0.0149218 -0.978453
v -0.480789 -0.886967 -5.15316
vn -0.0392626 0.0127397 -0.999148
v -0.180846 -0.424034 -5.17139
vn 0.0711576 0.0738031 -0.994731
v -0.038685 -0.43549 -5.18024
vn 0.073216 -0.0311349 -0.99683
v -0.212611 -0.304265 -5.18076
vn 0.110112 -0.00291148 -0.993915
v -0.131897 -0.450071 -5.18024
vn -0.0714761 0.0479673 -0.996288
v -0.068888 -0.519849 -5.18753
vn -0.000850029 0.100203 -0.994967
v -0.62295 -0.553697 -5.23179
vn 0.32817 0.0901979 -0.940302
v -0.441734 -0.221989 -5.21825
vn 0.454205 -0.106617 -0.884495
v -0.499015 -0.087639 -5.24898
vn 0.232761 -0.161215 -0.959079
v -0.391223 -0.433407 -5.19274
vn 0.0774424 -0.20617 -0.975447
v -0.619305 -0.622434 -5.22242
vn 0.403991 -0.244079 -0.881599
v -0.235002 -0.469338 -5.16305
vn 0.323177 0.145355 -0.935109
v -0.132417 -0.521411 -5.18232
vn -0.192719 0.00431785 -0.981244
v -0.124606 -0.189182 -5.1818
vn 0.113209 0.0978113 -0.988745
v -0.635448 -0.20168 -5.28282
vn 0.259186 -0.34505 -0.902088
v -0.210528 -0.460485 -5.16722
vn 0.296477 -0.780865 -0.549864
v -0.72918 -0.366232 -5.28803
vn 0.312426 -0.534026 -0.785625
v -0.106901 -0.61983 -5.18961
vn -0.637701 -0.157199 -0.754072
v -0.484955 -0.283956 -5.22658
vn 0.380056 0.104068 -0.91909
v -0.456315 -0.156897 -5.23596
vn 0.498958 0.138762 -0.855445
v -0.518803 -0.69742 -5.18128
vn 0.108661 -0.0550617 -0.992553
v 0.008181 -0.482356 -5.18076
vn -0.122146 0.0191726 -0.992327
v -0.237606 -0.144399 -5.17868
vn -0.2572 0.33708 -0.905663
v -0.234482 -0.601084 -5.15056
vn -0.0576271 -0.198025 -0.978502
v -0.368831 -0.642743 -5.16253
vn 0.129894 -0.118745 -0.984392
v -0.171473 -0.632328 -5.15576
vn -0.329937 -0.308897 -0.892034
v -0.529738 -0.433928 -5.22034
vn 0.23896 0.103579 -0.965489
v -0.662526 -0.692733 -5.22086
vn -0.420144 -0.621458 -0.661263
v -0.673461 -0.187099 -5.29636
vn 0.476073 -0.35609 -0.804086
v -0.620867 -0.745848 -5.18024
vn 0.212423 -0.61326 -0.760781
v -0.007441 -0.414661 -5.18284
vn -0.167589 0.0105125 -0.985801
v -0.338629 -0.352693 -5.18909
vn 0.883088 -0.146464 -0.445762
v -0.307905 -0.20168 -5.19794
vn 0.260454 -0.277134 -0.924857
v -0.506826 -0.849474 -5.16045
vn -0.00136804 -0.198807 -0.980038
v -0.673982 -0.154814 -5.32761
vn 0.40528 -0.634745 -0.65791
v -0.314675 -0.592752 -5.1641
vn 0.168969 -0.117345 -0.978611
v -0.325089 -0.461006 -5.18232
vn 0.0844405 -0.108299 -0.990526
v -0.618784 -0.189182 -5.27553
vn 0.236356 -0.296055 -0.925466
v -0.483914 -0.789069 -5.16826
vn 0.157292 -0.155702 -0.975201
v -0.143353 -0.434449 -5.17868
vn -0.0776177 -0.0340055 -0.996403
v -0.618263 -0.691692 -5.20523
vn 0.270479 -0.228895 -0.935119
v -0.683876 -0.180851 -5.31615
vn 0.209447 -0.949339 -0.23428
v -0.352688 -0.368836 -5.18649
vn 0.135931 0.37575 -0.916698
v -0.266767 -0.216261 -5.19222
vn -0.017966 -0.065037 -0.997721
v -0.404762 -0.829166 -5.15108
vn -0.0680453 -0.159931 -0.98478
v -0.567752 -0.123049 -5.2672
vn 0.505018 0.819314 -0.271443
v -0.205841 -0.590669 -5.14847
vn -0.447954 0.303305 -0.841037
v -0.582333 -0.196993 -5.25418
vn 0.0205817 -0.00126045 -0.999787
v -0.492766 -0.904672 -5.14847
vn -0.168883 -0.18999 -0.967152
v -0.626074 -0.174602 -5.28595
vn 0.154209 -0.0870314 -0.984198
v -0.552651 -0.022547 -5.26616
vn 0.333762 0.192455 -0.922802
v -0.466209 -0.408933 -5.20888
vn 0.408049 -0.00122274 -0.912959
v -0.252707 -0.239694 -5.19065
vn 0.109332 -0.226793 -0.967787
v -0.654715 -0.367795 -5.25783
vn 0.308678 -0.204252 -0.928977
v -0.094404 -0.387062 -5.18128
vn -0.0373466 -0.0764204 -0.996376
v -0.682314 -0.198035 -5.2974
vn -0.135955 -0.59852 -0.789488
v -0.337066 -0.129298 -5.18805
vn 0.484145 0.467591 -0.739569
v -0.292804 -0.333426 -5.19065
vn 0.0141299 -0.023738 -0.999618
v -0.392785 -0.342799 -5.19117
vn 0.290654 -0.327587 -0.899003
v -0.400596 -0.40685 -5.19899
vn 0.152068 0.010347 -0.988316
v -0.213652 -0.449029 -5.16878
vn -0.0755641 -0.124264 -0.989368
v -0.357896 -0.71877 -5.15837
vn 0.138313 -0.0467612 -0.989284
v -0.150643 -0.474545 -5.17816
vn -0.0618826 0.0442985 -0.9971
v -0.165744 -0.540158 -5.17607
vn -0.200285 -0.0372341 -0.97903
v -0.268329 -0.595356 -5.15472
vn 0.0378012 -0.251455 -0.96713
v -0.469333 -0.560467 -5.1943
vn 0.0942386 -0.100254 -0.990489
v -0.051703 -0.494854 -5.18597
vn 0.0736804 0.0686831 -0.994914
v -0.035561 -0.560467 -5.20419
vn -0.0459245 0.61884 -0.784173
v -0.490683 -0.599522 -5.19326
vn 0.272006 -0.206935 -0.939782
v -0.50995 -0.300099 -5.21773
vn 0.402051 0.0753726 -0.91251
v -0.379767 -0.176164 -5.20992
vn 0.163225 -0.030365 -0.986122
v -0.58025 -0.285518 -5.25158
vn 0.275231 -0.0456886 -0.960292
v -0.058994 -0.572443 -5.21305
vn -0.187581 0.576688 -0.795138
v 0.025886 -0.337071 -5.21409
vn -0.275723 0.0522723 -0.959815
v -0.334983 -0.193869 -5.20107
vn 0.103712 -0.187967 -0.976684
v -0.251666 -0.342799 -5.18284
vn 0.152289 0.219285 -0.963702
v -0.341232 -0.716687 -5.15628
vn 0.094359 0.00136874 -0.995537
v -0.2048 -0.340716 -5.18076
vn -0.0338714 -0.163956 -0.985886
v -0.402679 -0.68336 -5.1667
vn 0.152446 -0.066725 -0.986057
v -0.320403 -0.228237 -5.19742
vn -0.0277753 -0.0577124 -0.997947
v -0.308947 -0.270417 -5.19222
vn -0.392852 0.203598 -0.89678
v -0.298011 -0.200118 -5.1969
vn 0.237299 -0.148421 -0.960031
v -0.58025 -0.345924 -5.24116
vn 0.229563 -0.19157 -0.954254
v -0.237606 -0.537554 -5.16253
vn -0.168612 -0.0941621 -0.981175
v -0.174597 -0.601605 -5.16462
vn -0.236547 -0.13731 -0.961869
v -0.230316 -0.453195 -5.17347
vn 0.0388703 -0.362389 -0.931216
v -0.518803 -0.835415 -5.16357
vn 0.132794 -0.178674 -0.974906
v -0.514116 -0.25844 -5.23544
vn 0.269412 0.14949 -0.951352
v -0.225108 -0.627121 -5.14431
vn -0.0377462 -0.263196 -0.964004
v -0.271454 -0.273541 -5.18857
vn -0.00396162 0.0792557 -0.996846
v -0.688042 -0.560987 -5.25679
vn 0.0644246 0.48668 -0.871201
v -0.544319 -0.08868 -5.26616
vn 0.354866 0.156398 -0.921743
v -0.699498 -0.308431 -5.28699
vn 0.440119 0.132968 -0.88804
v -0.607849 -0.358942 -5.24689
vn 0.31946 -0.245117 -0.915348
v -0.124086 -0.224592 -5.18545
vn -0.00419998 0.177594 -0.984095
v -0.663046 -0.167832 -5.31615
vn 0.552252 -0.529592 -0.643856
v -0.557337 -0.332385 -5.2396
vn 0.195329 -0.249331 -0.948515
v -0.581812 -0.613581 -5.2094
vn 0.210605 -0.221948 -0.952042
v -0.294366 -0.27979 -5.19117
vn 0.282445 0.0073875 -0.959255
v -0.379246 -0.556821 -5.17868
vn 0.202337 -0.206665 -0.957261
v -0.349564 -0.807295 -5.16826
vn -0.494631 0.174233 -0.851459
v -0.158454 -0.556821 -5.17555
vn -0.21467 -0.0718073 -0.974043
v -0.625033 -0.507872 -5.23387
vn 0.248086 -0.0600543 -0.966875
v -0.348002 -0.550052 -5.17295
vn 0.0438846 -0.235956 -0.970772
v -0.629199 -0.163146 -5.2771
vn 0.0511542 0.339427 -0.939241
v -0.287076 -0.616185 -5.1542
vn 0.118826 -0.731628 -0.671268
v -0.412573 -0.54172 -5.18492
vn 0.231803 0.189138 -0.954198
v -0.579729 -0.264168 -5.25002
vn -0.0745311 -0.145343 -0.98657
v -0.531301 -0.156897 -5.25939
vn 0.362962 -0.194029 -0.911379
v -0.521927 -0.179809 -5.25158
vn 0.727284 -0.627012 -0.279129
v -0.038685 -0.277707 -5.20523
vn -0.901445 0.429208 -0.0563674
v -0.650549 -0.453716 -5.24064
vn 0.0945147 -0.119954 -0.98827
v 0.04255 -0.382896 -5.2245
vn 0.0455693 -0.72876 -0.683252
v -0.454232 -0.51308 -5.19846
vn 0.187006 -0.0343374 -0.981758
v -0.50266 -0.572443 -5.19951
vn 0.196884 0.00767551 -0.980397
v -0.252707 -0.634932 -5.14691
vn 0.280004 -0.445407 -0.850418
v -0.301136 -0.465693 -5.17764
vn 0.14791 -0.0938459 -0.984538
v -0.521927 -0.928105 -5.15004
vn 0.411128 -0.128616 -0.902459
v -0.491204 -0.188662 -5.23908
vn 0.00726683 -0.00452347 -0.999963
v -0.079302 -0.498499 -5.18597
vn 0.00179058 0.0411572 -0.999151
v -0.104818 -0.478711 -5.18284
vn -0.115338 0.0987745 -0.988403
v -0.692728 -0.180851 -5.32188
vn 0.076053 -0.960435 -0.267919
v -0.588581 -0.80365 -5.1667
vn -0.153097 0.187632 -0.970235
v -0.315195 -0.163146 -5.19482
vn 0.281215 0.227046 -0.932399
v -0.121482 -0.489126 -5.18128
vn -0.1613 0.117164 -0.979926
v -0.097007 -0.582858 -5.19846
vn -0.657808 -0.00779263 -0.753145
v -0.253228 -0.582337 -5.1542
vn 0.376739 -0.281944 -0.882369
v 0.015471 -0.395914 -5.20575
vn -0.62292 -0.433559 -0.65115
v -0.517761 -0.325094 -5.22971
vn 0.143704 -0.378789 -0.914258
v -0.29697 -0.715125 -5.14379
vn 0.414059 -0.0760534 -0.907067
v -0.669295 -0.558904 -5.25262
vn 0.223946 0.403808 -0.88701
v -0.257394 -0.743245 -5.11879
vn 0.562287 -0.0213672 -0.826666
v -0.599517 -0.061082 -5.27397
vn -0.0913 0.957523 -0.273522
v -0.083989 -0.507872 -5.18649
vn 0.0430578 0.0363303 -0.998412
v -0.32561 -0.36467 -5.19013
vn 0.236587 -0.0842549 -0.96795
v -0.482351 -0.106385 -5.24221
vn 0.155927 0.0987442 -0.982821
v -0.608369 -0.727622 -5.1917
vn 0.148711 -0.417033 -0.896643
v -0.193343 -0.49902 -5.16982
vn -0.0420363 -0.0034762 -0.99911
v -0.50995 -0.169394 -5.23856
vn 0.359098 -0.112063 -0.926548
v -0.367269 -0.72606 -5.15889
vn 0.050033 -0.0255461 -0.998421
v -0.09857 -0.188141 -5.17816
vn 0.051195 0.181171 -0.982118
v -0.507347 -0.086077 -5.25106
vn 0.422726 -0.0798107 -0.902736
v -0.384974 -0.465693 -5.18284
vn -0.177724 -0.140611 -0.973983
v -0.525572 -0.47767 -5.21305
vn 0.163014 -0.0265154 -0.986267
v -0.543798 -0.712 -5.18597
vn 0.189181 -0.0191942 -0.981755
v -0.172514 -0.274062 -5.18857
vn -0.0605865 -0.0696267 -0.995732
v -0.368831 -0.776572 -5.15785
vn -0.185939 0.0471031 -0.981432
v -0.344877 -0.734392 -5.15628
vn 0.0665379 -0.019566 -0.997592
v -0.626595 -0.595356 -5.23335
vn 0.457123 -0.181061 -0.870778
v -0.016293 -0.296975 -5.2094
vn -0.189159 -0.201316 -0.961088
v -0.636489 -0.482356 -5.237
vn 0.238652 -0.0889868 -0.96702
v 0.038384 -0.399039 -5.22242
vn -0.677437 -0.271795 -0.683525
v -0.546402 -0.382896 -5.22971
vn 0.471225 -0.273503 -0.838536
v -0.60889 -0.240214 -5.26356
vn 0.268035 -0.0814545 -0.95996
v -0.513075 -0.064206 -5.25575
vn 0.233795 -0.564019 -0.791974
v -0.2902 -0.364149 -5.1844
vn 0.141178 0.101597 -0.984757
v -0.339149 -0.33655 -5.19638
vn 0.124665 -0.103598 -0.986776
v -0.401637 -0.135547 -5.21357
vn 0.0983823 0.011941 -0.995077
v -0.714079 -0.530264 -5.24325
vn -0.126186 0.175271 -0.9764
v -0.331338 -0.286039 -5.19638
vn 0.0271986 -0.172737 -0.984592
v -0.120441 -0.437573 -5.18076
vn -0.161968 -0.0311602 -0.986304
v -0.718765 -0.476628 -5.24793
vn 0.137559 -0.139012 -0.98069
v -0.421425 -0.551093 -5.19065
vn -0.0318244 -0.0357674 -0.998853
v -0.061077 -0.579734 -5.21617
vn -0.306276 0.522647 -0.795635
v -0.548485 -0.603167 -5.20107
vn 0.157462 -0.146594 -0.976584
v -0.002754 -0.277187 -5.21773
vn -0.216601 -0.280575 -0.935073
v -0.459439 -0.087118 -5.24064
vn -0.089343 -0.682239 -0.725649
v -0.333421 -0.24386 -5.19951
vn 0.186145 0.0596283 -0.980711
v -0.428195 -0.639618 -5.1792
vn -0.0124572 -0.0241465 -0.999631
v -0.323527 -0.474024 -5.18076
vn 0.159945 -0.158474 -0.974322
v -0.528697 -0.95258 -5.14691
vn 0.106043 -0.0431311 -0.993426
v -0.588061 -0.50631 -5.22294
vn 0.147314 0.00428001 -0.989081
v -0.408928 -0.71148 -5.16514
vn -0.00256556 -0.54593 -0.837827
v -0.615139 -0.202201 -5.2672
vn 0.378894 -0.242486 -0.893107
v -0.422988 -0.44278 -5.19846
vn 0.153085 -0.0665271 -0.985971
v -0.030874 -0.323532 -5.20159
vn -0.161952 -0.255621 -0.953116
v -0.529218 -0.342278 -5.22867
vn 0.216114 -0.29585 -0.930466
v -0.227191 -0.556821 -5.15889
vn 0.0357315 -0.220891 -0.974644
v -0.093883 -0.232924 -5.18961
vn -0.0280025 0.240406 -0.970268
v -0.193864 -0.620351 -5.15212
vn -0.273386 -0.374196 -0.886136
v -0.150643 -0.253233 -5.19065
vn -0.106971 0.0316575 -0.993758
v -0.217297 -0.558904 -5.16253
vn -0.223198 -0.18501 -0.957055
v 0.011826 -0.364149 -5.20419
vn -0.248673 0.142488 -0.958049
v -0.578167 -0.514121 -5.21877
vn 0.722385 0.0855936 -0.686173
v -0.334983 -0.523494 -5.17347
vn 0.1763 -0.0801519 -0.981068
v -0.107943 -0.380292 -5.18076
vn -0.0444607 -0.0719806 -0.996415
v -0.237085 -0.429762 -5.17139
vn -0.186159 -0.0768256 -0.979511
v -0.255832 -0.281873 -5.18857
vn 0.0239802 -0.0435609 -0.998763
v -0.440172 -0.867179 -5.15472
vn -0.0401118 0.0210887 -0.998973
v -0.318841 -0.236049 -5.19586
vn 0.23136 -0.215163 -0.948777
v -0.599517 -0.232403 -5.26356
vn 0.28181 -0.0118469 -0.959397
v -0.431319 -0.447467 -5.19951
vn 0.0281254 -0.0819278 -0.996241
v -0.617743 -0.739599 -5.1844
vn 0.153352 -0.498519 -0.853207
v -0.591185 -0.338113 -5.24585
vn 0.282075 -0.186816 -0.941028
v -0.606807 -0.499541 -5.22658
vn -0.234448 0.473348 -0.849103
v -0.367269 -0.452154 -5.1917
vn 0.329249 -0.205077 -0.921704
v -0.558379 -0.256357 -5.2344
vn -0.148868 0.288925 -0.945706
v -0.485997 -0.312076 -5.22606
vn 0.19994 -0.110995 -0.973501
v -0.271974 -0.439656 -5.1667
vn 0.00609427 -0.207679 -0.978178
v -0.365707 -0.171998 -5.20888
vn -0.154008 0.143428 -0.977604
v -0.212611 -0.571402 -5.16097
vn -0.51193 -0.473705 -0.716611
v -0.4032 -0.115759 -5.21148
vn 0.296991 0.205895 -0.932418
v -0.426633 -0.291767 -5.20159
vn -0.417867 -0.432366 -0.799029
v 0.001932 -0.367795 -5.20784
vn -0.49452 -0.213094 -0.842639
v -0.620346 -0.119404 -5.29897
vn 0.445539 -0.395143 -0.803341
v -0.522969 -0.101178 -5.26199
vn 0.310221 0.101113 -0.945272
v -0.067846 -0.226675 -5.18961
vn -0.104283 0.335498 -0.936251
v -0.426112 -0.825 -5.15264
vn 0.0481099 -0.158286 -0.986221
v -0.624512 -0.319887 -5.25679
vn 0.259208 -0.217737 -0.940958
v -0.543798 -0.2298 -5.24689
vn 0.3072 0.236139 -0.921882
v -0.645862 -0.623475 -5.24012
vn 0.486675 0.44594 -0.751189
v -0.490162 -0.804171 -5.16357
vn 0.270483 -0.311119 -0.911067
v -0.214173 -0.150127 -5.18492
vn 0.00788009 0.297409 -0.954718
v -0.179284 -0.594314 -5.1641
vn -0.416125 -0.0761151 -0.906116
v -0.653153 -0.383937 -5.2547
vn 0.285875 -0.231538 -0.929874
v -0.217297 -0.201159 -5.19065
vn 0.0483092 0.030059 -0.99838
v -0.013169 -0.257399 -5.21305
vn -0.433805 0.283774 -0.855153
v -0.521407 -0.61931 -5.19378
vn 0.150915 -0.252258 -0.955819
v -0.174597 -0.683881 -5.11411
vn 0.171954 -0.797357 -0.578492
v -0.562545 -0.575047 -5.21148
vn 0.296015 -0.215327 -0.930596
v -0.038164 -0.306868 -5.20419
vn -0.232904 -0.206125 -0.950404
v -0.489642 -0.174602 -5.23596
vn 0.105671 -0.406824 -0.907374
v -0.278744 -0.331864 -5.18597
vn 0.445722 0.0475247 -0.893909
v -0.286034 -0.231362 -5.19222
vn 0.285278 -0.0939937 -0.953825
v -0.378204 -0.139713 -5.20784
vn 0.164017 -0.0704334 -0.98394
v -0.299573 -0.549531 -5.14795
vn 0.120593 0.518925 -0.846271
v -0.106381 -0.301661 -5.1943
vn -0.210625 -0.263125 -0.941489
v -0.328735 -0.550573 -5.15056
vn -0.129085 -0.022778 -0.991372
v -0.174076 -0.443822 -5.17659
vn 0.0152653 0.0725299 -0.997249
v -0.721369 -0.375085 -5.27605
vn 0.213674 -0.514255 -0.830594
v -0.483393 -0.540158 -5.20055
vn 0.165504 -0.0425085 -0.985293
v -0.384974 -0.211053 -5.20992
vn 0.0178447 -0.331431 -0.943311
v -0.31103 -0.713563 -5.15004
vn 0.308342 0.0395056 -0.950455
v -0.418822 -0.610978 -5.17868
vn 0.701414 -0.403481 -0.587556
v -0.496932 -0.774489 -5.17087
vn 0.050963 -0.14092 -0.988708
v -0.26885 -0.681277 -5.13754
vn 0.472018 0.365222 -0.802379
v -0.118358 -0.648471 -5.17711
vn -0.38617 -0.136031 -0.912342
v -0.128252 -0.416744 -5.18076
vn -0.125489 -0.160942 -0.978954
v -0.020459 -0.277187 -5.21617
vn -0.22409 -0.347188 -0.910628
v -0.159496 -0.507352 -5.17555
vn -0.175837 0.0349313 -0.983799
v -0.287596 -0.57713 -5.16045
vn 0.0411062 0.204132 -0.97808
v -0.281868 -0.607853 -5.15993
vn 0.0638621 -0.106654 -0.992243
v -0.316237 -0.572443 -5.16618
vn 0.202733 -0.105689 -0.973514
v -0.582853 -0.240735 -5.23544
vn 0.167569 -0.114687 -0.979167
v -0.587019 -0.533909 -5.22138
vn 0.00897809 0.0851608 -0.996327
v -0.327172 -0.746369 -5.15576
vn 0.268812 0.11446 -0.956368
v -0.58077 -0.104823 -5.27189
vn 0.195631 0.511389 -0.836786
v -0.113671 -0.46413 -5.18076
vn -0.0924935 0.0122759 -0.995638
v -0.692208 -0.361546 -5.27241
vn 0.322873 -0.352512 -0.878344
v -0.316758 -0.254274 -5.19117
vn 0.286087 -0.102284 -0.952729
v -0.367269 -0.829166 -5.15733
vn -0.450734 -0.152399 -0.879553
v -0.571397 -0.323532 -5.24481
vn 0.280609 -0.161158 -0.946196
v -0.23344 -0.269896 -5.19065
vn -0.216599 -0.00378597 -0.976253
v -0.323006 -0.495895 -5.17607
vn 0.36395 -0.168582 -0.916035
v -0.489642 -0.111593 -5.24221
vn 0.0351739 0.358705 -0.932788
v -0.680231 -0.575568 -5.2646
vn 0.250752 0.500921 -0.828373
v -0.303219 -0.680756 -5.1516
vn 0.238297 -0.147442 -0.959935
v -0.506826 -0.014736 -5.26564
vn 0.0520037 0.23542 -0.970501
v -0.351647 -0.494854 -5.18336
vn 0.270416 -0.144009 -0.951912
v -0.472978 -0.34332 -5.19899
vn -0.0816689 0.0862363 -0.992922
v -0.334463 -0.741682 -5.15524
vn 0.101666 0.0899762 -0.990741
v -0.616701 -0.531305 -5.22867
vn 0.343543 -0.0531451 -0.937632
v -0.26208 -0.232403 -5.19065
vn -0.119536 -0.0756186 -0.989946
v -0.598475 -0.424555 -5.23492
vn -0.141672 -0.103448 -0.984494
v -0.513596 -0.450591 -5.21513
vn 0.190546 -0.265753 -0.945023
v -0.471937 -0.326136 -5.20263
vn 0.146564 -0.245323 -0.958298
v -0.03504 -0.453195 -5.18076
vn 0.0843313 0.0468183 -0.995337
v -0.693249 -0.546927 -5.24898
vn 0.0189143 0.391289 -0.920073
v -0.217818 -0.43549 -5.17191
vn -0.412465 0.272935 -0.869126
v -0.215735 -0.142837 -5.1818
vn 0.00473199 0.296088 -0.955149
v -0.267288 -0.353214 -5.18336
vn 0.0876141 -0.124501 -0.988344
v -0.081906 -0.274062 -5.1969
vn -0.128166 -0.0423883 -0.990847
v -0.129814 -0.396956 -5.1818
vn -0.120402 -0.0491362 -0.991508
v -0.599517 -0.06733 -5.28751
vn 0.804585 0.133978 -0.578526
v -0.45267 -0.808857 -5.15681
vn 0.102551 -0.0394711 -0.993944
v -0.222505 -0.471942 -5.16305
vn 0.0537411 -0.565352 -0.823097
v -0.465167 -0.458402 -5.20367
vn 0.229299 -0.158185 -0.960416
v -0.289159 -0.383417 -5.18284
vn 0.0258356 -0.0332932 -0.999112
v -0.389661 -0.127215 -5.20836
vn -0.18091 -0.0784283 -0.980367
v -0.018376 -0.378209 -5.19586
vn -0.367879 -0.338155 -0.866208
v -0.187095 -0.685443 -5.11567
vn -0.00763291 -0.708752 -0.705417
v -0.36831 -0.613061 -5.16618
vn 0.0996309 -0.163278 -0.981537
v -0.201675 -0.302182 -5.18388
vn 0.000670788 0.0824433 -0.996596
v -0.480789 -0.366232 -5.21669
vn 0.237928 -0.123015 -0.963461
v -0.675023 -0.496416 -5.24012
vn 0.113438 -0.0230683 -0.993277
v -0.180846 -0.215219 -5.18545
vn -0.0291415 0.223851 -0.974188
v -0.50995 -0.892695 -5.1542
vn 0.0171466 -0.162434 -0.98657
v -0.338629 -0.348007 -5.19534
vn 0.430767 -0.125889 -0.89364
v 0.025886 -0.316762 -5.21305
vn 0.0106775 -0.100824 -0.994847
v -0.489121 -0.420909 -5.21461
vn 0.177285 0.317534 -0.931527
v -0.567231 -0.141275 -5.26408
vn 0.45481 0.31685 -0.832318
v -0.561503 -0.504227 -5.21669
vn 0.207489 -0.0760984 -0.975273
v -0.394347 -0.358421 -5.18909
vn -0.0830525 0.468936 -0.879318
v -0.216256 -0.578692 -5.14535
vn -0.481695 -0.532495 -0.696003
v -0.151685 -0.517766 -5.17764
vn -0.231235 0.0223514 -0.972641
v -0.276661 -0.386541 -5.18336
vn 0.093348 -0.0604336 -0.993798
v -0.389661 -0.199076 -5.20992
vn 0.195854 -0.146395 -0.969644
v 0.001932 -0.339154 -5.20784
vn -0.305311 -0.183126 -0.934478
v -0.125127 -0.31468 -5.18649
vn -0.146198 -0.139545 -0.979364
v -0.673982 -0.666176 -5.23596
vn 0.725293 -0.265533 -0.635171
v -0.606807 -0.329781 -5.25262
vn 0.229182 0.0685874 -0.970964
v -0.480268 -0.834373 -5.16045
vn 0.177524 -0.074398 -0.9813
v -0.143874 -0.195431 -5.18336
vn 0.0713849 0.0900557 -0.993375
v -0.022022 -0.53495 -5.18076
vn 0.291727 0.350875 -0.889821
v -0.558379 -0.149086 -5.26876
vn -0.146628 0.562575 -0.81364
v -0.442255 -0.213657 -5.22398
vn 0.550439 -0.214799 -0.80677
v -0.638572 -0.514642 -5.23648
vn 0.106132 -0.100174 -0.989293
v -0.309988 -0.178247 -5.20159
vn 0.0230072 -0.172158 -0.984801
v -0.519844 -0.309472 -5.23544
vn 0.294962 -0.0869964 -0.95154
v -0.641696 -0.538075 -5.237
vn 0.3124 0.0663194 -0.947633
v -0.055349 -0.377168 -5.18649
vn -0.312473 -0.147574 -0.938394
v -0.615139 -0.705231 -5.20003
vn 0.254311 -0.268211 -0.929187
v -0.660443 -0.19491 -5.27137
vn 0.252254 -0.940094 0.229326
v 0.02172 -0.327698 -5.21305
vn -0.148227 -0.121269 -0.98149
v -0.334983 -0.459965 -5.18284
vn 0.0964903 -0.0585449 -0.993611
v -0.328214 -0.26521 -5.19638
vn 0.408314 -0.0922155 -0.908172
v -0.160016 -0.64066 -5.15681
vn -0.412511 -0.297071 -0.861152
v -0.428195 -0.068372 -5.2245
vn 0.739574 -0.0616497 -0.670246
v -0.528697 -0.067851 -5.2547
vn 0.420419 -0.370326 -0.828315
v -0.500056 -0.278228 -5.23023
vn 0.284995 -0.0681489 -0.956103
v -0.664088 -0.49225 -5.23908
vn 0.0583765 -0.127272 -0.990148
v -0.582853 -0.78959 -5.1667
vn -0.361127 -0.192958 -0.912335
v -0.06316 -0.585982 -5.22034
vn -0.190581 0.530859 -0.825753
v -0.447983 -0.165749 -5.23283
vn 0.262842 -0.0470154 -0.963693
v -0.366227 -0.502144 -5.18388
vn 0.184568 -0.174265 -0.967247
v -0.342794 -0.493812 -5.17972
vn 0.213654 -0.129487 -0.96829
v -0.351126 -0.257919 -5.20315
vn 0.0543825 -0.0236603 -0.99824
v -0.047017 -0.257399 -5.20107
vn -0.305529 0.324211 -0.895287
v -0.470374 -0.755221 -5.17347
vn -0.0880446 0.0185243 -0.995944
v -0.039727 -0.366753 -5.18857
vn -0.23398 -0.127302 -0.963871
v -0.055349 -0.417785 -5.18076
vn -0.0928085 -0.174099 -0.980345
v -0.074616 -0.587545 -5.21773
vn -0.43457 0.450039 -0.780137
v -0.470374 -0.195431 -5.24064
vn 0.578841 0.0257457 -0.815034
v -0.41726 -0.685443 -5.16878
vn 0.205472 -0.0573681 -0.97698
v -0.407886 -0.417264 -5.19899
vn 0.108399 -0.142935 -0.983778
v -0.483914 -0.226155 -5.23283
vn -0.0498877 -0.331285 -0.942211
v -0.470374 -0.645867 -5.1818
vn 0.162696 -0.166236 -0.972572
v -0.036602 -0.289684 -5.20732
vn -0.181885 -0.364076 -0.913436
v -0.26885 -0.540158 -5.16305
vn 0.0307072 -0.509393 -0.859986
v -0.581291 -0.667738 -5.20159
vn 0.288759 -0.392413 -0.873287
v -0.470895 -0.369357 -5.19482
vn 0.854465 0.0152434 -0.519285
v -0.268329 -0.707835 -5.13077
vn 0.413952 -0.130901 -0.900838
v -0.45319 -0.199076 -5.23075
vn 0.40227 -0.180681 -0.897515
v -0.122003 -0.572443 -5.18701
vn -0.395716 0.0381886 -0.917579
v -0.351126 -0.151169 -5.20888
vn 0.0898637 0.151862 -0.984308
v -0.715641 -0.348527 -5.29063
vn 0.417011 -0.479582 -0.772077
v -0.347481 -0.469859 -5.18336
vn 0.152645 -0.0997265 -0.983237
v -0.208445 -0.597439 -5.15628
vn -0.191382 -0.102639 -0.976134
v -0.422988 -0.565674 -5.18961
vn 0.216082 -0.127112 -0.968066
v -0.301656 -0.178768 -5.19482
vn 0.659846 -0.00193479 -0.751398
v -0.460481 -0.378209 -5.21148
vn 0.11013 -0.0984795 -0.989026
v -0.340191 -0.809378 -5.17347
vn -0.263218 0.250654 -0.931605
v -0.347481 -0.60525 -5.1667
vn -0.0505305 -0.157187 -0.986275
v -0.680751 -0.449029 -5.24741
vn 0.253729 -0.202385 -0.945866
v -0.284472 -0.428721 -5.16305
vn 0.63487 -0.617201 -0.464761
v -0.36831 -0.278228 -5.19951
vn 0.0854252 -0.209498 -0.97407
v -0.552651 -0.609416 -5.20211
vn 0.315924 -0.176697 -0.932186
v -0.424029 -0.406329 -5.20419
vn 0.202393 0.0174483 -0.979149
v -0.440693 -0.714604 -5.17139
vn 0.181644 -0.141128 -0.973185
v -0.353209 -0.610978 -5.16618
vn -0.0134083 -0.155237 -0.987786
v -0.04233 -0.384458 -5.18857
vn -0.123443 -0.328487 -0.936407
v -0.612014 -0.093888 -5.30313
vn 0.958374 -0.123576 -0.257387
v -0.391744 -0.255836 -5.21044
vn 0.258967 -0.161534 -0.952283
v -0.117837 -0.659406 -5.17555
vn -0.238212 -0.148451 -0.959801
v 0.006619 -0.397997 -5.17711
vn -0.32309 -0.943767 -0.0701168
v -0.56619 -0.80365 -5.16982
vn -0.159236 -0.119696 -0.979958
v -0.606286 -0.118362 -5.28126
vn 0.204665 -0.916503 -0.343708
v -0.140749 -0.673987 -5.15628
vn -0.705017 -0.307162 -0.63922
v -0.002234 -0.526619 -5.17711
vn 0.0279158 0.012946 -0.999526
v -0.283951 -0.155855 -5.18492
vn 0.423368 0.178175 -0.888264
v -0.565148 -0.773447 -5.17451
vn -0.0950847 -0.207431 -0.973618
v -0.717724 -0.280311 -5.29115
vn 0.434608 0.283341 -0.854888
v 0.008702 -0.284998 -5.22867
vn -0.653354 -0.521348 -0.548931
f 1//1 2322//2322 1811//1811
f 2//2 1752//1752 2255//2255
f 1752//1752 893//893 2255//2255
f 893//893 2636//2636 2255//2255
f 2636//2636 1798//1798 2255//2255
f 2636//2636 614//614 1798//1798
f 2636//2636 1251//1251 614//614
f 2636//2636 893//893 1251//1251
f 1752//1752 2082//2082 893//893
f 2082//2082 440//440 893//893
f 2082//2082 2633//2633 440//440
f 2633//2633 2186//2186 440//440
f 2186//2186 880//880 440//440
f 2633//2633 1173//1173 2186//2186
f 1173//1173 2643//2643 2186//2186
f 2643//2643 2297//2297 2186//2186
f 2643//2643 2047//2047 2297//2297
f 2047//2047 2606//2606 2297//2297
f 2606//2606 113//113 2297//2297
f 113//113 1923//1923 2297//2297
f 113//113 1806//1806 1923//1923
f 1806//1806 1251//1251 1923//1923
f 1806//1806 390//390 1251//1251
f 2606//2606 2308//2308 113//113
f 2308//2308 909//909 113//113
f 2308//2308 1795//1795 909//909
f 1795//1795 436//436 909//909
f 1795//1795 1090//1090 436//436
f 1795//1795 1077//1077 1090//1090
f 1077//1077 593//593 1090//1090
f 1077//1077 2298//2298 593//593
f 2298//2298 1621//1621 593//593
f 2298//2298 2242//2242 1621//1621
f 2242//2242 1944//1944 1621//1621
f 1944//1944 2110//2110 1621//1621
f 2110//2110 2191//2191 1621//1621
f 2110//2110 58//58 2191//2191
f 58//58 1272//1272 2191//2191
f 1272//1272 679//679 2191//2191
f 1272//1272 1625//1625 679//679
f 1625//1625 2597//2597 679//679
f 1625//1625 1018//1018 2597//2597
f 1018//1018 762//762 2597//2597
f 762//762 2532//2532 2597//2597
f 2532//2532 183//183 2597//2597
f 2532//2532 1649//1649 183//183
f 1649//1649 1588//1588 183//183
f 1649//1649 977//977 1588//1588
f 2532//2532 683//683 1649//1649
f 1018//1018 1603//1603 762//762
f 1625//1625 2371//2371 1018//1018
f 1625//1625 1272//1272 2371//2371
f 1272//1272 2020//2020 2371//2371
f 2020//2020 194//194 2371//2371
f 194//194 2500//2500 2371//2371
f 2020//2020 1405//1405 194//194
f 2020//2020 450//450 1405//1405
f 2020//2020 1430//1430 450//450
f 1430//1430 1111//1111 450//450
f 1430//1430 58//58 1111//1111
f 1430//1430 1272//1272 58//58
f 1430//1430 2020//2020 1272//1272
f 2110//2110 1371//1371 58//58
f 1371//1371 863//863 58//58
f 2110//2110 1944//1944 1371//1371
f 1944//1944 760//760 1371//1371
f 1944//1944 1659//1659 760//760
f 1659//1659 2624//2624 760//760
f 2624//2624 1296//1296 760//760
f 2624//2624 2320//2320 1296//1296
f 2320//2320 764//764 1296//1296
f 2320//2320 426//426 764//764
f 2320//2320 1350//1350 426//426
f 1350//1350 1722//1722 426//426
f 1722//1722 872//872 426//426
f 1350//1350 513//513 1722//1722
f 1350//1350 1617//1617 513//513
f 1617//1617 1800//1800 513//513
f 1800//1800 920//920 513//513
f 920//920 2522//2522 513//513
f 2522//2522 2042//2042 513//513
f 2042//2042 1232//1232 513//513
f 2042//2042 1037//1037 1232//1232
f 1037//1037 1616//1616 1232//1232
f 1616//1616 79//79 1232//1232
f 1616//1616 907//907 79//79
f 1616//1616 1510//1510 907//907
f 1510//1510 1836//1836 907//907
f 1836//1836 1125//1125 907//907
f 1836//1836 286//286 1125//1125
f 286//286 1768//1768 1125//1125
f 1768//1768 1983//1983 1125//1125
f 1983//1983 872//872 1125//1125
f 1983//1983 2033//2033 872//872
f 2033//2033 820//820 872//872
f 2033//2033 1983//1983 820//820
f 1983//1983 2555//2555 820//820
f 2555//2555 2436//2436 820//820
f 2436//2436 1337//1337 820//820
f 2436//2436 192//192 1337//1337
f 2436//2436 824//824 192//192
f 2436//2436 2555//2555 824//824
f 1983//1983 562//562 2555//2555
f 1983//1983 1768//1768 562//562
f 1836//1836 2243//2243 286//286
f 2243//2243 1676//1676 286//286
f 2243//2243 754//754 1676//1676
f 1616//1616 470//470 1510//1510
f 470//470 900//900 1510//1510
f 470//470 1939//1939 900//900
f 470//470 2439//2439 1939//1939
f 470//470 1616//1616 2439//2439
f 1616//1616 1037//1037 2439//2439
f 1037//1037 290//290 2439//2439
f 1037//1037 2522//2522 290//290
f 2522//2522 2419//2419 290//290
f 2419//2419 1597//1597 290//290
f 2419//2419 656//656 1597//1597
f 656//656 1752//1752 1597//1597
f 1752//1752 2171//2171 1597//1597
f 2171//2171 1597//1597 978//978
f 978//978 2171//2171 1752//1752
f 656//656 2082//2082 1752//1752
f 656//656 2633//2633 2082//2082
f 2419//2419 1889//1889 656//656
f 2419//2419 920//920 1889//1889
f 920//920 1477//1477 1889//1889
f 1477//1477 2633//2633 1889//1889
f 1477//1477 2633//2633 1800//1800
f 1800//1800 1173//1173 1477//1477
f 1800//1800 160//160 1173//1173
f 160//160 2118//2118 1173//1173
f 2118//2118 1659//1659 1173//1173
f 1659//1659 2643//2643 1173//1173
f 1659//1659 1817//1817 2643//2643
f 1817//1817 2047//2047 2643//2643
f 1817//1817 2606//2606 2047//2047
f 1817//1817 1804//1804 2606//2606
f 1804//1804 1513//1513 2606//2606
f 1513//1513 2606//2606 1077//1077
f 1077//1077 1795//1795 1513//1513
f 1795//1795 2308//2308 1513//1513
f 1804//1804 2298//2298 1513//1513
f 1804//1804 2242//2242 2298//2298
f 1804//1804 1817//1817 2242//2242
f 1817//1817 317//317 2242//2242
f 317//317 1944//1944 2242//2242
f 317//317 1659//1659 1944//1944
f 317//317 1817//1817 1659//1659
f 160//160 2212//2212 2118//2118
f 2212//2212 2624//2624 2118//2118
f 1800//1800 1617//1617 160//160
f 2419//2419 2522//2522 920//920
f 1037//1037 2042//2042 2522//2522
f 2320//2320 1718//1718 1350//1350
f 2320//2320 2624//2624 1718//1718
f 2624//2624 160//160 1718//1718
f 3//3 2556//2556 2195//2195
f 3//3 1937//1937 2556//2556
f 1937//1937 758//758 2556//2556
f 1937//1937 2391//2391 758//758
f 2391//2391 322//322 758//758
f 2391//2391 2568//2568 322//322
f 2568//2568 1784//1784 322//322
f 2568//2568 1295//1295 1784//1784
f 4//4 1279//1279 995//995
f 5//5 1879//1879 1362//1362
f 1879//1879 2111//2111 1362//1362
f 6//6 1895//1895 1400//1400
f 6//6 1273//1273 1895//1895
f 6//6 1273//1273 1400//1400
f 1895//1895 2181//2181 1400//1400
f 7//7 1741//1741 1980//1980
f 1980//1980 1378//1378 7//7
f 1980//1980 2358//2358 1378//1378
f 2358//2358 393//393 1378//1378
f 393//393 2091//2091 1378//1378
f 2091//2091 620//620 1378//1378
f 620//620 2456//2456 1378//1378
f 620//620 1131//1131 2456//2456
f 620//620 2091//2091 1131//1131
f 2091//2091 1654//1654 1131//1131
f 1654//1654 2571//2571 1131//1131
f 1654//1654 2025//2025 2571//2571
f 2025//2025 174//174 2571//2571
f 2025//2025 2376//2376 174//174
f 2025//2025 1205//1205 2376//2376
f 1205//1205 1292//1292 2376//2376
f 2025//2025 648//648 1205//1205
f 2025//2025 1654//1654 648//648
f 1654//1654 2523//2523 648//648
f 2523//2523 1846//1846 648//648
f 1654//1654 393//393 2523//2523
f 393//393 2358//2358 2523//2523
f 2358//2358 937//937 2523//2523
f 2358//2358 547//547 937//937
f 1654//1654 2091//2091 393//393
f 7//7 2087//2087 1741//1741
f 2087//2087 873//873 1741//1741
f 873//873 2435//2435 1741//1741
f 873//873 315//315 2435//2435
f 2087//2087 368//368 873//873
f 2087//2087 1941//1941 368//368
f 1941//1941 1202//1202 368//368
f 7//7 1079//1079 2087//2087
f 7//7 2456//2456 1079//1079
f 2456//2456 2578//2578 1079//1079
f 8//8 2205//2205 1230//1230
f 2205//2205 2445//2445 1230//1230
f 2445//2445 1397//1397 1230//1230
f 1397//1397 543//543 1230//1230
f 1397//1397 1225//1225 543//543
f 1397//1397 166//166 1225//1225
f 166//166 2005//2005 1225//1225
f 166//166 887//887 2005//2005
f 887//887 722//722 2005//2005
f 2445//2445 663//663 1397//1397
f 2445//2445 1891//1891 663//663
f 1891//1891 1904//1904 663//663
f 2445//2445 2205//2205 1891//1891
f 9//9 2664//2664 2537//2537
f 2537//2537 2182//2182 9//9
f 2537//2537 1017//1017 2182//2182
f 10//10 1379//1379 2155//2155
f 1379//1379 385//385 2155//2155
f 11//11 1873//1873 2652//2652
f 2652//2652 828//828 11//11
f 1873//1873 2401//2401 2652//2652
f 2401//2401 991//991 2652//2652
f 2401//2401 428//428 991//991
f 2401//2401 1681//1681 428//428
f 1681//1681 1299//1299 428//428
f 1299//1299 1160//1160 428//428
f 12//12 1340//1340 2173//2173
f 2173//2173 1960//1960 12//12
f 1960//1960 12//12 1260//1260
f 12//12 2466//2466 1260//1260
f 2466//2466 555//555 1260//1260
f 2466//2466 1291//1291 555//555
f 1291//1291 2539//2539 555//555
f 2539//2539 1264//1264 555//555
f 1264//1264 2517//2517 555//555
f 1260//1260 658//658 1960//1960
f 1340//1340 2673//2673 2173//2173
f 2673//2673 2173//2173 767//767
f 767//767 1898//1898 2673//2673
f 767//767 2012//2012 1898//1898
f 2012//2012 311//311 1898//1898
f 767//767 1340//1340 2012//2012
f 1340//1340 2264//2264 2012//2012
f 13//13 1452//1452 1568//1568
f 1452//1452 1001//1001 1568//1568
f 15//15 2189//2189 1287//1287
f 2189//2189 2226//2226 1287//1287
f 2189//2189 308//308 2226//2226
f 2189//2189 1524//1524 308//308
f 2189//2189 1524//1524 413//413
f 1524//1524 2211//2211 413//413
f 1524//1524 757//757 2211//2211
f 16//16 1499//1499 1187//1187
f 16//16 1515//1515 1499//1499
f 1515//1515 520//520 1499//1499
f 1499//1499 1549//1549 1187//1187
f 17//17 2494//2494 2383//2383
f 2383//2383 1646//1646 17//17
f 18//18 2558//2558 1024//1024
f 19//19 2315//2315 1641//1641
f 19//19 1226//1226 2315//2315
f 1226//1226 2105//2105 2315//2315
f 2105//2105 1224//1224 2315//2315
f 2105//2105 1224//1224 1351//1351
f 1226//1226 2251//2251 2105//2105
f 2251//2251 1483//1483 2105//2105
f 1483//1483 502//502 2105//2105
f 502//502 2350//2350 2105//2105
f 502//502 1360//1360 2350//2350
f 1360//1360 2405//2405 2350//2350
f 2405//2405 2220//2220 2350//2350
f 2220//2220 1600//1600 2350//2350
f 2220//2220 1813//1813 1600//1600
f 1813//1813 2032//2032 1600//1600
f 2032//2032 179//179 1600//1600
f 179//179 2022//2022 1600//1600
f 2022//2022 2338//2338 1600//1600
f 2022//2022 397//397 2338//2338
f 2022//2022 1309//1309 397//397
f 1309//1309 1771//1771 397//397
f 1771//1771 2474//2474 397//397
f 1771//1771 1333//1333 2474//2474
f 1309//1309 601//601 1771//1771
f 601//601 2143//2143 1771//1771
f 601//601 1585//1585 2143//2143
f 1585//1585 2229//2229 2143//2143
f 2229//2229 2491//2491 2143//2143
f 2229//2229 2177//2177 2491//2491
f 2177//2177 298//298 2491//2491
f 298//298 2454//2454 2491//2491
f 2454//2454 784//784 2491//2491
f 298//298 861//861 2454//2454
f 2177//2177 1464//1464 298//298
f 1464//1464 1740//1740 298//298
f 1740//1740 2179//2179 298//298
f 1740//1740 1342//1342 2179//2179
f 1342//1342 541//541 2179//2179
f 541//541 1331//1331 2179//2179
f 1331//1331 1123//1123 2179//2179
f 1740//1740 2408//2408 1342//1342
f 2408//2408 316//316 1342//1342
f 316//316 1871//1871 1342//1342
f 316//316 2372//2372 1871//1871
f 316//316 1206//1206 2372//2372
f 1206//1206 1878//1878 2372//2372
f 1206//1206 650//650 1878//1878
f 2408//2408 1126//1126 316//316
f 2229//2229 365//365 2177//2177
f 2229//2229 1585//1585 365//365
f 1585//1585 2050//2050 365//365
f 1585//1585 2348//2348 2050//2050
f 2348//2348 975//975 2050//2050
f 2348//2348 81//81 975//975
f 81//81 1606//1606 975//975
f 1606//1606 2010//2010 975//975
f 2010//2010 2188//2188 975//975
f 2188//2188 1380//1380 975//975
f 1606//1606 542//542 2010//2010
f 542//542 1185//1185 2010//2010
f 1606//1606 2064//2064 542//542
f 1585//1585 601//601 2348//2348
f 1813//1813 2220//2220 2032//2032
f 2405//2405 1360//1360 2220//2220
f 1360//1360 1475//1475 2220//2220
f 1475//1475 2279//2279 2220//2220
f 2279//2279 477//477 2220//2220
f 477//477 1357//1357 2220//2220
f 477//477 2279//2279 1357//1357
f 2279//2279 1926//1926 1357//1357
f 1926//1926 1460//1460 1357//1357
f 1926//1926 567//567 1460//1460
f 567//567 1728//1728 1460//1460
f 567//567 1888//1888 1728//1728
f 1888//1888 1432//1432 1728//1728
f 567//567 1926//1926 1888//1888
f 2279//2279 2124//2124 1926//1926
f 2124//2124 60//60 1926//1926
f 2124//2124 2279//2279 60//60
f 2279//2279 1598//1598 60//60
f 2279//2279 1475//1475 1598//1598
f 1360//1360 735//735 1475//1475
f 1360//1360 2259//2259 735//735
f 2259//2259 1438//1438 735//735
f 2259//2259 1222//1222 1438//1438
f 2259//2259 147//147 1222//1222
f 2259//2259 1411//1411 147//147
f 1411//1411 1483//1483 147//147
f 2259//2259 1360//1360 1411//1411
f 1360//1360 502//502 1411//1411
f 2251//2251 671//671 1483//1483
f 2251//2251 1226//1226 671//671
f 1226//1226 1604//1604 671//671
f 1604//1604 2329//2329 671//671
f 2329//2329 1070//1070 671//671
f 2329//2329 1348//1348 1070//1070
f 1348//1348 1948//1948 1070//1070
f 1948//1948 305//305 1070//1070
f 1948//1948 2342//2342 305//305
f 2342//2342 1854//1854 305//305
f 1854//1854 955//955 305//305
f 955//955 2396//2396 305//305
f 955//955 944//944 2396//2396
f 944//944 1827//1827 2396//2396
f 944//944 147//147 1827//1827
f 2342//2342 2422//2422 1854//1854
f 2342//2342 967//967 2422//2422
f 967//967 394//394 2422//2422
f 2342//2342 1948//1948 967//967
f 1948//1948 1709//1709 967//967
f 2329//2329 2356//2356 1348//1348
f 2356//2356 96//96 1348//1348
f 96//96 1709//1709 1348//1348
f 96//96 1661//1661 1709//1709
f 2356//2356 2121//2121 96//96
f 2356//2356 1545//1545 2121//2121
f 2356//2356 511//511 1545//1545
f 511//511 1604//1604 1545//1545
f 511//511 2329//2329 1604//1604
f 511//511 2356//2356 2329//2329
f 1226//1226 2613//2613 1604//1604
f 20//20 1860//1860 1324//1324
f 20//20 816//816 1860//1860
f 816//816 1352//1352 1860//1860
f 816//816 1415//1415 1352//1352
f 816//816 430//430 1415//1415
f 21//21 1413//1413 1605//1605
f 1413//1413 795//795 1605//1605
f 22//22 2029//2029 1075//1075
f 2029//2029 1050//1050 1075//1075
f 1050//1050 2275//2275 1075//1075
f 2275//2275 350//350 1075//1075
f 350//350 1887//1887 1075//1075
f 2275//2275 917//917 350//350
f 917//917 2049//2049 350//350
f 917//917 979//979 2049//2049
f 979//979 508//508 2049//2049
f 1050//1050 427//427 2275//2275
f 1050//1050 2328//2328 427//427
f 2328//2328 1104//1104 427//427
f 1050//1050 2029//2029 2328//2328
f 2029//2029 2328//2328 1725//1725
f 23//23 2520//2520 1030//1030
f 23//23 986//986 2520//2520
f 986//986 1721//1721 2520//2520
f 1721//1721 1030//1030 2520//2520
f 1721//1721 646//646 1030//1030
f 1721//1721 1675//1675 646//646
f 1721//1721 986//986 1675//1675
f 986//986 348//348 1675//1675
f 986//986 2178//2178 348//348
f 2178//2178 888//888 348//348
f 888//888 2094//2094 348//348
f 888//888 1658//1658 2094//2094
f 1658//1658 1271//1271 2094//2094
f 1658//1658 85//85 1271//1271
f 85//85 2307//2307 1271//1271
f 1658//1658 1696//1696 85//85
f 1658//1658 1466//1466 1696//1696
f 986//986 1283//1283 2178//2178
f 1283//1283 561//561 2178//2178
f 1283//1283 2040//2040 561//561
f 2040//2040 1638//1638 561//561
f 1638//1638 1201//1201 561//561
f 1638//1638 151//151 1201//1201
f 1638//1638 2398//2398 151//151
f 2398//2398 1200//1200 151//151
f 2398//2398 662//662 1200//1200
f 2398//2398 1638//1638 662//662
f 1638//1638 2040//2040 662//662
f 2040//2040 1476//1476 662//662
f 2040//2040 1283//1283 1476//1476
f 986//986 23//23 1283//1283
f 24//24 2210//2210 2647//2647
f 2210//2210 1238//1238 2647//2647
f 1238//1238 506//506 2647//2647
f 1238//1238 2615//2615 506//506
f 2615//2615 2337//2337 506//506
f 2337//2337 2470//2470 506//506
f 2337//2337 145//145 2470//2470
f 145//145 1105//1105 2470//2470
f 145//145 2417//2417 1105//1105
f 2337//2337 1743//1743 145//145
f 1238//1238 1886//1886 2615//2615
f 1886//1886 262//262 2615//2615
f 1886//1886 1495//1495 262//262
f 1495//1495 1757//1757 262//262
f 1757//1757 1726//1726 262//262
f 1238//1238 796//796 1886//1886
f 1238//1238 2210//2210 796//796
f 2647//2647 2149//2149 24//24
f 26//26 809//809 2473//2473
f 809//809 1178//1178 2473//2473
f 1178//1178 576//576 2473//2473
f 27//27 2039//2039 1656//1656
f 2039//2039 518//518 1656//1656
f 518//518 2366//2366 1656//1656
f 28//28 1506//1506 2594//2594
f 2594//2594 1758//1758 28//28
f 1758//1758 2347//2347 28//28
f 2347//2347 823//823 28//28
f 823//823 1506//1506 28//28
f 2347//2347 2648//2648 823//823
f 2648//2648 823//823 1758//1758
f 1758//1758 1176//1176 2648//2648
f 1176//1176 432//432 2648//2648
f 1176//1176 1688//1688 432//432
f 1688//1688 2076//2076 432//432
f 2076//2076 2480//2480 432//432
f 2480//2480 1110//1110 432//432
f 2480//2480 2037//2037 1110//1110
f 2037//2037 515//515 1110//1110
f 515//515 2194//2194 1110//1110
f 2194//2194 218//218 1110//1110
f 218//218 2103//2103 1110//1110
f 218//218 1427//1427 2103//2103
f 1427//1427 823//823 2103//2103
f 1427//1427 2324//2324 823//823
f 2324//2324 1369//1369 823//823
f 2324//2324 277//277 1369//1369
f 2324//2324 1868//1868 277//277
f 1868//1868 1320//1320 277//277
f 1320//1320 1053//1053 277//277
f 1320//1320 2263//2263 1053//1053
f 2263//2263 2365//2365 1053//1053
f 2365//2365 580//580 1053//1053
f 2365//2365 2213//2213 580//580
f 2213//2213 1957//1957 580//580
f 2213//2213 2541//2541 1957//1957
f 2541//2541 2271//2271 1957//1957
f 2271//2271 1812//1812 1957//1957
f 1812//1812 374//374 1957//1957
f 2271//2271 1567//1567 1812//1812
f 2271//2271 240//240 1567//1567
f 240//240 1647//1647 1567//1567
f 1647//1647 2526//2526 1567//1567
f 2526//2526 1567//1567 1060//1060
f 1060//1060 2193//2193 2526//2526
f 1060//1060 2203//2203 2193//2193
f 1060//1060 416//416 2203//2203
f 416//416 2528//2528 2203//2203
f 2271//2271 2183//2183 240//240
f 2183//2183 1509//1509 240//240
f 2183//2183 1509//1509 2543//2543
f 2271//2271 2541//2541 2183//2183
f 2541//2541 793//793 2183//2183
f 2541//2541 2213//2213 793//793
f 2213//2213 1364//1364 793//793
f 1364//1364 727//727 793//793
f 1364//1364 2542//2542 727//727
f 2542//2542 2406//2406 727//727
f 2542//2542 1335//1335 2406//2406
f 1335//1335 2270//2270 2406//2406
f 2270//2270 1046//1046 2406//2406
f 1046//1046 216//216 2406//2406
f 2542//2542 2263//2263 1335//1335
f 2263//2263 472//472 1335//1335
f 2263//2263 1320//1320 472//472
f 1320//1320 2045//2045 472//472
f 2045//2045 1956//1956 472//472
f 2045//2045 2416//2416 1956//1956
f 2416//2416 1228//1228 1956//1956
f 1228//1228 686//686 1956//1956
f 2416//2416 63//63 1228//1228
f 2416//2416 1849//1849 63//63
f 2542//2542 1364//1364 2263//2263
f 1364//1364 2365//2365 2263//2263
f 1364//1364 2213//2213 2365//2365
f 1868//1868 1420//1420 1320//1320
f 1868//1868 1427//1427 1420//1420
f 1427//1427 218//218 1420//1420
f 218//218 2389//2389 1420//1420
f 2389//2389 744//744 1420//1420
f 1868//1868 2324//2324 1427//1427
f 2037//2037 1650//1650 515//515
f 2037//2037 1672//1672 1650//1650
f 1672//1672 2283//2283 1650//1650
f 2283//2283 913//913 1650//1650
f 913//913 1572//1572 1650//1650
f 2283//2283 447//447 913//913
f 2283//2283 1998//1998 447//447
f 2283//2283 1672//1672 1998//1998
f 1672//1672 2326//2326 1998//1998
f 2326//2326 2617//2617 1998//1998
f 2617//2617 777//777 1998//1998
f 2617//2617 1038//1038 777//777
f 2617//2617 2326//2326 1038//1038
f 1672//1672 117//117 2326//2326
f 1672//1672 2037//2037 117//117
f 2037//2037 2480//2480 117//117
f 2480//2480 2076//2076 117//117
f 2076//2076 1872//1872 117//117
f 2076//2076 1688//1688 1872//1872
f 1688//1688 2385//2385 1872//1872
f 2385//2385 689//689 1872//1872
f 2385//2385 2287//2287 689//689
f 1688//1688 2514//2514 2385//2385
f 1688//1688 2233//2233 2514//2514
f 1758//1758 1128//1128 1176//1176
f 1758//1758 818//818 1128//1128
f 1758//1758 2501//2501 818//818
f 1758//1758 2594//2594 2501//2501
f 2594//2594 1065//1065 2501//2501
f 1065//1065 476//476 2501//2501
f 476//476 2482//2482 2501//2501
f 476//476 2478//2478 2482//2482
f 476//476 1729//1729 2478//2478
f 1729//1729 429//429 2478//2478
f 2594//2594 1506//1506 1065//1065
f 1506//1506 676//676 1065//1065
f 29//29 1934//1934 1268//1268
f 29//29 2113//2113 1934//1934
f 29//29 927//927 2113//2113
f 927//927 1007//1007 2113//2113
f 1007//1007 2113//2113 2467//2467
f 2467//2467 1007//1007 1381//1381
f 1381//1381 438//438 2467//2467
f 30//30 1945//1945 1519//1519
f 30//30 993//993 1945//1945
f 30//30 1753//1753 993//993
f 1753//1753 2508//2508 993//993
f 2508//2508 769//769 993//993
f 2508//2508 1967//1967 769//769
f 1967//1967 2345//2345 769//769
f 1753//1753 612//612 2508//2508
f 612//612 1736//1736 2508//2508
f 1753//1753 2575//2575 612//612
f 2575//2575 1254//1254 612//612
f 2575//2575 288//288 1254//1254
f 2575//2575 1538//1538 288//288
f 1945//1945 702//702 1519//1519
f 702//702 960//960 1519//1519
f 31//31 1504//1504 2086//2086
f 2086//2086 1306//1306 31//31
f 2086//2086 1526//1526 1306//1306
f 1526//1526 2202//2202 1306//1306
f 2202//2202 337//337 1306//1306
f 2202//2202 1135//1135 337//337
f 1135//1135 1489//1489 337//337
f 1489//1489 1154//1154 337//337
f 2202//2202 1525//1525 1135//1135
f 1525//1525 155//155 1135//1135
f 2086//2086 2137//2137 1526//1526
f 2137//2137 445//445 1526//1526
f 2137//2137 1459//1459 445//445
f 1459//1459 1525//1525 445//445
f 32//32 2661//2661 2611//2611
f 2661//2661 789//789 2611//2611
f 789//789 1442//1442 2611//2611
f 1442//1442 1066//1066 2611//2611
f 1066//1066 32//32 2611//2611
f 1066//1066 2630//2630 32//32
f 2630//2630 1102//1102 32//32
f 1442//1442 310//310 1066//1066
f 789//789 2060//2060 1442//1442
f 789//789 221//221 2060//2060
f 789//789 1215//1215 221//221
f 789//789 2247//2247 1215//1215
f 2247//2247 2631//2631 1215//1215
f 2247//2247 2046//2046 2631//2631
f 2247//2247 966//966 2046//2046
f 2247//2247 1172//1172 966//966
f 1172//1172 456//456 966//966
f 1172//1172 1897//1897 456//456
f 1897//1897 2123//2123 456//456
f 2123//2123 1312//1312 456//456
f 1312//1312 2288//2288 456//456
f 1312//1312 2331//2331 2288//2288
f 2331//2331 120//120 2288//2288
f 2331//2331 2295//2295 120//120
f 2331//2331 1166//1166 2295//2295
f 1166//1166 1426//1426 2295//2295
f 1426//1426 1042//1042 2295//2295
f 1042//1042 1793//1793 2295//2295
f 1042//1042 323//323 1793//1793
f 323//323 1503//1503 1793//1793
f 1426//1426 578//578 1042//1042
f 1426//1426 2146//2146 578//578
f 2146//2146 1270//1270 578//578
f 1270//1270 785//785 578//578
f 2331//2331 558//558 1166//1166
f 2331//2331 1312//1312 558//558
f 1312//1312 2123//2123 558//558
f 1897//1897 843//843 2123//2123
f 843//843 1051//1051 2123//2123
f 843//843 2580//2580 1051//1051
f 2580//2580 2238//2238 1051//1051
f 2238//2238 2071//2071 1051//1051
f 2071//2071 2504//2504 1051//1051
f 2504//2504 1671//1671 1051//1051
f 1671//1671 137//137 1051//1051
f 1671//1671 1852//1852 137//137
f 1852//1852 1231//1231 137//137
f 1852//1852 1002//1002 1231//1231
f 1002//1002 558//558 1231//1231
f 1002//1002 2665//2665 558//558
f 2665//2665 1767//1767 558//558
f 1002//1002 2100//2100 2665//2665
f 2100//2100 846//846 2665//2665
f 846//846 2665//2665 1231//1231
f 2100//2100 1787//1787 846//846
f 1787//1787 771//771 846//846
f 1787//1787 1326//1326 771//771
f 1326//1326 2146//2146 771//771
f 1787//1787 673//673 1326//1326
f 1787//1787 2100//2100 673//673
f 1002//1002 2100//2100 339//339
f 2100//2100 339//339 1124//1124
f 339//339 1166//1166 1002//1002
f 1671//1671 2428//2428 1852//1852
f 1671//1671 483//483 2428//2428
f 483//483 2120//2120 2428//2428
f 483//483 2175//2175 2120//2120
f 483//483 1063//1063 2175//2175
f 1063//1063 1830//1830 2175//2175
f 1063//1063 815//815 1830//1830
f 1063//1063 1550//1550 815//815
f 1550//1550 815//815 529//529
f 529//529 2483//2483 1550//1550
f 2483//2483 1780//1780 1550//1550
f 1780//1780 2262//2262 1550//1550
f 2262//2262 1210//1210 1550//1550
f 2262//2262 242//242 1210//1210
f 2483//2483 706//706 1780//1780
f 706//706 1832//1832 1780//1780
f 1832//1832 2374//2374 1780//1780
f 1832//1832 2614//2614 2374//2374
f 2614//2614 556//556 2374//2374
f 556//556 1593//1593 2374//2374
f 1593//1593 242//242 2374//2374
f 556//556 935//935 1593//1593
f 556//556 2589//2589 935//935
f 2589//2589 1043//1043 935//935
f 2589//2589 1208//1208 1043//1043
f 1208//1208 311//311 1043//1043
f 311//311 1686//1686 1043//1043
f 1686//1686 729//729 1043//1043
f 1686//1686 2264//2264 729//729
f 2264//2264 465//465 729//729
f 2264//2264 465//465 1686//1686
f 1208//1208 1255//1255 311//311
f 2589//2589 556//556 1208//1208
f 556//556 2614//2614 1208//1208
f 1832//1832 88//88 2614//2614
f 1832//1832 2598//2598 88//88
f 2598//2598 2214//2214 88//88
f 2214//2214 1373//1373 88//88
f 2214//2214 422//422 1373//1373
f 422//422 1531//1531 1373//1373
f 422//422 1915//1915 1531//1531
f 1915//1915 2450//2450 1531//1531
f 1915//1915 164//164 2450//2450
f 422//422 2476//2476 1915//1915
f 2476//2476 1013//1013 1915//1915
f 1013//1013 2521//2521 1915//1915
f 1013//1013 399//399 2521//2521
f 399//399 1608//1608 2521//2521
f 1013//1013 1552//1552 399//399
f 1013//1013 2476//2476 1552//1552
f 2598//2598 1751//1751 2214//2214
f 1751//1751 1368//1368 2214//2214
f 1751//1751 637//637 1368//1368
f 1751//1751 2017//2017 637//637
f 1751//1751 2598//2598 2017//2017
f 2598//2598 1445//1445 2017//2017
f 1445//1445 1177//1177 2017//2017
f 1177//1177 313//313 2017//2017
f 1177//1177 2071//2071 313//313
f 2071//2071 2238//2238 313//313
f 2238//2238 2580//2580 313//313
f 2580//2580 1789//1789 313//313
f 1789//1789 1102//1102 313//313
f 2580//2580 1897//1897 1789//1789
f 2580//2580 843//843 1897//1897
f 1177//1177 2504//2504 2071//2071
f 1177//1177 706//706 2504//2504
f 706//706 2483//2483 2504//2504
f 2483//2483 529//529 2504//2504
f 529//529 1671//1671 2504//2504
f 529//529 1063//1063 1671//1671
f 1177//1177 1445//1445 706//706
f 1445//1445 2598//2598 706//706
f 2598//2598 1832//1832 706//706
f 1172//1172 2661//2661 1897//1897
f 1172//1172 789//789 2661//2661
f 1172//1172 2247//2247 789//789
f 33//33 1217//1217 2553//2553
f 2553//2553 1227//1227 33//33
f 1217//1217 1769//1769 2553//2553
f 1217//1217 364//364 1769//1769
f 364//364 2069//2069 1769//1769
f 2069//2069 844//844 1769//1769
f 34//34 2056//2056 1737//1737
f 34//34 974//974 2056//2056
f 974//974 1680//1680 2056//2056
f 1680//1680 754//754 2056//2056
f 974//974 943//943 1680//1680
f 943//943 1680//1680 34//34
f 35//35 1424//1424 1841//1841
f 1424//1424 464//464 1841//1841
f 464//464 2507//2507 1841//1841
f 2507//2507 866//866 1841//1841
f 35//35 976//976 1424//1424
f 36//36 1958//1958 2495//2495
f 2495//2495 2274//2274 36//36
f 2495//2495 951//951 2274//2274
f 951//951 787//787 2274//2274
f 787//787 2403//2403 2274//2274
f 787//787 274//274 2403//2403
f 274//274 1237//1237 2403//2403
f 274//274 2607//2607 1237//1237
f 274//274 1092//1092 2607//2607
f 37//37 1341//1341 2499//2499
f 2499//2499 886//886 37//37
f 886//886 1267//1267 37//37
f 886//886 1712//1712 1267//1267
f 886//886 333//333 1712//1712
f 333//333 1712//1712 2655//2655
f 1712//1712 812//812 2655//2655
f 812//812 333//333 2655//2655
f 1712//1712 2499//2499 812//812
f 2499//2499 1917//1917 812//812
f 2499//2499 1917//1917 1010//1010
f 1917//1917 357//357 1010//1010
f 1917//1917 1648//1648 357//357
f 1648//1648 811//811 357//357
f 811//811 1284//1284 357//357
f 1284//1284 1062//1062 357//357
f 1284//1284 128//128 1062//1062
f 128//128 1985//1985 1062//1062
f 1985//1985 1454//1454 1062//1062
f 1985//1985 552//552 1454//1454
f 1985//1985 1370//1370 552//552
f 1370//1370 1557//1557 552//552
f 1985//1985 1908//1908 1370//1370
f 1985//1985 128//128 1908//1908
f 128//128 1611//1611 1908//1908
f 128//128 1284//1284 1611//1611
f 1648//1648 1341//1341 811//811
f 1341//1341 1470//1470 811//811
f 1341//1341 1470//1470 37//37
f 38//38 1250//1250 2663//2663
f 38//38 1664//1664 1250//1250
f 1664//1664 2663//2663 1250//1250
f 39//39 2323//2323 1098//1098
f 40//40 1259//1259 2430//2430
f 41//41 2452//2452 1794//1794
f 2452//2452 2175//2175 1794//1794
f 2175//2175 815//815 1794//1794
f 1794//1794 2413//2413 41//41
f 1794//1794 2413//2413 1830//1830
f 43//43 1589//1589 2021//2021
f 2021//2021 2224//2224 43//43
f 2021//2021 1155//1155 2224//2224
f 1155//1155 1455//1455 2224//2224
f 1155//1155 324//324 1455//1455
f 2021//2021 2074//2074 1155//1155
f 2021//2021 509//509 2074//2074
f 43//43 1294//1294 1589//1589
f 44//44 1566//1566 2335//2335
f 1566//1566 1293//1293 2335//2335
f 1566//1566 630//630 1293//1293
f 45//45 2370//2370 1412//1412
f 2370//2370 687//687 1412//1412
f 46//46 1528//1528 1914//1914
f 1914//1914 1327//1327 46//46
f 1914//1914 2581//2581 1327//1327
f 2581//2581 482//482 1327//1327
f 2581//2581 1837//1837 482//482
f 1914//1914 2519//2519 2581//2581
f 2519//2519 411//411 2581//2581
f 411//411 2184//2184 2581//2581
f 1528//1528 947//947 1914//1914
f 1528//1528 1819//1819 947//947
f 1819//1819 400//400 947//947
f 1819//1819 2116//2116 400//400
f 1819//1819 1246//1246 2116//2116
f 1246//1246 167//167 2116//2116
f 1819//1819 1528//1528 1246//1246
f 46//46 1572//1572 1528//1528
f 47//47 1936//1936 2538//2538
f 48//48 1747//1747 1563//1563
f 48//48 1233//1233 1747//1747
f 49//49 2640//2640 1433//1433
f 49//49 1209//1209 2640//2640
f 1209//1209 726//726 2640//2640
f 1209//1209 1391//1391 726//726
f 1391//1391 1665//1665 726//726
f 49//49 916//916 1209//1209
f 2640//2640 1106//1106 1433//1433
f 1106//1106 531//531 1433//1433
f 1433//1433 1962//1962 49//49
f 1433//1433 1505//1505 1962//1962
f 1505//1505 596//596 1962//1962
f 50//50 1920//1920 1375//1375
f 50//50 836//836 1920//1920
f 1920//1920 2658//2658 1375//1375
f 2658//2658 1900//1900 1375//1375
f 1900//1900 2360//2360 1375//1375
f 2360//2360 2635//2635 1375//1375
f 2635//2635 50//50 1375//1375
f 2360//2360 496//496 2635//2635
f 2360//2360 2144//2144 496//496
f 2360//2360 2107//2107 2144//2144
f 2107//2107 256//256 2144//2144
f 256//256 1161//1161 2144//2144
f 256//256 1127//1127 1161//1161
f 256//256 2158//2158 1127//1127
f 2158//2158 2014//2014 1127//1127
f 2014//2014 563//563 1127//1127
f 563//563 1463//1463 1127//1127
f 2014//2014 2593//2593 563//563
f 2593//2593 1502//1502 563//563
f 1502//1502 1645//1645 563//563
f 1502//1502 2593//2593 1645//1645
f 2158//2158 945//945 2014//2014
f 2158//2158 766//766 945//945
f 2158//2158 2107//2107 766//766
f 2158//2158 256//256 2107//2107
f 2360//2360 1900//1900 2107//2107
f 1900//1900 544//544 2107//2107
f 1900//1900 2658//2658 544//544
f 51//51 2544//2544 1637//1637
f 1637//1637 1107//1107 51//51
f 1637//1637 2081//2081 1107//1107
f 2081//2081 2497//2497 1107//1107
f 52//52 2616//2616 1446//1446
f 52//52 1422//1422 2616//2616
f 52//52 2460//2460 1422//1422
f 2460//2460 896//896 1422//1422
f 2460//2460 629//629 896//896
f 629//629 1973//1973 896//896
f 1973//1973 1382//1382 896//896
f 1973//1973 1667//1667 1382//1382
f 1667//1667 2656//2656 1382//1382
f 2656//2656 197//197 1382//1382
f 2656//2656 987//987 197//197
f 987//987 2119//2119 197//197
f 987//987 537//537 2119//2119
f 2656//2656 608//608 987//987
f 608//608 1444//1444 987//987
f 608//608 965//965 1444//1444
f 608//608 1667//1667 965//965
f 608//608 2656//2656 1667//1667
f 2460//2460 1655//1655 629//629
f 2616//2616 2550//2550 1446//1446
f 2550//2550 636//636 1446//1446
f 636//636 2381//2381 1446//1446
f 2381//2381 1275//1275 1446//1446
f 1275//1275 52//52 1446//1446
f 2381//2381 636//636 1275//1275
f 2616//2616 694//694 2550//2550
f 694//694 1055//1055 2550//2550
f 694//694 2490//2490 1055//1055
f 2490//2490 219//219 1055//1055
f 219//219 2098//2098 1055//1055
f 219//219 2134//2134 2098//2098
f 2134//2134 668//668 2098//2098
f 668//668 1894//1894 2098//2098
f 668//668 910//910 1894//1894
f 910//910 2036//2036 1894//1894
f 2036//2036 187//187 1894//1894
f 2036//2036 2026//2026 187//187
f 2026//2026 985//985 187//187
f 2026//2026 2390//2390 985//985
f 2390//2390 1651//1651 985//985
f 1651//1651 2399//2399 985//985
f 2399//2399 636//636 985//985
f 1651//1651 804//804 2399//2399
f 2390//2390 359//359 1651//1651
f 2390//2390 1902//1902 359//359
f 1902//1902 2488//2488 359//359
f 2488//2488 1191//1191 359//359
f 2488//2488 748//748 1191//1191
f 2488//2488 1227//1227 748//748
f 2390//2390 859//859 1902//1902
f 859//859 33//33 1902//1902
f 859//859 1835//1835 33//33
f 859//859 1498//1498 1835//1835
f 1498//1498 395//395 1835//1835
f 395//395 2353//2353 1835//1835
f 2353//2353 956//956 1835//1835
f 395//395 2563//2563 2353//2353
f 2563//2563 1529//1529 2353//2353
f 2563//2563 948//948 1529//1529
f 2563//2563 2250//2250 948//948
f 2250//2250 2344//2344 948//948
f 2250//2250 99//99 2344//2344
f 99//99 1240//1240 2344//2344
f 2250//2250 1866//1866 99//99
f 1866//1866 1203//1203 99//99
f 1866//1866 1049//1049 1203//1203
f 1049//1049 360//360 1203//1203
f 360//360 2382//2382 1203//1203
f 360//360 2333//2333 2382//2382
f 2333//2333 582//582 2382//2382
f 582//582 1439//1439 2382//2382
f 1439//1439 2294//2294 2382//2382
f 582//582 2650//2650 1439//1439
f 582//582 2608//2608 2650//2650
f 360//360 1099//1099 2333//2333
f 360//360 1049//1049 1099//1099
f 1866//1866 2524//2524 1049//1049
f 1866//1866 2250//2250 2524//2524
f 2250//2250 910//910 2524//2524
f 910//910 668//668 2524//2524
f 2250//2250 2563//2563 910//910
f 2563//2563 2036//2036 910//910
f 2563//2563 395//395 2036//2036
f 395//395 1498//1498 2036//2036
f 1498//1498 2026//2026 2036//2036
f 1498//1498 859//859 2026//2026
f 859//859 2390//2390 2026//2026
f 219//219 1049//1049 2134//2134
f 2490//2490 2380//2380 219//219
f 694//694 2468//2468 2490//2490
f 53//53 2090//2090 1911//1911
f 53//53 1199//1199 2090//2090
f 53//53 1300//1300 1199//1199
f 1300//1300 2003//2003 1199//1199
f 2003//2003 2567//2567 1199//1199
f 2567//2567 653//653 1199//1199
f 653//653 1683//1683 1199//1199
f 1683//1683 680//680 1199//1199
f 2567//2567 1503//1503 653//653
f 2567//2567 2003//2003 1503//1503
f 2003//2003 2303//2303 1503//1503
f 2003//2003 1300//1300 2303//2303
f 53//53 1924//1924 1300//1300
f 53//53 1911//1911 1924//1924
f 1911//1911 763//763 1924//1924
f 763//763 1745//1745 1924//1924
f 1911//1911 2273//2273 763//763
f 1911//1911 1969//1969 2273//2273
f 1969//1969 358//358 2273//2273
f 1911//1911 731//731 1969//1969
f 1911//1911 2090//2090 731//731
f 55//55 2637//2637 1657//1657
f 2637//2637 1057//1057 1657//1657
f 2637//2637 1355//1355 1057//1057
f 1355//1355 300//300 1057//1057
f 2637//2637 55//55 1355//1355
f 56//56 2395//2395 1184//1184
f 56//56 1025//1025 2395//2395
f 1025//1025 478//478 2395//2395
f 478//478 1184//1184 2395//2395
f 478//478 925//925 1184//1184
f 57//57 1970//1970 1276//1276
f 57//57 2572//2572 1970//1970
f 57//57 1520//1520 2572//2572
f 1520//1520 711//711 2572//2572
f 1520//1520 1692//1692 711//711
f 1692//1692 1220//1220 711//711
f 1692//1692 2527//2527 1220//1220
f 2527//2527 1995//1995 1220//1220
f 1995//1995 185//185 1220//1220
f 2527//2527 613//613 1995//1995
f 2527//2527 1574//1574 613//613
f 1574//1574 2599//2599 613//613
f 1574//1574 1005//1005 2599//2599
f 1574//1574 1744//1744 1005//1005
f 1574//1574 2527//2527 1744//1744
f 2527//2527 269//269 1744//1744
f 2527//2527 1692//1692 269//269
f 59//59 1791//1791 1530//1530
f 1791//1791 610//610 1530//1530
f 1791//1791 2085//2085 610//610
f 2085//2085 1114//1114 610//610
f 2085//2085 206//206 1114//1114
f 206//206 2407//2407 1114//1114
f 2407//2407 868//868 1114//1114
f 868//868 2463//2463 1114//1114
f 868//868 1630//1630 2463//2463
f 1630//1630 344//344 2463//2463
f 344//344 2649//2649 2463//2463
f 2649//2649 2280//2280 2463//2463
f 2280//2280 2277//2277 2463//2463
f 2277//2277 2463//2463 1929//1929
f 1929//1929 1114//1114 2277//2277
f 2649//2649 1490//1490 2280//2280
f 868//868 2407//2407 1630//1630
f 206//206 1673//1673 2407//2407
f 1673//1673 892//892 2407//2407
f 1673//1673 2161//2161 892//892
f 2161//2161 1685//1685 892//892
f 2161//2161 628//628 1685//1685
f 628//628 1961//1961 1685//1685
f 2161//2161 1673//1673 628//628
f 206//206 2085//2085 1673//1673
f 1791//1791 1234//1234 2085//2085
f 1530//1530 1449//1449 59//59
f 1530//1530 536//536 1449//1449
f 536//536 1084//1084 1449//1449
f 1530//1530 2414//2414 536//536
f 2414//2414 1716//1716 536//536
f 1716//1716 842//842 536//536
f 1716//1716 1491//1491 842//842
f 1716//1716 152//152 1491//1491
f 152//152 2057//2057 1491//1491
f 2057//2057 597//597 1491//1491
f 2057//2057 1288//1288 597//597
f 1288//1288 1451//1451 597//597
f 1716//1716 914//914 152//152
f 1716//1716 2414//2414 914//914
f 61//61 1877//1877 2000//2000
f 61//61 783//783 1877//1877
f 61//61 1541//1541 783//783
f 61//61 2055//2055 1541//1541
f 2055//2055 527//527 1541//1541
f 2055//2055 1755//1755 527//527
f 1755//1755 1818//1818 527//527
f 2055//2055 710//710 1755//1755
f 710//710 2187//2187 1755//1755
f 2055//2055 1450//1450 710//710
f 2055//2055 61//61 1450//1450
f 61//61 2000//2000 1450//1450
f 1877//1877 1183//1183 2000//2000
f 1183//1183 2644//2644 2000//2000
f 1183//1183 388//388 2644//2644
f 388//388 1459//1459 2644//2644
f 62//62 1436//1436 2269//2269
f 64//64 1474//1474 2629//2629
f 1474//1474 651//651 2629//2629
f 1474//1474 1395//1395 651//651
f 65//65 924//924 1142//1142
f 1142//1142 1278//1278 65//65
f 1142//1142 1278//1278 709//709
f 709//709 2072//2072 1142//1142
f 709//709 2311//2311 2072//2072
f 2311//2311 283//283 2072//2072
f 924//924 2511//2511 1142//1142
f 924//924 1315//1315 2511//2511
f 66//66 2084//2084 849//849
f 68//68 1390//1390 1713//1713
f 1713//1713 1951//1951 68//68
f 1951//1951 1396//1396 68//68
f 1951//1951 1561//1561 1396//1396
f 1561//1561 619//619 1396//1396
f 1561//1561 2013//2013 619//619
f 1561//1561 837//837 2013//2013
f 1561//1561 837//837 1994//1994
f 837//837 2639//2639 1994//1994
f 837//837 1376//1376 2639//2639
f 1376//1376 1421//1421 2639//2639
f 1376//1376 1421//1421 162//162
f 162//162 1376//1376 2013//2013
f 2013//2013 1669//1669 162//162
f 1951//1951 803//803 1561//1561
f 1390//1390 1072//1072 1713//1713
f 1072//1072 2051//2051 1713//1713
f 1072//1072 603//603 2051//2051
f 603//603 1179//1179 2051//2051
f 603//603 1403//1403 1179//1179
f 1403//1403 224//224 1179//1179
f 224//224 2024//2024 1179//1179
f 2024//2024 803//803 1179//1179
f 2024//2024 2384//2384 803//803
f 2384//2384 1669//1669 803//803
f 2024//2024 429//429 2384//2384
f 1403//1403 2296//2296 224//224
f 2296//2296 2482//2482 224//224
f 1403//1403 1581//1581 2296//2296
f 1390//1390 1992//1992 1072//1072
f 1390//1390 677//677 1992//1992
f 1390//1390 1882//1882 677//677
f 1882//1882 1329//1329 677//677
f 1882//1882 869//869 1329//1329
f 869//869 293//293 1329//1329
f 293//293 2312//2312 1329//1329
f 2312//2312 1329//1329 691//691
f 691//691 1303//1303 2312//2312
f 1303//1303 2576//2576 2312//2312
f 1303//1303 127//127 2576//2576
f 127//127 2316//2316 2576//2576
f 127//127 1385//1385 2316//2316
f 1385//1385 1257//1257 2316//2316
f 127//127 2361//2361 1385//1385
f 2361//2361 926//926 1385//1385
f 926//926 2031//2031 1385//1385
f 926//926 2106//2106 2031//2031
f 926//926 2569//2569 2106//2106
f 2569//2569 655//655 2106//2106
f 655//655 1582//1582 2106//2106
f 1582//1582 91//91 2106//2106
f 926//926 1663//1663 2569//2569
f 1663//1663 2291//2291 2569//2569
f 926//926 2361//2361 1663//1663
f 2361//2361 2386//2386 1663//1663
f 2386//2386 2154//2154 1663//1663
f 2154//2154 326//326 1663//1663
f 2154//2154 1906//1906 326//326
f 1906//1906 2487//2487 326//326
f 2487//2487 1122//1122 326//326
f 2487//2487 1906//1906 1122//1122
f 1906//1906 2300//2300 1122//1122
f 2300//2300 1558//1558 1122//1122
f 1558//1558 452//452 1122//1122
f 1558//1558 958//958 452//452
f 2300//2300 144//144 1558//1558
f 144//144 1766//1766 1558//1558
f 2300//2300 1150//1150 144//144
f 2300//2300 682//682 1150//1150
f 682//682 1267//1267 1150//1150
f 682//682 1906//1906 1267//1267
f 682//682 2300//2300 1906//1906
f 2386//2386 691//691 2154//2154
f 2386//2386 1303//1303 691//691
f 2386//2386 127//127 1303//1303
f 2386//2386 964//964 127//127
f 964//964 2361//2361 127//127
f 869//869 1611//1611 293//293
f 1882//1882 1820//1820 869//869
f 1820//1820 442//442 869//869
f 1820//1820 1396//1396 442//442
f 1820//1820 1304//1304 1396//1396
f 1882//1882 1390//1390 1820//1820
f 68//68 1304//1304 1390//1390
f 69//69 1537//1537 1354//1354
f 1537//1537 2077//2077 1354//1354
f 2077//2077 989//989 1354//1354
f 989//989 2141//2141 1354//1354
f 2141//2141 403//403 1354//1354
f 2141//2141 1487//1487 403//403
f 1487//1487 2671//2671 403//403
f 1487//1487 1922//1922 2671//2671
f 1922//1922 788//788 2671//2671
f 788//788 1361//1361 2671//2671
f 788//788 2622//2622 1361//1361
f 2622//2622 740//740 1361//1361
f 2622//2622 1933//1933 740//740
f 2622//2622 173//173 1933//1933
f 2622//2622 2423//2423 173//173
f 2622//2622 2048//2048 2423//2423
f 2622//2622 788//788 2048//2048
f 788//788 2666//2666 2048//2048
f 2666//2666 627//627 2048//2048
f 2666//2666 1021//1021 627//627
f 788//788 1922//1922 2666//2666
f 1487//1487 223//223 1922//1922
f 2141//2141 833//833 1487//1487
f 2141//2141 2281//2281 833//833
f 2141//2141 989//989 2281//2281
f 989//989 275//275 2281//2281
f 1537//1537 2097//2097 2077//2077
f 2097//2097 434//434 2077//2077
f 434//434 1904//1904 2077//2077
f 70//70 1843//1843 2549//2549
f 2549//2549 1479//1479 70//70
f 2549//2549 1518//1518 1479//1479
f 2549//2549 780//780 1518//1518
f 2549//2549 1843//1843 780//780
f 71//71 1790//1790 1507//1507
f 71//71 2585//2585 1790//1790
f 2585//2585 835//835 1790//1790
f 2585//2585 2621//2621 835//835
f 72//72 2516//2516 1935//1935
f 72//72 1984//1984 2516//2516
f 72//72 1935//1935 1984//1984
f 75//75 1644//1644 2196//2196
f 76//76 1374//1374 1782//1782
f 1782//1782 1578//1578 76//76
f 1374//1374 1167//1167 1782//1782
f 1167//1167 617//617 1782//1782
f 1374//1374 1633//1633 1167//1167
f 1633//1633 2125//2125 1167//1167
f 1633//1633 373//373 2125//2125
f 373//373 1548//1548 2125//2125
f 1374//1374 721//721 1633//1633
f 721//721 1583//1583 1633//1633
f 721//721 1543//1543 1583//1583
f 1543//1543 158//158 1583//1583
f 721//721 2587//2587 1543//1543
f 2587//2587 1679//1679 1543//1543
f 1679//1679 494//494 1543//1543
f 2587//2587 1074//1074 1679//1679
f 1074//1074 2349//2349 1679//1679
f 2349//2349 321//321 1679//1679
f 2349//2349 1074//1074 321//321
f 2587//2587 76//76 1074//1074
f 76//76 1195//1195 1074//1074
f 2587//2587 1374//1374 76//76
f 2587//2587 721//721 1374//1374
f 77//77 1834//1834 1599//1599
f 1834//1834 984//984 1599//1599
f 984//984 386//386 1599//1599
f 1834//1834 2145//2145 984//984
f 2145//2145 1392//1392 984//984
f 1392//1392 2117//2117 984//984
f 2145//2145 586//586 1392//1392
f 586//586 2359//2359 1392//1392
f 2145//2145 2006//2006 586//586
f 2145//2145 1834//1834 2006//2006
f 78//78 2028//2028 1760//1760
f 78//78 2028//2028 826//826
f 2028//2028 1687//1687 826//826
f 1687//1687 1398//1398 826//826
f 1398//1398 2266//2266 826//826
f 1398//1398 287//287 2266//2266
f 287//287 733//733 2266//2266
f 1398//1398 2392//2392 287//287
f 2392//2392 2278//2278 287//287
f 2278//2278 990//990 287//287
f 2392//2392 974//974 2278//2278
f 2392//2392 666//666 974//974
f 2392//2392 1398//1398 666//666
f 2028//2028 972//972 1687//1687
f 972//972 366//366 1687//1687
f 972//972 1147//1147 366//366
f 1147//1147 2619//2619 366//366
f 2619//2619 1471//1471 366//366
f 2619//2619 1056//1056 1471//1471
f 1056//1056 2147//2147 1471//1471
f 2147//2147 2506//2506 1471//1471
f 2147//2147 1840//1840 2506//2506
f 1840//1840 545//545 2506//2506
f 545//545 943//943 2506//2506
f 1840//1840 2128//2128 545//545
f 2147//2147 2442//2442 1840//1840
f 2147//2147 1056//1056 2442//2442
f 2619//2619 1147//1147 1056//1056
f 1147//1147 2455//2455 1056//1056
f 2455//2455 667//667 1056//1056
f 2455//2455 1949//1949 667//667
f 1949//1949 1311//1311 667//667
f 2455//2455 209//209 1949//1949
f 2455//2455 1147//1147 209//209
f 2028//2028 1919//1919 972//972
f 1919//1919 641//641 972//972
f 1919//1919 1691//1691 641//641
f 1691//1691 845//845 641//641
f 1691//1691 2351//2351 845//845
f 1919//1919 78//78 1691//1691
f 826//826 1485//1485 78//78
f 1485//1485 1760//1760 78//78
f 1485//1485 532//532 1760//1760
f 1485//1485 532//532 1095//1095
f 80//80 2138//2138 1576//1576
f 80//80 1221//1221 2138//2138
f 2138//2138 466//466 1576//1576
f 1576//1576 1451//1451 80//80
f 1576//1576 1034//1034 1451//1451
f 82//82 1140//1140 822//822
f 82//82 813//813 1140//1140
f 82//82 2027//2027 813//813
f 2027//2027 963//963 813//813
f 2027//2027 1000//1000 963//963
f 2027//2027 82//82 1000//1000
f 1140//1140 1555//1555 822//822
f 1555//1555 1974//1974 822//822
f 1974//1974 739//739 822//822
f 1974//1974 433//433 739//739
f 1974//1974 1076//1076 433//433
f 1076//1076 2564//2564 433//433
f 2564//2564 1987//1987 433//433
f 1987//1987 1384//1384 433//433
f 2564//2564 817//817 1987//1987
f 2564//2564 1704//1704 817//817
f 1704//1704 437//437 817//817
f 437//437 1759//1759 817//817
f 1759//1759 2252//2252 817//817
f 1759//1759 133//133 2252//2252
f 133//133 759//759 2252//2252
f 1759//1759 1562//1562 133//133
f 1562//1562 1281//1281 133//133
f 1281//1281 1959//1959 133//133
f 1759//1759 437//437 1562//1562
f 437//437 1323//1323 1562//1562
f 1704//1704 1121//1121 437//437
f 1704//1704 1076//1076 1121//1121
f 1076//1076 234//234 1121//1121
f 1076//1076 1555//1555 234//234
f 1076//1076 1974//1974 1555//1555
f 1704//1704 2564//2564 1076//1076
f 83//83 1134//1134 1829//1829
f 1829//1829 1463//1463 83//83
f 83//83 1781//1781 1134//1134
f 1781//1781 2221//2221 1134//1134
f 1781//1781 609//609 2221//2221
f 1781//1781 1040//1040 609//609
f 1040//1040 1869//1869 609//609
f 1869//1869 1788//1788 609//609
f 1040//1040 2001//2001 1869//1869
f 2001//2001 315//315 1869//1869
f 2001//2001 1522//1522 315//315
f 1522//1522 1019//1019 315//315
f 1019//1019 2332//2332 315//315
f 1019//1019 2588//2588 2332//2332
f 2588//2588 512//512 2332//2332
f 2588//2588 2457//2457 512//512
f 2457//2457 1785//1785 512//512
f 1785//1785 1086//1086 512//512
f 2457//2457 2063//2063 1785//1785
f 2001//2001 2343//2343 1522//1522
f 2343//2343 890//890 1522//1522
f 2343//2343 2001//2001 890//890
f 2001//2001 1040//1040 890//890
f 1781//1781 83//83 1040//1040
f 84//84 2219//2219 2518//2518
f 2518//2518 1223//1223 84//84
f 2219//2219 839//839 2518//2518
f 839//839 1618//1618 2518//2518
f 839//839 1401//1401 1618//1618
f 1401//1401 165//165 1618//1618
f 2219//2219 1091//1091 839//839
f 1091//1091 504//504 839//839
f 86//86 962//962 2604//2604
f 2604//2604 938//938 86//86
f 87//87 2153//2153 1235//1235
f 2153//2153 1881//1881 1235//1235
f 90//90 1783//1783 2169//2169
f 1783//1783 2512//2512 2169//2169
f 2512//2512 675//675 2169//2169
f 2512//2512 1321//1321 675//675
f 2512//2512 1783//1783 1321//1321
f 2169//2169 898//898 90//90
f 93//93 1592//1592 2232//2232
f 94//94 2425//2425 1727//1727
f 1727//1727 2421//2421 94//94
f 1727//1727 605//605 2421//2421
f 605//605 1440//1440 2421//2421
f 605//605 2548//2548 1440//1440
f 2548//2548 154//154 1440//1440
f 1727//1727 2096//2096 605//605
f 1727//1727 2425//2425 2096//2096
f 2425//2425 712//712 2096//2096
f 2425//2425 2185//2185 712//712
f 2185//2185 1845//1845 712//712
f 2185//2185 1880//1880 1845//1845
f 1880//1880 245//245 1845//1845
f 1880//1880 1194//1194 245//245
f 1194//1194 2595//2595 245//245
f 2595//2595 2540//2540 245//245
f 2595//2595 1801//1801 2540//2540
f 1801//1801 1097//1097 2540//2540
f 1097//1097 659//659 2540//2540
f 1097//1097 1014//1014 659//659
f 1097//1097 1965//1965 1014//1014
f 1965//1965 268//268 1014//1014
f 268//268 2438//2438 1014//1014
f 268//268 2438//2438 1540//1540
f 2438//2438 632//632 1540//1540
f 1965//1965 1596//1596 268//268
f 1965//1965 1097//1097 1596//1596
f 1097//1097 883//883 1596//1596
f 1097//1097 1801//1801 883//883
f 1801//1801 95//95 883//883
f 1801//1801 2364//2364 95//95
f 1801//1801 713//713 2364//2364
f 1801//1801 2595//2595 713//713
f 2595//2595 1194//1194 713//713
f 1880//1880 2313//2313 1194//1194
f 1880//1880 516//516 2313//2313
f 1880//1880 2185//2185 516//516
f 97//97 1521//1521 1668//1668
f 1668//1668 844//844 97//97
f 1668//1668 475//475 844//844
f 475//475 2583//2583 844//844
f 475//475 1093//1093 2583//2583
f 1093//1093 2304//2304 2583//2583
f 2304//2304 714//714 2583//2583
f 97//97 857//857 1521//1521
f 97//97 2446//2446 857//857
f 2446//2446 1418//1418 857//857
f 1418//1418 1580//1580 857//857
f 100//100 2114//2114 1564//1564
f 100//100 1193//1193 2114//2114
f 101//101 2115//2115 1595//1595
f 2115//2115 1640//1640 1595//1595
f 2115//2115 539//539 1640//1640
f 1595//1595 1573//1573 101//101
f 1595//1595 884//884 1573//1573
f 884//884 2207//2207 1573//1573
f 884//884 1943//1943 2207//2207
f 884//884 367//367 1943//1943
f 884//884 1595//1595 367//367
f 1595//1595 875//875 367//367
f 102//102 929//929 1347//1347
f 104//104 2216//2216 2579//2579
f 2579//2579 950//950 104//104
f 2579//2579 2502//2502 950//950
f 2502//2502 2043//2043 950//950
f 2043//2043 1765//1765 950//950
f 2502//2502 367//367 2043//2043
f 104//104 2525//2525 2216//2216
f 104//104 1512//1512 2525//2525
f 1512//1512 463//463 2525//2525
f 1512//1512 1006//1006 463//463
f 105//105 2448//2448 1814//1814
f 105//105 1218//1218 2448//2448
f 1218//1218 860//860 2448//2448
f 860//860 2561//2561 2448//2448
f 2561//2561 1814//1814 2448//2448
f 860//860 444//444 2561//2561
f 444//444 2546//2546 2561//2561
f 444//444 1457//1457 2546//2546
f 1457//1457 1174//1174 2546//2546
f 1457//1457 176//176 1174//1174
f 444//444 808//808 1457//1457
f 1218//1218 2377//2377 860//860
f 2377//2377 1577//1577 860//860
f 1577//1577 831//831 860//860
f 1577//1577 2533//2533 831//831
f 2377//2377 282//282 1577//1577
f 2377//2377 1218//1218 282//282
f 1218//1218 2362//2362 282//282
f 106//106 1738//1738 1634//1634
f 106//106 1723//1723 1738//1738
f 1723//1723 946//946 1738//1738
f 946//946 1701//1701 1738//1738
f 946//946 1095//1095 1701//1701
f 946//946 2035//2035 1095//1095
f 2035//2035 330//330 1095//1095
f 2035//2035 2433//2433 330//330
f 2035//2035 1133//1133 2433//2433
f 2035//2035 2574//2574 1133//1133
f 2574//2574 281//281 1133//1133
f 281//281 1133//1133 1319//1319
f 1319//1319 281//281 2574//2574
f 2574//2574 2092//2092 1319//1319
f 2574//2574 1723//1723 2092//2092
f 1723//1723 1708//1708 2092//2092
f 1708//1708 1366//1366 2092//2092
f 1708//1708 2662//2662 1366//1366
f 2662//2662 270//270 1366//1366
f 270//270 1950//1950 1366//1366
f 270//270 981//981 1950//1950
f 981//981 1847//1847 1950//1950
f 270//270 2054//2054 981//981
f 270//270 2068//2068 2054//2054
f 2068//2068 1402//1402 2054//2054
f 2068//2068 953//953 1402//1402
f 953//953 514//514 1402//1402
f 953//953 2505//2505 514//514
f 953//953 507//507 2505//2505
f 507//507 1921//1921 2505//2505
f 1921//1921 60//60 2505//2505
f 507//507 997//997 1921//1921
f 507//507 2667//2667 997//997
f 2667//2667 459//459 997//997
f 2068//2068 1853//1853 953//953
f 1853//1853 1345//1345 953//953
f 2068//2068 270//270 1853//1853
f 270//270 2662//2662 1853//1853
f 2662//2662 1708//1708 1853//1853
f 1708//1708 622//622 1853//1853
f 1723//1723 106//106 1708//1708
f 2574//2574 946//946 1723//1723
f 2574//2574 2035//2035 946//946
f 1738//1738 733//733 1634//1634
f 1634//1634 881//881 106//106
f 1634//1634 2547//2547 881//881
f 2547//2547 2044//2044 881//881
f 2547//2547 1805//1805 2044//2044
f 1805//1805 406//406 2044//2044
f 1634//1634 409//409 2547//2547
f 409//409 990//990 2547//2547
f 107//107 2441//2441 1190//1190
f 108//108 2317//2317 1756//1756
f 2317//2317 1443//1443 1756//1756
f 1443//1443 2530//2530 1756//1756
f 2530//2530 379//379 1756//1756
f 379//379 1175//1175 1756//1756
f 379//379 799//799 1175//1175
f 2530//2530 1542//1542 379//379
f 1542//1542 992//992 379//379
f 1443//1443 626//626 2530//2530
f 108//108 1553//1553 2317//2317
f 108//108 2265//2265 1553//1553
f 2265//2265 623//623 1553//1553
f 110//110 2201//2201 1061//1061
f 110//110 2201//2201 1039//1039
f 2201//2201 1039//1039 1061//1061
f 111//111 2368//2368 1482//1482
f 112//112 2612//2612 1516//1516
f 112//112 979//979 2612//2612
f 2612//2612 2341//2341 1516//1516
f 119//119 2240//2240 1772//1772
f 121//121 1088//1088 1824//1824
f 1088//1088 1826//1826 1824//1824
f 1826//1826 864//864 1824//1824
f 864//864 121//121 1824//1824
f 1088//1088 1940//1940 1826//1826
f 1940//1940 356//356 1826//1826
f 356//356 2156//2156 1826//1826
f 2156//2156 836//836 1826//1826
f 1940//1940 1130//1130 356//356
f 1088//1088 1963//1963 1940//1940
f 1963//1963 271//271 1940//1940
f 1963//1963 2352//2352 271//271
f 1088//1088 753//753 1963//1963
f 122//122 1027//1027 2244//2244
f 123//123 2272//2272 1884//1884
f 123//123 1425//1425 2272//2272
f 1425//1425 862//862 2272//2272
f 862//862 1884//1884 2272//2272
f 123//123 829//829 1425//1425
f 829//829 2225//2225 1425//1425
f 2225//2225 331//331 1425//1425
f 124//124 1807//1807 1447//1447
f 1807//1807 2627//2627 1447//1447
f 2627//2627 1145//1145 1447//1447
f 1807//1807 460//460 2627//2627
f 1807//1807 2468//2468 460//460
f 1807//1807 1289//1289 2468//2468
f 1807//1807 124//124 1289//1289
f 124//124 1720//1720 1289//1289
f 1720//1720 848//848 1289//1289
f 1720//1720 343//343 848//848
f 125//125 2218//2218 1682//1682
f 1682//1682 2231//2231 125//125
f 125//125 999//999 2218//2218
f 129//129 2410//2410 1699//1699
f 129//129 1939//1939 2410//2410
f 1939//1939 1678//1678 2410//2410
f 1678//1678 1699//1699 2410//2410
f 1678//1678 1431//1431 1699//1699
f 1431//1431 1699//1699 581//581
f 1678//1678 1431//1431 871//871
f 129//129 2140//2140 1939//1939
f 129//129 1185//1185 2140//2140
f 129//129 1699//1699 1185//1185
f 1699//1699 2165//2165 1185//1185
f 131//131 1045//1045 1339//1339
f 131//131 1627//1627 1045//1045
f 132//132 1851//1851 2415//2415
f 1851//1851 1162//1162 2415//2415
f 1162//1162 856//856 2415//2415
f 1851//1851 1623//1623 1162//1162
f 1623//1623 2101//2101 1162//1162
f 1623//1623 265//265 2101//2101
f 1851//1851 487//487 1623//1623
f 487//487 1223//1223 1623//1623
f 1851//1851 939//939 487//487
f 939//939 2369//2369 487//487
f 939//939 2073//2073 2369//2369
f 2073//2073 247//247 2369//2369
f 1851//1851 132//132 939//939
f 132//132 2160//2160 939//939
f 134//134 1181//1181 1252//1252
f 1181//1181 1252//1252 528//528
f 135//135 2261//2261 1968//1968
f 1968//1968 1462//1462 135//135
f 1968//1968 1488//1488 1462//1462
f 1488//1488 2534//2534 1462//1462
f 1488//1488 2534//2534 1694//1694
f 2534//2534 1694//1694 1338//1338
f 1338//1338 530//530 2534//2534
f 1968//1968 546//546 1488//1488
f 546//546 1848//1848 1488//1488
f 1848//1848 319//319 1488//1488
f 546//546 2007//2007 1848//1848
f 2007//2007 1094//1094 1848//1848
f 2007//2007 27//27 1094//1094
f 27//27 1490//1490 1094//1094
f 546//546 2079//2079 2007//2007
f 546//546 1968//1968 2079//2079
f 138//138 2260//2260 2102//2102
f 2102//2102 998//998 138//138
f 2102//2102 1584//1584 998//998
f 1584//1584 1186//1186 998//998
f 1186//1186 2088//2088 998//998
f 1584//1584 446//446 1186//1186
f 446//446 2443//2443 1186//1186
f 446//446 2135//2135 2443//2443
f 2135//2135 1642//1642 2443//2443
f 2135//2135 2200//2200 1642//1642
f 2200//2200 838//838 1642//1642
f 2200//2200 2067//2067 838//838
f 2200//2200 227//227 2067//2067
f 227//227 1961//1961 2067//2067
f 2200//2200 1330//1330 227//227
f 2200//2200 911//911 1330//1330
f 911//911 1979//1979 1330//1330
f 911//911 2135//2135 1979//1979
f 2135//2135 446//446 1979//1979
f 911//911 2200//2200 2135//2135
f 1584//1584 2496//2496 446//446
f 2496//2496 796//796 446//446
f 1584//1584 2102//2102 2496//2496
f 2260//2260 1108//1108 2102//2102
f 2260//2260 1569//1569 1108//1108
f 1569//1569 1495//1495 1108//1108
f 2260//2260 420//420 1569//1569
f 2260//2260 1586//1586 420//420
f 2260//2260 138//138 1586//1586
f 139//139 2256//2256 1876//1876
f 140//140 1258//1258 1773//1773
f 1258//1258 1349//1349 1773//1773
f 1258//1258 377//377 1349//1349
f 140//140 882//882 1258//1258
f 141//141 2545//2545 2290//2290
f 141//141 988//988 2545//2545
f 2545//2545 923//923 2290//2290
f 923//923 1346//1346 2290//2290
f 1346//1346 2484//2484 2290//2290
f 1346//1346 338//338 2484//2484
f 338//338 1115//1115 2484//2484
f 1346//1346 2472//2472 338//338
f 1346//1346 923//923 2472//2472
f 2290//2290 1253//1253 141//141
f 142//142 1739//1739 2099//2099
f 1739//1739 797//797 2099//2099
f 797//797 482//482 2099//2099
f 148//148 1903//1903 1624//1624
f 148//148 1689//1689 1903//1903
f 1689//1689 1478//1478 1903//1903
f 1478//1478 1867//1867 1903//1903
f 1867//1867 684//684 1903//1903
f 684//684 2388//2388 1903//1903
f 2388//2388 1624//1624 1903//1903
f 2388//2388 1139//1139 1624//1624
f 1139//1139 894//894 1624//1624
f 894//894 148//148 1624//1624
f 2388//2388 1955//1955 1139//1139
f 1955//1955 2108//2108 1139//1139
f 2108//2108 1839//1839 1139//1139
f 2108//2108 377//377 1839//1839
f 1955//1955 2620//2620 2108//2108
f 2620//2620 728//728 2108//2108
f 1955//1955 239//239 2620//2620
f 239//239 2319//2319 2620//2620
f 239//239 1219//1219 2319//2319
f 1219//1219 1434//1434 2319//2319
f 1434//1434 2319//2319 490//490
f 490//490 1792//1792 1434//1434
f 1792//1792 1434//1434 1714//1714
f 1714//1714 755//755 1792//1792
f 239//239 1277//1277 1219//1219
f 1277//1277 492//492 1219//1219
f 239//239 1473//1473 1277//1277
f 239//239 1955//1955 1473//1473
f 1955//1955 684//684 1473//1473
f 1955//1955 2388//2388 684//684
f 1478//1478 353//353 1867//1867
f 1689//1689 575//575 1478//1478
f 148//148 930//930 1689//1689
f 149//149 2109//2109 1850//1850
f 2109//2109 1409//1409 1850//1850
f 149//149 1372//1372 2109//2109
f 1372//1372 522//522 2109//2109
f 1372//1372 1706//1706 522//522
f 150//150 980//980 2513//2513
f 153//153 2479//2479 1702//1702
f 156//156 1310//1310 2642//2642
f 1310//1310 1697//1697 2642//2642
f 1697//1697 895//895 2642//2642
f 156//156 2034//2034 1310//1310
f 157//157 2367//2367 2152//2152
f 157//157 1500//1500 2367//2367
f 1500//1500 1212//1212 2367//2367
f 1212//1212 2284//2284 2367//2367
f 2284//2284 1982//1982 2367//2367
f 1982//1982 633//633 2367//2367
f 633//633 1925//1925 2367//2367
f 1925//1925 2152//2152 2367//2367
f 1925//1925 1247//1247 2152//2152
f 1247//1247 2306//2306 2152//2152
f 1247//1247 2282//2282 2306//2306
f 2282//2282 952//952 2306//2306
f 2282//2282 1856//1856 952//952
f 2282//2282 362//362 1856//1856
f 2282//2282 1247//1247 362//362
f 1212//1212 680//680 2284//2284
f 1500//1500 731//731 1212//1212
f 157//157 1244//1244 1500//1500
f 1244//1244 2420//2420 1500//1500
f 1244//1244 2434//2434 2420//2420
f 1244//1244 584//584 2434//2434
f 159//159 1913//1913 1428//1428
f 1913//1913 573//573 1428//1428
f 1913//1913 1197//1197 573//573
f 163//163 1137//1137 1207//1207
f 1207//1207 1631//1631 163//163
f 168//168 941//941 1245//1245
f 169//169 2493//2493 2330//2330
f 2493//2493 776//776 2330//2330
f 2493//2493 821//821 776//776
f 2493//2493 1612//1612 821//821
f 2493//2493 169//169 1612//1612
f 170//170 1365//1365 1778//1778
f 1778//1778 1552//1552 170//170
f 170//170 1368//1368 1365//1365
f 170//170 2476//2476 1368//1368
f 171//171 2426//2426 1928//1928
f 2426//2426 670//670 1928//1928
f 2426//2426 1256//1256 670//670
f 172//172 1532//1532 1909//1909
f 1532//1532 435//435 1909//1909
f 175//175 2016//2016 1803//1803
f 2016//2016 499//499 1803//1803
f 499//499 1356//1356 1803//1803
f 499//499 1719//1719 1356//1356
f 2016//2016 1071//1071 499//499
f 1071//1071 1703//1703 499//499
f 177//177 933//933 1571//1571
f 933//933 2011//2011 1571//1571
f 933//933 2322//2322 2011//2011
f 2322//2322 704//704 2011//2011
f 178//178 2340//2340 1325//1325
f 2340//2340 571//571 1325//1325
f 571//571 2305//2305 1325//1325
f 2305//2305 1158//1158 1325//1325
f 1158//1158 741//741 1325//1325
f 571//571 1280//1280 2305//2305
f 571//571 2461//2461 1280//1280
f 2461//2461 850//850 1280//1280
f 571//571 879//879 2461//2461
f 181//181 1363//1363 2485//2485
f 181//181 2008//2008 1363//1363
f 2008//2008 1282//1282 1363//1363
f 1282//1282 749//749 1363//1363
f 1282//1282 1557//1557 749//749
f 2008//2008 424//424 1282//1282
f 2008//2008 2554//2554 424//424
f 2008//2008 1196//1196 2554//2554
f 2008//2008 181//181 1196//1196
f 184//184 2217//2217 1732//1732
f 2217//2217 814//814 1732//1732
f 814//814 407//407 1732//1732
f 2217//2217 2095//2095 814//814
f 2095//2095 1081//1081 814//814
f 1732//1732 1054//1054 184//184
f 1054//1054 1620//1620 184//184
f 1620//1620 2486//2486 184//184
f 2486//2486 1472//1472 184//184
f 2486//2486 600//600 1472//1472
f 2486//2486 2355//2355 600//600
f 2355//2355 855//855 600//600
f 1054//1054 625//625 1620//1620
f 188//188 1823//1823 1393//1393
f 1393//1393 2453//2453 188//188
f 2453//2453 1044//1044 188//188
f 2453//2453 1496//1496 1044//1044
f 2453//2453 461//461 1496//1496
f 461//461 1535//1535 1496//1496
f 461//461 1912//1912 1535//1535
f 2453//2453 1393//1393 461//461
f 1393//1393 1976//1976 461//461
f 189//189 1734//1734 1870//1870
f 1734//1734 854//854 1870//1870
f 854//854 491//491 1870//1870
f 491//491 932//932 1870//1870
f 932//932 189//189 1870//1870
f 1734//1734 970//970 854//854
f 190//190 1511//1511 1286//1286
f 190//190 2477//2477 1511//1511
f 2477//2477 1047//1047 1511//1511
f 2477//2477 1344//1344 1047//1047
f 1344//1344 1976//1976 1047//1047
f 1976//1976 351//351 1047//1047
f 2477//2477 591//591 1344//1344
f 2477//2477 1138//1138 591//591
f 1138//1138 1465//1465 591//591
f 1138//1138 2429//2429 1465//1465
f 2429//2429 568//568 1465//1465
f 568//568 1027//1027 1465//1465
f 1027//1027 1465//1465 369//369
f 2429//2429 1953//1953 568//568
f 1953//1953 2609//2609 568//568
f 2429//2429 1138//1138 1953//1953
f 2477//2477 190//190 1138//1138
f 193//193 2164//2164 2451//2451
f 193//193 1035//1035 2164//2164
f 1035//1035 297//297 2164//2164
f 297//297 1211//1211 2164//2164
f 297//297 2412//2412 1211//1211
f 2412//2412 1023//1023 1211//1211
f 193//193 2621//2621 1035//1035
f 195//195 1285//1285 2387//2387
f 196//196 2603//2603 1966//1966
f 196//196 1607//1607 2603//2603
f 1607//1607 1892//1892 2603//2603
f 1892//1892 734//734 2603//2603
f 734//734 2170//2170 2603//2603
f 2170//2170 1966//1966 2603//2603
f 734//734 2314//2314 2170//2170
f 2314//2314 968//968 2170//2170
f 734//734 1892//1892 2314//2314
f 1966//1966 1129//1129 196//196
f 198//198 2070//2070 2489//2489
f 198//198 2198//2198 2070//2070
f 2198//2198 702//702 2070//2070
f 198//198 919//919 2198//2198
f 919//919 743//743 2198//2198
f 919//919 1952//1952 743//743
f 919//919 382//382 1952//1952
f 382//382 2301//2301 1952//1952
f 199//199 1266//1266 1214//1214
f 1214//1214 2127//2127 199//199
f 1214//1214 380//380 2127//2127
f 380//380 1387//1387 2127//2127
f 1387//1387 742//742 2127//2127
f 380//380 1444//1444 1387//1387
f 199//199 2503//2503 1266//1266
f 2503//2503 1815//1815 1266//1266
f 1815//1815 363//363 1266//1266
f 363//363 1590//1590 1266//1266
f 363//363 1815//1815 1590//1590
f 1815//1815 1570//1570 1590//1590
f 1815//1815 1033//1033 1570//1570
f 202//202 1954//1954 1388//1388
f 202//202 1204//1204 1954//1954
f 1204//1204 635//635 1954//1954
f 1954//1954 509//509 1388//1388
f 1388//1388 1408//1408 202//202
f 1388//1388 2378//2378 1408//1408
f 2378//2378 681//681 1408//1408
f 2378//2378 1589//1589 681//681
f 203//203 1493//1493 2065//2065
f 2065//2065 1416//1416 203//203
f 1416//1416 203//203 1493//1493
f 1493//1493 2180//2180 1416//1416
f 2180//2180 1861//1861 1416//1416
f 1861//1861 418//418 1416//1416
f 418//418 1825//1825 1416//1416
f 2180//2180 272//272 1861//1861
f 272//272 2004//2004 1861//1861
f 2004//2004 2064//2064 1861//1861
f 272//272 1265//1265 2004//2004
f 272//272 1991//1991 1265//1265
f 1991//1991 754//754 1265//1265
f 272//272 2605//2605 1991//1991
f 2605//2605 2591//2591 1991//1991
f 2605//2605 2180//2180 2591//2591
f 2180//2180 585//585 2591//2591
f 585//585 2591//2591 1517//1517
f 2591//2591 1493//1493 1517//1517
f 2180//2180 1493//1493 585//585
f 1493//1493 1805//1805 585//585
f 1805//1805 2346//2346 585//585
f 2346//2346 1737//1737 585//585
f 2346//2346 899//899 1737//1737
f 2346//2346 1805//1805 899//899
f 207//207 2163//2163 1662//1662
f 207//207 780//780 2163//2163
f 208//208 2150//2150 1855//1855
f 208//208 1073//1073 2150//2150
f 1073//1073 2510//2510 2150//2150
f 2510//2510 1855//1855 2150//2150
f 1073//1073 1707//1707 2510//2510
f 1707//1707 309//309 2510//2510
f 1707//1707 1302//1302 309//309
f 1707//1707 1302//1302 660//660
f 1302//1302 2081//2081 660//660
f 1302//1302 1777//1777 2081//2081
f 1302//1302 1269//1269 1777//1777
f 1302//1302 148//148 1269//1269
f 148//148 1839//1839 1269//1269
f 1839//1839 940//940 1269//1269
f 940//940 401//401 1269//1269
f 208//208 1441//1441 1073//1073
f 208//208 2227//2227 1441//1441
f 2227//2227 1971//1971 1441//1441
f 2227//2227 1431//1431 1971//1971
f 2227//2227 2165//2165 1431//1431
f 2227//2227 1501//1501 2165//2165
f 1501//1501 2188//2188 2165//2165
f 1501//1501 2227//2227 2188//2188
f 2227//2227 1169//1169 2188//2188
f 1169//1169 419//419 2188//2188
f 1169//1169 1855//1855 419//419
f 1855//1855 834//834 419//419
f 1169//1169 208//208 1855//1855
f 1169//1169 2227//2227 208//208
f 210//210 827//827 1547//1547
f 827//827 738//738 1547//1547
f 212//212 2600//2600 1639//1639
f 212//212 1104//1104 2600//2600
f 1639//1639 1546//1546 212//212
f 213//213 1453//1453 1997//1997
f 215//215 1565//1565 1100//1100
f 217//217 1684//1684 1808//1808
f 1808//1808 1152//1152 217//217
f 1684//1684 862//862 1808//1808
f 217//217 1328//1328 1684//1684
f 220//220 1695//1695 1996//1996
f 220//220 2447//2447 1695//1695
f 2447//2447 479//479 1695//1695
f 2447//2447 2196//2196 479//479
f 2447//2447 723//723 2196//2196
f 2447//2447 1160//1160 723//723
f 2447//2447 220//220 1160//1160
f 222//222 2209//2209 1666//1666
f 2209//2209 560//560 1666//1666
f 2209//2209 2231//2231 560//560
f 2209//2209 761//761 2231//2231
f 2209//2209 222//222 761//761
f 225//225 1802//1802 2509//2509
f 2509//2509 1591//1591 225//225
f 1591//1591 1067//1067 225//225
f 1067//1067 2601//2601 225//225
f 2601//2601 2078//2078 225//225
f 2078//2078 2293//2293 225//225
f 2293//2293 1802//1802 225//225
f 2293//2293 693//693 1802//1802
f 2293//2293 852//852 693//693
f 2293//2293 2078//2078 852//852
f 2601//2601 800//800 2078//2078
f 2601//2601 1796//1796 800//800
f 1796//1796 2494//2494 800//800
f 2601//2601 1067//1067 1796//1796
f 1067//1067 273//273 1796//1796
f 273//273 1116//1116 1796//1796
f 273//273 1883//1883 1116//1116
f 1883//1883 2552//2552 1116//1116
f 2552//2552 1916//1916 1116//1116
f 2552//2552 372//372 1916//1916
f 372//372 2397//2397 1916//1916
f 372//372 1918//1918 2397//2397
f 1918//1918 1286//1286 2397//2397
f 2552//2552 1883//1883 372//372
f 2509//2509 700//700 1591//1591
f 700//700 1770//1770 1591//1591
f 1770//1770 782//782 1591//1591
f 1770//1770 320//320 782//782
f 320//320 2176//2176 782//782
f 2176//2176 904//904 782//782
f 2176//2176 570//570 904//904
f 2509//2509 2258//2258 700//700
f 2258//2258 1085//1085 700//700
f 1085//1085 1563//1563 700//700
f 2258//2258 2083//2083 1085//1085
f 2509//2509 1802//1802 2258//2258
f 226//226 2172//2172 2234//2234
f 226//226 2404//2404 2172//2172
f 2404//2404 936//936 2172//2172
f 2404//2404 1481//1481 936//936
f 2404//2404 2292//2292 1481//1481
f 2292//2292 768//768 1481//1481
f 2404//2404 226//226 2292//2292
f 226//226 908//908 2292//2292
f 229//229 2618//2618 1008//1008
f 2618//2618 526//526 1008//1008
f 526//526 1934//1934 1008//1008
f 1008//1008 2053//2053 229//229
f 230//230 1587//1587 2223//2223
f 2223//2223 2038//2038 230//230
f 2038//2038 840//840 230//230
f 1587//1587 498//498 2223//2223
f 230//230 1635//1635 1587//1587
f 231//231 1653//1653 2590//2590
f 1653//1653 631//631 2590//2590
f 631//631 1927//1927 2590//2590
f 1927//1927 1022//1022 2590//2590
f 1022//1022 779//779 2590//2590
f 233//233 1890//1890 2602//2602
f 233//233 1136//1136 1890//1890
f 233//233 1864//1864 1136//1136
f 1890//1890 898//898 2602//2602
f 2602//2602 960//960 233//233
f 2602//2602 756//756 960//960
f 235//235 2498//2498 2254//2254
f 235//235 1690//1690 2498//2498
f 1690//1690 942//942 2498//2498
f 942//942 2254//2254 2498//2498
f 235//235 1064//1064 1690//1690
f 1064//1064 1016//1016 1690//1690
f 1016//1016 1910//1910 1690//1690
f 1016//1016 688//688 1910//1910
f 688//688 942//942 1910//1910
f 1016//1016 1367//1367 688//688
f 1064//1064 2019//2019 1016//1016
f 2019//2019 2566//2566 1016//1016
f 2566//2566 334//334 1016//1016
f 334//334 2244//2244 1016//1016
f 2566//2566 1389//1389 334//334
f 1389//1389 2560//2560 334//334
f 2560//2560 1036//1036 334//334
f 2560//2560 1862//1862 1036//1036
f 2560//2560 1389//1389 1862//1862
f 2566//2566 736//736 1389//1389
f 2566//2566 1497//1497 736//736
f 2566//2566 1064//1064 1497//1497
f 1064//1064 2129//2129 1497//1497
f 2129//2129 296//296 1497//1497
f 2129//2129 1831//1831 296//296
f 1831//1831 2148//2148 296//296
f 2566//2566 2019//2019 1064//1064
f 2254//2254 1434//1434 235//235
f 236//236 1559//1559 1068//1068
f 236//236 1128//1128 1559//1559
f 236//236 2514//2514 1128//1128
f 1559//1559 1249//1249 1068//1068
f 1249//1249 341//341 1068//1068
f 341//341 2248//2248 1068//1068
f 2248//2248 783//783 1068//1068
f 1249//1249 2402//2402 341//341
f 1559//1559 414//414 1249//1249
f 241//241 1180//1180 1164//1164
f 243//243 1975//1975 1610//1610
f 243//243 959//959 1975//1975
f 959//959 1975//1975 1281//1281
f 1610//1610 1317//1317 243//243
f 1610//1610 347//347 1317//1317
f 347//347 2565//2565 1317//1317
f 347//347 971//971 2565//2565
f 244//244 2515//2515 1486//1486
f 2515//2515 505//505 1486//1486
f 246//246 2215//2215 2318//2318
f 248//248 2239//2239 1394//1394
f 248//248 970//970 2239//2239
f 970//970 751//751 2239//2239
f 751//751 1874//1874 2239//2239
f 1874//1874 1394//1394 2239//2239
f 1874//1874 1736//1736 1394//1394
f 751//751 1978//1978 1874//1874
f 251//251 1189//1189 2122//2122
f 2122//2122 1096//1096 251//251
f 2122//2122 528//528 1096//1096
f 252//252 2379//2379 1274//1274
f 252//252 1059//1059 2379//2379
f 1059//1059 592//592 2379//2379
f 1274//1274 2634//2634 252//252
f 1274//1274 672//672 2634//2634
f 253//253 2286//2286 1990//1990
f 1990//1990 863//863 253//253
f 2286//2286 949//949 1990//1990
f 949//949 398//398 1990//1990
f 254//254 732//732 1539//1539
f 732//732 1660//1660 1539//1539
f 1660//1660 1458//1458 1539//1539
f 255//255 1748//1748 2139//2139
f 1748//1748 1253//1253 2139//2139
f 1748//1748 865//865 1253//1253
f 1748//1748 646//646 865//865
f 258//258 1816//1816 2018//2018
f 1816//1816 703//703 2018//2018
f 703//703 1893//1893 2018//2018
f 1893//1893 2582//2582 2018//2018
f 1893//1893 263//263 2582//2582
f 1893//1893 2660//2660 263//263
f 1893//1893 703//703 2660//2660
f 703//703 2653//2653 2660//2660
f 2653//2653 1279//1279 2660//2660
f 703//703 1816//1816 2653//2653
f 2018//2018 1334//1334 258//258
f 260//260 2104//2104 1083//1083
f 2104//2104 1508//1508 1083//1083
f 1508//1508 2440//2440 1083//1083
f 1508//1508 383//383 2440//2440
f 383//383 2362//2362 2440//2440
f 1508//1508 2132//2132 383//383
f 1508//1508 901//901 2132//2132
f 2104//2104 809//809 1508//1508
f 261//261 2126//2126 1822//1822
f 2126//2126 569//569 1822//1822
f 267//267 2623//2623 2632//2632
f 2623//2623 1844//1844 2632//2632
f 1844//1844 877//877 2632//2632
f 2623//2623 607//607 1844//1844
f 2623//2623 954//954 607//607
f 2623//2623 2464//2464 954//954
f 2464//2464 2373//2373 954//954
f 2373//2373 1858//1858 954//954
f 2373//2373 431//431 1858//1858
f 2464//2464 267//267 2373//2373
f 2464//2464 2623//2623 267//267
f 276//276 2208//2208 1120//1120
f 276//276 830//830 2208//2208
f 830//830 696//696 2208//2208
f 696//696 1120//1120 2208//2208
f 278//278 2276//2276 1029//1029
f 284//284 2168//2168 1579//1579
f 2168//2168 770//770 1579//1579
f 770//770 1492//1492 1579//1579
f 770//770 1977//1977 1492//1492
f 1977//1977 720//720 1492//1492
f 720//720 1379//1379 1492//1492
f 2168//2168 1084//1084 770//770
f 1579//1579 2577//2577 284//284
f 2577//2577 1117//1117 284//284
f 1117//1117 1146//1146 284//284
f 2577//2577 467//467 1117//1117
f 2577//2577 1579//1579 467//467
f 285//285 2551//2551 1149//1149
f 285//285 1681//1681 2551//2551
f 1149//1149 1857//1857 285//285
f 289//289 1838//1838 1523//1523
f 289//289 852//852 1838//1838
f 852//852 2394//2394 1838//1838
f 2394//2394 1523//1523 1838//1838
f 2394//2394 535//535 1523//1523
f 291//291 841//841 2285//2285
f 841//841 2285//2285 2427//2427
f 2285//2285 1020//1020 2427//2427
f 2285//2285 1942//1942 1020//1020
f 1942//1942 676//676 1020//1020
f 1942//1942 1369//1369 676//676
f 1942//1942 841//841 1369//1369
f 841//841 1065//1065 1369//1369
f 294//294 1534//1534 1015//1015
f 301//301 2059//2059 2432//2432
f 2432//2432 825//825 301//301
f 2059//2059 716//716 2432//2432
f 716//716 1243//1243 2432//2432
f 2059//2059 2034//2034 716//716
f 301//301 1733//1733 2059//2059
f 302//302 2424//2424 2089//2089
f 2424//2424 1810//1810 2089//2089
f 1810//1810 2256//2256 2089//2089
f 2424//2424 1298//1298 1810//1810
f 1298//1298 1810//1810 2608//2608
f 2608//2608 1298//1298 2424//2424
f 2089//2089 2289//2289 302//302
f 2289//2289 1670//1670 302//302
f 1670//1670 902//902 302//302
f 1670//1670 2240//2240 902//902
f 2240//2240 1242//1242 902//902
f 2289//2289 1772//1772 1670//1670
f 2289//2289 889//889 1772//1772
f 889//889 1560//1560 1772//1772
f 889//889 355//355 1560//1560
f 2289//2289 594//594 889//889
f 303//303 1069//1069 1144//1144
f 303//303 1929//1929 1069//1069
f 304//304 1797//1797 1622//1622
f 1797//1797 495//495 1622//1622
f 1797//1797 850//850 495//495
f 307//307 1746//1746 853//853
f 1746//1746 1946//1946 853//853
f 1946//1946 492//492 853//853
f 314//314 1168//1168 2535//2535
f 2535//2535 1192//1192 314//314
f 1192//1192 2339//2339 314//314
f 2339//2339 1321//1321 314//314
f 2339//2339 765//765 1321//1321
f 2339//2339 1456//1456 765//765
f 2535//2535 2245//2245 1192//1192
f 2245//2245 569//569 1192//1192
f 569//569 1474//1474 1192//1192
f 2245//2245 1216//1216 569//569
f 2535//2535 1168//1168 2245//2245
f 318//318 1101//1101 1964//1964
f 325//325 1119//1119 1999//1999
f 1119//1119 1236//1236 1999//1999
f 1236//1236 441//441 1999//1999
f 441//441 2015//2015 1999//1999
f 2015//2015 1261//1261 1999//1999
f 2015//2015 90//90 1261//1261
f 1119//1119 223//223 1236//1236
f 327//327 778//778 1332//1332
f 778//778 1332//1332 2267//2267
f 2267//2267 778//778 327//327
f 327//327 1082//1082 2267//2267
f 328//328 1052//1052 1359//1359
f 1359//1359 1521//1521 328//328
f 329//329 2659//2659 2237//2237
f 329//329 1989//1989 2659//2659
f 1989//1989 1151//1151 2659//2659
f 329//329 1301//1301 1989//1989
f 1301//1301 761//761 1989//1989
f 335//335 1419//1419 790//790
f 1419//1419 2628//2628 790//790
f 336//336 2061//2061 1859//1859
f 2061//2061 725//725 1859//1859
f 1859//1859 1614//1614 336//336
f 1859//1859 695//695 1614//1614
f 342//342 2041//2041 2197//2197
f 2197//2197 1609//1609 342//342
f 1609//1609 2157//2157 342//342
f 1609//1609 2286//2286 2157//2157
f 2197//2197 927//927 1609//1609
f 345//345 1981//1981 2327//2327
f 1981//1981 806//806 2327//2327
f 806//806 347//347 2327//2327
f 346//346 1677//1677 2531//2531
f 2531//2531 1429//1429 346//346
f 361//361 2492//2492 1779//1779
f 361//361 864//864 2492//2492
f 2492//2492 2206//2206 1779//1779
f 2206//2206 718//718 1779//1779
f 2492//2492 772//772 2206//2206
f 2492//2492 2475//2475 772//772
f 371//371 2657//2657 2465//2465
f 2657//2657 903//903 2465//2465
f 371//371 1754//1754 2657//2657
f 371//371 1618//1618 1754//1754
f 375//375 2481//2481 1103//1103
f 2481//2481 1763//1763 1103//1103
f 2481//2481 553//553 1763//1763
f 384//384 1652//1652 1383//1383
f 396//396 2131//2131 1239//1239
f 396//396 876//876 2131//2131
f 876//876 1400//1400 2131//2131
f 1239//1239 2646//2646 396//396
f 2646//2646 1163//1163 396//396
f 1239//1239 2163//2163 2646//2646
f 402//402 1089//1089 2268//2268
f 1089//1089 427//427 2268//2268
f 427//427 1725//1725 2268//2268
f 405//405 918//918 2249//2249
f 918//918 2249//2249 2584//2584
f 2249//2249 598//598 2584//2584
f 598//598 1188//1188 2584//2584
f 425//425 1048//1048 2669//2669
f 439//439 807//807 1619//1619
f 1619//1619 828//828 439//439
f 455//455 915//915 2557//2557
f 457//457 2393//2393 1314//1314
f 2393//2393 1662//1662 1314//1314
f 2393//2393 725//725 1662//1662
f 468//468 921//921 2302//2302
f 921//921 1087//1087 2302//2302
f 1087//1087 91//91 2302//2302
f 471//471 2437//2437 1947//1947
f 481//481 2449//2449 1901//1901
f 481//481 1735//1735 2449//2449
f 481//481 1278//1278 1735//1735
f 2449//2449 1466//1466 1901//1901
f 1466//1466 292//292 1901//1901
f 484//484 1875//1875 2241//2241
f 2241//2241 1294//1294 484//484
f 1875//1875 794//794 2241//2241
f 484//484 1766//1766 1875//1875
f 485//485 2459//2459 1156//1156
f 485//485 1295//1295 2459//2459
f 485//485 1700//1700 1295//1295
f 485//485 1469//1469 1700//1700
f 485//485 1156//1156 1469//1469
f 1156//1156 572//572 1469//1469
f 572//572 1343//1343 1469//1469
f 486//486 2023//2023 1028//1028
f 488//488 1821//1821 1514//1514
f 524//524 1938//1938 2562//2562
f 540//540 1031//1031 2192//2192
f 1031//1031 1399//1399 2192//2192
f 1399//1399 2117//2117 2192//2192
f 1399//1399 1536//1536 2117//2117
f 1536//1536 386//386 2117//2117
f 1536//1536 742//742 386//386
f 1536//1536 2009//2009 742//742
f 1536//1536 1399//1399 2009//2009
f 1031//1031 1602//1602 1399//1399
f 1602//1602 2112//2112 1399//1399
f 1031//1031 1514//1514 1602//1602
f 1514//1514 2148//2148 1602//1602
f 551//551 2586//2586 1290//1290
f 559//559 1113//1113 2411//2411
f 559//559 2638//2638 1113//1113
f 2638//2638 1608//1608 1113//1113
f 2638//2638 164//164 1608//1608
f 564//564 1198//1198 2321//2321
f 564//564 1556//1556 1198//1198
f 565//565 973//973 2625//2625
f 2625//2625 1330//1330 565//565
f 574//574 2174//2174 2062//2062
f 2174//2174 867//867 2062//2062
f 867//867 530//530 2062//2062
f 2174//2174 2469//2469 867//867
f 2469//2469 2261//2261 867//867
f 2174//2174 327//327 2469//2469
f 587//587 1143//1143 1629//1629
f 587//587 2080//2080 1143//1143
f 588//588 1711//1711 2228//2228
f 615//615 1715//1715 2133//2133
f 616//616 2471//2471 1865//1865
f 616//616 2471//2471 2136//2136
f 2471//2471 1865//1865 2136//2136
f 654//654 2462//2462 1171//1171
f 661//661 2536//2536 1730//1730
f 2536//2536 895//895 1730//1730
f 2536//2536 254//254 895//895
f 674//674 1742//1742 1615//1615
f 1742//1742 300//300 1615//1615
f 300//300 983//983 1615//1615
f 678//678 1775//1775 1467//1467
f 717//717 1698//1698 1905//1905
f 717//717 1181//1181 1698//1698
f 1905//1905 1639//1639 717//717
f 750//750 1764//1764 2418//2418
f 1764//1764 1132//1132 2418//2418
f 1132//1132 2136//2136 2418//2418
f 2136//2136 750//750 2418//2418
f 1764//1764 494//494 1132//1132
f 494//494 1863//1863 1132//1132
f 781//781 2641//2641 1494//1494
f 2641//2641 1494//1494 1188//1188
f 786//786 2610//2610 1724//1724
f 786//786 1377//1377 2610//2610
f 1377//1377 163//163 2610//2610
f 792//792 1112//1112 2159//2159
f 2159//2159 1635//1635 792//792
f 1112//1112 324//324 2159//2159
f 1480//1480 2668//2668 2142//2142
f 2668//2668 167//167 2142//2142
f 1811//1811 785//785 1//1
f 785//785 1270//1270 1//1
f 1270//1270 237//237 1//1
f 1270//1270 1326//1326 237//237
f 1270//1270 339//339 1326//1326
f 1811//1811 323//323 785//785
f 323//323 578//578 785//785
f 1811//1811 1601//1601 323//323
f 1601//1601 1503//1503 323//323
f 1601//1601 653//653 1503//1503
f 1601//1601 177//177 653//653
f 177//177 680//680 653//653
f 177//177 2284//2284 680//680
f 177//177 1982//1982 2284//2284
f 177//177 1571//1571 1982//1982
f 1571//1571 633//633 1982//1982
f 1571//1571 86//86 633//633
f 1571//1571 2011//2011 86//86
f 2011//2011 425//425 86//86
f 425//425 2669//2669 86//86
f 2669//2669 962//962 86//86
f 2669//2669 1048//1048 962//962
f 1601//1601 933//933 177//177
f 1601//1601 1811//1811 933//933
f 893//893 440//440 1251//1251
f 440//440 2297//2297 1251//1251
f 436//436 1118//1118 909//909
f 1118//1118 307//307 909//909
f 1118//1118 1570//1570 307//307
f 1570//1570 1946//1946 307//307
f 1570//1570 98//98 1946//1946
f 98//98 492//492 1946//1946
f 98//98 1219//1219 492//492
f 98//98 1714//1714 1219//1219
f 98//98 652//652 1714//1714
f 98//98 1815//1815 652//652
f 1815//1815 1214//1214 652//652
f 1118//1118 1590//1590 1570//1570
f 1118//1118 38//38 1590//1590
f 38//38 906//906 1590//1590
f 906//906 1214//1214 1590//1590
f 906//906 1182//1182 1214//1214
f 906//906 2663//2663 1182//1182
f 2663//2663 987//987 1182//1182
f 987//987 380//380 1182//1182
f 1118//1118 2253//2253 38//38
f 2253//2253 977//977 38//38
f 2253//2253 1090//1090 977//977
f 1118//1118 436//436 2253//2253
f 2191//2191 679//679 1621//1621
f 679//679 1588//1588 1621//1621
f 1588//1588 1090//1090 1621//1621
f 2597//2597 183//183 679//679
f 1603//1603 683//683 762//762
f 1603//1603 343//343 683//683
f 343//343 1720//1720 683//683
f 1603//1603 1308//1308 343//343
f 1308//1308 2375//2375 343//343
f 2375//2375 848//848 343//343
f 2375//2375 1099//1099 848//848
f 1099//1099 2380//2380 848//848
f 2380//2380 1289//1289 848//848
f 2380//2380 2468//2468 1289//1289
f 2380//2380 2490//2490 2468//2468
f 1099//1099 219//219 2380//2380
f 2375//2375 14//14 1099//1099
f 2375//2375 503//503 14//14
f 2375//2375 1308//1308 503//503
f 1308//1308 819//819 503//503
f 819//819 2645//2645 503//503
f 2645//2645 1876//1876 503//503
f 1876//1876 2256//2256 503//503
f 2256//2256 1810//1810 503//503
f 2645//2645 139//139 1876//1876
f 2645//2645 463//463 139//139
f 463//463 2357//2357 139//139
f 2357//2357 594//594 139//139
f 594//594 1527//1527 139//139
f 1527//1527 2256//2256 139//139
f 1527//1527 2089//2089 2256//2256
f 1527//1527 449//449 2089//2089
f 1527//1527 2066//2066 449//449
f 2066//2066 1165//1165 449//449
f 1165//1165 2608//2608 449//449
f 1165//1165 182//182 2608//2608
f 1165//1165 1157//1157 182//182
f 1157//1157 657//657 182//182
f 657//657 2382//2382 182//182
f 1157//1157 719//719 657//657
f 719//719 1240//1240 657//657
f 1240//1240 99//99 657//657
f 99//99 1203//1203 657//657
f 719//719 453//453 1240//1240
f 453//453 1529//1529 1240//1240
f 1529//1529 2344//2344 1240//1240
f 453//453 1907//1907 1529//1529
f 1907//1907 1710//1710 1529//1529
f 1710//1710 232//232 1529//1529
f 232//232 2353//2353 1529//1529
f 232//232 956//956 2353//2353
f 232//232 391//391 956//956
f 391//391 1217//1217 956//956
f 391//391 364//364 1217//1217
f 391//391 941//941 364//364
f 941//941 2069//2069 364//364
f 941//941 97//97 2069//2069
f 97//97 844//844 2069//2069
f 391//391 1245//1245 941//941
f 391//391 697//697 1245//1245
f 697//697 1290//1290 1245//1245
f 1290//1290 168//168 1245//1245
f 1290//1290 1263//1263 168//168
f 1263//1263 1763//1763 168//168
f 1763//1763 553//553 168//168
f 553//553 941//941 168//168
f 553//553 2446//2446 941//941
f 553//553 1418//1418 2446//2446
f 553//553 2481//2481 1418//1418
f 2481//2481 375//375 1418//1418
f 375//375 1580//1580 1418//1418
f 375//375 443//443 1580//1580
f 443//443 1187//1187 1580//1580
f 443//443 1932//1932 1187//1187
f 443//443 613//613 1932//1932
f 613//613 2599//2599 1932//1932
f 2599//2599 16//16 1932//1932
f 2599//2599 1515//1515 16//16
f 2599//2599 1005//1005 1515//1515
f 1005//1005 407//407 1515//1515
f 407//407 814//814 1515//1515
f 814//814 1081//1081 1515//1515
f 1081//1081 520//520 1515//1515
f 1081//1081 2299//2299 520//520
f 2299//2299 1499//1499 520//520
f 2299//2299 1204//1204 1499//1499
f 1204//1204 1052//1052 1499//1499
f 1204//1204 1359//1359 1052//1052
f 1204//1204 1408//1408 1359//1359
f 1408//1408 1093//1093 1359//1359
f 1093//1093 475//475 1359//1359
f 475//475 1668//1668 1359//1359
f 1668//1668 1521//1521 1359//1359
f 1408//1408 159//159 1093//1093
f 1408//1408 681//681 159//159
f 681//681 1197//1197 159//159
f 681//681 389//389 1197//1197
f 389//389 1292//1292 1197//1197
f 389//389 1589//1589 1292//1292
f 1589//1589 1294//1294 1292//1292
f 1294//1294 2241//2241 1292//1292
f 2241//2241 174//174 1292//1292
f 2241//2241 794//794 174//174
f 794//794 2571//2571 174//174
f 794//794 1131//1131 2571//2571
f 794//794 2596//2596 1131//1131
f 794//794 1875//1875 2596//2596
f 1875//1875 1766//1766 2596//2596
f 1766//1766 1150//1150 2596//2596
f 1150//1150 589//589 2596//2596
f 589//589 228//228 2596//2596
f 228//228 2578//2578 2596//2596
f 2578//2578 2456//2456 2596//2596
f 228//228 1941//1941 2578//2578
f 228//228 1004//1004 1941//1941
f 228//228 589//589 1004//1004
f 589//589 1213//1213 1004//1004
f 1213//1213 109//109 1004//1004
f 109//109 1202//1202 1004//1004
f 109//109 1788//1788 1202//1202
f 1788//1788 1869//1869 1202//1202
f 1869//1869 873//873 1202//1202
f 109//109 802//802 1788//1788
f 802//802 609//609 1788//1788
f 802//802 1569//1569 609//609
f 802//802 1757//1757 1569//1569
f 1757//1757 1495//1495 1569//1569
f 802//802 1726//1726 1757//1757
f 802//802 109//109 1726//1726
f 109//109 1213//1213 1726//1726
f 1213//1213 698//698 1726//1726
f 698//698 1743//1743 1726//1726
f 1743//1743 262//262 1726//1726
f 1743//1743 2337//2337 262//262
f 2337//2337 2615//2615 262//262
f 698//698 145//145 1743//1743
f 698//698 2417//2417 145//145
f 698//698 1010//1010 2417//2417
f 698//698 333//333 1010//1010
f 698//698 1213//1213 333//333
f 1213//1213 589//589 333//333
f 1150//1150 886//886 589//589
f 1150//1150 1906//1906 886//886
f 1906//1906 1341//1341 886//886
f 1341//1341 1010//1010 886//886
f 1906//1906 2154//2154 1341//1341
f 2154//2154 691//691 1341//1341
f 389//389 681//681 1589//1589
f 2299//2299 635//635 1204//1204
f 2299//2299 1554//1554 635//635
f 1554//1554 2074//2074 635//635
f 2074//2074 509//509 635//635
f 1554//1554 498//498 2074//2074
f 498//498 324//324 2074//2074
f 498//498 2159//2159 324//324
f 1554//1554 126//126 498//498
f 126//126 2038//2038 498//498
f 126//126 517//517 2038//2038
f 517//517 840//840 2038//2038
f 517//517 1148//1148 840//840
f 1148//1148 2573//2573 840//840
f 2573//2573 638//638 840//840
f 638//638 230//230 840//840
f 638//638 1635//1635 230//230
f 638//638 468//468 1635//1635
f 638//638 178//178 468//468
f 178//178 1774//1774 468//468
f 178//178 741//741 1774//1774
f 741//741 2529//2529 1774//1774
f 2529//2529 921//921 1774//1774
f 2529//2529 451//451 921//921
f 2529//2529 1001//1001 451//451
f 1001//1001 1257//1257 451//451
f 1257//1257 2031//2031 451//451
f 2031//2031 91//91 451//451
f 1001//1001 519//519 1257//1257
f 1001//1001 1452//1452 519//519
f 1452//1452 1014//1014 519//519
f 1452//1452 13//13 1014//1014
f 13//13 1032//1032 1014//1014
f 1032//1032 659//659 1014//1014
f 1032//1032 1845//1845 659//659
f 1845//1845 245//245 659//659
f 245//245 2540//2540 659//659
f 1032//1032 712//712 1845//1845
f 1032//1032 264//264 712//712
f 264//264 2096//2096 712//712
f 264//264 605//605 2096//2096
f 264//264 2548//2548 605//605
f 264//264 2305//2305 2548//2548
f 264//264 1158//1158 2305//2305
f 264//264 2363//2363 1158//1158
f 2363//2363 1568//1568 1158//1158
f 1568//1568 741//741 1158//1158
f 1568//1568 2529//2529 741//741
f 1568//1568 1001//1001 2529//2529
f 2363//2363 13//13 1568//1568
f 2363//2363 1032//1032 13//13
f 2363//2363 264//264 1032//1032
f 178//178 1325//1325 741//741
f 638//638 2340//2340 178//178
f 638//638 879//879 2340//2340
f 879//879 571//571 2340//2340
f 638//638 2538//2538 879//879
f 2538//2538 1936//1936 879//879
f 1936//1936 850//850 879//879
f 850//850 2461//2461 879//879
f 1936//1936 495//495 850//850
f 1936//1936 855//855 495//495
f 855//855 221//221 495//495
f 221//221 1622//1622 495//495
f 221//221 1215//1215 1622//1622
f 1215//1215 304//304 1622//1622
f 1215//1215 2631//2631 304//304
f 2631//2631 1674//1674 304//304
f 1674//1674 1924//1924 304//304
f 1674//1674 1300//1300 1924//1924
f 1674//1674 2631//2631 1300//1300
f 2631//2631 2303//2303 1300//1300
f 855//855 2355//2355 221//221
f 2355//2355 2060//2060 221//221
f 2355//2355 625//625 2060//2060
f 625//625 2162//2162 2060//2060
f 2162//2162 310//310 2060//2060
f 2162//2162 1993//1993 310//310
f 2162//2162 110//110 1993//1993
f 110//110 533//533 1993//1993
f 533//533 1778//1778 1993//1993
f 1778//1778 1066//1066 1993//1993
f 1778//1778 2630//2630 1066//1066
f 1778//1778 1365//1365 2630//2630
f 1365//1365 1102//1102 2630//2630
f 533//533 1552//1552 1778//1778
f 533//533 2204//2204 1552//1552
f 2204//2204 399//399 1552//1552
f 2204//2204 1276//1276 399//399
f 1276//1276 1608//1608 399//399
f 1276//1276 1113//1113 1608//1608
f 2204//2204 57//57 1276//1276
f 2204//2204 538//538 57//57
f 538//538 1520//1520 57//57
f 538//538 1692//1692 1520//1520
f 538//538 269//269 1692//1692
f 538//538 1061//1061 269//269
f 1061//1061 1744//1744 269//269
f 538//538 533//533 1061//1061
f 533//533 110//110 1061//1061
f 538//538 2204//2204 533//533
f 2355//2355 1620//1620 625//625
f 2355//2355 2486//2486 1620//1620
f 1936//1936 600//600 855//855
f 1936//1936 47//47 600//600
f 47//47 1148//1148 600//600
f 1148//1148 1472//1472 600//600
f 1148//1148 517//517 1472//1472
f 517//517 2095//2095 1472//1472
f 2095//2095 2217//2217 1472//1472
f 517//517 126//126 2095//2095
f 126//126 1081//1081 2095//2095
f 126//126 2299//2299 1081//1081
f 126//126 1554//1554 2299//2299
f 47//47 2573//2573 1148//1148
f 47//47 638//638 2573//2573
f 47//47 2538//2538 638//638
f 1005//1005 1039//1039 407//407
f 1005//1005 1744//1744 1039//1039
f 443//443 1995//1995 613//613
f 443//443 934//934 1995//1995
f 934//934 185//185 1995//1995
f 934//934 2166//2166 185//185
f 2166//2166 1833//1833 185//185
f 1833//1833 1220//1220 185//185
f 1833//1833 711//711 1220//1220
f 1833//1833 590//590 711//711
f 590//590 2572//2572 711//711
f 590//590 1970//1970 2572//2572
f 590//590 335//335 1970//1970
f 335//335 790//790 1970//1970
f 790//790 559//559 1970//1970
f 559//559 1276//1276 1970//1970
f 790//790 2628//2628 559//559
f 2628//2628 205//205 559//559
f 205//205 1264//1264 559//559
f 205//205 1693//1693 1264//1264
f 1693//1693 412//412 1264//1264
f 412//412 2517//2517 1264//1264
f 412//412 1260//1260 2517//2517
f 412//412 658//658 1260//1260
f 412//412 114//114 658//658
f 412//412 1417//1417 114//114
f 1417//1417 1534//1534 114//114
f 1417//1417 1015//1015 1534//1534
f 1417//1417 1693//1693 1015//1015
f 1693//1693 294//294 1015//1015
f 1693//1693 1424//1424 294//294
f 1424//1424 976//976 294//294
f 1693//1693 464//464 1424//1424
f 1693//1693 1419//1419 464//464
f 1419//1419 335//335 464//464
f 335//335 1159//1159 464//464
f 1159//1159 2507//2507 464//464
f 1159//1159 866//866 2507//2507
f 1159//1159 1702//1702 866//866
f 1702//1702 1988//1988 866//866
f 1988//1988 387//387 866//866
f 387//387 1841//1841 866//866
f 387//387 1358//1358 1841//1841
f 1358//1358 35//35 1841//1841
f 387//387 2441//2441 1358//1358
f 387//387 1190//1190 2441//2441
f 387//387 1988//1988 1190//1190
f 1988//1988 925//925 1190//1190
f 925//925 478//478 1190//1190
f 478//478 968//968 1190//1190
f 968//968 107//107 1190//1190
f 968//968 2314//2314 107//107
f 2314//2314 1410//1410 107//107
f 1410//1410 2441//2441 107//107
f 2314//2314 448//448 1410//1410
f 2314//2314 1892//1892 448//448
f 1892//1892 5//5 448//448
f 1892//1892 1879//1879 5//5
f 1892//1892 1607//1607 1879//1879
f 1607//1607 2030//2030 1879//1879
f 2030//2030 2111//2111 1879//1879
f 2030//2030 381//381 2111//2111
f 381//381 922//922 2111//2111
f 922//922 150//150 2111//2111
f 150//150 745//745 2111//2111
f 745//745 1362//1362 2111//2111
f 922//922 980//980 150//150
f 922//922 417//417 980//980
f 417//417 1565//1565 980//980
f 1565//1565 215//215 980//980
f 215//215 1098//1098 980//980
f 1098//1098 354//354 980//980
f 354//354 2513//2513 980//980
f 354//354 2570//2570 2513//2513
f 2570//2570 150//150 2513//2513
f 1098//1098 2323//2323 354//354
f 215//215 599//599 1098//1098
f 599//599 39//39 1098//1098
f 599//599 1575//1575 39//39
f 1575//1575 1141//1141 39//39
f 1575//1575 2066//2066 1141//1141
f 2066//2066 1776//1776 1141//1141
f 1776//1776 1560//1560 1141//1141
f 2066//2066 1527//1527 1776//1776
f 1575//1575 2670//2670 2066//2066
f 2670//2670 2066//2066 599//599
f 599//599 1165//1165 2670//2670
f 599//599 1157//1157 1165//1165
f 599//599 719//719 1157//1157
f 599//599 215//215 719//719
f 215//215 1100//1100 719//719
f 1100//1100 453//453 719//719
f 1100//1100 1907//1907 453//453
f 1100//1100 2516//2516 1907//1907
f 2516//2516 1710//1710 1907//1907
f 2516//2516 773//773 1710//1710
f 773//773 232//232 1710//1710
f 773//773 2235//2235 232//232
f 2235//2235 391//391 232//232
f 2235//2235 697//697 391//391
f 2235//2235 1984//1984 697//697
f 1984//1984 1290//1290 697//697
f 1984//1984 551//551 1290//1290
f 2235//2235 773//773 1984//1984
f 773//773 2516//2516 1984//1984
f 1100//1100 1565//1565 2516//2516
f 1565//1565 417//417 2516//2516
f 381//381 1935//1935 922//922
f 381//381 551//551 1935//1935
f 381//381 2030//2030 551//551
f 2030//2030 1129//1129 551//551
f 1129//1129 2586//2586 551//551
f 1129//1129 1263//1263 2586//2586
f 1263//1263 1290//1290 2586//2586
f 1129//1129 474//474 1263//1263
f 474//474 1763//1763 1263//1263
f 474//474 1103//1103 1763//1763
f 474//474 56//56 1103//1103
f 56//56 2166//2166 1103//1103
f 2166//2166 375//375 1103//1103
f 2166//2166 934//934 375//375
f 934//934 443//443 375//375
f 56//56 602//602 2166//2166
f 602//602 1833//1833 2166//2166
f 602//602 1297//1297 1833//1833
f 1297//1297 590//590 1833//1833
f 1297//1297 335//335 590//590
f 1297//1297 1159//1159 335//335
f 1297//1297 153//153 1159//1159
f 153//153 1702//1702 1159//1159
f 1297//1297 2479//2479 153//153
f 1297//1297 602//602 2479//2479
f 602//602 925//925 2479//2479
f 925//925 1702//1702 2479//2479
f 925//925 1988//1988 1702//1702
f 602//602 1184//1184 925//925
f 602//602 56//56 1184//1184
f 474//474 1025//1025 56//56
f 474//474 1966//1966 1025//1025
f 1966//1966 2170//2170 1025//1025
f 2170//2170 968//968 1025//1025
f 968//968 478//478 1025//1025
f 474//474 1129//1129 1966//1966
f 2030//2030 196//196 1129//1129
f 2030//2030 1607//1607 196//196
f 1693//1693 205//205 1419//1419
f 205//205 2628//2628 1419//1419
f 1417//1417 412//412 1693//1693
f 594//594 2289//2289 1527//1527
f 2357//2357 1931//1931 594//594
f 1931//1931 355//355 594//594
f 355//355 889//889 594//594
f 1931//1931 42//42 355//355
f 1931//1931 1964//1964 42//42
f 1964//1964 1101//1101 42//42
f 1931//1931 730//730 1964//1964
f 730//730 1006//1006 1964//1964
f 1006//1006 318//318 1964//1964
f 1006//1006 1512//1512 318//318
f 1512//1512 2043//2043 318//318
f 2043//2043 1640//1640 318//318
f 1640//1640 539//539 318//318
f 539//539 1101//1101 318//318
f 2043//2043 1595//1595 1640//1640
f 1512//1512 104//104 2043//2043
f 730//730 463//463 1006//1006
f 730//730 2357//2357 463//463
f 730//730 1931//1931 2357//2357
f 2645//2645 1041//1041 463//463
f 2645//2645 746//746 1041//1041
f 746//746 1405//1405 1041//1041
f 1405//1405 2525//2525 1041//1041
f 1405//1405 450//450 2525//2525
f 746//746 194//194 1405//1405
f 2645//2645 2500//2500 746//746
f 2645//2645 819//819 2500//2500
f 819//819 1018//1018 2500//2500
f 819//819 1603//1603 1018//1018
f 819//819 1308//1308 1603//1603
f 1111//1111 2458//2458 450//450
f 2458//2458 104//104 450//450
f 2458//2458 1750//1750 104//104
f 1750//1750 2502//2502 104//104
f 1750//1750 639//639 2502//2502
f 639//639 1943//1943 2502//2502
f 1943//1943 367//367 2502//2502
f 639//639 1268//1268 1943//1943
f 639//639 29//29 1268//1268
f 639//639 1609//1609 29//29
f 639//639 2286//2286 1609//1609
f 639//639 949//949 2286//2286
f 639//639 1750//1750 949//949
f 1750//1750 398//398 949//949
f 1750//1750 2458//2458 398//398
f 2458//2458 1111//1111 398//398
f 1111//1111 1990//1990 398//398
f 1111//1111 863//863 1990//1990
f 1111//1111 58//58 863//863
f 1371//1371 760//760 863//863
f 760//760 1296//1296 863//863
f 1296//1296 253//253 863//863
f 426//426 342//342 764//764
f 342//342 2157//2157 764//764
f 2157//2157 253//253 764//764
f 2157//2157 2286//2286 253//253
f 872//872 1337//1337 426//426
f 1337//1337 2041//2041 426//426
f 1337//1337 1381//1381 2041//2041
f 1337//1337 192//192 1381//1381
f 192//192 549//549 1381//1381
f 549//549 438//438 1381//1381
f 549//549 89//89 438//438
f 89//89 1336//1336 438//438
f 1336//1336 1008//1008 438//438
f 1008//1008 1007//1007 438//438
f 1008//1008 29//29 1007//1007
f 89//89 421//421 1336//1336
f 421//421 229//229 1336//1336
f 549//549 1322//1322 89//89
f 1322//1322 1311//1311 89//89
f 1322//1322 549//549 1311//1311
f 192//192 824//824 549//549
f 824//824 2309//2309 549//549
f 2309//2309 667//667 549//549
f 2309//2309 2442//2442 667//667
f 2309//2309 1840//1840 2442//2442
f 2309//2309 2128//2128 1840//1840
f 2309//2309 824//824 2128//2128
f 824//824 562//562 2128//2128
f 824//824 820//820 562//562
f 1722//1722 1125//1125 872//872
f 1722//1722 79//79 1125//1125
f 1676//1676 545//545 286//286
f 1676//1676 1680//1680 545//545
f 1939//1939 2409//2409 900//900
f 2409//2409 2243//2243 900//900
f 2409//2409 1265//1265 2243//2243
f 2409//2409 2004//2004 1265//1265
f 2409//2409 1185//1185 2004//2004
f 1185//1185 542//542 2004//2004
f 1718//1718 160//160 1350//1350
f 2624//2624 1659//1659 160//160
f 758//758 2431//2431 2556//2556
f 2431//2431 435//435 2556//2556
f 435//435 2195//2195 2556//2556
f 435//435 1532//1532 2195//2195
f 1532//1532 1248//1248 2195//2195
f 1248//1248 3//3 2195//2195
f 1532//1532 251//251 1248//1248
f 251//251 1096//1096 1248//1248
f 1532//1532 172//172 251//251
f 172//172 1735//1735 251//251
f 1735//1735 469//469 251//251
f 469//469 2511//2511 251//251
f 469//469 1735//1735 2511//2511
f 1735//1735 1142//1142 2511//2511
f 172//172 2449//2449 1735//1735
f 172//172 1696//1696 2449//2449
f 1696//1696 1466//1466 2449//2449
f 172//172 521//521 1696//1696
f 521//521 2307//2307 1696//1696
f 521//521 1724//1724 2307//2307
f 1724//1724 1938//1938 2307//2307
f 1938//1938 1271//1271 2307//2307
f 1938//1938 988//988 1271//1271
f 988//988 2094//2094 1271//1271
f 988//988 348//348 2094//2094
f 988//988 1675//1675 348//348
f 988//988 141//141 1675//1675
f 141//141 646//646 1675//1675
f 1938//1938 524//524 988//988
f 524//524 2545//2545 988//988
f 1724//1724 274//274 1938//1938
f 274//274 2562//2562 1938//1938
f 274//274 787//787 2562//2562
f 787//787 524//524 2562//2562
f 787//787 923//923 524//524
f 1724//1724 2610//2610 274//274
f 2610//2610 1092//1092 274//274
f 2610//2610 163//163 1092//1092
f 163//163 1631//1631 1092//1092
f 1631//1631 423//423 1092//1092
f 423//423 2607//2607 1092//1092
f 423//423 193//193 2607//2607
f 193//193 1237//1237 2607//2607
f 193//193 870//870 1237//1237
f 870//870 2403//2403 1237//1237
f 870//870 2274//2274 2403//2403
f 870//870 2151//2151 2274//2274
f 2151//2151 583//583 2274//2274
f 2151//2151 1023//1023 583//583
f 1023//1023 118//118 583//583
f 118//118 759//759 583//583
f 759//759 1407//1407 583//583
f 1407//1407 1958//1958 583//583
f 1407//1407 951//951 1958//1958
f 1407//1407 1414//1414 951//951
f 1414//1414 2472//2472 951//951
f 1414//1414 338//338 2472//2472
f 1414//1414 2592//2592 338//338
f 1414//1414 102//102 2592//2592
f 102//102 1347//1347 2592//2592
f 1347//1347 1613//1613 2592//2592
f 1613//1613 643//643 2592//2592
f 643//643 1115//1115 2592//2592
f 1613//1613 1028//1028 643//643
f 1028//1028 1748//1748 643//643
f 1613//1613 1221//1221 1028//1028
f 1221//1221 486//486 1028//1028
f 1221//1221 80//80 486//486
f 80//80 856//856 486//486
f 856//856 2101//2101 486//486
f 2101//2101 2023//2023 486//486
f 2101//2101 265//265 2023//2023
f 265//265 1030//1030 2023//2023
f 1030//1030 646//646 2023//2023
f 646//646 1028//1028 2023//2023
f 265//265 903//903 1030//1030
f 903//903 23//23 1030//1030
f 903//903 1476//1476 23//23
f 903//903 662//662 1476//1476
f 903//903 2657//2657 662//662
f 2657//2657 1435//1435 662//662
f 1435//1435 1200//1200 662//662
f 1435//1435 548//548 1200//1200
f 548//548 916//916 1200//1200
f 916//916 151//151 1200//1200
f 916//916 1109//1109 151//151
f 1109//1109 858//858 151//151
f 858//858 1201//1201 151//151
f 858//858 1901//1901 1201//1201
f 1901//1901 292//292 1201//1201
f 858//858 2311//2311 1901//1901
f 2311//2311 709//709 1901//1901
f 709//709 481//481 1901//1901
f 858//858 283//283 2311//2311
f 858//858 1109//1109 283//283
f 1109//1109 2093//2093 283//283
f 2093//2093 1386//1386 283//283
f 1386//1386 2072//2072 283//283
f 1386//1386 1142//1142 2072//2072
f 2093//2093 640//640 1386//1386
f 640//640 634//634 1386//1386
f 634//634 924//924 1386//1386
f 634//634 528//528 924//924
f 528//528 2122//2122 924//924
f 634//634 1546//1546 528//528
f 634//634 640//640 1546//1546
f 640//640 2268//2268 1546//1546
f 2093//2093 1505//1505 640//640
f 1505//1505 299//299 640//640
f 299//299 1089//1089 640//640
f 1505//1505 2341//2341 299//299
f 2341//2341 917//917 299//299
f 917//917 427//427 299//299
f 917//917 2275//2275 427//427
f 2341//2341 2612//2612 917//917
f 1505//1505 531//531 2341//2341
f 531//531 1516//1516 2341//2341
f 531//531 887//887 1516//1516
f 887//887 112//112 1516//1516
f 887//887 1947//1947 112//112
f 1947//1947 2437//2437 112//112
f 2437//2437 979//979 112//112
f 2437//2437 508//508 979//979
f 2437//2437 821//821 508//508
f 821//821 1612//1612 508//508
f 1612//1612 169//169 508//508
f 2437//2437 471//471 821//821
f 471//471 776//776 821//821
f 471//471 69//69 776//776
f 69//69 1786//1786 776//776
f 1786//1786 378//378 776//776
f 378//378 169//169 776//776
f 1786//1786 740//740 378//378
f 1786//1786 1361//1361 740//740
f 1786//1786 69//69 1361//1361
f 69//69 2671//2671 1361//1361
f 69//69 1354//1354 2671//2671
f 1354//1354 403//403 2671//2671
f 471//471 1537//1537 69//69
f 471//471 2097//2097 1537//1537
f 471//471 887//887 2097//2097
f 887//887 166//166 2097//2097
f 166//166 434//434 2097//2097
f 166//166 1904//1904 434//434
f 166//166 663//663 1904//1904
f 471//471 1947//1947 887//887
f 531//531 722//722 887//887
f 531//531 1106//1106 722//722
f 1106//1106 250//250 722//722
f 250//250 2005//2005 722//722
f 250//250 1241//1241 2005//2005
f 250//250 957//957 1241//1241
f 957//957 1556//1556 1241//1241
f 1556//1556 564//564 1241//1241
f 564//564 1230//1230 1241//1241
f 564//564 2321//2321 1230//1230
f 2321//2321 8//8 1230//1230
f 2321//2321 1628//1628 8//8
f 1628//1628 1891//1891 8//8
f 1628//1628 550//550 1891//1891
f 550//550 275//275 1891//1891
f 275//275 1904//1904 1891//1891
f 275//275 2077//2077 1904//1904
f 275//275 989//989 2077//2077
f 550//550 130//130 275//275
f 130//130 2281//2281 275//275
f 130//130 833//833 2281//2281
f 130//130 1749//1749 833//833
f 1749//1749 1487//1487 833//833
f 1749//1749 1236//1236 1487//1487
f 1236//1236 223//223 1487//1487
f 1749//1749 441//441 1236//1236
f 1749//1749 1168//1168 441//441
f 1168//1168 314//314 441//441
f 314//314 2015//2015 441//441
f 314//314 1783//1783 2015//2015
f 1749//1749 130//130 1168//1168
f 130//130 1216//1216 1168//1168
f 130//130 550//550 1216//1216
f 550//550 1822//1822 1216//1216
f 550//550 1533//1533 1822//1822
f 1533//1533 261//261 1822//1822
f 1533//1533 999//999 261//261
f 999//999 1395//1395 261//261
f 1395//1395 2126//2126 261//261
f 1395//1395 2629//2629 2126//2126
f 2629//2629 569//569 2126//2126
f 999//999 1301//1301 1395//1395
f 999//999 125//125 1301//1301
f 125//125 761//761 1301//1301
f 125//125 2231//2231 761//761
f 1533//1533 2218//2218 999//999
f 1533//1533 454//454 2218//2218
f 454//454 1682//1682 2218//2218
f 454//454 1316//1316 1682//1682
f 1316//1316 560//560 1682//1682
f 560//560 2231//2231 1682//1682
f 1316//1316 1731//1731 560//560
f 1731//1731 55//55 560//560
f 1731//1731 649//649 55//55
f 649//649 1355//1355 55//55
f 649//649 2236//2236 1355//1355
f 2236//2236 300//300 1355//1355
f 2236//2236 983//983 300//300
f 2236//2236 146//146 983//983
f 146//146 504//504 983//983
f 504//504 1091//1091 983//983
f 1091//1091 2219//2219 983//983
f 2219//2219 1615//1615 983//983
f 2219//2219 674//674 1615//1615
f 2219//2219 84//84 674//674
f 84//84 1223//1223 674//674
f 1223//1223 487//487 674//674
f 487//487 2369//2369 674//674
f 2369//2369 247//247 674//674
f 247//247 1742//1742 674//674
f 247//247 1406//1406 1742//1742
f 1406//1406 1057//1057 1742//1742
f 1057//1057 300//300 1742//1742
f 1406//1406 606//606 1057//1057
f 606//606 1657//1657 1057//1057
f 606//606 1332//1332 1657//1657
f 1332//1332 55//55 1657//1657
f 606//606 2261//2261 1332//1332
f 2261//2261 2469//2469 1332//1332
f 1406//1406 1968//1968 606//606
f 1406//1406 2079//2079 1968//1968
f 1406//1406 247//247 2079//2079
f 247//247 810//810 2079//2079
f 810//810 2007//2007 2079//2079
f 810//810 2039//2039 2007//2007
f 2039//2039 27//27 2007//2007
f 810//810 518//518 2039//2039
f 810//810 2160//2160 518//518
f 2160//2160 2366//2366 518//518
f 2160//2160 346//346 2366//2366
f 346//346 1429//1429 2366//2366
f 1429//1429 1144//1144 2366//2366
f 1144//1144 1656//1656 2366//2366
f 1144//1144 1069//1069 1656//1656
f 1069//1069 27//27 1656//1656
f 1069//1069 1490//1490 27//27
f 1069//1069 2463//2463 1490//1490
f 1429//1429 914//914 1144//1144
f 914//914 303//303 1144//1144
f 914//914 610//610 303//303
f 610//610 1114//1114 303//303
f 914//914 1530//1530 610//610
f 914//914 2414//2414 1530//1530
f 1429//1429 152//152 914//914
f 1429//1429 2531//2531 152//152
f 2531//2531 2057//2057 152//152
f 2531//2531 1288//1288 2057//2057
f 2531//2531 1677//1677 1288//1288
f 1677//1677 80//80 1288//1288
f 80//80 1451//1451 1288//1288
f 1677//1677 856//856 80//80
f 1677//1677 132//132 856//856
f 132//132 2415//2415 856//856
f 1677//1677 2160//2160 132//132
f 1677//1677 346//346 2160//2160
f 810//810 939//939 2160//2160
f 810//810 2073//2073 939//939
f 810//810 247//247 2073//2073
f 146//146 1556//1556 504//504
f 1556//1556 957//957 504//504
f 957//957 1401//1401 504//504
f 1401//1401 839//839 504//504
f 957//957 1665//1665 1401//1401
f 1665//1665 165//165 1401//1401
f 1665//1665 1391//1391 165//165
f 1391//1391 1435//1435 165//165
f 1435//1435 1754//1754 165//165
f 1754//1754 1618//1618 165//165
f 1435//1435 2657//2657 1754//1754
f 1391//1391 548//548 1435//1435
f 1391//1391 1209//1209 548//548
f 1209//1209 916//916 548//548
f 957//957 250//250 1665//1665
f 250//250 726//726 1665//1665
f 250//250 1106//1106 726//726
f 1106//1106 2640//2640 726//726
f 146//146 1731//1731 1556//1556
f 1731//1731 1198//1198 1556//1556
f 1731//1731 1316//1316 1198//1198
f 1316//1316 454//454 1198//1198
f 454//454 2321//2321 1198//1198
f 454//454 1628//1628 2321//2321
f 454//454 1533//1533 1628//1628
f 1533//1533 550//550 1628//1628
f 146//146 649//649 1731//1731
f 146//146 2236//2236 649//649
f 1505//1505 1433//1433 531//531
f 2093//2093 596//596 1505//1505
f 2093//2093 1109//1109 596//596
f 1109//1109 916//916 596//596
f 916//916 1962//1962 596//596
f 916//916 49//49 1962//1962
f 265//265 2465//2465 903//903
f 265//265 371//371 2465//2465
f 265//265 1223//1223 371//371
f 1223//1223 2518//2518 371//371
f 2518//2518 1618//1618 371//371
f 265//265 1623//1623 1223//1223
f 1613//1613 2138//2138 1221//1221
f 1613//1613 466//466 2138//2138
f 1613//1613 2130//2130 466//466
f 2130//2130 1461//1461 466//466
f 1461//1461 1576//1576 466//466
f 1461//1461 1034//1034 1576//1576
f 1461//1461 385//385 1034//1034
f 1461//1461 2444//2444 385//385
f 1461//1461 929//929 2444//2444
f 929//929 1842//1842 2444//2444
f 1842//1842 611//611 2444//2444
f 611//611 1379//1379 2444//2444
f 1842//1842 1317//1317 611//611
f 1317//1317 2565//2565 611//611
f 2565//2565 10//10 611//611
f 2565//2565 971//971 10//10
f 971//971 1353//1353 10//10
f 1353//1353 1492//1492 10//10
f 1353//1353 467//467 1492//1492
f 467//467 1579//1579 1492//1492
f 1353//1353 231//231 467//467
f 231//231 779//779 467//467
f 779//779 753//753 467//467
f 753//753 1117//1117 467//467
f 1353//1353 971//971 231//231
f 971//971 1653//1653 231//231
f 971//971 347//347 1653//1653
f 1842//1842 243//243 1317//1317
f 929//929 489//489 1842//1842
f 489//489 1959//1959 1842//1842
f 1959//1959 1281//1281 1842//1842
f 489//489 1407//1407 1959//1959
f 1407//1407 133//133 1959//1959
f 1407//1407 759//759 133//133
f 489//489 1414//1414 1407//1407
f 489//489 102//102 1414//1414
f 489//489 929//929 102//102
f 1461//1461 2130//2130 929//929
f 2130//2130 1347//1347 929//929
f 2130//2130 1613//1613 1347//1347
f 118//118 2252//2252 759//759
f 118//118 1384//1384 2252//2252
f 118//118 739//739 1384//1384
f 118//118 604//604 739//739
f 604//604 1899//1899 739//739
f 1899//1899 82//82 739//739
f 82//82 1555//1555 739//739
f 1899//1899 1000//1000 82//82
f 1899//1899 505//505 1000//1000
f 505//505 2515//2515 1000//1000
f 1899//1899 241//241 505//505
f 241//241 1164//1164 505//505
f 1164//1164 1058//1058 505//505
f 1058//1058 1486//1486 505//505
f 1058//1058 259//259 1486//1486
f 259//259 685//685 1486//1486
f 685//685 244//244 1486//1486
f 685//685 707//707 244//244
f 707//707 2354//2354 244//244
f 2354//2354 963//963 244//244
f 963//963 2515//2515 244//244
f 2354//2354 1626//1626 963//963
f 1626//1626 289//289 963//963
f 289//289 813//813 963//963
f 289//289 1523//1523 813//813
f 1523//1523 801//801 813//813
f 801//801 1140//1140 813//813
f 801//801 234//234 1140//1140
f 801//801 2058//2058 234//234
f 2058//2058 874//874 234//234
f 874//874 2222//2222 234//234
f 874//874 188//188 2222//2222
f 188//188 1044//1044 2222//2222
f 1044//1044 493//493 2222//2222
f 493//493 1121//1121 2222//2222
f 493//493 1828//1828 1121//1121
f 1828//1828 437//437 1121//1121
f 1828//1828 1323//1323 437//437
f 1828//1828 345//345 1323//1323
f 345//345 1975//1975 1323//1323
f 345//345 1610//1610 1975//1975
f 345//345 2327//2327 1610//1610
f 1828//1828 1229//1229 345//345
f 1229//1229 1981//1981 345//345
f 1229//1229 249//249 1981//1981
f 249//249 1927//1927 1981//1981
f 249//249 1885//1885 1927//1927
f 1885//1885 62//62 1927//1927
f 62//62 2269//2269 1927//1927
f 1885//1885 1436//1436 62//62
f 1885//1885 408//408 1436//1436
f 408//408 918//918 1436//1436
f 1885//1885 1912//1912 408//408
f 1912//1912 1344//1344 408//408
f 1344//1344 591//591 408//408
f 591//591 2249//2249 408//408
f 591//591 122//122 2249//2249
f 1912//1912 461//461 1344//1344
f 461//461 1976//1976 1344//1344
f 1885//1885 1535//1535 1912//1912
f 1885//1885 249//249 1535//1535
f 249//249 1044//1044 1535//1535
f 249//249 1229//1229 1044//1044
f 1229//1229 1828//1828 1044//1044
f 1828//1828 493//493 1044//1044
f 874//874 1823//1823 188//188
f 874//874 621//621 1823//1823
f 621//621 1646//1646 1823//1823
f 1646//1646 351//351 1823//1823
f 351//351 1976//1976 1823//1823
f 1976//1976 1393//1393 1823//1823
f 1646//1646 2397//2397 351//351
f 2397//2397 190//190 351//351
f 1646//1646 1916//1916 2397//2397
f 1646//1646 2383//2383 1916//1916
f 2383//2383 2494//2494 1916//1916
f 2494//2494 1116//1116 1916//1916
f 2494//2494 1796//1796 1116//1116
f 621//621 535//535 1646//1646
f 535//535 17//17 1646//1646
f 535//535 2394//2394 17//17
f 2394//2394 800//800 17//17
f 800//800 2494//2494 17//17
f 2394//2394 2078//2078 800//800
f 2394//2394 852//852 2078//2078
f 621//621 2058//2058 535//535
f 2058//2058 801//801 535//535
f 801//801 1523//1523 535//535
f 621//621 874//874 2058//2058
f 1626//1626 693//693 289//289
f 693//693 852//852 289//289
f 1626//1626 340//340 693//693
f 340//340 1802//1802 693//693
f 340//340 2258//2258 1802//1802
f 1626//1626 707//707 340//340
f 707//707 665//665 340//340
f 665//665 336//336 340//340
f 707//707 1479//1479 665//665
f 1479//1479 1518//1518 665//665
f 1518//1518 207//207 665//665
f 207//207 2061//2061 665//665
f 207//207 1662//1662 2061//2061
f 1518//1518 780//780 207//207
f 707//707 685//685 1479//1479
f 685//685 70//70 1479//1479
f 685//685 1717//1717 70//70
f 1717//1717 1843//1843 70//70
f 1717//1717 1542//1542 1843//1843
f 1542//1542 626//626 1843//1843
f 626//626 780//780 1843//1843
f 626//626 2646//2646 780//780
f 626//626 2317//2317 2646//2646
f 626//626 1443//1443 2317//2317
f 1542//1542 2530//2530 626//626
f 1717//1717 259//259 1542//1542
f 259//259 992//992 1542//1542
f 259//259 525//525 992//992
f 525//525 136//136 992//992
f 136//136 799//799 992//992
f 136//136 1594//1594 799//799
f 525//525 1352//1352 136//136
f 1352//1352 1415//1415 136//136
f 1415//1415 430//430 136//136
f 525//525 1860//1860 1352//1352
f 525//525 259//259 1860//1860
f 259//259 1324//1324 1860//1860
f 259//259 1058//1058 1324//1324
f 1058//1058 1164//1164 1324//1324
f 1164//1164 1180//1180 1324//1324
f 1180//1180 2654//2654 1324//1324
f 2654//2654 20//20 1324//1324
f 2654//2654 737//737 20//20
f 737//737 816//816 20//20
f 737//737 2230//2230 816//816
f 2230//2230 430//430 816//816
f 2230//2230 654//654 430//430
f 654//654 1313//1313 430//430
f 654//654 1171//1171 1313//1313
f 1171//1171 2257//2257 1313//1313
f 2257//2257 92//92 1313//1313
f 1171//1171 615//615 2257//2257
f 1171//1171 2462//2462 615//615
f 2462//2462 1715//1715 615//615
f 2462//2462 257//257 1715//1715
f 257//257 1343//1343 1715//1715
f 1343//1343 572//572 1715//1715
f 572//572 1156//1156 1715//1715
f 1156//1156 2133//2133 1715//1715
f 1156//1156 186//186 2133//2133
f 186//186 615//615 2133//2133
f 1156//1156 1423//1423 186//186
f 1156//1156 2459//2459 1423//1423
f 2459//2459 115//115 1423//1423
f 2459//2459 1295//1295 115//115
f 1295//1295 2568//2568 115//115
f 2568//2568 2391//2391 115//115
f 257//257 1632//1632 1343//1343
f 1632//1632 2585//2585 1343//1343
f 2585//2585 71//71 1343//1343
f 71//71 1700//1700 1343//1343
f 1700//1700 1469//1469 1343//1343
f 71//71 1507//1507 1700//1700
f 1507//1507 1784//1784 1700//1700
f 1784//1784 1295//1295 1700//1700
f 1507//1507 1207//1207 1784//1784
f 1207//1207 322//322 1784//1784
f 1207//1207 1137//1137 322//322
f 1137//1137 2431//2431 322//322
f 2431//2431 758//758 322//322
f 1137//1137 435//435 2431//2431
f 1137//1137 1377//1377 435//435
f 1377//1377 1909//1909 435//435
f 1377//1377 521//521 1909//1909
f 521//521 172//172 1909//1909
f 1377//1377 1724//1724 521//521
f 1377//1377 786//786 1724//1724
f 1137//1137 163//163 1377//1377
f 1507//1507 1631//1631 1207//1207
f 1507//1507 423//423 1631//1631
f 1507//1507 1790//1790 423//423
f 1790//1790 835//835 423//423
f 835//835 193//193 423//423
f 835//835 2621//2621 193//193
f 1632//1632 473//473 2585//2585
f 473//473 1035//1035 2585//2585
f 1035//1035 2621//2621 2585//2585
f 473//473 297//297 1035//1035
f 473//473 737//737 297//297
f 737//737 2654//2654 297//297
f 2654//2654 1180//1180 297//297
f 1180//1180 2412//2412 297//297
f 1180//1180 604//604 2412//2412
f 604//604 1023//1023 2412//2412
f 604//604 118//118 1023//1023
f 1180//1180 241//241 604//604
f 241//241 1899//1899 604//604
f 473//473 1632//1632 737//737
f 1632//1632 2230//2230 737//737
f 1632//1632 257//257 2230//2230
f 257//257 2462//2462 2230//2230
f 2462//2462 654//654 2230//2230
f 1717//1717 685//685 259//259
f 1626//1626 2354//2354 707//707
f 2151//2151 2451//2451 1023//1023
f 2451//2451 2164//2164 1023//1023
f 2164//2164 1211//1211 1023//1023
f 2151//2151 870//870 2451//2451
f 870//870 193//193 2451//2451
f 4//4 696//696 1279//1279
f 696//696 830//830 1279//1279
f 830//830 2660//2660 1279//1279
f 830//830 263//263 2660//2660
f 830//830 1009//1009 263//263
f 1009//1009 2325//2325 263//263
f 2325//2325 878//878 263//263
f 878//878 2582//2582 263//263
f 878//878 747//747 2582//2582
f 747//747 827//827 2582//2582
f 827//827 2018//2018 2582//2582
f 827//827 1334//1334 2018//2018
f 827//827 210//210 1334//1334
f 210//210 1404//1404 1334//1334
f 1404//1404 2400//2400 1334//1334
f 2400//2400 768//768 1334//1334
f 768//768 258//258 1334//1334
f 768//768 2292//2292 258//258
f 2400//2400 67//67 768//768
f 67//67 1481//1481 768//768
f 67//67 1809//1809 1481//1481
f 67//67 892//892 1809//1809
f 892//892 1685//1685 1809//1809
f 1685//1685 510//510 1809//1809
f 510//510 936//936 1809//1809
f 510//510 973//973 936//936
f 973//973 2485//2485 936//936
f 973//973 181//181 2485//2485
f 973//973 2559//2559 181//181
f 2559//2559 2626//2626 181//181
f 2626//2626 1196//1196 181//181
f 2626//2626 692//692 1196//1196
f 692//692 2470//2470 1196//1196
f 2470//2470 2554//2554 1196//1196
f 2470//2470 1105//1105 2554//2554
f 1105//1105 424//424 2554//2554
f 1105//1105 1454//1454 424//424
f 1454//1454 552//552 424//424
f 552//552 1282//1282 424//424
f 552//552 1557//1557 1282//1282
f 1105//1105 1062//1062 1454//1454
f 1105//1105 2417//2417 1062//1062
f 2417//2417 357//357 1062//1062
f 692//692 506//506 2470//2470
f 692//692 2647//2647 506//506
f 692//692 2149//2149 2647//2647
f 692//692 2626//2626 2149//2149
f 2626//2626 2559//2559 2149//2149
f 2559//2559 24//24 2149//2149
f 2559//2559 565//565 24//24
f 565//565 1979//1979 24//24
f 1979//1979 2210//2210 24//24
f 1979//1979 2496//2496 2210//2210
f 2559//2559 973//973 565//565
f 510//510 2625//2625 973//973
f 510//510 1961//1961 2625//2625
f 510//510 1685//1685 1961//1961
f 67//67 2400//2400 892//892
f 2400//2400 690//690 892//892
f 690//690 1630//1630 892//892
f 690//690 1404//1404 1630//1630
f 1404//1404 832//832 1630//1630
f 832//832 2649//2649 1630//1630
f 832//832 2002//2002 2649//2649
f 832//832 1338//1338 2002//2002
f 832//832 1547//1547 1338//1338
f 832//832 210//210 1547//1547
f 832//832 1404//1404 210//210
f 690//690 2400//2400 1404//1404
f 747//747 738//738 827//827
f 747//747 2052//2052 738//738
f 2052//2052 530//530 738//738
f 530//530 1694//1694 738//738
f 1694//1694 1547//1547 738//738
f 530//530 266//266 1694//1694
f 2052//2052 73//73 530//530
f 2052//2052 747//747 73//73
f 747//747 878//878 73//73
f 878//878 1643//1643 73//73
f 1643//1643 574//574 73//73
f 574//574 2062//2062 73//73
f 1643//1643 912//912 574//574
f 912//912 252//252 574//574
f 252//252 1082//1082 574//574
f 252//252 1082//1082 116//116
f 912//912 1059//1059 252//252
f 912//912 1592//1592 1059//1059
f 1592//1592 1762//1762 1059//1059
f 1762//1762 592//592 1059//1059
f 1762//1762 566//566 592//592
f 566//566 2132//2132 592//592
f 2132//2132 901//901 592//592
f 901//901 1799//1799 592//592
f 1799//1799 2379//2379 592//592
f 1799//1799 1274//1274 2379//2379
f 1799//1799 26//26 1274//1274
f 26//26 672//672 1274//1274
f 26//26 2473//2473 672//672
f 1799//1799 901//901 26//26
f 901//901 809//809 26//26
f 566//566 2362//2362 2132//2132
f 2362//2362 383//383 2132//2132
f 566//566 282//282 2362//2362
f 566//566 2080//2080 282//282
f 2080//2080 905//905 282//282
f 905//905 1577//1577 282//282
f 2080//2080 587//587 905//905
f 587//587 455//455 905//905
f 455//455 40//40 905//905
f 40//40 2533//2533 905//905
f 40//40 808//808 2533//2533
f 40//40 2430//2430 808//808
f 2430//2430 1551//1551 808//808
f 1551//1551 1437//1437 808//808
f 1437//1437 1457//1457 808//808
f 1437//1437 176//176 1457//1457
f 1437//1437 847//847 176//176
f 847//847 807//807 176//176
f 807//807 1174//1174 176//176
f 807//807 1153//1153 1174//1174
f 1153//1153 2546//2546 1174//1174
f 1153//1153 708//708 2546//2546
f 708//708 2561//2561 2546//2546
f 708//708 1814//1814 2561//2561
f 708//708 105//105 1814//1814
f 708//708 1170//1170 105//105
f 1170//1170 1083//1083 105//105
f 1083//1083 2440//2440 105//105
f 2440//2440 2362//2362 105//105
f 2362//2362 1218//1218 105//105
f 1170//1170 479//479 1083//1083
f 479//479 260//260 1083//1083
f 479//479 699//699 260//260
f 699//699 2104//2104 260//260
f 479//479 1644//1644 699//699
f 1644//1644 75//75 699//699
f 75//75 970//970 699//699
f 970//970 1734//1734 699//699
f 75//75 751//751 970//970
f 75//75 1978//1978 751//751
f 75//75 1468//1468 1978//1978
f 1468//1468 1874//1874 1978//1978
f 1468//1468 200//200 1874//1874
f 200//200 1736//1736 1874//1874
f 200//200 2508//2508 1736//1736
f 200//200 1967//1967 2508//2508
f 200//200 2345//2345 1967//1967
f 200//200 1857//1857 2345//2345
f 1857//1857 497//497 2345//2345
f 497//497 769//769 2345//2345
f 1857//1857 1149//1149 497//497
f 1149//1149 74//74 497//497
f 200//200 664//664 1857//1857
f 664//664 285//285 1857//1857
f 664//664 1299//1299 285//285
f 1299//1299 1681//1681 285//285
f 664//664 1160//1160 1299//1299
f 664//664 723//723 1160//1160
f 664//664 1468//1468 723//723
f 1468//1468 75//75 723//723
f 75//75 2196//2196 723//723
f 664//664 200//200 1468//1468
f 479//479 2196//2196 1644//1644
f 1170//1170 1695//1695 479//479
f 1170//1170 708//708 1695//1695
f 1153//1153 1996//1996 708//708
f 1153//1153 439//439 1996//1996
f 439//439 991//991 1996//1996
f 439//439 828//828 991//991
f 828//828 2652//2652 991//991
f 1153//1153 807//807 439//439
f 847//847 588//588 807//807
f 588//588 2228//2228 807//807
f 2228//2228 279//279 807//807
f 279//279 1619//1619 807//807
f 279//279 1448//1448 1619//1619
f 1448//1448 828//828 1619//1619
f 1448//1448 11//11 828//828
f 279//279 2228//2228 1448//1448
f 847//847 2084//2084 588//588
f 2084//2084 1711//1711 588//588
f 2084//2084 66//66 1711//1711
f 847//847 849//849 2084//2084
f 847//847 1437//1437 849//849
f 1437//1437 349//349 849//849
f 349//349 1733//1733 849//849
f 1733//1733 825//825 849//849
f 825//825 66//66 849//849
f 1733//1733 301//301 825//825
f 349//349 1551//1551 1733//1733
f 1551//1551 2059//2059 1733//1733
f 1551//1551 2034//2034 2059//2059
f 1551//1551 1310//1310 2034//2034
f 1551//1551 2430//2430 1310//1310
f 2430//2430 1259//1259 1310//1310
f 1259//1259 376//376 1310//1310
f 376//376 1697//1697 1310//1310
f 376//376 1730//1730 1697//1697
f 376//376 994//994 1730//1730
f 994//994 1339//1339 1730//1730
f 1339//1339 732//732 1730//1730
f 1339//1339 1228//1228 732//732
f 1228//1228 1660//1660 732//732
f 1228//1228 63//63 1660//1660
f 1339//1339 686//686 1228//1228
f 1339//1339 1045//1045 686//686
f 1045//1045 216//216 686//686
f 1045//1045 1120//1120 216//216
f 1120//1120 696//696 216//216
f 696//696 2336//2336 216//216
f 2336//2336 557//557 216//216
f 2336//2336 1509//1509 557//557
f 2336//2336 2543//2543 1509//1509
f 2336//2336 501//501 2543//2543
f 501//501 969//969 2543//2543
f 969//969 2183//2183 2543//2543
f 969//969 1567//1567 2183//2183
f 1567//1567 885//885 2183//2183
f 1567//1567 969//969 885//885
f 969//969 595//595 885//885
f 595//595 1557//1557 885//885
f 1557//1557 1994//1994 885//885
f 1994//1994 2639//2639 885//885
f 1557//1557 392//392 1994//1994
f 392//392 1561//1561 1994//1994
f 392//392 1908//1908 1561//1561
f 1908//1908 1820//1820 1561//1561
f 1820//1820 1713//1713 1561//1561
f 392//392 1370//1370 1908//1908
f 392//392 1557//1557 1370//1370
f 595//595 749//749 1557//1557
f 595//595 2190//2190 749//749
f 2190//2190 1363//1363 749//749
f 2190//2190 2234//2234 1363//1363
f 2234//2234 2172//2172 1363//1363
f 2172//2172 2485//2485 1363//1363
f 2190//2190 969//969 2234//2234
f 969//969 226//226 2234//2234
f 969//969 501//501 226//226
f 2190//2190 595//595 969//969
f 2336//2336 995//995 501//501
f 995//995 908//908 501//501
f 995//995 258//258 908//908
f 995//995 1816//1816 258//258
f 995//995 1279//1279 1816//1816
f 1279//1279 2653//2653 1816//1816
f 2336//2336 4//4 995//995
f 2336//2336 696//696 4//4
f 1045//1045 1627//1627 1120//1120
f 1627//1627 276//276 1120//1120
f 1627//1627 915//915 276//276
f 915//915 2232//2232 276//276
f 2232//2232 1009//1009 276//276
f 1009//1009 830//830 276//276
f 2232//2232 1592//1592 1009//1009
f 1592//1592 2325//2325 1009//1009
f 1592//1592 332//332 2325//2325
f 332//332 912//912 2325//2325
f 912//912 1643//1643 2325//2325
f 1643//1643 878//878 2325//2325
f 332//332 1592//1592 912//912
f 915//915 1629//1629 2232//2232
f 1629//1629 93//93 2232//2232
f 1629//1629 1143//1143 93//93
f 1143//1143 1762//1762 93//93
f 1762//1762 1592//1592 93//93
f 1143//1143 566//566 1762//1762
f 1143//1143 2080//2080 566//566
f 915//915 455//455 1629//1629
f 455//455 587//587 1629//1629
f 1627//1627 131//131 915//915
f 131//131 2557//2557 915//915
f 131//131 994//994 2557//2557
f 994//994 376//376 2557//2557
f 376//376 1259//1259 2557//2557
f 1259//1259 40//40 2557//2557
f 40//40 455//455 2557//2557
f 131//131 1339//1339 994//994
f 349//349 1437//1437 1551//1551
f 1846//1846 573//573 648//648
f 1846//1846 1191//1191 573//573
f 1191//1191 748//748 573//573
f 1846//1846 103//103 1191//1191
f 103//103 1307//1307 1191//1191
f 1307//1307 804//804 1191//1191
f 804//804 1651//1651 1191//1191
f 1651//1651 359//359 1191//1191
f 1307//1307 415//415 804//804
f 415//415 2399//2399 804//804
f 415//415 1275//1275 2399//2399
f 415//415 1655//1655 1275//1275
f 1655//1655 2460//2460 1275//1275
f 415//415 961//961 1655//1655
f 961//961 161//161 1655//1655
f 161//161 629//629 1655//1655
f 161//161 2063//2063 629//629
f 2063//2063 404//404 629//629
f 2063//2063 1305//1305 404//404
f 1305//1305 1973//1973 404//404
f 2063//2063 2457//2457 1305//1305
f 2457//2457 2006//2006 1305//1305
f 2457//2457 214//214 2006//2006
f 214//214 1645//1645 2006//2006
f 214//214 890//890 1645//1645
f 214//214 1019//1019 890//890
f 161//161 1086//1086 2063//2063
f 161//161 961//961 1086//1086
f 961//961 547//547 1086//1086
f 547//547 1980//1980 1086//1086
f 1980//1980 1741//1741 1086//1086
f 1741//1741 2588//2588 1086//1086
f 1741//1741 2435//2435 2588//2588
f 547//547 2358//2358 1980//1980
f 961//961 937//937 547//547
f 961//961 1307//1307 937//937
f 961//961 415//415 1307//1307
f 103//103 1846//1846 1307//1307
f 1846//1846 2523//2523 1307//1307
f 1079//1079 2578//2578 2087//2087
f 1017//1017 2318//2318 2182//2182
f 1017//1017 752//752 2318//2318
f 752//752 246//246 2318//2318
f 752//752 710//710 246//246
f 710//710 2215//2215 246//246
f 710//710 1450//1450 2215//2215
f 1450//1450 171//171 2215//2215
f 171//171 1928//1928 2215//2215
f 1928//1928 1235//1235 2215//2215
f 1235//1235 2318//2318 2215//2215
f 1928//1928 670//670 1235//1235
f 1450//1450 2644//2644 171//171
f 2644//2644 1459//1459 171//171
f 1459//1459 2137//2137 171//171
f 2137//2137 1256//1256 171//171
f 1256//1256 2426//2426 171//171
f 2137//2137 1972//1972 1256//1256
f 1972//1972 2632//2632 1256//1256
f 2632//2632 877//877 1256//1256
f 877//877 670//670 1256//1256
f 877//877 87//87 670//670
f 877//877 1844//1844 87//87
f 1844//1844 607//607 87//87
f 2137//2137 775//775 1972//1972
f 775//775 2373//2373 1972//1972
f 2373//2373 267//267 1972//1972
f 775//775 431//431 2373//2373
f 775//775 1504//1504 431//431
f 1504//1504 1856//1856 431//431
f 1856//1856 798//798 431//431
f 798//798 2368//2368 431//431
f 2368//2368 1858//1858 431//431
f 1856//1856 362//362 798//798
f 362//362 1636//1636 798//798
f 1636//1636 2604//2604 798//798
f 2604//2604 962//962 798//798
f 962//962 280//280 798//798
f 280//280 1482//1482 798//798
f 362//362 1925//1925 1636//1636
f 1925//1925 633//633 1636//1636
f 633//633 938//938 1636//1636
f 362//362 1247//1247 1925//1925
f 2137//2137 2086//2086 775//775
f 1450//1450 2000//2000 2644//2644
f 752//752 2187//2187 710//710
f 752//752 204//204 2187//2187
f 204//204 1755//1755 2187//2187
f 204//204 1818//1818 1755//1755
f 204//204 1038//1038 1818//1818
f 1038//1038 1872//1872 1818//1818
f 1872//1872 527//527 1818//1818
f 1038//1038 2326//2326 1872//1872
f 2326//2326 117//117 1872//1872
f 204//204 777//777 1038//1038
f 752//752 1017//1017 204//204
f 1017//1017 2537//2537 204//204
f 2401//2401 1873//1873 1681//1681
f 1873//1873 462//462 1681//1681
f 462//462 2551//2551 1681//1681
f 462//462 1149//1149 2551//2551
f 1291//1291 2450//2450 2539//2539
f 2450//2450 164//164 2539//2539
f 164//164 2638//2638 2539//2539
f 2638//2638 559//559 2539//2539
f 1291//1291 624//624 2450//2450
f 624//624 1531//1531 2450//2450
f 624//624 1255//1255 1531//1531
f 624//624 1898//1898 1255//1255
f 1898//1898 311//311 1255//1255
f 624//624 2673//2673 1898//1898
f 624//624 1291//1291 2673//2673
f 2173//2173 555//555 1960//1960
f 2012//2012 729//729 311//311
f 2558//2558 312//312 1024//1024
f 312//312 2351//2351 1024//1024
f 312//312 641//641 2351//2351
f 641//641 2075//2075 2351//2351
f 641//641 306//306 2075//2075
f 641//641 78//78 306//306
f 2558//2558 209//209 312//312
f 209//209 972//972 312//312
f 209//209 1147//1147 972//972
f 397//397 2315//2315 2338//2338
f 397//397 1641//1641 2315//2315
f 397//397 2474//2474 1641//1641
f 2474//2474 554//554 1641//1641
f 554//554 774//774 1641//1641
f 774//774 19//19 1641//1641
f 774//774 1604//1604 19//19
f 774//774 1328//1328 1604//1604
f 1328//1328 1545//1545 1604//1604
f 1328//1328 410//410 1545//1545
f 410//410 1029//1029 1545//1545
f 410//410 1719//1719 1029//1029
f 1719//1719 1986//1986 1029//1029
f 1986//1986 928//928 1029//1029
f 928//928 278//278 1029//1029
f 1719//1719 1703//1703 1986//1986
f 1703//1703 54//54 1986//1986
f 1703//1703 1071//1071 54//54
f 1719//1719 499//499 1703//1703
f 410//410 1328//1328 1719//1719
f 1328//1328 217//217 1719//1719
f 217//217 1356//1356 1719//1719
f 217//217 1152//1152 1356//1356
f 1152//1152 1803//1803 1356//1356
f 1152//1152 331//331 1803//1803
f 331//331 1233//1233 1803//1803
f 1233//1233 695//695 1803//1803
f 695//695 175//175 1803//1803
f 695//695 1859//1859 175//175
f 1859//1859 1262//1262 175//175
f 1262//1262 2016//2016 175//175
f 1262//1262 2672//2672 2016//2016
f 2672//2672 1071//1071 2016//2016
f 2672//2672 238//238 1071//1071
f 1262//1262 457//457 2672//2672
f 1262//1262 2393//2393 457//457
f 1262//1262 1859//1859 2393//2393
f 1233//1233 1614//1614 695//695
f 1233//1233 48//48 1614//1614
f 331//331 2225//2225 1233//1233
f 2225//2225 1747//1747 1233//1233
f 2225//2225 829//829 1747//1747
f 829//829 320//320 1747//1747
f 320//320 1770//1770 1747//1747
f 1770//1770 700//700 1747//1747
f 829//829 2176//2176 320//320
f 829//829 570//570 2176//2176
f 829//829 123//123 570//570
f 123//123 861//861 570//570
f 861//861 1871//1871 570//570
f 1871//1871 904//904 570//570
f 1871//1871 782//782 904//904
f 1871//1871 2372//2372 782//782
f 2372//2372 1878//1878 782//782
f 1878//1878 273//273 782//782
f 273//273 1591//1591 782//782
f 273//273 1067//1067 1591//1591
f 1878//1878 650//650 273//273
f 650//650 1883//1883 273//273
f 650//650 1918//1918 1883//1883
f 1918//1918 372//372 1883//1883
f 650//650 534//534 1918//1918
f 534//534 190//190 1918//1918
f 534//534 1953//1953 190//190
f 534//534 2609//2609 1953//1953
f 534//534 1078//1078 2609//2609
f 1078//1078 728//728 2609//2609
f 728//728 942//942 2609//2609
f 942//942 568//568 2609//2609
f 942//942 1027//1027 568//568
f 942//942 1690//1690 1027//1027
f 728//728 2254//2254 942//942
f 728//728 2319//2319 2254//2254
f 728//728 2620//2620 2319//2319
f 1078//1078 377//377 728//728
f 1078//1078 1349//1349 377//377
f 1078//1078 534//534 1349//1349
f 534//534 1773//1773 1349//1349
f 534//534 650//650 1773//1773
f 650//650 140//140 1773//1773
f 650//650 1206//1206 140//140
f 1206//1206 882//882 140//140
f 1206//1206 1126//1126 882//882
f 1126//1126 309//309 882//882
f 309//309 894//894 882//882
f 894//894 1258//1258 882//882
f 894//894 377//377 1258//1258
f 1126//1126 1464//1464 309//309
f 1464//1464 365//365 309//309
f 365//365 2510//2510 309//309
f 1126//1126 2408//2408 1464//1464
f 2408//2408 1740//1740 1464//1464
f 861//861 298//298 1871//1871
f 123//123 1884//1884 861//861
f 1884//1884 2454//2454 861//861
f 1884//1884 784//784 2454//2454
f 1884//1884 554//554 784//784
f 554//554 2474//2474 784//784
f 1884//1884 862//862 554//554
f 862//862 1684//1684 554//554
f 1684//1684 774//774 554//554
f 1684//1684 1328//1328 774//774
f 1152//1152 1808//1808 331//331
f 1808//1808 1425//1425 331//331
f 1808//1808 862//862 1425//1425
f 2143//2143 784//784 1771//1771
f 1185//1185 2165//2165 2010//2010
f 1606//1606 418//418 2064//2064
f 1606//1606 715//715 418//418
f 715//715 179//179 418//418
f 179//179 2032//2032 418//418
f 2032//2032 1460//1460 418//418
f 1460//1460 1728//1728 418//418
f 715//715 2022//2022 179//179
f 715//715 1309//1309 2022//2022
f 715//715 601//601 1309//1309
f 715//715 975//975 601//601
f 1709//1709 2422//2422 1348//1348
f 96//96 2276//2276 1661//1661
f 96//96 1029//1029 2276//2276
f 1104//1104 1546//1546 427//427
f 2328//2328 22//22 1104//1104
f 1658//1658 888//888 1466//1466
f 888//888 292//292 1466//1466
f 888//888 561//561 292//292
f 1886//1886 796//796 1495//1495
f 823//823 1369//1369 1758//1758
f 432//432 2103//2103 2648//2648
f 432//432 1110//1110 2103//2103
f 277//277 2427//2427 1369//1369
f 277//277 580//580 2427//2427
f 580//580 1705//1705 2427//2427
f 580//580 1957//1957 1705//1705
f 277//277 1053//1053 580//580
f 793//793 557//557 2183//2183
f 686//686 2406//2406 1956//1956
f 2045//2045 744//744 2416//2416
f 2045//2045 1420//1420 744//744
f 2389//2389 1761//1761 744//744
f 1761//1761 1849//1849 744//744
f 1761//1761 1660//1660 1849//1849
f 1761//1761 523//523 1660//1660
f 523//523 1458//1458 1660//1660
f 523//523 142//142 1458//1458
f 142//142 897//897 1458//1458
f 897//897 254//254 1458//1458
f 142//142 982//982 897//897
f 982//982 156//156 897//897
f 156//156 895//895 897//897
f 156//156 2642//2642 895//895
f 982//982 308//308 156//156
f 308//308 716//716 156//156
f 716//716 2034//2034 156//156
f 308//308 851//851 716//716
f 851//851 1243//1243 716//716
f 851//851 211//211 1243//1243
f 211//211 825//825 1243//1243
f 825//825 2432//2432 1243//1243
f 211//211 669//669 825//825
f 669//669 1026//1026 825//825
f 851//851 500//500 211//211
f 851//851 308//308 500//500
f 308//308 1012//1012 500//500
f 1012//1012 647//647 500//500
f 308//308 891//891 1012//1012
f 891//891 180//180 1012//1012
f 891//891 1837//1837 180//180
f 1837//1837 2184//2184 180//180
f 1837//1837 2581//2581 2184//2184
f 891//891 482//482 1837//1837
f 308//308 982//982 891//891
f 982//982 2099//2099 891//891
f 982//982 142//142 2099//2099
f 523//523 1739//1739 142//142
f 523//523 295//295 1739//1739
f 295//295 797//797 1739//1739
f 295//295 1572//1572 797//797
f 1572//1572 46//46 797//797
f 295//295 1650//1650 1572//1572
f 295//295 2194//2194 1650//1650
f 2194//2194 515//515 1650//1650
f 295//295 1761//1761 2194//2194
f 1761//1761 2389//2389 2194//2194
f 2389//2389 218//218 2194//2194
f 295//295 523//523 1761//1761
f 913//913 1528//1528 1572//1572
f 913//913 447//447 1528//1528
f 447//447 1246//1246 1528//1528
f 447//447 167//167 1246//1246
f 447//447 2142//2142 167//167
f 447//447 777//777 2142//2142
f 447//447 1998//1998 777//777
f 2514//2514 783//783 2385//2385
f 783//783 1541//1541 2385//2385
f 1541//1541 527//527 2385//2385
f 2514//2514 236//236 783//783
f 236//236 1068//1068 783//783
f 1176//1176 1128//1128 1688//1688
f 818//818 1559//1559 1128//1128
f 818//818 414//414 1559//1559
f 818//818 2296//2296 414//414
f 2296//2296 1581//1581 414//414
f 1581//1581 1249//1249 414//414
f 1581//1581 95//95 1249//1249
f 95//95 2364//2364 1249//1249
f 2364//2364 2402//2402 1249//1249
f 2364//2364 618//618 2402//2402
f 618//618 1183//1183 2402//2402
f 1183//1183 1877//1877 2402//2402
f 1877//1877 341//341 2402//2402
f 1877//1877 2248//2248 341//341
f 1877//1877 783//783 2248//2248
f 618//618 388//388 1183//1183
f 618//618 1484//1484 388//388
f 1484//1484 155//155 388//388
f 155//155 1459//1459 388//388
f 155//155 1525//1525 1459//1459
f 1484//1484 2313//2313 155//155
f 2313//2313 1489//1489 155//155
f 1489//1489 1135//1135 155//155
f 2313//2313 516//516 1489//1489
f 516//516 2185//2185 1489//1489
f 2185//2185 94//94 1489//1489
f 94//94 1154//1154 1489//1489
f 94//94 2199//2199 1154//1154
f 2199//2199 2420//2420 1154//1154
f 2420//2420 2434//2434 1154//1154
f 2434//2434 337//337 1154//1154
f 2434//2434 1306//1306 337//337
f 2434//2434 2306//2306 1306//1306
f 2306//2306 952//952 1306//1306
f 952//952 31//31 1306//1306
f 2199//2199 1500//1500 2420//2420
f 2199//2199 1969//1969 1500//1500
f 1969//1969 731//731 1500//1500
f 2199//2199 1440//1440 1969//1969
f 2199//2199 2421//2421 1440//1440
f 2199//2199 94//94 2421//2421
f 2185//2185 2425//2425 94//94
f 1484//1484 1194//1194 2313//2313
f 1484//1484 713//713 1194//1194
f 1484//1484 2364//2364 713//713
f 1484//1484 618//618 2364//2364
f 1581//1581 1403//1403 95//95
f 1403//1403 883//883 95//95
f 1403//1403 603//603 883//883
f 603//603 2438//2438 883//883
f 818//818 2482//2482 2296//2296
f 818//818 2501//2501 2482//2482
f 429//429 2024//2024 2478//2478
f 1729//1729 1705//1705 429//429
f 1705//1705 1376//1376 429//429
f 1376//1376 837//837 429//429
f 837//837 2384//2384 429//429
f 1705//1705 885//885 1376//1376
f 1705//1705 374//374 885//885
f 1729//1729 841//841 1705//1705
f 993//993 370//370 1945//1945
f 370//370 2489//2489 1945//1945
f 2489//2489 702//702 1945//1945
f 2489//2489 2070//2070 702//702
f 993//993 769//769 370//370
f 612//612 1394//1394 1736//1736
f 612//612 1254//1254 1394//1394
f 1254//1254 1467//1467 1394//1394
f 1467//1467 248//248 1394//1394
f 1467//1467 854//854 248//248
f 854//854 970//970 248//248
f 1467//1467 1775//1775 854//854
f 1775//1775 491//491 854//854
f 1775//1775 701//701 491//491
f 701//701 64//64 491//491
f 1775//1775 678//678 701//701
f 678//678 765//765 701//701
f 678//678 288//288 765//765
f 288//288 675//675 765//765
f 288//288 1538//1538 675//675
f 1538//1538 756//756 675//675
f 1538//1538 30//30 756//756
f 30//30 1519//1519 756//756
f 1519//1519 960//960 756//756
f 1538//1538 2575//2575 30//30
f 2575//2575 1753//1753 30//30
f 678//678 1254//1254 288//288
f 678//678 1467//1467 1254//1254
f 702//702 2198//2198 960//960
f 2198//2198 1864//1864 960//960
f 2198//2198 743//743 1864//1864
f 743//743 1578//1578 1864//1864
f 1578//1578 1782//1782 1864//1864
f 743//743 1952//1952 1578//1578
f 1952//1952 2301//2301 1578//1578
f 2301//2301 76//76 1578//1578
f 2301//2301 1195//1195 76//76
f 2301//2301 321//321 1195//1195
f 2301//2301 382//382 321//321
f 1526//1526 445//445 2202//2202
f 120//120 2046//2046 2288//2288
f 120//120 2303//2303 2046//2046
f 120//120 2295//2295 2303//2303
f 1503//1503 2303//2303 1793//1793
f 339//339 578//578 1166//1166
f 2120//2120 1002//1002 2428//2428
f 815//815 2175//2175 529//529
f 2262//2262 2374//2374 242//242
f 1208//1208 88//88 1255//1255
f 88//88 1373//1373 1255//1255
f 1915//1915 1608//1608 164//164
f 1915//1915 2521//2521 1608//1608
f 2476//2476 170//170 1552//1552
f 637//637 1365//1365 1368//1368
f 637//637 313//313 1365//1365
f 637//637 2017//2017 313//313
f 844//844 2304//2304 1769//1769
f 2304//2304 159//159 1769//1769
f 1284//1284 811//811 1611//1611
f 811//811 1329//1329 1611//1611
f 2224//2224 1294//1294 43//43
f 2224//2224 484//484 1294//1294
f 2021//2021 2378//2378 509//509
f 2021//2021 1589//1589 2378//2378
f 167//167 2668//2668 2116//2116
f 836//836 579//579 1920//1920
f 579//579 2658//2658 1920//1920
f 579//579 1850//1850 2658//2658
f 1850//1850 544//544 2658//2658
f 1850//1850 766//766 544//544
f 766//766 2107//2107 544//544
f 50//50 2475//2475 836//836
f 2475//2475 2492//2492 836//836
f 50//50 772//772 2475//2475
f 50//50 577//577 772//772
f 577//577 1186//1186 772//772
f 1186//1186 191//191 772//772
f 1186//1186 1642//1642 191//191
f 1642//1642 718//718 191//191
f 1642//1642 705//705 718//718
f 705//705 1896//1896 718//718
f 1896//1896 1080//1080 718//718
f 1896//1896 59//59 1080//1080
f 59//59 1449//1449 1080//1080
f 1449//1449 1084//1084 1080//1080
f 1084//1084 284//284 1080//1080
f 284//284 361//361 1080//1080
f 361//361 1779//1779 1080//1080
f 1084//1084 2168//2168 284//284
f 1896//1896 705//705 59//59
f 705//705 1791//1791 59//59
f 705//705 1234//1234 1791//1791
f 705//705 2067//2067 1234//1234
f 2067//2067 628//628 1234//1234
f 628//628 1673//1673 1234//1234
f 1642//1642 838//838 705//705
f 50//50 2635//2635 577//577
f 2635//2635 496//496 577//577
f 496//496 2310//2310 577//577
f 2310//2310 2088//2088 577//577
f 2310//2310 2102//2102 2088//2088
f 2310//2310 496//496 2102//2102
f 496//496 1586//1586 2102//2102
f 496//496 420//420 1586//1586
f 496//496 2221//2221 420//420
f 496//496 1161//1161 2221//2221
f 1161//1161 1829//1829 2221//2221
f 1829//1829 1040//1040 2221//2221
f 1161//1161 1463//1463 1829//1829
f 1161//1161 1127//1127 1463//1463
f 496//496 2144//2144 1161//1161
f 563//563 890//890 1463//1463
f 890//890 83//83 1463//1463
f 2098//2098 636//636 1055//1055
f 2098//2098 187//187 636//636
f 187//187 985//985 636//636
f 694//694 460//460 2468//2468
f 694//694 2616//2616 460//460
f 536//536 842//842 1084//1084
f 842//842 770//770 1084//1084
f 842//842 720//720 770//770
f 842//842 1491//1491 720//720
f 1491//1491 597//597 720//720
f 597//597 1379//1379 720//720
f 597//597 1034//1034 1379//1379
f 597//597 1451//1451 1034//1034
f 1436//1436 642//642 2269//2269
f 642//642 779//779 2269//2269
f 642//642 2352//2352 779//779
f 2352//2352 579//579 779//779
f 579//579 1088//1088 779//779
f 579//579 864//864 1088//1088
f 864//864 1117//1117 1088//1088
f 864//864 1117//1117 836//836
f 2352//2352 1003//1003 579//579
f 1003//1003 149//149 579//579
f 1003//1003 2651//2651 149//149
f 2651//2651 805//805 149//149
f 805//805 1413//1413 149//149
f 1413//1413 1409//1409 149//149
f 1413//1413 645//645 1409//1409
f 645//645 766//766 1409//1409
f 2651//2651 1188//1188 805//805
f 1188//1188 598//598 805//805
f 598//598 1389//1389 805//805
f 1389//1389 21//21 805//805
f 598//598 2244//2244 1389//1389
f 2651//2651 642//642 1188//1188
f 642//642 1436//1436 1188//1188
f 1436//1436 2584//2584 1188//1188
f 2651//2651 1003//1003 642//642
f 1003//1003 2352//2352 642//642
f 2051//2051 1179//1179 1713//1713
f 1179//1179 803//803 1713//1713
f 224//224 2482//2482 2024//2024
f 1072//1072 632//632 603//603
f 1072//1072 931//931 632//632
f 931//931 519//519 632//632
f 1582//1582 1112//1112 91//91
f 1112//1112 792//792 91//91
f 1582//1582 452//452 1112//1112
f 452//452 1455//1455 1112//1112
f 452//452 958//958 1455//1455
f 958//958 484//484 1455//1455
f 958//958 1766//1766 484//484
f 1582//1582 1122//1122 452//452
f 326//326 2106//2106 1663//1663
f 2048//2048 627//627 2423//2423
f 1021//1021 25//25 627//627
f 1021//1021 2246//2246 25//25
f 2246//2246 791//791 25//25
f 2246//2246 325//325 791//791
f 325//325 1285//1285 791//791
f 1285//1285 195//195 791//791
f 195//195 1548//1548 791//791
f 195//195 1167//1167 1548//1548
f 1167//1167 2125//2125 1548//1548
f 195//195 617//617 1167//1167
f 195//195 2334//2334 617//617
f 2334//2334 1782//1782 617//617
f 2334//2334 1136//1136 1782//1782
f 2334//2334 480//480 1136//1136
f 2334//2334 2387//2387 480//480
f 2387//2387 1261//1261 480//480
f 1261//1261 90//90 480//480
f 2387//2387 325//325 1261//1261
f 325//325 1999//1999 1261//1261
f 2387//2387 1285//1285 325//325
f 2334//2334 195//195 2387//2387
f 2246//2246 1021//1021 325//325
f 1021//1021 1119//1119 325//325
f 1021//1021 223//223 1119//1119
f 1021//1021 2666//2666 223//223
f 2666//2666 1922//1922 223//223
f 733//733 1095//1095 2266//2266
f 733//733 1738//1738 1095//1095
f 287//287 990//990 733//733
f 2278//2278 585//585 990//990
f 2278//2278 2056//2056 585//585
f 2056//2056 1991//1991 585//585
f 666//666 2506//2506 974//974
f 1398//1398 366//366 666//666
f 1398//1398 1687//1687 366//366
f 817//817 2252//2252 1987//1987
f 1562//1562 1323//1323 1281//1281
f 154//154 763//763 1440//1440
f 154//154 1797//1797 763//763
f 1797//1797 304//304 763//763
f 154//154 850//850 1797//1797
f 154//154 1280//1280 850//850
f 154//154 2548//2548 1280//1280
f 444//444 831//831 808//808
f 444//444 860//860 831//831
f 2054//2054 143//143 981//981
f 514//514 143//143 1402//1402
f 514//514 1011//1011 143//143
f 1011//1011 630//630 143//143
f 1011//1011 1222//1222 630//630
f 1222//1222 2396//2396 630//630
f 2396//2396 2335//2335 630//630
f 1222//1222 1483//1483 2396//2396
f 1483//1483 1070//1070 2396//2396
f 1011//1011 1930//1930 1222//1222
f 1011//1011 514//514 1930//1930
f 514//514 2505//2505 1930//1930
f 953//953 2054//2054 507//507
f 1553//1553 396//396 2317//2317
f 1553//1553 876//876 396//396
f 1447//1447 683//683 124//124
f 1447//1447 352//352 683//683
f 1447//1447 537//537 352//352
f 537//537 2663//2663 352//352
f 1447//1447 197//197 537//537
f 460//460 1422//1422 2627//2627
f 1422//1422 1382//1382 2627//2627
f 1490//1490 2002//2002 1094//1094
f 1330//1330 2625//2625 227//227
f 2102//2102 1108//1108 2496//2496
f 1108//1108 1495//1495 2496//2496
f 1277//1277 614//614 492//492
f 614//614 853//853 492//492
f 614//614 1806//1806 853//853
f 1806//1806 909//909 853//853
f 1277//1277 1473//1473 614//614
f 1473//1473 684//684 614//614
f 2306//2306 1244//1244 2152//2152
f 1244//1244 157//157 2152//2152
f 1212//1212 731//731 680//680
f 932//932 1544//1544 189//189
f 1544//1544 699//699 189//189
f 1544//1544 809//809 699//699
f 1544//1544 576//576 809//809
f 1544//1544 2237//2237 576//576
f 2237//2237 2659//2659 576//576
f 2659//2659 1151//1151 576//576
f 1151//1151 672//672 576//576
f 1151//1151 222//222 672//672
f 222//222 2634//2634 672//672
f 222//222 2267//2267 2634//2634
f 222//222 1666//1666 2267//2267
f 1151//1151 1989//1989 222//222
f 1544//1544 932//932 2237//2237
f 932//932 651//651 2237//2237
f 651//651 329//329 2237//2237
f 651//651 1301//1301 329//329
f 932//932 491//491 651//651
f 919//919 198//198 382//382
f 1073//1073 1689//1689 1707//1707
f 220//220 991//991 1160//1160
f 1635//1635 2159//2159 1587//1587
f 898//898 756//756 2602//2602
f 1890//1890 480//480 898//898
f 1434//1434 755//755 235//235
f 954//954 111//111 607//607
f 954//954 1858//1858 111//111
f 278//278 724//724 2276//2276
f 1521//1521 1580//1580 328//328
f 1580//1580 1549//1549 328//328
f 1549//1549 1052//1052 328//328
f 1981//1981 1653//1653 806//806
f 2131//2131 1273//1273 1239//1239
f 1273//1273 1662//1662 1239//1239
f 1273//1273 1314//1314 1662//1662
f 1273//1273 457//457 1314//1314
f 2112//2112 742//742 1399//1399
f 742//742 984//984 1399//1399
f 2112//2112 199//199 742//742
f 2112//2112 652//652 199//199
f 2112//2112 996//996 652//652
f 996//996 755//755 652//652
f 996//996 1690//1690 755//755
f 996//996 736//736 1690//1690
f 996//996 21//21 736//736
f 996//996 1602//1602 21//21
f 996//996 2112//2112 1602//1602
f 574//574 644//644 2174//2174
f 2261//2261 266//266 867//867
f 1635//1635 921//921 792//792
f 1815//1815 38//38 1214//1214
f 14//14 2608//2608 1099//1099
f 14//14 503//503 2608//2608
f 921//921 1635//1635 1774//1774
f 451//451 792//792 921//921
f 976//976 1534//1534 294//294
f 745//745 5//5 1362//1362
f 150//150 2570//2570 745//745
f 1527//1527 355//355 1776//1776
f 29//29 342//342 1007//1007
f 923//923 141//141 524//524
f 427//427 1546//1546 299//299
f 1546//1546 1386//1386 299//299
f 314//314 701//701 1783//1783
f 611//611 347//347 1379//1379
f 136//136 1313//1313 1594//1594
f 136//136 430//430 1313//1313
f 615//615 186//186 2257//2257
f 186//186 2167//2167 2257//2257
f 1809//1809 2172//2172 1481//1481
f 74//74 370//370 497//497
f 908//908 2172//2172 501//501
f 873//873 1040//1040 315//315
f 2318//2318 2153//2153 2182//2182
f 204//204 458//458 777//777
f 458//458 2668//2668 777//777
f 458//458 400//400 2668//2668
f 204//204 2537//2537 458//458
f 1873//1873 11//11 462//462
f 729//729 1593//1593 311//311
f 18//18 89//89 2558//2558
f 2672//2672 1273//1273 238//238
f 2672//2672 457//457 1273//1273
f 48//48 700//700 1614//1614
f 700//700 340//340 1614//1614
f 2064//2064 272//272 542//542
f 975//975 365//365 601//601
f 365//365 2491//2491 601//601
f 22//22 201//201 1104//1104
f 2328//2328 1887//1887 22//22
f 1849//1849 1956//1956 744//744
f 211//211 1318//1318 669//669
f 1440//1440 763//763 1969//1969
f 1864//1864 1890//1890 960//960
f 400//400 2184//2184 947//947
f 1095//1095 641//641 2266//2266
f 990//990 406//406 733//733
f 2506//2506 1676//1676 974//974
f 2583//2583 159//159 844//844
f 1483//1483 1226//1226 1070//1070
f 1222//1222 2350//2350 1483//1483
f 1756//1756 799//799 108//108
f 1073//1073 2//2 1689//1689
f 2//2 684//684 1689//1689
f 560//560 116//116 1666//1666
