path,bytes,sha256
.gitattributes,96,9297b07d080049c552551d65f878cd06f7288d99a9efd5548816dcbac8b78956
.gitignore,124,ae9b2a4666d393c7f8ab4bb80bbccfd490fdb00bae64a8f9862a23382b6844e6
data/benchmark/adaptive_poisson/0001_adaptive_poisson.obj,506496,148338f4a43decf5b926214e9127b52be53a07a33c6d1d8d42ca18c9eabea238
data/benchmark/adaptive_poisson/0002_adaptive_poisson.obj,593295,777cfb846c7d8ca62a938ff2877a2b43916d89728b606434a2ecdb0d8ff50a3a
data/benchmark/adaptive_poisson/0003_adaptive_poisson.obj,580070,d38525af39907f573ffd984b681c2f099e197daaec565cc88dc8ed04795dbaac
data/benchmark/adaptive_poisson/0004_adaptive_poisson.obj,172222,17f2606bf1528be76d720697b1f1c599a52cebcadd3879fa76dd669146532b96
data/benchmark/adaptive_poisson/0005_adaptive_poisson.obj,218769,5e1b1fd7f754bb2164f03593ab79fab048baf140441e593a59dcdb99f37447b8
data/benchmark/adaptive_poisson/0006_adaptive_poisson.obj,561562,ae2bc530d090c60c4b3144833c30b5b55b4a02dad92d8127fbe92c1427f55fd2
data/benchmark/adaptive_poisson/0007_adaptive_poisson.obj,242175,2e48706eab3ca24d3a1543eaf020f9204872f5e1abb568ba0ff1186500f5c7ef
data/benchmark/adaptive_poisson/0008_adaptive_poisson.obj,607477,bc577add7ce69df27b91cf0ab7e19904ab5f42358264622ebbb75bf85d8eb30a
data/benchmark/adaptive_poisson/0009_adaptive_poisson.obj,844896,881bafaa74e3758893d31602f531b8222fbb899683d072bf8780a7f4ef5acca4
data/benchmark/adaptive_poisson/0010_adaptive_poisson.obj,756101,e6aaee999062009d55e23fc3a904cbfd620cdd517728e8d9cda9461e0977b8da
data/benchmark/adaptive_poisson/0011_adaptive_poisson.obj,330352,1686df451faa475d99a69f19b9013c25295a48c8a387fbf5248af9f27766e654
data/benchmark/adaptive_poisson/0012_adaptive_poisson.obj,685942,3828ac4a2364559f6e4c42f5708952e03908fe09a10b8062a9626560deabb7d1
data/benchmark/adaptive_poisson/0013_adaptive_poisson.obj,503093,977804ad9009bcba948edb8e63bb1d0f5250a0460373a57185b955e20bfc6701
data/benchmark/adaptive_poisson/0014_adaptive_poisson.obj,531225,59f27af488020ec4f601a37ac032167eb9deb647d95e86dbd692408e8dd6cced
data/benchmark/adaptive_poisson/0015_adaptive_poisson.obj,313967,e3cce751717158719f37f1f354de6c8f34d0c245cd7f7a1286520bcfa2116457
data/benchmark/adaptive_poisson/0016_adaptive_poisson.obj,593079,10883ca034e0e0e4f3eabed8cc842573dd3bfee16551f144fb22238854d188e0
data/benchmark/adaptive_poisson/0017_adaptive_poisson.obj,555973,e613012c3ac14f8ce1c58bb7cc66da93c7c67b0f4d353062bc995e0f671dec18
data/benchmark/adaptive_poisson/0018_adaptive_poisson.obj,623703,05264a75423f321895c342c175b92dafa474f963ba08afb5865237ba3c5263ff
data/benchmark/adaptive_poisson/0019_adaptive_poisson.obj,517473,04923e64214497e582a730ac989546ea1987521f27790af68bda8b978c2a9980
data/benchmark/adaptive_poisson/0020_adaptive_poisson.obj,416405,8607520f4934197ea74ef5e06d84ff8135a102cf8933b05073de49287881c98d
data/benchmark/adaptive_poisson/0021_adaptive_poisson.obj,386695,60dffce85a8910d16b1fa2c280250cb991f5515a363bf4477f2b5208a2c84a33
data/benchmark/adaptive_poisson/0022_adaptive_poisson.obj,554168,2048d8c8cf87e625b2df2d5cfa4cb6ebd0b5e0807994158a285c987f82f03771
data/benchmark/adaptive_poisson/0023_adaptive_poisson.obj,562390,f674655d43ee932189a36a6ee933385925b138f2c759dfd89e2376ceced6bc05
data/benchmark/adaptive_poisson/0024_adaptive_poisson.obj,654637,f0843ef7fd833934e6bd154337bf426145572a68c64b5157cd4a2449b003a1d4
data/benchmark/adaptive_poisson/0025_adaptive_poisson.obj,418054,52143fbac7a40e691b5092d27f0ca5ea0e18e15739935ed3af1ac80dbf7286c6
data/benchmark/adaptive_poisson/0026_adaptive_poisson.obj,508655,68f079ad2a8da1e89f893650d08165fe7356ccfaebb7fc1e3128ea28e5bf9905
data/benchmark/adaptive_poisson/0027_adaptive_poisson.obj,584808,ca21ece84450cc39cdf1b7165f0ddb4cca4fa69c66a27919c7ef023dfe842989
data/benchmark/adaptive_poisson/0028_adaptive_poisson.obj,586730,16134e374ececfda7c31c74577cfac04006c8f71a99900b7c0d4e6ef8a9d1a8f
data/benchmark/adaptive_poisson/0029_adaptive_poisson.obj,391790,da99f279da440aae79e5313e2d7837a8ed0a067044deee7337c46701ca48fb03
data/benchmark/adaptive_poisson/0030_adaptive_poisson.obj,411194,c40a1177bdbf67bfa4553dcec15669bb6e33649dfe68ddc3345fcadc3f0c226b
data/benchmark/adaptive_poisson/0031_adaptive_poisson.obj,505409,4b0462727f5c60909dd6a4e45f34e7f2ac3ee3963e4830821af44e0ca1f3c295
data/benchmark/adaptive_poisson/0032_adaptive_poisson.obj,564940,9e1351cbb14877637a321d204ac9f4099c7bed03ba5ee0a87f6a97c1bfbb0307
data/benchmark/adaptive_poisson/0033_adaptive_poisson.obj,506230,bed95b74dd9585390a81cf42c032bc07a7269eed0175d149e0fdb301fe1dd4a3
data/benchmark/adaptive_poisson/0034_adaptive_poisson.obj,369184,65315d15bfcd4c861d78818c713044c31acd1ea789dce69eb063545cb7eb7b10
data/benchmark/adaptive_poisson/0035_adaptive_poisson.obj,462343,d515d3046646216e661e676f8cba6d06de507dcd7f5c9a7e5d7c6189ce68e603
data/benchmark/adaptive_poisson/0036_adaptive_poisson.obj,515594,420b56c4ad37456d3de38539c0ec9ceafe669199fba1949f4f5318204e491f6c
data/benchmark/adaptive_poisson/0037_adaptive_poisson.obj,573496,7fd13961240465ea028e52393c16991d62e5166b9b7b7001a1a2709b41b6ccf5
data/benchmark/adaptive_poisson/0038_adaptive_poisson.obj,470800,177810268545fcf421362e45d208b1c4a360a782cf854b6be442fed5a6c280ec
data/benchmark/adaptive_poisson/0039_adaptive_poisson.obj,399062,5a4b72da4b0e73b6e339dfc277e059fa3e213e570640fc4fd7b0059af476b34f
data/benchmark/adaptive_poisson/0040_adaptive_poisson.obj,572033,24164857048bc6219949ff729205aba56f1ccc142975137c7b774059eb495382
data/benchmark/adaptive_poisson/0041_adaptive_poisson.obj,608011,df1b8af85fb8b668f4dfb5cb00ea95aaea68f49e780499acba11f613fb95d435
data/benchmark/adaptive_poisson/0042_adaptive_poisson.obj,494708,b16aa29229f7f51b624f40c62fb37695b755d9b47117f58131537bcc4ccb53c9
data/benchmark/adaptive_poisson/0043_adaptive_poisson.obj,512335,0da75607e3ab978b7d93072b5d81e0ccb62be9311f35c6e52f4a6a69b9411d58
data/benchmark/adaptive_poisson/0044_adaptive_poisson.obj,410946,e803ad0d0bd094d1a598096f5ee584e2b9318cbad508c65eed515afe16525255
data/benchmark/adaptive_poisson/0045_adaptive_poisson.obj,572050,d1e860bb96179bf63f17a8b0ea1b6ef40efbf00455f6b0db8c726fa40659ddbc
data/benchmark/adaptive_poisson/0046_adaptive_poisson.obj,484886,ca5acdefe4b5aa6156f37f3afeb7e59f7ffce700e79f3d8e8c98eabed7d0939c
data/benchmark/adaptive_poisson/0047_adaptive_poisson.obj,352363,34cf7c25285a071050459227d75205cf863c6159b6c2870028b3f48da445357f
data/benchmark/adaptive_poisson/0048_adaptive_poisson.obj,461579,66e0465a16227ada33e5281fe733db426f0fe3dea8a019378e3eed70fbf3f89f
data/benchmark/adaptive_poisson/0049_adaptive_poisson.obj,486118,15c9ff894851d43723db7c7fb9247a3b719586da9995b492cde9d72b33e26a40
data/benchmark/adaptive_poisson/0050_adaptive_poisson.obj,633862,a364dca7797ac0325fcc40f730051c38a33ddf38561e68923dee114dc669ef13
data/benchmark/adaptive_poisson/0051_adaptive_poisson.obj,239800,66515dcc2c247c3432e6941a18c46d3d9b504bdd136801540eb06df4bbbe68ec
data/benchmark/adaptive_poisson/0052_adaptive_poisson.obj,381048,648ce42ab270e35d3b4434f23be0b4e045bc52ab18032fd57f193d3e4a06f343
data/benchmark/adaptive_poisson/0053_adaptive_poisson.obj,545687,8691ece0fd938b18888b660fa77c677a6a96d751a68f0cae8e6d6f69cbfcd73d
data/benchmark/adaptive_poisson/0054_adaptive_poisson.obj,188394,d487602753cb63d4376ed67a26cc6a42e917db43b03e79f051fb20e2ff4a3fc0
data/benchmark/adaptive_poisson/0055_adaptive_poisson.obj,557989,0cea2b515830c39dc69098cc5c30e475305b409328a5c57ee18a323ab070367e
data/benchmark/adaptive_poisson/0056_adaptive_poisson.obj,1135449,b6592220065aabee43cf7f66887103ff04595abd2e93e29446a9dd6cc5ed817e
data/benchmark/adaptive_poisson/0057_adaptive_poisson.obj,382388,3843d38b661e40f27c9a4954d3f9cca6c0893b3d02f34ed315233737f2b3980a
data/benchmark/adaptive_poisson/0058_adaptive_poisson.obj,513147,f8cce3e6b7c57e3ed25f26220c61352ee951c074d347bc530e7635e30e49216a
data/benchmark/adaptive_poisson/0059_adaptive_poisson.obj,419399,1a8ddc9f43b09a017228727adfba5769d9421fc97793510e7ca4bf41566a9a34
data/benchmark/adaptive_poisson/0060_adaptive_poisson.obj,156164,0665f0dd45e4c19004bce46f63cd1b3ee81ed0de03336c52b8606e9c2bcd0e1f
data/benchmark/adaptive_poisson/0061_adaptive_poisson.obj,426854,84a6ffee529436a17436c665c20c2a93b0f36ee972a0fa24650c755a3f96ce13
data/benchmark/adaptive_poisson/0062_adaptive_poisson.obj,468451,6855bda53d294f428c4e1232f1be07922b84e55b300e7809ef37c37a682c8d3b
data/benchmark/adaptive_poisson/0063_adaptive_poisson.obj,440626,9b696b3e16d3269c3b00c50e4229ff99348e1a3f4c6979ad0734c53ee4ffd94d
data/benchmark/adaptive_poisson/0064_adaptive_poisson.obj,475553,51dd5979e36d15ccbe0f9ae4f6f986831f690096bdb5bbc8e4e71702c40d2900
data/benchmark/adaptive_poisson/0065_adaptive_poisson.obj,337036,9cecb021a92bfea97fcfff100a468542d9459e892b0d54bec614d1a3a1676351
data/benchmark/adaptive_poisson/0066_adaptive_poisson.obj,210444,75a01b23d46d60938cf6986e668a387427c5a17db8d32cabf8221cbee3046266
data/benchmark/adaptive_poisson/0067_adaptive_poisson.obj,426744,7631cafbc4e4e6716b7e333901289ee0297ad8b31151ec3bfa894ed15c646591
data/benchmark/adaptive_poisson/0068_adaptive_poisson.obj,345559,fb6d58c12b52e317de4f63cc80340b24b5ee764fa3fb1e6c69667d8a30c1a99b
data/benchmark/adaptive_poisson/0069_adaptive_poisson.obj,525807,13d586f513a07960cce62d0e79fce481e26d5aba65ad02cb553f80011aec05c2
data/benchmark/adaptive_poisson/0070_adaptive_poisson.obj,507254,2c5c5258d5bd840e7288b07f0a70877c4cfaa366174a9b10db8dffed9e4edade
data/benchmark/adaptive_poisson/0071_adaptive_poisson.obj,490108,fb1d1a7fda39a90bf54fe5d832412269214d720f6d338a9337251b0186ac7f69
data/benchmark/adaptive_poisson/0072_adaptive_poisson.obj,409090,12450130edba4ff55005e9e5e57ca0e2bf5d18cc72b3d7bb4a8a118b5d791a17
data/benchmark/adaptive_poisson/0073_adaptive_poisson.obj,530401,4f26e4b447e481b0ba38124efed64320da49ae9a1bee68685ce87f561735195e
data/benchmark/adaptive_poisson/0074_adaptive_poisson.obj,173554,bc21b7b588e958c03ba6f0af414bcaafbda0f4488cac35a6104c2ea238bd7bb3
data/benchmark/adaptive_poisson/0075_adaptive_poisson.obj,287302,a0136bee3b6377fdc21d04e8b63a63a48d44bec3619c29ca38362ca3a0db8461
data/benchmark/adaptive_poisson/0076_adaptive_poisson.obj,304355,0b285e27575aea70cac1f6ef25662658bb2334cede99ea55d341b1028b957a72
data/benchmark/adaptive_poisson/0077_adaptive_poisson.obj,288050,b69ded54d202a6e45ce34e11f1f023a9f808297575f32adeb3354feaa55c58e3
data/benchmark/adaptive_poisson/0078_adaptive_poisson.obj,293647,3b3511495c0ad86c47a0bb87d384f4c43105884d0b510321fb11442632bfe2b5
data/benchmark/adaptive_poisson/0079_adaptive_poisson.obj,345305,56e9e5c17ecd775bdcc5b5f78ca64292c5f52239be138e607fa8ee6fb66285dc
data/benchmark/adaptive_poisson/0080_adaptive_poisson.obj,309624,8c29f9cd097b8722bd9281d70ce6b1598b485e01844c2ccdf718b4f6ccd83ffe
data/benchmark/adaptive_poisson/0081_adaptive_poisson.obj,651988,7b3ecac436feace70958ec59c9847710638e902eca444b7a7f384cf12165085d
data/benchmark/adaptive_poisson/0082_adaptive_poisson.obj,620800,e894da8ad7c69f6c4bc7449d0b6c9db5a455940dc53571c3e9517e9540e8275c
data/benchmark/adaptive_poisson/0083_adaptive_poisson.obj,488494,3adaeb27b5f865d55e3d473174dfc193ff975d902a07d415cb39f5e64b6902c9
data/benchmark/adaptive_poisson/0084_adaptive_poisson.obj,528764,ba796e55e88fd95f9b5e31dcacfe98fa88a48de16a7a8e5148f3f5d72cda6383
data/benchmark/adaptive_poisson/0085_adaptive_poisson.obj,335155,0804be92a93f7ebe53f621b7cecf8169184eed6a5b7b8382f86026d5784944fe
data/benchmark/adaptive_poisson/0086_adaptive_poisson.obj,621694,5b3cf7b804997f452d0c4bdbaa1766e46e6bffb18a263d4b556fe3c1466d47b0
data/benchmark/adaptive_poisson/0087_adaptive_poisson.obj,546728,1d97b13ebd4be0b37df951956579e49ee5393490f426c95048227563e8c7e09e
data/benchmark/adaptive_poisson/0088_adaptive_poisson.obj,433995,acdffb8e96f4ea9c5ff9ac6ea479bc808cff9812b58b77bafadd141b87c6b313
data/benchmark/adaptive_poisson/0089_adaptive_poisson.obj,191891,71c3b62705e929687abb6b694defac879ce8a2139265a3fc8783f5266501c8da
data/benchmark/adaptive_poisson/0090_adaptive_poisson.obj,358902,062318b1174f111e1cdb5caa3d7b25331be6d0445793f5be2ee3cb5e616075ff
data/benchmark/adaptive_poisson/0091_adaptive_poisson.obj,577664,1cddf035409618720cd938f97d40cc5f97103569b1ce2731df3f283623dc63cc
data/benchmark/adaptive_poisson/0092_adaptive_poisson.obj,698685,bd743d074737095a31c1f54a77d46eb5210b1834c3023af22ed7830a0587e97e
data/benchmark/adaptive_poisson/0093_adaptive_poisson.obj,300600,0b0fc4ac8f4b65e9b3652429b574b6851a1d155d816131e9ee5961a7e622c29c
data/benchmark/adaptive_poisson/0094_adaptive_poisson.obj,636900,fd136e183ab7703bf4e9f82b569318a1be1e8fc2a63a41987187ca49009ff4a8
data/benchmark/adaptive_poisson/0095_adaptive_poisson.obj,221375,c2756ff5f299fd0fd664da1d7692577b2808631a6bb9fc837e2034d703ca9a3b
data/benchmark/adaptive_poisson/0096_adaptive_poisson.obj,395442,458b3ef2b3355b29843c47fa19f1ff89d8b5712f656606da561cd947e49413f0
data/benchmark/adaptive_poisson/0097_adaptive_poisson.obj,294061,fe653512b157fefecac1b8d1886d1b78649e92b8e5f9ae3d741270ff093482ca
data/benchmark/adaptive_poisson/0098_adaptive_poisson.obj,212681,128cdd28bc9048ed76589a37eda913dbeb21a242501c9b36826db832d81ba024
data/benchmark/adaptive_poisson/0099_adaptive_poisson.obj,162984,0438724663c4dea524ef0fcdef24093f412dd4e5ef52901761c6a7b8f37a6465
data/benchmark/adaptive_poisson/0100_adaptive_poisson.obj,193249,9f8df0244ddbfee8d45bd922680996f348a9588792f6008b8e5720a7bb555c93
data/benchmark/adaptive_poisson/0101_adaptive_poisson.obj,300991,1a26838b909e45ff2c0dc2b84d7c8d5e5b261362f74de2eec5a8288243c754a5
data/benchmark/adaptive_poisson/0102_adaptive_poisson.obj,204808,2a1e6c0df85e2dff3a1d603f0742d02193de5985999811c0a20ec7f1b62d7406
data/benchmark/adaptive_poisson/0103_adaptive_poisson.obj,425967,4cd73340c952df9cea32c28c6f22eb90f24f98b35509726dca7d93ef505c38c2
data/benchmark/adaptive_poisson/0104_adaptive_poisson.obj,306919,ca17ea46dea1215d069c8a4e595865419b94460ca84bea6aea07c3a7d7fb68c2
data/benchmark/adaptive_poisson/0105_adaptive_poisson.obj,375923,1f7a138ad53730eafcf5af4da7dd39c417943bcff303d959505ebaf0c5e368cf
data/benchmark/adaptive_poisson/0106_adaptive_poisson.obj,251904,91893f318da8440c3911e444498ec733b2bd04ffe2810cd181a0c0c9920c4499
data/benchmark/adaptive_poisson/0107_adaptive_poisson.obj,238507,64ac0ed252695923e5c06c6224800c0cb2998ecd36abdc3c8c1fe8e2f2384dca
data/benchmark/adaptive_poisson/0108_adaptive_poisson.obj,606117,7d7b55ff1b1733e09e0c17bb1137d6b872bb88914616cdf51a63eb6ed9c91fef
data/benchmark/adaptive_poisson/0109_adaptive_poisson.obj,569629,7f6baefe092cbd34193ba98b5e5d26bef59c61fc3c6f86fba1b31b39889ff862
data/benchmark/adaptive_poisson/0110_adaptive_poisson.obj,677025,ea05cb2a16d94515e78cbb6d354cc8f76b68c50a0d2a0ab1d226b031fe8537d2
data/benchmark/adaptive_poisson/0111_adaptive_poisson.obj,538035,cb62d1762b2fb257576a74468078193cd4f109b7720baf544ff3dafe038f0173
data/benchmark/adaptive_poisson/0112_adaptive_poisson.obj,770935,aa293372e7132c69441843447044be6fcb930bcde6255b20d37e0f8f2dd18c85
data/benchmark/adaptive_poisson/0113_adaptive_poisson.obj,391811,ae8d93aa534b656d81f7adba169fdbeafb1c551802cebf60497eb13bacb21d78
data/benchmark/adaptive_poisson/0114_adaptive_poisson.obj,531647,afe045f99702c6c6364adaf7dedcc8ef9e86c687742a8fdbea54accbafbc27fd
data/benchmark/adaptive_poisson/0115_adaptive_poisson.obj,334126,2ea14936b7348d90467aeda05ea27416638146f2fff4e6d4cf61ad3f3acb73c9
data/benchmark/adaptive_poisson/0116_adaptive_poisson.obj,440895,ab888ad58c63c340a3fa9f23cc6392d2ee30d4f8b606eeea3178b1cb1074ee55
data/benchmark/adaptive_poisson/0117_adaptive_poisson.obj,584243,b40d8f4096751f3509de4aebeb356129b1c5eb3d0b5588f38d6229a10bba29dd
data/benchmark/adaptive_poisson/0118_adaptive_poisson.obj,509274,eee609a9fc0042f107116829bdb10d810d39cf1cd6c7e7a950a98cdf9539cb85
data/benchmark/adaptive_poisson/0119_adaptive_poisson.obj,441397,9777e7a95d504bf1e6fb03a6124f81afef24f17e9678d12854f3bbfe54a9a9a3
data/benchmark/adaptive_poisson/0120_adaptive_poisson.obj,534630,b41f1ab9c87d81da4d90814728c29e8ece453d637a25688daae3281001dba956
data/benchmark/adaptive_poisson/0121_adaptive_poisson.obj,511114,40f998246084732349cdf3c9fdbc61961fb90b16704be1f5db381ea243c146bb
data/benchmark/adaptive_poisson/0122_adaptive_poisson.obj,460370,ec124ace294ef827e60bc5c0fb953c9c0d3f733a7bcfc7f69657f0a0511301e9
data/benchmark/adaptive_poisson/0123_adaptive_poisson.obj,340148,4c03b694bee1a5269fea3c5e51ba67792bc6e463370505d97da74ec6d6a6e0f5
data/benchmark/adaptive_poisson/0124_adaptive_poisson.obj,786574,923c54aa891b8e8daf20ab452947773a8f35671e50ff7fb98f2c620aedd7287c
data/benchmark/adaptive_poisson/0125_adaptive_poisson.obj,1100060,132d42d373f63f7c0461433225cd8d0222179f6bb14e701784d8acba27595e91
data/benchmark/adaptive_poisson/0126_adaptive_poisson.obj,527683,e70a692bc368f61143c97be6d974aed433b989abd72107c350e44dbdbcc5f569
data/benchmark/adaptive_poisson/0127_adaptive_poisson.obj,574515,6ba5e34c4a2b46ce10c21da77f01ca6b825a59857979885d7fbf75a031f54299
data/benchmark/adaptive_poisson/0128_adaptive_poisson.obj,456927,c41d3658ed0307c58f67f678df77a87e0ab8ce401d60ee7406d7d59569ad04ae
data/benchmark/adaptive_poisson/0129_adaptive_poisson.obj,754656,9417d2fa96f0a4969b135c87ca858afc9e5a6a6049233fd636c4f302c049721f
data/benchmark/adaptive_poisson/0130_adaptive_poisson.obj,708696,a2418cd598c9e820776c1297a151424c9729ad76c1d93da768ab49a8e36b337f
data/benchmark/adaptive_poisson/0131_adaptive_poisson.obj,537329,4bc70137e6302ebe14e212aac0a0261f764db6bf6a7e71a2df20d237f481b7de
data/benchmark/adaptive_poisson/0132_adaptive_poisson.obj,406319,26dd7df033a43215e54064b30cd7ee3c21f1d1c7acd3dc47c650b0f051277726
data/benchmark/adaptive_poisson/0133_adaptive_poisson.obj,903282,9c93fe33a481c752664a83f43f030f3680d8cd0bb411b91008eb924692825913
data/benchmark/adaptive_poisson/0134_adaptive_poisson.obj,501105,7db9928a175dfe41921e79920f58fbbd1ed0ed6a66174541a34f773ac4a20cbf
data/benchmark/adaptive_poisson/0135_adaptive_poisson.obj,484861,c0140124d7da9b46d852c63a66abdb758d2222daba54888e97fe7239e92e0e28
data/benchmark/adaptive_poisson/0136_adaptive_poisson.obj,725423,cf8d3f07862ce3df5c0b618a528131d7a0da8575c92bafd85d58c276f6be5e2a
data/benchmark/adaptive_poisson/0137_adaptive_poisson.obj,1117985,ac25a82835e4b6ced4040165614cfe2380ca72bcd82f2eaec5ad22c58ea684a7
data/benchmark/adaptive_poisson/0138_adaptive_poisson.obj,488598,a70a959da17cc54d9b8a8486a66f263ea2bb943a97ea36b64be7c89beae6179b
data/benchmark/adaptive_poisson/0139_adaptive_poisson.obj,849811,7372b6641299495bbfb1b0aea9076e8c0e3371bf00ce5e7776811167c38a245a
data/benchmark/adaptive_poisson/0140_adaptive_poisson.obj,523284,585faa9572b87900581e0308e038b89627f5064fb4bd1ef9074c32bd1f3e7724
data/benchmark/adaptive_poisson/0141_adaptive_poisson.obj,485010,a6433975373cf6875136ad92b113a08854fc8f72c5048e7794d0da34a3382457
data/benchmark/adaptive_poisson/0142_adaptive_poisson.obj,652774,ea52d5ee3eb5527c83a818b6db343c49c7d85db02171200dde6cf9922111d25f
data/benchmark/adaptive_poisson/0143_adaptive_poisson.obj,601427,1d36f1ff2e02496a5b65f28115c9db8f57ef18e3cab83bb40f511d2b1e37779d
data/benchmark/adaptive_poisson/0144_adaptive_poisson.obj,386916,ded4a6e09f11de765c7a1f9ad1fc8524a2d9595fb58c15c2cca43b89dd61f278
data/benchmark/adaptive_poisson/0145_adaptive_poisson.obj,792654,2d45c077665f27804cce795e7cea5fde608fb07ba5ca1d6bd677b8f331918826
data/benchmark/adaptive_poisson/0146_adaptive_poisson.obj,658728,de71020571b9a26a8e9c8be13ca52bf772c129b7f7984d5ca53601375588cb06
data/benchmark/adaptive_poisson/0147_adaptive_poisson.obj,481215,a6dad204b8c70c5632092fd75382da6e2936417c9e6c6236c22b72b35715f335
data/benchmark/adaptive_poisson/0148_adaptive_poisson.obj,456846,948a7bd5212d4bf6d6fbabcc35f1e339e01fbc567f1c085d7608bb60e26f2d3c
data/benchmark/adaptive_poisson/0149_adaptive_poisson.obj,846849,489be8110d8ab13cc5df6d130c1924beb8e0da1ace58dd341ec5f92ea8b7b07b
data/benchmark/adaptive_poisson/0150_adaptive_poisson.obj,556866,df946ffb0a5d8226b313e819c5208bd105b7a89189cff1b771638c5f63b8f432
data/benchmark/adaptive_poisson/0151_adaptive_poisson.obj,445208,d7706c07241ed87883bbe4a69b0b5faaf616a99c224a232cde0181664dfd149e
data/benchmark/adaptive_poisson/0152_adaptive_poisson.obj,783055,557963a0efe433edc6ea5f928272ebec9af1ca33250ba9ea83618d8eafa569c2
data/benchmark/adaptive_poisson/0153_adaptive_poisson.obj,414194,3d7556e044f99912b6d0306548839d1c1aa5d9251fdf4826e22df6a162ffb9e0
data/benchmark/adaptive_poisson/0154_adaptive_poisson.obj,287232,4de139690d0fc4e3b63e92420d67a2ccb653bf6ddb26d2e578931d000ec2203f
data/benchmark/adaptive_poisson/0155_adaptive_poisson.obj,1038106,a174941c21ab12fcfaaadb56eaf0b5aa1189b6032a558c211dcab370f90d4477
data/benchmark/adaptive_poisson/0156_adaptive_poisson.obj,296531,c96d51db7c49bf14db97c73fdad6b61b1880feee4f263f08a79e1008f2ebdb81
data/benchmark/adaptive_poisson/0157_adaptive_poisson.obj,370252,91e1bc8c46c983cccb9a6687daadb58d9da80bff0eca42660fdd35a03243d6f8
data/benchmark/adaptive_poisson/0158_adaptive_poisson.obj,1025987,c0c1b519f9fabc0786443fc810fddc4b8cccb453320ad32697926f344f94e52e
data/benchmark/adaptive_poisson/0159_adaptive_poisson.obj,447012,b8f604c541c51444f5d59e3caf720c6448040e86ca204f4e29db20c771fd4388
data/benchmark/adaptive_poisson/0160_adaptive_poisson.obj,638674,3dcd3572cef788284ba99eeff1dd01df558240909341be764c52d9ad3773d51a
data/benchmark/adaptive_poisson/0161_adaptive_poisson.obj,810407,5f45bfa9180a986c2f734103b7957f107df15e6d67cfb6d3a64e68e32db5553f
data/benchmark/adaptive_poisson/0162_adaptive_poisson.obj,576329,8d3df1cbda2527e726ab74e5d9a811a84ee6439c74faca7c6931175be2ddf220
data/benchmark/adaptive_poisson/0163_adaptive_poisson.obj,313960,14860426c677324524029dbce2bd4f3404c35c01bdd5538cfeee059c863178a9
data/benchmark/adaptive_poisson/0164_adaptive_poisson.obj,406167,5d6030c3cf410d8870d0fbc843f38a6159f99790d228b6a9ffa0131ea1d167d0
data/benchmark/adaptive_poisson/0165_adaptive_poisson.obj,583580,b7b6855bf24d35eb2dd7c97bcdabb63fe7ede05957b6cff1b1a47e3057b26f0e
data/benchmark/adaptive_poisson/0166_adaptive_poisson.obj,670268,5a3488de2f2ffa1cdd8b352ade731dd061376ac5c29ab2a9f8329b686af49839
data/benchmark/adaptive_poisson/0167_adaptive_poisson.obj,534262,18504187b09d6eb680fcb53777f1d090e5e2762be87fa4c77bd1296ce891eb02
data/benchmark/adaptive_poisson/0168_adaptive_poisson.obj,455678,10fcc4fef905164e194ec2328d70dbcd9d9d854731bbf0b3f1053f377648d335
data/benchmark/adaptive_poisson/0169_adaptive_poisson.obj,641154,7b5b38bdc3b3acc6550dfedbefc9a0f6e0078effe5e0131e3769473988ef786d
data/benchmark/adaptive_poisson/0170_adaptive_poisson.obj,544571,3cb9aeaeb0aed263b0abcee8662b32e2d619c89eb1da0c83bd1c86cc0cc2b591
data/benchmark/adaptive_poisson/0171_adaptive_poisson.obj,589288,46151d396414b4fabb35b212f936941189e04e9bcd3e789066555de229711c8d
data/benchmark/adaptive_poisson/0172_adaptive_poisson.obj,565476,e807b0805757cfb96010e17d21a97a269313a188c719d59bd079f988ff7022ec
data/benchmark/adaptive_poisson/0173_adaptive_poisson.obj,392097,347db7783619eb60af632a813e0604fa2b83fddf26d2bbbbee176a90c5881a1c
data/benchmark/adaptive_poisson/0174_adaptive_poisson.obj,576759,635131e7808b1526cd277a6562f4a2144024db6dc18805491f28c06bbbd14606
data/benchmark/adaptive_poisson/0175_adaptive_poisson.obj,555501,4275bf13e355c273da61164e13fa5c8cb740f37907a2cf25334741c1e8d47688
data/benchmark/adaptive_poisson/0176_adaptive_poisson.obj,357551,089429b4a34c65867256ff0fa393c7c25ca49d69f4a7c7704e0c8543b594180f
data/benchmark/adaptive_poisson/0177_adaptive_poisson.obj,397088,8e1ef7375d3ea8c304c932995c25a576e7336e39c9e82bf01c50d61b62b91c3d
data/benchmark/adaptive_poisson/0178_adaptive_poisson.obj,436374,0b208d68332a32caed63b78a0bd7d8d6afae3903c9d6e2857192363c83b65ec6
data/benchmark/adaptive_poisson/0179_adaptive_poisson.obj,813583,0ec8413c2dba622a21b848dee8df41633164bf2dba7b175cf68379e5cdd769e9
data/benchmark/adaptive_poisson/0180_adaptive_poisson.obj,463929,ca7b8c24f9e5ad36faae94e4099e7d35d4466206fea1d3ce8200f82dec9252fb
data/benchmark/adaptive_poisson/0181_adaptive_poisson.obj,1173738,f04aa96e16c8c5006971c1bebb271b13269c54dfacacdc212062c6fd002d210d
data/benchmark/adaptive_poisson/0182_adaptive_poisson.obj,795281,8c77f43c8aa1e2603c7d2d21ec91bc6079355b63ee82495723fd943001f18029
data/benchmark/adaptive_poisson/0183_adaptive_poisson.obj,658257,11dffe63533a9d78a87e27a4394e3d734f7857e6ef63ad1ba681c86ca18da38d
data/benchmark/adaptive_poisson/0184_adaptive_poisson.obj,1403296,669429dd9fcff08f7d83556d014d25a5890d48b32b52b0aef3b91aec41db97ea
data/benchmark/adaptive_poisson/0185_adaptive_poisson.obj,934731,8ee479cba3f89b7e5ec76c6df576ba8bc9d12be2868c2ef42d0fdf63ff535c8d
data/benchmark/adaptive_poisson/0186_adaptive_poisson.obj,861607,e096c41b05a03ffa5de9630607bd8d19772bc1a6ffe9a64e8f9204a947e334d0
data/benchmark/adaptive_poisson/0187_adaptive_poisson.obj,1555352,fe0c879c8b911a02e451e76cabe289400d13a31fb78772ebc06b9579a52da997
data/benchmark/adaptive_poisson/0188_adaptive_poisson.obj,807557,5636541b6be8dc51a8314458b395347c8937ee8c738768aca6520ebe8c4cb01a
data/benchmark/adaptive_poisson/0189_adaptive_poisson.obj,509690,b25541ba851b81ff2c11ab1d0dcd91065f9c899aa9b5bea5046bd0336452b309
data/benchmark/adaptive_poisson/0190_adaptive_poisson.obj,475106,2e14c8c21dfd6cd17b13606a38beafd4c25e5fb35895e76e5fc68c9e2ca509f1
data/benchmark/adaptive_poisson/0191_adaptive_poisson.obj,267949,d55e91183c315a43ceed822cd118b740d2e32b3a82b4faec8543e52e32911e64
data/benchmark/adaptive_poisson/0192_adaptive_poisson.obj,483422,d4d9461c151d59e0d3efc4448d1773c6fff244bb4194dbbfdbf9ee6525c02aee
data/benchmark/adaptive_poisson/0193_adaptive_poisson.obj,507101,b8400ade152f78be36ee40a1705e27be0f2834de321f6df9c738161f9a20c4d3
data/benchmark/adaptive_poisson/0194_adaptive_poisson.obj,749548,587a0c46b09cdc72926fc4c36c790533f23e85ef5ad2f02a46b86fd3a03ed98e
data/benchmark/adaptive_poisson/0195_adaptive_poisson.obj,495770,ebc092cbd8437dcc7aa156b03857874bb9087dfaeb74780bab5dc60c60779794
data/benchmark/adaptive_poisson/0196_adaptive_poisson.obj,601109,c7247ac368090f47411314f133d31bb1fb6be009268dbf10e2d89d7c0fef0bc7
data/benchmark/adaptive_poisson/0197_adaptive_poisson.obj,659031,1d0cd8fb19816e1a3b1b1ae47ea9f69dceaf821cc5c85e6574c1380b113b1f13
data/benchmark/adaptive_poisson/0198_adaptive_poisson.obj,528249,534090c0518d5b392373185ccf9af82eab093315114de1a88616260c9004184a
data/benchmark/adaptive_poisson/0199_adaptive_poisson.obj,508620,7145f6a2faf4dcbde38e1476fabb33957faff2505548b34881a8efa2f79f74bd
data/benchmark/adaptive_poisson/0200_adaptive_poisson.obj,702867,4bdfe2947e7d47eedf4d29f423f76d358a973cb7bfc34fe6f451380feebf3a8c
data/benchmark/adaptive_poisson/0201_adaptive_poisson.obj,412349,f1d00de57e0a6c33ab28d10c7a4123ebb49f6efa7ac52b55e97f0590855f3fdd
data/benchmark/adaptive_poisson/0202_adaptive_poisson.obj,713750,fe76f0d6712548d10ca8a3b1a658dc19cdc062f932dfef2031f0bfa5fbc8aee1
data/benchmark/adaptive_poisson/0203_adaptive_poisson.obj,470560,e41f285ed46ba42035b11c531b12dc27cb409209f10de7997588733a9cbbe98b
data/benchmark/adaptive_poisson/0204_adaptive_poisson.obj,762779,cb8ff52966bdb54602d577ec489c9d008c2d684c5be6c69efa2b78d1de117a75
data/benchmark/adaptive_poisson/0205_adaptive_poisson.obj,580453,e3b29a51bae9b7aa08f40460a04ad04315e48d286f01da2ddbc4f5ca622b3aca
data/benchmark/adaptive_poisson/0206_adaptive_poisson.obj,470141,6e06b074c4e305a63bbba66c6362c49e8aad210b31888c3b20fa05e8610bd850
data/benchmark/adaptive_poisson/0207_adaptive_poisson.obj,329024,9c4bbcd16db2aa9ee1b5f2032bffc2b1e1c864d5e50ef3637af064aef5381226
data/benchmark/adaptive_poisson/0208_adaptive_poisson.obj,242365,da224c4268943364d9026dd0aaf83abbf2ab119986f0dacfd43abd689840585a
data/benchmark/adaptive_poisson/0209_adaptive_poisson.obj,578618,5e60356e8e7360703dfcac2b0962bba96592e75d7f034ad616784204fbe2c82e
data/benchmark/adaptive_poisson/0210_adaptive_poisson.obj,798607,1c78d86e61d36329fc708c3ced35c88e78715fee8371dc43199f45bcd4632c72
data/benchmark/adaptive_poisson/0211_adaptive_poisson.obj,512072,033089a2dcb65d3753d9e951820fbaf72eb4a2984d25967ebfe4ff857187300b
data/benchmark/adaptive_poisson/0212_adaptive_poisson.obj,479556,551073b3fc45701e449a6d7b718152df9baa554015922332c78b1d396ed40dc7
data/benchmark/adaptive_poisson/0213_adaptive_poisson.obj,892091,942b8008f597d25ed7a557f53f3857d674428281ebcf155e2ae3123909f3790a
data/benchmark/adaptive_poisson/0214_adaptive_poisson.obj,514024,392349f1dc7d379cd3876d1521f9336997f8015b3e27b19fc52ec0e06c8ee70c
data/benchmark/adaptive_poisson/0215_adaptive_poisson.obj,583702,bfab959db10b21b5ec7a74b6d05f172844ef5b9856515f07e8e13aa8e6a0aaa3
data/benchmark/adaptive_poisson/0216_adaptive_poisson.obj,639460,6ccef7f9516d52d70bfdf3f179435c41a22595ee0f80ede524d9a2a278c60aaf
data/benchmark/adaptive_poisson/0217_adaptive_poisson.obj,545041,136503c640368718779c4db304bdeb51b43c4b276fd92ddea0d14032dfaea748
data/benchmark/adaptive_poisson/0218_adaptive_poisson.obj,767313,cd32f40ec3a5f49144a7a7fe0dffdc4052c5b30658b9d5645761e2a4af39a928
data/benchmark/adaptive_poisson/0219_adaptive_poisson.obj,693878,228d3c667bb855c2d4f7b7a168bcf95c7e3ff9faae091326e6ba6ca5bb5ba2e0
data/benchmark/adaptive_poisson/0220_adaptive_poisson.obj,864142,c68f3b8bdc4973e29797ea3b98b475d7b887fa3dadd91e01167d5edd3de26e9d
data/benchmark/adaptive_poisson/0221_adaptive_poisson.obj,664687,b7caa23bf05af8fff9bc146c16a8c58cf1ef28636595cdb55a175d7a8194cf42
data/benchmark/adaptive_poisson/0222_adaptive_poisson.obj,635538,e85ff1469b5e7dd358eec125d05e7e794d5ec61f53e53701bbc14dd2e854a92f
data/benchmark/adaptive_poisson/0223_adaptive_poisson.obj,610774,ab40530f5038bbe8776fd9773ac6ce168039a64209fb4c4a206893cb6c89ea20
data/benchmark/adaptive_poisson/0224_adaptive_poisson.obj,319444,a696ea4fbcf303852ce9e73a1e0aca686552e480d60853f37a3f83631257079d
data/benchmark/adaptive_poisson/0225_adaptive_poisson.obj,615030,0a53f031a5895c523c1e39277626e9ea7e5d4abd7fef6f89fe97f6169ae76ed7
data/benchmark/adaptive_poisson/0226_adaptive_poisson.obj,603102,dc3c716f2e0e99c203931d0ba8b9ffc02b840b8076355cdb9e3731ebfb883ac5
data/benchmark/adaptive_poisson/0227_adaptive_poisson.obj,608741,53349d2b9e4ff725b220214cc4d6c72479553d838498cb191fc35ff64d0b48e7
data/benchmark/adaptive_poisson/0228_adaptive_poisson.obj,647486,d5294000c3a2183825715b8a5fd797af0de8b786d7683c62abc99e507f5ba4c7
data/benchmark/adaptive_poisson/0229_adaptive_poisson.obj,556543,955f18c384dada129409b0e568d225055bae96aaed2048b6162784aee85b65ca
data/benchmark/adaptive_poisson/0230_adaptive_poisson.obj,560680,7aaf2a03fb8b2bfe01f8144fa2dd131ff2477755cd24a423e647d69c7efd0d54
data/benchmark/adaptive_poisson/0231_adaptive_poisson.obj,380371,446906aee9980ae0a4e15a6d65c952934bebdce2bfe587486c2014e69f58c4bd
data/benchmark/adaptive_poisson/0232_adaptive_poisson.obj,557414,025b6b8d0074a0b3650bc1c213069e3715ee3caa3665273581eddf2e5a6655e9
data/benchmark/adaptive_poisson/0233_adaptive_poisson.obj,469524,707cec0d3a110b4189671a1fd7c1337c5f26c9a78131fd8e5a835a685bb4e94b
data/benchmark/adaptive_poisson/0234_adaptive_poisson.obj,784470,f8e50bdf708feab04555a83017d677b87d5f7162f2109bb16669242df33173d8
data/benchmark/adaptive_poisson/0235_adaptive_poisson.obj,498281,e22c1f64b99a5e18caa8b8bb39217bca3499c1c9c0d79ef5f426967dcfd28b93
data/benchmark/adaptive_poisson/0236_adaptive_poisson.obj,254252,1fdf6bf9f84979cd848f6a6b281774a141f02df1fb04ee1c11dc65d5baf7d100
data/benchmark/adaptive_poisson/0237_adaptive_poisson.obj,406048,f87d3ddecb176937fa973789b880ed1c20ec7ac3cfe35d8be74272bd5f5e9805
data/benchmark/adaptive_poisson/0238_adaptive_poisson.obj,346720,ce0c6a351180d0567567828c58b4420e842857b2c702e3a6776ca85b02e90a6c
data/benchmark/adaptive_poisson/0239_adaptive_poisson.obj,734912,d2231aeaacf2553381ee984d9d4c9738de405ebc56c0491eaff23434d8aa9d31
data/benchmark/adaptive_poisson/0240_adaptive_poisson.obj,533300,a5d7407e99d561e049dbddea34bcbc092b80ec1954818ba25b6003162a0e7ee9
data/benchmark/ball_pivoting/0001_ball_pivoting.obj,361233,7572606d51ac5454230703d4226d8e8558b203c19d53c0c24b2ff2976d858912
data/benchmark/ball_pivoting/0002_ball_pivoting.obj,313558,9faeec71521c5edddcf3d3bf6432d2e1d25e32bc1ebb658e82ecec3f48098f05
data/benchmark/ball_pivoting/0003_ball_pivoting.obj,209767,7edc8612ef2b9729816d8cc2643c52b0d3f5ccbdc8dba993679c8368b7cf3382
data/benchmark/ball_pivoting/0004_ball_pivoting.obj,71603,3b5b2d5c6b74e3a95b237620cdc8229f0b55c355626a4ceeedef27c7930b9b50
data/benchmark/ball_pivoting/0005_ball_pivoting.obj,67563,ee9b535e469a956bae026e1e51851393085766cd05d75438fa9869192edc13bb
data/benchmark/ball_pivoting/0006_ball_pivoting.obj,169611,88fce8ef5d6dbb0bd990f3623e452a8a8433e322d83c06b775bc1e93c1c2e870
data/benchmark/ball_pivoting/0007_ball_pivoting.obj,62196,5676071acfd65e0e46b83df3c9060a493c38d27314f4f64829944e3c728161e8
data/benchmark/ball_pivoting/0008_ball_pivoting.obj,194702,239aa8939ad2e0f828f17998cb307a02d6e9ee2c213d51c8d9f4bc45a6ebde1d
data/benchmark/ball_pivoting/0009_ball_pivoting.obj,388503,ad016e8c59a3cd8a1f5df899302d76101f81d812613051b1680f24d1777280ca
data/benchmark/ball_pivoting/0010_ball_pivoting.obj,342236,9fd345a3b5bcd40ea497c50dc667f5390b62fe781e22244c63f07108904c3481
data/benchmark/ball_pivoting/0011_ball_pivoting.obj,182430,30f06522d916d20268ae840f4a76d951bf1e08ede6d30468b2e720b85930f00c
data/benchmark/ball_pivoting/0012_ball_pivoting.obj,216376,ca9e2f9bfd05e2fca0948e2288e8ddd398135692f8a99d74f798d8fa77bad5cd
data/benchmark/ball_pivoting/0013_ball_pivoting.obj,312823,213a892bf2158f7daeabaa7ae07f61701974569e6a7204bf5f7dde08909990f8
data/benchmark/ball_pivoting/0014_ball_pivoting.obj,137301,f73b919e267349a051cdc162e34b42d1029d8d44c45592833644009d2cd99b51
data/benchmark/ball_pivoting/0015_ball_pivoting.obj,125369,654b7ad758375e98fa16547be485c3291d90c495d0badedeb23dc4f71cfa7457
data/benchmark/ball_pivoting/0016_ball_pivoting.obj,158389,5bfdcc8c2266623008b78ad3c1858cc02f40d977f9aec40f95ed05e05d1f0010
data/benchmark/ball_pivoting/0017_ball_pivoting.obj,131673,51805ce5478a925a78c1c0f4caca2d69ca6dc462d70246689a6ccb4dba441098
data/benchmark/ball_pivoting/0018_ball_pivoting.obj,214996,a251d27063053d66b577cdd07614cac9acf96b14c7b99e18296820414eae801f
data/benchmark/ball_pivoting/0019_ball_pivoting.obj,178983,8aeb098171bd15d00c989d05a79cad0fdfc26805d76ede4921e3c40020d4da50
data/benchmark/ball_pivoting/0020_ball_pivoting.obj,112985,4e26de69ad7c0936e2ff1e9ee65476c914870e8dca613a6891dcca4677a10f0b
data/benchmark/ball_pivoting/0021_ball_pivoting.obj,86029,283af46d32ffd88f335034534a9ef855873940e66d07846d925d5a85a0895088
data/benchmark/ball_pivoting/0022_ball_pivoting.obj,128319,60971387e38dc6642039f4488dc0b2433b69c3540820190ae3d5f0ac937c1476
data/benchmark/ball_pivoting/0023_ball_pivoting.obj,220195,35860e390f18243c59ef84a808ffb3f2c339655438a880a67d0944c6ef21648d
data/benchmark/ball_pivoting/0024_ball_pivoting.obj,199772,44c8b3d905c8169457f1341a371a9c22615fe8957881178ac91047e5769424a2
data/benchmark/ball_pivoting/0025_ball_pivoting.obj,183132,54c3ddf7f196b4f6e402986731a24fe239bcebd52a9e209e5be9bd4ee195780c
data/benchmark/ball_pivoting/0026_ball_pivoting.obj,160756,649ceeac546101c4f9cfc477b3fbf035e319ce4df15966432f5da7d198b28301
data/benchmark/ball_pivoting/0027_ball_pivoting.obj,150781,3186dadf96f6802039cc2a6259e06cf18f2128512b1ea40b67a2b6509219ad39
data/benchmark/ball_pivoting/0028_ball_pivoting.obj,244362,7b250e9e7a82a35ca630989c26ddf00a0a2831e5dd71e8fbc71885c9a0befdec
data/benchmark/ball_pivoting/0029_ball_pivoting.obj,146514,4bbe97d95155b33eaf5df96c6e5783e5ced8ae404cb5f71de553b4a7b58f43d3
data/benchmark/ball_pivoting/0030_ball_pivoting.obj,137848,d6eef6aff621de72e55f6c8bdac3be5516e12452665da1f0a5b561c576589612
data/benchmark/ball_pivoting/0031_ball_pivoting.obj,129500,66293651a90f48019e0ccddfe9142b3096d7a2f80f51b8b550b2ed9f14e9a2c8
data/benchmark/ball_pivoting/0032_ball_pivoting.obj,175464,3a81a0dd7081b61853c9502b191df9b3397e02a1592d642dd90375fe1f8d4f84
data/benchmark/ball_pivoting/0033_ball_pivoting.obj,160779,b79e5aa2a23f3789a8488b559a1405697c67c1d908f321fc78992b917e864b60
data/benchmark/ball_pivoting/0034_ball_pivoting.obj,101077,c12f1118ef26b2931e77b7f564c0acad7f1afcf9561f8671256764c1c07a8712
data/benchmark/ball_pivoting/0035_ball_pivoting.obj,118641,933d87d9503490f5995aa736227b68f523c3f32bbe1eb5aa163e64b650336cea
data/benchmark/ball_pivoting/0036_ball_pivoting.obj,117867,167930c8dd979626da54357bf8941ee23ff6eb766d6159f7fc03fa346c3462b6
data/benchmark/ball_pivoting/0037_ball_pivoting.obj,124672,85fc952726245aa0db181d367e4d2610bb56b8eb0eebef4161b5fdd7c1077bfb
data/benchmark/ball_pivoting/0038_ball_pivoting.obj,97857,80324a7c8fcaff0556cdc7632a60a29fa265ecc00d90b6474a93f14a809561a2
data/benchmark/ball_pivoting/0039_ball_pivoting.obj,108407,b658a3abfa63c4ba98d4dde6b4e2e17e4390db325657630a2722978e8137a20b
data/benchmark/ball_pivoting/0040_ball_pivoting.obj,135629,62a6fcdd6737d974849ada19c89a78f76e6f4f7f97cbb914c315d799bd50dc73
data/benchmark/ball_pivoting/0041_ball_pivoting.obj,193866,5b12c63fd227e3b105e1ba1c470e9d288c5e6b4f38aca797d1212c81913cf75f
data/benchmark/ball_pivoting/0042_ball_pivoting.obj,127946,21fbb10e382fe5896b49a590a4ca46948e9298fbd281ad69266d44bfc7e48a21
data/benchmark/ball_pivoting/0043_ball_pivoting.obj,277528,3099647293af5914092e96d2608820fe54c6d71a5c15b433429a4c7fb0fc4106
data/benchmark/ball_pivoting/0044_ball_pivoting.obj,128434,ad9ddfaa6d4a3242f2b81a069eced8c438f6f2982532f73114012c14c02b3155
data/benchmark/ball_pivoting/0045_ball_pivoting.obj,134551,9f3afb01085d03a37b61ab0dfeb5ec3243bda3b786479ac43e32d83777e88dac
data/benchmark/ball_pivoting/0046_ball_pivoting.obj,214274,198a9a83414b66008edeff0cc331fd67147fd43098f6adf82f010e002f4bc54b
data/benchmark/ball_pivoting/0047_ball_pivoting.obj,78901,6a1537221bdebdf96739c0e6d637ad89ea58cf2b394d95bb771ec0fa3efbef2b
data/benchmark/ball_pivoting/0048_ball_pivoting.obj,132226,2713a9e4b7c79ac9eea56bfe35bd00b238338b740901e572539857434e825300
data/benchmark/ball_pivoting/0049_ball_pivoting.obj,120110,b7518ef612a285ca3adea5dd0e3fda8b108341552b59676b598a0328b8d70af6
data/benchmark/ball_pivoting/0050_ball_pivoting.obj,378956,da0bcd73d12b11be12c544f8d540c4c5f668277faf15cd488058724a028a8eda
data/benchmark/ball_pivoting/0051_ball_pivoting.obj,55063,3323fba978eb7d73078968f65c69c370d1307793791b159ce0e25aacc7b88887
data/benchmark/ball_pivoting/0052_ball_pivoting.obj,85089,774a1f3d1c25c3e82272f2c1e7b3184b97e1b33d11eb777b8be497c8739c363c
data/benchmark/ball_pivoting/0053_ball_pivoting.obj,123555,fd1069922646a1f89c7af1ba5e06042d4aa16e200bface98c981eab8d342e361
data/benchmark/ball_pivoting/0054_ball_pivoting.obj,50762,497659c8a2dab102acd2f6af95a167baa7d64654a3288ccd04ba7ec9a7e7fdde
data/benchmark/ball_pivoting/0055_ball_pivoting.obj,224116,575fc85d255f91851c15822acb9cf39872e933d9fc3973b5a061112c8788e844
data/benchmark/ball_pivoting/0056_ball_pivoting.obj,314133,39ecde5257d61a787daaae3a84213af8841af1f9a4091a8ac1bfbc504142924f
data/benchmark/ball_pivoting/0057_ball_pivoting.obj,116405,0854bcf382cdde07b9fcfad11b218de6dad13715a78c8b378f6fb5bd8061f902
data/benchmark/ball_pivoting/0058_ball_pivoting.obj,130047,e098b12a867111c6595ffc9b4f00ef6764f423f0216180d17003fb0319c60d30
data/benchmark/ball_pivoting/0059_ball_pivoting.obj,87887,25be3f33280eb5f4fda92a605f27770688b3201c54254394462bf9ff8d4792b7
data/benchmark/ball_pivoting/0060_ball_pivoting.obj,57606,557aab8a1e6fb97087ff0cd08cd3777e3a6004bc11f78bdd4df3dd2cced8b5af
data/benchmark/ball_pivoting/0061_ball_pivoting.obj,90222,3efae69ae0e065bb66e508d279c35b6a3b981677c1fd8426890baa4cb727d4bf
data/benchmark/ball_pivoting/0062_ball_pivoting.obj,96545,f535beee789a734d8b3b0769fa17828095755ac9fe3dc40c0d02cdb6b6da8432
data/benchmark/ball_pivoting/0063_ball_pivoting.obj,132596,4b681e0cf599e744fbbd10336f8ab44a6cca591d45d70d075a8ec61e84fc7313
data/benchmark/ball_pivoting/0064_ball_pivoting.obj,117933,371a72edad7b678c9a9b352558eae5f8bc3cb8598d1b0ddc075e290e582d4d1e
data/benchmark/ball_pivoting/0065_ball_pivoting.obj,76784,9974d96eca3ec83a32eb915d5b28a1547cab715ab33f105c3b036e322204db56
data/benchmark/ball_pivoting/0066_ball_pivoting.obj,48650,4efbffbc28f72635d0f87f3f6c76de47a2874c461d9c4e231e084f4567fbb6e6
data/benchmark/ball_pivoting/0067_ball_pivoting.obj,91821,ccdbb10a41f44cdf5ec1f0ec442f55aabf26de9d4952a9c3f95c76978b8e6f85
data/benchmark/ball_pivoting/0068_ball_pivoting.obj,190038,aec213cecb2aa903cd2dab61a423555c4ed3d25bf617e11e4c8bc55737ed3995
data/benchmark/ball_pivoting/0069_ball_pivoting.obj,249929,bd3d4eda4b660e7d8f543b906b795c4e718f09c23b6165f2a07c12eb2c6bc903
data/benchmark/ball_pivoting/0070_ball_pivoting.obj,110675,e0a6b56995a832a1d97b571fd217d79ac21cba9fef119e5516fd2b702d8fed04
data/benchmark/ball_pivoting/0071_ball_pivoting.obj,120657,bf74e22887e446e8ea4e2df47be605c09f40e6fc1465e9bad3fadef464700b61
data/benchmark/ball_pivoting/0072_ball_pivoting.obj,93530,cc7fa6d8ced2c0ac60a98aad19bff036954a03f2d3b760ad52402538ae5f7dc8
data/benchmark/ball_pivoting/0073_ball_pivoting.obj,133356,b8c0af19edf91f5330877685b7bc05fda918412dbf11351c048a648b4d7fc640
data/benchmark/ball_pivoting/0074_ball_pivoting.obj,73939,f751afa4c3e0ecaafbe42a316c76d5132b36f0801142b84fb8a6cc9acdacb4df
data/benchmark/ball_pivoting/0075_ball_pivoting.obj,69100,64cea1f307c7273a81ec0219fcfcc56d0e1af8a2b1394fcfc07a2698ae19d5a3
data/benchmark/ball_pivoting/0076_ball_pivoting.obj,93414,868516f9113c906642483ac6fd6c77247d5cff008053e708ad57f6c65374a9bd
data/benchmark/ball_pivoting/0077_ball_pivoting.obj,84733,f5245d5c87c719f1c07e6150c85400d7bf7a6dd4fc051477a7c25cbdaf4ae25c
data/benchmark/ball_pivoting/0078_ball_pivoting.obj,89251,cb96a1a6c834b7facaaf6b44be65b19a0c32e5b01b38ee27dd412ddac6878712
data/benchmark/ball_pivoting/0079_ball_pivoting.obj,99125,a9915ff1e88648a3a71193cd7639f6da419a46e466d56a1b28c5a1e850c0624c
data/benchmark/ball_pivoting/0080_ball_pivoting.obj,112463,6ba6effb4a6a0e428f3a1355e60352c17d336def1f3caa21bc8a92ee49651416
data/benchmark/ball_pivoting/0081_ball_pivoting.obj,202580,b692f4062e9135b0205c6b5a36d366773d0635d68ce2c3f8fd926a84ec12c627
data/benchmark/ball_pivoting/0082_ball_pivoting.obj,190261,7d2063eb1efd324191559f7f774ac650c9e4b723f7848b857390cfaaaa5a71d3
data/benchmark/ball_pivoting/0083_ball_pivoting.obj,278219,4e6cfe9486fe41a031e53c0d7093b0dcf53894c9eaada153f0d10286dd47fcfa
data/benchmark/ball_pivoting/0084_ball_pivoting.obj,130547,74e787d31c95e1b4ea2d5088abc9a2bf5dfe3154b928077e9fe5704039b35431
data/benchmark/ball_pivoting/0085_ball_pivoting.obj,110919,514194b55aaef3ea4eaea3ff3a6b17cb32a71778c4a29d8de925e53f0ae69988
data/benchmark/ball_pivoting/0086_ball_pivoting.obj,200919,377974169b7c7af09d4cb6271d546b9cd8d92f4542544bbdb3c49b54d2850695
data/benchmark/ball_pivoting/0087_ball_pivoting.obj,115145,4e39d9770a10c03820d7f65b01955251c252bb16c844d30bc16b7320b156a43d
data/benchmark/ball_pivoting/0088_ball_pivoting.obj,101159,360800720109637119fe3b80d12de6ff9ac17c741cc0ed5d6f80c2862fe1b2e1
data/benchmark/ball_pivoting/0089_ball_pivoting.obj,87370,35f37c7420ac1dc4570da21224629f2ac89311d0b7e2e2c48602ecc03d5fbe84
data/benchmark/ball_pivoting/0090_ball_pivoting.obj,180496,d9f2eeba7b1c1df4489aabcd03ba324d9d95a828dff6a267d4a3970607134cd8
data/benchmark/ball_pivoting/0091_ball_pivoting.obj,118209,e6707d1dd1cd434f288ee680fedb6a27d851da423b86da34ee9f16b86cc92fe2
data/benchmark/ball_pivoting/0092_ball_pivoting.obj,199980,2934bc9ba23cfd7302aae3fd34cf558c40adcf82825c2eaeafc0ca12d4ad17df
data/benchmark/ball_pivoting/0093_ball_pivoting.obj,146181,23489a215c35ce3b6999b0c78a601d53d5c41c93da8fa0f009088f084c981749
data/benchmark/ball_pivoting/0094_ball_pivoting.obj,134960,bc0e5087738ae7de3528a0b7f5630a3d4c17054bb34740d004d1eb00dbc6ca30
data/benchmark/ball_pivoting/0095_ball_pivoting.obj,49117,8f45d0281ae4a847db373c08115dd9ef24f41b6bcb55bf5ebd3dc51e99531d3b
data/benchmark/ball_pivoting/0096_ball_pivoting.obj,92695,4c71a0fb118f288031668c6647de147374fcee3e6bba0bb88ce1881d52ed4658
data/benchmark/ball_pivoting/0097_ball_pivoting.obj,79697,ee3ddab45394dddfe4bb55ec6876d916a768dfcb853bc79972c0e9c199c9a659
data/benchmark/ball_pivoting/0098_ball_pivoting.obj,46723,f621f7fe5e9c0bde944869b6ea1d5129702d83a5be2b190c9f86b5a3eac20b43
data/benchmark/ball_pivoting/0099_ball_pivoting.obj,43164,85417809b2a337ab656f1ba8569aba26fb0df6172da1ad28bf8b6d662e45530c
data/benchmark/ball_pivoting/0100_ball_pivoting.obj,29029,27f67f106ef2b15f7fa865c47cb31696c2aa4b670f42b08e7c74a1c527f8cc93
data/benchmark/ball_pivoting/0101_ball_pivoting.obj,26650,26f264231589ed0b8f1cf68eaaf4e624e4c4900b4cb087c150fe700e6b8155e3
data/benchmark/ball_pivoting/0102_ball_pivoting.obj,48771,761c6ca0d6ef274275800ec259c6f4d7353ca9a8910424b6659a90fffa99397d
data/benchmark/ball_pivoting/0103_ball_pivoting.obj,92548,667af22275df09e3a0e5c606be2e02313ba9c1db75ad0c55e3e39518de1b2730
data/benchmark/ball_pivoting/0104_ball_pivoting.obj,128003,7f700889590cadfc359ac1a76d33736d6473b18706fd4584055dd37553c2b467
data/benchmark/ball_pivoting/0105_ball_pivoting.obj,73488,cdcb71e597e21865ec74d27d42389cec7e949351563261e82dec10749b7967c2
data/benchmark/ball_pivoting/0106_ball_pivoting.obj,77150,9246e750dd32cba25d8c347f8379c9f2c42747647a5acae09643ac0e675d7c79
data/benchmark/ball_pivoting/0107_ball_pivoting.obj,64061,6584223e277ad3e6ead34172afd61cee71e41411933fba03752f7425a4a5a669
data/benchmark/ball_pivoting/0108_ball_pivoting.obj,192691,201df52b92217ed136394d4743244518f1ecc671ee7ff675c6f0830f85d7fa5f
data/benchmark/ball_pivoting/0109_ball_pivoting.obj,177970,642d29bfd0eec2f51cf044e5fe356e1801eced2c1025b487004487fe8a35fb53
data/benchmark/ball_pivoting/0110_ball_pivoting.obj,215001,2df2a26900c130ff38930e466b4cb2e71efe7a58e1e9c2549d944c2ab66df6d9
data/benchmark/ball_pivoting/0111_ball_pivoting.obj,107885,2102a4a0fa06f88a019ce4c4fc3785a74cfefc8d99a39a257f16d28efe5bdbb5
data/benchmark/ball_pivoting/0112_ball_pivoting.obj,271041,3739f8a33eeb0d8aab1dd2d215657cc21285a49b12de78ebf909662e4546507c
data/benchmark/ball_pivoting/0113_ball_pivoting.obj,103120,a15b7d6b1f0a2c719b3b85686a79eac3193eeb80eeee0886eeddceefb3925801
data/benchmark/ball_pivoting/0114_ball_pivoting.obj,171241,b608cf45fb930462957febade125360176ad5fe75b62e197ecbca5a67ce04580
data/benchmark/ball_pivoting/0115_ball_pivoting.obj,74057,19936476a065a32cbc2e5bc48407768fe3fd1571d80915e0400c02fe80919fe2
data/benchmark/ball_pivoting/0116_ball_pivoting.obj,114015,493827458d302676f61c07cd04abc82d54c90144d72bd0b7a00f03767cfbeb34
data/benchmark/ball_pivoting/0117_ball_pivoting.obj,207248,22fc7c436f1de0b8b94992399083ae93a30ff41408b940b9f405b0cf85f29cfb
data/benchmark/ball_pivoting/0118_ball_pivoting.obj,156692,07d4f524f3b3190087583c4008ae9161f287788528040032b833e31e9d9662d5
data/benchmark/ball_pivoting/0119_ball_pivoting.obj,136027,4ba52b49250a0c70cf193a1d4ccd5b12f08146a27c8e6f449661c07b1118dda7
data/benchmark/ball_pivoting/0120_ball_pivoting.obj,173413,15d5465ce348a2241e14509a8b6922e6d975f37e56a706d2b2b4e17901cd5e32
data/benchmark/ball_pivoting/0121_ball_pivoting.obj,188448,623030b1e383dbc570e50e0b8c6cb865957102bf9480b03c97aa49a52051e81f
data/benchmark/ball_pivoting/0122_ball_pivoting.obj,243409,cfa3005f2ec04f13dc6ac10568c6271cd0270cbc37f4178be7914bf67b610834
data/benchmark/ball_pivoting/0123_ball_pivoting.obj,76931,b6f4a5fcb8c8bfc78519538ea5b225dd9975d8f2aa1c4d409d85d7aede003b8f
data/benchmark/ball_pivoting/0124_ball_pivoting.obj,289148,3861a31f117a4317804b0aae24d4b63c7d31eb277871f97a6863369ca33f2cc0
data/benchmark/ball_pivoting/0125_ball_pivoting.obj,414942,2866354e610e5c18a25f45d2a53539232d2dd5cb0de2fa35194a4c9f69e98cab
data/benchmark/ball_pivoting/0126_ball_pivoting.obj,181502,5c589f3c9485d72183da3a2af0ce880fa2f01a8d5d84aa025ed415ae0cc533f2
data/benchmark/ball_pivoting/0127_ball_pivoting.obj,201087,c7769c3e9f0af2d28973261e903c39862930a22263fcbc1e8e33fd2432e35999
data/benchmark/ball_pivoting/0128_ball_pivoting.obj,165563,7666bd6034252f1ce8d154527bfee0716c05895bf1e5b8cf248f84ec50d96e5f
data/benchmark/ball_pivoting/0129_ball_pivoting.obj,278094,31cfaadc495068d7ab507358f7e6c46e41d65702fd9812ba6123b91adfad0b0d
data/benchmark/ball_pivoting/0130_ball_pivoting.obj,260780,a5bfb731d3fb9289081023210f930c5728df1ba8a1efecb81246ffca9db2274f
data/benchmark/ball_pivoting/0131_ball_pivoting.obj,189601,68b19f26d2343290494c014a8149cd9d1b4efb0a662b70b3ac54a26f64ca8c0b
data/benchmark/ball_pivoting/0132_ball_pivoting.obj,91190,a4ae310991cb90fee6212c2c9724e4c895ad455e52292f4c7739b5df773923a7
data/benchmark/ball_pivoting/0133_ball_pivoting.obj,236822,2a2bd4ed5bffe40a81850af29c177cf4c76a405a408e0488dc18e57c04a3400e
data/benchmark/ball_pivoting/0134_ball_pivoting.obj,231841,6a9e438288a6c0c997b22f691f0b342d40e092e35a2bfcf9a46765d7d834f0bc
data/benchmark/ball_pivoting/0135_ball_pivoting.obj,226600,bbafcde0edb2c881abcd9fb7a1d319e6e3492355e05ffb28406045f5b88b9972
data/benchmark/ball_pivoting/0136_ball_pivoting.obj,306144,4232995209c4915d58ce250f2fa7fd81c2c54f9e305bf6eb310f3bce0564b2c3
data/benchmark/ball_pivoting/0137_ball_pivoting.obj,307785,b1713fba10ff191d7b9ff684a2e96874fb11196eb0d3fb10c4fa40ecb9ce1891
data/benchmark/ball_pivoting/0138_ball_pivoting.obj,202473,2550a740733cae2ef463510be6607ecb46cca09dcb3655830b38a52c3d1f79e1
data/benchmark/ball_pivoting/0139_ball_pivoting.obj,268814,cb394443a1c66bf37d068a131bda1a3584a1c1bc470544c3c0f2d12bb22a5eab
data/benchmark/ball_pivoting/0140_ball_pivoting.obj,366713,2a53565017f139a88f706dddf14c6013ce24bce4dea0328fd0f2f2bf0a503d98
data/benchmark/ball_pivoting/0141_ball_pivoting.obj,330469,ec7e4650708842ba7b05c84302786d3c4a5f57efff9e80c28c7d19e8499a4d26
data/benchmark/ball_pivoting/0142_ball_pivoting.obj,284442,a01582330ac6c2cc45cddcda1581c018032c9230988d63a2ec86c22a5d28b5a8
data/benchmark/ball_pivoting/0143_ball_pivoting.obj,159103,10209e76b737ef58e3cd4f7cc8e37200243a794f08f0100a8de9732f8ac771c9
data/benchmark/ball_pivoting/0144_ball_pivoting.obj,201075,af4e1707738221c3a458106f7d83271115fc616ec46f5c7f42963a5fff505422
data/benchmark/ball_pivoting/0145_ball_pivoting.obj,225867,6bdf6c51aea327ba108770f24d63b9c6d54b1391fc3d59c1b2a4e917dedf4c05
data/benchmark/ball_pivoting/0146_ball_pivoting.obj,228120,c099dc28b99756d093c9553e43a10a6d0f068a9cfe9802d0527eeacc2a2b192b
data/benchmark/ball_pivoting/0147_ball_pivoting.obj,155467,e44173bae234cdcf8bc403ff181b2038874e5bbf473d1b8d9230aae611cc0545
data/benchmark/ball_pivoting/0148_ball_pivoting.obj,181431,4893be9c870d27f3f5d8b98e80cd6afc156e3a16ee11c8416142ab7a67e6265d
data/benchmark/ball_pivoting/0149_ball_pivoting.obj,208029,ee521a4e5089a0e4c7916739fe3d763d0792492665d7b10b91909043d4e1b46b
data/benchmark/ball_pivoting/0150_ball_pivoting.obj,196328,c4075368a7e86ece2f0f8c28301b8c95122973140167622744838e9a26574145
data/benchmark/ball_pivoting/0151_ball_pivoting.obj,228255,4cd7a8fedb1325fbd88bbb8d7775ccf9816996a8a9e05f34699f42742bf35927
data/benchmark/ball_pivoting/0152_ball_pivoting.obj,259311,4d0ddc338f53044680d7c6dc1e915ce5b75d9f59448dd47da3602013a2508ee2
data/benchmark/ball_pivoting/0153_ball_pivoting.obj,222852,c61a4bacbe0ef61942893b430c739de30208e095e8a38646a57402b26e2209ba
data/benchmark/ball_pivoting/0154_ball_pivoting.obj,61897,8f9901a6d6bec09cfb5b80ddaacc4303dbaa3eee7d3beabfbeee6c4675b459b4
data/benchmark/ball_pivoting/0155_ball_pivoting.obj,255811,3e599ecf06a83bdbbefbf8ce34f8af8e5cd3a625b402c95394c4e45142f69a10
data/benchmark/ball_pivoting/0156_ball_pivoting.obj,59148,6385a29d89cae9eec2af9d83994150efa0abd19be72b6b29e3a1fd377372efd0
data/benchmark/ball_pivoting/0157_ball_pivoting.obj,69232,42d611dd7a8ca9cf87dcb9171ad554bdff7aeac9b6dc585ef62ea9ed80c3e00d
data/benchmark/ball_pivoting/0158_ball_pivoting.obj,277162,bc479571727484e22ab5dff82956ff4b0aecc5efe30df03bbd9720b07c35c9b9
data/benchmark/ball_pivoting/0159_ball_pivoting.obj,220868,652139c617b862119ab9b7c8d6ad984b9f95b8bbe76418628f2cf901c893fccc
data/benchmark/ball_pivoting/0160_ball_pivoting.obj,225896,3712e547e025ffcf303db4ef7f2aff936a1e6ae4a93d1a7f287666195085ec69
data/benchmark/ball_pivoting/0161_ball_pivoting.obj,227810,997b02c2b7e1fe0e23175d903ebcedaec4ab41d325b0a2c3b55d4c01f274ab37
data/benchmark/ball_pivoting/0162_ball_pivoting.obj,156925,342e99f532656c099c662eca1d9ff3e118d3e719c7deaba0fee83a85625d41d5
data/benchmark/ball_pivoting/0163_ball_pivoting.obj,86286,87a82d2a8ed2ae2ee5ebffb57e2798c14eb994185e2f43d7647c858e9467134e
data/benchmark/ball_pivoting/0164_ball_pivoting.obj,80231,d06304b1c3d9159c1d6e92f3a973e83744a9fb2bebda0f9e92f9cd15ebb1b2b3
data/benchmark/ball_pivoting/0165_ball_pivoting.obj,152274,e24e261d4ed16dd1a38d3cc1396fb1118fbaa7bc0932eb6df06610643a0431fc
data/benchmark/ball_pivoting/0166_ball_pivoting.obj,201228,bff1cca7e24ff3d48803d964d0dfeed71f260f683b43c873dc9c23141963d1ab
data/benchmark/ball_pivoting/0167_ball_pivoting.obj,120607,389e52b1b0a70373de30140fa74150935d626cf1c9b28680c35d617be5f3f97c
data/benchmark/ball_pivoting/0168_ball_pivoting.obj,227089,17f4ecf9629c4aed7308632149bdd85dd684b12f98b8c98480eb99d13576ddff
data/benchmark/ball_pivoting/0169_ball_pivoting.obj,174890,418afe674121e12a4eff6ad7c53dc8135a329b3a650fd800d4f37df256bcfd0d
data/benchmark/ball_pivoting/0170_ball_pivoting.obj,224387,40a0b046dff97b8442d8c48e10c570f96535aa61fba78c78f7d4ad4196ed8803
data/benchmark/ball_pivoting/0171_ball_pivoting.obj,172514,3db2c47af8e0e07d281bc829b525b23fa126261d259fb9037bb65562facd1138
data/benchmark/ball_pivoting/0172_ball_pivoting.obj,183005,8a6ada1dd496b2556fc49c2ebf10e78d980830fc38541f64d15c6e4b72750441
data/benchmark/ball_pivoting/0173_ball_pivoting.obj,96580,a5760097897e3c90621f3f316b6574535107ea61a910e2f10820f7434d2565e2
data/benchmark/ball_pivoting/0174_ball_pivoting.obj,153884,84f127e47920f175226dd52f390bf8d839a8c66194fbc456bc0ad2d2812a4927
data/benchmark/ball_pivoting/0175_ball_pivoting.obj,133926,103fcafbdf9103cd92acd291be1f5d0984544ff1cf57ea5571816e432caa8a2a
data/benchmark/ball_pivoting/0176_ball_pivoting.obj,186458,53b59496bf087d2ca72f6a965411fe5519d223df5799d2c490587cb45711019b
data/benchmark/ball_pivoting/0177_ball_pivoting.obj,182808,4f2d8bc448673412e313b93b76c95d5e23fbc5da42a34a5dadc1131bd5e39859
data/benchmark/ball_pivoting/0178_ball_pivoting.obj,155199,9ed07859d9f049adf55556ad813bbdd1966fdb6967c9eaea8a7c7498eb920b41
data/benchmark/ball_pivoting/0179_ball_pivoting.obj,217284,68730ac1740f18fddf73a044c6c328a162af7f80a4d15099f6b6ac33bb289c50
data/benchmark/ball_pivoting/0180_ball_pivoting.obj,197139,20f3134784bdf8eb8a1a7c5ad0bbd674b068e7963692c9d1d509009fcb028f20
data/benchmark/ball_pivoting/0181_ball_pivoting.obj,444803,7977947432165c29946d72fc7c4ff72afca5a4d9b885d3f33c6454b260c88de7
data/benchmark/ball_pivoting/0182_ball_pivoting.obj,381736,50be05641bf3eb3f0ba73cf6cac0b8a741d425d838b885f8389eda4adf7ad43a
data/benchmark/ball_pivoting/0183_ball_pivoting.obj,302310,2dd027dd09008b581a75ae921a4efb19dab76ead091cfacf3227f31b731960e5
data/benchmark/ball_pivoting/0184_ball_pivoting.obj,614213,17b9f781c780cc40acbfb09ff735c2cce3bd5f985e7e3dc802fba19fc2f8428e
data/benchmark/ball_pivoting/0185_ball_pivoting.obj,477930,87f53f4907270bb32c0032d0668998bb6d97f1a9e80cd56d9f7d2dfd4a0a3041
data/benchmark/ball_pivoting/0186_ball_pivoting.obj,451753,3b303b641560325d94ca27efe21039f16fa42a875c82edb82b9bad8f83f30a53
data/benchmark/ball_pivoting/0187_ball_pivoting.obj,674609,c5aad3a03b22416d9b2c99ffc4092ed4e685d37c8bd7b2b458c195b4f84a0120
data/benchmark/ball_pivoting/0188_ball_pivoting.obj,397806,e310d8c41b8f49e617b5e7d8ed161afd222d2f952cec27eadcb553d84d9e6180
data/benchmark/ball_pivoting/0189_ball_pivoting.obj,133013,fe6386b66b0cb14c6503eb23927f15a47358cddf4a2200966d07d9f8894cb7cf
data/benchmark/ball_pivoting/0190_ball_pivoting.obj,257032,baba3ee53de175dfba9b4de792b0c22a7b59ec245a4bb97eecbbecc6186ec49b
data/benchmark/ball_pivoting/0191_ball_pivoting.obj,116653,1f93bb9df5d9476b3810ffbe0e2c65db3743697c89920b41875a557f4b503ce1
data/benchmark/ball_pivoting/0192_ball_pivoting.obj,221800,3ee5154cb19ebb6e48c6bc67f056acd8e478e8a552d719ddc1b8efe2b6723991
data/benchmark/ball_pivoting/0193_ball_pivoting.obj,249156,4518b364a69ec27f1b1a5266c688a4e42af878cd97a19dd792b31f46b7876309
data/benchmark/ball_pivoting/0194_ball_pivoting.obj,216323,275d0d79621831242a68fbec41a41e9bcbe639e9ad7b7a0b6bfe8025164dd3a9
data/benchmark/ball_pivoting/0195_ball_pivoting.obj,207268,1018bed11eaee434106f4e86d0baff07daa252b116d1133ea88a51c1ce8996fd
data/benchmark/ball_pivoting/0196_ball_pivoting.obj,466931,5be3ca7d763406203f799c55d596ccf8aeaf5f693cfb7f5e5053b2cda83e4c59
data/benchmark/ball_pivoting/0197_ball_pivoting.obj,280503,eba4e546eddfdae7ce061b0f654a3541f0d2abca03edc1b2800037e3db3f8e3b
data/benchmark/ball_pivoting/0198_ball_pivoting.obj,346081,f9b3d8e267ed19cf55dbe94b68ab7f504c82e36e9891472b3289bd89085a66f5
data/benchmark/ball_pivoting/0199_ball_pivoting.obj,249106,c9a83536a3f5d4fc478a7f296df6b3ba2e708d0b9d6765133fe6d7cb78c09d61
data/benchmark/ball_pivoting/0200_ball_pivoting.obj,315662,c1e31eb4970d977281ec323209a9b2a44e60657c0e8765f63c695de6efcbaca4
data/benchmark/ball_pivoting/0201_ball_pivoting.obj,179696,ca3873f0b9913291ca27ace4741291c68bcd0b9ab68f2550a4d89f69d8a7845f
data/benchmark/ball_pivoting/0202_ball_pivoting.obj,322706,5c679d1b1ede560b6ec0ecb313e513e770920efab91ba76a3780cfd043c0cd9f
data/benchmark/ball_pivoting/0203_ball_pivoting.obj,144322,dc09c0dbb5e39be287ff9d4a5fc9f620457b570a09118ed66278e10574754518
data/benchmark/ball_pivoting/0204_ball_pivoting.obj,230482,0d52c8c15a0e9223c1341f33b67bdc246297d395e6c8570081b9fc72ddd575f6
data/benchmark/ball_pivoting/0205_ball_pivoting.obj,254917,e2f61e949f3ffc22df4ae255623df132b3ee1ef7a71acf9868b8ea5804bb1743
data/benchmark/ball_pivoting/0206_ball_pivoting.obj,181091,02e8aaa5ded9fa64a015053a570c6fe4e0378df97550840d4acff826a22e6a48
data/benchmark/ball_pivoting/0207_ball_pivoting.obj,172198,1735ae6d7667805e43b84fb684debb5ec28f4b0510c755377d68cf6665ef844a
data/benchmark/ball_pivoting/0208_ball_pivoting.obj,114316,70121c110663ec819f66f79caece0cdd88187ba78653cced9f37845f24d257ee
data/benchmark/ball_pivoting/0209_ball_pivoting.obj,218249,c49a3cfcc2342e4e73570c3c04bb1a5b51c03895bb35fae979a31a6de1b8bc16
data/benchmark/ball_pivoting/0210_ball_pivoting.obj,431464,4354f9ac596cf97a2ed09c80cec3488a320f2c02a83f6512de80e92e7b2ce078
data/benchmark/ball_pivoting/0211_ball_pivoting.obj,263794,847c742d2fbce3b3af499fb09f762cea5be8ad4fd8aa6a48a8a5dad6b586d5f1
data/benchmark/ball_pivoting/0212_ball_pivoting.obj,268172,c070be1114687cbcd46df113ac466f36a9a77c833bb43848a68f7060ff2ec37c
data/benchmark/ball_pivoting/0213_ball_pivoting.obj,311111,c664c02a875838b2152ff46d6b61a8ba22facb1898625684bc31a64a987b6992
data/benchmark/ball_pivoting/0214_ball_pivoting.obj,241055,9f019ef0674583cb54f28f5e9aacd3b184c00655df90d8b332c81c4549351268
data/benchmark/ball_pivoting/0215_ball_pivoting.obj,227054,fee7cb409bebde020dfde2060cb3d1ad6cdaca99394db563da45e6e516229f9a
data/benchmark/ball_pivoting/0216_ball_pivoting.obj,323526,8f2d75423c87c76d40444f203cb71431f2d971170fa826f5bdfed9c58547f793
data/benchmark/ball_pivoting/0217_ball_pivoting.obj,243074,659f3bca02a0e2d127e09e38e624f8cac4aa198228e58945b53db134e2aa676e
data/benchmark/ball_pivoting/0218_ball_pivoting.obj,355143,7770c030b97dfab2622a42730247418e0571e026cb4b1366196339a3a72e3ec8
data/benchmark/ball_pivoting/0219_ball_pivoting.obj,375138,e5ae3304050aa68f3358d6e2a7d9d6728c96dbc08fbd0775c995b7f63cb653ac
data/benchmark/ball_pivoting/0220_ball_pivoting.obj,739318,6e28cf0966ce217d925024609f4bad1b322c9175d26504f0c48c58ce3b5ada09
data/benchmark/ball_pivoting/0221_ball_pivoting.obj,253740,41859929c1503ea804e765a13ec49d0a4e47d55fb273eb379d8c06cc02e75b37
data/benchmark/ball_pivoting/0222_ball_pivoting.obj,334660,2e84a579566a3cb8d68cbc33548cd303350d6668b23d6b9d15b2efa955920a61
data/benchmark/ball_pivoting/0223_ball_pivoting.obj,159940,cf08fb1de0e48ed6b1a2c4afca928f438938dca4c2b94ea14f561c40cd37e59d
data/benchmark/ball_pivoting/0224_ball_pivoting.obj,124582,ba3c50f389c0f833c4242c3adecd3a62e12d34ca5beaa44f44d3a77d00a6aa66
data/benchmark/ball_pivoting/0225_ball_pivoting.obj,320846,e6062154d3ab539f94d08fd2f13998fe0f61f26fc9723953ef0796987a4c593b
data/benchmark/ball_pivoting/0226_ball_pivoting.obj,349594,f6c544513f72299822c075eb340dd8f1c5ae3f24f14bb3c58c0fe021f0eff0db
data/benchmark/ball_pivoting/0227_ball_pivoting.obj,330236,2bf304ae5b32ce5ee3e90307747534aff491bdb15ff1c99f737082a87c083e3d
data/benchmark/ball_pivoting/0228_ball_pivoting.obj,258864,8890bd4e34fbcec84d2dcfc279828eae5e48102451174ace1b2079918c5f2143
data/benchmark/ball_pivoting/0229_ball_pivoting.obj,302276,04c68ee75ea615411d568f41f098faf6c98b3c72a5e3916ba2485e532723eeaa
data/benchmark/ball_pivoting/0230_ball_pivoting.obj,272696,1ef3e0c17b0eafcb44523fc2a847821ad22a5f6ce7b9a56616ef2575d1eb0f40
data/benchmark/ball_pivoting/0231_ball_pivoting.obj,124117,292855ce742ba73c3221013b1e3e42d3302f5860f9bc89318ac7647ce657ac0b
data/benchmark/ball_pivoting/0232_ball_pivoting.obj,196658,aa3d2b92ed78b96df4e6ea8f47b219966bfaa244ef08df701889ebb9c789cb51
data/benchmark/ball_pivoting/0233_ball_pivoting.obj,245783,1b8cc6c2e95015d84ec62729f4c3c273c558e0d04af4d1bf379dfa298896eebe
data/benchmark/ball_pivoting/0234_ball_pivoting.obj,200234,9abe934279d1a59d88d2ae34592e9cea01da330be8d5c34789a5cab74d0da4ad
data/benchmark/ball_pivoting/0235_ball_pivoting.obj,238283,c7f37e42e966dbfcb82263ed17dbf18dd3e26aa021a8fa8ebbc545eb8e4025fa
data/benchmark/ball_pivoting/0236_ball_pivoting.obj,144097,b2f30b5f49afa1200490fcfacd1deb267965bf00c2e456511c25052f729043d3
data/benchmark/ball_pivoting/0237_ball_pivoting.obj,227987,cfbede469cbe490e39ee91ebe56f229da942479ed00f3229c1398c4036b03c05
data/benchmark/ball_pivoting/0238_ball_pivoting.obj,157078,3e37c910c402a1a1eb6737457ee57f4aff9cbd4050729584b94137cebe00cc08
data/benchmark/ball_pivoting/0239_ball_pivoting.obj,308267,a6bc5a14e915b5cc1f4970852749ebbf9947c702d466f7002e6e3c7b867280cf
data/benchmark/ball_pivoting/0240_ball_pivoting.obj,230864,161bd8035eee8d28da027be280a75627c52443c77ad04b811869de86edcff8c0
data/benchmark/fixed_poisson/0001_fixed_poisson.obj,871934,7a5d0709b2d1781fe690f38cb5236e35ae7be2466065162c545fb63f62c7f843
data/benchmark/fixed_poisson/0002_fixed_poisson.obj,884632,018fbe14bab016581284421c942a2da5140fe068815c57ff393de2853c60525f
data/benchmark/fixed_poisson/0003_fixed_poisson.obj,602143,74bf4063925e9da416c6c2200c0e21c768d2a9cbf18bdbb8db23c543c2349452
data/benchmark/fixed_poisson/0004_fixed_poisson.obj,152453,4d8729b25dd91812907a03b3124acc043f61463fd97fd28b7d7263f048a11338
data/benchmark/fixed_poisson/0005_fixed_poisson.obj,218644,192047269e6062bcb6c234aa8cfd6044992eb40d39d519bd9cd02d3a4832844c
data/benchmark/fixed_poisson/0006_fixed_poisson.obj,503628,35d3d78ea687f692a6c34338e82d6ea4cb7737bcfa875394b4000b06f8a798d0
data/benchmark/fixed_poisson/0007_fixed_poisson.obj,206008,899322e05c22ddd9fce4e167c8be4669c0e1ea5d14444d01fbb3985f5e8b189d
data/benchmark/fixed_poisson/0008_fixed_poisson.obj,595980,839bb80ac82580e4b658443642507db5d662be9dcfa5abb61787c69f70ef2931
data/benchmark/fixed_poisson/0009_fixed_poisson.obj,1036453,b24978fc95e23cd160218a6fc4023cd6e95154a5798882ce022d4f4f1f33cac9
data/benchmark/fixed_poisson/0010_fixed_poisson.obj,859414,e09ce4805655806ac5c1375f3a6dd3cbe7a215d3c08f65b9f84b9dd032c547f5
data/benchmark/fixed_poisson/0011_fixed_poisson.obj,491567,38ee9ac88b96d037afbaefecd7df020daeaaed93de4ad8c12c34a9bfbc496470
data/benchmark/fixed_poisson/0012_fixed_poisson.obj,639551,be45159e2ffcdd08a58eb76222f100ee85f51af4afcba03aea0f5e79062f541c
data/benchmark/fixed_poisson/0013_fixed_poisson.obj,660987,078a8b5d1c4ee97b4313a2330da157e3621b238a4a8657b3e1b48665ea0168a7
data/benchmark/fixed_poisson/0014_fixed_poisson.obj,499767,6953fea3120681c2eff1c094f3ae3e0121bec2655eb2d44c9fd1f6481ad87f1c
data/benchmark/fixed_poisson/0015_fixed_poisson.obj,430580,2d4cf369677c3349e0e5521852462462db24ea06138514d260e524f76d53fcc3
data/benchmark/fixed_poisson/0016_fixed_poisson.obj,557934,fbc56e84b6bcc448ac13fba48aa525debc50e71ec05e3d8978402573bb27c64e
data/benchmark/fixed_poisson/0017_fixed_poisson.obj,527517,8b4a87260e25a25bd12bf947436ddb452877ee6bbe98ae6c1a851e8c8c944ed2
data/benchmark/fixed_poisson/0018_fixed_poisson.obj,530852,a4d0335c42825acca49c2bb48ef96ee3396a78d1e8bc39caac90ec0bd6b22cb4
data/benchmark/fixed_poisson/0019_fixed_poisson.obj,487115,cb148f4b920ca1d8306016864932ad0df294b60e30270354eedd93d77b159bf9
data/benchmark/fixed_poisson/0020_fixed_poisson.obj,279063,a3f8eb2ade2c25ca01f10a44589b664860a69b6e3f3ed3ed7cca090c44b07718
data/benchmark/fixed_poisson/0021_fixed_poisson.obj,345060,d6d1215d60a281e74297736684c1ce01039839c3339115b2b96daf583d85e631
data/benchmark/fixed_poisson/0022_fixed_poisson.obj,517359,117aee7e7a3173d72a6c3d215d7cd17584aee3adbd707f82f73e447ea9144cdc
data/benchmark/fixed_poisson/0023_fixed_poisson.obj,508749,d6285e262c9a42afd5fd368ee90eb13fe0d7d37ec72affb950c1ce1bb173bdd6
data/benchmark/fixed_poisson/0024_fixed_poisson.obj,582018,a5c00e07d4ca9f019642af0f2e124fdc989730a259eabfc3f9c1400e457f9aff
data/benchmark/fixed_poisson/0025_fixed_poisson.obj,559809,34ffbb6ccd6a87798cdc6af9975155cd1b150718d0dc732bd71975198ed0fb58
data/benchmark/fixed_poisson/0026_fixed_poisson.obj,474971,0728361b725f6a8b6b806c00ab223d0478ebd8624aaabe9fd5524cf20d850055
data/benchmark/fixed_poisson/0027_fixed_poisson.obj,562346,461a265124764f49b0c5a06457a526091ea0a9e15d038f3c737546e530f98cba
data/benchmark/fixed_poisson/0028_fixed_poisson.obj,622232,33e8a955f7f35a0be0e734fbbff660d751258eb3c9911b5c8218c284fa650708
data/benchmark/fixed_poisson/0029_fixed_poisson.obj,504136,e38ee7d1a278e32d71ba33c46f4edfad666dfc546b2a07aff5dc24972838503f
data/benchmark/fixed_poisson/0030_fixed_poisson.obj,477285,e9c4d4751229b06759b1da0b9a9958bef0ca8a5aaabdffbac15ce80c2a7e1181
data/benchmark/fixed_poisson/0031_fixed_poisson.obj,518156,2b6ff7dc332a6deacacb52a6d80a654cd04365a38d38a4f61c47ce4faed74c22
data/benchmark/fixed_poisson/0032_fixed_poisson.obj,569800,b926d9f0433e0dc0b7fa5d9920b9ac08f29d32a614593485dc4d6026090440c5
data/benchmark/fixed_poisson/0033_fixed_poisson.obj,513960,df3d033f8fbc0c995d87f3879be52d35107f0600023a09ab905b21ac1e1ec8b7
data/benchmark/fixed_poisson/0034_fixed_poisson.obj,211224,3963fce94f84cfe92eb6484dc57374e721d48151bce1fd31c198c101aba88769
data/benchmark/fixed_poisson/0035_fixed_poisson.obj,414502,00dd029c61954e6160130866f4556b3f2132f522f34b4ae7ebaff6338137af26
data/benchmark/fixed_poisson/0036_fixed_poisson.obj,416378,83edea5309247e368b9003e85d97299a7d6a1821a4fd27fbe06950f03af80826
data/benchmark/fixed_poisson/0037_fixed_poisson.obj,512378,3986a3b75ec3b6d41ae6cbc18afe6fd0bec3f826699262fca174a7b527c641a7
data/benchmark/fixed_poisson/0038_fixed_poisson.obj,408493,1baa850b257d3023af2354931b1bdc702eb9b0df2b462a6dce246a7f02900ed6
data/benchmark/fixed_poisson/0039_fixed_poisson.obj,362690,c233164b23aea6e829088487d65bfb6953434c996c8ca621867f551cfaf62f4e
data/benchmark/fixed_poisson/0040_fixed_poisson.obj,511659,a247cb88d83aee31711d870c5a415f9a6fe6d96c14f8f52a590a4fe3de05d35b
data/benchmark/fixed_poisson/0041_fixed_poisson.obj,583960,3a33b7517f9db9cf44814611b58e71a22535f03cc5ea67b1f88f976b343310c4
data/benchmark/fixed_poisson/0042_fixed_poisson.obj,468077,cb7089b62ed6a999acd6cc3ad413e300bb8b03fbcfa5de4789a3c4ec86a5c7f0
data/benchmark/fixed_poisson/0043_fixed_poisson.obj,818089,05911e8ebb40c9c455f6a09a4c987a259ab1b49a406f47b1b2592965415246be
data/benchmark/fixed_poisson/0044_fixed_poisson.obj,456683,8c8de890c626295b117c5f19814679c64a8c7479927c642641ddc4a85ad86966
data/benchmark/fixed_poisson/0045_fixed_poisson.obj,538680,b1aa486da1c1df107a721ef5fe0d9dcfd37e894f479af9e993a1157acb3c074e
data/benchmark/fixed_poisson/0046_fixed_poisson.obj,473476,7ac4a05f0f66908f14c7addaef532cc95e9e7abbe8453681855906cdeab6c860
data/benchmark/fixed_poisson/0047_fixed_poisson.obj,226366,9140e171ce639cc159b9d8be63dc56b402b2ffedc3c77735cf5f9b2f753e9b0b
data/benchmark/fixed_poisson/0048_fixed_poisson.obj,428497,62fd6a1a1ffb683ae961b91302f4d251c4e30194629ca707aa1afb1f73170f26
data/benchmark/fixed_poisson/0049_fixed_poisson.obj,434059,3f265317149f5e969e95a6453bdea8c55fb0be68c298f14d1d0ba3c6d077998a
data/benchmark/fixed_poisson/0050_fixed_poisson.obj,937598,c89d94f2c3196c2622848eadfb4ea75f2ba7e2a1e3030a3b8fc00d81f06117d0
data/benchmark/fixed_poisson/0051_fixed_poisson.obj,213273,7a0d3806b84e61f1c1954d0702308533680400eff5823ed4de679a1fb5f45388
data/benchmark/fixed_poisson/0052_fixed_poisson.obj,355360,b4c9efa6057e621d5f7d0a444ac0faab32a392ec3b903dc799032b3e467fda36
data/benchmark/fixed_poisson/0053_fixed_poisson.obj,512539,a00912b96964af55eb77a3e4c99c4b1ac6bb19ac900ef39e2a4e5d5b10e12f8d
data/benchmark/fixed_poisson/0054_fixed_poisson.obj,167671,c89a0312c7858bdd0782848439b035e174d3e6bb556b2bca27ee7204c1d94a69
data/benchmark/fixed_poisson/0055_fixed_poisson.obj,596898,2917289febc44d51fd80faeb855c1970d501581ac35455d77ee3c1171b8b88ac
data/benchmark/fixed_poisson/0056_fixed_poisson.obj,922804,b9f9e9f3a09f1d66f153bd06e2f959e3d6a315b919e6b6df7d9e28fc9c6cce18
data/benchmark/fixed_poisson/0057_fixed_poisson.obj,421165,0f0cefa9ff0a1994a3aae358ef80c693929cd09b6618e0dbd3526686ff05dd3d
data/benchmark/fixed_poisson/0058_fixed_poisson.obj,482069,df4fe561e05cb1183be425523c24987f52e0488b4350eea78e564dc7ddf01eb3
data/benchmark/fixed_poisson/0059_fixed_poisson.obj,311923,7aab39afd676d5f91a8db6bd4fdd59ce8845ea8a988af2723881b03710aaf753
data/benchmark/fixed_poisson/0060_fixed_poisson.obj,156389,4d23f66c4c11fbd0da6205ae014f8ad2749b5a94dd51c4a837cf88c9f313f38d
data/benchmark/fixed_poisson/0061_fixed_poisson.obj,366863,c00229ed67d2ae8de75def53fa3d6911a4102a6e95a50a1f77c8f05e85b2f2f0
data/benchmark/fixed_poisson/0062_fixed_poisson.obj,417974,9ffbdfff215d559d202b97815727164c79af59d45ba7af7f9df15209bef6f453
data/benchmark/fixed_poisson/0063_fixed_poisson.obj,402686,2c7958055a6122480653e673552e3d652b286234af25fe45866b4d7435a1b7cb
data/benchmark/fixed_poisson/0064_fixed_poisson.obj,422787,7b4563c5a1cf9be2a91338571a726c98c9a4cdf4535cd92363e6865d0be69189
data/benchmark/fixed_poisson/0065_fixed_poisson.obj,226582,2e98dec866a35b18be9d825471630a0705ce8978808a0a6ad857f4d1c2abdfbf
data/benchmark/fixed_poisson/0066_fixed_poisson.obj,209648,5c499523abeb0ee02a5c6c92c0e837bad98dcdb72280daef9a5991a258d9ca78
data/benchmark/fixed_poisson/0067_fixed_poisson.obj,358475,e29941485b3a2051935f202ba3b01605eba4d11b5ad13e91a6be80d0ea87dab3
data/benchmark/fixed_poisson/0068_fixed_poisson.obj,658204,0e3fb48bc4dd2cbf1f648036e166691bbe4c456d1c6ca86aa99b6b964e461b8b
data/benchmark/fixed_poisson/0069_fixed_poisson.obj,559926,4b3b732adf0af34727fa0dc5c771e24c8f0712a39ea0540c4f17c76f41494439
data/benchmark/fixed_poisson/0070_fixed_poisson.obj,472069,e52d708ecdcb805b8a00a10b86cc7d0a2738ed80b078cfee0f93368f2395ceee
data/benchmark/fixed_poisson/0071_fixed_poisson.obj,416929,193a3d6568c5938c3878512d1c56263077533aff4e03ddb7ba19cf0f3d120cbe
data/benchmark/fixed_poisson/0072_fixed_poisson.obj,314786,5d11e76a3f7bf304bc737e18787a6e7283f7c654833971211dd2681b64829d20
data/benchmark/fixed_poisson/0073_fixed_poisson.obj,482992,b0347809aec6d9222504c227675bc67d0d4c48ebd44cdc7945b9058b5a14865a
data/benchmark/fixed_poisson/0074_fixed_poisson.obj,178286,756f774621d9fac058e87485627acb30089838e9fd28020c0ff1a51d577eabe8
data/benchmark/fixed_poisson/0075_fixed_poisson.obj,207339,240570fc4bc820db930abb8770de4d915927c6847e8d46f6dccd804743775340
data/benchmark/fixed_poisson/0076_fixed_poisson.obj,329017,cb91a416d35d54960cb7cf2304553c1a07a08a72d61925e2439ca69dbe94f46b
data/benchmark/fixed_poisson/0077_fixed_poisson.obj,212516,1482c2fefe35f5104d2ed2979da1b52a6d895004bcf87f35b56882511e9ef3ad
data/benchmark/fixed_poisson/0078_fixed_poisson.obj,206192,141288af02d6e25a44d639bc068f3d9ac2ef2c15d431fb35f13e07fd70fb9f40
data/benchmark/fixed_poisson/0079_fixed_poisson.obj,222727,d2a04a7113802d3535f376b958f1350f793ee96129f136cdae56a7b5c411f053
data/benchmark/fixed_poisson/0080_fixed_poisson.obj,356153,04915f1f23bed8bce6029e997509ae8d02735e05a25cad93a68cb8a1851801b4
data/benchmark/fixed_poisson/0081_fixed_poisson.obj,612320,abd75be9ed4311295ff7c87feff11f13766ade71aa648eff42bde1a3e1ab00df
data/benchmark/fixed_poisson/0082_fixed_poisson.obj,533532,38faa35fb7e7b7be09b2b58680ded0e2da7cfbf31d1ffaf7d97451e54c5ab7b4
data/benchmark/fixed_poisson/0083_fixed_poisson.obj,646582,603ad80be16f8e8396697ccf5bebdeaead5fc3e2c4743b4bc036cfa155d15cb2
data/benchmark/fixed_poisson/0084_fixed_poisson.obj,492351,786563b73a4dba02da4237cdb55472b79b0c538ac3ec085a73ee5286a07c9159
data/benchmark/fixed_poisson/0085_fixed_poisson.obj,368876,d12abaf016b1892f359f719768aefa3f7138126a47bef080c86cd409d1924115
data/benchmark/fixed_poisson/0086_fixed_poisson.obj,589064,999299ba4f6de2e6c8870f83fb2bcfa087698509334db3da4bfa6e585db85517
data/benchmark/fixed_poisson/0087_fixed_poisson.obj,505211,19ae70bf684a18a05c4490a40df2a24ff6a8ae65fef16befd6bd8f06491be219
data/benchmark/fixed_poisson/0088_fixed_poisson.obj,402195,c47d0b91cf330d8caae133be2e5722b0aa8710e0dd0ee6f852ded62ebb394845
data/benchmark/fixed_poisson/0089_fixed_poisson.obj,206377,7840233b5573891319b4bdd9f2c3ceaa542fc77d9a19742c29f41c02bdae5d83
data/benchmark/fixed_poisson/0090_fixed_poisson.obj,604852,09a5dc1ff78dc6cb0bba56345a01dbc165262f9d5d5722766c60e970dce4461e
data/benchmark/fixed_poisson/0091_fixed_poisson.obj,518031,63838b1ea85889249630f7db443e3040d391d510661567787d8cde1689bdfbd8
data/benchmark/fixed_poisson/0092_fixed_poisson.obj,616269,fc33b5a2d45cb2b1b5c899d53fd4b7a2a42032c6aef02592a78125ec90897330
data/benchmark/fixed_poisson/0093_fixed_poisson.obj,433941,716b4c7123e7c094659c9038a82115f621fc71659b6136ea6584d61f7273302f
data/benchmark/fixed_poisson/0094_fixed_poisson.obj,524398,3d32beecc9d114075a0b73eff73040b18d20b8052cb7b4a64d16cdc399f465c2
data/benchmark/fixed_poisson/0095_fixed_poisson.obj,217761,d3088e5b1282662ab0c49630e290b00f8e29929689c27b89ecfabd262e230522
data/benchmark/fixed_poisson/0096_fixed_poisson.obj,323357,9a1af4a4830366b058feced961e6bbf34d5540ec54560b857ef7be53a7d2fb92
data/benchmark/fixed_poisson/0097_fixed_poisson.obj,247526,aa426c5f80b35be80a6f52ea39bca08bdb6ab7352b2029402eff604833641dcb
data/benchmark/fixed_poisson/0098_fixed_poisson.obj,212434,b102fc33ec28eeb9cb5eac993320520c57bdebb1ff3c35479583390a18613530
data/benchmark/fixed_poisson/0099_fixed_poisson.obj,147935,193a3dea4d86f4493373c8b8d5b5c1fd639f0706327360e991abc858e2df7d7c
data/benchmark/fixed_poisson/0100_fixed_poisson.obj,194633,651dfbbd5a131a852c6174e1ad5e11ce36dacfa7bbf58db5da922c6ce31e30bc
data/benchmark/fixed_poisson/0101_fixed_poisson.obj,247010,5b418ee25f2a28f968791492aeafeb8609545f95041c8646656eff0726a7e97c
data/benchmark/fixed_poisson/0102_fixed_poisson.obj,197432,896dbd4689d7136822965b61c445f97ddf481946b1159db24eea6b49f503bcc3
data/benchmark/fixed_poisson/0103_fixed_poisson.obj,333138,2a84d8b6a4ba78ecece689fb7d974a6535d0c996f5e4de25d83f5c1459ef67de
data/benchmark/fixed_poisson/0104_fixed_poisson.obj,426810,6724c8c513340ec9787faee1b4e5fa9e0b8311f0bdf89402aeb8fd18f3f3d150
data/benchmark/fixed_poisson/0105_fixed_poisson.obj,290419,e834b8e45f2b9ab59d08bb547072282c5d4bf5edd73e8bea0329c46349a0951a
data/benchmark/fixed_poisson/0106_fixed_poisson.obj,168795,429654162ad16517ae97562ae5fb27a9c02a83e73f5e336f001be3fe2fe2c142
data/benchmark/fixed_poisson/0107_fixed_poisson.obj,208657,e20cc479b8589ed6ab8562f2eece5ffde814bee17ea861e95e96032d0b58b9d2
data/benchmark/fixed_poisson/0108_fixed_poisson.obj,512990,a45763e3f552ad1fa8cc7f837745c5dbc935617a0d5a8468e1093158a4dff7c9
data/benchmark/fixed_poisson/0109_fixed_poisson.obj,503757,5502efece12953a3b7ef8daa7fce52bd769a6786f0274ba35b3fc4d5bae4366c
data/benchmark/fixed_poisson/0110_fixed_poisson.obj,564775,978bc360f02bd765947993e46d46b20a5e2a35937a551209e2763945b5bcf5c9
data/benchmark/fixed_poisson/0111_fixed_poisson.obj,469984,05374de5ce3cfd06458345ded730e3825efb08621c08333694113c8b2b399bb7
data/benchmark/fixed_poisson/0112_fixed_poisson.obj,1061859,890947ba8268065558bcc7590c6858994602b237a93504d2de0bf42e452c24d3
data/benchmark/fixed_poisson/0113_fixed_poisson.obj,237988,1bf0a637de14b34b92409c8b611e9b073018651467a16e8f1a9931a5ed53a030
data/benchmark/fixed_poisson/0114_fixed_poisson.obj,475107,33b7a3bc72aeeb5c1a4de6ac23e5a9a61e46a333f23c95a36bed9e553d740dce
data/benchmark/fixed_poisson/0115_fixed_poisson.obj,257496,da5ac52e8cf93f56cd9623517fb12ebd972fcb2c68337ea00159d1c3d034bbbd
data/benchmark/fixed_poisson/0116_fixed_poisson.obj,401509,50a29d03ac7772ff64a6fa7e5cf7efe9a31881523829ebef2e9c33d1e27f1ebd
data/benchmark/fixed_poisson/0117_fixed_poisson.obj,534417,c12f143f7e6d71caa93c5a2460507d6fa8720251f83ca7ba98c82bb481cb5da4
data/benchmark/fixed_poisson/0118_fixed_poisson.obj,461839,7c9c8e12e9c786d33a5178280b46ed4145b14ce172430cefc57752c9c92ed9e1
data/benchmark/fixed_poisson/0119_fixed_poisson.obj,378273,91dd437dc45f15606d2364a8f8fc5b827df1202552873830554c150505f2ef13
data/benchmark/fixed_poisson/0120_fixed_poisson.obj,500136,34cf100978e338175cdb2b8004cb35ca43a4104afb504a214fca61d9f515b2e0
data/benchmark/fixed_poisson/0121_fixed_poisson.obj,402751,7f1b929619e0e1fc8a388842f825c37ce36c71bdeaa39ea34f7dbc273f8d9141
data/benchmark/fixed_poisson/0122_fixed_poisson.obj,465988,2edc340b34be7d4ea428ae041c25d1faeed32b19f33d4b5836835bb918d1a3fb
data/benchmark/fixed_poisson/0123_fixed_poisson.obj,328411,422dac27fa3c2572363c6a0b4a3e495dc32991eec1f51503d85229a279ef85b3
data/benchmark/fixed_poisson/0124_fixed_poisson.obj,1186253,4016e7f0d7b0ea5222a8a07ad5774d232d21abed886c1641747f1b42fd51eb48
data/benchmark/fixed_poisson/0125_fixed_poisson.obj,989011,4cdacd70a757e10c06c7f10e0bb25bfc8531ed89eb420455d329ddd6ba3e2795
data/benchmark/fixed_poisson/0126_fixed_poisson.obj,541094,3368ae29b60fd1a03d996b73d87795a4c8bac728672fd7287ee85e5b87495b04
data/benchmark/fixed_poisson/0127_fixed_poisson.obj,520943,f698c221bd55e429b71f5da2d4d0b16687e01f75bee6e3de4409f3e74fded59b
data/benchmark/fixed_poisson/0128_fixed_poisson.obj,533136,ce3439fa0421e2a984ff18b31ca336b0e270cc84eb3c4bba9dabc7b484b57ab8
data/benchmark/fixed_poisson/0129_fixed_poisson.obj,853804,bf9549fee4b19bd2181be95d33ba14ebe6dcb5eb2f53854d67a4917cd907acce
data/benchmark/fixed_poisson/0130_fixed_poisson.obj,912234,1c55809b77bea31fbacbf262ca75dc53704cf5439ea318647b19b3571ab88c37
data/benchmark/fixed_poisson/0131_fixed_poisson.obj,499188,71c82944ef8a1da30fdea0b571bfa935c3405bed4682fa3317d4e2e69a77db2f
data/benchmark/fixed_poisson/0132_fixed_poisson.obj,379776,4d9c995896e5426915dc37f129bdf38a53212ceef34c7d138b0c3ad7d4f9d71a
data/benchmark/fixed_poisson/0133_fixed_poisson.obj,946141,4196791d6cbe84afa8a3e2e7f9d585dfef08f8747e38d7266005bcd449ba2d69
data/benchmark/fixed_poisson/0134_fixed_poisson.obj,659459,ab2bf81852f457a3c3ed90ab01ad53f0a593cbd6ba92b063ea56f8d460f166cf
data/benchmark/fixed_poisson/0135_fixed_poisson.obj,521372,aa5f62f384d7da8715852f6e2c42287b285a47d0bc3e8a26fa9b04eb9a73ef5c
data/benchmark/fixed_poisson/0136_fixed_poisson.obj,1102493,b1a5feb4fc83c1d39a47a1e9037399a5cdf8d3d33cad64f4f6bd08a0b23861e7
data/benchmark/fixed_poisson/0137_fixed_poisson.obj,1054557,db2a65f752007b9b589ca9ce092f3237bb5538e357b1656bb63b1e4b147b1b14
data/benchmark/fixed_poisson/0138_fixed_poisson.obj,494161,fea365978f6ce09d4ff20442d624075d7d91ead587f16b355cf0e145ce472da7
data/benchmark/fixed_poisson/0139_fixed_poisson.obj,629315,1ebcdfe6ce197e77213a9773f85098da28a258573a1809271aaad381ad1ad589
data/benchmark/fixed_poisson/0140_fixed_poisson.obj,653867,5084c42047866d06502c33095ad51648efdde519da8c00bb813d99c1c5c96789
data/benchmark/fixed_poisson/0141_fixed_poisson.obj,956453,155049eaebc361c4415566e9b564cbfc09b2a24fd44f79f1e416d009002285fa
data/benchmark/fixed_poisson/0142_fixed_poisson.obj,705810,4dd9b18fb19c054a50b7fef148afb1bb31788acb8ab863e61126278042d075e7
data/benchmark/fixed_poisson/0143_fixed_poisson.obj,566989,40a2689b70be3d9ab59f0b9f58d9cc3a8e2903050d1fd05659b39bc14f0f932f
data/benchmark/fixed_poisson/0144_fixed_poisson.obj,408526,7d9d9cc60d359a4fd6dbc1be5647b6e2fb7eedeff1d0efc8816ddd0d70153b7e
data/benchmark/fixed_poisson/0145_fixed_poisson.obj,525195,68ba6e1a74ddf9933833bc8ccce9225f0e50ae2c0df75ff71a18d009e6d89958
data/benchmark/fixed_poisson/0146_fixed_poisson.obj,437242,b07acfacb8538d53919d562bc8e3fd000d12c4371e7330b93a4783beac71de6c
data/benchmark/fixed_poisson/0147_fixed_poisson.obj,387047,f1b8f237c1e6cae4456e1289597e2bb3383f55d63e208d9df2686cee53816b57
data/benchmark/fixed_poisson/0148_fixed_poisson.obj,492395,ae23a67d446b469c3cb486695128389856a47b62bbcca1180711d017c6f2775c
data/benchmark/fixed_poisson/0149_fixed_poisson.obj,612592,df33b7eea6a652765d1de67173d09084d348c1876080c15c4a99384e33818c80
data/benchmark/fixed_poisson/0150_fixed_poisson.obj,424934,d1f3ec8afd89bc3043480235c5fd349c9f8447d4ecf313fd6c6e4e120e7b5664
data/benchmark/fixed_poisson/0151_fixed_poisson.obj,557068,3fb458136c87864175b1ec61a7b5a644e564c77bcef791491d1d8587dc58d811
data/benchmark/fixed_poisson/0152_fixed_poisson.obj,852010,ce747fadfd72999bf17c617e7bb188e1aec7e5bf307ed93716070964e539523c
data/benchmark/fixed_poisson/0153_fixed_poisson.obj,443617,8accfae1b0fa67e0ed3e2ee246e16236aa056d647f4f675f392ec43a7ef1e853
data/benchmark/fixed_poisson/0154_fixed_poisson.obj,247672,684cd0a973e301708f806785152d91b08b5a58362921910d5ce972f8baae7088
data/benchmark/fixed_poisson/0155_fixed_poisson.obj,961365,5b6df578f7fb8a93e771b6d1074bbfca13cd29444b05ba8cbaa9386d597a901c
data/benchmark/fixed_poisson/0156_fixed_poisson.obj,253038,1fa1322765681879126f520e73ccc8ac12b8fc219057187dd7b4fe4ffa14e1f1
data/benchmark/fixed_poisson/0157_fixed_poisson.obj,318299,bdbc5df5c3abc2647098799c5b7c4e9c6f9a3d9515b82b373bfc45f675e29360
data/benchmark/fixed_poisson/0158_fixed_poisson.obj,958270,cc640ab8535cda1b8955c826b8b53c3712968dc64af706419cf90669ac5eaae5
data/benchmark/fixed_poisson/0159_fixed_poisson.obj,467424,336d386c0bdd8c08c44934837f60fdae64829cbd6a978c1653a08417813d45e7
data/benchmark/fixed_poisson/0160_fixed_poisson.obj,474943,239f7489c2adb33678574bc2748ef225c8f62d0a0e363d477fb8001c1f02ed57
data/benchmark/fixed_poisson/0161_fixed_poisson.obj,612950,ad155ece06c8d4d264bb954001cb44f4510f58baa5ccc4ddcee40d417b5cfed0
data/benchmark/fixed_poisson/0162_fixed_poisson.obj,462995,8fa2b7defaf3baf649330a2d00959c3e0e133989456032b5cbf6476c1a56f649
data/benchmark/fixed_poisson/0163_fixed_poisson.obj,297414,eaacca050cc28fb7399a94d9715bc685f2b97da1d7284c5eb2f87d11790f2a15
data/benchmark/fixed_poisson/0164_fixed_poisson.obj,363378,6ad8a64af7147046ceeff7dc765117340efe1c1f3a9b8c8b9a0176401257e74a
data/benchmark/fixed_poisson/0165_fixed_poisson.obj,526246,0a4df8c375c71581b69f013cf49ec559264b51eed5ca53c788a5c1a6e777ee18
data/benchmark/fixed_poisson/0166_fixed_poisson.obj,459449,830058f0cfb4ff6bfa10b32e61332ddbe9152aacc6399df8491bd0613a68b988
data/benchmark/fixed_poisson/0167_fixed_poisson.obj,465684,e8ef1a3af46d7de4a56d15cce5dd63ec693cf5bc6135d134c0fc35564ea84c40
data/benchmark/fixed_poisson/0168_fixed_poisson.obj,475545,8247235704fcbb9369909257b36f29ff7ee33c4d27bdd8e3e11c78a5c7d6084a
data/benchmark/fixed_poisson/0169_fixed_poisson.obj,610680,cf50a876301ee13020dedbfe56e5b1774f492a9c754db2805da8ad930c0662f8
data/benchmark/fixed_poisson/0170_fixed_poisson.obj,447035,a1fbf9d9cec73bc7d4334e6439bbc0b6037d6458dc011b4162907434d662c900
data/benchmark/fixed_poisson/0171_fixed_poisson.obj,548313,bd3ceb677b85a6e3ff3accc74dea3f7b699e2defc6a62c47899a5e4c48fd478b
data/benchmark/fixed_poisson/0172_fixed_poisson.obj,448647,a8fb2b07c8d9fab82a05fb2a0d394b48dc6cbd1c6c542773f5eb1ac71f6b01fd
data/benchmark/fixed_poisson/0173_fixed_poisson.obj,367778,1460779153b6dd5c7eceb3a2513aa0782f7aae53e9bb86ce7a59b20a8574af0a
data/benchmark/fixed_poisson/0174_fixed_poisson.obj,552071,50ad610ff6e476dd6035cc2ff8a21e7fb8d414ee746153137c72a859aa560de2
data/benchmark/fixed_poisson/0175_fixed_poisson.obj,509738,402826244f7cdc8143f3a110e830c2e2932bc0334527d6d0710625b680b99f44
data/benchmark/fixed_poisson/0176_fixed_poisson.obj,409483,281f5b47ad4a511cec3712bfeba7da713fe65f75f7900ca8a99c1966368ac219
data/benchmark/fixed_poisson/0177_fixed_poisson.obj,417221,1611064a2574c1cd08c721eb07f3455fca1121763c57cd00dfa8e40011658318
data/benchmark/fixed_poisson/0178_fixed_poisson.obj,365672,e0b39da43dfa08612b10fe03ea9b95f894ca3259950263f18515af507c2be4be
data/benchmark/fixed_poisson/0179_fixed_poisson.obj,580318,23f4580bc146fed4f83f8ce97951d70ecfd1bf788361758e7b1d644fe69783f3
data/benchmark/fixed_poisson/0180_fixed_poisson.obj,484893,a90c49c5340b3e19913b35e328441750f1fffb9be15dad3700c778df4606cc22
data/benchmark/fixed_poisson/0181_fixed_poisson.obj,1098751,1eb2f9311db1da66cef6fe57a0d8d1d28b60ce7f92be05219e799058c8bc2ae4
data/benchmark/fixed_poisson/0182_fixed_poisson.obj,1170323,9e50e839d2f37fff4921e2632e2676cfc30ec96249ca71dd3432ddd251d1056c
data/benchmark/fixed_poisson/0183_fixed_poisson.obj,1109637,fbd2922c35e10bb4a6136127bddec377badf758accb3c42b17e4e9c88545259c
data/benchmark/fixed_poisson/0184_fixed_poisson.obj,1257036,a9ef77d15ed4a8e83a1dda3eedf7130f7bef984ba94266f1cfc53182a143402f
data/benchmark/fixed_poisson/0185_fixed_poisson.obj,892455,b336c961369979eb46eb9adbde3bde3377857cbb5d0c437cf74ca84aada96aed
data/benchmark/fixed_poisson/0186_fixed_poisson.obj,977154,efee214e39dea9845457fb004cb944d6fe4a3c599e4377c6d3f7499bd1fc1d23
data/benchmark/fixed_poisson/0187_fixed_poisson.obj,1086008,fab2ccff8452a762e1eda71dfacb424de0aa86b52689f7cc26c65bc955c3201f
data/benchmark/fixed_poisson/0188_fixed_poisson.obj,1189834,9e3066b7d885b349c712108f8fada9d4dffd713389fb367c9f9e623215b1795b
data/benchmark/fixed_poisson/0189_fixed_poisson.obj,464816,5b5a956ad6f712db3d315d8aac197ce549f297e55fb0eac748ffa97a74f849c5
data/benchmark/fixed_poisson/0190_fixed_poisson.obj,851915,fd6efdeca29432d1ae6b193f6fb8ce08ce37828015f4bcd4e3c052736e4f968b
data/benchmark/fixed_poisson/0191_fixed_poisson.obj,473969,58fe034ff974c4bf3c773c536ca414e4ed5608bfa27d714bda96d3c4a2b35412
data/benchmark/fixed_poisson/0192_fixed_poisson.obj,549045,198d721be1935215b8368b4a934f9deb904030d79f08aaa7112c936b3f419924
data/benchmark/fixed_poisson/0193_fixed_poisson.obj,581459,094a084287a732bfd3319775d573e2fd8e3bf37c087697678b7f12830d27e042
data/benchmark/fixed_poisson/0194_fixed_poisson.obj,599676,8353b12852749813194f07649c178b432d97332e710ef8693fad151338d4fa2e
data/benchmark/fixed_poisson/0195_fixed_poisson.obj,517880,26ffc82a15812dcd86e29b33bc830feadfdb2bbff0b1e3c0826e408042c1a7d4
data/benchmark/fixed_poisson/0196_fixed_poisson.obj,1002292,ae8a7d1d153275ba8d911abeba174f744aa67cf0e019227b1e76fa275b623719
data/benchmark/fixed_poisson/0197_fixed_poisson.obj,1092447,350da77ced492570bce5e1bb0e20943b0db1f0f4937005acec3dd9e18c7f2bc9
data/benchmark/fixed_poisson/0198_fixed_poisson.obj,1185449,d3a5f7c779920e3a38aa3fc3ed0df090f7e1c38b258914c28ea34458dfc8dd71
data/benchmark/fixed_poisson/0199_fixed_poisson.obj,904168,e957cafca39cd8ba1f07b564c3993029ada1bc01b65d85182e258e6d928d9a51
data/benchmark/fixed_poisson/0200_fixed_poisson.obj,1086518,597f8c780b484d453fcfe6f29631d43f6949bc3ba08173057f1d634fb8db977a
data/benchmark/fixed_poisson/0201_fixed_poisson.obj,609312,08f2e3dbe5d86e09202423298493a3a4e2e2d6c5128ac2a7986617caee1961fb
data/benchmark/fixed_poisson/0202_fixed_poisson.obj,1064909,b41b77988e0969243ab2384b9427b12ac673137832b51f264271ca27dcc547a0
data/benchmark/fixed_poisson/0203_fixed_poisson.obj,567545,82a8e053b5666d6ce487732cb4ea1fed3e3e9d42d8f4260104b3f84326d29877
data/benchmark/fixed_poisson/0204_fixed_poisson.obj,810949,fe6523a7e65c63e3d3473b97c01de63ac76409ea1c229726a3602f95a21a1a91
data/benchmark/fixed_poisson/0205_fixed_poisson.obj,919905,6ebb9dcbce6b80da3cfebc6be18e9df73428d300601e16e9a5678532bc953182
data/benchmark/fixed_poisson/0206_fixed_poisson.obj,713379,3f9844292ee3eb485d82f133fdf8bcd53ce7c28a6908e2e7b13c7af8f73c375f
data/benchmark/fixed_poisson/0207_fixed_poisson.obj,659800,3376fdc2d9e76670545417cdd0f5ddfd48c54e231faf6f00f30ef297a525eea4
data/benchmark/fixed_poisson/0208_fixed_poisson.obj,510329,3c7c3bcd520f26fce9479eee6819fa96c5b7f1c1f5a3e86e8b7352ac6eaf9987
data/benchmark/fixed_poisson/0209_fixed_poisson.obj,792860,91f1a32e180952b1aeb5f3c5408ce9f207a1247abacfa170e3d30fe2fe0ce28c
data/benchmark/fixed_poisson/0210_fixed_poisson.obj,1072379,2d88644a511c8cb751a2de973816a7a4881f62755bd53eae3c37f0050e17a75b
data/benchmark/fixed_poisson/0211_fixed_poisson.obj,988563,15e73e680aa63548e8c3d7ea3caeb2c2faea8ceb0ce96307eec6c537423e1dbb
data/benchmark/fixed_poisson/0212_fixed_poisson.obj,910382,c30d8318becd478d7755c035427e136dd9ecd674757741658e68b79fb6dd52c2
data/benchmark/fixed_poisson/0213_fixed_poisson.obj,1305705,a598cded1bd01aa5342afbf92ee6c511fcca52574753973db19af759047cfe4b
data/benchmark/fixed_poisson/0214_fixed_poisson.obj,786977,64034af2e86b4d1f0e634b0fd39dab4c3bc55070ed832bb477d5eba4d7e5352f
data/benchmark/fixed_poisson/0215_fixed_poisson.obj,741134,063b387fed230207531ab36edf0840ebde675909c27f2bce7bb250a83e4905e4
data/benchmark/fixed_poisson/0216_fixed_poisson.obj,1109073,feddca6d8ef3af5f8af428b8c8259cf0073d1b34d129fe6520524ba4af48597d
data/benchmark/fixed_poisson/0217_fixed_poisson.obj,820759,a849437897959512a2f95ffa83733b2411eac128a892fa9c802fd72d56b33e4c
data/benchmark/fixed_poisson/0218_fixed_poisson.obj,1020300,2e00b77f902a991b0bdbbdc1f9efb0f04ba95e8c46e8377c290009ac90fb28d5
data/benchmark/fixed_poisson/0219_fixed_poisson.obj,1185348,462d95550bd79502b075de53484493c46f72822139d0cc71a9231b4a394bc3b6
data/benchmark/fixed_poisson/0220_fixed_poisson.obj,762685,d08c75437f4b497c522c5db021ca51f5fbd8fc1acdc47cf5ad96c4da8b830698
data/benchmark/fixed_poisson/0221_fixed_poisson.obj,987425,f746baf03b4fad5c3bd6a871306b579ee6bd36095c3070ddc44ba27d2c2ee0a1
data/benchmark/fixed_poisson/0222_fixed_poisson.obj,1205072,0355b4952e66d7da77c708a6b775ff494ae3b1ab14543b8b77fda20561e34a73
data/benchmark/fixed_poisson/0223_fixed_poisson.obj,640422,e689a9e226431ab02fdeff29781d60bb74b289db3529dd19c90096161553e75b
data/benchmark/fixed_poisson/0224_fixed_poisson.obj,474540,c89e165e69721e6e606b59747e25614ebb0ce28941c56986464e351fbd754aaf
data/benchmark/fixed_poisson/0225_fixed_poisson.obj,1020982,d90adfe61430f6eadac6e39a66332be51237d72ad55c9f9d68f43c4a76f3b25f
data/benchmark/fixed_poisson/0226_fixed_poisson.obj,1023248,e993addb23e16d4dbf263c2eb11dc1669aef18bf6bc38a308087eda1c2aa2e7a
data/benchmark/fixed_poisson/0227_fixed_poisson.obj,1203495,6f35219308a2bfcdf37f1c2a381e1b483ab2a11643043f601fbe572f12d32598
data/benchmark/fixed_poisson/0228_fixed_poisson.obj,838367,54dc113b5b47485811f14e98eca70e026c8a6ac5be8b5f1235c62d3ea9ec7e79
data/benchmark/fixed_poisson/0229_fixed_poisson.obj,941628,40deabfdcf15565b9be9252701b7d156a6513b95e85a658fa2c2b89d8af14ec6
data/benchmark/fixed_poisson/0230_fixed_poisson.obj,920831,ab26bf6cc6e738d26911efd70001b5611891d3988ecc4331d9da77f10e04ff14
data/benchmark/fixed_poisson/0231_fixed_poisson.obj,441854,bc69a2eb3a405b25c64463fe77fba8f89723bd15510f623dd6a245f853aff583
data/benchmark/fixed_poisson/0232_fixed_poisson.obj,620962,500adab48f45c1e32f98b50b35c71e1a32f10c6fe1e4916903e4324c8828b942
data/benchmark/fixed_poisson/0233_fixed_poisson.obj,907706,dc245145848d544ccf226fe5419fe31191103472419d6836de75255d2a453e54
data/benchmark/fixed_poisson/0234_fixed_poisson.obj,764471,fd1b482783d619810ef46ae7efcc9b11644b37052e8c2bbfc4b7bef3a376d1fe
data/benchmark/fixed_poisson/0235_fixed_poisson.obj,916123,6c1e26a8e7a8472f4abac787649f7f4af7c49e4ae6df2f68b087afd98bb9ca7b
data/benchmark/fixed_poisson/0236_fixed_poisson.obj,513927,9eb888081c6626ad29a838b0ad16eb0670bf54fa1d225d67e025b8405288e142
data/benchmark/fixed_poisson/0237_fixed_poisson.obj,683036,327bdab0cbfb3ae61b4558c20b75537a8430c5646cf31f3855fa40f76460eaa2
data/benchmark/fixed_poisson/0238_fixed_poisson.obj,632145,72a7cd64aab013f6938e7d8ca52fa04311a048b7efa5d74a4a908772a9325d7b
data/benchmark/fixed_poisson/0239_fixed_poisson.obj,1121221,bbc5233938d90edef8ba3e0c786d287502bbf0235494d7a7fae4945572cb26ed
data/benchmark/fixed_poisson/0240_fixed_poisson.obj,776365,3c74a263030834d5cadbc88f2cd5507bb50f391ffd62a29008e0115c6051dbf6
data/benchmark/pca/0001_pca_mesh.obj,594499,1b43470b96547e40256c89b8a3eeffa247cae16d956fa89935f0d162e6d071c8
data/benchmark/pca/0002_pca_mesh.obj,479719,82099e86478474417a375dc5c7c5a41345205ba42edc62d722e3eb12c74e4997
data/benchmark/pca/0003_pca_mesh.obj,347984,1fbe732f3398b59ebf231782bb892bef318fe1d021ff4830e3d34df71378e504
data/benchmark/pca/0004_pca_mesh.obj,105150,0447dfe4c3672e9faeeb18f89b6a54edadc11cae947f46ad2de0d99d51945ef4
data/benchmark/pca/0005_pca_mesh.obj,96904,90cbd6c1a634e3cf772a327497680ab02fafc8e858922683693010065c808339
data/benchmark/pca/0006_pca_mesh.obj,256791,0a14451d40228949f06229ee0a700207c8f8cf7f3bbd5fb709f52168ad7262f9
data/benchmark/pca/0007_pca_mesh.obj,93243,6f81416d7cf06133ec2ed342d33e39ad964801451f089b35675a77737c660239
data/benchmark/pca/0008_pca_mesh.obj,303509,4dcf3da2758630b8f78a739ba036e85c41210563b3f807accfe4d71b992362b1
data/benchmark/pca/0009_pca_mesh.obj,581620,6a58712e427a64a23d020f886398970cf4c60ccc41c354a29a60809d9d90231c
data/benchmark/pca/0010_pca_mesh.obj,527434,31726a7300cf5f511e9eeea750c099cc0051dc7fdc6e5866f3bbb671a87c1702
data/benchmark/pca/0011_pca_mesh.obj,256404,9137f1c40f99c2bacff77be90d3314798b04ca8d749ef5602e53f1581ec90b34
data/benchmark/pca/0012_pca_mesh.obj,309122,dfae6ed72ba7d1151b38e8ce0068084d78abf0728823caa5a2a288d161896de4
data/benchmark/pca/0013_pca_mesh.obj,469922,9d610d00ba2a100424c5ac245281cee224e3ba87e8e11d16440d13da33a62443
data/benchmark/pca/0014_pca_mesh.obj,202706,ddc00d5db90c84952fad7f75f0e7dd67eccee802602a1fd1068bb35d3d924cee
data/benchmark/pca/0015_pca_mesh.obj,200489,86591d27384f3f0a1b3a5ccdc3d298ef7fc40ad06c3000a7134afe58083438e1
data/benchmark/pca/0016_pca_mesh.obj,240766,cb47e5ef258105b7ee91284b4573e8d4f588ca5f85ffb1330bc4688cfdfc4a0a
data/benchmark/pca/0017_pca_mesh.obj,190843,fa872c4a33b5161a348ef0bff06252e08e6c4bf81dfa9df3ab79dfb7b15c01ce
data/benchmark/pca/0018_pca_mesh.obj,320374,d661dfb8fc64ff4c1a349fca90c0a1e0146dbaa27da9dda5e8471f98d9fd6193
data/benchmark/pca/0019_pca_mesh.obj,279815,0f5016a4bc91d63f6f01bf17816262e41eb88b7a952d3efb6ba01b47a999f0c5
data/benchmark/pca/0020_pca_mesh.obj,164821,3f64c4830e3800fb448f2f8fe84886a3fc079f48abc8d16abac72f9b84684760
data/benchmark/pca/0021_pca_mesh.obj,127060,073578a7a6dfe8d90f90d2f84facba91bee13049d25587919e8aca6bef1425f2
data/benchmark/pca/0022_pca_mesh.obj,200903,5ba2be42bca8758c315beeebcc79f6b31e977aba86a316906b122cdbe2eee3c5
data/benchmark/pca/0023_pca_mesh.obj,327336,591506fcd7e68f79ab512e805ac63514fe98241edaf0b880102cf15bcb822b9d
data/benchmark/pca/0024_pca_mesh.obj,325554,1e4db80c3f37ec92dde4c729b49bc36de3658339dccbd39336416c1e9ff410e6
data/benchmark/pca/0025_pca_mesh.obj,292864,63ab73a3e2a204bab1b4db54a37cac77c9862efd04c442112605fc5ae08971db
data/benchmark/pca/0026_pca_mesh.obj,244694,f433b8ac4dd192ad04ebfa5b8f192a830fc3155271e6d4fd7973325d89d794a1
data/benchmark/pca/0027_pca_mesh.obj,218113,e2d83d1b62247767f783c9ca9847bc805693bd8348a57b0770012a8735f8ca3c
data/benchmark/pca/0028_pca_mesh.obj,368417,437212a4f81a2d47e65bc11d9cebd94c0dfc0868fb0a748f3094c12c45710e70
data/benchmark/pca/0029_pca_mesh.obj,207662,d3dfd1acd7c744a8f2d31751738562539d82bb665a624fbc821b90ff01b18abf
data/benchmark/pca/0030_pca_mesh.obj,195323,ba4cde46f71bda11a3662c4cc03d30ce65f473082b0b1ae4303b9ed6a393e6d5
data/benchmark/pca/0031_pca_mesh.obj,184296,f2cd0fb8b996d1dc4cb7701b5abafc3124a6be6fe49ba1193a874172255268b4
data/benchmark/pca/0032_pca_mesh.obj,248961,f0ed8a08fe0f152c751bcafd2d2ced06f0b96f7c34c6dd396aeb4d9a3b92192a
data/benchmark/pca/0033_pca_mesh.obj,227195,e1c33af899bfcb0eb7d9a308b8c52c35dafc2d3463797f4619b3a1e141f2439e
data/benchmark/pca/0034_pca_mesh.obj,146671,edae893a27b38219afed3362ded906e0f6a81d175019bebb2e1b5a9d6698d5a8
data/benchmark/pca/0035_pca_mesh.obj,171144,5ff4251eb3714ab0f0a307dc929b296ab9dd1c4daa428b4c680185bd0bacce51
data/benchmark/pca/0036_pca_mesh.obj,168618,ca1790469d853e141d3c62cc0a9e9e2d020db16ed0b47e8feeec8fbcb72b8845
data/benchmark/pca/0037_pca_mesh.obj,204181,8b8bf485ec292d6f1c5a461ddea725ee691167383bea84969fd833de8946e4e4
data/benchmark/pca/0038_pca_mesh.obj,143614,2ccfdba289709f01579eacafc2725236e3d56975b6739c45769e220a739b4ebf
data/benchmark/pca/0039_pca_mesh.obj,154521,5dee4122b81375b491cbe9d636adb2dc9b327f66e442083aadcf518577f8295f
data/benchmark/pca/0040_pca_mesh.obj,205473,5991b8ba9d341ae530e9e861b593a9c8c445eaf74b841646e129bc6a72c9073e
data/benchmark/pca/0041_pca_mesh.obj,286009,61a79e498fea756668c82d3f6754cb298fa1e47b4b3683b37e3e842c5c60d4e1
data/benchmark/pca/0042_pca_mesh.obj,179490,0c1a3d30cef79c6f488ff25f0b8330a90e93fcd11249d51d8993a6243c621021
data/benchmark/pca/0043_pca_mesh.obj,443240,3ff078c17331c039c4fd452ec3d508c83c8e50fa4ce7cc1cadedcf2c09f44eb0
data/benchmark/pca/0044_pca_mesh.obj,192791,82941492a3f36bd8ab49a9162f264ab24c18a7be2ad968a37f3c4e4cd3d99a2f
data/benchmark/pca/0045_pca_mesh.obj,206579,a15dab4825e36e2e280a649998e39686469f887012a1089146f38ae8968e1664
data/benchmark/pca/0046_pca_mesh.obj,312716,695b6b8e3ad4bd6a40e6cd61a39910f4dd773b64222584a73aebd42b9ee037d8
data/benchmark/pca/0047_pca_mesh.obj,113594,6457e409fff02e6c14db0bc0f8658f566922133febaaf78c4551ebe074518d33
data/benchmark/pca/0048_pca_mesh.obj,191103,bb379f250eccd1b3886b91d02c6baab7de87dc870b79fae8b3d2ed7c92670ac7
data/benchmark/pca/0049_pca_mesh.obj,169470,fe5411f5d584e10810ddf76f10bfce3c35d0184a4af1ee62d4c09bdda41cbaf8
data/benchmark/pca/0050_pca_mesh.obj,575662,54265a3b2e329711dff4c887738e457d00b335f2b32ff3905cfb69b2ddaa6df6
data/benchmark/pca/0051_pca_mesh.obj,82726,121345e930d2c97e4b5ed96caa18809890b1fd6de70abf098871473730b5543f
data/benchmark/pca/0052_pca_mesh.obj,126012,e1152b0d8211d3d6c057ce653ffc93b6a03ca29103ae9302009ef827eba25ef7
data/benchmark/pca/0053_pca_mesh.obj,182843,640ae00df252e8e0a6ee777ba053b726ead49771d1c4cbf43c06d2f23e80f82e
data/benchmark/pca/0054_pca_mesh.obj,76292,c8b96eb064af3934b7b686cfc4be625b8821cf07f27a1cbc057b1b49394a53c6
data/benchmark/pca/0055_pca_mesh.obj,335463,6865aa777b921f4cadfb49ee8d1439f6b8e2bb7d32ec01e0015050087df79ff8
data/benchmark/pca/0056_pca_mesh.obj,465429,6b9d97f76cfe6d51793b817b054249e4b4107aff04b9f3fcb7064de6bbad2623
data/benchmark/pca/0057_pca_mesh.obj,166156,a1f1a3449e7f0f6ceaa3354b57e7a495266b5c43fb01ba316ea1057c46869c37
data/benchmark/pca/0058_pca_mesh.obj,184330,83107e028a21dc0fcdc2efb2aa635114290e47882d14e6eadee3292adb379f40
data/benchmark/pca/0059_pca_mesh.obj,124945,8de490966985c45e167c110e56111a94d87c1f3bcee266549922de0cc616b9b5
data/benchmark/pca/0060_pca_mesh.obj,85518,8e4641b09b111f852a655ec9850cfd41235405bfbe5394fb463a51eda2048c4c
data/benchmark/pca/0061_pca_mesh.obj,144965,5075d640d37459ef308eed745aa5b4d8fffcc5db33275c8d119a51d66a946d10
data/benchmark/pca/0062_pca_mesh.obj,146885,868db67a59280fd4e512364e1dd35b185a375628734977b55d5bb2a33ef36cda
data/benchmark/pca/0063_pca_mesh.obj,200603,d63d5bbfe2104aa8961597d3513b5c65deca288ceaa73c94e63c47b0a09bce98
data/benchmark/pca/0064_pca_mesh.obj,168650,b73933f58aaa1cdc7e87a24f08b9eff6c13d549dd87631893422eb8e44ff21fc
data/benchmark/pca/0065_pca_mesh.obj,111947,5909734dbc9a5b816abd0e20adc58c6aaabce95580b5a389368ad3272f30e524
data/benchmark/pca/0066_pca_mesh.obj,71604,6827ebc947883dc599181e98ca90f2ae0b99ebd89a0d5cb417ce27f1e1bc9a21
data/benchmark/pca/0067_pca_mesh.obj,135162,fff6accf900cdb80052f84a91df366d26913b19fbf368d970cf41b3616538416
data/benchmark/pca/0068_pca_mesh.obj,299277,b701c3fd8f8a2f5ea567c7e4209b9a8fc71558fa1b10b23e563f053680c38528
data/benchmark/pca/0069_pca_mesh.obj,380926,11cf6c3d218cee848f61616180dbaa99b2e38323467d374b050f15600dad762b
data/benchmark/pca/0070_pca_mesh.obj,175675,a01ebf4be8e3d702986a02f17fbbef4c38ca25dc136405257903b6b10aa84c15
data/benchmark/pca/0071_pca_mesh.obj,179407,0ae14bed89a4bd098167dc56e8930f7e3f825fdc040c141dde187f528536fb9f
data/benchmark/pca/0072_pca_mesh.obj,138375,2245ddcb31f6b10ae9c00565c7c459c03627e3c1e27a8f643272140be28d8b5a
data/benchmark/pca/0073_pca_mesh.obj,191910,0ef0951a5a7ec3c3e3ad403d0bbc7e4be74e274993686bcae888c172fdbba661
data/benchmark/pca/0074_pca_mesh.obj,108522,01a736c7f69f9bc99d99efe7eb7b602064cc0c898511f8984bedcea48010f7c7
data/benchmark/pca/0075_pca_mesh.obj,98878,4295ecfbd212b7a5cf0ead4d55e26c9da8c092b1f0ab54e0dd4d96f1889b6826
data/benchmark/pca/0076_pca_mesh.obj,140612,5dacbc56fc97a9b4783c5d0f701e4afe451eb32bedc1780316756c24b6a8e935
data/benchmark/pca/0077_pca_mesh.obj,123667,d9d547862f174faeb442ac7f29165985331cb99f1554d5b6198035945ff3823f
data/benchmark/pca/0078_pca_mesh.obj,126596,04c8719553d058b643c876a7c4afe82d3e75a9d41ccea5ca64bd57538495e623
data/benchmark/pca/0079_pca_mesh.obj,142389,2abd33a2ef68e0efc0058466f3ada7099938ef8ba283a1c76cfb3c86f679369d
data/benchmark/pca/0080_pca_mesh.obj,166263,9af90c20d6dbb5d668f5f29860edf3119f5775f1f87c14689559134ae49e9fd4
data/benchmark/pca/0081_pca_mesh.obj,282648,8df79a7e2831417f798689126666c341cbc32a9feaa0ed1a2bc34b7906533bf9
data/benchmark/pca/0082_pca_mesh.obj,280534,1df91d6ff122f1f416aed4b0d6fd94c8fb4f22e7c22c4a429cee33555aa05dbf
data/benchmark/pca/0083_pca_mesh.obj,430757,58fe39995c9824eae78e86be96216514fa43764465dea1aba42e712f54f0a0c3
data/benchmark/pca/0084_pca_mesh.obj,187037,4e51624643507c0243a9426ea3ae9d7b376469945860972c68945a2f81c5bc60
data/benchmark/pca/0085_pca_mesh.obj,169550,2b922f7ed650ba53c5731268ee13f584f36cf7511ed51fb6b700bb8e966e9a85
data/benchmark/pca/0086_pca_mesh.obj,284290,d0412a2c3c7d0d1385af268b7dbd6d117fa39a76d9a8122eb09037e823d0d834
data/benchmark/pca/0087_pca_mesh.obj,165968,e58eb12c3363c44f4ee04691c35eae2267f83193a30dd11b678403b1a4724c2a
data/benchmark/pca/0088_pca_mesh.obj,154722,aeaabc0a2d2fe94d3c282f074ed636d3331f05a7bafaff3ab3202af317ddc208
data/benchmark/pca/0089_pca_mesh.obj,133142,3a34eb0f815f65afb5ec4b748f9f3eac0f83f3fabeefcf6d234575d77738868c
data/benchmark/pca/0090_pca_mesh.obj,277716,20ff861a826afb9716f22081b5a56d2d271f5fec8e502e375aaa441e44754a90
data/benchmark/pca/0091_pca_mesh.obj,177601,0333dc80166452733b35076a83ff19817e6da3924de12c12e57cd815f07cc0bd
data/benchmark/pca/0092_pca_mesh.obj,355613,e0ce8abd67fb78677640609b8708e11e1b27df4ba60491d1bd7b2e41f9ac5b24
data/benchmark/pca/0093_pca_mesh.obj,212842,771b1e740b752f02b177fa2955cc719b2be55cd2706390c393496c2623753237
data/benchmark/pca/0094_pca_mesh.obj,219477,9e8e0fc213a7b3402f81fd95085cd225c723d0e0cb053ae0bfd4b4369075b797
data/benchmark/pca/0095_pca_mesh.obj,76725,b5577b56827ef8cc44153ef60f26f24f60a0adfdc809244a962664c20864eeb1
data/benchmark/pca/0096_pca_mesh.obj,145879,e463a0803a397856b9a05ff0cb5e97504462bdf4e659bd7b48202afbcffda4b6
data/benchmark/pca/0097_pca_mesh.obj,125731,1c1e130ae7e68c027af1624ae2673010e42a98107de47006ec3917fa2d388b73
data/benchmark/pca/0098_pca_mesh.obj,68001,6b28398796ad1ca5f2bb315f41a94cf3838f96c3dfcf8637dfb45b4d50849ada
data/benchmark/pca/0099_pca_mesh.obj,63414,759e8119d625bb362ef9d76a05f4a0525de9266909c7aaf6aac67cd8263978aa
data/benchmark/pca/0100_pca_mesh.obj,43439,5a9651106d983e38660a0d1bf23edf0026cb9a4dd2939737218f6de947b23942
data/benchmark/pca/0101_pca_mesh.obj,54272,db84395115f3cde54a1d822c959b18970c32b2fd28c1f69c110da4d4c13fe8a2
data/benchmark/pca/0102_pca_mesh.obj,82649,a50c0d93e85694f532f01fbb5f248104c8de50fe3353710d8596c2767a4b76b0
data/benchmark/pca/0103_pca_mesh.obj,135288,8820d67e88f6ca1f2172159038f243226f811a7153ec8a4f43c854e5532a7d6b
data/benchmark/pca/0104_pca_mesh.obj,199308,9536d992f381982121d122bfbcc41c5a687af309fa29ed5452662c56f0c6ff05
data/benchmark/pca/0105_pca_mesh.obj,109499,eb4e8549f8531bf2269c062a041e7868f137226a60c69130d3d9bd9460d07ba0
data/benchmark/pca/0106_pca_mesh.obj,111310,d1b14e88fa91eab5aba378dead8dc85589f1a469747f6cbd1092c17b0852ca9f
data/benchmark/pca/0107_pca_mesh.obj,101548,2f2c830abf2228c827e0f292f91bf52883fbe6e3f829f7744a987a1d55ce07c6
data/benchmark/pca/0108_pca_mesh.obj,296715,da5e49f523ca32a455c17ca0d691184a4a522bca95ebc1b3aa8445241eff1391
data/benchmark/pca/0109_pca_mesh.obj,254881,ce7ed48f87cd61ce85684c424303ec21d9daa0dde4d5957da8f7a685181c6b52
data/benchmark/pca/0110_pca_mesh.obj,353578,955151a38403d7d1c94a46490f4a9af461aa012fd7a5297d6d5f154b96e9305d
data/benchmark/pca/0111_pca_mesh.obj,163729,1d6dcdd9cb595bc11761ddb0a955eb92ab4bb78ecd3d6bfda151f1b8ecd9101d
data/benchmark/pca/0112_pca_mesh.obj,458135,dad5e6c1a35a54499128b5a429fc3573f34995468f606a6e420fe8e923eda3ab
data/benchmark/pca/0113_pca_mesh.obj,150078,0fc32cb1b14385a00e5cfe325f1474074c46e0c4bee2fa11c2ffdffdbabdf5cb
data/benchmark/pca/0114_pca_mesh.obj,263878,8d6ca42c9d6eca895e49d95cef68d98e7255304d10f5b16b0daf517ba9b7033e
data/benchmark/pca/0115_pca_mesh.obj,111456,317816e4db3a58ca926a6e987d86aa99f24d9c5d13a5517e3e1d0dfdfdc3b39a
data/benchmark/pca/0116_pca_mesh.obj,176210,f83d5b472bc5f39ebdb92aa3e7d9655dc17a2b1658705165ba75a9e89c370e6f
data/benchmark/pca/0117_pca_mesh.obj,327961,7574dfcd73d9696c7811f0b8badc428c0ddfe6adb0966ae5535034c85daf74e8
data/benchmark/pca/0118_pca_mesh.obj,252464,1f9312354985ea3a06f148273dac1224e084f058853240922351c01919b719da
data/benchmark/pca/0119_pca_mesh.obj,231342,131604f6ffa717dbf43eab377ea5ba5835d7ca9ec00c1c7d9ba30f6a454ec7f2
data/benchmark/pca/0120_pca_mesh.obj,269548,64d0d61664ef6dc13f50cf1d7539e08bdaae38680d92cc39aa271f584e436e67
data/benchmark/pca/0121_pca_mesh.obj,266733,1488aafc5f297e9a576437ad52a7625fe16fb594b172f5611ba9925935cfd5c2
data/benchmark/pca/0122_pca_mesh.obj,347872,520be35572b78af1f6ff4ea5ff6004437fa43cd97668357c0f7bd7661cfa29a0
data/benchmark/pca/0123_pca_mesh.obj,110892,8b2c6c69b1a846c6dfbc10a8ba6a7be24c694721692dcd974c907404d5dbd7f4
data/benchmark/pca/0124_pca_mesh.obj,438538,945b002522ce9dcece17ad4dad18156a1bda481bb8435b8c0081a5d6a717f36a
data/benchmark/pca/0125_pca_mesh.obj,703862,bceec52498720d26714df1790ebeeef74013510cf570f824b4683c4bb2ba6072
data/benchmark/pca/0126_pca_mesh.obj,256152,187a95b94c9760e36f59ba7612c6c5ebf08f71e716ffb65f890ea729f5e3f101
data/benchmark/pca/0127_pca_mesh.obj,287850,bbd24ea723eb488f51560059a89d7e0482d93333104022353ef1b9d071977b68
data/benchmark/pca/0128_pca_mesh.obj,264868,9a14b5103edd1dbf786c9cef4b0736fe7c7847bfdd0f19b18b71166ab70e3f94
data/benchmark/pca/0129_pca_mesh.obj,412012,64a53d1e8f5d5a08124fa02919a8722da0003d74c1f9d214d4c74f92831ca50e
data/benchmark/pca/0130_pca_mesh.obj,412894,7c4a55f5f2299f51658794059f7cebffac4fd761056af7627d03ffc9f62a2f6a
data/benchmark/pca/0131_pca_mesh.obj,263247,0d7bd3c1dcd1d0746832bc0bf161e542f566c4c03ffd08bc39d129756087e3ee
data/benchmark/pca/0132_pca_mesh.obj,129940,23910a92b26691a3365a2de8936a551bf29e070a6d26ea238e1be4bb6ee02297
data/benchmark/pca/0133_pca_mesh.obj,391585,f63b39f0cb299ffb29b77eb432426068b3b4730270bf4ade8e326f1e101ad1b9
data/benchmark/pca/0134_pca_mesh.obj,374628,1d5cd85a585c5301f340873523bf6fd20be5c0db34e0214bf0bbd2db0aee2c5a
data/benchmark/pca/0135_pca_mesh.obj,324025,68f01192e48d35061d36d84c6441f49da0fec9f6f98cddb68c8f08d7772f2ba7
data/benchmark/pca/0136_pca_mesh.obj,426072,61055f06f6e916eb38a9462975842e7e810418cb1d9df984a8fa716e982ba8ad
data/benchmark/pca/0137_pca_mesh.obj,426551,611c79aee87593b14ca56e37f25572bc4ed3483b50c3de49a97e1238b87f2506
data/benchmark/pca/0138_pca_mesh.obj,285939,7a024db40647d551cf3236e5f6e1df9289389aa223944cc81c762cd9301b2a8b
data/benchmark/pca/0139_pca_mesh.obj,396226,eafe022e34bc29844c3d5f5ebffdec7932408df8e1036008e62a40f25499b432
data/benchmark/pca/0140_pca_mesh.obj,516180,26d3d68e11142691ee564a7adbb4049bd6300284f81a6a26b206fb8c8dd36625
data/benchmark/pca/0141_pca_mesh.obj,456588,8f6809476c6351ec7d4c4e2fbe84452a60163bbc5746acd4785f4bb80749c5a7
data/benchmark/pca/0142_pca_mesh.obj,414218,c0c882334233c5eb6ac7959d63354fe5725736b9f85d80bd0fe58e59a7aa5de2
data/benchmark/pca/0143_pca_mesh.obj,233160,d87fd2b117c7d9be3c92339630f53d2f9db8d0d8b3ade1a23d278317b141cda7
data/benchmark/pca/0144_pca_mesh.obj,281010,a7566e85b83030e3c1b1ee489b797324beefe5fe651a8628c47dd0fecf8b4ead
data/benchmark/pca/0145_pca_mesh.obj,316718,c33a2b052ccb21fe68a6c69d5190ca876abd3a56a0c06a89d88c274bb8550a0b
data/benchmark/pca/0146_pca_mesh.obj,321328,12a00d6e4c2d8ceaa1cfb9f1fce935cb31e152ae1e1660d31ecb84b1c2b6ef93
data/benchmark/pca/0147_pca_mesh.obj,224276,35798011a6dfa0d7246f59733e61489d81fe024a3fd0419c9339ab1097c815dd
data/benchmark/pca/0148_pca_mesh.obj,259416,abb87aa2352ae44ea1bb52fc4a9237c1974e16402779f72fd3aa26e9f5c4889a
data/benchmark/pca/0149_pca_mesh.obj,290763,93b39aa2869395aba8c1a1aceaa1cec90d599b343d8801dc94e6310c370c4d0d
data/benchmark/pca/0150_pca_mesh.obj,275995,70afac01e33ceeace0e8465f273c25f3a6e4e8195c49a360379e4f7a9ba370e3
data/benchmark/pca/0151_pca_mesh.obj,324170,f8461081d48bf5b0049304ba9ceed9fbcbf648b84a53e45579e62e27279f67b1
data/benchmark/pca/0152_pca_mesh.obj,378318,74ad5ebac150c40a2442777c37eca9eaa61d2749a063c2276156d1b9ad2369e7
data/benchmark/pca/0153_pca_mesh.obj,319055,f63d38eae4569380d52229782de24da679168e8f30feca2bd0d2f338aae68576
data/benchmark/pca/0154_pca_mesh.obj,89470,8a4210fd8696fe56a78e52dcfd2c7dd9d93d5b0f422e54f7623a25c980084d1b
data/benchmark/pca/0155_pca_mesh.obj,364922,78cdf42d674d526b719e3f50c8ed1bad460f0193fed2bd1b3bb45a95449b8fee
data/benchmark/pca/0156_pca_mesh.obj,88293,dc0b0bf7500e9fa91eb28dc36047d2942bc025684a287e8a3413467ac0664a93
data/benchmark/pca/0157_pca_mesh.obj,109500,1bf05499292f2f23ed257ffa9c097ce41d6737c6d3b58c645a2c68a0a912bb73
data/benchmark/pca/0158_pca_mesh.obj,396865,52482c9a28ad19346fa2dc8823d812bbf66be1076e1411af43e38670f8bd372b
data/benchmark/pca/0159_pca_mesh.obj,310852,213101a49e0b64bf66106258a4a004acc2a7ccfe5635612a4b0b7a4c406b5f77
data/benchmark/pca/0160_pca_mesh.obj,317922,5dfe4ddff4df5d2f85263d8511882954edf27d1db6f5ea14ba67ce3acd5bd220
data/benchmark/pca/0161_pca_mesh.obj,345421,020410559c684c75cc8780106f32978328c20eb95698e78465876c9e54c4cd86
data/benchmark/pca/0162_pca_mesh.obj,233813,86e4765f0ca8694a60eb41ce6b680f5214eb93b07c7d24a2d0564264fbfe0440
data/benchmark/pca/0163_pca_mesh.obj,125402,354e8aa8c26a8db27bb7e3643d6d3a0a319e3ae712b59ebe9ff9cb4be4245ea6
data/benchmark/pca/0164_pca_mesh.obj,113893,30ace6dda4646a1c492b8c0f90e186ae07f74cb07d117c4ee373539c7d8719a1
data/benchmark/pca/0165_pca_mesh.obj,224847,b56f4daaf46b74fe79694f97087d3d5ec996a3908503d86e338cffe4f20f8004
data/benchmark/pca/0166_pca_mesh.obj,280310,957494d2e3a89253e81f255596e61936f644c90ab9bccae14323d83216b66f0f
data/benchmark/pca/0167_pca_mesh.obj,171643,9defcb8e6ec44f8de909be33388290305e7741979c7e87bbcd92f011068447fc
data/benchmark/pca/0168_pca_mesh.obj,319907,e002a84691d89f2250cfc64789a997811c23ce179708842cc44c79e92ce9b383
data/benchmark/pca/0169_pca_mesh.obj,246112,451b4a481b904e006b60c3d89fdae9e9b97e118f91227254249790e8e49ae978
data/benchmark/pca/0170_pca_mesh.obj,318339,2b3074da0580b64f6f626ef1014ebcbef6b7a2ae5cd33650b6bc9acd476c2788
data/benchmark/pca/0171_pca_mesh.obj,240712,fa6817479cf862dfaca1fb250f64b4f08f9e7c103e317c51b4b6fce12f2c2cf9
data/benchmark/pca/0172_pca_mesh.obj,257862,183ba4c2288572d3528a314853b5728480eb50225f94e077fe60db0b1e50b0a5
data/benchmark/pca/0173_pca_mesh.obj,169925,6260bd0b2f596963461a31ae6da2a565693ca78f17cdbda058a3ad37a2b6663a
data/benchmark/pca/0174_pca_mesh.obj,243511,d9480c7f72500231325849094168db74af81717507ef6f45cb74ae2eae681d24
data/benchmark/pca/0175_pca_mesh.obj,197037,e50685ffba2899b80d5c90b6d02ad25d644599b19c2a931e36299b44319ea0dd
data/benchmark/pca/0176_pca_mesh.obj,256418,3cf2c3233c11e2f859fd36317144214cdf92b058cdc90efcc49b23c9da3eac72
data/benchmark/pca/0177_pca_mesh.obj,265947,8b809fbf6fd4c0b7917980b77677a92213dc2f3c4578bc47e52c1e8d9588e355
data/benchmark/pca/0178_pca_mesh.obj,220797,23beb40d86a96d4eb35612801316abd905082d95a7765b66dcba3e114bc9d8ca
data/benchmark/pca/0179_pca_mesh.obj,322333,a57d32ce1b8633d6d4c68164e337f428d310aa8b64a65e52b00bc7bb2e0aefb5
data/benchmark/pca/0180_pca_mesh.obj,284881,22a545bd6c4db59ddf3e4901b3a7297e2a26eb05aae05ed920094730692f7482
data/benchmark/pca/0181_pca_mesh.obj,743671,2f6460af53f3e66158ed7495479f15c5a7d93548d03f688441b1338ebc61bc95
data/benchmark/pca/0182_pca_mesh.obj,585311,8d027693b776e71d44c6550454ce6e1cb1ba6a373657de4803b57e994dfe5934
data/benchmark/pca/0183_pca_mesh.obj,488813,87e73976f796dcfd2b16fa13c2ddfee045097317f686b531c081be1f4b0dd546
data/benchmark/pca/0184_pca_mesh.obj,870557,6ba840c22027b7c7ec7fed17925a934408514d006a24c7f0f526772bd09f71e3
data/benchmark/pca/0185_pca_mesh.obj,757046,9e6ae0d82e0912fcda27ba10a46aea2c9fe773e9dcd86f9271aa560383d2443c
data/benchmark/pca/0186_pca_mesh.obj,684279,4fe432a8c57dc7bd7d8202f3d96b260864f80669449b6e82b8928bfef4dff333
data/benchmark/pca/0187_pca_mesh.obj,876743,314f092d3910b1399d9b336183b041a2ecfa4ea3d40b72bc811a83e4ca90a08d
data/benchmark/pca/0188_pca_mesh.obj,632456,91c3e90e87b2e6bdaa1b57836e34651ea258ce33d58a83ff8b3a73ad30de9705
data/benchmark/pca/0189_pca_mesh.obj,193812,dea09e975c34c4ec5c7fa0dd6300da00ab609b2e3c46d90be70c19a9f13566bd
data/benchmark/pca/0190_pca_mesh.obj,364178,bd9aff750b59d979983afc1ece7cfbbcef842b37924e676da56dbe48488f92ec
data/benchmark/pca/0191_pca_mesh.obj,169411,efc2dbe41691997c4ab08b495af3599c9313d28c112c3d3a7736fa90e6722a89
data/benchmark/pca/0192_pca_mesh.obj,312376,b51519e381b302088e84f233ccd1ea49a2e5d9b688bcfa8eaade731305271d97
data/benchmark/pca/0193_pca_mesh.obj,347326,a92e557b07031fd3a7742406f9a3c73ad568680fc16fe0ca9165b07ca17b3a17
data/benchmark/pca/0194_pca_mesh.obj,306290,124b2a3de7390f31aefb05d24f05b0443565a6aed74d6f2b116ba213418a5b14
data/benchmark/pca/0195_pca_mesh.obj,292588,d9b16fb49a8ef5245a7402c83097269ce56a4b80e627477979d948489aca8681
data/benchmark/pca/0196_pca_mesh.obj,664241,b0fd6c869b5075fff77b0cb5d25bc6010d7aa1e652b8762c5ac0c0459eed4bb3
data/benchmark/pca/0197_pca_mesh.obj,423077,d50b7c5bfe4becd6dbe0ce8ca7f075d966b831e34aca5a235002aeb20bd2f904
data/benchmark/pca/0198_pca_mesh.obj,513851,6bff2974af01db8176b7cfc83ad0c269d9e7b482e0b71d0a8355482dc3fbcf1a
data/benchmark/pca/0199_pca_mesh.obj,369023,476a1011dab6fcd5a5191972e0ca44514f79176608eafeb70ddea591b3791e85
data/benchmark/pca/0200_pca_mesh.obj,481681,4d8eb1715cb53ac9a9197eafc7f611fc1e5584994206998c55a460ec3299c2a3
data/benchmark/pca/0201_pca_mesh.obj,261304,fd2f365a5a7f49d880bf3c37a13a257dfac386ad5c5391ea1fbc578868e777fd
data/benchmark/pca/0202_pca_mesh.obj,467873,751451d4b5c8d157770cb52a9cea5737c01ae59e751f8bc14a2975dfdc6ffcfc
data/benchmark/pca/0203_pca_mesh.obj,263514,0712ebea9c4d71e95a0c933050872eb65d344510d08e15a90cc40831b43db3b3
data/benchmark/pca/0204_pca_mesh.obj,360143,e01603051682960beae92042b824692d1480eadd84fbc71ad994ffb9951beb90
data/benchmark/pca/0205_pca_mesh.obj,408873,b4749b46c3f7a8ebfa02ccae2c9563a40fcf0102ba551604a4b05aa2720bb70b
data/benchmark/pca/0206_pca_mesh.obj,305832,f21b4b9435045b64a363eb20153af137fd58b5f8f5dd16d9929c835aea570337
data/benchmark/pca/0207_pca_mesh.obj,250933,7ae22509c0842c8c74e8ce71b614d1363a7b8959ba4f3d36cab3a3653a745db0
data/benchmark/pca/0208_pca_mesh.obj,177977,9b0952b7f92d23d7b69df0a71040fb4088a4fabed29784bfb117e70bc324e493
data/benchmark/pca/0209_pca_mesh.obj,329469,8150a227617c5da78a70eefbca9092733be2cbb68a5a93205abdb8116b55978e
data/benchmark/pca/0210_pca_mesh.obj,727474,690454f4cff2d533d87097358ec1f5978d3c1f1e46b6261ecc85ab9fa16b139c
data/benchmark/pca/0211_pca_mesh.obj,467533,e7c894ad5a8ef130706e5d4a93b194ccf570fe5810dcd0d6441c594c33f8e9e0
data/benchmark/pca/0212_pca_mesh.obj,431808,20b9912b33547316798bcf0649b8fe42cbd4ea48642d0bea64b7c3f263c12357
data/benchmark/pca/0213_pca_mesh.obj,519504,b3f7001801fbebfd6ead35113f7e5c4d67c8c228e5fe915d8af41240e790d47d
data/benchmark/pca/0214_pca_mesh.obj,350571,33f7609da453e07618dd30bdd418cf8f17b88bb10f3417752434a5ec11e4fde6
data/benchmark/pca/0215_pca_mesh.obj,330996,7ec2356c63e6ad35b1c0ff4a5eda1da41819d90142516ab3566722d58ed9ba56
data/benchmark/pca/0216_pca_mesh.obj,470513,189bf2231be6da84db99ab8a97bce66b2c41551865e41ec68ef50740b2cba710
data/benchmark/pca/0217_pca_mesh.obj,350759,735ab232960f928284e017c0e6387767410b16a3539229322bb1c8665fda3f64
data/benchmark/pca/0218_pca_mesh.obj,618898,cfb149ef2a92d829d1033b9c692b00e97d5800bc66e2aa24794ddf0504c0a33f
data/benchmark/pca/0219_pca_mesh.obj,601644,18647251ac8fefa79ae75f8366e09f47333201f953e7dcbb31d92086799dab0e
data/benchmark/pca/0220_pca_mesh.obj,861385,9bb8de3e830d285faad65395394123069107dc4fa82193366fa45ccf35852f26
data/benchmark/pca/0221_pca_mesh.obj,423054,047953c22c942d6e5179124fefd7c212ff93dc41c7537a68a2c4fd560afaa931
data/benchmark/pca/0222_pca_mesh.obj,545908,eac3e677eaef65179bce9e56f09136e37ed0d7b732ac52b70bd041c9fca2a85c
data/benchmark/pca/0223_pca_mesh.obj,239551,d95e3d6fe9abdf04dc9aff32ad43dc4821e7f805a3fea83abecb437e5b5fa8cc
data/benchmark/pca/0224_pca_mesh.obj,184451,d578c26644f585bf4df354c9bee497d6442b140c15d9733493f0de5526be696c
data/benchmark/pca/0225_pca_mesh.obj,462161,f08b3b514c318d966b478846afd3dedbc1fa83418155e5d005cf3346613b47e6
data/benchmark/pca/0226_pca_mesh.obj,549293,e41a588d2d4c3cf52a914ee0485daa5d963ca4348ec89ec70f16df5866ad901a
data/benchmark/pca/0227_pca_mesh.obj,513422,548626aab98a654a5442055afbb568e71893c525ce751adfacb63cf421cddc0a
data/benchmark/pca/0228_pca_mesh.obj,413399,6c9a7ca2975310a8e9bbb93bfe567f16c27f6f45e55ca45ef2437728b0668b43
data/benchmark/pca/0229_pca_mesh.obj,451903,76127b1d392402013e3bc90cae4153f621ebd121eb30b95ebb86a8297d4cfb29
data/benchmark/pca/0230_pca_mesh.obj,392054,4af145c0215298f5dac568aa5f4b1dfcc34b7b7bd031505756c2d750b8988270
data/benchmark/pca/0231_pca_mesh.obj,178720,d19c5976a20b5b8440fcee9481142efc2339b79b357bc7ef105d9f0539763a84
data/benchmark/pca/0232_pca_mesh.obj,283422,1677bc94513d8e3d544f3df3546d58d4d1a6bf47dfeb1c2b1bfbc983dafda13b
data/benchmark/pca/0233_pca_mesh.obj,360700,2e66f26a425149580357559a5cbb8b4c9aeed68d7f2478971eb9a1b3ea0041f7
data/benchmark/pca/0234_pca_mesh.obj,289627,4ac0673f29c539f8069efbc75438c5ba537f6268ba2f47046f057e61e81fdda0
data/benchmark/pca/0235_pca_mesh.obj,356526,62aca5e11a5596130a89b85758746906dfbfae743cd9a969e83af510349371d2
data/benchmark/pca/0236_pca_mesh.obj,209964,68cf15241781cb145e1f429379603902b3a919572ec834fbc9bc43529d842aa4
data/benchmark/pca/0237_pca_mesh.obj,327669,2c492b6558f51bf62e8c3a38d528a23e564715d396e6c79d617887f18ccd2197
data/benchmark/pca/0238_pca_mesh.obj,243493,9b0e77ade9ad0364fc1f22a402a8f4efebe43288c88046bb73d117728d8dd38c
data/benchmark/pca/0239_pca_mesh.obj,443261,7b99f1ed62b03b40d48254bdf87f84e2a31d7e02bb2b52d0ba0e13fe3d23c82d
data/benchmark/pca/0240_pca_mesh.obj,349324,8f405ed7bc7348545aa3f2446d1e796c1192f898d1958331b29f4a1a92e9c0dd
data/benchmark/sample_manifest.csv,15594,2b9ae12fd8bd335e91e82c157a0251456f8fab2bb4ddcfe56268ce974d6713bd
data/benchmark/sampled_four_method_leaf_areas.csv,59554,aa7440e297dbe5b916f61e1eaff2d643733b3fe49464c5bc36b89cc90c74a3f4
data/leaf_manifest.csv,82992,be010616cd594d4cff3c3de3217fcf7cf285aaf62be2d50c15d8f8f982105b01
data/raw/0001/0043.txt,185240,a7cd9855b59070af35b71bc3faa373f0a3d1a99d54236d80ea944d6a77af8dcf
data/raw/0001/0043_pca_mesh.obj,443240,3ff078c17331c039c4fd452ec3d508c83c8e50fa4ce7cc1cadedcf2c09f44eb0
data/raw/0001/0054.txt,33644,94ad3a0384d1a9239b3f8bc05d05784ea7a2a1bc63a26131490111853ba82872
data/raw/0001/0054_pca_mesh.obj,76292,c8b96eb064af3934b7b686cfc4be625b8821cf07f27a1cbc057b1b49394a53c6
data/raw/0001/0070.txt,89512,b603a174a789336b4b89180b0c6fec5e3dcc73e331dac1b7b903f2f02022e6c3
data/raw/0001/0070_pca_mesh.obj,175675,a01ebf4be8e3d702986a02f17fbbef4c38ca25dc136405257903b6b10aa84c15
data/raw/0001/0095.txt,39778,ff641314e48f0aa284729b6231850fe9662c579863e2acfe0408548830ef041e
data/raw/0001/0095_pca_mesh.obj,76725,b5577b56827ef8cc44153ef60f26f24f60a0adfdc809244a962664c20864eeb1
data/raw/0001/0136.txt,171426,9d4e9c86132ab93c0c7430b1b8ddcff4344f298281bbbd32100ca1f3a3bb5e0e
data/raw/0001/0136_pca_mesh.obj,426072,61055f06f6e916eb38a9462975842e7e810418cb1d9df984a8fa716e982ba8ad
data/raw/0001/0230.txt,191432,92234ff7234d3d7d345f38ede6cb0cf5d5f102a8ef2d293d264cb897a33a22cb
data/raw/0001/0230_pca_mesh.obj,392054,4af145c0215298f5dac568aa5f4b1dfcc34b7b7bd031505756c2d750b8988270
data/raw/0001/0280.txt,104248,5d0758bd0c503191254e728e868ace89e908ce4d0e3038526ae21190acd2d646
data/raw/0001/0280_pca_mesh.obj,206035,b64c62e830f37005eaefb7721d55526ff784843ac2f8f12cfc198e3261be1cfa
data/raw/0001/0293.txt,142082,d0797e41f4db74e8b5423817f540aae03f3d96868125093cff97598f9205a480
data/raw/0001/0293_pca_mesh.obj,286685,62d37b5c6d8693538f7577e4b0fb14cff923c6cd0924ef3ab841be089433917a
data/raw/0001/0326.txt,93101,78dcf23af6fb7f3e82039771687b02f1ae51a5b923ee8609ab67f8229b5cf0c5
data/raw/0001/0326_pca_mesh.obj,183637,af077d000d5c5d04efb8c06956ec9af7ee661d6a18dfe4724a19608f094a583b
data/raw/0001/0360.txt,167280,37893bda5baa0ef10b4dc25af0497494f708c3f9d7f7e4da1689093294a671e3
data/raw/0001/0360_pca_mesh.obj,406595,4a9ae48b500749de33be8eaf219688df483e37342e8e019d357b97b709daa8ff
data/raw/0001/0380.txt,57659,1dc13ff61ec00c3df20b5a1c8e203f3a7df6e5357d755fb8ecac2da2e3b66a01
data/raw/0001/0380_pca_mesh.obj,130747,baf53d0cb906515c6cab8e5b6e31a85d4a35c981809b06b94409b5836821fbad
data/raw/0001/0502.txt,120196,09f99b0d83bc9d903174af48db4734090a7a15ffab3dea733a0ed2abc61fad40
data/raw/0001/0502_pca_mesh.obj,287540,35eb02859968531f5e1dc974e56fcf638c6a8198636282d74cbfba5b4a60152b
data/raw/0001/0529.txt,67217,7230fc1c3bdc8b153b71f503df8390a0c3c4e1064b1241a052b765fcd8e46644
data/raw/0001/0529_pca_mesh.obj,129823,a9a7e6b2418ef6dfa1ed6e5399d4c13aeeab8e5e27ba81cba8032e869010a83d
data/raw/0001/0541.txt,16266,bb77f2c1bac171a02d6da7f319fa4e06d5f3fd034b062b830a5472eedb5c427d
data/raw/0001/0541_pca_mesh.obj,30224,f0b97127b72f9c7bf3e273a639a96c080b478e66a47658590fdcc3c324cb2b4c
data/raw/0001/0580.txt,49515,46519924731267360c364eff11be3a4cbb51864ca580f7629081c52034880750
data/raw/0001/0580_pca_mesh.obj,111596,5a4e87f195dc63f23f34af6f8e9f1e0750a7842784408893ca9ce464f8a360c1
data/raw/0001/0628.txt,79325,1443d4380b955d30d1d105f017e81fb6bae0bc6eedc8156c3869df723e06e6e2
data/raw/0001/0628_pca_mesh.obj,179868,6eea4c6e1a8cbc7de11831e5b7f5c365b1df97a1a8252b6f8c0df6414d0db989
data/raw/0001/0696.txt,140670,5799dd44666b72c86ea20c402717a68eb0dc2a9bfb8a568b4a4277bdb174398b
data/raw/0001/0696_pca_mesh.obj,341918,47f36eebb62051f1464ea17730b0122557b1e8d845f843b9323a966ab66f1016
data/raw/0001/0732.txt,38703,3e1ee33c7b0d150028229ca6806d2dda6bed7b8640252d389d260ed4334226c8
data/raw/0001/0732_pca_mesh.obj,74871,ce727d3040c619a5046fdc44af83854692eacaeb5ef649201db47baf0fa15362
data/raw/0001/0772.txt,189262,1e586afbe30282ccb1d931159e811aa4916887199ccc1bd3201089c11d626d19
data/raw/0001/0772_pca_mesh.obj,378397,09143e88045020be72117e433ee21ea5aba15c3cf2b8636c86ef7f4d59543458
data/raw/0001/0805.txt,204061,94b2694f58e1b970c9a9b6a64d5d329077bdd395fe862453969aca4610f51196
data/raw/0001/0805_pca_mesh.obj,414522,604c0a17f7cb1d69356788fa5fe48842bc68c54c6f81cc4fc0f5c54d06a3b2bd
data/raw/0001/0829.txt,3854,6cd690ceb964a34e42cb9ffb946527fa3a517a41ce5562b12cc48313b07136bf
data/raw/0001/0829_pca_mesh.obj,6242,08283851b0e91b0e1ccdd8120ab06e40ac878b2941b8a5f20871a2deffc4be48
data/raw/0002/0010.txt,219581,f6e0093034d018ce4456050b4c2602b261ea406cdad0d132f7ad48ba4be35f13
data/raw/0002/0010_pca_mesh.obj,527434,31726a7300cf5f511e9eeea750c099cc0051dc7fdc6e5866f3bbb671a87c1702
data/raw/0002/0051.txt,42927,d6ce085355ed112bbc9e9e16c785de424eb645a04e677b859ac7d4e92d4f2b93
data/raw/0002/0051_pca_mesh.obj,82726,121345e930d2c97e4b5ed96caa18809890b1fd6de70abf098871473730b5543f
data/raw/0002/0076.txt,71364,33c2ba489a48d7dc632832aa3a4aa83a55704fc82830d41d7a60e2feda0daae5
data/raw/0002/0076_pca_mesh.obj,140612,5dacbc56fc97a9b4783c5d0f701e4afe451eb32bedc1780316756c24b6a8e935
data/raw/0002/0105.txt,56435,5d4d84a028f3be059186520399f6142f943a4123679e41776c7e2d6989143c64
data/raw/0002/0105_pca_mesh.obj,109499,eb4e8549f8531bf2269c062a041e7868f137226a60c69130d3d9bd9460d07ba0
data/raw/0002/0137.txt,170082,d5f841ff1010c8bf49edda9f46577e585313d2989f67627acc19135e28b0cfdd
data/raw/0002/0137_pca_mesh.obj,426551,611c79aee87593b14ca56e37f25572bc4ed3483b50c3de49a97e1238b87f2506
data/raw/0002/0217.txt,172152,e01b8453e0e47e5a47d4c6b6d81c8859f8e99e9ce8160f05d9a18b563f215bf4
data/raw/0002/0217_pca_mesh.obj,350759,735ab232960f928284e017c0e6387767410b16a3539229322bb1c8665fda3f64
data/raw/0002/0248.txt,62203,1d681f10effca40bdc646556f10fe29e6087613635116290e7083afb5de3abba
data/raw/0002/0248_pca_mesh.obj,138973,93c6579f1366b601124999259218ac95cddd0100290f14daee1371d7cdf435f2
data/raw/0002/0329.txt,104262,d7b5a56ac9a854b188d600d4636d257b0b133fec59af7758bd2ff490b09b7e86
data/raw/0002/0329_pca_mesh.obj,209475,0780d11baa64eda168ece5a28f1e4be3f9772eac133ef46456035e838269aad5
data/raw/0002/0362.txt,165330,dc9915fea67cb2791617088c17e358d95cccba83307c6170185afecbdddcb828
data/raw/0002/0362_pca_mesh.obj,399463,cc768e51079f8dac002321dfd1e6fe01a22a4b3dc7ebb7f0e420a1e2188173fe
data/raw/0002/0366.txt,114396,6b199fcf09d5aa5e5208ea4981454fd3686a8ee60ab279bcc4c86ec46d0a13bb
data/raw/0002/0366_pca_mesh.obj,275796,e4af1b1635fc0009d795d7835bdd94a271b4841ca2db2d83a942f5598b0552fe
data/raw/0002/0385.txt,69103,270e2ccf2f58122cb9bac0ace2273afdded86cc9e84bc5e703a6ab790aa553fa
data/raw/0002/0385_pca_mesh.obj,155142,34d451c50943a5a9d6324553fd10e61cd8d1515573231ac74948694cfb7e94fa
data/raw/0002/0434.txt,22775,75ca8e06bad62082c0ecba22caba12921bea32b3ea4bcec04178f445c3d9cc6b
data/raw/0002/0434_pca_mesh.obj,43840,20363933dfcc9efdd7eb9177e252b22b857021411d264b0ea3ece878eee7adf2
data/raw/0002/0451.txt,62820,648f5d27b5321e93e807178028c6d0f8b7654a49c1a4b233e743fc8e10096350
data/raw/0002/0451_pca_mesh.obj,124835,fc0d23c18148e05192a46a04f9c7d9d8353d75868c01776948a95bc6ed9984ba
data/raw/0002/0516.txt,71373,b5482d51b871681137b946c1398cf685a00e61dcd27191067343b8fe7216b49e
data/raw/0002/0516_pca_mesh.obj,139165,c4af11b588b53e040f9da69b628c1f29fd4dc4b920578ec11635a2ffafa2fea6
data/raw/0002/0571.txt,53541,58b0b10e6076b934d0696ac5868cd2942aed7b4db62a40fa7042d50285819edf
data/raw/0002/0571_pca_mesh.obj,105008,7f12c60a111572a515e5025efb45ccb7d81952c765f9bf1ca194a0cb1143c19f
data/raw/0002/0691.txt,23781,2c9f22cc3f31bd97cf889eac232fc69fc8ec93f1cc462af5294222c072fd07ba
data/raw/0002/0691_pca_mesh.obj,53056,2b9bafbea0c71776f4213c3623f48d5d850d02436fc467135cc93139165f84fc
data/raw/0002/0701.txt,138498,19717cd373bd95055bc5caac9efcebae10ae15431f3a0c4e458b2849f5d7f529
data/raw/0002/0701_pca_mesh.obj,340930,fc6989ae882a9de37f27723992d501ed85947edb529f14329925ee864566cc7b
data/raw/0002/0704.txt,96626,52a4180eb01aa027be038656fb8129ec8b4b069c034891570061c0d790c34186
data/raw/0002/0704_pca_mesh.obj,225093,e6ebf353a601e0933c47ae59584b113d8828a191275114aee6c29d1ebe69d7a4
data/raw/0002/0755.txt,5055,47bc7bb0d888aa77bda586e9d27e3075e368c5741d969f8fa9adff6ec0471b6b
data/raw/0002/0755_pca_mesh.obj,7817,a3e2ccecbd6925b7ad0fac026d689017213c50d0ab69b338817f0c7e39352576
data/raw/0002/0786.txt,141046,44f26c7580ff7ee5723ab89b103d1e97392e31e59306c0ac13fe6c9325373c7c
data/raw/0002/0786_pca_mesh.obj,292216,3d2a1965c9f1a074240532f0c6eb9a6b9dc9d638357b8e0d6df14add551e4350
data/raw/0002/0793.txt,242565,aaa7fdb33c66e7f0187b5d455d6643bd643cae4eedfddcdad927f6a47aeb86fc
data/raw/0002/0793_pca_mesh.obj,500423,1fee64c857653b810bd58d736df66594468191ae25c53f4bbc19f2dae271ca81
data/raw/0003/0020.txt,85015,a4f842146d1a3a0f7489fbc26471ebaef606f4fc3736e18e32d1f0f571d0e6dd
data/raw/0003/0020_pca_mesh.obj,164821,3f64c4830e3800fb448f2f8fe84886a3fc079f48abc8d16abac72f9b84684760
data/raw/0003/0029.txt,103245,98b586ee8b69dc940c0bdf22fc1909ac9247bfa3614669c1e53ab34f248d902e
data/raw/0003/0029_pca_mesh.obj,207662,d3dfd1acd7c744a8f2d31751738562539d82bb665a624fbc821b90ff01b18abf
data/raw/0003/0047.txt,49293,dad86533d502a7905bcb2dc82607948c8ab93378535a76421aa1220217245813
data/raw/0003/0047_pca_mesh.obj,113594,6457e409fff02e6c14db0bc0f8658f566922133febaaf78c4551ebe074518d33
data/raw/0003/0086.txt,119923,f0d129571144df1c2d518c94504fec99219ede63f1a7d27a7b02260e37bc6019
data/raw/0003/0086_pca_mesh.obj,284290,d0412a2c3c7d0d1385af268b7dbd6d117fa39a76d9a8122eb09037e823d0d834
data/raw/0003/0141.txt,183494,499c56ca5805b18c2cc4ba42cc80fc609d64f1cc03e6f960a05c4f377dddb055
data/raw/0003/0141_pca_mesh.obj,456588,8f6809476c6351ec7d4c4e2fbe84452a60163bbc5746acd4785f4bb80749c5a7
data/raw/0003/0188.txt,342041,11b37c757705bb2d2a8766447714f5b0bf6abda0021d7a17538c97b83d5b69a9
data/raw/0003/0188_pca_mesh.obj,632456,91c3e90e87b2e6bdaa1b57836e34651ea258ce33d58a83ff8b3a73ad30de9705
data/raw/0003/0259.txt,101670,6efba0eaa2ae592bb9527c31dfa54f0557feaf582760ff5a767423b0f8288ff0
data/raw/0003/0259_pca_mesh.obj,236502,825ea5a65d418fc9b3f0ad9004e2a333da61ee48878a0c595f306a046a293f8d
data/raw/0003/0301.txt,59714,e49eec42a3fc512d01fec5660c52317806d1b1fe377c170c71e95a81a9e4bc70
data/raw/0003/0301_pca_mesh.obj,118068,0701d8c39a85a8c8d8533a15722907b169dfe361834b521054d1d76253f8bd33
data/raw/0003/0381.txt,73814,1145ee3dc391c19685e22e575596d2ee801f031a4ac8c544042f4a677867b4f6
data/raw/0003/0381_pca_mesh.obj,166987,34d81f227da88f7d496a44372deb7fac2136b3b08ea917de72ae36d7a9c731ce
data/raw/0003/0427.txt,63945,d293f6dcbcd8aea72f66d6db10249514e541689c336c925abf11e1899480e356
data/raw/0003/0427_pca_mesh.obj,125868,b1eab7481501243ca61d917ddc50cc6f1883fd6e6ca4aaa9a7a97c072dd67741
data/raw/0003/0433.txt,43599,8a2a3905c3f2f98433b39a9c2e95a7550004792765bd7e0fa46dabda2bc2b747
data/raw/0003/0433_pca_mesh.obj,86490,62498a830f324c6d5238972af0e4e130cb1de4ff5019d45bcba751f8f40bfe66
data/raw/0003/0503.txt,206083,9a1e4366008d209c2f45e9571b79cd871919de53058a48b479b09fc6ab717f39
data/raw/0003/0503_pca_mesh.obj,504759,88c7ed32c552b57527ce6b55c2cca6c8c191c5f2900d3b05041326c95512e73d
data/raw/0003/0511.txt,31217,840911201f4ce7b4a95e1c36183cd58d331018f83db9339baad86567e7058744
data/raw/0003/0511_pca_mesh.obj,58872,677bbd037888c896c543c17d5d414bd054beabf5d20ae63e1b65fa948b20de1f
data/raw/0003/0530.txt,75724,9dad7e96a064dfa9f0d0738321c587fde2a1adc209837584804b23cedd04fd2b
data/raw/0003/0530_pca_mesh.obj,146826,5b05718ef348d6641d4999788482d740084ec18dbfc09cb1014ffec40e9992b3
data/raw/0003/0601.txt,87973,79ad0530913e2edea842b0a69f64b64a5b25387ec01d131f65974b5938222f69
data/raw/0003/0601_pca_mesh.obj,208382,b061b0bf0555be82c80d47f483e3bef96e7481493f18eacb96a140109f49f9c7
data/raw/0003/0658.txt,87534,9861d948f259595e3bc83d17195c51805054019a4ea6493aa387da8f2d99135b
data/raw/0003/0658_pca_mesh.obj,204726,c5a9b3d4ede3f97a1824459a97274559a038442b313ba9fbe465e8bde7081c66
data/raw/0003/0709.txt,35318,654dcd1c082081ef7e40882e435301ff2190d957ed03a6a832a0a3602c0c85d1
data/raw/0003/0709_pca_mesh.obj,78305,b91cc7e5fa1cec38cf5ab5dbb14bcd566c82dc98d1fd6db770cb96b3001679aa
data/raw/0003/0746.txt,122464,5d6bb4cc0addf8450de71de9251fb6f79f3a84e87f16eab41dba35f8730f8242
data/raw/0003/0746_pca_mesh.obj,250827,fd07c2aa0f96c5f6452480a40cad2aa681c27134601773505caa50030b9ee89f
data/raw/0003/0754.txt,17012,d005e401cf022a7eccd1418db673d0cd52f4e250b7b706ff25b87929cf734cfc
data/raw/0003/0754_pca_mesh.obj,26339,360d67868e74d018a9270a9ffc4650f8158ca9d005369e452b6d16f039acec63
data/raw/0003/0804.txt,163982,9ecb63b65a5a111e6832077e3dcc110fdc0039ac827b8dddbcca7037387ed195
data/raw/0003/0804_pca_mesh.obj,333378,912edc7981b9b0dc965ca13ee23b93cbe8a6f2ea474f168b01c648dd84ad137e
data/raw/0003/0837.txt,229533,f744fb20dba2f508bef1f3cff6e9bfc1c242d3268574b07d9438f3c31ea51f5a
data/raw/0003/0837_pca_mesh.obj,479314,5a20955d9163b3f512acda331cef1edf807bf6a2d7ed87cb03ad4d12f89befe7
data/raw/0004/0040.txt,102933,7793d047031521aa6a4f3cbd57186047fdb58af03df0df958289506b6a709665
data/raw/0004/0040_pca_mesh.obj,205473,5991b8ba9d341ae530e9e861b593a9c8c445eaf74b841646e129bc6a72c9073e
data/raw/0004/0060.txt,36843,19c7d6b7626ab8b2857080c236d2ad6f27a0a20d3a39376b33627900562100d2
data/raw/0004/0060_pca_mesh.obj,85518,8e4641b09b111f852a655ec9850cfd41235405bfbe5394fb463a51eda2048c4c
data/raw/0004/0106.txt,56834,974fb91d0f8c16342350e779a0d21c040372fd7ba9ebebebd95d927a924141e3
data/raw/0004/0106_pca_mesh.obj,111310,d1b14e88fa91eab5aba378dead8dc85589f1a469747f6cbd1092c17b0852ca9f
data/raw/0004/0114.txt,111973,71042b1c7708facfcace29342b7c33717def13b5807185293872c332bfcacf99
data/raw/0004/0114_pca_mesh.obj,263878,8d6ca42c9d6eca895e49d95cef68d98e7255304d10f5b16b0daf517ba9b7033e
data/raw/0004/0148.txt,108585,7e2cbf670e6ad7f000014a7461b52624e2777a24737fa8f7324ff2691c55f858
data/raw/0004/0148_pca_mesh.obj,259416,abb87aa2352ae44ea1bb52fc4a9237c1974e16402779f72fd3aa26e9f5c4889a
data/raw/0004/0192.txt,152818,504f3d90b6be06c2fb2a4f1b90768c89d57e8270502795669e403bf876e82003
data/raw/0004/0192_pca_mesh.obj,312376,b51519e381b302088e84f233ccd1ea49a2e5d9b688bcfa8eaade731305271d97
data/raw/0004/0243.txt,214279,829afe48ec282366006d51f2e1c9c48b5506f05aef657efabb63239e24ec57ff
data/raw/0004/0243_pca_mesh.obj,514311,6175184ae1c023e7715bb4f3757cc9568b480649cab0f6b9c39ff5dd6e77e662
data/raw/0004/0304.txt,95779,ffb31d8686978fd20faec70e212b3025ead8c9413a6a994526f4cd3855ff4539
data/raw/0004/0304_pca_mesh.obj,189733,66bf09cd08c3d6dbabcacd7c4604942e72b202dead2f7eeb970544090c8b855b
data/raw/0004/0336.txt,105066,c3eb525e60dfb13219d9aa9f4a3eee60f273519f2aa4913208bce237941a862e
data/raw/0004/0336_pca_mesh.obj,207561,4f794635bba45e43e3882c6638794faf1218b8ef115226fc9e8c44c5a4e66c27
data/raw/0004/0404.txt,60879,e7f882cfe3888569c3dca0f21c26a4831db770bfc670d04a00d59574ee9fe467
data/raw/0004/0404_pca_mesh.obj,137850,00cfa9e16b198763dd8d4229d085d695c5997fd2700294b37354a1752f3b0a6f
data/raw/0004/0457.txt,43547,1c46f1516c97fff895b85135bbae4c35d37ffe68f06ff492c443ca7020a02ec7
data/raw/0004/0457_pca_mesh.obj,85009,cf42bf7e8656ce69e63338901c7245238477ddf66da6859b82acc27a6ea8eb1d
data/raw/0004/0520.txt,47341,671bdd497f4cbe15f17b8b91337a0efc9d44ac661f29210b065b18a19118ee93
data/raw/0004/0520_pca_mesh.obj,91958,abe0d27f156e3b1cd9da7e047851c3cb5d0a49480270a6650173ab7c0e109e0c
data/raw/0004/0527.txt,69358,2cc2f3fbbf375e0111ce2579dc4e5847ada41eb0cc5e683b55ce847a899b72a6
data/raw/0004/0527_pca_mesh.obj,134160,0b1000c533fca8222260621181314b345ba2f2a27a0f40b9848f63b7ea6d863f
data/raw/0004/0584.txt,5213,4618b9dc7b2ed486ad6441122dba8b2602395531323d0ae86fa65285184900e0
data/raw/0004/0584_pca_mesh.obj,10634,3fc66631fe76273e45f589f9b1b0c0e689a77b6d628b89f799b0fcbe7a345581
data/raw/0004/0600.txt,78840,12841e8e6f784ef5b47a97024287200f33a415700332bb569f345a888832f1f6
data/raw/0004/0600_pca_mesh.obj,181265,13c99bb8c35720442d6108a0fcf61cbbe35576b5d64107be69a87b5a9b6c20ba
data/raw/0004/0632.txt,25982,c16cfb2bebe318e99c28e5aacd3c0eebc242d1ce55c772a1527ad337b0d21c68
data/raw/0004/0632_pca_mesh.obj,57452,d670495732a9eae443926b24d0b06c6f4ca4c87001a87bf19fe2f303611bad6f
data/raw/0004/0727.txt,124241,54bbe5a4ee797255cffe3af84346ce7ed417187eea53e748741b337c2f922759
data/raw/0004/0727_pca_mesh.obj,254503,6842fd6f9bd15a2ac102b6df418383a3cae621f31c40c26a80953537cad804e3
data/raw/0004/0747.txt,114651,2eb84ea5092291fb2159644699c352211e5c36c633408df396fa03746cc78daa
data/raw/0004/0747_pca_mesh.obj,229342,ae4f13ff7c314fb252330765c5809896343d64d0753ed0025c49b137249dd5af
data/raw/0004/0766.txt,12137,8f10d6d2f1b032391d990f728fa9ecb58506d698bd82a5bf99a9f26fad796b45
data/raw/0004/0766_pca_mesh.obj,17165,634cdcd1fd0ae4423552a20d5f11eaa07d52f8c86cf252ad8647f5d3f358d481
data/raw/0004/0769.txt,224747,f1559cec1abe3803813a5a9514ae74afb02acb9c6dd6721ad4cc4b575f288ad1
data/raw/0004/0769_pca_mesh.obj,457760,d4afa6aa168793cf71276e291ad825e8bc5440552ec8fa695f5d0379781b2d48
data/raw/0004/0788.txt,144257,873765b6c427b1ee1c6bcf6d1b1c831c11f279632f301eb4189aa73406f1f672
data/raw/0004/0788_pca_mesh.obj,301136,b1b7697418ab087e1a78d866d4d2e69dcf2eb9956f2b126cd753880cbcb01043
data/raw/0005/0007.txt,41864,6c741203c8d07977923782672e2b1bcee4366a2416434dc2df6582a3af1dca2e
data/raw/0005/0007_pca_mesh.obj,93243,6f81416d7cf06133ec2ed342d33e39ad964801451f089b35675a77737c660239
data/raw/0005/0033.txt,111691,ddd0fab274dd4a86fb63ae5dfc0351c91c88605698931d48c720d1de3273530d
data/raw/0005/0033_pca_mesh.obj,227195,e1c33af899bfcb0eb7d9a308b8c52c35dafc2d3463797f4619b3a1e141f2439e
data/raw/0005/0067.txt,68078,163742c11473035136f6d28497fbd06924d4703f21276ed8f7493d2148910834
data/raw/0005/0067_pca_mesh.obj,135162,fff6accf900cdb80052f84a91df366d26913b19fbf368d970cf41b3616538416
data/raw/0005/0118.txt,106724,fb6eb978ba1493c723c577f4f7cfb00f0ed745b9251c1a303d108ab5a4c1a08e
data/raw/0005/0118_pca_mesh.obj,252464,1f9312354985ea3a06f148273dac1224e084f058853240922351c01919b719da
data/raw/0005/0168.txt,157090,7b4e0b571a8bb43bd46961dbc9e8645f3a0438fb5b31f0dca57333dc5c1788f4
data/raw/0005/0168_pca_mesh.obj,319907,e002a84691d89f2250cfc64789a997811c23ce179708842cc44c79e92ce9b383
data/raw/0005/0235.txt,173234,be1cb7d767549dfa52ea61f9064c99bfed9fd3a307b82b20a63b0582d1bf73f5
data/raw/0005/0235_pca_mesh.obj,356526,62aca5e11a5596130a89b85758746906dfbfae743cd9a969e83af510349371d2
data/raw/0005/0255.txt,106216,9e34bd36b56725867fcb3f7f2728f6d5cac7fcc43ae3f6eb934e8e0cc77c7d8c
data/raw/0005/0255_pca_mesh.obj,249898,e447bd0bee1dfbaa4a514eb875007eab6814e1b7e9e7f5c57b0b022d3c60553e
data/raw/0005/0325.txt,83126,4727984837d9fc913465ead9e6ded1a5f06990a17722d492e9c20b06bfa5bc87
data/raw/0005/0325_pca_mesh.obj,163530,0cfc88a521431292e1b36cec6e082ba26059b1098a6fa85f793052f27c3c7b17
data/raw/0005/0372.txt,81267,a3674b01e1722fc1485455b425a8e02dd71d475ce507bfdf20c1e332eabac2b5
data/raw/0005/0372_pca_mesh.obj,188685,bb0ce16c6c83630359600aa4e00371fa7e2fa04ff3e29797bdaa1d387727f887
data/raw/0005/0409.txt,87567,7db0e1acb9eb066d8460c3e5926e79b68887aeb962d9661285bfc11c04d8772c
data/raw/0005/0409_pca_mesh.obj,171553,dc858b0c0f95cee28890329cce77dd6a2440d326e62edba9f00ae70956e9d0f3
data/raw/0005/0431.txt,25061,e236224bbd978df7b0be65ecbda1477ab762f2e1894b1874117501d9c6d0f7be
data/raw/0005/0431_pca_mesh.obj,48548,caf703e128fc474d03239bd8b53f1ed6429e5363951af0dfba872fa9dcc22a8a
data/raw/0005/0450.txt,83360,634eb5db3f09e323ed7a10637af6320ab629cd96261c5712b71e8857868071c8
data/raw/0005/0450_pca_mesh.obj,164720,0e6407f7eff4334eb8eb9dfa46fac77ee490731975871c52acb898d2b4c177c4
data/raw/0005/0528.txt,54322,22025459dfeeefb2eaf1436988e45d4ff90218258c8e432d0b1995049e612258
data/raw/0005/0528_pca_mesh.obj,106098,b172ed2a666434454ff262a1666929e435fc7942fb5f566b0d035fa7eeb890cc
data/raw/0005/0576.txt,95394,6696e93b7ce4b3205e8bb073af6d8c9da205dc36f57936dcce5fe4bda2eee622
data/raw/0005/0576_pca_mesh.obj,221007,32cddb089ec56f1dec7e52c9136e82477e29ca22de67aa1be0af791abb8e5f1a
data/raw/0005/0593.txt,140682,173be767aac4041c168e36863a820e71a49bf856c492956f1964c5721ee20ff9
data/raw/0005/0593_pca_mesh.obj,334632,4ea812b0aae67bf31a9cf5f16081a463f94530668cc2542e2822748fff7296eb
data/raw/0005/0663.txt,91360,9aca172074da300d34cbd32aaba9566b5e3dc17fd182b3c2e3be8c48f8ebcca6
data/raw/0005/0663_pca_mesh.obj,220667,64229a3a338ef1829ffbbb67e33cc7ead4a8c4b9b83030e0a50091c032658139
data/raw/0005/0683.txt,121102,89c7dc5772617a30a0b5edcb4378e2d488349486edee44e5b17ffe5dec77b236
data/raw/0005/0683_pca_mesh.obj,288068,fd4370b1fe8e576d5373f2ad675e5b916e132c98639afe2ab2193d69d86d77f3
data/raw/0005/0690.txt,28544,072bf4ae5561ab9f3d0d2bf52c261ae8872575e98df2547dd658b0b8d8476d2f
data/raw/0005/0690_pca_mesh.obj,65920,57ec29e5f9d7bf14c30325a61978b25e06287aea1a1984b6fa81e8bab6be49c8
data/raw/0005/0787.txt,145427,6c4979506fcbde52b415f4a0919d4829974f922f2d5daa775c87dc3062efcc38
data/raw/0005/0787_pca_mesh.obj,299551,6c3a790e2a9c35b6c6cc9f61b378d30e1782dac35ec37bf89e591df61e44cdae
data/raw/0005/0816.txt,18634,64363d2012c789bb698d2ccf1409adfb2405a9772ad5b77b2aa2a24c30c81ae4
data/raw/0005/0816_pca_mesh.obj,34963,96b08748b4845056990329027afea154007c1bee0cdbc58d856b27b772c8f5b2
data/raw/0005/0834.txt,165293,550fdaf4327f5fe6ea7540674f07820b986008651f14f6e78fd541835912e145
data/raw/0005/0834_pca_mesh.obj,337458,f87005ae493604c0620c4bf298dcb84fd961e947e9fd6140bf30b62f346af830
data/raw/0006/0004.txt,46999,4b966b74c7d0ab39a915e7591fa0aa93f61097b7f79a09a637a44b5477387988
data/raw/0006/0004_pca_mesh.obj,105150,0447dfe4c3672e9faeeb18f89b6a54edadc11cae947f46ad2de0d99d51945ef4
data/raw/0006/0015.txt,101564,3d738cc6b600967e7bd4e72e32fb3cd5bad8ecd87a41dd1c15d3d6074449c775
data/raw/0006/0015_pca_mesh.obj,200489,86591d27384f3f0a1b3a5ccdc3d298ef7fc40ad06c3000a7134afe58083438e1
data/raw/0006/0079.txt,72145,769033290fa9b8cdfac2afe853a9b980bc8b8c81aa9e5feab6e95ea689da86c2
data/raw/0006/0079_pca_mesh.obj,142389,2abd33a2ef68e0efc0058466f3ada7099938ef8ba283a1c76cfb3c86f679369d
data/raw/0006/0081.txt,120453,735235399cafa820dee182c4b091be5840f772de140a914fee1f80efb62d0470
data/raw/0006/0081_pca_mesh.obj,282648,8df79a7e2831417f798689126666c341cbc32a9feaa0ed1a2bc34b7906533bf9
data/raw/0006/0170.txt,152792,bbc3ffa1dd1a0914d4ce1bca4d34645e59e9be15e44847057644979097d65f68
data/raw/0006/0170_pca_mesh.obj,318339,2b3074da0580b64f6f626ef1014ebcbef6b7a2ae5cd33650b6bc9acd476c2788
data/raw/0006/0202.txt,221853,a788f41b8fcc4d5cb3d03917e1af335540f61d5150e673f0f02b13584a0641f6
data/raw/0006/0202_pca_mesh.obj,467873,751451d4b5c8d157770cb52a9cea5737c01ae59e751f8bc14a2975dfdc6ffcfc
data/raw/0006/0256.txt,211386,afb931eb774b6a7557d0bb5d993564a6769371fd41271b9816049c1f8bb1fbef
data/raw/0006/0256_pca_mesh.obj,509625,71f533857eeb34a78934ec483681fe7cbca71d90e35c893d771e5d36b5db8de4
data/raw/0006/0261.txt,14306,98cd3e4dc68334238d063926755afab44241857c3180d906b09f4af07df48a84
data/raw/0006/0261_pca_mesh.obj,30490,92a1219ed180c3dfb044306cfad4b5b8ce73c0c6089454dbd0c74b40e7a54515
data/raw/0006/0328.txt,82092,7fc40faa68b3064244829ce48acdf1f6525b8a2d05a145e570b94821838c3ba2
data/raw/0006/0328_pca_mesh.obj,159733,37427718d398af7c316ca07f8adcb3c469ca101615e58d258ea01e016f55df39
data/raw/0006/0359.txt,66266,cb6609897fc066774631f4ce33254dddb9f84a18b3eb9c00f6110e838e6813bb
data/raw/0006/0359_pca_mesh.obj,152021,7ffcfc2a7ff2cb650a308980777daf7f6410c87bf45c925372bee36f0b77ba76
data/raw/0006/0519.txt,73819,99a9644eb41783d5ed2c648eb56ceb1941c5a46cd8826f8248f4ec7e11afc416
data/raw/0006/0519_pca_mesh.obj,143998,8d0e1c31dbde9493ee9ff436645224a71495000921d62027d9bdad44620f3fe9
data/raw/0006/0525.txt,59431,e35d5896e10c36b742dc97e187b2e5bb4a057b2019722fb0b474551b344996e8
data/raw/0006/0525_pca_mesh.obj,115198,8a8e555812df3b92a2fad58a6e5d2b3204cc66bf64028838cc04f8328d282259
data/raw/0006/0542.txt,17292,3f69dd49b86e575edfc140d755ef1479aed5a130feaa53be2e013a9c3aea10c5
data/raw/0006/0542_pca_mesh.obj,32288,7427e88b42c1999d882f34a33a031b30676d998f37f163658542d169d24fdac3
data/raw/0006/0545.txt,30495,d5ad010680f8a935d4553f5719fc459237c4ce875f25aba087a75e77b30a3306
data/raw/0006/0545_pca_mesh.obj,59417,c45a1f699847b1f71222f6ee5bcd27d05f040ff45c1cb2547d71c925788c90ae
data/raw/0006/0596.txt,113705,2516ed0d34bbbb44182a605f080643979c802c7f01f5a89a09b903dea7153dd5
data/raw/0006/0596_pca_mesh.obj,275036,d7b816b79ef5e6692bc5166c844b23bd4451d01a74eb738287186c53d3ce5fd4
data/raw/0006/0621.txt,28889,360519bcc5a0ea2b6b242782b5e0e0352a6be8878e39e747450c56edef8a4be7
data/raw/0006/0621_pca_mesh.obj,65094,d2811df78bcc6d50f19e6380f3ccec1c40099e2e408b5b8b39f874a4f5c866e0
data/raw/0006/0665.txt,98351,700b936e6e84af13ad383651a8bb0798f75a33c258040edfbdf2a5993a9dfc5b
data/raw/0006/0665_pca_mesh.obj,232342,e2826f2950324ef00aa83c1fca30830f9247b8a4cc8c0db055ad7ff563f66eba
data/raw/0006/0685.txt,111246,ca967d4b4a12bed17aa7e9a605a8122977bf06fd5668c0475dbbf14e89680768
data/raw/0006/0685_pca_mesh.obj,271169,ceb2dc8b6874f90605fb3fac3fc3716f42b11f86021cbaf831c47ab3dc0bf8b7
data/raw/0006/0775.txt,183241,7e97963610d79e7c7700211a5dcc963853e349617b2fe3c219af50c702b13e7a
data/raw/0006/0775_pca_mesh.obj,368946,265a43240ee6b27dafe33652129b22bbf1704e71d5ca1c2d8b9971cab490a14d
data/raw/0006/0796.txt,142711,2f641d1742da43059b7514011abe62db483ed15a01bd75c9066ec27c82d3bac5
data/raw/0006/0796_pca_mesh.obj,288624,915d81a2565e636b99cd7cdb4343ca07aff1b24bf595d92b5a3bc4bd9233fc13
data/raw/0006/0828.txt,15376,2b7072b6df2b31f6f5789c9931a18ccbc609db8ec53ad6bb46aed72734f12df5
data/raw/0006/0828_pca_mesh.obj,27742,2bcfa812c083ad2fd4f14fbe8f7800236b8d7feb43287914b0295164cf231e57
data/raw/0007/0003.txt,147013,9e6c29f2b4368a00e19515088e9890f3c13cc50f6add5722303da71c99f1e68a
data/raw/0007/0003_pca_mesh.obj,347984,1fbe732f3398b59ebf231782bb892bef318fe1d021ff4830e3d34df71378e504
data/raw/0007/0005.txt,43577,0ee3498278a926db9cfbf0ef5c337b4c1b7689d885574ceabeaaa2c64a1ef084
data/raw/0007/0005_pca_mesh.obj,96904,90cbd6c1a634e3cf772a327497680ab02fafc8e858922683693010065c808339
data/raw/0007/0024.txt,159942,246b3df114628df94facd67e819182dc3b8cf797e0f4e9de5dbc4fe4812c59a1
data/raw/0007/0024_pca_mesh.obj,325554,1e4db80c3f37ec92dde4c729b49bc36de3658339dccbd39336416c1e9ff410e6
data/raw/0007/0062.txt,75317,83fde2532698dc362dcc3722db3ded35a5c2a61a844ca25e3148e565a1c5c537
data/raw/0007/0062_pca_mesh.obj,146885,868db67a59280fd4e512364e1dd35b185a375628734977b55d5bb2a33ef36cda
data/raw/0007/0175.txt,98625,9118d2787fea0b579e62b607efffdca72b2403b28a83b5e5b5b1a6ca66dd2cde
data/raw/0007/0175_pca_mesh.obj,197037,e50685ffba2899b80d5c90b6d02ad25d644599b19c2a931e36299b44319ea0dd
data/raw/0007/0199.txt,176803,4a9d50118a259d1372c07e7b31a9bb102baed6b393d731fea4b412729558eb79
data/raw/0007/0199_pca_mesh.obj,369023,476a1011dab6fcd5a5191972e0ca44514f79176608eafeb70ddea591b3791e85
data/raw/0007/0306.txt,90582,ffabc2e0fc1892c17a8977a30a8801a2fbaffd7562e5190645b9059ef3412527
data/raw/0007/0306_pca_mesh.obj,178504,b0d0ea215b1b7df9d7b2ee18e364ea63d5b61595329538a8c336429d2277385c
data/raw/0007/0356.txt,63523,c529066b534adaaf9ad63cc8cb4ad2a6050cbd61824aafe51101e2d622998c61
data/raw/0007/0356_pca_mesh.obj,149442,9c44617583c05191aaf0e5dff5db503ddc467c09b54ed4642ff34f58d33927fc
data/raw/0007/0375.txt,103527,7dd0c4a8e6a892e4e185ac012785f2acdcc1c0eb0f600461db64184489f174ba
data/raw/0007/0375_pca_mesh.obj,240847,4ac78b37487fdaa66bea48af310d86bb5e77d9d6633ee68a305af64b8cd5d08e
data/raw/0007/0429.txt,64506,0500805e728550faefef77fe5c182779f403ee51da43cc0b9b26f298fc93aee5
data/raw/0007/0429_pca_mesh.obj,127707,9841f60ff1dcec1c2856cd0be24c7bc232780ca7f7f9a3878855ad60ae5d8e88
data/raw/0007/0442.txt,168060,f2a13ae4fe97e55b5414ff76068117acb1c50c941d060bf79f9a8a32a6531d70
data/raw/0007/0442_pca_mesh.obj,341829,dce6f829ca70deb34b2c800ebd3c426823d653780693de832250a56b2a9ce7d6
data/raw/0007/0471.txt,82438,d11572344e8f688eeac52e9af095b5936d074effcbb6284584f37a620d4c29a0
data/raw/0007/0471_pca_mesh.obj,164158,6bc68ab2d195f1212dbaca4169ff65121e8e4dfbd5120265fd5b45f9f839d6d9
data/raw/0007/0543.txt,16917,d25d17dc045192cf93557ce814ad28873f44dcaea799bfa0a3a35c33e25db249
data/raw/0007/0543_pca_mesh.obj,32052,972874bdf792388863bf335f0df12c892652d4fc196ceb9a9647ed87b5be7f17
data/raw/0007/0582.txt,95932,be1fbdcc775c9adc5f0ef4743f25b19053285f41856ed316371852b3b25791ea
data/raw/0007/0582_pca_mesh.obj,219972,b2e5ae3de5c851e99947b2efb63d31ac21b624ac26888cf450de32db722fafc4
data/raw/0007/0590.txt,139140,08041c73b491bcb4657cd1277b4a7bfbb267dd627cadbf376e07ac33516ef207
data/raw/0007/0590_pca_mesh.obj,332580,304a3e4cb2c0d38f95b2ba148e5cce02f569d7751593a4430873b21a5b716813
data/raw/0007/0633.txt,34564,636a91a7588c048b8a09967313967305d07f871cf027b33611c20f90d06665c3
data/raw/0007/0633_pca_mesh.obj,77431,ca0ca2af9398364c823c1b0c731c286f3c4553740fe7ac6072d0ed900504135b
data/raw/0007/0679.txt,78740,65e057ff3ce496f0d44ad5478ac6865e2260746070822b55f3fbc75eb3dfe692
data/raw/0007/0679_pca_mesh.obj,179350,5e0cd63e3afc0b1b22f4e7e5132df4365ad319196491da4d2a89f836000a48ab
data/raw/0007/0743.txt,117838,39c85010945283c78078f888e5e05e56b8ea94d718b6e19f9dea25bed5fd1113
data/raw/0007/0743_pca_mesh.obj,235739,ae8d489723ed6aeacd4b4a32ea2aaaa0d654bc0e861c6693acd652f5fba4b0b7
data/raw/0007/0780.txt,22620,5e325108772216712dbceefc9eb02510eb2cf925f60b130243b77eef57726868
data/raw/0007/0780_pca_mesh.obj,43052,cc1ad53fe289d9cbbc13ff94d125d1f585f2aa05ce3165f5c251373a50f9d62e
data/raw/0007/0800.txt,118763,b3bbfa92c85db8e65c6c9584511491b4240fd4089da55e4114bdf1bd499411ff
data/raw/0007/0800_pca_mesh.obj,238245,04cf4076677126e15ad4fecea2539e028bb4d1c84f1513fa92bd593e31f94366
data/raw/0007/0812.txt,275114,f4de49bcec26e65660e2739f57d836d3703b97f32837ae7020b8303912c0cc35
data/raw/0007/0812_pca_mesh.obj,575947,5187de9e9c214847168962c681d758843b49e2c73c3387b4c742a46d72f9f467
data/raw/0008/0009.txt,243319,4443f318047b8e083062756ac4f38cae4e593f503821886a7c3a32364152e5ae
data/raw/0008/0009_pca_mesh.obj,581620,6a58712e427a64a23d020f886398970cf4c60ccc41c354a29a60809d9d90231c
data/raw/0008/0014.txt,88459,bbbb7dcbd207130f755be731740038b2ba01027912e5aef3f64e6ff84e757f6e
data/raw/0008/0014_pca_mesh.obj,202706,ddc00d5db90c84952fad7f75f0e7dd67eccee802602a1fd1068bb35d3d924cee
data/raw/0008/0017.txt,96623,747e400eef1a38b376fca4fcc857c29c5f31b70bcf2816a59fb28f55ac2ef044
data/raw/0008/0017_pca_mesh.obj,190843,fa872c4a33b5161a348ef0bff06252e08e6c4bf81dfa9df3ab79dfb7b15c01ce
data/raw/0008/0071.txt,89947,4a5d91021ebf2877b030f27b661229ca2b0a2e7e27a26d71338fd8282c7043f1
data/raw/0008/0071_pca_mesh.obj,179407,0ae14bed89a4bd098167dc56e8930f7e3f825fdc040c141dde187f528536fb9f
data/raw/0008/0128.txt,113743,f7f90a6dcd0fce6d33e0c97c2f59d2752197e8566380e177017efd35bbe1a57b
data/raw/0008/0128_pca_mesh.obj,264868,9a14b5103edd1dbf786c9cef4b0736fe7c7847bfdd0f19b18b71166ab70e3f94
data/raw/0008/0194.txt,152856,21a53bcb8e1c1813f59ffea5b64717b10a84563b1fe116b785b483315eba93d2
data/raw/0008/0194_pca_mesh.obj,306290,124b2a3de7390f31aefb05d24f05b0443565a6aed74d6f2b116ba213418a5b14
data/raw/0008/0339.txt,54104,142cde69db9d1694218ea0267344c1b7262c9bcbc3b5aebc4711e7c993a41745
data/raw/0008/0339_pca_mesh.obj,105445,50811236caeee13075487fb9cae52725c4ace18b132d9a779fe7263a5b0e97da
data/raw/0008/0347.txt,177724,ee9d9bfae042c5cb6a782665c7fd47baa56d9b363003a1d6091a13e1c37192a5
data/raw/0008/0347_pca_mesh.obj,421436,3091cc0c8f209b80b92fc3a7648b1d5c118be7612751fe524ae5dd6e579d5d90
data/raw/0008/0376.txt,114431,738bde12fad839848ccc7f4fb3cffe68cc5ceb78c9b8702da4859975807cf736
data/raw/0008/0376_pca_mesh.obj,271627,a6d546a45396f689db3fb902d1fc2a2fef9e060c64f1399e241c086e4359ce99
data/raw/0008/0504.txt,232505,676d8ac2013dd13788bb603861cd838722b662565a2c735a6ec4265bae49ec34
data/raw/0008/0504_pca_mesh.obj,566530,c811d6e55e5d6a2ae1f8d1f83f6d8d543bfbd2bf8a2493925c41652e6cf66366
data/raw/0008/0512.txt,80438,1f2569e00bedc43d108a5393fdee9d7ed8917191ca2254f34d37c9ac2279271d
data/raw/0008/0512_pca_mesh.obj,156835,c12b3e87a64eaf836985503edf4f534318157a86dd837cba88dc6739f3f13598
data/raw/0008/0536.txt,45773,3536a1abc6e866094937fee1def10fc28394c74aed6d4e3635465a5a0132c867
data/raw/0008/0536_pca_mesh.obj,88360,ad04571365980ad53248cb56facb0a426c09d356e2b1a315837362a5b7731f85
data/raw/0008/0548.txt,43693,298eeead94add918697d3c85ff7b763b0a20c26c12d950ce3da3abd686d29742
data/raw/0008/0548_pca_mesh.obj,84226,b7db8a9db2241cb03720f25f946735f1a15f1f64fdc435504280d8b082ad4176
data/raw/0008/0570.txt,30786,6b69ca45174f7548ca245cc5bbff47a0ca67dbbe0bf55d7f51ab1e22a92a42bd
data/raw/0008/0570_pca_mesh.obj,58757,596d49d04a6a883320b09233a3ae35e8d1a2e3abe8b9cd5ce00773b72615d1df
data/raw/0008/0597.txt,48163,9dac169d53e38c759afa76ea528df3dd117ecae647647c1960eaa2c2768d2918
data/raw/0008/0597_pca_mesh.obj,109607,39f68db1c1a25bfa75284f6b36942d392351021cade9c60b71e20dfe095c4d7b
data/raw/0008/0652.txt,95726,25072d3a4023c7952409c8d9a2efc7357a209e8d3ba9874d01fadba69afcf085
data/raw/0008/0652_pca_mesh.obj,224499,69a0131e8879554a17a9147e6236b4dfe85587363607ccf7140e6cbd09be6c0c
data/raw/0008/0715.txt,60641,7cfea71eb57d6462815c99aece17d462aff882a393120f876ad76694fef9140b
data/raw/0008/0715_pca_mesh.obj,116388,bb178b64f646c20935795bc6536c300ef1ebe4dc054011806752d8c8576d715b
data/raw/0008/0719.txt,211388,ad9a063c3d3baf33dd650ca1903ad54b14148d6c7cdec16db411d6dd0ebb4f7d
data/raw/0008/0719_pca_mesh.obj,438676,15756ae0d0ead87b48f1e9ec07215e83cb486f6fa34b1054f923eb864a8e9db2
data/raw/0008/0753.txt,42283,a14bb650c9b51d36e2de970d5d1bb21c9ddf92054050031d2cdac32929ae88f6
data/raw/0008/0753_pca_mesh.obj,70293,e412ad8c0985d9d64943260942437b52e1237b74e0eabbf126edb827dc0ef42d
data/raw/0008/0773.txt,92652,cabaa77d7b6ca1439f6d5ee53bee4ffde8509cf02e9aeaa8071772361bfc9b72
data/raw/0008/0773_pca_mesh.obj,182963,ae92e0b25359867051c393e2879b8d946d10c2720c1313fa036b909692bd78c1
data/raw/0008/0789.txt,177634,776bcc4852df51eb10693423ba2cb06b5d3f4390b963c83a1053084398024c5b
data/raw/0008/0789_pca_mesh.obj,360869,36b71e612c7e3fca890daa53890679c491de6a29929b7bb2ad46e6720ae282ab
data/raw/0009/0052.txt,55827,d2efa5aaaad387c69644aa1ee2bed4e8bf381c9797abb36837f8668db19646bf
data/raw/0009/0052_pca_mesh.obj,126012,e1152b0d8211d3d6c057ce653ffc93b6a03ca29103ae9302009ef827eba25ef7
data/raw/0009/0055.txt,141790,5cb9f648e2f84c3dcbd86d386071239a7d73a3e833257c3f98c97860ca8ff5e7
data/raw/0009/0055_pca_mesh.obj,335463,6865aa777b921f4cadfb49ee8d1439f6b8e2bb7d32ec01e0015050087df79ff8
data/raw/0009/0099.txt,33277,d3967ccd201cda92aca0f26d895469cc9cf6efb21fb5c9ae0969a2198f9a99b1
data/raw/0009/0099_pca_mesh.obj,63414,759e8119d625bb362ef9d76a05f4a0525de9266909c7aaf6aac67cd8263978aa
data/raw/0009/0103.txt,69852,8a6d01f2e6b97a614442346718ae9413d99ffc157f576c5e4e9434353efd46fa
data/raw/0009/0103_pca_mesh.obj,135288,8820d67e88f6ca1f2172159038f243226f811a7153ec8a4f43c854e5532a7d6b
data/raw/0009/0144.txt,116573,57138eedc0063514736dd78951f67dea5f4809c99d815c6c76618ff66ed51a33
data/raw/0009/0144_pca_mesh.obj,281010,a7566e85b83030e3c1b1ee489b797324beefe5fe651a8628c47dd0fecf8b4ead
data/raw/0009/0213.txt,253433,e8f1fc661cf394508378b2e4f8144b1c09b0bfe6a2f9dfe91b63e63816affb7d
data/raw/0009/0213_pca_mesh.obj,519504,b3f7001801fbebfd6ead35113f7e5c4d67c8c228e5fe915d8af41240e790d47d
data/raw/0009/0260.txt,127750,5671ae5e15f67af7d9482af6ca3dbe26a6799eb0e347a320271411d35eb2961e
data/raw/0009/0260_pca_mesh.obj,296445,7212927adeb0b19274045cc7501b804e1ee90d87422be36c1f1f1292f6619360
data/raw/0009/0332.txt,109592,cc34e35c4f7c19c3e7ae0e6fb75dd5b874671cb404db6014624a25df03aa4fc8
data/raw/0009/0332_pca_mesh.obj,222743,66f417c51a2437e6abcab892779a73f34cdb8e0efe3f63e7ab420cfe563cde54
data/raw/0009/0363.txt,228214,7dc29a18de9addc1b251bacebd473bfdea4d7083db3a79a9c06df96186e2757f
data/raw/0009/0363_pca_mesh.obj,550276,2b91fe32ccacea12685081ba22534413e5b192bdff1430ae03a3d9dc7b34092a
data/raw/0009/0392.txt,128874,55004d5c0cc4d9d78fd4ad68e9fb9976f3bbbf59625f4558e0667afb1e55b384
data/raw/0009/0392_pca_mesh.obj,306607,dcba1bd00125d5a28b6ea82757f6775695b0282d9b5c9411d84d26e5ad9ea7c8
data/raw/0009/0416.txt,70678,ae7b8c7b1b454c315e2fa8b9ad260cc1454dc70a53faf7c10fe00b4a4f79a76a
data/raw/0009/0416_pca_mesh.obj,138793,0b025d42857290c29f41fa5664be09388c7c73eab5bbaffa06b046db7bdf11f5
data/raw/0009/0441.txt,56102,0d1f2cbd5e0b52d8105646f42659a93b5fd308e311472afb4fa732a2670034ed
data/raw/0009/0441_pca_mesh.obj,108964,eee7e47dfbb1a1ca5068f45c89bcaaa5cbed5d05eb95e2162d78f8e69b2c2108
data/raw/0009/0470.txt,58387,462367dd3883d3e8f13ca8710550865e7513699034b8181e256fee9a63863ae3
data/raw/0009/0470_pca_mesh.obj,112813,6bbbad3e20f173c80273a2c6b85db2df3f3ea22f0cbd63e72e8804b2d516aa84
data/raw/0009/0555.txt,99038,2b626af95aff0c9ed1949028055ca15c8e5ca214882e5ee41e54dfd802e17254
data/raw/0009/0555_pca_mesh.obj,196388,e6fe3491dbd7e7ad0b87a5eb146d6408e1c8fc27c007a41c136b6ca46fc8dad7
data/raw/0009/0605.txt,7141,633216a0d5baf843356d4566ad7a6578b115b13cc2516b49df8b148beddb8b2e
data/raw/0009/0605_pca_mesh.obj,14576,1b2a3af2ecb16899ab1daf0a9bf11bf1f8b667dbe996f93e1de0eb591ce7f920
data/raw/0009/0631.txt,130426,bb71de6bdf6b8bcf6049d26d13d0532402b994f33ae186ff03aaf9a1a9ab58f1
data/raw/0009/0631_pca_mesh.obj,309683,d2c61c25146e348ffedbe2623a810a912cad3fae4bd99c90bedfacbe15c1e57c
data/raw/0009/0642.txt,178334,e87bd741a3e149bdb9105fd72f09602226aaf3dd891c036d616b927f67a775f8
data/raw/0009/0642_pca_mesh.obj,443821,b54323c79971f02dd19bb0092b4f2622c34390ca779c10b628d5794453188f9d
data/raw/0009/0734.txt,46179,bc9d5088557c6aaff831d895ae4985082fbaeb2fc9e280690b9e5489f556ed01
data/raw/0009/0734_pca_mesh.obj,88903,e24727ad85e18fd710b45fe96e829f376bdcf118db40af79f3c3593c69d1892e
data/raw/0009/0763.txt,411945,6ba862bbf6ad6643e183e4cccce64dd43c23e2d50b1a53e13357e4d293c14119
data/raw/0009/0763_pca_mesh.obj,758429,83a3ab8f357b39b5dfb13d861830ffb218d6390dcb7dd30a02b05cdc524ba656
data/raw/0009/0809.txt,48886,b3df2d0d8532db1694696703e3b41f030161681ac25a4664779257c540d6ba4a
data/raw/0009/0809_pca_mesh.obj,87147,ee3ca9bb8144d3474d3f68b7e4690aeefe086224a89fbbb79cb722674a53a309
data/raw/0009/0822.txt,253243,9b9683de339cc404df9c9ec0a148d01385d6ae814df4427d70206e7e8dd3bd80
data/raw/0009/0822_pca_mesh.obj,524719,2b2853918440446d41eb97169482aa8f222db4445c5905e7e4bd336e95712144
data/raw/0010/0068.txt,148069,5f7c436177525920f7d42daf34a331264f7733c72d05ec3a05b6bd99e64392d1
data/raw/0010/0068_pca_mesh.obj,299277,b701c3fd8f8a2f5ea567c7e4209b9a8fc71558fa1b10b23e563f053680c38528
data/raw/0010/0089.txt,56873,02329d5f833115ca6bad000fa70ed7a361bfdffbb61ed948518f644f27617f4b
data/raw/0010/0089_pca_mesh.obj,133142,3a34eb0f815f65afb5ec4b748f9f3eac0f83f3fabeefcf6d234575d77738868c
data/raw/0010/0102.txt,42600,bd6e12a6217addb5472d99d2a10aa612a319dd234c6c81da81722c8345a80631
data/raw/0010/0102_pca_mesh.obj,82649,a50c0d93e85694f532f01fbb5f248104c8de50fe3353710d8596c2767a4b76b0
data/raw/0010/0109.txt,108717,bf9cb91b77d0f8c509e0e04a33fc7e1ff51dbc1db021a918bd7b31f1d5df6536
data/raw/0010/0109_pca_mesh.obj,254881,ce7ed48f87cd61ce85684c424303ec21d9daa0dde4d5957da8f7a685181c6b52
data/raw/0010/0140.txt,208638,39d946381f183d8144be365260b77338170e15d2a2077650550b9c98941596c0
data/raw/0010/0140_pca_mesh.obj,516180,26d3d68e11142691ee564a7adbb4049bd6300284f81a6a26b206fb8c8dd36625
data/raw/0010/0195.txt,145450,6921b34d1c07a0bacb82994618b4e9911aed6851fb26cbb043d7328eb45b989e
data/raw/0010/0195_pca_mesh.obj,292588,d9b16fb49a8ef5245a7402c83097269ce56a4b80e627477979d948489aca8681
data/raw/0010/0267.txt,2729,b06b52d13e4f832387adfd27b44b46e114e27b29602c811d71b7446e64124f8b
data/raw/0010/0267_pca_mesh.obj,4594,57ac41bb6fa4921c8ee11d1203bcb4a1c1764b0d391b8b75f15221fc7166d1c3
data/raw/0010/0342.txt,62132,acc20dd2ef17173a725ce78a6fd402e0397de74c06afd5d92e1d7e653544dbba
data/raw/0010/0342_pca_mesh.obj,120710,631a71eec7feee1b532075aaec85af035cbf52d858852f45bfbc0dc8a52a188e
data/raw/0010/0384.txt,123937,e59a0497018338b9c91e83a6a237defb56231b4aac893eca74239af821d4642c
data/raw/0010/0384_pca_mesh.obj,292522,9ed27c7b9b84030549568b6c2bb9db7afa81248baff046a9601b1411a81eef79
data/raw/0010/0394.txt,137610,bdd41c7e2d99df48ed528fe8195015672eb9efe11d47b64a3c308366fc618d55
data/raw/0010/0394_pca_mesh.obj,326557,1fb663304be74888446fb70dd48328f7162c0fcdb35f6d972f89b50c8c50f874
data/raw/0010/0415.txt,106079,68b32cf88c3b2f2284b0e805ec5d051827b13c6e39f4d221d124aec8fc038ecd
data/raw/0010/0415_pca_mesh.obj,211836,8c4d20c098e7788a2d5b38923c3a06a5f1560db0dd88556e5add81cb2864b923
data/raw/0010/0428.txt,46464,115102fecc2f6ec99b640dc4c2ca46eb55b90be44af5252dc24645cc3b9d44da
data/raw/0010/0428_pca_mesh.obj,91264,596ec06dfa98ba33560bb5d151133413416309adb53589c4d331166c3ba1f381
data/raw/0010/0445.txt,65239,07fda21a721b21ae7845aba0fc08c721e53493bb5076ac938365bb0fca3b6b4e
data/raw/0010/0445_pca_mesh.obj,127271,e65c29a8590fc2fbee022f92d987f2adc5463a41efba4705bae70ff05c0f3e85
data/raw/0010/0464.txt,114349,6ddbd459f320e24c921feccb5e45481a03def7bbff891c07d75758a2c4b64dba
data/raw/0010/0464_pca_mesh.obj,227555,5ab7e01e6fb321562b9eb1c5f5f6f0b0520246bd3fd1138406a4d5dc94fd1fc7
data/raw/0010/0599.txt,59888,bcb563702fb16596994ea0784d2380cab3006af816fac3f6db0933e5227f5ecd
data/raw/0010/0599_pca_mesh.obj,138206,87c96f75a3374efb539d028a91d6b3a50a6c2c204ee1acbd81128a0137bd9e50
data/raw/0010/0710.txt,42186,d1a0bb762dd5f79b305348ee52d0d68d43d8e6e6cd7033f4713c31eb077379a8
data/raw/0010/0710_pca_mesh.obj,98023,90f7f6d11a65783d7b79498a84fc441ec25562c8a0285350ab7ee3a7d5b4046f
data/raw/0010/0729.txt,145086,038157f4f270ade43fbbd786e9291685b9e81b5bace61477567286cd413f3130
data/raw/0010/0729_pca_mesh.obj,303423,65583671ae828dd87e7305e468a2cbf644ac7c9b367cc2b93cd6a78affb8a5e8
data/raw/0010/0750.txt,121173,425276be4505c4a17227214feac85bb94f4d54322f5ba7e98cc34fcb199ff6aa
data/raw/0010/0750_pca_mesh.obj,240705,a2417728612252e9403e6df6cbf6da5c3d5327fe2295cefced1c3664d72b62b1
data/raw/0010/0765.txt,17925,0b067e182c66a0b4502b380062a2b2a8c9f7fe600ef6fab4a15f79d8576393c2
data/raw/0010/0765_pca_mesh.obj,32417,2a32b87d45dbdfe08da1ed6ae081d9a89a12f045b9dae49afcd7c80b4ba01ca4
data/raw/0010/0820.txt,161173,dc067105e9aa283eaac9267aa78b5c01cc64471ddf8519798087be0117fb0bfe
data/raw/0010/0820_pca_mesh.obj,326361,e6de998f78aae944e60fe488d64b2048ebf203e1a13560835e2e89b9cae357e9
data/raw/0010/0835.txt,190486,a4d8ac0571c306dd460da6c00974d4e55808899ce64ee28835b906f83e8cc96e
data/raw/0010/0835_pca_mesh.obj,387573,45b30458fa1408a2869c610b18e0a078dc8a88f961347a40bd4139128df1f879
data/raw/0011/0016.txt,121000,0bf68cee0ebaa7b0fd92be0191aa1c1f0b6086a9bae62c346bb4e50784c18391
data/raw/0011/0016_pca_mesh.obj,240766,cb47e5ef258105b7ee91284b4573e8d4f588ca5f85ffb1330bc4688cfdfc4a0a
data/raw/0011/0059.txt,54255,ef6585cbb131249e9ca83252a0aa7f5b1062be92ddbabcb55282e14d14e81adf
data/raw/0011/0059_pca_mesh.obj,124945,8de490966985c45e167c110e56111a94d87c1f3bcee266549922de0cc616b9b5
data/raw/0011/0098.txt,35165,d61faa6c7711e37bc2dadcdae2a9a64cdd5c02592a4966601659448f47dfbefa
data/raw/0011/0098_pca_mesh.obj,68001,6b28398796ad1ca5f2bb315f41a94cf3838f96c3dfcf8637dfb45b4d50849ada
data/raw/0011/0108.txt,124000,6e1895a18f90ff3bfbeb54203f47eb7edc3cea710378dc54969c9d9d0c2f56ba
data/raw/0011/0108_pca_mesh.obj,296715,da5e49f523ca32a455c17ca0d691184a4a522bca95ebc1b3aa8445241eff1391
data/raw/0011/0149.txt,122763,3105e6bf45304d82d1775e2bab1d89a40f0e2ea5f10df506466eb754457fccfa
data/raw/0011/0149_pca_mesh.obj,290763,93b39aa2869395aba8c1a1aceaa1cec90d599b343d8801dc94e6310c370c4d0d
data/raw/0011/0234.txt,144899,18c39e85424d8634cff3dbedad084a8522b6304153e6801e23e5013830b2e95b
data/raw/0011/0234_pca_mesh.obj,289627,4ac0673f29c539f8069efbc75438c5ba537f6268ba2f47046f057e61e81fdda0
data/raw/0011/0288.txt,8125,63245fb6921048b905f9df70484ecda5bf53b9c14f1f5b0a2af13197f47a40f7
data/raw/0011/0288_pca_mesh.obj,13989,d27699a9d8b9930a15a7c768c09929eabf78583b3d367b9eda8ac71ec2e785e3
data/raw/0011/0291.txt,121995,7de0507daf7c59499543b8b95342ba49725706d1e34e673f605764992de351ee
data/raw/0011/0291_pca_mesh.obj,242876,5f146ec187632552548dc3a26697b0398481ba2e1b3505ea6d088b5f1a0113af
data/raw/0011/0383.txt,136369,d7a8acc1d4630e32b006610c096d6897a9d6c9008cec62843e6147fd7f932f2b
data/raw/0011/0383_pca_mesh.obj,322082,94df8f4be0595e791f930d13b41a79e68487ca1bef48c8eb2508158b9e18da15
data/raw/0011/0443.txt,87841,a69fa65e055e29791c9f455330029a59f727eeeb06aba4ae60ddcd63eaa9dbbc
data/raw/0011/0443_pca_mesh.obj,171901,2aa9abb11536085623a1334231cbd5831ad503abdd3d2ec7c32584a170ad9f92
data/raw/0011/0498.txt,131748,ea77fafdb87c2d7525450db2f9088f3b48a69fcb6926ce350c64e62a91013b9a
data/raw/0011/0498_pca_mesh.obj,311826,948b15e9b4689ff28297c8969b3d4448cbbfe87b8a728075cd237c35f35eeb90
data/raw/0011/0517.txt,56825,9b17991f5db01ffb97b7fe37354fe7f48510cc05bb5cc13876a76e0408a079f3
data/raw/0011/0517_pca_mesh.obj,109597,372306c09510971378e4c8505e4a839df6694c52ae3ea7f41f6ccc833cff7968
data/raw/0011/0523.txt,84269,d9a29b1eee05093a5f0157cd6aee75ab3ece33462b06965cff4253f73d16bc3d
data/raw/0011/0523_pca_mesh.obj,164847,ccc26101d27c2f1cefb07961f8268f7c117895988962909c9a73cf8e8152836a
data/raw/0011/0546.txt,16962,9489a4e438c35f5713eb10bd34dac4e799630a8233b22b835fe65ca8260ba56b
data/raw/0011/0546_pca_mesh.obj,31606,ece65b8c8306e237fed28a8bf780f74fdb27a0f5f15d1be0017838abad8ee254
data/raw/0011/0587.txt,65420,37db37dc3311b10fb9994424f102c4a13c03a1d6b490d0c876d443e8977ddc9a
data/raw/0011/0587_pca_mesh.obj,149956,d7f8fb78eb4aa1acf05c4e5eeb3cc80a93cdce95d59ce49288e7dd90fd28a48b
data/raw/0011/0637.txt,96653,e4f969f14637b287940f04f66f85db0ff13646b897509ee7254a1564e2671287
data/raw/0011/0637_pca_mesh.obj,232479,5a8bb2cc50fb5c414fc51d75e16dcb3b050ce713f8d9dc48d03d738f5f233cb1
data/raw/0011/0648.txt,67874,757f6300b4b58f54ed0b5a1b4d04aed2540f970a7f327b3cd8341dd2c990f3e0
data/raw/0011/0648_pca_mesh.obj,162590,8b1143a431305bf816dfe6de2890969ebaf46b503e9df3db28d26b5ddee19f69
data/raw/0011/0751.txt,124180,fc0eb70644ea1e10fe26ecd236277d644d953b8475e4dac463917ff7b93296fd
data/raw/0011/0751_pca_mesh.obj,248390,982af4770875979247af2e6b6fa3ad73561d1368c09de98b377b62353ddd66d9
data/raw/0011/0790.txt,250905,17a08484b6a9c82078c656f6f0908a9d264d928f33fcf579cd83fe4814c412da
data/raw/0011/0790_pca_mesh.obj,513937,7fe53e74489e594c6307d3bb426654ac2268abde27096e3bb98a811dfc21a6eb
data/raw/0011/0807.txt,199981,577fe20dc676a02ea8b23aaa65ce0f2a6d02d1ec4fa1a34333dbcfce4d75d358
data/raw/0011/0807_pca_mesh.obj,406720,9e4a43a686c61e3489ff169dd522ef4834f79b21230414f38d753d062549adea
data/raw/0011/0827.txt,36802,ad5835a20608afb3f326bb4467b62cb9e713468fe57449580d385408eef007d6
data/raw/0011/0827_pca_mesh.obj,68925,9e67db979c00c31e37bb2458739e493fa34b23dad615e149e272cb311c7fe7da
data/raw/0012/0042.txt,77607,d25545d483beaf38b84eb0f2495a8dab9587c4316cb1a18e017671c08ef3190f
data/raw/0012/0042_pca_mesh.obj,179490,0c1a3d30cef79c6f488ff25f0b8330a90e93fcd11249d51d8993a6243c621021
data/raw/0012/0097.txt,64374,8b5cd5007355374353737f8d49cd09eb00866fd2f6d8657c82a78d22c73ac2b7
data/raw/0012/0097_pca_mesh.obj,125731,1c1e130ae7e68c027af1624ae2673010e42a98107de47006ec3917fa2d388b73
data/raw/0012/0107.txt,52576,67ad275162bfeeac119bcacffd03b8b7c991fd2555eb07add76e6cbc340516c0
data/raw/0012/0107_pca_mesh.obj,101548,2f2c830abf2228c827e0f292f91bf52883fbe6e3f829f7744a987a1d55ce07c6
data/raw/0012/0110.txt,146404,7af0a61821e6c386a1f278aa0f30738803cf143a6a5f390f976b338ffb1b0fa8
data/raw/0012/0110_pca_mesh.obj,353578,955151a38403d7d1c94a46490f4a9af461aa012fd7a5297d6d5f154b96e9305d
data/raw/0012/0159.txt,128373,2cb5b29bb66a4d8a602ee553efe19ad8992d5016e59a16bce0ab3f0621d4b6f9
data/raw/0012/0159_pca_mesh.obj,310852,213101a49e0b64bf66106258a4a004acc2a7ccfe5635612a4b0b7a4c406b5f77
data/raw/0012/0229.txt,221813,105e8139a5f615be5f3876a7ce5a65d9b13197fdcc772ad75c82716863cd2678
data/raw/0012/0229_pca_mesh.obj,451903,76127b1d392402013e3bc90cae4153f621ebd121eb30b95ebb86a8297d4cfb29
data/raw/0012/0269.txt,87845,90b693806765ad1cc28f6378149d0894d096930ab4101bca671b748ef5854ebf
data/raw/0012/0269_pca_mesh.obj,171119,be2e1861804cc105a1c5ef3f612c0784736e7d21a06d31e506585f01077b9d73
data/raw/0012/0278.txt,31540,e9c76221f858d8b6332c858613deec892bf63aeefb7499e4bf040628543a9328
data/raw/0012/0278_pca_mesh.obj,60194,f6346ed60b49d5b1366afb77c10d23ef6d8078f708159d72bcb8ff1f1edbb1ec
data/raw/0012/0308.txt,118425,b903fd02ddfb3c0d11a61d3bd5e98bfea5ef3e068ad3d0db5fb62b1c220d5c30
data/raw/0012/0308_pca_mesh.obj,242617,cce027424675fc4d5875fb8238058916aa908e980eae621801637ab6e3e46e2e
data/raw/0012/0323.txt,6626,535e12b3aeb9ee8357a4842b42d2eafc74f10bcf9007da7c7cd990424f734d82
data/raw/0012/0323_pca_mesh.obj,11355,8ed9d33489d3f32a16459e07044e804b62240e60c9e98445fee8395e50ebd85c
data/raw/0012/0333.txt,87353,1866ed9c2a1e47444d4da68dcf471e5a6592346b9db356ed8f44ea60b6050f65
data/raw/0012/0333_pca_mesh.obj,172912,b2550a252b707d96760e16cc5759e151e05f814831088c6827fd83f611123695
data/raw/0012/0407.txt,11911,b6047e89e3cc22451be89f71104b27801bbec4042ce0a9bfe79ca8b75f3cd58b
data/raw/0012/0407_pca_mesh.obj,25801,64d0dae5f608214deb048f2a6e37d590139cd40b6bf68cbb3602479dc0216185
data/raw/0012/0501.txt,75936,afb61d7fec892fd0b268f20d8081601f5adc5a98d9ef8947a0f33373d0608f74
data/raw/0012/0501_pca_mesh.obj,175515,a41b12f0f90d9eba13e8b1f2ef8c89f351e645099900e8d08951d7294aec284b
data/raw/0012/0547.txt,89891,7b42d7b311bed41053287ffcf18138d1def8f889071e29f7d21f00f66c594725
data/raw/0012/0547_pca_mesh.obj,174870,653b2600038d99a6688de1b3b2e5a893dd7ba62728ffb72103238359f2e291b1
data/raw/0012/0592.txt,102911,e8a84b57b8c01250aa9dd7fe2f215f47b7afa78d82b048276cb1caaeeb888db2
data/raw/0012/0592_pca_mesh.obj,242514,7d93f15919fc95b9a009fa44f30bc3deda613a7f42647feaa5549a66a4685dae
data/raw/0012/0655.txt,45160,9428002b7f5b4f87299da6ea64fd1c34c86bc6fce42851c22466c64c38bf861f
data/raw/0012/0655_pca_mesh.obj,102095,e4e35350b7cb2f7bc739d1ac6cb66fdf4e7c2a8daada82ad4e594067811490f7
data/raw/0012/0697.txt,155740,c7f4a5d4379ed760489f661919e458eeb0df5d67ac3d0d17f57aa5b23a3bc494
data/raw/0012/0697_pca_mesh.obj,379685,cf959868f9c53cd74aec95f4987bde99037ac4668adf78d0ca7092c8ee4533e8
data/raw/0012/0698.txt,115504,7582ef50e6fb45ac599a59e5d4f502150ceadd996428a40a8a284449ef7501f1
data/raw/0012/0698_pca_mesh.obj,278106,0ffa512149454dfadf447f8d38a6bb11859804db32ea35159592adedd368a539
data/raw/0012/0791.txt,405543,26c2c8253701cccbc2b1026d163e6364c83486c81ebc7b373f4fc6ab628c7c11
data/raw/0012/0791_pca_mesh.obj,851771,16a1d89019a8aa44aed4f47a46bbae41ed3473034e1054aa32d2d50de243fc5f
data/raw/0012/0795.txt,126057,18c35ffea407d59899e6621e55d78c9051dcb3408bd51d2d39a94b50ad088156
data/raw/0012/0795_pca_mesh.obj,257641,3d891bf68ad02989c7282870cf6ef84db3dc48ed9177da40eb976bd238d391b5
data/raw/0012/0801.txt,116103,61f22074a6f0ab991b133f28a1978d59ebc62303430f65ced6884db9ed7adbae
data/raw/0012/0801_pca_mesh.obj,229690,b35c54d52f46ef787562397b97c5b6cb9a6f75940e27a83911b61edcd706ebc5
data/raw/0013/0064.txt,85555,6e498ca4217ec9026a799cb270df352430c5c9e4b6cc3b48e30cc8a5cf4b02d9
data/raw/0013/0064_pca_mesh.obj,168650,b73933f58aaa1cdc7e87a24f08b9eff6c13d549dd87631893422eb8e44ff21fc
data/raw/0013/0080.txt,84020,8f9555e3e08ab5909b9083df2e45463c6abaf319c8a4631f41f848cee474dd53
data/raw/0013/0080_pca_mesh.obj,166263,9af90c20d6dbb5d668f5f29860edf3119f5775f1f87c14689559134ae49e9fd4
data/raw/0013/0088.txt,66611,70a5b899b8adf6e4b7915381a296c151158d4e9d26ce0d725c2a32f634fb2467
data/raw/0013/0088_pca_mesh.obj,154722,aeaabc0a2d2fe94d3c282f074ed636d3331f05a7bafaff3ab3202af317ddc208
data/raw/0013/0120.txt,114576,deedc2dcb171f4df96d6957371d0b4b758599022a838425c94549f8d612489c4
data/raw/0013/0120_pca_mesh.obj,269548,64d0d61664ef6dc13f50cf1d7539e08bdaae38680d92cc39aa271f584e436e67
data/raw/0013/0161.txt,143693,ea0f108d2fa76e5321f77c5a5f918f681f27e6843a7f0d88cb2067defcb523c7
data/raw/0013/0161_pca_mesh.obj,345421,020410559c684c75cc8780106f32978328c20eb95698e78465876c9e54c4cd86
data/raw/0013/0225.txt,224341,636ca83dc4db84ff0c7ec00ebae231d1462fedd05c98e69f1222578d3c581899
data/raw/0013/0225_pca_mesh.obj,462161,f08b3b514c318d966b478846afd3dedbc1fa83418155e5d005cf3346613b47e6
data/raw/0013/0241.txt,83610,593591e845186b667f925c2169b856f38e453ad878d400df6822e6d7873d8cf0
data/raw/0013/0241_pca_mesh.obj,189200,b4c696abe3f1ee46a62dae6d55d7f0478943029e2cca60b6cb93f2b0fcb63fe8
data/raw/0013/0265.txt,6515,2335ce129e5adf95f040c8dc3df882d8eead83278a33610ed07b0704ee29b56d
data/raw/0013/0265_pca_mesh.obj,11365,a7449d2f81a418f2972465e6e8c0b1de81deea6b9d5385298e5becf62a4e4408
data/raw/0013/0277.txt,92976,53f2a4eb28d30d4a44044eaedf37952f584e07f0f599135acad2515c0b7ee99a
data/raw/0013/0277_pca_mesh.obj,181335,9c0bba7b605a3bc2aa14715f5d713e71a897b0502ea4d0e482249852a002115b
data/raw/0013/0292.txt,185248,c8c2eab09e54bdf3afbe45c71075ee86e7a465bd3fb6aa14e295a3f5f3b6201e
data/raw/0013/0292_pca_mesh.obj,374033,14adb09dc14c5dce04e89ae1f27a2c7a62d9c8f65e301716d85bf82cefa6f81b
data/raw/0013/0303.txt,92641,bd59dcc533658438aadf543221a7335ac4d14e1ac68466e4a0d64c89530f21ae
data/raw/0013/0303_pca_mesh.obj,182256,d14417c373ee7accade775e7f2b5a7893e5040d63395b11eb6d2ead96c225b30
data/raw/0013/0371.txt,149860,bd7bf31b2135828c6cfcfc831b2a193625bcc2eb8119357c558201e863c35134
data/raw/0013/0371_pca_mesh.obj,350415,ca62d7a046d2456ddf4d16184cdc385ebbf31a242e104706407b8e99a5c9be75
data/raw/0013/0397.txt,127660,32cb9a097da9fd42e3e02229324f7baca47329784fc09a82dfa82fa93b2056ae
data/raw/0013/0397_pca_mesh.obj,302806,935cae0848dbf46b08c355b3a030a8fda6341350e5c611b390d9a21fc8199d8c
data/raw/0013/0440.txt,46223,d5ac96539b9406d25f4c36831d4ecb494676adcf758ed9f18d6e2282ff744249
data/raw/0013/0440_pca_mesh.obj,89878,883cfce18bb9cacd01a9791553ef94db11fc4e773b8e0d8587eb263a18883e48
data/raw/0013/0532.txt,66617,a6a4278601a9f9e3e9f0851f16e6015c092a2bd245470cb9eae9ab9b755a7684
data/raw/0013/0532_pca_mesh.obj,131069,bbac4b2b90a79e6ba4c2fe4cc59de2ec0a990478a639d1607cf0dbaf7cf10ea7
data/raw/0013/0686.txt,38781,81ccea4942be83d2b1dd88fa55f17d5e327fcacbf7fd5fe4722b89f47179ae81
data/raw/0013/0686_pca_mesh.obj,90266,98dfdb46c866772c4e52765e00ee4fa129ba69b2484cd1774bef46057e984440
data/raw/0013/0688.txt,117861,80cf7acdf6134f86d2535e2905c3e2576075a1fa654e33edd46ade0f6630318c
data/raw/0013/0688_pca_mesh.obj,286426,4d2c0d56e4ab5d5c83ad1f095d2a64fbefff741609a4e0d128f2146dc013a4b1
data/raw/0013/0718.txt,171021,bfaca212dc616283431f384a9c69496581b533f4194502db0f9cd6d09e87f3b4
data/raw/0013/0718_pca_mesh.obj,347545,cfd47a100e599069ba59100f30e8375e8b2e4bd4343d435b07478df369bf91fc
data/raw/0013/0759.txt,407641,4e4972b0de57be057da44ea808a95ce851f91e6656b7efec2631a5ba12afeb5d
data/raw/0013/0759_pca_mesh.obj,761716,365162edcbccb9d6b06085862b4fe73059cbee67cf1e38c239937d2723f609a8
data/raw/0013/0779.txt,52818,6eccc2433a26cecdfa8adf1dad1c97050e8f7d8c6c8ee35a5690b13b599ce332
data/raw/0013/0779_pca_mesh.obj,106116,2c2ccd0a7819edd04470c2148ea5abca0c22fd3a08c7d74491a454174e16e9b1
data/raw/0013/0839.txt,698800,ae48acaed854b845ae8fe2d246e1b1599ca315fab2d3d641d6af6bf2b8d48152
data/raw/0013/0839_pca_mesh.obj,867174,90a57d3a61de89e3320c975cba7d53a5373974fafb0ff1f55263bfa26b2af5ed
data/raw/0014/0023.txt,161346,084ee45728df5200109f0fa2247954ef45f09ac5201d58b5a7800415e97af2f6
data/raw/0014/0023_pca_mesh.obj,327336,591506fcd7e68f79ab512e805ac63514fe98241edaf0b880102cf15bcb822b9d
data/raw/0014/0044.txt,82221,3d5df2f52e63aae6ba53a41847f1b1c5a7330ec21b202a4e0e8a768a0270b845
data/raw/0014/0044_pca_mesh.obj,192791,82941492a3f36bd8ab49a9162f264ab24c18a7be2ad968a37f3c4e4cd3d99a2f
data/raw/0014/0069.txt,186397,89cd89baca24d6e2f1e6ce20f871d192ab78a86c1dfed3299a260fec8ee8631f
data/raw/0014/0069_pca_mesh.obj,380926,11cf6c3d218cee848f61616180dbaa99b2e38323467d374b050f15600dad762b
data/raw/0014/0117.txt,138135,8d6ec9b14d2601ecd52dffc778d751292753b6ffb8266ef25fefa97c95c569be
data/raw/0014/0117_pca_mesh.obj,327961,7574dfcd73d9696c7811f0b8badc428c0ddfe6adb0966ae5535034c85daf74e8
data/raw/0014/0160.txt,127630,aac16bb46b7533ea86b47d7e0a3a3ec3b58dd4e863d28e124bf238c4752d17ba
data/raw/0014/0160_pca_mesh.obj,317922,5dfe4ddff4df5d2f85263d8511882954edf27d1db6f5ea14ba67ce3acd5bd220
data/raw/0014/0233.txt,176912,4c568aa03d3dbced19cffbe3fcf0f705b157eb8dd0323b526fe343408dd84b7f
data/raw/0014/0233_pca_mesh.obj,360700,2e66f26a425149580357559a5cbb8b4c9aeed68d7f2478971eb9a1b3ea0041f7
data/raw/0014/0272.txt,130051,52d6c2b4200d47acde7b79886f564f59f1930e716fdc8860ddad41d8e1f4dd50
data/raw/0014/0272_pca_mesh.obj,259078,5e7983b7a78081c8c4aaaae44edd4d4e6b5e970b1e7d31dff14b504e80d7d958
data/raw/0014/0287.txt,18217,d33d93d10334331d8d971cfbd1c85f798ae36ac9769e6a4189b7dc1dbba88878
data/raw/0014/0287_pca_mesh.obj,33737,fa5bc48f26afed9ec1f58308271f772a1a7ebcdb6e968141b38c5125379347fa
data/raw/0014/0298.txt,81978,c336374aceb8516ddb4f53d80edc4b2ad94b8345e58d1ab7132802ab7e96d169
data/raw/0014/0298_pca_mesh.obj,163224,f15800250d580f7f0732849c101933275c02f2f822e6625a0e09f4b46bffb295
data/raw/0014/0313.txt,92171,91f130cd190eb0977652092ef05b55962fa6a3a6e04a36df9b56eeeb7edfd6fb
data/raw/0014/0313_pca_mesh.obj,186665,96035cbb6e9493573300e4d94a10438f1af71f64ebdc5f40bedf250066d93f76
data/raw/0014/0374.txt,157278,5e4f45945459ad9a3f1a168e97f62f3a8ffbef32a28fc131a1617478d7760856
data/raw/0014/0374_pca_mesh.obj,368639,e18161fd0e86aafdf835f5b703dd0aa8f1e093d8022698e0353c767ebeccb42c
data/raw/0014/0395.txt,81478,b3020ee81ebc57cca94a1b606dea0d3fa969c7a3991c9a69f66d8e1426ae67b7
data/raw/0014/0395_pca_mesh.obj,186378,0b8ac4da937104984bfa7036a30e6a641de5ca0453ae69939efcf684806d1dd8
data/raw/0014/0469.txt,89081,b36b69b9bedcd9b7f2447795e2650874350abfd29092ae810c01f43ee56eb3fc
data/raw/0014/0469_pca_mesh.obj,175120,74c52f3368557699f36a7ec82b10dbe3fab320d94e327f264c09abb2c21615ec
data/raw/0014/0564.txt,60535,24871fb1d8967339f5df92cd8c0aec46b6e8ace610a8f9efc3966493c5be0b69
data/raw/0014/0564_pca_mesh.obj,116459,07cd75726d4ae2f539496bfb1cf38b147de1eb4f17e2ab4ef8234f212c170828
data/raw/0014/0577.txt,96380,f3406058ea544557a972b9555cdf3f520d8cbdb621a440d35a4f407fbcfe1d36
data/raw/0014/0577_pca_mesh.obj,227654,12fe1f2ec8f584346431a2da6c9e6f29075f98832c5c0e04dc2262918b655a8e
data/raw/0014/0636.txt,40836,813fe7ded7705bc8a88596de43c348bea45ced65b4cef4d593e0f11732d64cae
data/raw/0014/0636_pca_mesh.obj,93443,909064f6a118c7c93ce7c14c1a4e2928a2ed3c3d85149b31ddf973f157130c49
data/raw/0014/0674.txt,128178,ad972b35f65f24776620bed8266d17a013de4855cc987261a686f75ff61cc17b
data/raw/0014/0674_pca_mesh.obj,305214,c0605a047024df6cb689ea0afb9b45246a3160a9f6f663596539a3821d2ff233
data/raw/0014/0744.txt,101097,7cae269d083e343e6ac1fd3bf116bbcf32f7d806057ceb307b941db150013b61
data/raw/0014/0744_pca_mesh.obj,201118,d5bbaab247729afbb8983474bae399c6d6e1db7d0a62dca84d221b35dd17b31a
data/raw/0014/0798.txt,123015,bd912a97db5062b4a74f72d8e2e8e9df2d184e4885d76b2fe7cd7fc15327ad7c
data/raw/0014/0798_pca_mesh.obj,245007,b6022f423de32849755dc8256f5bbebc4978d4747e842a767e6c504afbe3fe4d
data/raw/0014/0810.txt,512306,67b0d5539000cc52ffba2bf544a897e9b7d57a011de28e543e75dca45ef9079f
data/raw/0014/0810_pca_mesh.obj,866200,97cca5d945a19d1a29d6293b102450deefa281fa05a2f154f68ecd3089377983
data/raw/0014/0815.txt,62930,3db28deafcdc4b9bab0bff0d406ed19ae01f76b1caa11bd9e5773e419cd90142
data/raw/0014/0815_pca_mesh.obj,125192,9568645e1af8f1fd048a4ee806ce19e794bbef5a5afde5995bbc692fa5b2c4a3
data/raw/0015/0021.txt,66289,5e8c724e5d4a9adc8ff7e45bbecfeaa8c20cc834dd303d42ce5c0fec7fd30374
data/raw/0015/0021_pca_mesh.obj,127060,073578a7a6dfe8d90f90d2f84facba91bee13049d25587919e8aca6bef1425f2
data/raw/0015/0045.txt,86860,8dabf3710ac80022209be72ca7489f23aec169c571f952531e7278397f36b846
data/raw/0015/0045_pca_mesh.obj,206579,a15dab4825e36e2e280a649998e39686469f887012a1089146f38ae8968e1664
data/raw/0015/0063.txt,100790,8b3ec21efa9eec31d22ed00eb7326e7eaf2f21b469a9ab9d675f7262717898ec
data/raw/0015/0063_pca_mesh.obj,200603,d63d5bbfe2104aa8961597d3513b5c65deca288ceaa73c94e63c47b0a09bce98
data/raw/0015/0083.txt,177686,2d3e24206de17567f11d2948b48099efbfd313b28aa9c6b89127e02e562b3f45
data/raw/0015/0083_pca_mesh.obj,430757,58fe39995c9824eae78e86be96216514fa43764465dea1aba42e712f54f0a0c3
data/raw/0015/0174.txt,122256,50337d4e0234181c6c031cdc393e6ece07f9fc8b00e8bc8008eafece24b0df08
data/raw/0015/0174_pca_mesh.obj,243511,d9480c7f72500231325849094168db74af81717507ef6f45cb74ae2eae681d24
data/raw/0015/0206.txt,149861,38e2cde4b59b24c6bd85ab9bbab3588a10ceda8d7a7fbe51b2fee2b37eaa2d55
data/raw/0015/0206_pca_mesh.obj,305832,f21b4b9435045b64a363eb20153af137fd58b5f8f5dd16d9929c835aea570337
data/raw/0015/0268.txt,49436,e60976671b618a4cbbff90501c5e7d57fc585dda0511d21b774ae68db74062ee
data/raw/0015/0268_pca_mesh.obj,94102,fd2fca8ec4c8938e031fe061fe3f3eef68f82ad206542e90a70275bfb0194e95
data/raw/0015/0321.txt,15377,cadc3e7af5d99b2027c54ba1ca8897454550e84884af7af7362e0a3e06029289
data/raw/0015/0321_pca_mesh.obj,28417,39e84e010777f5cdb8730341cd3ca8ce00c044d8d0a99963f17eebc05e14f768
data/raw/0015/0337.txt,58571,aaf8eb6ee00c4e305a3ae88356c0e5702af97e9af3f453fa428c9e1e393ebca2
data/raw/0015/0337_pca_mesh.obj,113149,c838fc4e46afc13c750b023c71907efbc6322e1e59d6479d5fc962027844ddc6
data/raw/0015/0382.txt,162820,5c6642bac48783563f028f10ccc6aa3aae1a941f450f723994b23424a5f4d8ad
data/raw/0015/0382_pca_mesh.obj,390219,4c3c50b66b9b2afa82a6e6465ac55fd4d3631f20335b6a86a66a1edf181ce525
data/raw/0015/0454.txt,90374,2acc71e2a709379488b1b0b67a7a2a11242986d9588a2a6a403bdcae46030635
data/raw/0015/0454_pca_mesh.obj,177485,fae801be909bf5f6d00191f210d4bf6f1a4083ccd3ce0a5441f40567b3edb821
data/raw/0015/0484.txt,125813,947e2aa48b02dae54f4ff2b2333a06b71905bb82b884a7f8f3221e7919b38b30
data/raw/0015/0484_pca_mesh.obj,301840,54b4051c5de7882663494cec83cd424f53a71a00e36a6875799f84aef2d5163f
data/raw/0015/0522.txt,81551,88e513c21e986f1cd165c9268322773620899191acd158afeb05fae20938abb0
data/raw/0015/0522_pca_mesh.obj,158361,67d82c222c982ad8b5f8248cf904fbe0132763df52633fc04999dc548f10ac0f
data/raw/0015/0565.txt,60097,05e7c1b6dac8b3a578881987e02dad72a42769cc87b80f3dc7c0aa546d7dbaa6
data/raw/0015/0565_pca_mesh.obj,117138,56f1f54a25f00e17442630db19e68c1074fc06b41d23b583ae1aa78ce6b4346b
data/raw/0015/0573.txt,69661,1272290c51b04722ffc1776a2ae0ea621edd39914daf970c5d42dfbf108ac3cb
data/raw/0015/0573_pca_mesh.obj,158417,a373896eb6fbe7906c69dbdb0d59f05eb038f3794023a9aae64aabaf9ad81b32
data/raw/0015/0619.txt,38606,7997fbe91619c2de4ca183066867ec553930cb85a7a2e695d5a896fff4513c81
data/raw/0015/0619_pca_mesh.obj,87314,648e12d6d2960fa474115ec8c7caff392587ed5fdcdbc1d996d83f2862409dfc
data/raw/0015/0644.txt,204456,a1ccafa25d295ee6b5d3639a03bdd9ed38a647ddaa87f85b2473350c2838637e
data/raw/0015/0644_pca_mesh.obj,514854,4a9f87b369c6f68aa75710d18009ef635dd2f2f895389dd8571d7ba7a3ab7ed1
data/raw/0015/0654.txt,145235,ba10db408d59930771c1f4972b6c36a5db3cb3c9b4fd075f7db2e8288d49f3b1
data/raw/0015/0654_pca_mesh.obj,353847,7fab973ece559641a777906de0043e017f9ba5b9ce552298d90ee21e71cc6140
data/raw/0015/0673.txt,1130,ffe7d076ab14ca08978bfc35e58e511676137353400f5bf58686d228985cf01b
data/raw/0015/0673_pca_mesh.obj,2103,f7e8ea73efe8dd540e35307bfda12879bc1fb68b787717b438d85d54da993f0f
data/raw/0015/0767.txt,119890,62b0942b858c03669538eda30b92b2e289bbc792335adc0dd2ea14f0fefd824c
data/raw/0015/0767_pca_mesh.obj,238826,9a5c291a276a0d06f58329788f893a670654253a96bce1d6af4b7302d2540109
data/raw/0015/0814.txt,46278,7d51bf95f55c201bbb50ca2ef19da0d7d5b0ae28cd4cd2d5711231738724a16f
data/raw/0015/0814_pca_mesh.obj,89605,cffd299fe9eb166365961405fc0c535b658b3d038a4719336a5f6d5b4f1747b2
data/raw/0016/0008.txt,129277,d5f9cc9b0fb7bfd908b707b7bf9a798540589e4a4cb551b31802589b1d2cfe47
data/raw/0016/0008_pca_mesh.obj,303509,4dcf3da2758630b8f78a739ba036e85c41210563b3f807accfe4d71b992362b1
data/raw/0016/0019.txt,140074,72e7578b650da660f8927b14ad437c89230983bafeef7c223e47364678ef18e7
data/raw/0016/0019_pca_mesh.obj,279815,0f5016a4bc91d63f6f01bf17816262e41eb88b7a952d3efb6ba01b47a999f0c5
data/raw/0016/0032.txt,121774,5b6c33e1e8d8fd8eae562b068a8a570714b67f882a0d37046727c0af1d8162d9
data/raw/0016/0032_pca_mesh.obj,248961,f0ed8a08fe0f152c751bcafd2d2ced06f0b96f7c34c6dd396aeb4d9a3b92192a
data/raw/0016/0112.txt,189252,44e844fd8c35b49b884b1dda4596e30bf30cf3205c19721c88380f45b88c2a63
data/raw/0016/0112_pca_mesh.obj,458135,dad5e6c1a35a54499128b5a429fc3573f34995468f606a6e420fe8e923eda3ab
data/raw/0016/0131.txt,111426,c432dc782d48b83b6eb16d0e4a65de1509dadb8b6f1fd630e4c4284790de4a97
data/raw/0016/0131_pca_mesh.obj,263247,0d7bd3c1dcd1d0746832bc0bf161e542f566c4c03ffd08bc39d129756087e3ee
data/raw/0016/0196.txt,313448,2aec7e38a679c5f6c63a356b46398363cf4497a96c8b6aedd9d321378302e488
data/raw/0016/0196_pca_mesh.obj,664241,b0fd6c869b5075fff77b0cb5d25bc6010d7aa1e652b8762c5ac0c0459eed4bb3
data/raw/0016/0266.txt,10602,0fd26ff7b29fc3a7e32f2df437174a3c1ed1e33bc7a54773d3cb07b874a9b311
data/raw/0016/0266_pca_mesh.obj,18996,4868c079da7700b8983f5be4dc8f39679a052907dead6c42cfdc17b50fcc8602
data/raw/0016/0294.txt,81973,aa84f7c13569bde89aa58677190327e3cd51b21535497c1176c2a5b13ee46ec7
data/raw/0016/0294_pca_mesh.obj,160693,3098c0d05d019799811b1786538b6ea68ac35bff112896317b5f838aa3729305
data/raw/0016/0335.txt,81242,f0bc9b2eb91e9e40298d6e1a65c13fa0d2b9d060109124ee195b6b253cff20b9
data/raw/0016/0335_pca_mesh.obj,159854,2c918eeaa946f9690fb1656a6ef5033139efe1e0232faf0ef33b968d66ecfd19
data/raw/0016/0348.txt,117541,29bbb87ec9c58cce28ff7ad89a0c4e10aedc58971aa902e4d2c5fbbb4b6bea7f
data/raw/0016/0348_pca_mesh.obj,277413,4b1bf90ab20fbdde02b92ccfd6939b65467d1351d0979aa97fa1d365a0561de2
data/raw/0016/0379.txt,164489,da52e23d4265515b18b07b2ea047b1458061abe2a334d79368746559012f5600
data/raw/0016/0379_pca_mesh.obj,387701,7ac6f1c0442bcf80cfd9be94e6a28934ebdcc482328cbc792d8c05b0d43c7b53
data/raw/0016/0439.txt,88912,061a0d77664e5b1bbf29c092844cc60af3d10bac1ee9bfff1718325177803732
data/raw/0016/0439_pca_mesh.obj,173860,e95009e491c18288aef7eda42932a2d41ec94c10b88a44708061bad2388735f3
data/raw/0016/0499.txt,135938,deb5002fd37743feb4e17f2ecb035ee816e35bbc1a6ea45a867471a250ae02c6
data/raw/0016/0499_pca_mesh.obj,324725,0bf07e66e7e838d2db179d4cb3425995e893fa325b7d37346cfa7bad3af600a9
data/raw/0016/0524.txt,56611,942694f090c7ca12d73b46942c25853c413c514687d5ec728216635bcd7cb9cd
data/raw/0016/0524_pca_mesh.obj,109074,384591bf632ea20e5e1a7d49e7f89e7de2ae8c0ed52080c260691344271a7b7b
data/raw/0016/0556.txt,83946,697c9531990eb4be2a9a55648dfd65a53e48a304ca81781774a75740972240ba
data/raw/0016/0556_pca_mesh.obj,166212,d7c3b12d9e2b968cee6a8a317f99d7df4028e91e5c509405425fe398ee589046
data/raw/0016/0618.txt,41042,272273cfc5f252289e679cfb315d2e400295927dbaa6e5b5fed46c313932ddc4
data/raw/0016/0618_pca_mesh.obj,93193,ff04921186d483ecd3f3a06756502f9f381639177d77fdb42a27dcffdf72339a
data/raw/0016/0634.txt,131013,7a3eb7e1f0d0783f5e0b70d2d4e7f3715d7a187bee57b42e876b92e7bdca469b
data/raw/0016/0634_pca_mesh.obj,314574,91b150eccc178d707908a1f92ff134e6d6186d9903876670e9b2a07e76a6c501
data/raw/0016/0714.txt,2246,8b61d3506231578a31353285c3516bc6b91c11bba1d762e332190041714df468
data/raw/0016/0714_pca_mesh.obj,4409,073f52f2f423af11da681db78b07cafaca7de73893203e63644dcdc9fc3ba304
data/raw/0016/0738.txt,99033,ce7bd9ead6828636b4d880ff8b5acb3b0ece3e8eb3008684d33ce0c90bf4a72f
data/raw/0016/0738_pca_mesh.obj,196881,9a216e6406c9dd8fe502557d8f195197f7d6c2dcb63127d651de19008bf088dc
data/raw/0016/0830.txt,66783,a5938838d49fc6fdb3d74156c5efb1f7efe341feed3b9eb7791eb23156cd99cf
data/raw/0016/0830_pca_mesh.obj,128868,c22b61619eb290b13df7ccf7b96a2f20c136ac89e139f6c9429902c9f993d5d0
data/raw/0016/0832.txt,146414,1e502a22d1ced52393b6c887c0a3e53147502c7ce5275dd07b153fc726df8bf3
data/raw/0016/0832_pca_mesh.obj,300626,9dec1fce8593619082306d3860635234456dc479524117311d48fb2a8dc3445e
data/raw/0017/0011.txt,111723,7b8eaccf0cac68687382f4ea8964d245a9e468feb05f1843213ac863502452b5
data/raw/0017/0011_pca_mesh.obj,256404,9137f1c40f99c2bacff77be90d3314798b04ca8d749ef5602e53f1581ec90b34
data/raw/0017/0056.txt,194863,7c869987f406c604dbf704f92225f1de5d2dc618414c9cabebe1e6f19c891602
data/raw/0017/0056_pca_mesh.obj,465429,6b9d97f76cfe6d51793b817b054249e4b4107aff04b9f3fcb7064de6bbad2623
data/raw/0017/0073.txt,95101,b2f4c8c79717b892e9de877644d3eaed9a2a8de525b86f1e6cef0bcab2f68a37
data/raw/0017/0073_pca_mesh.obj,191910,0ef0951a5a7ec3c3e3ad403d0bbc7e4be74e274993686bcae888c172fdbba661
data/raw/0017/0096.txt,74595,5da918354b61ddeeecd07c59fd77dd667b8229bc18bfab1186d9693eaa2e7be9
data/raw/0017/0096_pca_mesh.obj,145879,e463a0803a397856b9a05ff0cb5e97504462bdf4e659bd7b48202afbcffda4b6
data/raw/0017/0126.txt,110253,4df0798a1dcdc037934c398c6576f3877b8406c5d534c004c2dce633a75fd5a1
data/raw/0017/0126_pca_mesh.obj,256152,187a95b94c9760e36f59ba7612c6c5ebf08f71e716ffb65f890ea729f5e3f101
data/raw/0017/0228.txt,203185,039a3db5dc028b127134392685a7e59d54aac47e2a62550b4b9aff6b60837266
data/raw/0017/0228_pca_mesh.obj,413399,6c9a7ca2975310a8e9bbb93bfe567f16c27f6f45e55ca45ef2437728b0668b43
data/raw/0017/0270.txt,157602,6c01c9e47d0782755ba2878fee891c5f64f057048847b64212da9092f1437de7
data/raw/0017/0270_pca_mesh.obj,315797,60e77390cab16702ccb60873aa7b923ac29ec6b853dd0979cce46f9731e6144d
data/raw/0017/0276.txt,91302,fa35752ad7093acfab4093cccf0b1b3e9e7398924697de98e9977a483f82f602
data/raw/0017/0276_pca_mesh.obj,177807,8fe0df48811f40f0ac05975739744ceb4fa076d704c5dac4c9f87ce4a365e790
data/raw/0017/0286.txt,33832,debbe9a1421833d499a044b4df03d48400bf743fff427eb967050f97c03cedf5
data/raw/0017/0286_pca_mesh.obj,64465,1b432036818f1602b8718ed9b271b284eda467cb22195ef38b0bda8e379ea697
data/raw/0017/0297.txt,80430,305d44814ad591eecea9a9baffd054b750eca3fe0492ac4e2b8d38e25e59d6fe
data/raw/0017/0297_pca_mesh.obj,157871,9ed3e522df204381ff97eb6d329a8e75e6ee9f5d6b86488e0e488e0368bf0f5c
data/raw/0017/0344.txt,144439,52611188647c8666f2cc993ed136ca44ba2ca28579fc566bc211c658a2c51133
data/raw/0017/0344_pca_mesh.obj,344022,12ea6015d8ec5e8c6c63b476ab3c1ada1dc634d5fd9c953ea61a970c6db299b2
data/raw/0017/0378.txt,165213,fcf336d6510a83219169a2c34fee9a242dcc0a523e9e3380a3bf72ed75f9b401
data/raw/0017/0378_pca_mesh.obj,394250,cdeea69209b22251ee035446debdd3ec6c87026ba1eac2617c1e9e573e15da97
data/raw/0017/0475.txt,65021,3c1c6c6e26d35d3e99611754efa2bb16b6f36fac5a828588014807ebefd01ef4
data/raw/0017/0475_pca_mesh.obj,127966,e2956687c3572856e23d51cbce88fd62797ebd6001093318ba5f9d618b97459f
data/raw/0017/0480.txt,93481,f6a5a036c707e81929157a7280d36ad1f4941a6c0d44034a03ba2e270053fd5a
data/raw/0017/0480_pca_mesh.obj,186592,4084ef74e92a9783a5badd10865b50a4e8eaf401e9fa4dc44d08c2113174b31e
data/raw/0017/0581.txt,97032,0aec317ae331a7c03f1031e7be0b22126eacf76a62d6c18b57629827cc4374f2
data/raw/0017/0581_pca_mesh.obj,229093,5beabbbc2a769b80cfa434a8293173b76d6fed219ff8135451baadfc1b6af3da
data/raw/0017/0624.txt,135582,69de109caf544d0b1801b9cadfeb425bbdf7fab352c23733deb37aa2e2bfb283
data/raw/0017/0624_pca_mesh.obj,321624,943f914dd3cebfa6dba3add4f01f87a47abb758d9518beef9408aea82a85de5b
data/raw/0017/0640.txt,83078,125cbc3347cfebd11f6adb9aea805ef798ba6dca2232f0f02572f928768e12cd
data/raw/0017/0640_pca_mesh.obj,196793,6e061d97b874e959ff3f474002ae26d4a167d64b85c5a403d07cbb65ecce5580
data/raw/0017/0661.txt,114765,97898f90f565fd5c3d2aab72d3fa9a2350881821f2534b3aa3d86e4e670653e6
data/raw/0017/0661_pca_mesh.obj,271214,707157927d30880f0b66f5b90a18764efdaa950e981296280487f031f22b75c4
data/raw/0017/0672.txt,3088,27c3d1417eb16d8c6bb81568e8e1bf9937f286c376a4dc6eece0a2fdd7faec48
data/raw/0017/0672_pca_mesh.obj,6114,127306abe48831cc41025c7778b2ab9a4bd68cb4dcba055adddc46bb1b5b2c8e
data/raw/0017/0782.txt,161612,6099f514da1479633e87124493a361e6e76d05f159b469bed5c1d81180c1bcf0
data/raw/0017/0782_pca_mesh.obj,336480,1f0c67d40e343b8da0f48416002c9c247ad4f5b744be529408ccf29ab1223617
data/raw/0017/0831.txt,24997,3f347400b712d63f6292ae8da65ce1272c0543653b68f66346685bfd3f14bdd8
data/raw/0017/0831_pca_mesh.obj,48296,97bed6577b3ca3d7e416c9a3b034c3082451151857f4c690ba4635e16366c4f7
data/raw/0018/0002.txt,201781,1b78d0694ab6ce5882f4158e88b288a83593f379d670b7c4144cde3abc5631e3
data/raw/0018/0002_pca_mesh.obj,479719,82099e86478474417a375dc5c7c5a41345205ba42edc62d722e3eb12c74e4997
data/raw/0018/0028.txt,181231,955f441e5ff779e7b3a821a17083f09871f92eb3232a018757a41c192f052162
data/raw/0018/0028_pca_mesh.obj,368417,437212a4f81a2d47e65bc11d9cebd94c0dfc0868fb0a748f3094c12c45710e70
data/raw/0018/0104.txt,100757,c2bc731a267690c8d8f73ebaabeed9f68cfac1497c83a58181e50e75a945a1ee
data/raw/0018/0104_pca_mesh.obj,199308,9536d992f381982121d122bfbcc41c5a687af309fa29ed5452662c56f0c6ff05
data/raw/0018/0115.txt,48153,87017845dcf80f4d74a1d7f8a54fcca0d8b8e7e381c3ac15275aa2534d6cff3a
data/raw/0018/0115_pca_mesh.obj,111456,317816e4db3a58ca926a6e987d86aa99f24d9c5d13a5517e3e1d0dfdfdc3b39a
data/raw/0018/0178.txt,110535,09c9f316ea617707761f83f36614e66844625006ec54228ca6a322846912c8ed
data/raw/0018/0178_pca_mesh.obj,220797,23beb40d86a96d4eb35612801316abd905082d95a7765b66dcba3e114bc9d8ca
data/raw/0018/0204.txt,176032,a8f28c4be929b99d8a0bf9f7f338cd6c627bc66f4ec0a4294d9729b5516fa9f3
data/raw/0018/0204_pca_mesh.obj,360143,e01603051682960beae92042b824692d1480eadd84fbc71ad994ffb9951beb90
data/raw/0018/0305.txt,65380,ab3bcd2b47607721732322d224e61b0919f901089eb958b2265635d513e2eb09
data/raw/0018/0305_pca_mesh.obj,127406,496884b9d1ed27563be19e7c52957c75d8948bee50f042e2d7baa3c83c7d7f95
data/raw/0018/0370.txt,170746,c633abdad1b4e253a46f9c69c5b7e0afa760def26e11c500f5d6b92f2f3a9192
data/raw/0018/0370_pca_mesh.obj,397812,a204be91dce3562412ddef8461d46e4dfb67d3c4fcc710cd335ff85911bacd6e
data/raw/0018/0430.txt,50205,82519bc3eb4fe352cc7cc803e20fce9d757ef4b58ced71ecc70d9ce6614302a8
data/raw/0018/0430_pca_mesh.obj,97392,fa8fd0fad16b84533ca6c73a5de1e17329d576a0a67c3b7e58dbd87c739e8559
data/raw/0018/0463.txt,19396,54d377fa90a0b94cf28043187bd8e18486c09e521b50aaec4216f49fef83dc09
data/raw/0018/0463_pca_mesh.obj,36503,56ae4884ef9db4fd4cfee5fddac2c1d54724939f0f81a77969f72ce72869151b
data/raw/0018/0472.txt,63157,9f1a827d7b46774e89d7dd6ea69c2a82c128337390cc8d0953b37b53154f38d5
data/raw/0018/0472_pca_mesh.obj,123565,699ec510507f2dab41ea9e202d90cb1a2502362aeeb95b086960c39cb53b4e8c
data/raw/0018/0505.txt,93219,2251832bf2ac70caaf21b7fad4edab9752e7a928af24961fb6783becc01a53f6
data/raw/0018/0505_pca_mesh.obj,222510,992e152c0dfda4a97e328633dd037f9d481ce1c5c4e77ac13cd5d453a6fcf1b8
data/raw/0018/0544.txt,55427,cae9122eeb7162c7cb50a88c6d52bc2f5147ddc6c851ea7d1f187b8be0535ed1
data/raw/0018/0544_pca_mesh.obj,108783,bc5f6db318741b070a1aa8603d166bcbc4469cd853047c5b7a5cb94d5c1c78cd
data/raw/0018/0559.txt,92546,9b08b6bc2192737fd180eec633c1941e4897d8c60f2dc3a29dca73f2740d7b04
data/raw/0018/0559_pca_mesh.obj,182183,ddae5f913cf2d7924efd604f371623648f74af093bf32ac514cb850806b2956b
data/raw/0018/0574.txt,119845,fed5a94063bc2d5d5c199c35cd7e5d002865e63c9592d785ce3a24b0aeb48821
data/raw/0018/0574_pca_mesh.obj,280943,229d869b2e464e8d5a468e99f9ae8957a52878699990956ed5e2c84037be0592
data/raw/0018/0641.txt,196235,0e5e6ad3642c344f4dde79ecd5d1b80cb49521457a273b4208eac17684bb281c
data/raw/0018/0641_pca_mesh.obj,490941,6e76d89800c29612be9b3f6549e36f361bff81b2d17a122e871dddd4cd55512f
data/raw/0018/0653.txt,149380,84ef3117321369f189e8181a75c90b80b544aee2cbce853bf5401652c422605e
data/raw/0018/0653_pca_mesh.obj,365128,3d69522305f34c26cbb93d0049736315d1dd5abbf1cbb798c0829ee29ceb8a0f
data/raw/0018/0671.txt,3358,a26596e35217c78ee6f0981578b22fbe60c6c6838c2eef3431639ccc13cb7a43
data/raw/0018/0671_pca_mesh.obj,6389,73178c9f0cf4976f31d39c8098f771f9eb03ecb068036271b310eda46bd2e3c3
data/raw/0018/0707.txt,52487,22981bed654d0ae22bcc55319eda25cb247018b2235533f6b156939cf5aaac80
data/raw/0018/0707_pca_mesh.obj,124636,4505abd591e0b053cfc3815e483029299b7020812161d3017bce8a3782ea8cf2
data/raw/0018/0756.txt,106540,e5c5a1f2c50f2ff63c5f63cd63e5c5d2430dbc08469742d8bb82b4d9ceb7bcff
data/raw/0018/0756_pca_mesh.obj,183245,931a68b669ebc2062f2a3cd2aadb471adb91f7b5024949a651491aeb377b020d
data/raw/0018/0771.txt,153092,694253140c696e336dabd45102a18ccd4fd9d7a45021679833b9f1ffdfb435fc
data/raw/0018/0771_pca_mesh.obj,307828,5a2612c6fb6cb7eb7bf70bd0a3c7cd2e8f6329c2b41d17f8eb29ad249123cb72
data/raw/0019/0018.txt,159658,2f445ff821e4b0f145433e174d8e410b1bb5f0e4ce40a60d25c092edc96ed8bb
data/raw/0019/0018_pca_mesh.obj,320374,d661dfb8fc64ff4c1a349fca90c0a1e0146dbaa27da9dda5e8471f98d9fd6193
data/raw/0019/0050.txt,236210,5cb010dbe18d4f78f951d5d6e7a062e06bb80180b8b3088b6f596d856086776f
data/raw/0019/0050_pca_mesh.obj,575662,54265a3b2e329711dff4c887738e457d00b335f2b32ff3905cfb69b2ddaa6df6
data/raw/0019/0065.txt,57805,581bd404ce9cdb0052f70707e6008967be615f59eb14fc5e5e382bbb4241c6a9
data/raw/0019/0065_pca_mesh.obj,111947,5909734dbc9a5b816abd0e20adc58c6aaabce95580b5a389368ad3272f30e524
data/raw/0019/0091.txt,76444,bbb016f1f69bb4598942bbf75af4de2c741664f70f93a102f8296cd79b18b773
data/raw/0019/0091_pca_mesh.obj,177601,0333dc80166452733b35076a83ff19817e6da3924de12c12e57cd815f07cc0bd
data/raw/0019/0145.txt,130981,5891c42b9d42cb42db6fe0a62924e86d7239771ca29f5043e553ece4beafcf06
data/raw/0019/0145_pca_mesh.obj,316718,c33a2b052ccb21fe68a6c69d5190ca876abd3a56a0c06a89d88c274bb8550a0b
data/raw/0019/0193.txt,171865,9e2983405e12f3f5e62a7ba3bb3aa8ec1cee89d440d4ba78f0175ae620a62ff9
data/raw/0019/0193_pca_mesh.obj,347326,a92e557b07031fd3a7742406f9a3c73ad568680fc16fe0ca9165b07ca17b3a17
data/raw/0019/0295.txt,124347,ba6355e95fda983be2739e001ab6dac26571b9e134a82a4e77dd7af0bb8b8590
data/raw/0019/0295_pca_mesh.obj,250612,711469539e8568bc95489a3e5bfc6c1da98e1ff9f30b903c7bc69c4dc3352096
data/raw/0019/0302.txt,29792,1bc30704d712fd1e9efb4bb09da7e5cf0c5fd3ebc73568cf22dff22727b8e155
data/raw/0019/0302_pca_mesh.obj,56369,6c99d40f7a17e4b191e078142015110e671306ee4eae18603365c44467ea5248
data/raw/0019/0309.txt,163923,3122a5771555bd2b6e5156b2e9642e93bedd316c4a270067d710076e0928eb14
data/raw/0019/0309_pca_mesh.obj,337436,91f3f006cc486b96db1a4f34088fec89e8a954c615381c518cf2097b6015a53c
data/raw/0019/0320.txt,67926,511b36ad503b0d2f24ee04c1dfd9ac2399196756108de2e6cfcc88113288fe16
data/raw/0019/0320_pca_mesh.obj,131574,7fb56b36449363dce1ba2fb42f606ca7cfaa3f43cc9a1937c73c4ace01524089
data/raw/0019/0353.txt,19616,76c4cf97f042a8e4968d466e9043cdd6f65e0f1ee77095f93fed29e1dfafb852
data/raw/0019/0353_pca_mesh.obj,43114,be6ef7dcfa37c69b9f26ebe594539ac497f1a3dd253078570763d17e4a9cbb3e
data/raw/0019/0419.txt,77950,0512cb42d27465ac61340bb6933c35f1e818dfee68a3af6f522e534b5205cfc6
data/raw/0019/0419_pca_mesh.obj,152559,92d963b01fd50a8d49678680e8e2ea0b67293921de0fb5941ac2ad1541434f7f
data/raw/0019/0486.txt,86337,f780518a2f779da85cbf97e851b269b239a31e989036731388a1ff8f9fefe255
data/raw/0019/0486_pca_mesh.obj,200239,cbf26d136b65f3938dda04d06edc75162569f6a901ad477bd74b7dc7818ccc54
data/raw/0019/0497.txt,154350,7e7622db0cbecae6e332381f81afb938ca28fa984aff69d7b380ea1e036cea2a
data/raw/0019/0497_pca_mesh.obj,369068,b9a01cd36fa06b4ab480275942b182888e0bcd18309ed833e44ae798cde3ccbc
data/raw/0019/0514.txt,92452,84ccb3db579a1cb3c026d116d940bdcabe48ddf457009e96c8d3023b462c13bf
data/raw/0019/0514_pca_mesh.obj,181831,f4cccdbb2bdc22bd5ad05c9ade1702c636e2371ea335d0b7ef658daa248f30e4
data/raw/0019/0639.txt,4031,33758f4291b87b6766bfc5c27a326fe08d9cb48ca511da556b34af613cb1fcd6
data/raw/0019/0639_pca_mesh.obj,8256,b5ba355d0744e792aede8e3caf7f8059022139cf3ec2ba634e6d1a1d1c352d71
data/raw/0019/0699.txt,128615,5659fcd47a9f289c4beb4d02a9573aeaed34bdf862304aba1196e1572d53e01b
data/raw/0019/0699_pca_mesh.obj,303691,2d35acf7271d4c16381cb0d750b65a49ceba15c34ef88ead59fcbf613aed1e98
data/raw/0019/0730.txt,72131,03ccced3bb5cca5bd24b346b27fb4f146ced4f701ad4382d1bc80c146ed55057
data/raw/0019/0730_pca_mesh.obj,141643,f0c2e87999ee93d6fde34d028a163e962968543680bc0048acac503d47466a9f
data/raw/0019/0740.txt,133091,9728c71ef1a1cd4e3c9fc1c54b58facd4ea5872c4ac17448e4e54fa9369a0c45
data/raw/0019/0740_pca_mesh.obj,268711,eb538d0346d5e82d39bdfafab692ebc825dcd4de84953069fc2e427bba501347
data/raw/0019/0764.txt,42746,cf675c01cba0ee38036999763a2d2a31e16675006a4d2065f3e68620f0d3813e
data/raw/0019/0764_pca_mesh.obj,81837,1363636ded2c2d74db84d4bc58e1ba0523446ba67758de864f6af57b43bba73c
data/raw/0019/0817.txt,145929,d8a92d7bfa94194a2f92a3116c00241bad2d0520ce8a84009c931a65e6c8e1af
data/raw/0019/0817_pca_mesh.obj,297041,7740150519c5026064d362b2346850c872f4335e22bf0a3795315149ddf3e6a6
data/raw/0020/0001.txt,249659,f24e7760fd468c99a26795ce3db102a691368586f2bdd1d67b45136bf56b69a1
data/raw/0020/0001_pca_mesh.obj,594499,1b43470b96547e40256c89b8a3eeffa247cae16d956fa89935f0d162e6d071c8
data/raw/0020/0061.txt,73900,4652689078f73e1e8513a464ed77d4f518f7766c54a6dffae52669480753061d
data/raw/0020/0061_pca_mesh.obj,144965,5075d640d37459ef308eed745aa5b4d8fffcc5db33275c8d119a51d66a946d10
data/raw/0020/0085.txt,74510,55118f529cc82eb13b91a3db803487900bf278d5e76ed3a477453c53aa2f42c4
data/raw/0020/0085_pca_mesh.obj,169550,2b922f7ed650ba53c5731268ee13f584f36cf7511ed51fb6b700bb8e966e9a85
data/raw/0020/0094.txt,110241,b23d72bbe240cb3da734a716ac5fb450d9bda02fe996394029ca3dd8fbcfef07
data/raw/0020/0094_pca_mesh.obj,219477,9e8e0fc213a7b3402f81fd95085cd225c723d0e0cb053ae0bfd4b4369075b797
data/raw/0020/0146.txt,133132,d6ac2bbec26dfbdddf657c18df4083b2e31bef6824a706ee9dcbdc6937667258
data/raw/0020/0146_pca_mesh.obj,321328,12a00d6e4c2d8ceaa1cfb9f1fce935cb31e152ae1e1660d31ecb84b1c2b6ef93
data/raw/0020/0197.txt,201862,fc6909010166da8d243ab586fd5b4d90041cc1a3d8fa53fe8a4a801d8cf04ce2
data/raw/0020/0197_pca_mesh.obj,423077,d50b7c5bfe4becd6dbe0ce8ca7f075d966b831e34aca5a235002aeb20bd2f904
data/raw/0020/0249.txt,90298,d703218b7480c70cf8637f4fbaecfe22e9df8d0c8bfcef3335c1cc8a6e72dca5
data/raw/0020/0249_pca_mesh.obj,206551,b58a4572f76b8dca008c6bc3907172505d4941f3f50232fc2984970a472da106
data/raw/0020/0368.txt,14812,6d675604380f136b51d8a6b88a9b28095f01f29678b62ee1f79ce18c3dc30ff7
data/raw/0020/0368_pca_mesh.obj,31801,d9d6fe3a62b28645f7c7fab7323b518ded0b4fb0254f366e27e38270e9083c9c
data/raw/0020/0425.txt,75929,b2cd170fe41db0eaabcb5f95444dc34fedbd7a8fa35347e29714805ce260ba71
data/raw/0020/0425_pca_mesh.obj,149035,813bd6dcc705c2e67c7716e873c8328723288ce1adb1084eded684de0c8c5369
data/raw/0020/0437.txt,25908,4f614e7802c122f308d57f8f41881c2bafc16267d97c192163bcf09260ea9f57
data/raw/0020/0437_pca_mesh.obj,50346,b7fe0d63624c873e2f088c70da6fe3daa7f729c5ec85e9f6b91346823300a7a1
data/raw/0020/0449.txt,68777,1faaf9fb94342a6869ecda2c19b9f9f854376aa42a1c7b77e8084db6465474f8
data/raw/0020/0449_pca_mesh.obj,134319,1895f1fd04a6de404ab076dd18e105067f1d92777f5358b91aff48d4eb213f63
data/raw/0020/0453.txt,102120,4c97185dfb6a286fb9ba53e0576a6c23035378c552e7fcd768b89529474d0114
data/raw/0020/0453_pca_mesh.obj,206150,95a4a6e0b6978250b14e02b5307b7ebe6395419b899f835b961e7e90244e5fe9
data/raw/0020/0459.txt,25460,cb04d3c051bda7b10613112be519e569dfa5de2674aa92fcc9f1e0f7f81bd005
data/raw/0020/0459_pca_mesh.obj,48424,1760bffb80110b75a3426d38ae25b616b08712950b660dc3e12eaffd36c0c0c4
data/raw/0020/0518.txt,81373,f8142e63b872af8e36701877c95cf37a86726d595e1ccf04dd1690c17d7ec844
data/raw/0020/0518_pca_mesh.obj,157900,be88a79d04c91c735c786696780a7979f88120ae25652bc66349ee2d3c75b27c
data/raw/0020/0579.txt,105877,7be4dcdc87c412b6c424cdb818ba351b8442ea1ee8c73bb7b86eab981a087580
data/raw/0020/0579_pca_mesh.obj,244862,87adf2afa81589f3f1b179e469c5b8cc5b1dd9f382f52011393fa08d95a681ad
data/raw/0020/0608.txt,136247,d5db85be7273b2145697a9c39021f4163a7e2b47687ac04ef65c575edec19f43
data/raw/0020/0608_pca_mesh.obj,321348,ce9e0c05f6251e045965b5a1d646b52fe1e8a1b758672a8c6bdb54d4727dd2ed
data/raw/0020/0615.txt,99473,efd370037f97fca60e248bfb2859729ec0c043bca2b93b2fd795d51bc62fd032
data/raw/0020/0615_pca_mesh.obj,233894,7dd8114115825bf3e515e7c97585fdd415e05b7e851f93df83b70d82a814dcbf
data/raw/0020/0651.txt,6119,987b4abd7b52a7dd7836301693264accf839e06a1f4782957ec5f29dbde634d4
data/raw/0020/0651_pca_mesh.obj,12667,91bf1aee6c95543d16d4a90522ef9a5ef32d3242f7a3509d17b32567992da6a1
data/raw/0020/0731.txt,69773,6b755f08a3b37a6621973b49e5e80cf8a4ce8c1990ecbaaf57628c74ddafd814
data/raw/0020/0731_pca_mesh.obj,140280,a1a40cb4a036464128d138be6620aa3e5f7c24bdc88dd6af6129a1b9f0baa46f
data/raw/0020/0752.txt,278217,9f1a39a6ad09f2ab337a93ce03ad499b325294fb3f58c95d2bed29335cf17a12
data/raw/0020/0752_pca_mesh.obj,508241,f9573e30e5cfdc9ad592f54bb57edae9f7fb3157a452032c76004bc0cce71109
data/raw/0020/0802.txt,129524,cd3c1dd0010195b6f0d9c1e5b7ac1453e4da4665d1fdab7625caae95b140d53e
data/raw/0020/0802_pca_mesh.obj,259681,b9b25c5c3eec3d4da1dfe359b314f42d2da6d21d551ed0f5ffb56f5863c53083
data/raw/0021/0034.txt,74063,51347ea7bbfadb412678b9626d954fe0625f753acf49959f9f8d65ff9f2a5fe6
data/raw/0021/0034_pca_mesh.obj,146671,edae893a27b38219afed3362ded906e0f6a81d175019bebb2e1b5a9d6698d5a8
data/raw/0021/0087.txt,72082,b6a22c6ffba8b96e7715f15dba94a8aecdb82702bd61f0d80ef086d34d22c2fa
data/raw/0021/0087_pca_mesh.obj,165968,e58eb12c3363c44f4ee04691c35eae2267f83193a30dd11b678403b1a4724c2a
data/raw/0021/0133.txt,162898,8414d6cc17fce557a193174559c9f9725dc6125f24d78e5bd3f676d43f82dfa3
data/raw/0021/0133_pca_mesh.obj,391585,f63b39f0cb299ffb29b77eb432426068b3b4730270bf4ade8e326f1e101ad1b9
data/raw/0021/0164.txt,48386,1c288e866863821b5d22f81bfe79a0277f1025be4abe83eb1dc8e8ae4b418cda
data/raw/0021/0164_pca_mesh.obj,113893,30ace6dda4646a1c492b8c0f90e186ae07f74cb07d117c4ee373539c7d8719a1
data/raw/0021/0209.txt,162809,c1a1b9e1d229fa8fe88180a44ca2d638f3e34b71f91865e73eb82f4a77cf414c
data/raw/0021/0209_pca_mesh.obj,329469,8150a227617c5da78a70eefbca9092733be2cbb68a5a93205abdb8116b55978e
data/raw/0021/0231.txt,89249,a9fbc221512f2ef9ae2caa819796f9cae31757abb7ebef061fcb09d0f0175450
data/raw/0021/0231_pca_mesh.obj,178720,d19c5976a20b5b8440fcee9481142efc2339b79b357bc7ef105d9f0539763a84
data/raw/0021/0273.txt,154408,45bd95ff10a77cbe0230049d539934568da879aaeefb6ca4aa466ba3d4f2f0f2
data/raw/0021/0273_pca_mesh.obj,311034,451701205cf78ff57a5c1f1feddcadf59bf36e7cbedcb200a29b6e77135f8c72
data/raw/0021/0285.txt,17660,f56ab0f29c24f55ae49d092f40005efeee3bbd0d3028be2c534c2840cf7a06da
data/raw/0021/0285_pca_mesh.obj,33445,686b06aaa6eecdc55cf161b689ff0fa3dcf55576f1d005e05719ae9ebac1bbe8
data/raw/0021/0399.txt,93486,6671795739a470a1e1951ed98f997ca9197243abf48830ce578d67e80dae711d
data/raw/0021/0399_pca_mesh.obj,216797,e84d8f032154df4effff86f90db935e2a6ffd1ac9f8b4ef9f54560985736937e
data/raw/0021/0426.txt,39818,540c75fec5c60b407e0e5613c43ff9cd4259bfe8cfcf5118f917d5514da35267
data/raw/0021/0426_pca_mesh.obj,77395,5f268505cee9e1d4eb494a294bc3ed935932e07ab7506eb1a32130cbf3c3023d
data/raw/0021/0455.txt,46339,32e9bdb20295a0d290c23e435f2612bd183ddb64fbe7ceca3f5c0d961ac90e33
data/raw/0021/0455_pca_mesh.obj,91528,87c070e91f3f031d2834ebee6093b6915b240a754444ffa766f3ed910e5aea44
data/raw/0021/0485.txt,24128,9299a343acc581c4708c2995198c52a1363a2734cc63ed166eaf4880d14061e6
data/raw/0021/0485_pca_mesh.obj,52192,2a1ecaf50fe0effb997101a4dbf35d4276af7ceec5365e25af0d991d52e766d2
data/raw/0021/0509.txt,823,708bd0217243b28677dbccb1d03c4970c05c045ee0bb12c7625982cf5daf65a3
data/raw/0021/0509_pca_mesh.obj,1510,e7201e9151f97600f9b6466b5939d873ee164fc45d2df0eab8b1b753c7868bfc
data/raw/0021/0535.txt,36853,7384bce295cad46324ef0f3b2d102f8ba0bc8677436da85fe9054c6ab200d682
data/raw/0021/0535_pca_mesh.obj,70937,baf8e6a6c74f0f120923e4363c6adc9d59d07f180265ec04b3a4f4b1c5ae3610
data/raw/0021/0563.txt,64565,82025d8a6184ad432d499eab2d3048d51886359fc7ea3b495dc9f5f3a98f7ec9
data/raw/0021/0563_pca_mesh.obj,126479,9263ef05dff99ebc598fbcbac67744e0fa33e8545c61520b2a4f7b78a00e2c58
data/raw/0021/0595.txt,127442,0f5edf6c2cb628956e5f01efc4807503dbd1369589801cd5c14993f540b8cd81
data/raw/0021/0595_pca_mesh.obj,301322,0d609edf5801b8f82d80b0d8ff6e99d6871bf0840c6a253b380113531915d725
data/raw/0021/0677.txt,94317,94d0789f02cd087e4dd0f60e254d11e8d10d300321eaec30109cbba3ce507002
data/raw/0021/0677_pca_mesh.obj,228051,2b98ca5cedf91094ddbd6a4b431c5f2689f3d16d804bc2af623d442e739550da
data/raw/0021/0694.txt,3646,f5c0e3dfa49873256e831cbb83c8a472cb186f18c3ce2a04a4fa15d8daca5773
data/raw/0021/0694_pca_mesh.obj,7391,4841f371499b5df593e7f4b17d46bcee456ba0606d39d336e61b52f1f8b2d829
data/raw/0021/0700.txt,160087,96dec8750bd83644fe1df27b3bba511e770581d52a774928932575c40c1dd547
data/raw/0021/0700_pca_mesh.obj,386539,0e2b6cb125d4770600f3edfcdf4916a4fd494e71e85c05348248e6e9fcddb708
data/raw/0021/0733.txt,53257,dfa0269d08ffaa25e827bdd69a035c5872ea133f73eb69ae067da8563680bc47
data/raw/0021/0733_pca_mesh.obj,101644,8494cb181e2ce0e8753a786e17c34f1a605e17afe5df48f39e8353224910e260
data/raw/0021/0806.txt,204212,ac5f8f89a552d9fb12b06478232dee750fc61a67c5110793bcd738909130919c
data/raw/0021/0806_pca_mesh.obj,417132,a4b6a07fe9b3dc65809b93361c6561a4d54e0e32fddeeed7d7ae5b71f97306c8
data/raw/0022/0057.txt,73042,1795b9acee4043da032db245a8de2955b992400a13684be33de21f4fea8a5fa2
data/raw/0022/0057_pca_mesh.obj,166156,a1f1a3449e7f0f6ceaa3354b57e7a495266b5c43fb01ba316ea1057c46869c37
data/raw/0022/0100.txt,22673,6eb9fc22b88cd3bfd8f1eff60f46f33a5ec708ca008dd7e6b0e74dd2c2511dcf
data/raw/0022/0100_pca_mesh.obj,43439,5a9651106d983e38660a0d1bf23edf0026cb9a4dd2939737218f6de947b23942
data/raw/0022/0121.txt,113190,8798d487193c917b58332f031d6e9bd86fe76094e311e168809f41d3e3932875
data/raw/0022/0121_pca_mesh.obj,266733,1488aafc5f297e9a576437ad52a7625fe16fb594b172f5611ba9925935cfd5c2
data/raw/0022/0156.txt,39273,2007386ec2d71fb7bfd828ec049ad2e82d7744f43febba756d4f50a531a20d03
data/raw/0022/0156_pca_mesh.obj,88293,dc0b0bf7500e9fa91eb28dc36047d2942bc025684a287e8a3413467ac0664a93
data/raw/0022/0210.txt,349449,c8df4f2db4267260838d29b590266f516b1907a5a304ec427a5444c2c6c9c2be
data/raw/0022/0210_pca_mesh.obj,727474,690454f4cff2d533d87097358ec1f5978d3c1f1e46b6261ecc85ab9fa16b139c
data/raw/0022/0224.txt,91700,81bd74b06ed7ceb67a564c6f83e01a778374a7bc1fb74930f4993b0ab988dfed
data/raw/0022/0224_pca_mesh.obj,184451,d578c26644f585bf4df354c9bee497d6442b140c15d9733493f0de5526be696c
data/raw/0022/0271.txt,173862,8e0b48e9849ac230dc712ce3990f6e8fe6c4906d1f0b63ebcf05b16c185649cf
data/raw/0022/0271_pca_mesh.obj,350205,a91639acbfa7662590a767aa71a13bfb514f26b332748fb94702ce60836e541a
data/raw/0022/0299.txt,79310,7d037acd3d1efd59061fa74e577f4d1813834c8252a7c4d5400d3511727c27b0
data/raw/0022/0299_pca_mesh.obj,155474,f718f33a570a0e1b95014397bb1fe4f3b84ab3ff69bc212768099a7caaff272e
data/raw/0022/0310.txt,129719,d6bf420e61332e374b2cd5587c4453663f77b5a7874bba139ac9d9b4ebe99563
data/raw/0022/0310_pca_mesh.obj,264649,5e3e8685414e30dc1da8cb11c17fa329dfb5dc86317b2d803623234eeec36e48
data/raw/0022/0341.txt,30353,9b40225583572b13f0f1c0797559e6ab765dc8bf55e4936bfc43fe277f898d69
data/raw/0022/0341_pca_mesh.obj,58563,6c7b3e13f9d8a832db4ac5ef60abeeb38b469f6655fd09eea05f2585d22c21f5
data/raw/0022/0346.txt,253926,0784d0df0b9aaf9862784f46e5d0c5a427caa69f909c82c278db07b720367262
data/raw/0022/0346_pca_mesh.obj,620550,06d2223412e29a32d836ebc6426dc45dc0c4af942ada0887982458c31822cf7d
data/raw/0022/0391.txt,9635,450e1d29c842ba8944b9a256262fc0e0811fe061a506554f0399d72f85d8f4f9
data/raw/0022/0391_pca_mesh.obj,20071,acadd6297a4212dfa831edf900b0eeb055c4eec7f8c04b52ff560a71734452f5
data/raw/0022/0466.txt,64123,416dda6df16353e706d1a8a7415cb0f252c8ced61356b08d065b008019cd2a20
data/raw/0022/0466_pca_mesh.obj,125031,4fc298139d9cbbe2a9b60775af0e51bb913bfdd9e9da68cba3ba917823f203dd
data/raw/0022/0495.txt,86191,75203b75b08b1a6cee2ee0df6867612aab07f2b0777e7c0dd8d1743108cb910e
data/raw/0022/0495_pca_mesh.obj,203816,c2cda979fa822e9570b5441720423d6a27e707ddb630a20a43b413dd1ee0ea62
data/raw/0022/0567.txt,64807,fb0b2366ea4ae3e585fc043bae53c2591d7fc278a99de5b8a0cd1aec3edbfe78
data/raw/0022/0567_pca_mesh.obj,127274,cc0f0561a365f3d4d5469a2a3588eeb4d1ebb367f8754aa881bac8eecd42d85e
data/raw/0022/0588.txt,13518,59e0b57887009f6e70a233e71812f0863c5f24b453d090c0843971b6ab25a30e
data/raw/0022/0588_pca_mesh.obj,29165,84bdb052010dd86cdbc7a9a86ad15f45483266ed033596ea59bd57b3d48bacee
data/raw/0022/0664.txt,121803,b4b0d3bd6060b9078b5ecb3a9e2e57514c7cdaef028f607fb630a03a5ff91a28
data/raw/0022/0664_pca_mesh.obj,297084,cacc9840b450e9140a0df4710d1141ace41d5f9bc1243618716fc8c79e2dd11b
data/raw/0022/0666.txt,51773,3f3e46d02e89adec1e5331fbe90c9acd5680ab1812b4909a60664d645192c0f7
data/raw/0022/0666_pca_mesh.obj,121765,20c09a2b36632dd088c5d6d8526009db18bf30fbdc15e661e00a44553df4027a
data/raw/0022/0717.txt,6794,32049d5ebac3bc100bffd689bc84175433844bc8516e175cc6693e233e2aa5cf
data/raw/0022/0717_pca_mesh.obj,11560,487c2a3b0bddec2366f9e4be4e18943ea5f69679e94090810ddbb17b46e14281
data/raw/0022/0745.txt,127769,4890e156b5067d9c01981773d1e957905684b4b2fed75e98f50718480f1b477e
data/raw/0022/0745_pca_mesh.obj,257926,02abd8d38c9272c0e543dc110d547c7d6cd43f28568a52a15c641c9e90854e5c
data/raw/0022/0784.txt,156408,c0a549d839701140aab1302f28f62cfa481308a19af78aa12ef5d2c6b2211118
data/raw/0022/0784_pca_mesh.obj,328814,4ff8999b305eeb6a23ae480ee2e379a53e62a5b3441424b1afc79bda1acbe3af
data/raw/0023/0012.txt,131865,5ee6005cb113377f586ab4a86f990fd348d205d7e6b28950467f12f50f4dca97
data/raw/0023/0012_pca_mesh.obj,309122,dfae6ed72ba7d1151b38e8ce0068084d78abf0728823caa5a2a288d161896de4
data/raw/0023/0022.txt,101920,b31879752479f59089f459744931d2145b088febfa8d5dc170f88438fe06846d
data/raw/0023/0022_pca_mesh.obj,200903,5ba2be42bca8758c315beeebcc79f6b31e977aba86a316906b122cdbe2eee3c5
data/raw/0023/0150.txt,113474,52f6b20aa4613058b5aea54ff335b69e2d5a504af52188667e3589303fedda92
data/raw/0023/0150_pca_mesh.obj,275995,70afac01e33ceeace0e8465f273c25f3a6e4e8195c49a360379e4f7a9ba370e3
data/raw/0023/0154.txt,38410,69db723b67a441ccf35d196333292e66319d6b81854294fe62a8ba7c4964f9bd
data/raw/0023/0154_pca_mesh.obj,89470,8a4210fd8696fe56a78e52dcfd2c7dd9d93d5b0f422e54f7623a25c980084d1b
data/raw/0023/0221.txt,202036,80e1f22455e5929c04fef63f06f00d09f8e5c49544790aaf23a95b712e909490
data/raw/0023/0221_pca_mesh.obj,423054,047953c22c942d6e5179124fefd7c212ff93dc41c7537a68a2c4fd560afaa931
data/raw/0023/0236.txt,105446,3f3d8817382b9b55a265b415f11eb994ab37421c900c070c4e3f920c84892253
data/raw/0023/0236_pca_mesh.obj,209964,68cf15241781cb145e1f429379603902b3a919572ec834fbc9bc43529d842aa4
data/raw/0023/0264.txt,22423,990b94090ef0257c1131226de133b7aea1e145c9638f90866e2da9df4a24c5b2
data/raw/0023/0264_pca_mesh.obj,41935,2bec2e5b9df7d04845e74b52ad9a59a37123c82c5da5a891063ecbf9ef454fdc
data/raw/0023/0311.txt,143196,685772f32e5f73e4c4eb55298b11dd4ffec97f85eafa9921bd75fb312ba9eae5
data/raw/0023/0311_pca_mesh.obj,294389,9b8d8e3e5890960f7fea71b847ec886c2a0b5e270126fc5278f49ecbdf0b3f8b
data/raw/0023/0413.txt,25842,9d72118d37f7bce01c844b51bb8a7a8bc6206079042d35d83cfab1cb1babe88c
data/raw/0023/0413_pca_mesh.obj,48584,b5df7c86b4a807af51b9b0cec8c3a90b9f460e336744dd7acfd1d7fa576cfb2a
data/raw/0023/0446.txt,80754,9ba69a267969aa2badfbca490a913e05487c6d1898c61e57da4efee152636dee
data/raw/0023/0446_pca_mesh.obj,158613,f1b57d19b5c35fcbcb0ec123699d2e351739bf4ff30b118e5c492ce8e674a507
data/raw/0023/0487.txt,91843,433d906ea618d0e08d102ed6d1e12568ea7965927bd89b4f7999757f3ba50e90
data/raw/0023/0487_pca_mesh.obj,214839,04824a270f5fe043b4cc75a66f524bd2dc46c0000382e9baace1f8af2f149ddf
data/raw/0023/0500.txt,168671,b603625b791c295d1d13bc703020f586ef782eaf03ac1cf3334357aabf2dca75
data/raw/0023/0500_pca_mesh.obj,406077,354e8fef622bb8f8f87d25f19ee7a9f57d01ceb14bd6d7a9913853a350e2704e
data/raw/0023/0508.txt,25080,3e1e68e8b193ffcf62f9f95e32ffb5d2126014aa94de34ef453c173eac2f3584
data/raw/0023/0508_pca_mesh.obj,56303,da2ecb43ddb9c1b50bc0acd206846e72398de049c2270b3074d49f040c1fa3ea
data/raw/0023/0510.txt,688,371052d75aa2fa5b4d466e92b8f40a994942940e26b34f70a5a9fa4e92eddae3
data/raw/0023/0510_pca_mesh.obj,1249,1e7d008bbf05188ea6bf7efb953cc94df749c512375f37d603472be7220864b0
data/raw/0023/0515.txt,93254,4aedfd38d867d9d8c898f0af1a0a355b4b93441b46f941ce5d1fa40d6a0bcf7d
data/raw/0023/0515_pca_mesh.obj,182755,b03b285aacbf49988432faa5ae6f5d8e4a59de92ce9cddbd2369e11d96544665
data/raw/0023/0566.txt,67996,3f8ad2beaad166ec4e18dc2a6023bc19bdfb50bfe6cf04ab9c2794a94f689636
data/raw/0023/0566_pca_mesh.obj,133447,4d5ed60e38fee071e2fbd9cc6eefa0899bbcfc84b030810660889e2afb5a1259
data/raw/0023/0613.txt,166433,d116b58d2ea4bb82319de27c1bf8419ed93affd24e984feb6a7178c1595aeacc
data/raw/0023/0613_pca_mesh.obj,395731,636d30c24b0887a434167db9967151efbd5cfe702ea41cbd901f104b9afa3eda
data/raw/0023/0693.txt,3349,db975ca5cdad08cb3516d72efa4d6285ad06f3b25fd9b08e1e6ec7681c562f53
data/raw/0023/0693_pca_mesh.obj,6527,7ff87cb99569273f55b84089a630882523245aacbf25c53fdc681983ead983f5
data/raw/0023/0708.txt,67520,e90620c34d1c4ed3bc260d925ef88fc284f0fed894bff864aa23ba4023cd7698
data/raw/0023/0708_pca_mesh.obj,152412,cc702de5b3aa588cdf095426d4af53aa2c6de4037b074ce52c6645ca131a1462
data/raw/0023/0736.txt,102417,86ce19ca121b0863c4ab0a3a9857f21c51e8bd6aad4e534aff462b65c1317736
data/raw/0023/0736_pca_mesh.obj,203531,3de26fcf46b0e8b5122384f0aeafdec0ea0de823e265ed2e8f71bf1553ea5fe9
data/raw/0023/0803.txt,425548,b575ef2d4d9460280c82ba5099f666a40bd4f7ca3cafabcb9169a4fc6d4771e2
data/raw/0023/0803_pca_mesh.obj,868188,37e93beb12fc4c10f6ab60ce1d7d46aa2612a8a7ed7098e85050efa682e714e5
data/raw/0024/0049.txt,73165,4756f654555707cd584fb54bcd48e5a0a2b80101681b05f400508a72b31f1788
data/raw/0024/0049_pca_mesh.obj,169470,fe5411f5d584e10810ddf76f10bfce3c35d0184a4af1ee62d4c09bdda41cbaf8
data/raw/0024/0101.txt,28509,27908887a29517a8956f7cdc7a54e859b5e7ad45de8f08b491fc06b6c9fd6417
data/raw/0024/0101_pca_mesh.obj,54272,db84395115f3cde54a1d822c959b18970c32b2fd28c1f69c110da4d4c13fe8a2
data/raw/0024/0130.txt,173604,0da6257725bab13726050f678c5ae98a6b32e1bb0b1e0bfff794e60c48a2702f
data/raw/0024/0130_pca_mesh.obj,412894,7c4a55f5f2299f51658794059f7cebffac4fd761056af7627d03ffc9f62a2f6a
data/raw/0024/0163.txt,53567,afb25f5add1e66f2d45066580e7abe94dc19fa24a0cf29d1f26522aa1fbfb9b3
data/raw/0024/0163_pca_mesh.obj,125402,354e8aa8c26a8db27bb7e3643d6d3a0a319e3ae712b59ebe9ff9cb4be4245ea6
data/raw/0024/0185.txt,400498,5b8170e873693223f8707e0fb72c76b34001db43752b6bd5d240ff00e33c636c
data/raw/0024/0185_pca_mesh.obj,757046,9e6ae0d82e0912fcda27ba10a46aea2c9fe773e9dcd86f9271aa560383d2443c
data/raw/0024/0223.txt,118609,fc34817af769545220081979965787900894e333e9c684c2a92987586f808082
data/raw/0024/0223_pca_mesh.obj,239551,d95e3d6fe9abdf04dc9aff32ad43dc4821e7f805a3fea83abecb437e5b5fa8cc
data/raw/0024/0244.txt,154956,e8b1fb82ec0195d9b4f9f5fe4cf7e00a3739282adc722e957294c79b9a8c786c
data/raw/0024/0244_pca_mesh.obj,365921,7f568a688da3c7f73f2c7ec95149dc53c316184ac3ca5e7b47137283bf44b6e9
data/raw/0024/0254.txt,189960,6721f8c0848f0aba8deb139fc5209b124db441fc0da4551a10ad57f81b43616d
data/raw/0024/0254_pca_mesh.obj,446643,1656965aa7fe33765721212299bdfa178dedbe3cffd6cfc5bdb547a2168a1192
data/raw/0024/0322.txt,41354,5a5f0c9cb757e80e5f08362f16192540813b3c613bbe46498e43d0651cdab79f
data/raw/0024/0322_pca_mesh.obj,78255,f191b6c83383825afb1edd6dec0110e9e76d7f767d6c1ebf7a09146f368a4727
data/raw/0024/0354.txt,1507,03cba099e07660650ffd6373b351c1a0e88b1468da54164db07a325de0997874
data/raw/0024/0354_pca_mesh.obj,2746,a3c0d99a7775af9b50bfe34c97f027f7cc64ab832ff8bd3db8a89f30cff76218
data/raw/0024/0406.txt,23120,ae4c954c089395d484b990f1aa64580989a673c13e9a008a8885ec89f9d5d131
data/raw/0024/0406_pca_mesh.obj,50775,c8d8c2de5b01b484a9ca1c901385e3cd06753b117244fb0899290e4e6b5fbf4a
data/raw/0024/0435.txt,51853,4277b7c73ffe0ae99f6bd04ee967f1f0a260a563a4d826484217b8f53f0ef4db
data/raw/0024/0435_pca_mesh.obj,101906,592a0630d7e833ef14ede060e6e6f80e7b34cef263d77e215996bbee2f5aafbd
data/raw/0024/0444.txt,138913,a081be2fbba249cade22d2bfd3b018556f953713e2ca0d0b2313f452d6fd511d
data/raw/0024/0444_pca_mesh.obj,278206,b89b8a34b1f29985da1ddcc83a46a0caad59c09ff0bc1e029c244e5ca5a04fe2
data/raw/0024/0452.txt,73590,30600dc7a3f43714564d68e76fd5420ad2dd3b149a0c27b60c9d4241f4cc0ada
data/raw/0024/0452_pca_mesh.obj,143755,5cb45f33f023cc6ab8cef4ec8a2c9ff70a4ecc1651ed62e7c015c0f486883e7d
data/raw/0024/0481.txt,45185,f64b743a59c1ed1e665f6493bd3a7e939ddd8497af87f8b0b90224923da426df
data/raw/0024/0481_pca_mesh.obj,88491,b09eb5c5976751665c9204c3a856d352df67c434bb075ebbd844a26ac615639d
data/raw/0024/0549.txt,106534,d6aaa64189940997844a1af7dfaaa463ef53926cef329f22b0af77a34b87dc6a
data/raw/0024/0549_pca_mesh.obj,212609,936c8a40892c8d7bef325fe1ed14041b72455a11804c2f86bddc0db851d83ecd
data/raw/0024/0620.txt,5672,352881267d64916962788c36dcbf05b793fc3c3f38bee2eac8303dafac3afcdc
data/raw/0024/0620_pca_mesh.obj,11243,d9cd66709c53d359b1df0ad5bab0766ff5ab25a8e94e71c944061d5fe897b3fa
data/raw/0024/0667.txt,53781,60b05d5eda37b827ddb2408d13c170ee35b73cdeea824632ac2d3ba240fdffda
data/raw/0024/0667_pca_mesh.obj,126769,0c48e47a80b3d6baf54d38062933404b58989bb0e8f00e095db126cd1a47aef5
data/raw/0024/0695.txt,125010,9305c96363dcd1b3ab407afb6266d54eeb1ff2944902836e5e4b2c26892e1fdb
data/raw/0024/0695_pca_mesh.obj,300985,552f23cb9e906c44ba098e3e365ad087d640b97e344d8404e3fc1f9894762509
data/raw/0024/0748.txt,132345,15bde4b2cb9686530b6d55dd394f9b899b9188ca304be6dfbbd639b8b9dc6cd0
data/raw/0024/0748_pca_mesh.obj,264612,e542d50939fcb9398aedf8f84ce30d96a15bf213a6f8eb74a79dd6ed96227f25
data/raw/0024/0783.txt,165169,57eb042e13a8d9e7cad6fa74222e2e5ed0a7238230b9427ecb4f78df095defa0
data/raw/0024/0783_pca_mesh.obj,345754,82f68c0a0b761d8f78a5b1fdeeae83309c72ac227d616bfd043e24c1784f7733
data/raw/0025/0038.txt,73223,6ab238cdea2ca0bd1df491de97bf085b9c24d9e7ad7c548cc653acf65f3fbfff
data/raw/0025/0038_pca_mesh.obj,143614,2ccfdba289709f01579eacafc2725236e3d56975b6739c45769e220a739b4ebf
data/raw/0025/0053.txt,78142,6363e2063c31e0397e2d91e38389d3fd570436980371db4f49438930bce79864
data/raw/0025/0053_pca_mesh.obj,182843,640ae00df252e8e0a6ee777ba053b726ead49771d1c4cbf43c06d2f23e80f82e
data/raw/0025/0127.txt,122212,6750daed6204c46def4d16cd07fcc1f91a6dfba27be3aebf5b3437092669dc1a
data/raw/0025/0127_pca_mesh.obj,287850,bbd24ea723eb488f51560059a89d7e0482d93333104022353ef1b9d071977b68
data/raw/0025/0157.txt,48264,c38d9f9462389a0bd1479ff1cba16c18585590aa8bd42ac90a05617c47e5e50a
data/raw/0025/0157_pca_mesh.obj,109500,1bf05499292f2f23ed257ffa9c097ce41d6737c6d3b58c645a2c68a0a912bb73
data/raw/0025/0201.txt,127920,be45fbdc411653a1fe71aa77f3c9e0afaf30a32d10c1b9dbf125ba04ef4fb3e5
data/raw/0025/0201_pca_mesh.obj,261304,fd2f365a5a7f49d880bf3c37a13a257dfac386ad5c5391ea1fbc578868e777fd
data/raw/0025/0227.txt,249797,02ff7f09c062d3514ea85d335615daca0c2599e41b2b477bedb099fd6b200342
data/raw/0025/0227_pca_mesh.obj,513422,548626aab98a654a5442055afbb568e71893c525ce751adfacb63cf421cddc0a
data/raw/0025/0247.txt,145218,3f47f062ea0e25973afd5aff8a0ed048a92e1d03b9756d9af67d6fb248287205
data/raw/0025/0247_pca_mesh.obj,339319,345c4ec92d700596811b8a865e1d6153bde882c62ff380e93e02199a3bebfdb3
data/raw/0025/0324.txt,94451,1d34f8a37536f367776b6a45bebf90869e9bd61358e7cfbb27aacf4cced2ee6c
data/raw/0025/0324_pca_mesh.obj,188433,8fbaa498858a4b4cd7b8cf28d4c886ca0edaee7316731e0d9b441c970b9bfd63
data/raw/0025/0405.txt,21793,1916bae340931bfcbc10b12a0fed4964a77e2af216906066d29fe5db74b2e7d8
data/raw/0025/0405_pca_mesh.obj,48619,b03b8a003d8da5671646c0c64a4446983e125d2d51c507415638af6fbcfbdb7e
data/raw/0025/0456.txt,29360,dc433d2e2c697782e6db27512e5e67f29ebd0d5d0d4d7b84afff4182ff694170
data/raw/0025/0456_pca_mesh.obj,55728,eca5d2192692a245c887caac5379e6fc830a77d20009ef79d0c9de3a9c756ce9
data/raw/0025/0467.txt,88963,ce90ebf1269b1c6c0202b1678620d55e28278eaee227ad5bb4382d03c105b45a
data/raw/0025/0467_pca_mesh.obj,175170,17908afd2e7681525c51c2f1b62fc1fbfc88a4c325b9ebd7be2611c7374e4188
data/raw/0025/0483.txt,45248,ec7e89d5ffa39cd2daa5715119121596c1cb9b715aaf34b5cbd89617cc303b36
data/raw/0025/0483_pca_mesh.obj,88210,a70a448ecd204e7d1ed0848613733dca4407ab3871c706ad8786149783359030
data/raw/0025/0490.txt,95373,68128d082e62251e5378138f09e3f0bc6799c00480fd9e9ba7a81d89d3ec5925
data/raw/0025/0490_pca_mesh.obj,224312,23d1d05db41993979a17403bbf9daf68547f8be0c19839d9d6bd15110d39f1ff
data/raw/0025/0551.txt,33010,cacdcd424f6d2db3068df0302906a43f69ce84d4b0d007fd83e6ca52a54e6d51
data/raw/0025/0551_pca_mesh.obj,63105,2e571e2d1d89aa18eacaea373f6ce1f2bc781cabd8ea7a338ccdb4c1fb445760
data/raw/0025/0572.txt,106557,47bf5c671b8783bba9494994c226af9a65609880db24a34367e443c3cb5923e3
data/raw/0025/0572_pca_mesh.obj,214428,e0769da96280729ab275c62a3b924d18fa7f82c90e6cf795bee51c7fec2f97dc
data/raw/0025/0589.txt,922,157ae3eb5c1a6d6b3538d75d02bacc894375934c6c502c35f52c384e9c53e99e
data/raw/0025/0589_pca_mesh.obj,1683,77c23a28c1dd57260e23a6e85e7565a5e2997380d20b21296115f7478ad51552
data/raw/0025/0645.txt,100890,dfbca0100eaf7fd34781bc60a426edc4e7500a7f64ce444ff662e51f72a497d8
data/raw/0025/0645_pca_mesh.obj,240851,3ba1d0e7c6f7ab872d0449950a080760b01931af6db5a44c52ce7c2f531f8364
data/raw/0025/0649.txt,204932,575d28765f5470897ac59b32728c80b5433f62573a5dc6deabd0a81080a6f584
data/raw/0025/0649_pca_mesh.obj,516125,e510ae870aa9a8c984977bc3361bc55918c30da429ba6edbef9fc3548a88c63f
data/raw/0025/0676.txt,129318,f7deb82ff3a33cba7d88ed05dd4d7a1710f23b6a20c89a78a2f7dc7c563fbed3
data/raw/0025/0676_pca_mesh.obj,314388,18f9a644f769fbf1714469d87f79a744a85b45ea7e8b96f9e24567f5438c0cda
data/raw/0025/0713.txt,5605,45f9138fab313e909afc9a0ada127a16b54fbd015260d8e1b4b19dce12c7b3b5
data/raw/0025/0713_pca_mesh.obj,11350,40dabb9748bfa80967e8c49ba34c265e50d641e2b0e7ffa0540396aa87503bee
data/raw/0025/0762.txt,469119,4551205e2e9139cdd100d7da097515e1907a7eb1b97f2c53289121443afd3eab
data/raw/0025/0762_pca_mesh.obj,879351,76f913688edc68d8ac75353310ec94b493215a9b775849732de37d3429c218ca
data/raw/0026/0058.txt,79517,0198465b781f62e53ed26d2b325b796223e8cac88c6f363856bb43ed6de34967
data/raw/0026/0058_pca_mesh.obj,184330,83107e028a21dc0fcdc2efb2aa635114290e47882d14e6eadee3292adb379f40
data/raw/0026/0075.txt,50985,153fe88a39b9bd3ab04fa1932f9909cf6d118dbb2f0e4c0401a51cffef13ac95
data/raw/0026/0075_pca_mesh.obj,98878,4295ecfbd212b7a5cf0ead4d55e26c9da8c092b1f0ab54e0dd4d96f1889b6826
data/raw/0026/0123.txt,48882,da06ee2dc836e4288cb634729503fea5a94063f8844ea738828e75f485d6d421
data/raw/0026/0123_pca_mesh.obj,110892,8b2c6c69b1a846c6dfbc10a8ba6a7be24c694721692dcd974c907404d5dbd7f4
data/raw/0026/0135.txt,136725,454684b5041b2b4d1bf9fd4c906a0be21ebee14b55fbc60b1813bd9a81cee92f
data/raw/0026/0135_pca_mesh.obj,324025,68f01192e48d35061d36d84c6441f49da0fec9f6f98cddb68c8f08d7772f2ba7
data/raw/0026/0191.txt,87560,8f7c0e8e0d3ef0bacef00c5d530122323449fb672a542e8cd0ed22493264c802
data/raw/0026/0191_pca_mesh.obj,169411,efc2dbe41691997c4ab08b495af3599c9313d28c112c3d3a7736fa90e6722a89
data/raw/0026/0222.txt,260233,3e55e58e82a9ab24b4b0c858058ffe38f5816b459a69bf1d130d77451d768573
data/raw/0026/0222_pca_mesh.obj,545908,eac3e677eaef65179bce9e56f09136e37ed0d7b732ac52b70bd041c9fca2a85c
data/raw/0026/0281.txt,23079,67f35e311863a6de70001a3cc7a7b35a0b960cc7e4b4cbfe5ce7549eb8ccfc30
data/raw/0026/0281_pca_mesh.obj,42836,826ce19efafe33b1440e8c1e06c3d5d6fd77e279fa539a06d67bbc619fee6be6
data/raw/0026/0338.txt,62508,4c7dcc58859617a1b54bf8dd434a2f1c26e00d477e79449e2bc5f609e6940b5f
data/raw/0026/0338_pca_mesh.obj,121425,f6681992152caa074de516689e2c81f60f452c5376e66da7ea34eb6a4bf1cc48
data/raw/0026/0350.txt,38154,c78760fa60e42d35c7bfb33d3dc0ef43d4c2fd3ce053c0e4fdcc48afcb70213b
data/raw/0026/0350_pca_mesh.obj,86811,caebab6eb25e25dc9d48fb872a16a08cbe1a8521af09610281959bc4d20e5c07
data/raw/0026/0367.txt,1341,8f42be6ec1c89265466a5810b999ef64157daadbcfb36b9305dfe207e81cf52c
data/raw/0026/0367_pca_mesh.obj,2359,7704e24e848ff0ca19e6dcc4b968d575d72c8c02382bbd30a59ea10c84c3c5f5
data/raw/0026/0468.txt,87951,98cd341e30f467b7fa6a5c5955d338a33b1f733d605dce8edbdfddde49ed0027
data/raw/0026/0468_pca_mesh.obj,171634,9035533fdd64c7d467411bd7a9ca6b6102cfe56ffe172601ae9876a58381265e
data/raw/0026/0473.txt,82360,89c3c6340836b53f390bc9cc45f23815866dfa19cb5840086aac102f1488ea49
data/raw/0026/0473_pca_mesh.obj,160416,344f58484890a47a2de9947f7534683e80f9488afdf274392db241d9b6b2fb26
data/raw/0026/0531.txt,54624,d7b6b4f4b7f7c9067891788f6f4c4467a1f5226a74f847bc9262029149091525
data/raw/0026/0531_pca_mesh.obj,106965,078da288bdb89f504b7f1c5bddcf2ee73db8bd2d4647d17c0c9f92301fa36f1b
data/raw/0026/0557.txt,161459,c5108639557156b4fcf95499fce4caf4632f526166a0709a52224a426802078f
data/raw/0026/0557_pca_mesh.obj,328356,0a5286e7f7ba53691cac8c3a80c1d0be8c85cb45c4b1e21d5c2a036be1e8755d
data/raw/0026/0583.txt,72615,972045d9315ca0a1afab7bd0502f1ab7316e6671431054301d915ab4974b6029
data/raw/0026/0583_pca_mesh.obj,169215,623de33dea38e0aa71b0ba926004b6ae6b980b592fb3c8c23ae256317282b320
data/raw/0026/0603.txt,139944,0450a4e2847356d3900749320a876e2e8e21cecbce650626a84c7373fac46ca8
data/raw/0026/0603_pca_mesh.obj,334227,cdd7dca2c028a5208b008ef9d79fbcfc75f2ed973c90766f1897d80e5b82c0c5
data/raw/0026/0660.txt,125034,aaa9c1b180f44461cce68373316a76b7f76a63d5a918a94a7b8de264f0dc339d
data/raw/0026/0660_pca_mesh.obj,304955,c41df801ebe4d124adf0d9f4b47725a4e88cdae0aab3f21791fd5bc7e0c4680e
data/raw/0026/0680.txt,128149,50551bea9273271db7f571e5c5a79915fbd65f419682f60a06d6406f9600171e
data/raw/0026/0680_pca_mesh.obj,317078,deb4f08d7493eb8798cf72ae665615e60b077d2affb6a90f3515d3f43cc94ab5
data/raw/0026/0682.txt,46107,145fd0917085d6ac18644b40dd74ae2a30df73ad65e3b25088bd49c896f6cb3b
data/raw/0026/0682_pca_mesh.obj,106593,a0b26a8ad4c2ac80ff73b3a31eb91f2a7105cfa1221e5b9274f9dfa7ce9f0500
data/raw/0026/0692.txt,8155,e57b607a44fae9f3416c9c7fc6d0ce46f14f7a9c486916fddc8ce7ddbe0ba540
data/raw/0026/0692_pca_mesh.obj,16591,a637a878158d171624b3888c8b772fb98132851b1842fa3ca002941114b408f4
data/raw/0026/0785.txt,186008,51de7f6cb2c1919ff8abcc319bc49eebd57762fcdcc50640e81f805674ac0a8f
data/raw/0026/0785_pca_mesh.obj,393339,e5ff3f8d5ceae1368714462a10fe629e0ab9af90d2143c61024c56a8207ba422
data/raw/0027/0074.txt,56080,36214576f57805fd2545e61ea6833450ffcaa8a624644e0f5d9ea5d94b7c1d8b
data/raw/0027/0074_pca_mesh.obj,108522,01a736c7f69f9bc99d99efe7eb7b602064cc0c898511f8984bedcea48010f7c7
data/raw/0027/0084.txt,80109,220c208c2886fe51ee214910f1b10fb1dc4db84bceae09ea02146555020a133d
data/raw/0027/0084_pca_mesh.obj,187037,4e51624643507c0243a9426ea3ae9d7b376469945860972c68945a2f81c5bc60
data/raw/0027/0158.txt,163721,719c1efa229386b21709d937d60c6c9afcf7b95e4a3e51042f752a53e3366c50
data/raw/0027/0158_pca_mesh.obj,396865,52482c9a28ad19346fa2dc8823d812bbf66be1076e1411af43e38670f8bd372b
data/raw/0027/0167.txt,85657,302ba116225ef0efa9bbcc638793fbb8f3b90b2449288613dc763470fb224574
data/raw/0027/0167_pca_mesh.obj,171643,9defcb8e6ec44f8de909be33388290305e7741979c7e87bbcd92f011068447fc
data/raw/0027/0198.txt,244889,4c238f066ca1d9343bf73b01865e7f9822e0d7e373e98cfab52f2a657625bf06
data/raw/0027/0198_pca_mesh.obj,513851,6bff2974af01db8176b7cfc83ad0c269d9e7b482e0b71d0a8355482dc3fbcf1a
data/raw/0027/0203.txt,132046,c7c8446c97dcd04f9bf34682de9c414c8fb5a1d7b2784eb5d3ed1cd105e39fce
data/raw/0027/0203_pca_mesh.obj,263514,0712ebea9c4d71e95a0c933050872eb65d344510d08e15a90cc40831b43db3b3
data/raw/0027/0258.txt,50847,1d887e8735b0eb1547ea669e3bfb30f4849f31fb3ec545f1fba750e99805614c
data/raw/0027/0258_pca_mesh.obj,114958,a96fbcca6b32af4593d7800b7d9524b8e80a3318d559c8248b5d17b2f3f6dc5d
data/raw/0027/0296.txt,143769,fce8f5a629e68dd284c67be01d2d063312ec72c258b2b3d797c680ebbfb7675c
data/raw/0027/0296_pca_mesh.obj,288595,f575215e89c98cc1482452a5b103fadf70bde02486ef119cf3cc4d24dbafcc3d
data/raw/0027/0317.txt,43496,df604b5f17304a39df3cebc04711ef10bc4f0062d1e6fd75525a59d80317a43a
data/raw/0027/0317_pca_mesh.obj,84610,5b6bd5c3670767aa4bfa980a3d2d01b1847d877fcc9467e8d2c6a32478d83962
data/raw/0027/0364.txt,145967,957f9825b5268a5eeb7f135322f2f9cc72fe0e501bf4048d6d2ee3578e2356a7
data/raw/0027/0364_pca_mesh.obj,352291,6883655e35e79104864fc65dbbc3b54520acaef9568826d024c49c065c16b12a
data/raw/0027/0408.txt,2202,03a480713a1868a703f897afdeeb4d8639b7f8d59b3cf8d28c912183fc61437a
data/raw/0027/0408_pca_mesh.obj,4205,a483af614b862395778721b794d246cf327631bfe06b7daf19b95014b2234d5c
data/raw/0027/0414.txt,76249,2d8495eb267142f2450fdb58ea46595792a7d0078531a24ef9e73242b40cf34e
data/raw/0027/0414_pca_mesh.obj,147905,d8097bc4719f220d6518f1f7a9d32c4beba6147cb039caa0f9c419bdb50ef342
data/raw/0027/0447.txt,53587,ceac9d502e71833d357e5ab5860b10fb50ecdcc0cd1614aaa1cdb2483d9c230d
data/raw/0027/0447_pca_mesh.obj,103565,8809038f5a2b9e0544f2f6eb30206ba46401abc59dac6ba47085d0eef94afa0a
data/raw/0027/0550.txt,65774,38e23c5ef7f930c4fc75e5127ce29c5d3639fc05fceb319c79267b68da92f0b8
data/raw/0027/0550_pca_mesh.obj,126863,27570837afafbe995863bb8e0ff3daa32af054e04acdc4e36287dcb0aa90f256
data/raw/0027/0586.txt,80537,3cc8ab1cf706e57e620f921c38c9729fad0c404fb3f69f517188cc8a402d597a
data/raw/0027/0586_pca_mesh.obj,183895,a6c280fa954fa8872f32e8f6873f3108ad829db1f5d65b4c5839b59d29df6731
data/raw/0027/0625.txt,13253,9b92d733d149052aecb637588b95a11c95bf506e60c9f4e9ceec6d1065f9ed46
data/raw/0027/0625_pca_mesh.obj,28565,c28674d97ad2a3e673031c8ed35fcc421661578ffe62001079025c429b17610c
data/raw/0027/0657.txt,118770,e2c3fcc8bcdf8e4f4d7ea210373c02b0249dc12f489ac220814dc00a9900ed63
data/raw/0027/0657_pca_mesh.obj,291867,6d55fc6ca9e22a347ba04d76554aa163ed1376a13bc31c07b22459457e325b40
data/raw/0027/0689.txt,49318,db7347a169f0c512d0d3c3569f0a376cbfc7bc2ef1a59d119d88cec0d432876b
data/raw/0027/0689_pca_mesh.obj,113539,ea7dfd981f865345d7cad75ced027248ff470e610bf7c8cccec6e55e99c569e3
data/raw/0027/0739.txt,139900,89ec172f4cca567153801f9ba7f7aae8483a2f5235f136fbe598cddad843ce48
data/raw/0027/0739_pca_mesh.obj,282374,ca5362136bb5408b71e7a722d45f321f92412ef4368f8bf2fad68c212121a631
data/raw/0027/0819.txt,213492,322f8431e33b6d933a5173a5eec3f8d88a313bb4631ec31f0d33017ec0a24019
data/raw/0027/0819_pca_mesh.obj,432759,c4822e34447e85980f46811590d6db9913fd7d1063e1e7d84a008568b71ff704
data/raw/0027/0825.txt,104398,e507c34ed08a205e0a8dc544ba26784f00333be0fcf9872753d8cdfa44bf4d6f
data/raw/0027/0825_pca_mesh.obj,203568,c5792651ac90f4c5d49ea8ee1ba39941ce269803fa535e479ea1891485737523
data/raw/0028/0039.txt,79485,c1c217d18d8148e11e92340f34604ec5923f5330a3524c57f3484b9b1109f20a
data/raw/0028/0039_pca_mesh.obj,154521,5dee4122b81375b491cbe9d636adb2dc9b327f66e442083aadcf518577f8295f
data/raw/0028/0093.txt,90906,76ef750cfe691d32b27ff368a8b5de39a1d674bc758e24fe9fea04b85aa29161
data/raw/0028/0093_pca_mesh.obj,212842,771b1e740b752f02b177fa2955cc719b2be55cd2706390c393496c2623753237
data/raw/0028/0132.txt,55046,1b160205e9a1d5eb3cf02f9eca955ff2e4599692148534546a21dc58ed536c9f
data/raw/0028/0132_pca_mesh.obj,129940,23910a92b26691a3365a2de8936a551bf29e070a6d26ea238e1be4bb6ee02297
data/raw/0028/0176.txt,127923,160a7490894e2c526ad1fb79c93a477377441d8f25b744686fd4f5ed3e98b75d
data/raw/0028/0176_pca_mesh.obj,256418,3cf2c3233c11e2f859fd36317144214cdf92b058cdc90efcc49b23c9da3eac72
data/raw/0028/0190.txt,179548,e40b487623302e2f6b8499928fcdf79d786cc3781072ccd1e055f282d80f245c
data/raw/0028/0190_pca_mesh.obj,364178,bd9aff750b59d979983afc1ece7cfbbcef842b37924e676da56dbe48488f92ec
data/raw/0028/0211.txt,228462,e7f7902ab27a38a219276ccae56158dbf3b6efaa970683cba519130575e8e148
data/raw/0028/0211_pca_mesh.obj,467533,e7c894ad5a8ef130706e5d4a93b194ccf570fe5810dcd0d6441c594c33f8e9e0
data/raw/0028/0251.txt,26727,05ea08f4e5ed0c95bc482965eaa939fa8d54513147f356d110a9702f3c01ae79
data/raw/0028/0251_pca_mesh.obj,58518,6719cd606f88a18a29533321e46da3e87385f9d5d50611594b319506db94db11
data/raw/0028/0252.txt,2050,d589ddc96f9f0be316a68f69d8365ca257c0a3b13bb3e3b08ca512398e52e7b8
data/raw/0028/0252_pca_mesh.obj,4008,6ee056c86db8b563f8dba247deea2b77b83af7e32f42c2cbf51534a8892ad0a1
data/raw/0028/0275.txt,94873,8f63d612db8060690e4d552fe761fc8aab0ec49d3e42b05787e105573f450a03
data/raw/0028/0275_pca_mesh.obj,187088,3891f6fd6b7c73008b14abfebd145370baeb554fb5dd8da41a7c7c229c22cfce
data/raw/0028/0282.txt,22453,81d39d4610a664cfeee02ef205460e47cffb04468bfa5cf0965d2417e7441f74
data/raw/0028/0282_pca_mesh.obj,41809,d4eb75d9f70ec93ac72304127d0ab82f4505c5553ac5367550bfc12d34cae78f
data/raw/0028/0289.txt,148982,e08e188c96bcbbf7a4f37dfaa4733acd9b78abf7687f7e78ebc2b725f96d1bcf
data/raw/0028/0289_pca_mesh.obj,300476,bc463efc13326981bb0b2f3061861b15291890c96f8f6e2aa49c51e9b55f405a
data/raw/0028/0357.txt,116868,35e4a715ba107f2fe4a6d175e4046c682cb363bb91e235610b6c913e579a583b
data/raw/0028/0357_pca_mesh.obj,235617,ff899349ff7a4ae073cad5cf0509a55dc4118e893ae6f126f628d636af6029ad
data/raw/0028/0461.txt,51076,e71708f79ce6dfa26510c4974bf8c7621cb945f320c5cc6b7a2ac6497aac1369
data/raw/0028/0461_pca_mesh.obj,98919,377f14d73fc67e4638b4a3791804e3e183243a4b07da5fb9bfee1e1e24ba89d4
data/raw/0028/0537.txt,40623,82aee62e36d0e2d36cf247e558a458d67f48845469b3f511b83cf59ec16352d8
data/raw/0028/0537_pca_mesh.obj,78120,c7d485dfe3192cb700c78c786a195429a65eba0a60a6f9d1177f532f0c8e228d
data/raw/0028/0602.txt,100846,b42570272285efe0290edbe38ddadcfe3bb4b38cca435a0af7a4c214d1da7257
data/raw/0028/0602_pca_mesh.obj,236525,4ee2f416f3c798e7ede227e46cf0225f6467f345b6b2f6906f918928f36b56f9
data/raw/0028/0609.txt,144264,b27eedc218b4fe0ace97c44f7ad24bbac80e87ee80359be091fd785387b65feb
data/raw/0028/0609_pca_mesh.obj,343299,4b583fecb83b264636bcb3e491a16d5c7e8167adf18c73e809f16e582095275e
data/raw/0028/0638.txt,53448,26545f4a5165e5bea915a30f4332bb92e9d2d2e2b31939aeb08000d8de385fe8
data/raw/0028/0638_pca_mesh.obj,120712,ff711ebbcd8a57604db0f4e4711e7b79b2c8941168965a1fca23809c8163858b
data/raw/0028/0670.txt,13009,46812e83803b31e62b41cbcb98b7031d2d25dcb95a3f042a1bf6c5df5365e2f6
data/raw/0028/0670_pca_mesh.obj,27979,0385d71360071d333c2b0fa31307dafc6f5ce2cc3a6f1d7af785fa06fe3fb9b0
data/raw/0028/0681.txt,99306,4701c8eed5e78a4b9c478ac9dcd29474b702222d91fedae8c9c498830d0d88ef
data/raw/0028/0681_pca_mesh.obj,238183,b668f622ad97d2ae19ab5c0137813b77e8fc7824022257f557f2615ae0894baa
data/raw/0028/0792.txt,116640,02a8ad7163fa9d78dac5057ced61e3af8b2330754771751873d0c9fbff807e7f
data/raw/0028/0792_pca_mesh.obj,233262,27373313b1f7b4435517bb7d473f3f13e6a6808be8128ffb3caafc2366af153d
data/raw/0028/0808.txt,194761,c2fe439122a16da876b3e175598d1b51f5963006f74b724e27ecdce46042c0ce
data/raw/0028/0808_pca_mesh.obj,399293,a2fbfed98fae9fe344c212dd8247e8f31b394f13744d1b24b3b87684f659bcd8
data/raw/0029/0066.txt,36715,6e49f11140fe8e15f8ac8b5fb93dbf3c18e5bee8bd21994693fb45c187eaff7b
data/raw/0029/0066_pca_mesh.obj,71604,6827ebc947883dc599181e98ca90f2ae0b99ebd89a0d5cb417ce27f1e1bc9a21
data/raw/0029/0113.txt,67115,d4bcefe2c42911fbf52be1b7467b674da8f9df452d96b855fd365efa52458056
data/raw/0029/0113_pca_mesh.obj,150078,0fc32cb1b14385a00e5cfe325f1474074c46e0c4bee2fa11c2ffdffdbabdf5cb
data/raw/0029/0134.txt,158006,1cce597b2af4de9cfe5ef19a896d4bcac91ed4e6690171e62089f325a703ca50
data/raw/0029/0134_pca_mesh.obj,374628,1d5cd85a585c5301f340873523bf6fd20be5c0db34e0214bf0bbd2db0aee2c5a
data/raw/0029/0138.txt,115415,0eb1b061ea9c4684a255bd8b04c8b087d70c47863758a55b3a1ff8ccaee9a112
data/raw/0029/0138_pca_mesh.obj,285939,7a024db40647d551cf3236e5f6e1df9289389aa223944cc81c762cd9301b2a8b
data/raw/0029/0186.txt,368736,581c30259c4c6ec49ad801aff1461c8e3c0daf5357e4bc708d2109d20147437e
data/raw/0029/0186_pca_mesh.obj,684279,4fe432a8c57dc7bd7d8202f3d96b260864f80669449b6e82b8928bfef4dff333
data/raw/0029/0189.txt,97574,96788f3bb65345b3247addd022c1cff985ce751704297129c010056aeae8f9ff
data/raw/0029/0189_pca_mesh.obj,193812,dea09e975c34c4ec5c7fa0dd6300da00ab609b2e3c46d90be70c19a9f13566bd
data/raw/0029/0262.txt,3893,6bb6fd94c48cc5b5af0b9f9b88f264f2ee0e6bb5844dc91c27a4ce9d69d27ce0
data/raw/0029/0262_pca_mesh.obj,7713,74852431033c4e869f6784526b69d67cf70c6abb86042ec22fd36069f9e47859
data/raw/0029/0340.txt,42984,ee9e40c926c62a0aa41c3aab116b694b5ee1870be98116d7352512600d08118d
data/raw/0029/0340_pca_mesh.obj,83464,7efe7c307efa5579d9d39bfcddbfb2c0d383beee31042469f6d01795ccb52e7c
data/raw/0029/0345.txt,159576,71517dae15437dfccd75f3159f7a28ac1197ecd65e1660231dedbd8fa4ef48d2
data/raw/0029/0345_pca_mesh.obj,382970,40cdb465733d79695d1d9989efe0dc6b2fe84294655540aefcb80603da73d382
data/raw/0029/0396.txt,143818,c8ad259d0d31fc597af8b7fe9f3308d23b862714b7f0b6897ee2ab18ed799ab3
data/raw/0029/0396_pca_mesh.obj,342994,b69a581e713a26cd3e565f2de8b8e7aa7c6bdeb3bfc64cafae408d7098ca4302
data/raw/0029/0403.txt,34123,e9609d0e32ebd20fbaaaaf987f326b66a2147ce82a9c7a1c3ae7455492609455
data/raw/0029/0403_pca_mesh.obj,77661,11a7a3dbbcf5df665e1a739097946cb8a8b85f561ef405fe101c4faa5be4c79c
data/raw/0029/0479.txt,67746,8213f9429e25778b2869177498046e4d759ea2faac8b28e328d92b8df0624c2e
data/raw/0029/0479_pca_mesh.obj,133842,98a32c42c8ba3b87a21b541fb10091943ca6b19c183249cc21838f8e15277deb
data/raw/0029/0540.txt,19687,36117c456997b981c8d49ec7216d8bf4a96aea2e58be6a16cff457a2d86c15c0
data/raw/0029/0540_pca_mesh.obj,37722,14c2b6d6ef48132a8f696234a792d0abe3522c7c750ed7877fefc2c0387632d1
data/raw/0029/0553.txt,36704,108ef521b37c975f37a4d6a1c9ac8a527275a20337736eef2ba81e944284f0e5
data/raw/0029/0553_pca_mesh.obj,70905,91034460856a7c19e19822f04e829fa372ceb281ce938f8c36dcdd896d7cacce
data/raw/0029/0560.txt,66475,df5069582a541ffeeab36e755389049eedc59410857a819b79fe28d45338db02
data/raw/0029/0560_pca_mesh.obj,129541,d00f1de18473c585566c0f44697b789679fa4ddf4e63ef6fcc313bef1064665a
data/raw/0029/0617.txt,146296,3de9fa88208a5f5c53ac4b28b9a91c172ceb24e9cfb2176949a8062b15af8daa
data/raw/0029/0617_pca_mesh.obj,349254,e352d788dc61a64cb44e6ac16f927240a9001aa5431e47e5851e5e664061e8b2
data/raw/0029/0669.txt,62728,aad940fbaea02d5680a2b856a516df50f0d19ba9baf7b66806b52707066d474d
data/raw/0029/0669_pca_mesh.obj,143738,10249286c02c77afaf1a319837fce06cc2f4d5760d4885a61a210d0753fbafc3
data/raw/0029/0705.txt,129175,68e0d3759ce9324de26e6295577d07371bad85b1f355ea1d63a38c42d1f1f87a
data/raw/0029/0705_pca_mesh.obj,318962,cb0271551532360f56723cb367e7a23f9b2c8fbf8c245a6213a8543443fb810f
data/raw/0029/0735.txt,18596,295408e7124819eacaa6a3fc7cb31cd48a6051af8b3e8815dd197074167457c7
data/raw/0029/0735_pca_mesh.obj,34330,a6cc3beb38991a40847adcf51964ea9e050726dde6bc4f8a91c32d6926d59cf1
data/raw/0029/0821.txt,210833,532a1634302ef7c6d11011d2641ed760e117659c711df3d1b039949cf31507c3
data/raw/0029/0821_pca_mesh.obj,430630,48e07760829018af45b2aa187dbed209c5f97b03837716bee5298f8efdba8c3f
data/raw/0029/0824.txt,130320,c6463bf691789ab0680ba561b6e9d26767a98338febb41150281203f01b2e308
data/raw/0029/0824_pca_mesh.obj,261228,560a6d15ddf4333a32f686bf9433a9d637ff48452697dbe70dec814bbfce5a1a
data/raw/0030/0027.txt,109888,204b0e09d0826de7c0994b35841b5ff20701c521f181a76704e97c146773235f
data/raw/0030/0027_pca_mesh.obj,218113,e2d83d1b62247767f783c9ca9847bc805693bd8348a57b0770012a8735f8ca3c
data/raw/0030/0048.txt,83032,f440fad26816480ffde4375aeb54296fa856079a568a3a7cb86633786aefd403
data/raw/0030/0048_pca_mesh.obj,191103,bb379f250eccd1b3886b91d02c6baab7de87dc870b79fae8b3d2ed7c92670ac7
data/raw/0030/0165.txt,113163,f89b3a531b7648d1c7a0735bd7ceeed905d10c0875735a516341aad677b46d82
data/raw/0030/0165_pca_mesh.obj,224847,b56f4daaf46b74fe79694f97087d3d5ec996a3908503d86e338cffe4f20f8004
data/raw/0030/0177.txt,133081,383e218dbe5ed323ec8927dbb89707abc8a3c78749ed9600b1e0e94ebff0ce7d
data/raw/0030/0177_pca_mesh.obj,265947,8b809fbf6fd4c0b7917980b77677a92213dc2f3c4578bc47e52c1e8d9588e355
data/raw/0030/0183.txt,265313,67b6c111504079967889031c854554f3ec575c21696d3f7f5c12f49967092b32
data/raw/0030/0183_pca_mesh.obj,488813,87e73976f796dcfd2b16fa13c2ddfee045097317f686b531c081be1f4b0dd546
data/raw/0030/0240.txt,169849,ff97a3f6dc36d10c2de53efe3794a6be2fd5693ffb259796e29499f0efef37a2
data/raw/0030/0240_pca_mesh.obj,349324,8f405ed7bc7348545aa3f2446d1e796c1192f898d1958331b29f4a1a92e9c0dd
data/raw/0030/0274.txt,95986,c22083f0ecdd52a55907af54dbfe3926c8df1e683766d37f5574d76e9712620e
data/raw/0030/0274_pca_mesh.obj,189173,084f67631f5a282833ea4400373dbe46a3ac631a258d99ef1f6d490545cb4012
data/raw/0030/0300.txt,56099,faec6690fa12817c64427f5d5880633e0fe20f3847ed5c0b060ee7b3244e3d9e
data/raw/0030/0300_pca_mesh.obj,108431,1e0364f2d12f5288b4b415d3ad1f7e5aea4814f51a525aade145c33e9836913b
data/raw/0030/0307.txt,79595,5bcb773be055413f7f25f4298332a441a3768364da2b1097b2352d479fa6c30e
data/raw/0030/0307_pca_mesh.obj,158293,98a255deb488e41687b32ee8ab73962d4949a4758b74e078dc33af033964a440
data/raw/0030/0334.txt,93130,82e5a663078e57e7c44931ce71fa6a226bc02d29fc2feeaa880afe21b84bc80e
data/raw/0030/0334_pca_mesh.obj,182827,5e2b80c8ead6ae51dfe454a30b8612c17f8fbbf2867c8071c5527e1873619a98
data/raw/0030/0365.txt,30356,5c2a59b40826f522257084eca4e2d96cea34d29d1826ec731a66976b99c0a213
data/raw/0030/0365_pca_mesh.obj,68028,e472ada5c969891bb8cc3f2758d682b226c22a421d110c31446f3be067d8986b
data/raw/0030/0390.txt,29353,2e8ef4cb829e5f72f1d0c4c9bb75f1b60825ff33832aadcca68ac176610ed597
data/raw/0030/0390_pca_mesh.obj,63693,14bd817f39f4d089cd98c9d039a5fee9c6837cdb6c738592e15060abcee4871a
data/raw/0030/0421.txt,59063,a8d12fddcb6dda9cef3845039d99d32d9a6c690c578cef1fa96d186a0c5a685b
data/raw/0030/0421_pca_mesh.obj,114699,38e9bd2b6685db5536f18c400042338a8536b5169e5082ec1bb6934f3970b9ff
data/raw/0030/0494.txt,99573,f0f184376fb7070960ff62b209dd576d4d7326eb4af09539e299abc00bd57b6b
data/raw/0030/0494_pca_mesh.obj,237550,3b8a057b7dc9f35712b0d054279494286f61604a75aaba47aa44033311676372
data/raw/0030/0598.txt,100477,6f8f704a4150e44155f9ae46bb421ec30328475da182ad1fc292c85a35997b6a
data/raw/0030/0598_pca_mesh.obj,236115,79b9e3b5923b984d93ed80aea16cb59483c47f1b980e477b95e8aa126729177c
data/raw/0030/0611.txt,63914,ca5caebba475dbb9dafc794ac152170dc3b287f307565114bb7a5643be604a81
data/raw/0030/0611_pca_mesh.obj,141070,77f28974d92885ce41a8629b676b41faf224fc17a8a10d3bc347102c0b2698c8
data/raw/0030/0687.txt,142004,128e847ec53483494695961689fd29dd3365ee6e75418ba0ca9ca953bc40c6c3
data/raw/0030/0687_pca_mesh.obj,343522,e06501c50959d6e010d45b2a020a4d59ce4861b5711c9fa9125418a1ddac596a
data/raw/0030/0702.txt,135226,ef92102354d1aefa9279c104c1845f068e69b10da6fe57ae36fff6ec602d26b8
data/raw/0030/0702_pca_mesh.obj,321342,4f2f44a3e7b7494f0df2bce333b1f2cf393c1b692e91fda5006dd6bbd917f1b9
data/raw/0030/0712.txt,19498,b56e6d4b2a76b33730f8f128ca9d2ee8192c1e33b00972e802b0d2d6f74c1785
data/raw/0030/0712_pca_mesh.obj,42752,66868eec7bd343fcb81e48947c2e090e51ebe6c1ff32b106985f66c8470601c4
data/raw/0030/0770.txt,119998,68b45e8fdc19826c5d9cf93486960cb65e1a0ac5ba3d028ebd592aa945f48fea
data/raw/0030/0770_pca_mesh.obj,238293,69132ad07b61995d6a2739c9d396709f88e78bae414ea597f0fe7db11c718e8a
data/raw/0030/0778.txt,200568,c72e8b07382b06eeccc545b1dd9550874d3e6542ede3d13bda107ad1a0b8ea2e
data/raw/0030/0778_pca_mesh.obj,425356,622f998a961d34dad8ec24c67c5bc5fd763b555522afba7f89afb2367219722d
data/raw/0031/0036.txt,86015,b2ec12b5715dbd2e369f7c1c01dd7e8c7a83f64109d9f1ae179d28b9b3f9f2e7
data/raw/0031/0036_pca_mesh.obj,168618,ca1790469d853e141d3c62cc0a9e9e2d020db16ed0b47e8feeec8fbcb72b8845
data/raw/0031/0111.txt,71900,c31177dcdd8f7de6711709d3beb2a3c1c6390ec4746905935c66ffba5c2ffc6c
data/raw/0031/0111_pca_mesh.obj,163729,1d6dcdd9cb595bc11761ddb0a955eb92ab4bb78ecd3d6bfda151f1b8ecd9101d
data/raw/0031/0151.txt,132233,5273ca61bf2f799d0806996a04eee7c2b9e517aff95b8f3432ed631964eb8297
data/raw/0031/0151_pca_mesh.obj,324170,f8461081d48bf5b0049304ba9ceed9fbcbf648b84a53e45579e62e27279f67b1
data/raw/0031/0169.txt,121435,6c04ac713afc4eaf9d21a084d5f03f6a8c4c081baf4e107b670c8a1fcd8076fc
data/raw/0031/0169_pca_mesh.obj,246112,451b4a481b904e006b60c3d89fdae9e9b97e118f91227254249790e8e49ae978
data/raw/0031/0184.txt,540092,5f1eff7516de313346568e4088885c0d5959146c74dee9e88d400bdda2b08e29
data/raw/0031/0184_pca_mesh.obj,870557,6ba840c22027b7c7ec7fed17925a934408514d006a24c7f0f526772bd09f71e3
data/raw/0031/0232.txt,141945,81aae5876afed009423cec44a5b0a1bb90e8f859309bf3eaea1d2ae57308d3cc
data/raw/0031/0232_pca_mesh.obj,283422,1677bc94513d8e3d544f3df3546d58d4d1a6bf47dfeb1c2b1bfbc983dafda13b
data/raw/0031/0279.txt,39092,3328461ebbb72c7c291eefc7926f2ad39fb07d177aae3272d23f894f7ef5bbda
data/raw/0031/0279_pca_mesh.obj,75642,2091d75156693d28401373ed51d5998ad04d7ac162924202c642bc00fe32bcc5
data/raw/0031/0343.txt,164150,216522f5e9c52bb8ec2148780757ec44af5bd3dae41bfd45a5634edcee49f511
data/raw/0031/0343_pca_mesh.obj,398256,7012cb5d14531fe0498f900e83b09bf2729455010741e4584fcf7e749e4240df
data/raw/0031/0351.txt,4053,0d9fb850f7f022c0cabf2409d2f7ed4c871415796699a920127114e6ed01e64c
data/raw/0031/0351_pca_mesh.obj,8052,abe3acff48d9c13c81e8cd4247446be039fffa13fcb548b7c15aa2ca6255247c
data/raw/0031/0358.txt,179157,199be1457300aa2bcde985137b5fadd39815367ae716480f026427199747a2d1
data/raw/0031/0358_pca_mesh.obj,366367,10f604555095bb78fdd89ec013cdd4228a75ae9b393ab4aad83d865e393082cd
data/raw/0031/0411.txt,60996,06644950006d0a25fa35e4578b0ecf4e2bd86c76549f03a327ad7ae9a46b2ef0
data/raw/0031/0411_pca_mesh.obj,118512,98879fff2a38aee458047d2abc678c2ab618734af5408559b9eed7b1e3eefdd3
data/raw/0031/0482.txt,32918,a72828e3303e480ff3913543a9c92d510b2024a36d7e6621be969c88f247f3ca
data/raw/0031/0482_pca_mesh.obj,63681,bf49add23d83047143bcd8909352a6b23281ae0fcea5e9e2db894abda03acd84
data/raw/0031/0533.txt,28910,e353c513669a7c5828dbee3c0c96ac88d6bb3a171435ddd0607d4b6dcf87498a
data/raw/0031/0533_pca_mesh.obj,54993,12a70edc0ce84d5a85f8d82dafe44ab97a728379cc9f385959dfb72c41ed0fa3
data/raw/0031/0561.txt,78409,c2c337cb3bce04b8e7fb1a1bc427905fb72ba767db998f2bfcf8489d4f5f32e7
data/raw/0031/0561_pca_mesh.obj,153550,1a4f71ef04d934fff9c81fb7e2e9627a9808dada4b697beac6f16f321adffe71
data/raw/0031/0591.txt,26763,046661cd93f5d1f5e1e07a2c73e9b5cf4900e1a17ed161c15094aa1687ea807a
data/raw/0031/0591_pca_mesh.obj,59900,a15ba0b4af8d134db1d224ea295ddebe94b0dd729262b055e867e2cb3c181ca1
data/raw/0031/0616.txt,18263,d2833c1755e62806d5f522bcfc9879157c361f0d9b37b1a85c968483c15118fc
data/raw/0031/0616_pca_mesh.obj,39772,20f751520a489fe08372f711653ca9526247ee494f55b60c881dd383e33b37dd
data/raw/0031/0668.txt,129988,37ffd328ff05abe7834ad71f80b116c55c9538a63ace6db59f6553399668534e
data/raw/0031/0668_pca_mesh.obj,312671,7c61f47ae4f4c408740e5b37a42fb27c70a3f987dce8890faaf43b23c6553921
data/raw/0031/0722.txt,95232,11f7d82f92497acc950e1c0ac7a18f6ef67552fd5ac2ffd7c42d906386d2fe4d
data/raw/0031/0722_pca_mesh.obj,192003,91e4e203bd6a8abc4bf96c6285e0de00aeff698805477c436ae5cb4b22dd76b2
data/raw/0031/0749.txt,158935,b2a72c598cddd4c89442c9447e88635b4bb4b2a17ac7fafa4ccb150125fdd2a1
data/raw/0031/0749_pca_mesh.obj,324490,9ea2bafc4754d5b883b3b00d7a80ec00a5ccd4a8dca09e4360357673d7f5ae13
data/raw/0031/0794.txt,134893,1d7c0e8f7635da8d41ed71d67368f81fd30fcc88b7135a071da89437b3e979c8
data/raw/0031/0794_pca_mesh.obj,274632,032f92041b6258af27ae61829100272b611faabba4708c91a1c36bb2d02e6c9f
data/raw/0031/0797.txt,100378,61bcbb6d36a4193e623964bc8f6ccd409b4b6e1bd9ca4574dd1c3f739cd14ae2
data/raw/0031/0797_pca_mesh.obj,198418,07174564610ecc9ec8a0844fe40c3e036049039a63771f1d4f7d41c85dfe5dcf
data/raw/0032/0041.txt,117884,1e6d913b358df41af34fb2cf8cdb2898bfb742e8bee6ea71df6949a601d1274b
data/raw/0032/0041_pca_mesh.obj,286009,61a79e498fea756668c82d3f6754cb298fa1e47b4b3683b37e3e842c5c60d4e1
data/raw/0032/0072.txt,71088,6d38bd0af19569bba6a8c937d6a270f6d97194a1da2d4ea36bc3b5536e636dd3
data/raw/0032/0072_pca_mesh.obj,138375,2245ddcb31f6b10ae9c00565c7c459c03627e3c1e27a8f643272140be28d8b5a
data/raw/0032/0153.txt,132249,78a8bf7c28c1ed688d9391b2b8c71b6bb86db134bec10d0139c723a2297010fe
data/raw/0032/0153_pca_mesh.obj,319055,f63d38eae4569380d52229782de24da679168e8f30feca2bd0d2f338aae68576
data/raw/0032/0173.txt,87182,d944329973f0399f59daa2453a9a593d7a6842336cc971c3e69446cc7b92f582
data/raw/0032/0173_pca_mesh.obj,169925,6260bd0b2f596963461a31ae6da2a565693ca78f17cdbda058a3ad37a2b6663a
data/raw/0032/0181.txt,402079,f900b0adf89321e749aa3d62ea01be1ab62a37e7f3fac769f6e24196cabce69c
data/raw/0032/0181_pca_mesh.obj,743671,2f6460af53f3e66158ed7495479f15c5a7d93548d03f688441b1338ebc61bc95
data/raw/0032/0214.txt,173928,8d2fdf0d273f09138dc5f8181a247e2038a990ee8cfc100f05a5de190290a73b
data/raw/0032/0214_pca_mesh.obj,350571,33f7609da453e07618dd30bdd418cf8f17b88bb10f3417752434a5ec11e4fde6
data/raw/0032/0316.txt,72888,296ef8b85c63b53b9f70e0526163901fb77b957cd3293703000cf162e77ca41e
data/raw/0032/0316_pca_mesh.obj,144238,5b9340539344accd3a827f0ac32f188e3996dbd64a645840ee4ffbf54bdb9c07
data/raw/0032/0318.txt,49005,4fd04b4d9f1cf0bf9489562b3cb81e9999ab6b4d78e665125f7185abf4e3bb01
data/raw/0032/0318_pca_mesh.obj,96267,db3aef2009a3f6d8842500f6d4938f1b019858cd12f23735664500b9dd4bb714
data/raw/0032/0361.txt,34770,d307a9cfd37c1058a29b422639514fb0f98dc176d3b4824e7465e8d2a9174b8b
data/raw/0032/0361_pca_mesh.obj,77447,1f5c6f7ee83926372498f89fd464b1eaaad36e3f613cf7cce2b0fce6520f497a
data/raw/0032/0369.txt,3653,97e67d42cd9c53ae02f6f666cb7332c9063447f0fdb4759e038299de334b5d0d
data/raw/0032/0369_pca_mesh.obj,6973,5da07cd7ca351f6a4c8c6e48c4af14708a4dfa6fd08d0e80833ceb8b716d755d
data/raw/0032/0401.txt,162231,d06affb9a88b538e64d2a7a234bef969a0d6181030c3db083578faadedc49865
data/raw/0032/0401_pca_mesh.obj,389824,7e1ecad1137f349bba75dcf8b3c3129b2b165b3dac3bb065ce7356d11100ebce
data/raw/0032/0448.txt,74239,d37b492a96ced2f54244d9a11ce0d6a1304a508a6df946a39394f30cd5d7194a
data/raw/0032/0448_pca_mesh.obj,146395,dba6e43c7b95978868ba3302bf24c6a1fd9ec54304247aba08b4affbabdc02d3
data/raw/0032/0465.txt,108630,a8e2559a776f809cc0d2b7d12f74171fe92c5e2d2c01a3605c5065cacdbea6ec
data/raw/0032/0465_pca_mesh.obj,216096,4ccd5546d6d1463916a0b1e51bed9c1b5d967b06e6a76871b9649206d0dd106a
data/raw/0032/0488.txt,100895,eecd6e355d43db4a0ec01f9ff38fbc94378a7032f002575c3b3e724756c6b6fe
data/raw/0032/0488_pca_mesh.obj,236793,a29712fe91337882a0a8c0326f6f8045fcd537da925847dc448f99a623f2a68e
data/raw/0032/0562.txt,65956,168537d4cb0f5588466bc67d103f9c3fc0c365967ac98b734575cad530633334
data/raw/0032/0562_pca_mesh.obj,128630,34c61a4bffee3b3ed918d71d6ecd3710ec5714874db27182702c95b1dfe680ae
data/raw/0032/0612.txt,158157,44331752446791bc139882ea2fba0a656e47afa38fcfeec1441e0279695a2bed
data/raw/0032/0612_pca_mesh.obj,381104,881908f9d001610dbd66cfa3d16476d752c6a8dc096ae3d3ef2756b103bd1238
data/raw/0032/0650.txt,35945,0b84c578b3f9f3b8ddc14b97983c7c53680b06c4a09cd8f6061231a8d18310c0
data/raw/0032/0650_pca_mesh.obj,81385,f7e51360ea406d510df5d5c7b744f1157c425847bc7a9fca6a2ab1a3b33bf9e0
data/raw/0032/0706.txt,144554,8819af289a08259365aaeb5771c2bcdfa3c1eb7c206e7371ba5a3770299fe68b
data/raw/0032/0706_pca_mesh.obj,340873,d4542e9212f428ff72c00d4b36acba9d01ad27bad59efa246044031ade599cbc
data/raw/0032/0724.txt,97462,5675681251752f49e27568ed50fdc501b2e43b909e6bb9e8f51fd3974d9c9f43
data/raw/0032/0724_pca_mesh.obj,192546,05d1de8ac4e45dc91fa21b0263a630987e2007747f377f7204ec44559d35f22c
data/raw/0032/0758.txt,254433,9d70ec46b9ab2d3c78edbddd84f13e88f528dd9f213f6792a117fc8bd2b3858f
data/raw/0032/0758_pca_mesh.obj,472977,0f5309fedf457a8d8ea56a3314608bbcb67f4e61dedab5d54752cb7fdd644c29
data/raw/0032/0761.txt,489834,8ff68cfff273f390b1b47e0cf9d7087e64a6b22ac3e607f9bee6b5a3ce4ad38e
data/raw/0032/0761_pca_mesh.obj,870919,adb97e8a4c963ceefe5df3245735348bb104b37b91d455850edd2c3c1cea37cd
data/raw/0033/0031.txt,91604,e8a8e3b01415ce12a761b663b83eb6a7976f33a9c226bfacde452247d0017e10
data/raw/0033/0031_pca_mesh.obj,184296,f2cd0fb8b996d1dc4cb7701b5abafc3124a6be6fe49ba1193a874172255268b4
data/raw/0033/0046.txt,130610,df2982121aacda5ea645907a73613b66ba57ebd7bb95d5a97aad32e89c97a6a6
data/raw/0033/0046_pca_mesh.obj,312716,695b6b8e3ad4bd6a40e6cd61a39910f4dd773b64222584a73aebd42b9ee037d8
data/raw/0033/0122.txt,148939,e675271c89387f95c4eae492ff851fad084af7b7111255cdaf0e27e4442a77a8
data/raw/0033/0122_pca_mesh.obj,347872,520be35572b78af1f6ff4ea5ff6004437fa43cd97668357c0f7bd7661cfa29a0
data/raw/0033/0171.txt,118862,863082301c9ea92c0798107207cfd994d46b578885065b993d5b532b3e55ed11
data/raw/0033/0171_pca_mesh.obj,240712,fa6817479cf862dfaca1fb250f64b4f08f9e7c103e317c51b4b6fce12f2c2cf9
data/raw/0033/0219.txt,288631,f48d4dafef531f056ea313249a7523a21961a27e07e2b22bfa443262f423f6fb
data/raw/0033/0219_pca_mesh.obj,601644,18647251ac8fefa79ae75f8366e09f47333201f953e7dcbb31d92086799dab0e
data/raw/0033/0238.txt,121893,20c93050aafee583f87a8779e733072578d1755c793060c554236191c93f982a
data/raw/0033/0238_pca_mesh.obj,243493,9b0e77ade9ad0364fc1f22a402a8f4efebe43288c88046bb73d117728d8dd38c
data/raw/0033/0355.txt,204020,45d44ae20bc84b8f8dc2ba46b1e290fbcc042ff3d85160c55080d6d806af6f35
data/raw/0033/0355_pca_mesh.obj,418725,c565e30f0dfa0ff4c38584ae7e7de0de9daf22476b151d7a44ada9f49cc66e4a
data/raw/0033/0388.txt,40920,ba10fca3252070bb1283feb026a429bfa44f1f57c8c1a5f44b6460a00979d31c
data/raw/0033/0388_pca_mesh.obj,91663,dade2dbb7e292795c8b6c8cf879eb41ded7da4c49a864b3ede3bbbdd9e92dc91
data/raw/0033/0402.txt,34028,4d17299570a3fd3aa267513d5c619b30d4daaa62f61bbe13921c160a81126f18
data/raw/0033/0402_pca_mesh.obj,77755,9f74081740ea02609d8311a93150ee90100e187b7c29c20a8594388ff939951b
data/raw/0033/0417.txt,59061,1a5e18006319629a1c8e25f19e34b21b141fc268b4adb9e87c2b0b049b075c43
data/raw/0033/0417_pca_mesh.obj,116391,21ea0c3430169edcac6d0f2713e6a4c09b67282bd47458c557be0adc8345013d
data/raw/0033/0438.txt,20854,168a4cdef7b2784bbef8fce9ce4e4d538733fff3bf879adc94889b6fffa1e68a
data/raw/0033/0438_pca_mesh.obj,39337,22e9bb07f305a795731885493709c76e0772a802d5a77b950335b9a7b631912f
data/raw/0033/0477.txt,52409,088e56ce2fb84c73f4e5ca2b85eec00654c031547920dca9916ca75091473939
data/raw/0033/0477_pca_mesh.obj,102871,7f957feea13af5808c3ea673432baf496ed1c33f4d82a55f8cb2df515c443ad7
data/raw/0033/0538.txt,33223,b0c4a2f87896f493bc5106d84120db8de0e5dcd5c8343868ef5ce36220e59154
data/raw/0033/0538_pca_mesh.obj,63459,f09db61c58dcd387fe8f29a214242984c8097e30a49e57c80a4b5bfc2f8813bd
data/raw/0033/0554.txt,87128,1532a898547663aa34cc8c1066c7b2ea0a53113266bddd51872b34b414831754
data/raw/0033/0554_pca_mesh.obj,171041,81ee98a52d2a4fd04ec1a7835e13ed589b56c4fd9f94e323111a12033c8fe283
data/raw/0033/0575.txt,117559,ac64c3a7d10d300e82a7315334d1e28afe9018856fc51008a6fcc1ce64059258
data/raw/0033/0575_pca_mesh.obj,274691,3ae50bedd02f0269098f3723607afc08b4f315e8501f1de101c77c38630cdafe
data/raw/0033/0629.txt,185890,f62e06d02002e4e90d9a3760eb5d4976f549b83d950672e3185d8aa213e4228a
data/raw/0033/0629_pca_mesh.obj,443796,7954b3cb938e3143bd69c728ea3ded302ad5fba76bc7b27e8aa558f83f783558
data/raw/0033/0656.txt,130739,d3bee5465edd3dc66d495ea494dc4b92dd33c1e9cd75db0ce0ce04b6967a39b5
data/raw/0033/0656_pca_mesh.obj,314359,d523b49f2f8bce9426016b516278791fa9d671cb19eee433b9efa41e31f0b945
data/raw/0033/0716.txt,28787,e85dac4a27e6800f8385be00d4e3622ebf50d19af7c78d7f9ed244f44c274428
data/raw/0033/0716_pca_mesh.obj,54520,953300aa3a4da7090f29d1595b10895117110a5b501b46b357cac8fcd78a87fc
data/raw/0033/0726.txt,99805,a603b99a10224b5a3e2f43da431504ced88e1e73a646407a57fbddad1fa2429a
data/raw/0033/0726_pca_mesh.obj,199348,ffdbb0aae0929b4713c2d8d6d891e2096cbbfec3f9e3ab81fdecbe71cf58901e
data/raw/0033/0781.txt,175916,1550e8f4b3649df855fe6f77dae895244362184d4bf035474548ada1ee9782f0
data/raw/0033/0781_pca_mesh.obj,364276,150c8cc0d7dad2528cc30573b379e4a3a263174ab4e0a6d3dfc5e8074625fd79
data/raw/0033/0823.txt,104537,3c1c1de51d69bbf4b76c1247bc99fbf4945b4c257da21f36a4033d862ff2e29a
data/raw/0033/0823_pca_mesh.obj,209520,967688556a584fc81303d7d1dc5997165e61c0fc1d04f435f87ce921779aaccb
data/raw/0034/0077.txt,63120,73caa1da0c037c109aafca1c872f30b83aa9615fca4b45b223f5b306dcefc041
data/raw/0034/0077_pca_mesh.obj,123667,d9d547862f174faeb442ac7f29165985331cb99f1554d5b6198035945ff3823f
data/raw/0034/0116.txt,76988,fd77c103b2aa40bcd2cdd3a084bcb54c6552a57b276d09fb129740061f087079
data/raw/0034/0116_pca_mesh.obj,176210,f83d5b472bc5f39ebdb92aa3e7d9655dc17a2b1658705165ba75a9e89c370e6f
data/raw/0034/0139.txt,159864,d9f8d7462491437cb76b8466bc7db2498b0ba54bea1abf16c56bf8344e526b06
data/raw/0034/0139_pca_mesh.obj,396226,eafe022e34bc29844c3d5f5ebffdec7932408df8e1036008e62a40f25499b432
data/raw/0034/0180.txt,141219,d8678dbdbb8ca8cd8e2ff6517b1b5a327a9ae0f6a1bf29b8f87f072fc8e7ef61
data/raw/0034/0180_pca_mesh.obj,284881,22a545bd6c4db59ddf3e4901b3a7297e2a26eb05aae05ed920094730692f7482
data/raw/0034/0182.txt,319376,2e2733f3cf8fbe8889845b2105a3525e7f46812300dadaf7898f9bb23bb72508
data/raw/0034/0182_pca_mesh.obj,585311,8d027693b776e71d44c6550454ce6e1cb1ba6a373657de4803b57e994dfe5934
data/raw/0034/0187.txt,559392,739da881955e90a38b944474336528a99683013c2f65906fcfe1aeedda51d24a
data/raw/0034/0187_pca_mesh.obj,876743,314f092d3910b1399d9b336183b041a2ecfa4ea3d40b72bc811a83e4ca90a08d
data/raw/0034/0250.txt,100433,600afdb2156302396e01cda568fd040ef425c5e4844453da34559a337650984e
data/raw/0034/0250_pca_mesh.obj,236614,04838bdf83828edaf2a5e23c1b8c159324497f5cf696888e753a440539545307
data/raw/0034/0315.txt,76081,9b76c2601e434baf730fefeaac82bf9aa956560e5d5b0bff7e709a9ad966bc7f
data/raw/0034/0315_pca_mesh.obj,151894,d90abe23e90006d53736bcba56868faf2bc56d85d5bdb169f39f6f4f31c9fbb5
data/raw/0034/0330.txt,110335,c50d4c99b29e01e7b604199b17acbf64a058cb0050510d169a41245e36d03e60
data/raw/0034/0330_pca_mesh.obj,221496,6958c5c84a630a072dbe01d949d8f2906e5deca87d67acc4c999cc98f7df2efb
data/raw/0034/0418.txt,64770,ff7dc0a9f3b03a5f89fd383383b07ce5635a6dd1c3525ef20556299f1da7f473
data/raw/0034/0418_pca_mesh.obj,125740,5fa563392af350134304caffd95ad007da92e5c7c73b82dd7387ac0e1d44ffa4
data/raw/0034/0436.txt,22207,fff6032f537560de3d36350086fc1684c1fd132f6b2720f280a14e6c9a085c07
data/raw/0034/0436_pca_mesh.obj,42940,e71b69b4a3785edade97e2bf8684f8561c7c47b58a9f7d03a77d433be9364acf
data/raw/0034/0491.txt,44310,4f884d29bde96fde0fcec3c42498119ce6246464f2bb7a5efb0776ce0d05340d
data/raw/0034/0491_pca_mesh.obj,99630,239cae3fdfb09c14071025f8a8de8a51838e02195f9a67646af9a33cedabb26f
data/raw/0034/0513.txt,58303,a4181e180cf831e8dacb4281a3fb034873f1a471a1e34353a70089df739df14f
data/raw/0034/0513_pca_mesh.obj,112024,71d90c742145937fa60a05d5e2a61657046973c7e01db932c5ff94b937987e86
data/raw/0034/0578.txt,126251,1709db99bcc925e0ca1d19fa3103d50297ac4ac2314048fd1ca1f73920ce78aa
data/raw/0034/0578_pca_mesh.obj,294449,fe740606ddb24283683090874db2af44b40e06806c433691cafd36c23fffa620
data/raw/0034/0606.txt,3088,b60b9183800e125026506f8e832b132e74421296890e805da3041f7ac90424eb
data/raw/0034/0606_pca_mesh.obj,6121,74ec02d1c94f3caa802a5c2e9c0d17c2fef839326c87c8acbdb5702812a40f17
data/raw/0034/0607.txt,180285,6c7e832c37e6e4c54302737e2a8f5943d00fdf5077bbc57b6cb5ff75dd227825
data/raw/0034/0607_pca_mesh.obj,424980,c6b56ada265145940b9e41c28c7b410ab697e035e77b563756f87748a1e1a9ca
data/raw/0034/0614.txt,58086,e76750baa0054807120b9bd0c385f6dd58d191b087ce2a90c93b945fcb1b45d0
data/raw/0034/0614_pca_mesh.obj,127038,ebc4a64b4d7e00ffa7d4967597c5ee04544986956bf226d05d372578a1c23709
data/raw/0034/0711.txt,22641,aeb0e3fc38f5295843c34bdf6bc19d4c4b4277efd5270a1b8d4000c146d79e0a
data/raw/0034/0711_pca_mesh.obj,52109,72bb7f6630ee5b2680079ac2fc2e445fd35dbee719be1c5ebac925eacb442c2d
data/raw/0034/0742.txt,108746,34b5464722424ad7850b5b753bb7f87669f17ae478ccc076a045553e8f32f348
data/raw/0034/0742_pca_mesh.obj,216601,4062a16724c3332ad3bc02a1b27ad6732244e5a0710661b619fbd1bbfb980fcc
data/raw/0034/0818.txt,259441,a65cb020fd9438ef4f5c7455a5acd488459fffc958b6c727b98631308da6779c
data/raw/0034/0818_pca_mesh.obj,532173,54bd369f9b1f334ac1e266b8fcd55696304ac0cdbd5c459fa2e687ac1ffaa463
data/raw/0034/0833.txt,114542,2f076b104a77f51edcd9ac22475513a0ea0e8f9c700fb0a292c9e30da91370f5
data/raw/0034/0833_pca_mesh.obj,229273,703307c6e5935f983d69bdad52e2f856711006d30402cc575fb510bc19f8030c
data/raw/0035/0026.txt,122003,6ce71d52750c6aaa09af30a5625ea32cdff999099dce01899c25c7c12ecfda3b
data/raw/0035/0026_pca_mesh.obj,244694,f433b8ac4dd192ad04ebfa5b8f192a830fc3155271e6d4fd7973325d89d794a1
data/raw/0035/0119.txt,97612,6d258cfe46f1794c92803a66bc05b8e34a4d615480c0681ea222ba1cab4d0a0b
data/raw/0035/0119_pca_mesh.obj,231342,131604f6ffa717dbf43eab377ea5ba5835d7ca9ec00c1c7d9ba30f6a454ec7f2
data/raw/0035/0129.txt,169379,aa53498beba305982d5665d4228a88e868d3d5fccbb5b2fdb155228272abf342
data/raw/0035/0129_pca_mesh.obj,412012,64a53d1e8f5d5a08124fa02919a8722da0003d74c1f9d214d4c74f92831ca50e
data/raw/0035/0162.txt,100952,5c5307a2e2f45c1948b26915c53f1a42fa9f869253377698eed225b4dfa5cd12
data/raw/0035/0162_pca_mesh.obj,233813,86e4765f0ca8694a60eb41ce6b680f5214eb93b07c7d24a2d0564264fbfe0440
data/raw/0035/0205.txt,199852,326c0242148dddccea5384e02a8113d120187d64b678f4f55deda06d528e8b64
data/raw/0035/0205_pca_mesh.obj,408873,b4749b46c3f7a8ebfa02ccae2c9563a40fcf0102ba551604a4b05aa2720bb70b
data/raw/0035/0216.txt,228173,23a5a6a8dcce8a7259df4f1e61b506ed161ec67b6de42e93435be0b5f4e66f99
data/raw/0035/0216_pca_mesh.obj,470513,189bf2231be6da84db99ab8a97bce66b2c41551865e41ec68ef50740b2cba710
data/raw/0035/0245.txt,114628,02b13293af55846a5042845ea5fb0af4feaae314e8718dc6dc68404c1aaa77e1
data/raw/0035/0245_pca_mesh.obj,265389,ad7896a10164524a0b06e0ccbc86ebd0b15b9adbc0cee89dad825a77d9b2c2c2
data/raw/0035/0283.txt,28907,c9139004972a52f1b37612b5e805df9b8f8dc7294654dc974394a325634399bf
data/raw/0035/0283_pca_mesh.obj,54947,09937c89f2df969a1612ff311509da117bf0598768f5f8130a530456c4e30650
data/raw/0035/0352.txt,56724,c6170336648634d34a4f8ca6b81d03082a3d82fb14013dae7cb807fe3860c5a2
data/raw/0035/0352_pca_mesh.obj,132390,52987bec741ca5df4449eb8f3c47f642811514c44204ac071e49dab9ddb7ab39
data/raw/0035/0460.txt,71163,b718227949b461fcb93b1d6ef5d4c68cc2fbd73953d52bb53bce5d60da3aecc3
data/raw/0035/0460_pca_mesh.obj,138061,16d1bd196577e6d57e6c6576668cd5932a1523a55595beadbd97307760d27a06
data/raw/0035/0478.txt,55637,973f72cfd9dd984e179f00e2e8b400c55457b9fa2ddf097503b3d8de4607a948
data/raw/0035/0478_pca_mesh.obj,108504,ff1aca52b1dd571181717c7f4657b2f3a9f057c9931ed932347aba47aa845ce3
data/raw/0035/0489.txt,164210,cb5f51210cef4250fcad9dc476c781db1b1fcce534c011a363d468aa1d6b2fab
data/raw/0035/0489_pca_mesh.obj,395122,cba1ac7d9549a82484af59074b57ed1d45d5e18f8c8e9240df0b89aee5aaf67f
data/raw/0035/0496.txt,4540,2d5355da30491c17eafd27b7c74026d698e0f828bbccea0f4239e0b44fa3cfb7
data/raw/0035/0496_pca_mesh.obj,9032,ace1d8c11092a056f9f044700066c0d8d9105810d09a394676869e0f9863f85f
data/raw/0035/0534.txt,65994,6ebe9046490bfc8298f614491d4790bcaf26b093e02077b5e70620e0912fa764
data/raw/0035/0534_pca_mesh.obj,128212,2f7470fa199c8f0195db23cee4dc43dbfca7e545f832bf39efe2ed37cff76dad
data/raw/0035/0552.txt,61934,f64f5de21181f0ff5a90a7228733843fc61876634734109f48076ba6248d16b8
data/raw/0035/0552_pca_mesh.obj,120348,0e10edce3113baa5f30237f2dd5b561b86c0778e1eed543584b3abaf86ff32c1
data/raw/0035/0626.txt,200309,996a62750cd830fb4957c189c0ef64acc9c279960e5cbdd3962e5bf119ffa809
data/raw/0035/0626_pca_mesh.obj,489425,6a9f576d1d4d4d7fd80ae2742c4b7042b09991d8d8305230ae01e7a715860f87
data/raw/0035/0630.txt,28157,2f5fb7b5f67b01e0ffcde92397738468400f95fb5d1a6ecd6fac13c7e58b5fc5
data/raw/0035/0630_pca_mesh.obj,62478,7c6f15f74f4c277d63f08bd8f13c710a4a07d25a8d8a740942d18bc0cbd39b7f
data/raw/0035/0720.txt,240858,0f528ea98efacea751f23b68c532389965966f438e3288520bf56f3824f6694f
data/raw/0035/0720_pca_mesh.obj,499800,4f87962ee4f02acee30b5f75936d556fa879f98c9fc2fa3f48b3191882b9579c
data/raw/0035/0723.txt,105992,05cd687bd7b26175ab87779c25a3f4ad28aa045aa4b675314071981d3b35438f
data/raw/0035/0723_pca_mesh.obj,211187,5d633ce636a67c79a143a65b3a4f6bcdfb3845e8299d124542c507c1bdb16b41
data/raw/0035/0768.txt,105809,ff17a34421bd915c277eab6ba90611f515dff511f962a4394d5ff6c546a87d9e
data/raw/0035/0768_pca_mesh.obj,207015,70aeb6163089c0e70fcd094969f437a0422e9b2abcbfd28512378d08f33262ca
data/raw/0035/0799.txt,194322,2ebc61cc2dea57476380b8338b034f1c8e2cd25d3fd0d9eed782ac069b32fc3a
data/raw/0035/0799_pca_mesh.obj,403758,7b77f289f18eb0495bdedc9739b5ed19fb919b651d5bbe731ee8464c65aed089
data/raw/0036/0035.txt,87992,aeaaa9b206f3047713c9143aa6f0c8ab2d8b98942eb147cf6957f2438fdb9d0c
data/raw/0036/0035_pca_mesh.obj,171144,5ff4251eb3714ab0f0a307dc929b296ab9dd1c4daa428b4c680185bd0bacce51
data/raw/0036/0090.txt,114107,4c9f4324d93f88310a154d62f960073cf41f14460121ff8d5aad320378c09625
data/raw/0036/0090_pca_mesh.obj,277716,20ff861a826afb9716f22081b5a56d2d271f5fec8e502e375aaa441e44754a90
data/raw/0036/0143.txt,100035,c10f3380d18029c686fb8d09b5adea8dc8f1bcdf9a92e2e023d6048e9bfea420
data/raw/0036/0143_pca_mesh.obj,233160,d87fd2b117c7d9be3c92339630f53d2f9db8d0d8b3ade1a23d278317b141cda7
data/raw/0036/0155.txt,150369,7cdc3833c5007798d5bdc6f39129af101ad54aef76f9fdcb3ff8ad5f3c5a2218
data/raw/0036/0155_pca_mesh.obj,364922,78cdf42d674d526b719e3f50c8ed1bad460f0193fed2bd1b3bb45a95449b8fee
data/raw/0036/0215.txt,163060,12e8f464aa42965ba03b8e9fea43eabf9641b6b53dc457170812ce3aca8eab12
data/raw/0036/0215_pca_mesh.obj,330996,7ec2356c63e6ad35b1c0ff4a5eda1da41819d90142516ab3566722d58ed9ba56
data/raw/0036/0239.txt,215267,57e1735db63ad7e5e41527b3e75502cb284f280e7bef15d0b42f184de857948a
data/raw/0036/0239_pca_mesh.obj,443261,7b99f1ed62b03b40d48254bdf87f84e2a31d7e02bb2b52d0ba0e13fe3d23c82d
data/raw/0036/0242.txt,114091,2c615157220c56622e455eb1b340a90d98c832dd2dff3982fc2e6b0c73aebef9
data/raw/0036/0242_pca_mesh.obj,263294,52d5e6a8829e6547cd61b2d11235186de31b5749bcab5ed32c4c69d942c2516c
data/raw/0036/0263.txt,53143,41a70b06598526d4fa52cebca19aa2359106557ce179284e4b04fd3293211913
data/raw/0036/0263_pca_mesh.obj,101292,658327fd1ca4fc9d2746a2f2c56fd394d14582102a190f2c8c2ed6b4df6f3b60
data/raw/0036/0327.txt,101736,383bbb4004f905af78f191ce3253e897b3907cda0b12c058bba4154fda8af8bc
data/raw/0036/0327_pca_mesh.obj,199706,e9cb18c568e3d52940f38ad8fa5afd1eaf6047cfbf9d455d6f3c2f7fde65f4ac
data/raw/0036/0389.txt,47693,a02d2bf0fdded30949d67906ac40d9addc5509de35951aa73a33ae2808ba5884
data/raw/0036/0389_pca_mesh.obj,106599,a827de5c5c7ed9c7b7ca5889037af58990aba25449bd1c456d80f6fdf6f30f09
data/raw/0036/0400.txt,156557,446dd749bcf4fb03c6e0b1157560ae61dac669a0f187aac811ba1f079c1cc0b4
data/raw/0036/0400_pca_mesh.obj,366987,9546de4e926e681ed356b3fcd246a1483a807aa0b6ba4ed07e9c3088e49a5004
data/raw/0036/0422.txt,80805,88c1e139194f98fb11046e3494650c8a23117ff82620b1f1b8aa6284f2b38489
data/raw/0036/0422_pca_mesh.obj,157556,93bcb52f5900b642b079cd282ca912867401246b3e6e28bb3d61837106d3b191
data/raw/0036/0458.txt,39107,f698990f630fb38a57a353cb0c9aa433e2f2aa53fc542bd59806ca1de9169247
data/raw/0036/0458_pca_mesh.obj,76889,bb5fba602053e7979301930cc1b8595775ee71ae9091d9de399173230634a4eb
data/raw/0036/0507.txt,45727,11d66eccac4b8d7f3e91483ee37dd462b1f3cbbc6baccc429aa6cc558b40cff3
data/raw/0036/0507_pca_mesh.obj,103983,b087dd11157a90e55a1496d50389e33e9b1aac48ea084b81ebc899963c5c0c7e
data/raw/0036/0526.txt,51982,b30d273a58c18dd1d284329948055691c875f0caafb821e8dad21072a6ed5f0b
data/raw/0036/0526_pca_mesh.obj,100220,87b1773940cdddfa3f66b27fb3db24ef7ae3fc61e341f3bb5d9c152d44509b63
data/raw/0036/0622.txt,24343,a1cc565af0b65aa06b21757e016fae9d114778c858ebe78242f3bfd1634130b9
data/raw/0036/0622_pca_mesh.obj,53379,92a41fc4bd9d35e51ec5d3b76d36a09e050524fd1518fe55cf2fd2b30265e2a4
data/raw/0036/0623.txt,238642,cb039d22cd540cc664f491f6e66185832dd0b9114f2c7f9055e16d9e71dfe702
data/raw/0036/0623_pca_mesh.obj,578553,13ac52efa207e0b5753bfc102428a7bea1498a5cc4b6cdc219b35c2a337c3d87
data/raw/0036/0646.txt,126108,ed678f3a55ec584aed0ae6d1ff2887df0ba2b4affb49354285b70e35e227bec5
data/raw/0036/0646_pca_mesh.obj,312710,28b04f53b1540d7af73568c853605ca8638ca9c78e5c574619c80cae3fef6a5c
data/raw/0036/0684.txt,112689,0bd72d5c655dc6d0aac4c88622a5ef2ef04b1dcaa08222f10d8da1c1a49060ba
data/raw/0036/0684_pca_mesh.obj,269529,2e94c0043dd5af8a85477dfa49b15d3f4c4af3a74e0f5cabcffe4d816d6b819e
data/raw/0036/0774.txt,167702,4b6aa4ee41d40ec1e51d82fea0cf1adfa8009585274ed8137d22325115ee37c9
data/raw/0036/0774_pca_mesh.obj,338116,ef26cce97a52c499f0cd297edf884aadfeeefdd5c58004f6888f5cfa33757084
data/raw/0036/0836.txt,105675,27be6281de91fc290e6cbe439751e00b2f26fb33ca44958435590be9858df113
data/raw/0036/0836_pca_mesh.obj,209738,828d780a2c1733408105d89d56711684e8a54e335341510bd75f8559e4a89443
data/raw/0037/0037.txt,102512,726040cd3c0832dbcb266348ecd8d1883f34227678ee8b6d172ab672f3e7fe8a
data/raw/0037/0037_pca_mesh.obj,204181,8b8bf485ec292d6f1c5a461ddea725ee691167383bea84969fd833de8946e4e4
data/raw/0037/0092.txt,148867,1809acdc719f4c0bb2fec89316e1a0e188f3d1b879d4335117e84f16bcaff7a0
data/raw/0037/0092_pca_mesh.obj,355613,e0ce8abd67fb78677640609b8708e11e1b27df4ba60491d1bd7b2e41f9ac5b24
data/raw/0037/0172.txt,126734,dd4e9c4b171e9a41e955a44df6b7bfe98197fc66b81fac03ecb4b1442778d1e2
data/raw/0037/0172_pca_mesh.obj,257862,183ba4c2288572d3528a314853b5728480eb50225f94e077fe60db0b1e50b0a5
data/raw/0037/0179.txt,159123,12d09a89b5e108c8c8836d8792431aa2d7c58e9bbceb61947ecb9ac394a6f653
data/raw/0037/0179_pca_mesh.obj,322333,a57d32ce1b8633d6d4c68164e337f428d310aa8b64a65e52b00bc7bb2e0aefb5
data/raw/0037/0212.txt,211649,96119c5cd0894c7c97d20d7b842e0be48c680c0de98f5cf2d45adb1f38e6cadc
data/raw/0037/0212_pca_mesh.obj,431808,20b9912b33547316798bcf0649b8fe42cbd4ea48642d0bea64b7c3f263c12357
data/raw/0037/0218.txt,296548,0694a7c41b85d11ac3f5f67eaae28405a687a95cff33d9b27857138777810474
data/raw/0037/0218_pca_mesh.obj,618898,cfb149ef2a92d829d1033b9c692b00e97d5800bc66e2aa24794ddf0504c0a33f
data/raw/0037/0246.txt,126945,8a6c46b5687af72d14a08bfb90a61873f6ad58d1af5ee7170fb7c8c4cb9e5170
data/raw/0037/0246_pca_mesh.obj,294308,f21892989b39d57ff74f8ba1d036e555145ee6e7a8f43bb92543a4c00b17a0fc
data/raw/0037/0314.txt,80365,acc5dbc5e114db1f1e83e4454daa92877a607362ee6a56145d166ee73f43aaf8
data/raw/0037/0314_pca_mesh.obj,158463,5591aad9f78d15c50d85da6a543c86b3aec1ac6796a878ea6e6f4003372365fd
data/raw/0037/0331.txt,99333,21e876d900481ebe5eb1348c32e64471b48502e8fedc23a65e0f08a33c4df661
data/raw/0037/0331_pca_mesh.obj,195807,d8f1306bee8e556b05decb8fe3acf62f04d29b7ef01040174c0d26c8558bf239
data/raw/0037/0373.txt,48688,66198182b1581c85037c01bfaf8a81215ce1c22b2816ba1313c936e3adab9da8
data/raw/0037/0373_pca_mesh.obj,110151,033dea5df989f057ef6631ae57695753905a10c654a5dc596d85cf4b99468ed6
data/raw/0037/0412.txt,23987,9967a7eb7af8b951b09a8d4735bc8ba3cd558a81bb16ae1cc9818ff670d89eca
data/raw/0037/0412_pca_mesh.obj,45352,bbea7a51cb79a7c4cdc2869029e94b15b1ffd005d5da19c117726a7465d2362c
data/raw/0037/0423.txt,84962,2b3cfb4a17d3da48bb83a52efc5172e604a460daaed824f3ef9cbc900afb6d35
data/raw/0037/0423_pca_mesh.obj,165652,6413ea073056612951a38efc0b9eed04254dc01b6bb2752f016b191a1d54bac7
data/raw/0037/0492.txt,168195,e7a0230c3fb7772f7610c13a32b73192a1f311a169b47cca8fee67d24d43b796
data/raw/0037/0492_pca_mesh.obj,403790,0e829d5efa5a24b83bd12db232862e60072b9a592270c74d9f281c2ada106421
data/raw/0037/0568.txt,53665,61077af68b6641ad48022242ea0d6ef106ff748949640e689fbd701724c26a30
data/raw/0037/0568_pca_mesh.obj,104853,44eb5bd9dadbcbc5b4c6a12d398f7771d1bdea7c1df6b6386661fca44372661d
data/raw/0037/0585.txt,35207,da7c999544afd3992500945b87b653be2bcdc06e857e0b83326390675cb48a75
data/raw/0037/0585_pca_mesh.obj,77626,3bc7f8046016e311a13b65b53324e77e9d977e2d922d3324d0782277a2588fa5
data/raw/0037/0659.txt,25517,c02ffc2ce6b0808d35114534083b0e5efb61c61c9786150632cc35ebf454687d
data/raw/0037/0659_pca_mesh.obj,56389,0c392f05a3c80fef1b893c2e031c5ed44f3cca13c270ab92b40f09d08643ef49
data/raw/0037/0675.txt,155144,4b1ba4a02ec9f2016fed46cab87c60a95c9e738387e5d8beef2bc6089e9027b3
data/raw/0037/0675_pca_mesh.obj,378972,71610e7384431d17fb5f81db736b8d76e6a6664a320b16c292f3ed6605c059bb
data/raw/0037/0721.txt,191207,977b2bac405c39e291e8896e871dc191e4c7ca695778a0c37a50accd941394cb
data/raw/0037/0721_pca_mesh.obj,392900,67d0cc66e33739ce237f48aab8acec7646904a81bc0255d775c25101002fcd7c
data/raw/0037/0728.txt,105778,b96f78d096a3a871a030db9da0229e9c27c8a7cb48d5cd4084a8fbf39c571957
data/raw/0037/0728_pca_mesh.obj,211722,8ec850a8e97638de7b7f53cd28680536fc835d2f5e4ba0e4627dcb5dee825ebc
data/raw/0037/0757.txt,536280,0e5e7a38c1cf3ad1fcc8e6e2cf82f6c6601c3f92062ca305ed448aa0ffcec455
data/raw/0037/0757_pca_mesh.obj,870453,0e1b162b83580edca0a3a8669a2e96929be3d075ba075829bc7c051d3410b719
data/raw/0037/0811.txt,115750,9e4a2cde2e1f3daf12d7b8522e6740799f92566fd9f19ad9ce17c919c380a840
data/raw/0037/0811_pca_mesh.obj,232670,2c1300208ebc5c36de58e06537e8208d96f96617174be387d179c2d58c0dd8f9
data/raw/0038/0013.txt,196823,367b2340ae74ed01c5b830c7638204058739204f0d5f8b2138788d216aec9852
data/raw/0038/0013_pca_mesh.obj,469922,9d610d00ba2a100424c5ac245281cee224e3ba87e8e11d16440d13da33a62443
data/raw/0038/0030.txt,96990,0ad9f96d55820e11d1cfc0e0f486e64e145af0583bfd6a897b54ac7dfe3ba93e
data/raw/0038/0030_pca_mesh.obj,195323,ba4cde46f71bda11a3662c4cc03d30ce65f473082b0b1ae4303b9ed6a393e6d5
data/raw/0038/0142.txt,167558,845aca5b8a462798c7060245f93f84aedf4c611679cbf5eeba9ec2c084fdc8ee
data/raw/0038/0142_pca_mesh.obj,414218,c0c882334233c5eb6ac7959d63354fe5725736b9f85d80bd0fe58e59a7aa5de2
data/raw/0038/0152.txt,155320,487c31673e1f21cb3a7f7a9195601793fb6c007098ea97693bd29c5c4c1782f8
data/raw/0038/0152_pca_mesh.obj,378318,74ad5ebac150c40a2442777c37eca9eaa61d2749a063c2276156d1b9ad2369e7
data/raw/0038/0207.txt,121357,ab10d9d9cea5b03a68766079eaa9c21748597d346117225866e38d5d540e5e9d
data/raw/0038/0207_pca_mesh.obj,250933,7ae22509c0842c8c74e8ce71b614d1363a7b8959ba4f3d36cab3a3653a745db0
data/raw/0038/0237.txt,162646,51382038c7de74e92cefc10c040b3ad43ddced499dfb640b4af4ee69d04f2f3b
data/raw/0038/0237_pca_mesh.obj,327669,2c492b6558f51bf62e8c3a38d528a23e564715d396e6c79d617887f18ccd2197
data/raw/0038/0257.txt,81434,721d56962e7308e84b8564fa562a1916ac5ac55869fb588cccab907c16ff220a
data/raw/0038/0257_pca_mesh.obj,183504,aff3f8ffc612b5cf552c41a6cb647a75a409effcb85344612de8a8b717b67a3e
data/raw/0038/0349.txt,168196,87ac191113a873cc356327ef6f9f5e5218ea220487394c1ee323e421ad2f2312
data/raw/0038/0349_pca_mesh.obj,406855,9639bd93cfe842543f51cecf3e6d1ab69d3ddd7884f97c6da2251b6254c781d4
data/raw/0038/0386.txt,48391,38cce27f8f784939dec83376367434f54cb2f2a0f8201c920c91511c3315c431
data/raw/0038/0386_pca_mesh.obj,109240,f9a7e5bbb810240fa51a915029e972dbe08bb550660ccd8116a57856fd9b5584
data/raw/0038/0420.txt,66154,cface43b3285510e2624b77a7c89b47cadf6a9d2fc311b15f7ecb42d46bc5023
data/raw/0038/0420_pca_mesh.obj,130232,cf75a6e3d1f8444f2f936c4f36629a6d8201747ab214fff6be9f188aa4f718fb
data/raw/0038/0424.txt,83895,5b118ed7bfe0df2d25f63d54c1d3183ad112c3ad443ca025ee2919b3efdd0475
data/raw/0038/0424_pca_mesh.obj,164971,3eaf983a016ce35d84d80c0028ef237829384e94f79efdfc63792e276809ea8d
data/raw/0038/0432.txt,42930,c53a80df9702ae004a210120f6d7f932c90fda4b6b9bfcbc391aa3e39b870f8a
data/raw/0038/0432_pca_mesh.obj,84279,7aebb252afa814ee8773b60504a96a541ff22a977e65fda1f5f5913a34e78c44
data/raw/0038/0476.txt,57549,ab9b80c60f0eff6b5ba3b3a9b1bcae54adf69c4a167263b5013d87bd830a9461
data/raw/0038/0476_pca_mesh.obj,113281,07f136cdafdc975b47b007b45741b2b4a6601f03b620866d8ddc7e02fadcaa00
data/raw/0038/0539.txt,16107,480eab613c9d8777fe519ce3ba0fa5056ca1edc182aa2d2203e0f38829324afd
data/raw/0038/0539_pca_mesh.obj,30033,b4876c4384328f8f8c76c896397283156039e817a3553b33ab8fcd6a3ec8139a
data/raw/0038/0594.txt,107278,1bebb7dd69b52903b25d26e6897c18cd418755b779016b0e82c66f8ac9db57a1
data/raw/0038/0594_pca_mesh.obj,254132,7ec60ed202a9b92c0cf8a31f5c4a72005f111d0dde60141f2bed397f7d501252
data/raw/0038/0627.txt,197330,fbc31ebdf10ff5c77f3fa7c09d1cfb54731e0b54802c156ef4c9d2f0e7545939
data/raw/0038/0627_pca_mesh.obj,480755,1924dc9433e3bec5040283b772ff5859fff0b6daee52a663c30e4aa6561146ce
data/raw/0038/0647.txt,39663,9a26c2c60fe73cc73c4ae3b1bd4710b97f6c302520e45b8d70a588bf6677d4c7
data/raw/0038/0647_pca_mesh.obj,93643,1b9ad3155d933e679c8067df184681a49525b47459dd85896294748b97b278e5
data/raw/0038/0703.txt,79805,eae24db38ae534601b737df981a45e546c8aaca263381d85f9137c412d4577f0
data/raw/0038/0703_pca_mesh.obj,187996,f4eeacaba1505254d3f63fcd38f1716f22d8a68f677d3bb99288e9ba9acf960c
data/raw/0038/0741.txt,110390,4dcf105236ace2c2e9f6fe1f7fa96640c67fff8eca08e622ccab3b48e354c85f
data/raw/0038/0741_pca_mesh.obj,221535,c0b2863ef67f2e14144cdb444b46e5361d9da394eb8c6fb4539f2552a62f2ef5
data/raw/0038/0776.txt,185958,f2531cf9e4eaaa965a1bed742ec680a0a5093e018709dc57c51deb72515f7d1e
data/raw/0038/0776_pca_mesh.obj,378487,6dbb9b2bd25449cda7514f12089426739379311ae429babd0b253dcb766fba03
data/raw/0038/0826.txt,169622,79a7a91f06aa2f79bc2d1a794a0c6539df51a932ef68e8905cb5a5aff5846e75
data/raw/0038/0826_pca_mesh.obj,341848,6123ab951f7ff97676379c0796232c1345e251191566cd7dc65bc7e3e48ea99a
data/raw/0039/0006.txt,110635,ba9113e0dda1cd17d61fd9da0cc0c2da261d0688de1e6dd11d27bb2becdae9aa
data/raw/0039/0006_pca_mesh.obj,256791,0a14451d40228949f06229ee0a700207c8f8cf7f3bbd5fb709f52168ad7262f9
data/raw/0039/0078.txt,64899,265067e5a29a7fe1e777f727e6f65bd1697f76d3eb6c1757c440e584ebb00e3e
data/raw/0039/0078_pca_mesh.obj,126596,04c8719553d058b643c876a7c4afe82d3e75a9d41ccea5ca64bd57538495e623
data/raw/0039/0124.txt,184645,e5be95bbd7b7e9b5b61ee35ee9b582f048c920b803357ba172139a45763438eb
data/raw/0039/0124_pca_mesh.obj,438538,945b002522ce9dcece17ad4dad18156a1bda481bb8435b8c0081a5d6a717f36a
data/raw/0039/0147.txt,97079,2992d75557acf175d21354cc3fd10a8d3fc1e7dbb01aea5137f7efc70bbfa54e
data/raw/0039/0147_pca_mesh.obj,224276,35798011a6dfa0d7246f59733e61489d81fe024a3fd0419c9339ab1097c815dd
data/raw/0039/0200.txt,227983,2030f9cca63480022ff4a17da0fd2a09d9171134870b468c99420b1ae0947d59
data/raw/0039/0200_pca_mesh.obj,481681,4d8eb1715cb53ac9a9197eafc7f611fc1e5584994206998c55a460ec3299c2a3
data/raw/0039/0226.txt,265651,d9e3aa757c66acd35b7c58d57e03b80aeaac4c3a7f05df7e2b828cb12865afd1
data/raw/0039/0226_pca_mesh.obj,549293,e41a588d2d4c3cf52a914ee0485daa5d963ca4348ec89ec70f16df5866ad901a
data/raw/0039/0284.txt,42545,263e05860aa41300a05864d44b7df386d75794d3a793592be0715837d97e3abe
data/raw/0039/0284_pca_mesh.obj,83463,4df81a38f5319ab8796fcf408fbf86ea0751c7984aa2387e1c861a124c0d13d8
data/raw/0039/0319.txt,54427,093beaa1161bf13fa628b576b5e99a1f32861dd1634e2303a579f235e6c8c8d1
data/raw/0039/0319_pca_mesh.obj,107591,66e1e164120380d9c1064cb01df093b34fe4a3f428baddac5aa87a95bf4103a7
data/raw/0039/0387.txt,46180,65b649c588decd578b6ccb79d9fc840fc1b09bfb1bcf88f91a436c53eb92c25c
data/raw/0039/0387_pca_mesh.obj,104696,7cba2ccd0afbd8798e9f59c68969d5d9b399e51b879beb1ca445473539adf801
data/raw/0039/0410.txt,72282,73154d3e457d8b37eb8c569009b2e9420eb15a65a9b44e23b401381e01d9b980
data/raw/0039/0410_pca_mesh.obj,140340,680a5695f0a5e80c8fa2138a0bc7a57f0c0d275478f14ce2b23dbb78bbf810e0
data/raw/0039/0474.txt,72166,7cb846bd2f4f5f90200ea00cde0eb9f5b9ea91f866652878ffefc486db458d14
data/raw/0039/0474_pca_mesh.obj,142458,2ceae3cf78a0fe9fbf3822d097284dd54d9399f1b9edbf1a150fc441d18b119a
data/raw/0039/0493.txt,176016,4e88925936e7bc79adcbb0d09008701574bf9a123f9bdc8ee335a45a20183618
data/raw/0039/0493_pca_mesh.obj,422636,6e9f851565c6f2457f814956b8d0d82e6a58d1e445d48bf8dbdc83f2542daffe
data/raw/0039/0506.txt,52749,de821bf78ea7637d589137dbee59d5f1d408fbc61d580c0860c0fbe35e474834
data/raw/0039/0506_pca_mesh.obj,121930,952acc557cf100d1c4242b08c4cea7d3cbf04d733555c7ae41ccbbf1889a40ea
data/raw/0039/0521.txt,61596,d56ca629923db48a00164273a5d95cb8fb2de0a4c3f74072527416bc5a4ddc88
data/raw/0039/0521_pca_mesh.obj,118560,160a37831cec173b696403f14422d71ce77f641826fbe5f8e69269a1e9029eb0
data/raw/0039/0604.txt,77333,3f9e4d8520a0cbb7787dd5f3896157db8a09463419b200662053ba34e0257166
data/raw/0039/0604_pca_mesh.obj,181022,ab3a0e61b16191af6823abebf0b6b39bc4b6ff14382d4b10a3355fde55277882
data/raw/0039/0610.txt,195382,9bbbab3cf0bf82e53ecefcac0e7fb7a30f5ca3a319bce2931fe1084d8b56b91f
data/raw/0039/0610_pca_mesh.obj,468241,c72c087198363c6f1d6690205c7a84beaa13ddc11a3bdcb53bc9f33b7cced150
data/raw/0039/0635.txt,19901,b5d6c91c65df0aa50b0799ad05f366f5401b749361ac85083c374d9229fab344
data/raw/0039/0635_pca_mesh.obj,44088,a2aebfdeb903a40e9aff38cee61fb399f891a44c62497d2431286fca74d7c256
data/raw/0039/0662.txt,81218,b936a6f6ca84cf88185bf951d487b29fc48ceaebe73d9606c70734debbd5024d
data/raw/0039/0662_pca_mesh.obj,192712,a995c77e99247208dfbd15df1d1be37ce2c8508a3cd6dd13789366d6c16b2333
data/raw/0039/0737.txt,112359,15ba532955b1022a6c31ecf31ab52709ee38e01f7b18e0bb8568d40828d322ce
data/raw/0039/0737_pca_mesh.obj,222901,417b1788045928e471144799a0c39510f0721feeca1f3029d7e2cb4ba4416f7e
data/raw/0039/0777.txt,133580,0c5515bf709d55c45cf838c207faa837dc4266f2ba61fe71bb52b22f28e68c07
data/raw/0039/0777_pca_mesh.obj,268586,54dce80596b6d511b0930b8aa938d028024afb646558d96d8c7fbc645f53473f
data/raw/0039/0838.txt,275794,173dc3633c13f648a634bbdbf3f2218349ae04c1576e9269023c7346f92f3d8a
data/raw/0039/0838_pca_mesh.obj,573768,33f1b70f0464c2ad864bce391c04eba41402d0ff71b89d02ac5d9bf64298067b
data/raw/0040/0025.txt,144357,d8923aee59464dc9a6811dd3fc396e02890f62b58b628664ccc4f8a6f4eaafd3
data/raw/0040/0025_pca_mesh.obj,292864,63ab73a3e2a204bab1b4db54a37cac77c9862efd04c442112605fc5ae08971db
data/raw/0040/0082.txt,119696,3b8259a1728ebc97bc2b31074a69ce8cc0dfd13f1853a1ef803c1e902498d0f4
data/raw/0040/0082_pca_mesh.obj,280534,1df91d6ff122f1f416aed4b0d6fd94c8fb4f22e7c22c4a429cee33555aa05dbf
data/raw/0040/0125.txt,292268,4f2cb4512cad868ca3aa6cb3d8f902ed690ddb9843e1e9548d97f9b43aaa14a9
data/raw/0040/0125_pca_mesh.obj,703862,bceec52498720d26714df1790ebeeef74013510cf570f824b4683c4bb2ba6072
data/raw/0040/0166.txt,135569,82e198832fc53228844d51966872d07808aec11ec1211cba98a18466dbd5ea16
data/raw/0040/0166_pca_mesh.obj,280310,957494d2e3a89253e81f255596e61936f644c90ab9bccae14323d83216b66f0f
data/raw/0040/0208.txt,90484,27883d21947fca626e2cbd73031e1ae3c508219f85b2bb6dbc78771d710ef3f6
data/raw/0040/0208_pca_mesh.obj,177977,9b0952b7f92d23d7b69df0a71040fb4088a4fabed29784bfb117e70bc324e493
data/raw/0040/0220.txt,622279,6006e854d8fad5d7daf79e6c0bd33685d177d6b7f9b2374c85eef8837dfe4a8c
data/raw/0040/0220_pca_mesh.obj,861385,9bb8de3e830d285faad65395394123069107dc4fa82193366fa45ccf35852f26
data/raw/0040/0253.txt,111396,2236b20a292b4f7f7be244f043631565d0267d4b345132a14a1e86df9b64520e
data/raw/0040/0253_pca_mesh.obj,261332,0b43324d5e4aef930a81645ef82452f64708f075f3585253aa4a6556829f0f87
data/raw/0040/0290.txt,79139,da503f920c43302bdac21174ac97f79c80ebbe040be2e172e0394e2ab27f9fce
data/raw/0040/0290_pca_mesh.obj,151652,cb7d282cab9b23e2517e7fb2797af07986d729bea1a9731d13de015fec4e6278
data/raw/0040/0312.txt,107079,19355d45aaf28ba9207a50ee5dda4dc42bfcacf7252122194c891b67fb088408
data/raw/0040/0312_pca_mesh.obj,217611,4fc47e74a36600588b43232787f23eff5c1dd07a2150007f6f9d4d24b5712f7d
data/raw/0040/0377.txt,56756,375360170bee8f960afd822b68a19e0302a9393c339a53fa478b11252798a55a
data/raw/0040/0377_pca_mesh.obj,128798,ad9cafb7ef1adde69726a32306cdc6f896db59add7deec6a90688d9e45284e5e
data/raw/0040/0393.txt,156192,3ff912a2663b5207d247c57eb0756d464bb1a4fa4c9dddf4c67fc955f9225852
data/raw/0040/0393_pca_mesh.obj,374272,b04a7a08c8c03543da76c9c5e4e70ac315ae75d7098aee339a27afb2de3ca1c0
data/raw/0040/0398.txt,120598,fd1102b44a970ecc613af408790b81d0ef8091547cade907728330a7c91dd6c9
data/raw/0040/0398_pca_mesh.obj,284728,589ddd6b001fa12d4600f92a0cd8069ede358661a020a113bc73a9c827cf14e6
data/raw/0040/0462.txt,110815,b93cfb7d68124d1fddbfa3502edd73ed3e40395ab9f12c6567a2c5ae131b89a2
data/raw/0040/0462_pca_mesh.obj,222077,1e5a1892b16b970e26aa247a32d0e68ec8ef678a065b07fe5821ea31c9e4860a
data/raw/0040/0558.txt,68740,50447b6f85fb6fdacad1a6cfb9cf782b44c4e8a7e9a26525dde09f631bafea42
data/raw/0040/0558_pca_mesh.obj,135281,8721b1bbd2f62493b486367380d46f2396ce0b0adcf7a8e5e559b4f65f6c4001
data/raw/0040/0569.txt,30297,8dbcbaa40c2850737d883b50425b6bc31727385da6df131a5b8b064d99d50c04
data/raw/0040/0569_pca_mesh.obj,57826,6ed6aaab702331e0a7095941e1fa59e96d3ff4a4e24bc8c8d329ba4e8525bf7f
data/raw/0040/0643.txt,44191,6faaf85c563ec8b6623914bcc19d2003ada6e0914b9325fce624f8442fa59494
data/raw/0040/0643_pca_mesh.obj,103992,18b4c3c8f3318d9de302ffff23662b4fcff83ee5f796b7fcd077c9ed8bedb988
data/raw/0040/0678.txt,111265,854bb79317a5625b13090d253953507a781fa89916213bf6bc14da00f598f7d0
data/raw/0040/0678_pca_mesh.obj,267422,a0c2608d523a39ff510e6ded924858aacdf5868ed5e8275204bf84efaecd2d3d
data/raw/0040/0725.txt,115158,26f830c33cedc4b34b162f4ebd9f75b6dea7e872351cb5888e00a247d6f0c2a3
data/raw/0040/0725_pca_mesh.obj,237300,58eedd36037de77b8f229f664cfd885c0424b868ab8add16678025b3cf6cb2d6
data/raw/0040/0760.txt,411825,e58a57ea404be4b61108321bf9e52b6153943024a65f14b97a70bd3e63cdee38
data/raw/0040/0760_pca_mesh.obj,769429,d31ac5cf7267f4340ba30985f9c7304d6d5636cc898189236447d983fae0843f
data/raw/0040/0813.txt,99637,97ad388e3e2390a24bc3d3b5487c72b0737da40d0d4947c49c360442d18075df
data/raw/0040/0813_pca_mesh.obj,199479,58f2fac66ef3a03c894578e32058d6c0a12c42a0b56c5d4ec3f3659e67e7d5c0
data/storage_manifest.csv,2247,db819b2df284ea14f28b4e3be4bcf67bee82440c0720e34cefb211cd8135e5b7
requirements.txt,56,4df68b93c2ea51189815c6b3d3e7a96a640759b91b79a0cdbe5f6064d8587f73
results/area/four_method_area_scatter_with_equations.pdf,344059,71f1dbe8114c39b2a6cfe96c3bb8f7f2fad19719b04c079a9940acdb523a44e0
results/area/four_method_area_scatter_with_equations.png,1256470,d918bd2a8ffdc1f3c7dbd00d1a263e4ffbd420e18581cf77a4a1ef7973f3b35e
results/area/four_method_area_scatter_with_equations.svg,412108,cfb949fea6d4bd0cb6c392e0535c2873130ebc20fc6f0a7ffb4cd081722a7b33
scripts/baseline_core.py,27661,91ea64bfb23ffb99bb6d18cf61d857c121e9da59ff4475bba0b7c66a8a3bf1cf
scripts/pca_reconstruct.py,35740,4690f358e8dc60b505befac8520de06068480c9fc015e2e4360fc75817178118
scripts/plot_area_regression.py,9345,5214e252e83c2946147dafd31c0ff031ed5da95f51e2e5db991067c939486532
scripts/plot_style.py,474,34ddf7b1bb256e4564d524245b586f6ebee9194f9a884de8188b5e4e49f6372a
scripts/recalculate_areas.py,2795,c2931b9bde1ad8c99482d92f07bf72130e4b7d27021404a1dd50ae51e2b6576d
scripts/reconstruct.py,3328,505c516fab4fad92aa582c35315acff9059606cf9a57e209025d83b5e411e86c
scripts/validate_release.py,3503,692f76b2f95596c8501ba8fc8c3e1b9642b3fa7bbfc234d259f8bb749c733da9
