0.226229 0.981780 -5.830566 97 108 79 0 -0.595846 0.538456 0.595846
-0.013890 0.627806 -5.778226 71 90 60 0 0.792474 -0.371322 -0.483843
0.396741 0.883034 -5.498716 102 133 84 0 0.861339 -0.346693 -0.371347
0.207344 0.738423 -5.642788 128 188 95 0 0.466911 -0.563975 -0.681121
-0.005256 0.471864 -5.556993 161 213 114 0 0.133973 -0.007750 -0.990955
0.029278 0.841485 -5.902872 135 143 116 0 0.652047 0.175610 0.737561
0.417785 0.680687 -5.394035 158 206 126 0 0.599259 -0.174468 -0.781313
0.319579 0.968829 -5.660055 183 222 186 0 0.722880 -0.483582 -0.493552
0.128023 0.591114 -5.580195 106 168 70 0 0.387764 -0.655074 -0.648473
0.142053 0.835550 -5.770132 159 179 131 0 0.618578 -0.428503 -0.658594
0.294758 0.686622 -5.508969 140 205 110 0 0.690301 -0.387161 -0.611221
0.070287 1.003363 -5.904490 135 166 108 0 0.294678 -0.404609 -0.865711
0.315262 0.826916 -5.607175 141 191 60 0 -0.736119 0.410053 0.538503
0.089712 0.707666 -5.723727 125 186 95 0 0.579901 -0.310030 -0.753390
-0.007954 0.581401 -5.642788 113 171 59 0 0.223719 -0.841609 -0.491573
0.120469 0.476720 -5.499795 128 184 92 0 -0.373353 0.552693 0.745076
0.252130 0.888430 -5.733439 122 170 61 0 -0.771227 0.294179 0.564506
0.004457 0.742200 -5.829487 140 198 110 0 0.648090 -0.496589 -0.577390
0.368682 0.772957 -5.457707 152 205 145 0 0.746921 -0.215846 -0.628904
0.335227 0.594352 -5.426411 114 175 72 0 0.269102 -0.286371 -0.919552
0.101044 0.907855 -5.845135 122 160 94 0 0.182790 -0.658966 -0.729624
0.219754 0.605683 -5.521919 98 109 48 0 0.253054 -0.762304 -0.595698
0.349257 0.931058 -5.572101 121 151 120 0 0.612638 -0.652702 -0.445707
0.142053 0.665578 -5.644407 123 185 84 0 0.624566 -0.594263 -0.506723
0.281268 0.982319 -5.753944 149 167 138 0 0.070753 -0.648328 -0.758067
0.205725 0.815045 -5.696747 135 195 93 0 0.539238 -0.307000 -0.784202
0.066510 0.815585 -5.821393 118 176 88 0 0.663701 -0.427496 -0.613798
0.276951 0.745438 -5.578037 136 196 109 0 0.761111 -0.414110 -0.499223
0.174429 0.918108 -5.791716 133 193 94 0 0.589880 -0.357849 -0.723869
0.055178 0.632663 -5.687035 123 178 96 0 0.705763 -0.430100 -0.562950
0.068129 0.530680 -5.554295 119 184 70 0 0.355014 -0.672399 -0.649495
0.212200 0.670434 -5.587210 245 197 199 0 0.719012 -0.386654 -0.577513
0.057876 0.921345 -5.926614 114 162 67 0 -0.165337 0.293781 0.941465
0.145290 0.992032 -5.855927 129 174 95 0 0.666054 -0.706994 -0.237764
0.347098 0.818283 -5.528934 155 214 140 0 0.776466 -0.514954 -0.363212
0.348178 0.683924 -5.444757 130 182 105 0 0.561933 -0.213996 -0.799022
0.285585 0.892207 -5.657357 151 209 130 0 0.769965 -0.364720 -0.523576
0.169572 0.539853 -5.502493 129 164 85 0 0.514051 -0.480779 -0.710355
0.422102 0.767022 -5.399971 180 218 139 0 0.516036 0.191069 -0.834985
0.147988 0.765942 -5.716173 120 176 88 0 0.619641 -0.468509 -0.629717
0.106979 0.763784 -5.779845 117 170 80 0 -0.600841 0.727163 0.332001
0.393503 0.842565 -5.435044 165 212 173 0 0.921636 -0.318643 -0.221479
-0.024681 0.576006 -5.715633 97 110 91 0 -0.576928 0.807109 0.125419
-0.036013 0.531219 -5.590447 93 122 63 0 -0.030609 -0.427199 -0.903639
0.060574 0.580322 -5.610412 115 178 61 0 0.403913 -0.713854 -0.572072
0.280189 0.617015 -5.479831 137 195 81 0 -0.612056 0.500773 0.612056
0.253209 0.796699 -5.638471 162 191 132 0 0.854344 -0.370577 -0.364375
0.036293 0.703889 -5.776067 142 202 112 0 0.710166 -0.473998 -0.520567
0.053560 0.454597 -5.507890 116 144 70 0 -0.315485 0.001237 -0.948930
0.328213 0.752453 -5.512206 152 210 140 0 0.769480 -0.340378 -0.540410
0.003917 0.670974 -5.827329 151 170 115 0 -0.727252 0.133455 0.673271
0.114534 0.952102 -5.899095 113 162 71 0 -0.308848 0.465623 0.829342
-0.005256 0.801016 -5.866179 78 130 51 0 0.427573 0.166681 -0.888481
0.226229 0.942929 -5.762578 127 182 93 0 0.405858 -0.334327 -0.850591
0.279649 0.938073 -5.701064 142 198 124 0 0.804600 -0.372707 -0.462285
0.189537 0.871163 -5.750707 126 173 100 0 0.737617 -0.453791 -0.499995
0.381632 0.633202 -5.412921 147 175 110 0 0.587425 0.006846 -0.809250
0.150686 0.717379 -5.677322 123 183 90 0 0.529882 -0.483078 -0.697037
0.256986 0.651009 -5.540805 124 178 67 0 -0.640181 0.370285 0.673095
0.337386 0.869544 -5.569943 144 202 125 0 0.820123 -0.182753 -0.542218
0.030357 0.654247 -5.741533 154 214 122 0 0.649818 -0.633199 -0.420471
0.262382 0.836629 -5.683258 102 149 44 0 -0.907075 0.095264 0.410048
0.288283 0.558199 -5.436124 109 171 78 0 0.387195 -0.142206 -0.910965
0.178206 0.622411 -5.574259 116 177 81 0 0.459594 -0.586610 -0.666830
0.102123 0.622950 -5.635233 147 176 107 0 0.403157 -0.655337 -0.638747
0.331450 0.904078 -5.622283 160 209 65 0 -0.759391 0.064598 0.647420
0.058416 0.862530 -5.855388 125 181 91 0 0.530701 -0.655374 -0.537440
0.049243 0.762165 -5.799270 126 189 85 0 0.625127 -0.381014 -0.681207
0.311485 0.788066 -5.562388 160 209 141 0 0.862261 -0.198067 -0.466127
0.123167 0.542011 -5.535409 108 171 68 0 0.452909 -0.532542 -0.715033
0.169033 0.490750 -5.474435 127 153 102 0 0.419692 -0.735696 -0.531610
0.023342 0.544170 -5.588289 107 167 49 0 0.110711 -0.653934 -0.748407
0.244036 0.711983 -5.609873 127 177 65 0 -0.783393 0.125876 0.608647
0.124246 0.873321 -5.807903 142 172 109 0 0.635761 -0.223376 -0.738858
0.382712 0.723315 -5.426950 141 194 107 0 0.563307 -0.127957 -0.816280
0.102663 0.672593 -5.681639 129 191 92 0 0.682039 -0.484298 -0.547977
0.167953 0.579243 -5.540265 123 186 80 0 0.459961 -0.516418 -0.722321
0.242957 0.578164 -5.475514 153 212 145 0 0.793821 -0.347998 -0.498744
0.156082 0.909474 -5.841358 123 176 59 0 -0.892458 0.419556 0.165804
0.177126 0.967750 -5.818695 115 173 90 0 0.315325 -0.545817 -0.776308
0.009313 0.615935 -5.704301 135 193 92 0 0.568606 -0.774507 -0.277175
0.046545 0.804254 -5.867798 127 182 63 0 -0.767656 0.412350 0.490583
0.275332 0.695795 -5.559151 132 180 75 0 -0.453061 0.492601 0.743021
0.372999 0.822600 -5.477672 168 227 151 0 0.808734 -0.365286 -0.460994
0.185760 0.690939 -5.624981 127 189 101 0 0.594763 -0.497040 -0.631830
0.316881 0.656405 -5.472816 146 199 73 0 -0.728220 0.608734 0.314862
0.170651 0.815585 -5.732360 116 175 80 0 0.577091 -0.371104 -0.727494
0.034674 0.894366 -5.892080 150 200 105 0 0.634310 -0.322833 -0.702446
0.189537 0.751373 -5.693510 141 192 79 0 -0.151444 0.507264 0.848380
0.256447 0.962354 -5.796572 138 187 82 0 -0.110258 0.618912 0.777683
0.080000 0.495606 -5.520840 114 177 66 0 0.419906 -0.397553 -0.815862
0.344940 0.726552 -5.469039 146 201 134 0 0.840189 -0.451931 -0.299735
0.377316 0.904078 -5.538107 125 162 107 0 0.570300 -0.298728 -0.765192
0.290981 0.779432 -5.609873 131 180 55 0 -0.380417 0.819728 0.428169
0.146370 0.632663 -5.608793 116 173 73 0 0.473857 -0.507110 -0.719930
0.073525 0.736804 -5.758801 124 185 89 0 0.676068 -0.398368 -0.619867
0.070287 0.940231 -5.884526 137 195 108 0 0.626716 -0.275883 -0.728777
0.036832 0.496685 -5.542424 115 177 63 0 0.309082 -0.475390 -0.823695
0.043847 0.966671 -5.930391 94 128 72 0 -0.102570 0.451026 -0.886597
0.275332 0.839867 -5.637931 142 199 119 0 0.712239 -0.332595 -0.618139
0.098885 0.810189 -5.787939 129 189 100 0 0.784215 -0.110349 -0.610599
0.217056 0.782130 -5.664371 129 191 97 0 0.673853 -0.405636 -0.617561
0.037911 0.604064 -5.654659 105 166 64 0 0.206730 -0.800887 -0.561999
0.220294 0.861450 -5.714014 133 191 94 0 0.670510 -0.466514 -0.576872
0.089173 0.564674 -5.576958 117 176 67 0 0.268522 -0.618078 -0.738834
0.305010 0.975844 -5.706999 62 77 59 0 0.347327 -0.798692 -0.491380
0.306629 0.728171 -5.547820 118 169 62 0 -0.831167 0.261578 0.490652
0.394043 0.797778 -5.426950 160 219 143 0 0.791963 0.103936 -0.601658
0.201948 0.501542 -5.436663 51 73 40 0 0.436469 -0.865386 -0.246174
0.248892 0.756230 -5.615808 130 190 101 0 0.553358 -0.377067 -0.742708
0.327133 0.951562 -5.619586 186 238 190 0 0.816511 -0.522133 -0.246348
0.362207 0.859832 -5.532171 161 219 139 0 0.746972 -0.366163 -0.554940
0.025501 0.765403 -5.864561 121 168 71 0 0.770130 0.263010 0.581141
0.131801 0.796699 -5.751786 126 187 93 0 0.500184 -0.428026 -0.752735
-0.038711 0.553343 -5.628758 70 82 73 0 -0.494115 0.867137 -0.062634
0.132880 0.946706 -5.842977 123 181 93 0 0.436226 -0.323651 -0.839617
-0.039790 0.583560 -5.675163 116 152 89 0 0.000978 -0.999999 0.000978
0.251590 0.880876 -5.690272 144 204 110 0 0.525108 -0.572385 -0.629792
0.040070 0.720077 -5.816537 131 180 58 0 -0.101836 0.212473 0.971846
0.303391 0.870623 -5.619586 148 208 127 0 0.824750 -0.339046 -0.452587
0.070287 0.685003 -5.756103 118 172 57 0 -0.196853 0.268436 0.942969
0.111296 0.744359 -5.732900 130 193 93 0 0.594744 -0.371920 -0.712710
0.063272 0.666657 -5.712935 131 192 100 0 0.508908 -0.502234 -0.699123
0.206804 0.552263 -5.484148 131 162 92 0 0.601974 -0.474536 -0.642217
0.344940 0.641836 -5.433965 122 185 85 0 0.585116 -0.260227 -0.768063
0.106979 1.003903 -5.882367 105 126 99 0 0.094991 -0.935192 -0.341164
0.001759 0.508556 -5.577497 125 179 90 0 -0.245020 0.560268 0.791242
0.419404 0.722235 -5.402669 136 196 83 0 0.515959 -0.023143 -0.856301
0.383251 0.681226 -5.418317 132 193 92 0 0.523040 -0.191429 -0.830533
0.339004 0.827456 -5.571022 144 196 63 0 -0.793784 0.244841 0.556740
0.208962 0.970988 -5.791716 127 183 89 0 0.365373 -0.396735 -0.842083
0.258605 0.948325 -5.737216 125 179 95 0 0.467940 -0.659141 -0.588698
0.185760 0.983398 -5.858086 145 173 94 0 -0.406185 0.684711 0.605132
0.104821 0.983398 -5.924456 130 140 94 0 -0.673424 0.633907 0.380344
0.350336 0.783209 -5.496558 160 220 151 0 0.861002 -0.276805 -0.426678
0.212200 0.633742 -5.554834 113 146 77 0 0.570951 -0.668063 -0.477187
0.032515 0.789145 -5.832185 125 185 89 0 0.562676 -0.404269 -0.721084
0.300693 0.604064 -5.447455 118 181 79 0 0.506091 -0.330476 -0.796654
0.307168 0.931058 -5.653580 162 218 136 0 0.783986 -0.389569 -0.483324
0.163097 0.881415 -5.779845 128 187 90 0 0.688055 -0.451484 -0.568104
0.324975 0.711983 -5.501414 127 182 56 0 -0.841609 0.223719 0.491573
0.005536 0.662340 -5.784161 159 218 135 0 0.741628 -0.490565 -0.457530
0.274253 0.651009 -5.504652 143 192 116 0 0.700373 -0.437525 -0.563958
-0.009033 0.592733 -5.748009 124 164 82 0 -0.435909 0.870319 0.229189
0.088633 0.866307 -5.830027 126 184 101 0 0.593290 -0.404891 -0.695752
0.179285 0.653707 -5.601239 137 201 76 0 0.603769 -0.539502 -0.586857
0.000140 0.550105 -5.620665 134 195 100 0 -0.751447 0.656618 0.064656
0.217056 0.902459 -5.743692 131 189 100 0 0.514954 -0.363212 -0.776466
0.043307 0.868465 -5.926614 117 129 94 0 -0.998089 -0.047730 0.039245
0.097267 0.593273 -5.602858 117 178 69 0 0.492552 -0.603503 -0.627038
0.197091 0.517190 -5.471197 106 166 76 0 0.340781 -0.349950 -0.872584
0.069747 0.905157 -5.866719 145 203 104 0 0.538895 -0.420239 -0.730063
0.135038 0.511254 -5.506271 110 172 64 0 0.364162 -0.420914 -0.830793
0.389726 0.856054 -5.471197 170 229 157 0 0.851270 -0.438720 -0.287862
0.120469 0.714141 -5.702682 127 189 95 0 0.605085 -0.605085 -0.517440
0.197631 1.002284 -5.817616 153 168 135 0 0.593150 -0.307024 -0.744251
0.147449 0.954800 -5.875892 113 163 60 0 -0.246531 0.221740 0.943427
0.177126 0.790764 -5.705920 129 190 103 0 0.563958 -0.437525 -0.700373
0.031976 0.838788 -5.865100 128 187 89 0 0.371766 -0.396864 -0.839219
-0.000400 0.708206 -5.842437 73 82 63 0 -0.650710 0.427705 0.627411
0.278570 0.898143 -5.708079 139 190 59 0 -0.843198 0.380143 0.380143
0.010392 0.703350 -5.803047 137 196 106 0 0.626037 -0.300949 -0.719380
0.252670 0.612158 -5.507350 137 188 77 0 -0.572100 0.704761 0.419540
0.045466 0.751373 -5.834343 128 181 85 0 -0.744588 0.268306 0.611229
0.000140 0.629965 -5.811680 63 74 47 0 0.746964 0.278718 0.603623
0.178206 0.718458 -5.654119 126 188 93 0 0.636036 -0.373075 -0.675480
0.194393 0.575466 -5.516523 123 185 86 0 0.571733 -0.534629 -0.622329
0.337925 0.782130 -5.539186 148 196 63 0 -0.878012 0.371525 0.301769
0.248892 0.684464 -5.580195 125 178 63 0 -0.616968 0.650408 0.443080
-0.003098 0.595971 -5.674624 119 177 81 0 0.449835 -0.784369 -0.427099
0.029278 0.582481 -5.626600 109 169 58 0 0.173601 -0.801582 -0.572127
0.283426 0.813427 -5.615269 142 201 127 0 0.790637 -0.307028 -0.529743
0.088094 0.771878 -5.808443 118 175 59 0 -0.815475 0.317041 0.484237
0.192775 0.605683 -5.546201 116 179 82 0 0.548671 -0.572306 -0.609447
0.239180 0.992032 -5.789557 130 168 84 0 0.326476 -0.635086 -0.700056
0.087554 0.463770 -5.508429 141 200 97 0 -0.220462 0.705167 0.673896
0.195473 0.838248 -5.723187 123 182 92 0 0.666909 -0.427421 -0.610363
0.056797 0.553343 -5.582893 119 177 64 0 0.213162 -0.642599 -0.735954
0.075683 0.953181 -5.930391 115 139 64 0 -0.798609 0.023611 0.601387
0.083777 0.635361 -5.661674 125 186 95 0 0.462354 -0.682681 -0.565841
0.260224 0.532838 -5.469039 152 162 128 0 -0.157719 -0.853449 0.496740
0.112915 0.964513 -5.864561 130 187 92 0 0.563613 -0.355709 -0.745528
0.269937 0.583020 -5.455009 113 174 86 0 0.482773 -0.277866 -0.830494
0.020644 0.459993 -5.538107 131 159 110 0 -0.102444 0.442052 0.891120
0.386489 0.763784 -5.430188 144 204 123 0 0.681738 -0.126800 -0.720524
0.267778 0.863609 -5.661674 141 201 116 0 0.817536 -0.324168 -0.475973
0.326594 0.690399 -5.470118 138 198 118 0 0.688868 -0.340362 -0.640012
0.072445 0.606762 -5.633615 102 165 60 0 0.293963 -0.714829 -0.634511
0.329831 0.896524 -5.589368 156 210 146 0 0.920121 -0.191397 -0.341678
0.115073 0.843104 -5.796032 126 187 100 0 0.611529 -0.181476 -0.770129
0.128563 0.568991 -5.554834 117 166 74 0 0.469350 -0.509153 -0.721439
0.215438 0.949944 -5.817077 128 178 84 0 -0.541409 0.732301 0.413051
0.139895 0.902999 -5.808982 130 188 90 0 0.626419 -0.333548 -0.704518
0.153924 0.935914 -5.819235 130 188 97 0 0.633168 -0.261836 -0.728382
0.198710 0.940231 -5.781463 131 188 99 0 0.610370 -0.158244 -0.776149
0.233244 0.822600 -5.675163 137 198 107 0 0.713854 -0.403913 -0.572072
0.096187 0.934835 -5.863482 110 166 82 0 0.649495 -0.355014 -0.672399
0.130182 0.688241 -5.673005 126 174 88 0 0.476856 -0.563861 -0.674291
0.248353 0.918647 -5.721569 136 194 112 0 0.738465 -0.285497 -0.610869
0.037911 0.522586 -5.563467 114 176 63 0 0.269285 -0.651701 -0.709064
0.001219 0.621871 -5.737756 140 201 112 0 0.564583 -0.668452 -0.484167
0.374618 0.849579 -5.499256 166 223 152 0 0.773329 -0.513932 -0.371263
0.212200 0.715760 -5.620125 155 180 117 0 0.625759 -0.548171 -0.554918
0.155003 0.546328 -5.531092 145 208 99 0 -0.783986 0.483324 0.389569
0.306089 0.755150 -5.567784 139 182 78 0 -0.603167 0.452793 0.656634
0.103202 0.517729 -5.525156 111 171 71 0 0.374073 -0.467190 -0.801126
0.137736 0.883034 -5.841358 102 151 57 0 -0.397181 -0.445421 0.802401
0.062733 0.970988 -5.905030 136 179 113 0 0.324279 -0.183898 -0.927914
0.167953 0.847961 -5.754484 128 188 92 0 0.558331 -0.406808 -0.723031
0.073525 0.986636 -5.931470 138 138 126 0 0.070782 0.996392 0.046825
0.333069 0.850119 -5.594764 150 196 69 0 -0.846564 0.268872 0.459388
0.017407 0.801016 -5.888303 125 142 102 0 0.191180 0.375172 0.907026
0.111296 0.654247 -5.657357 114 171 80 0 0.548671 -0.609447 -0.572306
0.074064 0.764324 -5.779845 118 178 89 0 0.655113 -0.513649 -0.554068
0.123707 0.611079 -5.605556 114 175 73 0 0.592772 -0.672921 -0.442492
0.300693 0.806412 -5.588289 150 211 128 0 0.801998 -0.271518 -0.532050
0.249432 0.971527 -5.767434 135 193 86 0 0.270004 -0.579482 -0.768959
0.191156 0.898143 -5.766355 112 158 82 0 0.659755 -0.388577 -0.643220
0.401597 0.655865 -5.403748 127 189 88 0 0.507107 -0.110615 -0.854755
0.035213 0.638598 -5.715093 136 197 109 0 0.596999 -0.676821 -0.430704
0.043307 0.940771 -5.907188 149 190 130 0 0.559451 -0.623678 -0.545930
0.300693 0.954800 -5.684876 160 217 142 0 0.707028 -0.574564 -0.412295
0.254288 0.716839 -5.581274 137 198 111 0 0.633073 -0.410417 -0.656335
0.090252 0.836629 -5.812760 120 181 91 0 0.587385 -0.411997 -0.696589
0.232165 0.657484 -5.557532 101 141 77 0 0.458842 -0.347704 -0.817659
0.403756 0.823139 -5.412921 143 174 142 0 0.888679 -0.276312 -0.365926
0.156622 0.743819 -5.691351 126 186 98 0 0.531262 -0.578486 -0.618963
0.365445 0.738423 -5.446916 145 206 130 0 0.832479 -0.181495 -0.523487
0.104281 0.786447 -5.759340 120 179 98 0 0.810228 -0.078872 0.580783
0.302852 0.632663 -5.460405 134 189 108 0 0.401478 -0.315337 -0.859871
0.172810 1.002284 -5.834883 125 139 122 0 0.737810 -0.493524 -0.460512
0.283426 0.878178 -5.685956 145 195 62 0 -0.819004 0.317187 0.478147
0.050862 0.829614 -5.843516 123 183 95 0 0.412461 -0.396536 -0.820144
0.297995 0.702270 -5.535409 128 182 60 0 -0.734757 0.450761 0.506900
0.351955 0.893826 -5.560230 156 210 135 0 0.783691 -0.119546 -0.609538
-0.026300 0.501542 -5.569943 61 109 28 0 -0.143673 -0.825010 -0.546550
0.001759 0.733567 -5.858086 149 203 84 0 0.642023 -0.104310 0.759556
0.063272 0.788066 -5.804666 130 190 93 0 0.679502 -0.370189 -0.633434
0.126405 0.639678 -5.631456 121 184 81 0 0.458484 -0.561852 -0.688560
0.047624 0.736265 -5.785241 130 188 95 0 0.704008 -0.387452 -0.595192
0.143132 0.477800 -5.479831 101 142 74 0 0.196884 -0.569284 -0.798218
0.029818 0.678528 -5.762578 145 205 125 0 0.735482 -0.388216 -0.555297
0.250511 0.851198 -5.705920 121 174 58 0 -0.716040 0.365394 0.594789
0.275332 0.674211 -5.539186 123 176 61 0 -0.802401 0.397181 0.445421
0.100504 0.714141 -5.750167 119 171 67 0 -0.625311 0.524182 0.578117
0.023882 0.810729 -5.850531 129 188 83 0 0.538155 -0.571896 -0.619132
0.154464 0.592733 -5.562388 106 169 68 0 0.315389 -0.713265 -0.625926
0.020644 0.580862 -5.657357 132 188 86 0 0.119258 0.489965 0.863546
-0.015508 0.602985 -5.721029 139 200 121 0 0.349434 -0.841462 -0.412113
0.283426 0.966132 -5.723727 155 209 126 0 0.449051 -0.599290 -0.662725
0.147988 0.611079 -5.586670 113 175 74 0 0.418506 -0.554148 -0.719565
0.415087 0.797239 -5.406986 106 119 105 0 0.666198 -0.032394 -0.745071
0.120469 0.791843 -5.793334 125 179 66 0 0.475377 0.166308 0.863920
0.316342 0.761086 -5.537027 147 210 102 0 0.642325 -0.461200 -0.612138
0.123167 0.770799 -5.742613 128 185 90 0 0.603503 -0.492552 -0.627038
0.290981 0.938073 -5.727504 149 199 70 0 -0.593373 0.799385 0.094301
0.229467 0.758928 -5.636852 131 194 104 0 0.627784 -0.405823 -0.664225
0.089173 0.964513 -5.880748 114 172 88 0 0.554401 -0.276411 -0.785007
0.021724 0.864688 -5.887763 158 189 122 0 -0.111853 0.079566 -0.990534
0.233784 0.634821 -5.535948 131 192 103 0 0.689578 -0.405148 -0.600281
0.398899 0.704429 -5.412382 133 193 86 0 0.555423 -0.143669 -0.819063
0.357890 0.846342 -5.556993 155 201 67 0 -0.774507 0.568606 0.277175
0.009313 0.642915 -5.757182 141 201 112 0 0.770573 -0.570383 -0.284397
0.400518 0.743279 -5.416159 140 197 98 0 0.648790 0.046849 -0.759524
0.094569 0.546867 -5.555374 111 174 65 0 0.373977 -0.667229 -0.644164
0.194933 0.751373 -5.664911 117 178 91 0 0.469934 -0.348866 -0.810835
0.164716 0.671514 -5.628219 130 190 88 0 0.466316 -0.553228 -0.690281
0.382172 0.812347 -5.452851 168 226 161 0 0.918887 -0.149651 -0.365037
0.254828 0.820981 -5.653040 134 185 107 0 0.445040 -0.419147 -0.791363
0.054099 0.477260 -5.531092 131 176 88 0 -0.246227 0.760638 0.600668
0.153924 0.966132 -5.834883 129 186 98 0 0.465780 -0.410600 -0.783873
0.367063 0.655865 -5.423173 122 181 83 0 0.515400 -0.238469 -0.823101
0.258605 0.553882 -5.450153 107 166 89 0 0.427707 -0.134991 -0.893781
0.275872 0.907855 -5.681639 140 199 120 0 0.619280 -0.561908 -0.548409
0.330911 0.922964 -5.601239 163 222 153 0 0.925428 -0.181154 -0.332817
0.060574 0.711443 -5.753944 122 184 93 0 0.619308 -0.555184 -0.555184
0.020644 0.610540 -5.678941 121 180 82 0 0.351259 -0.858805 -0.372922
0.386489 0.866846 -5.519761 155 207 70 0 -0.861761 0.498317 0.095120
0.081618 0.886272 -5.848373 131 192 101 0 0.673140 -0.251834 -0.695314
0.048164 0.825837 -5.889382 117 168 70 0 -0.157460 -0.135143 0.978235
0.196012 0.780511 -5.682718 134 193 90 0 0.594899 -0.460837 -0.658578
0.160399 0.511794 -5.490623 121 185 82 0 0.458271 -0.497977 -0.736211
0.349796 0.752453 -5.478212 153 213 148 0 0.925055 -0.134126 -0.355365
0.048164 0.678528 -5.740454 130 192 106 0 0.563591 -0.499661 -0.657803
0.056797 0.582481 -5.637931 130 190 86 0 -0.678405 0.717865 0.156322
0.052480 0.893286 -5.917980 131 176 72 0 -0.419147 0.445040 0.791363
0.009853 0.768101 -5.838120 123 181 85 0 0.698889 -0.373289 -0.610089
0.133419 0.742740 -5.711316 132 195 96 0 0.556774 -0.437109 -0.706355
0.072985 0.653707 -5.689193 127 188 96 0 0.586575 -0.532481 -0.610241
0.164716 0.695256 -5.648184 138 172 99 0 0.718240 -0.459475 -0.522507
0.356271 0.611079 -5.421015 137 159 109 0 0.696622 -0.563615 -0.443909
0.024961 0.747596 -5.812220 134 195 95 0 0.662125 -0.363101 -0.655553
0.292060 0.652628 -5.483608 140 201 110 0 0.585773 -0.452263 -0.672554
0.257526 0.601906 -5.477672 140 202 113 0 0.633199 -0.420471 -0.649818
0.194393 0.643994 -5.578576 125 170 93 0 0.452263 -0.672554 -0.585773
0.268857 0.762165 -5.598001 137 196 109 0 0.656933 -0.509081 -0.556125
0.314183 0.779972 -5.588289 148 189 70 0 -0.738446 0.444389 -0.507165
0.235942 0.944548 -5.798730 147 201 86 0 0.214047 0.499443 0.839489
0.109138 0.888430 -5.827868 96 151 73 0 0.390312 -0.490724 -0.779004
0.356271 0.711983 -5.449074 141 203 116 0 0.698284 -0.358136 -0.619788
0.232165 0.587337 -5.498716 252 186 202 0 0.974778 -0.150063 -0.165195
0.012011 0.494527 -5.553216 109 169 55 0 0.299586 -0.587958 -0.751368
-0.026300 0.566832 -5.656278 129 180 98 0 -0.080050 0.989602 0.119495
0.099425 0.760546 -5.753405 115 176 81 0 0.275970 -0.630104 -0.725816
0.357351 0.810729 -5.505191 168 218 160 0 0.865386 -0.436469 -0.246174
0.308787 0.911633 -5.634694 157 216 148 0 0.780960 -0.311426 -0.541402
0.092410 0.681766 -5.730202 144 197 84 0 -0.720060 0.372332 0.585562
0.062733 0.506938 -5.537567 108 169 63 0 0.532177 -0.522104 -0.666480
0.252670 0.677449 -5.552676 161 187 136 0 0.806885 -0.585387 -0.079106
0.138276 0.864148 -5.787399 121 183 86 0 0.618078 -0.268522 -0.738834
-0.005796 0.543090 -5.595843 110 168 51 0 0.164928 -0.600703 -0.782275
0.218136 0.838248 -5.699445 123 180 87 0 0.562950 -0.430100 -0.705763
0.261303 0.779432 -5.618506 141 201 111 0 0.682397 -0.398202 -0.613000
0.011471 0.824218 -5.873194 128 152 107 0 0.158026 -0.397201 -0.904024
0.146370 0.787526 -5.731821 127 187 96 0 0.603964 -0.460083 -0.650808
-0.012271 0.651549 -5.803047 96 108 89 0 0.674443 -0.696556 0.244821
0.328213 0.617554 -5.436663 115 177 76 0 0.490902 -0.332034 -0.805461
0.053560 0.920806 -5.890461 127 184 91 0 0.452793 -0.603167 -0.656634
0.267778 0.734646 -5.600160 124 177 66 0 -0.555627 0.602914 0.572515
0.225690 0.698493 -5.596922 122 182 97 0 0.594357 -0.427871 -0.680930
0.225150 0.885193 -5.723727 136 193 101 0 0.553506 -0.340495 -0.760062
-0.018746 0.576545 -5.690272 126 180 80 0 -0.055685 0.944057 0.325046
0.234863 0.554422 -5.468499 197 102 109 0 0.255124 -0.714665 -0.651280
0.165795 0.975305 -5.872654 122 164 72 0 -0.545600 0.726917 0.417029
0.122628 0.818823 -5.774448 116 173 89 0 0.546788 -0.380303 -0.745917
0.313644 0.731408 -5.516523 149 209 124 0 0.750976 -0.451900 -0.481479
0.122628 0.910553 -5.828408 122 179 90 0 0.601093 -0.506804 -0.617930
0.053020 0.707666 -5.795493 121 176 49 0 -0.757442 0.592297 -0.274712
0.287204 0.721156 -5.563467 116 152 60 0 -0.683214 0.572964 0.452692
0.060574 0.616475 -5.655738 109 171 67 0 0.372633 -0.788822 -0.488779
0.150147 0.819902 -5.751246 181 193 154 0 0.595335 -0.435245 -0.675380
0.219754 0.793462 -5.698366 140 198 72 0 -0.615975 0.545096 0.568722
0.207883 0.919187 -5.760959 132 191 100 0 0.620028 -0.325393 -0.713922
0.112375 0.499383 -5.508969 109 162 73 0 0.362631 -0.621888 -0.694085
0.230546 0.733567 -5.617427 119 179 88 0 0.532542 -0.452909 -0.715033
0.293679 0.846881 -5.621204 151 209 134 0 0.754698 -0.373274 -0.539535
0.251590 0.979621 -5.814918 143 159 108 0 -0.198935 0.618395 0.760271
0.094029 0.686083 -5.701603 123 183 88 0 0.650015 -0.475334 -0.592907
0.049243 0.884113 -5.873734 127 185 92 0 0.788893 -0.214591 -0.575846
0.285045 0.867926 -5.643327 144 201 129 0 0.666270 -0.508513 -0.545435
0.177126 0.941310 -5.801968 127 184 96 0 0.442460 -0.267925 -0.855830
0.334148 0.804254 -5.561849 145 197 62 0 -0.878860 0.180467 0.441631
0.237561 0.801016 -5.657897 134 195 109 0 0.627281 -0.373734 -0.683258
0.293139 0.926202 -5.674084 153 210 139 0 0.793348 -0.333621 -0.509211
0.333609 0.663959 -5.450153 141 195 109 0 0.539637 -0.278472 -0.794509
0.260224 0.635900 -5.519221 121 176 58 0 -0.776547 0.553309 0.301370
0.122088 0.987176 -5.870496 125 181 96 0 0.584944 -0.094346 -0.805568
0.072985 0.842565 -5.830027 128 186 97 0 0.541409 -0.413051 -0.732301
0.432354 0.742740 -5.396193 77 93 53 0 0.592739 -0.141839 -0.792807
0.315262 0.676370 -5.487925 132 181 69 0 -0.672921 0.442492 0.592772
-0.011192 0.752992 -5.848913 54 84 31 0 0.635686 -0.104235 -0.764878
0.305550 0.576006 -5.432886 121 185 76 0 0.381348 -0.317024 -0.868371
0.242417 0.866307 -5.726964 116 166 54 0 -0.555184 0.619308 0.555184
0.361667 0.918647 -5.554295 167 208 157 0 0.363249 -0.314613 -0.876966
0.029278 0.721696 -5.793874 140 202 110 0 0.703015 -0.380320 -0.600938
0.287204 0.769720 -5.582893 132 192 121 0 0.672649 -0.481422 -0.561939
0.220294 0.534457 -5.465801 82 132 63 0 0.294221 -0.183715 -0.937914
0.316342 0.831773 -5.580195 155 214 146 0 0.729764 -0.293509 -0.617492
0.227309 0.963434 -5.777146 120 171 86 0 0.600043 -0.600043 -0.529052
0.314723 0.975305 -5.683258 188 217 190 0 0.251758 -0.704605 -0.663437
0.206804 0.871703 -5.732900 120 179 95 0 0.546018 -0.465868 -0.696298
0.341163 0.874401 -5.593685 157 207 70 0 -0.704235 0.307801 0.639774
0.246194 0.855515 -5.682178 135 194 114 0 0.588324 -0.434993 -0.681656
0.265620 0.989334 -5.771750 113 128 109 0 0.031764 -0.841068 -0.539996
0.002298 0.770799 -5.869956 74 87 60 0 -0.204364 0.791335 0.576215
0.104821 0.929979 -5.895857 119 175 71 0 -0.715147 0.269175 0.645066
0.265620 0.630504 -5.493860 134 198 106 0 0.673742 -0.522528 -0.522528
0.167953 0.633202 -5.594764 147 157 95 0 0.627038 -0.603503 -0.492552
0.210581 0.572228 -5.498716 117 179 86 0 0.524182 -0.625311 -0.578117
0.360049 0.835010 -5.517063 158 216 142 0 0.759675 -0.285077 -0.584488
-0.009573 0.689320 -5.819235 117 127 111 0 -0.118668 -0.569902 -0.813099
0.362747 0.796160 -5.480370 165 223 153 0 0.861253 -0.403761 -0.308577
0.173349 0.735186 -5.670847 121 182 99 0 0.490924 -0.554593 -0.671878
-0.026840 0.608921 -5.746390 51 71 47 0 -0.087407 -0.976255 -0.198206
0.016867 0.564134 -5.610412 109 168 57 0 0.228812 -0.586818 -0.776717
0.021184 0.686083 -5.783622 144 204 129 0 0.680673 -0.365759 -0.634748
0.174968 0.559278 -5.515444 117 181 83 0 0.460837 -0.594899 -0.658578
0.216517 0.996349 -5.804126 120 164 68 0 0.595612 -0.317982 -0.737654
0.031976 0.624569 -5.694589 125 180 90 0 0.499851 -0.812061 -0.301172
0.146909 0.531219 -5.511667 122 172 76 0 0.315473 -0.499367 -0.806913
0.046545 0.809110 -5.832185 121 183 84 0 0.475430 -0.462269 -0.748514
0.323356 0.809110 -5.582354 141 178 76 0 -0.800334 0.364080 0.476351
0.026580 0.727631 -5.834343 129 179 60 0 -0.777365 0.339594 0.529509
-0.036552 0.550105 -5.604477 112 161 53 0 0.015204 -0.595721 -0.803048
-0.018746 0.564134 -5.620665 122 187 57 0 0.001381 -0.722131 -0.691755
0.266699 0.876559 -5.707539 115 163 49 0 -0.656906 0.251682 0.710725
0.200869 0.685003 -5.608254 87 119 48 0 0.410053 -0.538503 -0.736119
0.339004 0.943469 -5.593685 105 140 91 0 0.601337 -0.428099 -0.674630
0.281808 0.602446 -5.460945 154 174 116 0 0.555184 -0.555184 -0.619308
0.264001 0.915410 -5.702682 137 182 118 0 0.543837 -0.377256 -0.749613
0.148528 0.566832 -5.541884 119 182 74 0 0.461414 -0.534707 -0.707945
0.170112 0.763784 -5.695128 112 169 90 0 0.507882 -0.609121 -0.609121
0.009853 0.792382 -5.849992 127 187 87 0 0.547265 -0.275998 -0.790143
0.324975 0.878717 -5.619586 149 198 61 0 -0.755243 0.270748 0.596911
0.066510 0.685003 -5.726425 128 189 99 0 0.395807 -0.664094 -0.634284
0.088094 0.985557 -5.889922 121 180 95 0 0.507811 -0.245416 -0.825772
0.001759 0.720617 -5.822473 140 201 110 0 0.649495 -0.355014 -0.672399
0.389726 0.890049 -5.519221 149 195 128 0 0.713271 -0.483827 -0.507104
-0.012271 0.520967 -5.590447 131 188 98 0 -0.120138 0.751975 0.648152
0.227848 0.922424 -5.745311 136 192 106 0 0.722778 -0.421758 -0.547459
0.034674 0.919726 -5.907188 61 76 53 0 0.775292 -0.006910 -0.631566
0.081079 0.722775 -5.742073 116 177 85 0 0.364659 -0.533213 -0.763353
-0.000400 0.673672 -5.805205 157 219 138 0 0.821191 -0.166033 -0.545965
0.194393 0.715760 -5.638471 175 168 127 0 0.474536 -0.601974 -0.642217
0.106979 0.724933 -5.722108 121 184 88 0 0.468140 -0.595662 -0.652711
0.246194 0.826916 -5.695668 137 193 66 0 -0.610117 0.633647 0.475656
0.078921 0.614856 -5.669767 144 190 94 0 -0.715033 0.532542 0.452909
0.113454 0.575466 -5.573180 111 174 70 0 0.358002 -0.720909 -0.593401
0.094029 0.607302 -5.620125 113 175 66 0 0.435458 -0.602300 -0.669037
0.080539 0.791303 -5.790637 125 188 96 0 0.530618 -0.490445 -0.691310
0.111836 0.929439 -5.848373 122 181 85 0 0.619788 -0.358136 -0.698284
0.319579 0.929439 -5.626600 169 225 168 0 0.907641 -0.277131 -0.315255
0.344940 0.795620 -5.515984 152 211 132 0 0.659294 -0.373216 -0.652718
0.038991 0.774036 -5.817077 131 192 97 0 0.485613 -0.515651 -0.705892
0.271016 0.859832 -5.688653 120 168 50 0 -0.588486 0.652197 0.477831
0.052480 0.610540 -5.687574 138 190 89 0 -0.593742 0.800761 0.079070
0.105361 0.864148 -5.815458 130 191 102 0 0.332487 -0.458549 -0.824127
0.362747 0.880876 -5.545661 152 206 125 0 0.745462 -0.206126 -0.633875
0.185760 0.851198 -5.741533 141 179 108 0 0.703063 -0.489305 -0.516025
0.085935 0.524205 -5.537567 110 162 68 0 0.315753 -0.642840 -0.697895
0.292060 0.825298 -5.636852 144 197 67 0 -0.373772 0.230126 0.898519
-0.011192 0.598668 -5.695128 125 184 89 0 0.370770 -0.907450 -0.197648
0.335227 0.822600 -5.549438 153 212 125 0 0.862776 -0.315275 -0.395247
0.084856 0.699033 -5.745850 112 165 60 0 -0.641371 0.220033 0.735002
0.258065 0.842025 -5.662213 140 185 109 0 0.548680 -0.491631 -0.676202
0.374618 0.702810 -5.429109 128 187 96 0 0.545328 -0.150077 -0.824678
0.321198 0.768640 -5.558072 134 185 61 0 -0.786829 0.436406 0.436406
0.070287 0.904618 -5.911505 144 195 74 0 -0.666485 0.334057 0.666485
0.076223 0.549565 -5.567245 110 170 65 0 0.380443 -0.699950 -0.604427
0.000140 0.575466 -5.663292 123 183 83 0 -0.425457 0.879080 0.214952
0.054639 0.936454 -5.942262 120 144 91 0 -0.969271 0.110520 0.219769
0.150686 0.654786 -5.626060 121 182 84 0 0.421398 -0.641258 -0.641258
0.379474 0.791303 -5.447455 157 217 144 0 0.867658 -0.150200 -0.473931
-0.021444 0.587337 -5.663832 114 171 65 0 0.334638 -0.872502 -0.356030
0.067589 0.471864 -5.512206 117 179 69 0 0.451299 -0.564540 -0.691103
0.133959 0.963973 -5.890461 119 171 66 0 -0.499772 0.743885 0.443692
0.341702 0.909474 -5.576418 159 215 143 0 0.846839 -0.164622 -0.505730
-0.040869 0.572768 -5.641169 140 178 92 0 0.191176 -0.961154 -0.199087
0.091331 0.655326 -5.674624 130 190 95 0 0.428503 -0.618578 -0.658594
0.046005 0.695795 -5.758261 128 189 105 0 0.705025 -0.373055 -0.603133
0.317421 0.847421 -5.614190 153 204 67 0 -0.745462 0.206126 0.633875
0.266159 0.816125 -5.635233 143 200 115 0 0.618193 -0.454011 -0.641647
0.140434 0.488052 -5.498716 134 196 97 0 -0.435908 0.413389 0.799433
0.335767 0.743819 -5.493860 152 213 132 0 0.829845 -0.348000 -0.436180
0.230007 0.965592 -5.813839 129 177 89 0 -0.102716 0.545407 0.831854
0.305550 0.709825 -5.510588 153 215 110 0 0.960021 -0.181411 -0.213191
0.002298 0.571149 -5.624981 109 167 55 0 0.262167 -0.649856 -0.713412
0.303931 0.888970 -5.630917 155 208 146 0 0.761712 -0.333350 -0.555583
0.334688 0.772417 -5.517063 153 204 132 0 0.687177 -0.387258 -0.614669
0.192775 0.979621 -5.810062 123 177 92 0 0.596322 -0.562536 -0.572672
0.185220 0.535536 -5.488464 109 170 83 0 0.476951 -0.411839 -0.776470
0.189537 0.814506 -5.710777 124 184 95 0 0.547201 -0.516894 -0.658325
0.365445 0.680147 -5.430188 135 197 99 0 0.505067 -0.086300 -0.858755
0.273174 0.947785 -5.718871 146 201 119 0 0.661287 -0.509847 -0.550231
0.077841 0.926202 -5.869956 118 175 94 0 0.578486 -0.531262 -0.618963
0.122628 0.469706 -5.479831 86 90 44 0 0.276262 -0.713811 -0.643547
0.390805 0.821521 -5.433965 164 224 156 0 0.915337 -0.016927 -0.402332
0.095648 0.483196 -5.505731 121 182 73 0 0.380550 -0.467257 -0.798030
0.276412 0.542551 -5.447995 140 198 106 0 -0.421729 0.063734 0.904479
0.215438 0.511794 -5.462024 165 199 134 0 0.562639 -0.538984 -0.626844
0.405914 0.778893 -5.412382 142 201 113 0 0.710057 0.061932 -0.701415
0.102123 0.963973 -5.911505 128 183 77 0 -0.616490 0.275588 0.737558
0.051401 0.870084 -5.907188 124 172 61 0 -0.246980 -0.166878 0.954543
0.392424 0.889509 -5.540265 126 150 72 0 0.204554 0.978855 0.001156
0.038991 0.572228 -5.610952 112 173 54 0 0.244019 -0.741502 -0.625003
0.219215 0.808031 -5.681099 139 198 107 0 0.538831 -0.515331 -0.666405
0.078921 0.806412 -5.805205 125 184 99 0 0.728263 -0.434316 -0.530096
0.158780 0.905157 -5.797112 123 182 92 0 0.579999 -0.539416 -0.610436
0.147988 0.693097 -5.660594 135 170 102 0 0.616777 -0.489052 -0.616777
0.321737 0.867386 -5.590447 159 219 142 0 0.802605 -0.213312 -0.557066
0.030357 0.748136 -5.848373 130 182 63 0 0.142886 -0.237270 0.960878
0.289362 0.583560 -5.443678 118 183 81 0 0.445040 -0.419147 -0.791363
0.191695 0.555501 -5.498177 121 182 84 0 0.514590 -0.632693 -0.578703
0.278570 0.676370 -5.518682 142 204 88 0 0.624495 -0.340782 -0.702761
0.276412 0.724933 -5.581814 120 173 58 0 -0.568104 0.688055 0.451484
0.239719 0.884653 -5.706999 147 208 114 0 0.389944 -0.487025 -0.781505
0.292060 0.666118 -5.506271 140 173 82 0 -0.738446 0.444389 0.507165
0.296377 0.910014 -5.656278 159 213 133 0 0.770703 -0.422013 -0.477412
0.240798 0.624569 -5.519221 143 205 116 0 0.579595 -0.572835 -0.579595
0.397281 0.874401 -5.479831 116 136 120 0 0.735004 -0.662857 -0.142792
0.024961 0.823679 -5.893159 79 90 71 0 0.166709 -0.815522 0.554195
-0.009033 0.493987 -5.561309 110 168 67 0 0.229857 -0.617644 -0.752118
0.153384 0.861990 -5.773369 115 176 83 0 0.623678 -0.559451 -0.545930
0.320119 0.949944 -5.639011 174 231 177 0 0.958087 -0.149329 -0.244477
0.199789 0.594891 -5.530013 115 170 83 0 0.499409 -0.506090 -0.703181
0.271555 0.967211 -5.743692 141 197 111 0 0.633688 -0.627000 -0.453112
0.053020 0.537694 -5.569943 110 173 61 0 0.322833 -0.634310 -0.702446
-0.007954 0.624029 -5.758801 152 215 125 0 0.731652 -0.547506 -0.406108
0.244036 0.949404 -5.751786 131 187 97 0 0.560169 -0.570323 -0.600785
0.073525 0.574926 -5.595304 113 175 61 0 0.473381 -0.715885 -0.513244
0.031976 0.501542 -5.561849 140 197 97 0 -0.569902 0.813099 -0.118668
0.422641 0.702810 -5.396733 155 198 113 0 0.541019 -0.118120 -0.832674
0.014169 0.845802 -5.885065 122 165 86 0 0.825010 0.143673 -0.546550
0.332529 0.724394 -5.485227 148 210 129 0 0.764126 -0.340868 -0.547650
0.078921 0.670974 -5.700524 121 183 94 0 0.492697 -0.657490 -0.570049
0.227848 0.674751 -5.574799 126 186 97 0 0.643412 -0.492219 -0.586295
0.362747 0.635900 -5.423713 120 180 75 0 0.442914 -0.047407 -0.895310
0.190077 0.956958 -5.799809 120 178 89 0 0.708047 -0.311283 -0.633855
0.224611 0.699572 -5.620125 134 193 79 0 -0.649495 0.672399 0.355014
-0.015508 0.536615 -5.612571 140 202 106 0 0.466911 0.681121 0.563975
0.050862 0.650469 -5.709697 130 192 112 0 0.702062 -0.541972 -0.461927
0.341163 0.707666 -5.462024 149 208 127 0 0.666485 -0.334057 -0.666485
0.019026 0.522046 -5.571022 107 166 53 0 0.244748 -0.664767 -0.705821
0.117232 0.590575 -5.605556 138 200 96 0 0.095623 0.993350 -0.064123
0.293139 0.632663 -5.479831 127 181 71 0 -0.695538 0.475368 0.538750
0.192775 0.620792 -5.560230 119 179 85 0 0.524182 -0.578117 -0.625311
0.163097 0.608921 -5.573180 117 180 82 0 0.554593 -0.671878 -0.490924
0.322817 0.634821 -5.445836 118 180 84 0 0.517223 -0.356095 -0.778252
0.263461 0.698493 -5.575339 122 174 62 0 -0.760402 0.403912 0.508570
0.270476 0.884653 -5.671926 149 208 128 0 0.746697 -0.387237 -0.540824
0.041149 0.457295 -5.523538 97 113 78 0 -0.644023 0.482597 0.593578
0.226769 0.547947 -5.451232 58 71 22 0 0.196853 0.942969 0.268436
0.123167 0.767561 -5.768513 140 197 75 0 -0.673370 0.545749 0.498730
0.128023 0.670434 -5.657897 120 182 81 0 0.492365 -0.509056 -0.706002
0.333609 0.850119 -5.566705 145 203 123 0 0.680829 -0.244846 -0.690306
0.015788 0.729250 -5.811141 141 202 104 0 0.680796 -0.341214 -0.648144
0.163097 0.797778 -5.727504 126 147 77 0 0.628032 -0.510171 -0.587623
0.068129 0.703889 -5.736137 110 170 69 0 -0.015148 -0.816607 -0.576995
0.211121 0.618633 -5.541884 109 166 87 0 0.618963 -0.578486 -0.531262
0.305550 0.809649 -5.609333 124 175 52 0 -0.854009 0.284670 0.435468
0.136117 0.724933 -5.696747 124 185 93 0 0.560658 -0.523617 -0.641473
0.129642 0.703350 -5.685956 119 181 87 0 0.413715 -0.468877 -0.780381
0.105361 0.468087 -5.489543 75 107 56 0 0.230179 -0.718724 -0.656090
0.116152 0.621871 -5.621204 116 150 76 0 0.411839 -0.776470 -0.476951
0.244036 0.934835 -5.737216 137 194 102 0 0.577635 -0.473828 -0.664699
0.240259 0.782130 -5.642248 137 199 111 0 0.522004 -0.404185 -0.751097
0.047624 0.848500 -5.900174 122 166 71 0 -0.357193 0.341863 0.869220
0.227848 0.567912 -5.483068 108 102 46 0 0.198935 -0.760271 -0.618395
0.058416 0.952102 -5.901253 131 189 103 0 0.404600 -0.586257 -0.701856
0.041689 0.559818 -5.595843 106 163 58 0 0.251405 -0.640372 -0.725754
0.234323 0.902459 -5.726425 134 192 103 0 0.669536 -0.525225 -0.525225
0.095108 0.741121 -5.743692 119 181 83 0 0.475410 -0.525453 -0.705609
-0.012271 0.593273 -5.767434 136 152 127 0 -0.913906 0.405161 -0.024913
0.325515 0.706048 -5.481989 158 205 141 0 0.808313 -0.404957 -0.427365
0.310946 0.948325 -5.662213 166 222 152 0 0.854056 -0.348753 -0.385953
0.358430 0.774036 -5.474435 162 221 146 0 0.830533 -0.191429 -0.523040
0.179285 0.882495 -5.765815 120 178 94 0 0.648273 -0.434960 -0.624942
0.121009 0.522046 -5.518142 107 169 65 0 0.388069 -0.403908 -0.828408
0.108598 0.705508 -5.734519 133 192 72 0 -0.317966 0.541661 0.778139
0.073525 0.593273 -5.617427 108 169 60 0 0.286311 -0.641401 -0.711780
0.133959 0.964513 -5.851071 121 180 94 0 0.538503 -0.410053 -0.736119
0.013630 0.624029 -5.721569 129 185 102 0 0.610859 -0.705845 -0.358655
0.087554 1.004982 -5.892080 157 181 131 0 -0.212813 -0.816040 -0.537392
0.003377 0.528521 -5.580735 121 181 58 0 0.166683 -0.563120 -0.809391
0.394583 0.855515 -5.449614 171 200 165 0 0.896605 -0.181059 -0.404124
0.240798 0.532299 -5.467420 201 204 173 0 0.885632 -0.347336 0.308242
0.386489 0.865228 -5.500335 160 218 144 0 0.754858 -0.564123 -0.334595
0.129103 0.844183 -5.782543 111 171 83 0 0.751878 -0.317174 -0.577996
0.126944 0.754611 -5.725346 128 188 89 0 0.618944 -0.461272 -0.635717
0.360588 0.753532 -5.462024 159 211 143 0 0.911936 -0.269072 -0.309796
0.193854 0.921885 -5.777146 131 189 102 0 0.601764 -0.347360 -0.719181
0.247813 0.698493 -5.596383 136 189 68 0 -0.762362 0.444301 0.470533
0.210042 0.760546 -5.656817 139 198 105 0 0.737654 -0.317982 -0.595612
0.116692 0.554422 -5.548899 112 176 67 0 0.373075 -0.636036 -0.675480
0.162018 0.782670 -5.715093 112 172 79 0 0.411282 -0.556634 -0.721807
0.019565 0.659103 -5.760419 145 203 119 0 0.729777 -0.498102 -0.468315
0.150147 0.887890 -5.794953 111 170 80 0 0.579787 -0.379408 -0.721039
0.186300 0.497765 -5.469039 116 142 92 0 0.513409 -0.791706 -0.331077
0.051941 0.794001 -5.819235 121 182 87 0 0.712500 -0.460052 -0.529808
0.269937 0.654247 -5.526775 117 170 61 0 -0.697037 0.529882 0.483078
0.203027 0.889509 -5.746929 138 195 111 0 0.626285 -0.293121 -0.722390
0.002298 0.652628 -5.821393 133 151 103 0 -0.667367 0.580392 0.466655
0.210581 0.652628 -5.572641 109 118 53 0 0.292321 -0.586239 -0.755561
0.378934 0.741121 -5.433425 150 207 123 0 0.721242 -0.166206 -0.672448
0.254288 0.731948 -5.613650 118 171 56 0 -0.730873 0.374429 0.570637
0.348717 0.839867 -5.541344 152 209 140 0 0.811198 -0.436799 -0.388799
0.108059 0.586797 -5.588289 118 178 74 0 0.301587 -0.666071 -0.682199
0.053020 0.724933 -5.770671 127 186 101 0 0.545096 -0.568722 -0.615975
0.176047 0.897603 -5.778226 119 179 94 0 0.539665 -0.443356 -0.715679
0.320119 0.886811 -5.602858 159 218 147 0 0.751878 -0.317174 -0.577996
0.033055 0.474562 -5.539186 126 183 93 0 -0.317490 0.451994 0.833608
0.340084 0.763784 -5.500875 155 215 128 0 0.842860 -0.325615 -0.428441
0.176587 0.966671 -5.859165 114 166 63 0 -0.642840 0.079811 0.761831
0.210581 0.585718 -5.512206 111 173 80 0 0.516894 -0.547201 -0.658325
0.160399 0.983938 -5.837041 128 187 108 0 0.570987 -0.238041 -0.785691
0.235942 0.860371 -5.697826 142 203 115 0 0.753424 -0.444832 -0.484227
0.082698 0.691478 -5.716712 114 170 88 0 0.506804 -0.617930 -0.601093
0.036293 0.813427 -5.881288 125 173 77 0 -0.772131 0.429324 0.468502
0.300154 0.787526 -5.578037 150 209 133 0 0.680930 -0.427871 -0.594357
0.069208 0.635361 -5.674624 113 173 89 0 0.603769 -0.586857 -0.539502
0.304471 0.747596 -5.542963 138 199 85 0 0.744453 -0.467140 -0.477044
0.296377 0.832852 -5.608793 149 207 127 0 0.698284 -0.358136 -0.619788
0.334148 0.806412 -5.539725 156 215 139 0 0.721807 -0.411282 -0.556634
-0.031696 0.593273 -5.722108 92 105 68 0 0.780627 -0.462534 -0.420338
0.010932 0.476181 -5.539186 94 122 59 0 0.315985 -0.665999 -0.675721
0.142593 0.937533 -5.869956 130 187 67 0 -0.363251 0.436218 0.823263
0.099965 0.828535 -5.798730 122 183 95 0 0.579595 -0.579595 -0.572835
-0.002018 0.642376 -5.776607 151 211 107 0 0.681207 -0.381014 -0.625127
0.215977 0.966132 -5.828408 143 194 84 0 -0.508455 -0.101691 0.855063
0.008234 0.789145 -5.876971 135 153 116 0 -0.365600 0.307954 0.878351
0.014709 0.634821 -5.739375 143 203 114 0 0.703078 -0.563460 -0.433814
0.088633 0.765403 -5.767973 118 178 91 0 0.704235 -0.307801 -0.639774
-0.006875 0.728710 -5.837041 61 97 49 0 0.951415 -0.117769 -0.284498
0.234323 0.842025 -5.687574 137 196 108 0 0.666270 -0.508513 -0.545435
0.187379 0.763244 -5.677322 122 180 95 0 0.453791 -0.499995 -0.737617
0.181443 0.518269 -5.481450 116 179 86 0 0.461436 -0.412864 -0.785251
0.260224 0.897064 -5.694049 138 195 114 0 0.639269 -0.126662 -0.758480
0.250511 0.729250 -5.595304 141 201 113 0 0.588469 -0.419388 -0.691244
0.013630 0.597589 -5.661674 112 173 72 0 0.379457 -0.824010 -0.420737
0.144751 0.919726 -5.818156 133 188 97 0 0.571896 -0.538155 -0.619132
0.051401 0.954800 -5.942802 96 94 72 0 0.433843 0.740667 0.513023
0.203567 0.535536 -5.473895 100 160 80 0 0.507845 -0.294015 -0.809721
0.009853 0.586797 -5.642788 103 162 58 0 0.204793 -0.832825 -0.514258
0.237561 0.847961 -5.718871 129 183 61 0 -0.507599 0.585172 0.632390
0.074064 0.864148 -5.841358 126 180 97 0 0.451026 -0.102570 -0.886597
0.001219 0.598129 -5.727504 136 196 71 0 -0.457638 0.859392 0.228064
0.360049 0.863609 -5.563467 156 208 75 0 -0.626779 0.110608 0.771307
-0.010652 0.563055 -5.642248 132 185 106 0 -0.007500 0.995414 0.095363
0.283966 0.715221 -5.546201 147 202 99 0 0.623358 -0.528756 -0.576057
0.322817 0.790224 -5.546201 161 218 142 0 0.863929 -0.262671 -0.429687
0.292599 0.798318 -5.620665 144 197 63 0 -0.538328 0.268379 0.798859
0.376776 0.839867 -5.483068 167 226 144 0 0.753424 -0.444832 -0.484227
0.101044 0.774036 -5.795493 121 175 63 0 -0.735627 0.586228 0.339395
0.069747 0.699033 -5.767973 130 187 72 0 -0.893786 0.394792 0.212806
0.044926 0.619713 -5.673545 119 179 72 0 0.317041 -0.815475 -0.484237
0.227848 0.624569 -5.549978 190 210 141 0 -0.805461 0.490902 0.332034
0.117232 0.689320 -5.685956 132 171 92 0 0.459594 -0.666830 -0.586610
0.048164 0.599748 -5.640090 109 171 62 0 0.292461 -0.380351 -0.877383
0.104281 0.700652 -5.705920 116 178 85 0 0.547027 -0.395896 -0.737583
0.197091 0.669355 -5.597462 117 177 86 0 0.544003 -0.480396 -0.687954
0.134499 0.529601 -5.527854 142 203 100 0 -0.475656 0.610117 0.633647
0.292599 0.978542 -5.733439 131 148 126 0 0.023087 -0.501117 -0.865072
0.205185 0.797778 -5.686495 128 188 94 0 0.599193 -0.481704 -0.639475
0.060035 0.754071 -5.785241 126 188 95 0 0.460487 -0.483594 -0.744371
0.125326 0.941310 -5.889382 140 195 75 0 -0.523246 -0.048577 0.850796
0.287204 0.788605 -5.594764 149 207 126 0 0.748674 -0.349164 -0.563535
0.107519 0.979621 -5.878050 128 184 89 0 0.505099 -0.308760 -0.805942
0.279649 0.690399 -5.530013 149 214 114 0 0.758902 -0.386795 -0.523887
0.321737 0.583560 -5.435584 141 201 105 0 -0.231191 0.270423 0.934571
0.251051 0.904618 -5.709158 143 204 108 0 0.655074 -0.387764 -0.648473
0.350336 0.888430 -5.587210 163 213 77 0 -0.766383 0.149061 0.624851
0.371920 0.802635 -5.466341 163 223 151 0 0.836495 -0.260346 -0.482179
0.305010 0.832312 -5.624442 138 188 62 0 -0.777537 0.373412 0.505965
0.310946 0.860371 -5.602858 153 211 129 0 0.845790 -0.190116 -0.498492
-0.012271 0.635900 -5.794414 71 79 73 0 0.992612 -0.111289 -0.048338
0.193314 0.730869 -5.650882 184 186 163 0 0.571896 -0.538155 -0.619132
-0.014429 0.498304 -5.582893 147 174 128 0 -0.269285 0.651701 0.709064
0.272635 0.778353 -5.604477 136 196 112 0 0.739085 -0.342741 -0.579898
0.054099 0.519888 -5.552676 110 171 61 0 0.299454 -0.600509 -0.741429
0.248892 0.564674 -5.460405 134 182 107 0 0.457506 -0.608332 -0.648552
0.210042 0.935375 -5.767973 129 182 100 0 0.500509 -0.490532 -0.713350
0.320658 0.743279 -5.537027 138 184 66 0 -0.736119 0.410053 0.538503
0.414008 0.750294 -5.406986 135 193 93 0 0.560008 0.001356 -0.828486
-0.005796 0.612158 -5.780384 135 155 103 0 -0.190183 0.292910 0.937035
0.370301 0.756230 -5.447455 156 216 139 0 0.807848 -0.173650 -0.563229
-0.024142 0.572768 -5.673545 132 187 89 0 -0.323415 0.855735 0.403882
0.386489 0.652628 -5.412382 133 191 89 0 0.387783 -0.111781 -0.914948
0.085935 0.944548 -5.877511 109 159 88 0 0.536984 -0.713208 -0.450535
0.068129 0.487512 -5.534329 144 204 96 0 -0.467257 0.380550 0.798030
0.247813 0.773497 -5.628219 134 182 104 0 0.571092 -0.467257 -0.674926
0.288822 0.757309 -5.595304 115 169 60 0 -0.649495 0.355014 0.672399
0.183602 0.825298 -5.724267 127 185 97 0 0.484482 -0.467946 -0.739124
0.170112 0.598129 -5.556453 123 184 84 0 0.509680 -0.570236 -0.644249
0.158241 0.708206 -5.664371 118 180 91 0 0.500942 -0.484299 -0.717295
0.044926 0.846342 -5.855927 134 193 96 0 0.381354 -0.435605 -0.815363
0.127484 0.890588 -5.809522 113 171 85 0 0.237672 -0.291753 -0.926494
0.009853 0.551724 -5.600160 107 168 51 0 0.190928 -0.578895 -0.792734
0.295297 0.736265 -5.567245 130 164 72 0 -0.754278 0.491349 0.435477
0.085935 0.617015 -5.638471 112 167 68 0 0.371548 -0.826891 -0.422141
0.170112 0.952102 -5.813839 122 181 93 0 0.516800 -0.252968 -0.817878
-0.037632 0.585179 -5.692431 68 100 55 0 0.838366 -0.539458 -0.078285
0.008234 0.755690 -5.863482 130 167 79 0 0.142215 0.341040 0.929229
0.301233 0.771878 -5.566705 144 202 130 0 0.700596 -0.248293 -0.668966
-0.044107 0.579783 -5.656817 77 102 63 0 -0.007358 -0.997490 -0.070423
0.083777 0.911633 -5.858625 139 198 105 0 0.531474 -0.595588 -0.602337
0.183062 0.587337 -5.537027 133 171 90 0 0.394424 -0.608965 -0.688180
0.212200 0.955879 -5.781463 132 186 87 0 0.484482 -0.467946 -0.739124
0.365984 0.830154 -5.501414 164 219 151 0 0.885632 -0.347336 -0.308242
0.307708 0.837708 -5.595843 156 215 145 0 0.720060 -0.372332 -0.585562
0.132880 0.931058 -5.835423 125 182 86 0 0.497977 -0.458271 -0.736211
0.172270 0.662880 -5.614190 131 192 97 0 0.579915 -0.499232 -0.643790
0.035753 0.537694 -5.578037 111 171 56 0 0.299888 -0.594965 -0.745711
0.404295 0.682305 -5.404827 127 187 92 0 0.564506 -0.294179 -0.771227
0.324435 0.729250 -5.499795 149 210 129 0 0.777537 -0.373412 -0.505965
0.128023 0.653167 -5.642248 122 183 81 0 0.513271 -0.570488 -0.641168
0.085935 0.976384 -5.924995 118 166 74 0 -0.642948 0.468361 0.606016
0.108059 0.947246 -5.861323 133 188 88 0 0.553602 -0.307911 -0.773767
0.272095 0.713062 -5.558611 134 195 86 0 0.518040 -0.511334 -0.685691
0.371380 0.874401 -5.530552 155 212 130 0 0.806815 -0.277294 -0.521688
0.049782 0.962354 -5.914743 135 191 125 0 0.617444 -0.307916 -0.723844
0.037911 0.872242 -5.879130 135 192 94 0 0.541082 -0.454509 -0.707568
0.339544 0.841485 -5.581274 142 192 60 0 -0.825738 0.316140 0.467132
0.290981 0.952102 -5.698905 149 205 121 0 0.719739 -0.467082 -0.513624
0.384330 0.840406 -5.466341 167 226 156 0 0.840012 -0.168002 -0.515901
-0.010652 0.581941 -5.707539 135 189 77 0 0.284420 0.924721 0.252976
0.355732 0.664499 -5.432886 129 189 94 0 0.480529 -0.196104 -0.854772
0.037911 0.742200 -5.798191 120 178 84 0 0.579999 -0.539416 -0.610436
0.021724 0.703889 -5.790097 155 215 123 0 0.639790 -0.410463 -0.649761
0.024422 0.774036 -5.830566 135 195 92 0 0.662488 -0.330430 -0.672254
0.090252 0.577085 -5.588829 106 167 63 0 0.244846 -0.690306 -0.680829
0.333069 0.755690 -5.528394 147 193 67 0 -0.586575 0.610241 0.532481
0.118311 0.777813 -5.783622 133 190 72 0 -0.778122 0.262518 0.570623
0.302312 0.724394 -5.527315 141 197 85 0 0.684422 -0.503695 -0.527122
0.258605 0.667197 -5.535409 144 207 112 0 0.628832 -0.534423 -0.564768
0.072445 0.460533 -5.500335 74 101 59 0 0.150979 -0.496910 -0.854568
0.226769 0.712523 -5.606635 125 186 92 0 0.538261 -0.508078 -0.672407
0.084316 0.823139 -5.804126 111 172 71 0 0.505099 -0.308760 -0.805942
0.119930 0.735725 -5.719410 125 186 89 0 0.660293 -0.485559 -0.572926
0.085935 0.711983 -5.758801 137 198 77 0 -0.720060 0.372332 0.585562
0.240798 0.601906 -5.496558 143 200 129 0 0.751459 -0.394557 -0.528804
0.326054 0.906776 -5.603397 170 226 158 0 0.936352 -0.111823 -0.332776
0.250511 0.661261 -5.557532 131 186 76 0 -0.634904 0.493440 0.594486
0.167953 0.865228 -5.765275 120 178 86 0 0.488671 -0.482045 -0.727209
0.112915 0.639138 -5.641709 119 184 77 0 0.642041 -0.381263 -0.665148
0.153924 0.682305 -5.646565 124 186 92 0 0.489052 -0.616777 -0.616777
0.156622 0.808570 -5.740454 154 168 116 0 0.674926 -0.467257 -0.571092
0.320658 0.696335 -5.494939 139 189 68 0 -0.694528 0.330185 0.639226
0.321737 0.669355 -5.463103 137 197 113 0 0.745528 -0.355709 -0.563613
0.256986 0.960196 -5.750707 122 176 89 0 0.206243 -0.671452 -0.711770
0.009313 0.607302 -5.740454 136 194 66 0 -0.501450 0.682576 -0.531637
0.284506 0.640757 -5.496018 118 171 61 0 -0.705342 0.468561 0.531925
0.288822 0.623490 -5.466341 128 188 103 0 0.535770 -0.522334 -0.663414
0.139355 0.587337 -5.568324 120 183 78 0 0.420081 -0.672462 -0.609366
0.155003 1.001205 -5.845675 182 190 173 0 0.125419 -0.576928 -0.807109
0.250511 0.635900 -5.534329 129 181 70 0 -0.609447 0.548671 0.572306
0.337386 0.839327 -5.553755 154 213 107 0 0.991904 -0.062635 0.110465
0.241878 0.641836 -5.548899 126 180 70 0 -0.451299 0.564540 0.691103
0.280189 0.922964 -5.687574 155 210 132 0 0.679474 -0.538546 -0.498281
0.119930 0.797239 -5.763657 132 193 95 0 0.625948 -0.348112 -0.697859
0.094569 0.881415 -5.834343 129 188 107 0 0.586212 -0.278014 -0.760963
0.141513 0.703350 -5.674084 118 180 89 0 0.454011 -0.618193 -0.641647
0.338465 0.923504 -5.585052 170 228 160 0 0.854193 -0.228289 -0.467160
0.265080 0.796699 -5.626600 130 188 110 0 0.473412 -0.389394 -0.790097
0.138815 0.898682 -5.847294 120 168 65 0 -0.229819 0.544471 0.806681
0.039530 0.653707 -5.727504 138 198 112 0 0.704018 -0.578123 -0.412472
0.267778 0.893286 -5.719950 133 177 64 0 -0.710096 0.695271 0.111184
0.271016 0.832312 -5.666530 139 190 65 0 -0.623558 0.110560 0.773920
0.233784 0.659103 -5.574259 131 188 76 0 -0.736263 0.646738 0.199115
0.074064 0.982319 -5.900174 141 198 108 0 0.672258 -0.142874 -0.726400
0.283426 0.830154 -5.623363 140 198 116 0 0.640670 -0.456665 -0.617251
0.100504 0.796699 -5.778226 121 183 89 0 0.490902 -0.332034 -0.805461
0.233244 0.713602 -5.622823 132 191 73 0 -0.491188 0.682299 0.541481
0.041149 0.732488 -5.827868 130 186 62 0 -0.357250 -0.228931 0.905518
0.313644 0.894366 -5.618506 154 213 134 0 0.805461 -0.332034 -0.490902
0.300154 0.678528 -5.495479 140 193 90 0 0.522528 -0.522528 -0.673742
0.346019 0.621331 -5.429109 117 178 78 0 0.468404 -0.165924 -0.867795
0.147449 0.748675 -5.704301 137 197 97 0 0.627038 -0.492552 -0.603503
0.053020 0.495067 -5.545661 131 192 91 0 -0.096031 0.363837 0.926499
0.087554 0.509096 -5.526775 113 175 64 0 0.428924 -0.435399 -0.791487
-0.018746 0.584099 -5.737756 65 74 58 0 -0.143181 0.833995 0.532871
0.227309 0.618633 -5.528934 232 202 199 0 0.727687 -0.395875 -0.560138
0.150686 0.497765 -5.490083 118 177 80 0 0.516388 -0.492992 -0.700216
0.039530 0.719537 -5.780384 138 199 109 0 0.651781 -0.387768 -0.651781
0.172270 0.751913 -5.683797 118 178 90 0 0.474723 -0.618986 -0.625695
0.182522 0.774036 -5.691351 129 187 104 0 0.564506 -0.294179 -0.771227
0.348717 0.865767 -5.581274 144 196 62 0 -0.846848 0.388334 0.363380
0.000140 0.612698 -5.719950 134 194 112 0 0.601926 -0.769041 -0.215084
0.038991 0.952642 -5.923377 93 143 56 0 0.428026 0.500184 -0.752735
0.096187 0.492908 -5.520840 146 207 104 0 -0.397601 0.531771 0.747752
0.355192 0.862530 -5.546740 149 205 121 0 0.730602 -0.427147 -0.532697
0.211121 0.701191 -5.610952 130 186 97 0 0.541481 -0.491188 -0.682299
0.095108 0.786447 -5.811141 123 180 82 0 -0.870868 -0.014806 0.491293
0.153924 0.624029 -5.594764 121 176 82 0 0.460083 -0.650808 -0.603964
0.262382 0.936454 -5.723727 131 181 105 0 0.532481 -0.610241 -0.586575
0.133959 1.000665 -5.864021 72 87 66 0 0.245552 -0.774191 -0.583380
0.037911 0.860911 -5.913124 94 100 71 0 -0.619625 0.261479 0.740064
0.190616 0.801016 -5.701603 132 193 98 0 0.667367 -0.466655 -0.580392
0.187918 0.674751 -5.609873 116 179 88 0 0.644256 -0.486136 -0.590428
0.336846 0.894905 -5.609873 158 205 69 0 -0.854899 0.077718 0.512940
0.125865 0.496146 -5.500335 112 173 65 0 0.445040 -0.419147 -0.791363
0.135038 0.822060 -5.764196 127 178 94 0 0.660293 -0.572926 -0.485559
0.203027 0.827456 -5.706999 129 190 93 0 0.630104 -0.275970 -0.725816
0.118850 0.858213 -5.800889 105 167 84 0 0.460487 -0.483594 -0.744371
0.349796 0.850659 -5.570482 150 196 69 0 -0.799300 0.230359 0.555026
0.209502 0.843104 -5.712395 133 190 110 0 0.650710 -0.427705 -0.627411
0.072445 0.751373 -5.770132 122 183 81 0 0.469083 -0.539194 -0.699450
0.258065 0.578704 -5.465261 146 161 102 0 0.560237 -0.411502 -0.718888
0.010392 0.721696 -5.851071 131 179 61 0 0.649495 0.355014 0.672399
0.328213 0.936454 -5.613650 172 231 163 0 0.802401 -0.397181 -0.445421
0.366524 0.720617 -5.439901 147 206 123 0 0.722288 -0.182489 -0.667081
-0.045186 0.540932 -5.614729 93 105 94 0 0.103183 0.877761 0.467856
0.022263 0.880336 -5.892080 75 84 73 0 0.833085 -0.429929 -0.348038
0.162018 0.928360 -5.807364 130 188 99 0 0.563762 -0.316413 -0.762926
-0.015508 0.551724 -5.605556 103 163 45 0 0.001380 -0.683251 -0.730182
0.303391 0.751913 -5.583433 131 178 58 0 -0.952783 0.253271 -0.167507
0.198171 0.854975 -5.731821 123 181 94 0 0.682135 -0.348429 -0.642876
0.113454 0.670434 -5.669767 120 181 84 0 0.546495 -0.522954 -0.654112
0.015248 0.757309 -5.827329 133 193 99 0 0.381014 -0.681207 -0.625127
0.181443 0.836629 -5.735598 136 172 98 0 0.903637 -0.371059 -0.213904
0.302852 0.795620 -5.601779 131 183 55 0 -0.888171 0.270183 0.371689
-0.028998 0.589495 -5.705380 128 162 111 0 0.544570 -0.813041 -0.205930
0.066510 0.920266 -5.879669 136 194 98 0 0.476856 -0.563861 -0.674291
0.180364 0.991492 -5.825710 137 193 99 0 0.514867 -0.531637 -0.672513
0.161478 0.833931 -5.750167 123 183 92 0 0.513023 -0.433843 -0.740667
0.036832 0.668276 -5.745850 154 217 125 0 0.675072 -0.445048 -0.588396
0.101044 0.538234 -5.543503 113 178 69 0 0.347541 -0.634711 -0.690187
0.265620 0.977463 -5.760959 131 186 90 0 0.389624 -0.715133 -0.580326
0.060574 0.879257 -5.863482 139 196 101 0 0.614252 -0.229758 -0.754921
0.167414 0.567912 -5.528934 108 172 72 0 0.412277 -0.594407 -0.690440
0.365445 0.812347 -5.487385 168 225 152 0 0.912713 -0.199163 -0.356775
0.261843 0.617554 -5.485227 139 202 114 0 0.531262 -0.578486 -0.618963
0.263461 0.688241 -5.547820 137 194 117 0 0.644811 -0.533695 -0.547164
0.262922 0.535536 -5.452851 78 119 75 0 0.095837 0.981424 -0.166199
0.313104 0.648851 -5.459326 137 197 111 0 0.777365 -0.339594 -0.529509
0.330911 0.871703 -5.605556 150 195 66 0 -0.871596 0.165530 0.461433
0.233244 0.692018 -5.584512 134 194 102 0 0.610681 -0.556548 -0.563315
0.034134 0.853356 -5.871036 138 201 90 0 0.752693 -0.284846 -0.593562
0.018486 0.673132 -5.772290 136 196 117 0 0.793649 -0.492223 -0.357543
0.080539 0.683924 -5.743692 111 163 61 0 -0.735696 0.419692 0.531610
0.084856 0.478879 -5.516523 138 195 94 0 -0.119722 0.619300 0.775973
0.153924 0.842025 -5.761498 116 177 81 0 0.570746 -0.444283 -0.690552
0.059495 0.567912 -5.597462 106 167 59 0 0.413458 -0.682454 -0.602751
0.173889 0.804793 -5.718331 131 186 100 0 0.560138 -0.395875 -0.727687
0.293679 0.885193 -5.676243 148 198 63 0 -0.695329 0.276533 0.663360
0.243496 0.681766 -5.565626 124 184 104 0 0.620384 -0.492608 -0.610296
0.135038 0.552263 -5.537027 110 174 71 0 0.325308 -0.597207 -0.733157
0.304471 0.968290 -5.692970 174 225 163 0 0.862835 -0.484526 -0.144048
0.001759 0.778893 -5.851071 133 193 95 0 0.723183 -0.230603 -0.651021
0.160399 0.730329 -5.678401 130 193 102 0 0.575593 -0.338870 -0.744217
0.076762 0.831773 -5.819235 121 182 94 0 0.513212 -0.252730 -0.820208
0.367603 0.787526 -5.466341 157 217 135 0 0.791071 -0.261602 -0.552966
-0.033854 0.568451 -5.620665 118 181 51 0 -0.104194 -0.767517 -0.632504
0.112915 0.758928 -5.742073 125 186 92 0 0.531637 -0.682576 -0.501450
0.379474 0.852817 -5.519221 159 206 67 0 -0.767207 0.638144 -0.064531
0.349257 0.766482 -5.485227 158 219 153 0 0.785691 -0.238041 -0.570987
0.100504 0.642915 -5.656278 121 183 85 0 0.587421 -0.580650 -0.563721
0.253209 0.743279 -5.602858 132 192 108 0 0.705845 -0.358655 -0.610859
0.157701 0.543090 -5.512206 106 166 71 0 0.459328 -0.579588 -0.673124
0.011471 0.699572 -5.837041 124 171 61 0 -0.331684 0.745885 0.577616
0.205185 0.773497 -5.669767 131 188 102 0 0.610241 -0.532481 -0.586575
-0.019825 0.592733 -5.678401 109 170 70 0 0.562521 -0.823027 -0.078724
0.003917 0.504240 -5.562388 110 170 61 0 0.421911 -0.513845 -0.746963
0.052480 0.591654 -5.626060 112 172 61 0 0.363212 -0.776466 -0.514954
0.029818 0.488052 -5.554295 144 205 98 0 -0.261836 0.728382 0.633168
0.303931 0.822600 -5.594764 145 205 130 0 0.631590 -0.159033 -0.758817
0.328752 0.829614 -5.589368 151 187 79 0 -0.806908 0.458579 0.372296
0.063272 0.830694 -5.832725 123 183 92 0 0.539535 -0.379794 -0.751437
0.325515 0.823139 -5.564547 144 202 137 0 0.816191 -0.262736 -0.514589
0.278570 0.792382 -5.607714 145 205 120 0 0.602751 -0.413458 -0.682454
0.316881 0.849040 -5.590447 152 210 134 0 0.696713 -0.269438 -0.664827
0.222992 0.977463 -5.790097 112 165 70 0 0.624942 -0.434960 -0.648273
0.051941 0.663959 -5.723187 139 201 114 0 0.601974 -0.474536 -0.642217
0.217056 0.728710 -5.627140 128 184 96 0 0.532743 -0.475961 -0.699747
0.053020 0.587877 -5.651961 124 179 86 0 -0.475920 0.810178 0.342217
0.008234 0.684464 -5.798191 149 210 119 0 0.696391 -0.286561 -0.657969
0.233784 0.748136 -5.626600 167 187 139 0 0.783986 -0.389569 -0.483324
-0.025761 0.574926 -5.638471 109 171 50 0 0.006655 -0.879853 -0.475200
0.237561 0.611079 -5.510588 135 196 121 0 0.666405 -0.569046 -0.481759
0.228388 0.774576 -5.648724 132 193 107 0 0.682039 -0.547977 -0.484298
0.315262 0.621331 -5.445297 120 182 85 0 0.418195 -0.386393 -0.822079
0.244036 0.590575 -5.484687 135 195 123 0 0.610116 -0.442961 -0.656920
0.129103 0.624029 -5.612031 135 171 90 0 0.501450 -0.531637 -0.682576
0.078921 0.957498 -5.889922 126 183 105 0 0.717629 -0.237116 -0.654817
0.354113 0.727092 -5.456628 147 208 128 0 0.776149 -0.158244 -0.610370
0.221373 0.796699 -5.670847 131 190 100 0 0.753498 -0.387373 -0.531208
0.163097 0.526363 -5.498716 120 185 82 0 0.411385 -0.395502 -0.821182
0.026580 0.606223 -5.664911 118 177 72 0 0.483753 -0.795541 -0.364824
0.312025 0.595431 -5.437203 118 179 73 0 0.410025 -0.299457 -0.861513
0.238640 0.920266 -5.733439 142 199 111 0 0.721447 -0.442819 -0.532378
0.007155 0.607842 -5.691351 130 188 93 0 0.449475 -0.861115 -0.237601
0.095108 0.726012 -5.731821 127 187 93 0 0.666270 -0.508513 -0.545435
0.236482 0.672053 -5.587210 135 193 77 0 -0.832994 0.366895 0.414135
0.074064 0.679068 -5.714014 129 187 102 0 0.547201 -0.516894 -0.658325
0.061654 0.850659 -5.846214 129 187 92 0 0.428169 -0.380417 -0.819728
0.135578 0.880336 -5.800349 115 176 82 0 0.531610 -0.419692 -0.735696
0.164716 0.650469 -5.609333 125 184 89 0 0.585899 -0.545375 -0.599406
0.299075 0.692018 -5.524077 126 177 62 0 -0.633299 0.555614 0.538726
0.226769 0.643994 -5.562388 195 185 129 0 -0.388961 0.920672 0.032741
0.173349 0.686083 -5.632535 126 186 97 0 0.616968 -0.443080 -0.650408
0.022263 0.778893 -5.871036 136 189 76 0 -0.380053 0.309842 0.871526
0.018486 0.508017 -5.558611 107 169 53 0 0.348727 -0.569317 -0.744492
0.258065 0.855515 -5.670307 125 175 102 0 0.696363 -0.365386 -0.617715
0.046545 0.711443 -5.767434 128 189 110 0 0.664094 -0.395807 -0.634284
0.256986 0.695256 -5.561849 136 197 117 0 0.496803 -0.584375 -0.641633
0.314183 0.809649 -5.594764 122 174 51 0 -0.803245 0.356111 0.477476
0.149068 0.874940 -5.786320 118 178 82 0 0.547698 -0.524105 -0.652182
0.201408 0.659643 -5.586131 120 179 89 0 0.562536 -0.596322 -0.572672
0.302312 0.663420 -5.494400 125 176 68 0 -0.676251 0.358593 0.643503
-0.012810 0.512334 -5.574799 116 179 58 0 0.126908 -0.529511 -0.838757
0.293139 0.864148 -5.630917 141 201 117 0 0.507104 -0.483827 -0.713271
0.255368 0.878717 -5.722108 127 178 57 0 -0.868209 0.338402 0.362902
0.131261 0.605144 -5.593685 115 174 77 0 0.317174 -0.751878 -0.577996
0.038451 0.830154 -5.854309 118 178 85 0 0.538155 -0.571896 -0.619132
0.357351 0.799937 -5.494400 165 224 154 0 0.832475 -0.396492 -0.387014
-0.030077 0.531759 -5.604477 146 198 132 0 0.001359 0.569351 0.822094
0.300154 0.816664 -5.621744 130 182 53 0 -0.702446 0.322833 0.634310
0.281808 0.767561 -5.612571 137 191 63 0 -0.932835 0.354926 0.062013
0.258605 0.715760 -5.595843 131 183 67 0 -0.682278 0.388221 0.619501
0.265080 0.747596 -5.592606 136 196 106 0 0.704761 -0.419540 -0.572100
0.040609 0.907855 -5.895857 144 200 102 0 0.545435 -0.508513 -0.666270
0.126405 0.975844 -5.861323 133 189 95 0 0.507514 -0.356065 -0.784632
0.349257 0.917568 -5.565086 162 218 145 0 0.779890 -0.038078 -0.624758
0.002838 0.754611 -5.838120 132 193 95 0 0.585518 -0.534897 -0.609142
0.182522 0.911093 -5.780924 118 176 89 0 0.445601 -0.491641 -0.748150
0.400518 0.728171 -5.414540 132 192 92 0 0.514705 -0.048557 -0.855991
0.070827 0.558739 -5.580735 120 158 72 0 0.315224 -0.687027 -0.654696
0.027120 0.794541 -5.878590 130 181 77 0 -0.055949 0.690042 0.721603
0.389187 0.835010 -5.447455 162 224 140 0 0.953024 -0.119952 -0.278130
0.331990 0.768101 -5.537027 137 188 57 0 -0.810606 0.486998 0.325194
0.266699 0.818283 -5.662753 139 193 70 0 -0.707202 0.206720 0.676116
0.319040 0.804793 -5.562928 158 216 145 0 0.677487 -0.365810 -0.638117
0.036832 0.813427 -5.842977 127 185 94 0 0.497198 -0.608435 -0.618548
0.418864 0.781051 -5.404827 162 199 131 0 0.396172 0.190105 -0.898280
0.239180 0.725473 -5.605016 130 190 100 0 0.666909 -0.427421 -0.610363
0.317421 0.716839 -5.518142 132 183 57 0 -0.642217 0.474536 0.601974
0.274253 0.751913 -5.607714 125 174 61 0 -0.404097 0.575633 0.710881
0.040070 0.791303 -5.863482 131 186 66 0 -0.791363 0.419147 0.445040
0.407533 0.763244 -5.411303 147 199 103 0 0.610295 -0.006888 -0.792144
0.096187 0.778893 -5.769592 139 203 90 0 0.602914 -0.555627 -0.572515
0.144211 0.954800 -5.837041 128 186 100 0 0.601942 -0.285803 -0.745642
-0.027379 0.551184 -5.619046 147 201 140 0 0.143225 0.719141 0.679943
0.260224 0.924583 -5.714014 130 184 104 0 0.609447 -0.572306 -0.548671
0.305010 0.561437 -5.429109 166 194 147 0 0.669264 -0.545140 -0.504884
0.033595 0.581941 -5.649803 134 192 90 0 -0.506611 0.862174 0.001337
0.311485 0.963434 -5.674624 171 224 137 0 0.524325 -0.618737 -0.585019
0.316342 0.910553 -5.621744 157 217 140 0 0.841263 -0.040192 -0.539129
0.281268 0.744359 -5.594224 129 181 68 0 -0.585638 0.514754 0.626144
0.217596 0.751913 -5.642788 135 195 106 0 0.695240 -0.369808 -0.616347
-0.037632 0.568451 -5.665990 56 78 44 0 0.117950 0.989149 0.087587
0.246734 0.547407 -5.456628 127 163 102 0 0.798878 0.190209 -0.570627
0.315262 0.755150 -5.555374 127 179 59 0 -0.746697 0.387237 0.540824
0.163637 0.894905 -5.786320 125 185 90 0 0.664261 -0.220378 -0.714276
0.294218 0.965592 -5.708618 151 207 131 0 0.798318 -0.417706 -0.433833
0.329292 0.789684 -5.559690 148 198 63 0 -0.806262 0.189798 0.560284
0.179824 0.699033 -5.636313 134 183 106 0 0.659755 -0.388577 -0.643220
0.180364 0.571689 -5.522459 118 181 85 0 0.497141 -0.625218 -0.601625
0.329292 0.878178 -5.583433 157 207 144 0 0.847215 -0.158206 -0.507146
0.295297 0.941310 -5.681639 157 212 138 0 0.737480 -0.523000 -0.427310
0.038451 0.758928 -5.808982 128 188 97 0 0.665148 -0.381263 -0.642041
0.059495 0.737884 -5.773909 127 188 91 0 0.592765 -0.452505 -0.666235
0.249972 0.986636 -5.780924 128 171 80 0 0.332001 -0.600841 -0.727163
0.054639 0.691478 -5.743692 131 193 100 0 0.602756 -0.514960 -0.609510
0.398899 0.833931 -5.424253 68 87 64 0 0.884345 -0.031053 -0.465800
-0.012810 0.611619 -5.742613 157 214 131 0 0.705167 -0.673896 -0.220462
0.105900 0.692018 -5.729123 132 192 75 0 -0.562444 0.814728 0.140982
0.054099 0.978003 -5.914743 141 187 121 0 0.601387 -0.023611 -0.798609
0.158241 0.955879 -5.825171 143 200 103 0 0.488342 -0.505009 -0.711679
0.299075 0.838248 -5.637931 153 205 69 0 -0.759801 0.330699 0.559768
0.067049 0.772957 -5.789557 129 191 87 0 0.369601 -0.609430 -0.701420
0.360049 0.700652 -5.440440 134 192 109 0 0.507482 -0.197271 -0.838776
0.388647 0.667197 -5.412921 133 195 97 0 0.554500 -0.118508 -0.823703
0.334688 0.794001 -5.531092 160 217 149 0 0.838776 -0.197271 -0.507482
0.256986 0.864148 -5.708618 125 175 63 0 -0.556548 0.563315 0.610681
0.387568 0.859832 -5.485227 171 226 157 0 0.862708 -0.433636 -0.260182
0.155543 0.897603 -5.832725 117 168 64 0 -0.315485 0.948930 0.001237
0.236482 0.708206 -5.594764 143 201 111 0 0.595381 -0.445285 -0.668762
0.003917 0.682845 -5.835962 83 97 58 0 -0.665234 0.601878 0.441822
0.286124 0.681226 -5.546201 132 184 77 0 -0.330546 0.838114 0.433940
0.187379 0.939152 -5.791716 127 183 94 0 0.837029 -0.276947 -0.471893
0.272635 0.556041 -5.443678 116 181 82 0 0.364269 -0.246287 -0.898137
0.286124 0.749215 -5.567245 145 209 109 0 0.700990 0.581672 -0.412639
-0.027379 0.520967 -5.584512 105 136 75 0 0.181572 -0.411079 -0.893334
0.108598 0.941850 -5.907728 103 156 61 0 -0.347733 -0.677509 0.648123
0.140974 0.772957 -5.726964 123 184 96 0 0.689578 -0.405148 -0.600281
0.290441 0.802635 -5.598541 142 203 125 0 0.759718 -0.299089 -0.577386
0.342242 0.740042 -5.479831 160 220 140 0 0.793649 -0.357543 -0.492223
0.342782 0.894905 -5.571561 155 211 144 0 0.728220 -0.314862 -0.608734
0.234323 0.975844 -5.780384 116 170 72 0 0.577350 -0.577350 -0.577350
0.046545 0.635900 -5.698366 131 189 100 0 0.738837 -0.381705 -0.555357
0.042768 0.882495 -5.916362 149 169 111 0 0.474261 0.759802 0.444722
0.232165 0.935914 -5.751246 133 188 99 0 0.592765 -0.452505 -0.666235
0.183062 0.643455 -5.587749 121 179 89 0 0.538750 -0.475368 -0.695538
0.045466 0.927281 -5.900713 146 201 103 0 0.610241 -0.532481 -0.586575
0.204106 0.638059 -5.566165 126 181 93 0 0.467140 -0.477044 -0.744453
0.021184 0.789145 -5.841358 134 191 89 0 0.561786 -0.323550 -0.761388
0.245115 0.660182 -5.544042 141 201 114 0 0.579999 -0.539416 -0.610436
0.279649 0.874401 -5.655199 147 207 132 0 0.610859 -0.358655 -0.705845
-0.013890 0.586258 -5.721029 131 176 75 0 -0.299157 0.941184 -0.157092
0.089173 0.626188 -5.649263 126 177 84 0 0.499661 -0.563591 -0.657803
0.331450 0.677989 -5.456628 134 194 116 0 0.600957 -0.434487 -0.670874
0.322817 0.840406 -5.566705 161 210 148 0 0.747122 0.292769 -0.596737
0.325515 0.851738 -5.579116 149 202 138 0 0.898001 -0.168106 -0.406615
0.058416 0.934295 -5.892620 143 202 100 0 0.563560 -0.223880 -0.795159
0.027659 0.559818 -5.601779 109 165 57 0 0.316917 -0.744836 -0.587182
-0.021983 0.601366 -5.735058 125 150 106 0 0.711770 -0.671452 -0.206243
0.106979 0.850119 -5.805745 121 181 94 0 0.592907 -0.475334 -0.650015
0.046545 0.900301 -5.885065 141 198 99 0 0.452587 -0.339046 -0.824750
0.164176 0.771338 -5.705920 114 168 90 0 0.468361 -0.606016 -0.642948
0.013630 0.736804 -5.850531 118 167 58 0 -0.674443 0.244821 0.696556
0.317421 0.787526 -5.576418 139 179 75 0 -0.694315 0.419240 0.584948
-0.021983 0.607302 -5.759880 62 72 66 0 -0.316692 -0.790933 0.523575
0.052480 0.472404 -5.517602 123 180 76 0 0.390864 -0.588770 -0.707513
0.006075 0.482116 -5.557532 122 174 89 0 -0.436977 0.420852 0.794943
0.183602 0.610000 -5.557532 121 183 82 0 0.358593 -0.643503 -0.676251
0.280728 0.887351 -5.696747 127 177 56 0 -0.878860 0.441631 0.180467
0.306629 0.736804 -5.533250 144 197 86 0 0.798937 -0.397057 -0.451713
0.037911 0.931058 -5.916362 47 72 36 0 0.988665 -0.150135 0.001112
0.078921 0.584639 -5.604477 109 172 62 0 0.452793 -0.656634 -0.603167
0.350336 0.833931 -5.556993 147 198 63 0 -0.879478 0.387695 0.276063
0.072445 0.615935 -5.647644 115 177 69 0 0.324145 -0.753113 -0.572495
0.241338 0.834471 -5.674624 144 204 114 0 0.666909 -0.427421 -0.610363
0.049782 0.774036 -5.807364 128 189 94 0 0.484541 -0.397032 -0.779478
0.209502 0.982859 -5.799809 125 180 83 0 0.317350 -0.338406 -0.885873
0.295837 0.974765 -5.719950 90 109 98 0 0.697128 -0.711743 -0.086228
0.305550 0.697954 -5.502493 149 211 124 0 0.713033 -0.396861 -0.578001
0.096187 0.918647 -5.857007 118 158 88 0 0.339594 -0.529509 -0.777365
0.082698 0.781591 -5.780384 137 204 93 0 -0.062958 -0.228379 -0.971535
0.264541 0.566832 -5.451232 113 177 90 0 0.473764 -0.331160 -0.816015
0.266699 0.843104 -5.650882 140 195 128 0 0.812255 -0.310707 -0.493662
0.258605 0.766482 -5.613110 131 190 104 0 0.658594 -0.428503 -0.618578
0.041689 0.512873 -5.552136 111 165 63 0 0.213421 -0.658956 -0.721269
0.383791 0.827996 -5.459326 171 229 163 0 0.913393 -0.254124 -0.318017
0.000679 0.643994 -5.809522 108 135 66 0 0.292859 0.493319 0.819066
0.113454 0.808031 -5.774988 121 179 97 0 0.484526 -0.144048 -0.862835
0.312025 0.818283 -5.580735 145 206 133 0 0.784445 -0.365645 -0.500949
0.106440 0.689860 -5.695128 115 166 81 0 0.538726 -0.633299 -0.555614
0.342242 0.607842 -5.426950 118 180 76 0 0.411285 -0.110141 -0.904828
0.131801 0.481577 -5.489543 137 180 101 0 0.380188 -0.597438 -0.706063
0.402137 0.792382 -5.416698 149 206 114 0 0.753685 0.001378 -0.657235
0.229467 0.786447 -5.656278 139 199 104 0 0.544606 -0.403107 -0.735465
0.376776 0.666118 -5.420475 118 178 84 0 0.514258 -0.204793 -0.832825
0.360049 0.902999 -5.553216 144 201 126 0 0.706655 -0.117528 -0.697729
0.316881 0.772957 -5.544582 157 218 126 0 0.726629 -0.322047 -0.606873
0.012551 0.493448 -5.567245 130 183 96 0 0.601441 0.784424 0.151485
0.084856 0.845263 -5.822473 123 181 100 0 0.428503 -0.618578 -0.658594
0.253749 0.867386 -5.682178 138 197 121 0 0.744251 -0.307024 -0.593150
0.029278 0.590035 -5.638471 97 156 50 0 0.365690 -0.752509 -0.547723
0.006615 0.808570 -5.866179 141 186 101 0 0.634904 -0.493440 -0.594486
-0.019825 0.581401 -5.650342 108 166 59 0 0.324080 -0.911203 -0.254323
0.060574 0.624029 -5.667609 111 169 71 0 0.414114 -0.754572 -0.509049
0.311485 0.670974 -5.475514 140 200 118 0 0.659294 -0.373216 -0.652718
0.118850 0.779972 -5.752325 129 189 94 0 0.717561 -0.429211 -0.548528
0.268857 0.958038 -5.733439 143 199 118 0 0.541853 -0.669347 -0.508301
-0.032775 0.561437 -5.642788 80 114 64 0 0.015369 0.713975 0.700003
0.230546 0.598668 -5.506810 229 195 193 0 0.821353 -0.292558 -0.489683
0.322817 0.920806 -5.614729 169 225 157 0 0.879478 -0.276063 -0.387695
0.323356 0.687162 -5.484148 139 191 68 0 -0.823067 0.222243 0.522655
0.369222 0.846342 -5.512206 164 219 156 0 0.925055 -0.355365 -0.134126
0.220834 0.662880 -5.570482 130 185 96 0 0.609489 -0.568969 -0.552085
0.261843 0.650469 -5.515984 133 196 111 0 0.630030 -0.472102 -0.616589
0.128563 0.903539 -5.817077 119 174 83 0 0.548171 -0.554918 -0.625759
0.390266 0.878717 -5.511127 164 220 144 0 0.616239 -0.420239 -0.666070
0.067589 0.941850 -5.930391 113 163 62 0 0.228379 -0.062958 0.971535
0.246734 0.696874 -5.574259 141 202 114 0 0.650808 -0.460083 -0.603964
0.009853 0.540932 -5.589368 113 173 54 0 0.136349 -0.666763 -0.732691
0.230007 0.871163 -5.711856 143 201 116 0 0.746274 -0.142648 -0.650174
0.301233 0.901920 -5.641169 159 216 140 0 0.752294 -0.246577 -0.610945
0.240259 0.685003 -5.594224 144 201 80 0 -0.584826 0.621904 0.520782
0.204106 0.906237 -5.757721 125 183 104 0 0.666485 -0.334057 -0.666485
0.001219 0.558739 -5.609873 100 162 48 0 0.182338 -0.733949 -0.654272
0.070827 0.878717 -5.852690 132 192 92 0 0.433798 -0.354925 -0.828159
0.396741 0.762165 -5.419936 145 201 113 0 0.658512 -0.110985 -0.744341
0.409152 0.695256 -5.404288 134 194 89 0 0.529572 0.014975 -0.848133
0.271016 0.610540 -5.471737 125 186 95 0 0.611770 -0.412821 -0.674771
0.142593 0.848500 -5.774988 121 182 89 0 0.857884 -0.293123 -0.422036
0.323356 0.888430 -5.629298 146 192 58 0 -0.923046 0.197087 0.330368
0.201948 0.708206 -5.625521 192 179 163 0 0.643732 -0.325920 -0.692377
0.282347 0.927281 -5.727504 144 199 66 0 -0.692341 0.430015 0.579441
0.322817 0.738963 -5.509508 150 211 132 0 0.808487 -0.379428 -0.449871
0.108598 0.770799 -5.754484 125 188 91 0 0.610296 -0.492608 -0.620384
0.279110 0.661261 -5.519221 131 182 66 0 -0.687438 0.506797 0.520178
0.147449 0.944548 -5.828408 136 195 103 0 0.832795 -0.096368 -0.545129
0.178745 0.857134 -5.751786 121 182 87 0 0.667673 -0.294420 -0.683761
0.349257 0.869544 -5.556993 140 194 120 0 0.730563 -0.229963 -0.642958
0.004996 0.465929 -5.549978 66 91 64 0 -0.710044 0.237731 0.662813
0.286664 0.702270 -5.549978 126 180 67 0 -0.703919 0.444317 0.554149
0.244036 0.818283 -5.661134 134 195 109 0 0.651457 -0.499955 -0.570656
0.119390 0.835010 -5.785780 130 190 105 0 0.648144 -0.341214 -0.680796
0.409691 0.713062 -5.405906 133 194 87 0 0.459520 -0.159009 -0.873818
0.255907 0.843104 -5.693510 121 172 62 0 -0.588396 0.445048 0.675072
0.343321 0.855515 -5.558611 147 205 129 0 0.683736 -0.175905 -0.708210
0.033595 0.741121 -5.837041 126 177 68 0 -0.514590 0.578703 0.632693
0.210581 0.523665 -5.466880 87 142 64 0 0.221066 -0.173411 -0.959718
0.269937 0.928900 -5.705380 142 201 121 0 0.409343 -0.497409 -0.764868
0.101044 0.566832 -5.570482 121 175 83 0 0.333481 -0.768457 -0.546136
0.392424 0.775115 -5.425332 151 210 123 0 0.736618 -0.064869 -0.673191
0.059495 0.907855 -5.875352 134 192 88 0 0.460994 -0.365286 -0.808734
0.153924 0.578164 -5.547280 124 166 79 0 0.376488 -0.596792 -0.708587
0.288822 0.911093 -5.667609 149 206 134 0 0.774507 -0.277175 -0.568606
0.032515 0.470245 -5.526236 80 104 58 0 0.300684 -0.855794 -0.420958
0.090252 0.672053 -5.692970 121 183 87 0 0.525012 -0.682683 -0.508238
0.117232 0.941850 -5.849992 135 193 94 0 0.617715 -0.365386 -0.696363
0.366524 0.619173 -5.417238 95 111 78 0 0.657208 -0.650620 -0.380489
0.124786 0.502081 -5.513825 135 188 94 0 -0.324004 0.515533 0.793251
0.065970 0.458374 -5.512746 135 192 97 0 -0.315325 0.545817 0.776308
0.088633 0.535536 -5.548359 116 180 67 0 0.364818 -0.600396 -0.711641
0.187918 0.563595 -5.508429 115 178 81 0 0.572515 -0.602914 -0.555627
0.017407 0.718458 -5.803047 133 194 89 0 0.570500 -0.331310 -0.751508
0.169033 0.564134 -5.541884 150 199 109 0 -0.682625 0.636789 0.358501
0.137197 0.683924 -5.662213 121 183 81 0 0.668063 -0.570951 -0.477187
0.043307 0.484814 -5.541344 119 174 82 0 -0.270364 0.523538 0.807967
0.213279 0.682305 -5.593685 143 179 119 0 0.660506 -0.446469 -0.603653
0.226229 0.519348 -5.458786 86 102 66 0 0.673191 -0.736618 0.064869
0.391885 0.640217 -5.407525 158 191 122 0 0.523575 -0.316692 -0.790933
0.251590 0.610540 -5.490623 149 213 128 0 0.644483 -0.563712 -0.516596
0.260224 0.743819 -5.616348 132 186 65 0 -0.603913 0.482794 0.634192
0.108059 0.483196 -5.500335 110 172 66 0 0.338440 -0.410184 -0.846881
0.335767 0.648311 -5.441520 123 183 88 0 0.552900 -0.173252 -0.815037
-0.031157 0.573308 -5.694589 152 173 138 0 -0.040401 0.968407 0.246081
0.375697 0.815585 -5.465261 169 229 164 0 0.870492 -0.213517 -0.443458
0.301773 0.776734 -5.592606 143 193 63 0 -0.732446 0.464599 0.497666
0.237021 0.961275 -5.767973 122 176 81 0 0.443184 -0.640526 -0.627147
0.267778 0.723315 -5.571561 149 212 105 0 0.634192 -0.482794 -0.603913
0.067589 0.804254 -5.812220 109 168 85 0 0.785639 -0.396869 -0.474623
0.274253 0.637519 -5.504652 138 194 75 0 -0.774274 0.418923 0.474345
0.235403 0.701731 -5.610952 131 183 69 0 -0.609121 0.507882 0.609121
0.254288 0.590035 -5.472276 129 190 108 0 0.697419 -0.506758 -0.506758
-0.005256 0.559818 -5.630377 132 186 109 0 0.300544 0.868069 0.395132
0.337925 0.630504 -5.435584 123 186 79 0 0.425201 -0.322405 -0.845730
0.344400 0.662880 -5.439901 116 178 90 0 0.515813 -0.198157 -0.833469
0.001219 0.704429 -5.812760 136 197 100 0 0.968481 -0.071230 -0.238684
-0.008494 0.590035 -5.661674 108 168 58 0 0.294614 -0.889823 -0.348452
0.023342 0.627267 -5.712935 122 179 93 0 0.371414 -0.734646 -0.567756
0.024422 0.641836 -5.733439 138 200 112 0 0.674771 -0.611770 -0.412821
0.348717 0.701191 -5.451232 139 198 117 0 0.729764 -0.293509 -0.617492
0.083777 0.739502 -5.750707 122 186 79 0 0.482412 -0.586626 -0.650499
0.053020 0.911093 -5.919599 139 168 102 0 0.221134 0.858963 0.461824
0.185760 0.972067 -5.851071 117 166 73 0 -0.821182 0.411385 0.395502
-0.023602 0.592193 -5.693510 131 189 105 0 0.528385 -0.830746 -0.175130
0.159859 0.557659 -5.525156 123 183 81 0 0.538456 -0.595846 -0.595846
0.271555 0.594891 -5.464722 118 149 79 0 0.404831 -0.309395 -0.860457
-0.008494 0.716839 -5.830027 163 200 144 0 0.394557 -0.528804 -0.751459
0.306089 0.655865 -5.484148 123 174 65 0 -0.523754 0.460571 0.716628
-0.019825 0.618633 -5.770671 78 128 53 0 0.848436 -0.473723 -0.236100
0.164176 0.722775 -5.668149 123 183 97 0 0.605085 -0.605085 -0.517440
0.202487 0.958577 -5.790097 132 188 93 0 0.555297 -0.388216 -0.735482
0.041689 0.709285 -5.808982 136 192 59 0 -0.845911 0.213369 0.488782
0.351955 0.832852 -5.530552 157 213 138 0 0.891524 -0.260462 -0.370600
0.070827 0.478879 -5.524617 146 206 98 0 -0.556861 0.587327 0.587327
0.385409 0.704429 -5.421555 130 189 92 0 0.552257 -0.140655 -0.821723
0.043307 0.683385 -5.751786 130 192 116 0 0.670034 -0.492030 -0.555843
0.113994 0.563595 -5.558072 114 169 62 0 0.388216 -0.555297 -0.735482
0.226769 0.910014 -5.738835 142 196 106 0 0.608767 -0.524450 -0.595277
0.101583 0.962354 -5.871036 128 188 89 0 0.259281 -0.332525 -0.906753
0.190616 0.658024 -5.595304 112 178 72 0 0.516538 -0.506508 -0.690389
0.290981 0.886811 -5.646565 149 209 133 0 0.719684 -0.333037 -0.609214
0.104821 0.530140 -5.533790 113 172 71 0 0.419240 -0.584948 -0.694315
0.297456 0.709825 -5.524617 151 214 130 0 0.721359 -0.325827 -0.611129
0.026580 0.826377 -5.858625 126 183 84 0 0.602337 -0.531474 -0.595588
0.106979 0.470245 -5.502493 140 195 96 0 -0.387567 0.293335 0.873926
0.141513 0.597050 -5.576958 122 158 81 0 0.558000 -0.678649 -0.477568
0.396741 0.864148 -5.459326 183 218 173 0 0.793430 -0.601260 -0.094629
0.280189 0.700652 -5.538646 148 212 114 0 0.665955 -0.498208 -0.555242
-0.003098 0.606762 -5.701603 126 184 92 0 0.600668 -0.760638 -0.246227
0.339544 0.885732 -5.600160 145 196 61 0 -0.784632 0.356065 0.507514
0.142593 0.546867 -5.526775 114 176 76 0 0.485559 -0.660293 -0.572926
0.184141 0.741661 -5.667069 152 159 114 0 0.485411 -0.606344 -0.629859
0.306629 0.798318 -5.574259 141 202 127 0 0.672407 -0.508078 -0.538261
0.322817 0.961275 -5.649803 182 229 186 0 0.722321 -0.459961 -0.516418
0.286124 0.730329 -5.574799 120 172 61 0 -0.722321 0.516418 0.459961
0.335227 0.814506 -5.569943 146 198 65 0 -0.814215 0.196325 0.546361
0.193314 0.887890 -5.755563 126 178 96 0 0.710769 -0.276322 -0.646880
0.074064 0.626727 -5.660055 117 160 78 0 0.308834 -0.799801 -0.514723
0.408612 0.806951 -5.412921 136 156 130 0 0.821621 0.159552 -0.547250
0.094029 0.891668 -5.842437 136 196 103 0 0.413389 -0.435908 -0.799433
0.153924 0.918108 -5.808982 127 185 91 0 0.475368 -0.538750 -0.695538
0.327673 0.959656 -5.629838 137 176 130 0 0.750684 -0.491148 -0.441869
0.071366 0.522586 -5.544582 118 179 72 0 0.228388 -0.576407 -0.784598
0.281808 0.851198 -5.637931 134 194 114 0 0.744836 -0.316917 -0.587182
0.060035 0.605144 -5.640629 118 173 64 0 0.479315 -0.620587 -0.620587
0.299075 0.757309 -5.556993 159 203 111 0 -0.071151 -0.301421 -0.950833
-0.019825 0.542011 -5.598001 111 169 48 0 0.103936 -0.601658 -0.791963
0.301773 0.642376 -5.478752 121 170 62 0 -0.609430 0.369601 0.701420
0.212200 0.546328 -5.473895 106 159 82 0 0.599290 -0.449051 -0.662725
0.208423 0.857673 -5.724267 132 189 100 0 0.547459 -0.421758 -0.722778
0.100504 0.712523 -5.718331 120 181 86 0 0.470533 -0.444301 -0.762362
0.384870 0.786447 -5.436663 156 214 136 0 0.817860 -0.215548 -0.533520
0.057876 0.893286 -5.870496 132 189 92 0 0.675480 -0.373075 -0.636036
0.387028 0.904078 -5.529473 108 131 102 0 0.412547 -0.190967 -0.890694
0.226769 0.638598 -5.546201 169 190 141 0 0.626116 -0.394833 -0.672373
0.200869 0.697414 -5.617967 195 152 123 0 0.199511 -0.697515 -0.688236
0.045466 0.581401 -5.617427 114 174 59 0 0.247802 -0.677115 -0.692899
-0.007414 0.589495 -5.731821 130 181 63 0 0.172861 0.720508 -0.671556
0.248892 0.647771 -5.529473 144 209 108 0 0.601337 -0.428099 -0.674630
0.270476 0.709285 -5.576418 114 169 61 0 -0.612913 0.351403 0.707710
0.048703 0.747057 -5.792255 129 191 96 0 0.641895 -0.333135 -0.690646
0.308248 0.771338 -5.577497 134 176 70 0 -0.809765 0.381723 0.445610
0.131801 0.633202 -5.620665 125 187 88 0 0.532898 -0.532898 -0.657297
0.253749 0.721156 -5.606635 125 178 61 0 -0.732357 0.461236 0.500913
0.287743 0.758928 -5.575878 139 200 118 0 0.676993 -0.420833 -0.603804
0.146909 0.736265 -5.695128 123 186 90 0 0.594709 -0.513842 -0.618295
0.280728 0.589495 -5.452312 116 179 85 0 0.579787 -0.379408 -0.721039
0.339544 0.859832 -5.589368 143 193 59 0 -0.800496 0.157696 0.578220
0.042228 0.459993 -5.510588 69 100 59 0 0.064838 -0.467664 -0.881525
0.305550 0.714141 -5.534329 130 182 63 0 -0.790933 0.316692 0.523575
0.152305 0.665038 -5.633615 128 187 86 0 0.555716 -0.579363 -0.596254
0.293679 0.745977 -5.577497 116 168 53 0 -0.721039 0.379408 0.579787
0.083237 0.660722 -5.685956 123 184 93 0 0.571557 -0.625510 -0.531093
0.367603 0.898143 -5.544042 146 202 118 0 0.704526 -0.268769 -0.656815
0.356811 0.932677 -5.561849 68 87 73 0 0.411780 -0.174826 -0.894356
0.276412 0.819902 -5.626600 140 198 119 0 0.725754 -0.251405 -0.640372
-0.008494 0.675830 -5.814918 133 148 130 0 0.826572 -0.134079 -0.546628
-0.043567 0.539313 -5.596922 69 90 60 0 0.126293 -0.616608 -0.777074
0.355732 0.741661 -5.462024 146 204 135 0 0.711780 -0.286311 -0.641401
0.327673 0.652088 -5.450693 139 166 101 0 0.530213 -0.278480 -0.800826
0.296916 0.618633 -5.457707 140 173 111 0 0.715646 -0.556981 -0.421454
0.104821 0.554422 -5.556453 114 177 70 0 0.493440 -0.594486 -0.634904
0.138276 0.716300 -5.687574 127 190 93 0 0.630626 -0.402210 -0.663730
-0.004177 0.534996 -5.605556 144 205 110 0 0.048349 0.860606 0.506970
-0.012810 0.577624 -5.676782 119 174 73 0 -0.500145 0.865374 -0.031344
0.281268 0.629965 -5.490083 111 163 60 0 -0.594965 0.299888 0.745711
0.030357 0.764863 -5.818695 125 185 93 0 0.713080 -0.237693 -0.659560
0.154464 0.643994 -5.613110 121 179 80 0 0.428503 -0.618578 -0.658594
-0.003637 0.741121 -5.839200 151 183 124 0 0.538261 -0.347526 -0.767790
0.073525 0.966132 -5.897476 127 177 105 0 0.515533 -0.324004 -0.793251
0.377855 0.858752 -5.507350 160 218 145 0 0.641168 -0.513271 -0.570488
0.191156 0.791303 -5.693510 126 183 96 0 0.619308 -0.555184 -0.555184
0.222452 0.929439 -5.756103 132 188 97 0 0.540824 -0.387237 -0.746697
0.294218 0.820981 -5.605016 141 200 128 0 0.720949 -0.340132 -0.603774
0.118311 0.887351 -5.819235 119 160 98 0 0.864046 -0.062612 -0.499505
0.012551 0.780511 -5.844596 130 191 89 0 0.436180 -0.348000 -0.829845
0.051941 0.870623 -5.866719 131 187 96 0 0.634535 -0.405903 -0.657729
0.310946 0.848500 -5.624981 149 201 64 0 -0.903908 0.339517 0.260149
0.063272 0.647771 -5.694589 130 192 91 0 0.548846 -0.585999 -0.596132
-0.000400 0.689320 -5.810601 147 208 122 0 0.790637 -0.307028 -0.529743
0.278030 0.894366 -5.669228 140 199 127 0 0.674771 -0.412821 -0.611770
0.111836 0.510175 -5.515444 107 171 65 0 0.396869 -0.474623 -0.785639
0.227848 0.828535 -5.684876 140 199 108 0 0.577728 -0.434545 -0.690943
0.317421 0.745977 -5.525156 161 217 143 0 0.858831 -0.302665 -0.413284
0.374078 0.771878 -5.446376 148 208 126 0 0.860641 -0.182201 -0.475500
0.077841 0.644534 -5.674624 125 184 90 0 0.658429 -0.523712 -0.540552
0.183062 0.633202 -5.578576 117 169 78 0 0.523309 -0.553597 -0.647826
0.008773 0.655865 -5.773909 155 212 123 0 0.768629 -0.468358 -0.435719
0.233784 0.691478 -5.603937 127 185 72 0 -0.710355 0.480779 0.514051
-0.019825 0.596510 -5.710237 149 204 116 0 0.585930 -0.789865 -0.181106
0.124786 0.728710 -5.710237 124 185 95 0 0.602818 -0.579178 -0.548784
0.231086 0.811268 -5.670307 143 202 114 0 0.746697 -0.387237 -0.540824
0.418325 0.734646 -5.403748 135 195 85 0 0.520370 -0.023219 -0.853625
0.375157 0.892207 -5.534869 152 209 127 0 0.854296 -0.173228 -0.490073
0.289362 0.682845 -5.527854 128 179 65 0 -0.705013 0.538343 0.461675
0.191156 0.704968 -5.633075 143 162 101 0 0.499706 -0.620847 -0.604022
0.160939 0.496685 -5.483068 121 183 86 0 0.339802 -0.421229 -0.840893
0.053560 0.493987 -5.533250 108 169 66 0 0.332687 -0.498234 -0.800676
0.205725 0.562516 -5.491162 112 173 96 0 0.474536 -0.642217 -0.601974
0.375697 0.688241 -5.425332 129 191 92 0 0.602730 -0.142083 -0.785194
0.130721 0.806951 -5.758801 122 183 91 0 0.581165 -0.517152 -0.628332
0.053020 0.459993 -5.520840 148 206 102 0 -0.238912 0.522524 0.818468
0.147988 0.520967 -5.504652 110 173 70 0 0.294256 -0.468630 -0.832946
0.171191 0.519348 -5.488464 119 183 84 0 0.483919 -0.434707 -0.759507
0.022803 0.488591 -5.544042 121 183 63 0 0.238041 -0.570987 -0.785691
0.220294 0.595431 -5.514904 113 133 71 0 0.460538 -0.460538 -0.758822
0.384870 0.751373 -5.429648 139 198 109 0 0.691332 -0.104658 -0.714917
0.305010 0.949944 -5.673005 164 222 142 0 0.711480 -0.545634 -0.442809
0.121009 0.598129 -5.593685 116 178 71 0 0.492608 -0.610296 -0.620384
0.037911 0.546867 -5.586131 104 165 54 0 0.326476 -0.635086 -0.700056
0.022263 0.843644 -5.875892 130 189 88 0 0.602613 -0.397890 -0.691767
0.394043 0.810189 -5.426950 161 221 138 0 0.782789 -0.158368 -0.601798
0.165795 0.587877 -5.548899 116 175 80 0 0.538155 -0.619132 -0.571896
0.219754 0.765403 -5.650882 134 192 105 0 0.667367 -0.466655 -0.580392
0.211660 0.787526 -5.674084 120 180 90 0 0.533695 -0.547164 -0.644811
0.122628 0.658563 -5.651961 127 184 89 0 0.452505 -0.666235 -0.592765
0.182522 0.927820 -5.792255 115 171 89 0 0.579627 -0.482183 -0.656911
0.219754 0.819362 -5.686495 138 199 103 0 0.567756 -0.371414 -0.734646
0.028738 0.894905 -5.902872 91 140 64 0 0.307691 -0.460756 -0.832484
0.313644 0.798858 -5.588829 132 183 61 0 -0.816511 0.246348 0.522133
0.107519 0.818823 -5.786320 118 180 95 0 0.697895 -0.315753 -0.642840
0.091871 0.645613 -5.667069 117 179 82 0 0.373977 -0.644164 -0.667229
0.305010 0.920806 -5.647105 163 219 147 0 0.885248 -0.299091 -0.356203
0.112915 0.873861 -5.815458 121 178 97 0 0.813436 -0.243256 -0.528346
0.072985 0.713602 -5.743152 118 179 87 0 0.580704 -0.510009 -0.634566
0.266699 0.668276 -5.526236 144 207 119 0 0.586295 -0.492219 -0.643412
0.060574 0.996888 -5.908268 90 117 94 0 0.613065 -0.064308 -0.787410
0.166335 0.704968 -5.655738 120 180 93 0 0.618963 -0.531262 -0.578486
0.136657 0.949404 -5.878050 115 165 61 0 -0.792601 0.213925 0.570981
-0.007954 0.660182 -5.810601 74 82 67 0 0.958087 -0.149329 -0.244477
0.252670 0.805872 -5.646565 132 178 98 0 0.658057 -0.365952 -0.658057
0.183602 0.751913 -5.674624 216 206 183 0 0.523171 -0.411649 -0.746216
0.052480 0.819362 -5.837041 129 188 95 0 0.444292 -0.516964 -0.731678
0.260763 0.620252 -5.503033 123 179 64 0 -0.704761 0.419540 0.572100
0.047085 0.817204 -5.876971 117 167 65 0 -0.499223 0.414110 0.761111
0.321198 0.823679 -5.596922 141 194 60 0 -0.876074 0.189939 0.443190
0.135038 0.648311 -5.630917 124 180 87 0 0.355692 -0.640902 -0.680241
0.302852 0.934835 -5.664371 157 215 144 0 0.661172 -0.453614 -0.597566
0.013630 0.806951 -5.855927 128 183 88 0 0.656920 -0.442961 -0.610116
0.212200 0.608381 -5.531092 118 171 97 0 0.403912 -0.508570 -0.760402
0.305550 0.850119 -5.606635 150 209 133 0 0.809072 -0.263455 -0.525351
0.429117 0.728171 -5.398352 170 205 127 0 0.744860 0.006935 -0.667184
0.309866 0.878178 -5.612571 158 216 138 0 0.650154 -0.452935 -0.610041
-0.001479 0.654786 -5.790637 160 220 132 0 0.713531 -0.357582 -0.602501
0.238640 0.619713 -5.533250 120 171 67 0 -0.679742 0.515261 0.521975
0.251051 0.931058 -5.728044 130 187 108 0 0.644658 -0.523469 -0.557132
0.357890 0.624029 -5.424253 118 179 76 0 0.467267 -0.252784 -0.847208
0.348717 0.880876 -5.561309 151 209 140 0 0.763375 -0.110741 -0.636392
0.102123 0.751913 -5.745311 120 181 85 0 0.556541 -0.395653 -0.730562
0.283426 0.842565 -5.629298 143 202 124 0 0.553597 -0.523309 -0.647826
0.318500 0.605683 -5.437742 115 173 74 0 0.427471 -0.315551 -0.847170
0.107519 0.517729 -5.536488 145 207 106 0 -0.445707 0.612638 0.652702
0.295837 0.881415 -5.636852 145 201 127 0 0.745528 -0.355709 -0.563613
0.199789 0.585179 -5.521379 122 183 88 0 0.498730 -0.673370 -0.545749
0.062733 0.455676 -5.494939 106 161 77 0 0.324616 -0.919507 -0.221654
0.247813 0.844723 -5.674624 136 198 114 0 0.696896 -0.333016 -0.635166
0.354113 0.850659 -5.540265 160 216 135 0 0.795095 -0.303120 -0.525302
0.118311 0.952642 -5.855388 128 187 88 0 0.586295 -0.492219 -0.643412
0.014709 0.764324 -5.869956 114 165 64 0 -0.615769 0.728312 0.300650
0.336307 0.716839 -5.476593 158 204 146 0 0.800328 -0.404190 -0.442838
-0.007414 0.612158 -5.731821 137 199 110 0 0.777618 -0.588258 -0.221955
0.223531 0.988255 -5.795493 120 164 67 0 0.229963 -0.642958 -0.730563
0.264541 0.675291 -5.553216 126 178 65 0 -0.729953 0.441945 0.521395
0.370301 0.860371 -5.521379 157 214 140 0 0.769917 -0.442989 -0.459335
0.045466 0.940771 -5.919060 60 71 55 0 0.984407 -0.111782 0.135822
0.111296 0.600827 -5.603397 107 170 63 0 0.379797 -0.609977 -0.695473
0.066510 0.915410 -5.920679 125 176 71 0 -0.514705 0.048557 0.855991
0.396201 0.854436 -5.437742 58 82 42 0 0.556602 -0.768336 -0.315996
0.099965 0.631044 -5.643867 114 176 78 0 0.641604 -0.554036 -0.530460
0.085396 0.996349 -5.900174 134 185 102 0 0.600886 0.267941 -0.753089
0.300154 0.856054 -5.616888 153 210 139 0 0.704035 -0.347934 -0.619093
0.306089 0.693097 -5.514365 124 179 60 0 -0.714259 0.474508 0.514467
0.184141 0.960736 -5.809522 124 178 98 0 0.508544 -0.388313 -0.768502
-0.003637 0.481037 -5.549438 136 169 104 0 0.230379 -0.444195 -0.865804
0.110757 0.897603 -5.835423 133 164 107 0 0.364191 -0.569967 -0.736548
0.320658 0.778353 -5.565086 124 176 52 0 -0.713922 0.325393 0.620028
0.067589 0.892747 -5.863482 145 201 108 0 0.544471 -0.229819 -0.806681
0.217596 0.892747 -5.736677 128 186 102 0 0.643790 -0.499232 -0.579915
0.220834 0.851738 -5.706999 135 193 106 0 0.609977 -0.379797 -0.695473
0.335767 0.952642 -5.600699 110 140 99 0 0.539665 -0.443356 -0.715679
0.060035 0.839867 -5.839739 123 184 90 0 0.499706 -0.604022 -0.620847
0.088094 0.924043 -5.864021 112 164 91 0 0.276152 -0.497697 -0.822215
0.023342 0.737344 -5.841898 128 178 63 0 -0.513842 0.618295 0.594709
0.260224 0.560897 -5.460945 134 190 96 0 -0.823581 0.299627 0.481599
0.254828 0.677989 -5.566165 121 149 63 0 -0.481900 0.619586 0.619586
0.285045 0.784289 -5.619046 145 200 68 0 -0.768105 0.371873 0.521272
0.097267 0.967750 -5.921758 111 157 74 0 -0.784445 -0.365645 0.500949
0.340623 0.782670 -5.515444 151 206 127 0 0.758216 -0.253790 -0.600583
0.030897 0.803174 -5.841358 129 189 90 0 0.650015 -0.475334 -0.592907
0.340084 0.804793 -5.529473 154 213 140 0 0.819066 -0.292859 -0.493319
0.048164 0.837169 -5.903951 117 167 71 0 -0.968623 0.191666 0.158221
-0.033315 0.578164 -5.651961 119 168 67 0 0.576399 -0.616967 -0.535832
0.274253 0.683385 -5.549438 114 166 55 0 -0.663946 0.495859 0.559732
0.233244 0.577085 -5.488464 237 181 175 0 0.823695 -0.309082 -0.475390
0.283966 0.568451 -5.440440 118 178 84 0 0.474670 -0.381345 -0.793262
0.194933 0.866846 -5.740994 128 185 105 0 0.694315 -0.419240 -0.584948
0.294758 0.635900 -5.468499 138 200 103 0 0.673124 -0.459328 -0.579588
0.259145 0.757309 -5.605556 139 200 103 0 0.680796 -0.341214 -0.648144
0.329831 0.781051 -5.530552 149 209 136 0 0.812702 -0.403956 -0.419923
0.111836 0.713062 -5.710777 121 180 93 0 0.548671 -0.572306 -0.609447
0.152845 0.782670 -5.722648 127 186 94 0 0.627147 -0.443184 -0.640526
0.271555 0.874401 -5.664911 139 199 119 0 0.649592 -0.395045 -0.649592
0.191695 0.546328 -5.490623 130 152 87 0 0.516894 -0.547201 -0.658325
0.058416 0.673672 -5.725346 132 192 105 0 0.643220 -0.388577 -0.659755
0.268857 0.718458 -5.588289 128 181 71 0 -0.753709 0.467989 0.461421
0.262382 0.827456 -5.646565 141 198 128 0 0.738834 -0.268522 -0.618078
0.174429 0.981240 -5.826250 126 184 92 0 0.729890 -0.117436 -0.673401
0.294218 0.676370 -5.514904 123 176 61 0 -0.811198 0.388799 0.436799
0.272095 0.914331 -5.690812 147 205 124 0 0.647313 -0.506081 -0.569972
0.149068 0.899222 -5.802507 116 175 84 0 0.461436 -0.412864 -0.785251
0.138815 0.974765 -5.854309 126 182 96 0 0.767741 -0.277020 -0.577784
0.106440 0.918108 -5.847294 114 173 83 0 0.760271 -0.198935 -0.618395
0.003917 0.668816 -5.793874 154 215 131 0 0.821182 -0.395502 -0.411385
0.123167 0.532838 -5.527854 107 164 67 0 0.433814 -0.563460 -0.703078
0.395662 0.693097 -5.412382 131 190 92 0 0.499443 -0.214047 -0.839489
0.327673 0.764324 -5.522459 154 207 142 0 0.745711 -0.299888 -0.594965
0.198710 0.615396 -5.551597 129 189 89 0 0.467940 -0.588698 -0.659141
0.024961 0.872242 -5.900174 87 137 67 0 0.515649 0.426687 -0.742996
0.009853 0.745438 -5.857546 129 169 80 0 -0.150638 0.040247 0.987769
0.309866 0.770799 -5.553755 153 215 141 0 0.862708 -0.260182 -0.433636
-0.011731 0.574387 -5.634154 113 171 59 0 0.261479 -0.740064 -0.619625
0.267778 0.605683 -5.481989 123 178 73 0 -0.429280 0.445479 0.785663
0.356271 0.787526 -5.487385 162 220 154 0 0.846767 -0.292576 -0.444282
0.090252 0.753532 -5.755563 119 179 88 0 0.674291 -0.476856 -0.563861
0.307708 0.686622 -5.504652 122 174 60 0 -0.758822 0.460538 0.460538
0.287743 0.933756 -5.686495 153 209 134 0 0.833085 -0.348038 -0.429929
0.294758 0.567912 -5.435044 117 180 83 0 0.500032 -0.183594 -0.846322
0.046005 0.626188 -5.683258 110 168 74 0 0.531208 -0.753498 -0.387373
0.064891 0.549565 -5.575339 107 169 62 0 0.466911 -0.681121 -0.563975
0.398899 0.672053 -5.406446 130 191 89 0 0.554500 -0.118508 -0.823703
0.184681 0.508017 -5.474435 115 176 78 0 0.569086 -0.378844 -0.729807
-0.043028 0.555501 -5.612571 87 113 69 0 0.309291 -0.764412 -0.565697
0.280189 0.974765 -5.741533 143 191 121 0 0.695767 -0.599913 -0.394984
0.306629 0.737884 -5.554295 118 169 53 0 -0.762485 0.454211 0.460770
0.249432 0.888430 -5.698905 142 204 93 0 0.763515 0.046920 -0.644083
0.176587 0.552263 -5.506271 111 175 81 0 0.632043 -0.457686 -0.625337
0.376236 0.751373 -5.438282 159 216 126 0 0.697765 -0.133551 -0.703767
0.087554 0.800476 -5.792255 128 187 96 0 0.419066 -0.768015 -0.484290
0.115073 0.488052 -5.508429 113 166 81 0 -0.720987 0.538668 0.435907
0.031976 0.861450 -5.879130 132 190 96 0 0.658699 -0.413139 -0.628834
0.104281 0.992572 -5.882367 141 197 97 0 0.380053 -0.309842 -0.871526
0.076762 0.508556 -5.531092 114 178 66 0 0.261854 -0.547227 -0.794969
0.024961 0.533378 -5.577497 110 171 55 0 0.223376 -0.635761 -0.738858
0.296377 0.795620 -5.587749 145 205 123 0 0.804251 -0.342404 -0.485736
0.178206 0.780511 -5.699985 138 192 116 0 0.809848 -0.160173 -0.564349
0.123707 0.580862 -5.572641 114 176 76 0 0.373977 -0.667229 -0.644164
0.097267 0.845802 -5.813839 124 183 92 0 0.556602 -0.315996 -0.768336
0.174968 0.580862 -5.549978 136 198 96 0 -0.477044 0.744453 0.467140
0.123707 0.935914 -5.842437 122 180 90 0 0.522528 -0.522528 -0.673742
0.032515 0.597050 -5.647105 114 166 67 0 0.342161 -0.779100 -0.525290
-0.013890 0.529061 -5.603397 150 212 115 0 -0.579327 0.649853 0.492008
0.261843 0.889509 -5.685416 132 182 117 0 0.449472 -0.639954 -0.623245
0.244576 0.793462 -5.645486 132 192 107 0 0.690646 -0.333135 -0.641895
0.079460 0.895984 -5.854309 133 191 106 0 0.630931 -0.038110 -0.774902
0.354113 0.653167 -5.431267 127 189 86 0 0.516316 -0.086764 -0.851992
0.165255 0.917568 -5.798730 126 185 90 0 0.625695 -0.474723 -0.618986
0.163097 0.939691 -5.813299 143 202 106 0 0.596790 -0.405024 -0.692674
0.251590 0.868465 -5.718331 118 168 56 0 -0.475961 0.699747 0.532743
0.300154 0.920806 -5.657897 154 213 133 0 0.734147 -0.356493 -0.577876
0.057876 0.772957 -5.796572 139 200 89 0 0.757132 -0.481214 -0.441797
0.001219 0.635900 -5.761498 144 205 120 0 0.610684 -0.680192 -0.405467
0.239180 0.648311 -5.558072 151 183 97 0 -0.236303 0.402756 0.884279
0.282887 0.628346 -5.474974 133 194 102 0 0.538546 -0.498281 -0.679474
0.370301 0.910553 -5.544582 147 200 114 0 0.673401 -0.117436 -0.729890
0.078921 0.934835 -5.877511 129 188 102 0 0.641292 -0.182133 -0.745368
0.010392 0.815585 -5.880748 108 121 88 0 0.880157 -0.237598 0.410939
0.131801 0.764324 -5.729123 134 191 102 0 0.641474 -0.365854 -0.674286
0.172810 0.509636 -5.482529 120 183 85 0 0.545464 -0.372870 -0.750624
0.116692 0.629425 -5.629838 118 178 77 0 0.459898 -0.570273 -0.680649
0.048703 0.607302 -5.648724 108 169 66 0 0.372332 -0.720060 -0.585562
0.144751 0.583020 -5.559151 109 170 65 0 0.410463 -0.639790 -0.649761
0.005536 0.731408 -5.823552 139 201 106 0 0.744401 -0.149484 -0.650785
0.279649 0.544709 -5.437203 157 188 129 0 0.563202 -0.650624 -0.509403
0.237021 0.952642 -5.760419 131 186 93 0 0.477831 -0.588486 -0.652197
0.089173 0.464310 -5.497097 109 123 88 0 0.523300 -0.793698 -0.310163
0.109138 0.713602 -5.742613 131 190 70 0 -0.692218 0.548770 0.468706
0.313104 0.721696 -5.530013 138 189 66 0 -0.777295 0.444867 0.444867
0.145290 0.510715 -5.500335 110 174 66 0 0.317041 -0.484237 -0.815475
0.242957 0.706048 -5.585591 143 203 111 0 0.673370 -0.498730 -0.545749
0.016328 0.483196 -5.552676 128 185 84 0 -0.244858 0.356290 0.901722
-0.010112 0.602446 -5.709697 145 204 101 0 0.474747 -0.832753 -0.284848
0.173889 0.642915 -5.595304 115 175 83 0 0.502234 -0.508908 -0.699123
0.046005 0.667197 -5.732360 136 198 113 0 0.656634 -0.452793 -0.603167
0.116692 0.897064 -5.825710 123 184 98 0 0.722396 -0.389995 -0.571006
0.192235 0.597589 -5.538107 109 170 80 0 0.443184 -0.640526 -0.627147
0.389187 0.847421 -5.455549 169 228 149 0 0.917965 -0.284786 -0.276112
0.038451 0.733027 -5.791176 137 197 114 0 0.534629 -0.622329 -0.571733
0.300154 0.584099 -5.438822 110 175 71 0 0.374403 -0.390068 -0.841231
0.045466 0.798858 -5.827329 121 180 92 0 0.681224 -0.079888 -0.727704
0.084316 0.854975 -5.828408 135 196 98 0 0.538328 -0.268379 -0.798859
-0.032236 0.584099 -5.665451 112 169 66 0 0.284805 -0.937772 -0.198669
0.323356 0.715221 -5.490623 150 211 138 0 0.761097 -0.291993 -0.579199
0.277491 0.966132 -5.733439 144 201 121 0 0.697037 -0.483078 -0.529882
0.286664 0.691478 -5.541344 128 181 70 0 -0.835963 0.300449 0.459235
0.022263 0.469706 -5.531092 126 175 91 0 0.268092 -0.623433 -0.734478
0.387568 0.799397 -5.436124 163 222 153 0 0.869472 -0.056675 -0.490720
0.028199 0.718458 -5.827868 118 168 51 0 -0.689700 0.220516 0.689700
0.292599 0.783749 -5.585591 146 205 128 0 0.794590 -0.197499 -0.574126
0.288283 0.825298 -5.613650 147 203 125 0 0.758902 -0.523887 -0.386795
-0.006335 0.700652 -5.820314 104 123 100 0 0.832392 -0.380657 -0.402770
0.143132 0.756230 -5.712935 125 186 93 0 0.545464 -0.372870 -0.750624
0.361667 0.789684 -5.497097 161 210 67 0 -0.792213 0.238131 0.561864
0.314183 0.925662 -5.635773 163 221 153 0 0.665670 -0.491288 -0.561711
0.344940 0.774036 -5.500335 156 216 145 0 0.831183 -0.450944 -0.325245
0.218136 0.869005 -5.722108 133 192 99 0 0.524299 -0.374963 -0.764535
0.232165 0.882495 -5.715093 140 198 114 0 0.887302 -0.252024 -0.386237
0.317421 0.936993 -5.634694 165 222 157 0 0.872347 -0.286737 -0.395970
0.105900 0.659103 -5.665990 132 192 88 0 0.587327 -0.556861 -0.587327
0.115613 0.997428 -5.879130 66 99 60 0 0.380657 -0.402770 -0.832392
0.249432 0.627806 -5.512746 148 209 128 0 0.651457 -0.499955 -0.570656
0.281808 0.613237 -5.464182 121 180 88 0 0.350250 -0.396950 -0.848384
0.358430 0.689860 -5.437742 135 187 105 0 0.729762 -0.307692 -0.610551
0.224071 0.552803 -5.471197 73 72 49 0 0.506160 -0.436914 -0.743578
0.061654 0.726552 -5.763657 121 180 95 0 0.500942 -0.484299 -0.717295
0.036293 0.629425 -5.703762 130 179 103 0 0.414135 -0.832994 -0.366895
0.044926 0.470785 -5.531631 150 194 114 0 -0.237414 0.547760 0.802243
-0.026300 0.578704 -5.703762 74 89 70 0 -0.007258 0.998463 0.054952
0.308787 0.627806 -5.451772 120 176 85 0 0.586877 -0.379744 -0.715102
0.184681 0.982859 -5.817077 133 187 95 0 0.568585 -0.291459 -0.769261
0.264541 0.730329 -5.579656 143 205 116 0 0.697419 -0.506758 -0.506758
-0.019285 0.508017 -5.585591 96 111 93 0 -0.419891 0.698712 0.579217
0.115613 0.697414 -5.693510 126 183 90 0 0.498102 -0.468315 -0.729777
0.046005 0.503160 -5.542424 104 164 58 0 0.307911 -0.553602 -0.773767
0.159320 0.761626 -5.703222 118 180 87 0 0.674771 -0.412821 -0.611770
0.040070 0.785907 -5.824631 130 186 88 0 0.492219 -0.586295 -0.643412
0.367063 0.667197 -5.425871 128 189 91 0 0.491237 -0.151037 -0.857831
-0.005256 0.519888 -5.578037 114 173 59 0 0.324004 -0.515533 -0.793251
0.295297 0.727092 -5.558611 151 171 96 0 -0.682278 0.388221 0.619501
0.081079 0.701191 -5.756103 122 179 69 0 -0.631766 0.767250 0.110449
0.291520 0.662880 -5.491702 140 198 115 0 0.647313 -0.569972 -0.506081
0.032515 0.880876 -5.887763 142 194 108 0 0.558000 -0.477568 -0.678649
0.111836 0.788066 -5.799270 124 179 71 0 -0.601764 0.719181 0.347360
0.207883 0.726552 -5.633075 125 181 96 0 0.650015 -0.475334 -0.592907
0.131801 0.773497 -5.736137 116 176 85 0 0.628032 -0.587623 -0.510171
0.254828 0.698493 -5.587749 136 191 68 0 -0.744453 0.467140 0.477044
0.230546 0.618094 -5.541344 177 204 126 0 -0.856724 0.500118 0.126117
0.374078 0.790764 -5.457168 160 219 151 0 0.787328 -0.310159 -0.532838
0.098346 0.586258 -5.593685 105 166 62 0 0.434545 -0.690943 -0.577728
0.138815 0.624569 -5.606635 126 164 86 0 0.459328 -0.673124 -0.579588
0.419404 0.691478 -5.396193 139 197 97 0 0.522563 -0.136130 -0.841663
0.266699 0.789145 -5.618506 137 199 103 0 0.716808 -0.403720 -0.568503
0.253749 0.594891 -5.487925 136 194 81 0 -0.657490 0.492697 0.570049
0.052480 0.931598 -5.932549 77 94 57 0 -0.806665 0.001365 0.591008
0.066510 0.987176 -5.906649 137 184 128 0 0.459289 0.039290 -0.887417
0.242957 0.669355 -5.557532 123 161 93 0 0.387014 -0.396492 -0.832475
0.220294 0.587877 -5.506810 109 154 71 0 0.503695 -0.684422 -0.527122
0.197091 0.810729 -5.702143 121 178 98 0 0.627281 -0.373734 -0.683258
0.131801 0.523125 -5.515984 117 168 82 0 0.579327 -0.492008 -0.649853
0.296377 0.729790 -5.544042 139 194 84 0 0.705013 -0.461675 -0.538343
0.009853 0.779972 -5.871036 134 167 96 0 -0.199512 0.397568 0.895620
-0.025221 0.551724 -5.629838 138 199 111 0 0.954203 0.229492 -0.191914
0.046545 0.972607 -5.920679 121 131 116 0 0.777427 0.064428 -0.625664
0.263461 0.635361 -5.504652 144 184 117 0 0.703063 -0.516025 -0.489305
0.048703 0.911093 -5.888843 138 198 100 0 0.497303 -0.340597 -0.797924
-0.007954 0.628886 -5.769053 155 216 135 0 0.722778 -0.547459 -0.421758
0.016328 0.722775 -5.841898 150 199 69 0 -0.683736 0.175905 0.708210
0.230007 0.539313 -5.464182 85 115 64 0 -0.253686 0.293817 -0.921583
-0.029538 0.587877 -5.680020 117 175 79 0 0.402173 -0.906640 -0.127518
0.142053 0.935375 -5.831106 137 192 106 0 0.750624 -0.372870 -0.545464
0.254828 0.980700 -5.770132 128 182 83 0 0.628032 -0.510171 -0.587623
0.210042 0.687701 -5.602858 195 190 167 0 0.631386 -0.489955 -0.601079
0.103742 0.879257 -5.825171 125 187 97 0 0.631823 -0.523992 -0.571168
-0.034394 0.571689 -5.677322 84 97 76 0 -0.419147 0.791363 0.445040
0.276951 0.667197 -5.530013 125 178 67 0 -0.729490 0.507831 0.458206
0.267778 0.853356 -5.654659 150 206 136 0 0.779603 -0.269317 -0.565409
0.326054 0.885732 -5.593685 160 219 147 0 0.883536 -0.157619 -0.441045
0.194393 0.824218 -5.712935 131 190 87 0 0.558000 -0.477568 -0.678649
0.326594 0.768640 -5.547280 134 185 58 0 -0.675380 0.595335 0.435245
0.306089 0.901920 -5.630377 153 209 135 0 0.933508 -0.260481 -0.246401
0.001219 0.794001 -5.860784 147 198 102 0 0.797924 -0.340597 -0.497303
0.145830 0.540932 -5.518142 117 176 83 0 0.366163 -0.554940 -0.746972
0.291520 0.767561 -5.598001 125 177 56 0 -0.656911 0.482183 0.579627
0.092950 0.816125 -5.794953 123 184 97 0 0.467578 -0.490709 -0.735238
0.289901 0.697954 -5.524077 143 208 103 0 0.604022 -0.499706 -0.620847
0.147988 0.898682 -5.841358 119 165 73 0 -0.405636 0.673853 0.617561
0.168493 0.823679 -5.739375 119 179 90 0 0.499772 -0.443692 -0.743885
0.314183 0.811268 -5.572641 151 208 132 0 0.331934 -0.524360 -0.784134
0.081618 0.701731 -5.728044 128 178 97 0 0.617249 -0.395503 -0.680133
0.242957 0.673672 -5.578576 135 192 74 0 -0.602193 0.697884 0.387713
0.149607 0.488052 -5.485227 118 178 81 0 0.395231 -0.436835 -0.808064
0.066510 0.932137 -5.925535 127 175 67 0 -0.490449 -0.206743 0.846591
0.242417 0.866307 -5.691351 148 209 106 0 0.906535 -0.310014 -0.286506
0.289362 0.713602 -5.555913 126 173 67 0 -0.774370 0.346132 0.529663
0.009313 0.627267 -5.732900 128 188 105 0 0.626858 -0.707848 -0.325577
-0.000939 0.667736 -5.818156 122 141 88 0 0.918439 -0.355205 -0.174065
0.331450 0.908935 -5.594224 148 204 125 0 0.861339 -0.371347 -0.346693
0.288283 0.649390 -5.501414 126 180 66 0 -0.710551 0.497552 0.497552
-0.016588 0.550105 -5.618506 145 196 129 0 -0.111351 0.840197 0.530727
0.232705 0.527982 -5.459866 72 84 57 0 0.876074 -0.443190 0.189939
-0.001479 0.550645 -5.602318 101 160 47 0 0.205851 -0.642317 -0.738278
0.061114 0.483196 -5.522459 121 183 75 0 0.452159 -0.452159 -0.768833
0.097267 0.867386 -5.823552 125 182 103 0 0.627078 -0.311121 -0.714127
-0.025221 0.575466 -5.662753 118 174 79 0 -0.864930 0.500316 -0.039751
0.138276 0.573308 -5.552676 126 166 81 0 0.357582 -0.713531 -0.602501
0.167953 0.904618 -5.788478 127 184 96 0 0.560967 -0.451104 -0.694134
0.280189 0.650469 -5.493860 136 195 113 0 0.604700 -0.510374 -0.611438
0.298535 0.801016 -5.612031 130 183 53 0 -0.753113 0.572495 0.324145
0.315802 0.708206 -5.497097 147 208 131 0 0.696298 -0.465868 -0.546018
0.113454 0.704429 -5.701603 123 187 89 0 0.535770 -0.522334 -0.663414
0.188458 0.998507 -5.821933 127 164 101 0 0.507107 -0.110615 -0.854755
0.050322 0.613777 -5.657897 109 169 66 0 0.404190 -0.800328 -0.442838
0.013090 0.747057 -5.824631 131 192 93 0 0.682039 -0.484298 -0.547977
0.262382 0.676370 -5.539725 142 203 112 0 0.576399 -0.535832 -0.616967
0.128563 0.827456 -5.771750 117 177 92 0 0.596999 -0.430704 -0.676821
0.273174 0.876019 -5.698905 143 192 65 0 -0.709203 0.332693 0.621567
0.165795 0.687701 -5.640090 125 188 93 0 0.658578 -0.460837 -0.594899
0.258605 0.856594 -5.701064 117 168 63 0 -0.754278 0.435477 0.491349
0.115613 0.760007 -5.770132 121 182 62 0 -0.857558 0.484320 0.173289
0.024961 0.808570 -5.886684 136 184 74 0 -0.380303 0.546788 0.745917
0.059495 0.654786 -5.704841 132 194 97 0 0.618295 -0.594709 -0.513842
0.261303 0.726012 -5.600160 134 184 70 0 -0.559732 0.495859 0.663946
0.081618 0.877638 -5.841898 129 190 98 0 0.625311 -0.524182 -0.578117
0.321198 0.755150 -5.544582 125 177 55 0 -0.839363 0.293234 0.457693
0.349796 0.672053 -5.437742 117 176 80 0 0.533188 -0.239548 -0.811373
-0.007414 0.528521 -5.584512 115 176 55 0 0.255672 -0.563106 -0.785839
0.010932 0.601366 -5.671386 119 178 78 0 0.426156 -0.789119 -0.442360
0.038991 0.591654 -5.634154 110 170 59 0 0.347526 -0.767790 -0.538261
0.019026 0.620252 -5.702682 124 182 90 0 0.532050 -0.801998 -0.271518
0.021184 0.755690 -5.862942 116 168 59 0 0.261153 0.853712 0.450528
0.371380 0.834471 -5.490623 168 225 165 0 0.887468 -0.292820 -0.355888
0.013090 0.513413 -5.566165 117 175 61 0 0.397083 -0.514737 -0.759850
0.298535 0.555501 -5.437742 148 205 111 0 -0.459609 0.174740 0.870761
0.323356 0.945627 -5.627679 171 229 159 0 0.927198 -0.222244 -0.301516
0.193854 0.979082 -5.851071 133 174 89 0 -0.317982 0.595612 0.737654
0.244036 0.613777 -5.518682 142 196 82 0 -0.765461 0.632208 0.119927
0.263461 0.968290 -5.753405 136 195 90 0 0.619132 -0.571896 -0.538155
0.202487 0.987715 -5.806284 120 175 85 0 0.660486 -0.311672 -0.683095
0.220834 0.624569 -5.541884 207 140 126 0 0.358002 -0.593401 -0.720909
0.281268 0.761086 -5.585052 137 198 113 0 0.693407 -0.387056 -0.607761
0.023342 0.618633 -5.692431 130 188 94 0 0.467841 -0.841495 -0.270205
0.163637 0.616475 -5.580735 115 176 79 0 0.435719 -0.468358 -0.768629
0.177666 0.614856 -5.566705 117 179 79 0 0.559720 -0.552956 -0.617214
0.272095 0.628886 -5.484687 142 206 103 0 0.619308 -0.555184 -0.555184
0.038991 0.850659 -5.906109 138 184 70 0 -0.743021 0.492601 0.453061
0.326054 0.795080 -5.568324 134 187 54 0 -0.825563 0.348852 0.443563
0.264001 0.663959 -5.544042 127 180 71 0 -0.596254 0.555716 0.579363
0.192775 0.628346 -5.567784 120 182 86 0 0.578117 -0.524182 -0.625311
0.083237 0.594352 -5.613110 108 167 67 0 0.435939 -0.633030 -0.639711
0.014709 0.818823 -5.864561 137 192 98 0 0.578486 -0.531262 -0.618963
0.388107 0.731948 -5.423713 135 190 102 0 0.619649 -0.182070 -0.763469
0.249972 0.537694 -5.467959 193 177 159 0 0.815326 -0.040557 -0.577581
0.239719 0.772957 -5.636852 126 179 92 0 0.872476 -0.199973 -0.445866
0.061114 0.904078 -5.916901 128 177 68 0 -0.620791 0.446769 0.644217
0.342242 0.828535 -5.544042 155 213 137 0 0.763128 -0.302371 -0.571146
0.015248 0.835550 -5.882367 82 103 64 0 -0.380537 -0.062755 -0.922634
0.098885 0.474022 -5.510048 140 199 93 0 -0.294267 0.699488 0.651247
-0.034394 0.523665 -5.599081 111 151 95 0 0.006723 0.506950 0.861949
0.212200 0.910553 -5.752325 130 189 94 0 0.671079 -0.347785 -0.654751
0.270476 0.825837 -5.635773 139 198 116 0 0.793698 -0.310163 -0.523300
0.125326 0.951023 -5.893699 142 193 75 0 -0.421921 0.214662 0.880853
0.244576 0.854975 -5.715093 125 179 68 0 -0.612138 0.461200 0.642325
0.172810 0.975844 -5.862942 127 172 64 0 0.119722 0.775973 0.619300
0.267239 0.850659 -5.684876 140 187 72 0 -0.720060 0.585562 0.372332
0.197631 0.506938 -5.468499 102 158 73 0 0.420838 -0.318346 -0.849441
0.159859 0.654247 -5.617967 115 175 80 0 0.534897 -0.585518 -0.609142
0.399979 0.772417 -5.418317 144 198 121 0 0.691018 0.032502 -0.722107
0.252670 0.967211 -5.805205 133 179 86 0 -0.015328 0.678605 0.734343
0.292060 0.676370 -5.503573 144 208 106 0 0.594899 -0.460837 -0.658578
0.321198 0.876559 -5.595843 159 217 152 0 0.857691 -0.214798 -0.467149
0.218675 0.650469 -5.564547 224 191 191 0 0.809765 -0.445610 -0.381723
0.105900 0.578704 -5.581814 118 179 74 0 0.457362 -0.601440 -0.655050
-0.002558 0.623490 -5.747469 145 206 118 0 0.672704 -0.672704 -0.308121
0.072985 0.798318 -5.801968 115 174 88 0 0.600396 -0.364818 -0.711641
0.379474 0.769180 -5.437742 147 207 128 0 0.769543 -0.085828 -0.632800
0.013090 0.574926 -5.653040 130 190 89 0 -0.271375 0.897169 0.348487
0.146370 0.968290 -5.841898 134 190 103 0 0.554419 -0.477370 -0.681717
0.400518 0.642915 -5.402129 86 106 66 0 0.474747 -0.284848 -0.832753
0.016328 0.824758 -5.887224 87 93 78 0 0.880157 -0.237598 0.410939
0.001219 0.697954 -5.840818 121 141 89 0 -0.576928 -0.125419 0.807109
0.130182 0.486973 -5.503033 145 202 105 0 -0.437649 0.476988 0.762198
0.344940 0.791843 -5.531631 149 202 67 0 -0.900241 0.355087 0.251950
0.017407 0.471864 -5.546201 109 151 81 0 -0.346900 0.451445 0.822106
0.331990 0.937533 -5.603937 170 229 166 0 0.934624 -0.103548 -0.340230
0.348717 0.876019 -5.583433 153 201 67 0 -0.681844 0.166266 0.712351
0.260763 0.545249 -5.456089 104 152 78 0 -0.707024 -0.015340 0.707024
0.136657 0.601366 -5.585591 112 172 75 0 0.358136 -0.619788 -0.698284
-0.017127 0.495606 -5.573180 137 178 118 0 0.570273 0.459898 0.680649
0.198171 0.740042 -5.651961 118 179 85 0 0.616220 -0.481894 -0.622937
0.146370 0.554961 -5.532171 120 183 77 0 0.428670 -0.635499 -0.642171
0.361128 0.724394 -5.447995 149 210 129 0 0.799801 -0.308834 -0.514723
0.136117 0.537155 -5.534869 139 201 97 0 -0.230349 0.672243 0.703583
0.374078 0.677989 -5.424253 130 191 91 0 0.519351 -0.133129 -0.844128
0.073525 0.676910 -5.746929 114 166 54 0 -0.443668 -0.277868 0.852026
0.034674 0.675291 -5.753944 140 201 120 0 0.694904 -0.444939 -0.564922
0.108598 0.939691 -5.895857 108 158 72 0 -0.371689 0.888171 0.270183
0.207344 0.577085 -5.507350 120 184 85 0 0.467257 -0.571092 -0.674926
0.269937 0.620252 -5.479291 134 197 103 0 0.547869 -0.451284 -0.704402
0.381632 0.851738 -5.487925 166 224 154 0 0.690312 -0.499766 -0.523166
0.282347 0.779432 -5.594764 139 199 117 0 0.762488 -0.357771 -0.539084
0.260224 0.867926 -5.674084 150 194 126 0 0.745462 -0.206126 -0.633875
0.271555 0.890588 -5.709158 136 179 62 0 -0.641473 0.523617 0.560658
0.140974 0.658563 -5.636852 124 183 86 0 0.499955 -0.651457 -0.570656
0.135578 0.497765 -5.497097 110 171 67 0 0.315551 -0.427471 -0.847170
0.279110 0.707666 -5.564007 148 186 89 0 -0.673853 0.405636 0.617561
0.312025 0.937533 -5.647105 167 224 147 0 0.918439 -0.174065 -0.355205
-0.005256 0.542011 -5.613110 141 204 106 0 -0.578123 0.704018 0.412472
0.080000 0.712523 -5.735598 111 173 86 0 0.556125 -0.509081 -0.656933
0.163097 0.871703 -5.771750 118 179 86 0 0.699123 -0.502234 -0.508908
0.135038 0.983398 -5.858625 135 190 102 0 0.603545 -0.064207 -0.794739
0.286664 0.959656 -5.712395 151 207 127 0 0.563721 -0.580650 -0.587421
-0.020904 0.562516 -5.643327 130 186 103 0 -0.261603 0.924902 0.275898
0.175508 0.840406 -5.743152 121 182 89 0 0.555084 -0.451735 -0.698439
0.309866 0.758388 -5.544582 150 213 125 0 0.839168 -0.276632 -0.468265
0.165795 0.738963 -5.680020 114 173 90 0 0.537868 -0.537868 -0.649151
-0.014969 0.616475 -5.758801 173 222 140 0 0.586212 -0.760963 -0.278014
0.346559 0.938612 -5.578576 89 106 95 0 0.664647 -0.341305 -0.664647
0.303931 0.668276 -5.481989 137 197 101 0 0.641647 -0.454011 -0.618193
0.240798 0.634821 -5.528394 145 206 112 0 0.563315 -0.610681 -0.556548
0.036293 0.696335 -5.769053 138 201 117 0 0.730562 -0.395653 -0.556541
0.359509 0.783749 -5.477672 162 221 146 0 0.804703 -0.237225 -0.544221
0.226229 0.724394 -5.615808 123 181 92 0 0.563460 -0.433814 -0.703078
0.285045 0.669355 -5.522459 127 180 68 0 -0.682576 0.531637 0.501450
0.261843 0.895445 -5.728044 120 171 53 0 -0.136205 0.451627 0.881749
0.160939 0.600827 -5.567245 115 177 79 0 0.443184 -0.627147 -0.640526
0.091871 0.692018 -5.709697 113 167 79 0 0.347541 -0.690187 -0.634711
0.289362 0.620252 -5.476054 115 169 69 0 -0.669347 0.508301 0.541853
0.367063 0.710904 -5.436663 139 197 112 0 0.649175 -0.213278 -0.730127
0.238640 0.647232 -5.540805 136 198 105 0 0.633647 -0.475656 -0.610117
0.018486 0.709285 -5.798191 136 197 105 0 0.605741 -0.332914 -0.722666
0.248353 0.669355 -5.547280 125 183 104 0 0.647826 -0.553597 -0.523309
0.335767 0.933756 -5.594224 173 230 165 0 0.913876 -0.141784 -0.380431
0.342782 0.838248 -5.572101 145 196 63 0 -0.868312 0.291472 0.401346
0.288822 0.901380 -5.660594 154 211 130 0 0.768105 -0.371873 -0.521272
0.177126 0.577085 -5.530552 113 175 74 0 0.428503 -0.618578 -0.658594
0.177666 0.591654 -5.544582 108 169 77 0 0.517441 -0.517441 -0.681549
0.295297 0.901380 -5.650882 160 216 139 0 0.808255 -0.325525 -0.490670
0.010932 0.581401 -5.634154 104 162 56 0 0.254097 -0.833129 -0.491254
0.314183 0.837708 -5.614190 138 187 60 0 -0.670757 0.189662 0.717017
0.350876 0.717379 -5.456628 136 197 117 0 0.704235 -0.307801 -0.639774
-0.005796 0.567912 -5.649803 130 186 89 0 0.444993 0.831807 0.331779
0.322817 0.800476 -5.576958 140 187 71 0 -0.800802 0.292206 0.522812
0.252130 0.782670 -5.629298 127 185 98 0 0.671048 -0.377568 -0.638073
0.246734 0.879797 -5.733439 127 176 61 0 -0.715102 0.379744 0.586877
0.355732 0.826377 -5.520300 159 217 148 0 0.831807 -0.331779 -0.444993
0.099965 0.702270 -5.738835 118 171 65 0 -0.547885 0.547885 0.632175
0.247274 0.652088 -5.553216 132 184 76 0 -0.623529 0.535660 0.569456
0.082158 0.772417 -5.776067 116 178 80 0 0.680626 -0.286664 -0.674220
0.056258 0.788066 -5.812220 119 180 88 0 0.548409 -0.561908 -0.619280
0.137736 0.889509 -5.804126 125 183 87 0 0.579597 -0.324510 -0.747503
-0.004716 0.563055 -5.616888 97 158 44 0 0.174740 -0.870761 -0.459609
0.189537 0.529601 -5.481450 121 185 91 0 0.650710 -0.427705 -0.627411
0.335767 0.908395 -5.585052 161 218 146 0 0.911923 0.063309 -0.405449
0.221913 0.737344 -5.629298 123 181 99 0 0.629668 -0.435924 -0.643030
-0.036552 0.543090 -5.619586 152 165 157 0 -0.938812 0.055990 0.339848
0.144211 0.823139 -5.758801 150 159 108 0 0.562676 -0.404269 -0.721084
0.360049 0.826916 -5.508969 153 209 139 0 0.885473 -0.182346 -0.427419
0.091871 0.952102 -5.874273 106 163 78 0 0.734474 -0.086151 -0.673146
0.051941 0.953721 -5.909886 129 189 105 0 0.807486 -0.482580 -0.339240
0.312025 0.748136 -5.534869 145 204 98 0 0.929691 -0.300492 -0.213025
0.094569 0.635361 -5.653040 129 191 83 0 0.562279 -0.531886 -0.633198
0.145290 0.496685 -5.500875 132 194 93 0 -0.213563 0.277772 0.936607
0.240259 0.754611 -5.622283 131 187 100 0 0.568104 -0.451484 -0.688055
0.212200 0.596510 -5.520840 107 160 81 0 0.452203 -0.475224 -0.754768
0.211121 0.662340 -5.581274 202 166 137 0 0.308121 -0.672704 -0.672704
0.286664 0.888430 -5.688653 133 183 53 0 -0.802816 0.413475 0.429563
0.315802 0.877099 -5.604477 148 206 128 0 0.911817 -0.214630 -0.350034
0.092950 0.905157 -5.850531 118 177 86 0 0.741434 -0.450805 -0.497042
0.144751 0.811808 -5.748548 107 165 78 0 0.760638 -0.246227 -0.600668
0.322817 0.659103 -5.456089 138 196 107 0 0.560237 -0.411502 -0.718888
0.267239 0.545249 -5.444757 109 170 86 0 0.390491 -0.118120 -0.912998
-0.023063 0.526363 -5.599620 154 202 136 0 -0.245403 0.579901 0.776848
0.082698 0.486433 -5.524077 141 205 93 0 -0.491188 0.541481 0.682299
0.107519 0.956958 -5.904490 118 168 65 0 -0.426628 -0.585992 0.688914
0.323356 0.737884 -5.528934 140 194 61 0 -0.563315 0.556548 0.610681
0.274253 0.849579 -5.644407 142 194 127 0 0.681121 -0.466911 -0.563975
0.099425 0.781591 -5.801968 122 178 65 0 -0.644249 0.570236 0.509680
0.355732 0.817204 -5.512746 154 212 145 0 0.704518 -0.333548 -0.626419
0.335767 0.879797 -5.575878 153 209 132 0 0.775973 -0.119722 -0.619300
0.043847 0.956958 -5.933089 111 109 86 0 0.215428 0.938156 0.271023
0.055718 0.598129 -5.633075 107 167 59 0 0.364720 -0.769965 -0.523576
0.290441 0.611079 -5.459326 158 181 124 0 0.585019 -0.618737 -0.524325
0.021184 0.652628 -5.752865 143 204 116 0 0.477370 -0.554419 -0.681717
0.089173 0.587337 -5.602318 108 169 63 0 0.358655 -0.705845 -0.610859
0.098346 0.857134 -5.817077 128 188 98 0 0.603774 -0.340132 -0.720949
0.343321 0.690399 -5.450693 142 203 120 0 0.672704 -0.308121 -0.672704
-0.007414 0.641836 -5.787939 162 217 135 0 0.917965 -0.284786 -0.276112
0.207883 0.997967 -5.808982 110 132 83 0 0.039830 -0.861144 -0.506798
0.147988 0.890588 -5.835423 117 171 63 0 -0.490670 0.325525 0.808255
0.329292 0.600827 -5.431267 122 184 76 0 0.370831 -0.283753 -0.884290
0.197631 0.949944 -5.788478 129 186 93 0 0.580392 -0.466655 -0.667367
0.239180 0.633202 -5.544582 120 173 65 0 -0.682397 0.398202 0.613000
0.291520 0.720617 -5.542424 143 207 110 0 0.572346 -0.429674 -0.698427
0.140974 0.791303 -5.739375 131 193 97 0 0.597346 -0.486290 -0.637730
0.259684 0.713062 -5.573720 135 196 107 0 0.529076 -0.529076 -0.663444
0.273174 0.750834 -5.585591 141 199 110 0 0.609510 -0.514960 -0.602756
0.069208 0.960736 -5.929312 87 83 29 0 -0.062211 0.278044 0.958552
-0.002558 0.492908 -5.568863 124 179 90 0 -0.540050 0.533320 0.651088
0.021724 0.583560 -5.633075 116 177 58 0 0.150634 -0.806860 -0.571215
0.228927 0.561437 -5.475514 112 98 47 0 0.229857 -0.752118 -0.617644
0.119390 0.677989 -5.672465 117 178 83 0 0.552306 -0.592842 -0.586086
0.275332 0.641836 -5.492241 139 201 113 0 0.627000 -0.453112 -0.633688
0.238640 0.891668 -5.714014 150 207 113 0 0.888729 -0.135520 -0.437945
-0.012810 0.591654 -5.671386 97 156 59 0 0.046630 -0.979237 -0.197282
0.368682 0.643455 -5.421015 120 177 80 0 0.396395 -0.009038 -0.918036
0.391345 0.711983 -5.418857 129 188 91 0 0.560284 -0.189798 -0.806262
0.038991 0.838248 -5.900174 125 180 77 0 -0.663701 0.613798 0.427496
0.245115 0.833931 -5.702682 121 174 61 0 -0.663018 0.388552 0.639871
0.144751 0.647232 -5.623363 116 176 79 0 0.545749 -0.498730 -0.673370
0.157162 0.850659 -5.765275 130 192 91 0 0.563615 -0.443909 -0.696622
0.270476 0.681766 -5.534869 142 203 112 0 0.631737 -0.467519 -0.618332
0.292060 0.711983 -5.532711 147 207 127 0 0.846972 -0.379032 -0.372792
0.034134 0.621331 -5.685416 118 178 79 0 0.552601 -0.783774 -0.283426
0.333609 0.763784 -5.512206 152 210 135 0 0.826594 -0.365092 -0.428311
0.192235 0.588416 -5.529473 121 165 75 0 0.420239 -0.616239 -0.666070
0.329292 0.822060 -5.582893 135 184 62 0 -0.799624 0.387745 0.458537
0.024422 0.755150 -5.818695 121 181 90 0 0.420081 -0.672462 -0.609366
0.208962 0.947246 -5.777686 121 177 88 0 0.611568 -0.317886 -0.724522
0.292599 0.757849 -5.567245 149 215 119 0 0.713064 -0.386998 -0.584613
0.089173 0.558199 -5.569403 111 164 69 0 0.485411 -0.606344 -0.629859
0.247813 0.834471 -5.667069 139 199 117 0 0.727687 -0.395875 -0.560138
0.279649 0.929979 -5.694589 151 207 130 0 0.790824 -0.460910 -0.402690
0.106440 0.792922 -5.771211 124 186 89 0 0.341549 -0.435986 -0.832623
0.110757 0.647232 -5.650342 119 179 85 0 0.395503 -0.617249 -0.680133
0.081079 0.679607 -5.706999 122 184 95 0 0.497141 -0.601625 -0.625218
0.314723 0.707127 -5.513286 135 186 66 0 -0.794530 0.452866 0.404517
0.190077 0.737884 -5.660055 197 192 170 0 0.682299 -0.541481 -0.491188
0.035213 0.578704 -5.619586 116 176 59 0 0.286122 -0.785650 -0.548532
0.226229 0.648851 -5.571022 151 194 97 0 -0.549940 0.358515 0.754342
0.016867 0.856054 -5.887224 113 135 100 0 0.562918 -0.040508 -0.825520
0.231625 0.647232 -5.547820 135 187 102 0 0.694619 -0.568022 -0.441425
0.095648 0.571689 -5.579656 109 171 63 0 0.299089 -0.759718 -0.577386
0.104281 0.939152 -5.857007 139 200 91 0 0.826809 0.127766 -0.547779
0.211660 0.880336 -5.733439 132 190 105 0 0.691818 -0.461767 -0.555121
0.298535 0.760546 -5.583972 122 176 56 0 -0.722396 0.389995 0.571006
0.350336 0.907855 -5.563467 161 216 137 0 0.700003 -0.015369 -0.713975
0.310946 0.720617 -5.511667 153 213 130 0 0.650408 -0.443080 -0.616968
0.104281 0.483196 -5.510588 139 197 95 0 -0.501575 0.501575 0.704872
0.027120 0.852817 -5.879130 130 191 94 0 0.694773 -0.315806 -0.646187
0.181983 0.952102 -5.805205 133 187 99 0 0.516964 -0.444292 -0.731678
0.078381 0.516650 -5.536488 106 163 62 0 0.436914 -0.506160 -0.743578
0.061114 0.465389 -5.519221 133 178 96 0 -0.484298 0.547977 0.682039
0.031976 0.554422 -5.594764 106 164 54 0 0.268905 -0.673059 -0.688971
0.094029 0.702270 -5.716712 120 179 85 0 0.607872 -0.434670 -0.664495
0.363286 0.818283 -5.494939 166 224 152 0 0.883951 -0.252771 -0.393366
0.360588 0.768101 -5.466880 154 215 148 0 0.824815 -0.214970 -0.522942
0.051941 0.512334 -5.546740 109 169 62 0 0.317982 -0.595612 -0.737654
0.242417 0.911093 -5.723727 143 200 112 0 0.651781 -0.387768 -0.651781
0.309327 0.654247 -5.466880 143 201 115 0 0.652718 -0.373216 -0.659294
0.029818 0.484275 -5.538646 112 174 57 0 0.310030 -0.579901 -0.753390
0.187918 0.845263 -5.733979 131 186 105 0 0.656911 -0.482183 -0.579627
0.061114 0.448662 -5.510048 152 213 110 0 -0.482432 0.482432 0.731108
0.378934 0.872242 -5.516523 155 214 113 0 0.618548 -0.608435 -0.497198
0.324435 0.771338 -5.531631 152 213 132 0 0.801296 -0.244278 -0.546126
0.172810 0.625648 -5.581814 126 185 90 0 0.563495 -0.604108 -0.563495
0.159859 0.663420 -5.625521 129 189 97 0 0.587623 -0.510171 -0.628032
0.303931 0.765403 -5.559690 161 208 124 0 0.775802 -0.252332 -0.578325
0.140974 0.478879 -5.491702 133 188 92 0 -0.665234 0.441822 0.601878
0.314723 0.839867 -5.587749 153 213 128 0 0.742711 -0.355916 -0.567190
0.046545 0.836089 -5.849452 122 182 93 0 0.636270 -0.524881 -0.565386
0.014709 0.697414 -5.796572 140 202 105 0 0.898280 -0.190105 -0.396172
0.065970 0.494527 -5.527854 115 176 63 0 0.419906 -0.397553 -0.815862
0.119930 0.788066 -5.757721 134 194 98 0 0.696383 -0.427137 -0.576718
0.314723 0.635900 -5.451232 121 169 88 0 0.556125 -0.509081 -0.656933
0.206804 0.716839 -5.628219 121 177 91 0 0.609366 -0.420081 -0.672462
0.212200 0.822060 -5.694589 131 189 101 0 0.474764 -0.429082 -0.768432
0.205725 0.926202 -5.767434 127 183 103 0 0.619502 -0.435822 -0.652898
0.037911 0.531219 -5.571022 115 175 62 0 0.365559 -0.624564 -0.690135
0.055178 0.642376 -5.695668 136 200 95 0 0.555716 -0.596254 -0.579363
0.337925 0.772417 -5.530552 144 198 64 0 -0.641474 0.365854 0.674286
0.331450 0.866307 -5.576958 144 200 132 0 0.755561 -0.292321 -0.586239
0.104281 0.665038 -5.673545 124 185 90 0 0.508754 -0.532261 -0.676660
0.139355 0.893286 -5.839200 115 166 67 0 -0.972086 0.125145 0.198462
0.032515 0.745977 -5.806284 137 193 105 0 0.641746 -0.261452 -0.720974
0.320658 0.682845 -5.471737 139 198 119 0 0.713531 -0.357582 -0.602501
0.329292 0.793462 -5.539186 160 218 149 0 0.767822 -0.357239 -0.531818
0.098346 0.985557 -5.885605 128 185 91 0 0.681785 -0.070929 -0.728106
0.309866 0.825837 -5.587749 150 209 133 0 0.911817 -0.350034 -0.214630
0.186300 0.878178 -5.756642 119 177 83 0 0.540824 -0.387237 -0.746697
0.126944 0.574926 -5.562388 104 164 69 0 0.356065 -0.784632 -0.507514
0.170651 0.785907 -5.711316 193 186 157 0 0.745917 -0.380303 -0.546788
0.267778 0.638598 -5.512746 140 187 76 0 -0.656157 0.435769 0.616087
0.310946 0.869544 -5.608254 156 215 145 0 0.791363 -0.419147 -0.445040
0.289901 0.812347 -5.606095 140 200 119 0 0.721990 -0.365088 -0.587742
0.236482 0.972067 -5.817077 142 185 105 0 -0.409433 0.664707 0.624924
-0.015508 0.557659 -5.627140 138 193 117 0 -0.199511 0.697515 0.688236
0.054099 0.585718 -5.618506 116 177 63 0 0.189213 -0.721471 -0.666092
0.309866 0.788605 -5.587210 121 173 51 0 -0.807816 0.388711 0.443099
0.317421 0.973686 -5.674084 110 155 86 0 0.789865 -0.585930 -0.181106
0.232705 0.682845 -5.576958 129 189 97 0 0.586857 -0.539502 -0.603769
0.029818 0.825837 -5.901253 134 169 91 0 -0.101836 0.971846 0.212473
0.045466 0.781051 -5.815458 127 186 96 0 0.510171 -0.587623 -0.628032
0.082158 0.566293 -5.583433 111 172 60 0 0.382113 -0.521950 -0.762600
0.229467 0.853356 -5.699445 133 193 106 0 0.621069 -0.340691 -0.705835
0.339004 0.814506 -5.537567 156 215 137 0 0.772748 -0.411590 -0.483171
0.040070 0.503700 -5.556993 140 199 96 0 -0.624702 0.749331 0.219658
0.303931 0.658024 -5.474974 139 202 114 0 0.688993 -0.369984 -0.623218
0.278570 0.659643 -5.505191 137 197 116 0 0.648090 -0.496589 -0.577390
0.278030 0.709825 -5.551597 160 203 117 0 0.638083 -0.687041 -0.347600
0.127484 0.952642 -5.848373 120 179 93 0 0.358305 -0.692069 -0.626625
0.268318 0.684464 -5.556993 126 181 65 0 -0.610116 0.442961 0.656920
0.156622 0.772417 -5.711856 118 175 92 0 0.505099 -0.308760 -0.805942
0.328752 0.891128 -5.621744 147 194 58 0 -0.847215 0.158206 0.507146
0.248892 0.994190 -5.786859 96 108 84 0 0.088025 -0.806656 -0.584429
0.319040 0.721696 -5.502493 144 205 120 0 0.738397 -0.356974 -0.572136
0.258065 0.685003 -5.555374 162 170 136 0 0.648123 -0.677509 -0.347733
0.094569 0.980700 -5.924995 128 161 83 0 -0.412244 0.001292 0.911072
0.112375 0.735186 -5.725346 128 189 91 0 0.497483 -0.402880 -0.768244
0.261843 0.589495 -5.466341 117 172 86 0 0.405070 -0.246630 -0.880393
0.375157 0.781051 -5.449074 158 218 153 0 0.833408 -0.398586 -0.382832
0.392964 0.743819 -5.422094 141 191 109 0 0.652763 -0.120441 -0.747927
0.145830 0.640757 -5.616348 101 161 71 0 0.452935 -0.650154 -0.610041
0.196012 0.988794 -5.813299 126 182 92 0 0.601337 -0.428099 -0.674630
0.217596 0.571149 -5.492241 104 163 72 0 0.363108 -0.750640 -0.551989
0.101044 0.972607 -5.879130 121 176 85 0 0.527850 -0.464575 -0.711016
0.115613 0.767561 -5.776067 111 165 58 0 -0.710563 0.369230 0.598973
0.284506 0.802635 -5.606095 145 203 120 0 0.838213 -0.369569 -0.401021
0.121548 0.967750 -5.859704 129 187 93 0 0.476882 -0.500144 -0.722800
0.085935 0.896524 -5.844056 127 187 92 0 0.655615 -0.172691 -0.735083
-0.002018 0.483735 -5.562388 139 191 100 0 -0.182946 0.674900 0.714871
0.072445 0.812347 -5.813839 127 187 99 0 0.690128 -0.286619 -0.664509
-0.024142 0.512334 -5.578576 132 158 109 0 0.435944 -0.636378 -0.636378
0.006615 0.694716 -5.804666 137 200 112 0 0.704976 -0.189742 -0.683379
0.073525 0.660182 -5.696208 130 190 95 0 0.489896 -0.697224 -0.523336
0.349796 0.790224 -5.503033 158 216 146 0 0.817280 -0.452281 -0.357064
0.238101 0.673672 -5.564547 132 192 104 0 0.652898 -0.435822 -0.619502
0.171731 0.677989 -5.627679 132 194 100 0 0.561711 -0.491288 -0.665670
0.192775 0.691478 -5.618506 132 185 89 0 0.577635 -0.473828 -0.664699
0.238640 0.656945 -5.564547 131 155 73 0 -0.633299 0.555614 0.538726
0.040609 0.890588 -5.885605 125 184 85 0 0.592907 -0.475334 -0.650015
0.035753 0.796160 -5.870496 122 171 68 0 0.070926 0.474232 0.877538
0.354113 0.759467 -5.473356 159 219 149 0 0.704235 -0.307801 -0.639774
0.358969 0.871163 -5.545122 149 207 133 0 0.849805 -0.268926 -0.453332
0.067049 0.717919 -5.751246 119 180 87 0 0.604022 -0.499706 -0.620847
0.288822 0.750834 -5.588289 130 181 65 0 -0.746972 0.366163 0.554940
0.244036 0.941310 -5.744231 139 194 100 0 0.534897 -0.609142 -0.585518
0.329831 0.715221 -5.483608 150 209 135 0 0.683258 -0.373734 -0.627281
0.007694 0.710904 -5.810062 143 203 110 0 0.676502 -0.462694 -0.572939
0.107519 0.838248 -5.799270 132 191 103 0 0.468360 -0.403535 -0.786002
0.088633 0.718998 -5.731821 127 189 88 0 0.510287 -0.621439 -0.594493
0.199789 0.651549 -5.580735 122 183 101 0 0.576775 -0.489334 -0.654127
0.309866 0.747596 -5.557532 122 175 56 0 -0.793821 0.347998 0.498744
0.333609 0.754611 -5.504652 155 213 140 0 0.691818 -0.461767 -0.555121
0.043847 0.728171 -5.782003 133 195 110 0 0.718905 -0.483144 -0.499747
-0.024681 0.570070 -5.630377 88 146 36 0 0.101890 -0.850998 -0.515191
-0.017127 0.606223 -5.751786 175 217 136 0 0.888225 0.245489 -0.388319
0.306629 0.789145 -5.570482 150 209 128 0 0.752118 -0.229857 -0.617644
0.249972 0.600827 -5.498716 138 195 80 0 -0.570049 0.492697 0.657490
0.398360 0.872242 -5.470658 95 119 93 0 0.530026 -0.814355 -0.236426
0.050862 0.560897 -5.593685 110 169 57 0 0.373734 -0.683258 -0.627281
0.349796 0.604064 -5.422634 168 200 131 0 0.560133 -0.276122 -0.781030
0.013630 0.502081 -5.571022 137 195 99 0 -0.038913 0.900358 -0.433406
0.363826 0.778893 -5.467420 153 213 141 0 0.840189 -0.299735 -0.451931
0.042768 0.872242 -5.910426 133 146 108 0 -0.959713 -0.038688 0.278304
0.002298 0.762705 -5.842977 139 193 101 0 0.601786 -0.314607 -0.734082
0.000140 0.580862 -5.637931 111 170 57 0 0.198718 -0.753279 -0.626962
0.149068 0.963973 -5.877511 129 179 68 0 -0.944858 0.207073 0.253699
0.253749 0.705508 -5.594224 132 185 66 0 -0.658325 0.516894 0.547201
0.115073 0.682305 -5.680020 116 177 80 0 0.578117 -0.524182 -0.625311
0.336846 0.892747 -5.578576 155 213 136 0 0.776848 -0.245403 -0.579901
0.017407 0.831233 -5.871036 135 188 100 0 0.506160 -0.436914 -0.743578
0.321198 0.579783 -5.426950 157 190 121 0 0.513511 -0.513511 -0.687469
0.203027 0.754611 -5.658976 134 196 101 0 0.506900 -0.450761 -0.734757
0.085935 0.602446 -5.620125 112 172 66 0 0.341553 -0.755949 -0.558464
0.296916 0.660722 -5.483608 140 205 97 0 0.664225 -0.405823 -0.627784
-0.007954 0.577624 -5.668688 116 171 72 0 -0.046769 0.783734 -0.619334
0.156082 0.631044 -5.600699 140 154 92 0 0.498730 -0.545749 -0.673370
0.113454 0.474562 -5.493860 128 170 95 0 0.346928 -0.591244 -0.728060
0.070287 0.599748 -5.627679 107 169 62 0 0.135925 -0.775222 -0.616892
0.247813 0.727092 -5.618506 142 194 73 0 -0.789440 0.323750 0.521509
0.043847 0.702810 -5.764736 136 198 111 0 0.704008 -0.387452 -0.595192
0.303391 0.641296 -5.464182 134 191 107 0 0.603167 -0.452793 -0.656634
0.137736 0.732488 -5.702143 121 183 89 0 0.465868 -0.546018 -0.696298
0.116152 0.545249 -5.540805 110 173 65 0 0.293963 -0.634511 -0.714829
0.028199 0.756230 -5.852690 123 172 66 0 -0.743704 -0.120240 0.657607
0.367603 0.730329 -5.442599 145 206 122 0 0.677115 -0.247802 -0.692899
0.052480 0.756769 -5.792255 137 200 97 0 0.698712 -0.419891 -0.579217
0.359509 0.887890 -5.551057 149 205 132 0 0.808045 -0.070078 -0.584938
0.015788 0.687701 -5.791176 143 204 123 0 0.739191 -0.070881 -0.669756
0.086475 0.542011 -5.554834 110 172 62 0 0.340362 -0.640012 -0.688868
0.241878 0.824758 -5.667609 134 195 111 0 0.669037 -0.435458 -0.602300
0.212200 0.754071 -5.650342 127 188 101 0 0.627411 -0.427705 -0.650710
0.126405 0.960196 -5.895318 124 175 67 0 -0.797798 0.141665 0.586046
0.082698 0.471324 -5.505731 116 176 64 0 0.254430 -0.452490 -0.854703
0.315802 0.770799 -5.567784 121 173 55 0 -0.813373 0.294199 0.501868
0.306089 0.683924 -5.490623 146 201 98 0 0.221914 -0.600565 -0.768164
0.003917 0.647771 -5.771750 147 196 129 0 0.687277 -0.530089 -0.496645
0.003917 0.718458 -5.845135 104 117 87 0 -0.663055 -0.079799 0.744305
0.226769 0.840946 -5.692970 136 196 102 0 0.616239 -0.420239 -0.666070
0.259145 0.904618 -5.699445 133 190 115 0 0.754231 -0.348731 -0.556347
0.060574 0.640217 -5.688114 129 189 95 0 0.598718 -0.688277 -0.409649
0.177126 0.540932 -5.497097 121 168 82 0 0.467946 -0.484482 -0.739124
0.247813 0.873861 -5.725885 125 176 60 0 -0.619280 0.548409 0.561908
0.391885 0.784289 -5.426950 154 211 130 0 0.722095 -0.237552 -0.649729
0.348178 0.741661 -5.472816 150 210 132 0 0.601271 -0.467283 -0.648167
0.228388 0.800476 -5.665990 133 191 100 0 0.569972 -0.506081 -0.647313
0.320119 0.672593 -5.480910 132 186 64 0 -0.851702 0.310694 0.421987
0.177126 0.730329 -5.663832 122 183 93 0 0.547977 -0.484298 -0.682039
0.053020 0.897064 -5.877511 134 191 88 0 0.607254 -0.340258 -0.717960
0.296377 0.843104 -5.613110 143 203 124 0 0.633073 -0.410417 -0.656335
0.234863 0.615396 -5.519221 136 195 120 0 0.585992 -0.426628 -0.688914
0.146909 0.676370 -5.648184 115 177 79 0 0.650830 -0.516292 -0.556653
0.080539 0.457835 -5.506810 90 129 69 0 -0.262736 0.514589 0.816191
-0.013350 0.568451 -5.627140 97 156 46 0 0.071161 -0.872073 -0.484175
0.308248 0.884113 -5.619586 156 213 138 0 0.768063 -0.260227 -0.585116
0.127484 0.836089 -5.778226 109 171 87 0 0.705845 -0.358655 -0.610859
0.173349 0.572768 -5.545661 148 202 107 0 -0.452159 0.452159 0.768833
0.398899 0.718998 -5.414540 131 190 90 0 0.508455 -0.101691 -0.855063
0.347638 0.630504 -5.429109 123 185 81 0 0.528379 -0.086876 -0.844552
0.320658 0.908935 -5.613650 168 225 161 0 0.893466 -0.196766 -0.403736
0.135038 0.580322 -5.564007 113 175 73 0 0.442255 -0.639183 -0.629170
0.069208 0.502621 -5.531092 119 182 68 0 0.460910 -0.402690 -0.790824
0.017946 0.677989 -5.780384 143 206 123 0 0.745885 -0.577616 -0.331684
0.032515 0.904618 -5.899095 150 184 112 0 0.957569 -0.229763 -0.173983
0.256986 0.662880 -5.551057 120 174 68 0 -0.679742 0.515261 0.521975
0.244036 0.801016 -5.650882 127 188 104 0 0.713698 -0.418946 -0.561354
0.249972 0.895984 -5.704301 143 206 96 0 0.522988 -0.086927 -0.847896
0.398899 0.784289 -5.419936 149 207 126 0 0.691018 -0.032502 -0.722107
0.259145 0.610540 -5.496018 122 175 66 0 -0.691310 0.530618 0.490445
0.190616 0.772957 -5.682718 131 192 98 0 0.710881 -0.404097 -0.575633
0.194393 0.932677 -5.778226 127 186 99 0 0.467257 -0.571092 -0.674926
0.429117 0.751373 -5.397273 130 182 86 0 0.373696 -0.119969 -0.919760
0.238640 0.842025 -5.711856 116 166 57 0 -0.659715 0.199305 0.724605
0.128023 0.515571 -5.512206 110 169 69 0 0.437109 -0.556774 -0.706355
0.237561 0.790764 -5.650882 145 204 114 0 0.650408 -0.443080 -0.616968
0.290441 0.967750 -5.717252 150 206 130 0 0.721807 -0.411282 -0.556634
0.163097 0.550105 -5.514904 121 185 81 0 0.531474 -0.602337 -0.595588
0.165795 0.996349 -5.835962 134 182 103 0 0.327828 -0.333871 -0.883776
0.068129 0.863069 -5.848373 128 182 96 0 0.627784 -0.664225 -0.405823
0.211121 0.837169 -5.705380 134 192 104 0 0.570049 -0.492697 -0.657490
0.278570 0.944008 -5.708079 146 204 126 0 0.820140 -0.439417 -0.366446
0.111836 0.778893 -5.758261 131 195 93 0 0.506090 -0.499409 -0.703181
0.268318 0.693097 -5.564547 157 174 96 0 -0.618578 0.658594 0.428503
0.278570 0.864148 -5.648724 148 209 130 0 0.761712 -0.333350 -0.555583
0.330371 0.815045 -5.551597 160 219 145 0 0.793649 -0.357543 -0.492223
0.312025 0.852277 -5.598541 153 211 139 0 0.855678 -0.205303 -0.475044
0.199250 0.572768 -5.508429 124 186 89 0 0.456665 -0.640670 -0.617251
0.395662 0.887351 -5.506810 78 99 80 0 0.717928 -0.695361 -0.032441
0.266699 0.935375 -5.715633 143 200 120 0 0.859871 -0.315337 -0.401478
0.156622 0.990413 -5.842437 134 190 106 0 0.610296 -0.492608 -0.620384
0.111296 0.974225 -5.871575 132 190 91 0 0.601625 -0.497141 -0.625218
0.080000 0.966671 -5.889922 124 183 96 0 0.538787 -0.175594 -0.823939
0.280728 0.755690 -5.602318 129 179 64 0 -0.619280 0.561908 0.548409
0.239719 0.552263 -5.460945 193 146 149 0 0.705845 -0.358655 -0.610859
0.249972 0.538774 -5.457168 105 129 87 0 0.586519 0.119068 0.801135
0.346019 0.803714 -5.520300 151 210 140 0 0.690135 -0.365559 -0.624564
0.235403 0.953181 -5.801968 123 169 78 0 -0.411649 0.746216 0.523171
0.077841 0.651549 -5.681639 122 182 90 0 0.688560 -0.458484 -0.561852
0.056797 0.961275 -5.907728 129 185 112 0 0.773050 -0.205221 -0.600232
-0.002018 0.625109 -5.804126 160 177 121 0 0.892782 0.228729 0.388102
0.249972 0.624569 -5.521379 144 199 80 0 -0.482794 0.603913 0.634192
0.240798 0.971527 -5.770671 126 180 80 0 0.293691 -0.656391 -0.694908
0.265080 0.767561 -5.606635 130 191 104 0 0.750096 -0.348317 -0.562167
0.398899 0.825298 -5.421015 167 223 162 0 0.837491 0.023378 -0.545951
0.343321 0.865767 -5.562928 148 203 128 0 0.648065 -0.286429 -0.705670
0.392964 0.833392 -5.434505 174 233 172 0 0.875645 -0.031225 -0.481944
0.053560 0.526903 -5.558611 106 169 61 0 0.308771 -0.680589 -0.664423
0.328752 0.800476 -5.545122 155 214 134 0 0.720927 -0.300253 -0.624590
0.169033 0.797239 -5.720490 170 185 140 0 0.846564 -0.268872 -0.459388
0.227848 0.663420 -5.564547 131 193 106 0 0.578117 -0.524182 -0.625311
0.137197 0.812887 -5.756103 121 183 93 0 0.538598 -0.314848 -0.781526
0.055178 0.853356 -5.852150 134 193 94 0 0.521395 -0.441945 -0.729953
0.004996 0.654247 -5.830027 143 180 71 0 -0.660054 0.660054 -0.358689
0.046005 0.547407 -5.581814 118 179 63 0 0.372332 -0.585562 -0.720060
0.218675 0.676370 -5.584512 131 187 97 0 0.531262 -0.578486 -0.618963
0.075683 0.468087 -5.514365 137 194 90 0 -0.497977 0.458271 0.736211
0.329831 0.929439 -5.607714 171 231 154 0 0.791739 -0.340688 -0.507033
0.325515 0.914870 -5.607714 165 224 156 0 0.896301 -0.078478 -0.436447
0.040609 0.494527 -5.550518 132 188 91 0 -0.548784 0.579178 0.602818
0.337925 0.672053 -5.449614 133 188 106 0 0.579901 -0.310030 -0.753390
-0.006335 0.504240 -5.576958 130 187 93 0 -0.324765 0.421107 0.846875
0.299614 0.612158 -5.451772 116 178 86 0 0.602766 -0.324815 -0.728813
0.368682 0.883574 -5.539186 155 210 130 0 0.672682 -0.293797 -0.679104
0.336846 0.865767 -5.595843 136 185 60 0 -0.528385 0.175130 0.830746
0.042228 0.852277 -5.862402 132 190 92 0 0.648789 -0.561161 -0.513976
0.272095 0.983398 -5.758261 102 112 91 0 0.364582 -0.891366 -0.269344
0.259145 0.593273 -5.480370 136 194 82 0 -0.630782 0.427733 0.647425
0.172270 0.744898 -5.677322 118 179 88 0 0.534707 -0.461414 -0.707945
0.109677 0.497765 -5.517602 138 197 94 0 -0.389569 0.483324 0.783986
0.090792 0.938073 -5.873194 124 169 99 0 0.480529 -0.196104 -0.854772
0.197091 0.974765 -5.803586 135 188 93 0 0.492930 -0.420873 -0.761503
0.268318 0.599208 -5.475514 140 199 89 0 -0.617930 0.506804 0.601093
0.234323 0.871163 -5.703762 151 212 109 0 0.672500 -0.126746 -0.729163
0.249432 0.576545 -5.467420 117 171 97 0 0.436962 -0.373404 -0.818311
0.103202 0.511254 -5.531631 147 198 107 0 -0.633907 0.673424 0.380344
0.214898 0.773497 -5.662213 134 193 104 0 0.618193 -0.454011 -0.641647
-0.028998 0.536076 -5.593685 115 172 57 0 0.006907 -0.628547 -0.777741
0.313644 0.663420 -5.467959 139 199 110 0 0.664647 -0.341305 -0.664647
0.261303 0.721696 -5.578037 147 210 116 0 0.554419 -0.477370 -0.681717
0.302312 0.739502 -5.562388 123 171 64 0 -0.580650 0.587421 0.563721
0.006075 0.619173 -5.723187 129 189 106 0 0.578325 -0.775802 -0.252332
0.219754 0.969369 -5.787399 126 183 81 0 0.357771 -0.539084 -0.762488
0.247813 0.843104 -5.702682 119 170 67 0 -0.757418 0.458394 0.464966
0.256986 0.602985 -5.490623 128 184 69 0 -0.712500 0.529808 0.460052
0.258605 0.976384 -5.810062 174 195 140 0 -0.340132 0.603774 0.720949
0.258065 0.973686 -5.765275 121 176 83 0 0.434253 -0.402205 -0.806012
0.269937 0.952642 -5.725885 146 202 114 0 0.718905 -0.483144 -0.499747
0.066510 0.762705 -5.784701 130 193 90 0 0.627078 -0.311121 -0.714127
0.153924 0.832312 -5.755023 124 186 88 0 0.592772 -0.442492 -0.672921
0.247813 0.620252 -5.507890 139 194 118 0 0.556347 -0.348731 -0.754231
0.330911 0.745438 -5.501414 151 209 134 0 0.782493 -0.290459 -0.550761
0.140974 0.524205 -5.509508 115 177 72 0 0.524463 -0.397023 -0.753201
0.256986 0.813427 -5.643867 159 198 131 0 0.833408 -0.398586 -0.382832
0.228388 0.525284 -5.447455 72 56 55 0 0.547723 -0.752509 -0.365690
0.165795 0.979621 -5.831106 123 183 93 0 0.331609 -0.418792 -0.845369
0.178206 0.530140 -5.490623 116 179 86 0 0.498102 -0.468315 -0.729777
0.084856 0.550645 -5.564547 117 181 67 0 0.215590 -0.618853 -0.755342
0.055178 0.683924 -5.738296 129 189 102 0 0.608435 -0.497198 -0.618548
0.186300 0.725473 -5.653040 108 159 79 0 0.198123 -0.591296 -0.781739
0.339544 0.751913 -5.492241 162 221 149 0 0.781030 -0.276122 -0.560133
0.059495 0.938073 -5.932010 113 159 65 0 0.174261 0.024235 0.984401
0.291520 0.640757 -5.476054 134 194 113 0 0.624566 -0.594263 -0.506723
0.000140 0.786987 -5.854848 145 193 103 0 0.397930 -0.459150 -0.794250
0.345480 0.919187 -5.573180 160 216 145 0 0.874912 -0.118463 -0.469569
0.005536 0.604064 -5.683258 129 188 82 0 0.491349 -0.754278 -0.435477
0.061114 0.594352 -5.625521 114 174 66 0 0.372733 -0.691280 -0.619033
0.221373 0.747596 -5.635773 131 194 102 0 0.594899 -0.460837 -0.658578
0.333609 0.835010 -5.560770 152 209 139 0 0.753357 -0.239633 -0.612396
0.026040 0.474562 -5.545661 119 172 89 0 0.181324 0.784723 0.592732
0.028738 0.601366 -5.654119 105 166 62 0 0.388659 -0.729760 -0.562489
0.149068 0.700652 -5.665451 129 193 93 0 0.594111 -0.560259 -0.577185
0.080000 0.756230 -5.769053 130 191 94 0 0.586857 -0.539502 -0.603769
0.388107 0.821521 -5.442599 168 227 162 0 0.920073 -0.143805 -0.364399
0.339544 0.731408 -5.479831 147 209 138 0 0.768336 -0.315996 -0.556602
0.058956 0.821521 -5.831106 132 190 94 0 0.621816 -0.350894 -0.700155
0.313104 0.611079 -5.442599 106 166 70 0 0.524463 -0.397023 -0.753201
0.317421 0.823679 -5.575878 143 202 131 0 0.778362 -0.204994 -0.593405
0.062733 0.564134 -5.589908 103 164 58 0 0.315806 -0.694773 -0.646187
0.070827 0.780511 -5.792795 119 179 85 0 0.587623 -0.510171 -0.628032
0.125326 0.785907 -5.750167 120 183 90 0 0.585019 -0.524325 -0.618737
0.294218 0.669895 -5.497637 155 196 116 0 0.636362 -0.612855 -0.468457
0.266699 0.776195 -5.610952 132 192 111 0 0.642171 -0.428670 -0.635499
0.331450 0.709285 -5.475514 152 199 132 0 0.769917 -0.459335 -0.442989
0.044387 0.652628 -5.719950 140 200 110 0 0.703181 -0.499409 -0.506090
0.359509 0.647771 -5.426411 122 184 79 0 0.324279 -0.183898 -0.927914
0.316881 0.861990 -5.595843 153 211 135 0 0.817280 -0.357064 -0.452281
0.168493 0.604604 -5.564007 122 184 83 0 0.556548 -0.610681 -0.563315
0.201408 0.967750 -5.795493 128 183 91 0 0.410909 -0.410909 -0.813823
0.281808 0.883034 -5.656817 147 205 130 0 0.734478 -0.268092 -0.623433
0.088633 0.493987 -5.515984 109 171 63 0 0.307000 -0.539238 -0.784202
0.074064 0.789145 -5.796572 118 178 90 0 0.654738 -0.377670 -0.654738
0.132880 0.544709 -5.531092 110 175 69 0 0.513649 -0.554068 -0.655113
0.116692 0.536076 -5.533250 110 173 66 0 0.347541 -0.634711 -0.690187
0.054099 0.574926 -5.607175 110 171 56 0 0.230603 -0.723183 -0.651021
0.283426 0.611619 -5.473356 138 195 82 0 -0.571935 0.183565 0.799496
0.313644 0.778893 -5.552676 151 213 136 0 0.885248 -0.299091 -0.356203
0.310946 0.929439 -5.643327 164 220 149 0 0.808395 -0.421006 -0.411401
0.200329 0.733027 -5.644407 124 184 84 0 0.618332 -0.467519 -0.631737
0.134499 0.565753 -5.548899 107 169 61 0 0.460571 -0.523754 -0.716628
0.002298 0.513413 -5.569943 110 172 54 0 0.276122 -0.560133 -0.781030
0.134499 0.856054 -5.788478 165 188 142 0 0.682199 -0.301587 -0.666071
0.025501 0.740042 -5.807364 125 187 95 0 0.656645 -0.340543 -0.672939
0.229467 0.894905 -5.725885 132 188 102 0 0.554940 -0.366163 -0.746972
0.280728 0.768640 -5.589908 134 196 111 0 0.642325 -0.461200 -0.612138
0.177666 0.764324 -5.690272 202 188 164 0 0.596322 -0.562536 -0.572672
0.330371 0.635361 -5.440980 125 188 86 0 0.515533 -0.324004 -0.793251
0.009853 0.635361 -5.746929 144 204 114 0 0.632175 -0.547885 -0.547885
0.146909 0.835010 -5.762578 110 163 91 0 0.697963 -0.301430 -0.649606
0.101583 0.900301 -5.840279 111 160 75 0 0.070568 -0.626469 -0.776245
0.048164 0.486973 -5.531631 115 176 72 0 0.459475 -0.522507 -0.718240
0.138815 0.802095 -5.750167 114 175 82 0 0.586626 -0.482412 -0.650499
0.317960 0.754071 -5.531631 156 215 124 0 0.960793 -0.175289 -0.214828
0.380014 0.842025 -5.474974 171 230 148 0 0.791522 -0.023648 -0.610682
0.421562 0.750294 -5.402129 131 189 83 0 0.506611 0.001337 -0.862174
0.248892 0.557120 -5.465261 147 180 100 0 -0.317841 0.366506 0.874443
0.118850 0.650469 -5.648184 124 182 82 0 0.548409 -0.561908 -0.619280
0.387568 0.864688 -5.511127 165 211 72 0 -0.484167 0.564583 0.668452
0.250511 0.580322 -5.479831 141 194 88 0 -0.758047 0.608000 0.236010
0.367603 0.808031 -5.479831 167 226 160 0 0.827733 -0.274876 -0.489185
0.325515 0.680147 -5.478752 146 200 77 0 -0.810984 0.287060 0.509806
0.313644 0.697414 -5.506271 117 171 56 0 -0.786349 0.372991 0.492477
0.021184 0.802635 -5.847833 133 188 83 0 0.364650 -0.349264 -0.863160
0.337925 0.618633 -5.431807 112 174 69 0 0.381343 -0.302340 -0.873595
0.227848 0.608381 -5.519221 246 199 206 0 0.884722 -0.220810 -0.410499
0.046005 0.531759 -5.567245 115 175 62 0 0.286429 -0.705670 -0.648065
0.143132 0.613777 -5.593685 114 176 74 0 0.451299 -0.564540 -0.691103
0.126405 0.508017 -5.507350 109 169 65 0 0.308848 -0.465623 -0.829342
0.270476 0.662340 -5.533790 128 181 71 0 -0.839219 0.371766 0.396864
0.288283 0.658024 -5.506271 131 171 74 0 -0.722404 0.307303 0.619433
-0.002018 0.725473 -5.828948 149 209 121 0 0.682402 -0.196519 -0.704065
0.258605 0.941310 -5.730202 130 185 98 0 0.548846 -0.585999 -0.596132
0.265080 0.860371 -5.696208 130 174 73 0 -0.412277 0.594407 0.690440
0.246734 0.739502 -5.607714 135 194 109 0 0.625948 -0.348112 -0.697859
0.266159 0.742200 -5.609873 125 174 58 0 -0.782850 0.363178 0.505221
0.139895 0.781591 -5.733439 129 190 98 0 0.468561 -0.531925 -0.705342
0.084856 0.829614 -5.811680 120 179 92 0 0.668762 -0.445285 -0.595381
0.258605 0.916489 -5.709697 133 189 107 0 0.571557 -0.531093 -0.625510
0.179285 0.757309 -5.682718 190 182 145 0 0.539535 -0.379794 -0.751437
0.223531 0.845263 -5.700524 135 193 103 0 0.474623 -0.396869 -0.785639
0.019565 0.666118 -5.766894 142 203 114 0 0.666270 -0.508513 -0.545435
0.381632 0.819362 -5.459326 165 224 160 0 0.813615 -0.394819 -0.426788
0.293679 0.774036 -5.578576 145 205 128 0 0.757543 -0.309103 -0.574964
-0.004716 0.517190 -5.587749 146 208 103 0 0.040001 0.514490 0.856563
0.115073 0.852277 -5.795493 112 175 68 0 0.363251 -0.436218 -0.823263
0.102123 0.741661 -5.738296 119 180 85 0 0.572100 -0.419540 -0.704761
0.323896 0.786447 -5.566705 137 187 61 0 -0.777088 0.428458 0.461040
0.080539 0.975844 -5.932010 125 148 98 0 -0.865728 0.150371 0.477392
0.350336 0.816664 -5.520840 160 218 146 0 0.836556 -0.314295 -0.448769
0.236482 0.759467 -5.631456 125 165 96 0 0.553228 -0.466316 -0.690281
0.124246 0.632123 -5.626060 114 177 76 0 0.475334 -0.592907 -0.650015
0.367063 0.852277 -5.519761 156 215 139 0 0.701435 -0.333629 -0.629826
0.028199 0.815585 -5.891541 131 181 73 0 -0.254721 0.379847 0.889288
0.343321 0.874940 -5.566165 152 211 131 0 0.735713 -0.261059 -0.624960
0.025501 0.711443 -5.792795 147 205 121 0 0.577616 -0.331684 -0.745885
0.240798 0.539313 -5.457707 185 136 128 0 0.602501 -0.713531 0.357582
0.306089 0.820441 -5.616348 137 187 56 0 -0.761503 0.492930 0.420873
0.009853 0.648311 -5.764196 140 201 116 0 0.673853 -0.617561 -0.405636
0.021724 0.476720 -5.536488 108 163 65 0 0.180754 -0.575680 -0.797446
0.219215 0.688781 -5.594764 119 180 89 0 0.491288 -0.561711 -0.665670
0.120469 0.721156 -5.708079 127 189 94 0 0.658578 -0.460837 -0.594899
0.043307 0.869544 -5.872654 132 190 93 0 0.621439 -0.594493 -0.510287
0.060574 0.801016 -5.816537 115 176 82 0 0.476882 -0.500144 -0.722800
0.213819 0.556580 -5.480910 108 162 87 0 0.569317 -0.348727 -0.744492
0.070287 0.670974 -5.709697 126 187 99 0 0.678824 -0.481044 -0.554792
0.041149 0.830154 -5.892620 112 165 62 0 -0.492992 0.700216 0.516388
0.153384 0.980700 -5.841358 128 188 103 0 0.580359 -0.302170 -0.756225
0.238640 0.654247 -5.546201 126 185 97 0 0.561161 -0.513976 -0.648789
0.101044 0.891668 -5.837041 122 183 99 0 0.333574 -0.348805 -0.875821
0.170112 0.939691 -5.807903 129 185 98 0 0.594744 -0.371920 -0.712710
0.063812 0.941310 -5.892620 142 200 103 0 0.533213 -0.364659 -0.763353
0.077302 1.007680 -5.901253 89 102 83 0 0.560138 -0.727687 -0.395875
0.084316 0.954800 -5.883446 119 177 97 0 0.671016 -0.023815 -0.741060
0.003917 0.815045 -5.871575 135 170 110 0 0.713271 -0.507104 -0.483827
0.147449 0.930518 -5.821933 125 183 90 0 0.648473 -0.387764 -0.655074
0.277491 0.622411 -5.487385 123 177 77 0 -0.616967 0.576399 0.535832
0.296377 0.651009 -5.491162 132 185 70 0 -0.563483 0.374022 0.736611
0.070827 0.823139 -5.819775 119 180 94 0 0.599913 -0.394984 -0.695767
-0.034394 0.564134 -5.658976 148 192 118 0 0.118120 0.912998 0.390491
0.142053 0.881415 -5.794414 117 181 77 0 0.600304 -0.536046 -0.593540
0.353573 0.774036 -5.483608 165 223 144 0 0.871409 -0.277335 -0.404637
0.130721 0.947785 -5.886684 125 175 65 0 -0.835405 0.023397 0.549137
0.308248 0.647771 -5.476054 136 188 70 0 -0.547362 0.641677 0.537257
0.187918 0.835010 -5.726425 115 173 89 0 0.444722 -0.474261 -0.759802
0.095108 0.669355 -5.684876 125 185 93 0 0.539194 -0.699450 -0.469083
0.155543 0.605683 -5.576418 115 177 75 0 0.414116 -0.643626 -0.643626
0.197631 0.770259 -5.673005 128 186 100 0 0.468561 -0.531925 -0.705342
0.098885 0.490750 -5.508969 109 165 64 0 0.364613 -0.489899 -0.791869
0.173349 0.771338 -5.698366 164 165 115 0 0.600396 -0.364818 -0.711641
0.061654 0.695256 -5.739914 136 197 109 0 0.622683 -0.511309 -0.592308
0.090792 0.696335 -5.739914 114 165 64 0 -0.385871 0.512867 0.766858
-0.000939 0.585179 -5.646565 116 175 61 0 0.275998 -0.790143 -0.547265
-0.026300 0.538774 -5.608254 148 198 138 0 -0.023432 0.563738 0.825621
0.257526 0.672053 -5.560230 124 170 72 0 -0.761388 0.323550 0.561786
0.240259 0.858213 -5.688114 138 201 90 0 0.547869 -0.451284 -0.704402
0.302312 0.835550 -5.602858 148 206 132 0 0.785478 -0.221545 -0.577877
-0.025761 0.546328 -5.602858 104 162 43 0 -0.032215 -0.617686 -0.785764
0.321198 0.831773 -5.602858 142 192 59 0 -0.813615 0.426788 0.394819
0.073525 0.689860 -5.724267 125 183 92 0 0.726253 -0.521116 -0.448325
0.169033 0.878178 -5.772290 122 180 93 0 0.553358 -0.377067 -0.742708
0.209502 0.902459 -5.750167 136 195 101 0 0.719739 -0.467082 -0.513624
0.062193 0.522046 -5.549978 109 171 64 0 0.426628 -0.585992 -0.688914
0.233784 0.714681 -5.601779 142 199 109 0 0.599154 -0.511390 -0.616031
0.321198 0.799937 -5.555913 151 213 115 0 0.832946 -0.294256 -0.468630
0.207344 0.626727 -5.552676 126 186 97 0 0.602914 -0.555627 -0.572515
0.256986 0.987715 -5.774988 89 104 72 0 0.431037 -0.755544 -0.493316
0.307708 0.939152 -5.658436 165 220 152 0 0.893999 -0.299990 -0.332824
0.120469 0.995809 -5.871036 130 180 98 0 0.837491 0.023378 -0.545951
0.305010 0.715760 -5.517063 151 213 111 0 0.726930 -0.465301 -0.505042
0.355732 0.749215 -5.467959 151 205 135 0 0.649856 -0.262167 -0.713412
0.319040 0.696874 -5.486306 154 202 139 0 0.482668 -0.379355 -0.789380
0.190077 0.667197 -5.602318 134 193 97 0 0.650624 -0.509403 -0.563202
-0.033854 0.557120 -5.635233 167 192 155 0 0.364989 0.814451 0.451056
0.079460 0.693637 -5.750167 139 181 86 0 -0.828693 0.248454 0.501537
0.318500 0.727092 -5.525696 137 188 59 0 -0.815475 0.317041 0.484237
0.377316 0.830154 -5.476593 172 229 161 0 0.888825 -0.213731 -0.405351
0.259145 0.690939 -5.574259 120 175 58 0 -0.698851 0.525389 0.485359
0.038451 0.927820 -5.908268 128 139 121 0 0.222283 -0.531946 -0.817082
0.014169 0.620792 -5.713475 141 199 111 0 0.501714 -0.842216 -0.197371
0.101044 0.686622 -5.724267 133 194 76 0 -0.714665 0.651280 0.255124
0.295297 0.702810 -5.519221 135 199 77 0 0.717561 -0.429211 -0.548528
0.371380 0.746517 -5.443678 154 212 127 0 0.651465 -0.365936 -0.664593
0.001219 0.595431 -5.667069 117 177 69 0 0.412864 -0.785251 -0.461436
-0.013890 0.607302 -5.735058 141 201 107 0 0.588230 -0.737313 -0.332196
0.172810 0.709825 -5.652501 124 187 96 0 0.689578 -0.405148 -0.600281
0.124786 0.944008 -5.846214 126 184 91 0 0.500184 -0.428026 -0.752735
0.044926 0.478879 -5.528394 128 184 82 0 0.436835 -0.395231 -0.808064
0.229467 0.740582 -5.626060 164 185 133 0 0.721439 -0.469350 -0.509153
0.120469 0.743279 -5.723727 115 172 82 0 0.516025 -0.489305 -0.703063
0.108598 0.910014 -5.841358 124 184 94 0 0.739433 -0.398408 -0.542688
0.242417 0.627267 -5.535409 132 186 74 0 -0.683080 0.590008 0.430457
-0.037092 0.561976 -5.650342 61 71 65 0 -0.554401 0.785007 0.276411
0.274793 0.678528 -5.526236 147 210 100 0 0.648167 -0.467283 -0.601271
0.251051 0.939152 -5.733979 131 186 104 0 0.812906 -0.277234 -0.512178
0.322817 0.835010 -5.575339 148 199 122 0 0.893999 -0.332824 -0.299990
0.132340 0.938612 -5.839739 120 178 89 0 0.467603 -0.355889 -0.809129
0.334688 0.827996 -5.578576 139 187 60 0 -0.896483 0.262277 0.357112
0.124786 0.624029 -5.619586 123 156 83 0 0.433814 -0.703078 -0.563460
0.029818 0.867926 -5.884526 148 201 109 0 0.540851 -0.293424 -0.788278
0.268857 0.837708 -5.643327 144 204 124 0 0.706994 -0.237764 -0.666054
0.269937 0.729250 -5.593685 116 168 59 0 -0.634748 0.365759 0.680673
0.040070 0.753532 -5.840818 118 167 63 0 -0.294179 0.771227 0.564506
0.394043 0.652628 -5.408065 125 186 83 0 0.472650 -0.094530 -0.876166
0.298535 0.927281 -5.664371 145 203 115 0 0.791487 -0.428924 -0.435399
0.346559 0.828535 -5.536488 154 213 142 0 0.688560 -0.458484 -0.561852
0.038451 0.803174 -5.837041 124 183 91 0 0.563483 -0.374022 -0.736611
0.101583 0.607302 -5.615808 105 166 68 0 0.535660 -0.623529 -0.569456
0.169033 0.929979 -5.802507 121 180 92 0 0.612638 -0.445707 -0.652702
0.082158 0.575466 -5.591527 117 178 66 0 0.340543 -0.672939 -0.656645
0.117771 0.493448 -5.501954 117 179 68 0 0.346693 -0.371347 -0.861339
0.158780 0.586258 -5.553755 110 171 69 0 0.365476 -0.693257 -0.621145
0.192775 0.700112 -5.626060 128 169 91 0 0.458271 -0.497977 -0.736211
0.065970 0.946706 -5.937406 118 148 56 0 -0.743473 -0.158991 0.649592
0.052480 0.734646 -5.778226 127 186 93 0 0.829333 -0.251734 -0.498835
0.099965 0.820981 -5.793334 128 190 99 0 0.253884 -0.347807 -0.902537
0.156622 0.826916 -5.748548 123 187 85 0 0.570882 -0.396492 -0.718949
0.045466 0.721696 -5.774448 134 195 105 0 0.672407 -0.508078 -0.538261
0.010392 0.485354 -5.546740 121 182 64 0 0.325194 -0.486998 -0.810606
0.088094 0.725473 -5.737756 118 178 83 0 0.483948 -0.310547 -0.818141
0.001219 0.675830 -5.840279 103 112 91 0 -0.920124 -0.260630 0.292309
-0.039790 0.562516 -5.618506 107 147 77 0 0.001359 -0.822094 -0.569351
0.072985 0.586797 -5.610412 103 164 58 0 0.275566 -0.718383 -0.638740
0.302312 0.797778 -5.581814 147 206 136 0 0.696363 -0.365386 -0.617715
0.154464 0.533917 -5.508429 114 163 72 0 0.374073 -0.467190 -0.801126
0.087554 0.705508 -5.752325 128 186 76 0 -0.587617 0.405539 0.700175
0.156082 0.613777 -5.583972 120 182 79 0 0.556774 -0.437109 -0.706355
0.193314 0.682305 -5.611491 109 169 79 0 0.680192 -0.405467 -0.610684
0.162557 0.595431 -5.559690 114 175 78 0 0.482597 -0.644023 -0.593578
0.023882 0.493448 -5.557532 138 197 93 0 -0.126662 0.758480 0.639269
0.222992 0.525284 -5.464182 72 121 42 0 -0.032749 -0.134386 -0.990388
0.321198 0.598668 -5.433425 117 174 74 0 0.403449 -0.302203 -0.863656
-0.043028 0.570610 -5.633075 56 86 40 0 0.070350 -0.889714 -0.451065
0.322277 0.900301 -5.607714 162 220 146 0 0.807525 -0.223031 -0.546041
0.215977 0.529601 -5.435044 100 115 73 0 -0.228084 0.789761 0.569435
0.253209 0.700652 -5.569943 134 195 117 0 0.697819 -0.461327 -0.547929
0.161478 0.627267 -5.592066 125 184 88 0 0.484712 -0.675913 -0.555154
0.150147 0.550105 -5.524077 119 180 74 0 0.427733 -0.647425 -0.630782
0.135038 0.955340 -5.845135 121 180 91 0 0.458842 -0.347704 -0.817659
0.162018 0.537155 -5.505731 125 166 81 0 0.531052 -0.507599 -0.678474
0.098885 0.658024 -5.671386 126 188 87 0 0.558000 -0.477568 -0.678649
0.185220 0.617554 -5.563467 121 182 84 0 0.443092 -0.536025 -0.718572
0.275872 0.653707 -5.516523 129 182 67 0 -0.656452 0.585938 0.475130
0.007155 0.712523 -5.839739 127 169 70 0 -0.602478 0.260916 0.754283
-0.028459 0.598668 -5.728044 120 141 111 0 -0.157638 -0.974834 0.157638
0.076762 0.852277 -5.831645 133 193 99 0 0.586448 -0.398124 -0.705390
0.109677 0.966671 -5.908268 120 166 85 0 0.442914 -0.047407 0.895310
0.190616 0.635900 -5.575339 123 169 87 0 0.499747 -0.483144 -0.718905
0.113454 0.661801 -5.662753 130 166 93 0 0.607648 -0.614381 -0.503288
0.286124 0.703889 -5.533250 146 210 118 0 0.766476 -0.395443 -0.506102
0.110757 0.521507 -5.523538 106 167 66 0 0.404891 -0.593290 -0.695752
0.287743 0.592733 -5.448534 112 174 83 0 0.556602 -0.315996 -0.768336
0.061654 0.628886 -5.674624 127 163 86 0 0.325653 -0.802219 -0.500394
0.341702 0.939691 -5.585591 118 133 119 0 0.737480 -0.427310 -0.523000
0.360049 0.863609 -5.539725 157 212 135 0 0.746697 -0.387237 -0.540824
0.412929 0.688241 -5.401050 135 196 92 0 0.680983 -0.172924 -0.711589
0.127484 0.717379 -5.698905 123 185 90 0 0.602049 -0.524474 -0.602049
0.002838 0.544709 -5.614190 138 199 104 0 -0.269438 0.664827 0.696713
0.022803 0.731948 -5.806284 133 195 99 0 0.594407 -0.412277 -0.690440
0.270476 0.675291 -5.546201 124 175 62 0 -0.641677 0.537257 0.547362
0.313644 0.956419 -5.663292 168 226 157 0 0.839363 -0.293234 -0.457693
0.255368 0.673132 -5.543503 138 197 113 0 0.612138 -0.461200 -0.642325
0.326594 0.784828 -5.537567 153 213 141 0 0.776466 -0.363212 -0.514954
0.282347 0.683385 -5.521919 151 212 111 0 0.731108 -0.482432 -0.482432
0.244036 0.965052 -5.764736 127 183 81 0 0.591980 -0.419526 -0.688156
0.343321 0.848500 -5.578037 139 190 60 0 -0.850086 0.135606 0.508885
0.174968 0.907855 -5.784701 123 179 94 0 0.522528 -0.522528 -0.673742
0.260763 0.655326 -5.522998 142 206 108 0 0.730602 -0.427147 -0.532697
0.177666 0.599748 -5.552676 121 184 80 0 0.513511 -0.513511 -0.687469
0.028199 0.610000 -5.672465 121 181 77 0 0.346154 -0.780859 -0.520036
0.214358 0.741661 -5.639011 134 194 105 0 0.600325 -0.420726 -0.680147
0.278030 0.633742 -5.497097 123 178 65 0 -0.633865 0.443204 0.633865
0.183602 0.797778 -5.705380 129 189 98 0 0.635568 -0.413202 -0.652163
0.268318 0.869005 -5.699985 145 184 83 0 -0.626419 0.333548 0.704518
0.312564 0.818823 -5.606095 134 184 59 0 -0.754572 0.414114 0.509049
0.204646 0.784289 -5.677861 135 194 100 0 0.591980 -0.419526 -0.688156
0.123707 0.758388 -5.732360 123 182 89 0 0.601625 -0.625218 -0.497141
0.278030 0.719537 -5.575339 122 173 60 0 -0.672256 0.568316 0.474435
0.275332 0.959656 -5.728044 151 206 114 0 0.618963 -0.578486 -0.531262
0.183602 0.552803 -5.501414 119 180 91 0 0.426779 -0.569592 -0.702442
0.068668 0.959117 -5.896936 126 184 100 0 0.403956 -0.419923 -0.812702
0.044926 0.954260 -5.914743 151 195 145 0 0.911029 0.030412 -0.411219
0.085396 0.872782 -5.835962 124 183 89 0 0.427871 -0.594357 -0.680930
0.069747 0.932137 -5.881828 139 198 110 0 0.600938 -0.380320 -0.703015
0.235942 0.636980 -5.552676 142 194 82 0 -0.628687 0.318384 0.709495
0.327133 0.750834 -5.532171 137 182 64 0 -0.693953 0.351058 0.628640
0.265620 0.885193 -5.678941 148 200 136 0 0.584488 -0.285077 -0.759675
0.255907 0.645613 -5.519761 145 208 124 0 0.691310 -0.490445 -0.530618
0.256986 0.618094 -5.492241 141 206 112 0 0.656634 -0.452793 -0.603167
0.299614 0.671514 -5.490623 144 204 117 0 0.579178 -0.602818 -0.548784
0.080539 0.608921 -5.631996 109 171 64 0 0.300640 -0.705781 -0.641473
0.123707 0.479418 -5.491162 120 143 87 0 0.348714 -0.807297 -0.476098
0.163097 0.804793 -5.732360 134 166 115 0 0.502732 -0.446690 -0.740087
0.047085 0.593812 -5.632535 109 169 62 0 0.348731 -0.754231 -0.556347
0.274253 0.646153 -5.511667 140 174 79 0 -0.688156 0.419526 0.591980
0.278030 0.636980 -5.485766 140 204 107 0 0.636362 -0.468457 -0.612855
0.129103 0.994190 -5.866719 130 183 91 0 0.942911 -0.159193 -0.292534
0.099425 0.694716 -5.733979 119 175 62 0 -0.625510 0.571557 0.531093
0.129103 0.532299 -5.534869 139 201 96 0 -0.389797 0.567426 0.725318
0.168493 0.836089 -5.745311 114 174 75 0 0.579627 -0.482183 -0.656911
0.219215 0.717919 -5.615808 115 175 82 0 0.619202 -0.300755 -0.725351
0.214898 0.921345 -5.756642 127 184 99 0 0.682135 -0.348429 -0.642876
0.275332 0.606223 -5.465801 128 186 93 0 0.569295 -0.204087 -0.796399
0.402676 0.802635 -5.417238 157 213 129 0 0.632558 -0.015293 -0.774362
0.101583 0.973686 -5.917441 127 173 86 0 -0.539826 -0.133853 0.831067
0.248892 0.677989 -5.574259 124 182 63 0 -0.585753 0.679206 0.442235
0.098885 0.997967 -5.886145 131 181 100 0 0.286642 -0.292462 -0.912306
0.168493 0.497765 -5.479291 103 164 72 0 0.522655 -0.222243 -0.823067
0.183602 0.918647 -5.784701 129 186 92 0 0.556637 -0.389153 -0.733972
0.253749 0.857673 -5.677322 133 193 114 0 0.734147 -0.356493 -0.577876
0.174968 0.926741 -5.796032 130 189 94 0 0.380336 -0.316183 -0.869122
0.108598 0.618094 -5.622283 108 165 72 0 0.497536 -0.750408 -0.435138
0.124246 0.558199 -5.547820 112 175 66 0 0.379794 -0.539535 -0.751437
0.016867 0.736804 -5.814918 133 193 99 0 0.760402 -0.403912 -0.508570
0.234863 0.626188 -5.542424 144 194 90 0 -0.678474 0.507599 0.531052
0.228927 0.636980 -5.558072 206 197 153 0 -0.411829 0.230446 0.881641
0.281268 0.692558 -5.547820 132 186 65 0 -0.663444 0.529076 0.529076
0.210581 0.804254 -5.687574 127 188 93 0 0.656815 -0.268769 -0.704526
0.026580 0.625109 -5.705380 120 179 91 0 0.402770 -0.832392 -0.380657
0.223531 0.902459 -5.736677 142 199 106 0 0.695997 -0.355368 -0.623941
0.146909 0.590575 -5.565626 112 173 74 0 0.475368 -0.695538 -0.538750
0.119930 0.809110 -5.769592 131 190 103 0 0.751437 -0.379794 -0.539535
0.185220 0.603525 -5.549438 112 174 78 0 0.452263 -0.672554 -0.585773
0.355192 0.633742 -5.426950 119 181 79 0 0.441691 -0.253479 -0.860615
0.248353 0.704968 -5.579116 144 204 118 0 0.609121 -0.507882 -0.609121
-0.005796 0.599748 -5.688653 127 187 84 0 0.593734 -0.797967 -0.103575
0.074064 0.942929 -5.924995 121 172 61 0 -0.023340 0.539569 0.841618
0.000140 0.709825 -5.819235 148 206 117 0 0.546136 -0.333481 -0.768457
0.344940 0.887351 -5.593685 144 192 61 0 -0.679104 0.293797 0.672682
0.286124 0.656405 -5.490623 134 194 108 0 0.679206 -0.585753 -0.442235
0.003917 0.822060 -5.876432 52 78 44 0 0.672256 -0.474435 -0.568316
0.142053 0.891128 -5.849452 102 152 56 0 0.428604 0.340685 0.836799
0.138276 0.538774 -5.521379 117 178 78 0 0.435907 -0.538668 -0.720987
0.147449 0.774036 -5.721569 126 187 91 0 0.532542 -0.452909 -0.715033
0.199250 0.549026 -5.487925 123 136 81 0 0.568969 -0.552085 -0.609489
0.155543 0.523665 -5.501954 112 173 77 0 0.651591 -0.359442 -0.668004
0.152845 0.513413 -5.497637 116 179 77 0 0.514467 -0.474508 -0.714259
0.283966 0.680147 -5.533790 132 183 67 0 -0.688156 0.419526 0.591980
0.080000 0.987715 -5.897476 127 189 98 0 0.570623 -0.262518 -0.778122
0.238101 0.849579 -5.688114 131 190 114 0 0.729764 -0.293509 -0.617492
0.035753 0.726552 -5.825171 119 170 56 0 -0.720909 0.358002 0.593401
0.198171 0.639138 -5.572101 135 167 96 0 0.413239 -0.531778 -0.739220
0.245115 0.955340 -5.757721 129 185 87 0 0.602818 -0.548784 -0.579178
0.026580 0.524744 -5.568324 111 166 55 0 0.286828 -0.716270 -0.636150
0.422102 0.714681 -5.399971 133 188 86 0 0.787328 -0.262443 -0.557887
0.120469 0.588416 -5.582893 108 170 69 0 0.420406 -0.656364 -0.626454
0.191156 0.612698 -5.554834 118 178 89 0 0.507599 -0.632390 -0.585172
0.144211 0.604064 -5.582893 115 175 75 0 0.419891 -0.698712 -0.579217
0.145830 0.576006 -5.549978 123 164 79 0 0.411997 -0.587385 -0.696589
0.044926 0.469706 -5.520300 146 189 117 0 0.332475 -0.778987 -0.531639
0.361128 0.658563 -5.428569 127 183 92 0 0.412652 -0.165348 -0.895756
0.176587 0.983398 -5.862402 122 143 85 0 0.064484 -0.783836 0.617611
0.271016 0.740042 -5.580735 145 205 112 0 0.573205 -0.502605 -0.647167
0.315262 0.737344 -5.539725 132 180 64 0 -0.806908 0.372296 0.458579
0.298535 0.723854 -5.534869 154 217 118 0 0.733972 -0.556637 -0.389153
0.148528 0.849579 -5.769053 114 176 81 0 0.467283 -0.601271 -0.648167
0.267239 0.840946 -5.677861 128 161 69 0 -0.467946 0.484482 0.739124
0.071906 0.887890 -5.858086 134 191 100 0 0.608974 -0.205047 -0.766228
0.389726 0.791843 -5.432346 152 211 133 0 0.869032 -0.071141 -0.489615
-0.017667 0.573308 -5.668149 131 186 92 0 -0.040401 0.968407 0.246081
0.351955 0.645073 -5.430188 124 186 83 0 0.482854 -0.157038 -0.861505
-0.025221 0.559278 -5.617967 117 179 54 0 0.001339 -0.858436 -0.512919
0.285585 0.981240 -5.742073 71 77 74 0 0.640012 -0.688868 -0.340362
0.105900 0.803174 -5.777686 118 180 90 0 0.541409 -0.413051 -0.732301
0.081079 0.814506 -5.806284 121 185 86 0 0.644815 -0.300699 -0.702704
0.010932 0.795620 -5.887763 65 80 48 0 -0.465381 0.702241 0.538774
-0.003637 0.504240 -5.566165 114 175 58 0 0.340868 -0.547650 -0.764126
-0.004716 0.637519 -5.810062 66 80 53 0 0.481338 -0.103651 0.870385
0.424260 0.686083 -5.391877 167 202 137 0 0.712351 -0.166266 -0.681844
0.278570 0.857673 -5.643327 146 199 128 0 0.728442 -0.402863 -0.554142
0.187379 0.805333 -5.708079 113 172 91 0 0.676993 -0.420833 -0.603804
0.138276 0.851738 -5.781463 127 173 105 0 0.625510 -0.531093 -0.571557
0.144211 0.560357 -5.538646 109 171 70 0 0.434545 -0.577728 -0.690943
0.009853 0.534457 -5.583972 107 167 51 0 0.135796 -0.625257 -0.768514
0.415627 0.699572 -5.401050 129 190 86 0 0.548065 -0.206097 -0.810647
0.192775 0.747057 -5.687035 131 188 76 0 -0.371920 0.594744 0.712710
0.240798 0.594891 -5.491162 144 205 124 0 0.575630 -0.545245 -0.609391
0.184681 0.788066 -5.697826 128 188 96 0 0.636508 -0.388518 -0.666267
0.059495 0.812887 -5.825171 120 174 89 0 0.378429 -0.735561 -0.561909
0.302312 0.757849 -5.574799 124 165 59 0 -0.698712 0.579217 0.419891
0.388647 0.690399 -5.416159 126 187 93 0 0.633196 -0.148899 -0.759534
0.272635 0.613237 -5.483068 128 182 79 0 -0.681717 0.477370 0.554419
0.115613 0.907855 -5.832185 112 170 83 0 0.514477 -0.174475 -0.839567
0.281268 0.552803 -5.438822 105 166 76 0 0.443456 -0.014561 -0.896178
0.364365 0.756230 -5.455009 145 204 126 0 0.770767 -0.174829 -0.612661
0.316342 0.727631 -5.509508 141 201 122 0 0.666548 -0.413891 -0.620006
0.194933 0.566293 -5.504652 123 186 93 0 0.412821 -0.674771 -0.611770
0.185220 0.594891 -5.541884 106 168 73 0 0.572672 -0.596322 -0.562536
0.150147 0.954260 -5.831106 134 192 97 0 0.562128 -0.309091 -0.767121
0.243496 0.882495 -5.698366 142 205 91 0 0.563975 -0.681121 -0.466911
0.140974 0.968290 -5.888843 126 172 84 0 0.140893 0.283127 0.948677
0.211121 0.642376 -5.564547 134 131 79 0 0.523617 -0.641473 -0.560658
0.092410 0.679068 -5.697287 124 185 90 0 0.548409 -0.619280 -0.561908
0.012011 0.593273 -5.654659 111 166 69 0 0.246514 -0.840599 -0.482311
0.351955 0.840946 -5.561309 147 196 62 0 -0.805461 0.490902 0.332034
0.157701 0.574387 -5.540805 114 176 77 0 0.278718 -0.603623 -0.746964
0.163097 0.643455 -5.605016 125 183 87 0 0.627563 -0.482870 -0.610738
0.226769 0.793462 -5.661674 134 193 99 0 0.458337 -0.435501 -0.774768
0.219754 0.709285 -5.609873 120 181 88 0 0.586448 -0.398124 -0.705390
0.228388 0.750834 -5.632535 132 193 108 0 0.626116 -0.394833 -0.672373
0.251590 0.945087 -5.740454 129 184 97 0 0.594709 -0.513842 -0.618295
0.126944 0.961275 -5.854309 136 197 102 0 0.459695 -0.255047 -0.850665
0.179285 0.666118 -5.610952 128 188 95 0 0.562639 -0.626844 -0.538984
0.103742 0.780511 -5.766355 110 171 87 0 0.584958 -0.356841 -0.728346
0.356811 0.924583 -5.559690 171 219 159 0 0.585689 -0.064127 -0.807995
0.170651 0.611619 -5.569943 116 178 81 0 0.567882 -0.631916 -0.527439
0.170112 0.529601 -5.495479 125 187 87 0 0.611221 -0.387161 -0.690301
0.202487 0.565753 -5.498177 114 177 91 0 0.515331 -0.666405 -0.538831
0.196552 0.532838 -5.478212 116 177 90 0 0.580326 -0.389624 -0.715133
0.091331 0.470785 -5.501954 121 181 73 0 0.292701 -0.412234 -0.862780
0.157162 0.552803 -5.535948 148 207 99 0 -0.762488 0.539084 0.357771
0.386489 0.893286 -5.526236 151 193 133 0 0.709541 -0.189313 -0.678758
0.239719 0.694176 -5.579656 140 201 107 0 0.538750 -0.475368 -0.695538
0.120469 0.512334 -5.513825 107 169 65 0 0.389789 -0.477127 -0.787664
0.125865 0.815585 -5.767434 126 180 101 0 0.467767 -0.451354 -0.759916
0.268857 0.623490 -5.497097 130 187 71 0 -0.553336 0.577026 0.600716
-0.029538 0.581941 -5.712395 86 100 82 0 0.999179 0.039885 0.007159
0.322277 0.827996 -5.570482 162 211 154 0 0.867021 -0.278848 -0.412939
-0.000939 0.665578 -5.799809 146 207 114 0 0.872502 -0.356030 -0.334638
0.129642 0.969909 -5.856467 131 190 97 0 0.547459 -0.421758 -0.722778
0.222992 0.947785 -5.768513 122 176 89 0 0.538831 -0.515331 -0.666405
0.184681 0.579243 -5.527854 114 176 78 0 0.452935 -0.650154 -0.610041
0.391345 0.842565 -5.444757 179 237 167 0 0.964845 -0.252847 -0.071703
0.128023 0.736804 -5.713475 127 187 93 0 0.600325 -0.420726 -0.680147
0.116152 0.608921 -5.608254 111 174 67 0 0.220378 -0.664261 -0.714276
0.017407 0.745977 -5.817616 133 192 100 0 0.667434 -0.421099 -0.614172
0.044387 0.585718 -5.624442 111 170 58 0 0.365854 -0.674286 -0.641474
0.396741 0.891668 -5.513825 92 114 93 0 0.658594 -0.428503 -0.618578
0.054099 0.628346 -5.680020 121 165 78 0 0.435477 -0.754278 -0.491349
0.350336 0.736265 -5.466880 153 204 139 0 0.818932 -0.389589 -0.421392
0.290981 0.870084 -5.636313 144 199 126 0 0.683033 -0.213156 -0.698592
0.169572 0.562516 -5.522998 120 182 80 0 0.496803 -0.584375 -0.641633
0.333609 0.685543 -5.459326 135 195 117 0 0.658057 -0.365952 -0.658057
0.324975 0.961815 -5.637392 193 222 196 0 0.839219 -0.371766 -0.396864
0.096727 0.560357 -5.566705 120 171 71 0 0.581165 -0.517152 -0.628332
0.305550 0.803174 -5.603937 130 182 54 0 -0.848384 0.396950 0.350250
0.384330 0.809649 -5.445297 165 225 160 0 0.904024 -0.158026 -0.397201
0.392964 0.876559 -5.503573 146 187 129 0 0.926104 -0.285940 -0.246108
0.282887 0.890049 -5.649803 147 203 140 0 0.460487 0.483594 -0.744371
0.301773 0.894366 -5.636852 155 213 141 0 0.674771 -0.412821 -0.611770
0.295837 0.628886 -5.464182 128 189 105 0 0.627730 -0.460336 -0.627730
0.136117 0.829614 -5.769053 101 158 81 0 0.450535 -0.536984 -0.713208
0.236482 0.897064 -5.720490 144 203 113 0 0.642840 -0.315753 -0.697895
0.114534 0.981780 -5.872654 131 186 92 0 0.371327 -0.247058 -0.895030
0.276951 0.774036 -5.598001 142 200 114 0 0.656391 -0.293691 -0.694908
0.316342 0.779972 -5.573180 143 191 71 0 -0.737617 0.453791 0.499995
0.175508 0.862530 -5.757182 125 184 93 0 0.549940 -0.358515 -0.754342
-0.017127 0.580862 -5.726425 75 85 66 0 -0.157865 0.956477 0.245420
0.070827 0.515571 -5.539725 117 166 67 0 0.467257 -0.571092 -0.674926
0.303391 0.976384 -5.715093 60 76 66 0 0.096403 -0.889982 -0.445689
0.004457 0.726552 -5.846754 149 161 122 0 0.332496 0.341605 0.879064
0.338465 0.900841 -5.578037 159 215 139 0 0.827492 -0.078605 -0.555949
0.111836 0.675291 -5.676243 119 180 85 0 0.587623 -0.510171 -0.628032
0.240259 0.642376 -5.534329 134 197 110 0 0.714259 -0.514467 -0.474508
0.108059 0.811808 -5.782003 119 173 92 0 0.678027 -0.381081 -0.628536
0.027659 0.745438 -5.840818 117 164 59 0 -0.555583 0.333350 0.761712
0.116692 0.592193 -5.589908 115 178 69 0 0.357582 -0.713531 -0.602501
0.077302 0.727092 -5.748009 108 170 81 0 0.586239 -0.292321 -0.755561
0.282347 0.657484 -5.512206 124 175 61 0 -0.706355 0.437109 0.556774
0.290981 0.701731 -5.542963 121 175 60 0 -0.731652 0.406108 0.547506
0.284506 0.735186 -5.581274 123 174 61 0 -0.692674 0.405024 0.596790
0.252670 0.721696 -5.587749 144 203 119 0 0.650624 -0.509403 -0.563202
0.092950 0.477800 -5.514365 138 196 95 0 0.135169 0.372063 0.918313
0.060035 0.487512 -5.535948 139 199 94 0 -0.452793 0.603167 0.656634
-0.025761 0.574387 -5.686495 132 188 91 0 0.007836 0.988483 0.151127
0.162018 0.962894 -5.827329 133 192 102 0 0.616874 -0.379994 -0.689254
0.013630 0.799397 -5.852150 131 189 86 0 0.481479 -0.451900 -0.750976
0.026040 0.700112 -5.784161 150 210 113 0 0.643732 -0.325920 -0.692377
0.296377 0.590035 -5.443138 113 176 74 0 0.365373 -0.396735 -0.842083
0.049782 0.758388 -5.833804 131 186 66 0 -0.534168 0.635272 0.557759
0.271016 0.901380 -5.683258 146 204 129 0 0.617561 -0.405636 -0.673853
0.385949 0.846881 -5.471197 169 228 154 0 0.822106 -0.451445 -0.346900
0.142593 0.653707 -5.630377 115 176 75 0 0.531474 -0.602337 -0.595588
0.207344 0.590035 -5.519221 121 168 87 0 0.482183 -0.656911 -0.579627
0.153924 0.881415 -5.787939 129 187 93 0 0.467283 -0.601271 -0.648167
0.036293 0.468087 -5.533250 130 178 97 0 -0.220462 0.673896 0.705167
0.332529 0.694176 -5.465801 140 200 125 0 0.719684 -0.333037 -0.609214
0.037911 0.463770 -5.516523 106 134 76 0 0.506090 -0.703181 -0.499409
0.008234 0.672593 -5.787939 159 219 134 0 0.917114 -0.270079 -0.293188
0.347098 0.851198 -5.552676 150 207 127 0 0.792474 -0.371322 -0.483843
0.206804 0.823139 -5.701064 125 186 91 0 0.490073 -0.402153 -0.773371
0.080539 0.859292 -5.834343 135 195 103 0 0.696363 -0.365386 -0.617715
0.179824 0.829614 -5.730202 154 191 125 0 0.748150 -0.445601 -0.491641
0.301773 0.875480 -5.626060 150 210 134 0 0.790143 -0.275998 -0.547265
0.256447 0.628886 -5.517063 136 193 72 0 -0.713854 0.572072 0.403913
0.380553 0.673132 -5.418317 123 184 90 0 0.688540 -0.101733 -0.718027
0.152305 0.649930 -5.619586 114 172 81 0 0.580704 -0.634566 -0.510009
0.038991 0.595971 -5.641169 118 176 66 0 0.499772 -0.743885 -0.443692
0.290981 0.691478 -5.534329 127 180 62 0 -0.695538 0.538750 0.475368
0.333609 0.918647 -5.594764 163 221 150 0 0.909387 -0.103811 -0.402788
0.038991 0.635900 -5.708079 137 200 100 0 0.652197 -0.477831 -0.588486
0.293139 0.805872 -5.623902 129 181 55 0 -0.770130 0.263010 0.581141
0.224071 0.800476 -5.698366 144 199 72 0 -0.489896 0.523336 0.697224
0.330371 0.737884 -5.498177 156 216 138 0 0.727494 -0.371104 -0.577091
0.043307 0.857134 -5.903411 132 182 68 0 -0.914156 0.244837 0.323069
0.381632 0.734646 -5.429109 140 198 113 0 0.585698 -0.134933 -0.799219
0.325515 0.967750 -5.654119 49 71 55 0 0.180754 -0.575680 -0.797446
0.051941 0.931598 -5.896936 122 180 92 0 0.594357 -0.427871 -0.680930
0.328213 0.670434 -5.456628 137 197 115 0 0.735567 -0.285611 -0.614302
0.347638 0.709825 -5.456628 139 199 119 0 0.688317 -0.354786 -0.632729
0.053560 0.462151 -5.511127 140 165 115 0 0.205851 -0.642317 -0.738278
0.418864 0.788605 -5.401590 55 74 51 0 0.410499 0.220810 -0.884722
-0.034394 0.574926 -5.684876 122 167 88 0 -0.134933 0.585698 0.799219
0.093490 0.618633 -5.635773 113 162 69 0 0.476882 -0.722800 -0.500144
0.235403 0.666657 -5.561309 127 189 104 0 0.514590 -0.578703 -0.632693
0.085935 0.682305 -5.737756 108 158 62 0 -0.467257 0.380550 0.798030
0.308248 0.829614 -5.617427 138 189 59 0 -0.681121 0.563975 0.466911
0.228927 0.590035 -5.505731 235 151 154 0 0.530123 -0.546953 -0.647929
0.248892 0.672593 -5.567784 114 164 53 0 -0.679742 0.515261 0.521975
0.170112 0.721156 -5.662753 126 188 98 0 0.530618 -0.490445 -0.691310
0.307708 0.894366 -5.626060 147 203 130 0 0.823067 -0.222243 -0.522655
0.346559 0.836089 -5.565086 142 190 60 0 -0.846683 0.357073 0.394495
0.364365 0.874940 -5.540265 153 209 127 0 0.777413 -0.349273 -0.523104
0.006615 0.589495 -5.649803 106 164 57 0 0.190910 -0.871673 -0.451376
0.082158 0.730869 -5.741533 115 175 80 0 0.491453 0.103989 -0.864673
0.227848 0.706587 -5.622823 134 192 77 0 -0.611221 0.387161 0.690301
0.184141 0.543630 -5.493860 124 161 86 0 0.522841 -0.453129 -0.722019
0.173889 0.793462 -5.712935 131 184 98 0 0.633199 -0.420471 -0.649818
0.326594 0.893826 -5.596383 163 220 147 0 0.906424 -0.173266 -0.385194
0.126405 0.696335 -5.683258 119 178 88 0 0.555614 -0.538726 -0.633299
0.072445 0.706048 -5.764736 129 187 70 0 -0.934460 0.355681 0.016573
0.186300 0.885193 -5.762578 116 173 91 0 0.481759 -0.569046 -0.666405
0.027120 0.506938 -5.565626 139 198 100 0 -0.587385 0.411997 0.696589
0.188998 0.946706 -5.794414 134 192 88 0 0.666071 -0.301587 -0.682199
0.077841 0.783749 -5.789018 127 186 106 0 0.746356 -0.309778 -0.589059
-0.045726 0.577085 -5.664371 68 106 51 0 0.714954 -0.610724 0.340377
0.054639 0.719537 -5.764736 119 181 99 0 0.521975 -0.515261 -0.679742
0.245655 0.902999 -5.715093 129 189 91 0 0.816019 -0.134282 -0.562212
0.281808 0.645073 -5.487925 134 195 106 0 0.659401 -0.435706 -0.612659
0.142593 0.682305 -5.656278 122 182 86 0 0.394833 -0.626116 -0.672373
-0.004177 0.792382 -5.866719 90 150 65 0 0.261715 -0.658254 -0.705838
0.130721 0.613777 -5.602318 119 179 81 0 0.499232 -0.579915 -0.643790
0.199789 0.608381 -5.542963 122 182 85 0 0.585999 -0.596132 -0.548846
0.372999 0.842025 -5.493320 164 222 136 0 0.868069 -0.300544 -0.395132
0.324435 0.809649 -5.559151 158 217 142 0 0.812881 -0.124946 -0.568870
0.012011 0.613237 -5.695128 125 184 93 0 0.574007 -0.787519 -0.224342
0.263461 0.651009 -5.530552 122 174 66 0 -0.761111 0.414110 0.499223
0.198171 0.558739 -5.494400 110 174 80 0 0.536046 -0.593540 -0.600304
0.323896 0.716839 -5.507890 136 190 60 0 -0.799726 0.357392 0.482400
0.141513 0.969369 -5.848373 133 187 102 0 0.405636 -0.617561 -0.673853
-0.032236 0.549565 -5.625521 149 214 123 0 -0.167154 0.799631 0.576758
0.130721 0.536076 -5.524617 114 175 76 0 0.510287 -0.621439 -0.594493
0.372459 0.694716 -5.429109 125 187 91 0 0.584944 -0.094346 -0.805568
0.307168 0.669895 -5.493320 120 173 63 0 -0.708047 0.311283 0.633855
0.301773 0.721696 -5.546740 133 184 67 0 -0.798937 0.397057 0.451713
0.161478 0.750294 -5.692431 124 185 93 0 0.642041 -0.381263 -0.665148
0.031436 0.822600 -5.888303 114 160 62 0 -0.198039 0.380177 0.903463
0.077841 0.825298 -5.814379 114 174 90 0 0.435907 -0.538668 -0.720987
0.004996 0.497765 -5.557532 121 181 64 0 0.332196 -0.588230 -0.737313
0.124786 0.796160 -5.757182 123 183 96 0 0.625926 -0.315389 -0.713265
0.295297 0.919726 -5.664371 154 212 142 0 0.791487 -0.435399 -0.428924
0.258605 0.785907 -5.625521 144 202 109 0 0.553228 -0.466316 -0.690281
0.252130 0.663420 -5.538646 137 201 102 0 0.702907 -0.482518 -0.522589
0.288283 0.682845 -5.512206 146 210 113 0 0.657803 -0.499661 -0.563591
0.044926 0.715760 -5.805205 124 175 54 0 -0.302371 0.763128 0.571146
0.205725 0.604604 -5.534329 118 177 87 0 0.538456 -0.595846 -0.595846
0.225690 0.654247 -5.561309 137 193 108 0 0.561161 -0.513976 -0.648789
0.368143 0.918108 -5.546740 143 168 137 0 0.467405 -0.322619 -0.823073
0.186839 0.709285 -5.638471 114 171 95 0 0.596711 -0.479050 -0.643776
0.374618 0.761626 -5.443138 152 211 131 0 0.814029 -0.150305 -0.561040
0.142053 0.567912 -5.546740 110 171 67 0 0.261913 -0.636528 -0.725420
0.290441 0.877099 -5.641169 151 210 133 0 0.696896 -0.333016 -0.635166
0.256986 0.832312 -5.687574 121 179 54 0 -0.752118 0.229857 0.617644
0.219215 0.641836 -5.560230 245 169 175 0 0.717632 -0.364537 -0.593395
0.043847 0.877099 -5.876432 127 182 95 0 0.653427 -0.398673 -0.643501
0.300693 0.966671 -5.699985 160 215 141 0 0.722880 -0.493552 -0.483582
0.353573 0.803714 -5.506810 159 210 133 0 0.920864 -0.307909 -0.239167
0.183062 0.660722 -5.602858 131 191 91 0 0.490619 -0.490619 -0.720129
0.071366 0.835550 -5.826250 122 181 92 0 0.624564 -0.365559 -0.690135
-0.001479 0.600287 -5.681639 126 185 83 0 0.332496 -0.879064 -0.341605
0.309327 0.811268 -5.602318 128 180 53 0 -0.750317 0.324331 0.576050
-0.012810 0.545788 -5.599620 108 167 51 0 0.120441 -0.688449 -0.715214
0.149068 0.710364 -5.673545 126 188 92 0 0.611221 -0.387161 -0.690301
0.093490 0.702270 -5.744771 116 169 65 0 -0.206064 0.655378 0.726648
0.073525 0.564674 -5.585591 112 173 64 0 0.411997 -0.587385 -0.696589
0.204106 0.877638 -5.737756 124 185 91 0 0.649495 -0.355014 -0.672399
0.301773 0.730869 -5.553755 134 173 71 0 -0.696235 0.322962 0.641056
0.119390 0.867386 -5.805205 102 160 82 0 0.587327 -0.556861 -0.587327
0.089712 0.484814 -5.520300 139 199 94 0 -0.452692 0.572964 0.683214
0.080539 0.985017 -5.935247 167 169 157 0 0.023611 0.601387 0.798609
0.112915 0.751373 -5.736677 132 194 92 0 0.673140 -0.251834 -0.695314
0.046005 0.767022 -5.805745 125 185 94 0 0.521116 -0.448325 -0.726253
0.281268 0.619713 -5.469039 123 185 95 0 0.580326 -0.389624 -0.715133
0.064351 0.474022 -5.524077 133 188 94 0 -0.206720 0.707202 0.676116
0.347098 0.649930 -5.434505 107 169 76 0 0.592299 -0.228525 -0.772631
0.363286 0.803174 -5.484687 154 214 137 0 0.815945 -0.403981 -0.413561
0.029278 0.888430 -5.898015 58 85 49 0 0.658325 -0.516894 -0.547201
0.262382 0.850119 -5.691351 106 151 49 0 -0.738278 0.205851 0.642317
0.275332 0.922424 -5.694049 139 197 121 0 0.592186 -0.468045 -0.655934
0.259145 0.596510 -5.471737 129 191 104 0 0.595277 -0.524450 -0.608767
0.379474 0.697954 -5.424792 132 191 97 0 0.601334 -0.191264 -0.775767
0.048703 0.961275 -5.937945 119 117 95 0 0.394424 0.688180 0.608965
0.301233 0.648851 -5.483608 130 183 70 0 -0.700216 0.492992 0.516388
0.021724 0.819902 -5.859165 128 183 88 0 0.212562 -0.357162 -0.909534
0.244036 0.749755 -5.616348 133 193 98 0 0.536025 -0.443092 -0.718572
0.287204 0.712523 -5.539186 143 206 113 0 0.643790 -0.499232 -0.579915
0.080000 0.797778 -5.795493 126 186 102 0 0.379994 -0.616874 -0.689254
0.253749 0.654247 -5.529473 135 202 87 0 0.707513 -0.390864 -0.588770
0.114534 0.580862 -5.579116 112 173 69 0 0.428718 -0.747382 -0.507563
0.212740 0.625648 -5.546740 114 167 91 0 0.531093 -0.571557 -0.625510
0.273174 0.702270 -5.565086 129 161 72 0 -0.554419 0.477370 0.681717
0.123167 0.618633 -5.613110 105 164 65 0 0.333548 -0.626419 -0.704518
0.169033 0.549026 -5.509508 114 176 84 0 0.480779 -0.514051 -0.710355
0.072445 0.744898 -5.765275 128 189 95 0 0.492577 -0.395037 -0.775444
0.244036 0.847421 -5.709158 117 170 61 0 -0.694315 0.419240 0.584948
0.212200 0.722235 -5.625521 113 162 93 0 0.507831 -0.458206 -0.729490
0.035213 0.684464 -5.761498 146 202 129 0 0.525108 -0.572385 -0.629792
0.234323 0.877638 -5.708618 139 197 116 0 0.666267 -0.388518 -0.636508
0.325515 0.928900 -5.614729 175 231 165 0 0.847185 -0.031683 -0.530352
0.114534 0.835010 -5.792255 127 189 99 0 0.515261 -0.521975 -0.679742
0.128023 0.777274 -5.742613 133 199 90 0 0.702761 -0.340782 -0.624495
0.211121 0.538774 -5.471197 91 149 74 0 0.435468 -0.284670 -0.854009
0.251051 0.911093 -5.714014 130 187 112 0 0.586220 -0.559189 -0.586220
0.101583 0.464310 -5.501414 139 190 97 0 -0.214898 0.317365 0.923633
0.046005 0.721156 -5.811141 119 172 52 0 -0.889823 0.348452 0.294614
0.139355 0.913791 -5.817077 130 187 95 0 0.339395 -0.586228 -0.735627
0.320658 0.954800 -5.645486 177 230 164 0 0.861253 -0.308577 -0.403761
0.323896 0.587877 -5.429109 113 176 69 0 0.387394 -0.261752 -0.883975
0.023342 0.568451 -5.612571 101 161 49 0 0.293555 -0.704211 -0.646462
0.406993 0.726012 -5.410223 134 194 91 0 0.602303 -0.135332 -0.786712
0.061114 0.474022 -5.516523 113 173 66 0 0.095777 -0.521768 -0.847694
0.050322 0.555501 -5.587210 108 160 61 0 0.332595 -0.618139 -0.712239
0.289362 0.727631 -5.567784 123 173 61 0 -0.703181 0.499409 0.506090
0.169572 0.574387 -5.533250 113 173 76 0 0.460083 -0.650808 -0.603964
-0.019825 0.579783 -5.672465 122 176 75 0 -0.666618 0.692196 -0.276559
0.225690 0.811808 -5.676243 131 190 103 0 0.676068 -0.398368 -0.619867
0.282347 0.649930 -5.506810 126 174 68 0 -0.484290 0.419066 0.768015
0.072985 0.621331 -5.653580 118 170 74 0 0.442492 -0.592772 -0.672921
0.232165 0.723854 -5.610412 124 185 94 0 0.641647 -0.454011 -0.618193
0.105900 0.707666 -5.710237 112 174 84 0 0.524182 -0.578117 -0.625311
0.101044 0.731408 -5.731281 127 187 87 0 0.585638 -0.514754 -0.626144
0.205185 0.646692 -5.572101 110 159 84 0 0.563975 -0.466911 -0.681121
0.258065 0.682305 -5.547280 127 186 105 0 0.669347 -0.508301 -0.541853
0.235942 0.702270 -5.589368 133 193 104 0 0.623678 -0.545930 -0.559451
0.413468 0.763784 -5.405906 146 203 105 0 0.616191 -0.079369 -0.783587
0.344400 0.671514 -5.443678 136 185 108 0 0.775802 -0.252332 -0.578325
0.039530 0.620792 -5.679480 110 169 78 0 0.451994 -0.833608 -0.317490
0.133419 0.676370 -5.658436 125 187 85 0 0.572306 -0.548671 -0.609447
0.248353 0.871703 -5.690812 150 212 124 0 0.823695 -0.309082 -0.475390
0.011471 0.801556 -5.882367 153 182 112 0 -0.064613 0.886710 -0.457790
0.083777 0.626727 -5.655199 136 173 94 0 0.261716 -0.825411 -0.500202
0.174968 0.811808 -5.722108 135 192 110 0 0.742529 -0.419833 -0.521911
0.289901 0.918108 -5.671386 146 204 128 0 0.799726 -0.482400 -0.357392
0.236482 0.808031 -5.661674 141 203 102 0 0.659755 -0.388577 -0.643220
0.242957 0.811268 -5.657357 136 196 104 0 0.676518 -0.326091 -0.660294
0.302312 0.788066 -5.599081 130 180 54 0 -0.853085 0.164112 0.495292
0.112915 0.476181 -5.502493 132 192 94 0 -0.048142 0.350003 0.935511
0.045466 0.864688 -5.907728 126 171 68 0 0.070895 0.672779 0.736439
0.079460 0.695256 -5.723727 118 174 88 0 0.621439 -0.594493 -0.510287
0.264001 0.947785 -5.731281 142 194 116 0 0.766337 -0.459148 -0.449345
0.036832 0.711983 -5.779845 146 206 121 0 0.657701 -0.323167 -0.680436
0.045466 0.644534 -5.710237 139 201 108 0 0.588486 -0.652197 -0.477831
0.391885 0.856054 -5.457168 176 229 160 0 0.980288 -0.196990 -0.015153
0.308787 0.765403 -5.572101 144 182 84 0 -0.690187 0.347541 0.634711
0.063812 0.635900 -5.680559 126 186 89 0 0.520947 -0.598499 -0.608615
0.347638 0.613777 -5.426411 120 184 77 0 0.284400 -0.182730 -0.941130
0.234863 0.526903 -5.467959 132 162 111 0 0.292910 -0.937035 0.190183
0.051401 0.673132 -5.731821 138 198 108 0 0.602756 -0.514960 -0.609510
0.028738 0.671514 -5.758801 144 204 120 0 0.690301 -0.387161 -0.611221
0.039530 0.900841 -5.892080 141 196 99 0 0.428311 -0.365092 -0.826594
0.328213 0.782670 -5.555913 138 190 57 0 -0.818141 0.310547 0.483948
0.074064 0.989874 -5.902872 124 180 102 0 0.371760 -0.253271 -0.893112
0.315262 0.761086 -5.560770 126 177 59 0 -0.782522 0.339040 0.522217
0.321198 0.761086 -5.549978 129 181 57 0 -0.832623 0.341549 0.435986
0.137197 0.529061 -5.515984 131 165 87 0 0.555614 -0.538726 -0.633299
0.220834 0.619173 -5.535948 190 137 113 0 0.101648 -0.735107 -0.670288
0.298535 0.939152 -5.674624 162 218 144 0 0.720949 -0.340132 -0.603774
0.264541 0.855515 -5.661674 138 195 125 0 0.702761 -0.340782 -0.624495
0.085935 0.478339 -5.507890 99 160 57 0 0.505965 -0.373412 -0.777537
0.056258 0.533378 -5.564007 110 175 63 0 0.325161 -0.593703 -0.736062
0.121009 0.847961 -5.792255 123 184 100 0 0.654821 -0.143007 -0.742131
0.087014 0.697414 -5.719950 130 173 96 0 0.429674 -0.698427 -0.572346
0.133419 0.695256 -5.675163 127 193 87 0 0.594965 -0.299888 -0.745711
0.109677 0.627267 -5.633075 126 194 78 0 0.436273 -0.442760 -0.783345
0.299614 0.779972 -5.599620 123 172 58 0 -0.064275 0.609899 0.789869
0.354653 0.840406 -5.530552 159 215 139 0 0.850038 -0.294659 -0.436590
0.091331 0.661261 -5.680020 133 194 97 0 0.570746 -0.444283 -0.690552
0.050862 0.566293 -5.599620 108 168 55 0 0.260916 -0.754283 -0.602478
0.204106 0.837169 -5.712395 133 193 101 0 0.631386 -0.489955 -0.601079
0.342782 0.697954 -5.455549 138 197 117 0 0.721359 -0.325827 -0.611129
0.268857 0.985017 -5.765815 140 181 113 0 0.617930 -0.601093 -0.506804
0.320119 0.856054 -5.588289 151 210 138 0 0.888481 -0.166681 -0.427573
0.104821 0.497765 -5.511127 103 162 59 0 0.404891 -0.593290 -0.695752
0.201948 0.790764 -5.684337 138 196 101 0 0.579441 -0.430015 -0.692341
0.363826 0.908935 -5.549438 140 196 110 0 0.745088 0.047013 -0.665308
0.003917 0.609460 -5.698905 128 187 92 0 0.403674 -0.846313 -0.347565
0.065970 0.654786 -5.697287 125 186 90 0 0.600304 -0.536046 -0.593540
0.104281 0.651549 -5.660055 127 186 91 0 0.532898 -0.532898 -0.657297
0.106979 0.831233 -5.795493 121 182 94 0 0.602756 -0.514960 -0.609510
0.040070 0.692558 -5.763117 126 186 98 0 0.657729 -0.405903 -0.634535
0.112915 0.466468 -5.498716 132 181 99 0 -0.301769 0.371525 0.878012
0.167414 0.858213 -5.761498 128 188 94 0 0.490709 -0.467578 -0.735238
0.256986 0.796160 -5.631456 132 189 107 0 0.792056 -0.197631 -0.577572
0.110217 0.686622 -5.688653 115 172 88 0 0.456538 -0.677281 -0.576943
0.325515 0.755150 -5.519221 151 205 136 0 0.895954 -0.420201 -0.143865
0.074064 0.700112 -5.732360 119 173 88 0 0.570236 -0.644249 -0.509680
0.251051 0.647232 -5.544582 128 180 71 0 -0.703181 0.506090 0.499409
0.204106 0.666657 -5.588829 97 146 71 0 0.490924 -0.554593 -0.671878
0.181983 0.976384 -5.857546 117 165 65 0 -0.681738 0.126800 0.720524
0.223531 0.703350 -5.602858 128 189 90 0 0.508238 -0.525012 -0.682683
0.247813 0.614317 -5.501414 151 201 137 0 0.798217 -0.560450 -0.220783
0.139895 0.745438 -5.707539 124 183 89 0 0.529691 -0.449988 -0.718984
0.169572 0.728710 -5.668149 127 188 96 0 0.530123 -0.546953 -0.647929
0.003377 0.641836 -5.766355 148 206 125 0 0.697930 -0.595633 -0.397638
0.246734 0.708206 -5.603397 126 179 60 0 -0.697930 0.595633 0.397638
0.157701 0.562516 -5.531092 125 188 81 0 0.466655 -0.580392 -0.667367
0.037372 0.724394 -5.786320 142 204 111 0 0.651174 -0.405948 -0.641232
0.240798 0.854975 -5.722108 130 183 57 0 -0.713265 0.625926 0.315389
0.226229 0.680147 -5.580735 125 185 95 0 0.523992 -0.571168 -0.631823
0.128023 0.682305 -5.668149 116 176 86 0 0.539502 -0.603769 -0.586857
0.192235 0.569530 -5.511667 126 189 89 0 0.569046 -0.666405 -0.481759
0.174968 0.581941 -5.536488 118 176 80 0 0.339395 -0.586228 -0.735627
0.024422 0.831233 -5.864561 131 189 88 0 0.497303 -0.340597 -0.797924
0.138276 0.493987 -5.503573 138 199 102 0 -0.680649 0.570273 0.459898
0.262922 0.752453 -5.598541 141 199 114 0 0.730562 -0.395653 -0.556541
0.425879 0.694176 -5.392416 139 192 101 0 0.585116 -0.260227 -0.768063
0.085396 0.809110 -5.801428 122 183 96 0 0.630318 -0.251179 -0.734581
0.327673 0.680687 -5.463103 144 202 119 0 0.650154 -0.452935 -0.610041
0.290981 0.645613 -5.494939 125 175 72 0 -0.697819 0.547929 0.461327
0.197631 0.747596 -5.658436 123 184 90 0 0.676502 -0.462694 -0.572939
0.361128 0.806412 -5.491702 164 223 165 0 0.783873 -0.410600 -0.465780
0.016328 0.549026 -5.596383 115 178 54 0 0.387713 -0.602193 -0.697884
-0.003637 0.572768 -5.655738 127 185 84 0 0.126824 0.747516 0.652025
0.099425 0.599208 -5.607714 117 176 70 0 0.499766 -0.690312 -0.523166
0.245115 0.862530 -5.720490 122 174 54 0 -0.682635 0.579155 0.445632
0.319579 0.705508 -5.490623 142 203 124 0 0.624566 -0.506723 -0.594263
0.268318 0.647771 -5.522459 117 170 60 0 -0.634192 0.603913 0.482794
0.232705 0.983398 -5.826250 94 95 78 0 -0.610599 0.110349 0.784215
0.174968 0.496146 -5.474974 119 165 89 0 0.426889 -0.420446 -0.800619
0.237561 0.720077 -5.621204 133 194 74 0 -0.666618 0.276559 0.692196
0.219215 0.566832 -5.485766 87 143 62 0 0.410417 -0.633073 -0.656335
0.161478 0.791303 -5.723187 110 160 78 0 0.182292 -0.651042 -0.736827
-0.017127 0.580322 -5.703222 133 187 78 0 -0.753384 0.507180 0.418547
0.356811 0.908395 -5.558072 157 213 135 0 0.680983 -0.172924 -0.711589
0.300154 0.946706 -5.678401 163 221 144 0 0.803533 -0.309051 -0.508746
0.256986 0.566293 -5.456089 112 174 88 0 0.539630 -0.325059 -0.776619
0.048703 0.810729 -5.872654 116 169 66 0 0.792601 0.213925 0.570981
0.372459 0.851198 -5.506810 164 220 148 0 0.888171 -0.371689 -0.270183
0.381093 0.835010 -5.471197 168 228 150 0 0.889288 -0.254721 -0.379847
-0.012271 0.556580 -5.610952 116 178 57 0 0.120240 -0.657607 -0.743704
0.304471 0.910014 -5.641169 155 212 143 0 0.807109 -0.125419 -0.576928
0.031436 0.542551 -5.584512 113 174 56 0 0.356974 -0.572136 -0.738397
0.098885 0.618094 -5.629838 114 170 73 0 0.405823 -0.664225 -0.627784
0.029818 0.846881 -5.872654 129 188 99 0 0.586257 -0.404600 -0.701856
0.136657 0.906237 -5.815458 123 178 90 0 0.554445 -0.428660 -0.713331
0.076762 0.918647 -5.867798 129 186 99 0 0.436590 -0.294659 -0.850038
0.324435 0.695795 -5.475514 132 193 113 0 0.721990 -0.365088 -0.587742
0.178206 0.892207 -5.772830 126 187 95 0 0.490302 -0.427989 -0.759230
0.007694 0.557120 -5.605556 99 160 45 0 0.205851 -0.642317 -0.738278
0.130182 0.665038 -5.652501 129 191 86 0 0.594493 -0.510287 -0.621439
0.254288 0.777274 -5.623902 139 197 106 0 0.587052 -0.349630 -0.730157
0.224071 0.731948 -5.623902 168 181 133 0 0.670034 -0.555843 -0.492030
0.317960 0.689320 -5.478752 143 202 127 0 0.693953 -0.351058 -0.628640
0.033595 0.852817 -5.911505 101 110 89 0 0.215590 0.618853 0.755342
0.356811 0.876559 -5.550518 149 205 125 0 0.791075 -0.046700 -0.609934
0.139895 0.840946 -5.775528 150 172 119 0 0.651465 -0.365936 -0.664593
0.034674 0.717919 -5.821933 121 172 51 0 -0.788763 0.269219 0.552607
0.320119 0.769720 -5.538107 159 219 136 0 0.774400 -0.214854 -0.595098
0.245655 0.651009 -5.535948 149 211 110 0 0.610041 -0.452935 -0.650154
0.124246 0.594891 -5.587210 114 176 68 0 0.466786 -0.664208 -0.583900
0.171191 0.698493 -5.644946 148 176 109 0 0.587327 -0.556861 -0.587327
0.142053 0.998507 -5.859165 156 175 141 0 0.538831 -0.515331 -0.666405
0.099965 0.789684 -5.774448 116 177 88 0 0.548671 -0.572306 -0.609447
0.101583 0.884653 -5.830566 120 179 94 0 0.381183 -0.412816 -0.827214
0.031436 0.833931 -5.903951 131 183 71 0 -0.881316 0.183302 0.435526
0.240259 0.685003 -5.572101 132 192 107 0 0.585019 -0.524325 -0.618737
0.073525 0.459993 -5.511127 132 185 98 0 -0.358002 0.593401 0.720909
0.367063 0.819902 -5.485766 168 227 147 0 0.888679 -0.276312 -0.365926
0.214898 0.794541 -5.675703 123 184 92 0 0.601974 -0.474536 -0.642217
0.366524 0.825298 -5.493320 164 223 159 0 0.871870 -0.427682 -0.238601
0.337386 0.641296 -5.438282 123 184 88 0 0.513885 -0.284444 -0.809329
0.106979 0.763784 -5.751246 117 176 88 0 0.531262 -0.578486 -0.618963
0.330371 0.761086 -5.533790 134 179 58 0 -0.825411 0.261716 0.500202
0.384870 0.819902 -5.449614 174 234 168 0 0.941511 -0.222589 -0.253005
0.346559 0.783209 -5.504652 156 215 132 0 0.870070 -0.127994 -0.476022
0.036293 0.843104 -5.906109 126 172 83 0 -0.598718 0.409649 0.688277
0.015788 0.790764 -5.878590 134 162 95 0 0.126062 0.505696 0.853452
0.362207 0.748675 -5.455549 150 211 136 0 0.806229 -0.267699 -0.527571
0.228388 0.599208 -5.514365 249 175 181 0 0.772748 -0.411590 -0.483171
0.286664 0.548486 -5.435044 144 183 118 0 0.532378 -0.442819 -0.721447
0.335767 0.880336 -5.604477 146 197 65 0 -0.910076 0.095000 0.403407
0.023882 0.503700 -5.554834 117 179 61 0 0.579327 -0.492008 -0.649853
0.165795 0.778353 -5.709697 108 160 72 0 0.530701 -0.537440 -0.655374
0.110757 0.789145 -5.765815 129 190 92 0 0.602300 -0.435458 -0.669037
0.394043 0.662880 -5.409144 132 194 92 0 0.633537 0.001374 -0.773712
0.315262 0.792382 -5.582893 133 177 62 0 -0.736062 0.325161 0.593703
-0.017667 0.603525 -5.728583 142 203 127 0 0.531794 -0.841410 -0.096038
-0.023602 0.587877 -5.671386 119 176 73 0 0.245715 -0.939826 -0.237386
0.232165 0.863609 -5.704301 140 199 119 0 0.712710 -0.371920 -0.594744
0.326054 0.859292 -5.581274 147 202 133 0 0.827667 -0.261450 -0.496600
0.153384 0.895445 -5.797112 117 178 84 0 0.617930 -0.506804 -0.601093
0.323896 0.745977 -5.513286 152 211 135 0 0.796809 -0.305734 -0.521173
0.318500 0.816125 -5.593685 128 181 54 0 -0.682299 0.491188 0.541481
0.198710 0.883034 -5.748009 132 191 105 0 0.697859 -0.348112 -0.625948
0.153384 0.597050 -5.568863 117 179 77 0 0.428712 -0.723348 -0.541270
0.316342 0.944008 -5.646025 171 228 154 0 0.735696 -0.419692 -0.531610
0.282887 0.714681 -5.564547 129 162 68 0 -0.705013 0.461675 0.538343
0.395122 0.820441 -5.427490 159 220 145 0 0.815569 0.001362 -0.578659
0.086475 0.515571 -5.531092 100 161 59 0 0.378429 -0.561909 -0.735561
0.394043 0.729250 -5.418857 135 193 95 0 0.631173 -0.055566 -0.773650
0.281268 0.673672 -5.528934 126 178 64 0 -0.619132 0.571896 0.538155
0.069747 0.857673 -5.842437 128 188 96 0 0.751097 -0.404185 -0.522004
0.392964 0.867926 -5.480910 161 214 136 0 0.908864 -0.388705 -0.151242
0.292060 0.765403 -5.574799 143 206 127 0 0.639790 -0.410463 -0.649761
0.286664 0.880336 -5.647644 149 209 130 0 0.707848 -0.325577 -0.626858
0.218675 0.758388 -5.647105 127 185 105 0 0.649761 -0.410463 -0.639790
0.045466 0.749215 -5.826789 135 190 64 0 -0.395532 -0.174034 0.901813
0.117232 0.959117 -5.859704 134 191 92 0 0.539051 -0.198918 -0.818447
0.242417 0.848500 -5.681639 138 199 113 0 0.770245 -0.246290 -0.588272
0.356271 0.833931 -5.524077 162 219 142 0 0.849441 -0.318346 -0.420838
0.333609 0.781051 -5.545661 141 192 59 0 -0.802401 0.397181 0.445421
0.236482 0.588416 -5.492241 171 211 145 0 0.624750 -0.490033 -0.607910
0.368682 0.865228 -5.527315 159 217 139 0 0.703919 -0.444317 -0.554149
0.151766 0.674751 -5.642248 120 182 89 0 0.631830 -0.497040 -0.594763
0.133419 0.899761 -5.812220 129 184 96 0 0.588469 -0.419388 -0.691244
0.092950 0.640217 -5.658976 119 180 84 0 0.562279 -0.633198 -0.531886
0.289362 0.928900 -5.680559 157 213 131 0 0.692196 -0.276559 -0.666618
-0.014969 0.489131 -5.559690 124 152 101 0 0.322833 -0.634310 -0.702446
0.334688 0.858213 -5.595304 145 195 67 0 -0.830658 0.214904 0.513637
0.317960 0.785368 -5.549978 153 213 131 0 0.821182 -0.395502 -0.411385
0.371920 0.810729 -5.470118 167 226 153 0 0.863929 -0.262671 -0.429687
0.109138 0.489671 -5.513286 135 194 95 0 -0.317982 0.737654 0.595612
0.268318 0.694176 -5.546201 137 197 109 0 0.664225 -0.405823 -0.627784
0.092950 0.551724 -5.561309 113 176 65 0 0.460336 -0.627730 -0.627730
0.286664 0.863069 -5.637392 133 191 109 0 0.608332 -0.457506 -0.648552
0.052480 0.579783 -5.613110 118 178 63 0 0.459898 -0.680649 -0.570273
0.099965 0.612158 -5.621744 111 171 70 0 0.299586 -0.751368 -0.587958
0.241338 0.767022 -5.631996 138 163 104 0 0.732357 -0.461236 -0.500913
0.094569 0.798318 -5.783082 128 188 98 0 0.505965 -0.373412 -0.777537
0.061654 0.686622 -5.732360 128 190 103 0 0.660506 -0.446469 -0.603653
0.095648 0.602446 -5.614190 109 170 68 0 0.445048 -0.588396 -0.675072
-0.000400 0.648311 -5.781463 156 217 139 0 0.695997 -0.623941 -0.355368
0.325515 0.761086 -5.541884 121 173 53 0 -0.761078 0.347413 0.547782
0.314723 0.589495 -5.432886 109 173 66 0 0.357498 -0.268494 -0.894486
0.177666 0.997428 -5.830027 131 180 93 0 0.467328 -0.340595 -0.815843
0.247813 0.584639 -5.473895 132 194 129 0 0.720129 -0.490619 -0.490619
0.346019 0.910553 -5.569403 161 218 140 0 0.743473 -0.158991 -0.649592
0.394043 0.861990 -5.468499 177 232 172 0 0.737617 -0.499995 -0.453791
0.147988 0.504779 -5.496018 124 188 81 0 0.435719 -0.468358 -0.768629
0.143672 0.946706 -5.875892 122 173 68 0 -0.428924 0.435399 0.791487
0.091331 0.488052 -5.511667 110 168 62 0 0.442989 -0.459335 -0.769917
0.303391 0.598129 -5.443138 115 178 72 0 0.490583 -0.412350 -0.767656
0.287204 0.791303 -5.621744 145 199 67 0 -0.624566 0.506723 0.594263
0.364365 0.854436 -5.526775 159 218 138 0 0.721439 -0.469350 -0.509153
0.086475 0.688781 -5.742073 134 176 80 0 -0.767517 0.104194 0.632504
0.072445 0.953181 -5.890461 117 175 94 0 0.538726 -0.555614 -0.633299
0.062193 0.924583 -5.884526 130 187 83 0 0.349438 -0.483469 -0.802590
0.354113 0.792922 -5.493320 163 223 150 0 0.872455 -0.261585 -0.412791
-0.008494 0.485893 -5.566165 145 172 129 0 -0.267672 0.593947 0.758669
0.213279 0.962894 -5.784701 127 182 80 0 0.160173 -0.564349 -0.809848
0.159320 0.504779 -5.487385 113 175 81 0 0.514737 -0.397083 -0.759850
-0.019285 0.570070 -5.657357 122 174 92 0 -0.300952 0.674325 0.674325
0.196552 0.845263 -5.726425 122 183 89 0 0.555184 -0.555184 -0.619308
-0.006875 0.549026 -5.617427 137 194 105 0 -0.292729 0.859796 0.418403
0.249972 0.590575 -5.478752 135 195 129 0 0.791363 -0.445040 -0.419147
0.316881 0.893286 -5.611491 157 214 146 0 0.846220 -0.259549 -0.465344
-0.014429 0.529601 -5.587749 112 172 52 0 0.190910 -0.451376 -0.871673
0.076223 0.477260 -5.519221 135 191 90 0 -0.340868 0.547650 0.764126
0.245115 0.676370 -5.560230 127 186 107 0 0.642948 -0.468361 -0.606016
0.206804 0.598129 -5.526236 117 176 93 0 0.618737 -0.524325 -0.585019
0.214358 0.767022 -5.656278 136 195 103 0 0.513511 -0.513511 -0.687469
-0.002558 0.756230 -5.843516 153 204 118 0 0.711989 -0.433168 -0.552663
0.056258 0.845263 -5.847833 135 193 97 0 0.284444 -0.513885 -0.809329
0.203027 0.948325 -5.783082 125 184 89 0 0.292952 -0.533648 -0.793346
0.333069 0.777813 -5.522459 156 215 147 0 0.777502 -0.174976 -0.604048
0.036832 0.485354 -5.545661 130 185 90 0 -0.406808 0.558331 0.723031
0.318500 0.961815 -5.656278 178 235 172 0 0.796987 -0.354395 -0.489097
0.380553 0.781591 -5.440980 158 216 131 0 0.825772 -0.245416 -0.507811
0.131261 0.955879 -5.891001 129 177 72 0 -0.688668 0.133533 0.712674
0.373538 0.711443 -5.432346 150 199 112 0 0.584802 -0.214479 -0.782308
0.401597 0.816664 -5.416698 171 218 162 0 0.896224 -0.009212 -0.443506
0.242957 0.927820 -5.733979 141 197 110 0 0.659448 -0.315952 -0.682131
0.182522 0.525284 -5.484687 121 184 92 0 0.524463 -0.397023 -0.753201
0.262922 0.538774 -5.444218 149 169 132 0 0.228289 -0.854193 -0.467160
0.018486 0.529061 -5.576958 120 181 59 0 0.246577 -0.610945 -0.752294
0.264541 0.903539 -5.693510 147 199 131 0 0.601974 -0.474536 -0.642217
0.091331 0.778893 -5.807364 121 175 61 0 -0.850506 0.183209 0.493025
0.143672 0.909474 -5.811141 127 185 94 0 0.578486 -0.531262 -0.618963
0.273174 0.744898 -5.604477 131 182 69 0 -0.791739 0.340688 0.507033
0.279110 0.892747 -5.702143 128 180 51 0 -0.765945 -0.070680 0.639009
0.296377 0.939691 -5.722108 143 191 61 0 -0.537405 0.823419 0.182146
0.051941 0.470785 -5.527315 150 207 103 0 -0.348112 0.697859 0.625948
0.419943 0.742740 -5.403208 133 190 86 0 0.427571 0.017103 -0.903820
0.298535 0.790224 -5.605556 142 193 62 0 -0.689961 0.323064 0.647752
0.341163 0.771878 -5.506810 158 217 139 0 0.800619 -0.426889 -0.420446
0.099425 0.511254 -5.522998 105 164 63 0 0.253919 -0.410177 -0.875945
0.252130 0.763244 -5.616888 126 187 98 0 0.688055 -0.451484 -0.568104
0.321737 0.879797 -5.626600 144 191 60 0 -0.833656 0.420768 0.357731
0.347638 0.860371 -5.554295 163 217 132 0 0.841784 -0.252995 -0.476858
0.067589 0.622411 -5.659515 119 176 69 0 0.341305 -0.664647 -0.664647
0.337925 0.700652 -5.463103 140 200 120 0 0.733483 -0.229898 -0.639648
0.324435 0.942389 -5.620665 178 235 176 0 0.900904 -0.158479 -0.404050
0.191695 0.879797 -5.751246 141 189 117 0 0.815843 -0.340595 -0.467328
0.033595 0.735725 -5.798730 139 198 111 0 0.768502 -0.388313 -0.508544
0.332529 0.624029 -5.436124 120 180 77 0 0.350034 -0.214630 -0.911817
0.179824 0.713062 -5.648724 121 183 88 0 0.591835 -0.435124 -0.678527
0.072445 0.973146 -5.900713 137 191 114 0 0.676210 -0.104599 -0.729246
0.099965 0.764863 -5.783082 115 167 57 0 0.001156 0.978855 0.204554
0.271016 0.576006 -5.451772 106 168 82 0 0.490302 -0.427989 -0.759230
-0.012810 0.505858 -5.570482 115 175 59 0 0.245403 -0.579901 -0.776848
0.032515 0.782670 -5.827868 135 193 96 0 0.603964 -0.460083 -0.650808
0.254828 0.735725 -5.595304 145 204 111 0 0.711480 -0.442809 -0.545634
0.276412 0.813427 -5.622283 136 194 117 0 0.593246 -0.292626 -0.749953
0.278030 0.900841 -5.673545 134 190 122 0 0.658699 -0.413139 -0.628834
0.165255 0.911093 -5.794414 122 179 94 0 0.611438 -0.510374 -0.604700
0.052480 0.782130 -5.808982 130 191 91 0 0.577386 -0.299089 -0.759718
0.247813 0.864148 -5.685956 133 194 111 0 0.681656 -0.434993 -0.588324
0.160939 1.000126 -5.840818 63 74 62 0 0.260473 -0.315769 -0.912383
0.310946 0.654786 -5.478212 135 188 66 0 -0.656452 0.475130 0.585938
0.286124 0.951023 -5.704841 149 204 128 0 0.691776 -0.293724 -0.659675
0.130721 0.491829 -5.496018 107 170 66 0 0.404957 -0.427365 -0.808313
0.232705 0.834471 -5.683797 144 202 111 0 0.768457 -0.333481 -0.546136
0.349796 0.797778 -5.510048 157 206 135 0 0.714665 -0.255124 -0.651280
0.347638 0.790224 -5.511127 153 205 136 0 0.871417 -0.410703 -0.268245
0.212200 0.926202 -5.762038 120 179 93 0 0.595588 -0.531474 -0.602337
0.082698 0.581401 -5.598541 115 176 65 0 0.293555 -0.704211 -0.646462
0.317960 0.672593 -5.469039 141 200 118 0 0.643220 -0.388577 -0.659755
0.341702 0.719537 -5.468499 136 194 123 0 0.798544 -0.254721 -0.545385
0.319579 0.920266 -5.621744 165 223 152 0 0.880574 -0.269441 -0.389861
0.111836 0.770799 -5.782003 110 164 62 0 -0.422804 0.484837 0.765618
0.208423 0.940231 -5.774448 121 176 91 0 0.629668 -0.435924 -0.643030
0.049782 0.579243 -5.637392 138 198 96 0 0.001330 0.871255 0.490829
-0.006335 0.567912 -5.623902 109 167 57 0 0.181988 -0.766185 -0.616312
0.108059 0.633202 -5.640629 123 185 82 0 0.373216 -0.659294 -0.652718
0.342782 0.903539 -5.571561 164 220 139 0 0.626370 -0.126464 -0.769200
0.099965 0.804254 -5.783082 120 178 94 0 0.644811 -0.547164 -0.533695
0.283426 0.675291 -5.512746 147 210 111 0 0.563315 -0.556548 -0.610681
0.103202 0.490750 -5.518142 129 188 89 0 -0.529365 0.260779 0.807321
0.068129 0.707666 -5.744231 144 193 115 0 0.752509 -0.365690 -0.547723
0.008773 0.629965 -5.740454 133 192 106 0 0.493319 -0.819066 -0.292859
0.238101 0.577085 -5.481450 158 191 146 0 0.649151 -0.537868 -0.537868
0.097806 0.530680 -5.537027 103 166 61 0 0.351403 -0.612913 -0.707710
0.098885 0.477260 -5.501954 119 181 68 0 0.325378 -0.365096 -0.872258
0.104821 0.871163 -5.818695 124 184 92 0 0.619093 -0.347934 -0.704035
0.333069 0.842025 -5.564007 147 206 129 0 0.506482 -0.421249 -0.752347
0.212200 0.854436 -5.718331 121 180 93 0 0.650710 -0.427705 -0.627411
0.339544 0.858752 -5.564547 137 194 110 0 0.762600 -0.382113 -0.521950
0.362747 0.823139 -5.501954 171 223 167 0 0.924054 -0.348093 -0.157970
0.285045 0.775655 -5.613110 141 196 67 0 -0.643790 0.579915 0.499232
0.262382 0.703350 -5.581274 120 174 61 0 -0.735696 0.419692 0.531610
0.145830 0.742200 -5.699985 127 188 97 0 0.547027 -0.395896 -0.737583
-0.033854 0.554961 -5.609873 100 159 42 0 -0.181495 -0.832479 -0.523487
0.035753 0.737344 -5.830566 120 169 62 0 -0.465623 0.308848 0.829342
0.285585 0.662880 -5.500875 136 182 111 0 0.707945 -0.461414 -0.534707
0.174968 0.949404 -5.808443 122 182 90 0 0.520947 -0.598499 -0.608615
0.127484 0.723854 -5.704841 131 193 95 0 0.581165 -0.517152 -0.628332
0.248353 0.718458 -5.611491 142 197 71 0 -0.442140 0.299414 0.845496
0.287743 0.778353 -5.588289 136 196 114 0 0.731508 -0.332504 -0.595263
0.225150 0.572768 -5.488464 92 115 49 0 0.348559 -0.666027 -0.659481
0.295297 0.686083 -5.520840 126 180 64 0 -0.617251 0.640670 0.456665
0.312564 0.904618 -5.624981 157 212 149 0 0.741502 -0.244019 -0.625003
0.340084 0.931058 -5.584512 165 222 156 0 0.807678 -0.046515 -0.587786
0.065970 0.924583 -5.923916 130 179 68 0 -0.245715 0.237386 0.939826
0.397281 0.754611 -5.418317 138 195 108 0 0.730182 0.001380 -0.683251
0.369222 0.795080 -5.466880 165 224 156 0 0.893466 -0.196766 -0.403736
0.127484 0.869544 -5.801968 171 194 147 0 0.816308 -0.276265 -0.507266
0.015248 0.762705 -5.862402 125 178 64 0 -0.673095 0.640181 0.370285
0.006615 0.785368 -5.850531 123 182 86 0 0.674291 -0.563861 -0.476856
0.271555 0.941310 -5.714554 143 199 121 0 0.608965 -0.688180 -0.394424
0.112915 0.568451 -5.564007 115 164 74 0 0.355916 -0.742711 -0.567190
0.285045 0.921885 -5.681639 146 204 130 0 0.713350 -0.490532 -0.500509
0.056797 0.662880 -5.717252 129 190 111 0 0.603964 -0.650808 -0.460083
-0.019825 0.581941 -5.716712 122 163 73 0 0.095226 0.994949 0.031742
0.142053 0.829075 -5.763657 141 166 107 0 0.641647 -0.454011 -0.618193
0.122628 0.830154 -5.779305 128 191 97 0 0.515261 -0.521975 -0.679742
0.386489 0.872782 -5.507890 153 211 115 0 0.751508 -0.331310 -0.570500
0.073525 0.730329 -5.753944 125 186 87 0 0.570951 -0.477187 -0.668063
0.241878 0.695256 -5.600160 139 195 73 0 -0.437525 0.700373 0.563958
0.301233 0.749755 -5.570482 155 190 98 0 -0.798937 0.397057 0.451713
0.024422 0.683385 -5.777146 143 201 126 0 0.673124 -0.459328 -0.579588
0.217596 0.665578 -5.576958 155 183 130 0 0.738397 -0.356974 -0.572136
0.328213 0.902459 -5.596922 166 225 161 0 0.895954 -0.143865 -0.420201
0.148528 0.668276 -5.639550 124 185 88 0 0.538984 -0.562639 -0.626844
0.103202 0.683385 -5.692431 112 173 80 0 0.562639 -0.538984 -0.626844
0.184681 0.566293 -5.514904 118 181 81 0 0.468361 -0.606016 -0.642948
0.162557 0.758928 -5.696747 122 183 92 0 0.657541 -0.355826 -0.664100
0.309327 0.635361 -5.457168 129 166 99 0 0.593150 -0.307024 -0.744251
0.142593 0.961275 -5.880748 124 177 67 0 -0.220527 0.135412 0.965936
0.272095 0.706048 -5.555374 161 171 107 0 0.798692 -0.491380 -0.347327
0.105361 0.488591 -5.505191 109 170 64 0 0.528804 -0.394557 -0.751459
0.285045 0.691478 -5.524617 147 210 118 0 0.759974 -0.222242 -0.610777
0.198171 0.690399 -5.613110 102 136 53 0 0.380188 -0.597438 -0.706063
0.085396 0.501002 -5.521919 114 177 63 0 0.276992 -0.565064 -0.777160
0.159320 0.687701 -5.647644 118 177 90 0 0.532481 -0.586575 -0.610241
0.312025 0.797239 -5.568863 149 196 130 0 0.750096 -0.348317 -0.562167
0.015248 0.640757 -5.745850 138 200 110 0 0.650499 -0.586626 -0.482412
0.228927 0.692018 -5.609873 132 191 71 0 -0.666830 0.459594 0.586610
0.134499 0.702810 -5.680020 118 181 95 0 0.656933 -0.509081 -0.556125
0.291520 0.795080 -5.593685 141 199 123 0 0.691767 -0.397890 -0.602613
0.031976 0.751913 -5.811141 134 194 103 0 0.720129 -0.490619 -0.490619
0.184141 0.819362 -5.719410 122 182 91 0 0.445601 -0.491641 -0.748150
0.287204 0.663420 -5.511667 123 173 62 0 -0.665670 0.561711 0.491288
0.414008 0.706587 -5.403748 139 197 84 0 0.418987 -0.095413 -0.902965
-0.016048 0.495606 -5.564007 114 143 84 0 -0.006655 -0.475200 -0.879853
0.105900 0.932137 -5.854309 113 172 80 0 0.605132 -0.406185 -0.684711
0.307708 0.700112 -5.517063 128 181 63 0 -0.691103 0.564540 0.451299
0.006615 0.504779 -5.572641 126 180 92 0 -0.246383 0.531506 0.810430
0.167414 0.986636 -5.833804 123 180 103 0 0.625257 -0.135796 -0.768514
-0.011731 0.645613 -5.798191 62 75 61 0 0.722404 -0.307303 -0.619433
0.149068 0.755690 -5.708079 134 194 96 0 0.523384 -0.466891 -0.712799
0.233244 0.774036 -5.642788 127 189 102 0 0.545749 -0.498730 -0.673370
0.332529 0.772957 -5.542963 139 190 58 0 -0.824870 0.292696 0.483652
0.088094 0.816664 -5.800889 111 173 86 0 0.603693 -0.293039 -0.741406
0.255368 0.925122 -5.719950 124 182 103 0 0.691767 -0.397890 -0.602613
0.294218 0.579243 -5.439361 110 174 73 0 0.467267 -0.252784 -0.847208
0.245115 0.690939 -5.593685 142 199 79 0 -0.560220 0.597455 0.573760
0.199250 0.900301 -5.757182 129 185 95 0 0.586448 -0.398124 -0.705390
-0.027919 0.568451 -5.664371 151 200 120 0 -0.397568 0.199512 0.895620
0.309866 0.778353 -5.580195 123 170 53 0 -0.681717 0.477370 0.554419
0.142053 0.709285 -5.678941 125 187 87 0 0.618944 -0.461272 -0.635717
0.041689 0.819362 -5.842437 132 190 95 0 0.291459 -0.568585 -0.769261
0.187918 0.685543 -5.619046 129 188 91 0 0.662725 -0.449051 -0.599290
0.038451 0.608921 -5.660594 103 164 63 0 0.302203 -0.863656 -0.403449
0.003377 0.683924 -5.804126 148 211 120 0 0.680257 -0.220497 -0.699022
0.024422 0.665038 -5.759880 141 202 111 0 0.644249 -0.509680 -0.570236
0.078921 0.870623 -5.840279 132 195 99 0 0.695574 -0.023888 -0.718057
0.083237 0.918108 -5.863482 135 193 104 0 0.372994 -0.426959 -0.823761
0.061114 0.900841 -5.872654 141 197 103 0 0.618395 -0.198935 -0.760271
0.306629 0.956958 -5.675703 166 224 150 0 0.792017 -0.299982 -0.531715
0.204646 0.896524 -5.750707 130 187 104 0 0.638842 -0.428675 -0.638842
0.308248 0.721156 -5.535948 132 184 63 0 -0.750976 0.481479 0.451900
0.072445 0.898682 -5.862942 152 209 109 0 0.525142 -0.324024 -0.786915
0.200869 0.925662 -5.773369 118 178 91 0 0.537587 -0.299717 -0.788144
0.279110 0.562516 -5.440980 109 170 77 0 0.506677 -0.316077 -0.802106
0.311485 0.737344 -5.527315 150 210 115 0 0.780381 -0.468877 -0.413715
0.248892 0.824218 -5.660594 131 192 109 0 0.775444 -0.395037 -0.492577
0.244036 0.732488 -5.606095 136 195 103 0 0.631830 -0.497040 -0.594763
0.397281 0.686083 -5.409684 131 191 88 0 0.587654 -0.109910 -0.801613
0.047085 0.538234 -5.574799 122 184 66 0 0.275987 -0.671620 -0.687573
0.035213 0.660182 -5.740994 151 213 121 0 0.674926 -0.571092 -0.467257
0.190616 0.578704 -5.522998 119 184 81 0 0.572672 -0.562536 -0.596322
0.329292 0.771338 -5.525156 154 214 138 0 0.741429 -0.299454 -0.600509
0.194393 0.995270 -5.817077 131 184 95 0 0.523575 -0.316692 -0.790933
0.300154 0.635900 -5.474974 138 192 74 0 -0.641473 0.523617 0.560658
0.314723 0.641836 -5.456089 133 179 103 0 0.523538 -0.270364 -0.807967
0.307168 0.589495 -5.437203 116 180 75 0 0.374094 -0.316071 -0.871868
0.031976 0.496685 -5.555913 129 183 86 0 -0.333969 0.650017 0.682600
0.170112 0.842565 -5.749088 124 185 84 0 0.631830 -0.497040 -0.594763
0.257526 0.694716 -5.580735 122 176 58 0 -0.745638 0.404775 0.529321
0.276412 0.887890 -5.665451 146 205 127 0 0.730157 -0.349630 -0.587052
-0.013350 0.622411 -5.772290 174 215 127 0 0.611438 -0.604700 -0.510374
-0.022523 0.568991 -5.647105 135 190 106 0 -0.499443 0.839489 0.214047
0.230007 0.949404 -5.764196 122 178 87 0 0.475368 -0.538750 -0.695538
0.215438 0.861450 -5.719950 122 179 95 0 0.555357 -0.381705 -0.738837
0.148528 0.855515 -5.773909 107 167 78 0 0.420737 -0.379457 -0.824010
0.303931 0.816664 -5.589908 151 213 132 0 0.525012 -0.508238 -0.682683
0.210042 0.693637 -5.607714 163 182 137 0 0.658699 -0.413139 -0.628834
0.003377 0.600287 -5.675703 127 185 83 0 0.498229 -0.815712 -0.293908
0.170651 0.655326 -5.609333 132 193 89 0 0.539416 -0.579999 -0.610436
0.232165 0.888430 -5.719950 139 197 108 0 0.703919 -0.444317 -0.554149
0.251590 0.790224 -5.634694 157 193 127 0 0.864797 -0.317963 -0.388621
0.268318 0.674751 -5.530013 148 211 117 0 0.626144 -0.585638 -0.514754
0.139355 0.485354 -5.487925 121 174 82 0 0.465381 -0.538774 -0.702241
0.405914 0.706587 -5.407525 135 195 84 0 0.554227 -0.112009 -0.824795
0.208962 0.779972 -5.671386 132 188 103 0 0.570049 -0.492697 -0.657490
0.034134 0.754611 -5.846754 123 172 66 0 -0.403882 0.323415 0.855735
0.348717 0.728171 -5.462564 142 197 85 0 0.530932 -0.371814 -0.761489
0.041149 0.921345 -5.903411 153 205 111 0 0.301430 -0.649606 -0.697963
0.264001 0.607302 -5.475514 128 190 101 0 0.580392 -0.466655 -0.667367
0.279110 0.880876 -5.692970 135 187 57 0 -0.715327 0.136467 0.685335
0.116152 0.958577 -5.902872 127 177 72 0 -0.850251 0.054450 0.523554
0.241338 0.617554 -5.512206 144 205 123 0 0.666909 -0.427421 -0.610363
0.220834 0.935914 -5.759880 136 191 96 0 0.602766 -0.324815 -0.728813
0.409152 0.797239 -5.411842 166 212 133 0 0.767241 -0.032379 -0.640541
0.191156 0.904078 -5.771211 102 150 75 0 0.465635 -0.442761 -0.766255
0.033055 0.610000 -5.666530 112 171 68 0 0.387855 -0.815613 -0.429354
0.128563 0.910553 -5.823552 113 172 79 0 0.568316 -0.474435 -0.672256
0.131801 0.732488 -5.706999 125 186 95 0 0.659401 -0.435706 -0.612659
0.102123 0.708206 -5.743152 113 166 63 0 -0.261269 0.745803 0.612794
0.339544 0.816664 -5.564007 150 202 69 0 -0.776547 0.301370 0.553309
0.199789 0.776195 -5.677322 124 183 93 0 0.579627 -0.482183 -0.656911
0.217056 0.979621 -5.794414 120 174 75 0 0.619081 -0.315198 -0.719298
0.339544 0.915410 -5.580735 170 226 155 0 0.773920 -0.110560 -0.623558
0.057337 0.912172 -5.881288 139 198 97 0 0.499661 -0.563591 -0.657803
0.004457 0.763784 -5.867798 131 149 111 0 -0.796307 0.244658 0.553207
0.191695 0.936993 -5.785780 122 180 93 0 0.677595 -0.341247 -0.651471
0.329831 0.825298 -5.558611 150 209 137 0 0.711806 -0.308288 -0.631103
0.074064 0.497765 -5.525156 120 183 70 0 0.397023 -0.524463 -0.753201
-0.039790 0.581401 -5.666530 83 107 68 0 0.259549 -0.846220 -0.465344
0.124786 0.687701 -5.678401 123 170 81 0 0.507882 -0.609121 -0.609121
0.060035 0.660182 -5.710237 131 193 100 0 0.685691 -0.511334 -0.518040
0.343861 0.930518 -5.577497 162 205 145 0 0.767011 -0.198285 -0.610227
0.088094 0.795080 -5.786859 129 189 96 0 0.634284 -0.395807 -0.664094
0.072985 0.612158 -5.639011 108 164 65 0 0.274989 -0.751849 -0.599254
0.031436 0.833392 -5.859704 113 172 77 0 0.380940 -0.621707 -0.684372
0.095108 0.708745 -5.749627 121 174 77 0 -0.666405 0.515331 0.538831
0.088633 0.886272 -5.841898 136 195 102 0 0.331884 -0.072149 -0.940557
0.062193 0.721156 -5.758261 143 203 108 0 0.906277 -0.318739 -0.277611
0.327133 0.774036 -5.552676 133 180 56 0 -0.791739 0.340688 0.507033
0.212200 0.872242 -5.727504 137 194 106 0 0.536984 -0.450535 -0.713208
0.389726 0.829614 -5.442059 169 226 155 0 0.964715 -0.141526 -0.222027
0.157162 0.799937 -5.731821 116 158 79 0 0.506090 -0.499409 -0.703181
0.282347 0.634821 -5.479831 128 191 102 0 0.538726 -0.555614 -0.633299
0.170651 0.619713 -5.577497 114 174 81 0 0.552306 -0.592842 -0.586086
0.057337 0.648311 -5.699985 126 188 93 0 0.570236 -0.644249 -0.509680
