-0.511891 1.478425 -5.556218 21 23 17 0 0.516466 -0.006742 0.856281
-0.567395 0.682380 -5.366335 31 48 27 0 0.888003 0.453006 -0.078964
-0.356334 1.004449 -5.724191 17 24 14 0 0.692069 0.358305 0.626625
-0.593687 1.085514 -5.410154 47 56 44 0 0.828679 0.322351 0.457582
-0.361446 0.643673 -5.667956 39 60 36 0 0.548409 0.619280 0.561908
-0.456387 1.222084 -5.599307 47 78 36 0 0.800761 -0.079070 0.593742
-0.484139 0.864228 -5.541611 94 103 84 0 0.786307 0.070437 0.613808
-0.598068 0.883217 -5.358302 71 81 68 0 0.841768 0.279560 0.461814
-0.330772 0.819679 -5.729303 60 76 44 0 0.980191 0.008101 0.197890
-0.494363 1.046077 -5.558409 70 88 62 0 0.858807 0.104314 0.501566
-0.491442 0.683110 -5.527735 53 76 42 0 0.736989 -0.047042 0.674266
-0.523576 1.327980 -5.495601 20 35 15 0 0.718114 -0.006945 0.695890
-0.412568 0.766366 -5.620486 52 81 46 0 0.785764 0.032215 0.617686
-0.378243 1.138097 -5.690596 9 17 5 0 0.853161 0.031599 0.520689
-0.538182 1.187028 -5.491950 54 86 42 0 0.835882 -0.111547 0.537456
-0.546946 0.959900 -5.464928 48 80 42 0 0.831854 0.102716 0.545407
-0.399422 0.904396 -5.639474 49 81 44 0 0.600359 0.064171 0.797152
-0.538182 0.786085 -5.452513 49 80 40 0 0.879172 0.031157 0.475485
-0.455657 1.364495 -5.591273 23 23 16 0 0.926425 -0.119053 0.357159
-0.429365 0.596202 -5.578857 19 31 19 0 0.687092 0.536634 0.489825
-0.527228 0.616651 -5.447401 12 19 11 0 0.750243 0.625979 0.212802
-0.417680 1.045347 -5.643126 50 81 43 0 0.839123 0.072167 0.539133
-0.590765 0.778781 -5.341505 69 88 57 0 0.862708 0.260182 0.433636
-0.606832 0.980349 -5.386784 79 99 75 0 0.656645 0.340543 0.672939
-0.313245 0.910969 -5.695708 64 83 59 0 0.309367 0.023797 0.950645
-0.460039 0.957709 -5.582509 52 85 47 0 0.726200 0.032432 0.686718
-0.346839 0.728390 -5.709584 50 74 37 0 0.888225 -0.245489 0.388319
-0.452005 1.126412 -5.609531 46 79 39 0 0.632558 -0.015293 0.774362
-0.541834 1.089166 -5.486107 50 83 42 0 0.799081 -0.032187 0.600361
-0.480487 0.771478 -5.537960 72 90 62 0 0.736618 0.064869 0.673191
-0.551328 0.876644 -5.443749 54 84 44 0 0.900489 0.086877 0.426112
-0.419871 0.677998 -5.603688 47 79 38 0 0.792878 0.001369 0.609379
-0.502397 1.258600 -5.537230 52 85 39 0 0.889993 -0.056052 0.452516
-0.531610 0.702098 -5.456894 43 74 33 0 0.908232 0.022409 0.417866
-0.398692 1.214780 -5.664305 35 40 27 0 0.683214 0.452692 0.572964
-0.506049 1.399551 -5.529926 61 78 54 0 0.854712 0.166809 0.491570
-0.377513 0.829904 -5.665035 46 79 37 0 0.772347 -0.064482 0.631920
-0.504588 1.124221 -5.548184 50 81 46 0 0.744860 -0.006935 0.667184
-0.433017 1.297306 -5.624867 27 43 19 0 0.861144 0.039830 0.506798
-0.528688 0.605696 -5.524084 47 42 38 0 0.483095 -0.150329 -0.862566
-0.435938 0.835746 -5.597116 47 77 39 0 0.779285 0.015280 0.626484
-0.579080 1.157086 -5.437906 66 81 59 0 0.678605 -0.015328 0.734343
-0.503127 0.933609 -5.525544 52 83 42 0 0.843658 0.023321 0.536374
-0.565204 1.027089 -5.443018 52 84 45 0 0.861032 0.101382 0.498342
-0.385546 0.969394 -5.667956 64 92 61 0 0.682600 0.333969 0.650017
-0.567395 0.824061 -5.398469 53 86 41 0 0.907703 0.046927 0.416980
-0.539643 1.263712 -5.473692 17 29 15 0 0.887468 -0.292820 0.355888
-0.563013 0.741535 -5.401391 43 76 34 0 0.870868 0.014806 0.491293
-0.383355 0.710132 -5.654810 44 76 34 0 0.816607 0.015148 0.576995
-0.383355 1.068717 -5.697169 50 84 35 0 0.892385 -0.087434 0.442723
-0.527228 1.013213 -5.500714 51 82 43 0 0.877538 0.070926 0.474232
-0.503127 1.191410 -5.548914 46 75 40 0 0.777316 -0.040911 0.627778
-0.517734 0.837207 -5.490489 52 85 38 0 0.825348 0.015106 0.564423
-0.575429 0.931418 -5.414536 61 93 56 0 0.843667 0.190312 0.502004
-0.444702 0.730580 -5.577397 39 69 32 0 0.766875 0.015310 0.641614
-0.481218 1.311913 -5.563521 57 90 46 0 0.728106 -0.070929 0.681785
-0.442511 0.897093 -5.594194 67 88 55 0 0.666092 0.189213 0.721471
-0.470993 0.620303 -5.540151 51 83 51 0 0.603751 0.167961 0.779278
-0.382625 0.608618 -5.621946 12 19 14 0 0.285984 0.420565 0.861010
-0.454196 1.016134 -5.598576 47 79 42 0 0.745992 0.104468 0.657709
-0.370940 0.769287 -5.673069 50 83 45 0 0.784732 0.040857 0.618487
-0.411838 1.160007 -5.648238 54 81 45 0 0.786214 -0.190829 0.587752
-0.506779 0.732041 -5.501444 53 86 38 0 0.838844 0.001351 0.544370
-0.359985 0.886868 -5.675990 48 83 43 0 0.658956 -0.213421 0.721269
-0.545486 0.660470 -5.418188 53 86 44 0 0.914593 0.213931 0.343152
-0.498745 0.992034 -5.542342 79 99 72 0 0.814067 0.182750 0.551270
-0.412568 1.098660 -5.652619 44 78 38 0 0.797967 0.103575 0.593734
-0.420601 0.960630 -5.627789 48 80 46 0 0.752587 0.110892 0.649088
-0.443972 0.784624 -5.581048 38 68 30 0 0.791768 0.110172 0.600804
-0.463690 1.073099 -5.592733 50 82 45 0 0.709550 0.032445 0.703908
-0.478296 1.416348 -5.572285 16 19 12 0 0.833699 0.111643 0.540817
-0.338076 0.958439 -5.704472 62 92 64 0 0.426687 0.742996 0.515649
-0.595877 0.831364 -5.337853 20 26 16 0 0.887054 -0.047691 0.459197
-0.560092 1.218432 -5.455434 18 22 16 0 0.903110 -0.086864 0.420532
-0.598068 1.035853 -5.393357 19 30 16 0 0.847889 -0.302264 0.435570
-0.454926 0.673616 -5.564251 56 86 51 0 0.712351 0.166266 0.681844
-0.532340 0.911699 -5.478074 49 83 42 0 0.876860 0.079715 0.474092
-0.519194 0.650246 -5.485377 47 77 35 0 0.924655 -0.016765 0.380437
-0.460769 1.273936 -5.589812 50 81 40 0 0.830730 -0.040354 0.555211
-0.598799 0.729850 -5.350268 20 23 18 0 0.707165 -0.315554 0.632727
-0.511161 0.781703 -5.494871 49 82 37 0 0.842102 0.015013 0.539109
-0.535261 1.137367 -5.499253 52 84 44 0 0.870584 0.023017 0.491481
-0.605372 0.931418 -5.369256 67 94 61 0 0.804435 0.150738 0.574597
-0.386277 1.021247 -5.684023 52 85 47 0 0.850086 0.135606 0.508885
-0.568856 1.108154 -5.445940 58 88 55 0 0.793430 0.094629 0.601260
-0.405995 0.854004 -5.631440 62 92 54 0 0.572396 0.207168 0.793375
-0.420601 1.252027 -5.638743 53 86 46 0 0.687207 -0.172950 0.705574
-0.479027 1.154894 -5.580318 50 81 43 0 0.753685 0.001378 0.657235
-0.326391 0.870071 -5.718348 18 27 15 0 0.644811 -0.533695 0.547164
-0.464420 0.822600 -5.559869 50 84 42 0 0.791522 0.023648 0.610682
-0.487791 1.360113 -5.550375 58 85 52 0 0.766875 0.015310 0.641614
-0.576889 0.980349 -5.424030 57 88 50 0 0.815326 0.040557 0.577581
-0.514812 1.079672 -5.531387 47 80 38 0 0.884928 0.006634 0.465682
-0.329312 0.772209 -5.726381 13 20 10 0 0.837351 0.158578 0.523159
-0.446893 1.173152 -5.612452 51 81 43 0 0.626484 -0.015280 0.779285
-0.571777 0.883947 -5.402121 54 88 41 0 0.864673 0.103989 0.491453
-0.391389 0.667773 -5.639474 44 75 38 0 0.800887 0.206730 0.561999
-0.471724 0.908778 -5.561330 49 81 41 0 0.759391 0.064598 0.647420
-0.510430 0.885408 -5.508017 50 84 40 0 0.829699 0.078543 0.552657
-0.361446 0.688222 -5.694248 49 66 38 0 0.916862 -0.301770 0.261342
-0.494363 0.813837 -5.521893 64 91 56 0 0.773429 0.032285 0.633061
-0.473915 0.721817 -5.544533 41 72 33 0 0.815326 -0.040557 0.577581
-0.523576 1.439718 -5.521163 31 47 29 0 0.930691 -0.291457 0.221057
-0.414029 0.720356 -5.615373 49 77 38 0 0.758817 0.159033 0.631590
-0.541104 0.742266 -5.442288 41 73 30 0 0.887715 0.030982 0.459349
-0.572507 0.780972 -5.385324 46 78 34 0 0.900074 0.047230 0.433169
-0.527228 1.233769 -5.502174 50 83 41 0 0.856563 -0.040001 0.514490
-0.517734 0.970124 -5.508017 53 85 42 0 0.849884 0.111105 0.515125
-0.433017 0.638561 -5.583970 44 76 34 0 0.723559 0.006944 0.690228
-0.545486 0.827713 -5.445940 44 75 34 0 0.875645 0.031225 0.481944
-0.503858 1.308261 -5.527735 54 87 41 0 0.847259 -0.126435 0.515913
-0.544755 1.044617 -5.475883 47 80 38 0 0.871596 0.165530 0.461433
-0.484869 1.234499 -5.567173 49 80 46 0 0.631590 -0.159033 0.758817
-0.557171 0.699177 -5.406503 45 80 33 0 0.886710 0.064613 0.457790
-0.422792 1.002258 -5.632901 53 84 44 0 0.743704 0.120240 0.657607
-0.349761 0.845971 -5.693517 50 83 38 0 0.728530 -0.165782 0.664650
-0.365828 0.927766 -5.673069 54 87 55 0 0.571011 0.078711 0.817161
-0.357064 0.803612 -5.691326 39 72 29 0 0.767250 -0.110449 0.631766
-0.477566 1.113997 -5.580318 46 76 40 0 0.713510 0.079925 0.696072
-0.429365 1.213320 -5.628519 52 85 42 0 0.764671 -0.040990 0.643115
-0.394310 0.792657 -5.645316 60 90 51 0 0.785005 -0.006898 0.619451
-0.508970 1.360113 -5.516050 47 65 34 0 0.842599 0.078150 0.532841
-0.454196 1.316295 -5.596385 51 84 40 0 0.777384 0.046728 0.627288
-0.518464 1.162928 -5.524814 47 79 35 0 0.847185 -0.031683 0.530352
-0.436668 1.073829 -5.621946 43 75 34 0 0.719240 0.038303 0.693705
-0.515543 0.608618 -5.486837 19 25 17 0 0.847694 -0.521768 -0.095777
-0.519925 1.280509 -5.505095 50 83 40 0 0.885040 -0.117911 0.450334
-0.370940 1.041695 -5.722730 21 25 17 0 0.887544 0.403161 -0.222994
-0.554249 1.158546 -5.467849 48 81 41 0 0.838455 0.006795 0.544928
-0.508239 0.646594 -5.521893 53 58 45 0 0.302610 -0.445380 -0.842653
-0.555710 0.794118 -5.418918 48 83 35 0 0.895622 0.039057 0.443097
-0.511891 0.688222 -5.496332 46 74 31 0 0.854781 -0.071819 0.513995
-0.549137 1.001528 -5.465658 50 82 42 0 0.806885 0.079106 0.585387
-0.552789 0.926305 -5.448861 57 90 48 0 0.866406 0.080041 0.492883
-0.477566 1.005910 -5.570824 48 80 42 0 0.715214 0.120441 0.688449
-0.388468 1.179725 -5.673069 16 23 13 0 0.872713 -0.062436 0.484224
-0.568856 1.064335 -5.440097 59 93 48 0 0.813669 0.069824 0.577120
-0.416950 0.803612 -5.617564 43 74 34 0 0.785764 0.032215 0.617686
-0.459308 0.858386 -5.569364 46 79 41 0 0.745520 0.086078 0.660901
-0.499476 1.438988 -5.551836 82 101 71 0 0.703169 0.275846 0.655334
-0.433017 0.930687 -5.610261 49 81 47 0 0.714543 0.055846 0.697359
-0.488521 0.957709 -5.550375 97 107 89 0 0.829527 0.087394 0.551586
-0.593687 1.130064 -5.418188 11 16 14 0 0.856642 -0.182612 0.482511
-0.532340 0.865689 -5.472961 49 83 37 0 0.833613 0.063473 0.548690
-0.517734 1.044617 -5.521893 49 83 39 0 0.870489 0.039630 0.490590
-0.451275 0.591090 -5.550375 26 37 24 0 0.665955 0.555242 0.498208
-0.526497 0.756142 -5.472231 44 76 34 0 0.811146 0.001363 0.584843
-0.387007 1.103772 -5.684023 51 82 36 0 0.815522 -0.166709 0.554195
-0.408916 0.641482 -5.610261 50 84 44 0 0.672243 0.230349 0.703583
-0.492173 1.081133 -5.564981 56 82 54 0 0.766875 0.015310 0.641614
-0.576159 0.718895 -5.377290 61 89 54 0 0.856776 0.086386 0.508401
-0.440320 0.984000 -5.608070 50 82 45 0 0.708273 0.095316 0.699474
-0.579080 0.851083 -5.378751 52 86 39 0 0.895954 0.143865 0.420201
-0.584192 0.809455 -5.362684 43 77 32 0 0.887325 0.087757 0.452717
-0.368749 0.989113 -5.695708 55 88 55 0 0.640526 0.443184 0.627147
-0.523576 1.111076 -5.519702 51 83 43 0 0.879023 -0.047847 0.474372
-0.379704 0.866419 -5.656271 46 77 36 0 0.663518 -0.149632 0.733044
-0.400883 1.063605 -5.667956 51 83 38 0 0.832034 -0.023379 0.554231
-0.510430 1.225735 -5.532117 46 79 35 0 0.847185 -0.031683 0.530352
-0.495824 0.605696 -5.514590 37 46 36 0 0.525142 0.786915 0.324024
-0.486330 1.278318 -5.559869 63 88 54 0 0.787478 -0.079470 0.611198
-0.559362 0.655358 -5.385324 39 64 42 0 0.738858 0.635761 0.223376
-0.399422 1.130794 -5.665035 51 83 42 0 0.718114 -0.006945 0.695890
-0.492903 0.901475 -5.535769 90 103 86 0 0.728106 0.070929 0.681785
-0.479027 0.653167 -5.537960 46 74 38 0 0.658391 0.006930 0.752644
-0.579811 0.751760 -5.369987 48 80 38 0 0.855834 -0.095409 0.508374
-0.551328 1.121300 -5.471501 48 79 42 0 0.862174 0.001337 0.506611
-0.370940 0.735693 -5.673069 38 70 28 0 0.774362 -0.015293 0.632558
-0.590765 1.006640 -5.408694 50 81 45 0 0.719425 0.001381 0.694569
-0.560822 0.849622 -5.418918 48 80 38 0 0.907943 0.038664 0.417307
-0.350491 0.759793 -5.699360 46 81 38 0 0.734363 -0.032419 0.677982
-0.524306 0.938721 -5.495601 54 84 45 0 0.789882 0.085510 0.607267
-0.438859 1.040235 -5.618295 48 80 41 0 0.713510 0.079925 0.696072
-0.530879 0.669234 -5.456894 44 78 33 0 0.911128 -0.009098 0.412022
-0.468802 1.041695 -5.583970 54 84 48 0 0.688540 0.101733 0.718027
-0.445432 1.252027 -5.608800 51 85 42 0 0.720524 -0.126800 0.681738
-0.521385 1.197983 -5.518971 54 88 43 0 0.879461 -0.022896 0.475421
-0.399422 0.943103 -5.645316 48 78 46 0 0.626303 0.229593 0.745004
-0.476106 1.205286 -5.579588 53 84 45 0 0.704306 -0.006946 0.709863
-0.431556 0.868610 -5.605149 41 72 35 0 0.791963 0.103936 0.601658
-0.405995 1.019786 -5.658462 55 88 51 0 0.751579 0.126503 0.647400
-0.399422 0.740075 -5.635822 45 78 38 0 0.785005 0.006898 0.619451
-0.431556 1.142479 -5.627789 48 79 39 0 0.723559 -0.006944 0.690228
-0.523576 0.807994 -5.479535 53 84 44 0 0.838757 0.126908 0.529511
-0.456387 0.760523 -5.564981 47 80 41 0 0.766093 0.046904 0.641016
-0.499476 0.844510 -5.517511 49 81 38 0 0.836146 0.072400 0.543708
-0.487060 1.390787 -5.556218 61 90 59 0 0.705167 0.220462 0.673896
-0.434477 0.756142 -5.592003 42 73 36 0 0.736618 0.064869 0.673191
-0.420601 0.894171 -5.618295 48 80 44 0 0.748971 0.023799 0.662175
-0.559362 1.187759 -5.457625 55 84 49 0 0.838757 -0.126908 0.529511
-0.584923 0.908047 -5.388975 53 84 44 0 0.841609 0.223719 0.491573
-0.396501 0.825522 -5.641665 45 78 38 0 0.760442 -0.015292 0.649226
-0.361446 0.957709 -5.685484 60 93 60 0 0.577996 0.317174 0.751878
-0.489251 0.739344 -5.524814 140 132 126 0 0.888235 0.006619 0.459341
-0.434477 0.699907 -5.589082 46 77 39 0 0.785794 0.001371 0.618487
-0.582732 1.046808 -5.416727 49 81 41 0 0.865851 0.001334 0.500299
-0.411838 1.189950 -5.648968 57 81 45 0 0.730182 0.001380 0.683251
-0.335885 0.927036 -5.706663 28 38 23 0 0.691826 0.206770 -0.691826
-0.500936 1.153434 -5.552566 48 75 43 0 0.823973 0.063819 0.563024
-0.456387 0.924845 -5.581048 54 88 47 0 0.774485 -0.023723 0.632147
-0.408916 0.604966 -5.608800 28 50 27 0 0.488671 0.482045 0.727209
-0.537452 0.632718 -5.424761 31 48 25 0 0.990726 -0.016716 0.134846
-0.544025 1.234499 -5.474422 54 83 45 0 0.816040 -0.212813 0.537392
-0.377513 0.904396 -5.659193 50 85 50 0 0.594615 0.070208 0.800939
-0.553519 0.764905 -5.421839 55 85 45 0 0.896004 0.119938 0.427542
-0.530149 1.068717 -5.503635 51 83 42 0 0.867230 0.031313 0.496922
-0.594417 0.954788 -5.394087 63 93 59 0 0.841495 0.270205 0.467841
-0.433747 1.113266 -5.628519 46 77 40 0 0.768784 0.001375 0.639507
-0.565204 0.958439 -5.439367 49 81 43 0 0.838213 0.087106 0.538341
-0.524306 0.724738 -5.473692 72 96 61 0 0.892654 0.030874 0.449683
-0.453466 0.705019 -5.567173 67 91 57 0 0.752971 0.023837 0.657622
-0.403804 0.986922 -5.654080 55 89 52 0 0.750483 0.198793 0.630283
-0.463690 1.338204 -5.580318 50 83 35 0 0.778585 0.001373 0.627537
-0.455657 1.098660 -5.603688 52 83 47 0 0.656888 0.126611 0.743282
-0.532340 0.987652 -5.489028 43 73 34 0 0.835646 0.031768 0.548349
-0.554249 1.071638 -5.463468 53 86 44 0 0.850251 0.054450 0.523554
-0.449814 0.628336 -5.563521 53 83 45 0 0.710791 0.213082 0.670352
-0.498015 1.020516 -5.546723 57 80 50 0 0.821567 0.102877 0.560752
-0.563013 0.899284 -5.424030 45 78 36 0 0.899781 0.119316 0.419711
-0.516273 0.912429 -5.503635 65 91 55 0 0.876746 0.118325 0.466172
-0.492173 0.711592 -5.523354 128 121 114 0 0.886318 -0.070518 0.457677
-0.398692 0.700637 -5.633631 52 75 42 0 0.811146 0.001363 0.584843
-0.611944 0.958439 -5.368526 45 53 44 0 0.810430 0.246383 0.531506
-0.544025 0.713783 -5.434985 53 83 46 0 0.893566 0.117166 0.433373
-0.370940 0.669234 -5.673069 51 84 41 0 0.915355 0.080009 0.394620
-0.592956 0.854734 -5.352459 78 98 67 0 0.889720 0.238344 0.389345
-0.336615 0.896362 -5.693517 49 83 47 0 0.660089 -0.276502 0.698448
-0.465881 1.181186 -5.594194 52 85 45 0 0.704306 -0.006946 0.709863
-0.329312 0.793388 -5.743909 16 21 14 0 0.964648 -0.030721 0.261745
-0.340997 0.792657 -5.712505 49 82 40 0 0.773712 0.001374 0.633537
-0.495824 0.766366 -5.516050 57 85 47 0 0.792878 0.001369 0.609379
-0.474645 0.797039 -5.545263 45 76 37 0 0.722019 0.038300 0.690812
-0.426444 1.176074 -5.630710 51 75 40 0 0.721813 -0.046982 0.690492
-0.435938 0.667043 -5.584700 55 85 48 0 0.725226 0.182456 0.663896
-0.492173 1.327980 -5.544533 56 87 47 0 0.887054 -0.047691 0.459197
-0.387007 0.764175 -5.651889 46 79 39 0 0.751975 0.120138 0.648152
-0.439590 0.810185 -5.589082 48 80 43 0 0.791246 0.070365 0.607436
-0.382625 0.642212 -5.639474 55 89 53 0 0.733395 0.311088 0.604447
-0.566665 1.136637 -5.450322 56 88 53 0 0.720462 0.159260 0.674959
-0.414029 1.227196 -5.646047 55 84 41 0 0.770863 -0.023783 0.636557
-0.473184 0.979618 -5.571554 62 90 54 0 0.722221 0.206571 0.660095
-0.480487 0.837937 -5.543072 60 84 52 0 0.760742 0.032342 0.648248
-0.350491 0.980349 -5.714696 53 71 47 0 0.779100 0.525290 0.342161
-0.470993 1.373259 -5.571554 61 87 52 0 0.749843 0.133206 0.648068
-0.331503 0.745917 -5.722000 19 36 13 0 0.600087 0.197983 0.775048
-0.617057 1.021977 -5.381672 9 19 13 0 0.675480 -0.373075 0.636036
-0.560822 0.987652 -5.446670 48 80 43 0 0.847295 0.006757 0.531080
-0.376052 1.092087 -5.706663 12 16 9 0 0.895622 -0.039057 0.443097
-0.517734 1.462358 -5.536499 19 25 16 0 0.746221 0.341546 0.571402
-0.473915 0.597663 -5.526275 15 29 17 0 0.529102 0.702687 0.475691
-0.530879 1.039505 -5.499983 53 83 44 0 0.876166 0.094530 0.472650
-0.372401 0.796309 -5.671608 48 81 41 0 0.738126 0.001380 0.674661
-0.473184 0.686031 -5.545993 46 76 37 0 0.726299 0.023882 0.686964
-0.525037 0.636370 -5.464198 44 73 35 0 0.947744 0.079522 0.308962
-0.344649 0.821140 -5.705933 41 73 29 0 0.839965 -0.054689 0.539877
-0.478296 0.935069 -5.557678 47 77 41 0 0.765461 0.119927 0.632208
-0.591496 1.060684 -5.396278 10 18 10 0 0.950645 0.023797 0.309367
-0.468802 1.247645 -5.582509 46 77 36 0 0.721603 -0.055949 0.690042
-0.514082 1.009562 -5.522623 57 87 44 0 0.854015 0.086680 0.512977
-0.341727 0.870071 -5.697899 50 84 38 0 0.718686 -0.199377 0.666137
-0.608293 0.906587 -5.356841 33 40 33 0 0.808331 0.308463 0.501450
-0.586383 1.106694 -5.425491 56 81 56 0 0.674900 0.182946 0.714871
-0.428635 0.779512 -5.600767 43 74 38 0 0.783814 0.070471 0.616984
-0.506779 1.331631 -5.518241 47 79 33 0 0.853449 -0.157719 0.496740
-0.598068 0.801421 -5.332741 16 19 14 0 0.942911 0.159193 0.292534
-0.546216 0.688952 -5.426951 45 80 35 0 0.880424 0.112002 0.460770
-0.448354 1.291464 -5.602958 46 79 33 0 0.788078 -0.023712 0.615119
-0.498015 1.216241 -5.551836 49 76 40 0 0.854015 -0.086680 0.512977
-0.433747 1.272475 -5.621216 50 80 42 0 0.848133 0.014975 0.529572
-0.506049 1.099391 -5.545263 46 76 38 0 0.839965 -0.054689 0.539877
-0.509700 0.625415 -5.508017 101 86 82 0 0.840197 -0.111351 0.530727
-0.458578 0.988382 -5.589812 61 89 52 0 0.675703 0.237835 0.697754
-0.506049 1.283430 -5.528466 55 88 43 0 0.886806 -0.093864 0.452509
-0.419871 0.745187 -5.609531 45 77 40 0 0.779285 0.015280 0.626484
-0.414029 0.919733 -5.626328 50 83 46 0 0.747024 0.079779 0.659992
-0.419871 1.070178 -5.643126 51 83 44 0 0.774362 -0.015293 0.632558
-0.490712 0.629066 -5.527735 65 89 59 0 0.579901 0.245403 0.776848
-0.465151 1.298767 -5.582509 46 79 34 0 0.797152 -0.064171 0.600359
-0.385546 0.996416 -5.678911 50 84 48 0 0.713341 0.301117 0.632829
-0.416950 0.828443 -5.618295 41 71 33 0 0.745103 0.023855 0.666523
-0.369479 0.704289 -5.674529 40 73 31 0 0.809344 -0.032039 0.586461
-0.544025 0.896362 -5.456894 50 84 39 0 0.894930 0.055848 0.442698
-0.443972 0.950406 -5.600037 54 85 49 0 0.770149 0.152221 0.619435
-0.458578 0.893441 -5.575936 49 82 42 0 0.785217 0.015233 0.619033
-0.555710 0.823331 -5.424030 49 81 39 0 0.907704 0.086513 0.410595
-0.511891 0.859116 -5.502174 50 84 36 0 0.842102 0.015013 0.539109
-0.415489 1.124951 -5.647507 48 82 44 0 0.751447 0.064656 0.656618
-0.533070 0.827713 -5.468580 74 102 67 0 0.867764 0.110079 0.484633
-0.441050 1.325789 -5.614643 22 24 17 0 0.876578 0.221749 0.427127
-0.429365 0.725468 -5.597116 51 76 41 0 0.777427 0.064428 0.625664
-0.509700 0.663391 -5.504365 76 88 61 0 0.892858 -0.022688 0.449766
-0.498745 0.869341 -5.521893 50 79 39 0 0.815954 0.093871 0.570445
-0.487060 1.175343 -5.570094 48 77 43 0 0.676182 0.086166 0.731679
-0.508970 1.424381 -5.535038 66 77 66 0 0.730063 0.420239 0.538895
-0.394310 1.154164 -5.668686 47 80 38 0 0.690492 -0.046982 0.721813
-0.526497 0.780972 -5.472961 46 79 36 0 0.825890 -0.006826 0.563790
-0.372401 1.011752 -5.703012 59 90 56 0 0.792017 0.299982 0.531715
-0.498745 1.373259 -5.533578 64 91 59 0 0.768270 0.079576 0.635161
-0.334424 0.847431 -5.711775 43 74 30 0 0.760970 -0.165560 0.627307
-0.515543 1.138097 -5.532117 49 82 39 0 0.865652 -0.006710 0.500602
-0.368749 0.851083 -5.671608 48 81 37 0 0.775222 -0.135925 0.616892
-0.468072 0.743726 -5.551836 47 81 38 0 0.767314 0.038154 0.640135
-0.453466 1.151243 -5.605879 49 81 43 0 0.715147 -0.032443 0.698221
-0.356334 0.714513 -5.692787 45 78 34 0 0.842102 0.015013 0.539109
-0.506049 1.061414 -5.543802 49 77 40 0 0.832034 0.023379 0.554231
-0.449814 1.057762 -5.606609 50 81 43 0 0.736777 0.055795 0.673829
-0.516273 1.308261 -5.506556 57 84 45 0 0.809633 -0.144100 0.568972
-0.392849 0.881756 -5.643856 48 79 40 0 0.745071 -0.032394 0.666198
-0.467342 1.132985 -5.592733 49 81 45 0 0.713975 -0.015369 0.700003
-0.561553 0.682380 -5.390436 50 83 39 0 0.944193 0.110533 0.310292
-0.443241 1.200174 -5.614643 54 83 42 0 0.683251 0.001380 0.730182
-0.549868 0.850352 -5.440828 51 84 40 0 0.887715 0.030982 0.459349
-0.535261 1.210399 -5.493411 48 81 37 0 0.872713 -0.062436 0.484224
-0.565934 0.799961 -5.398469 47 80 36 0 0.903820 -0.017103 0.427571
-0.521385 1.351350 -5.497792 12 19 12 0 0.531715 0.299982 0.792017
-0.399422 1.086975 -5.670147 46 78 36 0 0.823703 -0.118508 0.554500
-0.476106 1.090627 -5.581048 49 81 42 0 0.770919 0.032297 0.636114
-0.458578 0.791927 -5.564251 58 86 50 0 0.749730 0.079758 0.656920
-0.492173 1.137367 -5.567173 48 75 43 0 0.704844 0.079931 0.704844
-0.534531 1.108154 -5.499253 49 82 41 0 0.886622 0.056185 0.459070
-0.595877 0.750299 -5.339314 30 35 24 0 0.672407 -0.508078 0.538261
-0.377513 0.947485 -5.667956 50 80 47 0 0.604025 0.229436 0.763225
-0.385546 1.046077 -5.692057 50 84 39 0 0.878495 0.133715 0.458658
-0.579080 1.020516 -5.423300 52 85 43 0 0.770919 -0.032297 0.636114
-0.501667 0.960630 -5.531387 53 83 47 0 0.785194 0.142083 0.602730
-0.547677 1.200904 -5.475883 52 84 44 0 0.830730 -0.040354 0.555211
-0.514082 1.382753 -5.514590 13 21 13 0 0.805060 0.213149 0.553575
-0.541104 0.937990 -5.470040 50 82 41 0 0.830951 0.046086 0.554433
-0.584192 0.873723 -5.378020 56 88 43 0 0.869903 0.134164 0.474624
-0.530879 1.281970 -5.484647 31 41 27 0 0.853050 -0.095736 0.512973
-0.384086 0.926305 -5.657001 56 88 56 0 0.648661 0.165583 0.742846
-0.557901 1.050459 -5.455434 54 87 45 0 0.837737 0.031743 0.545150
-0.354143 0.908778 -5.678911 60 94 61 0 0.626334 0.055642 0.777567
-0.582001 0.772939 -5.361953 49 84 35 0 0.921899 0.001279 0.387428
-0.514812 1.257139 -5.518241 46 80 34 0 0.832196 -0.127243 0.539684
-0.590765 0.709401 -5.356111 18 21 16 0 0.507192 -0.204391 0.837246
-0.381895 0.687492 -5.656271 46 77 37 0 0.829527 0.087394 0.551586
-0.362906 0.824061 -5.683293 49 81 39 0 0.711181 -0.095313 0.696518
-0.495094 0.791197 -5.520432 73 94 63 0 0.814592 0.055059 0.577415
-0.524306 0.685301 -5.471501 44 76 33 0 0.900850 -0.009179 0.434034
-0.590765 0.984000 -5.406503 61 92 56 0 0.813669 0.069824 0.577120
-0.403804 0.663391 -5.621216 53 84 51 0 0.788782 0.190711 0.584339
-0.493633 1.411236 -5.549645 69 93 69 0 0.730075 0.268808 0.628278
-0.424983 1.026359 -5.633631 51 81 46 0 0.782598 -0.006901 0.622490
-0.587114 0.834285 -5.359032 47 81 35 0 0.913529 0.046677 0.404087
-0.425714 0.615921 -5.588352 49 82 42 0 0.777427 0.064428 0.625664
-0.476106 0.881756 -5.552566 53 84 46 0 0.748971 0.023799 0.662175
-0.582001 0.955518 -5.412345 60 91 57 0 0.816280 0.127957 0.563307
-0.529419 1.254218 -5.494141 53 86 41 0 0.873804 -0.174761 0.453790
-0.557901 1.095739 -5.460546 52 85 46 0 0.856281 -0.006742 0.516466
-0.415489 0.980349 -5.636552 45 76 41 0 0.740487 0.126643 0.660031
-0.530879 0.958439 -5.488298 50 82 45 0 0.789959 0.079429 0.607994
-0.507509 0.813106 -5.504365 53 87 41 0 0.785764 0.032215 0.617686
-0.539643 1.157816 -5.492680 51 84 41 0 0.881909 0.047856 0.468984
-0.481948 1.063605 -5.573015 48 77 40 0 0.710831 -0.038308 0.702318
-0.443241 0.861307 -5.588352 45 77 38 0 0.800761 0.079070 0.593742
-0.544025 0.805073 -5.443749 50 82 42 0 0.886318 0.070518 0.457677
-0.440320 1.232308 -5.616104 49 82 41 0 0.791075 -0.046700 0.609934
-0.528688 1.173152 -5.508747 44 77 35 0 0.852630 -0.040075 0.520975
-0.374592 1.068717 -5.716887 12 17 10 0 0.891494 0.126141 0.435117
-0.414759 0.699177 -5.611722 48 81 41 0 0.806665 0.001365 0.591008
-0.387007 0.846701 -5.651889 50 82 42 0 0.736777 -0.055795 0.673829
-0.582732 1.069448 -5.418918 52 84 45 0 0.847215 0.158206 0.507146
-0.487791 1.254948 -5.562060 55 83 48 0 0.824888 0.054993 0.562616
-0.514812 0.759063 -5.489759 46 80 33 0 0.822094 0.001359 0.569351
-0.562283 0.778781 -5.405772 64 94 56 0 0.920470 0.046355 0.388054
-0.552789 0.737884 -5.419649 43 76 33 0 0.873667 0.048004 0.484151
-0.318357 0.936530 -5.699360 13 17 13 0 0.571168 0.523992 0.631823
-0.524306 0.880295 -5.486107 56 90 42 0 0.847692 0.023281 0.529978
-0.492173 1.102312 -5.564251 59 80 54 0 0.788169 0.001371 0.615457
-0.370940 0.624685 -5.638013 57 84 57 0 0.332487 0.458549 0.824127
-0.542564 1.018325 -5.476613 49 82 42 0 0.839123 0.072167 0.539133
-0.542564 0.767827 -5.443018 49 80 41 0 0.893001 -0.014596 0.449818
-0.572507 1.184837 -5.441558 15 25 15 0 0.900904 -0.158479 0.404050
-0.573968 0.863498 -5.394818 58 90 45 0 0.894930 0.055848 0.442698
-0.470263 1.393708 -5.575936 43 54 34 0 0.736611 0.374022 0.563483
-0.517734 0.991304 -5.513129 52 85 42 0 0.853050 0.095736 0.512973
-0.517003 0.706480 -5.487568 52 79 38 0 0.847394 -0.040089 0.529449
-0.531610 0.648785 -5.448861 45 77 34 0 0.940955 0.094228 0.325154
-0.546946 1.142479 -5.478804 51 84 43 0 0.861144 0.039830 0.506798
-0.504588 1.039505 -5.541611 46 77 36 0 0.838757 0.126908 0.529511
-0.527958 1.091357 -5.509478 46 78 36 0 0.884928 -0.006634 0.465682
-0.563744 0.870071 -5.415267 50 84 41 0 0.901327 0.134421 0.411752
-0.577620 0.824061 -5.375829 50 86 38 0 0.883869 0.087968 0.459388
-0.376052 1.116188 -5.696438 19 26 13 0 0.850770 -0.206293 0.483358
-0.356334 0.862768 -5.683293 46 78 34 0 0.771307 -0.110608 0.626779
-0.395040 1.038774 -5.675259 48 83 38 0 0.831446 0.054867 0.552890
-0.406725 0.789006 -5.629250 45 77 39 0 0.791075 -0.046700 0.609934
-0.457848 0.646594 -5.558409 44 77 40 0 0.706003 0.055850 0.706003
-0.569586 1.001528 -5.434255 49 81 43 0 0.834745 0.001353 0.550634
-0.617057 1.001528 -5.383863 12 16 10 0 0.690783 0.213628 0.690783
-0.449814 1.338934 -5.601497 33 46 25 0 0.941184 -0.157092 0.299157
-0.348300 0.927766 -5.684023 57 87 59 0 0.554500 0.118508 0.823703
-0.387007 0.742996 -5.651889 41 73 34 0 0.791075 0.046700 0.609934
-0.382625 1.162928 -5.683293 39 49 30 0 0.947226 0.055416 0.315742
-0.378243 0.660470 -5.653350 54 88 49 0 0.779394 0.366299 0.508301
-0.451275 0.825522 -5.575206 46 78 40 0 0.807688 0.055166 0.587024
-0.495824 1.292194 -5.543802 50 81 40 0 0.822839 -0.087597 0.561483
-0.495094 0.661931 -5.524084 74 88 65 0 0.722019 -0.038300 0.690812
-0.441781 1.008101 -5.612452 48 77 41 0 0.769947 0.055710 0.635671
-0.419141 0.854734 -5.616104 44 75 38 0 0.760313 -0.006925 0.649520
-0.475375 1.344047 -5.564981 49 79 38 0 0.745088 -0.047013 0.665308
-0.565934 1.168771 -5.451782 55 85 51 0 0.766875 -0.015310 0.641614
-0.497285 1.344047 -5.533578 58 91 46 0 0.906456 -0.038715 0.420521
-0.433017 1.092818 -5.627059 47 78 41 0 0.768270 0.079576 0.635161
-0.598068 0.913160 -5.372908 67 98 61 0 0.752118 0.229857 0.617644
-0.579080 1.088436 -5.429142 56 88 53 0 0.816280 0.127957 0.563307
-0.390658 0.626875 -5.623407 53 87 50 0 0.640404 0.165805 0.749927
-0.544755 0.978888 -5.470771 58 89 51 0 0.842599 0.078150 0.532841
-0.499476 1.235229 -5.545993 47 80 37 0 0.839221 -0.117811 0.530876
-0.484139 1.024168 -5.566442 49 79 43 0 0.734433 0.023873 0.678262
-0.593687 0.930687 -5.385324 64 96 60 0 0.806262 0.189798 0.560284
-0.552789 1.032201 -5.461277 49 81 41 0 0.838455 0.006795 0.544928
-0.571047 0.757602 -5.386784 47 80 35 0 0.892654 -0.030874 0.449683
-0.562283 0.721817 -5.401391 43 76 34 0 0.860852 0.054063 0.505976
-0.355603 0.737153 -5.694248 48 82 39 0 0.841263 -0.040192 0.539129
-0.411838 0.878104 -5.625598 45 76 39 0 0.767314 0.038154 0.640135
-0.491442 1.005180 -5.556948 88 101 82 0 0.823027 0.078724 0.562521
-0.361446 0.663391 -5.689136 17 21 14 0 0.595588 0.602337 0.531474
-0.514812 1.414887 -5.518971 11 17 16 0 0.866254 0.482854 0.128281
-0.321278 0.885408 -5.707393 4 16 4 0 -0.340622 -0.047920 0.938978
-0.491442 1.193601 -5.564981 54 79 49 0 0.853161 0.031599 0.520689
-0.327121 0.840858 -5.728572 16 18 13 0 0.945907 -0.268894 -0.181538
-0.419871 0.653897 -5.600037 48 79 41 0 0.775341 0.104063 0.622911
-0.563013 0.917542 -5.430603 51 84 42 0 0.840197 0.111351 0.530727
-0.401613 0.681649 -5.627059 49 77 41 0 0.821872 0.031985 0.568774
-0.573238 0.906587 -5.409424 53 87 46 0 0.850770 0.206293 0.483358
-0.549868 1.181916 -5.473692 51 82 43 0 0.841410 -0.096038 0.531794
-0.462960 1.204556 -5.594924 48 82 40 0 0.721048 -0.070804 0.689258
-0.388468 0.809455 -5.652619 49 81 40 0 0.817161 -0.078711 0.571011
-0.465881 0.843049 -5.559869 49 82 41 0 0.773712 0.001374 0.633537
-0.516273 0.631988 -5.491220 69 89 66 0 0.952354 0.047046 0.301346
-0.411838 0.623224 -5.603688 48 82 43 0 0.731944 0.080034 0.676648
-0.419871 0.937990 -5.625598 54 84 51 0 0.781002 0.001373 0.624527
-0.569586 0.843049 -5.397008 49 84 37 0 0.913736 0.038459 0.404484
-0.582732 1.135906 -5.432794 60 86 57 0 0.744904 -0.055761 0.664837
-0.407456 0.962091 -5.641665 51 81 48 0 0.712674 0.133533 0.688668
-0.477566 1.293655 -5.567903 51 82 39 0 0.783587 -0.079369 0.616191
-0.510430 1.176074 -5.540151 50 80 41 0 0.865851 0.001334 0.500299
-0.450544 1.034392 -5.604419 51 82 43 0 0.765959 0.229320 0.600599
-0.541104 1.070178 -5.487568 59 89 51 0 0.878142 0.062231 0.474335
-0.419141 0.595472 -5.594924 18 34 19 0 0.698851 0.525389 0.485359
-0.571047 0.698447 -5.375829 61 92 51 0 0.881140 0.318903 0.349131
-0.537452 0.687492 -5.443749 46 79 35 0 0.883256 0.088186 0.460525
-0.586383 0.790466 -5.356111 51 84 39 0 0.908232 0.022409 0.417866
-0.521385 1.027819 -5.513859 49 82 40 0 0.823973 0.063819 0.563024
-0.428635 0.986922 -5.623407 48 80 42 0 0.763344 0.152067 0.627839
-0.549868 0.646594 -5.399199 17 27 17 0 0.877972 0.199204 0.435297
-0.341727 0.943103 -5.692787 49 80 52 0 0.490583 0.412350 0.767656
-0.472454 0.960630 -5.568633 54 87 47 0 0.783587 0.079369 0.616191
-0.500936 1.463819 -5.560600 39 53 29 0 0.751097 0.404185 0.522004
-0.428635 0.814567 -5.603688 47 79 42 0 0.791038 0.055387 0.609255
-0.538913 0.852543 -5.461277 54 84 45 0 0.816607 0.015148 0.576995
-0.467342 1.018325 -5.585430 54 89 49 0 0.802819 0.103449 0.587180
-0.355603 0.972315 -5.698629 58 89 59 0 0.713531 0.357582 0.602501
-0.389198 1.121300 -5.677450 42 75 30 0 0.736065 -0.079849 0.672185
-0.428635 1.236690 -5.629980 52 84 43 0 0.731638 0.006942 0.681659
-0.506779 0.904396 -5.517511 62 88 49 0 0.810785 0.040609 0.583933
-0.443972 0.648055 -5.572285 47 81 43 0 0.752966 0.032371 0.657262
-0.467342 0.662661 -5.548914 46 76 38 0 0.691199 0.086217 0.717503
-0.530879 0.740805 -5.462737 55 82 44 0 0.911923 0.063309 0.405449
-0.440320 0.606427 -5.567903 51 84 45 0 0.661564 0.269408 0.699823
-0.525767 1.214780 -5.508747 51 85 38 0 0.850998 -0.101890 0.515191
-0.468802 1.319216 -5.575206 57 89 43 0 0.728106 -0.070929 0.681785
-0.506779 0.711592 -5.502174 46 78 32 0 0.832034 -0.023379 0.554231
-0.357794 0.774399 -5.690596 49 81 41 0 0.769947 -0.055710 0.635671
-0.433017 0.912429 -5.607340 69 91 58 0 0.649175 0.213278 0.730127
-0.489251 1.432415 -5.565712 27 37 22 0 0.851432 0.173853 -0.494811
-0.525037 1.129333 -5.517511 47 79 36 0 0.841068 -0.031764 0.539996
-0.411107 1.004449 -5.649698 54 87 46 0 0.841663 0.136130 0.522563
-0.519925 0.620303 -5.471501 53 83 50 0 0.949627 0.229595 0.213293
-0.449084 1.271015 -5.603688 49 82 35 0 0.743806 -0.038253 0.667300
-0.515543 0.740075 -5.487568 53 88 40 0 0.852426 -0.006755 0.522804
-0.364367 1.019786 -5.718348 61 75 52 0 0.757650 0.420553 0.499100
-0.454196 0.742266 -5.567173 46 80 38 0 0.760720 -0.023816 0.648643
-0.466611 0.770018 -5.553297 40 68 31 0 0.803757 -0.006870 0.594918
-0.480487 0.671425 -5.537960 46 71 37 0 0.682884 0.015361 0.730365
-0.535261 0.757602 -5.456164 61 87 49 0 0.881525 0.064838 0.467664
-0.590765 1.025628 -5.406503 56 84 49 0 0.797967 -0.103575 0.593734
-0.547677 1.105233 -5.478804 47 79 40 0 0.851185 0.031627 0.523912
-0.377513 0.980349 -5.680372 55 86 54 0 0.735083 0.172691 0.655615
-0.484139 0.920463 -5.548914 67 89 61 0 0.726627 0.101698 0.679463
-0.553519 0.670694 -5.405772 49 82 40 0 0.879080 0.214952 0.425457
-0.524306 0.660470 -5.471501 44 77 33 0 0.923030 -0.062601 0.379601
-0.375322 1.032201 -5.708124 50 84 42 0 0.849805 0.268926 0.453332
-0.402344 1.177534 -5.657732 48 70 38 0 0.699842 -0.142978 0.699842
-0.489251 1.211129 -5.567903 55 81 45 0 0.837737 0.031743 0.545150
-0.474645 0.816028 -5.546723 47 78 38 0 0.740691 0.101606 0.664118
-0.446163 0.931418 -5.594194 53 85 49 0 0.752587 0.110892 0.649088
-0.546946 0.783894 -5.436446 47 81 35 0 0.903820 0.017103 0.427571
-0.436668 1.158546 -5.621946 51 83 44 0 0.627537 0.001373 0.778585
-0.561553 0.937990 -5.438637 54 87 47 0 0.819078 0.192279 0.540500
-0.508239 0.987652 -5.527735 51 81 40 0 0.831854 0.102716 0.545407
-0.514812 0.608618 -5.510938 107 50 48 0 0.444907 -0.371553 0.814866
-0.534531 0.800691 -5.462007 44 76 35 0 0.845402 0.071979 0.529258
-0.511161 0.644403 -5.502904 64 82 50 0 0.856700 -0.080448 0.509503
-0.360715 0.755411 -5.685484 43 74 33 0 0.843355 0.063357 0.533609
-0.542564 1.126412 -5.486107 47 81 39 0 0.856281 0.006742 0.516466
-0.525767 1.298037 -5.495601 26 44 20 0 0.829527 -0.087394 0.551586
-0.340267 0.771478 -5.712505 50 83 39 0 0.805563 0.023571 0.592041
-0.401613 0.767096 -5.634362 42 73 35 0 0.760742 0.032342 0.648248
-0.538913 0.879565 -5.464198 55 89 44 0 0.833699 0.111643 0.540817
-0.498745 0.693334 -5.515320 104 109 92 0 0.728534 -0.055821 0.682732
-0.557901 1.015404 -5.453973 53 85 46 0 0.854781 0.071819 0.513995
-0.466611 1.355001 -5.575936 50 69 38 0 0.799385 0.094301 0.593373
-0.409647 1.241802 -5.654810 19 27 13 0 0.903820 -0.017103 0.427571
-0.368749 0.639291 -5.652619 67 94 58 0 0.621763 0.588063 0.517293
-0.441781 1.306070 -5.612452 60 88 46 0 0.818815 -0.015138 0.573858
-0.456387 0.721817 -5.563521 49 82 41 0 0.697359 0.055846 0.714543
-0.443972 1.102312 -5.616104 50 81 46 0 0.721813 0.046982 0.690492
-0.351952 0.789006 -5.699360 43 76 34 0 0.791075 -0.046700 0.609934
-0.473184 1.230847 -5.579588 46 78 36 0 0.736314 -0.126951 0.664624
-0.574698 0.735693 -5.381672 44 75 35 0 0.861949 -0.006723 0.506950
-0.540373 0.664852 -5.434255 50 83 43 0 0.918887 0.149651 0.365037
-0.471724 1.279779 -5.576666 48 79 38 0 0.744653 -0.070850 0.663681
-0.514812 0.943103 -5.509478 56 90 45 0 0.837093 0.102295 0.537411
-0.573238 0.810185 -5.385324 46 81 34 0 0.888235 -0.006619 0.459341
-0.562283 1.081863 -5.451052 49 83 40 0 0.844552 0.086876 0.528379
-0.556440 1.141749 -5.464198 50 82 44 0 0.860606 0.048349 0.506970
-0.477566 1.184837 -5.581048 49 81 43 0 0.721048 0.070804 0.689258
-0.432287 0.953327 -5.612452 44 76 38 0 0.793494 0.079205 0.603401
-0.451275 0.908778 -5.584700 48 80 42 0 0.721603 0.055949 0.690042
-0.408916 1.079672 -5.657732 50 83 39 0 0.818186 -0.055111 0.572306
-0.481218 1.328710 -5.559869 52 83 45 0 0.707090 -0.006946 0.707090
-0.459308 0.612999 -5.550375 49 82 45 0 0.673896 0.220462 0.705167
-0.389198 1.078942 -5.684753 47 80 36 0 0.854899 -0.077718 0.512940
-0.396501 0.642942 -5.624137 51 85 48 0 0.782789 0.158368 0.601798
-0.582001 0.891250 -5.387515 57 89 49 0 0.845943 0.229331 0.481443
-0.409647 0.739344 -5.621946 45 78 39 0 0.767863 -0.006918 0.640577
-0.368749 0.873723 -5.669417 50 83 44 0 0.730283 -0.038287 0.682071
-0.595147 0.897093 -5.367796 62 91 55 0 0.792146 0.254674 0.554658
-0.455657 0.876644 -5.575206 51 78 42 0 0.752902 0.104611 0.649765
-0.529419 1.149052 -5.510208 48 81 40 0 0.822021 -0.040473 0.568018
-0.422062 1.200174 -5.636552 53 84 40 0 0.753067 0.046978 0.656264
-0.518464 0.624685 -5.522623 19 19 13 0 0.719739 -0.513624 -0.467082
-0.409647 1.052650 -5.656271 52 83 43 0 0.766185 0.181988 0.616312
-0.579080 0.791197 -5.371448 45 78 35 0 0.903778 0.022495 0.427409
-0.465881 0.699907 -5.552566 45 76 36 0 0.766973 -0.023750 0.641240
-0.524306 0.706480 -5.472231 56 82 46 0 0.892055 0.047522 0.449422
-0.492173 1.449942 -5.564981 17 19 13 0 0.858253 0.062799 0.509370
-0.377513 0.749569 -5.664305 41 72 33 0 0.805199 -0.040752 0.591603
-0.512621 1.208938 -5.532847 47 80 38 0 0.850086 -0.135606 0.508885
-0.485600 0.612999 -5.526275 47 76 47 0 0.540410 0.340378 0.769480
-0.491442 0.884677 -5.535038 113 118 101 0 0.797967 0.103575 0.593734
-0.433017 0.885408 -5.604419 48 79 43 0 0.777074 0.126293 0.616608
-0.404534 0.837207 -5.632171 44 75 35 0 0.752971 -0.023837 0.657622
-0.586383 0.724008 -5.364875 82 101 80 0 0.769719 0.070498 0.634479
-0.452735 0.842319 -5.575936 43 73 34 0 0.774362 0.015293 0.632558
-0.445432 0.967203 -5.600767 50 79 46 0 0.724140 0.095475 0.683012
-0.451275 1.074560 -5.606609 59 87 49 0 0.722107 0.032502 0.691018
-0.479027 1.130794 -5.580318 53 82 47 0 0.707312 0.143272 0.692231
-0.481948 0.972315 -5.559139 53 82 42 0 0.729163 0.126746 0.672500
-0.330772 0.793388 -5.727112 49 66 36 0 0.918071 -0.016881 0.396056
-0.397962 1.103772 -5.670147 49 82 39 0 0.775996 -0.079478 0.625710
-0.506049 0.748838 -5.502174 50 83 37 0 0.825621 -0.023432 0.563738
-0.399422 0.717435 -5.633631 46 79 41 0 0.809200 0.128234 0.573368
-0.392119 0.863498 -5.645316 59 89 49 0 0.697128 0.086228 0.711743
-0.420601 1.145400 -5.640204 41 73 31 0 0.700268 -0.104672 0.706165
-0.479757 0.754681 -5.537960 56 80 43 0 0.760313 0.006925 0.649520
-0.387007 0.726199 -5.651159 47 79 40 0 0.800939 0.070208 0.594615
-0.481948 1.046808 -5.572285 43 74 37 0 0.730182 0.001380 0.683251
-0.456387 1.257139 -5.597116 48 81 37 0 0.822094 0.001359 0.569351
-0.458578 1.238151 -5.594924 52 84 41 0 0.736618 -0.064869 0.673191
-0.443972 0.767827 -5.581048 47 80 41 0 0.765945 0.070680 0.639009
-0.473184 0.638561 -5.543802 43 74 40 0 0.648009 -0.055789 0.759587
-0.480487 0.708671 -5.536499 43 72 34 0 0.747364 -0.070833 0.660629
-0.487791 0.826982 -5.529926 99 106 92 0 0.856563 0.040001 0.514490
-0.579080 1.119839 -5.435715 62 91 62 0 0.673271 0.133455 0.727252
-0.409647 1.035853 -5.655541 54 86 48 0 0.817938 0.112266 0.564246
-0.338076 0.912429 -5.689136 51 83 52 0 0.442483 -0.136039 0.886398
-0.564474 0.699177 -5.391166 55 88 45 0 0.904826 0.207024 0.372064
-0.550598 0.705750 -5.420379 42 75 33 0 0.879853 0.006655 0.475200
-0.556440 0.965742 -5.452513 53 84 48 0 0.817161 0.078711 0.571011
-0.495824 1.388596 -5.539421 65 94 63 0 0.849263 0.229407 0.475526
-0.511161 1.441179 -5.540151 77 87 70 0 0.849004 0.245403 0.467943
-0.544025 0.912429 -5.461277 51 85 41 0 0.830580 0.063673 0.553248
-0.508970 0.832094 -5.503635 53 88 39 0 0.799478 0.088188 0.594187
-0.555710 0.862037 -5.430603 46 78 36 0 0.907704 0.086513 0.410595
-0.468802 1.165119 -5.591273 52 84 46 0 0.577120 -0.069824 0.813669
-0.324200 0.902935 -5.705202 26 41 14 0 0.858805 0.351259 -0.372922
-0.467342 0.934339 -5.570094 47 81 42 0 0.694534 0.101747 0.712229
-0.603181 0.947485 -5.377290 59 89 52 0 0.827037 0.182280 0.531774
-0.533801 0.631988 -5.440828 50 78 39 0 0.929121 0.062295 0.364491
-0.514812 1.241072 -5.521893 48 81 38 0 0.846863 -0.102084 0.521921
-0.517003 0.818218 -5.491950 55 85 44 0 0.815008 -0.006849 0.579409
-0.493633 0.925575 -5.536499 73 91 68 0 0.765978 0.055630 0.640455
-0.396501 0.919733 -5.644586 48 79 46 0 0.657607 0.120240 0.743704
-0.535991 0.640021 -5.410154 17 23 18 0 0.751187 0.609453 -0.253545
-0.537452 0.648785 -5.432794 51 86 45 0 0.951132 0.134356 0.278023
-0.347570 0.886138 -5.686944 50 83 42 0 0.635761 -0.223376 0.738858
-0.446163 1.216971 -5.610991 47 80 40 0 0.560008 0.001356 0.828486
-0.397231 0.613730 -5.616104 54 84 53 0 0.516800 0.252968 0.817878
-0.470993 1.058493 -5.583970 51 82 41 0 0.746320 0.015345 0.665410
-0.527228 0.851083 -5.478074 44 78 32 0 0.807688 0.055166 0.587024
-0.479027 0.736423 -5.539421 46 77 39 0 0.738398 0.015354 0.674190
-0.590765 0.745187 -5.353920 57 83 52 0 0.854207 -0.212422 0.474560
-0.458578 0.940912 -5.582509 51 83 46 0 0.744653 0.070850 0.663681
-0.467342 1.116188 -5.592733 50 81 46 0 0.788078 0.023712 0.615119
-0.524306 0.905126 -5.490489 53 85 44 0 0.832196 0.127243 0.539684
-0.380434 0.785354 -5.662844 43 74 34 0 0.785005 -0.006898 0.619451
-0.584192 0.939451 -5.403582 58 89 55 0 0.844663 0.180892 0.503808
-0.533070 0.718165 -5.457625 42 74 31 0 0.879687 0.014728 0.475325
-0.561553 0.762714 -5.405042 41 74 32 0 0.890404 0.047579 0.452678
-0.416220 1.175343 -5.643856 112 117 110 0 0.759556 0.104310 0.642023
-0.492173 1.121300 -5.566442 71 92 63 0 0.743806 0.038253 0.667300
-0.605372 0.994955 -5.393357 61 87 59 0 0.683379 0.189742 0.704976
-0.392119 1.010292 -5.673799 52 85 47 0 0.760271 0.198935 0.618395
-0.429365 1.257869 -5.626328 50 82 41 0 0.682071 -0.038287 0.730283
-0.465881 0.805803 -5.555487 43 74 34 0 0.778339 0.094919 0.620627
-0.473184 0.863498 -5.553297 61 83 53 0 0.751975 0.120138 0.648152
-0.360715 0.943103 -5.678911 58 89 58 0 0.674900 0.182946 0.714871
-0.535991 1.027089 -5.488298 52 84 45 0 0.857515 0.071576 0.509456
-0.500936 1.078942 -5.551836 73 92 66 0 0.834066 -0.078416 0.546064
-0.389928 1.137367 -5.675990 51 84 40 0 0.740691 -0.101606 0.664118
-0.601720 1.016134 -5.399930 63 88 58 0 0.609733 -0.032239 0.791951
-0.373861 0.815297 -5.670147 44 76 32 0 0.773712 0.001374 0.633537
-0.422062 0.763445 -5.608070 53 83 46 0 0.821309 0.046330 0.568599
-0.441781 0.680919 -5.579588 45 77 39 0 0.767863 0.006918 0.640577
-0.489982 0.847431 -5.529926 87 100 80 0 0.825166 0.102964 0.555428
-0.501667 0.917542 -5.524814 52 83 38 0 0.793494 0.079205 0.603401
-0.517003 1.065066 -5.525544 48 83 38 0 0.879172 0.031157 0.475485
-0.540373 1.000067 -5.478804 49 82 42 0 0.819568 0.069841 0.568709
-0.432287 1.015404 -5.624867 51 79 42 0 0.773740 0.046850 0.631769
-0.563013 0.832825 -5.410885 54 87 45 0 0.899781 0.119316 0.419711
-0.556440 0.893441 -5.437176 54 85 45 0 0.879713 0.088392 0.467216
-0.431556 1.051190 -5.627059 45 76 38 0 0.783814 0.070471 0.616984
-0.485600 0.806533 -5.532847 120 125 112 0 0.856281 0.006742 0.516466
-0.392119 1.193601 -5.666495 39 47 32 0 0.712351 0.166266 0.681844
-0.437399 0.741535 -5.586891 42 73 36 0 0.785217 0.015233 0.619033
-0.330042 0.927766 -5.692057 50 81 53 0 0.380151 0.166583 0.909800
-0.587844 0.764175 -5.346617 51 81 36 0 0.967893 -0.142677 0.206947
-0.582001 0.697716 -5.361953 12 16 11 0 0.350003 -0.048142 0.935511
-0.380434 1.054111 -5.716887 28 31 24 0 0.915673 0.174617 -0.362010
-0.450544 0.800691 -5.574476 54 81 46 0 0.770863 0.023783 0.636557
-0.549868 1.086245 -5.472961 49 81 42 0 0.896178 0.014561 0.443456
-0.489251 1.157086 -5.568633 40 69 31 0 0.767241 -0.032379 0.640541
-0.460769 1.050459 -5.594194 55 86 49 0 0.744904 0.055761 0.664837
-0.497285 0.724008 -5.515320 64 89 53 0 0.721813 -0.046982 0.690492
-0.597338 0.970855 -5.394818 74 102 73 0 0.793488 0.125599 0.595485
-0.500936 1.176804 -5.554027 76 95 72 0 0.769635 -0.158766 0.618430
-0.422792 0.792657 -5.608070 45 78 41 0 0.730182 0.001380 0.683251
-0.499476 1.275397 -5.540151 48 81 33 0 0.807995 -0.064127 0.585689
-0.546216 1.165849 -5.480995 52 85 44 0 0.884928 0.006634 0.465682
-0.482678 1.405393 -5.562060 63 91 54 0 0.798544 -0.254721 0.545385
-0.465881 1.148322 -5.594924 54 84 44 0 0.618202 0.023723 0.785661
-0.559362 1.111076 -5.458355 48 80 43 0 0.879172 0.031157 0.475485
-0.513352 1.030010 -5.527005 56 91 44 0 0.851533 0.071782 0.519365
-0.474645 1.074560 -5.581779 53 86 46 0 0.672455 0.095228 0.733987
-0.489982 1.344777 -5.548914 56 85 50 0 0.856301 -0.023143 0.515959
-0.345379 0.743726 -5.707393 44 75 32 0 0.784732 -0.040857 0.618487
-0.406725 1.118379 -5.659193 56 88 49 0 0.616897 -0.085640 0.782371
-0.346109 0.713053 -5.707393 25 37 20 0 0.626858 0.325577 0.707848
-0.433747 0.971585 -5.614643 51 82 46 0 0.727252 0.133455 0.673271
-0.550598 1.222084 -5.467849 51 79 45 0 0.817938 -0.112266 0.564246
-0.466611 1.097930 -5.592733 55 88 51 0 0.591564 0.055326 0.804357
-0.361446 0.839398 -5.681832 48 82 37 0 0.753067 -0.046978 0.656264
-0.568125 0.975237 -5.435715 50 81 43 0 0.822094 0.001359 0.569351
-0.462230 0.600584 -5.541611 58 89 54 0 0.716786 0.223312 0.660567
-0.506779 1.017595 -5.534308 49 82 37 0 0.831446 0.054867 0.552890
-0.363637 0.997876 -5.707393 61 91 60 0 0.776308 0.315325 0.545817
-0.377513 0.725468 -5.663574 42 74 35 0 0.779890 0.038078 0.624758
-0.431556 0.849622 -5.602228 46 78 41 0 0.748548 0.001379 0.663079
-0.523576 1.058493 -5.513129 49 82 39 0 0.863348 0.071363 0.499538
-0.420601 1.085514 -5.641665 50 82 43 0 0.722107 -0.032502 0.691018
-0.468802 1.262981 -5.581048 49 81 39 0 0.769772 -0.040960 0.637004
-0.378243 0.889059 -5.658462 46 80 40 0 0.703767 -0.133551 0.697765
-0.552058 0.948945 -5.455434 47 78 40 0 0.799478 0.088188 0.594187
-0.362176 0.726199 -5.684753 50 83 43 0 0.811146 0.001363 0.584843
-0.445432 0.664122 -5.573015 46 78 41 0 0.747927 0.120441 0.652763
-0.515543 0.802152 -5.491220 50 79 39 0 0.829527 0.087394 0.551586
-0.414759 1.210399 -5.645316 51 85 41 0 0.722107 -0.032502 0.691018
-0.533801 0.927766 -5.478804 47 80 38 0 0.823898 0.072571 0.562072
-0.517734 1.185568 -5.527005 51 83 39 0 0.888122 0.014647 0.459374
-0.386277 0.830634 -5.652619 50 82 41 0 0.673945 -0.023819 0.738397
-0.424253 0.696986 -5.600037 48 79 42 0 0.683195 0.111149 0.721727
-0.452735 0.999337 -5.598576 48 78 42 0 0.753067 0.046978 0.656264
-0.448354 0.886138 -5.585430 59 84 50 0 0.664767 0.244748 0.705821
-0.603181 0.962091 -5.383863 68 95 65 0 0.769855 0.301248 0.562648
-0.551328 0.910238 -5.448131 55 88 45 0 0.859618 0.119511 0.496764
-0.393580 1.061414 -5.681102 45 78 34 0 0.844534 -0.006778 0.535459
-0.499476 1.322137 -5.532117 61 95 45 0 0.840197 -0.111351 0.530727
-0.513352 1.288543 -5.516050 58 90 45 0 0.823973 -0.063819 0.563024
-0.468072 1.219162 -5.587621 46 80 40 0 0.744653 -0.070850 0.663681
-0.411838 0.683110 -5.615373 48 79 40 0 0.759524 0.046849 0.648790
-0.514082 1.338934 -5.507287 60 76 47 0 0.778406 0.032258 0.626932
-0.519194 1.223544 -5.518971 52 83 42 0 0.876166 -0.094530 0.472650
-0.457848 1.165119 -5.601497 52 83 42 0 0.807343 -0.119116 0.577934
-0.483409 0.986922 -5.562060 49 77 45 0 0.791038 0.055387 0.609255
-0.439590 1.124951 -5.621216 42 73 35 0 0.722019 -0.038300 0.690812
-0.565204 0.886868 -5.415997 48 82 38 0 0.903172 0.047110 0.426685
-0.476106 1.362304 -5.562790 50 73 37 0 0.782598 -0.006901 0.622490
-0.552058 0.804342 -5.429142 48 82 37 0 0.904023 0.072267 0.421332
-0.516273 0.897823 -5.500714 48 81 40 0 0.830599 0.112007 0.545490
-0.512621 0.924845 -5.510938 44 76 33 0 0.805563 0.023571 0.592041
-0.351952 0.698447 -5.699360 19 39 16 0 0.786712 0.135332 0.602303
-0.515543 0.675807 -5.489028 64 85 49 0 0.931838 0.001264 0.362873
-0.530879 1.266633 -5.486107 59 87 47 0 0.864145 -0.134615 0.484905
-0.530879 0.685301 -5.456894 48 80 38 0 0.911029 0.030412 0.411219
-0.536722 0.730580 -5.450322 46 78 33 0 0.896054 0.022634 0.443367
-0.503127 1.138828 -5.550375 45 75 35 0 0.775292 -0.006910 0.631566
-0.533801 0.774399 -5.460546 55 84 46 0 0.900358 0.038913 0.433406
-0.566665 1.049729 -5.441558 49 81 40 0 0.815569 0.001362 0.578659
-0.453466 0.688222 -5.566442 51 77 42 0 0.767241 -0.032379 0.640541
-0.479027 0.949676 -5.559869 47 80 41 0 0.730311 0.111102 0.674019
-0.494363 1.313373 -5.543802 56 87 44 0 0.876393 0.006670 0.481550
-0.481218 0.905856 -5.550375 52 81 46 0 0.759264 0.110572 0.641320
-0.541104 1.218432 -5.482456 53 84 45 0 0.843658 -0.023321 0.536374
-0.578350 0.920463 -5.405042 55 86 51 0 0.849150 0.190198 0.492717
-0.520655 1.265903 -5.507287 46 78 34 0 0.870070 -0.127994 0.476022
-0.422062 1.101581 -5.641665 48 80 40 0 0.776245 -0.070568 0.626469
-0.443241 0.697716 -5.577397 46 76 37 0 0.767314 0.038154 0.640135
-0.419871 0.639291 -5.597846 47 81 41 0 0.729246 0.104599 0.676210
-0.538182 1.172422 -5.494141 52 84 43 0 0.845402 -0.071979 0.529258
-0.457117 0.777321 -5.565712 45 76 39 0 0.767207 0.064531 0.638144
-0.568125 1.197253 -5.448131 38 50 35 0 0.745071 -0.032394 0.666198
-0.611944 0.971585 -5.375099 39 47 37 0 0.869789 0.220067 0.441631
-0.554980 1.206747 -5.462737 56 85 49 0 0.879960 0.001323 0.475046
-0.435208 0.714513 -5.587621 50 79 42 0 0.785217 0.015233 0.619033
-0.340997 0.941642 -5.707393 19 24 14 0 0.993097 -0.039098 -0.110592
-0.557171 1.173152 -5.462737 55 87 47 0 0.839965 -0.054689 0.539877
-0.548407 1.061414 -5.472231 52 85 43 0 0.869032 0.071141 0.489615
-0.545486 0.867150 -5.453243 52 83 43 0 0.851663 0.023240 0.523574
-0.537452 0.817488 -5.459085 52 84 43 0 0.849506 0.071849 0.522664
-0.416220 1.025628 -5.645316 51 83 44 0 0.765107 0.126280 0.631399
-0.590035 1.044617 -5.404312 60 86 48 0 0.847185 -0.031683 0.530352
-0.552058 0.837937 -5.433525 44 77 33 0 0.892654 0.030874 0.449683
-0.498015 0.946754 -5.533578 47 73 38 0 0.807995 0.064127 0.585689
-0.395040 0.968664 -5.657001 52 82 48 0 0.755307 0.110857 0.645928
-0.486330 0.787545 -5.531387 136 137 128 0 0.854025 0.014935 0.520018
-0.568125 0.666313 -5.381672 17 22 16 0 0.570323 -0.600785 0.560169
-0.519925 0.862037 -5.490489 50 85 36 0 0.819568 0.069841 0.568709
-0.552058 0.687492 -5.413806 46 79 33 0 0.881909 0.047856 0.468984
-0.462960 0.627606 -5.549645 53 77 48 0 0.698592 0.213156 0.683033
-0.372401 0.965012 -5.679641 57 86 56 0 0.565409 0.269317 0.779603
-0.411107 0.943103 -5.635822 57 86 55 0 0.721280 0.064786 0.689607
-0.561553 0.816758 -5.409424 48 81 38 0 0.896251 0.001308 0.443546
-0.397231 1.024898 -5.668686 55 86 49 0 0.814215 0.196325 0.546361
-0.452005 1.191410 -5.607340 51 82 43 0 0.769947 0.055710 0.635671
-0.595147 0.846701 -5.340774 10 17 9 0 0.937128 0.072492 0.341373
-0.402344 0.867150 -5.635822 50 82 42 0 0.702951 0.001381 0.711237
-0.335885 0.732771 -5.717618 20 32 14 0 0.554953 0.015073 0.831745
-0.506779 1.245454 -5.532847 51 84 39 0 0.814215 -0.196325 0.546361
-0.545486 1.251296 -5.470040 16 25 12 0 0.696904 -0.126845 0.705858
-0.570316 1.081133 -5.439367 56 89 47 0 0.774362 0.015293 0.632558
-0.489982 0.944563 -5.545263 101 113 92 0 0.840584 0.048790 0.539479
-0.370940 0.653897 -5.663574 53 86 46 0 0.846881 0.338440 0.410184
-0.405265 0.821140 -5.631440 43 75 35 0 0.735490 0.001380 0.677534
-0.495094 1.265172 -5.548914 50 82 38 0 0.845611 -0.117486 0.520711
-0.530149 0.973776 -5.490489 48 82 41 0 0.814564 0.046426 0.578214
-0.364367 0.792657 -5.682562 48 81 41 0 0.855991 0.048557 0.514705
-0.387007 0.955518 -5.661383 52 83 53 0 0.759264 0.110572 0.641320
-0.349030 0.990573 -5.724191 23 36 21 0 0.745917 0.380303 0.546788
-0.438129 0.593281 -5.563521 13 21 14 0 0.531093 0.571557 0.625510
-0.593687 1.099391 -5.415997 64 74 60 0 0.696391 0.286561 0.657969
-0.390658 0.702828 -5.645316 47 79 39 0 0.815569 0.001362 0.578659
-0.370940 0.690413 -5.673069 41 74 30 0 0.871091 -0.006690 0.491076
-0.538913 1.049729 -5.487568 58 90 51 0 0.853595 0.119879 0.506957
-0.422792 0.913160 -5.616834 46 76 41 0 0.738435 -0.038268 0.673238
-0.598799 0.815297 -5.334201 31 38 28 0 0.911128 -0.016994 0.411772
-0.446163 0.747378 -5.577397 42 75 34 0 0.783674 0.055469 0.618690
-0.422062 0.715244 -5.605149 42 71 35 0 0.785555 0.103863 0.610012
-0.376052 1.000798 -5.693517 52 85 51 0 0.791071 0.261602 0.552966
-0.443241 1.025628 -5.612452 50 82 44 0 0.775292 0.006910 0.631566
-0.426444 0.835746 -5.607340 57 86 48 0 0.705858 0.126845 0.696904
-0.463690 1.000798 -5.586161 49 81 45 0 0.738223 0.095397 0.667777
-0.326391 0.918272 -5.701551 30 52 11 0 0.887294 0.260969 -0.380269
-0.511161 1.194332 -5.537960 46 77 38 0 0.854015 -0.086680 0.512977
-0.521385 1.452133 -5.527005 10 16 9 0 0.830533 0.191429 0.523040
-0.407456 1.149052 -5.655541 48 82 43 0 0.745520 -0.086078 0.660901
-0.435208 0.625415 -5.580318 49 83 42 0 0.769543 0.085828 0.632800
-0.403804 0.753951 -5.630710 45 77 38 0 0.830580 0.063673 0.553248
-0.495094 1.359383 -5.538690 56 86 49 0 0.884345 0.031053 0.465800
-0.590035 0.805073 -5.350999 52 84 38 0 0.881909 0.047856 0.468984
-0.364367 0.905856 -5.670147 49 81 45 0 0.618202 -0.023723 0.785661
-0.500936 0.626145 -5.518971 93 97 82 0 0.706905 0.023891 0.706905
-0.406725 0.889790 -5.630710 46 79 38 0 0.695574 0.023888 0.718057
-0.589305 0.965012 -5.404312 57 88 53 0 0.798013 0.174140 0.576932
-0.361446 0.702828 -5.687675 47 78 34 0 0.830580 -0.063673 0.553248
-0.465881 0.917542 -5.570094 50 82 42 0 0.744904 0.055761 0.664837
-0.442511 1.185568 -5.616104 55 85 47 0 0.585930 0.181106 0.789865
-0.348300 0.808724 -5.701551 46 79 35 0 0.788962 -0.015252 0.614253
-0.525037 0.984000 -5.499983 49 82 39 0 0.872030 0.079784 0.482906
-0.338076 0.883217 -5.697169 43 78 36 0 0.696391 -0.286561 0.657969
-0.513352 1.092818 -5.535769 49 80 39 0 0.813603 0.063896 0.577899
-0.560092 1.002989 -5.448861 47 78 40 0 0.828358 0.015061 0.559997
-0.419871 0.871532 -5.616834 50 82 46 0 0.658511 0.095330 0.746508
-0.411107 0.658279 -5.610991 51 84 48 0 0.650174 0.142648 0.746274
-0.366558 0.650976 -5.678181 19 23 15 0 0.874206 -0.436358 -0.212967
-0.507509 1.459437 -5.549645 99 120 84 0 0.736062 0.325161 0.593703
-0.511161 1.149052 -5.538690 46 76 34 0 0.823898 0.072571 0.562072
-0.560822 1.067257 -5.452513 53 86 43 0 0.847394 0.040089 0.529449
-0.500936 0.828443 -5.513859 50 84 40 0 0.817129 0.072729 0.571848
-0.501667 0.786815 -5.509478 55 86 43 0 0.802426 0.032097 0.595888
-0.443972 0.843049 -5.586161 48 81 43 0 0.742779 0.086098 0.663978
-0.351221 0.826982 -5.695708 43 75 33 0 0.774720 -0.085757 0.626462
-0.439590 1.291464 -5.614643 45 76 34 0 0.831745 -0.015073 0.554953
-0.580541 0.992764 -5.420379 56 87 50 0 0.805345 -0.015195 0.592612
-0.473915 1.030741 -5.578127 52 85 47 0 0.718114 0.006945 0.695890
-0.535261 0.900014 -5.472231 52 86 41 0 0.811440 0.023580 0.583960
-0.524306 0.822600 -5.481725 62 88 51 0 0.834066 0.078416 0.546064
-0.498015 0.676537 -5.518241 127 120 113 0 0.871459 -0.085879 0.482892
-0.517734 1.427303 -5.522623 9 19 14 0 0.838994 0.317162 0.442151
-0.524306 1.250566 -5.505826 48 82 38 0 0.857515 -0.071576 0.509456
-0.524306 1.185568 -5.515320 50 83 38 0 0.862574 -0.080207 0.499533
-0.487791 1.378371 -5.551836 55 83 51 0 0.718114 -0.006945 0.695890
-0.499476 0.979618 -5.537960 52 79 45 0 0.830599 0.112007 0.545490
-0.336615 0.825522 -5.715427 44 78 31 0 0.825010 -0.143673 0.546550
-0.368749 0.717435 -5.675259 36 67 25 0 0.815934 -0.023550 0.577665
-0.459308 1.084054 -5.598576 48 81 43 0 0.745088 0.047013 0.665308
-0.378973 1.079672 -5.703012 49 72 33 0 0.894132 -0.221698 0.389072
-0.541104 0.964282 -5.475883 64 92 57 0 0.816019 0.134282 0.562212
-0.428635 1.286352 -5.630710 33 43 27 0 0.855735 0.323415 0.403882
-0.495824 0.753220 -5.516050 55 82 45 0 0.820417 -0.063763 0.568199
-0.471724 1.306800 -5.572285 46 80 33 0 0.745520 -0.086078 0.660901
-0.612675 0.946754 -5.362684 30 38 30 0 0.854015 0.086680 0.512977
-0.390658 0.989113 -5.669417 52 83 47 0 0.743326 0.275365 0.609623
-0.495094 0.640751 -5.524084 81 94 72 0 0.658324 0.038225 0.751763
-0.401613 1.197253 -5.658462 57 88 53 0 0.626462 0.085757 0.774720
-0.538913 1.199444 -5.487568 47 79 37 0 0.857515 -0.071576 0.509456
-0.464420 0.680919 -5.554027 97 107 84 0 0.713510 0.079925 0.696072
-0.346839 0.969394 -5.708854 57 84 55 0 0.794530 0.452866 0.404517
-0.432287 0.803612 -5.597846 43 75 36 0 0.816001 0.087788 0.571345
-0.457848 1.115457 -5.601497 48 79 42 0 0.584709 0.151037 0.797059
-0.405995 1.209668 -5.654810 57 82 47 0 0.802426 0.032097 0.595888
-0.491442 1.064335 -5.564251 54 78 48 0 0.672779 0.070895 0.736439
-0.567395 0.934339 -5.427682 47 79 38 0 0.828614 0.093669 0.551929
-0.338076 0.759063 -5.715427 50 82 39 0 0.767314 -0.038154 0.640135
-0.481218 1.265172 -5.566442 52 82 43 0 0.730168 -0.149662 0.666675
-0.405995 0.914620 -5.635092 46 78 42 0 0.715531 0.095502 0.692023
-0.589305 0.901475 -5.378751 57 89 49 0 0.844356 0.197167 0.498185
-0.385546 0.938721 -5.659923 54 84 55 0 0.627623 0.222705 0.745984
-0.453466 1.203826 -5.604419 46 78 36 0 0.688218 -0.086210 0.720364
-0.447623 1.141019 -5.610991 44 76 38 0 0.626334 -0.055642 0.777567
-0.441050 0.880295 -5.594194 44 74 39 0 0.812787 0.006853 0.582520
-0.341727 0.973046 -5.720539 40 50 36 0 0.871596 0.461433 0.165530
-0.379704 1.043886 -5.705202 58 89 48 0 0.928352 0.008939 0.371596
-0.414759 0.902935 -5.625598 49 81 44 0 0.736618 0.064869 0.673191
-0.429365 1.067987 -5.630710 48 81 41 0 0.763333 0.070706 0.642124
-0.586383 0.924845 -5.394087 57 88 52 0 0.856277 0.157155 0.492029
-0.581271 0.734962 -5.370717 46 76 40 0 0.825728 -0.046263 0.562168
-0.593687 0.791197 -5.342235 62 86 46 0 0.858603 0.150658 0.490003
-0.509700 1.314834 -5.515320 53 85 38 0 0.886622 -0.056185 0.459070
-0.422792 1.266633 -5.632901 56 79 47 0 0.694534 0.101747 0.712229
-0.382625 0.631257 -5.632901 55 88 52 0 0.562676 0.404269 0.721084
-0.466611 0.870071 -5.562060 58 81 47 0 0.708955 0.156365 0.687701
-0.449814 1.230847 -5.605879 47 81 39 0 0.729246 -0.104599 0.676210
-0.532340 1.126412 -5.505095 49 82 40 0 0.892858 0.022688 0.449766
-0.514812 0.848161 -5.496332 51 84 36 0 0.845402 0.071979 0.529258
-0.571777 1.097200 -5.440097 60 92 54 0 0.779667 0.126232 0.613338
-0.479757 0.694065 -5.538690 41 70 32 0 0.689258 -0.070804 0.721048
-0.384816 0.656818 -5.643126 62 94 60 0 0.696391 0.286561 0.657969
-0.512621 1.395899 -5.519702 10 19 10 0 0.745004 0.229593 0.626303
-0.454196 0.976697 -5.592003 51 82 48 0 0.775996 0.079478 0.625710
-0.539643 1.101581 -5.489759 50 83 42 0 0.861614 0.031406 0.506591
-0.532340 1.006640 -5.491220 52 83 45 0 0.844552 0.086876 0.528379
-0.433747 0.654628 -5.583970 47 78 41 0 0.751320 0.070662 0.656144
-0.395771 0.751029 -5.640934 45 77 39 0 0.773429 0.032285 0.633061
-0.535991 1.083323 -5.495601 52 84 42 0 0.823027 0.078724 0.562521
-0.574698 0.956248 -5.422570 56 86 50 0 0.821621 0.159552 0.547250
-0.503127 1.384214 -5.529196 61 86 56 0 0.776245 0.070568 0.626469
-0.511891 0.964282 -5.517511 65 94 58 0 0.855834 0.095409 0.508374
-0.397231 0.804342 -5.641665 40 72 33 0 0.832241 -0.006810 0.554373
-0.478296 1.392978 -5.564981 66 88 56 0 0.830141 0.149455 0.537150
-0.312515 0.894171 -5.705202 13 21 9 0 0.784632 -0.356065 0.507514
-0.592226 0.872992 -5.362684 78 106 69 0 0.854193 0.228289 0.467160
-0.491442 0.859847 -5.530657 80 99 72 0 0.812655 0.094158 0.575088
-0.453466 0.661200 -5.563521 46 77 41 0 0.703437 0.101755 0.703437
-0.437399 1.175343 -5.621216 54 86 47 0 0.694569 0.001381 0.719425
-0.514082 1.370338 -5.510938 9 19 8 0 0.816001 0.087788 0.571345
-0.507509 1.347698 -5.515320 56 79 40 0 0.847394 0.040089 0.529449
-0.528688 1.025628 -5.501444 58 87 50 0 0.856776 0.086386 0.508401
-0.490712 0.775130 -5.523354 93 104 82 0 0.810216 0.072877 0.581583
-0.458578 1.346968 -5.587621 57 84 42 0 0.858436 0.001339 0.512919
-0.364367 0.808724 -5.682562 43 75 32 0 0.806037 0.006866 0.591826
-0.590765 1.118379 -5.426221 67 88 64 0 0.619451 -0.006898 0.785005
-0.396501 0.775860 -5.641665 51 84 44 0 0.798609 0.023611 0.601387
-0.500206 1.004449 -5.542342 50 76 40 0 0.791246 0.070365 0.607436
-0.490712 0.973776 -5.550375 109 115 97 0 0.841663 0.136130 0.522563
-0.464420 0.978158 -5.580318 53 82 45 0 0.721462 0.133493 0.679464
-0.371670 0.781703 -5.673799 43 75 34 0 0.773712 0.001374 0.633537
-0.397231 1.116188 -5.669417 52 84 44 0 0.791075 -0.046700 0.609934
-0.381895 0.675076 -5.655541 49 83 42 0 0.826157 0.096601 0.555097
-0.546216 0.759063 -5.434985 54 84 44 0 0.879713 0.088392 0.467216
-0.508239 0.679458 -5.504365 51 77 37 0 0.848824 -0.077939 0.522898
-0.479027 0.629066 -5.536499 66 94 62 0 0.619788 0.358136 0.698284
-0.574698 0.766366 -5.378751 46 80 32 0 0.893085 0.006596 0.449840
-0.500206 0.856925 -5.517511 49 83 40 0 0.814728 0.140982 0.562444
-0.508239 0.792657 -5.499983 49 79 38 0 0.825520 0.040508 0.562918
-0.485600 1.096469 -5.573015 49 80 44 0 0.743379 -0.064704 0.665734
-0.477566 1.379102 -5.562790 60 86 50 0 0.696582 0.070962 0.713960
-0.500936 0.807264 -5.513129 54 88 40 0 0.788444 0.006880 0.615069
-0.489982 1.298767 -5.552566 52 82 43 0 0.891748 -0.064381 0.447929
-0.538913 0.834285 -5.459816 70 97 62 0 0.890715 0.087543 0.446052
-0.407456 1.136637 -5.655541 49 82 42 0 0.744653 -0.070850 0.663681
-0.577620 0.803612 -5.375829 49 82 40 0 0.910870 0.038562 0.410889
-0.511891 1.276857 -5.519702 54 87 41 0 0.832479 -0.181495 0.523487
-0.547677 0.724008 -5.429142 47 78 38 0 0.884600 0.022820 0.465791
-0.385546 0.897093 -5.652619 51 81 45 0 0.744860 0.006935 0.667184
-0.400883 1.046808 -5.667956 52 85 41 0 0.799081 -0.032187 0.600361
-0.541834 0.648785 -5.416727 66 97 64 0 0.862751 0.379857 0.333720
-0.554980 0.980349 -5.454704 44 76 38 0 0.884345 -0.031053 0.465800
-0.383355 0.774399 -5.657732 41 72 33 0 0.783836 0.064484 0.617611
-0.449084 0.715974 -5.571554 47 77 39 0 0.809894 -0.015177 0.586380
-0.435938 0.820409 -5.594924 48 78 41 0 0.785217 0.015233 0.619033
-0.437399 0.942372 -5.606609 53 84 52 0 0.743282 0.126611 0.656888
-0.499476 1.114727 -5.554027 59 83 54 0 0.841068 -0.031764 0.539996
-0.514082 0.656088 -5.494871 50 75 37 0 0.898142 -0.055709 0.436163
-0.610484 1.013213 -5.391896 30 35 27 0 0.738228 0.006925 0.674516
-0.424983 1.155625 -5.635092 51 80 41 0 0.719831 -0.095293 0.687578
-0.510430 0.634909 -5.518971 54 53 32 0 0.362039 -0.630701 -0.686399
-0.576159 0.834285 -5.382402 53 88 40 0 0.900489 0.086877 0.426112
-0.522115 0.789736 -5.480265 49 82 39 0 0.841263 0.040192 0.539129
-0.496554 1.162198 -5.559869 77 98 72 0 0.841618 -0.023340 0.539569
-0.418411 1.011022 -5.640204 52 85 47 0 0.741127 0.038261 0.670274
-0.424983 1.043156 -5.633631 48 81 42 0 0.726270 0.015334 0.687238
-0.501667 1.352080 -5.525544 58 89 43 0 0.900830 -0.014508 0.433929
-0.531610 1.241802 -5.494141 48 81 38 0 0.876860 -0.079715 0.474092
-0.569586 1.019056 -5.434985 53 86 48 0 0.826406 0.087671 0.556207
-0.591496 1.070908 -5.402851 36 46 35 0 0.882248 0.253141 0.396937
-0.560822 1.158546 -5.457625 51 83 48 0 0.777918 0.104015 0.619697
-0.470263 0.989843 -5.577397 51 82 46 0 0.745088 0.047013 0.665308
-0.508970 0.869341 -5.508017 49 83 38 0 0.852148 0.135470 0.505462
-0.337345 0.857656 -5.705933 49 79 35 0 0.767517 -0.104194 0.632504
-0.579811 1.057032 -5.422570 48 79 38 0 0.888291 0.001316 0.459279
-0.414759 1.242532 -5.643856 45 68 36 0 0.729624 -0.182790 0.658966
-0.500936 1.422190 -5.543802 77 99 75 0 0.736314 0.126951 0.664624
-0.460039 1.290003 -5.589082 51 83 40 0 0.751447 -0.064656 0.656618
-0.501667 0.705019 -5.510938 57 82 46 0 0.839965 -0.054689 0.539877
-0.538913 0.707210 -5.443749 46 77 37 0 0.880445 0.079533 0.467431
-0.556440 0.876644 -5.432794 49 82 41 0 0.885711 0.111597 0.450625
-0.560822 0.793388 -5.407233 45 79 33 0 0.896178 -0.014561 0.443456
-0.420601 0.624685 -5.594924 46 80 40 0 0.711181 0.095313 0.696518
-0.470993 0.834285 -5.553297 46 78 36 0 0.765461 0.119927 0.632208
-0.445432 0.914620 -5.593464 49 82 44 0 0.773740 0.046850 0.631769
-0.378243 1.017595 -5.694248 53 86 49 0 0.856218 0.135192 0.498612
-0.536722 0.952597 -5.479535 66 94 59 0 0.840533 0.102363 0.532001
-0.395771 1.000067 -5.668686 53 86 50 0 0.711165 0.230775 0.664068
-0.548407 0.677267 -5.418918 53 84 41 0 0.897062 0.134630 0.420897
-0.532340 0.843049 -5.470771 48 79 39 0 0.785005 -0.006898 0.619451
-0.521385 0.772939 -5.480265 50 83 39 0 0.832674 0.001354 0.553762
-0.433747 1.244723 -5.622676 50 84 44 0 0.799081 0.032187 0.600361
-0.506779 0.943833 -5.520432 52 85 42 0 0.800761 0.079070 0.593742
-0.519925 1.121300 -5.524814 53 85 45 0 0.815934 0.023550 0.577665
-0.596608 0.993495 -5.402121 64 94 60 0 0.707156 0.111188 0.698261
-0.483409 1.079672 -5.573015 55 88 52 0 0.712229 0.101747 0.694534
-0.547677 0.654628 -5.407963 59 91 54 0 0.883319 0.262446 0.388420
-0.402344 0.929227 -5.640204 48 80 47 0 0.706165 0.104672 0.700268
-0.499476 1.300958 -5.536499 49 82 36 0 0.859618 -0.119511 0.496764
-0.502397 1.364495 -5.526275 60 89 50 0 0.832696 0.072347 0.548984
-0.328582 0.858386 -5.719809 47 57 35 0 0.919621 0.277757 0.277757
-0.381164 1.058493 -5.703012 53 86 40 0 0.893085 0.006596 0.449840
-0.531610 1.201635 -5.500714 48 83 37 0 0.856228 -0.054297 0.513737
-0.370210 0.753220 -5.673069 43 77 36 0 0.785661 -0.023723 0.618202
-0.464420 0.723277 -5.554757 40 72 32 0 0.735490 0.001380 0.677534
-0.526497 0.894902 -5.484647 55 88 44 0 0.807343 0.119116 0.577934
-0.491442 0.988382 -5.553297 107 118 100 0 0.831067 0.133853 0.539826
-0.463690 0.753951 -5.556218 48 82 38 0 0.799168 -0.040731 0.599727
-0.506049 0.970855 -5.527005 53 83 43 0 0.802819 0.103449 0.587180
-0.424983 0.883947 -5.613913 45 79 41 0 0.738397 0.023819 0.673945
-0.412568 0.838667 -5.622676 49 80 43 0 0.791038 -0.055387 0.609255
-0.460769 0.833555 -5.564981 51 84 42 0 0.791246 0.070365 0.607436
-0.595147 0.866419 -5.353189 73 88 68 0 0.901412 0.220605 0.372545
-0.465151 0.890520 -5.566442 51 83 44 0 0.807343 0.119116 0.577934
-0.423523 0.732041 -5.605149 43 74 37 0 0.769772 -0.040960 0.637004
-0.509700 1.301688 -5.519702 52 85 40 0 0.879713 -0.088392 0.467216
-0.416950 0.994225 -5.639474 50 84 46 0 0.769543 0.085828 0.632800
-0.580541 0.840858 -5.372908 53 87 40 0 0.889428 0.102572 0.445417
-0.461499 1.371799 -5.583970 21 25 16 0 0.846863 0.102084 0.521921
-0.519194 1.472582 -5.542342 43 46 39 0 0.801489 0.492366 0.339398
-0.565204 1.118379 -5.451052 57 87 55 0 0.785555 0.103863 0.610012
-0.425714 1.135176 -5.635092 42 72 32 0 0.760742 -0.032342 0.648248
-0.566665 0.948215 -5.433525 56 89 49 0 0.827435 0.188396 0.529016
-0.435208 1.000798 -5.619025 50 81 45 0 0.807109 0.125419 0.576928
-0.405995 0.724738 -5.627059 52 83 41 0 0.777918 0.104015 0.619697
-0.511161 0.723277 -5.494871 50 84 34 0 0.865072 -0.023087 0.501117
-0.519194 1.102312 -5.526275 55 87 45 0 0.862019 0.023078 0.506351
-0.566665 0.766366 -5.393357 43 77 33 0 0.893111 0.001311 0.449834
-0.492173 1.246184 -5.555487 62 89 52 0 0.869903 -0.134164 0.474624
-0.441050 1.279779 -5.613913 50 84 43 0 0.784732 0.040857 0.618487
-0.381164 1.146861 -5.683293 56 78 45 0 0.847692 -0.023281 0.529978
-0.421332 1.224275 -5.637283 51 86 42 0 0.792156 -0.088339 0.603892
-0.548407 0.818949 -5.438637 56 87 47 0 0.900489 0.086877 0.426112
-0.533801 1.157816 -5.502904 49 80 41 0 0.841618 -0.023340 0.539569
-0.498015 1.037314 -5.551106 69 91 65 0 0.854755 0.110615 0.507107
-0.333694 0.811646 -5.721269 54 84 39 0 0.895870 0.030800 0.443248
-0.513352 1.354271 -5.505826 12 25 9 0 0.839123 -0.072167 0.539133
-0.592956 0.823331 -5.345886 63 90 46 0 0.900074 -0.047230 0.433169
-0.557171 0.745917 -5.412345 47 80 35 0 0.898241 0.064063 0.434809
-0.566665 0.812376 -5.398469 52 87 40 0 0.904023 0.072267 0.421332
-0.496554 1.145400 -5.559869 75 94 68 0 0.864046 -0.062612 0.499505
-0.510430 1.044617 -5.532847 51 85 39 0 0.855542 0.063010 0.513885
-0.570316 0.743726 -5.388975 42 75 32 0 0.867668 0.001333 0.497143
-0.443972 1.049729 -5.613913 52 83 45 0 0.722019 0.038300 0.690812
-0.517734 1.211129 -5.522623 48 81 37 0 0.899781 -0.119316 0.419711
-0.588574 0.883217 -5.372908 62 94 51 0 0.846322 0.183594 0.500032
-0.538182 0.673616 -5.441558 46 77 35 0 0.908562 0.071979 0.411501
-0.527228 0.628336 -5.456164 52 81 46 0 0.926425 0.119053 0.357159
-0.392119 0.838667 -5.645316 48 79 40 0 0.774720 -0.085757 0.626462
-0.392119 0.946754 -5.654810 48 78 44 0 0.712229 0.101747 0.694534
-0.547677 0.938721 -5.460546 53 86 46 0 0.845611 0.117486 0.520711
-0.569586 0.707210 -5.384593 55 87 44 0 0.863827 0.236686 0.444728
-0.430096 1.034392 -5.627059 45 77 40 0 0.743806 0.038253 0.667300
-0.381895 1.035853 -5.697169 51 85 46 0 0.906026 0.118663 0.406246
-0.435208 0.612999 -5.575936 47 80 40 0 0.776880 0.181628 0.602883
-0.374592 0.931418 -5.666495 51 84 52 0 0.617644 0.229857 0.752118
-0.561553 1.035853 -5.449592 45 77 37 0 0.777384 -0.046728 0.627288
-0.498745 1.249836 -5.543802 49 81 37 0 0.791768 -0.110172 0.600804
-0.590035 0.860577 -5.361953 63 92 52 0 0.886992 0.172753 0.428253
-0.538182 1.237420 -5.483916 50 83 41 0 0.889993 -0.056052 0.452516
-0.404534 1.094278 -5.662844 45 78 35 0 0.788169 0.001371 0.615457
-0.565204 1.010292 -5.441558 49 82 44 0 0.842102 -0.015013 0.539109
-0.493633 0.965012 -5.543072 86 101 81 0 0.876970 0.085592 0.472862
-0.347570 0.772939 -5.703742 46 79 37 0 0.769947 0.055710 0.635671
-0.556440 0.729850 -5.412345 50 80 40 0 0.882636 0.031088 0.469027
-0.489982 1.286352 -5.552566 62 90 54 0 0.808492 -0.040635 0.587103
-0.399422 1.145400 -5.662844 45 79 36 0 0.715214 -0.120441 0.688449
-0.565934 0.786815 -5.398469 52 83 42 0 0.908224 0.001296 0.418483
-0.383355 1.095739 -5.691326 55 82 40 0 0.883942 -0.093858 0.458081
-0.583462 0.759793 -5.362684 44 77 31 0 0.897720 -0.101918 0.428616
-0.523576 0.644403 -5.472231 49 77 40 0 0.943848 0.063791 0.324163
-0.460769 1.024168 -5.592733 53 84 47 0 0.641614 0.015310 0.766875
-0.588574 0.816028 -5.353920 45 79 32 0 0.875645 0.031225 0.481944
-0.340997 0.840128 -5.705933 45 77 32 0 0.776880 -0.181628 0.602883
-0.504588 0.612999 -5.514590 82 69 68 0 0.498574 0.300402 0.813131
-0.516273 0.600584 -5.494871 16 30 10 0 0.975451 -0.174502 -0.134329
-0.495824 1.227196 -5.554027 51 81 43 0 0.866406 -0.080041 0.492883
-0.524306 0.745187 -5.474422 50 80 39 0 0.806037 0.006866 0.591826
-0.519194 0.628336 -5.479535 66 90 64 0 0.958087 0.149329 0.244477
-0.584923 0.853274 -5.369256 60 94 48 0 0.881543 0.198678 0.428262
-0.487060 1.314104 -5.554027 68 97 58 0 0.870584 -0.023017 0.491481
-0.499476 0.898553 -5.527005 55 80 48 0 0.824956 0.031889 0.564297
-0.606102 1.024168 -5.393357 30 40 27 0 0.673896 -0.220462 0.705167
-0.446163 1.314104 -5.605879 57 86 41 0 0.798281 -0.046625 0.600477
-0.473184 1.105963 -5.586891 52 85 49 0 0.778585 0.001373 0.627537
-0.410377 1.068717 -5.655541 48 82 37 0 0.815569 0.001362 0.578659
-0.455657 1.305340 -5.594194 54 88 43 0 0.819933 0.001360 0.572458
-0.517003 0.664852 -5.486837 43 74 31 0 0.901392 -0.063900 0.428263
-0.522846 1.005180 -5.507287 48 80 38 0 0.817737 0.150440 0.555584
-0.561553 0.707210 -5.399930 44 78 32 0 0.870070 0.127994 0.476022
-0.418411 0.688952 -5.605879 50 84 43 0 0.798281 0.046625 0.600477
-0.376052 0.760523 -5.666495 42 76 35 0 0.767968 0.095082 0.633391
-0.522115 1.094278 -5.518971 52 84 44 0 0.886597 0.102570 0.451026
-0.560092 0.691143 -5.399199 55 88 44 0 0.926425 0.119053 0.357159
-0.576889 1.067987 -5.428412 51 84 43 0 0.855991 0.048557 0.514705
-0.521385 0.714513 -5.479535 68 92 53 0 0.896054 0.022634 0.443367
-0.527958 0.693334 -5.464198 44 77 35 0 0.880445 0.079533 0.467431
-0.584923 0.743726 -5.363414 55 83 50 0 0.822839 -0.087597 0.561483
-0.448354 0.599123 -5.557678 57 87 52 0 0.783587 0.079369 0.616191
-0.493633 1.181186 -5.561330 68 87 62 0 0.832034 -0.023379 0.554231
-0.587114 1.063605 -5.410154 58 86 51 0 0.874811 0.152330 0.459892
-0.540373 1.037314 -5.483186 50 81 42 0 0.860200 0.062737 0.506082
-0.475375 0.892711 -5.554757 52 84 42 0 0.778339 0.094919 0.620627
-0.354873 0.897823 -5.676720 48 81 44 0 0.484175 -0.071161 0.872073
-0.514082 0.954057 -5.511668 56 88 46 0 0.822839 0.087597 0.561483
-0.398692 0.631988 -5.617564 52 86 51 0 0.739191 0.070881 0.669756
-0.332963 0.961361 -5.713966 41 46 36 0 0.477494 0.825047 0.302152
-0.552058 0.748838 -5.421839 46 80 36 0 0.886622 0.056185 0.459070
-0.524306 0.927766 -5.493411 66 93 54 0 0.844326 0.126868 0.520595
-0.484139 1.146861 -5.574476 39 68 31 0 0.727704 -0.079888 0.681224
-0.468072 1.196523 -5.589082 55 87 49 0 0.806665 0.001365 0.591008
-0.554980 1.083323 -5.463468 49 81 40 0 0.861614 0.031406 0.506591
-0.474645 1.403933 -5.575206 21 24 15 0 0.935084 -0.064443 0.348519
-0.405265 0.799961 -5.630710 42 75 34 0 0.791522 0.023648 0.610682
-0.364367 0.979618 -5.692057 51 84 50 0 0.674011 0.323201 0.664267
-0.452735 0.618112 -5.557678 43 76 35 0 0.738366 0.136291 0.660485
-0.426444 1.118379 -5.635092 47 76 36 0 0.672185 -0.079849 0.736065
-0.506779 1.448482 -5.548184 96 117 88 0 0.648221 0.189385 0.737525
-0.437399 1.262981 -5.616834 47 79 38 0 0.777918 -0.104015 0.619697
-0.486330 0.648055 -5.531387 54 77 51 0 0.649226 -0.015292 0.760442
-0.465881 0.643673 -5.550375 41 71 36 0 0.752747 -0.015305 0.658132
-0.438859 1.137367 -5.621216 48 80 41 0 0.759524 -0.046849 0.648790
-0.473184 1.143209 -5.588352 55 85 48 0 0.690042 0.055949 0.721603
-0.422062 1.189219 -5.638013 59 86 47 0 0.818815 -0.015138 0.573858
-0.340267 0.813106 -5.712505 47 80 34 0 0.819071 -0.023481 0.573212
-0.452005 1.180456 -5.605879 53 83 45 0 0.801998 -0.055359 0.594756
-0.417680 0.614460 -5.597846 50 83 42 0 0.711101 -0.023844 0.702686
-0.561553 0.878835 -5.423300 48 81 36 0 0.899781 0.119316 0.419711
-0.505318 1.088436 -5.545993 51 83 45 0 0.760442 -0.015292 0.649226
-0.459308 1.314104 -5.586891 53 87 39 0 0.757762 0.079688 0.647647
-0.565934 0.729850 -5.394818 51 82 42 0 0.847185 0.031683 0.530352
-0.547677 0.740075 -5.429142 46 81 36 0 0.900566 0.078370 0.427597
-0.410377 0.596202 -5.601497 9 16 9 0 0.351403 0.612913 0.707710
-0.437399 0.730580 -5.587621 64 88 54 0 0.802272 0.023637 0.596490
-0.438859 0.959900 -5.606609 55 86 51 0 0.703874 0.095515 0.703874
-0.443972 0.994225 -5.606609 54 82 47 0 0.765513 0.158538 0.623583
-0.443972 1.162198 -5.614643 52 85 46 0 0.661331 -0.006932 0.750063
-0.452735 0.954057 -5.589812 55 86 48 0 0.716814 0.070957 0.693644
-0.514082 0.615921 -5.494871 58 77 50 0 0.993804 0.001079 0.111142
-0.425714 0.929227 -5.618295 57 87 52 0 0.719831 0.095293 0.687578
-0.487791 1.034392 -5.564981 65 92 60 0 0.705821 0.244748 0.664767
-0.553519 1.190680 -5.466389 55 85 47 0 0.806885 -0.079106 0.585387
-0.584923 1.028550 -5.415267 52 83 44 0 0.799081 -0.032187 0.600361
-0.403804 1.003719 -5.657732 61 93 56 0 0.718686 0.199377 0.666137
-0.510430 1.069448 -5.537960 47 78 38 0 0.839965 0.054689 0.539877
-0.519194 0.922654 -5.501444 61 88 50 0 0.847896 0.086927 0.522988
-0.519925 0.612269 -5.519702 66 46 34 0 0.370461 -0.093633 -0.924117
-0.359985 0.985461 -5.714696 23 26 20 0 -0.165077 -0.403362 -0.900027
-0.438859 1.221353 -5.617564 52 84 43 0 0.719425 0.001381 0.694569
-0.572507 1.124221 -5.443018 55 86 55 0 0.759587 0.055789 0.648009
-0.377513 0.707941 -5.663574 44 77 36 0 0.838844 0.001351 0.544370
-0.496554 1.128603 -5.559869 85 106 80 0 0.862174 0.001337 0.506611
-0.546946 1.034392 -5.470040 50 84 41 0 0.860852 0.054063 0.505976
-0.473915 0.775860 -5.545263 60 82 50 0 0.712674 0.133533 0.688668
-0.525037 1.048268 -5.510208 43 76 34 0 0.792378 0.015211 0.609841
-0.327851 0.910969 -5.692057 51 84 53 0 0.229763 -0.173983 0.957569
-0.437399 0.766366 -5.590543 44 77 39 0 0.773740 0.046850 0.631769
-0.536722 1.124221 -5.495601 49 82 41 0 0.896054 -0.022634 0.443367
-0.315436 0.921193 -5.697899 35 49 28 0 0.632504 0.104194 0.767517
-0.370210 0.898553 -5.665035 48 80 42 0 0.715147 -0.032443 0.698221
-0.483409 1.000798 -5.563521 53 82 47 0 0.693011 0.175930 0.699131
-0.489251 0.669234 -5.529196 47 74 39 0 0.736618 -0.064869 0.673191
-0.420601 1.235229 -5.638743 50 82 39 0 0.744653 -0.070850 0.663681
-0.378973 0.856195 -5.659193 47 80 39 0 0.767250 -0.110449 0.631766
-0.361446 0.738614 -5.685484 46 78 36 0 0.846185 -0.054547 0.530090
-0.520655 1.242532 -5.513129 53 84 43 0 0.868298 -0.079956 0.489557
-0.389198 1.037314 -5.684023 58 91 49 0 0.847692 0.023281 0.529978
-0.582001 0.687492 -5.364875 12 20 12 0 0.126894 -0.339747 0.931917
-0.443241 0.630527 -5.571554 59 91 49 0 0.729624 0.182790 0.658966
-0.466611 1.385675 -5.581779 17 21 14 0 0.986024 0.166413 -0.007924
-0.592956 0.759793 -5.335662 24 29 19 0 0.713412 -0.262167 0.649856
-0.504588 0.671425 -5.510208 75 88 62 0 0.751320 -0.070662 0.656144
-0.530149 0.942372 -5.487568 69 96 60 0 0.833029 0.087461 0.546272
-0.481218 1.226466 -5.573015 46 77 38 0 0.698384 -0.064799 0.712784
-0.575429 0.873723 -5.392627 56 91 44 0 0.867287 0.125131 0.481826
-0.411107 0.749569 -5.619755 46 78 39 0 0.751855 0.158843 0.639909
-0.393580 0.848892 -5.643126 47 78 39 0 0.800939 -0.070208 0.594615
-0.351221 0.726929 -5.700090 45 78 34 0 0.837491 0.023378 0.545951
-0.327851 0.937990 -5.694978 51 82 51 0 0.103071 0.386174 0.916649
-0.495094 1.421460 -5.552566 67 89 67 0 0.780873 0.032244 0.623857
-0.427174 0.680189 -5.596385 46 78 38 0 0.752971 -0.023837 0.657622
-0.570316 0.873723 -5.404312 54 88 43 0 0.905337 0.103982 0.411769
-0.493633 0.701368 -5.521163 128 123 113 0 0.886710 -0.064613 0.457790
-0.450544 1.281239 -5.601497 50 83 39 0 0.785764 -0.032215 0.617686
-0.549137 0.970124 -5.463468 50 81 44 0 0.831745 0.015073 0.554953
-0.484869 0.816758 -5.535038 106 111 97 0 0.861614 0.031406 0.506591
-0.410377 0.932878 -5.633631 51 82 48 0 0.664261 0.220378 0.714276
-0.450544 1.241072 -5.603688 47 80 37 0 0.767207 -0.064531 0.638144
-0.435208 0.780972 -5.592733 44 77 38 0 0.784732 0.040857 0.618487
-0.504588 0.894171 -5.518971 67 92 55 0 0.846863 0.102084 0.521921
-0.378243 0.992764 -5.685484 56 87 57 0 0.794969 0.261854 0.547227
-0.378973 0.797770 -5.663574 50 81 40 0 0.785794 0.001371 0.618487
-0.407456 1.225735 -5.654080 42 55 31 0 0.861665 -0.014880 0.507260
-0.511161 1.125682 -5.540151 51 82 41 0 0.862174 0.001337 0.506611
-0.537452 0.720356 -5.448131 47 81 38 0 0.896251 0.001308 0.443546
-0.421332 0.605696 -5.593464 51 84 45 0 0.738398 -0.015354 0.674190
-0.430826 1.167310 -5.627059 45 76 33 0 0.694573 -0.149810 0.703652
-0.494363 0.616651 -5.521893 52 75 51 0 0.487648 0.299488 0.820065
-0.541104 1.136637 -5.487568 45 78 36 0 0.875957 0.022945 0.481844
-0.550598 1.011752 -5.464198 49 81 41 0 0.799835 0.001367 0.600218
-0.533070 1.231578 -5.492680 51 84 40 0 0.852426 -0.006755 0.522804
-0.490712 0.729120 -5.523354 144 139 131 0 0.878541 -0.056370 0.474330
-0.519925 1.173152 -5.523354 47 81 38 0 0.867233 -0.014836 0.497681
-0.415489 0.730580 -5.613913 40 71 32 0 0.751447 -0.064656 0.656618
-0.449084 0.875914 -5.583240 48 79 42 0 0.773650 0.055566 0.631173
-0.369479 0.948215 -5.674529 55 87 56 0 0.517459 0.228787 0.824556
-0.435208 0.681649 -5.587621 44 76 39 0 0.727510 0.001380 0.686096
-0.557901 0.919733 -5.439367 53 87 43 0 0.814029 0.150305 0.561040
-0.571047 0.832094 -5.391166 47 81 35 0 0.905337 0.103982 0.411769
-0.553519 1.059223 -5.463468 56 90 46 0 0.856228 0.054297 0.513737
-0.512621 0.698447 -5.494871 49 80 34 0 0.841263 -0.040192 0.539129
-0.467342 0.710132 -5.551836 46 78 36 0 0.753685 0.001378 0.657235
-0.479027 1.279048 -5.567173 49 80 42 0 0.714871 -0.182946 0.674900
-0.420601 0.667773 -5.602228 53 85 46 0 0.746274 0.142648 0.650174
-0.571777 0.791197 -5.386784 50 82 40 0 0.892858 0.022688 0.449766
-0.335154 0.837207 -5.713966 43 76 30 0 0.770367 -0.205328 0.603634
-0.453466 1.326519 -5.594924 51 80 36 0 0.789959 -0.079429 0.607994
-0.354873 0.872992 -5.684023 47 82 42 0 0.771880 -0.015299 0.635584
-0.461499 1.040235 -5.592733 52 83 48 0 0.783734 0.046769 0.619334
-0.476106 1.174613 -5.581779 48 80 41 0 0.751669 -0.055838 0.657173
-0.355603 0.835016 -5.689136 49 80 38 0 0.785764 -0.032215 0.617686
-0.412568 0.793388 -5.621946 41 73 35 0 0.805345 0.015195 0.592612
-0.487791 0.837207 -5.531387 114 119 106 0 0.873436 0.103676 0.475774
-0.515543 0.791927 -5.489759 48 82 37 0 0.819076 0.046363 0.571808
-0.497285 1.195792 -5.556218 54 82 51 0 0.825520 -0.040508 0.562918
-0.381895 0.822600 -5.659193 47 81 39 0 0.782789 -0.158368 0.601798
-0.393580 1.091357 -5.677450 44 77 33 0 0.816001 -0.087788 0.571345
-0.523576 0.841589 -5.483186 53 87 43 0 0.815194 0.032050 0.578300
-0.406725 0.900014 -5.632171 45 78 39 0 0.584802 0.214479 0.782308
-0.444702 1.078942 -5.613183 49 78 41 0 0.723559 0.006944 0.690228
-0.578350 0.774399 -5.371448 48 82 34 0 0.900830 0.014508 0.433929
-0.335154 0.874453 -5.704472 52 84 38 0 0.785478 -0.221545 0.577877
-0.490712 1.019786 -5.559869 66 88 60 0 0.694729 0.117524 0.709605
-0.506049 1.201635 -5.543072 43 75 35 0 0.783836 -0.064484 0.617611
-0.570316 0.991304 -5.433525 48 80 40 0 0.791951 0.032239 0.609733
-0.514812 1.433876 -5.529926 29 41 29 0 0.759974 0.222242 0.610777
-0.596608 0.921923 -5.378020 68 98 65 0 0.781739 0.198123 0.591296
-0.582001 1.011752 -5.418918 58 92 51 0 0.799835 0.001367 0.600218
-0.555710 0.907317 -5.439367 48 81 36 0 0.845611 0.117486 0.520711
-0.555710 0.682380 -5.405772 48 80 37 0 0.907987 0.142623 0.393979
-0.417680 1.262981 -5.640934 19 29 15 0 0.854015 -0.086680 0.512977
-0.481218 1.354271 -5.559139 57 88 47 0 0.729664 -0.064763 0.680732
-0.587844 1.087705 -5.418188 63 88 59 0 0.788893 0.214591 0.575846
-0.497285 1.070908 -5.559139 82 98 76 0 0.844534 -0.006778 0.535459
-0.377513 1.035123 -5.717618 34 37 30 0 0.794739 0.064207 -0.603545
-0.487791 0.872992 -5.537960 134 135 124 0 0.829527 0.087394 0.551586
-0.499476 1.398090 -5.539421 70 97 65 0 0.800676 0.332687 0.498234
-0.576159 1.078942 -5.431334 52 85 45 0 0.808921 0.134574 0.572308
-0.511891 1.406124 -5.524814 29 42 30 0 0.669748 0.244261 0.701266
-0.514812 0.881026 -5.499983 50 83 38 0 0.839965 0.054689 0.539877
-0.384086 1.131524 -5.681832 60 88 45 0 0.775973 -0.119722 0.619300
-0.534531 1.051920 -5.496332 57 87 50 0 0.864046 0.062612 0.499505
-0.541834 1.149052 -5.488298 49 83 39 0 0.882055 0.056243 0.467777
-0.578350 0.705019 -5.367796 70 97 63 0 0.711656 0.411143 0.569655
-0.485600 0.758332 -5.530657 103 105 89 0 0.847295 -0.006757 0.531080
-0.492903 1.256409 -5.553297 56 84 46 0 0.856301 0.023143 0.515959
-0.551328 0.992764 -5.461277 51 81 43 0 0.841618 0.023340 0.539569
-0.525037 0.954788 -5.495601 50 83 44 0 0.821309 0.046330 0.568599
-0.470263 0.951136 -5.570824 52 85 49 0 0.752902 0.104611 0.649765
-0.471724 1.386405 -5.568633 59 87 50 0 0.693705 -0.038303 0.719240
-0.406725 0.672885 -5.620486 52 83 44 0 0.799385 0.094301 0.593373
-0.508239 1.468931 -5.552566 108 120 83 0 0.720949 0.340132 0.603774
-0.427905 0.904396 -5.610261 50 80 45 0 0.784732 0.040857 0.618487
-0.331503 0.813837 -5.737336 38 44 4 0 0.982947 0.031557 -0.181161
-0.323469 0.945294 -5.700090 51 69 46 0 0.719684 0.333037 0.609214
-0.471724 1.327980 -5.571554 51 84 40 0 0.730311 -0.111102 0.674019
-0.476106 0.854734 -5.549645 54 82 48 0 0.737059 0.032414 0.675050
-0.486330 0.889059 -5.542342 97 107 89 0 0.797171 0.070128 0.599667
-0.335885 0.788275 -5.719809 51 80 40 0 0.841684 -0.158278 0.516252
-0.484869 1.294385 -5.559869 51 81 39 0 0.840871 0.001350 0.541234
-0.400153 1.034392 -5.667956 53 86 45 0 0.767011 0.198285 0.610227
-0.426444 1.059223 -5.634362 50 82 42 0 0.761293 0.001377 0.648407
-0.403804 0.953327 -5.644586 50 80 45 0 0.730283 0.038287 0.682071
-0.434477 0.858386 -5.598576 46 79 41 0 0.757414 0.120060 0.641801
-0.479027 0.872992 -5.548914 49 74 41 0 0.767314 0.038154 0.640135
-0.457848 1.059223 -5.597846 58 86 49 0 0.729246 0.104599 0.676210
-0.454196 0.816758 -5.571554 42 74 34 0 0.773740 0.046850 0.631769
-0.370940 0.824061 -5.673799 46 78 35 0 0.789959 -0.079429 0.607994
-0.580541 0.864959 -5.380942 59 91 47 0 0.866703 0.191119 0.460760
-0.487791 0.691874 -5.530657 43 71 33 0 0.714476 -0.110943 0.690808
-0.443241 0.756142 -5.581048 45 78 37 0 0.761293 0.001377 0.648407
-0.377513 0.776590 -5.666495 46 77 39 0 0.766093 0.046904 0.641016
-0.489251 1.269554 -5.556218 67 95 58 0 0.772347 -0.064482 0.631920
-0.346109 0.958439 -5.698629 57 88 58 0 0.514867 0.672513 0.531637
-0.449084 0.763445 -5.573745 42 73 33 0 0.759391 -0.064598 0.647420
-0.509700 1.261521 -5.525544 51 85 38 0 0.863837 -0.056850 0.500554
-0.494363 0.874453 -5.529196 63 89 54 0 0.769543 0.085828 0.632800
-0.477566 1.320676 -5.566442 55 87 44 0 0.830599 -0.112007 0.545490
-0.559362 0.802152 -5.411615 44 78 32 0 0.906456 0.038715 0.420521
-0.549137 0.715244 -5.424761 47 77 39 0 0.894454 0.102183 0.435329
-0.542564 0.929227 -5.465658 52 86 41 0 0.854781 0.071819 0.513995
-0.584192 0.714513 -5.363414 70 94 64 0 0.721359 0.325827 0.611129
-0.447623 1.304609 -5.603688 54 88 43 0 0.741060 0.023815 0.671016
-0.330772 0.883947 -5.703742 43 74 35 0 0.692951 -0.485900 0.532654
-0.597338 0.983270 -5.399199 66 96 64 0 0.724071 0.136419 0.676100
-0.520655 0.680919 -5.479535 48 79 36 0 0.911029 -0.030412 0.411219
-0.460769 0.660470 -5.556948 46 76 41 0 0.713646 0.038307 0.699458
-0.528688 0.710132 -5.464198 52 81 40 0 0.896137 0.072734 0.437776
-0.562283 1.092087 -5.452513 59 92 51 0 0.852716 0.001343 0.522373
-0.462230 1.248375 -5.589812 54 86 45 0 0.801521 -0.040708 0.596579
-0.478296 0.924845 -5.555487 50 80 42 0 0.766093 0.046904 0.641016
-0.549137 1.051190 -5.470040 48 82 40 0 0.872073 0.071161 0.484175
-0.501667 1.067987 -5.549645 70 93 62 0 0.855542 0.063010 0.513885
-0.456387 0.805073 -5.567903 52 81 43 0 0.809894 0.015177 0.586380
-0.384816 0.978158 -5.672338 55 86 54 0 0.710044 0.237731 0.662813
-0.583462 0.980349 -5.416727 61 92 55 0 0.783393 0.125876 0.608647
-0.487060 0.704289 -5.530657 49 75 40 0 0.730340 -0.032491 0.682310
-0.377513 0.920463 -5.661383 52 85 51 0 0.688449 0.120441 0.715214
-0.606102 0.922654 -5.364875 61 84 58 0 0.856168 0.221970 0.466589
-0.391389 0.901475 -5.646047 50 83 48 0 0.617686 0.032215 0.785764
-0.374592 1.023438 -5.703742 52 84 47 0 0.870522 0.254971 0.420928
-0.330772 0.828443 -5.724921 40 66 26 0 0.853452 -0.126062 0.505696
-0.409647 0.989843 -5.646777 53 85 49 0 0.735954 0.213162 0.642599
-0.511161 0.980349 -5.521893 52 86 42 0 0.821874 0.093887 0.561879
-0.414029 0.967203 -5.636552 52 83 50 0 0.676210 0.104599 0.729246
-0.534531 1.146861 -5.501444 51 83 43 0 0.892654 0.030874 0.449683
-0.571777 1.143209 -5.445209 60 91 59 0 0.760742 0.032342 0.648248
-0.502397 0.640021 -5.516780 116 96 92 0 0.823898 -0.072571 0.562072
-0.381164 1.111076 -5.689866 60 91 47 0 0.824833 -0.166164 0.540408
-0.519925 0.699907 -5.480995 83 102 69 0 0.913736 0.038459 0.404484
-0.508239 1.234499 -5.535769 53 86 41 0 0.792156 -0.088339 0.603892
-0.457848 0.966473 -5.586161 53 85 48 0 0.731808 0.175695 0.658474
-0.439590 1.314834 -5.616104 43 62 32 0 0.840251 0.149148 0.521280
-0.399422 0.813106 -5.638013 42 76 34 0 0.751320 -0.070662 0.656144
-0.389198 0.717435 -5.647507 42 72 32 0 0.767241 0.032379 0.640541
-0.563013 1.058493 -5.448861 56 88 46 0 0.846227 0.063151 0.529067
-0.526497 0.913890 -5.486837 52 85 43 0 0.831416 0.031818 0.554739
-0.552058 1.167310 -5.471501 51 83 42 0 0.846759 0.048664 0.529746
-0.427174 0.968664 -5.621216 52 83 49 0 0.759466 0.205721 0.617163
-0.493633 1.379832 -5.543072 62 89 61 0 0.847185 0.031683 0.530352
-0.410377 0.775130 -5.624137 64 92 56 0 0.755412 0.070775 0.651417
-0.582732 0.916081 -5.396278 54 87 49 0 0.839567 0.174475 0.514477
-0.537452 0.908778 -5.468580 47 79 38 0 0.809344 0.032039 0.586461
-0.555710 0.852543 -5.428412 45 77 34 0 0.917490 0.054756 0.393973
-0.445432 1.149782 -5.614643 52 83 47 0 0.657173 0.055838 0.751669
-0.548407 0.840128 -5.442288 49 82 41 0 0.889150 0.111320 0.443870
-0.408916 0.714513 -5.621216 44 74 37 0 0.809200 0.128234 0.573368
-0.417680 0.772209 -5.614643 53 80 46 0 0.802272 0.023637 0.596490
-0.435208 1.207477 -5.623407 53 86 43 0 0.706734 -0.032445 0.706734
-0.563744 1.101581 -5.451052 50 83 45 0 0.821901 0.015093 0.569430
-0.523576 1.421460 -5.517511 15 24 18 0 0.394905 0.917923 -0.038302
-0.376782 0.669234 -5.661383 51 85 42 0 0.847694 0.095777 0.521768
-0.472454 1.122030 -5.586891 53 84 52 0 0.727252 0.133455 0.673271
-0.531610 1.099391 -5.502174 47 79 38 0 0.840197 0.111351 0.530727
-0.383355 0.805803 -5.659923 57 88 47 0 0.785956 0.094781 0.610975
-0.541834 0.732771 -5.440828 46 79 36 0 0.902841 0.055497 0.426379
-0.405265 0.615190 -5.610991 51 84 50 0 0.641240 0.023750 0.766973
-0.555710 0.832825 -5.426221 57 88 47 0 0.908257 0.077851 0.411106
-0.381895 0.739344 -5.659193 42 74 35 0 0.792878 0.001369 0.609379
-0.537452 1.010292 -5.483916 49 82 45 0 0.822839 0.087597 0.561483
-0.448354 1.322867 -5.602228 55 82 44 0 0.775292 -0.006910 0.631566
-0.535991 1.222084 -5.489759 51 84 41 0 0.856700 -0.080448 0.509503
-0.450544 1.091357 -5.607340 49 82 45 0 0.689607 0.064786 0.721280
-0.527228 1.222814 -5.503635 45 77 34 0 0.853452 -0.126062 0.505696
-0.535991 1.271015 -5.478804 29 40 25 0 0.875042 -0.079804 0.477423
-0.353412 0.812376 -5.694248 43 75 31 0 0.773429 -0.032285 0.633061
-0.446163 0.821870 -5.582509 47 76 40 0 0.807688 0.055166 0.587024
-0.399422 0.605696 -5.610261 37 55 34 0 0.149061 -0.766383 0.624851
-0.495824 0.803612 -5.520432 57 86 47 0 0.781872 0.023693 0.622989
-0.557171 0.718165 -5.408694 42 74 34 0 0.865796 0.086156 0.492925
-0.568125 0.902935 -5.416727 47 80 38 0 0.865401 0.198104 0.460256
-0.365828 0.765636 -5.680372 46 78 39 0 0.808823 0.109696 0.577731
-0.472454 1.014674 -5.578127 56 88 50 0 0.688668 0.133533 0.712674
-0.535261 0.696986 -5.449592 43 76 33 0 0.911029 0.030412 0.411219
-0.519194 0.640751 -5.483916 54 79 46 0 0.952105 0.087265 0.293055
-0.544755 0.697716 -5.430603 44 77 35 0 0.893111 0.001311 0.449834
-0.346109 0.877374 -5.690596 46 81 37 0 0.562489 -0.388659 0.729760
-0.517003 0.783163 -5.486107 49 83 38 0 0.820417 0.063763 0.568199
-0.456387 0.696986 -5.562790 82 101 70 0 0.702819 0.015370 0.711203
-0.327851 0.802152 -5.747560 12 17 9 0 0.987878 -0.109764 0.109764
-0.534531 0.791197 -5.460546 48 79 39 0 0.873667 0.048004 0.484151
-0.358525 0.916811 -5.675990 52 83 50 0 0.592612 0.015195 0.805345
-0.444702 0.940181 -5.597846 51 84 48 0 0.779638 0.088562 0.619936
-0.386277 0.617381 -5.623407 59 90 57 0 0.500118 0.126117 0.856724
-0.556440 0.666313 -5.397739 54 85 46 0 0.864915 0.095155 0.492817
-0.533070 0.813106 -5.466389 49 82 40 0 0.847896 0.086927 0.522988
-0.555710 1.125682 -5.464198 52 83 46 0 0.855958 0.014922 0.516830
-0.507509 0.929227 -5.518241 46 77 34 0 0.806665 0.001365 0.591008
-0.397962 1.170231 -5.662114 49 79 39 0 0.736618 -0.064869 0.673191
-0.524306 1.276127 -5.497792 59 88 52 0 0.917490 -0.054756 0.393973
-0.567395 0.849622 -5.403582 55 88 45 0 0.917294 0.094327 0.386877
-0.543295 0.951866 -5.468580 43 73 36 0 0.831854 0.102716 0.545407
-0.392849 0.817488 -5.645316 39 71 28 0 0.768784 0.001375 0.639507
-0.404534 0.978888 -5.648968 52 85 47 0 0.770129 0.181476 0.611529
-0.565204 0.910969 -5.424030 51 83 42 0 0.886992 0.172753 0.428253
-0.400153 0.995685 -5.661383 56 88 53 0 0.759849 0.260655 0.595557
-0.486330 0.936530 -5.548914 76 91 68 0 0.802097 0.167041 0.573356
-0.516273 1.148322 -5.530657 47 80 36 0 0.870070 -0.127994 0.476022
-0.383355 0.757602 -5.657732 46 79 38 0 0.779890 -0.038078 0.624758
-0.452735 0.788275 -5.570824 46 77 41 0 0.788962 0.015252 0.614253
-0.422792 0.810915 -5.610261 48 81 42 0 0.781594 0.135476 0.608899
-0.555710 1.104503 -5.464198 56 88 50 0 0.878142 0.062231 0.474335
-0.411838 0.857656 -5.624867 46 78 40 0 0.760442 0.015292 0.649226
-0.584923 0.800691 -5.359032 45 78 31 0 0.884345 0.031053 0.465800
-0.460039 0.745917 -5.560600 44 79 35 0 0.720364 0.086210 0.688218
-0.371670 0.833555 -5.671608 47 81 38 0 0.769543 -0.085828 0.632800
-0.493633 1.279779 -5.546723 49 78 38 0 0.824888 -0.054993 0.562616
-0.544755 1.211859 -5.476613 56 86 49 0 0.785794 0.001371 0.618487
-0.403074 0.733502 -5.629980 42 75 33 0 0.826370 0.001357 0.563126
-0.443241 1.266633 -5.610261 51 83 41 0 0.664837 -0.055761 0.744904
-0.378973 0.650246 -5.646777 53 88 49 0 0.768959 0.270004 0.579482
-0.473915 0.667773 -5.543802 80 93 67 0 0.654720 0.086032 0.750960
-0.523576 0.605696 -5.513129 78 43 43 0 -0.323098 -0.111275 0.939801
-0.429365 0.604966 -5.582509 52 84 46 0 0.815954 0.093871 0.570445
-0.555710 0.773669 -5.418918 64 93 53 0 0.888122 0.014647 0.459374
-0.513352 0.772939 -5.491950 48 82 34 0 0.822021 0.040473 0.568018
-0.381164 0.718895 -5.657732 41 73 33 0 0.836498 0.046084 0.546028
-0.441781 0.834285 -5.589812 43 75 39 0 0.799835 0.001367 0.600218
-0.478296 0.991304 -5.568633 45 75 40 0 0.785661 0.023723 0.618202
-0.397962 0.842319 -5.638013 44 74 34 0 0.785555 -0.103863 0.610012
-0.441781 0.851083 -5.590543 47 81 42 0 0.809171 -0.023595 0.587100
-0.430826 0.920463 -5.611722 60 86 52 0 0.657467 0.159432 0.736423
-0.485600 1.368147 -5.554757 61 89 55 0 0.633875 0.206126 0.745462
-0.579080 0.964282 -5.420379 57 88 54 0 0.807848 0.173650 0.563229
-0.473184 0.826252 -5.548914 50 79 42 0 0.759391 0.064598 0.647420
-0.571047 1.162198 -5.447401 62 92 59 0 0.702041 -0.046993 0.710585
-0.434477 1.227926 -5.622676 54 86 44 0 0.745071 0.032394 0.666198
-0.539643 0.974506 -5.477344 47 78 41 0 0.799835 0.001367 0.600218
-0.340997 0.750299 -5.712505 47 79 37 0 0.783836 -0.064484 0.617611
-0.481218 0.791927 -5.537960 55 78 48 0 0.746320 0.015345 0.665410
-0.357064 0.793388 -5.692787 49 80 40 0 0.768784 0.001375 0.639507
-0.502397 0.817488 -5.510938 54 89 41 0 0.781725 -0.015273 0.623436
-0.523576 1.158546 -5.518241 46 79 37 0 0.837737 -0.031743 0.545150
-0.532340 0.855465 -5.471501 47 79 37 0 0.809344 0.032039 0.586461
-0.468802 0.971585 -5.575206 48 80 41 0 0.736314 0.126951 0.664624
-0.470263 0.886138 -5.559139 49 82 42 0 0.766973 0.023750 0.641240
-0.485600 0.658279 -5.533578 97 109 87 0 0.623558 0.110560 0.773920
-0.525767 0.967203 -5.495601 44 77 36 0 0.830951 0.046086 0.554433
-0.430826 0.829173 -5.602228 52 80 43 0 0.732691 0.136349 0.666763
-0.475375 0.842319 -5.549645 50 80 42 0 0.765978 0.055630 0.640455
-0.529419 0.884677 -5.479535 53 88 39 0 0.820436 0.055072 0.569080
-0.383355 1.004449 -5.683293 48 80 44 0 0.858004 0.110664 0.501580
-0.370940 0.975237 -5.684753 55 86 56 0 0.624103 0.322589 0.711640
-0.428635 1.198714 -5.629980 55 88 47 0 0.721048 0.070804 0.689258
-0.333694 0.780242 -5.724191 53 77 41 0 0.760442 -0.015292 0.649226
-0.384816 0.859847 -5.651889 49 81 41 0 0.704844 -0.079931 0.704844
-0.489251 1.050459 -5.564981 54 82 48 0 0.592732 0.181324 0.784723
-0.449084 0.780242 -5.574476 42 73 37 0 0.711203 -0.015370 0.702819
-0.451275 0.937990 -5.589812 51 84 44 0 0.773920 0.110560 0.623558
-0.325660 0.891980 -5.702281 49 80 47 0 0.391373 -0.501801 0.771377
-0.315436 0.901475 -5.700090 50 79 51 0 0.023571 -0.592041 0.805563
-0.426444 1.084784 -5.634362 49 82 42 0 0.831446 -0.054867 0.552890
-0.408916 0.699907 -5.619025 47 78 38 0 0.781872 0.023693 0.622989
-0.474645 0.709401 -5.543802 44 76 39 0 0.747364 -0.070833 0.660629
-0.509700 1.003719 -5.528466 54 81 41 0 0.850086 0.135606 0.508885
-0.456387 1.132255 -5.603688 50 83 46 0 0.803048 -0.015204 0.595721
-0.544755 0.995685 -5.471501 51 84 46 0 0.825348 0.015106 0.564423
-0.483409 0.742266 -5.533578 54 78 46 0 0.744860 0.006935 0.667184
-0.600990 0.897093 -5.360493 80 97 72 0 0.705025 0.373055 0.603133
-0.387007 1.146861 -5.675990 55 82 42 0 0.753273 -0.142836 0.642011
-0.569586 0.966473 -5.432794 50 80 45 0 0.858253 0.062799 0.509370
-0.405995 1.103042 -5.659923 49 81 38 0 0.721813 -0.046982 0.690492
-0.595147 0.802882 -5.341505 69 90 56 0 0.879780 0.094312 0.465932
-0.497285 0.907317 -5.529926 58 83 50 0 0.798609 0.023611 0.601387
-0.362906 0.855465 -5.677450 46 79 36 0 0.742825 -0.133021 0.656137
-0.580541 0.902205 -5.394818 53 87 46 0 0.851398 0.199711 0.485012
-0.506049 0.879565 -5.513859 54 85 45 0 0.849522 0.063188 0.523755
-0.414759 1.085514 -5.648968 49 81 41 0 0.821901 0.015093 0.569430
-0.329312 0.799230 -5.736606 25 41 20 0 0.986180 -0.086632 0.141222
-0.351221 0.743726 -5.700090 45 77 35 0 0.801930 -0.064097 0.593969
-0.397231 0.675807 -5.632901 47 78 40 0 0.831446 0.054867 0.552890
-0.462960 1.170961 -5.595655 52 82 43 0 0.752971 0.023837 0.657622
-0.482678 1.169501 -5.575936 46 76 40 0 0.729890 -0.117436 0.673401
-0.343918 0.802882 -5.707393 43 74 32 0 0.793430 -0.094629 0.601260
-0.441050 0.925575 -5.599307 47 80 42 0 0.778406 0.032258 0.626932
-0.424253 0.860577 -5.610991 45 77 39 0 0.752971 0.023837 0.657622
-0.542564 1.109615 -5.486107 48 80 40 0 0.812147 0.015167 0.583256
-0.408916 0.758332 -5.623407 45 74 36 0 0.798265 0.055297 0.599762
-0.583462 1.000798 -5.416727 57 87 51 0 0.760720 0.023816 0.648643
-0.462230 0.882486 -5.570094 55 85 49 0 0.798281 0.046625 0.600477
-0.494363 0.996416 -5.549645 103 116 95 0 0.830521 0.072404 0.552261
-0.503127 1.291464 -5.532117 51 84 41 0 0.870237 -0.031323 0.491636
-0.388468 0.889059 -5.648968 48 82 44 0 0.614253 0.015252 0.788962
-0.324200 0.920463 -5.692787 53 83 48 0 0.260624 0.038291 0.964681
-0.343188 0.779512 -5.708854 43 74 32 0 0.759391 0.064598 0.647420
-0.379704 0.813837 -5.662844 47 78 36 0 0.752902 -0.104611 0.649765
-0.392119 0.801421 -5.649698 57 88 49 0 0.752971 0.023837 0.657622
-0.420601 1.130794 -5.642395 53 83 46 0 0.698706 0.006945 0.715375
-0.428635 0.648785 -5.589082 45 75 37 0 0.751975 0.120138 0.648152
-0.401613 0.883947 -5.635822 46 79 40 0 0.667300 -0.038253 0.743806
-0.384816 0.872262 -5.651159 61 92 52 0 0.546028 0.046084 0.836498
-0.463690 1.159276 -5.596385 55 86 48 0 0.713646 -0.038307 0.699458
-0.486330 0.911699 -5.545263 85 98 79 0 0.791038 0.055387 0.609255
-0.378973 0.695525 -5.659923 39 70 29 0 0.798410 0.015221 0.601921
-0.563013 1.210399 -5.451782 17 26 15 0 0.791242 -0.245020 0.560268
-0.534531 0.656818 -5.445209 49 80 38 0 0.912341 0.103518 0.396130
-0.536722 1.093548 -5.493411 48 81 37 0 0.875645 0.031225 0.481944
-0.557901 1.198714 -5.459085 54 84 48 0 0.835646 -0.031768 0.548349
-0.401613 0.968664 -5.650429 52 84 50 0 0.693011 0.175930 0.699131
-0.327121 0.847431 -5.722000 48 68 35 0 0.850086 -0.135606 0.508885
-0.490712 0.797770 -5.525544 90 102 84 0 0.733013 -0.038281 0.679136
-0.529419 0.795579 -5.467849 51 84 43 0 0.799824 0.125666 0.586932
-0.420601 0.975237 -5.630710 48 80 45 0 0.765107 0.126280 0.631399
-0.457117 1.186298 -5.600767 49 81 40 0 0.726264 -0.006943 0.687381
-0.463690 0.946754 -5.577397 46 80 41 0 0.772347 0.064482 0.631920
-0.398692 0.657549 -5.626328 53 86 52 0 0.752118 0.229857 0.617644
-0.430096 0.893441 -5.608070 43 73 36 0 0.723559 -0.006944 0.690228
-0.554980 1.042426 -5.459085 50 83 42 0 0.853039 0.101791 0.511823
-0.435208 0.875914 -5.600767 45 76 39 0 0.785794 0.001371 0.618487
-0.516273 0.691874 -5.489028 82 100 67 0 0.908249 0.017038 0.418083
-0.516273 0.978158 -5.512399 58 90 46 0 0.849884 0.111105 0.515125
-0.585653 0.842319 -5.363414 49 84 38 0 0.912341 0.103518 0.396130
-0.588574 1.036583 -5.408694 54 83 46 0 0.870059 -0.159389 0.466469
-0.375322 1.107424 -5.699360 12 19 9 0 0.730157 -0.349630 0.587052
-0.521385 0.731311 -5.479535 49 79 37 0 0.815008 0.006849 0.579409
-0.550598 1.098660 -5.472961 52 84 45 0 0.847185 0.031683 0.530352
-0.455657 1.353541 -5.593464 29 42 19 0 0.906456 0.038715 0.420521
-0.397962 1.070178 -5.673799 47 79 38 0 0.846759 -0.048664 0.529746
-0.527228 1.075290 -5.509478 47 82 38 0 0.873470 0.039641 0.485261
-0.364367 0.709401 -5.681832 41 73 29 0 0.840871 0.001350 0.541234
-0.462960 0.812376 -5.561330 43 75 35 0 0.773650 0.055566 0.631173
-0.588574 0.973776 -5.407233 60 92 55 0 0.809200 0.128234 0.573368
-0.549137 0.930687 -5.456164 53 88 44 0 0.861144 0.039830 0.506798
-0.386277 1.167310 -5.675990 46 59 38 0 0.776245 0.070568 0.626469
-0.506779 0.778051 -5.502174 48 81 35 0 0.815934 0.023550 0.577665
-0.401613 1.012483 -5.662114 51 85 45 0 0.789882 0.085510 0.607267
-0.389928 0.635639 -5.626328 54 87 51 0 0.651471 0.341247 0.677595
-0.448354 0.655358 -5.568633 44 76 38 0 0.751975 0.120138 0.648152
-0.479027 1.099391 -5.578857 50 82 46 0 0.691018 -0.032502 0.722107
-0.590765 0.838667 -5.351729 56 86 43 0 0.905551 0.095394 0.413374
-0.493633 1.340395 -5.541611 53 82 44 0 0.911070 0.024979 0.411494
-0.544025 0.835746 -5.450322 54 85 47 0 0.900566 0.078370 0.427597
-0.417680 0.707941 -5.608800 42 72 35 0 0.772175 0.142440 0.619239
-0.411107 0.824061 -5.624867 40 73 33 0 0.799835 0.001367 0.600218
-0.382625 1.025628 -5.691326 52 84 45 0 0.837246 0.204391 0.507192
-0.530149 0.770018 -5.467849 46 77 37 0 0.825348 0.015106 0.564423
-0.403074 1.027819 -5.662114 54 86 48 0 0.694573 0.149810 0.703652
-0.514812 1.021977 -5.522623 48 80 36 0 0.813900 0.078950 0.575616
-0.582732 0.881756 -5.382402 59 93 46 0 0.868635 0.143564 0.474196
-0.548407 0.900014 -5.449592 52 86 43 0 0.854712 0.166809 0.491570
-0.489251 1.334552 -5.550375 56 85 49 0 0.908249 -0.017038 0.418083
-0.524306 0.858386 -5.483186 51 86 39 0 0.833029 0.087461 0.546272
-0.390658 1.028550 -5.680372 54 86 46 0 0.823703 0.118508 0.554500
-0.378243 1.064335 -5.709584 57 82 41 0 0.900917 -0.072456 0.427901
-0.536722 0.767827 -5.454704 51 81 43 0 0.879687 -0.014728 0.475325
-0.522846 0.620303 -5.462737 64 86 59 0 0.886062 0.213775 0.411333
-0.416950 0.928496 -5.626328 60 89 55 0 0.690306 0.244846 0.680829
-0.330772 0.953327 -5.702281 43 57 39 0 0.301483 0.851881 0.428260
-0.514812 1.175343 -5.532117 52 84 42 0 0.870584 -0.023017 0.491481
-0.513352 0.623954 -5.499253 79 96 75 0 0.951098 -0.008680 0.308766
-0.354873 0.981079 -5.706663 63 92 60 0 0.809742 0.318509 0.492818
-0.563744 0.674346 -5.382402 57 84 46 0 0.960546 -0.030985 0.276389
-0.543295 0.879565 -5.456164 47 79 37 0 0.846759 0.048664 0.529746
-0.537452 0.640751 -5.420379 59 87 55 0 0.998152 0.055745 -0.024191
-0.545486 0.850352 -5.448861 49 81 39 0 0.896642 0.064143 0.438085
-0.408186 0.689683 -5.620486 50 77 42 0 0.782598 0.006901 0.622490
-0.443241 1.243993 -5.612452 48 82 40 0 0.704306 -0.006946 0.709863
-0.459308 0.769287 -5.562060 39 70 32 0 0.779285 0.015280 0.626484
-0.371670 0.940181 -5.670877 50 81 50 0 0.553331 0.196638 0.809418
-0.517003 0.935069 -5.505826 51 84 38 0 0.831745 0.015073 0.554953
-0.522115 0.830634 -5.485377 52 85 43 0 0.821582 -0.006835 0.570049
-0.398692 1.055571 -5.671608 45 79 35 0 0.841410 0.096038 0.531794
-0.446893 0.638561 -5.569364 49 82 43 0 0.722131 0.001381 0.691755
-0.446163 1.064335 -5.611722 48 81 42 0 0.777316 0.040911 0.627778
-0.500936 0.745187 -5.508747 49 80 38 0 0.799155 -0.006877 0.601086
-0.462230 0.785354 -5.559139 62 88 52 0 0.747024 0.079779 0.659992
-0.503127 0.725468 -5.506556 51 83 38 0 0.836582 -0.054651 0.545109
-0.387007 1.062144 -5.692057 49 84 37 0 0.896251 0.001308 0.443546
-0.449084 0.921193 -5.588352 49 82 42 0 0.752902 0.104611 0.649765
-0.582732 1.081863 -5.424030 57 90 53 0 0.794590 0.197499 0.574126
-0.488521 1.087705 -5.570094 53 83 51 0 0.719141 0.143225 0.679943
-0.541834 1.180456 -5.486837 53 87 44 0 0.828614 -0.093669 0.551929
-0.360715 0.786085 -5.687675 50 84 42 0 0.832241 0.006810 0.554373
-0.432287 0.737884 -5.593464 70 97 62 0 0.774485 0.023723 0.632147
-0.464420 0.653897 -5.551836 45 76 40 0 0.738435 0.038268 0.673238
-0.553519 0.786085 -5.422570 47 80 34 0 0.879960 0.001323 0.475046
-0.476106 0.761254 -5.543072 46 74 35 0 0.734433 0.023873 0.678262
-0.449084 0.848892 -5.581048 47 80 40 0 0.778326 0.023755 0.627411
-0.529419 0.652437 -5.456894 47 77 37 0 0.933483 0.135307 0.332118
-0.463690 0.797770 -5.559139 47 79 41 0 0.775292 -0.006910 0.631566
-0.465151 0.670694 -5.552566 51 76 40 0 0.760442 0.015292 0.649226
-0.505318 1.146861 -5.546723 47 77 39 0 0.805352 -0.046544 0.590967
-0.458578 1.265903 -5.593464 48 81 37 0 0.805568 -0.094346 0.584944
-0.430096 0.710862 -5.594194 46 77 40 0 0.781002 0.001373 0.624527
-0.519925 0.884677 -5.493411 50 84 37 0 0.847394 0.040089 0.529449
-0.533801 1.019056 -5.491950 46 78 39 0 0.873436 0.103676 0.475774
-0.561553 0.926305 -5.434255 54 90 46 0 0.871193 0.118734 0.476367
-0.497285 1.106694 -5.557678 74 91 64 0 0.864418 0.048253 0.500453
-0.387737 1.156355 -5.674529 52 82 43 0 0.744904 -0.055761 0.664837
-0.489982 1.112536 -5.567173 55 81 48 0 0.713646 -0.038307 0.699458
-0.521385 1.230117 -5.513129 51 83 42 0 0.887950 -0.022768 0.459377
-0.545486 0.746647 -5.434985 46 79 36 0 0.890746 0.039198 0.452807
-0.462960 1.139558 -5.597116 50 83 47 0 0.706003 -0.055850 0.706003
-0.355603 0.924845 -5.678911 53 84 56 0 0.642958 0.229963 0.730563
-0.490712 1.386405 -5.548914 58 84 54 0 0.795510 0.174255 0.580344
-0.422792 0.946024 -5.622676 44 74 39 0 0.746508 0.095330 0.658511
-0.425714 0.800691 -5.605149 46 80 41 0 0.763393 0.055649 0.643533
-0.386277 1.087705 -5.688405 46 77 32 0 0.847694 -0.095777 0.521768
-0.547677 1.115457 -5.477344 46 79 41 0 0.854025 -0.014935 0.520018
-0.530149 1.214780 -5.500714 51 85 41 0 0.854755 -0.110615 0.507107
-0.452735 1.065796 -5.603688 55 85 47 0 0.767207 0.064531 0.638144
-0.565204 0.983270 -5.440097 46 79 40 0 0.830730 -0.040354 0.555211
-0.386277 0.683110 -5.649698 46 78 39 0 0.832034 0.023379 0.554231
-0.505318 0.659009 -5.510938 112 116 99 0 0.678782 0.006941 0.734307
-0.411838 1.144670 -5.648968 49 78 37 0 0.763393 -0.055649 0.643533
-0.493633 1.206747 -5.561330 59 85 51 0 0.868298 -0.079956 0.489557
-0.341727 0.963552 -5.713966 17 20 15 0 0.799219 -0.134933 -0.585698
-0.481218 0.637830 -5.536499 46 76 45 0 0.686072 -0.047069 0.726010
-0.394310 0.910969 -5.644586 45 77 41 0 0.633391 0.095082 0.767968
-0.438129 0.705750 -5.583240 48 78 40 0 0.767863 0.006918 0.640577
-0.549137 0.920463 -5.454704 57 92 48 0 0.864673 0.103989 0.491453
-0.524306 1.085514 -5.515320 51 84 42 0 0.879713 0.088392 0.467216
-0.587114 0.753951 -5.356841 44 76 33 0 0.866703 -0.191119 0.460760
-0.563013 0.807994 -5.405772 51 85 39 0 0.911026 0.080345 0.404446
-0.408186 0.650246 -5.613913 51 83 47 0 0.747024 0.079779 0.659992
-0.457848 0.681649 -5.561330 57 80 47 0 0.755099 -0.079713 0.650747
-0.397231 0.760523 -5.638743 46 76 38 0 0.799835 0.001367 0.600218
-0.365097 0.696986 -5.681832 42 74 29 0 0.863912 -0.110317 0.491413
-0.419871 0.724008 -5.609531 53 83 45 0 0.765665 0.079606 0.638295
-0.500206 0.757602 -5.509478 50 80 39 0 0.809250 0.006846 0.587425
-0.517003 1.271745 -5.513129 53 84 41 0 0.855857 -0.031496 0.516253
-0.423523 0.827713 -5.610261 44 75 35 0 0.788444 0.006880 0.615069
-0.468072 0.898553 -5.563521 47 78 35 0 0.744341 0.110985 0.658512
-0.465881 0.963552 -5.578127 51 85 47 0 0.706165 0.104672 0.700268
-0.393580 0.767827 -5.644586 46 79 40 0 0.793488 0.125599 0.595485
-0.509700 0.912429 -5.514590 54 84 43 0 0.792878 0.001369 0.609379
-0.459308 0.932878 -5.578127 53 87 47 0 0.753279 0.198718 0.626962
-0.446893 1.110345 -5.613183 51 82 44 0 0.734433 -0.023873 0.678262
-0.452005 0.771478 -5.570824 40 71 32 0 0.767314 0.038154 0.640135
-0.548407 1.243263 -5.467119 21 39 16 0 0.809391 -0.166683 0.563120
-0.605372 0.956248 -5.377290 74 101 70 0 0.783358 0.262166 0.563578
-0.547677 0.986922 -5.467119 52 82 44 0 0.821872 0.031985 0.568774
-0.368749 0.659009 -5.686214 32 37 27 0 0.918118 -0.141141 -0.370322
-0.371670 0.858386 -5.667226 48 82 40 0 0.758233 -0.165626 0.630595
-0.527958 1.113997 -5.512399 51 83 43 0 0.846759 0.048664 0.529746
-0.576159 0.758332 -5.375099 47 81 33 0 0.886710 -0.064613 0.457790
-0.409647 0.666313 -5.614643 46 79 41 0 0.794971 0.144676 0.589144
-0.506049 1.078211 -5.544533 52 81 43 0 0.761667 0.085924 0.642247
-0.424983 0.843780 -5.610991 54 84 47 0 0.759587 0.055789 0.648009
-0.454926 1.214050 -5.602958 47 82 38 0 0.723559 0.006944 0.690228
-0.368749 0.668504 -5.689866 39 46 33 0 0.962511 -0.134152 -0.235744
-0.446893 1.330901 -5.605879 31 46 23 0 0.885003 0.001319 0.465583
-0.487791 0.928496 -5.545263 106 116 98 0 0.816001 0.087788 0.571345
-0.533070 1.116188 -5.502904 52 86 45 0 0.887417 0.039290 0.459289
-0.457848 0.841589 -5.568633 50 81 42 0 0.783814 0.070471 0.616984
-0.541834 0.656818 -5.425491 55 88 48 0 0.903637 0.213904 0.371059
-0.512621 0.612269 -5.502904 49 48 39 0 0.961669 0.253613 0.104277
-0.415489 1.152704 -5.644586 47 76 38 0 0.772347 -0.064482 0.631920
-0.441781 0.907317 -5.597116 56 81 45 0 0.767863 0.006918 0.640577
-0.481948 0.604966 -5.524814 49 76 47 0 0.552935 0.395423 0.733419
-0.597338 0.937990 -5.381672 62 93 57 0 0.792127 0.167478 0.586929
-0.465151 1.240342 -5.586161 50 82 41 0 0.792156 -0.088339 0.603892
-0.504588 1.321407 -5.524814 55 89 40 0 0.846185 -0.054547 0.530090
-0.603181 0.907317 -5.364144 80 101 74 0 0.731255 0.300538 0.612326
-0.506779 0.995685 -5.531387 67 94 57 0 0.845664 0.142165 0.514433
-0.540373 0.871532 -5.460546 50 84 39 0 0.799081 0.032187 0.600361
-0.587114 0.775130 -5.348808 54 85 38 0 0.941345 0.119515 0.315572
-0.443972 0.672155 -5.576666 58 89 52 0 0.721022 0.120418 0.682369
-0.549137 0.732041 -5.425491 44 78 35 0 0.893111 0.001311 0.449834
-0.354143 0.996416 -5.719809 65 84 54 0 0.856301 0.332920 0.394858
-0.480487 0.810915 -5.540151 57 82 51 0 0.745088 0.047013 0.665308
-0.455657 0.833555 -5.572285 47 80 40 0 0.781257 0.046790 0.622453
-0.506779 0.859116 -5.509478 46 80 34 0 0.819076 0.046363 0.571808
-0.481218 1.253487 -5.567903 48 80 42 0 0.539826 -0.133853 0.831067
-0.504588 1.406124 -5.535769 77 99 69 0 0.823205 0.127663 0.553205
-0.456387 0.629797 -5.557678 56 78 46 0 0.697515 0.199511 0.688236
-0.502397 1.430954 -5.544533 85 108 85 0 0.712708 0.199435 0.672512
-0.402344 1.188489 -5.657001 57 85 50 0 0.683136 -0.047064 0.728773
-0.460769 0.637830 -5.554757 44 68 40 0 0.688540 0.101733 0.718027
-0.487060 0.854004 -5.535769 143 141 132 0 0.824795 0.112009 0.554227
-0.481218 1.211129 -5.575206 52 81 43 0 0.674019 -0.111102 0.730311
-0.573238 1.113997 -5.440828 57 88 57 0 0.735563 0.117393 0.667208
-0.465151 1.329440 -5.579588 50 84 38 0 0.777074 -0.126293 0.616608
-0.494363 1.235960 -5.553297 50 80 42 0 0.818867 -0.166169 0.549404
-0.447623 0.612269 -5.562060 48 82 42 0 0.722288 0.182489 0.667081
-0.581271 1.100851 -5.429873 67 96 67 0 0.746274 0.142648 0.650174
-0.395040 0.711592 -5.638743 44 73 34 0 0.849522 0.063188 0.523755
-0.473184 1.252757 -5.576666 50 80 41 0 0.733987 -0.095228 0.672455
-0.535991 1.260790 -5.481725 54 83 41 0 0.844539 -0.148863 0.514387
-0.449814 0.736423 -5.572285 45 78 38 0 0.785794 0.001371 0.618487
-0.371670 0.908778 -5.664305 49 82 47 0 0.643533 0.055649 0.763393
-0.427905 1.272475 -5.628519 53 78 47 0 0.856776 -0.086386 0.508401
-0.513352 1.415618 -5.527735 17 25 19 0 0.656335 0.410417 0.633073
-0.502397 1.210399 -5.546723 43 76 33 0 0.810309 -0.094222 0.578378
-0.397962 0.854734 -5.638013 53 84 45 0 0.734307 -0.006941 0.678782
-0.390658 1.112536 -5.676720 52 83 41 0 0.758067 -0.070753 0.648328
-0.367288 0.665582 -5.680372 53 83 40 0 0.950267 0.143008 0.276660
-0.451275 0.645133 -5.564251 45 77 39 0 0.611198 0.079470 0.787478
-0.448354 0.836476 -5.581048 46 79 41 0 0.767241 0.032379 0.640541
-0.496554 0.890520 -5.530657 89 106 79 0 0.808970 0.103490 0.578669
-0.421332 0.985461 -5.632171 53 84 50 0 0.752459 0.205497 0.625761
-0.530879 1.083323 -5.502904 48 80 38 0 0.868298 0.079956 0.489557
-0.368749 0.997876 -5.700090 49 82 46 0 0.705835 0.340691 0.621069
-0.545486 1.222084 -5.475152 52 83 45 0 0.807109 -0.125419 0.576928
-0.588574 1.057032 -5.404312 62 86 51 0 0.908232 0.022409 0.417866
-0.574698 0.900014 -5.403582 47 79 37 0 0.849263 0.229407 0.475526
-0.466611 1.064335 -5.589082 54 86 47 0 0.722131 0.001381 0.691755
-0.444702 0.622494 -5.567903 49 82 40 0 0.703652 0.149810 0.694573
-0.463690 0.737884 -5.556948 47 79 38 0 0.751669 0.055838 0.657173
-0.439590 0.934339 -5.602228 51 83 49 0 0.710394 0.182585 0.679708
-0.557171 0.932148 -5.443749 52 85 43 0 0.838757 0.126908 0.529511
-0.491442 1.396629 -5.551106 62 87 58 0 0.842198 0.126986 0.524002
-0.416220 1.195792 -5.643856 57 88 46 0 0.771205 -0.046869 0.634859
-0.546216 1.094278 -5.480265 48 79 40 0 0.838844 0.001351 0.544370
-0.573968 1.176074 -5.442288 42 55 38 0 0.772175 -0.142440 0.619239
-0.491442 1.441179 -5.563521 37 44 27 0 0.901730 0.236063 0.362158
-0.577620 0.886138 -5.393357 57 90 47 0 0.877034 0.149313 0.456637
-0.466611 1.227926 -5.587621 45 78 38 0 0.682292 -0.104628 0.723554
-0.340997 0.950406 -5.708854 37 49 26 0 -0.300369 -0.079318 -0.950519
-0.527958 1.262981 -5.494141 56 88 45 0 0.901708 -0.110442 0.418001
-0.384086 0.905856 -5.652619 47 79 45 0 0.713510 0.079925 0.696072
-0.469533 0.728390 -5.549645 47 78 39 0 0.738228 0.006925 0.674516
-0.579811 0.783163 -5.367796 50 84 37 0 0.894481 0.064381 0.442446
-0.537452 0.742996 -5.450322 52 83 43 0 0.892387 0.039152 0.449569
-0.598068 0.962821 -5.391166 72 101 72 0 0.801582 0.173601 0.572127
-0.540373 0.895632 -5.464928 54 89 44 0 0.858589 0.014873 0.512449
-0.496554 0.955518 -5.536499 54 79 46 0 0.787196 0.088433 0.610330
-0.478296 1.235960 -5.574476 47 77 39 0 0.697765 -0.133551 0.703767
-0.561553 1.131524 -5.455434 47 79 42 0 0.822094 0.001359 0.569351
-0.569586 0.799230 -5.390436 44 76 33 0 0.879853 -0.006655 0.475200
-0.539643 0.826252 -5.456164 46 78 38 0 0.878541 0.056370 0.474330
-0.543295 0.813106 -5.447401 62 93 53 0 0.896004 0.119938 0.427542
-0.479757 0.821140 -5.541611 58 85 51 0 0.734474 0.086151 0.673146
-0.401613 0.783894 -5.634362 61 90 51 0 0.720669 0.080074 0.688639
-0.572507 0.914620 -5.413075 52 83 44 0 0.861505 0.157038 0.482854
-0.514812 0.643673 -5.494871 55 82 44 0 0.913906 -0.024913 0.405161
-0.530149 1.290003 -5.488298 15 21 14 0 0.864066 0.220900 0.452320
-0.516273 0.612269 -5.478804 63 81 56 0 0.953230 0.008632 0.302123
-0.533801 1.193601 -5.497792 51 84 41 0 0.886597 -0.102570 0.451026
-0.445432 1.132985 -5.613913 44 76 36 0 0.752587 -0.110892 0.649088
-0.557901 0.816758 -5.417458 46 79 37 0 0.904479 0.063734 0.421729
-0.377513 0.972315 -5.676720 57 87 55 0 0.688657 0.308041 0.656401
-0.437399 1.050459 -5.620486 47 78 36 0 0.726270 0.015334 0.687238
-0.439590 0.653897 -5.577397 44 76 38 0 0.736439 0.070895 0.672779
-0.456387 1.280509 -5.594924 49 82 38 0 0.736777 -0.055795 0.673829
-0.420601 0.836476 -5.613913 50 79 42 0 0.736989 0.047042 0.674266
-0.508970 1.117648 -5.543072 51 83 44 0 0.826406 0.087671 0.556207
-0.449084 0.900744 -5.587621 51 81 45 0 0.802126 0.001366 0.597153
-0.506779 0.840128 -5.506556 56 92 42 0 0.791951 0.032239 0.609733
-0.419141 1.216241 -5.640204 51 85 43 0 0.767863 -0.006918 0.640577
-0.368749 0.727659 -5.675990 42 76 35 0 0.799081 0.032187 0.600361
-0.323469 0.903666 -5.696438 50 81 48 0 0.419147 -0.445040 0.791363
-0.563744 0.994225 -5.441558 45 77 39 0 0.844128 0.015001 0.535932
-0.361446 0.717435 -5.685484 43 76 33 0 0.822021 -0.040473 0.568018
-0.479757 0.717435 -5.537230 45 76 38 0 0.744860 0.006935 0.667184
-0.560092 1.149782 -5.456894 50 80 46 0 0.811620 -0.032019 0.583308
-0.544755 0.858386 -5.452513 60 88 50 0 0.892385 0.087434 0.442723
-0.514812 1.051190 -5.527005 56 89 45 0 0.876970 0.085592 0.472862
-0.529419 0.749569 -5.467119 66 91 53 0 0.888003 0.078964 0.453006
-0.533801 0.747378 -5.457625 50 78 40 0 0.883256 0.088186 0.460525
-0.392119 0.676537 -5.640204 45 78 39 0 0.798281 0.046625 0.600477
-0.410377 0.730580 -5.621216 40 71 33 0 0.783814 -0.070471 0.616984
-0.484139 1.009562 -5.564251 56 85 51 0 0.724140 0.095475 0.683012
-0.430826 1.151243 -5.628519 54 84 46 0 0.743704 -0.120240 0.657607
-0.555710 0.884677 -5.436446 53 84 44 0 0.902494 0.101513 0.418568
-0.511891 0.635639 -5.502174 80 95 66 0 0.881909 -0.047856 0.468984
-0.460039 1.015404 -5.592003 53 84 48 0 0.714566 0.159298 0.681189
-0.432287 1.084054 -5.627789 48 79 41 0 0.699458 -0.038307 0.713646
-0.481948 1.345507 -5.558409 52 83 43 0 0.713510 -0.079925 0.696072
-0.409647 0.924114 -5.632901 49 81 47 0 0.720669 0.080074 0.688639
-0.414759 1.166580 -5.643126 43 54 34 0 0.734307 0.006941 0.678782
-0.335154 0.921193 -5.689136 51 84 55 0 0.626469 -0.070568 0.776245
-0.475375 0.941642 -5.562790 53 85 48 0 0.784215 0.110349 0.610599
-0.384086 0.838667 -5.655541 49 85 45 0 0.696518 -0.095313 0.711181
-0.433017 0.772939 -5.595655 44 77 38 0 0.727510 0.001380 0.686096
-0.520655 0.963552 -5.502904 47 80 37 0 0.823973 0.063819 0.563024
-0.517734 1.328710 -5.502174 42 58 34 0 0.817161 -0.078711 0.571011
-0.514812 1.162928 -5.532847 50 82 40 0 0.870868 0.014806 0.491293
-0.403074 1.080402 -5.664305 45 77 35 0 0.806665 0.001365 0.591008
-0.559362 0.862037 -5.422570 47 80 38 0 0.895676 0.087214 0.436071
-0.424983 1.166580 -5.633631 47 71 38 0 0.729664 -0.064763 0.680732
-0.525037 1.241802 -5.505095 52 85 44 0 0.804515 -0.079156 0.588634
-0.585653 1.077481 -5.416727 55 86 50 0 0.760638 0.246227 0.600668
-0.519194 1.073099 -5.522623 46 79 37 0 0.902965 0.095413 0.418987
-0.555710 0.956979 -5.451782 46 78 38 0 0.779638 0.088562 0.619936
-0.363637 0.897093 -5.670877 53 87 49 0 0.604221 0.040845 0.795769
-0.476106 1.047538 -5.578857 54 84 46 0 0.781002 0.001373 0.624527
-0.530879 0.601314 -5.516780 66 43 40 0 -0.102019 -0.111400 0.988525
-0.384816 0.695525 -5.653350 45 78 38 0 0.812787 0.006853 0.582520
-0.522115 0.996416 -5.507287 53 86 44 0 0.847692 0.023281 0.529978
-0.542564 0.759063 -5.443749 63 91 54 0 0.889714 0.070350 0.451065
-0.418411 1.054111 -5.643126 46 78 39 0 0.788444 0.006880 0.615069
-0.485600 1.303149 -5.559869 55 85 43 0 0.726270 0.015334 0.687238
-0.351952 0.718165 -5.700090 49 81 39 0 0.846185 -0.054547 0.530090
-0.475375 0.788275 -5.545263 46 77 38 0 0.760742 -0.032342 0.648248
-0.500206 1.266633 -5.540151 51 85 36 0 0.854781 -0.071819 0.513995
-0.451275 1.117648 -5.609531 50 84 44 0 0.723559 0.006944 0.690228
-0.411838 0.784624 -5.621946 41 72 36 0 0.809344 -0.032039 0.586461
-0.434477 0.980349 -5.614643 49 83 45 0 0.810228 0.078872 0.580783
-0.536722 0.640021 -5.432794 52 84 43 0 0.965936 0.135412 0.220527
-0.468072 1.271745 -5.581048 47 79 39 0 0.703437 -0.101755 0.703437
-0.457117 0.713053 -5.563521 46 79 40 0 0.694569 0.001381 0.719425
-0.557901 0.754681 -5.412345 47 81 37 0 0.893001 0.014596 0.449818
-0.487060 0.897823 -5.542342 106 115 98 0 0.823027 0.078724 0.562521
-0.422792 0.904396 -5.617564 47 79 43 0 0.769784 0.064507 0.635036
-0.506049 0.757602 -5.501444 49 82 36 0 0.808912 0.001364 0.587928
-0.429365 1.222084 -5.627789 51 84 40 0 0.773650 -0.055566 0.631173
-0.524306 0.697716 -5.471501 45 74 34 0 0.887715 0.030982 0.459349
-0.523576 1.167310 -5.517511 46 79 38 0 0.847394 -0.040089 0.529449
-0.516273 0.826982 -5.491950 49 83 38 0 0.792016 0.040797 0.609135
-0.566665 0.682380 -5.375099 65 88 55 0 0.953817 0.094991 0.284974
-0.576889 0.855465 -5.386054 53 85 40 0 0.904828 0.110141 0.411285
-0.479757 1.030741 -5.571554 53 82 46 0 0.710585 0.046993 0.702041
-0.411838 0.614460 -5.604419 49 83 44 0 0.769784 -0.064507 0.635036
-0.368749 0.632718 -5.646777 51 74 45 0 0.681121 0.563975 0.466911
-0.457117 0.825522 -5.568633 43 75 33 0 0.773740 0.046850 0.631769
-0.503127 1.414887 -5.539421 74 95 69 0 0.783393 0.125876 0.608647
-0.438859 1.116188 -5.621216 46 77 41 0 0.745961 0.001379 0.665988
-0.546946 0.792657 -5.435715 45 79 34 0 0.886622 0.056185 0.459070
-0.455657 1.230847 -5.599307 47 80 38 0 0.765461 -0.119927 0.632208
-0.539643 0.991304 -5.478804 44 75 37 0 0.814564 0.046426 0.578214
-0.442511 1.016865 -5.612452 46 76 39 0 0.761831 0.079811 0.642840
-0.549868 1.230847 -5.467849 50 76 42 0 0.804357 -0.055326 0.591564
-0.597338 1.002258 -5.402121 59 91 55 0 0.690492 0.046982 0.721813
-0.574698 0.818218 -5.381672 45 80 34 0 0.896251 0.001308 0.443546
-0.433747 1.127873 -5.627059 44 75 37 0 0.700003 -0.015369 0.713975
-0.412568 0.886868 -5.624867 40 70 31 0 0.752644 0.006930 0.658391
-0.579811 1.040965 -5.422570 47 79 38 0 0.846861 0.001346 0.531813
-0.516273 0.767096 -5.486107 46 80 34 0 0.815008 0.006849 0.579409
-0.540373 0.681649 -5.437906 48 81 37 0 0.903843 0.001300 0.427862
-0.584923 1.154164 -5.432064 18 22 18 0 0.744653 0.070850 0.663681
-0.590765 0.936530 -5.391166 57 89 52 0 0.856218 0.135192 0.498612
-0.396501 1.180456 -5.663574 46 71 40 0 0.749927 -0.165805 0.640404
-0.532340 0.996416 -5.489028 43 74 34 0 0.855542 0.063010 0.513885
-0.555710 1.116918 -5.464198 48 78 41 0 0.844879 0.001347 0.534955
-0.560822 0.840858 -5.418918 62 93 51 0 0.899781 0.119316 0.419711
-0.443972 1.093548 -5.616104 53 82 45 0 0.777427 0.064428 0.625664
-0.333694 0.802882 -5.721269 53 82 39 0 0.875957 -0.022945 0.481844
-0.535261 0.679458 -5.447401 41 74 31 0 0.888122 -0.014647 0.459374
-0.373861 0.618842 -5.632171 6 16 9 0 0.253246 0.586714 0.769177
-0.541834 1.205286 -5.481725 50 82 42 0 0.767968 -0.095082 0.633391
-0.553519 0.711592 -5.414536 40 73 31 0 0.872030 0.079784 0.482906
-0.595877 0.860577 -5.346617 16 21 17 0 0.979865 0.111599 0.165559
-0.492903 1.350619 -5.543072 56 86 48 0 0.876523 0.001326 0.481358
-0.514082 1.265903 -5.518971 50 84 38 0 0.853161 -0.031599 0.520689
-0.506049 0.824061 -5.506556 51 85 39 0 0.791951 -0.032239 0.609733
-0.518464 1.084054 -5.524814 48 79 41 0 0.872030 0.079784 0.482906
-0.555710 0.996416 -5.454704 53 83 46 0 0.837097 0.040258 0.545571
-0.510430 1.374720 -5.517511 37 42 34 0 0.805568 0.094346 0.584944
-0.490712 1.319946 -5.548184 60 89 51 0 0.847896 -0.086927 0.522988
-0.439590 0.691143 -5.581779 43 75 36 0 0.780873 -0.032244 0.623857
-0.413298 1.250566 -5.646777 12 18 9 0 0.794590 0.197499 0.574126
-0.525767 0.716704 -5.470771 50 78 38 0 0.888291 0.001316 0.459279
-0.600990 0.890520 -5.354650 30 39 30 0 0.897169 0.271375 0.348487
-0.609023 0.939451 -5.365605 58 69 53 0 0.830658 0.214904 0.513637
-0.438859 0.843049 -5.593464 45 78 41 0 0.817161 0.078711 0.571011
-0.551328 1.151243 -5.471501 50 83 43 0 0.831745 -0.015073 0.554953
-0.408916 1.027089 -5.654810 52 85 46 0 0.831416 0.031818 0.554739
-0.378973 1.095739 -5.699360 19 33 11 0 0.903172 0.047110 0.426685
-0.579811 0.766366 -5.368526 50 84 35 0 0.895622 -0.039057 0.443097
-0.508239 1.293655 -5.522623 51 84 40 0 0.865851 0.001334 0.500299
-0.380434 0.912429 -5.657732 50 83 51 0 0.645226 0.032332 0.763307
-0.468072 1.346968 -5.573015 59 88 48 0 0.805345 -0.015195 0.592612
-0.352682 0.964282 -5.697169 47 79 46 0 0.712239 0.332595 0.618139
-0.521385 0.691874 -5.478074 47 75 35 0 0.903639 0.030609 0.427199
-0.503127 0.952597 -5.528466 53 84 45 0 0.782029 0.094659 0.616012
-0.489251 0.606427 -5.520432 51 74 51 0 0.521509 0.323750 0.789440
-0.533801 1.248375 -5.489028 51 84 40 0 0.862835 -0.144048 0.484526
-0.576889 1.149052 -5.440097 62 88 62 0 0.665410 -0.015345 0.746320
-0.596608 0.737884 -5.348077 62 73 55 0 0.672704 -0.308121 0.672704
-0.402344 0.829173 -5.634362 41 73 33 0 0.773712 0.001374 0.633537
-0.521385 0.916081 -5.496332 56 83 46 0 0.837137 0.096206 0.538467
-0.508970 0.897823 -5.512399 57 84 46 0 0.847694 0.095777 0.521768
-0.569586 0.687492 -5.359763 12 21 10 0 0.879853 0.475200 0.006655
-0.519925 1.142479 -5.525544 49 83 39 0 0.858222 -0.023122 0.512757
-0.405265 1.217702 -5.657732 47 62 36 0 0.857174 0.286747 0.427820
-0.471724 1.338204 -5.570094 56 85 47 0 0.759534 -0.148899 0.633196
-0.560092 0.735693 -5.407233 40 71 29 0 0.884600 0.022820 0.465791
-0.511891 0.993495 -5.522623 55 85 44 0 0.834066 0.078416 0.546064
-0.392849 1.173883 -5.667956 37 60 33 0 0.735833 -0.133379 0.663898
-0.481948 0.800691 -5.537960 58 80 51 0 0.753685 0.001378 0.657235
-0.519194 0.797770 -5.484647 48 81 38 0 0.836224 0.078351 0.542762
-0.560822 1.178995 -5.457625 59 89 54 0 0.770863 -0.023783 0.636557
-0.460769 0.729120 -5.559869 46 81 37 0 0.774362 -0.015293 0.632558
-0.593687 0.837937 -5.343696 60 76 46 0 0.936535 0.086593 0.339711
-0.507509 1.154894 -5.543802 43 74 32 0 0.805345 0.015195 0.592612
-0.544025 1.195062 -5.480995 51 83 43 0 0.815954 -0.093871 0.570445
-0.454196 1.028550 -5.599307 48 80 43 0 0.766093 0.046904 0.641016
-0.372401 0.879565 -5.664305 49 80 41 0 0.780873 -0.032244 0.623857
-0.424253 0.661931 -5.597116 55 86 49 0 0.770149 0.152221 0.619435
-0.470993 1.177534 -5.588352 50 81 41 0 0.702041 -0.046993 0.710585
-0.522846 1.066526 -5.516050 47 82 38 0 0.862574 0.080207 0.499533
-0.483409 1.319946 -5.559139 50 81 40 0 0.657709 -0.104468 0.745992
-0.514082 1.466740 -5.546723 97 105 81 0 0.618395 0.198935 0.760271
-0.549868 0.754681 -5.427682 43 75 34 0 0.895310 0.047407 0.442914
-0.558631 0.787545 -5.413075 51 85 38 0 0.883251 -0.006641 0.468854
-0.592226 1.050459 -5.398469 56 73 45 0 0.904015 -0.191761 0.382080
-0.582732 0.859116 -5.375099 60 93 48 0 0.880902 0.142732 0.451264
-0.540373 1.243263 -5.478074 48 79 36 0 0.841625 -0.087163 0.532982
-0.538182 1.019056 -5.483916 46 78 39 0 0.846185 0.054547 0.530090
-0.376052 1.079672 -5.711045 12 20 7 0 0.878722 -0.228259 0.419220
-0.607563 0.972315 -5.382402 70 89 69 0 0.807525 0.223031 0.546041
-0.411838 1.235960 -5.648968 49 66 38 0 0.838455 0.006795 0.544928
-0.487060 1.326519 -5.554027 58 85 50 0 0.873667 -0.048004 0.484151
-0.611214 0.992764 -5.387515 65 79 59 0 0.729624 0.182790 0.658966
-0.595877 0.889059 -5.364144 72 98 64 0 0.849150 0.190198 0.492717
-0.411107 1.112536 -5.654810 55 89 48 0 0.800939 -0.070208 0.594615
-0.560822 1.027089 -5.450322 47 78 40 0 0.821309 0.046330 0.568599
-0.519194 0.943103 -5.502174 49 83 39 0 0.820417 0.063763 0.568199
-0.333694 0.933609 -5.699360 32 50 15 0 0.868225 0.427317 -0.252163
-0.510430 0.848161 -5.503635 51 86 38 0 0.799385 0.094301 0.593373
-0.345379 0.908047 -5.689136 17 22 14 0 0.395189 0.915814 -0.071485
-0.550598 0.980349 -5.462007 48 80 42 0 0.842770 0.045969 0.536308
-0.571777 0.718895 -5.384593 55 85 47 0 0.845910 0.135872 0.515728
-0.470263 1.080402 -5.586161 50 84 45 0 0.705324 0.070967 0.705324
-0.609753 0.931418 -5.361953 54 63 49 0 0.897156 0.159335 0.411974
-0.506779 0.640021 -5.509478 108 96 84 0 0.818162 -0.063808 0.571437
-0.585653 0.932878 -5.398469 53 85 50 0 0.819206 0.279310 0.500886
-0.489251 0.637100 -5.529926 45 73 44 0 0.690492 -0.046982 0.721813
-0.377513 0.806533 -5.666495 53 85 44 0 0.744305 0.079799 0.663055
-0.340267 0.935069 -5.690596 52 80 51 0 0.412197 0.275305 0.868505
-0.491442 0.748108 -5.521163 95 102 84 0 0.809894 -0.015177 0.586380
-0.482678 1.287082 -5.563521 51 82 43 0 0.760742 -0.032342 0.648248
-0.351952 0.891250 -5.681832 48 83 45 0 0.617444 -0.307916 0.723844
-0.560822 0.953327 -5.444479 57 88 50 0 0.810054 0.189975 0.554727
-0.476836 1.260060 -5.571554 48 82 39 0 0.773429 0.032285 0.633061
-0.348300 0.716704 -5.714696 13 16 12 0 0.954159 -0.299175 -0.008618
-0.405265 0.634179 -5.612452 54 88 51 0 0.658324 0.038225 0.751763
-0.577620 1.049729 -5.426221 50 81 41 0 0.874539 0.062368 0.480927
-0.450544 0.752490 -5.572285 47 79 39 0 0.783814 0.070471 0.616984
-0.462960 1.109615 -5.595655 54 87 50 0 0.752644 0.006930 0.658391
-0.473915 0.613730 -5.535769 53 84 50 0 0.604648 0.317642 0.730414
-0.429365 0.959900 -5.616834 45 76 40 0 0.807995 0.064127 0.585689
-0.553519 1.092818 -5.467119 51 84 44 0 0.870015 0.048105 0.490672
-0.388468 0.643673 -5.633631 59 93 57 0 0.711806 0.308288 0.631103
-0.593687 1.109615 -5.422570 69 82 67 0 0.602478 0.260916 0.754283
-0.402344 0.644403 -5.618295 49 83 47 0 0.731582 0.223062 0.644229
-0.347570 0.948945 -5.691326 56 88 59 0 0.537868 0.537868 0.649151
-0.446163 0.985461 -5.602228 50 82 47 0 0.729890 0.117436 0.673401
-0.438129 0.918272 -5.602228 50 81 44 0 0.777918 0.104015 0.619697
-0.389198 0.963552 -5.662114 57 86 54 0 0.650017 0.333969 0.682600
-0.368019 1.013213 -5.722000 13 16 14 0 0.354922 0.087056 -0.930834
-0.363637 0.688952 -5.686214 50 82 37 0 0.866692 -0.119296 0.484370
-0.514082 1.458706 -5.543072 80 89 70 0 0.856642 0.182612 0.482511
-0.508970 1.433145 -5.539421 83 100 76 0 0.848795 0.365994 0.381569
-0.528688 1.122761 -5.511668 54 86 45 0 0.846759 0.048664 0.529746
-0.412568 1.135906 -5.648968 48 79 39 0 0.799155 -0.006877 0.601086
-0.476836 0.973046 -5.565712 53 85 46 0 0.775973 0.119722 0.619300
-0.330042 0.876644 -5.714696 33 41 27 0 0.993015 -0.093980 0.071334
-0.429365 0.756872 -5.598576 41 71 36 0 0.815008 -0.006849 0.579409
-0.399422 0.791927 -5.638743 64 94 54 0 0.783674 0.055469 0.618690
-0.346109 0.839398 -5.699360 43 77 32 0 0.769084 -0.165345 0.617391
-0.357794 0.963552 -5.690596 55 88 56 0 0.680241 0.355692 0.640902
-0.471724 1.354271 -5.569364 51 78 40 0 0.784732 0.040857 0.618487
-0.588574 0.770748 -5.340774 55 78 45 0 0.947991 0.157774 0.276441
-0.525037 1.194332 -5.512399 52 86 41 0 0.869012 -0.062569 0.490818
-0.535991 1.070178 -5.494141 48 81 39 0 0.815569 0.001362 0.578659
-0.500936 1.099391 -5.551836 56 81 52 0 0.785794 0.001371 0.618487
-0.338076 0.740805 -5.717618 46 71 36 0 0.714917 0.104658 0.691332
-0.497285 1.430954 -5.551836 71 94 67 0 0.801296 0.244278 0.546126
-0.568856 1.176074 -5.448861 53 80 47 0 0.728106 -0.070929 0.681785
-0.511891 0.935069 -5.512399 49 83 38 0 0.812147 0.015167 0.583256
-0.512621 0.813106 -5.497792 57 87 45 0 0.810216 0.072877 0.581583
-0.407456 0.766366 -5.627059 50 82 47 0 0.783734 0.046769 0.619334
-0.591496 0.921923 -5.384593 59 90 55 0 0.808858 0.213342 0.547936
-0.384086 1.121300 -5.684023 48 78 36 0 0.768270 -0.079576 0.635161
-0.466611 1.306800 -5.578857 50 83 36 0 0.776641 -0.151723 0.611399
-0.461499 0.924845 -5.574476 52 85 44 0 0.745071 0.032394 0.666198
-0.451275 1.222084 -5.605879 47 80 36 0 0.642023 -0.104310 0.759556
-0.503858 1.182647 -5.548914 51 78 45 0 0.736827 -0.182292 0.651042
-0.546216 1.007371 -5.470771 49 81 40 0 0.821901 -0.015093 0.569430
-0.406725 0.626145 -5.609531 50 85 48 0 0.688639 0.080074 0.720669
-0.518464 0.612269 -5.470040 63 86 58 0 0.957943 0.285265 0.031142
-0.452005 1.165849 -5.607340 47 78 38 0 0.690228 0.006944 0.723559
-0.507509 1.367417 -5.520432 67 85 57 0 0.787934 0.158189 0.595093
-0.557171 1.164389 -5.462737 49 82 42 0 0.830951 0.046086 0.554433
-0.463690 0.608618 -5.543072 52 83 46 0 0.713080 0.237693 0.659560
-0.386277 1.074560 -5.692057 51 84 37 0 0.856700 -0.080448 0.509503
-0.538182 0.943833 -5.475152 48 79 42 0 0.825166 0.102964 0.555428
-0.463690 1.262981 -5.587621 48 80 38 0 0.703767 -0.133551 0.697765
-0.495094 1.322137 -5.539421 55 87 40 0 0.877761 -0.103183 0.467856
-0.455657 1.341125 -5.592733 49 75 37 0 0.810309 -0.094222 0.578378
-0.416950 0.659740 -5.605149 51 84 48 0 0.777683 0.110258 0.618912
-0.564474 1.041695 -5.444479 47 80 39 0 0.805345 -0.015195 0.592612
-0.447623 0.680189 -5.573745 42 73 35 0 0.738435 -0.038268 0.673238
-0.472454 1.097200 -5.586891 54 87 51 0 0.824888 0.054993 0.562616
-0.397962 0.987652 -5.659923 58 89 53 0 0.702812 0.183008 0.687433
-0.397962 0.952597 -5.650429 54 82 47 0 0.644218 0.126463 0.754315
-0.362906 0.874453 -5.675259 47 81 42 0 0.695361 -0.032441 0.717928
-0.481948 1.178265 -5.575936 49 80 45 0 0.691313 -0.023838 0.722162
-0.516273 1.441909 -5.531387 42 55 38 0 0.763128 0.302371 0.571146
-0.516273 0.998607 -5.516780 45 76 32 0 0.855542 0.063010 0.513885
-0.611944 0.913890 -5.358302 12 16 11 0 0.150971 0.150971 0.976942
-0.333694 0.943103 -5.703742 38 55 12 0 0.952900 0.206215 0.222388
-0.496554 0.632718 -5.522623 63 82 58 0 0.678782 -0.006941 0.734307
-0.434477 1.304609 -5.621216 26 38 16 0 0.821309 -0.046330 0.568599
-0.552789 0.856195 -5.435715 51 84 41 0 0.891899 0.093517 0.442460
-0.504588 1.341856 -5.520432 55 86 41 0 0.903843 0.001300 0.427862
-0.573968 0.752490 -5.380942 46 78 35 0 0.880445 -0.079533 0.467431
-0.472454 1.296576 -5.573745 52 84 41 0 0.775292 -0.006910 0.631566
-0.590765 0.909508 -5.380211 55 88 49 0 0.798859 0.268379 0.538328
-0.355603 0.845971 -5.687675 43 75 29 0 0.720462 -0.159260 0.674959
-0.369479 0.661200 -5.672338 53 87 45 0 0.903544 0.238700 0.355853
-0.583462 0.963552 -5.413075 63 94 59 0 0.816432 0.182603 0.547809
-0.433747 0.992764 -5.618295 45 76 37 0 0.769719 0.070498 0.634479
-0.495824 1.054111 -5.559139 90 104 82 0 0.842599 0.078150 0.532841
-0.541104 0.751029 -5.443018 45 77 37 0 0.883942 0.093858 0.458081
-0.568856 0.865689 -5.403582 49 82 38 0 0.885697 0.079254 0.457448
-0.415489 0.911699 -5.625598 48 80 46 0 0.741051 0.015351 0.671273
-0.496554 0.686761 -5.519702 129 122 114 0 0.873412 -0.109711 0.474463
-0.339536 0.949676 -5.697169 50 79 55 0 0.436273 0.442760 0.783345
-0.365097 0.830634 -5.678911 46 77 34 0 0.772798 -0.181387 0.608179
-0.560092 0.909508 -5.432794 52 85 42 0 0.845719 0.111317 0.521888
-0.376782 0.716704 -5.664305 40 72 31 0 0.809344 -0.032039 0.586461
-0.405265 0.845240 -5.630710 53 86 45 0 0.695361 -0.032441 0.717928
-0.551328 0.939451 -5.453243 51 83 45 0 0.826572 0.134079 0.546628
-0.438129 0.802152 -5.588352 44 75 39 0 0.805345 0.015195 0.592612
-0.479027 1.013943 -5.571554 52 84 44 0 0.744401 0.149484 0.650785
-0.381895 0.962091 -5.667226 53 82 50 0 0.673931 0.189688 0.714028
-0.459308 0.849622 -5.569364 54 87 48 0 0.763515 0.046920 0.644083
-0.397962 1.095008 -5.669417 44 77 33 0 0.744653 -0.070850 0.663681
-0.565204 0.878104 -5.415997 49 84 39 0 0.889982 0.096403 0.445689
-0.495094 1.173152 -5.561330 58 82 54 0 0.821901 -0.015093 0.569430
-0.481948 0.779512 -5.537960 59 78 52 0 0.791522 0.023648 0.610682
-0.427174 0.978888 -5.623407 50 82 47 0 0.753273 0.142836 0.642011
-0.446893 0.975237 -5.600767 48 78 44 0 0.703874 0.095515 0.703874
-0.513352 0.664852 -5.494141 60 80 46 0 0.920672 -0.032741 0.388961
-0.531610 0.757602 -5.463468 74 100 61 0 0.892858 0.022688 0.449766
-0.475375 0.675807 -5.543802 56 80 46 0 0.682884 -0.015361 0.730365
-0.339536 0.831364 -5.710315 40 72 27 0 0.809848 -0.160173 0.564349
-0.495824 1.013213 -5.549645 90 106 82 0 0.859618 0.119511 0.496764
-0.575429 1.026359 -5.427682 53 85 45 0 0.799478 0.088188 0.594187
-0.500936 0.718165 -5.510938 54 82 42 0 0.840584 -0.048790 0.539479
-0.552058 0.794118 -5.426221 45 79 33 0 0.894481 0.064381 0.442446
-0.575429 0.791197 -5.379481 45 76 35 0 0.900850 0.009179 0.434034
-0.518464 1.057032 -5.522623 55 90 45 0 0.843207 0.120458 0.523920
-0.408916 1.202365 -5.652619 53 85 45 0 0.715375 0.006945 0.698706
-0.409647 0.870801 -5.628519 51 84 44 0 0.713977 0.001381 0.700167
-0.473915 1.212589 -5.582509 54 86 48 0 0.759391 -0.064598 0.647420
-0.570316 0.766366 -5.386054 43 78 32 0 0.899323 -0.009190 0.437189
-0.510430 0.732041 -5.494141 47 81 32 0 0.870868 0.014806 0.491293
-0.520655 0.660470 -5.478804 42 74 30 0 0.909353 -0.055072 0.412365
-0.405265 0.994955 -5.654080 54 87 48 0 0.768514 0.135796 0.625257
-0.492173 0.783163 -5.523354 100 113 88 0 0.791246 0.070365 0.607436
-0.477566 0.744456 -5.539421 50 79 41 0 0.722223 -0.015366 0.691490
-0.400883 0.725468 -5.633631 52 84 43 0 0.799385 0.094301 0.593373
-0.381895 1.062144 -5.716887 27 32 26 0 0.743806 0.038253 -0.667300
-0.471724 0.997876 -5.577397 50 83 45 0 0.798265 0.055297 0.599762
-0.542564 0.904396 -5.461277 54 88 45 0 0.827412 0.102883 0.552091
-0.574698 0.710862 -5.377290 58 88 49 0 0.849891 0.238699 0.469796
-0.511891 1.217702 -5.532117 43 75 33 0 0.851718 -0.151515 0.501617
-0.536722 0.664852 -5.441558 55 85 44 0 0.919760 0.119969 0.373696
-0.398692 0.692604 -5.632171 52 79 44 0 0.808970 0.103490 0.578669
-0.563013 0.690413 -5.390436 53 85 42 0 0.923298 0.125591 0.362971
-0.403804 0.937260 -5.640204 52 81 48 0 0.672512 0.199435 0.712708
-0.419141 0.952597 -5.627789 50 81 49 0 0.698034 0.159681 0.698034
-0.521385 0.628336 -5.471501 52 80 48 0 0.941130 0.182730 0.284400
-0.413298 0.631257 -5.603688 55 89 50 0 0.721462 0.133493 0.679464
-0.508970 0.800691 -5.500714 66 91 53 0 0.850604 0.126500 0.510363
-0.571047 0.983270 -5.432794 50 83 43 0 0.792144 -0.006888 0.610295
-0.443972 0.705750 -5.576666 53 80 43 0 0.785794 0.001371 0.618487
-0.373861 0.744456 -5.669417 42 73 33 0 0.760742 -0.032342 0.648248
-0.552789 1.198714 -5.465658 53 83 46 0 0.851012 -0.095828 0.516328
-0.497285 1.029280 -5.550375 81 99 75 0 0.858729 0.125986 0.496702
-0.519194 1.288543 -5.504365 53 83 42 0 0.854781 -0.071819 0.513995
-0.599529 0.823331 -5.334932 13 16 11 0 0.822094 0.001359 0.569351
-0.546216 0.775860 -5.435715 46 80 37 0 0.870489 0.039630 0.490590
-0.473915 1.160007 -5.587621 56 86 50 0 0.759587 0.055789 0.648009
-0.396501 0.667773 -5.632171 53 85 49 0 0.758619 0.212538 0.615893
-0.476836 1.371068 -5.562060 52 77 43 0 0.825166 0.102964 0.555428
-0.534531 0.782433 -5.459816 52 83 43 0 0.890746 0.039198 0.452807
-0.580541 0.743726 -5.370717 46 77 38 0 0.856776 -0.086386 0.508401
-0.482678 1.055571 -5.572285 50 82 44 0 0.737318 0.110819 0.666394
-0.435208 0.601314 -5.571554 57 80 48 0 0.832753 0.284848 0.474747
-0.449084 1.157086 -5.610991 52 83 47 0 0.638295 -0.079606 0.765665
-0.365097 0.881756 -5.672338 47 81 43 0 0.711589 -0.172924 0.680983
-0.349761 0.901475 -5.681832 52 86 53 0 0.648248 -0.032342 0.760742
-0.519194 0.854004 -5.491220 55 90 42 0 0.826406 0.087671 0.556207
-0.414029 0.894902 -5.624867 45 78 40 0 0.692231 0.143272 0.707312
-0.336615 0.865689 -5.705202 49 82 34 0 0.765959 -0.229320 0.600599
-0.393580 1.146131 -5.669417 47 82 39 0 0.768784 0.001375 0.639507
-0.430826 1.026359 -5.626328 48 79 42 0 0.773650 -0.055566 0.631173
-0.424253 1.034392 -5.634362 48 79 42 0 0.798265 -0.055297 0.599762
-0.497285 1.137367 -5.559139 76 96 68 0 0.850640 -0.040111 0.524216
-0.473915 0.646594 -5.543072 44 76 41 0 0.641614 0.015310 0.766875
-0.584192 1.036583 -5.415997 53 84 44 0 0.846863 -0.102084 0.521921
-0.524306 0.975967 -5.499253 48 79 39 0 0.864915 0.095155 0.492817
-0.501667 0.836476 -5.513129 56 91 42 0 0.831446 0.054867 0.552890
-0.444702 0.959170 -5.600037 49 82 43 0 0.767250 0.110449 0.631766
-0.525767 0.764175 -5.472961 47 79 37 0 0.815569 0.001362 0.578659
-0.452005 0.991304 -5.597846 60 87 52 0 0.675437 0.230369 0.700511
-0.410377 0.951136 -5.636552 47 78 43 0 0.751669 0.055838 0.657173
-0.452005 0.946024 -5.589082 51 84 46 0 0.721022 0.120418 0.682369
-0.426444 1.143209 -5.634362 47 78 40 0 0.767241 -0.032379 0.640541
-0.526497 1.206747 -5.508017 53 87 41 0 0.852790 -0.048533 0.519994
-0.408186 0.970124 -5.642395 50 82 47 0 0.759955 0.175140 0.625935
-0.341727 0.891250 -5.689866 49 83 45 0 0.541445 -0.271507 0.795689
-0.602450 0.970124 -5.388245 70 96 70 0 0.784345 0.198005 0.587875
-0.362176 0.635639 -5.655541 27 39 24 0 0.548846 0.585999 0.596132
-0.563013 0.862037 -5.415267 46 79 36 0 0.913700 0.054849 0.402670
-0.555710 0.988382 -5.453973 50 81 44 0 0.850796 0.048577 0.523246
-0.443241 1.033662 -5.613183 51 82 42 0 0.759264 0.110572 0.641320
-0.481218 0.845971 -5.543072 59 82 51 0 0.750960 0.086032 0.654720
-0.467342 1.363035 -5.575936 49 58 41 0 0.847295 0.006757 0.531080
-0.552789 0.845971 -5.433525 48 82 37 0 0.902965 0.095413 0.418987
-0.505318 1.053380 -5.543802 52 83 45 0 0.838213 0.087106 0.538341
-0.543295 1.026359 -5.476613 51 84 44 0 0.861949 0.006723 0.506950
-0.547677 0.800691 -5.435715 48 82 38 0 0.887325 0.087757 0.452717
-0.530879 0.640751 -5.448861 45 77 34 0 0.935511 0.048142 0.350003
-0.377513 0.733502 -5.664305 46 77 38 0 0.806885 0.079106 0.585387
-0.416220 0.738614 -5.613913 39 70 30 0 0.759601 0.038192 0.649267
-0.566665 0.737884 -5.394818 47 79 36 0 0.870489 0.039630 0.490590
-0.560822 0.674346 -5.390436 52 85 40 0 0.947029 0.063481 0.314813
-0.549137 1.078211 -5.472961 52 85 45 0 0.869032 0.071141 0.489615
-0.560822 0.699177 -5.399199 50 84 37 0 0.889150 0.111320 0.443870
-0.430826 1.042426 -5.627059 49 81 43 0 0.749730 0.079758 0.656920
-0.392849 0.871532 -5.645316 53 85 45 0 0.681224 -0.079888 0.727704
-0.489982 0.965742 -5.550375 87 99 77 0 0.813603 0.063896 0.577899
-0.458578 1.076020 -5.598576 48 79 42 0 0.778406 0.032258 0.626932
-0.573968 0.727659 -5.381672 55 84 46 0 0.873470 0.039641 0.485261
-0.398692 0.896362 -5.639474 45 78 38 0 0.682310 0.032491 0.730340
-0.465881 0.862037 -5.562060 52 82 46 0 0.766973 0.023750 0.641240
-0.460769 1.363765 -5.583970 58 58 51 0 0.618202 0.023723 0.785661
-0.511161 0.652437 -5.502174 79 93 64 0 0.903860 -0.009156 0.427731
-0.525037 0.946754 -5.494871 49 81 41 0 0.808492 0.040635 0.587103
-0.420601 1.243993 -5.638013 48 81 39 0 0.728106 -0.070929 0.681785
-0.509700 0.671425 -5.503635 53 75 38 0 0.857515 -0.071576 0.509456
-0.528688 1.181186 -5.508017 48 81 38 0 0.841263 -0.040192 0.539129
-0.485600 1.104503 -5.572285 47 78 42 0 0.637004 0.040960 0.769772
-0.527958 0.636370 -5.456164 53 84 45 0 0.931917 0.126894 0.339747
-0.525767 0.789006 -5.472961 45 79 37 0 0.847692 0.023281 0.529978
-0.506779 0.719626 -5.501444 48 81 34 0 0.841618 -0.023340 0.539569
-0.479757 1.138828 -5.580318 52 83 45 0 0.807995 0.064127 0.585689
-0.522115 1.035853 -5.513859 50 83 41 0 0.823898 0.072571 0.562072
-0.502397 0.925575 -5.525544 56 89 45 0 0.813603 0.063896 0.577899
-0.524306 1.177534 -5.516050 47 80 38 0 0.855857 -0.031496 0.516253
-0.565204 1.002258 -5.442288 50 81 45 0 0.827492 0.078605 0.555949
-0.538913 0.860577 -5.462007 46 78 36 0 0.832674 0.001354 0.553762
-0.445432 1.124951 -5.614643 48 80 41 0 0.756401 -0.006914 0.654072
-0.452005 0.636370 -5.563521 50 80 43 0 0.715286 0.023890 0.698423
-0.437399 0.951136 -5.606609 53 85 49 0 0.736618 0.064869 0.673191
-0.472454 0.932148 -5.564251 52 86 48 0 0.792807 0.141839 0.592739
-0.480487 1.387135 -5.559869 59 89 55 0 0.792016 0.040797 0.609135
-0.542564 0.703559 -5.435715 47 79 40 0 0.903172 0.047110 0.426685
-0.396501 0.931418 -5.645316 50 80 49 0 0.616608 0.126293 0.777074
-0.320548 0.930687 -5.694248 61 86 53 0 0.356778 0.142989 0.923181
-0.525037 1.019056 -5.505826 54 84 45 0 0.856776 0.086386 0.508401
-0.486330 1.123491 -5.571554 57 84 50 0 0.654821 0.143007 0.742131
-0.374592 0.864228 -5.662114 48 79 39 0 0.728530 -0.165782 0.664650
-0.491442 1.216971 -5.562790 60 86 52 0 0.856700 -0.080448 0.509503
-0.573238 0.937260 -5.419649 56 88 52 0 0.799631 0.167154 0.576758
-0.519194 0.812376 -5.486837 60 85 48 0 0.838757 0.126908 0.529511
-0.346839 0.791197 -5.705202 47 79 38 0 0.755099 -0.079713 0.650747
-0.582732 1.127873 -5.433525 60 87 59 0 0.648790 0.046849 0.759524
-0.498745 1.283430 -5.540151 47 80 36 0 0.838844 0.001351 0.544370
-0.381895 1.154894 -5.683293 23 35 17 0 0.955176 0.102945 0.277561
-0.478296 1.122761 -5.580318 49 78 45 0 0.781002 0.001373 0.624527
-0.456387 0.752490 -5.565712 45 78 36 0 0.746320 0.015345 0.665410
-0.383355 0.749569 -5.657001 42 75 35 0 0.781872 0.023693 0.622989
-0.498745 0.971585 -5.537960 62 88 54 0 0.807109 0.125419 0.576928
-0.460039 1.092087 -5.598576 54 86 50 0 0.729246 0.104599 0.676210
-0.533070 0.919733 -5.478804 52 86 44 0 0.830580 0.063673 0.553248
-0.552789 0.695525 -5.413806 45 78 33 0 0.885697 0.079254 0.457448
-0.454196 1.008101 -5.597846 47 79 42 0 0.703874 0.095515 0.703874
-0.440320 0.872262 -5.594194 48 80 43 0 0.806665 0.001365 0.591008
-0.560822 1.141749 -5.456894 53 84 47 0 0.803048 0.015204 0.595721
-0.539643 1.057762 -5.487568 57 88 48 0 0.901392 0.063900 0.428263
-0.482678 1.071638 -5.573015 53 86 48 0 0.736439 0.070895 0.672779
-0.485600 0.881026 -5.542342 79 91 69 0 0.759587 0.055789 0.648009
-0.587844 1.071638 -5.410154 59 84 53 0 0.860884 0.205115 0.465626
-0.334424 0.819679 -5.721269 47 79 33 0 0.877538 -0.070926 0.474232
-0.565204 1.019056 -5.442288 46 77 39 0 0.835882 0.111547 0.537456
-0.495094 1.005180 -5.549645 100 113 95 0 0.874935 0.088477 0.476088
-0.439590 0.975967 -5.608070 47 77 41 0 0.729890 0.117436 0.673401
-0.498015 1.365226 -5.533578 58 88 50 0 0.876393 0.006670 0.481550
-0.435938 1.008831 -5.619025 54 83 47 0 0.745520 0.086078 0.660901
-0.422792 0.771478 -5.608070 38 67 31 0 0.821582 0.006835 0.570049
-0.426444 0.623954 -5.588352 43 75 36 0 0.742779 0.086098 0.663978
-0.520655 1.019786 -5.513859 56 86 46 0 0.850998 0.101890 0.515191
-0.546946 0.767096 -5.434985 56 87 46 0 0.867480 -0.006704 0.497427
-0.570316 1.027089 -5.434985 49 82 41 0 0.844691 0.078081 0.529529
-0.536722 0.809455 -5.459085 52 83 43 0 0.857515 0.071576 0.509456
-0.546216 1.134446 -5.478804 51 85 44 0 0.824956 0.031889 0.564297
-0.433747 0.691874 -5.589082 48 80 42 0 0.752587 0.110892 0.649088
-0.444702 0.792657 -5.581048 41 71 35 0 0.753685 0.001378 0.657235
-0.492173 0.909508 -5.535769 82 97 76 0 0.791038 0.055387 0.609255
-0.519194 1.110345 -5.527005 48 81 38 0 0.821582 -0.006835 0.570049
-0.430826 1.159276 -5.627789 53 85 46 0 0.799081 -0.032187 0.600361
-0.521385 0.780972 -5.479535 50 83 39 0 0.825728 0.046263 0.562168
-0.574698 0.774399 -5.379481 53 86 39 0 0.911029 0.030412 0.411219
-0.354873 0.945294 -5.684023 59 91 61 0 0.522812 0.292206 0.800802
-0.460769 0.874453 -5.569364 64 87 53 0 0.678203 0.213595 0.703148
-0.320548 0.910238 -5.700090 36 54 14 0 0.711679 0.505009 -0.488342
-0.424983 1.018325 -5.633631 59 86 52 0 0.737682 0.104542 0.667006
-0.507509 0.921193 -5.518241 49 84 38 0 0.824888 0.054993 0.562616
-0.524306 1.284161 -5.497792 59 86 51 0 0.876523 0.001326 0.481358
-0.546216 1.173883 -5.480995 56 88 48 0 0.887950 -0.022768 0.459377
-0.565934 0.778781 -5.398469 58 88 50 0 0.916203 0.063048 0.395724
-0.496554 1.153434 -5.559869 76 97 68 0 0.844552 0.086876 0.528379
-0.590765 1.014674 -5.408694 56 88 52 0 0.749730 -0.079758 0.656920
-0.531610 1.091357 -5.502174 52 85 42 0 0.856281 0.006742 0.516466
-0.456387 1.249105 -5.597116 49 83 41 0 0.798410 0.015221 0.601921
-0.524306 0.668504 -5.471501 43 76 33 0 0.918071 -0.016881 0.396056
-0.533070 0.726199 -5.457625 44 77 33 0 0.879172 0.031157 0.475485
-0.530879 0.661200 -5.456894 52 82 40 0 0.924557 0.110619 0.364633
-0.401613 0.775130 -5.634362 47 78 40 0 0.805563 -0.023571 0.592041
-0.370210 0.761254 -5.673069 46 79 39 0 0.801998 0.055359 0.594756
-0.481948 1.038774 -5.572285 62 93 57 0 0.705858 0.126845 0.696904
-0.530149 0.950406 -5.487568 49 78 42 0 0.802126 0.001366 0.597153
-0.473915 1.022707 -5.578127 57 90 50 0 0.744904 0.055761 0.664837
-0.556440 1.133715 -5.464198 55 86 50 0 0.822094 0.001359 0.569351
-0.478296 0.916811 -5.555487 55 86 51 0 0.761667 0.085924 0.642247
-0.582732 1.143940 -5.432794 44 63 41 0 0.809250 0.006846 0.587425
-0.546946 1.150513 -5.478804 53 86 45 0 0.861665 0.014880 0.507260
-0.468072 1.381293 -5.575206 59 82 48 0 0.790637 0.307028 0.529743
-0.342458 0.723277 -5.713966 21 36 15 0 0.725806 0.149386 0.671483
-0.449814 1.049729 -5.606609 50 82 44 0 0.785794 0.001371 0.618487
-0.409647 1.043886 -5.655541 56 87 49 0 0.856545 0.001340 0.516071
-0.361446 0.847431 -5.681832 47 81 37 0 0.728870 -0.086179 0.679207
-0.558631 0.779512 -5.413075 56 87 45 0 0.892654 -0.030874 0.449683
-0.551328 0.884677 -5.443749 52 83 42 0 0.846185 0.054547 0.530090
-0.533801 0.640021 -5.440828 46 78 36 0 0.947226 0.055416 0.315742
-0.494363 1.038044 -5.558409 95 108 88 0 0.816001 0.087788 0.571345
-0.515543 0.748108 -5.487568 50 84 37 0 0.809344 0.032039 0.586461
-0.530879 0.677267 -5.456894 45 79 35 0 0.917945 0.001284 0.396706
-0.557901 0.762714 -5.412345 50 83 41 0 0.902841 0.055497 0.426379
-0.437399 1.167310 -5.621216 51 82 45 0 0.695890 0.006945 0.718114
-0.536722 1.116188 -5.495601 47 79 38 0 0.879687 0.014728 0.475325
-0.536722 0.631988 -5.432794 47 73 39 0 0.985926 -0.054969 0.157888
-0.506779 0.703559 -5.502174 47 78 32 0 0.829699 -0.078543 0.552657
-0.410377 1.060684 -5.655541 48 81 37 0 0.828576 0.040384 0.558418
-0.511161 1.133715 -5.540151 51 83 40 0 0.823973 -0.063819 0.563024
-0.542564 1.117648 -5.486107 49 83 43 0 0.842523 -0.006784 0.538618
-0.347570 0.705019 -5.700820 47 66 41 0 0.609733 0.032239 0.791951
-0.525037 1.432415 -5.518241 12 20 17 0 0.602756 0.514960 0.609510
-0.563744 1.074560 -5.448131 52 86 44 0 0.832674 0.001354 0.553762
-0.566665 1.091357 -5.445940 56 89 47 0 0.807109 0.125419 0.576928
-0.462230 1.282700 -5.586891 43 74 31 0 0.816607 -0.015148 0.576995
-0.511161 0.765636 -5.494141 54 87 39 0 0.831745 -0.015073 0.554953
-0.491442 0.918272 -5.538690 101 110 96 0 0.823027 0.078724 0.562521
-0.517003 1.407584 -5.516780 12 16 15 0 0.880902 -0.142732 0.451264
-0.518464 1.300958 -5.504365 53 82 43 0 0.835405 -0.023397 0.549137
-0.492173 1.129333 -5.566442 60 84 57 0 0.809250 -0.006846 0.587425
-0.489982 0.718895 -5.525544 120 118 108 0 0.870015 -0.048105 0.490672
-0.448354 0.699177 -5.571554 55 80 44 0 0.738397 0.023819 0.673945
-0.382625 1.052650 -5.697899 50 84 40 0 0.860606 0.048349 0.506970
-0.479027 0.864959 -5.548184 74 91 62 0 0.689650 0.165942 0.704874
-0.522115 1.459437 -5.529926 15 26 13 0 0.802739 0.190403 0.565116
-0.527958 0.668504 -5.464198 45 78 35 0 0.911128 0.016994 0.411772
-0.453466 1.264442 -5.599307 52 84 40 0 0.697359 -0.055846 0.714543
-0.503858 0.694795 -5.509478 60 81 48 0 0.806656 -0.088025 0.584429
-0.568125 0.832825 -5.398469 49 83 39 0 0.918162 0.079781 0.388089
-0.552058 0.893441 -5.443749 47 79 38 0 0.838455 0.006795 0.544928
-0.550598 1.206747 -5.469310 51 82 43 0 0.812881 -0.124946 0.568870
-0.529419 1.048268 -5.503635 48 80 41 0 0.832241 0.006810 0.554373
-0.580541 0.718895 -5.370717 64 91 59 0 0.791586 0.174058 0.585743
-0.387737 1.095739 -5.684753 44 77 33 0 0.841625 -0.087163 0.532982
-0.332233 0.902935 -5.693517 53 86 55 0 0.205805 -0.292607 0.933823
-0.544755 0.920463 -5.461277 54 89 45 0 0.854015 0.086680 0.512977
-0.611214 0.980349 -5.380211 47 55 47 0 0.888225 0.245489 0.388319
-0.530879 0.632718 -5.448131 52 83 44 0 0.926499 0.096031 0.363837
-0.357794 0.693334 -5.700820 15 18 13 0 0.945564 -0.308999 0.102116
-0.587844 0.852543 -5.361953 56 87 43 0 0.898839 0.189610 0.395142
-0.530149 0.623954 -5.448131 56 80 49 0 0.886622 0.056185 0.459070
-0.558631 0.683110 -5.398469 45 76 32 0 0.911637 0.135835 0.387901
-0.339536 0.848892 -5.705933 52 84 41 0 0.775222 -0.135925 0.616892
-0.473184 1.220623 -5.581779 51 82 43 0 0.718379 -0.117499 0.685658
-0.497285 1.451403 -5.559139 63 77 50 0 0.807486 0.339240 0.482580
-0.414759 0.959170 -5.632901 50 80 48 0 0.735772 0.166044 0.656558
-0.454196 1.272475 -5.597846 48 81 35 0 0.738752 -0.149563 0.657172
-0.559362 0.659740 -5.391896 52 73 46 0 0.826891 0.371548 0.422141
-0.489982 0.806533 -5.526275 84 96 78 0 0.760313 0.006925 0.649520
-0.424983 1.252027 -5.632171 53 84 44 0 0.744904 -0.055761 0.664837
-0.332963 0.857656 -5.712505 53 82 38 0 0.799824 -0.125666 0.586932
-0.546216 0.705750 -5.426951 43 75 35 0 0.894930 0.055848 0.442698
-0.368749 0.742996 -5.675259 44 76 35 0 0.788169 0.001371 0.615457
-0.570316 0.690413 -5.367065 69 94 58 0 0.942785 0.142026 0.301637
-0.524306 0.628336 -5.463468 55 85 49 0 0.925063 0.172660 0.338301
-0.506779 1.255678 -5.531387 52 85 40 0 0.845664 -0.142165 0.514433
-0.535261 1.279048 -5.478804 16 23 15 0 0.807688 -0.055166 0.587024
-0.527958 0.685301 -5.464198 45 78 35 0 0.903860 0.009156 0.427731
-0.479757 0.889790 -5.548914 55 84 46 0 0.697128 0.086228 0.711743
-0.479757 1.163658 -5.580318 55 85 47 0 0.698384 -0.064799 0.712784
-0.567395 0.749569 -5.393357 41 75 31 0 0.864930 -0.039751 0.500316
-0.483409 0.733502 -5.533578 51 77 41 0 0.766973 0.023750 0.641240
-0.439590 0.787545 -5.586891 44 77 38 0 0.772347 0.064482 0.631920
-0.527228 0.660470 -5.464198 49 79 37 0 0.908224 0.001296 0.418483
-0.346839 0.735693 -5.706663 47 76 34 0 0.846227 -0.063151 0.529067
-0.564474 0.849622 -5.410885 57 88 46 0 0.927177 0.032510 0.373211
-0.567395 0.699177 -5.383863 58 91 49 0 0.895030 0.247058 0.371327
-0.422062 1.178995 -5.636552 38 48 30 0 0.799081 0.032187 0.600361
-0.578350 0.729120 -5.375099 52 80 44 0 0.831446 0.054867 0.552890
-0.376782 0.962091 -5.673799 58 87 59 0 0.745984 0.222705 0.627623
-0.503127 1.243263 -5.539421 49 82 36 0 0.829527 -0.087394 0.551586
-0.511891 0.677267 -5.497792 62 82 46 0 0.895310 -0.047407 0.442914
-0.359985 0.648785 -5.674529 22 30 19 0 0.576775 0.654127 0.489334
-0.459308 1.146131 -5.599307 49 81 41 0 0.726299 -0.023882 0.686964
-0.513352 1.299497 -5.513129 51 83 40 0 0.854899 -0.077718 0.512940
-0.588574 0.786815 -5.349538 60 92 46 0 0.897062 0.134630 0.420897
-0.521385 1.468931 -5.534308 11 16 9 0 0.878012 0.371525 0.301769
-0.512621 0.867150 -5.501444 49 84 37 0 0.839993 0.063316 0.538890
-0.535261 0.634179 -5.416727 29 46 24 0 0.910581 0.332572 -0.245436
-0.342458 0.858386 -5.700090 49 83 38 0 0.805568 -0.094346 0.584944
-0.496554 0.707941 -5.516050 101 109 90 0 0.734307 -0.006941 0.678782
-0.415489 0.602045 -5.600767 62 92 56 0 0.736314 0.126951 0.664624
-0.361446 0.863498 -5.677450 44 79 37 0 0.736423 -0.159432 0.657467
-0.454926 1.289273 -5.594924 53 85 43 0 0.759601 -0.038192 0.649267
-0.590765 0.796309 -5.347347 59 90 42 0 0.874962 0.056494 0.480885
-0.491442 1.165119 -5.564981 51 77 45 0 0.780077 -0.055618 0.623206
-0.461499 0.694065 -5.557678 52 80 45 0 0.738397 -0.023819 0.673945
-0.489251 0.816758 -5.527005 93 103 85 0 0.798410 0.015221 0.601921
-0.465151 0.616651 -5.543802 49 80 44 0 0.731054 0.206433 0.650343
-0.555710 1.222814 -5.462007 47 63 43 0 0.730182 0.001380 0.683251
-0.508970 1.338204 -5.513129 59 85 44 0 0.832674 0.001354 0.553762
-0.489251 1.306800 -5.552566 56 85 45 0 0.891899 -0.093517 0.442460
-0.435208 1.182647 -5.622676 54 85 46 0 0.689258 -0.070804 0.721048
-0.491442 1.149782 -5.567173 44 72 38 0 0.822562 -0.023502 0.568190
-0.590765 1.132985 -5.424761 14 17 14 0 0.642327 -0.175458 0.746076
-0.605372 0.900014 -5.353920 22 31 24 0 0.911044 0.381136 0.157272
-0.465151 1.123491 -5.594194 47 79 40 0 0.694338 -0.015368 0.719485
-0.466611 1.254948 -5.583970 46 78 35 0 0.799081 0.032187 0.600361
-0.393580 1.200904 -5.668686 19 28 14 0 0.653981 0.427667 0.624027
-0.438129 1.298767 -5.616834 53 80 41 0 0.752971 -0.023837 0.657622
-0.400153 1.207477 -5.662114 64 83 56 0 0.800924 0.151203 0.579360
-0.448354 1.209668 -5.609531 48 79 38 0 0.766875 0.015310 0.641614
-0.468802 1.025628 -5.583240 55 86 47 0 0.738397 0.023819 0.673945
-0.399422 1.154164 -5.662844 48 81 41 0 0.752971 -0.023837 0.657622
-0.435208 0.893441 -5.602228 48 77 41 0 0.781257 0.046790 0.622453
-0.381895 1.103772 -5.692057 56 83 43 0 0.849263 -0.229407 0.475526
-0.481948 1.417809 -5.565712 49 67 39 0 0.879960 0.001323 0.475046
-0.419871 1.030741 -5.640934 52 83 46 0 0.799835 0.001367 0.600218
-0.384816 1.112536 -5.683293 50 82 37 0 0.792734 -0.190928 0.578895
-0.595147 0.787545 -5.335662 15 20 12 0 0.855979 0.237856 0.459047
-0.601720 1.030741 -5.397739 13 16 10 0 0.649495 -0.355014 0.672399
-0.513352 1.063605 -5.532117 46 79 36 0 0.853595 0.119879 0.506957
-0.513352 1.448482 -5.540881 80 88 72 0 0.882608 0.214369 0.418389
-0.546216 1.157816 -5.480995 52 84 42 0 0.888122 0.014647 0.459374
-0.495094 1.371799 -5.540151 57 84 53 0 0.826157 0.096601 0.555097
-0.397962 1.017595 -5.666495 53 85 49 0 0.840584 -0.048790 0.539479
-0.342458 0.918272 -5.686944 43 73 42 0 0.465777 0.039381 0.884025
-0.502397 0.906587 -5.523354 50 79 36 0 0.803048 0.015204 0.595721
-0.443972 0.888329 -5.591273 55 82 48 0 0.721242 0.166206 0.672448
-0.489982 1.370338 -5.548914 59 86 55 0 0.839993 0.063316 0.538890
-0.355603 0.955518 -5.689866 59 92 61 0 0.696713 0.269438 0.664827
-0.505318 1.438988 -5.544533 91 111 86 0 0.717632 0.364537 0.593395
-0.503858 0.846701 -5.511668 55 89 42 0 0.778339 0.094919 0.620627
-0.570316 0.732041 -5.388975 49 80 40 0 0.844879 0.001347 0.534955
-0.529419 1.160007 -5.508747 47 79 40 0 0.822562 -0.023502 0.568190
-0.433747 0.723277 -5.591273 56 81 46 0 0.791963 0.103936 0.601658
-0.392849 1.022707 -5.674529 53 85 46 0 0.870617 0.094848 0.482732
-0.584923 0.990573 -5.414536 58 88 53 0 0.805563 -0.023571 0.592041
-0.404534 0.716704 -5.627059 46 78 39 0 0.788189 0.032200 0.614591
-0.502397 1.218432 -5.545993 46 78 36 0 0.805157 -0.141386 0.575962
-0.522115 0.758332 -5.478074 47 80 37 0 0.825890 -0.006826 0.563790
-0.387737 0.772209 -5.651889 43 75 35 0 0.785764 0.032215 0.617686
-0.430096 0.860577 -5.604419 46 79 41 0 0.718027 0.101733 0.688540
-0.522846 0.636370 -5.471501 46 74 39 0 0.944191 0.088230 0.317364
-0.564474 0.682380 -5.382402 59 89 48 0 0.950519 0.079318 0.300369
-0.429365 0.994955 -5.624137 49 81 43 0 0.759264 0.110572 0.641320
-0.426444 0.717435 -5.599307 45 73 37 0 0.771307 0.110608 0.626779
-0.527958 1.060684 -5.507287 48 80 40 0 0.851185 0.031627 0.523912
-0.401613 0.673616 -5.627059 53 84 47 0 0.775996 0.079478 0.625710
-0.382625 0.728390 -5.657001 47 79 40 0 0.773429 0.032285 0.633061
-0.351221 0.734962 -5.700090 44 77 32 0 0.809250 -0.006846 0.587425
-0.435938 0.866419 -5.599307 45 79 41 0 0.751579 0.126503 0.647400
-0.443972 1.293655 -5.608800 51 83 38 0 0.782598 0.006901 0.622490
-0.513352 1.362304 -5.510208 17 26 14 0 0.904828 0.110141 0.411285
-0.498015 0.819679 -5.516780 55 87 45 0 0.821582 -0.006835 0.570049
-0.535261 0.976697 -5.483186 48 81 41 0 0.804747 0.032078 0.592751
-0.440320 0.818218 -5.589082 55 82 47 0 0.728870 0.086179 0.679207
-0.598799 0.743726 -5.343696 29 35 26 0 0.559189 -0.586220 0.586220
-0.373131 0.871532 -5.663574 51 84 43 0 0.806885 0.079106 0.585387
-0.516273 1.455055 -5.535038 38 46 34 0 0.808858 0.213342 0.547936
-0.571047 1.008831 -5.432794 51 83 44 0 0.809250 -0.006846 0.587425
-0.508239 1.324328 -5.516780 51 83 38 0 0.876746 -0.118325 0.466172
-0.462960 0.715974 -5.556218 46 78 36 0 0.792016 -0.040797 0.609135
-0.384086 0.649515 -5.640934 64 95 63 0 0.680626 0.286664 0.674220
-0.358525 0.878835 -5.679641 47 82 43 0 0.713232 -0.127096 0.689308
-0.472454 1.363035 -5.569364 50 72 40 0 0.814564 -0.046426 0.578214
-0.494363 1.021247 -5.553297 113 124 105 0 0.880445 0.079533 0.467431
-0.522115 1.215511 -5.515320 48 82 35 0 0.844552 -0.086876 0.528379
-0.351221 0.864959 -5.688405 45 79 37 0 0.743806 -0.038253 0.667300
-0.410377 0.978158 -5.641665 46 77 42 0 0.760023 0.142411 0.634102
-0.373861 0.848892 -5.666495 48 80 38 0 0.761667 -0.085924 0.642247
-0.571777 1.134446 -5.445209 59 91 56 0 0.677534 0.001380 0.735490
-0.424253 0.852543 -5.610991 45 77 39 0 0.752747 -0.015305 0.658132
-0.557901 0.707941 -5.406503 45 78 34 0 0.879301 0.127248 0.458952
-0.563013 1.050459 -5.448131 50 82 40 0 0.838005 0.015038 0.545455
-0.332233 0.891250 -5.698629 48 82 46 0 0.530607 -0.284985 0.798273
-0.508970 1.389326 -5.520432 34 48 31 0 0.807343 0.119116 0.577934
-0.411838 0.805803 -5.622676 46 78 36 0 0.759601 0.038192 0.649267
-0.416950 0.880295 -5.620486 44 76 39 0 0.617611 0.064484 0.783836
-0.430826 0.664852 -5.589812 53 84 47 0 0.743247 0.189274 0.641685
-0.445432 1.283430 -5.606609 50 83 40 0 0.771880 -0.015299 0.635584
-0.577620 1.133715 -5.437906 60 89 58 0 0.734433 0.023873 0.678262
-0.440320 0.615190 -5.570824 52 86 46 0 0.728530 0.165782 0.664650
-0.389198 1.129333 -5.676720 52 84 41 0 0.729664 -0.064763 0.680732
-0.410377 0.909508 -5.630710 50 83 46 0 0.648248 0.032342 0.760742
-0.383355 0.662661 -5.648238 56 90 52 0 0.737654 0.317982 0.595612
-0.492173 1.073099 -5.564251 56 79 48 0 0.718057 -0.023888 0.695574
-0.453466 0.883947 -5.580318 67 91 57 0 0.691633 0.254812 0.675806
-0.417680 1.138097 -5.643856 46 76 36 0 0.695215 -0.182628 0.695215
-0.449084 1.018325 -5.603688 44 75 38 0 0.766973 0.023750 0.641240
-0.507509 1.308991 -5.521163 52 86 37 0 0.893566 -0.117166 0.433373
-0.381164 0.954057 -5.667226 52 82 51 0 0.642023 0.104310 0.759556
-0.566665 0.840858 -5.403582 54 87 43 0 0.916203 0.063048 0.395724
-0.443241 1.322867 -5.608070 44 64 33 0 0.840251 0.149148 0.521280
-0.549868 0.786085 -5.429873 49 82 36 0 0.911128 0.016994 0.411772
-0.395771 0.888329 -5.641665 50 83 44 0 0.710057 0.061932 0.701415
-0.584192 0.751760 -5.363414 47 78 39 0 0.854568 -0.150979 0.496910
-0.511891 0.740075 -5.494141 54 87 39 0 0.847692 0.023281 0.529978
-0.548407 0.697716 -5.424030 43 78 35 0 0.893085 -0.006596 0.449840
-0.530879 1.108154 -5.505826 47 80 38 0 0.864673 0.103989 0.491453
-0.564474 0.709401 -5.393357 47 80 35 0 0.879301 0.127248 0.458952
-0.460039 1.177534 -5.597846 49 81 41 0 0.713977 0.001381 0.700167
-0.471724 0.809455 -5.548914 40 70 32 0 0.751763 0.038225 0.658324
-0.368749 0.647324 -5.660653 60 91 53 0 0.817659 0.347704 0.458842
-0.308863 0.905126 -5.700090 21 33 17 0 0.558418 -0.040384 0.828576
-0.538182 0.800691 -5.455434 56 86 45 0 0.883869 0.087968 0.459388
-0.527228 1.039505 -5.506556 46 78 39 0 0.852716 0.001343 0.522373
-0.559362 0.832825 -5.417458 51 83 42 0 0.912590 0.126787 0.388722
-0.526497 1.005180 -5.500714 55 85 47 0 0.863546 0.119258 0.489965
-0.368749 0.788275 -5.675990 42 74 33 0 0.768270 -0.079576 0.635161
-0.571777 0.958439 -5.429142 54 83 48 0 0.837081 0.142701 0.528140
-0.543295 0.783894 -5.443018 46 80 36 0 0.876860 0.079715 0.474092
-0.568856 0.780972 -5.391896 45 77 34 0 0.900074 0.047230 0.433169
-0.444702 0.602045 -5.563521 56 87 51 0 0.704484 0.086055 0.704484
-0.409647 1.016865 -5.652619 51 84 44 0 0.770149 0.152221 0.619435
-0.362906 0.985461 -5.698629 58 89 57 0 0.609489 0.552085 0.568969
-0.560092 0.962821 -5.446670 56 86 51 0 0.821582 0.006835 0.570049
-0.518464 0.845240 -5.490489 52 85 38 0 0.824956 0.031889 0.564297
-0.348300 0.721086 -5.705933 50 81 37 0 0.864046 -0.062612 0.499505
-0.584192 1.090627 -5.424030 62 91 61 0 0.751855 0.158843 0.639909
-0.364367 0.919733 -5.672338 51 85 51 0 0.585930 0.181106 0.789865
-0.537452 0.924845 -5.472961 51 84 41 0 0.831626 0.165728 0.530031
-0.489982 1.184107 -5.567173 43 71 37 0 0.764307 0.085894 0.639106
-0.372401 0.661200 -5.664305 51 83 43 0 0.887310 0.191495 0.419535
-0.389928 0.660470 -5.638743 56 88 53 0 0.769946 0.228651 0.595736
-0.377513 1.048268 -5.713236 63 82 51 0 0.975404 0.205413 0.079951
-0.520655 0.908047 -5.496332 51 81 42 0 0.813690 0.087850 0.574623
-0.503127 0.976697 -5.532117 54 84 44 0 0.777683 0.110258 0.618912
-0.516273 1.233769 -5.521163 47 80 37 0 0.860736 -0.110277 0.496964
-0.462230 1.102312 -5.597116 52 86 49 0 0.719425 0.001381 0.694569
-0.324930 0.910238 -5.706663 30 48 17 0 0.705781 0.300640 -0.641473
-0.355603 0.855465 -5.684753 50 83 38 0 0.696449 -0.172964 0.696449
-0.565934 1.143940 -5.451782 56 87 54 0 0.728106 0.070929 0.681785
-0.387737 0.670694 -5.645316 54 87 50 0 0.770149 0.152221 0.619435
-0.546216 1.015404 -5.470771 49 83 42 0 0.846759 0.048664 0.529746
-0.542564 1.010292 -5.476613 53 85 46 0 0.846227 0.063151 0.529067
-0.530879 0.803612 -5.467849 47 79 37 0 0.828614 0.093669 0.551929
-0.514082 1.188489 -5.532847 49 82 39 0 0.870584 -0.023017 0.491481
-0.460769 0.917542 -5.575936 52 85 44 0 0.769543 0.085828 0.632800
-0.433017 1.265172 -5.622676 48 80 40 0 0.773650 -0.055566 0.631173
-0.433747 1.290003 -5.623407 51 78 43 0 0.821567 0.102877 0.560752
-0.545486 1.086245 -5.480265 51 83 43 0 0.850780 0.001344 0.525521
-0.467342 1.156355 -5.590543 51 81 41 0 0.864046 -0.062612 0.499505
-0.521385 0.988382 -5.507287 56 88 47 0 0.843522 0.095952 0.528454
-0.593687 0.973776 -5.400660 68 98 63 0 0.826157 0.096601 0.555097
-0.388468 1.013213 -5.679641 55 88 52 0 0.720965 0.244528 0.648395
-0.495824 1.243263 -5.549645 43 73 31 0 0.814029 -0.150305 0.561040
-0.582732 0.706480 -5.361953 63 83 58 0 0.807370 0.362917 0.465237
-0.496554 0.826982 -5.519702 52 81 44 0 0.815194 0.032050 0.578300
-0.557171 1.033662 -5.455434 46 79 40 0 0.815569 0.001362 0.578659
-0.471724 1.089166 -5.586891 54 88 50 0 0.711137 0.149475 0.686980
-0.486330 0.796309 -5.531387 131 133 123 0 0.856301 -0.023143 0.515959
-0.479757 1.022707 -5.572285 47 77 39 0 0.718591 0.061923 0.692670
-0.497285 0.916081 -5.530657 52 80 41 0 0.810228 0.078872 0.580783
-0.495094 0.624685 -5.523354 69 89 64 0 0.547936 0.213342 0.808858
-0.538913 0.648785 -5.425491 55 88 51 0 0.937914 0.294221 0.183715
-0.566665 0.894171 -5.415997 51 85 43 0 0.856642 0.182612 0.482511
-0.365097 0.889059 -5.670877 47 80 41 0 0.697729 -0.117528 0.706655
-0.476836 0.900014 -5.554757 51 83 43 0 0.760475 0.135959 0.634974
-0.499476 1.314834 -5.533578 57 90 41 0 0.858807 -0.104314 0.501566
-0.586383 0.956979 -5.406503 56 87 52 0 0.801135 0.119068 0.586519
-0.355603 0.728390 -5.694248 41 74 30 0 0.825890 -0.006826 0.563790
-0.424983 1.066526 -5.636552 45 77 36 0 0.783587 -0.079369 0.616191
-0.590035 1.078942 -5.410885 59 79 55 0 0.854703 0.254430 0.452490
-0.377513 0.821140 -5.665035 49 82 39 0 0.819568 -0.069841 0.568709
-0.426444 0.764905 -5.602228 42 73 36 0 0.808492 0.040635 0.587103
-0.472454 0.631257 -5.543072 64 94 58 0 0.593401 0.358002 0.720909
-0.449814 0.672155 -5.569364 57 87 53 0 0.769635 0.158766 0.618430
-0.427905 1.003719 -5.627789 47 80 40 0 0.736314 0.126951 0.664624
-0.438859 1.092087 -5.621216 53 82 45 0 0.659702 0.142760 0.737844
-0.494363 1.437527 -5.556948 72 94 62 0 0.777316 0.040911 0.627778
-0.432287 0.940912 -5.611722 49 81 45 0 0.727704 0.079888 0.681224
-0.495824 0.776590 -5.518241 61 87 50 0 0.814564 0.046426 0.578214
-0.466611 1.373259 -5.578857 68 86 56 0 0.779942 -0.079586 0.620770
-0.424983 0.640751 -5.592733 45 78 38 0 0.738223 0.095397 0.667777
-0.430096 1.250566 -5.627059 51 85 43 0 0.713510 -0.079925 0.696072
-0.425714 1.051920 -5.633631 52 83 47 0 0.705619 0.159333 0.690445
-0.545486 0.681649 -5.427682 47 80 36 0 0.896137 0.072734 0.437776
-0.538182 0.694795 -5.443018 45 79 34 0 0.892654 0.030874 0.449683
-0.503858 1.391517 -5.529926 61 86 53 0 0.774191 0.245552 0.583380
-0.612675 0.965742 -5.369256 20 26 21 0 0.836911 0.244163 0.489862
-0.484139 1.132255 -5.575206 49 78 44 0 0.777427 -0.064428 0.625664
-0.601720 0.978888 -5.391896 70 96 69 0 0.785323 0.174685 0.593929
-0.451275 1.255678 -5.602228 49 83 39 0 0.650850 -0.095068 0.753231
-0.378973 0.896362 -5.657732 46 80 43 0 0.700003 0.015369 0.713975
-0.404534 1.155625 -5.657732 46 78 36 0 0.726299 -0.023882 0.686964
-0.385546 0.987652 -5.674529 56 87 54 0 0.729501 0.236892 0.641647
-0.460039 0.669234 -5.557678 52 80 46 0 0.752587 0.110892 0.649088
-0.348300 0.780972 -5.703742 49 80 39 0 0.751447 0.064656 0.656618
-0.389928 0.979618 -5.667226 50 84 49 0 0.730563 0.229963 0.642958
-0.405265 0.742266 -5.627059 47 81 41 0 0.832674 0.001354 0.553762
-0.476106 1.055571 -5.579588 46 76 38 0 0.756234 0.001377 0.654300
-0.476106 1.351350 -5.564251 53 83 42 0 0.674190 0.015354 0.738398
-0.544755 0.648055 -5.409424 59 87 55 0 0.841495 0.270205 0.467841
-0.495824 0.745187 -5.516050 56 79 45 0 0.819933 0.001360 0.572458
-0.457117 1.043156 -5.597846 54 85 48 0 0.691313 0.023838 0.722162
-0.508239 1.211859 -5.537960 45 76 35 0 0.784424 -0.151485 0.601441
-0.565204 0.970855 -5.440828 52 82 45 0 0.809894 0.015177 0.586380
-0.547677 1.043156 -5.469310 51 85 43 0 0.855834 0.095409 0.508374
-0.484869 1.426572 -5.566442 47 62 36 0 0.794590 0.197499 0.574126
-0.332233 0.943833 -5.695708 47 75 46 0 0.219738 0.227927 0.948559
-0.500936 1.447752 -5.552566 79 100 71 0 0.692695 0.230898 0.683271
-0.453466 0.680189 -5.567173 48 77 41 0 0.729664 -0.064763 0.680732
-0.446163 1.193601 -5.613183 58 90 51 0 0.706653 -0.149804 0.691521
-0.573968 1.016134 -5.429873 53 85 45 0 0.759601 0.038192 0.649267
-0.528688 1.246914 -5.498523 51 85 42 0 0.883830 -0.151390 0.442636
-0.459308 0.949676 -5.582509 50 82 46 0 0.746769 0.136184 0.650991
-0.407456 0.881026 -5.630710 45 78 39 0 0.699458 0.038307 0.713646
-0.498015 1.408314 -5.544533 66 93 64 0 0.759466 0.205721 0.617163
-0.411107 1.127873 -5.652619 45 76 33 0 0.791038 -0.055387 0.609255
-0.541104 0.984731 -5.475883 46 77 39 0 0.815569 0.001362 0.578659
-0.454196 0.597663 -5.548914 59 90 55 0 0.763384 0.246101 0.597226
-0.460039 0.621033 -5.551106 48 77 42 0 0.714028 0.189688 0.673931
-0.415489 0.666313 -5.608070 53 85 47 0 0.760475 0.135959 0.634974
-0.427174 0.786085 -5.603688 46 79 42 0 0.738397 0.023819 0.673945
-0.397231 1.062144 -5.674529 45 79 35 0 0.861665 0.014880 0.507260
-0.536722 0.775860 -5.453973 52 82 45 0 0.896178 0.014561 0.443456
-0.522115 0.648785 -5.478804 62 88 49 0 0.935945 0.166788 0.310144
-0.468072 1.211859 -5.588352 52 86 45 0 0.682369 -0.120418 0.721022
-0.439590 0.967203 -5.606609 52 83 49 0 0.759264 0.110572 0.641320
-0.454926 1.173883 -5.604419 53 83 45 0 0.774811 -0.142373 0.615952
-0.581271 0.927036 -5.403582 56 87 51 0 0.859072 0.243934 0.449990
-0.596608 0.876644 -5.355381 72 85 67 0 0.905518 0.228931 0.357250
-0.570316 0.824791 -5.391166 53 88 42 0 0.924510 0.040652 0.378984
-0.465151 0.830634 -5.559869 51 84 43 0 0.713960 0.070962 0.696582
-0.414759 1.219162 -5.645316 48 81 36 0 0.738397 0.023819 0.673945
-0.516273 1.475504 -5.551106 55 55 44 0 0.477187 0.570951 0.668063
-0.361446 0.800691 -5.686214 40 72 30 0 0.800761 -0.079070 0.593742
-0.454196 0.896362 -5.581048 47 79 41 0 0.767863 -0.006918 0.640577
-0.447623 1.183377 -5.610991 51 81 42 0 0.711101 -0.023844 0.702686
-0.397231 1.009562 -5.667226 55 89 51 0 0.831854 0.102716 0.545407
-0.427905 1.229387 -5.629980 53 87 43 0 0.720669 0.080074 0.688639
-0.506049 1.010292 -5.534308 47 78 34 0 0.827090 0.054951 0.559377
-0.479027 1.147591 -5.581048 48 80 43 0 0.774356 -0.094789 0.625610
-0.532340 0.709401 -5.456894 51 81 39 0 0.886806 0.093864 0.452509
-0.418411 1.018325 -5.640934 50 82 43 0 0.755099 0.079713 0.650747
-0.494363 0.672155 -5.524814 63 79 54 0 0.701681 -0.055962 0.710290
-0.525767 0.772939 -5.472961 47 80 37 0 0.816607 0.015148 0.576995
-0.433747 1.065066 -5.625598 48 82 40 0 0.702686 -0.023844 0.711101
-0.346109 0.762714 -5.704472 47 79 38 0 0.815194 0.032050 0.578300
-0.333694 0.761984 -5.720539 52 71 39 0 0.908257 -0.077851 0.411106
-0.400153 0.748108 -5.635822 50 81 43 0 0.810930 0.112507 0.574226
-0.469533 0.778781 -5.550375 59 83 46 0 0.731182 0.095244 0.675501
-0.585653 1.097930 -5.424761 64 90 63 0 0.719141 0.143225 0.679943
-0.341727 0.899284 -5.689136 52 85 51 0 0.546550 -0.143673 0.825010
-0.527228 1.277588 -5.491220 62 86 56 0 0.898241 -0.064063 0.434809
