-0.89569098 0.34477201 -5.99348307 155 154 137 0.000000 0.872455 -0.261585 0.412791
-1.32513499 -0.06829100 -6.09033918 88 97 81 0.000000 0.283047 -0.189158 0.940268
-0.73331499 -0.10176400 -6.09959698 89 96 88 0.000000 0.541019 0.118120 0.832674
-1.03883898 -0.23921400 -5.98992205 85 115 70 0.000000 0.006710 0.500602 0.865652
-1.21189904 0.21444400 -5.92155313 149 153 139 0.000000 0.492365 0.509056 -0.706002
-0.98115301 0.05990100 -6.02268219 111 138 108 0.000000 0.457677 -0.070518 0.886318
-0.80453300 0.13823999 -6.15229893 85 86 76 0.000000 0.538343 0.705013 0.461675
-0.83800501 -0.23921400 -5.98992205 68 80 65 0.000000 0.149455 0.537150 0.830141
-1.12928605 -0.06686700 -6.02196980 61 92 51 0.000000 -0.229619 -0.119300 0.965941
-1.32086205 0.10690500 -6.02481890 128 128 124 0.000000 0.530460 0.554036 -0.641604
-1.03029299 0.22299001 -5.93935680 94 128 94 0.000000 0.347336 -0.308242 0.885632
-0.89925200 -0.09179300 -6.04333496 99 135 93 0.000000 0.189696 0.357998 0.914250
-1.13142204 0.08269100 -5.97852707 67 98 55 0.000000 -0.230358 -0.450177 0.862714
-0.91563201 0.19307800 -6.03906202 112 143 112 0.000000 0.647709 -0.489567 0.583779
-1.23539996 -0.15517700 -6.01698494 87 112 72 0.000000 0.205228 0.822433 0.530553
-0.83729303 0.02642800 -6.09247589 113 146 111 0.000000 0.538890 0.063316 0.839993
-1.22329295 0.01574600 -6.02837992 55 88 41 0.000000 -0.199163 -0.356775 0.912713
-1.01961005 -0.11956800 -6.01556110 86 113 79 0.000000 -0.014680 0.465751 0.884794
-1.13427103 -0.19292200 -6.00274086 93 121 87 0.000000 0.419833 0.742529 0.521911
-0.74114901 0.00435100 -6.13093281 75 81 74 0.000000 0.347360 0.601764 0.719181
-0.77034801 -0.18936200 -6.05401802 65 82 64 0.000000 0.508301 0.669347 0.541853
-0.95907497 0.30204201 -5.92226601 102 118 87 0.000000 0.759675 -0.584488 0.285077
-0.93699801 -0.18152800 -6.00416613 84 108 68 0.000000 0.387958 0.157741 0.908078
-1.11504197 0.24150600 -5.88523197 73 103 66 0.000000 0.109910 -0.587654 0.801613
-1.23539996 0.13752800 -5.98137617 56 88 39 0.000000 -0.191495 -0.419535 0.887310
-1.06590199 0.00791200 -6.00345421 74 106 69 0.000000 0.046157 -0.378486 0.924455
-1.03527796 0.13111900 -5.97496700 90 121 86 0.000000 0.355087 -0.251950 0.900241
-0.86293101 0.26928100 -6.06755018 100 103 92 0.000000 0.753083 0.222963 0.618994
-0.88785702 0.10904100 -6.07609606 114 146 115 0.000000 0.546628 0.134079 0.826572
-1.33937800 0.02500400 -6.07538414 53 66 35 0.000000 -0.452203 -0.475224 0.754768
-1.11931598 0.16530301 -5.93793297 71 107 62 0.000000 0.101784 -0.425264 0.899328
-0.81521499 -0.06757900 -6.07680798 107 142 103 0.000000 0.286237 0.386192 0.876883
-1.23967397 -0.06900300 -6.05259418 62 94 47 0.000000 -0.245859 -0.063649 0.967214
-0.98471397 -0.02912100 -6.02624321 94 123 92 0.000000 0.285344 0.070376 0.955838
-0.95622599 -0.26200399 -5.96855688 68 76 64 0.000000 -0.070208 0.800939 0.594615
-0.84441501 0.20874600 -6.12238693 109 114 101 0.000000 0.705763 0.430100 0.562950
-0.84085399 -0.14663100 -6.03550100 96 127 86 0.000000 0.182644 0.349713 0.918881
-0.91990501 0.00933600 -6.05045700 98 127 100 0.000000 0.364851 0.190295 0.911412
-1.14352906 0.01147300 -6.01556110 54 87 44 0.000000 0.023240 -0.523574 0.851663
-0.93699801 0.24720401 -5.98636198 117 141 113 0.000000 0.595192 -0.387452 0.704008
-0.97260702 0.17171299 -5.99134588 111 139 111 0.000000 0.609214 -0.333037 0.719684
-0.78530401 0.06702300 -6.15870810 94 113 49 0.000000 -0.174329 0.292379 -0.940279
-1.09225297 -0.13025101 -6.02196980 95 107 76 0.000000 0.395749 0.499979 0.770327
-1.18198705 -0.11671900 -6.03977489 70 101 58 0.000000 -0.126936 0.252564 0.959218
-1.28525305 -0.01416600 -6.05615520 62 92 47 0.000000 -0.292895 -0.244317 0.924404
-1.29166305 -0.11956800 -6.05757904 85 96 75 0.000000 -0.022896 0.879461 0.475421
-0.95195299 0.12186000 -6.03407717 103 134 105 0.000000 0.595257 -0.277787 0.753992
-1.25747800 0.07272000 -6.01556110 63 99 46 0.000000 -0.198039 -0.380177 0.903463
-1.04809797 -0.05903300 -6.01627302 133 110 101 0.000000 0.046825 -0.070782 0.996392
-0.74613398 -0.12882601 -6.03977489 94 109 84 0.000000 0.286382 -0.364350 0.886135
-1.05806804 0.27640301 -5.91371918 114 146 113 0.000000 0.466172 0.118325 0.876746
-0.95337802 -0.11743200 -6.01983404 90 121 81 0.000000 0.001289 0.406019 0.913864
-1.04026401 0.06987100 -5.99348307 96 126 90 0.000000 0.365926 -0.276312 0.888679
-1.17771399 0.14536200 -5.95644999 52 83 39 0.000000 -0.227824 -0.346815 0.909844
-1.19195795 0.08696400 -5.99561977 58 87 42 0.000000 -0.198104 -0.460256 0.865401
-1.04881001 -0.17226900 -6.00701523 69 97 55 0.000000 -0.339702 0.024174 0.940223
-0.76536298 -0.04692600 -6.10458279 102 139 98 0.000000 0.361888 0.425099 0.829655
-0.85296100 0.14821100 -6.10458279 121 152 118 0.000000 0.662466 0.015341 0.748935
-0.89497900 -0.24633600 -5.97425413 81 118 71 0.000000 -0.095777 0.521768 0.847694
-1.18554795 -0.05048700 -6.03692579 66 90 51 0.000000 -0.182912 -0.078737 0.979971
-1.29094994 0.15034699 -5.99704409 107 105 98 0.000000 0.442483 0.136039 -0.886398
-1.24821997 0.19307800 -5.96642113 70 75 59 0.000000 -0.453274 -0.127260 0.882240
-0.99682099 -0.19790800 -5.99917984 84 110 66 0.000000 0.308310 0.276164 0.910318
-0.86506802 -0.19292200 -6.01057482 76 111 74 0.000000 0.095828 0.516328 0.851012
-0.92275399 0.06631000 -6.05686712 109 146 104 0.000000 0.484515 0.001327 0.874782
-0.90210098 0.28637400 -6.00915098 131 156 122 0.000000 0.792127 -0.167478 0.586929
-1.08869195 0.12328500 -5.95929909 80 116 74 0.000000 0.157970 -0.348093 0.924054
-1.06020498 0.17171299 -5.94647884 91 127 88 0.000000 0.181780 -0.468491 0.864565
-0.82304901 0.07556900 -6.11384201 110 144 107 0.000000 0.543073 0.212640 0.812315
-1.15563595 0.21159500 -5.90802097 75 108 63 0.000000 0.182295 -0.629608 0.755223
-0.86720401 -0.01416600 -6.07039785 113 146 108 0.000000 0.341393 0.157459 0.926638
-1.29949605 0.04779400 -6.03977489 59 85 41 0.000000 -0.348805 -0.333574 0.875821
-0.93414903 0.34334800 -5.95502615 69 70 69 0.000000 0.545426 0.063422 0.835756
-0.98542601 0.25290099 -5.94576693 96 131 93 0.000000 0.372994 -0.426959 0.823761
-1.08869195 -0.22069700 -5.99561977 95 128 89 0.000000 0.222243 0.823067 0.522655
-1.18341100 -0.17298099 -6.00701523 85 119 75 0.000000 0.174976 0.777502 0.604048
-0.78886497 0.02642800 -6.12309980 123 154 121 0.000000 0.595698 0.253054 0.762304
-0.81379098 -0.19719601 -6.02339506 110 144 110 0.000000 0.294179 0.564506 0.771227
-1.01604903 0.02144300 -6.01271200 158 151 139 0.000000 0.493994 -0.206964 0.844473
-0.92275399 -0.04265300 -6.04689598 85 100 83 0.000000 0.387538 0.054602 0.920235
-1.09153998 0.20803399 -5.91728020 76 113 72 0.000000 0.230077 -0.492152 0.839554
-1.00038195 0.10476800 -6.00202894 110 133 105 0.000000 0.410025 -0.299457 0.861513
-0.87218899 0.22014099 -6.07894516 117 148 110 0.000000 0.841068 -0.206870 0.499809
-0.79242498 -0.10888500 -6.06042814 95 131 91 0.000000 0.134421 0.411752 0.901327
-0.90779799 -0.14378200 -6.01840878 97 126 89 0.000000 0.277876 0.301154 0.912190
-0.91278398 0.14892299 -6.06114006 105 140 103 0.000000 0.525841 -0.357572 0.771773
-0.86934102 0.06417400 -6.08393002 111 141 110 0.000000 0.371059 0.213904 0.903637
-1.09367704 0.04636900 -5.99063396 60 93 52 0.000000 0.001255 -0.347682 0.937612
-0.90067703 0.24150600 -6.02837992 113 143 107 0.000000 0.823581 -0.299627 0.481599
-1.01533699 0.17954700 -5.96072292 93 129 93 0.000000 0.331160 -0.473764 0.816015
-0.84298998 -0.10318800 -6.05330610 97 134 95 0.000000 0.119258 0.489965 0.863546
-1.23397601 -0.11956800 -6.04760885 70 101 54 0.000000 -0.159650 0.334572 0.928748
-1.13925600 -0.13381200 -6.03122902 65 97 52 0.000000 -0.203943 0.276086 0.939247
-0.93129998 0.29919299 -5.96926880 123 147 115 0.000000 0.801998 -0.271518 0.532050
-0.96975797 0.21800400 -5.97211790 111 143 111 0.000000 0.545817 -0.315325 0.776308
-0.95622599 -0.22069700 -5.98992205 81 110 62 0.000000 0.149627 0.071868 0.986127
-0.86578000 -0.06473000 -6.06185198 108 137 107 0.000000 0.205869 0.395677 0.895018
-1.08370602 -0.03054600 -6.01983404 54 85 45 0.000000 -0.229595 -0.213293 0.949627
-1.34151495 -0.01986300 -6.06897402 111 116 109 0.000000 0.326696 -0.168214 0.930040
-0.99326003 -0.08324700 -6.02196980 82 113 78 0.000000 0.158613 -0.023963 0.987050
-1.13427103 0.12684600 -5.95644999 58 93 49 0.000000 -0.039198 -0.452807 0.890746
-1.00394201 0.30631500 -5.92368984 91 109 83 0.000000 -0.134152 -0.235744 0.962511
-1.28169203 -0.06900300 -6.06826210 56 83 37 0.000000 -0.422036 -0.293123 0.857884
-1.16133404 0.04993000 -6.00131702 54 89 44 0.000000 -0.182453 -0.380708 0.906517
-0.80168402 -0.02271200 -6.09817314 104 137 99 0.000000 0.348805 0.333574 0.875821
-1.24323499 -0.02200000 -6.04618406 59 86 43 0.000000 -0.254711 -0.277479 0.926352
-0.78744000 -0.14948000 -6.04547215 94 131 87 0.000000 0.101836 0.212473 0.971846
-0.96121198 0.01289700 -6.03763819 103 124 98 0.000000 0.332426 0.150350 0.931068
-0.99041098 -0.15517700 -6.00131702 81 113 70 0.000000 -0.086520 0.102671 0.990946
-0.88287199 0.02571600 -6.07039785 103 132 101 0.000000 0.458081 0.093858 0.883942
-0.85153598 0.10334400 -6.09817314 122 154 120 0.000000 0.627307 0.165560 0.760970
-0.88144797 0.30275401 -6.04262304 92 99 85 0.000000 0.903639 0.030609 0.427199
-1.26531196 0.01930700 -6.03906202 75 110 59 0.000000 -0.230830 -0.380795 0.895384
-0.99682099 -0.24277499 -5.98707294 77 102 56 0.000000 -0.174245 -0.260692 -0.949567
-0.94483203 0.20162401 -6.00202894 112 139 113 0.000000 0.795689 -0.271507 0.541445
-1.02815604 -0.02200000 -6.01556110 164 142 137 0.000000 0.389345 -0.238344 0.889720
-1.27243400 0.11331400 -6.00274086 60 88 40 0.000000 -0.315763 -0.300938 0.899850
-1.09581304 -0.18722500 -6.01912212 152 144 122 0.000000 0.386174 -0.103071 -0.916649
-1.17272902 0.17883500 -5.93294811 56 88 41 0.000000 -0.349164 -0.563535 0.748674
-0.95693898 -0.06757900 -6.03336477 102 131 99 0.000000 0.364491 0.062295 0.929121
-0.88857001 0.18381999 -6.06968594 115 145 110 0.000000 0.706205 -0.213576 0.675026
-0.78672802 0.10405600 -6.13876677 105 141 102 0.000000 0.284968 0.149912 0.946742
-0.91349602 -0.21500000 -5.99277115 87 119 79 0.000000 -0.022820 0.465791 0.884600
-1.08370602 0.08625100 -5.97496700 78 113 70 0.000000 0.119053 -0.357159 0.926425
-1.07088697 -0.09606600 -6.01912212 85 112 77 0.000000 -0.111142 0.001079 0.993804
-1.20548904 0.04850600 -6.01342392 56 88 37 0.000000 -0.247148 -0.247148 0.936929
-1.02459598 0.26216000 -5.92938709 93 128 88 0.000000 0.236524 -0.341001 0.909821
-1.21403503 0.16245501 -5.95929909 54 86 34 0.000000 -0.325245 -0.450944 0.831183
-0.76464999 0.03355000 -6.15514803 60 62 59 0.000000 0.398368 0.676068 0.619867
-1.33296895 0.06773500 -6.04618406 129 130 119 0.000000 0.630931 -0.038110 -0.774902
-0.72832900 -0.05404800 -6.11597776 130 152 133 0.000000 0.355326 0.032302 0.934184
-1.23184001 0.10263200 -5.99633217 61 93 45 0.000000 -0.135835 -0.387901 0.911637
-0.79598600 -0.22425801 -6.00416613 59 77 56 0.000000 0.308359 0.950456 0.039338
-1.10792005 -0.00063400 -6.01413584 54 85 44 0.000000 -0.071506 -0.506151 0.859475
-1.17984998 0.02001900 -6.01769686 64 98 52 0.000000 -0.111174 -0.434846 0.893616
-0.94981700 0.16031800 -6.01840878 106 137 105 0.000000 0.579278 -0.363884 0.729401
-1.06305301 0.23153600 -5.91656780 112 148 108 0.000000 0.379241 -0.204877 0.902331
-1.11219394 -0.09962700 -6.02410698 68 96 56 0.000000 -0.213563 -0.277772 0.936607
-0.95052898 0.08126600 -6.03835106 110 138 108 0.000000 0.611198 0.079470 0.787478
-0.95480198 0.26928100 -5.95716190 116 148 111 0.000000 0.591751 -0.332353 0.734420
-0.82803398 0.12898199 -6.12309980 118 150 116 0.000000 0.646019 0.182604 0.741158
-0.77889401 -0.08253500 -6.08179283 110 146 104 0.000000 0.278164 0.486399 0.828276
-1.15136302 -0.09321800 -6.03407717 64 94 50 0.000000 -0.333763 -0.197417 0.921753
-0.88144797 -0.12241700 -6.03479004 105 134 100 0.000000 0.213517 0.443458 0.870492
-1.18625998 0.21515600 -5.88879299 103 106 102 0.000000 0.022768 0.887950 -0.459377
-0.88358402 0.14821100 -6.08250618 108 142 109 0.000000 0.569284 -0.196884 0.798218
-1.19338202 -0.01559000 -6.03407717 69 100 57 0.000000 -0.110078 -0.143948 0.983444
-0.90138900 -0.18223999 -6.00843906 91 119 76 0.000000 0.245966 0.475127 0.844840
-1.13854396 -0.03268200 -6.02410698 58 91 49 0.000000 -0.119498 0.055766 0.991267
-0.87859899 -0.22069700 -5.99277115 95 127 88 0.000000 0.196325 0.546361 0.814215
-1.05308294 -0.13025101 -6.01484823 60 85 50 0.000000 -0.228690 0.228690 0.946257
-1.12786198 0.03853500 -5.99989319 51 83 40 0.000000 -0.119969 -0.373696 0.919760
-0.83515602 0.17527400 -6.12381220 123 152 119 0.000000 0.706734 -0.032445 0.706734
-1.03456604 -0.20360500 -6.00274086 73 103 60 0.000000 0.048102 0.245446 0.968216
-1.00394201 0.14465000 -5.97995090 99 132 97 0.000000 0.484388 -0.412627 0.771432
-1.08228195 0.26429600 -5.89235401 138 163 135 0.000000 0.825520 -0.040508 0.562918
-0.77675802 -0.21500000 -6.03193998 133 145 137 0.000000 0.316686 0.198456 0.927537
-0.77248400 -0.01345400 -6.11384201 110 144 109 0.000000 0.365286 0.460994 0.808734
-0.76037699 -0.11458300 -6.07111120 76 96 29 0.000000 0.046920 -0.644083 -0.763515
-1.30875504 -0.04407700 -6.07253504 58 82 37 0.000000 -0.427637 -0.269366 0.862884
-0.94411898 0.04352100 -6.04333496 106 138 108 0.000000 0.491636 -0.031323 0.870237
-1.26175106 0.16245501 -5.97211790 130 138 111 0.000000 -0.150350 0.332426 -0.931068
-1.01035202 -0.05404800 -6.02125788 76 110 71 0.000000 0.032419 0.038694 0.998725
-0.89497900 0.21658000 -6.05188084 110 140 108 0.000000 0.617729 -0.254359 0.744119
-1.29308701 0.07770500 -6.02553082 59 85 40 0.000000 -0.389797 -0.286660 0.875148
-1.20406497 -0.14876699 -6.02695608 78 109 62 0.000000 0.046769 0.619334 0.783734
-0.86150700 -0.24562401 -5.96713209 116 136 104 0.000000 0.349112 0.865860 0.358340
-0.89070600 0.32198200 -6.01698494 131 137 122 0.000000 0.908368 -0.109559 0.403565
-1.26032698 -0.13950901 -6.04832077 125 131 109 0.000000 0.436469 -0.246174 -0.865386
-0.95337802 -0.02769700 -6.03621387 88 122 84 0.000000 0.254700 -0.015692 0.966893
-1.01391304 0.05634000 -6.00772715 80 102 70 0.000000 0.285344 -0.070376 0.955838
-0.91563201 0.11117800 -6.05900288 110 145 111 0.000000 0.465751 -0.014680 0.884794
-0.86293101 0.17812200 -6.09674883 122 150 120 0.000000 0.657262 -0.032371 0.752966
-1.05949199 0.10761700 -5.97211790 85 119 82 0.000000 0.263219 -0.395581 0.879904
-1.12430096 -0.16728400 -6.01983404 71 102 60 0.000000 -0.062836 0.071655 0.995448
-0.74043602 -0.15944999 -6.04832077 80 98 78 0.000000 -0.198388 -0.418819 0.886133
-1.08940399 0.15675700 -5.94647884 79 115 74 0.000000 0.263219 -0.395581 0.879904
-1.05664396 0.20376100 -5.93152380 93 129 91 0.000000 0.381343 -0.302340 0.873595
-1.21617198 0.19236600 -5.94790411 53 80 29 0.000000 -0.515801 -0.348688 0.782539
-1.12216401 0.19877601 -5.91941595 72 107 64 0.000000 0.109696 -0.577731 0.808823
-0.87931103 0.24364300 -6.05686712 118 148 112 0.000000 0.648395 -0.244528 0.720965
-0.98756200 -0.12526600 -6.01128721 82 113 77 0.000000 0.009190 0.437189 0.899323
-0.74328500 -0.02484800 -6.11740208 111 144 107 0.000000 0.245549 0.215370 0.945157
-0.85723400 0.24293099 -6.09390020 94 113 88 0.000000 0.813708 -0.460199 0.355101
-0.98827398 0.19165400 -5.96998119 109 139 110 0.000000 0.499979 -0.395749 0.770327
-1.05949199 0.14393800 -5.96072292 78 110 73 0.000000 0.293682 -0.317295 0.901707
-1.14495397 0.23652101 -5.89093018 90 96 85 0.000000 0.024640 -0.379982 0.924666
-0.84583902 -0.03481900 -6.07823181 103 137 103 0.000000 0.229365 0.070669 0.970772
-0.98400098 0.13254300 -5.99989319 110 134 104 0.000000 0.565486 -0.422870 0.708101
-0.89569098 -0.06330600 -6.05401802 100 132 97 0.000000 0.404124 0.181059 0.896605
-0.83658099 -0.21215101 -6.00416613 100 132 97 0.000000 0.118496 0.563220 0.817766
-0.79883498 0.06559800 -6.12950897 114 147 110 0.000000 0.632147 0.023723 0.774485
-1.30448198 0.12470900 -6.00630188 82 100 75 0.000000 0.118493 -0.347306 0.930235
-0.75254297 -0.07327700 -6.09746122 122 154 116 0.000000 0.316653 0.412421 0.854190
-1.06447804 0.03996000 -5.99419498 83 115 79 0.000000 0.258998 -0.284755 0.922949
-0.82162499 0.00079000 -6.09318781 114 144 111 0.000000 0.467841 0.270205 0.841495
-0.97403097 0.10904100 -6.01840878 104 133 104 0.000000 0.640186 -0.198998 0.741999
-0.97759199 0.27996400 -5.93579578 95 134 88 0.000000 0.410570 -0.545777 0.730451
-1.02815604 -0.14663100 -6.00630188 75 100 61 0.000000 -0.181390 0.143336 0.972909
-1.29094994 -0.09250500 -6.08393002 50 63 39 0.000000 -0.744341 -0.110985 0.658512
-1.15563595 -0.16942100 -6.01698494 83 113 71 0.000000 0.260779 0.529365 0.807321
-1.16204596 -0.18793701 -5.99277115 93 123 83 0.000000 0.357064 0.817280 0.452281
-0.88216001 -0.15873800 -6.01983404 89 118 87 0.000000 0.229625 0.283157 0.931179
-0.93557298 -0.23992600 -5.98066378 80 114 70 0.000000 0.054849 0.402670 0.913700
-0.84085399 -0.18152800 -6.02339506 104 135 98 0.000000 0.205802 0.389710 0.897648
-1.03243005 0.10334400 -5.98493719 93 122 92 0.000000 0.387695 -0.276063 0.879478
-1.25178099 -0.09535400 -6.05829096 51 82 34 0.000000 -0.229492 0.191914 0.954203
-1.08940399 0.23723300 -5.90089989 89 123 87 0.000000 0.474508 -0.514467 0.714259
-0.93486100 -0.09891500 -6.03265285 122 144 119 0.000000 0.167526 0.356169 0.919282
-0.92560297 0.22939900 -6.00630188 115 142 113 0.000000 0.678864 -0.409974 0.609152
-0.95907497 0.32839200 -5.93437195 51 65 44 0.000000 -0.086179 0.728870 0.679207
-0.80025899 -0.17511800 -6.03621387 99 134 99 0.000000 0.318017 0.254124 0.913393
-0.90851003 0.31913400 -5.98992205 126 149 115 0.000000 0.724522 -0.317886 0.611568
-1.27243400 0.04565700 -6.02980423 66 99 50 0.000000 -0.230877 -0.293199 0.927756
-1.18910897 0.12114800 -5.96713209 85 104 64 0.000000 0.214798 0.467149 -0.857691
-0.88572103 0.26643300 -6.04048681 117 146 112 0.000000 0.814728 -0.140982 0.562444
-1.11148095 0.10690500 -5.96570778 66 101 58 0.000000 -0.095292 -0.347613 0.932783
-1.18483603 -0.08823200 -6.04262304 65 97 50 0.000000 -0.221544 -0.015401 0.975029
-0.98756200 0.01717000 -6.02695608 98 128 94 0.000000 0.347795 -0.070088 0.934947
-0.92489100 -0.07114000 -6.04476023 94 122 91 0.000000 0.317923 0.063585 0.945982
-1.23326397 0.05064300 -6.01983404 58 91 44 0.000000 -0.199163 -0.356775 0.912713
-1.31943798 0.02073100 -6.05544186 123 134 110 0.000000 0.403882 0.323415 -0.855735
-0.96263599 -0.19292200 -6.00060511 84 105 63 0.000000 0.412791 -0.872455 -0.261585
-1.17629004 -0.14520700 -6.03051615 86 116 74 0.000000 0.031313 0.496922 0.867230
-0.81948799 0.16459100 -6.14446497 52 62 47 0.000000 0.664767 0.244748 0.705821
-1.14495397 0.17954700 -5.93009901 64 98 53 0.000000 0.031258 -0.485175 0.873858
-0.89213002 0.05206700 -6.07039785 101 136 99 0.000000 0.520689 0.031599 0.853161
-0.92417902 0.27782699 -5.98564911 121 146 120 0.000000 0.751368 -0.299586 0.587958
-1.01604903 -0.22283401 -5.99490690 76 107 62 0.000000 -0.078677 0.228538 0.970351
-0.81877601 -0.11600700 -6.05330610 100 136 97 0.000000 0.199204 0.435297 0.877972
-0.93343699 0.13966499 -6.04618406 104 135 105 0.000000 0.581141 -0.263010 0.770130
-1.10934496 -0.20360500 -6.00202894 109 123 105 0.000000 0.420239 0.616239 0.666070
-1.02958095 0.15675700 -5.96428394 87 119 86 0.000000 0.173780 -0.315584 0.932849
-1.16916800 -0.00633200 -6.02624321 53 86 41 0.000000 -0.096031 -0.363837 0.926499
-0.81664002 0.03639900 -6.10671902 114 147 113 0.000000 0.546272 0.087461 0.833029
-1.06234097 -0.22639500 -5.99561977 81 114 72 0.000000 0.086876 0.528379 0.844552
-1.06590199 -0.19292200 -6.00986290 84 100 67 0.000000 -0.093527 0.306927 0.947127
-1.14495397 0.10405600 -5.96926880 63 92 48 0.000000 -0.365994 -0.381569 0.848795
-0.98328900 -0.21998499 -5.99205923 76 109 64 0.000000 -0.149479 0.316786 0.936644
-1.06732595 0.06488600 -5.98493719 80 114 75 0.000000 0.150854 -0.229561 0.961533
-0.73331499 -0.11671900 -6.05971622 120 134 114 0.000000 0.420852 0.794943 0.436977
-1.15492404 -0.05333600 -6.02766800 53 82 39 0.000000 -0.481338 -0.103651 0.870385
-0.95266598 0.29349500 -5.94647884 108 141 103 0.000000 0.596711 -0.479050 0.643776
-1.03955102 0.19022900 -5.94647884 92 129 92 0.000000 0.403449 -0.302203 0.863656
-0.90495002 0.08340300 -6.06612492 104 140 103 0.000000 0.499612 -0.086335 0.861936
-0.84655100 -0.00419500 -6.08321810 109 141 107 0.000000 0.276441 0.157774 0.947991
-1.00963998 0.24364300 -5.94007015 100 133 97 0.000000 0.286382 -0.364350 0.886135
-0.97118199 -0.24206300 -5.98351192 82 108 60 0.000000 0.031599 -0.520689 -0.853161
-0.93770999 0.18310800 -6.01912212 110 140 112 0.000000 0.627890 -0.247065 0.738047
-0.97260702 -0.09820300 -6.02553082 89 110 80 0.000000 0.236207 0.047731 0.970530
-1.20833802 -0.03909200 -6.04048681 63 91 47 0.000000 -0.341766 -0.223518 0.912818
-1.05165899 -0.01202900 -6.01128721 88 120 83 0.000000 0.301342 -0.396181 0.867314
-0.92560297 0.16387901 -6.04333496 109 141 109 0.000000 0.670288 -0.101648 0.735107
-1.04026401 -0.10532500 -6.02054501 93 119 85 0.000000 0.001112 0.150135 0.988665
-0.91207099 0.21871699 -6.03051615 95 122 92 0.000000 0.776619 -0.325059 0.539630
-1.12501299 0.21871699 -5.90374899 70 103 57 0.000000 0.046700 -0.609934 0.791075
-1.33652997 0.04423300 -6.05544186 73 82 64 0.000000 -0.134192 -0.468951 0.872970
-1.30590606 -0.07398900 -6.07395887 143 146 126 0.000000 -0.237725 -0.015530 -0.971208
-0.91848099 -0.01772700 -6.04689598 103 134 96 0.000000 0.355681 -0.016573 0.934460
-0.81735200 -0.14164600 -6.04333496 97 132 90 0.000000 0.158318 0.357267 0.920487
-0.83871698 0.05135500 -6.09603596 109 141 107 0.000000 0.602730 0.142083 0.785194
-1.11504197 -0.02413600 -6.02196980 69 104 61 0.000000 -0.055405 -0.015681 0.998341
-1.29166305 0.10191900 -6.01413584 67 90 48 0.000000 -0.355852 -0.412287 0.838683
-1.10792005 0.02358000 -6.00274086 70 90 57 0.000000 -0.070305 -0.354177 0.932532
-0.99539602 0.08126600 -6.00915098 118 125 109 0.000000 0.530824 -0.317219 0.785874
-1.30875504 -0.01986300 -6.06612492 58 87 39 0.000000 -0.293961 -0.199225 0.934824
-1.13854396 0.15106000 -5.94505501 72 107 61 0.000000 -0.022896 -0.475421 0.879461
-0.96833402 0.24364300 -5.96143484 108 145 104 0.000000 0.476351 -0.364080 0.800334
-0.99254799 0.21373101 -5.95929909 103 136 98 0.000000 0.412545 -0.331593 0.848441
-0.79741102 0.00791200 -6.10885620 114 149 110 0.000000 0.556163 0.269416 0.786191
-1.09652603 0.18738100 -5.93009901 76 111 68 0.000000 0.151444 -0.507264 0.848380
-0.77889401 -0.12953900 -6.05829096 78 95 35 0.000000 -0.212562 -0.357162 -0.909534
-1.20762503 -0.16942100 -6.00345421 85 111 67 0.000000 0.006888 0.792144 0.610295
-1.29522300 0.02358000 -6.03906202 107 118 84 0.000000 0.380177 0.198039 -0.903463
-1.10079896 -0.15304001 -6.01912212 78 99 63 0.000000 -0.301516 0.222244 0.927198
-1.00536704 -0.17511800 -6.00131702 77 103 58 0.000000 -0.117950 -0.087587 0.989149
-0.91064698 0.34619701 -5.97425413 150 153 131 0.000000 0.595557 -0.260655 0.759849
-0.77105999 0.09123700 -6.15229893 111 129 109 0.000000 0.395231 -0.436835 0.808064
-0.97047001 -0.00989300 -6.03051615 100 127 96 0.000000 0.301421 0.071151 0.950833
-0.97759199 -0.05760900 -6.02553082 90 118 87 0.000000 0.222088 0.062577 0.973016
-0.89996397 0.12898199 -6.07039785 106 137 107 0.000000 0.539569 0.023340 0.841618
-0.95622599 -0.16728400 -6.00274086 89 118 75 0.000000 0.142660 0.001106 0.989771
-0.96619701 0.13183101 -6.01769686 106 136 103 0.000000 0.648065 -0.286429 0.705670
-0.95693898 -0.13879700 -6.00986290 89 122 84 0.000000 0.174034 0.395532 0.901813
-0.92702699 0.09123700 -6.05259418 110 143 105 0.000000 0.664837 -0.055761 0.744904
-1.25320494 0.09551000 -6.00416613 60 92 43 0.000000 -0.317024 -0.381348 0.868371
-1.21474695 0.06987100 -6.00843906 55 85 41 0.000000 -0.127698 -0.405546 0.905111
-0.97260702 0.03497500 -6.03193998 97 129 94 0.000000 0.434034 0.009179 0.900850
-1.11076903 0.07129600 -5.98066378 68 102 60 0.000000 -0.141141 -0.370322 0.918118
-0.83800501 -0.06829100 -6.07039785 104 139 102 0.000000 0.276063 0.387695 0.879478
-1.01604903 -0.25630599 -5.98493719 101 118 92 0.000000 -0.047748 0.157220 0.986409
-0.93058801 -0.12312900 -6.02196980 104 134 98 0.000000 0.214843 0.461236 0.860874
-1.24821997 0.12186000 -5.99348307 58 88 40 0.000000 -0.286382 -0.364350 0.886135
-0.81521499 -0.08894400 -6.06683683 102 138 98 0.000000 0.118325 0.466172 0.876746
-1.31516397 0.08197800 -6.04048681 50 65 31 0.000000 -0.630283 -0.198793 0.750483
-1.13355899 -0.11102200 -6.03193998 62 91 52 0.000000 -0.262833 -0.102285 0.959404
-0.80880600 -0.22853100 -5.98493719 82 92 71 0.000000 -0.229440 0.811508 0.537412
-1.16703105 0.22797500 -5.89235401 93 97 86 0.000000 0.260149 -0.339517 0.903908
-1.19480598 0.16601500 -5.94647884 99 118 83 0.000000 0.380550 0.467257 -0.798030
-1.05735600 -0.25060901 -5.98137617 70 76 66 0.000000 0.467409 0.641640 0.608134
-1.21332300 -0.13025101 -6.03763819 73 104 57 0.000000 -0.222963 0.618994 0.753083
-0.86079502 -0.13309900 -6.03621387 95 126 82 0.000000 0.182116 0.528287 0.829305
-1.01604903 -0.07968600 -6.02054501 69 101 64 0.000000 -0.031901 -0.023668 0.999211
-0.96263599 0.19450299 -5.98921013 109 140 109 0.000000 0.614302 -0.285611 0.735567
-0.81094199 0.09194900 -6.12452412 113 147 107 0.000000 0.547250 0.159552 0.821621
-1.23184001 0.17812200 -5.96072292 56 87 35 0.000000 -0.443362 -0.414342 0.794827
-1.06518996 -0.15802599 -6.01413584 70 98 57 0.000000 -0.261216 0.214225 0.941209
-0.94696802 0.22085300 -5.98992205 113 140 112 0.000000 0.543804 -0.322432 0.774800
-0.90352499 0.16957600 -6.05829096 108 141 106 0.000000 0.667748 -0.126977 0.733477
-0.92987603 -0.25915501 -5.96998119 83 94 77 0.000000 -0.038287 0.682071 0.730283
-1.11433005 -0.13594800 -6.02553082 67 94 52 0.000000 -0.370600 0.260462 0.891524
-1.17700195 0.06631000 -5.99989319 59 93 44 0.000000 -0.198039 -0.380177 0.903463
-1.01676202 0.12470900 -5.98636198 91 120 86 0.000000 0.355830 -0.355830 0.864159
-1.11860299 -0.04692600 -6.02054501 76 108 67 0.000000 -0.087053 0.110267 0.990082
-0.94127101 0.31201199 -5.95288897 131 153 127 0.000000 0.742825 -0.133021 0.656137
-1.04097605 0.04779400 -5.99846792 94 123 88 0.000000 0.435888 -0.308690 0.845406
-0.85652202 -0.08538400 -6.05686712 113 145 110 0.000000 0.246174 0.436469 0.865386
-0.91349602 0.29705599 -5.99277115 123 147 114 0.000000 0.737561 -0.175610 0.652047
-0.80524498 -0.04336500 -6.08962679 107 141 102 0.000000 0.284862 0.347502 0.893362
-0.87147701 0.28993401 -6.05829096 70 73 69 0.000000 0.831067 0.133853 0.539826
-1.14352906 0.06132500 -5.99348307 54 83 40 0.000000 -0.236439 -0.539329 0.808221
-0.86150700 -0.17298099 -6.02054501 95 130 89 0.000000 0.246358 0.238007 0.939500
-0.87361401 0.19379000 -6.08321810 119 147 113 0.000000 0.769784 -0.064507 0.635036
-1.06162906 0.25361300 -5.91300678 121 155 119 0.000000 0.584944 -0.094346 0.805568
-1.01106405 0.27996400 -5.92796278 108 142 101 0.000000 0.269875 -0.190420 0.943879
-0.91705698 0.25005201 -6.00487804 127 155 123 0.000000 0.730127 -0.213278 0.649175
-1.23184001 -0.04835000 -6.04903316 54 82 38 0.000000 -0.307982 -0.127765 0.942774
-0.80239600 0.12114800 -6.13805485 125 154 121 0.000000 0.428458 0.461040 0.777088
-1.06518996 -0.07327700 -6.01840878 84 109 77 0.000000 0.040518 0.086511 0.995427
-1.00251806 -0.10674900 -6.02196980 102 114 90 0.000000 0.024913 0.214727 0.976356
-1.01177597 0.00079000 -6.01983404 106 117 99 0.000000 0.211839 -0.008193 0.977270
-0.88216001 -0.04692600 -6.06042814 96 130 95 0.000000 0.394108 0.085913 0.915040
-1.20121598 0.00435100 -6.02837992 64 99 52 0.000000 -0.055497 -0.426379 0.902841
-0.79527402 -0.06473000 -6.08606577 105 140 101 0.000000 0.348866 0.469934 0.810835
-1.32727098 0.00506300 -6.06897402 147 151 135 0.000000 0.634974 0.135959 -0.760475
-1.25890195 0.13681599 -5.98137617 117 125 94 0.000000 0.292732 0.141644 -0.945645
-1.24323499 0.02429200 -6.03122902 56 85 40 0.000000 -0.143335 -0.245906 0.958637
-0.97403097 0.08055400 -6.02339506 101 132 98 0.000000 0.537411 -0.102295 0.837093
-0.98969901 0.16245501 -5.98137617 104 128 102 0.000000 0.532697 -0.427147 0.730602
-1.24394703 -0.14449400 -6.03479004 76 96 57 0.000000 -0.260692 -0.949567 0.174245
-1.00963998 0.20091200 -5.95502615 94 130 93 0.000000 0.379754 -0.237901 0.893974
-0.77675802 0.00862400 -6.12025118 120 154 115 0.000000 0.443692 0.499772 0.743885
-0.76180202 -0.14164600 -6.05259418 88 106 62 0.000000 0.977270 -0.211839 0.008193
-1.10293496 0.14037700 -5.95075178 71 106 64 0.000000 0.206860 -0.332403 0.920172
-0.82874697 -0.02413600 -6.08606577 105 141 105 0.000000 0.371726 0.190887 0.908505
-0.82091302 -0.17654200 -6.03051615 101 134 98 0.000000 0.252156 0.197636 0.947289
-1.27029705 -0.11814400 -6.05686712 72 101 52 0.000000 -0.039751 0.500316 0.864930
-0.90637398 0.02358000 -6.05900288 110 134 109 0.000000 0.308310 0.276164 0.910318
-0.92132998 0.32411900 -5.97354221 124 148 114 0.000000 0.698051 -0.262366 0.666250
-1.19907904 0.14536200 -5.95716190 92 110 72 0.000000 0.220605 0.372545 -0.901412
-1.08441901 -0.20360500 -6.00772715 81 106 73 0.000000 0.001270 0.372047 0.928213
-0.73117799 -0.07398900 -6.10885620 130 156 130 0.000000 0.553331 0.196638 0.809418
-0.80239600 0.04636900 -6.12096310 114 147 109 0.000000 0.658956 0.213421 0.721269
-1.10364699 -0.22069700 -6.01342392 152 92 96 0.000000 0.795510 -0.580344 -0.174255
-0.77889401 0.04636900 -6.14588881 128 153 114 0.000000 0.743982 0.236508 0.624944
-1.17201698 0.19806300 -5.90731001 87 101 67 0.000000 0.119635 0.857627 -0.500163
-0.89925200 0.19592699 -6.05401802 108 140 104 0.000000 0.593562 -0.284846 0.752693
-0.87931103 -0.07897400 -6.05401802 101 133 96 0.000000 0.205646 0.427566 0.880283
-0.83871698 0.11545100 -6.11099195 113 143 111 0.000000 0.560450 0.220783 0.798217
-1.28738904 0.12969400 -5.99490690 92 104 68 0.000000 -0.110078 0.143948 -0.983444
-0.85652202 0.21088301 -6.10529518 129 149 118 0.000000 0.822007 0.134296 0.553416
-1.08798003 -0.00633200 -6.01057482 63 86 51 0.000000 0.055863 -0.331281 0.941877
-1.02886903 -0.04265300 -6.01912212 87 114 82 0.000000 0.236625 -0.236625 0.942347
-1.23824894 0.15675700 -5.97354221 56 86 37 0.000000 -0.323651 -0.436226 0.839617
-0.90352499 -0.03838000 -6.05401802 98 130 95 0.000000 0.294524 -0.070737 0.953023
-0.94198298 0.26429600 -5.97282982 109 140 108 0.000000 0.696556 -0.244821 0.674443
-1.27314603 0.08625100 -6.01413584 67 96 50 0.000000 -0.294678 -0.404609 0.865711
-1.20192802 -0.09962700 -6.04547215 66 99 52 0.000000 -0.220734 0.102168 0.969968
-0.87290198 0.09622200 -6.08250618 106 137 104 0.000000 0.544370 0.001351 0.838844
-0.87432599 -0.23779000 -5.98137617 105 139 96 0.000000 0.149662 0.730168 0.666675
-1.21403503 -0.00989300 -6.03621387 67 91 56 0.000000 -0.150854 -0.229561 0.961533
-0.77105999 -0.16870800 -6.05330610 98 136 93 0.000000 0.829060 -0.127661 0.544392
-0.79456198 -0.20218100 -6.02909184 113 147 111 0.000000 0.389569 0.483324 0.783986
-0.88857001 0.28708601 -6.03122902 124 149 119 0.000000 0.856218 -0.135192 0.498612
-0.78316700 -0.03695500 -6.10173416 104 141 100 0.000000 0.338713 0.442690 0.830240
-1.15207601 0.13681599 -5.95360088 68 97 56 0.000000 -0.014820 -0.165305 0.986131
-0.88144797 -0.18081500 -6.01342392 96 126 90 0.000000 0.229823 0.306907 0.923575
-1.09581304 0.24862801 -5.88452005 117 138 114 0.000000 0.735238 -0.490709 0.467578
-0.85865802 -0.21856099 -5.99704409 90 123 80 0.000000 0.135192 0.498612 0.856218
-0.83088303 0.14892299 -6.12665987 134 163 130 0.000000 0.754921 0.229758 0.614252
-1.10507202 0.22441401 -5.90374899 84 118 79 0.000000 0.300874 -0.658061 0.690240
-0.96690899 0.14963500 -6.00772715 107 133 104 0.000000 0.633865 -0.443204 0.633865
-0.94198298 0.01503400 -6.04404783 98 128 96 0.000000 0.330368 0.197087 0.923046
-0.76251400 0.02073100 -6.13948011 124 146 122 0.000000 0.461327 0.697819 0.547929
-0.85509700 0.12328500 -6.09888601 119 149 112 0.000000 0.625173 0.188934 0.757273
-0.89925200 0.26856899 -6.01840878 127 153 121 0.000000 0.830141 -0.149455 0.537150
-1.03527796 0.02429200 -6.00701523 94 122 90 0.000000 0.183218 -0.118406 0.975916
-1.27528203 0.16102999 -5.98992205 68 73 59 0.000000 -0.340345 -0.371146 0.863954
-0.95337802 0.10120700 -6.03621387 106 136 105 0.000000 0.554433 -0.046086 0.830951
-1.21973205 0.12470900 -5.98137617 49 79 30 0.000000 -0.429082 -0.474764 0.768432
-1.01177597 0.21942900 -5.94719124 98 133 96 0.000000 0.371069 -0.412124 0.832143
-1.26103902 -0.07755000 -6.06042814 65 92 49 0.000000 -0.261791 -0.072087 0.962429
-0.81735200 0.05634000 -6.11170483 119 152 111 0.000000 0.600565 0.221914 0.768164
-0.91705698 -0.19648300 -5.99989319 86 118 78 0.000000 0.032510 0.373211 0.927177
-1.04453695 0.23153600 -5.92796278 99 132 97 0.000000 0.530824 -0.317219 0.785874
-0.92773902 0.20020001 -6.02268219 114 141 112 0.000000 0.680796 -0.341214 0.648144
-1.15136302 0.19521500 -5.91941595 69 108 56 0.000000 0.125876 -0.608647 0.783393
-1.14993894 -0.15304001 -6.02695608 82 103 67 0.000000 0.032603 0.379498 0.924618
-0.89569098 -0.20004401 -6.00131702 90 124 87 0.000000 0.172547 0.544648 0.820723
-0.80025899 -0.13309900 -6.04903316 91 126 87 0.000000 0.215436 0.326721 0.920240
-1.02103496 -0.09962700 -6.02054501 71 96 58 0.000000 -0.475007 0.729889 0.491558
-1.15777302 -0.03339500 -6.02909184 55 88 44 0.000000 -0.356781 0.001261 0.934187
-1.08584297 0.01147300 -6.00202894 59 90 50 0.000000 -0.254273 -0.413758 0.874157
-0.83373201 -0.05048700 -6.07965708 110 141 106 0.000000 0.268926 0.453332 0.849805
-0.87931103 0.16744000 -6.08464193 108 141 105 0.000000 0.567190 -0.355916 0.742711
-0.82518601 0.19165400 -6.12879705 83 88 81 0.000000 0.593373 -0.094301 0.799385
-1.13213503 -0.09108100 -6.02980423 66 88 51 0.000000 -0.260313 -0.205220 0.943463
-1.24964404 -0.04051600 -6.05259418 70 100 54 0.000000 -0.134106 -0.205630 0.969398
-0.90067703 -0.11956800 -6.03122902 110 139 102 0.000000 0.189939 0.443190 0.876074
-0.94127101 -0.04478900 -6.04048681 96 130 93 0.000000 0.349105 -0.032205 0.936530
-1.08157003 0.14108901 -5.95502615 85 122 81 0.000000 0.230423 -0.340563 0.911549
-0.84370202 -0.12099200 -6.04547215 102 135 98 0.000000 0.183229 0.356516 0.916146
-0.86008197 0.04708200 -6.08464193 108 143 108 0.000000 0.380472 0.117601 0.917284
-1.07444799 -0.23636501 -5.98422480 111 121 100 0.000000 0.418923 0.474345 0.774274
-1.04809797 0.16031800 -5.95644999 80 114 79 0.000000 0.301661 -0.349686 0.886973
-1.11433005 -0.18366399 -6.01484823 90 106 77 0.000000 -0.030412 0.411219 0.911029
-1.19551802 0.21017000 -5.91229486 142 149 133 0.000000 0.561786 0.761388 -0.323550
-0.92489100 0.02785300 -6.05259418 97 127 95 0.000000 0.420201 0.143865 0.895954
-0.95124102 0.18097100 -6.00558996 106 136 105 0.000000 0.689961 -0.323064 0.647752
-1.02245903 0.07343200 -5.99989319 79 109 71 0.000000 0.286237 -0.386192 0.876883
-0.81094199 -0.21357600 -6.00986290 112 148 112 0.000000 0.387713 0.697884 0.602193
-1.08085799 0.10761700 -5.96713209 75 112 69 0.000000 0.126461 -0.436219 0.890910
-0.87361401 -0.10674900 -6.04262304 99 134 96 0.000000 0.253153 0.365665 0.895658
-1.18768406 -0.15873800 -6.01912212 78 108 63 0.000000 0.149804 0.691521 0.706653
-1.20050395 0.03070200 -6.01840878 62 97 48 0.000000 -0.293654 -0.341354 0.892886
-0.85367298 0.02144300 -6.08393002 113 143 111 0.000000 0.467312 0.143232 0.872413
-1.23896098 0.06844700 -6.01413584 60 94 43 0.000000 -0.213904 -0.371059 0.903637
-0.91776901 -0.09321800 -6.03906202 93 121 93 0.000000 0.355888 0.292820 0.887468
-1.25462902 0.03924800 -6.02766800 56 85 41 0.000000 -0.246630 -0.405070 0.880393
-1.04881001 0.08482700 -5.98564911 87 117 83 0.000000 0.317196 -0.356656 0.878740
-1.16988003 -0.06188200 -6.03550100 75 100 60 0.000000 -0.150340 -0.054775 0.987116
-0.95337802 -0.10105100 -6.02980423 120 125 106 0.000000 0.127907 0.356215 0.925608
-1.02388299 0.03924800 -6.00843906 88 118 86 0.000000 0.412130 -0.310255 0.856674
-1.23468804 0.19806300 -5.95431280 61 67 53 0.000000 -0.338402 -0.362902 0.868209
-0.82589799 -0.15802599 -6.03479004 102 138 95 0.000000 0.190967 0.412547 0.890694
-0.83871698 -0.08609600 -6.06256390 102 136 98 0.000000 0.237899 0.498821 0.833415
-1.06946301 0.21301900 -5.92155313 86 122 84 0.000000 0.417706 -0.433833 0.798318
-1.08299398 -0.07897400 -6.01840878 75 104 69 0.000000 -0.048626 -0.118737 0.991734
-0.91278398 -0.16087399 -6.01271200 98 132 93 0.000000 0.412939 0.278848 0.867021
-0.75752902 -0.08823200 -6.08749104 117 153 114 0.000000 0.467989 0.461421 0.753709
-1.09367704 -0.10176400 -6.02339506 51 80 42 0.000000 -0.278023 -0.134356 0.951132
-0.81948799 0.14536200 -6.14090395 146 160 136 0.000000 0.763262 0.388954 0.515893
-1.08014596 0.02998900 -5.99490690 74 106 68 0.000000 0.001199 -0.262509 0.964929
-0.81806397 0.10904100 -6.12309980 116 148 116 0.000000 0.394393 0.245565 0.885524
-0.78387898 -0.18223999 -6.04119921 116 148 114 0.000000 0.396709 0.236243 0.887024
-0.94768000 0.13966499 -6.03122902 106 139 105 0.000000 0.588230 -0.332196 0.737313
-0.91776901 -0.23494101 -5.98137617 86 118 73 0.000000 -0.077939 0.522898 0.848824
-0.94411898 0.28566101 -5.96072292 117 150 119 0.000000 0.697963 -0.301430 0.649606
-1.30590606 0.06488600 -6.03835106 56 79 35 0.000000 -0.451376 -0.190910 0.871673
-0.84868801 0.16530301 -6.10956812 124 154 121 0.000000 0.638144 0.064531 0.767207
-1.06518996 -0.02413600 -6.01342392 80 96 68 0.000000 -0.024778 -0.206482 0.978136
-0.90779799 0.04708200 -6.06256390 99 134 98 0.000000 0.276660 0.143008 0.950267
-1.12999797 0.02073100 -6.00772715 66 98 55 0.000000 -0.134046 -0.404959 0.904456
-1.02174699 0.09194900 -5.99419498 95 126 88 0.000000 0.365096 -0.325378 0.872258
-1.05735600 -0.11315900 -6.01912212 127 111 104 0.000000 0.284258 0.038819 0.957962
-1.08798003 0.06987100 -5.98137617 76 114 69 0.000000 -0.016927 -0.402332 0.915337
-1.19480598 -0.06544300 -6.04119921 61 92 49 0.000000 -0.214000 -0.047153 0.975695
-1.27314603 -0.00277100 -6.04903316 60 86 44 0.000000 -0.317196 -0.356656 0.878740
-1.16489506 -0.11102200 -6.03835106 66 97 55 0.000000 -0.127246 0.078215 0.988783
-0.86506802 0.25147700 -6.06968594 124 154 121 0.000000 0.716369 -0.301036 0.629439
-1.19979203 -0.11743200 -6.04333496 70 101 57 0.000000 -0.117840 0.142137 0.982808
-1.25605404 -0.06045700 -6.05757904 64 95 49 0.000000 -0.350003 -0.048142 0.935511
-0.74399698 -0.04194100 -6.11170483 109 147 108 0.000000 0.143008 0.276660 0.950267
-0.89640403 -0.22212200 -5.99063396 94 128 87 0.000000 0.111105 0.515125 0.849884
-0.92275399 0.12755799 -6.05686712 116 148 115 0.000000 0.579409 -0.006849 0.815008
-1.09225297 -0.17013299 -6.01484823 70 73 48 0.000000 -0.348672 0.189279 0.917933
-0.93699801 0.06061300 -6.04760885 111 142 107 0.000000 0.559212 -0.031915 0.828410
-0.99753302 0.05491600 -6.01484823 107 134 105 0.000000 0.387532 -0.214970 0.896441
-0.75895298 -0.03054600 -6.11099195 105 143 100 0.000000 0.157865 0.245420 0.956477
-1.30804300 0.10690500 -6.00915098 127 128 115 0.000000 0.761503 0.492930 -0.420873
-0.84085399 0.13895300 -6.11384201 121 152 117 0.000000 0.600886 0.267941 0.753089
-0.93129998 -0.21428800 -5.99205923 87 116 65 0.000000 -0.627778 0.777316 -0.040911
-0.94554400 -0.08111000 -6.03550100 100 130 97 0.000000 0.325572 0.134860 0.935850
-1.32513499 -0.05119900 -6.08535385 66 83 45 0.000000 -0.490818 0.062569 0.869012
-0.93913400 0.15604500 -6.03193998 105 135 104 0.000000 0.697930 -0.397638 0.595633
-0.99966902 0.12969400 -5.99205923 100 132 101 0.000000 0.553358 -0.377067 0.742708
-1.16347003 0.15034699 -5.94719124 63 90 47 0.000000 -0.569423 -0.586320 0.576182
-1.05308294 -0.09321800 -6.01912212 145 130 123 0.000000 0.593776 -0.245971 0.766112
-1.22044504 0.08981200 -6.00060511 62 93 47 0.000000 -0.111597 -0.450625 0.885711
-1.22827899 -0.03125800 -6.04476023 61 87 45 0.000000 -0.221740 -0.246531 0.943427
-0.87717497 -0.20574200 -6.00202894 93 124 86 0.000000 0.112002 0.460770 0.880424
-1.03812695 -0.07327700 -6.01912212 82 106 64 0.000000 0.111853 0.079566 0.990534
-1.04097605 0.26144701 -5.92297697 107 140 107 0.000000 0.460533 -0.118341 0.879718
-1.04596102 0.00435100 -6.00843906 89 118 84 0.000000 0.229561 -0.150854 0.961533
-1.02673197 0.23937000 -5.93437195 100 134 95 0.000000 0.375080 -0.287712 0.881213
-0.98328900 -0.18722500 -6.00202894 88 105 68 0.000000 -0.325106 0.530098 0.783136
-0.78815198 0.07343200 -6.14090395 114 146 108 0.000000 0.647647 -0.079688 0.757762
-0.95836300 0.04993000 -6.03550100 105 138 102 0.000000 0.394455 -0.046485 0.917739
-0.87218899 0.11331400 -6.08606577 114 147 113 0.000000 0.491413 0.110317 0.863912
-0.93414903 -0.16443500 -6.00630188 90 123 84 0.000000 0.095495 0.158353 0.982754
-1.12501299 -0.00989300 -6.02054501 60 95 50 0.000000 -0.157092 -0.299157 0.941184
-0.91278398 0.23438500 -6.01698494 120 149 117 0.000000 0.703078 -0.433814 0.563460
-1.07658505 0.17242500 -5.94078207 72 110 67 0.000000 0.056370 -0.474330 0.878541
-0.80453300 0.02358000 -6.11099195 106 134 104 0.000000 0.428458 0.461040 0.777088
-1.25961399 0.05705200 -6.02268219 69 100 54 0.000000 -0.118992 -0.412971 0.902937
-1.07302403 -0.17796700 -6.01484823 69 103 61 0.000000 -0.206655 0.157266 0.965692
-0.95480198 -0.24562401 -5.97923899 86 118 73 0.000000 -0.056052 0.452516 0.889993
-0.89355499 0.01218500 -6.06114006 103 135 98 0.000000 0.372700 0.237173 0.897131
-0.80239600 -0.08039800 -6.07467079 107 143 103 0.000000 0.262472 0.458942 0.848812
-0.98186499 0.14892299 -5.99490690 103 119 101 0.000000 0.556089 -0.183343 0.810648
-0.96904600 0.26358399 -5.94932795 111 144 106 0.000000 0.339792 -0.427480 0.837736
-1.16489506 0.00933600 -6.02054501 61 95 50 0.000000 -0.165308 -0.363112 0.916964
-0.98685002 0.11473900 -6.00558996 139 149 127 0.000000 0.247654 -0.293463 0.923335
-0.97260702 -0.17226900 -6.00131702 81 113 71 0.000000 -0.118562 0.150342 0.981499
-1.27100897 0.12542100 -5.99063396 122 134 103 0.000000 0.364350 0.286382 -0.886135
-1.06162906 0.18809301 -5.93650913 92 129 89 0.000000 0.347459 -0.347459 0.870944
-1.00394201 0.26572001 -5.93437195 103 138 99 0.000000 0.347336 -0.308242 0.885632
-0.75895298 -0.12526600 -6.05686712 73 92 36 0.000000 0.500631 -0.628739 -0.595026
-1.23041499 -0.01202900 -6.04048681 66 90 48 0.000000 -0.220605 -0.372545 0.901412
-1.07373595 0.28281301 -5.91158199 106 112 99 0.000000 0.354961 0.427530 0.831397
-1.00607896 0.03497500 -6.01556110 105 129 100 0.000000 0.570981 -0.213925 0.792601
-1.09438896 0.17100100 -5.93864489 72 110 65 0.000000 0.188665 -0.473891 0.860135
-1.03883898 0.20589700 -5.94007015 97 132 96 0.000000 0.451056 -0.364989 0.814451
-1.00109398 -0.02840900 -6.02196980 91 121 89 0.000000 0.205521 0.064453 0.976528
-0.89996397 0.14607400 -6.07182312 110 141 109 0.000000 0.634479 -0.070498 0.769719
-1.12928605 -0.20431700 -5.99134588 119 136 110 0.000000 0.316742 0.167362 0.933630
-1.16062200 0.06773500 -5.99633217 56 85 43 0.000000 -0.254273 -0.413758 0.874157
-0.83871698 0.01004800 -6.08891487 109 142 106 0.000000 0.405546 0.127698 0.905111
-1.00679100 0.15960599 -5.97282982 102 134 97 0.000000 0.458842 -0.347704 0.817659
-0.83658099 0.07913000 -6.10458279 115 148 113 0.000000 0.597207 0.325308 0.733157
-0.98328900 0.23865800 -5.95431280 100 130 95 0.000000 0.387567 -0.293335 0.873926
-1.12430096 0.18453200 -5.92796278 72 108 63 0.000000 0.165424 -0.523099 0.836064
-0.88429701 0.21586800 -6.06470108 113 144 108 0.000000 0.749843 -0.133206 0.648068
-0.77248400 0.05634000 -6.15799618 61 72 58 0.000000 0.539630 0.325059 0.776619
-1.29735994 -0.00277100 -6.05757904 54 81 35 0.000000 -0.427419 -0.182346 0.885473
-0.82945901 -0.19648300 -6.01769686 106 139 104 0.000000 0.357392 0.482400 0.799726
-1.10649598 0.15533300 -5.94434309 72 109 64 0.000000 0.110619 -0.364633 0.924557
-0.84868801 -0.19363500 -6.01342392 104 135 103 0.000000 0.245267 0.513672 0.822183
-1.16560698 -0.15731400 -6.02339506 83 115 72 0.000000 0.112099 0.548850 0.828370
-0.94910502 -0.20146900 -5.99633217 80 113 68 0.000000 -0.086102 0.173417 0.981078
-1.04809797 -0.15588900 -6.00915098 66 93 52 0.000000 -0.212917 0.143235 0.966514
-1.07231200 0.15462101 -5.95288897 78 110 71 0.000000 0.229797 -0.404739 0.885088
-1.11290598 -0.22283401 -5.99989319 85 56 49 0.000000 0.555423 -0.143669 0.819063
-1.15278804 -0.07683700 -6.03265285 71 92 52 0.000000 -0.260025 -0.064064 0.963474
-0.80809301 -0.10390000 -6.06114006 96 134 92 0.000000 0.260182 0.433636 0.862708
-1.10008597 0.08482700 -5.97496700 72 105 60 0.000000 -0.009156 -0.427731 0.903860
-1.27528203 0.14536200 -5.99704409 55 74 34 0.000000 -0.630595 -0.165626 0.758233
-0.77604502 0.02785300 -6.13378191 128 160 123 0.000000 0.560658 0.523617 0.641473
-1.04524899 -0.22568300 -5.99633217 80 106 64 0.000000 -0.126785 0.443035 0.887494
-0.99610800 0.17741001 -5.97069311 106 136 102 0.000000 0.491349 -0.435477 0.754278
-0.92631501 0.17812200 -6.03550100 111 141 113 0.000000 0.659294 -0.373216 0.652718
-0.77675802 -0.05476000 -6.09603596 105 143 101 0.000000 0.167386 0.396289 0.902739
-1.12928605 0.09978300 -5.96998119 65 100 54 0.000000 -0.271012 -0.484725 0.831621
-0.86506802 0.23865800 -6.08036900 117 145 107 0.000000 0.808064 -0.436835 0.395231
-0.90637398 0.20874600 -6.04191113 109 140 107 0.000000 0.790629 -0.221252 0.570924
-1.22329295 0.14393800 -5.97282982 49 76 29 0.000000 -0.355852 -0.412287 0.838683
-0.99539602 -0.13808499 -6.00558996 98 127 90 0.000000 0.141454 0.427218 0.893015
-0.97474301 0.30417800 -5.91941595 62 65 53 0.000000 0.189895 -0.166642 0.967559
-0.97616702 -0.20075600 -5.99704409 79 110 65 0.000000 0.048102 0.245446 0.968216
-0.95551401 0.31770900 -5.92297697 100 103 97 0.000000 0.764307 0.085894 0.639106
-0.86221898 -0.05048700 -6.06826210 94 127 94 0.000000 0.365380 0.078965 0.927503
-0.89070600 0.23153600 -6.04832077 109 139 103 0.000000 0.691635 -0.315852 0.649522
-1.15990996 -0.14164600 -6.03193998 76 103 63 0.000000 0.111351 0.530727 0.840197
-0.99895698 -0.22283401 -5.99205923 82 110 65 0.000000 0.125945 0.204819 0.970663
-1.11361802 0.04352100 -5.99490690 63 95 53 0.000000 -0.190105 -0.396172 0.898280
-0.99824500 0.23580900 -5.94790411 97 132 97 0.000000 0.370831 -0.283753 0.884290
-0.91135901 -0.12882601 -6.02410698 105 138 99 0.000000 0.396055 0.467183 0.790494
-0.78601599 0.08767600 -6.14731407 89 105 37 0.000000 0.781571 0.528001 0.332208
-0.87432599 0.25859901 -6.05686712 134 161 132 0.000000 0.767011 -0.198285 0.610227
-1.04881001 -0.19790800 -6.00630188 78 98 60 0.000000 -0.142908 0.040014 0.988927
-1.19694304 -0.13665999 -6.03407717 83 108 65 0.000000 0.150440 0.555584 0.817737
-1.15349996 0.02286800 -6.01128721 55 89 46 0.000000 -0.220605 -0.372545 0.901412
-0.94981700 0.06346200 -6.03906202 113 142 108 0.000000 0.563307 -0.127957 0.816280
-1.21973205 -0.14876699 -6.02695608 71 102 54 0.000000 -0.245530 0.570818 0.783506
-1.01462495 -0.03624300 -6.01912212 79 110 72 0.000000 0.094924 -0.150197 0.984089
-0.80168402 -0.16016200 -6.04048681 102 138 93 0.000000 0.165930 0.237611 0.957083
-0.93272501 0.07699300 -6.04974508 107 138 104 0.000000 0.633391 -0.095082 0.767968
-0.77462101 -0.11458300 -6.05900288 93 132 90 0.000000 -0.079888 0.681224 0.727704
-0.91634399 0.27070600 -5.99704409 121 144 117 0.000000 0.725806 -0.149386 0.671483
-1.16845596 0.20874600 -5.89662695 85 97 67 0.000000 0.103490 0.808970 -0.578669
-1.13996804 0.21515600 -5.90588522 72 109 60 0.000000 0.001354 -0.553762 0.832674
-1.16988003 0.02998900 -6.01128721 54 89 42 0.000000 -0.151960 -0.452985 0.878472
-0.90993500 -0.10603700 -6.03550100 96 134 91 0.000000 0.103651 0.481338 0.870385
-0.96406001 0.16459100 -6.00202894 113 130 109 0.000000 0.580048 -0.453006 0.677001
-0.91848099 -0.18223999 -6.00558996 84 116 77 0.000000 0.134755 0.365367 0.921058
-0.78387898 -0.16728400 -6.04476023 103 139 96 0.000000 0.430904 0.078471 0.898979
-1.13284695 0.11331400 -5.96357203 59 91 46 0.000000 -0.158224 -0.445640 0.881119
-0.98685002 -0.10318800 -6.02268219 79 84 62 0.000000 0.277234 0.512178 0.812906
-0.77462101 -0.19862001 -6.04262304 130 160 134 0.000000 0.371322 0.483843 0.792474
-1.11789095 -0.15019201 -6.02125788 73 103 64 0.000000 -0.149562 0.190467 0.970234
-1.30804300 0.03782300 -6.04760885 57 80 40 0.000000 -0.404957 -0.427365 0.808313
-1.08370602 0.19521500 -5.92724991 76 116 70 0.000000 0.101513 -0.418568 0.902494
-1.12928605 0.23011100 -5.89448977 78 108 65 0.000000 -0.023550 -0.577665 0.815934
-0.96263599 0.20803399 -5.98208809 111 143 111 0.000000 0.579217 -0.419891 0.698712
-1.29023802 0.05705200 -6.03193998 57 83 38 0.000000 -0.371069 -0.412124 0.832143
-1.23397601 -0.13381200 -6.03906202 84 108 61 0.000000 0.182454 -0.544345 -0.818779
-1.02530801 0.14251401 -5.97354221 81 116 79 0.000000 0.260182 -0.433636 0.862708
-0.86364299 0.21800400 -6.09390020 125 152 117 0.000000 0.885040 -0.117911 0.450334
-1.25819004 0.18168300 -5.96570778 107 109 101 0.000000 0.315769 0.260473 -0.912383
-0.74684602 -0.11814400 -6.05116987 92 130 82 0.000000 -0.009098 0.911128 0.412022
-0.97403097 0.19521500 -5.97923899 114 147 116 0.000000 0.664267 -0.323201 0.674011
-1.09723794 -0.20716600 -6.01556110 157 100 104 0.000000 0.895030 -0.371327 -0.247058
-0.93984598 0.32981601 -5.95146513 131 147 125 0.000000 0.666198 -0.032394 0.745071
-1.23753703 -0.09179300 -6.05472994 70 98 56 0.000000 -0.188589 0.094911 0.977459
-0.97118199 0.29278299 -5.92867517 80 119 71 0.000000 0.119546 -0.783691 0.609538
-1.08726704 -0.11600700 -6.02196980 71 101 60 0.000000 -0.158447 -0.040479 0.986537
-1.18768406 0.13468000 -5.96072292 90 110 70 0.000000 0.205869 0.395677 -0.895018
-0.99041098 0.27213001 -5.93579578 91 128 87 0.000000 0.301342 -0.396181 0.867314
-0.83444399 -0.22425801 -5.99561977 120 148 117 0.000000 -0.063151 0.529067 0.846227
-0.93058801 0.10548000 -6.04974508 110 141 107 0.000000 0.449683 0.030874 0.892654
-0.90067703 0.31343600 -6.00131702 129 152 118 0.000000 0.837246 -0.204391 0.507192
-0.85936999 -0.10746100 -6.04689598 93 127 90 0.000000 0.299735 0.451931 0.840189
-0.85224801 -0.20716600 -6.00416613 88 124 82 0.000000 0.182453 0.380708 0.906517
-1.00679100 0.11616300 -5.99490690 86 115 79 0.000000 0.474670 -0.381345 0.793262
-1.02245903 -0.19505900 -6.00345421 83 102 64 0.000000 -0.882480 0.457530 0.109071
-0.78815198 -0.09036900 -6.07324696 104 140 100 0.000000 0.230014 0.538758 0.810453
-0.96263599 0.27782699 -5.94790411 112 148 111 0.000000 0.506160 -0.436914 0.743578
-1.10151100 0.23723300 -5.89235401 74 108 70 0.000000 0.220497 -0.699022 0.680257
-1.03955102 0.14607400 -5.96642113 91 123 85 0.000000 0.285052 -0.381577 0.879286
-1.14566600 0.08625100 -5.97995090 53 83 43 0.000000 -0.230358 -0.450177 0.862714
-1.11860299 0.01147300 -6.00915098 55 85 42 0.000000 -0.039290 -0.459289 0.887417
-1.28667700 -0.02840900 -6.05971622 60 88 43 0.000000 -0.387532 -0.214970 0.896441
-0.91420799 0.18025900 -6.04618406 114 145 116 0.000000 0.655907 -0.330395 0.678693
-0.98542601 0.03639900 -6.02481890 103 132 98 0.000000 0.388722 -0.126787 0.912590
-0.98969901 -0.06544300 -6.02268219 94 123 90 0.000000 0.206891 0.072228 0.975694
-1.08014596 -0.04478900 -6.02054501 69 102 64 0.000000 -0.023155 0.007047 0.999707
-1.16916800 -0.17369400 -6.01057482 79 104 63 0.000000 0.325653 0.802219 0.500394
-1.14851499 0.04280900 -6.00202894 62 96 52 0.000000 -0.119053 -0.357159 0.926425
-1.05450702 0.05990100 -5.98992205 92 124 87 0.000000 0.262708 -0.333154 0.905535
-0.81521499 0.12613299 -6.13306999 121 153 118 0.000000 0.541244 0.501027 0.675298
-1.03741503 0.17028800 -5.95573807 92 126 90 0.000000 0.341118 -0.308058 0.888110
-1.27029705 0.09907100 -6.00772715 60 92 44 0.000000 -0.220810 -0.410499 0.884722
-0.96334797 -0.12597799 -6.01342392 106 137 99 0.000000 0.300402 0.498574 0.813131
-1.11005700 -0.16443500 -6.01840878 74 103 66 0.000000 -0.110267 0.087053 0.990082
-0.74114901 -0.08965700 -6.09746122 116 151 114 0.000000 0.655378 0.206064 0.726648
-0.89284301 0.03568700 -6.06683683 114 145 112 0.000000 0.459770 0.286389 0.840590
-1.05877995 0.09266100 -5.97852707 84 117 80 0.000000 0.261126 -0.325314 0.908837
-1.03385401 0.11687500 -5.97995090 100 128 95 0.000000 0.341605 -0.332496 0.879064
-1.10079896 0.11545100 -5.96072292 74 111 64 0.000000 0.069759 -0.338267 0.938461
-0.92560297 0.21301900 -6.01627302 104 135 101 0.000000 0.650499 -0.482412 0.586626
-1.02744401 0.05562800 -6.00274086 101 132 98 0.000000 0.332174 -0.317143 0.888302
-0.95266598 0.02429200 -6.04119921 101 132 98 0.000000 0.302123 -0.008632 0.953230
-1.17842603 -0.18010300 -5.99561977 91 120 77 0.000000 0.222283 0.817082 0.531946
-1.26531196 0.14963500 -5.98137617 131 139 110 0.000000 0.317143 0.332174 -0.888302
-0.88429701 -0.09749100 -6.04476023 98 131 96 0.000000 0.214970 0.387532 0.896441
-1.24608302 0.17598601 -5.96072292 119 130 99 0.000000 0.039209 0.302292 -0.952409
-0.91420799 0.09266100 -6.06042814 112 146 111 0.000000 0.580783 -0.078872 0.810228
-1.10649598 0.12684600 -5.95431280 72 103 59 0.000000 -0.056850 -0.500554 0.863837
-0.98400098 0.22512600 -5.95929909 103 137 102 0.000000 0.499367 -0.315473 0.806913
-0.76180202 -0.05974500 -6.09959698 108 145 104 0.000000 0.294256 0.468630 0.832946
-0.93058801 0.23937000 -5.99633217 116 144 114 0.000000 0.593150 -0.307024 0.744251
-0.80951798 0.00292700 -6.10030985 114 149 113 0.000000 0.513596 0.298676 0.804370
-1.20192802 0.06132500 -6.00843906 54 86 39 0.000000 -0.285745 -0.309190 0.907056
-0.89711601 0.16174200 -6.06826210 111 144 109 0.000000 0.651280 -0.255124 0.714665
-1.14708996 -0.18722500 -6.00487804 90 121 82 0.000000 0.300467 0.786938 0.538933
-1.25534105 0.00933600 -6.04048681 59 88 43 0.000000 -0.221036 -0.382055 0.897317
-1.07088697 0.08197800 -5.97923899 80 115 75 0.000000 0.111896 -0.285664 0.951775
-1.05735600 0.12114800 -5.96855688 96 132 92 0.000000 0.292972 -0.331639 0.896763
-0.80595702 0.10548000 -6.12950897 119 152 115 0.000000 0.342161 0.525290 0.779100
-0.90423697 0.33836299 -5.98422480 144 158 125 0.000000 0.759230 -0.427989 0.490302
-0.94269502 0.11545100 -6.04262304 120 148 120 0.000000 0.539569 0.023340 0.841618
-1.01676202 0.23153600 -5.94149399 95 129 89 0.000000 0.246531 -0.221740 0.943427
-1.07800901 0.23438500 -5.90873384 98 134 97 0.000000 0.539084 -0.357771 0.762488
-0.77604502 -0.14663100 -6.05330610 79 93 40 0.000000 -0.332485 -0.086102 -0.939170
-0.88714498 0.31272399 -6.02695608 144 154 136 0.000000 0.930926 -0.024464 0.364387
-1.05450702 0.22227800 -5.92440224 104 140 102 0.000000 0.413320 -0.285206 0.864769
-0.88643301 -0.23066799 -5.98564911 108 141 102 0.000000 0.142373 0.615952 0.774811
-1.20121598 0.01717000 -6.02268219 60 96 49 0.000000 -0.237901 -0.379754 0.893974
-0.76251400 -0.09749100 -6.07823181 122 160 118 0.000000 0.348503 0.649558 0.675737
-0.81592703 -0.02769700 -6.09033918 110 145 109 0.000000 0.331123 0.141517 0.932915
-1.07658505 0.05491600 -5.98778582 64 94 55 0.000000 0.117769 -0.284498 0.951415
-0.90779799 -0.25132099 -5.97282982 82 113 68 0.000000 -0.072734 0.437776 0.896137
-1.10008597 0.19806300 -5.92155313 72 105 68 0.000000 0.174394 -0.505296 0.845141
-1.00038195 0.06773500 -6.01057482 106 115 96 0.000000 0.592732 -0.181324 0.784723
-0.83658099 -0.16514800 -6.02980423 102 136 93 0.000000 0.150794 0.381918 0.911811
-0.75111902 -0.05262300 -6.10671902 107 145 103 0.000000 0.213425 0.401827 0.890497
-1.31231594 -0.07185200 -6.09390020 57 72 41 0.000000 -0.428099 -0.674630 0.601337
-1.06590199 0.02073100 -5.99846792 86 114 80 0.000000 0.127328 -0.301565 0.944905
-0.75396800 0.00933600 -6.13093281 65 70 62 0.000000 0.228388 0.784598 0.576407
-0.87076497 0.27640301 -6.05615520 134 151 129 0.000000 0.826370 0.001357 0.563126
-0.77960598 -0.07042800 -6.08820295 107 143 103 0.000000 0.419900 0.458810 0.783057
-1.05023396 0.24221900 -5.92155313 103 136 100 0.000000 0.452320 -0.220900 0.864066
-1.24750698 0.05064300 -6.02268219 59 92 46 0.000000 -0.134860 -0.325572 0.935850
-1.06946301 0.11545100 -5.96570778 87 120 84 0.000000 0.229659 -0.364236 0.902546
-1.15919697 -0.01559000 -6.02695608 57 90 46 0.000000 -0.158613 -0.166226 0.973248
-1.10008597 0.09978300 -5.96784401 66 98 56 0.000000 0.103989 -0.491453 0.864673
-0.97972798 0.20945799 -5.96855688 109 140 104 0.000000 0.538443 -0.394422 0.744655
-0.86221898 -0.24277499 -5.98493719 121 152 114 0.000000 0.615975 0.568722 0.545096
-1.21830797 0.00363900 -6.03193998 60 91 46 0.000000 -0.204556 -0.419414 0.884448
-0.98257703 0.00506300 -6.03051615 102 121 95 0.000000 0.301421 0.071151 0.950833
-1.09794998 -0.01274100 -6.01698494 54 84 45 0.000000 -0.236243 -0.396709 0.887024
-1.09937406 0.01360900 -6.00558996 68 87 56 0.000000 -0.165308 -0.363112 0.916964
-0.77177203 -0.10461200 -6.06755018 108 144 108 0.000000 0.356974 0.572136 0.738397
-0.87005299 0.16102999 -6.09176397 116 148 114 0.000000 0.568018 0.040473 0.822021
-0.84156603 0.15604500 -6.11597776 128 156 123 0.000000 0.761831 0.079811 0.642840
-1.30092096 -0.08609600 -6.07609606 153 157 143 0.000000 -0.262596 -0.150626 -0.953077
-0.92061800 0.33907500 -5.96926880 137 153 124 0.000000 0.632727 -0.315554 0.707165
-0.80666900 -0.18580100 -6.03193998 111 146 110 0.000000 0.327149 0.271401 0.905160
-1.03314197 0.24934000 -5.92867517 100 135 97 0.000000 0.410177 -0.253919 0.875945
-0.86720401 -0.22710700 -5.99134588 93 124 84 0.000000 0.006849 0.579409 0.815008
-0.92987603 -0.11031000 -6.02837992 104 130 101 0.000000 0.315275 0.395247 0.862776
-0.79812300 -0.09677800 -6.06755018 98 134 93 0.000000 0.135470 0.505462 0.852148
-1.08798003 -0.22995600 -5.98636198 100 107 93 0.000000 0.609135 -0.040797 0.792016
-0.98471397 0.07200800 -6.01912212 103 129 98 0.000000 0.603401 -0.079205 0.793494
-0.82304901 -0.21357600 -6.00487804 102 134 98 0.000000 0.126746 0.672500 0.729163
-1.28382897 0.02998900 -6.03977489 62 91 45 0.000000 -0.347704 -0.458842 0.817659
-0.74114901 -0.00704400 -6.12452412 92 106 87 0.000000 0.301144 0.466539 0.831657
-1.12857401 0.07129600 -5.98422480 64 93 52 0.000000 -0.237895 -0.453062 0.859151
-0.92489100 0.05349100 -6.05615520 104 137 103 0.000000 0.484175 -0.071161 0.872073
-0.91990501 0.08126600 -6.05686712 103 136 102 0.000000 0.617611 0.064484 0.783836
-0.79100102 -0.19221000 -6.03692579 109 145 107 0.000000 0.427419 0.182346 0.885473
-0.85224801 0.05562800 -6.09033918 113 147 113 0.000000 0.332824 0.299990 0.893999
-1.24537098 0.10405600 -5.99846792 64 99 46 0.000000 -0.206759 -0.406187 0.890092
-1.22258103 0.15675700 -5.96713209 54 84 34 0.000000 -0.347023 -0.393707 0.851217
-0.89426702 0.26216000 -6.02837992 124 154 121 0.000000 0.839567 -0.174475 0.514477
-0.97972798 0.16102999 -5.99063396 113 134 114 0.000000 0.541279 -0.350619 0.764253
-0.95765102 -0.08894400 -6.02909184 86 115 84 0.000000 0.245605 0.001186 0.969369
-0.95693898 0.14963500 -6.01769686 103 137 102 0.000000 0.601337 -0.428099 0.674630
-0.90708601 0.11829900 -6.06541300 108 140 107 0.000000 0.522942 0.214970 0.824815
-1.03243005 -0.11956800 -6.01484823 83 106 75 0.000000 -0.055072 0.569080 0.820436
-0.88857001 0.17171299 -6.07395887 108 138 106 0.000000 0.696713 -0.269438 0.664827
-1.07516003 0.09764600 -5.97282982 75 113 69 0.000000 0.151390 -0.442636 0.883830
-1.04738498 0.28138801 -5.91870499 121 154 118 0.000000 0.354926 -0.062013 0.932835
-1.29949605 0.08553900 -6.01769686 115 121 95 0.000000 0.988199 0.087918 0.125430
-1.01177597 -0.02200000 -6.01912212 86 116 83 0.000000 0.141991 -0.030670 0.989393
-0.91064698 0.28423700 -5.99989319 124 150 118 0.000000 0.760475 -0.135959 0.634974
-1.02317095 0.18666901 -5.95360088 86 118 84 0.000000 0.406196 -0.316616 0.857181
-0.83159500 -0.09606600 -6.05900288 102 136 98 0.000000 0.149340 0.402508 0.903153
-0.90566200 -0.05547200 -6.05259418 95 128 96 0.000000 0.299157 0.157092 0.941184
-0.78459102 0.00150200 -6.11312914 118 152 112 0.000000 0.577821 0.349948 0.737332
-1.17629004 0.16886400 -5.94007015 60 87 43 0.000000 -0.173228 -0.490073 0.854296
-1.27456999 0.00933600 -6.04547215 62 93 46 0.000000 -0.316151 -0.286741 0.904338
-1.07159901 -0.21927300 -6.00060511 81 107 67 0.000000 0.063673 0.553248 0.830580
-0.82874697 -0.07683700 -6.06897402 107 144 104 0.000000 0.270183 0.371689 0.888171
-0.85723400 0.16031800 -6.10173416 119 150 119 0.000000 0.665410 0.015345 0.746320
-1.00038195 0.09266100 -6.00558996 123 132 103 0.000000 0.507192 -0.204391 0.837246
-0.98328900 -0.24562401 -5.98351192 79 112 63 0.000000 -0.174669 0.325583 0.929240
-0.89497900 -0.13025101 -6.02766800 91 126 86 0.000000 0.149763 0.409351 0.900002
-1.14352906 0.20376100 -5.91443110 68 102 55 0.000000 0.054450 -0.523554 0.850251
-1.01462495 0.13823999 -5.97852707 91 126 89 0.000000 0.254430 -0.452490 0.854703
-0.79028898 -0.07541300 -6.08179283 105 141 101 0.000000 0.300449 0.459235 0.835963
-0.84797502 -0.07327700 -6.06470108 99 133 99 0.000000 0.283157 0.229625 0.931179
-1.00251806 -0.15232800 -6.00274086 79 108 67 0.000000 -0.064513 0.102994 0.992588
-0.88429701 -0.06188200 -6.05900288 91 124 89 0.000000 0.275374 0.149105 0.949704
-0.82233697 -0.18793701 -6.02553082 102 136 101 0.000000 0.276265 0.507266 0.816308
-1.28810203 0.04494500 -6.03550100 61 89 43 0.000000 -0.403882 -0.323415 0.855735
-0.85723400 -0.18437600 -6.01769686 106 134 101 0.000000 0.262234 0.507400 0.820840
-0.95907497 0.08767600 -6.03193998 107 136 107 0.000000 0.529746 0.048664 0.846759
-0.94554400 -0.25345799 -5.97639084 87 109 66 0.000000 0.166341 0.213492 0.962680
-1.07729697 -0.02128700 -6.01413584 60 84 48 0.000000 -0.483753 -0.364824 0.795541
-0.89426702 0.27925199 -6.02339506 124 150 116 0.000000 0.823101 -0.238469 0.515400
-0.95052898 -0.01559000 -6.03692579 98 131 98 0.000000 0.189722 0.086905 0.977984
-1.08085799 -0.19221000 -6.01128721 85 96 67 0.000000 -0.031367 0.175423 0.983993
-0.97901601 0.17812200 -5.98280001 111 140 110 0.000000 0.579597 -0.324510 0.747503
-0.79883498 -0.03481900 -6.09603596 110 142 104 0.000000 0.335188 0.390796 0.857279
-1.32727098 0.08482700 -6.03977489 103 102 99 0.000000 0.532001 0.102363 -0.840533
-1.11219394 0.23153600 -5.89520216 78 113 69 0.000000 0.206215 -0.668260 0.714775
-0.96334797 0.09907100 -6.02909184 105 132 105 0.000000 0.593969 -0.064097 0.801930
-1.08513105 -0.09321800 -6.02054501 57 88 52 0.000000 -0.244805 -0.117869 0.962381
-0.84868801 -0.13452400 -6.03835106 105 139 101 0.000000 0.229011 0.300132 0.925999
-0.91990501 0.30061701 -5.98280001 117 144 110 0.000000 0.774410 -0.165187 0.610739
-1.05379498 -0.21784900 -6.00060511 82 108 64 0.000000 0.078081 0.529529 0.844691
-1.23326397 -0.14805500 -6.02980423 77 108 63 0.000000 0.095120 0.861761 0.498317
-0.90281302 0.29848099 -6.00701523 120 147 111 0.000000 0.817082 -0.222283 0.531946
-1.15278804 0.00506300 -6.02054501 58 92 47 0.000000 -0.158026 -0.397201 0.904024
-1.33724201 0.01076100 -6.07324696 114 112 110 0.000000 0.769795 0.374364 -0.516978
-1.30661798 0.02642800 -6.05188084 57 81 38 0.000000 -0.357613 -0.373094 0.856104
-1.01462495 -0.23422900 -5.99063396 76 104 58 0.000000 -0.127907 0.356215 0.925608
-0.80666900 0.08055400 -6.12594795 119 154 114 0.000000 0.592732 0.181324 0.784723
-0.79456198 -0.22497100 -6.01627302 115 138 111 0.000000 0.480863 0.875906 0.039504
-1.13284695 0.00577500 -6.01698494 62 95 50 0.000000 -0.287382 -0.470686 0.834186
-0.91848099 -0.00562000 -6.04832077 105 137 105 0.000000 0.348259 0.109763 0.930950
-0.88287199 -0.24491200 -5.97425413 84 119 70 0.000000 -0.244301 0.499358 0.831239
-1.27884305 0.12470900 -6.00202894 59 87 42 0.000000 -0.357162 -0.212562 0.909534
-1.10079896 -0.22283401 -5.99846792 88 50 49 0.000000 -0.744904 0.055761 0.664837
-1.24323499 0.16957600 -5.97069311 59 90 37 0.000000 -0.357613 -0.373094 0.856104
-0.87290198 -0.13096300 -6.03336477 99 134 97 0.000000 0.174761 0.453790 0.873804
-0.90210098 0.22014099 -6.04191113 116 146 114 0.000000 0.722404 -0.307303 0.619433
-1.23041499 -0.07683700 -6.05188084 65 97 51 0.000000 -0.189409 -0.119165 0.974640
-1.21047401 0.02500400 -6.02268219 58 91 46 0.000000 -0.229025 -0.254009 0.939695
-1.00038195 0.25147700 -5.94007015 93 129 90 0.000000 0.381234 -0.387510 0.839343
-1.13712001 0.13752800 -5.95146513 66 101 60 0.000000 -0.071783 -0.404965 0.911510
-1.23539996 0.12684600 -5.98707294 56 86 39 0.000000 -0.167969 -0.454246 0.874898
-0.99397200 -0.20930301 -5.99633217 79 106 64 0.000000 -0.269986 0.269986 0.924238
-0.87147701 0.24150600 -6.06755018 121 147 109 0.000000 0.753384 -0.418547 0.507180
-1.32940805 0.02286800 -6.06897402 52 69 27 0.000000 -0.570359 -0.496330 0.654483
-1.21403503 0.14821100 -5.96642113 52 82 38 0.000000 -0.390068 -0.374403 0.841231
-1.06162906 -0.00633200 -6.00772715 86 116 79 0.000000 0.086102 -0.332485 0.939170
-0.79883498 0.03212600 -6.11953878 122 155 119 0.000000 0.498888 0.354515 0.790841
-1.05949199 -0.23992600 -5.98636198 105 135 93 0.000000 0.275883 0.626716 0.728777
-0.92631501 -0.05404800 -6.04618406 73 84 74 0.000000 0.276908 0.125867 0.952617
-0.76821101 -0.21215101 -6.03977489 130 146 136 0.000000 0.539051 0.198918 0.818447
-1.03741503 -0.16942100 -6.00487804 71 101 59 0.000000 -0.095226 0.031742 0.994949
-0.76393801 -0.07327700 -6.09390020 109 145 106 0.000000 0.381500 0.514619 0.767870
-0.86435503 0.10476800 -6.08891487 112 147 112 0.000000 0.513995 0.071819 0.854781
-0.91349602 -0.06900300 -6.04760885 101 127 99 0.000000 0.236737 0.198859 0.951005
-1.03670299 -0.13879700 -6.00915098 71 98 60 0.000000 -0.158255 0.118998 0.980201
-0.98186499 -0.08609600 -6.02410698 80 108 75 0.000000 0.165305 0.014820 0.986131
-1.32086205 -0.04122800 -6.08036900 57 69 42 0.000000 -0.641685 -0.189274 0.743247
-1.07658505 0.12399700 -5.96143484 87 121 83 0.000000 0.245256 -0.326524 0.912815
-0.79313803 0.01788200 -6.11597776 123 158 121 0.000000 0.443563 0.348852 0.825563
-0.94411898 0.18951701 -6.00986290 106 134 106 0.000000 0.672399 -0.355014 0.649495
-0.92204201 -0.25132099 -5.97425413 88 116 73 0.000000 -0.150855 0.300351 0.941824
-0.95195299 0.31130001 -5.93223619 137 157 128 0.000000 0.952479 -0.079049 0.294167
-0.98257703 0.08696400 -6.01840878 108 137 107 0.000000 0.545129 -0.096368 0.832795
-0.88857001 0.24293099 -6.04618406 113 143 108 0.000000 0.830533 -0.191429 0.523040
-1.17272902 0.04921800 -6.00416613 60 95 48 0.000000 -0.165231 -0.323520 0.931683
-1.10507202 -0.09036900 -6.02268219 58 92 51 0.000000 -0.230441 -0.159334 0.959953
-0.87646300 0.18239599 -6.08250618 107 137 104 0.000000 0.703583 -0.230349 0.672243
-1.24537098 -0.12028000 -6.05045700 68 99 51 0.000000 -0.275737 0.356222 0.892791
-1.01106405 0.25646201 -5.93508387 96 131 90 0.000000 0.165924 -0.468404 0.867795
-1.23041499 0.02500400 -6.02766800 52 85 37 0.000000 -0.342568 -0.300682 0.890077
-0.97118199 0.25290099 -5.95360088 97 133 93 0.000000 0.531818 -0.357239 0.767822
-0.93842202 0.21942900 -5.99775600 109 137 111 0.000000 0.751437 -0.379794 0.539535
-1.12145197 0.11473900 -5.96143484 59 93 50 0.000000 0.001323 -0.475046 0.879960
-0.84014100 0.03996000 -6.09390020 111 146 109 0.000000 0.531813 0.001346 0.846861
-1.31017900 -0.03268200 -6.07039785 60 86 40 0.000000 -0.411829 -0.230446 0.881641
-0.96690899 0.28708601 -5.93793297 104 141 97 0.000000 0.405219 -0.580538 0.706239
-0.78031802 0.07770500 -6.14944983 125 150 112 0.000000 0.886133 -0.198388 0.418819
-0.97901601 -0.23422900 -5.98707294 80 106 58 0.000000 0.341549 -0.435986 -0.832623
-0.95266598 0.19379000 -5.99846792 137 149 130 0.000000 0.626625 -0.358305 0.692069
-0.84939998 -0.24135099 -5.98921013 70 90 69 0.000000 -0.104310 0.642023 0.759556
-1.05379498 0.18239599 -5.94291782 94 130 93 0.000000 0.429354 -0.387855 0.815613
-0.95978701 0.12755799 -6.02766800 103 132 102 0.000000 0.726382 -0.172802 0.665213
-0.97260702 -0.02128700 -6.02980423 97 128 95 0.000000 0.293299 -0.008590 0.955982
-1.16988003 -0.01915100 -6.02980423 50 85 41 0.000000 -0.268436 -0.196853 0.942969
-1.26816106 0.06987100 -6.01912212 63 93 46 0.000000 -0.269344 -0.364582 0.891366
-0.89711601 0.32411900 -6.00416613 137 147 118 0.000000 0.861443 -0.135100 0.489555
-1.14281702 0.02571600 -6.00772715 54 88 44 0.000000 -0.191495 -0.419535 0.887310
-1.27100897 0.05634000 -6.02553082 53 82 37 0.000000 -0.316616 -0.406196 0.857181
-1.09225297 0.03568700 -5.99490690 53 86 45 0.000000 -0.166897 -0.389427 0.905810
-0.81948799 -0.22995600 -5.98921013 88 115 75 0.000000 -0.429674 0.572346 0.698427
-0.89284301 0.20447300 -6.05829096 117 148 111 0.000000 0.731939 -0.199620 0.651473
-0.94340700 0.25147700 -5.97781515 116 147 113 0.000000 0.606686 -0.354854 0.711344
-1.04881001 0.11473900 -5.97282982 100 132 96 0.000000 0.396172 -0.190105 0.898280
-1.14851499 -0.17796700 -6.01413584 90 122 82 0.000000 0.356493 0.577876 0.734147
-1.07231200 0.22512600 -5.91443110 101 136 98 0.000000 0.291895 -0.300695 0.907954
-1.15278804 -0.19434699 -5.99063396 110 132 99 0.000000 0.174475 0.514477 0.839567
-1.07302403 -0.03268200 -6.01627302 61 91 52 0.000000 -0.087814 -0.253260 0.963405
-1.01035202 -0.06544300 -6.02054501 86 115 79 0.000000 0.055206 0.055206 0.996948
-1.12928605 -0.05547200 -6.02125788 66 98 55 0.000000 -0.260551 0.080072 0.962134
-0.85082400 0.09194900 -6.09817314 120 152 116 0.000000 0.665734 0.064704 0.743379
-0.85509700 0.17384900 -6.10387087 119 151 117 0.000000 0.620627 -0.094919 0.778339
-0.86435503 0.20660999 -6.09390020 124 149 115 0.000000 0.852630 -0.040075 0.520975
-0.97189403 0.00150200 -6.03193998 96 126 93 0.000000 0.285664 0.111896 0.951775
-0.76108998 -0.13025101 -6.04689598 74 105 66 0.000000 0.007924 0.166413 0.986024
-0.94625598 -0.16229901 -6.00487804 83 114 73 0.000000 0.199228 0.111518 0.973587
-1.26246297 0.10548000 -6.00274086 61 94 42 0.000000 -0.261585 -0.412791 0.872455
-0.97972798 0.02500400 -6.02909184 107 136 101 0.000000 0.539877 -0.054689 0.839965
-1.22827899 0.19877601 -5.94505501 135 141 125 0.000000 0.548065 0.206097 -0.810647
-0.76678699 -0.13309900 -6.05900288 72 90 38 0.000000 0.373055 -0.705025 -0.603133
-0.98115301 -0.01202900 -6.02766800 98 126 94 0.000000 0.252847 0.071703 0.964845
-0.85865802 0.25147700 -6.07894516 139 156 130 0.000000 0.728263 -0.434316 0.530096
-0.91919303 -0.03197000 -6.04689598 103 136 102 0.000000 0.402911 0.001287 0.915238
-0.96833402 0.22797500 -5.96713209 107 135 102 0.000000 0.579627 -0.482183 0.656911
-0.88144797 0.25361300 -6.04974508 117 149 113 0.000000 0.739139 -0.199058 0.643467
-1.19979203 -0.17511800 -5.99775600 102 118 88 0.000000 -0.040001 0.514490 0.856563
-0.91491997 0.13325500 -6.06256390 109 141 107 0.000000 0.618487 -0.040857 0.784732
-0.92845201 0.01645800 -6.04903316 93 125 93 0.000000 0.309779 0.213592 0.926507
-0.90067703 0.18524399 -6.05686712 112 146 112 0.000000 0.652800 -0.159035 0.740648
-1.21403503 -0.15517700 -6.01983404 78 110 62 0.000000 -0.015341 0.748935 0.662466
-0.94411898 0.29776800 -5.95217705 126 154 126 0.000000 0.755342 -0.215590 0.618853
-1.02103496 0.15248400 -5.96998119 83 115 80 0.000000 0.357731 -0.420768 0.833656
-0.76251400 -0.11244600 -6.06042814 103 141 100 0.000000 0.006795 0.838455 0.544928
-0.86150700 -0.09393000 -6.05188084 102 137 98 0.000000 0.244858 0.356290 0.901722
-0.95195299 0.00720000 -6.03977489 102 133 99 0.000000 0.293883 0.150327 0.943946
-1.08513105 0.25361300 -5.89306593 113 144 114 0.000000 0.722666 -0.332914 0.605741
-0.94910502 0.17100100 -6.01556110 101 133 100 0.000000 0.610738 -0.482870 0.627563
-1.12999797 0.16245501 -5.93864489 72 111 61 0.000000 0.086065 -0.489580 0.867700
-1.09367704 0.21729200 -5.91158199 82 119 78 0.000000 0.316653 -0.412421 0.854190
-1.31872499 -0.01772700 -6.07039785 70 94 50 0.000000 -0.403657 0.054983 0.913257
-1.09153998 0.10761700 -5.96428394 70 107 63 0.000000 0.133701 -0.348726 0.927639
-1.00536704 0.18381999 -5.96286011 96 129 96 0.000000 0.403674 -0.347565 0.846313
-1.27670705 0.03639900 -6.03407717 63 94 47 0.000000 -0.197953 -0.374233 0.905961
-1.27528203 -0.06116900 -6.06398916 64 92 49 0.000000 -0.254725 -0.213418 0.943169
-0.90637398 -0.20146900 -5.99917984 91 122 79 0.000000 0.133853 0.539826 0.831067
-1.06590199 0.05277900 -5.98921013 74 107 68 0.000000 0.196766 -0.403736 0.893466
-0.80382001 -0.21072701 -6.01769686 115 151 114 0.000000 0.539502 0.586857 0.603769
-1.09153998 0.05990100 -5.98422480 69 101 60 0.000000 0.142675 -0.347683 0.926693
-1.06590199 0.24150600 -5.91300678 110 145 106 0.000000 0.436590 -0.294659 0.850038
-0.90637398 -0.08395900 -6.04618406 113 136 106 0.000000 0.181780 0.468491 0.864565
-1.19124496 0.02500400 -6.01698494 53 85 41 0.000000 -0.236303 -0.402756 0.884279
-1.15848505 0.21942900 -5.90089989 84 115 73 0.000000 0.001379 -0.665988 0.745961
-1.12928605 0.04850600 -5.99561977 65 91 52 0.000000 -0.040652 -0.378984 0.924510
-1.06946301 0.13966499 -5.95929909 89 120 83 0.000000 0.183272 -0.317579 0.930352
-1.10507202 0.17171299 -5.93650913 71 106 62 0.000000 0.071078 -0.382214 0.921336
-1.01462495 0.06702300 -6.00558996 79 106 68 0.000000 0.327084 -0.357510 0.874759
-0.98257703 -0.20930301 -5.99490690 81 106 61 0.000000 -0.119828 -0.625770 0.770748
-0.84370202 -0.21927300 -5.99846792 92 124 80 0.000000 0.165013 0.521798 0.836958
-1.30163300 0.08553900 -6.02837992 51 71 29 0.000000 -0.521474 -0.393966 0.756872
-1.12714899 0.17527400 -5.93294811 73 107 61 0.000000 0.104367 -0.356474 0.928458
-0.92560297 0.34548399 -5.96143484 142 144 139 0.000000 0.617391 -0.165345 0.769084
-0.90067703 0.25076500 -6.02268219 115 144 109 0.000000 0.772482 -0.308673 0.554971
-0.89497900 -0.21001500 -5.99704409 89 122 84 0.000000 0.316653 0.412421 0.854190
-0.96192402 -0.21215101 -5.99348307 80 108 57 0.000000 0.379847 -0.254721 -0.889288
-1.25819004 0.12613299 -5.99348307 61 89 43 0.000000 -0.181425 -0.372850 0.909982
-0.82874697 -0.23422900 -5.99277115 73 104 62 0.000000 -0.189053 0.388209 0.901972
-0.98756200 0.20233700 -5.96642113 107 135 100 0.000000 0.563288 -0.284024 0.775910
-1.10293496 -0.13096300 -6.02339506 79 100 62 0.000000 -0.379744 -0.586877 -0.715102
-1.10720801 0.05064300 -5.98992205 65 98 56 0.000000 -0.198039 -0.380177 0.903463
-1.19409394 0.21301900 -5.89591503 102 108 96 0.000000 -0.022745 0.973244 0.228646
-1.08157003 -0.13025101 -6.02054501 72 93 58 0.000000 -0.602501 0.357582 0.713531
-1.07729697 -0.00633200 -6.00915098 55 80 45 0.000000 -0.190887 -0.371726 0.908505
-0.90708601 0.10690500 -6.06398916 108 139 108 0.000000 0.539996 0.031764 0.841068
-0.81664002 0.06702300 -6.11526489 118 150 111 0.000000 0.572127 0.173601 0.801582
-0.91349602 -0.17369400 -6.00986290 96 128 90 0.000000 0.253575 0.135327 0.957803
-0.77105999 0.03212600 -6.14232779 126 155 121 0.000000 0.796654 0.506091 0.330476
-0.81806397 0.08411500 -6.11811399 114 148 110 0.000000 0.522664 0.071849 0.849506
-1.00180602 0.00363900 -6.02268219 99 117 90 0.000000 0.355725 -0.078606 0.931279
-1.20691299 0.15390800 -5.96072292 49 79 36 0.000000 -0.324327 -0.388885 0.862311
-0.82091302 0.12043600 -6.12594795 118 149 116 0.000000 0.574564 0.412295 0.707028
-0.99326003 0.26216000 -5.93864489 104 141 101 0.000000 0.346693 -0.371347 0.861339
-0.87931103 0.22512600 -6.06683683 111 144 104 0.000000 0.587385 -0.411997 0.696589
-0.87646300 -0.01630200 -6.06541300 111 142 106 0.000000 0.546550 0.143673 0.825010
-0.95052898 -0.13096300 -6.01342392 93 126 87 0.000000 0.142014 0.443255 0.885075
-1.20762503 0.16601500 -5.95146513 94 114 74 0.000000 0.316077 0.506677 -0.802106
-0.95622599 0.20447300 -5.98992205 112 141 112 0.000000 0.561437 -0.362900 0.743701
-1.08940399 0.09835800 -5.96926880 73 109 64 0.000000 0.158224 -0.445640 0.881119
-0.83373201 0.19806300 -6.12808514 122 133 114 0.000000 0.610041 0.452935 0.650154
-0.92489100 0.13966499 -6.05259418 105 138 106 0.000000 0.553575 -0.213149 0.805060
-1.29878402 0.09551000 -6.02125788 59 80 39 0.000000 -0.427530 -0.354961 0.831397
-1.07943296 0.21017000 -5.91941595 82 118 79 0.000000 0.315551 -0.427471 0.847170
-0.89284301 -0.11387100 -6.03550100 96 130 93 0.000000 0.142675 0.347683 0.926693
-1.04596102 0.19806300 -5.94007015 100 136 98 0.000000 0.500949 -0.365645 0.784445
-1.09225297 0.14749900 -5.95075178 75 111 71 0.000000 0.268360 -0.300273 0.915325
-1.04168797 0.17812200 -5.95003986 88 122 89 0.000000 0.397057 -0.451713 0.798937
-1.01462495 0.04423300 -6.00915098 98 112 89 0.000000 0.142128 -0.094354 0.985341
-1.04524899 0.09408500 -5.98208809 83 115 79 0.000000 0.310255 -0.412130 0.856674
-0.73402703 -0.02128700 -6.12096310 68 75 66 0.000000 0.427707 0.134991 0.893781
-0.82589799 0.15390800 -6.13449383 132 157 123 0.000000 0.851389 0.157883 0.500210
-1.11005700 0.21658000 -5.90873384 79 116 71 0.000000 0.175594 -0.538787 0.823939
-1.05379498 0.07556900 -5.98636198 90 117 84 0.000000 0.284400 -0.182730 0.941130
-0.80382001 -0.06829100 -6.08108091 110 146 107 0.000000 0.236926 0.403817 0.883628
-1.17629004 -0.12526600 -6.03763819 62 92 49 0.000000 -0.039412 0.204225 0.978130
-0.93129998 0.12542100 -6.05116987 109 140 109 0.000000 0.580783 -0.078872 0.810228
-0.98756200 0.17598601 -5.97710323 104 133 99 0.000000 0.412130 -0.310255 0.856674
-1.22543001 0.18809301 -5.94576693 117 128 100 0.000000 0.402153 0.490073 -0.773371
-0.80453300 0.13040701 -6.14232779 130 160 127 0.000000 0.556125 0.509081 0.656933
-0.84726298 -0.09393000 -6.05544186 94 128 91 0.000000 0.307400 0.450958 0.837939
-1.15990996 -0.18366399 -6.00202894 88 118 78 0.000000 0.314088 0.789207 0.527732
-1.25035596 0.16387901 -5.97567892 57 87 35 0.000000 -0.365994 -0.381569 0.848795
-0.83800501 0.10548000 -6.10814381 119 151 117 0.000000 0.528385 0.175130 0.830746
-0.79028898 -0.13594800 -6.04903316 89 124 82 0.000000 0.126466 0.246413 0.960878
-0.91278398 0.20376100 -6.03550100 111 142 107 0.000000 0.753083 -0.222963 0.618994
-0.78174299 -0.00989300 -6.11099195 113 149 111 0.000000 0.395677 0.205869 0.895018
-0.97830403 0.26073501 -5.94576693 99 133 93 0.000000 0.413389 -0.435908 0.799433
-1.07800901 0.01717000 -5.99846792 66 97 60 0.000000 0.001186 -0.245605 0.969369
-1.15065098 0.22868700 -5.89448977 107 118 99 0.000000 -0.014880 -0.507260 0.861665
-0.96477300 -0.25915501 -5.97354221 95 115 80 0.000000 0.001369 0.609379 0.792878
-1.10934496 -0.14449400 -6.02196980 67 93 55 0.000000 -0.205100 0.237699 0.949438
-1.20335197 -0.03054600 -6.03763819 83 102 67 0.000000 -0.117573 -0.110448 0.986903
-1.05664396 -0.06757900 -6.01840878 81 97 69 0.000000 -0.395291 -0.032832 0.917969
-0.99539602 -0.09749100 -6.02268219 85 107 69 0.000000 0.038961 0.436634 0.898795
-0.92417902 0.19379000 -6.02980423 108 137 106 0.000000 0.751187 -0.253545 0.609453
-0.95622599 0.11260200 -6.03336477 106 136 105 0.000000 0.608974 -0.205047 0.766228
-0.76821101 -0.12170500 -6.06256390 77 95 34 0.000000 -0.120114 -0.325252 -0.937968
-0.92987603 0.18453200 -6.02837992 113 142 114 0.000000 0.680673 -0.365759 0.634748
-0.96690899 -0.11743200 -6.01769686 97 127 90 0.000000 0.141352 0.488173 0.861224
-0.91990501 -0.10390000 -6.03550100 99 135 98 0.000000 0.324327 0.388885 0.862311
-0.88216001 -0.13309900 -6.02980423 98 133 91 0.000000 0.302203 0.403449 0.863656
-0.86008197 0.26002300 -6.07182312 145 163 143 0.000000 0.817737 -0.150440 0.555584
-1.01462495 0.01004800 -6.01698494 109 125 104 0.000000 0.588363 -0.158000 0.793010
-1.04382396 0.27070600 -5.92012882 111 145 112 0.000000 0.436977 -0.022579 0.899189
-1.12216401 -0.13025101 -6.02837992 65 93 51 0.000000 -0.205090 0.109465 0.972602
-0.94127101 -0.21500000 -5.99134588 80 111 64 0.000000 -0.015093 0.569430 0.821901
-0.78103101 -0.10817300 -6.06327581 92 126 91 0.000000 0.150979 0.496910 0.854568
-1.12430096 -0.18437600 -6.01413584 81 106 72 0.000000 0.127661 0.544392 0.829060
-0.91705698 0.35047001 -5.96784401 92 90 87 0.000000 0.587100 0.023595 0.809171
-0.91207099 0.16815200 -6.05330610 108 141 107 0.000000 0.545447 -0.283000 0.788922
-0.95622599 0.17242500 -6.00701523 100 129 99 0.000000 0.703078 -0.433814 0.563460
-1.11076903 0.11616300 -5.96072292 72 107 62 0.000000 -0.095666 -0.425646 0.899819
-1.11219394 -0.22354600 -6.01769686 125 90 94 0.000000 0.070669 -0.229365 -0.970772
-1.05023396 0.14322600 -5.96428394 72 104 70 0.000000 0.387394 -0.261752 0.883975
-0.93913400 0.22797500 -5.99277115 116 138 112 0.000000 0.696392 -0.308610 0.647919
-0.96192402 0.29492000 -5.93152380 97 126 82 0.000000 0.603774 -0.720949 0.340132
-1.16631901 0.20589700 -5.90944576 79 112 65 0.000000 0.095068 -0.650850 0.753231
-0.84014100 -0.19862001 -6.01271200 102 135 100 0.000000 0.316413 0.563762 0.762926
-1.07872105 0.06773500 -5.98422480 80 116 75 0.000000 0.142492 -0.270335 0.952164
-1.20335197 0.21373101 -5.92653799 65 76 49 0.000000 -0.269220 -0.243848 0.931697
-1.05023396 0.16815200 -5.95075178 87 120 84 0.000000 0.302152 -0.477494 0.825047
-1.14352906 0.00150200 -6.02054501 54 88 44 0.000000 -0.053968 -0.361982 0.930622
-1.25178099 -0.08039800 -6.05829096 67 93 50 0.000000 -0.220763 0.001168 0.975327
-1.25747800 0.17669800 -5.97425413 71 87 50 0.000000 -0.357613 -0.373094 0.856104
-1.08157003 0.07699300 -5.97923899 82 116 75 0.000000 0.143730 -0.324419 0.934930
-1.30804300 -0.06757900 -6.08108091 120 127 102 0.000000 0.629792 0.525108 -0.572385
-0.81307900 0.13823999 -6.14304113 135 143 120 0.000000 0.672649 0.561939 0.481422
-1.13569498 -0.19719601 -5.99348307 94 123 85 0.000000 0.315857 0.798373 0.512673
-0.92773902 0.28352499 -5.97852707 122 146 116 0.000000 0.755342 -0.215590 0.618853
-1.12074006 -0.00134600 -6.01840878 50 84 42 0.000000 -0.362917 -0.465237 0.807370
-0.88429701 -0.14948000 -6.02196980 93 127 88 0.000000 0.229025 0.254009 0.939695
-1.03741503 -0.01915100 -6.01627302 71 98 64 0.000000 -0.254023 0.001193 0.967197
-0.99610800 0.14963500 -5.98280001 101 131 100 0.000000 0.547782 -0.347413 0.761078
-1.11931598 0.20660999 -5.91443110 68 104 59 0.000000 0.110277 -0.496964 0.860736
-0.96334797 0.25218901 -5.95929909 106 136 101 0.000000 0.584958 -0.356841 0.728346
-0.96690899 -0.20360500 -5.99633217 80 113 66 0.000000 -0.063941 0.332753 0.940844
-0.96762103 0.10761700 -6.02553082 103 132 103 0.000000 0.626303 -0.229593 0.745004
-1.19623101 0.13111900 -5.96357203 88 110 68 0.000000 0.260480 0.402012 -0.877802
-1.27385795 0.13823999 -5.99063396 118 127 100 0.000000 0.507811 0.245416 -0.825772
-0.87361401 0.02571600 -6.07324696 112 143 110 0.000000 0.533178 0.175723 0.827552
-1.29949605 0.10191900 -6.00843906 103 113 90 0.000000 0.387745 0.458537 -0.799624
-0.93842202 0.14393800 -6.03906202 101 133 101 0.000000 0.766015 -0.364384 0.529571
-1.04311204 -0.00775600 -6.01271200 86 114 75 0.000000 0.086276 -0.403989 0.910686
-0.85794598 -0.05903300 -6.06683683 114 146 113 0.000000 0.229407 0.475526 0.849263
-0.96334797 -0.25060901 -5.97781515 88 114 71 0.000000 -0.079101 0.102029 0.991632
-0.73901200 -0.12241700 -6.04760885 109 124 96 0.000000 0.205721 0.759466 0.617163
-0.88999403 0.09978300 -6.07467079 109 144 109 0.000000 0.481712 -0.014760 0.876205
-0.94483203 0.10619200 -6.04119921 105 136 106 0.000000 0.490672 0.048105 0.870015
-0.83159500 -0.18651301 -6.02339506 104 136 102 0.000000 0.229407 0.475526 0.849263
-1.05308294 -0.02128700 -6.01342392 79 106 70 0.000000 0.127023 -0.103281 0.986508
-0.83444399 -0.06045700 -6.07467079 102 135 101 0.000000 0.299891 0.308755 0.902627
-1.03883898 0.10761700 -5.97923899 100 131 99 0.000000 0.420958 -0.300684 0.855794
-0.93201202 0.22797500 -5.99917984 115 143 114 0.000000 0.600325 -0.420726 0.680147
-0.80951798 0.04636900 -6.11455297 116 150 110 0.000000 0.578895 0.190928 0.792734
-0.92275399 0.25290099 -5.99775600 124 152 121 0.000000 0.682600 -0.333969 0.650017
-0.97972798 -0.06686700 -6.02481890 89 117 86 0.000000 0.292169 -0.023622 0.956075
-0.88785702 0.25717399 -6.03977489 117 148 115 0.000000 0.809329 -0.284444 0.513885
-0.98257703 0.28637400 -5.93081093 89 128 83 0.000000 0.141804 -0.498507 0.855209
-0.75254297 -0.12384100 -6.04476023 79 115 71 0.000000 -0.365386 0.696363 0.617715
-0.90779799 -0.09749100 -6.03906202 91 126 86 0.000000 0.118794 0.348188 0.929867
-0.99397200 0.09907100 -6.00843906 152 155 131 0.000000 0.500032 -0.183594 0.846322
-1.16988003 0.21800400 -5.89805079 95 123 88 0.000000 0.350767 -0.595488 0.722743
-0.85011202 -0.14805500 -6.03407717 97 131 91 0.000000 0.118794 0.348188 0.929867
-0.98685002 0.12399700 -6.00274086 113 134 108 0.000000 0.548532 -0.286122 0.785650
-0.94554400 0.03426200 -6.04404783 101 133 100 0.000000 0.426958 -0.038814 0.903438
-1.13996804 0.19663900 -5.91941595 73 109 60 0.000000 0.001344 -0.525521 0.850780
-1.08798003 0.24506700 -5.89591503 105 139 106 0.000000 0.648167 -0.467283 0.601271
-1.15065098 0.05634000 -5.99704409 50 80 39 0.000000 -0.158815 -0.364010 0.917755
-1.20477700 -0.01060500 -6.03479004 66 95 55 0.000000 -0.174245 -0.260692 0.949567
-1.18056297 -0.15517700 -6.02410698 89 122 77 0.000000 0.070078 0.584938 0.808045
-1.04952204 -0.12170500 -6.01627302 68 92 58 0.000000 -0.159365 0.417795 0.894455
-0.97616702 0.22939900 -5.96214724 108 141 104 0.000000 0.381183 -0.412816 0.827214
-0.97047001 0.14108901 -6.00915098 111 138 109 0.000000 0.759849 -0.260655 0.595557
-0.86720401 0.17028800 -6.09390020 122 151 118 0.000000 0.623857 0.032244 0.780873
-1.07658505 0.20091200 -5.92511415 90 124 84 0.000000 0.135245 -0.492989 0.859459
-1.07088697 0.10690500 -5.96926880 81 116 76 0.000000 0.173780 -0.315584 0.932849
-1.02459598 0.17812200 -5.95716190 86 121 86 0.000000 0.276063 -0.387695 0.879478
-0.76393801 -0.03838000 -6.10814381 103 140 99 0.000000 0.294392 0.215512 0.931068
-0.88358402 0.05064300 -6.07395887 112 144 109 0.000000 0.445866 0.199973 0.872476
-0.89213002 0.02642800 -6.06612492 115 143 114 0.000000 0.371059 0.213904 0.903637
-1.33581805 0.03497500 -6.05472994 116 118 104 0.000000 0.275588 0.616490 -0.737558
-0.87859899 0.15818100 -6.08535385 114 148 113 0.000000 0.491636 0.031323 0.870237
-0.98044097 0.19735099 -5.97282982 118 149 115 0.000000 0.498743 -0.388272 0.774920
-0.78031802 0.11046600 -6.14090395 100 125 98 0.000000 0.308955 -0.173181 0.935177
-1.20976198 -0.13381200 -6.02980423 95 115 66 0.000000 -0.760475 0.634974 -0.135959
-0.97189403 0.27640301 -5.94220591 103 139 99 0.000000 0.434545 -0.577728 0.690943
-0.99397200 -0.16372301 -6.00060511 73 94 60 0.000000 0.001079 0.111142 0.993804
-0.99397200 -0.14663100 -6.00202894 95 121 83 0.000000 0.047385 0.087055 0.995076
-1.09581304 -0.13879700 -6.02125788 77 102 63 0.000000 -0.339556 0.181754 0.922858
-1.01604903 0.26572001 -5.93009901 95 128 91 0.000000 0.302290 -0.244984 0.921197
-0.93201202 0.20732200 -6.01271200 104 136 102 0.000000 0.718572 -0.443092 0.536025
-0.96833402 0.07414400 -6.02695608 104 134 103 0.000000 0.396782 -0.094733 0.913011
-1.30092096 -0.06615500 -6.07395887 122 132 102 0.000000 0.483843 0.371322 -0.792474
-0.94483203 -0.23992600 -5.98066378 83 110 65 0.000000 -0.254124 0.318017 0.913393
-0.86364299 0.05562800 -6.08464193 104 138 104 0.000000 0.340441 0.182228 0.922439
-1.30519402 0.11545100 -6.01128721 58 75 40 0.000000 -0.334595 -0.564123 0.754858
-1.19195795 -0.16942100 -6.00701523 85 116 71 0.000000 0.298728 0.765192 0.570300
-1.02032304 0.21729200 -5.94434309 100 137 96 0.000000 0.347502 -0.284862 0.893362
-1.01177597 -0.00846800 -6.01983404 97 123 94 0.000000 0.379982 -0.024640 0.924666
-0.89711601 -0.05262300 -6.05472994 91 127 88 0.000000 0.172883 0.101768 0.979671
-1.03385401 0.23367199 -5.93294811 97 129 95 0.000000 0.372922 -0.351259 0.858805
-0.77319700 -0.12170500 -6.05330610 83 120 79 0.000000 -0.072400 0.543708 0.836146
-1.11575401 -0.19862001 -6.00630188 95 124 94 0.000000 0.314862 0.728220 0.608734
-1.16845596 -0.18295200 -5.99704409 93 122 82 0.000000 0.230359 0.799300 0.555026
-0.92132998 0.20518500 -6.02695608 113 143 110 0.000000 0.664225 -0.405823 0.627784
-0.72832900 -0.09535400 -6.10387087 90 99 90 0.000000 0.458942 0.262472 0.848812
-0.94839197 -0.11102200 -6.02410698 94 126 87 0.000000 0.126986 0.524002 0.842198
-1.03029299 0.07556900 -5.99561977 85 116 77 0.000000 0.309190 -0.285745 0.907056
-0.90637398 0.23937000 -6.02125788 110 143 108 0.000000 0.740653 -0.310078 0.596057
-0.82589799 0.06844700 -6.10885620 117 150 110 0.000000 0.509560 0.238615 0.826687
-1.24180996 0.19307800 -5.95146513 74 79 65 0.000000 0.733483 0.229898 -0.639648
-0.94981700 0.28637400 -5.95360088 114 146 112 0.000000 0.717687 -0.322392 0.617243
-1.28525305 0.15106000 -6.00416613 76 80 68 0.000000 -0.469022 -0.039425 0.882306
-1.29308701 0.11046600 -6.01128721 54 79 36 0.000000 -0.294195 -0.394801 0.870391
-1.19053304 0.14678700 -5.95431280 92 108 72 0.000000 0.262472 0.458942 -0.848812
-0.97759199 0.14322600 -6.00060511 111 124 103 0.000000 0.373769 -0.405311 0.834278
-1.25747800 0.14536200 -5.97852707 118 127 97 0.000000 0.799488 -0.299214 -0.520855
-0.79028898 0.03497500 -6.12594795 119 152 115 0.000000 0.476988 0.437649 0.762198
-0.96904600 0.12328500 -6.01912212 103 133 104 0.000000 0.705838 -0.261715 0.658254
-1.04097605 0.13752800 -5.96926880 87 118 82 0.000000 0.428441 -0.325615 0.842860
-0.90637398 0.30773899 -5.99704409 120 147 113 0.000000 0.744119 -0.254359 0.617729
-1.22970295 0.15034699 -5.97211790 51 82 32 0.000000 -0.348000 -0.436180 0.829845
-0.78103101 -0.15588900 -6.04618406 91 129 84 0.000000 0.230547 0.008276 0.973026
-0.84583902 -0.23351701 -5.99205923 87 120 79 0.000000 0.001215 0.285453 0.958392
-0.86720401 0.19877601 -6.09033918 116 145 109 0.000000 0.797791 -0.109788 0.592854
-1.05806804 0.04993000 -5.99277115 81 115 76 0.000000 0.174669 -0.325583 0.929240
-0.84868801 -0.04265300 -6.07467079 116 147 115 0.000000 0.382246 0.326981 0.864275
-1.01818597 0.17171299 -5.96428394 91 126 91 0.000000 0.339517 -0.260149 0.903908
-0.88073599 0.09978300 -6.07965708 107 140 106 0.000000 0.472650 0.094530 0.876166
-1.25178099 -0.14734299 -6.03835106 109 113 101 0.000000 0.744653 -0.070850 -0.663681
-1.10151100 -0.20716600 -6.00487804 109 70 71 0.000000 0.269233 0.648389 0.712113
-0.94483203 0.12399700 -6.04048681 106 135 107 0.000000 0.631739 -0.244188 0.735716
-1.22543001 -0.13594800 -6.03692579 68 101 52 0.000000 -0.126549 0.379646 0.916436
-1.19765496 0.05135500 -6.00986290 53 84 37 0.000000 -0.276063 -0.419432 0.864793
-1.13213503 0.21230701 -5.90944576 70 106 58 0.000000 0.023750 -0.641240 0.766973
-0.86079502 0.23509701 -6.09674883 131 148 118 0.000000 0.940218 -0.197432 0.277509
-1.13071001 -0.13594800 -6.02909184 74 103 60 0.000000 -0.149792 0.253188 0.955750
-0.95978701 0.29278299 -5.94007015 104 138 92 0.000000 0.650620 -0.657208 0.380489
-0.78459102 -0.21784900 -6.02837992 117 142 118 0.000000 0.419692 0.531610 0.735696
-0.89925200 -0.13737300 -6.02410698 99 132 95 0.000000 0.277424 0.342700 0.897548
-1.16204596 -0.15019201 -6.02766800 81 104 64 0.000000 -0.064381 0.447929 0.891748
-0.87575001 0.29349500 -6.05116987 94 96 82 0.000000 0.847215 0.158206 0.507146
-0.82376099 -0.06829100 -6.07395887 101 136 99 0.000000 0.293188 0.270079 0.917114
-0.85296100 0.00150200 -6.08036900 114 145 111 0.000000 0.496910 0.150979 0.854568
-1.32798398 0.01360900 -6.06612492 131 136 119 0.000000 0.583779 0.489567 -0.647709
-0.97474301 0.23794501 -5.95858622 104 137 102 0.000000 0.500394 -0.325653 0.802219
-0.78103101 -0.16728400 -6.05330610 85 104 41 0.000000 0.915641 0.330207 -0.229271
-0.85509700 0.11473900 -6.09603596 111 142 109 0.000000 0.613808 0.070437 0.786307
-1.10435998 0.16387901 -5.94078207 71 107 64 0.000000 0.182612 -0.482511 0.856642
-0.91420799 -0.22283401 -5.98849821 88 121 75 0.000000 -0.072167 0.539133 0.839123
-1.08370602 0.16744000 -5.94291782 78 112 72 0.000000 0.149340 -0.402508 0.903153
-1.23682499 0.06346200 -6.00701523 94 124 77 0.000000 0.506793 0.190987 0.840645
-1.21973205 0.20091200 -5.94647884 51 61 31 0.000000 -0.586877 -0.379744 0.715102
-1.05094600 -0.18936200 -6.00772715 78 97 58 0.000000 -0.350003 0.048142 -0.935511
-1.05664396 -0.15873800 -6.01200008 68 95 52 0.000000 -0.300492 0.213025 0.929691
-0.86862898 -0.20787799 -6.00274086 95 127 88 0.000000 0.164924 0.450986 0.877161
-1.00821602 -0.23992600 -5.98849821 80 106 59 0.000000 -0.133701 -0.348726 -0.927639
-0.95693898 0.31272399 -5.91585493 142 149 131 0.000000 0.899148 -0.125627 0.419226
-1.16062200 -0.17583001 -6.01057482 87 120 78 0.000000 0.165560 0.627307 0.760970
-1.08370602 0.14963500 -5.95075178 79 114 76 0.000000 0.198073 -0.340572 0.919118
-1.29807198 0.05990100 -6.03479004 61 85 41 0.000000 -0.474747 -0.284848 0.832753
-0.83017099 -0.20787799 -6.00843906 104 134 97 0.000000 0.166206 0.672448 0.721242
-1.16275799 -0.05048700 -6.03051615 54 86 42 0.000000 -0.347613 -0.095292 0.932783
-1.26531196 0.08910000 -6.01128721 59 91 41 0.000000 -0.204556 -0.419414 0.884448
-1.10507202 0.18595600 -5.92867517 67 104 59 0.000000 0.031496 -0.516253 0.855857
-1.04097605 0.11972400 -5.97567892 95 125 91 0.000000 0.475390 -0.309082 0.823695
-1.07658505 0.13468000 -5.95858622 88 121 81 0.000000 0.261115 -0.159347 0.952065
-1.22400606 -0.05191100 -6.04760885 60 89 46 0.000000 -0.267509 -0.125189 0.955388
-1.00607896 0.28708601 -5.92724991 90 126 82 0.000000 0.142989 -0.356778 0.923181
-0.79028898 -0.03197000 -6.10102177 106 142 101 0.000000 0.356203 0.299091 0.885248
-0.79385000 0.07129600 -6.13378191 120 151 112 0.000000 0.649267 -0.038192 0.759601
-1.11931598 0.07272000 -5.98137617 61 96 52 0.000000 -0.008900 -0.362371 0.931992
-1.02886903 0.12399700 -5.97995090 95 123 88 0.000000 0.370577 -0.364375 0.854344
-1.01533699 0.02998900 -6.01128721 158 157 142 0.000000 0.213293 -0.229595 0.949627
-1.01533699 0.15889400 -5.96855688 95 127 93 0.000000 0.419906 -0.397553 0.815862
-1.11931598 0.03711100 -5.99917984 86 108 75 0.000000 -0.086035 -0.397398 0.913605
-1.11219394 -0.05262300 -6.01912212 80 113 73 0.000000 -0.007795 0.141417 0.989919
-0.82162499 -0.08324700 -6.06826210 100 135 96 0.000000 0.292968 0.362078 0.884912
-0.94981700 0.07200800 -6.03763819 114 142 111 0.000000 0.640577 -0.006918 0.767863
-1.15919697 0.19236600 -5.92155313 67 103 55 0.000000 0.038225 -0.658324 0.751763
-0.97474301 -0.10603700 -6.02268219 104 121 93 0.000000 0.214541 0.239138 0.946987
-1.02459598 -0.22354600 -5.99561977 76 102 59 0.000000 -0.111781 0.387783 0.914948
-1.06020498 0.16387901 -5.95003986 78 114 75 0.000000 0.214904 -0.513637 0.830658
-0.94768000 0.14749900 -6.02766800 103 136 103 0.000000 0.695329 -0.276533 0.663360
-1.11005700 0.01076100 -6.00986290 58 89 48 0.000000 -0.271007 -0.404240 0.873582
-1.06305301 0.22370200 -5.92012882 97 132 95 0.000000 0.403060 -0.365420 0.839054
-1.22756600 0.13752800 -5.97781515 50 77 30 0.000000 -0.369399 -0.465346 0.804362
-0.73687601 -0.03054600 -6.11811399 79 93 74 0.000000 0.476752 0.277976 0.833928
-1.02744401 -0.10532500 -6.01983404 76 98 65 0.000000 -0.159192 0.174474 0.971708
-0.78459102 0.00933600 -6.11669016 115 150 112 0.000000 0.465237 0.362917 0.807370
-1.23824894 -0.10033900 -6.05401802 64 93 49 0.000000 -0.183285 0.183285 0.965822
-1.22115695 -0.12811400 -6.04048681 81 109 62 0.000000 0.095330 0.658511 0.746508
-0.95765102 0.18025900 -5.99989319 113 128 111 0.000000 0.507271 -0.380858 0.773061
-1.01533699 -0.08823200 -6.01983404 66 97 56 0.000000 -0.127937 0.001093 0.991782
-1.03527796 0.18381999 -5.95075178 94 130 92 0.000000 0.221036 -0.382055 0.897317
-1.09438896 -0.00063400 -6.00986290 60 84 47 0.000000 -0.212678 -0.363144 0.907136
-0.77319700 0.09835800 -6.14802599 122 128 119 0.000000 0.651911 0.064759 0.755526
-1.00750303 0.19094200 -5.95858622 102 135 101 0.000000 0.451445 -0.346900 0.822106
-1.05735600 0.00791200 -6.00416613 87 117 85 0.000000 0.205892 -0.244071 0.947649
-0.96975797 0.20376100 -5.97995090 106 140 104 0.000000 0.603774 -0.340132 0.720949
-1.11504197 0.17242500 -5.93579578 69 104 60 0.000000 0.111320 -0.443870 0.889150
-0.74684602 0.01147300 -6.12665987 131 158 127 0.000000 0.996873 -0.063860 0.046542
-1.00963998 -0.07398900 -6.02054501 79 109 73 0.000000 0.087587 -0.022708 0.995898
-0.80382001 0.09408500 -6.12879705 111 147 108 0.000000 0.528454 0.095952 0.843522
-1.09937406 -0.21428800 -6.00986290 143 88 90 0.000000 0.856700 -0.509503 -0.080448
-1.18412399 -0.16514800 -6.01484823 76 110 67 0.000000 0.095397 0.667777 0.738223
-1.14922702 0.21586800 -5.90445995 66 101 55 0.000000 0.149662 -0.666675 0.730168
-0.91207099 -0.20716600 -5.99561977 85 115 73 0.000000 0.008900 0.362371 0.931992
-1.09581304 0.13681599 -5.95360088 79 114 74 0.000000 0.175255 -0.302211 0.936992
-0.90495002 -0.15161601 -6.01698494 97 130 90 0.000000 0.349047 0.151578 0.924765
-1.00679100 0.05277900 -6.01057482 147 144 133 0.000000 0.325252 -0.120114 0.937968
-0.99326003 0.08981200 -6.00915098 132 133 122 0.000000 0.449707 -0.268596 0.851833
-0.74399698 -0.11458300 -6.05829096 103 136 91 0.000000 -0.015907 0.960520 0.277755
-1.00038195 -0.08752000 -6.02054501 85 116 79 0.000000 0.181161 -0.031557 0.982947
-1.09937406 0.23224799 -5.89876318 81 117 78 0.000000 0.379994 -0.689254 0.616874
-0.93842202 0.25788599 -5.97995090 108 139 108 0.000000 0.688868 -0.340362 0.640012
-1.02245903 0.04993000 -6.00630188 96 126 93 0.000000 0.331639 -0.292972 0.896763
-1.10364699 0.14821100 -5.94790411 73 109 64 0.000000 0.095292 -0.347613 0.932783
-1.04453695 -0.12740199 -6.01271200 74 98 65 0.000000 -0.323339 0.228493 0.918283
-0.73189002 -0.08182300 -6.10600710 135 156 132 0.000000 0.616490 0.275588 0.737558
-1.11860299 0.15818100 -5.94220591 73 109 62 0.000000 0.166809 -0.491570 0.854712
-0.79669899 -0.18651301 -6.03479004 107 141 106 0.000000 0.301516 0.222244 0.927198
-1.07302403 0.03426200 -5.99419498 79 111 73 0.000000 0.149912 -0.284968 0.946742
-1.02958095 0.16459100 -5.96143484 83 114 81 0.000000 0.269344 -0.364582 0.891366
-1.21973205 0.09693400 -5.99633217 58 90 43 0.000000 -0.109459 -0.467687 0.877091
-1.09082794 -0.21500000 -6.00131702 88 110 81 0.000000 0.245020 0.560268 0.791242
-0.74470901 -0.15232800 -6.04903316 112 122 91 0.000000 0.491288 0.561711 -0.665670
-0.97260702 0.16459100 -5.99561977 111 135 110 0.000000 0.634310 -0.322833 0.702446
-0.85224801 -0.20004401 -6.00843906 96 131 92 0.000000 0.175130 0.528385 0.830746
-0.99539602 0.19165400 -5.96570778 111 140 111 0.000000 0.498229 -0.293908 0.815712
-1.03171694 0.04850600 -6.00274086 98 127 92 0.000000 0.449658 -0.197375 0.871120
-0.98257703 0.10904100 -6.00986290 111 134 109 0.000000 0.624027 -0.427667 0.653981
-1.25249302 0.06631000 -6.01698494 66 100 53 0.000000 -0.094327 -0.386877 0.917294
-1.22400606 0.19307800 -5.95217705 58 86 34 0.000000 -0.420768 -0.357731 0.833656
-1.01035202 0.22726300 -5.94505501 95 131 93 0.000000 0.395581 -0.263219 0.879904
-0.79741102 0.05135500 -6.12523603 120 151 114 0.000000 0.642599 0.213162 0.735954
-0.98542601 0.27853999 -5.93366003 93 131 86 0.000000 0.254971 -0.420928 0.870522
-0.86293101 -0.20004401 -6.00701523 87 122 81 0.000000 0.150794 0.381918 0.911811
-0.89640403 0.24649200 -6.03336477 112 141 105 0.000000 0.822183 -0.245267 0.513672
-0.86791599 0.22512600 -6.08393002 124 150 116 0.000000 0.781313 -0.174468 0.599259
-1.23468804 0.01859400 -6.03051615 63 88 47 0.000000 -0.196853 -0.268436 0.942969
-1.27813101 0.15462101 -5.98564911 151 149 135 0.000000 0.738837 0.381705 -0.555357
-1.22685397 -0.15161601 -6.02410698 72 100 54 0.000000 0.087394 0.829527 0.551586
-1.09082794 0.19806300 -5.92440224 70 106 66 0.000000 0.196638 -0.553331 0.809418
-1.26673603 -0.07185200 -6.06185198 62 88 45 0.000000 -0.371528 -0.054209 0.926838
-1.13854396 0.11901200 -5.96214724 59 92 47 0.000000 -0.110277 -0.496964 0.860736
-0.81094199 -0.14663100 -6.04262304 98 132 87 0.000000 0.135307 0.332118 0.933483
-0.84726298 -0.18508901 -6.01983404 115 143 114 0.000000 0.223880 0.563560 0.795159
-1.24750698 0.11402600 -5.99561977 60 89 41 0.000000 -0.238324 -0.301116 0.923326
-1.26103902 0.09622200 -6.00630188 62 96 44 0.000000 -0.212562 -0.357162 0.909534
-0.95195299 -0.25844300 -5.97567892 128 147 116 0.000000 0.086151 0.673146 0.734474
-0.96477300 -0.23707800 -5.98422480 83 109 62 0.000000 -0.351453 -0.158224 -0.922738
-0.88144797 -0.10746100 -6.04048681 96 130 93 0.000000 0.247309 0.493082 0.834092
-1.27955604 0.12898199 -5.99277115 122 132 102 0.000000 0.293039 -0.741406 -0.603693
-0.88928199 0.21515600 -6.05829096 117 147 108 0.000000 0.727627 -0.230024 0.646258
-0.79456198 -0.08039800 -6.07680798 106 143 102 0.000000 0.271586 0.491959 0.827174
-1.05949199 -0.23351701 -5.99134588 87 120 77 0.000000 0.128281 0.482854 0.866254
-1.10934496 0.23865800 -5.89021683 78 109 68 0.000000 0.166044 -0.735772 0.656558
-1.18412399 -0.14378200 -6.03193998 84 109 73 0.000000 -0.077718 0.512940 0.854899
-1.12928605 0.12114800 -5.95929909 55 92 46 0.000000 -0.127551 -0.465777 0.875661
-0.94910502 -0.12384100 -6.01698494 95 125 87 0.000000 0.095952 0.528454 0.843522
-0.95052898 0.12969400 -6.03265285 101 131 101 0.000000 0.507033 -0.340688 0.791739
-0.75895298 -0.07897400 -6.09105206 113 150 110 0.000000 0.346132 0.529663 0.774370
-0.83658099 -0.19292200 -6.01912212 106 138 104 0.000000 0.142790 0.522582 0.840547
-1.21047401 0.00221400 -6.03051615 67 101 55 0.000000 -0.149340 -0.402508 0.903153
-1.07729697 -0.08467100 -6.01912212 82 112 75 0.000000 0.007458 -0.086305 0.996241
-1.00251806 -0.20360500 -5.99846792 79 105 64 0.000000 -0.143034 0.125918 0.981675
-1.02602005 0.26928100 -5.92582607 97 131 95 0.000000 0.253796 -0.188651 0.948682
-1.27741897 0.09764600 -6.01128721 64 92 46 0.000000 -0.362726 -0.409833 0.836939
-0.88358402 -0.07256400 -6.05615520 113 139 107 0.000000 0.181154 0.332817 0.925428
-1.06732595 0.17242500 -5.94291782 79 117 75 0.000000 0.331077 -0.513409 0.791706
-1.04738498 0.15319601 -5.96001101 80 113 76 0.000000 0.292206 -0.522812 0.800802
-1.05165899 0.10690500 -5.97354221 85 121 84 0.000000 0.356203 -0.299091 0.885248
-0.81023002 -0.07897400 -6.07395887 101 138 99 0.000000 0.246383 0.531506 0.810430
-1.30234504 0.07058400 -6.03407717 60 83 39 0.000000 -0.527571 -0.267699 0.806229
-1.25676596 0.08981200 -6.00843906 60 94 42 0.000000 -0.294334 -0.372823 0.879983
-0.92845201 0.06203700 -6.05330610 105 140 103 0.000000 0.544370 0.001351 0.838844
-0.91420799 0.14108901 -6.06114006 102 135 106 0.000000 0.667469 -0.143137 0.730751
-0.86150700 0.16601500 -6.09817314 118 150 118 0.000000 0.667184 0.006935 0.744860
-0.91848099 0.19806300 -6.03336477 110 141 108 0.000000 0.483237 -0.405138 0.776109
-0.88144797 0.29492000 -6.04119921 144 158 134 0.000000 0.906706 0.025076 0.421018
-1.13498294 0.17598601 -5.93223619 67 101 56 0.000000 -0.016881 -0.396056 0.918071
-0.88572103 0.23652101 -6.05188084 114 144 109 0.000000 0.755223 -0.182295 0.629608
-1.00109398 -0.13309900 -6.00772715 90 117 81 0.000000 -0.072734 0.437776 0.896137
-1.02958095 0.18951701 -5.95003986 90 123 89 0.000000 0.412124 -0.371069 0.832143
-0.98044097 0.11758700 -6.00915098 109 130 106 0.000000 0.569317 -0.348727 0.744492
-0.96762103 0.17028800 -5.99775600 119 141 118 0.000000 0.569967 -0.364191 0.736548
-0.84512699 0.04850600 -6.09247589 110 143 109 0.000000 0.401405 0.174086 0.899204
-0.92417902 0.15746900 -6.04760885 103 136 101 0.000000 0.678027 -0.381081 0.628536
-0.95409000 0.13823999 -6.02695608 107 139 104 0.000000 0.634711 -0.347541 0.690187
-1.01248896 0.11972400 -5.99063396 96 124 85 0.000000 0.326392 -0.347646 0.878982
-0.95693898 0.32411900 -5.92724991 54 66 47 0.000000 0.365994 0.848795 0.381569
-0.94910502 -0.17013299 -6.00416613 87 115 73 0.000000 0.125993 0.173397 0.976760
-0.81094199 -0.20787799 -6.01627302 112 146 112 0.000000 0.285917 0.624544 0.726771
-1.15777302 -0.08253500 -6.03407717 58 88 45 0.000000 -0.325583 -0.174669 0.929240
-0.80666900 -0.12882601 -6.04903316 97 131 91 0.000000 0.149148 0.521280 0.840251
-1.09866202 -0.00562000 -6.01413584 64 91 51 0.000000 -0.301769 -0.371525 0.878012
-0.99112302 0.15533300 -5.98422480 108 135 107 0.000000 0.545617 -0.354570 0.759330
-1.13284695 -0.08395900 -6.02695608 67 91 52 0.000000 0.572495 0.753113 -0.324145
-0.95124102 0.21444400 -5.98992205 103 134 105 0.000000 0.624564 -0.365559 0.690135
-0.98542601 0.26144701 -5.94291782 88 125 84 0.000000 0.371548 -0.422141 0.826891
-1.21545899 0.06275000 -6.01128721 54 85 38 0.000000 -0.237301 -0.347945 0.906986
-1.05664396 0.23367199 -5.92012882 108 142 104 0.000000 0.507811 -0.245416 0.825772
-0.91634399 0.12542100 -6.06042814 104 138 106 0.000000 0.572396 0.207168 0.793375
-0.87503803 -0.19933200 -6.00558996 93 130 87 0.000000 0.102769 0.379561 0.919441
-1.06376505 0.19450299 -5.93294811 91 126 86 0.000000 0.452510 -0.420072 0.786622
-1.30590606 0.11046600 -6.01698494 55 72 33 0.000000 -0.420239 -0.538895 0.730063
-1.22400606 0.08411500 -6.00416613 58 89 41 0.000000 -0.173656 -0.436328 0.882871
-0.76749903 -0.01915100 -6.11312914 107 144 105 0.000000 0.295476 0.325172 0.898308
-1.17272902 -0.15873800 -6.02125788 78 107 62 0.000000 0.015345 0.665410 0.746320
-0.90637398 -0.21286300 -5.99419498 93 127 87 0.000000 0.040417 0.366362 0.929594
-1.32015002 0.00720000 -6.07039785 52 66 28 0.000000 -0.714775 -0.206215 0.668260
-1.19551802 0.03426200 -6.01413584 58 91 45 0.000000 -0.141141 -0.370322 0.918118
-0.79242498 0.01076100 -6.11384201 119 155 117 0.000000 0.436218 0.363251 0.823263
-1.13996804 0.11260200 -5.96570778 66 99 54 0.000000 -0.119969 -0.373696 0.919760
-0.96619701 0.21230701 -5.97710323 107 140 106 0.000000 0.531778 -0.413239 0.739220
-1.11504197 0.02571600 -6.00274086 54 79 42 0.000000 -0.158855 -0.324617 0.932410
-1.04097605 -0.05903300 -6.01840878 131 111 106 0.000000 0.333522 -0.166063 0.928001
-1.15349996 0.18809301 -5.92368984 66 104 53 0.000000 0.046426 -0.578214 0.814564
-1.26602399 -0.13737300 -6.05259418 79 95 67 0.000000 -0.166398 0.024099 0.985764
-0.93699801 0.07129600 -6.04760885 106 136 104 0.000000 0.616984 -0.070471 0.783814
-0.77675802 0.05420300 -6.15229893 123 148 110 0.000000 0.780192 0.158453 0.605139
-0.90851003 0.27853999 -6.00416613 125 151 116 0.000000 0.793430 -0.094629 0.601260
-0.84797502 -0.21286300 -6.00202894 95 131 85 0.000000 0.095120 0.498317 0.861761
-1.11860299 0.00435100 -6.01413584 49 81 40 0.000000 -0.244570 -0.451164 0.858275
-1.11717904 0.21515600 -5.90731001 71 105 61 0.000000 0.222963 -0.618994 0.753083
-0.78031802 -0.12811400 -6.05116987 80 117 75 0.000000 -0.111597 0.450625 0.885711
-0.96406001 0.29990500 -5.91728020 110 122 100 0.000000 0.615769 -0.300650 0.728312
-1.11931598 -0.17867900 -6.01698494 91 108 77 0.000000 -0.086276 0.403989 0.910686
-0.79669899 0.02429200 -6.11669016 126 158 124 0.000000 0.506900 0.450761 0.734757
-1.32442296 -0.06188200 -6.08677816 69 88 48 0.000000 -0.127994 -0.476022 0.870070
-0.78672802 0.07841700 -6.15301085 90 105 41 0.000000 0.252457 0.909138 -0.331259
-0.74613398 -0.09179300 -6.09247589 120 155 116 0.000000 0.569435 0.228084 0.789761
-1.28169203 -0.01345400 -6.04974508 96 114 74 0.000000 0.212690 0.157886 -0.964280
-1.16062200 0.22441401 -5.89591503 78 104 67 0.000000 0.181855 -0.420448 0.888905
-1.10649598 0.09693400 -5.96998119 64 99 56 0.000000 0.064381 -0.442446 0.894481
-0.83658099 -0.23066799 -5.99277115 102 133 93 0.000000 -0.047301 0.221950 0.973910
-0.99610800 0.15960599 -5.97923899 102 132 99 0.000000 0.474670 -0.381345 0.793262
-0.98613799 0.21373101 -5.96286011 103 135 98 0.000000 0.475125 -0.291306 0.830300
-0.88857001 -0.04977500 -6.05829096 93 129 89 0.000000 0.254768 0.040615 0.966149
-1.32940805 0.07841700 -6.04262304 136 140 126 0.000000 0.521280 0.149148 -0.840251
-0.94127101 0.14963500 -6.03550100 100 128 103 0.000000 0.579369 0.238931 0.779259
-0.89782798 0.25931099 -6.02268219 120 149 116 0.000000 0.814215 -0.196325 0.546361
-0.92489100 -0.23636501 -5.98208809 88 119 72 0.000000 0.165396 0.228907 0.959294
-1.04168797 0.22583801 -5.93152380 107 142 104 0.000000 0.394393 -0.245565 0.885524
-0.83088303 -0.21571200 -6.00131702 104 137 99 0.000000 0.103966 0.616476 0.780479
-1.08085799 -0.23138000 -5.98636198 112 131 104 0.000000 0.150077 0.545328 0.824678
-0.87575001 0.25147700 -6.05686712 118 148 124 0.000000 0.734474 -0.086151 0.673146
-0.96904600 0.23652101 -5.96286011 105 135 102 0.000000 0.538933 -0.300467 0.786938
-0.77177203 -0.14805500 -6.04760885 69 106 63 0.000000 0.087587 0.022708 0.995898
-1.17415297 -0.17867900 -6.00131702 93 123 83 0.000000 0.310707 0.812255 0.493662
-0.95480198 0.16672800 -6.01128721 106 137 103 0.000000 0.680829 -0.244846 0.690306
-1.16988003 0.01432100 -6.01912212 58 93 47 0.000000 -0.134991 -0.427707 0.893781
-0.92987603 -0.18152800 -6.00487804 89 117 78 0.000000 0.141644 0.292732 0.945645
-0.75111902 -0.07968600 -6.09461212 118 153 113 0.000000 0.442341 0.356726 0.822849
-0.87646300 -0.17654200 -6.01627302 92 126 88 0.000000 0.299604 0.284989 0.910504
-0.92275399 0.07343200 -6.05615520 107 138 101 0.000000 0.570445 -0.093871 0.815954
-1.04738498 0.18524399 -5.94434309 94 129 95 0.000000 0.348000 -0.436180 0.829845
-0.91848099 0.06132500 -6.05971622 103 136 100 0.000000 0.578659 0.001362 0.815569
-1.12002802 0.17669800 -5.93294811 74 110 63 0.000000 0.016927 -0.402332 0.915337
-1.23967397 -0.13808499 -6.03906202 81 106 60 0.000000 -0.643030 0.629668 -0.435924
-1.05521905 0.16031800 -5.95360088 79 114 76 0.000000 0.222283 -0.531946 0.817082
-0.75752902 -0.05048700 -6.10458279 103 140 98 0.000000 0.395494 0.405024 0.824342
-0.89426702 0.19663900 -6.05900288 116 146 110 0.000000 0.759974 -0.222242 0.610777
-0.97474301 0.04138400 -6.02980423 100 130 94 0.000000 0.435141 -0.236391 0.868776
-1.04382396 0.16744000 -5.95360088 90 124 88 0.000000 0.411401 -0.421006 0.808395
-1.29166305 -0.01131700 -6.05686712 62 90 45 0.000000 -0.301516 -0.222244 0.927198
-0.99326003 0.19877601 -5.96428394 112 143 109 0.000000 0.546788 -0.380303 0.745917
-0.80097198 -0.20289300 -6.02624321 111 145 109 0.000000 0.523336 0.489896 0.697224
-1.03243005 0.03070200 -6.00630188 97 129 96 0.000000 0.324783 -0.189808 0.926547
-0.92489100 0.31842199 -5.97140598 126 152 117 0.000000 0.720524 -0.126800 0.681738
-0.80382001 0.07414400 -6.12665987 113 146 108 0.000000 0.561483 0.087597 0.822839
-0.87503803 -0.18366399 -6.01413584 104 130 91 0.000000 0.228259 0.419220 0.878722
-1.02245903 0.12114800 -5.98422480 93 120 88 0.000000 0.420737 -0.379457 0.824010
-0.95978701 0.10476800 -6.03122902 116 144 114 0.000000 0.591826 0.006866 0.806037
-1.16703105 0.07058400 -5.99633217 58 87 44 0.000000 -0.255047 -0.459695 0.850665
-0.88643301 -0.11671900 -6.03550100 99 131 97 0.000000 0.191121 0.276369 0.941856
-0.83230698 -0.08894400 -6.06256390 101 136 97 0.000000 0.245403 0.467943 0.849004
-1.06946301 0.16031800 -5.95003986 80 117 76 0.000000 0.230014 -0.538758 0.810453
-0.76963598 -0.00775600 -6.11669016 108 144 107 0.000000 0.324199 0.315235 0.891920
-0.94411898 0.17527400 -6.01769686 103 135 101 0.000000 0.651465 -0.365936 0.664593
-0.89782798 0.22512600 -6.04404783 115 146 114 0.000000 0.674630 -0.428099 0.601337
-1.14566600 0.13895300 -5.95217705 52 84 44 0.000000 -0.134615 -0.484905 0.864145
-1.03385401 0.13752800 -5.97282982 101 127 91 0.000000 0.374094 -0.316071 0.871868
-0.98756200 0.16886400 -5.97995090 105 132 105 0.000000 0.560133 -0.276122 0.781030
-1.05450702 -0.08680800 -6.01698494 179 151 152 0.000000 0.315807 -0.134184 0.939287
-1.09581304 0.22227800 -5.90731001 89 124 84 0.000000 0.300569 -0.492556 0.816730
-0.91563201 0.30275401 -5.98778582 126 156 123 0.000000 0.719298 -0.315198 0.619081
-0.95978701 -0.11529500 -6.02125788 91 122 83 0.000000 0.127663 0.553205 0.823205
-0.94981700 -0.03339500 -6.03763819 97 130 93 0.000000 0.324658 0.080179 0.942427
-0.85509700 0.21658000 -6.10885620 141 154 124 0.000000 0.908368 0.109559 0.403565
-1.07231200 0.27711499 -5.90802097 136 158 128 0.000000 0.473857 0.507110 0.719930
-0.79954702 -0.20859000 -6.02268219 116 151 115 0.000000 0.466316 0.553228 0.690281
-1.21973205 0.13823999 -5.97425413 56 84 37 0.000000 -0.381234 -0.387510 0.839343
-1.07444799 0.07628100 -5.98066378 87 123 81 0.000000 0.133701 -0.348726 0.927639
-0.94910502 0.19948800 -5.99704409 126 142 122 0.000000 0.653099 -0.420443 0.629833
-1.24679506 0.15818100 -5.97710323 60 91 39 0.000000 -0.396492 -0.387014 0.832475
-0.94483203 0.18310800 -6.01200008 111 141 111 0.000000 0.679502 -0.370189 0.633434
-0.90138900 0.17598601 -6.05900288 109 141 108 0.000000 0.708218 -0.220439 0.670697
-1.07373595 -0.18437600 -6.01271200 72 99 59 0.000000 -0.189206 0.546426 0.815855
-1.20050395 -0.00205900 -6.03051615 56 90 44 0.000000 -0.254323 -0.324080 0.911203
-0.88216001 0.26002300 -6.04760885 117 150 115 0.000000 0.772530 -0.238782 0.588371
-0.80097198 0.10832900 -6.13306999 121 156 117 0.000000 0.301769 0.371525 0.878012
-1.26175106 0.01360900 -6.03977489 63 95 48 0.000000 -0.286382 -0.364350 0.886135
-0.82874697 -0.01772700 -6.08820295 112 149 109 0.000000 0.269386 0.205838 0.940777
-0.93913400 0.34049901 -5.95146513 104 106 103 0.000000 0.551586 0.087394 0.829527
-1.16631901 -0.16301100 -6.01983404 75 104 58 0.000000 0.301430 0.697963 0.649606
-1.04453695 0.04209600 -5.99917984 88 120 83 0.000000 0.254596 -0.300624 0.919133
-1.02886903 0.04209600 -6.00487804 95 126 91 0.000000 0.379241 -0.204877 0.902331
-1.02317095 -0.12455300 -6.01271200 83 110 76 0.000000 -0.022820 0.465791 0.884600
-1.01177597 0.03568700 -6.01057482 155 152 140 0.000000 0.403140 -0.190655 0.895058
-0.89141798 0.25859901 -6.03336477 117 148 113 0.000000 0.832144 -0.221396 0.508448
-0.78601599 -0.11173400 -6.06042814 94 130 91 0.000000 0.173228 0.490073 0.854296
-0.99041098 0.12684600 -5.99775600 106 136 108 0.000000 0.522004 -0.404185 0.751097
-1.04311204 -0.20075600 -6.00416613 77 100 59 0.000000 -0.403956 -0.419923 0.812702
-1.19409394 0.13681599 -5.96072292 91 110 71 0.000000 0.214798 0.467149 -0.857691
-0.77105999 -0.14235801 -6.05472994 77 93 45 0.000000 -0.333204 -0.126482 -0.934332
-0.90495002 0.29278299 -6.00416613 128 153 118 0.000000 0.834066 -0.078416 0.546064
-1.01320100 -0.12099200 -6.01413584 89 118 83 0.000000 0.023143 0.515959 0.856301
-0.99682099 -0.02342400 -6.02339506 100 128 97 0.000000 0.221128 0.054976 0.973694
-1.19694304 0.15106000 -5.95431280 94 112 75 0.000000 0.338440 0.410184 -0.846881
-1.30305696 0.13111900 -6.00487804 93 96 89 0.000000 0.277232 -0.229385 0.933019
-1.01035202 0.11046600 -5.99490690 108 127 100 0.000000 0.381348 -0.317024 0.868371
-1.07302403 0.23865800 -5.91015816 105 139 101 0.000000 0.458537 -0.387745 0.799624
-0.96192402 0.28708601 -5.94291782 109 143 101 0.000000 0.607090 -0.307571 0.732695
-1.25676596 0.10191900 -6.00274086 61 93 41 0.000000 -0.324327 -0.388885 0.862311
-1.15278804 0.20020001 -5.91514301 79 117 65 0.000000 0.095409 -0.508374 0.855834
-1.32157397 0.08197800 -6.03763819 118 122 108 0.000000 0.506793 0.190987 -0.840645
-1.29735994 0.08838800 -6.02339506 61 83 39 0.000000 -0.426889 -0.420446 0.800619
-0.91064698 0.30489001 -5.99277115 116 146 111 0.000000 0.769946 -0.228651 0.595736
-0.82661003 0.14607400 -6.13093281 129 157 124 0.000000 0.753279 0.198718 0.626962
-0.94055903 0.20233700 -6.00701523 107 137 107 0.000000 0.664707 -0.409433 0.624924
-1.26175106 0.06844700 -6.01840878 69 102 53 0.000000 -0.197032 -0.363862 0.910375
-1.09794998 0.16459100 -5.94220591 66 100 59 0.000000 0.102716 -0.545407 0.831854
-1.00750303 0.15319601 -5.97425413 102 134 99 0.000000 0.413284 -0.302665 0.858831
-0.87005299 0.28281301 -6.05757904 142 151 113 0.000000 0.767741 0.277020 0.577784
-1.03599000 0.12470900 -5.97639084 98 129 92 0.000000 0.396181 -0.301342 0.867314
-1.23184001 0.19450299 -5.94861603 111 120 99 0.000000 0.402770 0.380657 -0.832392
-0.81450301 -0.03410700 -6.09033918 106 140 104 0.000000 0.419556 0.165804 0.892458
-0.79954702 -0.05974500 -6.08606577 111 145 107 0.000000 0.394325 0.378615 0.837352
-1.19053304 -0.16514800 -6.01342392 81 117 73 0.000000 0.183015 0.699762 0.690535
-1.19480598 0.12542100 -5.96642113 90 112 70 0.000000 0.294301 0.555196 -0.777910
-0.79954702 0.11545100 -6.13663101 117 151 113 0.000000 0.263640 0.373862 0.889225
-1.05877995 -0.00063400 -6.00630188 84 115 79 0.000000 0.141285 -0.252200 0.957305
-1.15278804 -0.18580100 -6.00202894 92 120 82 0.000000 0.307000 0.784202 0.539238
-1.19338202 -0.11671900 -6.04262304 69 101 56 0.000000 -0.149035 0.182153 0.971910
-0.93913400 -0.24491200 -5.97852707 81 116 74 0.000000 -0.103706 0.244540 0.964077
-1.34293902 0.02001900 -6.07324696 131 130 125 0.000000 0.639711 0.435939 -0.633030
-0.92061800 0.28281301 -5.98778582 127 151 123 0.000000 0.801998 -0.271518 0.532050
-0.94340700 0.21729200 -5.99419498 118 140 116 0.000000 0.614128 -0.405556 0.677031
-0.99183500 0.27782699 -5.93294811 86 122 81 0.000000 0.199225 -0.293961 0.934824
-1.17913795 -0.16870800 -6.01271200 85 119 76 0.000000 0.046978 0.656264 0.753067
-0.95124102 0.17456201 -6.01057482 99 131 99 0.000000 0.629320 -0.478283 0.612538
-0.97688001 0.24293099 -5.95502615 102 137 98 0.000000 0.498743 -0.388272 0.774920
-0.74399698 -0.12384100 -6.04333496 108 133 92 0.000000 0.364818 0.711641 0.600396
-1.14993894 0.20945799 -5.91015816 73 109 62 0.000000 0.032215 -0.617686 0.785764
-0.79385000 -0.14948000 -6.04476023 90 127 82 0.000000 0.143037 0.102169 0.984430
-0.88500899 -0.22069700 -5.99205923 86 117 77 0.000000 0.031683 0.530352 0.847185
-1.04453695 -0.07327700 -6.01840878 106 101 84 0.000000 0.253796 -0.188651 0.948682
-1.17913795 -0.09108100 -6.04191113 66 98 53 0.000000 -0.159192 -0.174474 0.971708
-1.14424205 0.17384900 -5.93294811 59 94 48 0.000000 -0.055497 -0.426379 0.902841
-0.92417902 0.20803399 -6.02196980 108 139 104 0.000000 0.688914 -0.426628 0.585992
-0.98827398 0.18168300 -5.97425413 103 132 101 0.000000 0.484237 -0.317041 0.815475
-0.78245503 0.01360900 -6.12096310 119 152 116 0.000000 0.420873 0.492930 0.761503
-0.79812300 0.03782300 -6.12238693 123 155 119 0.000000 0.530607 0.284985 0.798273
-0.84868801 0.10832900 -6.10102177 114 147 112 0.000000 0.597526 0.110109 0.794254
-1.25747800 -0.13381200 -6.04903316 96 113 75 0.000000 0.466834 -0.172301 -0.867398
-1.12999797 -0.17013299 -6.02054501 90 108 73 0.000000 0.117210 0.235708 0.964730
-1.11789095 0.23224799 -5.89235401 76 111 66 0.000000 0.015334 -0.687238 0.726270
-1.05877995 0.25931099 -5.91371918 109 143 109 0.000000 0.468061 -0.188710 0.863312
-1.07231200 0.00791200 -6.00345421 70 101 65 0.000000 0.063048 -0.395724 0.916203
-1.10649598 -0.13879700 -6.02268219 71 95 55 0.000000 0.015236 0.205100 0.978622
-1.17984998 0.06132500 -6.00274086 66 99 51 0.000000 -0.134184 -0.315807 0.939287
-1.14281702 -0.18508901 -6.00915098 90 120 83 0.000000 0.189213 0.721471 0.666092
-0.90637398 0.21800400 -6.03763819 116 144 112 0.000000 0.779116 -0.198237 0.594710
-1.14780200 0.18453200 -5.92724991 65 98 51 0.000000 0.159552 -0.547250 0.821621
-1.01747406 0.18595600 -5.95644999 91 125 88 0.000000 0.425201 -0.322405 0.845730
-0.89141798 0.28779799 -6.02553082 131 156 124 0.000000 0.872073 -0.071161 0.484175
-1.03314197 0.22797500 -5.93579578 98 133 97 0.000000 0.442341 -0.356726 0.822849
-0.94768000 0.11260200 -6.03977489 115 141 114 0.000000 0.601921 -0.015221 0.798410
-0.81307900 -0.11885600 -6.05330610 92 126 87 0.000000 0.252163 0.427317 0.868225
-0.92204201 0.02215500 -6.05259418 120 143 114 0.000000 0.364650 0.349264 0.863160
-0.96690899 0.22370200 -5.97211790 106 138 107 0.000000 0.520879 -0.356391 0.775674
-1.27100897 0.14963500 -5.98422480 136 138 115 0.000000 0.500394 0.325653 -0.802219
-1.09510100 0.23723300 -5.89805079 84 119 81 0.000000 0.489052 -0.616777 0.616777
-1.08441901 0.10263200 -5.96855688 77 115 69 0.000000 0.166897 -0.389427 0.905810
-0.89213002 0.32554299 -6.01200008 128 134 116 0.000000 0.887950 -0.022768 0.459377
-1.01818597 0.13325500 -5.97995090 86 120 85 0.000000 0.324004 -0.515533 0.793251
-1.20548904 -0.15375300 -6.02339506 74 105 59 0.000000 0.149662 0.730168 0.666675
-0.94269502 0.14108901 -6.03550100 106 139 104 0.000000 0.741719 -0.268417 0.614658
-1.17201698 0.20447300 -5.91158199 67 98 48 0.000000 -0.110258 -0.777683 0.618912
-1.10934496 0.22726300 -5.89876318 81 117 75 0.000000 0.172211 -0.647695 0.742182
-1.24465895 0.06631000 -6.01556110 58 92 44 0.000000 -0.118794 -0.348188 0.929867
-1.14566600 0.19307800 -5.92084122 69 107 55 0.000000 0.023017 -0.491481 0.870584
-1.01177597 0.13396700 -5.98208809 88 122 85 0.000000 0.270205 -0.467841 0.841495
-1.08228195 -0.02484800 -6.01769686 53 83 43 0.000000 -0.111454 -0.381144 0.917773
-0.85367298 0.16815200 -6.10600710 121 151 117 0.000000 0.670098 0.006937 0.742241
-1.19765496 0.20874600 -5.91799212 117 126 106 0.000000 0.334638 0.356030 -0.872502
-1.14708996 -0.07897400 -6.03122902 69 90 52 0.000000 -0.252156 -0.197636 0.947289
-1.09794998 0.25005201 -5.87882185 130 140 126 0.000000 0.387237 -0.540824 0.746697
-1.15777302 0.19663900 -5.91728020 65 99 54 0.000000 -0.015366 -0.691490 0.722223
-1.19836700 -0.01915100 -6.03479004 65 89 51 0.000000 -0.228538 -0.078677 0.970351
-0.81592703 0.09266100 -6.12096310 114 147 109 0.000000 0.505730 0.164622 0.846839
-1.12501299 0.18951701 -5.92440224 66 101 55 0.000000 0.223552 -0.556567 0.800161
-1.17486501 -0.18366399 -5.99205923 95 124 84 0.000000 0.452510 0.786622 0.420072
-0.86150700 -0.08182300 -6.05757904 105 139 104 0.000000 0.253800 0.445289 0.858664
-0.96619701 0.18951701 -5.98849821 108 138 109 0.000000 0.579898 -0.342741 0.739085
-0.99895698 0.24150600 -5.94576693 94 128 90 0.000000 0.516800 -0.252968 0.817878
-0.93129998 0.13468000 -6.04903316 108 140 109 0.000000 0.649592 -0.158991 0.743473
-1.30590606 -0.07327700 -6.08179283 131 137 118 0.000000 0.635272 0.534168 -0.557759
-0.86079502 -0.21357600 -5.99989319 95 129 86 0.000000 0.001344 0.525521 0.850780
-0.83373201 0.11331400 -6.11384201 117 147 116 0.000000 0.577386 0.299089 0.759718
-1.22756600 -0.13096300 -6.03977489 70 100 52 0.000000 -0.192271 0.430041 0.882098
-1.11290598 -0.01843900 -6.02125788 60 94 53 0.000000 -0.172293 -0.117754 0.977982
-1.06234097 0.20304900 -5.92938709 90 127 87 0.000000 0.338406 -0.317350 0.885873
-0.93557298 -0.25844300 -5.97211790 97 116 86 0.000000 -0.213149 0.553575 0.805060
-1.01676202 0.26002300 -5.93223619 96 130 91 0.000000 0.221654 -0.324616 0.919507
-1.06661403 0.01360900 -6.00131702 79 107 75 0.000000 0.191397 -0.341678 0.920121
-1.10151100 0.13040701 -5.95431280 73 108 66 0.000000 0.165930 -0.237611 0.957083
-0.95124102 0.11616300 -6.03621387 105 135 106 0.000000 0.610370 -0.158244 0.776149
-1.25676596 0.16530301 -5.96998119 111 122 90 0.000000 0.300755 0.619202 -0.725351
-1.27599502 -0.12028000 -6.05615520 79 109 62 0.000000 -0.175130 0.528385 0.830746
-1.14566600 0.19877601 -5.91728020 65 100 53 0.000000 0.102877 -0.560752 0.821567
-1.12074006 -0.05262300 -6.01983404 69 100 62 0.000000 -0.133892 0.046919 0.989885
-1.02174699 0.06773500 -6.00202894 87 119 80 0.000000 0.323939 -0.309011 0.894190
-0.95978701 0.26643300 -5.95502615 119 151 113 0.000000 0.483424 -0.261018 0.835566
-0.73901200 -0.11885600 -6.05259418 105 135 92 0.000000 0.292696 0.824870 0.483652
-1.07658505 0.11829900 -5.96357203 85 120 82 0.000000 0.158855 -0.324617 0.932410
-0.74684602 0.00577500 -6.12879705 130 150 128 0.000000 0.355792 0.513564 0.780810
-1.25391698 0.12186000 -5.99561977 59 88 43 0.000000 -0.229771 -0.370268 0.900059
-0.95195299 0.31699699 -5.93009901 144 157 136 0.000000 0.981870 0.015070 0.188955
-0.87218899 0.26429600 -6.05686712 121 154 122 0.000000 0.759287 -0.181801 0.624846
-0.95622599 -0.21500000 -5.99205923 79 110 63 0.000000 -0.022495 0.427409 0.903778
-1.05877995 -0.13025101 -6.01698494 63 81 52 0.000000 -0.253005 0.222589 0.941511
-0.89497900 -0.12170500 -6.03122902 100 129 95 0.000000 0.181059 0.404124 0.896605
-1.01961005 0.05634000 -6.00558996 91 121 86 0.000000 0.339711 -0.086593 0.936535
-1.08798003 0.04423300 -5.99063396 60 92 53 0.000000 -0.072149 -0.331884 0.940557
-0.80025899 0.01930700 -6.11099195 116 148 113 0.000000 0.489097 0.354395 0.796987
-0.89070600 0.05776400 -6.07182312 112 146 110 0.000000 0.507107 0.110615 0.854755
-0.90637398 0.08910000 -6.06470108 106 141 104 0.000000 0.484725 0.006677 0.874641
-1.04809797 0.07699300 -5.98778582 78 100 76 0.000000 0.379122 -0.268233 0.885617
-0.80666900 0.12542100 -6.13805485 123 153 118 0.000000 0.381354 0.435605 0.815363
-0.94269502 0.04921800 -6.04476023 107 138 106 0.000000 0.619334 0.046769 0.783734
-0.92204201 0.18168300 -6.03763819 110 139 109 0.000000 0.667229 -0.373977 0.644164
-0.89141798 -0.21428800 -5.99490690 86 120 81 0.000000 0.118318 0.547766 0.828223
-1.02245903 0.17384900 -5.96072292 78 115 68 0.000000 0.263455 -0.525351 0.809072
-1.15563595 -0.14520700 -6.02980423 81 107 67 0.000000 0.111317 0.521888 0.845719
-0.84441501 0.16744000 -6.11312914 126 155 122 0.000000 0.642124 0.070706 0.763333
-0.95765102 0.28922200 -5.94647884 110 144 100 0.000000 0.556602 -0.315996 0.768336
-0.79456198 -0.10105100 -6.06541300 106 143 102 0.000000 0.198034 0.521539 0.829927
-1.18697202 0.14251401 -5.95644999 86 108 68 0.000000 0.197499 0.574126 -0.794590
-0.94483203 -0.11529500 -6.02196980 89 121 84 0.000000 0.164924 0.450986 0.877161
-0.79741102 -0.22354600 -6.01128721 114 143 110 0.000000 0.697710 0.714832 0.047085
-0.77105999 -0.05547200 -6.09746122 109 146 103 0.000000 0.324080 0.254323 0.911203
-1.21118605 0.04921800 -6.01484823 57 89 40 0.000000 -0.253153 -0.365665 0.895658
-0.86791599 0.23723300 -6.07538414 120 146 108 0.000000 0.801573 -0.380707 0.461025
-0.99112302 -0.14164600 -6.00345421 91 116 75 0.000000 0.254881 0.502039 0.826433
-0.81592703 -0.21072701 -6.01128721 115 149 115 0.000000 0.348559 0.659481 0.666027
-0.99824500 0.12470900 -5.99490690 97 129 98 0.000000 0.492161 -0.332886 0.804341
-0.87859899 0.29634401 -6.04618406 73 79 65 0.000000 0.889714 0.070350 0.451065
-1.14708996 -0.17298099 -6.01698494 87 121 79 0.000000 0.214288 0.460046 0.861649
-1.09794998 0.12043600 -5.95929909 81 118 73 0.000000 0.103216 -0.333776 0.936985
-0.80809301 -0.19790800 -6.02481890 106 141 106 0.000000 0.358002 0.593401 0.720909
-0.81379098 0.06203700 -6.11669016 122 154 115 0.000000 0.371766 0.396864 0.839219
-1.15065098 0.17812200 -5.93081093 66 102 55 0.000000 0.072877 -0.581583 0.810216
-1.03527796 -0.20930301 -6.00131702 78 108 63 0.000000 0.103706 0.244540 0.964077
-1.08441901 0.23865800 -5.90374899 100 134 99 0.000000 0.473964 -0.371138 0.798508
-1.05450702 0.11189000 -5.97211790 88 123 85 0.000000 0.222589 -0.253005 0.941511
-1.02317095 -0.14378200 -6.00487804 72 100 60 0.000000 -0.205285 0.189392 0.960203
-0.89996397 -0.17725500 -6.01128721 91 118 74 0.000000 0.381348 0.317024 0.868371
-1.28525305 0.02500400 -6.04262304 63 91 47 0.000000 -0.294208 -0.366628 0.882624
-0.95195299 0.10975300 -6.03692579 113 141 112 0.000000 0.500299 0.001334 0.865851
-1.12786198 -0.11102200 -6.03051615 77 104 67 0.000000 -0.268977 -0.102653 0.957661
-0.83159500 -0.15660100 -6.03479004 102 137 93 0.000000 0.197032 0.363862 0.910375
-0.81592703 -0.08324700 -6.06968594 102 138 97 0.000000 0.196876 0.442601 0.874840
-0.98044097 0.23438500 -5.95716190 106 139 102 0.000000 0.480317 -0.346275 0.805847
-0.76251400 -0.05262300 -6.10244703 105 144 100 0.000000 0.300449 0.459235 0.835963
-1.28810203 0.07984200 -6.02339506 57 83 38 0.000000 -0.387510 -0.381234 0.839343
-1.22329295 0.19663900 -5.94291782 132 138 118 0.000000 0.473868 0.270120 -0.838144
-1.12714899 0.09479800 -5.97211790 57 90 47 0.000000 -0.182146 -0.537405 0.823419
-1.21759605 0.15462101 -5.96499586 59 86 40 0.000000 -0.405024 -0.395494 0.824342
-0.76037699 -0.11031000 -6.06541300 106 144 103 0.000000 0.174740 0.870761 0.459609
-1.08726704 0.14037700 -5.95431280 79 114 76 0.000000 0.244984 -0.302290 0.921197
-1.00322998 -0.24277499 -5.98778582 78 106 60 0.000000 -0.372707 0.462285 0.804600
-0.77604502 -0.21001500 -6.03479004 141 167 147 0.000000 0.522812 0.292206 0.800802
-0.95480198 -0.12455300 -6.01627302 102 133 95 0.000000 0.040258 0.545571 0.837097
-1.08655500 0.03497500 -5.99419498 68 103 62 0.000000 -0.031378 -0.302484 0.952638
-1.10863304 -0.22069700 -6.00487804 146 109 112 0.000000 0.142014 -0.443255 0.885075
-1.01462495 0.15390800 -5.97140598 95 128 92 0.000000 0.338440 -0.410184 0.846881
-1.05877995 0.18310800 -5.94007015 93 128 92 0.000000 0.362917 -0.465237 0.807370
-1.07017505 0.21800400 -5.91870499 97 134 94 0.000000 0.364650 -0.349264 0.863160
-0.89070600 0.11402600 -6.07538414 116 147 116 0.000000 0.603892 0.088339 0.792156
-0.78245503 0.08411500 -6.14446497 112 148 108 0.000000 0.584429 -0.088025 0.806656
-1.22970295 -0.14449400 -6.03265285 72 102 57 0.000000 -0.340378 0.540410 0.769480
-0.96263599 0.12898199 -6.02125788 109 138 104 0.000000 0.451994 -0.317490 0.833608
-1.04738498 0.20233700 -5.93650913 92 127 89 0.000000 0.461025 -0.380707 0.801573
-1.12786198 -0.20004401 -5.99490690 89 118 80 0.000000 0.300640 0.705781 0.641473
-0.96192402 0.24791600 -5.96286011 118 151 114 0.000000 0.510166 -0.421584 0.749665
-0.97972798 0.01004800 -6.03051615 102 123 95 0.000000 0.397776 -0.112264 0.910588
-1.23326397 0.17384900 -5.96428394 52 83 33 0.000000 -0.428169 -0.380417 0.819728
-0.98400098 0.24862801 -5.94932795 98 134 96 0.000000 0.190910 -0.451376 0.871673
-0.97830403 -0.05191100 -6.02553082 95 122 86 0.000000 0.221764 0.032366 0.974563
-0.91776901 -0.02342400 -6.04689598 106 139 104 0.000000 0.388054 -0.046355 0.920470
-0.95480198 0.18524399 -5.99989319 121 136 118 0.000000 0.540349 -0.223221 0.811293
-1.02886903 0.25290099 -5.92938709 93 128 90 0.000000 0.323395 -0.332420 0.885953
-1.08441901 0.00648700 -6.00416613 54 82 44 0.000000 -0.269366 -0.427637 0.862884
-1.08869195 0.15177201 -5.94932795 86 124 82 0.000000 0.198388 -0.418819 0.886133
-0.78672802 0.03070200 -6.12665987 122 154 119 0.000000 0.613000 0.398202 0.682397
-0.77248400 0.02358000 -6.13306999 130 161 124 0.000000 0.505282 0.552285 0.663077
-1.06376505 0.00292700 -6.00487804 78 111 74 0.000000 0.001193 -0.254023 0.967197
-0.98186499 0.15604500 -5.99205923 93 101 92 0.000000 0.506482 -0.421249 0.752347
-1.08726704 0.21159500 -5.91656780 84 120 79 0.000000 0.143080 -0.538396 0.830457
-1.09367704 -0.21856099 -5.99704409 104 122 95 0.000000 0.165187 0.774410 0.610739
-1.09225297 0.25290099 -5.88523197 126 149 125 0.000000 0.647313 -0.506081 0.569972
-1.10578406 -0.20787799 -6.00131702 123 103 100 0.000000 0.405070 0.246630 0.880393
-1.06447804 0.11402600 -5.96784401 82 116 80 0.000000 0.239167 -0.307909 0.920864
-0.91135901 0.11331400 -6.06185198 110 141 109 0.000000 0.586461 0.032039 0.809344
-1.00821602 0.14108901 -5.97995090 93 127 89 0.000000 0.429280 -0.445479 0.785663
-1.07373595 0.20945799 -5.92155313 93 131 92 0.000000 0.238469 -0.515400 0.823101
-1.25534105 0.18595600 -5.96357203 116 118 108 0.000000 0.334572 0.159650 -0.928748
-1.01533699 0.27640301 -5.92796278 99 133 97 0.000000 0.238700 -0.355853 0.903544
-0.97403097 -0.00562000 -6.03051615 105 129 99 0.000000 0.259677 0.220795 0.940116
-0.95836300 0.19735099 -5.99134588 109 133 105 0.000000 0.603774 -0.340132 0.720949
-1.06376505 0.14037700 -5.96072292 88 120 79 0.000000 0.261603 -0.275898 0.924902
-0.76251400 0.02927700 -6.15229893 120 126 118 0.000000 0.556774 0.706355 0.437109
-0.85224801 -0.07612500 -6.06256390 101 135 100 0.000000 0.276042 0.332136 0.901935
-1.18269897 -0.16087399 -6.01840878 76 107 62 0.000000 0.206243 0.671452 0.711770
-1.08157003 -0.03553100 -6.01912212 56 89 51 0.000000 -0.338815 -0.133057 0.931397
-1.10435998 0.02714100 -6.00060511 57 84 44 0.000000 -0.247058 -0.371327 0.895030
-0.83515602 0.04067200 -6.09603596 118 151 115 0.000000 0.619435 0.152221 0.770149
-0.85367298 0.16245501 -6.10529518 121 152 121 0.000000 0.667777 0.095397 0.738223
-0.86435503 -0.23779000 -5.98564911 109 144 104 0.000000 0.588698 0.467940 0.659141
-0.91563201 -0.09820300 -6.03835106 106 141 105 0.000000 0.300835 0.364328 0.881342
-0.95836300 0.29990500 -5.92724991 107 130 93 0.000000 0.742742 -0.591294 0.314175
-1.08869195 0.19307800 -5.92724991 72 107 66 0.000000 0.120104 -0.436614 0.891596
-0.73830003 -0.02484800 -6.11953878 131 152 129 0.000000 0.355205 0.174065 0.918439
-0.99041098 0.26714501 -5.93793297 84 121 82 0.000000 0.278848 -0.412939 0.867021
-0.83658099 -0.18793701 -6.02125788 101 133 100 0.000000 0.231203 0.460894 0.856809
-0.84868801 -0.12953900 -6.04048681 102 135 99 0.000000 0.199204 0.435297 0.877972
-0.85865802 0.16886400 -6.10173416 114 145 112 0.000000 0.687381 0.006943 0.726264
-1.05521905 0.17028800 -5.94790411 86 121 83 0.000000 0.253141 -0.396937 0.882248
-0.80595702 0.04921800 -6.11740208 116 149 109 0.000000 0.633168 0.261836 0.728382
-1.09367704 -0.00704400 -6.01271200 55 83 44 0.000000 -0.348000 -0.436180 0.829845
-1.06162906 0.01218500 -6.00274086 84 115 81 0.000000 0.136024 -0.300330 0.944087
-1.03883898 0.07485700 -5.99205923 91 122 86 0.000000 0.371359 -0.325512 0.869560
-0.85438502 -0.10603700 -6.04832077 96 131 90 0.000000 0.134630 0.420897 0.897062
-0.77746999 0.04138400 -6.14446497 139 166 128 0.000000 0.762198 0.476988 0.437649
-1.16560698 -0.17084500 -6.01342392 82 106 63 0.000000 0.514311 0.181433 0.838192
-1.10151100 0.15390800 -5.94576693 73 111 66 0.000000 0.118502 -0.299583 0.946682
-1.17130399 0.02571600 -6.01413584 57 92 45 0.000000 -0.152330 -0.459892 0.874811
-0.75111902 -0.12099200 -6.04903316 86 122 78 0.000000 -0.096038 0.841410 0.531794
-0.83088303 -0.20075600 -6.01484823 110 143 108 0.000000 0.291459 0.568585 0.769261
-1.07516003 0.10975300 -5.96784401 83 118 80 0.000000 0.220605 -0.372545 0.901412
-1.21902001 0.15034699 -5.96784401 56 85 38 0.000000 -0.388069 -0.403908 0.828408
-0.96263599 0.04708200 -6.03407717 101 133 98 0.000000 0.412304 -0.128053 0.902002
-1.05237103 0.23652101 -5.92155313 105 136 99 0.000000 0.460894 -0.231203 0.856809
-1.08726704 0.08981200 -5.97354221 78 113 69 0.000000 0.118497 -0.402889 0.907546
-1.10364699 0.04708200 -5.99134588 64 97 55 0.000000 -0.111237 -0.372162 0.921478
-0.77889401 -0.10390000 -6.06541300 99 136 97 0.000000 0.135606 0.508885 0.850086
-0.87290198 -0.21001500 -6.00060511 93 124 86 0.000000 0.231203 0.460894 0.856809
-1.19765496 0.14037700 -5.95929909 92 110 70 0.000000 0.262234 0.507400 -0.820840
-0.91064698 0.15319601 -6.05900288 106 138 104 0.000000 0.553506 -0.340495 0.760062
-1.09011602 0.07414400 -5.97923899 74 109 68 0.000000 -0.054367 -0.377918 0.924241
-1.11076903 -0.21856099 -6.01840878 86 63 63 0.000000 0.022664 -0.223059 -0.974541
-0.92061800 0.19236600 -6.03336477 108 138 108 0.000000 0.644580 -0.192297 0.739959
-0.74898303 -0.11600700 -6.05544186 98 136 91 0.000000 -0.128577 0.897212 0.422467
-0.79598600 0.04636900 -6.12523603 124 156 119 0.000000 0.608974 0.205047 0.766228
-1.10435998 -0.22141001 -6.00202894 115 71 72 0.000000 -0.751320 -0.070662 0.656144
-1.15706098 -0.19149800 -5.99134588 91 120 79 0.000000 0.230775 0.711165 0.664068
-0.84298998 -0.09677800 -6.05615520 93 129 93 0.000000 0.190887 0.371726 0.908505
-0.92346603 -0.04977500 -6.04689598 65 76 66 0.000000 0.285453 0.001215 0.958392
-0.98471397 0.17313699 -5.98066378 107 135 106 0.000000 0.595275 -0.239048 0.767140
-0.87432599 0.24150600 -6.06327581 122 153 117 0.000000 0.750684 -0.441869 0.491148
-0.83658099 -0.20787799 -6.00701523 88 119 86 0.000000 0.126908 0.529511 0.838757
-1.10934496 -0.09535400 -6.02410698 69 101 60 0.000000 -0.173417 -0.086102 0.981078
-0.89569098 0.12898199 -6.07324696 107 138 103 0.000000 0.490672 0.048105 0.870015
-0.80097198 -0.18366399 -6.03479004 107 142 106 0.000000 0.255508 0.238753 0.936863
-0.93984598 0.04352100 -6.04618406 106 137 106 0.000000 0.576995 -0.015148 0.816607
-0.98186499 0.14322600 -5.99775600 112 135 110 0.000000 0.531925 -0.468561 0.705342
-1.08726704 0.16387901 -5.94363117 75 113 68 0.000000 0.199204 -0.435297 0.877972
-0.95836300 -0.25132099 -5.97710323 85 115 72 0.000000 0.015692 0.254700 0.966893
-1.06661403 0.23438500 -5.91443110 107 143 102 0.000000 0.316588 -0.310642 0.896255
-0.96050000 0.14678700 -6.01556110 101 134 101 0.000000 0.514256 -0.451421 0.729219
-0.81450301 0.05277900 -6.11384201 117 150 110 0.000000 0.595557 0.260655 0.759849
-1.20905006 -0.15090400 -6.02553082 75 104 57 0.000000 0.261269 0.745803 0.612794
-0.87646300 -0.07541300 -6.05615520 96 129 95 0.000000 0.166063 0.333522 0.928001
-0.82020003 0.03355000 -6.10458279 111 144 110 0.000000 0.568018 0.040473 0.822021
-1.15777302 -0.18651301 -5.99846792 91 121 80 0.000000 0.270364 0.807967 0.523538
-1.09367704 0.19094200 -5.92796278 75 111 70 0.000000 0.136502 -0.532800 0.835160
-0.90423697 0.23794501 -6.02553082 110 142 110 0.000000 0.737583 -0.395896 0.547027
-1.29023802 -0.11743200 -6.06185198 79 93 68 0.000000 0.263455 0.809072 0.525351
-0.80880600 0.12969400 -6.13948011 128 157 123 0.000000 0.346900 0.451445 0.822106
-0.83586800 -0.09820300 -6.05757904 100 134 96 0.000000 0.205624 0.324744 0.923180
-1.12358797 0.07485700 -5.97995090 64 95 54 0.000000 -0.022820 -0.465791 0.884600
-0.77034801 -0.20075600 -6.04404783 154 175 154 0.000000 0.414114 0.509049 0.754572
-1.29878402 -0.09036900 -6.07467079 150 155 140 0.000000 -0.172745 -0.378326 -0.909411
-1.07302403 0.10263200 -5.97069311 77 113 73 0.000000 0.141141 -0.370322 0.918118
-0.87931103 0.15034699 -6.08393002 110 144 109 0.000000 0.582520 0.006853 0.812787
-1.17130399 0.01004800 -6.02125788 66 101 54 0.000000 -0.142011 -0.437510 0.887929
-1.10649598 0.11829900 -5.95929909 65 99 55 0.000000 0.032416 -0.366944 0.929678
-1.04524899 0.04850600 -5.99633217 93 124 86 0.000000 0.277131 -0.315255 0.907641
-0.95480198 0.32483101 -5.93152380 87 93 83 0.000000 0.663372 0.650203 0.370369
-1.13783205 0.14180100 -5.94932795 73 110 67 0.000000 -0.006710 -0.500602 0.865652
-1.02174699 0.04565700 -6.00843906 94 125 92 0.000000 0.244051 -0.244051 0.938551
-1.02958095 0.13966499 -5.97354221 84 112 78 0.000000 0.286237 -0.386192 0.876883
-1.06305301 0.06702300 -5.98564911 87 120 80 0.000000 0.205285 -0.189392 0.960203
-0.89711601 -0.12597799 -6.02837992 102 136 98 0.000000 0.260480 0.402012 0.877802
-0.86791599 0.05634000 -6.08250618 106 139 105 0.000000 0.536944 0.159150 0.828470
-0.98827398 0.20660999 -5.96428394 108 138 101 0.000000 0.546300 -0.340028 0.765465
-0.81236601 -0.10176400 -6.06042814 99 135 94 0.000000 0.207024 0.372064 0.904826
-0.91848099 0.09337300 -6.05829096 112 143 109 0.000000 0.481358 0.001326 0.876523
-1.26103902 0.16744000 -5.97069311 121 131 102 0.000000 0.269259 0.499608 -0.823342
-1.14210498 0.02144300 -6.00986290 53 87 45 0.000000 -0.175605 -0.467788 0.866220
-1.26602399 0.09337300 -6.00915098 58 90 41 0.000000 -0.268233 -0.379122 0.885617
-0.80097198 0.02500400 -6.11384201 120 152 120 0.000000 0.529808 0.460052 0.712500
-1.07302403 0.14251401 -5.95787382 87 121 81 0.000000 0.175433 -0.372261 0.911397
-1.03456604 -0.01559000 -6.01484823 76 97 69 0.000000 -0.204183 -0.054368 0.977422
-0.86435503 -0.13452400 -6.03336477 99 134 95 0.000000 0.286389 0.459770 0.840590
-0.79456198 -0.03197000 -6.09888601 110 143 104 0.000000 0.371359 0.325512 0.869560
-1.12999797 0.17883500 -5.93152380 69 102 56 0.000000 0.047407 -0.442914 0.895310
-1.09225297 0.12613299 -5.95787382 73 109 66 0.000000 0.165231 -0.323520 0.931683
-0.85438502 -0.18793701 -6.01627302 132 158 129 0.000000 0.222963 0.618994 0.753083
-0.98827398 0.13111900 -5.99775600 106 135 104 0.000000 0.572136 -0.356974 0.738397
-0.83088303 -0.22710700 -5.99419498 77 108 74 0.000000 0.141141 0.370322 0.918118
-1.15706098 -0.17440601 -6.01342392 84 118 76 0.000000 0.274712 0.592297 0.757442
-0.99895698 -0.09179300 -6.02196980 81 107 70 0.000000 0.244570 -0.071490 0.966993
-0.98542601 0.11972400 -6.00416613 138 147 126 0.000000 0.365926 -0.276312 0.888679
-0.93129998 -0.10603700 -6.02980423 115 143 115 0.000000 0.323651 0.436226 0.839617
-0.89213002 -0.19790800 -6.00345421 100 135 96 0.000000 0.125419 0.576928 0.807109
-0.84797502 -0.15161601 -6.03193998 101 135 95 0.000000 0.135835 0.387901 0.911637
-0.79954702 -0.22212200 -6.00202894 107 142 100 0.000000 0.660031 0.740487 0.126643
-0.97403097 0.28067601 -5.93864489 96 133 90 0.000000 0.421758 -0.547459 0.722778
-0.94554400 -0.16728400 -6.00487804 83 112 70 0.000000 0.150626 0.262596 0.953077
-1.27884305 -0.07256400 -6.06755018 59 85 39 0.000000 -0.452142 -0.181151 0.873356
-1.05379498 -0.19292200 -6.00843906 87 98 64 0.000000 -0.426793 0.294287 0.855127
-0.98471397 0.14536200 -5.99419498 107 131 107 0.000000 0.517619 -0.316942 0.794744
-0.81094199 -0.19434699 -6.02553082 104 139 104 0.000000 0.371873 0.521272 0.768105
-1.13355899 0.01004800 -6.01556110 52 87 44 0.000000 -0.262714 -0.468584 0.843451
-1.03029299 0.24649200 -5.93081093 96 131 94 0.000000 0.389710 -0.205802 0.897648
-0.88287199 -0.15446500 -6.02125788 98 132 96 0.000000 0.245715 0.237386 0.939826
-0.77105999 -0.21500000 -6.03763819 96 107 101 0.000000 0.723227 0.397034 0.565073
-0.93058801 0.19735099 -6.02054501 106 131 104 0.000000 0.727494 -0.371104 0.577091
-0.80453300 -0.22924399 -5.98351192 71 75 60 0.000000 0.086228 0.711743 0.697128
-0.97545499 0.26429600 -5.94576693 107 142 102 0.000000 0.450958 -0.307400 0.837939
-0.95693898 0.26358399 -5.95716190 118 147 111 0.000000 0.612794 -0.261269 0.745803
-1.07231200 0.17100100 -5.94149399 70 107 67 0.000000 0.183968 -0.507034 0.842065
-0.80595702 -0.03909200 -6.09105206 108 144 104 0.000000 0.126785 0.443035 0.887494
-1.07159901 0.06631000 -5.98422480 82 117 77 0.000000 0.110909 -0.270095 0.956424
-1.33011997 0.01076100 -6.06897402 136 139 125 0.000000 0.561786 0.323550 -0.761388
-1.27314603 0.16387901 -5.98707294 59 63 47 0.000000 -0.397099 -0.397099 0.827421
-0.88216001 -0.23209199 -5.98493719 100 133 94 0.000000 0.198935 0.618395 0.760271
-1.02744401 0.07913000 -5.99561977 81 108 69 0.000000 0.173656 -0.436328 0.882871
-1.18697202 0.21373101 -5.89306593 98 104 91 0.000000 0.117769 0.951415 -0.284498
-0.85224801 -0.13167500 -6.03835106 106 139 102 0.000000 0.190655 0.403140 0.895058
-1.30376899 0.10120700 -6.00986290 130 134 112 0.000000 0.649853 0.492008 -0.579327
-1.18127501 -0.17796700 -5.99846792 90 122 79 0.000000 0.157155 0.856277 0.492029
-0.78672802 0.00648700 -6.11384201 120 155 115 0.000000 0.497483 0.402880 0.768244
-0.88144797 -0.20431700 -6.00202894 95 126 89 0.000000 0.278753 0.381213 0.881461
-1.07729697 0.09408500 -5.97425413 78 114 70 0.000000 0.181978 -0.379719 0.907027
-1.09581304 -0.20360500 -6.01342392 146 94 92 0.000000 0.835022 -0.301232 -0.460432
-1.09296501 0.15248400 -5.94861603 75 111 71 0.000000 0.276632 -0.468265 0.839168
-1.13854396 0.17812200 -5.93081093 72 107 59 0.000000 0.001296 -0.418483 0.908224
-1.05308294 -0.00846800 -6.00915098 86 117 79 0.000000 0.229385 -0.277232 0.933019
-0.78103101 0.00007800 -6.11526489 115 150 111 0.000000 0.372792 0.379032 0.846972
-1.11219394 0.00007800 -6.01413584 48 79 38 0.000000 -0.110615 -0.507107 0.854755
-0.74328500 -0.02912100 -6.11669016 119 152 112 0.000000 0.141285 0.252200 0.957305
-0.87717497 -0.21784900 -5.99561977 97 132 91 0.000000 0.165728 0.530031 0.831626
-1.08513105 0.07272000 -5.97995090 78 114 70 0.000000 0.127155 -0.395438 0.909648
-1.14210498 0.18239599 -5.92867517 66 101 53 0.000000 0.054297 -0.513737 0.856228
-0.97616702 -0.23707800 -5.98564911 76 107 58 0.000000 -0.261585 0.412791 0.872455
-0.97830403 0.06275000 -6.02410698 108 136 106 0.000000 0.372063 -0.135169 0.918313
-1.32299805 0.01004800 -6.07182312 56 69 32 0.000000 -0.691776 -0.293724 0.659675
-0.98044097 -0.22283401 -5.99063396 80 109 63 0.000000 0.286741 0.316151 0.904338
-1.17201698 -0.17511800 -6.00772715 96 127 88 0.000000 0.293191 0.790822 0.537252
-0.74826998 -0.04977500 -6.10814381 111 149 108 0.000000 0.204877 0.379241 0.902331
-0.86008197 -0.19719601 -6.00843906 76 110 75 0.000000 0.144048 0.484526 0.862835
-1.06234097 -0.23066799 -5.99277115 85 118 74 0.000000 0.109696 0.577731 0.808823
-0.77604502 0.02429200 -6.13093281 127 158 123 0.000000 0.530123 0.546953 0.647929
-0.94554400 0.19806300 -6.00416613 112 136 111 0.000000 0.738523 -0.366816 0.565712
-1.15777302 -0.18936200 -5.99490690 94 122 81 0.000000 0.204994 0.778362 0.593405
-1.14780200 -0.18936200 -6.00131702 88 118 76 0.000000 0.333239 0.771119 0.542520
-1.05094600 0.28067601 -5.91656780 116 149 110 0.000000 0.370894 0.062480 0.926571
-1.14993894 0.19022900 -5.92297697 67 105 56 0.000000 0.088188 -0.594187 0.799478
-0.89284301 0.22797500 -6.04903316 109 138 98 0.000000 0.702761 -0.340782 0.624495
-0.95693898 0.11616300 -6.03122902 107 137 105 0.000000 0.601926 -0.215084 0.769041
-1.03955102 0.22939900 -5.93081093 102 135 98 0.000000 0.513637 -0.214904 0.830658
-1.08513105 0.14393800 -5.95360088 82 117 78 0.000000 0.255114 -0.358339 0.898059
-0.96690899 0.20874600 -5.97923899 109 141 106 0.000000 0.514467 -0.474508 0.714259
-0.98044097 0.21301900 -5.96642113 107 139 103 0.000000 0.474623 -0.396869 0.785639
-0.97189403 0.22583801 -5.96642113 108 139 104 0.000000 0.468315 -0.498102 0.729777
-1.00322998 0.15960599 -5.97496700 99 131 95 0.000000 0.498888 -0.354515 0.790841
-0.99682099 0.25147700 -5.94220591 95 131 93 0.000000 0.444907 -0.371553 0.814866
-1.13427103 -0.19505900 -5.99917984 91 120 82 0.000000 0.310159 0.787328 0.532838
-0.90637398 0.28138801 -6.00630188 127 152 120 0.000000 0.759466 -0.205721 0.617163
-1.03883898 0.14108901 -5.96926880 92 122 85 0.000000 0.382832 -0.398586 0.833408
-1.17130399 -0.18081500 -5.99917984 86 116 71 0.000000 0.332693 0.709203 0.621567
-0.84939998 -0.20502999 -6.00630188 95 131 90 0.000000 0.157719 0.496740 0.853449
-0.95551401 0.08767600 -6.03407717 104 133 105 0.000000 0.591008 0.001365 0.806665
-0.97474301 0.17384900 -5.98849821 110 140 111 0.000000 0.602501 -0.357582 0.713531
-0.94696802 0.16886400 -6.01840878 106 138 103 0.000000 0.594744 -0.371920 0.712710
-1.03527796 0.16744000 -5.95787382 98 128 95 0.000000 0.403908 -0.388069 0.828408
-0.77604502 -0.19505900 -6.04404783 131 163 135 0.000000 0.430279 0.485905 0.760760
-1.07231200 0.11260200 -5.96642113 87 121 84 0.000000 0.196766 -0.403736 0.893466
-1.01889801 -0.21998499 -5.99561977 74 100 58 0.000000 -0.149912 0.284968 0.946742
-0.80453300 -0.21357600 -6.01484823 112 147 111 0.000000 0.492008 0.649853 0.579327
-1.00892794 0.19450299 -5.95716190 99 133 97 0.000000 0.404240 -0.271007 0.873582
-0.96619701 0.26287201 -5.95217705 106 142 106 0.000000 0.452793 -0.603167 0.656634
-1.09011602 0.24008200 -5.89805079 95 129 94 0.000000 0.522104 -0.532177 0.666480
-1.09225297 0.23438500 -5.90161180 86 123 84 0.000000 0.342426 -0.589103 0.731916
-0.73616302 -0.11600700 -6.05686712 109 136 98 0.000000 0.396869 0.785639 0.474623
-0.81948799 0.06987100 -6.11455297 105 136 98 0.000000 0.498821 0.237899 0.833415
-0.79741102 -0.07755000 -6.07751989 108 144 103 0.000000 0.229407 0.475526 0.849263
-1.10934496 -0.00419500 -6.01556110 61 96 52 0.000000 -0.086990 -0.429429 0.898901
-1.01177597 0.14108901 -5.97781515 90 124 88 0.000000 0.309395 -0.404831 0.860457
-1.01320100 -0.06259400 -6.02054501 81 112 76 0.000000 0.001014 0.039563 0.999217
-1.11290598 -0.16728400 -6.01840878 69 98 58 0.000000 -0.062958 0.228379 0.971535
-1.30448198 -0.06686700 -6.07538414 119 128 98 0.000000 0.570656 0.499955 -0.651457
-0.91705698 -0.01416600 -6.04760885 109 138 95 0.000000 0.459520 0.159009 0.873818
-0.95978701 -0.12669000 -6.01484823 106 138 100 0.000000 0.173601 0.572127 0.801582
-1.08228195 0.08055400 -5.97781515 80 113 76 0.000000 0.207093 -0.308527 0.928398
-1.10151100 0.20091200 -5.91941595 81 113 76 0.000000 0.159809 -0.554102 0.816965
-0.91776901 0.27355400 -5.99490690 126 149 121 0.000000 0.729163 -0.126746 0.672500
-1.09438896 -0.16728400 -6.01627302 67 88 56 0.000000 -0.325154 0.094228 0.940955
-0.84655100 -0.10318800 -6.05188084 102 137 97 0.000000 0.276805 0.426678 0.861002
-1.01818597 0.06702300 -6.00416613 80 107 65 0.000000 0.255047 -0.459695 0.850665
-0.77746999 -0.12669000 -6.06042814 79 96 33 0.000000 -0.276632 -0.468265 -0.839168
-1.24109805 0.15533300 -5.97567892 57 86 38 0.000000 -0.364989 -0.451056 0.814451
-1.08228195 -0.20645399 -6.00630188 77 103 66 0.000000 -0.070305 0.354177 0.932532
-1.30092096 0.06203700 -6.03621387 55 79 35 0.000000 -0.467943 -0.245403 0.849004
-0.95907497 0.27782699 -5.94932795 115 149 113 0.000000 0.444907 -0.371553 0.814866
-1.16062200 0.21658000 -5.90232420 92 129 83 0.000000 0.118220 -0.544394 0.830457
-1.00536704 0.14749900 -5.97781515 101 134 99 0.000000 0.540095 -0.261437 0.799967
-0.80168402 -0.04336500 -6.09105206 106 140 103 0.000000 0.420928 0.254971 0.870522
-1.10649598 0.23723300 -5.89235401 82 116 74 0.000000 0.172924 -0.711589 0.680983
-0.80738097 -0.08111000 -6.07253504 105 140 101 0.000000 0.204793 0.514258 0.832825
-1.25106800 0.05135500 -6.02339506 59 91 45 0.000000 -0.166897 -0.389427 0.905810
-1.09652603 0.19735099 -5.92226601 81 118 75 0.000000 0.096206 -0.538467 0.837137
-1.17629004 0.06061300 -6.00202894 58 91 45 0.000000 -0.181154 -0.332817 0.925428
-0.76037699 -0.07398900 -6.09461212 117 152 112 0.000000 0.292558 0.489683 0.821353
-1.33368099 0.06417400 -6.04689598 127 125 118 0.000000 0.486261 0.230174 -0.842954
-1.08299398 0.15319601 -5.95003986 77 113 75 0.000000 0.252796 -0.307689 0.917290
-0.91919303 -0.02840900 -6.04760885 91 123 90 0.000000 0.395724 0.063048 0.916203
-0.95195299 0.02073100 -6.04119921 110 136 106 0.000000 0.372084 0.048647 0.926923
-1.12714899 0.16459100 -5.93793297 72 110 62 0.000000 0.047801 -0.465721 0.883640
-0.92417902 -0.06757900 -6.04476023 96 126 94 0.000000 0.276389 0.030985 0.960546
-1.05664396 0.16387901 -5.95075178 84 120 82 0.000000 0.261450 -0.496600 0.827667
-1.32228601 0.02001900 -6.05757904 121 134 110 0.000000 0.497483 0.402880 -0.768244
-0.84868801 -0.00134600 -6.08250618 105 136 104 0.000000 0.308109 0.142517 0.940615
-0.74328500 -0.00419500 -6.12523603 128 152 125 0.000000 0.277131 0.315255 0.907641
-0.89854002 -0.12241700 -6.03051615 103 130 95 0.000000 0.238584 0.421649 0.874809
-1.28952599 -0.02627300 -6.06042814 59 87 42 0.000000 -0.371059 -0.213904 0.903637
-1.15563595 0.00720000 -6.01983404 57 91 46 0.000000 -0.134630 -0.420897 0.897062
-0.92489100 0.19592699 -6.02695608 107 136 105 0.000000 0.690646 -0.333135 0.641895
-1.03812695 0.13681599 -5.97140598 82 113 79 0.000000 0.444282 -0.292576 0.846767
-0.78601599 0.06987100 -6.15657187 92 110 46 0.000000 -0.310312 0.292664 -0.904464
-0.98613799 -0.21784900 -5.99277115 78 110 66 0.000000 -0.080499 0.269608 0.959600
-1.16774297 -0.05903300 -6.03479004 63 89 49 0.000000 -0.252200 -0.141285 0.957305
-0.88216001 0.29776800 -6.03906202 145 157 135 0.000000 0.913529 0.046677 0.404087
-0.93699801 0.15604500 -6.03479004 100 133 101 0.000000 0.703931 -0.365913 0.608761
-1.09794998 -0.19007400 -6.01912212 118 111 87 0.000000 0.269174 -0.260629 -0.927156
-0.98827398 0.21088301 -5.96286011 103 136 99 0.000000 0.436226 -0.323651 0.839617
-0.92845201 0.34548399 -5.95929909 105 105 103 0.000000 0.601658 -0.103936 0.791963
-1.20406497 -0.16942100 -6.00345421 83 111 67 0.000000 0.102716 0.831854 0.545407
-0.86578000 -0.01131700 -6.07182312 112 145 107 0.000000 0.428099 0.110885 0.896903
-1.16204596 0.22726300 -5.89448977 110 115 100 0.000000 0.276042 -0.332136 0.901935
-1.17842603 0.01717000 -6.01912212 60 94 48 0.000000 -0.078164 -0.420991 0.903691
-0.92061800 0.07556900 -6.05757904 122 151 113 0.000000 0.506950 0.006723 0.861949
-1.06803799 0.05064300 -5.99063396 73 107 69 0.000000 0.189279 -0.348672 0.917933
-0.76037699 -0.12312900 -6.05900288 74 95 35 0.000000 0.687469 -0.513511 -0.513511
-1.02744401 0.14465000 -5.97211790 76 111 72 0.000000 0.189053 -0.388209 0.901972
-0.82091302 0.16744000 -6.14517689 80 85 70 0.000000 0.840431 0.333355 0.427258
-1.04596102 -0.00918000 -6.01200008 90 121 89 0.000000 0.236063 -0.362158 0.901730
-1.05877995 0.10476800 -5.97354221 86 119 82 0.000000 0.184096 -0.366765 0.911917
-1.22756600 -0.01131700 -6.03906202 63 89 46 0.000000 -0.270061 -0.365552 0.890752
-0.78245503 -0.16443500 -6.05259418 84 102 40 0.000000 0.987878 0.109764 -0.109764
-0.85224801 0.17100100 -6.10671902 123 153 119 0.000000 0.690812 -0.038300 0.722019
-0.93272501 0.23082399 -5.99775600 115 143 115 0.000000 0.593562 -0.284846 0.752693
-1.30519402 0.03782300 -6.04618406 61 83 42 0.000000 -0.348753 -0.385953 0.854056
-0.96690899 0.16459100 -6.00060511 125 138 119 0.000000 0.524519 -0.390530 0.756549
-0.89141798 0.32340699 -6.01413584 140 147 132 0.000000 0.896054 -0.022634 0.443367
-0.96762103 0.22583801 -5.96998119 104 135 104 0.000000 0.539665 -0.443356 0.715679
-0.81023002 -0.21001500 -6.01413584 113 147 113 0.000000 0.269233 0.648389 0.712113
-0.88999403 0.31984600 -6.01912212 156 164 147 0.000000 0.912998 -0.118120 0.390491
-1.18056297 -0.16301100 -6.01769686 78 109 64 0.000000 0.070929 0.681785 0.728106
-0.90423697 -0.20360500 -5.99846792 89 120 74 0.000000 0.181433 0.514311 0.838192
-0.98471397 0.10975300 -6.00772715 111 128 107 0.000000 0.531202 -0.409502 0.741709
-1.22685397 0.14963500 -5.97140598 52 83 32 0.000000 -0.293234 -0.457693 0.839363
-1.27456999 0.15818100 -5.99063396 60 67 48 0.000000 -0.429968 -0.398000 0.810385
-1.14566600 0.02500400 -6.00843906 61 95 52 0.000000 -0.207024 -0.372064 0.904826
-0.94696802 0.11545100 -6.04048681 114 142 115 0.000000 0.640541 -0.032379 0.767241
-1.08299398 0.01076100 -6.00131702 61 92 54 0.000000 -0.228729 -0.388102 0.892782
-0.77034801 -0.14520700 -6.05544186 79 93 44 0.000000 -0.340230 -0.103548 -0.934624
-1.00109398 0.30702701 -5.92297697 90 110 83 0.000000 -0.094991 -0.284974 0.953817
-0.84797502 0.16245501 -6.11028099 126 156 123 0.000000 0.633391 0.095082 0.767968
-1.03741503 0.18168300 -5.95075178 88 124 83 0.000000 0.396864 -0.371766 0.839219
-1.16845596 0.00933600 -6.02125788 67 102 56 0.000000 -0.181151 -0.452142 0.873356
-0.95693898 -0.17013299 -6.00274086 90 120 79 0.000000 0.205251 0.095784 0.974011
-0.80168402 -0.13523600 -6.04760885 90 124 83 0.000000 0.254679 0.254679 0.932886
-0.93201202 -0.11173400 -6.02695608 96 125 93 0.000000 0.300684 0.420958 0.855794
-0.94554400 -0.25060901 -5.97710323 88 115 69 0.000000 0.062908 0.301702 0.951325
-1.11860299 0.21729200 -5.90588522 79 114 67 0.000000 0.222963 -0.618994 0.753083
-0.90210098 0.33978701 -5.98564911 149 157 129 0.000000 0.766858 -0.385871 0.512867
-0.93272501 -0.25915501 -5.96998119 77 89 72 0.000000 -0.254359 0.617729 0.744119
-0.83017099 0.12969400 -6.12167501 117 151 115 0.000000 0.664624 0.126951 0.736314
-1.04881001 0.27925199 -5.91799212 110 142 106 0.000000 0.380905 -0.088110 0.920407
-1.25534105 0.09693400 -6.00487804 61 92 41 0.000000 -0.334327 -0.405858 0.850591
-1.15349996 0.19806300 -5.91656780 83 121 69 0.000000 0.237414 -0.547760 0.802243
-1.05237103 0.16886400 -5.94932795 85 119 82 0.000000 0.292701 -0.412234 0.862780
-0.97759199 0.16031800 -5.99205923 110 130 110 0.000000 0.573444 -0.334375 0.747901
-0.95409000 0.17313699 -6.00843906 98 129 98 0.000000 0.648167 -0.467283 0.601271
-1.03883898 0.12114800 -5.97639084 98 128 94 0.000000 0.381348 -0.317024 0.868371
-0.92631501 0.01503400 -6.04903316 97 130 94 0.000000 0.309779 0.213592 0.926507
-0.77034801 -0.12312900 -6.06256390 76 95 33 0.000000 0.007706 -0.126605 -0.991923
-1.10435998 0.15675700 -5.94434309 74 110 66 0.000000 0.158026 -0.397201 0.904024
-1.29237497 0.05705200 -6.03336477 58 85 38 0.000000 -0.412124 -0.371069 0.832143
-0.86221898 0.05349100 -6.08464193 108 142 107 0.000000 0.373319 0.166077 0.912716
-0.98827398 0.16459100 -5.98137617 106 131 105 0.000000 0.577616 -0.331684 0.745885
-1.30661798 0.10832900 -6.00772715 122 124 110 0.000000 0.514051 0.480779 -0.710355
-0.74969500 -0.07826200 -6.09603596 123 156 118 0.000000 0.409604 0.377974 0.830278
-0.97403097 0.16316700 -5.99419498 115 139 113 0.000000 0.673140 -0.251834 0.695314
-1.11290598 0.17313699 -5.93508387 74 111 66 0.000000 0.134192 -0.468951 0.872970
-1.07373595 0.14037700 -5.95858622 85 117 79 0.000000 0.207093 -0.308527 0.928398
-1.02958095 0.12186000 -5.98066378 101 130 96 0.000000 0.420958 -0.300684 0.855794
-0.87005299 0.27853999 -6.05686712 149 161 136 0.000000 0.849522 0.063188 0.523755
-0.95124102 0.19877601 -5.99633217 136 149 128 0.000000 0.563460 -0.433814 0.703078
-1.07017505 0.22583801 -5.91514301 103 140 100 0.000000 0.380351 -0.292461 0.877383
-0.91705698 0.12755799 -6.06114006 125 156 121 0.000000 0.465800 0.031053 0.884345
-1.19836700 -0.00134600 -6.02980423 54 87 42 0.000000 -0.286506 -0.310014 0.906535
-1.00251806 0.00577500 -6.02196980 97 123 93 0.000000 0.340230 -0.103548 0.934624
-1.09510100 0.16886400 -5.93935680 68 104 62 0.000000 0.157719 -0.496740 0.853449
-0.86150700 -0.13096300 -6.03692579 96 131 94 0.000000 0.220810 0.410499 0.884722
-0.89497900 0.34477201 -5.99561977 117 116 105 0.000000 0.851833 -0.268596 0.449707
-1.10151100 0.12827000 -5.95502615 77 111 68 0.000000 0.213025 -0.300492 0.929691
-0.98969901 -0.06330600 -6.02339506 92 121 88 0.000000 0.190502 0.039047 0.980910
-0.81521499 -0.11814400 -6.05330610 89 124 85 0.000000 0.205303 0.475044 0.855678
-1.19907904 0.15106000 -5.95502615 95 113 76 0.000000 0.357483 0.366768 -0.858887
-1.07729697 0.21088301 -5.91941595 85 121 83 0.000000 0.292576 -0.444282 0.846767
-1.20976198 0.16672800 -5.95146513 95 114 76 0.000000 0.244301 0.499358 -0.831239
-0.98756200 0.25218901 -5.94576693 95 130 92 0.000000 0.348485 -0.466237 0.813131
-1.00394201 0.30417800 -5.92440224 89 115 82 0.000000 -0.087642 -0.159677 0.983271
-1.06234097 0.16387901 -5.94932795 75 110 72 0.000000 0.270158 -0.570333 0.775716
-0.96762103 0.10548000 -6.02624321 102 130 102 0.000000 0.612186 -0.135545 0.779010
-1.09794998 0.11829900 -5.96001101 74 111 67 0.000000 0.119422 -0.363757 0.923807
-1.07088697 -0.17796700 -6.01413584 64 96 54 0.000000 -0.270095 0.110909 0.956424
-1.18198705 0.02001900 -6.01840878 59 93 46 0.000000 -0.165804 -0.419556 0.892458
-1.18198705 -0.14378200 -6.03122902 85 114 73 0.000000 -0.149455 0.537150 0.830141
-1.19266999 -0.06544300 -6.04048681 66 97 55 0.000000 -0.206598 -0.103925 0.972891
-1.13142204 -0.20431700 -5.99063396 114 129 106 0.000000 0.301637 0.142026 0.942785
-0.89854002 0.27070600 -6.01840878 126 149 119 0.000000 0.847259 -0.126435 0.515913
-0.76536298 -0.04478900 -6.10529518 103 140 99 0.000000 0.372680 0.372680 0.849835
-0.88144797 0.30061701 -6.04191113 125 133 115 0.000000 0.917294 0.094327 0.386877
-0.88358402 -0.23280400 -5.98351192 98 132 91 0.000000 0.189213 0.666092 0.721471
-1.04240000 0.12043600 -5.97425413 92 123 90 0.000000 0.428260 -0.301483 0.851881
-0.93984598 0.33195299 -5.95146513 127 139 120 0.000000 0.655403 -0.095305 0.749242
-0.89141798 0.32554299 -6.01413584 88 93 82 0.000000 0.869012 -0.062569 0.490818
-1.21047401 0.02286800 -6.02268219 57 91 46 0.000000 -0.229595 -0.213293 0.949627
-1.09581304 -0.19007400 -6.01912212 174 158 141 0.000000 0.520873 -0.259659 -0.813184
-1.11005700 -0.22639500 -6.00558996 133 84 88 0.000000 0.269174 -0.260629 0.927156
-1.11219394 0.01076100 -6.00986290 53 85 44 0.000000 -0.228729 -0.388102 0.892782
-0.79669899 -0.06544300 -6.08464193 106 141 102 0.000000 0.315551 0.427471 0.847170
-1.15706098 -0.14378200 -6.03051615 82 109 68 0.000000 0.055166 0.587024 0.807688
-1.07587194 0.09551000 -5.97354221 76 113 70 0.000000 0.181572 -0.411079 0.893334
-1.15492404 0.21301900 -5.90659714 70 103 60 0.000000 0.166266 -0.681844 0.712351
-1.11005700 0.22868700 -5.89733887 78 114 71 0.000000 0.159432 -0.657467 0.736423
-0.98756200 0.20518500 -5.96570778 106 136 99 0.000000 0.555196 -0.294301 0.777910
-0.97545499 0.10975300 -6.01698494 106 135 105 0.000000 0.656558 -0.166044 0.735772
-0.95337802 0.13681599 -6.02837992 104 136 103 0.000000 0.680133 -0.395503 0.617249
-0.95195299 -0.25630599 -5.97567892 105 125 86 0.000000 0.015907 0.277755 0.960520
-0.79100102 0.01218500 -6.11455297 119 156 117 0.000000 0.443975 0.243959 0.862189
-0.91634399 0.13396700 -6.06114006 109 143 107 0.000000 0.649765 -0.104611 0.752902
-1.02459598 0.26785699 -5.92653799 94 128 93 0.000000 0.228493 -0.323339 0.918283
-0.91064698 0.34477201 -5.97567892 148 155 128 0.000000 0.548532 -0.286122 0.785650
-0.83017099 -0.07541300 -6.06897402 106 143 103 0.000000 0.227824 0.346815 0.909844
-1.16845596 0.22655100 -5.89235401 107 114 101 0.000000 0.275737 -0.356222 0.892791
-0.96762103 0.26287201 -5.95075178 111 147 108 0.000000 0.419720 -0.575664 0.701745
-0.90779799 0.20874600 -6.04048681 108 140 106 0.000000 0.773449 -0.259917 0.578118
-0.89141798 0.22939900 -6.04903316 107 137 101 0.000000 0.665148 -0.381263 0.642041
-0.93272501 0.34334800 -5.95644999 102 103 102 0.000000 0.639507 0.001375 0.768784
-1.09937406 0.10120700 -5.96713209 75 110 65 0.000000 0.127994 -0.476022 0.870070
-1.14210498 0.01076100 -6.01627302 54 88 46 0.000000 0.055111 -0.572306 0.818186
-1.08869195 0.21230701 -5.91585493 86 122 81 0.000000 0.182603 -0.547809 0.816432
-1.08370602 0.10405600 -5.96784401 78 116 71 0.000000 0.143805 -0.364399 0.920073
-1.11148095 0.21729200 -5.90802097 81 118 73 0.000000 0.206730 -0.561999 0.800887
-0.97545499 0.23937000 -5.95787382 103 136 99 0.000000 0.506938 -0.322597 0.799341
-0.95551401 0.27070600 -5.95644999 117 149 112 0.000000 0.565073 -0.397034 0.723227
-1.06590199 0.01503400 -6.00060511 83 113 79 0.000000 0.215436 -0.326721 0.920240
-0.78031802 -0.00918000 -6.11170483 115 148 113 0.000000 0.427637 0.269366 0.862884
-1.23397601 0.19663900 -5.95502615 71 80 59 0.000000 -0.301769 -0.371525 0.878012
-0.83586800 -0.20930301 -6.00630188 93 124 92 0.000000 0.093871 0.570445 0.815954
-1.06732595 0.00862400 -6.00274086 74 106 70 0.000000 0.063481 -0.411950 0.908992
-1.00607896 0.15390800 -5.97496700 105 136 100 0.000000 0.484725 -0.271012 0.831621
-1.07658505 0.10904100 -5.96713209 78 114 74 0.000000 0.236926 -0.403817 0.883628
-1.06091702 0.14465000 -5.96001101 73 105 68 0.000000 0.309749 -0.333691 0.890341
-1.13355899 0.12542100 -5.95716190 59 95 49 0.000000 -0.085879 -0.482892 0.871459
-0.77177203 0.09194900 -6.15087509 139 162 138 0.000000 0.556637 -0.389153 0.733972
-1.11789095 0.03782300 -5.99846792 91 116 81 0.000000 -0.087720 -0.371122 0.924432
-1.05806804 0.16459100 -5.95003986 81 117 79 0.000000 0.198104 -0.460256 0.865401
-0.87788701 -0.22212200 -5.99205923 95 127 88 0.000000 0.191778 0.530033 0.826006
-1.16845596 0.22868700 -5.89164209 60 62 57 0.000000 0.261342 -0.301770 0.916862
-0.99254799 0.19735099 -5.96499586 115 144 112 0.000000 0.537559 -0.332163 0.775047
-0.87076497 0.28423700 -6.05686712 143 147 133 0.000000 0.844539 0.148863 0.514387
-0.98115301 0.11901200 -6.00843906 109 128 106 0.000000 0.603133 -0.373055 0.705025
-1.01106405 0.13539200 -5.98137617 86 119 83 0.000000 0.307400 -0.450958 0.837939
-0.78459102 -0.18366399 -6.04048681 114 148 113 0.000000 0.357267 0.158318 0.920487
-1.06020498 0.25859901 -5.91300678 109 142 109 0.000000 0.481131 -0.166262 0.860738
-0.96762103 0.21230701 -5.97639084 109 141 107 0.000000 0.516182 -0.430427 0.740466
-0.75254297 0.00933600 -6.13164616 104 109 99 0.000000 0.102964 0.825166 0.555428
-0.86150700 -0.19719601 -6.00772715 97 128 90 0.000000 0.134035 0.465519 0.874830
-0.77889401 -0.13096300 -6.05757904 76 94 36 0.000000 -0.189610 -0.395142 -0.898839
-0.80097198 0.02358000 -6.11312914 118 148 117 0.000000 0.460512 0.493524 0.737810
-1.03385401 0.11545100 -5.98066378 98 126 92 0.000000 0.300695 -0.291895 0.907954
-1.15136302 0.19379000 -5.92012882 45 78 35 0.000000 0.095736 -0.512973 0.853050
-0.76678699 -0.04692600 -6.10387087 103 139 100 0.000000 0.349434 0.412113 0.841462
-0.80524498 -0.12953900 -6.04903316 94 127 82 0.000000 0.072043 0.532552 0.843325
-0.96548498 0.16530301 -6.00060511 122 136 118 0.000000 0.490302 -0.427989 0.759230
-1.05165899 0.16744000 -5.95075178 85 118 83 0.000000 0.317162 -0.442151 0.838994
-0.83515602 -0.18864900 -6.02125788 102 134 100 0.000000 0.205303 0.475044 0.855678
-1.04596102 0.15390800 -5.96001101 85 120 81 0.000000 0.302152 -0.477494 0.825047
-1.15421200 -0.19363500 -5.99063396 106 131 94 0.000000 0.228787 0.517459 0.824556
-0.90708601 -0.09891500 -6.03906202 92 128 87 0.000000 0.109515 0.339362 0.934259
-0.92275399 -0.05119900 -6.04689598 73 83 73 0.000000 0.262509 0.001199 0.964929
-0.90708601 0.23794501 -6.02125788 110 142 108 0.000000 0.744492 -0.348727 0.569317
-0.87147701 0.22156499 -6.07894516 118 149 110 0.000000 0.861649 -0.214288 0.460046
-0.95551401 0.17384900 -6.00701523 100 130 100 0.000000 0.677001 -0.453006 0.580048
-0.77604502 -0.21500000 -6.03336477 131 146 136 0.000000 0.371069 0.412124 0.832143
-1.05593097 -0.24989700 -5.98137617 102 115 97 0.000000 0.269259 0.499608 0.823342
-1.01676202 0.06773500 -6.00416613 87 118 81 0.000000 0.381569 -0.365994 0.848795
-0.87931103 0.24221900 -6.05615520 118 145 111 0.000000 0.682135 -0.348429 0.642876
-0.79171300 0.01788200 -6.11669016 121 157 120 0.000000 0.460994 0.365286 0.808734
-0.76180202 -0.07398900 -6.09390020 112 148 108 0.000000 0.342158 0.515646 0.785517
-0.85011202 -0.13452400 -6.03763819 106 139 102 0.000000 0.197247 0.300767 0.933077
-1.10934496 -0.20502999 -6.00131702 116 127 108 0.000000 0.420737 0.379457 0.824010
-0.80809301 -0.10532500 -6.06042814 95 132 91 0.000000 0.213767 0.452946 0.865531
-0.93699801 0.24577899 -5.98707294 118 139 114 0.000000 0.547027 -0.395896 0.737583
-1.01391304 0.05776400 -6.00701523 82 106 72 0.000000 0.205251 -0.095784 0.974011
-1.04738498 0.15462101 -5.95929909 81 116 78 0.000000 0.277866 -0.482773 0.830494
-0.95622599 0.32411900 -5.92867517 73 80 68 0.000000 0.458842 0.817659 0.347704
-0.84797502 -0.00419500 -6.08250618 110 143 109 0.000000 0.338301 0.172660 0.925063
-1.07017505 0.21658000 -5.91941595 94 130 91 0.000000 0.396950 -0.350250 0.848384
-1.22258103 0.08411500 -6.00345421 58 90 42 0.000000 -0.198388 -0.418819 0.886133
-0.87076497 0.24293099 -6.06755018 119 149 112 0.000000 0.776109 -0.405138 0.483237
-1.20548904 -0.15232800 -6.02410698 76 104 57 0.000000 0.064799 0.712784 0.698384
-1.09367704 0.23723300 -5.89876318 89 124 87 0.000000 0.365936 -0.651465 0.664593
-1.15136302 -0.15304001 -6.02695608 87 107 70 0.000000 0.246514 0.482311 0.840599
-1.16988003 -0.18295200 -5.99704409 92 122 82 0.000000 0.237193 0.798394 0.553450
-1.19266999 0.21301900 -5.89591503 121 127 114 0.000000 0.031901 0.999211 -0.023668
-1.01533699 0.26002300 -5.93223619 97 131 90 0.000000 0.167526 -0.356169 0.919282
-0.96263599 0.20945799 -5.98208809 110 141 109 0.000000 0.574564 -0.412295 0.707028
-1.05165899 0.10832900 -5.97354221 84 119 83 0.000000 0.364269 -0.246287 0.898137
-0.99824500 0.12613299 -5.99490690 99 131 100 0.000000 0.507138 -0.301755 0.807313
-0.92204201 0.02358000 -6.05259418 125 149 119 0.000000 0.405858 0.334327 0.850591
-1.01106405 0.27853999 -5.92796278 107 141 100 0.000000 0.253699 -0.207073 0.944858
-0.83729303 0.01004800 -6.08891487 106 140 105 0.000000 0.339928 0.151233 0.928212
-1.08940399 -0.22995600 -5.98636198 88 92 83 0.000000 0.784202 -0.307000 0.539238
-0.94981700 0.07058400 -6.03763819 112 140 109 0.000000 0.603892 -0.088339 0.792156
-0.89711601 -0.12740199 -6.02837992 99 133 96 0.000000 0.236243 0.396709 0.887024
-1.26958501 0.09835800 -6.00843906 59 91 42 0.000000 -0.220810 -0.410499 0.884722
-1.15848505 -0.18864900 -5.99561977 92 120 78 0.000000 0.221545 0.785478 0.577877
-0.95907497 -0.11600700 -6.02054501 94 124 85 0.000000 0.120411 0.515013 0.848683
-0.87859899 0.22441401 -6.06755018 112 145 106 0.000000 0.588374 -0.375314 0.716210
-0.86150700 -0.21428800 -5.99917984 93 127 84 0.000000 0.031627 0.523912 0.851185
-0.85367298 0.14892299 -6.10387087 120 151 118 0.000000 0.641614 0.015310 0.766875
-0.94411898 0.21658000 -5.99348307 120 141 118 0.000000 0.593290 -0.404891 0.695752
-1.03171694 -0.11885600 -6.01556110 86 108 79 0.000000 -0.054695 0.548356 0.834455
-0.91990501 -0.03268200 -6.04618406 82 114 82 0.000000 0.396056 -0.016881 0.918071
-0.81948799 -0.11671900 -6.05259418 103 139 99 0.000000 0.189450 0.436175 0.879693
-1.04809797 0.28067601 -5.91799212 115 148 111 0.000000 0.372084 -0.048647 0.926923
-1.25747800 0.18239599 -5.96499586 103 105 97 0.000000 0.213293 0.229595 -0.949627
-0.99183500 -0.14093301 -6.00416613 93 121 82 0.000000 0.110277 0.496964 0.860736
-0.80951798 -0.22781900 -5.98564911 80 94 64 0.000000 -0.252968 0.817878 0.516800
-0.78530401 -0.11102200 -6.06114006 96 130 89 0.000000 0.190884 0.512531 0.837183
-0.81450301 -0.19648300 -6.02410698 107 140 107 0.000000 0.316917 0.587182 0.744836
-0.90566200 -0.20218100 -5.99846792 89 122 81 0.000000 0.142165 0.514433 0.845664
-1.08940399 0.23937000 -5.89876318 95 131 95 0.000000 0.592186 -0.468045 0.655934
-1.15065098 0.19592699 -5.91870499 62 99 50 0.000000 0.125876 -0.608647 0.783393
-1.14352906 0.02642800 -6.00701523 53 88 44 0.000000 -0.205869 -0.395677 0.895018
-1.20833802 -0.15019201 -6.02624321 73 102 55 0.000000 0.176237 0.715676 0.675831
-1.13925600 0.15177201 -5.94434309 76 113 64 0.000000 -0.062612 -0.499505 0.864046
-0.79313803 -0.14948000 -6.04547215 90 127 82 0.000000 0.134147 0.093784 0.986514
-0.89141798 0.05206700 -6.07111120 106 140 104 0.000000 0.535537 0.031664 0.843918
-0.98827398 0.21159500 -5.96214724 105 138 100 0.000000 0.437330 -0.315936 0.841978
-1.29166305 -0.11885600 -6.05829096 74 82 64 0.000000 -0.148863 0.844539 0.514387
-0.96406001 0.30061701 -5.91799212 96 103 86 0.000000 0.354085 -0.095590 0.930315
-1.16916800 -0.17440601 -6.00986290 88 120 79 0.000000 0.244846 0.690306 0.680829
-0.79883498 0.03782300 -6.12167501 119 152 116 0.000000 0.569435 0.228084 0.789761
-1.13498294 -0.19719601 -5.99419498 92 121 81 0.000000 0.356065 0.784632 0.507514
-1.14424205 0.00221400 -6.02054501 53 87 44 0.000000 -0.048288 -0.356285 0.933129
-0.91135901 0.15319601 -6.05971622 100 133 98 0.000000 0.539084 -0.357771 0.762488
-0.74470901 -0.11458300 -6.05757904 105 139 93 0.000000 -0.015997 0.958613 0.284261
-0.95052898 0.15960599 -6.01840878 105 137 104 0.000000 0.580326 -0.389624 0.715133
-0.78174299 -0.16514800 -6.05259418 84 103 40 0.000000 0.967559 0.189895 -0.166642
-0.99041098 0.15604500 -5.98422480 107 133 107 0.000000 0.579898 -0.342741 0.739085
-0.87575001 -0.20004401 -6.00558996 94 130 88 0.000000 0.135434 0.381171 0.914531
-0.98898703 0.20589700 -5.96428394 106 136 98 0.000000 0.579199 -0.291993 0.761097
-0.79883498 -0.22283401 -6.00202894 112 145 106 0.000000 0.576928 0.807109 0.125419
-1.30733001 0.10761700 -6.00915098 126 127 114 0.000000 0.675298 0.501027 -0.541244
-0.84156603 -0.18223999 -6.02339506 104 135 99 0.000000 0.212806 0.394792 0.893786
-1.08228195 0.07628100 -5.97923899 77 112 71 0.000000 0.094991 -0.341164 0.935192
-1.32371104 -0.06259400 -6.08677816 66 85 45 0.000000 -0.110615 -0.507107 0.854755
-1.02103496 0.06844700 -6.00202894 86 118 82 0.000000 0.299891 -0.308755 0.902627
-1.10222304 0.15462101 -5.94576693 75 112 67 0.000000 0.149479 -0.316786 0.936644
-0.91776901 -0.01487800 -6.04760885 95 126 95 0.000000 0.459374 0.014647 0.888122
-0.85936999 -0.21927300 -5.99704409 89 122 80 0.000000 0.110615 0.507107 0.854755
-0.99254799 0.26287201 -5.93864489 104 140 101 0.000000 0.348753 -0.385953 0.854056
-0.91491997 0.11046600 -6.05900288 101 133 103 0.000000 0.506351 0.023078 0.862019
-0.78672802 -0.14948000 -6.04618406 88 123 77 0.000000 0.143248 0.317874 0.937249
-0.83942902 0.05135500 -6.09532499 109 142 107 0.000000 0.552257 0.140655 0.821723
-0.79954702 -0.03481900 -6.09532499 110 142 103 0.000000 0.340953 0.356243 0.869967
-0.91349602 0.09266100 -6.06114006 112 147 111 0.000000 0.556207 -0.087671 0.826406
-0.98186499 0.14251401 -5.99846792 114 136 112 0.000000 0.538668 -0.435907 0.720987
-1.13284695 -0.08467100 -6.02766800 53 81 39 0.000000 -0.300624 -0.254596 0.919133
-0.74613398 -0.12953900 -6.04048681 112 129 101 0.000000 0.379826 -0.355021 0.854221
-0.86435503 -0.23850200 -5.98493719 106 140 101 0.000000 0.577635 0.473828 0.664699
-0.98827398 0.13040701 -5.99846792 105 134 105 0.000000 0.594744 -0.371920 0.712710
-1.22970295 0.14963500 -5.97282982 50 80 31 0.000000 -0.357064 -0.452281 0.817280
-1.27741897 0.15462101 -5.98564911 148 147 131 0.000000 0.706063 0.380188 -0.597438
-0.75111902 -0.12099200 -6.04832077 83 119 76 0.000000 -0.117486 0.845611 0.520711
-0.89925200 -0.12241700 -6.03051615 105 136 100 0.000000 0.172753 0.428253 0.886992
-0.86079502 -0.19719601 -6.00843906 109 139 101 0.000000 0.142011 0.437510 0.887929
-0.76037699 -0.12384100 -6.05900288 73 95 35 0.000000 0.666405 -0.515331 -0.538831
-0.92417902 -0.06829100 -6.04476023 90 119 85 0.000000 0.277755 -0.015907 0.960520
-0.98115301 0.11829900 -6.00843906 111 129 107 0.000000 0.607254 -0.340258 0.717960
-1.01035202 -0.07398900 -6.02054501 80 110 72 0.000000 0.118676 -0.023291 0.992660
-1.19836700 0.14536200 -5.95716190 90 111 70 0.000000 0.220605 0.372545 -0.901412
-1.16062200 -0.18366399 -6.00202894 86 118 76 0.000000 0.325525 0.808255 0.490670
-1.19124496 0.02571600 -6.01698494 56 88 44 0.000000 -0.245489 -0.388319 0.888225
-0.96192402 0.28708601 -5.94220591 108 144 101 0.000000 0.621872 -0.318205 0.715557
-0.90352499 0.16957600 -6.05900288 108 141 106 0.000000 0.638298 -0.094941 0.763912
-1.30804300 -0.06757900 -6.08036900 131 137 113 0.000000 0.580650 0.563721 -0.587421
