v -1.401111136 1.107493247 -5.449153800 0.862745 0.847059 0.792157
v -1.399434500 1.100254456 -5.456916305 0.537255 0.686275 0.423529
v -1.403400853 1.088208959 -5.466553177 0.556863 0.729412 0.486275
v -1.417453946 1.094969234 -5.455080309 0.670588 0.741176 0.576471
v -1.405337464 1.076854197 -5.480025147 0.564706 0.745098 0.439216
v -1.429145783 1.083940061 -5.464567335 0.537255 0.701961 0.411765
v -1.418444119 1.076671662 -5.470057167 0.592157 0.745098 0.509804
v -1.405514271 1.068772161 -5.488788979 0.576471 0.752941 0.439216
v -1.391909416 1.061909430 -5.506333135 0.349020 0.392157 0.282353
v -1.436857877 1.083185048 -5.463746748 0.580392 0.705882 0.439216
v -1.403798841 1.063348115 -5.497266243 0.619608 0.800000 0.474510
v -1.429665818 1.074567110 -5.471858420 0.592157 0.756863 0.466667
v -1.444871013 1.084085421 -5.464819465 0.337255 0.341176 0.294118
v -1.376899645 1.044143410 -5.518935916 0.713725 0.780392 0.607843
v -1.438686213 1.078447822 -5.469143267 0.513725 0.682353 0.392157
v -1.395716029 1.052243001 -5.512455860 0.701961 0.850980 0.619608
v -1.385862822 1.045722332 -5.523089972 0.690196 0.796078 0.611765
v -1.370655475 1.032979841 -5.529541209 0.450980 0.501961 0.431373
v -1.412073714 1.053896080 -5.497650157 0.607843 0.776471 0.462745
v -1.422349215 1.057769500 -5.482146983 0.745098 0.874510 0.631373
v -1.403003539 1.049115494 -5.510366778 0.658824 0.827451 0.537255
v -1.435616802 1.063636319 -5.477318084 0.615686 0.780392 0.494118
v -1.417423516 1.052533754 -5.492788493 0.650980 0.807843 0.517647
v -1.380848766 1.030180129 -5.525003738 0.686275 0.819608 0.607843
v -1.399414463 1.039820241 -5.515189365 0.662745 0.835294 0.615686
v -1.362729419 1.014497088 -5.532846179 0.800000 0.921569 0.741176
v -1.351583585 1.006601839 -5.537769730 0.627451 0.639216 0.588235
v -1.452829805 1.067108529 -5.477157431 0.521569 0.698039 0.403922
v -1.422864898 1.047135793 -5.490236950 0.647059 0.811765 0.549020
v -1.406651555 1.038704741 -5.511415143 0.670588 0.839216 0.603922
v -1.447266358 1.061612239 -5.479122335 0.572549 0.733333 0.466667
v -1.460811365 1.070994698 -5.474971007 0.560784 0.705882 0.443137
v -1.436851079 1.053067216 -5.483577162 0.584314 0.756863 0.470588
v -1.399568724 1.031706459 -5.516087133 0.631373 0.803922 0.596078
v -1.431565226 1.046922220 -5.486221505 0.623529 0.784314 0.529412
v -1.364429766 1.006051119 -5.531330127 0.639216 0.788235 0.584314
v -1.346699938 0.991222528 -5.542493995 0.666667 0.796078 0.619608
v -1.340562821 0.986694072 -5.547454258 0.560784 0.623529 0.498039
v -1.428133120 1.038890000 -5.490386478 0.627451 0.780392 0.568627
v -1.468223634 1.066479867 -5.477351636 0.576471 0.721569 0.474510
v -1.398533903 1.018177569 -5.517666668 0.654902 0.827451 0.615686
v -1.411861784 1.026209879 -5.510379587 0.643137 0.800000 0.596078
v -1.388685142 1.009388270 -5.522985159 0.615686 0.784314 0.584314
v -1.450556554 1.046745263 -5.484214252 0.615686 0.784314 0.541176
v -1.440159810 1.038226339 -5.488194349 0.600000 0.764706 0.549020
v -1.363411362 0.989728715 -5.536363266 0.505882 0.701961 0.462745
v -1.408585626 1.018707031 -5.513655399 0.627451 0.796078 0.596078
v -1.379968805 0.999993671 -5.528813013 0.564706 0.749020 0.529412
v -1.482494265 1.063438831 -5.475031592 0.380392 0.396078 0.368627
v -1.341581861 0.974686150 -5.554169623 0.603922 0.764706 0.556863
v -1.433918450 1.029287949 -5.490755550 0.603922 0.764706 0.545098
v -1.356283319 0.979541769 -5.543007829 0.478431 0.678431 0.415686
v -1.479102726 1.057028141 -5.476174086 0.647059 0.800000 0.596078
v -1.379569566 0.992874123 -5.531193400 0.576471 0.760784 0.537255
v -1.394952604 1.002431637 -5.523319760 0.603922 0.788235 0.584314
v -1.470316937 1.046493746 -5.482874311 0.615686 0.776471 0.556863
v -1.434143189 1.020848557 -5.497092912 0.600000 0.756863 0.564706
v -1.410308687 1.006956825 -5.516131775 0.650980 0.811765 0.603922
v -1.333954823 0.963179412 -5.576197981 0.556863 0.694118 0.458824
v -1.353147476 0.971193093 -5.550269905 0.525490 0.709804 0.458824
v -1.393286206 0.995207262 -5.525899269 0.592157 0.772549 0.572549
v -1.443959711 1.023556088 -5.492969170 0.635294 0.800000 0.600000
v -1.489323287 1.052067348 -5.472054188 0.709804 0.858824 0.666667
v -1.480058103 1.045450167 -5.476483519 0.654902 0.811765 0.596078
v -1.350968857 0.966372451 -5.556285366 0.525490 0.709804 0.462745
v -1.345625267 0.963577523 -5.563243200 0.505882 0.682353 0.439216
v -1.377188576 0.979128148 -5.537466080 0.592157 0.772549 0.545098
v -1.460705823 1.030749082 -5.487731231 0.537255 0.725490 0.478431
v -1.368516862 0.973441383 -5.543403921 0.603922 0.768627 0.545098
v -1.432994930 1.012886524 -5.503600944 0.654902 0.811765 0.619608
v -1.421187468 1.004793253 -5.512868023 0.619608 0.784314 0.584314
v -1.469910759 1.034062687 -5.482575732 0.619608 0.768627 0.576471
v -1.397265336 0.987654127 -5.527525857 0.556863 0.745098 0.529412
v -1.332403319 0.955787711 -5.598966586 0.682353 0.831373 0.592157
v -1.494592048 1.046213686 -5.468329543 0.729412 0.858824 0.643137
v -1.384967074 0.977828752 -5.536635207 0.556863 0.745098 0.517647
v -1.484381798 1.038477368 -5.475367134 0.607843 0.784314 0.572549
v -1.342994282 0.955206117 -5.581401848 0.513725 0.686275 0.419608
v -1.489895254 1.037059856 -5.466561682 0.658824 0.831373 0.619608
v -1.504808972 1.045840031 -5.461537744 0.815686 0.882353 0.745098
v -1.460025302 1.019068458 -5.492548617 0.549020 0.729412 0.505882
v -1.335337193 0.949908473 -5.600755254 0.600000 0.745098 0.509804
v -1.383352797 0.971197770 -5.539863016 0.572549 0.756863 0.513725
v -1.431652722 0.999137424 -5.510909205 0.600000 0.768627 0.568627
v -1.483637313 1.028810008 -5.473368864 0.623529 0.796078 0.600000
v -1.451246300 1.010319655 -5.500020348 0.592157 0.749020 0.560784
v -1.479420828 1.026847808 -5.480655037 0.635294 0.796078 0.607843
v -1.404246721 0.980661781 -5.527521143 0.560784 0.741176 0.525490
v -1.486032744 1.029229615 -5.476105376 0.686275 0.835294 0.635294
v -1.493657542 1.033654421 -5.470964596 0.698039 0.843137 0.635294
v -1.472124222 1.020281136 -5.486598395 0.631373 0.796078 0.600000
v -1.420152191 0.988139719 -5.520173442 0.584314 0.760784 0.552941
v -1.364394794 0.954236245 -5.562778221 0.533333 0.705882 0.470588
v -1.397840664 0.971587627 -5.533907547 0.572549 0.756863 0.513725
v -1.354597728 0.949165739 -5.578115972 0.521569 0.701961 0.427451
v -1.378506039 0.959515403 -5.550405380 0.552941 0.733333 0.490196
v -1.436126963 0.992068835 -5.512473562 0.607843 0.764706 0.556863
v -1.444082861 0.994568497 -5.506808952 0.517647 0.674510 0.501961
v -1.375850793 0.954236243 -5.556009218 0.521569 0.713725 0.454902
v -1.469136806 1.009230092 -5.492369478 0.635294 0.796078 0.580392
v -1.389048988 0.960738978 -5.544471325 0.549020 0.733333 0.478431
v -1.348367121 0.939817638 -5.598990895 0.529412 0.701961 0.431373
v -1.373441980 0.948783090 -5.562212943 0.537255 0.713725 0.470588
v -1.360348231 0.942948426 -5.580774933 0.505882 0.682353 0.423529
v -1.479104266 1.009854532 -5.486300897 0.635294 0.803922 0.584314
v -1.356546287 0.940123430 -5.588722612 0.501961 0.678431 0.415686
v -1.476928114 1.006482882 -5.491631351 0.325490 0.392157 0.274510
v -1.345812677 0.935201419 -5.608484931 0.498039 0.674510 0.415686
v -1.467091318 0.998655283 -5.496917606 0.588235 0.764706 0.552941
v -1.475039967 1.001974109 -5.491524800 0.611765 0.784314 0.568627
v -1.332741215 0.929398139 -5.639598356 0.631373 0.721569 0.588235
v -1.381702345 0.946078218 -5.559955981 0.498039 0.682353 0.443137
v -1.460290042 0.991321243 -5.501527218 0.588235 0.768627 0.556863
v -1.453006670 0.984040576 -5.507271406 0.568627 0.725490 0.568627
v -1.345767989 0.929410493 -5.616707784 0.541176 0.705882 0.435294
v -1.500941827 1.012720224 -5.476096176 0.639216 0.807843 0.623529
v -1.369146903 0.937145333 -5.579602684 0.529412 0.705882 0.447059
v -1.426030195 0.967520944 -5.527309814 0.525490 0.709804 0.482353
v -1.375408065 0.939245459 -5.571301389 0.482353 0.658824 0.427451
v -1.353511672 0.930356703 -5.605086370 0.498039 0.678431 0.423529
v -1.410373909 0.956537664 -5.538161073 0.549020 0.725490 0.513725
v -1.514664397 1.017239453 -5.463064547 0.678431 0.827451 0.635294
v -1.529854491 1.024963278 -5.451073658 0.698039 0.835294 0.654902
v -1.485706030 0.998470414 -5.487223948 0.627451 0.788235 0.607843
v -1.342015229 0.924050755 -5.629983592 0.517647 0.682353 0.423529
v -1.347170223 0.923977523 -5.622045571 0.505882 0.678431 0.423529
v -1.526401874 1.017657546 -5.449803037 0.584314 0.768627 0.552941
v -1.396089401 0.943722122 -5.554795292 0.529412 0.717647 0.458824
v -1.475993751 0.989353299 -5.494956784 0.611765 0.780392 0.588235
v -1.333011428 0.918109000 -5.652003832 0.741176 0.760784 0.694118
v -1.442335502 0.968578860 -5.521226740 0.556863 0.729412 0.529412
v -1.462296370 0.978715279 -5.505505953 0.592157 0.764706 0.576471
v -1.405893050 0.945677898 -5.548325619 0.517647 0.713725 0.466667
v -1.369743172 0.928398322 -5.589680522 0.545098 0.717647 0.443137
v -1.525855845 1.013338414 -5.455297435 0.674510 0.827451 0.631373
v -1.384279904 0.933543986 -5.570826401 0.498039 0.682353 0.427451
v -1.455423552 0.970971722 -5.512252881 0.576471 0.709804 0.568627
v -1.361234025 0.921379877 -5.605911857 0.525490 0.705882 0.443137
v -1.489546069 0.988543682 -5.486368804 0.662745 0.815686 0.639216
v -1.350516833 0.916478576 -5.624148832 0.501961 0.662745 0.423529
v -1.424995252 0.950866472 -5.536697607 0.560784 0.741176 0.513725
v -1.521368553 1.003512997 -5.462324711 0.635294 0.792157 0.607843
v -1.404352203 0.936547314 -5.554856774 0.552941 0.737255 0.486275
v -1.329048800 0.906939373 -5.665519549 0.294118 0.333333 0.270588
v -1.446967520 0.960689440 -5.523696454 0.568627 0.741176 0.541176
v -1.539073317 1.012981813 -5.451449596 0.647059 0.803922 0.603922
v -1.399265128 0.933380961 -5.561170631 0.552941 0.729412 0.498039
v -1.544616122 1.014920518 -5.445959306 0.658824 0.807843 0.607843
v -1.480891229 0.978193676 -5.497033855 0.611765 0.792157 0.603922
v -1.370350747 0.917585229 -5.599786972 0.521569 0.701961 0.454902
v -1.379933884 0.921833497 -5.588091720 0.517647 0.705882 0.427451
v -1.340464796 0.905842041 -5.648236841 0.584314 0.749020 0.486275
v -1.431501965 0.947372141 -5.537618996 0.513725 0.701961 0.466667
v -1.347882427 0.908103761 -5.635530568 0.549020 0.717647 0.454902
v -1.335984213 0.903528702 -5.656031997 0.603922 0.760784 0.521569
v -1.423373517 0.941409359 -5.543321710 0.521569 0.709804 0.470588
v -1.417124235 0.936721961 -5.548528020 0.549020 0.729412 0.509804
v -1.345195074 0.903821390 -5.642617987 0.576471 0.737255 0.478431
v -1.518261364 0.992601668 -5.470176769 0.647059 0.811765 0.603922
v -1.534588981 1.002023410 -5.457900631 0.654902 0.823529 0.635294
v -1.477062796 0.969083381 -5.505958838 0.572549 0.752941 0.552941
v -1.524529096 0.994498824 -5.466348473 0.650980 0.803922 0.611765
v -1.390075979 0.920099844 -5.580886668 0.505882 0.694118 0.443137
v -1.367605383 0.909575171 -5.609855704 0.537255 0.709804 0.462745
v -1.406107579 0.926712980 -5.562388584 0.513725 0.701961 0.466667
v -1.331966524 0.896233912 -5.666056740 0.662745 0.768627 0.529412
v -1.430600550 0.937674694 -5.543688920 0.525490 0.713725 0.486275
v -1.323754030 0.889633190 -5.678325622 0.435294 0.486275 0.388235
v -1.474229362 0.962511311 -5.511126469 0.588235 0.764706 0.576471
v -1.401516604 0.921120194 -5.570434115 0.494118 0.682353 0.423529
v -1.557375726 1.008095036 -5.446138708 0.658824 0.807843 0.615686
v -1.548494008 1.002846189 -5.452836123 0.650980 0.800000 0.603922
v -1.329102502 0.888788992 -5.671378711 0.654902 0.796078 0.560784
v -1.387694464 0.912389500 -5.590051575 0.568627 0.741176 0.498039
v -1.370082564 0.902626595 -5.613190961 0.576471 0.741176 0.478431
v -1.463258810 0.950696879 -5.521685127 0.525490 0.698039 0.549020
v -1.409270190 0.919997349 -5.566127888 0.541176 0.709804 0.490196
v -1.427556242 0.929455909 -5.549611560 0.541176 0.725490 0.509804
v -1.345802683 0.891966346 -5.649077520 0.580392 0.752941 0.509804
v -1.562848994 1.005770823 -5.441520579 0.662745 0.788235 0.615686
v -1.487572180 0.963276063 -5.505440313 0.572549 0.737255 0.552941
v -1.540973472 0.992224456 -5.460776535 0.603922 0.756863 0.576471
v -1.499616880 0.968058393 -5.494670664 0.603922 0.768627 0.568627
v -1.359786617 0.894983237 -5.631707738 0.584314 0.745098 0.490196
v -1.451480037 0.940349785 -5.534959229 0.576471 0.745098 0.549020
v -1.417525303 0.919369083 -5.561774100 0.517647 0.701961 0.482353
v -1.441490838 0.932925734 -5.544099716 0.517647 0.701961 0.478431
v -1.368051311 0.894888461 -5.622690348 0.564706 0.737255 0.482353
v -1.390124231 0.904025788 -5.592981518 0.525490 0.647059 0.450980
v -1.520628454 0.975084480 -5.480535584 0.592157 0.764706 0.552941
v -1.575275595 1.005861175 -5.436779674 0.403922 0.415686 0.411765
v -1.558256787 0.996412415 -5.453035631 0.600000 0.776471 0.576471
v -1.478960532 0.948822286 -5.517775301 0.529412 0.709804 0.494118
v -1.572045635 0.999580859 -5.441379349 0.600000 0.749020 0.556863
v -1.319454723 0.867264700 -5.686561081 0.592157 0.698039 0.537255
v -1.407083497 0.906833337 -5.579413629 0.552941 0.733333 0.501961
v -1.328511818 0.870985868 -5.675895514 0.654902 0.815686 0.572549
v -1.364904767 0.887047124 -5.632010729 0.568627 0.737255 0.490196
v -1.389575783 0.897217139 -5.598121480 0.556863 0.674510 0.494118
v -1.469975194 0.940303530 -5.526302636 0.541176 0.717647 0.541176
v -1.412917352 0.908544393 -5.573945168 0.588235 0.760784 0.541176
v -1.373525585 0.889536815 -5.620219139 0.560784 0.733333 0.494118
v -1.538771913 0.977572251 -5.472522985 0.556863 0.737255 0.517647
v -1.382807310 0.892012290 -5.608540210 0.552941 0.717647 0.498039
v -1.519951223 0.965702708 -5.485590052 0.568627 0.741176 0.521569
v -1.430682592 0.914878218 -5.558469298 0.490196 0.674510 0.454902
v -1.345626608 0.874533411 -5.656979474 0.647059 0.788235 0.549020
v -1.420669740 0.908461861 -5.569115015 0.560784 0.741176 0.537255
v -1.462472867 0.931577808 -5.534577031 0.584314 0.701961 0.556863
v -1.456325844 0.927862774 -5.541885607 0.505882 0.686275 0.462745
v -1.509111136 0.956252136 -5.496528820 0.564706 0.741176 0.517647
v -1.528545030 0.967422143 -5.482355442 0.564706 0.729412 0.545098
v -1.325481255 0.862265438 -5.681850724 0.647059 0.792157 0.564706
v -1.480159449 0.939362873 -5.519952046 0.552941 0.737255 0.525490
v -1.361298472 0.878769626 -5.640437263 0.596078 0.764706 0.537255
v -1.351985840 0.874168632 -5.650479706 0.568627 0.729412 0.505882
v -1.492531698 0.946167430 -5.509981402 0.556863 0.729412 0.541176
v -1.397287167 0.893431868 -5.595274178 0.545098 0.725490 0.478431
v -1.380909818 0.885811877 -5.616573804 0.552941 0.725490 0.486275
v -1.551743153 0.979068408 -5.467200778 0.615686 0.776471 0.580392
v -1.471160435 0.931770120 -5.526824961 0.423529 0.611765 0.419608
v -1.588302489 0.996096180 -5.426035427 0.698039 0.756863 0.690196
v -1.403086120 0.895093778 -5.590240474 0.529412 0.713725 0.458824
v -1.582978832 0.993848912 -5.436686503 0.749020 0.827451 0.698039
v -1.500503565 0.947744730 -5.505460257 0.560784 0.733333 0.525490
v -1.443681932 0.915893943 -5.553216724 0.513725 0.698039 0.470588
v -1.577929819 0.990948785 -5.442802813 0.670588 0.815686 0.611765
v -1.438845832 0.910995584 -5.558057118 0.470588 0.658824 0.423529
v -1.583513893 0.991669232 -5.441757817 0.713725 0.847059 0.674510
v -1.392035585 0.885037091 -5.606101291 0.552941 0.725490 0.494118
v -1.508398879 0.947342046 -5.501496743 0.580392 0.752941 0.552941
v -1.531080698 0.960556923 -5.485833548 0.552941 0.725490 0.517647
v -1.498660693 0.941101228 -5.510501254 0.572549 0.745098 0.521569
v -1.414351331 0.894825124 -5.583525489 0.549020 0.737255 0.478431
v -1.558462966 0.974831739 -5.466037202 0.584314 0.752941 0.556863
v -1.345902993 0.859300595 -5.660258518 0.623529 0.784314 0.545098
v -1.486235820 0.931308792 -5.521613417 0.505882 0.694118 0.478431
v -1.326289011 0.849439003 -5.684406050 0.654902 0.803922 0.580392
v -1.550721867 0.968373797 -5.475291418 0.556863 0.725490 0.529412
v -1.361862377 0.864250042 -5.645750056 0.600000 0.772549 0.529412
v -1.462945870 0.915888223 -5.546957803 0.513725 0.694118 0.509804
v -1.475881510 0.921286621 -5.532986156 0.568627 0.737255 0.572549
v -1.357249934 0.859147027 -5.651139153 0.607843 0.768627 0.533333
v -1.368622992 0.864756827 -5.639999133 0.588235 0.764706 0.521569
v -1.438917019 0.899118823 -5.565521986 0.580392 0.760784 0.552941
v -1.549777519 0.962357043 -5.480274942 0.584314 0.737255 0.552941
v -1.316848024 0.836846268 -5.692571996 0.239216 0.301961 0.196078
v -1.447872725 0.903430854 -5.559005278 0.513725 0.686275 0.474510
v -1.508148314 0.936574220 -5.510258762 0.568627 0.749020 0.521569
v -1.499807068 0.931354200 -5.516485179 0.537255 0.717647 0.501961
v -1.430719094 0.891496618 -5.575222452 0.517647 0.701961 0.466667
v -1.576805012 0.971967294 -5.452843093 0.639216 0.800000 0.584314
v -1.558312084 0.962855909 -5.473190179 0.549020 0.733333 0.525490
v -1.336103352 0.843291463 -5.674547981 0.635294 0.792157 0.556863
v -1.515523958 0.938256817 -5.506301939 0.541176 0.717647 0.505882
v -1.490773625 0.923191967 -5.522231005 0.482353 0.686275 0.482353
v -1.524255565 0.942774290 -5.499237892 0.564706 0.741176 0.529412
v -1.380687880 0.865401583 -5.629798791 0.556863 0.729412 0.501961
v -1.411923161 0.879970305 -5.595408494 0.549020 0.737255 0.498039
v -1.543128816 0.952846066 -5.487570247 0.521569 0.717647 0.490196
v -1.584794112 0.973472710 -5.445697576 0.701961 0.835294 0.647059
v -1.532095885 0.944898576 -5.495144503 0.549020 0.717647 0.533333
v -1.581089607 0.969032030 -5.445952762 0.549020 0.725490 0.486275
v -1.463104827 0.904964832 -5.553886991 0.525490 0.705882 0.498039
v -1.393623744 0.867889926 -5.618142182 0.603922 0.760784 0.541176
v -1.406087676 0.873569955 -5.604519974 0.513725 0.694118 0.454902
v -1.351844225 0.845849221 -5.659506826 0.588235 0.760784 0.537255
v -1.368127844 0.853337230 -5.644748275 0.580392 0.749020 0.505882
v -1.330843201 0.833726139 -5.684663134 0.580392 0.662745 0.439216
v -1.573857640 0.961610118 -5.455758012 0.580392 0.756863 0.509804
v -1.595039514 0.972616747 -5.435848889 0.705882 0.839216 0.658824
v -1.341507912 0.836277243 -5.670342060 0.627451 0.800000 0.576471
v -1.357732760 0.844513273 -5.655211917 0.600000 0.776471 0.529412
v -1.499001275 0.919804548 -5.525452110 0.470588 0.662745 0.439216
v -1.448252497 0.891254988 -5.566992342 0.517647 0.705882 0.486275
v -1.545062009 0.946077750 -5.490558850 0.529412 0.701961 0.509804
v -1.568327408 0.957606118 -5.469090010 0.603922 0.768627 0.556863
v -1.488340905 0.911764520 -5.530750849 0.470588 0.662745 0.450980
v -1.404560985 0.867372081 -5.610336654 0.596078 0.764706 0.541176
v -1.430041343 0.879298893 -5.584212602 0.521569 0.709804 0.470588
v -1.593239601 0.968425516 -5.442849761 0.694118 0.819608 0.627451
v -1.460419495 0.893605529 -5.560166395 0.482353 0.650980 0.443137
v -1.517714755 0.925697978 -5.515707731 0.545098 0.725490 0.462745
v -1.476964505 0.902599754 -5.549752724 0.666667 0.760784 0.603922
v -1.529243985 0.931221725 -5.505182081 0.521569 0.705882 0.490196
v -1.574647157 0.955622740 -5.464575806 0.635294 0.792157 0.611765
v -1.386849980 0.853824625 -5.631671987 0.549020 0.729412 0.501961
v -1.599634449 0.967897257 -5.437768489 0.678431 0.811765 0.647059
v -1.557324163 0.946787650 -5.485296819 0.572549 0.741176 0.545098
v -1.311288108 0.807920952 -5.684129527 0.666667 0.788235 0.600000
v -1.456711514 0.888309843 -5.565219568 0.494118 0.678431 0.470588
v -1.539737592 0.935286190 -5.499417020 0.513725 0.698039 0.482353
v -1.581520043 0.956384765 -5.458118557 0.627451 0.800000 0.592157
v -1.493765054 0.906129661 -5.532091722 0.505882 0.698039 0.474510
v -1.475445154 0.896835660 -5.552399429 0.737255 0.803922 0.690196
v -1.329074329 0.816579950 -5.679351392 0.647059 0.807843 0.572549
v -1.516445748 0.919554177 -5.518736830 0.525490 0.721569 0.470588
v -1.405721059 0.857123343 -5.616353038 0.572549 0.709804 0.509804
v -1.603560345 0.961948051 -5.433188532 0.690196 0.792157 0.603922
v -1.357741114 0.830465036 -5.659398319 0.600000 0.768627 0.560784
v -1.452963764 0.880874159 -5.571737611 0.505882 0.694118 0.462745
v -1.538696232 0.928208313 -5.503812632 0.521569 0.705882 0.482353
v -1.552397660 0.935822772 -5.494895364 0.568627 0.733333 0.556863
v -1.578672649 0.948655889 -5.469439630 0.603922 0.776471 0.580392
v -1.586123032 0.950039208 -5.454899380 0.600000 0.772549 0.525490
v -1.567410855 0.941119761 -5.483455400 0.560784 0.733333 0.505882
v -1.603483541 0.957557013 -5.443243473 0.647059 0.800000 0.572549
v -1.367690706 0.829502316 -5.653806097 0.619608 0.776471 0.552941
v -1.351891145 0.819358290 -5.664307423 0.596078 0.776471 0.552941
v -1.308040847 0.787652015 -5.673644964 0.843137 0.909804 0.764706
v -1.313673379 0.791992363 -5.674744745 0.580392 0.690196 0.533333
v -1.445774197 0.870081990 -5.582400354 0.521569 0.705882 0.478431
v -1.594101273 0.951603741 -5.455488788 0.611765 0.768627 0.541176
v -1.382257435 0.835730222 -5.642315243 0.576471 0.733333 0.494118
v -1.595982881 0.950512119 -5.449088968 0.619608 0.780392 0.552941
v -1.590338370 0.947909200 -5.456933852 0.603922 0.768627 0.584314
v -1.482736249 0.889854572 -5.554253612 0.580392 0.694118 0.541176
v -1.402945214 0.846467366 -5.625306324 0.529412 0.713725 0.486275
v -1.465967525 0.879813109 -5.568057834 0.509804 0.686275 0.454902
v -1.489255265 0.892105565 -5.548957051 0.427451 0.635294 0.411765
v -1.419569070 0.853700838 -5.609586276 0.560784 0.729412 0.494118
v -1.395190317 0.839255366 -5.633775351 0.588235 0.756863 0.541176
v -1.378477426 0.829812113 -5.647192497 0.619608 0.780392 0.537255
v -1.443137849 0.863786030 -5.588046902 0.533333 0.717647 0.466667
v -1.433795165 0.858623128 -5.596455390 0.545098 0.725490 0.490196
v -1.318065069 0.787103161 -5.670609970 0.525490 0.709804 0.458824
v -1.413476446 0.846631034 -5.618300209 0.537255 0.694118 0.490196
v -1.521044278 0.905892009 -5.526855193 0.513725 0.698039 0.458824
v -1.351396028 0.810541736 -5.664891639 0.603922 0.776471 0.560784
v -1.500349654 0.892754856 -5.539911884 0.454902 0.654902 0.415686
v -1.426462482 0.852314025 -5.605724140 0.564706 0.741176 0.494118
v -1.477276533 0.878564127 -5.564574822 0.462745 0.650980 0.439216
v -1.561152025 0.925174141 -5.496158440 0.564706 0.733333 0.541176
v -1.512828517 0.897818427 -5.536570112 0.529412 0.709804 0.462745
v -1.539539479 0.913137224 -5.516638149 0.572549 0.721569 0.533333
v -1.455990877 0.864594731 -5.582436976 0.486275 0.682353 0.431373
v -1.606760242 0.945486664 -5.448533922 0.603922 0.780392 0.537255
v -1.327038845 0.786018599 -5.668070464 0.537255 0.717647 0.478431
v -1.407208677 0.837231605 -5.627627367 0.541176 0.713725 0.482353
v -1.534230962 0.907478906 -5.521828696 0.529412 0.686275 0.517647
v -1.384374334 0.823280955 -5.646043036 0.572549 0.749020 0.505882
v -1.433284818 0.849783720 -5.603248967 0.533333 0.701961 0.482353
v -1.496980196 0.885215370 -5.550308836 0.482353 0.674510 0.435294
v -1.398296293 0.830898985 -5.635814327 0.564706 0.737255 0.505882
v -1.371126995 0.815148426 -5.656941341 0.627451 0.792157 0.580392
v -1.352079618 0.800876681 -5.664246748 0.600000 0.768627 0.545098
v -1.463521702 0.864933841 -5.579380167 0.525490 0.713725 0.490196
v -1.448732054 0.855786631 -5.591365121 0.501961 0.694118 0.435294
v -1.343002856 0.792749190 -5.665780790 0.607843 0.784314 0.549020
v -1.585082134 0.931178279 -5.479728042 0.619608 0.796078 0.584314
v -1.531488049 0.901766522 -5.526925463 0.509804 0.682353 0.454902
v -1.576506595 0.926359568 -5.488735269 0.541176 0.721569 0.482353
v -1.571144790 0.922709214 -5.493274663 0.560784 0.725490 0.505882
v -1.512206941 0.889037434 -5.543325957 0.474510 0.670588 0.419608
v -1.520528842 0.893189214 -5.537572291 0.447059 0.643137 0.407843
v -1.547865595 0.908653161 -5.516331828 0.517647 0.650980 0.470588
v -1.446277915 0.849748653 -5.596418142 0.470588 0.662745 0.411765
v -1.485929206 0.871204672 -5.565358033 0.603922 0.647059 0.513725
v -1.459416600 0.856167592 -5.586818903 0.505882 0.698039 0.431373
v -1.596487153 0.931317713 -5.469417573 0.556863 0.721569 0.474510
v -1.427917417 0.838624264 -5.614835644 0.588235 0.713725 0.525490
v -1.491881370 0.873911693 -5.561508042 0.462745 0.635294 0.423529
v -1.617412273 0.938222061 -5.438408336 0.631373 0.776471 0.533333
v -1.418061201 0.831907469 -5.624301929 0.490196 0.643137 0.423529
v -1.434309599 0.840387882 -5.609457354 0.486275 0.662745 0.415686
v -1.365127346 0.799877542 -5.660154356 0.603922 0.772549 0.529412
v -1.563162398 0.912882245 -5.506164565 0.533333 0.709804 0.462745
v -1.408756122 0.825754109 -5.632277818 0.545098 0.721569 0.478431
v -1.329789022 0.770816471 -5.660850419 0.509804 0.690196 0.396078
v -1.535136995 0.895310448 -5.531390609 0.505882 0.654902 0.462745
v -1.576934853 0.918206756 -5.495570709 0.541176 0.717647 0.470588
v -1.444590472 0.843323016 -5.601839762 0.482353 0.670588 0.423529
v -1.473662215 0.859861331 -5.579229760 0.541176 0.721569 0.498039
v -1.594866295 0.926547834 -5.476042819 0.545098 0.713725 0.494118
v -1.390650667 0.812905852 -5.646633239 0.576471 0.737255 0.505882
v -1.556608278 0.904854228 -5.516064830 0.470588 0.674510 0.423529
v -1.402858411 0.816663136 -5.639154316 0.572549 0.745098 0.490196
v -1.379519888 0.802736171 -5.656048067 0.556863 0.729412 0.513725
v -1.466943453 0.852121072 -5.587163462 0.545098 0.729412 0.517647
v -1.329690667 0.764120196 -5.657713244 0.486275 0.654902 0.392157
v -1.502636231 0.871787665 -5.558175560 0.545098 0.729412 0.498039
v -1.589035929 0.919943470 -5.488062752 0.580392 0.752941 0.505882
v -1.434286584 0.833065474 -5.614609141 0.596078 0.709804 0.521569
v -1.489674253 0.863014551 -5.568726389 0.650980 0.666667 0.556863
v -1.348334603 0.777610220 -5.662729983 0.576471 0.752941 0.517647
v -1.415112443 0.820698230 -5.630977938 0.560784 0.737255 0.494118
v -1.607530049 0.926049013 -5.466846607 0.596078 0.772549 0.501961
v -1.510430402 0.873324559 -5.554486014 0.564706 0.729412 0.537255
v -1.618849783 0.928461135 -5.449328792 0.635294 0.792157 0.525490
v -1.517743352 0.876268246 -5.551186577 0.560784 0.694118 0.482353
v -1.465385791 0.845358588 -5.591863498 0.509804 0.698039 0.458824
v -1.502940761 0.864192849 -5.563373853 0.639216 0.776471 0.611765
v -1.371316515 0.786774293 -5.659487226 0.513725 0.701961 0.462745
v -1.565563556 0.899271657 -5.515275078 0.517647 0.705882 0.435294
v -1.629468354 0.927091046 -5.432583975 0.643137 0.674510 0.556863
v -1.427986082 0.821015953 -5.624898352 0.549020 0.729412 0.482353
v -1.361585564 0.778671886 -5.661447457 0.521569 0.698039 0.454902
v -1.399125091 0.803212401 -5.646460094 0.537255 0.717647 0.466667
v -1.625742494 0.925509926 -5.443379500 0.627451 0.784314 0.525490
v -1.576373937 0.902739770 -5.505075265 0.545098 0.717647 0.494118
v -1.597987703 0.914047184 -5.486451488 0.572549 0.745098 0.494118
v -1.388109998 0.795597399 -5.655408426 0.564706 0.729412 0.513725
v -1.382613145 0.790715882 -5.657535981 0.529412 0.717647 0.498039
v -1.615516622 0.920355611 -5.466002936 0.600000 0.772549 0.513725
v -1.339936174 0.756380309 -5.657592227 0.505882 0.682353 0.407843
v -1.440550343 0.823192256 -5.617769187 0.529412 0.690196 0.486275
v -1.488345688 0.849069625 -5.578439040 0.490196 0.662745 0.439216
v -1.621893132 0.918878421 -5.456361350 0.596078 0.764706 0.513725
v -1.533351960 0.873338019 -5.548781360 0.458824 0.643137 0.396078
v -1.357414359 0.765433927 -5.661204254 0.603922 0.752941 0.537255
v -1.375421647 0.778356584 -5.659859561 0.572549 0.737255 0.498039
v -1.585418458 0.898227715 -5.499756019 0.490196 0.674510 0.431373
v -1.605956030 0.910410090 -5.486605254 0.560784 0.741176 0.505882
v -1.542553606 0.876221732 -5.544196845 0.470588 0.662745 0.388235
v -1.348359099 0.755466342 -5.658855301 0.513725 0.701961 0.435294
v -1.419285145 0.804043667 -5.636723308 0.552941 0.729412 0.470588
v -1.614165203 0.912841134 -5.477452259 0.596078 0.768627 0.513725
v -1.638646296 0.920969493 -5.436101094 0.501961 0.478431 0.400000
v -1.586691474 0.898012680 -5.504376683 0.509804 0.682353 0.474510
v -1.530701779 0.867023989 -5.554396566 0.482353 0.662745 0.400000
v -1.337561918 0.743683408 -5.655546911 0.462745 0.647059 0.345098
v -1.559219116 0.882472858 -5.532224532 0.498039 0.682353 0.439216
v -1.330441724 0.737154923 -5.653881088 0.447059 0.639216 0.345098
v -1.520742971 0.860163732 -5.561529279 0.490196 0.674510 0.419608
v -1.469254181 0.828489147 -5.601782105 0.498039 0.686275 0.454902
v -1.369112607 0.765775041 -5.660753921 0.545098 0.721569 0.490196
v -1.502420331 0.845967652 -5.576394246 0.635294 0.705882 0.533333
v -1.556081632 0.877247279 -5.538443041 0.505882 0.690196 0.427451
v -1.494107906 0.840265808 -5.582167614 0.537255 0.686275 0.494118
v -1.481591470 0.833162478 -5.592248077 0.443137 0.635294 0.407843
v -1.444062453 0.811549132 -5.622651618 0.533333 0.705882 0.466667
v -1.631234622 0.912371420 -5.456573897 0.572549 0.745098 0.474510
v -1.326766799 0.728259786 -5.655370000 0.490196 0.674510 0.403922
v -1.357726160 0.753374980 -5.660403796 0.517647 0.698039 0.427451
v -1.413811442 0.792212119 -5.645444914 0.564706 0.745098 0.505882
v -1.439514214 0.806014115 -5.627675084 0.556863 0.737255 0.478431
v -1.395775452 0.779461675 -5.656322994 0.517647 0.698039 0.466667
v -1.575641968 0.882868331 -5.519891486 0.525490 0.698039 0.439216
v -1.534318692 0.860736440 -5.558493967 0.501961 0.682353 0.419608
v -1.546944362 0.867472585 -5.550764298 0.509804 0.694118 0.482353
v -1.462274677 0.816215733 -5.611682970 0.545098 0.686275 0.486275
v -1.341024892 0.734054094 -5.657706331 0.501961 0.666667 0.400000
v -1.609350656 0.898294163 -5.494556230 0.556863 0.721569 0.478431
v -1.456590100 0.811590878 -5.616476028 0.541176 0.709804 0.517647
v -1.489717384 0.830055655 -5.590992242 0.498039 0.682353 0.458824
v -1.384233083 0.766322057 -5.659758047 0.541176 0.717647 0.494118
v -1.503341243 0.837157775 -5.580494991 0.639216 0.733333 0.600000
v -1.373912549 0.757602077 -5.661029771 0.517647 0.694118 0.435294
v -1.589824400 0.884292951 -5.512608561 0.521569 0.709804 0.450980
v -1.530008561 0.851680486 -5.566473940 0.454902 0.647059 0.415686
v -1.603368862 0.890338421 -5.503019854 0.556863 0.733333 0.505882
v -1.329972241 0.719829835 -5.660545421 0.423529 0.584314 0.407843
v -1.633155508 0.903291145 -5.468154950 0.556863 0.725490 0.443137
v -1.369210652 0.749249100 -5.661514386 0.494118 0.682353 0.411765
v -1.350537448 0.734250604 -5.660130181 0.498039 0.674510 0.403922
v -1.555304344 0.864079617 -5.550543133 0.505882 0.686275 0.447059
v -1.486610999 0.823099237 -5.598618215 0.443137 0.635294 0.411765
v -1.517112550 0.840703632 -5.576955396 0.419608 0.627451 0.388235
v -1.360200980 0.740175079 -5.661129287 0.513725 0.694118 0.403922
v -1.417511634 0.781354835 -5.649224714 0.525490 0.713725 0.470588
v -1.397349601 0.768022781 -5.657915665 0.556863 0.737255 0.513725
v -1.449762209 0.800052361 -5.626748635 0.552941 0.725490 0.494118
v -1.655180319 0.909235729 -5.436245619 0.643137 0.745098 0.549020
v -1.463760708 0.806948390 -5.615373916 0.470588 0.647059 0.423529
v -1.651234514 0.907250160 -5.446966933 0.568627 0.745098 0.447059
v -1.552735130 0.858400599 -5.555314093 0.509804 0.690196 0.439216
v -1.546357567 0.854881938 -5.561017600 0.525490 0.701961 0.450980
v -1.499584844 0.825544912 -5.588554910 0.650980 0.690196 0.592157
v -1.340342088 0.720808254 -5.661997139 0.517647 0.709804 0.419608
v -1.405664871 0.769040224 -5.656311805 0.631373 0.760784 0.564706
v -1.601022012 0.881943259 -5.514120935 0.537255 0.709804 0.407843
v -1.336120795 0.714481396 -5.664987094 0.368627 0.454902 0.305882
v -1.658456201 0.905070967 -5.442634085 0.678431 0.764706 0.568627
v -1.617347752 0.888448579 -5.501028260 0.580392 0.756863 0.462745
v -1.631606245 0.894456081 -5.483287060 0.568627 0.741176 0.466667
v -1.538378498 0.843922906 -5.568649598 0.525490 0.705882 0.470588
v -1.598573054 0.875698947 -5.522601120 0.564706 0.733333 0.443137
v -1.505666121 0.821142738 -5.589186263 0.627451 0.698039 0.545098
v -1.498221229 0.816450262 -5.594767446 0.596078 0.733333 0.572549
v -1.625201150 0.888508280 -5.495403812 0.588235 0.764706 0.513725
v -1.353079796 0.721665792 -5.663624604 0.505882 0.698039 0.431373
v -1.381608264 0.742859741 -5.662310196 0.537255 0.721569 0.470588
v -1.477912609 0.804261167 -5.612242882 0.572549 0.662745 0.498039
v -1.463816460 0.795878265 -5.622568592 0.525490 0.701961 0.474510
v -1.361457020 0.725896880 -5.663216501 0.517647 0.709804 0.454902
v -1.573866107 0.859962560 -5.547778661 0.486275 0.682353 0.450980
v -1.595832096 0.869374575 -5.527643644 0.533333 0.705882 0.470588
v -1.611765860 0.877719316 -5.512842114 0.576471 0.741176 0.462745
v -1.647752049 0.892898029 -5.470275908 0.580392 0.752941 0.478431
v -1.558761510 0.845589124 -5.562060365 0.509804 0.698039 0.443137
v -1.532969804 0.828750527 -5.576199472 0.537255 0.705882 0.494118
v -1.582905616 0.858354816 -5.543257682 0.541176 0.713725 0.482353
v -1.419435785 0.760301157 -5.656647742 0.635294 0.749020 0.564706
v -1.662787005 0.894888031 -5.452409602 0.545098 0.729412 0.439216
v -1.635403605 0.883735621 -5.491991183 0.564706 0.737255 0.470588
v -1.392162030 0.739409140 -5.662649120 0.549020 0.733333 0.482353
v -1.406172129 0.748712874 -5.660445242 0.529412 0.717647 0.486275
v -1.553207907 0.838023695 -5.567694313 0.525490 0.698039 0.490196
v -1.352574321 0.708669652 -5.667307521 0.541176 0.721569 0.450980
v -1.648623282 0.887664607 -5.476340760 0.576471 0.752941 0.462745
v -1.382237722 0.730514463 -5.664137096 0.533333 0.721569 0.450980
v -1.455020058 0.779293554 -5.636244385 0.568627 0.729412 0.482353
v -1.615879699 0.871917867 -5.515838716 0.576471 0.752941 0.478431
v -1.490991819 0.799661358 -5.610309383 0.600000 0.709804 0.549020
v -1.474992177 0.789446815 -5.621592078 0.525490 0.701961 0.458824
v -1.525434170 0.818510645 -5.584972534 0.494118 0.662745 0.447059
v -1.541765509 0.828148849 -5.573976534 0.529412 0.705882 0.482353
v -1.437022469 0.766597183 -5.649299256 0.529412 0.705882 0.470588
v -1.344672082 0.700730178 -5.671771680 0.298039 0.337255 0.266667
v -1.532302126 0.820732987 -5.580527225 0.450980 0.643137 0.415686
v -1.602778435 0.861908030 -5.532821795 0.533333 0.717647 0.462745
v -1.370375363 0.716403262 -5.665748605 0.549020 0.733333 0.482353
v -1.613218440 0.866321869 -5.520616358 0.556863 0.737255 0.486275
v -1.592259800 0.855204321 -5.540608725 0.541176 0.705882 0.458824
v -1.628602034 0.873276165 -5.506495075 0.556863 0.729412 0.478431
v -1.554437224 0.830572609 -5.571337278 0.533333 0.705882 0.462745
v -1.648077012 0.880126393 -5.484900549 0.545098 0.721569 0.435294
v -1.471853713 0.779533856 -5.628850193 0.517647 0.705882 0.450980
v -1.520108380 0.806887375 -5.595096403 0.549020 0.725490 0.525490
v -1.660096213 0.883309817 -5.473547620 0.529412 0.705882 0.423529
v -1.393040226 0.726161893 -5.664855486 0.509804 0.698039 0.435294
v -1.508813738 0.798571365 -5.604114456 0.764706 0.792157 0.662745
v -1.618824797 0.860943581 -5.517715256 0.639216 0.807843 0.537255
v -1.575743314 0.837280779 -5.557170032 0.572549 0.745098 0.498039
v -1.354536532 0.695481568 -5.672219508 0.352941 0.411765 0.333333
v -1.491418629 0.787030728 -5.617369334 0.525490 0.705882 0.466667
v -1.601987976 0.851421970 -5.539223178 0.584314 0.752941 0.462745
v -1.657860597 0.878928916 -5.479423871 0.537255 0.705882 0.411765
v -1.409254306 0.734072982 -5.662425093 0.513725 0.705882 0.447059
v -1.561663081 0.827050917 -5.568287104 0.525490 0.705882 0.462745
v -1.675546804 0.884109453 -5.450216971 0.549020 0.694118 0.411765
v -1.648277611 0.871129601 -5.491698511 0.545098 0.725490 0.454902
v -1.614404782 0.854124268 -5.527799358 0.552941 0.745098 0.470588
v -1.475904490 0.773643609 -5.631171773 0.537255 0.721569 0.466667
v -1.431478955 0.745815740 -5.658373797 0.517647 0.698039 0.447059
v -1.377065992 0.705570535 -5.665788680 0.501961 0.658824 0.380392
v -1.605424712 0.847600190 -5.536280542 0.549020 0.725490 0.494118
v -1.571671920 0.827946255 -5.561508079 0.494118 0.682353 0.447059
v -1.579345874 0.831396870 -5.555442916 0.501961 0.690196 0.454902
v -1.542407882 0.810190906 -5.585269438 0.450980 0.643137 0.407843
v -1.590931838 0.837307874 -5.546907339 0.525490 0.705882 0.462745
v -1.398134749 0.719233512 -5.666142773 0.552941 0.737255 0.490196
v -1.529534185 0.801446360 -5.594415863 0.564706 0.698039 0.505882
v -1.456090285 0.757984709 -5.647250770 0.501961 0.682353 0.443137
v -1.405742974 0.722284203 -5.665355565 0.568627 0.737255 0.486275
v -1.675194632 0.877789404 -5.462835365 0.384314 0.560784 0.282353
v -1.468677903 0.763838901 -5.639658652 0.545098 0.725490 0.458824
v -1.366199292 0.692126710 -5.669600497 0.600000 0.713725 0.501961
v -1.645072083 0.862589060 -5.501334369 0.498039 0.674510 0.403922
v -1.513238210 0.787691954 -5.607060239 0.580392 0.690196 0.509804
v -1.566000194 0.818438865 -5.568705032 0.490196 0.682353 0.423529
v -1.651579916 0.863590007 -5.488076572 0.505882 0.690196 0.392157
v -1.616078064 0.846372817 -5.528009693 0.584314 0.749020 0.494118
v -1.551492057 0.809379687 -5.578485041 0.486275 0.674510 0.427451
v -1.430010718 0.735532770 -5.660685805 0.549020 0.729412 0.482353
v -1.672399389 0.873448853 -5.474923292 0.513725 0.658824 0.356863
v -1.644541414 0.858409445 -5.508080753 0.521569 0.682353 0.388235
v -1.493903298 0.771761696 -5.625409880 0.533333 0.694118 0.466667
v -1.488557227 0.768653497 -5.629987703 0.525490 0.701961 0.458824
v -1.503998775 0.776731399 -5.616528967 0.521569 0.670588 0.458824
v -1.542605500 0.800054174 -5.592521098 0.450980 0.631373 0.415686
v -1.680094731 0.872266732 -5.463816820 0.494118 0.662745 0.349020
v -1.528648329 0.790517600 -5.601335739 0.454902 0.635294 0.407843
v -1.390251238 0.700809259 -5.667987210 0.509804 0.662745 0.360784
v -1.684223435 0.874488105 -5.462284207 0.490196 0.650980 0.349020
v -1.613118042 0.835977497 -5.534951145 0.556863 0.737255 0.474510
v -1.627236232 0.843042065 -5.520223760 0.396078 0.443137 0.341176
v -1.429506951 0.726703627 -5.662808451 0.517647 0.705882 0.474510
v -1.588161560 0.821239105 -5.556685730 0.513725 0.709804 0.458824
v -1.398977133 0.703851429 -5.670342231 0.494118 0.678431 0.407843
v -1.552325058 0.798671799 -5.586309024 0.458824 0.643137 0.400000
v -1.382902105 0.689579772 -5.672301737 0.537255 0.698039 0.450980
v -1.645762146 0.851891119 -5.515286287 0.517647 0.694118 0.396078
v -1.473721521 0.751631841 -5.645508609 0.458824 0.639216 0.392157
v -1.610493461 0.829486887 -5.539357388 0.529412 0.713725 0.454902
v -1.544611909 0.792868955 -5.595168524 0.482353 0.670588 0.427451
v -1.504903267 0.768207180 -5.621402560 0.458824 0.647059 0.403922
v -1.653997337 0.851967432 -5.501221333 0.529412 0.709804 0.392157
v -1.428057478 0.719572487 -5.664647730 0.529412 0.701961 0.462745
v -1.602524834 0.823748151 -5.547532448 0.564706 0.737255 0.478431
v -1.631871721 0.840249050 -5.524613918 0.513725 0.670588 0.411765
v -1.407562801 0.704729623 -5.671482789 0.549020 0.733333 0.462745
v -1.521548140 0.775992247 -5.611461843 0.478431 0.658824 0.427451
v -1.379296367 0.682556279 -5.675229679 0.560784 0.643137 0.521569
v -1.564520775 0.800329148 -5.578800727 0.498039 0.694118 0.427451
v -1.462381944 0.740339778 -5.653603960 0.619608 0.701961 0.545098
v -1.399496549 0.696559199 -5.674503363 0.486275 0.670588 0.392157
v -1.435869665 0.721657158 -5.663609629 0.533333 0.705882 0.486275
v -1.626725220 0.834393610 -5.530259190 0.400000 0.403922 0.376471
v -1.446221961 0.727296864 -5.660852481 0.549020 0.725490 0.498039
v -1.648048936 0.846026229 -5.518448484 0.513725 0.698039 0.392157
v -1.593471129 0.814092534 -5.557977244 0.505882 0.698039 0.450980
v -1.481727380 0.749823225 -5.643901532 0.525490 0.705882 0.450980
v -1.498699355 0.759418668 -5.630885681 0.568627 0.737255 0.486275
v -1.416759832 0.706256468 -5.670762493 0.521569 0.698039 0.427451
v -1.515054295 0.767740735 -5.616012815 0.705882 0.709804 0.600000
v -1.474944546 0.744596745 -5.648553744 0.517647 0.698039 0.462745
v -1.635499579 0.835866615 -5.522888130 0.478431 0.670588 0.392157
v -1.585861670 0.808127329 -5.564718490 0.501961 0.694118 0.435294
v -1.432118528 0.712655705 -5.666995400 0.525490 0.705882 0.450980
v -1.390111203 0.683524222 -5.680204650 0.466667 0.650980 0.376471
v -1.642180797 0.837922156 -5.524818192 0.454902 0.635294 0.364706
v -1.560297554 0.790875575 -5.588033970 0.509804 0.686275 0.474510
v -1.602280678 0.814243980 -5.554457612 0.462745 0.635294 0.384314
v -1.536762491 0.776151858 -5.608614692 0.466667 0.658824 0.427451
v -1.408198969 0.694476793 -5.677492075 0.482353 0.654902 0.400000
v -1.624749568 0.824768658 -5.534859849 0.541176 0.705882 0.470588
v -1.530465414 0.771918161 -5.612142270 0.474510 0.662745 0.431373
v -1.609240271 0.816075358 -5.550757116 0.505882 0.701961 0.435294
v -1.575224365 0.795837296 -5.578235532 0.517647 0.713725 0.458824
v -1.515990346 0.760301546 -5.619920045 0.639216 0.635294 0.545098
v -1.568856345 0.789940294 -5.584712395 0.525490 0.701961 0.470588
v -1.392336341 0.677996370 -5.685238809 0.317647 0.368627 0.321569
v -1.527061924 0.764233606 -5.617708643 0.494118 0.682353 0.435294
v -1.649212944 0.835050809 -5.527371429 0.490196 0.662745 0.392157
v -1.510684600 0.753702279 -5.627260820 0.588235 0.662745 0.505882
v -1.621311923 0.817249638 -5.544218293 0.564706 0.733333 0.494118
v -1.594244891 0.801430453 -5.564843591 0.541176 0.725490 0.454902
v -1.408215674 0.687731317 -5.682739877 0.427451 0.600000 0.341176
v -1.477903981 0.733950019 -5.653359811 0.647059 0.721569 0.545098
v -1.662701340 0.839685885 -5.510692403 0.498039 0.682353 0.403922
v -1.642707794 0.828461451 -5.527895377 0.517647 0.701961 0.427451
v -1.657233482 0.837948863 -5.523717204 0.494118 0.670588 0.376471
v -1.615926013 0.813236231 -5.553506294 0.372549 0.517647 0.254902
v -1.469251759 0.725900738 -5.658016192 0.486275 0.658824 0.435294
v -1.434319312 0.701885558 -5.671970075 0.513725 0.690196 0.435294
v -1.678037361 0.845011193 -5.500099929 0.486275 0.670588 0.384314
v -1.558586205 0.777647273 -5.597042200 0.529412 0.713725 0.470588
v -1.458218917 0.716389964 -5.663505221 0.513725 0.694118 0.443137
v -1.584971808 0.791465926 -5.576835579 0.568627 0.749020 0.490196
v -1.689704844 0.852057246 -5.499984443 0.423529 0.603922 0.309804
v -1.548834848 0.770557133 -5.606243593 0.521569 0.705882 0.447059
v -1.639820776 0.821601299 -5.532701643 0.498039 0.690196 0.407843
v -1.523869397 0.755286520 -5.622750715 0.482353 0.662745 0.431373
v -1.644866926 0.825731693 -5.533991262 0.478431 0.678431 0.400000
v -1.674381131 0.841139158 -5.505572451 0.494118 0.686275 0.388235
v -1.540172905 0.763015163 -5.615042229 0.505882 0.686275 0.450980
v -1.556142537 0.771624040 -5.601599796 0.521569 0.709804 0.458824
v -1.565710905 0.776586141 -5.593224962 0.549020 0.709804 0.462745
v -1.654576618 0.827480757 -5.526300660 0.517647 0.701961 0.396078
v -1.507970941 0.742611458 -5.637405546 0.572549 0.749020 0.513725
v -1.447282007 0.703889275 -5.670269557 0.541176 0.713725 0.458824
v -1.608333275 0.799387421 -5.560746917 0.513725 0.705882 0.435294
v -1.624535144 0.809247835 -5.551868669 0.462745 0.572549 0.286275
v -1.520903749 0.748432127 -5.626492963 0.447059 0.580392 0.392157
v -1.637647503 0.815225185 -5.537167162 0.509804 0.701961 0.431373
v -1.515267680 0.744916577 -5.630883497 0.823529 0.717647 0.701961
v -1.418368763 0.683197924 -5.688872628 0.443137 0.615686 0.376471
v -1.596665136 0.790235704 -5.570643788 0.549020 0.737255 0.474510
v -1.588132094 0.784438243 -5.578194254 0.533333 0.725490 0.478431
v -1.670681947 0.830839750 -5.526389591 0.423529 0.603922 0.325490
v -1.460843322 0.704962697 -5.668242059 0.541176 0.709804 0.458824
v -1.690494687 0.840981217 -5.511058508 0.517647 0.654902 0.415686
v -1.509465662 0.734704722 -5.641928225 0.537255 0.713725 0.490196
v -1.625751478 0.800450836 -5.552177425 0.529412 0.678431 0.478431
v -1.560265129 0.763230916 -5.605138775 0.533333 0.682353 0.450980
v -1.432713887 0.684640411 -5.684361014 0.498039 0.678431 0.435294
v -1.684179168 0.833616882 -5.513608610 0.478431 0.654902 0.380392
v -1.657697625 0.818505653 -5.534451876 0.458824 0.596078 0.286275
v -1.448825715 0.692928518 -5.675431881 0.525490 0.709804 0.470588
v -1.525984429 0.740962846 -5.631388998 0.478431 0.654902 0.435294
v -1.576445970 0.769012201 -5.592734199 0.501961 0.690196 0.450980
v -1.547747379 0.753307698 -5.619148096 0.545098 0.729412 0.458824
v -1.492614524 0.720072430 -5.656800207 0.600000 0.733333 0.552941
v -1.687359068 0.833982226 -5.517568639 0.462745 0.631373 0.356863
v -1.694262831 0.835754320 -5.510195352 0.360784 0.517647 0.301961
v -1.518210113 0.732682500 -5.638248593 0.803922 0.721569 0.694118
v -1.441114020 0.682132351 -5.683486423 0.552941 0.737255 0.498039
v -1.618029993 0.787132625 -5.562348076 0.568627 0.713725 0.537255
v -1.633016390 0.795515880 -5.552405659 0.470588 0.658824 0.400000
v -1.675605270 0.822128631 -5.529971308 0.400000 0.545098 0.290196
v -1.685182046 0.827293461 -5.523818489 0.384314 0.552941 0.290196
v -1.698060289 0.833769518 -5.514563686 0.368627 0.525490 0.305882
v -1.717111862 0.846271542 -5.507558037 0.364706 0.541176 0.215686
v -1.504446783 0.718308026 -5.653846134 0.603922 0.643137 0.501961
v -1.541225696 0.738863728 -5.630459094 0.533333 0.717647 0.454902
v -1.581034688 0.760023216 -5.596141596 0.552941 0.717647 0.474510
v -1.610412593 0.774907237 -5.572193924 0.588235 0.717647 0.533333
v -1.679306925 0.817925927 -5.534105652 0.501961 0.678431 0.415686
v -1.566537868 0.750246344 -5.609883757 0.521569 0.701961 0.474510
v -1.712664275 0.836734996 -5.508251349 0.431373 0.588235 0.333333
v -1.466945168 0.689133487 -5.674130651 0.576471 0.741176 0.513725
v -1.708854557 0.834708092 -5.514799982 0.427451 0.603922 0.286275
v -1.439403110 0.671817446 -5.690183675 0.231373 0.309804 0.243137
v -1.686105660 0.819337500 -5.526244356 0.490196 0.631373 0.380392
v -1.553147248 0.741602281 -5.623264160 0.525490 0.709804 0.454902
v -1.696551882 0.823856243 -5.517760563 0.462745 0.643137 0.376471
v -1.634635918 0.786011257 -5.556480675 0.486275 0.674510 0.403922
v -1.726280133 0.841413741 -5.503062037 0.384314 0.541176 0.341176
v -1.607762964 0.768593986 -5.576769480 0.603922 0.701961 0.552941
v -1.535778439 0.727803048 -5.638434782 0.486275 0.670588 0.439216
v -1.600585046 0.763333589 -5.583584181 0.564706 0.725490 0.545098
v -1.721134017 0.837100510 -5.514847678 0.400000 0.576471 0.247059
v -1.628975559 0.778294503 -5.562894881 0.517647 0.674510 0.439216
v -1.579876227 0.749963818 -5.603144710 0.482353 0.678431 0.443137
v -1.449731833 0.668784588 -5.685518444 0.549020 0.643137 0.529412
v -1.485780720 0.692383587 -5.669663372 0.592157 0.756863 0.529412
v -1.520983577 0.714175535 -5.649078936 0.835294 0.811765 0.784314
v -1.722123893 0.833308113 -5.510086365 0.431373 0.600000 0.309804
v -1.674582043 0.803929066 -5.539390160 0.486275 0.686275 0.427451
v -1.621093798 0.769863863 -5.571574054 0.572549 0.752941 0.517647
v -1.493163479 0.694597202 -5.667806925 0.603922 0.768627 0.541176
v -1.664326428 0.795396239 -5.547649459 0.486275 0.666667 0.380392
v -1.687937535 0.811056406 -5.537958978 0.498039 0.650980 0.380392
v -1.459136574 0.670912283 -5.680387969 0.631373 0.792157 0.572549
v -1.591055931 0.749787390 -5.596452376 0.713725 0.764706 0.666667
v -1.681288592 0.804668090 -5.539524697 0.466667 0.650980 0.364706
v -1.545061420 0.724764920 -5.637405411 0.603922 0.776471 0.560784
v -1.507842227 0.701291213 -5.661565174 0.580392 0.756863 0.525490
v -1.572532002 0.738644092 -5.613137761 0.682353 0.725490 0.611765
v -1.566488394 0.735074679 -5.619656922 0.580392 0.713725 0.537255
v -1.482230194 0.683143618 -5.671977115 0.592157 0.752941 0.513725
v -1.701668862 0.815896743 -5.535134686 0.435294 0.611765 0.325490
v -1.532141956 0.713447671 -5.647540075 0.513725 0.654902 0.509804
v -1.602250226 0.752234099 -5.588230235 0.525490 0.682353 0.486275
v -1.633280940 0.770159767 -5.566880304 0.537255 0.709804 0.458824
v -1.719880843 0.822668744 -5.520110459 0.415686 0.584314 0.325490
v -1.709051498 0.815739148 -5.528410001 0.454902 0.627451 0.317647
v -1.697850720 0.808904680 -5.536905817 0.490196 0.647059 0.372549
v -1.704556926 0.812460850 -5.534667007 0.482353 0.639216 0.352941
v -1.625251482 0.760999153 -5.575199743 0.513725 0.698039 0.466667
v -1.676231106 0.792383031 -5.547703310 0.486275 0.647059 0.380392
v -1.512781682 0.694879107 -5.661143213 0.588235 0.745098 0.564706
v -1.577273351 0.731739400 -5.615124455 0.494118 0.643137 0.454902
v -1.561853254 0.723479074 -5.629967092 0.435294 0.513725 0.321569
v -1.684482891 0.796318598 -5.546817363 0.466667 0.650980 0.376471
v -1.461684331 0.658548715 -5.679961090 0.729412 0.819608 0.666667
v -1.537869616 0.709685711 -5.651535214 0.337255 0.447059 0.215686
v -1.708852068 0.811484216 -5.538978392 0.470588 0.639216 0.333333
v -1.544194832 0.712088662 -5.647264855 0.388235 0.482353 0.258824
v -1.525437442 0.698746253 -5.654238528 0.800000 0.498039 0.572549
v -1.493920277 0.678052603 -5.668672347 0.584314 0.756863 0.541176
v -1.720718265 0.818194342 -5.533562228 0.505882 0.627451 0.345098
v -1.670203599 0.783629290 -5.554782795 0.529412 0.686275 0.419608
v -1.479919177 0.667413172 -5.673733697 0.607843 0.768627 0.541176
v -1.621312573 0.752466925 -5.581482392 0.545098 0.701961 0.462745
v -1.691823737 0.796506676 -5.543986581 0.482353 0.662745 0.384314
v -1.638839694 0.761068450 -5.570632939 0.545098 0.729412 0.462745
v -1.713826375 0.809922259 -5.536205141 0.521569 0.662745 0.384314
v -1.507990645 0.683062982 -5.662740623 0.580392 0.760784 0.556863
v -1.520490334 0.691089990 -5.659331239 0.568627 0.631373 0.501961
v -1.702657874 0.800529242 -5.542175791 0.482353 0.647059 0.372549
v -1.658889841 0.771331583 -5.562420207 0.525490 0.709804 0.466667
v -1.564106335 0.715600198 -5.631133990 0.521569 0.666667 0.466667
v -1.670605610 0.778350888 -5.559760636 0.478431 0.607843 0.301961
v -1.689275139 0.789814281 -5.548806452 0.509804 0.678431 0.411765
v -1.545742213 0.704680928 -5.648730689 0.607843 0.733333 0.611765
v -1.468575979 0.650388011 -5.677654205 0.262745 0.294118 0.313725
v -1.667880562 0.773609920 -5.559114020 0.529412 0.709804 0.462745
v -1.540164870 0.697912849 -5.651473606 0.556863 0.713725 0.541176
v -1.586909694 0.722735810 -5.613682202 0.564706 0.741176 0.509804
v -1.626844406 0.745420698 -5.583086272 0.513725 0.690196 0.478431
v -1.554417090 0.704952517 -5.643612083 0.541176 0.721569 0.501961
v -1.639164581 0.752152929 -5.574030443 0.545098 0.733333 0.494118
v -1.600304270 0.729301445 -5.602915462 0.576471 0.756863 0.525490
v -1.573584108 0.713664731 -5.626182888 0.521569 0.701961 0.474510
v -1.727216158 0.808362775 -5.534509186 0.435294 0.584314 0.325490
v -1.709552739 0.796848845 -5.545896712 0.470588 0.643137 0.380392
v -1.611170350 0.733370397 -5.595456131 0.576471 0.760784 0.529412
v -1.667446892 0.765920482 -5.561928871 0.521569 0.701961 0.462745
v -1.542341318 0.693028324 -5.654425322 0.419608 0.474510 0.286275
v -1.726492284 0.805972364 -5.542233674 0.435294 0.576471 0.282353
v -1.618996383 0.734953564 -5.591326846 0.552941 0.733333 0.509804
v -1.661709264 0.759967702 -5.565322307 0.541176 0.705882 0.462745
v -1.532864625 0.683317423 -5.654573583 0.435294 0.556863 0.450980
v -1.529478618 0.679632596 -5.653813177 0.411765 0.498039 0.352941
v -1.635522393 0.741529259 -5.580575821 0.552941 0.729412 0.498039
v -1.491053070 0.652474348 -5.669881001 0.235294 0.384314 0.137255
v -1.701482001 0.783985102 -5.552553328 0.580392 0.705882 0.450980
v -1.587707964 0.712500018 -5.618817358 0.556863 0.733333 0.509804
v -1.657245827 0.752777468 -5.568758405 0.525490 0.701961 0.458824
v -1.514437127 0.665657800 -5.661771965 0.643137 0.800000 0.580392
v -1.740465374 0.807317243 -5.538839385 0.498039 0.627451 0.368627
v -1.529740037 0.676622003 -5.665456596 0.662745 0.462745 0.486275
v -1.613092562 0.722421618 -5.598418912 0.611765 0.780392 0.552941
v -1.666856802 0.754367195 -5.564363127 0.521569 0.701961 0.458824
v -1.645813716 0.741047737 -5.575818243 0.572549 0.737255 0.517647
v -1.728004805 0.796338801 -5.544076346 0.498039 0.662745 0.372549
v -1.499163818 0.650718687 -5.666909086 0.290196 0.317647 0.301961
v -1.548649248 0.684374785 -5.650573283 0.525490 0.709804 0.498039
v -1.529071485 0.671037084 -5.661442748 0.466667 0.552941 0.392157
v -1.535629984 0.674596895 -5.656470668 0.423529 0.568627 0.368627
v -1.512385168 0.658102731 -5.664159828 0.733333 0.815686 0.698039
v -1.578442458 0.699632383 -5.631056903 0.552941 0.721569 0.478431
v -1.654687697 0.741598689 -5.572225930 0.572549 0.745098 0.537255
v -1.635951037 0.728593840 -5.584225740 0.584314 0.756863 0.537255
v -1.661494760 0.743522656 -5.569484403 0.588235 0.756863 0.541176
v -1.575353457 0.693955073 -5.635831826 0.584314 0.760784 0.521569
v -1.731583032 0.791866147 -5.547848769 0.537255 0.674510 0.372549
v -1.742857553 0.799324455 -5.544740064 0.549020 0.658824 0.431373
v -1.560034669 0.682926032 -5.648549392 0.545098 0.733333 0.517647
v -1.723824630 0.784129212 -5.551101235 0.537255 0.674510 0.415686
v -1.705303886 0.770907808 -5.555819844 0.576471 0.741176 0.490196
v -1.604990556 0.707430847 -5.610727159 0.592157 0.752941 0.549020
v -1.621200353 0.713773905 -5.596830304 0.603922 0.768627 0.549020
v -1.535005354 0.666172640 -5.676885999 0.384314 0.509804 0.278431
v -1.638065013 0.719264459 -5.585343398 0.596078 0.776471 0.560784
v -1.689561674 0.750737905 -5.559460747 0.549020 0.729412 0.494118
v -1.577918592 0.684006347 -5.639902903 0.588235 0.760784 0.525490
v -1.546451549 0.664021757 -5.658795172 0.596078 0.737255 0.517647
v -1.540295571 0.661336112 -5.668163877 0.400000 0.368627 0.290196
v -1.708433652 0.762062518 -5.556873482 0.509804 0.705882 0.486275
v -1.632912069 0.711317354 -5.589933375 0.603922 0.768627 0.564706
v -1.626167740 0.705316723 -5.594911122 0.666667 0.819608 0.615686
v -1.725384782 0.771107609 -5.554741721 0.533333 0.698039 0.454902
v -1.747646675 0.787897182 -5.557319899 0.529412 0.639216 0.364706
v -1.704462488 0.754313240 -5.556596859 0.525490 0.717647 0.501961
v -1.562651318 0.668671214 -5.650431795 0.560784 0.741176 0.513725
v -1.686503319 0.740628970 -5.560373568 0.596078 0.768627 0.521569
v -1.675237236 0.732777026 -5.564712913 0.615686 0.800000 0.596078
v -1.613843275 0.696495451 -5.610205473 0.568627 0.737255 0.498039
v -1.736504384 0.777094143 -5.556753151 0.627451 0.752941 0.470588
v -1.590548181 0.683671639 -5.632934294 0.564706 0.745098 0.513725
v -1.647800482 0.713833228 -5.580269200 0.607843 0.760784 0.521569
v -1.604679527 0.685334102 -5.622693549 0.619608 0.776471 0.552941
v -1.661261938 0.715807037 -5.571747808 0.600000 0.764706 0.533333
v -1.557316114 0.654548576 -5.656540142 0.486275 0.478431 0.466667
v -1.748381416 0.776742155 -5.561486941 0.615686 0.650980 0.537255
v -1.654727915 0.706766320 -5.575449157 0.611765 0.780392 0.568627
v -1.725807284 0.756080543 -5.554211642 0.549020 0.733333 0.541176
v -1.707260202 0.741876791 -5.556320938 0.400000 0.556863 0.290196
v -1.724891943 0.755407374 -5.556721028 0.701961 0.827451 0.603922
v -1.597784026 0.676825382 -5.632802026 0.533333 0.717647 0.474510
v -1.683342022 0.724200490 -5.562025413 0.423529 0.509804 0.321569
v -1.720320409 0.749651075 -5.554279564 0.568627 0.737255 0.529412
v -1.716855388 0.747278767 -5.557732134 0.694118 0.819608 0.580392
v -1.700520591 0.733704064 -5.554482191 0.564706 0.756863 0.533333
v -1.685536699 0.722200336 -5.555057725 0.615686 0.784314 0.552941
v -1.574913930 0.661262389 -5.650088373 0.521569 0.717647 0.490196
v -1.669493835 0.709726858 -5.561901267 0.596078 0.780392 0.568627
v -1.591537954 0.669539505 -5.641140178 0.552941 0.737255 0.490196
v -1.740025860 0.762436356 -5.558073917 0.623529 0.729412 0.478431
v -1.747265490 0.767997279 -5.559452431 0.768627 0.764706 0.682353
v -1.737241275 0.758770032 -5.553806916 0.466667 0.623529 0.337255
v -1.583631995 0.663677793 -5.647157251 0.584314 0.760784 0.513725
v -1.646626172 0.693646290 -5.579194556 0.639216 0.807843 0.607843
v -1.696145823 0.726193094 -5.558085302 0.360784 0.470588 0.278431
v -1.735204012 0.755475065 -5.556180121 0.690196 0.788235 0.545098
v -1.718550754 0.741143152 -5.551859417 0.572549 0.745098 0.505882
v -1.682176132 0.711974630 -5.553440376 0.619608 0.800000 0.572549
v -1.697825851 0.723277772 -5.551305598 0.658824 0.780392 0.580392
v -1.608697193 0.672107639 -5.629623701 0.580392 0.745098 0.482353
v -1.669394674 0.700214227 -5.558015075 0.639216 0.819608 0.596078
v -1.629089831 0.680037411 -5.601707979 0.643137 0.788235 0.541176
v -1.735481216 0.749521661 -5.553153146 0.533333 0.643137 0.415686
v -1.675187557 0.702505071 -5.553135575 0.607843 0.780392 0.568627
v -1.682111926 0.706272701 -5.549808589 0.607843 0.658824 0.584314
v -1.711862988 0.729356357 -5.556696715 0.298039 0.458824 0.223529
v -1.654281326 0.687083100 -5.568860900 0.615686 0.780392 0.580392
v -1.636964545 0.676789499 -5.587573104 0.643137 0.800000 0.603922
v -1.603118090 0.663986303 -5.639360367 0.521569 0.701961 0.458824
v -1.626712667 0.674415194 -5.610883513 0.658824 0.815686 0.537255
v -1.620311471 0.671809106 -5.620634838 0.619608 0.772549 0.505882
v -1.662221967 0.687360390 -5.560383553 0.635294 0.803922 0.580392
v -1.669258123 0.689936058 -5.551833084 0.698039 0.831373 0.658824
v -1.644177596 0.675852774 -5.575118653 0.654902 0.807843 0.576471
v -1.596048840 0.655752516 -5.648521036 0.572549 0.725490 0.513725
v -1.688266714 0.700699077 -5.551842424 0.666667 0.800000 0.580392
v -1.643116587 0.671254081 -5.573676815 0.674510 0.776471 0.596078
v -1.636332664 0.670384365 -5.591989287 0.623529 0.780392 0.549020
v -1.643484770 0.667798415 -5.576779543 0.749020 0.792157 0.635294
v -1.639053056 0.665245518 -5.583882545 0.619608 0.760784 0.525490
v -1.658684435 0.673451718 -5.559605032 0.556863 0.541176 0.529412
v -1.633477267 0.662217960 -5.606994833 0.250980 0.364706 0.172549
v -1.620372837 0.657624295 -5.637219671 0.517647 0.580392 0.501961
vn 0.268028350 -0.675031787 0.687381182
vn 0.265770821 -0.663002697 0.699852337
vn 0.329004375 -0.662325764 0.673112697
vn 0.169815773 -0.635969185 0.752798645
vn 0.440669132 -0.696195887 0.566676277
vn 0.016998042 -0.656493195 0.754140406
vn 0.300947187 -0.627242739 0.718329546
vn 0.560720705 -0.589772624 0.581171699
vn 0.195102921 -0.704849129 0.681998941
vn -0.018254867 -0.634361829 0.772820697
vn 0.505317006 -0.607842176 0.612521520
vn 0.019692783 -0.536988516 0.843359667
vn -0.066010195 -0.559153162 0.826432329
vn -0.161552229 -0.584952750 0.794815172
vn -0.022457622 -0.568335928 0.822490078
vn 0.468156053 -0.461247164 0.753711459
vn 0.215181544 -0.374853126 0.901766066
vn 0.443516485 -0.198139179 0.874090381
vn 0.655060413 -0.448487138 0.608074948
vn 0.350749928 -0.541750736 0.763859037
vn 0.535845465 -0.472587462 0.699664726
vn 0.005113233 -0.489645503 0.871906610
vn 0.631025772 -0.543103052 0.553936414
vn 0.356411911 -0.090623545 0.929923611
vn 0.514498373 -0.240578245 0.823051354
vn 0.375726642 0.007663373 0.926698852
vn 0.406629630 -0.152546992 0.900767317
vn -0.041583726 -0.508414612 0.860107770
vn 0.605410755 -0.413076511 0.680327578
vn 0.637998427 -0.289082047 0.713715334
vn 0.014138228 -0.368676245 0.929450341
vn -0.036930339 -0.546543267 0.836616165
vn 0.070151645 -0.397441926 0.914941890
vn 0.444958983 -0.068415247 0.892933849
vn 0.210717890 -0.405740417 0.889366451
vn 0.333928100 -0.174743867 0.926259470
vn 0.365173830 -0.265977472 0.892134552
vn 0.422015006 -0.432103640 0.796987941
vn 0.557379901 -0.323319361 0.764717096
vn 0.100855323 -0.293061215 0.950759343
vn 0.378318550 -0.148399347 0.913702746
vn 0.538183403 -0.332775652 0.774350689
vn 0.345736327 -0.110315353 0.931824509
vn 0.073825817 -0.295676248 0.952431260
vn 0.118475559 -0.306065886 0.944609557
vn 0.302853134 -0.315324384 0.899361169
vn 0.368719846 -0.196966043 0.908432746
vn 0.280592710 -0.294833647 0.913422603
vn 0.428601770 -0.090120435 0.898987669
vn 0.471612590 -0.575774033 0.667881597
vn 0.403860935 -0.424119346 0.810567163
vn 0.344378546 -0.447504320 0.825314062
vn 0.377216923 -0.128258772 0.917200676
vn 0.255151546 -0.345160804 0.903195277
vn 0.307063186 -0.278694068 0.909968030
vn 0.260454975 -0.193672232 0.945861656
vn 0.381882264 -0.546357081 0.745425970
vn 0.319086481 -0.303332575 0.897871464
vn 0.521094857 -0.745207378 0.416084264
vn 0.288953906 -0.631476812 0.719543380
vn 0.281084776 -0.298873309 0.911957287
vn 0.136691011 -0.438828448 0.888113259
vn 0.537680355 0.019816913 0.842915847
vn 0.466729747 -0.054426079 0.882723708
vn 0.379306267 -0.684985794 0.622029917
vn 0.459335409 -0.733587976 0.500858926
vn 0.230250291 -0.415864384 0.879796350
vn 0.205570743 -0.286971416 0.935621759
vn 0.274453935 -0.573856243 0.771598374
vn 0.383753153 -0.397651930 0.833430537
vn 0.380323171 -0.322052019 0.866969885
vn 0.439494192 -0.160638018 0.883764834
vn 0.305935003 -0.344654033 0.887478097
vn 0.615403396 -0.707404879 0.347644932
vn 0.310300061 -0.016796534 0.950490267
vn 0.293362456 -0.384341803 0.875339847
vn 0.581142699 -0.084141336 0.809440176
vn 0.549444248 -0.722211745 0.420144277
vn 0.527320296 -0.074038890 0.846434610
vn 0.526774404 -0.192563518 0.827905803
vn 0.282659445 -0.396279255 0.873536714
vn 0.631163891 -0.653855496 0.417259071
vn 0.301085684 -0.503801397 0.809649037
vn 0.375793176 -0.392977488 0.839254540
vn 0.503037969 -0.157640695 0.849765976
vn 0.291387717 -0.373411882 0.880713781
vn 0.480937753 -0.269603533 0.834273824
vn 0.267735467 -0.400128034 0.876478908
vn 0.350207868 -0.388240471 0.852422305
vn 0.456809666 -0.305638469 0.835410112
vn 0.413554211 -0.314354814 0.854490471
vn 0.296525407 -0.368329418 0.881139105
vn 0.368208462 -0.687079459 0.626373966
vn 0.321038946 -0.438790971 0.839283313
vn 0.468686803 -0.735202568 0.489703854
vn 0.347528102 -0.588912705 0.729661595
vn 0.380360336 -0.409807974 0.829085906
vn 0.343621818 -0.328818068 0.879660573
vn 0.393157597 -0.590185484 0.705059003
vn 0.396730497 -0.329198431 0.856874148
vn 0.343472309 -0.557932912 0.755471799
vn 0.578201417 -0.677160058 0.455123476
vn 0.454021345 -0.661245959 0.597175351
vn 0.497162150 -0.678374295 0.540960361
vn 0.422982577 -0.332833732 0.842797393
vn 0.544023921 -0.677852947 0.494523362
vn 0.460994059 -0.312754798 0.830463072
vn 0.637814993 -0.645675624 0.419875009
vn 0.401839743 -0.256192275 0.879141820
vn 0.409775893 -0.190179078 0.892141040
vn 0.686662070 -0.601221153 0.408690993
vn 0.368431927 -0.622153841 0.690783985
vn 0.366151135 -0.274570906 0.889125505
vn 0.421035016 -0.388096691 0.819823441
vn 0.688052608 -0.582988432 0.432097324
vn 0.492951345 -0.269405264 0.827296667
vn 0.507109410 -0.666203440 0.546820833
vn 0.270921647 -0.438668066 0.856838251
vn 0.473680418 -0.659259991 0.583954730
vn 0.600595238 -0.625891034 0.497539720
vn 0.299130705 -0.496429336 0.814910262
vn 0.570102114 -0.239777381 0.785805566
vn 0.512281219 -0.132416910 0.848548004
vn 0.473184321 -0.211540428 0.855188427
vn 0.754394491 -0.478226337 0.449653781
vn 0.677524963 -0.550887814 0.487321803
vn 0.447151417 -0.165567944 0.879001061
vn 0.388026065 -0.587730550 0.709935612
vn 0.447059836 -0.283758094 0.848303511
vn 0.785629770 -0.396234179 0.475167696
vn 0.369965697 -0.412094639 0.832648420
vn 0.353400296 -0.430462453 0.830548197
vn 0.357691412 -0.541923679 0.760510079
vn 0.555810358 -0.624649479 0.548532474
vn 0.414533202 -0.470067530 0.779229582
vn 0.456081789 -0.636218102 0.622266767
vn 0.359876593 -0.471808811 0.804913215
vn 0.642158360 -0.546215675 0.537848564
vn 0.429279869 -0.362393288 0.827278610
vn 0.685851675 -0.489179364 0.538805187
vn 0.234418576 -0.490742271 0.839178143
vn 0.535527217 -0.350857198 0.768186062
vn 0.404005569 -0.550586121 0.730502856
vn 0.795548505 -0.265186315 0.544774076
vn 0.346438006 -0.501281083 0.792904776
vn 0.294607675 -0.424362334 0.856225979
vn 0.452881451 -0.579728862 0.677357245
vn 0.422933612 -0.517431159 0.743903324
vn 0.397776468 -0.495474088 0.772191239
vn 0.563211937 -0.541228135 0.624391240
vn 0.508304463 -0.626603820 0.590757332
vn 0.781762198 -0.326278296 0.531404120
vn 0.265369103 -0.514663580 0.815291750
vn 0.752584581 -0.433425925 0.495740271
vn 0.792955681 -0.306612829 0.526507228
vn 0.291205129 -0.523029021 0.801024479
vn 0.353394713 -0.547654688 0.758410522
vn 0.715243877 -0.392974684 0.577924817
vn 0.427704941 -0.382245120 0.819119742
vn 0.307034231 -0.436343450 0.845774423
vn 0.335884562 -0.546621314 0.767063687
vn 0.331457838 -0.517937696 0.788591304
vn 0.509039042 -0.612227996 0.605025730
vn 0.622168122 -0.515671954 0.589057947
vn 0.408209545 -0.584269387 0.701423019
vn 0.771360829 -0.242309223 0.588463008
vn 0.204425745 -0.513018256 0.833680025
vn 0.761141933 -0.142969040 0.632631655
vn 0.283953377 -0.494238832 0.821643753
vn 0.470594969 -0.604663328 0.642590565
vn 0.402516009 -0.503222311 0.764688282
vn 0.313186203 -0.472691286 0.823697365
vn 0.742232026 -0.152713285 0.652510745
vn 0.528519449 -0.514400462 0.675321669
vn 0.645859412 -0.491361429 0.584319747
vn 0.335849328 -0.514195959 0.789181693
vn 0.432347639 -0.591921556 0.680223780
vn 0.279812817 -0.531352680 0.799605601
vn 0.723073380 -0.322338620 0.610952290
vn 0.477173977 -0.524281380 0.705290032
vn 0.425296485 -0.467411710 0.775015608
vn 0.281110734 -0.525787896 0.802822424
vn 0.403169207 -0.479767776 0.779280099
vn 0.674500142 -0.448821829 0.586181307
vn 0.346837926 -0.526167908 0.776434662
vn 0.378151477 -0.569850543 0.729569613
vn 0.259067548 -0.515304998 0.816911724
vn 0.668031820 -0.472458614 0.574905509
vn 0.546003813 -0.478795930 0.687484032
vn 0.344543715 -0.493896590 0.798345656
vn 0.588881078 -0.437566352 0.679525396
vn 0.453416332 -0.468351115 0.758327675
vn 0.394923565 -0.420835633 0.816659505
vn 0.467914640 -0.485000636 0.738803271
vn 0.663695819 -0.132843816 0.736111663
vn 0.496442023 -0.536008890 0.682817536
vn 0.730613875 -0.153473355 0.665318943
vn 0.658400526 -0.422876374 0.622643011
vn 0.584795809 -0.491762268 0.645123037
vn 0.423288766 -0.411067878 0.807372170
vn 0.453739771 -0.573403682 0.682149864
vn 0.643785740 -0.463157779 0.609118044
vn 0.276833220 -0.548962142 0.788672261
vn 0.602403828 -0.512884803 0.611603473
vn 0.340311171 -0.480482702 0.808285024
vn 0.352589407 -0.546050578 0.759940443
vn 0.720701162 -0.200800358 0.663527732
vn 0.427902506 -0.549846044 0.717334492
vn 0.495641505 -0.503074464 0.707994055
vn 0.337454955 -0.521961035 0.783377834
vn 0.332389506 -0.486135894 0.808201156
vn 0.231676188 -0.518778339 0.822918695
vn 0.726737425 -0.173604688 0.664615774
vn 0.452646635 -0.322338321 0.831389819
vn 0.639975924 -0.343066886 0.687557945
vn 0.652366155 -0.277769421 0.705168454
vn 0.440991369 -0.388530815 0.809055263
vn 0.495490313 -0.528281794 0.689498148
vn 0.578138027 -0.484904205 0.656219730
vn 0.293792935 -0.550464748 0.781456507
vn 0.447483113 -0.432408767 0.782803629
vn 0.793882261 -0.455453843 0.402880569
vn 0.468571348 -0.506923149 0.723512137
vn 0.584683453 -0.532570303 0.611975598
vn 0.422709345 -0.446483498 0.788650300
vn 0.263531894 -0.498883920 0.825630532
vn 0.485971874 -0.405718765 0.774095357
vn 0.310127140 -0.503466250 0.806438399
vn 0.703488118 -0.382443800 0.599033561
vn 0.539710459 -0.528875761 0.654983244
vn 0.313492597 -0.538238830 0.782317936
vn 0.250012363 -0.516264562 0.819124362
vn 0.305451624 -0.514481877 0.801253832
vn 0.462844524 -0.518594741 0.718911984
vn 0.583253840 -0.405927835 0.703589050
vn 0.689710315 -0.186089141 0.699764612
vn 0.356670274 -0.454201478 0.816386755
vn 0.641951915 -0.167529401 0.748218978
vn 0.390013362 -0.526963322 0.755115379
vn 0.612638908 -0.277171006 0.740168765
vn 0.386413557 -0.549712340 0.740608471
vn 0.480156532 -0.548526170 0.684520815
vn 0.616481021 -0.231382303 0.752604398
vn 0.582207648 -0.322949785 0.746148572
vn 0.373236151 -0.530596809 0.761026808
vn 0.305849749 -0.514774765 0.800913773
vn 0.467668965 0.141446474 0.872512828
vn 0.293503608 -0.486972143 0.822626139
vn 0.276338904 -0.576194535 0.769179217
vn 0.235934497 -0.519623762 0.821173587
vn 0.413223929 -0.528095218 0.741863481
vn 0.589520414 -0.299599710 0.750137118
vn 0.534012762 -0.466363599 0.705220082
vn 0.718903860 -0.183744625 0.670384332
vn 0.313075309 -0.592413301 0.742314173
vn 0.300642382 -0.471850299 0.828837411
vn 0.292359820 -0.517553805 0.804154087
vn 0.603872522 -0.413495393 0.681439313
vn 0.477305886 -0.521652628 0.707147529
vn 0.255365852 -0.474946172 0.842148689
vn 0.570300519 -0.234943672 0.787120568
vn 0.245287811 -0.517634367 0.819688082
vn 0.426319704 -0.416294975 0.803087793
vn 0.287137892 -0.456249986 0.842251614
vn 0.544666985 -0.473620988 0.692113456
vn 0.495687658 -0.521528101 0.694479795
vn 0.628645668 -0.212457689 0.748108518
vn 0.542728831 -0.296167491 0.785958163
vn 0.673586689 0.044327686 0.737777764
vn 0.635348539 -0.428161840 0.642658286
vn 0.770352386 -0.406889751 0.490915402
vn 0.656056503 -0.038184524 0.753745187
vn 0.560175119 -0.255253880 0.788066808
vn 0.188961142 -0.507690246 0.840561896
vn 0.348053422 -0.529425193 0.773671623
vn 0.275982044 -0.516255582 0.810749089
vn 0.558109906 -0.545697447 0.625082098
vn 0.418987147 -0.557961474 0.716330067
vn 0.504550319 -0.496800828 0.706128822
vn 0.427322610 -0.515270890 0.742893867
vn 0.461489491 -0.522900426 0.716660725
vn 0.303868525 -0.505389335 0.807617198
vn 0.280202623 -0.565573678 0.775637096
vn 0.471820677 -0.559560910 0.681378630
vn 0.314683715 -0.586737622 0.746132108
vn 0.485803536 -0.713623888 0.504713652
vn 0.520650849 -0.390492521 0.759235329
vn 0.718347404 -0.586498476 0.374161123
vn 0.429249418 -0.502343911 0.750596784
vn 0.380385644 0.376340363 0.844792692
vn 0.300782311 -0.538958358 0.786799778
vn 0.253255285 -0.522584707 0.814105021
vn 0.384979505 -0.586051538 0.712975719
vn 0.300971765 -0.560262471 0.771700693
vn 0.324783045 -0.480116282 0.814864608
vn 0.455114846 0.255268466 0.853058314
vn 0.252584860 -0.524656562 0.812979938
vn 0.498375686 -0.474465632 0.725605981
vn 0.831695450 -0.524884058 0.181050831
vn 0.524290588 -0.198251255 0.828139976
vn 0.335052358 -0.537756604 0.773665142
vn 0.321998554 -0.571870294 0.754507322
vn 0.354074304 -0.472248796 0.807225162
vn 0.540928961 -0.598617409 0.590807123
vn 0.542434725 -0.466733617 0.698515784
vn 0.431220068 -0.528592110 0.731190560
vn 0.664322504 -0.487601775 0.566498120
vn 0.506835142 -0.288974841 0.812164811
vn 0.502448653 -0.068866183 0.861860082
vn 0.207355834 0.484439662 0.849895153
vn 0.357437991 0.424040386 0.832122487
vn 0.353735960 -0.531306378 0.769795040
vn 0.537608003 -0.438874127 0.719977177
vn 0.488312670 -0.336479541 0.805190819
vn 0.557476339 -0.493935064 0.667269274
vn 0.488558160 -0.616916283 0.617029354
vn 0.358907695 -0.555751393 0.749883762
vn 0.489823096 -0.440636047 0.752272031
vn 0.284823729 -0.554744693 0.781750452
vn 0.469182906 -0.572840828 0.672101768
vn 0.482638464 -0.503683161 0.716493814
vn 0.460973871 -0.381113641 0.801408437
vn 0.501029554 -0.304451943 0.810110116
vn 0.362185268 -0.536086032 0.762517933
vn 0.448334052 -0.521641195 0.725869852
vn 0.249233478 0.387164977 0.887685730
vn 0.464346244 -0.470831226 0.750133669
vn 0.221786484 -0.558305922 0.799440587
vn 0.430375409 0.056844844 0.900858297
vn 0.216833541 -0.646321836 0.731608707
vn 0.473397098 -0.516552514 0.713490496
vn 0.318806907 -0.542470623 0.777230840
vn 0.362706007 -0.525043214 0.769918162
vn 0.115516019 -0.620411175 0.775722904
vn 0.293650308 -0.575145472 0.763529425
vn 0.300906848 -0.551882473 0.777740834
vn 0.579232116 -0.562880961 0.589622913
vn 0.255131424 0.358972906 0.897800874
vn 0.465007484 -0.408282039 0.785540462
vn 0.236863580 -0.564986982 0.790370390
vn 0.453935031 -0.322255059 0.830719366
vn 0.413297244 -0.534483415 0.737233252
vn 0.299581045 -0.608301077 0.734997277
vn 0.444961697 -0.348152679 0.825105327
vn 0.420562944 -0.203386641 0.884172316
vn 0.224032554 0.051881987 0.973199709
vn 0.280391929 -0.552495525 0.784938890
vn 0.327515870 -0.536552177 0.777717890
vn 0.287548779 0.253102431 0.923717954
vn 0.480810687 -0.582059353 0.655765196
vn 0.221581665 -0.618305930 0.754055265
vn 0.372611530 -0.574915046 0.728445837
vn 0.322028385 -0.575541743 0.751697693
vn 0.161681122 -0.616483066 0.770589284
vn 0.233979519 -0.598388368 0.766279939
vn 0.300303553 -0.603221179 0.738878870
vn 0.350559970 -0.538595620 0.766173913
vn 0.370532061 -0.503767441 0.780336054
vn 0.290939278 -0.536698359 0.792028540
vn 0.501788812 -0.618417021 0.604787877
vn 0.455322970 -0.491461014 0.742392797
vn 0.339523071 -0.533700348 0.774524385
vn 0.754670487 -0.538479452 0.374849750
vn 0.434043451 -0.428012306 0.792724258
vn 0.433127712 -0.526021103 0.731916788
vn 0.283027320 -0.042023312 0.958190783
vn 0.357659948 -0.592742220 0.721620415
vn 0.448453082 -0.364240054 0.816222407
vn 0.131916682 0.335415317 0.932788590
vn 0.267034801 -0.603821929 0.751060246
vn 0.429896096 -0.485439003 0.761274143
vn 0.353860541 -0.522392359 0.775815017
vn 0.354592200 -0.520261555 0.776912019
vn 0.462866787 -0.649593490 0.603143959
vn 0.434998313 -0.326249294 0.839248393
vn 0.322552815 -0.583722161 0.745136310
vn 0.421091615 -0.346771248 0.838111898
vn 0.311657006 -0.196916468 0.929566466
vn 0.350112770 -0.506916189 0.787690945
vn -0.052008314 0.241499099 0.969006357
vn 0.307990875 -0.563653038 0.766444305
vn 0.439805055 -0.509334987 0.739695467
vn 0.418612580 -0.482723246 0.769247538
vn 0.319222294 -0.518850403 0.793026725
vn 0.017853253 0.171058668 0.985099078
vn 0.410388422 -0.380889590 0.828555649
vn 0.544286490 -0.626929896 0.557414677
vn 0.209759706 -0.562562056 0.799702944
vn 0.680750880 -0.567835722 0.462753532
vn 0.204526845 -0.574187167 0.792765959
vn 0.329929003 -0.531131113 0.780414373
vn 0.249108745 -0.554113005 0.794294411
vn 0.171860261 -0.088215550 0.981163629
vn 0.472598797 -0.530911899 0.703408084
vn 0.618338597 -0.718424286 0.318628192
vn 0.377702703 -0.427413053 0.821376132
vn 0.149003111 0.011591425 0.988768786
vn 0.391549892 -0.347147958 0.852160183
vn 0.581437455 -0.685526887 0.438159072
vn 0.464082178 -0.526970918 0.711989735
vn 0.331639075 -0.575140529 0.747816084
vn 0.388296696 -0.293360408 0.873593353
vn 0.167739122 -0.128031728 0.977482206
vn 0.603307324 -0.665980823 0.438736613
vn -0.116970209 0.161658404 0.979890060
vn 0.385729354 -0.489614475 0.781978601
vn 0.346737452 -0.509753449 0.787352882
vn 0.612570035 -0.664353158 0.428243895
vn 0.207665531 -0.597227575 0.774722048
vn -0.037356988 0.101264569 0.994157906
vn 0.131366288 -0.076734570 0.988359603
vn 0.356291666 -0.547604617 0.757090108
vn 0.411562675 -0.633809329 0.654906023
vn 0.235925154 -0.611013451 0.755646666
vn -0.171542800 0.098391806 0.980251050
vn 0.369382732 -0.406698813 0.835555189
vn 0.503234724 -0.661097203 0.556511725
vn 0.481973795 -0.763931424 0.429080460
vn 0.354140619 -0.637279453 0.684440881
vn 0.181613698 -0.588867375 0.787560588
vn -0.232305721 -0.014348993 0.972536970
vn 0.378569951 -0.613149498 0.693348747
vn -0.170375839 0.018825064 0.985199315
vn 0.179044699 -0.581566886 0.793550851
vn 0.321714238 -0.509681975 0.797950019
vn 0.048810837 -0.006465754 0.998787113
vn 0.217533393 -0.543588146 0.810673270
vn 0.273656403 -0.639543570 0.718398354
vn 0.321391413 -0.501288477 0.803378754
vn 0.357621357 -0.537250889 0.763851063
vn 0.378315846 -0.455929570 0.805608681
vn 0.506194518 -0.722419970 0.471037681
vn -0.244568924 -0.337806948 0.908885310
vn -0.136465956 -0.016029651 0.990515065
vn 0.323203450 -0.381420246 0.866058962
vn 0.328568000 -0.442572899 0.834369402
vn 0.264887344 -0.240238030 0.933873859
vn 0.354086044 -0.644625803 0.677554903
vn 0.145841230 -0.612222205 0.777119236
vn 0.211568576 -0.624136883 0.752124916
vn 0.340105976 -0.481459614 0.807789926
vn -0.267457177 -0.243745586 0.932231059
vn 0.323665139 -0.632025203 0.704120033
vn 0.389518083 -0.444605879 0.806598584
vn 0.383965405 -0.545928039 0.744669822
vn 0.101600883 -0.096169224 0.990166017
vn 0.192759889 -0.468435408 0.862213369
vn -0.002055142 -0.072037883 0.997399779
vn 0.233496786 -0.687416566 0.687704672
vn 0.174004621 -0.559434457 0.810404516
vn 0.236968790 -0.696635861 0.677158969
vn -0.165980064 -0.486161244 0.857961458
vn 0.496113670 -0.719734317 0.485647752
vn -0.057251258 -0.050739030 0.997069629
vn -0.197167688 -0.156680195 0.967768681
vn 0.255119625 -0.619363914 0.742497353
vn 0.372432788 -0.500627162 0.781451383
vn 0.223201919 -0.474838093 0.851298824
vn -0.096055677 -0.081527001 0.992031580
vn 0.297527687 -0.405154632 0.864480769
vn 0.090400932 -0.148262170 0.984807596
vn 0.374510749 -0.470501892 0.798980393
vn 0.519367200 -0.785462164 0.336610903
vn 0.341148799 -0.470548664 0.813757613
vn 0.468170380 -0.742235915 0.479481326
vn 0.277177686 -0.554939818 0.784355996
vn 0.227520991 -0.529154925 0.817452912
vn 0.382693403 -0.492841624 0.781442828
vn -0.164429476 -0.340914951 0.925602476
vn 0.184858765 -0.250321819 0.950350579
vn 0.219563057 -0.754817204 0.618096313
vn -0.004594041 -0.456074461 0.889929762
vn 0.562233334 -0.709195698 0.425364715
vn 0.340312980 -0.633738470 0.694667278
vn 0.480275497 -0.677182051 0.557458444
vn 0.243730704 -0.403955958 0.881711363
vn 0.265215190 -0.670455070 0.692929219
vn 0.220346731 -0.495068882 0.840448761
vn 0.340311729 -0.531794142 0.775488824
vn 0.453985473 -0.651017849 0.608336215
vn -0.088555179 -0.254121377 0.963109706
vn -0.000147789 -0.115972218 0.993252447
vn 0.300726479 -0.467619856 0.831201092
vn 0.347352684 -0.482057884 0.804342159
vn -0.087665772 -0.164922039 0.982402888
vn 0.368506881 -0.584263702 0.723075795
vn 0.252770149 -0.652613917 0.714284486
vn 0.357744259 -0.629113021 0.690098436
vn 0.467693289 -0.726705602 0.503152020
vn 0.371992032 -0.412579363 0.831504779
vn 0.316173836 -0.387788072 0.865825916
vn 0.387654140 -0.544749113 0.743621323
vn 0.191724130 -0.288772345 0.938004473
vn 0.546586962 -0.702594068 0.455636115
vn 0.513247413 -0.591347681 0.622000815
vn 0.039922518 -0.156513153 0.986868697
vn 0.091877237 -0.174212896 0.980412383
vn 0.260173011 -0.409603414 0.874376948
vn 0.039509290 -0.303695881 0.951949488
vn 0.469468066 -0.663982945 0.582002049
vn -0.041913171 -0.152777935 0.987371353
vn 0.323778562 -0.453513095 0.830357342
vn 0.498166196 -0.428577132 0.753758637
vn 0.335028184 -0.494408190 0.802070233
vn 0.301270213 -0.481879490 0.822817365
vn 0.284501468 -0.487569163 0.825430328
vn 0.250627815 -0.410569841 0.876708677
vn 0.279044038 -0.380905391 0.881501848
vn 0.083366443 -0.424073296 0.901782610
vn 0.242022726 -0.522588208 0.817512425
vn 0.445286076 -0.522327190 0.727251413
vn 0.011293501 -0.147768515 0.988957493
vn 0.491133768 -0.529110275 0.691975389
vn 0.296497020 -0.458332981 0.837866574
vn 0.480001286 -0.534528469 0.695613457
vn 0.276562092 -0.324230821 0.904647879
vn 0.487002107 -0.588898374 0.645002056
vn 0.334024580 -0.486468909 0.807326192
vn 0.274221115 -0.533728609 0.799960344
vn 0.502714809 -0.712983473 0.488807106
vn 0.005952557 -0.128931943 0.991635579
vn 0.301149638 -0.486978204 0.819854331
vn 0.416282431 -0.425940545 0.803295456
vn 0.472149354 -0.316170180 0.822867793
vn 0.238406229 -0.369920415 0.897953984
vn 0.340131908 -0.457838103 0.821397928
vn 0.440619977 -0.276773336 0.853961683
vn 0.497465045 -0.443063175 0.745803963
vn 0.068108818 -0.189589914 0.979498266
vn 0.468649151 -0.305590415 0.828844057
vn 0.568859883 -0.719581284 0.398247674
vn 0.614239830 -0.443912541 0.652419410
vn 0.631147741 -0.342447929 0.695975534
vn 0.290720591 -0.506712989 0.811617819
vn 0.177899117 -0.283967450 0.942185965
vn -0.022030758 -0.180324781 0.983360371
vn 0.555791332 -0.240385934 0.795808142
vn 0.435489542 -0.357464642 0.826176669
vn 0.461717762 -0.332601059 0.822309701
vn 0.347172947 -0.531559961 0.772602714
vn 0.449328903 -0.317920873 0.834883139
vn -0.125227678 -0.198392516 0.972089727
vn 0.255965545 -0.507752449 0.822598985
vn 0.254319844 -0.412651609 0.874665688
vn 0.043398234 -0.287440744 0.956814722
vn 0.554678648 -0.709718814 0.434316478
vn 0.292067696 -0.490495047 0.821042672
vn 0.052532199 -0.257173510 0.964936347
vn 0.670719199 -0.539699277 0.508783300
vn 0.312224232 -0.423880376 0.850200833
vn 0.367963219 -0.423463774 0.827817312
vn 0.365402009 -0.594333941 0.716413664
vn 0.544648883 -0.385794131 0.744661320
vn 0.386582302 -0.399664879 0.831157090
vn 0.081214502 -0.217322901 0.972715252
vn 0.235906983 -0.697721184 0.676411890
vn 0.462705152 -0.606886791 0.646213870
vn 0.379758934 -0.494733282 0.781679047
vn 0.310355983 -0.500842640 0.807982558
vn 0.364191193 -0.437689175 0.822066276
vn 0.343761793 -0.498522687 0.795803342
vn 0.552942107 -0.754708267 0.353087040
vn 0.248597316 -0.485106109 0.838374283
vn -0.196586359 -0.315649369 0.928288360
vn 0.314174026 -0.765494109 0.561527783
vn 0.444693036 -0.371991940 0.814782241
vn 0.322674395 -0.453023625 0.831054047
vn 0.073750206 -0.234263902 0.969371617
vn 0.411204608 -0.430868994 0.803282441
vn -0.256730127 -0.320750209 0.911706611
vn 0.450110453 -0.533302400 0.716232595
vn -0.192524525 -0.451910774 0.871040159
vn 0.323882001 -0.493121229 0.807423001
vn 0.247604571 -0.448452994 0.858825878
vn 0.425921825 -0.450535635 0.784607061
vn 0.346135710 -0.490175618 0.799948707
vn 0.440157751 -0.483645938 0.756536689
vn 0.459078745 -0.697005621 0.550844688
vn 0.067606241 -0.326016929 0.942943454
vn 0.399833033 -0.480534689 0.780525438
vn 0.069707769 -0.580346573 0.811380726
vn -0.073888375 -0.380958687 0.921634953
vn 0.192769297 -0.470889348 0.860873522
vn -0.261230933 -0.485014608 0.834577276
vn 0.311402435 -0.510840688 0.801292902
vn 0.192739490 -0.364664034 0.910972904
vn -0.265700914 -0.528472161 0.806300316
vn 0.070778332 -0.351722438 0.933424745
vn 0.350227555 -0.512531632 0.783997440
vn 0.138687206 -0.299615692 0.943926001
vn 0.317560734 -0.709169614 0.629470920
vn 0.359698358 -0.473626843 0.803924564
vn 0.309291142 -0.477418644 0.822441747
vn 0.389609827 -0.495088561 0.776589660
vn 0.049895403 -0.404487174 0.913181567
vn 0.232475488 -0.431807994 0.871491253
vn 0.221492234 -0.439025970 0.870745306
vn 0.208772186 -0.435661254 0.875564644
vn 0.391085188 -0.469311063 0.791706702
vn 0.040977245 -0.388791788 0.920413935
vn -0.303192338 -0.552581470 0.776355669
vn -0.092107720 -0.400180174 0.911796028
vn 0.400621561 -0.505660628 0.764074403
vn 0.239027449 -0.506252497 0.828597784
vn 0.263098520 -0.501904319 0.823936419
vn 0.004382943 -0.591221423 0.806497377
vn 0.335311437 -0.508489986 0.793097834
vn 0.183626862 -0.497458890 0.847830071
vn 0.282092913 -0.659079320 0.697164284
vn 0.343751774 -0.503461671 0.792692289
vn 0.238271685 -0.527088398 0.815723252
vn 0.366746890 -0.462615320 0.807145454
vn -0.263322633 -0.571496283 0.777208588
vn 0.112139897 -0.480665624 0.869704089
vn 0.090076817 -0.382623443 0.919502838
vn 0.396229570 -0.516328401 0.759214798
vn 0.358380458 -0.677947446 0.641833863
vn 0.357485834 -0.486561699 0.797158448
vn -0.219615792 -0.569427919 0.792162072
vn 0.246124682 -0.442790088 0.862183031
vn 0.361665296 -0.813158429 0.456039015
vn 0.079476603 -0.545150594 0.834562340
vn 0.320611717 -0.682231844 0.657090434
vn 0.281488558 -0.464731379 0.839517086
vn 0.139350851 -0.374342269 0.916760168
vn 0.057576912 -0.514279082 0.855687983
vn 0.000658852 -0.702277827 0.711902676
vn 0.425384355 -0.460123936 0.779316440
vn 0.105947338 -0.382386665 0.917908274
vn 0.398628012 -0.475762395 0.784057301
vn 0.012440231 -0.703183603 0.710899473
vn 0.383713927 -0.496024977 0.778924158
vn 0.103269857 -0.430864252 0.896488334
vn 0.149432892 -0.520747397 0.840530760
vn 0.082558759 -0.631846211 0.770684382
vn 0.109201712 -0.792113514 0.600525743
vn 0.244855692 -0.494910307 0.833732258
vn 0.421344529 -0.480901001 0.768897272
vn 0.398813065 -0.471671216 0.786431436
vn 0.098560586 -0.511554481 0.853579419
vn 0.389777740 -0.515411346 0.763167385
vn 0.073034857 -0.407542811 0.910260823
vn 0.327135083 -0.403574569 0.854464865
vn 0.453511155 -0.491840264 0.743250151
vn 0.191089293 -0.502692753 0.843080588
vn 0.214309417 -0.567245713 0.795175311
vn 0.325817953 -0.549705024 0.769198965
vn 0.022817259 -0.633269951 0.773594559
vn 0.390933620 -0.438644082 0.809173822
vn 0.407657510 -0.433223876 0.803823630
vn 0.171153040 -0.738293461 0.652402791
vn 0.136774382 -0.394088786 0.908838158
vn -0.101262923 -0.696417030 0.710456994
vn 0.323015659 -0.484554946 0.812937506
vn 0.340366981 -0.312934263 0.886691866
vn 0.414144138 -0.503812344 0.758061841
vn 0.121737790 -0.588698584 0.799133210
vn 0.042528739 -0.808943052 0.586346693
vn 0.073087254 -0.507210228 0.858717670
vn 0.181475718 -0.412701350 0.892605265
vn 0.125772699 -0.543560558 0.829893456
vn 0.398465785 -0.468229293 0.788661110
vn 0.323613604 -0.517780046 0.791945743
vn 0.191840342 -0.420969680 0.886556153
vn 0.210958760 -0.599994068 0.771688746
vn 0.065978208 -0.576242128 0.814611494
vn 0.255873924 -0.530297992 0.808277536
vn 0.354938451 -0.411370704 0.839519410
vn 0.348726425 -0.441248440 0.826855305
vn 0.249746121 -0.490010896 0.835174351
vn 0.214342927 -0.545792344 0.810041868
vn 0.338763162 -0.576365046 0.743668510
vn 0.088798128 -0.546547634 0.832706777
vn -0.040130219 -0.448736733 0.892762516
vn 0.321348934 -0.468146986 0.823148384
vn 0.221555948 -0.522265166 0.823499884
vn 0.417514426 -0.479695435 0.771734406
vn 0.362977855 -0.446870753 0.817651275
vn 0.084288513 -0.533506517 0.841585553
vn 0.435767211 -0.477355469 0.763045670
vn -0.165124648 -0.605491985 0.778532791
vn 0.194780121 -0.259351353 0.945937408
vn -0.083121253 -0.573360333 0.815075939
vn 0.299372907 -0.478438394 0.825513516
vn 0.157956392 -0.767116667 0.621757024
vn 0.412045051 -0.479859027 0.774567098
vn 0.121540279 -0.651284735 0.749036818
vn 0.154600593 -0.488431745 0.858797466
vn 0.779510643 -0.396032750 0.485305283
vn 0.349371532 -0.472443469 0.809158020
vn 0.154438800 -0.527190214 0.835595078
vn 0.399933515 -0.453606458 0.796425995
vn 0.292112714 -0.531689294 0.794969595
vn 0.311469142 -0.496263468 0.810376175
vn 0.437743092 -0.455347051 0.775267728
vn 0.441481510 -0.299447356 0.845828208
vn 0.165397811 -0.329760859 0.929462931
vn 0.290755878 -0.463106609 0.837253419
vn 0.959932096 0.084782984 0.267099639
vn 0.067030316 -0.491785887 0.868132235
vn 0.301725992 -0.492512821 0.816328700
vn 0.263973339 -0.227244936 0.937378160
vn 0.107780441 -0.527300433 0.842815300
vn 0.033572965 -0.564757253 0.824573890
vn 0.309878840 -0.226645655 0.923367127
vn 0.440333822 -0.451776321 0.775889349
vn -0.039897912 -0.472572454 0.880388228
vn 0.409166895 -0.468021041 0.783287149
vn 0.316449776 -0.334089340 0.887830982
vn 0.430703815 -0.468306105 0.771481443
vn 0.480908981 -0.452690239 0.750864901
vn 0.237292780 -0.101776692 0.966091943
vn 0.076595428 -0.808946243 0.582871441
vn 0.059665519 -0.503931013 0.861680660
vn 0.362291039 -0.447744083 0.817478097
vn 0.186784715 -0.509105488 0.840192283
vn 0.060675967 -0.656463215 0.751913875
vn -0.014416305 -0.856234361 0.516386375
vn -0.002438026 -0.434455306 0.900690093
vn 0.078040600 -0.724032713 0.685336629
vn 0.299752370 -0.458480979 0.836626385
vn 0.043506898 -0.554839555 0.830819004
vn 0.303319089 -0.170782342 0.937459824
vn 0.454131427 -0.421241049 0.785060906
vn 0.455683651 -0.420180067 0.784729967
vn 0.022351718 -0.556476679 0.830562524
vn 0.349592810 -0.029064098 0.936450824
vn 0.138958744 -0.298162405 0.944346148
vn -0.003299393 -0.620681162 0.784056126
vn 0.333665509 -0.515447542 0.789291556
vn 0.260478403 -0.284086391 0.922738275
vn 0.318000019 -0.048665989 0.946840857
vn 0.094914321 -0.762705399 0.639743500
vn 0.014605058 -0.597446477 0.801775779
vn 0.304725762 -0.058991835 0.950611473
vn 0.316774930 -0.455275444 0.832092491
vn 0.014528733 -0.514918237 0.857116168
vn 0.225258009 -0.373037606 0.900056539
vn 0.036454300 -0.643496625 0.764580393
vn 0.184953864 -0.086196083 0.978959807
vn 0.382625532 -0.336020930 0.860632115
vn -0.168149374 -0.479220376 0.861436950
vn 0.117536298 -0.465865004 0.877014833
vn 0.477191012 -0.405851426 0.779469921
vn 0.115098906 -0.274780036 0.954593198
vn 0.056453265 -0.593687786 0.802712801
vn 0.478023106 -0.195901426 0.856222250
vn 0.324881509 -0.001329805 0.945753793
vn 0.141705319 -0.135046381 0.980653903
vn 0.123906736 -0.147400680 0.981284954
vn 0.465629061 -0.394943897 0.791965211
vn 0.395996737 -0.362046701 0.843865375
vn 0.462622910 -0.358999763 0.810616564
vn 0.324059290 -0.378185547 0.867157003
vn 0.453898792 -0.407906942 0.792204401
vn 0.483334412 -0.402281689 0.777532822
vn 0.180579429 -0.761615003 0.622361355
vn 0.005759112 -0.470272262 0.882502596
vn 0.407687431 -0.429864830 0.805609823
vn 0.205964404 -0.190463685 0.959844909
vn 0.265134207 -0.102400601 0.958758556
vn 0.031236909 -0.602054201 0.797843966
vn 0.392262286 -0.355433867 0.848408548
vn 0.259853140 -0.274710038 0.925748746
vn 0.191996667 -0.092648863 0.977012522
vn 0.673008324 -0.527934705 0.518020022
vn 0.402165276 -0.316872548 0.858984796
vn 0.334274302 -0.003816696 0.942468102
vn 0.062465097 -0.428848961 0.901214004
vn 0.469619304 -0.415228267 0.779129768
vn 0.289022490 -0.278899972 0.915795177
vn -0.031947849 -0.232219732 0.972138535
vn -0.068411293 -0.623210622 0.779056106
vn 0.268850139 -0.199557080 0.942282641
vn 0.476732916 -0.335798771 0.812382245
vn 0.307799501 -0.147093878 0.940012159
vn 0.394981246 -0.234542606 0.888245226
vn 0.025587216 -0.417132472 0.908485440
vn 0.261973705 0.011995286 0.965000462
vn 0.316609862 -0.218878379 0.922957448
vn 0.248631544 -0.738676401 0.626529752
vn 0.325363514 -0.479793098 0.814823396
vn 0.073178194 -0.142462129 0.987091431
vn 0.468011057 -0.424247942 0.775228569
vn 0.420227636 -0.139327306 0.896658595
vn 0.473196044 -0.237091915 0.848453256
vn 0.385322485 -0.127451435 0.913938025
vn 0.459991432 -0.390860868 0.797267624
vn -0.256396111 -0.521991115 0.813502495
vn -0.198151434 -0.615350267 0.762941713
vn 0.366410536 -0.281103879 0.886974593
vn -0.005240019 -0.371784823 0.928304146
vn 0.110846130 -0.164743148 0.980088175
vn 0.493340483 -0.391507048 0.776747963
vn 0.522253059 -0.276432977 0.806744415
vn -0.154642886 -0.855977473 0.493343839
vn 0.512486606 -0.186749687 0.838142012
vn 0.194533995 -0.051670899 0.979533891
vn 0.348576400 -0.376705585 0.858246698
vn 0.390877569 -0.406412840 0.825859146
vn 0.534607309 -0.709857249 0.458582284
vn 0.045210714 -0.063982273 0.996926407
vn 0.549288782 -0.051944145 0.834016570
vn 0.699258681 -0.148993035 0.699169774
vn -0.038759269 -0.090197039 0.995169439
vn -0.338630451 -0.472931695 0.813427950
vn 0.055283422 0.044423666 0.997481970
vn 0.316646912 -0.280000943 0.906274906
vn 0.320529649 0.001091338 0.947237855
vn 0.398421868 -0.001246096 0.917201430
vn 0.622853728 -0.374665451 0.686788929
vn -0.300836666 -0.246714956 0.921210633
vn 0.459434138 -0.458987889 0.760427768
vn 0.506776407 -0.079095865 0.858441330
vn 0.487632956 -0.440158941 0.753972285
vn 0.541572426 0.046288666 0.839378738
vn 0.393451442 -0.361061079 0.845476706
vn -0.315776413 -0.083092347 0.945188298
vn 0.666730964 0.205234590 0.716483485
vn 0.173754525 -0.197904944 0.964698397
vn 0.028740580 0.093540328 0.995200576
vn 0.085515978 0.099045110 0.991401575
vn 0.436980411 -0.515414529 0.737153976
vn 0.527950725 0.257584718 0.809270131
vn 0.183529365 0.227093955 0.956423184
vn 0.185629693 0.107848732 0.976683300
vn 0.180215948 0.090261046 0.979476981
vn 0.321231766 0.268260525 0.908210572
vn 0.219772657 -0.365822169 0.904363931
vn 0.529969272 0.326859499 0.782493091
vn 0.372439449 -0.485626841 0.790857401
vn -0.299540646 0.135993901 0.944341601
vn 0.066489439 0.320774951 0.944818811
vn -0.185142523 0.101040651 0.977503470
vn 0.254041413 -0.427632253 0.867521537
vn 0.652428034 0.095837933 0.751766421
vn 0.197642097 0.235277619 0.951620746
vn 0.194193706 -0.129497545 0.972378111
vn 0.133327909 -0.006695452 0.991049363
vn 0.466578471 0.446101252 0.763739618
vn 0.111354079 0.120242293 0.986479630
vn 0.441117134 -0.591647252 0.674810495
vn 0.697589194 0.280071937 0.659491491
vn 0.797727180 -0.285188291 0.531318158
vn -0.076567085 0.095985289 0.992433527
vn 0.448779538 0.240115303 0.860779628
vn -0.046489769 0.164738481 0.985241054
vn -0.227171738 -0.167578521 0.959328120
vn 0.701822340 0.238667485 0.671180478
vn 0.813996800 -0.051961603 0.578540579
vn 0.355460134 -0.572383694 0.738935045
vn 0.791698521 -0.373541809 0.483404559
vn 0.635726763 -0.488429407 0.597735893
vn 0.725674715 0.254050601 0.639417313
vn 0.585329375 0.273527698 0.763264123
vn 0.741228352 0.262197355 0.617926434
vn 0.288167386 -0.530600830 0.797133813
vn -0.042202354 0.022769652 0.998849590
vn 0.791807685 -0.057281651 0.608078451
vn 0.904133228 -0.244577630 0.350321123
vn 0.795883820 -0.305511102 0.522715900
vn 0.935980517 -0.069720775 0.345078955
vn 0.716621095 0.162179951 0.678344949
vn 0.836403590 -0.366882818 0.407217427
vn 0.536314239 -0.595884041 0.597736770
f 224//224 222//222 229//229
f 224//224 191//191 222//222
f 358//358 384//384 373//373
f 697//697 652//652 664//664
f 80//80 63//63 49//49
f 499//499 525//525 509//509
f 548//548 525//525 499//499
f 548//548 512//512 536//536
f 512//512 548//548 499//499
f 472//472 499//499 509//509
f 657//657 606//606 626//626
f 835//835 857//857 829//829
f 857//857 835//835 831//831
f 325//325 348//348 357//357
f 348//348 391//391 357//357
f 391//391 348//348 359//359
f 358//358 362//362 384//384
f 496//496 461//461 497//497
f 493//493 535//535 497//497
f 508//508 493//493 460//460
f 508//508 535//535 493//493
f 386//386 416//416 377//377
f 791//791 753//753 788//788
f 740//740 772//772 732//732
f 682//682 652//652 697//697
f 579//579 545//545 568//568
f 555//555 590//590 568//568
f 590//590 535//535 586//586
f 535//535 590//590 555//555
f 755//755 724//724 695//695
f 724//724 755//755 751//751
f 24//24 18//18 14//14
f 88//88 94//94 73//73
f 121//121 88//88 118//118
f 88//88 121//121 94//94
f 63//63 75//75 79//79
f 75//75 63//63 80//80
f 144//144 166//166 168//168
f 166//166 144//144 155//155
f 342//342 325//325 357//357
f 572//572 548//548 536//536
f 572//572 584//584 548//548
f 322//322 339//339 344//344
f 290//290 311//311 310//310
f 296//296 349//349 338//338
f 296//296 290//290 247//247
f 296//296 311//311 290//290
f 469//469 472//472 452//452
f 472//472 469//469 499//499
f 768//768 732//732 779//779
f 657//657 648//648 606//606
f 684//684 648//648 657//657
f 479//479 519//519 522//522
f 504//504 479//479 522//522
f 678//678 650//650 649//649
f 638//638 639//639 656//656
f 655//655 643//643 624//624
f 604//604 592//592 580//580
f 643//643 604//604 624//624
f 592//592 569//569 580//580
f 424//424 458//458 427//427
f 458//458 424//424 450//450
f 506//506 491//491 510//510
f 458//458 491//491 506//506
f 498//498 476//476 467//467
f 476//476 450//450 467//467
f 476//476 458//458 450//450
f 476//476 491//491 458//458
f 222//222 271//271 229//229
f 621//621 591//591 578//578
f 428//428 486//486 456//456
f 438//438 486//486 422//422
f 486//486 428//428 422//422
f 486//486 466//466 456//456
f 302//302 333//333 367//367
f 428//428 370//370 422//422
f 394//394 438//438 422//422
f 356//356 302//302 367//367
f 356//356 370//370 340//340
f 413//413 417//417 443//443
f 224//224 194//194 191//191
f 77//77 63//63 79//79
f 90//90 77//77 79//79
f 77//77 90//90 85//85
f 75//75 90//90 79//79
f 90//90 75//75 80//80
f 347//347 319//319 373//373
f 546//546 531//531 565//565
f 546//546 494//494 531//531
f 683//683 717//717 687//687
f 813//813 823//823 831//831
f 823//823 851//851 831//831
f 857//857 851//851 865//865
f 851//851 857//857 831//831
f 813//813 815//815 823//823
f 324//324 348//348 325//325
f 336//336 347//347 359//359
f 336//336 324//324 312//312
f 348//348 336//336 359//359
f 324//324 336//336 348//348
f 379//379 391//391 359//359
f 379//379 347//347 373//373
f 347//347 379//379 359//359
f 294//294 330//330 320//320
f 334//334 330//330 294//294
f 512//512 521//521 536//536
f 521//521 512//512 501//501
f 496//496 521//521 501//501
f 529//529 496//496 497//497
f 529//529 521//521 496//496
f 521//521 529//529 545//545
f 535//535 529//529 497//497
f 529//529 535//535 555//555
f 545//545 529//529 568//568
f 529//529 555//555 568//568
f 470//470 493//493 497//497
f 461//461 470//470 497//497
f 493//493 470//470 460//460
f 470//470 437//437 460//460
f 437//437 470//470 461//461
f 502//502 508//508 460//460
f 464//464 484//484 462//462
f 502//502 484//484 518//518
f 484//484 502//502 462//462
f 444//444 464//464 462//462
f 416//416 436//436 460//460
f 436//436 502//502 460//460
f 502//502 436//436 462//462
f 753//753 744//744 788//788
f 708//708 744//744 753//753
f 744//744 708//708 725//725
f 791//791 780//780 753//753
f 799//799 791//791 788//788
f 835//835 799//799 831//831
f 799//799 835//835 829//829
f 813//813 799//799 788//788
f 799//799 813//813 831//831
f 732//732 783//783 779//779
f 772//772 783//783 732//732
f 675//675 709//709 664//664
f 709//709 675//675 698//698
f 731//731 709//709 698//698
f 714//714 698//698 691//691
f 714//714 731//731 698//698
f 731//731 714//714 728//728
f 684//684 668//668 696//696
f 668//668 684//684 657//657
f 732//732 712//712 697//697
f 712//712 682//682 697//697
f 625//625 620//620 664//664
f 652//652 625//625 664//664
f 620//620 625//625 586//586
f 625//625 590//590 586//586
f 588//588 579//579 568//568
f 590//590 588//588 568//568
f 634//634 645//645 616//616
f 661//661 645//645 634//634
f 675//675 654//654 698//698
f 654//654 675//675 664//664
f 620//620 654//654 664//664
f 593//593 654//654 620//620
f 637//637 663//663 634//634
f 680//680 663//663 656//656
f 863//863 849//849 854//854
f 716//716 721//721 701//701
f 710//710 680//680 695//695
f 724//724 710//710 695//695
f 680//680 710//710 711//711
f 710//710 724//724 711//711
f 755//755 759//759 775//775
f 706//706 755//755 695//695
f 759//759 706//706 715//715
f 706//706 759//759 755//755
f 17//17 24//24 14//14
f 9//9 17//17 14//14
f 17//17 9//9 16//16
f 25//25 17//17 16//16
f 52//52 50//50 38//38
f 66//66 50//50 65//65
f 50//50 66//66 59//59
f 37//37 52//52 38//38
f 46//46 37//37 27//27
f 37//37 46//46 52//52
f 26//26 18//18 24//24
f 58//58 92//92 73//73
f 92//92 88//88 73//73
f 71//71 92//92 58//58
f 92//92 71//71 84//84
f 88//88 92//92 118//118
f 92//92 131//131 118//118
f 141//141 121//121 118//118
f 121//121 101//101 94//94
f 4//4 2//2 1//1
f 144//144 130//130 155//155
f 324//324 280//280 312//312
f 280//280 324//324 325//325
f 372//372 342//342 357//357
f 391//391 372//372 357//357
f 584//584 601//601 613//613
f 572//572 601//601 584//584
f 345//345 378//378 366//366
f 378//378 345//345 375//375
f 323//323 345//345 308//308
f 339//339 368//368 344//344
f 368//368 386//386 377//377
f 344//344 368//368 377//377
f 368//368 364//364 386//386
f 364//364 368//368 339//339
f 318//318 322//322 287//287
f 318//318 339//339 322//322
f 195//195 238//238 247//247
f 207//207 243//243 236//236
f 213//213 236//236 254//254
f 238//238 213//213 254//254
f 213//213 238//238 195//195
f 236//236 267//267 254//254
f 243//243 267//267 236//236
f 349//349 346//346 385//385
f 311//311 326//326 310//310
f 326//326 296//296 338//338
f 296//296 326//326 311//311
f 296//296 272//272 309//309
f 267//267 272//272 254//254
f 329//329 296//296 309//309
f 296//296 329//329 349//349
f 329//329 346//346 349//349
f 346//346 329//329 366//366
f 345//345 329//329 309//309
f 329//329 345//345 366//366
f 397//397 410//410 385//385
f 346//346 397//397 385//385
f 397//397 346//346 366//366
f 481//481 512//512 499//499
f 469//469 481//481 499//499
f 478//478 506//506 519//519
f 479//479 478//478 519//519
f 478//478 458//458 506//506
f 425//425 372//372 391//391
f 484//484 505//505 518//518
f 526//526 504//504 522//522
f 526//526 505//505 504//504
f 505//505 534//534 518//518
f 526//526 534//534 505//505
f 559//559 594//594 593//593
f 583//583 596//596 560//560
f 614//614 637//637 634//634
f 583//583 614//614 596//596
f 832//832 833//833 845//845
f 806//806 789//789 790//790
f 789//789 806//806 812//812
f 819//819 849//849 836//836
f 849//849 819//819 854//854
f 706//706 692//692 715//715
f 569//569 599//599 538//538
f 599//599 569//569 592//592
f 632//632 638//638 656//656
f 663//663 632//632 656//656
f 632//632 663//663 637//637
f 632//632 637//637 605//605
f 583//583 563//563 605//605
f 519//519 563//563 522//522
f 638//638 628//628 639//639
f 632//632 628//628 638//638
f 540//540 506//506 510//510
f 670//670 646//646 703//703
f 726//726 707//707 737//737
f 646//646 659//659 703//703
f 746//746 726//726 737//737
f 734//734 743//743 703//703
f 604//604 609//609 624//624
f 609//609 604//604 580//580
f 609//609 617//617 624//624
f 575//575 609//609 580//580
f 617//617 609//609 575//575
f 334//334 328//328 355//355
f 328//328 297//297 340//340
f 328//328 334//334 294//294
f 414//414 370//370 428//428
f 414//414 409//409 355//355
f 370//370 414//414 355//355
f 362//362 392//392 384//384
f 384//384 392//392 427//427
f 392//392 424//424 427//427
f 450//450 439//439 467//467
f 424//424 439//439 450//450
f 516//516 507//507 498//498
f 507//507 476//476 498//498
f 476//476 507//507 491//491
f 491//491 507//507 510//510
f 507//507 540//540 510//510
f 288//288 271//271 299//299
f 363//363 307//307 299//299
f 307//307 288//288 299//299
f 307//307 337//337 315//315
f 337//337 307//307 363//363
f 350//350 360//360 374//374
f 417//417 475//475 443//443
f 591//591 623//623 615//615
f 623//623 591//591 621//621
f 486//486 490//490 466//466
f 490//490 498//498 467//467
f 466//466 490//490 467//467
f 539//539 569//569 538//538
f 449//449 477//477 438//438
f 591//591 573//573 578//578
f 350//350 352//352 306//306
f 333//333 303//303 306//306
f 303//303 333//333 302//302
f 419//419 449//449 438//438
f 400//400 394//394 367//367
f 419//419 400//400 412//412
f 394//394 400//400 438//438
f 400//400 419//419 438//438
f 356//356 335//335 302//302
f 335//335 356//356 340//340
f 335//335 297//297 283//283
f 297//297 335//335 340//340
f 394//394 376//376 367//367
f 376//376 356//356 367//367
f 376//376 394//394 422//422
f 370//370 376//376 422//422
f 356//356 376//376 370//370
f 194//194 180//180 191//191
f 180//180 194//194 192//192
f 227//227 224//224 229//229
f 227//227 194//194 224//224
f 194//194 227//227 192//192
f 246//246 212//212 203//203
f 123//123 146//146 127//127
f 235//235 220//220 192//192
f 220//220 182//182 192//192
f 182//182 220//220 203//203
f 124//124 105//105 116//116
f 162//162 182//182 203//203
f 159//159 162//162 203//203
f 139//139 124//124 116//116
f 159//159 139//139 116//116
f 97//97 114//114 131//131
f 97//97 92//92 84//84
f 92//92 97//97 131//131
f 89//89 90//90 116//116
f 90//90 89//89 85//85
f 105//105 89//89 116//116
f 242//242 241//241 209//209
f 556//556 552//552 528//528
f 562//562 546//546 565//565
f 562//562 556//556 546//546
f 562//562 631//631 556//556
f 465//465 418//418 463//463
f 418//418 465//465 432//432
f 520//520 494//494 546//546
f 520//520 556//556 528//528
f 556//556 520//520 546//546
f 693//693 699//699 717//717
f 683//683 693//693 717//717
f 681//681 693//693 683//683
f 693//693 681//681 674//674
f 693//693 674//674 689//689
f 699//699 693//693 689//689
f 784//784 813//813 788//788
f 744//744 784//784 788//788
f 784//784 815//815 813//813
f 851//851 842//842 865//865
f 842//842 851//851 823//823
f 815//815 842//842 823//823
f 354//354 334//334 355//355
f 354//354 330//330 334//334
f 587//587 601//601 572//572
f 579//579 595//595 545//545
f 606//606 595//595 626//626
f 564//564 572//572 536//536
f 564//564 587//587 572//572
f 587//587 564//564 570//570
f 542//542 521//521 545//545
f 564//564 542//542 570//570
f 521//521 542//542 536//536
f 542//542 564//564 536//536
f 435//435 416//416 460//460
f 437//437 435//435 460//460
f 482//482 461//461 496//496
f 482//482 496//496 501//501
f 426//426 397//397 411//411
f 397//397 426//426 410//410
f 426//426 434//434 410//410
f 434//434 426//426 448//448
f 378//378 393//393 366//366
f 397//397 393//393 411//411
f 393//393 397//397 366//366
f 398//398 435//435 437//437
f 398//398 375//375 377//377
f 416//416 398//398 377//377
f 435//435 398//398 416//416
f 403//403 437//437 411//411
f 393//393 403//403 411//411
f 403//403 393//393 378//378
f 597//597 620//620 586//586
f 597//597 593//593 620//620
f 547//547 502//502 518//518
f 534//534 547//547 518//518
f 547//547 559//559 593//593
f 547//547 534//534 559//559
f 431//431 444//444 462//462
f 436//436 431//431 462//462
f 444//444 431//431 406//406
f 396//396 416//416 386//386
f 396//396 436//436 416//416
f 364//364 396//396 386//386
f 431//431 396//396 406//406
f 396//396 431//431 436//436
f 730//730 708//708 753//753
f 714//714 730//730 728//728
f 708//708 730//730 691//691
f 730//730 714//714 691//691
f 756//756 744//744 725//725
f 756//756 725//725 711//711
f 724//724 756//756 711//711
f 756//756 724//724 751//751
f 756//756 784//784 744//744
f 780//780 747//747 753//753
f 747//747 730//730 753//753
f 730//730 747//747 728//728
f 800//800 817//817 801//801
f 740//740 774//774 772//772
f 774//774 781//781 772//772
f 796//796 781//781 801//801
f 796//796 783//783 772//772
f 781//781 796//796 772//772
f 702//702 709//709 740//740
f 702//702 732//732 697//697
f 702//702 740//740 732//732
f 702//702 697//697 664//664
f 709//709 702//702 664//664
f 741//741 731//731 765//765
f 741//741 774//774 740//740
f 705//705 727//727 696//696
f 668//668 705//705 696//696
f 588//588 600//600 579//579
f 595//595 600//600 626//626
f 600//600 595//595 579//579
f 600//600 642//642 626//626
f 642//642 600//600 588//588
f 698//698 667//667 691//691
f 654//654 667//667 698//698
f 667//667 661//661 691//691
f 676//676 661//661 634//634
f 663//663 676//676 634//634
f 661//661 676//676 691//691
f 676//676 708//708 691//691
f 738//738 771//771 754//754
f 743//743 738//738 716//716
f 738//738 721//721 716//716
f 721//721 738//738 754//754
f 760//760 764//764 743//743
f 764//764 738//738 743//743
f 738//738 764//764 771//771
f 764//764 760//760 776//776
f 771//771 764//764 776//776
f 692//692 736//736 715//715
f 736//736 721//721 754//754
f 752//752 736//736 754//754
f 759//759 763//763 775//775
f 763//763 736//736 752//752
f 763//763 759//759 715//715
f 736//736 763//763 715//715
f 11//11 9//9 8//8
f 4//4 3//3 2//2
f 3//3 4//4 7//7
f 50//50 60//60 65//65
f 60//60 50//50 52//52
f 82//82 78//78 102//102
f 66//66 78//78 59//59
f 59//59 78//78 74//74
f 78//78 82//82 74//74
f 43//43 24//24 41//41
f 43//43 26//26 24//24
f 61//61 54//54 48//48
f 46//46 54//54 67//67
f 54//54 61//61 73//73
f 54//54 36//36 48//48
f 36//36 54//54 46//46
f 36//36 43//43 48//48
f 43//43 36//36 26//26
f 36//36 46//46 27//27
f 26//26 36//36 27//27
f 24//24 34//34 41//41
f 17//17 34//34 24//24
f 25//25 34//34 17//17
f 153//153 141//141 118//118
f 153//153 187//187 167//167
f 141//141 156//156 121//121
f 156//156 153//153 167//167
f 153//153 156//156 141//141
f 101//101 83//83 94//94
f 101//101 128//128 112//112
f 4//4 6//6 7//7
f 280//280 301//301 312//312
f 301//301 291//291 319//319
f 301//301 336//336 312//312
f 301//301 319//319 347//347
f 336//336 301//301 347//347
f 259//259 280//280 325//325
f 134//134 150//150 138//138
f 259//259 230//230 218//218
f 648//648 619//619 606//606
f 619//619 587//587 606//606
f 587//587 619//619 601//601
f 619//619 648//648 613//613
f 601//601 619//619 613//613
f 345//345 341//341 375//375
f 323//323 341//341 345//345
f 375//375 341//341 377//377
f 341//341 344//344 377//377
f 268//268 243//243 240//240
f 268//268 323//323 308//308
f 258//258 265//265 287//287
f 243//243 216//216 240//240
f 216//216 243//243 207//207
f 216//216 215//215 240//240
f 197//197 207//207 236//236
f 213//213 197//197 236//236
f 197//197 195//195 168//168
f 197//197 213//213 195//195
f 300//300 345//345 309//309
f 345//345 300//300 308//308
f 272//272 300//300 309//309
f 300//300 272//272 267//267
f 369//369 326//326 338//338
f 326//326 369//369 380//380
f 349//349 369//369 338//338
f 369//369 349//349 385//385
f 380//380 369//369 385//385
f 433//433 469//469 452//452
f 455//455 481//481 469//469
f 455//455 434//434 459//459
f 434//434 455//455 421//421
f 405//405 380//380 385//385
f 410//410 405//405 385//385
f 272//272 269//269 254//254
f 269//269 272//272 296//296
f 269//269 238//238 254//254
f 269//269 296//296 247//247
f 238//238 269//269 247//247
f 481//481 485//485 512//512
f 512//512 485//485 501//501
f 485//485 455//455 459//459
f 455//455 485//485 481//481
f 485//485 482//482 501//501
f 482//482 485//485 459//459
f 407//407 379//379 373//373
f 384//384 407//407 373//373
f 407//407 384//384 427//427
f 429//429 407//407 427//427
f 478//478 447//447 458//458
f 458//458 447//447 427//427
f 447//447 429//429 427//427
f 444//444 441//441 464//464
f 441//441 444//444 406//406
f 372//372 441//441 406//406
f 425//425 441//441 372//372
f 504//504 457//457 479//479
f 558//558 526//526 560//560
f 558//558 594//594 559//559
f 534//534 558//558 559//559
f 558//558 534//534 526//526
f 611//611 634//634 616//616
f 611//611 614//614 634//634
f 614//614 611//611 596//596
f 550//550 583//583 560//560
f 550//550 526//526 522//522
f 526//526 550//550 560//560
f 563//563 550//550 522//522
f 550//550 563//563 583//583
f 637//637 608//608 605//605
f 614//614 608//608 637//637
f 608//608 583//583 605//605
f 608//608 614//614 583//583
f 806//806 818//818 812//812
f 818//818 832//832 812//812
f 832//832 818//818 833//833
f 717//717 718//718 687//687
f 718//718 713//713 687//687
f 809//809 810//810 776//776
f 792//792 789//789 812//812
f 855//855 863//863 854//854
f 841//841 837//837 827//827
f 809//809 837//837 828//828
f 837//837 809//809 827//827
f 837//837 840//840 828//828
f 840//840 837//837 847//847
f 847//847 837//837 858//858
f 837//837 841//841 858//858
f 841//841 848//848 858//858
f 848//848 841//841 827//827
f 690//690 650//650 678//678
f 690//690 692//692 650//650
f 690//690 678//678 701//701
f 721//721 690//690 701//701
f 736//736 690//690 721//721
f 690//690 736//736 692//692
f 692//692 662//662 650//650
f 639//639 662//662 656//656
f 650//650 630//630 649//649
f 618//618 599//599 592//592
f 604//604 618//618 592//592
f 618//618 604//604 643//643
f 618//618 643//643 649//649
f 630//630 618//618 649//649
f 618//618 630//630 599//599
f 563//563 576//576 605//605
f 576//576 632//632 605//605
f 576//576 628//628 632//632
f 543//543 563//563 519//519
f 543//543 540//540 561//561
f 576//576 543//543 561//561
f 543//543 576//576 563//563
f 506//506 543//543 519//519
f 540//540 543//543 506//506
f 530//530 516//516 498//498
f 530//530 490//490 538//538
f 490//490 530//530 498//498
f 602//602 591//591 615//615
f 622//622 602//602 615//615
f 644//644 617//617 646//646
f 670//670 644//644 646//646
f 644//644 670//670 655//655
f 644//644 655//655 624//624
f 617//617 644//644 624//624
f 607//607 617//617 575//575
f 617//617 607//607 646//646
f 743//743 688//688 703//703
f 688//688 670//670 703//703
f 688//688 743//743 716//716
f 700//700 707//707 726//726
f 659//659 700//700 703//703
f 707//707 700//700 679//679
f 700//700 659//659 679//679
f 749//749 760//760 743//743
f 722//722 734//734 703//703
f 700//700 722//722 703//703
f 722//722 700//700 726//726
f 746//746 722//722 726//726
f 734//734 722//722 746//746
f 370//370 351//351 340//340
f 351//351 328//328 340//340
f 351//351 370//370 355//355
f 328//328 351//351 355//355
f 414//414 440//440 409//409
f 440//440 428//428 456//456
f 440//440 414//414 428//428
f 466//466 440//440 456//456
f 440//440 466//466 467//467
f 439//439 440//440 467//467
f 420//420 439//439 424//424
f 440//440 420//420 409//409
f 420//420 440//440 439//439
f 389//389 337//337 363//363
f 475//475 480//480 443//443
f 623//623 640//640 615//615
f 640//640 659//659 635//635
f 640//640 622//622 615//615
f 622//622 640//640 635//635
f 524//524 490//490 486//486
f 490//490 524//524 538//538
f 524//524 539//539 538//538
f 449//449 471//471 477//477
f 523//523 513//513 503//503
f 513//513 523//523 533//533
f 353//353 333//333 306//306
f 352//352 353//353 306//306
f 333//333 353//353 367//367
f 382//382 350//350 374//374
f 382//382 352//352 350//350
f 190//190 159//159 203//203
f 212//212 190//190 203//203
f 139//139 190//190 183//183
f 190//190 139//139 159//159
f 148//148 146//146 123//123
f 252//252 235//235 192//192
f 227//227 252//252 192//192
f 232//232 246//246 260//260
f 246//246 232//232 212//212
f 182//182 172//172 192//192
f 148//148 172//172 146//146
f 285//285 335//335 283//283
f 335//335 285//285 302//302
f 169//169 137//137 132//132
f 137//137 114//114 132//132
f 114//114 137//137 131//131
f 176//176 137//137 169//169
f 242//242 256//256 278//278
f 19//19 11//11 8//8
f 162//162 160//160 182//182
f 160//160 172//172 182//182
f 172//172 160//160 146//146
f 90//90 122//122 116//116
f 122//122 90//90 80//80
f 123//123 122//122 80//80
f 122//122 123//123 127//127
f 241//241 210//210 209//209
f 241//241 284//284 264//264
f 284//284 242//242 278//278
f 242//242 284//284 241//241
f 284//284 294//294 320//320
f 284//284 278//278 294//294
f 332//332 358//358 373//373
f 319//319 332//332 373//373
f 332//332 362//362 358//358
f 332//332 317//317 362//362
f 291//291 282//282 319//319
f 282//282 332//332 319//319
f 187//187 178//178 167//167
f 178//178 156//156 167//167
f 156//156 178//178 157//157
f 495//495 480//480 475//475
f 473//473 465//465 463//463
f 465//465 473//473 494//494
f 494//494 473//473 531//531
f 500//500 520//520 528//528
f 500//500 495//495 475//475
f 666//666 681//681 683//683
f 666//666 631//631 674//674
f 681//681 666//666 674//674
f 836//836 804//804 803//803
f 853//853 842//842 815//815
f 853//853 864//864 865//865
f 842//842 853//853 865//865
f 409//409 390//390 355//355
f 390//390 354//354 355//355
f 420//420 390//390 409//409
f 390//390 420//420 424//424
f 354//354 343//343 330//330
f 330//330 343//343 320//320
f 343//343 317//317 320//320
f 317//317 343//343 362//362
f 595//595 582//582 545//545
f 582//582 542//542 545//545
f 542//542 582//582 570//570
f 582//582 595//595 606//606
f 587//587 582//582 606//606
f 582//582 587//587 570//570
f 482//482 446//446 461//461
f 446//446 482//482 448//448
f 437//437 446//446 411//411
f 446//446 437//437 461//461
f 446//446 426//426 411//411
f 426//426 446//446 448//448
f 454//454 482//482 459//459
f 482//482 454//454 448//448
f 434//434 454//454 459//459
f 454//454 434//434 448//448
f 402//402 398//398 437//437
f 403//403 402//402 437//437
f 402//402 403//403 378//378
f 402//402 378//378 375//375
f 398//398 402//402 375//375
f 535//535 544//544 586//586
f 508//508 544//544 535//535
f 502//502 544//544 508//508
f 547//547 544//544 502//502
f 770//770 756//756 751//751
f 756//756 770//770 784//784
f 784//784 770//770 815//815
f 761//761 780//780 765//765
f 761//761 747//747 780//780
f 800//800 808//808 817//817
f 817//817 808//808 829//829
f 808//808 780//780 791//791
f 808//808 800//800 780//780
f 808//808 799//799 829//829
f 799//799 808//808 791//791
f 781//781 782//782 801//801
f 782//782 800//800 801//801
f 774//774 782//782 781//781
f 780//780 782//782 765//765
f 800//800 782//782 780//780
f 731//731 723//723 709//709
f 741//741 723//723 731//731
f 709//709 723//723 740//740
f 723//723 741//741 740//740
f 705//705 660//660 682//682
f 660//660 705//705 668//668
f 682//682 660//660 652//652
f 660//660 642//642 652//652
f 642//642 660//660 626//626
f 660//660 657//657 626//626
f 660//660 668//668 657//657
f 629//629 588//588 590//590
f 629//629 642//642 588//588
f 642//642 629//629 652//652
f 629//629 625//625 652//652
f 625//625 629//629 590//590
f 705//705 735//735 727//727
f 727//727 735//735 748//748
f 712//712 735//735 682//682
f 735//735 705//705 682//682
f 735//735 768//768 748//748
f 768//768 735//735 732//732
f 735//735 712//712 732//732
f 645//645 647//647 616//616
f 647//647 645//645 661//661
f 667//667 647//647 661//661
f 708//708 686//686 725//725
f 676//676 686//686 708//708
f 725//725 686//686 711//711
f 686//686 676//676 663//663
f 686//686 680//680 711//711
f 686//686 663//663 680//680
f 767//767 752//752 754//754
f 787//787 771//771 776//776
f 787//787 785//785 771//771
f 810//810 787//787 776//776
f 787//787 810//810 816//816
f 785//785 787//787 816//816
f 5//5 7//7 8//8
f 5//5 3//3 7//7
f 60//60 93//93 65//65
f 93//93 66//66 65//65
f 95//95 93//93 104//104
f 95//95 78//78 66//66
f 93//93 95//95 66//66
f 55//55 61//61 48//48
f 43//43 55//55 48//48
f 55//55 58//58 73//73
f 61//61 55//55 73//73
f 58//58 55//55 41//41
f 55//55 43//43 41//41
f 76//76 83//83 67//67
f 83//83 76//76 94//94
f 94//94 76//76 73//73
f 54//54 76//76 67//67
f 76//76 54//54 73//73
f 133//133 101//101 121//121
f 133//133 128//128 101//101
f 156//156 133//133 121//121
f 133//133 156//156 157//157
f 170//170 147//147 165//165
f 10//10 4//4 13//13
f 10//10 6//6 4//4
f 321//321 298//298 279//279
f 298//298 265//265 279//279
f 298//298 318//318 287//287
f 265//265 298//298 287//287
f 318//318 327//327 339//339
f 327//327 364//364 339//339
f 298//298 327//327 318//318
f 327//327 298//298 321//321
f 327//327 361//361 364//364
f 361//361 327//327 321//321
f 251//251 301//301 280//280
f 120//120 134//134 138//138
f 119//119 117//117 104//104
f 266//266 230//230 259//259
f 266//266 321//321 279//279
f 265//265 266//266 279//279
f 266//266 265//265 230//230
f 321//321 266//266 325//325
f 266//266 259//259 325//325
f 230//230 199//199 218//218
f 314//314 341//341 323//323
f 322//322 314//314 287//287
f 314//314 322//322 344//344
f 341//341 314//314 344//344
f 314//314 268//268 287//287
f 268//268 314//314 323//323
f 383//383 372//372 406//406
f 396//396 383//383 406//406
f 383//383 396//396 364//364
f 361//361 383//383 364//364
f 331//331 361//361 321//321
f 342//342 331//331 325//325
f 331//331 321//321 325//325
f 265//265 219//219 230//230
f 219//219 258//258 202//202
f 219//219 265//265 258//258
f 215//215 244//244 240//240
f 244//244 215//215 258//258
f 244//244 268//268 240//240
f 244//244 258//258 287//287
f 268//268 244//244 287//287
f 258//258 198//198 202//202
f 215//215 198//198 258//258
f 130//130 152//152 155//155
f 154//154 152//152 130//130
f 207//207 173//173 166//166
f 197//197 173//173 207//207
f 166//166 173//173 168//168
f 173//173 197//197 168//168
f 300//300 273//273 308//308
f 273//273 300//300 267//267
f 273//273 268//268 308//308
f 273//273 267//267 243//243
f 268//268 273//273 243//243
f 405//405 423//423 380//380
f 423//423 405//405 421//421
f 415//415 434//434 421//421
f 405//405 415//415 421//421
f 434//434 415//415 410//410
f 415//415 405//405 410//410
f 430//430 425//425 391//391
f 430//430 457//457 425//425
f 457//457 430//430 445//445
f 379//379 430//430 391//391
f 407//407 430//430 379//379
f 430//430 407//407 429//429
f 445//445 430//430 429//429
f 468//468 447//447 478//478
f 468//468 478//478 479//479
f 447//447 468//468 429//429
f 468//468 445//445 429//429
f 457//457 468//468 479//479
f 468//468 457//457 445//445
f 483//483 441//441 425//425
f 457//457 483//483 425//425
f 441//441 483//483 464//464
f 483//483 457//457 504//504
f 505//505 483//483 504//504
f 483//483 484//484 464//464
f 483//483 505//505 484//484
f 577//577 558//558 560//560
f 558//558 577//577 594//594
f 596//596 577//577 560//560
f 611//611 577//577 596//596
f 594//594 577//577 616//616
f 577//577 611//611 616//616
f 685//685 672//672 687//687
f 713//713 685//685 687//687
f 720//720 718//718 729//729
f 720//720 713//713 718//718
f 720//720 719//719 713//713
f 719//719 720//720 729//729
f 789//789 778//778 790//790
f 778//778 773//773 790//790
f 778//778 762//762 773//773
f 762//762 778//778 758//758
f 778//778 792//792 758//758
f 792//792 778//778 789//789
f 718//718 739//739 729//729
f 729//729 739//739 758//758
f 739//739 762//762 758//758
f 809//809 798//798 827//827
f 760//760 798//798 776//776
f 798//798 809//809 776//776
f 792//792 769//769 758//758
f 769//769 792//792 793//793
f 758//758 769//769 737//737
f 769//769 746//746 737//737
f 834//834 832//832 845//845
f 810//810 830//830 816//816
f 848//848 839//839 845//845
f 677//677 692//692 706//706
f 677//677 662//662 692//692
f 677//677 706//706 695//695
f 662//662 677//677 656//656
f 680//680 677//677 695//695
f 677//677 680//680 656//656
f 571//571 576//576 561//561
f 540//540 571//571 561//561
f 566//566 607//607 575//575
f 537//537 566//566 575//575
f 633//633 622//622 635//635
f 607//607 633//633 646//646
f 633//633 659//659 646//646
f 659//659 633//633 635//635
f 694//694 716//716 701//701
f 694//694 688//688 716//716
f 734//734 745//745 743//743
f 745//745 749//749 743//743
f 745//745 734//734 746//746
f 769//769 745//745 746//746
f 745//745 769//769 793//793
f 798//798 745//745 793//793
f 749//749 745//745 760//760
f 745//745 798//798 760//760
f 387//387 360//360 337//337
f 389//389 387//387 337//337
f 387//387 417//417 374//374
f 360//360 387//387 374//374
f 395//395 399//399 363//363
f 399//399 389//389 363//363
f 399//399 418//418 432//432
f 399//399 395//395 418//418
f 651//651 640//640 623//623
f 651//651 623//623 621//621
f 651//651 658//658 672//672
f 640//640 651//651 659//659
f 477//477 487//487 438//438
f 513//513 487//487 477//477
f 524//524 541//541 539//539
f 569//569 541//541 580//580
f 539//539 541//541 569//569
f 541//541 575//575 580//580
f 541//541 537//537 575//575
f 480//480 474//474 443//443
f 419//419 451//451 449//449
f 451//451 471//471 449//449
f 451//451 412//412 443//443
f 451//451 419//419 412//412
f 474//474 451//451 443//443
f 371//371 400//400 367//367
f 353//353 371//371 367//367
f 400//400 371//371 412//412
f 371//371 382//382 412//412
f 371//371 353//353 352//352
f 382//382 371//371 352//352
f 401//401 382//382 374//374
f 417//417 401//401 374//374
f 413//413 401//401 417//417
f 382//382 401//401 412//412
f 412//412 401//401 443//443
f 401//401 413//413 443//443
f 246//246 289//289 260//260
f 289//289 276//276 260//260
f 289//289 277//277 306//306
f 303//303 289//289 306//306
f 276//276 289//289 303//303
f 285//285 292//292 302//302
f 292//292 303//303 302//302
f 292//292 276//276 303//303
f 288//288 281//281 271//271
f 281//281 307//307 315//315
f 307//307 281//281 288//288
f 261//261 227//227 229//229
f 261//261 252//252 227//227
f 271//271 261//261 229//229
f 281//281 261//261 271//271
f 360//360 316//316 337//337
f 313//313 305//305 293//293
f 313//313 281//281 315//315
f 281//281 313//313 293//293
f 313//313 316//316 305//305
f 337//337 313//313 315//315
f 316//316 313//313 337//337
f 277//277 253//253 235//235
f 253//253 289//289 246//246
f 289//289 253//253 277//277
f 252//252 270//270 235//235
f 270//270 277//277 235//235
f 270//270 286//286 277//277
f 286//286 270//270 293//293
f 171//171 172//172 148//148
f 171//171 180//180 192//192
f 172//172 171//171 192//192
f 193//193 176//176 169//169
f 181//181 193//193 169//169
f 200//200 193//193 214//214
f 193//193 200//200 176//176
f 210//210 185//185 209//209
f 185//185 210//210 187//187
f 185//185 200//200 209//209
f 200//200 185//185 176//176
f 153//153 185//185 187//187
f 211//211 232//232 257//257
f 231//231 211//211 257//257
f 231//231 255//255 249//249
f 255//255 231//231 257//257
f 285//285 255//255 257//257
f 249//249 255//255 283//283
f 255//255 285//285 283//283
f 149//149 139//139 183//183
f 181//181 149//149 183//183
f 233//233 225//225 249//249
f 225//225 231//231 249//249
f 225//225 211//211 231//231
f 225//225 181//181 183//183
f 211//211 225//225 183//183
f 237//237 256//256 242//242
f 274//274 328//328 294//294
f 328//328 274//274 297//297
f 278//278 274//274 294//294
f 256//256 274//274 278//278
f 21//21 25//25 16//16
f 19//19 21//21 11//11
f 9//9 21//21 16//16
f 11//11 21//21 9//9
f 77//77 64//64 63//63
f 114//114 113//113 132//132
f 142//142 160//160 162//162
f 142//142 162//162 159//159
f 142//142 159//159 116//116
f 122//122 142//142 116//116
f 226//226 210//210 241//241
f 226//226 241//241 264//264
f 210//210 226//226 187//187
f 226//226 178//178 187//187
f 332//332 295//295 317//317
f 282//282 295//295 332//332
f 317//317 295//295 320//320
f 295//295 284//284 320//320
f 284//284 295//295 264//264
f 295//295 282//282 264//264
f 282//282 248//248 264//264
f 248//248 226//226 264//264
f 226//226 248//248 228//228
f 157//157 186//186 165//165
f 178//178 186//186 157//157
f 552//552 532//532 528//528
f 495//495 515//515 480//480
f 515//515 474//474 480//480
f 532//532 515//515 495//495
f 515//515 523//523 503//503
f 636//636 621//621 578//578
f 636//636 651//651 621//621
f 651//651 636//636 658//658
f 465//465 453//453 432//432
f 453//453 417//417 432//432
f 453//453 475//475 417//417
f 520//520 489//489 494//494
f 500//500 489//489 520//520
f 489//489 465//465 494//494
f 489//489 453//453 465//465
f 489//489 500//500 475//475
f 453//453 489//489 475//475
f 673//673 683//683 687//687
f 673//673 666//666 683//683
f 811//811 804//804 844//844
f 811//811 853//853 815//815
f 850//850 804//804 836//836
f 804//804 850//850 844//844
f 850//850 861//861 862//862
f 390//390 388//388 354//354
f 388//388 343//343 354//354
f 392//392 388//388 424//424
f 388//388 390//390 424//424
f 574//574 544//544 547//547
f 597//597 574//574 593//593
f 574//574 547//547 593//593
f 574//574 597//597 586//586
f 544//544 574//574 586//586
f 747//747 750//750 728//728
f 761//761 750//750 747//747
f 750//750 731//731 728//728
f 731//731 750//750 765//765
f 750//750 761//761 765//765
f 782//782 766//766 765//765
f 766//766 782//782 774//774
f 766//766 741//741 765//765
f 741//741 766//766 774//774
f 641//641 667//667 654//654
f 641//641 647//647 667//667
f 641//641 654//654 593//593
f 594//594 641//641 593//593
f 641//641 594//594 616//616
f 647//647 641//641 616//616
f 777//777 767//767 754//754
f 771//771 777//777 754//754
f 785//785 777//777 771//771
f 119//119 103//103 112//112
f 103//103 119//119 104//104
f 93//93 103//103 104//104
f 69//69 93//93 60//60
f 83//83 69//69 67//67
f 69//69 60//60 52//52
f 69//69 46//46 67//67
f 46//46 69//69 52//52
f 133//133 143//143 128//128
f 143//143 147//147 128//128
f 143//143 133//133 157//157
f 143//143 157//157 165//165
f 147//147 143//143 165//165
f 259//259 234//234 280//280
f 234//234 251//251 280//280
f 251//251 234//234 208//208
f 106//106 120//120 102//102
f 120//120 106//106 134//134
f 106//106 95//95 104//104
f 117//117 106//106 104//104
f 106//106 117//117 134//134
f 78//78 106//106 102//102
f 95//95 106//106 78//78
f 120//120 108//108 102//102
f 108//108 120//120 115//115
f 108//108 82//82 102//102
f 82//82 108//108 111//111
f 108//108 115//115 111//111
f 136//136 119//119 112//112
f 136//136 117//117 119//119
f 136//136 147//147 170//170
f 163//163 136//136 170//170
f 128//128 136//136 112//112
f 147//147 136//136 128//128
f 115//115 125//125 111//111
f 125//125 130//130 111//111
f 125//125 154//154 130//130
f 125//125 140//140 154//154
f 372//372 365//365 342//342
f 383//383 365//365 372//372
f 365//365 383//383 361//361
f 365//365 331//331 342//342
f 331//331 365//365 361//361
f 204//204 199//199 230//230
f 219//219 204//204 230//230
f 199//199 204//204 175//175
f 175//175 204//204 202//202
f 204//204 219//219 202//202
f 184//184 140//140 175//175
f 140//140 184//184 154//154
f 184//184 198//198 215//215
f 152//152 179//179 155//155
f 179//179 216//216 207//207
f 216//216 179//179 215//215
f 179//179 166//166 155//155
f 179//179 207//207 166//166
f 179//179 184//184 215//215
f 423//423 442//442 433//433
f 433//433 442//442 469//469
f 442//442 455//455 469//469
f 455//455 442//442 421//421
f 442//442 423//423 421//421
f 707//707 704//704 737//737
f 704//704 719//719 737//737
f 704//704 707//707 679//679
f 685//685 704//704 679//679
f 704//704 685//685 713//713
f 719//719 704//704 713//713
f 742//742 758//758 737//737
f 719//719 742//742 737//737
f 742//742 729//729 758//758
f 742//742 719//719 729//729
f 733//733 718//718 717//717
f 733//733 739//739 718//718
f 838//838 834//834 845//845
f 834//834 838//838 820//820
f 792//792 805//805 793//793
f 805//805 802//802 793//793
f 805//805 792//792 812//812
f 805//805 834//834 820//820
f 832//832 805//805 812//812
f 834//834 805//805 832//832
f 824//824 830//830 810//810
f 830//830 824//824 840//840
f 840//840 824//824 828//828
f 824//824 809//809 828//828
f 809//809 824//824 810//810
f 843//843 855//855 854//854
f 830//830 843//843 816//816
f 819//819 843//843 854//854
f 843//843 819//819 816//816
f 846//846 840//840 847//847
f 846//846 830//830 840//840
f 846//846 843//843 830//830
f 843//843 846//846 855//855
f 846//846 847//847 858//858
f 855//855 846//846 858//858
f 821//821 848//848 827//827
f 821//821 839//839 848//848
f 821//821 826//826 839//839
f 554//554 571//571 540//540
f 530//530 554//554 516//516
f 554//554 507//507 516//516
f 507//507 554//554 540//540
f 566//566 589//589 607//607
f 633//633 589//589 622//622
f 589//589 633//633 607//607
f 678//678 669//669 701//701
f 669//669 694//694 701//701
f 669//669 678//678 649//649
f 643//643 669//669 649//649
f 669//669 643//643 655//655
f 694//694 669//669 688//688
f 670//670 669//669 655//655
f 688//688 669//669 670//670
f 408//408 399//399 432//432
f 399//399 408//408 389//389
f 659//659 671//671 679//679
f 651//651 671//671 659//659
f 671//671 651//651 672//672
f 671//671 685//685 679//679
f 685//685 671//671 672//672
f 492//492 487//487 514//514
f 541//541 492//492 514//514
f 492//492 486//486 438//438
f 487//487 492//492 438//438
f 492//492 524//524 486//486
f 492//492 541//541 524//524
f 487//487 511//511 514//514
f 537//537 511//511 533//533
f 511//511 513//513 533//533
f 511//511 487//487 513//513
f 471//471 488//488 477//477
f 488//488 515//515 503//503
f 515//515 488//488 474//474
f 451//451 488//488 471//471
f 488//488 451//451 474//474
f 488//488 513//513 477//477
f 513//513 488//488 503//503
f 292//292 262//262 276//276
f 276//276 262//262 260//260
f 262//262 285//285 257//257
f 262//262 292//292 285//285
f 262//262 232//232 260//260
f 232//232 262//262 257//257
f 263//263 281//281 293//293
f 263//263 261//261 281//281
f 261//261 263//263 252//252
f 270//270 263//263 293//293
f 263//263 270//270 252//252
f 305//305 304//304 293//293
f 304//304 286//286 293//293
f 316//316 304//304 305//305
f 304//304 360//360 350//350
f 304//304 316//316 360//360
f 304//304 350//350 306//306
f 277//277 304//304 306//306
f 286//286 304//304 277//277
f 239//239 220//220 235//235
f 253//253 239//239 235//235
f 239//239 253//253 246//246
f 239//239 246//246 203//203
f 220//220 239//239 203//203
f 145//145 185//185 153//153
f 131//131 145//145 118//118
f 145//145 153//153 118//118
f 185//185 145//145 176//176
f 137//137 145//145 131//131
f 176//176 145//145 137//137
f 232//232 205//205 212//212
f 211//211 205//205 232//232
f 205//205 190//190 212//212
f 190//190 205//205 183//183
f 205//205 211//211 183//183
f 161//161 181//181 169//169
f 161//161 149//149 181//181
f 161//161 169//169 132//132
f 149//149 161//161 132//132
f 217//217 193//193 181//181
f 225//225 217//217 181//181
f 217//217 225//225 233//233
f 193//193 217//217 214//214
f 217//217 237//237 214//214
f 237//237 217//217 233//233
f 250//250 237//237 233//233
f 237//237 250//250 256//256
f 250//250 233//233 249//249
f 250//250 274//274 256//256
f 250//250 249//249 283//283
f 297//297 250//250 283//283
f 274//274 250//250 297//297
f 221//221 237//237 242//242
f 221//221 242//242 209//209
f 200//200 221//221 209//209
f 221//221 200//200 214//214
f 237//237 221//221 214//214
f 68//68 62//62 45//45
f 15//15 10//10 13//13
f 10//10 15//15 6//6
f 34//34 47//47 41//41
f 42//42 47//47 34//34
f 47//47 58//58 41//41
f 47//47 71//71 58//58
f 47//47 42//42 71//71
f 30//30 21//21 19//19
f 21//21 30//30 25//25
f 30//30 34//34 25//25
f 30//30 42//42 34//34
f 107//107 105//105 124//124
f 110//110 107//107 124//124
f 110//110 129//129 109//109
f 129//129 113//113 109//109
f 129//129 110//110 124//124
f 129//129 149//149 132//132
f 113//113 129//129 132//132
f 139//139 129//129 124//124
f 149//149 129//129 139//139
f 97//97 98//98 114//114
f 98//98 113//113 114//114
f 98//98 97//97 84//84
f 142//142 135//135 160//160
f 146//146 135//135 127//127
f 160//160 135//135 146//146
f 135//135 122//122 127//127
f 135//135 142//142 122//122
f 206//206 226//226 228//228
f 226//226 206//206 178//178
f 206//206 186//186 178//178
f 186//186 206//206 208//208
f 275//275 282//282 291//291
f 275//275 248//248 282//282
f 301//301 275//275 291//291
f 251//251 275//275 301//301
f 177//177 186//186 208//208
f 177//177 170//170 165//165
f 186//186 177//177 165//165
f 500//500 517//517 495//495
f 517//517 532//532 495//495
f 517//517 500//500 528//528
f 532//532 517//517 528//528
f 549//549 515//515 532//532
f 549//549 552//552 578//578
f 549//549 532//532 552//552
f 627//627 636//636 578//578
f 552//552 627//627 578//578
f 627//627 552//552 556//556
f 631//631 627//627 556//556
f 673//673 665//665 666//666
f 665//665 673//673 687//687
f 672//672 665//665 687//687
f 658//658 665//665 672//672
f 811//811 795//795 804//804
f 804//804 795//795 803//803
f 763//763 795//795 775//775
f 852//852 811//811 844//844
f 811//811 852//852 853//853
f 853//853 852//852 864//864
f 850//850 860//860 844//844
f 860//860 850//850 862//862
f 860//860 862//862 864//864
f 852//852 860//860 864//864
f 860//860 852//852 844//844
f 856//856 850//850 836//836
f 849//849 856//856 836//836
f 856//856 849//849 863//863
f 343//343 381//381 362//362
f 388//388 381//381 343//343
f 381//381 392//392 362//362
f 381//381 388//388 392//392
f 814//814 785//785 816//816
f 814//814 777//777 785//785
f 819//819 814//814 816//816
f 814//814 836//836 803//803
f 814//814 819//819 836//836
f 69//69 96//96 93//93
f 96//96 101//101 112//112
f 96//96 83//83 101//101
f 96//96 69//69 83//83
f 223//223 259//259 218//218
f 223//223 234//234 259//259
f 117//117 151//151 134//134
f 136//136 151//151 117//117
f 151//151 136//136 163//163
f 174//174 151//151 163//163
f 151//151 150//150 134//134
f 151//151 174//174 150//150
f 164//164 140//140 138//138
f 140//140 164//164 175//175
f 150//150 164//164 138//138
f 164//164 199//199 175//175
f 140//140 126//126 138//138
f 126//126 120//120 138//138
f 120//120 126//126 115//115
f 126//126 125//125 115//115
f 126//126 140//140 125//125
f 188//188 175//175 202//202
f 188//188 184//184 175//175
f 198//198 188//188 202//202
f 184//184 188//188 198//198
f 158//158 152//152 154//154
f 158//158 179//179 152//152
f 184//184 158//158 154//154
f 179//179 158//158 184//184
f 739//739 757//757 762//762
f 733//733 757//757 739//739
f 762//762 757//757 773//773
f 773//773 757//757 717//717
f 757//757 733//733 717//717
f 826//826 825//825 839//839
f 839//839 825//825 845//845
f 825//825 826//826 802//802
f 826//826 807//807 802//802
f 807//807 826//826 821//821
f 807//807 798//798 793//793
f 802//802 807//807 793//793
f 798//798 807//807 827//827
f 807//807 821//821 827//827
f 551//551 554//554 530//530
f 599//599 551//551 538//538
f 551//551 530//530 538//538
f 554//554 585//585 571//571
f 551//551 585//585 554//554
f 598//598 602//602 622//622
f 589//589 598//598 622//622
f 553//553 589//589 566//566
f 553//553 537//537 533//533
f 553//553 566//566 537//537
f 404//404 387//387 389//389
f 408//408 404//404 389//389
f 387//387 404//404 417//417
f 417//417 404//404 432//432
f 404//404 408//408 432//432
f 527//527 511//511 537//537
f 511//511 527//527 514//514
f 541//541 527//527 537//537
f 527//527 541//541 514//514
f 72//72 91//91 68//68
f 56//56 72//72 68//68
f 72//72 64//64 77//77
f 72//72 56//56 64//64
f 44//44 68//68 45//45
f 44//44 56//56 68//68
f 113//113 86//86 109//109
f 98//98 86//86 113//113
f 86//86 57//57 62//62
f 6//6 12//12 7//7
f 15//15 12//12 6//6
f 12//12 15//15 22//22
f 7//7 20//20 8//8
f 12//12 20//20 7//7
f 20//20 12//12 22//22
f 23//23 19//19 8//8
f 20//20 23//23 8//8
f 86//86 100//100 109//109
f 100//100 110//110 109//109
f 100//100 107//107 110//110
f 100//100 91//91 105//105
f 107//107 100//100 105//105
f 245//245 275//275 251//251
f 275//275 245//245 248//248
f 248//248 245//245 228//228
f 245//245 251//251 208//208
f 245//245 206//206 228//228
f 206//206 245//245 208//208
f 573//573 557//557 578//578
f 557//557 549//549 578//578
f 549//549 557//557 515//515
f 523//523 557//557 573//573
f 515//515 557//557 523//523
f 636//636 653//653 658//658
f 627//627 653//653 636//636
f 653//653 665//665 658//658
f 665//665 653//653 666//666
f 666//666 653//653 631//631
f 653//653 627//627 631//631
f 795//795 794//794 775//775
f 794//794 795//795 811//811
f 794//794 755//755 775//775
f 770//770 794//794 815//815
f 794//794 811//811 815//815
f 755//755 794//794 751//751
f 794//794 770//770 751//751
f 859//859 861//861 850//850
f 856//856 859//859 850//850
f 861//861 859//859 863//863
f 859//859 856//856 863//863
f 777//777 786//786 767//767
f 814//814 786//786 777//777
f 795//795 786//786 803//803
f 786//786 795//795 763//763
f 786//786 763//763 752//752
f 767//767 786//786 752//752
f 99//99 103//103 93//93
f 96//96 99//99 93//93
f 103//103 99//99 112//112
f 99//99 96//96 112//112
f 174//174 189//189 150//150
f 199//199 189//189 218//218
f 189//189 223//223 218//218
f 189//189 164//164 150//150
f 164//164 189//189 199//199
f 196//196 174//174 163//163
f 196//196 163//163 170//170
f 196//196 189//189 174//174
f 189//189 196//196 223//223
f 223//223 196//196 234//234
f 822//822 838//838 845//845
f 825//825 822//822 845//845
f 838//838 822//822 820//820
f 822//822 825//825 802//802
f 822//822 805//805 820//820
f 805//805 822//822 802//802
f 585//585 603//603 571//571
f 628//628 603//603 639//639
f 576//576 603//603 628//628
f 571//571 603//603 576//576
f 610//610 551//551 599//599
f 610//610 585//585 551//551
f 630//630 610//610 599//599
f 553//553 567//567 589//589
f 567//567 523//523 573//573
f 523//523 567//567 533//533
f 567//567 553//553 533//533
f 567//567 573//573 591//591
f 72//72 87//87 91//91
f 89//89 87//87 85//85
f 87//87 77//77 85//85
f 87//87 72//72 77//77
f 87//87 89//89 105//105
f 91//91 87//87 105//105
f 35//35 33//33 45//45
f 33//33 44//44 45//45
f 33//33 20//20 22//22
f 20//20 33//33 35//35
f 15//15 28//28 22//22
f 28//28 15//15 13//13
f 70//70 98//98 84//84
f 70//70 86//86 98//98
f 70//70 57//57 86//86
f 71//71 70//70 84//84
f 42//42 70//70 71//71
f 57//57 70//70 42//42
f 39//39 35//35 45//45
f 30//30 39//39 42//42
f 81//81 100//100 86//86
f 81//81 62//62 68//68
f 81//81 86//86 62//62
f 91//91 81//81 68//68
f 100//100 81//81 91//91
f 797//797 814//814 803//803
f 786//786 797//797 803//803
f 797//797 786//786 814//814
f 177//177 201//201 170//170
f 201//201 196//196 170//170
f 201//201 177//177 208//208
f 234//234 201//201 208//208
f 196//196 201//201 234//234
f 612//612 603//603 585//585
f 610//610 612//612 585//585
f 603//603 612//612 639//639
f 612//612 662//662 639//639
f 662//662 612//612 650//650
f 612//612 630//630 650//650
f 612//612 610//610 630//630
f 581//581 598//598 589//589
f 567//567 581//581 589//589
f 598//598 581//581 602//602
f 602//602 581//581 591//591
f 581//581 567//567 591//591
f 32//32 28//28 13//13
f 44//44 40//40 56//56
f 32//32 40//40 28//28
f 33//33 31//31 44//44
f 31//31 40//40 44//44
f 40//40 31//31 28//28
f 31//31 33//33 22//22
f 28//28 31//31 22//22
f 39//39 29//29 35//35
f 29//29 20//20 35//35
f 29//29 23//23 20//20
f 29//29 39//39 30//30
f 29//29 30//30 19//19
f 23//23 29//29 19//19
f 51//51 39//39 45//45
f 62//62 51//51 45//45
f 57//57 51//51 62//62
f 51//51 57//57 42//42
f 39//39 51//51 42//42
f 53//53 40//40 49//49
f 40//40 53//53 56//56
f 56//56 53//53 64//64
f 63//63 53//53 49//49
f 64//64 53//53 63//63
