v 0.636974061 0.241377626 -6.075020647 0.274510 0.313725 0.203922
v 0.629181282 0.236247630 -6.082575841 0.411765 0.501961 0.286275
v 0.657919530 0.283813659 -6.084221621 0.556863 0.666667 0.443137
v 0.634588250 0.254189774 -6.074325440 0.400000 0.529412 0.219608
v 0.644409831 0.269184465 -6.074445577 0.415686 0.537255 0.227451
v 0.649111115 0.276561947 -6.078703655 0.494118 0.603922 0.349020
v 0.620959305 0.226880535 -6.093661361 0.403922 0.525490 0.274510
v 0.637183659 0.263568353 -6.074435110 0.427451 0.556863 0.215686
v 0.664035055 0.294657722 -6.093977259 0.623529 0.705882 0.568627
v 0.615822479 0.220891618 -6.100127881 0.305882 0.411765 0.250980
v 0.624960298 0.250172709 -6.080762160 0.431373 0.572549 0.290196
v 0.636175755 0.271069669 -6.079051585 0.356863 0.521569 0.188235
v 0.628145059 0.259838993 -6.079028745 0.301961 0.462745 0.129412
v 0.614413717 0.233469283 -6.092253943 0.325490 0.486275 0.215686
v 0.608239912 0.227517407 -6.096665755 0.372549 0.525490 0.305882
v 0.662792387 0.309419714 -6.099752865 0.658824 0.772549 0.588235
v 0.613679351 0.243007874 -6.088574676 0.392157 0.541176 0.250980
v 0.668902850 0.319468977 -6.103860353 0.419608 0.478431 0.368627
v 0.599907673 0.216693841 -6.103202314 0.521569 0.647059 0.474510
v 0.639293528 0.287245898 -6.089840080 0.364706 0.541176 0.239216
v 0.590228250 0.210336721 -6.103774598 0.215686 0.247059 0.215686
v 0.613741687 0.256568904 -6.086469851 0.305882 0.482353 0.168627
v 0.644340438 0.298974898 -6.094172879 0.462745 0.627451 0.349020
v 0.620985537 0.268581198 -6.085763304 0.376471 0.549020 0.207843
v 0.598479166 0.227692100 -6.096837802 0.443137 0.603922 0.364706
v 0.668296321 0.331245765 -6.104811038 0.454902 0.533333 0.372549
v 0.653066625 0.313560361 -6.100093882 0.541176 0.701961 0.447059
v 0.624938757 0.277490719 -6.088683515 0.333333 0.505882 0.184314
v 0.671567843 0.344806905 -6.105110231 0.384314 0.407843 0.325490
v 0.600912614 0.246117504 -6.090545790 0.462745 0.596078 0.360784
v 0.634602022 0.297513247 -6.095261205 0.415686 0.596078 0.278431
v 0.612068233 0.267095134 -6.089346810 0.352941 0.537255 0.188235
v 0.588003030 0.229353523 -6.095834674 0.501961 0.658824 0.435294
v 0.579330565 0.217907084 -6.096591109 0.545098 0.701961 0.458824
v 0.601715315 0.258156884 -6.090544383 0.345098 0.513725 0.223529
v 0.648261739 0.323176417 -6.102555920 0.494118 0.650980 0.415686
v 0.655529167 0.333552967 -6.104372090 0.454902 0.611765 0.352941
v 0.565484372 0.205336039 -6.089191885 0.360784 0.396078 0.329412
v 0.640154533 0.314457777 -6.100555940 0.419608 0.584314 0.329412
v 0.624996453 0.294268019 -6.096186797 0.396078 0.564706 0.278431
v 0.584947594 0.237974341 -6.093376942 0.443137 0.603922 0.352941
v 0.613740092 0.283860052 -6.094487731 0.376471 0.537255 0.262745
v 0.670692778 0.365771887 -6.105562986 0.349020 0.372549 0.290196
v 0.587961730 0.247066132 -6.092424203 0.407843 0.560784 0.298039
v 0.556111573 0.204185259 -6.083224804 0.192157 0.207843 0.184314
v 0.606506118 0.275848837 -6.093631414 0.368627 0.552941 0.219608
v 0.577531872 0.231008606 -6.094851750 0.450980 0.607843 0.368627
v 0.629791804 0.308742813 -6.100099472 0.423529 0.584314 0.341176
v 0.599295093 0.267002397 -6.092892770 0.372549 0.552941 0.227451
v 0.570351691 0.222924926 -6.094257072 0.537255 0.701961 0.450980
v 0.653065834 0.348876437 -6.106511122 0.431373 0.592157 0.329412
v 0.618525157 0.300756713 -6.099955364 0.407843 0.576471 0.309804
v 0.612085463 0.291952930 -6.098259257 0.372549 0.533333 0.266667
v 0.634638995 0.325554443 -6.104269207 0.427451 0.592157 0.329412
v 0.575194381 0.241347607 -6.094391859 0.454902 0.615686 0.352941
v 0.555278197 0.216266178 -6.087090113 0.545098 0.682353 0.486275
v 0.642585145 0.338505345 -6.106283879 0.447059 0.607843 0.345098
v 0.664536330 0.371836645 -6.106849634 0.529412 0.623529 0.396078
v 0.657085942 0.360906853 -6.107348688 0.407843 0.564706 0.286275
v 0.547972546 0.209152194 -6.082679707 0.407843 0.439216 0.372549
v 0.589700111 0.266953837 -6.095475705 0.388235 0.564706 0.250980
v 0.564789616 0.230071266 -6.093730920 0.498039 0.666667 0.419608
v 0.601721051 0.284636178 -6.097795894 0.372549 0.541176 0.262745
v 0.624168743 0.315972215 -6.103290981 0.415686 0.568627 0.337255
v 0.590364747 0.275967904 -6.098017437 0.372549 0.533333 0.262745
v 0.624937466 0.324847479 -6.105531991 0.439216 0.592157 0.356863
v 0.632994988 0.337647026 -6.107290350 0.427451 0.584314 0.345098
v 0.614519656 0.311983601 -6.104004946 0.411765 0.584314 0.305882
v 0.576718846 0.259115411 -6.097206344 0.392157 0.556863 0.286275
v 0.658694718 0.378558832 -6.110577880 0.356863 0.517647 0.223529
v 0.644979717 0.358589388 -6.109429731 0.403922 0.560784 0.305882
v 0.580867274 0.267762025 -6.097865071 0.392157 0.568627 0.254902
v 0.562335901 0.241371175 -6.096714767 0.454902 0.611765 0.360784
v 0.546375449 0.221983497 -6.089139431 0.470588 0.619608 0.396078
v 0.596072021 0.292703988 -6.101657876 0.372549 0.533333 0.262745
v 0.588878372 0.285439074 -6.101002649 0.376471 0.545098 0.250980
v 0.534466354 0.212979558 -6.083350206 0.619608 0.729412 0.505882
v 0.566416244 0.253319472 -6.097845326 0.407843 0.580392 0.286275
v 0.548611857 0.230240617 -6.094725262 0.458824 0.627451 0.368627
v 0.612163422 0.320742959 -6.106664576 0.396078 0.564706 0.298039
v 0.604866454 0.310407188 -6.105507761 0.368627 0.529412 0.278431
v 0.527109281 0.207540804 -6.081097746 0.223529 0.247059 0.192157
v 0.631436893 0.350425818 -6.109926670 0.427451 0.584314 0.337255
v 0.616142162 0.329617089 -6.108102961 0.396078 0.552941 0.313725
v 0.645831991 0.372968736 -6.112082101 0.407843 0.572549 0.294118
v 0.578436196 0.276621135 -6.100962734 0.360784 0.521569 0.250980
v 0.624103965 0.344953454 -6.110199977 0.411765 0.576471 0.329412
v 0.657805242 0.394729576 -6.117375714 0.501961 0.631373 0.407843
v 0.595319824 0.306279580 -6.105918044 0.388235 0.552941 0.294118
v 0.534115722 0.223083759 -6.091275862 0.447059 0.596078 0.360784
v 0.546269658 0.238980980 -6.098255537 0.415686 0.572549 0.337255
v 0.632220875 0.362490396 -6.112242246 0.415686 0.580392 0.305882
v 0.584018905 0.294326625 -6.104804248 0.403922 0.564706 0.309804
v 0.554367390 0.251726370 -6.100209425 0.388235 0.560784 0.278431
v 0.648203141 0.387465333 -6.115916069 0.474510 0.627451 0.368627
v 0.606483287 0.328049564 -6.109573564 0.450980 0.603922 0.364706
v 0.636208565 0.371353482 -6.113724166 0.411765 0.580392 0.305882
v 0.575989636 0.285502028 -6.103985345 0.380392 0.545098 0.270588
v 0.614549805 0.340836998 -6.110573632 0.415686 0.588235 0.317647
v 0.522312675 0.213935699 -6.086810128 0.450980 0.564706 0.317647
v 0.565570490 0.273443050 -6.103255460 0.364706 0.521569 0.262745
v 0.661706994 0.411734397 -6.123255693 0.635294 0.682353 0.560784
v 0.615367059 0.350449822 -6.112248004 0.407843 0.568627 0.317647
v 0.532756337 0.234792006 -6.098891071 0.419608 0.584314 0.333333
v 0.637803859 0.385813594 -6.116887829 0.411765 0.568627 0.333333
v 0.578393549 0.300757560 -6.107978426 0.372549 0.537255 0.274510
v 0.585622491 0.311184863 -6.109608602 0.368627 0.533333 0.270588
v 0.521370931 0.223754833 -6.094959245 0.372549 0.541176 0.258824
v 0.597623658 0.330498814 -6.111832612 0.392157 0.549020 0.301961
v 0.571233941 0.294249812 -6.107489693 0.360784 0.525490 0.254902
v 0.627362009 0.375390126 -6.116046802 0.411765 0.568627 0.333333
v 0.541527620 0.251723366 -6.103431294 0.376471 0.541176 0.278431
v 0.510158027 0.211683433 -6.091063711 0.207843 0.235294 0.176471
v 0.619304805 0.364998149 -6.115092037 0.439216 0.580392 0.368627
v 0.563953410 0.286301279 -6.107209904 0.400000 0.572549 0.274510
v 0.534297720 0.243706655 -6.102594791 0.454902 0.607843 0.356863
v 0.654007628 0.416109133 -6.123244385 0.498039 0.635294 0.403922
v 0.556745319 0.277450907 -6.106484106 0.372549 0.541176 0.266667
v 0.659370663 0.423676928 -6.125209188 0.278431 0.309804 0.219608
v 0.549579779 0.269347530 -6.105961601 0.400000 0.564706 0.294118
v 0.605674341 0.352938596 -6.114360653 0.400000 0.560784 0.317647
v 0.587218730 0.325643713 -6.112776861 0.376471 0.525490 0.301961
v 0.597751994 0.341562979 -6.113259834 0.392157 0.549020 0.321569
v 0.639393987 0.401885605 -6.120828651 0.454902 0.619608 0.356863
v 0.539792893 0.260727101 -6.106813260 0.384314 0.552941 0.282353
v 0.576801647 0.314384899 -6.112056305 0.419608 0.572549 0.345098
v 0.520617560 0.234925019 -6.101621684 0.360784 0.525490 0.250980
v 0.659562398 0.433852712 -6.126141793 0.435294 0.458824 0.372549
v 0.513455950 0.228421330 -6.099512305 0.380392 0.549020 0.270588
v 0.569542791 0.308010895 -6.111886566 0.427451 0.588235 0.317647
v 0.525376090 0.245436403 -6.105355254 0.439216 0.603922 0.313725
v 0.547907057 0.278266401 -6.108847082 0.400000 0.572549 0.290196
v 0.504623999 0.219596314 -6.097892922 0.384314 0.509804 0.262745
v 0.558374720 0.295076025 -6.110616949 0.376471 0.537255 0.270588
v 0.551892177 0.287131857 -6.110317747 0.376471 0.549020 0.258824
v 0.622552308 0.389828656 -6.120090452 0.407843 0.580392 0.309804
v 0.610578659 0.372885631 -6.118000344 0.415686 0.568627 0.341176
v 0.615314713 0.381019307 -6.119216524 0.427451 0.592157 0.329412
v 0.640995560 0.417140180 -6.124825199 0.458824 0.623529 0.360784
v 0.645871363 0.425085723 -6.125917828 0.427451 0.584314 0.321569
v 0.596103243 0.355265950 -6.116256951 0.396078 0.552941 0.313725
v 0.625861436 0.398525529 -6.121370647 0.427451 0.584314 0.345098
v 0.534344996 0.267721997 -6.109245831 0.423529 0.600000 0.301961
v 0.568010219 0.316741290 -6.113844083 0.380392 0.549020 0.278431
v 0.585609669 0.342504141 -6.115967326 0.392157 0.556863 0.305882
v 0.600885629 0.368151847 -6.118506439 0.411765 0.560784 0.333333
v 0.559945435 0.308767511 -6.113655439 0.388235 0.545098 0.286275
v 0.527018273 0.261439378 -6.109549028 0.384314 0.549020 0.290196
v 0.519837854 0.253355000 -6.108953200 0.376471 0.549020 0.266667
v 0.497366015 0.223655062 -6.103345711 0.337255 0.498039 0.223529
v 0.512529130 0.244641074 -6.107738197 0.419608 0.560784 0.301961
v 0.612926501 0.390624688 -6.121720658 0.423529 0.580392 0.341176
v 0.586453636 0.353684666 -6.117776291 0.400000 0.560784 0.309804
v 0.504643390 0.236425199 -6.106013359 0.396078 0.560784 0.294118
v 0.632112327 0.419622582 -6.126161471 0.415686 0.576471 0.333333
v 0.546303568 0.295921292 -6.113670677 0.454902 0.588235 0.356863
v 0.616893800 0.398712236 -6.123104345 0.423529 0.580392 0.345098
v 0.591184359 0.362628498 -6.118966588 0.419608 0.576471 0.325490
v 0.621749718 0.406684478 -6.124100545 0.439216 0.596078 0.356863
v 0.539103828 0.287060964 -6.112981821 0.380392 0.545098 0.266667
v 0.568764980 0.332859244 -6.116820471 0.400000 0.556863 0.321569
v 0.639377445 0.434012884 -6.128773837 0.415686 0.580392 0.317647
v 0.531832316 0.279098994 -6.112750528 0.376471 0.549020 0.270588
v 0.525413028 0.270267657 -6.111956013 0.384314 0.541176 0.290196
v 0.647600681 0.448194258 -6.128930213 0.376471 0.517647 0.258824
v 0.547128848 0.304720287 -6.115384087 0.384314 0.529412 0.301961
v 0.517507432 0.262079494 -6.110936624 0.400000 0.580392 0.282353
v 0.488466336 0.222145271 -6.107014936 0.352941 0.505882 0.231373
v 0.494901383 0.232560364 -6.107885300 0.325490 0.482353 0.235294
v 0.480526514 0.212398198 -6.108236200 0.454902 0.486275 0.396078
v 0.622644461 0.419401549 -6.126959781 0.403922 0.576471 0.305882
v 0.596016818 0.382671343 -6.122257664 0.427451 0.576471 0.364706
v 0.573642259 0.350433445 -6.119530281 0.407843 0.576471 0.305882
v 0.547899907 0.313591010 -6.116839376 0.392157 0.552941 0.294118
v 0.503725005 0.249422593 -6.111070209 0.403922 0.552941 0.286275
v 0.648353596 0.458696699 -6.131897619 0.529412 0.623529 0.415686
v 0.496525938 0.241364378 -6.110384487 0.435294 0.576471 0.321569
v 0.607228764 0.401966669 -6.125350981 0.407843 0.568627 0.329412
v 0.555142828 0.327210494 -6.117733645 0.403922 0.560784 0.325490
v 0.534233215 0.296766516 -6.116729196 0.490196 0.623529 0.380392
v 0.566296280 0.344178052 -6.119735145 0.411765 0.576471 0.309804
v 0.559990266 0.335996145 -6.118689560 0.400000 0.560784 0.294118
v 0.626549431 0.431586048 -6.130446906 0.415686 0.572549 0.321569
v 0.600134161 0.395372819 -6.124370226 0.411765 0.564706 0.329412
v 0.575208658 0.359313380 -6.120948651 0.400000 0.564706 0.301961
v 0.584876280 0.374515393 -6.121924015 0.400000 0.560784 0.329412
v 0.526276361 0.288647402 -6.116262582 0.396078 0.560784 0.282353
v 0.649916975 0.467580722 -6.136510417 0.349020 0.356863 0.262745
v 0.511837141 0.270977584 -6.114700161 0.380392 0.560784 0.262745
v 0.482176629 0.228389454 -6.110864572 0.364706 0.533333 0.258824
v 0.634484575 0.448563407 -6.133215041 0.368627 0.537255 0.247059
v 0.501424630 0.258106684 -6.113199498 0.392157 0.549020 0.298039
v 0.472385353 0.214961280 -6.112493060 0.313725 0.380392 0.262745
v 0.486892954 0.238155666 -6.111984837 0.380392 0.541176 0.270588
v 0.616133361 0.427548942 -6.130533973 0.396078 0.552941 0.309804
v 0.608952183 0.419466594 -6.129132408 0.403922 0.568627 0.321569
v 0.556779132 0.344825369 -6.121096734 0.392157 0.552941 0.286275
v 0.542302269 0.323997534 -6.119345692 0.403922 0.556863 0.313725
v 0.564771318 0.357712909 -6.122537298 0.384314 0.545098 0.282353
v 0.528581457 0.305639646 -6.119779882 0.384314 0.552941 0.278431
v 0.635462400 0.459564963 -6.136473427 0.400000 0.568627 0.274510
v 0.586493083 0.392157541 -6.125192253 0.407843 0.564706 0.321569
v 0.547915912 0.336845455 -6.120930285 0.376471 0.541176 0.270588
v 0.521458919 0.297478356 -6.119465591 0.435294 0.580392 0.305882
v 0.594489165 0.405039753 -6.127455040 0.411765 0.560784 0.345098
v 0.641082753 0.469193744 -6.139696039 0.466667 0.596078 0.317647
v 0.514202604 0.288692931 -6.119308214 0.415686 0.552941 0.294118
v 0.470121943 0.224397565 -6.113998393 0.384314 0.545098 0.298039
v 0.625802806 0.450774500 -6.136334245 0.368627 0.533333 0.254902
v 0.506884713 0.279991691 -6.118846707 0.392157 0.556863 0.286275
v 0.572853502 0.377704537 -6.124410940 0.380392 0.533333 0.298039
v 0.532631328 0.320038351 -6.120757297 0.372549 0.529412 0.282353
v 0.499738410 0.271861033 -6.117619735 0.392157 0.552941 0.286275
v 0.566343254 0.370600770 -6.124779689 0.368627 0.525490 0.278431
v 0.614579583 0.438716895 -6.134796373 0.360784 0.517647 0.286275
v 0.492525779 0.263818725 -6.116872947 0.407843 0.584314 0.286275
v 0.576788178 0.388244019 -6.126437998 0.384314 0.541176 0.298039
v 0.607258289 0.430821897 -6.133520231 0.396078 0.549020 0.325490
v 0.485336673 0.254945076 -6.116234865 0.435294 0.580392 0.345098
v 0.646654006 0.482902125 -6.148292670 0.537255 0.603922 0.447059
v 0.640239908 0.477274778 -6.145115369 0.419608 0.552941 0.309804
v 0.460358238 0.219760321 -6.116563832 0.419608 0.505882 0.372549
v 0.596936247 0.420237160 -6.131657580 0.407843 0.576471 0.317647
v 0.544613772 0.344995530 -6.123692231 0.368627 0.529412 0.266667
v 0.555901398 0.363388330 -6.125543665 0.400000 0.541176 0.321569
v 0.624207742 0.459588704 -6.140400741 0.352941 0.509804 0.262745
v 0.548793570 0.354402897 -6.124503542 0.411765 0.584314 0.286275
v 0.580820741 0.401059672 -6.128940704 0.372549 0.533333 0.286275
v 0.530299454 0.328764802 -6.122732716 0.368627 0.517647 0.286275
v 0.509373039 0.297541478 -6.122448632 0.380392 0.529412 0.258824
v 0.461308371 0.229192788 -6.117284454 0.392157 0.552941 0.313725
v 0.502216205 0.289424057 -6.121972148 0.478431 0.600000 0.349020
v 0.472402151 0.246240667 -6.118192868 0.466667 0.596078 0.352941
v 0.534284457 0.337631527 -6.124201567 0.384314 0.541176 0.290196
v 0.559986917 0.376934646 -6.127502379 0.364706 0.533333 0.247059
v 0.629808293 0.474060617 -6.145929814 0.337255 0.501961 0.243137
v 0.519935959 0.319840878 -6.123075557 0.396078 0.572549 0.266667
v 0.643371669 0.491024169 -6.155168912 0.227451 0.258824 0.176471
v 0.465242673 0.240534777 -6.118506657 0.376471 0.529412 0.282353
v 0.490176404 0.277386122 -6.121166249 0.407843 0.572549 0.301961
v 0.587172161 0.419613419 -6.133417217 0.380392 0.529412 0.313725
v 0.513369028 0.313616381 -6.123970873 0.360784 0.525490 0.274510
v 0.451536750 0.222158168 -6.119007546 0.415686 0.517647 0.352941
v 0.479693441 0.264610063 -6.120125099 0.396078 0.568627 0.286275
v 0.473324277 0.255711253 -6.119574246 0.376471 0.549020 0.274510
v 0.606453626 0.447680511 -6.139928267 0.372549 0.541176 0.282353
v 0.546295142 0.363353659 -6.127274865 0.392157 0.556863 0.282353
v 0.591206505 0.427610684 -6.135127028 0.396078 0.537255 0.337255
v 0.580037392 0.412269230 -6.132246312 0.356863 0.513725 0.278431
v 0.611233620 0.455753628 -6.142166125 0.356863 0.517647 0.274510
v 0.619256006 0.466996868 -6.145354606 0.364706 0.533333 0.270588
v 0.535893301 0.354481370 -6.127431140 0.364706 0.525490 0.258824
v 0.518211901 0.328828898 -6.125711290 0.388235 0.556863 0.282353
v 0.569525682 0.404347927 -6.132671166 0.482353 0.631373 0.380392
v 0.455642820 0.238085817 -6.120263233 0.384314 0.549020 0.290196
v 0.621602549 0.475908676 -6.149068587 0.403922 0.572549 0.305882
v 0.496512667 0.299171241 -6.125569194 0.356863 0.521569 0.262745
v 0.562364666 0.396238427 -6.132169719 0.368627 0.517647 0.278431
v 0.555154618 0.386588616 -6.131435691 0.349020 0.501961 0.254902
v 0.634577837 0.493384808 -6.156945960 0.462745 0.603922 0.384314
v 0.489321904 0.290297452 -6.124928918 0.505882 0.619608 0.376471
v 0.459571846 0.247026908 -6.121459821 0.458824 0.592157 0.345098
v 0.522165315 0.340146165 -6.127829012 0.368627 0.529412 0.270588
v 0.478875295 0.277472434 -6.124064587 0.380392 0.545098 0.278431
v 0.609001788 0.464346790 -6.145425937 0.423529 0.592157 0.337255
v 0.503788216 0.315955445 -6.126627881 0.372549 0.537255 0.286275
v 0.536712256 0.365695893 -6.129915347 0.431373 0.576471 0.333333
v 0.585708702 0.436277769 -6.138118889 0.384314 0.552941 0.301961
v 0.467670798 0.265389681 -6.123420641 0.411765 0.568627 0.317647
v 0.460401868 0.255819543 -6.123197140 0.388235 0.552941 0.286275
v 0.578390740 0.428378342 -6.136859665 0.388235 0.545098 0.309804
v 0.434812254 0.218772440 -6.121248206 0.239216 0.250980 0.223529
v 0.621916351 0.486722075 -6.153805959 0.419608 0.576471 0.325490
v 0.541506198 0.376961216 -6.132221043 0.356863 0.501961 0.270588
v 0.594459014 0.452435357 -6.142557168 0.403922 0.564706 0.329412
v 0.564003158 0.411443281 -6.134740802 0.380392 0.552941 0.274510
v 0.512612022 0.338435439 -6.129812211 0.392157 0.568627 0.270588
v 0.557487662 0.404346593 -6.135084014 0.349020 0.509804 0.262745
v 0.624056099 0.494305918 -6.158124372 0.513725 0.666667 0.419608
v 0.505338744 0.329672868 -6.129572321 0.376471 0.541176 0.278431
v 0.632248680 0.503713959 -6.163745252 0.552941 0.643137 0.474510
v 0.550349059 0.396205549 -6.134696495 0.337255 0.490196 0.247059
v 0.567195584 0.421900963 -6.136260302 0.388235 0.560784 0.290196
v 0.584046909 0.445181912 -6.141058487 0.427451 0.603922 0.321569
v 0.482915967 0.299106166 -6.128211776 0.380392 0.529412 0.294118
v 0.450866562 0.252479315 -6.124469601 0.360784 0.505882 0.258824
v 0.476466437 0.290315589 -6.128073002 0.509804 0.611765 0.384314
v 0.490924733 0.312773386 -6.128930940 0.392157 0.552941 0.286275
v 0.516689693 0.351190344 -6.131732761 0.364706 0.521569 0.270588
v 0.543049838 0.389887185 -6.135128793 0.376471 0.533333 0.274510
v 0.469225449 0.282312500 -6.127990326 0.396078 0.552941 0.274510
v 0.600173588 0.471568722 -6.148640849 0.415686 0.572549 0.337255
v 0.612921489 0.487748439 -6.155406277 0.431373 0.592157 0.349020
v 0.520644480 0.360097755 -6.133054593 0.360784 0.521569 0.266667
v 0.432368371 0.230859737 -6.123481800 0.423529 0.572549 0.341176
v 0.462035288 0.274242261 -6.127348535 0.411765 0.588235 0.290196
v 0.528614648 0.373014947 -6.134388061 0.505882 0.643137 0.364706
v 0.535859168 0.384224338 -6.135290767 0.400000 0.552941 0.286275
v 0.451608246 0.261390891 -6.126579388 0.364706 0.533333 0.254902
v 0.425825288 0.224603152 -6.123690023 0.521569 0.615686 0.466667
v 0.558390299 0.419461024 -6.137178644 0.368627 0.529412 0.278431
v 0.566430434 0.431482372 -6.138847476 0.400000 0.572549 0.301961
v 0.507727451 0.347356800 -6.133491686 0.380392 0.545098 0.270588
v 0.433956261 0.239711781 -6.125003614 0.435294 0.572549 0.356863
v 0.621834072 0.505293875 -6.163839427 0.552941 0.701961 0.454902
v 0.543934460 0.403420969 -6.137135504 0.364706 0.525490 0.282353
v 0.590459020 0.468469923 -6.148239186 0.466667 0.627451 0.384314
v 0.492587620 0.330353432 -6.132422522 0.411765 0.580392 0.305882
v 0.486090492 0.322429955 -6.132052236 0.388235 0.545098 0.294118
v 0.497344737 0.339261718 -6.133741192 0.388235 0.549020 0.282353
v 0.578496153 0.457130388 -6.145398528 0.423529 0.592157 0.329412
v 0.464441221 0.291100072 -6.131350973 0.494118 0.600000 0.349020
v 0.434722600 0.248590180 -6.127233217 0.494118 0.588235 0.372549
v 0.441912093 0.259069288 -6.128674895 0.411765 0.584314 0.298039
v 0.563935049 0.440429016 -6.142435639 0.423529 0.596078 0.301961
v 0.453254226 0.278992682 -6.130791307 0.411765 0.568627 0.305882
v 0.420273141 0.231737131 -6.125620191 0.494118 0.631373 0.423529
v 0.624829048 0.517622469 -6.172424643 0.423529 0.439216 0.368627
v 0.472457002 0.308770788 -6.132103403 0.443137 0.596078 0.341176
v 0.516559965 0.373839054 -6.137521887 0.403922 0.541176 0.286275
v 0.542272076 0.412326206 -6.139264612 0.400000 0.564706 0.313725
v 0.567897968 0.448522462 -6.144600071 0.407843 0.564706 0.329412
v 0.509346753 0.364996859 -6.137569545 0.458824 0.580392 0.360784
v 0.592817222 0.482983958 -6.154418201 0.454902 0.615686 0.364706
v 0.502156932 0.356121883 -6.136933559 0.400000 0.545098 0.298039
v 0.609632168 0.504708890 -6.163854057 0.509804 0.654902 0.419608
v 0.545462477 0.421984605 -6.140774271 0.396078 0.556863 0.301961
v 0.443587196 0.271818252 -6.131418948 0.443137 0.600000 0.345098
v 0.576729939 0.465373461 -6.148628534 0.435294 0.592157 0.360784
v 0.494998427 0.348007651 -6.136449238 0.447059 0.596078 0.333333
v 0.424342054 0.245307191 -6.128294791 0.447059 0.564706 0.337255
v 0.613821287 0.512497713 -6.167118739 0.560784 0.725490 0.478431
v 0.480520721 0.331194011 -6.135497890 0.388235 0.556863 0.274510
v 0.458837843 0.299907010 -6.134637079 0.372549 0.529412 0.282353
v 0.517524951 0.387264911 -6.139112795 0.372549 0.541176 0.278431
v 0.473298872 0.322363467 -6.134700404 0.419608 0.580392 0.305882
v 0.594437346 0.494200540 -6.159306530 0.494118 0.647059 0.423529
v 0.547147010 0.432312827 -6.142761338 0.400000 0.560784 0.309804
v 0.484434280 0.340156931 -6.137421275 0.384314 0.556863 0.270588
v 0.451559903 0.291954977 -6.135172884 0.419608 0.552941 0.294118
v 0.525445125 0.402657421 -6.140203083 0.384314 0.552941 0.290196
v 0.510972026 0.381021621 -6.140075988 0.380392 0.545098 0.290196
v 0.598560782 0.502079224 -6.162246767 0.494118 0.650980 0.435294
v 0.531907221 0.413036116 -6.141205832 0.384314 0.545098 0.286275
v 0.577622022 0.476489197 -6.152276573 0.462745 0.619608 0.400000
v 0.563214433 0.457976070 -6.147652358 0.435294 0.596078 0.345098
v 0.504610585 0.374520370 -6.140365833 0.356863 0.505882 0.294118
v 0.427544534 0.262172282 -6.133074359 0.423529 0.600000 0.286275
v 0.616178884 0.526210623 -6.174899552 0.403922 0.462745 0.341176
v 0.497350221 0.364938332 -6.140188960 0.411765 0.545098 0.305882
v 0.567185828 0.466861100 -6.149858022 0.439216 0.600000 0.356863
v 0.416277922 0.249370181 -6.131325297 0.513725 0.603922 0.380392
v 0.463706153 0.319099549 -6.136496593 0.384314 0.552941 0.282353
v 0.604094188 0.515838181 -6.168256240 0.533333 0.701961 0.443137
v 0.580016398 0.486139495 -6.156223512 0.458824 0.607843 0.396078
v 0.489335921 0.356896596 -6.140245865 0.560784 0.650980 0.443137
v 0.408307581 0.241269213 -6.129990035 0.400000 0.541176 0.325490
v 0.401907583 0.234016920 -6.128487155 0.556863 0.650980 0.486275
v 0.584049501 0.494940431 -6.159530886 0.478431 0.635294 0.400000
v 0.428331787 0.271022516 -6.135405698 0.372549 0.545098 0.266667
v 0.596037092 0.510261009 -6.165696957 0.517647 0.678431 0.439216
v 0.468456873 0.331227474 -6.138587101 0.427451 0.580392 0.325490
v 0.552717686 0.457257611 -6.148953046 0.403922 0.556863 0.325490
v 0.504554815 0.387437477 -6.142502596 0.364706 0.525490 0.278431
v 0.450740519 0.308030062 -6.138303261 0.364706 0.529412 0.274510
v 0.588821153 0.504632132 -6.163329244 0.490196 0.650980 0.415686
v 0.535036527 0.433210803 -6.145629332 0.411765 0.572549 0.321569
v 0.471621970 0.340116946 -6.140776720 0.380392 0.541176 0.278431
v 0.439531428 0.292742470 -6.138438963 0.403922 0.537255 0.301961
v 0.520609414 0.413920980 -6.144121179 0.380392 0.545098 0.278431
v 0.557479114 0.466963095 -6.151094684 0.423529 0.576471 0.349020
v 0.542297264 0.446003274 -6.147413246 0.407843 0.564706 0.317647
v 0.564837496 0.477214784 -6.153359121 0.454902 0.619608 0.368627
v 0.429113106 0.279879341 -6.137712272 0.435294 0.568627 0.325490
v 0.454808579 0.319191900 -6.139374068 0.380392 0.541176 0.274510
v 0.527845291 0.427549022 -6.145783883 0.403922 0.556863 0.301961
v 0.491740393 0.376163336 -6.143439728 0.360784 0.513725 0.282353
v 0.417904576 0.267000373 -6.137043750 0.372549 0.533333 0.274510
v 0.574393090 0.493369679 -6.159407189 0.450980 0.592157 0.372549
v 0.509396117 0.403456378 -6.144231705 0.388235 0.560784 0.282353
v 0.601779280 0.528554770 -6.173525239 0.517647 0.666667 0.454902
v 0.403437960 0.250170431 -6.134545229 0.486275 0.572549 0.356863
v 0.502916229 0.397114726 -6.144747163 0.376471 0.549020 0.278431
v 0.608772061 0.538497182 -6.180426563 0.545098 0.588235 0.490196
v 0.396197110 0.242168467 -6.132853413 0.450980 0.549020 0.368627
v 0.532676756 0.441975181 -6.148267184 0.380392 0.533333 0.309804
v 0.440393002 0.305505572 -6.140328949 0.372549 0.537255 0.270588
v 0.455576636 0.328067950 -6.141612130 0.376471 0.533333 0.278431
v 0.408214813 0.260657139 -6.137564923 0.356863 0.501961 0.270588
v 0.389367214 0.236821711 -6.131559336 0.533333 0.549020 0.454902
v 0.547934853 0.467646957 -6.152324393 0.407843 0.564706 0.333333
v 0.518206441 0.425150260 -6.147355546 0.368627 0.529412 0.278431
v 0.460479253 0.340793326 -6.143638373 0.400000 0.541176 0.298039
v 0.467644350 0.351305279 -6.144961868 0.466667 0.576471 0.349020
v 0.427461048 0.293586726 -6.141497400 0.376471 0.521569 0.278431
v 0.492583379 0.390556143 -6.146047065 0.384314 0.549020 0.290196
v 0.575207019 0.506195618 -6.164281366 0.470588 0.627451 0.415686
v 0.445936962 0.323262307 -6.143179788 0.376471 0.545098 0.266667
v 0.416250143 0.280709583 -6.140821335 0.490196 0.607843 0.380392
v 0.552727737 0.480520074 -6.156225067 0.431373 0.596078 0.356863
v 0.581650078 0.519007869 -6.168401872 0.521569 0.674510 0.474510
v 0.503811939 0.413040495 -6.147611094 0.384314 0.549020 0.290196
v 0.523084061 0.441120251 -6.150063347 0.400000 0.552941 0.321569
v 0.497364889 0.404246588 -6.147484385 0.368627 0.517647 0.294118
v 0.478962249 0.376880329 -6.146158355 0.396078 0.572549 0.282353
v 0.434828257 0.312656887 -6.142995919 0.392157 0.552941 0.286275
v 0.398697144 0.259701538 -6.139722063 0.407843 0.533333 0.321569
v 0.589616707 0.531931201 -6.173726214 0.541176 0.698039 0.458824
v 0.558407005 0.492477526 -6.160536231 0.447059 0.603922 0.368627
v 0.379797109 0.233806786 -6.135980686 0.223529 0.043137 0.066667
v 0.428310022 0.304761829 -6.143325949 0.376471 0.545098 0.282353
v 0.508509410 0.424437123 -6.149442591 0.388235 0.552941 0.282353
v 0.390633807 0.250923841 -6.137934464 0.517647 0.505882 0.360784
v 0.402653868 0.267804347 -6.141053376 0.470588 0.596078 0.380392
v 0.542374010 0.474793918 -6.155812671 0.388235 0.549020 0.305882
v 0.450774283 0.340891571 -6.146494562 0.478431 0.600000 0.356863
v 0.524578520 0.451703094 -6.152736787 0.407843 0.576471 0.301961
v 0.443646643 0.332737172 -6.146155312 0.415686 0.572549 0.317647
v 0.567212265 0.510969527 -6.166038380 0.478431 0.635294 0.407843
v 0.513426187 0.438748403 -6.151537815 0.392157 0.564706 0.298039
v 0.454766024 0.351354201 -6.147996196 0.384314 0.525490 0.290196
v 0.591367244 0.542972200 -6.177645000 0.545098 0.705882 0.478431
v 0.414698455 0.293479786 -6.144291669 0.407843 0.560784 0.301961
v 0.480415255 0.391532036 -6.149432108 0.376471 0.541176 0.282353
v 0.596112955 0.551092871 -6.181316171 0.627451 0.733333 0.588235
v 0.570398360 0.519832094 -6.168325175 0.498039 0.658824 0.454902
v 0.559843979 0.505547146 -6.165331751 0.533333 0.670588 0.470588
v 0.466823018 0.373805342 -6.148881747 0.407843 0.580392 0.290196
v 0.388922057 0.259894212 -6.142236250 0.882353 0.835294 0.733333
v 0.458726994 0.362661285 -6.149348104 0.384314 0.549020 0.290196
v 0.548648049 0.493451885 -6.162321304 0.498039 0.639216 0.415686
v 0.525580366 0.462672286 -6.155309074 0.400000 0.560784 0.317647
v 0.401016257 0.278282265 -6.144907817 0.572549 0.627451 0.427451
v 0.393151024 0.268432360 -6.143286725 0.737255 0.666667 0.533333
v 0.502981030 0.433145455 -6.152286440 0.400000 0.568627 0.301961
v 0.571969477 0.528706686 -6.170568543 0.556863 0.713725 0.494118
v 0.416301391 0.304719556 -6.146689649 0.388235 0.549020 0.290196
v 0.514182299 0.450047257 -6.154525438 0.376471 0.545098 0.282353
v 0.434738647 0.332040570 -6.148982088 0.388235 0.549020 0.282353
v 0.495793161 0.424267769 -6.151659292 0.376471 0.552941 0.278431
v 0.536614555 0.482208461 -6.159940533 0.439216 0.603922 0.352941
v 0.427520025 0.322402290 -6.148205355 0.431373 0.588235 0.337255
v 0.530155412 0.475838790 -6.158951678 0.388235 0.549020 0.313725
v 0.549460576 0.502268086 -6.164775671 0.439216 0.584314 0.368627
v 0.485251034 0.413176388 -6.152739338 0.388235 0.541176 0.313725
v 0.504539740 0.442035779 -6.154469411 0.396078 0.560784 0.301961
v 0.402630813 0.291111396 -6.147362317 0.494118 0.552941 0.349020
v 0.582496713 0.548925563 -6.179156212 0.490196 0.643137 0.301961
v 0.558382616 0.518996411 -6.168443255 0.490196 0.647059 0.435294
v 0.387503717 0.270356309 -6.147265324 0.725490 0.713725 0.611765
v 0.466903772 0.389748587 -6.151681619 0.380392 0.549020 0.282353
v 0.591948641 0.563335652 -6.182186161 0.349020 0.368627 0.294118
v 0.379604149 0.262683586 -6.142957006 0.552941 0.592157 0.435294
v 0.580487973 0.552121385 -6.176174077 0.564706 0.717647 0.513725
v 0.394919916 0.285871014 -6.147289963 0.890196 0.827451 0.670588
v 0.436316590 0.346523981 -6.152060650 0.388235 0.533333 0.282353
v 0.446885732 0.363197989 -6.151915000 0.384314 0.552941 0.278431
v 0.363206764 0.245212308 -6.135550756 0.552941 0.568627 0.501961
v 0.454029661 0.374541842 -6.152328420 0.392157 0.560784 0.294118
v 0.550400741 0.513318946 -6.167052851 0.474510 0.627451 0.423529
v 0.387805994 0.277696761 -6.146220454 0.486275 0.560784 0.364706
v 0.476415451 0.409172253 -6.154312357 0.384314 0.552941 0.286275
v 0.414638054 0.317640121 -6.150418964 0.403922 0.517647 0.298039
v 0.425081780 0.332877021 -6.152071305 0.380392 0.525490 0.282353
v 0.486895916 0.426767678 -6.154538363 0.400000 0.564706 0.301961
v 0.559161168 0.527858323 -6.170732417 0.501961 0.654902 0.447059
v 0.510079723 0.461403888 -6.158904406 0.478431 0.607843 0.396078
v 0.531853911 0.492567911 -6.163420337 0.462745 0.619608 0.392157
v 0.570556697 0.546907836 -6.173911383 0.545098 0.701961 0.494118
v 0.539971795 0.505286167 -6.165472294 0.447059 0.603922 0.372549
v 0.407406057 0.312034263 -6.150375108 0.658824 0.674510 0.494118
v 0.417891194 0.327215415 -6.152228870 0.423529 0.529412 0.321569
v 0.458106280 0.388101126 -6.153440956 0.384314 0.541176 0.294118
v 0.518177575 0.475755125 -6.160860321 0.419608 0.576471 0.341176
v 0.392265793 0.289690556 -6.151823099 0.513725 0.600000 0.368627
v 0.466021250 0.401092656 -6.154505937 0.407843 0.564706 0.309804
v 0.498274657 0.449049790 -6.157635827 0.380392 0.537255 0.301961
v 0.395753546 0.297065410 -6.149851937 0.741176 0.749020 0.560784
v 0.358506537 0.247217882 -6.139544324 0.415686 0.533333 0.301961
v 0.476502202 0.418686433 -6.155536356 0.360784 0.517647 0.278431
v 0.562580980 0.540419147 -6.172550933 0.517647 0.690196 0.443137
v 0.521485238 0.484452902 -6.162132245 0.458824 0.623529 0.360784
v 0.585586816 0.574492948 -6.180066107 0.203922 0.250980 0.184314
v 0.437223152 0.364042527 -6.154972314 0.356863 0.501961 0.286275
v 0.429899837 0.352939262 -6.155291378 0.372549 0.533333 0.278431
v 0.377843147 0.278143699 -6.147816297 0.474510 0.615686 0.400000
v 0.543924319 0.520616636 -6.169191146 0.478431 0.627451 0.423529
v 0.382710290 0.286099429 -6.149676010 0.447059 0.588235 0.376471
v 0.419454750 0.340113203 -6.155237450 0.556863 0.596078 0.407843
v 0.445157156 0.379416394 -6.156129970 0.392157 0.549020 0.301961
v 0.362616669 0.262862002 -6.142312617 0.568627 0.682353 0.517647
v 0.529470357 0.504573948 -6.165946458 0.454902 0.627451 0.368627
v 0.572101119 0.564647368 -6.176024906 0.603922 0.749020 0.556863
v 0.405119395 0.323106863 -6.153373319 0.639216 0.682353 0.486275
v 0.394665727 0.307884361 -6.152474662 0.560784 0.647059 0.443137
v 0.367171990 0.270434705 -6.145865675 0.560784 0.670588 0.466667
v 0.510988685 0.481327175 -6.162630831 0.396078 0.556863 0.313725
v 0.489191210 0.449392464 -6.160411244 0.396078 0.533333 0.313725
v 0.478183045 0.434637282 -6.158313291 0.376471 0.537255 0.282353
v 0.449111493 0.390732398 -6.157449670 0.384314 0.545098 0.286275
v 0.409070334 0.331217454 -6.154676490 0.768627 0.776471 0.600000
v 0.550826824 0.537102572 -6.174048668 0.478431 0.627451 0.321569
v 0.557439109 0.548081971 -6.174175949 0.513725 0.666667 0.415686
v 0.504593056 0.474871967 -6.161951390 0.423529 0.584314 0.333333
v 0.467718245 0.421836762 -6.158163478 0.368627 0.537255 0.274510
v 0.482088269 0.442808451 -6.160197036 0.364706 0.517647 0.282353
v 0.434721652 0.372997447 -6.157727595 0.396078 0.552941 0.294118
v 0.350705278 0.257872772 -6.138122216 0.560784 0.709804 0.513725
v 0.561392260 0.559398582 -6.174687834 0.545098 0.690196 0.505882
v 0.368945415 0.281446243 -6.148284982 0.462745 0.611765 0.400000
v 0.490133628 0.459638741 -6.161890844 0.403922 0.556863 0.321569
v 0.418672363 0.352926432 -6.157745743 0.756863 0.764706 0.572549
v 0.395330842 0.319304672 -6.154216976 0.431373 0.564706 0.356863
v 0.450846836 0.401792871 -6.158886651 0.380392 0.549020 0.278431
v 0.576088961 0.583943283 -6.176704525 0.627451 0.725490 0.533333
v 0.380898078 0.300022500 -6.153483220 0.466667 0.600000 0.341176
v 0.531893611 0.522211445 -6.170033570 0.454902 0.615686 0.376471
v 0.353649050 0.266258685 -6.142440409 0.533333 0.662745 0.454902
v 0.457255828 0.414651042 -6.159629807 0.388235 0.556863 0.286275
v 0.439694425 0.388034954 -6.159298050 0.388235 0.533333 0.298039
v 0.373029740 0.292587187 -6.151039939 0.458824 0.603922 0.400000
v 0.341009574 0.253143911 -6.135399474 0.474510 0.549020 0.439216
v 0.480510173 0.451601196 -6.162735493 0.384314 0.537255 0.294118
v 0.547176959 0.547047503 -6.174208984 0.509804 0.658824 0.447059
v 0.433028990 0.381943145 -6.160517137 0.411765 0.517647 0.309804
v 0.490998156 0.469186495 -6.162998070 0.443137 0.596078 0.337255
v 0.358464823 0.276693000 -6.147255357 0.611765 0.690196 0.509804
v 0.458840576 0.423507329 -6.161137722 0.380392 0.545098 0.282353
v 0.407491824 0.348036758 -6.158015411 0.454902 0.584314 0.356863
v 0.418608506 0.364249421 -6.159843160 0.627451 0.674510 0.486275
v 0.381810814 0.311111731 -6.154819886 0.482353 0.600000 0.380392
v 0.557694865 0.568605535 -6.174616957 0.533333 0.690196 0.470588
v 0.502213631 0.490885534 -6.165301255 0.415686 0.572549 0.337255
v 0.494937089 0.480522267 -6.164242797 0.403922 0.572549 0.309804
v 0.462753172 0.432471537 -6.162253903 0.400000 0.568627 0.290196
v 0.548025341 0.557419124 -6.174434390 0.501961 0.662745 0.427451
v 0.448334425 0.414775484 -6.162391375 0.384314 0.537255 0.294118
v 0.338434635 0.262197735 -6.137797532 0.533333 0.674510 0.486275
v 0.532741748 0.539005644 -6.173464186 0.466667 0.600000 0.423529
v 0.478030500 0.460526721 -6.164794904 0.380392 0.549020 0.286275
v 0.441919323 0.406741532 -6.162420062 0.392157 0.513725 0.294118
v 0.514965977 0.514282244 -6.170483276 0.419608 0.580392 0.333333
v 0.366548962 0.299088693 -6.151551214 0.466667 0.623529 0.403922
v 0.432293521 0.393892531 -6.162445345 0.737255 0.788235 0.603922
v 0.386561150 0.327251809 -6.156913485 0.458824 0.600000 0.372549
v 0.408324502 0.359231426 -6.159769278 0.466667 0.600000 0.364706
v 0.342424682 0.270254656 -6.140896920 0.541176 0.686275 0.490196
v 0.506952916 0.505436839 -6.168941171 0.423529 0.588235 0.333333
v 0.571191495 0.600909007 -6.174703240 0.513725 0.545098 0.407843
v 0.463651627 0.443579971 -6.165126278 0.454902 0.588235 0.372549
v 0.559875084 0.584964265 -6.175115160 0.490196 0.654902 0.415686
v 0.350502747 0.281421528 -6.147571247 0.603922 0.674510 0.517647
v 0.372181086 0.310306665 -6.154831032 0.466667 0.623529 0.380392
v 0.450044341 0.424267555 -6.163699726 0.431373 0.580392 0.329412
v 0.420395030 0.380057989 -6.162330614 0.403922 0.533333 0.305882
v 0.519030801 0.525449481 -6.172340380 0.439216 0.596078 0.356863
v 0.534259391 0.548754304 -6.174644415 0.454902 0.615686 0.376471
v 0.398548282 0.352204016 -6.159866294 0.450980 0.596078 0.368627
v 0.390643788 0.342408389 -6.158852273 0.439216 0.600000 0.352941
v 0.545383514 0.570575986 -6.175705224 0.517647 0.670588 0.439216
v 0.570432992 0.610481434 -6.174111718 0.180392 0.211765 0.152941
v 0.450778803 0.433187483 -6.165778390 0.411765 0.525490 0.313725
v 0.332863857 0.269358185 -6.139633118 0.529412 0.678431 0.482353
v 0.324785107 0.259797206 -6.135363478 0.215686 0.235294 0.203922
v 0.497430995 0.504485550 -6.169476747 0.384314 0.537255 0.298039
v 0.486848481 0.489435571 -6.167951375 0.380392 0.533333 0.294118
v 0.421068388 0.391468560 -6.164108107 0.439216 0.576471 0.349020
v 0.548740673 0.580010145 -6.175614011 0.498039 0.639216 0.443137
v 0.349590882 0.290398515 -6.150247789 0.513725 0.662745 0.427451
v 0.538318517 0.564745145 -6.175671765 0.466667 0.627451 0.392157
v 0.410582477 0.377091460 -6.163053570 0.443137 0.596078 0.337255
v 0.439526240 0.420366456 -6.165702639 0.670588 0.737255 0.537255
v 0.372893003 0.323270347 -6.157597973 0.509804 0.635294 0.411765
v 0.509413735 0.523022631 -6.173211339 0.407843 0.556863 0.345098
v 0.361659272 0.308818907 -6.154403901 0.474510 0.619608 0.407843
v 0.531801208 0.557650928 -6.176005206 0.443137 0.607843 0.364706
v 0.465304989 0.460369853 -6.168571536 0.352941 0.494118 0.282353
v 0.517356999 0.536779118 -6.174413901 0.407843 0.556863 0.341176
v 0.475760114 0.477196404 -6.167872247 0.384314 0.552941 0.282353
v 0.352962274 0.299010134 -6.151834947 0.490196 0.650980 0.419608
v 0.523831388 0.547944228 -6.175476431 0.450980 0.600000 0.380392
v 0.365747034 0.317547221 -6.156372580 0.478431 0.627451 0.415686
v 0.432439030 0.414564579 -6.165561136 0.466667 0.580392 0.360784
v 0.399443612 0.366525298 -6.161924913 0.454902 0.588235 0.352941
v 0.425132872 0.404241224 -6.165161518 0.411765 0.572549 0.325490
v 0.450853924 0.442717324 -6.167749771 0.443137 0.529412 0.333333
v 0.334440206 0.279830724 -6.144309914 0.552941 0.705882 0.501961
v 0.392153492 0.358589719 -6.161598338 0.435294 0.588235 0.360784
v 0.466967210 0.469123152 -6.169647935 0.380392 0.560784 0.262745
v 0.550359748 0.593636163 -6.175682568 0.435294 0.584314 0.368627
v 0.385018500 0.350443841 -6.161229815 0.435294 0.603922 0.341176
v 0.499654664 0.519983827 -6.174198250 0.400000 0.556863 0.317647
v 0.437089585 0.429235406 -6.167966380 0.325490 0.466667 0.219608
v 0.326365640 0.275883177 -6.141665558 0.541176 0.698039 0.486275
v 0.452277478 0.451790689 -6.170077227 0.423529 0.533333 0.305882
v 0.543171016 0.587972020 -6.176651338 0.435294 0.592157 0.360784
v 0.369765351 0.332790061 -6.159608029 0.501961 0.611765 0.411765
v 0.415507754 0.399418340 -6.165992069 0.423529 0.584314 0.333333
v 0.351226973 0.308014636 -6.154412177 0.466667 0.619608 0.400000
v 0.529513921 0.567922289 -6.177395506 0.415686 0.568627 0.337255
v 0.319151267 0.269449185 -6.138501462 0.627451 0.721569 0.580392
v 0.339219376 0.293524361 -6.150551764 0.549020 0.662745 0.450980
v 0.553658435 0.608768128 -6.174502996 0.435294 0.580392 0.356863
v 0.407433871 0.390653805 -6.165759167 0.419608 0.572549 0.349020
v 0.522184084 0.560840857 -6.177683507 0.415686 0.572549 0.337255
v 0.401045715 0.384188573 -6.165918922 0.454902 0.588235 0.356863
v 0.507757400 0.541551496 -6.176176482 0.400000 0.556863 0.325490
v 0.482222255 0.506035038 -6.172887457 0.364706 0.525490 0.278431
v 0.386591517 0.367341893 -6.164283841 0.423529 0.580392 0.345098
v 0.394027088 0.378292972 -6.165312930 0.400000 0.545098 0.317647
v 0.438017653 0.445117599 -6.170184707 0.431373 0.556863 0.325490
v 0.456865408 0.472162836 -6.174586024 0.407843 0.521569 0.294118
v 0.496628360 0.531775473 -6.176696690 0.400000 0.564706 0.309804
v 0.357697279 0.329618224 -6.159466622 0.474510 0.623529 0.407843
v 0.442773822 0.453224186 -6.171499675 0.411765 0.533333 0.282353
v 0.511801666 0.555153369 -6.177934551 0.423529 0.576471 0.337255
v 0.379341788 0.360956917 -6.164153732 0.450980 0.607843 0.368627
v 0.372112206 0.350530428 -6.163324637 0.423529 0.584314 0.345098
v 0.537400258 0.594597381 -6.179124154 0.392157 0.556863 0.290196
v 0.405846993 0.400259026 -6.167458263 0.407843 0.576471 0.313725
v 0.345661722 0.315166604 -6.156273683 0.478431 0.643137 0.388235
v 0.424301566 0.427556719 -6.169833974 0.400000 0.549020 0.333333
v 0.417036756 0.417177652 -6.168833529 0.403922 0.560784 0.317647
v 0.490058909 0.524751368 -6.176777615 0.384314 0.541176 0.305882
v 0.364851442 0.341752293 -6.162337854 0.529412 0.643137 0.415686
v 0.520578519 0.570473628 -6.179285934 0.403922 0.568627 0.309804
v 0.557576458 0.629764038 -6.174844020 0.223529 0.219608 0.184314
v 0.320753924 0.285504320 -6.144911157 0.529412 0.686275 0.470588
v 0.468303164 0.495168470 -6.173957483 0.360784 0.533333 0.250980
v 0.530983951 0.588170132 -6.179949831 0.411765 0.568627 0.317647
v 0.445988355 0.462047084 -6.173928747 0.376471 0.501961 0.274510
v 0.551223273 0.622448648 -6.175174023 0.423529 0.513725 0.317647
v 0.428332212 0.437164943 -6.170722807 0.439216 0.588235 0.333333
v 0.306216759 0.272783749 -6.138051499 0.337255 0.400000 0.313725
v 0.537466360 0.604139399 -6.179445675 0.368627 0.525490 0.278431
v 0.523038319 0.581640853 -6.180340796 0.396078 0.537255 0.337255
v 0.502285750 0.550985408 -6.178494226 0.388235 0.556863 0.294118
v 0.480445829 0.519107890 -6.176869743 0.356863 0.525490 0.262745
v 0.388596911 0.383936099 -6.169549626 0.619608 0.737255 0.462745
v 0.381870020 0.376044007 -6.167146573 0.462745 0.611765 0.372549
v 0.335229731 0.311953898 -6.155480465 0.474510 0.627451 0.396078
v 0.469995933 0.506287298 -6.175989424 0.368627 0.537255 0.258824
v 0.433179097 0.452371990 -6.172482974 0.407843 0.568627 0.301961
v 0.343288600 0.323948632 -6.158851362 0.478431 0.631373 0.400000
v 0.355295563 0.341649752 -6.162708205 0.494118 0.623529 0.407843
v 0.444471264 0.470757681 -6.175962375 0.333333 0.486275 0.258824
v 0.323085306 0.300054515 -6.151762562 0.619608 0.717647 0.501961
v 0.348052536 0.332847749 -6.161006149 0.458824 0.619608 0.376471
v 0.492458921 0.543221755 -6.179954698 0.376471 0.541176 0.282353
v 0.484593804 0.531768115 -6.179132246 0.384314 0.560784 0.274510
v 0.393132743 0.398481980 -6.169684676 0.454902 0.592157 0.349020
v 0.311982209 0.289441547 -6.145184829 0.521569 0.678431 0.458824
v 0.451792864 0.487481239 -6.175634117 0.337255 0.490196 0.235294
v 0.524686270 0.595226963 -6.182154838 0.411765 0.576471 0.317647
v 0.408292062 0.424288104 -6.171651627 0.415686 0.576471 0.325490
v 0.511115906 0.575864852 -6.181709918 0.407843 0.568627 0.309804
v 0.304707813 0.283891416 -6.141729634 0.529412 0.674510 0.466667
v 0.400269259 0.413849799 -6.170864186 0.411765 0.584314 0.313725
v 0.535767442 0.615502879 -6.181396786 0.341176 0.501961 0.219608
v 0.455711783 0.496436942 -6.176781533 0.349020 0.494118 0.239216
v 0.445088494 0.480638875 -6.177466812 0.372549 0.537255 0.274510
v 0.297404499 0.279182205 -6.138132921 0.709804 0.815686 0.666667
v 0.393821501 0.407464834 -6.170734036 0.419608 0.592157 0.317647
v 0.360950457 0.360060064 -6.166900733 0.411765 0.572549 0.325490
v 0.333557122 0.323279586 -6.159169153 0.478431 0.639216 0.396078
v 0.493402947 0.554267836 -6.182245732 0.341176 0.490196 0.266667
v 0.325598668 0.313557609 -6.156288110 0.474510 0.631373 0.396078
v 0.470789169 0.523155414 -6.179955855 0.325490 0.454902 0.231373
v 0.482881596 0.540741495 -6.181820854 0.360784 0.521569 0.262745
v 0.345702573 0.341598588 -6.163695994 0.454902 0.600000 0.372549
v 0.497326935 0.562414723 -6.183417812 0.423529 0.572549 0.337255
v 0.427558379 0.460401637 -6.175680820 0.388235 0.533333 0.313725
v 0.337559368 0.331321079 -6.161524873 0.458824 0.611765 0.384314
v 0.350449843 0.350518796 -6.165773716 0.505882 0.627451 0.396078
v 0.419454861 0.450874043 -6.175303773 0.407843 0.584314 0.309804
v 0.539999980 0.633667189 -6.180859598 0.341176 0.505882 0.207843
v 0.547115943 0.645049677 -6.180334246 0.407843 0.478431 0.305882
v 0.361694056 0.368969062 -6.169019821 0.419608 0.576471 0.341176
v 0.501416858 0.573547140 -6.185396808 0.368627 0.517647 0.282353
v 0.368957203 0.380153388 -6.170012177 0.403922 0.556863 0.325490
v 0.472496549 0.531846569 -6.182058961 0.341176 0.466667 0.243137
v 0.376954701 0.392230725 -6.171479632 0.439216 0.584314 0.360784
v 0.410637180 0.442029799 -6.175358828 0.400000 0.556863 0.317647
v 0.453141296 0.504681769 -6.180005209 0.341176 0.494118 0.247059
v 0.297487563 0.289504339 -6.143353002 0.549020 0.713725 0.482353
v 0.391418799 0.416286700 -6.173167824 0.403922 0.568627 0.309804
v 0.513387303 0.596114810 -6.185058680 0.368627 0.537255 0.262745
v 0.324076933 0.322274500 -6.159101046 0.458824 0.631373 0.376471
v 0.306450882 0.300560446 -6.150427424 0.517647 0.670588 0.450980
v 0.458363260 0.516174052 -6.180374796 0.309804 0.462745 0.196078
v 0.288758663 0.282147924 -6.137413841 0.643137 0.690196 0.611765
v 0.429111241 0.472510863 -6.179440282 0.392157 0.552941 0.266667
v 0.336051773 0.340018900 -6.164406688 0.435294 0.584314 0.356863
v 0.505407651 0.587222098 -6.186091780 0.360784 0.517647 0.247059
v 0.443643656 0.496476195 -6.180653783 0.368627 0.525490 0.278431
v 0.417884648 0.459656221 -6.177880908 0.431373 0.584314 0.337255
v 0.492386947 0.569804666 -6.186025700 0.345098 0.513725 0.231373
v 0.436391389 0.487685236 -6.180516387 0.360784 0.525490 0.262745
v 0.380897511 0.408377264 -6.173545291 0.494118 0.615686 0.380392
v 0.526993579 0.625059595 -6.185678032 0.321569 0.470588 0.215686
v 0.517473648 0.610463002 -6.187021427 0.341176 0.501961 0.211765
v 0.545634253 0.656118287 -6.184951907 0.219608 0.243137 0.160784
v 0.367444953 0.391263094 -6.172074270 0.447059 0.596078 0.360784
v 0.484402987 0.562525085 -6.186230236 0.325490 0.470588 0.235294
v 0.393002581 0.429959285 -6.176274689 0.407843 0.568627 0.321569
v 0.296908740 0.299637815 -6.149254505 0.525490 0.682353 0.454902
v 0.469985959 0.543221691 -6.186376019 0.415686 0.537255 0.294118
v 0.448206123 0.511263294 -6.184240645 0.345098 0.509804 0.239216
v 0.382530967 0.417167940 -6.175289696 0.392157 0.549020 0.298039
v 0.304764515 0.310302073 -6.155649657 0.525490 0.682353 0.439216
v 0.528649534 0.634622995 -6.186728978 0.298039 0.454902 0.168627
v 0.408286339 0.455597811 -6.178847872 0.419608 0.584314 0.317647
v 0.284756124 0.289355442 -6.141482756 0.615686 0.721569 0.560784
v 0.352003757 0.374666959 -6.171941363 0.419608 0.576471 0.333333
v 0.426664669 0.483799813 -6.183265686 0.345098 0.494118 0.247059
v 0.368138514 0.400239470 -6.173949025 0.439216 0.588235 0.356863
v 0.507697173 0.604236616 -6.190331706 0.333333 0.486275 0.211765
v 0.342464277 0.364108323 -6.170786449 0.490196 0.611765 0.372549
v 0.500607771 0.596030682 -6.189376537 0.341176 0.498039 0.215686
v 0.535822091 0.650744251 -6.188083692 0.274510 0.427451 0.105882
v 0.420306438 0.477294280 -6.182768956 0.427451 0.560784 0.341176
v 0.438723261 0.504642761 -6.185764185 0.352941 0.513725 0.254902
v 0.307059416 0.319282379 -6.159915583 0.607843 0.705882 0.474510
v 0.543986313 0.664203176 -6.190360992 0.364706 0.392157 0.235294
v 0.383310194 0.426028946 -6.177582093 0.392157 0.564706 0.298039
v 0.331042556 0.351516467 -6.169079998 0.466667 0.607843 0.368627
v 0.494038777 0.589005961 -6.189458727 0.321569 0.470588 0.203922
v 0.323212088 0.341620763 -6.166022974 0.474510 0.623529 0.364706
v 0.295503459 0.306067893 -6.155154201 0.443137 0.588235 0.301961
v 0.453112684 0.528799333 -6.187089167 0.333333 0.490196 0.239216
v 0.408979197 0.464575170 -6.181522109 0.392157 0.549020 0.317647
v 0.430727774 0.495772705 -6.185109517 0.352941 0.533333 0.231373
v 0.487118906 0.580046830 -6.188637238 0.333333 0.443137 0.258824
v 0.519031061 0.628987110 -6.190802875 0.309804 0.470588 0.172549
v 0.389819357 0.438752214 -6.178813910 0.411765 0.568627 0.333333
v 0.472503679 0.559125937 -6.189317721 0.317647 0.462745 0.207843
v 0.373071099 0.416135487 -6.176121992 0.552941 0.674510 0.450980
v 0.394607699 0.447618489 -6.179481323 0.403922 0.556863 0.325490
v 0.512754801 0.622371173 -6.193112072 0.321569 0.494118 0.168627
v 0.354485009 0.392226298 -6.174705692 0.443137 0.603922 0.349020
v 0.399476216 0.458783389 -6.181346770 0.403922 0.568627 0.309804
v 0.275149405 0.292533769 -6.142403752 0.576471 0.658824 0.533333
v 0.454881497 0.539814669 -6.189491943 0.317647 0.494118 0.200000
v 0.462015199 0.550370307 -6.190657769 0.349020 0.509804 0.223529
v 0.340021063 0.375392746 -6.173825228 0.396078 0.537255 0.309804
v 0.312739732 0.338461418 -6.165836412 0.458824 0.619608 0.360784
v 0.429946240 0.504572759 -6.188425043 0.388235 0.568627 0.254902
v 0.332097273 0.364821096 -6.171915312 0.466667 0.607843 0.388235
v 0.407453659 0.473297156 -6.184316645 0.407843 0.560784 0.321569
v 0.476162896 0.576178971 -6.188291667 0.364706 0.560784 0.219608
v 0.444350928 0.527102722 -6.189824266 0.341176 0.498039 0.239216
v 0.544524527 0.675795711 -6.199506787 0.196078 0.219608 0.141176
v 0.479812777 0.584416889 -6.187216394 0.376471 0.564706 0.196078
v 0.502793147 0.614790496 -6.197121276 0.329412 0.486275 0.180392
v 0.292841015 0.318172505 -6.159422472 0.494118 0.650980 0.403922
v 0.521427307 0.646660890 -6.196363466 0.309804 0.474510 0.125490
v 0.302317195 0.330419980 -6.164287138 0.462745 0.600000 0.356863
v 0.362484187 0.414735431 -6.177786248 0.419608 0.572549 0.345098
v 0.469678792 0.570121345 -6.192908063 0.325490 0.494118 0.168627
v 0.418735535 0.496511347 -6.189355933 0.352941 0.513725 0.243137
v 0.277735648 0.303809141 -6.152207131 0.462745 0.615686 0.317647
v 0.514366082 0.640020757 -6.197958011 0.333333 0.505882 0.149020
v 0.382630186 0.448336319 -6.182193388 0.419608 0.588235 0.333333
v 0.431493036 0.517493144 -6.192154999 0.317647 0.482353 0.219608
v 0.355163578 0.409247501 -6.178119424 0.415686 0.568627 0.337255
v 0.456484008 0.556673034 -6.194294899 0.305882 0.462745 0.196078
v 0.272953677 0.304286867 -6.149054439 0.521569 0.682353 0.447059
v 0.435583206 0.527020196 -6.193333357 0.321569 0.498039 0.207843
v 0.375333311 0.441212826 -6.182636960 0.372549 0.525490 0.301961
v 0.341643528 0.393028619 -6.177116247 0.411765 0.572549 0.329412
v 0.326365950 0.371394740 -6.174574075 0.439216 0.568627 0.364706
v 0.315249516 0.356785361 -6.171147555 0.427451 0.584314 0.337255
v 0.367284530 0.430808133 -6.180925124 0.450980 0.572549 0.360784
v 0.478673468 0.592372272 -6.196121470 0.329412 0.490196 0.168627
v 0.307944298 0.347262721 -6.169147465 0.443137 0.603922 0.349020
v 0.424324990 0.511801192 -6.192422200 0.329412 0.494118 0.235294
v 0.266002689 0.297777643 -6.144871522 0.478431 0.627451 0.305882
v 0.540192137 0.683171424 -6.203464118 0.376471 0.498039 0.180392
v 0.283161011 0.317434127 -6.158386086 0.482353 0.650980 0.392157
v 0.527101925 0.664242740 -6.203059807 0.313725 0.478431 0.113725
v 0.409787537 0.492658619 -6.190382116 0.482353 0.639216 0.356863
v 0.385801313 0.459627044 -6.184407380 0.415686 0.568627 0.341176
v 0.360147066 0.423468974 -6.179736039 0.443137 0.592157 0.352941
v 0.485727112 0.605967246 -6.197592689 0.431373 0.556863 0.298039
v 0.291745461 0.329000499 -6.164420086 0.560784 0.678431 0.439216
v 0.319161424 0.365749496 -6.173865895 0.447059 0.596078 0.360784
v 0.532027253 0.673726474 -6.205196610 0.321569 0.470588 0.137255
v 0.442827023 0.543848509 -6.195034775 0.305882 0.474510 0.188235
v 0.494729508 0.618852825 -6.202561211 0.388235 0.521569 0.262745
v 0.501999529 0.630830893 -6.203587955 0.309804 0.454902 0.176471
v 0.398687387 0.482843687 -6.188634818 0.439216 0.603922 0.345098
v 0.549836761 0.697076481 -6.218085885 0.192157 0.219608 0.129412
v 0.345733222 0.408174322 -6.179095270 0.419608 0.580392 0.337255
v 0.391386892 0.474117680 -6.187459848 0.443137 0.600000 0.345098
v 0.506866950 0.641195612 -6.204641059 0.290196 0.427451 0.164706
v 0.463339251 0.578038660 -6.199724896 0.301961 0.466667 0.145098
v 0.410625875 0.501438994 -6.192962081 0.352941 0.513725 0.231373
v 0.324824915 0.380939605 -6.177293236 0.454902 0.584314 0.341176
v 0.331975605 0.391470960 -6.178547596 0.392157 0.556863 0.286275
v 0.476066802 0.598257803 -6.202378282 0.298039 0.443137 0.164706
v 0.543490234 0.696419694 -6.211004760 0.670588 0.803922 0.478431
v 0.432353867 0.535073261 -6.197251870 0.313725 0.470588 0.223529
v 0.425985577 0.526975254 -6.196705266 0.321569 0.482353 0.223529
v 0.263969131 0.307707367 -6.149903845 0.513725 0.674510 0.419608
v 0.540545665 0.694210785 -6.213318007 0.447059 0.584314 0.239216
v 0.376945097 0.459663671 -6.186683124 0.403922 0.572549 0.317647
v 0.274136197 0.319302847 -6.158236627 0.494118 0.658824 0.392157
v 0.369666382 0.449303346 -6.185613991 0.407843 0.572549 0.309804
v 0.418696578 0.518234812 -6.196389104 0.349020 0.521569 0.243137
v 0.309485236 0.364205370 -6.174449002 0.439216 0.603922 0.329412
v 0.514938955 0.658790646 -6.208074899 0.301961 0.447059 0.176471
v 0.465163067 0.587375026 -6.203999247 0.298039 0.462745 0.133333
v 0.523053157 0.672316910 -6.210911949 0.360784 0.525490 0.184314
v 0.400252499 0.495739380 -6.192453958 0.423529 0.580392 0.333333
v 0.295080016 0.348097103 -6.171442151 0.423529 0.584314 0.329412
v 0.354500879 0.432335925 -6.182809966 0.478431 0.615686 0.388235
v 0.548821094 0.705110819 -6.226570433 0.333333 0.345098 0.262745
v 0.442016218 0.557504079 -6.200614435 0.337255 0.505882 0.200000
v 0.287829781 0.340106454 -6.169708554 0.447059 0.580392 0.333333
v 0.450097196 0.569470352 -6.202481916 0.309804 0.474510 0.168627
v 0.475706814 0.606490195 -6.206138092 0.329412 0.494118 0.160784
v 0.340885038 0.415441629 -6.181345903 0.443137 0.596078 0.349020
v 0.504511320 0.649151054 -6.209711042 0.388235 0.564706 0.200000
v 0.314275934 0.377080071 -6.178344905 0.486275 0.619608 0.384314
v 0.408969687 0.511943008 -6.196725580 0.345098 0.513725 0.231373
v 0.540029196 0.698919335 -6.219634997 0.462745 0.603922 0.294118
v 0.435469646 0.550449162 -6.201608674 0.341176 0.509804 0.231373
v 0.487125440 0.626310588 -6.207021580 0.301961 0.454902 0.149020
v 0.382597981 0.476471690 -6.190062865 0.435294 0.607843 0.329412
v 0.248539228 0.299922667 -6.143409641 0.474510 0.564706 0.341176
v 0.322383132 0.391419102 -6.180339935 0.458824 0.576471 0.329412
v 0.528096420 0.686734886 -6.213735545 0.376471 0.525490 0.262745
v 0.367387823 0.457958023 -6.187848638 0.403922 0.576471 0.309804
v 0.333618862 0.409880429 -6.181943747 0.396078 0.552941 0.305882
v 0.390588349 0.491771051 -6.193095616 0.462745 0.623529 0.356863
v 0.465384469 0.596707835 -6.209892218 0.337255 0.513725 0.160784
v 0.262394276 0.318100777 -6.156470514 0.466667 0.631373 0.360784
v 0.514976355 0.670780298 -6.214678854 0.423529 0.596078 0.247059
v 0.450847714 0.578368658 -6.207047665 0.349020 0.513725 0.207843
v 0.371294498 0.466931590 -6.189734523 0.388235 0.545098 0.309804
v 0.490900930 0.637867413 -6.210682378 0.329412 0.498039 0.149020
v 0.425044471 0.541609297 -6.203256641 0.352941 0.517647 0.235294
v 0.398713534 0.506084504 -6.195984648 0.403922 0.564706 0.309804
v 0.276659643 0.336002372 -6.168428842 0.458824 0.623529 0.349020
v 0.304757747 0.373718168 -6.178090545 0.427451 0.592157 0.321569
v 0.356887736 0.450021026 -6.187527185 0.431373 0.568627 0.329412
v 0.473321915 0.614486445 -6.211061602 0.301961 0.462745 0.125490
v 0.250457762 0.309936774 -6.149745882 0.505882 0.639216 0.400000
v 0.518704343 0.681598165 -6.216502611 0.392157 0.545098 0.262745
v 0.296761122 0.365651618 -6.176627436 0.415686 0.576471 0.305882
v 0.502203614 0.657845024 -6.214212744 0.388235 0.564706 0.235294
v 0.338373400 0.425212212 -6.184052824 0.400000 0.549020 0.325490
v 0.436500888 0.562983779 -6.205929877 0.403922 0.545098 0.290196
v 0.264670546 0.325501193 -6.163053373 0.458824 0.627451 0.349020
v 0.495863570 0.649708937 -6.213001632 0.368627 0.529412 0.223529
v 0.406673491 0.521423391 -6.200479566 0.329412 0.501961 0.203922
v 0.289498358 0.356875806 -6.175636941 0.415686 0.576471 0.313725
v 0.527224631 0.698312319 -6.214780941 0.647059 0.756863 0.541176
v 0.342412110 0.433204577 -6.184979920 0.450980 0.607843 0.360784
v 0.506312373 0.666545052 -6.215481509 0.396078 0.568627 0.231373
v 0.535101779 0.705210915 -6.224603872 0.325490 0.352941 0.274510
v 0.349755960 0.444279207 -6.186365769 0.435294 0.576471 0.349020
v 0.456457690 0.592024528 -6.212627634 0.321569 0.498039 0.152941
v 0.466880105 0.608093440 -6.212566373 0.290196 0.447059 0.113725
v 0.252743186 0.314391891 -6.157287978 0.482353 0.619608 0.360784
v 0.281492477 0.348821728 -6.174128714 0.419608 0.576471 0.286275
v 0.324766405 0.409110392 -6.184232723 0.400000 0.560784 0.298039
v 0.410612628 0.529548865 -6.203330363 0.368627 0.545098 0.239216
v 0.387400394 0.500568979 -6.196417394 0.435294 0.607843 0.337255
v 0.478262535 0.629567270 -6.214080753 0.309804 0.470588 0.129412
v 0.380949377 0.492583403 -6.195468393 0.403922 0.560784 0.325490
v 0.482773575 0.638003912 -6.215005431 0.309804 0.470588 0.125490
v 0.437817118 0.572201678 -6.210143385 0.325490 0.482353 0.184314
v 0.314428022 0.399349268 -6.183899776 0.490196 0.619608 0.372549
v 0.373677466 0.483818927 -6.194433792 0.407843 0.576471 0.313725
v 0.443346461 0.581954440 -6.212115219 0.325490 0.482353 0.188235
v 0.393061156 0.513353390 -6.199835450 0.415686 0.564706 0.337255
v 0.423446503 0.555243807 -6.208909896 0.392157 0.564706 0.239216
v 0.515720094 0.692251644 -6.216690457 0.560784 0.682353 0.450980
v 0.366599512 0.478004625 -6.193534173 0.403922 0.556863 0.337255
v 0.359274447 0.467706706 -6.192239686 0.400000 0.568627 0.309804
v 0.429081797 0.564049516 -6.210599044 0.356863 0.517647 0.196078
v 0.263902446 0.335888165 -6.169644316 0.447059 0.619608 0.337255
v 0.299069453 0.382640846 -6.181761692 0.411765 0.572549 0.313725
v 0.456414520 0.601713646 -6.218838746 0.262745 0.415686 0.086275
v 0.409793400 0.538399733 -6.206462401 0.400000 0.584314 0.254902
v 0.291873899 0.373774526 -6.180295025 0.435294 0.592157 0.337255
v 0.469151282 0.622723384 -6.218326864 0.356863 0.537255 0.137255
v 0.246544098 0.317828975 -6.158255177 0.435294 0.596078 0.309804
v 0.506095637 0.678875948 -6.219242406 0.411765 0.556863 0.305882
v 0.520026681 0.698833810 -6.221548919 0.466667 0.517647 0.388235
v 0.256839641 0.327924518 -6.168127588 0.466667 0.607843 0.352941
v 0.343977708 0.450914652 -6.189604314 0.443137 0.596078 0.360784
v 0.284590826 0.365827065 -6.180007789 0.415686 0.568627 0.305882
v 0.325667414 0.425029036 -6.187122434 0.388235 0.552941 0.282353
v 0.272580799 0.351341037 -6.176937692 0.498039 0.635294 0.360784
v 0.393825425 0.522234550 -6.203660133 0.411765 0.560784 0.309804
v 0.498233220 0.673036614 -6.220841217 0.368627 0.537255 0.215686
v 0.277346913 0.359434257 -6.179905969 0.419608 0.580392 0.290196
v 0.250472946 0.326771326 -6.165871506 0.415686 0.580392 0.290196
v 0.413191184 0.550187171 -6.209779005 0.368627 0.545098 0.231373
v 0.333631462 0.441165460 -6.188426122 0.447059 0.607843 0.360784
v 0.231973745 0.306756738 -6.152844046 0.380392 0.435294 0.313725
v 0.311077607 0.407564377 -6.187229755 0.447059 0.592157 0.329412
v 0.384103737 0.511922739 -6.201613887 0.431373 0.592157 0.345098
v 0.430610563 0.576192557 -6.215039326 0.341176 0.501961 0.192157
v 0.375349669 0.501386776 -6.199570328 0.411765 0.584314 0.313725
v 0.315865322 0.417233480 -6.188698153 0.384314 0.552941 0.274510
v 0.506907467 0.690903057 -6.220890385 0.392157 0.427451 0.349020
v 0.488594135 0.664218190 -6.221608744 0.333333 0.466667 0.200000
v 0.301485945 0.399484045 -6.186624019 0.415686 0.584314 0.309804
v 0.483921460 0.657079566 -6.223216167 0.337255 0.490196 0.160784
v 0.345605996 0.463726662 -6.192923659 0.517647 0.658824 0.415686
v 0.456981363 0.617003277 -6.222397936 0.607843 0.737255 0.533333
v 0.443259488 0.594913569 -6.224534361 0.305882 0.443137 0.176471
v 0.474590721 0.643833193 -6.223873650 0.286275 0.431373 0.113725
v 0.479518642 0.654641052 -6.220297749 0.639216 0.764706 0.498039
v 0.461676573 0.623865348 -6.226733737 0.258824 0.411765 0.101961
v 0.293528024 0.391365351 -6.185349166 0.415686 0.580392 0.313725
v 0.497179116 0.682203786 -6.222829905 0.423529 0.509804 0.309804
v 0.251150984 0.335766233 -6.172492729 0.400000 0.568627 0.278431
v 0.353725989 0.479653068 -6.195787434 0.435294 0.615686 0.329412
v 0.286297475 0.383349535 -6.184510309 0.447059 0.611765 0.341176
v 0.436045740 0.591935255 -6.219548843 0.541176 0.686275 0.482353
v 0.279890413 0.374501773 -6.183775118 0.423529 0.588235 0.309804
v 0.452935869 0.614114446 -6.227163212 0.266667 0.400000 0.125490
v 0.259759645 0.348102963 -6.177842078 0.439216 0.603922 0.313725
v 0.335290398 0.456344196 -6.191893580 0.439216 0.588235 0.384314
v 0.317491004 0.430047626 -6.190403795 0.396078 0.564706 0.282353
v 0.404393266 0.550145311 -6.212338209 0.325490 0.490196 0.203922
v 0.416336355 0.566327498 -6.216687757 0.352941 0.509804 0.211765
v 0.235950773 0.320728616 -6.165618006 0.533333 0.670588 0.419608
v 0.272632205 0.367324805 -6.183608827 0.411765 0.568627 0.298039
v 0.447797525 0.610782002 -6.225375992 0.600000 0.737255 0.549020
v 0.225918667 0.310556390 -6.159547186 0.494118 0.549020 0.415686
v 0.480461204 0.663282125 -6.222582478 0.533333 0.662745 0.486275
v 0.384933184 0.526332719 -6.208168573 0.419608 0.596078 0.317647
v 0.448040219 0.608883126 -6.232500639 0.286275 0.431373 0.156863
v 0.429301481 0.587832680 -6.221299704 0.584314 0.721569 0.521569
v 0.310385615 0.424269852 -6.190980818 0.392157 0.560784 0.274510
v 0.319976626 0.439575080 -6.190781350 0.415686 0.584314 0.305882
v 0.440328195 0.599631308 -6.232422710 0.294118 0.462745 0.156863
v 0.241108480 0.330702425 -6.172096135 0.529412 0.666667 0.403922
v 0.432357314 0.591528708 -6.226274630 0.309804 0.462745 0.203922
v 0.462602321 0.634132675 -6.232953223 0.227451 0.360784 0.074510
v 0.474328480 0.654621343 -6.229018706 0.266667 0.396078 0.113725
v 0.299157360 0.410614458 -6.190215394 0.392157 0.545098 0.282353
v 0.363369086 0.502912780 -6.202267461 0.431373 0.592157 0.345098
v 0.490568771 0.686997716 -6.222599721 0.396078 0.415686 0.360784
v 0.351131512 0.487930178 -6.198893556 0.396078 0.556863 0.313725
v 0.418649632 0.578494015 -6.221042120 0.482353 0.635294 0.388235
v 0.228975274 0.321721864 -6.165109593 0.380392 0.541176 0.180392
v 0.482453073 0.672948604 -6.227091677 0.407843 0.482353 0.270588
v 0.466872741 0.647955929 -6.230080700 0.619608 0.756863 0.576471
v 0.288628339 0.400308417 -6.189753207 0.423529 0.592157 0.305882
v 0.281411563 0.392272687 -6.188986308 0.400000 0.556863 0.301961
v 0.474862791 0.663809855 -6.230927633 0.321569 0.431373 0.152941
v 0.336782188 0.473351660 -6.196158501 0.435294 0.576471 0.352941
v 0.470732548 0.659399260 -6.229335562 0.600000 0.729412 0.552941
v 0.242886560 0.340903332 -6.178557053 0.450980 0.603922 0.329412
v 0.274171938 0.383464703 -6.188107413 0.411765 0.572549 0.294118
v 0.388198475 0.542311640 -6.214854591 0.380392 0.525490 0.294118
v 0.458930636 0.635557481 -6.241141764 0.258824 0.396078 0.105882
v 0.453088827 0.627831911 -6.240053049 0.239216 0.368627 0.105882
v 0.435985905 0.606462807 -6.232902972 0.607843 0.745098 0.560784
v 0.484399040 0.684807803 -6.226448875 0.164706 0.200000 0.117647
v 0.408962495 0.571346694 -6.223176999 0.349020 0.505882 0.227451
v 0.462364713 0.644083711 -6.239021568 0.250980 0.376471 0.098039
v 0.222620812 0.319502697 -6.167948497 0.533333 0.658824 0.435294
v 0.432881068 0.599931776 -6.237758593 0.298039 0.458824 0.164706
v 0.454211788 0.633265125 -6.236578935 0.639216 0.772549 0.603922
v 0.322365443 0.457257925 -6.193898112 0.435294 0.592157 0.360784
v 0.304663464 0.430831143 -6.193684195 0.368627 0.529412 0.258824
v 0.443543660 0.618330415 -6.236243123 0.670588 0.803922 0.619608
v 0.214632381 0.310622764 -6.164925080 0.262745 0.286275 0.231373
v 0.479471010 0.681191181 -6.224079122 0.313725 0.341176 0.305882
v 0.259754246 0.367373233 -6.186644938 0.470588 0.619608 0.333333
v 0.377819706 0.532606278 -6.212715219 0.403922 0.564706 0.321569
v 0.227814895 0.327821161 -6.171397412 0.392157 0.556863 0.231373
v 0.401085509 0.563118991 -6.222296770 0.325490 0.494118 0.184314
v 0.369742878 0.523041307 -6.210063968 0.415686 0.580392 0.317647
v 0.252563138 0.358501310 -6.185193976 0.407843 0.564706 0.290196
v 0.308816670 0.440273304 -6.193564226 0.352941 0.517647 0.243137
v 0.447384999 0.626587598 -6.237013185 0.639216 0.772549 0.623529
v 0.390427147 0.550579149 -6.219600431 0.415686 0.576471 0.301961
v 0.428893757 0.600945699 -6.234453097 0.631373 0.768627 0.592157
v 0.244468715 0.350566118 -6.183261043 0.427451 0.592157 0.294118
v 0.353712821 0.505354801 -6.204552507 0.400000 0.564706 0.313725
v 0.442904621 0.618141531 -6.246196311 0.235294 0.356863 0.078431
v 0.338625260 0.486675022 -6.198921624 0.490196 0.639216 0.396078
v 0.414688968 0.584844562 -6.230125325 0.509804 0.654902 0.435294
v 0.362417193 0.517561644 -6.208762367 0.419608 0.588235 0.313725
v 0.456772265 0.643493759 -6.240531617 0.658824 0.788235 0.623529
v 0.290300007 0.417876632 -6.194090554 0.400000 0.556863 0.286275
v 0.470304516 0.675224667 -6.226450595 0.345098 0.368627 0.313725
v 0.309544522 0.449203526 -6.194803633 0.388235 0.560784 0.274510
v 0.460550968 0.651588783 -6.244427359 0.313725 0.376471 0.200000
v 0.276700490 0.400960351 -6.192706844 0.458824 0.611765 0.352941
v 0.419984484 0.593830769 -6.237273773 0.576471 0.713725 0.521569
v 0.283777532 0.411592293 -6.194399965 0.431373 0.596078 0.301961
v 0.436016760 0.612072233 -6.249432337 0.278431 0.400000 0.133333
v 0.463734858 0.660454379 -6.240281390 0.211765 0.231373 0.172549
v 0.435703513 0.614869127 -6.245976131 0.666667 0.796078 0.631373
v 0.217554991 0.325981698 -6.172244227 0.392157 0.549020 0.235294
v 0.324773161 0.474916295 -6.197909321 0.454902 0.619608 0.368627
v 0.262175064 0.384210998 -6.191522289 0.403922 0.564706 0.298039
v 0.442225850 0.626772661 -6.248074084 0.666667 0.800000 0.643137
v 0.376120941 0.543165152 -6.218685192 0.388235 0.545098 0.294118
v 0.425674743 0.604969466 -6.244848361 0.607843 0.745098 0.564706
v 0.352082684 0.514216635 -6.208443297 0.403922 0.564706 0.317647
v 0.457057918 0.655425167 -6.242033094 0.654902 0.701961 0.639216
v 0.310323021 0.458064149 -6.196293980 0.400000 0.560784 0.305882
v 0.460115306 0.663659048 -6.236469908 0.243137 0.262745 0.254902
v 0.380314979 0.550947350 -6.221170801 0.392157 0.560784 0.282353
v 0.446240015 0.632422071 -6.254025355 0.282353 0.356863 0.184314
v 0.417510376 0.592870297 -6.246803651 0.286275 0.439216 0.176471
v 0.455707647 0.649497059 -6.250019799 0.180392 0.215686 0.141176
v 0.247748446 0.367328534 -6.190016438 0.392157 0.552941 0.266667
v 0.397401560 0.573911514 -6.228718264 0.584314 0.729412 0.490196
v 0.388907612 0.562502696 -6.226442187 0.372549 0.549020 0.223529
v 0.254975171 0.378559515 -6.191639644 0.423529 0.576471 0.301961
v 0.205274868 0.315069415 -6.171071440 0.466667 0.509804 0.411765
v 0.227754047 0.343153107 -6.182338587 0.364706 0.541176 0.200000
v 0.364933266 0.533468108 -6.215709118 0.411765 0.576471 0.313725
v 0.220085592 0.334122053 -6.179368833 0.517647 0.654902 0.431373
v 0.239688383 0.359347432 -6.189048665 0.423529 0.588235 0.286275
v 0.448003158 0.642086587 -6.250562183 0.713725 0.776471 0.674510
v 0.292595314 0.435685410 -6.197554993 0.329412 0.482353 0.223529
v 0.299882214 0.447639316 -6.197063862 0.368627 0.545098 0.254902
v 0.432268584 0.615973724 -6.255321188 0.670588 0.800000 0.678431
v 0.394711367 0.572162963 -6.232267573 0.345098 0.521569 0.188235
v 0.341598525 0.506258246 -6.206594290 0.392157 0.568627 0.290196
v 0.438346409 0.626066871 -6.254454959 0.749020 0.847059 0.701961
v 0.424483398 0.605771917 -6.253501772 0.270588 0.419608 0.129412
v 0.402061969 0.582950042 -6.235184157 0.545098 0.686275 0.482353
v 0.315078682 0.473395410 -6.199210551 0.447059 0.607843 0.356863
v 0.407733850 0.590101802 -6.241862368 0.568627 0.709804 0.521569
v 0.278240134 0.418706739 -6.197199616 0.372549 0.521569 0.282353
v 0.270974188 0.409935234 -6.196995538 0.376471 0.533333 0.278431
v 0.326326455 0.491840939 -6.203275919 0.454902 0.607843 0.396078
v 0.349653960 0.522271564 -6.212356516 0.400000 0.568627 0.301961
v 0.447859398 0.651911174 -6.248256940 0.282353 0.294118 0.301961
v 0.428552004 0.613723040 -6.263402925 0.247059 0.360784 0.098039
v 0.263782975 0.401864060 -6.196352125 0.384314 0.549020 0.262745
v 0.434491066 0.624003064 -6.262663788 0.223529 0.250980 0.160784
v 0.205420374 0.324505477 -6.176595236 0.537255 0.627451 0.407843
v 0.257359581 0.393039294 -6.195537481 0.352941 0.501961 0.243137
v 0.367309850 0.547957033 -6.222785361 0.372549 0.541176 0.266667
v 0.393188760 0.579798550 -6.236574165 0.568627 0.713725 0.505882
v 0.283134340 0.434653046 -6.199189957 0.443137 0.584314 0.349020
v 0.297478439 0.458870626 -6.199491483 0.380392 0.541176 0.274510
v 0.376831127 0.563355158 -6.229469452 0.325490 0.482353 0.207843
v 0.242945349 0.378547168 -6.195696817 0.360784 0.513725 0.235294
v 0.359998606 0.542456912 -6.221553040 0.372549 0.541176 0.266667
v 0.304786033 0.472402084 -6.199897990 0.443137 0.603922 0.349020
v 0.427818365 0.624588483 -6.262023646 0.262745 0.266667 0.258824
v 0.227781084 0.359971695 -6.192101258 0.403922 0.584314 0.223529
v 0.382266759 0.572152692 -6.233286262 0.662745 0.788235 0.537255
v 0.287895993 0.447568264 -6.200530553 0.368627 0.529412 0.258824
v 0.328063171 0.505308514 -6.207930703 0.490196 0.643137 0.431373
v 0.316791712 0.490906932 -6.203749080 0.474510 0.623529 0.392157
v 0.308753264 0.480489696 -6.201281456 0.435294 0.603922 0.341176
v 0.348913218 0.532621722 -6.217474539 0.400000 0.576471 0.278431
v 0.394321239 0.586857257 -6.244705937 0.435294 0.572549 0.360784
v 0.232362241 0.368313978 -6.195774546 0.486275 0.631373 0.384314
v 0.419042122 0.611954886 -6.267202118 0.184314 0.215686 0.137255
v 0.430803315 0.637734941 -6.254502941 0.196078 0.211765 0.223529
v 0.205040928 0.333845491 -6.185183747 0.482353 0.619608 0.372549
v 0.266193795 0.418715262 -6.200378904 0.415686 0.588235 0.298039
v 0.406657901 0.599822974 -6.258085827 0.611765 0.752941 0.556863
v 0.320721104 0.499046520 -6.206553427 0.466667 0.623529 0.403922
v 0.212468022 0.344005990 -6.189382574 0.407843 0.564706 0.239216
v 0.340890343 0.525393494 -6.215082657 0.372549 0.533333 0.290196
v 0.272624656 0.429938982 -6.201229857 0.364706 0.517647 0.270588
v 0.246944695 0.393013566 -6.198841424 0.364706 0.529412 0.239216
v 0.258961618 0.410701649 -6.200334165 0.411765 0.568627 0.305882
v 0.396781711 0.593206260 -6.252189206 0.486275 0.627451 0.419608
v 0.294321334 0.467627428 -6.201354658 0.403922 0.572549 0.286275
v 0.250967606 0.402631185 -6.200494720 0.356863 0.505882 0.243137
v 0.234104826 0.378562686 -6.198851789 0.356863 0.529412 0.192157
v 0.375325648 0.572050155 -6.237177510 0.345098 0.509804 0.207843
v 0.413077256 0.612666180 -6.267708505 0.305882 0.313725 0.282353
v 0.331196130 0.519860672 -6.213972100 0.478431 0.654902 0.384314
v 0.278151935 0.445312510 -6.203190752 0.380392 0.525490 0.266667
v 0.238892941 0.388232230 -6.200321196 0.388235 0.556863 0.211765
v 0.214811865 0.355327036 -6.194693479 0.423529 0.596078 0.258824
v 0.349749196 0.544616347 -6.224055934 0.431373 0.611765 0.301961
v 0.285444527 0.458863774 -6.202727260 0.329412 0.490196 0.235294
v 0.382298367 0.582821163 -6.246394375 0.521569 0.662745 0.443137
v 0.310290461 0.497436010 -6.206569755 0.466667 0.627451 0.388235
v 0.364166789 0.563918893 -6.233544628 0.392157 0.564706 0.250980
v 0.392432225 0.594462406 -6.259381692 0.286275 0.431373 0.149020
v 0.336794082 0.532729673 -6.220295673 0.407843 0.584314 0.290196
v 0.267813657 0.437156238 -6.204464250 0.360784 0.513725 0.258824
v 0.188207884 0.325788912 -6.187698571 0.384314 0.431373 0.341176
v 0.295804138 0.481436957 -6.203970457 0.431373 0.600000 0.329412
v 0.389363151 0.594519155 -6.255031680 0.278431 0.423529 0.121569
v 0.402590447 0.605267850 -6.271683986 0.282353 0.329412 0.207843
v 0.384883385 0.589003795 -6.254479492 0.505882 0.650980 0.427451
v 0.200471266 0.343947752 -6.192802985 0.407843 0.568627 0.235294
v 0.353641432 0.556817925 -6.230692134 0.419608 0.588235 0.286275
v 0.254159373 0.420315114 -6.204414131 0.411765 0.564706 0.294118
v 0.300074024 0.491525009 -6.205219963 0.454902 0.615686 0.356863
v 0.193099138 0.336121578 -6.191274631 0.403922 0.541176 0.282353
v 0.395315697 0.600521470 -6.268222252 0.298039 0.368627 0.192157
v 0.205063959 0.352274454 -6.197334480 0.564706 0.701961 0.431373
v 0.235660473 0.396288489 -6.204224968 0.376471 0.549020 0.207843
v 0.367326670 0.574420421 -6.243734045 0.384314 0.545098 0.250980
v 0.325585187 0.526270765 -6.218024444 0.494118 0.643137 0.435294
v 0.345652064 0.551150620 -6.229265766 0.431373 0.588235 0.309804
v 0.210083729 0.361631066 -6.199930561 0.380392 0.556863 0.188235
v 0.305423060 0.504730596 -6.209524851 0.458824 0.631373 0.376471
v 0.317515914 0.520710080 -6.215405836 0.486275 0.643137 0.407843
v 0.338428091 0.545532578 -6.227659523 0.384314 0.556863 0.270588
v 0.266137281 0.447686362 -6.207328094 0.305882 0.450980 0.203922
v 0.310428301 0.513303364 -6.212056268 0.478431 0.643137 0.400000
v 0.215634166 0.374564043 -6.204418036 0.466667 0.619608 0.333333
v 0.222823456 0.385044789 -6.205854235 0.341176 0.521569 0.141176
v 0.369980681 0.582394500 -6.253064963 0.435294 0.596078 0.313725
v 0.331102993 0.539249073 -6.225558268 0.384314 0.545098 0.286275
v 0.290944607 0.490324582 -6.206969742 0.415686 0.580392 0.325490
v 0.284677972 0.482090692 -6.206114591 0.403922 0.568627 0.298039
v 0.255802303 0.437119032 -6.208611687 0.435294 0.592157 0.313725
v 0.369885443 0.585979311 -6.252382291 0.411765 0.603922 0.211765
v 0.195519790 0.352156183 -6.200169673 0.474510 0.627451 0.317647
v 0.226952507 0.396125501 -6.207221666 0.317647 0.494118 0.145098
v 0.201167260 0.359340838 -6.202716231 0.423529 0.592157 0.247059
v 0.353958575 0.570035875 -6.241865894 0.384314 0.556863 0.243137
v 0.238102485 0.413096337 -6.208408330 0.368627 0.533333 0.215686
v 0.273446865 0.468439129 -6.206941294 0.364706 0.525490 0.266667
v 0.382997982 0.602469965 -6.268145425 0.411765 0.572549 0.203922
v 0.230821855 0.405147936 -6.208931064 0.388235 0.556863 0.223529
v 0.315987127 0.529436440 -6.219789610 0.521569 0.670588 0.435294
v 0.377919085 0.595632938 -6.269600787 0.360784 0.439216 0.250980
v 0.205185617 0.370570614 -6.206755347 0.333333 0.517647 0.101961
v 0.359684547 0.580602867 -6.252933416 0.435294 0.592157 0.305882
v 0.213163006 0.382675103 -6.208926884 0.396078 0.564706 0.215686
v 0.183228523 0.343389855 -6.198027543 0.513725 0.631373 0.356863
v 0.177915418 0.335230320 -6.198820572 0.188235 0.211765 0.156863
v 0.303952715 0.519797908 -6.215001778 0.478431 0.643137 0.403922
v 0.263933479 0.462661361 -6.209123361 0.329412 0.490196 0.211765
v 0.370696730 0.592945657 -6.265483635 0.309804 0.364706 0.227451
v 0.291907171 0.505359717 -6.210152852 0.447059 0.600000 0.372549
v 0.217223688 0.391439888 -6.209960852 0.333333 0.513725 0.133333
v 0.325571261 0.546354529 -6.229995421 0.454902 0.623529 0.356863
v 0.335153745 0.558461262 -6.236175562 0.392157 0.556863 0.282353
v 0.344109705 0.568722876 -6.243219153 0.372549 0.541176 0.247059
v 0.239718251 0.428333199 -6.211666801 0.392157 0.545098 0.250980
v 0.250108217 0.446050501 -6.213057658 0.388235 0.545098 0.266667
v 0.349096270 0.575192669 -6.251380002 0.494118 0.658824 0.356863
v 0.243759492 0.437124138 -6.212607266 0.356863 0.521569 0.223529
v 0.363398995 0.591685422 -6.260893069 0.431373 0.627451 0.243137
v 0.267658541 0.475891138 -6.209327860 0.400000 0.560784 0.278431
v 0.313562360 0.537485021 -6.224524104 0.466667 0.627451 0.384314
v 0.305504819 0.529501498 -6.219554639 0.474510 0.631373 0.403922
v 0.177108675 0.343261348 -6.203617522 0.494118 0.525490 0.478431
v 0.254116894 0.458095322 -6.213036631 0.341176 0.494118 0.235294
v 0.200394557 0.376958039 -6.211692659 0.443137 0.607843 0.254902
v 0.350318342 0.582375855 -6.252508172 0.431373 0.623529 0.258824
v 0.271889271 0.490046286 -6.209579907 0.400000 0.568627 0.290196
v 0.230109330 0.424289103 -6.214187140 0.345098 0.501961 0.184314
v 0.189181301 0.364084061 -6.211005164 0.454902 0.607843 0.305882
v 0.205203659 0.387401325 -6.214067188 0.513725 0.658824 0.396078
v 0.179283332 0.351601600 -6.208903621 0.568627 0.682353 0.474510
v 0.218818840 0.409111140 -6.214729950 0.356863 0.525490 0.172549
v 0.339034961 0.573085711 -6.249179730 0.400000 0.568627 0.286275
v 0.316795140 0.549494336 -6.231857654 0.458824 0.615686 0.368627
v 0.291098777 0.521418966 -6.215745749 0.482353 0.639216 0.388235
v 0.325556458 0.560821445 -6.238752538 0.447059 0.619608 0.349020
v 0.212487004 0.402571407 -6.215158782 0.568627 0.701961 0.470588
v 0.241239951 0.446905378 -6.216077735 0.356863 0.525490 0.215686
v 0.351894857 0.591243181 -6.261198822 0.439216 0.607843 0.247059
v 0.331264565 0.569530459 -6.246409939 0.380392 0.556863 0.258824
v 0.275849866 0.505366862 -6.211733026 0.431373 0.580392 0.356863
v 0.251649823 0.467003876 -6.214355286 0.380392 0.533333 0.270588
v 0.350161803 0.587958103 -6.264807876 0.325490 0.349020 0.250980
v 0.255005856 0.475636181 -6.212657674 0.333333 0.482353 0.223529
v 0.230870818 0.437989005 -6.217195342 0.447059 0.619608 0.282353
v 0.220371758 0.422024642 -6.217681777 0.286275 0.478431 0.062745
v 0.191549605 0.378584531 -6.217233171 0.439216 0.588235 0.270588
v 0.185101314 0.369793295 -6.217100426 0.525490 0.670588 0.415686
v 0.340976817 0.584392594 -6.257934212 0.454902 0.650980 0.278431
v 0.280627821 0.518258725 -6.214763954 0.462745 0.615686 0.392157
v 0.292687062 0.533481850 -6.221277587 0.513725 0.674510 0.431373
v 0.335118591 0.580178585 -6.258478864 0.411765 0.568627 0.290196
v 0.232481354 0.448415563 -6.218828211 0.396078 0.552941 0.250980
v 0.339808144 0.586768472 -6.263486402 0.356863 0.447059 0.325490
v 0.303083729 0.549585147 -6.231529668 0.494118 0.658824 0.396078
v 0.204352340 0.406729402 -6.220253202 0.439216 0.580392 0.286275
v 0.326699029 0.574812198 -6.253246311 0.427451 0.600000 0.301961
v 0.172384412 0.358387801 -6.220116937 0.254902 0.270588 0.243137
v 0.218792660 0.431619408 -6.220220708 0.321569 0.513725 0.109804
v 0.253486769 0.489164488 -6.213075562 0.345098 0.501961 0.227451
v 0.235772153 0.458743085 -6.219216354 0.380392 0.537255 0.247059
v 0.182785906 0.377695926 -6.222361980 0.580392 0.709804 0.517647
v 0.175497940 0.366545058 -6.222853895 0.698039 0.800000 0.615686
v 0.262802883 0.505642921 -6.213946999 0.431373 0.592157 0.352941
v 0.239655742 0.467745391 -6.218586847 0.325490 0.486275 0.200000
v 0.314364319 0.566380070 -6.245391832 0.466667 0.623529 0.368627
v 0.222195144 0.440190529 -6.220349108 0.400000 0.560784 0.231373
v 0.279008862 0.529513534 -6.218709129 0.498039 0.639216 0.431373
v 0.242916859 0.476505536 -6.217229541 0.333333 0.482353 0.227451
v 0.292684343 0.546327511 -6.228488442 0.494118 0.670588 0.388235
v 0.205255173 0.417831940 -6.222343871 0.482353 0.631373 0.329412
v 0.330512224 0.585793696 -6.264420378 0.266667 0.313725 0.223529
v 0.264709000 0.514868434 -6.214608659 0.482353 0.647059 0.388235
v 0.316853452 0.572691774 -6.253010550 0.454902 0.588235 0.329412
v 0.188232963 0.393176147 -6.225543627 0.580392 0.717647 0.501961
v 0.226911785 0.456377343 -6.222273792 0.372549 0.541176 0.215686
v 0.281258421 0.539358930 -6.223556458 0.517647 0.670588 0.396078
v 0.169058573 0.365766802 -6.229185651 0.447059 0.474510 0.435294
v 0.304015326 0.563857567 -6.243397282 0.450980 0.600000 0.337255
v 0.319670755 0.578839989 -6.259121609 0.396078 0.494118 0.294118
v 0.253362801 0.504581431 -6.214880593 0.458824 0.615686 0.341176
v 0.220358532 0.449331454 -6.224038536 0.337255 0.525490 0.129412
v 0.246932344 0.494962190 -6.215636589 0.356863 0.517647 0.247059
v 0.282470413 0.547637124 -6.227953842 0.498039 0.647059 0.411765
v 0.291866771 0.557584165 -6.237246205 0.443137 0.596078 0.329412
v 0.179591324 0.390515814 -6.230467491 0.623529 0.756863 0.556863
v 0.203597585 0.430744788 -6.226101055 0.337255 0.513725 0.109804
v 0.171496752 0.378568187 -6.233344921 0.537255 0.576471 0.478431
v 0.230911717 0.476459925 -6.222210327 0.364706 0.533333 0.203922
v 0.270224756 0.538282074 -6.221334563 0.521569 0.678431 0.454902
v 0.189128057 0.410707777 -6.229207412 0.533333 0.682353 0.415686
v 0.283786114 0.554446755 -6.233769329 0.474510 0.627451 0.352941
v 0.250942427 0.516637105 -6.216425448 0.482353 0.650980 0.376471
v 0.304082050 0.574480146 -6.256671142 0.235294 0.243137 0.219608
v 0.221140583 0.466213316 -6.226349584 0.368627 0.545098 0.184314
v 0.262182017 0.533488644 -6.218845978 0.549020 0.713725 0.462745
v 0.211516988 0.451756320 -6.227990679 0.309804 0.498039 0.070588
v 0.180352778 0.401807776 -6.233476430 0.654902 0.780392 0.580392
v 0.308460601 0.582014827 -6.260857327 0.200000 0.215686 0.200000
v 0.314702249 0.592410946 -6.259877708 0.533333 0.580392 0.486275
v 0.238189220 0.500465528 -6.220067360 0.364706 0.517647 0.247059
v 0.201183825 0.440383529 -6.229284156 0.396078 0.576471 0.192157
v 0.193899155 0.429229239 -6.229790565 0.352941 0.525490 0.137255
v 0.221346768 0.477172628 -6.226549487 0.333333 0.505882 0.152941
v 0.168266141 0.388226574 -6.242077744 0.247059 0.254902 0.239216
v 0.260658444 0.542207983 -6.221649111 0.564706 0.717647 0.482353
v 0.288151924 0.569221572 -6.248327592 0.184314 0.200000 0.168627
v 0.181949077 0.415464470 -6.234236195 0.611765 0.745098 0.509804
v 0.173092781 0.400251245 -6.239721475 0.607843 0.647059 0.541176
v 0.229233113 0.496625054 -6.223457304 0.376471 0.541176 0.203922
v 0.185066594 0.425220044 -6.232984266 0.580392 0.713725 0.505882
v 0.271117753 0.556620868 -6.233811878 0.552941 0.639216 0.474510
v 0.277894898 0.563643682 -6.243677592 0.360784 0.380392 0.345098
v 0.234928203 0.512573244 -6.219017175 0.411765 0.568627 0.290196
v 0.242110355 0.524668602 -6.218010624 0.482353 0.607843 0.368627
v 0.209117757 0.466994524 -6.230440832 0.317647 0.513725 0.062745
v 0.195601024 0.447558782 -6.232669768 0.309804 0.498039 0.098039
v 0.216446319 0.486116720 -6.229344828 0.345098 0.517647 0.152941
v 0.246023532 0.537645051 -6.219933060 0.560784 0.654902 0.478431
v 0.200538328 0.460237416 -6.234062790 0.298039 0.466667 0.074510
v 0.225800765 0.505752152 -6.223183647 0.321569 0.462745 0.184314
v 0.170530402 0.409288153 -6.243786620 0.250980 0.266667 0.247059
v 0.220159526 0.496151473 -6.227083622 0.325490 0.478431 0.168627
v 0.176351346 0.423463198 -6.238347793 0.596078 0.705882 0.533333
v 0.254927714 0.551187428 -6.226724798 0.509804 0.552941 0.470588
v 0.182041583 0.436207899 -6.233884110 0.525490 0.654902 0.400000
v 0.248700012 0.546111132 -6.222045864 0.309804 0.368627 0.247059
v 0.229235451 0.520699915 -6.218653578 0.376471 0.435294 0.301961
v 0.200266563 0.468352327 -6.233430859 0.580392 0.705882 0.462745
v 0.216135708 0.504716586 -6.222910762 0.529412 0.611765 0.439216
v 0.203313917 0.479807380 -6.232639739 0.568627 0.698039 0.490196
v 0.183113000 0.450293424 -6.235991694 0.576471 0.690196 0.482353
v 0.193717702 0.462937127 -6.242772471 0.349020 0.517647 0.074510
v 0.204535140 0.486221647 -6.234091326 0.329412 0.443137 0.152941
v 0.219037304 0.519578957 -6.217397608 0.349020 0.384314 0.349020
v 0.170524330 0.433375331 -6.240547014 0.282353 0.305882 0.282353
v 0.191439660 0.469151527 -6.236652030 0.584314 0.682353 0.513725
v 0.197394386 0.480491538 -6.237706264 0.364706 0.513725 0.125490
v 0.206939259 0.503605454 -6.225938572 0.486275 0.537255 0.462745
v 0.211445513 0.515259618 -6.219616902 0.278431 0.301961 0.282353
v 0.174756129 0.449935665 -6.239203245 0.184314 0.203922 0.196078
v 0.194939827 0.485895143 -6.234959720 0.490196 0.537255 0.454902
v 0.177930229 0.458814373 -6.239825754 0.219608 0.235294 0.223529
v 0.181959864 0.468422943 -6.239906765 0.282353 0.305882 0.282353
vn 0.354744122 0.161779459 -0.920860475
vn 0.470435136 0.345493428 -0.811988346
vn 0.041744741 -0.577996703 -0.814970667
vn 0.314925795 0.020939896 -0.948885274
vn 0.113122166 -0.236330401 -0.965065447
vn 0.199971862 -0.620690921 -0.758125342
vn 0.376860027 0.535790922 -0.755582297
vn 0.406688319 -0.281581314 -0.869089509
vn -0.101452698 -0.501744194 -0.859046049
vn 0.138346778 0.519922313 -0.842935916
vn 0.506087864 0.148793306 -0.849550249
vn 0.360841647 -0.494164005 -0.790945790
vn 0.491024816 -0.194918294 -0.849059179
vn 0.314376371 0.444476665 -0.838813442
vn 0.090107386 0.436971860 -0.894950419
vn -0.087938216 -0.344450912 -0.934676650
vn 0.381786840 0.245090152 -0.891161953
vn -0.088509518 -0.196391046 -0.976522720
vn -0.049959836 0.454867542 -0.889156642
vn 0.215938257 -0.503680004 -0.836467048
vn -0.373216893 0.238228251 -0.896636187
vn 0.386342457 -0.040968361 -0.921445114
vn 0.010431240 -0.427821447 -0.903803075
vn 0.434675960 -0.322972850 -0.840681478
vn 0.003882511 0.372368615 -0.928076797
vn -0.042406862 -0.044774174 -0.998096654
vn -0.060613703 -0.319732269 -0.945567161
vn 0.296484346 -0.432232922 -0.851628871
vn 0.060012254 -0.065113276 -0.996071679
vn 0.148019404 0.218954354 -0.964442454
vn 0.172538281 -0.352762692 -0.919667888
vn 0.299955307 -0.273501821 -0.913905667
vn -0.157087880 0.319663230 -0.934418973
vn -0.349321861 0.090411337 -0.932630703
vn 0.256971323 -0.125840126 -0.958191005
vn -0.001198496 -0.218678832 -0.975796153
vn 0.006644986 -0.115240298 -0.993315417
vn -0.432418370 -0.113635321 -0.894483855
vn 0.093715800 -0.312695173 -0.945219063
vn 0.211799373 -0.368100957 -0.905341212
vn 0.044453305 0.204984959 -0.977755118
vn 0.244449510 -0.346872045 -0.905496671
vn 0.139681632 -0.027359491 -0.989818418
vn 0.207942369 -0.102671614 -0.972737637
vn -0.292832965 -0.213889406 -0.931933569
vn 0.244658888 -0.296227790 -0.923250304
vn -0.068235087 0.093296905 -0.993297368
vn 0.174819967 -0.313564797 -0.933335469
vn 0.256076352 -0.246141155 -0.934793792
vn -0.301702751 -0.118302926 -0.946033756
vn 0.096678629 -0.126875034 -0.987196013
vn 0.189044864 -0.295754371 -0.936371396
vn 0.191292173 -0.322687865 -0.926973487
vn 0.113869211 -0.238506492 -0.964442044
vn 0.140439885 -0.105751286 -0.984425367
vn -0.230761067 -0.338556383 -0.912210998
vn 0.111544982 -0.181491767 -0.977045780
vn 0.229032385 -0.204807096 -0.951629245
vn 0.169481123 -0.117183313 -0.978541885
vn -0.106062588 -0.334884935 -0.936270691
vn 0.246524251 -0.194448311 -0.949429117
vn -0.026959698 -0.234281098 -0.971795010
vn 0.220603940 -0.308604006 -0.925255353
vn 0.159701067 -0.266689241 -0.950459056
vn 0.233711720 -0.277326294 -0.931916820
vn 0.153442771 -0.236339687 -0.959478435
vn 0.142587643 -0.209821567 -0.967286759
vn 0.183765602 -0.259751646 -0.948029159
vn 0.215705137 -0.189763251 -0.957841951
vn 0.213595830 -0.278486746 -0.936387716
vn 0.164811792 -0.180315950 -0.969702651
vn 0.237792179 -0.237052141 -0.941945413
vn 0.142877402 -0.225891247 -0.963617763
vn -0.025229137 -0.528051773 -0.848837332
vn 0.191015840 -0.294325896 -0.936421495
vn 0.214752030 -0.274359578 -0.937341127
vn 0.051656337 -0.527688805 -0.847865643
vn 0.193563303 -0.203757915 -0.959695764
vn 0.065211324 -0.432055591 -0.899486214
vn 0.174797633 -0.240038156 -0.954896576
vn 0.178615140 -0.266771136 -0.947063774
vn 0.105746445 -0.340972621 -0.934106718
vn 0.146748732 -0.189563632 -0.970840069
vn 0.154795484 -0.213360174 -0.964632466
vn 0.195077996 -0.225930431 -0.954410821
vn 0.223118477 -0.262045087 -0.938909217
vn 0.140407102 -0.186584432 -0.972353894
vn 0.059996735 -0.298576608 -0.952497979
vn 0.195088136 -0.273850293 -0.941778443
vn 0.135337987 -0.575562118 -0.806481170
vn 0.172178027 -0.309313514 -0.935243218
vn 0.159403461 -0.211266163 -0.964342857
vn 0.205619047 -0.281766748 -0.937191713
vn 0.219674437 -0.243347164 -0.944735571
vn 0.140562164 -0.294248292 -0.945336036
vn 0.175593647 -0.197591764 -0.964429555
vn 0.169470109 -0.219498436 -0.960781098
vn 0.222394609 -0.262549378 -0.938940074
vn 0.146790539 -0.184784462 -0.971754722
vn 0.256366258 -0.575078597 -0.776891852
vn 0.225239449 -0.246686890 -0.942556507
vn -0.144145787 -0.251216835 -0.957137448
vn 0.142682294 -0.203065631 -0.968713638
vn 0.162046610 -0.457272087 -0.874438754
vn 0.140606255 -0.235940826 -0.961541371
vn 0.196351665 -0.277386853 -0.940479961
vn 0.202285277 -0.254097412 -0.945788122
vn 0.242979261 -0.524704766 -0.815871306
vn 0.189184653 -0.188991293 -0.963582616
vn 0.208303341 -0.265195640 -0.941424979
vn 0.150102707 -0.220008804 -0.963880337
vn 0.218851855 -0.290925147 -0.931378776
vn 0.378785107 -0.468162675 -0.798339246
vn 0.150538669 -0.214075621 -0.965147521
vn 0.227585304 -0.248008111 -0.941645850
vn 0.202565890 -0.350171931 -0.914519917
vn 0.029814657 -0.249966173 -0.967795432
vn 0.225622772 -0.259797761 -0.938935295
vn -0.000565929 -0.173911194 -0.984761177
vn 0.238279846 -0.236923878 -0.941854443
vn 0.146203595 -0.209164379 -0.966889224
vn 0.169677191 -0.209980848 -0.962869511
vn 0.171686516 -0.171229209 -0.970156842
vn 0.095227681 -0.255885412 -0.962005377
vn 0.234310293 -0.239697681 -0.942148453
vn 0.160149327 -0.215093161 -0.963372786
vn 0.195187660 -0.442671032 -0.875182344
vn 0.070467416 -0.153901207 -0.985570272
vn 0.267001440 -0.439890697 -0.857441780
vn 0.183873457 -0.245331705 -0.951841849
vn 0.207249900 -0.329522278 -0.921120267
vn 0.219221079 -0.247745471 -0.943697144
vn 0.374935095 -0.415655026 -0.828646229
vn 0.207710951 -0.235084137 -0.949521779
vn 0.216470034 -0.240281784 -0.946258627
vn 0.150811220 -0.216637364 -0.964533166
vn 0.143012955 -0.209374343 -0.967320877
vn 0.140887579 -0.221101244 -0.965020689
vn 0.090742752 -0.237487452 -0.967142938
vn 0.086338857 -0.200560848 -0.975869329
vn 0.171178146 -0.202871779 -0.964127110
vn 0.131931081 -0.233636971 -0.963331696
vn 0.219492285 -0.222878585 -0.949814863
vn 0.148633020 -0.184308255 -0.971565074
vn 0.173532194 -0.174432645 -0.969257360
vn 0.142747682 -0.206628456 -0.967950299
vn 0.176529885 -0.194195104 -0.964948424
vn 0.193162134 -0.250458251 -0.948661718
vn 0.184129064 -0.241970357 -0.952652525
vn 0.371897700 -0.351756933 -0.859045494
vn 0.191143190 -0.351594882 -0.916430750
vn 0.130983040 -0.224032361 -0.965739584
vn 0.176467198 -0.191434417 -0.965511363
vn 0.253524795 -0.375725500 -0.891378442
vn 0.109256553 -0.246543163 -0.962953516
vn 0.219452714 -0.224856144 -0.949357794
vn 0.159226639 -0.224607037 -0.961352462
vn 0.160983257 -0.191463786 -0.968207627
vn 0.132410718 -0.233724594 -0.963244629
vn 0.210700941 -0.240782583 -0.947432774
vn 0.146410454 -0.189835911 -0.970837940
vn 0.167517818 -0.192474425 -0.966897811
vn 0.214531748 -0.234617511 -0.948119588
vn 0.197517290 -0.249482803 -0.948021757
vn 0.165971037 -0.182983896 -0.969004906
vn 0.212731787 -0.198981767 -0.956635481
vn 0.170816494 -0.225926932 -0.959050962
vn 0.367247171 -0.246223234 -0.896941266
vn 0.312643834 -0.301419516 -0.900777502
vn 0.430937682 -0.285009766 -0.856190486
vn 0.123156601 -0.267210243 -0.955735914
vn 0.125762718 -0.205771767 -0.970485300
vn 0.176929273 -0.177913982 -0.968009632
vn 0.192427645 -0.150530752 -0.969696908
vn 0.198028367 -0.244863274 -0.949118930
vn 0.204557895 -0.348852833 -0.914580652
vn 0.240161497 -0.271867825 -0.931885369
vn 0.127897069 -0.230189618 -0.964704659
vn 0.160785112 -0.177274224 -0.970938720
vn 0.210417538 -0.224443702 -0.951498547
vn 0.154623647 -0.198047645 -0.967919758
vn 0.146256661 -0.204159024 -0.967950454
vn 0.169309529 -0.280529742 -0.944794871
vn 0.111406671 -0.224910683 -0.967989534
vn 0.172860568 -0.175669143 -0.969154052
vn 0.146746821 -0.187162788 -0.971306059
vn 0.218430907 -0.233927433 -0.947399543
vn 0.170414184 -0.543210566 -0.822119996
vn 0.200611781 -0.279789258 -0.938867874
vn 0.304311540 -0.205166596 -0.930215649
vn 0.261232718 -0.254858179 -0.931023510
vn 0.206198813 -0.240450084 -0.948507146
vn 0.332735840 -0.125625196 -0.934614985
vn 0.267426978 -0.234334086 -0.934649853
vn 0.156978648 -0.319761006 -0.934403876
vn 0.153955334 -0.262594705 -0.952544894
vn 0.163699625 -0.204102659 -0.965165549
vn 0.187363521 -0.183361966 -0.965025026
vn 0.169239216 -0.199241181 -0.965225901
vn 0.198989591 -0.151939817 -0.968151556
vn 0.286942378 -0.388191457 -0.875769070
vn 0.152721025 -0.223328501 -0.962704871
vn 0.190223661 -0.212194423 -0.958534551
vn 0.209518208 -0.194373361 -0.958290727
vn 0.151773026 -0.266484274 -0.951814625
vn 0.247090915 -0.478214609 -0.842767386
vn 0.218006864 -0.240315004 -0.945897302
vn 0.285382024 -0.135389826 -0.948802770
vn 0.238459278 -0.317588144 -0.917755383
vn 0.200086928 -0.265505731 -0.943118194
vn 0.192242936 -0.197108894 -0.961348396
vn 0.191777867 -0.134335160 -0.972201273
vn 0.198755979 -0.284820839 -0.937748981
vn 0.207886970 -0.181060310 -0.961249277
vn 0.195028335 -0.328001013 -0.924326395
vn 0.216730349 -0.259670241 -0.941062868
vn 0.216830997 -0.247518065 -0.944308809
vn 0.153888401 -0.323563643 -0.933608552
vn 0.235781124 -0.220130492 -0.946546263
vn 0.129269606 -0.595163249 -0.793139380
vn 0.152353388 -0.561059143 -0.813634490
vn 0.277513998 -0.093750919 -0.956136364
vn 0.176398242 -0.304392380 -0.936071012
vn 0.204209678 -0.204497376 -0.957329217
vn 0.185880014 -0.213166785 -0.959170757
vn 0.265005244 -0.406866531 -0.874203550
vn 0.187906496 -0.212510623 -0.958921469
vn 0.210054652 -0.264018575 -0.941366685
vn 0.209279464 -0.223739411 -0.951915323
vn 0.220781953 -0.177548134 -0.959026584
vn 0.257146511 -0.147211110 -0.955094006
vn 0.193306083 -0.236881110 -0.952113490
vn 0.257704855 -0.213717912 -0.942291283
vn 0.213403242 -0.221016486 -0.951635838
vn 0.229533660 -0.241894466 -0.942762625
vn 0.213591897 -0.471915502 -0.855379600
vn 0.215891267 -0.152569518 -0.964423923
vn 0.045373523 -0.582827284 -0.811328294
vn 0.254747412 -0.206598258 -0.944680325
vn 0.206408564 -0.261816714 -0.942787098
vn 0.152598126 -0.284203869 -0.946542113
vn 0.231194569 -0.169743724 -0.957985459
vn 0.194252169 -0.130293553 -0.972260091
vn 0.234335470 -0.254839283 -0.938159809
vn 0.254609885 -0.202931312 -0.945511866
vn 0.122649779 -0.334368809 -0.934427382
vn 0.207238107 -0.240946291 -0.948154656
vn 0.142194283 -0.273490722 -0.951306266
vn 0.155916291 -0.247249400 -0.956325177
vn 0.176970929 -0.353921447 -0.918379496
vn 0.191058192 -0.405564567 -0.893875914
vn 0.233027256 -0.216591713 -0.948043421
vn 0.257239900 -0.229951302 -0.938589384
vn 0.212183982 -0.226262323 -0.950675191
vn 0.201271569 -0.178569669 -0.963121295
vn 0.111600273 -0.404141931 -0.907862698
vn 0.202415110 -0.183188375 -0.962013588
vn 0.221760342 -0.245851621 -0.943599137
vn 0.229529924 -0.240504183 -0.943119161
vn 0.081602324 -0.535013898 -0.840893090
vn 0.215563953 -0.238568655 -0.946898717
vn 0.216819411 -0.217578220 -0.951655957
vn 0.238798865 -0.228912803 -0.943702300
vn 0.237856008 -0.263121777 -0.934982059
vn 0.079463324 -0.344223635 -0.935518930
vn 0.214954344 -0.184746043 -0.958990891
vn 0.241325787 -0.256161271 -0.936025250
vn 0.105833367 -0.298793170 -0.948431305
vn 0.243116806 -0.244855036 -0.938584162
vn 0.238049973 -0.205827075 -0.949193039
vn 0.105299687 -0.258103233 -0.960361753
vn 0.163655824 -0.147168388 -0.975478466
vn 0.099971702 -0.472325044 -0.875736668
vn 0.228237494 -0.256336184 -0.939254708
vn 0.078366433 -0.315533299 -0.945673009
vn 0.173136459 -0.166651548 -0.970696156
vn 0.245367567 -0.238668009 -0.939591581
vn 0.186289826 -0.176395846 -0.966530189
vn 0.028661589 -0.479415179 -0.877120060
vn 0.231020199 -0.223443029 -0.946943969
vn -0.023669509 -0.531247728 -0.846885828
vn 0.197907711 -0.199865537 -0.959628212
vn 0.131320351 -0.230582369 -0.964150785
vn 0.118938644 -0.305527165 -0.944725754
vn 0.202050659 -0.177224549 -0.963206619
vn 0.211812775 -0.236467687 -0.948271259
vn 0.236584045 -0.199793453 -0.950847288
vn 0.206589549 -0.183221586 -0.961119456
vn 0.253948817 -0.233318160 -0.938654694
vn 0.190210672 -0.188478020 -0.963481155
vn 0.233446066 -0.253824992 -0.938656384
vn 0.066944279 -0.382593611 -0.921488249
vn 0.051702302 -0.425995987 -0.903246528
vn 0.258844025 -0.242609215 -0.934954833
vn 0.172013161 -0.153230214 -0.973104298
vn 0.235595807 -0.263264980 -0.935513851
vn 0.227495625 -0.219337791 -0.948755329
vn 0.180425492 -0.184393615 -0.966149904
vn 0.242752353 -0.240381963 -0.939833925
vn 0.153101335 -0.149793912 -0.976791567
vn 0.193698602 -0.203895942 -0.959639149
vn 0.143227619 -0.284041865 -0.948053832
vn 0.237441617 -0.235857624 -0.942333624
vn 0.191133829 -0.223903364 -0.955685692
vn -0.053159825 -0.494017357 -0.867825376
vn 0.168524514 -0.180125221 -0.969099785
vn 0.074947592 -0.348817981 -0.934188886
vn 0.216077356 -0.237519074 -0.947045546
vn 0.205917488 -0.213786843 -0.954930979
vn 0.227981277 -0.243228270 -0.942796132
vn 0.106568020 -0.304144959 -0.946646239
vn 0.253836212 -0.207044975 -0.944827792
vn 0.211210899 -0.278415094 -0.936949834
vn 0.238981924 -0.257500371 -0.936259152
vn 0.144358668 -0.297366930 -0.943786779
vn 0.239636311 -0.261886468 -0.934874278
vn 0.152169869 -0.222948126 -0.962880296
vn -0.143296888 -0.518682637 -0.842872662
vn 0.235750587 -0.176216398 -0.955703637
vn 0.242526639 -0.183110167 -0.952707456
vn 0.184432369 -0.186790644 -0.964932099
vn 0.130692656 -0.279878655 -0.951097980
vn 0.239602344 -0.225150592 -0.944403477
vn 0.046031417 -0.400792082 -0.915011921
vn 0.232256094 -0.239608817 -0.942679543
vn -0.000265870 -0.422946986 -0.906154389
vn 0.202059820 -0.226162199 -0.952902140
vn 0.252686554 -0.254398553 -0.933504623
vn 0.096538818 -0.320895510 -0.942181685
vn 0.233042140 -0.238313691 -0.942813845
vn 0.181754375 -0.274892640 -0.944139494
vn -0.097803795 -0.463255778 -0.880811275
vn 0.225938971 -0.278319430 -0.933536221
vn 0.274391815 -0.167748698 -0.946873543
vn 0.217101218 -0.165251556 -0.962059761
vn 0.225890902 -0.231005876 -0.946366518
vn 0.030673751 -0.385043791 -0.922388422
vn 0.184564454 -0.259862917 -0.947843461
vn 0.250785101 -0.254947903 -0.933867442
vn 0.248146218 -0.212466508 -0.945135671
vn 0.191003239 -0.184732524 -0.964049613
vn 0.235492605 -0.144132854 -0.961128999
vn 0.005415620 -0.402563346 -0.915376111
vn 0.192751242 -0.223095748 -0.955549709
vn 0.059409162 -0.357033318 -0.932200494
vn 0.120871538 -0.278885172 -0.952687321
vn 0.211693143 -0.168847849 -0.962640336
vn 0.223520698 -0.282820399 -0.932765308
vn -0.146417861 -0.455586363 -0.878067694
vn 0.209067422 -0.197461930 -0.957757589
vn 0.088038727 -0.297639375 -0.950610322
vn 0.215065951 -0.328610110 -0.919653213
vn 0.275876512 -0.205292196 -0.939013985
vn -0.069577600 -0.411567826 -0.908719364
vn 0.044455455 -0.377852238 -0.924798031
vn 0.236957282 -0.198489317 -0.951027464
vn 0.168803135 -0.311536116 -0.935120714
vn 0.139119449 -0.295109565 -0.945280976
vn 0.023172673 -0.372189643 -0.927867392
vn 0.242667659 -0.257630541 -0.935274779
vn -0.038113864 -0.377870784 -0.925073513
vn 0.256258665 -0.278550961 -0.925602970
vn 0.129758216 -0.268925262 -0.954380432
vn 0.229781131 -0.167330005 -0.958749864
vn 0.263236562 -0.187684502 -0.946298600
vn 0.005102238 -0.353131774 -0.935559681
vn 0.200877498 -0.232730194 -0.951569697
vn 0.234026277 -0.288524564 -0.928431623
vn 0.245160220 -0.227369787 -0.942443339
vn 0.218213452 -0.229905322 -0.948433673
vn 0.119827040 -0.294869915 -0.947994311
vn 0.173799926 -0.259516989 -0.949970799
vn 0.087931225 -0.358140789 -0.929517765
vn 0.236241892 -0.252215596 -0.938390677
vn 0.296442300 -0.224822127 -0.928211708
vn 0.205904409 -0.233611356 -0.950278437
vn 0.204968714 -0.179569249 -0.962155243
vn 0.237963989 -0.274482060 -0.931682746
vn 0.070463932 -0.369137300 -0.926699783
vn 0.231960254 -0.197972737 -0.952366125
vn -0.117384156 -0.394489615 -0.911371990
vn 0.211651425 -0.367705336 -0.905536559
vn 0.242914438 -0.178847894 -0.953418065
vn -0.214866691 -0.406681510 -0.887942822
vn 0.179638151 -0.382830594 -0.906184788
vn 0.195163191 -0.253749978 -0.947376524
vn 0.233397738 -0.184020275 -0.954809947
vn 0.274380634 -0.255276170 -0.927118841
vn 0.235412266 -0.322968079 -0.916663889
vn 0.308558949 -0.408008727 -0.859255640
vn 0.158888790 -0.282444729 -0.946033471
vn 0.212562014 -0.223419617 -0.951262879
vn 0.248763346 -0.264404761 -0.931776218
vn 0.248497541 -0.197841339 -0.948212938
vn 0.224465851 -0.216664575 -0.950090282
vn 0.231327560 -0.194849601 -0.953163781
vn 0.037690602 -0.325330359 -0.944848970
vn 0.260850482 -0.243575557 -0.934145585
vn 0.247522798 -0.238770259 -0.939000121
vn 0.139401881 -0.357915751 -0.923289462
vn -0.047620245 -0.331578209 -0.942225134
vn 0.227429469 -0.204170948 -0.952150230
vn 0.203931352 -0.242187549 -0.948555320
vn 0.252282252 -0.193995976 -0.948008031
vn 0.229992596 -0.180710983 -0.956267194
vn 0.258743458 -0.239132558 -0.935877899
vn 0.226735236 -0.325157694 -0.918076036
vn -0.144894254 -0.308241388 -0.940208967
vn 0.097850164 -0.366658672 -0.925195527
vn 0.094521366 -0.171767835 -0.980592434
vn 0.261874254 -0.205243148 -0.943025517
vn 0.195949034 -0.220645670 -0.955468191
vn 0.093172750 -0.317598887 -0.943636469
vn 0.239809846 -0.268828404 -0.932857185
vn 0.187749341 -0.333898678 -0.923721742
vn 0.263445051 -0.249875787 -0.931750394
vn 0.202673706 -0.254964173 -0.945471649
vn 0.276735493 -0.242889768 -0.929742990
vn 0.054515082 -0.243215567 -0.968439102
vn 0.204882873 -0.235633410 -0.949999950
vn 0.240709281 -0.204355784 -0.948840216
vn -0.160530851 -0.355697795 -0.920711097
vn 0.245396641 -0.230657385 -0.941582529
vn 0.228248882 -0.214163236 -0.949756051
vn -0.241448269 -0.171129368 -0.955205461
vn 0.010283742 -0.262658116 -0.964834161
vn 0.058241676 -0.297130684 -0.953058898
vn 0.251870985 -0.157726888 -0.954821049
vn 0.143658388 -0.379246490 -0.914075690
vn 0.232504587 -0.166625702 -0.958215786
vn 0.104539711 -0.302258039 -0.947476399
vn 0.201626995 -0.276083846 -0.939746915
vn 0.206432025 -0.248395788 -0.946406547
vn 0.262441757 -0.240553540 -0.934482915
vn 0.218404626 -0.244122564 -0.944829928
vn -0.063698491 -0.220535319 -0.973296807
vn 0.243207737 -0.217493332 -0.945275964
vn 0.211294195 -0.266150989 -0.940488391
vn 0.284794051 -0.247130262 -0.926185177
vn 0.224470346 -0.193289184 -0.955119027
vn 0.133566060 -0.321619427 -0.937401222
vn 0.268495831 -0.267123253 -0.925502651
vn 0.166917006 -0.293783301 -0.941185468
vn 0.041767326 -0.264466312 -0.963490042
vn 0.253558862 -0.179433996 -0.950532138
vn 0.203307647 -0.259792538 -0.944020041
vn 0.262304114 -0.210243754 -0.941803651
vn -0.239458662 -0.216410092 -0.946480967
vn 0.025328123 -0.245021050 -0.969186861
vn 0.095267581 -0.240836987 -0.965878685
vn 0.217369427 -0.201914780 -0.954976939
vn -0.306236283 -0.119714220 -0.944398139
vn -0.036686638 -0.372473857 -0.927317269
vn -0.288500222 -0.055822292 -0.955851188
vn 0.175514395 -0.370580797 -0.912066100
vn 0.271131463 -0.205391415 -0.940373381
vn 0.251782642 -0.179227170 -0.951043176
vn 0.012566720 -0.275359680 -0.961259135
vn 0.258588501 -0.166963946 -0.951448910
vn 0.015258089 -0.228236287 -0.973486203
vn 0.182860401 -0.177640467 -0.966957051
vn 0.220367101 -0.186928890 -0.957337940
vn 0.225313045 -0.243859382 -0.943274421
vn 0.257201664 -0.244157470 -0.935005045
vn 0.226585787 -0.222257271 -0.948293513
vn 0.054621596 -0.234833179 -0.970499799
vn 0.177651816 -0.223827115 -0.958301234
vn 0.069716825 -0.233859805 -0.969767578
vn -0.138567240 -0.171371403 -0.975413226
vn 0.044144007 -0.226252403 -0.973067910
vn 0.204359377 -0.201018270 -0.958033872
vn 0.198286542 -0.250964115 -0.947470031
vn 0.277390251 -0.192834609 -0.941206387
vn 0.151011230 -0.233060387 -0.960665636
vn 0.177487918 -0.234118840 -0.955869451
vn 0.222218611 -0.219734665 -0.949913452
vn 0.215363972 -0.253827901 -0.942968587
vn 0.235660800 -0.112398046 -0.965313766
vn -0.077836606 -0.134068721 -0.987910442
vn 0.227548704 -0.164432678 -0.959783039
vn 0.064097414 -0.166885085 -0.983890690
vn 0.097462832 -0.231980844 -0.967825338
vn -0.301418919 0.021591384 -0.953247317
vn 0.269282363 -0.185021979 -0.945121091
vn 0.245832198 -0.172528257 -0.953834645
vn -0.004739539 -0.234086414 -0.972204242
vn 0.013138425 -0.253159229 -0.967335405
vn 0.016254811 -0.308374953 -0.951126001
vn 0.184707969 -0.205116251 -0.961150503
vn 0.290985115 -0.202878641 -0.934969475
vn -0.042054158 -0.323588107 -0.945263024
vn 0.101010662 -0.233096632 -0.967193262
vn -0.187442323 -0.051856295 -0.980905857
vn 0.155415624 -0.217394409 -0.963631493
vn 0.182719221 -0.174613993 -0.967534826
vn -0.036217699 -0.314362244 -0.948611964
vn 0.095289858 -0.186463937 -0.977829762
vn 0.241629668 -0.210831334 -0.947188076
vn 0.237731959 -0.246911351 -0.939424452
vn 0.298186752 -0.191032070 -0.935195920
vn 0.125522787 -0.192126871 -0.973309455
vn 0.025626458 -0.182065808 -0.982952352
vn 0.026135483 -0.068623965 -0.997300200
vn 0.116081736 -0.176829976 -0.977372084
vn 0.247951555 -0.186682263 -0.950615463
vn 0.229032869 -0.265033427 -0.936643597
vn 0.237047944 -0.214333225 -0.947559782
vn -0.213768061 -0.230566905 -0.949285056
vn -0.037406856 -0.052647858 -0.997912286
vn -0.013667003 -0.203890127 -0.978898375
vn 0.198357808 -0.176088044 -0.964182130
vn 0.142976449 -0.176491181 -0.973862720
vn 0.162459497 -0.173830495 -0.971282591
vn 0.273641148 -0.196496699 -0.941546371
vn -0.155874455 0.032909839 -0.987228493
vn 0.032376793 -0.170597406 -0.984808747
vn 0.090280221 -0.223429549 -0.970530122
vn -0.185145407 -0.368325743 -0.911074819
vn 0.248332047 -0.191081710 -0.949641498
vn 0.265786655 -0.174430749 -0.948119912
vn -0.069712637 -0.226974147 -0.971402535
vn -0.170391490 -0.200090790 -0.964847354
vn 0.236739084 -0.197450900 -0.951297928
vn 0.002025574 -0.043285735 -0.999060680
vn 0.224859389 -0.183270798 -0.957000559
vn 0.186284451 -0.152344450 -0.970612833
vn -0.072774349 -0.282823690 -0.956407159
vn 0.263232424 -0.224601399 -0.938223269
vn 0.108257698 -0.179901321 -0.977709459
vn 0.183499038 -0.177839755 -0.966799423
vn 0.100523394 -0.158175134 -0.982280853
vn -0.007701619 -0.032007856 -0.999457944
vn 0.118475301 -0.228581576 -0.966288811
vn 0.182275111 -0.191338738 -0.964450761
vn 0.267349977 -0.245548238 -0.931788631
vn 0.042236297 -0.054023006 -0.997646034
vn 0.264440458 -0.190172576 -0.945465830
vn -0.117791819 -0.301800337 -0.946066406
vn 0.034101270 -0.173467801 -0.984248965
vn 0.258080470 -0.145638547 -0.955083182
vn 0.219512197 -0.178555487 -0.959131030
vn 0.131958047 -0.242552250 -0.961121990
vn -0.030137288 -0.214110363 -0.976344456
vn 0.208679956 -0.148510355 -0.966642307
vn 0.120395817 -0.168570726 -0.978309132
vn 0.095613736 -0.174524152 -0.979999660
vn -0.168339713 -0.370422394 -0.913481796
vn 0.102129996 -0.260710093 -0.959999850
vn -0.003416856 0.055128776 -0.998473406
vn 0.241937895 -0.245013608 -0.938847371
vn -0.036433514 0.003699482 -0.999329231
vn -0.159958653 -0.363085069 -0.917922906
vn -0.023037483 -0.212423913 -0.976906012
vn 0.249824693 -0.203617863 -0.946640052
vn 0.161802513 -0.179633709 -0.970335858
vn 0.117198312 -0.190730860 -0.974621103
vn 0.061894846 -0.103922363 -0.992657630
vn 0.119120952 -0.167710452 -0.978613000
vn 0.117201225 -0.176543318 -0.977290300
vn 0.136472108 -0.080349802 -0.987380004
vn 0.034215295 -0.000806263 -0.999414160
vn 0.217690259 -0.209929788 -0.953173875
vn -0.091724742 -0.357707263 -0.929318076
vn -0.108233127 -0.332892277 -0.936732791
vn 0.155989168 -0.265568986 -0.951388718
vn 0.213311185 -0.220694555 -0.951731187
vn 0.153394817 -0.147203982 -0.977139201
vn 0.085997103 -0.025927413 -0.995957965
vn -0.010818278 -0.208440077 -0.977975306
vn 0.107392522 -0.089872907 -0.990146306
vn 0.113430050 -0.191189831 -0.974976960
vn 0.208446615 -0.190096409 -0.959381761
vn 0.053161474 -0.191882050 -0.979977110
vn 0.144019580 -0.164835491 -0.975749774
vn 0.011489357 -0.256929288 -0.966361907
vn 0.112809026 -0.108849673 -0.987636508
vn 0.260978393 -0.218122188 -0.940379173
vn 0.099240580 -0.153932783 -0.983084943
vn 0.281130103 -0.177560721 -0.943100236
vn 0.013345287 -0.238479482 -0.971055838
vn 0.100225884 -0.147651359 -0.983948092
vn 0.016304642 -0.229027879 -0.973283304
vn 0.169101544 -0.192844678 -0.966548291
vn 0.123912276 -0.189242593 -0.974080586
vn 0.173702190 -0.150927631 -0.973164117
vn 0.165325988 -0.233234535 -0.958263518
vn -0.124392935 -0.389279674 -0.912681616
vn 0.144874759 -0.174943313 -0.973861459
vn 0.335313485 -0.169834756 -0.926672014
vn 0.132883609 0.001168503 -0.991130961
vn 0.141185158 -0.195698896 -0.970447677
vn 0.143955687 -0.254771813 -0.956225958
vn 0.188795393 -0.180019167 -0.965375263
vn -0.096530437 -0.373931156 -0.922419300
vn 0.205043207 -0.240603572 -0.948718717
vn 0.222028257 -0.058726740 -0.973270067
vn 0.109448578 -0.198498495 -0.973970922
vn 0.144294807 -0.155389378 -0.977257975
vn 0.012239512 -0.253524904 -0.967251424
vn 0.145391602 -0.129548139 -0.980856035
vn -0.103055410 -0.360710961 -0.926966658
vn -0.063500654 -0.316330041 -0.946521512
vn 0.176569501 0.004153063 -0.984279413
vn 0.151691045 -0.153616916 -0.976417774
vn 0.124169955 -0.140689075 -0.982236431
vn 0.210772726 -0.184448787 -0.959975782
vn 0.151752467 -0.152807814 -0.976535182
vn 0.196386994 -0.249050347 -0.948370219
vn 0.169388193 -0.205101407 -0.963971500
vn 0.165613078 -0.268910171 -0.948820124
vn 0.168856106 -0.180334981 -0.969003050
vn 0.255657386 -0.150833815 -0.954928511
vn 0.184317275 -0.171230324 -0.967836411
vn 0.044026096 -0.242979504 -0.969031818
vn 0.117658161 -0.265033945 -0.957033733
vn 0.169926240 -0.179746278 -0.968925358
vn 0.160395265 -0.206306552 -0.965251763
vn 0.146714559 -0.205801366 -0.967533274
vn 0.242388560 -0.080612004 -0.966824436
vn 0.158049085 -0.162193828 -0.974019327
vn 0.026758442 -0.247948301 -0.968403648
vn 0.168360346 -0.200281897 -0.965164212
vn 0.158543986 -0.182970504 -0.970250277
vn 0.156106714 -0.225907681 -0.961559366
vn 0.088390382 -0.239302258 -0.966913424
vn 0.153078788 -0.147125850 -0.977200527
vn 0.207438258 -0.107999352 -0.972268229
vn -0.121916815 -0.375954675 -0.918582807
vn 0.242755882 -0.170059011 -0.955065189
vn 0.187762187 -0.106905691 -0.976379298
vn 0.165417765 -0.259109488 -0.951577236
vn 0.235293333 -0.050519088 -0.970610565
vn 0.195537153 -0.173311814 -0.965260709
vn -0.150187481 -0.348426642 -0.925225700
vn 0.295198039 -0.081576823 -0.951947131
vn 0.209925727 -0.157893013 -0.964883923
vn 0.226357047 -0.213905382 -0.950266791
vn 0.194633324 -0.243268760 -0.950230593
vn 0.163771162 -0.202388460 -0.965514328
vn 0.141918383 -0.239001455 -0.960592253
vn 0.004364719 -0.278355159 -0.960468300
vn 0.215974940 -0.221899495 -0.950849851
vn 0.173415695 -0.230280624 -0.957547822
vn 0.055239896 -0.281307983 -0.958026290
vn 0.068618611 -0.267828726 -0.961019906
vn 0.152447460 -0.217154591 -0.964159559
vn -0.054772235 -0.374985768 -0.925411085
vn 0.081148020 -0.265419267 -0.960712034
vn 0.234518498 -0.191747921 -0.953013016
vn 0.204084362 -0.226257078 -0.952448060
vn 0.190280540 -0.121881873 -0.974134552
vn -0.117088996 -0.434593991 -0.892982771
vn 0.224064446 -0.100271697 -0.969402244
vn 0.247524650 -0.141254377 -0.958529472
vn 0.177227275 -0.217082171 -0.959930114
vn 0.261977946 -0.190901354 -0.946004349
vn -0.158688783 -0.370048780 -0.915358820
vn 0.172636583 -0.203436623 -0.963747970
vn 0.354005336 -0.074874237 -0.932241423
vn 0.242110197 -0.242859458 -0.939362516
vn 0.227748758 -0.133475262 -0.964528308
vn -0.204688182 -0.405968929 -0.890669398
vn 0.185853514 -0.169010452 -0.967932817
vn 0.137187747 -0.230436953 -0.963368223
vn 0.037036496 -0.302004373 -0.952586824
vn 0.249525894 -0.225456556 -0.941756959
vn 0.039330243 -0.337001922 -0.940682113
vn 0.219895606 -0.275590600 -0.935786163
vn 0.264173643 -0.226955322 -0.937391897
vn 0.117282094 -0.292148710 -0.949154383
vn 0.255278035 -0.231865191 -0.938654174
vn 0.173057859 -0.269823490 -0.947230839
vn 0.069899488 -0.305260613 -0.949699963
vn 0.122881181 -0.266112978 -0.956077454
vn 0.212366194 -0.206721368 -0.955074278
vn 0.383012400 -0.157890307 -0.910149522
vn 0.386332800 -0.215612650 -0.896804412
vn 0.161306933 -0.215406748 -0.963109550
vn 0.247567219 -0.191164479 -0.949824517
vn 0.156181302 -0.184897939 -0.970268083
vn 0.261275361 -0.270436763 -0.926606250
vn 0.112628946 -0.169656355 -0.979046190
vn 0.189142188 -0.205489497 -0.960207946
vn 0.310893647 -0.252967623 -0.916161842
vn -0.124659437 -0.477775220 -0.869592355
vn 0.200039737 -0.232318746 -0.951846681
vn 0.293477095 -0.201100383 -0.934574679
vn 0.075135649 -0.318989190 -0.944775386
vn -0.051389810 -0.494520109 -0.867645636
vn 0.291314403 -0.255918872 -0.921759974
vn -0.150523323 -0.500040800 -0.852819985
vn 0.219353711 -0.248150637 -0.943559861
vn 0.097153493 -0.321074810 -0.942057411
vn 0.281665172 -0.172627030 -0.943856260
vn 0.313104709 -0.259600495 -0.913549683
vn 0.216240356 -0.281347976 -0.934924288
vn 0.124141329 -0.173891997 -0.976908647
vn 0.277793793 -0.217437965 -0.935709004
vn 0.163749740 -0.176608240 -0.970564553
vn 0.417684521 -0.150469549 -0.896046068
vn 0.381204330 -0.192708478 -0.904182892
vn 0.454610209 -0.353658210 -0.817468916
vn 0.139699985 -0.184966692 -0.972764739
vn 0.228311366 -0.153009089 -0.961489542
vn 0.202293911 -0.223832232 -0.953402489
vn -0.042073270 -0.595006132 -0.802619177
vn 0.274272231 -0.256863991 -0.926712271
vn 0.370279890 -0.254526459 -0.893369512
vn 0.156230720 -0.240443029 -0.958007887
vn 0.026999734 -0.399755862 -0.916223916
vn 0.487869845 -0.273940955 -0.828818055
vn 0.189853783 -0.240416366 -0.951922009
vn -0.076241238 -0.574100723 -0.815227351
vn 0.157045312 -0.202792045 -0.966546510
vn 0.280780589 -0.270347364 -0.920909639
vn 0.156772744 -0.188265112 -0.969524912
vn 0.399261272 -0.326798765 -0.856617186
vn 0.132631548 -0.247077630 -0.959875782
vn 0.281358284 -0.326801351 -0.902240762
vn 0.501994155 -0.359658987 -0.786541341
vn 0.212122859 -0.292992783 -0.932287038
vn 0.321962336 -0.308944979 -0.894926396
vn 0.064043573 -0.357563055 -0.931690443
vn 0.502305496 -0.473810786 -0.723320488
vn 0.168686002 -0.240693926 -0.955830250
vn 0.097170110 -0.283470716 -0.954045242
vn 0.217153749 -0.289746971 -0.932143198
vn 0.067113042 -0.317736003 -0.945801074
vn -0.016463146 -0.465877489 -0.884696066
vn 0.315735615 -0.282086985 -0.905945889
vn 0.195085884 -0.283870502 -0.938807241
vn 0.317059599 -0.292970783 -0.902020693
vn 0.038957894 -0.114464067 -0.992663216
vn 0.515439491 -0.240135064 -0.822591808
vn 0.205161789 -0.191622306 -0.959786191
vn 0.328454413 -0.175440688 -0.928083112
vn 0.137350032 -0.222715273 -0.965159508
vn 0.189591255 -0.216861737 -0.957614820
vn 0.526187230 -0.249869146 -0.812829877
vn 0.166955177 -0.183821788 -0.968677201
vn 0.179418593 -0.269800596 -0.946053174
vn -0.182028586 -0.562481041 -0.806523820
vn 0.293847216 -0.270442279 -0.916795936
vn 0.287967922 -0.254451377 -0.923216644
vn 0.137827440 -0.222932809 -0.965041222
vn 0.094918069 -0.320660382 -0.942426379
vn 0.282501193 -0.300876534 -0.910860246
vn 0.113350040 -0.238686751 -0.964458606
vn 0.172898448 -0.292750686 -0.940427117
vn 0.341039332 -0.091909174 -0.935545230
vn 0.349837548 -0.248705527 -0.903193916
vn 0.180398629 -0.534653441 -0.825591929
vn 0.423302679 -0.420575572 -0.802453133
vn 0.387664840 -0.356131940 -0.850227036
vn 0.004111719 -0.381916180 -0.924187819
vn 0.529418565 -0.394055949 -0.751289486
vn 0.092837809 -0.347248822 -0.933166329
vn 0.177191187 -0.180084382 -0.967560282
vn 0.461295966 -0.263011526 -0.847367080
vn 0.268922288 -0.283514953 -0.920489041
vn -0.137722716 -0.531370959 -0.835869223
vn 0.546392802 -0.311929378 -0.777274063
vn 0.222126591 -0.217600621 -0.950426087
vn 0.315318236 -0.268248492 -0.910284108
vn 0.155251340 -0.187233849 -0.969969333
vn 0.351161599 -0.303894699 -0.885626074
vn -0.235983583 -0.492285284 -0.837834678
vn 0.338787101 -0.277253990 -0.899084826
vn 0.182037979 -0.219035410 -0.958585241
vn 0.171491033 -0.185159827 -0.967629404
vn 0.142876926 -0.269246863 -0.952413939
vn 0.068550177 -0.301153487 -0.951108538
vn 0.120228150 -0.262662500 -0.957368060
vn 0.436922546 -0.498684112 -0.748607270
vn 0.122147536 -0.304284138 -0.944717494
vn 0.262412543 -0.296938857 -0.918132328
vn -0.100463601 -0.477053175 -0.873113585
vn 0.186279088 -0.497296943 -0.847346359
vn -0.090477323 -0.383547736 -0.919078336
vn 0.527649266 -0.446088850 -0.722904551
vn 0.183543832 -0.303472492 -0.934995245
vn 0.210039056 -0.260695135 -0.942295942
vn 0.149753657 -0.209238605 -0.966329679
vn 0.387981762 -0.373463234 -0.842612227
vn 0.000053321 -0.448305708 -0.893880299
vn 0.102994331 -0.287210510 -0.952314177
vn 0.507953391 -0.409852478 -0.757630714
vn 0.375929658 -0.290113170 -0.880063203
vn 0.270266166 -0.389216826 -0.880605736
vn 0.452151054 -0.303700024 -0.838645169
vn 0.163537498 -0.293481325 -0.941872708
vn -0.349071084 -0.638372273 -0.686024941
vn 0.167492945 -0.184569484 -0.968442161
vn 0.185296507 -0.279427775 -0.942117468
vn 0.465351824 -0.345153517 -0.815056274
vn 0.548430200 -0.350643037 -0.759126983
vn 0.189240975 -0.295328683 -0.936466135
vn 0.158824047 -0.233268884 -0.959354236
vn 0.184318650 -0.210209498 -0.960124264
vn 0.590288769 -0.397353651 -0.702616001
vn -0.135228779 -0.710514026 -0.690567156
vn 0.394147592 -0.303333720 -0.867546154
vn 0.324788612 -0.322543607 -0.889088285
vn -0.064098633 -0.551133414 -0.831951516
vn 0.290538114 -0.536700665 -0.792174224
vn 0.208011138 -0.253803786 -0.944624266
vn -0.076766839 -0.506013009 -0.859102839
vn 0.164460784 -0.238544395 -0.957104604
vn 0.268245504 -0.325063768 -0.906850537
vn 0.126045138 -0.308274296 -0.942910166
vn 0.465905323 -0.419842777 -0.778886559
vn 0.540956982 -0.479919732 -0.690682701
vn 0.488903203 -0.385058401 -0.782753911
vn 0.149252864 -0.295850044 -0.943502164
vn 0.153072477 -0.315462567 -0.936510644
vn 0.137611652 -0.238491662 -0.961345287
vn -0.070302179 -0.698208950 -0.712433762
vn 0.394226230 -0.351553295 -0.849114810
vn 0.094082022 -0.381154543 -0.919711796
vn 0.407274156 -0.387839801 -0.826866404
vn 0.572813401 -0.295958560 -0.764390828
vn 0.171450041 -0.198724375 -0.964942230
vn 0.464647434 -0.385280500 -0.797283951
vn 0.140635887 -0.269981632 -0.952539483
vn 0.193364994 -0.324950636 -0.925752161
vn -0.090822793 -0.779106594 -0.620277466
vn 0.424579872 -0.321190139 -0.846503885
vn 0.407610240 -0.368640923 -0.835438665
vn 0.200640768 -0.281816329 -0.938255210
vn 0.017749516 -0.522934376 -0.852188121
vn 0.184676247 -0.236102512 -0.954017970
vn 0.379025098 -0.285761233 -0.880159357
vn 0.164439155 -0.253127350 -0.953355290
vn 0.223496258 -0.191154633 -0.955776820
vn 0.195919634 -0.290484602 -0.936607812
vn 0.545266955 -0.371214108 -0.751587675
vn 0.142361991 -0.610416868 -0.779181821
vn 0.334114309 -0.348085513 -0.875901881
vn 0.416447633 -0.451846896 -0.788926962
vn 0.180339881 -0.257672109 -0.949253713
vn 0.387006480 -0.342245301 -0.856209168
vn 0.322319383 -0.337275768 -0.884508492
vn 0.152327790 -0.324013900 -0.933708326
vn 0.061554379 -0.484523647 -0.872609818
vn 0.125641410 -0.311054955 -0.942050450
vn 0.126393917 -0.268263796 -0.955017860
vn 0.552869734 -0.349707219 -0.756333205
vn 0.062287859 -0.656177652 -0.752031323
vn 0.335704560 -0.147843018 -0.930292906
vn 0.182095438 -0.298172466 -0.936981554
vn 0.361113566 -0.328647239 -0.872690085
vn 0.207128543 -0.203672723 -0.956877834
vn 0.417985184 -0.385037575 -0.822821033
vn 0.127399091 -0.571316486 -0.810781688
vn 0.359145835 -0.353739286 -0.863645058
vn 0.191742310 -0.370779870 -0.908711822
vn 0.225771156 -0.331509824 -0.916039640
vn 0.117770105 -0.575943628 -0.808961767
vn 0.167238036 -0.216515502 -0.961848469
vn 0.339690559 -0.330160077 -0.880684193
vn 0.003210634 -0.791947126 -0.610581232
vn 0.141587893 -0.265868447 -0.953554842
vn 0.459337903 -0.513100630 -0.725076848
vn 0.542969166 -0.299127252 -0.784670231
vn 0.014726978 -0.673985051 -0.738598177
vn 0.152952856 -0.397389905 -0.904813068
vn 0.236702436 -0.223952598 -0.945419055
vn 0.253554061 -0.350762569 -0.901485418
vn 0.205620813 -0.316003526 -0.926208320
vn 0.610349125 -0.347399733 -0.711889999
vn 0.214545983 -0.289959997 -0.932680664
vn 0.485043690 -0.277981779 -0.829131322
vn 0.395910262 -0.406327860 -0.823500294
vn 0.177555586 -0.261250703 -0.948800339
vn 0.161434419 -0.307646878 -0.937705885
vn 0.329269672 -0.503648165 -0.798698948
vn 0.190848110 -0.362151691 -0.912372266
vn 0.345135174 -0.365430749 -0.864489491
vn 0.358679354 -0.235033155 -0.903387258
vn 0.155675272 -0.276755853 -0.948246491
vn 0.149535564 -0.255221693 -0.955249184
vn 0.378695597 -0.385666727 -0.841338708
vn 0.170821368 -0.481655662 -0.859550978
vn 0.155014918 -0.280244327 -0.947329664
vn 0.537372168 -0.313565491 -0.782884306
vn 0.255693465 -0.352236085 -0.900305833
vn 0.209702924 -0.285975380 -0.935009500
vn 0.568452462 -0.440164158 -0.695066409
vn 0.162421944 -0.691666296 -0.703716453
vn 0.284255892 -0.208716826 -0.935754174
vn 0.372262904 -0.787139932 -0.491763213
vn 0.163828708 -0.577277271 -0.799944440
vn 0.128649460 -0.275055599 -0.952782102
vn 0.251006055 -0.285444356 -0.924941879
vn 0.248379555 -0.179394128 -0.951906163
vn 0.156405391 -0.433355882 -0.887547201
vn 0.233020708 -0.399142293 -0.886784517
vn 0.352568467 -0.255262156 -0.900298122
vn 0.201518958 -0.361642936 -0.910277154
vn 0.093222288 -0.630331499 -0.770708639
vn 0.262227776 -0.373029570 -0.889991873
vn 0.175696888 -0.215635431 -0.960537331
vn 0.261319104 -0.648660174 -0.714809279
vn 0.202193998 -0.267712875 -0.942044268
vn 0.213425101 -0.388777610 -0.896270995
vn 0.360712748 -0.383978666 -0.849968645
vn 0.196172182 -0.334471499 -0.921762058
vn 0.227719132 -0.200338417 -0.952894808
vn 0.297191331 -0.138994036 -0.944647008
vn 0.348462797 -0.285957994 -0.892637499
vn 0.187952436 -0.292999120 -0.937456878
vn 0.246234202 -0.356698025 -0.901185462
vn 0.111411760 -0.250669598 -0.961640355
vn 0.612554394 -0.423082624 -0.667666239
vn 0.437413906 -0.518914054 -0.734436709
vn 0.672132410 -0.220762843 -0.706754406
vn 0.514925191 -0.294344595 -0.805116952
vn 0.602840162 -0.552510285 -0.575600663
vn 0.207370385 -0.308337874 -0.928399310
vn 0.250169018 -0.016556362 -0.968060612
vn 0.197456422 -0.519252092 -0.831497580
vn 0.106354278 -0.247540027 -0.963022691
vn 0.235779101 -0.290340694 -0.927421424
vn 0.242970922 -0.732348961 -0.636105440
vn 0.257041764 -0.270784044 -0.927688274
vn 0.557800089 -0.441249651 -0.702963588
vn 0.220622069 -0.462866051 -0.858534170
vn 0.112498838 -0.245413291 -0.962868801
vn 0.251792577 -0.132782993 -0.958628799
vn 0.338729628 -0.439512345 -0.831920151
vn 0.352254637 -0.418753244 -0.836996052
vn 0.186834430 -0.650377398 -0.736275856
vn 0.221040101 -0.314407860 -0.923194980
vn 0.655536700 -0.446463938 -0.609049742
vn 0.282627661 -0.593312449 -0.753725377
vn 0.560685235 -0.280563413 -0.779048290
vn 0.220883225 -0.414850380 -0.882671945
vn 0.524839098 -0.387185638 -0.758044328
vn 0.425731678 -0.579994019 -0.694521040
vn 0.205796669 -0.203144855 -0.957277336
vn 0.209996701 -0.167162799 -0.963305758
vn 0.584628348 -0.562951941 -0.584204422
vn 0.157318525 -0.575882163 -0.802253461
vn 0.369177071 -0.749872073 -0.548999239
vn 0.704844782 -0.313502968 -0.636325170
vn 0.645250043 -0.228276995 -0.729069267
vn 0.204551818 -0.241037565 -0.948714628
vn 0.141693341 -0.336080849 -0.931113666
vn 0.221225513 0.136523163 -0.965619334
vn 0.107919825 -0.328744456 -0.938232591
vn 0.442366111 -0.468833269 -0.764530960
vn 0.192101447 -0.569617624 -0.799145041
vn 0.261578354 -0.034123331 -0.964578853
vn 0.750205280 -0.181062958 -0.635931005
vn 0.222343704 -0.292981774 -0.929905886
vn 0.242610668 -0.301748543 -0.922002105
vn 0.541241564 0.044068675 -0.839711570
vn 0.108274102 -0.232834031 -0.966470399
vn 0.718222896 -0.269284032 -0.641593315
vn 0.199949370 -0.506841675 -0.838529526
vn 0.251313915 -0.283587618 -0.925429294
vn 0.260886367 -0.421057519 -0.868705283
vn 0.348949090 -0.448725594 -0.822727096
vn 0.559676365 -0.535171312 -0.632735358
vn 0.542204639 -0.532467131 -0.649994527
vn 0.113983265 0.035112541 -0.992861987
vn 0.385471751 -0.512006751 -0.767633126
vn 0.800427693 -0.199223893 -0.565354180
vn 0.323828339 -0.517054610 -0.792331835
vn 0.110573936 -0.425510902 -0.898172521
vn 0.744812723 -0.193325286 -0.638654320
vn 0.157906804 -0.222740535 -0.962004208
vn 0.231946262 -0.169726999 -0.957806701
vn 0.710312634 -0.437900566 -0.551088973
vn 0.298963975 -0.517800642 -0.801562872
vn -0.187876103 0.276490475 -0.942473123
vn 0.229249893 -0.355148981 -0.906263586
vn 0.199404127 -0.429340502 -0.880854544
vn 0.164373213 -0.592066847 -0.788947588
vn 0.382711683 -0.472969010 -0.793619608
vn 0.184734569 -0.419169805 -0.888914964
vn 0.257362163 -0.403660295 -0.877965308
vn 0.250851142 -0.119263181 -0.960650820
vn 0.550257158 -0.632994517 -0.544550275
vn 0.289608014 -0.496881886 -0.818068206
vn 0.442584601 -0.572773129 -0.689963632
vn 0.199135438 -0.458305767 -0.866199112
vn 0.125446599 -0.354666759 -0.926539066
vn 0.778702225 -0.470164167 -0.415413651
vn 0.115911655 -0.313870744 -0.942363860
vn 0.439955943 -0.693974379 -0.569945900
vn 0.147980330 -0.396724071 -0.905931473
vn 0.524488998 -0.470500414 -0.709605983
vn 0.220041104 -0.210166594 -0.952581711
vn 0.163997429 0.494041502 -0.853831270
vn 0.213070762 -0.176842456 -0.960899368
vn 0.783621292 -0.142026309 -0.604786077
vn 0.233422737 -0.283984649 -0.929982013
vn 0.612713158 -0.646924782 -0.453950342
vn 0.228990683 -0.255471877 -0.939306865
vn 0.683646111 -0.640556468 -0.349736195
vn 0.436372663 0.332670331 -0.836007984
vn 0.698304067 -0.496899002 -0.515230834
vn 0.270165589 -0.538187993 -0.798350949
vn 0.141338258 -0.264205210 -0.954054036
vn 0.242115031 -0.285999636 -0.927137811
vn 0.813133706 -0.414151505 -0.409013577
vn 0.201601220 -0.440102747 -0.875023726
vn 0.652286822 -0.704221039 -0.280347339
vn 0.118091617 -0.392460385 -0.912156355
vn 0.130991709 0.626560835 -0.768285554
vn 0.188282326 -0.189144156 -0.963729347
vn 0.027195769 0.612959893 -0.789645844
vn 0.182174489 -0.478785955 -0.858822720
vn 0.596267072 -0.249959791 -0.762879861
vn 0.463475540 -0.753312301 -0.466595114
vn 0.508581442 0.005454206 -0.860996613
vn 0.282891370 -0.341754229 -0.896201160
vn 0.416721830 -0.491263233 -0.764855118
vn 0.194965280 -0.516356287 -0.833885318
vn 0.280283860 -0.298137792 -0.912444417
vn 0.384664727 -0.462168629 -0.799020154
vn 0.229663390 -0.509471149 -0.829273101
vn 0.144847741 -0.440945046 -0.885768931
vn 0.302413390 -0.599853988 -0.740757271
vn 0.214927826 -0.452554156 -0.865448303
vn 0.529111967 -0.034624271 -0.847845320
vn 0.234071564 -0.164760580 -0.958156801
vn 0.260167927 -0.145776082 -0.954495670
vn 0.760978536 -0.441739866 -0.475160561
vn 0.305243108 -0.494662341 -0.813717281
vn 0.120375028 -0.375075025 -0.919145570
vn 0.688945929 -0.255089379 -0.678441535
vn 0.516244429 -0.705874054 -0.485008772
vn 0.324190946 -0.678244450 -0.659457881
vn 0.128857020 -0.238103116 -0.962654026
vn 0.192446836 -0.830989769 -0.521938903
vn 0.243806806 -0.204182354 -0.948086392
vn 0.237104153 -0.258314477 -0.936512281
vn 0.137464181 -0.341178600 -0.929892876
vn 0.121426140 -0.413435099 -0.902400749
vn 0.144627838 0.390807290 -0.909039301
vn 0.676756001 -0.399892456 -0.618132137
vn 0.256159232 -0.279401297 -0.925374175
vn 0.575868955 0.069405092 -0.814590621
vn 0.370446790 -0.576395389 -0.728380073
vn 0.275378309 -0.285940109 -0.917826259
vn 0.194812636 -0.485394178 -0.852314806
vn 0.334996398 -0.665606833 -0.666892013
vn 0.241991022 -0.200450521 -0.949347109
vn 0.241615384 -0.141290066 -0.960030793
vn 0.228398621 -0.528644364 -0.817538505
vn 0.314477924 -0.305074749 -0.898906577
vn 0.144029067 -0.481157467 -0.864721412
vn 0.174300265 -0.191797681 -0.965832836
vn 0.303655259 0.146362120 -0.941473108
vn 0.277039970 -0.471492534 -0.837223773
vn 0.238786647 -0.617095330 -0.749782829
vn 0.265138391 -0.149759091 -0.952509238
vn 0.083737710 -0.373813837 -0.923715980
vn 0.085266079 -0.298999852 -0.950436102
vn 0.109803833 -0.244576838 -0.963392593
vn 0.142585331 -0.470657295 -0.870718746
vn 0.332448959 -0.742267541 -0.581821783
vn 0.288257480 -0.393092159 -0.873147284
vn 0.329286863 -0.554593236 -0.764196640
vn 0.222372051 0.312943913 -0.923372502
vn 0.322758416 -0.552722097 -0.768326291
vn 0.266133155 -0.230747435 -0.935910661
vn 0.320009574 -0.768751013 -0.553728952
vn 0.075655382 -0.329415535 -0.941149121
vn 0.309062339 -0.511688438 -0.801657915
vn 0.148410854 -0.433487079 -0.888854977
vn 0.273753549 -0.216840723 -0.937037403
vn 0.314524890 -0.288747950 -0.904266949
vn 0.265299549 -0.257658479 -0.929100779
vn 0.263581304 -0.836800563 -0.479885105
vn 0.230972460 -0.151067863 -0.961160873
vn 0.315316542 -0.272148701 -0.909126264
vn 0.338598398 -0.324753327 -0.883111772
vn 0.310894756 -0.701065368 -0.641756808
vn 0.405962690 -0.494068097 -0.768824433
vn 0.107893272 -0.429569538 -0.896565142
vn 0.290974827 -0.182247935 -0.939212085
vn 0.344353503 -0.287093203 -0.893866969
vn 0.344133436 -0.456990499 -0.820202330
vn 0.174931431 -0.500199654 -0.848056189
vn 0.272633626 -0.107199172 -0.956127211
vn 0.316463620 -0.724605465 -0.612207234
vn 0.063262763 -0.340007543 -0.938292435
vn 0.207324282 -0.612476945 -0.762816252
vn -0.002032632 -0.909846822 -0.414939307
vn 0.178552374 -0.500852998 -0.846915181
vn 0.296010591 -0.229357744 -0.927239319
vn 0.407346128 -0.504335873 -0.761389821
vn 0.191026767 -0.213392414 -0.958108789
vn 0.296267093 -0.741462938 -0.602045281
vn 0.411219506 -0.719783939 -0.559293840
vn 0.297034914 -0.786377536 -0.541646223
vn 0.263072247 -0.513838275 -0.816555705
vn 0.176231026 -0.568816650 -0.803361839
vn 0.311754494 -0.249861756 -0.916721462
vn 0.113388622 -0.274240861 -0.954952863
vn 0.364668998 -0.412428214 -0.834817040
vn 0.122270204 -0.842247312 -0.525042344
vn 0.302343187 -0.492621351 -0.816034804
vn 0.335809879 -0.287197748 -0.897078134
vn 0.192309803 -0.742644282 -0.641479859
vn 0.061630661 -0.496105833 -0.866071974
vn 0.210825410 -0.508541584 -0.834828188
vn 0.345390991 -0.433595488 -0.832286018
vn 0.050611671 -0.330018945 -0.942616547
vn 0.032230140 -0.430443986 -0.902041680
vn 0.179365125 -0.505535037 -0.843956443
vn 0.313481465 -0.126581187 -0.941119851
vn 0.051447273 -0.360501537 -0.931338725
vn 0.324844596 -0.404233264 -0.855027167
vn 0.356947965 -0.301290896 -0.884201304
vn 0.281993932 -0.651722347 -0.704086220
vn 0.062394080 -0.510327573 -0.857713674
vn 0.146712138 -0.201376783 -0.968464217
vn 0.205842832 -0.155448565 -0.966159652
vn 0.319051749 -0.244886036 -0.915552735
vn 0.134874922 -0.778935942 -0.612427591
vn 0.337675740 -0.554953477 -0.760264252
vn 0.350027652 -0.276808161 -0.894906635
vn 0.350984815 -0.463990801 -0.813340148
vn 0.197827144 -0.714924058 -0.670632546
vn 0.337358094 -0.252339687 -0.906925685
vn 0.258529922 -0.107288324 -0.960026820
vn 0.187353064 -0.720771788 -0.667373103
vn 0.342370083 -0.263957355 -0.901725702
vn -0.004824303 -0.476797894 -0.878999712
vn 0.363538484 -0.765115666 -0.531448764
vn 0.366828751 -0.407695659 -0.836194306
vn 0.128128846 -0.653675357 -0.745849533
vn 0.358418790 -0.345678267 -0.867203844
vn 0.393008635 -0.497831522 -0.773115766
vn 0.470395390 -0.361467425 -0.805027626
vn 0.015281146 -0.379607189 -0.925021550
vn 0.326285798 -0.054491348 -0.943699248
vn -0.043015810 -0.881017057 -0.471124809
vn 0.064372189 -0.287660602 -0.955566638
vn 0.377837699 -0.260020380 -0.888610193
vn 0.058103603 -0.514554591 -0.855486729
vn 0.141235897 -0.583386695 -0.799820221
vn 0.150206719 -0.693838538 -0.704291150
vn 0.322886761 -0.238910161 -0.915787134
vn 0.326759395 -0.183793360 -0.927064344
vn 0.154961292 -0.642219904 -0.750693408
vn 0.305105316 -0.247945454 -0.919474740
vn 0.105729916 -0.701940791 -0.704343887
vn 0.229658799 -0.076274593 -0.970277807
vn -0.019321337 -0.516108842 -0.856305056
vn -0.017872481 -0.451999632 -0.891839059
vn 0.571621394 -0.494675684 -0.654633447
vn 0.341462899 -0.080299906 -0.936458762
vn 0.391199605 -0.385715241 -0.835575623
vn 0.204482921 -0.632292974 -0.747256536
vn 0.172901407 -0.142582730 -0.974564143
vn 0.349213889 -0.227275751 -0.909062920
vn 0.456279669 -0.455717597 -0.764284198
vn 0.429458041 -0.300931928 -0.851472704
vn 0.471034791 -0.555374892 -0.685335652
vn 0.360623859 -0.256487353 -0.896752290
vn 0.118278886 -0.718530192 -0.685364478
vn 0.021795736 -0.583321226 -0.811949071
vn -0.004143093 -0.371541448 -0.928407123
vn 0.086189033 -0.603360524 -0.792797281
vn 0.384559658 -0.269985176 -0.882735450
vn 0.299766531 -0.160609982 -0.940395906
vn 0.132240796 -0.515417409 -0.846674239
vn 0.099418573 -0.703002434 -0.704204179
vn 0.114035294 -0.200369152 -0.973061229
vn 0.351272397 -0.013464063 -0.936176491
vn 0.297482182 -0.753502707 -0.586291755
vn 0.318001750 -0.006319983 -0.948069061
vn 0.313677694 -0.211995650 -0.925561532
vn 0.355487812 -0.221123796 -0.908147941
vn 0.461880575 -0.379942703 -0.801442372
vn 0.543024031 -0.372686046 -0.752482567
vn 0.213346702 -0.714669501 -0.666131136
vn 0.047578792 -0.293743491 -0.954699440
vn -0.047435446 -0.473111150 -0.879724797
vn 0.218270068 -0.714839824 -0.664350964
vn 0.324458916 -0.182903993 -0.928047704
vn 0.178852194 -0.598119201 -0.781194799
vn -0.042838830 -0.570823062 -0.819954796
vn 0.443958413 -0.230974605 -0.865766515
vn 0.109553523 -0.749234627 -0.653181061
vn 0.551422827 -0.502471602 -0.665924287
vn 0.356637792 -0.193306616 -0.914025184
vn 0.240188058 -0.071815511 -0.968066232
vn 0.344459494 -0.088008304 -0.934666890
vn 0.579357134 -0.340749557 -0.740428964
vn 0.605557284 -0.390622875 -0.693335522
vn 0.158568978 -0.142087826 -0.977070585
vn 0.341177540 -0.032152290 -0.939448837
vn 0.088053350 -0.704869044 -0.703851005
vn 0.354922463 -0.220291113 -0.908571335
vn -0.035641783 -0.338041624 -0.940456019
vn 0.365091651 0.009757337 -0.930920448
vn -0.086323462 -0.546858803 -0.832762697
vn 0.391246659 -0.197937295 -0.898747394
vn -0.069858706 -0.541657645 -0.837691326
vn 0.060773855 -0.205678384 -0.976730741
vn 0.086973990 -0.708868802 -0.699957532
vn 0.493635886 -0.274998471 -0.825045122
vn 0.376003822 -0.147038866 -0.914877422
vn -0.095434148 -0.450348051 -0.887738112
vn 0.670060653 -0.386099979 -0.633991740
vn -0.019858027 -0.693669596 -0.720019548
vn -0.038288213 -0.442539991 -0.895931007
vn 0.227853795 -0.103538488 -0.968174793
vn 0.369781510 -0.193149232 -0.908820669
vn 0.376014678 -0.048059488 -0.925366548
vn -0.078147263 -0.553906593 -0.828903186
vn -0.024881075 -0.665598934 -0.745894759
vn 0.651172517 -0.269245503 -0.709564100
vn 0.368342037 -0.212071752 -0.905179383
vn 0.668268844 -0.331306038 -0.666072865
vn 0.396536196 -0.024414008 -0.917694394
vn -0.106663438 -0.479465932 -0.871054149
vn 0.475597257 -0.161774537 -0.864659614
vn -0.091460190 -0.689163883 -0.718810251
vn 0.142681669 -0.079367128 -0.986581370
vn -0.022503642 -0.700223833 -0.713568617
vn 0.373310964 -0.086376955 -0.923676321
vn 0.004169421 -0.226108712 -0.974093151
vn 0.357604118 -0.179949541 -0.916371899
vn 0.611261807 -0.171945585 -0.772524251
vn -0.018520932 -0.384278276 -0.923031517
vn -0.140809652 -0.106392211 -0.984303479
vn 0.290025481 0.022724069 -0.956749098
vn 0.363431344 -0.201752177 -0.909512901
vn 0.357503043 -0.149317155 -0.921898021
vn 0.368278984 -0.041139241 -0.928804690
vn 0.710707065 -0.220337111 -0.668092078
vn -0.127659930 -0.457399405 -0.880050411
vn -0.069266063 -0.678527991 -0.731301565
vn 0.599322109 -0.063877581 -0.797955302
vn 0.689456670 -0.167245951 -0.704754065
vn 0.395719099 0.004790795 -0.918359104
vn 0.455457224 -0.039049483 -0.889400841
vn -0.103246354 -0.636152540 -0.764624180
vn -0.016818974 -0.749632226 -0.661640876
vn 0.174581870 0.106901434 -0.978822381
vn 0.065984792 -0.104802879 -0.992301549
vn 0.340884710 -0.038795655 -0.939304270
vn 0.307417892 -0.273335982 -0.911472260
vn 0.315995058 0.085110446 -0.944935625
vn 0.023562268 -0.207812652 -0.977884820
vn 0.518621720 -0.147523890 -0.842180630
vn 0.116121541 0.266345662 -0.956857239
vn 0.632639419 -0.035617813 -0.773627002
vn 0.165856946 0.274117291 -0.947286221
vn 0.538264496 0.060365508 -0.840611288
vn -0.107678102 -0.650648297 -0.751706206
vn 0.371927046 -0.071880998 -0.925474686
vn -0.098206537 -0.393785991 -0.913940955
vn 0.050131637 0.107722020 -0.992916303
vn 0.479999603 0.063033145 -0.875001260
vn 0.075338631 0.398496181 -0.914070503
vn 0.385049436 -0.105836668 -0.916807249
vn 0.168774078 -0.340424553 -0.925000775
vn 0.263718884 -0.133384835 -0.955332841
vn 0.275852834 0.260575665 -0.925205673
vn -0.058956531 0.337646907 -0.939424661
vn 0.505746591 0.037691593 -0.861858300
vn 0.201913737 0.254026064 -0.945886675
vn 0.273240719 -0.034686495 -0.961320111
vn 0.190731204 0.368281815 -0.909939620
vn 0.169486401 0.361800182 -0.916719689
vn 0.437654738 -0.118719154 -0.891271054
vn 0.072058768 0.271555830 -0.959721296
vn -0.022910714 -0.216122644 -0.976097383
vn 0.112996560 0.222085195 -0.968457507
f 1265//1265 1274//1274 1276//1276
f 3//3 23//23 9//9
f 188//188 221//221 220//220
f 714//714 718//718 745//745
f 458//458 413//413 410//410
f 413//413 458//458 453//453
f 413//413 390//390 410//410
f 243//243 295//295 255//255
f 1274//1274 1259//1259 1269//1269
f 1265//1265 1259//1259 1274//1274
f 1275//1275 1270//1270 1277//1277
f 60//60 45//45 82//82
f 60//60 56//56 45//45
f 18//18 16//16 27//27
f 23//23 16//16 9//9
f 16//16 23//23 27//27
f 4//4 5//5 1//1
f 206//206 221//221 188//188
f 206//206 176//176 201//201
f 176//176 206//206 188//188
f 236//236 206//206 201//201
f 206//206 236//236 221//221
f 1024//1024 1041//1041 1063//1063
f 804//804 777//777 830//830
f 831//831 874//874 867//867
f 522//522 508//508 479//479
f 193//193 190//190 170//170
f 190//190 193//193 208//208
f 193//193 222//222 208//208
f 385//385 413//413 382//382
f 385//385 390//390 413//413
f 272//272 295//295 243//243
f 190//190 233//233 194//194
f 233//233 270//270 245//245
f 389//389 352//352 382//382
f 429//429 413//413 453//453
f 450//450 429//429 453//453
f 583//583 622//622 593//593
f 585//585 583//583 541//541
f 583//583 623//623 622//622
f 623//623 583//583 585//585
f 520//520 544//544 541//541
f 544//544 585//585 541//541
f 928//928 893//893 902//902
f 880//880 840//840 881//881
f 846//846 808//808 773//773
f 808//808 769//769 773//773
f 769//769 725//725 773//773
f 683//683 633//633 622//622
f 622//622 633//633 593//593
f 1187//1187 1185//1185 1205//1205
f 1259//1259 1257//1257 1269//1269
f 1257//1257 1255//1255 1269//1269
f 1255//1255 1257//1257 1241//1241
f 1266//1266 1265//1265 1276//1276
f 1266//1266 1276//1276 1277//1277
f 1270//1270 1266//1266 1277//1277
f 1103//1103 1143//1143 1112//1112
f 1199//1199 1167//1167 1212//1212
f 1227//1227 1199//1199 1212//1212
f 1199//1199 1227//1227 1207//1207
f 60//60 74//74 56//56
f 56//56 38//38 45//45
f 232//232 210//210 240//240
f 210//210 213//213 240//240
f 101//101 78//78 94//94
f 1231//1231 1255//1255 1241//1241
f 1219//1219 1221//1221 1238//1238
f 1219//1219 1231//1231 1208//1208
f 1221//1221 1196//1196 1211//1211
f 1104//1104 1095//1095 1139//1139
f 1095//1095 1046//1046 1022//1022
f 291//291 264//264 296//296
f 316//316 291//291 296//296
f 69//69 101//101 72//72
f 101//101 69//69 78//78
f 41//41 30//30 25//25
f 30//30 41//41 44//44
f 15//15 19//19 25//25
f 19//19 15//15 10//10
f 30//30 15//15 25//25
f 191//191 209//209 201//201
f 176//176 191//191 201//201
f 36//36 18//18 27//27
f 260//260 236//236 273//273
f 236//236 260//260 221//221
f 549//549 603//603 561//561
f 626//626 656//656 636//636
f 1147//1147 1146//1146 1173//1173
f 1114//1114 1093//1093 1120//1120
f 1145//1145 1114//1114 1120//1120
f 1114//1114 1145//1145 1146//1146
f 1073//1073 1093//1093 1063//1063
f 1041//1041 1073//1073 1063//1063
f 1093//1093 1073//1073 1083//1083
f 1041//1041 992//992 1010//1010
f 1024//1024 992//992 1041//1041
f 435//435 506//506 477//477
f 480//480 445//445 462//462
f 439//439 456//456 418//418
f 456//456 439//439 464//464
f 489//489 456//456 464//464
f 456//456 489//489 485//485
f 525//525 507//507 555//555
f 525//525 544//544 520//520
f 644//644 641//641 665//665
f 688//688 723//723 746//746
f 688//688 673//673 665//665
f 673//673 670//670 648//648
f 644//644 673//673 648//648
f 673//673 644//644 665//665
f 755//755 729//729 779//779
f 723//723 757//757 746//746
f 755//755 757//757 723//723
f 923//923 956//956 919//919
f 628//628 601//601 634//634
f 601//601 563//563 564//564
f 634//634 601//601 564//564
f 1004//1004 1046//1046 1025//1025
f 1004//1004 975//975 1022//1022
f 1046//1046 1004//1004 1022//1022
f 903//903 975//975 935//935
f 865//865 837//837 804//804
f 807//807 837//837 854//854
f 837//837 807//807 804//804
f 844//844 807//807 854//854
f 725//725 737//737 773//773
f 799//799 831//831 867//867
f 716//716 737//737 699//699
f 737//737 716//716 758//758
f 758//758 716//716 765//765
f 740//740 793//793 765//765
f 716//716 740//740 765//765
f 740//740 716//716 703//703
f 714//714 664//664 718//718
f 538//538 508//508 522//522
f 563//563 538//538 564//564
f 538//538 522//522 564//564
f 385//385 358//358 390//390
f 239//239 190//190 208//208
f 239//239 233//233 190//190
f 378//378 360//360 348//348
f 352//352 378//378 348//348
f 378//378 352//352 389//389
f 378//378 399//399 360//360
f 295//295 304//304 255//255
f 262//262 239//239 255//255
f 233//233 262//262 270//270
f 239//239 262//262 233//233
f 414//414 378//378 389//389
f 399//399 414//414 433//433
f 378//378 414//414 399//399
f 472//472 489//489 464//464
f 486//486 450//450 453//453
f 486//486 461//461 450//450
f 461//461 486//486 488//488
f 741//741 738//738 782//782
f 633//633 675//675 643//643
f 675//675 633//633 683//683
f 446//446 435//435 477//477
f 438//438 446//446 477//477
f 623//623 598//598 620//620
f 598//598 623//623 585//585
f 598//598 604//604 620//620
f 655//655 683//683 622//622
f 623//623 655//655 622//622
f 572//572 537//537 541//541
f 583//583 572//572 541//541
f 572//572 583//583 593//593
f 988//988 948//948 950//950
f 992//992 988//988 1010//1010
f 988//988 992//992 948//948
f 1005//1005 1061//1061 1040//1040
f 928//928 913//913 893//893
f 846//846 913//913 881//881
f 913//913 846//846 893//893
f 840//840 833//833 881//881
f 833//833 846//846 881//881
f 846//846 833//833 808//808
f 833//833 806//806 808//808
f 806//806 833//833 840//840
f 769//769 735//735 725//725
f 683//683 735//735 738//738
f 1176//1176 1187//1187 1172//1172
f 1159//1159 1176//1176 1172//1172
f 1182//1182 1159//1159 1150//1150
f 1182//1182 1185//1185 1187//1187
f 1176//1176 1182//1182 1187//1187
f 1182//1182 1176//1176 1159//1159
f 1185//1185 1190//1190 1205//1205
f 1199//1199 1190//1190 1173//1173
f 1190//1190 1199//1199 1207//1207
f 1115//1115 1088//1088 1084//1084
f 874//874 904//904 867//867
f 904//904 908//908 867//867
f 1061//1061 1071//1071 1040//1040
f 1071//1071 1060//1060 1040//1040
f 1032//1032 1060//1060 1083//1083
f 1073//1073 1032//1032 1083//1083
f 988//988 1032//1032 1010//1010
f 1032//1032 1041//1041 1010//1010
f 1032//1032 1073//1073 1041//1041
f 1032//1032 988//988 950//950
f 1060//1060 1032//1032 1040//1040
f 1258//1258 1245//1245 1239//1239
f 1266//1266 1262//1262 1253//1253
f 1262//1262 1266//1266 1270//1270
f 1271//1271 1270//1270 1275//1275
f 1271//1271 1262//1262 1270//1270
f 1262//1262 1271//1271 1264//1264
f 1090//1090 1103//1103 1112//1112
f 1103//1103 1090//1090 1061//1061
f 1071//1071 1090//1090 1112//1112
f 1090//1090 1071//1071 1061//1061
f 1062//1062 1103//1103 1061//1061
f 1103//1103 1121//1121 1143//1143
f 1143//1143 1121//1121 1174//1174
f 1121//1121 1160//1160 1174//1174
f 1143//1143 1140//1140 1112//1112
f 1168//1168 1140//1140 1143//1143
f 1199//1199 1169//1169 1167//1167
f 1169//1169 1145//1145 1167//1167
f 1145//1145 1169//1169 1146//1146
f 1146//1146 1169//1169 1173//1173
f 1169//1169 1199//1199 1173//1173
f 1227//1227 1232//1232 1207//1207
f 904//904 947//947 908//908
f 1000//1000 1039//1039 1038//1038
f 1193//1193 1160//1160 1153//1153
f 1250//1250 1266//1266 1253//1253
f 1266//1266 1250//1250 1265//1265
f 1250//1250 1259//1259 1265//1265
f 113//113 100//100 82//82
f 133//133 113//113 170//170
f 100//100 108//108 90//90
f 108//108 113//113 133//133
f 113//113 108//108 100//100
f 77//77 74//74 60//60
f 74//74 77//77 90//90
f 77//77 60//60 82//82
f 100//100 77//77 82//82
f 77//77 100//100 90//90
f 56//56 79//79 62//62
f 74//74 79//79 56//56
f 79//79 74//74 90//90
f 108//108 104//104 90//90
f 104//104 108//108 127//127
f 104//104 79//79 90//90
f 79//79 104//104 91//91
f 104//104 127//127 131//131
f 73//73 91//91 94//94
f 78//78 73//73 94//94
f 79//79 73//73 62//62
f 73//73 79//79 91//91
f 50//50 56//56 62//62
f 50//50 38//38 56//56
f 47//47 50//50 62//62
f 125//125 148//148 143//143
f 91//91 112//112 94//94
f 112//112 125//125 94//94
f 148//148 112//112 131//131
f 112//112 148//148 125//125
f 1224//1224 1189//1189 1208//1208
f 1231//1231 1224//1224 1208//1208
f 1224//1224 1231//1231 1241//1241
f 1224//1224 1204//1204 1189//1189
f 1255//1255 1242//1242 1238//1238
f 1231//1231 1242//1242 1255//1255
f 1242//1242 1219//1219 1238//1238
f 1219//1219 1242//1242 1231//1231
f 1195//1195 1196//1196 1221//1221
f 1196//1196 1195//1195 1181//1181
f 1195//1195 1180//1180 1181//1181
f 1219//1219 1195//1195 1221//1221
f 1195//1195 1219//1219 1208//1208
f 1180//1180 1195//1195 1208//1208
f 1162//1162 1196//1196 1181//1181
f 1180//1180 1162//1162 1181//1181
f 1111//1111 1057//1057 1086//1086
f 4//4 8//8 5//5
f 8//8 12//12 5//5
f 8//8 4//4 13//13
f 12//12 8//8 13//13
f 12//12 6//6 5//5
f 154//154 177//177 175//175
f 150//150 133//133 170//170
f 129//129 154//154 127//127
f 129//129 108//108 133//133
f 108//108 129//129 127//127
f 150//150 129//129 133//133
f 129//129 150//150 154//154
f 151//151 154//154 175//175
f 127//127 151//151 131//131
f 154//154 151//151 127//127
f 213//213 216//216 240//240
f 192//192 216//216 213//213
f 264//264 269//269 296//296
f 270//270 269//269 245//245
f 399//399 374//374 360//360
f 299//299 316//316 296//296
f 269//269 299//299 296//296
f 299//299 269//269 270//270
f 33//33 41//41 25//25
f 41//41 33//33 47//47
f 19//19 33//33 25//25
f 33//33 19//19 21//21
f 15//15 14//14 10//10
f 2//2 14//14 17//17
f 14//14 30//30 17//17
f 14//14 15//15 30//30
f 11//11 2//2 17//17
f 4//4 11//11 13//13
f 11//11 4//4 1//1
f 2//2 11//11 1//1
f 165//165 176//176 128//128
f 165//165 191//191 176//176
f 191//191 183//183 209//209
f 218//218 215//215 195//195
f 183//183 215//215 209//209
f 215//215 183//183 195//195
f 215//215 250//250 209//209
f 236//236 256//256 273//273
f 251//251 256//256 236//236
f 37//37 26//26 18//18
f 36//36 37//37 18//18
f 26//26 37//37 29//29
f 59//59 43//43 29//29
f 70//70 59//59 85//85
f 221//221 238//238 220//220
f 260//260 238//238 221//221
f 238//238 260//260 281//281
f 279//279 260//260 273//273
f 260//260 279//279 281//281
f 256//256 293//293 273//273
f 293//293 279//279 273//273
f 279//279 293//293 326//326
f 337//337 293//293 324//324
f 534//534 504//504 526//526
f 534//534 579//579 566//566
f 579//579 534//534 526//526
f 432//432 391//391 372//372
f 532//532 551//551 493//493
f 542//542 592//592 574//574
f 592//592 613//613 574//574
f 613//613 592//592 624//624
f 650//650 613//613 624//624
f 1042//1042 1027//1027 1067//1067
f 1027//1027 1015//1015 1067//1067
f 1027//1027 971//971 1015//1015
f 1011//1011 1042//1042 1013//1013
f 954//954 968//968 997//997
f 901//901 886//886 930//930
f 901//901 878//878 842//842
f 886//886 901//901 842//842
f 901//901 931//931 878//878
f 931//931 930//930 980//980
f 931//931 901//901 930//930
f 1159//1159 1136//1136 1150//1150
f 1136//1136 1159//1159 1172//1172
f 1015//1015 1033//1033 1067//1067
f 1066//1066 1082//1082 1056//1056
f 483//483 452//452 493//493
f 549//549 590//590 603//603
f 590//590 549//549 551//551
f 600//600 626//626 636//636
f 600//600 576//576 605//605
f 626//626 600//600 605//605
f 454//454 469//469 493//493
f 469//469 454//454 448//448
f 452//452 454//454 493//493
f 454//454 452//452 425//425
f 448//448 454//454 425//425
f 408//408 469//469 448//448
f 920//920 909//909 890//890
f 920//920 949//949 909//909
f 826//826 861//861 817//817
f 909//909 849//849 890//890
f 879//879 849//849 909//909
f 603//603 632//632 561//561
f 792//792 752//752 778//778
f 792//792 826//826 817//817
f 891//891 879//879 909//909
f 656//656 694//694 636//636
f 694//694 656//656 679//679
f 727//727 694//694 679//679
f 697//697 733//733 679//679
f 733//733 727//727 679//679
f 733//733 753//753 727//727
f 733//733 697//697 750//750
f 753//753 733//733 750//750
f 1082//1082 1070//1070 1098//1098
f 1070//1070 1082//1082 1066//1066
f 1034//1034 1070//1070 1066//1066
f 1105//1105 1131//1131 1098//1098
f 1070//1070 1105//1105 1098//1098
f 1147//1147 1166//1166 1150//1150
f 1166//1166 1182//1182 1150//1150
f 1182//1182 1166//1166 1185//1185
f 1166//1166 1147//1147 1173//1173
f 1190//1190 1166//1166 1173//1173
f 1166//1166 1190//1190 1185//1185
f 1024//1024 1054//1054 1048//1048
f 1054//1054 1024//1024 1063//1063
f 1110//1110 1114//1114 1146//1146
f 978//978 962//962 937//937
f 886//886 962//962 930//930
f 978//978 981//981 1024//1024
f 981//981 992//992 1024//1024
f 981//981 978//978 937//937
f 465//465 506//506 435//435
f 506//506 465//465 499//499
f 465//465 480//480 499//499
f 465//465 445//445 480//480
f 506//506 498//498 477//477
f 611//611 562//562 593//593
f 633//633 611//611 593//593
f 611//611 633//633 643//643
f 398//398 439//439 418//418
f 614//614 644//644 648//648
f 507//507 530//530 555//555
f 396//396 404//404 383//383
f 537//537 514//514 541//541
f 514//514 537//537 519//519
f 514//514 520//520 541//541
f 514//514 500//500 520//520
f 500//500 490//490 520//520
f 490//490 525//525 520//520
f 525//525 490//490 507//507
f 457//457 490//490 459//459
f 710//710 755//755 723//723
f 755//755 710//710 729//729
f 767//767 777//777 804//804
f 807//807 767//767 804//804
f 641//641 667//667 665//665
f 667//667 688//688 665//665
f 667//667 641//641 647//647
f 710//710 667//667 647//647
f 688//688 667//667 723//723
f 667//667 710//710 723//723
f 670//670 693//693 726//726
f 673//673 693//693 670//670
f 726//726 748//748 718//718
f 718//718 748//748 745//745
f 748//748 771//771 745//745
f 757//757 785//785 819//819
f 785//785 757//757 755//755
f 785//785 755//755 779//779
f 785//785 844//844 819//819
f 807//807 785//785 779//779
f 844//844 785//785 807//807
f 601//601 594//594 563//563
f 594//594 601//601 628//628
f 543//543 575//575 553//553
f 580//580 543//543 569//569
f 575//575 580//580 599//599
f 543//543 580//580 575//575
f 903//903 848//848 830//830
f 848//848 804//804 830//830
f 848//848 865//865 804//804
f 921//921 900//900 943//943
f 1072//1072 1023//1023 1025//1025
f 1057//1057 1023//1023 1086//1086
f 1023//1023 1072//1072 1086//1086
f 977//977 896//896 927//927
f 737//737 709//709 699//699
f 709//709 737//737 725//725
f 834//834 799//799 867//867
f 799//799 798//798 831//831
f 771//771 798//798 745//745
f 798//798 799//799 745//745
f 816//816 846//846 773//773
f 770//770 714//714 745//745
f 770//770 740//740 714//714
f 799//799 770//770 745//745
f 740//740 770//770 793//793
f 770//770 834//834 793//793
f 834//834 770//770 799//799
f 663//663 651//651 699//699
f 651//651 663//663 620//620
f 604//604 651//651 620//620
f 571//571 604//604 555//555
f 530//530 571//571 555//555
f 571//571 530//530 546//546
f 614//614 625//625 597//597
f 272//272 300//300 295//295
f 357//357 385//385 382//382
f 357//357 358//358 385//385
f 352//352 357//357 382//382
f 239//239 231//231 255//255
f 231//231 239//239 208//208
f 222//222 231//231 208//208
f 231//231 243//243 255//255
f 231//231 222//222 243//243
f 304//304 331//331 313//313
f 331//331 352//352 348//348
f 313//313 331//331 348//348
f 331//331 357//357 352//352
f 434//434 429//429 450//450
f 414//414 434//434 433//433
f 434//434 461//461 433//433
f 461//461 434//434 450//450
f 407//407 414//414 389//389
f 407//407 389//389 382//382
f 434//434 407//407 429//429
f 407//407 434//434 414//414
f 413//413 407//407 382//382
f 429//429 407//407 413//413
f 472//472 501//501 489//489
f 501//501 472//472 494//494
f 501//501 529//529 489//489
f 529//529 501//501 559//559
f 472//472 463//463 494//494
f 545//545 597//597 559//559
f 513//513 545//545 494//494
f 501//501 545//545 559//559
f 545//545 501//501 494//494
f 455//455 461//461 488//488
f 461//461 455//455 433//433
f 516//516 543//543 553//553
f 478//478 516//516 495//495
f 675//675 672//672 643//643
f 712//712 741//741 731//731
f 712//712 675//675 683//683
f 712//712 683//683 738//738
f 741//741 712//712 738//738
f 715//715 692//692 721//721
f 672//672 692//692 646//646
f 698//698 692//692 715//715
f 579//579 629//629 566//566
f 653//653 629//629 612//612
f 629//629 579//579 612//612
f 592//592 608//608 624//624
f 608//608 592//592 565//565
f 608//608 565//565 566//566
f 629//629 608//608 566//566
f 608//608 629//629 642//642
f 420//420 446//446 438//438
f 446//446 420//420 435//435
f 544//544 567//567 585//585
f 567//567 598//598 585//585
f 567//567 525//525 555//555
f 525//525 567//567 544//544
f 604//604 567//567 555//555
f 598//598 567//567 604//604
f 781//781 715//715 721//721
f 741//741 749//749 731//731
f 731//731 749//749 721//721
f 749//749 781//781 721//721
f 958//958 913//913 928//928
f 735//735 763//763 738//738
f 763//763 735//735 769//769
f 738//738 763//763 782//782
f 763//763 806//806 782//782
f 763//763 769//769 808//808
f 806//806 763//763 808//808
f 735//735 705//705 725//725
f 655//655 705//705 683//683
f 705//705 735//735 683//683
f 1190//1190 1213//1213 1205//1205
f 1213//1213 1190//1190 1207//1207
f 1205//1205 1213//1213 1233//1233
f 1213//1213 1232//1232 1233//1233
f 1232//1232 1213//1213 1207//1207
f 1012//1012 1051//1051 1055//1055
f 1115//1115 1130//1130 1088//1088
f 1130//1130 1115//1115 1141//1141
f 1130//1130 1141//1141 1153//1153
f 1178//1178 1151//1151 1148//1148
f 911//911 904//904 874//874
f 911//911 947//947 904//904
f 990//990 1032//1032 950//950
f 1032//1032 990//990 1040//1040
f 990//990 1005//1005 1040//1040
f 990//990 958//958 1005//1005
f 1260//1260 1258//1258 1239//1239
f 1252//1252 1260//1260 1239//1239
f 1240//1240 1227//1227 1212//1212
f 1240//1240 1232//1232 1227//1227
f 1249//1249 1262//1262 1264//1264
f 1249//1249 1264//1264 1237//1237
f 1228//1228 1249//1249 1237//1237
f 1262//1262 1249//1249 1253//1253
f 1264//1264 1251//1251 1237//1237
f 1226//1226 1247//1247 1248//1248
f 1005//1005 1036//1036 1061//1061
f 1036//1036 1062//1062 1061//1061
f 1062//1062 1036//1036 1055//1055
f 1036//1036 1012//1012 1055//1055
f 1051//1051 1078//1078 1055//1055
f 1078//1078 1051//1051 1088//1088
f 1130//1130 1078//1078 1088//1088
f 1096//1096 1121//1121 1103//1103
f 1096//1096 1062//1062 1055//1055
f 1062//1062 1096//1096 1103//1103
f 1078//1078 1096//1096 1055//1055
f 1229//1229 1201//1201 1206//1206
f 1226//1226 1229//1229 1206//1206
f 1229//1229 1252//1252 1239//1239
f 1252//1252 1229//1229 1248//1248
f 1229//1229 1226//1226 1248//1248
f 1206//1206 1183//1183 1174//1174
f 1201//1201 1183//1183 1206//1206
f 1183//1183 1201//1201 1168//1168
f 1183//1183 1143//1143 1174//1174
f 1183//1183 1168//1168 1143//1143
f 1140//1140 1116//1116 1112//1112
f 1116//1116 1071//1071 1112//1112
f 1071//1071 1116//1116 1060//1060
f 956//956 955//955 919//919
f 955//955 911//911 919//919
f 947//947 955//955 1000//1000
f 911//911 955//955 947//947
f 1214//1214 1226//1226 1206//1206
f 1214//1214 1193//1193 1216//1216
f 1141//1141 1177//1177 1153//1153
f 1177//1177 1193//1193 1153//1153
f 1161//1161 1178//1178 1148//1148
f 1230//1230 1249//1249 1228//1228
f 1249//1249 1230//1230 1253//1253
f 1230//1230 1250//1250 1253//1253
f 1250//1250 1230//1230 1235//1235
f 1204//1204 1192//1192 1179//1179
f 1192//1192 1161//1161 1179//1179
f 1161//1161 1192//1192 1178//1178
f 1085//1085 1107//1107 1075//1075
f 1137//1137 1144//1144 1118//1118
f 1161//1161 1165//1165 1179//1179
f 1165//1165 1161//1161 1132//1132
f 1165//1165 1204//1204 1179//1179
f 1165//1165 1170//1170 1189//1189
f 1204//1204 1165//1165 1189//1189
f 1224//1224 1236//1236 1204//1204
f 1250//1250 1236//1236 1259//1259
f 1236//1236 1250//1250 1235//1235
f 55//55 73//73 78//78
f 41//41 55//55 44//44
f 55//55 41//41 47//47
f 55//55 69//69 44//44
f 69//69 55//55 78//78
f 55//55 47//47 62//62
f 73//73 55//55 62//62
f 38//38 34//34 21//21
f 50//50 34//34 38//38
f 34//34 50//50 47//47
f 34//34 33//33 21//21
f 33//33 34//34 47//47
f 189//189 192//192 213//213
f 210//210 189//189 213//213
f 104//104 116//116 91//91
f 116//116 112//112 91//91
f 116//116 104//104 131//131
f 112//112 116//116 131//131
f 252//252 263//263 289//289
f 118//118 132//132 135//135
f 1163//1163 1180//1180 1208//1208
f 1189//1189 1163//1163 1208//1208
f 1170//1170 1163//1163 1189//1189
f 1163//1163 1144//1144 1137//1137
f 1144//1144 1163//1163 1170//1170
f 1164//1164 1162//1162 1125//1125
f 1162//1162 1127//1127 1125//1125
f 1127//1127 1162//1162 1135//1135
f 1111//1111 1127//1127 1135//1135
f 1162//1162 1158//1158 1135//1135
f 1158//1158 1162//1162 1180//1180
f 1163//1163 1158//1158 1180//1180
f 1135//1135 1158//1158 1137//1137
f 1158//1158 1163//1163 1137//1137
f 1111//1111 1117//1117 1057//1057
f 1117//1117 1137//1137 1118//1118
f 1117//1117 1135//1135 1137//1137
f 1117//1117 1111//1111 1135//1135
f 20//20 12//12 28//28
f 20//20 6//6 12//12
f 20//20 23//23 3//3
f 6//6 20//20 3//3
f 219//219 192//192 175//175
f 177//177 219//219 175//175
f 219//219 216//216 192//192
f 219//219 177//177 194//194
f 233//233 219//219 194//194
f 219//219 233//233 245//245
f 169//169 177//177 154//154
f 150//150 169//169 154//154
f 177//177 169//169 194//194
f 169//169 190//190 194//194
f 190//190 168//168 170//170
f 168//168 150//150 170//170
f 169//169 168//168 190//190
f 168//168 169//169 150//150
f 149//149 148//148 131//131
f 151//151 149//149 131//131
f 149//149 151//151 175//175
f 269//269 244//244 245//245
f 244//244 269//269 264//264
f 244//244 219//219 245//245
f 219//219 244//244 216//216
f 244//244 264//264 240//240
f 216//216 244//244 240//240
f 387//387 340//340 369//369
f 340//340 316//316 369//369
f 334//334 365//365 353//353
f 365//365 375//375 353//353
f 365//365 340//340 387//387
f 340//340 365//365 334//334
f 398//398 365//365 387//387
f 365//365 398//398 375//375
f 375//375 388//388 353//353
f 398//398 388//388 375//375
f 388//388 398//398 418//418
f 262//262 286//286 270//270
f 286//286 299//299 270//270
f 286//286 262//262 255//255
f 304//304 286//286 255//255
f 286//286 304//304 313//313
f 299//299 328//328 316//316
f 374//374 328//328 360//360
f 360//360 328//328 348//348
f 316//316 328//328 369//369
f 328//328 374//374 369//369
f 35//35 30//30 44//44
f 14//14 7//7 10//10
f 7//7 14//14 2//2
f 165//165 162//162 191//191
f 162//162 183//183 191//191
f 162//162 165//165 128//128
f 283//283 302//302 271//271
f 284//284 302//302 315//315
f 268//268 284//284 275//275
f 248//248 268//268 218//218
f 268//268 248//248 271//271
f 302//302 268//268 271//271
f 268//268 302//302 284//284
f 246//246 215//215 218//218
f 246//246 268//268 275//275
f 268//268 246//246 218//218
f 250//250 246//246 275//275
f 246//246 250//250 215//215
f 250//250 226//226 209//209
f 226//226 250//250 251//251
f 209//209 226//226 201//201
f 226//226 236//236 201//201
f 226//226 251//251 236//236
f 293//293 292//292 324//324
f 292//292 293//293 256//256
f 37//37 51//51 29//29
f 51//51 59//59 29//29
f 58//58 70//70 88//88
f 59//59 58//58 43//43
f 70//70 58//58 59//59
f 70//70 95//95 88//88
f 95//95 70//70 85//85
f 427//427 397//397 379//379
f 279//279 305//305 281//281
f 305//305 279//279 326//326
f 332//332 305//305 326//326
f 281//281 305//305 318//318
f 305//305 332//332 318//318
f 343//343 337//337 366//366
f 293//293 343//343 326//326
f 337//337 343//343 293//293
f 345//345 355//355 324//324
f 470//470 460//460 444//444
f 460//460 427//427 444//444
f 354//354 332//332 326//326
f 565//565 533//533 566//566
f 533//533 534//534 566//566
f 534//534 533//533 504//504
f 467//467 432//432 438//438
f 467//467 438//438 477//477
f 474//474 467//467 504//504
f 467//467 474//474 432//432
f 504//504 467//467 526//526
f 432//432 415//415 391//391
f 415//415 400//400 391//391
f 400//400 415//415 441//441
f 536//536 557//557 576//576
f 539//539 487//487 517//517
f 487//487 470//470 517//517
f 487//487 460//460 470//470
f 466//466 502//502 481//481
f 487//487 502//502 466//466
f 502//502 487//487 539//539
f 532//532 509//509 536//536
f 469//469 509//509 493//493
f 509//509 532//532 493//493
f 556//556 542//542 574//574
f 542//542 556//556 517//517
f 578//578 556//556 574//574
f 556//556 539//539 517//517
f 539//539 556//556 578//578
f 470//470 492//492 517//517
f 492//492 542//542 517//517
f 607//607 578//578 574//574
f 613//613 607//607 574//574
f 968//968 993//993 997//997
f 993//993 968//968 963//963
f 971//971 993//993 963//963
f 993//993 971//971 1027//1027
f 959//959 954//954 997//997
f 968//968 945//945 963//963
f 954//954 945//945 968//968
f 945//945 971//971 963//963
f 1052//1052 1014//1014 1048//1048
f 878//878 827//827 842//842
f 853//853 827//827 878//878
f 991//991 1035//1035 1037//1037
f 967//967 931//931 980//980
f 931//931 967//967 951//951
f 967//967 991//991 951//951
f 991//991 967//967 1035//1035
f 1019//1019 967//967 980//980
f 967//967 1019//1019 1035//1035
f 906//906 931//931 951//951
f 1128//1128 1147//1147 1150//1150
f 1136//1136 1128//1128 1150//1150
f 1056//1056 1045//1045 1030//1030
f 1045//1045 1033//1033 1030//1030
f 1045//1045 1056//1056 1067//1067
f 1033//1033 1045//1045 1067//1067
f 1034//1034 1043//1043 1030//1030
f 1043//1043 1034//1034 1066//1066
f 1043//1043 1056//1056 1030//1030
f 1043//1043 1066//1066 1056//1056
f 551//551 515//515 493//493
f 515//515 483//483 493//493
f 549//549 515//515 551//551
f 560//560 532//532 536//536
f 469//469 436//436 481//481
f 408//408 436//436 469//469
f 436//436 466//466 481//481
f 466//466 436//436 426//426
f 422//422 448//448 425//425
f 422//422 408//408 448//448
f 384//384 422//422 425//425
f 898//898 920//920 890//890
f 832//832 849//849 879//879
f 832//832 805//805 778//778
f 632//632 627//627 561//561
f 805//805 801//801 778//778
f 801//801 792//792 778//778
f 826//826 801//801 805//805
f 792//792 801//801 826//826
f 619//619 590//590 596//596
f 1077//1077 1070//1070 1037//1037
f 1105//1105 1077//1077 1092//1092
f 1077//1077 1105//1105 1070//1070
f 1016//1016 1070//1070 1034//1034
f 1016//1016 1009//1009 999//999
f 1009//1009 1016//1016 1034//1034
f 1070//1070 1016//1016 1037//1037
f 1016//1016 991//991 1037//1037
f 991//991 1016//1016 999//999
f 1110//1110 1087//1087 1114//1114
f 1093//1093 1087//1087 1063//1063
f 1114//1114 1087//1087 1093//1093
f 1087//1087 1054//1054 1063//1063
f 1008//1008 962//962 978//978
f 962//962 1008//1008 1014//1014
f 1014//1014 1008//1008 1048//1048
f 1008//1008 1024//1024 1048//1048
f 1008//1008 978//978 1024//1024
f 930//930 985//985 980//980
f 962//962 985//985 930//930
f 985//985 962//962 1014//1014
f 519//519 505//505 462//462
f 505//505 480//480 462//462
f 480//480 505//505 499//499
f 505//505 535//535 499//499
f 535//535 528//528 562//562
f 528//528 505//505 519//519
f 505//505 528//528 535//535
f 550//550 506//506 499//499
f 535//535 550//550 499//499
f 550//550 535//535 562//562
f 367//367 386//386 372//372
f 432//432 417//417 438//438
f 417//417 432//432 372//372
f 386//386 417//417 372//372
f 258//258 278//278 254//254
f 278//278 258//258 282//282
f 456//456 416//416 418//418
f 388//388 416//416 393//393
f 416//416 388//388 418//418
f 530//530 484//484 485//485
f 484//484 530//530 507//507
f 484//484 456//456 485//485
f 484//484 457//457 456//456
f 490//490 484//484 507//507
f 484//484 490//490 457//457
f 573//573 614//614 597//597
f 545//545 573//573 597//597
f 582//582 575//575 599//599
f 573//573 582//582 614//614
f 575//575 582//582 553//553
f 582//582 573//573 553//553
f 614//614 621//621 644//644
f 641//641 621//621 599//599
f 621//621 641//641 644//644
f 621//621 582//582 599//599
f 582//582 621//621 614//614
f 558//558 529//529 559//559
f 529//529 558//558 546//546
f 512//512 529//529 546//546
f 530//530 512//512 546//546
f 512//512 530//530 485//485
f 489//489 512//512 485//485
f 529//529 512//512 489//489
f 404//404 380//380 383//383
f 380//380 370//370 341//341
f 457//457 421//421 456//456
f 421//421 416//416 456//456
f 421//421 394//394 393//393
f 416//416 421//421 393//393
f 347//347 323//323 350//350
f 323//323 347//347 320//320
f 657//657 628//628 634//634
f 693//693 728//728 726//726
f 728//728 688//688 746//746
f 728//728 673//673 688//688
f 728//728 693//693 673//673
f 884//884 911//911 874//874
f 911//911 884//884 919//919
f 884//884 923//923 919//919
f 757//757 775//775 746//746
f 775//775 728//728 746//746
f 527//527 552//552 569//569
f 587//587 594//594 628//628
f 594//594 587//587 563//563
f 1072//1072 1068//1068 1100//1100
f 1100//1100 1068//1068 1104//1104
f 1046//1046 1068//1068 1025//1025
f 1068//1068 1072//1072 1025//1025
f 1068//1068 1095//1095 1104//1104
f 1068//1068 1046//1046 1095//1095
f 982//982 927//927 987//987
f 982//982 977//977 927//927
f 960//960 921//921 943//943
f 960//960 1023//1023 987//987
f 1023//1023 960//960 943//943
f 927//927 960//960 987//987
f 921//921 960//960 927//927
f 921//921 892//892 900//900
f 837//837 892//892 854//854
f 892//892 837//837 865//865
f 900//900 892//892 865//865
f 979//979 1004//1004 1025//1025
f 1023//1023 979//979 1025//1025
f 979//979 1023//1023 943//943
f 1004//1004 969//969 975//975
f 975//975 969//969 935//935
f 969//969 952//952 935//935
f 979//979 969//969 1004//1004
f 969//969 979//979 952//952
f 900//900 932//932 943//943
f 932//932 979//979 943//943
f 979//979 932//932 952//952
f 932//932 903//903 935//935
f 952//952 932//932 935//935
f 824//824 798//798 771//771
f 798//798 824//824 831//831
f 884//884 824//824 845//845
f 824//824 874//874 831//831
f 824//824 884//884 874//874
f 816//816 862//862 846//846
f 862//862 816//816 859//859
f 846//846 862//862 893//893
f 893//893 862//862 902//902
f 862//862 859//859 902//902
f 793//793 822//822 765//765
f 834//834 822//822 793//793
f 625//625 674//674 664//664
f 664//664 674//674 718//718
f 674//674 726//726 718//718
f 674//674 670//670 726//726
f 518//518 552//552 527//527
f 486//486 510//510 488//488
f 543//543 510//510 569//569
f 510//510 527//527 569//569
f 317//317 300//300 358//358
f 357//357 317//317 358//358
f 331//331 317//317 357//357
f 300//300 317//317 295//295
f 317//317 304//304 295//295
f 317//317 331//331 304//304
f 463//463 471//471 494//494
f 513//513 471//471 495//495
f 471//471 513//513 494//494
f 471//471 463//463 437//437
f 471//471 478//478 495//495
f 398//398 442//442 439//439
f 442//442 463//463 472//472
f 439//439 442//442 464//464
f 442//442 472//472 464//464
f 531//531 545//545 513//513
f 531//531 513//513 495//495
f 573//573 531//531 553//553
f 531//531 573//573 545//545
f 531//531 516//516 553//553
f 516//516 531//531 495//495
f 516//516 475//475 488//488
f 475//475 516//516 478//478
f 475//475 455//455 488//488
f 521//521 516//516 488//488
f 516//516 521//521 543//543
f 510//510 521//521 488//488
f 521//521 510//510 543//543
f 423//423 447//447 437//437
f 447//447 471//471 437//437
f 471//471 447//447 478//478
f 447//447 475//475 478//478
f 475//475 447//447 455//455
f 455//455 447//447 433//433
f 447//447 399//399 433//433
f 447//447 423//423 399//399
f 395//395 374//374 399//399
f 423//423 395//395 399//399
f 374//374 395//395 369//369
f 395//395 423//423 437//437
f 696//696 672//672 675//675
f 696//696 712//712 731//731
f 712//712 696//696 675//675
f 696//696 731//731 721//721
f 692//692 696//696 721//721
f 696//696 692//692 672//672
f 732//732 698//698 715//715
f 722//722 732//732 747//747
f 698//698 732//732 695//695
f 732//732 722//722 695//695
f 692//692 661//661 646//646
f 661//661 692//692 698//698
f 661//661 653//653 612//612
f 646//646 661//661 612//612
f 653//653 661//661 695//695
f 661//661 698//698 695//695
f 690//690 668//668 642//642
f 827//827 802//802 842//842
f 802//802 827//827 788//788
f 802//802 788//788 751//751
f 768//768 802//802 751//751
f 660//660 653//653 695//695
f 660//660 629//629 653//653
f 629//629 660//660 642//642
f 638//638 608//608 642//642
f 668//668 638//638 642//642
f 608//608 638//638 624//624
f 638//638 650//650 624//624
f 638//638 668//668 650//650
f 875//875 880//880 950//950
f 948//948 875//875 950//950
f 905//905 981//981 937//937
f 981//981 905//905 992//992
f 958//958 922//922 913//913
f 913//913 922//922 881//881
f 922//922 990//990 950//950
f 990//990 922//922 958//958
f 880//880 922//922 950//950
f 922//922 880//880 881//881
f 686//686 709//709 725//725
f 705//705 686//686 725//725
f 686//686 663//663 699//699
f 709//709 686//686 699//699
f 972//972 928//928 902//902
f 972//972 958//958 928//928
f 958//958 972//972 1005//1005
f 972//972 1036//1036 1005//1005
f 1036//1036 972//972 1012//1012
f 1121//1121 1122//1122 1160//1160
f 1160//1160 1122//1122 1153//1153
f 1122//1122 1130//1130 1153//1153
f 1096//1096 1122//1122 1121//1121
f 1122//1122 1078//1078 1130//1130
f 1122//1122 1096//1096 1078//1078
f 1094//1094 1115//1115 1084//1084
f 1074//1074 1094//1094 1084//1084
f 1094//1094 1069//1069 1102//1102
f 1069//1069 1094//1094 1074//1074
f 1039//1039 1069//1069 1038//1038
f 1069//1069 1074//1074 1038//1038
f 1148//1148 1123//1123 1102//1102
f 1151//1151 1123//1123 1148//1148
f 1123//1123 1094//1094 1102//1102
f 1094//1094 1123//1123 1115//1115
f 1246//1246 1245//1245 1258//1258
f 1267//1267 1251//1251 1264//1264
f 1267//1267 1271//1271 1275//1275
f 1271//1271 1267//1267 1264//1264
f 1223//1223 1229//1229 1239//1239
f 1229//1229 1223//1223 1201//1201
f 1245//1245 1223//1223 1239//1239
f 1217//1217 1223//1223 1245//1245
f 1201//1201 1184//1184 1168//1168
f 1060//1060 1113//1113 1083//1083
f 1116//1116 1113//1113 1060//1060
f 1113//1113 1116//1116 1140//1140
f 1133//1133 1113//1113 1140//1140
f 1093//1093 1109//1109 1120//1120
f 1109//1109 1133//1133 1120//1120
f 1109//1109 1093//1093 1083//1083
f 1113//1113 1109//1109 1083//1083
f 1109//1109 1113//1113 1133//1133
f 947//947 940//940 908//908
f 1012//1012 1029//1029 1051//1051
f 1088//1088 1059//1059 1084//1084
f 1051//1051 1059//1059 1088//1088
f 1029//1029 1059//1059 1051//1051
f 1074//1074 1050//1050 1038//1038
f 1050//1050 1074//1074 1084//1084
f 1059//1059 1050//1050 1084//1084
f 994//994 947//947 1000//1000
f 994//994 940//940 947//947
f 940//940 994//994 973//973
f 994//994 1000//1000 1038//1038
f 1050//1050 994//994 1038//1038
f 1047//1047 1044//1044 1006//1006
f 998//998 1044//1044 1039//1039
f 998//998 1039//1039 1000//1000
f 1044//1044 998//998 1006//1006
f 998//998 955//955 956//956
f 955//955 998//998 1000//1000
f 1107//1107 1079//1079 1075//1075
f 1079//1079 1047//1047 1075//1075
f 1047//1047 1079//1079 1044//1044
f 1197//1197 1206//1206 1174//1174
f 1197//1197 1214//1214 1206//1206
f 1160//1160 1197//1197 1174//1174
f 1193//1193 1197//1197 1160//1160
f 1214//1214 1197//1197 1193//1193
f 1175//1175 1177//1177 1141//1141
f 1193//1193 1202//1202 1216//1216
f 1177//1177 1202//1202 1193//1193
f 1175//1175 1202//1202 1177//1177
f 1129//1129 1161//1161 1148//1148
f 1161//1161 1129//1129 1132//1132
f 1129//1129 1148//1148 1102//1102
f 1079//1079 1129//1129 1102//1102
f 1129//1129 1107//1107 1132//1132
f 1129//1129 1079//1079 1107//1107
f 1192//1192 1220//1220 1235//1235
f 1220//1220 1192//1192 1204//1204
f 1220//1220 1236//1236 1235//1235
f 1236//1236 1220//1220 1204//1204
f 1178//1178 1200//1200 1186//1186
f 1192//1192 1200//1200 1178//1178
f 1230//1230 1200//1200 1235//1235
f 1200//1200 1192//1192 1235//1235
f 1126//1126 1144//1144 1170//1170
f 1165//1165 1126//1126 1170//1170
f 1126//1126 1165//1165 1132//1132
f 1107//1107 1126//1126 1132//1132
f 1144//1144 1126//1126 1118//1118
f 1126//1126 1085//1085 1118//1118
f 1126//1126 1107//1107 1085//1085
f 1244//1244 1257//1257 1259//1259
f 1236//1236 1244//1244 1259//1259
f 1257//1257 1244//1244 1241//1241
f 1244//1244 1224//1224 1241//1241
f 1244//1244 1236//1236 1224//1224
f 148//148 164//164 143//143
f 257//257 230//230 232//232
f 229//229 212//212 237//237
f 197//197 203//203 224//224
f 253//253 229//229 237//237
f 229//229 253//253 263//263
f 242//242 253//253 237//237
f 120//120 101//101 94//94
f 120//120 118//118 101//101
f 125//125 120//120 94//94
f 118//118 120//120 132//132
f 120//120 125//125 143//143
f 132//132 120//120 143//143
f 1162//1162 1191//1191 1196//1196
f 1164//1164 1191//1191 1162//1162
f 1196//1196 1191//1191 1211//1211
f 1138//1138 1164//1164 1125//1125
f 1138//1138 1104//1104 1139//1139
f 1100//1100 1138//1138 1125//1125
f 1138//1138 1100//1100 1104//1104
f 1106//1106 1111//1111 1086//1086
f 1106//1106 1127//1127 1111//1111
f 1072//1072 1106//1106 1086//1086
f 1106//1106 1072//1072 1100//1100
f 1106//1106 1100//1100 1125//1125
f 1127//1127 1106//1106 1125//1125
f 61//61 69//69 72//72
f 69//69 61//61 44//44
f 61//61 35//35 44//44
f 35//35 61//61 49//49
f 130//130 110//110 134//134
f 110//110 130//130 106//106
f 57//57 37//37 36//36
f 57//57 51//51 37//37
f 57//57 67//67 83//83
f 40//40 20//20 28//28
f 42//42 40//40 28//28
f 48//48 40//40 52//52
f 149//149 167//167 148//148
f 167//167 164//164 148//148
f 164//164 167//167 189//189
f 189//189 167//167 192//192
f 192//192 167//167 175//175
f 167//167 149//149 175//175
f 312//312 340//340 334//334
f 316//316 312//312 291//291
f 340//340 312//312 316//316
f 314//314 286//286 313//313
f 286//286 314//314 299//299
f 314//314 313//313 348//348
f 328//328 314//314 348//348
f 314//314 328//328 299//299
f 30//30 22//22 17//17
f 35//35 22//22 30//30
f 22//22 11//11 17//17
f 11//11 22//22 13//13
f 265//265 256//256 251//251
f 265//265 292//292 256//256
f 250//250 265//265 251//251
f 265//265 250//250 275//275
f 292//292 265//265 275//275
f 284//284 311//311 275//275
f 307//307 345//345 324//324
f 292//292 307//307 324//324
f 307//307 292//292 275//275
f 311//311 307//307 275//275
f 51//51 71//71 59//59
f 59//59 71//71 85//85
f 71//71 57//57 83//83
f 57//57 71//71 51//51
f 95//95 124//124 88//88
f 102//102 117//117 119//119
f 117//117 124//124 139//139
f 117//117 102//102 88//88
f 124//124 117//117 88//88
f 119//119 140//140 128//128
f 140//140 162//162 128//128
f 117//117 140//140 119//119
f 140//140 117//117 139//139
f 183//183 171//171 195//195
f 196//196 218//218 195//195
f 171//171 196//196 195//195
f 249//249 283//283 271//271
f 249//249 228//228 254//254
f 124//124 105//105 142//142
f 105//105 124//124 95//95
f 105//105 95//95 85//85
f 397//397 419//419 426//426
f 419//419 397//397 427//427
f 359//359 355//355 379//379
f 337//337 359//359 366//366
f 359//359 337//337 324//324
f 355//355 359//359 324//324
f 359//359 397//397 366//366
f 397//397 359//359 379//379
f 381//381 422//422 384//384
f 422//422 381//381 408//408
f 381//381 401//401 408//408
f 397//397 401//401 366//366
f 401//401 397//397 426//426
f 436//436 401//401 426//426
f 401//401 436//436 408//408
f 343//343 361//361 326//326
f 361//361 354//354 326//326
f 361//361 343//343 366//366
f 401//401 361//361 366//366
f 361//361 381//381 354//354
f 361//361 401//401 381//381
f 548//548 533//533 565//565
f 592//592 548//548 565//565
f 542//542 548//548 592//592
f 492//492 548//548 542//542
f 533//533 548//548 482//482
f 548//548 492//492 482//482
f 497//497 533//533 482//482
f 533//533 497//497 504//504
f 474//474 497//497 482//482
f 497//497 474//474 504//504
f 431//431 400//400 441//441
f 431//431 470//470 444//444
f 355//355 373//373 379//379
f 373//373 355//355 345//345
f 443//443 415//415 432//432
f 415//415 443//443 441//441
f 474//474 443//443 432//432
f 441//441 443//443 482//482
f 443//443 474//474 482//482
f 363//363 315//315 372//372
f 391//391 363//363 372//372
f 581//581 539//539 578//578
f 581//581 557//557 539//539
f 607//607 581//581 578//578
f 576//576 581//581 605//605
f 557//557 581//581 576//576
f 502//502 503//503 481//481
f 509//509 503//503 536//536
f 503//503 469//469 481//481
f 503//503 509//509 469//469
f 524//524 557//557 536//536
f 503//503 524//524 536//536
f 524//524 503//503 502//502
f 557//557 524//524 539//539
f 524//524 502//502 539//539
f 468//468 492//492 470//470
f 431//431 468//468 470//470
f 468//468 431//431 441//441
f 468//468 441//441 482//482
f 492//492 468//468 482//482
f 1017//1017 1011//1011 997//997
f 993//993 1017//1017 997//997
f 1011//1011 1017//1017 1042//1042
f 1017//1017 1027//1027 1042//1042
f 1017//1017 993//993 1027//1027
f 1001//1001 1034//1034 1030//1030
f 1001//1001 1009//1009 1034//1034
f 971//971 964//964 1015//1015
f 945//945 964//964 971//971
f 959//959 946//946 954//954
f 957//957 946//946 959//959
f 916//916 945//945 954//954
f 946//946 916//916 954//954
f 697//697 704//704 750//750
f 796//796 820//820 839//839
f 796//796 759//759 820//820
f 812//812 796//796 839//839
f 759//759 796//796 750//750
f 796//796 753//753 750//750
f 796//796 812//812 753//753
f 868//868 886//886 842//842
f 797//797 781//781 814//814
f 764//764 722//722 747//747
f 764//764 768//768 751//751
f 820//820 818//818 853//853
f 818//818 827//827 853//853
f 827//827 818//818 788//788
f 939//939 991//991 999//999
f 991//991 939//939 951//951
f 939//939 906//906 951//951
f 939//939 924//924 876//876
f 906//906 939//939 876//876
f 1058//1058 1052//1052 1081//1081
f 1089//1089 1058//1058 1081//1081
f 1119//1119 1089//1089 1081//1081
f 1019//1019 1049//1049 1035//1035
f 1049//1049 1058//1058 1089//1089
f 873//873 906//906 876//876
f 873//873 820//820 853//853
f 839//839 873//873 876//876
f 820//820 873//873 839//839
f 906//906 882//882 931//931
f 882//882 853//853 878//878
f 931//931 882//882 878//878
f 882//882 873//873 853//853
f 873//873 882//882 906//906
f 1108//1108 1128//1128 1136//1136
f 1108//1108 1119//1119 1081//1081
f 1119//1119 1108//1108 1136//1136
f 1152//1152 1136//1136 1172//1172
f 1009//1009 986//986 999//999
f 568//568 560//560 596//596
f 568//568 590//590 551//551
f 590//590 568//568 596//596
f 532//532 568//568 551//551
f 560//560 568//568 532//532
f 600//600 570//570 576//576
f 560//560 570//570 600//600
f 570//570 536//536 576//576
f 570//570 560//560 536//536
f 898//898 953//953 920//920
f 949//949 953//953 966//966
f 920//920 953//953 949//949
f 953//953 957//957 995//995
f 891//891 858//858 879//879
f 858//858 832//832 879//879
f 826//826 858//858 861//861
f 858//858 891//891 861//861
f 858//858 826//826 805//805
f 832//832 858//858 805//805
f 630//630 619//619 596//596
f 630//630 600//600 636//636
f 560//560 630//630 596//596
f 630//630 560//560 600//600
f 812//812 774//774 753//753
f 753//753 774//774 727//727
f 774//774 784//784 727//727
f 1052//1052 1020//1020 1014//1014
f 1020//1020 985//985 1014//1014
f 985//985 1020//1020 980//980
f 1058//1058 1020//1020 1052//1052
f 528//528 554//554 562//562
f 572//572 554//554 537//537
f 537//537 554//554 519//519
f 554//554 528//528 519//519
f 562//562 554//554 593//593
f 554//554 572//572 593//593
f 540//540 579//579 526//526
f 302//302 338//338 315//315
f 315//315 338//338 372//372
f 338//338 367//367 372//372
f 403//403 417//417 386//386
f 403//403 420//420 438//438
f 417//417 403//403 438//438
f 403//403 367//367 376//376
f 367//367 403//403 386//386
f 306//306 290//290 341//341
f 290//290 306//306 282//282
f 306//306 278//278 282//282
f 298//298 290//290 274//274
f 290//290 298//298 341//341
f 278//278 276//276 254//254
f 276//276 249//249 254//254
f 249//249 276//276 283//283
f 258//258 259//259 282//282
f 290//290 259//259 274//274
f 259//259 290//290 282//282
f 402//402 380//380 404//404
f 402//402 404//404 445//445
f 380//380 402//402 370//370
f 380//380 335//335 383//383
f 335//335 380//380 341//341
f 298//298 335//335 341//341
f 421//421 430//430 394//394
f 430//430 457//457 459//459
f 430//430 421//421 457//457
f 405//405 424//424 396//396
f 445//445 424//424 462//462
f 404//404 424//424 445//445
f 396//396 424//424 404//404
f 285//285 288//288 257//257
f 323//323 294//294 289//289
f 294//294 323//323 320//320
f 294//294 252//252 289//289
f 294//294 267//267 252//252
f 377//377 405//405 396//396
f 377//377 347//347 350//350
f 364//364 396//396 383//383
f 335//335 364//364 383//383
f 364//364 377//377 396//396
f 377//377 364//364 347//347
f 628//628 652//652 647//647
f 657//657 652//652 628//628
f 652//652 657//657 685//685
f 657//657 662//662 685//685
f 662//662 691//691 685//685
f 662//662 657//657 634//634
f 691//691 713//713 685//685
f 713//713 706//706 685//685
f 710//710 689//689 729//729
f 689//689 706//706 729//729
f 689//689 710//710 647//647
f 652//652 689//689 647//647
f 706//706 689//689 685//685
f 689//689 652//652 685//685
f 706//706 761//761 729//729
f 729//729 761//761 779//779
f 713//713 761//761 706//706
f 761//761 807//807 779//779
f 761//761 767//767 807//807
f 824//824 810//810 845//845
f 602//602 628//628 647//647
f 602//602 587//587 628//628
f 641//641 602//602 647//647
f 552//552 602//602 569//569
f 587//587 602//602 552//552
f 602//602 580//580 569//569
f 602//602 641//641 599//599
f 580//580 602//602 599//599
f 587//587 547//547 563//563
f 547//547 587//587 552//552
f 518//518 547//547 552//552
f 547//547 538//538 563//563
f 538//538 547//547 508//508
f 547//547 518//518 508//508
f 982//982 1018//1018 977//977
f 998//998 961//961 1006//1006
f 961//961 998//998 956//956
f 923//923 961//961 956//956
f 925//925 961//961 923//923
f 933//933 896//896 977//977
f 933//933 961//961 925//925
f 933//933 977//977 1006//1006
f 961//961 933//933 1006//1006
f 887//887 884//884 845//845
f 884//884 887//887 923//923
f 887//887 925//925 923//923
f 883//883 921//921 927//927
f 883//883 892//892 921//921
f 896//896 883//883 927//927
f 883//883 896//896 844//844
f 883//883 844//844 854//854
f 892//892 883//883 854//854
f 932//932 889//889 903//903
f 848//848 889//889 865//865
f 889//889 848//848 903//903
f 889//889 900//900 865//865
f 889//889 932//932 900//900
f 822//822 783//783 765//765
f 783//783 822//822 816//816
f 783//783 758//758 765//765
f 783//783 816//816 773//773
f 737//737 783//783 773//773
f 783//783 737//737 758//758
f 816//816 852//852 859//859
f 822//822 852//852 816//816
f 859//859 852//852 902//902
f 852//852 822//822 834//834
f 674//674 645//645 670//670
f 645//645 674//674 625//625
f 670//670 645//645 648//648
f 645//645 614//614 648//648
f 645//645 625//625 614//614
f 496//496 518//518 527//527
f 510//510 496//496 527//527
f 496//496 486//486 453//453
f 496//496 510//510 486//486
f 411//411 395//395 437//437
f 463//463 411//411 437//437
f 442//442 411//411 463//463
f 411//411 387//387 369//369
f 395//395 411//411 369//369
f 708//708 764//764 751//751
f 764//764 708//708 722//722
f 690//690 730//730 668//668
f 730//730 708//708 751//751
f 708//708 730//730 690//690
f 684//684 690//690 642//642
f 660//660 684//684 642//642
f 684//684 708//708 690//690
f 684//684 660//660 695//695
f 722//722 684//684 695//695
f 708//708 684//684 722//722
f 907//907 875//875 948//948
f 875//875 907//907 871//871
f 992//992 907//907 948//948
f 905//905 907//907 992//992
f 829//829 840//840 880//880
f 875//875 829//829 880//880
f 806//806 829//829 782//782
f 829//829 806//806 840//840
f 829//829 875//875 871//871
f 907//907 869//869 871//871
f 869//869 907//907 905//905
f 658//658 705//705 655//655
f 658//658 686//686 705//705
f 686//686 658//658 663//663
f 663//663 658//658 620//620
f 658//658 623//623 620//620
f 658//658 655//655 623//623
f 972//972 996//996 1012//1012
f 996//996 1029//1029 1012//1012
f 1273//1273 1268//1268 1263//1263
f 1218//1218 1246//1246 1240//1240
f 1218//1218 1240//1240 1212//1212
f 1234//1234 1214//1214 1216//1216
f 1234//1234 1247//1247 1226//1226
f 1214//1214 1234//1234 1226//1226
f 1254//1254 1256//1256 1263//1263
f 1268//1268 1254//1254 1263//1263
f 1234//1234 1254//1254 1247//1247
f 1272//1272 1256//1256 1251//1251
f 1267//1267 1272//1272 1251//1251
f 1256//1256 1272//1272 1263//1263
f 1272//1272 1273//1273 1263//1263
f 1272//1272 1267//1267 1275//1275
f 1223//1223 1210//1210 1201//1201
f 1210//1210 1223//1223 1217//1217
f 1210//1210 1184//1184 1201//1201
f 1145//1145 1154//1154 1167//1167
f 1154//1154 1145//1145 1120//1120
f 1133//1133 1154//1154 1120//1120
f 994//994 1028//1028 973//973
f 1028//1028 994//994 1050//1050
f 1028//1028 1059//1059 1029//1029
f 1028//1028 1050//1050 1059//1059
f 1079//1079 1076//1076 1044//1044
f 1044//1044 1076//1076 1039//1039
f 1076//1076 1069//1069 1039//1039
f 1069//1069 1076//1076 1102//1102
f 1076//1076 1079//1079 1102//1102
f 1157//1157 1194//1194 1175//1175
f 1115//1115 1157//1157 1141//1141
f 1157//1157 1175//1175 1141//1141
f 1200//1200 1215//1215 1186//1186
f 1215//1215 1200//1200 1230//1230
f 1215//1215 1230//1230 1228//1228
f 264//264 261//261 240//240
f 261//261 285//285 257//257
f 261//261 232//232 240//240
f 261//261 257//257 232//232
f 207//207 210//210 232//232
f 230//230 207//207 232//232
f 207//207 189//189 210//210
f 207//207 164//164 189//189
f 247//247 267//267 274//274
f 267//267 247//247 252//252
f 203//203 234//234 224//224
f 234//234 229//229 263//263
f 234//234 252//252 224//224
f 234//234 263//263 252//252
f 198//198 212//212 229//229
f 234//234 198//198 229//229
f 198//198 234//234 203//203
f 198//198 203//203 179//179
f 198//198 179//179 174//174
f 212//212 198//198 174//174
f 266//266 288//288 308//308
f 288//288 266//266 257//257
f 266//266 230//230 257//257
f 230//230 266//266 242//242
f 1156//1156 1191//1191 1164//1164
f 1156//1156 1138//1138 1139//1139
f 1138//1138 1156//1156 1164//1164
f 64//64 48//48 52//52
f 118//118 115//115 101//101
f 110//110 115//115 134//134
f 115//115 135//135 134//134
f 115//115 118//118 135//135
f 147//147 130//130 134//134
f 179//179 147//147 174//174
f 203//203 182//182 179//179
f 182//182 203//203 197//197
f 67//67 87//87 83//83
f 122//122 109//109 81//81
f 20//20 31//31 23//23
f 40//40 31//31 20//20
f 31//31 40//40 48//48
f 312//312 287//287 291//291
f 261//261 287//287 285//285
f 287//287 264//264 291//291
f 287//287 261//261 264//264
f 22//22 24//24 13//13
f 24//24 12//12 13//13
f 12//12 24//24 28//28
f 32//32 35//35 49//49
f 32//32 22//22 35//35
f 32//32 24//24 22//22
f 32//32 42//42 28//28
f 24//24 32//32 28//28
f 329//329 311//311 346//346
f 307//307 329//329 345//345
f 329//329 307//307 311//311
f 311//311 322//322 346//346
f 363//363 322//322 315//315
f 322//322 363//363 346//346
f 322//322 284//284 315//315
f 322//322 311//311 284//284
f 92//92 71//71 83//83
f 155//155 171//171 183//183
f 162//162 155//155 183//183
f 124//124 155//155 139//139
f 140//140 155//155 162//162
f 155//155 140//140 139//139
f 248//248 241//241 271//271
f 241//241 249//249 271//271
f 159//159 157//157 178//178
f 196//196 159//159 178//178
f 159//159 196//196 171//171
f 157//157 159//159 142//142
f 155//155 159//159 171//171
f 159//159 124//124 142//142
f 159//159 155//155 124//124
f 217//217 258//258 254//254
f 228//228 217//217 254//254
f 184//184 152//152 172//172
f 157//157 152//152 178//178
f 152//152 184//184 178//178
f 460//460 449//449 427//427
f 449//449 419//419 427//427
f 449//449 487//487 466//466
f 487//487 449//449 460//460
f 449//449 466//466 426//426
f 419//419 449//449 426//426
f 349//349 381//381 384//384
f 332//332 349//349 318//318
f 354//354 349//349 332//332
f 381//381 349//349 354//354
f 431//431 409//409 400//400
f 373//373 409//409 379//379
f 409//409 373//373 400//400
f 409//409 427//427 379//379
f 427//427 409//409 444//444
f 409//409 431//431 444//444
f 371//371 363//363 391//391
f 363//363 371//371 346//346
f 400//400 371//371 391//391
f 373//373 371//371 400//400
f 616//616 581//581 607//607
f 637//637 616//616 607//607
f 581//581 616//616 605//605
f 616//616 626//626 605//605
f 626//626 616//616 656//656
f 1007//1007 1033//1033 1015//1015
f 942//942 965//965 938//938
f 965//965 942//942 970//970
f 1001//1001 965//965 1009//1009
f 986//986 965//965 970//970
f 965//965 986//986 1009//1009
f 924//924 915//915 876//876
f 942//942 915//915 924//924
f 1002//1002 957//957 959//959
f 1002//1002 959//959 997//997
f 995//995 1002//1002 1013//1013
f 957//957 1002//1002 995//995
f 1002//1002 1011//1011 1013//1013
f 1011//1011 1002//1002 997//997
f 917//917 916//916 946//946
f 802//802 803//803 842//842
f 803//803 868//868 842//842
f 803//803 802//802 768//768
f 764//764 803//803 768//768
f 797//797 760//760 781//781
f 781//781 760//760 715//715
f 760//760 732//732 715//715
f 732//732 760//760 747//747
f 776//776 764//764 747//747
f 760//760 776//776 747//747
f 776//776 760//760 797//797
f 1064//1064 1049//1049 1089//1089
f 1049//1049 1064//1064 1035//1035
f 1035//1035 1064//1064 1037//1037
f 1064//1064 1077//1077 1037//1037
f 1031//1031 1049//1049 1019//1019
f 1049//1049 1031//1031 1058//1058
f 1031//1031 1020//1020 1058//1058
f 1031//1031 1019//1019 980//980
f 1020//1020 1031//1031 980//980
f 1108//1108 1091//1091 1128//1128
f 1091//1091 1052//1052 1048//1048
f 1052//1052 1091//1091 1081//1081
f 1091//1091 1108//1108 1081//1081
f 1099//1099 1064//1064 1089//1089
f 944//944 939//939 999//999
f 986//986 944//944 999//999
f 944//944 986//986 970//970
f 939//939 944//944 924//924
f 942//942 944//944 970//970
f 944//944 942//942 924//924
f 953//953 976//976 966//966
f 976//976 953//953 995//995
f 953//953 936//936 957//957
f 936//936 946//946 957//957
f 917//917 936//936 912//912
f 936//936 917//917 946//946
f 934//934 942//942 938//938
f 934//934 915//915 942//942
f 918//918 964//964 945//945
f 800//800 774//774 812//812
f 774//774 800//800 784//784
f 511//511 540//540 526//526
f 498//498 511//511 477//477
f 511//511 467//467 477//477
f 467//467 511//511 526//526
f 579//579 589//589 612//612
f 540//540 589//589 579//579
f 523//523 498//498 506//506
f 550//550 523//523 506//506
f 523//523 511//511 498//498
f 511//511 523//523 540//540
f 631//631 646//646 612//612
f 672//672 631//631 643//643
f 631//631 672//672 646//646
f 586//586 550//550 562//562
f 586//586 595//595 550//550
f 611//611 586//586 562//562
f 344//344 370//370 376//376
f 370//370 344//344 341//341
f 344//344 306//306 341//341
f 267//267 297//297 274//274
f 297//297 298//298 274//274
f 297//297 294//294 320//320
f 294//294 297//297 267//267
f 335//335 297//297 320//320
f 297//297 335//335 298//298
f 338//338 327//327 367//367
f 367//367 327//327 376//376
f 327//327 344//344 376//376
f 558//558 584//584 546//546
f 610//610 584//584 609//609
f 584//584 571//571 546//546
f 584//584 610//610 571//571
f 678//678 664//664 714//714
f 591//591 558//558 559//559
f 597//597 591//591 559//559
f 370//370 392//392 376//376
f 392//392 403//403 376//376
f 403//403 392//392 420//420
f 420//420 412//412 435//435
f 392//392 412//412 420//420
f 402//402 412//412 370//370
f 412//412 392//392 370//370
f 465//465 440//440 445//445
f 440//440 402//402 445//445
f 440//440 412//412 402//402
f 440//440 465//465 435//435
f 412//412 440//440 435//435
f 347//347 342//342 320//320
f 342//342 335//335 320//320
f 364//364 342//342 347//347
f 342//342 364//364 335//335
f 424//424 476//476 462//462
f 476//476 519//519 462//462
f 476//476 514//514 519//519
f 451//451 424//424 405//405
f 451//451 476//476 424//424
f 280//280 266//266 308//308
f 280//280 253//253 242//242
f 266//266 280//280 242//242
f 356//356 339//339 394//394
f 405//405 356//356 394//394
f 356//356 377//377 350//350
f 377//377 356//356 405//405
f 394//394 368//368 393//393
f 339//339 368//368 394//394
f 333//333 339//339 308//308
f 333//333 368//368 339//339
f 319//319 288//288 285//285
f 319//319 334//334 353//353
f 319//319 312//312 334//334
f 287//287 319//319 285//285
f 319//319 287//287 312//312
f 742//742 761//761 713//713
f 742//742 713//713 691//691
f 767//767 742//742 777//777
f 761//761 742//742 767//767
f 786//786 824//824 771//771
f 786//786 810//810 824//824
f 748//748 786//786 771//771
f 786//786 748//748 726//726
f 1026//1026 982//982 987//987
f 1026//1026 1018//1018 982//982
f 1023//1023 1026//1026 987//987
f 1026//1026 1023//1023 1057//1057
f 1085//1085 1080//1080 1118//1118
f 1080//1080 1117//1117 1118//1118
f 977//977 1021//1021 1006//1006
f 1018//1018 1021//1021 977//977
f 1021//1021 1047//1047 1006//1006
f 1047//1047 1021//1021 1075//1075
f 810//810 850//850 845//845
f 850//850 887//887 845//845
f 496//496 491//491 518//518
f 508//508 491//491 479//479
f 518//518 491//491 508//508
f 491//491 496//496 453//453
f 458//458 491//491 453//453
f 491//491 458//458 479//479
f 411//411 406//406 387//387
f 406//406 411//411 442//442
f 406//406 398//398 387//387
f 406//406 442//442 398//398
f 794//794 741//741 782//782
f 829//829 794//794 782//782
f 794//794 749//749 741//741
f 869//869 843//843 814//814
f 843//843 797//797 814//814
f 941//941 972//972 902//902
f 941//941 996//996 972//972
f 1247//1247 1261//1261 1248//1248
f 1261//1261 1252//1252 1248//1248
f 1254//1254 1261//1261 1247//1247
f 1261//1261 1254//1254 1268//1268
f 1246//1246 1225//1225 1245//1245
f 1218//1218 1225//1225 1246//1246
f 1225//1225 1217//1217 1245//1245
f 1203//1203 1210//1210 1217//1217
f 1210//1210 1203//1203 1184//1184
f 1225//1225 1203//1203 1217//1217
f 1203//1203 1225//1225 1218//1218
f 1202//1202 1222//1222 1216//1216
f 1222//1222 1228//1228 1237//1237
f 1222//1222 1194//1194 1228//1228
f 1254//1254 1243//1243 1256//1256
f 1243//1243 1254//1254 1234//1234
f 1243//1243 1222//1222 1237//1237
f 1243//1243 1234//1234 1216//1216
f 1222//1222 1243//1243 1216//1216
f 1251//1251 1243//1243 1237//1237
f 1256//1256 1243//1243 1251//1251
f 1155//1155 1154//1154 1133//1133
f 1154//1154 1155//1155 1184//1184
f 1155//1155 1133//1133 1140//1140
f 1155//1155 1140//1140 1168//1168
f 1184//1184 1155//1155 1168//1168
f 1198//1198 1202//1202 1175//1175
f 1194//1194 1198//1198 1175//1175
f 1198//1198 1222//1222 1202//1202
f 1222//1222 1198//1198 1194//1194
f 1171//1171 1178//1178 1186//1186
f 1171//1171 1151//1151 1178//1178
f 1194//1194 1171//1171 1186//1186
f 1157//1157 1171//1171 1194//1194
f 1123//1123 1149//1149 1115//1115
f 1149//1149 1157//1157 1115//1115
f 1149//1149 1171//1171 1157//1157
f 1149//1149 1123//1123 1151//1151
f 1171//1171 1149//1149 1151//1151
f 1194//1194 1209//1209 1228//1228
f 1209//1209 1215//1215 1228//1228
f 1209//1209 1194//1194 1186//1186
f 1215//1215 1209//1209 1186//1186
f 163//163 132//132 143//143
f 164//164 163//163 143//143
f 204//204 230//230 242//242
f 204//204 207//207 230//230
f 199//199 225//225 214//214
f 64//64 39//39 48//48
f 39//39 36//36 27//27
f 23//23 39//39 27//27
f 31//31 39//39 23//23
f 39//39 31//31 48//48
f 40//40 53//53 52//52
f 53//53 40//40 42//42
f 52//52 53//53 81//81
f 53//53 75//75 81//81
f 75//75 89//89 81//81
f 89//89 122//122 81//81
f 46//46 32//32 49//49
f 32//32 46//46 42//42
f 144//144 147//147 179//179
f 147//147 144//144 130//130
f 109//109 145//145 123//123
f 145//145 109//109 122//122
f 121//121 99//99 123//123
f 146//146 186//186 172//172
f 71//71 97//97 85//85
f 92//92 97//97 71//71
f 97//97 92//92 111//111
f 97//97 105//105 85//85
f 105//105 97//97 111//111
f 223//223 241//241 248//248
f 223//223 248//248 218//218
f 196//196 223//223 218//218
f 235//235 259//259 258//258
f 217//217 235//235 258//258
f 225//225 235//235 214//214
f 259//259 235//235 274//274
f 235//235 247//247 274//274
f 235//235 225//225 247//247
f 202//202 184//184 172//172
f 186//186 202//202 172//172
f 202//202 186//186 217//217
f 202//202 217//217 228//228
f 105//105 136//136 142//142
f 136//136 105//105 111//111
f 136//136 157//157 142//142
f 136//136 152//152 157//157
f 152//152 138//138 172//172
f 138//138 136//136 111//111
f 136//136 138//138 152//152
f 351//351 371//371 373//373
f 351//351 373//373 345//345
f 329//329 351//351 345//345
f 351//351 329//329 346//346
f 371//371 351//351 346//346
f 671//671 704//704 697//697
f 671//671 666//666 704//704
f 671//671 697//697 679//679
f 666//666 671//671 637//637
f 671//671 616//616 637//637
f 656//656 671//671 679//679
f 616//616 671//671 656//656
f 1033//1033 1003//1003 1030//1030
f 1003//1003 1001//1001 1030//1030
f 1003//1003 974//974 1001//1001
f 965//965 974//974 938//938
f 974//974 965//965 1001//1001
f 915//915 863//863 876//876
f 863//863 839//839 876//876
f 863//863 812//812 839//839
f 868//868 809//809 856//856
f 803//803 809//809 868//868
f 809//809 803//803 764//764
f 776//776 809//809 764//764
f 1091//1091 1101//1101 1128//1128
f 1128//1128 1101//1101 1147//1147
f 1101//1101 1091//1091 1048//1048
f 1147//1147 1101//1101 1146//1146
f 1101//1101 1110//1110 1146//1146
f 1101//1101 1087//1087 1110//1110
f 1054//1054 1101//1101 1048//1048
f 1087//1087 1101//1101 1054//1054
f 1097//1097 1099//1099 1134//1134
f 1097//1097 1134//1134 1131//1131
f 1099//1099 1097//1097 1064//1064
f 1105//1105 1097//1097 1131//1131
f 1097//1097 1105//1105 1092//1092
f 1077//1077 1097//1097 1092//1092
f 1064//1064 1097//1097 1077//1077
f 1134//1134 1124//1124 1142//1142
f 1099//1099 1124//1124 1134//1134
f 1124//1124 1152//1152 1142//1142
f 1119//1119 1124//1124 1089//1089
f 1124//1124 1099//1099 1089//1089
f 1124//1124 1119//1119 1136//1136
f 1152//1152 1124//1124 1136//1136
f 752//752 787//787 778//778
f 787//787 832//832 778//778
f 849//849 838//838 890//890
f 724//724 787//787 752//752
f 787//787 724//724 780//780
f 780//780 720//720 756//756
f 724//724 720//720 780//780
f 720//720 724//724 702//702
f 936//936 910//910 912//912
f 910//910 953//953 898//898
f 910//910 936//936 953//953
f 590//590 635//635 603//603
f 619//619 635//635 590//590
f 762//762 795//795 756//756
f 717//717 754//754 701//701
f 888//888 918//918 945//945
f 888//888 847//847 864//864
f 836//836 800//800 812//812
f 863//863 836//836 812//812
f 847//847 821//821 864//864
f 821//821 836//836 864//864
f 836//836 821//821 800//800
f 821//821 847//847 784//784
f 800//800 821//821 784//784
f 577//577 589//589 540//540
f 577//577 523//523 550//550
f 523//523 577//577 540//540
f 595//595 577//577 550//550
f 589//589 577//577 612//612
f 577//577 631//631 612//612
f 631//631 577//577 595//595
f 615//615 631//631 595//595
f 615//615 586//586 611//611
f 586//586 615//615 595//595
f 615//615 611//611 643//643
f 631//631 615//615 643//643
f 301//301 276//276 278//278
f 276//276 301//301 283//283
f 301//301 302//302 283//283
f 301//301 338//338 302//302
f 301//301 327//327 338//338
f 571//571 606//606 604//604
f 610//610 606//606 571//571
f 606//606 651//651 604//604
f 640//640 610//610 609//609
f 588//588 584//584 558//558
f 584//584 588//588 609//609
f 591//591 588//588 558//558
f 678//678 617//617 664//664
f 588//588 617//617 609//609
f 617//617 588//588 591//591
f 617//617 640//640 609//609
f 640//640 617//617 678//678
f 428//428 451//451 405//405
f 428//428 430//430 459//459
f 428//428 405//405 394//394
f 430//430 428//428 394//394
f 490//490 473//473 459//459
f 473//473 490//490 500//500
f 473//473 428//428 459//459
f 428//428 473//473 451//451
f 451//451 473//473 476//476
f 514//514 473//473 500//500
f 476//476 473//473 514//514
f 263//263 277//277 289//289
f 277//277 303//303 289//289
f 253//253 277//277 263//263
f 280//280 277//277 253//253
f 356//356 330//330 339//339
f 362//362 388//388 393//393
f 368//368 362//362 393//393
f 388//388 362//362 353//353
f 333//333 362//362 368//368
f 288//288 309//309 308//308
f 309//309 333//333 308//308
f 319//319 309//309 288//288
f 772//772 786//786 726//726
f 728//728 772//772 726//726
f 775//775 772//772 728//728
f 810//810 772//772 775//775
f 786//786 772//772 810//810
f 1026//1026 1065//1065 1018//1018
f 1065//1065 1026//1026 1057//1057
f 1117//1117 1065//1065 1057//1057
f 1080//1080 1065//1065 1117//1117
f 1053//1053 1085//1085 1075//1075
f 1021//1021 1053//1053 1075//1075
f 1053//1053 1080//1080 1085//1085
f 1053//1053 1021//1021 1018//1018
f 1065//1065 1053//1053 1018//1018
f 1053//1053 1065//1065 1080//1080
f 815//815 810//810 775//775
f 815//815 850//850 810//810
f 815//815 857//857 850//850
f 815//815 757//757 819//819
f 815//815 775//775 757//757
f 736//736 759//759 750//750
f 704//704 736//736 750//750
f 649//649 613//613 650//650
f 649//649 666//666 637//637
f 649//649 607//607 613//613
f 649//649 637//637 607//607
f 666//666 669//669 704//704
f 669//669 736//736 704//704
f 736//736 669//669 707//707
f 649//649 669//669 666//666
f 669//669 649//649 650//650
f 668//668 681//681 650//650
f 681//681 669//669 650//650
f 669//669 681//681 707//707
f 730//730 681//681 668//668
f 835//835 829//829 871//871
f 835//835 869//869 814//814
f 869//869 835//835 871//871
f 843//843 825//825 797//797
f 809//809 825//825 856//856
f 825//825 776//776 797//797
f 825//825 809//809 776//776
f 897//897 905//905 937//937
f 897//897 868//868 856//856
f 868//868 897//897 886//886
f 962//962 897//897 937//937
f 897//897 962//962 886//886
f 877//877 869//869 905//905
f 877//877 843//843 869//869
f 897//897 877//877 905//905
f 877//877 897//897 856//856
f 825//825 877//877 856//856
f 877//877 825//825 843//843
f 929//929 940//940 973//973
f 940//940 929//929 908//908
f 941//941 983//983 996//996
f 996//996 983//983 1029//1029
f 983//983 929//929 973//973
f 929//929 983//983 941//941
f 1028//1028 983//983 973//973
f 983//983 1028//1028 1029//1029
f 1188//1188 1218//1218 1212//1212
f 1188//1188 1203//1203 1218//1218
f 1167//1167 1188//1188 1212//1212
f 1154//1154 1188//1188 1167//1167
f 1188//1188 1154//1154 1184//1184
f 1203//1203 1188//1188 1184//1184
f 200//200 242//242 237//237
f 200//200 204//204 242//242
f 212//212 200//200 237//237
f 200//200 212//212 174//174
f 227//227 199//199 197//197
f 227//227 225//225 199//199
f 227//227 197//197 224//224
f 225//225 227//227 247//247
f 252//252 227//227 224//224
f 247//247 227//227 252//252
f 84//84 87//87 67//67
f 66//66 84//84 67//67
f 87//87 84//84 99//99
f 54//54 66//66 67//67
f 54//54 57//57 36//36
f 57//57 54//54 67//67
f 39//39 54//54 36//36
f 54//54 39//39 64//64
f 66//66 54//54 64//64
f 89//89 93//93 106//106
f 93//93 89//89 75//75
f 76//76 93//93 75//75
f 93//93 110//110 106//106
f 107//107 89//89 106//106
f 89//89 107//107 122//122
f 53//53 63//63 75//75
f 63//63 76//76 75//75
f 63//63 53//53 42//42
f 46//46 63//63 42//42
f 101//101 86//86 72//72
f 161//161 145//145 122//122
f 182//182 161//161 179//179
f 161//161 144//144 179//179
f 199//199 185//185 173//173
f 185//185 199//199 214//214
f 145//145 141//141 123//123
f 141//141 121//121 123//123
f 121//121 141//141 146//146
f 103//103 87//87 99//99
f 121//121 103//103 99//99
f 87//87 103//103 83//83
f 186//186 211//211 217//217
f 235//235 211//211 214//214
f 211//211 235//235 217//217
f 211//211 185//185 214//214
f 185//185 211//211 186//186
f 241//241 205//205 249//249
f 223//223 205//205 241//241
f 205//205 228//228 249//249
f 205//205 202//202 228//228
f 202//202 205//205 184//184
f 184//184 205//205 178//178
f 205//205 196//196 178//178
f 205//205 223//223 196//196
f 964//964 984//984 1015//1015
f 984//984 1007//1007 1015//1015
f 926//926 934//934 938//938
f 974//974 926//926 938//938
f 984//984 926//926 974//974
f 926//926 984//984 964//964
f 926//926 885//885 934//934
f 836//836 885//885 864//864
f 885//885 836//836 863//863
f 934//934 885//885 915//915
f 885//885 863//863 915//915
f 832//832 813//813 849//849
f 787//787 813//813 832//832
f 813//813 838//838 849//849
f 813//813 787//787 780//780
f 860//860 898//898 890//890
f 838//838 860//860 890//890
f 677//677 720//720 702//702
f 917//917 872//872 916//916
f 789//789 754//754 784//784
f 635//635 654//654 701//701
f 630//630 654//654 619//619
f 654//654 635//635 619//619
f 654//654 630//630 636//636
f 754//754 719//719 784//784
f 717//717 719//719 754//754
f 784//784 719//719 727//727
f 719//719 694//694 727//727
f 301//301 321//321 327//327
f 344//344 321//321 306//306
f 327//327 321//321 344//344
f 306//306 321//321 278//278
f 321//321 301//301 278//278
f 606//606 639//639 651//651
f 639//639 606//606 610//610
f 640//640 639//639 610//610
f 680//680 640//640 678//678
f 680//680 678//678 714//714
f 740//740 680//680 714//714
f 680//680 740//740 703//703
f 618//618 625//625 664//664
f 617//617 618//618 664//664
f 618//618 617//617 591//591
f 625//625 618//618 597//597
f 618//618 591//591 597//597
f 339//339 310//310 308//308
f 330//330 310//310 339//339
f 310//310 280//280 308//308
f 310//310 330//330 303//303
f 277//277 310//310 303//303
f 310//310 277//277 280//280
f 325//325 356//356 350//350
f 325//325 330//330 356//356
f 330//330 325//325 303//303
f 323//323 325//325 350//350
f 325//325 323//323 289//289
f 303//303 325//325 289//289
f 362//362 336//336 353//353
f 336//336 362//362 333//333
f 309//309 336//336 333//333
f 336//336 319//319 353//353
f 336//336 309//309 319//319
f 844//844 866//866 819//819
f 896//896 866//866 844//844
f 866//866 815//815 819//819
f 815//815 866//866 857//857
f 933//933 899//899 896//896
f 899//899 866//866 896//896
f 866//866 899//899 857//857
f 850//850 894//894 887//887
f 857//857 894//894 850//850
f 899//899 894//894 857//857
f 887//887 894//894 925//925
f 894//894 933//933 925//925
f 894//894 899//899 933//933
f 759//759 766//766 820//820
f 736//736 766//766 759//759
f 766//766 818//818 820//820
f 818//818 766//766 788//788
f 791//791 794//794 829//829
f 835//835 791//791 829//829
f 791//791 835//835 814//814
f 794//794 791//791 749//749
f 781//781 791//791 814//814
f 749//749 791//791 781//781
f 929//929 895//895 908//908
f 908//908 895//895 867//867
f 852//852 895//895 902//902
f 895//895 834//834 867//867
f 895//895 852//852 834//834
f 895//895 941//941 902//902
f 895//895 929//929 941//941
f 200//200 180//180 204//204
f 84//84 96//96 99//99
f 99//99 96//96 123//123
f 96//96 109//109 123//123
f 109//109 96//96 81//81
f 68//68 52//52 81//81
f 68//68 64//64 52//52
f 107//107 126//126 122//122
f 126//126 161//161 122//122
f 161//161 126//126 144//144
f 144//144 126//126 130//130
f 130//130 126//126 106//106
f 126//126 107//107 106//106
f 65//65 46//46 49//49
f 65//65 63//63 46//46
f 61//61 65//65 49//49
f 63//63 65//65 76//76
f 65//65 86//86 76//76
f 65//65 61//61 72//72
f 86//86 65//65 72//72
f 98//98 93//93 76//76
f 86//86 98//98 76//76
f 93//93 98//98 110//110
f 98//98 115//115 110//110
f 115//115 98//98 101//101
f 98//98 86//86 101//101
f 145//145 181//181 173//173
f 161//161 181//181 145//145
f 181//181 161//161 182//182
f 181//181 182//182 197//197
f 181//181 199//199 173//173
f 199//199 181//181 197//197
f 158//158 186//186 146//146
f 141//141 158//158 146//146
f 158//158 185//185 186//186
f 114//114 92//92 83//83
f 103//103 114//114 83//83
f 92//92 114//114 111//111
f 114//114 121//121 146//146
f 114//114 103//103 121//121
f 984//984 989//989 1007//1007
f 989//989 984//984 974//974
f 989//989 974//974 1003//1003
f 1007//1007 989//989 1033//1033
f 989//989 1003//1003 1033//1033
f 914//914 888//888 864//864
f 885//885 914//914 864//864
f 914//914 885//885 926//926
f 888//888 914//914 918//918
f 918//918 914//914 964//964
f 914//914 926//926 964//964
f 851//851 910//910 898//898
f 860//860 851//851 898//898
f 811//811 860//860 838//838
f 811//811 813//813 780//780
f 813//813 811//811 838//838
f 811//811 851//851 860//860
f 811//811 780//780 756//756
f 720//720 711//711 756//756
f 711//711 762//762 756//756
f 754//754 739//739 701//701
f 739//739 700//700 701//701
f 659//659 632//632 603//603
f 635//635 659//659 603//603
f 659//659 635//635 701//701
f 700//700 659//659 701//701
f 888//888 870//870 847//847
f 872//872 870//870 916//916
f 916//916 870//870 945//945
f 870//870 888//888 945//945
f 687//687 717//717 701//701
f 654//654 687//687 701//701
f 719//719 687//687 694//694
f 687//687 719//719 717//717
f 694//694 687//687 636//636
f 687//687 654//654 636//636
f 682//682 639//639 640//640
f 680//680 682//682 640//640
f 682//682 680//680 703//703
f 639//639 682//682 651//651
f 716//716 682//682 703//703
f 682//682 716//716 699//699
f 651//651 682//682 699//699
f 766//766 743//743 788//788
f 788//788 743//743 751//751
f 743//743 730//730 751//751
f 743//743 681//681 730//730
f 681//681 743//743 707//707
f 744//744 736//736 707//707
f 744//744 766//766 736//736
f 743//743 744//744 707//707
f 744//744 743//743 766//766
f 147//147 166//166 174//174
f 166//166 147//147 134//134
f 166//166 200//200 174//174
f 166//166 180//180 200//200
f 132//132 160//160 135//135
f 163//163 160//160 132//132
f 180//180 187//187 204//204
f 204//204 187//187 207//207
f 187//187 160//160 163//163
f 160//160 187//187 180//180
f 207//207 187//187 164//164
f 187//187 163//163 164//164
f 80//80 96//96 84//84
f 68//68 80//80 64//64
f 96//96 80//80 81//81
f 80//80 68//68 81//81
f 80//80 66//66 64//64
f 80//80 84//84 66//66
f 158//158 153//153 185//185
f 153//153 145//145 173//173
f 185//185 153//153 173//173
f 153//153 141//141 145//145
f 153//153 158//158 141//141
f 137//137 138//138 111//111
f 114//114 137//137 111//111
f 137//137 114//114 146//146
f 137//137 146//146 172//172
f 138//138 137//137 172//172
f 910//910 855//855 912//912
f 851//851 855//855 910//910
f 872//872 855//855 841//841
f 841//841 855//855 795//795
f 855//855 917//917 912//912
f 855//855 872//872 917//917
f 795//795 823//823 756//756
f 823//823 811//811 756//756
f 811//811 823//823 851//851
f 855//855 823//823 795//795
f 823//823 855//855 851//851
f 677//677 676//676 720//720
f 676//676 711//711 720//720
f 676//676 627//627 632//632
f 676//676 677//677 627//627
f 659//659 676//676 632//632
f 711//711 676//676 700//700
f 676//676 659//659 700//700
f 734//734 711//711 700//700
f 739//739 734//734 700//700
f 711//711 734//734 762//762
f 734//734 739//739 762//762
f 789//789 790//790 754//754
f 790//790 739//739 754//754
f 790//790 841//841 795//795
f 762//762 790//790 795//795
f 739//739 790//790 762//762
f 870//870 828//828 847//847
f 847//847 828//828 784//784
f 828//828 789//789 784//784
f 790//790 828//828 841//841
f 828//828 790//790 789//789
f 828//828 872//872 841//841
f 828//828 870//870 872//872
f 166//166 156//156 180//180
f 156//156 160//160 180//180
f 160//160 156//156 135//135
f 135//135 156//156 134//134
f 156//156 166//166 134//134
