0.65947902 0.43396500 -6.12573624 111 117 95 0.000000 0.145143 0.001108 0.989410
0.17790601 0.45884699 -6.23970795 56 60 57 0.000000 0.612421 0.001370 -0.790530
0.44758701 0.65227801 -6.24693203 72 75 77 0.000000 0.711237 0.001381 -0.702951
0.40745601 0.39062399 -6.16586685 107 146 89 0.000000 -0.199215 0.001152 0.979955
0.56557202 0.20521800 -6.08961821 92 101 84 0.000000 0.674661 0.001380 0.738126
0.23168100 0.30715099 -6.15142012 97 111 80 0.000000 0.923189 0.001277 -0.384343
0.58563799 0.57442403 -6.18031502 52 64 47 0.000000 0.500299 0.001334 0.865851
0.31675899 0.54954302 -6.23168182 117 157 94 0.000000 0.018902 0.000995 0.999821
0.54470402 0.34487399 -6.12413120 94 135 68 0.000000 -0.209925 0.001160 0.977717
0.43474501 0.24856000 -6.12734222 126 150 95 0.000000 -0.215328 0.001164 0.976541
0.45320499 0.52867502 -6.18753815 85 125 61 0.000000 -0.256844 0.001195 0.966452
0.66429400 0.29430899 -6.09523678 159 180 145 0.000000 0.251210 0.001191 0.967932
0.28385201 0.41149199 -6.19476223 110 152 77 0.000000 -0.201881 0.001154 0.979409
0.54791403 0.46767500 -6.15222311 104 144 85 0.000000 -0.056668 0.001030 0.998393
0.54871702 0.70525098 -6.22606421 85 88 67 0.000000 -0.157685 0.001118 0.987489
0.33923301 0.29350600 -6.15061808 140 169 115 0.000000 0.067624 0.001040 0.997710
0.17228700 0.35851899 -6.21964312 65 69 62 0.000000 0.856545 0.001340 -0.516071
0.36652201 0.47810900 -6.19315720 103 142 86 0.000000 -0.186011 0.001141 0.982547
0.37936401 0.59368700 -6.27662897 92 112 64 0.000000 -0.773712 0.001374 0.633537
0.51259899 0.62258101 -6.19235420 82 126 43 0.000000 -0.609379 0.001369 0.792878
0.25335199 0.48934600 -6.21241999 88 128 58 0.000000 -0.375114 0.001272 0.926978
0.63218999 0.50379300 -6.16345978 141 164 121 0.000000 0.251210 0.001191 0.967932
0.45561299 0.32801899 -6.14178896 96 136 71 0.000000 -0.279674 0.001211 0.960094
0.48530999 0.41309699 -6.15302610 99 138 80 0.000000 -0.215328 0.001164 0.976541
0.51179600 0.27103299 -6.11450005 97 143 67 0.000000 -0.218041 0.001166 0.975939
0.61934799 0.36493999 -6.11530209 112 148 94 0.000000 -0.106419 0.001075 0.994321
0.58884799 0.28547999 -6.10085487 96 139 64 0.000000 -0.254023 0.001193 0.967197
0.42912599 0.58806902 -6.22044611 149 184 133 0.000000 0.575560 0.001361 -0.817758
0.33200899 0.36493999 -6.17148590 119 155 99 0.000000 -0.092452 0.001063 0.995717
0.21883900 0.40908399 -6.21482801 91 134 44 0.000000 -0.378186 0.001273 0.925729
0.51902002 0.52546400 -6.17228794 112 152 91 0.000000 -0.076536 0.001048 0.997066
0.43313900 0.45242599 -6.17228794 104 145 77 0.000000 -0.065416 0.001038 0.997858
0.62897903 0.23652001 -6.08159208 105 128 73 0.000000 -0.487672 0.001329 0.873026
0.56958503 0.40426800 -6.13295984 123 161 97 0.000000 -0.291258 0.001219 0.956644
0.25255001 0.35851899 -6.18513012 104 144 74 0.000000 -0.178186 0.001135 0.983996
0.25495699 0.55114800 -6.22686720 130 141 120 0.000000 0.180786 0.001137 0.983522
0.39541599 0.31919000 -6.15463114 110 144 91 0.000000 -0.291258 0.001219 0.956644
0.38819301 0.54231900 -6.21482801 97 134 75 0.000000 -0.356781 0.001261 0.934187
0.48049399 0.21244200 -6.10807800 116 124 101 0.000000 -0.490829 0.001330 0.871255
0.49012601 0.68759400 -6.22044611 101 106 92 0.000000 0.228974 0.001174 -0.973432
0.31033799 0.49737200 -6.20680094 119 160 99 0.000000 0.000978 0.000978 0.999999
0.49092799 0.46928099 -6.16265678 113 152 86 0.000000 -0.615457 0.001371 0.788169
0.33842999 0.42513600 -6.18432808 102 140 83 0.000000 -0.123096 0.001089 0.992394
0.60650599 0.44760999 -6.14018297 95 138 72 0.000000 -0.209925 0.001160 0.977717
0.28465399 0.28949299 -6.14098597 157 184 143 0.000000 -0.041673 0.001016 0.999131
0.49253300 0.56960797 -6.18673611 88 131 59 0.000000 -0.207235 0.001158 0.978290
0.58162397 0.51904303 -6.16827488 133 172 121 0.000000 0.025017 0.001001 0.999686
0.67071497 0.36574200 -6.10567093 89 95 74 0.000000 0.311788 0.001232 0.950151
0.54390103 0.66431803 -6.18994617 93 100 60 0.000000 -0.668888 0.001379 0.743362
0.49734899 0.36493999 -6.14018297 105 139 78 0.000000 -0.288352 0.001217 0.957524
0.20519499 0.33363801 -6.18593311 123 158 95 0.000000 0.338631 0.001250 -0.940919
0.31435099 0.59288400 -6.25816917 136 148 124 0.000000 0.522373 0.001343 -0.852716
0.17068200 0.40908399 -6.24452400 64 68 63 0.000000 0.541234 0.001350 -0.840871
0.38819301 0.26942801 -6.15061808 185 182 156 0.000000 0.597153 0.001366 -0.802126
0.20680000 0.50379300 -6.22526121 124 137 118 0.000000 0.434129 0.001304 -0.900850
0.41066599 0.50138497 -6.19315720 90 131 59 0.000000 -0.223492 0.001170 0.974705
0.55433500 0.25176999 -6.10005188 99 143 71 0.000000 -0.245605 0.001186 0.969369
0.42912599 0.61295003 -6.26619482 63 92 25 0.000000 -0.792878 0.001369 0.609379
0.50376999 0.31597999 -6.12653923 95 137 73 0.000000 -0.201881 0.001154 0.979409
0.55353302 0.60893703 -6.17389297 111 148 91 0.000000 -0.157685 0.001118 0.987489
0.29187801 0.32882199 -6.16506481 143 173 112 0.000000 0.273924 0.001207 0.961751
0.62416297 0.31597999 -6.10326290 106 145 86 0.000000 -0.167869 0.001127 0.985809
0.46925700 0.62258101 -6.21884108 91 137 35 0.000000 -0.719425 0.001381 0.694569
0.46925700 0.28227001 -6.12814379 101 141 70 0.000000 -0.212622 0.001162 0.977134
0.45400801 0.37457100 -6.15222311 100 143 75 0.000000 -0.186011 0.001141 0.982547
0.38979799 0.43878099 -6.17870998 105 145 85 0.000000 -0.155160 0.001116 0.987889
0.52784902 0.42754400 -6.14580202 103 142 77 0.000000 -0.297091 0.001223 0.954848
0.28545699 0.45884699 -6.20278788 84 125 60 0.000000 -0.223492 0.001170 0.974705
0.52223003 0.21404700 -6.08640814 115 144 81 0.000000 -0.368984 0.001268 0.929435
0.24131300 0.44680700 -6.21643305 91 134 55 0.000000 -0.162760 0.001122 0.986665
0.53828299 0.56479299 -6.17549896 119 160 100 0.000000 -0.087863 0.001059 0.996132
0.34966701 0.52225399 -6.21241999 102 145 77 0.000000 0.000978 0.000978 0.999999
0.35368001 0.57041103 -6.24051094 98 142 62 0.000000 -0.118289 0.001085 0.992979
0.34083799 0.25337499 -6.13456488 121 140 112 0.000000 0.056668 0.001030 0.998393
0.42752099 0.29350600 -6.14178896 96 133 71 0.000000 -0.240031 0.001182 0.970765
0.62175602 0.40667599 -6.12413120 112 152 91 0.000000 -0.155160 0.001116 0.987889
0.54630899 0.29591399 -6.11369705 116 150 91 0.000000 -0.226229 0.001172 0.974073
0.29187801 0.37376899 -6.18031502 111 151 86 0.000000 -0.268202 0.001203 0.963362
0.37936401 0.36092699 -6.16426182 115 155 94 0.000000 -0.099398 0.001069 0.995047
0.64101797 0.46928099 -6.13938093 119 152 81 0.000000 -0.157685 0.001118 0.987489
0.58563799 0.34246600 -6.11610508 100 142 78 0.000000 -0.120688 0.001087 0.992690
0.59286100 0.48292500 -6.15463114 116 157 93 0.000000 0.010858 0.000987 0.999941
0.41869199 0.35290000 -6.15784121 193 195 146 0.000000 0.000978 0.000978 0.999999
0.36812699 0.40025499 -6.17389297 112 150 91 0.000000 -0.170436 0.001129 0.985368
0.39300799 0.58004200 -6.23569489 145 182 129 0.000000 0.722131 0.001381 -0.691755
0.45159999 0.48774099 -6.17469597 86 125 60 0.000000 -0.443546 0.001308 0.896251
0.53587502 0.38420299 -6.13536787 102 141 73 0.000000 -0.215328 0.001164 0.976541
0.60008502 0.21645500 -6.10406494 133 165 121 0.000000 0.155160 0.001116 0.987889
0.62496603 0.27745399 -6.08881617 85 129 47 0.000000 -0.335625 0.001248 0.941995
0.35769299 0.32962400 -6.15944576 121 159 104 0.000000 -0.022971 0.000999 0.999736
0.44838899 0.41470200 -6.16265678 98 137 75 0.000000 -0.294171 0.001221 0.955752
0.49574399 0.64986998 -6.21241999 94 135 57 0.000000 -0.522373 0.001343 0.852716
0.20519499 0.37055799 -6.20680094 85 132 26 0.000000 -0.462431 0.001317 0.886654
0.28064099 0.51824099 -6.21482801 118 157 100 0.000000 -0.058843 0.001032 0.998267
0.32237801 0.45724100 -6.19395924 111 151 92 0.000000 -0.226229 0.001172 0.974073
0.28786501 0.56960797 -6.24693203 47 51 43 0.000000 0.223492 0.001170 0.974705
0.46524400 0.58726603 -6.20439291 76 118 34 0.000000 -0.560008 0.001356 0.828486
0.54952002 0.50218803 -6.16506481 112 149 94 0.000000 0.094759 0.001065 0.995500
0.47246799 0.24615200 -6.11851311 119 152 90 0.000000 -0.226229 0.001172 0.974073
0.24693100 0.39303201 -6.19877481 93 135 61 0.000000 -0.359825 0.001263 0.933019
0.40183699 0.23411199 -6.12814379 142 166 124 0.000000 -0.035367 0.001010 0.999374
0.60891402 0.53830600 -6.18111706 139 150 125 0.000000 0.412244 0.001292 0.911072
0.48209900 0.50620103 -6.17228794 93 134 71 0.000000 -0.199215 0.001152 0.979955
0.65546602 0.33363801 -6.10406494 116 156 90 0.000000 -0.120688 0.001087 0.992690
0.42350799 0.55516100 -6.20920897 100 144 61 0.000000 -0.268202 0.001203 0.963362
0.25736499 0.32721701 -6.17068291 119 155 90 0.000000 -0.063217 0.001036 -0.997999
0.58804500 0.24695399 -6.09282923 104 143 76 0.000000 -0.242814 0.001184 0.970072
0.31435099 0.39945301 -6.18352509 125 158 95 0.000000 -0.191268 0.001145 0.981537
0.50457299 0.23652001 -6.10567093 101 143 75 0.000000 -0.188635 0.001143 0.982047
0.19395800 0.42914999 -6.23007679 90 134 35 0.000000 -0.618487 0.001371 0.785794
0.65787399 0.39463699 -6.11771011 128 161 104 0.000000 0.069839 0.001042 0.997558
0.56637502 0.37055799 -6.12493420 94 134 71 0.000000 -0.199215 0.001152 0.979955
0.20920800 0.46687299 -6.23087978 81 131 16 0.000000 -0.525521 0.001344 0.850780
0.32398301 0.32240099 -6.15864420 117 161 96 0.000000 -0.074296 0.001046 0.997236
0.56396699 0.44038600 -6.14259100 108 152 77 0.000000 -0.090153 0.001061 0.995927
0.52142799 0.48453000 -6.16185379 117 159 92 0.000000 -0.186011 0.001141 0.982547
0.46363899 0.44359699 -6.16506481 116 150 95 0.000000 -0.231726 0.001176 0.972780
0.47567800 0.66271198 -6.23489285 82 110 39 0.000000 -0.738126 0.001380 0.674661
0.45159999 0.22207300 -6.11931515 106 132 90 0.000000 -0.226229 0.001172 0.974073
0.44919199 0.60733199 -6.23810291 73 110 40 0.000000 -0.986241 0.001125 0.165311
0.52463800 0.59529197 -6.18192005 105 147 81 0.000000 -0.127937 0.001093 0.991782
0.55112499 0.53670102 -6.17549896 122 160 82 0.000000 -0.094759 0.001065 -0.995500
0.48290199 0.54071403 -6.18192005 92 133 67 0.000000 -0.145143 0.001108 0.989410
0.24211600 0.52466100 -6.21803808 123 155 94 0.000000 -0.069839 0.001042 0.997558
0.52303302 0.67234403 -6.21081400 92 134 47 0.000000 -0.544370 0.001351 0.838844
0.35688999 0.45001799 -6.18753815 110 145 84 0.000000 0.000978 0.000978 0.999999
0.17790601 0.33524299 -6.19877481 48 54 40 0.000000 0.756234 0.001377 -0.654300
0.18833999 0.39303201 -6.22606421 148 183 128 0.000000 0.459279 0.001316 -0.888291
0.59607202 0.38259700 -6.12252617 109 147 93 0.000000 -0.097074 0.001067 0.995277
0.56797999 0.31678200 -6.11369705 97 140 71 0.000000 -0.094759 0.001065 0.995500
0.33842999 0.48693800 -6.19797182 125 163 101 0.000000 0.000978 0.000978 0.999999
0.38418001 0.51182002 -6.20198488 110 151 88 0.000000 -0.167869 0.001127 0.985809
0.35127199 0.58646297 -6.27020788 83 89 64 0.000000 0.000978 0.000978 0.999999
0.40745601 0.47329399 -6.18432808 104 143 82 0.000000 -0.223492 0.001170 0.974705
0.42752099 0.32240099 -6.14821005 110 150 86 0.000000 -0.347682 0.001255 0.937612
0.59687400 0.42032099 -6.13135481 104 147 81 0.000000 -0.178186 0.001135 0.983996
0.48530999 0.60652900 -6.19556379 110 142 76 0.000000 -0.979955 0.001152 -0.199215
0.53988802 0.63381797 -6.18031502 87 129 53 0.000000 -0.421606 0.001297 0.906778
0.52062500 0.69802803 -6.22445917 119 132 99 0.000000 -0.320681 0.001238 0.947186
0.26378599 0.30795401 -6.14901304 131 172 107 0.000000 0.231726 0.001176 0.972780
0.45641500 0.55676597 -6.19395924 78 118 50 0.000000 -0.412244 0.001292 0.911072
0.40584999 0.60091102 -6.25415611 156 192 142 0.000000 0.992394 0.001089 -0.123096
0.50457299 0.44199100 -6.15463114 101 143 77 0.000000 -0.123096 0.001089 0.992394
0.25415501 0.42032099 -6.20439291 105 144 75 0.000000 -0.140185 0.001104 0.990125
0.42591599 0.52706897 -6.19636679 82 123 57 0.000000 -0.302950 0.001227 0.953006
0.30472001 0.43075499 -6.19395924 94 135 66 0.000000 -0.228974 0.001174 0.973432
0.41708699 0.41711000 -6.16907787 103 143 81 0.000000 -0.314746 0.001234 0.949175
0.48450699 0.34005901 -6.13777494 98 142 69 0.000000 -0.215328 0.001164 0.976541
0.36652201 0.29912499 -6.15142012 119 159 103 0.000000 0.000978 0.000978 0.999999
0.53266501 0.31999299 -6.12092113 95 135 72 0.000000 -0.209925 0.001160 0.977717
0.22766800 0.32801899 -6.17068291 100 142 59 0.000000 -0.245605 0.001186 0.969369
0.34164101 0.39303201 -6.17710400 105 146 84 0.000000 -0.314746 0.001234 0.949175
0.31194401 0.28949299 -6.14499903 133 173 117 0.000000 0.170436 0.001129 0.985368
0.28224701 0.54793799 -6.22686720 127 165 105 0.000000 0.083307 0.001055 0.996523
0.50938898 0.40346599 -6.14419699 99 143 72 0.000000 -0.329630 0.001244 0.944109
0.47246799 0.30875599 -6.13215685 113 152 87 0.000000 -0.368984 0.001268 -0.929435
0.64503199 0.35851899 -6.10968399 103 143 78 0.000000 -0.152643 0.001114 0.988281
0.41789001 0.26701999 -6.13697290 95 136 70 0.000000 -0.212622 0.001162 0.977134
0.58323002 0.54793799 -6.18272305 125 164 77 0.000000 0.437266 0.001305 -0.899331
0.64904499 0.27665100 -6.07838202 126 154 89 0.000000 0.037461 0.001012 0.999298
0.53266501 0.23491500 -6.09844685 107 149 85 0.000000 -0.183394 0.001139 0.983039
0.62657100 0.43155700 -6.13055182 106 146 82 0.000000 -0.106419 0.001075 0.994321
0.52142799 0.64665997 -6.19636679 79 121 32 0.000000 -0.654300 0.001377 0.756234
0.30552301 0.52947700 -6.21964312 121 161 103 0.000000 -0.160219 0.001120 0.987081
0.42591599 0.22448100 -6.12413120 133 157 119 0.000000 -0.127937 0.001093 0.991782
0.22766800 0.36012399 -6.19155121 103 149 57 0.000000 -0.237255 0.001180 0.971447
0.51179600 0.55516100 -6.17790699 108 147 86 0.000000 -0.113516 0.001081 0.993536
0.40264001 0.29109901 -6.14740705 126 141 89 0.000000 -0.145143 0.001108 0.989410
0.44758701 0.63060802 -6.26057720 72 91 47 0.000000 -0.889912 0.001314 0.456129
0.23087899 0.47650400 -6.22205114 93 136 52 0.000000 -0.323658 0.001240 0.946173
0.43233699 0.39383399 -6.16265678 188 201 154 0.000000 -0.152643 0.001114 0.988281
0.44357401 0.27183601 -6.13135481 113 153 88 0.000000 -0.193909 0.001147 0.981019
0.51661199 0.35129499 -6.13135481 93 133 69 0.000000 -0.228974 0.001174 0.973432
0.52142799 0.29752001 -6.11931515 111 148 78 0.000000 -0.196558 0.001149 0.980491
0.34966701 0.54472703 -6.22365618 110 156 77 0.000000 -0.180786 0.001137 0.983522
0.61453199 0.34086099 -6.11048698 106 150 81 0.000000 -0.178186 0.001135 0.983996
0.55995399 0.58485800 -6.17549896 125 167 106 0.000000 0.000978 0.000978 0.999999
0.29589099 0.30554599 -6.15703917 113 150 77 0.000000 -0.018902 0.000995 -0.999821
0.56476903 0.23009899 -6.09363079 127 170 107 0.000000 0.048051 0.001022 0.998844
0.30792999 0.34728199 -6.16907787 113 154 89 0.000000 -0.111142 0.001079 0.993804
0.56557202 0.27344099 -6.10326290 93 133 67 0.000000 -0.209925 0.001160 0.977717
0.46685001 0.46928099 -6.16907787 97 143 67 0.000000 -0.372047 0.001270 0.928213
0.37053499 0.58164799 -6.25576115 111 152 80 0.000000 -0.393609 0.001282 0.919277
0.57680899 0.46526700 -6.14901304 111 151 92 0.000000 -0.132811 0.001098 0.991141
0.17068200 0.43316299 -6.24131393 72 78 72 0.000000 0.939829 0.001251 -0.341642
0.28144401 0.34888700 -6.17389297 107 147 73 0.000000 -0.085581 0.001057 0.996331
0.35849601 0.27665100 -6.14740705 156 176 130 0.000000 0.108776 0.001077 0.994066
0.43875799 0.50459599 -6.18593311 90 131 65 0.000000 -0.231726 0.001176 0.972780
0.20519499 0.31517699 -6.17068291 119 130 105 0.000000 0.157685 0.001118 -0.987489
0.56155902 0.55917400 -6.17549896 139 176 129 0.000000 0.081042 0.001052 0.996710
0.37695599 0.56318700 -6.23007679 83 123 53 0.000000 -0.297091 0.001223 0.954848
0.61372900 0.25658599 -6.08640814 78 123 43 0.000000 -0.387428 0.001279 0.921899
0.30472001 0.47249100 -6.19957685 113 154 89 0.000000 -0.160219 0.001120 0.987081
0.45320499 0.63462102 -6.23168182 163 197 154 0.000000 0.308835 0.001230 -0.951115
0.45480999 0.35129499 -6.14821005 98 134 74 0.000000 -0.254023 0.001193 0.967197
0.50698102 0.50539899 -6.16907787 108 150 85 0.000000 -0.025017 0.001001 0.999686
0.53426999 0.26782301 -6.10888100 108 153 77 0.000000 -0.178186 0.001135 0.983996
0.17148501 0.37858400 -6.23328781 137 147 122 0.000000 0.854638 0.001342 -0.519223
0.42511299 0.60572600 -6.24211597 155 190 144 0.000000 0.541234 0.001350 -0.840871
0.39140299 0.41630799 -6.17309093 103 145 79 0.000000 -0.201881 0.001154 0.979409
0.33120701 0.56960797 -6.24612999 97 142 66 0.000000 0.065416 0.001038 0.997858
0.28465399 0.48212299 -6.20599794 103 145 76 0.000000 -0.142660 0.001106 0.989771
0.21883900 0.43155700 -6.22044611 82 131 28 0.000000 -0.384343 0.001277 0.923189
0.40103501 0.56318700 -6.22205114 83 126 47 0.000000 -0.375114 0.001272 0.926978
0.19476099 0.48613599 -6.23408985 125 137 116 0.000000 0.459279 0.001316 -0.888291
0.52544099 0.46285999 -6.15463114 102 143 81 0.000000 -0.157685 0.001118 0.987489
0.35046899 0.35049301 -6.16586685 129 160 101 0.000000 -0.058843 0.001032 0.998267
0.54229599 0.69802803 -6.20519590 171 205 122 0.000000 0.867668 0.001333 0.497143
0.54229599 0.44600499 -6.14740705 104 144 81 0.000000 -0.155160 0.001116 0.987889
0.22285300 0.38500500 -6.20599794 87 133 36 0.000000 -0.462431 0.001317 0.886654
0.36732399 0.43075499 -6.18111706 115 146 92 0.000000 -0.076536 0.001048 0.997066
0.62175602 0.47570199 -6.14981508 103 146 78 0.000000 -0.193909 0.001147 0.981019
0.26619399 0.44760999 -6.20760393 78 115 52 0.000000 -0.437266 0.001305 0.899331
0.46604699 0.40105799 -6.15463114 104 144 79 0.000000 -0.273924 0.001207 0.961751
0.47888899 0.37697899 -6.14580202 101 146 72 0.000000 -0.150135 0.001112 0.988665
0.60409802 0.51583302 -6.16827488 136 179 113 0.000000 -0.215328 0.001164 0.976541
0.63459700 0.29752001 -6.09523678 106 152 71 0.000000 -0.353743 0.001259 0.935342
0.36331099 0.50299102 -6.20198488 110 151 88 0.000000 -0.183394 0.001139 0.983039
0.25174701 0.46687299 -6.21482801 97 136 69 0.000000 -0.368984 0.001268 0.929435
0.49012601 0.27745399 -6.12092113 104 146 77 0.000000 -0.242814 0.001184 0.970072
0.28304899 0.43476799 -6.19877481 113 149 89 0.000000 -0.125512 0.001091 0.992091
0.31435099 0.37697899 -6.17870998 124 158 98 0.000000 0.259673 0.001197 -0.965696
0.59526902 0.30634800 -6.10567093 99 141 75 0.000000 -0.209925 0.001160 0.977717
0.39060101 0.34246600 -6.15864420 112 153 90 0.000000 0.016879 0.000993 0.999857
0.31916699 0.26942801 -6.13857794 160 184 148 0.000000 0.050193 0.001024 0.998739
0.39060101 0.49175400 -6.19315720 118 159 91 0.000000 -0.108776 0.001077 0.994066
0.48691499 0.62659401 -6.20599794 77 116 38 0.000000 0.191268 0.001145 0.981537
0.37695599 0.45964900 -6.18673611 103 146 81 0.000000 -0.204554 0.001156 0.978855
0.40344200 0.60412103 -6.27582598 72 84 53 0.000000 -0.245605 0.001186 0.969369
0.54229599 0.41229400 -6.13938093 102 144 80 0.000000 -0.223492 0.001170 0.974705
0.63780802 0.38580799 -6.11690807 105 145 85 0.000000 -0.081042 0.001052 0.996710
0.21883900 0.51984602 -6.21643305 89 98 89 0.000000 0.240031 0.001182 -0.970765
0.42671800 0.48372799 -6.18352509 88 126 63 0.000000 -0.279674 0.001211 0.960094
0.40986300 0.53830600 -6.20680094 102 149 65 0.000000 -0.196558 0.001149 0.980491
0.19556300 0.35209799 -6.20037985 121 160 81 0.000000 -0.329630 0.001244 0.944109
0.35207501 0.37457100 -6.17228794 107 147 85 0.000000 -0.111142 0.001079 0.993804
0.57440102 0.49335900 -6.15944576 115 151 95 0.000000 -0.125512 0.001091 0.992091
0.27421999 0.38339999 -6.18834114 105 146 75 0.000000 -0.528668 0.001345 0.848828
0.61212403 0.29190099 -6.09844685 95 136 68 0.000000 -0.302950 0.001227 0.953006
0.30472001 0.57362098 -6.25977421 60 62 56 0.000000 -0.262509 0.001199 -0.964929
0.47487599 0.64344901 -6.22526121 73 110 29 0.000000 -0.776155 0.001374 0.630540
0.47888899 0.58566099 -6.18272305 96 144 50 0.000000 -0.995500 0.001065 0.094759
0.19556300 0.46045199 -6.25174809 89 132 19 0.000000 -0.569351 0.001359 0.822094
0.45159999 0.29190099 -6.13536787 107 141 75 0.000000 -0.282560 0.001213 0.959249
0.41066599 0.44199100 -6.17549896 102 142 81 0.000000 -0.140492 0.001106 0.990081
0.51661199 0.37376899 -6.13777494 103 138 73 0.000000 -0.218041 0.001166 0.975939
0.45641500 0.60171300 -6.21884108 67 106 22 0.000000 -0.897798 0.001307 0.440405
0.50537503 0.58726603 -6.18593311 92 132 63 0.000000 -0.223492 0.001170 0.974705
0.64101797 0.41711000 -6.12493420 117 159 92 0.000000 -0.090153 0.001061 0.995927
0.24291800 0.34086099 -6.17870998 115 154 84 0.000000 -0.860313 0.001338 -0.509765
0.39942899 0.36654499 -6.16185379 116 150 90 0.000000 -0.160219 0.001120 0.987081
0.59125602 0.36253199 -6.11931515 107 147 83 0.000000 -0.130369 0.001096 0.991465
0.57119000 0.29430899 -6.10727596 92 134 65 0.000000 -0.188635 0.001143 0.982047
0.43795499 0.57201600 -6.21081400 83 123 47 0.000000 -0.311788 0.001232 0.950151
0.26218101 0.53349000 -6.21884108 140 182 118 0.000000 0.033281 0.001009 0.999445
0.58403200 0.44520199 -6.14098597 109 154 82 0.000000 -0.018902 0.000995 0.999821
0.54630899 0.22207300 -6.08881617 120 158 101 0.000000 -0.078785 0.001050 0.996891
0.38899499 0.38339999 -6.17148590 158 188 118 0.000000 0.967932 0.001191 0.251210
0.65305799 0.31357199 -6.10005188 138 179 114 0.000000 0.041673 0.001016 0.999131
0.32558799 0.52626699 -6.21803808 126 164 111 0.000000 -0.127937 0.001093 0.991782
0.46765199 0.42192599 -6.15784121 94 137 70 0.000000 -0.111142 0.001079 0.993804
0.23810200 0.50058299 -6.21964312 93 132 63 0.000000 -0.308835 0.001230 0.951115
0.33120701 0.58485800 -6.26779985 68 80 57 0.000000 0.437266 0.001305 0.899331
0.52945399 0.50459599 -6.16586685 116 160 94 0.000000 -0.039563 0.001014 0.999217
0.51982301 0.25337499 -6.10888100 96 140 68 0.000000 -0.160219 0.001120 0.987081
0.43474501 0.37296599 -6.15784121 101 141 75 0.000000 -0.365926 0.001266 0.930643
0.36973199 0.52305597 -6.21001101 106 148 81 0.000000 -0.178186 0.001135 0.983996
0.62576902 0.45082000 -6.13616991 94 136 65 0.000000 -0.251210 0.001191 0.967932
0.63459700 0.25417799 -6.07436800 102 135 56 0.000000 -0.449834 0.001311 0.893111
0.47086301 0.52305597 -6.18031502 83 116 59 0.000000 0.039563 0.001014 0.999217
0.55513799 0.38661101 -6.13135481 89 128 65 0.000000 -0.245605 0.001186 0.969369
0.56637502 0.34407201 -6.12011814 105 147 79 0.000000 -0.170436 0.001129 0.985368
0.67151803 0.34487399 -6.10486794 98 104 83 0.000000 0.056668 0.001030 0.998393
0.43634999 0.34647900 -6.15222311 99 136 72 0.000000 -0.256844 0.001195 0.966452
0.43073201 0.63783097 -6.25415611 50 54 57 0.000000 0.960094 0.001211 -0.279674
0.32799599 0.50539899 -6.20760393 125 164 110 0.000000 -0.074296 0.001046 0.997236
0.57119000 0.60091102 -6.17469597 131 139 104 0.000000 0.288352 0.001217 0.957524
0.35929799 0.24615200 -6.14339399 106 136 77 0.000000 0.550634 0.001353 -0.834745
0.53667802 0.36574200 -6.12974882 110 147 85 0.000000 -0.083307 0.001055 0.996523
0.58965099 0.26701999 -6.09523678 99 144 64 0.000000 -0.276796 0.001209 0.960928
0.49253300 0.39062399 -6.14580202 98 140 74 0.000000 -0.218041 0.001166 0.975939
0.55834800 0.51904303 -6.16827488 125 165 111 0.000000 0.000978 0.000978 0.999999
0.26378599 0.40186000 -6.19636679 98 140 67 0.000000 -0.173011 0.001131 0.984919
0.43715301 0.42914999 -6.16827488 83 119 56 0.000000 -0.173011 0.001131 0.984919
0.48209900 0.44279400 -6.16024923 93 132 72 0.000000 -0.191268 0.001145 0.981537
0.34565401 0.31517699 -6.15623617 122 164 99 0.000000 -0.041673 0.001016 0.999131
0.63299203 0.33765101 -6.10727596 109 149 88 0.000000 -0.152643 0.001114 0.988281
0.55754602 0.62980503 -6.17469597 57 56 47 0.000000 -0.988665 0.001112 -0.150135
0.57921702 0.21806000 -6.09603882 139 179 117 0.000000 0.406019 0.001289 0.913864
0.64743900 0.44841200 -6.12814379 96 132 66 0.000000 -0.285453 0.001215 0.958392
0.53587502 0.61535800 -6.18192005 87 128 56 0.000000 -0.563126 0.001357 0.826370
0.24612901 0.31838799 -6.15623617 111 152 79 0.000000 0.132811 0.001098 0.991141
0.38819301 0.59609503 -6.24934006 71 108 31 0.000000 -0.909655 0.001294 -0.415362
0.26298401 0.50539899 -6.21482801 110 151 90 0.000000 0.048051 0.001022 0.998844
0.64342600 0.49095100 -6.15543318 58 66 45 0.000000 0.142660 0.001106 0.989771
0.21643201 0.48613599 -6.22927523 88 132 39 0.000000 -0.399807 0.001286 0.916599
0.53266501 0.53910899 -6.17309093 119 153 108 0.000000 0.050193 0.001024 0.998739
0.47005999 0.56960797 -6.19476223 83 126 43 0.000000 -0.587928 0.001364 0.808912
0.44277099 0.54392397 -6.19476223 78 121 48 0.000000 -0.323658 0.001240 0.946173
0.57680899 0.38821599 -6.12653923 98 138 76 0.000000 -0.130369 0.001096 0.991465
0.50858599 0.42433399 -6.14981508 99 141 72 0.000000 -0.118289 0.001085 0.992979
0.19556300 0.44760999 -6.23248482 79 127 25 0.000000 -0.347682 0.001255 0.937612
0.50457299 0.21966501 -6.09764481 98 130 67 0.000000 -0.481358 0.001326 0.876523
0.41628399 0.24936201 -6.13135481 131 154 97 0.000000 -0.127937 0.001093 0.991782
0.48611200 0.32240099 -6.13215685 99 139 75 0.000000 -0.145143 0.001108 0.989410
0.61453199 0.23331000 -6.09282923 83 124 55 0.000000 -0.170436 0.001129 0.985368
0.34565401 0.46366200 -6.19315720 132 168 106 0.000000 -0.226229 0.001172 0.974073
0.66188699 0.41149199 -6.12413120 162 174 143 0.000000 0.237255 0.001180 0.971447
0.26779899 0.47570199 -6.21001101 102 143 71 0.000000 -0.033281 0.001009 0.999445
0.61292702 0.39062399 -6.12172318 108 148 87 0.000000 -0.186011 0.001141 0.982547
0.48852000 0.66431803 -6.22124815 85 119 51 0.000000 -0.633537 0.001374 0.773712
0.29348299 0.39142600 -6.18513012 106 148 80 0.000000 -0.132811 0.001098 0.991141
0.44437599 0.47088599 -6.17549896 85 124 66 0.000000 -0.591008 0.001365 0.806665
0.49654701 0.29912499 -6.12573624 91 133 67 0.000000 -0.155160 0.001116 0.987889
0.20519499 0.38741300 -6.21402502 131 168 101 0.000000 0.412244 0.001292 -0.911072
0.50617802 0.67876500 -6.21964312 105 142 78 0.000000 -0.234487 0.001178 0.972119
0.31595701 0.41711000 -6.18914413 98 141 70 0.000000 -0.218041 0.001166 0.975939
0.40665299 0.52145100 -6.20037985 84 128 52 0.000000 -0.276796 0.001209 0.960928
0.49012601 0.52466100 -6.17710400 98 138 78 0.000000 -0.142660 0.001106 0.989771
0.22686601 0.45643899 -6.22205114 95 138 55 0.000000 -0.415362 0.001294 0.909655
0.57841402 0.42834699 -6.13697290 99 139 79 0.000000 0.008867 0.000985 0.999960
0.40906101 0.33123001 -6.15463114 196 198 153 0.000000 0.175594 0.001133 0.984462
0.62496603 0.51743799 -6.17309093 108 112 94 0.000000 0.396706 0.001284 0.917945
0.43474501 0.60813397 -6.22686720 155 190 143 0.000000 0.819933 0.001360 -0.572458
0.32478601 0.47489899 -6.19797182 116 158 94 0.000000 -0.123096 0.001089 0.992394
0.24853601 0.29992700 -6.14339399 121 144 87 0.000000 0.039563 0.001014 -0.999217
0.39862701 0.25979599 -6.13938093 104 136 82 0.000000 -0.152643 0.001114 0.988281
0.34244299 0.27023000 -6.14098597 138 175 125 0.000000 0.162760 0.001122 0.986665
0.27421999 0.31919000 -6.15864420 126 168 100 0.000000 0.054502 0.001028 0.998513
0.23810200 0.41309699 -6.20840597 94 136 55 0.000000 -0.437266 0.001305 0.899331
0.25495699 0.37858400 -6.19155121 108 147 77 0.000000 -0.443546 0.001308 0.896251
0.48691499 0.48934600 -6.16827488 97 136 75 0.000000 -0.152643 0.001114 0.988281
0.18914200 0.41068900 -6.22927523 136 174 106 0.000000 0.788169 0.001371 -0.615457
0.36732399 0.54793799 -6.22285414 95 138 68 0.000000 -0.212622 0.001162 0.977134
0.36893001 0.38019001 -6.16987991 103 142 83 0.000000 -0.237255 0.001180 0.971447
0.31997001 0.43958399 -6.19074917 106 149 78 0.000000 -0.167869 0.001127 0.985809
0.33602199 0.34005901 -6.16426182 111 149 91 0.000000 -0.113516 0.001081 0.993536
0.38257399 0.28628299 -6.14901304 114 150 96 0.000000 -0.170436 0.001129 0.985368
0.46845499 0.49496400 -6.17469597 92 136 64 0.000000 -0.297091 0.001223 0.954848
0.29990399 0.44760999 -6.19716978 94 139 65 0.000000 -0.215328 0.001164 0.976541
0.20519499 0.41791299 -6.22205114 123 161 84 0.000000 0.459279 0.001316 -0.888291
0.41789001 0.45964900 -6.17790699 110 149 86 0.000000 -0.256844 0.001195 0.966452
0.55834800 0.41951799 -6.13697290 94 135 71 0.000000 -0.145143 0.001108 0.989410
0.29187801 0.50539899 -6.21001101 114 153 95 0.000000 -0.165311 0.001125 0.986241
0.48691499 0.23812599 -6.11209202 97 138 69 0.000000 -0.242814 0.001184 0.970072
0.52062500 0.57041103 -6.17951202 103 145 79 0.000000 -0.199215 0.001152 0.979955
0.50778300 0.60412103 -6.19074917 85 124 54 0.000000 -0.409130 0.001291 0.912475
0.60891402 0.46446499 -6.14499903 108 151 86 0.000000 -0.050193 0.001024 0.998739
0.44036299 0.30554599 -6.14018297 95 137 69 0.000000 -0.175594 0.001133 0.984462
0.44919199 0.39062399 -6.15784121 98 139 73 0.000000 -0.254023 0.001193 0.967197
0.44116601 0.62819999 -6.24291897 170 204 164 0.000000 0.995500 0.001065 -0.094759
0.60650599 0.27584901 -6.09363079 94 141 56 0.000000 -0.254023 0.001193 0.967197
0.66911000 0.31919000 -6.10486794 107 122 94 0.000000 0.157685 0.001118 0.987489
0.41467899 0.58485800 -6.23007679 130 167 111 0.000000 0.606331 0.001369 -0.795211
0.65867603 0.37858400 -6.11048698 91 132 57 0.000000 -0.362873 0.001264 0.931838
0.18833999 0.32561100 -6.18834114 98 110 87 0.000000 0.372047 0.001270 -0.928213
0.51821703 0.32882199 -6.12573624 99 142 72 0.000000 -0.157685 0.001118 0.987489
0.46765199 0.26541501 -6.12332916 105 145 81 0.000000 -0.356781 0.001261 0.934187
0.56476903 0.47730699 -6.15302610 116 158 94 0.000000 -0.106419 0.001075 0.994321
0.59767699 0.33042699 -6.11209202 100 140 77 0.000000 -0.191268 0.001145 0.981537
0.30391699 0.56399000 -6.24291897 115 153 86 0.000000 0.054502 0.001028 0.998513
0.18512900 0.36975601 -6.21723509 134 171 106 0.000000 0.381263 0.001275 -0.924466
0.30712801 0.31919000 -6.16024923 155 180 121 0.000000 -0.085581 0.001057 0.996331
0.54309899 0.58806902 -6.17630100 111 151 92 0.000000 -0.285453 0.001215 0.958392
0.54791403 0.27825701 -6.10888100 102 146 74 0.000000 -0.265352 0.001201 0.964151
0.41227099 0.61375201 -6.26378679 78 80 72 0.000000 0.711237 0.001381 -0.702951
0.55513799 0.32721701 -6.11771011 103 143 83 0.000000 -0.094759 0.001065 0.995500
0.47005999 0.67555398 -6.22526121 88 94 80 0.000000 0.175594 0.001133 -0.984462
0.32317999 0.29992700 -6.15222311 158 183 128 0.000000 0.209925 0.001160 0.977717
0.34003499 0.58566099 -6.25335312 116 166 71 0.000000 0.657235 0.001378 -0.753685
0.47005999 0.22448100 -6.11369705 98 139 76 0.000000 -0.332624 0.001246 0.943059
0.58884799 0.50459599 -6.16345978 125 166 106 0.000000 0.000978 0.000978 0.999999
0.45079699 0.25257301 -6.12413120 92 129 66 0.000000 -0.204554 0.001156 0.978855
0.39942899 0.45884699 -6.18111706 103 145 79 0.000000 -0.186011 0.001141 0.982547
0.27261499 0.36734799 -6.18352509 105 145 76 0.000000 -0.288352 0.001217 0.957524
0.31033799 0.51342499 -6.21161699 122 164 102 0.000000 0.058843 0.001032 0.998267
0.29749599 0.27905899 -6.13857794 181 208 170 0.000000 0.317711 0.001236 0.948187
0.42029700 0.38019001 -6.16185379 103 136 78 0.000000 -0.065416 0.001038 0.997858
0.37294301 0.32320300 -6.15784121 130 162 105 0.000000 -0.065416 0.001038 0.997858
0.50136203 0.25819099 -6.11289501 100 140 76 0.000000 -0.242814 0.001184 0.970072
0.41628399 0.30474299 -6.14660501 99 140 74 0.000000 -0.178186 0.001135 0.983996
0.19074801 0.47008300 -6.23328781 149 174 131 0.000000 0.393609 0.001282 -0.919277
0.52544099 0.40266299 -6.14018297 98 141 74 0.000000 -0.248404 0.001189 0.968656
0.37294301 0.41630799 -6.17549896 141 172 115 0.000000 -0.043791 0.001018 0.999040
0.38177201 0.60412103 -6.26218224 105 146 52 0.000000 0.763803 0.001376 0.645448
0.38257399 0.47650400 -6.18994617 111 155 84 0.000000 -0.209925 0.001160 0.977717
0.35528499 0.40908399 -6.17870998 106 145 86 0.000000 -0.215328 0.001164 0.976541
0.44357401 0.59448999 -6.22606421 78 113 45 0.000000 -0.707106 0.001384 0.707106
0.44437599 0.61615998 -6.25335312 60 91 20 0.000000 -0.393609 0.001282 0.919277
0.27823400 0.30313799 -6.15463114 118 157 81 0.000000 -0.145143 0.001108 -0.989410
0.46283600 0.64344901 -6.24131393 64 96 25 0.000000 -0.869469 0.001331 0.493986
0.33361399 0.40988699 -6.18192005 101 141 78 0.000000 -0.160219 0.001120 0.987081
0.58965099 0.53188503 -6.17389297 138 178 117 0.000000 0.130369 0.001096 0.991465
0.33120701 0.53910899 -6.22606421 98 139 73 0.000000 -0.308835 0.001230 0.951115
0.45962599 0.66431803 -6.23408985 62 67 65 0.000000 0.648407 0.001377 -0.761293
0.41869199 0.59127897 -6.25255108 73 112 45 0.000000 -0.970072 0.001184 0.242814
0.51019102 0.46125400 -6.15944576 122 155 101 0.000000 -0.152643 0.001114 0.988281
0.51500702 0.65869898 -6.20840597 77 114 45 0.000000 -0.654300 0.001377 0.756234
0.49333599 0.55435801 -6.18192005 87 125 68 0.000000 -0.196558 0.001149 0.980491
0.29910201 0.41068900 -6.18994617 100 139 72 0.000000 -0.317711 0.001236 0.948187
0.50698102 0.64104199 -6.20519590 74 109 42 0.000000 -0.487672 0.001329 0.873026
0.59446597 0.40507099 -6.12734222 105 143 88 0.000000 -0.215328 0.001164 0.976541
0.39300799 0.39864999 -6.16907787 116 151 89 0.000000 -0.317711 0.001236 0.948187
0.61292702 0.48774099 -6.15543318 110 151 89 0.000000 -0.173011 0.001131 0.984919
0.53587502 0.65067297 -6.18834114 70 109 27 0.000000 -0.609379 0.001369 0.792878
0.63941300 0.40186000 -6.12092113 116 158 91 0.000000 -0.162760 0.001122 0.986665
0.42431101 0.51182002 -6.19235420 84 126 60 0.000000 -0.262509 0.001199 0.964929
0.47888899 0.59208202 -6.19716978 84 125 43 0.000000 -0.881656 0.001322 0.471891
0.52865100 0.68598801 -6.21643305 96 134 67 0.000000 -0.234487 0.001178 0.972119
0.48530999 0.25498101 -6.11610508 111 148 88 0.000000 -0.547504 0.001352 -0.836802
0.22766800 0.34326899 -6.18192005 93 138 51 0.000000 -0.350710 0.001257 0.936483
0.45561299 0.23812599 -6.12011814 98 140 74 0.000000 -0.234487 0.001178 0.972119
0.23970801 0.42834699 -6.21161699 100 139 64 0.000000 -0.317711 0.001236 0.948187
0.38498199 0.52626699 -6.20840597 107 152 81 0.000000 -0.231726 0.001176 0.972780
0.61613703 0.22046800 -6.10165787 78 105 64 0.000000 -0.265352 0.001201 0.964151
0.50216502 0.49095100 -6.16506481 106 146 86 0.000000 -0.271059 0.001205 0.962562
0.27101001 0.55676597 -6.23328781 141 163 121 0.000000 0.226229 0.001172 0.974073
0.21161599 0.45162299 -6.22847223 79 127 18 0.000000 -0.347682 0.001255 0.937612
0.43233699 0.41470200 -6.16506481 119 148 92 0.000000 -0.048051 0.001022 0.998844
0.56316400 0.45804399 -6.14740705 111 152 88 0.000000 -0.111142 0.001079 0.993804
0.53667802 0.48212299 -6.16024923 112 154 90 0.000000 -0.282560 0.001213 0.959249
0.45320499 0.50459599 -6.18031502 87 126 63 0.000000 -0.569351 0.001359 0.822094
0.54791403 0.31357199 -6.11690807 100 141 75 0.000000 -0.279674 0.001211 0.960094
0.60570300 0.35290000 -6.11450005 102 143 81 0.000000 -0.099398 0.001069 0.995047
0.54470402 0.67555398 -6.20037985 50 56 36 0.000000 -0.881656 0.001322 0.471891
0.57680899 0.25899401 -6.09764481 100 142 73 0.000000 -0.183394 0.001139 0.983039
0.33522001 0.55837202 -6.23649788 100 142 72 0.000000 -0.308835 0.001230 0.951115
0.36250901 0.26300699 -6.14178896 145 174 132 0.000000 0.276796 0.001209 0.960928
0.52624398 0.69963300 -6.21001101 165 193 138 0.000000 0.381263 0.001275 -0.924466
0.38177201 0.31116399 -6.15463114 123 153 97 0.000000 0.199215 0.001152 0.979955
0.54711199 0.43235999 -6.14259100 102 143 79 0.000000 -0.245605 0.001186 0.969369
0.41628399 0.56639802 -6.21643305 90 130 54 0.000000 -0.541234 0.001350 0.840871
0.44999501 0.56960797 -6.20198488 79 121 43 0.000000 -0.686096 0.001380 0.727510
0.57038802 0.54713500 -6.17309093 139 179 126 0.000000 0.152643 0.001114 0.988281
0.52303302 0.44118899 -6.14981508 102 141 82 0.000000 -0.193909 0.001147 0.981019
0.27181301 0.49014899 -6.20920897 102 145 74 0.000000 -0.223492 0.001170 0.974705
0.45721799 0.64746302 -6.25736618 46 55 36 0.000000 -0.773712 0.001374 0.633537
0.60730797 0.43075499 -6.13376188 101 140 83 0.000000 -0.155160 0.001116 0.987889
0.45240200 0.45162299 -6.17068291 108 136 78 0.000000 -0.123096 0.001089 0.992394
0.63620299 0.37136099 -6.11369705 105 148 78 0.000000 -0.074296 0.001046 0.997236
0.42511299 0.54151702 -6.20358992 90 132 60 0.000000 -0.544370 0.001351 0.838844
0.57520300 0.35932100 -6.12092113 102 144 77 0.000000 -0.186011 0.001141 0.982547
0.47808599 0.46045199 -6.16506481 97 140 73 0.000000 -0.207235 0.001158 0.978290
0.27662799 0.33604500 -6.16827488 117 159 89 0.000000 -0.115898 0.001083 0.993261
0.31997001 0.57843697 -6.26057720 101 126 75 0.000000 -0.341642 0.001251 0.939829
0.23408900 0.37858400 -6.19877481 91 135 49 0.000000 -0.381263 0.001275 0.924466
0.34966701 0.57442403 -6.25415611 126 168 91 0.000000 0.766300 0.001376 -0.642481
0.50457299 0.47489899 -6.16185379 108 149 85 0.000000 -0.008867 0.000985 0.999960
0.25576001 0.43717599 -6.20840597 111 151 80 0.000000 -0.531813 0.001346 0.846861
0.29187801 0.55756903 -6.23730087 113 152 84 0.000000 0.043791 0.001018 0.999040
0.35368001 0.55676597 -6.23087978 107 150 73 0.000000 -0.113516 0.001081 0.993536
0.25977299 0.34808499 -6.17790699 112 154 80 0.000000 -0.215328 0.001164 0.976541
0.44196799 0.55756903 -6.20037985 86 129 51 0.000000 -0.594083 0.001366 0.804402
0.54390103 0.52064800 -6.16907787 122 160 108 0.000000 -0.008867 0.000985 0.999960
0.38257399 0.58244997 -6.24773502 133 169 113 0.000000 0.642481 0.001376 -0.766300
0.54791403 0.20923100 -6.08239508 104 112 95 0.000000 0.050193 0.001024 0.998739
0.45079699 0.43316299 -6.16586685 105 134 80 0.000000 -0.375114 0.001272 0.926978
0.36491701 0.34166399 -6.16265678 135 164 106 0.000000 0.135260 0.001100 0.990809
0.36732399 0.57442403 -6.24372101 98 139 64 0.000000 -0.078785 0.001050 0.996891
0.42912599 0.27986199 -6.13777494 111 145 83 0.000000 -0.220763 0.001168 0.975327
0.50778300 0.54151702 -6.17630100 102 142 83 0.000000 -0.072063 0.001044 0.997400
0.30953601 0.36413699 -6.17469597 112 154 84 0.000000 -0.178186 0.001135 0.983996
0.58804500 0.22929700 -6.09603882 128 168 111 0.000000 0.106419 0.001075 0.994321
0.44678399 0.61214697 -6.22044611 153 188 140 0.000000 0.449834 0.001311 -0.893111
0.36090299 0.36012399 -6.16666985 105 146 83 0.000000 -0.259673 0.001197 0.965696
0.54630899 0.23892801 -6.09844685 106 146 86 0.000000 -0.115898 0.001083 0.993261
0.57600600 0.58405501 -6.17630100 160 185 136 0.000000 0.302950 0.001227 0.953006
0.47567800 0.60652900 -6.20599794 84 126 41 0.000000 -0.550634 0.001353 0.834745
0.18191899 0.43637300 -6.23328781 134 167 102 0.000000 0.381263 0.001275 -0.924466
0.40424499 0.55034500 -6.21161699 83 125 52 0.000000 -0.338631 0.001250 0.940919
0.32639101 0.49175400 -6.20358992 116 155 101 0.000000 -0.248404 0.001189 0.968656
0.57520300 0.24133600 -6.09443378 116 157 90 0.000000 -0.183394 0.001139 0.983039
0.21482600 0.35530800 -6.19476223 108 152 66 0.000000 -0.633537 0.001374 0.773712
0.17951100 0.35129499 -6.21001101 145 174 121 0.000000 0.234487 0.001178 -0.972119
0.37936401 0.26300699 -6.14178896 141 151 111 0.000000 -0.294171 0.001221 0.955752
0.63620299 0.27103299 -6.07918406 91 133 48 0.000000 -0.226229 0.001172 0.974073
0.59045303 0.46847799 -6.14821005 119 160 98 0.000000 -0.104070 0.001073 0.994569
0.33361399 0.44118899 -6.18834114 114 155 92 0.000000 -0.106419 0.001075 0.994321
0.47005999 0.54312199 -6.18673611 106 137 75 0.000000 0.087863 0.001059 0.996132
0.39300799 0.59368700 -6.26218224 73 110 38 0.000000 -0.683251 0.001380 0.730182
0.55834800 0.49255699 -6.16024923 114 154 94 0.000000 -0.135260 0.001100 0.990809
0.40745601 0.59047598 -6.24051094 145 181 133 0.000000 0.437266 0.001305 -0.899331
0.48290199 0.29912499 -6.12814379 97 135 75 0.000000 -0.288352 0.001217 0.957524
0.48691499 0.42674199 -6.15463114 102 144 77 0.000000 -0.155160 0.001116 0.987889
0.58483499 0.37457100 -6.12172318 102 143 84 0.000000 -0.231726 0.001176 0.972780
0.57199299 0.52867502 -6.17068291 142 182 126 0.000000 0.016879 0.000993 0.999857
0.22606300 0.50539899 -6.22445917 82 118 47 0.000000 -0.478202 0.001325 0.878249
0.36250901 0.59288400 -6.25656414 110 160 62 0.000000 -0.378186 0.001273 0.925729
0.44277099 0.61937100 -6.23248482 171 205 158 0.000000 0.840871 0.001350 -0.541234
0.53507203 0.70525098 -6.22445917 83 90 70 0.000000 0.248404 0.001189 0.968656
0.57520300 0.50620103 -6.16426182 120 160 106 0.000000 -0.099398 0.001069 0.995047
0.48290199 0.63783097 -6.21563005 79 120 32 0.000000 -0.421606 0.001297 0.906778
0.34164101 0.50620103 -6.20680094 100 145 74 0.000000 0.043791 0.001018 0.999040
0.23087899 0.43797800 -6.21723509 114 158 72 0.000000 0.140185 0.001104 0.990125
0.51741499 0.38741300 -6.13857794 95 138 71 0.000000 -0.215328 0.001164 0.976541
0.24612901 0.53750300 -6.22044611 143 167 122 0.000000 -0.193909 0.001147 0.981019
0.52704602 0.62498897 -6.18593311 82 120 55 0.000000 -0.165311 0.001125 0.986241
0.47888899 0.65548903 -6.21723509 163 195 127 0.000000 0.566240 0.001358 -0.824239
0.35287699 0.29912499 -6.15142012 125 166 107 0.000000 -0.008867 0.000985 0.999960
0.30311501 0.54954302 -6.23168182 126 168 101 0.000000 -0.152643 0.001114 0.988281
0.46845499 0.33123001 -6.13857794 109 148 83 0.000000 -0.271059 0.001205 0.962562
0.44357401 0.33283499 -6.14580202 106 146 81 0.000000 -0.212622 0.001162 0.977134
0.50296801 0.61455500 -6.19797182 84 124 46 0.000000 -0.636526 0.001375 0.771254
0.29268101 0.53349000 -6.22124815 131 172 110 0.000000 0.356781 0.001261 0.934187
0.26378599 0.46285999 -6.20840597 84 125 54 0.000000 -0.300017 0.001225 0.953933
0.41467899 0.31758499 -6.15061808 103 132 76 0.000000 -0.268202 0.001203 0.963362
0.49734899 0.33925599 -6.13376188 99 140 72 0.000000 -0.302950 0.001227 0.953006
0.30632499 0.30072999 -6.14981508 132 171 115 0.000000 0.162760 0.001122 0.986665
0.16827400 0.38821599 -6.24211597 63 65 61 0.000000 0.838844 0.001351 -0.544370
0.57841402 0.27665100 -6.10085487 92 133 64 0.000000 -0.145143 0.001108 0.989410
0.33120701 0.35129499 -6.16987991 119 155 94 0.000000 -0.006883 0.000983 -0.999976
0.38337699 0.42593899 -6.17790699 100 144 76 0.000000 -0.101730 0.001071 0.994811
0.44678399 0.36333501 -6.15142012 98 141 71 0.000000 -0.291258 0.001219 0.956644
0.42752099 0.62498897 -6.26057720 67 68 66 0.000000 0.547504 0.001352 -0.836802
0.54711199 0.64505500 -6.18031502 104 122 78 0.000000 -0.427862 0.001300 0.903843
0.61212403 0.32079601 -6.10647297 101 144 76 0.000000 -0.147635 0.001110 0.989041
0.51500702 0.69321197 -6.21322203 143 174 115 0.000000 -0.226229 0.001172 -0.974073
0.38899499 0.23732300 -6.12974882 136 140 116 0.000000 -0.054502 0.001028 0.998513
0.59607202 0.55114800 -6.18111706 160 187 150 0.000000 0.302950 0.001227 0.953006
0.62416297 0.49416199 -6.15864420 131 170 107 0.000000 0.085581 0.001057 0.996331
0.37535101 0.44118899 -6.18272305 95 134 77 0.000000 -0.282560 0.001213 0.959249
0.41628399 0.28066400 -6.14098597 125 155 97 0.000000 -0.452981 0.001313 0.891519
0.54149300 0.25176999 -6.10326290 96 138 71 0.000000 -0.300017 0.001225 0.953933
0.46765199 0.35129499 -6.14499903 119 147 89 0.000000 -0.207235 0.001158 0.978290
0.27582601 0.50539899 -6.21161699 110 148 91 0.000000 -0.145143 0.001108 0.989410
0.38016599 0.55114800 -6.22044611 100 143 72 0.000000 -0.323658 0.001240 0.946173
0.46363899 0.31919000 -6.13616991 98 141 72 0.000000 -0.314746 0.001234 0.949175
0.60971600 0.50459599 -6.16426182 130 167 107 0.000000 -0.165311 0.001125 0.986241
0.58001900 0.41229400 -6.13215685 91 131 71 0.000000 -0.332624 0.001246 0.943059
0.39862701 0.50620103 -6.19556379 103 144 79 0.000000 -0.106419 0.001075 0.994321
0.60730797 0.40186000 -6.12573624 104 145 84 0.000000 -0.081042 0.001052 0.996710
0.50537503 0.32962400 -6.12974882 96 138 71 0.000000 -0.265352 0.001201 0.964151
0.40103501 0.27825701 -6.14499903 146 160 109 0.000000 -0.016879 0.000993 0.999857
0.63138700 0.35049301 -6.10968399 109 149 86 0.000000 -0.078785 0.001050 0.996891
0.63941300 0.43396500 -6.12894678 106 148 81 0.000000 -0.308835 0.001230 0.951115
0.35368001 0.47971499 -6.19556379 111 157 84 0.000000 0.092452 0.001063 0.995717
0.42511299 0.60492402 -6.25656414 69 107 33 0.000000 -0.078785 0.001050 0.996891
0.18031400 0.40186000 -6.23328781 167 199 148 0.000000 0.563126 0.001357 -0.826370
0.35448301 0.39222899 -6.17469597 113 154 89 0.000000 -0.155160 0.001116 0.987889
0.62255800 0.41951799 -6.12653923 103 147 78 0.000000 -0.300017 0.001225 0.953933
0.34404799 0.45082000 -6.18994617 113 152 92 0.000000 -0.248404 0.001189 0.968656
0.60088700 0.24615200 -6.09042120 118 152 92 0.000000 -0.581753 0.001362 -0.813364
0.52142799 0.22367799 -6.09523678 95 138 66 0.000000 -0.142660 0.001106 0.989771
0.29508901 0.34808499 -6.17148590 108 149 84 0.000000 -0.209925 0.001160 0.977717
0.41949499 0.34005901 -6.15543318 142 152 104 0.000000 -0.120688 0.001087 0.992690
0.45802099 0.51663500 -6.17870998 79 118 50 0.000000 -0.600218 0.001367 0.799835
0.45400801 0.62659401 -6.24452400 61 94 27 0.000000 -0.418483 0.001296 0.908224
0.32317999 0.34166399 -6.16586685 121 159 93 0.000000 -0.657235 0.001378 -0.753685
0.35448301 0.43235999 -6.18272305 122 157 99 0.000000 -0.115898 0.001083 0.993261
0.24291800 0.47650400 -6.21723509 85 123 58 0.000000 -0.372047 0.001270 0.928213
0.50617802 0.66672599 -6.21482801 101 145 59 0.000000 -0.481358 0.001326 0.876523
0.49173099 0.37617600 -6.14339399 92 131 72 0.000000 -0.183394 0.001139 0.983039
0.23569500 0.39624199 -6.20439291 96 140 53 0.000000 -0.335625 0.001248 0.941995
0.33441699 0.27986199 -6.14419699 141 180 128 0.000000 0.157685 0.001118 0.987489
0.65305799 0.34888700 -6.10647297 110 151 84 0.000000 -0.152643 0.001114 0.988281
0.36411399 0.56399000 -6.23328781 100 144 64 0.000000 0.000978 0.000978 0.999999
0.27662799 0.40105799 -6.19235420 117 156 90 0.000000 -0.356781 0.001261 0.934187
0.64021599 0.31437501 -6.10085487 107 149 84 0.000000 -0.074296 0.001046 0.997236
0.50457299 0.38741300 -6.14259100 93 134 71 0.000000 -0.262509 0.001199 0.964929
0.52062500 0.41389999 -6.14419699 97 139 71 0.000000 -0.137718 0.001102 0.990471
0.39862701 0.48292500 -6.18834114 112 154 88 0.000000 -0.118289 0.001085 0.992979
0.46685001 0.37376899 -6.14901304 104 148 74 0.000000 -0.025017 0.001001 0.999686
0.55273002 0.48051700 -6.15623617 110 152 91 0.000000 -0.025017 0.001001 0.999686
0.59446597 0.45242599 -6.14259100 103 144 84 0.000000 -0.008867 0.000985 0.999960
0.36491701 0.53349000 -6.21563005 105 147 80 0.000000 -0.106419 0.001075 0.994321
0.59205902 0.56318700 -6.18272305 89 94 75 0.000000 0.440405 0.001307 0.897798
0.26619399 0.41871500 -6.20037985 106 150 76 0.000000 -0.173011 0.001131 0.984919
0.46042901 0.34086099 -6.14339399 102 138 76 0.000000 -0.228974 0.001174 0.973432
0.21241900 0.34407201 -6.18914413 104 144 61 0.000000 -0.421606 0.001297 0.906778
0.32558799 0.42513600 -6.18673611 99 141 72 0.000000 -0.378186 0.001273 0.925729
0.53426999 0.21324401 -6.08239508 158 186 129 0.000000 0.061026 0.001034 0.998136
0.52383602 0.54793799 -6.17549896 115 153 97 0.000000 -0.072063 0.001044 0.997400
0.35929799 0.46767500 -6.19235420 102 145 79 0.000000 -0.031203 0.001007 0.999513
0.65787399 0.28387499 -6.08400011 142 170 113 0.000000 0.240031 0.001182 0.970765
0.42431101 0.42754400 -6.16987991 102 140 85 0.000000 -0.193909 0.001147 0.981019
0.48049399 0.39142600 -6.14981508 96 138 72 0.000000 -0.254023 0.001193 0.967197
0.55594099 0.36333501 -6.12573624 102 138 82 0.000000 -0.226229 0.001172 0.974073
0.42511299 0.40426800 -6.16506481 105 146 83 0.000000 -0.087863 0.001059 0.996132
0.53426999 0.33765101 -6.12413120 98 138 74 0.000000 -0.186011 0.001141 0.982547
0.48290199 0.67234403 -6.22927523 104 123 69 0.000000 -0.639507 0.001375 0.768784
0.39862701 0.35209799 -6.16024923 115 152 94 0.000000 -0.127937 0.001093 0.991782
0.61613703 0.52626699 -6.17469597 103 118 87 0.000000 0.317711 0.001236 0.948187
0.43153399 0.61696303 -6.25174809 171 204 173 0.000000 0.967932 0.001191 -0.251210
0.63459700 0.32561100 -6.10406494 109 151 84 0.000000 -0.188635 0.001143 0.982047
0.48852000 0.22207300 -6.10727596 90 129 59 0.000000 -0.375114 0.001272 0.926978
0.51420403 0.45001799 -6.15463114 96 139 72 0.000000 -0.145143 0.001108 0.989410
0.65707099 0.36092699 -6.10727596 104 144 73 0.000000 -0.427862 0.001300 0.903843
0.49734899 0.40426800 -6.14740705 94 132 75 0.000000 -0.271059 0.001205 0.962562
0.53426999 0.29671699 -6.11690807 125 159 97 0.000000 -0.160219 0.001120 0.987081
0.43956000 0.29270399 -6.13857794 103 137 77 0.000000 -0.167869 0.001127 0.985809
0.53426999 0.22287600 -6.09202623 114 152 92 0.000000 -0.142660 0.001106 0.989771
0.23489200 0.51262200 -6.21884108 105 145 74 0.000000 -0.282560 0.001213 0.959249
0.55834800 0.29511201 -6.11048698 96 137 69 0.000000 -0.254023 0.001193 0.967197
0.60168999 0.52867502 -6.17309093 132 170 116 0.000000 0.097074 0.001067 0.995277
0.38899499 0.56238502 -6.22686720 95 140 57 0.000000 -0.031203 0.001007 0.999513
0.39300799 0.28869101 -6.15543318 131 153 94 0.000000 0.962562 0.001205 -0.271059
0.63941300 0.28708500 -6.09042120 93 138 61 0.000000 -0.273924 0.001207 0.961751
0.52062500 0.23491500 -6.10165787 92 134 64 0.000000 -0.311788 0.001232 0.950151
0.16907699 0.36574200 -6.22927523 114 121 111 0.000000 0.727510 0.001380 -0.686096
0.50938898 0.29752001 -6.12252617 97 135 66 0.000000 -0.178186 0.001135 0.983996
0.27823400 0.44520199 -6.20358992 97 134 68 0.000000 -0.167869 0.001127 0.985809
0.37535101 0.50138497 -6.19957685 105 149 80 0.000000 -0.039563 0.001014 0.999217
0.26218101 0.31838799 -6.15543318 119 161 92 0.000000 0.240031 0.001182 0.970765
0.59446597 0.49416199 -6.15944576 126 165 108 0.000000 0.035367 0.001010 0.999374
0.31354901 0.53750300 -6.22445917 119 160 98 0.000000 -0.018902 0.000995 0.999821
0.20037900 0.34407201 -6.19235420 104 145 60 0.000000 -0.297091 0.001223 0.954848
0.31033799 0.45804399 -6.19636679 102 143 78 0.000000 -0.207235 0.001158 0.978290
0.60891402 0.41951799 -6.12894678 103 145 82 0.000000 -0.152643 0.001114 0.988281
0.23970801 0.35932100 -6.18914413 108 150 73 0.000000 -0.155160 0.001116 0.987889
0.29268101 0.31838799 -6.15864420 126 166 103 0.000000 -0.006883 0.000983 0.999976
0.45721799 0.47168800 -6.17630100 104 133 75 0.000000 -0.544370 0.001351 0.838844
0.55754602 0.40426800 -6.13536787 89 130 67 0.000000 -0.175594 0.001133 0.984462
0.51741499 0.61054200 -6.18673611 87 128 54 0.000000 -0.624527 0.001373 0.781002
0.62496603 0.25016499 -6.08079004 110 146 74 0.000000 -0.838844 0.001351 0.544370
0.33682501 0.47329399 -6.19636679 111 147 90 0.000000 -0.155160 0.001116 0.987889
0.34003499 0.37537399 -6.17389297 101 137 79 0.000000 -0.254023 0.001193 0.967197
0.38658699 0.32721701 -6.15703917 117 153 95 0.000000 0.008867 0.000985 0.999960
0.42912599 0.47249100 -6.17951202 100 141 68 0.000000 0.000978 0.000978 0.999999
0.52223003 0.34005901 -6.12814379 94 135 69 0.000000 -0.265352 0.001201 0.964151
0.23649700 0.31999299 -6.16827488 136 171 107 0.000000 0.234487 0.001178 -0.972119
0.61051899 0.37296599 -6.11771011 106 145 87 0.000000 -0.145143 0.001108 0.989410
0.37695599 0.39222899 -6.17148590 112 149 92 0.000000 -0.237255 0.001180 0.971447
0.53186202 0.52225399 -6.16987991 116 157 96 0.000000 -0.135260 0.001100 0.990809
0.53186202 0.27905899 -6.11289501 96 140 69 0.000000 -0.218041 0.001166 0.975939
0.22124700 0.46607000 -6.22686720 94 139 47 0.000000 -0.338631 0.001250 0.940919
0.54791403 0.55756903 -6.17389297 128 169 109 0.000000 -0.150135 0.001112 0.988665
0.47246799 0.55917400 -6.18914413 81 118 53 0.000000 -0.465583 0.001319 0.885003
0.29990399 0.49175400 -6.20439291 116 157 91 0.000000 -0.311788 0.001232 0.950151
0.66830802 0.33123001 -6.10486794 116 136 95 0.000000 0.237255 0.001180 0.971447
0.60168999 0.25819099 -6.09042120 88 131 57 0.000000 -0.193909 0.001147 0.981019
0.45320499 0.27905899 -6.13055182 105 145 78 0.000000 -0.173011 0.001131 0.984919
0.22044501 0.33363801 -6.18111706 132 167 110 0.000000 0.297091 0.001223 -0.954848
0.46203399 0.62338400 -6.22847223 66 105 26 0.000000 -0.871255 0.001330 0.490829
0.45882300 0.36253199 -6.14981508 98 140 74 0.000000 -0.209925 0.001160 0.977717
0.50457299 0.37457100 -6.14018297 91 129 75 0.000000 -0.237255 0.001180 0.971447
0.52704602 0.66431803 -6.20278788 80 122 29 0.000000 -0.651358 0.001377 0.758770
0.39060101 0.25096801 -6.13777494 132 129 92 0.000000 -0.061026 0.001034 0.998136
0.27903599 0.52947700 -6.21884108 127 163 110 0.000000 -0.008867 0.000985 0.999960
0.49413899 0.58887100 -6.18994617 82 120 52 0.000000 -0.406019 0.001289 0.913864
0.51500702 0.51422697 -6.17068291 107 148 85 0.000000 -0.118289 0.001085 0.992979
0.25094399 0.51663500 -6.21643305 123 166 96 0.000000 -0.031203 0.001007 0.999513
0.47567800 0.47730699 -6.16747284 98 141 72 0.000000 -0.142660 0.001106 0.989771
0.39461401 0.58646297 -6.24612999 111 146 92 0.000000 0.999575 0.001005 0.029133
0.24131300 0.33042699 -6.17309093 135 170 103 0.000000 0.323658 0.001240 -0.946173
0.43073201 0.49576700 -6.18513012 90 136 59 0.000000 -0.421606 0.001297 0.906778
0.55754602 0.54793799 -6.17469597 131 170 106 0.000000 0.125512 0.001091 0.992091
0.56236202 0.24133600 -6.09684181 116 156 92 0.000000 -0.123096 0.001089 0.992394
0.44196799 0.25899401 -6.12894678 105 149 76 0.000000 -0.251210 0.001191 0.967932
0.56878299 0.33283499 -6.11690807 102 142 82 0.000000 -0.113516 0.001081 0.993536
0.53186202 0.49255699 -6.16345978 118 158 100 0.000000 0.016879 0.000993 0.999857
0.56637502 0.25337499 -6.09764481 104 148 73 0.000000 -0.242814 0.001184 0.970072
0.57199299 0.56479299 -6.17549896 154 191 142 0.000000 0.311788 0.001232 0.950151
0.47969201 0.26461199 -6.12011814 101 145 73 0.000000 -0.201881 0.001154 0.979409
0.52865100 0.37296599 -6.13456488 129 164 93 0.000000 -0.268202 0.001203 0.963362
0.32237801 0.39142600 -6.18031502 117 147 84 0.000000 -0.215328 0.001164 0.976541
0.41949499 0.59448999 -6.23489285 147 182 133 0.000000 0.711237 0.001381 -0.702951
0.46444201 0.65950203 -6.24372101 54 59 44 0.000000 -0.785794 0.001371 0.618487
0.40344200 0.25016499 -6.13456488 124 146 91 0.000000 -0.186011 0.001141 0.982547
0.21482600 0.31036201 -6.16586685 67 73 59 0.000000 0.362873 0.001264 -0.931838
0.29749599 0.45884699 -6.19957685 97 138 70 0.000000 -0.308835 0.001230 0.951115
0.27261499 0.42995200 -6.20118284 93 132 69 0.000000 -0.288352 0.001217 0.957524
0.46685001 0.38982099 -6.15142012 97 140 72 0.000000 -0.226229 0.001172 0.974073
0.57761103 0.47650400 -6.15222311 118 158 102 0.000000 -0.130369 0.001096 0.991465
0.51019102 0.21163900 -6.09122419 53 60 45 0.000000 -0.434129 0.001304 0.900850
0.58082199 0.40105799 -6.12894678 95 136 73 0.000000 -0.209925 0.001160 0.977717
0.36250901 0.24615200 -6.13215685 141 145 128 0.000000 0.142660 0.001106 0.989771
0.27823400 0.56318700 -6.24532700 92 97 88 0.000000 0.254023 0.001193 -0.967197
0.48771799 0.57924002 -6.19155121 85 113 66 0.000000 0.165311 0.001125 0.986241
0.40825799 0.35932100 -6.15944576 119 153 93 0.000000 -0.282560 0.001213 0.959249
0.40825799 0.42433399 -6.17148590 106 147 83 0.000000 -0.248404 0.001189 0.968656
0.47888899 0.68197501 -6.22124815 80 87 78 0.000000 -0.008867 0.000985 -0.999960
0.41869199 0.57843697 -6.22124815 123 162 99 0.000000 0.353743 0.001259 -0.935342
0.25014201 0.31036201 -6.14821005 129 163 102 0.000000 0.018902 0.000995 0.999821
0.17630100 0.42353100 -6.23810291 152 180 136 0.000000 0.680398 0.001380 -0.732842
0.32478601 0.25979599 -6.13536787 55 60 52 0.000000 -0.039563 0.001014 0.999217
0.59045303 0.21003400 -6.10486794 55 63 55 0.000000 0.459279 0.001316 0.888291
0.63540000 0.45964900 -6.13616991 102 145 70 0.000000 -0.350710 0.001257 0.936483
0.41467899 0.29350600 -6.14419699 104 143 77 0.000000 -0.137718 0.001102 0.990471
0.53748000 0.60412103 -6.17951202 94 134 71 0.000000 -0.341642 0.001251 0.939829
0.48530999 0.68358099 -6.23087978 42 51 30 0.000000 -0.534955 0.001347 0.844879
0.50698102 0.69080400 -6.22124815 100 109 89 0.000000 0.041673 0.001016 0.999131
0.49975699 0.27183601 -6.11771011 100 141 73 0.000000 -0.262509 0.001199 0.964929
0.45641500 0.59208202 -6.21241999 82 127 39 0.000000 -0.471891 0.001322 0.881656
0.52303302 0.58164799 -6.18031502 101 137 86 0.000000 -0.311788 0.001232 0.950151
0.46283600 0.43235999 -6.16265678 102 145 74 0.000000 -0.209925 0.001160 0.977717
0.58724302 0.32561100 -6.11289501 96 134 77 0.000000 -0.152643 0.001114 0.988281
0.50216502 0.63060802 -6.20439291 79 116 45 0.000000 -0.528668 0.001345 0.848828
0.36893001 0.28146699 -6.14821005 118 156 102 0.000000 -0.115898 0.001083 0.993261
0.25977299 0.36734799 -6.18673611 120 158 85 0.000000 -0.291258 0.001219 0.956644
0.34886399 0.53268802 -6.21723509 102 147 71 0.000000 -0.111142 0.001079 0.993804
0.42109999 0.39142600 -6.16426182 112 147 89 0.000000 -0.223492 0.001170 0.974705
0.39461401 0.30795401 -6.15222311 143 165 113 0.000000 -0.212622 0.001162 0.977134
0.53587502 0.35450599 -6.12734222 93 134 66 0.000000 -0.111142 0.001079 0.993804
0.47888899 0.27745399 -6.12413120 97 139 71 0.000000 -0.259673 0.001197 0.965696
0.41869199 0.36413699 -6.16024923 160 172 124 0.000000 0.072063 0.001044 0.997400
0.29749599 0.28949299 -6.14339399 140 182 123 0.000000 0.183394 0.001139 0.983039
0.42752099 0.26220399 -6.13295984 108 153 73 0.000000 -0.294171 0.001221 0.955752
0.58563799 0.31116399 -6.10968399 94 136 69 0.000000 -0.186011 0.001141 0.982547
0.38096899 0.40828100 -6.17389297 126 157 97 0.000000 -0.165311 0.001125 0.986241
0.30150899 0.39945301 -6.18673611 106 149 79 0.000000 -0.223492 0.001170 0.974705
0.47005999 0.50620103 -6.17630100 94 137 66 0.000000 -0.137718 0.001102 0.990471
0.37133801 0.59208202 -6.26860285 79 93 58 0.000000 -0.478202 0.001325 0.878249
0.45480999 0.53991097 -6.18914413 81 126 51 0.000000 -0.167869 0.001127 0.985809
0.44116601 0.59850299 -6.23649788 75 118 40 0.000000 -0.763803 0.001376 0.645448
0.21562900 0.37457100 -6.20439291 119 158 85 0.000000 0.113516 0.001081 -0.993536
0.37213999 0.35049301 -6.16345978 108 149 88 0.000000 -0.207235 0.001158 0.978290
0.51259899 0.24454699 -6.10807800 107 143 77 0.000000 -0.240031 0.001182 0.970765
0.44357401 0.58164799 -6.21322203 83 123 48 0.000000 -0.490829 0.001330 0.871255
0.38016599 0.23331000 -6.13777494 57 11 17 0.000000 -0.606331 0.001369 0.795211
0.49494100 0.48051700 -6.16426182 103 146 79 0.000000 -0.165311 0.001125 0.986241
0.20439200 0.40667599 -6.22044611 112 148 73 0.000000 0.016879 0.000993 -0.999857
0.42832401 0.30474299 -6.14339399 96 139 72 0.000000 -0.282560 0.001213 0.959249
0.35127199 0.59208202 -6.25816917 112 155 63 0.000000 0.893111 0.001311 0.449834
0.48932299 0.29029599 -6.12493420 129 158 96 0.000000 -0.234487 0.001178 0.972119
0.45079699 0.40186000 -6.15864420 97 140 71 0.000000 -0.265352 0.001201 0.964151
0.63700497 0.24133600 -6.07517099 70 80 52 0.000000 -0.487672 0.001329 0.873026
0.55995399 0.30875599 -6.11369705 99 139 73 0.000000 -0.127937 0.001093 0.991782
0.48932299 0.35691401 -6.14018297 143 166 113 0.000000 -0.242814 0.001184 0.970072
0.51340199 0.59609503 -6.18513012 94 137 67 0.000000 -0.406019 0.001289 0.913864
0.38096899 0.29992700 -6.15382814 119 153 87 0.000000 0.025017 0.001001 -0.999686
0.38177201 0.37617600 -6.16666985 118 156 95 0.000000 -0.140492 0.001106 0.990081
0.40906101 0.57121402 -6.22365618 89 129 58 0.000000 -0.621510 0.001372 0.783405
0.59767699 0.34166399 -6.11289501 100 140 82 0.000000 -0.234487 0.001178 0.972119
0.64663702 0.48292500 -6.14821005 137 154 114 0.000000 0.063217 0.001036 0.997999
0.51099402 0.57602900 -6.18111706 104 145 79 0.000000 -0.271059 0.001205 0.962562
0.49092799 0.31276900 -6.12894678 100 141 73 0.000000 -0.115898 0.001083 0.993261
0.36170599 0.30875599 -6.15463114 121 158 104 0.000000 -0.025017 0.001001 0.999686
0.28946999 0.35691401 -6.17549896 106 147 80 0.000000 -0.245605 0.001186 0.969369
0.39702100 0.57442403 -6.22686720 149 186 125 0.000000 0.323658 0.001240 -0.946173
0.20037900 0.46045199 -6.23328781 76 119 19 0.000000 -0.365926 0.001266 0.930643
0.32478601 0.38099200 -6.17710400 116 149 87 0.000000 -0.083307 0.001055 0.996523
0.26619399 0.29752001 -6.14580202 122 160 78 0.000000 0.911072 0.001292 -0.412244
0.45641500 0.61776602 -6.21964312 155 188 136 0.000000 0.493986 0.001331 -0.869469
0.29589099 0.48131999 -6.20439291 110 153 84 0.000000 -0.259673 0.001197 0.965696
0.24773400 0.36734799 -6.18994617 100 141 68 0.000000 -0.226229 0.001172 0.974073
0.28866801 0.40025499 -6.18994617 108 151 78 0.000000 -0.251210 0.001191 0.967932
0.43554699 0.62258101 -6.26779985 57 64 41 0.000000 -0.724826 0.001381 0.688930
0.61854500 0.30072999 -6.10005188 104 147 79 0.000000 -0.067624 0.001040 0.997710
0.46685001 0.60813397 -6.21241999 74 114 29 0.000000 -0.475046 0.001323 0.879960
0.61212403 0.26701999 -6.08961821 90 137 48 0.000000 -0.302950 0.001227 0.953006
0.64824200 0.32320300 -6.10245991 126 166 106 0.000000 -0.090153 0.001061 0.995927
0.35046899 0.25819099 -6.13697290 143 181 131 0.000000 0.175594 0.001133 0.984462
0.50938898 0.36493999 -6.13777494 117 148 92 0.000000 -0.326641 0.001242 0.945148
0.26378599 0.33604500 -6.16907787 114 158 86 0.000000 0.027071 0.001003 0.999633
0.49975699 0.51984602 -6.17469597 102 142 81 0.000000 -0.065416 0.001038 0.997858
0.31435099 0.56639802 -6.24532700 119 159 94 0.000000 -0.368984 0.001268 0.929435
0.64824200 0.45884699 -6.13135481 135 159 106 0.000000 0.041673 0.001016 0.999131
0.29910201 0.38259700 -6.18192005 105 146 80 0.000000 -0.142660 0.001106 0.989771
0.22606300 0.31036201 -6.16024923 126 140 106 0.000000 0.828486 0.001356 -0.560008
0.20519499 0.48533300 -6.23730087 84 113 39 0.000000 -0.519223 0.001342 0.854638
0.43474501 0.61615998 -6.24131393 170 203 161 0.000000 0.840871 0.001350 -0.541234
0.55995399 0.50539899 -6.16586685 136 171 120 0.000000 -0.056668 0.001030 0.998393
0.43474501 0.21886300 -6.12092113 61 64 57 0.000000 -0.199215 0.001152 0.979955
0.33522001 0.31196699 -6.15543318 121 160 101 0.000000 0.000978 0.000978 0.999999
0.29107499 0.52145100 -6.21563005 123 163 99 0.000000 -0.167869 0.001127 0.985809
0.25094399 0.33604500 -6.17148590 102 145 71 0.000000 -0.173011 0.001131 0.984919
0.18272200 0.45082000 -6.23408985 147 176 123 0.000000 0.362873 0.001264 -0.931838
0.28786501 0.34005901 -6.16987991 114 148 85 0.000000 -0.097074 0.001067 0.995277
0.30632499 0.27263799 -6.13857794 86 102 80 0.000000 0.074296 0.001046 0.997236
0.50376999 0.41309699 -6.14740705 98 140 74 0.000000 -0.254023 0.001193 0.967197
0.25736499 0.39303201 -6.19556379 90 128 62 0.000000 -0.399807 0.001286 0.916599
0.50698102 0.27986199 -6.11931515 100 142 73 0.000000 -0.130369 0.001096 0.991465
0.44357401 0.49656999 -6.18031502 94 134 71 0.000000 -0.251210 0.001191 0.967932
0.48049399 0.51904303 -6.17710400 91 134 67 0.000000 -0.065416 0.001038 0.997858
0.19155000 0.37858400 -6.21723509 112 150 69 0.000000 -0.997400 0.001044 -0.072063
0.43634999 0.48774099 -6.18031502 92 134 67 0.000000 -0.332624 0.001246 0.943059
0.51741499 0.53670102 -6.17469597 104 142 87 0.000000 0.081042 0.001052 0.996710
0.24452300 0.35049301 -6.18352509 109 151 75 0.000000 -0.288352 0.001217 0.957524
0.53186202 0.67394900 -6.20439291 82 120 35 0.000000 -0.256844 0.001195 0.966452
0.51902002 0.68117303 -6.21803808 100 139 67 0.000000 -0.111142 0.001079 0.993804
0.50216502 0.28949299 -6.12172318 122 153 89 0.000000 -0.215328 0.001164 0.976541
0.49253300 0.26380900 -6.11690807 104 149 73 0.000000 -0.188635 0.001143 0.982047
0.60168999 0.28467801 -6.09764481 95 138 67 0.000000 -0.186011 0.001141 0.982547
0.19315600 0.33604500 -6.19155121 103 138 72 0.000000 -0.509765 0.001338 0.860313
0.39381099 0.52225399 -6.20358992 105 143 79 0.000000 -0.256844 0.001195 0.966452
0.44517899 0.37938699 -6.15623617 100 140 77 0.000000 -0.248404 0.001189 0.968656
0.58403200 0.29430899 -6.10486794 103 144 79 0.000000 -0.271059 0.001205 0.962562
0.61453199 0.43878099 -6.13456488 92 132 73 0.000000 -0.115898 0.001083 0.993261
0.55032200 0.39624199 -6.13456488 86 125 63 0.000000 -0.118289 0.001085 0.992979
0.45079699 0.30795401 -6.13857794 93 135 70 0.000000 -0.273924 0.001207 0.961751
0.23087899 0.40507099 -6.20920897 99 142 57 0.000000 -0.294171 0.001221 0.955752
0.52865100 0.30554599 -6.12011814 98 141 71 0.000000 -0.279674 0.001211 0.960094
0.45882300 0.29992700 -6.13456488 95 135 72 0.000000 -0.317711 0.001236 0.948187
0.28626001 0.38339999 -6.18432808 114 156 87 0.000000 -0.220763 0.001168 0.975327
0.28465399 0.36574200 -6.18031502 106 145 78 0.000000 -0.320681 0.001238 0.947186
0.60088700 0.36815000 -6.11851311 105 143 85 0.000000 -0.135260 0.001100 0.990809
0.38177201 0.57281899 -6.23087978 169 201 137 0.000000 0.996710 0.001052 -0.081042
0.47648099 0.29029599 -6.12814379 130 156 98 0.000000 -0.193909 0.001147 0.981019
0.53908598 0.28708500 -6.11289501 97 139 68 0.000000 -0.220763 0.001168 0.975327
0.48450699 0.56238502 -6.18673611 83 120 60 0.000000 -0.170436 0.001129 0.985368
0.25897101 0.41068900 -6.20037985 105 145 78 0.000000 -0.302950 0.001227 0.953006
0.56396699 0.28628299 -6.10727596 102 146 70 0.000000 -0.130369 0.001096 0.991465
0.20519499 0.32480901 -6.17549896 137 160 104 0.000000 -0.636526 0.001375 0.771254
0.43474501 0.59368700 -6.21322203 138 175 123 0.000000 0.928213 0.001270 0.372047
0.55513799 0.21645500 -6.08640814 139 174 124 0.000000 0.027071 0.001003 0.999633
0.47005999 0.66030502 -6.22606421 153 186 141 0.000000 0.636526 0.001375 -0.771254
0.23007600 0.42433399 -6.21402502 88 128 47 0.000000 -0.399807 0.001286 0.916599
0.43313900 0.59047598 -6.23007679 79 118 52 0.000000 -0.627537 0.001373 0.778585
0.29268101 0.54633200 -6.22847223 126 171 99 0.000000 0.204554 0.001156 0.978855
0.52463800 0.45162299 -6.15302610 104 147 77 0.000000 -0.115898 0.001083 0.993261
0.56476903 0.35771599 -6.12252617 98 139 72 0.000000 -0.072063 0.001044 0.997400
0.59847999 0.22769099 -6.09684181 113 154 93 0.000000 0.113516 0.001081 0.993536
0.49494100 0.23250701 -6.10807800 83 123 60 0.000000 -0.285453 0.001215 0.958392
0.49494100 0.61856800 -6.20358992 99 133 67 0.000000 -0.125512 0.001091 0.992091
0.55273002 0.45724100 -6.14901304 103 142 83 0.000000 -0.170436 0.001129 0.985368
0.36010101 0.58004200 -6.25495911 111 151 78 0.000000 0.862174 0.001337 -0.506611
0.30231199 0.33042699 -6.16426182 118 153 91 0.000000 -0.175594 0.001133 0.984462
0.53186202 0.41309699 -6.14098597 98 139 73 0.000000 -0.271059 0.001205 0.962562
0.42912599 0.56399000 -6.21081400 91 132 50 0.000000 -0.291258 0.001219 0.956644
0.64824200 0.38741300 -6.11610508 121 160 94 0.000000 -0.120688 0.001087 0.992690
0.57761103 0.23090200 -6.09523678 115 155 94 0.000000 0.111142 0.001079 0.993804
0.33522001 0.45643899 -6.19155121 112 150 98 0.000000 -0.048051 0.001022 0.998844
0.55032200 0.69642299 -6.22044611 49 56 33 0.000000 -0.209925 0.001160 0.977717
0.58001900 0.55275297 -6.17389297 144 183 131 0.000000 0.101730 0.001071 0.994811
0.55754602 0.56880599 -6.17389297 136 176 120 0.000000 -0.212622 0.001162 0.977134
0.18272200 0.34407201 -6.19556379 131 161 91 0.000000 0.384343 0.001277 0.923189
0.20359001 0.43075499 -6.22606421 86 131 28 0.000000 -0.254023 0.001193 0.967197
0.31274599 0.33845299 -6.16586685 117 158 92 0.000000 -0.335625 0.001248 0.941995
0.46123099 0.22929700 -6.11690807 100 141 80 0.000000 -0.276796 0.001209 0.960928
0.52624398 0.28869101 -6.11610508 101 143 72 0.000000 -0.259673 0.001197 0.965696
0.28144401 0.39222899 -6.18914413 102 142 77 0.000000 -0.170436 0.001129 0.985368
0.50216502 0.35611099 -6.13697290 102 139 76 0.000000 -0.344659 0.001253 0.938727
0.62175602 0.50539899 -6.16345978 141 179 116 0.000000 0.000978 0.000978 0.999999
0.46444201 0.29109901 -6.13135481 126 153 89 0.000000 -0.265352 0.001201 0.964151
0.51420403 0.28869101 -6.11931515 106 141 75 0.000000 -0.251210 0.001191 0.967932
0.46524400 0.59689701 -6.20920897 86 131 41 0.000000 -0.273924 0.001207 0.961751
0.21723400 0.32641399 -6.17068291 100 140 60 0.000000 -0.204554 0.001156 0.978855
0.46203399 0.27424401 -6.12734222 105 150 74 0.000000 -0.254023 0.001193 0.967197
0.54229599 0.32400599 -6.11931515 103 142 80 0.000000 -0.173011 0.001131 0.984919
0.58644003 0.39222899 -6.12493420 104 144 82 0.000000 -0.155160 0.001116 0.987889
0.25094399 0.40266299 -6.20037985 91 129 62 0.000000 -0.273924 0.001207 0.961751
0.27101001 0.40988699 -6.19716978 96 136 71 0.000000 -0.265352 0.001201 0.964151
0.23248400 0.36815000 -6.19636679 124 161 98 0.000000 0.308835 0.001230 -0.951115
0.38738999 0.27825701 -6.14419699 124 143 93 0.000000 -0.285453 0.001215 0.958392
0.46604699 0.64906800 -6.22606421 158 193 147 0.000000 0.665988 0.001379 -0.745961
0.34244299 0.36413699 -6.17068291 125 156 95 0.000000 -0.162760 0.001122 0.986665
0.26458901 0.32561100 -6.16265678 117 160 89 0.000000 0.092452 0.001063 0.995717
0.42832401 0.43717599 -6.17068291 112 150 85 0.000000 -0.259673 0.001197 0.965696
0.22124700 0.47730699 -6.22606421 85 129 39 0.000000 -0.402911 0.001287 0.915238
0.37775901 0.53268802 -6.21241999 103 144 82 0.000000 -0.323658 0.001240 0.946173
0.54711199 0.54713500 -6.17389297 130 168 114 0.000000 -0.196558 0.001149 0.980491
0.61372900 0.24294101 -6.08881617 100 138 64 0.000000 -0.186011 0.001141 0.982547
0.40023199 0.49576700 -6.19235420 108 148 85 0.000000 -0.157685 0.001118 0.987489
0.22044501 0.49576700 -6.22847223 83 122 43 0.000000 -0.563126 0.001357 0.826370
0.30873299 0.44038600 -6.19315720 90 132 62 0.000000 -0.256844 0.001195 0.966452
0.66268897 0.30955899 -6.09924984 168 197 150 0.000000 0.268202 0.001203 0.963362
0.54871702 0.35450599 -6.12413120 105 149 73 0.000000 -0.259673 0.001197 0.965696
0.60490000 0.31036201 -6.10567093 94 135 71 0.000000 -0.178186 0.001135 0.983996
0.65947902 0.42353100 -6.12573624 71 79 56 0.000000 0.220763 0.001168 0.975327
0.18191899 0.46847799 -6.23970795 72 78 72 0.000000 0.899331 0.001305 -0.437266
0.28786501 0.44760999 -6.20037985 94 135 66 0.000000 -0.311788 0.001232 0.950151
0.40906101 0.51182002 -6.19716978 88 131 59 0.000000 -0.212622 0.001162 0.977134
0.36010101 0.42353100 -6.17951202 113 151 90 0.000000 -0.039563 0.001014 0.999217
0.43233699 0.53509599 -6.19716978 80 120 57 0.000000 -0.356781 0.001261 0.934187
0.36973199 0.44921499 -6.18593311 104 146 79 0.000000 -0.207235 0.001158 0.978290
0.52544099 0.24534900 -6.10567093 112 154 80 0.000000 -0.242814 0.001184 0.970072
0.43795499 0.62659401 -6.25255108 191 216 179 0.000000 0.999960 0.000985 -0.008867
0.36973199 0.33283499 -6.15944576 128 156 105 0.000000 0.027071 0.001003 0.999633
0.47327101 0.32240099 -6.13456488 107 148 78 0.000000 -0.196558 0.001149 0.980491
0.54550600 0.42192599 -6.14098597 101 142 77 0.000000 -0.245605 0.001186 0.969369
0.34806201 0.33283499 -6.16105223 117 158 96 0.000000 0.000978 0.000978 0.999999
0.41066599 0.37697899 -6.16345978 113 152 86 0.000000 -0.271059 0.001205 0.962562
0.44196799 0.40667599 -6.16265678 100 131 75 0.000000 -0.430994 0.001302 0.902354
0.42832401 0.60171300 -6.23168182 161 196 151 0.000000 0.806665 0.001365 -0.591008
0.46363899 0.57763499 -6.20118284 77 119 37 0.000000 -0.475046 0.001323 0.879960
0.59607202 0.29270399 -6.10165787 95 136 67 0.000000 -0.256844 0.001195 0.966452
0.38257399 0.44841200 -6.18192005 107 150 85 0.000000 -0.215328 0.001164 0.976541
0.51340199 0.31357199 -6.12413120 92 134 70 0.000000 -0.317711 0.001236 0.948187
0.45320499 0.61375201 -6.22847223 68 102 32 0.000000 -0.493986 0.001331 0.869469
0.32558799 0.56077898 -6.23890591 114 158 89 0.000000 0.054502 0.001028 0.998513
0.44598100 0.32320300 -6.14339399 96 139 68 0.000000 -0.326641 0.001242 0.945148
0.50216502 0.55114800 -6.17790699 99 142 75 0.000000 -0.273924 0.001207 0.961751
0.27983901 0.37457100 -6.18352509 108 150 79 0.000000 -0.087863 0.001059 0.996132
0.33682501 0.53268802 -6.22044611 104 149 74 0.000000 -0.145143 0.001108 0.989410
0.35368001 0.50539899 -6.20439291 102 144 80 0.000000 -0.259673 0.001197 0.965696
0.29669401 0.36574200 -6.17630100 106 147 78 0.000000 -0.165311 0.001125 0.986241
0.48450699 0.65629101 -6.22606421 86 125 41 0.000000 -0.657235 0.001378 0.753685
0.30472001 0.31036201 -6.15543318 134 174 112 0.000000 0.127937 0.001093 0.991782
0.46042901 0.25578299 -6.12332916 99 141 73 0.000000 -0.234487 0.001178 0.972119
0.58644003 0.35370299 -6.11771011 102 143 79 0.000000 -0.199215 0.001152 0.979955
0.49253300 0.33042699 -6.13215685 105 148 78 0.000000 -0.223492 0.001170 0.974705
0.21562900 0.50539899 -6.22044611 135 156 112 0.000000 0.191268 0.001145 -0.981537
0.59125602 0.54312199 -6.17710400 139 180 122 0.000000 0.254023 0.001193 0.967197
0.27502301 0.29270399 -6.14178896 147 168 136 0.000000 0.167869 0.001127 0.985809
0.41869199 0.49656999 -6.18914413 90 131 62 0.000000 -0.372047 0.001270 0.928213
0.30472001 0.37376899 -6.17790699 109 151 82 0.000000 -0.145143 0.001108 0.989410
0.18512900 0.42513600 -6.23328781 148 182 129 0.000000 0.475046 0.001323 -0.879960
0.45079699 0.34086099 -6.14660501 122 153 91 0.000000 -0.237255 0.001180 0.971447
0.53988802 0.50539899 -6.16506481 114 154 95 0.000000 -0.145143 0.001108 0.989410
0.38899499 0.25979599 -6.14259100 225 213 187 0.000000 0.854638 0.001342 -0.519223
0.60008502 0.47168800 -6.14821005 106 146 86 0.000000 -0.145143 0.001108 0.989410
0.38498199 0.35049301 -6.16105223 111 154 87 0.000000 -0.097074 0.001067 0.995277
0.39461401 0.44760999 -6.17951202 103 142 83 0.000000 -0.353743 0.001259 0.935342
0.31756201 0.52064800 -6.21563005 124 164 104 0.000000 -0.111142 0.001079 0.993804
0.45079699 0.57843697 -6.20680094 89 131 53 0.000000 -0.560008 0.001356 0.828486
0.39060101 0.55034500 -6.22044611 106 147 77 0.000000 -0.254023 0.001193 0.967197
0.34404799 0.56880599 -6.24291897 95 138 63 0.000000 -0.317711 0.001236 0.948187
0.34966701 0.58325303 -6.24934006 110 159 66 0.000000 0.624527 0.001373 0.781002
0.22044501 0.42192599 -6.21803808 73 122 16 0.000000 -0.446689 0.001310 0.894688
0.49253300 0.54312199 -6.18031502 96 138 72 0.000000 -0.085581 0.001057 0.996331
0.61934799 0.46687299 -6.14580202 93 136 69 0.000000 -0.320681 0.001238 0.947186
0.56637502 0.43155700 -6.13857794 102 146 77 0.000000 -0.056668 0.001030 0.998393
0.41789001 0.32721701 -6.15222311 108 135 82 0.000000 -0.193909 0.001147 0.981019
0.40745601 0.34808499 -6.15784121 116 149 91 0.000000 -0.157685 0.001118 0.987489
0.62737399 0.37537399 -6.11610508 105 145 85 0.000000 -0.145143 0.001108 0.989410
0.17951100 0.39062399 -6.23007679 159 193 142 0.000000 0.654300 0.001377 -0.756234
0.48049399 0.33123001 -6.13536787 99 142 70 0.000000 -0.132811 0.001098 0.991141
0.50778300 0.34728199 -6.13376188 97 139 69 0.000000 -0.259673 0.001197 0.965696
0.31515399 0.35691401 -6.17068291 109 149 86 0.000000 -0.092452 0.001063 0.995717
0.59125602 0.42754400 -6.13536787 101 137 86 0.000000 -0.188635 0.001143 0.982047
0.43956000 0.38821599 -6.15864420 99 136 76 0.000000 -0.137718 0.001102 0.990471
0.38096899 0.49255699 -6.19556379 103 143 83 0.000000 -0.317711 0.001236 0.948187
0.31675899 0.57281899 -6.25255108 116 150 84 0.000000 -0.251210 0.001191 0.967932
0.22044501 0.44921499 -6.22445917 86 134 33 0.000000 -0.282560 0.001213 0.959249
0.49815199 0.44921499 -6.15703917 97 137 77 0.000000 -0.268202 0.001203 0.963362
0.50938898 0.52305597 -6.17309093 104 142 88 0.000000 -0.335625 0.001248 0.941995
0.42752099 0.46045199 -6.17549896 99 136 80 0.000000 -0.104070 0.001073 0.994569
0.51340199 0.22849400 -6.09924984 97 140 69 0.000000 -0.282560 0.001213 0.959249
0.46283600 0.63381797 -6.23408985 58 92 19 0.000000 -0.906778 0.001297 0.421606
0.44517899 0.48051700 -6.17790699 95 137 70 0.000000 -0.245605 0.001186 0.969369
0.51821703 0.42513600 -6.14740705 94 135 71 0.000000 -0.186011 0.001141 0.982547
0.31756201 0.42995200 -6.19074917 101 144 72 0.000000 -0.162760 0.001122 0.986665
0.20519499 0.35209799 -6.19797182 144 179 110 0.000000 0.665988 0.001379 -0.745961
0.39381099 0.37858400 -6.16426182 102 139 81 0.000000 -0.065416 0.001038 0.997858
0.54550600 0.65629101 -6.18432808 56 62 41 0.000000 -0.329630 0.001244 0.944109
0.41548201 0.39945301 -6.16586685 108 149 85 0.000000 -0.039563 0.001014 0.999217
0.61613703 0.42754400 -6.13055182 101 141 79 0.000000 -0.078785 0.001050 0.996891
0.51340199 0.43878099 -6.15142012 100 144 76 0.000000 -0.218041 0.001166 0.975939
0.38738999 0.50058299 -6.19636679 111 155 86 0.000000 -0.120688 0.001087 0.992690
0.47567800 0.57683200 -6.18593311 93 143 56 0.000000 0.150135 0.001112 0.988665
0.62496603 0.29430899 -6.09603882 101 144 71 0.000000 -0.132811 0.001098 0.991141
0.64422899 0.26942801 -6.07356596 106 137 58 0.000000 -0.317711 0.001236 0.948187
0.55032200 0.51342499 -6.16666985 121 160 108 0.000000 0.000978 0.000978 0.999999
0.36893001 0.58726603 -6.24773502 105 154 54 0.000000 -0.446689 0.001310 0.894688
0.36732399 0.27023000 -6.14660501 143 171 119 0.000000 0.000978 0.000978 0.999999
0.18191899 0.41550499 -6.23408985 156 190 130 0.000000 0.572458 0.001360 -0.819933
0.64422899 0.29912499 -6.09363079 118 160 89 0.000000 -0.120688 0.001087 0.992690
0.45641500 0.65629101 -6.23890591 167 179 163 0.000000 0.645448 0.001376 -0.763803
0.31515399 0.47329399 -6.19957685 114 155 91 0.000000 -0.160219 0.001120 0.987081
0.52223003 0.56077898 -6.17790699 106 146 86 0.000000 -0.170436 0.001129 0.985368
0.56236202 0.39624199 -6.13215685 94 132 71 0.000000 -0.212622 0.001162 0.977134
0.51259899 0.33845299 -6.12974882 100 145 69 0.000000 -0.204554 0.001156 0.978855
0.64583403 0.37296599 -6.11209202 104 146 75 0.000000 -0.265352 0.001201 0.964151
0.53426999 0.54874003 -6.17469597 116 157 96 0.000000 -0.031203 0.001007 0.999513
0.54871702 0.58004200 -6.17549896 127 163 113 0.000000 -0.111142 0.001079 0.993804
0.62416297 0.45964900 -6.14018297 90 130 67 0.000000 -0.226229 0.001172 0.974073
0.49815199 0.67314601 -6.22044611 94 137 55 0.000000 -0.459279 0.001316 0.888291
0.50136203 0.57362098 -6.18513012 94 132 72 0.000000 -0.265352 0.001201 0.964151
0.54069102 0.69401503 -6.21402502 114 149 61 0.000000 -0.273924 0.001207 0.961751
0.47648099 0.40908399 -6.15463114 98 141 73 0.000000 -0.209925 0.001160 0.977717
0.63218999 0.36253199 -6.11209202 106 148 78 0.000000 -0.081042 0.001052 0.996710
0.52062500 0.36012399 -6.13295984 92 133 68 0.000000 -0.215328 0.001164 0.976541
0.49734899 0.22367799 -6.10326290 86 127 57 0.000000 -0.443546 0.001308 0.896251
0.62095302 0.26862499 -6.08560514 96 140 53 0.000000 -0.452981 0.001313 0.891519
0.22847100 0.32240099 -6.16265678 97 138 46 0.000000 -0.516071 0.001340 0.856545
0.55192697 0.28708500 -6.11048698 96 140 66 0.000000 -0.220763 0.001168 0.975327
0.61613703 0.32962400 -6.10807800 101 141 80 0.000000 -0.180786 0.001137 0.983522
0.40584999 0.40025499 -6.16747284 104 147 80 0.000000 -0.167869 0.001127 0.985809
0.56717700 0.46687299 -6.14981508 112 153 91 0.000000 -0.170436 0.001129 0.985368
0.52865100 0.63462102 -6.18673611 76 116 43 0.000000 -0.262509 0.001199 0.964929
0.61533499 0.35049301 -6.11209202 104 145 81 0.000000 -0.186011 0.001141 0.982547
0.53266501 0.44199100 -6.14821005 97 136 79 0.000000 -0.242814 0.001184 0.970072
0.45962599 0.63462102 -6.24452400 66 101 27 0.000000 -0.815569 0.001362 0.578659
0.40825799 0.24133600 -6.12974882 102 138 83 0.000000 -0.215328 0.001164 0.976541
0.43554699 0.55034500 -6.20198488 87 130 59 0.000000 -0.437266 0.001305 0.899331
0.46123099 0.65067297 -6.24773502 80 96 51 0.000000 -0.899331 0.001305 0.437266
0.45561299 0.64505500 -6.23489285 168 201 159 0.000000 0.838844 0.001351 -0.544370
0.40825799 0.26059899 -6.13777494 91 128 69 0.000000 -0.209925 0.001160 0.977717
0.17309000 0.40025499 -6.23970795 155 165 138 0.000000 0.758770 0.001377 -0.651358
0.22927400 0.52064800 -6.21884108 96 111 77 0.000000 -0.314746 0.001234 0.949175
0.29669401 0.29992700 -6.14821005 134 174 116 0.000000 0.087863 0.001059 0.996132
0.62255800 0.38982099 -6.12011814 104 148 79 0.000000 -0.160219 0.001120 0.987081
0.31916699 0.36574200 -6.17389297 114 152 92 0.000000 -0.186011 0.001141 0.982547
0.33842999 0.54553002 -6.22766876 98 142 69 0.000000 -0.223492 0.001170 0.974705
0.53105903 0.58806902 -6.18031502 105 145 81 0.000000 -0.218041 0.001166 0.975939
0.60008502 0.39543900 -6.12413120 105 144 84 0.000000 -0.140185 0.001104 0.990125
0.26458901 0.51503003 -6.21402502 123 165 99 0.000000 -0.175594 0.001133 0.984462
0.33281201 0.26942801 -6.13938093 135 173 123 0.000000 0.041673 0.001016 0.999131
0.62817699 0.25979599 -6.07918406 77 118 33 0.000000 -0.503455 0.001335 0.864020
0.44758701 0.64264703 -6.24853802 182 198 172 0.000000 0.636526 0.001375 -0.771254
0.33200899 0.39142600 -6.17870998 100 142 73 0.000000 -0.248404 0.001189 0.968656
0.58403200 0.49496400 -6.15944576 122 162 102 0.000000 -0.118289 0.001085 0.992979
0.39702100 0.59288400 -6.25335312 124 160 107 0.000000 0.707106 0.001384 -0.707106
0.50216502 0.65789700 -6.21402502 99 144 60 0.000000 -0.135260 0.001100 0.990809
0.24372099 0.43717599 -6.21241999 91 133 57 0.000000 -0.368984 0.001268 0.929435
0.38498199 0.58887100 -6.25495911 129 166 109 0.000000 0.534955 0.001347 -0.844879
0.62978202 0.30875599 -6.10005188 108 149 87 0.000000 -0.152643 0.001114 0.988281
0.29268101 0.43557000 -6.19797182 84 123 57 0.000000 -0.218041 0.001166 0.975939
0.27341801 0.46847799 -6.20680094 93 134 68 0.000000 -0.282560 0.001213 0.959249
0.55674303 0.34487399 -6.12092113 100 141 73 0.000000 -0.212622 0.001162 0.977134
0.55754602 0.46687299 -6.15142012 108 147 89 0.000000 -0.132811 0.001098 0.991141
0.49012601 0.45964900 -6.16185379 103 142 82 0.000000 -0.223492 0.001170 0.974705
0.64262402 0.33845299 -6.10647297 114 155 88 0.000000 -0.155160 0.001116 0.987889
0.20118199 0.44038600 -6.22927523 101 147 49 0.000000 -0.276796 0.001209 0.960928
0.44277099 0.45322800 -6.17148590 105 136 72 0.000000 -0.165311 0.001125 0.986241
0.49574399 0.42433399 -6.15142012 96 141 71 0.000000 -0.218041 0.001166 0.975939
0.27261499 0.35129499 -6.17710400 127 162 92 0.000000 -0.155160 0.001116 0.987889
0.32077199 0.49897799 -6.20680094 119 159 103 0.000000 -0.056668 0.001030 0.998393
0.49654701 0.53188503 -6.17630100 102 144 79 0.000000 0.039563 0.001014 0.999217
0.51420403 0.64023900 -6.19716978 85 129 38 0.000000 -0.569351 0.001359 0.822094
0.57279599 0.37778199 -6.12413120 97 136 76 0.000000 -0.226229 0.001172 0.974073
0.39541599 0.29752001 -6.14821005 189 191 143 0.000000 0.008867 0.000985 0.999960
0.52704602 0.26140201 -6.10968399 98 140 74 0.000000 -0.242814 0.001184 0.970072
0.54630899 0.36333501 -6.12734222 100 142 72 0.000000 -0.173011 0.001131 0.984919
0.39300799 0.42995200 -6.17630100 104 145 82 0.000000 -0.201881 0.001154 0.979409
0.50055999 0.59609503 -6.18914413 87 127 55 0.000000 -0.421606 0.001297 0.906778
0.54149300 0.37697899 -6.13215685 91 128 69 0.000000 -0.231726 0.001176 0.972780
0.40825799 0.45563599 -6.17870998 107 149 81 0.000000 -0.183394 0.001139 0.983039
0.48932299 0.44921499 -6.16105223 101 136 80 0.000000 -0.256844 0.001195 0.966452
0.43715301 0.36413699 -6.15463114 91 128 73 0.000000 -0.332624 0.001246 0.943059
0.57600600 0.28547999 -6.10406494 97 139 69 0.000000 -0.155160 0.001116 0.987889
0.23569500 0.45884699 -6.21884108 97 137 63 0.000000 -0.302950 0.001227 0.953006
0.34083799 0.52546400 -6.21482801 95 136 74 0.000000 -0.347682 0.001255 0.937612
0.54871702 0.23009899 -6.09523678 117 160 94 0.000000 -0.069839 0.001042 0.997558
0.25495699 0.47570199 -6.21241999 85 123 57 0.000000 -0.452981 0.001313 0.891519
0.47166499 0.34005901 -6.14098597 97 138 71 0.000000 -0.215328 0.001164 0.976541
0.37133801 0.46687299 -6.18994617 99 139 79 0.000000 -0.350710 0.001257 0.936483
0.54229599 0.47489899 -6.15543318 99 140 78 0.000000 -0.218041 0.001166 0.975939
0.57038802 0.61054200 -6.17389297 46 54 39 0.000000 0.223492 0.001170 0.974705
0.47327101 0.25578299 -6.11931515 96 140 70 0.000000 -0.231726 0.001176 0.972780
0.33361399 0.32320300 -6.15944576 122 163 101 0.000000 -0.083307 0.001055 0.996523
0.32077199 0.28547999 -6.14499903 135 175 120 0.000000 0.155160 0.001116 0.987889
0.58001900 0.48613599 -6.15623617 117 155 101 0.000000 -0.101730 0.001071 0.994811
0.25335199 0.50459599 -6.21482801 117 157 87 0.000000 0.127937 0.001093 0.991782
0.49734899 0.50459599 -6.16907787 98 137 76 0.000000 -0.155160 0.001116 0.987889
0.47246799 0.21484999 -6.11289501 80 97 67 0.000000 -0.305890 0.001228 0.952066
0.37213999 0.31036201 -6.15463114 119 159 97 0.000000 0.033281 0.001009 0.999445
0.55112499 0.62258101 -6.17469597 108 131 81 0.000000 -0.234487 0.001178 0.972119
0.43394199 0.59850299 -6.24291897 76 117 42 0.000000 -0.871255 0.001330 0.490829
0.21322100 0.38259700 -6.20920897 101 144 55 0.000000 -0.531813 0.001346 0.846861
0.31595701 0.52947700 -6.21964312 133 171 111 0.000000 0.490829 0.001330 0.871255
0.47808599 0.62980503 -6.21322203 79 120 33 0.000000 -0.735490 0.001380 0.677534
0.18272200 0.37778199 -6.22205114 148 181 132 0.000000 0.587928 0.001364 -0.808912
0.27020699 0.53830600 -6.22124815 133 173 116 0.000000 0.052343 0.001026 0.998629
0.25014201 0.32721701 -6.16426182 106 148 74 0.000000 0.052343 0.001026 0.998629
0.38658699 0.36734799 -6.16426182 108 148 88 0.000000 -0.188635 0.001143 0.982047
0.27743101 0.35932100 -6.18031502 107 148 74 0.000000 -0.285453 0.001215 0.958392
0.34565401 0.40828100 -6.17870998 107 148 86 0.000000 -0.167869 0.001127 0.985809
0.47648099 0.41871500 -6.15543318 92 132 71 0.000000 -0.223492 0.001170 0.974705
0.35528499 0.34166399 -6.16265678 126 159 104 0.000000 -0.039563 0.001014 0.999217
0.48209900 0.22849400 -6.11048698 93 136 66 0.000000 -0.248404 0.001189 0.968656
0.30391699 0.51984602 -6.21482801 122 164 103 0.000000 -0.212622 0.001162 0.977134
0.42992899 0.35290000 -6.15543318 95 136 71 0.000000 -0.271059 0.001205 0.962562
0.19797100 0.47971499 -6.24051094 93 131 32 0.000000 -0.600218 0.001367 0.799835
0.25335199 0.31357199 -6.16024923 123 158 92 0.000000 -0.069839 0.001042 -0.997558
0.43073201 0.57602900 -6.21563005 87 128 49 0.000000 -0.390517 0.001280 0.920595
0.21161599 0.51503003 -6.22044611 71 77 72 0.000000 0.430994 0.001302 -0.902354
0.42431101 0.24534900 -6.12814379 114 144 86 0.000000 -0.170436 0.001129 0.985368
0.31675899 0.49095100 -6.20358992 121 159 100 0.000000 0.083307 0.001055 0.996523
0.64984697 0.46767500 -6.13616991 89 91 67 0.000000 0.000978 0.000978 0.999999
0.43554699 0.52706897 -6.19315720 82 127 53 0.000000 -0.317711 0.001236 0.948187
0.58563799 0.43637300 -6.13777494 98 141 77 0.000000 -0.025017 0.001001 0.999686
0.29107499 0.49014899 -6.20760393 106 148 83 0.000000 -0.251210 0.001191 0.967932
0.53426999 0.24374400 -6.10245991 116 155 91 0.000000 -0.240031 0.001182 0.970765
0.32558799 0.54633200 -6.23007679 116 159 91 0.000000 0.008867 0.000985 0.999960
0.40183699 0.58325303 -6.23408985 139 175 123 0.000000 0.384343 0.001277 -0.923189
0.45882300 0.42353100 -6.16105223 97 139 72 0.000000 -0.291258 0.001219 0.956644
0.23970801 0.46767500 -6.21884108 83 124 51 0.000000 -0.356781 0.001261 0.934187
0.54952002 0.26942801 -6.10567093 102 144 75 0.000000 -0.282560 0.001213 0.959249
0.55995399 0.33604500 -6.11851311 102 143 75 0.000000 -0.056668 0.001030 0.998393
0.45079699 0.44279400 -6.16747284 113 135 85 0.000000 -0.152643 0.001114 0.988281
0.33923301 0.57281899 -6.25014305 102 145 73 0.000000 -0.297091 0.001223 0.954848
0.31114101 0.40747899 -6.18753815 114 151 84 0.000000 -0.101730 0.001071 0.994811
0.29428601 0.46767500 -6.20118284 103 146 73 0.000000 -0.186011 0.001141 0.982547
0.34003499 0.58646297 -6.26458979 91 114 83 0.000000 0.761293 0.001377 0.648407
0.65385997 0.41630799 -6.12252617 127 162 103 0.000000 -0.094759 0.001065 0.995500
0.53988802 0.68358099 -6.20198488 96 127 46 0.000000 -0.811146 0.001363 0.584843
0.39461401 0.28628299 -6.14580202 227 211 171 0.000000 0.231726 0.001176 0.972780
0.61533499 0.38099200 -6.11931515 109 151 84 0.000000 -0.207235 0.001158 0.978290
0.23890500 0.38821599 -6.20037985 99 142 54 0.000000 -0.207235 0.001158 0.978290
0.34324601 0.32400599 -6.15864420 122 161 102 0.000000 -0.014865 0.000991 0.999889
0.61453199 0.31196699 -6.10406494 105 149 78 0.000000 -0.231726 0.001176 0.972780
0.34565401 0.34166399 -6.16345978 116 153 95 0.000000 -0.022971 0.000999 0.999736
0.60650599 0.32801899 -6.10968399 115 154 93 0.000000 -0.178186 0.001135 0.983996
0.40023199 0.41389999 -6.17068291 105 149 80 0.000000 -0.186011 0.001141 0.982547
0.39140299 0.47409600 -6.18753815 113 153 88 0.000000 -0.186011 0.001141 0.982547
0.52945399 0.56800300 -6.17710400 106 145 86 0.000000 -0.142660 0.001106 0.989771
0.49494100 0.34808499 -6.13616991 114 152 85 0.000000 -0.302950 0.001227 0.953006
0.59928203 0.26701999 -6.09282923 95 141 58 0.000000 -0.242814 0.001184 0.970072
0.46042901 0.21966501 -6.11690807 107 129 95 0.000000 -0.259673 0.001197 0.965696
0.61132097 0.45563599 -6.14259100 91 132 70 0.000000 -0.231726 0.001176 0.972780
0.20118199 0.35932100 -6.20278788 108 151 63 0.000000 -0.147635 0.001110 0.989041
0.59607202 0.51021397 -6.16586685 132 173 112 0.000000 0.016879 0.000993 0.999857
0.41949499 0.61134499 -6.26940489 47 55 35 0.000000 -0.165311 0.001125 0.986241
0.43474501 0.31276900 -6.14259100 100 141 73 0.000000 -0.393609 0.001282 0.919277
0.27823400 0.41871500 -6.19716978 95 133 72 0.000000 -0.056668 0.001030 0.998393
0.63459700 0.44841200 -6.13376188 94 137 63 0.000000 -0.145143 0.001108 0.989410
0.41869199 0.51824099 -6.19636679 89 133 62 0.000000 -0.323658 0.001240 0.946173
0.43474501 0.33203200 -6.14901304 99 140 72 0.000000 -0.271059 0.001205 0.962562
0.22927400 0.49656999 -6.22365618 96 138 52 0.000000 -0.332624 0.001246 0.943059
0.62576902 0.39864999 -6.12092113 109 149 88 0.000000 -0.193909 0.001147 0.981019
0.22205000 0.44038600 -6.21964312 102 143 59 0.000000 -0.516071 0.001340 0.856545
0.33120701 0.51984602 -6.21402502 122 167 98 0.000000 0.074296 0.001046 0.997236
0.21723400 0.39142600 -6.21001101 85 131 34 0.000000 -0.375114 0.001272 0.926978
0.41066599 0.52947700 -6.20358992 94 139 61 0.000000 -0.430994 0.001302 0.902354
0.18914200 0.36413699 -6.21081400 116 155 78 0.000000 0.387428 0.001279 -0.921899
0.25014201 0.44600499 -6.21322203 99 139 68 0.000000 -0.412244 0.001292 0.911072
0.19957700 0.46928099 -6.23007679 148 180 118 0.000000 0.443546 0.001308 -0.896251
0.49734899 0.68197501 -6.22365618 108 130 79 0.000000 -0.525521 0.001344 0.850780
0.37775901 0.27825701 -6.14740705 121 157 102 0.000000 -0.031203 0.001007 0.999513
0.59045303 0.27584901 -6.09844685 95 136 67 0.000000 -0.228974 0.001174 0.973432
0.35368001 0.26621699 -6.14259100 136 169 116 0.000000 0.421606 0.001297 0.906778
0.34966701 0.29029599 -6.15061808 131 169 109 0.000000 -0.008867 0.000985 0.999960
0.51821703 0.47570199 -6.16105223 107 147 87 0.000000 -0.142660 0.001106 0.989771
0.47487599 0.65388399 -6.23168182 68 101 29 0.000000 -0.581753 0.001362 0.813364
0.17469500 0.45001799 -6.23890591 47 52 50 0.000000 0.776155 0.001374 -0.630540
0.39300799 0.26862499 -6.14259100 188 170 136 0.000000 0.048051 0.001022 0.998844
0.24291800 0.37858400 -6.19556379 92 131 60 0.000000 -0.424733 0.001299 0.905318
0.43313900 0.38179499 -6.16105223 105 132 79 0.000000 -0.147635 0.001110 0.989041
0.55995399 0.37697899 -6.12734222 93 136 63 0.000000 -0.285453 0.001215 0.958392
0.64583403 0.42513600 -6.12573624 109 149 82 0.000000 -0.165311 0.001125 0.986241
0.17710300 0.34326899 -6.20358992 126 134 122 0.000000 0.531813 0.001346 -0.846861
0.58483499 0.23812599 -6.09282923 113 154 90 0.000000 -0.094759 0.001065 0.995500
0.35046899 0.28146699 -6.14740705 154 172 132 0.000000 0.137718 0.001102 0.990471
0.55594099 0.20441499 -6.08239508 49 53 47 0.000000 0.209925 0.001160 0.977717
0.20037900 0.37697899 -6.21161699 113 155 65 0.000000 -0.471891 0.001322 0.881656
0.49092799 0.63783097 -6.21081400 84 127 38 0.000000 -0.326641 0.001242 0.945148
0.44838899 0.51101702 -6.18513012 88 130 61 0.000000 -0.359825 0.001263 0.933019
0.21001101 0.36172900 -6.19957685 97 142 48 0.000000 -0.446689 0.001310 0.894688
0.35207501 0.51422697 -6.20840597 103 144 81 0.000000 -0.228974 0.001174 0.973432
0.48450699 0.53188503 -6.17870998 98 143 70 0.000000 -0.220763 0.001168 0.975327
0.30873299 0.58164799 -6.26218224 51 55 51 0.000000 0.456129 0.001314 -0.889912
0.42029700 0.23170500 -6.12573624 126 161 108 0.000000 -0.152643 0.001114 0.988281
0.27261499 0.30474299 -6.14740705 133 174 114 0.000000 0.076536 0.001048 0.997066
0.49654701 0.24133600 -6.11048698 111 147 82 0.000000 -0.104070 0.001073 0.994569
0.33522001 0.58004200 -6.25897217 105 145 74 0.000000 -0.550634 0.001353 0.834745
0.32639101 0.57522702 -6.25174809 109 153 77 0.000000 -0.123096 0.001089 0.992394
0.63459700 0.49335900 -6.15703917 118 154 98 0.000000 -0.209925 0.001160 0.977717
0.44437599 0.52706897 -6.18994617 87 127 61 0.000000 -0.320681 0.001238 0.947186
0.50376999 0.24936201 -6.11128902 103 141 73 0.000000 -0.242814 0.001184 0.970072
0.51741499 0.26220399 -6.11048698 102 148 72 0.000000 -0.137718 0.001102 0.990471
0.25415501 0.45804399 -6.21322203 87 126 60 0.000000 -0.465583 0.001319 0.885003
0.45561299 0.49656999 -6.17630100 89 126 61 0.000000 0.000978 0.000978 0.999999
0.34565401 0.55114800 -6.22927523 110 150 79 0.000000 -0.052343 0.001026 0.998629
0.33842999 0.26220399 -6.13777494 136 172 124 0.000000 0.118289 0.001085 0.992979
0.23248400 0.44841200 -6.21884108 101 141 64 0.000000 -0.375114 0.001272 0.926978
0.48049399 0.45162299 -6.16265678 98 137 75 0.000000 -0.160219 0.001120 0.987081
0.33762699 0.33123001 -6.16185379 117 156 98 0.000000 -0.147635 0.001110 0.989041
0.40906101 0.46446499 -6.18192005 100 140 81 0.000000 -0.186011 0.001141 0.982547
0.41949499 0.45082000 -6.17549896 104 149 79 0.000000 -0.212622 0.001162 0.977134
0.36732399 0.45804399 -6.18753815 103 147 79 0.000000 -0.259673 0.001197 0.965696
0.57038802 0.51984602 -6.16827488 127 168 116 0.000000 0.155160 0.001116 0.987889
0.32558799 0.31357199 -6.15623617 121 161 101 0.000000 -0.048051 0.001022 0.998844
0.53186202 0.55756903 -6.17630100 113 155 93 0.000000 -0.165311 0.001125 0.986241
0.53025699 0.32882199 -6.12252617 94 132 73 0.000000 -0.276796 0.001209 0.960928
0.56396699 0.41149199 -6.13456488 97 141 70 0.000000 -0.104070 0.001073 0.994569
0.36571899 0.31758499 -6.15623617 122 160 106 0.000000 -0.031203 0.001007 0.999513
0.53988802 0.26059899 -6.10727596 98 141 72 0.000000 -0.276796 0.001209 0.960928
0.52704602 0.20762600 -6.08079004 57 63 49 0.000000 -0.378186 0.001273 0.925729
0.54069102 0.69802803 -6.22285414 118 154 75 0.000000 -0.175594 0.001133 0.984462
0.57680899 0.31437501 -6.11209202 107 146 88 0.000000 -0.162760 0.001122 0.986665
0.26057601 0.54231900 -6.22124815 144 183 123 0.000000 -0.008867 0.000985 0.999960
0.34966701 0.44439900 -6.18593311 111 147 89 0.000000 -0.297091 0.001223 0.954848
0.37374499 0.48372799 -6.19476223 104 147 80 0.000000 -0.155160 0.001116 0.987889
0.59847999 0.50218803 -6.16185379 126 166 111 0.000000 0.010858 0.000987 0.999941
0.47808599 0.43476799 -6.15784121 96 137 72 0.000000 -0.381263 0.001275 0.924466
0.32639101 0.27584901 -6.14178896 138 178 124 0.000000 0.157685 0.001118 0.987489
0.56797999 0.44841200 -6.14499903 104 144 84 0.000000 -0.173011 0.001131 0.984919
0.61372900 0.51262200 -6.16666985 143 185 122 0.000000 0.087863 0.001059 0.996132
0.35127199 0.48774099 -6.19957685 101 142 80 0.000000 0.033281 0.001009 0.999445
0.35127199 0.30795401 -6.15463114 119 158 102 0.000000 -0.106419 0.001075 0.994321
0.63218999 0.41951799 -6.12653923 106 147 85 0.000000 0.000978 0.000978 0.999999
0.50296801 0.43316299 -6.15222311 102 145 77 0.000000 -0.140185 0.001104 0.990125
0.39300799 0.51342499 -6.19957685 106 144 86 0.000000 -0.452981 0.001313 0.891519
0.54390103 0.40346599 -6.13697290 93 134 72 0.000000 -0.145143 0.001108 0.989410
0.52544099 0.27023000 -6.11209202 98 138 74 0.000000 -0.341642 0.001251 0.939829
0.30472001 0.28387499 -6.14178896 135 172 119 0.000000 0.065416 0.001038 0.997858
0.39621899 0.24213900 -6.13295984 115 140 94 0.000000 -0.083307 0.001055 0.996523
0.56236202 0.54071403 -6.17148590 132 176 113 0.000000 -0.033281 0.001009 0.999445
0.59607202 0.35530800 -6.11610508 101 141 80 0.000000 -0.282560 0.001213 0.959249
0.26779899 0.43717599 -6.20439291 92 131 66 0.000000 -0.326641 0.001242 0.945148
0.30552301 0.50459599 -6.21001101 117 161 96 0.000000 -0.035367 0.001010 0.999374
0.39621899 0.59930497 -6.27261591 76 94 49 0.000000 0.155160 0.001116 0.987889
0.28385201 0.55435801 -6.23408985 121 160 90 0.000000 0.276796 0.001209 0.960928
0.47327101 0.61455500 -6.21081400 77 118 32 0.000000 -0.509765 0.001338 0.860313
0.51982301 0.31999299 -6.12252617 101 146 68 0.000000 -0.178186 0.001135 0.983996
0.39220601 0.35851899 -6.16185379 111 150 92 0.000000 -0.104070 0.001073 0.994569
0.51902002 0.62900198 -6.19074917 79 120 44 0.000000 -0.600218 0.001367 0.799835
0.54791403 0.33684799 -6.12092113 96 138 69 0.000000 -0.155160 0.001116 0.987889
0.62416297 0.34487399 -6.11048698 105 147 84 0.000000 -0.193909 0.001147 0.981019
0.50457299 0.64906800 -6.21001101 99 144 51 0.000000 -0.465583 0.001319 0.885003
0.56717700 0.42192599 -6.13616991 99 143 74 0.000000 -0.074296 0.001046 0.997236
0.28144401 0.53910899 -6.22445917 132 171 101 0.000000 0.993261 0.001083 -0.115898
0.58082199 0.26782301 -6.09764481 100 145 65 0.000000 -0.167869 0.001127 0.985809
0.62496603 0.32480901 -6.10567093 112 151 91 0.000000 -0.207235 0.001158 0.978290
0.43394199 0.23973100 -6.12493420 111 146 91 0.000000 -0.353743 0.001259 0.935342
0.45480999 0.31919000 -6.13938093 97 138 70 0.000000 -0.335625 0.001248 0.941995
0.45159999 0.26140201 -6.12653923 93 136 65 0.000000 -0.268202 0.001203 0.963362
0.36170599 0.36895299 -6.16907787 107 147 87 0.000000 -0.180786 0.001137 0.983522
0.54871702 0.49335900 -6.16265678 127 163 106 0.000000 0.043791 0.001018 0.999040
0.55674303 0.27745399 -6.10647297 95 138 68 0.000000 -0.223492 0.001170 0.974705
0.55915099 0.52787203 -6.17068291 128 167 114 0.000000 -0.065416 0.001038 0.997858
0.43634999 0.56318700 -6.20519590 103 139 74 0.000000 -0.359825 0.001263 0.933019
0.36250901 0.41470200 -6.17790699 107 146 88 0.000000 -0.248404 0.001189 0.968656
0.62175602 0.48693800 -6.15302610 107 147 83 0.000000 0.035367 0.001010 0.999374
0.57038802 0.22287600 -6.09443378 137 179 115 0.000000 0.332624 0.001246 0.943059
0.36732399 0.39142600 -6.17148590 114 152 92 0.000000 -0.097074 0.001067 0.995277
0.36010101 0.54231900 -6.22205114 95 138 68 0.000000 -0.170436 0.001129 0.985368
0.42832401 0.27103299 -6.13536787 95 139 68 0.000000 -0.259673 0.001197 0.965696
0.24853601 0.54633200 -6.22124815 79 94 63 0.000000 0.503455 0.001335 0.864020
0.43956000 0.42032099 -6.16586685 171 188 137 0.000000 0.240031 0.001182 0.970765
0.28866801 0.28227001 -6.13697290 164 176 156 0.000000 0.223492 0.001170 0.974705
0.54550600 0.57041103 -6.17630100 132 171 112 0.000000 -0.045917 0.001020 0.998945
0.32478601 0.40908399 -6.18432808 102 143 76 0.000000 -0.199215 0.001152 0.979955
0.44999501 0.42433399 -6.16345978 110 148 84 0.000000 -0.384343 0.001277 0.923189
0.40986300 0.49255699 -6.19074917 123 163 91 0.000000 0.085581 0.001057 0.996331
0.36250901 0.51743799 -6.20920897 107 150 80 0.000000 -0.240031 0.001182 0.970765
0.55032200 0.59368700 -6.17549896 111 149 94 0.000000 -0.142660 0.001106 0.989771
0.26218101 0.38420299 -6.19155121 103 144 76 0.000000 -0.050193 0.001024 0.998739
0.63700497 0.26380900 -6.07356596 109 142 55 0.000000 -0.528668 0.001345 0.848828
0.46524400 0.24053299 -6.11851311 96 135 72 0.000000 -0.228974 0.001174 0.973432
0.22686601 0.39624199 -6.20680094 81 126 37 0.000000 -0.353743 0.001259 0.935342
0.42992899 0.50459599 -6.18834114 99 145 65 0.000000 -0.344659 0.001253 0.938727
0.38578501 0.45964900 -6.18432808 106 145 87 0.000000 -0.145143 0.001108 0.989410
0.41307399 0.55034500 -6.20920897 94 139 59 0.000000 -0.465583 0.001319 0.885003
0.54309899 0.38982099 -6.13536787 96 136 70 0.000000 -0.157685 0.001118 0.987489
0.53507203 0.43316299 -6.14580202 105 146 82 0.000000 -0.106419 0.001075 0.994321
0.56717700 0.51101702 -6.16586685 122 162 104 0.000000 -0.074296 0.001046 0.997236
0.40745601 0.31196699 -6.15061808 168 172 126 0.000000 -0.262509 0.001199 0.964929
0.42511299 0.33283499 -6.15222311 97 134 72 0.000000 -0.311788 0.001232 0.950151
0.43153399 0.51743799 -6.19235420 81 123 56 0.000000 -0.268202 0.001203 0.963362
0.39541599 0.57121402 -6.23569489 88 133 48 0.000000 -0.242814 0.001184 0.970072
0.43715301 0.61054200 -6.25495911 71 102 34 0.000000 -0.223492 0.001170 0.974705
0.49734899 0.56238502 -6.18352509 108 146 86 0.000000 -0.223492 0.001170 0.974705
0.40504801 0.32320300 -6.15302610 163 174 124 0.000000 0.048051 0.001022 0.998844
0.40264001 0.26782301 -6.14098597 120 152 97 0.000000 -0.094759 0.001065 0.995500
0.44598100 0.46205699 -6.17389297 96 128 70 0.000000 -0.311788 0.001232 0.950151
0.38257399 0.41711000 -6.17549896 100 140 76 0.000000 -0.199215 0.001152 0.979955
0.46203399 0.55034500 -6.19074917 89 130 57 0.000000 -0.402911 0.001287 0.915238
0.60811102 0.22769099 -6.09603882 95 134 78 0.000000 -0.152643 0.001114 0.988281
0.45802099 0.38821599 -6.15302610 98 138 75 0.000000 -0.308835 0.001230 0.951115
0.45721799 0.41470200 -6.15944576 99 142 73 0.000000 -0.311788 0.001232 0.950151
0.51500702 0.67073900 -6.21482801 108 152 63 0.000000 -0.231726 0.001176 0.972780
0.57841402 0.45724100 -6.14499903 108 151 84 0.000000 -0.083307 0.001055 0.996523
0.37535101 0.57201600 -6.23730087 88 130 53 0.000000 -0.150135 0.001112 0.988665
0.17549799 0.36654499 -6.22285414 178 204 157 0.000000 0.745961 0.001379 -0.665988
0.53748000 0.59448999 -6.17951202 100 142 74 0.000000 -0.127937 0.001093 0.991782
0.53025699 0.47570199 -6.15944576 99 140 80 0.000000 -0.291258 0.001219 0.956644
0.47246799 0.53188503 -6.18192005 87 119 62 0.000000 -0.178186 0.001135 0.983996
0.51099402 0.48131999 -6.16265678 101 142 80 0.000000 -0.152643 0.001114 0.988281
0.29027301 0.41791299 -6.19395924 102 142 73 0.000000 -0.135260 0.001100 0.990809
0.43233699 0.23090200 -6.12332916 108 146 87 0.000000 -0.152643 0.001114 0.988281
0.42029700 0.47730699 -6.18272305 109 143 87 0.000000 -0.101730 0.001071 0.994811
0.50296801 0.39704499 -6.14499903 96 140 71 0.000000 -0.162760 0.001122 0.986665
0.62095302 0.22688900 -6.09363079 103 134 70 0.000000 -0.603278 0.001368 0.797530
0.37294301 0.29270399 -6.15061808 117 154 102 0.000000 -0.127937 0.001093 0.991782
0.64021599 0.47730699 -6.14499903 107 141 79 0.000000 -0.291258 0.001219 0.956644
0.22285300 0.31919000 -6.16907787 136 168 111 0.000000 0.111142 0.001079 -0.993804
0.62978202 0.47409600 -6.14580202 86 128 62 0.000000 -0.365926 0.001266 0.930643
0.30873299 0.48051700 -6.20118284 111 154 87 0.000000 -0.090153 0.001061 0.995927
0.61694002 0.39864999 -6.12332916 108 148 88 0.000000 -0.157685 0.001118 0.987489
0.58724302 0.41951799 -6.13376188 97 135 80 0.000000 -0.167869 0.001127 0.985809
0.61372900 0.28387499 -6.09443378 96 137 67 0.000000 -0.215328 0.001164 0.976541
0.44678399 0.62739700 -6.23408985 163 197 159 0.000000 0.618487 0.001371 -0.785794
0.37615299 0.54312199 -6.21884108 99 139 75 0.000000 -0.326641 0.001242 0.945148
0.32639101 0.37136099 -6.17469597 112 145 93 0.000000 -0.067624 0.001040 0.997710
0.24693100 0.49496400 -6.21563005 91 132 63 0.000000 -0.437266 0.001305 0.899331
0.31033799 0.42433399 -6.19074917 100 143 70 0.000000 -0.285453 0.001215 0.958392
0.57841402 0.30072999 -6.10807800 95 137 70 0.000000 -0.288352 0.001217 0.957524
0.57359803 0.35049301 -6.11931515 104 147 78 0.000000 -0.106419 0.001075 0.994321
0.56958503 0.30795401 -6.11209202 109 150 81 0.000000 -0.204554 0.001156 0.978855
0.40103501 0.38420299 -6.16586685 116 150 91 0.000000 -0.065416 0.001038 0.997858
0.51099402 0.38099200 -6.14018297 97 139 74 0.000000 -0.248404 0.001189 0.968656
0.66429400 0.37216300 -6.10567093 135 159 101 0.000000 0.191268 0.001145 0.981537
0.21241900 0.40266299 -6.21482801 145 179 120 0.000000 0.446689 0.001310 -0.894688
0.34244299 0.43316299 -6.18513012 115 155 92 0.000000 -0.135260 0.001100 0.990809
0.20278700 0.48051700 -6.23007679 145 178 125 0.000000 0.396706 0.001284 -0.917945
0.43795499 0.44520199 -6.16987991 110 142 83 0.000000 -0.446689 0.001310 0.894688
0.47969201 0.66431803 -6.21884108 136 169 124 0.000000 0.799835 0.001367 -0.600218
0.45962599 0.24695399 -6.12172318 117 151 88 0.000000 -0.204554 0.001156 0.978855
0.46524400 0.46045199 -6.16827488 90 126 72 0.000000 -0.297091 0.001223 0.954848
0.34083799 0.41550499 -6.18111706 113 152 89 0.000000 -0.242814 0.001184 0.970072
0.39381099 0.40747899 -6.17068291 107 151 81 0.000000 -0.160219 0.001120 0.987081
0.47648099 0.59770000 -6.20439291 76 113 42 0.000000 -0.668888 0.001379 0.743362
0.28304899 0.31758499 -6.15784121 123 166 100 0.000000 0.090153 0.001061 0.995927
0.54711199 0.30474299 -6.11530209 98 135 77 0.000000 -0.199215 0.001152 0.979955
0.30953601 0.44921499 -6.19476223 99 143 70 0.000000 -0.209925 0.001160 0.977717
