-0.086201 0.932217 -5.122128 82 75 72 0 0.556740 0.793784 0.244841
0.377442 0.346974 -5.356083 93 124 77 0 0.723806 -0.627937 0.286007
-0.242645 0.288663 -4.888885 72 100 22 0 0.825738 -0.467132 0.316140
0.146331 0.100219 -5.038929 130 157 114 0 0.664118 0.101606 0.740691
0.110065 0.541818 -5.036795 140 178 131 0 0.625979 0.212802 0.750243
-0.133134 -0.009292 -4.930840 37 43 21 0 0.623124 -0.126409 -0.771840
-0.180068 0.600129 -4.910929 83 103 36 0 0.141804 -0.498507 -0.855209
0.360375 0.092397 -5.228795 84 85 82 0 0.436977 0.420852 0.794943
0.233798 0.571684 -5.277861 137 153 114 0 0.893362 0.284862 0.347502
0.243753 0.327063 -5.127106 139 177 114 0 0.720669 0.080074 0.688639
0.004110 0.310707 -4.959995 133 148 110 0 0.356778 -0.142989 0.923181
0.125709 0.777906 -5.137773 48 49 37 0 0.001186 -0.245605 0.969369
-0.047801 0.738084 -5.013329 136 174 123 0 0.348866 0.469934 0.810835
-0.016513 0.123686 -4.965684 119 153 105 0 0.260551 -0.080072 0.962134
-0.124601 0.430174 -4.896707 137 165 119 0 0.480891 -0.047952 0.875468
-0.222023 0.123686 -4.864707 60 68 51 0 0.688639 -0.080074 0.720669
0.304909 0.426618 -5.237328 145 181 132 0 0.680930 0.427871 0.594357
-0.031446 0.550351 -4.962840 128 166 113 0 0.578214 0.046426 0.814564
0.337620 0.250263 -5.237328 135 170 107 0 0.859601 0.247116 0.447235
0.144198 0.261641 -5.023284 225 152 156 0 0.292169 0.023622 0.956075
0.258687 0.170619 -5.124261 139 163 117 0 0.665410 0.015345 0.746320
0.198242 0.637106 -5.142039 144 181 130 0 0.572516 0.231178 0.786627
0.207487 0.471418 -5.128528 141 179 120 0 0.855979 0.237856 0.459047
0.054598 -0.002181 -4.981328 128 141 117 0 0.630595 -0.165626 0.758233
-0.123179 0.220397 -4.930129 128 164 111 0 0.182486 0.110485 0.976981
0.133531 0.402440 -5.028973 132 170 117 0 0.581124 0.063938 0.811300
0.074509 0.677640 -5.054573 132 175 124 0 0.244570 0.451164 0.858275
0.004110 0.826972 -5.095106 134 168 121 0 0.545109 -0.054651 0.836582
0.027576 0.431596 -4.970662 137 174 127 0 0.561161 0.513976 0.648789
0.251576 0.052575 -5.097950 52 56 49 0 0.251935 -0.962979 0.095914
0.417264 0.191241 -5.306305 151 184 131 0 0.458206 0.507831 0.729490
-0.148779 0.703239 -4.962129 43 49 29 0 0.798410 0.015221 -0.601921
-0.224867 0.395329 -4.853329 116 118 100 0 0.555154 -0.484712 0.675913
-0.125312 0.108041 -4.937240 116 152 99 0 0.339802 -0.421229 0.840893
0.056732 0.204041 -4.986306 136 170 125 0 0.347613 -0.095292 0.932783
-0.184334 0.497729 -4.835551 118 120 105 0 0.721269 -0.213421 0.658956
-0.140245 0.326352 -4.916618 120 153 101 0 0.254023 0.001193 0.967197
0.393797 0.432307 -5.294928 59 58 51 0 0.071453 -0.024529 0.997142
0.314864 0.511951 -5.307016 55 54 51 0 0.126035 0.603486 0.787350
-0.005846 0.647062 -4.999817 133 170 121 0 0.206465 0.402679 0.891752
-0.025757 -0.033469 -4.933684 105 116 85 0 -0.038308 0.702318 0.710831
-0.094735 0.622173 -4.964262 126 162 105 0 0.568774 0.031985 0.821872
-0.078379 0.831950 -5.047462 35 42 20 0 -0.286660 -0.389797 -0.875148
-0.048512 0.386085 -4.936529 132 169 118 0 0.412547 -0.190967 0.890694
-0.202112 0.050442 -4.955729 109 128 91 0 0.078081 -0.529529 0.844691
-0.117490 0.529729 -4.918040 130 166 113 0 0.286382 0.364350 0.886135
0.218153 0.553907 -5.180439 139 177 111 0 0.932783 0.095292 0.347613
0.352553 0.350529 -5.260794 137 167 104 0 -0.183218 -0.118406 0.975916
0.188998 0.194085 -5.066662 133 170 110 0 0.743806 -0.038253 0.667300
0.062421 0.088130 -4.996262 133 150 112 0 0.338631 0.001250 0.940919
0.324109 0.169197 -5.193950 131 169 111 0 0.845943 0.229331 0.481443
0.259398 0.652040 -5.208172 40 46 39 0 0.474723 -0.625695 0.618986
0.284998 0.253819 -5.161950 133 172 113 0 0.725571 0.117219 0.678090
0.168376 0.563862 -5.100084 143 181 128 0 0.741502 0.244019 0.625003
-0.038557 0.209019 -4.954307 129 165 115 0 0.212622 0.001162 0.977134
0.309175 0.088130 -5.154839 145 181 128 0 0.682310 0.032491 0.730340
0.371042 0.264485 -5.324083 152 190 130 0 0.617163 0.759466 0.205721
0.135665 0.014175 -5.013329 43 53 10 0 0.291459 -0.568585 -0.769261
0.196820 0.392485 -5.087284 143 179 119 0 0.721242 0.166206 0.672448
0.054598 0.755862 -5.085150 138 173 126 0 0.693317 0.347474 0.631326
0.092287 0.334174 -4.996262 134 169 122 0 0.546028 -0.046084 0.836498
0.260820 0.501996 -5.235194 145 183 131 0 0.815862 0.419906 0.397553
0.215309 0.721017 -5.145595 97 93 86 0 0.428099 -0.110885 0.896903
0.257975 0.399596 -5.169061 143 180 120 0 0.753279 0.198718 0.626962
0.135665 0.698973 -5.109328 137 171 125 0 0.429687 0.262671 0.863929
-0.231979 0.204041 -4.888173 121 155 91 0 0.427573 0.166681 0.888481
0.301353 0.331330 -5.198217 141 176 119 0 0.720462 0.159260 0.674959
-0.066290 0.051153 -4.950751 120 153 103 0 0.181411 0.213191 0.960021
0.043932 0.510529 -4.989862 142 179 130 0 0.445903 0.341911 0.827205
0.054598 0.594440 -5.011195 163 167 131 0 0.268586 0.133631 0.953942
-0.071979 0.280841 -4.940084 119 155 106 0 0.402508 -0.149340 0.903153
-0.038557 0.465018 -4.940795 142 179 126 0 0.587425 -0.006846 0.809250
0.193265 0.305730 -5.070217 158 171 128 0 0.706003 -0.055850 0.706003
0.152020 0.479951 -5.060262 146 184 124 0 0.712351 0.166266 0.681844
0.214598 0.120841 -5.083017 151 144 116 0 0.348188 0.118794 0.929867
0.117887 0.612929 -5.067373 139 178 122 0 0.649175 0.213278 0.730127
0.116465 0.169908 -5.023284 83 120 4 0 -0.513511 -0.687469 -0.513511
0.369620 0.164219 -5.255105 141 181 119 0 0.799385 0.094301 0.593373
0.233087 0.253108 -5.107906 131 167 110 0 0.703908 0.032445 0.709550
0.086598 0.452929 -5.005506 143 175 125 0 0.402911 0.001287 0.915238
-0.107534 0.765106 -4.984884 39 53 18 0 0.062958 -0.971535 -0.228379
-0.167268 0.167063 -4.913773 134 164 112 0 0.228907 -0.165396 0.959294
-0.182912 0.255952 -4.917329 125 161 106 0 0.095623 0.064123 0.993350
0.016198 0.711062 -5.033239 132 157 117 0 0.370268 0.229771 0.900059
0.206776 0.056841 -5.044617 56 62 47 0 0.317490 -0.451994 0.833608
0.006954 0.053997 -4.972084 123 160 108 0 0.245618 0.109307 0.963184
-0.007979 0.775773 -5.053151 138 163 120 0 0.484163 0.056555 0.873148
-0.030735 0.878883 -5.117861 132 158 117 0 0.452692 0.572964 0.683214
0.084465 0.268752 -4.992706 142 151 120 0 0.379982 -0.024640 0.924666
0.040376 0.366174 -4.972795 138 174 123 0 0.451026 -0.102570 0.886597
-0.074112 0.147863 -4.945062 127 161 110 0 0.260624 -0.038291 0.964681
-0.163712 0.639951 -4.958573 79 104 25 0 0.397930 -0.794250 -0.459150
-0.187890 0.100930 -4.918751 113 151 98 0 0.405246 -0.493130 0.769804
0.154154 0.058975 -5.087284 89 111 15 0 0.529321 -0.745638 -0.404775
0.218864 0.605106 -5.225950 153 192 135 0 0.618295 0.594709 -0.513842
-0.069846 0.676217 -4.986306 125 163 107 0 0.404186 0.143238 0.903392
-0.182912 0.540396 -4.882484 139 171 116 0 0.347998 0.793821 0.498744
-0.167268 0.378263 -4.892440 126 162 108 0 0.151001 -0.435747 0.887313
0.337620 0.458618 -5.284261 152 187 130 0 0.563483 0.374022 0.736611
0.389531 0.113730 -5.284972 36 49 25 0 0.627563 0.482870 0.610738
0.150598 0.327774 -5.033951 144 182 127 0 0.674959 0.159260 0.720462
-0.214912 0.341996 -4.894573 120 156 91 0 0.079888 -0.727704 0.681224
-0.148779 0.491329 -4.884618 148 184 126 0 0.572141 0.277354 0.771835
0.243753 0.471418 -5.186839 141 182 126 0 0.713271 0.483827 0.507104
0.054598 0.807772 -5.119995 162 178 138 0 0.798217 0.560450 0.220783
0.009087 0.252396 -4.966395 128 164 117 0 0.396782 -0.094733 0.913011
-0.143090 0.053286 -4.946484 101 139 76 0 0.197108 -0.064090 0.978285
-0.251178 0.250263 -4.931551 71 82 50 0 0.023739 0.301106 0.953295
0.035398 0.144308 -4.980618 131 167 116 0 0.452587 -0.339046 0.824750
-0.172245 0.437996 -4.865418 142 180 123 0 0.452587 -0.339046 0.824750
0.341886 0.295063 -5.272172 132 165 99 0 0.955320 0.284920 0.078643
0.368197 0.228219 -5.281416 147 187 124 0 0.769795 0.374364 0.516978
0.258687 0.110886 -5.115728 128 166 115 0 0.561624 0.183171 0.806862
0.087309 0.389640 -4.998395 145 181 134 0 0.433785 -0.022552 0.900734
0.003399 0.593729 -4.987729 127 161 113 0 0.278753 0.381213 0.881461
-0.129579 0.581640 -4.932973 131 169 112 0 0.449658 0.197375 0.871120
0.380997 0.380396 -5.306305 137 176 110 0 0.489334 -0.654127 0.576775
-0.095446 0.361907 -4.923018 128 164 112 0 0.118562 -0.150342 0.981499
0.348286 0.408129 -5.268617 149 185 126 0 0.617751 0.246786 0.746646
-0.045668 0.327774 -4.943640 129 165 113 0 0.276441 -0.157774 0.947991
0.085176 0.037642 -5.000528 127 164 116 0 0.538341 0.087106 0.838213
0.150598 0.633551 -5.104351 141 179 130 0 0.607425 0.285378 0.741346
-0.126734 0.273019 -4.927284 124 160 109 0 0.094032 -0.016212 0.995437
0.286420 0.201197 -5.157683 142 157 116 0 0.774811 0.142373 0.615952
-0.096868 0.472129 -4.912351 130 166 118 0 0.458359 0.245169 0.854283
0.260820 0.529018 -5.292794 111 142 33 0 0.008874 0.934350 -0.356245
0.113620 0.221108 -5.009773 136 168 125 0 0.492923 0.071216 0.867154
-0.066290 0.519062 -4.940084 134 170 123 0 0.461153 0.340714 0.819299
0.354686 0.301463 -5.366750 121 132 82 0 0.791265 -0.119353 -0.599711
0.198242 0.582351 -5.142039 137 176 113 0 0.926145 -0.101998 0.363114
0.174776 0.752306 -5.138484 71 73 63 0 -0.691635 0.315852 0.649522
0.334775 0.118708 -5.191817 141 176 122 0 0.729158 0.220153 0.647967
0.162687 0.156397 -5.041773 183 119 111 0 0.270423 -0.231191 0.934571
0.233087 0.548929 -5.229506 147 187 135 0 0.773061 0.507271 0.380858
0.096554 0.733106 -5.104351 143 180 124 0 0.426889 0.420446 0.800619
-0.121757 0.674084 -4.994129 93 131 74 0 0.794827 0.414342 0.443362
0.010510 0.189108 -4.970662 130 166 113 0 0.443248 -0.030800 0.895870
0.230953 0.669817 -5.169773 156 192 135 0 0.552073 -0.219907 0.804274
0.352553 0.329196 -5.308439 150 183 118 0 0.773650 -0.055566 0.631173
0.181887 0.446529 -5.084439 140 180 124 0 0.619501 0.388221 0.682278
-0.029313 0.016308 -4.951462 122 158 107 0 0.212870 0.332878 0.918629
0.041798 0.642795 -5.019729 152 166 129 0 0.420928 0.254971 0.870522
0.220287 0.422351 -5.129239 132 170 107 0 0.792734 0.190928 0.578895
-0.082646 -0.006447 -4.927995 79 92 53 0 0.189576 0.855332 0.482150
-0.071268 0.863950 -5.091550 80 107 61 0 -0.453332 0.849805 -0.268926
0.305620 0.380396 -5.217417 139 178 118 0 0.720974 0.261452 0.641746
-0.046379 0.617195 -4.977062 130 167 116 0 0.054969 0.157888 0.985926
0.206776 0.520484 -5.144884 134 170 110 0 0.854712 0.166809 0.491570
0.097976 0.119419 -5.012618 134 171 122 0 0.411772 -0.016994 0.911128
0.179042 0.241730 -5.055995 138 175 116 0 0.619451 -0.006898 0.785005
0.009798 0.480662 -4.969240 135 171 125 0 0.356656 0.317196 0.878740
0.166954 0.373285 -5.052439 138 177 122 0 0.663055 0.079799 0.744305
-0.077668 0.787150 -5.017595 142 173 120 0 0.062379 0.214047 0.974830
-0.084779 0.571684 -4.950751 131 163 113 0 0.299604 0.284989 0.910504
-0.057757 0.099508 -4.954307 122 157 105 0 0.237466 0.040186 0.970564
-0.070557 0.427329 -4.921596 135 171 123 0 0.371122 -0.087720 0.924432
0.312020 0.269463 -5.200350 139 171 115 0 0.878819 0.039513 0.475516
0.231664 0.204752 -5.101506 129 166 112 0 0.539133 0.072167 0.839123
0.011221 -0.011425 -4.956440 34 43 27 0 0.294179 0.771227 0.564506
-0.030735 0.692573 -5.011195 134 163 117 0 0.385953 0.348753 0.854056
0.180465 0.498440 -5.098661 143 181 120 0 0.746076 0.175458 0.642327
0.272198 0.434440 -5.199639 145 180 123 0 0.809418 0.196638 0.553331
0.045354 0.292219 -4.974928 151 155 120 0 0.491453 0.103989 0.864673
0.296375 0.469285 -5.256528 149 187 131 0 0.666548 0.413891 0.620006
0.112909 0.495596 -5.026128 144 181 134 0 0.619451 -0.006898 0.785005
0.122154 0.060397 -5.019729 131 166 119 0 0.453006 0.078964 0.888003
0.151309 0.526173 -5.070928 143 174 125 0 0.777074 0.126293 0.616608
0.296375 0.133641 -5.154839 135 167 115 0 0.719141 0.143225 0.679943
-0.103268 0.716039 -4.982751 147 183 126 0 0.133650 0.197293 0.971192
0.271487 0.298619 -5.155550 141 178 120 0 0.745984 0.222705 0.627623
-0.011535 0.412396 -4.949329 126 164 118 0 0.310200 0.016195 0.950533
-0.204245 0.166352 -4.882484 134 167 117 0 0.475125 0.291306 0.830300
0.112198 0.657017 -5.083017 135 172 119 0 0.672779 0.070895 0.736439
0.272198 0.354085 -5.169773 140 179 120 0 0.756059 0.198639 0.623633
-0.185756 0.209730 -4.910218 128 164 108 0 0.324143 0.102712 0.940416
0.079487 0.622173 -5.038929 140 177 131 0 0.460756 0.307691 0.832484
0.078776 0.162797 -4.997684 138 173 123 0 0.276908 0.070184 0.958330
0.310598 0.220397 -5.191817 140 175 114 0 0.832674 0.118120 0.541019
-0.116779 0.174886 -4.931551 122 157 104 0 0.214000 -0.047153 0.975695
0.220287 0.619329 -5.177595 141 177 118 0 0.914774 -0.220410 0.338538
0.216731 0.354796 -5.102928 141 178 118 0 0.693705 0.038303 0.719240
0.074509 0.538973 -5.007639 189 175 156 0 0.418336 0.418336 0.806219
-0.252601 0.312841 -4.925862 45 52 40 0 0.150440 -0.555584 0.817737
0.031132 0.558173 -4.990573 132 169 120 0 0.412124 0.371069 0.832143
-0.043535 0.800661 -5.063817 121 153 103 0 0.423420 0.532158 0.733159
0.126420 0.446529 -5.028973 145 181 128 0 0.667006 0.104542 0.737682
0.151309 0.033375 -5.051017 91 95 10 0 -0.031561 -0.995797 -0.085976
0.240909 0.373996 -5.137062 150 156 117 0 0.766383 0.149061 0.624851
-0.029313 0.275863 -4.950751 126 160 110 0 0.157421 -0.031025 0.987044
-0.207801 0.440840 -4.839818 157 160 137 0 0.337727 -0.141983 0.930473
0.126420 0.359774 -5.016173 176 165 141 0 0.723503 0.142896 0.675370
0.348997 0.208308 -5.242306 136 174 109 0 0.769041 0.215084 0.601926
0.021176 0.787150 -5.083728 145 180 125 0 0.220378 0.664261 0.714276
0.136376 0.566707 -5.064528 136 176 125 0 0.728777 0.275883 0.626716
-0.181490 0.299330 -4.916618 116 151 85 0 0.102671 -0.086520 0.990946
0.194687 0.684040 -5.140617 140 178 128 0 0.500554 -0.056850 0.863837
0.149887 0.195508 -5.031106 172 171 136 0 0.610975 -0.094781 0.785956
0.097265 0.582351 -5.036084 148 187 137 0 0.443190 0.189939 0.876074
-0.239801 0.344841 -4.860440 41 58 15 0 0.649765 -0.752902 0.104611
0.006954 0.527596 -4.974217 133 171 121 0 0.134410 0.319055 0.938157
0.395931 0.230352 -5.324794 158 182 140 0 0.657297 0.532898 0.532898
0.179754 0.097375 -5.064528 98 62 18 0 -0.007103 0.031456 -0.999480
-0.079090 0.218974 -4.948617 106 139 82 0 0.720974 0.261452 0.641746
0.122154 0.296485 -5.014750 146 166 125 0 0.457530 0.109071 0.882480
0.261531 0.233908 -5.133506 135 172 116 0 0.704484 0.086055 0.704484
-0.123890 0.386796 -4.905240 130 166 114 0 0.276086 -0.203943 0.939247
0.225264 0.300041 -5.101506 132 171 114 0 0.737318 0.110819 0.666394
-0.101135 0.026975 -4.944351 114 149 94 0 0.118088 0.247855 0.961573
0.225264 0.164219 -5.095817 132 169 114 0 0.636057 0.126616 0.761183
-0.150912 0.553195 -4.911640 130 164 112 0 0.490565 0.457530 0.741628
-0.125312 0.738084 -4.955729 102 129 32 0 -0.468496 -0.387998 -0.793706
0.026154 0.097375 -4.979195 142 156 115 0 0.364491 -0.062295 0.929121
0.232376 0.510529 -5.192528 136 173 114 0 0.856642 0.182612 0.482511
-0.025757 0.162797 -4.958573 120 156 106 0 0.261220 -0.056244 0.963639
0.400908 0.147863 -5.304172 106 139 28 0 0.769041 0.601926 -0.215084
0.045354 0.467862 -4.984173 140 176 131 0 0.127049 0.127049 0.983726
0.324109 0.313552 -5.226661 137 175 113 0 0.857515 0.071576 0.509456
0.349709 0.147863 -5.223817 137 178 117 0 0.759466 0.205721 0.617163
-0.223445 0.083864 -4.909507 43 45 36 0 0.252240 -0.824810 0.506028
0.289264 0.063241 -5.129951 110 132 101 0 0.492030 0.555843 0.670034
-0.064157 0.889550 -5.137773 94 96 77 0 0.427147 0.532697 0.730602
0.044643 0.053286 -4.986306 128 163 117 0 0.317874 0.143248 0.937249
0.140643 0.736662 -5.124261 127 166 112 0 0.388089 0.079781 0.918162
0.375308 0.466440 -5.304883 41 40 36 0 0.103071 0.386174 0.916649
0.062421 0.423063 -4.988440 136 170 130 0 0.514723 0.308834 0.799801
-0.027179 0.500573 -4.955018 137 156 117 0 0.308169 0.157508 0.938202
0.161265 0.415240 -5.054573 145 178 127 0 0.593717 0.221675 0.773537
0.208909 0.231063 -5.082306 142 173 122 0 0.640541 0.032379 0.767241
0.050332 0.708217 -5.061684 133 164 120 0 0.706653 0.149804 0.691521
-0.101135 0.069641 -4.947906 111 148 92 0 0.087602 -0.054336 0.994673
0.006954 0.350529 -4.958573 129 166 118 0 0.341373 -0.072492 0.937128
-0.217756 0.238174 -4.911640 104 138 71 0 -0.175463 0.048282 0.983301
-0.163001 0.019153 -4.945773 66 80 35 0 0.595698 -0.253054 -0.762304
-0.031446 0.841906 -5.087284 135 161 122 0 0.348429 0.682135 0.642876
0.274331 0.467151 -5.223105 142 177 125 0 0.743578 0.436914 0.506160
0.149176 0.595862 -5.088706 141 177 127 0 0.636789 0.358501 0.682625
-0.106823 0.306441 -4.929418 126 163 111 0 0.301106 -0.023739 0.953295
-0.188601 0.403152 -4.871818 143 180 121 0 0.364613 -0.489899 0.791869
-0.074112 0.708928 -5.006928 107 142 86 0 0.009156 -0.903860 0.427731
0.078776 0.767239 -5.112884 141 177 117 0 0.678459 0.561194 0.474083
0.074509 0.492040 -5.004084 143 177 137 0 0.501714 0.197371 0.842216
0.284998 0.505551 -5.274305 153 193 145 0 0.618737 0.524325 0.585019
-0.042112 0.767239 -5.037506 145 178 127 0 0.381081 0.628536 0.678027
0.249442 0.285107 -5.127106 140 179 119 0 0.768514 0.135796 0.625257
-0.025046 0.082441 -4.964262 119 152 103 0 0.220763 0.001168 0.975327
0.103665 0.696128 -5.089417 145 183 128 0 0.500394 0.325653 0.802219
0.161976 0.288663 -5.042484 138 174 115 0 0.769200 0.126464 0.626370
0.184020 0.341996 -5.063817 144 182 129 0 0.616984 0.070471 0.783814
-0.137401 0.144308 -4.925862 128 165 109 0 0.356285 0.048288 0.933129
-0.212779 0.277996 -4.920884 94 132 62 0 -0.086850 -0.016083 0.996092
0.326242 0.350529 -5.234483 144 179 119 0 0.776245 0.070568 0.626469
0.171931 0.711062 -5.129239 134 168 115 0 0.268977 0.102653 0.957661
-0.128868 0.642795 -4.970662 85 123 61 0 -0.023078 0.506351 0.862019
-0.175801 0.344129 -4.903107 126 161 101 0 0.403981 -0.413561 0.815945
-0.258290 0.313552 -4.866840 58 67 27 0 0.365559 -0.690135 -0.624564
-0.064157 0.184130 -4.945773 129 164 112 0 0.221275 0.102419 0.969818
0.056732 0.247419 -4.982039 122 154 102 0 0.197380 -0.031912 0.979808
-0.197845 0.570262 -4.899551 34 41 28 0 -0.140655 0.821723 0.552257
0.216020 0.084575 -5.078751 131 158 117 0 0.429687 0.262671 0.863929
0.228109 0.459329 -5.156261 144 169 117 0 0.775802 0.252332 0.578325
0.345442 0.487062 -5.307016 153 164 134 0 -0.038664 0.417307 0.907943
0.356820 0.265196 -5.286394 148 190 134 0 0.839054 0.365420 0.403060
-0.000868 0.742350 -5.041062 142 175 128 0 0.031142 0.285265 0.957943
0.000554 0.849017 -5.123550 70 95 49 0 0.332403 0.920172 -0.206860
0.059576 0.324930 -4.979907 132 168 120 0 0.341678 -0.191397 0.920121
0.024732 0.672662 -5.030395 120 154 113 0 0.745368 0.182133 0.641292
-0.079090 0.746617 -4.996973 149 187 131 0 0.142677 0.206947 0.967893
0.170509 0.664840 -5.122128 147 184 127 0 0.562648 0.301248 0.769855
0.351131 0.085997 -5.194661 110 124 100 0 0.793262 0.381345 0.474670
0.127843 0.132219 -5.027551 128 164 116 0 0.546550 -0.143673 0.825010
0.186865 0.529018 -5.116439 137 173 116 0 0.832196 0.127243 0.539684
0.187576 0.147863 -5.065950 136 169 117 0 0.586818 -0.228812 0.776717
0.019043 0.392485 -4.961418 142 178 126 0 0.568018 0.040473 0.822021
0.347575 0.356218 -5.331194 126 156 78 0 0.779829 0.595979 0.191510
0.158420 0.066797 -5.036795 103 137 93 0 0.198756 0.261809 0.944432
0.389531 0.188397 -5.284261 147 183 116 0 0.682635 0.579155 0.445632
-0.101846 0.248130 -4.935818 121 157 103 0 0.158448 -0.143476 0.976887
0.090865 0.002797 -5.001951 41 45 38 0 0.554593 -0.671878 0.490924
-0.157312 0.412396 -4.885329 139 177 120 0 0.467943 -0.245403 0.849004
0.371753 0.118708 -5.249417 134 172 106 0 0.891494 0.126141 0.435117
0.026865 0.751595 -5.063817 146 182 132 0 0.422141 0.371548 0.826891
0.105798 0.418085 -5.007639 228 171 171 0 0.062635 0.110465 0.991904
0.088020 0.196219 -5.001240 138 171 121 0 0.569430 0.015093 0.821901
-0.254023 0.226797 -4.905951 50 60 26 0 0.498208 -0.665955 -0.555242
-0.040690 0.583773 -4.969240 122 161 112 0 0.322619 0.467405 0.823073
-0.097579 0.657017 -4.975640 101 140 80 0 0.063152 0.236512 0.969574
-0.148068 0.198352 -4.920173 131 166 116 0 0.626779 0.110608 0.771307
-0.154468 0.089552 -4.937951 116 152 93 0 0.183229 -0.356516 0.916146
0.285709 0.166352 -5.151995 139 175 123 0 0.765945 0.070680 0.639009
0.231664 0.049730 -5.067373 153 167 145 0 0.524450 0.608767 0.595277
0.326242 0.397463 -5.244439 145 182 127 0 0.720275 0.220301 0.657778
-0.188601 0.141463 -4.900262 140 176 121 0 0.667469 -0.143137 0.730751
-0.153757 0.670528 -4.971373 53 63 34 0 0.293555 0.646462 -0.704211
-0.149490 0.247419 -4.925151 119 149 98 0 0.134744 0.056431 0.989272
0.017621 0.622884 -5.005506 137 173 126 0 0.467160 0.228289 0.854193
-0.004424 0.445107 -4.955729 128 164 116 0 0.149792 0.253188 0.955750
0.245176 0.430885 -5.164794 145 183 127 0 0.695997 0.355368 0.623941
0.226687 0.643506 -5.204617 96 121 38 0 0.825166 -0.102964 0.555428
-0.170112 0.049019 -4.967106 94 130 59 0 -0.095082 0.633391 0.767968
0.256553 0.526884 -5.257950 144 180 120 0 0.846313 0.403674 0.347565
0.063132 0.130797 -4.994840 129 165 122 0 0.237101 -0.111502 0.965065
0.220287 0.492751 -5.159106 138 176 117 0 0.844241 0.236632 0.480897
-0.148779 0.609373 -4.935818 140 177 120 0 0.402880 0.497483 0.768244
0.075932 0.720306 -5.080173 141 177 123 0 -0.047082 0.717644 0.694817
0.363931 0.307152 -5.334750 160 193 136 0 -0.165782 -0.728530 0.664650
-0.174379 0.470707 -4.857595 151 188 125 0 0.770767 -0.174829 0.612661
0.295664 0.300752 -5.185417 137 175 116 0 0.800924 0.151203 0.579360
0.083043 0.228930 -4.995551 129 164 119 0 0.617391 -0.165345 0.769084
0.279309 0.390352 -5.193239 149 174 123 0 0.658057 0.365952 0.658057
-0.051357 0.239596 -4.949329 121 155 106 0 0.371766 -0.396864 0.839219
-0.000868 0.016308 -4.970662 75 113 11 0 -0.379428 -0.449871 -0.808487
0.223842 0.589462 -5.191817 140 181 124 0 0.109678 0.292033 0.950099
0.177620 0.590884 -5.117150 139 176 124 0 0.804747 0.032078 0.592751
-0.204245 0.077464 -4.936529 104 138 73 0 -0.015293 -0.632558 0.774362
0.374597 0.268752 -5.356794 67 67 62 0 0.705821 0.664767 0.244748
0.347575 0.332752 -5.358216 111 114 94 0 0.601974 0.474536 -0.642217
0.134243 0.506262 -5.048884 149 173 129 0 0.791522 0.023648 0.610682
-0.071979 0.488485 -4.929418 133 168 120 0 0.348726 0.133701 0.927639
0.114331 0.263774 -5.009773 153 158 126 0 0.556740 0.244841 0.793784
0.030421 0.228930 -4.974217 122 157 104 0 0.466469 -0.159389 0.870059
-0.171534 0.504840 -4.864707 145 181 118 0 0.865386 0.246174 0.436469
-0.117490 0.498440 -4.908795 130 165 112 0 0.379122 0.268233 0.885617
0.218153 0.386085 -5.111462 143 180 120 0 0.802086 0.197084 0.563752
0.311309 0.482085 -5.282128 150 188 132 0 0.513842 0.594709 0.618295
-0.038557 0.425196 -4.937240 135 172 121 0 0.245622 0.079355 0.966112
0.032554 0.831239 -5.118573 99 101 94 0 -0.175433 0.372261 0.911397
-0.215623 0.309285 -4.913773 99 139 67 0 -0.006898 -0.619451 0.785005
0.195398 0.273730 -5.072350 134 169 115 0 0.734343 0.015328 0.678605
-0.127446 0.462174 -4.896707 142 179 124 0 0.377918 -0.054367 0.924241
0.389531 0.376129 -5.336883 109 139 25 0 -0.507033 -0.340688 -0.791739
0.287131 0.103064 -5.137062 136 175 118 0 0.595680 0.135179 0.791765
-0.010824 0.380396 -4.949329 134 170 123 0 0.361982 -0.053968 0.930622
0.093709 0.642795 -5.058839 141 178 125 0 0.601764 0.347360 0.719181
-0.096868 0.403152 -4.910218 132 163 117 0 0.261198 0.127318 0.956852
0.353264 0.295063 -5.302039 133 169 101 0 0.947671 0.267083 0.174892
-0.249756 0.286530 -4.943640 67 87 41 0 -0.824870 0.292696 0.483652
0.260109 0.202619 -5.128528 139 176 118 0 0.717365 0.055843 0.694456
-0.015801 0.230352 -4.959995 130 163 115 0 0.491570 -0.166809 0.854712
-0.075535 0.897372 -5.109328 61 63 32 0 -0.348503 -0.649558 -0.675737
0.088020 0.302885 -4.994840 137 172 127 0 0.490818 -0.062569 0.869012
-0.136690 0.356929 -4.909507 123 159 107 0 0.276063 -0.387695 0.879478
-0.093312 0.122975 -4.942217 116 148 101 0 0.247303 -0.008363 0.968902
0.142776 0.230352 -5.025417 161 161 124 0 0.339747 -0.126894 0.931917
-0.028601 0.354085 -4.945062 130 167 116 0 0.211839 0.008193 0.977270
-0.070557 0.600840 -4.965684 132 169 112 0 0.007836 0.151127 0.988483
-0.049935 0.130086 -4.953595 123 159 106 0 0.188955 -0.015070 0.981870
0.273620 0.133641 -5.133506 139 173 122 0 0.715874 0.248106 0.652662
0.153442 0.445107 -5.050306 144 182 126 0 0.766093 0.046904 0.641016
0.085887 0.069641 -5.004795 127 159 116 0 0.443870 0.111320 0.889150
0.329797 0.434440 -5.266483 143 180 128 0 0.648123 0.347733 0.677509
0.051043 0.170619 -4.985595 131 166 116 0 0.206014 -0.198040 0.958300
0.093709 0.777906 -5.137773 94 116 70 0 0.315753 0.642840 0.697895
0.235220 0.100219 -5.098661 129 166 117 0 0.547936 0.213342 0.808858
0.065976 0.649906 -5.040350 139 177 126 0 0.380188 0.499906 0.778172
-0.059179 0.837639 -5.070928 141 169 124 0 0.476098 0.348714 0.807297
-0.011535 0.561729 -4.983462 82 118 8 0 -0.556861 -0.587327 -0.587327
-0.037846 0.665551 -4.998395 136 172 122 0 0.253880 0.245464 0.935570
-0.026468 0.051864 -4.962129 120 152 108 0 0.324163 0.063791 0.943848
0.163398 0.123686 -5.048884 136 147 113 0 -0.023528 0.023528 0.999446
0.075220 0.362618 -4.990573 143 180 130 0 0.457677 0.070518 0.886318
0.337620 0.189819 -5.220972 137 174 112 0 0.838757 0.126908 0.529511
-0.155890 0.529018 -4.893862 140 175 121 0 0.516538 0.506508 0.690389
0.166242 0.036219 -5.024706 103 109 68 0 0.419692 -0.735696 -0.531610
0.109354 0.091686 -5.017595 169 159 132 0 0.379646 0.126549 0.916436
-0.002290 0.684751 -5.018306 140 176 130 0 0.758619 -0.212538 0.615893
-0.084779 0.327063 -4.931551 126 161 110 0 0.521280 0.149148 0.840251
-0.153757 0.458618 -4.877507 144 182 127 0 0.562072 0.072571 0.823898
0.361797 0.361907 -5.292083 147 182 127 0 -0.331392 -0.930392 -0.156683
0.201087 0.419507 -5.100084 144 183 121 0 0.822433 0.205228 0.530553
0.000554 0.152841 -4.969240 125 160 108 0 0.291998 -0.126666 0.947994
-0.242645 0.332752 -4.901684 97 124 73 0 -0.064531 -0.767207 0.638144
0.184731 0.082441 -5.038929 156 115 109 0 -0.253588 0.048244 0.966109
0.031843 0.318530 -4.970662 138 174 125 0 0.024099 -0.166398 0.985764
-0.224156 0.107330 -4.891018 32 42 25 0 -0.569967 -0.364191 0.736548
0.371042 0.410263 -5.287817 134 171 120 0 0.223856 -0.262787 0.938526
-0.094023 0.538262 -4.934395 127 161 113 0 0.601926 0.215084 0.769041
0.220998 0.599418 -5.255105 155 166 133 0 0.959445 0.268439 0.086055
-0.059890 0.359063 -4.932262 127 154 106 0 0.284394 -0.214346 0.934439
-0.062024 0.553195 -4.955018 122 157 109 0 0.341001 0.236524 0.909821
0.244464 0.135775 -5.108617 147 160 119 0 0.674959 0.159260 0.720462
0.316998 0.144308 -5.179728 134 174 115 0 0.812456 0.189826 0.551255
0.090865 0.516218 -5.016884 140 174 131 0 0.460046 0.214288 0.861649
-0.163712 0.135063 -4.916618 121 157 102 0 0.301770 -0.261342 0.916862
-0.064868 0.639951 -4.978484 126 164 109 0 0.158628 0.286072 0.944987
-0.116068 0.607951 -4.950040 133 171 117 0 0.466539 0.301144 0.831657
-0.062735 0.011331 -4.940084 117 152 98 0 0.230423 0.340563 0.911549
0.198242 0.498440 -5.122128 142 181 120 0 0.856776 0.086386 0.508401
0.424375 0.164930 -5.295639 47 49 42 0 -0.229561 -0.150854 0.961533
0.325531 0.284396 -5.227372 138 165 111 0 0.903438 0.038814 0.426958
0.344731 0.321374 -5.260083 132 164 109 0 0.885697 -0.079254 0.457448
0.110776 0.758706 -5.122128 129 165 111 0 -0.119214 0.593128 0.796233
0.148465 0.359063 -5.034662 141 178 123 0 0.669756 0.070881 0.739191
0.306331 0.195508 -5.178306 134 170 110 0 0.719141 0.143225 0.679943
0.351131 0.236752 -5.258661 143 181 119 0 0.855678 0.205303 0.475044
-0.015801 0.815595 -5.078039 136 173 127 0 0.514954 0.363212 0.776466
0.115043 0.385374 -5.010484 233 177 176 0 0.436163 -0.055709 0.898142
0.253709 0.346263 -5.145595 136 174 118 0 0.675831 0.176237 0.715676
0.314153 0.116575 -5.169061 133 170 116 0 0.672243 0.230349 0.703583
0.173354 0.211152 -5.050306 136 171 114 0 0.717503 0.086217 0.691199
0.059576 0.385374 -4.984173 134 171 124 0 0.292400 -0.016039 0.956161
-0.022201 0.728128 -5.028973 133 169 119 0 0.682131 0.315952 0.659448
0.243753 0.517640 -5.218839 147 184 127 0 0.884912 0.292968 0.362078
0.239487 0.552484 -5.257950 152 191 130 0 0.840599 0.482311 0.246514
0.385264 0.215419 -5.299905 142 180 121 0 0.681549 0.517441 0.517441
-0.154468 0.585195 -4.920173 143 178 119 0 0.362705 0.016661 0.931755
-0.089757 0.171330 -4.938662 119 154 104 0 0.047775 -0.094439 0.994384
0.218153 0.633551 -5.229506 47 52 45 0 0.801573 0.461025 -0.380707
-0.019357 0.617195 -4.984884 127 166 112 0 0.484388 0.412627 0.771432
0.053887 0.565284 -5.005506 136 169 127 0 0.070518 0.457677 0.886318
0.403753 0.396752 -5.307727 67 72 52 0 0.373216 -0.659294 0.652718
0.381708 0.148575 -5.275016 141 179 114 0 0.874811 0.152330 0.459892
0.166954 0.535418 -5.092261 135 174 120 0 0.787639 0.119697 0.604398
0.116465 0.329907 -5.009773 142 175 132 0 0.395724 0.063048 0.916203
0.187576 0.471418 -5.100084 139 175 117 0 0.829699 0.078543 0.552657
0.107220 0.026975 -5.014040 64 101 0 0 0.449658 0.197375 -0.871120
0.265798 0.260219 -5.142750 140 177 120 0 0.728534 0.055821 0.682732
-0.091179 0.508396 -4.925862 129 160 114 0 0.439966 0.306266 0.844175
0.193976 0.366885 -5.076617 142 181 125 0 0.714276 0.220378 0.664261
0.287842 0.415240 -5.212439 143 174 125 0 0.831626 0.165728 0.530031
0.004110 0.279419 -4.962129 137 171 122 0 0.394108 0.085913 0.915040
0.056021 0.780750 -5.104351 138 171 122 0 0.624103 0.322589 0.711640
0.075932 0.573818 -5.020440 139 175 127 0 0.467160 0.228289 0.854193
-0.047090 -0.015692 -4.933684 73 79 59 0 0.205851 0.642317 0.738278
0.144198 0.672662 -5.111462 137 175 127 0 0.557066 0.213312 0.802605
0.223131 0.561018 -5.206750 139 176 115 0 0.934773 0.318016 0.158319
0.216020 0.267330 -5.091550 137 174 115 0 0.657235 0.001378 0.753685
-0.021490 0.306441 -4.950751 128 162 110 0 0.331281 -0.055863 0.941877
0.161976 0.501285 -5.075906 143 180 126 0 0.715874 0.248106 0.652662
0.234509 0.401018 -5.139195 145 176 128 0 0.746964 0.278718 0.603623
0.279309 0.320663 -5.169773 140 179 119 0 0.791265 0.119353 0.599711
0.357531 0.383240 -5.275016 148 187 127 0 0.770367 -0.205328 0.603634
0.026154 0.012753 -4.969951 123 159 108 0 0.456637 0.149313 0.877034
0.212465 0.186974 -5.087995 128 165 109 0 0.588634 0.079156 0.804515
0.356109 0.438707 -5.285683 145 182 123 0 0.577616 0.331684 0.745885
-0.201401 0.379685 -4.876084 139 176 121 0 0.460538 -0.460538 0.758822
-0.239801 0.371863 -4.861862 34 42 29 0 -0.175680 -0.633977 0.753134
0.209620 0.332041 -5.090128 142 163 115 0 0.737318 0.110819 0.666394
0.206065 0.558173 -5.151284 134 169 110 0 0.857515 0.071576 0.509456
0.190420 0.553907 -5.126395 144 182 122 0 0.785764 0.032215 0.617686
-0.005135 0.099508 -4.970662 137 150 110 0 0.277755 0.015907 0.960520
-0.171534 0.069641 -4.944351 103 137 83 0 0.183331 -0.396977 0.899333
0.290686 0.521907 -5.294928 157 176 137 0 0.490670 0.808255 0.325525
0.258687 0.076753 -5.107195 126 167 115 0 0.477494 0.302152 0.825047
0.169798 0.472129 -5.078751 139 179 122 0 0.792127 0.167478 0.586929
0.174776 0.314974 -5.053151 145 181 127 0 0.695574 0.023888 0.718057
0.243042 0.228930 -5.113595 134 172 117 0 0.679943 0.143225 0.719141
0.331220 0.095952 -5.178306 143 180 126 0 0.659344 0.230222 0.715725
0.245887 0.691862 -5.168350 64 59 56 0 0.086632 -0.141222 0.986180
0.105087 0.471418 -5.018306 146 182 137 0 0.483753 0.364824 0.795541
-0.113223 -0.025647 -4.937240 55 62 47 0 0.776466 -0.363212 0.514954
-0.211356 0.214708 -4.900973 117 155 98 0 0.301238 0.295360 0.906652
0.332642 0.228930 -5.222394 140 177 111 0 0.677385 0.308784 0.667684
-0.032157 0.640662 -4.991284 132 171 117 0 0.016039 0.292400 0.956161
-0.055624 0.790706 -5.042484 147 186 139 0 0.871091 0.006690 0.491076
-0.010113 0.204041 -4.963551 134 166 117 0 0.332049 0.016413 0.943119
0.294242 0.273019 -5.177595 137 174 113 0 0.854015 0.086680 0.512977
-0.144512 0.652040 -4.989862 86 111 57 0 -0.267199 -0.346916 0.899029
-0.129579 0.676928 -4.962840 85 121 20 0 -0.244071 0.205892 -0.947649
0.284286 0.227508 -5.156972 137 174 113 0 0.729664 0.064763 0.680732
0.048909 0.687595 -5.045328 142 178 127 0 0.366895 0.414135 0.832994
0.135665 0.541107 -5.055995 148 186 136 0 0.616608 0.126293 0.777074
-0.015090 -0.005736 -4.950040 119 156 101 0 0.419669 0.245183 0.873935
0.185442 0.618617 -5.128528 142 178 131 0 0.728530 0.165782 0.664650
0.227398 0.615773 -5.202484 132 169 111 0 0.887294 -0.380269 0.260969
0.355397 0.181997 -5.242306 142 178 119 0 0.709064 0.269285 0.651701
-0.117490 0.337018 -4.923729 124 157 109 0 0.356778 -0.142989 0.923181
0.232376 0.546084 -5.282128 117 146 33 0 0.978285 0.064090 -0.197108
-0.193579 0.524751 -4.864707 41 51 23 0 -0.539238 0.784202 0.307000
0.029710 0.532573 -4.985595 140 176 123 0 0.577040 0.134989 0.805483
-0.096868 0.276574 -4.934395 117 153 104 0 0.048062 -0.101712 0.993652
-0.062024 0.451507 -4.925151 137 173 123 0 0.433403 0.166693 0.885650
0.165531 0.613640 -5.111462 139 169 127 0 0.704526 0.268769 0.656815
0.094420 0.678351 -5.073061 146 182 130 0 0.697859 0.348112 0.625948
-0.167979 0.226797 -4.918040 125 160 109 0 0.284258 -0.038819 0.957962
0.287842 0.366174 -5.190394 140 179 122 0 0.720949 0.340132 0.603774
-0.248334 0.290085 -4.914485 55 70 27 0 0.796307 0.244658 -0.553207
-0.073401 0.378974 -4.923018 139 161 119 0 0.235983 -0.174654 0.955933
-0.199268 0.113730 -4.899551 134 170 114 0 0.713208 -0.450535 0.536984
0.017621 0.654173 -5.014040 132 168 122 0 0.601093 0.506804 0.617930
0.345442 0.261641 -5.263639 141 177 118 0 0.826594 0.365092 0.428311
-0.083357 0.813461 -5.030395 37 43 18 0 0.001375 -0.768784 -0.639507
-0.131712 0.732395 -4.979907 46 68 29 0 -0.207495 0.510408 0.834524
0.172642 0.179152 -5.048173 152 168 121 0 0.801521 0.040708 0.596579
-0.089757 0.098086 -4.947196 116 153 100 0 0.055685 -0.325046 0.944057
0.056732 0.022708 -4.987018 126 162 111 0 0.198073 0.340572 0.919118
0.011932 0.130797 -4.975640 127 162 110 0 0.292400 0.016039 0.956161
0.043221 0.114441 -4.987729 133 169 119 0 0.532871 -0.143181 0.833995
-0.190023 0.472840 -4.836262 160 184 138 0 0.571896 -0.619132 0.538155
0.102954 0.153552 -5.009062 133 168 119 0 0.475325 -0.014728 0.879687
-0.122468 0.558173 -4.925862 127 164 108 0 0.396869 0.474623 0.785639
-0.170823 0.568840 -4.908795 125 162 111 0 0.212422 0.474560 0.854207
0.334775 0.147152 -5.203195 137 175 115 0 0.775767 0.191264 0.601334
0.110776 0.195508 -5.012618 129 160 116 0 0.391376 -0.157974 0.906570
-0.145934 0.655595 -4.949329 63 94 17 0 0.899781 -0.119316 0.419711
-0.042824 0.520484 -4.952884 131 163 117 0 0.213191 0.181411 0.960021
0.220287 0.521907 -5.173328 137 173 107 0 0.886992 0.172753 0.428253
0.165531 0.078175 -5.073061 92 82 22 0 0.348426 -0.936476 0.040153
-0.105401 0.444396 -4.905240 137 172 119 0 0.127318 -0.261198 0.956852
-0.138823 0.021997 -4.938662 110 149 42 0 0.418483 0.001296 -0.908224
-0.052068 0.159241 -4.950040 132 168 112 0 0.308359 -0.039338 0.950456
0.195398 0.732395 -5.134928 45 46 41 0 -0.008728 0.322941 0.946379
-0.096157 0.691862 -4.981328 131 168 113 0 0.159193 0.292534 0.942911
-0.239090 0.251685 -4.909507 80 112 28 0 0.514723 -0.308834 -0.799801
0.212465 0.649906 -5.158395 141 177 128 0 0.721454 -0.149736 0.676080
0.143487 0.423774 -5.038929 140 180 128 0 0.657235 0.001378 0.753685
0.368908 0.205463 -5.270750 144 183 126 0 0.832484 0.307691 0.460756
0.203931 0.451507 -5.113595 140 178 116 0 0.806450 0.157101 0.570051
-0.131712 0.080308 -4.942929 105 140 85 0 0.135664 -0.135664 0.981423
-0.108246 0.151419 -4.933684 129 164 112 0 0.278023 -0.134356 0.951132
0.167665 0.260930 -5.044617 170 158 129 0 0.506798 -0.039830 0.861144
0.272909 0.492751 -5.256528 109 150 24 0 0.681121 -0.563975 -0.466911
0.326242 0.209019 -5.208883 138 176 113 0 0.818447 0.198918 0.539051
0.208198 0.150708 -5.083728 136 173 125 0 0.626932 0.032258 0.778406
0.120020 0.728839 -5.111462 137 173 124 0 0.001162 0.212622 0.977134
-0.123179 0.696839 -4.984173 134 170 107 0 -0.854568 0.496910 0.150979
0.024732 0.501285 -4.977062 132 163 123 0 0.520711 0.117486 0.845611
-0.167979 0.319952 -4.913773 121 156 100 0 0.277232 -0.229385 0.933019
0.026865 0.171330 -4.976351 134 169 121 0 0.402788 -0.103811 0.909387
0.258687 0.376129 -5.161239 143 169 122 0 0.609214 0.333037 0.719684
-0.077668 0.246708 -4.940795 120 153 106 0 0.253575 -0.135327 0.957803
-0.153757 0.271596 -4.922307 115 151 98 0 0.347095 0.008835 0.937788
0.089443 0.551773 -5.022573 134 172 123 0 0.482511 0.182612 0.856642
0.204642 0.615773 -5.152706 139 177 122 0 0.761388 -0.323550 0.561786
0.179754 0.414529 -5.070928 136 174 119 0 0.767011 0.198285 0.610227
0.031843 -0.010714 -4.974928 54 56 52 0 0.420873 -0.761503 0.492930
0.254420 0.449374 -5.183995 142 179 121 0 0.717629 0.237116 0.654817
0.124287 0.675506 -5.097239 145 183 131 0 0.660486 0.311672 0.683095
-0.067001 0.919417 -5.130661 141 147 110 0 -0.135614 -0.063750 0.988709
-0.094735 0.773639 -5.004084 166 176 147 0 0.356030 0.872502 0.334638
0.319131 0.239596 -5.204617 140 177 117 0 0.815326 0.040557 0.577581
0.277175 0.084575 -5.124261 136 172 120 0 0.714028 0.189688 0.673931
0.335486 0.375418 -5.250128 145 182 120 0 0.798281 0.046625 0.600477
0.304909 0.403152 -5.226661 148 184 128 0 0.609214 0.333037 0.719684
-0.039268 0.182708 -4.953595 127 163 110 0 0.378186 0.001273 0.925729
0.149887 0.384663 -5.038929 144 182 127 0 0.618430 0.158766 0.769635
0.367486 0.357641 -5.316972 141 179 120 0 -0.213342 -0.808858 0.547936
0.180465 0.388929 -5.069506 139 178 122 0 0.681224 0.079888 0.727704
0.054598 0.730262 -5.073773 129 160 114 0 0.767741 0.277020 0.577784
0.142065 0.306441 -5.024706 153 171 132 0 0.710057 0.061932 0.701415
0.361797 0.331330 -5.336883 145 182 116 0 0.785005 0.006898 -0.619451
-0.223445 0.254530 -4.928707 88 127 57 0 0.308819 0.055101 0.949523
-0.126023 0.713906 -4.957862 89 113 25 0 0.166709 -0.815522 -0.554195
0.026154 0.581640 -4.994129 130 167 118 0 0.509456 0.071576 0.857515
-0.173668 0.627862 -4.940084 115 121 105 0 -0.571557 0.625510 0.531093
0.075932 0.698262 -5.070217 137 174 123 0 0.477044 0.467140 0.744453
0.219576 0.581640 -5.218839 145 185 121 0 0.959600 0.269608 -0.080499
0.214598 0.684040 -5.154128 152 189 136 0 0.532056 -0.198574 0.823095
-0.063446 0.757995 -5.011195 136 174 122 0 0.747860 0.373115 0.549082
-0.109668 0.197641 -4.934395 125 161 107 0 0.332088 0.039748 0.942411
-0.044957 0.070353 -4.958573 115 148 105 0 0.253699 0.207073 0.944858
0.374597 0.247419 -5.307727 145 185 129 0 0.563578 0.783358 0.262166
-0.049224 0.703951 -5.001240 126 161 115 0 0.532982 -0.087163 0.841625
-0.231979 0.182708 -4.877507 44 55 17 0 0.253575 0.135327 -0.957803
0.152020 0.757284 -5.143461 121 155 108 0 0.616255 0.236780 0.751109
-0.012957 0.518351 -4.964973 126 165 115 0 0.372823 0.294334 0.879983
-0.099712 0.590884 -4.952884 130 167 111 0 0.386174 0.103071 0.916649
0.292109 0.445818 -5.231639 145 183 124 0 0.754278 0.435477 0.491349
0.136376 0.615773 -5.086573 139 178 127 0 0.651701 0.269285 0.709064
-0.049935 0.265196 -4.945773 125 161 108 0 0.260313 -0.205220 0.943463
0.030421 0.205463 -4.977773 137 170 121 0 0.460533 -0.118341 0.879718
0.172642 0.641373 -5.119284 139 177 127 0 0.658391 -0.006930 0.752644
0.070954 0.800661 -5.135639 95 119 80 0 0.936839 -0.024284 0.348918
0.083754 0.416663 -4.999106 143 177 130 0 0.316786 0.149479 0.936644
-0.195001 0.231774 -4.910218 121 157 98 0 0.324617 0.158855 0.932410
-0.184334 0.036930 -4.947906 86 118 24 0 0.371069 0.412124 -0.832143
-0.139534 0.303596 -4.923018 123 158 103 0 0.318905 -0.189657 0.928617
0.225976 0.138619 -5.093684 136 158 113 0 0.520711 0.117486 0.845611
0.124998 0.108752 -5.027551 131 166 116 0 0.540095 0.261437 0.799967
0.065265 0.450796 -4.995551 145 180 137 0 0.142597 -0.150037 0.978343
0.257975 0.315685 -5.142039 127 165 105 0 0.752587 0.110892 0.649088
0.014065 0.450796 -4.972084 113 146 94 0 0.442341 -0.356726 0.822849
0.210331 0.290796 -5.085862 133 170 111 0 0.713977 0.001381 0.700167
0.022598 0.812750 -5.097950 144 180 124 0 0.666137 0.199377 0.718686
0.085176 0.093108 -5.005506 143 156 118 0 0.569351 0.001359 0.822094
-0.115357 0.009197 -4.938662 113 143 84 0 -0.174826 -0.894356 -0.411780
0.109354 0.596573 -5.050306 140 179 126 0 0.506028 0.252240 0.824810
0.164109 0.733106 -5.127817 114 151 101 0 0.260630 0.292309 0.920124
0.250153 0.634262 -5.220261 30 43 31 0 0.223376 -0.738858 0.635761
0.349709 0.115864 -5.209595 143 181 120 0 0.790143 0.275998 0.547265
-0.057046 0.298619 -4.942929 121 157 108 0 0.196558 0.001149 0.980491
-0.047801 0.036930 -4.952173 123 160 106 0 0.236625 0.236625 0.942347
-0.187179 0.366174 -4.891018 130 167 113 0 0.291982 -0.324589 0.899660
0.228820 0.571684 -5.250128 153 198 149 0 0.877161 0.450986 -0.164924
0.313442 0.067508 -5.144884 146 162 131 0 0.889823 -0.294614 -0.348452
0.028998 0.720306 -5.050306 135 175 128 0 0.585198 0.527859 0.615555
0.359664 0.125819 -5.230928 148 183 120 0 0.830658 0.214904 0.513637
0.233087 0.649906 -5.183283 156 191 138 0 0.648552 -0.608332 0.457506
0.169798 0.436574 -5.067373 138 174 121 0 0.666250 0.262366 0.698051
0.245887 0.496307 -5.204617 140 175 116 0 0.748377 0.525665 0.404484
-0.017224 0.866795 -5.132083 137 161 120 0 -0.839343 0.381234 0.387510
-0.074112 0.081730 -4.951462 116 152 96 0 0.221281 -0.086262 0.971387
-0.158734 0.110175 -4.928707 120 157 99 0 0.315235 -0.324199 0.891920
0.191842 0.216841 -5.067373 134 168 113 0 0.752587 -0.110892 0.649088
0.211042 0.577373 -5.162662 135 171 109 0 0.910647 0.046803 0.410526
0.115043 0.562440 -5.045328 136 175 126 0 0.587385 0.411997 0.696589
-0.123890 0.243152 -4.927995 127 163 105 0 0.355943 -0.024415 0.934189
0.032554 0.251685 -4.974217 130 166 116 0 0.490829 0.001330 0.871255
0.333353 0.286530 -5.248705 134 164 104 0 0.900074 0.047230 0.433169
0.007665 0.076753 -4.973506 125 161 112 0 0.421018 0.025076 0.906706
-0.069846 0.404574 -4.923018 132 169 120 0 0.452717 -0.087757 0.887325
0.061709 0.269463 -4.984884 123 149 108 0 0.546064 -0.078416 0.834066
0.133531 0.154263 -5.028262 126 161 109 0 0.595680 -0.135179 0.791765
-0.241223 0.311418 -4.893862 69 100 19 0 0.881461 0.381213 -0.278753
0.065265 0.295063 -4.985595 131 165 124 0 0.347795 0.070088 0.934947
-0.046379 0.486351 -4.939373 130 166 120 0 0.523755 0.063188 0.849522
-0.139534 0.507685 -4.897418 140 177 119 0 0.450034 0.286104 0.845940
0.275042 0.188397 -5.142750 146 171 120 0 0.673401 0.117436 0.729890
-0.145223 0.220397 -4.924440 128 163 112 0 0.260025 0.064064 0.963474
0.100109 0.354796 -5.001240 137 171 131 0 0.389710 0.205802 0.897648
0.098687 0.616484 -5.051017 137 175 126 0 0.594899 0.460837 0.658578
-0.032157 0.250974 -4.952884 130 166 111 0 0.142630 -0.078977 0.986620
-0.018646 0.861817 -5.109328 135 163 115 0 0.585938 0.475130 0.656452
0.024732 0.285107 -4.969240 140 175 125 0 0.292033 -0.109678 0.950099
0.123576 0.470707 -5.031106 157 169 136 0 0.404637 0.277335 0.871409
0.161265 0.229641 -5.038217 159 171 126 0 0.773712 0.001374 0.633537
0.129265 0.039064 -5.019017 117 151 108 0 0.362010 0.174617 0.915673
-0.132423 0.625729 -4.956440 111 146 91 0 0.465237 0.362917 0.807370
0.035398 0.034086 -4.979195 130 163 115 0 0.554227 0.112009 0.824795
-0.007268 0.711773 -5.025417 136 172 122 0 0.421249 0.506482 0.752347
0.325531 0.492751 -5.298483 152 186 128 0 0.387998 0.468496 0.793706
0.238776 0.307152 -5.117861 136 171 111 0 0.768089 0.174911 0.615992
0.201087 0.099508 -5.070928 133 153 121 0 0.545455 0.015038 0.838005
0.035398 0.340574 -4.969951 135 170 126 0 0.268439 0.086055 0.959445
0.367486 0.366174 -5.337594 32 44 19 0 0.930622 0.053968 -0.361982
-0.017224 0.795684 -5.068084 128 158 115 0 0.349686 0.301661 0.886973
0.234509 0.356929 -5.124261 155 159 120 0 0.774410 0.165187 0.610739
0.231664 0.432307 -5.145595 138 166 111 0 0.832479 0.181495 0.523487
0.351131 0.314974 -5.291372 136 173 95 0 0.893001 0.014596 0.449818
0.070954 0.596573 -5.026128 142 179 136 0 0.774902 0.038110 0.630931
-0.045668 0.858261 -5.092261 131 160 117 0 -0.032258 0.626932 0.778406
-0.041401 0.821995 -5.069506 138 171 123 0 0.371175 0.386836 0.844149
0.132820 0.026264 -5.041062 67 103 1 0 0.267190 -0.962133 0.053940
0.213887 0.210441 -5.088706 140 176 119 0 0.702951 0.001381 0.711237
0.043932 0.613640 -5.014040 139 167 125 0 -0.300763 0.109971 0.947337
0.267931 0.474262 -5.243017 92 134 7 0 -0.606916 0.427336 -0.670102
0.392375 0.409552 -5.293505 140 168 117 0 -0.086102 -0.173417 0.981078
0.038954 0.080308 -4.984884 133 165 118 0 0.418083 0.017038 0.908249
-0.207090 0.130086 -4.879640 140 175 119 0 0.892791 -0.275737 0.356222
-0.020068 0.583773 -4.977062 129 164 117 0 0.285940 0.246108 0.926104
-0.060601 0.883150 -5.091550 147 158 133 0 0.126464 0.626370 0.769200
0.382420 0.171330 -5.271461 143 179 121 0 0.731638 0.006942 0.681659
0.304909 0.351241 -5.206750 139 177 120 0 0.745984 0.222705 0.627623
-0.012246 0.542529 -4.969951 127 164 113 0 0.322121 -0.117258 0.939409
0.368908 0.185552 -5.260083 140 178 121 0 0.690324 0.261847 0.674455
0.260820 0.425196 -5.179017 144 181 122 0 0.701435 0.333629 0.629826
-0.116779 0.362618 -4.916618 130 167 117 0 0.039748 -0.332088 0.942411
0.148465 0.172041 -5.036084 150 183 132 0 0.593929 -0.174685 0.785323
0.077354 -0.005736 -4.987018 40 41 11 0 -0.006690 -0.491076 -0.871091
-0.025046 0.440129 -4.945773 134 170 117 0 0.546550 -0.143673 0.825010
0.244464 0.182708 -5.112884 139 176 121 0 0.650850 0.095068 0.753231
0.033265 0.406707 -4.969951 132 168 120 0 0.459388 0.087968 0.883869
0.173354 0.050442 -5.039639 68 100 29 0 0.620770 -0.779942 -0.079586
0.021176 0.369018 -4.962840 137 175 124 0 0.553762 0.001354 0.832674
0.312731 0.457196 -5.264350 143 181 126 0 0.633865 0.443204 0.633865
-0.064868 0.814884 -5.048173 146 181 133 0 0.641168 0.513271 0.570488
0.001265 0.501996 -4.966395 133 170 124 0 0.363114 0.101998 0.926145
0.072376 0.516218 -5.005506 140 169 126 0 0.578214 -0.046426 0.814564
0.390242 0.168486 -5.292794 117 148 38 0 -0.537257 -0.547362 -0.641677
-0.083357 0.305730 -4.935106 123 159 111 0 0.406019 0.001289 0.913864
0.107220 0.311418 -5.003373 141 178 129 0 0.524911 0.174970 0.832979
0.129976 0.191952 -5.021862 141 175 129 0 0.135143 -0.157460 0.978235
0.009798 0.558884 -4.982039 135 171 124 0 0.150371 0.477392 0.865728
0.251576 0.255952 -5.127106 144 174 122 0 0.728106 0.070929 0.681785
0.149176 0.712484 -5.119284 131 169 119 0 0.278304 0.038688 0.959713
0.082332 0.142175 -5.002662 134 171 123 0 0.396130 -0.103518 0.912341
-0.140957 0.122263 -4.927995 116 152 96 0 0.277335 -0.404637 0.871409
0.108643 0.521907 -5.027551 139 176 132 0 0.601260 0.094629 0.793430
0.202509 0.075330 -5.054573 127 153 117 0 0.884348 0.426775 0.189189
0.135665 0.593018 -5.072350 145 186 130 0 0.661307 0.377654 0.648113
-0.212779 0.194797 -4.889596 124 159 104 0 0.449983 0.542968 0.709014
-0.147357 0.384663 -4.896707 124 159 109 0 0.286224 -0.498938 0.818008
0.027576 0.604395 -5.001951 136 174 127 0 0.498185 0.197167 0.844356
-0.153045 0.343418 -4.910929 127 162 105 0 0.364350 -0.286382 0.886135
-0.121757 0.031953 -4.946484 102 138 75 0 -0.032749 0.134386 0.990388
0.405886 0.380396 -5.324083 56 64 47 0 -0.125666 -0.586932 0.799824
0.223842 0.231774 -5.097239 137 171 115 0 0.568709 0.173479 0.804037
0.363931 0.147863 -5.243017 142 180 116 0 0.832825 0.204793 0.514258
0.063132 0.223952 -4.989151 132 166 117 0 0.506611 0.001337 0.862174
0.007665 0.766528 -5.063817 135 170 124 0 0.579327 0.492008 0.649853
-0.064157 0.732395 -5.001240 142 180 124 0 0.467323 0.428244 0.773444
0.183309 0.290085 -5.060262 168 166 130 0 0.658391 -0.006930 0.752644
0.202509 0.255241 -5.079462 134 172 115 0 0.665988 0.001379 0.745961
0.034687 0.450085 -4.980618 146 159 128 0 0.490073 0.173228 0.854296
-0.136690 0.172752 -4.925151 124 158 107 0 0.164779 0.047914 0.985166
-0.000868 0.617906 -4.994840 131 165 119 0 0.292462 0.286642 0.912306
-0.053490 0.653462 -4.989862 127 165 113 0 0.230035 0.238299 0.943556
0.193265 0.167774 -5.069506 132 167 115 0 0.783814 0.070471 0.616984
0.351842 0.343418 -5.292794 137 171 109 0 0.753658 -0.651615 0.086007
0.233087 0.077464 -5.088706 120 157 96 0 0.302060 0.190701 0.934020
0.131398 0.212574 -5.018306 165 163 138 0 0.539458 0.078285 0.838366
0.004821 0.799950 -5.080884 138 175 124 0 0.600841 0.332001 0.727163
0.275042 0.277996 -5.154839 144 179 117 0 0.732718 0.055922 0.678231
0.126420 0.425907 -5.025417 147 184 131 0 0.523920 0.120458 0.843207
-0.114646 0.744484 -4.979907 150 165 126 0 0.064838 0.467664 0.881525
-0.196423 0.336307 -4.902395 118 151 92 0 0.229440 -0.537412 0.811508
0.334775 0.307152 -5.245861 136 165 105 0 0.981218 -0.111197 0.157630
-0.002290 0.332041 -4.955729 124 160 109 0 0.414308 -0.080674 0.906554
0.255131 0.548929 -5.294217 52 58 46 0 0.459070 -0.056185 0.886622
0.298509 0.113019 -5.151284 134 174 117 0 0.665420 0.213495 0.715287
-0.089046 0.011331 -4.936529 108 145 83 0 0.023378 0.545951 0.837491
-0.045668 0.893106 -5.119995 72 82 48 0 0.988483 -0.151127 0.007836
0.357531 0.279419 -5.351816 85 119 10 0 -0.738011 -0.477148 -0.477148
0.142776 0.469996 -5.044617 140 178 127 0 0.799022 0.213996 0.561933
0.045354 0.543951 -4.995551 132 165 122 0 0.577415 -0.055059 0.814592
0.063843 0.067508 -4.994840 132 168 122 0 0.172883 0.101768 0.979671
0.213176 0.601551 -5.169773 135 173 98 0 0.897720 -0.428616 0.101918
0.245176 0.156397 -5.110039 134 163 116 0 0.663898 0.133379 0.735833
-0.197845 0.428040 -4.852618 146 183 123 0 0.562279 -0.531886 0.633198
0.048198 0.666973 -5.044617 131 164 117 0 0.752971 -0.657622 0.023837
0.312731 0.315685 -5.209595 138 177 116 0 0.782371 0.085640 0.616897
0.103665 0.714617 -5.098661 143 180 121 0 0.538261 0.347526 0.767790
-0.156601 0.038353 -4.950751 91 130 61 0 -0.390517 0.001280 0.920595
0.270775 0.215419 -5.140617 129 165 111 0 0.751763 0.038225 0.658324
0.100109 0.287241 -5.000528 133 168 123 0 0.492925 0.086156 0.865796
0.210331 0.487773 -5.140617 135 175 114 0 0.848579 0.196750 0.491124
-0.204956 0.088841 -4.919462 113 150 91 0 0.151444 -0.848380 0.507264
0.261531 0.470707 -5.207461 147 185 132 0 0.644483 0.516596 0.563712
0.287842 0.339863 -5.185417 139 175 118 0 0.706205 0.213576 0.675026
-0.038557 0.104486 -4.959284 132 148 111 0 0.166413 -0.007924 0.986024
0.362508 0.081730 -5.211017 104 118 93 0 0.634535 0.405903 0.657729
-0.000157 0.466440 -4.958573 131 162 113 0 0.389710 0.205802 0.897648
0.083043 0.473551 -5.004084 128 158 118 0 0.569430 -0.015093 0.821901
-0.042824 0.004219 -4.942217 125 160 107 0 0.333607 0.373578 0.865532
0.401619 0.207597 -5.309150 130 150 111 0 0.395807 0.634284 0.664094
-0.052068 0.409552 -4.931551 139 176 123 0 0.443035 -0.126785 0.887494
-0.067001 0.849017 -5.055995 111 140 30 0 0.853595 -0.119879 0.506957
0.235931 0.273019 -5.110750 136 174 115 0 0.726270 -0.015334 0.687238
0.358242 0.275863 -5.306305 146 182 118 0 0.847208 0.467267 0.252784
0.297086 0.226085 -5.172617 143 164 117 0 0.783814 0.070471 0.616984
-0.121757 0.406707 -4.902395 117 155 104 0 0.220459 -0.236891 0.946193
-0.235534 0.343418 -4.886040 121 133 104 0 0.396055 -0.790494 0.467183
-0.238379 0.268041 -4.930129 80 121 39 0 -0.211319 0.211319 0.954300
-0.062735 0.582351 -4.963551 123 161 110 0 0.374233 0.197953 0.905961
0.243753 0.410974 -5.154128 147 183 126 0 0.734082 0.314607 0.601786
0.065976 0.110886 -4.996262 132 169 120 0 0.284258 -0.038819 0.957962
0.181176 0.261641 -5.059551 144 178 123 0 0.397398 -0.086035 0.913605
0.148465 0.556040 -5.076617 145 173 126 0 0.591826 0.006866 0.806037
-0.090468 0.601551 -4.968529 114 146 97 0 0.102359 0.055116 0.993219
0.265798 0.334885 -5.156972 134 170 110 0 0.658511 0.095330 0.746508
0.043221 0.388218 -4.972795 135 171 122 0 0.615069 -0.006880 0.788444
0.398064 0.131508 -5.292794 33 41 23 0 0.118406 -0.183218 0.975916
0.065265 0.779328 -5.122128 93 94 87 0 -0.641232 0.405948 -0.651174
-0.004424 0.842617 -5.104351 133 167 116 0 0.023550 0.577665 0.815934
-0.080512 0.350529 -4.930129 129 163 111 0 0.270992 -0.276727 0.921946
-0.136690 0.443685 -4.888173 139 168 121 0 0.585743 0.174058 0.791586
0.072376 0.738084 -5.088706 140 181 123 0 0.236508 0.624944 0.743982
0.206776 0.312841 -5.085150 176 156 134 0 0.570049 0.006835 0.821582
-0.081223 0.029108 -4.944351 108 145 87 0 -0.182612 0.482511 0.856642
-0.128157 0.200485 -4.927284 130 166 113 0 0.410889 0.038562 0.910870
0.216020 0.568129 -5.265061 155 176 94 0 0.055497 0.426379 -0.902841
0.092998 0.174886 -5.004795 131 167 123 0 0.572308 -0.134574 0.808921
-0.182201 0.275863 -4.918751 109 143 84 0 0.063217 0.001036 0.997999
0.110776 0.451507 -5.017595 157 181 139 0 0.523040 0.191429 0.830533
0.087309 0.663417 -5.060262 143 182 126 0 0.704605 0.251758 0.663437
0.377442 0.131508 -5.263639 139 176 112 0 0.870584 -0.023017 0.491481
0.132820 0.657728 -5.100084 135 173 124 0 0.475390 0.309082 0.823695
-0.234112 0.316396 -4.915906 71 110 41 0 -0.373353 -0.552693 0.745076
0.272198 0.408840 -5.191106 144 181 123 0 0.801582 0.173601 0.572127
-0.009401 0.068219 -4.967817 128 162 116 0 0.245859 -0.063649 0.967214
-0.030024 0.382529 -4.942929 131 167 119 0 0.261745 -0.030721 0.964648
0.220287 0.403152 -5.121417 143 182 118 0 0.815037 0.173252 0.552900
0.136376 0.344129 -5.023284 140 171 124 0 0.663323 0.206609 0.719247
-0.248334 0.328485 -4.883195 38 50 17 0 0.751122 0.425690 -0.504583
0.016910 0.842617 -5.114306 73 86 62 0 -0.055218 -0.906377 0.418846
0.209620 0.372574 -5.097950 142 180 121 0 0.773639 0.116859 0.622757
0.188287 0.702528 -5.136350 140 175 124 0 0.247274 -0.032889 0.968387
0.043221 0.794972 -5.099373 139 176 126 0 0.444389 0.507165 0.738446
-0.154468 0.152841 -4.918751 127 163 109 0 0.539109 0.015013 0.842102
0.058154 0.529729 -5.000528 145 181 135 0 0.203917 0.253186 0.945682
-0.123179 0.130086 -4.931551 124 155 106 0 0.403736 -0.196766 0.893466
-0.193579 0.452929 -4.846218 156 186 134 0 0.753089 -0.267941 0.600886
0.304198 0.256663 -5.187550 137 170 113 0 0.779010 0.135545 0.612186
0.318420 0.196219 -5.196084 138 174 111 0 0.774356 0.094789 0.625610
-0.022201 0.766528 -5.043195 143 174 124 0 0.547760 0.237414 0.802243
-0.134557 0.481373 -4.893862 142 179 122 0 0.451264 0.142732 0.880902
-0.100423 0.556751 -4.935818 129 167 113 0 0.547227 0.261854 0.794969
0.321975 0.256663 -5.213861 147 171 119 0 0.846839 0.164622 0.505730
0.156287 0.093819 -5.054573 94 95 13 0 -0.548409 0.619280 -0.561908
-0.148068 0.004931 -4.941506 55 64 23 0 0.243515 0.339754 -0.908442
0.103665 0.061108 -5.013329 128 164 119 0 0.325583 0.174669 0.929240
0.070243 0.190530 -4.990573 129 162 112 0 0.468491 -0.181780 0.864565
-0.092601 0.206174 -4.938662 120 155 108 0 0.150906 -0.023827 0.988261
-0.140245 0.676928 -4.988440 73 93 48 0 -0.633977 -0.175680 0.753134
-0.086912 0.724573 -4.989151 136 174 122 0 0.427127 0.221749 0.876578
-0.140245 0.410263 -4.894573 129 166 112 0 0.474463 -0.109711 0.873412
-0.229134 0.220397 -4.906662 111 149 90 0 -0.299457 0.410025 0.861513
0.203931 0.353374 -5.086573 140 180 122 0 0.685679 0.055828 0.725760
-0.004424 0.171330 -4.965684 124 160 110 0 0.245920 -0.095565 0.964568
-0.115357 0.475685 -4.903818 137 173 115 0 0.371689 0.270183 0.888171
0.195398 0.602973 -5.141328 142 180 123 0 0.797791 0.109788 0.592854
-0.157312 0.435151 -4.877507 139 176 122 0 0.412627 -0.484388 0.771432
0.090154 0.251685 -4.999817 138 174 131 0 0.387064 0.009001 0.922009
0.249442 0.543951 -5.272172 143 182 126 0 0.752118 0.617644 0.229857
-0.159445 0.479240 -4.873951 148 184 127 0 0.412971 0.118992 0.902937
-0.185045 0.555329 -4.894573 139 169 116 0 0.347526 0.538261 0.767790
0.217442 0.061819 -5.062395 130 165 123 0 0.657490 0.492697 0.570049
0.331220 0.332752 -5.240172 141 176 112 0 0.785794 0.001371 0.618487
0.023310 0.062530 -4.977773 130 167 117 0 0.244762 0.190671 0.950650
0.226687 0.542529 -5.202484 141 178 123 0 0.912815 0.326524 0.245256
-0.071268 0.695417 -4.987018 133 169 118 0 0.339362 0.109515 0.934259
0.031843 0.480662 -4.979195 135 171 122 0 0.222695 -0.278718 0.934197
0.134243 0.073197 -5.027551 117 150 107 0 0.499809 0.206870 0.841068
0.123576 0.629284 -5.081595 144 183 127 0 0.556541 0.395653 0.730562
0.192553 0.236752 -5.068795 140 177 116 0 0.648248 0.032342 0.760742
-0.022201 0.482085 -4.953595 134 168 119 0 0.451056 0.364989 0.814451
-0.190734 0.167774 -4.895996 134 168 116 0 0.538341 0.087106 0.838213
0.146331 0.027686 -5.027551 35 47 14 0 0.404446 -0.911026 -0.080345
0.163398 0.336307 -5.045328 141 179 125 0 0.674019 0.111102 0.730311
0.011221 0.035508 -4.969951 125 162 108 0 0.247148 0.247148 0.936929
-0.019357 0.337729 -4.949329 129 161 111 0 0.355326 0.032302 0.934184
-0.111801 0.680484 -4.979195 114 152 82 0 -0.491076 0.006690 0.871091
0.097976 0.489196 -5.016173 144 178 134 0 0.522582 0.142790 0.840547
0.222420 0.585195 -5.237328 148 190 128 0 0.906652 0.301238 0.295360
0.218864 0.440840 -5.133506 138 175 115 0 0.820723 0.172547 0.544648
-0.037846 0.751595 -5.027551 136 174 124 0 0.388313 0.508544 0.768502
-0.200690 0.546795 -4.884618 50 59 24 0 0.538155 -0.571896 -0.619132
0.160554 0.044753 -5.063106 60 44 36 0 0.276992 -0.565064 0.777160
0.117176 0.009908 -5.012618 53 55 50 0 0.229819 -0.806681 0.544471
-0.014379 0.025553 -4.958573 130 166 110 0 0.199163 0.356775 0.912713
-0.117490 0.290796 -4.928707 123 158 104 0 0.268202 0.001203 0.963362
-0.177223 0.116575 -4.918040 125 160 109 0 0.613000 -0.398202 0.682397
-0.179356 0.191952 -4.908795 127 161 110 0 0.348726 0.133701 0.927639
-0.187890 0.582351 -4.910218 126 137 115 0 0.268426 0.488752 0.830102
0.214598 0.631417 -5.161950 141 177 127 0 0.754059 -0.191970 0.628126
-0.256867 0.277285 -4.928707 40 44 30 0 0.728813 0.324815 -0.602766
0.014065 0.688306 -5.029684 134 170 122 0 0.579278 0.363884 0.729401
-0.113223 0.625729 -4.962129 109 139 90 0 0.315473 0.499367 0.806913
0.046776 0.492040 -4.987018 136 172 126 0 0.427218 0.141454 0.893015
0.265798 0.510529 -5.255816 146 184 129 0 0.697224 0.489896 0.523336
0.346153 0.166352 -5.223817 142 180 119 0 0.775767 0.191264 0.601334
-0.076957 0.627862 -4.970662 123 159 104 0 0.268774 0.119309 0.955786
0.235220 0.487773 -5.183283 143 178 127 0 0.819760 0.269105 0.505545
0.062421 0.633551 -5.031817 138 176 125 0 0.285604 0.285604 0.914801
0.100820 0.375418 -5.003373 145 179 134 0 0.501117 0.023087 0.865072
-0.214912 0.410974 -4.850484 55 59 45 0 0.220709 -0.212584 0.951891
-0.089046 0.055419 -4.949329 110 145 90 0 0.086536 0.229508 0.969452
-0.133846 0.523329 -4.905951 137 174 117 0 0.531778 0.413239 0.739220
0.003399 0.403152 -4.955729 137 175 121 0 0.443369 0.070006 0.893601
0.263664 0.152841 -5.127106 137 158 115 0 0.611399 0.151723 0.776641
0.170509 0.105197 -5.050306 127 90 73 0 -0.040014 0.142908 0.988927
-0.187179 0.086708 -4.930840 101 132 76 0 0.148899 -0.633196 0.759534
0.361086 0.247419 -5.282839 140 180 120 0 0.861649 0.214288 0.460046
0.354686 0.319241 -5.324083 156 191 130 0 -0.165782 -0.728530 0.664650
-0.201401 0.255241 -4.915906 103 140 73 0 0.253699 0.207073 0.944858
0.121443 0.710351 -5.105772 143 180 125 0 0.164914 0.125235 0.978325
0.349709 0.283685 -5.287817 135 169 104 0 0.846564 0.459388 0.268872
0.164109 0.596573 -5.104351 138 174 126 0 0.577386 0.299089 0.759718
-0.147357 0.637106 -4.949329 83 130 18 0 0.267672 -0.758669 -0.593947
0.163398 0.518351 -5.083017 136 169 120 0 0.696449 0.172964 0.696449
0.158420 0.577373 -5.092261 144 168 128 0 0.649606 0.301430 0.697963
-0.080512 0.467151 -4.919462 135 172 122 0 0.395749 0.499979 0.770327
-0.106112 0.087419 -4.946484 100 136 81 0 0.001125 -0.165311 0.986241
-0.028601 0.568129 -4.967106 123 158 110 0 0.261230 0.230497 0.937353
0.195398 0.331330 -5.073773 135 173 118 0 0.745961 0.001379 0.665988
0.137087 0.324218 -5.021862 153 161 128 0 0.666394 0.110819 0.737318
-0.166557 0.515507 -4.878929 144 181 123 0 0.749078 0.540184 0.383515
0.358242 0.461462 -5.299905 147 176 127 0 0.412350 0.490583 0.767656
-0.182201 0.054708 -4.952173 101 137 76 0 0.031818 -0.554739 0.831416
0.345442 0.428751 -5.274305 139 173 119 0 0.570445 0.093871 0.815954
-0.197134 0.197641 -4.898840 134 168 109 0 0.442424 0.323610 0.836384
-0.100423 0.496307 -4.915195 127 162 112 0 0.364328 0.300835 0.881342
-0.102557 0.426618 -4.908795 138 175 122 0 0.489965 -0.119258 0.863546
0.075220 0.397463 -4.987018 132 169 115 0 0.449475 0.237601 0.861115
0.332642 0.176308 -5.209595 135 168 113 0 0.699022 0.220497 0.680257
0.346153 0.391063 -5.262217 150 187 127 0 0.647400 0.126503 0.751579
0.077354 0.433729 -4.996973 154 168 135 0 0.056370 0.878541 0.474330
-0.177934 0.490618 -4.851196 130 162 89 0 0.924510 -0.040652 0.378984
-0.057757 0.500573 -4.937240 120 153 109 0 0.539329 0.236439 0.808221
-0.071979 0.540396 -4.946484 134 171 116 0 0.507266 0.276265 0.816308
0.141354 0.046886 -5.092261 75 109 4 0 -0.449818 -0.014596 -0.893001
-0.167268 0.605106 -4.923018 150 180 127 0 0.365380 -0.078965 0.927503
0.260820 0.286530 -5.141328 137 175 115 0 0.726200 0.032432 0.686718
0.033265 0.763684 -5.075906 136 174 125 0 0.523992 0.571168 0.631823
0.078065 0.753017 -5.101506 144 181 124 0 0.561437 0.362900 0.743701
-0.005135 0.295063 -4.958573 131 167 119 0 0.316198 -0.071567 0.945990
0.322686 0.424485 -5.252972 150 184 130 0 0.459148 0.449345 0.766337
0.147042 0.504129 -5.061684 145 179 125 0 0.600886 0.267941 0.753089
-0.140245 0.699684 -4.978484 54 59 48 0 -0.512940 0.077718 0.854899
0.100820 0.439418 -5.008351 203 173 153 0 0.150930 0.126389 0.980432
-0.074823 0.881728 -5.118573 80 109 64 0 -0.460538 0.758822 0.460538
0.139931 0.122263 -5.036795 122 157 109 0 0.591564 0.055326 0.804357
0.283575 0.297196 -5.169061 142 177 119 0 0.746307 0.199324 0.635056
0.092287 0.710351 -5.085150 139 177 121 0 0.405858 0.334327 0.850591
0.061709 0.468574 -4.991995 138 174 124 0 0.609841 -0.015211 0.792378
0.073087 0.311418 -4.986306 128 162 117 0 0.387958 -0.157741 0.908078
-0.255445 0.310707 -4.908084 36 43 26 0 0.666250 0.262366 -0.698051
0.267220 0.521196 -5.271461 146 182 129 0 0.759916 0.467767 0.451354
-0.045668 0.541107 -4.956440 130 167 117 0 0.656888 0.126611 0.743282
-0.043535 0.685462 -5.000528 132 168 117 0 0.538503 0.410053 0.736119
0.100820 0.398174 -5.006928 142 168 125 0 0.427134 0.300690 0.852726
0.349709 0.349818 -5.352528 98 131 26 0 0.347459 0.870944 -0.347459
0.358953 0.216130 -5.260083 140 178 115 0 0.818141 0.310547 0.483948
0.316286 0.361196 -5.223817 144 179 118 0 0.672448 0.166206 0.721242
-0.100423 0.638529 -4.969240 113 149 87 0 0.126169 0.372960 0.919229
-0.096157 0.747328 -4.991284 152 187 131 0 0.380858 0.507271 0.773061
0.179754 0.556751 -5.112173 137 177 123 0 0.735004 0.142792 0.662857
0.181887 0.359774 -5.065239 141 181 126 0 0.590603 0.164644 0.789988
0.213176 0.530440 -5.158395 138 176 111 0 0.884345 0.031053 0.465800
0.120731 0.525462 -5.040350 138 178 127 0 0.496910 0.150979 0.854568
-0.038557 0.309996 -4.946484 124 157 110 0 0.189409 -0.119165 0.974640
-0.064157 0.803506 -5.033239 148 186 135 0 0.484298 0.682039 0.547977
-0.010824 0.270885 -4.957151 133 169 117 0 0.356245 -0.008874 0.934350
0.162687 0.397463 -5.053151 145 183 129 0 0.682884 -0.015361 0.730365
0.353264 0.300752 -5.321949 151 190 127 0 -0.656888 0.743282 0.126611
-0.034290 0.721728 -5.017595 128 167 116 0 0.327084 0.357510 0.874759
-0.106112 0.219685 -4.935106 120 155 105 0 0.175731 0.014931 0.984325
0.220998 0.585195 -5.265772 139 158 133 0 0.627038 0.603503 0.492552
0.217442 0.463596 -5.142750 136 175 114 0 0.846591 0.206743 0.490449
0.176198 0.121552 -5.060973 95 109 22 0 -0.488254 0.094820 -0.867535
0.297086 0.503418 -5.287106 145 183 126 0 0.610681 0.563315 0.556548
0.312020 0.171330 -5.181150 138 175 115 0 0.753083 0.222963 0.618994
0.204642 0.562440 -5.169773 138 180 108 0 0.670288 -0.735107 -0.101648
0.223842 0.531862 -5.187550 139 173 112 0 0.928212 0.151233 0.339928
-0.180779 0.515507 -4.854040 159 177 135 0 0.738446 0.507165 0.444389
0.341886 0.223952 -5.236617 138 175 111 0 0.855834 0.095409 0.508374
0.047487 0.653462 -5.033239 147 182 131 0 0.491349 0.435477 0.754278
0.225976 0.476396 -5.162662 141 171 117 0 0.830533 0.191429 0.523040
-0.168690 0.551773 -4.900262 132 168 109 0 0.578703 0.514590 0.632693
-0.215623 0.329196 -4.906662 108 144 81 0 0.135872 -0.515728 0.845910
0.218864 0.573107 -5.187550 135 173 109 0 0.958552 -0.062211 0.278044
0.363931 0.336307 -5.319817 148 185 119 0 0.758067 -0.648328 0.070753
0.112909 0.131508 -5.018306 134 172 121 0 0.480529 -0.196104 0.854772
-0.022913 0.183419 -4.959995 125 158 115 0 0.356948 0.040238 0.933257
0.356820 0.297907 -5.349683 159 182 118 0 -0.125993 0.173397 -0.976760
-0.129579 0.660573 -4.969240 63 92 18 0 0.285295 -0.921833 0.262357
0.096554 0.218263 -5.006928 144 171 131 0 0.222027 0.141526 0.964715
-0.059179 0.223952 -4.948617 132 159 112 0 0.301346 -0.047046 0.952354
-0.032868 -0.010003 -4.944351 114 130 96 0 -0.181433 -0.514311 0.838192
-0.005135 -0.019958 -4.947906 86 106 75 0 -0.221545 0.785478 0.577877
0.250153 0.302174 -5.130661 140 177 117 0 0.744305 0.079799 0.663055
0.380997 0.129375 -5.289950 49 51 44 0 0.046572 -0.803010 0.594143
0.287842 0.461462 -5.238039 144 183 129 0 0.730451 0.410570 0.545777
0.366064 0.110175 -5.235194 144 181 114 0 0.878171 0.158216 0.451424
-0.017935 0.455774 -4.948617 128 163 114 0 0.356778 0.142989 0.923181
0.153442 0.277285 -5.032528 140 174 118 0 0.648407 0.001377 0.761293
0.037532 0.730262 -5.061684 135 172 126 0 0.527571 0.267699 0.806229
-0.205668 0.060397 -4.933684 68 88 27 0 0.435822 0.619502 -0.652898
0.101532 0.558173 -5.033239 137 176 128 0 0.619300 0.119722 0.775973
0.199665 0.544662 -5.137773 138 173 115 0 0.877761 0.103183 0.467856
-0.158734 0.652040 -4.969951 43 49 26 0 0.452336 -0.372418 -0.810368
-0.096868 0.339152 -4.928707 121 154 105 0 0.205697 -0.174253 0.962977
0.082332 0.286530 -4.994129 136 168 125 0 0.626625 -0.358305 0.692069
0.344731 0.097375 -5.206039 41 42 37 0 0.952783 -0.253271 0.167507
0.060998 0.039064 -4.990573 128 164 117 0 0.270131 0.056539 0.961162
0.073087 0.019153 -4.991284 126 163 116 0 0.237545 -0.095272 0.966693
-0.231979 0.359063 -4.870396 105 109 86 0 0.467409 -0.608134 0.641640
0.316998 0.282974 -5.212439 137 170 110 0 0.856228 0.054297 0.513737
0.091576 0.755862 -5.115017 139 177 118 0 0.570333 0.270158 0.775716
0.206776 0.167774 -5.081595 133 168 117 0 0.443367 -0.022634 0.896054
0.249442 0.528307 -5.242306 149 189 137 0 0.842083 0.396735 0.365373
-0.111801 0.544662 -4.926573 130 167 111 0 0.159335 0.411974 0.897156
-0.169401 0.149997 -4.910218 133 168 116 0 0.276736 -0.175857 0.944718
-0.113934 0.651328 -4.971373 88 125 64 0 0.071151 0.301421 0.950833
0.245176 0.644217 -5.202484 145 179 123 0 0.322962 -0.696235 0.641056
0.378864 0.255952 -5.346128 103 135 24 0 0.753390 0.579901 0.310030
0.262953 0.482085 -5.220261 141 177 119 0 0.648789 0.561161 0.513976
-0.239090 0.236041 -4.902395 90 128 27 0 0.291753 -0.237672 -0.926494
-0.002290 0.740928 -5.058128 131 161 117 0 -0.983301 -0.175463 0.048282
0.367486 0.233908 -5.299905 132 132 35 0 -0.404090 -0.253871 -0.878784
-0.173668 0.392485 -4.885329 136 171 118 0 0.437510 -0.142011 0.887929
0.063132 0.502707 -4.996973 130 166 123 0 0.501231 0.435495 0.747738
0.288553 0.486351 -5.259372 150 186 132 0 0.716628 0.460571 0.523754
0.385975 0.393907 -5.315550 117 141 23 0 0.500631 0.628739 -0.595026
0.094420 0.535418 -5.021862 139 177 125 0 0.554227 0.112009 0.824795
-0.000868 0.424485 -4.955018 134 171 118 0 0.449834 0.001311 0.893111
0.046065 0.309285 -4.975640 126 159 113 0 0.441631 -0.180467 0.878860
0.162687 0.081730 -5.043906 105 128 93 0 0.506160 0.436914 0.743578
-0.140245 0.098797 -4.936529 111 148 93 0 0.086927 -0.522988 0.847896
-0.064157 0.907328 -5.117150 157 165 130 0 0.777766 0.547790 0.308232
0.073087 0.554618 -5.014040 151 173 132 0 0.752509 0.365690 0.547723
-0.158023 0.366885 -4.900973 127 163 107 0 0.404240 -0.271007 0.873582
0.112909 0.347685 -5.009773 144 171 133 0 0.489615 0.071141 0.869032
0.018332 0.146441 -4.974928 132 169 116 0 0.191176 -0.199087 0.961154
0.405175 0.172041 -5.299905 110 145 20 0 0.636362 0.468457 -0.612855
0.134954 0.370441 -5.026128 141 177 128 0 0.541019 0.118120 0.832674
0.016198 0.268752 -4.967106 130 166 119 0 0.396782 -0.094733 0.913011
-0.055624 0.825550 -5.057417 138 174 124 0 0.369601 0.701420 0.609430
-0.197845 0.152130 -4.888885 139 175 117 0 0.713510 0.079925 0.696072
-0.168690 0.262352 -4.923729 111 144 93 0 0.275089 -0.117143 0.954256
0.008376 0.780039 -5.073773 135 171 120 0 0.356065 0.507514 0.784632
0.279309 0.451507 -5.219550 151 186 129 0 0.808313 0.404957 0.427365
0.228109 0.386796 -5.124972 139 171 113 0 0.792734 0.190928 0.578895
-0.044246 0.356218 -4.939373 131 163 118 0 0.381120 -0.054446 0.922921
0.100109 0.078886 -5.011906 135 161 120 0 0.467856 0.103183 0.877761
-0.241223 0.195508 -4.871818 105 142 31 0 0.782539 0.515801 -0.348688
0.382420 0.230352 -5.307016 144 183 129 0 0.741798 0.467548 0.480765
0.249442 0.678351 -5.177595 51 58 47 0 0.785194 -0.142083 0.602730
-0.170823 0.088841 -4.934395 108 144 79 0 0.063309 -0.405449 0.911923
0.177620 0.164219 -5.053862 146 176 120 0 0.751447 -0.064656 0.656618
0.082332 0.787861 -5.130661 35 44 27 0 0.727704 0.079888 0.681224
-0.000157 0.722439 -5.036084 134 169 124 0 0.483594 0.460487 0.744371
0.321975 0.079597 -5.161239 37 44 32 0 0.579155 0.445632 0.682635
0.293531 0.399596 -5.213150 146 178 126 0 0.730414 0.317642 0.604648
0.208909 0.435863 -5.116439 140 180 122 0 0.823342 0.269259 0.499608
-0.170112 0.206885 -4.915195 129 163 113 0 0.436175 0.189450 0.879693
0.179042 0.574529 -5.114306 138 177 124 0 0.725754 0.251405 0.640372
-0.116068 0.726706 -4.979907 122 132 105 0 0.555357 -0.381705 0.738837
-0.091179 0.139330 -4.940084 125 161 108 0 0.404087 -0.046677 0.913529
0.325531 0.469996 -5.283550 142 178 122 0 0.405534 0.358561 0.840818
0.027576 0.697551 -5.032528 130 155 116 0 0.388179 0.357000 0.849628
-0.081935 0.184841 -4.944351 109 142 91 0 0.985757 -0.165256 -0.031202
-0.141668 0.537551 -4.909507 134 170 113 0 0.394201 0.458560 0.796447
0.345442 0.469996 -5.293505 143 179 125 0 0.461040 0.428458 0.777088
-0.086912 0.260219 -4.937951 121 157 105 0 0.236647 0.008324 0.971560
0.041798 0.007775 -4.977773 130 166 115 0 0.340224 0.166612 0.925466
-0.178645 0.615773 -4.928707 50 54 48 0 0.087461 0.546272 0.833029
0.232376 0.560307 -5.290661 105 131 95 0 0.501450 0.531637 -0.682576
-0.128868 0.061819 -4.946484 108 146 84 0 -0.056098 -0.127080 0.990305
-0.049224 0.562440 -4.959995 123 160 112 0 0.085776 0.212576 0.973373
-0.137401 0.570973 -4.923018 131 167 114 0 0.301661 0.349686 0.886973
0.047487 0.745195 -5.074484 140 179 128 0 0.456665 0.640670 0.617251
-0.065579 0.132219 -4.948617 124 160 108 0 0.357267 -0.158318 0.920487
0.383842 0.203330 -5.288527 137 174 119 0 0.687027 0.315224 0.654696
-0.212779 0.355507 -4.885329 141 174 117 0 0.339711 -0.593275 0.729809
0.036821 0.684040 -5.034662 143 181 131 0 0.619501 0.388221 0.682278
0.142776 0.143597 -5.036795 135 172 123 0 0.553416 -0.134296 0.822007
-0.166557 0.292930 -4.919462 117 152 96 0 0.244477 -0.149329 0.958087
0.011932 0.324930 -4.962840 130 165 115 0 0.332624 0.001246 0.943059
-0.224156 0.289374 -4.924440 63 101 30 0 -0.412304 0.128053 0.902002
-0.079090 0.709639 -4.989862 136 172 123 0 0.235841 0.307308 0.921923
-0.074112 0.168486 -4.942929 118 152 105 0 0.292252 -0.046811 0.955195
0.303486 0.236041 -5.183995 144 164 119 0 0.799155 0.006877 0.601086
0.134243 0.457196 -5.038929 148 184 132 0 0.609733 0.032239 0.791951
0.297798 0.487062 -5.272883 147 182 132 0 0.641007 0.395867 0.657570
0.213176 0.600129 -5.198217 138 178 112 0 0.880902 0.451264 -0.142732
-0.046379 0.019153 -4.947906 119 155 103 0 0.347877 0.332686 0.876528
0.261531 0.359063 -5.158395 141 179 120 0 0.753083 0.222963 0.618994
0.055309 0.362618 -4.978484 134 170 121 0 0.421729 0.063734 0.904479
0.354686 0.317818 -5.366038 96 113 55 0 0.905894 -0.055353 -0.419871
0.316998 0.439418 -5.256528 143 179 126 0 0.531506 0.246383 0.810430
0.081620 0.211152 -4.999817 140 154 118 0 0.539109 -0.015013 0.842102
0.063843 0.610795 -5.022573 125 163 117 0 0.629717 0.468509 0.619641
0.028287 0.113730 -4.981328 125 161 112 0 0.475200 0.006655 0.879853
0.122865 0.760839 -5.132795 108 136 86 0 0.444907 0.814866 0.371553
-0.108957 0.387507 -4.911640 123 159 106 0 0.205090 -0.109465 0.972602
0.049621 0.450085 -4.987018 141 173 132 0 0.427597 -0.078370 0.900566
-0.089757 0.228930 -4.941506 123 148 104 0 0.142137 -0.117840 0.982808
-0.140957 0.465018 -4.888173 145 182 127 0 0.443065 0.078675 0.893031
-0.170823 0.415240 -4.876796 138 174 121 0 0.544471 -0.229819 0.806681
0.159131 0.700395 -5.123550 132 168 121 0 0.413213 0.207342 0.886716
-0.158023 0.179863 -4.917329 132 168 113 0 0.324143 0.102712 0.940416
0.368197 0.381818 -5.287106 148 183 133 0 0.768105 -0.371873 0.521272
-0.237667 0.285107 -4.932973 79 114 43 0 -0.111599 0.165559 0.979865
-0.103979 0.577373 -4.945062 129 167 114 0 0.486998 0.325194 0.810606
-0.003001 0.239596 -4.963551 131 168 115 0 0.317923 -0.063585 0.945982
0.184020 0.062530 -5.038217 113 129 93 0 0.016661 -0.931755 -0.362705
-0.049935 0.882439 -5.108617 127 153 104 0 0.435907 0.538668 0.720987
0.272198 0.238174 -5.144884 135 174 114 0 0.728870 0.086179 0.679207
0.124998 0.647062 -5.090839 138 178 129 0 0.592739 0.141839 0.792807
-0.063446 0.781461 -5.022573 136 173 123 0 0.641401 0.286311 0.711780
0.286420 0.143597 -5.147017 134 170 115 0 0.667208 0.117393 0.735563
0.250864 0.098797 -5.108617 131 169 117 0 0.435605 0.381354 0.815363
0.040376 0.423774 -4.976351 137 172 127 0 0.450034 0.286104 0.845940
0.344731 0.365463 -5.258661 137 175 113 0 0.545490 0.112007 0.830599
-0.182201 0.128663 -4.908795 133 170 116 0 0.634511 -0.293963 0.714829
0.090865 0.022708 -4.999817 126 163 112 0 0.500886 0.279310 0.819206
0.152731 0.607240 -5.100795 139 170 125 0 0.541402 0.311426 0.780960
-0.032868 0.608662 -4.977773 129 166 119 0 0.444282 0.292576 0.846767
0.065265 0.174174 -4.991995 135 170 120 0 0.308359 -0.039338 0.950456
-0.110379 0.105197 -4.942217 112 145 92 0 0.142410 -0.175177 0.974183
0.275042 0.530440 -5.299905 125 144 104 0 0.427336 0.606916 0.670102
0.110776 0.642795 -5.075906 142 181 128 0 0.673140 0.251834 0.695314
0.306331 0.305018 -5.199639 138 176 117 0 0.805483 0.134989 0.577040
0.186153 0.424485 -5.081595 140 181 122 0 0.751878 0.317174 0.577996
0.142776 0.576662 -5.075195 139 176 122 0 0.711181 0.095313 0.696518
-0.052068 0.848306 -5.081595 143 173 125 0 0.500913 0.461236 0.732357
0.001976 0.118708 -4.972795 130 165 111 0 0.349609 -0.127505 0.928179
-0.129579 0.546795 -4.917329 134 172 117 0 0.536071 0.354682 0.766047
0.228820 0.689728 -5.158395 159 188 139 0 0.681844 -0.166266 0.712351
0.006243 0.004931 -4.962129 121 158 106 0 0.355592 0.056422 0.932937
-0.088335 0.381107 -4.918040 122 158 108 0 0.372816 -0.308905 0.874977
-0.032868 0.034797 -4.957151 118 156 104 0 0.190183 0.292910 0.937035
0.243042 0.201908 -5.112173 132 168 117 0 0.640541 -0.032379 0.767241
-0.076246 0.064664 -4.950751 122 157 105 0 0.206891 0.072228 0.975694
0.243042 0.058264 -5.085862 132 168 117 0 0.823581 0.299627 0.481599
0.078065 0.337018 -4.989862 139 176 127 0 0.488254 0.094820 0.867535
0.036821 0.707506 -5.045328 137 175 129 0 0.421006 0.411401 0.808395
0.023310 0.463596 -4.971373 139 162 124 0 0.586380 0.015177 0.809894
0.245887 0.538262 -5.287106 101 137 25 0 0.166353 0.985319 -0.038389
0.230953 0.062530 -5.076617 129 167 118 0 0.548680 0.491631 0.676202
-0.121757 0.309285 -4.925151 122 157 107 0 0.325046 -0.055685 0.944057
-0.059890 0.073197 -4.954307 118 153 106 0 0.309246 -0.031556 0.950458
-0.024335 0.851861 -5.097239 142 173 122 0 0.285052 0.381577 0.879286
0.342597 0.305018 -5.259372 135 166 113 0 0.887302 -0.252024 0.386237
0.234509 0.530440 -5.208883 141 179 122 0 0.783986 0.389569 0.483324
0.344731 0.130797 -5.209595 139 177 118 0 0.760023 0.142411 0.634102
0.331931 0.274441 -5.238750 134 167 105 0 0.901327 0.134421 0.411752
-0.153757 0.398174 -4.891018 132 169 115 0 0.300624 -0.254596 0.919133
-0.077668 0.108041 -4.948617 118 145 102 0 0.284920 -0.078643 0.955320
0.232376 0.184130 -5.102928 137 175 121 0 0.626484 -0.015280 0.779285
0.042509 0.131508 -4.986306 131 167 116 0 0.420532 0.086864 0.903110
0.122154 0.542529 -5.046751 142 181 129 0 0.490672 0.048105 0.870015
-0.019357 0.849728 -5.119284 66 64 58 0 0.387901 -0.135835 0.911637
0.237353 0.444396 -5.163373 147 185 134 0 0.829655 0.361888 0.425099
0.202509 0.509818 -5.134217 143 182 123 0 0.858879 0.144362 0.491413
0.094420 0.605818 -5.040350 147 183 133 0 0.166667 0.117284 0.979013
0.078065 0.639951 -5.041062 141 181 131 0 0.451994 0.317490 0.833608
-0.076957 0.558173 -4.949329 132 166 115 0 0.206947 0.142677 0.967893
0.246598 0.538973 -5.254395 152 189 131 0 0.794509 0.539637 0.278472
0.219576 0.629995 -5.208172 125 161 92 0 0.985757 -0.165256 0.031202
0.346864 0.317107 -5.276439 132 162 101 0 0.930054 -0.286496 0.230044
0.103665 0.248130 -5.006928 137 170 127 0 0.459289 0.039290 0.887417
0.121443 0.280841 -5.014040 138 172 125 0 0.509503 -0.080448 0.856700
-0.025757 0.410974 -4.942929 135 172 119 0 0.350003 0.048142 0.935511
0.245176 0.343418 -5.132795 135 171 110 0 0.833699 0.111643 0.540817
-0.121757 0.514085 -4.909507 134 171 112 0 0.435468 0.284670 0.854009
0.358242 0.097375 -5.213861 141 174 117 0 0.818141 0.310547 0.483948
0.140643 0.525462 -5.059551 144 174 123 0 0.718591 0.061923 0.692670
0.277175 0.159952 -5.140617 133 171 118 0 0.712784 0.064799 0.698384
0.189709 0.450796 -5.097239 145 184 127 0 0.744492 0.348727 0.569317
-0.092601 0.523329 -4.930129 131 166 116 0 0.427597 0.078370 0.900566
0.329086 0.364752 -5.240172 145 179 120 0 0.806656 0.088025 0.584429
0.147042 0.085286 -5.034662 126 146 110 0 0.420914 0.364162 0.830793
0.363220 0.346974 -5.302750 139 178 111 0 0.827774 -0.560573 0.023415
-0.064157 0.706795 -4.994840 132 169 119 0 0.268591 0.166013 0.948841
-0.015801 0.839061 -5.094395 137 169 118 0 0.175905 0.683736 0.708210
0.321264 0.129375 -5.179728 135 172 117 0 0.690783 0.213628 0.690783
-0.015801 0.427329 -4.949329 132 169 119 0 0.261504 0.110586 0.958847
-0.027890 0.324930 -4.947196 124 155 111 0 0.308457 -0.220326 0.925371
-0.040690 0.440129 -4.933684 138 174 122 0 0.531794 0.096038 0.841410
0.056021 0.339863 -4.977773 137 173 126 0 0.292539 0.038922 0.955461
-0.067001 0.849728 -5.076617 72 77 63 0 0.411143 0.569655 0.711656
-0.112512 0.269463 -4.932262 128 165 112 0 0.173417 -0.086102 0.981078
-0.009401 0.316396 -4.955018 127 151 106 0 0.548532 -0.286122 0.785650
0.216731 0.244574 -5.092261 135 172 118 0 0.752644 -0.006930 0.658391
0.317709 0.302885 -5.216706 134 173 113 0 0.848824 0.077939 0.522898
0.103665 0.632840 -5.065239 148 186 130 0 0.467405 0.322619 0.823073
0.233087 0.125819 -5.098661 148 166 126 0 0.588634 -0.079156 0.804515
-0.067001 0.661284 -4.983462 122 156 104 0 0.277509 0.197432 0.940218
0.108643 0.671951 -5.081595 146 184 129 0 0.695314 0.251834 0.673140
-0.176512 0.450085 -4.856884 147 184 128 0 0.622911 0.104063 0.775341
0.179042 0.539684 -5.108617 138 175 119 0 0.791038 0.055387 0.609255
-0.133846 0.371863 -4.907373 128 165 111 0 0.255368 -0.110184 0.960545
0.094420 0.047597 -5.007639 128 163 116 0 0.388209 0.189053 0.901972
0.357531 0.198352 -5.250128 142 177 121 0 0.785478 0.221545 0.577877
0.353264 0.248130 -5.268617 143 183 122 0 0.881641 0.230446 0.411829
0.256553 0.330618 -5.145595 133 170 111 0 0.713922 0.325393 0.620028
0.175487 0.069641 -5.064528 126 62 57 0 0.818468 0.238912 -0.522524
0.312731 0.499862 -5.294217 133 168 112 0 0.151037 0.584709 0.797059
-0.137401 0.256663 -4.925862 120 156 104 0 0.039716 -0.063331 0.997202
-0.172957 0.357641 -4.896707 138 173 112 0 0.332525 -0.259281 0.906753
-0.044957 0.290085 -4.946484 125 161 112 0 0.174561 -0.007986 0.984614
0.156998 0.255241 -5.035373 183 159 135 0 0.824956 0.031889 0.564297
-0.028601 0.706795 -5.016173 137 174 123 0 0.096206 0.538467 0.837137
0.043932 0.585195 -5.005506 142 172 135 0 0.572127 0.173601 0.801582
-0.107534 0.038353 -4.952173 101 136 85 0 0.094327 -0.917294 0.386877
0.046065 0.099508 -4.988440 140 166 120 0 0.442052 0.102444 0.891120
-0.156601 0.504840 -4.883195 151 187 124 0 0.573344 0.437071 0.692998
0.123576 0.570973 -5.054573 142 183 133 0 0.570300 0.298728 0.765192
0.277175 0.113019 -5.131372 138 177 120 0 0.608179 0.181387 0.772798
0.239487 0.623595 -5.218839 28 41 24 0 0.759802 -0.444722 0.474261
0.224553 0.373285 -5.116439 145 181 120 0 0.838776 0.197271 0.507482
-0.063446 0.682617 -4.998395 120 154 103 0 -0.356222 -0.892791 -0.275737
0.231664 0.287952 -5.107906 133 171 113 0 0.639507 0.001375 0.768784
0.101532 0.656306 -5.072350 147 186 134 0 0.577728 0.434545 0.690943
0.291398 0.426618 -5.221684 144 180 127 0 0.793346 0.292952 0.533648
0.021176 0.639951 -5.010484 135 171 125 0 0.641473 0.300640 0.705781
-0.007268 0.084575 -4.970662 130 160 111 0 0.158255 -0.118998 0.980201
0.383131 0.244574 -5.319817 156 195 143 0 0.838714 0.490395 0.236795
0.021887 0.545373 -4.984173 132 165 120 0 0.421243 0.017060 0.906787
-0.206379 0.100930 -4.903107 121 156 103 0 0.513842 -0.618295 0.594709
0.114331 0.582351 -5.050306 137 177 125 0 0.706653 0.149804 0.691521
0.111487 0.777906 -5.142750 56 79 38 0 -0.799967 -0.540095 0.261437
0.344020 0.338441 -5.263639 147 180 120 0 0.659755 -0.388577 0.643220
-0.067712 -0.007869 -4.927284 80 81 69 0 0.229331 0.845943 0.481443
-0.084779 0.917283 -5.121417 54 47 30 0 -0.141454 -0.427218 -0.893015
0.074509 0.047597 -4.996973 128 162 114 0 0.446083 0.151582 0.882062
0.123576 0.311418 -5.014040 146 175 130 0 0.480891 0.047952 0.875468
0.198242 0.652040 -5.143461 136 170 124 0 0.699474 -0.095316 0.708273
0.039665 0.158530 -4.982751 130 167 117 0 0.285683 -0.095228 0.953581
0.233798 0.629284 -5.203195 132 167 111 0 0.791363 -0.445040 0.419147
-0.212779 0.075330 -4.924440 39 59 13 0 0.766255 0.442761 -0.465635
0.107220 0.172752 -5.011906 135 171 124 0 0.490829 0.001330 0.871255
0.016910 0.208308 -4.972084 133 163 116 0 0.356285 0.048288 0.933129
-0.063446 0.567418 -4.959284 128 166 113 0 0.325463 0.301684 0.896137
0.226687 0.314263 -5.105772 142 177 117 0 0.726400 0.142874 0.672258
0.228109 0.499862 -5.178306 135 169 107 0 0.872476 0.199973 0.445866
-0.211356 0.157108 -4.873240 124 123 103 0 0.563288 0.284024 0.775910
0.209620 0.421640 -5.112173 140 178 118 0 0.804396 0.128408 0.580051
-0.039268 0.497729 -4.945773 134 168 122 0 0.461485 0.406430 0.788572
0.078065 0.253108 -4.991284 126 158 110 0 0.253260 0.087814 0.963405
0.053887 0.435863 -4.987729 147 158 121 0 0.245920 -0.095565 0.964568
0.223131 0.449374 -5.144884 136 171 109 0 0.766015 0.364384 0.529571
0.121443 0.156397 -5.019729 136 169 123 0 0.521280 0.149148 0.840251
0.169087 0.627151 -5.116439 143 180 132 0 0.540755 0.102383 0.834926
0.124998 0.411685 -5.021151 151 187 137 0 0.681738 0.126800 0.720524
0.381708 0.362618 -5.335461 143 171 113 0 0.680436 -0.657701 0.323167
0.223842 0.113019 -5.091550 132 167 120 0 0.736314 -0.126951 0.664624
-0.168690 0.532573 -4.887462 141 178 120 0 0.445040 0.419147 0.791363
-0.092601 0.447951 -4.911640 143 179 126 0 0.568018 0.040473 0.822021
-0.111090 -0.001469 -4.929418 102 132 66 0 0.110533 0.310292 0.944193
0.307753 0.145730 -5.168350 130 170 113 0 0.749730 0.079758 0.656920
0.181887 0.726706 -5.133506 137 163 117 0 0.276908 0.070184 0.958330
0.358242 0.315685 -5.309861 135 176 98 0 0.736314 0.126951 0.664624
0.043932 0.529729 -4.991995 147 183 130 0 0.396782 0.094733 0.913011
0.346864 0.273019 -5.272883 141 176 112 0 0.862780 0.292701 0.412234
-0.011535 0.500573 -4.959284 120 156 109 0 0.435747 0.151001 0.887313
0.265087 0.181286 -5.132083 139 171 116 0 0.664261 0.220378 0.714276
-0.158023 0.648484 -4.984173 97 105 73 0 -0.457500 0.188034 0.869101
0.405886 0.412396 -5.298483 80 85 69 0 0.142989 -0.356778 0.923181
0.210331 0.621462 -5.232350 56 70 28 0 0.736439 0.070895 -0.672779
0.143487 0.209730 -5.026128 176 169 142 0 0.387450 0.088366 0.917646
0.270775 0.073908 -5.115017 141 178 125 0 0.690445 0.159333 0.705619
0.373175 0.267330 -5.338305 153 196 142 0 0.893466 0.403736 0.196766
-0.159445 0.619329 -4.937240 139 176 116 0 0.434670 0.607872 0.664495
-0.060601 0.255241 -4.944351 122 160 109 0 0.237545 -0.095272 0.966693
-0.178645 0.037642 -4.963551 105 132 70 0 -0.726771 -0.285917 0.624544
0.033976 0.624306 -5.014750 145 173 131 0 0.275898 0.261603 0.924902
-0.037846 0.627151 -4.983462 130 163 117 0 0.370211 0.433767 0.821456
0.004821 0.579507 -4.984884 135 169 123 0 0.111150 0.228688 0.967134
0.334064 0.162086 -5.206750 139 175 111 0 0.784723 0.181324 0.592732
0.381708 0.400307 -5.297061 143 181 126 0 0.600565 -0.221914 0.768164
-0.069846 0.505551 -4.930840 130 165 120 0 0.173983 0.229763 0.957569
0.137798 0.644217 -5.097950 139 173 126 0 0.426793 0.294287 0.855127
-0.191445 0.418796 -4.861862 150 188 127 0 0.491148 -0.441869 0.750684
-0.181490 0.174174 -4.905240 145 181 120 0 0.618912 0.110258 0.777683
0.387397 0.140752 -5.296350 139 148 57 0 0.648221 -0.737525 0.189385
-0.089046 0.039064 -4.951462 120 154 94 0 0.817737 -0.150440 0.555584
0.188287 0.595151 -5.131372 138 175 122 0 0.729163 0.126746 0.672500
0.291398 0.238174 -5.166928 134 171 116 0 0.796233 0.119214 0.593128
-0.083357 0.654173 -4.976351 120 157 98 0 0.173897 0.070758 0.982218
0.299220 0.095241 -5.147017 132 167 114 0 0.631806 0.189081 0.751711
-0.231267 0.305018 -4.924440 71 106 36 0 0.070804 -0.721048 0.689258
0.334064 0.207597 -5.220972 138 175 110 0 0.826054 0.205372 0.524841
0.071665 0.664128 -5.050306 141 179 123 0 0.365373 0.396735 0.842083
0.257264 0.269463 -5.135639 139 174 118 0 0.728870 0.086179 0.679207
0.014065 -0.007158 -4.969951 81 118 12 0 -0.126845 -0.696904 -0.705858
-0.047801 0.083864 -4.962840 126 158 116 0 -0.102671 -0.086520 0.990946
0.065265 0.767239 -5.107906 146 178 121 0 0.792734 0.190928 0.578895
-0.103268 0.458618 -4.905951 146 181 126 0 0.346980 0.078436 0.934587
0.235220 0.473551 -5.175461 146 186 131 0 0.738011 0.477148 0.477148
0.142776 0.244574 -5.023284 208 147 145 0 0.539877 0.054689 0.839965
0.249442 0.366174 -5.145595 140 176 123 0 0.820734 0.212443 0.530344
0.147754 0.106619 -5.051728 87 125 10 0 -0.454161 -0.550650 -0.700373
0.171931 0.225374 -5.048884 139 177 114 0 0.647420 -0.064598 0.759391
0.014776 0.164930 -4.972084 137 172 120 0 0.325572 -0.134860 0.935850
-0.211356 0.177019 -4.876084 95 130 15 0 0.354900 -0.221631 -0.908254
-0.106112 0.320663 -4.927995 125 162 112 0 0.125145 -0.198462 0.972086
0.220287 0.665551 -5.161239 148 185 131 0 0.671016 -0.237291 0.702446
0.360375 0.227508 -5.268617 146 182 119 0 0.767121 0.309091 0.562128
0.035398 0.818439 -5.124261 143 174 132 0 0.982255 0.088198 0.165521
-0.253312 0.239596 -4.922307 99 113 77 0 0.023571 0.592041 0.805563
0.201798 0.483507 -5.123550 139 179 120 0 0.848579 0.196750 0.491124
-0.148779 0.574529 -4.930840 136 173 121 0 -0.845940 0.286104 0.450034
0.117176 0.234619 -5.012618 146 181 134 0 0.561092 -0.109304 0.820505
0.118598 0.398885 -5.013329 163 171 136 0 0.706322 0.047088 0.706322
-0.062024 0.382529 -4.930840 123 160 112 0 0.497143 0.001333 0.867668
0.211042 0.707506 -5.147017 151 188 138 0 0.190792 -0.220144 0.956627
0.113620 0.361907 -5.009773 154 160 123 0 0.235855 0.032657 0.971239
0.092287 0.696128 -5.080884 144 182 129 0 0.599913 0.394984 0.695767
0.388108 0.161374 -5.280705 147 183 121 0 0.579309 -0.214731 0.786315
0.264375 0.407418 -5.179017 137 176 116 0 0.791586 0.174058 0.585743
-0.011535 0.145730 -4.967106 128 163 110 0 0.206986 -0.054470 0.976826
0.001265 0.634973 -4.997684 130 167 119 0 0.389262 0.062870 0.918979
-0.203534 0.316396 -4.911640 99 136 72 0 -0.080207 -0.499533 0.862574
-0.102557 0.233908 -4.937951 128 149 107 0 0.355326 -0.032302 0.934184
0.349709 0.226085 -5.249417 140 178 118 0 0.862708 0.260182 0.433636
-0.079801 0.518351 -4.935818 137 172 121 0 0.604648 0.317642 0.730414
0.138509 0.492751 -5.048884 144 170 126 0 0.492577 0.395037 0.775444
-0.111801 0.416663 -4.903818 136 168 122 0 0.541234 0.001350 0.840871
-0.032868 0.809906 -5.064528 139 173 125 0 0.405593 0.405593 0.819139
-0.120334 0.256663 -4.930129 121 157 100 0 0.149391 -0.110525 0.982581
0.282153 0.213997 -5.153417 135 172 117 0 0.791075 0.046700 0.609934
0.407308 0.158530 -5.296350 128 160 109 0 0.238684 -0.071230 0.968481
0.187576 0.642084 -5.134217 140 174 128 0 0.622989 -0.023693 0.781872
0.120020 0.030530 -5.025417 66 98 0 0 0.141839 -0.792807 0.592739
0.152020 0.220397 -5.029684 219 140 146 0 0.481712 0.014760 0.876205
-0.206379 0.117997 -4.888173 140 174 117 0 0.758805 -0.316035 0.569505
-0.175801 0.101641 -4.925862 116 153 96 0 0.506482 -0.421249 0.752347
0.242331 0.556040 -5.272883 149 187 136 0 0.852630 0.520975 0.040075
-0.007979 0.826261 -5.087995 134 167 119 0 0.332174 0.317143 0.888302
0.355397 0.415951 -5.277861 152 187 128 0 0.623433 0.268092 0.734478
0.039665 0.195508 -4.981328 134 169 123 0 0.189908 0.008057 0.981769
-0.037846 0.124397 -4.957862 121 156 106 0 0.403407 -0.095000 0.910076
-0.148779 0.595862 -4.927284 145 182 123 0 0.380336 0.316183 0.869122
0.385264 0.374707 -5.318394 134 168 96 0 0.572939 -0.676502 0.462694
0.009798 0.511951 -4.971373 133 170 125 0 0.442989 0.459335 0.769917
-0.059890 0.024130 -4.945062 110 144 91 0 0.181538 0.268894 0.945907
0.166242 0.322085 -5.044617 146 183 130 0 0.593742 0.079070 0.800761
0.250153 0.383240 -5.152706 141 172 117 0 0.754618 0.158787 0.636662
0.243753 0.528307 -5.229506 148 183 119 0 0.864275 0.326981 0.382246
0.173354 0.352663 -5.056706 140 178 123 0 0.707156 0.111188 0.698261
0.171220 0.283685 -5.051728 144 171 120 0 0.641016 -0.046904 0.766093
-0.145223 0.422351 -4.889596 130 169 115 0 0.261504 -0.110586 0.958847
0.062421 0.791417 -5.115728 150 188 138 0 0.316140 0.467132 0.825738
0.097976 0.460751 -5.007639 194 174 157 0 0.451065 0.070350 0.889714
-0.219890 0.112308 -4.872529 43 52 32 0 -0.086166 -0.731679 0.676182
0.154865 0.346974 -5.037506 139 173 124 0 0.588068 0.151132 0.794566
0.342597 0.238885 -5.243728 135 172 112 0 0.849783 0.167584 0.499785
0.222420 0.050442 -5.055995 59 65 59 0 0.650154 0.610041 0.452935
0.356109 0.367596 -5.280705 143 182 123 0 0.642023 0.104310 0.759556
0.257264 0.462885 -5.196795 142 181 129 0 0.704761 0.419540 0.572100
0.299931 0.511951 -5.297772 146 164 123 0 0.763375 0.110741 0.636392
0.268642 0.103064 -5.121417 133 172 120 0 0.578782 0.183813 0.794496
0.282153 0.407418 -5.202484 143 176 118 0 0.791038 0.055387 0.609255
-0.037846 0.156397 -4.956440 127 162 110 0 0.276389 -0.030985 0.960546
0.240909 0.661284 -5.182572 154 189 140 0 0.730873 -0.570637 0.374429
-0.017224 0.654884 -4.999106 130 169 118 0 0.299457 0.410025 0.861513
0.281442 0.477107 -5.242306 151 185 131 0 0.643503 0.358593 0.676251
0.144909 0.686173 -5.114306 135 173 123 0 0.443543 0.117617 0.888502
0.078776 0.780039 -5.119284 139 176 123 0 0.301036 0.629439 0.716369
-0.141668 0.021997 -4.952173 114 152 77 0 0.849004 -0.245403 0.467943
0.386686 0.355507 -5.350394 93 95 91 0 -0.411501 -0.908562 -0.071979
-0.121046 0.666262 -4.978484 83 121 58 0 -0.133500 0.529599 0.837677
0.180465 0.521907 -5.106484 141 175 124 0 0.808921 0.134574 0.572308
-0.064868 0.112308 -4.951462 123 144 104 0 0.245549 -0.215370 0.945157
-0.143801 0.280841 -4.924440 125 159 102 0 -0.087814 -0.253260 0.963405
0.104376 0.331330 -5.003373 138 173 125 0 0.552257 0.140655 0.821723
-0.015801 0.556751 -4.971373 133 169 123 0 0.591751 0.332353 0.734420
0.019043 0.832661 -5.123550 111 118 93 0 -0.953703 0.133969 0.269265
0.247309 0.115152 -5.109328 133 169 117 0 0.613065 0.064308 0.787410
0.085176 0.499862 -5.007639 188 170 150 0 -0.030755 0.056207 0.997945
0.230953 0.570973 -5.263639 155 198 140 0 0.880445 0.467431 0.079533
0.195398 0.465018 -5.109328 136 174 118 0 0.768164 0.221914 0.600565
0.371753 0.103775 -5.245861 138 164 109 0 0.870492 0.213517 0.443458
0.112909 0.681195 -5.092261 143 182 133 0 0.484807 0.332212 0.809072
-0.020779 -0.027780 -4.945062 87 89 81 0 0.643655 -0.747127 -0.165859
0.292109 0.189108 -5.160528 140 165 120 0 0.801930 0.064097 0.593969
-0.016513 0.629284 -4.990573 128 167 117 0 0.149035 0.182153 0.971910
0.186153 0.486351 -5.101506 138 174 120 0 0.823419 0.182146 0.537405
0.339042 0.415240 -5.261506 149 186 126 0 0.709495 0.318384 0.628687
0.267931 0.369018 -5.168350 137 176 118 0 0.779829 0.191510 0.595979
-0.024335 0.370441 -4.945773 127 164 116 0 0.253588 0.048244 0.966109
0.294242 0.073197 -5.137773 144 180 129 0 0.690228 0.006944 0.723559
-0.056335 0.312130 -4.941506 130 166 116 0 0.204554 0.001156 0.978855
0.268642 0.123686 -5.125684 141 179 124 0 0.624846 0.181801 0.759287
0.220287 0.177019 -5.092973 132 170 117 0 0.562212 0.134282 0.816019
-0.146645 0.444396 -4.878929 137 173 119 0 0.717960 0.340258 0.607254
0.158420 0.542529 -5.084439 138 174 124 0 0.666394 0.110819 0.737318
-0.044246 0.788573 -5.049595 145 180 126 0 0.458152 0.143082 0.877282
0.016198 0.429463 -4.963551 136 173 126 0 0.380708 0.182453 0.906517
-0.046379 0.221108 -4.952173 124 146 105 0 0.402889 -0.118497 0.907546
0.013354 0.093819 -4.976351 155 153 126 0 0.285536 0.046541 0.957237
0.100820 0.101641 -5.014040 133 167 119 0 0.428980 0.095792 0.898220
0.041798 0.021286 -4.979195 120 154 104 0 0.395438 -0.127155 0.909648
0.011221 0.810617 -5.090839 140 177 125 0 0.587385 0.411997 0.696589
0.113620 0.425907 -5.015462 154 181 133 0 0.689258 0.070804 0.721048
0.018332 0.233908 -4.970662 130 167 115 0 0.397663 -0.229137 0.888460
-0.146645 0.636395 -4.962840 104 140 76 0 0.220301 0.720275 0.657778
0.191842 0.516929 -5.119995 138 173 119 0 0.839993 0.063316 0.538890
0.390242 0.389640 -5.302750 140 172 119 0 0.292907 -0.600220 0.744272
-0.139534 0.339863 -4.915906 126 162 112 0 0.214630 -0.350034 0.911817
0.275042 0.263774 -5.151995 136 174 118 0 0.751320 0.070662 0.656144
0.130687 0.605106 -5.075906 141 182 128 0 0.705838 0.261715 0.658254
-0.037846 0.058264 -4.958573 120 155 105 0 0.127535 0.134823 0.982628
0.033976 0.354796 -4.969240 135 171 121 0 0.545109 0.054651 0.836582
0.285709 0.354085 -5.184706 146 182 124 0 0.652047 0.175610 0.737561
0.201798 0.694706 -5.144884 146 182 131 0 0.538396 -0.143080 0.830457
0.016198 0.337729 -4.962129 134 169 117 0 0.206014 -0.198040 0.958300
0.250153 0.218974 -5.119284 138 177 123 0 0.627839 0.152067 0.763344
-0.059179 0.419507 -4.925862 131 169 118 0 0.508374 0.095409 0.855834
0.264375 0.086708 -5.114306 132 169 118 0 0.570627 0.190209 0.798878
-0.086912 0.078175 -4.949329 111 147 91 0 0.126605 -0.007706 0.991923
-0.084779 0.801372 -5.024706 51 54 48 0 0.980433 0.103782 0.167272
0.306331 0.475685 -5.271461 142 178 126 0 0.705763 0.430100 0.562950
0.218153 0.602973 -5.186128 138 173 112 0 0.839269 -0.418850 -0.346689
0.163398 0.649195 -5.113595 145 183 128 0 0.491254 0.254097 0.833129
0.154154 0.297907 -5.036795 150 187 135 0 0.607436 -0.070365 0.791246
0.173354 0.332041 -5.053151 144 179 123 0 0.524911 0.174970 0.832979
0.222420 0.151419 -5.092261 139 175 121 0 0.523755 -0.063188 0.849522
-0.123179 0.487773 -4.903107 137 172 120 0 0.408550 0.101099 0.907120
-0.179356 0.378263 -4.886751 133 169 115 0 0.301144 -0.466539 0.831657
0.320553 0.325641 -5.222394 136 175 115 0 0.865072 0.023087 0.501117
0.170509 0.459329 -5.075195 141 182 128 0 0.782597 0.372742 0.498603
0.373175 0.369729 -5.304883 136 175 110 0 0.673124 -0.579588 0.459328
-0.126023 0.592306 -4.940084 132 166 111 0 0.380269 0.260969 0.887294
0.150598 0.749462 -5.132795 131 167 110 0 0.625948 0.348112 0.697859
-0.167979 0.057553 -4.948617 101 138 74 0 -0.136039 -0.442483 0.886398
-0.119623 -0.010714 -4.925151 92 121 32 0 0.126845 0.705858 -0.696904
0.233087 0.563151 -5.240883 149 193 141 0 0.911917 0.366765 -0.184096
0.161265 0.169908 -5.038929 216 136 140 0 0.262223 -0.165402 0.950727
-0.055624 0.722439 -5.003373 134 171 121 0 0.476752 0.277976 0.833928
-0.152334 0.572395 -4.917329 140 173 120 0 0.461153 0.340714 0.819299
0.307753 0.108752 -5.159817 141 180 124 0 0.690306 0.244846 0.680829
0.058865 0.698262 -5.059551 139 174 125 0 0.570333 0.270158 0.775716
-0.135979 0.229641 -4.926573 131 162 109 0 0.126389 0.150930 0.980432
0.243753 0.078175 -5.096528 126 160 113 0 0.475803 0.404351 0.781096
-0.083357 0.767239 -5.006217 147 185 132 0 0.214151 0.508800 0.833824
0.218153 0.284396 -5.094395 136 175 116 0 0.677876 0.061887 0.732567
0.184731 0.676928 -5.135639 146 183 131 0 0.484725 0.006677 0.874641
-0.047801 0.758706 -5.022573 139 173 123 0 0.750976 0.481479 0.451900
0.178331 0.094530 -5.051728 167 77 92 0 0.525047 0.198217 0.827669
0.346864 0.296485 -5.286394 131 168 103 0 0.918131 0.237076 0.317538
0.216731 0.339152 -5.098661 140 167 113 0 0.771205 0.046869 0.634859
-0.236956 0.393907 -4.848351 43 55 37 0 0.120114 -0.325252 0.937968
0.204642 0.211863 -5.079462 137 171 114 0 0.749730 -0.079758 0.656920
0.174065 0.482796 -5.085150 141 182 126 0 0.784345 0.198005 0.587875
0.071665 0.326352 -4.985595 137 174 125 0 0.481358 0.001326 0.876523
0.358953 0.340574 -5.353950 143 158 105 0 0.458206 -0.507831 -0.729490
-0.026468 0.131508 -4.962129 125 161 109 0 0.379982 -0.024640 0.924666
0.084465 0.681906 -5.065239 142 179 128 0 0.626866 0.158605 0.762813
0.400908 0.392485 -5.319817 126 147 68 0 0.877810 0.395993 -0.269516
-0.121757 0.716750 -4.973506 63 66 47 0 0.402690 -0.460910 0.790824
-0.011535 0.749462 -5.043906 138 171 124 0 0.482150 0.189576 0.855332
-0.167979 0.034086 -4.955729 32 41 21 0 -0.467431 -0.079533 0.880445
0.199665 0.068219 -5.043906 86 98 87 0 0.652711 0.595662 0.468140
-0.179356 0.427329 -4.868262 141 178 123 0 0.465780 -0.410600 0.783873
0.066687 0.479951 -4.996262 132 168 122 0 0.539877 0.054689 0.839965
-0.069135 0.747328 -5.005506 137 176 120 0 0.563832 0.411713 0.715951
0.297798 0.375418 -5.208172 146 184 124 0 0.695314 0.251834 0.673140
-0.017935 0.037642 -4.962129 120 158 104 0 0.283157 0.229625 0.931179
0.165531 0.206174 -5.041062 164 171 131 0 0.833029 0.087461 0.546272
-0.234112 0.221108 -4.894573 75 108 12 0 -0.109559 -0.403565 -0.908368
0.067398 0.583062 -5.016884 131 162 117 0 0.691635 0.315852 0.649522
0.336197 0.497729 -5.304172 77 82 66 0 0.585116 0.260227 0.768063
0.257975 0.538262 -5.282128 149 184 128 0 0.805199 0.591603 -0.040752
0.183309 0.211863 -5.058839 133 169 109 0 0.674661 0.001380 0.738126
-0.224867 0.267330 -4.930840 86 128 46 0 0.141839 -0.592739 0.792807
-0.069846 0.034797 -4.947196 111 146 92 0 -0.007750 0.133973 0.990955
0.262953 0.055419 -5.103639 139 162 128 0 0.570951 0.477187 0.668063
0.225976 0.410974 -5.132083 140 170 114 0 0.822183 0.245267 0.513672
0.017621 0.490618 -4.974928 133 168 127 0 0.315240 0.221096 0.922898
0.011221 0.018442 -4.966395 119 153 104 0 0.403736 0.196766 0.893466
0.245887 0.505551 -5.214572 144 181 119 0 0.767121 0.309091 0.562128
0.319842 0.091686 -5.165506 142 177 125 0 0.635056 0.199324 0.746307
-0.204245 0.038353 -4.951462 41 49 28 0 0.395037 0.492577 -0.775444
-0.153757 0.122975 -4.925862 117 151 101 0 0.142011 -0.437510 0.887929
0.063843 0.546084 -5.005506 146 167 126 0 0.490720 0.056675 0.869472
-0.110379 0.705373 -4.980618 132 170 112 0 0.189450 0.436175 0.879693
0.117887 0.206174 -5.014750 147 172 134 0 0.578378 -0.094222 0.810309
0.200376 0.565284 -5.142039 142 178 117 0 0.841663 0.136130 0.522563
0.083754 0.525462 -5.011195 142 166 127 0 0.719684 0.333037 0.609214
-0.003713 0.490618 -4.962129 134 169 123 0 0.394801 0.294195 0.870391
0.272198 0.386085 -5.183283 140 165 118 0 0.757543 0.309103 0.574964
0.186865 0.177019 -5.063106 134 171 113 0 0.738397 -0.023819 0.673945
0.281442 0.242441 -5.156972 130 168 110 0 0.740261 0.079989 0.667544
-0.227001 0.243152 -4.923729 100 137 70 0 0.380344 0.633907 0.673424
0.383842 0.125819 -5.277861 131 168 102 0 0.871409 -0.277335 0.404637
0.155576 0.491329 -5.065239 137 175 123 0 0.755481 0.165689 0.633874
0.147042 0.411685 -5.041773 143 181 128 0 0.690042 0.055949 0.721603
-0.180779 0.221108 -4.913773 119 152 99 0 0.322963 -0.016337 0.946270
0.094420 0.263774 -5.001240 121 135 88 0 0.055469 -0.618690 -0.783674
0.109354 0.727417 -5.104351 131 169 116 0 0.222705 0.627623 0.745984
-0.192156 0.292219 -4.918040 110 146 79 0 -0.078506 -0.134748 0.987765
-0.162290 0.238174 -4.920173 132 165 112 0 0.213191 0.181411 0.960021
-0.017935 0.739506 -5.033239 146 185 137 0 0.846220 0.259549 0.465344
-0.210645 0.422351 -4.846218 157 172 135 0 0.635932 -0.478207 0.605729
0.070954 0.152841 -4.995551 136 171 122 0 0.221950 0.047301 0.973910
0.026865 0.079597 -4.980618 132 165 119 0 0.299157 -0.157092 0.941184
0.304198 0.273730 -5.191106 132 169 109 0 0.726005 0.110897 0.678689
0.253709 0.512662 -5.235906 147 186 132 0 0.754545 0.532908 0.382977
0.129265 0.165641 -5.023995 126 162 111 0 0.599727 0.040731 0.799168
0.312020 0.133641 -5.171906 139 177 120 0 0.721471 0.189213 0.666092
-0.099001 0.764395 -4.996262 141 147 125 0 0.847896 0.086927 0.522988
0.293531 0.157108 -5.156261 136 174 119 0 0.666394 0.110819 0.737318
0.309175 0.246708 -5.193950 147 162 118 0 0.817161 0.078711 0.571011
-0.106823 0.524040 -4.922307 138 173 117 0 0.459786 0.315416 0.830126
-0.038557 -0.034180 -4.933684 48 52 26 0 0.001022 -0.048051 -0.998844
0.305620 0.122975 -5.161950 138 174 120 0 0.600668 0.246227 0.760638
0.035398 0.497018 -4.982751 135 172 126 0 0.402508 0.149340 0.903153
0.026865 0.776484 -5.079462 139 174 121 0 0.643790 0.499232 0.579915
0.265798 0.273730 -5.144173 139 174 118 0 0.689650 0.165942 0.704874
-0.249756 0.218263 -4.897418 44 55 20 0 0.634711 -0.347541 -0.690187
0.112909 0.038353 -5.012618 124 159 114 0 0.493082 0.247309 0.834092
0.208909 0.593018 -5.178306 139 177 106 0 0.766973 -0.641240 -0.023750
0.203220 0.140041 -5.078751 130 166 116 0 0.600218 0.001367 0.799835
-0.086912 0.666262 -4.978484 121 158 99 0 0.182730 0.284400 0.941130
0.302775 0.080308 -5.147017 141 177 126 0 0.744401 0.149484 0.650785
0.334775 0.083864 -5.176172 87 100 82 0 0.595633 0.397638 0.697930
0.193265 0.531862 -5.127106 135 169 113 0 0.825166 0.102964 0.555428
-0.246912 0.275863 -4.937240 73 101 43 0 -0.561624 -0.183171 0.806862
-0.005135 0.572395 -4.980618 130 166 118 0 0.276164 0.308310 0.910318
0.152731 0.398885 -5.045328 143 180 129 0 0.643533 0.055649 0.763393
-0.012957 0.190530 -4.963551 128 164 116 0 0.252184 0.079837 0.964380
0.207487 0.638529 -5.154128 139 176 126 0 0.741060 0.023815 0.671016
0.268642 0.492040 -5.236617 147 183 127 0 0.600785 0.560169 0.570323
-0.251178 0.318530 -4.897418 39 51 22 0 0.690281 0.553228 -0.466316
0.037532 0.282263 -4.973506 125 156 115 0 0.293883 -0.150327 0.943946
0.082332 0.739506 -5.096528 141 177 122 0 0.601786 0.314607 0.734082
-0.113223 0.122975 -4.935106 119 144 97 0 0.301637 -0.142026 0.942785
-0.059890 0.864661 -5.085862 117 136 69 0 -0.395688 -0.024812 -0.918050
-0.192156 0.061819 -4.948617 95 130 75 0 -0.038715 -0.420521 0.906456
0.072376 0.095241 -4.999817 143 157 122 0 0.388693 -0.071283 0.918606
-0.089046 0.632840 -4.969951 122 158 99 0 0.346055 0.166723 0.923282
0.051043 0.637817 -5.026840 138 175 127 0 0.572270 0.255562 0.779228
0.196109 0.412396 -5.090839 141 181 118 0 0.760023 0.142411 0.634102
0.254420 0.135063 -5.116439 137 172 124 0 0.562616 0.054993 0.824888
-0.075535 0.292930 -4.938662 121 156 109 0 0.418297 0.009122 0.908265
-0.055624 0.893817 -5.112173 137 165 119 0 0.804600 0.462285 0.372707
0.250153 0.316396 -5.132083 137 174 113 0 0.712708 0.199435 0.672512
0.279309 0.063953 -5.122128 144 177 129 0 0.628126 0.191970 0.754059
-0.055624 0.748039 -5.014040 135 170 121 0 0.523487 0.181495 0.832479
-0.037846 0.372574 -4.942217 133 170 120 0 0.380431 0.141784 0.913876
-0.071979 0.819861 -5.038929 101 127 40 0 0.118161 -0.910535 -0.396187
0.235931 0.642795 -5.193950 149 185 128 0 0.785874 -0.317219 0.530824
-0.148068 0.169197 -4.920884 130 166 112 0 0.389796 0.016835 0.920747
-0.236956 0.300041 -4.897418 69 97 21 0 0.427597 0.078370 -0.900566
0.214598 0.608662 -5.207461 145 185 122 0 0.838192 -0.181433 -0.514311
0.190420 0.260219 -5.068084 140 178 120 0 0.648643 -0.023816 0.760720
-0.126734 0.685462 -4.979907 91 129 64 0 0.001071 -0.101730 0.994811
0.132109 0.022708 -5.028973 65 98 0 0 -0.682732 -0.728534 -0.055821
0.262242 0.385374 -5.169061 143 167 120 0 0.728382 0.261836 0.633168
0.149176 0.619329 -5.100084 134 169 120 0 0.641765 0.244407 0.726913
0.038243 0.753017 -5.070928 136 173 125 0 0.262234 0.507400 0.820840
0.227398 0.242441 -5.102928 137 170 116 0 0.658132 -0.015305 0.752747
0.337620 0.106619 -5.189683 142 180 125 0 0.691633 0.254812 0.675806
0.217442 0.504840 -5.161239 137 177 117 0 0.869903 0.134164 0.474624
-0.090468 0.548929 -4.940084 127 162 114 0 0.389072 0.221698 0.894132
0.246598 0.239596 -5.119284 139 176 120 0 0.647420 0.064598 0.759391
0.179754 0.142886 -5.057417 147 171 123 0 0.903438 0.038814 0.426958
-0.193579 0.073908 -4.942217 94 132 69 0 -0.110819 -0.666394 0.737318
0.245176 0.652751 -5.193239 151 189 135 0 0.627000 -0.633688 0.453112
0.075932 0.117286 -5.000528 136 173 126 0 0.410889 -0.038562 0.910870
0.153442 0.034797 -5.065950 44 38 27 0 -0.014760 -0.481712 0.876205
0.043221 0.718173 -5.058839 138 174 128 0 0.540184 0.383515 0.749078
0.398775 0.220397 -5.317683 134 164 112 0 0.491188 0.541481 0.682299
0.043932 0.180574 -4.982751 133 170 123 0 0.380863 0.008977 0.924588
-0.023624 0.523329 -4.960706 133 170 123 0 0.109307 0.245618 0.963184
-0.165845 0.448662 -4.866840 142 180 124 0 0.510383 0.057018 0.858055
0.053176 0.736662 -5.084439 125 158 115 0 0.939287 -0.315807 0.134184
0.218153 0.584484 -5.181861 133 169 105 0 0.978325 0.125235 0.164914
0.037532 0.437996 -4.979195 133 166 122 0 0.434846 -0.111174 0.893616
0.162687 0.241730 -5.041062 151 178 124 0 0.665308 0.047013 0.745088
-0.050646 0.049019 -4.953595 119 155 103 0 0.174548 0.093987 0.980153
0.331931 0.130797 -5.193239 133 170 112 0 0.767752 0.191555 0.611443
-0.182912 0.567418 -4.905951 139 169 120 0 0.252793 0.522645 0.814210
0.252287 0.394618 -5.159106 135 172 115 0 0.844663 0.180892 0.503808
-0.177223 0.332752 -4.908084 124 157 104 0 0.134755 -0.365367 0.921058
-0.171534 0.594440 -4.918040 140 176 121 0 0.325245 0.450944 0.831183
-0.057757 0.621462 -4.974217 125 161 112 0 0.403140 0.190655 0.895058
0.205353 0.584484 -5.154128 137 175 115 0 0.849506 -0.071849 0.522664
0.124287 0.343418 -5.012618 225 166 162 0 0.167436 0.048006 0.984713
0.172642 0.740217 -5.136350 119 146 103 0 0.428712 0.723348 0.541270
0.064554 0.621462 -5.028973 137 174 127 0 0.410703 0.268245 0.871417
0.022598 0.310707 -4.967817 129 158 111 0 0.474372 0.047847 0.879023
0.376020 0.227508 -5.293505 148 187 131 0 0.793348 0.333621 0.509211
0.321975 0.108752 -5.174750 138 175 121 0 0.666618 0.276559 0.692196
0.243042 0.488485 -5.195372 147 182 132 0 0.753186 0.341768 0.562055
-0.030024 0.817728 -5.073773 147 179 130 0 0.040473 0.568018 0.822021
0.169798 0.523329 -5.092973 140 177 121 0 0.812881 0.124946 0.568870
0.149176 0.543951 -5.073773 149 169 126 0 0.869789 0.220067 0.441631
0.265087 0.322796 -5.154128 135 173 113 0 0.814029 0.150305 0.561040
0.021887 0.524751 -4.979907 133 170 119 0 0.554227 0.112009 0.824795
-0.000868 0.546084 -4.973506 137 174 126 0 0.001085 -0.118289 0.992979
0.309886 0.415240 -5.236617 146 182 132 0 0.650017 0.333969 0.682600
-0.173668 0.248130 -4.920173 128 162 111 0 0.023857 -0.040454 0.998897
0.155576 0.132930 -5.046040 130 164 122 0 0.507138 -0.301755 0.807313
-0.163712 0.353374 -4.903818 130 165 110 0 0.301342 -0.396181 0.867314
0.155576 0.560307 -5.085862 145 166 123 0 0.679463 0.101698 0.726627
0.260820 0.303596 -5.142039 135 172 113 0 0.815326 0.040557 0.577581
0.235931 0.538262 -5.223817 145 183 124 0 0.836574 0.485306 0.254208
0.321264 0.184130 -5.196084 138 170 113 0 0.794566 0.151132 0.588068
0.365353 0.266619 -5.310572 152 191 133 0 0.774851 0.451860 0.442073
0.072376 0.420929 -4.995551 143 177 130 0 0.444195 0.230379 0.865804
-0.172245 0.181997 -4.910929 129 163 112 0 0.531813 0.001346 0.846861
-0.207801 0.231063 -4.909507 119 154 91 0 -0.031981 0.338999 0.940243
-0.158734 0.493462 -4.877507 138 174 120 0 0.493524 0.460512 0.737810
-0.245490 0.334174 -4.872529 68 87 23 0 0.833684 -0.531603 -0.149560
0.210331 0.548929 -5.158395 138 176 110 0 0.879461 0.022896 0.475421
0.371042 0.422351 -5.290661 134 171 118 0 0.310642 0.316588 0.896255
-0.209934 0.138619 -4.871107 152 160 122 0 0.758817 -0.159033 0.631590
0.121443 0.375418 -5.014040 195 167 153 0 0.799824 0.125666 0.586932
-0.072690 0.884572 -5.093684 137 153 133 0 0.958152 -0.270248 0.094393
0.155576 0.433018 -5.051728 143 181 127 0 0.693011 0.175930 0.699131
0.056021 0.302885 -4.979195 132 166 120 0 0.040153 -0.348426 0.936476
0.356109 0.473551 -5.301328 125 138 101 0 0.355021 0.379826 0.854221
-0.155179 0.055419 -4.947906 99 136 71 0 -0.167318 -0.222652 0.960433
0.051043 0.156397 -4.987018 128 162 112 0 0.387147 -0.117948 0.914443
0.107220 0.570973 -5.041062 139 178 127 0 0.553575 0.213149 0.805060
0.220998 0.654173 -5.166217 143 179 129 0 0.738834 -0.268522 0.618078
-0.068423 0.302885 -4.940084 128 165 117 0 0.238684 -0.071230 0.968481
0.267931 0.423774 -5.188972 138 175 114 0 0.816432 0.182603 0.547809
0.117887 0.486351 -5.032528 143 180 130 0 0.404859 0.174334 0.897606
0.201087 0.292930 -5.078039 149 171 123 0 0.646023 0.095219 0.757356
0.143487 0.401018 -5.036795 141 173 128 0 0.562918 0.040508 0.825520
-0.182201 0.505551 -4.844796 106 123 81 0 0.593578 0.644023 0.482597
0.129265 0.721017 -5.113595 127 164 115 0 0.364239 0.364239 0.857123
0.132109 0.688306 -5.104351 141 178 127 0 0.521798 0.165013 0.836958
0.034687 0.046175 -4.981328 127 163 114 0 0.270292 0.175214 0.946701
-0.122468 0.442263 -4.897418 140 178 121 0 0.513995 -0.071819 0.854781
-0.143801 0.065375 -4.944351 102 140 79 0 0.158448 -0.143476 0.976887
0.115754 0.145730 -5.017595 137 173 118 0 0.364269 -0.246287 0.898137
0.326242 0.385374 -5.242306 141 179 120 0 0.666092 0.189213 0.721471
0.366775 0.436574 -5.291372 140 179 120 0 0.332420 0.323395 0.885953
0.369620 0.455774 -5.302750 138 164 123 0 0.231203 0.460894 0.856809
0.022598 0.762262 -5.068084 134 171 119 0 0.164622 0.505730 0.846839
0.142776 0.181286 -5.030395 138 171 123 0 0.435888 -0.308690 0.845406
0.373886 0.381107 -5.316261 30 43 13 0 0.848093 0.173777 -0.500539
0.090865 0.774350 -5.126395 124 162 99 0 0.418850 0.839269 0.346689
0.195398 0.351241 -5.078039 143 183 125 0 0.707312 0.143272 0.692231
-0.224867 0.192663 -4.876796 106 147 31 0 -0.014760 0.481712 -0.876205
0.185442 0.329907 -5.065239 143 182 128 0 0.702041 0.046993 0.710585
0.059576 0.051153 -4.991995 133 165 120 0 0.437510 0.142011 0.887929
0.325531 0.157108 -5.192528 142 180 118 0 0.809391 0.166683 0.563120
0.075932 0.455062 -4.999817 148 183 135 0 0.346482 0.016499 0.937912
-0.182201 0.459329 -4.851196 151 187 129 0 0.252461 -0.569212 0.782471
0.340464 0.403152 -5.260083 145 181 126 0 0.610777 0.222242 0.759974
0.252287 0.408840 -5.163373 139 177 118 0 0.768089 0.174911 0.615992
0.115043 0.440129 -5.019017 139 172 127 0 0.584938 0.070078 0.808045
0.361086 0.172041 -5.246572 141 179 119 0 0.703583 0.230349 0.672243
0.033976 0.590884 -5.001240 121 157 109 0 0.525302 0.303120 0.795095
-0.192156 0.441551 -4.850484 144 180 122 0 0.316071 -0.374094 0.871868
-0.224867 0.336307 -4.898840 119 155 91 0 0.205372 -0.524841 0.826054
-0.100423 0.189819 -4.935818 130 166 111 0 0.302950 0.001227 0.953006
0.181176 0.192663 -5.057417 131 164 112 0 0.766875 0.015310 0.641614
0.007665 0.731684 -5.037506 134 161 120 0 0.261585 0.412791 0.872455
-0.053490 0.574529 -4.964973 128 165 112 0 0.270423 0.231191 0.934571
0.166242 0.425196 -5.059551 136 171 119 0 0.538598 0.314848 0.781526
-0.030735 0.287952 -4.950040 127 163 114 0 0.331884 -0.072149 0.940557
0.162687 0.276574 -5.043906 141 162 112 0 0.920544 0.040825 0.388499
0.171931 0.396040 -5.060973 140 180 123 0 0.690812 0.038300 0.722019
0.226687 0.358352 -5.115017 152 170 120 0 0.759955 0.175140 0.625935
0.249442 0.268041 -5.126395 142 178 122 0 0.702041 0.046993 0.710585
-0.117490 0.143597 -4.932262 126 161 110 0 0.278718 -0.222695 0.934197
0.213176 0.074619 -5.072350 94 130 28 0 -0.522104 -0.532177 -0.666480
0.283575 0.074619 -5.127106 134 172 121 0 0.696825 0.142977 0.702846
0.159842 0.046175 -5.027551 86 120 68 0 -0.222994 0.403161 0.887544
-0.137401 0.647773 -4.977773 82 116 55 0 0.104367 0.928458 0.356474
-0.151623 0.513373 -4.890306 137 174 117 0 0.683379 0.189742 0.704976
-0.186468 0.516218 -4.869685 40 55 15 0 -0.229185 -0.429909 -0.873300
-0.115357 0.396752 -4.905240 129 166 111 0 0.387615 -0.183000 0.903474
0.228820 0.484929 -5.173328 150 181 131 0 0.828693 0.248454 0.501537
0.282864 0.285819 -5.164794 138 174 114 0 0.736314 0.126951 0.664624
-0.058468 0.489196 -4.932973 135 169 124 0 0.403542 0.284764 0.869519
0.151309 0.468574 -5.055995 138 177 123 0 0.684094 0.206314 0.699607
0.179042 0.049019 -5.028973 91 98 65 0 -0.679474 -0.538546 -0.498281
-0.140245 0.110175 -4.932262 111 147 93 0 0.166622 -0.274993 0.946898
-0.140957 0.676928 -4.958573 66 97 20 0 -0.309779 0.213592 -0.926507
0.236642 0.499151 -5.192528 140 178 115 0 0.830240 0.338713 0.442690
-0.059890 0.790706 -5.031106 143 178 129 0 0.387792 0.435667 0.812288
0.321975 0.408840 -5.244439 142 180 127 0 0.506900 0.450761 0.734757
-0.143801 0.079597 -4.942217 103 136 79 0 0.062558 0.024387 0.997743
-0.039268 0.196930 -4.953595 127 162 113 0 0.174561 0.007986 0.984614
0.018332 0.573818 -4.989151 135 171 125 0 0.348726 0.133701 0.927639
0.347575 0.248841 -5.257950 143 181 115 0 0.796095 0.427921 0.427921
0.023310 0.128663 -4.979195 125 161 108 0 0.308359 0.039338 0.950456
-0.145934 0.656306 -4.961418 67 99 20 0 0.924765 -0.151578 -0.349047
0.163398 0.721017 -5.127817 132 170 118 0 0.064123 -0.095623 0.993350
-0.056335 0.802795 -5.042484 146 180 130 0 0.779259 0.238931 0.579369
0.223842 0.219685 -5.096528 137 173 118 0 0.627537 0.001373 0.778585
0.080909 0.027686 -4.994840 126 164 113 0 0.449871 0.379428 0.808487
-0.011535 0.608662 -4.988440 132 167 119 0 0.530033 0.191778 0.826006
0.151309 0.730973 -5.123550 128 166 110 0 0.205273 0.151050 0.966978
0.280020 0.343418 -5.176884 141 178 120 0 0.767250 0.110449 0.631766
-0.028601 0.455062 -4.942929 131 164 120 0 0.467788 -0.175605 0.866220
0.339753 0.261641 -5.252972 141 176 116 0 0.811614 0.421015 0.405006
0.027576 0.443685 -4.970662 149 183 137 0 0.182324 -0.307585 0.933889
0.235220 0.327774 -5.118573 140 176 115 0 0.742825 0.133021 0.656137
0.088020 0.433729 -5.002662 147 178 134 0 0.244984 0.302290 0.921197
-0.138112 0.291507 -4.924440 118 152 98 0 0.206947 -0.142677 0.967893
0.202509 0.081019 -5.065239 123 155 119 0 0.532697 0.730602 0.427147
0.341886 0.354085 -5.255816 141 176 113 0 0.661331 0.006932 0.750063
-0.191445 0.391774 -4.874662 133 169 116 0 0.443362 -0.414342 0.794827
0.354686 0.286530 -5.310572 142 181 116 0 0.877161 0.164924 0.450986
0.079487 0.079597 -5.002662 132 155 115 0 0.519994 0.048533 0.852790
0.219576 0.478529 -5.152706 135 172 108 0 0.839567 0.174475 0.514477
0.125709 0.143597 -5.023995 131 168 118 0 0.642958 -0.229963 0.730563
0.210331 0.110175 -5.079462 142 163 122 0 0.665308 0.047013 0.745088
0.161265 0.481373 -5.068795 145 185 127 0 0.792156 0.088339 0.603892
0.039665 0.260930 -4.977062 136 172 122 0 0.315572 -0.119515 0.941345
-0.064157 0.884572 -5.102928 89 103 27 0 -0.358305 -0.692069 -0.626625
0.277887 0.309285 -5.166217 136 173 116 0 0.728106 0.070929 0.681785
0.284998 0.132219 -5.143461 134 165 116 0 0.618395 0.198935 0.760271
0.024732 0.382529 -4.964973 137 173 121 0 0.512919 0.001339 0.858436
0.361797 0.309996 -5.321239 140 179 114 0 -0.768015 0.484290 -0.419066
0.165531 0.489907 -5.077328 138 175 121 0 0.800924 0.151203 0.579360
0.233087 0.146441 -5.099373 138 166 119 0 0.599711 0.119353 0.791265
-0.020068 0.536840 -4.962840 130 166 119 0 0.261603 0.275898 0.924902
0.280020 0.378974 -5.188972 143 182 124 0 0.762427 0.284915 0.580972
-0.022913 0.243863 -4.955729 124 160 112 0 0.300330 -0.136024 0.944087
0.161265 0.754439 -5.134928 113 126 97 0 0.214608 -0.588241 0.779690
0.363220 0.291507 -5.341861 149 190 131 0 0.978622 -0.015236 -0.205100
0.229531 0.528307 -5.198217 144 182 127 0 0.869519 0.403542 0.284764
-0.190023 0.118708 -4.905240 137 173 114 0 0.569655 -0.411143 0.711656
0.240909 0.532573 -5.277861 103 141 26 0 0.094688 0.334741 -0.937541
0.097976 0.275152 -5.000528 138 168 125 0 0.355681 0.016573 0.934460
-0.027179 0.209730 -4.957862 124 155 107 0 0.443506 -0.009212 0.896224
0.043221 0.322085 -4.971373 135 172 121 0 0.671016 -0.023815 0.741060
0.358242 0.319952 -5.336172 156 192 130 0 0.725374 -0.616005 0.307198
0.059576 0.666262 -5.041062 140 177 127 0 0.457460 0.340325 0.821529
0.013354 0.118708 -4.976351 134 169 113 0 0.197293 -0.133650 0.971192
-0.006557 0.765817 -5.059551 135 177 127 0 0.624702 -0.219658 -0.749331
-0.058468 0.393907 -4.930840 130 166 118 0 0.476858 -0.252995 0.841784
-0.100423 0.296485 -4.930840 123 160 109 0 0.268202 0.001203 0.963362
0.230953 0.445818 -5.153417 139 169 119 0 0.700932 0.444534 0.557749
-0.034290 0.833372 -5.079462 140 172 125 0 0.419923 0.403956 0.812702
0.069532 0.245285 -4.988440 131 164 116 0 0.332485 -0.086102 0.939170
0.127131 0.322796 -5.014040 180 151 127 0 0.125472 -0.111133 0.985853
0.356109 0.427329 -5.282128 140 172 123 0 0.577934 0.119116 0.807343
0.166242 0.186263 -5.041062 206 140 138 0 0.788705 0.458323 0.409738
0.356820 0.140752 -5.230217 143 181 119 0 0.802143 0.253882 0.540473
-0.020779 0.072486 -4.969240 103 133 79 0 -0.078922 -0.063360 0.994865
-0.030024 0.112308 -4.962129 126 161 113 0 0.484905 -0.134615 0.864145
0.324820 0.334174 -5.230217 136 175 114 0 0.863837 0.056850 0.500554
-0.030735 0.489907 -4.948617 139 175 127 0 0.592751 -0.032078 0.804747
0.298509 0.444396 -5.241594 147 182 129 0 0.704761 0.419540 0.572100
-0.106823 0.344129 -4.924440 127 163 110 0 0.412547 -0.190967 0.890694
0.078776 0.385374 -4.991284 134 170 121 0 0.457500 -0.188034 0.869101
0.382420 0.186263 -5.275016 146 184 126 0 0.609366 0.420081 0.672462
-0.025757 0.260930 -4.952173 129 164 111 0 0.276908 -0.070184 0.958330
0.191131 0.083153 -5.048884 154 117 110 0 0.236780 0.751109 0.616255
0.117176 0.179863 -5.016884 131 167 119 0 0.474335 -0.062231 0.878142
0.261531 0.451507 -5.193239 147 185 128 0 0.786349 0.372991 0.492477
-0.144512 0.373285 -4.902395 126 163 109 0 0.414135 -0.366895 0.832994
0.271487 0.250263 -5.145595 136 175 118 0 0.771307 0.110608 0.626779
0.233087 0.216130 -5.104351 136 172 122 0 0.656920 0.079758 0.749730
-0.059179 0.597995 -4.967106 124 160 107 0 0.319055 0.134410 0.938157
0.111487 0.283685 -5.008351 139 175 128 0 0.562444 -0.140982 0.814728
-0.094735 0.307152 -4.932262 118 153 103 0 0.346709 -0.103878 0.932203
-0.083357 0.282263 -4.937240 124 161 108 0 0.212622 -0.070055 0.974620
-0.020068 0.295063 -4.953595 136 171 119 0 0.371528 -0.054209 0.926838
-0.199979 0.213285 -4.903818 125 160 107 0 0.408550 0.101099 0.907120
-0.122468 0.184841 -4.928707 125 161 109 0 0.324143 -0.102712 0.940416
0.346153 0.376840 -5.261506 148 186 123 0 0.738398 -0.015354 0.674190
-0.133134 0.034797 -4.947906 99 135 70 0 -0.199225 0.293961 0.934824
0.060998 0.007064 -4.984884 123 157 109 0 0.578659 0.001362 0.815569
0.281442 0.179152 -5.146306 152 162 123 0 0.743704 0.120240 0.657607
-0.074112 0.572395 -4.955729 125 162 110 0 0.512178 0.277234 0.812906
0.142776 0.093819 -5.048173 100 110 20 0 0.323201 0.664267 -0.674011
-0.166557 0.117286 -4.923018 125 158 105 0 0.254721 -0.545385 0.798544
0.238064 0.548218 -5.240172 152 195 150 0 0.686364 0.472606 0.552765
-0.221312 0.183419 -4.883195 132 155 110 0 -0.158447 0.040479 0.986537
0.376020 0.365463 -5.319105 144 180 121 0 0.777537 -0.505965 0.373412
-0.071979 0.257374 -4.942217 122 158 110 0 0.215268 -0.118461 0.969343
0.135665 0.297907 -5.019729 222 158 156 0 0.443506 -0.009212 0.896224
-0.136690 0.010619 -4.936529 52 68 21 0 0.719012 0.577513 -0.386654
-0.138823 0.432307 -4.890306 130 168 115 0 0.403542 -0.284764 0.869519
0.292109 0.252396 -5.171195 139 175 114 0 0.799824 0.125666 0.586932
-0.185045 0.486351 -4.838396 123 134 109 0 0.807678 0.046515 0.587786
0.001265 0.204752 -4.966395 125 156 112 0 0.253188 -0.149792 0.955750
-0.038557 0.046886 -4.955729 124 162 113 0 0.505296 0.174394 0.845141
0.065976 0.142175 -4.994129 135 172 124 0 0.388054 -0.046355 0.920470
0.344020 0.084575 -5.185417 60 69 56 0 0.559732 0.495859 0.663946
-0.037846 -0.022803 -4.936529 139 153 125 0 0.356474 -0.104367 0.928458
-0.103979 0.058264 -4.948617 108 145 88 0 0.054756 -0.393973 0.917490
-0.212779 0.252396 -4.915906 96 134 63 0 -0.007836 0.151127 0.988483
-0.008690 0.134352 -4.967106 124 160 106 0 0.428263 -0.063900 0.901392
-0.099712 0.602262 -4.955729 127 161 111 0 0.411385 0.395502 0.821182
0.036110 0.672662 -5.027551 143 168 129 0 0.735627 0.339395 0.586228
0.033265 0.216841 -4.977773 147 158 122 0 0.418926 -0.172499 0.891485
0.060998 0.573107 -5.010484 173 174 142 0 0.048017 0.048017 0.997692
0.074509 0.279419 -4.989151 164 153 135 0 0.301106 -0.023739 0.953295
-0.000868 -0.017825 -4.958573 69 78 45 0 0.394799 -0.909021 0.133473
0.252998 0.505551 -5.226661 147 185 130 0 0.784369 0.427099 0.449835
-0.167268 0.471418 -4.866840 144 179 122 0 0.899819 -0.095666 0.425646
-0.077668 0.368307 -4.925151 125 160 109 0 -0.078215 -0.127246 0.988783
0.290686 0.374707 -5.198928 143 182 122 0 0.682071 0.237858 0.691522
0.362508 0.105197 -5.225239 136 172 111 0 0.863920 0.166308 0.475377
-0.111801 0.073908 -4.945773 115 152 91 0 0.000985 0.008867 0.999960
0.024021 0.709639 -5.041773 124 163 119 0 0.666070 0.420239 0.616239
0.102954 0.772217 -5.133506 120 156 94 0 0.254805 0.634637 0.729596
0.083754 0.369729 -4.994129 136 173 120 0 0.514490 0.040001 0.856563
-0.146645 0.032664 -4.952884 113 150 80 0 0.189696 -0.914250 0.357998
0.054598 0.510529 -4.995551 141 177 128 0 0.418076 0.238258 0.876610
-0.112512 0.693995 -4.979195 127 163 101 0 0.001215 0.285453 0.958392
-0.038557 0.774350 -5.046040 142 176 124 0 0.552377 0.458923 0.695895
0.038243 0.169908 -4.980618 127 161 113 0 0.356948 -0.040238 0.933257
0.059576 0.280841 -4.983462 138 148 114 0 0.541019 -0.118120 0.832674
0.304198 0.135063 -5.163373 139 173 119 0 0.768514 0.135796 0.625257
0.209620 0.453640 -5.123550 137 175 116 0 0.806913 0.315473 0.499367
-0.178645 0.154263 -4.904529 138 171 116 0 0.095837 -0.166199 0.981424
0.044643 0.697551 -5.049595 141 170 127 0 0.531506 0.246383 0.810430
0.107931 0.611506 -5.055995 142 182 128 0 0.642840 0.315753 0.697895
-0.133846 0.707506 -4.952173 86 110 21 0 0.577616 -0.745885 0.331684
-0.062735 0.243863 -4.945062 118 155 108 0 0.254725 -0.213418 0.943169
-0.199979 0.140752 -4.889596 140 174 120 0 0.779942 -0.079586 0.620770
-0.019357 0.401729 -4.945773 134 171 122 0 0.188955 -0.015070 0.981870
-0.052068 0.118708 -4.954307 128 164 110 0 0.253588 -0.048244 0.966109
-0.038557 0.595151 -4.969951 132 169 120 0 0.150626 0.262596 0.953077
0.110776 0.120130 -5.019017 133 170 122 0 0.552091 -0.102883 0.827412
-0.157312 0.260219 -4.923018 115 151 95 0 0.086654 -0.070899 0.993712
0.206776 0.627151 -5.151995 142 177 124 0 0.801930 -0.064097 0.593969
0.006954 0.748039 -5.047462 129 159 117 0 0.641007 0.657570 0.395867
0.095843 0.720306 -5.092261 141 179 124 0 0.468140 0.595662 0.652711
0.241620 0.280841 -5.117150 136 172 114 0 0.737059 0.032414 0.675050
-0.241934 0.346263 -4.876796 83 85 75 0 0.342700 -0.897548 0.277424
-0.071979 0.765817 -5.010484 136 175 123 0 0.735772 0.166044 0.656558
-0.047801 0.141463 -4.954307 128 164 110 0 0.371222 -0.110956 0.921891
0.214598 0.574529 -5.173328 130 164 106 0 0.951115 0.001230 0.308835
-0.190734 0.130086 -4.900973 140 175 119 0 0.607935 -0.141901 0.781204
0.235220 0.680484 -5.168350 154 188 136 0 0.569734 -0.109284 0.814530
0.380286 0.159952 -5.271461 143 179 116 0 0.816260 -0.229045 0.530338
-0.135268 0.155686 -4.925862 118 154 105 0 0.262596 -0.150626 0.953077
-0.040690 0.093108 -4.959284 127 161 116 0 0.031710 -0.015344 0.999379
-0.180068 0.287241 -4.918751 106 142 82 0 -0.024387 -0.062558 0.997743
-0.057757 0.084575 -4.954307 121 156 107 0 0.418297 0.009122 0.908265
0.063132 0.162797 -4.991995 133 168 119 0 0.389393 -0.024744 0.920739
-0.192868 0.220397 -4.909507 124 161 103 0 0.198040 0.206014 0.958300
-0.019357 0.774350 -5.051728 144 176 125 0 0.102084 0.521921 0.846863
-0.130290 0.091686 -4.941506 107 143 88 0 0.270079 -0.293188 0.917114
0.043932 0.555329 -4.996973 133 171 123 0 0.578325 0.252332 0.775802
0.090865 0.322796 -4.994840 139 174 129 0 0.506798 0.039830 0.861144
0.128554 0.180574 -5.023284 135 171 123 0 0.466469 -0.159389 0.870059
0.288553 0.307863 -5.179728 132 171 111 0 0.782789 0.158368 0.601798
0.312020 0.188397 -5.185417 137 173 115 0 0.799385 0.094301 0.593373
0.258687 0.248841 -5.132795 141 178 120 0 0.577731 0.109696 0.808823
-0.162290 0.329907 -4.912351 124 157 108 0 0.150342 -0.118562 0.981499
0.102243 0.644217 -5.066662 144 182 130 0 0.723183 0.230603 0.651021
0.021887 0.051153 -4.976351 127 162 114 0 0.300370 0.054961 0.952238
0.205353 0.546084 -5.147728 138 175 116 0 0.849884 0.111105 0.515125
0.215309 0.612929 -5.218128 152 187 129 0 0.962429 0.072087 0.261791
0.179754 0.063241 -5.048884 65 75 29 0 0.841462 -0.349434 -0.412113
0.226687 0.260219 -5.101506 134 172 115 0 0.695890 -0.006945 0.718114
0.096554 0.241730 -5.000528 125 158 109 0 0.379857 -0.333720 0.862751
0.069532 0.691862 -5.063106 140 178 125 0 0.372733 0.619033 0.691280
0.186865 0.137197 -5.070217 136 169 121 0 0.671556 -0.172861 0.720508
0.051043 0.268752 -4.980618 135 169 123 0 0.141896 -0.167010 0.975691
0.184731 0.301463 -5.063817 149 180 126 0 0.678689 0.110897 0.726005
0.161265 0.056841 -5.031817 83 118 70 0 0.254721 0.379847 0.889288
-0.147357 0.143597 -4.920173 129 163 111 0 0.378486 0.046157 0.924455
0.311309 0.209019 -5.190394 133 171 110 0 0.824833 0.166164 0.540408
-0.091179 0.159952 -4.939373 125 162 109 0 0.228974 0.001174 0.973432
-0.097579 0.483507 -4.913773 132 169 119 0 0.417602 -0.030492 0.908118
0.229531 0.658440 -5.172617 144 181 133 0 0.595612 -0.317982 0.737654
0.365353 0.125108 -5.240883 140 176 113 0 0.870070 0.127994 0.476022
0.351131 0.260930 -5.273594 140 178 118 0 0.833608 0.317490 0.451994
0.311309 0.283685 -5.202484 139 176 116 0 0.826809 0.127766 0.547779
-0.035001 0.872483 -5.109328 135 164 120 0 0.126746 0.729163 0.672500
-0.028601 0.579507 -4.970662 130 166 116 0 0.355205 0.174065 0.918439
0.220287 0.629995 -5.173328 148 183 131 0 0.809765 -0.445610 0.381723
0.239487 0.391063 -5.142039 141 176 123 0 0.830457 0.143080 0.538396
-0.074112 0.868928 -5.081595 41 47 20 0 -0.261269 -0.612794 -0.745803
-0.062735 0.371152 -4.929418 132 160 117 0 0.562616 -0.054993 0.824888
0.097265 0.500573 -5.017595 137 173 127 0 0.539479 0.048790 0.840584
0.337620 0.295063 -5.256528 135 166 105 0 0.886318 -0.070518 0.457677
0.285709 0.426618 -5.211728 139 179 129 0 0.759032 0.229112 0.609408
0.096554 0.309996 -4.997684 134 171 123 0 0.491413 -0.110317 0.863912
-0.050646 0.170619 -4.950040 129 164 114 0 0.388089 -0.079781 0.918162
-0.094023 0.217552 -4.938662 125 160 110 0 0.323767 0.085897 0.942229
0.335486 0.386796 -5.251550 143 182 124 0 0.770140 0.104152 0.629314
0.123576 0.553907 -5.046751 139 179 127 0 0.673931 0.189688 0.714028
0.033976 0.124397 -4.983462 129 165 113 0 0.357330 -0.095738 0.929058
-0.201401 0.129375 -4.889596 141 176 116 0 0.724605 -0.199305 0.659715
0.196820 0.625729 -5.142039 143 180 128 0 0.722131 0.001381 0.691755
0.205353 0.573107 -5.152706 140 177 116 0 0.913257 0.054983 0.403657
0.221709 0.556040 -5.191106 139 173 113 0 0.971046 0.165040 0.172716
-0.038557 0.450796 -4.937240 131 166 124 0 0.394455 -0.046485 0.917739
-0.151623 0.236041 -4.923729 120 149 102 0 0.323098 0.111275 0.939801
-0.040690 0.799239 -5.051728 141 175 125 0 0.792213 0.238131 0.561864
0.172642 0.364041 -5.057417 143 180 124 0 0.657172 0.149563 0.738752
0.215309 0.255952 -5.090839 134 172 114 0 0.730182 0.001380 0.683251
0.065265 0.674084 -5.048884 138 176 125 0 0.434545 0.577728 0.690943
0.219576 0.093819 -5.084439 119 156 110 0 0.405070 0.246630 0.880393
0.336197 0.364041 -5.249417 148 184 121 0 0.793488 0.125599 0.595485
0.361086 0.342707 -5.337594 137 172 104 0 0.974620 -0.212622 0.070055
-0.049935 0.531151 -4.952884 130 166 121 0 0.370268 0.229771 0.900059
-0.133846 0.732395 -4.950751 78 98 32 0 0.063585 0.317923 -0.945982
-0.170823 0.403152 -4.882484 137 175 119 0 0.429929 -0.348038 0.833085
-0.015801 0.167063 -4.962129 123 158 114 0 0.308819 -0.055101 0.949523
0.189709 0.205463 -5.066662 139 171 117 0 0.785764 -0.032215 0.617686
-0.148779 0.186974 -4.920173 129 164 113 0 -0.032560 -0.126870 0.991385
0.260109 0.191241 -5.127817 136 173 119 0 0.775341 0.104063 0.622911
-0.087623 0.459329 -4.915195 140 176 124 0 0.269986 0.269986 0.924238
0.171220 0.653462 -5.120706 141 179 126 0 0.442446 0.064381 0.894481
-0.013668 0.761550 -5.048884 148 179 131 0 0.390312 0.490724 0.779004
0.353975 0.283685 -5.299194 139 176 112 0 0.959902 0.072469 0.270807
0.028287 0.823417 -5.111462 139 174 120 0 0.095293 0.719831 0.687578
0.193265 0.092397 -5.066662 112 124 77 0 0.814564 -0.046426 0.578214
0.162687 0.440840 -5.059551 140 179 126 0 0.702041 0.046993 0.710585
0.028287 0.615773 -5.009773 128 166 117 0 0.577572 0.197631 0.792056
0.169087 0.088130 -5.068795 75 69 6 0 0.843918 0.031664 -0.535537
-0.147357 0.625729 -4.950040 112 149 90 0 0.310354 0.603019 0.734880
0.319131 0.228219 -5.203906 137 174 115 0 0.784732 0.040857 0.618487
0.075220 0.654173 -5.046040 134 175 126 0 0.538750 0.475368 0.695538
0.082332 0.130797 -5.002662 135 173 123 0 0.372531 0.070767 0.925318
0.143487 0.435151 -5.038929 146 185 132 0 0.601387 0.023611 0.798609
0.107931 0.011331 -5.006217 140 164 128 0 0.465791 0.022820 0.884600
0.403753 0.427329 -5.292794 63 58 50 0 -0.277241 0.046416 0.959679
0.112909 0.552484 -5.040350 135 171 125 0 0.473931 0.150200 0.867658
0.050332 0.031953 -4.985595 129 163 112 0 0.348898 0.221499 0.910609
0.211753 0.302885 -5.087284 134 164 113 0 0.697128 -0.086228 0.711743
0.310598 0.258796 -5.196795 144 169 117 0 0.839965 0.054689 0.539877
0.362508 0.283685 -5.361061 117 117 95 0 -0.412545 -0.848441 -0.331593
0.011932 0.373285 -4.957862 133 170 123 0 0.508401 -0.086386 0.856776
0.019754 0.106619 -4.977773 129 164 113 0 0.324658 0.080179 0.942427
0.331220 0.188397 -5.211728 139 175 114 0 0.808921 0.134574 0.572308
-0.214201 0.102352 -4.893151 60 65 45 0 0.554792 -0.678824 0.481044
-0.077668 0.728839 -4.994129 141 178 125 0 0.457677 0.070518 0.886318
0.230242 0.642084 -5.215283 92 115 53 0 0.366765 0.911917 0.184096
0.252287 0.472840 -5.198928 146 185 130 0 0.723869 0.357849 0.589880
0.227398 0.424485 -5.137773 147 172 117 0 0.826957 0.149951 0.541902
0.083754 0.355507 -4.992706 136 169 122 0 0.467664 0.064838 0.881525
0.001265 0.704662 -5.027551 130 166 117 0 0.641007 0.395867 0.657570
-0.037846 0.479240 -4.941506 126 160 111 0 0.521435 0.174808 0.835193
0.287842 0.272307 -5.168350 135 175 115 0 0.813603 0.063896 0.577899
0.394508 0.384663 -5.314838 137 173 113 0 0.206743 -0.846591 0.490449
0.152020 0.182708 -5.036795 158 170 128 0 0.355725 -0.078606 0.931279
0.028287 0.295774 -4.969951 140 154 117 0 0.293883 -0.150327 0.943946
0.294953 0.415951 -5.222394 143 175 125 0 0.786712 0.135332 0.602303
0.312731 0.396752 -5.231639 147 185 129 0 0.702669 0.206302 0.680953
0.117176 0.465729 -5.023284 158 167 132 0 0.815855 -0.189206 0.546426
-0.243356 0.295063 -4.905240 73 107 22 0 0.695215 0.182628 -0.695215
0.190420 0.387507 -5.079462 143 180 125 0 0.729158 0.220153 0.647967
-0.138112 0.663417 -4.951462 66 97 18 0 -0.300640 -0.641473 -0.705781
-0.075535 0.910883 -5.122128 106 101 52 0 -0.255047 -0.459695 -0.850665
0.174065 0.383952 -5.061684 137 177 122 0 0.713960 0.070962 0.696582
0.389531 0.135775 -5.286394 132 164 104 0 0.793139 0.231267 0.563424
0.201798 0.605106 -5.150572 138 174 118 0 0.806656 0.088025 0.584429
-0.015801 0.051864 -4.965684 118 152 103 0 0.348259 0.109763 0.930950
-0.241223 0.262352 -4.912351 85 120 31 0 0.522524 -0.238912 -0.818468
-0.099001 0.681195 -4.979195 126 165 102 0 0.063750 -0.135614 0.988709
0.140643 0.725995 -5.120706 125 163 111 0 0.324022 0.482082 0.814007
-0.133134 0.660573 -4.979907 71 110 40 0 -0.482179 0.260346 0.836495
0.106509 0.271596 -5.006928 138 167 123 0 0.373211 0.032510 0.927177
0.192553 0.424485 -5.090839 142 180 121 0 0.760638 0.246227 0.600668
0.014065 0.721728 -5.036084 134 160 121 0 0.421758 0.547459 0.722778
0.294242 0.283685 -5.181150 138 176 115 0 0.817766 0.118496 0.563220
0.373886 0.218974 -5.284261 143 183 127 0 0.735954 0.213162 0.642599
-0.019357 0.317818 -4.950040 123 151 103 0 0.080393 -0.166785 0.982710
-0.010824 0.014886 -4.965684 81 116 15 0 -0.299735 -0.451931 -0.840189
0.060287 0.758706 -5.094395 137 176 124 0 0.268769 0.656815 0.704526
0.095132 0.189108 -5.006217 135 172 122 0 0.365037 0.149651 0.918887
0.148465 0.567418 -5.078039 145 179 126 0 0.735107 0.101648 0.670288
0.115043 0.477107 -5.026840 140 175 129 0 0.667629 0.255317 0.699346
-0.041401 0.272307 -4.947196 127 159 110 0 0.268977 -0.102653 0.957661
-0.012246 0.687595 -5.022573 135 166 125 0 -0.902841 -0.426379 -0.055497
0.033976 0.542529 -4.988440 135 170 126 0 0.397201 0.158026 0.904024
0.159842 0.034797 -5.043906 53 77 8 0 0.781594 -0.608899 -0.135476
0.389531 0.172752 -5.279994 140 175 116 0 0.642023 -0.104310 0.759556
-0.070557 0.444396 -4.923729 140 179 126 0 0.254023 0.001193 0.967197
-0.038557 0.390352 -4.939373 131 168 119 0 0.245446 -0.048102 0.968216
-0.165845 0.541818 -4.895996 136 171 118 0 0.458537 0.387745 0.799624
0.024021 0.261641 -4.970662 124 160 111 0 0.325107 -0.047545 0.944481
-0.005135 0.213997 -4.964262 132 155 115 0 0.157575 0.014737 0.987397
0.065976 -0.002892 -4.984173 101 112 76 0 0.358561 0.405534 0.840818
-0.048512 0.060397 -4.955018 111 147 97 0 0.291258 0.001219 0.956644
0.337620 0.239596 -5.233772 137 177 115 0 0.906517 0.182453 0.380708
0.208909 0.243152 -5.084439 140 179 125 0 0.674266 0.047042 0.736989
0.028287 0.665551 -5.022573 115 145 102 0 -0.736439 0.070895 0.672779
-0.071979 0.211152 -4.945062 124 161 113 0 0.237101 0.111502 0.965065
0.329797 0.290085 -5.238750 135 163 106 0 0.938856 0.086316 0.333314
0.031132 0.002797 -4.969951 115 148 99 0 0.572385 0.525108 0.629792
0.371753 0.255241 -5.337594 114 124 39 0 0.445610 -0.809765 -0.381723
0.102243 0.387507 -5.004084 142 175 128 0 0.515125 0.111105 0.849884
-0.007268 0.596573 -4.986306 135 171 124 0 0.521539 0.198034 0.829927
0.344731 0.177019 -5.226661 141 178 120 0 0.783358 0.262166 0.563578
-0.042112 0.697551 -5.006928 129 162 114 0 0.380177 0.198039 0.903463
0.237353 0.425907 -5.152706 140 176 123 0 0.734478 0.268092 0.623433
0.301353 0.294352 -5.192528 135 173 114 0 0.776149 0.158244 0.610370
-0.022201 0.000664 -4.955729 78 110 9 0 -0.165732 0.070346 -0.983659
0.176198 0.075330 -5.038217 59 80 33 0 -0.601798 0.158368 0.782789
-0.136690 0.193374 -4.926573 125 161 106 0 0.221950 0.047301 0.973910
0.329797 0.307152 -5.235906 138 172 109 0 0.841684 -0.158278 0.516252
0.356820 0.109464 -5.215283 141 180 120 0 0.848014 0.213137 0.485227
0.100109 0.026975 -5.005506 128 164 115 0 0.436358 0.212967 0.874206
0.206065 0.125108 -5.077328 121 141 102 0 0.252457 0.331259 0.909138
0.079487 0.602262 -5.030395 144 181 133 0 0.433403 0.166693 0.885650
0.308464 0.331330 -5.206750 139 176 118 0 0.794566 0.151132 0.588068
0.056732 0.686884 -5.053151 146 186 134 0 0.509403 0.563202 0.650624
-0.112512 0.509107 -4.913062 138 174 117 0 0.420448 0.181855 0.888905
-0.030024 0.657728 -4.997684 128 165 112 0 0.126466 0.246413 0.960878
-0.138823 0.132930 -4.925862 120 146 99 0 0.332118 -0.135307 0.933483
0.267931 0.227508 -5.139906 136 173 117 0 0.729201 0.159181 0.665528
0.148465 0.312841 -5.031106 135 170 121 0 0.713960 -0.070962 0.696582
-0.081935 0.698262 -4.986306 127 165 117 0 0.230174 0.486261 0.842954
0.304909 0.495596 -5.287106 142 178 121 0 0.435924 0.643030 0.629668
-0.240512 0.199063 -4.883195 77 91 27 0 0.102716 -0.545407 -0.831854
-0.131712 0.532573 -4.911640 137 171 112 0 0.505965 0.373412 0.777537
0.144198 0.036930 -5.021862 102 139 91 0 0.237908 0.268878 0.933330
-0.165845 0.029819 -4.945062 78 104 31 0 0.564349 0.160173 -0.809848
0.331931 0.093108 -5.188972 42 43 38 0 0.752462 -0.554189 0.355916
-0.069846 0.838350 -5.055995 107 123 57 0 0.189688 -0.673931 -0.714028
0.310598 0.154263 -5.174750 139 176 117 0 0.760638 0.246227 0.600668
0.375308 0.141463 -5.259372 139 177 112 0 0.799631 0.167154 0.576758
0.284998 0.331330 -5.179017 139 175 118 0 0.745984 0.222705 0.627623
0.091576 0.126530 -5.006928 136 173 121 0 0.428262 -0.198678 0.881543
0.199665 0.221108 -5.073773 138 170 118 0 0.749124 -0.038235 0.661325
-0.049224 0.210441 -4.952173 122 155 110 0 0.221231 0.070448 0.972674
-0.236956 0.237463 -4.913062 94 131 60 0 0.006888 0.610295 0.792144
-0.146645 0.209730 -4.922307 125 160 110 0 0.322963 -0.016337 0.946270
-0.130290 0.451507 -4.892440 140 178 123 0 0.412778 -0.149971 0.898400
0.376020 0.207597 -5.282128 140 176 117 0 0.759801 0.330699 0.559768
-0.125312 0.021997 -4.943640 92 130 64 0 -0.127097 0.222098 0.966705
0.134954 0.202619 -5.021151 150 177 134 0 0.498492 -0.190116 0.845790
0.216020 0.591595 -5.221684 141 186 125 0 -0.307133 0.897659 -0.316035
0.053887 0.106619 -4.991284 131 163 112 0 0.291085 -0.180721 0.939473
0.142065 0.603684 -5.085862 141 180 127 0 0.574440 0.520533 0.631715
-0.003713 0.263063 -4.959995 130 166 116 0 0.370461 -0.093633 0.924117
-0.214201 0.093819 -4.905951 115 147 100 0 0.347413 -0.761078 0.547782
0.051043 0.765817 -5.087995 136 172 124 0 0.697930 0.397638 0.595633
0.344020 0.282974 -5.269328 139 175 106 0 0.871255 0.001330 0.490829
-0.094735 0.570262 -4.946484 136 173 116 0 0.409833 0.362726 0.836939
0.228109 0.095952 -5.091550 126 162 115 0 0.569967 0.364191 0.736548
-0.031446 0.420929 -4.944351 141 177 122 0 0.848812 0.262472 -0.458942
-0.048512 0.817728 -5.062395 141 175 128 0 0.678474 0.507599 0.531052
-0.044957 0.669817 -4.991284 124 161 109 0 -0.085757 -0.626462 0.774720
0.373175 0.132930 -5.273594 119 120 114 0 -0.831397 -0.427530 0.354961
-0.107534 0.208308 -4.933684 119 155 101 0 0.284261 -0.015997 0.958613
-0.066290 0.896661 -5.116439 111 118 39 0 -0.484482 -0.739124 -0.467946
-0.179356 0.309996 -4.915906 112 146 82 0 0.149329 -0.244477 0.958087
-0.087623 0.239596 -4.940795 128 165 111 0 0.227927 -0.219738 0.948559
0.212465 0.620751 -5.162662 145 180 126 0 0.846591 -0.206743 0.490449
0.042509 0.376840 -4.972084 130 163 122 0 0.443248 -0.030800 0.895870
0.338331 0.278707 -5.254395 140 175 108 0 0.911072 0.001292 0.412244
0.275753 0.477818 -5.233061 148 183 125 0 0.776109 0.405138 0.483237
-0.002290 0.181997 -4.965684 119 154 105 0 0.302950 0.001227 0.953006
-0.089046 0.067508 -4.949329 110 146 92 0 0.062558 0.024387 0.997743
-0.164423 0.644217 -4.974928 69 71 60 0 -0.149345 0.752761 0.641129
-0.195712 0.554618 -4.890306 152 168 130 0 0.270364 0.523538 0.807967
-0.031446 0.435151 -4.936529 135 170 120 0 0.482082 0.324022 0.814007
0.268642 0.143597 -5.129951 135 167 119 0 0.687578 0.095293 0.719831
-0.105401 0.332752 -4.926573 126 159 109 0 0.093980 -0.071334 0.993015
0.043932 0.071064 -4.987729 123 156 111 0 0.459197 0.047691 0.887054
0.036110 0.744484 -5.064528 139 179 130 0 0.484290 0.419066 0.768015
0.366775 0.246708 -5.292083 143 180 119 0 0.748344 0.452296 0.485190
-0.054201 0.895239 -5.126395 89 90 30 0 -0.269353 -0.865887 -0.421530
0.352553 0.353374 -5.340438 127 153 74 0 0.561483 0.822839 0.087597
0.397353 0.371152 -5.331194 44 54 34 0 0.064275 -0.789869 0.609899
0.085176 0.014886 -4.994840 124 161 112 0 0.324143 0.102712 0.940416
0.092998 0.403152 -5.001240 137 170 122 0 0.603774 0.340132 0.720949
-0.099712 0.258796 -4.935818 120 156 104 0 0.157888 -0.054969 0.985926
-0.081223 0.316396 -4.935106 129 164 116 0 0.142492 -0.270335 0.952164
-0.224156 0.344841 -4.889596 127 162 99 0 0.166044 -0.735772 0.656558
0.325531 0.460751 -5.277861 145 181 126 0 0.521395 0.441945 0.729953
0.050332 0.780750 -5.095106 136 174 125 0 0.538261 0.347526 0.767790
-0.029313 0.337018 -4.945062 143 154 121 0 0.323674 -0.031733 0.945636
-0.050646 0.551773 -4.958573 119 157 106 0 0.421107 0.324765 0.846875
0.382420 0.115152 -5.276439 122 151 95 0 0.790822 0.537252 0.293191
0.249442 0.420929 -5.165506 143 181 123 0 0.752294 0.246577 0.610945
0.063843 0.436574 -4.991995 151 162 129 0 0.405070 0.246630 0.880393
-0.098290 0.103775 -4.943640 102 134 81 0 0.395677 -0.205869 0.895018
-0.131001 0.511240 -4.903107 137 173 119 0 0.499367 0.315473 0.806913
-0.214201 0.290085 -4.920173 79 113 47 0 -0.094028 -0.103315 0.990194
0.070243 0.529018 -5.006928 132 155 109 0 0.363227 0.262413 0.893983
0.349709 0.457907 -5.294217 139 169 121 0 0.465932 0.094312 0.879780
-0.175801 0.504840 -4.854751 153 187 125 0 0.907546 0.118497 0.402889
-0.025757 0.737373 -5.024706 132 168 117 0 0.546272 0.087461 0.833029
0.350420 0.358352 -5.267905 143 179 116 0 0.942026 -0.110905 0.316681
-0.106823 0.162086 -4.932973 133 170 111 0 0.356245 -0.008874 0.934350
0.218153 0.582351 -5.208172 138 181 121 0 0.904464 0.310312 0.292664
-0.006557 0.284396 -4.959284 131 167 116 0 0.341373 -0.072492 0.937128
-0.026468 0.229641 -4.958573 115 143 96 0 0.007458 -0.086305 0.996241
-0.078379 0.053997 -4.950040 115 148 98 0 0.189722 0.086905 0.977984
-0.061312 0.062530 -4.955018 118 151 105 0 0.299510 -0.101596 0.948669
-0.078379 0.012753 -4.937240 113 149 89 0 0.086156 0.492925 0.865796
0.031843 0.396040 -4.969240 137 174 127 0 0.333522 0.166063 0.928001
-0.116779 0.085997 -4.945773 105 140 84 0 0.198248 -0.039175 0.979369
-0.154468 0.078175 -4.941506 105 139 84 0 0.150063 -0.165195 0.974778
0.349709 0.315685 -5.302039 134 176 94 0 0.921138 -0.173507 0.348424
0.176909 0.052575 -5.049595 65 83 19 0 0.857884 -0.293123 -0.422036
-0.155179 0.100930 -4.932973 120 157 97 0 0.214904 -0.513637 0.830658
0.195398 0.199063 -5.073773 138 174 115 0 0.674266 -0.047042 0.736989
0.325531 0.247419 -5.218128 140 178 116 0 0.815522 0.166709 0.554195
-0.144512 0.583773 -4.927284 135 172 111 0 0.595612 0.317982 0.737654
-0.075535 0.820572 -5.028262 173 182 165 0 -0.561786 -0.323550 0.761388
0.396642 0.190530 -5.292083 149 185 125 0 0.356726 0.442341 0.822849
0.031132 0.508396 -4.982039 136 171 125 0 0.435526 0.183302 0.881316
0.112909 0.157108 -5.011195 120 156 94 0 0.151161 0.983150 -0.102789
0.250153 0.206885 -5.118573 133 170 118 0 0.657235 0.001378 0.753685
-0.153757 0.023419 -4.942217 102 144 41 0 -0.032158 -0.032158 -0.998965
0.007665 0.538262 -4.975640 140 177 128 0 0.545571 0.040258 0.837097
0.124287 0.098086 -5.026128 139 167 122 0 0.465682 -0.006634 0.884928
-0.130290 0.051153 -4.947196 104 141 77 0 -0.165311 0.001125 0.986241
-0.019357 -0.017114 -4.944351 131 163 113 0 0.420252 0.207914 0.883267
0.033265 0.329196 -4.969951 132 169 122 0 0.246407 -0.181776 0.951967
-0.002290 0.228930 -4.964973 129 165 113 0 0.404739 -0.229797 0.885088
0.366064 0.371863 -5.290661 145 182 128 0 0.916785 -0.243995 0.316183
0.319131 0.206885 -5.197505 139 177 117 0 0.602766 0.324815 0.728813
-0.114646 0.617195 -4.955729 124 158 110 0 0.063316 0.538890 0.839993
0.273620 0.442974 -5.206039 144 180 122 0 0.735561 0.378429 0.561909
-0.017935 0.113019 -4.965684 115 147 101 0 0.307922 -0.087791 0.947352
-0.202823 0.060397 -4.948617 50 57 37 0 0.173252 -0.552900 0.815037
-0.079090 0.096664 -4.947196 116 151 103 0 0.347795 0.070088 0.934947
0.366064 0.357641 -5.306305 139 174 110 0 0.268977 -0.960991 0.064403
-0.007979 0.526884 -4.969240 142 179 132 0 0.292309 0.260630 0.920124
0.313442 0.078175 -5.154839 70 84 65 0 0.397083 0.514737 0.759850
0.066687 0.361196 -4.984173 133 166 122 0 0.403657 0.054983 0.913257
0.243753 0.292219 -5.121417 139 176 117 0 0.778339 0.094919 0.620627
0.334775 0.260219 -5.240172 137 170 111 0 0.865532 0.333607 0.373578
-0.020779 0.876039 -5.120706 60 67 48 0 -0.814007 -0.324022 0.482082
0.146331 0.487062 -5.054573 142 178 123 0 0.736989 0.047042 0.674266
0.032554 0.089552 -4.982751 141 158 122 0 0.393722 0.180276 0.901379
0.220287 0.628573 -5.220261 133 159 88 0 0.925729 -0.378186 0.001273
0.088732 0.729550 -5.097950 142 177 122 0 0.435822 0.652898 0.619502
-0.010824 0.436574 -4.951462 128 163 112 0 0.308755 0.299891 0.902627
0.136376 0.101641 -5.044617 91 124 11 0 0.032443 0.698221 -0.715147
-0.027890 0.590173 -4.973506 131 169 116 0 0.370268 0.229771 0.900059
0.150598 0.253819 -5.026840 215 156 154 0 0.714665 0.255124 0.651280
0.230953 0.467151 -5.164794 142 177 127 0 0.753113 0.324145 0.572495
0.006954 0.140041 -4.973506 129 164 113 0 0.228646 0.022745 0.973244
-0.127446 0.361907 -4.911640 126 162 108 0 0.467328 -0.340595 0.815843
0.005532 0.432307 -4.958573 137 174 123 0 0.492817 0.095155 0.864915
-0.028601 0.762973 -5.051017 120 153 102 0 0.510171 0.628032 0.587623
0.216020 0.143597 -5.088706 132 168 121 0 0.510363 0.126500 0.850604
0.206776 0.086708 -5.073773 132 159 120 0 0.307000 0.539238 0.784202
0.039665 0.226797 -4.979195 129 163 116 0 0.516253 -0.031496 0.855857
0.018332 0.559595 -4.988440 140 176 130 0 0.409604 0.377974 0.830278
0.068821 0.759417 -5.100795 139 175 123 0 0.636036 0.373075 0.675480
0.211753 0.176308 -5.086573 133 170 115 0 0.618690 0.055469 0.783674
-0.153757 0.135063 -4.920884 121 156 102 0 0.381577 -0.285052 0.879286
0.172642 0.236041 -5.049595 144 182 119 0 0.595485 0.125599 0.793488
0.374597 0.381107 -5.295639 140 179 116 0 0.688914 -0.426628 0.585992
0.153442 0.266619 -5.031817 153 179 119 0 0.680732 -0.064763 0.729664
0.357531 0.329196 -5.356794 141 162 121 0 0.848441 -0.331593 -0.412545
0.362508 0.206174 -5.261506 140 178 120 0 0.780379 0.308002 0.544191
0.009798 0.814172 -5.100795 163 178 149 0 0.760442 -0.015292 0.649226
0.235220 0.691151 -5.168350 130 138 103 0 0.980432 0.126389 -0.150930
0.096554 0.068219 -5.009773 130 160 112 0 0.500145 0.031344 0.865374
0.102954 0.036930 -5.009062 118 154 108 0 0.338301 0.172660 0.925063
-0.199268 0.099508 -4.910929 117 156 96 0 0.585019 -0.618737 0.524325
0.116465 0.671240 -5.090839 149 188 133 0 0.602766 0.324815 0.728813
0.156287 0.032664 -5.026128 107 122 80 0 0.522373 -0.852716 0.001343
0.293531 0.463596 -5.247994 148 185 130 0 0.682039 0.484298 0.547977
-0.167979 0.622173 -4.931551 136 165 111 0 0.692341 0.430015 0.579441
0.361086 0.267330 -5.300616 145 182 122 0 0.872258 0.325378 0.365096
-0.046379 0.659862 -4.995551 118 151 102 0 0.276042 0.332136 0.901935
-0.187890 0.533284 -4.867551 153 175 134 0 0.490532 0.713350 0.500509
0.307753 0.359774 -5.212439 141 177 120 0 0.788893 0.214591 0.575846
0.195398 0.573818 -5.136350 142 179 119 0 0.847694 0.095777 0.521768
0.393797 0.400307 -5.298483 143 171 116 0 0.324004 -0.515533 0.793251
-0.201401 0.151419 -4.878929 53 72 21 0 0.056370 0.878541 0.474330
0.337620 0.427329 -5.265772 139 176 120 0 0.739085 0.342741 0.579898
-0.035712 0.540396 -4.959995 128 166 118 0 0.316533 0.214334 0.924050
-0.076957 0.497729 -4.927995 130 167 114 0 0.499785 0.167584 0.849783
0.353975 0.309285 -5.373861 95 132 20 0 0.854190 -0.412421 0.316653
-0.011535 0.862528 -5.117150 141 155 117 0 0.355014 0.649495 0.672399
-0.118912 0.280130 -4.927995 116 153 102 0 0.333652 -0.229657 0.914294
0.201087 0.151419 -5.075906 130 167 118 0 0.648248 -0.032342 0.760742
-0.071979 0.647773 -4.979195 129 164 108 0 0.393366 0.252771 0.883951
0.207487 0.508396 -5.143461 140 177 114 0 0.879713 0.088392 0.467216
0.023310 0.681906 -5.035373 132 164 126 0 0.676660 0.532261 0.508754
0.223131 0.468574 -5.153417 133 167 108 0 0.860936 0.220868 0.458264
0.230953 0.616484 -5.212439 112 144 91 0 0.823695 -0.475390 0.309082
-0.062024 0.607951 -4.969240 125 161 110 0 0.330546 0.433940 0.838114
0.090154 0.115152 -5.006928 135 172 118 0 0.420212 -0.046989 0.906208
0.133531 0.744484 -5.124261 136 174 115 0 0.269623 0.512750 0.815102
0.166242 0.099508 -5.058128 96 85 19 0 -0.016835 0.389796 -0.920747
0.089443 0.083864 -5.008351 155 160 127 0 0.459377 0.022768 0.887950
0.017621 0.083864 -4.977773 137 170 123 0 0.198040 0.206014 0.958300
-0.128157 0.140041 -4.928707 126 162 105 0 0.190279 -0.056246 0.980117
0.161265 0.198352 -5.035373 211 128 141 0 0.689650 -0.165942 0.704874
-0.010113 0.341996 -4.952173 130 166 116 0 0.141586 -0.047195 0.988800
-0.002290 0.049730 -4.969240 117 153 101 0 0.222098 0.127097 0.966705
-0.122468 0.098797 -4.941506 111 148 93 0 0.086905 -0.189722 0.977984
-0.038557 0.676217 -5.001240 130 166 113 0 0.577784 0.277020 0.767741
0.066687 0.725284 -5.080884 138 172 120 0 0.253153 0.365665 0.895658
0.223842 0.512662 -5.176884 134 166 106 0 0.865401 0.198104 0.460256
0.201798 0.305018 -5.080173 175 154 132 0 0.761183 0.126616 0.636057
0.175487 0.464307 -5.083017 140 180 122 0 0.765665 0.079606 0.638295
-0.100423 0.509107 -4.920884 130 166 114 0 0.412864 0.461436 0.785251
-0.033579 0.851150 -5.092261 131 159 118 0 0.512178 0.277234 0.812906
-0.020779 0.061108 -4.964973 120 154 104 0 0.316961 0.008701 0.948398
-0.071979 0.024130 -4.943640 114 148 93 0 0.343152 0.213931 0.914593
0.091576 0.443685 -5.004795 150 171 133 0 0.427218 0.141454 0.893015
-0.003001 0.817017 -5.088706 126 163 115 0 0.515728 0.135872 0.845910
0.361797 0.134352 -5.237328 145 183 119 0 0.841068 0.206870 0.499809
0.192553 0.476396 -5.107906 138 177 122 0 0.757414 0.120060 0.641801
0.198953 0.371863 -5.084439 142 181 124 0 0.635761 0.223376 0.738858
0.187576 0.228930 -5.063817 137 174 114 0 0.649520 0.006925 0.760313
0.089443 0.687595 -5.073773 145 184 127 0 0.752509 0.365690 0.547723
-0.022201 0.804928 -5.067373 134 167 120 0 0.421921 0.214662 0.880853
-0.040690 0.884572 -5.116439 136 162 117 0 0.547201 0.516894 0.658325
0.363220 0.275863 -5.315550 154 193 133 0 0.836911 0.489862 0.244163
-0.157312 0.444396 -4.872529 134 172 121 0 0.577665 0.023550 0.815934
0.289975 0.209730 -5.162662 141 159 115 0 0.767863 -0.006918 0.640577
0.122865 0.260219 -5.014750 164 162 135 0 0.497681 -0.014836 0.867233
0.142776 0.704662 -5.116439 130 168 124 0 0.516036 0.191069 0.834985
0.071665 0.632129 -5.038217 134 172 120 0 0.364350 0.286382 0.886135
0.026865 0.151419 -4.978484 131 168 119 0 0.421018 -0.025076 0.906706
0.298509 0.434440 -5.234483 146 179 125 0 0.771432 0.412627 0.484388
0.105798 0.258796 -5.006217 152 152 129 0 0.370268 -0.229771 0.900059
-0.126023 0.340574 -4.918751 127 163 113 0 0.222688 -0.365325 0.903852
0.079487 0.061819 -5.001951 131 163 120 0 0.506591 -0.031406 0.861614
0.090154 0.490618 -5.007639 179 168 147 0 0.523159 0.158578 0.837351
-0.106823 0.488485 -4.912351 135 171 113 0 0.070333 0.118759 0.990429
-0.239801 0.324930 -4.908084 91 120 62 0 -0.160173 -0.564349 0.809848
-0.192868 0.260219 -4.912351 103 136 81 0 -0.499706 -0.604022 0.620847
0.253709 0.656306 -5.198217 157 180 142 0 0.570323 -0.560169 0.600785
0.284286 0.456485 -5.229506 148 184 130 0 0.800802 0.292206 0.522812
0.346864 0.307863 -5.281416 132 169 95 0 0.998463 -0.007258 0.054952
-0.150201 0.619329 -4.942217 134 169 109 0 0.213342 0.547936 0.808858
-0.057046 0.514085 -4.940084 130 166 120 0 0.299510 0.101596 0.948669
0.377442 0.149997 -5.265061 144 182 115 0 0.858748 0.166447 0.484611
0.216731 0.368307 -5.104351 139 177 116 0 0.730311 0.111102 0.674019
0.208909 0.609373 -5.159817 141 177 122 0 0.848824 -0.077939 0.522898
0.076643 0.197641 -4.994840 125 151 106 0 0.452142 0.181151 0.873356
-0.121757 -0.002181 -4.930840 114 144 87 0 -0.149401 0.214358 0.965262
0.196109 0.489907 -5.116439 145 184 124 0 0.854712 0.166809 0.491570
0.144909 0.585195 -5.080884 147 186 134 0 0.763128 0.302371 0.571146
-0.170112 0.432307 -4.873951 137 173 121 0 0.215548 -0.533520 0.817860
0.091576 0.622884 -5.046751 145 183 135 0 0.429708 0.308707 0.848558
0.001976 0.129375 -4.972795 133 168 116 0 0.362873 0.001264 0.931838
0.005532 0.169908 -4.968529 127 162 109 0 0.283127 -0.140893 0.948677
-0.089046 0.249552 -4.937951 126 163 108 0 0.245549 -0.215370 0.945157
-0.126023 0.477107 -4.898129 140 177 123 0 0.666763 0.136349 0.732691
0.053887 0.083864 -4.991995 133 159 117 0 0.433406 -0.038913 0.900358
0.030421 0.416663 -4.971373 131 166 121 0 0.229625 0.283157 0.931179
0.348286 0.329907 -5.267905 131 159 98 0 0.884279 0.402756 0.236303
0.262242 0.529729 -5.277861 142 180 122 0 0.775716 0.570333 0.270158
-0.064868 0.273730 -4.942929 125 161 113 0 0.167272 -0.103782 0.980433
0.192553 0.401018 -5.083017 142 180 123 0 0.770140 0.104152 0.629314
0.342597 0.479951 -5.299905 144 177 124 0 0.458271 0.497977 0.736211
-0.183623 0.590884 -4.914485 49 57 41 0 0.175140 0.759955 0.625935
0.073798 0.290796 -4.989862 127 157 114 0 0.302292 -0.039209 0.952409
-0.006557 -0.010003 -4.954307 134 159 113 0 0.411772 -0.016994 0.911128
0.038243 0.299330 -4.972084 143 156 116 0 0.363791 0.070626 0.928799
-0.255445 0.297196 -4.917329 36 44 23 0 0.821529 0.457460 -0.340325
0.068821 0.563151 -5.009773 159 167 134 0 0.538910 0.206099 0.816762
0.016198 0.664128 -5.016884 131 159 116 0 -0.023882 0.686964 0.726299
-0.003001 0.456485 -4.957151 135 171 122 0 0.373730 0.024570 0.927212
-0.210645 0.185552 -4.885329 128 164 112 0 0.405138 0.483237 0.776109
-0.054912 0.637817 -4.980618 129 165 115 0 0.338406 0.317350 0.885873
-0.007979 0.657017 -5.003373 139 176 123 0 0.302264 0.435570 0.847889
0.355397 0.392485 -5.270750 146 186 123 0 0.734343 0.015328 0.678605
-0.094023 0.711773 -4.984884 142 179 126 0 0.117990 0.039330 0.992236
-0.163001 0.454351 -4.875373 30 41 27 0 -0.554953 -0.831745 0.015073
-0.032868 0.363329 -4.942929 130 166 119 0 0.292400 -0.016039 0.956161
0.105087 0.366174 -5.005506 141 175 129 0 0.587024 -0.055166 0.807688
0.233798 0.194797 -5.103639 137 175 123 0 0.501117 0.023087 0.865072
-0.014379 0.447240 -4.953595 128 164 111 0 0.842083 -0.365373 0.396735
-0.120334 0.707506 -4.978484 124 156 103 0 0.458658 -0.133715 0.878495
0.365353 0.281552 -5.343994 151 186 133 0 0.942969 0.268436 0.196853
-0.033579 0.525462 -4.958573 128 166 118 0 0.450177 0.230358 0.862714
-0.084068 0.147152 -4.942217 133 169 112 0 0.260551 -0.080072 0.962134
0.014776 0.632840 -5.006217 129 165 117 0 0.497193 -0.048204 0.866300
-0.061312 0.696839 -4.994129 133 169 118 0 0.402756 0.236303 0.884279
-0.204956 0.049730 -4.945773 44 53 24 0 0.491188 0.541481 -0.682299
0.071665 0.057553 -4.996262 127 159 114 0 0.403657 0.054983 0.913257
-0.067001 0.630706 -4.971373 119 153 103 0 0.591296 -0.198123 0.781739
-0.137401 0.620040 -4.949329 120 156 100 0 0.322962 0.641056 0.696235
0.255842 0.228930 -5.126395 134 170 116 0 0.746508 0.095330 0.658511
0.211753 0.319952 -5.090839 167 149 127 0 0.673401 0.117436 0.729890
0.365353 0.469285 -5.305594 74 74 69 0 0.608179 0.181387 0.772798
0.068109 0.778617 -5.112173 144 183 133 0 0.462354 0.565841 0.682681
0.179754 0.324930 -5.058128 141 178 120 0 0.714476 0.110943 0.690808
0.347575 0.444396 -5.284261 142 178 123 0 0.601337 0.428099 0.674630
0.146331 0.345552 -5.031817 145 177 130 0 0.490829 0.001330 0.871255
-0.099001 0.036930 -4.946484 104 137 82 0 -0.134439 0.206140 0.969243
0.162687 0.299330 -5.042484 142 176 120 0 0.686964 -0.023882 0.726299
0.077354 0.711773 -5.074484 141 177 122 0 0.331711 0.451189 0.828490
0.109354 0.207597 -5.009062 142 167 130 0 0.274993 -0.166622 0.946898
-0.250467 0.279419 -4.920884 48 61 26 0 0.660054 0.358689 -0.660054
-0.019357 0.606529 -4.982039 128 163 115 0 0.348726 0.133701 0.927639
0.253709 0.070353 -5.100795 130 167 115 0 0.635026 0.268971 0.724152
0.164820 0.547507 -5.090839 138 177 122 0 0.713960 0.070962 0.696582
-0.053490 0.782884 -5.036084 137 171 124 0 0.939409 -0.117258 0.322121
-0.227001 0.328485 -4.905240 110 150 78 0 0.229331 -0.481443 0.845943
-0.241934 0.320663 -4.885329 71 101 19 0 0.189798 0.560284 -0.806262
0.273620 0.504129 -5.257950 149 185 126 0 0.641473 0.560658 0.523617
-0.143090 0.349107 -4.911640 129 165 108 0 0.126482 -0.333204 0.934332
-0.094023 0.558884 -4.943640 128 164 110 0 0.490488 0.307541 0.815377
-0.007268 0.734528 -5.038929 134 171 120 0 0.316742 0.167362 0.933630
0.238776 0.162797 -5.105062 138 174 121 0 0.652717 -0.055702 0.755552
0.135665 0.311418 -5.018306 219 158 162 0 0.554149 0.444317 0.703919
0.105798 0.046175 -5.012618 130 164 119 0 0.331521 0.190448 0.924026
0.081620 0.462885 -5.003373 147 183 138 0 0.496764 0.119511 0.859618
0.198242 0.674795 -5.143461 135 170 126 0 0.442483 -0.136039 0.886398
0.257264 0.211863 -5.124972 138 176 120 0 0.760720 0.023816 0.648643
0.105087 0.750884 -5.118573 137 174 119 0 0.269516 0.395993 0.877810
0.157709 0.381107 -5.044617 143 181 126 0 0.760742 0.032342 0.648248
-0.022201 0.090975 -4.969240 119 143 97 0 0.007200 -0.048346 0.998805
-0.132423 -0.000758 -4.936529 38 43 21 0 0.592772 -0.442492 -0.672921
0.292109 0.495596 -5.273594 149 186 131 0 0.582369 0.606001 0.541856
0.119309 0.603684 -5.063106 143 185 132 0 0.682397 0.398202 0.613000
0.198953 0.429463 -5.101506 140 179 122 0 0.786315 0.214731 0.579309
0.220287 0.612929 -5.187550 133 171 109 0 0.940416 -0.324143 -0.102712
-0.137401 0.685462 -4.983462 64 74 47 0 -0.548846 -0.585999 0.596132
0.016198 0.470707 -4.969240 135 168 120 0 0.634748 0.365759 0.680673
0.220998 0.594440 -5.241594 144 187 130 0 0.984828 0.119045 0.126260
0.133531 0.029819 -5.017595 113 149 103 0 0.326721 0.215436 0.920240
0.262242 0.506262 -5.244439 147 186 128 0 0.749948 0.520204 0.408615
0.275753 0.289374 -5.156972 137 171 113 0 0.751711 0.189081 0.631806
0.130687 0.350529 -5.017595 164 170 138 0 0.774720 0.085757 0.626462
-0.244067 0.292219 -4.937240 43 47 26 0 -0.167526 -0.356169 0.919282
0.085887 0.540396 -5.019017 139 174 131 0 0.515568 0.291682 0.805674
0.304198 0.071064 -5.151284 61 63 58 0 0.308109 -0.940615 0.142517
0.075220 0.480662 -5.001951 134 169 121 0 0.404050 0.158479 0.900904
-0.106823 0.401729 -4.908084 125 151 106 0 0.318016 -0.158319 0.934773
0.014065 0.502707 -4.972795 136 173 128 0 0.261029 -0.015783 0.965202
-0.072690 0.179152 -4.942929 124 157 109 0 0.191268 0.001145 0.981537
-0.074112 0.638529 -4.974217 118 156 100 0 0.387615 0.183000 0.903474
-0.067712 0.098086 -4.952173 119 151 101 0 0.284258 -0.038819 0.957962
0.222420 0.393196 -5.119284 142 180 119 0 0.791071 0.261602 0.552966
0.255131 0.522618 -5.248705 148 187 131 0 0.813615 0.426788 0.394819
-0.057046 0.712484 -5.001240 138 177 121 0 0.532378 0.442819 0.721447
-0.159445 0.249552 -4.923729 120 148 102 0 0.212576 0.085776 0.973373
-0.189312 0.428751 -4.860440 146 185 126 0 0.395247 -0.315275 0.862776
0.151309 0.455062 -5.051728 139 179 123 0 0.603774 0.340132 0.720949
-0.054912 0.288663 -4.944351 126 163 108 0 0.206947 -0.142677 0.967893
0.352553 0.307152 -5.307016 133 169 102 0 0.898241 -0.064063 0.434809
-0.190023 0.464307 -4.841951 156 188 131 0 0.457530 -0.490565 0.741628
0.065265 0.029819 -4.989862 126 163 114 0 0.403657 0.054983 0.913257
0.152020 0.031953 -5.035373 59 92 8 0 0.552900 -0.815037 0.173252
0.396642 0.160663 -5.291372 143 180 123 0 0.149627 0.071868 0.986127
0.062421 0.515507 -4.999817 139 175 128 0 0.485227 0.213137 0.848014
0.192553 0.617906 -5.137062 143 181 130 0 0.733013 0.038281 0.679136
0.107931 0.017019 -5.016173 73 111 5 0 0.442723 0.087434 -0.892385
-0.050646 0.092397 -4.957151 131 166 115 0 0.372531 -0.070767 0.925318
-0.147357 0.258796 -4.925151 118 152 95 0 0.007415 -0.079448 0.996811
-0.075535 0.131508 -4.946484 123 160 108 0 0.404959 -0.134046 0.904456
0.096554 0.572395 -5.033951 138 177 128 0 0.577934 0.119116 0.807343
-0.123890 0.297907 -4.925151 122 156 104 0 0.222042 -0.269523 0.937046
0.025443 0.627862 -5.009773 136 173 125 0 0.399188 0.470298 0.787063
0.104376 0.482085 -5.019729 147 182 136 0 0.500299 0.001334 0.865851
0.106509 0.138619 -5.014750 134 171 120 0 0.332878 -0.212870 0.918629
0.063132 0.254530 -4.985595 135 165 117 0 0.403657 0.054983 0.913257
0.290686 0.437996 -5.225239 141 177 118 0 0.751109 0.236780 0.616255
0.267220 0.536840 -5.294217 49 58 37 0 0.768833 0.452159 0.452159
-0.036424 0.759417 -5.033951 140 177 125 0 0.174253 0.205697 0.962977
-0.142379 0.479951 -4.887462 142 180 125 0 0.642247 0.085924 0.761667
0.322686 0.359774 -5.231639 143 178 119 0 0.760442 0.015292 0.649226
0.006954 0.611506 -4.996262 127 166 112 0 0.418889 0.261616 0.869534
0.235220 0.241019 -5.109328 138 170 116 0 0.639507 0.001375 0.768784
0.194687 0.144308 -5.072350 125 161 113 0 0.500563 -0.231147 0.834271
0.123576 0.227508 -5.016173 141 176 127 0 0.425646 -0.095666 0.899819
0.371753 0.259508 -5.314127 149 184 121 0 0.854221 0.355021 0.379826
0.297086 0.405996 -5.220261 148 181 129 0 0.636508 0.388518 0.666267
0.169087 0.273019 -5.051017 170 165 131 0 0.612794 0.261269 0.745803
0.000554 0.343418 -4.955018 128 164 116 0 0.396706 0.001284 0.917945
0.354686 0.225374 -5.259372 142 178 119 0 0.826433 0.254881 0.502039
0.257264 0.531151 -5.267194 144 182 131 0 0.751849 0.599254 0.274989
0.348997 0.135775 -5.217417 133 172 115 0 0.827669 0.198217 0.525047
0.368197 0.096664 -5.233772 75 86 59 0 0.817429 0.469587 0.333612
-0.015090 0.213285 -4.962129 127 155 110 0 0.166761 -0.214032 0.962487
0.126420 0.333463 -5.013329 224 164 161 0 0.198040 -0.206014 0.958300
0.175487 0.201197 -5.051017 132 165 115 0 0.744305 0.079799 0.663055
-0.047801 0.749462 -5.028262 137 179 128 0 -0.688914 0.585992 -0.426628
-0.094023 0.019153 -4.940795 109 144 83 0 0.111351 0.530727 0.840197
0.191131 0.071775 -5.039639 46 43 23 0 0.428458 0.461040 0.777088
0.362508 0.292930 -5.356794 110 115 73 0 0.936656 0.350140 -0.008848
0.030421 0.055419 -4.979907 128 165 115 0 0.545455 -0.015038 0.838005
0.219576 0.512662 -5.167639 131 169 107 0 0.893334 0.181572 0.411079
-0.221312 0.229641 -4.907373 108 147 83 0 0.023723 0.632147 0.774485
0.228820 0.557462 -5.225950 153 196 147 0 0.949567 0.174245 0.260692
-0.039268 0.506973 -4.950040 133 160 119 0 0.308577 0.403761 0.861253
-0.097579 0.376840 -4.918040 126 163 113 0 0.300466 -0.388928 0.870893
0.009798 0.849728 -5.115728 55 60 48 0 -0.196929 -0.221043 0.955175
0.016198 0.069641 -4.976351 126 159 109 0 0.245622 0.079355 0.966112
0.051754 0.046175 -4.987729 133 165 121 0 0.332753 0.063941 0.940844
-0.059890 0.848306 -5.069506 94 118 22 0 -0.244188 -0.735716 -0.631739
-0.214912 0.433729 -4.838396 104 106 99 0 0.230441 -0.159334 0.959953
0.056732 0.553195 -5.004084 143 178 133 0 0.475500 0.182201 0.860641
-0.177934 0.321374 -4.912351 117 152 93 0 0.048244 -0.253588 0.966109
0.332642 0.355507 -5.242306 146 180 119 0 0.848014 0.213137 0.485227
0.120731 0.684751 -5.099373 142 180 130 0 0.579309 0.214731 0.786315
0.248020 0.126530 -5.110750 138 172 121 0 0.619300 0.119722 0.775973
0.204642 0.186263 -5.081595 139 176 121 0 0.640455 0.055630 0.765978
-0.239801 0.210441 -4.888885 73 96 22 0 0.031025 -0.157421 -0.987044
0.020465 0.037642 -4.973506 126 162 109 0 0.215268 0.118461 0.969343
0.170509 0.167774 -5.042484 200 134 131 0 0.918071 0.016881 0.396056
0.275042 0.150708 -5.137062 138 175 121 0 0.674190 0.015354 0.738398
0.152731 0.740928 -5.127817 132 170 112 0 0.397023 0.524463 0.753201
-0.047801 0.317107 -4.943640 128 163 114 0 0.331123 -0.141517 0.932915
-0.075535 0.737373 -4.999106 141 178 122 0 0.237598 0.410939 0.880157
0.233798 0.560307 -5.255105 156 198 142 0 0.863912 0.491413 -0.110317
0.002687 0.475685 -4.961418 140 158 119 0 0.356948 0.040238 0.933257
0.197531 0.382529 -5.085862 142 181 121 0 0.787639 0.119697 0.604398
0.417264 0.157108 -5.297061 49 59 42 0 -0.032158 0.032158 0.998965
-0.026468 0.867506 -5.112173 130 161 119 0 -0.055821 0.682732 0.728534
-0.071979 0.779328 -5.014750 138 175 124 0 0.317187 0.478147 0.819004
0.292109 0.330618 -5.186128 143 181 124 0 0.795510 0.174255 0.580344
-0.069135 0.669106 -4.993417 118 150 100 0 -0.435640 -0.863690 0.253491
0.273620 0.460040 -5.215994 148 185 129 0 0.831167 0.261578 0.490652
0.362508 0.236041 -5.278572 151 188 125 0 0.781288 0.349566 0.517100
0.116465 0.595862 -5.057417 137 176 121 0 0.779690 0.214608 0.588241
-0.195001 0.161374 -4.886040 47 71 26 0 0.912383 0.260473 -0.315769
