-0.604600 0.580218 -5.809059 88 98 54 0 -0.291998 0.126666 0.947994
-1.192687 0.346974 -5.779904 47 52 36 0 0.157155 -0.492029 0.856277
-0.692777 0.100930 -5.776348 81 113 65 0 0.094032 0.016212 0.995437
-0.869132 0.390352 -5.780615 83 117 64 0 -0.039782 -0.135260 0.990011
-1.021309 0.073197 -5.732971 73 92 32 0 0.474232 0.070926 -0.877538
-0.568333 0.325641 -5.822570 107 137 98 0 0.323919 0.268223 0.907267
-0.802999 -0.091780 -5.681060 38 47 37 0 0.070804 0.721048 0.689258
-0.866288 0.194085 -5.760704 107 116 82 0 0.285265 -0.031142 0.957943
-1.034109 0.468574 -5.843193 73 79 53 0 0.537252 -0.790822 -0.293191
-0.657933 -0.088936 -5.806215 76 96 71 0 0.118289 0.001085 0.992979
-0.802999 0.566707 -5.747193 96 96 80 0 0.688180 -0.394424 0.608965
-1.187709 0.171330 -5.713771 67 74 59 0 -0.591395 -0.803324 0.070166
-1.026998 0.270885 -5.772793 79 113 63 0 0.191073 0.175475 0.965764
-0.704155 0.435151 -5.801948 87 111 70 0 0.174001 -0.109830 0.978602
-0.532778 0.172041 -5.760704 76 97 50 0 0.907641 0.277131 -0.315255
-0.719799 0.273019 -5.786304 82 116 71 0 0.086850 0.016083 0.996092
-0.849932 0.038353 -5.746482 81 113 66 0 0.515728 -0.135872 0.845910
-0.577577 0.062530 -5.843193 67 63 55 0 0.364191 -0.736548 0.569967
-0.935265 0.523329 -5.768526 89 123 63 0 0.593290 -0.404891 -0.695752
-0.951621 -0.025647 -5.698126 51 60 42 0 0.823703 0.554500 -0.118508
-0.575444 0.447240 -5.804081 47 51 33 0 0.086116 -0.063748 0.994244
-0.745399 -0.014269 -5.759993 88 121 77 0 0.246401 0.260481 0.933508
-1.080331 0.169197 -5.753593 95 129 82 0 0.206972 0.183242 0.961033
-1.088154 0.384663 -5.791282 93 128 73 0 0.087791 0.307922 0.947352
-0.632333 0.208308 -5.794126 63 92 29 0 0.618737 -0.585019 -0.524325
-0.979354 0.383240 -5.792704 72 106 52 0 -0.103281 0.127023 0.986508
-1.218998 0.242441 -5.789859 67 93 39 0 -0.222283 0.531946 0.817082
-0.916065 0.294352 -5.776348 83 118 66 0 0.268774 -0.119309 0.955786
-0.710555 0.540396 -5.792704 88 121 75 0 0.086116 -0.063748 0.994244
-0.969398 0.174174 -5.755726 83 116 67 0 -0.189041 0.046369 0.980874
-0.710555 -0.115958 -5.716615 70 83 64 0 0.683258 0.373734 0.627281
-0.801577 0.466440 -5.784171 86 118 69 0 0.261115 -0.159347 0.952065
-0.767444 0.174174 -5.770659 90 124 81 0 0.126466 0.246413 0.960878
-0.813666 0.304307 -5.784882 103 111 62 0 0.595093 -0.158189 -0.787934
-0.638733 0.007775 -5.791993 88 119 75 0 0.338631 0.001250 0.940919
-1.127265 0.277996 -5.774215 90 118 56 0 0.253153 -0.365665 -0.895658
-0.659355 0.343418 -5.801237 78 106 62 0 0.063860 -0.046542 0.996873
-0.504333 0.256663 -5.782037 80 104 35 0 0.538210 -0.372357 -0.756096
-0.925310 0.097375 -5.740793 99 115 70 0 0.199228 -0.111518 0.973587
-1.119442 0.103064 -5.710926 51 58 47 0 0.453332 0.268926 0.849805
-0.778110 0.381107 -5.793415 87 119 69 0 0.332817 0.181154 0.925428
-0.602466 0.126530 -5.777771 70 105 44 0 -0.333350 0.555583 0.761712
-0.780244 0.081730 -5.762837 104 114 79 0 0.008867 0.000985 0.999960
-0.857754 -0.037736 -5.710215 87 120 75 0 -0.286886 0.103489 0.952358
-0.931710 0.445107 -5.791282 59 94 35 0 -0.506351 -0.023078 0.862019
-0.850643 0.116575 -5.752882 85 120 74 0 0.022708 0.087587 0.995898
-0.640155 0.490618 -5.805504 80 113 68 0 -0.046825 -0.070782 0.996392
-0.855621 0.509818 -5.757859 62 98 39 0 -0.238344 -0.389345 0.889720
-0.578289 0.257374 -5.788437 68 101 44 0 0.236524 0.341001 0.909821
-0.697044 0.185552 -5.778481 76 110 56 0 0.206427 0.117777 0.971348
-0.601755 -0.049825 -5.776348 46 50 38 0 -0.127049 0.127049 0.983726
-0.644422 0.277285 -5.789148 76 108 61 0 0.270782 0.436005 0.858241
-0.982198 0.507685 -5.820437 113 133 94 0 0.586327 -0.572809 -0.572809
-0.962998 0.038353 -5.725149 97 106 73 0 0.292820 0.355888 0.887468
-1.143620 0.200485 -5.757148 93 123 74 0 0.307541 0.490488 0.815377
-0.810110 0.231063 -5.772082 93 120 72 0 0.055116 0.102359 0.993219
-1.029132 0.337018 -5.785593 82 117 62 0 0.062902 0.167344 0.983890
-0.601755 0.386085 -5.810482 85 117 72 0 0.198040 -0.206014 0.958300
-0.700599 0.036219 -5.777771 91 124 75 0 0.229763 0.173983 0.957569
-0.960865 0.236041 -5.772082 93 110 68 0 0.125430 0.087918 0.988199
-1.078198 0.233196 -5.765682 76 110 49 0 -0.096403 0.445689 0.889982
-1.142198 0.404574 -5.763548 69 69 59 0 0.485175 0.031258 0.873858
-0.702733 -0.060491 -5.769948 93 125 77 0 0.667300 -0.038253 0.743806
-0.634466 0.071064 -5.791282 89 122 79 0 0.308527 -0.207093 0.928398
-0.796599 -0.049114 -5.727282 90 120 75 0 0.498281 0.538546 0.679474
-1.024865 0.134352 -5.748615 80 116 64 0 0.110078 0.143948 0.983444
-1.104509 0.442974 -5.808348 52 53 42 0 0.516036 -0.191069 0.834985
-1.075354 0.058264 -5.705237 64 81 61 0 0.165728 0.464918 0.869704
-0.741132 0.484218 -5.792704 85 118 74 0 0.420565 -0.285984 0.861010
-0.720510 0.339152 -5.795548 82 114 75 0 0.039245 0.047730 0.998089
-0.870554 0.451507 -5.775637 75 110 54 0 -0.031203 0.001007 0.999513
-0.991443 0.450796 -5.790570 92 127 61 0 0.709495 -0.318384 0.628687
-0.900421 0.012042 -5.730126 87 117 70 0 0.031323 0.491636 0.870237
-0.682822 -0.129469 -5.771370 58 68 54 0 0.633688 0.627000 0.453112
-1.086731 0.325641 -5.782037 85 119 68 0 0.007706 -0.126605 0.991923
-0.928154 0.356929 -5.783459 74 108 53 0 -0.048346 -0.007200 0.998805
-1.044776 0.417374 -5.811193 80 115 61 0 -0.134615 0.484905 0.864145
-0.878377 0.250974 -5.769948 88 121 71 0 0.151338 0.238194 0.959354
-0.547711 0.110175 -5.784882 78 97 54 0 -0.413475 -0.802816 0.429563
-0.796599 0.017730 -5.752882 89 121 72 0 0.229185 0.429909 0.873300
-0.916065 0.150708 -5.759993 79 100 39 0 0.396056 0.016881 -0.918071
-0.584689 0.012753 -5.818304 61 71 51 0 0.341605 0.332496 0.879064
-0.654377 0.409552 -5.805504 83 116 72 0 0.062558 -0.024387 0.997743
-0.584689 0.192663 -5.763548 66 98 37 0 -0.238601 0.427682 0.871870
-0.756066 0.576662 -5.775637 62 61 52 0 0.277876 -0.301154 0.912190
-0.650822 0.154263 -5.779193 72 103 55 0 0.101478 -0.253053 0.962116
-1.026287 0.189108 -5.758571 90 112 62 0 -0.030940 0.062946 0.997537
-0.981487 0.308574 -5.782748 71 108 47 0 -0.016212 0.094032 0.995437
-0.867710 0.321374 -5.780615 82 116 65 0 -0.127426 0.016621 0.991709
-1.179176 0.293641 -5.787015 66 102 31 0 -0.452142 0.181151 0.873356
-0.750377 0.226797 -5.773504 92 109 66 0 -0.048338 0.111289 0.992612
-0.746110 -0.075425 -5.739371 95 126 82 0 0.690324 0.261847 0.674455
-0.657933 0.568840 -5.805504 78 86 61 0 0.255508 -0.238753 0.936863
-1.069665 0.108752 -5.732260 97 131 82 0 0.300938 0.315763 0.899850
-0.888332 0.552484 -5.762126 49 50 27 0 -0.490829 0.001330 0.871255
-1.017043 0.024842 -5.710215 56 56 42 0 0.348727 -0.569317 0.744492
-0.800866 0.517640 -5.769237 92 125 78 0 0.236223 -0.599161 0.764987
-0.821488 0.411685 -5.785593 93 126 84 0 0.023827 -0.150906 0.988261
-1.136509 0.341285 -5.779904 86 121 67 0 0.260624 0.038291 0.964681
-0.523533 0.221819 -5.748615 47 44 34 0 -0.102954 0.564072 0.819282
-0.751088 0.125108 -5.767104 89 123 77 0 0.086262 -0.221281 0.971387
-0.918199 0.208308 -5.762837 74 106 53 0 -0.532378 0.442819 0.721447
-0.829310 0.355507 -5.786304 89 123 75 0 0.284805 -0.198669 0.937772
-1.124420 0.151419 -5.727993 99 133 84 0 0.538546 0.498281 0.679474
-0.527089 0.296485 -5.832526 41 44 35 0 0.174255 0.795510 0.580344
-0.598911 0.529729 -5.802660 69 80 53 0 0.087863 0.001059 0.996132
-1.199798 0.211152 -5.755015 81 111 59 0 0.054209 0.926838 0.371528
-0.977221 0.117286 -5.747904 73 100 45 0 -0.214935 0.054644 -0.975099
-0.554111 0.380396 -5.826126 68 77 55 0 0.509852 -0.437251 0.740852
-0.777399 0.268752 -5.779904 89 121 78 0 0.182486 0.110485 0.976981
-0.654377 -0.043425 -5.786304 75 107 51 0 0.491413 -0.144362 0.858879
-0.812954 0.156397 -5.762126 82 111 56 0 0.713174 0.347611 0.608728
-0.689222 0.487773 -5.800526 91 124 76 0 0.119435 0.032370 0.992314
-1.167087 0.247419 -5.775637 72 105 46 0 -0.157865 0.245420 0.956477
-0.618111 0.316396 -5.801948 85 118 71 0 -0.174685 0.593929 0.785323
-0.766732 0.428040 -5.797681 83 116 72 0 0.143336 -0.181390 0.972909
-0.747532 0.032664 -5.764259 92 121 80 0 0.338999 0.031981 0.940243
-0.773844 0.334174 -5.791282 107 115 84 0 0.166667 0.117284 0.979013
-0.758910 -0.102447 -5.693860 46 54 42 0 0.245267 0.513672 0.822183
-0.593933 0.090264 -5.805504 96 128 82 0 0.499186 -0.515881 0.696189
-0.899710 -0.052669 -5.697415 52 60 43 0 0.191264 0.775767 0.601334
-0.668599 0.236041 -5.787726 64 94 28 0 -0.174970 -0.524911 -0.832979
-0.715533 0.391063 -5.799815 83 116 74 0 -0.039885 0.007159 0.999179
-0.900421 0.485640 -5.779904 64 97 37 0 -0.323363 -0.149985 0.934313
-0.882643 0.068930 -5.741504 87 120 69 0 -0.119575 0.197613 0.972960
-0.912510 0.400307 -5.785593 77 107 47 0 0.292539 -0.038922 -0.955461
-0.943087 0.487062 -5.796259 97 126 74 0 0.552091 -0.102883 -0.827412
-0.837843 -0.010714 -5.737948 84 104 50 0 0.404600 -0.586257 -0.701856
-0.629488 0.448662 -5.804081 79 113 61 0 0.183224 0.014981 0.982957
-0.847799 -0.069736 -5.683193 74 90 68 0 0.420446 0.800619 0.426889
-0.704866 -0.007158 -5.772082 87 120 74 0 0.356778 0.142989 0.923181
-0.820777 0.071064 -5.755015 69 94 32 0 -0.110098 -0.213869 -0.970638
-0.667888 0.527596 -5.801948 83 117 71 0 0.284258 0.038819 0.957962
-0.979354 0.009197 -5.698126 56 62 52 0 0.515651 0.485613 0.705892
-1.085309 0.274441 -5.776348 91 116 72 0 -0.016812 0.142343 0.989675
-1.069665 0.445107 -5.831815 94 121 73 0 0.309011 0.323939 0.894190
-0.694199 0.143597 -5.777771 85 118 60 0 -0.314567 0.253683 0.914709
-1.001398 0.227508 -5.764971 83 118 64 0 0.080393 0.166785 0.982710
-0.919621 0.049730 -5.736526 81 116 70 0 0.056431 0.134744 0.989272
-0.847088 0.547507 -5.742215 90 119 63 0 -0.244570 -0.451164 0.858275
-1.036954 0.376840 -5.794126 81 115 64 0 -0.141417 -0.007795 0.989919
-0.708421 0.231063 -5.779193 77 106 62 0 0.007358 0.070423 0.997490
-0.839977 0.264485 -5.773504 107 108 74 0 0.015102 0.015102 0.999772
-0.747532 0.523329 -5.783459 91 124 76 0 0.308870 -0.188677 0.932202
-0.965132 0.073197 -5.745770 95 104 59 0 0.702907 -0.482518 -0.522589
-1.050465 0.302885 -5.780615 85 120 62 0 0.064513 0.102994 0.992588
-1.127976 0.238174 -5.767815 78 115 55 0 -0.087918 0.125430 0.988199
-0.948776 0.528307 -5.805504 62 69 24 0 -0.770149 0.152221 0.619435
-0.555533 0.083864 -5.818304 54 59 50 0 -0.149345 -0.752761 0.641129
-0.571177 0.145730 -5.763548 62 95 28 0 -0.323651 -0.436226 0.839617
-1.213309 0.287241 -5.805504 43 47 36 0 0.805345 -0.592612 -0.015195
-0.603177 0.477818 -5.803370 87 122 64 0 0.198418 0.071820 0.977483
-0.793043 0.118708 -5.761415 83 117 70 0 0.268202 0.001203 0.963362
-0.729044 0.086708 -5.773504 94 117 76 0 0.030721 -0.261745 0.964648
-1.161398 0.367596 -5.766393 97 125 68 0 -0.064097 -0.593969 0.801930
-0.752510 0.302174 -5.788437 89 120 75 0 0.221454 0.294802 0.929543
-0.965843 0.343418 -5.787015 70 105 52 0 0.001186 0.245605 0.969369
-0.536333 0.275152 -5.801948 83 119 66 0 0.078605 0.827492 0.555949
-0.783799 -0.019958 -5.748615 91 121 78 0 0.412130 0.310255 0.856674
-1.009221 0.405996 -5.802660 67 98 43 0 -0.182346 0.427419 0.885473
-0.869843 0.156397 -5.755015 89 123 73 0 -0.119045 0.126260 0.984828
-0.695622 0.301463 -5.794126 75 107 58 0 -0.135260 0.039782 0.990011
-0.621666 0.249552 -5.801948 68 96 29 0 -0.118092 -0.293240 -0.948717
-0.570466 0.291507 -5.805504 90 124 75 0 0.149479 0.316786 0.936644
-0.961576 0.273730 -5.776348 71 107 51 0 -0.172883 0.101768 0.979671
-1.095265 0.133641 -5.745059 74 100 27 0 -0.570273 -0.680649 -0.459898
-0.941665 0.007064 -5.714482 94 124 83 0 0.342928 0.364457 0.865778
-0.638733 0.115864 -5.779193 74 106 51 0 -0.159677 -0.087642 0.983271
-0.706288 -0.103869 -5.756437 89 124 71 0 0.786915 0.324024 0.525142
-0.544155 0.243863 -5.771370 65 98 38 0 -0.267230 0.583479 0.766903
-0.674288 0.068930 -5.782748 85 117 69 0 0.159192 -0.174474 0.971708
-0.997843 0.470707 -5.833948 54 84 30 0 -0.596322 0.562536 0.572672
-0.600333 -0.012847 -5.796259 94 123 77 0 0.300952 0.674325 0.674325
-0.600333 0.229641 -5.777060 70 104 50 0 0.172753 0.428253 0.886992
-0.613133 0.033375 -5.806215 92 124 79 0 0.529449 -0.040089 0.847394
-0.951621 0.413818 -5.793415 71 107 43 0 -0.117284 0.166667 0.979013
-1.019176 0.442974 -5.819015 77 104 43 0 0.143274 -0.409961 -0.900780
-0.618822 0.181286 -5.771370 64 97 44 0 -0.380437 0.016765 0.924655
-0.776688 0.545373 -5.769948 102 134 89 0 0.491237 -0.151037 0.857831
-0.891176 0.125819 -5.749326 81 111 52 0 0.671556 -0.720508 0.172861
-0.807977 0.192663 -5.765682 85 119 71 0 0.220763 0.001168 0.975327
-0.620955 0.354796 -5.808348 87 117 75 0 -0.047385 0.087055 0.995076
-0.838554 0.469285 -5.773504 82 116 65 0 0.046541 -0.285536 0.957237
-0.721221 0.576662 -5.787015 72 73 59 0 0.363227 -0.262413 0.893983
-0.549133 0.204752 -5.768526 77 104 42 0 0.585387 -0.079106 -0.806885
-0.928865 0.253108 -5.769237 79 111 60 0 -0.054689 -0.539877 0.839965
-0.777399 0.493462 -5.784882 89 122 76 0 0.133295 0.086111 0.987328
-1.115176 0.415240 -5.787726 120 134 101 0 0.514737 0.397083 0.759850
-0.881221 0.285819 -5.778481 80 104 44 0 -0.166413 -0.007924 -0.986024
-0.734733 0.194797 -5.775637 80 114 59 0 -0.007836 0.151127 0.988483
-0.666466 0.442974 -5.802660 76 108 62 0 -0.262509 0.001199 0.964929
-0.688510 -0.096047 -5.786304 89 122 71 0 0.711743 0.086228 0.697128
-1.142909 0.128663 -5.703104 40 43 36 0 0.640577 -0.006918 0.767863
-1.039798 0.238174 -5.767104 76 111 57 0 -0.088289 0.262306 0.960937
-0.784510 -0.076847 -5.707371 89 122 73 0 0.159260 0.674959 0.720462
-0.887621 0.350529 -5.783459 80 110 57 0 -0.072257 0.070034 0.994924
-0.901132 -0.022092 -5.715193 87 120 75 0 0.253683 0.314567 0.914709
-0.544155 0.341996 -5.842482 61 65 49 0 0.362589 0.048433 0.930690
-0.688510 0.363329 -5.800526 87 121 79 0 0.302292 0.039209 0.952409
-0.581133 0.358352 -5.819726 97 128 87 0 0.267509 -0.125189 0.955388
-0.948776 0.144308 -5.748615 81 116 66 0 0.143335 0.245906 0.958637
-0.998554 0.037642 -5.737237 62 56 27 0 -0.015223 -0.023341 -0.999612
-0.672155 0.002086 -5.782748 85 115 71 0 0.484163 -0.056555 0.873148
-0.679266 0.269463 -5.786304 80 114 63 0 0.038828 0.182373 0.982462
-0.576155 0.123686 -5.800526 61 87 24 0 0.141517 -0.331123 -0.932915
-0.660777 0.308574 -5.801237 70 103 27 0 0.015530 -0.237725 -0.971208
-0.539178 0.138619 -5.752171 54 57 34 0 -0.229137 -0.397663 0.888460
-0.665755 0.203330 -5.777060 69 101 49 0 0.229595 0.213293 0.949627
-1.061843 0.203330 -5.760704 81 116 66 0 -0.024529 0.071453 0.997142
-0.849221 0.223241 -5.767104 129 114 92 0 0.206598 0.103925 0.972891
-0.746821 0.367596 -5.796259 90 117 75 0 0.228538 0.078677 0.970351
-0.570466 0.413818 -5.809059 81 95 63 0 0.141644 -0.292732 0.945645
-0.737577 0.445818 -5.797681 73 104 43 0 -0.167340 0.443815 -0.880355
-1.167087 0.184130 -5.738659 94 129 78 0 0.236243 0.396709 0.887024
-0.632333 -0.068314 -5.793415 61 88 42 0 -0.632829 0.301117 0.713341
-0.603889 0.279419 -5.791993 85 119 71 0 0.111896 0.285664 0.951775
-0.918910 0.551773 -5.777060 54 58 48 0 0.507599 -0.585172 -0.632390
-1.119442 0.378263 -5.779904 104 138 85 0 0.300017 0.001225 0.953933
-0.852777 0.423063 -5.779904 79 113 65 0 0.125629 -0.063391 0.990050
-1.014909 0.305730 -5.780615 82 113 57 0 -0.149105 0.275374 0.949704
-0.757488 -0.043425 -5.748615 94 125 81 0 0.189576 0.482150 0.855332
-1.167087 0.325641 -5.782748 72 109 46 0 -0.048346 -0.007200 0.998805
-1.211887 0.322085 -5.768526 74 101 45 0 0.887494 -0.126785 0.443035
-0.618822 0.417374 -5.806215 82 113 59 0 0.156851 0.127210 0.979395
-1.112331 0.177019 -5.750748 92 120 75 0 0.158479 0.404050 0.900904
-0.999976 0.155686 -5.752171 89 111 58 0 -0.078922 0.063360 0.994865
-0.779532 0.208308 -5.771370 86 119 67 0 0.133295 0.086111 0.987328
-0.631622 0.526884 -5.805504 79 110 63 0 0.023857 -0.040454 0.998897
-0.776688 0.049019 -5.761415 90 117 76 0 0.172716 0.165040 0.971046
-1.152865 0.159952 -5.713771 97 123 81 0 0.307198 0.725374 0.616005
-0.934554 0.179863 -5.761415 73 101 37 0 -0.079648 -0.199733 -0.976608
-0.902554 0.434440 -5.780615 66 96 42 0 -0.434034 -0.009179 0.900850
-1.043354 0.056130 -5.711638 87 120 74 0 0.134705 0.812668 0.566943
-0.726199 0.147152 -5.772082 85 117 71 0 0.110465 0.062635 0.991904
-0.839977 0.174886 -5.759993 86 115 65 0 -0.039175 0.198248 0.979369
-0.970110 0.206174 -5.763548 79 113 57 0 0.220795 0.259677 0.940116
-0.970110 0.471418 -5.804793 86 116 60 0 0.403736 -0.196766 -0.893466
-1.061131 0.137197 -5.745059 87 122 75 0 0.174414 0.182166 0.967675
-0.896865 0.175597 -5.752882 119 109 81 0 -0.048282 0.175463 0.983301
-1.037665 0.106619 -5.739371 95 126 77 0 0.221454 0.294802 0.929543
-0.870554 0.007775 -5.740082 105 116 79 0 0.261216 0.214225 0.941209
-0.819354 -0.071869 -5.699549 89 125 76 0 0.254359 0.617729 0.744119
-0.685666 0.400307 -5.804793 78 111 67 0 0.008867 0.000985 0.999960
-0.724777 -0.037736 -5.764259 89 118 71 0 0.349713 0.182644 0.918881
-1.076065 0.415951 -5.807637 94 128 77 0 0.191970 0.628126 0.754059
-0.852777 0.085286 -5.750748 83 103 49 0 -0.165040 0.172716 -0.971046
-0.736155 0.414529 -5.795548 85 110 71 0 0.165256 -0.031202 0.985757
-1.049043 0.164930 -5.752882 84 119 65 0 -0.054961 0.300370 0.952238
-0.940243 0.385374 -5.787015 77 112 53 0 -0.205521 0.064453 0.976528
-1.114465 0.305730 -5.779193 80 113 61 0 0.133181 0.109184 0.985059
-0.627355 -0.025647 -5.789148 80 111 62 0 0.110525 0.149391 0.982581
-0.798732 0.352663 -5.787015 88 120 75 0 0.070346 0.165732 0.983659
-0.687799 0.570973 -5.799104 104 120 87 0 0.380053 -0.309842 0.871526
-0.596777 0.156397 -5.780615 63 94 33 0 0.056370 -0.474330 -0.878541
-0.911799 0.331330 -5.780615 81 116 66 0 0.030847 0.149666 0.988255
-1.192687 0.266619 -5.790570 63 97 30 0 -0.444907 0.371553 0.814866
-0.790199 0.408840 -5.792704 96 124 85 0 0.364387 -0.024464 0.930926
-0.766021 0.457196 -5.789859 84 118 71 0 -0.016083 -0.086850 0.996092
-0.677133 -0.068314 -5.789148 88 121 76 0 0.364080 -0.476351 0.800334
-0.995709 0.340574 -5.788437 76 111 49 0 0.024507 0.190219 0.981436
-0.948065 0.319952 -5.781326 78 114 57 0 0.022971 0.000999 0.999736
-0.987887 0.253819 -5.769237 86 120 66 0 0.382487 0.485775 0.785955
-0.731177 0.056841 -5.770659 87 121 73 0 0.477406 0.188880 0.858142
-1.095265 0.356218 -5.785593 86 121 68 0 0.007047 -0.023155 0.999707
-0.824332 0.440840 -5.781326 88 120 75 0 0.048006 -0.167436 0.984713
-0.839266 0.383240 -5.784171 86 119 70 0 0.324263 0.126178 0.937514
-0.607444 0.064664 -5.811193 95 126 76 0 0.768959 -0.270004 0.579482
-1.167798 0.219685 -5.765682 86 121 68 0 0.055848 0.442698 0.894930
-0.663622 0.029819 -5.787726 87 117 77 0 0.429687 0.262671 0.863929
-1.007798 0.373285 -5.795548 76 111 44 0 -0.268912 0.151179 0.951226
-0.781666 0.304307 -5.785593 84 115 71 0 0.119300 0.229619 0.965941
-0.711977 0.511240 -5.795548 84 117 77 0 0.173897 0.070758 0.982218
-0.668599 0.112308 -5.788437 64 93 27 0 0.781002 -0.624527 0.001373
-0.900421 0.526173 -5.766393 90 119 65 0 0.451424 0.158216 -0.878171
-0.869132 0.480662 -5.773504 71 106 52 0 -0.253188 -0.149792 0.955750
-0.920332 0.506262 -5.787015 75 116 34 0 -0.570051 0.157101 0.806450
-1.009221 0.099508 -5.736526 96 130 79 0 0.663360 0.276533 0.695329
-0.806554 0.259508 -5.777060 87 118 67 0 0.126389 0.150930 0.980432
-0.807977 0.386085 -5.789148 87 118 69 0 0.245605 0.001186 0.969369
-0.840688 0.296485 -5.778481 83 115 70 0 0.093784 0.134147 0.986514
-1.197664 0.191952 -5.733682 105 129 91 0 0.141804 0.498507 0.855209
-0.833577 0.324218 -5.779904 89 123 79 0 0.340230 0.103548 0.934624
-0.904688 0.238174 -5.766393 81 116 59 0 -0.166642 0.189895 0.967559
-0.815088 0.043330 -5.751460 87 119 73 0 -0.110586 0.261504 0.958847
-0.673577 0.169908 -5.786304 68 98 31 0 0.417795 -0.159365 -0.894455
-1.095265 0.088841 -5.715904 103 135 92 0 0.262714 0.468584 0.843451
-0.643711 0.371863 -5.806926 87 120 72 0 0.316978 -0.071744 0.945716
-1.057576 0.335596 -5.785593 88 119 67 0 -0.071444 0.141716 0.987326
-1.051176 0.085997 -5.725149 94 130 81 0 0.300695 0.291895 0.907954
-0.924599 0.125819 -5.740793 180 124 127 0 0.103323 0.238535 0.965622
-1.097398 0.212574 -5.762126 83 117 65 0 -0.016812 0.142343 0.989675
-0.881221 0.415951 -5.777771 67 100 50 0 -0.157685 0.001118 0.987489
-0.824332 0.126530 -5.756437 87 120 73 0 0.046919 0.133892 0.989885
-0.830021 0.521907 -5.758571 78 110 48 0 0.964280 0.212690 -0.157886
-0.882643 0.216841 -5.761415 79 112 61 0 -0.357267 0.158318 0.920487
-0.685666 -0.027069 -5.776348 79 113 64 0 0.039047 0.190502 0.980910
-0.960865 0.445107 -5.802660 56 90 30 0 -0.469027 0.031088 0.882636
-0.593933 0.332752 -5.814037 98 127 84 0 0.293142 0.103849 0.950412
-0.818643 0.098797 -5.757148 84 116 67 0 -0.007795 0.141417 0.989919
-0.876243 0.100219 -5.749326 95 104 60 0 0.008031 0.182412 -0.983189
-0.816510 0.494885 -5.772082 89 120 71 0 0.334093 -0.334093 0.881342
-0.527089 0.247419 -5.794837 79 112 40 0 0.181572 -0.411079 -0.893334
-0.980065 0.409552 -5.801237 71 107 50 0 0.070448 0.221231 0.972674
-0.869843 -0.016403 -5.727282 82 115 70 0 0.119165 0.189409 0.974640
-0.783799 0.238174 -5.774215 83 115 64 0 -0.063791 0.324163 0.943848
-0.718377 0.469996 -5.797681 86 119 80 0 0.150949 -0.079635 0.985329
-0.956599 0.099508 -5.749326 86 105 51 0 0.023668 0.031901 -0.999211
-0.984332 0.051864 -5.715193 110 101 79 0 0.382246 0.326981 0.864275
-1.201220 0.309996 -5.796970 53 69 34 0 -0.293296 -0.451583 0.842645
-0.883354 0.505551 -5.770659 64 100 41 0 -0.332817 -0.181154 0.925428
-1.058287 0.273019 -5.774926 81 116 63 0 -0.031374 0.078975 0.996383
-0.906821 0.373996 -5.782748 73 100 51 0 0.039563 0.001014 0.999217
-0.724066 -0.067603 -5.755015 96 130 82 0 0.650154 0.452935 0.610041
-0.741844 -0.096047 -5.713771 92 126 76 0 0.530096 0.728263 0.434316
-0.566911 0.229641 -5.769237 68 101 42 0 -0.356391 0.520879 0.775674
-0.738999 0.250263 -5.779904 85 118 75 0 0.214126 0.235947 0.947881
-1.043354 0.440129 -5.831815 73 108 54 0 -0.126845 0.705858 0.696904
-1.153576 0.273730 -5.776348 75 108 48 0 -0.363862 0.197032 0.910375
-0.628777 0.568840 -5.809771 88 112 65 0 -0.064403 0.268977 0.960991
-0.872688 -0.062625 -5.689593 43 52 36 0 0.435250 0.886406 0.157615
-0.994998 0.068930 -5.732971 83 108 70 0 0.269623 0.512750 0.815102
-0.557666 0.176308 -5.752171 59 93 29 0 -0.523920 0.120458 0.843207
-0.692777 0.461462 -5.801948 77 101 51 0 0.332420 0.885953 -0.323395
-0.868421 0.536840 -5.754304 58 94 27 0 -0.513425 -0.411724 0.752913
-0.909665 0.073908 -5.740793 86 118 70 0 0.023739 0.301106 0.953295
-0.881221 0.043330 -5.735104 76 104 42 0 -0.260630 -0.292309 -0.920124
-0.689222 0.337018 -5.798393 85 115 70 0 0.109713 0.007604 0.993934
-1.223264 0.223241 -5.755726 86 111 45 0 -0.024191 -0.998152 0.055745
-0.746110 0.277285 -5.782748 87 119 72 0 0.190593 -0.110868 0.975388
-0.619533 0.092397 -5.787726 86 119 69 0 0.315807 -0.134184 0.939287
-0.904688 0.263774 -5.772082 80 115 60 0 -0.236737 0.198859 0.951005
-0.780244 0.141463 -5.762126 86 120 70 0 0.285023 0.236810 0.928807
-0.593933 0.307152 -5.804793 94 126 82 0 0.197873 0.182148 0.963156
-0.961576 0.504840 -5.804793 107 138 85 0 0.532871 0.143181 -0.833995
-0.758199 0.095241 -5.765682 89 121 75 0 0.229875 -0.015484 0.973097
-0.766732 -0.000047 -5.755726 89 121 76 0 0.237457 0.183794 0.953852
-0.663622 0.479951 -5.802660 86 117 70 0 -0.064129 0.143415 0.987583
-0.712688 0.125819 -5.781326 67 98 25 0 -0.070448 -0.221231 -0.972674
-0.589666 0.044042 -5.829681 79 100 63 0 0.301106 0.023739 0.953295
-1.104509 0.248841 -5.767104 80 113 51 0 0.308527 -0.207093 -0.928398
-0.801577 0.541107 -5.758571 106 141 96 0 0.231191 -0.270423 0.934571
-0.992154 0.186263 -5.756437 75 107 57 0 -0.087055 0.047385 0.995076
-0.645844 0.252396 -5.782748 82 115 70 0 -0.244872 0.172615 0.954066
-0.904688 0.460040 -5.779193 83 110 54 0 0.142908 0.040014 -0.988927
-0.551266 0.158530 -5.773504 75 105 50 0 0.882248 -0.396937 -0.253141
-0.940243 0.220397 -5.767815 76 105 56 0 -0.158448 0.143476 0.976887
-0.757488 0.396040 -5.796259 81 110 67 0 -0.135412 0.220527 0.965936
-0.512155 0.280130 -5.819726 83 114 37 0 0.252163 -0.427317 -0.868225
-0.614555 0.500573 -5.805504 87 122 66 0 0.363112 0.165308 0.916964
-0.725488 -0.090358 -5.740793 88 122 74 0 0.510287 0.594493 0.621439
-0.515000 0.237463 -5.769237 88 104 52 0 0.721242 -0.672448 -0.166206
-1.197664 0.236041 -5.777771 76 110 52 0 -0.294195 0.394801 0.870391
-0.853488 0.350529 -5.780615 84 119 68 0 0.007200 -0.048346 0.998805
-0.998554 0.427329 -5.811193 62 97 31 0 0.095082 0.633391 0.767968
-0.645844 0.047597 -5.789859 82 117 71 0 0.285344 0.070376 0.955838
-0.740421 0.547507 -5.783459 93 126 86 0 0.317755 -0.102373 0.942630
-0.726199 0.020575 -5.769948 87 115 75 0 0.204225 -0.039412 0.978130
-0.829310 0.011331 -5.746482 66 94 26 0 -0.198064 0.141839 -0.969872
-0.727621 0.302885 -5.791282 80 112 63 0 0.032118 0.109645 0.993452
-0.625222 0.231063 -5.779193 75 100 54 0 0.024371 0.182201 0.982959
-0.522822 0.196930 -5.750748 39 43 25 0 0.662488 0.672254 0.330430
-1.009221 0.051153 -5.717326 77 108 66 0 0.095305 0.749242 0.655403
-0.973665 0.145730 -5.750037 79 109 63 0 -0.135678 0.188935 0.972571
-0.813666 -0.014981 -5.742215 102 118 83 0 0.135925 0.616892 0.775222
-1.068243 0.369729 -5.790570 83 118 65 0 -0.134386 0.032749 0.990388
-1.036954 0.211152 -5.762837 88 113 62 0 0.023341 0.015223 0.999612
-0.925310 -0.018536 -5.710926 92 124 80 0 0.088110 0.380905 0.920407
-1.024865 0.159952 -5.751460 83 118 64 0 0.174261 0.024235 0.984401
-0.613133 0.209019 -5.772793 67 98 44 0 -0.110098 0.213869 0.970638
-0.601755 0.556040 -5.805504 77 85 54 0 0.151127 0.007836 0.988483
-0.625933 0.389640 -5.807637 82 115 66 0 -0.008728 -0.322941 0.946379
-0.628066 0.137908 -5.781326 69 103 44 0 0.086316 -0.333314 0.938856
-0.836421 -0.033469 -5.721593 89 123 76 0 0.339132 0.339132 0.877485
-0.900421 0.101641 -5.746482 106 109 69 0 0.198288 0.310792 0.929564
-0.550555 0.134352 -5.786304 71 101 44 0 -0.048346 0.007200 -0.998805
-0.684955 0.546795 -5.799815 96 128 81 0 0.119435 -0.032370 0.992314
-0.640866 0.190530 -5.775637 67 100 44 0 0.062379 -0.214047 0.974830
-0.940243 0.030530 -5.727993 93 112 74 0 0.245849 0.309109 0.918700
-0.982198 0.508396 -5.844615 68 100 32 0 0.261745 -0.030721 0.964648
-0.620244 0.290085 -5.806215 68 104 19 0 -0.190430 -0.444336 -0.875387
-1.140776 0.179863 -5.745059 95 129 79 0 0.808331 0.308463 0.501450
-0.542733 0.312841 -5.840348 104 129 89 0 0.331521 0.190448 0.924026
-0.840688 0.060397 -5.746482 87 120 73 0 0.229508 -0.086536 0.969452
-0.750377 0.338441 -5.792704 75 105 47 0 -0.458337 0.774768 -0.435501
-1.073931 0.298619 -5.779193 81 117 64 0 -0.228690 0.228690 0.946257
-0.729755 0.113019 -5.770659 85 119 73 0 0.206427 0.117777 0.971348
-0.658644 0.504840 -5.800526 77 104 64 0 0.277413 0.023426 0.960465
-0.994998 0.022708 -5.718749 143 81 79 0 0.475421 -0.879461 0.022896
-0.714110 0.169197 -5.776348 78 112 62 0 0.348426 0.040153 0.936476
-0.672155 0.135063 -5.777771 74 108 58 0 0.291998 0.126666 0.947994
-0.795888 0.285819 -5.782037 84 117 71 0 0.040042 0.070344 0.996719
-1.220420 0.265908 -5.798393 64 72 47 0 0.689557 -0.475845 -0.545969
-1.110909 0.132219 -5.725860 101 138 87 0 0.371175 0.386836 0.844149
-0.996421 0.290796 -5.779193 81 107 52 0 0.572100 -0.704761 -0.419540
-0.575444 0.122975 -5.777060 66 102 43 0 -0.054993 -0.824888 0.562616
-0.700599 0.059686 -5.778481 91 119 77 0 0.111197 -0.157630 0.981218
-1.104509 0.154975 -5.742215 93 123 78 0 0.374364 0.516978 0.769795
-0.639444 0.322796 -5.809059 74 106 30 0 -0.285664 0.111896 -0.951775
-0.949487 0.055419 -5.733682 87 117 76 0 -0.157459 0.341393 0.926638
-1.137931 0.364041 -5.774926 97 132 77 0 0.427566 -0.205646 0.880283
-0.830732 0.563151 -5.736526 79 81 60 0 0.253800 -0.445289 0.858664
-0.881221 -0.034180 -5.713771 80 116 68 0 -0.055922 0.678231 0.732718
-0.591089 0.424485 -5.806926 78 111 61 0 -0.078737 -0.182912 0.979971
-0.702022 0.258085 -5.784171 78 109 61 0 0.008769 0.331955 0.943254
-1.066820 0.392485 -5.796259 93 128 66 0 0.253725 0.341722 0.904903
-0.845666 0.490618 -5.766393 82 116 66 0 -0.111518 -0.199228 0.973587
-0.652955 0.095241 -5.790570 61 87 28 0 -0.086632 -0.141222 -0.986180
-1.004954 0.122975 -5.745770 81 116 65 0 0.008324 0.236647 0.971560
-0.545578 0.293641 -5.819015 92 128 82 0 0.456665 0.640670 0.617251
-0.770288 0.356929 -5.790570 118 115 91 0 0.205413 0.079951 0.975404
-0.893310 0.196930 -5.765682 73 98 32 0 -0.016399 0.110417 -0.993750
-0.691355 0.014175 -5.779193 87 119 71 0 0.331884 0.072149 0.940557
-0.962998 0.366174 -5.787015 79 113 52 0 0.056098 0.127080 0.990305
-0.618111 0.007775 -5.801948 92 123 78 0 0.388499 -0.040825 0.920544
-0.680688 -0.098891 -5.807637 74 74 65 0 0.665734 -0.743379 0.064704
-1.039087 0.037642 -5.698837 34 43 32 0 -0.181497 0.166050 0.969271
-0.598911 0.103775 -5.787726 87 119 68 0 0.416700 -0.622560 0.662404
-0.902554 0.034797 -5.738659 82 113 62 0 0.212688 0.432812 0.876035
-0.581133 0.469285 -5.804081 43 43 29 0 -0.245859 -0.063649 0.967214
-0.556955 0.268752 -5.794837 74 111 52 0 -0.135796 0.625257 0.768514
-1.150020 0.233196 -5.769948 74 110 53 0 -0.238684 0.071230 0.968481
-1.049043 0.357641 -5.791282 81 115 64 0 0.102671 0.086520 0.990946
-0.729044 0.219685 -5.775637 89 110 69 0 0.047055 0.024050 0.998603
-1.099531 0.408840 -5.802660 38 46 26 0 -0.243959 -0.443975 -0.862189
-0.834288 -0.056225 -5.705948 92 126 76 0 0.220378 0.664261 0.714276
-0.766732 -0.074003 -5.720882 91 125 77 0 0.545435 0.666270 0.508513
-0.643711 0.217552 -5.777060 74 108 58 0 0.071899 -0.031120 0.996926
-0.597489 0.451507 -5.804793 73 107 58 0 -0.063877 -0.189222 0.979855
-0.571889 0.101641 -5.799815 83 118 57 0 0.212538 -0.615893 0.758619
-0.625222 0.265196 -5.786304 80 116 60 0 0.135476 0.608899 0.781594
-0.693488 0.207597 -5.778481 74 107 59 0 0.103935 0.103935 0.989138
-0.743266 0.008486 -5.762126 88 122 76 0 0.165906 0.135968 0.976723
-0.888332 0.312841 -5.779904 92 106 70 0 0.118308 0.118308 0.985904
-0.628777 0.471418 -5.805504 80 114 63 0 0.071214 -0.055875 0.995895
-0.937399 0.300752 -5.777060 77 111 60 0 -0.245605 0.001186 0.969369
-0.944510 0.076753 -5.737237 117 125 89 0 0.245446 0.048102 0.968216
-0.771710 0.027686 -5.757859 93 126 79 0 -0.102116 0.308999 0.945564
-0.652244 -0.021381 -5.787015 78 109 64 0 0.015681 -0.055405 0.998341
-0.662911 0.286530 -5.796970 69 102 26 0 -0.064064 -0.260025 -0.963474
-0.948065 0.117997 -5.740793 83 112 64 0 -0.340572 0.198073 0.919118
-1.114465 0.199063 -5.758571 89 121 74 0 -0.078466 0.175040 0.981430
-0.704866 -0.084669 -5.767104 96 132 82 0 0.745992 -0.104468 0.657709
-0.693488 0.522618 -5.799104 89 122 76 0 0.150197 -0.094924 0.984089
-0.866999 0.556751 -5.743637 63 70 38 0 -0.444728 -0.236686 0.863827
-1.177753 0.205463 -5.752171 87 120 68 0 0.286619 0.690128 0.664509
-0.576155 0.379685 -5.818304 91 123 79 0 0.406196 -0.316616 0.857181
-0.815799 0.338441 -5.783459 85 119 69 0 -0.133729 0.309332 0.941504
-0.869843 0.130086 -5.752171 88 122 71 0 -0.048051 0.001022 0.998844
-0.561933 0.353374 -5.828970 106 138 94 0 0.571808 -0.046363 0.819076
-0.986465 0.486351 -5.821148 106 134 84 0 0.703874 -0.095515 -0.703874
-0.704155 0.082441 -5.774926 89 112 69 0 0.063331 -0.039716 0.997202
-0.965132 0.521907 -5.818304 40 45 25 0 -0.514589 -0.262736 0.816191
-0.940243 0.465018 -5.790570 86 121 56 0 0.323767 -0.085897 -0.942229
-0.585400 0.078886 -5.821859 101 132 93 0 -0.079715 -0.474092 0.876860
-0.950910 0.196930 -5.759993 86 118 70 0 -0.133631 0.268586 0.953942
-1.088865 0.119419 -5.730126 97 132 85 0 0.308242 0.347336 0.885632
-0.966554 0.019153 -5.712348 100 130 90 0 0.451354 0.467767 0.759916
-0.747532 0.147863 -5.769237 89 122 75 0 0.119495 0.080050 0.989602
-0.933132 0.159241 -5.750037 81 116 63 0 -0.222388 0.206215 0.952900
-0.799443 0.428040 -5.789859 94 121 83 0 0.302123 0.008632 0.953230
-0.537755 0.261641 -5.782748 75 111 46 0 -0.087106 0.838213 0.538341
-0.786643 0.166352 -5.764971 85 119 72 0 0.110417 -0.016399 0.993750
-0.539889 0.208308 -5.744349 62 91 35 0 -0.523487 0.181495 0.832479
-0.794466 0.332041 -5.782748 99 115 73 0 0.231035 -0.094686 0.968327
-0.990732 0.448662 -5.811904 89 118 63 0 0.396709 -0.236243 -0.887024
-1.106642 0.333463 -5.783459 93 123 70 0 0.007880 0.158732 0.987290
-0.889754 0.149286 -5.751460 85 116 66 0 0.235484 0.055481 0.970293
-1.172776 0.156397 -5.706660 91 70 27 0 0.340691 0.621069 0.705835
-1.157131 0.386085 -5.756437 95 98 77 0 0.436273 -0.442760 0.783345
-0.735444 0.166352 -5.773504 88 122 71 0 0.001156 0.204554 0.978855
-0.622377 -0.046269 -5.787015 58 87 37 0 -0.545965 0.166033 0.821191
-0.855621 0.278707 -5.775637 86 113 65 0 -0.143137 0.667469 0.730751
-0.930287 0.525462 -5.795548 54 88 27 0 -0.577581 0.040557 0.815326
-0.680688 0.427329 -5.804081 75 105 62 0 0.016927 -0.402332 0.915337
-1.204775 0.289374 -5.786304 103 131 73 0 0.973910 0.221950 0.047301
-0.657933 -0.066180 -5.797681 73 103 62 0 0.726984 -0.095462 0.679987
-0.849932 0.447951 -5.777060 82 116 66 0 0.228646 -0.022745 0.973244
-0.702733 -0.117380 -5.740793 82 97 66 0 0.774800 0.543804 0.322432
-0.578289 0.172752 -5.762126 67 102 35 0 0.246602 -0.476356 0.843962
-0.660777 0.383952 -5.805504 79 112 66 0 0.166249 0.055416 0.984525
-0.923176 0.506973 -5.763548 83 117 59 0 0.159181 0.729201 0.665528
-0.732599 -0.112402 -5.704526 40 46 37 0 0.357771 0.539084 0.762488
-1.172065 0.346974 -5.776348 75 113 51 0 0.008900 -0.362371 0.931992
-0.999976 0.491329 -5.836792 45 48 39 0 0.682454 -0.602751 -0.413458
-0.917488 -0.037025 -5.705237 90 124 76 0 0.350250 0.396950 0.848384
-0.837843 0.154263 -5.757859 85 120 73 0 0.111502 0.237101 0.965065
-0.704866 0.408840 -5.801948 78 111 67 0 0.191268 0.001145 0.981537
-0.650822 0.130086 -5.788437 66 97 29 0 0.900027 -0.403362 -0.165077
-0.736866 0.506973 -5.790570 87 121 75 0 0.159334 -0.230441 0.959953
-0.755355 0.192663 -5.774926 84 117 70 0 0.087721 -0.087721 0.992275
-0.980776 0.225374 -5.765682 82 115 68 0 0.252341 0.260800 0.931830
-1.022732 0.226797 -5.764259 82 116 62 0 -0.102419 0.221275 0.969818
-1.012776 0.464307 -5.846748 53 80 30 0 -0.047110 -0.426685 0.903172
-1.004243 0.202619 -5.759993 74 107 49 0 -0.554102 0.159809 -0.816965
-0.885488 0.468574 -5.777060 64 100 45 0 -0.118998 -0.158255 0.980201
-0.534200 0.183419 -5.740082 45 44 27 0 -0.095734 0.095734 0.990793
-0.982909 0.433729 -5.798393 83 112 54 0 0.127907 -0.356215 -0.925608
-0.707710 -0.029203 -5.772082 86 119 70 0 0.285344 -0.070376 0.955838
-0.976510 0.088841 -5.738659 71 103 55 0 -0.293961 0.199225 0.934824
-0.714110 0.196930 -5.777060 80 112 64 0 0.229875 -0.015484 0.973097
-1.135798 0.256663 -5.772082 76 110 52 0 -0.204026 0.180333 0.962213
-0.547000 0.242441 -5.794837 70 103 34 0 0.001356 0.560008 -0.828486
-0.680688 0.506262 -5.799104 87 117 74 0 0.102359 -0.055116 0.993219
-0.758910 0.058264 -5.764971 86 116 72 0 0.087721 0.087721 0.992275
-0.739710 0.319241 -5.790570 87 113 70 0 0.072087 0.261791 0.962429
-0.817932 0.474262 -5.774926 95 129 86 0 0.417918 -0.268987 0.867750
-0.864154 0.367596 -5.783459 73 108 57 0 -0.174253 -0.205697 0.962977
-0.699888 0.282263 -5.789148 80 113 66 0 0.150854 0.229561 0.961533
-1.041932 0.399596 -5.801948 82 117 65 0 0.030492 0.417602 0.908118
-0.785221 0.189108 -5.768526 87 121 73 0 0.149235 0.087153 0.984953
-0.766732 0.520484 -5.777771 92 124 80 0 0.142908 0.040014 0.988927
-0.605311 0.259508 -5.808348 67 99 29 0 -0.182682 -0.134807 -0.973886
-1.046909 0.189819 -5.759993 82 118 64 0 0.062577 0.222088 0.973016
-0.642999 0.543240 -5.802660 85 121 66 0 0.094393 0.270248 0.958152
-0.931710 0.332041 -5.782037 81 115 61 0 -0.190965 0.094867 0.977002
-1.044776 0.125819 -5.743637 88 124 72 0 0.008145 0.205945 0.978530
-0.928154 0.412396 -5.788437 73 110 50 0 -0.221740 0.246531 0.943427
-0.675710 0.049019 -5.782748 86 113 69 0 0.300369 -0.079318 0.950519
-0.839266 0.403152 -5.782748 88 122 79 0 0.188955 -0.015070 0.981870
-0.620955 0.054708 -5.800526 88 120 70 0 0.613793 -0.205628 0.762217
-0.793043 0.059686 -5.757859 92 124 81 0 0.221066 0.173411 0.959718
-0.687799 -0.049114 -5.776348 84 112 72 0 0.625935 0.175140 0.759955
-0.815799 0.286530 -5.776348 130 116 98 0 0.371528 -0.054209 0.926838
-0.562644 0.396752 -5.815459 85 107 65 0 0.166013 -0.268591 0.948841
-1.100954 0.291507 -5.776348 89 117 64 0 0.157638 0.157638 0.974834
-0.597489 0.177019 -5.764259 80 116 46 0 0.095413 -0.418987 0.902965
-0.820066 0.214708 -5.767104 89 117 72 0 0.158255 0.118998 0.980201
-0.706288 0.354796 -5.799104 83 116 69 0 0.165906 0.135968 0.976723
-0.779532 -0.059069 -5.727993 89 122 78 0 0.127248 0.458952 0.879301
-0.865577 0.233908 -5.764259 90 119 72 0 -0.199087 0.191176 0.961154
-0.743977 -0.057647 -5.749326 93 128 82 0 0.595680 0.135179 0.791765
-0.617400 0.330618 -5.815459 72 106 27 0 -0.333204 -0.126482 -0.934332
-0.945932 0.262352 -5.772082 77 110 50 0 -0.505462 0.135470 -0.852148
-0.833577 0.245996 -5.772082 93 116 75 0 0.030940 0.062946 0.997537
-0.724777 0.525462 -5.791282 83 118 71 0 0.165732 -0.070346 0.983659
-0.738288 0.568129 -5.782748 89 94 70 0 0.214630 -0.350034 0.911817
-0.758199 0.475685 -5.788437 86 120 75 0 0.149918 -0.016908 0.988554
-0.864865 0.063241 -5.747193 72 100 32 0 -0.229659 -0.364236 -0.902546
-1.184864 0.319952 -5.788437 83 116 54 0 -0.252341 -0.260800 0.931830
-1.026998 0.450085 -5.835371 60 94 37 0 -0.246227 0.600668 0.760638
-0.773132 0.568840 -5.770659 83 85 67 0 0.387998 -0.468496 0.793706
-0.766732 0.246708 -5.777771 83 115 68 0 0.039551 0.127692 0.991025
-0.638022 0.346263 -5.804793 75 103 60 0 0.436898 0.263357 0.860095
-0.565489 0.246708 -5.778481 69 103 48 0 -0.291076 0.561474 0.774611
-0.801577 -0.029203 -5.737237 101 126 87 0 0.127957 0.563307 0.816280
-0.775266 -0.096758 -5.685327 56 61 46 0 0.507104 0.713271 0.483827
-0.807266 0.135063 -5.759282 87 120 72 0 0.364851 0.190295 0.911412
-0.812243 -0.038447 -5.723726 89 122 76 0 0.443362 0.414342 0.794827
-1.130820 0.139330 -5.714482 109 142 94 0 0.696363 0.365386 0.617715
-0.911088 0.140752 -5.744349 170 120 120 0 0.340230 -0.103548 0.934624
-0.663622 0.361907 -5.804081 81 114 69 0 0.135678 0.188935 0.972571
-1.059709 0.066086 -5.713059 91 126 80 0 0.198067 0.466127 0.862261
-0.642999 0.303596 -5.796259 82 114 70 0 0.023488 0.285567 0.958071
-0.604600 0.363329 -5.813326 95 126 86 0 0.278304 -0.038688 0.959713
-0.766021 0.289374 -5.784171 89 120 80 0 0.070333 0.118759 0.990429
-1.175620 0.272307 -5.784171 71 108 40 0 -0.341354 0.293654 0.892886
-0.952332 0.165641 -5.755726 72 105 53 0 0.246662 0.342992 0.906374
-0.552689 0.120841 -5.769948 72 92 43 0 -0.079779 -0.659992 0.747024
-0.886910 0.384663 -5.784171 69 102 52 0 0.095565 -0.245920 0.964568
-1.130109 0.413818 -5.774926 99 100 80 0 0.612396 0.239633 0.753357
-0.849932 0.526173 -5.750037 72 108 44 0 -0.318739 -0.277611 0.906277
-0.720510 0.425907 -5.799104 99 109 76 0 0.465777 0.039381 0.884025
-0.774555 0.115152 -5.763548 89 124 76 0 0.151127 0.007836 0.988483
-0.712688 0.560307 -5.791282 97 128 85 0 0.196558 0.001149 0.980491
-1.132954 0.322796 -5.779904 87 122 63 0 -0.109764 0.109764 0.987878
-0.627355 0.231774 -5.799815 62 93 24 0 0.600583 -0.758216 -0.253790
-0.521400 0.255952 -5.774215 76 86 57 0 -0.006918 0.767863 0.640577
-0.852777 -0.054803 -5.703104 87 119 74 0 0.409502 0.531202 0.741709
-0.662911 0.184841 -5.778481 74 105 52 0 0.143415 0.064129 0.987583
-0.861310 0.296485 -5.777060 84 117 66 0 0.062461 0.062461 0.996091
-0.642999 0.029108 -5.790570 89 120 74 0 0.165637 0.181045 0.969426
-1.132242 0.388929 -5.771370 109 143 89 0 0.670288 -0.101648 0.735107
-0.678555 0.091686 -5.784171 63 89 23 0 -0.109515 -0.339362 -0.934259
-1.186998 0.220397 -5.764971 86 123 63 0 0.095515 0.703874 0.703874
-1.042643 0.260930 -5.770659 77 110 60 0 -0.039098 -0.110592 0.993097
-0.600333 0.008486 -5.809059 94 125 78 0 0.649558 0.348503 0.675737
-0.648688 -0.076136 -5.816170 78 79 63 0 0.605729 -0.635932 0.478207
-0.720510 0.002797 -5.769948 82 112 58 0 0.355365 0.134126 0.925055
-0.692066 0.239596 -5.782037 73 106 58 0 0.095837 0.166199 0.981424
-0.969398 0.295063 -5.778481 73 108 52 0 -0.230441 0.159334 0.959953
-0.948065 0.514796 -5.792704 99 128 77 0 0.301511 0.301511 -0.904534
-0.593933 0.061819 -5.826126 97 127 81 0 0.588324 -0.434993 0.681656
-0.569755 0.144308 -5.782037 68 95 39 0 -0.213906 -0.032265 -0.976321
-1.003532 0.019864 -5.735104 113 73 61 0 0.174474 -0.159192 -0.971708
-1.058287 0.432307 -5.823993 85 121 65 0 0.199435 0.672512 0.712708
-0.616688 -0.067603 -5.783459 42 44 36 0 -0.404090 -0.253871 0.878784
-0.586111 0.404574 -5.811904 83 114 59 0 0.064403 -0.268977 0.960991
-0.607444 -0.027069 -5.787015 86 110 66 0 0.093864 0.452509 0.886806
-1.130109 0.166352 -5.738659 95 131 82 0 0.269463 0.693588 0.668076
-0.601755 0.196930 -5.780615 62 94 31 0 0.008977 -0.380863 -0.924588
-0.618111 -0.009292 -5.793415 89 122 75 0 0.001193 0.254023 0.967197
-0.728333 -0.013558 -5.767104 87 122 72 0 0.389710 0.205802 0.897648
-0.527089 0.204041 -5.767104 77 108 41 0 0.460538 -0.460538 -0.758822
-1.025576 0.090975 -5.734393 93 118 75 0 0.062425 0.284098 0.956761
-0.784510 0.001375 -5.751460 88 122 76 0 0.306927 0.093527 0.947127
-0.656511 0.214708 -5.789859 64 93 30 0 -0.229561 -0.150854 -0.961533
-1.076065 0.152130 -5.748615 89 124 74 0 0.056185 0.459070 0.886622
-0.748244 0.460040 -5.793415 83 116 69 0 0.261476 0.008435 0.965173
-0.980065 0.354796 -5.788437 72 107 50 0 -0.260692 0.174245 0.949567
-0.795888 0.372574 -5.791282 82 110 62 0 0.302484 0.031378 0.952638
-0.817932 0.543240 -5.750748 95 128 82 0 0.548171 -0.554918 0.625759
-0.920332 0.273019 -5.773504 77 111 62 0 0.473868 0.270120 0.838144
-0.978643 0.279419 -5.779193 84 107 59 0 -0.222274 0.008232 0.974949
-1.086731 0.071775 -5.709504 98 120 88 0 0.206192 0.434634 0.876686
-0.592511 0.248130 -5.782037 77 109 58 0 0.102945 0.277561 0.955176
-0.851354 0.248841 -5.774215 101 116 58 0 0.488752 -0.268426 -0.830102
-0.631622 0.169197 -5.775637 60 91 47 0 -0.205128 0.032014 0.978211
-1.022732 0.353374 -5.789859 84 118 66 0 0.142677 0.206947 0.967893
-0.766021 0.151419 -5.767104 87 118 71 0 0.196990 0.015153 0.980288
-0.709844 0.109464 -5.774215 82 114 68 0 0.093980 0.071334 0.993015
-1.056865 0.232485 -5.765682 89 110 57 0 0.388693 -0.071283 -0.918606
-0.586111 0.221108 -5.769948 72 106 50 0 -0.651417 0.070775 0.755412
-0.990021 0.105197 -5.744349 74 107 56 0 -0.293188 0.270079 0.917114
-0.886199 0.442974 -5.777771 64 97 41 0 -0.341040 -0.142215 0.929229
-0.658644 0.060397 -5.784882 88 119 75 0 -0.302292 -0.039209 0.952409
-0.614555 0.148575 -5.776348 65 100 44 0 0.183565 -0.571935 0.799496
-0.603889 0.042619 -5.819015 86 116 67 0 0.846322 0.183594 0.500032
-0.805132 -0.061203 -5.717326 95 130 80 0 -0.148899 0.633196 0.759534
-0.720510 0.373996 -5.798393 77 109 63 0 0.173897 0.070758 0.982218
-1.094554 0.425907 -5.804081 99 134 82 0 0.414110 0.499223 0.761111
-0.667888 0.327774 -5.800526 78 109 63 0 0.111853 0.079566 0.990534
-0.919621 0.428040 -5.787726 63 99 39 0 -0.270335 -0.142492 0.952164
-0.568333 0.088841 -5.829681 43 42 35 0 0.601334 -0.775767 -0.191264
-1.148598 0.216130 -5.764971 81 112 62 0 0.349686 0.301661 0.886973
-1.029843 0.287952 -5.777060 76 111 59 0 0.157888 0.054969 0.985926
-0.886910 -0.013558 -5.723015 83 116 70 0 0.212690 0.157886 0.964280
-0.672155 0.464307 -5.802660 71 102 58 0 0.174261 -0.024235 0.984401
-0.650111 0.235330 -5.779904 80 107 65 0 0.001112 0.150135 0.988665
-1.130820 0.116575 -5.708082 73 82 69 0 0.393366 0.252771 0.883951
-1.084598 0.257374 -5.771370 90 120 64 0 0.117166 0.433373 0.893566
-0.948065 0.285107 -5.774215 74 109 54 0 -0.133181 0.109184 0.985059
-0.682110 0.116575 -5.777771 81 114 63 0 0.188932 -0.079229 0.978789
-1.115176 0.361196 -5.782037 95 130 79 0 0.293142 -0.103849 0.950412
-0.637311 0.090975 -5.783459 93 122 79 0 0.103706 -0.244540 0.964077
-1.194820 0.281552 -5.799815 62 96 28 0 -0.554102 0.159809 0.816965
-0.871977 0.177730 -5.757148 92 119 74 0 0.213285 -0.015319 0.976870
-1.110909 0.232485 -5.765682 80 115 59 0 -0.189895 0.166642 0.967559
-0.949487 0.433729 -5.795548 59 94 34 0 -0.212562 0.357162 0.909534
-0.967265 0.401018 -5.792704 70 107 46 0 -0.086035 0.397398 0.913605
-1.002821 0.034797 -5.707371 63 61 33 0 0.055789 -0.759587 0.648009
-0.583977 0.282263 -5.799104 86 119 71 0 0.357162 0.212562 0.909534
-0.584689 -0.009292 -5.803370 46 48 36 0 0.149851 0.467010 0.871462
-0.970821 0.064664 -5.731548 154 98 94 0 0.318359 0.079917 0.944596
-0.656511 0.002797 -5.790570 82 114 65 0 0.656264 0.046978 0.753067
-0.731177 0.359774 -5.796970 82 114 70 0 0.134823 0.127535 0.982628
-0.598911 0.111597 -5.803370 57 86 18 0 -0.277163 0.436417 -0.855991
-0.642288 0.252396 -5.799815 66 97 29 0 -0.381213 0.278753 -0.881461
-0.911799 0.521196 -5.784171 51 82 17 0 -0.444728 0.236686 0.863827
-1.026287 0.392485 -5.799104 80 114 65 0 0.048282 0.175463 0.983301
-0.934554 0.127241 -5.755015 67 90 32 0 -0.292461 -0.380351 -0.877383
-0.938821 0.238885 -5.769237 75 108 54 0 -0.063750 0.135614 0.988709
-0.965132 0.317107 -5.779904 71 109 53 0 -0.119300 0.229619 0.965941
-0.906110 0.221108 -5.763548 83 117 59 0 0.031556 0.309246 0.950458
-0.852777 0.162797 -5.755726 91 124 78 0 -0.102789 0.151161 0.983150
-0.810110 0.026975 -5.747193 87 122 73 0 0.165530 0.461433 0.871596
-1.044065 0.148575 -5.750037 83 120 68 0 -0.086747 0.230067 0.969301
-0.911088 0.354796 -5.785593 76 109 54 0 0.031930 0.102396 0.994231
-0.834999 0.027686 -5.746482 81 113 61 0 0.520855 0.299214 0.799488
-0.856332 0.463596 -5.773504 79 114 67 0 0.001085 -0.118289 0.992979
-1.118020 0.259508 -5.768526 82 112 50 0 0.030670 -0.141991 -0.989393
-0.794466 0.034797 -5.754304 89 123 73 0 0.301346 0.047046 0.952354
-0.633755 0.425907 -5.804793 80 111 63 0 -0.094630 0.022842 0.995250
-0.719799 0.487062 -5.795548 80 115 65 0 0.156626 0.062415 0.985684
-0.800155 0.177019 -5.765682 85 118 63 0 0.412234 0.292701 0.862780
-0.977221 0.453640 -5.799815 88 123 59 0 0.977512 0.046892 0.205602
-0.619533 0.122975 -5.781326 70 105 56 0 -0.022976 0.101752 0.994544
-0.902554 0.413818 -5.782037 76 104 48 0 -0.325583 -0.174669 0.929240
-0.753932 0.440840 -5.796259 85 119 76 0 -0.094535 -0.331539 0.938693
-0.798732 -0.005025 -5.744349 85 119 74 0 0.212312 0.118233 0.970023
-0.652955 0.426618 -5.804793 87 117 77 0 -0.007880 -0.158732 0.987290
-0.982198 0.042619 -5.736526 132 79 72 0 0.523104 -0.349273 -0.777413
-0.767444 0.220397 -5.772082 89 103 65 0 0.173897 0.070758 0.982218
-0.779532 0.098797 -5.764259 88 123 74 0 0.283766 0.086814 0.954956
-0.655088 0.265196 -5.794837 68 99 28 0 0.039630 -0.490590 -0.870489
-0.672155 -0.014981 -5.783459 77 107 54 0 0.056098 -0.127080 0.990305
-0.564066 0.209019 -5.761415 70 104 43 0 -0.419414 0.204556 0.884448
-0.834288 0.105197 -5.755015 86 117 71 0 0.198204 0.346500 0.916871
-0.767444 -0.022092 -5.752882 86 119 75 0 0.308835 0.001230 0.951115
-0.672866 0.253819 -5.784171 76 110 58 0 0.150855 0.300351 0.941824
-0.950199 0.337729 -5.783459 82 117 61 0 -0.064064 0.260025 0.963474
-0.889043 0.021997 -5.737948 92 118 73 0 0.285973 0.205064 0.936039
-1.212598 0.242441 -5.772793 92 122 54 0 0.316715 -0.909278 -0.270010
-1.080331 0.348396 -5.787726 88 123 66 0 -0.008742 0.325940 0.945350
-1.156420 0.171330 -5.725860 93 130 76 0 0.206322 0.687223 0.696531
-0.645844 0.176308 -5.783459 69 96 38 0 0.458081 -0.093858 -0.883942
-0.752510 0.417374 -5.799104 81 112 67 0 -0.213906 -0.032265 0.976321
-0.548422 0.138619 -5.766393 81 107 53 0 0.973694 -0.054976 -0.221128
-0.867710 0.341285 -5.780615 81 116 61 0 -0.183224 -0.014981 0.982957
-0.837132 0.078886 -5.751460 82 107 54 0 0.486099 -0.160075 0.859118
-0.542733 0.153552 -5.745059 44 41 26 0 0.118120 -0.390491 0.912998
-0.810110 0.322796 -5.786304 75 102 35 0 -0.014820 -0.165305 -0.986131
-1.132242 0.212574 -5.762837 79 113 58 0 0.064064 0.260025 0.963474
-1.075354 0.125819 -5.737948 99 127 82 0 0.300466 0.388928 0.870893
-0.864154 0.434440 -5.774926 85 122 62 0 -0.040518 0.086511 0.995427
-0.642288 0.461462 -5.805504 70 102 55 0 0.245420 0.157865 0.956477
-0.885488 -0.048403 -5.705237 82 115 68 0 -0.055059 0.577415 0.814592
-0.716955 -0.103869 -5.735815 90 124 72 0 0.585562 0.720060 0.372332
-0.911088 0.538973 -5.767815 97 126 69 0 0.158221 0.191666 -0.968623
-0.785932 0.515507 -5.776348 96 129 87 0 0.220326 -0.308457 0.925371
-0.800155 -0.074003 -5.702393 95 128 79 0 0.286561 0.696391 0.657969
-0.776688 0.444396 -5.789859 85 117 75 0 0.182148 -0.197873 0.963156
-0.628066 0.105197 -5.794126 66 91 30 0 -0.175731 -0.014931 -0.984325
-0.768155 -0.085380 -5.708793 85 119 73 0 0.659294 0.652718 0.373216
-1.072509 0.217552 -5.764971 83 119 65 0 0.032014 0.205128 0.978211
-0.890465 0.334174 -5.782037 96 112 70 0 0.001156 0.204554 0.978855
-0.696333 0.127241 -5.775637 83 119 71 0 -0.024674 0.078314 0.996623
-1.088865 0.437285 -5.814748 111 136 94 0 0.411336 0.389101 0.824259
-1.161398 0.202619 -5.752171 87 120 73 0 0.286311 0.641401 0.711780
-0.611711 0.402440 -5.805504 83 114 73 0 0.087721 -0.087721 0.992275
-0.916065 0.110175 -5.745770 107 112 71 0 0.516036 0.191069 0.834985
-0.885488 0.525462 -5.759282 83 113 53 0 0.827412 0.102883 -0.552091
-0.795888 0.086708 -5.760704 93 115 77 0 0.243848 0.166563 0.955403
-1.149309 0.320663 -5.781326 86 120 60 0 0.015898 -0.071012 0.997349
-0.665755 -0.055514 -5.787726 73 101 58 0 0.523576 -0.364720 0.769965
-0.586111 0.145730 -5.770659 69 103 36 0 -0.340230 -0.103548 0.934624
-0.685666 0.446529 -5.801948 74 104 63 0 -0.079448 0.007415 0.996811
-0.709844 0.014886 -5.773504 87 116 69 0 0.405449 0.063309 0.911923
-1.218287 0.224663 -5.771370 73 88 49 0 -0.015310 0.766875 0.641614
-1.140065 0.162797 -5.723726 92 129 75 0 0.427054 0.379427 0.820768
-0.766732 -0.056225 -5.737948 86 115 73 0 0.276375 0.707712 0.650200
-0.638022 -0.046980 -5.791993 64 97 45 0 -0.229508 -0.086536 0.969452
-0.987176 0.136486 -5.751460 75 99 43 0 0.182912 -0.078737 -0.979971
-1.097398 0.167063 -5.750748 90 120 72 0 0.167526 0.356169 0.919282
-0.569044 0.432307 -5.806215 72 75 52 0 0.253699 -0.207073 0.944858
-0.847088 0.314974 -5.779193 87 121 69 0 -0.016337 0.322963 0.946270
-0.906821 0.506973 -5.796259 54 89 22 0 0.979855 -0.189222 0.063877
-0.959443 0.218263 -5.766393 81 108 51 0 0.442760 0.783345 -0.436273
-0.940954 -0.016403 -5.706660 95 130 85 0 0.435909 0.229189 0.870319
-0.721221 0.317818 -5.792704 87 115 74 0 0.222027 0.141526 0.964715
-0.655799 0.194085 -5.789859 67 99 26 0 0.325827 0.721359 -0.611129
-1.043354 0.327774 -5.784171 86 119 65 0 0.048310 0.054751 0.997331
-1.016332 0.418796 -5.795548 89 121 54 0 0.777088 -0.461040 0.428458
-0.688510 0.078175 -5.773504 85 116 70 0 0.270095 0.110909 0.956424
-1.182020 0.241019 -5.774926 90 127 60 0 -0.213598 0.492337 0.843789
-0.786643 0.472129 -5.787015 89 120 80 0 0.269265 -0.133969 0.953703
-0.756066 0.264485 -5.782037 84 118 64 0 0.126466 0.246413 0.960878
-1.197664 0.250263 -5.785593 73 108 39 0 -0.404957 0.427365 0.808313
-0.724777 0.242441 -5.779904 81 115 63 0 0.063748 0.086116 0.994244
-0.965132 0.132219 -5.747193 77 101 47 0 -0.070899 -0.086654 -0.993712
-0.987887 0.368307 -5.792704 76 112 52 0 0.054969 0.157888 0.985926
-1.181309 0.359774 -5.772793 68 78 50 0 -0.222688 -0.365325 0.903852
-0.979354 0.036930 -5.718749 84 63 33 0 -0.032189 -0.993423 -0.109887
-0.635177 0.286530 -5.801237 68 102 21 0 -0.079804 -0.477423 -0.875042
-0.702733 0.573107 -5.793415 88 97 70 0 0.244984 -0.302290 0.921197
-1.109487 0.277996 -5.774215 85 114 52 0 0.001071 -0.101730 -0.994811
-0.544155 0.231774 -5.760704 65 99 37 0 -0.023143 0.515959 0.856301
-0.935976 0.110175 -5.747904 147 135 101 0 0.465344 -0.259549 -0.846220
-0.549844 0.360485 -5.836792 108 121 89 0 0.426678 0.276805 0.861002
-0.526378 0.263063 -5.798393 80 113 37 0 0.666830 -0.586610 -0.459594
-0.854199 -0.017114 -5.730837 79 111 56 0 0.539139 0.792108 -0.286171
-1.131531 0.189819 -5.753593 92 121 73 0 0.467578 0.490709 0.735238
-0.630199 0.209019 -5.775637 69 103 46 0 -0.221128 0.054976 0.973694
-1.065398 0.258796 -5.772793 73 108 55 0 -0.040186 0.237466 0.970564
-1.155709 0.289374 -5.779193 82 118 52 0 -0.340768 0.118115 0.932698
-0.615977 0.078886 -5.795548 89 121 74 0 0.315536 -0.433668 0.844020
-0.903265 0.500573 -5.774926 77 107 50 0 0.046416 0.277241 -0.959679
-0.990732 0.168486 -5.754304 85 115 70 0 0.016494 0.117655 0.992918
-0.843532 0.506262 -5.768526 89 118 56 0 0.355014 0.672399 -0.649495
-1.083887 0.448662 -5.824704 89 98 75 0 0.578378 0.094222 0.810309
-0.669311 0.547507 -5.802660 89 122 77 0 0.214073 -0.008189 0.976783
-0.865577 0.413107 -5.778481 79 112 61 0 0.046825 -0.070782 0.996392
-0.575444 0.314263 -5.814037 95 124 83 0 0.405599 0.540252 0.737304
-0.918199 0.491329 -5.782037 83 115 56 0 0.491453 0.103989 -0.864673
-0.615977 0.529018 -5.804081 86 118 60 0 -0.142128 0.094354 0.985341
-0.738999 -0.034892 -5.757859 90 119 76 0 0.499906 0.380188 0.778172
-0.895443 0.080308 -5.743637 82 114 61 0 -0.165195 0.150063 0.974778
-0.558377 0.302885 -5.817593 93 123 79 0 0.183968 0.507034 0.842065
-0.838554 0.339152 -5.781326 92 124 80 0 0.228081 0.182732 0.956341
-0.999976 0.263063 -5.773504 77 107 42 0 -0.172716 -0.165040 -0.971046
-0.737577 0.380396 -5.796970 80 109 66 0 0.001014 -0.039563 0.999217
-0.606022 0.429463 -5.808348 76 110 57 0 -0.048017 -0.048017 0.997692
-0.917488 0.459329 -5.788437 66 101 33 0 -0.428260 0.301483 0.851881
-0.997132 0.306441 -5.782748 88 111 63 0 -0.009098 0.412022 0.911128
-1.110909 0.391063 -5.783459 105 139 86 0 0.610682 -0.023648 0.791522
-0.802288 0.217552 -5.769948 79 104 42 0 -0.180371 0.157345 -0.970932
-1.024154 0.051864 -5.712348 81 115 68 0 0.254721 0.798544 0.545385
-0.982909 0.024130 -5.708793 79 78 64 0 -0.071506 0.506151 0.859475
-0.716955 -0.056936 -5.764259 91 123 76 0 0.310642 0.316588 0.896255
-0.795177 0.312130 -5.784171 115 112 89 0 0.355326 -0.032302 0.934184
-1.010643 0.167063 -5.753593 90 115 64 0 0.039098 0.110592 0.993097
-0.700599 0.498440 -5.799104 91 124 78 0 0.299175 0.008618 0.954159
-0.948776 0.453640 -5.797681 65 102 32 0 -0.300351 0.150855 0.941824
-0.734021 -0.095336 -5.728704 83 117 69 0 0.650203 0.663372 0.370369
-0.844243 0.014175 -5.742926 72 102 42 0 -0.379408 -0.721039 -0.579787
-1.012776 0.467151 -5.831104 91 114 67 0 0.532542 -0.452909 -0.715033
-1.039087 0.177019 -5.755726 81 113 63 0 0.038490 0.269430 0.962250
-1.073220 0.433729 -5.819726 90 126 75 0 0.136419 0.724071 0.676100
-0.574022 0.270885 -5.794837 77 108 61 0 0.103183 0.467856 0.877761
-0.965843 0.258796 -5.776348 78 108 53 0 0.103706 0.244540 0.964077
-0.645133 0.511951 -5.803370 84 113 74 0 -0.023155 -0.007047 0.999707
-0.967265 0.507685 -5.824704 51 80 21 0 -0.577877 -0.221545 0.785478
-0.561933 0.115864 -5.781326 77 114 43 0 -0.196325 -0.814215 0.546361
-1.081043 0.404574 -5.798393 93 128 75 0 0.238912 0.522524 0.818468
-1.066820 0.078886 -5.718038 93 126 80 0 0.213137 0.485227 0.848014
-1.105220 0.376129 -5.785593 96 130 79 0 0.317364 -0.088230 0.944191
-0.767444 0.128663 -5.765682 90 124 79 0 0.284098 0.062425 0.956761
-0.815799 0.560307 -5.741504 65 66 44 0 0.390611 -0.451694 0.802119
-0.926021 0.192663 -5.760704 87 107 63 0 -0.127765 0.307982 0.942774
-0.578289 0.157108 -5.782037 67 96 37 0 -0.370894 0.062480 -0.926571
-0.767444 0.309996 -5.787015 87 118 74 0 0.189392 0.205285 0.960203
-0.922465 0.319952 -5.779904 82 117 62 0 -0.125472 0.111133 0.985853
-0.699177 0.165641 -5.777060 79 110 59 0 0.204554 0.001156 0.978855
-0.733310 -0.077558 -5.747904 98 132 85 0 0.293555 0.704211 0.646462
-0.827177 0.392485 -5.785593 92 124 80 0 0.095226 0.031742 0.994949
-1.041220 0.074619 -5.723015 88 124 76 0 0.236524 0.341001 0.909821
-1.029132 0.120130 -5.745059 87 122 70 0 0.110217 0.182044 0.977094
-0.955176 0.382529 -5.788437 79 115 53 0 -0.206655 0.157266 0.965692
-0.684955 -0.119514 -5.782748 78 102 59 0 0.594486 0.634904 0.493440
-0.716955 0.255241 -5.782748 78 110 61 0 0.157630 0.111197 0.981218
-0.942376 0.400307 -5.789148 66 101 42 0 -0.040276 -0.079464 0.996024
-0.854199 0.400307 -5.782037 85 119 73 0 0.070899 -0.086654 0.993712
-0.677844 0.373285 -5.804793 73 107 47 0 -0.570445 0.815954 -0.093871
-0.761044 0.043330 -5.763548 92 123 77 0 0.228688 0.111150 0.967134
-0.921043 0.240308 -5.767104 73 108 58 0 0.189908 -0.008057 0.981769
-0.759621 0.375418 -5.794126 91 99 67 0 0.087056 0.354922 0.930834
-0.613844 0.566707 -5.808348 87 115 59 0 -0.357267 0.158318 0.920487
-0.991443 0.472129 -5.819726 93 123 70 0 0.458351 -0.158604 -0.874505
-0.904688 0.284396 -5.777060 80 115 66 0 -0.127765 0.307982 0.942774
-1.075354 0.315685 -5.781326 84 119 65 0 -0.127049 0.127049 0.983726
-0.668599 -0.040580 -5.782037 75 109 54 0 0.394455 -0.046485 0.917739
-0.644422 -0.033469 -5.794126 70 99 28 0 0.972960 -0.197613 0.119575
-0.674288 0.342707 -5.799104 80 110 61 0 0.102994 0.064513 0.992588
-1.157842 0.341996 -5.777060 88 123 63 0 -0.174694 -0.206217 0.962786
-0.780244 0.531151 -5.773504 97 130 86 0 0.277424 -0.342700 0.897548
-0.611000 0.260219 -5.785593 82 116 68 0 0.008435 0.261476 0.965173
-0.588244 0.119419 -5.784171 60 86 25 0 -0.253588 -0.048244 -0.966109
-0.841399 0.189819 -5.761415 91 123 79 0 0.189908 0.008057 0.981769
-0.810110 0.437996 -5.786304 88 122 79 0 0.286371 -0.269102 0.919552
-0.726910 0.543240 -5.788437 90 123 77 0 0.173819 -0.150982 0.973135
-0.933132 -0.029203 -5.703815 97 131 86 0 0.276411 0.554401 0.785007
-0.641577 -0.065469 -5.808348 42 45 31 0 0.182628 -0.695215 0.695215
-0.918910 0.386796 -5.784171 74 109 47 0 -0.014894 0.000993 0.999889
-0.721933 0.440840 -5.799815 80 109 68 0 0.158613 -0.023963 0.987050
-0.973665 0.331330 -5.782748 69 105 49 0 -0.149479 0.316786 0.936644
-0.927443 0.371863 -5.784171 71 104 51 0 -0.134807 0.182682 0.973886
-0.914643 -0.009292 -5.715904 87 121 74 0 0.237015 0.262259 0.935438
-0.874110 0.307863 -5.779904 85 111 68 0 -0.054165 0.198605 0.978582
-0.549133 0.197641 -5.749326 65 96 34 0 -0.586046 0.141665 0.797798
-0.808688 0.401018 -5.789859 85 117 76 0 0.078975 -0.031374 0.996383
-0.682110 0.152130 -5.775637 80 115 58 0 -0.157888 -0.054969 0.985926
-0.657222 0.464307 -5.803370 74 106 67 0 0.048282 0.175463 0.983301
-0.752510 -0.079691 -5.726571 97 132 83 0 0.364720 0.769965 0.523576
-0.795888 0.558173 -5.757148 112 140 97 0 0.689308 -0.127096 0.713232
-0.788066 -0.093914 -5.678216 59 68 49 0 -0.104468 0.657709 0.745992
-0.556244 0.191952 -5.765682 67 96 36 0 0.238299 0.230035 -0.943556
-0.878377 -0.003603 -5.730126 86 119 72 0 0.262708 0.333154 0.905535
-0.860599 -0.025647 -5.720171 87 118 74 0 0.182133 0.641292 0.745368
-0.722644 0.181286 -5.774926 78 112 63 0 0.135260 0.001100 0.990809
-0.673577 0.314263 -5.796259 80 111 66 0 0.309332 0.133729 0.941504
-1.024865 0.033375 -5.699549 35 43 29 0 0.412365 -0.055072 0.909353
-0.876954 0.085997 -5.745059 89 118 69 0 0.213985 0.093853 0.972318
-1.046198 0.450796 -5.841770 72 90 48 0 -0.038819 0.284258 0.957962
-0.962287 0.086708 -5.735104 107 106 68 0 -0.016812 0.142343 0.989675
-0.984332 0.211152 -5.763548 82 115 59 0 0.300562 0.095812 0.948937
-0.767444 0.070353 -5.764971 87 116 75 0 0.212622 0.001162 0.977134
-1.206909 0.318530 -5.786304 89 105 69 0 0.925371 -0.220326 -0.308457
-0.724066 0.403152 -5.799815 82 110 68 0 0.111133 0.125472 0.985853
-0.562644 0.097375 -5.810482 82 109 65 0 0.001351 -0.838844 0.544370
-0.737577 0.137197 -5.771370 86 119 66 0 0.149666 -0.030847 0.988255
-0.955176 0.226797 -5.782037 92 105 69 0 -0.030562 0.966970 0.253050
-0.835710 0.431596 -5.780615 90 125 80 0 0.070899 0.086654 0.993712
-1.176331 0.258085 -5.780615 68 102 39 0 -0.351453 0.158224 0.922738
-1.103798 0.263063 -5.770659 83 116 56 0 0.230775 0.711165 0.664068
-1.150731 0.259508 -5.774215 77 113 51 0 -0.356215 0.127907 0.925608
-1.130820 0.308574 -5.777060 80 114 58 0 -0.237386 0.245715 0.939826
-1.022732 0.373996 -5.796259 81 110 62 0 0.436417 0.277163 0.855991
-0.966554 0.003508 -5.702393 99 124 90 0 0.556347 0.348731 0.754231
-0.827888 -0.027069 -5.731548 86 120 72 0 0.237224 0.736807 0.633120
-1.182020 0.178441 -5.725149 92 120 73 0 -0.015001 0.844128 0.535932
-0.723355 0.034797 -5.771370 86 119 76 0 0.141586 0.047195 0.988800
-0.628066 0.297907 -5.795548 85 117 69 0 0.032657 0.235855 0.971239
-1.002109 0.454351 -5.819015 84 112 59 0 0.205520 -0.213579 -0.955063
-1.051176 0.378974 -5.791993 84 118 67 0 -0.127103 0.449859 0.884009
-0.673577 0.103775 -5.777771 78 109 64 0 -0.141991 0.030670 0.989393
-0.804421 0.489196 -5.777771 94 127 88 0 0.001193 -0.254023 0.967197
-0.552689 0.320663 -5.833237 99 133 83 0 0.678527 0.435124 0.591835
-1.108065 0.430885 -5.801237 108 122 95 0 0.385358 0.569018 0.726441
-0.663622 0.160663 -5.777060 74 108 54 0 0.110962 0.094609 0.989311
-1.045487 0.279419 -5.772793 80 116 60 0 -0.197293 0.133650 0.971192
-1.211175 0.273019 -5.789859 100 126 71 0 0.664509 -0.286619 -0.690128
-0.963710 0.490618 -5.806215 105 135 84 0 0.539684 -0.127243 -0.832196
-0.849221 0.130797 -5.755015 88 121 74 0 0.134846 -0.016716 0.990726
-0.948065 0.500573 -5.796970 103 133 81 0 0.524360 0.331934 -0.784134
-0.568333 0.369018 -5.823993 102 133 92 0 0.458658 -0.133715 0.878495
-1.017043 0.329196 -5.785593 84 118 65 0 0.158648 0.079920 0.984095
-0.988598 0.393907 -5.795548 67 103 43 0 -0.094530 0.472650 0.876166
-0.793755 0.104486 -5.759282 85 119 74 0 0.086116 -0.063748 0.994244
-1.040509 0.312841 -5.783459 81 115 60 0 0.001112 0.150135 0.988665
-0.951621 0.017019 -5.717326 94 123 83 0 0.269133 0.561875 0.782218
-0.530644 0.158530 -5.756437 72 80 51 0 0.513995 0.071819 -0.854781
-0.706999 0.334885 -5.797681 85 116 71 0 0.111149 -0.072190 0.991178
-0.921043 0.166352 -5.752882 86 108 64 0 0.127994 0.476022 0.870070
-0.651533 0.556040 -5.805504 86 118 72 0 0.118764 0.125962 0.984900
-0.807266 0.528307 -5.761415 102 133 94 0 0.054756 -0.393973 0.917490
-0.720510 -0.107425 -5.722304 87 120 71 0 0.355830 0.864159 0.355830
-0.903976 0.061819 -5.735815 83 117 69 0 -0.007200 0.048346 0.998805
-0.593933 0.269463 -5.789859 81 114 68 0 0.292558 0.386540 0.874641
-1.064687 0.421640 -5.814037 85 120 67 0 0.245249 0.576414 0.779487
-0.560511 0.281552 -5.803370 84 118 69 0 0.183171 0.561624 0.806862
-0.700599 -0.045558 -5.771370 85 115 71 0 0.331521 0.190448 0.924026
-0.789488 0.261641 -5.777771 85 117 72 0 0.054165 0.198605 0.978582
-0.738999 0.181286 -5.774926 87 120 72 0 0.079101 0.102029 0.991632
-0.945932 0.371863 -5.787015 80 115 58 0 -0.030847 0.149666 0.988255
-0.630199 0.500573 -5.804081 77 111 62 0 0.165732 -0.070346 0.983659
-0.625222 0.218263 -5.787015 66 98 28 0 0.498102 -0.729777 -0.468315
-0.623088 0.026264 -5.799104 90 123 73 0 0.427199 0.030609 0.903639
-0.717666 0.292930 -5.789859 85 119 67 0 0.135412 0.220527 0.965936
-0.560511 0.257374 -5.786304 81 117 57 0 0.277493 0.515791 0.810529
-1.196242 0.334885 -5.786304 58 71 44 0 0.001292 -0.412244 0.911072
-0.601755 0.415240 -5.807637 77 110 59 0 -0.119056 -0.007646 0.992858
-0.584689 0.107330 -5.790570 78 112 61 0 0.324510 -0.579597 0.747503
-0.845666 -0.044136 -5.713771 88 121 75 0 0.323201 0.664267 0.674011
-0.896154 0.253108 -5.768526 87 122 70 0 0.237699 0.205100 0.949438
-1.059709 0.096664 -5.728704 95 129 81 0 0.001323 0.475046 0.879960
-0.949487 0.100930 -5.737237 132 108 83 0 0.189222 0.063877 0.979855
-0.862732 -0.003603 -5.737237 93 116 72 0 0.149804 0.691521 0.706653
-0.836421 0.367596 -5.784882 88 121 76 0 0.135001 -0.101550 0.985628
-1.012776 0.111597 -5.742926 87 122 71 0 -0.008848 0.350140 0.936656
-0.687088 0.175597 -5.777771 74 109 50 0 -0.055206 -0.055206 0.996948
-0.734733 0.232485 -5.777060 85 114 66 0 0.111502 0.237101 0.965065
-0.785932 0.431596 -5.791282 86 116 70 0 -0.062049 -0.148684 0.986936
-0.757488 0.326352 -5.791993 92 112 71 0 0.054961 0.300370 0.952238
-0.641577 0.441551 -5.803370 78 110 57 0 0.048310 -0.054751 0.997331
-1.066109 0.242441 -5.769237 91 114 66 0 0.054470 0.206986 0.976826
-0.895443 0.543240 -5.769948 58 89 23 0 -0.563578 -0.262166 0.783358
-0.907532 0.169908 -5.759993 88 102 52 0 0.158353 -0.095495 -0.982754
-0.600333 0.076753 -5.811193 96 129 84 0 0.768833 -0.452159 0.452159
-0.648688 0.391063 -5.805504 74 106 60 0 0.278718 0.222695 0.934197
-0.571177 0.193374 -5.759993 64 95 40 0 -0.474196 0.143564 0.868635
-0.939532 0.149286 -5.757859 70 98 37 0 -0.175069 0.063120 -0.982531
-0.931710 0.482085 -5.789859 93 123 71 0 0.442052 -0.102444 -0.891120
-0.893310 0.300041 -5.777771 87 119 71 0 0.039782 0.135260 0.990011
-0.652244 0.230352 -5.792704 72 91 32 0 -0.380296 -0.094052 -0.920070
-1.075354 0.335596 -5.785593 78 113 58 0 0.314611 0.143005 0.938386
-0.561933 0.109464 -5.794126 70 104 49 0 -0.183968 -0.842065 0.507034
-0.980776 0.499862 -5.831815 54 73 25 0 -0.555026 0.230359 0.799300
-1.092420 0.108041 -5.723015 103 138 90 0 0.341968 0.388389 0.855694
-0.797310 0.073197 -5.757859 90 115 68 0 0.182912 0.078737 0.979971
-1.168509 0.378263 -5.755726 67 70 56 0 0.641258 -0.641258 0.421398
-0.726199 0.458618 -5.796970 85 117 79 0 0.292252 0.046811 0.955195
-0.931710 0.204752 -5.764259 85 108 61 0 -0.167272 0.103782 0.980433
-0.908954 0.317107 -5.779193 79 112 64 0 0.117573 0.110448 0.986903
-0.665755 0.401729 -5.805504 83 116 71 0 -0.180371 0.157345 0.970932
-0.924599 0.062530 -5.735815 82 116 66 0 0.134386 0.032749 0.990388
-0.826466 0.172752 -5.761415 86 119 71 0 0.110485 0.182486 0.976981
-0.930999 0.074619 -5.738659 90 121 68 0 0.015401 0.221544 0.975029
-0.876954 0.273730 -5.773504 85 118 70 0 0.093987 0.174548 0.980153
-0.960865 -0.015692 -5.695993 67 75 63 0 0.451860 0.442073 0.774851
-0.774555 -0.089647 -5.697415 93 124 77 0 0.387237 0.746697 0.540824
-0.911799 0.094530 -5.743637 83 106 52 0 -0.221879 -0.182021 -0.957934
-0.823621 0.053997 -5.752171 87 120 73 0 0.451424 0.158216 0.878171
-0.866288 0.524040 -5.758571 62 98 36 0 -0.174001 -0.109830 0.978602
-0.704866 0.455774 -5.799104 82 109 72 0 0.031456 -0.007103 0.999480
-0.758910 0.349107 -5.792704 76 107 64 0 0.126280 0.046644 0.990897
-0.826466 0.265196 -5.774926 109 111 84 0 0.457677 0.070518 0.886318
-1.145042 0.351241 -5.776348 89 123 68 0 0.157865 -0.245420 0.956477
-0.600333 0.205463 -5.769948 69 99 51 0 -0.048578 0.181280 0.982231
-0.676422 0.026264 -5.784882 89 120 73 0 0.182153 0.149035 0.971910
-0.992154 0.056130 -5.736526 48 55 21 0 0.997202 -0.039716 -0.063331
-0.697755 0.131508 -5.788437 63 93 25 0 -0.141713 -0.954905 -0.260910
-1.059709 0.185552 -5.758571 86 121 63 0 0.046919 0.133892 0.989885
-0.935976 0.344841 -5.783459 80 113 57 0 -0.118005 0.063012 0.991012
-0.842110 0.279419 -5.774926 85 115 68 0 -0.245767 0.196885 0.949123
-0.569755 0.073197 -5.840348 58 56 49 0 0.434474 -0.816429 0.380364
-0.930999 0.525462 -5.782037 99 129 75 0 0.166642 0.189895 -0.967559
-0.885488 0.113730 -5.747193 82 112 62 0 0.238601 -0.427682 0.871870
-1.056154 0.054708 -5.706660 88 121 77 0 0.135959 0.634974 0.760475
-0.893310 -0.002181 -5.726571 85 120 74 0 0.388954 0.515893 0.763262
-0.938110 0.018442 -5.722304 87 119 76 0 0.309465 0.443204 0.841310
-0.972243 0.500573 -5.811904 116 145 95 0 0.575088 -0.094158 -0.812655
-0.994998 0.242441 -5.767815 75 106 42 0 -0.292462 -0.286642 -0.912306
-0.753932 0.243152 -5.775637 85 118 74 0 0.000993 0.014894 0.999889
-0.916776 -0.048403 -5.698126 76 86 61 0 0.523171 0.746216 0.411649
-0.645844 0.063953 -5.790570 86 117 74 0 0.517459 -0.228787 0.824556
-0.620244 0.168486 -5.782748 62 93 29 0 -0.046803 -0.410526 -0.910647
-1.150020 0.374707 -5.765682 100 135 78 0 0.467140 -0.477044 0.744453
-0.613133 0.378974 -5.810482 86 118 70 0 -0.135260 -0.039782 0.990011
-1.230375 0.235330 -5.789859 54 58 43 0 0.777910 -0.294301 -0.555196
-0.720510 -0.024225 -5.764971 86 120 70 0 0.077946 0.214043 0.973709
-1.135087 0.288663 -5.776348 77 112 54 0 0.001050 0.078785 0.996891
-0.808688 0.065375 -5.755726 84 117 70 0 0.078975 -0.031374 0.996383
-0.585400 0.024842 -5.823993 89 111 74 0 0.309842 0.380053 0.871526
-0.773844 0.196219 -5.772082 85 119 71 0 0.087909 0.206773 0.974432
-0.858465 0.105908 -5.751460 82 110 56 0 0.094972 0.118422 0.988411
-0.812243 0.459329 -5.780615 95 129 80 0 0.214126 -0.235947 0.947881
-1.113754 0.144308 -5.731548 102 137 87 0 0.307000 0.539238 0.784202
-1.093843 0.337018 -5.782748 88 122 73 0 0.070344 -0.040042 0.996719
-1.173487 0.231774 -5.770659 87 122 63 0 0.031157 0.475485 0.879172
-1.084598 0.371863 -5.791282 89 124 67 0 0.228084 0.569435 0.789761
-1.179887 0.186263 -5.735815 94 131 77 0 0.349948 0.577821 0.737332
-0.755355 -0.032047 -5.755015 95 122 80 0 0.348481 -0.086787 0.933289
-0.964421 0.110175 -5.749326 83 104 50 0 -0.064248 0.055536 -0.996387
-0.876954 0.401018 -5.780615 74 108 55 0 -0.134356 -0.278023 0.951132
-1.014909 0.455774 -5.824704 87 119 57 0 0.316616 -0.406196 -0.857181
-0.837843 -0.071158 -5.691726 99 119 86 0 0.434198 0.697046 0.570613
-0.541311 0.150708 -5.757859 82 112 57 0 0.419414 -0.204556 -0.884448
-0.812243 0.121552 -5.755015 87 121 72 0 -0.539458 -0.078285 0.838366
-0.591800 0.582351 -5.806926 45 37 26 0 0.149985 -0.323363 0.934313
-0.738288 0.122975 -5.769237 81 114 66 0 0.086116 0.063748 0.994244
-0.992154 0.058975 -5.723015 85 97 66 0 0.196325 0.814215 0.546361
-0.644422 0.205463 -5.789859 64 94 30 0 0.284394 0.214346 -0.934439
-0.685666 0.191952 -5.779904 76 109 63 0 -0.181411 0.213191 0.960021
-0.802288 0.506262 -5.775637 77 111 41 0 0.492717 -0.190198 -0.849150
-0.735444 0.039064 -5.768526 88 120 72 0 0.356474 0.104367 0.928458
-0.883354 0.430174 -5.777060 65 98 45 0 -0.086511 -0.040518 0.995427
-0.707710 0.421640 -5.802660 89 119 83 0 0.126280 0.046644 0.990897
-0.641577 0.571684 -5.809059 76 85 61 0 0.278718 -0.222695 0.934197
-0.904688 0.341996 -5.783459 79 109 57 0 0.040186 0.237466 0.970564
-0.629488 0.336307 -5.804793 84 116 73 0 0.261115 0.159347 0.952065
-0.620244 0.481373 -5.805504 81 114 71 0 0.166723 -0.346055 0.923282
-0.610288 0.113730 -5.780615 74 105 59 0 0.103164 -0.158993 0.981875
-0.592511 0.439418 -5.804081 80 113 63 0 -0.023528 -0.023528 0.999446
-0.530644 0.313552 -5.845326 62 59 53 0 0.420768 0.357731 0.833656
-1.062554 0.307863 -5.779904 82 117 63 0 0.244717 0.350223 0.904133
-0.834999 0.309996 -5.779904 86 120 70 0 0.213285 0.015319 0.976870
-0.628777 -0.055514 -5.795548 73 102 36 0 0.364457 0.342928 -0.865778
-1.204775 0.272307 -5.801237 57 88 26 0 -0.657607 0.120240 0.743704
-0.935265 0.537551 -5.795548 54 61 29 0 -0.539026 -0.243882 0.806209
-0.645133 0.317818 -5.798393 88 120 74 0 -0.055288 0.165864 0.984598
-1.121576 0.130797 -5.718038 109 142 97 0 0.476098 0.348714 0.807297
-0.975087 0.421640 -5.801237 73 108 50 0 -0.245401 0.276609 0.929121
-1.037665 0.136486 -5.747193 87 123 68 0 -0.015997 0.284261 0.958613
-0.822910 0.229641 -5.769948 91 115 71 0 0.183394 0.001139 0.983039
-0.836421 0.048308 -5.748615 83 119 70 0 0.276042 0.332136 0.901935
-1.114465 0.323507 -5.780615 76 108 60 0 0.301663 -0.087495 0.949391
-0.562644 0.128663 -5.767104 65 101 35 0 -0.325615 -0.428441 0.842860
-0.939532 0.425907 -5.792704 63 97 33 0 -0.040247 0.150638 0.987769
-0.785932 0.365463 -5.795548 80 100 41 0 -0.103164 -0.158993 -0.981875
-0.826466 0.553195 -5.743637 95 122 73 0 0.205805 -0.292607 0.933823
-0.845666 0.519062 -5.759993 76 109 38 0 -0.325378 0.365096 -0.872258
-0.746821 -0.069736 -5.752882 39 51 26 0 -0.538787 -0.823939 0.175594
-0.878377 0.031242 -5.738659 87 121 73 0 0.205892 -0.244071 0.947649
-1.093131 0.149286 -5.744349 106 130 87 0 0.389589 0.421392 0.818932
-0.650111 0.243863 -5.794126 62 93 25 0 0.682071 -0.237858 -0.691522
-0.783088 0.287241 -5.782748 85 118 68 0 0.189690 0.292150 0.937372
-0.779532 0.322796 -5.789148 96 115 79 0 0.127246 0.078215 0.988783
-1.077487 0.140041 -5.744349 97 123 80 0 0.183272 0.317579 0.930352
-0.822199 0.253108 -5.773504 84 116 65 0 0.247271 0.206287 0.946733
-1.108065 0.098797 -5.715193 105 129 96 0 0.356222 0.275737 0.892791
-0.681399 -0.106002 -5.796970 97 124 85 0 0.539535 0.379794 0.751437
-0.551266 0.142886 -5.752882 68 99 32 0 -0.429324 -0.468502 0.772131
-0.614555 0.136486 -5.780615 73 105 45 0 -0.332851 0.031882 0.942440
-0.567622 0.168486 -5.756437 68 103 32 0 -0.515913 -0.126435 0.847259
-0.758910 0.277285 -5.783459 88 122 74 0 0.158648 0.079920 0.984095
-0.650822 0.120130 -5.779193 83 115 63 0 0.164779 -0.047914 0.985166
-0.732599 -0.074003 -5.762126 37 46 27 0 0.364236 -0.229659 0.902546
-0.595355 0.318530 -5.810482 90 121 79 0 0.228729 0.388102 0.892782
-1.045487 0.226797 -5.764259 85 114 61 0 -0.047545 0.325107 0.944481
-0.697044 0.071775 -5.780615 67 94 24 0 0.261185 0.444473 -0.856870
-0.809399 -0.083958 -5.688882 79 104 69 0 0.152241 0.755174 0.637602
-0.753932 0.002086 -5.759282 90 122 76 0 0.238535 0.103323 0.965622
-0.638022 0.360485 -5.807637 82 115 70 0 0.253053 0.101478 0.962116
-1.015621 0.013464 -5.737237 52 41 30 0 0.493524 -0.460512 -0.737810
-0.886199 0.009908 -5.735104 98 117 75 0 0.458942 0.262472 0.848812
-0.838554 0.119419 -5.755726 86 119 73 0 0.333776 -0.103216 0.936985
-0.898288 -0.033469 -5.710215 84 115 71 0 0.275737 0.356222 0.892791
-0.603177 0.290796 -5.797681 81 113 64 0 0.150991 0.429966 0.890130
-0.756777 -0.091069 -5.708793 86 121 72 0 0.237774 0.829908 0.504694
-0.674999 0.157108 -5.784882 67 96 31 0 -0.196421 -0.323600 -0.925582
-0.807977 0.247419 -5.773504 87 120 76 0 0.071183 0.134198 0.988395
-0.788066 0.151419 -5.762837 86 116 63 0 0.221150 0.420037 0.880149
-0.925310 0.285819 -5.774926 80 114 63 0 0.093784 0.134147 0.986514
-0.770288 0.472129 -5.787726 85 118 69 0 0.031025 -0.157421 0.987044
-0.829310 0.092397 -5.755015 91 108 63 0 0.380905 0.088110 0.920407
-1.087443 0.312130 -5.780615 84 119 71 0 0.159334 0.230441 0.959953
-0.623800 0.511240 -5.806215 85 119 64 0 0.001044 -0.072063 0.997400
-1.088865 0.131508 -5.734393 105 134 92 0 0.316616 0.406196 0.857181
-0.529222 0.202619 -5.740793 42 42 31 0 0.182060 0.055927 0.981696
-1.056154 0.412396 -5.809059 83 119 65 0 0.001373 0.627537 0.778585
-0.792332 -0.082536 -5.697415 87 121 74 0 0.260346 0.836495 0.482179
-0.916065 0.037642 -5.736526 86 115 68 0 0.253538 0.008411 0.967289
-0.903265 0.185552 -5.757148 78 110 64 0 -0.268873 0.333520 0.903588
-0.873399 0.204041 -5.757859 160 127 114 0 0.134302 0.119783 0.983674
-0.773132 0.417374 -5.796259 85 117 73 0 0.118759 -0.070333 0.990429
-1.104509 0.407418 -5.791282 104 138 88 0 0.420928 0.254971 0.870522
-0.865577 0.081019 -5.746482 87 118 71 0 0.072063 0.001044 0.997400
-0.618111 0.443685 -5.805504 73 108 59 0 0.040518 -0.086511 0.995427
-0.853488 0.211863 -5.764259 111 116 82 0 0.228907 0.165396 0.959294
-1.160687 0.353374 -5.772793 86 122 65 0 -0.174826 -0.411780 0.894356
-1.189131 0.307863 -5.794837 82 116 51 0 -0.294256 -0.468630 0.832946
-0.950199 0.043330 -5.730837 99 112 78 0 0.080345 0.404446 0.911026
-0.666466 0.215419 -5.779904 73 105 57 0 0.031742 -0.095226 0.994949
-0.714821 0.142175 -5.772793 83 116 65 0 0.244491 0.008348 0.969616
-1.071087 0.177019 -5.756437 88 123 72 0 0.079951 0.205413 0.975404
-1.046909 0.047597 -5.702393 88 115 77 0 0.001347 0.534955 0.844879
-1.005665 0.347685 -5.790570 81 109 56 0 -0.047301 0.221950 0.973910
-0.753221 -0.061914 -5.742215 96 128 84 0 0.528001 0.332208 0.781571
-0.664333 -0.076136 -5.801237 88 121 75 0 0.229212 -0.524571 0.819931
-0.862732 0.503418 -5.765682 60 95 48 0 -0.111133 0.125472 0.985853
-0.689933 -0.061203 -5.777771 83 111 66 0 0.603167 -0.452793 0.656634
-0.843532 0.507685 -5.755726 83 118 59 0 -0.245403 -0.467943 0.849004
-0.696333 0.000664 -5.776348 87 117 70 0 0.167646 0.198836 0.965588
-0.913221 0.527596 -5.772082 87 121 62 0 0.474372 0.047847 -0.879023
-1.008509 0.217552 -5.763548 78 111 59 0 -0.102359 0.055116 0.993219
-0.803710 0.111597 -5.757859 88 121 76 0 0.364399 0.143805 0.920073
-0.650822 -0.056225 -5.796259 70 101 45 0 0.419388 -0.588469 0.691244
-1.002821 0.477107 -5.843193 39 48 22 0 -0.371327 0.247058 0.895030
-1.067531 0.326352 -5.783459 85 121 63 0 0.126680 0.213692 0.968653
-0.701310 0.270174 -5.786304 81 114 68 0 0.046416 0.277241 0.959679
-0.596066 0.034797 -5.824704 91 121 73 0 0.474997 0.481617 0.736494
-0.798021 0.228930 -5.772793 85 106 56 0 -0.141716 0.071444 0.987326
-0.662911 0.017730 -5.785593 85 116 68 0 0.182060 0.055927 0.981696
-1.076065 0.099508 -5.727282 98 134 83 0 0.389710 0.205802 0.897648
-0.782377 0.399596 -5.794837 84 117 72 0 0.261220 0.056244 0.963639
-0.872688 0.261641 -5.772082 88 120 73 0 -0.197293 0.133650 0.971192
-0.767444 0.232485 -5.774215 85 115 69 0 0.213418 0.254725 0.943169
-0.727621 0.204752 -5.776348 79 110 63 0 0.032419 -0.038694 0.998725
-1.054731 0.292219 -5.776348 81 117 61 0 0.047110 0.426685 0.903172
-1.009932 0.070353 -5.729415 95 117 78 0 0.014935 0.520018 0.854025
-0.945932 0.175597 -5.759993 70 97 34 0 -0.151904 -0.159437 -0.975451
-0.918199 0.220397 -5.764971 80 113 63 0 0.046672 0.015557 0.998789
-0.928154 0.308574 -5.778481 80 114 62 0 -0.048102 0.245446 0.968216
-0.573311 0.237463 -5.777060 66 99 42 0 0.006795 0.544928 0.838455
-0.558377 0.188397 -5.753593 64 98 39 0 -0.220411 0.149984 0.963807
-0.933132 0.139330 -5.754304 69 96 38 0 -0.315572 0.119515 -0.941345
-1.098109 0.224663 -5.763548 83 119 66 0 -0.158993 -0.103164 0.981875
-0.655088 0.541818 -5.803370 85 119 75 0 0.088265 0.095142 0.991543
-0.877665 0.535418 -5.762126 83 121 43 0 -0.317490 -0.451994 0.833608
-1.050465 0.207597 -5.761415 84 112 58 0 0.039412 0.204225 0.978130
-0.778110 0.061108 -5.761415 91 122 78 0 0.191073 0.175475 0.965764
-0.692777 0.115152 -5.783459 66 95 25 0 -0.157421 0.031025 -0.987044
-1.007087 0.420218 -5.806215 64 96 37 0 -0.278596 0.444831 0.851181
-0.689222 0.276574 -5.787726 76 109 63 0 0.270807 0.072469 0.959902
-0.893310 0.268041 -5.772082 85 118 66 0 0.015989 0.079947 0.996671
-0.834288 0.494885 -5.766393 85 120 69 0 0.054775 -0.150340 0.987116
-0.606733 0.509818 -5.804793 94 124 69 0 -0.023556 -0.135726 0.990466
-0.707710 0.218974 -5.778481 83 108 68 0 -0.007258 0.054952 0.998463
-1.031976 0.361196 -5.790570 81 115 65 0 0.047812 0.332101 0.942031
-1.100243 0.121552 -5.726571 103 139 90 0 0.458337 0.435501 0.774768
-1.073931 0.359063 -5.789859 83 118 67 0 0.245859 0.063649 0.967214
-0.664333 0.202619 -5.789859 66 96 31 0 0.953439 0.078914 0.291077
-0.885488 0.205463 -5.758571 81 113 61 0 -0.024570 0.373730 0.927212
-0.750377 0.021286 -5.761415 88 121 76 0 0.156851 0.127210 0.979395
-0.911799 0.305730 -5.776348 76 111 61 0 0.245859 0.063649 0.967214
-0.890465 0.047597 -5.741504 85 119 72 0 0.109713 -0.007604 0.993934
-0.879088 0.548218 -5.755726 52 62 24 0 -0.545634 -0.442809 0.711480
-1.041932 0.092397 -5.729415 98 128 83 0 0.380092 0.490076 0.784446
-0.950199 0.531862 -5.794126 103 124 87 0 0.766383 -0.149061 -0.624851
-0.605311 0.169908 -5.769948 63 96 39 0 -0.308999 -0.102116 0.945564
-0.940954 0.088130 -5.738659 129 114 84 0 0.509153 -0.469350 0.721439
-0.811532 0.181286 -5.764259 90 123 67 0 0.165040 0.172716 0.971046
-0.636599 0.261641 -5.784882 79 113 63 0 0.038922 0.292539 0.955461
-1.201931 0.206174 -5.744349 94 116 68 0 0.135257 0.789247 0.598995
-0.667888 0.264485 -5.786304 81 115 69 0 -0.008590 0.293299 0.955982
-1.121576 0.171330 -5.745770 92 127 77 0 0.403116 0.464636 0.788423
-0.985043 0.332041 -5.786304 69 103 49 0 -0.347945 0.237301 0.906986
-0.940243 -0.005025 -5.710215 95 128 82 0 0.316588 0.310642 0.896255
-0.644422 0.221108 -5.788437 64 94 27 0 -0.221654 -0.324616 -0.919507
-0.768155 -0.033469 -5.749326 95 124 83 0 0.371726 0.190887 0.908505
-1.211175 0.210441 -5.751460 63 78 45 0 -0.149035 0.971910 0.182153
-1.085309 0.093108 -5.720882 101 135 88 0 0.365373 0.396735 0.842083
-0.844243 -0.021381 -5.725860 87 121 74 0 0.514387 -0.148863 0.844539
-0.653666 0.486351 -5.803370 77 109 63 0 0.087055 0.047385 0.995076
-0.900421 0.118708 -5.747193 78 106 48 0 -0.278141 -0.238608 -0.930432
-0.542022 0.217552 -5.751460 61 94 34 0 -0.222243 0.823067 0.522655
-0.918199 0.341285 -5.781326 80 114 61 0 0.165776 0.204936 0.964634
-0.942376 0.452929 -5.787726 89 121 54 0 0.340921 -0.500978 -0.795483
-0.941665 0.524040 -5.787015 95 128 69 0 0.452985 0.151960 -0.878472
-0.850643 0.179863 -5.758571 90 119 71 0 0.001193 0.254023 0.967197
-0.694199 0.508396 -5.799104 86 118 72 0 0.252184 -0.079837 0.964380
-0.866288 0.491329 -5.769237 67 101 50 0 -0.079229 -0.188932 0.978789
-0.908954 0.449374 -5.782037 73 102 44 0 -0.356781 0.001261 0.934187
-0.631622 0.399596 -5.804793 81 115 66 0 -0.111133 -0.125472 0.985853
-1.005665 0.021997 -5.708793 85 67 41 0 0.214854 -0.595098 0.774400
-1.053309 0.402440 -5.803370 85 117 65 0 0.031818 0.554739 0.831416
-0.669311 0.079597 -5.782037 85 116 68 0 0.024371 -0.182201 0.982959
-0.639444 0.553907 -5.806215 90 123 70 0 0.001199 0.262509 0.964929
-0.874821 0.140752 -5.751460 89 123 74 0 -0.070899 0.086654 0.993712
-1.207620 0.300752 -5.793415 97 114 75 0 0.930677 0.269741 -0.247145
-1.106642 0.353374 -5.784171 89 121 71 0 0.213285 -0.015319 0.976870
-0.592511 0.098797 -5.796259 84 117 68 0 0.595026 -0.628739 0.500631
-0.697044 -0.082536 -5.775637 76 106 60 0 0.592576 -0.191400 0.782445
-0.652955 0.142886 -5.781326 77 112 55 0 0.119045 -0.126260 0.984828
-0.697755 0.370441 -5.801948 81 111 67 0 0.111150 0.228688 0.967134
-0.898999 0.353374 -5.784171 93 110 67 0 -0.143415 0.064129 0.987583
-0.756777 -0.009292 -5.758571 87 121 77 0 0.268647 -0.023307 0.962957
-0.601044 0.218263 -5.774215 70 104 44 0 0.449766 -0.022688 0.892858
-0.976510 0.319952 -5.782037 69 105 49 0 -0.175423 0.031367 0.983993
-1.015621 0.294352 -5.777771 84 118 66 0 0.127535 0.134823 0.982628
-0.611000 0.307152 -5.800526 80 113 64 0 0.196929 0.221043 0.955175
-0.643711 0.292219 -5.793415 80 111 65 0 0.284764 0.403542 0.869519
-0.884776 0.191241 -5.759993 131 132 88 0 0.158815 -0.364010 -0.917755
-0.721221 0.107330 -5.776348 66 93 24 0 -0.047046 0.301346 -0.952354
-0.852777 0.026975 -5.746482 82 115 71 0 -0.158853 -0.197598 0.967327
-0.752510 0.290796 -5.785593 88 122 75 0 0.078506 0.134748 0.987765
-1.125842 0.345552 -5.782037 93 128 73 0 0.001059 -0.087863 0.996132
-1.223264 0.234619 -5.767815 79 104 48 0 0.141644 0.292732 -0.945645
-0.789488 0.339863 -5.789859 93 106 50 0 -0.087721 -0.087721 -0.992275
-0.721933 0.077464 -5.772793 92 115 76 0 0.118289 0.001085 0.992979
-0.916065 0.130797 -5.747904 132 128 87 0 0.221031 -0.237506 -0.945905
-0.630199 0.538262 -5.803370 82 112 72 0 0.054502 0.001028 0.998513
-0.819354 0.423063 -5.784171 94 128 86 0 0.181497 -0.166050 0.969271
-0.805843 0.204041 -5.767104 83 116 66 0 0.038867 0.103276 0.993893
-0.906821 0.206885 -5.760704 87 118 65 0 -0.237270 0.142886 0.960878
-1.219709 0.233196 -5.779193 62 80 38 0 0.554953 0.831745 0.015073
-0.696333 -0.094625 -5.777771 93 124 75 0 0.641409 -0.136056 0.755039
-0.597489 0.541107 -5.804793 67 72 48 0 0.055927 0.182060 0.981696
-0.539889 0.197641 -5.768526 74 103 43 0 -0.024387 -0.062558 -0.997743
-0.607444 0.196219 -5.769948 70 101 48 0 -0.102649 -0.119167 0.987554
-0.635888 0.146441 -5.779904 73 107 48 0 -0.086116 -0.063748 0.994244
-0.749666 0.387507 -5.794837 92 100 69 0 -0.040014 -0.142908 0.988927
-1.130820 0.377552 -5.773504 109 143 89 0 0.595275 -0.239048 0.767140
-0.888332 0.454351 -5.776348 65 100 44 0 0.165559 -0.111599 0.979865
-0.958021 0.423063 -5.796259 61 96 36 0 -0.341040 0.142215 0.929229
-0.845666 0.105908 -5.752882 86 117 69 0 0.189232 0.031735 0.981420
-0.783088 0.249552 -5.776348 81 113 55 0 -0.644023 -0.482597 0.593578
-0.702022 0.093819 -5.775637 84 113 67 0 0.032419 0.038694 0.998725
-0.691355 0.533996 -5.798393 88 121 76 0 0.325046 -0.055685 0.944057
-0.722644 -0.081114 -5.750748 96 130 83 0 0.651088 0.540050 0.533320
-0.890465 0.278707 -5.775637 80 112 58 0 -0.267904 0.212380 0.939746
-1.041220 0.290085 -5.777771 78 114 57 0 -0.031344 0.500145 0.865374
-1.216864 0.253819 -5.789859 87 104 60 0 0.411336 -0.389101 -0.824259
-1.172776 0.369729 -5.766393 38 42 28 0 0.046904 -0.766093 0.641016
-0.810110 0.374707 -5.789148 88 120 77 0 0.205100 0.015236 0.978622
-0.788066 0.420218 -5.792704 89 119 75 0 0.205602 -0.046892 0.977512
-0.889043 0.137197 -5.749326 88 122 68 0 0.205273 0.151050 0.966978
-0.958732 0.088130 -5.749326 94 112 57 0 0.411385 -0.395502 -0.821182
-0.816510 0.110175 -5.757148 85 118 73 0 -0.244762 -0.190671 0.950650
-0.627355 0.286530 -5.792704 80 113 66 0 0.087814 0.253260 0.963405
-0.629488 0.182708 -5.775637 74 107 48 0 -0.198064 -0.141839 0.969872
-0.537755 0.297907 -5.828259 101 132 91 0 0.418506 0.719565 0.554148
-0.731888 -0.027780 -5.763548 86 119 74 0 0.300562 0.095812 0.948937
-0.613133 0.472129 -5.804793 78 113 60 0 -0.032370 0.119435 0.992314
-0.631622 0.220397 -5.777060 68 99 48 0 -0.031556 0.309246 0.950458
-0.633044 0.105908 -5.780615 79 108 63 0 -0.149984 -0.220411 0.963807
-0.561222 0.138619 -5.761415 57 93 31 0 -0.458542 -0.474978 0.751089
-0.657222 0.071775 -5.783459 84 117 74 0 0.189450 -0.436175 0.879693
-0.704155 0.392485 -5.801237 82 116 70 0 0.158732 -0.007880 0.987290
-0.726199 0.135775 -5.769948 86 121 76 0 0.277241 -0.046416 0.959679
-0.903265 -0.010714 -5.717326 86 121 72 0 0.412113 0.349434 0.841462
-0.738288 0.307863 -5.789148 85 117 72 0 0.175069 0.063120 0.982531
-0.635888 0.036219 -5.796259 87 118 72 0 0.316533 0.214334 0.924050
-0.926021 0.513373 -5.779904 90 123 59 0 0.977984 -0.189722 -0.086905
-1.081754 0.112308 -5.735815 37 42 19 0 0.840533 0.102363 -0.532001
-0.751088 0.428751 -5.797681 83 115 71 0 -0.008101 -0.197890 0.980191
-0.819354 0.082441 -5.756437 90 101 54 0 -0.458537 -0.387745 -0.799624
-0.711266 0.445107 -5.800526 87 110 68 0 0.214315 -0.214315 0.952963
-0.600333 0.373996 -5.812615 89 120 78 0 0.308955 -0.173181 0.935177
-0.679977 0.038353 -5.783459 88 118 75 0 0.260025 -0.064064 0.963474
-0.876954 0.296485 -5.777771 95 110 66 0 0.001215 0.285453 0.958392
-0.849932 0.536840 -5.745770 70 107 48 0 -0.220326 -0.308457 0.925371
-0.814377 0.145019 -5.761415 75 104 39 0 -0.228974 0.001174 -0.973432
-0.817221 0.275152 -5.777060 101 113 76 0 0.215328 0.001164 0.976541
-0.623800 0.037642 -5.800526 90 122 73 0 0.682310 -0.032491 0.730340
-1.019887 0.431596 -5.817593 70 103 45 0 -0.340132 0.603774 0.720949
-0.646555 0.500573 -5.804081 78 111 65 0 -0.007706 -0.126605 0.991923
-0.928865 0.401018 -5.787015 65 102 42 0 -0.324617 0.158855 0.932410
-0.751799 0.113730 -5.765682 86 119 71 0 0.048338 0.111289 0.992612
-0.821488 0.203330 -5.766393 87 119 73 0 0.007500 0.095363 0.995414
-0.761044 0.364041 -5.793415 94 103 66 0 0.554102 -0.159809 0.816965
-0.967976 0.098797 -5.747904 71 97 40 0 -0.174001 0.109830 -0.978602
-0.679977 0.494885 -5.800526 87 118 76 0 0.094630 0.022842 0.995250
-0.716955 0.307152 -5.792704 79 113 66 0 0.023155 0.007047 0.999707
-0.777399 0.037642 -5.757859 93 123 77 0 0.143008 0.276660 0.950267
-0.805132 0.100219 -5.757859 82 112 63 0 0.291993 -0.761097 0.579199
-0.687088 -0.084669 -5.786304 92 124 74 0 0.730311 -0.111102 0.674019
-0.554111 0.290796 -5.811904 88 120 77 0 0.001354 0.553762 0.832674
-0.829310 0.161374 -5.760704 75 101 41 0 -0.315742 -0.055416 -0.947226
-0.717666 0.154263 -5.774926 80 112 63 0 0.261115 0.159347 0.952065
-0.606022 0.351952 -5.813326 94 124 83 0 0.396706 0.001284 0.917945
-0.787355 0.351241 -5.787015 97 118 77 0 0.157774 0.276441 0.947991
-0.662199 0.250263 -5.782037 78 111 65 0 0.032366 0.221764 0.974563
-0.788777 -0.061203 -5.721593 91 125 79 0 0.198123 0.591296 0.781739
-1.209042 0.231774 -5.774926 69 100 36 0 -0.285917 0.624544 0.726771
-0.684955 0.065375 -5.780615 86 118 72 0 0.221740 -0.246531 0.943427
-0.766732 0.209019 -5.772793 84 117 69 0 0.007646 -0.119056 0.992858
-0.768155 0.185552 -5.771370 86 120 74 0 -0.030670 0.141991 0.989393
-0.681399 0.517640 -5.798393 80 112 68 0 0.054500 0.285176 0.956924
-0.972954 0.083153 -5.747904 64 87 33 0 -0.165521 0.088198 -0.982255
-1.094554 0.368307 -5.787015 89 126 68 0 0.292732 0.141644 0.945645
-0.966554 0.184841 -5.758571 84 120 66 0 -0.022896 0.475421 0.879461
-1.165665 0.293641 -5.782748 80 117 45 0 -0.388636 0.173524 0.904904
-0.685666 0.388929 -5.804081 83 116 70 0 0.196266 0.212287 0.957295
-0.608155 0.157108 -5.780615 62 89 30 0 -0.024007 -0.322195 -0.946369
-1.032687 0.073908 -5.732971 40 49 21 0 0.222695 -0.278718 -0.934197
-0.948065 0.117286 -5.752171 82 104 47 0 -0.332136 -0.276042 -0.901935
-0.926021 0.172041 -5.761415 71 94 32 0 -0.094972 -0.118422 -0.988411
-1.164953 0.270885 -5.780615 73 108 45 0 -0.373319 0.166077 0.912716
-0.973665 0.367596 -5.790570 77 114 55 0 -0.295476 0.325172 0.898308
-0.706288 -0.115958 -5.730126 74 81 58 0 0.849884 0.515125 0.111105
-0.738288 0.518351 -5.787726 91 125 79 0 0.307689 -0.252796 0.917290
-1.172065 0.193374 -5.742926 98 133 78 0 0.427989 0.490302 0.759230
-0.900421 0.364752 -5.784171 92 112 68 0 -0.111853 -0.079566 0.990534
-0.678555 0.537551 -5.801237 92 123 81 0 0.188935 -0.135678 0.972571
-0.628777 -0.037025 -5.788437 67 100 49 0 -0.111149 -0.072190 0.991178
-0.694199 0.026975 -5.779193 89 120 75 0 0.372162 -0.111237 0.921478
-0.522822 0.249552 -5.764971 81 94 60 0 -0.120458 0.843207 0.523920
-0.665755 0.558173 -5.804081 93 123 75 0 0.126280 0.046644 0.990897
-0.928154 0.457907 -5.784882 77 112 49 0 0.087968 -0.459388 -0.883869
-0.625222 0.433018 -5.806926 74 106 59 0 0.204289 0.204289 0.957357
-0.517844 0.253819 -5.795548 82 115 43 0 0.347413 -0.547782 -0.761078
-0.699177 -0.118091 -5.751460 91 115 74 0 0.818468 0.522524 0.238912
-1.178464 0.327774 -5.783459 74 111 47 0 -0.222283 -0.531946 0.817082
-1.159265 0.190530 -5.743637 88 124 71 0 0.135796 0.625257 0.768514
-0.847088 0.069641 -5.747193 87 120 69 0 0.024570 0.373730 0.927212
-1.087443 0.395329 -5.794837 97 131 74 0 -0.317162 0.442151 0.838994
-0.551978 0.096664 -5.814037 57 58 51 0 0.172964 -0.696449 0.696449
-0.726910 0.383952 -5.796970 85 115 66 0 0.451264 0.142732 0.880902
-0.894021 0.241019 -5.768526 83 117 65 0 0.238350 0.087017 0.967273
-0.970821 0.156397 -5.752171 81 111 59 0 -0.252748 0.182465 0.950171
-0.742555 -0.088936 -5.725149 97 132 80 0 0.672649 0.561939 0.481422
-1.171353 0.176308 -5.727993 90 127 74 0 0.332920 0.856301 0.394858
-1.103798 0.183419 -5.754304 91 123 76 0 0.205943 0.355719 0.911620
-0.645844 0.018442 -5.792704 89 118 75 0 -0.141713 -0.260910 0.954905
-0.957310 0.252396 -5.772793 70 102 50 0 -0.151050 0.205273 0.966978
-0.677133 0.568840 -5.801948 83 93 62 0 0.151233 -0.339928 0.928212
-0.953754 0.489196 -5.801237 103 132 79 0 0.412421 -0.316653 -0.854190
-0.734733 0.095952 -5.770659 86 119 74 0 0.102945 -0.277561 0.955176
-0.762466 0.118708 -5.767104 89 123 79 0 0.166563 0.243848 0.955403
-0.534200 0.230352 -5.755726 72 91 41 0 -0.436226 0.323651 0.839617
-0.710555 0.055419 -5.775637 89 121 79 0 0.238350 0.087017 0.967273
-0.879088 0.343418 -5.782037 81 114 67 0 -0.314813 0.063481 0.947029
-0.583977 0.307863 -5.809771 89 119 76 0 0.212813 0.537392 0.816040
-1.088154 0.177019 -5.755015 96 127 86 0 0.181154 0.332817 0.925428
-0.695622 0.049730 -5.779193 91 121 77 0 0.253050 -0.030562 0.966970
-0.586111 0.339863 -5.817593 105 135 97 0 0.309751 0.047164 0.949647
-0.917488 0.366885 -5.783459 69 102 51 0 0.048338 0.111289 0.992612
-0.740421 -0.104580 -5.705948 93 114 76 0 0.513842 0.594709 0.618295
-0.891176 0.423063 -5.780615 77 107 44 0 0.055927 0.182060 -0.981696
-0.922465 0.544662 -5.784882 42 48 29 0 -0.285917 -0.624544 0.726771
-0.963710 0.056130 -5.732260 148 116 107 0 0.445689 0.096403 0.889982
-0.609577 0.000664 -5.802660 89 121 76 0 0.141896 0.167010 0.975691
-0.886910 0.090975 -5.745059 86 114 69 0 -0.023556 0.135726 0.990466
-0.776688 0.152841 -5.764259 92 122 79 0 -0.008701 0.316961 0.948398
-0.854910 0.411685 -5.781326 88 124 73 0 0.134302 -0.119783 0.983674
-0.628777 0.488485 -5.804793 73 104 62 0 0.468584 -0.262714 0.843451
-0.896154 0.207597 -5.764259 74 102 39 0 -0.119495 0.080050 -0.989602
-0.549133 0.209019 -5.752171 67 101 39 0 -0.532800 0.136502 0.835160
-0.585400 0.097375 -5.804793 87 120 71 0 0.381443 -0.731782 0.564798
-0.683533 0.416663 -5.805504 83 115 74 0 0.063331 0.039716 0.997202
-0.573311 0.335596 -5.822570 110 138 100 0 0.363227 0.262413 0.893983
-0.992154 0.146441 -5.751460 89 110 63 0 -0.253271 0.167507 0.952783
-0.689933 -0.119514 -5.772793 94 124 75 0 0.704518 0.626419 0.333548
-0.939532 0.050442 -5.733682 85 117 74 0 0.078215 0.127246 0.988783
-0.556955 0.242441 -5.772793 76 109 52 0 0.110277 0.496964 0.860736
-0.570466 0.357641 -5.823281 103 135 95 0 0.476022 -0.127994 0.870070
-0.576866 0.137197 -5.767815 61 92 35 0 -0.254430 -0.452490 0.854703
-0.871265 0.214708 -5.759993 109 113 75 0 0.149105 0.275374 0.949704
-0.820066 -0.079691 -5.691726 82 102 69 0 -0.006925 0.674516 0.738228
-1.192687 0.180574 -5.727282 68 79 57 0 -0.064531 0.638144 0.767207
-0.729044 0.492751 -5.793415 89 122 82 0 0.220527 -0.135412 0.965936
-0.940243 0.197641 -5.762837 83 107 60 0 0.676660 0.508754 0.532261
-0.693488 0.408129 -5.804793 82 114 69 0 0.118422 0.094972 0.988411
-0.657933 0.273730 -5.788437 81 114 66 0 -0.134152 0.235744 0.962511
-0.757488 0.406707 -5.799104 83 114 70 0 -0.062836 -0.071655 0.995448
-0.568333 0.305018 -5.813326 96 131 85 0 0.205943 0.355719 0.911620
-0.661488 0.049730 -5.784882 87 121 75 0 0.611198 0.079470 0.787478
-1.157131 0.329907 -5.780615 83 119 56 0 -0.197938 -0.103326 0.974753
-0.820777 0.004931 -5.743637 84 120 73 0 0.331955 0.008769 0.943254
-0.907532 0.157108 -5.757148 132 130 87 0 0.412545 -0.331593 -0.848441
-0.716244 0.024842 -5.772082 85 118 70 0 0.348259 0.109763 0.930950
-0.633755 0.515507 -5.804081 82 114 65 0 -0.022708 0.087587 0.995898
-1.130109 0.403152 -5.772082 116 147 97 0 0.648661 0.165583 0.742846
-0.799443 0.477107 -5.782748 90 120 76 0 0.334093 -0.334093 0.881342
-0.790910 -0.030625 -5.739371 100 125 88 0 0.452347 0.445815 0.772419
-0.894021 0.506973 -5.768526 80 110 52 0 0.363837 0.096031 -0.926499
-0.908954 0.048308 -5.738659 83 117 68 0 0.143277 0.023691 0.989399
-0.809399 0.294352 -5.780615 119 109 89 0 0.474372 -0.047847 0.879023
-0.795177 -0.065469 -5.713771 92 126 79 0 0.420406 0.656364 0.626454
-1.031265 0.326352 -5.784171 80 114 62 0 0.197890 0.008101 0.980191
-0.740421 0.111597 -5.768526 83 115 69 0 0.254186 0.023108 0.966879
-1.075354 0.377552 -5.793415 91 126 75 0 -0.222176 -0.078196 0.971866
-0.583977 0.042619 -5.838926 44 43 41 0 0.943119 0.016413 0.332049
-0.633755 0.128663 -5.779904 77 112 54 0 0.419871 -0.055353 0.905894
-0.733310 0.004931 -5.764971 90 124 77 0 0.300763 -0.109971 0.947337
-1.139354 0.246708 -5.769237 79 114 53 0 -0.118308 0.118308 0.985904
-0.667177 -0.087514 -5.811904 85 87 70 0 0.876686 -0.206192 0.434634
-0.860599 0.135775 -5.753593 91 124 77 0 0.022708 -0.087587 0.995898
-1.048331 0.066797 -5.720171 96 129 82 0 0.537559 0.332163 0.775047
-0.689933 -0.126625 -5.763548 60 72 57 0 0.806012 0.434253 0.402205
-0.987887 0.509107 -5.829681 39 43 36 0 0.586086 -0.592842 0.552306
-1.101665 0.133641 -5.731548 103 139 90 0 0.469289 0.309197 0.827142
-0.907532 0.511240 -5.782748 53 89 22 0 0.979855 -0.189222 0.063877
-0.960865 0.068930 -5.732971 194 120 132 0 0.088265 -0.095142 0.991543
-0.808688 -0.003603 -5.748615 86 119 74 0 -0.379857 0.333720 0.862751
-0.768866 0.344841 -5.791282 91 114 78 0 0.038608 -0.174323 0.983931
-0.551266 0.349107 -5.838215 103 127 90 0 0.570981 -0.213925 0.792601
-0.562644 0.079597 -5.825415 34 47 27 0 -0.064059 -0.590766 0.804296
-0.950910 0.240308 -5.770659 78 107 54 0 -0.166353 0.038389 0.985319
-0.695622 0.196930 -5.779193 72 106 58 0 0.040238 -0.356948 0.933257
-0.989309 0.492040 -5.838926 36 41 22 0 -0.561483 0.087597 0.822839
-0.718377 0.221108 -5.777771 87 104 65 0 0.334741 0.094688 0.937541
-0.653666 0.026975 -5.791282 88 118 77 0 0.204364 -0.576215 0.791335
-0.804421 0.042619 -5.753593 85 117 66 0 0.197613 0.119575 0.972960
-0.847088 0.233908 -5.767815 142 124 106 0 0.476022 -0.127994 0.870070
-0.842110 0.164219 -5.759282 88 119 69 0 0.165040 0.172716 0.971046
-0.655088 0.204041 -5.779193 68 101 52 0 -0.207073 -0.253699 0.944858
-0.753221 0.135775 -5.766393 88 121 76 0 -0.014983 0.006992 0.999863
-0.741844 0.357641 -5.796259 84 116 73 0 0.046919 0.133892 0.989885
-0.982198 0.344129 -5.787726 73 109 50 0 -0.149329 0.244477 0.958087
-0.717666 0.497729 -5.796259 79 111 66 0 0.198064 -0.141839 0.969872
-0.798021 0.275152 -5.781326 82 115 67 0 0.103326 0.197938 0.974753
-0.753221 -0.021381 -5.755726 90 122 81 0 0.165930 0.237611 0.957083
-0.967265 0.306441 -5.779193 76 111 56 0 -0.126060 0.023427 0.991746
-0.709844 -0.039869 -5.770659 88 119 71 0 0.318905 0.189657 0.928617
-0.904688 0.543951 -5.775637 63 83 31 0 -0.396181 -0.301342 0.867314
-0.675710 0.383952 -5.804793 77 109 63 0 0.228646 -0.022745 0.973244
-0.860599 0.095241 -5.751460 102 105 67 0 0.293509 0.729764 0.617492
-0.869132 0.379685 -5.782748 73 109 56 0 -0.412512 -0.244507 0.877525
-0.639444 0.271596 -5.796970 68 101 26 0 -0.071389 -0.307622 -0.948827
-1.090287 0.413818 -5.799815 99 135 78 0 0.355853 0.238700 0.903544
-0.591089 0.168486 -5.766393 64 98 32 0 -0.403989 -0.086276 0.910686
-0.888332 0.059686 -5.740793 84 116 67 0 0.158732 -0.007880 0.987290
-0.855621 0.373996 -5.781326 77 112 62 0 0.142071 -0.228096 0.963217
-0.775977 0.481373 -5.787015 89 124 79 0 -0.079101 -0.102029 0.991632
-0.772421 0.371863 -5.792704 82 107 62 0 0.142071 0.228096 0.963217
-0.993576 0.493462 -5.828259 90 103 71 0 0.453332 -0.268926 -0.849805
-0.586822 0.179152 -5.764259 65 99 36 0 -0.149334 -0.355889 0.922520
-0.884065 -0.024936 -5.718749 83 118 68 0 0.403449 0.302203 0.863656
-1.147176 0.339863 -5.777060 93 129 66 0 0.276112 -0.284786 0.917965
-0.868421 0.110175 -5.750748 87 119 72 0 0.181161 0.031557 0.982947
-0.756777 0.175597 -5.772082 83 117 69 0 0.346500 0.198204 0.916871
-0.582555 0.243863 -5.781326 72 106 50 0 0.245403 0.467943 0.849004
-0.641577 -0.019958 -5.788437 80 111 63 0 0.333204 0.126482 0.934332
-0.593933 0.364752 -5.814748 95 127 87 0 0.247303 -0.008363 0.968902
-1.028420 0.178441 -5.757148 80 107 50 0 -0.023556 0.135726 -0.990466
-0.867710 0.513373 -5.759993 61 96 41 0 -0.032371 -0.657262 0.752966
-1.143620 0.393907 -5.762126 112 123 89 0 0.531813 0.001346 0.846861
-1.031976 0.259508 -5.769237 78 113 63 0 0.135260 0.001100 0.990809
-0.789488 0.212574 -5.770659 87 117 64 0 0.111400 0.102019 0.988525
-0.840688 0.562440 -5.732260 40 41 34 0 0.244846 -0.690306 0.680829
-0.596777 0.113730 -5.780615 79 108 70 0 0.395896 -0.547027 0.737583
-0.580422 0.154263 -5.767104 64 99 33 0 -0.569080 0.055072 0.820436
-0.751088 0.202619 -5.774926 87 121 74 0 -0.048051 0.001022 0.998844
-0.657222 0.095241 -5.780615 89 114 74 0 0.062379 0.214047 0.974830
-0.948776 0.186974 -5.756437 83 121 63 0 0.402670 0.054849 0.913700
-1.019176 0.058975 -5.718749 81 115 70 0 0.190655 0.403140 0.895058
-1.110909 0.295774 -5.777060 78 109 58 0 0.030562 0.253050 0.966970
-1.068954 0.268752 -5.774926 76 110 57 0 -0.078977 0.142630 0.986620
-0.786643 0.200485 -5.769237 88 122 69 0 0.236207 0.047731 0.970530
-0.739710 0.337729 -5.794126 80 111 63 0 0.158613 0.023963 0.987050
-0.662199 0.373285 -5.804793 82 113 69 0 -0.032265 -0.213906 0.976321
-0.697044 0.312130 -5.794837 83 116 71 0 0.420991 0.078164 0.903691
-0.601044 0.137197 -5.777060 66 98 38 0 -0.342928 -0.364457 0.865778
-0.845666 0.325641 -5.779904 88 123 75 0 -0.040128 0.015434 0.999075
-0.992154 0.420218 -5.806215 63 98 35 0 -0.285604 0.285604 0.914801
-0.900421 0.176308 -5.764971 78 102 44 0 -0.371689 -0.888171 -0.270183
-0.711977 -0.079691 -5.760704 93 128 80 0 0.514589 0.262736 0.816191
-0.526378 0.262352 -5.781326 52 58 27 0 0.023838 0.722162 0.691313
-0.972954 0.232485 -5.767815 80 113 65 0 0.134643 0.149466 0.979557
-0.613133 -0.042003 -5.783459 66 95 42 0 -0.330852 0.330852 0.883784
-0.898288 0.318530 -5.779904 83 113 65 0 -0.015102 0.015102 0.999772
-0.559089 0.142886 -5.781326 70 100 45 0 0.118407 0.820075 -0.559873
-0.839266 0.526884 -5.748615 73 108 52 0 0.134991 -0.427707 0.893781
-0.781666 0.130797 -5.761415 87 121 72 0 0.087863 0.001059 0.996132
-0.617400 0.191952 -5.770659 68 102 46 0 -0.339517 -0.260149 0.903908
-0.532066 0.305018 -5.838926 93 107 84 0 0.482518 0.522589 0.702907
-1.141487 0.169197 -5.732260 93 128 80 0 0.103164 0.981875 0.158993
-0.691355 0.259508 -5.784171 80 114 66 0 0.048142 0.350003 0.935511
-0.825043 0.513373 -5.762837 87 120 77 0 0.286660 -0.389797 0.875148
-0.549133 0.174886 -5.745770 64 96 31 0 -0.563560 0.223880 0.795159
-1.055443 0.077464 -5.720171 92 128 81 0 0.149851 0.467010 0.871462
-0.756777 -0.084669 -5.718038 94 128 79 0 0.205497 0.752459 0.625761
-0.770999 0.105197 -5.765682 89 125 78 0 0.237076 -0.317538 0.918131
-0.948065 0.299330 -5.777060 70 104 54 0 0.030562 0.253050 0.966970
-0.654377 0.216130 -5.777060 73 106 53 0 -0.205273 0.151050 0.966978
-1.181309 0.213285 -5.759282 84 119 64 0 0.229112 0.609408 0.759032
-0.822199 -0.021381 -5.738659 90 121 76 0 -0.222688 0.365325 0.903852
-0.984332 0.456485 -5.808348 90 120 63 0 0.625759 -0.548171 -0.554918
-0.798732 0.391063 -5.791282 92 117 78 0 0.212622 0.070055 0.974620
-0.604600 0.053286 -5.819726 94 123 76 0 0.759534 -0.148899 0.633196
-1.199087 0.263063 -5.782748 95 127 64 0 0.579595 -0.579595 -0.572835
-0.956599 0.524040 -5.797681 100 123 80 0 0.493509 -0.493509 -0.716169
-1.027709 0.450796 -5.846037 74 109 48 0 0.923575 0.306907 0.229823
-0.689222 -0.106714 -5.786304 98 130 78 0 0.874333 0.094637 0.476010
-1.002821 0.185552 -5.756437 79 113 59 0 -0.078618 0.094569 0.992409
-0.891888 0.034086 -5.738659 73 101 43 0 -0.094439 0.047775 -0.994384
-0.673577 0.286530 -5.796259 71 99 26 0 0.062577 0.222088 -0.973016
-0.620244 0.169197 -5.772082 67 98 43 0 -0.443367 -0.022634 0.896054
-0.839266 0.354085 -5.782748 85 119 68 0 0.046416 -0.277241 0.959679
-0.693488 0.087419 -5.775637 91 113 75 0 -0.015236 0.205100 0.978622
-0.767444 0.382529 -5.795548 79 108 56 0 -0.294659 0.436590 0.850038
-0.892599 0.478529 -5.778481 70 105 46 0 -0.260624 -0.038291 0.964681
-0.684244 0.140041 -5.776348 80 113 63 0 -0.102671 0.086520 0.990946
-1.122287 0.298619 -5.777771 83 117 60 0 -0.048282 0.175463 0.983301
-0.911799 0.500573 -5.784171 79 121 39 0 -0.615975 0.545096 0.568722
-0.931710 0.470707 -5.787726 91 120 67 0 0.556567 -0.223552 -0.800161
-0.805132 0.012042 -5.750037 90 123 76 0 0.086305 -0.007458 0.996241
-0.916065 0.196219 -5.759993 79 111 62 0 0.127698 0.405546 0.905111
-0.517844 0.205463 -5.762126 75 98 41 0 0.544928 0.838455 0.006795
-0.863443 0.285819 -5.776348 96 116 71 0 0.080499 0.269608 0.959600
-0.646555 0.402440 -5.806215 77 110 62 0 0.001100 -0.135260 0.990809
-0.901843 0.142175 -5.749326 104 115 76 0 -0.031930 0.102396 0.994231
-0.883354 0.260219 -5.771370 86 121 70 0 0.166563 0.243848 0.955403
-0.978643 0.169197 -5.754304 83 117 64 0 0.039563 0.001014 0.999217
-0.603177 0.088841 -5.800526 91 123 81 0 0.600304 -0.593540 0.536046
-0.741132 0.268041 -5.784171 82 116 68 0 0.095495 0.158353 0.982754
-0.646555 0.168486 -5.776348 68 101 48 0 -0.016304 -0.103256 0.994521
-0.894732 0.406707 -5.781326 75 105 53 0 0.315275 -0.395247 0.862776
-1.120154 0.245285 -5.767104 85 116 49 0 -0.055766 -0.119498 -0.991267
-0.645844 0.353374 -5.805504 81 111 72 0 0.151179 0.268912 0.951226
-0.774555 0.392485 -5.795548 88 120 76 0 0.056216 0.078261 0.995347
-0.633755 -0.001469 -5.793415 87 119 71 0 0.276441 0.157774 0.947991
-0.825754 0.115152 -5.755726 88 119 76 0 -0.205285 -0.189392 0.960203
-0.991443 0.403152 -5.799815 65 101 43 0 -0.276908 0.125867 0.952617
-1.147176 0.383952 -5.761415 118 139 95 0 0.500032 -0.183594 0.846322
-0.591800 0.297196 -5.801948 87 119 70 0 0.427258 0.333355 0.840431
-0.581844 0.052575 -5.841770 45 43 39 0 0.923085 -0.267623 0.276210
-0.527800 0.213997 -5.742926 75 88 50 0 -0.182292 0.651042 0.736827
-1.182020 0.199774 -5.744349 92 127 72 0 0.159333 0.690445 0.705619
-1.095265 0.403152 -5.794837 94 129 76 0 0.373054 0.277169 0.885442
-0.670022 0.192663 -5.778481 71 102 48 0 -0.110592 0.039098 0.993097
-0.847799 0.052575 -5.746482 84 118 72 0 0.030670 -0.141991 0.989393
-0.974376 0.480662 -5.807637 97 125 72 0 0.364239 -0.364239 -0.857123
-0.817221 0.313552 -5.781326 89 120 74 0 -0.125945 0.204819 0.970663
-1.101665 0.324218 -5.782748 85 116 67 0 0.111142 0.001079 0.993804
-1.113754 0.159952 -5.741504 98 129 86 0 0.182146 0.537405 0.823419
-0.751088 0.568840 -5.780615 97 103 79 0 0.270780 -0.253767 0.928591
-0.730466 0.324218 -5.791282 88 109 70 0 0.031735 0.189232 0.981420
-0.939532 0.254530 -5.769237 71 104 47 0 0.284848 -0.832753 0.474747
-0.630199 0.084575 -5.787726 88 119 77 0 0.324765 -0.421107 0.846875
-1.131531 0.356929 -5.779193 91 125 76 0 0.404959 -0.134046 0.904456
-1.081754 0.424485 -5.809771 94 130 79 0 0.379647 0.348655 0.856917
-0.909665 -0.044136 -5.704526 90 121 76 0 0.151583 0.592826 0.790936
-1.051176 0.393907 -5.797681 84 116 66 0 0.110317 0.491413 0.863912
-1.111620 0.403152 -5.784882 111 146 94 0 0.612107 0.215400 0.760873
-0.534911 0.290796 -5.821148 90 111 79 0 0.317174 0.577996 0.751878
-0.734021 0.536129 -5.785593 94 130 86 0 0.332101 0.047812 0.942031
-1.014198 0.319241 -5.784171 82 115 63 0 0.086608 0.181754 0.979523
-0.573311 0.204752 -5.763548 71 104 37 0 -0.446083 0.151582 0.882062
-0.620244 0.069641 -5.797681 94 124 79 0 0.515893 -0.388954 0.763262
-1.102376 0.145730 -5.737948 97 127 81 0 0.349438 0.483469 0.802590
-0.647266 0.327774 -5.800526 77 109 64 0 0.039434 0.316745 0.947691
-0.756777 0.452929 -5.791993 86 119 76 0 0.166788 -0.310144 0.935945
-0.662199 0.430885 -5.802660 78 107 62 0 0.356778 -0.142989 0.923181
-1.058998 0.146441 -5.749326 86 122 69 0 0.285052 0.381577 0.879286
-0.714821 0.549640 -5.790570 88 121 76 0 0.142908 -0.040014 0.988927
-0.747532 0.398885 -5.795548 77 101 58 0 -0.040454 -0.023857 0.998897
-0.622377 0.113019 -5.780615 74 106 61 0 -0.119783 -0.134302 0.983674
-0.707710 -0.017114 -5.772793 86 117 65 0 0.125430 -0.087918 0.988199
-0.994287 0.205463 -5.760704 77 110 50 0 -0.357613 -0.373094 -0.856104
-1.133665 0.126530 -5.708793 115 134 104 0 0.475516 0.039513 0.878819
-0.670733 0.424485 -5.803370 72 104 59 0 0.103518 -0.396130 0.912341
-0.817932 -0.005025 -5.743637 84 114 64 0 0.578214 0.046426 0.814564
-0.919621 0.540396 -5.773504 108 135 84 0 0.577899 0.063896 -0.813603
-1.158553 0.376129 -5.759993 103 129 78 0 0.427310 -0.523000 0.737480
-0.998554 0.115152 -5.743637 82 116 67 0 0.079837 0.252184 0.964380
-0.913221 0.435863 -5.785593 60 92 35 0 -0.356245 -0.008874 0.934350
-0.748244 0.349818 -5.794126 76 108 58 0 0.079893 0.079893 0.993597
-0.574022 0.109464 -5.793415 77 113 55 0 0.323064 -0.689961 0.647752
-0.559089 0.327063 -5.828259 101 134 90 0 0.619093 0.347934 0.704035
-0.628066 0.174886 -5.784882 63 91 33 0 -0.110098 0.213869 -0.970638
-0.957310 0.125819 -5.745059 80 107 58 0 0.196558 0.001149 0.980491
-1.000687 0.412396 -5.804081 61 97 37 0 -0.016812 0.386672 0.922064
-0.643711 0.098797 -5.781326 88 113 70 0 -0.166843 -0.166843 0.971765
-0.773132 0.435151 -5.792704 83 115 71 0 0.286496 -0.230044 0.930054
-0.737577 -0.087514 -5.734393 87 121 74 0 0.539519 0.689850 0.482728
-0.977932 0.492751 -5.815459 104 134 83 0 0.474232 -0.070926 -0.877538
-0.651533 -0.079691 -5.806926 85 111 66 0 0.064759 -0.755526 0.651911
-0.681399 -0.001469 -5.779904 87 114 72 0 0.237611 0.165930 0.957083
-0.913221 0.063241 -5.740082 81 114 67 0 0.040518 0.086511 0.995427
-0.928865 0.160663 -5.759282 71 98 34 0 0.016908 -0.149918 -0.988554
-0.583977 0.267330 -5.791282 81 112 65 0 0.117911 0.450334 0.885040
-1.087443 0.228930 -5.764259 85 120 69 0 0.063331 0.039716 0.997202
-1.090998 0.290085 -5.778481 92 120 71 0 0.062379 0.214047 0.974830
-0.930287 0.222530 -5.766393 74 108 57 0 -0.165256 0.031202 0.985757
-0.960154 0.096664 -5.736526 88 108 60 0 -0.245847 0.426839 0.870269
-0.902554 0.090264 -5.745059 78 106 49 0 -0.389569 -0.483324 -0.783986
-0.666466 0.302885 -5.794837 75 107 62 0 0.119300 0.229619 0.965941
-0.924599 0.437996 -5.789148 65 102 38 0 -0.366362 -0.040417 0.929594
-0.752510 -0.051958 -5.745770 93 128 82 0 0.340595 0.467328 0.815843
-0.797310 0.401729 -5.790570 98 122 88 0 0.150037 -0.142597 0.978343
-0.743266 0.437285 -5.798393 86 120 76 0 0.142071 -0.228096 0.963217
-1.147887 0.282263 -5.777060 77 111 50 0 -0.341001 0.236524 0.909821
-0.547711 0.267330 -5.790570 78 113 53 0 -0.039057 0.443097 0.895622
-1.188420 0.254530 -5.784171 62 97 35 0 -0.238299 0.230035 0.943556
-0.908243 0.530440 -5.780615 77 116 34 0 -0.524216 -0.040111 0.850640
-0.839977 0.449374 -5.779193 87 120 73 0 0.220763 0.001168 0.975327
-0.577577 0.324218 -5.818304 103 132 95 0 0.198204 0.346500 0.916871
-0.860599 0.005642 -5.741504 87 108 61 0 0.379797 0.695473 0.609977
-0.839266 0.221108 -5.768526 93 107 60 0 0.174892 -0.267083 0.947671
-0.881932 0.179152 -5.755015 145 120 107 0 0.554658 -0.254674 0.792146
-0.574022 0.280130 -5.800526 90 124 77 0 0.413561 0.403981 0.815945
-1.104509 0.087419 -5.711638 86 97 77 0 0.237601 0.449475 0.861115
-0.829310 0.148575 -5.757148 87 121 68 0 -0.087814 0.253260 0.963405
-0.645844 0.450796 -5.802660 77 110 60 0 0.055116 0.102359 0.993219
-0.701310 0.445818 -5.802660 86 108 77 0 0.047775 -0.094439 0.994384
-0.608155 0.445818 -5.804793 70 103 53 0 0.102396 0.031930 0.994231
-0.866288 0.238174 -5.773504 80 104 38 0 -0.135179 -0.595680 -0.791765
-0.591089 -0.002181 -5.806926 62 74 47 0 0.252240 0.506028 0.824810
-0.724777 -0.098891 -5.731548 93 128 76 0 0.484237 0.815475 0.317041
-1.198375 0.217552 -5.762837 81 116 56 0 -0.149736 0.721454 0.676080
-0.672155 0.180574 -5.779193 73 105 53 0 -0.119300 -0.229619 0.965941
-1.044776 0.386085 -5.796259 85 119 65 0 0.023281 0.529978 0.847692
-0.955176 0.136486 -5.747193 78 111 63 0 0.159347 0.261115 0.952065
-1.162109 0.281552 -5.780615 74 108 49 0 -0.016621 -0.127426 0.991709
-0.720510 0.516218 -5.791993 89 124 79 0 0.039245 -0.047730 0.998089
-0.659355 0.231063 -5.779193 80 108 62 0 0.071453 -0.024529 0.997142
-0.835710 0.038353 -5.750748 84 116 72 0 -0.141896 0.167010 0.975691
-1.088154 0.208308 -5.761415 87 122 69 0 0.001125 0.165311 0.986241
-0.986465 0.121552 -5.747193 77 112 66 0 -0.014931 0.175731 0.984325
-0.746110 0.502707 -5.789859 90 124 75 0 0.152074 -0.396530 0.905338
-0.977221 0.038353 -5.728704 97 43 34 0 0.631830 -0.594763 -0.497040
-0.805132 0.149286 -5.761415 80 111 55 0 0.379744 0.586877 0.715102
-1.140776 0.138619 -5.703104 107 121 89 0 0.736314 -0.126951 0.664624
-0.588244 0.256663 -5.785593 76 108 58 0 0.229797 0.404739 0.885088
-0.938821 0.179863 -5.752171 81 112 69 0 0.516253 0.031496 0.855857
-1.086731 0.081019 -5.713771 95 129 84 0 0.379847 0.254721 0.889288
-0.597489 -0.027069 -5.789148 46 50 35 0 0.411336 0.389101 0.824259
-0.766021 0.264485 -5.779904 86 119 72 0 -0.071744 0.316978 0.945716
-0.950199 0.034086 -5.726571 94 111 77 0 0.119111 0.309154 0.943523
-0.593933 0.286530 -5.797681 83 116 67 0 0.062592 0.292522 0.954208
-0.837132 0.548929 -5.740793 90 124 64 0 0.039610 -0.214853 0.975843
-0.763888 0.335596 -5.792704 85 112 65 0 0.205100 -0.015236 0.978622
-0.679266 0.127952 -5.776348 78 111 63 0 0.150638 -0.040247 0.987769
-0.988598 0.315685 -5.784171 72 105 45 0 -0.166667 0.117284 0.979013
-0.717666 -0.044847 -5.765682 92 120 76 0 0.512796 0.158124 0.843823
-0.747532 0.540396 -5.782037 92 123 75 0 0.340376 0.016449 0.940146
-0.869132 0.017730 -5.741504 83 113 64 0 -0.340378 0.540410 0.769480
-0.728333 0.124397 -5.770659 86 120 73 0 0.308359 -0.039338 0.950456
-0.709133 0.276574 -5.787015 78 113 62 0 0.206655 0.157266 0.965692
-0.543444 0.117286 -5.772082 59 60 39 0 0.032491 -0.730340 0.682310
-0.683533 0.253108 -5.783459 76 110 61 0 0.062049 0.148684 0.986936
-1.026287 0.297196 -5.779193 83 119 62 0 -0.086787 0.348481 0.933289
-0.929576 0.149997 -5.747904 83 115 68 0 -0.141141 0.370322 0.918118
-0.757488 0.034086 -5.761415 92 124 80 0 0.382055 0.221036 0.897317
-0.852066 0.269463 -5.773504 97 114 71 0 0.190593 0.110868 0.975388
-0.591089 0.396040 -5.809771 82 115 69 0 0.095554 0.126225 0.987389
-0.886199 0.540396 -5.764259 58 88 28 0 -0.600188 -0.125965 0.789878
-0.673577 0.395329 -5.805504 86 118 73 0 0.014737 0.157575 0.987397
-1.130820 0.147152 -5.720882 99 134 84 0 0.571557 0.531093 0.625510
-0.815799 0.534707 -5.755726 93 126 78 0 0.473964 -0.371138 0.798508
-1.005665 0.301463 -5.780615 85 116 62 0 0.046811 0.292252 0.955195
-0.682822 0.019153 -5.781326 90 121 74 0 0.307982 0.127765 0.942774
-0.953043 0.346974 -5.786304 74 108 54 0 -0.316745 0.039434 0.947691
-0.591089 0.355507 -5.817593 90 121 76 0 0.333586 -0.024099 0.942412
-0.768155 0.093819 -5.764971 87 120 72 0 0.149466 0.134643 0.979557
-0.702733 0.114441 -5.782037 66 94 23 0 -0.174474 -0.159192 -0.971708
-0.879088 0.378263 -5.783459 75 110 58 0 0.024529 -0.071453 0.997142
-0.724066 0.169908 -5.774926 84 116 68 0 0.111289 0.048338 0.992612
-0.770999 0.160663 -5.767104 91 124 79 0 0.078314 0.024674 0.996623
-0.750377 0.319241 -5.791282 85 113 66 0 -0.078737 0.182912 0.979971
-0.620244 -0.024936 -5.796259 40 42 31 0 0.786915 -0.324024 -0.525142
-0.717666 0.532573 -5.791993 92 126 81 0 0.275834 -0.008506 0.961168
-0.973665 0.026264 -5.713059 102 126 95 0 0.339199 0.598872 0.725463
-0.603889 0.487773 -5.804793 86 118 71 0 -0.054470 -0.206986 0.976826
-0.614555 0.578795 -5.809771 74 84 49 0 -0.015102 -0.015102 0.999772
-0.875532 0.241730 -5.767104 88 122 70 0 -0.024099 0.333586 0.942412
-0.767444 0.494885 -5.785593 83 117 69 0 0.055405 -0.015681 0.998341
