v -2.756172309 -0.054799185 -6.608497358 0.650980 0.674510 0.521569
v -2.748802865 -0.059850457 -6.610907202 0.380392 0.407843 0.286275
v -2.737340948 -0.061754078 -6.609714390 0.482353 0.545098 0.223529
v -2.722799023 -0.057725842 -6.611035688 0.545098 0.650980 0.329412
v -2.775322397 -0.037296287 -6.613224935 0.454902 0.458824 0.388235
v -2.755441584 -0.048728567 -6.618972987 0.694118 0.729412 0.552941
v -2.737469681 -0.055825371 -6.618877652 0.466667 0.588235 0.219608
v -2.713129662 -0.052612245 -6.615246627 0.588235 0.682353 0.392157
v -2.750677978 -0.053417796 -6.622410095 0.313725 0.388235 0.196078
v -2.762323004 -0.042165538 -6.622994760 0.705882 0.745098 0.501961
v -2.753591593 -0.047423428 -6.630177945 0.309804 0.380392 0.207843
v -2.706079125 -0.047220461 -6.622473436 0.592157 0.698039 0.400000
v -2.727626834 -0.047524643 -6.628459854 0.474510 0.588235 0.247059
v -2.715861104 -0.046293595 -6.627381090 0.435294 0.552941 0.203922
v -2.740439800 -0.045345304 -6.632671286 0.447059 0.568627 0.239216
v -2.691681920 -0.042259308 -6.628114125 0.670588 0.752941 0.474510
v -2.729594942 -0.041752523 -6.636317174 0.454902 0.576471 0.239216
v -2.752927184 -0.036934097 -6.643773561 0.494118 0.588235 0.364706
v -2.739574940 -0.035387325 -6.643742780 0.403922 0.541176 0.258824
v -2.694655895 -0.033758923 -6.639962533 0.364706 0.509804 0.149020
v -2.712806888 -0.033702836 -6.643653734 0.352941 0.498039 0.164706
v -2.758786092 -0.030049821 -6.650599723 0.419608 0.513725 0.341176
v -2.679040562 -0.037741363 -6.641162557 0.184314 0.247059 0.058824
v -2.749262267 -0.029878221 -6.651313814 0.392157 0.529412 0.278431
v -2.734485516 -0.029070198 -6.650990274 0.376471 0.517647 0.231373
v -2.772341145 -0.018373985 -6.659026901 0.231373 0.286275 0.172549
v -2.777959608 -0.010861278 -6.657196676 0.631373 0.678431 0.435294
v -2.700410420 -0.025155304 -6.654311505 0.360784 0.505882 0.168627
v -2.673133393 -0.026793469 -6.650666251 0.360784 0.509804 0.156863
v -2.659395698 -0.028374077 -6.649539311 0.360784 0.435294 0.250980
v -2.790080496 0.000150159 -6.663347323 0.388235 0.403922 0.305882
v -2.777357957 -0.012453224 -6.666237914 0.474510 0.533333 0.396078
v -2.686571186 -0.025037827 -6.655827895 0.333333 0.482353 0.149020
v -2.722737848 -0.022101364 -6.662668649 0.384314 0.525490 0.219608
v -2.738380981 -0.020168474 -6.664632532 0.380392 0.529412 0.231373
v -2.751088006 -0.019184899 -6.666584939 0.376471 0.525490 0.243137
v -2.704175119 -0.022167842 -6.663673257 0.337255 0.482353 0.160784
v -2.668030378 -0.022325291 -6.659826241 0.317647 0.466667 0.133333
v -2.778305575 -0.010282517 -6.675927653 0.423529 0.533333 0.317647
v -2.760933674 -0.013822369 -6.674607213 0.372549 0.521569 0.254902
v -2.694299186 -0.020473499 -6.667296096 0.345098 0.494118 0.172549
v -2.651482735 -0.021848057 -6.661003392 0.400000 0.521569 0.223529
v -2.640754402 -0.023970929 -6.661070610 0.498039 0.564706 0.392157
v -2.735469563 -0.014451145 -6.674467380 0.364706 0.513725 0.223529
v -2.702141006 -0.017696250 -6.674201550 0.313725 0.458824 0.152941
v -2.630595647 -0.027111561 -6.667799877 0.556863 0.666667 0.384314
v -2.621250545 -0.029186218 -6.667067160 0.254902 0.305882 0.192157
v -2.658187280 -0.019894605 -6.670388922 0.341176 0.478431 0.160784
v -2.712922464 -0.013996680 -6.679172508 0.380392 0.517647 0.239216
v -2.672849519 -0.018912342 -6.674296885 0.317647 0.466667 0.149020
v -2.796298359 0.007419765 -6.685855387 0.505882 0.545098 0.372549
v -2.780393406 -0.005360696 -6.688034071 0.360784 0.490196 0.239216
v -2.636928049 -0.022610432 -6.671084765 0.372549 0.498039 0.219608
v -2.752127274 -0.007896854 -6.685334702 0.325490 0.470588 0.188235
v -2.725697211 -0.010559452 -6.683271401 0.356863 0.505882 0.215686
v -2.688578452 -0.016611747 -6.681391845 0.321569 0.462745 0.156863
v -2.787102408 -0.000506830 -6.694499228 0.435294 0.529412 0.321569
v -2.614189545 -0.031548574 -6.678178608 0.454902 0.525490 0.349020
v -2.764831004 -0.004934957 -6.694119901 0.349020 0.494118 0.215686
v -2.706168992 -0.010714718 -6.687243641 0.392157 0.521569 0.227451
v -2.797423744 0.004506625 -6.697184663 0.258824 0.286275 0.223529
v -2.664157487 -0.016725348 -6.683391882 0.317647 0.462745 0.168627
v -2.622392421 -0.025469914 -6.680244098 0.423529 0.564706 0.266667
v -2.630470587 -0.025245353 -6.682106970 0.576471 0.662745 0.341176
v -2.755027803 -0.003757802 -6.695018147 0.372549 0.517647 0.239216
v -2.776591265 -0.002217161 -6.698117091 0.345098 0.486275 0.215686
v -2.642695543 -0.019963922 -6.683514637 0.349020 0.490196 0.200000
v -2.798381202 0.009436556 -6.698930436 0.545098 0.615686 0.368627
v -2.601514925 -0.038621542 -6.684134360 0.321569 0.372549 0.278431
v -2.725619107 -0.006094744 -6.694779480 0.360784 0.509804 0.203922
v -2.741366900 -0.003928875 -6.697041687 0.309804 0.454902 0.176471
v -2.713137420 -0.006725345 -6.693468549 0.356863 0.494118 0.200000
v -2.674802625 -0.014011602 -6.691885243 0.317647 0.458824 0.172549
v -2.693334117 -0.010790268 -6.694702811 0.321569 0.466667 0.160784
v -2.652198427 -0.017052160 -6.691537511 0.403922 0.525490 0.247059
v -2.805839643 0.011034095 -6.708651365 0.368627 0.392157 0.305882
v -2.781531389 0.002293254 -6.708042089 0.301961 0.435294 0.152941
v -2.705094468 -0.006119185 -6.699677327 0.403922 0.529412 0.266667
v -2.621068301 -0.023981882 -6.692941826 0.427451 0.576471 0.313725
v -2.664172157 -0.012919534 -6.696140829 0.345098 0.494118 0.200000
v -2.792765212 0.003861919 -6.712495800 0.309804 0.388235 0.200000
v -2.728498979 -0.002792653 -6.704406862 0.356863 0.501961 0.196078
v -2.601540057 -0.033912034 -6.695936020 0.498039 0.647059 0.360784
v -2.716921298 -0.002897175 -6.703862875 0.341176 0.486275 0.188235
v -2.750079863 0.000579182 -6.708532409 0.352941 0.494118 0.223529
v -2.796517885 0.008793640 -6.713849655 0.509804 0.588235 0.313725
v -2.678748680 -0.009379251 -6.701763717 0.313725 0.458824 0.168627
v -2.610352968 -0.027181833 -6.697936775 0.454902 0.611765 0.317647
v -2.772588143 0.002353788 -6.714469261 0.333333 0.478431 0.184314
v -2.639775141 -0.016143609 -6.699190809 0.396078 0.549020 0.254902
v -2.760919924 0.002892284 -6.713666851 0.325490 0.470588 0.192157
v -2.739371010 0.001250023 -6.711586598 0.325490 0.470588 0.172549
v -2.804530341 0.010351178 -6.721242143 0.505882 0.588235 0.317647
v -2.803396416 0.005697554 -6.722905545 0.317647 0.360784 0.254902
v -2.779466176 0.005030793 -6.721413503 0.298039 0.439216 0.145098
v -2.594727073 -0.035102149 -6.705796122 0.572549 0.721569 0.458824
v -2.686620175 -0.003880755 -6.711684209 0.305882 0.443137 0.156863
v -2.794023305 0.005782568 -6.726978535 0.309804 0.443137 0.149020
v -2.673879047 -0.005600120 -6.711589859 0.309804 0.450980 0.172549
v -2.586754668 -0.039885663 -6.710251135 0.650980 0.749020 0.556863
v -2.631870653 -0.014565773 -6.708725388 0.411765 0.556863 0.266667
v -2.743289759 0.005096682 -6.721387120 0.333333 0.482353 0.184314
v -2.609364026 -0.023187299 -6.709632167 0.466667 0.619608 0.325490
v -2.756018333 0.005921387 -6.723403531 0.309804 0.462745 0.176471
v -2.701209831 0.000543259 -6.717343483 0.372549 0.501961 0.227451
v -2.810376341 0.006680727 -6.734046874 0.294118 0.372549 0.172549
v -2.577900106 -0.043386347 -6.713996831 0.203922 0.266667 0.145098
v -2.765754585 0.007174724 -6.727203903 0.309804 0.454902 0.160784
v -2.620084712 -0.017100183 -6.712475780 0.439216 0.588235 0.294118
v -2.649432902 -0.008467817 -6.714496731 0.364706 0.513725 0.219608
v -2.713962430 0.003158151 -6.721380526 0.337255 0.482353 0.188235
v -2.800847132 0.006888931 -6.734746307 0.329412 0.454902 0.168627
v -2.821173934 0.008311697 -6.738086208 0.235294 0.274510 0.188235
v -2.733536366 0.005921718 -6.725358429 0.298039 0.443137 0.156863
v -2.786373997 0.008472611 -6.734309148 0.282353 0.427451 0.133333
v -2.773560554 0.009228592 -6.734006445 0.298039 0.439216 0.145098
v -2.723696696 0.005403591 -6.727130281 0.317647 0.462745 0.172549
v -2.580969247 -0.035561854 -6.719273743 0.592157 0.729412 0.454902
v -2.639602539 -0.009052755 -6.719226855 0.380392 0.533333 0.239216
v -2.656309562 -0.004797940 -6.720457978 0.349020 0.494118 0.196078
v -2.627008875 -0.011812618 -6.718572090 0.439216 0.584314 0.290196
v -2.685604126 0.001276545 -6.724284158 0.301961 0.443137 0.160784
v -2.811635747 0.009560599 -6.743648197 0.333333 0.462745 0.184314
v -2.817282728 0.013945578 -6.744828422 0.533333 0.611765 0.329412
v -2.670924032 -0.000550158 -6.726187827 0.309804 0.450980 0.168627
v -2.826078081 0.011127674 -6.748885825 0.262745 0.298039 0.203922
v -2.748041995 0.009964511 -6.736643856 0.329412 0.482353 0.176471
v -2.801026301 0.011481435 -6.746985547 0.317647 0.462745 0.164706
v -2.713029077 0.006751129 -6.734215645 0.317647 0.458824 0.176471
v -2.731586447 0.008817418 -6.737103163 0.341176 0.482353 0.192157
v -2.759905192 0.011951237 -6.740932333 0.305882 0.450980 0.156863
v -2.599533272 -0.018882461 -6.726091850 0.462745 0.615686 0.337255
v -2.661149259 -0.000551205 -6.730098306 0.329412 0.482353 0.176471
v -2.688528942 0.005244882 -6.734035959 0.333333 0.474510 0.172549
v -2.557658702 -0.036624379 -6.728497308 0.647059 0.741176 0.568627
v -2.771600455 0.013174589 -6.745721752 0.301961 0.447059 0.145098
v -2.569233945 -0.031615547 -6.729034365 0.462745 0.603922 0.345098
v -2.791189995 0.012894411 -6.749744008 0.305882 0.450980 0.152941
v -2.611315132 -0.012407429 -6.729170857 0.427451 0.572549 0.294118
v -2.633737292 -0.006118005 -6.731933934 0.384314 0.533333 0.227451
v -2.588906307 -0.020754022 -6.730360101 0.474510 0.631373 0.356863
v -2.827510040 0.017671741 -6.756044611 0.513725 0.576471 0.368627
v -2.697430538 0.008411525 -6.739220237 0.380392 0.509804 0.239216
v -2.678708426 0.004591645 -6.737816392 0.305882 0.450980 0.164706
v -2.805763530 0.014507665 -6.756331776 0.309804 0.458824 0.137255
v -2.742487809 0.013621340 -6.746325669 0.349020 0.498039 0.188235
v -2.707050525 0.009513594 -6.743667018 0.301961 0.431373 0.192157
v -2.780495632 0.015418273 -6.753817891 0.282353 0.423529 0.137255
v -2.839178455 0.018108846 -6.762711730 0.266667 0.313725 0.207843
v -2.580055188 -0.021347159 -6.735093098 0.462745 0.615686 0.325490
v -2.730424460 0.011102208 -6.749287622 0.321569 0.470588 0.172549
v -2.820068306 0.017044961 -6.762158909 0.321569 0.454902 0.141176
v -2.642648268 -0.001056167 -6.740075658 0.329412 0.478431 0.200000
v -2.659230505 0.003101157 -6.741931187 0.329412 0.478431 0.184314
v -2.716739949 0.010120803 -6.749288986 0.349020 0.490196 0.207843
v -2.754023521 0.015978928 -6.754570439 0.317647 0.466667 0.164706
v -2.564444118 -0.024484763 -6.738108454 0.431373 0.580392 0.278431
v -2.589809114 -0.015332982 -6.738942956 0.447059 0.600000 0.309804
v -2.769704286 0.016666545 -6.757619341 0.309804 0.450980 0.160784
v -2.832619263 0.016198141 -6.768556843 0.403922 0.470588 0.274510
v -2.612401405 -0.006341863 -6.740235300 0.388235 0.537255 0.247059
v -2.832889544 0.021024404 -6.767217346 0.505882 0.607843 0.337255
v -2.789219735 0.016912574 -6.761430888 0.298039 0.439216 0.149020
v -2.545853048 -0.029244716 -6.740012213 0.384314 0.439216 0.301961
v -2.631763230 -0.002072832 -6.744586570 0.396078 0.545098 0.254902
v -2.677765388 0.008260158 -6.748664805 0.337255 0.482353 0.168627
v -2.736462805 0.014758785 -6.756622425 0.329412 0.478431 0.180392
v -2.804025533 0.017846433 -6.768681423 0.313725 0.454902 0.137255
v -2.839798194 0.018698219 -6.775377689 0.258824 0.274510 0.219608
v -2.599562920 -0.008341026 -6.745726002 0.419608 0.564706 0.278431
v -2.725642163 0.014269509 -6.760337206 0.329412 0.478431 0.176471
v -2.709125724 0.014525127 -6.757693984 0.329412 0.470588 0.172549
v -2.773527478 0.018261501 -6.767147466 0.301961 0.443137 0.156863
v -2.695449222 0.014464845 -6.755763082 0.376471 0.501961 0.211765
v -2.565307619 -0.018791387 -6.746582263 0.392157 0.545098 0.250980
v -2.553691709 -0.021558029 -6.745930212 0.411765 0.556863 0.270588
v -2.824457693 0.021356783 -6.776077908 0.494118 0.600000 0.305882
v -2.580038029 -0.013405294 -6.748729052 0.450980 0.600000 0.309804
v -2.644551700 0.003220295 -6.753613673 0.321569 0.470588 0.192157
v -2.589778233 -0.010226662 -6.749608298 0.423529 0.572549 0.266667
v -2.623071081 0.000115990 -6.752704676 0.364706 0.505882 0.219608
v -2.788053687 0.020203135 -6.773602877 0.305882 0.450980 0.149020
v -2.824417681 0.016856855 -6.781002089 0.321569 0.450980 0.141176
v -2.748124061 0.019156663 -6.768156794 0.298039 0.443137 0.149020
v -2.672860229 0.010336595 -6.759369341 0.321569 0.470588 0.160784
v -2.541954976 -0.022480109 -6.749818292 0.494118 0.619608 0.360784
v -2.763749817 0.020235971 -6.772026300 0.309804 0.454902 0.168627
v -2.811787181 0.018260079 -6.781223025 0.309804 0.454902 0.137255
v -2.800135433 0.020637673 -6.778513345 0.313725 0.462745 0.137255
v -2.826697703 0.014644132 -6.786969572 0.301961 0.321569 0.266667
v -2.557556077 -0.015368519 -6.754597445 0.407843 0.556863 0.254902
v -2.814907883 0.015069338 -6.786799316 0.556863 0.619608 0.419608
v -2.521306732 -0.027489970 -6.754362986 0.247059 0.290196 0.203922
v -2.593696085 -0.004416999 -6.758427626 0.407843 0.556863 0.254902
v -2.653366106 0.007985885 -6.764414887 0.329412 0.478431 0.180392
v -2.714970596 0.018577085 -6.771321893 0.325490 0.478431 0.176471
v -2.854971406 0.023865700 -6.793449633 0.235294 0.247059 0.184314
v -2.838939406 0.017851624 -6.794289954 0.337255 0.443137 0.188235
v -2.768731098 0.023483896 -6.781088561 0.325490 0.474510 0.172549
v -2.793196093 0.024261710 -6.785079337 0.294118 0.443137 0.137255
v -2.827379625 0.018597979 -6.793795917 0.321569 0.458824 0.141176
v -2.693408186 0.018985676 -6.771158289 0.443137 0.556863 0.313725
v -2.680716203 0.015947025 -6.770222993 0.305882 0.450980 0.149020
v -2.606421096 0.001320079 -6.763366897 0.384314 0.537255 0.231373
v -2.755068131 0.023325779 -6.780174832 0.337255 0.482353 0.172549
v -2.622062747 0.004241499 -6.765326574 0.352941 0.501961 0.200000
v -2.742301412 0.021788165 -6.779029717 0.309804 0.454902 0.160784
v -2.638647042 0.006435946 -6.768162287 0.305882 0.447059 0.176471
v -2.807994445 0.022323271 -6.791329406 0.309804 0.454902 0.133333
v -2.721731266 0.020140453 -6.778906676 0.356863 0.498039 0.196078
v -2.573198220 -0.007563594 -6.764378642 0.400000 0.545098 0.215686
v -2.817837771 0.020852688 -6.795436701 0.325490 0.466667 0.145098
v -2.847698111 0.020086560 -6.801019525 0.427451 0.494118 0.317647
v -2.519444524 -0.020329286 -6.761470072 0.537255 0.643137 0.411765
v -2.595691656 0.000183068 -6.767341037 0.384314 0.537255 0.231373
v -2.657203158 0.011434696 -6.773982641 0.309804 0.458824 0.164706
v -2.732494660 0.022014246 -6.782850212 0.301961 0.450980 0.160784
v -2.785281021 0.027869008 -6.791651481 0.325490 0.470588 0.172549
v -2.580995368 -0.003490373 -6.769200866 0.368627 0.521569 0.215686
v -2.531118192 -0.015042490 -6.765220060 0.454902 0.603922 0.305882
v -2.666104228 0.014613593 -6.777207452 0.337255 0.482353 0.164706
v -2.772638323 0.027412394 -6.790857274 0.317647 0.462745 0.168627
v -2.614250674 0.006139276 -6.773169136 0.349020 0.501961 0.192157
v -2.698469876 0.022638818 -6.781426938 0.349020 0.474510 0.184314
v -2.747224091 0.025452298 -6.788904284 0.337255 0.478431 0.188235
v -2.827604424 0.025799406 -6.804209890 0.305882 0.447059 0.133333
v -2.799026168 0.029396767 -6.798664213 0.317647 0.462745 0.152941
v -2.711968669 0.022983228 -6.786763483 0.329412 0.478431 0.168627
v -2.683544235 0.019616289 -6.783613016 0.301961 0.431373 0.145098
v -2.600605131 0.004881115 -6.776213385 0.368627 0.521569 0.211765
v -2.841937698 0.025208047 -6.809137364 0.333333 0.462745 0.164706
v -2.553616606 -0.007339634 -6.773086616 0.380392 0.533333 0.227451
v -2.645526450 0.012034558 -6.781954181 0.309804 0.462745 0.164706
v -2.761774066 0.028203134 -6.795427754 0.321569 0.466667 0.180392
v -2.736396118 0.025007408 -6.792600882 0.325490 0.474510 0.164706
v -2.673872957 0.017903135 -6.784885769 0.290196 0.435294 0.145098
v -2.515571772 -0.012775256 -6.770372859 0.498039 0.627451 0.356863
v -2.812646875 0.028875318 -6.805324496 0.305882 0.450980 0.137255
v -2.538954469 -0.007337164 -6.776017697 0.415686 0.568627 0.239216
v -2.630833129 0.011278798 -6.784798214 0.317647 0.466667 0.168627
v -2.751079444 0.028772905 -6.798522412 0.360784 0.501961 0.200000
v -2.779407559 0.031840108 -6.802378737 0.321569 0.470588 0.164706
v -2.617184512 0.010043463 -6.783923664 0.329412 0.482353 0.176471
v -2.863402608 0.028426628 -6.818798175 0.239216 0.262745 0.203922
v -2.566378560 -0.001856479 -6.781058680 0.349020 0.494118 0.203922
v -2.835275661 0.029788872 -6.814539621 0.313725 0.454902 0.152941
v -2.713917328 0.024983472 -6.796520536 0.352941 0.494118 0.188235
v -2.685624337 0.022638002 -6.792766814 0.309804 0.427451 0.149020
v -2.849827445 0.028623613 -6.818133470 0.360784 0.478431 0.200000
v -2.704226975 0.025360864 -6.795783025 0.325490 0.462745 0.188235
v -2.823336645 0.031273704 -6.813945079 0.305882 0.447059 0.137255
v -2.529185644 -0.006405162 -6.778967785 0.407843 0.556863 0.235294
v -2.663208322 0.018259930 -6.792954235 0.321569 0.470588 0.160784
v -2.590784305 0.005207149 -6.785857998 0.349020 0.505882 0.200000
v -2.740404950 0.029192204 -6.802656182 0.400000 0.541176 0.243137
v -2.581020341 0.003174270 -6.786867172 0.345098 0.494118 0.207843
v -2.793114461 0.034616478 -6.811239182 0.298039 0.439216 0.133333
v -2.672833058 0.020304572 -6.796437211 0.313725 0.462745 0.152941
v -2.503742579 -0.005227479 -6.778887830 0.698039 0.800000 0.533333
v -2.543867765 -0.002637851 -6.784890969 0.372549 0.521569 0.215686
v -2.725640448 0.027966686 -6.805297120 0.341176 0.490196 0.156863
v -2.609299615 0.011482159 -6.792536917 0.325490 0.478431 0.192157
v -2.638674972 0.016012587 -6.796590161 0.329412 0.478431 0.164706
v -2.688558707 0.025561487 -6.802544354 0.458824 0.576471 0.298039
v -2.534162765 -0.001172692 -6.788019176 0.392157 0.541176 0.215686
v -2.754013777 0.033643129 -6.812215710 0.356863 0.501961 0.196078
v -2.816648072 0.036048037 -6.822200973 0.298039 0.435294 0.133333
v -2.843131963 0.034418271 -6.827349927 0.337255 0.474510 0.160784
v -2.594670975 0.009283269 -6.795566642 0.341176 0.494118 0.192157
v -2.853662712 0.033064877 -6.830627497 0.313725 0.431373 0.152941
v -2.568244382 0.003664100 -6.794491169 0.321569 0.470588 0.180392
v -2.627980544 0.016572527 -6.799688747 0.325490 0.478431 0.160784
v -2.512654662 -0.001149797 -6.787032968 0.364706 0.505882 0.176471
v -2.805843640 0.037398707 -6.822051752 0.298039 0.443137 0.137255
v -2.652359139 0.019928432 -6.805384511 0.349020 0.490196 0.192157
v -2.832133936 0.036165889 -6.829582234 0.317647 0.466667 0.141176
v -2.709950695 0.028319901 -6.811998780 0.337255 0.486275 0.180392
v -2.744294107 0.034227735 -6.816282889 0.372549 0.517647 0.207843
v -2.668890636 0.022489412 -6.808073941 0.301961 0.450980 0.152941
v -2.523259143 -0.000102370 -6.792478669 0.368627 0.513725 0.196078
v -2.734440610 0.032830737 -6.816059459 0.352941 0.501961 0.211765
v -2.642553705 0.019165445 -6.806275458 0.321569 0.470588 0.160784
v -2.762829995 0.037424593 -6.820087307 0.345098 0.494118 0.188235
v -2.783409646 0.040959878 -6.824145977 0.337255 0.486275 0.176471
v -2.612349096 0.016511649 -6.804600232 0.341176 0.494118 0.184314
v -2.867271904 0.036536210 -6.840187104 0.227451 0.262745 0.168627
v -2.537040453 0.003123539 -6.798616255 0.364706 0.501961 0.207843
v -2.585881800 0.010204487 -6.804386078 0.337255 0.482353 0.192157
v -2.686665781 0.029030341 -6.814452143 0.533333 0.647059 0.380392
v -2.601574442 0.014717752 -6.806490756 0.349020 0.501961 0.192157
v -2.500921744 0.003757506 -6.793867379 0.635294 0.749020 0.450980
v -2.813535612 0.041232459 -6.832443352 0.305882 0.450980 0.145098
v -2.630802524 0.019316158 -6.810125171 0.317647 0.466667 0.164706
v -2.714098327 0.032495982 -6.820495169 0.384314 0.529412 0.227451
v -2.698219891 0.030279265 -6.818839162 0.329412 0.450980 0.219608
v -2.568283257 0.008275998 -6.805353453 0.329412 0.478431 0.184314
v -2.839975137 0.040901534 -6.840395988 0.313725 0.450980 0.149020
v -2.555617716 0.007973099 -6.805474737 0.372549 0.517647 0.207843
v -2.879105608 0.042641328 -6.847324298 0.290196 0.305882 0.247059
v -2.621112120 0.019693908 -6.813298547 0.325490 0.474510 0.172549
v -2.755961184 0.039562271 -6.828810851 0.356863 0.509804 0.196078
v -2.855640463 0.041699809 -6.845355061 0.321569 0.450980 0.168627
v -2.525257715 0.004476381 -6.804331265 0.337255 0.486275 0.180392
v -2.729605627 0.036370590 -6.826959400 0.384314 0.525490 0.231373
v -2.778412565 0.043697620 -6.832630679 0.309804 0.466667 0.156863
v -2.791174479 0.045262603 -6.834741886 0.298039 0.443137 0.141176
v -2.765797968 0.042056602 -6.831918168 0.345098 0.494118 0.184314
v -2.574208840 0.011754733 -6.812369226 0.333333 0.474510 0.184314
v -2.636755595 0.022601368 -6.819173463 0.317647 0.470588 0.164706
v -2.593723437 0.015916743 -6.816178379 0.349020 0.494118 0.188235
v -2.610282975 0.019257275 -6.817969838 0.349020 0.501961 0.188235
v -2.686751885 0.032328812 -6.826425765 0.521569 0.623529 0.368627
v -2.822618539 0.047029700 -6.844006444 0.345098 0.494118 0.192157
v -2.664046459 0.027073195 -6.825790162 0.298039 0.435294 0.141176
v -2.709040180 0.034682682 -6.830762513 0.368627 0.513725 0.235294
v -2.651426721 0.025469765 -6.825064431 0.345098 0.494118 0.168627
v -2.860527208 0.047567397 -6.852197115 0.325490 0.419608 0.200000
v -2.696276048 0.033133444 -6.830600043 0.384314 0.509804 0.243137
v -2.492367827 0.006911831 -6.806290879 0.380392 0.443137 0.352941
v -2.803887909 0.049126869 -6.843558318 0.337255 0.486275 0.184314
v -2.625005061 0.022747489 -6.824001585 0.321569 0.470588 0.172549
v -2.583876759 0.015446676 -6.819885067 0.329412 0.470588 0.180392
v -2.733466928 0.039649883 -6.836595901 0.349020 0.501961 0.207843
v -2.541960979 0.010711254 -6.815327514 0.337255 0.482353 0.172549
v -2.509547279 0.007908495 -6.810974104 0.325490 0.474510 0.152941
v -2.782417095 0.048891740 -6.842674476 0.313725 0.462745 0.152941
v -2.562466097 0.013800519 -6.819175004 0.341176 0.486275 0.180392
v -2.744256326 0.042316065 -6.840612397 0.345098 0.494118 0.196078
v -2.760864275 0.045320515 -6.842538827 0.329412 0.482353 0.180392
v -2.614207184 0.022088149 -6.826807421 0.321569 0.470588 0.180392
v -2.679653143 0.032197955 -6.835470531 0.447059 0.541176 0.270588
v -2.722759922 0.040300865 -6.840636502 0.360784 0.509804 0.211765
v -2.854020551 0.054961432 -6.859015096 0.372549 0.513725 0.235294
v -2.773433990 0.049227473 -6.848013535 0.325490 0.474510 0.164706
v -2.838495347 0.054145984 -6.857386579 0.345098 0.490196 0.192157
v -2.844674723 0.052008372 -6.859412557 0.568627 0.635294 0.372549
v -2.571211746 0.017096730 -6.826848830 0.325490 0.478431 0.168627
v -2.591759389 0.020867790 -6.830814523 0.341176 0.486275 0.176471
v -2.873302668 0.060772926 -6.863140820 0.411765 0.494118 0.298039
v -2.670006428 0.032255967 -6.839748563 0.305882 0.439216 0.141176
v -2.653315608 0.029849528 -6.838561083 0.305882 0.454902 0.149020
v -2.786285286 0.053090656 -6.852333951 0.356863 0.501961 0.211765
v -2.525305303 0.010003405 -6.824994904 0.341176 0.486275 0.160784
v -2.830684456 0.052221512 -6.860499443 0.556863 0.639216 0.349020
v -2.496238573 0.009146041 -6.820842300 0.325490 0.474510 0.152941
v -2.699395059 0.036692116 -6.844817548 0.521569 0.639216 0.423529
v -2.627936333 0.026661523 -6.836708159 0.341176 0.490196 0.184314
v -2.602585064 0.023277252 -6.833956223 0.403922 0.545098 0.235294
v -2.557532086 0.017058876 -6.829796058 0.349020 0.498039 0.180392
v -2.827615366 0.057001690 -6.860935988 0.364706 0.517647 0.207843
v -2.743279601 0.046223823 -6.851365494 0.337255 0.494118 0.184314
v -2.859629555 0.060688574 -6.866107625 0.415686 0.560784 0.270588
v -2.711046634 0.041158750 -6.848504727 0.372549 0.517647 0.219608
v -2.776712175 0.054596108 -6.855836745 0.364706 0.517647 0.207843
v -2.805858393 0.056843927 -6.860216357 0.341176 0.490196 0.200000
v -2.488221257 0.004681499 -6.827123204 0.474510 0.584314 0.321569
v -2.513385409 0.009395720 -6.830320046 0.333333 0.486275 0.168627
v -2.754925529 0.049753566 -6.856014143 0.309804 0.462745 0.168627
v -2.845646304 0.058896889 -6.868191502 0.607843 0.654902 0.462745
v -2.725694761 0.045175944 -6.853348435 0.356863 0.513725 0.200000
v -2.682348586 0.033878605 -6.850437833 0.572549 0.639216 0.376471
v -2.608355541 0.025904282 -6.841508226 0.392157 0.533333 0.219608
v -2.876267735 0.069335575 -6.871054786 0.333333 0.388235 0.270588
v -2.582998505 0.023536332 -6.839717585 0.321569 0.474510 0.168627
v -2.866418577 0.066930759 -6.871821687 0.427451 0.560784 0.290196
v -2.649406451 0.032775047 -6.848338838 0.317647 0.470588 0.160784
v -2.540929171 0.015981416 -6.836679373 0.352941 0.509804 0.176471
v -2.832390244 0.061715539 -6.869411289 0.341176 0.490196 0.196078
v -2.635773721 0.031426958 -6.848487426 0.313725 0.462745 0.176471
v -2.683137193 0.039029752 -6.853658468 0.501961 0.596078 0.321569
v -2.714963709 0.045018998 -6.857321348 0.376471 0.529412 0.219608
v -2.494109318 0.006473423 -6.835008631 0.372549 0.513725 0.211765
v -2.780381275 0.057285457 -6.865904665 0.349020 0.501961 0.211765
v -2.689927458 0.036567365 -6.858550078 0.564706 0.650980 0.321569
v -2.793060672 0.058458500 -6.867781197 0.349020 0.501961 0.203922
v -2.665061881 0.037553598 -6.854247282 0.368627 0.501961 0.196078
v -2.764818515 0.055758745 -6.864169344 0.368627 0.521569 0.211765
v -2.811883855 0.062538479 -6.870450966 0.372549 0.521569 0.215686
v -2.701368863 0.043400776 -6.860510719 0.384314 0.521569 0.247059
v -2.526205045 0.013491134 -6.842367204 0.364706 0.513725 0.203922
v -2.613228801 0.029917688 -6.851241021 0.356863 0.498039 0.211765
v -2.596603843 0.028012036 -6.849266232 0.317647 0.474510 0.152941
v -2.586840237 0.026953607 -6.848321396 0.329412 0.486275 0.164706
v -2.481022777 -0.002560923 -6.841749395 0.258824 0.329412 0.168627
v -2.850752287 0.068094331 -6.877612082 0.376471 0.521569 0.231373
v -2.558572504 0.022480571 -6.846591811 0.341176 0.501961 0.180392
v -2.824336839 0.065329006 -6.875590313 0.321569 0.466667 0.180392
v -2.802723242 0.062189433 -6.874303837 0.356863 0.505882 0.200000
v -2.537041817 0.017776856 -6.846518422 0.349020 0.501961 0.188235
v -2.506727471 0.010044185 -6.844528425 0.388235 0.537255 0.227451
v -2.879241290 0.079800685 -6.881923220 0.450980 0.552941 0.352941
v -2.569311200 0.025507772 -6.850464162 0.341176 0.498039 0.164706
v -2.736420447 0.053182619 -6.868913949 0.325490 0.478431 0.180392
v -2.718737846 0.049894352 -6.867687961 0.368627 0.525490 0.211765
v -2.547755237 0.020989323 -6.850316191 0.341176 0.494118 0.184314
v -2.835293852 0.070714679 -6.882038541 0.384314 0.541176 0.235294
v -2.617149714 0.033750606 -6.860069535 0.341176 0.482353 0.192157
v -2.633846351 0.036117435 -6.862250865 0.325490 0.474510 0.172549
v -2.789220464 0.062850397 -6.878732041 0.345098 0.494118 0.203922
v -2.680068754 0.044886198 -6.867932482 0.501961 0.592157 0.317647
v -2.605505875 0.033139032 -6.860314415 0.333333 0.486275 0.168627
v -2.755071624 0.059467967 -6.875979927 0.380392 0.529412 0.219608
v -2.859643240 0.078186380 -6.886673423 0.435294 0.588235 0.278431
v -2.665966752 0.042959980 -6.867724547 0.372549 0.486275 0.203922
v -2.594730205 0.032322609 -6.860249719 0.333333 0.486275 0.164706
v -2.774499890 0.062281374 -6.879546273 0.349020 0.498039 0.211765
v -2.582021890 0.030377014 -6.859267963 0.341176 0.486275 0.176471
v -2.511663162 0.012629447 -6.854441942 0.380392 0.533333 0.239216
v -2.529243500 0.018598935 -6.855377144 0.309804 0.462745 0.152941
v -2.807854890 0.068279424 -6.883794189 0.337255 0.490196 0.184314
v -2.824390230 0.071791812 -6.885516826 0.364706 0.517647 0.219608
v -2.644520192 0.038634073 -6.867891080 0.329412 0.482353 0.168627
v -2.723720786 0.054107496 -6.875777909 0.333333 0.486275 0.184314
v -2.870339241 0.082493815 -6.890424356 0.458824 0.596078 0.317647
v -2.711048490 0.051897567 -6.875879985 0.364706 0.517647 0.219608
v -2.493236897 0.005730398 -6.856811025 0.419608 0.576471 0.270588
v -2.483426450 0.000117718 -6.857687034 0.517647 0.639216 0.368627
v -2.563361683 0.027092774 -6.860972432 0.349020 0.501961 0.192157
v -2.701367004 0.050256984 -6.877122730 0.360784 0.513725 0.219608
v -2.781433039 0.065551751 -6.885667004 0.352941 0.501961 0.203922
v -2.476483255 -0.005036311 -6.861312414 0.427451 0.501961 0.309804
v -2.879303552 0.086200489 -6.894807030 0.407843 0.466667 0.333333
v -2.490574085 0.001960219 -6.861640368 0.603922 0.686275 0.364706
v -2.609343928 0.036582439 -6.868906813 0.333333 0.482353 0.172549
v -2.739383837 0.059808929 -6.882685063 0.380392 0.521569 0.227451
v -2.762724630 0.063587918 -6.886256381 0.356863 0.509804 0.207843
v -2.792150906 0.068733706 -6.890454430 0.317647 0.470588 0.180392
v -2.544799311 0.025062002 -6.865890832 0.360784 0.505882 0.207843
v -2.838037584 0.078902113 -6.895184006 0.376471 0.533333 0.211765
v -2.620132802 0.039253269 -6.873899849 0.325490 0.474510 0.156863
v -2.771763127 0.066759257 -6.889876378 0.376471 0.529412 0.211765
v -2.639625712 0.041612672 -6.877647982 0.337255 0.478431 0.184314
v -2.690125580 0.049823256 -6.883550448 0.329412 0.407843 0.262745
v -2.727632431 0.058982610 -6.886534789 0.325490 0.474510 0.172549
v -2.592676051 0.036936603 -6.874630103 0.345098 0.501961 0.168627
v -2.650436759 0.044133544 -6.881722671 0.309804 0.458824 0.160784
v -2.852819229 0.084894581 -6.900412227 0.384314 0.541176 0.203922
v -2.534137152 0.024424218 -6.870056267 0.368627 0.521569 0.207843
v -2.818521924 0.076702583 -6.899192938 0.380392 0.537255 0.227451
v -2.701342770 0.055316100 -6.888783533 0.372549 0.525490 0.227451
v -2.515481330 0.019147084 -6.871775910 0.407843 0.564706 0.243137
v -2.780398508 0.069870063 -6.897233712 0.329412 0.486275 0.184314
v -2.751118991 0.065637039 -6.894430024 0.360784 0.517647 0.211765
v -2.662088437 0.047622445 -6.886386703 0.356863 0.490196 0.207843
v -2.679905673 0.052886434 -6.887996554 0.380392 0.490196 0.211765
v -2.738378274 0.063914752 -6.894336844 0.333333 0.494118 0.188235
v -2.548730578 0.028821390 -6.875726299 0.368627 0.517647 0.203922
v -2.711919968 0.058519115 -6.892193876 0.317647 0.470588 0.176471
v -2.762838696 0.067664798 -6.897333920 0.349020 0.501961 0.200000
v -2.582030190 0.037161066 -6.878841886 0.321569 0.470588 0.168627
v -2.481426249 0.003371537 -6.875153865 0.482353 0.619608 0.341176
v -2.496982954 0.011783258 -6.874916934 0.431373 0.584314 0.290196
v -2.568268764 0.033793934 -6.878624516 0.345098 0.494118 0.196078
v -2.879117664 0.087520705 -6.910896652 0.317647 0.372549 0.250980
v -2.598617120 0.040305351 -6.881689915 0.333333 0.486275 0.184314
v -2.506703968 0.017053105 -6.877696658 0.431373 0.584314 0.282353
v -2.623043917 0.044295914 -6.887522277 0.325490 0.478431 0.160784
v -2.642646565 0.046853930 -6.890604494 0.384314 0.521569 0.227451
v -2.557601399 0.033184601 -6.882778089 0.380392 0.521569 0.223529
v -2.532192718 0.027275145 -6.881819330 0.364706 0.517647 0.207843
v -2.722766769 0.063712233 -6.900283034 0.443137 0.584314 0.282353
v -2.683712585 0.056543632 -6.896503748 0.360784 0.498039 0.192157
v -2.519400132 0.022994992 -6.881575942 0.400000 0.552941 0.250980
v -2.784288747 0.073919210 -6.906953156 0.329412 0.482353 0.184314
v -2.754973624 0.068961986 -6.904048245 0.341176 0.501961 0.196078
v -2.842000835 0.087319634 -6.911953733 0.376471 0.533333 0.196078
v -2.696371880 0.058845826 -6.898319758 0.352941 0.505882 0.196078
v -2.742306182 0.067696290 -6.903186411 0.368627 0.525490 0.215686
v -2.665998396 0.052510239 -6.896161556 0.392157 0.478431 0.239216
v -2.653313752 0.049412710 -6.895249835 0.349020 0.482353 0.196078
v -2.612283898 0.044344696 -6.890434814 0.329412 0.482353 0.168627
v -2.859591544 0.089305537 -6.915851419 0.352941 0.509804 0.176471
v -2.820449203 0.082764750 -6.911820751 0.407843 0.556863 0.254902
v -2.804822951 0.079733964 -6.910883335 0.380392 0.533333 0.247059
v -2.602485706 0.043532913 -6.891345700 0.333333 0.490196 0.164706
v -2.590826639 0.042051484 -6.890570238 0.349020 0.498039 0.188235
v -2.548746555 0.032617918 -6.887501454 0.349020 0.494118 0.188235
v -2.768614426 0.072209522 -6.909787001 0.321569 0.470588 0.180392
v -2.873089520 0.088678750 -6.921184690 0.309804 0.415686 0.152941
v -2.630856111 0.049238571 -6.898252592 0.333333 0.490196 0.164706
v -2.469498357 -0.001089417 -6.890231451 0.321569 0.427451 0.203922
v -2.710021052 0.063987215 -6.907016019 0.454902 0.596078 0.290196
v -2.476485861 0.005698176 -6.890644837 0.572549 0.678431 0.411765
v -2.536004366 0.030912904 -6.891310467 0.368627 0.521569 0.227451
v -2.485220250 0.012014105 -6.891441320 0.482353 0.635294 0.321569
v -2.850789375 0.092268924 -6.923659382 0.333333 0.490196 0.152941
v -2.825376235 0.088344439 -6.921710152 0.372549 0.529412 0.219608
v -2.741344625 0.071496326 -6.913982162 0.349020 0.505882 0.196078
v -2.779497633 0.078120378 -6.917979890 0.388235 0.541176 0.243137
v -2.678807295 0.060584453 -6.908181556 0.360784 0.486275 0.188235
v -2.503819793 0.021594130 -6.893474420 0.427451 0.580392 0.270588
v -2.812765147 0.086685325 -6.921004887 0.384314 0.537255 0.243137
v -2.657236612 0.055185098 -6.907995108 0.360784 0.474510 0.188235
v -2.757937460 0.074601380 -6.917823329 0.329412 0.482353 0.192157
v -2.525272173 0.029788697 -6.896257470 0.380392 0.533333 0.231373
v -2.689437675 0.062424941 -6.911745398 0.368627 0.517647 0.196078
v -2.837144854 0.091981581 -6.925729467 0.349020 0.509804 0.188235
v -2.513539491 0.025896400 -6.896250382 0.411765 0.564706 0.258824
v -2.881964865 0.093009829 -6.933137877 0.309804 0.372549 0.231373
v -2.572138688 0.041897280 -6.900993932 0.400000 0.541176 0.254902
v -2.726612890 0.070029641 -6.916718706 0.356863 0.509804 0.211765
v -2.668038406 0.059726689 -6.911066432 0.674510 0.713725 0.478431
v -2.491085702 0.017876607 -6.897308371 0.474510 0.631373 0.313725
v -2.714025891 0.068200441 -6.916082894 0.333333 0.490196 0.192157
v -2.592692256 0.046596514 -6.904001186 0.337255 0.490196 0.180392
v -2.872323004 0.094019742 -6.933516298 0.325490 0.450980 0.172549
v -2.464609872 0.000870304 -6.901959751 0.403922 0.537255 0.262745
v -2.646530406 0.055830399 -6.912037513 0.345098 0.490196 0.172549
v -2.476455072 0.010803847 -6.901310429 0.541176 0.678431 0.388235
v -2.532170416 0.034275537 -6.902282788 0.407843 0.560784 0.239216
v -2.548723166 0.038649028 -6.904052232 0.392157 0.533333 0.235294
v -2.859683034 0.096475754 -6.934684889 0.345098 0.486275 0.192157
v -2.800970076 0.088125756 -6.928640805 0.372549 0.529412 0.215686
v -2.820446303 0.091582348 -6.931362823 0.345098 0.498039 0.200000
v -2.703201719 0.067728484 -6.920767380 0.384314 0.533333 0.207843
v -2.615274397 0.053711471 -6.912103151 0.349020 0.501961 0.180392
v -2.749160552 0.077391175 -6.925700400 0.411765 0.564706 0.270588
v -2.677733022 0.063230025 -6.919634765 0.380392 0.498039 0.219608
v -2.520438266 0.032342910 -6.906183900 0.396078 0.549020 0.243137
v -2.877008005 0.098393915 -6.942713529 0.352941 0.450980 0.250980
v -2.470406801 0.010149770 -6.908609657 0.505882 0.560784 0.427451
v -2.510626643 0.029671511 -6.908034583 0.423529 0.584314 0.274510
v -2.485183737 0.019115430 -6.907955735 0.505882 0.650980 0.345098
v -2.633849851 0.057597577 -6.918954848 0.349020 0.501961 0.168627
v -2.575168937 0.048042064 -6.913002824 0.380392 0.513725 0.223529
v -2.781410341 0.086240961 -6.933499794 0.376471 0.541176 0.227451
v -2.740321345 0.077682987 -6.930471615 0.400000 0.549020 0.250980
v -2.771625269 0.084356355 -6.933471608 0.368627 0.529412 0.239216
v -2.650360072 0.060318190 -6.922558360 0.325490 0.466667 0.156863
v -2.729530759 0.075025315 -6.930361772 0.341176 0.494118 0.192157
v -2.758878476 0.082684045 -6.933358416 0.360784 0.517647 0.231373
v -2.496934894 0.025809585 -6.910948354 0.443137 0.603922 0.290196
v -2.687545007 0.066870038 -6.927563000 0.388235 0.533333 0.223529
v -2.850790365 0.101058894 -6.943212047 0.392157 0.541176 0.243137
v -2.837060735 0.098444010 -6.942107071 0.384314 0.541176 0.227451
v -2.561453928 0.047278265 -6.915849526 0.415686 0.556863 0.254902
v -2.669029711 0.065488669 -6.927724513 0.635294 0.686275 0.454902
v -2.806822945 0.095054621 -6.942289813 0.352941 0.509804 0.211765
v -2.823424707 0.098096274 -6.944201348 0.360784 0.517647 0.207843
v -2.588824251 0.053140760 -6.921715629 0.396078 0.529412 0.254902
v -2.530201303 0.040247305 -6.916901827 0.415686 0.572549 0.247059
v -2.546789955 0.045337064 -6.917799031 0.403922 0.552941 0.231373
v -2.475418557 0.019046253 -6.915803084 0.682353 0.784314 0.517647
v -2.706117587 0.072738376 -6.934404753 0.372549 0.521569 0.203922
v -2.464901420 0.014439675 -6.916473601 0.407843 0.545098 0.286275
v -2.869379247 0.105832749 -6.950099882 0.458824 0.584314 0.345098
v -2.518419908 0.036702681 -6.917733517 0.435294 0.588235 0.270588
v -2.880905640 0.108257231 -6.952453326 0.509804 0.615686 0.403922
v -2.785295685 0.091301868 -6.943204850 0.345098 0.501961 0.207843
v -2.599605887 0.055868809 -6.925707353 0.341176 0.490196 0.188235
v -2.641563596 0.062261440 -6.930384145 0.341176 0.486275 0.156863
v -2.570246688 0.052201631 -6.922677105 0.372549 0.513725 0.200000
v -2.691534144 0.071202235 -6.936583268 0.364706 0.521569 0.207843
v -2.797037516 0.095127555 -6.946170680 0.352941 0.505882 0.207843
v -2.504759546 0.033595764 -6.920735636 0.447059 0.603922 0.301961
v -2.887015358 0.114338123 -6.955104712 0.231373 0.286275 0.156863
v -2.813633873 0.099184590 -6.949044826 0.368627 0.521569 0.219608
v -2.728556105 0.080866621 -6.942100019 0.396078 0.545098 0.250980
v -2.492035597 0.029799396 -6.921668126 0.439216 0.596078 0.286275
v -2.745332295 0.086585198 -6.943527849 0.549020 0.674510 0.458824
v -2.661382397 0.068173001 -6.937013402 0.635294 0.658824 0.419608
v -2.669590669 0.067466777 -6.940226009 0.643137 0.682353 0.415686
v -2.769644870 0.091378530 -6.948061254 0.368627 0.525490 0.219608
v -2.626026029 0.062511802 -6.935562608 0.345098 0.505882 0.176471
v -2.842071354 0.107346793 -6.955164505 0.403922 0.560784 0.250980
v -2.861628059 0.111208816 -6.957138345 0.470588 0.603922 0.341176
v -2.609322089 0.060197542 -6.934337819 0.356863 0.501961 0.196078
v -2.511610435 0.039396923 -6.926627248 0.447059 0.596078 0.298039
v -2.717849030 0.080547771 -6.946137760 0.419608 0.568627 0.262745
v -2.780423168 0.095109923 -6.952042840 0.380392 0.537255 0.254902
v -2.734505070 0.086135925 -6.948203642 0.415686 0.560784 0.262745
v -2.675062449 0.072118068 -6.943841021 0.349020 0.478431 0.188235
v -2.708085564 0.078511420 -6.947148323 0.470588 0.607843 0.305882
v -2.591747930 0.059072174 -6.935374267 0.360784 0.498039 0.188235
v -2.650478941 0.068271960 -6.942446238 0.337255 0.466667 0.145098
v -2.468717007 0.024884005 -6.928913785 0.309804 0.380392 0.211765
v -2.566372745 0.056834822 -6.933532283 0.364706 0.513725 0.203922
v -2.553703805 0.054601062 -6.932666861 0.388235 0.541176 0.215686
v -2.803852658 0.102162227 -6.956847083 0.372549 0.525490 0.231373
v -2.686524787 0.074996707 -6.947967087 0.372549 0.525490 0.227451
v -2.543904215 0.052821275 -6.933573744 0.419608 0.572549 0.247059
v -2.534045485 0.049513254 -6.933332706 0.403922 0.556863 0.250980
v -2.618125233 0.064063414 -6.942174178 0.341176 0.490196 0.180392
v -2.724774854 0.085816726 -6.952241522 0.400000 0.549020 0.231373
v -2.872335818 0.118365737 -6.964832778 0.552941 0.658824 0.450980
v -2.761840714 0.095176783 -6.956904118 0.372549 0.525490 0.231373
v -2.880221880 0.123762475 -6.966975315 0.407843 0.454902 0.352941
v -2.484301659 0.036029238 -6.933643430 0.486275 0.643137 0.325490
v -2.659427423 0.072082604 -6.949720311 0.596078 0.631373 0.407843
v -2.507707541 0.044234665 -6.935444142 0.431373 0.584314 0.282353
v -2.811710135 0.107760276 -6.962819072 0.372549 0.525490 0.235294
v -2.782332295 0.100324010 -6.960710391 0.415686 0.564706 0.278431
v -2.739329762 0.091472977 -6.956821557 0.364706 0.517647 0.231373
v -2.843823140 0.113677348 -6.966316692 0.396078 0.552941 0.250980
v -2.828444429 0.111821474 -6.965104761 0.411765 0.564706 0.247059
v -2.494953119 0.041639463 -6.936287274 0.470588 0.631373 0.309804
v -2.595647080 0.064036656 -6.945117922 0.321569 0.466667 0.164706
v -2.644545258 0.070714047 -6.951049333 0.356863 0.498039 0.176471
v -2.793135816 0.104844814 -6.963789090 0.384314 0.541176 0.223529
v -2.575135472 0.061964740 -6.944186746 0.360784 0.513725 0.192157
v -2.663684792 0.071674835 -6.955746914 0.607843 0.650980 0.376471
v -2.694360643 0.081727021 -6.957787927 0.400000 0.549020 0.227451
v -2.682679808 0.079423195 -6.956949600 0.407843 0.549020 0.243137
v -2.552645184 0.059092170 -6.944162950 0.388235 0.541176 0.223529
v -2.672979402 0.076937202 -6.958140215 0.435294 0.556863 0.278431
v -2.619134198 0.069708493 -6.953015396 0.419608 0.549020 0.258824
v -2.517460746 0.051231889 -6.944179079 0.392157 0.541176 0.235294
v -2.536997194 0.056215774 -6.946095315 0.423529 0.572549 0.262745
v -2.716933219 0.089881164 -6.964887864 0.368627 0.525490 0.219608
v -2.769708976 0.103631236 -6.968771398 0.423529 0.568627 0.270588
v -2.481129972 0.041642755 -6.943713056 0.572549 0.717647 0.439216
v -2.852818436 0.120090213 -6.976654802 0.407843 0.541176 0.262745
v -2.632756025 0.073090017 -6.958700903 0.345098 0.490196 0.176471
v -2.872513379 0.128834654 -6.978044484 0.482353 0.537255 0.317647
v -2.490218786 0.047389732 -6.944543114 0.486275 0.643137 0.333333
v -2.810703533 0.113835934 -6.973486052 0.403922 0.564706 0.247059
v -2.704193460 0.087180895 -6.965771716 0.380392 0.541176 0.231373
v -2.561434550 0.063055894 -6.950984528 0.415686 0.564706 0.243137
v -2.839184035 0.118751213 -6.976799350 0.388235 0.537255 0.243137
v -2.506712417 0.052183102 -6.947122424 0.400000 0.552941 0.235294
v -2.755983520 0.101963635 -6.970611350 0.435294 0.576471 0.290196
v -2.472273674 0.039123880 -6.947457697 0.286275 0.372549 0.180392
v -2.732435358 0.095747418 -6.970360381 0.368627 0.521569 0.231373
v -2.527243471 0.057041528 -6.951044336 0.376471 0.525490 0.231373
v -2.677885566 0.082673628 -6.966988867 0.388235 0.541176 0.227451
v -2.585936681 0.069441714 -6.957032277 0.360784 0.517647 0.188235
v -2.690411864 0.085912009 -6.968429539 0.388235 0.552941 0.239216
v -2.793159750 0.113471829 -6.975586874 0.411765 0.572549 0.254902
v -2.623073990 0.074385328 -6.961897119 0.349020 0.486275 0.188235
v -2.829229201 0.119052001 -6.981174811 0.388235 0.545098 0.235294
v -2.596697315 0.072313176 -6.959988997 0.376471 0.529412 0.196078
v -2.741380551 0.100566175 -6.973711386 0.509804 0.650980 0.368627
v -2.817552487 0.118673841 -6.980349200 0.400000 0.560784 0.247059
v -2.865133500 0.126790503 -6.986289743 0.305882 0.349020 0.235294
v -2.571271771 0.068478419 -6.958981829 0.427451 0.564706 0.243137
v -2.546818911 0.063703412 -6.956981546 0.388235 0.537255 0.239216
v -2.479508903 0.049045823 -6.951505890 0.694118 0.803922 0.552941
v -2.778435022 0.111962124 -6.978341593 0.419608 0.576471 0.266667
v -2.534049321 0.061216014 -6.957781523 0.372549 0.525490 0.211765
v -2.612251488 0.075854881 -6.965609956 0.341176 0.490196 0.172549
v -2.511613916 0.057944205 -6.956939186 0.392157 0.545098 0.223529
v -2.632744325 0.079038111 -6.969419351 0.360784 0.490196 0.192157
v -2.682807656 0.087313190 -6.975885034 0.396078 0.552941 0.239216
v -2.763745924 0.110192620 -6.981199389 0.356863 0.517647 0.235294
v -2.487348427 0.055749379 -6.955471785 0.580392 0.694118 0.431373
v -2.666538183 0.084844553 -6.974918470 0.396078 0.533333 0.223529
v -2.652462380 0.080777192 -6.974785068 0.525490 0.568627 0.321569
v -2.785325105 0.117484919 -6.983365725 0.411765 0.568627 0.254902
v -2.698242006 0.091704200 -6.979210893 0.368627 0.525490 0.219608
v -2.849758444 0.125885675 -6.991931305 0.376471 0.470588 0.270588
v -2.601602085 0.077081431 -6.968834184 0.368627 0.517647 0.192157
v -2.664574311 0.081093429 -6.977979942 0.588235 0.635294 0.337255
v -2.728586207 0.101179831 -6.981285793 0.474510 0.619608 0.317647
v -2.501769625 0.059414820 -6.959674018 0.356863 0.509804 0.196078
v -2.808789464 0.123320026 -6.987287755 0.384314 0.533333 0.239216
v -2.564341999 0.071057503 -6.966552071 0.415686 0.556863 0.254902
v -2.754039346 0.110683534 -6.984327453 0.388235 0.545098 0.243137
v -2.520472490 0.062402846 -6.963953245 0.427451 0.576471 0.254902
v -2.579997674 0.074856318 -6.969528180 0.407843 0.549020 0.227451
v -2.770650435 0.115619687 -6.986262801 0.380392 0.541176 0.239216
v -2.858601616 0.130445242 -6.995972869 0.227451 0.294118 0.149020
v -2.716863737 0.099171636 -6.984240123 0.466667 0.607843 0.317647
v -2.688556222 0.091071137 -6.983374447 0.360784 0.513725 0.211765
v -2.636781476 0.082045558 -6.979555902 0.380392 0.494118 0.203922
v -2.590722720 0.077979539 -6.973361683 0.427451 0.560784 0.231373
v -2.624955199 0.082729620 -6.978304957 0.345098 0.490196 0.176471
v -2.608354005 0.080655192 -6.976397747 0.360784 0.513725 0.184314
v -2.827324775 0.128467540 -6.995981967 0.439216 0.568627 0.290196
v -2.789242207 0.124277974 -6.991205854 0.388235 0.545098 0.235294
v -2.540892886 0.070979114 -6.970493038 0.392157 0.545098 0.243137
v -2.552650925 0.073713398 -6.971549245 0.376471 0.529412 0.231373
v -2.816604960 0.129216234 -6.995095389 0.392157 0.533333 0.250980
v -2.671517777 0.086237081 -6.987066906 0.619608 0.666667 0.368627
v -2.654421864 0.083678558 -6.985549934 0.733333 0.745098 0.545098
v -2.838005791 0.129956916 -6.999686393 0.431373 0.552941 0.298039
v -2.660797495 0.087864205 -6.988960194 0.423529 0.525490 0.243137
v -2.853791861 0.134784626 -7.004011799 0.274510 0.329412 0.203922
v -2.705178164 0.100811388 -6.992186481 0.494118 0.631373 0.333333
v -2.735476845 0.112572137 -6.993151208 0.435294 0.596078 0.282353
v -2.723717632 0.108869895 -6.994046011 0.443137 0.596078 0.317647
v -2.511429736 0.066095289 -6.974987276 0.356863 0.498039 0.207843
v -2.769661226 0.123519369 -6.996982626 0.400000 0.564706 0.247059
v -2.640859660 0.085738506 -6.989809172 0.403922 0.501961 0.219608
v -2.494060575 0.066447611 -6.972696934 0.588235 0.709804 0.439216
v -2.544895846 0.078139394 -6.977599336 0.462745 0.611765 0.298039
v -2.803884499 0.135170080 -6.999947390 0.419608 0.560784 0.282353
v -2.571230983 0.082453105 -6.981347746 0.345098 0.494118 0.192157
v -2.603488746 0.085387072 -6.986235019 0.376471 0.505882 0.215686
v -2.650351852 0.081000712 -6.996001316 0.282353 0.305882 0.278431
v -2.752107146 0.121275095 -6.999053484 0.419608 0.588235 0.270588
v -2.581964191 0.085526806 -6.985201078 0.349020 0.494118 0.188235
v -2.530173503 0.077589751 -6.980360848 0.498039 0.639216 0.372549
v -2.688551107 0.098927460 -6.998999683 0.509804 0.639216 0.376471
v -2.630946475 0.088673789 -6.993326727 0.380392 0.505882 0.223529
v -2.813751338 0.139405341 -7.005095871 0.341176 0.427451 0.231373
v -2.776435950 0.129869917 -7.002653298 0.431373 0.596078 0.254902
v -2.560497827 0.085251553 -6.983356262 0.388235 0.537255 0.231373
v -2.618125303 0.088500912 -6.992027709 0.454902 0.560784 0.274510
v -2.831078354 0.138375967 -7.009221687 0.356863 0.403922 0.286275
v -2.513395394 0.072861803 -6.981860591 0.274510 0.384314 0.176471
v -2.727696750 0.117174800 -7.002062700 0.454902 0.615686 0.317647
v -2.653766590 0.090183560 -7.000152422 0.698039 0.713725 0.509804
v -2.717838998 0.113853017 -7.002804212 0.439216 0.596078 0.301961
v -2.762818509 0.129390173 -7.005778422 0.423529 0.592157 0.270588
v -2.795083164 0.140089383 -7.007754044 0.494118 0.647059 0.345098
v -2.782356618 0.136318262 -7.007698431 0.454902 0.607843 0.294118
v -2.639828329 0.090025643 -7.001387883 0.423529 0.513725 0.247059
v -2.700300928 0.108561337 -7.004921290 0.443137 0.600000 0.329412
v -2.672855723 0.098343596 -7.004707367 0.400000 0.537255 0.262745
v -2.541878521 0.088519890 -6.987132050 0.450980 0.592157 0.309804
v -2.805952818 0.145125301 -7.011019032 0.600000 0.686275 0.478431
v -2.815659730 0.145601562 -7.012783373 0.239216 0.258824 0.227451
v -2.555524988 0.092696669 -6.989958259 0.380392 0.517647 0.247059
v -2.516242379 0.081292843 -6.988458055 0.223529 0.294118 0.098039
v -2.610323185 0.093261695 -6.999897897 0.407843 0.529412 0.235294
v -2.578085084 0.095081903 -6.994087249 0.337255 0.486275 0.184314
v -2.600570845 0.094077621 -6.998984803 0.352941 0.490196 0.180392
v -2.628844817 0.094603171 -7.003662428 0.380392 0.501961 0.215686
v -2.745178224 0.128734447 -7.010536885 0.435294 0.592157 0.301961
v -2.731501986 0.125739282 -7.010561772 0.490196 0.643137 0.333333
v -2.663281781 0.097893210 -7.010166956 0.368627 0.486275 0.243137
v -2.770726279 0.138541028 -7.013848466 0.470588 0.607843 0.325490
v -2.654000093 0.092539064 -7.011720485 0.411765 0.407843 0.345098
v -2.526639167 0.092517913 -6.991203835 0.329412 0.419608 0.203922
v -2.547618985 0.098202012 -6.993620729 0.498039 0.603922 0.356863
v -2.646654838 0.095024657 -7.012096592 0.490196 0.505882 0.309804
v -2.619173142 0.096801902 -7.006888106 0.435294 0.549020 0.254902
v -2.635794079 0.096774365 -7.010809192 0.376471 0.482353 0.200000
v -2.782151908 0.143637145 -7.017869429 0.337255 0.443137 0.211765
v -2.560630153 0.101906747 -6.996440749 0.458824 0.572549 0.305882
v -2.709995335 0.120864863 -7.014466805 0.478431 0.631373 0.352941
v -2.694396999 0.113725811 -7.014585347 0.474510 0.631373 0.349020
v -2.718848309 0.128286836 -7.017559203 0.521569 0.662745 0.411765
v -2.606405443 0.100159251 -7.009651213 0.341176 0.482353 0.168627
v -2.770033788 0.145311355 -7.020525465 0.760784 0.803922 0.674510
v -2.647017732 0.097438195 -7.020122547 0.509804 0.478431 0.427451
v -2.671845882 0.109321813 -7.020257048 0.482353 0.615686 0.360784
v -2.653679273 0.101556704 -7.021409470 0.576471 0.580392 0.388235
v -2.737605887 0.138706277 -7.021994033 0.352941 0.411765 0.254902
v -2.627955643 0.101792382 -7.017600222 0.364706 0.478431 0.200000
v -2.753791638 0.141767818 -7.024678223 0.219608 0.290196 0.121569
v -2.565632719 0.111838680 -7.004588772 0.431373 0.498039 0.321569
v -2.615189568 0.103188943 -7.016454236 0.321569 0.462745 0.160784
v -2.583932327 0.107915021 -7.009676931 0.400000 0.517647 0.243137
v -2.573035912 0.109911156 -7.007312880 0.309804 0.372549 0.215686
v -2.701210376 0.125658387 -7.023302353 0.474510 0.611765 0.360784
v -2.599597162 0.106760776 -7.015612601 0.360784 0.498039 0.188235
v -2.638793421 0.103146334 -7.023705987 0.454902 0.494118 0.254902
v -2.718856038 0.138006934 -7.026377882 0.462745 0.533333 0.368627
v -2.762771672 0.148295821 -7.030082176 0.258824 0.101961 0.078431
v -2.679626783 0.120359172 -7.027962437 0.533333 0.670588 0.435294
v -2.588778251 0.113094463 -7.017379964 0.435294 0.525490 0.305882
v -2.693467247 0.129023211 -7.029385267 0.572549 0.678431 0.470588
v -2.628894624 0.106956434 -7.027263978 0.341176 0.458824 0.184314
v -2.613215151 0.109191637 -7.024218752 0.360784 0.486275 0.196078
v -2.667833035 0.119835277 -7.031691070 0.494118 0.615686 0.403922
v -2.643886606 0.107545040 -7.033089395 0.623529 0.533333 0.392157
v -2.602510557 0.114713412 -7.025334652 0.450980 0.549020 0.290196
v -2.648586920 0.107020531 -7.038575131 0.498039 0.352941 0.341176
v -2.662758127 0.122043170 -7.035893241 0.498039 0.552941 0.392157
v -2.652519199 0.113608651 -7.038483769 0.662745 0.623529 0.505882
v -2.617352373 0.115398285 -7.032684883 0.450980 0.545098 0.298039
v -2.670904413 0.130574165 -7.041863077 0.486275 0.572549 0.305882
v -2.627138708 0.115317282 -7.040537448 0.517647 0.498039 0.309804
v -2.654891631 0.120419171 -7.043580835 0.250980 0.254902 0.203922
v -2.649346171 0.113462130 -7.051636855 0.462745 0.352941 0.352941
v -2.647853023 0.118874783 -7.049867912 0.415686 0.211765 0.231373
v -2.629941722 0.119165866 -7.060697329 0.313725 0.172549 0.109804
vn -0.557259402 -0.700972164 -0.445084243
vn -0.336839420 -0.819892975 -0.462941372
vn 0.065733451 -0.837352163 -0.542697401
vn 0.186341503 -0.824075024 -0.534955324
vn -0.567811028 -0.720984175 -0.397205812
vn -0.610671007 -0.712453259 -0.345675099
vn 0.069194233 -0.826133745 -0.559209437
vn 0.170693597 -0.844949080 -0.506877448
vn -0.206589521 -0.830280866 -0.517643172
vn -0.575290674 -0.723029268 -0.382451720
vn -0.388182916 -0.768237862 -0.509042839
vn 0.128600307 -0.830884716 -0.541380226
vn 0.139142583 -0.818090403 -0.558003077
vn 0.139763339 -0.817625811 -0.558528641
vn 0.039184355 -0.779106386 -0.625665906
vn -0.101566408 -0.820221706 -0.562957030
vn 0.074205523 -0.768590607 -0.635422709
vn -0.220029941 -0.772102799 -0.596191322
vn 0.053387604 -0.752553340 -0.656363645
vn -0.002701696 -0.829609345 -0.558337743
vn 0.081149168 -0.810864947 -0.579579891
vn -0.484663913 -0.758235932 -0.436095360
vn -0.099083917 -0.761947695 -0.640014131
vn 0.030098880 -0.798199623 -0.601640606
vn 0.023192288 -0.807809333 -0.588987435
vn -0.363865395 -0.837831372 -0.406989639
vn -0.633216915 -0.723543851 -0.274810177
vn 0.038594640 -0.882589144 -0.468558275
vn 0.047142884 -0.783617759 -0.619451981
vn -0.055046246 -0.804511557 -0.591380643
vn -0.681517692 -0.728409511 -0.070379107
vn -0.530648760 -0.831129971 -0.166237378
vn -0.019021392 -0.892017192 -0.451601059
vn -0.016797401 -0.870600666 -0.491703496
vn 0.004343554 -0.840743662 -0.541415948
vn -0.085536981 -0.839229749 -0.537007313
vn -0.026349101 -0.920642325 -0.389516924
vn 0.018911818 -0.940213211 -0.340060967
vn -0.381526420 -0.884088628 -0.269860870
vn -0.129212167 -0.905587454 -0.403999480
vn -0.026541168 -0.946007643 -0.323055886
vn -0.088272300 -0.939988197 -0.329590944
vn -0.251205576 -0.916952867 -0.309989030
vn -0.041804986 -0.884137818 -0.465352191
vn -0.101096084 -0.912787563 -0.395725217
vn -0.278148908 -0.948053866 -0.154360138
vn -0.403807413 -0.901860761 -0.153579755
vn -0.088125274 -0.979777415 -0.179638951
vn -0.077992946 -0.888182594 -0.452823122
vn -0.003825619 -0.962153678 -0.272480578
vn -0.604979984 -0.796221997 0.005454375
vn -0.507620738 -0.843144536 -0.177280787
vn -0.262410611 -0.955326838 -0.135982733
vn -0.018658533 -0.892675386 -0.450313795
vn -0.060977931 -0.899290970 -0.433079027
vn -0.092709927 -0.940581010 -0.326668383
vn -0.418786320 -0.897816512 -0.136174627
vn -0.521083341 -0.818570933 -0.241689428
vn -0.048875541 -0.922765378 -0.382250230
vn -0.167358095 -0.904841663 -0.391475200
vn -0.505269729 -0.860771143 -0.061445432
vn -0.086099268 -0.966034699 -0.243647033
vn -0.289460637 -0.940987313 -0.175372224
vn -0.281707743 -0.937021598 -0.206473416
vn -0.007836090 -0.935558156 -0.353085729
vn -0.118062404 -0.936476339 -0.330262525
vn -0.213335655 -0.960095053 -0.180846311
vn -0.631983545 -0.770874255 -0.079684886
vn -0.537499913 -0.804040140 -0.254191459
vn -0.040456764 -0.939446828 -0.340298262
vn -0.069223283 -0.927293028 -0.367880113
vn -0.088987435 -0.919216504 -0.383565190
vn -0.058741406 -0.943412780 -0.326376737
vn -0.148325867 -0.911642808 -0.383284264
vn -0.156262040 -0.947977704 -0.277345356
vn -0.136506930 -0.987825383 0.074611464
vn -0.194990942 -0.956338910 -0.217702600
vn -0.157689523 -0.913714512 -0.374512756
vn -0.321090064 -0.898572267 -0.299113779
vn -0.131765333 -0.928313825 -0.347665555
vn -0.344939511 -0.930530439 -0.123003398
vn -0.062008359 -0.938353127 -0.340071128
vn -0.567914119 -0.768312738 -0.295244120
vn -0.062618637 -0.938840667 -0.338610556
vn -0.040704291 -0.942635230 -0.331333645
vn -0.324650501 -0.936579099 0.131991071
vn -0.095268578 -0.911529084 -0.400048280
vn -0.471688386 -0.829363064 -0.299444444
vn -0.030373148 -0.954674072 -0.296099455
vn -0.225672718 -0.917624998 -0.327163854
vn 0.000542470 -0.944443152 -0.328674364
vn -0.078262778 -0.933760948 -0.349235492
vn -0.253236044 -0.955421320 0.151794624
vn -0.292074048 -0.949382662 0.115608441
vn -0.003152375 -0.967477780 -0.252936372
vn -0.520561679 -0.733315198 -0.437337808
vn -0.133184345 -0.907475120 -0.398435486
vn -0.050723947 -0.992409285 -0.112030766
vn -0.134258980 -0.920868852 -0.366026069
vn -0.555536653 -0.742513958 -0.374235286
vn -0.247434587 -0.905339531 -0.345161498
vn -0.029192852 -0.946557875 -0.321210159
vn -0.432994187 -0.802273949 -0.410941047
vn -0.019835097 -0.948241897 -0.316928814
vn -0.097119280 -0.931260148 -0.351172866
vn -0.079558880 -0.995002393 0.060337571
vn -0.378507766 -0.737650434 -0.559109746
vn 0.019462289 -0.946327065 -0.322624092
vn -0.348003976 -0.863125009 -0.365935039
vn -0.173599572 -0.920297752 -0.350592694
vn -0.048971756 -0.946823455 -0.318004894
vn -0.017512937 -0.977366999 -0.210824684
vn -0.011711655 -0.995473464 -0.094315536
vn -0.084415339 -0.945568502 -0.314283722
vn 0.076421365 -0.951493580 -0.298026411
vn 0.041302098 -0.950670982 -0.307439134
vn -0.065790029 -0.947346781 -0.313377964
vn -0.427432340 -0.680766115 -0.594860565
vn -0.207470825 -0.923376974 -0.323002818
vn -0.177139158 -0.924759840 -0.336809970
vn -0.240651011 -0.910360947 -0.336645268
vn -0.141733698 -0.925314185 -0.351717525
vn -0.098873890 -0.908264622 -0.406545606
vn 0.007671200 -0.936241576 -0.351273203
vn -0.144699803 -0.930486264 -0.336537188
vn 0.238794471 -0.847281229 -0.474438320
vn -0.045587720 -0.947612719 -0.316151696
vn 0.070504705 -0.940923326 -0.331198403
vn -0.037721301 -0.961323444 -0.272826574
vn -0.096457347 -0.963696416 -0.248968266
vn 0.000770457 -0.950217249 -0.311587205
vn -0.402497875 -0.777903474 -0.482557402
vn -0.163794580 -0.933264096 -0.319670866
vn -0.145056108 -0.931329170 -0.334042966
vn -0.256236917 -0.682316482 -0.684680115
vn 0.043280469 -0.953262182 -0.299028448
vn -0.290600596 -0.677815080 -0.675365094
vn 0.066627119 -0.947872212 -0.311607278
vn -0.294619083 -0.863747285 -0.408827866
vn -0.195558817 -0.919758906 -0.340294437
vn -0.361940057 -0.726330450 -0.584331645
vn -0.047268750 -0.970952299 -0.234557667
vn -0.079454489 -0.938139715 -0.337017596
vn -0.151826031 -0.935068890 -0.320304584
vn -0.047586601 -0.955565728 -0.290911763
vn -0.100699337 -0.955181481 -0.278366632
vn 0.064003109 -0.947216278 -0.314141568
vn 0.049914545 -0.963437041 -0.263244386
vn 0.121135884 -0.935161253 -0.332865632
vn -0.297267388 -0.762860419 -0.574174261
vn -0.152353079 -0.955707551 -0.251816633
vn -0.027921053 -0.980023806 -0.196910526
vn -0.207683549 -0.928854138 -0.306753213
vn -0.176464516 -0.943314652 -0.281100945
vn -0.000952980 -0.961671065 -0.274204039
vn -0.022052560 -0.967987282 -0.250028611
vn -0.248650540 -0.730937046 -0.635534377
vn -0.303605797 -0.837789467 -0.453797674
vn 0.026972101 -0.969824697 -0.242306756
vn -0.114259966 -0.960974365 -0.251938345
vn -0.197440255 -0.903293608 -0.380891064
vn -0.054761874 -0.954753328 -0.292313565
vn 0.041985181 -0.963256130 -0.265282627
vn -0.270045026 -0.715644093 -0.644149995
vn -0.151205038 -0.929659287 -0.335962270
vn -0.174740249 -0.933822273 -0.312156704
vn -0.125505373 -0.958064571 -0.257605665
vn 0.054949103 -0.977790456 -0.202253356
vn -0.094892918 -0.986474000 0.133657701
vn -0.304247868 -0.857472352 -0.414939033
vn -0.036499535 -0.949961421 -0.310227470
vn 0.056058911 -0.944626965 -0.323322278
vn 0.025805247 -0.963449229 -0.266645219
vn -0.115828725 -0.940264171 -0.320135902
vn -0.208343553 -0.846887042 -0.489259953
vn -0.221482557 -0.794520492 -0.565404868
vn -0.028424871 -0.997853223 0.058999755
vn -0.258061584 -0.854121281 -0.451531899
vn -0.167462238 -0.944821928 -0.281545598
vn -0.287925078 -0.858821509 -0.423703629
vn -0.124098195 -0.936659971 -0.327517536
vn 0.041522848 -0.943420566 -0.328988586
vn 0.010541344 -0.858437364 0.512810075
vn -0.053364236 -0.959976669 -0.274949183
vn -0.200764333 -0.937994150 -0.282596280
vn -0.267391334 -0.774516307 -0.573259422
vn 0.016001570 -0.961170751 -0.275489993
vn 0.088820684 -0.995707541 -0.026026484
vn 0.184257286 -0.945170726 -0.269632252
vn -0.035919153 -0.999151267 -0.020163361
vn -0.175121218 -0.865332959 -0.469607740
vn 0.273870437 -0.944737316 -0.180184314
vn -0.272255003 -0.734124132 -0.622044188
vn -0.260175227 -0.874882060 -0.408522009
vn -0.177898411 -0.946564484 -0.269012700
vn 0.052899820 -0.954142144 -0.294642797
vn -0.394061163 -0.918490743 0.033023548
vn -0.118767996 -0.968668776 -0.218116861
vn 0.001907190 -0.935456218 -0.353437443
vn 0.182772309 -0.907747115 -0.377610193
vn 0.089041085 -0.834097975 -0.544382451
vn -0.076050299 -0.955831946 -0.283904286
vn -0.211386144 -0.938313562 -0.273648602
vn -0.200816851 -0.912421410 -0.356594677
vn -0.028823142 -0.950649170 -0.308926177
vn -0.092723693 -0.943658453 -0.317664982
vn -0.103482112 -0.953873800 -0.281808846
vn -0.118715466 -0.947535720 -0.296787293
vn 0.326073000 -0.856672712 -0.399735242
vn 0.013028539 -0.959619101 -0.281000780
vn -0.204145754 -0.883852904 -0.420866434
vn 0.176132988 -0.810351258 -0.558845246
vn -0.150219165 -0.955299371 -0.254631722
vn -0.069044381 -0.729050190 -0.680968937
vn -0.261604014 -0.899582284 -0.349735693
vn -0.184598651 -0.941091928 -0.283318411
vn -0.066188086 -0.954718731 -0.290053931
vn 0.035626785 -0.928926467 -0.368546267
vn -0.232019832 -0.905570138 -0.355119027
vn -0.163003776 -0.823927970 -0.542745307
vn -0.210784775 -0.938717401 -0.272725907
vn -0.042352735 -0.937073242 -0.346554447
vn -0.114811365 -0.939907897 -0.321545479
vn -0.059629234 -0.968751627 -0.240758469
vn -0.089370476 -0.949439074 -0.300962394
vn 0.143403072 -0.850499465 -0.506049621
vn 0.157039603 -0.910352139 -0.382880591
vn 0.073157004 -0.969001503 -0.235974870
vn -0.214492641 -0.948184188 -0.234392094
vn -0.198537460 -0.931576882 -0.304544560
vn 0.174302011 -0.865361791 -0.469859318
vn -0.142081277 -0.890894027 -0.431417134
vn -0.137513666 -0.942245411 -0.305390858
vn -0.047845304 -0.946260513 -0.319846632
vn -0.090277192 -0.953052636 -0.289034086
vn -0.186705584 -0.955376940 -0.228901566
vn -0.008569370 -0.810757608 -0.585319286
vn 0.175865458 -0.883478776 -0.434208008
vn -0.075949375 -0.867720602 -0.491215482
vn -0.079720345 -0.943434764 -0.321831497
vn -0.062570950 -0.947167298 -0.314577472
vn -0.025566542 -0.933596830 -0.357411962
vn -0.118009394 -0.942738524 -0.311958103
vn -0.155342240 -0.943808074 -0.291710656
vn -0.149274265 -0.912925814 -0.379846880
vn 0.146572433 -0.894277261 -0.422829402
vn -0.022231059 -0.968091311 -0.249609683
vn -0.176506209 -0.960472705 -0.215262029
vn 0.119010894 -0.896713628 -0.426311008
vn -0.037005989 -0.981605980 -0.187297243
vn 0.145766920 -0.903438163 -0.403176750
vn -0.028603326 -0.860891801 -0.507983421
vn -0.142860959 -0.954274256 -0.262585969
vn -0.240283880 -0.920969182 -0.306723690
vn -0.113866029 -0.940855977 -0.319099605
vn -0.191200467 -0.923054237 -0.333786246
vn 0.111244083 -0.921841164 -0.371259507
vn -0.194908221 -0.954173735 -0.227075469
vn 0.086274531 -0.829099050 -0.552405169
vn -0.072642794 -0.906335043 -0.416268921
vn -0.099538322 -0.945809820 -0.309088834
vn -0.178681762 -0.934354265 -0.308309803
vn -0.099621860 -0.951936888 -0.289640547
vn -0.115040477 -0.961877605 -0.248107157
vn -0.044844130 -0.903562642 -0.426102753
vn -0.074521619 -0.939514693 -0.334303262
vn 0.148419089 -0.902561096 -0.404172293
vn 0.153218781 -0.901614630 -0.404493590
vn -0.213610364 -0.924878905 -0.314594380
vn 0.116452568 -0.897010635 -0.426392683
vn -0.105515136 -0.918719580 -0.380553400
vn -0.083429793 -0.948085730 -0.306876062
vn 0.069864054 -0.861386035 -0.503123357
vn 0.119454535 -0.904860570 -0.408604898
vn -0.108461194 -0.959740850 -0.259101661
vn 0.143385261 -0.886477511 -0.439998056
vn -0.049932480 -0.963939762 -0.261394114
vn -0.096544624 -0.943850765 -0.315950738
vn -0.174967204 -0.946228947 -0.272097884
vn 0.056011444 -0.929742748 -0.363924635
vn -0.109137815 -0.935652567 -0.335623617
vn -0.085273587 -0.955824821 -0.281295800
vn -0.091827645 -0.930347246 -0.354995332
vn -0.000365437 -0.924975872 -0.380025661
vn -0.143914320 -0.947124395 -0.286782234
vn -0.025056848 -0.868472067 -0.495104458
vn -0.071240258 -0.918549878 -0.388832801
vn -0.168486480 -0.927552936 -0.333553381
vn -0.170401576 -0.942766990 -0.286624677
vn -0.205065157 -0.933676343 -0.293592862
vn 0.093758206 -0.934800918 -0.342573557
vn 0.128276922 -0.870226571 -0.475658225
vn -0.064427134 -0.961244509 -0.268063684
vn -0.106514189 -0.937319533 -0.331793341
vn -0.040422431 -0.958775972 -0.281273287
vn -0.073581462 -0.920840578 -0.382933934
vn 0.172370261 -0.837271962 -0.518906692
vn -0.067056708 -0.914269596 -0.399517839
vn -0.088279396 -0.773775323 -0.627278645
vn -0.096309703 -0.964842360 -0.244547873
vn -0.111107931 -0.938812143 -0.326016545
vn 0.059395415 -0.809844451 -0.583630148
vn -0.041516707 -0.948895763 -0.312846919
vn -0.105901348 -0.942616320 -0.316637611
vn -0.097671268 -0.920079019 -0.379361202
vn 0.060603029 -0.896561641 -0.438753344
vn -0.111771406 -0.930226251 -0.349551534
vn -0.081781670 -0.930310983 -0.357537737
vn -0.085715346 -0.957215305 -0.276390557
vn -0.165902819 -0.936291760 -0.309570663
vn -0.147991078 -0.953286527 -0.263331424
vn -0.129640824 -0.970319951 -0.204138311
vn 0.114434710 -0.857742987 -0.501180273
vn -0.158190255 -0.949061214 -0.272504415
vn -0.146957321 -0.946652757 -0.286796276
vn -0.092828282 -0.955233082 -0.280913987
vn -0.012568576 -0.708773513 -0.705324137
vn -0.089583061 -0.975306228 -0.201872821
vn -0.126202651 -0.980110430 -0.153154942
vn 0.057465351 -0.891572994 -0.449216352
vn -0.100943959 -0.959673255 -0.262369131
vn -0.118870856 -0.928291302 -0.352342132
vn -0.091145107 -0.941655888 -0.324001170
vn -0.131488522 -0.942408515 -0.307533672
vn 0.046359222 -0.975602418 -0.214594371
vn -0.057715537 -0.914201095 -0.401129997
vn -0.062056034 -0.932891214 -0.354771803
vn -0.118732450 -0.932143549 -0.342068721
vn -0.130648129 -0.926778664 -0.352153907
vn -0.106834596 -0.957383993 -0.268332365
vn -0.138996318 -0.978290775 -0.153711364
vn -0.122118085 -0.936743188 -0.328023435
vn -0.117128719 -0.754256572 -0.646047899
vn -0.150829468 -0.902213603 -0.404055795
vn 0.083475082 -0.843196318 -0.531085567
vn 0.076107707 -0.797347146 -0.598702887
vn -0.097255714 -0.932584015 -0.347603769
vn -0.104653618 -0.929634618 -0.353308786
vn -0.104421748 -0.693216319 -0.713124978
vn -0.047324245 -0.955165905 -0.292264451
vn -0.108271946 -0.941220507 -0.319970535
vn -0.033001526 -0.928121217 -0.370812493
vn -0.118257837 -0.970894422 -0.208276510
vn 0.056122699 -0.854885310 -0.515772575
vn -0.143063624 -0.989710627 -0.002381953
vn -0.222443553 -0.948428448 -0.225836987
vn -0.101244260 -0.950033364 -0.295273107
vn -0.103615744 -0.945242342 -0.309484558
vn -0.124246198 -0.948625817 -0.290984434
vn 0.109969178 -0.843855428 -0.525180727
vn -0.110212170 -0.921051724 -0.373519744
vn -0.136462198 -0.755424612 -0.640867946
vn -0.189259609 -0.925241722 -0.328798657
vn -0.094077175 -0.920914872 -0.378239717
vn -0.007932785 -0.902424007 -0.430776023
vn -0.475507925 -0.874732800 0.093459844
vn -0.106169380 -0.992082812 -0.067080234
vn -0.143365208 -0.900257111 -0.411076089
vn -0.021243094 -0.798717340 -0.601331308
vn -0.118554152 -0.924108717 -0.363273990
vn -0.039186799 -0.960055272 -0.277052829
vn -0.086258152 -0.946493151 -0.310982711
vn -0.226731663 -0.719134016 -0.656840179
vn -0.103253594 -0.932384279 -0.346407638
vn -0.197938382 -0.736330294 -0.647022484
vn -0.120757940 -0.938996882 -0.322028532
vn -0.196307710 -0.949486341 -0.244824370
vn 0.041211969 -0.814556699 -0.578618146
vn -0.097586410 -0.939525313 -0.328282011
vn 0.123055790 -0.847114537 -0.516966375
vn -0.170513521 -0.920748698 -0.350923032
vn -0.343362575 -0.938117826 0.045134088
vn -0.038970349 -0.943463757 -0.329176930
vn -0.119047379 -0.880553691 -0.458751479
vn -0.062962164 -0.936075554 -0.346118943
vn -0.102969713 -0.918443780 -0.381913945
vn -0.125714151 -0.913422546 -0.387111359
vn -0.059725166 -0.889161301 -0.453679496
vn -0.207894226 -0.884048719 -0.418614205
vn -0.218508596 -0.953372070 -0.208172261
vn -0.090117314 -0.934117181 -0.345404056
vn -0.068700673 -0.934006633 -0.350587831
vn -0.102938503 -0.933664852 -0.343035872
vn -0.548142037 -0.836250092 0.015036328
vn -0.144639238 -0.768759800 -0.622966983
vn -0.160408786 -0.944954619 -0.285183783
vn -0.049069344 -0.862769058 -0.503211438
vn -0.139395832 -0.896883150 -0.419725406
vn -0.225290980 -0.935617360 -0.271779561
vn -0.239675019 -0.966841484 -0.088167057
vn -0.204039005 -0.785690474 -0.584002195
vn -0.144212943 -0.937800289 -0.315805708
vn -0.132688828 -0.905490846 -0.403088083
vn -0.161508410 -0.912402529 -0.376080654
vn -0.196771038 -0.944678443 -0.262419125
vn -0.025545192 -0.815797905 -0.577772638
vn -0.082262563 -0.932599912 -0.351411832
vn -0.074374481 -0.942515951 -0.325779247
vn -0.086291433 -0.906716746 -0.412817793
vn -0.087370033 -0.919901751 -0.382292095
vn -0.061978734 -0.928039865 -0.367288232
vn -0.119329812 -0.917381482 -0.379699371
vn -0.195570866 -0.788084965 -0.583672960
vn -0.163834479 -0.937056096 -0.308357156
vn -0.091583170 -0.936175644 -0.339393114
vn -0.070792986 -0.926716405 -0.369032598
vn -0.160833570 -0.935922571 -0.313339279
vn -0.331582814 -0.916040738 -0.225659487
vn -0.250361938 -0.925586127 -0.283917633
vn -0.131952449 -0.891506567 -0.433364272
vn -0.134633871 -0.875385386 -0.464299630
vn -0.142405379 -0.936765821 -0.319672495
vn -0.158899077 -0.913953182 -0.373417547
vn -0.126265050 -0.937496906 -0.324278720
vn -0.176829296 -0.910001586 -0.375004686
vn -0.456378064 -0.888120514 -0.054415210
vn -0.497810150 -0.863006788 -0.086048461
vn -0.189086764 -0.941533964 -0.278854785
vn -0.151757189 -0.927013174 -0.342952375
vn -0.072351700 -0.916769565 -0.392808856
vn -0.617085732 -0.763744855 -0.189470302
vn -0.263383160 -0.931888128 -0.249426997
vn -0.480782336 -0.853779295 -0.199773024
vn -0.077286613 -0.938561218 -0.336347467
vn -0.148327335 -0.918882496 -0.365587145
vn -0.101019831 -0.932562250 -0.346587137
vn -0.143166972 -0.909499524 -0.390274049
vn -0.182504921 -0.939733039 -0.289125869
vn -0.165694060 -0.864647111 -0.474268755
vn -0.068308674 -0.939584005 -0.335433783
vn -0.112421932 -0.928425670 -0.354100387
vn -0.062590389 -0.939287663 -0.337373870
vn -0.085771546 -0.921842350 -0.377954923
vn -0.163716126 -0.918426914 -0.360123637
vn -0.109306418 -0.939576140 -0.324420691
vn -0.142011634 -0.938963439 -0.313337448
vn -0.082328803 -0.935168191 -0.344503152
vn -0.241690626 -0.930722903 -0.274482276
vn -0.156683390 -0.903036910 -0.399968316
vn -0.195949038 -0.897040122 -0.396135070
vn -0.312408692 -0.913731239 -0.259799986
vn -0.115562556 -0.940732167 -0.318854645
vn -0.099691608 -0.938879739 -0.329494187
vn -0.188999389 -0.926638374 -0.324993162
vn -0.125417355 -0.922320871 -0.365506085
vn -0.144026595 -0.926709725 -0.347081294
vn -0.189621031 -0.936381014 -0.295354805
vn -0.153315252 -0.917528022 -0.366928825
vn -0.115446299 -0.946154684 -0.302429274
vn -0.173501555 -0.936740306 -0.303998042
vn -0.512920786 -0.805644726 -0.296393054
vn -0.440068479 -0.851877898 -0.283978486
vn -0.199447106 -0.930432090 -0.307436138
vn -0.052141517 -0.976796049 -0.207727565
vn -0.097406689 -0.942526721 -0.319617454
vn -0.371019609 -0.886963674 -0.275027072
vn -0.067035391 -0.932884269 -0.353883027
vn -0.063726670 -0.927187410 -0.369137398
vn -0.186337960 -0.930468063 -0.315447853
vn -0.236035450 -0.930024865 -0.281675376
vn -0.148869807 -0.925691417 -0.347754484
vn -0.112552427 -0.916445247 -0.384005286
vn -0.308688618 -0.907878328 -0.283669313
vn -0.167478525 -0.910053723 -0.379147947
vn -0.082383235 -0.939381010 -0.332830769
vn -0.138963167 -0.918993815 -0.368971010
vn -0.137231325 -0.913198474 -0.383713580
vn -0.124178255 -0.935664604 -0.330320314
vn -0.210115918 -0.904181293 -0.371897151
vn -0.121846548 -0.923314963 -0.364201726
vn -0.085787445 -0.932170081 -0.351709333
vn 0.036176776 -0.956980331 -0.287888671
vn -0.165890022 -0.891895953 -0.420716187
vn -0.167085199 -0.891437397 -0.421214796
vn -0.128944845 -0.933242627 -0.335307957
vn -0.140609484 -0.945283997 -0.294392829
vn -0.216226528 -0.925335096 -0.311449915
vn -0.127627866 -0.924622849 -0.358864481
vn 0.073573855 -0.954334936 -0.289537075
vn -0.068452468 -0.925016079 -0.373710466
vn -0.621882225 -0.726319085 -0.292785050
vn -0.152032065 -0.927164481 -0.342421198
vn -0.595935302 -0.729854948 -0.334922185
vn -0.220783431 -0.920427337 -0.322596023
vn -0.455658487 -0.825601832 -0.332801679
vn -0.048931730 -0.923989392 -0.379274689
vn -0.145255061 -0.906887280 -0.395545735
vn -0.133164330 -0.926326157 -0.352401918
vn -0.169584408 -0.883730979 -0.436188818
vn -0.140889505 -0.929792612 -0.340052710
vn -0.353083456 -0.874406943 -0.332783070
vn -0.131655473 -0.896350558 -0.423346801
vn -0.183293492 -0.903335685 -0.387799093
vn -0.111730548 -0.901449789 -0.418215928
vn -0.278352634 -0.904904525 -0.321974550
vn -0.130280848 -0.943176938 -0.305686381
vn -0.119610787 -0.923726710 -0.363898647
vn -0.301386734 -0.893685947 -0.332402565
vn -0.197514369 -0.868205115 -0.455201002
vn -0.172907892 -0.923364397 -0.342784262
vn -0.138039189 -0.935524270 -0.325176142
vn -0.180647141 -0.917791026 -0.353590501
vn -0.416996809 -0.835436944 -0.357992701
vn -0.147569196 -0.936300534 -0.318692080
vn -0.144578135 -0.925398576 -0.350335038
vn 0.110188997 -0.898267446 -0.425410368
vn -0.566500470 -0.697495861 -0.438835666
vn -0.069081027 -0.925178116 -0.373193335
vn -0.536054287 -0.762940559 -0.361341258
vn -0.231631495 -0.896930523 -0.376646369
vn -0.197472677 -0.902494629 -0.382763616
vn 0.099015957 -0.889450740 -0.446176223
vn -0.167107768 -0.891990757 -0.420032717
vn -0.117590985 -0.911698495 -0.393672726
vn -0.168885646 -0.932736815 -0.318558744
vn -0.114963843 -0.931568266 -0.344911410
vn -0.136284531 -0.887963608 -0.439257508
vn -0.095611000 -0.953062992 -0.287279429
vn -0.289931088 -0.879798916 -0.376687977
vn 0.038629851 -0.806717223 -0.589673687
vn -0.458602875 -0.720672510 -0.519917817
vn -0.309037481 -0.874140089 -0.374666438
vn -0.420739246 -0.803304154 -0.421522149
vn -0.074547149 -0.935635193 -0.345006534
vn -0.120059322 -0.903705791 -0.410976400
vn -0.172456800 -0.887676195 -0.426953891
vn -0.218853099 -0.876283960 -0.429219924
vn -0.138608476 -0.886581999 -0.441316270
vn -0.145802016 -0.920579574 -0.362318948
vn -0.165431956 -0.916645728 -0.363858321
vn -0.105419909 -0.883348493 -0.456707875
vn -0.341470326 -0.857506274 -0.384812950
vn -0.156685946 -0.933376725 -0.322889150
vn -0.061657950 -0.865734889 -0.496690446
vn -0.114838729 -0.894113562 -0.432866035
vn -0.163449637 -0.879067383 -0.447799902
vn -0.093758006 -0.952450876 -0.289908200
vn -0.122853919 -0.895525167 -0.427716717
vn -0.116438807 -0.863815579 -0.490167981
vn -0.088304590 -0.919980851 -0.381886808
vn -0.250356639 -0.871189588 -0.422315350
vn -0.218057911 -0.866420425 -0.449184144
vn -0.366334094 -0.769085579 -0.523742976
vn -0.160693373 -0.922093675 -0.352023996
vn -0.363305102 -0.723881756 -0.586519059
vn 0.019319355 -0.793274707 -0.608557311
vn -0.292569020 -0.859631818 -0.418851413
vn -0.219123300 -0.718167041 -0.660470348
vn -0.164875399 -0.892231026 -0.420404446
vn -0.130626635 -0.928506690 -0.347580219
vn -0.107512015 -0.930766697 -0.349448884
vn -0.091970900 -0.902872915 -0.419954585
vn -0.149799513 -0.919944059 -0.362302408
vn -0.169456924 -0.872152993 -0.458948262
vn -0.269582522 -0.827811237 -0.491989655
vn -0.344937177 -0.666645440 -0.660758808
vn -0.138681413 -0.850755571 -0.506934339
vn -0.225484995 -0.851150909 -0.474023888
vn -0.318873071 -0.787735799 -0.527060031
vn -0.154495926 -0.876864673 -0.455235492
vn -0.071847543 -0.942650000 -0.325958444
vn -0.091465526 -0.935684671 -0.340775957
vn -0.113452308 -0.884899505 -0.451753739
vn -0.093657658 -0.930460892 -0.354218536
vn -0.107115967 -0.850621002 -0.514752446
vn -0.111216901 -0.846140238 -0.521226917
vn -0.099268083 -0.931639098 -0.349563212
vn -0.241106839 -0.845828106 -0.475859546
vn -0.205567156 -0.876291352 -0.435724237
vn -0.144050568 -0.867293279 -0.476499529
vn -0.225302887 -0.861207908 -0.455587037
vn -0.198971175 -0.900985145 -0.385533707
vn -0.179935394 -0.887801715 -0.423593400
vn -0.067557390 -0.913545389 -0.401087050
vn -0.142968902 -0.924722690 -0.352771654
vn -0.356692125 -0.762607675 -0.539629745
vn -0.091987663 -0.916334655 -0.389703824
vn -0.163577072 -0.887990495 -0.429785321
vn -0.141131374 -0.853033022 -0.502410786
vn -0.133452922 -0.895447292 -0.424693378
vn -0.233962131 -0.882207220 -0.408622248
vn -0.237616523 -0.863010800 -0.445814700
vn -0.085440185 -0.905293222 -0.416105943
vn -0.219657975 -0.875692420 -0.430015301
vn -0.218475370 -0.760825000 -0.611075962
vn -0.130223833 -0.871438975 -0.472901540
vn -0.308070874 -0.704152040 -0.639736071
vn -0.346162213 -0.757716122 -0.553207014
vn -0.067788572 -0.965734851 -0.250521272
vn -0.170500435 -0.817634039 -0.549912884
vn -0.149243073 -0.838440766 -0.524159887
vn -0.157159722 -0.835097009 -0.527175310
vn -0.189014400 -0.881095869 -0.433524655
vn -0.096193959 -0.879135597 -0.466762600
vn -0.108968784 -0.865340391 -0.489195066
vn -0.237843194 -0.779799207 -0.579088777
vn -0.066297942 -0.890222203 -0.450676172
vn -0.055263895 -0.931951512 -0.358346594
vn -0.155055458 -0.824153214 -0.544728634
vn -0.089280834 -0.903909443 -0.418302105
vn -0.143696912 -0.913726360 -0.380072803
vn -0.148240785 -0.883163869 -0.445023876
vn -0.179093721 -0.892376560 -0.414233647
vn -0.169543105 -0.909411272 -0.379771345
vn -0.290961512 -0.857734100 -0.423832056
vn -0.058681657 -0.890543671 -0.451096923
vn -0.167407331 -0.850982423 -0.497798857
vn -0.201647236 -0.890727319 -0.407361309
vn -0.216504960 -0.873250071 -0.436531690
vn -0.159198122 -0.833098396 -0.529719757
vn -0.370031639 -0.695029907 -0.616449523
vn -0.205818106 -0.874831405 -0.438530409
vn -0.040146813 -0.907429275 -0.418282613
vn -0.340952900 -0.813601610 -0.470960233
vn -0.222490214 -0.734447886 -0.641158644
vn -0.107134747 -0.836238064 -0.537799262
vn -0.195244945 -0.886132196 -0.420296494
vn -0.128899635 -0.907024318 -0.400863780
vn -0.106438913 -0.907974944 -0.405280469
vn -0.102309025 -0.820983884 -0.561710179
vn -0.164836334 -0.849166177 -0.501742749
vn -0.411815002 -0.728747013 -0.547116253
vn -0.218703985 -0.873086886 -0.435761239
vn -0.148300608 -0.880664671 -0.449929624
vn -0.179970303 -0.892944011 -0.412627777
vn -0.102048202 -0.889356623 -0.445680337
vn -0.173596926 -0.909477875 -0.377775201
vn -0.117986571 -0.804026378 -0.582769896
vn -0.046129046 -0.888833630 -0.455902281
vn -0.018088329 -0.879267894 -0.475984015
vn -0.068620315 -0.884490926 -0.461483535
vn -0.225412364 -0.825874495 -0.516837097
vn -0.033286312 -0.853202914 -0.520515907
vn -0.272315634 -0.906800918 -0.321801632
vn -0.128769621 -0.893050535 -0.431137015
vn -0.148513469 -0.869901699 -0.470334757
vn -0.359285950 -0.661530594 -0.658248341
vn -0.185384899 -0.801920512 -0.567940077
vn -0.169439631 -0.858118956 -0.484687599
vn -0.039745752 -0.895260323 -0.443767089
vn -0.075260653 -0.886578547 -0.456414630
vn 0.004580611 -0.912496168 -0.409059606
vn -0.187596927 -0.947034666 -0.260639087
vn -0.176222099 -0.817292302 -0.548615589
vn -0.121010045 -0.816554998 -0.564441763
vn -0.255621155 -0.906246986 -0.336710892
vn -0.035734405 -0.928138088 -0.370516857
vn -0.201731812 -0.786593950 -0.583587383
vn -0.218296854 -0.881108961 -0.419515772
vn -0.118449246 -0.884072589 -0.452090072
vn -0.060903060 -0.906575165 -0.417626971
vn -0.178442945 -0.955034340 -0.236785821
vn -0.255371079 -0.816796902 -0.517328167
vn -0.009388066 -0.879568570 -0.475679508
vn -0.052400252 -0.784492978 -0.617919883
vn -0.079172469 -0.835167939 -0.544266694
vn -0.178281555 -0.801046417 -0.571437071
vn -0.176825703 -0.832361632 -0.525268297
vn -0.084973561 -0.855329912 -0.511067741
vn -0.188219610 -0.786353539 -0.588405888
vn -0.200739301 -0.838441661 -0.506674763
vn -0.244867297 -0.848637984 -0.468885464
vn -0.273955882 -0.879313429 -0.389558812
vn 0.050778439 -0.942565341 -0.330139559
vn -0.055661223 -0.880338481 -0.471068982
vn -0.013087512 -0.912161397 -0.409622146
vn -0.051839937 -0.904319246 -0.423697207
vn 0.122690481 -0.792387913 -0.597552040
vn -0.169411698 -0.761894790 -0.625152785
vn -0.149308703 -0.793768053 -0.589609353
vn -0.099744225 -0.787323655 -0.608418073
vn 0.059638450 -0.779900817 -0.623055351
vn -0.217830153 -0.890827808 -0.398717747
vn -0.041595677 -0.978210787 -0.203404662
vn -0.007758989 -0.818203300 -0.574876645
vn -0.259116196 -0.844821938 -0.468118243
vn -0.085767882 -0.784632537 -0.613999717
vn -0.274120203 -0.802072653 -0.530601143
vn -0.225837694 -0.779037441 -0.584891444
vn -0.278251168 -0.758324419 -0.589508578
vn -0.102515494 -0.843946956 -0.526539750
vn -0.187410580 -0.769971948 -0.609934811
vn 0.236705682 -0.948792619 -0.209196047
vn 0.064889616 -0.797310307 -0.600071340
vn -0.105183716 -0.699624400 -0.706726316
vn -0.055854903 -0.732894164 -0.678045997
vn 0.008544796 -0.767967884 -0.640431351
vn 0.019135151 -0.860000420 -0.509934430
vn -0.088896767 -0.917082423 -0.388660769
vn -0.182081375 -0.776273327 -0.603528040
vn 0.047244203 -0.800283313 -0.597757981
vn -0.209401594 -0.686850701 -0.695979229
vn -0.282328612 -0.799619292 -0.529999568
vn 0.108301149 -0.907473189 -0.405910423
vn 0.127603284 -0.740069104 -0.660314412
vn -0.206295677 -0.740709125 -0.639368505
vn 0.004560607 -0.691670710 -0.722198608
vn 0.003631159 -0.891373014 -0.453255959
vn 0.111442319 -0.756439623 -0.644499578
vn -0.050203114 -0.671333246 -0.739453393
vn -0.237888378 -0.737226240 -0.632381681
vn -0.268988925 -0.844820258 -0.462518855
vn -0.296108429 -0.726460149 -0.620141476
vn -0.197206884 -0.758870137 -0.620665417
vn -0.195572596 -0.763401695 -0.615604753
vn -0.216103168 -0.754698883 -0.619458648
vn 0.186540251 -0.845348685 -0.500587989
vn -0.311688944 -0.741101893 -0.594657874
vn -0.243620353 -0.809672291 -0.533928745
vn -0.065218503 -0.616233945 -0.784858122
vn -0.090826907 -0.776167991 -0.623950097
vn 0.155444805 -0.749906237 -0.643022199
vn -0.032424204 -0.600820985 -0.798725744
vn -0.153348425 -0.579848369 -0.800162564
vn 0.074486878 -0.848624706 -0.523724941
vn 0.170189456 -0.679424613 -0.713735066
vn 0.167345284 -0.774645797 -0.609851986
vn 0.123553949 -0.872904630 -0.471987213
vn -0.164544182 -0.756592455 -0.632845217
vn -0.192026878 -0.712805186 -0.674562410
vn -0.387058803 -0.783817539 -0.485608431
vn -0.208814490 -0.732141888 -0.648355431
vn -0.240981306 -0.867384215 -0.435399396
vn -0.157275617 -0.557234874 -0.815324276
vn -0.022169339 -0.587899720 -0.808629977
vn 0.150578654 -0.918034738 -0.366794615
vn 0.077197017 -0.861841723 -0.501267857
vn 0.223257939 -0.860562004 -0.457808835
vn -0.140722361 -0.820907025 -0.553451781
vn 0.069266865 -0.607812369 -0.791053870
vn -0.320265997 -0.696398643 -0.642229415
vn -0.299204172 -0.714526031 -0.632399727
vn -0.269103660 -0.682149745 -0.679893334
vn 0.158654710 -0.812466572 -0.561005128
vn -0.190001078 -0.797651712 -0.572408366
vn 0.092151738 -0.843652891 -0.528921409
vn -0.312093315 -0.717298426 -0.622961259
vn -0.394670145 -0.716209717 -0.575568518
vn -0.150832722 -0.703679731 -0.694322927
vn 0.149004884 -0.860125329 -0.487833951
vn -0.200343143 -0.758508696 -0.620102558
vn 0.171771607 -0.640161730 -0.748790675
vn 0.163451052 -0.814476919 -0.556696598
vn 0.242272326 -0.729630853 -0.639486464
vn 0.315891155 -0.693465230 -0.647548264
vn -0.306130497 -0.647808573 -0.697587393
vn 0.264916932 -0.748355861 -0.608097463
vn 0.229681395 -0.840515658 -0.490693270
vn -0.272244537 -0.639254717 -0.719191434
vn -0.155625986 -0.903080423 -0.400282777
vn -0.302068981 -0.665574900 -0.682469327
vn 0.291664615 -0.698088063 -0.653914986
vn -0.316231818 -0.642619767 -0.697880558
vn 0.220623300 -0.829110183 -0.513713601
vn 0.232208472 -0.767981189 -0.596895400
vn -0.366094703 -0.662391062 -0.653615139
vn 0.169690390 -0.874377330 -0.454609126
vn 0.293751703 -0.695515485 -0.655719564
vn 0.052059991 -0.843771118 -0.534172312
vn -0.496650988 -0.652268215 -0.572611536
vn -0.666982143 -0.583246889 -0.463635511
vn 0.273205364 -0.828401772 -0.488988070
vn -0.392718001 -0.775167265 -0.494861882
vn 0.153884910 -0.897813040 -0.412615050
vn -0.654583096 -0.740085287 -0.154255433
vn -0.571647845 -0.820498690 -0.000801039
vn 0.157868312 -0.879692240 -0.448574586
vn -0.006856760 -0.982413489 -0.186592395
f 762//762 764//764 768//768
f 757//757 736//736 738//738
f 754//754 764//764 762//762
f 764//764 754//754 757//757
f 566//566 612//612 594//594
f 735//735 741//741 722//722
f 741//741 735//735 750//750
f 642//642 613//613 647//647
f 609//609 617//617 573//573
f 748//748 736//736 757//757
f 754//754 748//748 757//757
f 736//736 748//748 728//728
f 585//585 612//612 566//566
f 587//587 585//585 556//556
f 585//585 548//548 556//556
f 612//612 619//619 594//594
f 678//678 693//693 663//663
f 660//660 690//690 657//657
f 729//729 735//735 722//722
f 735//735 729//729 750//750
f 695//695 712//712 711//711
f 741//741 704//704 722//722
f 5//5 6//6 1//1
f 244//244 213//213 197//197
f 213//213 198//198 197//197
f 249//249 213//213 244//244
f 619//619 595//595 594//594
f 534//534 546//546 566//566
f 546//546 585//585 566//566
f 585//585 546//546 548//548
f 286//286 244//244 299//299
f 157//157 164//164 135//135
f 412//412 398//398 366//366
f 530//530 504//504 501//501
f 488//488 530//530 501//501
f 664//664 642//642 647//647
f 642//642 664//664 666//666
f 667//667 688//688 665//665
f 502//502 493//493 469//469
f 471//471 480//480 516//516
f 398//398 432//432 430//430
f 432//432 398//398 412//412
f 521//521 545//545 507//507
f 545//545 521//521 543//543
f 481//481 421//421 451//451
f 423//423 452//452 451//451
f 452//452 423//423 416//416
f 635//635 618//618 600//600
f 582//582 541//541 542//542
f 510//510 541//541 519//519
f 541//541 582//582 568//568
f 322//322 337//337 308//308
f 453//453 418//418 407//407
f 384//384 372//372 416//416
f 380//380 343//343 367//367
f 343//343 380//380 357//357
f 618//618 577//577 600//600
f 604//604 577//577 618//618
f 586//586 563//563 570//570
f 563//563 586//586 560//560
f 693//693 673//673 663//663
f 673//673 643//643 663//663
f 643//643 673//673 646//646
f 605//605 572//572 603//603
f 580//580 553//553 573//573
f 572//572 580//580 603//603
f 580//580 572//572 553//553
f 553//553 544//544 573//573
f 530//530 544//544 504//504
f 584//584 623//623 609//609
f 571//571 558//558 560//560
f 571//571 584//584 558//558
f 726//726 736//736 728//728
f 707//707 726//726 728//728
f 688//688 691//691 665//665
f 691//691 688//688 717//717
f 716//716 691//691 717//717
f 744//744 716//716 717//717
f 748//748 740//740 728//728
f 740//740 748//748 754//754
f 727//727 740//740 743//743
f 747//747 744//744 717//717
f 744//744 747//747 752//752
f 747//747 758//758 752//752
f 755//755 754//754 762//762
f 758//758 755//755 762//762
f 755//755 740//740 754//754
f 740//740 755//755 743//743
f 755//755 747//747 743//743
f 747//747 755//755 758//758
f 612//612 614//614 634//634
f 585//585 614//614 612//612
f 614//614 585//585 587//587
f 650//650 619//619 612//612
f 661//661 650//650 634//634
f 650//650 612//612 634//634
f 650//650 661//661 677//677
f 649//649 678//678 663//663
f 693//693 708//708 732//732
f 678//678 708//708 693//693
f 653//653 623//623 632//632
f 623//623 653//653 609//609
f 753//753 746//746 749//749
f 746//746 753//753 732//732
f 751//751 753//753 763//763
f 751//751 737//737 732//732
f 753//753 751//751 732//732
f 764//764 767//767 768//768
f 621//621 657//657 632//632
f 610//610 621//621 586//586
f 644//644 610//610 638//638
f 660//660 644//644 638//638
f 644//644 660//660 657//657
f 621//621 644//644 657//657
f 644//644 621//621 610//610
f 706//706 729//729 722//722
f 686//686 695//695 711//711
f 686//686 669//669 655//655
f 660//660 682//682 690//690
f 682//682 704//704 690//690
f 682//682 660//660 669//669
f 68//68 51//51 76//76
f 10//10 6//6 5//5
f 6//6 10//10 11//11
f 4//4 13//13 8//8
f 137//137 157//157 135//135
f 118//118 137//137 107//107
f 137//137 135//135 107//107
f 300//300 311//311 285//285
f 122//122 99//99 97//97
f 99//99 122//122 125//125
f 150//150 137//137 118//118
f 137//137 150//150 157//157
f 150//150 175//175 157//157
f 48//48 62//62 75//75
f 67//67 48//48 75//75
f 274//274 306//306 284//284
f 648//648 660//660 638//638
f 660//660 648//648 669//669
f 610//610 592//592 638//638
f 592//592 599//599 638//638
f 592//592 586//586 570//570
f 592//592 610//610 586//586
f 554//554 592//592 570//570
f 592//592 554//554 599//599
f 535//535 539//539 514//514
f 539//539 595//595 557//557
f 595//595 565//565 594//594
f 565//565 535//535 534//534
f 539//539 565//565 595//595
f 565//565 539//539 535//535
f 565//565 566//566 594//594
f 565//565 534//534 566//566
f 411//411 429//429 439//439
f 365//365 363//363 391//391
f 352//352 385//385 359//359
f 352//352 365//365 385//385
f 270//270 249//249 244//244
f 286//286 270//270 244//244
f 270//270 286//286 302//302
f 270//270 302//302 297//297
f 410//410 411//411 439//439
f 368//368 335//335 359//359
f 335//335 313//313 297//297
f 232//232 245//245 260//260
f 232//232 220//220 191//191
f 271//271 298//298 260//260
f 245//245 271//271 260//260
f 271//271 245//245 256//256
f 220//220 214//214 193//193
f 214//214 220//220 237//237
f 214//214 237//237 259//259
f 220//220 186//186 191//191
f 164//164 186//186 193//193
f 186//186 220//220 193//193
f 376//376 412//412 366//366
f 376//376 404//404 412//412
f 341//341 376//376 366//366
f 376//376 341//341 340//340
f 462//462 467//467 496//496
f 467//467 482//482 496//496
f 490//490 462//462 496//496
f 490//490 502//502 469//469
f 462//462 490//490 469//469
f 445//445 462//462 469//469
f 346//346 331//331 318//318
f 360//360 351//351 393//393
f 562//562 589//589 561//561
f 562//562 572//572 589//589
f 537//537 562//562 561//561
f 642//642 629//629 613//613
f 629//629 606//606 613//613
f 629//629 642//642 666//666
f 651//651 667//667 665//665
f 631//631 651//651 665//665
f 613//613 598//598 647//647
f 493//493 529//529 508//508
f 529//529 537//537 561//561
f 537//537 529//529 502//502
f 529//529 493//493 502//502
f 518//518 490//490 496//496
f 518//518 537//537 502//502
f 490//490 518//518 502//502
f 404//404 436//436 412//412
f 436//436 432//432 412//412
f 480//480 458//458 508//508
f 436//436 458//458 432//432
f 457//457 471//471 430//430
f 471//471 457//457 480//480
f 432//432 457//457 430//430
f 457//457 458//458 480//480
f 458//458 457//457 432//432
f 576//576 545//545 543//543
f 576//576 588//588 622//622
f 521//521 523//523 543//543
f 463//463 498//498 491//491
f 463//463 438//438 460//460
f 438//438 463//463 441//441
f 522//522 498//498 519//519
f 522//522 555//555 532//532
f 522//522 532//532 491//491
f 498//498 522//522 491//491
f 511//511 536//536 542//542
f 541//541 511//511 542//542
f 511//511 541//541 510//510
f 498//498 495//495 519//519
f 495//495 510//510 519//519
f 495//495 463//463 460//460
f 463//463 495//495 498//498
f 421//421 417//417 451//451
f 417//417 423//423 451//451
f 417//417 421//421 384//384
f 417//417 384//384 416//416
f 423//423 417//417 416//416
f 670//670 658//658 639//639
f 685//685 670//670 671//671
f 590//590 555//555 568//568
f 658//658 624//624 639//639
f 626//626 631//631 665//665
f 626//626 635//635 600//600
f 636//636 604//604 618//618
f 636//636 670//670 639//639
f 670//670 636//636 671//671
f 578//578 577//577 604//604
f 536//536 578//578 542//542
f 383//383 405//405 407//407
f 405//405 435//435 407//407
f 505//505 500//500 476//476
f 511//511 500//500 536//536
f 453//453 447//447 418//418
f 438//438 447//447 460//460
f 337//337 327//327 308//308
f 349//349 327//327 337//337
f 356//356 372//372 384//384
f 408//408 452//452 416//416
f 237//237 273//273 259//259
f 265//265 287//287 280//280
f 298//298 287//287 260//260
f 287//287 265//265 260//260
f 450//450 453//453 407//407
f 435//435 450//450 407//407
f 450//450 435//435 476//476
f 500//500 450//450 476//476
f 450//450 500//500 453//453
f 475//475 505//505 476//476
f 475//475 471//471 516//516
f 505//505 475//475 516//516
f 424//424 405//405 401//401
f 405//405 424//424 435//435
f 471//471 424//424 430//430
f 567//567 550//550 516//516
f 550//550 505//505 516//516
f 505//505 550//550 540//540
f 564//564 567//567 516//516
f 598//598 564//564 551//551
f 606//606 564//564 613//613
f 564//564 598//598 613//613
f 331//331 312//312 318//318
f 312//312 295//295 318//318
f 295//295 312//312 289//289
f 295//295 289//289 264//264
f 358//358 351//351 329//329
f 334//334 358//358 329//329
f 358//358 334//334 377//377
f 351//351 358//358 393//393
f 358//358 402//402 393//393
f 402//402 358//358 377//377
f 278//278 281//281 255//255
f 266//266 278//278 255//255
f 242//242 266//266 234//234
f 351//351 328//328 329//329
f 448//448 467//467 440//440
f 467//467 448//448 482//482
f 415//415 448//448 440//440
f 461//461 434//434 446//446
f 448//448 461//461 482//482
f 461//461 448//448 434//434
f 504//504 461//461 501//501
f 482//482 461//461 504//504
f 468//468 465//465 488//488
f 468//468 461//461 446//446
f 468//468 488//488 501//501
f 461//461 468//468 501//501
f 306//306 305//305 284//284
f 465//465 443//443 449//449
f 443//443 468//468 446//446
f 468//468 443//443 465//465
f 443//443 426//426 449//449
f 426//426 443//443 402//402
f 402//402 425//425 393//393
f 434//434 425//425 446//446
f 425//425 443//443 446//446
f 443//443 425//425 402//402
f 531//531 563//563 560//560
f 563//563 531//531 528//528
f 517//517 531//531 560//560
f 527//527 517//517 560//560
f 558//558 527//527 560//560
f 530//530 527//527 558//558
f 527//527 530//530 488//488
f 517//517 527//527 488//488
f 473//473 474//474 439//439
f 429//429 473//473 439//439
f 539//539 538//538 514//514
f 538//538 539//539 557//557
f 513//513 538//538 554//554
f 538//538 513//513 514//514
f 649//649 627//627 617//617
f 643//643 627//627 663//663
f 627//627 649//649 663//663
f 702//702 726//726 707//707
f 674//674 664//664 647//647
f 664//664 674//674 683//683
f 572//572 601//601 589//589
f 605//605 601//601 572//572
f 598//598 601//601 647//647
f 601//601 598//598 589//589
f 601//601 646//646 647//647
f 601//601 605//605 646//646
f 625//625 643//643 646//646
f 605//605 625//625 646//646
f 625//625 605//605 603//603
f 627//627 625//625 603//603
f 625//625 627//627 643//643
f 580//580 602//602 603//603
f 602//602 627//627 603//603
f 627//627 602//602 617//617
f 617//617 602//602 573//573
f 602//602 580//580 573//573
f 515//515 544//544 553//553
f 544//544 515//515 504//504
f 482//482 515//515 496//496
f 515//515 482//482 504//504
f 569//569 530//530 558//558
f 569//569 544//544 530//530
f 544//544 569//569 573//573
f 584//584 569//569 558//558
f 569//569 609//609 573//573
f 569//569 584//584 609//609
f 593//593 623//623 584//584
f 571//571 593//593 584//584
f 623//623 593//593 632//632
f 593//593 621//621 632//632
f 621//621 593//593 586//586
f 586//586 593//593 560//560
f 593//593 571//571 560//560
f 718//718 707//707 728//728
f 740//740 718//718 728//728
f 718//718 740//740 727//727
f 698//698 718//718 727//727
f 698//698 667//667 666//666
f 667//667 698//698 688//688
f 691//691 659//659 665//665
f 659//659 626//626 665//665
f 626//626 659//659 635//635
f 697//697 685//685 671//671
f 716//716 745//745 742//742
f 744//744 745//745 716//716
f 745//745 744//744 752//752
f 734//734 727//727 743//743
f 747//747 734//734 743//743
f 734//734 747//747 717//717
f 766//766 765//765 763//763
f 765//765 760//760 763//763
f 761//761 765//765 766//766
f 765//765 761//761 760//760
f 704//704 719//719 690//690
f 719//719 741//741 739//739
f 719//719 704//704 741//741
f 760//760 756//756 763//763
f 756//756 751//751 763//763
f 751//751 756//756 737//737
f 737//737 756//756 738//738
f 756//756 761//761 738//738
f 761//761 756//756 760//760
f 675//675 650//650 677//677
f 705//705 686//686 711//711
f 729//729 705//705 711//711
f 706//706 705//705 729//729
f 705//705 706//706 669//669
f 686//686 705//705 669//669
f 672//672 668//668 695//695
f 686//686 672//672 695//695
f 672//672 686//686 655//655
f 633//633 672//672 655//655
f 682//682 696//696 704//704
f 704//704 696//696 722//722
f 696//696 706//706 722//722
f 706//706 696//696 669//669
f 696//696 682//682 669//669
f 104//104 85//85 91//91
f 85//85 104//104 102//102
f 105//105 122//122 97//97
f 54//54 44//44 36//36
f 34//34 44//44 55//55
f 51//51 61//61 57//57
f 68//68 61//61 51//51
f 13//13 14//14 8//8
f 16//16 20//20 23//23
f 20//20 33//33 23//23
f 20//20 14//14 21//21
f 29//29 33//33 38//38
f 33//33 29//29 23//23
f 30//30 29//29 38//38
f 29//29 30//30 23//23
f 6//6 2//2 1//1
f 22//22 10//10 5//5
f 22//22 26//26 36//36
f 24//24 22//22 36//36
f 14//14 17//17 21//21
f 17//17 14//14 13//13
f 2//2 7//7 3//3
f 3//3 7//7 4//4
f 7//7 13//13 4//4
f 100//100 118//118 107//107
f 100//100 96//96 118//118
f 69//69 100//100 107//107
f 272//272 300//300 285//285
f 288//288 322//322 308//308
f 269//269 288//288 256//256
f 288//288 271//271 256//256
f 154//154 179//179 153//153
f 154//154 166//166 185//185
f 195//195 154//154 185//185
f 179//179 154//154 195//195
f 122//122 144//144 125//125
f 154//154 144//144 166//166
f 62//62 80//80 75//75
f 120//120 99//99 125//125
f 105//105 129//129 143//143
f 129//129 105//105 111//111
f 155//155 129//129 130//130
f 166//166 174//174 185//185
f 174//174 166//166 143//143
f 175//175 211//211 191//191
f 211//211 232//232 191//191
f 232//232 211//211 245//245
f 96//96 132//132 118//118
f 132//132 96//96 103//103
f 30//30 42//42 43//43
f 48//48 42//42 38//38
f 42//42 30//30 38//38
f 58//58 69//69 47//47
f 63//63 58//58 47//47
f 257//257 242//242 227//227
f 242//242 257//257 284//284
f 257//257 274//274 284//284
f 249//249 231//231 213//213
f 246//246 231//231 249//249
f 231//231 246//246 226//226
f 198//198 231//231 226//226
f 213//213 231//231 198//198
f 238//238 257//257 227//227
f 257//257 238//238 274//274
f 81//81 61//61 68//68
f 113//113 93//93 76//76
f 198//198 169//169 197//197
f 188//188 189//189 168//168
f 152//152 188//188 168//168
f 188//188 152//152 177//177
f 190//190 169//169 198//198
f 169//169 190//190 177//177
f 152//152 160//160 177//177
f 630//630 595//595 619//619
f 630//630 633//633 595//595
f 630//630 675//675 668//668
f 672//672 630//630 668//668
f 630//630 672//672 633//633
f 650//650 630//630 619//619
f 675//675 630//630 650//650
f 669//669 628//628 655//655
f 648//648 628//628 669//669
f 599//599 628//628 638//638
f 628//628 648//648 638//638
f 595//595 591//591 557//557
f 512//512 546//546 534//534
f 333//333 352//352 359//359
f 268//268 270//270 297//297
f 268//268 246//246 249//249
f 270//270 268//268 249//249
f 334//334 354//354 377//377
f 354//354 373//373 377//377
f 354//354 334//334 342//342
f 373//373 354//354 342//342
f 387//387 410//410 378//378
f 410//410 387//387 411//411
f 429//429 396//396 385//385
f 411//411 396//396 429//429
f 385//385 396//396 359//359
f 396//396 368//368 359//359
f 387//387 396//396 411//411
f 396//396 387//387 368//368
f 355//355 320//320 313//313
f 320//320 355//355 342//342
f 186//186 176//176 191//191
f 176//176 186//186 164//164
f 176//176 175//175 191//191
f 176//176 164//164 157//157
f 175//175 176//176 157//157
f 316//316 347//347 309//309
f 341//341 347//347 316//316
f 341//341 314//314 340//340
f 314//314 341//341 316//316
f 314//314 331//331 340//340
f 275//275 314//314 316//316
f 312//312 314//314 289//289
f 314//314 312//312 331//331
f 445//445 433//433 462//462
f 467//467 433//433 440//440
f 433//433 467//467 462//462
f 315//315 346//346 318//318
f 295//295 315//315 318//318
f 315//315 295//295 294//294
f 346//346 361//361 331//331
f 331//331 361//361 340//340
f 376//376 361//361 370//370
f 361//361 376//376 340//340
f 346//346 353//353 379//379
f 360//360 353//353 332//332
f 353//353 315//315 332//332
f 315//315 353//353 346//346
f 651//651 640//640 667//667
f 667//667 640//640 666//666
f 640//640 629//629 666//666
f 629//629 640//640 606//606
f 640//640 631//631 606//606
f 640//640 651//651 631//631
f 589//589 575//575 561//561
f 598//598 575//575 589//589
f 575//575 598//598 551//551
f 575//575 529//529 561//561
f 529//529 575//575 551//551
f 470//470 493//493 508//508
f 458//458 470//470 508//508
f 493//493 470//470 469//469
f 470//470 458//458 436//436
f 555//555 559//559 532//532
f 559//559 576//576 543//543
f 576//576 559//559 588//588
f 523//523 559//559 543//543
f 559//559 523//523 532//532
f 509//509 523//523 521//521
f 509//509 521//521 507//507
f 456//456 463//463 491//491
f 463//463 456//456 441//441
f 452//452 456//456 491//491
f 456//456 408//408 441//441
f 408//408 456//456 452//452
f 555//555 547//547 568//568
f 522//522 547//547 555//555
f 547//547 522//522 519//519
f 547//547 541//541 568//568
f 541//541 547//547 519//519
f 484//484 511//511 510//510
f 484//484 495//495 460//460
f 495//495 484//484 510//510
f 395//395 386//386 418//418
f 349//349 386//386 367//367
f 386//386 395//395 367//367
f 386//386 349//349 337//337
f 409//409 408//408 380//380
f 409//409 438//438 441//441
f 408//408 409//409 441//441
f 654//654 645//645 620//620
f 692//692 724//724 714//714
f 685//685 692//692 670//670
f 700//700 692//692 714//714
f 692//692 658//658 670//670
f 692//692 700//700 681//681
f 658//658 692//692 681//681
f 710//710 725//725 724//724
f 692//692 710//710 724//724
f 710//710 692//692 685//685
f 697//697 710//710 685//685
f 596//596 590//590 620//620
f 559//559 596//596 588//588
f 590//590 596//596 555//555
f 596//596 559//559 555//555
f 624//624 608//608 639//639
f 608//608 636//636 639//639
f 636//636 608//608 604//604
f 608//608 624//624 582//582
f 590//590 607//607 620//620
f 624//624 607//607 582//582
f 582//582 607//607 568//568
f 607//607 590//590 568//568
f 626//626 597//597 631//631
f 631//631 597//597 606//606
f 597//597 626//626 600//600
f 382//382 405//405 383//383
f 382//382 381//381 401//401
f 405//405 382//382 401//401
f 364//364 382//382 383//383
f 322//322 338//338 337//337
f 338//338 364//364 337//337
f 382//382 338//338 348//348
f 338//338 382//382 364//364
f 552//552 578//578 536//536
f 578//578 552//552 577//577
f 525//525 505//505 540//540
f 525//525 500//500 505//505
f 552//552 525//525 540//540
f 500//500 525//525 536//536
f 525//525 552//552 536//536
f 428//428 447//447 438//438
f 409//409 428//428 438//438
f 428//428 409//409 395//395
f 428//428 395//395 418//418
f 447//447 428//428 418//418
f 459//459 447//447 453//453
f 500//500 459//459 453//453
f 459//459 500//500 511//511
f 380//380 390//390 357//357
f 408//408 390//390 380//380
f 390//390 372//372 357//357
f 372//372 390//390 416//416
f 390//390 408//408 416//416
f 325//325 343//343 357//357
f 265//265 239//239 260//260
f 239//239 232//232 260//260
f 232//232 239//239 220//220
f 273//273 252//252 280//280
f 252//252 265//265 280//280
f 252//252 273//273 237//237
f 252//252 239//239 265//265
f 220//220 252//252 237//237
f 239//239 252//252 220//220
f 324//324 287//287 298//298
f 343//343 324//324 367//367
f 324//324 349//349 367//367
f 327//327 324//324 298//298
f 324//324 327//327 349//349
f 381//381 397//397 401//401
f 397//397 424//424 401//401
f 424//424 397//397 430//430
f 397//397 398//398 430//430
f 475//475 455//455 471//471
f 455//455 424//424 471//471
f 424//424 455//455 435//435
f 435//435 455//455 476//476
f 455//455 475//475 476//476
f 524//524 564//564 516//516
f 564//564 524//524 551//551
f 480//480 524//524 516//516
f 524//524 480//480 508//508
f 529//529 524//524 508//508
f 524//524 529//529 551//551
f 583//583 564//564 606//606
f 564//564 583//583 567//567
f 597//597 583//583 606//606
f 583//583 597//597 567//567
f 171//171 210//210 196//196
f 224//224 202//202 196//196
f 295//295 277//277 294//294
f 250//250 277//277 264//264
f 277//277 295//295 264//264
f 241//241 266//266 255//255
f 266//266 241//241 234//234
f 225//225 241//241 255//255
f 241//241 225//225 234//234
f 283//283 242//242 284//284
f 283//283 266//266 242//242
f 304//304 281//281 278//278
f 281//281 304//304 294//294
f 315//315 304//304 332//332
f 304//304 315//315 294//294
f 425//425 413//413 393//393
f 413//413 425//425 434//434
f 448//448 413//413 434//434
f 413//413 448//448 415//415
f 353//353 371//371 379//379
f 371//371 353//353 360//360
f 326//326 305//305 306//306
f 305//305 326//326 334//334
f 334//334 326//326 342//342
f 326//326 320//320 342//342
f 320//320 326//326 306//306
f 406//406 399//399 420//420
f 399//399 406//406 373//373
f 373//373 406//406 377//377
f 406//406 402//402 377//377
f 406//406 426//426 402//402
f 426//426 431//431 449//449
f 431//431 406//406 420//420
f 406//406 431//431 426//426
f 494//494 531//531 517//517
f 465//465 494//494 488//488
f 494//494 517//517 488//488
f 531//531 494//494 528//528
f 549//549 513//513 554//554
f 549//549 554//554 570//570
f 563//563 549//549 570//570
f 473//473 492//492 474//474
f 492//492 513//513 474//474
f 513//513 492//492 514//514
f 399//399 427//427 420//420
f 427//427 399//399 410//410
f 464//464 427//427 474//474
f 474//474 427//427 439//439
f 427//427 410//410 439//439
f 549//549 526//526 513//513
f 526//526 563//563 528//528
f 526//526 549//549 563//563
f 709//709 693//693 732//732
f 737//737 709//709 732//732
f 709//709 673//673 693//693
f 709//709 721//721 702//702
f 721//721 737//737 738//738
f 721//721 709//709 737//737
f 689//689 707//707 683//683
f 689//689 702//702 707//707
f 674//674 689//689 683//683
f 673//673 652//652 646//646
f 646//646 652//652 647//647
f 652//652 674//674 647//647
f 709//709 676//676 673//673
f 676//676 709//709 702//702
f 676//676 652//652 673//673
f 652//652 676//676 674//674
f 689//689 676//676 702//702
f 676//676 689//689 674//674
f 515//515 533//533 496//496
f 533//533 515//515 553//553
f 533//533 518//518 496//496
f 518//518 533//533 537//537
f 572//572 533//533 553//553
f 562//562 533//533 572//572
f 533//533 562//562 537//537
f 707//707 694//694 683//683
f 718//718 694//694 707//707
f 698//698 694//694 718//718
f 694//694 698//698 666//666
f 664//664 694//694 666//666
f 694//694 664//664 683//683
f 688//688 715//715 717//717
f 698//698 715//715 688//688
f 715//715 698//698 727//727
f 715//715 734//734 717//717
f 734//734 715//715 727//727
f 730//730 697//697 716//716
f 730//730 716//716 742//742
f 725//725 730//730 742//742
f 687//687 691//691 716//716
f 697//697 687//687 716//716
f 687//687 659//659 691//691
f 767//767 759//759 766//766
f 759//759 761//761 766//766
f 759//759 764//764 757//757
f 759//759 767//767 764//764
f 759//759 757//757 738//738
f 761//761 759//759 738//738
f 720//720 719//719 739//739
f 720//720 701//701 719//719
f 708//708 731//731 732//732
f 731//731 746//746 732//732
f 668//668 699//699 695//695
f 675//675 699//699 668//668
f 699//699 712//712 695//695
f 699//699 675//675 677//677
f 92//92 85//85 102//102
f 92//92 114//114 82//82
f 114//114 92//92 102//102
f 71//71 92//92 82//82
f 92//92 71//71 85//85
f 71//71 44//44 54//54
f 44//44 71//71 55//55
f 127//127 104//104 131//131
f 104//104 127//127 102//102
f 114//114 127//127 130//130
f 127//127 114//114 102//102
f 134//134 105//105 143//143
f 105//105 134//134 122//122
f 134//134 144//144 122//122
f 166//166 134//134 143//143
f 144//144 134//134 166//166
f 117//117 111//111 82//82
f 114//114 117//117 82//82
f 117//117 129//129 111//111
f 117//117 114//114 130//130
f 129//129 117//117 130//130
f 24//24 25//25 19//19
f 25//25 34//34 21//21
f 17//17 25//25 21//21
f 25//25 17//17 19//19
f 28//28 20//20 21//21
f 20//20 28//28 33//33
f 34//34 28//28 21//21
f 12//12 20//20 16//16
f 20//20 12//12 14//14
f 14//14 12//12 8//8
f 50//50 48//48 38//38
f 48//48 50//50 62//62
f 33//33 50//50 38//38
f 10//10 18//18 11//11
f 22//22 18//18 10//10
f 18//18 22//22 24//24
f 18//18 24//24 19//19
f 15//15 17//17 13//13
f 7//7 15//15 13//13
f 17//17 15//15 19//19
f 18//18 15//15 11//11
f 15//15 18//18 19//19
f 216//216 233//233 195//195
f 221//221 216//216 185//185
f 216//216 195//195 185//185
f 253//253 216//216 221//221
f 216//216 253//253 233//233
f 179//179 165//165 153//153
f 165//165 179//179 181//181
f 153//153 165//165 140//140
f 208//208 206//206 181//181
f 179//179 208//208 181//181
f 208//208 179//179 195//195
f 233//233 208//208 195//195
f 208//208 233//233 240//240
f 206//206 208//208 240//240
f 224//224 229//229 202//202
f 282//282 316//316 309//309
f 282//282 275//275 316//316
f 288//288 310//310 322//322
f 310//310 338//338 322//322
f 310//310 311//311 348//348
f 338//338 310//310 348//348
f 296//296 288//288 308//308
f 288//288 296//296 271//271
f 271//271 296//296 298//298
f 327//327 296//296 308//308
f 296//296 327//327 298//298
f 73//73 80//80 62//62
f 50//50 73//73 62//62
f 73//73 50//50 56//56
f 110//110 80//80 99//99
f 120//120 110//110 99//99
f 80//80 110//110 75//75
f 133//133 154//154 153//153
f 120//120 133//133 153//153
f 133//133 120//120 125//125
f 144//144 133//133 125//125
f 133//133 144//144 154//154
f 147//147 174//174 143//143
f 129//129 147//147 143//143
f 147//147 129//129 155//155
f 202//202 172//172 196//196
f 174//174 172//172 202//202
f 172//172 171//171 196//196
f 171//171 172//172 155//155
f 172//172 147//147 155//155
f 147//147 172//172 174//174
f 150//150 178//178 175//175
f 178//178 211//211 175//175
f 141//141 150//150 118//118
f 132//132 141//141 118//118
f 139//139 132//132 103//103
f 139//139 121//121 140//140
f 96//96 88//88 103//103
f 64//64 53//53 67//67
f 42//42 53//53 43//43
f 53//53 48//48 67//67
f 53//53 42//42 48//48
f 90//90 64//64 67//67
f 90//90 67//67 75//75
f 110//110 90//90 75//75
f 242//242 218//218 227//227
f 205//205 199//199 234//234
f 225//225 205//205 234//234
f 167//167 156//156 184//184
f 246//246 251//251 226//226
f 251//251 238//238 226//226
f 86//86 68//68 76//76
f 86//86 81//81 68//68
f 145//145 152//152 168//168
f 106//106 93//93 113//113
f 123//123 106//106 113//113
f 163//163 145//145 168//168
f 145//145 163//163 138//138
f 188//188 209//209 189//189
f 209//209 238//238 227//227
f 201//201 198//198 226//226
f 201//201 190//190 198//198
f 183//183 188//188 177//177
f 190//190 183//183 177//177
f 124//124 126//126 152//152
f 145//145 124//124 152//152
f 124//124 145//145 123//123
f 124//124 123//123 113//113
f 126//126 124//124 113//113
f 162//162 169//169 177//177
f 160//160 162//162 177//177
f 169//169 162//162 149//149
f 162//162 160//160 149//149
f 126//126 142//142 152//152
f 142//142 160//160 152//152
f 142//142 126//126 149//149
f 160//160 142//142 149//149
f 633//633 616//616 595//595
f 616//616 591//591 595//595
f 616//616 633//633 655//655
f 628//628 616//616 655//655
f 616//616 628//628 599//599
f 591//591 616//616 599//599
f 591//591 579//579 557//557
f 579//579 538//538 557//557
f 538//538 579//579 554//554
f 554//554 579//579 599//599
f 579//579 591//591 599//599
f 548//548 499//499 556//556
f 466//466 473//473 429//429
f 454//454 499//499 479//479
f 335//335 336//336 359//359
f 336//336 333//333 359//359
f 333//333 336//336 302//302
f 302//302 336//336 297//297
f 336//336 335//335 297//297
f 317//317 333//333 302//302
f 317//317 286//286 299//299
f 286//286 317//317 302//302
f 333//333 317//317 352//352
f 410//410 388//388 378//378
f 399//399 388//388 410//410
f 388//388 355//355 378//378
f 355//355 350//350 378//378
f 350//350 387//387 378//378
f 387//387 350//350 368//368
f 350//350 355//355 313//313
f 311//311 330//330 348//348
f 300//300 330//330 311//311
f 347//347 369//369 381//381
f 397//397 369//369 398//398
f 369//369 397//397 381//381
f 398//398 369//369 366//366
f 369//369 341//341 366//366
f 369//369 347//347 341//341
f 279//279 314//314 275//275
f 253//253 279//279 275//275
f 279//279 253//253 258//258
f 314//314 279//279 289//289
f 289//289 279//279 264//264
f 279//279 258//258 264//264
f 419//419 415//415 440//440
f 433//433 419//419 440//440
f 415//415 419//419 379//379
f 374//374 346//346 379//379
f 361//361 374//374 370//370
f 374//374 361//361 346//346
f 400//400 433//433 445//445
f 374//374 400//400 370//370
f 400//400 419//419 433//433
f 400//400 376//376 370//370
f 376//376 400//400 404//404
f 419//419 400//400 379//379
f 400//400 374//374 379//379
f 470//470 444//444 469//469
f 444//444 470//470 436//436
f 444//444 436//436 404//404
f 444//444 445//445 469//469
f 400//400 444//444 404//404
f 444//444 400//400 445//445
f 481//481 483//483 507//507
f 483//483 509//509 507//507
f 483//483 481//481 451//451
f 509//509 503//503 523//523
f 532//532 503//503 491//491
f 523//523 503//503 532//532
f 418//418 392//392 407//407
f 386//386 392//392 418//418
f 392//392 383//383 407//407
f 392//392 364//364 383//383
f 364//364 392//392 337//337
f 392//392 386//386 337//337
f 395//395 389//389 367//367
f 409//409 389//389 395//395
f 389//389 380//380 367//367
f 389//389 409//409 380//380
f 641//641 654//654 620//620
f 607//607 641//641 620//620
f 641//641 658//658 681//681
f 654//654 641//641 681//681
f 641//641 624//624 658//658
f 641//641 607//607 624//624
f 684//684 654//654 681//681
f 654//654 684//684 645//645
f 700//700 684//684 681//681
f 684//684 700//700 714//714
f 645//645 615//615 620//620
f 615//615 596//596 620//620
f 581//581 578//578 604//604
f 608//608 581//581 604//604
f 581//581 608//608 582//582
f 581//581 582//582 542//542
f 578//578 581//581 542//542
f 574//574 597//597 600//600
f 577//577 574//574 600//600
f 550//550 574//574 540//540
f 574//574 552//552 540//540
f 552//552 574//574 577//577
f 574//574 550//550 567//567
f 597//597 574//574 567//567
f 362//362 382//382 348//348
f 382//382 362//362 381//381
f 330//330 362//362 348//348
f 362//362 347//347 381//381
f 362//362 330//330 347//347
f 484//484 477//477 511//511
f 477//477 459//459 511//511
f 459//459 477//477 447//447
f 447//447 477//477 460//460
f 477//477 484//484 460//460
f 372//372 345//345 357//357
f 345//345 325//325 357//357
f 356//356 345//345 372//372
f 325//325 303//303 343//343
f 303//303 324//324 343//343
f 324//324 303//303 287//287
f 287//287 303//303 280//280
f 303//303 325//325 280//280
f 247//247 277//277 250//250
f 235//235 225//225 255//255
f 307//307 334//334 329//329
f 307//307 305//305 334//334
f 305//305 307//307 284//284
f 307//307 283//283 284//284
f 323//323 304//304 278//278
f 304//304 323//323 332//332
f 323//323 360//360 332//332
f 360//360 323//323 351//351
f 323//323 328//328 351//351
f 394//394 360//360 393//393
f 413//413 394//394 393//393
f 394//394 371//371 360//360
f 394//394 413//413 415//415
f 394//394 415//415 379//379
f 371//371 394//394 379//379
f 478//478 465//465 449//449
f 478//478 494//494 465//465
f 427//427 442//442 420//420
f 442//442 427//427 464//464
f 442//442 431//431 420//420
f 478//478 442//442 464//464
f 431//431 442//442 449//449
f 442//442 478//478 449//449
f 702//702 723//723 726//726
f 721//721 723//723 702//702
f 723//723 721//721 738//738
f 736//736 723//723 738//738
f 726//726 723//723 736//736
f 713//713 730//730 725//725
f 730//730 713//713 697//697
f 710//710 713//713 725//725
f 713//713 710//710 697//697
f 656//656 697//697 671//671
f 656//656 687//687 697//697
f 687//687 656//656 659//659
f 659//659 656//656 635//635
f 635//635 656//656 618//618
f 636//636 656//656 671//671
f 656//656 636//636 618//618
f 662//662 680//680 678//678
f 680//680 662//662 653//653
f 649//649 662//662 678//678
f 653//653 662//662 609//609
f 662//662 617//617 609//609
f 662//662 649//649 617//617
f 680//680 679//679 701//701
f 690//690 679//679 657//657
f 679//679 680//680 653//653
f 719//719 679//679 690//690
f 701//701 679//679 719//719
f 657//657 679//679 632//632
f 679//679 653//653 632//632
f 703//703 731//731 708//708
f 703//703 708//708 678//678
f 680//680 703//703 678//678
f 703//703 680//680 701//701
f 746//746 733//733 749//749
f 731//731 733//733 746//746
f 733//733 739//739 749//749
f 733//733 720//720 739//739
f 703//703 733//733 731//731
f 720//720 733//733 701//701
f 733//733 703//703 701//701
f 71//71 65//65 85//85
f 85//85 65//65 91//91
f 65//65 59//59 91//91
f 59//59 65//65 54//54
f 65//65 71//71 54//54
f 61//61 77//77 57//57
f 81//81 77//77 61//61
f 104//104 108//108 131//131
f 108//108 116//116 131//131
f 108//108 104//104 91//91
f 89//89 108//108 91//91
f 116//116 95//95 115//115
f 95//95 108//108 89//89
f 108//108 95//95 116//116
f 95//95 77//77 81//81
f 77//77 95//95 89//89
f 70//70 72//72 55//55
f 70//70 71//71 82//82
f 71//71 70//70 55//55
f 111//111 84//84 82//82
f 84//84 70//70 82//82
f 70//70 84//84 72//72
f 105//105 84//84 111//111
f 39//39 52//52 59//59
f 52//52 51//51 57//57
f 51//51 52//52 31//31
f 52//52 39//39 31//31
f 27//27 22//22 5//5
f 22//22 27//27 26//26
f 40//40 59//59 54//54
f 40//40 39//39 59//59
f 40//40 54//54 36//36
f 26//26 40//40 36//36
f 35//35 44//44 34//34
f 25//25 35//35 34//34
f 44//44 35//35 36//36
f 35//35 24//24 36//36
f 35//35 25//25 24//24
f 45//45 60//60 56//56
f 78//78 60//60 72//72
f 78//78 105//105 97//97
f 78//78 84//84 105//105
f 84//84 78//78 72//72
f 15//15 9//9 11//11
f 9//9 15//15 7//7
f 9//9 6//6 11//11
f 9//9 2//2 6//6
f 9//9 7//7 2//2
f 254//254 269//269 256//256
f 254//254 262//262 269//269
f 262//262 254//254 230//230
f 262//262 272//272 285//285
f 236//236 253//253 221//221
f 253//253 236//236 258//258
f 203//203 221//221 185//185
f 229//229 203//203 202//202
f 203//203 236//236 221//221
f 236//236 203//203 229//229
f 174//174 203//203 185//185
f 203//203 174//174 202//202
f 258//258 248//248 264//264
f 248//248 229//229 224//224
f 236//236 248//248 258//258
f 248//248 236//236 229//229
f 248//248 250//250 264//264
f 248//248 224//224 250//250
f 282//282 263//263 275//275
f 263//263 253//253 275//275
f 253//253 263//263 233//233
f 233//233 263//263 240//240
f 263//263 272//272 240//240
f 293//293 282//282 309//309
f 272//272 293//293 300//300
f 263//263 293//293 272//272
f 293//293 263//263 282//282
f 290//290 288//288 269//269
f 290//290 310//310 288//288
f 290//290 262//262 285//285
f 262//262 290//290 269//269
f 311//311 290//290 285//285
f 310//310 290//290 311//311
f 80//80 87//87 99//99
f 73//73 87//87 80//80
f 99//99 87//87 97//97
f 206//206 204//204 181//181
f 139//139 170//170 132//132
f 58//58 83//83 69//69
f 88//88 83//83 58//58
f 83//83 88//88 96//96
f 83//83 100//100 69//69
f 100//100 83//83 96//96
f 46//46 53//53 64//64
f 46//46 63//63 47//47
f 46//46 64//64 63//63
f 43//43 46//46 47//47
f 53//53 46//46 43//43
f 90//90 79//79 64//64
f 64//64 79//79 63//63
f 79//79 58//58 63//63
f 79//79 88//88 58//58
f 121//121 119//119 140//140
f 119//119 110//110 120//120
f 119//119 153//153 140//140
f 119//119 120//120 153//153
f 222//222 242//242 234//234
f 222//222 218//218 242//242
f 199//199 222//222 234//234
f 218//218 222//222 199//199
f 163//163 182//182 173//173
f 182//182 199//199 173//173
f 182//182 218//218 199//199
f 189//189 182//182 168//168
f 182//182 163//163 168//168
f 138//138 136//136 115//115
f 136//136 116//116 115//115
f 116//116 136//136 131//131
f 136//136 156//156 131//131
f 136//136 159//159 156//156
f 187//187 205//205 184//184
f 187//187 159//159 173//173
f 199//199 187//187 173//173
f 205//205 187//187 199//199
f 156//156 187//187 184//184
f 159//159 187//187 156//156
f 151//151 155//155 130//130
f 151//151 171//171 155//155
f 151//151 167//167 171//171
f 167//167 146//146 156//156
f 156//156 146//146 131//131
f 146//146 127//127 131//131
f 151//151 146//146 167//167
f 127//127 146//146 130//130
f 146//146 151//151 130//130
f 238//238 267//267 274//274
f 251//251 267//267 238//238
f 93//93 94//94 76//76
f 94//94 86//86 76//76
f 145//145 128//128 123//123
f 128//128 145//145 138//138
f 128//128 138//138 115//115
f 159//159 148//148 173//173
f 148//148 163//163 173//173
f 163//163 148//148 138//138
f 148//148 136//136 138//138
f 136//136 148//148 159//159
f 209//209 200//200 189//189
f 200//200 182//182 189//189
f 182//182 200//200 218//218
f 218//218 200//200 227//227
f 200//200 209//209 227//227
f 209//209 212//212 238//238
f 238//238 212//212 226//226
f 212//212 201//201 226//226
f 201//201 212//212 190//190
f 183//183 192//192 188//188
f 192//192 183//183 190//190
f 212//212 192//192 190//190
f 192//192 209//209 188//188
f 192//192 212//212 209//209
f 512//512 520//520 546//546
f 546//546 520//520 548//548
f 520//520 499//499 548//548
f 506//506 512//512 479//479
f 499//499 506//506 479//479
f 506//506 520//520 512//512
f 520//520 506//506 499//499
f 512//512 472//472 479//479
f 472//472 454//454 479//479
f 497//497 535//535 514//514
f 422//422 414//414 391//391
f 422//422 454//454 414//414
f 339//339 317//317 299//299
f 317//317 339//339 352//352
f 339//339 363//363 365//365
f 352//352 339//339 365//365
f 388//388 375//375 355//355
f 375//375 373//373 342//342
f 355//355 375//375 342//342
f 375//375 399//399 373//373
f 375//375 388//388 399//399
f 344//344 313//313 335//335
f 344//344 350//350 313//313
f 368//368 344//344 335//335
f 350//350 344//344 368//368
f 347//347 321//321 309//309
f 330//330 321//321 347//347
f 321//321 330//330 300//300
f 321//321 293//293 309//309
f 293//293 321//321 300//300
f 483//483 485//485 509//509
f 485//485 503//503 509//509
f 452//452 485//485 451//451
f 485//485 483//483 451//451
f 485//485 452//452 491//491
f 503//503 485//485 491//491
f 637//637 615//615 645//645
f 345//345 319//319 325//325
f 319//319 345//345 356//356
f 247//247 228//228 210//210
f 210//210 228//228 196//196
f 228//228 224//224 196//196
f 224//224 228//228 250//250
f 228//228 247//247 250//250
f 247//247 261//261 277//277
f 261//261 281//281 294//294
f 277//277 261//261 294//294
f 281//281 261//261 255//255
f 261//261 235//235 255//255
f 235//235 261//261 247//247
f 217//217 210//210 171//171
f 217//217 247//247 210//210
f 217//217 235//235 247//247
f 328//328 301//301 329//329
f 301//301 307//307 329//329
f 307//307 301//301 283//283
f 301//301 323//323 278//278
f 323//323 301//301 328//328
f 266//266 301//301 278//278
f 283//283 301//301 266//266
f 494//494 489//489 528//528
f 478//478 489//489 494//494
f 489//489 526//526 528//528
f 489//489 478//478 464//464
f 526//526 489//489 513//513
f 513//513 489//489 474//474
f 489//489 464//464 474//474
f 66//66 77//77 89//89
f 59//59 66//66 91//91
f 66//66 89//89 91//91
f 52//52 66//66 59//59
f 77//77 66//66 57//57
f 66//66 52//52 57//57
f 32//32 40//40 26//26
f 40//40 32//32 39//39
f 27//27 32//32 26//26
f 39//39 32//32 31//31
f 32//32 27//27 31//31
f 41//41 45//45 56//56
f 41//41 50//50 33//33
f 50//50 41//41 56//56
f 28//28 41//41 33//33
f 45//45 49//49 60//60
f 72//72 49//49 55//55
f 60//60 49//49 72//72
f 49//49 34//34 55//55
f 219//219 254//254 256//256
f 245//245 219//219 256//256
f 211//211 219//219 245//245
f 272//272 243//243 240//240
f 262//262 243//243 272//272
f 243//243 262//262 230//230
f 60//60 74//74 56//56
f 78//78 74//74 60//60
f 74//74 73//73 56//56
f 74//74 87//87 73//73
f 74//74 78//78 97//97
f 87//87 74//74 97//97
f 158//158 178//178 150//150
f 141//141 158//158 150//150
f 158//158 141//141 132//132
f 170//170 158//158 132//132
f 161//161 170//170 139//139
f 161//161 165//165 181//181
f 204//204 161//161 181//181
f 170//170 161//161 204//204
f 165//165 161//161 140//140
f 161//161 139//139 140//140
f 88//88 109//109 103//103
f 79//79 109//109 88//88
f 109//109 139//139 103//103
f 139//139 109//109 121//121
f 267//267 292//292 274//274
f 274//274 292//292 306//306
f 292//292 320//320 306//306
f 320//320 292//292 313//313
f 94//94 98//98 86//86
f 95//95 98//98 115//115
f 86//86 98//98 81//81
f 98//98 95//95 81//81
f 112//112 106//106 123//123
f 128//128 112//112 123//123
f 112//112 98//98 94//94
f 112//112 128//128 115//115
f 98//98 112//112 115//115
f 106//106 112//112 93//93
f 112//112 94//94 93//93
f 454//454 437//437 414//414
f 472//472 437//437 454//454
f 437//437 466//466 429//429
f 437//437 472//472 466//466
f 472//472 486//486 466//466
f 486//486 497//497 466//466
f 486//486 472//472 512//512
f 486//486 512//512 534//534
f 535//535 486//486 534//534
f 497//497 486//486 535//535
f 466//466 487//487 473//473
f 497//497 487//487 466//466
f 487//487 497//497 514//514
f 492//492 487//487 514//514
f 487//487 492//492 473//473
f 611//611 637//637 622//622
f 637//637 611//611 615//615
f 588//588 611//611 622//622
f 596//596 611//611 588//588
f 615//615 611//611 596//596
f 319//319 291//291 325//325
f 291//291 273//273 280//280
f 325//325 291//291 280//280
f 273//273 291//291 259//259
f 205//205 207//207 184//184
f 207//207 205//205 225//225
f 207//207 217//217 171//171
f 235//235 207//207 225//225
f 217//217 207//207 235//235
f 207//207 167//167 184//184
f 167//167 207//207 171//171
f 37//37 41//41 28//28
f 41//41 37//37 45//45
f 37//37 28//28 34//34
f 49//49 37//37 34//34
f 37//37 49//49 45//45
f 254//254 215//215 230//230
f 219//219 215//215 254//254
f 215//215 204//204 230//230
f 223//223 206//206 240//240
f 243//243 223//223 240//240
f 223//223 243//243 230//230
f 223//223 204//204 206//206
f 204//204 223//223 230//230
f 158//158 180//180 178//178
f 180//180 158//158 170//170
f 101//101 79//79 90//90
f 101//101 109//109 79//79
f 109//109 101//101 121//121
f 101//101 119//119 121//121
f 101//101 90//90 110//110
f 119//119 101//101 110//110
f 276//276 292//292 267//267
f 276//276 268//268 297//297
f 313//313 276//276 297//297
f 292//292 276//276 313//313
f 268//268 276//276 246//246
f 276//276 251//251 246//246
f 276//276 267//267 251//251
f 403//403 429//429 385//385
f 403//403 437//437 429//429
f 437//437 403//403 414//414
f 365//365 403//403 385//385
f 403//403 365//365 391//391
f 414//414 403//403 391//391
f 194//194 170//170 204//204
f 215//215 194//194 204//204
f 194//194 180//180 170//170
f 194//194 215//215 219//219
f 194//194 219//219 211//211
f 178//178 194//194 211//211
f 180//180 194//194 178//178
