v -0.968325503 0.558969205 -7.195724782 0.109804 0.109804 0.125490
v -0.963486975 0.553425783 -7.188635476 0.541176 0.529412 0.498039
v -0.969490474 0.568058494 -7.176811698 0.184314 0.219608 0.160784
v -0.972290970 0.571274211 -7.167976569 0.098039 0.101961 0.098039
v -0.958446810 0.541025957 -7.182076303 0.192157 0.188235 0.149020
v -0.961631922 0.550045659 -7.175164510 0.509804 0.552941 0.454902
v -0.974425362 0.571266036 -7.156048813 0.125490 0.137255 0.160784
v -0.960002079 0.544493689 -7.168077935 0.478431 0.501961 0.423529
v -0.957415492 0.536908781 -7.171449684 0.105882 0.082353 0.070588
v -0.966924754 0.555957135 -7.160122555 0.454902 0.486275 0.435294
v -0.970704775 0.559390385 -7.149668958 0.419608 0.435294 0.400000
v -0.956875847 0.531947032 -7.160964825 0.129412 0.137255 0.113725
v -0.980618635 0.572706238 -7.134247307 0.098039 0.129412 0.156863
v -0.975843577 0.564942943 -7.137798940 0.137255 0.149020 0.137255
v -0.964916852 0.544291332 -7.143005989 0.439216 0.498039 0.443137
v -0.959919281 0.535187107 -7.147897014 0.364706 0.450980 0.364706
v -0.983931001 0.574869145 -7.124360923 0.086275 0.094118 0.117647
v -0.964210959 0.536175412 -7.139879419 0.156863 0.156863 0.160784
v -0.971984913 0.552202915 -7.128071824 0.447059 0.517647 0.458824
v -0.965192943 0.539498968 -7.133053324 0.403922 0.462745 0.396078
v -0.979538561 0.564187967 -7.116788361 0.250980 0.282353 0.243137
v -0.985531231 0.572504508 -7.107068729 0.137255 0.164706 0.152941
v -0.971986084 0.547490000 -7.118039044 0.435294 0.498039 0.439216
v -0.965641307 0.534859422 -7.122945559 0.396078 0.450980 0.372549
v -0.960033201 0.527431305 -7.126165092 0.325490 0.411765 0.329412
v -0.991368883 0.579664108 -7.097801967 0.074510 0.090196 0.145098
v -0.981667112 0.559468607 -7.100443079 0.415686 0.474510 0.403922
v -0.976850507 0.551515141 -7.103483478 0.411765 0.498039 0.407843
v -0.965162017 0.529880007 -7.112479514 0.341176 0.427451 0.360784
v -0.972083183 0.540940619 -7.104931357 0.411765 0.490196 0.411765
v -0.951713193 0.510753208 -7.120374747 0.384314 0.447059 0.349020
v -0.947163580 0.501924555 -7.120072889 0.172549 0.160784 0.145098
v -0.956399124 0.513627166 -7.109776235 0.368627 0.470588 0.349020
v -0.965755092 0.524997659 -7.102617597 0.337255 0.419608 0.321569
v -0.990928905 0.562940795 -7.074504217 0.172549 0.180392 0.156863
v -0.970752130 0.528483749 -7.091408708 0.341176 0.415686 0.325490
v -0.978757226 0.542444522 -7.083064616 0.360784 0.458824 0.337255
v -0.941125665 0.481280485 -7.107720333 0.274510 0.286275 0.247059
v -0.947574251 0.490370172 -7.102140959 0.360784 0.360784 0.349020
v -0.998088566 0.568314735 -7.056493308 0.094118 0.125490 0.078431
v -0.979621502 0.537484085 -7.072579443 0.345098 0.454902 0.321569
v -0.958550427 0.504487121 -7.090130389 0.349020 0.364706 0.329412
v -0.989124102 0.550216068 -7.061953671 0.364706 0.462745 0.329412
v -0.954964617 0.496082950 -7.090108377 0.380392 0.349020 0.384314
v -0.950556408 0.488416159 -7.093562697 0.278431 0.250980 0.274510
v -0.938634247 0.468051174 -7.100587715 0.200000 0.223529 0.164706
v -0.946722131 0.478180666 -7.094668711 0.345098 0.364706 0.317647
v -0.984885614 0.539691407 -7.059840271 0.356863 0.462745 0.329412
v -0.968205159 0.510356723 -7.072322669 0.368627 0.443137 0.356863
v -0.952770446 0.483470338 -7.083763776 0.372549 0.415686 0.341176
v -0.999105801 0.554586522 -7.042836888 0.266667 0.266667 0.227451
v -0.989499783 0.538873894 -7.046616752 0.376471 0.474510 0.317647
v -0.975789125 0.517215622 -7.055636130 0.368627 0.466667 0.341176
v -0.953024600 0.477078157 -7.076816571 0.341176 0.431373 0.305882
v -0.969009648 0.504508077 -7.060621257 0.396078 0.458824 0.380392
v -0.996323819 0.545249608 -7.038836563 0.345098 0.352941 0.317647
v -0.941496971 0.455897570 -7.083956144 0.200000 0.274510 0.164706
v -0.956855083 0.479295011 -7.068982796 0.345098 0.443137 0.301961
v -0.984236402 0.525634207 -7.043004598 0.356863 0.466667 0.313725
v -0.950622265 0.466632196 -7.073922819 0.333333 0.431373 0.301961
v -0.965965058 0.494044201 -7.056339562 0.317647 0.411765 0.274510
v -0.937679151 0.443347917 -7.083867057 0.078431 0.121569 0.070588
v -0.995902839 0.538147691 -7.031897159 0.317647 0.325490 0.290196
v -1.002709103 0.545432657 -7.026715979 0.619608 0.584314 0.596078
v -1.015881187 0.567543738 -7.014436883 0.074510 0.082353 0.133333
v -0.946841713 0.454072099 -7.073142263 0.337255 0.439216 0.305882
v -0.983168319 0.518016618 -7.037281303 0.352941 0.470588 0.305882
v -0.958953880 0.474382086 -7.059150704 0.341176 0.447059 0.290196
v -0.935974483 0.431701625 -7.082171926 0.294118 0.333333 0.247059
v -0.974718307 0.503779685 -7.040286871 0.352941 0.458824 0.325490
v -1.007499699 0.545968343 -7.017755687 0.376471 0.337255 0.364706
v -1.015484414 0.556424985 -7.010108678 0.133333 0.125490 0.129412
v -0.940733559 0.436458388 -7.074607483 0.317647 0.392157 0.286275
v -0.979576374 0.508710079 -7.034653340 0.345098 0.443137 0.305882
v -0.950488245 0.453330786 -7.064756906 0.356863 0.454902 0.317647
v -0.987981406 0.519247828 -7.028328542 0.352941 0.454902 0.309804
v -0.964833300 0.479923524 -7.047291899 0.345098 0.450980 0.294118
v -0.994321608 0.525560723 -7.022717699 0.368627 0.458824 0.325490
v -1.020701435 0.559550290 -7.003469712 0.109804 0.105882 0.109804
v -1.004825665 0.534695481 -7.012879875 0.368627 0.360784 0.329412
v -0.954999828 0.454648812 -7.055715601 0.364706 0.466667 0.317647
v -1.015877047 0.548088064 -7.004401851 0.423529 0.447059 0.380392
v -0.986481624 0.510148408 -7.023385731 0.349020 0.462745 0.305882
v -0.975360102 0.493967021 -7.031844390 0.317647 0.411765 0.290196
v -0.968224859 0.479255916 -7.038832219 0.313725 0.411765 0.274510
v -1.000667645 0.526457072 -7.013394719 0.356863 0.384314 0.321569
v -0.992753304 0.516480033 -7.017754992 0.345098 0.447059 0.305882
v -0.982763654 0.501782003 -7.024027637 0.349020 0.458824 0.305882
v -0.944911750 0.430851123 -7.062661666 0.356863 0.450980 0.313725
v -1.023042995 0.555067328 -6.995316938 0.286275 0.317647 0.262745
v -0.939460048 0.420772393 -7.067126492 0.345098 0.439216 0.317647
v -1.012914574 0.536899544 -7.000143999 0.356863 0.407843 0.321569
v -0.949487781 0.435661591 -7.054342075 0.352941 0.454902 0.301961
v -0.989284948 0.505936754 -7.015661374 0.341176 0.443137 0.294118
v -0.971175066 0.475204103 -7.031648680 0.301961 0.388235 0.270588
v -1.021609887 0.546650709 -6.991095486 0.372549 0.447059 0.337255
v -0.984797515 0.495483775 -7.016985690 0.333333 0.435294 0.294118
v -0.967559712 0.464501304 -7.033224920 0.305882 0.403922 0.270588
v -0.976093476 0.479915987 -7.023427500 0.384314 0.435294 0.360784
v -0.998505020 0.512228955 -7.005156398 0.301961 0.396078 0.258824
v -0.941265118 0.409029868 -7.059904505 0.352941 0.356863 0.341176
v -0.935437373 0.403164878 -7.062266463 0.133333 0.160784 0.109804
v -0.962548505 0.450486006 -7.036005985 0.309804 0.419608 0.262745
v -0.951054452 0.427891752 -7.045262307 0.337255 0.443137 0.282353
v -0.989277370 0.494002936 -7.008638173 0.325490 0.431373 0.286275
v -0.984478693 0.486246442 -7.012182948 0.345098 0.443137 0.301961
v -1.008949324 0.520679206 -6.993194935 0.321569 0.400000 0.274510
v -1.014019632 0.528357487 -6.989028029 0.360784 0.454902 0.313725
v -1.001803088 0.508779267 -6.997371572 0.317647 0.423529 0.274510
v -0.936157745 0.396340722 -7.055748968 0.176471 0.223529 0.152941
v -1.039456326 0.563417216 -6.965202688 0.090196 0.105882 0.098039
v -0.955543081 0.429418521 -7.036712508 0.313725 0.415686 0.270588
v -0.993866690 0.492692713 -7.000820610 0.345098 0.454902 0.282353
v -0.989403085 0.485541738 -7.003759676 0.352941 0.462745 0.286275
v -1.018824190 0.528389287 -6.977059962 0.345098 0.450980 0.309804
v -0.986568744 0.476421322 -7.004454027 0.329412 0.439216 0.274510
v -0.942375532 0.400582866 -7.045188580 0.345098 0.439216 0.305882
v -1.000416306 0.497541309 -6.992461571 0.337255 0.443137 0.274510
v -1.012310205 0.515807431 -6.982620347 0.325490 0.419608 0.270588
v -1.024348811 0.536841599 -6.970714429 0.349020 0.454902 0.325490
v -1.036993234 0.555296172 -6.959980174 0.133333 0.164706 0.129412
v -0.979408882 0.458909306 -7.012137708 0.372549 0.439216 0.372549
v -0.960373406 0.428740903 -7.027560922 0.305882 0.415686 0.286275
v -0.972744754 0.446870549 -7.017155328 0.305882 0.411765 0.278431
v -0.931881967 0.380412933 -7.050611910 0.282353 0.333333 0.247059
v -0.950351942 0.407733033 -7.033824329 0.325490 0.431373 0.290196
v -1.028860473 0.540967602 -6.960269148 0.356863 0.458824 0.325490
v -0.989112184 0.470178500 -6.998761211 0.333333 0.431373 0.290196
v -0.944283050 0.397129017 -7.037406950 0.321569 0.427451 0.282353
v -1.014853679 0.512373599 -6.974820540 0.349020 0.447059 0.298039
v -1.034844788 0.549488972 -6.953150970 0.372549 0.411765 0.352941
v -1.004003393 0.492604112 -6.983356954 0.329412 0.439216 0.278431
v -0.930844410 0.373786285 -7.044603139 0.133333 0.160784 0.113725
v -0.979236660 0.444916896 -7.006469702 0.278431 0.376471 0.266667
v -1.041818074 0.559332710 -6.943308116 0.282353 0.337255 0.282353
v -0.999348452 0.481295519 -6.985539173 0.313725 0.423529 0.258824
v -0.940994198 0.387236339 -7.035365161 0.321569 0.419608 0.301961
v -0.953728042 0.404760742 -7.023456990 0.329412 0.431373 0.286275
v -1.012961354 0.501078074 -6.971371582 0.345098 0.443137 0.298039
v -0.962477292 0.416103511 -7.015624308 0.341176 0.450980 0.294118
v -0.975913868 0.434330703 -7.005120350 0.301961 0.411765 0.286275
v -1.016810514 0.507299416 -6.965151059 0.376471 0.478431 0.325490
v -0.987429911 0.450599626 -6.995871413 0.392157 0.435294 0.384314
v -0.983300340 0.442852604 -6.998704636 0.301961 0.380392 0.301961
v -0.932482751 0.368006500 -7.037740401 0.309804 0.317647 0.266667
v -1.036103838 0.546924843 -6.939565053 0.262745 0.294118 0.247059
v -1.021565231 0.515068568 -6.955977520 0.325490 0.435294 0.298039
v -0.969092161 0.420933319 -7.007285215 0.321569 0.435294 0.290196
v -0.924560412 0.356925206 -7.040401302 0.290196 0.364706 0.278431
v -0.959652039 0.405577479 -7.013513299 0.329412 0.439216 0.290196
v -0.999754853 0.466636634 -6.979835344 0.345098 0.431373 0.317647
v -1.031854981 0.539509899 -6.938558301 0.364706 0.458824 0.329412
v -1.028598843 0.531915936 -6.941939182 0.352941 0.458824 0.329412
v -0.991388741 0.449066390 -6.987576733 0.396078 0.431373 0.388235
v -0.977291294 0.428019355 -6.998794634 0.282353 0.388235 0.266667
v -0.938199918 0.371987235 -7.028144605 0.384314 0.447059 0.345098
v -1.024352337 0.519989584 -6.947546453 0.360784 0.462745 0.333333
v -0.982325805 0.433601943 -6.993914334 0.305882 0.403922 0.290196
v -1.035419029 0.544611759 -6.930646874 0.384314 0.431373 0.349020
v -0.988139091 0.440566424 -6.988354327 0.388235 0.439216 0.384314
v -1.040690521 0.556445110 -6.921623384 0.235294 0.286275 0.227451
v -1.018715741 0.498932514 -6.953858473 0.356863 0.458824 0.294118
v -1.007388516 0.472981358 -6.967874405 0.345098 0.423529 0.305882
v -0.954714176 0.390137063 -7.010697660 0.345098 0.447059 0.301961
v -0.944164584 0.375195994 -7.017215382 0.329412 0.431373 0.305882
v -0.992966743 0.442697575 -6.981307965 0.360784 0.368627 0.333333
v -1.029833795 0.530358478 -6.930859928 0.360784 0.462745 0.325490
v -0.937381448 0.364797637 -7.021293618 0.309804 0.403922 0.286275
v -0.966297397 0.402674508 -7.000267059 0.309804 0.419608 0.282353
v -0.999572420 0.451242164 -6.974166374 0.305882 0.278431 0.290196
v -0.971815001 0.408319840 -6.995324489 0.309804 0.415686 0.278431
v -1.034894954 0.542453527 -6.919464536 0.368627 0.435294 0.341176
v -1.024807508 0.508826944 -6.937644495 0.313725 0.411765 0.278431
v -1.017958476 0.487714139 -6.949630717 0.384314 0.486275 0.321569
v -0.931003757 0.352677402 -7.020075406 0.317647 0.384314 0.282353
v -1.008816928 0.465251328 -6.960157493 0.372549 0.462745 0.309804
v -0.993432641 0.434340559 -6.976324411 0.352941 0.407843 0.337255
v -0.937187907 0.358534365 -7.014918422 0.313725 0.415686 0.290196
v -1.021713995 0.494664732 -6.941276714 0.345098 0.443137 0.290196
v -1.038213523 0.549732070 -6.909375832 0.247059 0.321569 0.227451
v -0.969427907 0.398570778 -6.993135871 0.325490 0.423529 0.298039
v -0.963944802 0.391511224 -6.996685749 0.321569 0.431373 0.290196
v -0.982406958 0.416727576 -6.983405898 0.301961 0.403922 0.270588
v -0.988418088 0.423135224 -6.977699506 0.298039 0.396078 0.274510
v -0.998080554 0.436523176 -6.969226152 0.396078 0.403922 0.364706
v -0.977728691 0.405628545 -6.984674804 0.329412 0.427451 0.294118
v -1.020119198 0.482081671 -6.940518315 0.364706 0.470588 0.317647
v -0.995378497 0.428067671 -6.969256913 0.403922 0.431373 0.384314
v -0.931568357 0.345195100 -7.011406681 0.317647 0.411765 0.286275
v -1.012554000 0.462377233 -6.948990134 0.364706 0.466667 0.309804
v -0.962639962 0.382355672 -6.991097540 0.321569 0.439216 0.294118
v -1.038588348 0.550827008 -6.896348495 0.380392 0.486275 0.372549
v -1.017431511 0.470813740 -6.941958539 0.356863 0.462745 0.313725
v -0.974520923 0.395711520 -6.982656559 0.325490 0.431373 0.301961
v -1.005885106 0.444020847 -6.954006370 0.345098 0.439216 0.305882
v -1.031210232 0.517930548 -6.911691095 0.368627 0.474510 0.337255
v -0.993387305 0.419609613 -6.967183248 0.333333 0.415686 0.333333
v -1.034208804 0.539236694 -6.898813798 0.376471 0.443137 0.345098
v -1.029840953 0.507388551 -6.915913176 0.345098 0.447059 0.305882
v -0.945253076 0.356531976 -6.997962942 0.317647 0.411765 0.290196
v -1.026499435 0.493298038 -6.923686096 0.341176 0.443137 0.305882
v -0.952931879 0.364767855 -6.991834649 0.305882 0.407843 0.270588
v -0.987450709 0.408265503 -6.968699281 0.313725 0.411765 0.298039
v -1.020577299 0.470215899 -6.933426498 0.360784 0.470588 0.321569
v -0.978530879 0.393663697 -6.974172895 0.325490 0.431373 0.305882
v -1.023453800 0.476515175 -6.927830388 0.329412 0.431373 0.286275
v -0.993295961 0.411911914 -6.961540726 0.317647 0.403922 0.317647
v -1.035463371 0.532662991 -6.892043749 0.317647 0.403922 0.270588
v -0.986966812 0.400681837 -6.963643779 0.321569 0.427451 0.301961
v -0.947385786 0.351407438 -6.988345238 0.321569 0.431373 0.278431
v -1.034803144 0.522118963 -6.894161878 0.337255 0.423529 0.309804
v -0.922634173 0.317257715 -7.004939837 0.172549 0.176471 0.164706
v -0.953818190 0.357193919 -6.983259335 0.317647 0.423529 0.270588
v -1.005841807 0.427385449 -6.946066968 0.337255 0.407843 0.317647
v -1.030185340 0.491843388 -6.908993171 0.384314 0.490196 0.341176
v -0.980977885 0.389352795 -6.965143618 0.325490 0.439216 0.301961
v -0.962299665 0.366305658 -6.976956733 0.305882 0.411765 0.282353
v -0.991840480 0.402799738 -6.956610778 0.301961 0.403922 0.301961
v -0.937576135 0.335955579 -6.991159146 0.341176 0.450980 0.301961
v -0.932490937 0.327579586 -6.994620728 0.352941 0.454902 0.329412
v -1.014157578 0.442862901 -6.933397253 0.345098 0.450980 0.313725
v -1.037662379 0.527519076 -6.882445585 0.325490 0.415686 0.290196
v -1.017375130 0.449063974 -6.927900169 0.333333 0.439216 0.298039
v -0.947523320 0.345250971 -6.981862341 0.294118 0.411765 0.266667
v -1.010495207 0.431471352 -6.935664131 0.305882 0.403922 0.290196
v -0.977858049 0.379613297 -6.962947364 0.333333 0.443137 0.301961
v -1.038459055 0.517365371 -6.884873124 0.317647 0.411765 0.274510
v -1.032093721 0.487687578 -6.901212501 0.349020 0.450980 0.298039
v -0.929565895 0.318889556 -6.992072084 0.345098 0.423529 0.309804
v -0.986747257 0.390712921 -6.954656860 0.321569 0.427451 0.286275
v -1.037052370 0.506631722 -6.889288465 0.337255 0.443137 0.301961
v -0.942440594 0.336672132 -6.982017471 0.321569 0.431373 0.290196
v -1.035014159 0.496782203 -6.894223148 0.360784 0.466667 0.309804
v -0.935441457 0.326133837 -6.986235819 0.337255 0.443137 0.313725
v -1.007378509 0.420326239 -6.936978499 0.435294 0.490196 0.435294
v -0.973637567 0.371189740 -6.962944902 0.317647 0.431373 0.290196
v -0.996164584 0.400661459 -6.946111328 0.325490 0.431373 0.301961
v -0.965344150 0.361120430 -6.966697228 0.329412 0.427451 0.290196
v -1.044514662 0.547928656 -6.861332597 0.239216 0.254902 0.223529
v -0.922002669 0.310716282 -6.991824136 0.223529 0.282353 0.203922
v -1.042133977 0.536071749 -6.866869840 0.321569 0.400000 0.278431
v -1.016140241 0.437781280 -6.923736271 0.321569 0.423529 0.305882
v -1.025001755 0.458922012 -6.911020895 0.345098 0.439216 0.305882
v -1.041302436 0.525578049 -6.871747227 0.325490 0.423529 0.278431
v -1.022238548 0.451184827 -6.914545191 0.352941 0.443137 0.321569
v -1.012405920 0.427314871 -6.927884138 0.321569 0.415686 0.313725
v -0.961002511 0.352934892 -6.967157756 0.325490 0.431373 0.282353
v -0.979158077 0.374026523 -6.955895885 0.341176 0.447059 0.305882
v -1.041153591 0.512280908 -6.875215009 0.364706 0.462745 0.333333
v -0.913316966 0.301664349 -6.988940439 0.094118 0.101961 0.082353
v -0.992800585 0.390789419 -6.943345720 0.313725 0.419608 0.274510
v -1.034819975 0.482796116 -6.891358765 0.341176 0.447059 0.305882
v -0.986367308 0.380993324 -6.947525539 0.337255 0.443137 0.294118
v -0.971016769 0.360604549 -6.958084547 0.313725 0.427451 0.290196
v -1.032063077 0.472952402 -6.896288603 0.364706 0.474510 0.321569
v -1.037577487 0.491938942 -6.885024815 0.345098 0.447059 0.301961
v -0.935978561 0.319862317 -6.977762941 0.278431 0.352941 0.258824
v -1.048042160 0.544616040 -6.853410557 0.294118 0.337255 0.262745
v -1.028004521 0.460269931 -6.901950447 0.349020 0.458824 0.301961
v -1.006071271 0.408362377 -6.930687594 0.392157 0.423529 0.384314
v -0.946265190 0.330464969 -6.969968696 0.329412 0.443137 0.286275
v -1.043737393 0.517260464 -6.866723912 0.325490 0.431373 0.290196
v -1.010983822 0.416787794 -6.923666174 0.329412 0.411765 0.321569
v -0.957874978 0.341590476 -6.962355098 0.325490 0.439216 0.274510
v -1.014534601 0.423095340 -6.918060724 0.325490 0.411765 0.305882
v -1.052279841 0.549320799 -6.845196553 0.176471 0.200000 0.156863
v -1.048340946 0.534700007 -6.852795311 0.313725 0.419608 0.270588
v -0.992044017 0.382380131 -6.937712876 0.325490 0.439216 0.301961
v -1.041136780 0.495434748 -6.873805128 0.345098 0.443137 0.305882
v -0.967919941 0.349453714 -6.954490684 0.321569 0.423529 0.294118
v -0.933443572 0.311560840 -6.973425381 0.329412 0.427451 0.317647
v -0.940022089 0.318507115 -6.969288733 0.298039 0.403922 0.282353
v -0.982503103 0.367552892 -6.944115814 0.321569 0.431373 0.301961
v -0.974289079 0.355758277 -6.949590242 0.313725 0.423529 0.286275
v -1.043694019 0.503730818 -6.866213148 0.317647 0.415686 0.274510
v -0.927532003 0.305124524 -6.973543681 0.333333 0.439216 0.282353
v -1.031362911 0.458207586 -6.890672426 0.333333 0.435294 0.294118
v -1.049114618 0.524148370 -6.850710122 0.301961 0.407843 0.270588
v -1.027181138 0.445560882 -6.895596203 0.352941 0.458824 0.317647
v -1.035385901 0.466687298 -6.883596255 0.341176 0.450980 0.305882
v -1.047335321 0.514426433 -6.855516152 0.325490 0.431373 0.294118
v -0.912340482 0.292412961 -6.975022861 0.294118 0.349020 0.262745
v -1.040749065 0.485515253 -6.871790383 0.349020 0.450980 0.321569
v -1.052175159 0.531299076 -6.844962328 0.325490 0.431373 0.298039
v -1.059181336 0.549557344 -6.834426024 0.109804 0.129412 0.101961
v -1.022863275 0.432953077 -6.901182755 0.341176 0.454902 0.309804
v -0.990582939 0.373269278 -6.932781593 0.317647 0.427451 0.294118
v -1.003653519 0.392303855 -6.922172366 0.321569 0.407843 0.321569
v -0.983018001 0.361287766 -6.937742488 0.337255 0.447059 0.309804
v -0.996117601 0.379611987 -6.927140686 0.321569 0.427451 0.309804
v -0.938808930 0.310026876 -6.963025436 0.317647 0.427451 0.286275
v -1.044359932 0.493411631 -6.862487550 0.337255 0.443137 0.298039
v -0.969568436 0.341660314 -6.946135675 0.313725 0.423529 0.282353
v -1.012669978 0.406877838 -6.910407809 0.368627 0.454902 0.349020
v -0.908599015 0.285054341 -6.971852313 0.184314 0.180392 0.168627
v -0.962599857 0.331815220 -6.948959896 0.313725 0.403922 0.274510
v -1.050524990 0.515018535 -6.846498972 0.301961 0.407843 0.282353
v -0.915914105 0.288182930 -6.968020044 0.317647 0.400000 0.278431
v -1.033518650 0.452576552 -6.880856577 0.345098 0.454902 0.321569
v -1.042132499 0.479202175 -6.865465411 0.333333 0.435294 0.298039
v -0.989648328 0.364910257 -6.927800053 0.321569 0.431373 0.294118
v -1.037680420 0.461718303 -6.873820703 0.337255 0.439216 0.313725
v -1.002075086 0.383725947 -6.916708548 0.317647 0.411765 0.298039
v -0.981617756 0.352158685 -6.933530578 0.337255 0.439216 0.298039
v -1.056987259 0.528519417 -6.834400741 0.356863 0.450980 0.345098
v -0.946505661 0.311438728 -6.953889518 0.325490 0.396078 0.290196
v -1.063754191 0.544539439 -6.824701801 0.345098 0.411765 0.325490
v -0.931038303 0.295998590 -6.960905607 0.298039 0.407843 0.254902
v -0.938829104 0.303000067 -6.957414293 0.294118 0.407843 0.254902
v -1.053911233 0.518565458 -6.838739748 0.325490 0.427451 0.305882
v -1.019189057 0.413341362 -6.898326073 0.313725 0.423529 0.301961
v -1.027853433 0.434335436 -6.885757577 0.325490 0.439216 0.301961
v -1.050917150 0.505981039 -6.844302718 0.345098 0.454902 0.313725
v -0.968265944 0.332503086 -6.940548148 0.313725 0.349020 0.286275
v -0.998233355 0.374694178 -6.917314518 0.321569 0.431373 0.313725
v -0.974406227 0.338873546 -6.935582257 0.345098 0.407843 0.309804
v -1.006841707 0.387981672 -6.908942465 0.368627 0.427451 0.352941
v -0.924671063 0.285682614 -6.959984770 0.262745 0.372549 0.239216
v -1.031426722 0.439232212 -6.878052954 0.345098 0.450980 0.321569
v -0.993439585 0.365329425 -6.918255258 0.341176 0.443137 0.305882
v -1.035672937 0.447647648 -6.871041598 0.313725 0.419608 0.286275
v -1.044595929 0.474386678 -6.855536073 0.333333 0.439216 0.294118
v -1.042309130 0.464609450 -6.860397867 0.349020 0.450980 0.321569
v -0.938644660 0.295330176 -6.951743739 0.305882 0.400000 0.262745
v -1.021476147 0.411884218 -6.889953654 0.317647 0.427451 0.313725
v -0.980020927 0.341683208 -6.927858589 0.345098 0.427451 0.329412
v -0.959270072 0.315817463 -6.940382392 0.466667 0.423529 0.435294
v -1.051089398 0.494697442 -6.840841731 0.325490 0.435294 0.290196
v -0.999693301 0.370465357 -6.909607472 0.321569 0.427451 0.309804
v -0.965827525 0.322067803 -6.934835628 0.345098 0.313725 0.317647
v -1.054278111 0.503214953 -6.833727443 0.321569 0.423529 0.301961
v -1.040470807 0.455404375 -6.861177589 0.337255 0.443137 0.313725
v -0.906335241 0.259026174 -6.964876013 0.145098 0.152941 0.137255
v -1.034014079 0.437891032 -6.869562599 0.345098 0.454902 0.325490
v -0.984922867 0.344494681 -6.920833087 0.341176 0.443137 0.325490
v -1.029287333 0.425901826 -6.874532259 0.329412 0.443137 0.309804
v -0.927277519 0.277815800 -6.953108790 0.298039 0.407843 0.254902
v -0.973863056 0.328998812 -6.926500374 0.341176 0.423529 0.321569
v -1.037507011 0.444215235 -6.863239352 0.325490 0.431373 0.298039
v -1.012926640 0.389453069 -6.893427502 0.376471 0.427451 0.372549
v -1.067782133 0.534560590 -6.810809898 0.333333 0.435294 0.305882
v -1.058186667 0.510824481 -6.824013876 0.349020 0.443137 0.329412
v -0.995892762 0.359314727 -6.908821403 0.325490 0.427451 0.290196
v -0.957461298 0.308508457 -6.935056814 0.341176 0.313725 0.317647
v -1.046274849 0.469392518 -6.846487897 0.341176 0.447059 0.290196
v -0.923495711 0.269968643 -6.952531989 0.290196 0.396078 0.239216
v -1.043284231 0.456806813 -6.852052164 0.352941 0.462745 0.317647
v -1.074959802 0.544951882 -6.800413898 0.168627 0.207843 0.156863
v -1.028093210 0.417415394 -6.871785198 0.313725 0.423529 0.290196
v -0.970645552 0.321191303 -6.923777592 0.349020 0.376471 0.305882
v -0.963105787 0.311510677 -6.928541965 0.282353 0.258824 0.266667
v -1.050464559 0.479228936 -6.835248425 0.325490 0.431373 0.286275
v -1.031502791 0.424465309 -6.866139041 0.313725 0.423529 0.294118
v -1.056718918 0.498204549 -6.823995657 0.305882 0.403922 0.282353
v -0.913685954 0.253814102 -6.956048577 0.317647 0.360784 0.278431
v -0.933636435 0.274996307 -6.944695380 0.250980 0.352941 0.196078
v -1.070756803 0.533513156 -6.802025341 0.380392 0.470588 0.349020
v -0.948890429 0.291901593 -6.935512630 0.329412 0.392157 0.274510
v -1.021351680 0.399283058 -6.877279514 0.325490 0.435294 0.313725
v -0.978070144 0.326894227 -6.915966947 0.317647 0.419608 0.309804
v -1.003629857 0.364023534 -6.894987325 0.317647 0.423529 0.301961
v -0.911142183 0.245312732 -6.956827588 0.078431 0.105882 0.066667
v -0.987039635 0.337470868 -6.908900923 0.325490 0.415686 0.305882
v -0.924212352 0.261539427 -6.947622241 0.286275 0.384314 0.239216
v -0.996350042 0.351460058 -6.900528177 0.345098 0.447059 0.313725
v -1.044760159 0.453276390 -6.843647758 0.345098 0.454902 0.313725
v -1.066139180 0.521991394 -6.803718517 0.360784 0.466667 0.317647
v -1.049651355 0.469430956 -6.833811137 0.341176 0.454902 0.305882
v -0.957909537 0.300156526 -6.926557133 0.356863 0.415686 0.298039
v -1.039299554 0.437784357 -6.850714168 0.356863 0.466667 0.329412
v -1.053020601 0.478599773 -6.826748977 0.305882 0.415686 0.278431
v -0.953405944 0.291112487 -6.927174467 0.345098 0.431373 0.286275
v -1.047918379 0.458292682 -6.835822616 0.345098 0.458824 0.317647
v -1.028339850 0.408419511 -6.863929982 0.313725 0.427451 0.290196
v -0.963961662 0.304445370 -6.919458644 0.341176 0.427451 0.286275
v -1.012427363 0.374650697 -6.881551364 0.388235 0.411765 0.360784
v -0.912849920 0.237002408 -6.953902950 0.219608 0.227451 0.180392
v -0.947803908 0.282683178 -6.929987812 0.313725 0.415686 0.266667
v -0.939490940 0.272118632 -6.934935631 0.294118 0.392157 0.250980
v -0.978315934 0.320706588 -6.909516484 0.333333 0.439216 0.313725
v -1.071708034 0.530431258 -6.791769537 0.372549 0.470588 0.352941
v -1.007277095 0.362782440 -6.886397053 0.309804 0.411765 0.294118
v -0.991855087 0.338903532 -6.899042019 0.333333 0.419608 0.317647
v -0.986564240 0.331086619 -6.902646720 0.345098 0.419608 0.325490
v -1.037571962 0.428048533 -6.849215211 0.349020 0.447059 0.325490
v -0.931778751 0.260381653 -6.938946940 0.286275 0.384314 0.239216
v -0.996962436 0.345166859 -6.893481159 0.333333 0.439216 0.317647
v -0.972953044 0.311505708 -6.909589976 0.321569 0.431373 0.294118
v -1.053903985 0.472228545 -6.820482643 0.309804 0.411765 0.286275
v -1.074913780 0.536336999 -6.783051365 0.403922 0.462745 0.368627
v -1.067331467 0.517138355 -6.793828044 0.337255 0.443137 0.290196
v -1.051728971 0.464525417 -6.823973605 0.317647 0.431373 0.301961
v -0.959436757 0.292599468 -6.917963790 0.352941 0.454902 0.290196
v -1.018125865 0.383551807 -6.869141149 0.329412 0.439216 0.325490
v -1.040991802 0.432989493 -6.841466033 0.333333 0.443137 0.301961
v -1.031866092 0.409819122 -6.854104407 0.349020 0.443137 0.329412
v -0.953604884 0.284034204 -6.920913231 0.341176 0.443137 0.282353
v -0.916119378 0.229551092 -6.949416986 0.223529 0.258824 0.192157
v -1.062113198 0.494757679 -6.804271988 0.294118 0.396078 0.262745
v -1.044180874 0.439900767 -6.835258679 0.337255 0.450980 0.301961
v -1.013184324 0.368518006 -6.875044493 0.423529 0.439216 0.396078
v -1.077694696 0.548578529 -6.770813161 0.164706 0.164706 0.168627
v -1.048807943 0.450514674 -6.826749077 0.333333 0.447059 0.309804
v -0.968234102 0.301620254 -6.908242903 0.305882 0.403922 0.274510
v -1.001676425 0.346629738 -6.884295794 0.325490 0.431373 0.309804
v -1.076029574 0.540430851 -6.774044513 0.298039 0.345098 0.282353
v -0.927310433 0.243403323 -6.937672347 0.317647 0.419608 0.270588
v -0.996586874 0.338753864 -6.887256942 0.341176 0.415686 0.317647
v -0.940313461 0.262255217 -6.927246335 0.313725 0.415686 0.274510
v -1.072061438 0.525616633 -6.781136320 0.360784 0.466667 0.325490
v -1.055112679 0.465965782 -6.814106935 0.337255 0.427451 0.317647
v -1.034667981 0.411022747 -6.845179463 0.321569 0.419608 0.298039
v -0.988612955 0.324784114 -6.890695086 0.317647 0.415686 0.298039
v -0.922984463 0.230095852 -6.940447545 0.364706 0.447059 0.317647
v -1.052898631 0.456666759 -6.815684393 0.301961 0.403922 0.278431
v -0.932767304 0.246055009 -6.930106973 0.309804 0.415686 0.258824
v -1.073710700 0.531163012 -6.772080534 0.376471 0.466667 0.333333
v -0.961270222 0.286858807 -6.908259488 0.325490 0.431373 0.282353
v -1.021903417 0.380869190 -6.857780714 0.301961 0.407843 0.294118
v -1.044131524 0.430786977 -6.829626350 0.317647 0.427451 0.290196
v -0.972024899 0.301539402 -6.899898434 0.321569 0.427451 0.286275
v -1.040542639 0.420980691 -6.834518446 0.333333 0.447059 0.309804
v -0.955336834 0.277120908 -6.912379623 0.337255 0.443137 0.294118
v -1.078606368 0.549624713 -6.759935090 0.117647 0.113725 0.133333
v -0.949414386 0.268581725 -6.916004764 0.325490 0.427451 0.282353
v -0.977922292 0.307277799 -6.894159018 0.298039 0.403922 0.250980
v -0.915309704 0.211124961 -6.945376553 0.215686 0.247059 0.200000
v -1.018498346 0.369807111 -6.859713351 0.345098 0.423529 0.333333
v -1.003116580 0.341002328 -6.875179292 0.345098 0.415686 0.325490
v -0.920214928 0.217446776 -6.940458714 0.329412 0.407843 0.298039
v -1.036846300 0.407694058 -6.837273631 0.341176 0.458824 0.317647
v -1.026294559 0.383828030 -6.850607609 0.349020 0.439216 0.333333
v -1.034037336 0.399971336 -6.840783351 0.337255 0.447059 0.317647
v -1.010269300 0.352197400 -6.866791538 0.329412 0.423529 0.321569
v -1.071863765 0.518652551 -6.771951924 0.364706 0.478431 0.329412
v -0.941379812 0.252522440 -6.919425296 0.301961 0.411765 0.274510
v -0.990485149 0.321341436 -6.882903200 0.341176 0.439216 0.298039
v -1.057618461 0.461138090 -6.804189894 0.329412 0.419608 0.298039
v -1.047397633 0.432262491 -6.820428245 0.298039 0.403922 0.278431
v -0.983759549 0.311426378 -6.886499971 0.333333 0.439216 0.274510
v -0.946954082 0.258853743 -6.913795890 0.317647 0.407843 0.270588
v -0.965418123 0.286175264 -6.899112876 0.325490 0.435294 0.270588
v -1.054534942 0.451185001 -6.808526016 0.321569 0.419608 0.301961
v -1.076479430 0.541705319 -6.755218131 0.317647 0.376471 0.301961
v -1.030510677 0.388741844 -6.842884805 0.337255 0.439216 0.317647
v -1.069818463 0.505294785 -6.774777839 0.349020 0.458824 0.321569
v -1.067170434 0.492610723 -6.781143287 0.360784 0.474510 0.321569
v -0.959113906 0.274236007 -6.901926169 0.325490 0.435294 0.282353
v -0.979509941 0.303012207 -6.886489051 0.325490 0.431373 0.266667
v -1.043135443 0.416127655 -6.823924962 0.329412 0.443137 0.298039
v -0.928371463 0.223640944 -6.927947594 0.337255 0.435294 0.298039
v -1.016074748 0.358462138 -6.855613255 0.466667 0.435294 0.407843
v -1.026713071 0.377388524 -6.844410126 0.317647 0.423529 0.305882
v -1.073848942 0.527612206 -6.758078673 0.360784 0.458824 0.329412
v -0.918147496 0.203691114 -6.937367863 0.290196 0.356863 0.258824
v -0.996193723 0.323421068 -6.873100789 0.317647 0.392157 0.286275
v -0.940084404 0.242662172 -6.915244827 0.333333 0.439216 0.294118
v -1.071618975 0.510095902 -6.766467678 0.333333 0.439216 0.298039
v -0.951972596 0.260227650 -6.904699236 0.337255 0.427451 0.301961
v -1.011782619 0.347252211 -6.856993989 0.372549 0.411765 0.341176
v -1.078023045 0.543070406 -6.744727379 0.239216 0.243137 0.215686
v -1.024000076 0.368436014 -6.844936172 0.321569 0.431373 0.317647
v -0.944867501 0.247613864 -6.909589818 0.329412 0.439216 0.298039
v -1.053207238 0.437121032 -6.805740169 0.298039 0.400000 0.286275
v -1.065756661 0.477869537 -6.781842450 0.345098 0.458824 0.317647
v -0.935415071 0.230655434 -6.916720158 0.349020 0.450980 0.301961
v -1.062923351 0.464536537 -6.788154391 0.329412 0.439216 0.305882
v -0.958992893 0.266546852 -6.896274032 0.321569 0.423529 0.294118
v -0.974718388 0.288934662 -6.883716895 0.337255 0.443137 0.278431
v -1.032733382 0.383793528 -6.832387400 0.345098 0.454902 0.309804
v -1.029393551 0.376021242 -6.835948100 0.333333 0.439216 0.305882
v -0.982843640 0.298849972 -6.877310861 0.345098 0.447059 0.298039
v -1.069951182 0.492618570 -6.768497375 0.337255 0.431373 0.305882
v -1.067958680 0.482755889 -6.773445330 0.333333 0.435294 0.305882
v -1.043985421 0.408362046 -6.815542928 0.317647 0.431373 0.290196
v -1.017695022 0.353485864 -6.845846051 0.403922 0.403922 0.360784
v -0.955042934 0.258046400 -6.896350117 0.329412 0.423529 0.294118
v -1.003252886 0.326921080 -6.859771869 0.333333 0.376471 0.305882
v -0.949158347 0.248294449 -6.900484422 0.321569 0.431373 0.286275
v -1.035885134 0.388609548 -6.824764211 0.337255 0.447059 0.301961
v -0.922990549 0.199201100 -6.927109312 0.356863 0.450980 0.309804
v -1.079692142 0.541589074 -6.735676351 0.270588 0.290196 0.231373
v -1.011383227 0.338941212 -6.851261023 0.325490 0.423529 0.301961
v -0.967408058 0.272166972 -6.885036886 0.345098 0.447059 0.313725
v -1.024193249 0.361359392 -6.836566261 0.325490 0.435294 0.309804
v -0.936468133 0.223735483 -6.910299261 0.333333 0.439216 0.290196
v -0.931888294 0.214011111 -6.915107747 0.356863 0.462745 0.329412
v -0.920213393 0.187958218 -6.929225268 0.349020 0.372549 0.317647
v -1.041893906 0.398527875 -6.814142134 0.329412 0.439216 0.298039
v -1.007537640 0.329708419 -6.852069704 0.337255 0.427451 0.305882
v -0.981466312 0.289715291 -6.871701605 0.333333 0.435294 0.286275
v -1.078539148 0.531889933 -6.734843403 0.337255 0.431373 0.298039
v -1.047583437 0.409740991 -6.805738194 0.325490 0.431373 0.305882
v -0.998065896 0.312956397 -6.858990895 0.419608 0.396078 0.407843
v -1.033265128 0.376119551 -6.823912966 0.341176 0.454902 0.317647
v -1.056522745 0.430858035 -6.793045696 0.333333 0.423529 0.321569
v -1.062504787 0.449709924 -6.781917689 0.317647 0.411765 0.301961
v -1.002132304 0.319115472 -6.854237162 0.317647 0.337255 0.290196
v -1.060065414 0.439976916 -6.786735892 0.337255 0.435294 0.333333
v -0.987484464 0.296120918 -6.865997252 0.349020 0.423529 0.305882
v -0.953013358 0.247492394 -6.891457307 0.321569 0.427451 0.282353
v -1.071301838 0.485613218 -6.759354595 0.317647 0.423529 0.282353
v -1.038528162 0.387253338 -6.815589020 0.341176 0.447059 0.313725
v -1.069193920 0.475081482 -6.764971329 0.345098 0.447059 0.325490
v -1.074551299 0.501836238 -6.748746946 0.345098 0.458824 0.305882
v -1.019689388 0.348603296 -6.835984347 0.403922 0.407843 0.364706
v -0.958171688 0.253241176 -6.886409420 0.329412 0.431373 0.301961
v -0.972222251 0.272897998 -6.875879616 0.313725 0.423529 0.294118
v -1.067208226 0.465217842 -6.769219260 0.352941 0.450980 0.325490
v -1.084257339 0.541689797 -6.724340784 0.298039 0.313725 0.270588
v -1.030411765 0.367005325 -6.824602085 0.325490 0.439216 0.317647
v -1.016154960 0.338982176 -6.839283715 0.396078 0.435294 0.360784
v -0.925385162 0.193500996 -6.917364113 0.364706 0.466667 0.337255
v -0.935329770 0.214530996 -6.905461390 0.337255 0.443137 0.301961
v -0.965120711 0.260984901 -6.880069521 0.325490 0.407843 0.294118
v -1.010674053 0.328911855 -6.843740060 0.325490 0.419608 0.290196
v -1.054585999 0.420980300 -6.792392840 0.321569 0.415686 0.305882
v -0.921485454 0.180177612 -6.923660469 0.239216 0.239216 0.219608
v -1.042587080 0.392212417 -6.807820571 0.329412 0.439216 0.301961
v -1.025774468 0.356393651 -6.826086427 0.345098 0.443137 0.329412
v -0.993087941 0.299432678 -6.856367156 0.333333 0.360784 0.301961
v -1.062092877 0.438595530 -6.778288088 0.325490 0.427451 0.313725
v -1.082998674 0.532020795 -6.722775443 0.345098 0.431373 0.301961
v -1.080362849 0.522141219 -6.727740435 0.321569 0.423529 0.290196
v -1.087370164 0.540400160 -6.715800462 0.133333 0.141176 0.113725
v -1.078099652 0.511453348 -6.732111622 0.337255 0.443137 0.305882
v -1.072644898 0.480013765 -6.750208901 0.349020 0.462745 0.313725
v -0.938215687 0.213806560 -6.897059014 0.317647 0.419608 0.278431
v -1.067031957 0.454034596 -6.764955080 0.341176 0.454902 0.309804
v -0.952788764 0.237026064 -6.883669095 0.329412 0.447059 0.301961
v -1.070782259 0.470113692 -6.754492563 0.349020 0.458824 0.313725
v -0.932063261 0.202024731 -6.901818550 0.345098 0.458824 0.325490
v -1.021806940 0.343684970 -6.825455702 0.372549 0.411765 0.360784
v -0.976196727 0.270658257 -6.864781479 0.329412 0.427451 0.305882
v -1.044651554 0.388713662 -6.800085224 0.341176 0.454902 0.301961
v -1.031734901 0.362613475 -6.814250436 0.313725 0.431373 0.294118
v -1.018049204 0.334629015 -6.829596060 0.380392 0.419608 0.341176
v -1.060640831 0.428779364 -6.776869138 0.341176 0.447059 0.325490
v -0.966738503 0.256009630 -6.871004306 0.341176 0.443137 0.317647
v -0.925686429 0.189202249 -6.906919588 0.356863 0.466667 0.321569
v -1.056351219 0.415961290 -6.781965723 0.325490 0.403922 0.305882
v -1.051487542 0.401404934 -6.788797504 0.321569 0.419608 0.294118
v -1.013647986 0.322747499 -6.831648120 0.317647 0.419608 0.301961
v -1.076544789 0.493943500 -6.734174108 0.352941 0.462745 0.321569
v -1.082092302 0.517835508 -6.720111932 0.333333 0.439216 0.305882
v -1.065816723 0.443448243 -6.763604889 0.341176 0.450980 0.313725
v -0.947118446 0.222999416 -6.884355614 0.349020 0.462745 0.313725
v -1.070088183 0.460282122 -6.753091154 0.337255 0.443137 0.294118
v -1.036763485 0.367697904 -6.805654585 0.309804 0.419608 0.282353
v -1.006795796 0.310762891 -6.836611135 0.329412 0.435294 0.305882
v -1.079064248 0.503153870 -6.727069039 0.317647 0.415686 0.282353
v -1.001969373 0.303014387 -6.840147853 0.321569 0.423529 0.290196
v -0.988720963 0.284031014 -6.850003447 0.333333 0.435294 0.298039
v -1.040379381 0.373986700 -6.800770043 0.333333 0.443137 0.301961
v -0.910715831 0.160278362 -6.916184623 0.105882 0.101961 0.105882
v -1.090783427 0.539928436 -6.705037253 0.211765 0.231373 0.203922
v -0.994573127 0.291186435 -6.844953899 0.329412 0.439216 0.305882
v -0.943535897 0.214594018 -6.885036839 0.325490 0.443137 0.305882
v -0.976503419 0.264453082 -6.858347699 0.337255 0.415686 0.305882
v -1.086418349 0.528333957 -6.709612756 0.360784 0.462745 0.325490
v -1.068430017 0.449121307 -6.755123355 0.337255 0.443137 0.294118
v -0.955184334 0.232229819 -6.874421343 0.333333 0.443137 0.301961
v -0.966351878 0.248897820 -6.864776877 0.243137 0.333333 0.211765
v -1.064550898 0.433579457 -6.762241009 0.321569 0.427451 0.298039
v -1.081529530 0.508167553 -6.718544528 0.345098 0.454902 0.317647
v -1.046703996 0.383814083 -6.790239673 0.325490 0.439216 0.305882
v -1.016333118 0.321378877 -6.823186444 0.329412 0.431373 0.309804
v -1.073684855 0.468682453 -6.739776029 0.337255 0.443137 0.298039
v -0.925236140 0.184416905 -6.896257844 0.364706 0.474510 0.325490
v -1.077696331 0.487697481 -6.727781515 0.329412 0.431373 0.298039
v -0.934593893 0.198392750 -6.887898554 0.349020 0.466667 0.321569
v -1.023474330 0.335386263 -6.814094348 0.427451 0.427451 0.380392
v -0.947263272 0.216638715 -6.877376665 0.333333 0.443137 0.313725
v -1.032751975 0.354300174 -6.802903799 0.298039 0.403922 0.270588
v -0.971223333 0.252420071 -6.857743524 0.321569 0.423529 0.286275
v -1.042794044 0.372492823 -6.791732665 0.345098 0.458824 0.325490
v -1.008883132 0.305853266 -6.826776715 0.305882 0.415686 0.282353
v -0.963033398 0.238512520 -6.862521947 0.341176 0.454902 0.305882
v -0.914396420 0.166750664 -6.900584035 0.305882 0.301961 0.274510
v -1.029549556 0.345785322 -6.803695397 0.294118 0.400000 0.270588
v -1.084507754 0.514437826 -6.706657663 0.341176 0.447059 0.317647
v -1.048828698 0.382404698 -6.781820103 0.321569 0.435294 0.305882
v -0.979335070 0.259733694 -6.848321446 0.376471 0.462745 0.352941
v -1.055356613 0.398492543 -6.771349763 0.349020 0.419608 0.333333
v -0.944481991 0.207002868 -6.875074883 0.345098 0.443137 0.329412
v -1.061473836 0.414699643 -6.761461176 0.325490 0.423529 0.309804
v -1.017828480 0.318341436 -6.814991802 0.329412 0.423529 0.309804
v -1.068626021 0.439235869 -6.746755266 0.313725 0.415686 0.282353
v -1.027006827 0.336784074 -6.804271590 0.337255 0.427451 0.321569
v -1.066520048 0.431512862 -6.750968274 0.345098 0.450980 0.317647
v -0.931131679 0.189251703 -6.882997719 0.345098 0.454902 0.298039
v -0.998574049 0.286832079 -6.831054441 0.325490 0.439216 0.301961
v -1.086877381 0.522084917 -6.696904209 0.349020 0.454902 0.317647
v -1.006527589 0.297500119 -6.823896259 0.313725 0.427451 0.298039
v -0.923924176 0.179475405 -6.886454567 0.341176 0.454902 0.309804
v -1.076240995 0.466648974 -6.728468900 0.325490 0.439216 0.286275
v -1.052442416 0.387992121 -6.773424928 0.333333 0.427451 0.317647
v -0.954268422 0.220855279 -6.864032063 0.360784 0.466667 0.317647
v -0.986104949 0.267124734 -6.838826191 0.345098 0.423529 0.321569
v -0.911222208 0.160334689 -6.895065823 0.309804 0.349020 0.290196
v -0.917249991 0.169546542 -6.890066267 0.317647 0.423529 0.301961
v -1.046808158 0.373253091 -6.779738917 0.329412 0.443137 0.309804
v -1.043357863 0.365511611 -6.783266543 0.337255 0.443137 0.309804
v -0.969365651 0.240614704 -6.850590795 0.317647 0.423529 0.274510
v -1.073958034 0.453359929 -6.731928518 0.321569 0.427451 0.282353
v -1.078329766 0.471569223 -6.720038607 0.337255 0.447059 0.301961
v -0.958681023 0.224308518 -6.857069309 0.345098 0.454902 0.305882
v -1.071396830 0.442756866 -6.736212177 0.321569 0.427451 0.286275
v -1.085014932 0.512185789 -6.694868926 0.364706 0.474510 0.329412
v -1.040358938 0.356439586 -6.783914107 0.345098 0.458824 0.313725
v -1.083596377 0.501657692 -6.699778990 0.313725 0.419608 0.270588
v -0.964518816 0.230766077 -6.851312587 0.341176 0.454902 0.301961
v -1.090076765 0.538525779 -6.677652900 0.145098 0.188235 0.145098
v -0.980468966 0.254493199 -6.838118680 0.337255 0.447059 0.309804
v -1.082428812 0.491962747 -6.704558810 0.309804 0.411765 0.266667
v -1.033406887 0.341675733 -6.790252127 0.325490 0.435294 0.298039
v -0.946637796 0.203276681 -6.864760884 0.329412 0.435294 0.298039
v -1.081067093 0.482120573 -6.709486087 0.325490 0.427451 0.294118
v -1.019577659 0.312827467 -6.805760906 0.325490 0.427451 0.313725
v -1.012882747 0.301000708 -6.810566758 0.329412 0.439216 0.305882
v -0.924029610 0.175232046 -6.876656180 0.349020 0.447059 0.325490
v -1.077649131 0.461733071 -6.718640810 0.321569 0.435294 0.298039
v -1.064134122 0.411933464 -6.747375996 0.329412 0.443137 0.301961
v -0.975147422 0.243376260 -6.839404637 0.329412 0.435294 0.286275
v -0.910201983 0.155713454 -6.884237595 0.333333 0.450980 0.309804
v -1.023713905 0.315860414 -6.798514081 0.380392 0.443137 0.349020
v -0.992402325 0.266631094 -6.824574083 0.337255 0.435294 0.321569
v -1.046034607 0.362741693 -6.771995142 0.321569 0.431373 0.294118
v -0.957522494 0.215312971 -6.851319752 0.345098 0.450980 0.309804
v -0.903716156 0.146634490 -6.886997156 0.125490 0.168627 0.113725
v -1.001376015 0.279813104 -6.816307398 0.329412 0.423529 0.309804
v -1.052401702 0.376769845 -6.762881106 0.341176 0.411765 0.313725
v -1.075061274 0.447627395 -6.721513021 0.321569 0.427451 0.282353
v -0.950410926 0.203403049 -6.856207455 0.321569 0.423529 0.294118
v -0.966041361 0.225115231 -6.841516717 0.337255 0.450980 0.301961
v -1.084732504 0.496820112 -6.689169921 0.360784 0.474510 0.321569
v -1.072807061 0.436436072 -6.724277986 0.329412 0.439216 0.298039
v -1.035461858 0.336775427 -6.780408310 0.321569 0.431373 0.294118
v -1.055398525 0.381630475 -6.755212932 0.337255 0.431373 0.317647
v -1.009029513 0.288961117 -6.806458218 0.325490 0.431373 0.298039
v -1.082279073 0.477058729 -6.699103163 0.325490 0.427451 0.290196
v -1.032137005 0.328999115 -6.783270069 0.317647 0.427451 0.301961
v -1.041340104 0.347934203 -6.772761164 0.337255 0.454902 0.298039
v -0.985735331 0.253189161 -6.823974871 0.317647 0.423529 0.282353
v -1.068505911 0.418909454 -6.731976391 0.329412 0.435294 0.290196
v -0.979654467 0.243993593 -6.827554015 0.329412 0.439216 0.294118
v -1.087378433 0.538589510 -6.660042523 0.133333 0.137255 0.141176
v -1.078987321 0.456837021 -6.708791702 0.345098 0.450980 0.313725
v -1.065800342 0.409049960 -6.736218133 0.329412 0.439216 0.294118
v -0.940896119 0.187163580 -6.857001683 0.317647 0.415686 0.286275
v -1.077119341 0.449045197 -6.712372103 0.317647 0.427451 0.286275
v -1.049635915 0.363417402 -6.760085653 0.325490 0.423529 0.301961
v -0.953109106 0.201327959 -6.847750278 0.349020 0.427451 0.317647
v -1.086248941 0.513638736 -6.672352568 0.352941 0.458824 0.301961
v -1.000294006 0.270795524 -6.810581060 0.337255 0.419608 0.313725
v -1.087679887 0.530684112 -6.661624562 0.250980 0.313725 0.243137
v -0.960547904 0.212441658 -6.840850589 0.337255 0.439216 0.309804
v -0.990585978 0.256718403 -6.816934476 0.337255 0.454902 0.313725
v -0.900371039 0.139768148 -6.877012200 0.349020 0.396078 0.345098
v -1.084607788 0.483516023 -6.687027709 0.368627 0.482353 0.325490
v -1.056455636 0.377517358 -6.747389211 0.309804 0.403922 0.286275
v -1.086415231 0.502558989 -6.674303021 0.364706 0.478431 0.325490
v -1.085601929 0.492559903 -6.680091534 0.384314 0.498039 0.333333
v -1.086758712 0.519311087 -6.663870753 0.380392 0.486275 0.341176
v -1.042618461 0.343757381 -6.765001683 0.309804 0.423529 0.270588
v -1.060108930 0.386604386 -6.740409527 0.341176 0.447059 0.321569
v -0.949072720 0.192852104 -6.845695559 0.337255 0.447059 0.309804
v -1.018273907 0.295948314 -6.789641304 0.305882 0.403922 0.282353
v -1.065918230 0.402697015 -6.729933362 0.333333 0.439216 0.313725
v -0.942859038 0.185098779 -6.848535139 0.321569 0.439216 0.298039
v -1.083756679 0.472325957 -6.689090414 0.360784 0.470588 0.317647
v -1.006883748 0.277036567 -6.799425672 0.321569 0.396078 0.298039
v -0.975629513 0.230801581 -6.823894785 0.313725 0.419608 0.282353
v -1.013980373 0.288248791 -6.792426630 0.313725 0.415686 0.298039
v -1.081999213 0.461693312 -6.694106903 0.333333 0.435294 0.301961
v -1.027975702 0.311431229 -6.779073079 0.466667 0.431373 0.415686
v -1.086560019 0.524081164 -6.654889891 0.360784 0.474510 0.345098
v -1.001963821 0.266505985 -6.800828241 0.313725 0.419608 0.301961
v -1.086638852 0.508611465 -6.661933781 0.345098 0.462745 0.305882
v -0.897622460 0.136336347 -6.867109234 0.262745 0.349020 0.254902
v -1.087560933 0.528813498 -6.646642193 0.203922 0.270588 0.156863
v -0.968985509 0.215949028 -6.824004248 0.329412 0.439216 0.301961
v -1.087004527 0.497677441 -6.664440297 0.360784 0.482353 0.325490
v -1.068662753 0.404119293 -6.719383931 0.317647 0.423529 0.294118
v -0.961214487 0.204026856 -6.828905305 0.345098 0.423529 0.321569
v -1.055270473 0.366221346 -6.740431751 0.337255 0.447059 0.317647
v -0.994216279 0.252673186 -6.802723286 0.321569 0.435294 0.313725
v -0.891649239 0.129917783 -6.865805633 0.282353 0.282353 0.262745
v -0.949855669 0.188615796 -6.836591063 0.305882 0.419608 0.286275
v -0.974453944 0.223012806 -6.818344112 0.321569 0.423529 0.298039
v -1.013472112 0.279969140 -6.786662054 0.325490 0.411765 0.313725
v -1.040310990 0.329773392 -6.759326185 0.298039 0.415686 0.270588
v -1.085504263 0.477141025 -6.674446176 0.360784 0.470588 0.305882
v -1.084708119 0.467339133 -6.679333841 0.345098 0.458824 0.301961
v -1.072029872 0.411883722 -6.710916155 0.337255 0.450980 0.321569
v -1.033387700 0.314299258 -6.765673555 0.313725 0.427451 0.301961
v -1.044744480 0.338134904 -6.752369206 0.321569 0.439216 0.290196
v -1.000967536 0.259569722 -6.795125794 0.313725 0.427451 0.298039
v -1.061766656 0.380914328 -6.727845198 0.352941 0.466667 0.325490
v -0.983811021 0.236286558 -6.807176916 0.313725 0.427451 0.278431
v -1.083346380 0.456794677 -6.683558402 0.301961 0.411765 0.254902
v -1.081412142 0.446916219 -6.688523274 0.345098 0.450980 0.317647
v -0.924438857 0.159870341 -6.845678178 0.321569 0.431373 0.286275
v -1.067055905 0.394348701 -6.718623033 0.329412 0.439216 0.298039
v -0.978802328 0.226483536 -6.810660712 0.325490 0.431373 0.298039
v -0.915585284 0.150664611 -6.849267569 0.305882 0.415686 0.290196
v -1.053908277 0.357783309 -6.737634890 0.337255 0.427451 0.309804
v -1.087959417 0.526188490 -6.638037555 0.352941 0.427451 0.301961
v -0.905537856 0.140195217 -6.852715437 0.290196 0.407843 0.278431
v -1.050536943 0.348116516 -6.742386322 0.376471 0.439216 0.341176
v -1.087473051 0.496137534 -6.655449336 0.337255 0.447059 0.286275
v -0.938197644 0.173089756 -6.835268775 0.305882 0.419608 0.290196
v -1.087633246 0.510836408 -6.645666849 0.356863 0.466667 0.301961
v -0.889434160 0.124438729 -6.858639641 0.262745 0.290196 0.227451
v -0.973870724 0.215957605 -6.812059600 0.321569 0.427451 0.305882
v -1.088776125 0.532070192 -6.632159521 0.086275 0.101961 0.070588
v -0.991162594 0.244414238 -6.795540730 0.317647 0.419608 0.270588
v -0.962472661 0.199153845 -6.819032964 0.337255 0.439216 0.313725
v -1.036982684 0.315678787 -6.755869231 0.317647 0.435294 0.294118
v -1.087084592 0.484814253 -6.658348374 0.325490 0.431373 0.270588
v -1.007418265 0.263744792 -6.783931042 0.325490 0.439216 0.313725
v -1.018047647 0.279864463 -6.774831608 0.325490 0.431373 0.309804
v -1.033507458 0.307945775 -6.759389328 0.333333 0.427451 0.313725
v -1.043492250 0.328963916 -6.747498563 0.298039 0.407843 0.270588
v -0.969569945 0.207556880 -6.812736113 0.329412 0.407843 0.301961
v -1.062907304 0.376777158 -6.720045732 0.337255 0.447059 0.305882
v -1.077155261 0.421652854 -6.694127533 0.352941 0.439216 0.325490
v -1.069025861 0.392983873 -6.710157532 0.278431 0.380392 0.243137
v -1.085568422 0.462378551 -6.668847805 0.368627 0.482353 0.329412
v -0.932661635 0.164641435 -6.832483291 0.305882 0.423529 0.274510
v -1.084457976 0.452667159 -6.673644210 0.337255 0.447059 0.298039
v -1.088095057 0.500373568 -6.644192109 0.364706 0.482353 0.301961
v -0.924972189 0.155705908 -6.835800204 0.298039 0.415686 0.270588
v -1.050556890 0.342291350 -6.735575234 0.345098 0.427451 0.313725
v -0.917862596 0.148508283 -6.838084310 0.298039 0.411765 0.282353
v -0.977106348 0.215334609 -6.803553933 0.321569 0.435294 0.305882
v -0.982662485 0.223777133 -6.797920262 0.325490 0.435294 0.294118
v -1.091197212 0.520852291 -6.628627398 0.329412 0.407843 0.274510
v -0.905537791 0.135982236 -6.842184418 0.286275 0.407843 0.262745
v -1.027867535 0.290399375 -6.760786672 0.388235 0.423529 0.341176
v -0.991015842 0.236435762 -6.789473459 0.329412 0.435294 0.294118
v -1.089312957 0.505842019 -6.635916904 0.317647 0.423529 0.254902
v -1.080407534 0.428046352 -6.682116410 0.329412 0.435294 0.301961
v -0.893668741 0.125432246 -6.845011567 0.294118 0.411765 0.286275
v -0.883245634 0.117178026 -6.848350355 0.360784 0.368627 0.321569
v -1.071469118 0.394291051 -6.700426166 0.313725 0.411765 0.290196
v -0.969382914 0.201993734 -6.805660807 0.341176 0.435294 0.321569
v -1.056832504 0.353537843 -6.722222637 0.321569 0.423529 0.278431
v -1.085848719 0.454074977 -6.663810361 0.360784 0.478431 0.321569
v -1.044576750 0.322035201 -6.738980504 0.396078 0.454902 0.356863
v -1.087987378 0.475128573 -6.650479844 0.337255 0.443137 0.294118
v -1.074209072 0.400629644 -6.694087409 0.356863 0.435294 0.337255
v -0.899787501 0.129499481 -6.839540547 0.298039 0.415686 0.270588
v -1.084151160 0.443425370 -6.668843954 0.345098 0.462745 0.301961
v -1.060770371 0.361340065 -6.715121750 0.349020 0.454902 0.313725
v -0.947177224 0.175238492 -6.815566680 0.309804 0.427451 0.278431
v -1.012380808 0.262327102 -6.769200847 0.325490 0.439216 0.301961
v -1.088847044 0.481402174 -6.644206623 0.345098 0.447059 0.290196
v -1.037014147 0.304435728 -6.746048367 0.290196 0.392157 0.258824
v -1.021748613 0.275597765 -6.761546766 0.333333 0.443137 0.313725
v -1.002720977 0.247533104 -6.775568256 0.341176 0.454902 0.313725
v -1.042045333 0.313530273 -6.739061102 0.364706 0.443137 0.333333
v -1.098207253 0.525972581 -6.614378386 0.298039 0.333333 0.262745
v -0.953276613 0.179514727 -6.809183915 0.321569 0.439216 0.286275
v -0.973225438 0.202601274 -6.796629067 0.345098 0.435294 0.317647
v -0.905463223 0.131791707 -6.831630767 0.274510 0.396078 0.254902
v -1.064470833 0.366902511 -6.706049762 0.313725 0.423529 0.282353
v -0.984386379 0.218068023 -6.787481145 0.309804 0.415686 0.278431
v -0.942837825 0.167551887 -6.813422980 0.309804 0.423529 0.282353
v -1.077425814 0.404926373 -6.683469969 0.356863 0.450980 0.341176
v -0.894134941 0.121989142 -6.835114101 0.254902 0.376471 0.243137
v -1.092748639 0.505863706 -6.623257034 0.345098 0.450980 0.301961
v -0.880347708 0.113086228 -6.838404025 0.313725 0.341176 0.274510
v -1.050345473 0.328310226 -6.726386848 0.333333 0.443137 0.305882
v -1.081479176 0.423024918 -6.671691737 0.345098 0.454902 0.305882
v -1.088148047 0.466657310 -6.645612495 0.313725 0.411765 0.262745
v -1.072989638 0.390044501 -6.690629999 0.329412 0.403922 0.298039
v -1.085426090 0.442760534 -6.659679478 0.352941 0.462745 0.313725
v -1.091578869 0.495466396 -6.628036214 0.329412 0.439216 0.286275
v -1.032690378 0.289723911 -6.746717914 0.521569 0.447059 0.450980
v -1.090485521 0.485547659 -6.633743705 0.329412 0.435294 0.278431
v -1.069213451 0.377482859 -6.696170000 0.321569 0.423529 0.309804
v -1.009125159 0.252423576 -6.765061990 0.345098 0.462745 0.313725
v -1.086552779 0.453170249 -6.651376789 0.305882 0.411765 0.250980
v -1.037240411 0.298051577 -6.739795064 0.384314 0.439216 0.345098
v -1.096044896 0.510840251 -6.615471973 0.352941 0.450980 0.309804
v -0.966454145 0.190593373 -6.795297571 0.321569 0.427451 0.294118
v -1.017285285 0.262329844 -6.757261082 0.325490 0.431373 0.294118
v -1.027418804 0.276486583 -6.749422380 0.321569 0.431373 0.313725
v -1.059834023 0.347365543 -6.708734706 0.341176 0.454902 0.305882
v -1.056789985 0.339507086 -6.712381291 0.356863 0.462745 0.309804
v -0.933065386 0.152791601 -6.812035402 0.305882 0.407843 0.278431
v -1.003630366 0.240654522 -6.766297643 0.349020 0.458824 0.305882
v -0.952557644 0.173200613 -6.801454988 0.309804 0.431373 0.282353
v -1.079556400 0.406324294 -6.673648108 0.337255 0.435294 0.321569
v -0.997014510 0.230708865 -6.770627279 0.337255 0.450980 0.305882
v -0.912537656 0.133180321 -6.819710282 0.290196 0.407843 0.266667
v -1.048904486 0.317086876 -6.722163109 0.313725 0.419608 0.290196
v -0.985990337 0.213797735 -6.777709913 0.325490 0.427451 0.305882
v -0.971638533 0.193525652 -6.788151250 0.309804 0.419608 0.294118
v -1.092324503 0.484220832 -6.624537884 0.356863 0.470588 0.298039
v -0.944139585 0.163167192 -6.803065124 0.294118 0.407843 0.274510
v -1.084683491 0.428730224 -6.656858690 0.360784 0.474510 0.317647
v -1.052140351 0.323485098 -6.717168222 0.337255 0.450980 0.298039
v -1.043646367 0.304547673 -6.727680482 0.325490 0.419608 0.294118
v -1.013101682 0.252491667 -6.755866327 0.333333 0.443137 0.305882
v -1.090699826 0.471443952 -6.630996930 0.329412 0.419608 0.270588
v -0.894841365 0.117073869 -6.824583386 0.274510 0.396078 0.239216
v -0.884127112 0.109902212 -6.827542298 0.247059 0.360784 0.211765
v -1.077227909 0.394249936 -6.675893626 0.317647 0.415686 0.286275
v -0.964956059 0.183599177 -6.789653543 0.309804 0.407843 0.290196
v -1.065741410 0.357812929 -6.694777022 0.321569 0.431373 0.290196
v -1.088223348 0.451188627 -6.640016359 0.321569 0.411765 0.278431
v -1.026684903 0.269974634 -6.743297948 0.321569 0.427451 0.305882
v -1.087019527 0.436589122 -6.646892652 0.337255 0.447059 0.301961
v -1.097843928 0.505811794 -6.605757382 0.352941 0.458824 0.317647
v -1.036371108 0.286163751 -6.732725486 0.572549 0.474510 0.478431
v -1.057307309 0.333242261 -6.706008669 0.345098 0.458824 0.301961
v -0.904822127 0.122444036 -6.817107281 0.290196 0.415686 0.278431
v -1.095094037 0.493156774 -6.610688545 0.333333 0.435294 0.270588
v -1.060223964 0.339529263 -6.700422928 0.337255 0.447059 0.294118
v -1.082070876 0.409014677 -6.660426711 0.345098 0.450980 0.317647
v -1.004855235 0.235589967 -6.756619461 0.360784 0.474510 0.313725
v -1.075384933 0.382440335 -6.675064167 0.341176 0.450980 0.321569
v -0.932433851 0.145250445 -6.803426033 0.294118 0.411765 0.282353
v -1.105345950 0.523832691 -6.591944560 0.090196 0.105882 0.094118
v -0.971305191 0.187302635 -6.781735462 0.321569 0.427451 0.305882
v -1.053938112 0.321967718 -6.708155552 0.325490 0.439216 0.286275
v -0.955744761 0.169080584 -6.790127237 0.329412 0.423529 0.301961
v -1.009702898 0.241225356 -6.751685909 0.349020 0.466667 0.305882
v -0.884272510 0.103744481 -6.821061685 0.250980 0.384314 0.219608
v -1.094181853 0.482185429 -6.613934687 0.364706 0.478431 0.294118
v -1.090220813 0.455432879 -6.628751845 0.309804 0.415686 0.270588
v -0.989799807 0.211105640 -6.766359036 0.345098 0.443137 0.325490
v -0.924721410 0.135916983 -6.804336219 0.282353 0.407843 0.258824
v -0.945639991 0.157724567 -6.793060286 0.317647 0.400000 0.294118
v -0.895630018 0.110026918 -6.816182546 0.258824 0.384314 0.231373
v -1.029887022 0.268659286 -6.734081553 0.309804 0.403922 0.282353
v -1.092062344 0.463934318 -6.621653765 0.352941 0.466667 0.301961
v -1.089362534 0.446148744 -6.630314298 0.337255 0.443137 0.305882
v -0.967574828 0.179440952 -6.779067308 0.313725 0.403922 0.294118
v -1.064940237 0.345905485 -6.688429226 0.321569 0.435294 0.301961
v -1.097478375 0.496789051 -6.600033242 0.356863 0.470588 0.317647
v -1.034053760 0.274289606 -6.728451120 0.396078 0.403922 0.356863
v -1.100199945 0.504240207 -6.595388487 0.368627 0.419608 0.333333
v -1.051830222 0.312138263 -6.706751004 0.337255 0.443137 0.290196
v -1.088499312 0.437067166 -6.634480487 0.309804 0.400000 0.274510
v -1.025836318 0.260186842 -6.734830386 0.317647 0.431373 0.282353
v -1.037863728 0.281224521 -6.722920927 0.517647 0.439216 0.431373
v -0.975765229 0.187933502 -6.772680191 0.313725 0.400000 0.298039
v -0.876581791 0.094202917 -6.817968718 0.247059 0.266667 0.223529
v -1.047835101 0.302246526 -6.710324266 0.321569 0.439216 0.290196
v -1.102330077 0.519774855 -6.583368983 0.152941 0.156863 0.156863
v -0.986217673 0.201296410 -6.764232092 0.349020 0.396078 0.301961
v -1.071582629 0.363365367 -6.674481125 0.345098 0.435294 0.317647
v -0.940308791 0.147812561 -6.790333979 0.290196 0.407843 0.274510
v -1.094423574 0.477903827 -6.606281872 0.364706 0.474510 0.309804
v -0.933824366 0.140137194 -6.793796947 0.305882 0.427451 0.278431
v -1.058807481 0.326895857 -6.694100303 0.345098 0.454902 0.313725
v -1.006659114 0.230762248 -6.746702448 0.352941 0.466667 0.309804
v -1.001904924 0.223694944 -6.749557141 0.329412 0.439216 0.290196
v -1.099775314 0.506564072 -6.587450682 0.396078 0.490196 0.352941
v -0.922007938 0.126762764 -6.798746665 0.294118 0.411765 0.262745
v -1.079685356 0.388734162 -6.656834551 0.341176 0.450980 0.301961
v -0.900713353 0.105064447 -6.807806423 0.250980 0.372549 0.235294
v -1.055047822 0.313627457 -6.696836103 0.337255 0.450980 0.305882
v -0.947310420 0.152733139 -6.782606355 0.301961 0.419608 0.274510
v -0.982340876 0.192072604 -6.762222710 0.333333 0.423529 0.305882
v -1.012600494 0.235785980 -6.738869804 0.356863 0.466667 0.309804
v -0.962640457 0.168212530 -6.774146684 0.321569 0.423529 0.305882
v -1.028591765 0.258797974 -6.726390127 0.309804 0.419608 0.290196
v -1.078142379 0.379647180 -6.657496198 0.345098 0.454902 0.309804
v -0.883594207 0.089290389 -6.812349225 0.239216 0.356863 0.192157
v -1.068619617 0.347963713 -6.675138407 0.313725 0.388235 0.278431
v -1.097321800 0.494728136 -6.588754779 0.356863 0.474510 0.317647
v -1.036122456 0.270087348 -6.718611289 0.415686 0.411765 0.360784
v -1.095903024 0.484903102 -6.593664780 0.368627 0.482353 0.325490
v -1.085975842 0.407699373 -6.639274272 0.337255 0.447059 0.298039
v -1.091455760 0.438631844 -6.620979469 0.345098 0.458824 0.317647
v -0.976756244 0.182936283 -6.762934109 0.317647 0.423529 0.286275
v -1.092749397 0.455311488 -6.609917255 0.317647 0.423529 0.286275
v -0.938461972 0.139514779 -6.784589694 0.294118 0.411765 0.274510
v -0.991664671 0.203249938 -6.751748851 0.329412 0.384314 0.290196
v -0.932744322 0.132523048 -6.788070180 0.290196 0.415686 0.262745
v -1.094557963 0.474354131 -6.597894893 0.356863 0.466667 0.317647
v -1.075617785 0.368331287 -6.660387777 0.329412 0.435294 0.286275
v -0.987185780 0.196305787 -6.755181358 0.341176 0.431373 0.309804
v -0.907331046 0.104276441 -6.800872151 0.266667 0.388235 0.250980
v -1.016641946 0.238440953 -6.731301114 0.325490 0.443137 0.298039
v -0.924075260 0.121858901 -6.791714435 0.290196 0.415686 0.262745
v -1.051569601 0.300980306 -6.696143331 0.341176 0.454902 0.301961
v -1.097788967 0.512348753 -6.571835594 0.258824 0.325490 0.231373
v -1.007818684 0.225715495 -6.736303307 0.345098 0.458824 0.309804
v -0.971745605 0.175239822 -6.762906339 0.313725 0.431373 0.286275
v -1.023625227 0.246876814 -6.724971162 0.321569 0.435294 0.294118
v -0.889949568 0.085472187 -6.807739123 0.247059 0.372549 0.196078
v -1.093887746 0.463110980 -6.600010121 0.349020 0.450980 0.305882
v -1.001302754 0.215241199 -6.740459127 0.333333 0.443137 0.309804
v -1.044174722 0.283332539 -6.703259893 0.313725 0.427451 0.282353
v -0.982133862 0.186515211 -6.755141603 0.321569 0.435294 0.294118
v -1.084664259 0.397842762 -6.637896106 0.329412 0.439216 0.298039
v -1.090273134 0.421716814 -6.623852037 0.337255 0.431373 0.309804
v -1.062323128 0.326191232 -6.678655943 0.337255 0.431373 0.309804
v -1.058782333 0.316371099 -6.683561001 0.301961 0.411765 0.282353
v -1.067323584 0.337400625 -6.670956755 0.352941 0.423529 0.325490
v -0.942634358 0.138824473 -6.776853902 0.298039 0.407843 0.270588
v -1.094886054 0.483386660 -6.583948156 0.376471 0.490196 0.333333
v -1.080164915 0.380171078 -6.645037794 0.325490 0.431373 0.286275
v -1.077788722 0.370418877 -6.650576342 0.341176 0.450980 0.305882
v -0.936286957 0.130907517 -6.779858485 0.294118 0.415686 0.266667
v -1.070477141 0.343822548 -6.665236970 0.329412 0.423529 0.301961
v -0.918805099 0.109823032 -6.790410142 0.282353 0.400000 0.250980
v -1.035370617 0.260271699 -6.710872817 0.329412 0.411765 0.298039
v -1.092910974 0.434404098 -6.611164340 0.341176 0.439216 0.317647
v -0.898557481 0.084919654 -6.801972403 0.250980 0.376471 0.215686
v -0.926786680 0.116472133 -6.785163272 0.290196 0.423529 0.250980
v -1.095230759 0.501042540 -6.569100413 0.341176 0.447059 0.298039
v -0.976357940 0.176029971 -6.753691458 0.305882 0.427451 0.286275
v -0.996857946 0.203371946 -6.738987820 0.349020 0.396078 0.309804
v -0.893465799 0.077545259 -6.803731762 0.235294 0.349020 0.188235
v -0.949599730 0.143553357 -6.769319580 0.309804 0.427451 0.282353
v -1.022402002 0.239803762 -6.718704651 0.333333 0.447059 0.301961
v -0.988567513 0.190695198 -6.744643892 0.325490 0.431373 0.290196
v -1.074707048 0.353647391 -6.654710169 0.321569 0.427451 0.286275
v -1.053134762 0.296720901 -6.685659125 0.317647 0.431373 0.290196
v -1.062306919 0.319876899 -6.672332236 0.321569 0.384314 0.282353
v -1.009131000 0.220826894 -6.726447686 0.305882 0.419608 0.274510
v -1.003046577 0.210430484 -6.730523966 0.345098 0.403922 0.305882
v -1.093532125 0.506744377 -6.559886864 0.282353 0.286275 0.282353
v -0.983532219 0.181601836 -6.745310964 0.305882 0.423529 0.274510
v -0.940460802 0.129513791 -6.772124116 0.298039 0.411765 0.258824
v -0.923952554 0.106448233 -6.783252806 0.294118 0.411765 0.258824
v -0.993264805 0.194267885 -6.737558679 0.329412 0.431373 0.309804
v -0.959975994 0.152023199 -6.759444361 0.321569 0.439216 0.290196
v -1.093896169 0.491193554 -6.567716567 0.360784 0.466667 0.309804
v -0.972531090 0.168694649 -6.750496409 0.325490 0.435294 0.282353
v -1.093746542 0.437875638 -6.599969122 0.356863 0.462745 0.329412
v -1.081416836 0.375299868 -6.635164637 0.329412 0.443137 0.294118
v -0.946224073 0.133184808 -6.767047757 0.278431 0.400000 0.266667
v -1.094356878 0.466689032 -6.580283506 0.349020 0.466667 0.313725
v -1.032096554 0.248970762 -6.706027323 0.309804 0.423529 0.286275
v -0.954352777 0.142397124 -6.762046726 0.317647 0.431373 0.278431
v -1.072747563 0.341669204 -6.653347711 0.333333 0.447059 0.298039
v -0.902059493 0.073486107 -6.797258623 0.258824 0.380392 0.211765
v -1.077643016 0.357822832 -6.643513035 0.325490 0.431373 0.282353
v -0.897691085 0.064201721 -6.801629330 0.266667 0.372549 0.215686
v -0.932178644 0.113526508 -6.775472052 0.282353 0.403922 0.247059
v -1.037779186 0.257376864 -6.699726380 0.403922 0.392157 0.352941
v -1.092917484 0.419658223 -6.606252230 0.364706 0.470588 0.337255
v -0.977764520 0.171114228 -6.743862208 0.309804 0.427451 0.290196
v -1.024395452 0.235624169 -6.708841972 0.333333 0.450980 0.290196
v -0.990165615 0.186426309 -6.734870251 0.325490 0.427451 0.286275
v -1.088943522 0.399228394 -6.615448636 0.360784 0.435294 0.325490
v -1.046758887 0.274972278 -6.686343611 0.321569 0.435294 0.294118
v -1.017062410 0.225182019 -6.712964369 0.317647 0.431373 0.282353
v -1.093969315 0.449747493 -6.584587805 0.345098 0.458824 0.298039
v -1.093813153 0.439963458 -6.590159463 0.345098 0.454902 0.301961
v -1.054052461 0.291041793 -6.675891754 0.349020 0.439216 0.321569
v -1.092435623 0.492613836 -6.557168148 0.333333 0.458824 0.301961
v -1.007376994 0.210396675 -6.718623059 0.333333 0.396078 0.298039
v -0.939376989 0.117688443 -6.767098545 0.294118 0.411765 0.266667
v -1.091013709 0.499639994 -6.550141947 0.349020 0.400000 0.325490
v -0.945388793 0.124095897 -6.762094349 0.294118 0.407843 0.266667
v -1.085302570 0.380309101 -6.621027613 0.317647 0.415686 0.290196
v -1.050870653 0.280617427 -6.677889217 0.317647 0.427451 0.282353
v -0.900294332 0.045803544 -6.803879708 0.149020 0.200000 0.117647
v -0.957268750 0.138154034 -6.753653076 0.301961 0.423529 0.274510
v -1.058749478 0.298827559 -6.666701462 0.337255 0.419608 0.301961
v -1.083040666 0.369821704 -6.625897636 0.337255 0.439216 0.301961
v -0.923088740 0.088941826 -6.778993823 0.266667 0.388235 0.239216
v -0.902450548 0.053012507 -6.798074169 0.286275 0.388235 0.223529
v -1.034886102 0.246167076 -6.694787966 0.313725 0.423529 0.282353
v -1.092636457 0.413218008 -6.599353462 0.349020 0.454902 0.309804
v -0.981494727 0.170349110 -6.734798856 0.305882 0.419608 0.278431
v -1.063084562 0.307920118 -6.659716200 0.286275 0.384314 0.258824
v -1.094437519 0.451921812 -6.575392921 0.349020 0.462745 0.309804
v -0.936678888 0.108528798 -6.766428455 0.301961 0.403922 0.262745
v -1.069769141 0.324164987 -6.649788518 0.329412 0.439216 0.294118
v -0.911136772 0.068585424 -6.787414186 0.262745 0.376471 0.203922
v -1.088987879 0.392896622 -6.609142515 0.349020 0.439216 0.333333
v -1.020701364 0.224443176 -6.703873521 0.317647 0.435294 0.290196
v -1.094063083 0.441295493 -6.579701031 0.337255 0.447059 0.298039
v -1.046002918 0.266561818 -6.680711941 0.329412 0.431373 0.305882
v -0.951962357 0.127532598 -6.754445263 0.305882 0.423529 0.274510
v -1.011492700 0.211626268 -6.709670929 0.345098 0.396078 0.305882
v -1.092706657 0.484110795 -6.552331845 0.349020 0.466667 0.313725
v -1.031070713 0.237829722 -6.695401585 0.317647 0.431373 0.286275
v -0.994654328 0.185847054 -6.722810476 0.321569 0.431373 0.274510
v -1.093732319 0.474187599 -6.557340822 0.305882 0.411765 0.254902
v -0.905145593 0.038907722 -6.800939591 0.176471 0.192157 0.192157
v -0.908845703 0.058107713 -6.789466450 0.262745 0.384314 0.203922
v -1.055838138 0.286219027 -6.665969746 0.337255 0.415686 0.305882
v -1.085520051 0.373927479 -6.614771760 0.356863 0.450980 0.329412
v -1.060926195 0.297403196 -6.658295995 0.325490 0.435294 0.298039
v -0.957360880 0.131606372 -6.747564657 0.301961 0.415686 0.270588
v -0.999517342 0.190574888 -6.715276211 0.313725 0.415686 0.274510
v -1.094380404 0.430874258 -6.578886337 0.333333 0.439216 0.298039
v -0.917443537 0.067184947 -6.780389634 0.278431 0.392157 0.231373
v -1.065484281 0.306632967 -6.651171363 0.313725 0.423529 0.286275
v -1.088155313 0.383104217 -6.606997605 0.345098 0.427451 0.321569
v -0.947105311 0.114878198 -6.754461800 0.309804 0.403922 0.278431
v -1.071855313 0.325372850 -6.640156300 0.356863 0.466667 0.317647
v -1.086575332 0.501810890 -6.533927507 0.152941 0.164706 0.160784
v -1.051898482 0.274907608 -6.668154823 0.337255 0.400000 0.290196
v -1.038977699 0.246904033 -6.683518716 0.388235 0.427451 0.345098
v -1.091571275 0.399280583 -6.596439010 0.333333 0.435294 0.309804
v -0.978141109 0.159069793 -6.729929553 0.309804 0.419608 0.270588
v -1.026710674 0.227840214 -6.693456430 0.313725 0.423529 0.278431
v -0.923111036 0.074191406 -6.774787297 0.274510 0.392157 0.231373
v -1.093147980 0.408357854 -6.589468156 0.309804 0.411765 0.270588
v -1.095568537 0.461829415 -6.557058659 0.352941 0.470588 0.313725
v -0.983753851 0.165390019 -6.725014316 0.321569 0.435294 0.278431
v -1.092088519 0.485692781 -6.541621365 0.329412 0.447059 0.305882
v -0.965336748 0.139458695 -6.738307249 0.305882 0.419608 0.274510
v -1.094290590 0.475835119 -6.547265260 0.345098 0.462745 0.309804
v -1.042794960 0.253134560 -6.677288931 0.549020 0.450980 0.462745
v -1.082317475 0.355083806 -6.619572483 0.329412 0.439216 0.301961
v -1.095201100 0.446287080 -6.564878802 0.360784 0.458824 0.325490
v -1.078664486 0.342284844 -6.626053795 0.333333 0.443137 0.294118
v -1.022353556 0.219456711 -6.694116585 0.317647 0.423529 0.294118
v -1.005515903 0.195582156 -6.706758170 0.333333 0.427451 0.290196
v -0.970326836 0.145054074 -6.732712051 0.325490 0.435294 0.278431
v -0.909759620 0.044003693 -6.787421982 0.298039 0.415686 0.247059
v -1.086997752 0.373204258 -6.605666160 0.360784 0.419608 0.313725
v -0.928404247 0.076188504 -6.767876113 0.294118 0.411765 0.262745
v -0.916429467 0.055136670 -6.779098853 0.294118 0.415686 0.247059
v -0.954184240 0.118372518 -6.744649620 0.321569 0.411765 0.286275
v -1.049752745 0.265088762 -6.666037576 0.337255 0.419608 0.301961
v -1.076641608 0.331930756 -6.627278391 0.345098 0.462745 0.301961
v -1.057954273 0.282004396 -6.655440399 0.337255 0.450980 0.309804
v -1.067219307 0.305133651 -6.642140478 0.341176 0.447059 0.309804
v -1.096109196 0.451844737 -6.555811643 0.329412 0.439216 0.282353
v -1.010393497 0.198602773 -6.700224769 0.325490 0.427451 0.294118
v -0.908658540 0.032481336 -6.789819767 0.349020 0.419608 0.298039
v -1.095496424 0.431458044 -6.565666551 0.321569 0.423529 0.282353
v -1.093796230 0.404160331 -6.581729549 0.321569 0.423529 0.290196
v -0.986158766 0.161995372 -6.717172988 0.321569 0.447059 0.294118
v -1.045276676 0.251824798 -6.668768902 0.403922 0.403922 0.341176
v -0.996694808 0.176738920 -6.708749452 0.317647 0.431373 0.266667
v -1.053709242 0.270077619 -6.658239099 0.309804 0.419608 0.274510
v -1.096498326 0.469689247 -6.540771679 0.313725 0.439216 0.282353
v -1.095152976 0.416109937 -6.573289828 0.321569 0.419608 0.282353
v -1.061569710 0.286888037 -6.647748013 0.341176 0.454902 0.301961
v -1.020787994 0.210376231 -6.689154674 0.349020 0.384314 0.298039
v -1.097586678 0.456737866 -6.547406688 0.333333 0.447059 0.290196
v -1.083348423 0.350776088 -6.609837995 0.325490 0.435294 0.294118
v -1.016058589 0.203301791 -6.692017563 0.325490 0.419608 0.294118
v -0.923669975 0.058786599 -6.769129758 0.290196 0.411765 0.243137
v -0.935051655 0.077701076 -6.758640638 0.301961 0.419608 0.274510
v -1.092642244 0.393557342 -6.583908142 0.341176 0.450980 0.301961
v -1.081375384 0.342312803 -6.613386601 0.298039 0.396078 0.262745
v -1.096737262 0.439228025 -6.555790176 0.329412 0.443137 0.290196
v -1.071370692 0.311470392 -6.630186588 0.372549 0.486275 0.325490
v -1.035083475 0.229962244 -6.675186274 0.309804 0.407843 0.278431
v -0.909420429 0.021932092 -6.787731156 0.282353 0.317647 0.250980
v -1.096192729 0.474287684 -6.532665897 0.321569 0.435294 0.294118
v -1.010272511 0.192116476 -6.693372470 0.325490 0.439216 0.298039
v -0.911789241 0.028377552 -6.781986635 0.329412 0.435294 0.278431
v -1.085577548 0.355655923 -6.601448455 0.341176 0.415686 0.294118
v -0.910876565 0.014300617 -6.789738974 0.090196 0.113725 0.152941
v -1.047370632 0.250424266 -6.660340405 0.349020 0.415686 0.313725
v -1.025708256 0.212480716 -6.679327202 0.345098 0.372549 0.290196
v -1.051824676 0.259481860 -6.653388393 0.305882 0.415686 0.274510
v -1.094786587 0.479703167 -6.523742105 0.231373 0.329412 0.156863
v -1.067782193 0.296046707 -6.631568085 0.356863 0.470588 0.305882
v -0.956894918 0.107166541 -6.734089362 0.321569 0.431373 0.286275
v -1.088990504 0.366215866 -6.590888277 0.317647 0.419608 0.286275
v -1.097139218 0.418250708 -6.559914766 0.333333 0.443137 0.286275
v -1.074345578 0.315635339 -6.619704044 0.345098 0.454902 0.298039
v -1.031971406 0.220219798 -6.672991986 0.337255 0.396078 0.294118
v -0.982853732 0.148596066 -6.710913791 0.313725 0.427451 0.278431
v -0.915825734 0.031438510 -6.774710555 0.301961 0.419608 0.254902
v -1.098581838 0.440005588 -6.545883979 0.317647 0.431373 0.274510
v -1.042442448 0.237088062 -6.663144577 0.439216 0.403922 0.360784
v -0.938581903 0.073482246 -6.750923517 0.301961 0.419608 0.258824
v -1.096228733 0.408279317 -6.564271351 0.329412 0.439216 0.286275
v -1.070589938 0.303068069 -6.625248721 0.352941 0.462745 0.301961
v -0.975755640 0.136683264 -6.715806407 0.301961 0.411765 0.278431
v -0.931695073 0.061507613 -6.756578474 0.317647 0.435294 0.274510
v -0.971060797 0.129597872 -6.719381331 0.305882 0.411765 0.282353
v -1.018141991 0.198393298 -6.682181001 0.313725 0.423529 0.278431
v -0.927800482 0.053693218 -6.759479636 0.298039 0.411765 0.247059
v -1.093828106 0.388705152 -6.574014804 0.349020 0.458824 0.298039
v -1.093899746 0.493585027 -6.509872365 0.090196 0.105882 0.078431
v -0.998976492 0.170369621 -6.696162172 0.349020 0.458824 0.290196
v -1.100403515 0.463256456 -6.528951424 0.231373 0.333333 0.164706
v -0.951840739 0.093164616 -6.737558951 0.298039 0.415686 0.266667
v -0.923620026 0.044055982 -6.764200255 0.290196 0.411765 0.247059
v -1.081446665 0.333367413 -6.605481468 0.309804 0.415686 0.274510
v -1.009339423 0.185661881 -6.687190202 0.325490 0.439216 0.266667
v -0.993085584 0.161118356 -6.699796471 0.337255 0.447059 0.282353
v -0.910896836 0.006965109 -6.783743009 0.137255 0.176471 0.125490
v -1.098551884 0.423865213 -6.550790282 0.329412 0.443137 0.290196
v -1.100114976 0.471361270 -6.521551305 0.278431 0.392157 0.231373
v -1.088066526 0.355747783 -6.589419825 0.313725 0.419608 0.294118
v -0.913833415 0.016661776 -6.776147563 0.309804 0.415686 0.262745
v -1.091662838 0.372573218 -6.578912596 0.333333 0.447059 0.290196
v -0.963277845 0.111361134 -6.723575923 0.325490 0.427451 0.305882
v -1.051923320 0.253134456 -6.647099035 0.325490 0.439216 0.290196
v -1.095796974 0.395765638 -6.564847987 0.337255 0.450980 0.290196
v -1.022749546 0.201289824 -6.675070733 0.341176 0.447059 0.298039
v -1.045707859 0.238360643 -6.653447099 0.466667 0.396078 0.392157
v -1.029181555 0.209683284 -6.668784546 0.298039 0.349020 0.247059
v -1.102693131 0.477245586 -6.513557738 0.231373 0.345098 0.176471
v -1.042446502 0.230767895 -6.656826754 0.427451 0.388235 0.345098
v -1.062936769 0.274963674 -6.631588287 0.352941 0.470588 0.305882
v -1.036883708 0.220220287 -6.661055493 0.360784 0.372549 0.282353
v -1.068027582 0.288955050 -6.622512336 0.352941 0.470588 0.298039
v -0.918297021 0.023610329 -6.767093618 0.325490 0.450980 0.286275
v -1.104704320 0.464434039 -6.519350749 0.258824 0.360784 0.207843
v -0.942604030 0.068622206 -6.741740096 0.298039 0.419608 0.258824
v -1.013419606 0.185200259 -6.678522808 0.333333 0.443137 0.282353
v -0.954876041 0.089588455 -6.729901659 0.305882 0.423529 0.270588
v -1.102552233 0.444788022 -6.529167658 0.290196 0.396078 0.227451
v -0.975748725 0.126855255 -6.708081399 0.345098 0.411765 0.309804
v -1.108069144 0.480932801 -6.507055156 0.247059 0.333333 0.200000
v -1.099463095 0.415379973 -6.545936028 0.325490 0.439216 0.278431
v -1.108948188 0.490603997 -6.500901172 0.078431 0.101961 0.050980
v -0.999403055 0.163427931 -6.687657197 0.325490 0.439216 0.282353
v -1.081914230 0.328317782 -6.595787228 0.360784 0.439216 0.317647
v -0.926933441 0.038996740 -6.754516715 0.313725 0.435294 0.286275
v -1.089504309 0.354334055 -6.580301634 0.313725 0.427451 0.286275
v -0.969053669 0.114123402 -6.713091039 0.325490 0.427451 0.305882
v -0.994998684 0.156259900 -6.689911462 0.317647 0.435294 0.274510
v -1.026687214 0.201868969 -6.665365619 0.337255 0.427451 0.278431
v -1.022198983 0.194927219 -6.668795704 0.349020 0.458824 0.294118
v -1.005428853 0.171033221 -6.680754894 0.325490 0.439216 0.282353
v -1.076345537 0.310750872 -6.603524255 0.321569 0.443137 0.294118
v -1.109558196 0.467259351 -6.511610292 0.258824 0.364706 0.219608
v -1.084240160 0.334573743 -6.589531796 0.380392 0.447059 0.333333
v -0.933929693 0.049534866 -6.746084529 0.278431 0.396078 0.247059
v -0.983695017 0.136620960 -6.697614233 0.305882 0.415686 0.282353
v -1.051759993 0.243352484 -6.639328612 0.309804 0.415686 0.270588
v -0.991275696 0.147894940 -6.690551910 0.317647 0.435294 0.278431
v -1.097265811 0.390832257 -6.554334523 0.321569 0.439216 0.282353
v -1.115667001 0.482266009 -6.500111430 0.286275 0.384314 0.258824
v -1.103727958 0.436427751 -6.526292377 0.298039 0.396078 0.247059
v -1.015962428 0.183670480 -6.670223642 0.341176 0.454902 0.286275
v -1.102307479 0.426603496 -6.531202592 0.301961 0.407843 0.243137
v -1.065078739 0.272846604 -6.620364441 0.345098 0.458824 0.301961
v -1.060907850 0.260898479 -6.625994668 0.333333 0.447059 0.286275
v -1.069409764 0.284748332 -6.611974001 0.317647 0.427451 0.266667
v -1.109819729 0.456854468 -6.511482109 0.317647 0.415686 0.282353
v -0.973816123 0.115571326 -6.703918746 0.341176 0.435294 0.317647
v -1.100275261 0.406923251 -6.540351015 0.325490 0.443137 0.282353
v -1.074599300 0.301020416 -6.602020884 0.313725 0.431373 0.278431
v -1.057072762 0.250460797 -6.630112567 0.313725 0.427451 0.274510
v -0.940674658 0.053827348 -6.736174381 0.294118 0.419608 0.266667
v -1.094039108 0.369687396 -6.560736070 0.333333 0.443137 0.298039
v -0.951951713 0.072069663 -6.725656172 0.305882 0.427451 0.274510
v -0.916568621 -0.001774398 -6.766501257 0.352941 0.443137 0.298039
v -1.092288118 0.359958309 -6.565550319 0.337255 0.454902 0.305882
v -1.036380781 0.209631965 -6.650581295 0.333333 0.435294 0.294118
v -0.947756865 0.064841589 -6.728672983 0.305882 0.423529 0.282353
v -1.002659393 0.160489836 -6.676553375 0.329412 0.447059 0.290196
v -1.090225334 0.350115577 -6.570478158 0.337255 0.447059 0.309804
v -1.082476132 0.323443122 -6.585214550 0.376471 0.435294 0.337255
v -0.930134456 0.033468709 -6.744597999 0.313725 0.427451 0.286275
v -1.095976401 0.376054974 -6.554368085 0.341176 0.454902 0.298039
v -1.108531070 0.442778968 -6.515026889 0.298039 0.396078 0.250980
v -1.087569471 0.339539771 -6.575437332 0.317647 0.423529 0.278431
v -1.007804265 0.167444647 -6.671003120 0.325490 0.435294 0.282353
v -1.079982429 0.315629623 -6.588816808 0.384314 0.435294 0.333333
v -0.978882937 0.120442325 -6.696240117 0.333333 0.403922 0.298039
v -1.020857270 0.185080284 -6.660388789 0.368627 0.482353 0.305882
v -1.047679172 0.227165425 -6.637259991 0.517647 0.380392 0.407843
v -1.044474345 0.219556687 -6.640655770 0.474510 0.368627 0.364706
v -1.030621317 0.198438987 -6.651944930 0.329412 0.439216 0.286275
v -0.957830094 0.077813535 -6.717102236 0.309804 0.435294 0.274510
v -0.970731404 0.103012717 -6.703136690 0.294118 0.403922 0.258824
v -1.025802050 0.191390709 -6.655482436 0.341176 0.450980 0.290196
v -1.126948086 0.479444452 -6.489594102 0.337255 0.392157 0.294118
v -1.103659331 0.411873512 -6.526272451 0.321569 0.423529 0.278431
v -1.066287031 0.267988957 -6.609776616 0.321569 0.443137 0.290196
v -1.072807045 0.289696077 -6.597196981 0.325490 0.443137 0.286275
v -1.106654178 0.425862999 -6.517199412 0.313725 0.423529 0.266667
v -1.070324006 0.279974641 -6.602002506 0.321569 0.439216 0.282353
v -1.116141395 0.454747412 -6.500249173 0.368627 0.454902 0.349020
v -1.102271102 0.401337971 -6.531192030 0.305882 0.415686 0.270588
v -1.113197226 0.446861486 -6.504626466 0.333333 0.431373 0.298039
v -0.961828193 0.082385145 -6.709724498 0.298039 0.415686 0.258824
v -0.921340216 0.003883894 -6.751715618 0.341176 0.466667 0.309804
v -1.100907367 0.391496377 -6.535416721 0.305882 0.419608 0.270588
v -0.943838047 0.049012151 -6.726244740 0.321569 0.427451 0.290196
v -0.928745693 0.022932322 -6.740389424 0.317647 0.443137 0.278431
v -1.093106615 0.355009765 -6.555755145 0.349020 0.458824 0.305882
v -1.087544964 0.333228827 -6.568409216 0.329412 0.439216 0.298039
v -1.109401290 0.431497531 -6.510862733 0.317647 0.427451 0.262745
v -0.919026880 -0.005683271 -6.755664587 0.368627 0.474510 0.329412
v -1.077983876 0.304364685 -6.584635006 0.368627 0.415686 0.317647
v -1.090656631 0.345076389 -6.560773388 0.349020 0.454902 0.305882
v -1.084794323 0.323382311 -6.573339871 0.329412 0.431373 0.294118
v -0.916665746 -0.014237230 -6.760006628 0.145098 0.125490 0.094118
v -1.097241737 0.371180189 -6.545200533 0.325490 0.439216 0.278431
v -1.082476046 0.315720147 -6.576789525 0.313725 0.411765 0.278431
v -1.058709859 0.244074967 -6.617541958 0.337255 0.454902 0.282353
v -0.982162418 0.115593989 -6.686342894 0.325490 0.431373 0.298039
v -1.052971095 0.230068027 -6.623825603 0.325490 0.423529 0.286275
v -1.005815499 0.154273024 -6.663812329 0.321569 0.435294 0.282353
v -0.934048363 0.029841696 -6.731374986 0.305882 0.431373 0.274510
v -1.017532605 0.172388631 -6.653420893 0.337255 0.447059 0.282353
v -1.122578265 0.460330472 -6.489050398 0.352941 0.443137 0.341176
v -1.027823727 0.186499989 -6.644925952 0.345098 0.458824 0.290196
v -1.069373179 0.272822866 -6.595815378 0.262745 0.364706 0.219608
v -1.127313347 0.466499144 -6.483584987 0.352941 0.439216 0.337255
v -0.965271640 0.080500442 -6.700374344 0.309804 0.431373 0.266667
v -1.107149121 0.411879619 -6.514330292 0.321569 0.431373 0.278431
v -1.066554570 0.262996921 -6.600024298 0.305882 0.419608 0.270588
v -1.072985288 0.284729753 -6.587418736 0.305882 0.411765 0.274510
v -0.972998122 0.094541728 -6.691950065 0.298039 0.415686 0.262745
v -0.998499672 0.139411495 -6.667441845 0.301961 0.411765 0.278431
v -1.100997244 0.380237497 -6.531931817 0.321569 0.435294 0.278431
v -0.969288404 0.086875947 -6.695402366 0.309804 0.431373 0.274510
v -0.940792370 0.037644454 -6.722166559 0.298039 0.423529 0.274510
v -0.956779905 0.063668658 -6.708077967 0.298039 0.411765 0.274510
v -0.926333170 0.011584160 -6.736291543 0.341176 0.466667 0.298039
v -1.062871230 0.251110545 -6.605592258 0.337255 0.454902 0.286275
v -1.024083644 0.178140951 -6.644859437 0.349020 0.462745 0.290196
v -0.978302081 0.102854443 -6.685042292 0.290196 0.403922 0.254902
v -0.988388276 0.119833808 -6.675784850 0.317647 0.423529 0.294118
v -0.921899968 -0.000989147 -6.741142316 0.329412 0.450980 0.309804
v -0.945667474 0.043974653 -6.715836266 0.301961 0.411765 0.282353
v -1.094044554 0.350026828 -6.545993651 0.333333 0.450980 0.278431
v -1.088824586 0.328349641 -6.558543102 0.349020 0.458824 0.301961
v -1.009997519 0.155685657 -6.654676624 0.325490 0.443137 0.290196
v -1.138036495 0.476879508 -6.473198999 0.188235 0.203922 0.184314
v -1.132308540 0.469486187 -6.476383442 0.325490 0.411765 0.294118
v -1.052482453 0.222985593 -6.617568553 0.329412 0.415686 0.294118
v -1.106303029 0.399986109 -6.515693454 0.309804 0.415686 0.270588
v -1.092161264 0.340335835 -6.550067487 0.329412 0.435294 0.282353
v -1.005403460 0.147870533 -6.657577521 0.325490 0.435294 0.294118
v -1.116310884 0.437847609 -6.493277386 0.329412 0.439216 0.286275
v -1.060446839 0.241873088 -6.606405641 0.333333 0.450980 0.286275
v -1.047303384 0.211125629 -6.623108879 0.470588 0.396078 0.368627
v -1.082402977 0.305911186 -6.569045309 0.325490 0.427451 0.290196
v -0.984796465 0.110730077 -6.676463386 0.301961 0.419608 0.278431
v -1.111248279 0.418231399 -6.501660237 0.317647 0.431373 0.270588
v -0.975335212 0.093071187 -6.683591163 0.305882 0.423529 0.274510
v -1.032305902 0.186422483 -6.633069109 0.317647 0.435294 0.278431
v -1.124944824 0.455340735 -6.479295762 0.325490 0.427451 0.298039
v -0.941151490 0.033329048 -6.714547832 0.305882 0.415686 0.274510
v -1.079256279 0.294573577 -6.570554796 0.329412 0.431373 0.301961
v -0.915820864 -0.021218088 -6.743816141 0.125490 0.145098 0.105882
v -0.936023145 0.023762613 -6.718495056 0.317647 0.439216 0.298039
v -0.989962526 0.115571786 -6.668111283 0.317647 0.435294 0.282353
v -1.066496497 0.255992643 -6.590880436 0.325490 0.443137 0.294118
v -1.012347955 0.154211562 -6.646322308 0.309804 0.419608 0.270588
v -0.958440179 0.058680866 -6.698323378 0.313725 0.423529 0.298039
v -1.063700632 0.246158861 -6.595799250 0.329412 0.450980 0.286275
v -0.925338717 0.004647369 -6.727079627 0.341176 0.462745 0.325490
v -1.022193690 0.168248743 -6.637901167 0.321569 0.435294 0.270588
v -0.966695269 0.073474078 -6.689145753 0.317647 0.431373 0.298039
v -1.100013136 0.362765728 -6.527636905 0.305882 0.419608 0.278431
v -1.133182189 0.465224763 -6.468710281 0.345098 0.423529 0.301961
v -1.050567338 0.212398342 -6.613411268 0.549020 0.419608 0.443137
v -0.921045902 -0.005860361 -6.731269162 0.337255 0.462745 0.325490
v -1.110033632 0.405539876 -6.501715217 0.329412 0.431373 0.298039
v -1.058442950 0.228705821 -6.603422459 0.341176 0.458824 0.290196
v -0.946572414 0.039002507 -6.706065900 0.298039 0.407843 0.270588
v -1.046458878 0.202741663 -6.617450501 0.345098 0.400000 0.290196
v -1.113525781 0.419587016 -6.492582034 0.329412 0.431373 0.294118
v -1.095333055 0.345145085 -6.535429116 0.321569 0.439216 0.274510
v -1.054115216 0.218706723 -6.607805976 0.349020 0.431373 0.305882
v -1.087498569 0.313583187 -6.552949745 0.356863 0.462745 0.313725
v -1.041417999 0.194149774 -6.620425782 0.329412 0.435294 0.294118
v -0.978485441 0.092472780 -6.675061701 0.309804 0.427451 0.274510
v -0.962512623 0.062933338 -6.690558567 0.309804 0.419608 0.286275
v -1.083884031 0.300975287 -6.558535392 0.309804 0.415686 0.274510
v -1.139214039 0.471722042 -6.460110396 0.113725 0.129412 0.113725
v -0.982855000 0.098746701 -6.669490159 0.305882 0.427451 0.274510
v -0.996772145 0.121951651 -6.656815907 0.317647 0.427451 0.282353
v -1.062109057 0.235681871 -6.594340786 0.313725 0.435294 0.266667
v -0.913480486 -0.024160735 -6.735526918 0.094118 0.121569 0.082353
v -1.035519164 0.183699926 -6.622450949 0.317647 0.435294 0.274510
v -0.992350672 0.114086833 -6.659767915 0.309804 0.427451 0.274510
v -1.105647631 0.378908690 -6.510791985 0.349020 0.439216 0.305882
v -1.116231959 0.424530335 -6.484127469 0.317647 0.427451 0.286275
v -1.126503044 0.450583463 -6.469307711 0.317647 0.435294 0.286275
v -0.972112656 0.078946133 -6.678057915 0.305882 0.423529 0.266667
v -1.081109499 0.289731362 -6.560651400 0.313725 0.419608 0.286275
v -1.026419188 0.168947144 -6.628075796 0.309804 0.423529 0.278431
v -1.009410830 0.143515320 -6.641573936 0.329412 0.392157 0.286275
v -1.120518984 0.435743020 -6.475723963 0.317647 0.431373 0.274510
v -1.070942268 0.263648618 -6.574800022 0.352941 0.368627 0.301961
v -0.924251841 0.000546191 -6.718542876 0.333333 0.466667 0.329412
v -1.005160917 0.134600371 -6.645572098 0.329412 0.396078 0.278431
v -1.049584516 0.203352202 -6.608415730 0.560784 0.435294 0.443137
v -1.067252011 0.251062234 -6.581066974 0.325490 0.419608 0.286275
v -1.013946848 0.149240444 -6.636548896 0.333333 0.431373 0.298039
v -0.959497706 0.053865918 -6.688392487 0.325490 0.419608 0.301961
v -0.929034548 0.008807149 -6.712389294 0.317647 0.443137 0.282353
v -1.103230274 0.364753920 -6.514415701 0.325490 0.419608 0.298039
v -1.064803261 0.241330926 -6.585179454 0.301961 0.415686 0.262745
v -1.022209490 0.160521194 -6.628778754 0.313725 0.427451 0.282353
v -1.100967421 0.355672085 -6.518583158 0.313725 0.427451 0.290196
v -1.031809313 0.173927471 -6.620285921 0.305882 0.423529 0.266667
v -1.046559991 0.194988548 -6.609054860 0.309804 0.396078 0.262745
v -1.059379983 0.223021145 -6.592959703 0.294118 0.415686 0.258824
v -1.096657819 0.340253900 -6.524874109 0.333333 0.450980 0.290196
v -0.983875350 0.094442035 -6.661859594 0.305882 0.423529 0.274510
v -1.133624659 0.459480358 -6.456200755 0.290196 0.364706 0.254902
v -1.093848644 0.329722239 -6.530490768 0.337255 0.458824 0.294118
v -1.062177229 0.230045242 -6.587338580 0.309804 0.427451 0.278431
v -0.995360391 0.112826884 -6.651196655 0.298039 0.403922 0.266667
v -1.085463289 0.298817823 -6.547352279 0.309804 0.415686 0.266667
v -1.139295450 0.464986272 -6.452093884 0.105882 0.113725 0.086275
v -1.018037442 0.151382402 -6.628790645 0.333333 0.427451 0.298039
v -1.089667241 0.312862141 -6.538222942 0.321569 0.435294 0.282353
v -1.107890901 0.381678165 -6.497491842 0.345098 0.458824 0.305882
v -1.129154313 0.451128458 -6.457530033 0.325490 0.435294 0.294118
v -0.919021623 -0.007991180 -6.712336181 0.321569 0.450980 0.301961
v -1.106044332 0.371773464 -6.501780170 0.325490 0.431373 0.298039
v -1.124774322 0.442049829 -6.460991256 0.317647 0.435294 0.282353
v -1.037066124 0.178041762 -6.611960458 0.309804 0.423529 0.270588
v -1.077262370 0.270871436 -6.559851512 0.301961 0.407843 0.266667
v -0.910113655 -0.027010248 -6.722228778 0.121569 0.129412 0.101961
v -1.072854946 0.258789284 -6.565615890 0.313725 0.415686 0.274510
v -0.941346231 0.023645109 -6.694039546 0.301961 0.435294 0.274510
v -1.027880571 0.164016622 -6.618262457 0.321569 0.431373 0.294118
v -1.023172531 0.156234029 -6.621131549 0.329412 0.419608 0.290196
v -0.935443641 0.014600342 -6.697466623 0.298039 0.431373 0.270588
v -0.978405557 0.079857782 -6.661698507 0.309804 0.423529 0.274510
v -1.068682371 0.246139644 -6.570542627 0.349020 0.396078 0.305882
v -0.927379773 0.003762223 -6.701988310 0.305882 0.435294 0.270588
v -0.947825383 0.032024995 -6.687065047 0.305882 0.423529 0.270588
v -0.959989484 0.048809315 -6.678003278 0.298039 0.411765 0.278431
v -1.065435013 0.236235018 -6.575533887 0.372549 0.400000 0.313725
v -1.056595807 0.209673997 -6.590157910 0.321569 0.427451 0.294118
v -0.982215177 0.086090797 -6.656870213 0.305882 0.423529 0.270588
v -1.104669462 0.360032210 -6.503690798 0.333333 0.431373 0.305882
v -1.080050726 0.276291958 -6.551624638 0.317647 0.439216 0.270588
v -1.102223927 0.350097554 -6.508711332 0.313725 0.415686 0.274510
v -0.993563699 0.104312822 -6.645670465 0.294118 0.396078 0.247059
v -1.109277144 0.385896278 -6.486252687 0.321569 0.443137 0.278431
v -1.114478591 0.411790798 -6.470889858 0.305882 0.423529 0.274510
v -1.015581631 0.140249127 -6.625178075 0.333333 0.407843 0.290196
v -0.988353950 0.094567692 -6.649796883 0.298039 0.411765 0.250980
v -1.119639896 0.425965011 -6.461629544 0.317647 0.435294 0.282353
v -1.095270969 0.325503962 -6.519965088 0.313725 0.423529 0.270588
v -1.088186895 0.300949124 -6.533987775 0.305882 0.419608 0.270588
v -1.009436157 0.128965161 -6.629441460 0.321569 0.435294 0.286275
v -1.020073133 0.146487935 -6.619642940 0.325490 0.368627 0.270588
v -1.133700898 0.456149540 -6.442679062 0.266667 0.325490 0.250980
v -1.121972156 0.432920862 -6.455377240 0.317647 0.431373 0.282353
v -1.108028292 0.376723604 -6.486999735 0.317647 0.435294 0.290196
v -1.063959284 0.226425384 -6.573406351 0.364706 0.380392 0.309804
v -1.037302213 0.171654782 -6.603604008 0.286275 0.400000 0.262745
v -1.124495156 0.439322213 -6.449677198 0.341176 0.450980 0.309804
v -1.078979460 0.266568284 -6.549411420 0.325490 0.443137 0.282353
v -1.003111070 0.115626914 -6.632248692 0.321569 0.439216 0.290196
v -1.074910876 0.253888701 -6.555070352 0.317647 0.431373 0.290196
v -1.054768485 0.199061754 -6.586026826 0.447059 0.376471 0.356863
v -1.128311732 0.446956937 -6.442745215 0.341176 0.439216 0.305882
v -1.071744581 0.244162869 -6.559880319 0.305882 0.419608 0.278431
v -1.111854493 0.399302979 -6.469335425 0.341176 0.458824 0.313725
v -1.110258510 0.391432125 -6.473695512 0.337255 0.450980 0.305882
v -1.106490256 0.365528199 -6.489067816 0.341176 0.447059 0.321569
v -1.105411089 0.357913800 -6.493170304 0.329412 0.431373 0.301961
v -1.067519032 0.231528482 -6.565493675 0.309804 0.407843 0.270588
v -1.082627142 0.276358640 -6.538919397 0.360784 0.470588 0.305882
v -0.970006396 0.056180476 -6.660098179 0.329412 0.415686 0.301961
v -1.024325469 0.147880320 -6.609824652 0.337255 0.419608 0.290196
v -0.934182733 0.008942140 -6.684168171 0.290196 0.415686 0.286275
v -1.050868759 0.187939972 -6.588019667 0.341176 0.360784 0.282353
v -0.994108593 0.097337059 -6.636496848 0.301961 0.423529 0.266667
v -1.101872387 0.340167643 -6.500387090 0.376471 0.435294 0.329412
v -0.960766486 0.043170719 -6.665388055 0.294118 0.415686 0.262745
v -1.093099828 0.309374719 -6.517839174 0.309804 0.419608 0.262745
v -1.014668609 0.130980754 -6.616895634 0.321569 0.435294 0.282353
v -1.108315732 0.376140973 -6.477752365 0.356863 0.466667 0.333333
v -0.955531635 0.035539817 -6.668103184 0.294118 0.419608 0.270588
v -0.999390744 0.105656341 -6.630284453 0.305882 0.419608 0.258824
v -1.096717570 0.320577696 -6.510147458 0.313725 0.427451 0.274510
v -1.089249672 0.296632241 -6.523561528 0.321569 0.435294 0.266667
v -1.040785478 0.170460903 -6.594967125 0.301961 0.400000 0.266667
v -1.006710177 0.117006545 -6.623146275 0.294118 0.411765 0.250980
v -0.977975160 0.069747442 -6.648641198 0.329412 0.415686 0.301961
v -1.130256789 0.451215567 -6.432166193 0.349020 0.419608 0.337255
v -1.123402230 0.439232642 -6.436427521 0.341176 0.450980 0.309804
v -1.108964096 0.381071417 -6.470013791 0.325490 0.439216 0.290196
v -1.019933299 0.135996199 -6.608368338 0.301961 0.419608 0.266667
v -0.909339908 -0.019968589 -6.690612946 0.286275 0.419608 0.262745
v -0.938215203 0.011599700 -6.674490873 0.286275 0.419608 0.274510
v -1.059467887 0.201229834 -6.572624226 0.349020 0.411765 0.301961
v -1.011269928 0.121820413 -6.614822246 0.321569 0.431373 0.282353
v -1.110188412 0.392155309 -6.461037158 0.329412 0.450980 0.294118
v -1.056511146 0.193549375 -6.576091329 0.525490 0.400000 0.403922
v -0.967612535 0.048838095 -6.654103257 0.298039 0.419608 0.278431
v -1.116420353 0.418860089 -6.444864171 0.321569 0.439216 0.286275
v -1.073461552 0.239157752 -6.549440192 0.313725 0.431373 0.274510
v -1.114627328 0.411248105 -6.448964215 0.341176 0.462745 0.301961
v -1.105003245 0.355520967 -6.481523544 0.325490 0.439216 0.290196
v -0.914804440 -0.015712687 -6.684952676 0.298039 0.435294 0.282353
v -1.067829526 0.221609078 -6.557158829 0.317647 0.439216 0.278431
v -1.025834272 0.142935431 -6.600024792 0.313725 0.419608 0.270588
v -1.040571438 0.164703399 -6.588087808 0.325490 0.376471 0.278431
v -0.994168431 0.090297829 -6.628089223 0.290196 0.407843 0.258824
v -1.035549373 0.157011227 -6.591566721 0.321569 0.411765 0.278431
v -1.052529322 0.182952098 -6.577562162 0.415686 0.376471 0.341176
v -1.070988725 0.229934242 -6.550941511 0.321569 0.435294 0.282353
v -1.127549537 0.449580135 -6.423272567 0.105882 0.125490 0.105882
v -1.094455546 0.304473621 -6.507995155 0.317647 0.427451 0.270588
v -1.063030062 0.206129811 -6.564213375 0.301961 0.415686 0.262745
v -0.904000004 -0.025867510 -6.687387232 0.309804 0.427451 0.274510
v -0.956199578 0.031336624 -6.658263296 0.278431 0.407843 0.258824
v -1.015905089 0.126113990 -6.607016993 0.321569 0.439216 0.282353
v -0.972855151 0.055062761 -6.645070382 0.309804 0.423529 0.290196
v -1.103269739 0.338966691 -6.485437330 0.321569 0.435294 0.290196
v -1.008068835 0.111402600 -6.612602109 0.305882 0.427451 0.274510
v -0.920912643 -0.012140990 -6.677869470 0.282353 0.419608 0.254902
v -0.977860693 0.061557536 -6.639277132 0.317647 0.411765 0.294118
v -1.092364896 0.295342201 -6.509404612 0.325490 0.435294 0.270588
v -1.099874515 0.319274643 -6.495300656 0.368627 0.439216 0.321569
v -1.066207449 0.211140871 -6.556393509 0.309804 0.431373 0.262745
v -0.984731212 0.071430866 -6.632212439 0.333333 0.400000 0.298039
v -1.118187905 0.431595830 -6.427212610 0.317647 0.443137 0.278431
v -0.940752086 0.010274053 -6.663879862 0.290196 0.423529 0.262745
v -1.088016609 0.279934156 -6.515684331 0.317647 0.431373 0.274510
v -1.020896444 0.131007004 -6.598614164 0.317647 0.439216 0.274510
v -1.110235474 0.394949758 -6.447710823 0.333333 0.454902 0.282353
v -1.004650759 0.102949844 -6.613330091 0.298039 0.415686 0.266667
v -1.106488110 0.364124816 -6.465195193 0.333333 0.454902 0.298039
v -1.084767774 0.270029956 -6.519973162 0.317647 0.423529 0.266667
v -0.907898243 -0.024872743 -6.679369010 0.266667 0.403922 0.239216
v -0.932612120 -0.000339308 -6.666771914 0.294118 0.431373 0.270588
v -0.966527806 0.041225298 -6.644864129 0.298039 0.423529 0.266667
v -0.959242090 0.031269098 -6.648502388 0.278431 0.407843 0.247059
v -1.077554416 0.242703344 -6.532554310 0.305882 0.423529 0.266667
v -1.001181101 0.094513228 -6.614044804 0.298039 0.415686 0.282353
v -1.060076571 0.190725704 -6.562065131 0.352941 0.400000 0.290196
v -1.031923888 0.145108480 -6.586618189 0.309804 0.427451 0.274510
v -0.915101831 -0.020510184 -6.674303195 0.282353 0.403922 0.247059
v -1.074718660 0.232881048 -6.537461541 0.321569 0.439216 0.282353
v -0.898323000 -0.035478098 -6.680144980 0.356863 0.423529 0.317647
v -1.106993489 0.375915297 -6.452703933 0.345098 0.470588 0.294118
v -0.925174102 -0.011453231 -6.668054831 0.290196 0.415686 0.254902
v -1.104434576 0.345152709 -6.470827427 0.333333 0.454902 0.301961
v -1.037094473 0.151353599 -6.581076690 0.301961 0.411765 0.262745
v -1.017325025 0.121194401 -6.597192620 0.321569 0.439216 0.270588
v -1.091836090 0.286866332 -6.503837900 0.309804 0.427451 0.274510
v -1.067966087 0.210336757 -6.547368480 0.317647 0.435294 0.270588
v -1.112661838 0.423143646 -6.421622013 0.313725 0.439216 0.270588
v -1.007575927 0.102916394 -6.604938821 0.298039 0.419608 0.270588
v -1.109785296 0.399292382 -6.435645111 0.329412 0.447059 0.290196
v -0.993424809 0.078374814 -6.617545137 0.317647 0.392157 0.286275
v -0.904456795 -0.030914039 -6.673477865 0.317647 0.400000 0.231373
v -1.110692529 0.411168287 -6.427278702 0.301961 0.423529 0.262745
v -0.910808007 -0.027008046 -6.670972558 0.290196 0.407843 0.250980
v -1.108040951 0.383943093 -6.442567580 0.352941 0.474510 0.305882
v -1.089037089 0.275630453 -6.505946804 0.286275 0.400000 0.247059
v -1.021453581 0.124027716 -6.589445102 0.313725 0.431373 0.266667
v -0.933774756 -0.004482521 -6.656871542 0.298039 0.419608 0.258824
v -1.105912431 0.356567578 -6.455901041 0.329412 0.443137 0.294118
v -0.951254049 0.015899414 -6.645617431 0.270588 0.400000 0.247059
v -1.080687924 0.248226617 -6.518606823 0.301961 0.419608 0.266667
v -1.083496643 0.257353410 -6.512990031 0.329412 0.447059 0.290196
v -1.025982373 0.130255787 -6.583919794 0.301961 0.419608 0.262745
v -0.978567534 0.053131142 -6.625235538 0.294118 0.415686 0.270588
v -1.104996011 0.345895184 -6.460254613 0.349020 0.466667 0.321569
v -1.105921048 0.368298962 -6.446277373 0.325490 0.447059 0.278431
v -1.061318100 0.185155486 -6.552187957 0.372549 0.411765 0.309804
v -1.043856476 0.154938175 -6.568363488 0.301961 0.415686 0.262745
v -1.099003452 0.304579322 -6.483315568 0.352941 0.431373 0.309804
v -1.101747080 0.326160724 -6.470160706 0.317647 0.439216 0.294118
v -0.925691208 -0.015815127 -6.658374975 0.282353 0.411765 0.247059
v -1.073407121 0.220216424 -6.531169387 0.325490 0.439216 0.282353
v -1.055856732 0.173174673 -6.557850145 0.552941 0.372549 0.396078
v -1.107751945 0.403281041 -6.423232326 0.313725 0.435294 0.266667
v -1.009630503 0.100825201 -6.596498889 0.286275 0.411765 0.262745
v -1.038328583 0.146487805 -6.571899071 0.290196 0.400000 0.239216
v -1.064341764 0.192114675 -6.546633286 0.305882 0.419608 0.258824
v -0.943483337 0.004679152 -6.647007578 0.274510 0.400000 0.254902
v -0.958388086 0.022887866 -6.637224252 0.282353 0.415686 0.262745
v -0.973756945 0.043973366 -6.625968564 0.301961 0.427451 0.282353
v -1.107189576 0.388698970 -6.430792038 0.321569 0.435294 0.274510
v -1.018071314 0.114160649 -6.588078480 0.309804 0.427451 0.270588
v -1.005854783 0.093178713 -6.599230736 0.305882 0.415686 0.282353
v -1.069336080 0.205431549 -6.537529606 0.317647 0.431373 0.270588
v -1.093029001 0.282013113 -6.493244609 0.301961 0.411765 0.266667
v -0.911032088 -0.032987299 -6.664310961 0.274510 0.407843 0.250980
v -1.106403800 0.378191093 -6.435682713 0.349020 0.458824 0.301961
v -0.965406628 0.031313574 -6.630904539 0.286275 0.411765 0.270588
v -1.087486095 0.264438778 -6.501692123 0.317647 0.435294 0.282353
v -1.109126143 0.434289448 -6.399940062 0.270588 0.345098 0.243137
v -1.105251157 0.358459717 -6.445584697 0.345098 0.450980 0.309804
v -1.014379300 0.105788058 -6.588727631 0.290196 0.407843 0.258824
v -1.104816188 0.347149828 -6.451279231 0.333333 0.443137 0.294118
v -1.001109113 0.082597956 -6.600683902 0.360784 0.392157 0.317647
v -1.090262100 0.270766991 -6.495363833 0.294118 0.407843 0.258824
v -1.104494202 0.420261541 -6.405548740 0.286275 0.415686 0.243137
v -1.085495563 0.255278530 -6.502427650 0.329412 0.443137 0.286275
v -1.059720433 0.176584116 -6.547420554 0.505882 0.400000 0.403922
v -1.105120948 0.405038344 -6.413046059 0.325490 0.450980 0.278431
v -0.969770381 0.034781166 -6.623225311 0.290196 0.407843 0.262745
v -1.027650254 0.124764939 -6.574665583 0.305882 0.427451 0.243137
v -1.100043608 0.310098954 -6.469371753 0.341176 0.443137 0.301961
v -0.997151014 0.074099560 -6.601459914 0.329412 0.415686 0.309804
v -1.100632249 0.317652460 -6.464627668 0.337255 0.439216 0.298039
v -1.074381248 0.216628068 -6.522823401 0.325490 0.431373 0.278431
v -1.105229690 0.394975898 -6.417494463 0.337255 0.458824 0.282353
v -0.992728510 0.066437172 -6.604908793 0.294118 0.400000 0.278431
v -1.081642109 0.240632137 -6.508647216 0.329412 0.447059 0.282353
v -1.079102314 0.232831910 -6.512937091 0.321569 0.435294 0.270588
v -0.919095242 -0.029777377 -6.654784557 0.298039 0.427451 0.250980
v -1.019271406 0.110006650 -6.580294984 0.294118 0.415686 0.250980
v -1.045258865 0.150024926 -6.558532730 0.305882 0.415686 0.266667
v -0.988245647 0.058791877 -6.607639436 0.301961 0.407843 0.274510
v -1.071232280 0.204088247 -6.528341399 0.317647 0.423529 0.278431
v -0.928066632 -0.020604283 -6.648420084 0.282353 0.411765 0.247059
v -1.100505436 0.424505572 -6.396395338 0.125490 0.172549 0.105882
v -1.007031420 0.088829046 -6.589538550 0.317647 0.380392 0.274510
v -1.102067063 0.410725856 -6.403846956 0.313725 0.443137 0.274510
v -1.053081980 0.160527099 -6.550838799 0.309804 0.403922 0.250980
v -1.093802280 0.277077589 -6.483436306 0.337255 0.423529 0.294118
v -1.003306266 0.081167709 -6.592284369 0.317647 0.372549 0.278431
v -0.946576147 0.001087432 -6.634451984 0.282353 0.400000 0.247059
v -0.912899747 -0.039439517 -6.655318297 0.298039 0.407843 0.254902
v -0.965102788 0.024380062 -6.621689317 0.313725 0.423529 0.282353
v -1.104439379 0.367619326 -6.427999822 0.337255 0.454902 0.298039
v -1.065323540 0.185013116 -6.534076520 0.282353 0.384314 0.235294
v -1.024356533 0.114872376 -6.571919672 0.294118 0.411765 0.243137
v -1.104249303 0.382418057 -6.417413632 0.325490 0.447059 0.286275
v -1.032820305 0.128201500 -6.564207639 0.321569 0.439216 0.262745
v -1.102866127 0.401368773 -6.405483969 0.333333 0.462745 0.282353
v -1.102094901 0.323454706 -6.452504869 0.321569 0.435294 0.294118
v -0.955126268 0.010178404 -6.626764314 0.290196 0.411765 0.258824
v -1.104587625 0.343204775 -6.440477036 0.341176 0.450980 0.309804
v -1.042368956 0.142122089 -6.555203068 0.290196 0.403922 0.250980
v -0.996858724 0.067864722 -6.595056046 0.301961 0.415686 0.270588
v -1.011308963 0.093023173 -6.581132580 0.313725 0.403922 0.270588
v -0.992261665 0.060752461 -6.597956072 0.301961 0.419608 0.274510
v -1.073140527 0.202741188 -6.519858980 0.313725 0.423529 0.270588
v -1.061935505 0.173945844 -6.536015394 0.388235 0.392157 0.321569
v -1.029128791 0.119828477 -6.564857225 0.313725 0.439216 0.266667
v -1.091895955 0.266488094 -6.482090282 0.301961 0.396078 0.262745
v -0.983675630 0.047458542 -6.602824604 0.294118 0.419608 0.278431
v -0.932906133 -0.021987544 -6.639271162 0.282353 0.419608 0.247059
v -1.075818904 0.211703377 -6.513003173 0.301961 0.415686 0.258824
v -1.095124977 0.278504999 -6.474284699 0.376471 0.435294 0.337255
v -1.104260373 0.357840870 -6.426543846 0.352941 0.470588 0.313725
v -0.922735762 -0.034729671 -6.644992164 0.286275 0.419608 0.231373
v -1.081482895 0.230646847 -6.501080817 0.317647 0.431373 0.270588
v -1.088295404 0.252471879 -6.488383281 0.309804 0.431373 0.258824
v -1.103842829 0.372502675 -6.416797730 0.333333 0.458824 0.282353
v -1.016224318 0.098640071 -6.573408684 0.290196 0.403922 0.258824
v -1.097436991 0.417558276 -6.387895006 0.156863 0.180392 0.145098
v -1.001727807 0.072792943 -6.587318713 0.286275 0.392157 0.266667
v -1.085373718 0.241973614 -6.493264271 0.313725 0.435294 0.266667
v -1.046718594 0.144391880 -6.548017912 0.301961 0.419608 0.243137
v -0.907621462 -0.051877603 -6.651611595 0.090196 0.109804 0.086275
v -1.008613667 0.083362856 -6.579557475 0.337255 0.407843 0.294118
v -1.101028318 0.397780550 -6.397838840 0.321569 0.443137 0.270588
v -1.103905911 0.347209511 -6.428751046 0.325490 0.439216 0.278431
v -1.032960076 0.122544254 -6.557227222 0.313725 0.435294 0.262745
v -1.090450035 0.256670877 -6.480673401 0.305882 0.411765 0.266667
v -1.102999536 0.334630359 -6.434308705 0.356863 0.470588 0.309804
v -1.101829694 0.324030936 -6.439993694 0.333333 0.450980 0.294118
v -0.974658941 0.030575779 -6.604260634 0.294118 0.423529 0.270588
v -0.938771809 -0.020654436 -6.630917657 0.290196 0.423529 0.250980
v -1.100388816 0.308797689 -6.446800156 0.341176 0.454902 0.309804
v -0.997496798 0.062266129 -6.585207484 0.282353 0.403922 0.254902
v -1.098945912 0.298776756 -6.451907690 0.325490 0.447059 0.286275
v -1.074252767 0.198410063 -6.510148096 0.321569 0.435294 0.278431
v -1.099070037 0.402450881 -6.388255561 0.317647 0.447059 0.262745
v -1.103225002 0.366160438 -6.410502170 0.356863 0.474510 0.298039
v -1.029297664 0.112758851 -6.555779259 0.301961 0.423529 0.254902
v -1.096736289 0.284062306 -6.458898893 0.325490 0.439216 0.286275
v -1.092930907 0.262382358 -6.471451127 0.376471 0.400000 0.305882
v -1.077489485 0.206914040 -6.503047456 0.313725 0.423529 0.262745
v -0.922714719 -0.048265747 -6.640274883 0.282353 0.392157 0.223529
v -1.103502710 0.350835609 -6.417400974 0.333333 0.454902 0.290196
v -1.089415121 0.247638736 -6.478470738 0.317647 0.431373 0.274510
v -1.082370071 0.223072661 -6.492505755 0.333333 0.447059 0.278431
v -1.035916452 0.121299665 -6.548641474 0.309804 0.435294 0.250980
v -1.100548670 0.394408660 -6.389274571 0.317647 0.435294 0.258824
v -1.079739764 0.213191496 -6.496770349 0.333333 0.454902 0.274510
v -0.918089735 -0.058773429 -6.643756481 0.133333 0.145098 0.117647
v -0.967303134 0.013822184 -6.604865420 0.301961 0.427451 0.254902
v -0.945421695 -0.019345711 -6.621184732 0.282353 0.419608 0.239216
v -0.931296878 -0.040182730 -6.632190856 0.278431 0.407843 0.235294
v -1.103113063 0.369000670 -6.402044668 0.270588 0.286275 0.239216
v -1.094153959 0.267146326 -6.463177418 0.341176 0.431373 0.301961
v -1.099686176 0.307893739 -6.437876800 0.337255 0.458824 0.294118
v -1.101988320 0.329804395 -6.424389922 0.349020 0.466667 0.298039
v -1.067814366 0.175977443 -6.513623427 0.305882 0.419608 0.258824
v -0.950862213 -0.014177760 -6.616014659 0.282353 0.411765 0.250980
v -1.099192873 0.299609780 -6.441243567 0.329412 0.450980 0.290196
v -0.975344320 0.023559565 -6.595128808 0.294118 0.419608 0.258824
v -0.963471162 0.004584470 -6.604976054 0.290196 0.419608 0.254902
v -1.103430423 0.355069424 -6.406145986 0.325490 0.447059 0.274510
v -1.091657238 0.251110831 -6.467275969 0.364706 0.396078 0.309804
v -0.994143889 0.050986896 -6.577530097 0.305882 0.419608 0.274510
v -1.064166175 0.164580812 -6.515894423 0.352941 0.403922 0.301961
v -1.074377910 0.190651029 -6.501056432 0.290196 0.403922 0.239216
v -0.930985628 -0.050827243 -6.631601312 0.258824 0.388235 0.207843
v -1.032252424 0.110610881 -6.544587581 0.301961 0.423529 0.270588
v -0.943108671 -0.030317966 -6.620217792 0.278431 0.403922 0.231373
v -1.015698084 0.082642595 -6.559213888 0.317647 0.415686 0.282353
v -0.920718464 -0.068158769 -6.639809869 0.090196 0.152941 0.090196
v -1.102620529 0.345770356 -6.407722488 0.325490 0.443137 0.282353
v -1.101430907 0.402079763 -6.373177904 0.317647 0.411765 0.258824
v -1.083560341 0.220825068 -6.481413527 0.309804 0.423529 0.258824
v -1.008959982 0.070625137 -6.564211029 0.294118 0.411765 0.250980
v -0.937614417 -0.041587310 -6.624466431 0.278431 0.403922 0.231373
v -1.102074453 0.392267594 -6.378075931 0.317647 0.427451 0.254902
v -0.948555216 -0.023450019 -6.614054129 0.282353 0.411765 0.243137
v -1.087764284 0.234870676 -6.472283897 0.298039 0.411765 0.262745
v -0.957470060 -0.010048931 -6.606269528 0.282353 0.407843 0.243137
v -1.080556209 0.208243543 -6.486973578 0.325490 0.443137 0.270588
v -1.049905092 0.134452895 -6.528468811 0.309804 0.427451 0.250980
v -1.093197307 0.255986651 -6.458890478 0.325490 0.427451 0.286275
v -0.969488736 0.008182263 -6.595059533 0.294118 0.415686 0.247059
v -1.099798440 0.315584413 -6.421760397 0.333333 0.450980 0.286275
v -0.962570661 -0.003783373 -6.600706418 0.278431 0.407843 0.243137
v -1.055752313 0.140907739 -6.522012827 0.305882 0.403922 0.239216
v -0.930873606 -0.065538987 -6.632973786 0.247059 0.341176 0.192157
v -1.078179709 0.197088431 -6.489002037 0.325490 0.443137 0.270588
v -1.068413669 0.168283014 -6.505168608 0.286275 0.400000 0.243137
v -0.953432060 -0.020630033 -6.607021050 0.290196 0.403922 0.243137
v -1.025626353 0.095252299 -6.544498421 0.333333 0.368627 0.274510
v -0.977636754 0.018591883 -6.585352940 0.290196 0.411765 0.243137
v -1.042506059 0.120519746 -6.530465047 0.286275 0.403922 0.227451
v -0.994619901 0.046637833 -6.569945310 0.301961 0.423529 0.258824
v -1.103728366 0.379760056 -6.377944375 0.325490 0.435294 0.266667
v -1.104268356 0.401571705 -6.364557334 0.333333 0.403922 0.290196
v -1.103027745 0.350270371 -6.395497066 0.341176 0.447059 0.294118
v -1.098158686 0.296695296 -6.427308944 0.333333 0.450980 0.286275
v -1.101809278 0.340185814 -6.400669766 0.341176 0.443137 0.290196
v -1.094960578 0.265212336 -6.445450964 0.337255 0.450980 0.294118
v -0.982631998 0.024386912 -6.579556409 0.305882 0.427451 0.258824
v -1.083887136 0.214614393 -6.474985293 0.298039 0.415686 0.243137
v -0.939736957 -0.050921207 -6.620462064 0.282353 0.400000 0.231373
v -1.075611521 0.185785091 -6.491177959 0.313725 0.423529 0.262745
v -0.986928549 0.030681854 -6.574665669 0.301961 0.427451 0.266667
v -1.032132859 0.102921309 -6.535425865 0.294118 0.403922 0.250980
v -1.072797358 0.175957866 -6.495389169 0.294118 0.411765 0.254902
v -0.973097109 0.007452225 -6.586661806 0.278431 0.407843 0.243137
v -1.092103591 0.244865442 -6.455266741 0.325490 0.427451 0.278431
v -1.061774946 0.146610075 -6.511394775 0.490196 0.333333 0.356863
v -0.937795228 -0.061500507 -6.624020761 0.278431 0.380392 0.211765
v -1.103844189 0.365481284 -6.381692125 0.337255 0.454902 0.286275
v -0.933394804 -0.076190252 -6.631689051 0.105882 0.145098 0.105882
v -0.938137237 -0.071416757 -6.629011965 0.243137 0.254902 0.207843
v -0.991468951 0.036906294 -6.568442022 0.294118 0.411765 0.258824
v -1.095884716 0.272871374 -6.435686464 0.337255 0.458824 0.298039
v -0.958148708 -0.019371341 -6.598040577 0.282353 0.396078 0.239216
v -1.047050437 0.122530329 -6.521433264 0.313725 0.435294 0.243137
v -1.100224944 0.323386740 -6.404830405 0.333333 0.447059 0.286275
v -1.079440800 0.196225446 -6.480036373 0.337255 0.458824 0.278431
v -1.104091940 0.382962946 -6.367020061 0.278431 0.384314 0.219608
v -1.002660187 0.051663607 -6.556493606 0.301961 0.423529 0.258824
v -1.071218027 0.165476351 -6.493933260 0.278431 0.392157 0.227451
v -0.996758552 0.041915565 -6.560622960 0.290196 0.415686 0.254902
v -1.009317873 0.060193220 -6.550069115 0.309804 0.392157 0.243137
v -1.093397604 0.253821977 -6.441395636 0.317647 0.439216 0.282353
v -0.965299682 -0.012185632 -6.588747486 0.286275 0.396078 0.247059
v -0.941187239 -0.069189245 -6.620475212 0.247059 0.325490 0.192157
v -1.031595112 0.096554726 -6.529154847 0.321569 0.356863 0.258824
v -0.947018192 -0.048687716 -6.607696504 0.286275 0.415686 0.235294
v -1.101350222 0.342423995 -6.386494476 0.325490 0.447059 0.274510
v -1.015211219 0.069240649 -6.543128354 0.301961 0.419608 0.262745
v -1.106180622 0.388585221 -6.358589742 0.321569 0.419608 0.270588
v -0.984541890 0.019327245 -6.569873298 0.286275 0.411765 0.243137
v -1.089091918 0.226466665 -6.454708724 0.305882 0.372549 0.247059
v -1.076994130 0.180876251 -6.480639747 0.317647 0.439216 0.266667
v -1.074241883 0.171031197 -6.485570936 0.298039 0.411765 0.250980
v -1.109827518 0.396970803 -6.351608491 0.121569 0.133333 0.105882
v -1.064420801 0.144348917 -6.500317235 0.619608 0.403922 0.458824
v -1.047038952 0.116416770 -6.514908100 0.309804 0.427451 0.247059
v -1.098996863 0.310198220 -6.401868654 0.345098 0.439216 0.301961
v -1.069547156 0.156223771 -6.491953893 0.290196 0.388235 0.239216
v -1.022856485 0.079093032 -6.533275783 0.282353 0.400000 0.247059
v -1.092404619 0.244076764 -6.439907146 0.317647 0.439216 0.282353
v -0.981439286 0.010284074 -6.569787758 0.317647 0.427451 0.254902
v -1.094840621 0.267853743 -6.425258964 0.329412 0.447059 0.294118
v -1.096704607 0.284773428 -6.414656694 0.325490 0.435294 0.290196
v -0.970137160 -0.010759310 -6.579597977 0.286275 0.392157 0.243137
v -0.996964086 0.036239384 -6.553661638 0.301961 0.415686 0.262745
v -1.105011482 0.378187729 -6.357049105 0.301961 0.407843 0.243137
v -0.945449443 -0.066394701 -6.609958789 0.274510 0.380392 0.215686
v -1.055523619 0.126027455 -6.504597254 0.294118 0.407843 0.231373
v -0.962940483 -0.024048726 -6.585162969 0.317647 0.431373 0.294118
v -1.098985010 0.336679498 -6.380304043 0.317647 0.439216 0.274510
v -1.086883374 0.211050192 -6.455381949 0.368627 0.396078 0.294118
v -1.031735873 0.090397617 -6.522672597 0.364706 0.384314 0.286275
v -1.072764718 0.161222264 -6.484145692 0.270588 0.388235 0.215686
v -1.093633713 0.256765126 -6.427218361 0.305882 0.427451 0.270588
v -1.042207365 0.106361618 -6.513029149 0.282353 0.400000 0.223529
v -1.097565489 0.300174968 -6.400660536 0.341176 0.431373 0.309804
v -1.090696792 0.230122248 -6.442627928 0.294118 0.407843 0.250980
v -0.955037945 -0.041050164 -6.592335668 0.290196 0.419608 0.250980
v -0.977203704 -0.000942424 -6.569781201 0.309804 0.415686 0.278431
v -1.003292435 0.043257692 -6.544537353 0.290196 0.392157 0.250980
v -0.949318245 -0.058572592 -6.600028849 0.298039 0.423529 0.250980
v -1.097349245 0.318491233 -6.385853748 0.321569 0.435294 0.294118
v -1.095398404 0.274214269 -6.412579090 0.333333 0.411765 0.290196
v -1.083948932 0.194937600 -6.459557236 0.294118 0.407843 0.250980
v -1.020882805 0.070628932 -6.527697203 0.301961 0.396078 0.258824
v -1.111740569 0.387399783 -6.344326347 0.070588 0.101961 0.058824
v -0.952668762 -0.052207383 -6.594366252 0.282353 0.407843 0.235294
v -1.048470799 0.111494752 -6.504384185 0.298039 0.415686 0.231373
v -1.070972432 0.150803068 -6.482628950 0.294118 0.400000 0.239216
v -0.999586268 0.034889176 -6.545182394 0.309804 0.407843 0.274510
v -1.108042280 0.379730711 -6.347080966 0.160784 0.203922 0.137255
v -1.099103899 0.347879265 -6.364892563 0.325490 0.447059 0.270588
v -0.948875930 -0.077604366 -6.606424250 0.149020 0.207843 0.121569
v -1.096356962 0.289788529 -6.398407753 0.329412 0.435294 0.294118
v -1.095462805 0.279811725 -6.404171789 0.329412 0.423529 0.290196
v -1.013917957 0.057272763 -6.529820507 0.301961 0.396078 0.254902
v -1.009498970 0.049609075 -6.533270698 0.309804 0.411765 0.270588
v -1.057303786 0.121206276 -6.494672647 0.278431 0.392157 0.219608
v -1.088481567 0.213802276 -6.441395334 0.333333 0.411765 0.286275
v -1.101623753 0.363408234 -6.351468898 0.321569 0.435294 0.278431
v -0.979471556 -0.002393740 -6.560699906 0.309804 0.435294 0.274510
v -0.964828497 -0.029103093 -6.574772505 0.301961 0.427451 0.262745
v -0.975152709 -0.010086262 -6.564180172 0.290196 0.415686 0.254902
v -1.033238426 0.084753240 -6.512871213 0.305882 0.407843 0.250980
v -1.061956601 0.127600770 -6.489682519 0.305882 0.396078 0.239216
v -1.086990621 0.201391445 -6.447485259 0.458824 0.400000 0.356863
v -1.043602610 0.101449139 -6.503197607 0.305882 0.396078 0.247059
v -1.092157920 0.246753664 -6.419678346 0.337255 0.411765 0.290196
v -0.984132136 0.004700230 -6.555010324 0.298039 0.427451 0.258824
v -1.089641690 0.220893498 -6.435005523 0.317647 0.396078 0.274510
v -1.028150820 0.076876806 -6.515833926 0.282353 0.388235 0.239216
v -1.078352209 0.169656761 -6.464478124 0.305882 0.419608 0.254902
v -1.051764183 0.112057278 -6.496099829 0.282353 0.400000 0.219608
v -1.095206906 0.301651408 -6.385141488 0.333333 0.447059 0.305882
v -1.094912562 0.314374162 -6.377332023 0.309804 0.427451 0.270588
v -0.955401871 -0.055696818 -6.586620507 0.309804 0.435294 0.262745
v -1.092986536 0.253238340 -6.413192279 0.337255 0.423529 0.294118
v -0.952690584 -0.066255666 -6.591563588 0.309804 0.423529 0.262745
v -1.080477029 0.175970342 -6.458164588 0.309804 0.423529 0.266667
v -0.961248353 -0.040315896 -6.576156138 0.305882 0.447059 0.274510
v -1.094563382 0.270241705 -6.401804636 0.341176 0.458824 0.301961
v -1.038977634 0.091037051 -6.504481697 0.352941 0.388235 0.286275
v -1.095678299 0.344343675 -6.355789359 0.294118 0.415686 0.262745
v -1.093343987 0.259454416 -6.406977067 0.325490 0.435294 0.294118
v -1.067335574 0.134488173 -6.479987237 0.576471 0.392157 0.423529
v -1.072260270 0.147123381 -6.472267052 0.305882 0.419608 0.258824
v -0.996389854 0.022160594 -6.538252736 0.294118 0.419608 0.258824
v -1.009829329 0.045301951 -6.525643620 0.298039 0.419608 0.266667
v -1.082771578 0.181532051 -6.450496334 0.298039 0.407843 0.254902
v -1.101028444 0.361973514 -6.342371876 0.301961 0.423529 0.270588
v -0.989871374 0.010282033 -6.543811816 0.282353 0.419608 0.258824
v -1.087753138 0.202576886 -6.437174661 0.368627 0.435294 0.345098
v -1.092881287 0.304320512 -6.375451550 0.313725 0.431373 0.274510
v -1.086171741 0.192797966 -6.442038152 0.474510 0.403922 0.384314
v -0.985823531 0.002511765 -6.546667480 0.286275 0.415686 0.254902
v -1.089827755 0.219435922 -6.425932548 0.305882 0.407843 0.266667
v -1.058586374 0.115624523 -6.484808104 0.286275 0.392157 0.223529
v -0.965819985 -0.033898026 -6.564822439 0.305882 0.435294 0.270588
v -1.034823787 0.079786019 -6.503094872 0.282353 0.400000 0.231373
v -1.004923477 0.034767317 -6.527050276 0.282353 0.400000 0.235294
v -1.050452199 0.104307495 -6.489807837 0.290196 0.396078 0.239216
v -0.976172872 -0.014389875 -6.553740553 0.294118 0.427451 0.266667
v -1.091216952 0.319841473 -6.362737960 0.298039 0.423529 0.258824
v -0.972073047 -0.021444462 -6.557284414 0.282353 0.411765 0.235294
v -1.045558430 0.096577669 -6.493323711 0.337255 0.305882 0.239216
v -1.000993936 0.027165120 -6.530439459 0.294118 0.419608 0.250980
v -1.114798888 0.378199706 -6.328953028 0.082353 0.145098 0.074510
v -1.093429527 0.348895517 -6.344220564 0.305882 0.423529 0.278431
v -1.095542446 0.346297887 -6.345399644 0.137255 0.156863 0.113725
v -1.092490891 0.293198922 -6.377444196 0.305882 0.427451 0.274510
v -0.956729661 -0.060589874 -6.577471379 0.317647 0.447059 0.270588
v -1.040417028 0.086813860 -6.496768974 0.282353 0.380392 0.219608
v -1.077762195 0.157688516 -6.457489640 0.278431 0.400000 0.219608
v -1.092437335 0.251088343 -6.402002645 0.333333 0.443137 0.298039
v -1.092562020 0.272817442 -6.387996848 0.313725 0.435294 0.282353
v -0.961954688 -0.044530144 -6.566328397 0.317647 0.443137 0.274510
v -1.092623636 0.265076700 -6.392227739 0.329412 0.443137 0.286275
v -1.014174678 0.046869977 -6.516351218 0.290196 0.407843 0.243137
v -1.091637036 0.238478647 -6.407591104 0.329412 0.443137 0.294118
v -1.087976130 0.330497812 -6.349975578 0.290196 0.419608 0.247059
v -1.068835518 0.129545547 -6.470186095 0.537255 0.388235 0.415686
v -1.096399881 0.356274037 -6.334732045 0.298039 0.349020 0.266667
v -1.091266772 0.228053262 -6.412398595 0.290196 0.403922 0.258824
v -0.997787725 0.017949359 -6.528421957 0.286275 0.415686 0.254902
v -0.992095420 0.007440330 -6.532611801 0.278431 0.400000 0.235294
v -1.088299265 0.197706768 -6.427300402 0.305882 0.415686 0.270588
v -1.082295033 0.171638133 -6.442135797 0.333333 0.396078 0.274510
v -1.036943635 0.076973031 -6.494672893 0.274510 0.392157 0.231373
v -1.065363992 0.119205603 -6.472099436 0.329412 0.368627 0.227451
v -0.987171922 -0.001685223 -6.536822334 0.278431 0.400000 0.235294
v -1.085662229 0.335770406 -6.341896872 0.286275 0.400000 0.250980
v -0.972953346 -0.025505379 -6.549409064 0.290196 0.411765 0.250980
v -1.091291368 0.274886045 -6.379610567 0.301961 0.423529 0.262745
v -1.060346310 0.110608035 -6.475081451 0.274510 0.384314 0.207843
v -1.007673011 0.032678440 -6.516502009 0.282353 0.403922 0.239216
v -1.043714323 0.085471106 -6.488282213 0.274510 0.376471 0.227451
v -1.084546803 0.178117583 -6.436358002 0.403922 0.368627 0.333333
v -0.965463090 -0.038008261 -6.554186812 0.305882 0.427451 0.262745
v -1.018077491 0.048160870 -6.506636273 0.298039 0.423529 0.250980
v -1.002308353 0.022275915 -6.520583449 0.294118 0.419608 0.258824
v -1.085765315 0.312974992 -6.352051144 0.313725 0.431373 0.278431
v -0.956214933 -0.065355664 -6.567492924 0.317647 0.447059 0.274510
v -1.089379389 0.203417025 -6.418079363 0.321569 0.435294 0.286275
v -1.078892413 0.152852348 -6.447580145 0.282353 0.400000 0.235294
v -1.076732026 0.145144721 -6.451777644 0.258824 0.372549 0.203922
v -1.087018037 0.304593551 -6.355517220 0.325490 0.439216 0.290196
v -0.960252500 -0.049359283 -6.556411816 0.305882 0.439216 0.266667
v -1.090037926 0.212354405 -6.411249573 0.309804 0.427451 0.262745
v -1.080801076 0.325425036 -6.339602677 0.321569 0.443137 0.286275
v -0.994749752 0.006782577 -6.524142183 0.294118 0.423529 0.254902
v -1.091062953 0.223697815 -6.402714245 0.321569 0.431373 0.270588
v -1.057024899 0.101425444 -6.473030500 0.325490 0.356863 0.243137
v -1.079809418 0.335136306 -6.331999403 0.211765 0.243137 0.200000
v -1.091487468 0.235511580 -6.393709506 0.301961 0.415686 0.250980
v -1.066715908 0.115007600 -6.464361313 0.352941 0.349020 0.262745
v -1.030087429 0.062181580 -6.491912742 0.278431 0.400000 0.235294
v -0.984234063 -0.013583119 -6.532571919 0.278431 0.400000 0.243137
v -1.091522484 0.251851632 -6.382281843 0.309804 0.423529 0.258824
v -1.040841322 0.076159688 -6.483552170 0.258824 0.380392 0.211765
v -1.025146723 0.054466270 -6.494712988 0.278431 0.400000 0.235294
v -1.087034476 0.295461818 -6.354117993 0.301961 0.419608 0.254902
v -1.088675860 0.192885465 -6.416674918 0.321569 0.435294 0.278431
v -1.016397505 0.039815338 -6.500938139 0.282353 0.403922 0.235294
v -1.083361496 0.304837881 -6.346845840 0.294118 0.419608 0.250980
v -1.087293445 0.183050250 -6.421595186 0.309804 0.427451 0.266667
v -0.973768985 -0.030250966 -6.538706230 0.298039 0.415686 0.262745
v -0.964998821 -0.041088136 -6.543928960 0.298039 0.427451 0.270588
v -0.955314428 -0.064298775 -6.555906947 0.321569 0.431373 0.282353
v -1.084459710 0.168312660 -6.428608713 0.333333 0.392157 0.282353
v -1.091674597 0.242680832 -6.383730010 0.309804 0.431373 0.266667
v -1.049439990 0.084737817 -6.474270766 0.278431 0.396078 0.223529
v -1.088968370 0.281267240 -6.358484851 0.317647 0.427451 0.274510
v -1.082092858 0.157654348 -6.432950094 0.439216 0.352941 0.341176
v -0.953196381 -0.072720306 -6.558009449 0.188235 0.184314 0.141176
v -1.090444928 0.265799347 -6.366228918 0.329412 0.431373 0.290196
v -0.994298119 0.000391487 -6.517193878 0.294118 0.400000 0.239216
v -1.035949419 0.065122172 -6.481951046 0.278431 0.400000 0.219608
v -0.959535017 -0.050461382 -6.542773271 0.294118 0.431373 0.266667
v -0.999883536 0.008825581 -6.510865708 0.290196 0.411765 0.258824
v -1.079498286 0.303630893 -6.338930064 0.321569 0.435294 0.294118
v -1.071124277 0.117558211 -6.451281870 0.501961 0.345098 0.356863
v -1.082738698 0.296687518 -6.343063788 0.298039 0.423529 0.262745
v -1.054433010 0.088927352 -6.466570419 0.286275 0.388235 0.219608
v -1.085633860 0.288439843 -6.347799975 0.301961 0.423529 0.258824
v -1.092040006 0.230841750 -6.383632279 0.305882 0.423529 0.250980
v -1.004621869 0.015195162 -6.505197702 0.282353 0.403922 0.239216
v -1.015532451 0.033341153 -6.494775625 0.282353 0.396078 0.239216
v -1.087809241 0.183603731 -6.411213950 0.305882 0.427451 0.258824
v -1.090167242 0.203392304 -6.399147290 0.329412 0.443137 0.286275
v -1.089726095 0.270719194 -6.357798031 0.305882 0.415686 0.258824
v -1.026587450 0.050242695 -6.484894652 0.274510 0.392157 0.235294
v -0.983502980 -0.023404745 -6.524840474 0.266667 0.400000 0.227451
v -1.091326598 0.251705901 -6.369088796 0.313725 0.423529 0.274510
v -1.089100552 0.193465179 -6.404159230 0.298039 0.411765 0.247059
v -1.076418175 0.307113420 -6.332645665 0.333333 0.352941 0.313725
v -1.020120917 0.039754176 -6.489064815 0.274510 0.396078 0.231373
v -0.976374120 -0.035309687 -6.529724156 0.278431 0.415686 0.243137
v -0.989921618 -0.012901435 -6.517146405 0.286275 0.411765 0.250980
v -0.970345965 -0.041914568 -6.532118435 0.278431 0.419608 0.250980
v -1.086513263 0.173040627 -6.414053315 0.309804 0.427451 0.274510
v -1.043356137 0.071330108 -6.470829042 0.282353 0.400000 0.231373
v -1.010957566 0.022913355 -6.496075550 0.305882 0.419608 0.270588
v -1.084795878 0.160492864 -6.419579322 0.298039 0.407843 0.250980
v -1.038328821 0.063638736 -6.472902140 0.266667 0.388235 0.211765
v -1.050766828 0.079845323 -6.464419071 0.266667 0.388235 0.219608
v -0.960082411 -0.056831173 -6.537201600 0.098039 0.117647 0.082353
v -1.088031253 0.275920074 -6.348382753 0.290196 0.423529 0.247059
v -1.031354352 0.053796051 -6.477128941 0.274510 0.396078 0.231373
v -1.061913842 0.095316081 -6.455267104 0.341176 0.356863 0.247059
v -1.079527354 0.137925523 -6.430212504 0.380392 0.360784 0.290196
v -0.995566649 -0.005186506 -6.507324544 0.282353 0.411765 0.247059
v -1.006759791 0.013782259 -6.496781680 0.301961 0.415686 0.274510
v -1.084209749 0.285934077 -6.339075086 0.325490 0.427451 0.282353
v -1.092781502 0.242766378 -6.365389746 0.301961 0.403922 0.254902
v -1.057035959 0.086678260 -6.456183711 0.278431 0.392157 0.215686
v -1.025076167 0.043252586 -6.478544501 0.278431 0.392157 0.235294
v -1.091091714 0.262305534 -6.352170596 0.305882 0.419608 0.258824
v -1.090352797 0.198423876 -6.389372167 0.317647 0.427451 0.262745
v -1.087252407 0.171828067 -6.404733270 0.305882 0.423529 0.262745
v -1.047484116 0.072056589 -6.460974356 0.274510 0.396078 0.227451
v -1.089010643 0.188576067 -6.394304125 0.309804 0.427451 0.254902
v -0.963926431 -0.055629889 -6.528986904 0.117647 0.164706 0.098039
v -1.042192806 0.064941810 -6.463877922 0.274510 0.396078 0.227451
v -1.080317984 0.297777869 -6.325828068 0.086275 0.101961 0.078431
v -0.970533651 -0.052797342 -6.525446271 0.090196 0.145098 0.094118
v -1.089416112 0.270106451 -6.341560025 0.305882 0.423529 0.254902
v -1.085852000 0.158487032 -6.408244314 0.301961 0.411765 0.254902
v -1.070530639 0.102984143 -6.439875503 0.525490 0.301961 0.341176
v -1.004053725 0.005327620 -6.491194568 0.290196 0.415686 0.250980
v -1.093189661 0.246158852 -6.354274258 0.286275 0.388235 0.227451
v -1.084367814 0.147978121 -6.413136031 0.298039 0.411765 0.250980
v -1.016056759 0.024466452 -6.480478202 0.274510 0.400000 0.247059
v -0.990871656 -0.023504855 -6.506687424 0.270588 0.400000 0.215686
v -1.000367888 -0.002345750 -6.494653513 0.294118 0.411765 0.250980
v -1.082486497 0.138084137 -6.418116559 0.298039 0.396078 0.250980
v -1.029051571 0.044725712 -6.468646804 0.298039 0.384314 0.243137
v -1.078602753 0.122542619 -6.424530871 0.400000 0.360784 0.313725
v -0.980617303 -0.048456244 -6.517593090 0.152941 0.211765 0.117647
v -1.086798804 0.290721215 -6.322342244 0.109804 0.121569 0.074510
v -1.074183051 0.107858137 -6.431491853 0.384314 0.325490 0.262745
v -1.093047511 0.257433783 -6.342296984 0.294118 0.411765 0.235294
v -1.091081688 0.199118421 -6.377442685 0.317647 0.415686 0.270588
v -1.038901933 0.055952849 -6.458822716 0.282353 0.380392 0.223529
v -1.024368492 0.036934932 -6.468714144 0.290196 0.392157 0.250980
v -1.051518894 0.071405907 -6.449689608 0.262745 0.380392 0.211765
v -1.090738511 0.268523813 -6.332613162 0.294118 0.411765 0.239216
v -1.092847691 0.212354185 -6.367016795 0.270588 0.364706 0.223529
v -1.015912032 0.022901991 -6.471513009 0.274510 0.403922 0.250980
v -1.085803087 0.158298982 -6.395795941 0.309804 0.423529 0.266667
v -1.046819498 0.063619825 -6.449050210 0.282353 0.380392 0.227451
v -1.081917169 0.126811936 -6.413942082 0.278431 0.368627 0.239216
v -0.989377351 -0.042233718 -6.506457374 0.278431 0.380392 0.239216
v -1.020171571 0.029207590 -6.465909522 0.282353 0.403922 0.254902
v -1.084918249 0.145713628 -6.402061853 0.294118 0.403922 0.250980
v -1.002526529 -0.002360907 -6.482031797 0.298039 0.427451 0.254902
v -1.096825658 0.237197995 -6.346383722 0.274510 0.384314 0.227451
v -1.055576090 0.072652347 -6.440720489 0.258824 0.360784 0.184314
v -0.987921375 -0.051345752 -6.507845282 0.043137 0.113725 0.031373
v -0.994400011 -0.029126852 -6.494053463 0.282353 0.400000 0.223529
v -1.097277395 0.227939922 -6.347918886 0.286275 0.396078 0.231373
v -1.060864149 0.076959062 -6.435007979 0.262745 0.380392 0.211765
v -1.012656603 0.017211690 -6.465267925 0.278431 0.407843 0.243137
v -1.098779097 0.244560655 -6.336215085 0.250980 0.349020 0.196078
v -1.091515143 0.193578745 -6.366131711 0.321569 0.431373 0.286275
v -1.066414215 0.084000335 -6.430074545 0.266667 0.380392 0.207843
v -1.049652216 0.062910708 -6.440631387 0.298039 0.372549 0.235294
v -1.089935116 0.183800143 -6.370994891 0.321569 0.423529 0.286275
v -0.994065954 -0.038157664 -6.495361468 0.090196 0.129412 0.082353
v -1.096244869 0.270257402 -6.318243696 0.231373 0.250980 0.192157
v -1.083715635 0.128304775 -6.403321497 0.282353 0.396078 0.243137
v -1.008275747 0.008835022 -6.467325187 0.290196 0.419608 0.254902
v -1.086926222 0.161187854 -6.382374390 0.337255 0.415686 0.286275
v -1.000439579 -0.010791392 -6.476420328 0.286275 0.415686 0.239216
v -0.998114884 -0.020557709 -6.481271120 0.290196 0.411765 0.243137
v -1.003247658 -0.001866549 -6.469603181 0.290196 0.419608 0.250980
v -1.084823188 0.143635000 -6.390099252 0.313725 0.407843 0.266667
v -1.081094176 0.112102774 -6.408289951 0.274510 0.376471 0.219608
v -0.996507711 -0.030531342 -6.485628957 0.211765 0.250980 0.164706
v -1.029754555 0.039108428 -6.446179090 0.266667 0.396078 0.231373
v -1.098034532 0.213679911 -6.345330726 0.278431 0.392157 0.235294
v -1.056999687 0.066529838 -6.429991349 0.305882 0.392157 0.270588
v -1.008780279 0.010997881 -6.457438852 0.294118 0.419608 0.254902
v -1.042956879 0.051583937 -6.436513945 0.278431 0.400000 0.235294
v -1.104526940 0.246628692 -6.324317366 0.298039 0.329412 0.254902
v -1.088072078 0.178113184 -6.364044437 0.313725 0.427451 0.286275
v -1.093560965 0.199213073 -6.351370238 0.329412 0.435294 0.294118
v -1.082404681 0.117044696 -6.399837804 0.282353 0.384314 0.247059
v -1.090875260 0.189348859 -6.356320748 0.313725 0.419608 0.278431
v -1.070718898 0.083973936 -6.417463165 0.305882 0.360784 0.219608
v -1.086401390 0.157626840 -6.374000832 0.325490 0.411765 0.294118
v -1.107628545 0.230800708 -6.329611666 0.239216 0.317647 0.200000
v -1.000910698 -0.012128912 -6.465119291 0.317647 0.439216 0.282353
v -1.110389835 0.240345714 -6.322872153 0.113725 0.129412 0.094118
v -1.022113287 0.030456760 -6.440087651 0.274510 0.396078 0.239216
v -1.064878253 0.071400332 -6.416696229 0.274510 0.352941 0.211765
v -1.032327414 0.039176423 -6.432068525 0.262745 0.384314 0.227451
v -1.081744106 0.108606768 -6.394232832 0.305882 0.376471 0.266667
v -1.093238020 0.194890928 -6.341650299 0.286275 0.396078 0.247059
v -1.006721420 0.008378442 -6.445312709 0.325490 0.443137 0.278431
v -1.039883916 0.044841364 -6.426403181 0.262745 0.388235 0.227451
v -1.000325887 -0.010758656 -6.455324317 0.325490 0.360784 0.298039
v -1.079339589 0.087927454 -6.403681815 0.423529 0.184314 0.207843
v -1.054381787 0.057347101 -6.418812546 0.262745 0.380392 0.219608
v -1.026137474 0.033320127 -6.430203828 0.254902 0.380392 0.211765
v -1.099977018 0.203195993 -6.334751248 0.278431 0.384314 0.227451
v -1.111756625 0.216985294 -6.326575179 0.149020 0.172549 0.137255
v -1.083946454 0.168960313 -6.352134517 0.317647 0.431373 0.282353
v -1.083274008 0.158920381 -6.357261218 0.305882 0.423529 0.258824
v -1.108032042 0.209323793 -6.329321164 0.196078 0.223529 0.172549
v -1.085242700 0.152747743 -6.360618740 0.094118 0.101961 0.062745
v -1.047370601 0.049419141 -6.419019226 0.266667 0.384314 0.215686
v -1.013652614 0.020138166 -6.432150463 0.341176 0.431373 0.298039
v -1.082223145 0.109872833 -6.384542924 0.270588 0.380392 0.250980
v -1.082870190 0.133760657 -6.369782967 0.286275 0.407843 0.250980
v -1.005377765 0.011062240 -6.434911841 0.211765 0.156863 0.058824
v -1.082370794 0.123373453 -6.374551964 0.282353 0.396078 0.254902
v -1.080502815 0.091709917 -6.392876075 0.317647 0.345098 0.239216
v -1.059370363 0.061039050 -6.408098079 0.258824 0.368627 0.219608
v -1.079992874 0.081218212 -6.397755331 0.360784 0.145098 0.176471
v -1.017246507 0.022624566 -6.424745872 0.188235 0.211765 0.152941
v -1.041590866 0.042647133 -6.415257145 0.266667 0.388235 0.231373
v -1.091008268 0.189608004 -6.330788318 0.298039 0.403922 0.274510
v -1.080919984 0.158289797 -6.348062203 0.286275 0.400000 0.247059
v -1.024954918 0.030744807 -6.418038076 0.321569 0.407843 0.282353
v -1.079733563 0.164344013 -6.342010208 0.274510 0.388235 0.239216
v -1.085386595 0.180088310 -6.331874520 0.286275 0.313725 0.247059
v -1.081417703 0.133072618 -6.359938889 0.305882 0.427451 0.266667
v -1.080263752 0.149350753 -6.349275662 0.309804 0.427451 0.282353
v -1.089104077 0.075223661 -6.394603494 0.278431 0.121569 0.141176
v -1.062039223 0.061376845 -6.398636339 0.231373 0.345098 0.203922
v -1.081603957 0.072424625 -6.393218898 0.411765 0.270588 0.262745
v -1.086534395 0.084271811 -6.386269791 0.215686 0.125490 0.090196
v -1.080592741 0.123981024 -6.361307186 0.270588 0.396078 0.235294
v -1.079204456 0.172017230 -6.331528409 0.180392 0.203922 0.152941
v -1.080123598 0.113381975 -6.366289797 0.274510 0.392157 0.247059
v -1.083063257 0.087759393 -6.379283175 0.266667 0.341176 0.235294
v -1.057807966 0.054860967 -6.393217868 0.254902 0.372549 0.235294
v -1.089552471 0.076296416 -6.383703518 0.223529 0.121569 0.117647
v -1.085361841 0.079481075 -6.379837263 0.376471 0.207843 0.219608
v -1.076208200 0.145093417 -6.338088378 0.160784 0.207843 0.133333
v -1.077222568 0.134471474 -6.343796076 0.313725 0.411765 0.270588
v -1.042585095 0.037350257 -6.398084335 0.164706 0.227451 0.149020
v -1.077837924 0.121858710 -6.350089628 0.294118 0.396078 0.258824
v -1.050439242 0.045334226 -6.392913074 0.309804 0.411765 0.282353
v -1.081468010 0.085303904 -6.370507596 0.411765 0.458824 0.364706
v -1.062688366 0.053466930 -6.384782822 0.101961 0.137255 0.094118
v -1.079007168 0.092533615 -6.361866245 0.211765 0.282353 0.192157
v -1.077155266 0.113130410 -6.348984584 0.215686 0.294118 0.200000
v -1.092475123 0.072561497 -6.375492538 0.117647 0.062745 0.062745
v -1.077177971 0.102187315 -6.354314127 0.352941 0.443137 0.298039
v -1.083888348 0.058342488 -6.374290595 0.105882 0.023529 0.043137
vn -0.846213291 -0.498741648 0.187562883
vn -0.902431501 -0.422878060 0.082410747
vn -0.904340768 -0.425597316 -0.032166753
vn -0.905215803 -0.396080932 -0.153961830
vn -0.943034556 -0.332694515 0.000430697
vn -0.917548863 -0.392978536 -0.060596649
vn -0.893477988 -0.404324976 -0.195495264
vn -0.922876654 -0.363376450 -0.127499948
vn -0.952462817 -0.299128585 -0.057763928
vn -0.897547610 -0.407330540 -0.168790159
vn -0.890870431 -0.410826631 -0.193833314
vn -0.944454073 -0.304883933 -0.122687781
vn -0.868645410 -0.457131519 -0.191012893
vn -0.887754226 -0.419323277 -0.189895823
vn -0.900939375 -0.384258362 -0.201627761
vn -0.875594893 -0.440638098 -0.197918290
vn -0.862339492 -0.481687608 -0.156037330
vn -0.879175018 -0.439217974 -0.184767042
vn -0.893126903 -0.407893822 -0.189596847
vn -0.907753253 -0.383867091 -0.169204281
vn -0.887177801 -0.421412390 -0.187955173
vn -0.879995099 -0.432905828 -0.195451196
vn -0.899098693 -0.393770318 -0.191223629
vn -0.875110190 -0.438881011 -0.203876464
vn -0.836139980 -0.511273538 -0.198668829
vn -0.879055282 -0.411391606 -0.240870832
vn -0.878860083 -0.403105418 -0.255168526
vn -0.888235244 -0.398132268 -0.229191727
vn -0.863959835 -0.450863775 -0.224266047
vn -0.892523175 -0.382176489 -0.239465054
vn -0.848801572 -0.485708157 -0.208862340
vn -0.857255241 -0.427309652 -0.287262796
vn -0.844175318 -0.458500877 -0.277749848
vn -0.851425322 -0.446008582 -0.275955189
vn -0.880314089 -0.395339362 -0.262209639
vn -0.876631131 -0.403168701 -0.262626843
vn -0.880509231 -0.395818737 -0.260827571
vn -0.839915268 -0.390125147 -0.377285983
vn -0.860155069 -0.395717422 -0.321777840
vn -0.879731665 -0.326070452 -0.346049502
vn -0.884405279 -0.388452803 -0.258711660
vn -0.848623163 -0.435078975 -0.300906982
vn -0.868685432 -0.388748687 -0.307018044
vn -0.864313730 -0.347154614 -0.363930557
vn -0.877534877 -0.311072803 -0.364919513
vn -0.840172066 -0.356162606 -0.408973225
vn -0.851818378 -0.351974880 -0.387967956
vn -0.860489128 -0.409211707 -0.303486803
vn -0.880720358 -0.376813579 -0.286955010
vn -0.872590381 -0.338987931 -0.351672020
vn -0.861395498 -0.343535202 -0.374140830
vn -0.835445965 -0.423233402 -0.350575992
vn -0.874558790 -0.393421937 -0.283489158
vn -0.888793060 -0.310439577 -0.337155995
vn -0.892407236 -0.370539631 -0.257506712
vn -0.812627552 -0.424240082 -0.399570789
vn -0.849669468 -0.336405173 -0.406070627
vn -0.890889008 -0.334092068 -0.307732459
vn -0.842096367 -0.411519591 -0.348604841
vn -0.874181703 -0.310889211 -0.373033844
vn -0.902532669 -0.310648025 -0.298215671
vn -0.869020351 -0.253325337 -0.425005769
vn -0.806023280 -0.424003704 -0.412973765
vn -0.842551527 -0.350408906 -0.409048313
vn -0.864105327 -0.293234924 -0.409066330
vn -0.854950548 -0.269155433 -0.443412802
vn -0.842984948 -0.414040086 -0.343434396
vn -0.898402072 -0.265399732 -0.349909559
vn -0.882449959 -0.233290916 -0.408481845
vn -0.878150244 -0.358725099 -0.316494000
vn -0.831000984 -0.308204788 -0.463084412
vn -0.820149715 -0.262413556 -0.508422630
vn -0.868060811 -0.254734073 -0.426123198
vn -0.826338942 -0.361177215 -0.432105279
vn -0.881860264 -0.263229468 -0.391193970
vn -0.812218368 -0.405754724 -0.419123402
vn -0.898425012 -0.245006015 -0.364423586
vn -0.789441499 -0.406797210 -0.459671785
vn -0.828263213 -0.287246591 -0.481112716
vn -0.801089400 -0.396550759 -0.448333881
vn -0.887213047 -0.246475701 -0.390003511
vn -0.826808000 -0.350469725 -0.439953978
vn -0.810310383 -0.357124262 -0.464606655
vn -0.870015547 -0.264339656 -0.416170030
vn -0.881244234 -0.213533256 -0.421677779
vn -0.799615878 -0.386383727 -0.459697795
vn -0.788961771 -0.383204286 -0.480305944
vn -0.822721086 -0.311487550 -0.475505542
vn -0.886036005 -0.233972528 -0.400246242
vn -0.856757594 -0.335670905 -0.391524545
vn -0.822251895 -0.267187817 -0.502506210
vn -0.823844810 -0.382519226 -0.418280732
vn -0.880493138 -0.274324392 -0.386623800
vn -0.806824888 -0.321052097 -0.495942690
vn -0.862443612 -0.179317147 -0.473324811
vn -0.856112153 -0.384029072 -0.345823154
vn -0.826631277 -0.274944219 -0.491005508
vn -0.863630484 -0.216772379 -0.455139674
vn -0.856764681 -0.186105378 -0.480956412
vn -0.803755323 -0.342590531 -0.486424824
vn -0.876503174 -0.293681027 -0.381436287
vn -0.654850585 -0.389983366 -0.647366732
vn -0.859472834 -0.260681269 -0.439717777
vn -0.899150110 -0.258678634 -0.353007710
vn -0.807523217 -0.295850093 -0.510273434
vn -0.833043096 -0.250099637 -0.493446422
vn -0.823668381 -0.364884164 -0.434085183
vn -0.855580003 -0.363175025 -0.368899390
vn -0.829100157 -0.315534520 -0.461552702
vn -0.844349582 -0.384775708 -0.372855788
vn -0.864648619 -0.398268493 -0.306210667
vn -0.862507083 -0.271556334 -0.427011345
vn -0.815732537 -0.293154048 -0.498639281
vn -0.825934152 -0.232220859 -0.513718063
vn -0.887994264 -0.325053874 -0.325278598
vn -0.845647407 -0.161470656 -0.508731451
vn -0.881481177 -0.329202853 -0.338550464
vn -0.833514164 -0.283556285 -0.474183479
vn -0.851621907 -0.300111932 -0.429735914
vn -0.874731352 -0.387427495 -0.291109942
vn -0.872982945 -0.450098760 -0.187914567
vn -0.844224433 -0.172662694 -0.507417679
vn -0.830931004 -0.285450773 -0.477568343
vn -0.822336890 -0.253759657 -0.509281921
vn -0.860186563 -0.373982484 -0.346722048
vn -0.856069610 -0.296985976 -0.423017911
vn -0.915858058 -0.361939196 -0.173793082
vn -0.849050383 -0.163741809 -0.502296792
vn -0.853192277 -0.361239068 -0.376256926
vn -0.908904103 -0.258306565 -0.327369897
vn -0.864226179 -0.478954001 -0.154000573
vn -0.844028448 -0.258817394 -0.469712183
vn -0.834212152 -0.366053162 -0.412425955
vn -0.812315148 -0.258600516 -0.522752211
vn -0.895600460 -0.432437018 -0.104393682
vn -0.841305491 -0.216153461 -0.495462160
vn -0.847748019 -0.358852726 -0.390573959
vn -0.840521284 -0.341960582 -0.420222479
vn -0.890229490 -0.237125093 -0.388925630
vn -0.839544376 -0.310745613 -0.445648298
vn -0.810673581 -0.310241382 -0.496546704
vn -0.923118803 -0.223132763 -0.313150835
vn -0.851164642 -0.196250191 -0.486831197
vn -0.821629661 -0.306887093 -0.480359253
vn -0.816182859 -0.436058583 -0.379075788
vn -0.892378443 -0.444455745 -0.078229178
vn -0.929069812 -0.259272397 -0.263831591
vn -0.811302442 -0.319907511 -0.489333764
vn -0.786881449 -0.465200786 -0.405469867
vn -0.817919031 -0.327656219 -0.472916336
vn -0.860912508 -0.181736522 -0.475185744
vn -0.895274715 -0.418861061 -0.151784705
vn -0.944116593 -0.298845056 -0.139052119
vn -0.851695924 -0.196978834 -0.485606211
vn -0.807461594 -0.312627766 -0.500269581
vn -0.853666303 -0.353637202 -0.382353990
vn -0.957442028 -0.233134167 -0.170156466
vn -0.815013610 -0.309060977 -0.490136846
vn -0.918969004 -0.389540927 -0.061268549
vn -0.825957682 -0.288658631 -0.484221130
vn -0.919540753 -0.392567129 -0.018326290
vn -0.939452251 -0.187935626 -0.286547846
vn -0.881218069 -0.219518388 -0.418648292
vn -0.811624546 -0.370719971 -0.451477905
vn -0.820196212 -0.392035155 -0.416637264
vn -0.839140949 -0.251569869 -0.482239638
vn -0.962281925 -0.203753516 -0.180272020
vn -0.827595422 -0.436642896 -0.352744666
vn -0.804072438 -0.325867944 -0.497270146
vn -0.883569546 -0.211588910 -0.417773852
vn -0.801477306 -0.309258977 -0.511852531
vn -0.961599207 -0.267777911 -0.060182676
vn -0.959474744 -0.148631273 -0.239409609
vn -0.917560587 -0.198088655 -0.344736789
vn -0.802064145 -0.469408496 -0.369254345
vn -0.900887884 -0.209913414 -0.379917595
vn -0.823743798 -0.278150549 -0.494042941
vn -0.801029411 -0.423688855 -0.422894357
vn -0.950176303 -0.142408238 -0.277281241
vn -0.929157515 -0.369393705 -0.014649297
vn -0.791891553 -0.338685283 -0.508133887
vn -0.789877550 -0.370555187 -0.488653568
vn -0.814553723 -0.308744290 -0.491099985
vn -0.810254089 -0.314157983 -0.494765675
vn -0.884986816 -0.226793880 -0.406648339
vn -0.817207673 -0.322092944 -0.477941161
vn -0.942705094 -0.138699339 -0.303429727
vn -0.851996314 -0.292943168 -0.433920017
vn -0.808961583 -0.404003935 -0.427038614
vn -0.907315661 -0.221689189 -0.357256482
vn -0.783679485 -0.411230146 -0.465549388
vn -0.960632571 -0.213756260 -0.177463589
vn -0.912140374 -0.198780299 -0.358449900
vn -0.792316184 -0.382397630 -0.475402059
vn -0.905933540 -0.211413622 -0.366863327
vn -0.982893465 -0.078604309 -0.166558695
vn -0.840262502 -0.319636040 -0.437940326
vn -0.979765184 -0.176991174 -0.093457527
vn -0.968488059 -0.099597255 -0.228278921
vn -0.796301142 -0.425694271 -0.429754440
vn -0.958983758 -0.113224389 -0.259866098
vn -0.793533076 -0.408486509 -0.451047702
vn -0.819370282 -0.337610151 -0.463305220
vn -0.924889183 -0.207704054 -0.318494936
vn -0.800782883 -0.391320085 -0.453448305
vn -0.951652581 -0.132671611 -0.277048027
vn -0.849065413 -0.328617508 -0.413640493
vn -0.956987141 -0.150952203 -0.247768126
vn -0.820118710 -0.376384052 -0.430976040
vn -0.790317949 -0.438321911 -0.428102139
vn -0.971110541 0.029526565 -0.236796323
vn -0.782369812 -0.488512445 -0.386332848
vn -0.774469105 -0.435559527 -0.458786993
vn -0.884431042 -0.265889088 -0.383516264
vn -0.958671995 -0.095534489 -0.267994717
vn -0.833306409 -0.373735678 -0.407335330
vn -0.783170215 -0.416998089 -0.461255903
vn -0.814955102 -0.390732367 -0.427991121
vn -0.810738467 -0.413059183 -0.414831591
vn -0.836531634 -0.366427985 -0.407363912
vn -0.910615708 -0.215665291 -0.352515978
vn -0.959830816 0.050149806 -0.276061229
vn -0.923333342 -0.213923726 -0.318892111
vn -0.767695702 -0.443786447 -0.462273619
vn -0.915977810 -0.205415323 -0.344658086
vn -0.805564122 -0.383538518 -0.451624458
vn -0.954069181 0.066915708 -0.292017612
vn -0.950446438 -0.091962857 -0.296975423
vn -0.777033847 -0.515180490 -0.361673145
vn -0.822511032 -0.378671053 -0.424362859
vn -0.961674040 -0.010600294 -0.273990281
vn -0.799344459 -0.423708295 -0.426051308
vn -0.958411500 -0.066103188 -0.277628827
vn -0.841256265 -0.394337404 -0.369845790
vn -0.890377787 -0.276850905 -0.361359893
vn -0.772516820 -0.417683217 -0.478287041
vn -0.853046198 -0.340746507 -0.395226520
vn -0.768527900 -0.420683078 -0.482069097
vn -0.957391057 -0.069343377 -0.280345966
vn -0.652048850 -0.664148255 -0.365703967
vn -0.958016699 -0.063610570 -0.279566987
vn -0.924648190 -0.214222969 -0.314855910
vn -0.938402475 -0.194429009 -0.285653909
vn -0.951331306 0.082640377 -0.296882660
vn -0.931887543 -0.195684271 -0.305439477
vn -0.921431327 -0.225606702 -0.316331986
vn -0.768945846 -0.415994820 -0.485459159
vn -0.810426849 -0.382358681 -0.443858267
vn -0.960221811 0.002731176 -0.279225024
vn -0.632622251 -0.676758801 -0.376545632
vn -0.838947939 -0.361263317 -0.407007580
vn -0.951842996 -0.096301476 -0.291068612
vn -0.832210091 -0.351892509 -0.428483402
vn -0.779481419 -0.386020747 -0.493352512
vn -0.947795880 -0.135702550 -0.288561583
vn -0.955296324 -0.072699575 -0.286572339
vn -0.809135973 -0.425710253 -0.405055252
vn -0.899523010 -0.015423272 -0.436601050
vn -0.936911298 -0.179639785 -0.299877921
vn -0.877064787 -0.317823292 -0.360202325
vn -0.747232366 -0.430709880 -0.506095634
vn -0.945440698 0.036070122 -0.323791342
vn -0.914600068 -0.257407993 -0.311845860
vn -0.749132864 -0.415261483 -0.516098686
vn -0.917257808 -0.234911471 -0.321643770
vn -0.870044533 -0.019613821 -0.492582794
vn -0.909652850 -0.004895381 -0.415340497
vn -0.837990420 -0.352332304 -0.416694137
vn -0.958238908 -0.048871966 -0.281761825
vn -0.754810313 -0.398851877 -0.520748088
vn -0.727144688 -0.555035142 -0.403975981
vn -0.753796983 -0.445263692 -0.483249782
vn -0.820651582 -0.362431780 -0.441785225
vn -0.803617305 -0.363425112 -0.471297587
vn -0.956255647 -0.026763608 -0.291305419
vn -0.622741061 -0.613806038 -0.485217187
vn -0.932740125 -0.177302121 -0.313942379
vn -0.929145221 0.005127748 -0.369679408
vn -0.934135217 -0.192637155 -0.300470170
vn -0.947017220 -0.125402564 -0.295690011
vn -0.949046097 -0.025726871 -0.314085392
vn -0.618223951 -0.623524087 -0.478557059
vn -0.954575009 -0.094186935 -0.282693071
vn -0.887947927 -0.047147607 -0.457521128
vn -0.875733842 -0.066999004 -0.478122757
vn -0.928455252 -0.209347605 -0.306829634
vn -0.834548664 -0.353180038 -0.422838488
vn -0.869289862 -0.333367921 -0.364967074
vn -0.830743572 -0.348000607 -0.434465987
vn -0.851446715 -0.354969700 -0.386050520
vn -0.707611099 -0.482558706 -0.516162404
vn -0.953020550 -0.069382088 -0.294852432
vn -0.778953573 -0.387063692 -0.493369060
vn -0.901804889 -0.289130059 -0.321172464
vn -0.640273508 -0.342582638 -0.687522342
vn -0.739724388 -0.421232566 -0.524757997
vn -0.933289516 -0.033507187 -0.357558315
vn -0.560309831 -0.528878465 -0.637448400
vn -0.931376509 -0.195656060 -0.307012222
vn -0.952452514 -0.093710701 -0.289918116
vn -0.853226251 -0.346288770 -0.389985964
vn -0.942953291 -0.148234004 -0.298103625
vn -0.867723991 -0.356275405 -0.346587523
vn -0.821401284 -0.355876790 -0.445703536
vn -0.907857998 -0.132216109 -0.397885356
vn -0.727182798 -0.445444918 -0.522287281
vn -0.898357008 -0.156221316 -0.410547909
vn -0.635035467 -0.491525869 -0.595929757
vn -0.697021566 -0.441508604 -0.565005389
vn -0.928644643 -0.085429301 -0.360999945
vn -0.910436581 -0.261322136 -0.320649300
vn -0.934926510 -0.210514057 -0.285650577
vn -0.945649433 -0.057591590 -0.320047431
vn -0.786017362 -0.421092536 -0.452612177
vn -0.858360923 -0.369319905 -0.356117022
vn -0.800686857 -0.398133737 -0.447649511
vn -0.886571561 -0.318616964 -0.335371581
vn -0.600019972 -0.398274466 -0.693796428
vn -0.928365440 -0.214226361 -0.303718086
vn -0.863647974 -0.333827363 -0.377718769
vn -0.931102622 -0.198674123 -0.305902761
vn -0.957577895 -0.106628203 -0.267721871
vn -0.954764040 -0.119311158 -0.272379284
vn -0.718526163 -0.400335047 -0.568728409
vn -0.926489655 -0.249550686 -0.281676008
vn -0.810040048 -0.409148698 -0.420038646
vn -0.742350772 -0.458605575 -0.488463160
vn -0.952958604 -0.108059729 -0.283183675
vn -0.861882182 -0.339200687 -0.376964186
vn -0.791550753 -0.435078191 -0.429132117
vn -0.945961667 -0.092015260 -0.310949700
vn -0.939978434 -0.184192291 -0.287252056
vn -0.671089422 -0.236934826 -0.702496175
vn -0.929385564 -0.235074018 -0.284574558
vn -0.848745688 -0.356273416 -0.390768486
vn -0.931787712 -0.223729866 -0.285861168
vn -0.661310492 -0.374819233 -0.649753012
vn -0.797938024 -0.438795501 -0.413223207
vn -0.939064625 -0.215536397 -0.267771714
vn -0.903991535 -0.299161395 -0.305453375
vn -0.915128594 -0.204122749 -0.347668751
vn -0.938926418 -0.150686452 -0.309371581
vn -0.862299059 -0.330848464 -0.383379220
vn -0.753131064 -0.429343393 -0.498455465
vn -0.960539225 -0.122113879 -0.249905179
vn -0.650718821 -0.302912734 -0.696282193
vn -0.952165076 -0.181252799 -0.246026605
vn -0.947296680 -0.231348620 -0.221600576
vn -0.928804627 -0.244082275 -0.278829354
vn -0.796470175 -0.440617847 -0.414114926
vn -0.791563052 -0.445400908 -0.418384948
vn -0.954317488 -0.131033040 -0.268530212
vn -0.931813463 -0.225485369 -0.284394126
vn -0.949137637 -0.129087838 -0.287183000
vn -0.710206007 -0.227376123 -0.666263856
vn -0.725312913 -0.363295001 -0.584754581
vn -0.914019654 -0.314202768 -0.256602206
vn -0.764223889 -0.381688988 -0.519880143
vn -0.914092205 -0.297058553 -0.276028362
vn -0.809067593 -0.427840215 -0.402942156
vn -0.875328578 -0.317730210 -0.364482366
vn -0.744899362 -0.126515097 -0.655071653
vn -0.846200556 -0.379967621 -0.373589650
vn -0.704055124 -0.279933951 -0.652643367
vn -0.861011526 -0.344414973 -0.374215817
vn -0.946966331 -0.187034990 -0.261290415
vn -0.945709096 -0.204173904 -0.252878078
vn -0.956609865 -0.119565567 -0.265709692
vn -0.798525298 -0.397699915 -0.451876228
vn -0.938705129 -0.219997039 -0.265394015
vn -0.948567786 -0.138465340 -0.284686677
vn -0.801923581 -0.375462639 -0.464700309
vn -0.956361408 -0.137909769 -0.257592222
vn -0.907320219 -0.270804049 -0.321613411
vn -0.807184019 -0.413238529 -0.421530399
vn -0.912785239 -0.255007880 -0.319051859
vn -0.767416626 -0.084062853 -0.635614001
vn -0.781843379 -0.378530532 -0.495414540
vn -0.785291982 -0.344310571 -0.514554890
vn -0.813944989 -0.433017504 -0.387284645
vn -0.937571177 -0.298163398 -0.179049928
vn -0.884686319 -0.312446307 -0.345987605
vn -0.850406541 -0.384684720 -0.358923922
vn -0.831034121 -0.412734075 -0.372871120
vn -0.933484319 -0.215947902 -0.286310199
vn -0.765187598 -0.292646147 -0.573451107
vn -0.856126706 -0.354395228 -0.376099835
vn -0.798930350 -0.443960450 -0.405720858
vn -0.947793367 -0.136076464 -0.288393704
vn -0.970813813 -0.225123535 -0.082703893
vn -0.966716273 -0.157771574 -0.201414443
vn -0.953439819 -0.141932489 -0.266097126
vn -0.818749520 -0.384279526 -0.426589346
vn -0.916515695 -0.267727673 -0.297188279
vn -0.939085808 -0.196530677 -0.281945983
vn -0.927039671 -0.223556018 -0.301031818
vn -0.813851376 -0.371977966 -0.446406015
vn -0.793716036 -0.132876774 -0.593598026
vn -0.956764466 -0.122882679 -0.263631568
vn -0.941084035 -0.193058182 -0.277649740
vn -0.916098779 -0.260587201 -0.304725019
vn -0.981124491 -0.186506267 -0.051089581
vn -0.946730883 -0.168904711 -0.274174823
vn -0.826405568 -0.398702997 -0.397605026
vn -0.865279978 -0.349499116 -0.359361833
vn -0.974937567 -0.222155130 -0.011993258
vn -0.774967064 -0.186451743 -0.603872336
vn -0.841044128 -0.390327737 -0.374551777
vn -0.809923699 -0.304709097 -0.501174588
vn -0.959241568 -0.251272210 -0.129297680
vn -0.942979760 -0.136854072 -0.303414132
vn -0.932574669 -0.205664279 -0.296659217
vn -0.832779092 -0.416088775 -0.365169980
vn -0.819626922 -0.147295745 -0.553638575
vn -0.942903543 -0.146065547 -0.299328857
vn -0.835536593 -0.257538725 -0.485337416
vn -0.979572242 -0.197459834 -0.038050439
vn -0.834760309 -0.371728213 -0.406193751
vn -0.887530299 -0.266209417 -0.376061850
vn -0.935950608 -0.187652063 -0.297965035
vn -0.823360282 -0.395200186 -0.407301680
vn -0.930798338 -0.202411456 -0.304374862
vn -0.830738322 -0.358364455 -0.425968025
vn -0.950870961 -0.300272178 -0.075372637
vn -0.814783102 -0.351919250 -0.460739990
vn -0.815889305 -0.436910495 -0.378726632
vn -0.808414272 -0.195316537 -0.555263736
vn -0.909768195 -0.260222087 -0.323428967
vn -0.870666602 -0.353976122 -0.341526825
vn -0.834255186 -0.199764782 -0.513918590
vn -0.927710856 -0.220825087 -0.300979815
vn -0.899055973 -0.262763448 -0.350219541
vn -0.933467818 -0.211901365 -0.289371118
vn -0.895171366 -0.321705737 -0.308502261
vn -0.980800002 -0.142902809 -0.132703215
vn -0.826870135 -0.305368382 -0.472266800
vn -0.829906337 -0.400316009 -0.388590484
vn -0.946416836 -0.134110483 -0.293784872
vn -0.937021314 -0.178483435 -0.300224450
vn -0.817873364 -0.398905498 -0.414677662
vn -0.833578804 -0.312899639 -0.455236415
vn -0.831586999 -0.355972821 -0.426317269
vn -0.938754514 -0.152883759 -0.308814701
vn -0.974738799 -0.217008048 -0.052837302
vn -0.914081841 -0.242474308 -0.325054760
vn -0.976624761 -0.102187727 -0.189107760
vn -0.971506914 -0.102426040 -0.213736340
vn -0.833443046 -0.346069371 -0.430823258
vn -0.814989712 -0.385032303 -0.433061075
vn -0.932711894 -0.195586733 -0.302975827
vn -0.868022790 -0.209441338 -0.450189696
vn -0.892566251 -0.318393293 -0.319297979
vn -0.896472780 -0.265250098 -0.354935122
vn -0.985019606 -0.080063114 -0.152729414
vn -0.854948766 -0.202366074 -0.477609234
vn -0.838834979 -0.378514247 -0.391258025
vn -0.838256923 -0.285726296 -0.464419870
vn -0.983798344 -0.066582687 -0.166455894
vn -0.843631625 -0.336237630 -0.418604750
vn -0.892297548 -0.316595262 -0.321826857
vn -0.975358990 -0.155170508 -0.156834163
vn -0.893402852 -0.295578354 -0.338326440
vn -0.853550147 -0.306672451 -0.421193726
vn -0.931845809 -0.174629311 -0.318069163
vn -0.971106627 -0.092787980 -0.219868848
vn -0.871123267 -0.237715479 -0.429692454
vn -0.960539874 -0.118392224 -0.251687171
vn -0.823828048 -0.361886121 -0.436286354
vn -0.827191056 -0.355430103 -0.435229134
vn -0.930865979 -0.231161090 -0.282936529
vn -0.909727120 -0.277491286 -0.308861058
vn -0.823728603 -0.376000136 -0.424376113
vn -0.976826663 -0.078494083 -0.199118932
vn -0.973658995 -0.084087862 -0.211937236
vn -0.925298209 -0.232019012 -0.299984003
vn -0.895443922 -0.301116004 -0.327886162
vn -0.835436702 -0.360481101 -0.414848036
vn -0.873056663 -0.344424905 -0.345171766
vn -0.867851088 -0.315490242 -0.383797338
vn -0.932379075 -0.226589062 -0.281649885
vn -0.886357077 -0.201037590 -0.417079153
vn -0.944501271 -0.137884815 -0.298169627
vn -0.884890984 -0.297290722 -0.358589141
vn -0.832728966 -0.340104279 -0.436911373
vn -0.892686285 -0.327230597 -0.309889229
vn -0.875393404 -0.298536517 -0.380213540
vn -0.903765268 -0.247452727 -0.349249895
vn -0.912242878 -0.133113674 -0.387419258
vn -0.922527486 -0.236903670 -0.304663237
vn -0.865796963 -0.350358966 -0.357273305
vn -0.834126000 -0.378620265 -0.401099129
vn -0.965429457 -0.090856966 -0.244317366
vn -0.927460774 -0.202931643 -0.314062513
vn -0.850038284 -0.363451679 -0.381231941
vn -0.922921679 -0.256413853 -0.287171570
vn -0.938026327 -0.182907343 -0.294366292
vn -0.962923854 -0.120221962 -0.241504308
vn -0.865096093 -0.341913993 -0.367019851
vn -0.945500063 -0.145428168 -0.291342201
vn -0.835379335 -0.385112020 -0.392211805
vn -0.841228791 -0.342566316 -0.418309025
vn -0.976667174 -0.077915754 -0.200125877
vn -0.921162824 -0.234459308 -0.310624992
vn -0.973986019 -0.094024290 -0.206181152
vn -0.981165653 -0.058369930 -0.184138297
vn -0.908200530 -0.282885984 -0.308459589
vn -0.832971077 -0.369854496 -0.411542023
vn -0.842043412 -0.361971912 -0.399924027
vn -0.971217390 -0.105266720 -0.213671943
vn -0.920190647 -0.163595774 -0.355648136
vn -0.905485527 -0.311177802 -0.288555603
vn -0.901978767 -0.279304197 -0.329277192
vn -0.931908890 -0.244887179 -0.267537083
vn -0.897251589 -0.306269424 -0.318022995
vn -0.830187450 -0.378097688 -0.409671743
vn -0.871754245 -0.326620671 -0.365189641
vn -0.932974229 -0.199827032 -0.299379769
vn -0.917695617 -0.393548943 -0.054350573
vn -0.913342923 -0.231386864 -0.335059435
vn -0.901889462 -0.315501882 -0.295049082
vn -0.843520925 -0.384855138 -0.374645128
vn -0.965841829 -0.142084427 -0.216706198
vn -0.937780852 -0.146942617 -0.314602831
vn -0.947062883 -0.085058142 -0.309575529
vn -0.923159339 -0.216802642 -0.317448341
vn -0.975334024 -0.055581523 -0.213621710
vn -0.978492581 -0.077193906 -0.191293934
vn -0.874050959 -0.352637242 -0.334188415
vn -0.969951192 -0.115181907 -0.214307752
vn -0.851869952 -0.337156124 -0.400803360
vn -0.974573534 -0.099840630 -0.200594806
vn -0.903315172 -0.351904190 -0.245326601
vn -0.914460448 -0.266738282 -0.304323475
vn -0.845060875 -0.372270982 -0.383779148
vn -0.918288096 -0.227821790 -0.323796548
vn -0.900739550 -0.317708559 -0.296191721
vn -0.909311220 -0.268219428 -0.318137459
vn -0.951791204 -0.191226021 -0.239846018
vn -0.838070588 -0.387754774 -0.383775878
vn -0.907829270 -0.409285244 -0.091277627
vn -0.945817807 -0.206643436 -0.250453919
vn -0.935951357 -0.212975170 -0.280422243
vn -0.879153162 -0.317040346 -0.355773995
vn -0.978201792 -0.062338147 -0.198078798
vn -0.960800444 -0.119221010 -0.250297536
vn -0.968658919 -0.137930062 -0.206579759
vn -0.869074959 -0.324926398 -0.373003420
vn -0.973860229 -0.097880531 -0.204977209
vn -0.907627612 -0.288809759 -0.304632631
vn -0.859009519 -0.343891060 -0.379264533
vn -0.972873648 -0.081953736 -0.216334115
vn -0.852786425 -0.367690594 -0.370889392
vn -0.841880032 -0.385202194 -0.377964657
vn -0.911025340 -0.255330565 -0.323788716
vn -0.877755502 -0.478883801 -0.014682764
vn -0.969358971 -0.231064395 -0.083381234
vn -0.839970282 -0.390718929 -0.376548328
vn -0.854256493 -0.377407982 -0.357503928
vn -0.846435094 -0.367118851 -0.385708933
vn -0.952831843 -0.198357667 -0.229707889
vn -0.969904205 -0.132905175 -0.204014823
vn -0.856232811 -0.365371644 -0.365197117
vn -0.847776885 -0.358392745 -0.390933490
vn -0.966388659 -0.161476450 -0.200045786
vn -0.976164383 -0.100075205 -0.192582584
vn -0.922609651 -0.248683363 -0.294869492
vn -0.901466389 -0.304977990 -0.307159201
vn -0.973939677 -0.086380013 -0.209714089
vn -0.864804230 -0.468631385 -0.180272760
vn -0.977229013 -0.063466319 -0.202473410
vn -0.857286958 -0.417540967 -0.301195306
vn -0.918281595 -0.260531492 -0.298131269
vn -0.868622027 -0.357068794 -0.343507862
vn -0.897663645 -0.304282856 -0.318766253
vn -0.837182263 -0.387199409 -0.386267365
vn -0.908340774 -0.293112470 -0.298332227
vn -0.875060032 -0.350650176 -0.333638119
vn -0.845945558 -0.380199996 -0.373930576
vn -0.879804169 -0.473127180 -0.045774404
vn -0.909474937 -0.279319532 -0.307954441
vn -0.977995735 -0.150015104 -0.144982105
vn -0.931638034 -0.247479842 -0.266090777
vn -0.849055573 -0.385643724 -0.361086626
vn -0.948409145 -0.212587301 -0.235216356
vn -0.847245486 -0.407769041 -0.340440151
vn -0.955580998 -0.190289592 -0.225066273
vn -0.895952692 -0.301774289 -0.325885030
vn -0.967565431 -0.152643150 -0.201288863
vn -0.913336196 -0.247783326 -0.323141480
vn -0.966159434 -0.157256528 -0.204465969
vn -0.814288686 -0.493356014 -0.305832927
vn -0.846398877 -0.385609999 -0.367306235
vn -0.980099128 -0.193282643 -0.045249533
vn -0.859524352 -0.382953106 -0.338474232
vn -0.833408800 -0.518380565 -0.191602092
vn -0.972912200 -0.082735051 -0.215862834
vn -0.942434580 -0.228656719 -0.243994194
vn -0.863552855 -0.362254518 -0.350782169
vn -0.846406254 -0.383074542 -0.369932896
vn -0.865867728 -0.495648995 -0.067861264
vn -0.849420724 -0.504338519 -0.155328978
vn -0.928021429 -0.260760116 -0.266045841
vn -0.915744246 -0.279616322 -0.288491227
vn -0.851096236 -0.374051922 -0.368402439
vn -0.971306142 -0.120625496 -0.204972847
vn -0.980576638 -0.076504647 -0.180600375
vn -0.844483627 -0.386056075 -0.371225149
vn -0.968199096 -0.152452646 -0.198365071
vn -0.993306936 -0.087888113 -0.074946720
vn -0.906174878 -0.284497554 -0.312902911
vn -0.987650023 -0.090838388 -0.127655081
vn -0.840659793 -0.388623771 -0.377177250
vn -0.988398016 -0.149840069 0.024845851
vn -0.857943465 -0.397375503 -0.325615910
vn -0.984101827 -0.066090466 -0.164850367
vn -0.903134258 -0.275049334 -0.329691335
vn -0.833768425 -0.431815722 -0.344042724
vn -0.981851994 -0.061061599 -0.179549834
vn -0.869785161 -0.362129092 -0.335166069
vn -0.874316036 -0.362605961 -0.322627318
vn -0.793107240 -0.548233585 -0.265369257
vn -0.973882948 -0.123364092 -0.190612972
vn -0.955963962 -0.197709198 -0.216896233
vn -0.857615235 -0.384597055 -0.341439913
vn -0.811937255 -0.553849951 -0.184412919
vn -0.904271460 -0.293580726 -0.310005620
vn -0.843837190 -0.392280751 -0.366134687
vn -0.923591515 -0.266628305 -0.275477876
vn -0.853778517 -0.369227292 -0.367060554
vn -0.852943768 -0.517401222 -0.069158539
vn -0.863967617 -0.368900694 -0.342742228
vn -0.937594265 -0.242402939 -0.249314681
vn -0.970720439 -0.146328375 -0.190498915
vn -0.836338538 -0.408696982 -0.365382848
vn -0.854542723 -0.386376341 -0.347087967
vn -0.992143764 -0.043618006 -0.117252809
vn -0.968044968 -0.143882539 -0.205394145
vn -0.910625064 -0.277072544 -0.306582450
vn -0.949337112 -0.214532429 -0.229640774
vn -0.869456626 -0.374486087 -0.322188369
vn -0.983571891 -0.074107953 -0.164603603
vn -0.914625314 -0.269500658 -0.301380042
vn -0.914548616 -0.276830479 -0.294899500
vn -0.834713137 -0.422753838 -0.352892578
vn -0.965396049 -0.159440355 -0.206371611
vn -0.862894213 -0.387268045 -0.324710701
vn -0.999558882 -0.018551357 0.023192443
vn -0.979495718 -0.099853424 -0.174978375
vn -0.959404822 -0.196584373 -0.202229999
vn -0.782348050 -0.531520437 -0.324680695
vn -0.971576222 -0.133557037 -0.195453737
vn -0.935732017 -0.246461673 -0.252313766
vn -0.848002360 -0.420296549 -0.322866550
vn -0.993821474 -0.107914177 -0.025950110
vn -0.853744259 -0.391766965 -0.342985983
vn -0.995268650 -0.061566368 0.075165793
vn -0.856607473 -0.388227847 -0.339856992
vn -0.834181331 -0.431634892 -0.343267864
vn -0.770272801 -0.623669733 -0.133101000
vn -0.990685522 -0.045673544 -0.128281424
vn -0.945883969 -0.230091209 -0.228826469
vn -0.997628719 -0.007037526 -0.068464682
vn -0.995521574 -0.032699695 -0.088699078
vn -0.994933238 -0.089776326 0.045255531
vn -0.921855990 -0.266829598 -0.281040032
vn -0.953235545 -0.207731050 -0.219521768
vn -0.808784787 -0.483626204 -0.334623466
vn -0.876363634 -0.349273098 -0.331655067
vn -0.954784367 -0.194300564 -0.225020229
vn -0.765040961 -0.576715222 -0.286551707
vn -0.988415836 -0.060401875 -0.139232717
vn -0.870263288 -0.353670628 -0.342868629
vn -0.868255772 -0.369163607 -0.331436489
vn -0.871192957 -0.342954666 -0.351290376
vn -0.981999490 -0.086766415 -0.167775419
vn -0.901502477 -0.305020763 -0.307010779
vn -0.998923232 -0.025987598 -0.038432028
vn -0.855952567 -0.392486230 -0.336600301
vn -0.998721897 0.024527101 -0.044192692
vn -0.688016181 -0.703644879 -0.177532022
vn -0.997714148 -0.039335201 -0.054947429
vn -0.849584160 -0.400026789 -0.343780922
vn -0.997548472 -0.015261329 -0.068294500
vn -0.957982427 -0.174155003 -0.227902839
vn -0.844686941 -0.431814767 -0.316290972
vn -0.943811740 -0.227750880 -0.239476380
vn -0.838447648 -0.449951114 -0.307489085
vn -0.707448083 -0.689708279 -0.154336323
vn -0.797695327 -0.534617459 -0.279045405
vn -0.863052638 -0.373439836 -0.340121791
vn -0.865549951 -0.353103968 -0.355163159
vn -0.915442796 -0.277984275 -0.291014142
vn -0.995443813 -0.035047095 -0.088675345
vn -0.990209170 -0.060339558 -0.125876676
vn -0.964092110 -0.152262181 -0.217583618
vn -0.909932646 -0.284925318 -0.301396984
vn -0.926369070 -0.268414062 -0.264185990
vn -0.818765893 -0.460562362 -0.342789618
vn -0.949718327 -0.211111972 -0.231228966
vn -0.861826852 -0.389238387 -0.325189107
vn -0.985607488 -0.082387353 -0.147615052
vn -0.977406410 -0.116904739 -0.176096539
vn -0.754642830 -0.587899123 -0.291356861
vn -0.949397370 -0.196372663 -0.245117139
vn -0.875865572 -0.347721321 -0.334588378
vn -0.776769871 -0.583287413 -0.237496026
vn -0.944766006 -0.228316142 -0.235135989
vn -0.983699165 0.032751188 -0.176814343
vn -0.736582719 -0.646970234 -0.197168494
vn -0.933178988 -0.252518505 -0.255756487
vn -0.996971607 0.023309017 -0.074190998
vn -0.762524338 -0.583368604 -0.279710041
vn -0.995509128 0.026669235 -0.090831318
vn -0.701946718 -0.684795125 -0.195771404
vn -0.856206978 -0.383314894 -0.346380286
vn -0.969049841 0.005180886 -0.246810785
vn -0.830894851 -0.439889100 -0.340751120
vn -0.809308503 -0.502007078 -0.304973180
vn -0.914533538 -0.270524792 -0.300740328
vn -0.994787762 -0.018437409 -0.100286442
vn -0.856830766 -0.391004938 -0.336089537
vn -0.866436880 -0.359121148 -0.346870486
vn -0.912249213 -0.267945356 -0.309849416
vn -0.924294375 -0.255182029 -0.283834531
vn -0.836701849 -0.426414161 -0.343658231
vn -0.946779025 -0.206181612 -0.247181352
vn -0.969786483 -0.131274325 -0.205623999
vn -0.953500970 -0.187427417 -0.236023016
vn -0.993456962 -0.034349574 -0.108919104
vn -0.767292663 -0.560822468 -0.311030752
vn -0.985760412 -0.088251547 -0.143136559
vn -0.988961584 0.035523400 -0.143850869
vn -0.734643776 -0.601083553 -0.314638023
vn -0.935723981 -0.224816058 -0.271805760
vn -0.720514804 -0.628801952 -0.292346578
vn -0.855302216 -0.399103896 -0.330415192
vn -0.874558244 -0.344340458 -0.341434514
vn -0.934381433 -0.000590494 -0.356273754
vn -0.710488482 -0.653784040 -0.260331607
vn -0.887805129 -0.308265581 -0.341722672
vn -0.857282696 -0.351979245 -0.375735267
vn -0.973224041 0.031432052 -0.227699344
vn -0.978409531 -0.112244669 -0.173539402
vn -0.664059003 -0.717475118 -0.210368952
vn -0.641421239 -0.755108630 -0.135608814
vn -0.957897840 -0.176574653 -0.226391521
vn -0.809443454 -0.491342969 -0.321532863
vn -0.937965027 -0.220470325 -0.267608751
vn -0.992926611 -0.065451825 -0.099059599
vn -0.919759796 -0.240661692 -0.310038494
vn -0.993130152 -0.022393351 -0.114852253
vn -0.961882234 -0.153195922 -0.226525004
vn -0.675507089 -0.686468128 -0.269168500
vn -0.982686145 -0.102467296 -0.154364485
vn -0.942010759 -0.212698728 -0.259566911
vn -0.778141326 -0.554266627 -0.295439644
vn -0.851164640 -0.401165584 -0.338503957
vn -0.991387601 0.002442850 -0.130937604
vn -0.914741716 -0.262825496 -0.306871880
vn -0.854754454 -0.372792043 -0.361138362
vn -0.832666671 -0.415585955 -0.365997990
vn -0.911329631 -0.262310359 -0.317287850
vn -0.930763941 -0.097577076 -0.352359475
vn -0.784255384 -0.521798046 -0.335663958
vn -0.836874636 -0.443028240 -0.321507109
vn -0.688127606 -0.646739392 -0.328950690
vn -0.946974196 -0.193642413 -0.256402979
vn -0.857464476 -0.386716871 -0.339418230
vn -0.767223207 -0.552186941 -0.326279224
vn -0.969900179 -0.134093610 -0.203254881
vn -0.616672010 -0.709317387 -0.341444691
vn -0.959843838 -0.034612934 -0.278391362
vn -0.623834059 -0.710282913 -0.326081662
vn -0.932278457 -0.210552003 -0.294150868
vn -0.980264034 -0.102529637 -0.169026914
vn -0.990652859 -0.047685577 -0.127800620
vn -0.956969319 -0.179134335 -0.228299391
vn -0.989976662 -0.059699385 -0.127992935
vn -0.977966410 0.011151082 -0.208464278
vn -0.909937357 -0.271199546 -0.313791035
vn -0.983091678 0.006640147 -0.182993610
vn -0.952600616 -0.192403873 -0.235654019
vn -0.851614165 -0.392306115 -0.347633753
vn -0.992707898 -0.042391293 -0.112845058
vn -0.910509571 -0.261374615 -0.320399176
vn -0.940643509 -0.102496091 -0.323549595
vn -0.791343287 -0.499248397 -0.352883608
vn -0.843398587 -0.403539772 -0.354731556
vn -0.876991423 -0.346781077 -0.332609275
vn -0.940860633 -0.203149336 -0.271130259
vn -0.939302647 -0.200576116 -0.278351861
vn -0.741180189 -0.566826774 -0.359665588
vn -0.851917423 -0.391404348 -0.347907085
vn -0.768140416 -0.519885991 -0.373736349
vn -0.977221485 -0.118685940 -0.175931286
vn -0.849051993 -0.391146353 -0.355127081
vn -0.704403016 -0.597160428 -0.383687131
vn -0.921962998 -0.258330723 -0.288529840
vn -0.840758261 -0.410281927 -0.353262348
vn -0.826666555 -0.434076083 -0.358050780
vn -0.982211938 -0.021717818 -0.186515536
vn -0.759095972 -0.531846272 -0.375383601
vn -0.980794512 -0.092063413 -0.171948982
vn -0.938786615 -0.221858806 -0.263549543
vn -0.916964016 -0.271338008 -0.292493896
vn -0.842722463 -0.398404034 -0.362067778
vn -0.985064447 -0.036594433 -0.168252439
vn -0.634292820 -0.641089567 -0.432061091
vn -0.597775952 -0.648488083 -0.471303636
vn -0.969496463 -0.158850321 -0.186663289
vn -0.782900710 -0.483164660 -0.391941818
vn -0.951828356 -0.189144445 -0.241344485
vn -0.988940211 -0.038352557 -0.143270163
vn -0.867852880 -0.366782926 -0.335114403
vn -0.988811934 -0.052140612 -0.139758062
vn -0.952282944 -0.155344013 -0.262726915
vn -0.904189192 -0.292643144 -0.311130029
vn -0.943312136 -0.219375714 -0.249071294
vn -0.674584367 -0.521498587 -0.522470243
vn -0.980187560 -0.082848942 -0.179912200
vn -0.942753085 -0.217169324 -0.253089124
vn -0.976146095 -0.125883824 -0.176895633
vn -0.843979371 -0.416414154 -0.338079982
vn -0.961290415 -0.179991757 -0.208623360
vn -0.763261988 -0.516563706 -0.388063235
vn -0.966896922 -0.201276778 -0.156837501
vn -0.791997837 -0.475489359 -0.382948164
vn -0.941696731 -0.230692667 -0.244924805
vn -0.759815506 -0.526226493 -0.381793236
vn -0.847708798 -0.396139950 -0.352793046
vn -0.532873299 -0.506657811 -0.677749150
vn -0.989803268 -0.053090081 -0.132177663
vn -0.986469895 -0.043472673 -0.158073629
vn -0.855756330 -0.390789445 -0.339064469
vn -0.715826348 -0.534537351 -0.449291063
vn -0.758595412 -0.526396187 -0.383979237
vn -0.594431109 -0.545074239 -0.591223926
vn -0.878011546 -0.335338807 -0.341531272
vn -0.990029235 -0.061335433 -0.126807250
vn -0.981503021 -0.033188752 -0.188547941
vn -0.788554981 -0.499509969 -0.358707169
vn -0.944405421 -0.223435341 -0.241195042
vn -0.972752306 -0.197680485 -0.121141966
vn -0.894331848 -0.315161465 -0.317559124
vn -0.967294875 -0.241807660 -0.076613839
vn -0.928774884 -0.263952379 -0.260204451
vn -0.983963555 -0.041329590 -0.173515380
vn -0.845672726 -0.398654780 -0.354840819
vn -0.922397916 -0.274777025 -0.271439993
vn -0.821502478 -0.439945391 -0.362741963
vn -0.554052238 -0.584307534 -0.592967810
vn -0.923480219 -0.278311947 -0.264058225
vn -0.944874236 -0.248573871 0.213128386
vn -0.842286767 -0.403724191 -0.357155120
vn -0.957246583 -0.179157617 -0.227115671
vn -0.778450368 -0.494687016 -0.386393297
vn -0.994570566 -0.073181734 -0.073985293
vn -0.756748253 -0.491019617 -0.431545847
vn -0.944543464 -0.228848016 -0.235512695
vn -0.834454444 -0.432678842 -0.341284046
vn -0.856147028 -0.401347678 -0.325472440
vn -0.957514332 -0.227593053 0.177109308
vn -0.716226923 -0.463474435 -0.521737906
vn -0.972583180 -0.155400477 -0.173010547
vn -0.578813622 -0.390613155 -0.715818520
vn -0.940397912 -0.242440553 -0.238483426
vn -0.762604289 -0.500045361 -0.410352697
vn -0.829597185 -0.446629330 -0.335098124
vn -0.842746258 -0.412959458 -0.345316130
vn -0.774822670 -0.506832323 -0.377850269
vn -0.866381604 -0.369530339 -0.335902136
vn -0.972326225 -0.160636180 -0.169640002
vn -0.546952761 -0.321898175 -0.772802848
vn -0.952965700 -0.187618416 -0.238024589
vn -0.977899530 -0.181444976 0.103876035
vn -0.909222448 -0.292815247 -0.295928660
vn -0.990056154 -0.135277768 -0.038584168
vn -0.979801384 -0.096340235 -0.175236433
vn -0.984788676 -0.010319827 -0.173449605
vn -0.802436323 -0.491666367 -0.338171749
vn -0.993386771 -0.010996294 -0.114288255
vn -0.780292208 -0.449519647 -0.434828882
vn -0.859253129 -0.392468846 -0.328104046
vn -0.765536188 -0.420177072 -0.487242827
vn -0.997658478 -0.068107424 -0.006240276
vn -0.965879415 -0.166307440 -0.198541658
vn -0.848506008 -0.417747583 -0.324845366
vn -0.696626824 -0.334234544 -0.634821500
vn -0.835797205 -0.435747033 -0.334017298
vn -0.732931137 -0.392809609 -0.555439069
vn -0.929528689 -0.270817075 -0.250268913
vn -0.956369900 -0.196059389 0.216604086
vn -0.841884967 -0.437442603 -0.316027959
vn -0.804634505 -0.489281469 -0.336402968
vn -0.845873399 -0.409298657 -0.342012867
vn -0.499893960 -0.254242227 -0.827929296
vn -0.998265848 -0.031895326 -0.049477106
vn -0.862175251 -0.387681042 -0.326124588
vn -0.925427973 -0.269265764 -0.266606481
vn -0.820896587 -0.459459307 -0.339154741
vn -0.970247133 -0.154801155 -0.186164183
vn -0.980375330 -0.077340631 -0.181335709
vn -0.942089218 -0.239388374 -0.234864030
vn -0.943156519 -0.237723617 -0.232256891
vn -0.939994377 -0.233990596 -0.248312247
vn -0.770377696 -0.428655394 -0.471988093
vn -0.994244718 -0.084065754 0.066410760
vn -0.971220426 -0.160720063 -0.175783801
vn -0.973153646 -0.134792011 -0.186555878
vn -0.795279598 -0.370125892 -0.480142880
vn -0.953445906 -0.186857225 -0.236696603
vn -0.725627017 -0.306628972 -0.615990345
vn -0.892523801 -0.333590423 -0.303510615
vn -0.992424557 -0.017091740 -0.121660888
vn -0.659864412 -0.201097604 -0.723974248
vn -0.760580303 -0.348849152 -0.547559925
vn -0.972614669 -0.142657326 0.183492758
vn -0.785452227 -0.509194387 -0.351832169
vn -0.863285471 -0.377223525 -0.335321649
vn -0.616743767 -0.035098028 -0.786381113
vn -0.778762432 -0.404097674 -0.479827202
vn -0.835671376 -0.432572338 -0.338429495
vn -0.840675701 -0.424435511 -0.336331478
vn -0.964694157 -0.154739032 -0.213122067
vn -0.931739476 -0.258143044 -0.255389345
vn -0.938242028 -0.233054058 -0.255710193
vn -0.843730322 -0.418301383 -0.336367504
vn -0.866395275 -0.386704136 -0.315941670
vn -0.969544463 -0.048142603 0.240137093
vn -0.816682700 -0.464250866 -0.342783460
vn -0.777573500 -0.347438063 -0.524086104
vn -0.774884552 -0.234642930 -0.586938350
vn -0.857227895 -0.402308349 -0.321416131
vn -0.808884993 -0.423014443 -0.408367296
vn -0.995606760 -0.033143954 0.087570868
vn -0.815375481 -0.429223639 -0.388496965
vn -0.999075743 -0.015772951 -0.039985915
vn -0.968817107 -0.135130842 -0.207685025
vn -0.761134997 -0.380026526 -0.525598093
vn -0.999987646 0.003462082 -0.003566697
vn -0.855805138 -0.399278568 -0.328898450
vn -0.780923789 -0.361172023 -0.509620257
vn -0.957521632 -0.198131905 -0.209513895
vn -0.684852845 -0.036300031 -0.727776675
vn -0.967791157 -0.145635225 -0.205354956
vn -0.738756704 0.084665020 -0.668633208
vn -0.790232355 -0.307103454 -0.530302078
vn -0.915469567 -0.294177561 -0.274545141
vn -0.990085965 -0.084177497 -0.112445237
vn -0.789108111 -0.477665955 -0.386191177
vn -0.834982872 -0.425169065 -0.349334895
vn -0.832686773 -0.446412027 -0.327641635
vn -0.979416018 -0.128506953 -0.155660613
vn -0.925255150 -0.264120611 -0.272292509
vn -0.831424764 -0.433055492 -0.348131876
vn -0.999705975 -0.010860145 -0.021679985
vn -0.999261055 -0.018804070 -0.033522407
vn -0.934261961 -0.245095264 -0.259003666
vn -0.985460474 -0.004707048 0.169839622
vn -0.852438219 -0.398861834 -0.338021184
vn -0.787748372 -0.291443025 -0.542690948
vn -0.977741308 0.102671915 0.182976537
vn -0.775340970 -0.324620303 -0.541726905
vn -0.972887064 -0.138568975 -0.185173972
vn -0.929535988 -0.258811171 -0.262639726
vn -0.794440089 0.218682281 -0.566606570
vn -0.829578823 -0.355798353 -0.430356258
vn -0.936891380 -0.236728585 -0.257282179
vn -0.971666237 -0.120395142 -0.203395508
vn -0.745014353 -0.188502895 -0.639859572
vn -0.825904335 0.150278917 -0.543413540
vn -0.878973130 -0.368599383 -0.302556989
vn -0.995819742 -0.061988646 -0.067085385
vn -0.825502348 -0.433801318 -0.361057183
vn -0.934147388 -0.222828528 -0.278776084
vn -0.998247193 -0.006191445 -0.058857522
vn -0.806523377 -0.207458027 -0.553607450
vn -0.945285581 -0.219220419 -0.241614526
vn -0.717079243 -0.101008621 -0.689633684
vn -0.980197664 -0.127380003 -0.151614231
vn -0.830504976 -0.427505548 -0.357072109
vn -0.997913590 0.011923554 -0.063453098
vn -0.924463383 -0.274825288 -0.264269776
vn -0.798871566 -0.344632528 -0.492983409
vn -0.838694600 -0.394734323 -0.375201522
vn -0.992509124 0.106818439 0.059291310
vn -0.857737021 -0.396800417 -0.326858734
vn -0.840776548 -0.406352303 -0.357732584
vn -0.997213452 0.074305075 0.006639817
vn -0.934067741 0.145640054 -0.326046670
vn -0.768997995 -0.022758386 -0.638845943
vn -0.928965347 -0.244049288 -0.278322348
vn -0.977028833 -0.128000991 -0.170383117
vn -0.929768145 -0.231974495 -0.285865405
vn -0.832110367 -0.331965283 -0.444287506
vn -0.861476078 -0.383899367 -0.332385686
vn -0.996830413 -0.002279100 -0.079523164
vn -0.785668966 -0.118648126 -0.607162991
vn -0.939653262 -0.222129293 -0.260212074
vn -0.981185896 -0.113053650 -0.156502748
vn -0.813379485 -0.257712293 -0.521534455
vn -0.955297270 -0.202431349 -0.215473142
vn -0.968312165 0.249647881 -0.006891020
vn -0.924232984 -0.265037024 -0.274861361
vn -0.893056053 -0.333995360 -0.301492929
vn -0.985883502 -0.105016114 -0.130404511
vn -0.819311736 -0.399560007 -0.411193484
vn -0.843624702 -0.404983683 -0.352541599
vn -0.779748202 -0.165375785 -0.603857261
vn -0.994423380 -0.033126655 -0.100123750
vn -0.993103054 0.082363620 -0.083441944
vn -0.829097801 -0.395310770 -0.395381121
vn -0.966410271 0.255989399 0.022817014
vn -0.843640381 -0.328996060 -0.424302369
vn -0.978902877 0.188151050 -0.079676474
vn -0.920288961 -0.281723859 -0.271477248
vn -0.971784219 -0.141949582 -0.188376613
vn -0.994899417 0.021906679 -0.098464447
vn -0.960796767 -0.180446622 -0.210496056
vn -0.838022481 -0.391965652 -0.379580359
vn -0.842671040 -0.377512015 -0.383914310
vn -0.831651890 -0.364273423 -0.419118131
vn -0.876461836 -0.006557172 -0.481426686
vn -0.975672621 -0.126341305 -0.179166991
vn -0.819365072 -0.187430638 -0.541766219
vn -0.832143526 -0.118479522 -0.541756176
vn -0.844764239 -0.285158477 -0.452833330
vn -0.923537352 -0.266772307 -0.275520046
vn -0.956397285 -0.199378097 -0.213430567
vn -0.925615280 -0.254388663 -0.280219130
vn -0.952663461 -0.210012252 -0.219834447
vn -0.984990275 0.041866021 -0.167455650
vn -0.834430745 -0.383131428 -0.396151031
vn -0.941948460 -0.009774406 -0.335615194
vn -0.991054396 0.036844931 -0.128271726
vn -0.989620948 -0.053299626 -0.133452350
vn -0.837212417 -0.387684372 -0.385715176
vn -0.917823609 -0.270971360 -0.290128152
vn -0.845723143 -0.381191196 -0.373424206
vn -0.921235272 -0.273922610 -0.276210024
vn -0.965155518 0.217850872 -0.144968355
vn -0.992258298 0.003699161 -0.124136158
vn -0.939711212 -0.229139491 -0.253846277
vn -0.847895612 -0.379380811 -0.370328546
vn -0.975164868 0.097862659 -0.198686636
vn -0.973159539 -0.151452238 -0.173270689
vn -0.840500403 -0.379353729 -0.386845991
vn -0.831599643 -0.179672888 -0.525508979
vn -0.818592745 -0.191305711 -0.541579212
vn -0.984219292 -0.092878918 -0.150618366
vn -0.966691222 -0.164416685 -0.196151052
vn -0.984931981 0.049107589 -0.165823514
vn -0.954195504 -0.206260159 -0.216720296
vn -0.869341720 -0.364666130 -0.333561970
vn -0.962108848 0.096852235 -0.254884698
vn -0.936338488 0.323574882 -0.136270071
vn -0.845587421 -0.394918203 -0.359195666
vn -0.908957781 -0.034839902 -0.415429817
vn -0.973701191 -0.141506720 -0.178554864
vn -0.982290913 0.101952842 -0.157194724
vn -0.925273735 -0.267914465 -0.268496472
vn -0.848014614 -0.380373905 -0.369035103
vn -0.923167514 -0.271720568 -0.271900118
vn -0.911358717 0.356084965 -0.206467398
vn -0.951042052 -0.214262727 -0.222734143
vn -0.858915402 -0.211492417 -0.466406786
vn -0.979846920 -0.104535030 -0.170212926
vn -0.986688375 0.017403303 -0.161688515
vn -0.956818453 -0.221092147 -0.188723903
vn -0.856220154 -0.370287577 -0.360241804
vn -0.844591610 -0.365347786 -0.391389841
vn -0.871618644 -0.108918200 -0.477930711
vn -0.975135877 0.038906409 -0.218165792
vn -0.897499659 -0.315590746 -0.308053311
vn -0.835393760 -0.232346326 -0.498128949
vn -0.987658666 -0.026608517 -0.154344893
vn -0.960564417 -0.206539421 -0.186165162
vn -0.850707262 -0.331098659 -0.408253393
vn -0.833895116 -0.238490076 -0.497736296
vn -0.850799767 -0.300008332 -0.431433375
vn -0.837848273 -0.403234125 -0.367984390
vn -0.866215211 -0.207228781 -0.454672894
vn -0.983518574 -0.085951885 -0.159070699
vn -0.798278136 0.392045824 -0.457222145
vn -0.853475431 -0.391835738 -0.343575964
vn -0.946564155 0.191942482 -0.259180215
vn -0.833806481 -0.210880043 -0.510192473
vn -0.871069343 -0.157395723 -0.465257764
vn -0.964055188 -0.195707142 -0.179711737
vn -0.843326414 -0.403745670 -0.354668850
vn -0.849630430 -0.386181344 -0.359154704
vn -0.956926435 -0.068874112 -0.282042824
vn -0.982159442 0.041813833 -0.183342397
vn -0.848263358 0.378957822 -0.369919241
vn -0.969738665 -0.153715667 -0.189679772
vn -0.936685207 -0.036996482 -0.348212699
vn -0.983357743 -0.095167491 -0.154760127
vn -0.873496237 -0.240644587 -0.423195589
vn -0.921354378 -0.254667018 -0.293684900
vn -0.987825940 -0.047396249 -0.148167160
vn -0.846793614 -0.391750491 -0.359822356
vn -0.919517171 -0.269293492 -0.286302614
vn -0.853322461 -0.386014384 -0.350476351
vn -0.699714058 0.418527085 -0.578995092
vn -0.903664272 -0.293496288 -0.311850625
vn -0.933864120 -0.247323893 -0.258318985
vn -0.871044387 -0.352857773 -0.341720745
vn -0.958384068 -0.205180665 -0.198496530
vn -0.917744634 -0.145306275 -0.369636137
vn -0.871822441 0.160852135 -0.462657781
vn -0.848392538 -0.259544903 -0.461374626
vn -0.833959114 -0.409319779 -0.370093928
vn -0.876643860 -0.229585448 -0.422831012
vn -0.951714256 0.075434775 -0.297572798
vn -0.865820478 -0.298774611 -0.401358484
vn -0.573778181 0.386663124 -0.721990462
vn -0.984899953 -0.010379204 -0.172813061
vn -0.580692103 0.435491922 -0.687854249
vn -0.851408704 -0.386463255 -0.354611578
vn -0.961003945 -0.226102358 -0.159214134
vn -0.887949544 -0.198564848 -0.414870593
vn -0.977180832 -0.141191069 -0.158690594
vn -0.869377618 -0.269292237 -0.414323845
vn -0.852169887 -0.378561415 -0.361244707
vn -0.850696338 -0.401982044 -0.338712527
vn -0.845062762 -0.407490790 -0.346150522
vn -0.850455737 -0.388804091 -0.354339412
vn -0.960079679 -0.220155821 -0.172564263
vn -0.803248560 0.140984389 -0.578718544
vn -0.969297411 -0.179176198 -0.168399584
vn -0.859321030 -0.264994758 -0.437430161
vn -0.863184668 -0.312118572 -0.396855422
vn -0.913592203 -0.268739197 -0.305169676
vn -0.862207196 -0.328312328 -0.385758691
vn -0.983057283 -0.057681087 -0.173986408
vn -0.781041065 0.079811316 -0.619358546
vn -0.950298082 -0.010766058 -0.311155341
vn -0.840762250 -0.413189928 -0.349846998
vn -0.972688588 0.008206560 -0.231968884
vn -0.953429310 -0.213047329 -0.213502663
vn -0.939860769 -0.236465232 -0.246466891
vn -0.962457558 -0.197615942 -0.186073610
vn -0.873474890 0.014320417 -0.486658548
vn -0.879173537 -0.267962789 -0.394017558
vn -0.981021119 -0.020950749 -0.192765738
vn -0.963724565 -0.204590192 -0.171399579
vn -0.922208854 -0.256297323 -0.289555715
vn -0.852284056 -0.297934628 -0.429938188
vn -0.980758540 -0.107530148 -0.162941566
vn -0.861640122 -0.283951919 -0.420651410
vn -0.946633428 -0.074412346 -0.313604777
vn -0.983091795 -0.114728219 -0.142716358
vn -0.859421615 -0.390687490 -0.329784433
vn -0.865837968 -0.290360288 -0.407450016
vn -0.858631554 -0.348400175 -0.375990921
vn -0.977106756 -0.160581724 -0.139556071
vn -0.962681523 -0.208763009 -0.172227441
vn -0.898671169 -0.237448830 -0.368792872
vn -0.979848531 -0.096594818 -0.174832199
vn -0.914533330 0.017252716 -0.404142465
vn -0.969575232 -0.185697983 -0.159499621
vn -0.854998175 -0.372791204 -0.360561839
vn -0.957601235 -0.231708760 -0.171204338
vn -0.866306922 -0.291279024 -0.405794094
vn -0.843105500 -0.406530512 -0.352002924
vn -0.916826090 -0.269462427 -0.294652203
vn -0.888196052 -0.331849790 -0.317778996
vn -0.852121858 -0.398279942 -0.339501733
vn -0.887054302 -0.257481932 -0.383194102
vn -0.882966029 -0.249152373 -0.397861893
vn -0.850091964 -0.398998140 -0.343721016
vn -0.761587048 -0.123594364 -0.636167904
vn -0.964658133 -0.013183301 -0.263174633
vn -0.956845895 -0.226587094 -0.181945656
vn -0.967664745 -0.208079914 -0.142575208
vn -0.951666310 -0.030376680 -0.305628030
vn -0.968278988 -0.205202309 -0.142575642
vn -0.881456599 -0.039547362 -0.470606279
vn -0.969730454 -0.021827084 -0.243200382
vn -0.918774908 -0.071218551 -0.388304761
vn -0.888442451 -0.244078177 -0.388710503
vn -0.949080040 -0.156669795 -0.273316032
vn -0.975424118 -0.054391678 -0.213516593
vn -0.869193265 -0.318919154 -0.377880460
vn -0.920554854 -0.217260183 -0.324617888
vn -0.977018878 -0.134726276 -0.165175493
vn -0.971072271 -0.159443959 -0.177753391
vn -0.934586785 -0.083739373 -0.345738715
vn -0.966798285 -0.211722066 -0.143090329
vn -0.957249650 -0.218094996 -0.190020209
vn -0.973859682 -0.151743366 -0.169030384
vn -0.962199475 -0.181437835 -0.203107070
vn -0.970484849 -0.197982168 -0.137703376
vn -0.974182944 -0.109486429 -0.197434326
vn -0.953386504 -0.211790797 -0.214939138
vn -0.942298866 -0.241380427 -0.231966240
vn -0.865278769 -0.293332231 -0.406508123
vn -0.919235730 -0.275144457 -0.281604688
vn -0.869731663 -0.341846765 -0.355960145
vn -0.881797317 -0.311367270 -0.354237089
vn -0.848680913 -0.391409827 -0.355723284
vn -0.848064971 -0.144670252 -0.509761045
vn -0.854684635 -0.392769431 -0.339479527
vn -0.966720729 -0.209479509 -0.146865133
vn -0.847745194 -0.266411680 -0.458642456
vn -0.894233029 -0.300553144 -0.331685240
vn -0.960806543 -0.042984774 -0.273866932
vn -0.963623473 -0.220672246 -0.150776532
vn -0.955556361 -0.211451435 -0.205427192
vn -0.894399675 -0.276698165 -0.351407665
vn -0.876764822 -0.313998233 -0.364264406
vn -0.971156822 -0.089767899 -0.220898509
vn -0.896354904 -0.290904721 -0.334547948
vn -0.876402749 -0.371712658 -0.306182824
vn -0.881196879 -0.313940560 -0.353459170
vn -0.924858921 -0.313364225 -0.215496724
vn -0.955525283 -0.227460091 -0.187705460
vn -0.849352559 -0.399836607 -0.344573531
vn -0.881063045 -0.291757987 -0.372297177
vn -0.872644535 -0.299305926 -0.385885316
vn -0.955364629 -0.275235093 -0.107350223
vn -0.871390189 -0.379454411 -0.310955767
vn -0.971236119 -0.141553668 -0.191475745
vn -0.971780860 -0.154068748 -0.178619092
vn -0.865733975 -0.360495881 -0.347199373
vn -0.811681026 -0.415837304 -0.410186846
vn -0.824468347 -0.344872093 -0.448681606
vn -0.920860730 -0.283236166 -0.267941767
vn -0.972666641 -0.067610336 -0.222145107
vn -0.974782157 -0.139877572 -0.173879304
vn -0.881237151 -0.345284755 -0.322799508
vn -0.937313286 -0.166085562 -0.306364798
vn -0.956712920 -0.203387637 -0.208167860
vn -0.882277821 -0.345649005 -0.319550640
vn -0.952310972 -0.199873616 -0.230552272
vn -0.873452242 -0.326827980 -0.360921947
vn -0.953619075 -0.092292309 -0.286518395
vn -0.892649705 -0.320657475 -0.316789029
vn -0.856405889 -0.389553412 -0.338846709
vn -0.905663554 -0.289126792 -0.310127757
vn -0.877500108 -0.418262130 -0.234628111
vn -0.947446915 -0.203610740 -0.246752934
vn -0.954199360 -0.297079811 -0.035315257
vn -0.885148914 -0.415995690 -0.208468188
vn -0.878794546 -0.338924339 -0.335932192
vn -0.964388140 -0.205256171 -0.166809529
vn -0.860368337 -0.384048463 -0.335071788
vn -0.873799725 -0.381805486 -0.301162103
vn -0.964485357 -0.186600662 -0.186944349
vn -0.911430600 -0.392887216 -0.122204321
vn -0.853025703 -0.392845435 -0.343539830
vn -0.900947695 -0.315285618 -0.298141291
vn -0.967682824 -0.135021874 -0.212976633
vn -0.863841230 -0.422232139 -0.274769631
vn -0.920521461 -0.270619116 -0.281789876
vn -0.914877425 -0.402063847 0.036660078
vn -0.982340869 -0.132344625 -0.132254747
vn -0.936748422 -0.250934363 -0.243996597
vn -0.858994228 -0.444917853 -0.253331837
vn -0.889699846 -0.318877827 -0.326727892
vn -0.970349283 -0.177529855 -0.164028715
vn -0.968419696 -0.157382413 -0.193375462
vn -0.926552949 -0.267041930 -0.264930633
vn -0.966000234 -0.176518420 -0.188904197
vn -0.845668576 -0.386070614 -0.368502565
vn -0.883827452 -0.333875118 -0.327683446
vn -0.892665903 -0.341278468 -0.294408887
vn -0.956544294 -0.198315996 -0.213761031
vn -0.835460179 -0.467223864 -0.289323607
vn -0.880760315 -0.339837818 -0.329805284
vn -0.887009595 -0.312915253 -0.339555626
vn -0.958635236 -0.198758482 -0.203748743
vn -0.905105815 -0.404589069 0.130733122
vn -0.844858015 -0.403863408 -0.350869324
vn -0.878202670 -0.352782299 -0.322962413
vn -0.977473687 -0.093920543 -0.189008261
vn -0.957398386 -0.235414294 -0.167237679
vn -0.907923102 -0.356196994 -0.220905733
vn -0.895210900 -0.324828081 -0.305096971
vn -0.956110602 -0.199132133 -0.214939320
vn -0.855125535 -0.392798986 -0.338333085
vn -0.878330929 -0.327802431 -0.347966013
vn -0.943923576 -0.262436163 -0.200338571
vn -0.952968485 -0.209884703 -0.218630916
vn -0.878336512 -0.476077548 -0.043302887
vn -0.891392899 -0.312285460 -0.328476012
vn -0.921283695 -0.276059685 -0.273911306
vn -0.965720319 -0.178419004 -0.188549527
vn -0.858398054 -0.373531354 -0.351606468
vn -0.862185498 -0.438607698 -0.253494487
vn -0.869482550 -0.477092711 -0.127994691
vn -0.972456299 -0.119654853 -0.200028653
vn -0.966313834 -0.184514428 -0.179421290
vn -0.855548736 -0.395324266 -0.334297900
vn -0.962515471 -0.164679637 -0.215510060
vn -0.851192876 -0.397531118 -0.342694758
vn -0.874982285 -0.368965186 -0.313481566
vn -0.945734463 -0.245583448 -0.212779455
vn -0.963059885 -0.174015799 -0.205509512
vn -0.884507379 -0.345619519 -0.313358970
vn -0.852761504 -0.475416392 -0.216280077
vn -0.972265550 -0.155889070 -0.174351075
vn -0.963058651 -0.204931374 -0.174703081
vn -0.883954227 -0.342854008 -0.317924605
vn -0.965738842 -0.192372708 -0.174187344
vn -0.765080461 -0.581196339 -0.277241238
vn -0.867989119 -0.344731883 -0.357428060
vn -0.970505961 -0.167091800 -0.173777183
vn -0.984195511 -0.109087499 -0.139495927
vn -0.893912923 -0.433507015 -0.113979626
vn -0.847479021 -0.530209118 0.025643704
vn -0.985949983 -0.117555004 -0.118673721
vn -0.936506396 -0.331375100 -0.114657372
vn -0.846167678 -0.408728790 -0.341966426
vn -0.944373297 -0.208267311 -0.254526626
vn -0.876524423 -0.464974032 0.124515404
vn -0.937334808 -0.193820480 -0.289546333
vn -0.855571979 -0.479444395 -0.195268177
vn -0.853569757 -0.390950989 -0.344348653
vn -0.863402406 -0.365012132 -0.348284982
vn -0.845058547 -0.508493439 -0.165258812
vn -0.894104245 -0.340967556 -0.290376866
vn -0.948918878 -0.184069454 -0.256264316
vn -0.812998460 -0.569363554 -0.121896055
vn -0.840565307 -0.489601180 -0.231820296
vn -0.849048083 -0.453292025 -0.271373713
vn -0.957481169 -0.194291407 -0.213261952
vn -0.940720679 -0.234073704 -0.245467117
vn -0.877887691 -0.371506222 -0.302152823
vn -0.983967750 -0.121664621 -0.130403940
vn -0.963171680 -0.187359261 -0.192864775
vn -0.968971001 -0.170017288 -0.179413827
vn -0.878517383 -0.363148812 -0.310370986
vn -0.993303198 -0.101430688 -0.055322448
vn -0.966917568 -0.241775241 -0.081333573
vn -0.871309733 -0.335438623 -0.358190284
vn -0.878828890 -0.360353566 -0.312738054
vn -0.952861031 -0.297006028 -0.061994147
vn -0.966984441 -0.154840642 -0.202399276
vn -0.966073974 -0.187969290 -0.177111893
vn -0.880085921 -0.339827440 -0.331611341
vn -0.875934683 -0.346887865 -0.335271891
vn -0.845584869 -0.526903520 -0.085784095
vn -0.940385575 -0.340104805 -0.001921635
vn -0.988987503 -0.130708068 -0.069419888
vn -0.950839500 -0.193916516 -0.241455234
vn -0.853344028 -0.392429661 -0.343224316
vn -0.922346838 -0.386314579 0.006112086
vn -0.964459718 -0.183482819 -0.190135497
vn -0.881960498 -0.350859608 -0.314711322
vn -0.953207451 -0.193484524 -0.232291397
vn -0.920976827 -0.271714160 -0.279236638
vn -0.876621786 -0.481115389 -0.007888404
vn -0.943253862 -0.192094792 -0.270872188
vn -0.978123901 -0.202130047 -0.049163797
vn -0.991758541 -0.122903996 -0.036188463
vn -0.990634831 -0.126071907 -0.052426196
vn -0.987392673 -0.139659570 -0.074504449
vn -0.942916237 -0.191549806 -0.272429149
vn -0.965510291 -0.184486886 -0.183723886
vn -0.884938465 -0.375644634 -0.275272632
vn -0.862407092 -0.374327842 -0.340782445
vn -0.817550387 -0.547154669 -0.179535882
vn -0.881785940 -0.350195919 -0.315937295
vn -0.887332874 -0.345221416 -0.305716445
vn -0.973463844 -0.152798021 -0.170355244
vn -0.834965977 -0.482367424 -0.264865033
vn -0.962925409 -0.175957981 -0.204483361
vn -0.873903542 -0.375137376 -0.309135161
vn -0.989788867 -0.141874325 -0.013772259
vn -0.823114042 -0.507745131 -0.254319005
vn -0.880054632 -0.354729284 -0.315707111
vn -0.963769824 -0.154188188 -0.217655067
vn -0.962906355 -0.180017296 -0.201010262
vn -0.858332360 -0.382947921 -0.341491507
vn -0.884763125 -0.354955046 -0.301995246
vn -0.890659954 -0.366470044 -0.269118102
vn -0.851803364 -0.516770023 0.085905595
vn -0.891958152 -0.437798654 0.112884867
vn -0.989741401 -0.136288466 0.042865060
vn -0.872731113 -0.376810514 -0.310409796
vn -0.805291684 -0.591191551 0.044697353
vn -0.821960594 -0.523918839 -0.223360320
vn -0.941351657 -0.204061068 -0.268730605
vn -0.881691194 -0.362940503 -0.301487693
vn -0.980557180 -0.193426630 0.033071964
vn -0.917701902 -0.269108316 -0.292239513
vn -0.845179327 -0.468341919 -0.257541748
vn -0.930066802 -0.342891633 0.131913122
vn -0.957870737 -0.188809155 -0.216413386
vn -0.964557107 -0.256489029 0.061991650
vn -0.992017091 -0.125090234 -0.015953806
vn -0.747465326 -0.646492932 -0.152782448
vn -0.949644125 -0.178703683 -0.257373328
vn -0.862242776 -0.392760673 -0.319806892
vn -0.860855052 -0.389368115 -0.327598917
vn -0.876545491 -0.357884600 -0.321848746
vn -0.853492071 -0.395066195 -0.339814635
vn -0.879694742 -0.354913386 -0.316502210
vn -0.953450366 -0.197436852 -0.227927814
vn -0.832946663 -0.496388244 0.244537457
vn -0.963831205 -0.183881228 -0.192917344
vn -0.944142408 -0.193779733 -0.266541797
vn -0.835046009 -0.545660428 0.070376561
vn -0.820896227 -0.497966916 -0.279568123
vn -0.876446629 -0.370996569 -0.306924831
vn -0.877641002 -0.403731620 -0.258354507
vn -0.989899045 -0.132820831 -0.049583332
vn -0.887167333 -0.341677559 -0.310146044
vn -0.775921106 -0.589133366 -0.225540051
vn -0.868548722 -0.393480368 -0.301324273
vn -0.958220704 -0.184568884 -0.218511804
vn -0.981978077 -0.145855598 -0.120188190
vn -0.953294439 -0.195033659 -0.230633008
vn -0.866338148 -0.384521349 -0.318749973
vn -0.861044986 -0.440858803 0.253466069
vn -0.804396858 -0.519041436 -0.289035783
vn -0.960650464 -0.191700700 -0.201001310
vn -0.871202760 -0.380710403 -0.309944093
vn -0.973209596 -0.216854129 0.076402669
vn -0.883306878 -0.343712280 -0.318795902
vn -0.993766936 -0.110739317 0.012809429
vn -0.965049682 -0.194514523 -0.175622355
vn -0.684972241 -0.670623488 -0.284740524
vn -0.802678688 -0.536284978 -0.260970011
vn -0.851526287 -0.448334771 -0.271843548
vn -0.827511373 -0.484742092 -0.283284367
vn -0.966988459 -0.183193278 -0.177125784
vn -0.881072897 -0.347068019 -0.321332134
vn -0.926639254 -0.256788008 -0.274589896
vn -0.854388160 -0.401365579 -0.330040215
vn -0.709139084 -0.632732633 -0.311080656
vn -0.962198467 -0.194971942 -0.190157967
vn -0.836471219 -0.488179254 -0.248991799
vn -0.988715750 -0.140616296 0.051654852
vn -0.777580129 -0.553137128 -0.299012477
vn -0.993253941 -0.111104042 -0.033203922
vn -0.849910400 -0.404149141 -0.338106174
vn -0.881456825 -0.349559125 -0.317556742
vn -0.964315458 -0.186936317 -0.187484694
vn -0.958474220 -0.186187874 -0.216012140
vn -0.885204144 -0.357427259 0.297757247
vn -0.888256977 -0.339287824 -0.309650311
vn -0.968039547 -0.194184697 0.158719054
vn -0.870804438 -0.370853253 -0.322749897
vn -0.703170972 -0.554448562 -0.445126248
vn -0.939245006 -0.231526538 0.253405367
vn -0.710948977 -0.559782208 -0.425670567
vn -0.984264876 -0.161471445 0.071760892
vn -0.957088586 -0.208339769 -0.201434802
vn -0.874216333 -0.347270170 -0.339336460
vn -0.792069314 -0.491987853 -0.361350459
vn -0.997169471 -0.072581370 0.019621204
vn -0.811814573 -0.497257222 -0.306092068
vn -0.968987881 -0.177601898 -0.171814007
vn -0.961182307 -0.184300124 -0.205333964
vn -0.859676265 -0.382792363 -0.338270196
vn -0.852425560 -0.423985821 -0.305952101
vn -0.992080102 -0.124165105 -0.018976238
vn -0.993691072 -0.094456419 0.060465175
vn -0.930886831 -0.273835851 -0.241792544
vn -0.860613382 -0.385785714 -0.332436444
vn -0.981845551 -0.158285317 -0.104523069
vn -0.990797706 -0.131035398 -0.033906202
vn -0.759492370 -0.529083548 -0.378473167
vn -0.962774700 -0.181382587 -0.200412661
vn -0.889954582 -0.340170067 -0.303751817
vn -0.958325032 -0.166033880 0.232477704
vn -0.887674441 -0.353299091 -0.295319892
vn -0.855969148 -0.398912273 -0.328916123
vn -0.948692830 -0.223929092 -0.223243536
vn -0.813228623 -0.472549595 -0.339641116
vn -0.827513523 -0.470829655 -0.305844413
vn -0.853917350 -0.432678300 -0.289161974
vn -0.976020630 -0.134934862 0.170810749
vn -0.871101280 -0.355601596 -0.338718267
vn -0.890517286 -0.346827332 -0.294431258
vn -0.955061745 -0.199634054 -0.219096573
vn -0.964809879 -0.187093366 -0.184764633
vn -0.728797845 -0.458391582 -0.508655934
vn -0.985202109 -0.124396288 0.117908302
vn -0.838208426 -0.465699184 -0.283779674
vn -0.955583821 -0.201115629 -0.215434594
vn -0.827140552 -0.467282368 0.312226993
vn -0.997495902 -0.041927097 0.056956513
vn -0.875461698 -0.373695333 -0.306461439
vn -0.995316425 -0.095004087 0.017872832
vn -0.880304136 -0.362630814 -0.305881548
vn -0.961962964 -0.191871639 -0.194454444
vn -0.875894501 -0.284830760 0.389461501
vn -0.960406064 -0.170033516 -0.220700694
vn -0.927450357 -0.293480353 -0.231743647
vn -0.944810395 -0.115212246 0.306691141
vn -0.844575835 -0.439754458 -0.305463052
vn -0.867816662 -0.367818574 -0.334071456
vn -0.992542389 -0.120187907 -0.020358596
vn -0.876811702 -0.371845615 -0.304847631
vn -0.992804782 -0.116257648 -0.028684908
vn -0.966897463 -0.151148199 -0.205580929
vn -0.971893561 -0.090135311 0.217482255
vn -0.868968797 -0.389835561 -0.304830224
vn -0.960494390 -0.170545237 -0.219920096
vn -0.966403126 -0.170699211 -0.192163412
vn -0.755308768 -0.458737555 -0.468047562
vn -0.868565949 -0.387286542 -0.309196260
vn -0.847583432 -0.416410638 -0.328944534
vn -0.851733375 -0.418455052 -0.315350007
vn -0.955760753 -0.188545544 -0.225769709
vn -0.764205734 -0.458749380 -0.453363653
vn -0.895712991 -0.319588338 0.309130284
vn -0.897446016 -0.335683314 -0.286194622
vn -0.956068238 -0.011090946 0.292934320
vn -0.886704058 -0.347917053 -0.304482575
vn -0.970539014 -0.188945748 -0.149510955
vn -0.885500341 -0.352451373 -0.302765877
vn -0.810593166 -0.407757198 -0.420324621
vn -0.711251204 -0.396811613 -0.580226050
vn -0.839578791 -0.426520037 -0.336434409
vn -0.994690513 -0.061478318 0.082529991
vn -0.944929048 -0.238573818 -0.224034881
vn -0.864998040 -0.394007066 -0.310703753
vn -0.989828341 -0.036924582 0.137391523
vn -0.868965585 -0.383836751 -0.312359025
vn -0.968010554 -0.022185507 0.249926730
vn -0.991391677 -0.130397338 -0.011793068
vn -0.831275613 -0.396112101 -0.389969305
vn -0.994850314 -0.096349312 0.031458902
vn -0.853339459 -0.396365169 -0.338683364
vn -0.868508104 -0.390319231 -0.305523438
vn -0.887357626 -0.353058806 -0.296556780
vn -0.850713538 -0.440639362 -0.286571857
vn -0.952812149 -0.209038584 -0.220117875
vn -0.927836036 -0.277347559 -0.249396514
vn -0.872873852 -0.373180086 -0.314368989
vn -0.971060836 -0.174725373 -0.162824742
vn -0.854945294 -0.409994331 -0.317762793
vn -0.796159563 -0.395383505 -0.458041302
vn -0.965104873 -0.147611606 -0.216294700
vn -0.983580087 -0.162071001 -0.079392711
vn -0.997933096 -0.023918773 0.059644180
vn -0.758859945 -0.320095269 -0.567160120
vn -0.961121148 -0.160058354 -0.225005470
vn -0.963278718 -0.174893309 -0.203731299
vn -0.997858530 -0.031212679 0.057481493
vn -0.875790711 -0.363479756 -0.317605256
vn -0.999335370 -0.035918579 0.006218806
vn -0.874600678 -0.374525232 -0.307903402
vn -0.965244185 -0.175510561 -0.193648406
vn -0.848848771 -0.397833300 -0.348115540
vn -0.675947225 -0.378058009 -0.632587931
vn -0.887538734 -0.333884759 -0.317483800
vn -0.987931745 0.026281405 0.152643885
vn -0.995806688 -0.066500956 0.062822468
vn -0.864919104 -0.375391868 -0.333160457
vn -0.973076420 -0.161758352 -0.164184401
vn -0.991049387 -0.118546477 0.061382778
vn -0.990536716 -0.130292004 0.043139407
vn -0.850910884 -0.409999209 -0.328407242
vn -0.797093595 -0.306734954 -0.520149468
vn -0.993445372 -0.114295951 -0.001651528
vn -0.853162775 -0.430694351 -0.294305377
vn -0.990478489 -0.136088523 -0.020791291
vn -0.954578466 -0.211255864 -0.210121185
vn -0.993401493 0.109916662 0.032738364
vn -0.999053102 -0.008656624 0.042637574
vn -0.863683519 -0.390511261 -0.318671830
vn -0.990248110 -0.135529618 -0.032255278
vn -0.981377709 -0.151063522 -0.118649079
vn -0.963842989 -0.181579161 -0.195027434
vn -0.696149388 -0.153942648 -0.701197327
vn -0.997315221 -0.055178301 0.048142555
vn -0.968093514 -0.185078242 -0.168940795
vn -0.969424630 -0.165700428 -0.180995179
vn -0.853560005 -0.394789610 -0.339965413
vn -0.991130213 0.127811385 -0.036402615
vn -0.965457494 -0.156542414 -0.208293781
vn -0.595054083 -0.078410507 -0.799851506
vn -0.847954264 -0.375595062 -0.374034645
vn -0.805476626 -0.317510179 -0.500394535
vn -0.767551448 -0.217603492 -0.602920804
vn -0.998948741 0.044048408 0.012694519
vn -0.989690554 -0.129815147 -0.060503188
vn -0.992817157 -0.107282205 0.052958681
vn -0.992548969 -0.111582580 0.048947639
vn -0.943774664 -0.235466409 -0.232045154
vn -0.819633770 -0.336558128 -0.463604476
vn -0.992745409 -0.119854920 0.009557816
vn -0.848239713 -0.378446724 -0.370496244
vn -0.852422671 -0.324742228 -0.409778080
vn -0.999640616 -0.019137106 0.018772609
vn -0.976862937 -0.168741176 -0.131397176
vn -0.863904111 -0.406718909 -0.297068032
vn -0.930025056 -0.246373939 -0.272677973
vn -0.953899678 -0.206774636 -0.217530814
vn -0.761628560 0.003843114 -0.648002444
vn -0.860554914 -0.399028076 -0.316578323
vn -0.809165465 -0.207656443 -0.549663580
vn -0.885098252 -0.349060016 -0.307828181
vn -0.549793379 -0.107583311 -0.828343571
vn -0.995076289 -0.093078147 0.034053438
vn -0.972922791 0.096939450 -0.209818934
vn -0.971838429 -0.167099329 -0.166156197
vn -0.864022783 -0.398026902 -0.308284309
vn -0.809031924 -0.113054934 -0.576789327
vn -0.982491685 0.115586708 -0.146115714
vn -0.864058320 -0.208446352 -0.458206655
vn -0.970761765 -0.178791470 -0.160172424
vn -0.849599217 -0.316559771 -0.421866190
vn -0.970363848 -0.175272029 -0.166354193
vn -0.850749272 -0.401694890 -0.338920185
vn -0.990559490 -0.124138115 -0.058151740
vn -0.862543859 -0.316653152 -0.394650316
vn -0.993008863 -0.113207680 0.033427830
vn -0.855310325 -0.308484866 -0.416270747
vn -0.889470256 -0.335889625 -0.309872269
vn -0.659214543 0.034442480 -0.751165695
vn -0.965765019 -0.188048078 -0.178706039
vn -0.937070909 -0.210654987 -0.278428783
vn -0.853469149 -0.272463007 -0.444245790
vn -0.877476155 -0.363029450 -0.313440927
vn -0.866679279 -0.325665497 -0.377900796
vn -0.848071360 -0.413556465 -0.331279368
vn -0.854112492 -0.399281720 -0.333265597
vn -0.993113840 0.094153261 -0.069714160
vn -0.960518901 0.013741355 -0.277875181
vn -0.997425066 -0.069225771 0.018735799
vn -0.994272551 -0.101642334 0.033029239
vn -0.989086525 -0.129916202 0.069495522
vn -0.991764255 -0.125590820 -0.025111932
vn -0.855814808 -0.378909899 -0.352148126
vn -0.970743959 -0.156104140 -0.182449074
vn -0.846825103 -0.008693706 -0.531800400
vn -0.964328333 -0.171945364 -0.201260174
vn -0.881590472 -0.351837094 -0.314656797
vn -0.858704518 -0.400038669 -0.320305501
vn -0.949731795 -0.191527091 -0.247642669
vn -0.872358339 -0.303655428 -0.383124404
vn -0.985601780 -0.145363916 -0.086362397
vn -0.909906100 -0.276035158 -0.309637660
vn -0.826566571 0.121079832 -0.549661148
vn -0.994126016 -0.102703019 0.034140209
vn -0.742798959 -0.111406129 -0.660180567
vn -0.780839561 0.088895404 -0.618374633
vn -0.883403430 -0.338005636 -0.324577526
vn -0.993010865 -0.117529977 0.010776196
vn -0.865669233 -0.273622971 -0.419222195
vn -0.848826964 -0.400767566 -0.344787097
vn -0.990405473 -0.110748923 0.082653944
vn -0.965676816 -0.166148291 -0.199657286
vn -0.991876565 0.025230737 -0.124676744
vn -0.851636892 -0.400789632 -0.337760678
vn -0.946197852 -0.196846768 -0.256828689
vn -0.860513032 -0.364047047 -0.356352451
vn -0.874120694 -0.392656028 -0.285892036
vn -0.992750075 -0.119436517 -0.013498372
vn -0.859981879 -0.302442608 -0.411046999
vn -0.898370496 0.007055956 -0.439181813
vn -0.869677199 -0.368074835 -0.328911059
vn -0.882757002 -0.117574088 -0.454880654
vn -0.980345459 -0.162572140 0.111772450
vn -0.879388305 -0.382919118 -0.282929598
vn -0.942193094 -0.109948066 -0.316517926
vn -0.885476376 -0.336214554 -0.320766832
vn -0.979689144 -0.152369146 -0.130356528
vn -0.965942230 -0.164536871 -0.199707850
vn -0.962145687 -0.172914469 -0.210656742
vn -0.917580506 -0.073843738 -0.390631689
vn -0.918523531 -0.275458723 -0.283614200
vn -0.840610718 -0.422230695 -0.339256335
vn -0.991756334 -0.102061221 0.077478256
vn -0.938473302 -0.215293799 -0.270030446
vn -0.875314830 -0.374843595 -0.305477050
vn -0.993077985 -0.117317419 0.005721767
vn -0.883352031 -0.323162204 -0.339492826
vn -0.992508013 -0.118794661 0.028559969
vn -0.993668368 -0.106776029 0.034957880
vn -0.885775681 -0.319195072 -0.336921280
vn -0.879013643 -0.357843438 -0.315092191
vn -0.985885479 -0.151105353 -0.072090178
vn -0.896995668 0.051105130 -0.439075207
vn -0.863236969 -0.386308068 -0.324943091
vn -0.886443340 -0.280587102 -0.368088418
vn -0.965878982 -0.184371248 0.181892920
vn -0.980996436 -0.125351294 -0.148098092
vn -0.865583386 -0.369697091 -0.337771319
vn -0.959364072 -0.191489146 -0.207249814
vn -0.992256502 -0.122902391 0.017945393
vn -0.853547207 -0.401521364 -0.332020721
vn -0.991695094 -0.105142764 0.074066449
vn -0.991403206 -0.128599990 -0.024118974
vn -0.896538592 -0.196786547 -0.396854644
vn -0.886259851 -0.326896119 -0.328149973
vn -0.875258539 -0.388012903 -0.288735998
vn -0.926071068 0.012288953 -0.377148987
vn -0.981177339 -0.113378368 0.156321387
vn -0.992525770 -0.117814040 0.031818974
vn -0.968276408 -0.165670745 -0.187066840
vn -0.864673500 -0.399235953 -0.304877668
vn -0.901412851 -0.232687516 -0.365118327
vn -0.909731327 -0.102992879 -0.402220561
vn -0.842977026 -0.433921788 -0.317964802
vn -0.943057615 -0.229865766 -0.240424758
vn -0.883572417 -0.369721376 -0.287412400
vn -0.898971118 -0.339472458 -0.276783993
vn -0.967011894 -0.217165898 0.133142664
vn -0.904094017 0.048426253 -0.424580859
vn -0.983052427 -0.113023512 0.144338535
vn -0.989500184 -0.110076412 0.093661998
vn -0.872457492 -0.396389905 -0.285819816
vn -0.882614006 -0.390842556 -0.261217559
vn -0.843674162 -0.410273281 -0.346250984
vn -0.991099108 -0.112514634 -0.071154876
vn -0.955678293 -0.286155996 0.069236892
vn -0.888218510 -0.370258651 -0.271986046
vn -0.908180942 -0.326733391 -0.261634608
vn -0.896380019 -0.363395855 -0.253862788
vn -0.858453205 -0.381876410 -0.342386480
vn -0.884974851 -0.336640559 -0.321702730
vn -0.985798749 -0.121393212 -0.116036693
vn -0.855720876 -0.396727255 -0.332188604
vn -0.995281565 -0.096902693 -0.004947188
vn -0.896124491 -0.336736789 -0.289083434
vn -0.994687067 -0.102049996 -0.013543865
vn -0.854442023 -0.408960923 -0.320436879
vn -0.964558418 -0.174615779 -0.197829187
vn -0.835182330 -0.432155829 -0.340164393
vn -0.974560083 -0.113382243 0.193331609
vn -0.955662090 -0.135548337 0.261412735
vn -0.941455207 -0.135884836 -0.308540765
vn -0.994667091 -0.101510064 0.018250635
vn -0.948848646 -0.193650811 -0.249370428
vn -0.970222174 -0.170568559 -0.171974708
vn -0.936132208 -0.224151461 -0.270947618
vn -0.989607675 -0.103466854 0.099856199
vn -0.872145201 -0.357482659 -0.334019305
vn -0.911971881 -0.306083078 0.273167418
vn -0.992389548 -0.113082593 0.048737181
vn -0.927793680 -0.262905482 -0.264725507
vn -0.955296848 -0.200972644 -0.216836178
vn -0.884600392 -0.366926724 -0.287831419
vn -0.870236197 -0.388046541 -0.303494387
vn -0.970808111 -0.181826853 -0.156430838
vn -0.859014301 -0.499145500 -0.113790159
vn -0.889135585 -0.352737402 -0.291572010
vn -0.993242971 -0.088943563 -0.074548265
vn -0.953468981 -0.115033634 0.278682911
vn -0.979606489 -0.158238302 -0.123821512
vn -0.883916361 -0.379207322 -0.273667084
vn -0.995698140 -0.073364811 -0.056593456
vn -0.842011481 -0.407276008 -0.353755451
vn -0.928326882 -0.327168809 -0.176549628
vn -0.844371555 -0.411679354 -0.342865552
vn -0.889280312 -0.364285005 -0.276544684
vn -0.840664471 -0.387364957 -0.378459558
vn -0.881205057 -0.372977417 -0.290457389
vn -0.935521950 -0.179068319 0.304521293
vn -0.901166487 -0.371290440 -0.223701524
vn -0.863257748 -0.342419317 -0.370857212
vn -0.889556490 -0.359411821 -0.281979422
vn -0.842574136 -0.479540308 -0.245173243
vn -0.935231124 -0.335695500 0.112477892
vn -0.810367688 -0.496513043 0.311093245
vn -0.977630320 -0.053507275 0.203410740
vn -0.959413258 -0.232116568 -0.160150238
vn -0.861005680 -0.354148399 -0.365031683
vn -0.968154605 -0.160406274 -0.192214695
vn -0.998097270 -0.050741372 0.035030747
vn -0.981391652 -0.098342545 0.164921707
vn -0.954857750 -0.285654277 -0.081537179
vn -0.993758155 -0.058858516 0.094764993
vn -0.864337647 -0.393044316 -0.313746073
vn -0.998265146 -0.058680099 0.004831563
vn -0.866159532 -0.233745721 0.441735897
vn -0.943696658 -0.218054050 -0.248775096
vn -0.814139520 -0.547397669 0.193733412
vn -0.997353158 -0.065640848 -0.031272305
vn -0.882761536 -0.364484540 -0.296450823
vn -0.889443702 -0.358697220 -0.283242309
vn -0.990186819 -0.100358878 -0.097253067
vn -0.974304620 -0.147767832 -0.169985807
vn -0.836742710 -0.423042738 -0.347701709
vn -0.889749710 -0.322317537 -0.323197863
vn -0.890921276 -0.342736637 -0.297977983
vn -0.818027213 -0.435764409 0.375420908
vn -0.861083212 -0.434062857 -0.264811513
vn -0.993545685 -0.023701241 0.110928913
vn -0.842291973 -0.394985623 -0.366784118
vn -0.876715789 -0.367754542 -0.310041968
vn -0.851437864 -0.375400315 -0.366235125
vn -0.978791076 -0.146817471 -0.142872881
vn -0.905231853 -0.406274465 -0.124484347
vn -0.865787565 -0.395935552 -0.306017861
vn -0.885735276 -0.357281554 -0.296349308
vn -0.900507744 -0.101723509 0.422774327
vn -0.943041997 -0.332143816 -0.018769077
vn -0.996777524 -0.063463393 -0.049060829
vn -0.973958346 -0.145459657 -0.173915578
vn -0.957215751 -0.194666834 -0.214109388
vn -0.950840611 -0.051762191 0.305324102
vn -0.934458262 -0.355743364 0.015310641
vn -0.997320246 -0.060528860 -0.041092389
vn -0.896624804 -0.130404815 0.423153098
vn -0.884732846 -0.362324115 -0.293204754
vn -0.998677242 -0.043752895 -0.027008351
vn -0.850582154 -0.370757474 -0.372892604
vn -0.826270680 -0.396292492 0.400286177
vn -0.999506995 -0.029500529 -0.010746400
vn -0.891373254 -0.332872821 -0.307651437
vn -0.832771553 -0.440469211 -0.335378019
vn -0.873183644 -0.365620952 -0.322291240
vn -0.998426649 0.001507283 0.056053139
vn -0.835247125 -0.435109118 -0.336217631
vn -0.861049349 -0.407078328 -0.304764260
vn -0.960814668 0.064603882 0.269557993
vn -0.994312898 -0.093906677 -0.050233425
vn -0.873272559 -0.384652339 -0.299061222
vn -0.910848197 0.005324377 0.412707176
vn -0.987242135 -0.121842726 -0.102505207
vn -0.825377615 -0.432062439 -0.363419648
vn -0.847763410 -0.484396588 -0.216002655
vn -0.968954092 -0.245251743 -0.031297767
vn -0.980556815 -0.132181963 -0.145038829
vn -0.999598296 0.024768410 -0.013775797
vn -0.844886832 -0.388635562 -0.367598478
vn -0.986982543 0.034183547 0.157152618
vn -0.974332993 -0.141230866 -0.175297065
vn -0.930545582 -0.356632231 -0.083056441
vn -0.997859359 0.051586751 0.040193376
vn -0.896806140 -0.331051406 -0.293502493
vn -0.832094134 -0.447614761 -0.327506302
vn -0.900761643 -0.375472850 -0.218285596
vn -0.886055186 -0.369892860 -0.279437792
vn -0.917677771 0.317102362 0.239402591
vn -0.943821305 -0.220613139 -0.246030864
vn -0.951886021 0.196922977 0.234807036
vn -0.854814656 -0.393784917 -0.337972400
vn -0.959774916 0.144982583 0.240441597
vn -0.998201492 -0.022979311 -0.055369054
vn -0.881759980 -0.363344971 -0.300798555
vn -0.888987991 -0.373295228 -0.265237677
vn -0.994068434 -0.097320978 -0.048544584
vn -0.997614816 -0.055076774 -0.041608020
vn -0.989620889 0.130705432 0.059720898
vn -0.851102252 -0.430251145 -0.300846986
vn -0.865517018 -0.248142654 -0.435092535
vn -0.994829674 0.094728032 -0.036613107
vn -0.994914070 -0.091994965 -0.041023397
vn -0.933661452 0.008169485 0.358063616
vn -0.872814148 -0.399848091 -0.279851687
vn -0.771588854 -0.336097610 -0.540082436
vn -0.900839521 -0.294847334 -0.318674139
vn -0.728680327 -0.443651375 -0.521726402
vn -0.990407344 -0.103306780 -0.091766014
vn -0.828609279 -0.459065834 -0.320414144
vn -0.882989292 -0.368688078 -0.290515078
vn -0.985097724 -0.107037629 -0.134630679
vn -0.834852585 -0.466877191 -0.291627932
vn -0.837709897 -0.447882890 -0.312478871
vn -0.960435221 -0.166910503 -0.222946339
vn -0.974308692 0.197325880 0.108559056
vn -0.833057155 -0.465053167 -0.299568570
vn -0.869073085 -0.369791588 -0.328582036
vn -0.966246047 -0.159787492 -0.202080515
vn -0.909193552 -0.291415275 -0.297395734
vn -0.874563566 -0.414198277 -0.252147490
vn -0.951189010 0.303888595 -0.053769782
vn -0.991765694 0.053515784 -0.116348055
vn -0.834580837 -0.443589608 -0.326654384
vn -0.865650498 -0.429879939 -0.256617329
vn -0.986115914 0.160286201 -0.043402056
vn -0.996785224 -0.061494130 -0.051358441
vn -0.994490958 -0.095916649 -0.042281576
vn -0.814953417 -0.489898391 -0.309597311
vn -0.994234888 -0.095692970 -0.048371914
vn -0.755615704 -0.424605050 -0.498753906
vn -0.827263770 -0.476401349 -0.297785844
vn -0.917817088 0.396953607 0.006295044
vn -0.637375288 -0.404054898 -0.656119182
vn -0.958097652 0.284174087 -0.035971907
vn -0.994199742 -0.090347597 -0.058345395
vn -0.900833849 -0.315155839 -0.298622124
vn -0.892375562 -0.422098651 -0.159682765
vn -0.978239205 0.161042888 -0.130817605
vn -0.980348008 -0.123426648 -0.153894916
vn -0.880181249 -0.440894993 -0.175762836
vn -0.923645941 -0.169071159 -0.343937667
vn -0.935324968 -0.261030808 -0.238809801
vn -0.978864184 -0.105840745 -0.174993275
vn -0.829238374 -0.517593615 -0.210856749
vn -0.957779971 -0.156237092 -0.241345183
vn -0.764953132 -0.279708185 -0.580181038
vn -0.885695145 0.356411417 -0.297514724
vn -0.936507243 -0.246889684 -0.248997325
vn -0.952229943 0.249708088 -0.175795355
vn -0.994589937 -0.071217469 -0.075623599
vn -0.808498794 -0.532793551 -0.249921452
vn -0.860402192 -0.482526135 -0.163940836
vn -0.827545117 -0.469229959 -0.308208249
vn -0.894216607 0.333485044 -0.298604062
vn -0.988018147 -0.041490527 -0.148656240
vn -0.864035443 -0.501328086 -0.045966339
vn -0.994867126 -0.097585723 -0.026766194
vn -0.809115512 -0.511602344 -0.289128224
vn -0.971550153 -0.127541106 -0.199558430
vn -0.887338773 -0.130296303 -0.442326549
vn -0.826888781 -0.559691220 -0.054778474
vn -0.995475320 -0.080633167 -0.050271072
vn -0.946162959 -0.307912605 -0.099827266
vn -0.904483388 0.224298360 -0.362767206
vn -0.807950370 -0.474840293 -0.348916746
vn -0.819636864 -0.176801841 -0.544918820
vn -0.955712887 -0.157370701 -0.248691256
vn -0.952772402 0.044128306 -0.300462047
vn -0.825277600 -0.448838266 -0.342725974
vn -0.863196254 -0.504759906 0.010472024
vn -0.866346904 0.322720106 -0.381175518
vn -0.990449789 -0.115940405 -0.074612584
vn -0.878261771 -0.369389973 -0.303656566
vn -0.782025821 -0.529637667 -0.328511120
vn -0.990746967 -0.133358689 -0.025217185
vn -0.945248027 -0.050625662 -0.322402248
vn -0.827196896 0.368807422 -0.423941483
vn -0.994817619 -0.094706883 -0.036993384
vn -0.891497730 -0.449845892 -0.053576779
vn -0.993582433 -0.111367439 -0.019779825
vn -0.970140417 -0.238339031 -0.044967525
vn -0.972454179 -0.194765110 -0.128060224
vn -0.941755391 -0.335877196 -0.016831319
vn -0.994804291 -0.100757870 0.014569612
vn -0.954527805 -0.176328004 -0.240385324
vn -0.979628049 -0.060927752 -0.191354891
vn -0.779548650 -0.607482463 -0.152541667
vn -0.901314788 -0.100884290 -0.421252909
vn -0.784490741 -0.531987717 -0.318690046
vn -0.876667470 -0.481086888 0.003090819
vn -0.750992936 -0.608402616 -0.256623980
vn -0.794945370 0.365252495 -0.484409407
vn -0.973495789 -0.193396048 0.122081604
vn -0.961644455 -0.207185656 -0.179761081
vn -0.996398640 -0.084156684 -0.010363572
vn -0.949692655 -0.309804594 0.045880010
vn -0.890021801 -0.292300517 -0.349887985
vn -0.990570756 -0.117014083 0.071255050
vn -0.833073710 0.164608610 -0.528102451
vn -0.981619797 -0.185561339 -0.044604525
vn -0.695883159 0.284801254 -0.659268439
vn -0.786148928 -0.617433171 -0.027315603
vn -0.798335249 -0.527526192 -0.290477102
vn -0.691350371 -0.710530045 -0.131079059
vn -0.994079939 -0.088909008 -0.062452080
vn -0.883707695 -0.463862794 -0.062386044
vn -0.846870194 -0.520383386 0.109599298
vn -0.648331791 -0.730756886 -0.213682623
vn -0.933190563 -0.352287628 0.071054916
vn -0.952620995 -0.131742789 -0.274147913
vn -0.767388851 -0.592978092 -0.243908455
vn -0.717941314 -0.691077860 -0.083496469
vn -0.837454520 -0.431790708 -0.335002554
vn -0.814696528 0.035660948 -0.578790001
vn -0.933337758 -0.311679551 0.178147375
vn -0.974210302 -0.095932478 0.204233314
vn -0.755424269 -0.399549987 -0.519320692
vn -0.975515781 -0.099781563 0.195991329
vn -0.727052150 -0.655030914 -0.205741764
vn -0.763198515 -0.643787542 0.055368114
vn -0.999820989 -0.017411950 0.007403686
vn -0.989231244 -0.130550675 0.066166969
vn -0.810955432 -0.561188088 0.165587489
vn -0.994516817 -0.086850218 0.058252377
vn -0.984898653 0.066759888 -0.159742795
vn -0.772259091 -0.610006523 -0.177504753
vn -0.783869317 -0.352292871 -0.511310695
vn -0.739578549 -0.664829169 -0.105003554
vn -0.652970278 -0.718671365 -0.239042433
vn -0.804978855 -0.561033405 -0.193004045
vn -0.947651165 -0.101932245 0.302600541
vn -0.635694481 -0.748569795 -0.188509387
vn -0.956065356 -0.169014334 0.239527013
vn -0.900892464 -0.423770310 0.093869555
vn -0.961345725 -0.130096833 0.242670993
vn -0.941773993 -0.118681158 0.314605353
vn -0.824836720 -0.011718140 -0.565249564
vn -0.646975599 -0.642032417 -0.411359878
vn -0.514634647 -0.646840054 -0.562804695
vn -0.862662091 0.473377797 -0.178122367
vn -0.978747527 -0.118544716 0.167333284
vn -0.911130921 -0.345893937 0.224048720
vn -0.984823958 -0.030824777 0.170796969
vn -0.990407434 0.092965294 0.102228027
vn -0.716477682 -0.627098631 -0.305625651
vn -0.903151308 -0.321200723 -0.284864546
vn -0.840579784 0.519000021 0.155127705
vn -0.960798017 -0.117110010 0.251301446
vn -0.960680700 -0.085098225 0.264293178
vn -0.658103119 -0.707907217 -0.256452055
vn -0.972435949 -0.090875021 0.214732523
vn -0.748895481 -0.624071797 -0.222912430
vn -0.855794405 0.512600162 -0.069692259
vn -0.507571543 -0.694395900 -0.510083780
vn -0.982723573 0.117453973 0.143034764
vn -0.982718905 -0.066041510 0.172922158
vn -0.858235296 0.373392579 -0.352150761
vn -0.978232214 -0.039460046 0.203726879
vn -0.588649666 -0.610172246 -0.530265406
f 1944//1944 1959//1959 1946//1946
f 305//305 307//307 285//285
f 816//816 826//826 763//763
f 849//849 899//899 852//852
f 1591//1591 1611//1611 1568//1568
f 681//681 716//716 647//647
f 716//716 738//738 763//763
f 1584//1584 1571//1571 1553//1553
f 1545//1545 1530//1530 1551//1551
f 859//859 828//828 866//866
f 681//681 677//677 713//713
f 790//790 748//748 791//791
f 748//748 734//734 791//791
f 965//965 925//925 954//954
f 925//925 899//899 954//954
f 990//990 1060//1060 1055//1055
f 990//990 971//971 966//966
f 971//971 990//990 1023//1023
f 1862//1862 1805//1805 1836//1836
f 1930//1930 1923//1923 1904//1904
f 1944//1944 1933//1933 1959//1959
f 1508//1508 1499//1499 1466//1466
f 1587//1587 1567//1567 1645//1645
f 1502//1502 1548//1548 1491//1491
f 1548//1548 1502//1502 1542//1542
f 1801//1801 1804//1804 1776//1776
f 1591//1591 1638//1638 1611//1611
f 1567//1567 1629//1629 1645//1645
f 1546//1546 1564//1564 1601//1601
f 1401//1401 1416//1416 1484//1484
f 1512//1512 1493//1493 1524//1524
f 1512//1512 1564//1564 1546//1546
f 1493//1493 1500//1500 1524//1524
f 1899//1899 1922//1922 1892//1892
f 1699//1699 1704//1704 1760//1760
f 1699//1699 1662//1662 1704//1704
f 1662//1662 1699//1699 1667//1667
f 1705//1705 1713//1713 1641//1641
f 1713//1713 1679//1679 1641//1641
f 1679//1679 1713//1713 1704//1704
f 1662//1662 1679//1679 1704//1704
f 1866//1866 1899//1899 1892//1892
f 1899//1899 1866//1866 1879//1879
f 399//399 367//367 342//342
f 305//305 310//310 342//342
f 681//681 708//708 716//716
f 708//708 738//738 716//716
f 708//708 681//681 713//713
f 901//901 822//822 864//864
f 822//822 901//901 878//878
f 820//820 772//772 779//779
f 1288//1288 1249//1249 1293//1293
f 1328//1328 1298//1298 1263//1263
f 1496//1496 1562//1562 1560//1560
f 1567//1567 1562//1562 1496//1496
f 1562//1562 1587//1587 1560//1560
f 1587//1587 1562//1562 1567//1567
f 1498//1498 1496//1496 1560//1560
f 1460//1460 1519//1519 1481//1481
f 1768//1768 1707//1707 1708//1708
f 1707//1707 1763//1763 1727//1727
f 1768//1768 1763//1763 1707//1707
f 1727//1727 1695//1695 1670//1670
f 1556//1556 1584//1584 1553//1553
f 1268//1268 1280//1280 1305//1305
f 1280//1280 1268//1268 1242//1242
f 714//714 680//680 688//688
f 991//991 971//971 1023//1023
f 991//991 946//946 971//971
f 971//971 946//946 966//966
f 991//991 998//998 979//979
f 1329//1329 1415//1415 1337//1337
f 1507//1507 1415//1415 1458//1458
f 1415//1415 1507//1507 1445//1445
f 933//933 923//923 952//952
f 934//934 870//870 867//867
f 807//807 781//781 758//758
f 781//781 732//732 758//758
f 732//732 781//781 779//779
f 776//776 758//758 751//751
f 776//776 807//807 758//758
f 818//818 828//828 859//859
f 726//726 767//767 782//782
f 695//695 752//752 727//727
f 695//695 645//645 684//684
f 828//828 846//846 866//866
f 904//904 859//859 866//866
f 904//904 925//925 968//968
f 613//613 656//656 647//647
f 656//656 681//681 647//647
f 656//656 677//677 681//681
f 784//784 749//749 778//778
f 776//776 749//749 784//784
f 734//734 724//724 750//750
f 958//958 925//925 965//965
f 925//925 958//958 968//968
f 899//899 891//891 852//852
f 925//925 891//891 899//899
f 891//891 846//846 852//852
f 846//846 891//891 866//866
f 891//891 904//904 866//866
f 904//904 891//891 925//925
f 817//817 844//844 849//849
f 844//844 817//817 838//838
f 428//428 452//452 462//462
f 430//430 455//455 451//451
f 455//455 430//430 427//427
f 414//414 430//430 451//451
f 455//455 481//481 451//451
f 481//481 455//455 488//488
f 1034//1034 990//990 1055//1055
f 990//990 1034//1034 1023//1023
f 575//575 563//563 604//604
f 539//539 575//575 559//559
f 575//575 539//539 563//563
f 335//335 360//360 363//363
f 335//335 326//326 360//360
f 563//563 578//578 604//604
f 703//703 650//650 621//621
f 650//650 703//703 670//670
f 703//703 712//712 670//670
f 626//626 668//668 676//676
f 668//668 740//740 676//676
f 626//626 642//642 589//589
f 642//642 626//626 676//676
f 638//638 642//642 692//692
f 1706//1706 1731//1731 1694//1694
f 1905//1905 1891//1891 1911//1911
f 1891//1891 1878//1878 1911//1911
f 1997//1997 1999//1999 1990//1990
f 1997//1997 1974//1974 1995//1995
f 1971//1971 1997//1997 1990//1990
f 2002//2002 1991//1991 2004//2004
f 1936//1936 1956//1956 1934//1934
f 1932//1932 1936//1936 1896//1896
f 1507//1507 1536//1536 1531//1531
f 1536//1536 1507//1507 1458//1458
f 1703//1703 1740//1740 1759//1759
f 1753//1753 1703//1703 1759//1759
f 1753//1753 1741//1741 1710//1710
f 1805//1805 1824//1824 1836//1836
f 1808//1808 1787//1787 1805//1805
f 1862//1862 1808//1808 1805//1805
f 1978//1978 1987//1987 1960//1960
f 1978//1978 1993//1993 1987//1987
f 1940//1940 1930//1930 1950//1950
f 1940//1940 1923//1923 1930//1930
f 1923//1923 1888//1888 1904//1904
f 1880//1880 1907//1907 1902//1902
f 1907//1907 1888//1888 1923//1923
f 1872//1872 1880//1880 1902//1902
f 1987//1987 1979//1979 1960//1960
f 1939//1939 1900//1900 1917//1917
f 1900//1900 1939//1939 1933//1933
f 1933//1933 1962//1962 1959//1959
f 1532//1532 1499//1499 1508//1508
f 1502//1502 1503//1503 1542//1542
f 1499//1499 1503//1503 1466//1466
f 1548//1548 1543//1543 1491//1491
f 1543//1543 1483//1483 1491//1491
f 1607//1607 1548//1548 1602//1602
f 1607//1607 1638//1638 1591//1591
f 1631//1631 1607//1607 1602//1602
f 1874//1874 1871//1871 1847//1847
f 1818//1818 1815//1815 1779//1779
f 1749//1749 1801//1801 1776//1776
f 1673//1673 1638//1638 1690//1690
f 1629//1629 1582//1582 1611//1611
f 1582//1582 1629//1629 1567//1567
f 1611//1611 1582//1582 1568//1568
f 1576//1576 1573//1573 1542//1542
f 1548//1548 1573//1573 1602//1602
f 1573//1573 1548//1548 1542//1542
f 1609//1609 1631//1631 1602//1602
f 1573//1573 1609//1609 1602//1602
f 1609//1609 1573//1573 1576//1576
f 1594//1594 1569//1569 1563//1563
f 1569//1569 1594//1594 1617//1617
f 1609//1609 1569//1569 1617//1617
f 1569//1569 1609//1609 1576//1576
f 1782//1782 1808//1808 1774//1774
f 1808//1808 1782//1782 1787//1787
f 1738//1738 1782//1782 1774//1774
f 1782//1782 1738//1738 1718//1718
f 1564//1564 1605//1605 1601//1601
f 1379//1379 1416//1416 1401//1401
f 1379//1379 1389//1389 1416//1416
f 1510//1510 1546//1546 1484//1484
f 1510//1510 1512//1512 1546//1546
f 1389//1389 1442//1442 1416//1416
f 1416//1416 1442//1442 1484//1484
f 1522//1522 1519//1519 1544//1544
f 1519//1519 1522//1522 1481//1481
f 1804//1804 1772//1772 1776//1776
f 1846//1846 1823//1823 1867//1867
f 1922//1922 1937//1937 1946//1946
f 1899//1899 1937//1937 1922//1922
f 1937//1937 1944//1944 1946//1946
f 1883//1883 1846//1846 1867//1867
f 1883//1883 1870//1870 1846//1846
f 1894//1894 1899//1899 1879//1879
f 1870//1870 1894//1894 1879//1879
f 1883//1883 1894//1894 1870//1870
f 1894//1894 1883//1883 1909//1909
f 1625//1625 1662//1662 1667//1667
f 1625//1625 1546//1546 1601//1601
f 1605//1605 1625//1625 1601//1601
f 1650//1650 1624//1624 1641//1641
f 1679//1679 1650//1650 1641//1641
f 1650//1650 1679//1679 1662//1662
f 1650//1650 1605//1605 1624//1624
f 1625//1625 1650//1650 1662//1662
f 1650//1650 1625//1625 1605//1605
f 1704//1704 1743//1743 1760//1760
f 1743//1743 1775//1775 1760//1760
f 1713//1713 1743//1743 1704//1704
f 1877//1877 1866//1866 1892//1892
f 1877//1877 1848//1848 1833//1833
f 192//192 180//180 198//198
f 180//180 192//192 161//161
f 454//454 505//505 526//526
f 524//524 492//492 526//526
f 492//492 454//454 526//526
f 482//482 492//492 510//510
f 454//454 492//492 461//461
f 492//492 482//482 461//461
f 444//444 402//402 406//406
f 402//402 444//444 424//424
f 444//444 454//454 461//461
f 424//424 444//444 461//461
f 470//470 480//480 433//433
f 548//548 509//509 529//529
f 391//391 367//367 399//399
f 435//435 391//391 446//446
f 465//465 447//447 399//399
f 391//391 447//447 446//446
f 447//447 391//391 399//399
f 505//505 502//502 527//527
f 403//403 366//366 400//400
f 438//438 399//399 411//411
f 541//541 584//584 586//586
f 538//538 541//541 586//586
f 340//340 325//325 311//311
f 359//359 325//325 340//340
f 431//431 475//475 450//450
f 475//475 431//431 489//489
f 431//431 480//480 489//489
f 480//480 431//431 433//433
f 292//292 313//313 281//281
f 40//40 51//51 65//65
f 173//173 201//201 199//199
f 277//277 255//255 259//259
f 201//201 215//215 199//199
f 280//280 255//255 277//277
f 255//255 280//280 252//252
f 120//120 121//121 111//111
f 127//127 121//121 120//120
f 121//121 135//135 111//111
f 147//147 127//127 120//120
f 173//173 147//147 162//162
f 115//115 147//147 120//120
f 2//2 3//3 1//1
f 2//2 6//6 3//3
f 6//6 5//5 8//8
f 5//5 9//9 8//8
f 2//2 5//5 6//6
f 1343//1343 1301//1301 1310//1310
f 1306//1306 1301//1301 1343//1343
f 1301//1301 1306//1306 1269//1269
f 938//938 945//945 969//969
f 901//901 953//953 878//878
f 815//815 784//784 778//778
f 847//847 815//815 878//878
f 1226//1226 1172//1172 1227//1227
f 1116//1116 1118//1118 1084//1084
f 1240//1240 1232//1232 1283//1283
f 1003//1003 929//929 962//962
f 862//862 853//853 826//826
f 877//877 820//820 857//857
f 820//820 843//843 816//816
f 843//843 877//877 875//875
f 877//877 843//843 820//820
f 786//786 816//816 763//763
f 738//738 786//786 763//763
f 772//772 786//786 738//738
f 786//786 820//820 816//816
f 786//786 772//772 820//820
f 772//772 742//742 779//779
f 742//742 732//732 779//779
f 732//732 742//742 713//713
f 742//742 772//772 738//738
f 742//742 708//708 713//713
f 708//708 742//742 738//738
f 758//758 720//720 751//751
f 1174//1174 1141//1141 1217//1217
f 1141//1141 1196//1196 1217//1217
f 1196//1196 1141//1141 1147//1147
f 1208//1208 1174//1174 1217//1217
f 1196//1196 1233//1233 1217//1217
f 1233//1233 1249//1249 1217//1217
f 1287//1287 1328//1328 1263//1263
f 1287//1287 1297//1297 1352//1352
f 1328//1328 1287//1287 1352//1352
f 994//994 1030//1030 1043//1043
f 941//941 913//913 895//895
f 1107//1107 1167//1167 1105//1105
f 1107//1107 1105//1105 1074//1074
f 1297//1297 1364//1364 1352//1352
f 1364//1364 1387//1387 1352//1352
f 1461//1461 1492//1492 1471//1471
f 1492//1492 1461//1461 1467//1467
f 1478//1478 1441//1441 1471//1471
f 1478//1478 1508//1508 1466//1466
f 1441//1441 1478//1478 1466//1466
f 1308//1308 1302//1302 1224//1224
f 1463//1463 1413//1413 1402//1402
f 1463//1463 1567//1567 1496//1496
f 1582//1582 1539//1539 1568//1568
f 1539//1539 1582//1582 1567//1567
f 1463//1463 1539//1539 1567//1567
f 1440//1440 1463//1463 1402//1402
f 1463//1463 1440//1440 1479//1479
f 1581//1581 1626//1626 1641//1641
f 1624//1624 1581//1581 1641//1641
f 1565//1565 1581//1581 1544//1544
f 1581//1581 1522//1522 1544//1544
f 1590//1590 1565//1565 1571//1571
f 1590//1590 1581//1581 1565//1565
f 1581//1581 1590//1590 1626//1626
f 1540//1540 1565//1565 1544//1544
f 1519//1519 1540//1540 1544//1544
f 1565//1565 1540//1540 1571//1571
f 1571//1571 1540//1540 1553//1553
f 1413//1413 1408//1408 1366//1366
f 1828//1828 1870//1870 1843//1843
f 1870//1870 1828//1828 1846//1846
f 1825//1825 1828//1828 1843//1843
f 1825//1825 1814//1814 1763//1763
f 1814//1814 1799//1799 1763//1763
f 1728//1728 1695//1695 1727//1727
f 1728//1728 1756//1756 1683//1683
f 1695//1695 1728//1728 1683//1683
f 1525//1525 1498//1498 1560//1560
f 1527//1527 1556//1556 1553//1553
f 1268//1268 1235//1235 1242//1242
f 1235//1235 1192//1192 1195//1195
f 1264//1264 1308//1308 1224//1224
f 1264//1264 1235//1235 1268//1268
f 1308//1308 1264//1264 1305//1305
f 1264//1264 1268//1268 1305//1305
f 1192//1192 1264//1264 1224//1224
f 1235//1235 1264//1264 1192//1192
f 1209//1209 1175//1175 1177//1177
f 1140//1140 1141//1141 1174//1174
f 1192//1192 1187//1187 1161//1161
f 1187//1187 1192//1192 1224//1224
f 1187//1187 1191//1191 1161//1161
f 1191//1191 1187//1187 1224//1224
f 1130//1130 1161//1161 1122//1122
f 1230//1230 1191//1191 1224//1224
f 1230//1230 1302//1302 1262//1262
f 1302//1302 1230//1230 1224//1224
f 1161//1161 1156//1156 1122//1122
f 1191//1191 1156//1156 1161//1161
f 865//865 831//831 873//873
f 1151//1151 1189//1189 1182//1182
f 1109//1109 1151//1151 1182//1182
f 1189//1189 1151//1151 1193//1193
f 1404//1404 1316//1316 1434//1434
f 1425//1425 1436//1436 1452//1452
f 1363//1363 1425//1425 1383//1383
f 896//896 865//865 873//873
f 896//896 915//915 865//865
f 915//915 944//944 979//979
f 944//944 991//991 979//979
f 944//944 946//946 991//991
f 947//947 931//931 910//910
f 931//931 947//947 961//961
f 1169//1169 1113//1113 1150//1150
f 1169//1169 1181//1181 1113//1113
f 1215//1215 1169//1169 1150//1150
f 1181//1181 1169//1169 1215//1215
f 1206//1206 1181//1181 1215//1215
f 1181//1181 1206//1206 1213//1213
f 1206//1206 1252//1252 1213//1213
f 1241//1241 1222//1222 1214//1214
f 1222//1222 1241//1241 1259//1259
f 1325//1325 1383//1383 1371//1371
f 1060//1060 1096//1096 1055//1055
f 1092//1092 1096//1096 1060//1060
f 1151//1151 1096//1096 1092//1092
f 1096//1096 1151//1151 1109//1109
f 1216//1216 1185//1185 1182//1182
f 1185//1185 1109//1109 1182//1182
f 1026//1026 991//991 1023//1023
f 1026//1026 998//998 991//991
f 1026//1026 1048//1048 998//998
f 998//998 1009//1009 979//979
f 1048//1048 1009//1009 998//998
f 1113//1113 1111//1111 1150//1150
f 1111//1111 1131//1131 1148//1148
f 961//961 977//977 1001//1001
f 947//947 977//977 961//961
f 977//977 947//947 932//932
f 1515//1515 1511//1511 1477//1477
f 1530//1530 1511//1511 1551//1551
f 1511//1511 1515//1515 1551//1551
f 1415//1415 1397//1397 1337//1337
f 1397//1397 1415//1415 1445//1445
f 1429//1429 1397//1397 1445//1445
f 1397//1397 1429//1429 1372//1372
f 1377//1377 1415//1415 1329//1329
f 1698//1698 1709//1709 1771//1771
f 1741//1741 1709//1709 1710//1710
f 1709//1709 1741//1741 1771//1771
f 1709//1709 1698//1698 1661//1661
f 1486//1486 1530//1530 1545//1545
f 1505//1505 1486//1486 1545//1545
f 1486//1486 1505//1505 1476//1476
f 760//760 757//757 788//788
f 760//760 788//788 789//789
f 740//740 760//760 789//789
f 783//783 761//761 793//793
f 783//783 757//757 761//761
f 757//757 783//783 788//788
f 629//629 598//598 634//634
f 598//598 629//629 607//607
f 712//712 689//689 670//670
f 1039//1039 1091//1091 1085//1085
f 800//800 850//850 799//799
f 933//933 996//996 928//928
f 882//882 884//884 910//910
f 884//884 882//882 858//858
f 825//825 792//792 835//835
f 858//858 825//825 835//835
f 792//792 825//825 802//802
f 894//894 870//870 934//934
f 850//850 894//894 880//880
f 870//870 829//829 867//867
f 988//988 1012//1012 1039//1039
f 996//996 988//988 1039//1039
f 988//988 933//933 952//952
f 988//988 996//996 933//933
f 963//963 961//961 1001//1001
f 963//963 931//931 961//961
f 820//820 832//832 857//857
f 776//776 833//833 807//807
f 855//855 874//874 911//911
f 1019//1019 943//943 1002//1002
f 943//943 1019//1019 945//945
f 938//938 909//909 945//945
f 755//755 767//767 726//726
f 755//755 726//726 686//686
f 748//748 755//755 686//686
f 755//755 748//748 790//790
f 767//767 755//755 790//790
f 566//566 535//535 554//554
f 576//576 574//574 610//610
f 576//576 566//566 554//554
f 576//576 602//602 582//582
f 566//566 576//576 582//582
f 665//665 638//638 692//692
f 603//603 576//576 610//610
f 576//576 603//603 602//602
f 652//652 707//707 686//686
f 707//707 748//748 686//686
f 707//707 734//734 748//748
f 749//749 754//754 778//778
f 775//775 795//795 822//822
f 746//746 777//777 752//752
f 695//695 746//746 752//752
f 777//777 746//746 782//782
f 1065//1065 1031//1031 1043//1043
f 943//943 978//978 1002//1002
f 978//978 1031//1031 1002//1002
f 720//720 729//729 751//751
f 729//729 776//776 751//751
f 729//729 749//749 776//776
f 817//817 780//780 789//789
f 780//780 817//817 785//785
f 780//780 740//740 789//789
f 762//762 798//798 750//750
f 846//846 798//798 852//852
f 780//780 723//723 740//740
f 740//740 723//723 676//676
f 830//830 783//783 793//793
f 848//848 871//871 838//838
f 871//871 844//844 838//838
f 913//913 871//871 895//895
f 871//871 848//848 895//895
f 788//788 814//814 789//789
f 848//848 814//814 788//788
f 814//814 848//848 838//838
f 814//814 817//817 789//789
f 817//817 814//814 838//838
f 672//672 631//631 655//655
f 631//631 594//594 592//592
f 553//553 592//592 557//557
f 521//521 553//553 557//557
f 768//768 741//741 737//737
f 736//736 768//768 737//737
f 624//624 575//575 604//604
f 631//631 627//627 655//655
f 627//627 631//631 592//592
f 343//343 363//363 365//365
f 343//343 335//335 363//363
f 361//361 340//340 317//317
f 329//329 361//361 317//317
f 343//343 361//361 329//329
f 361//361 343//343 365//365
f 361//361 405//405 382//382
f 507//507 539//539 515//515
f 468//468 507//507 515//515
f 507//507 468//468 477//477
f 563//563 507//507 530//530
f 539//539 507//507 563//563
f 486//486 479//479 463//463
f 398//398 414//414 377//377
f 398//398 430//430 414//414
f 430//430 398//398 427//427
f 481//481 487//487 451//451
f 487//487 466//466 451//451
f 466//466 487//487 486//486
f 513//513 540//540 532//532
f 487//487 513//513 532//532
f 513//513 487//487 481//481
f 513//513 481//481 488//488
f 518//518 513//513 488//488
f 513//513 518//518 540//540
f 1072//1072 1026//1026 1023//1023
f 1072//1072 1096//1096 1109//1109
f 429//429 408//408 456//456
f 405//405 408//408 429//429
f 380//380 350//350 388//388
f 350//350 380//380 360//360
f 449//449 421//421 469//469
f 579//579 518//518 555//555
f 518//518 579//579 540//540
f 659//659 625//625 630//630
f 680//680 659//659 688//688
f 578//578 612//612 604//604
f 612//612 578//578 607//607
f 629//629 612//612 607//607
f 617//617 650//650 634//634
f 598//598 617//617 634//634
f 769//769 792//792 802//802
f 572//572 537//537 567//567
f 587//587 572//572 567//567
f 587//587 626//626 589//589
f 572//572 587//587 589//589
f 478//478 429//429 456//456
f 478//478 460//460 429//429
f 616//616 638//638 610//610
f 574//574 616//616 610//610
f 642//642 616//616 589//589
f 616//616 642//642 638//638
f 722//722 668//668 691//691
f 668//668 722//722 740//740
f 722//722 760//760 740//740
f 760//760 722//722 757//757
f 674//674 672//672 691//691
f 668//668 674//674 691//691
f 1691//1691 1700//1700 1729//1729
f 1731//1731 1700//1700 1694//1694
f 1700//1700 1731//1731 1729//1729
f 1436//1436 1465//1465 1452//1452
f 1465//1465 1448//1448 1504//1504
f 1657//1657 1642//1642 1706//1706
f 1642//1642 1616//1616 1599//1599
f 1454//1454 1516//1516 1526//1526
f 1516//1516 1454//1454 1472//1472
f 1474//1474 1536//1536 1458//1458
f 1454//1454 1417//1417 1472//1472
f 1425//1425 1417//1417 1383//1383
f 1383//1383 1417//1417 1371//1371
f 1472//1472 1417//1417 1452//1452
f 1417//1417 1425//1425 1452//1452
f 1740//1740 1744//1744 1778//1778
f 1795//1795 1731//1731 1827//1827
f 1795//1795 1800//1800 1769//1769
f 1845//1845 1891//1891 1905//1905
f 1777//1777 1740//1740 1778//1778
f 1803//1803 1777//1777 1778//1778
f 1740//1740 1777//1777 1759//1759
f 1908//1908 1928//1928 1924//1924
f 1983//1983 1971//1971 1990//1990
f 1999//1999 1983//1983 1990//1990
f 1998//1998 2002//2002 2000//2000
f 1989//1989 1998//1998 2000//2000
f 1932//1932 1949//1949 1936//1936
f 1936//1936 1964//1964 1956//1956
f 1964//1964 1971//1971 1956//1956
f 1964//1964 1974//1974 1997//1997
f 1971//1971 1964//1964 1997//1997
f 1973//1973 1965//1965 1968//1968
f 1792//1792 1698//1698 1771//1771
f 1973//1973 1977//1977 1957//1957
f 1977//1977 1949//1949 1957//1957
f 1974//1974 1977//1977 1995//1995
f 1634//1634 1663//1663 1644//1644
f 1536//1536 1558//1558 1588//1588
f 1558//1558 1474//1474 1494//1494
f 1474//1474 1558//1558 1536//1536
f 1646//1646 1682//1682 1656//1656
f 1682//1682 1646//1646 1691//1691
f 1516//1516 1586//1586 1526//1526
f 1693//1693 1753//1753 1710//1710
f 1693//1693 1703//1703 1753//1753
f 1741//1741 1788//1788 1771//1771
f 1788//1788 1741//1741 1753//1753
f 1882//1882 1908//1908 1924//1924
f 1908//1908 1882//1882 1887//1887
f 1711//1711 1750//1750 1718//1718
f 1782//1782 1750//1750 1787//1787
f 1750//1750 1782//1782 1718//1718
f 1754//1754 1824//1824 1805//1805
f 1787//1787 1754//1754 1805//1805
f 1750//1750 1754//1754 1787//1787
f 1824//1824 1858//1858 1836//1836
f 1862//1862 1868//1868 1914//1914
f 1868//1868 1858//1858 1898//1898
f 1868//1868 1862//1862 1836//1836
f 1858//1858 1868//1868 1836//1836
f 1936//1936 1903//1903 1896//1896
f 1890//1890 1930//1930 1904//1904
f 1890//1890 1893//1893 1930//1930
f 1888//1888 1890//1890 1904//1904
f 1890//1890 1888//1888 1863//1863
f 1970//1970 1985//1985 1989//1989
f 1991//1991 1985//1985 1982//1982
f 1893//1893 1942//1942 1930//1930
f 1834//1834 1798//1798 1774//1774
f 1808//1808 1834//1834 1774//1774
f 1834//1834 1863//1863 1798//1798
f 1893//1893 1834//1834 1881//1881
f 1890//1890 1834//1834 1893//1893
f 1834//1834 1890//1890 1863//1863
f 1834//1834 1862//1862 1881//1881
f 1834//1834 1808//1808 1862//1862
f 1988//1988 2003//2003 2001//2001
f 2003//2003 1988//1988 2000//2000
f 1988//1988 1989//1989 2000//2000
f 1872//1872 1853//1853 1880//1880
f 1747//1747 1790//1790 1779//1779
f 1790//1790 1818//1818 1779//1779
f 1863//1863 1797//1797 1798//1798
f 1766//1766 1797//1797 1780//1780
f 1797//1797 1766//1766 1798//1798
f 1797//1797 1826//1826 1780//1780
f 1826//1826 1797//1797 1863//1863
f 1966//1966 1940//1940 1950//1950
f 1988//1988 1966//1966 1989//1989
f 1970//1970 1966//1966 1950//1950
f 1966//1966 1970//1970 1989//1989
f 1940//1940 1969//1969 1923//1923
f 1966//1966 1969//1969 1940//1940
f 1969//1969 1966//1966 1988//1988
f 1925//1925 1920//1920 1874//1874
f 1925//1925 1938//1938 1920//1920
f 1938//1938 1925//1925 1943//1943
f 1925//1925 1872//1872 1902//1902
f 1872//1872 1925//1925 1874//1874
f 1963//1963 1943//1943 1967//1967
f 1943//1943 1929//1929 1967//1967
f 1929//1929 1907//1907 1923//1923
f 1925//1925 1929//1929 1943//1943
f 1969//1969 1929//1929 1923//1923
f 1929//1929 1969//1969 1967//1967
f 1907//1907 1929//1929 1902//1902
f 1929//1929 1925//1925 1902//1902
f 1913//1913 1900//1900 1933//1933
f 1913//1913 1933//1933 1944//1944
f 1909//1909 1913//1913 1944//1944
f 1900//1900 1913//1913 1867//1867
f 1913//1913 1883//1883 1867//1867
f 1883//1883 1913//1913 1909//1909
f 1939//1939 1941//1941 1951//1951
f 1941//1941 1938//1938 1960//1960
f 1941//1941 1939//1939 1917//1917
f 1979//1979 1941//1941 1960//1960
f 1941//1941 1979//1979 1951//1951
f 1920//1920 1941//1941 1917//1917
f 1938//1938 1941//1941 1920//1920
f 1979//1979 1975//1975 1951//1951
f 1696//1696 1734//1734 1708//1708
f 1734//1734 1768//1768 1708//1708
f 1768//1768 1734//1734 1770//1770
f 1613//1613 1627//1627 1670//1670
f 1627//1627 1587//1587 1645//1645
f 1587//1587 1583//1583 1560//1560
f 1627//1627 1583//1583 1587//1587
f 1583//1583 1627//1627 1613//1613
f 1539//1539 1535//1535 1568//1568
f 1572//1572 1543//1543 1548//1548
f 1607//1607 1572//1572 1548//1548
f 1572//1572 1607//1607 1591//1591
f 1638//1638 1664//1664 1690//1690
f 1607//1607 1664//1664 1638//1638
f 1664//1664 1631//1631 1684//1684
f 1664//1664 1607//1607 1631//1631
f 1900//1900 1895//1895 1917//1917
f 1895//1895 1920//1920 1917//1917
f 1920//1920 1895//1895 1874//1874
f 1895//1895 1871//1871 1874//1874
f 1801//1801 1842//1842 1804//1804
f 1871//1871 1842//1842 1847//1847
f 1796//1796 1749//1749 1779//1779
f 1749//1749 1796//1796 1801//1801
f 1815//1815 1796//1796 1779//1779
f 1796//1796 1815//1815 1847//1847
f 1842//1842 1796//1796 1847//1847
f 1796//1796 1842//1842 1801//1801
f 1712//1712 1664//1664 1684//1684
f 1664//1664 1712//1712 1690//1690
f 1673//1673 1655//1655 1638//1638
f 1638//1638 1655//1655 1611//1611
f 1655//1655 1629//1629 1611//1611
f 1649//1649 1609//1609 1617//1617
f 1609//1609 1649//1649 1631//1631
f 1798//1798 1739//1739 1774//1774
f 1766//1766 1739//1739 1798//1798
f 1739//1739 1738//1738 1774//1774
f 1739//1739 1766//1766 1725//1725
f 1686//1686 1739//1739 1725//1725
f 1538//1538 1569//1569 1576//1576
f 1538//1538 1576//1576 1542//1542
f 1503//1503 1538//1538 1542//1542
f 1538//1538 1503//1503 1499//1499
f 1532//1532 1538//1538 1499//1499
f 1538//1538 1532//1532 1563//1563
f 1569//1569 1538//1538 1563//1563
f 1470//1470 1438//1438 1431//1431
f 1457//1457 1470//1470 1431//1431
f 1574//1574 1610//1610 1549//1549
f 1738//1738 1668//1668 1718//1718
f 1378//1378 1379//1379 1401//1401
f 1449//1449 1460//1460 1481//1481
f 1449//1449 1435//1435 1460//1460
f 1512//1512 1490//1490 1493//1493
f 1510//1510 1490//1490 1512//1512
f 1490//1490 1510//1510 1484//1484
f 1442//1442 1490//1490 1484//1484
f 1772//1772 1721//1721 1776//1776
f 1721//1721 1749//1749 1776//1776
f 1721//1721 1673//1673 1690//1690
f 1772//1772 1807//1807 1767//1767
f 1807//1807 1823//1823 1767//1767
f 1807//1807 1772//1772 1804//1804
f 1811//1811 1823//1823 1846//1846
f 1828//1828 1811//1811 1846//1846
f 1767//1767 1811//1811 1770//1770
f 1823//1823 1811//1811 1767//1767
f 1838//1838 1900//1900 1867//1867
f 1823//1823 1838//1838 1867//1867
f 1807//1807 1838//1838 1823//1823
f 1838//1838 1807//1807 1804//1804
f 1842//1842 1838//1838 1804//1804
f 1838//1838 1842//1842 1871//1871
f 1838//1838 1895//1895 1900//1900
f 1895//1895 1838//1838 1871//1871
f 1916//1916 1894//1894 1909//1909
f 1916//1916 1909//1909 1944//1944
f 1937//1937 1916//1916 1944//1944
f 1916//1916 1937//1937 1899//1899
f 1894//1894 1916//1916 1899//1899
f 1743//1743 1761//1761 1775//1775
f 1761//1761 1743//1743 1713//1713
f 258//258 266//266 239//239
f 267//267 258//258 239//239
f 241//241 267//267 239//239
f 241//241 222//222 244//244
f 192//192 241//241 239//239
f 284//284 305//305 285//285
f 266//266 284//284 285//285
f 284//284 310//310 305//305
f 258//258 284//284 266//266
f 284//284 258//258 267//267
f 556//556 593//593 613//613
f 677//677 679//679 713//713
f 417//417 435//435 454//454
f 417//417 444//444 406//406
f 444//444 417//417 454//454
f 458//458 505//505 454//454
f 435//435 458//458 454//454
f 458//458 435//435 446//446
f 492//492 523//523 510//510
f 523//523 492//492 524//524
f 675//675 702//702 701//701
f 702//702 675//675 648//648
f 637//637 695//695 727//727
f 695//695 637//637 645//645
f 535//535 519//519 554//554
f 517//517 538//538 496//496
f 538//538 517//517 541//541
f 464//464 517//517 496//496
f 548//548 531//531 509//509
f 561//561 548//548 529//529
f 341//341 348//348 307//307
f 305//305 341//341 307//307
f 341//341 305//305 342//342
f 367//367 341//341 342//342
f 474//474 447//447 465//465
f 439//439 420//420 450//450
f 439//439 403//403 400//400
f 420//420 439//439 400//400
f 443//443 439//439 464//464
f 439//439 443//443 403//403
f 465//465 467//467 509//509
f 467//467 465//465 399//399
f 438//438 467//467 399//399
f 602//602 597//597 582//582
f 597//597 602//602 632//632
f 590//590 564//564 586//586
f 564//564 538//538 586//586
f 403//403 373//373 366//366
f 345//345 368//368 352//352
f 345//345 323//323 347//347
f 345//345 373//373 368//368
f 366//366 345//345 347//347
f 373//373 345//345 366//366
f 368//368 371//371 352//352
f 392//392 373//373 403//403
f 373//373 392//392 368//368
f 325//325 286//286 311//311
f 286//286 265//265 311//311
f 323//323 332//332 347//347
f 395//395 420//420 400//400
f 359//359 349//349 325//325
f 313//313 297//297 281//281
f 297//297 313//313 310//310
f 328//328 313//313 292//292
f 208//208 192//192 198//198
f 208//208 241//241 192//192
f 241//241 208//208 222//222
f 249//249 262//262 244//244
f 262//262 241//241 244//244
f 292//292 275//275 269//269
f 275//275 249//249 269//269
f 275//275 262//262 249//249
f 275//275 292//292 281//281
f 262//262 275//275 281//281
f 167//167 173//173 199//199
f 243//243 245//245 259//259
f 255//255 243//243 259//259
f 256//256 233//233 252//252
f 215//215 233//233 199//199
f 283//283 280//280 300//300
f 280//280 283//283 252//252
f 283//283 256//256 252//252
f 256//256 283//283 269//269
f 292//292 283//283 300//300
f 283//283 292//292 269//269
f 173//173 179//179 201//201
f 179//179 173//173 162//162
f 174//174 179//179 162//162
f 183//183 184//184 158//158
f 176//176 170//170 195//195
f 176//176 174//174 163//163
f 151//151 176//176 163//163
f 176//176 151//151 170//170
f 51//51 64//64 65//65
f 64//64 71//71 65//65
f 56//56 64//64 51//51
f 64//64 56//56 63//63
f 96//96 120//120 111//111
f 90//90 96//96 111//111
f 96//96 115//115 120//120
f 96//96 108//108 115//115
f 108//108 96//96 92//92
f 139//139 174//174 162//162
f 174//174 139//139 163//163
f 15//15 16//16 18//18
f 10//10 15//15 11//11
f 10//10 6//6 8//8
f 16//16 10//10 8//8
f 10//10 16//16 15//15
f 3//3 10//10 4//4
f 6//6 10//10 3//3
f 10//10 7//7 4//4
f 7//7 10//10 11//11
f 95//95 99//99 84//84
f 1240//1240 1254//1254 1227//1227
f 1254//1254 1301//1301 1269//1269
f 1226//1226 1254//1254 1269//1269
f 1254//1254 1226//1226 1227//1227
f 953//953 964//964 980//980
f 964//964 938//938 969//969
f 938//938 964//964 901//901
f 964//964 953//953 901//901
f 1097//1097 1067//1067 1122//1122
f 1050//1050 1067//1067 1097//1097
f 1083//1083 1050//1050 1097//1097
f 908//908 901//901 864//864
f 908//908 938//938 901//901
f 872//872 908//908 864//864
f 908//908 909//909 938//938
f 908//908 872//872 909//909
f 902//902 847//847 878//878
f 953//953 902//902 878//878
f 815//815 813//813 784//784
f 813//813 815//815 847//847
f 813//813 776//776 784//784
f 813//813 833//833 776//776
f 803//803 775//775 822//822
f 803//803 822//822 878//878
f 815//815 803//803 878//878
f 803//803 815//815 778//778
f 754//754 803//803 778//778
f 803//803 754//754 775//775
f 1006//1006 953//953 980//980
f 1006//1006 973//973 953//953
f 973//973 1006//1006 1010//1010
f 1035//1035 1018//1018 982//982
f 1202//1202 1232//1232 1240//1240
f 1136//1136 1172//1172 1118//1118
f 1116//1116 1136//1136 1118//1118
f 1136//1136 1202//1202 1172//1172
f 1232//1232 1277//1277 1283//1283
f 1232//1232 1188//1188 1237//1237
f 862//862 892//892 853//853
f 1018//1018 976//976 982//982
f 862//862 845//845 875//875
f 845//845 843//843 875//875
f 843//843 845//845 816//816
f 816//816 845//845 826//826
f 845//845 862//862 826//826
f 1246//1246 1249//1249 1288//1288
f 1249//1249 1246//1246 1217//1217
f 1246//1246 1208//1208 1217//1217
f 1233//1233 1272//1272 1249//1249
f 1249//1249 1272//1272 1293//1293
f 1203//1203 1239//1239 1168//1168
f 1239//1239 1203//1203 1218//1218
f 1281//1281 1294//1294 1319//1319
f 1099//1099 1133//1133 1147//1147
f 1141//1141 1099//1099 1147//1147
f 1061//1061 1063//1063 1028//1028
f 1099//1099 1063//1063 1061//1061
f 1105//1105 1102//1102 1074//1074
f 1102//1102 1061//1061 1074//1074
f 1102//1102 1099//1099 1061//1061
f 1099//1099 1102//1102 1133//1133
f 922//922 941//941 895//895
f 941//941 948//948 913//913
f 899//899 948//948 954//954
f 913//913 948//948 899//899
f 1107//1107 1153//1153 1167//1167
f 1153//1153 1234//1234 1167//1167
f 1239//1239 1153//1153 1168//1168
f 1234//1234 1153//1153 1239//1239
f 1470//1470 1462//1462 1438//1438
f 1364//1364 1399//1399 1387//1387
f 1399//1399 1462//1462 1467//1467
f 1414//1414 1441//1441 1394//1394
f 1403//1403 1414//1414 1394//1394
f 1441//1441 1414//1414 1471//1471
f 1414//1414 1403//1403 1471//1471
f 1346//1346 1403//1403 1394//1394
f 1328//1328 1346//1346 1298//1298
f 1384//1384 1328//1328 1352//1352
f 1387//1387 1384//1384 1352//1352
f 1384//1384 1346//1346 1328//1328
f 1346//1346 1384//1384 1403//1403
f 1430//1430 1461//1461 1471//1471
f 1403//1403 1430//1430 1471//1471
f 1384//1384 1430//1430 1403//1403
f 1430//1430 1384//1384 1387//1387
f 1399//1399 1430//1430 1387//1387
f 1461//1461 1430//1430 1467//1467
f 1430//1430 1399//1399 1467//1467
f 1299//1299 1295//1295 1262//1262
f 1302//1302 1299//1299 1262//1262
f 1299//1299 1332//1332 1295//1295
f 1332//1332 1299//1299 1366//1366
f 1339//1339 1302//1302 1308//1308
f 1339//1339 1299//1299 1302//1302
f 1299//1299 1339//1339 1366//1366
f 1455//1455 1503//1503 1502//1502
f 1360//1360 1423//1423 1418//1418
f 1374//1374 1360//1360 1418//1418
f 1340//1340 1308//1308 1305//1305
f 1360//1360 1340//1340 1305//1305
f 1340//1340 1360//1360 1374//1374
f 1412//1412 1440//1440 1402//1402
f 1412//1412 1374//1374 1418//1418
f 1440//1440 1412//1412 1418//1418
f 1450//1450 1440//1440 1418//1418
f 1423//1423 1450//1450 1418//1418
f 1450//1450 1423//1423 1483//1483
f 1440//1440 1450//1450 1479//1479
f 1613//1613 1648//1648 1584//1584
f 1648//1648 1628//1628 1584//1584
f 1648//1648 1613//1613 1670//1670
f 1695//1695 1648//1648 1670//1670
f 1648//1648 1695//1695 1683//1683
f 1628//1628 1648//1648 1683//1683
f 1660//1660 1628//1628 1683//1683
f 1628//1628 1660//1660 1626//1626
f 1705//1705 1660//1660 1683//1683
f 1660//1660 1705//1705 1641//1641
f 1626//1626 1660//1660 1641//1641
f 1575//1575 1605//1605 1564//1564
f 1605//1605 1575//1575 1624//1624
f 1575//1575 1581//1581 1624//1624
f 1600//1600 1628//1628 1626//1626
f 1590//1590 1600//1600 1626//1626
f 1600//1600 1590//1590 1571//1571
f 1584//1584 1600//1600 1571//1571
f 1628//1628 1600//1600 1584//1584
f 1460//1460 1485//1485 1519//1519
f 1485//1485 1540//1540 1519//1519
f 1453//1453 1485//1485 1460//1460
f 1540//1540 1485//1485 1553//1553
f 1485//1485 1527//1527 1553//1553
f 1408//1408 1437//1437 1392//1392
f 1453//1453 1437//1437 1459//1459
f 1464//1464 1408//1408 1413//1413
f 1498//1498 1464//1464 1496//1496
f 1464//1464 1437//1437 1408//1408
f 1464//1464 1463//1463 1496//1496
f 1463//1463 1464//1464 1413//1413
f 1437//1437 1464//1464 1459//1459
f 1464//1464 1525//1525 1459//1459
f 1525//1525 1464//1464 1498//1498
f 1435//1435 1422//1422 1460//1460
f 1422//1422 1453//1453 1460//1460
f 1422//1422 1435//1435 1380//1380
f 1437//1437 1422//1422 1392//1392
f 1422//1422 1437//1437 1453//1453
f 1860//1860 1825//1825 1843//1843
f 1866//1866 1860//1860 1879//1879
f 1870//1870 1860//1860 1843//1843
f 1860//1860 1870//1870 1879//1879
f 1825//1825 1786//1786 1828//1828
f 1786//1786 1811//1811 1828//1828
f 1786//1786 1763//1763 1768//1768
f 1786//1786 1825//1825 1763//1763
f 1786//1786 1768//1768 1770//1770
f 1811//1811 1786//1786 1770//1770
f 1835//1835 1877//1877 1833//1833
f 1877//1877 1835//1835 1866//1866
f 1763//1763 1746//1746 1727//1727
f 1746//1746 1728//1728 1727//1727
f 1799//1799 1746//1746 1763//1763
f 1746//1746 1799//1799 1756//1756
f 1728//1728 1746//1746 1756//1756
f 1190//1190 1235//1235 1195//1195
f 1235//1235 1190//1190 1242//1242
f 1190//1190 1209//1209 1242//1242
f 1190//1190 1175//1175 1209//1209
f 1130//1130 1089//1089 1120//1120
f 1120//1120 1089//1089 1128//1128
f 1089//1089 1069//1069 1128//1128
f 1089//1089 1046//1046 1051//1051
f 1295//1295 1253//1253 1262//1262
f 1334//1334 1309//1309 1345//1345
f 1309//1309 1229//1229 1276//1276
f 1157//1157 1192//1192 1161//1161
f 1130//1130 1157//1157 1161//1161
f 1192//1192 1157//1157 1195//1195
f 1157//1157 1130//1130 1120//1120
f 1223//1223 1230//1230 1262//1262
f 1253//1253 1223//1223 1262//1262
f 1223//1223 1253//1253 1194//1194
f 1186//1186 1156//1156 1191//1191
f 1186//1186 1223//1223 1194//1194
f 1230//1230 1186//1186 1191//1191
f 1223//1223 1186//1186 1230//1230
f 1256//1256 1316//1316 1311//1311
f 1316//1316 1256//1256 1273//1273
f 709//709 680//680 714//714
f 709//709 659//659 680//680
f 659//659 709//709 625//625
f 797//797 792//792 733//733
f 792//792 797//797 835//835
f 703//703 735//735 733//733
f 735//735 797//797 733//733
f 837//837 831//831 865//865
f 837//837 865//865 819//819
f 808//808 837//837 819//819
f 831//831 851//851 873//873
f 851//851 809//809 773//773
f 809//809 851//851 831//831
f 809//809 837//837 808//808
f 837//837 809//809 831//831
f 1382//1382 1393//1393 1311//1311
f 1316//1316 1382//1382 1311//1311
f 1404//1404 1382//1382 1316//1316
f 1425//1425 1410//1410 1436//1436
f 1363//1363 1410//1410 1425//1425
f 896//896 920//920 915//915
f 920//920 944//944 915//915
f 944//944 920//920 946//946
f 946//946 920//920 873//873
f 920//920 896//896 873//873
f 916//916 947//947 910//910
f 884//884 916//916 910//910
f 916//916 884//884 890//890
f 947//947 916//916 932//932
f 916//916 912//912 932//932
f 912//912 916//916 890//890
f 915//915 888//888 865//865
f 865//865 888//888 819//819
f 1087//1087 1066//1066 1001//1001
f 1066//1066 1087//1087 1113//1113
f 977//977 1087//1087 1001//1001
f 1087//1087 977//977 1049//1049
f 1087//1087 1111//1111 1113//1113
f 1014//1014 1027//1027 1080//1080
f 1066//1066 1027//1027 1001//1001
f 1014//1014 1022//1022 934//934
f 1022//1022 1014//1014 1080//1080
f 1270//1270 1219//1219 1266//1266
f 1222//1222 1184//1184 1214//1214
f 1184//1184 1222//1222 1215//1215
f 1318//1318 1325//1325 1259//1259
f 1241//1241 1318//1318 1259//1259
f 1363//1363 1318//1318 1321//1321
f 1318//1318 1363//1363 1383//1383
f 1325//1325 1318//1318 1383//1383
f 1325//1325 1290//1290 1259//1259
f 1088//1088 1072//1072 1109//1109
f 1048//1048 1088//1088 1082//1082
f 1088//1088 1048//1048 1026//1026
f 1072//1072 1088//1088 1026//1026
f 1131//1131 1200//1200 1148//1148
f 1184//1184 1200//1200 1214//1214
f 1200//1200 1184//1184 1148//1148
f 1200//1200 1185//1185 1216//1216
f 1025//1025 1009//1009 1048//1048
f 1131//1131 1079//1079 1082//1082
f 1111//1111 1079//1079 1131//1131
f 1025//1025 1079//1079 1049//1049
f 1079//1079 1048//1048 1082//1082
f 1079//1079 1025//1025 1048//1048
f 1501//1501 1507//1507 1531//1531
f 1507//1507 1501//1501 1445//1445
f 1501//1501 1497//1497 1445//1445
f 1488//1488 1515//1515 1477//1477
f 1488//1488 1497//1497 1515//1515
f 1429//1429 1488//1488 1477//1477
f 1497//1497 1488//1488 1445//1445
f 1488//1488 1429//1429 1445//1445
f 1409//1409 1439//1439 1406//1406
f 1439//1439 1419//1419 1406//1406
f 1439//1439 1486//1486 1476//1476
f 1385//1385 1409//1409 1406//1406
f 1443//1443 1429//1429 1477//1477
f 1443//1443 1439//1439 1409//1409
f 1429//1429 1421//1421 1372//1372
f 1421//1421 1443//1443 1409//1409
f 1443//1443 1421//1421 1429//1429
f 1397//1397 1365//1365 1337//1337
f 1365//1365 1397//1397 1372//1372
f 1407//1407 1474//1474 1458//1458
f 1474//1474 1407//1407 1426//1426
f 1361//1361 1407//1407 1377//1377
f 1792//1792 1724//1724 1698//1698
f 1724//1724 1792//1792 1813//1813
f 1688//1688 1735//1735 1720//1720
f 1765//1765 1735//1735 1752//1752
f 1698//1698 1672//1672 1661//1661
f 1724//1724 1672//1672 1698//1698
f 1620//1620 1566//1566 1545//1545
f 1598//1598 1603//1603 1661//1661
f 1672//1672 1598//1598 1661//1661
f 1598//1598 1672//1672 1620//1620
f 1598//1598 1620//1620 1545//1545
f 1598//1598 1545//1545 1551//1551
f 1603//1603 1598//1598 1551//1551
f 1603//1603 1654//1654 1661//1661
f 1651//1651 1654//1654 1603//1603
f 1709//1709 1654//1654 1710//1710
f 1654//1654 1709//1709 1661//1661
f 1654//1654 1693//1693 1710//1710
f 1693//1693 1654//1654 1651//1651
f 1515//1515 1547//1547 1551//1551
f 1547//1547 1603//1603 1551//1551
f 1547//1547 1561//1561 1603//1603
f 1561//1561 1592//1592 1603//1603
f 1592//1592 1634//1634 1644//1644
f 1634//1634 1592//1592 1536//1536
f 1536//1536 1592//1592 1531//1531
f 1592//1592 1561//1561 1531//1531
f 1469//1469 1511//1511 1530//1530
f 1486//1486 1469//1469 1530//1530
f 1511//1511 1469//1469 1477//1477
f 1469//1469 1443//1443 1477//1477
f 1439//1439 1469//1469 1486//1486
f 1443//1443 1469//1469 1439//1439
f 1521//1521 1505//1505 1545//1545
f 1566//1566 1521//1521 1545//1545
f 1521//1521 1566//1566 1534//1534
f 1275//1275 1300//1300 1337//1337
f 1270//1270 1300//1300 1275//1275
f 1300//1300 1329//1329 1337//1337
f 1300//1300 1270//1270 1266//1266
f 1219//1219 1236//1236 1197//1197
f 1236//1236 1219//1219 1270//1270
f 1289//1289 1307//1307 1294//1294
f 1201//1201 1251//1251 1218//1218
f 1281//1281 1251//1251 1294//1294
f 1251//1251 1289//1289 1294//1294
f 1251//1251 1239//1239 1218//1218
f 1251//1251 1281//1281 1239//1239
f 1165//1165 1201//1201 1218//1218
f 1203//1203 1165//1165 1218//1218
f 689//689 667//667 670//670
f 650//650 667//667 634//634
f 667//667 650//650 670//670
f 1012//1012 1037//1037 1039//1039
f 1037//1037 1091//1091 1039//1039
f 1091//1091 1037//1037 1071//1071
f 1132//1132 1134//1134 1071//1071
f 1134//1134 1091//1091 1071//1071
f 919//919 933//933 928//928
f 827//827 850//850 800//800
f 996//996 960//960 928//928
f 921//921 934//934 867//867
f 856//856 825//825 858//858
f 856//856 882//882 867//867
f 882//882 856//856 858//858
f 900//900 923//923 887//887
f 967//967 1014//1014 934//934
f 801//801 781//781 807//807
f 781//781 801//801 779//779
f 801//801 820//820 779//779
f 801//801 832//832 820//820
f 833//833 839//839 807//807
f 839//839 833//833 881//881
f 832//832 839//839 857//857
f 839//839 897//897 857//857
f 897//897 839//839 881//881
f 839//839 801//801 807//807
f 801//801 839//839 832//832
f 833//833 879//879 881//881
f 902//902 879//879 847//847
f 874//874 905//905 911//911
f 905//905 943//943 911//911
f 905//905 978//978 943//943
f 842//842 905//905 874//874
f 943//943 924//924 911//911
f 924//924 943//943 945//945
f 909//909 924//924 945//945
f 924//924 855//855 911//911
f 1019//1019 1029//1029 1051//1051
f 1029//1029 1089//1089 1051//1051
f 1089//1089 1029//1029 1069//1069
f 1029//1029 1019//1019 1002//1002
f 945//945 1017//1017 969//969
f 1019//1019 1017//1017 945//945
f 1017//1017 1019//1019 1051//1051
f 1046//1046 1017//1017 1051//1051
f 639//639 597//597 632//632
f 597//597 639//639 584//584
f 623//623 590//590 586//586
f 590//590 623//623 645//645
f 623//623 639//639 666//666
f 584//584 623//623 586//586
f 639//639 623//623 584//584
f 704//704 699//699 726//726
f 726//726 699//699 686//686
f 542//542 584//584 541//541
f 566//566 542//542 535//535
f 542//542 597//597 584//584
f 517//517 542//542 541//541
f 542//542 566//566 582//582
f 597//597 542//542 582//582
f 549//549 576//576 554//554
f 576//576 549//549 574//574
f 724//724 697//697 692//692
f 697//697 665//665 692//692
f 697//697 724//724 734//734
f 638//638 643//643 610//610
f 665//665 643//643 638//638
f 731//731 754//754 749//749
f 731//731 729//729 701//701
f 729//729 731//731 749//749
f 702//702 731//731 701//701
f 731//731 702//702 754//754
f 770//770 795//795 775//775
f 752//752 770//770 727//727
f 777//777 770//770 752//752
f 822//822 810//810 864//864
f 795//795 810//810 822//822
f 810//810 770//770 777//777
f 770//770 810//810 795//795
f 872//872 886//886 909//909
f 924//924 886//886 855//855
f 886//886 924//924 909//909
f 728//728 695//695 684//684
f 728//728 746//746 695//695
f 704//704 728//728 684//684
f 728//728 704//704 726//726
f 728//728 726//726 782//782
f 746//746 728//728 782//782
f 1053//1053 1031//1031 1065//1065
f 1031//1031 1053//1053 1002//1002
f 1053//1053 1029//1029 1002//1002
f 1029//1029 1053//1053 1069//1069
f 994//994 975//975 968//968
f 729//729 694//694 701//701
f 675//675 694//694 671//671
f 694//694 675//675 701//701
f 804//804 846//846 828//828
f 804//804 798//798 846//846
f 804//804 818//818 791//791
f 818//818 804//804 828//828
f 798//798 805//805 852//852
f 817//817 805//805 785//785
f 805//805 762//762 785//785
f 805//805 798//798 762//762
f 805//805 849//849 852//852
f 805//805 817//817 849//849
f 762//762 759//759 785//785
f 759//759 780//780 785//785
f 759//759 723//723 780//780
f 723//723 696//696 676//676
f 642//642 696//696 692//692
f 696//696 642//642 676//676
f 806//806 848//848 788//788
f 783//783 806//806 788//788
f 830//830 806//806 783//783
f 860//860 861//861 893//893
f 848//848 889//889 895//895
f 889//889 922//922 895//895
f 922//922 889//889 955//955
f 876//876 871//871 913//913
f 871//871 876//876 844//844
f 844//844 876//876 849//849
f 876//876 899//899 849//849
f 876//876 913//913 899//899
f 678//678 672//672 655//655
f 672//672 721//721 691//691
f 678//678 721//721 672//672
f 721//721 678//678 698//698
f 721//721 722//722 691//691
f 722//722 721//721 757//757
f 757//757 721//721 761//761
f 721//721 698//698 761//761
f 741//741 700//700 737//737
f 640//640 631//631 672//672
f 674//674 640//640 672//672
f 594//594 640//640 620//620
f 640//640 594//594 631//631
f 640//640 668//668 620//620
f 640//640 674//674 668//668
f 553//553 534//534 559//559
f 534//534 553//553 491//491
f 534//534 539//539 559//559
f 553//553 500//500 491//491
f 500//500 553//553 521//521
f 765//765 768//768 736//736
f 800//800 765//765 787//787
f 765//765 800//800 799//799
f 768//768 765//765 799//799
f 553//553 599//599 592//592
f 599//599 627//627 592//592
f 599//599 553//553 559//559
f 303//303 329//329 317//317
f 288//288 303//303 317//317
f 303//303 288//288 290//290
f 315//315 290//290 301//301
f 303//303 315//315 329//329
f 315//315 303//303 290//290
f 290//290 287//287 301//301
f 432//432 419//419 453//453
f 419//419 428//428 462//462
f 453//453 419//419 462//462
f 394//394 359//359 340//340
f 394//394 401//401 428//428
f 419//419 394//394 428//428
f 361//361 376//376 340//340
f 376//376 361//361 382//382
f 401//401 376//376 382//382
f 376//376 394//394 340//340
f 394//394 376//376 401//401
f 304//304 335//335 301//301
f 335//335 304//304 326//326
f 326//326 304//304 316//316
f 265//265 294//294 311//311
f 294//294 288//288 317//317
f 340//340 294//294 317//317
f 294//294 340//340 311//311
f 288//288 260//260 251//251
f 294//294 260//260 288//288
f 441//441 436//436 463//463
f 436//436 441//441 409//409
f 484//484 468//468 515//515
f 484//484 448//448 468//468
f 507//507 501//501 530//530
f 501//501 479//479 530//530
f 501//501 507//507 477//477
f 479//479 501//501 477//477
f 459//459 479//479 477//477
f 468//468 459//459 477//477
f 459//459 441//441 463//463
f 479//479 459//459 463//463
f 448//448 459//459 468//468
f 346//346 295//295 333//333
f 346//346 356//356 337//337
f 356//356 346//346 364//364
f 346//346 337//337 318//318
f 295//295 346//346 318//318
f 355//355 346//346 333//333
f 346//346 355//355 364//364
f 457//457 486//486 463//463
f 457//457 466//466 486//486
f 436//436 457//457 463//463
f 562//562 573//573 598//598
f 562//562 563//563 530//530
f 562//562 578//578 563//563
f 562//562 598//598 607//607
f 578//578 562//562 607//607
f 514//514 487//487 532//532
f 487//487 514//514 486//486
f 1096//1096 1058//1058 1055//1055
f 1072//1072 1058//1058 1096//1096
f 1058//1058 1034//1034 1055//1055
f 1034//1034 1058//1058 1023//1023
f 1058//1058 1072//1072 1023//1023
f 293//293 314//314 316//316
f 304//304 293//293 316//316
f 293//293 304//304 274//274
f 326//326 338//338 360//360
f 338//338 350//350 360//360
f 338//338 326//326 316//316
f 338//338 330//330 350//350
f 314//314 338//338 316//316
f 330//330 338//338 314//314
f 491//491 472//472 469//469
f 472//472 449//449 469//469
f 500//500 472//472 491//491
f 408//408 437//437 456//456
f 437//437 408//408 413//413
f 387//387 408//408 405//405
f 387//387 361//361 365//365
f 361//361 387//387 405//405
f 408//408 383//383 413//413
f 387//387 383//383 408//408
f 363//363 383//383 365//365
f 383//383 387//387 365//365
f 257//257 234//234 229//229
f 234//234 232//232 219//219
f 257//257 232//232 234//234
f 298//298 295//295 318//318
f 308//308 298//298 318//318
f 276//276 298//298 308//308
f 291//291 306//306 272//272
f 306//306 291//291 309//309
f 291//291 308//308 309//309
f 291//291 276//276 308//308
f 293//293 296//296 314//314
f 296//296 293//293 264//264
f 296//296 330//330 314//314
f 404//404 421//421 388//388
f 369//369 351//351 344//344
f 330//330 351//351 350//350
f 426//426 421//421 449//449
f 380//380 426//426 413//413
f 426//426 380//380 388//388
f 421//421 426//426 388//388
f 369//369 372//372 393//393
f 372//372 397//397 393//393
f 630//630 600//600 555//555
f 600//600 579//579 555//555
f 625//625 600//600 630//630
f 579//579 569//569 540//540
f 540//540 569//569 532//532
f 569//569 571//571 532//532
f 635//635 612//612 629//629
f 635//635 624//624 604//604
f 612//612 635//635 604//604
f 617//617 591//591 650//650
f 650//650 591//591 621//621
f 569//569 591//591 571//571
f 792//792 730//730 733//733
f 769//769 730//730 792//792
f 730//730 769//769 712//712
f 730//730 703//703 733//733
f 730//730 712//712 703//703
f 512//512 537//537 506//506
f 619//619 587//587 620//620
f 587//587 619//619 626//626
f 668//668 619//619 620//620
f 619//619 668//668 626//626
f 460//460 476//476 452//452
f 452//452 476//476 462//462
f 476//476 512//512 506//506
f 434//434 460//460 452//452
f 434//434 452//452 428//428
f 401//401 434//434 428//428
f 460//460 434//434 429//429
f 434//434 405//405 429//429
f 434//434 401//401 382//382
f 405//405 434//434 382//382
f 616//616 580//580 589//589
f 580//580 616//616 574//574
f 580//580 572//572 589//589
f 520//520 485//485 506//506
f 476//476 485//485 462//462
f 485//485 476//476 506//506
f 1606//1606 1659//1659 1691//1691
f 1659//1659 1700//1700 1691//1691
f 1700//1700 1659//1659 1694//1694
f 1682//1682 1677//1677 1656//1656
f 1677//1677 1637//1637 1656//1656
f 1733//1733 1682//1682 1691//1691
f 1733//1733 1691//1691 1729//1729
f 1733//1733 1769//1769 1751//1751
f 1517//1517 1541//1541 1504//1504
f 1382//1382 1424//1424 1393//1393
f 1424//1424 1382//1382 1404//1404
f 1424//1424 1446//1446 1448//1448
f 1424//1424 1404//1404 1434//1434
f 1446//1446 1424//1424 1434//1434
f 1448//1448 1480//1480 1504//1504
f 1480//1480 1517//1517 1504//1504
f 1446//1446 1480//1480 1448//1448
f 1480//1480 1446//1446 1434//1434
f 1643//1643 1642//1642 1657//1657
f 1643//1643 1616//1616 1642//1642
f 1640//1640 1643//1643 1657//1657
f 1643//1643 1640//1640 1616//1616
f 1640//1640 1595//1595 1616//1616
f 1465//1465 1509//1509 1452//1452
f 1509//1509 1465//1465 1504//1504
f 1541//1541 1509//1509 1504//1504
f 1427//1427 1482//1482 1426//1426
f 1482//1482 1474//1474 1426//1426
f 1474//1474 1482//1482 1494//1494
f 1427//1427 1405//1405 1454//1454
f 1417//1417 1405//1405 1371//1371
f 1405//1405 1417//1417 1454//1454
f 1405//1405 1367//1367 1371//1371
f 1663//1663 1722//1722 1744//1744
f 1764//1764 1795//1795 1769//1769
f 1764//1764 1733//1733 1729//1729
f 1733//1733 1764//1764 1769//1769
f 1731//1731 1764//1764 1729//1729
f 1795//1795 1764//1764 1731//1731
f 1821//1821 1795//1795 1827//1827
f 1795//1795 1821//1821 1800//1800
f 1859//1859 1821//1821 1827//1827
f 1886//1886 1912//1912 1887//1887
f 1886//1886 1845//1845 1905//1905
f 1845//1845 1886//1886 1851//1851
f 1927//1927 1908//1908 1887//1887
f 1912//1912 1927//1927 1887//1887
f 1921//1921 1905//1905 1911//1911
f 1921//1921 1886//1886 1905//1905
f 1886//1886 1921//1921 1912//1912
f 1845//1845 1850//1850 1891//1891
f 1829//1829 1832//1832 1803//1803
f 1882//1882 1832//1832 1887//1887
f 1992//1992 1998//1998 1989//1989
f 1985//1985 1992//1992 1989//1989
f 1992//1992 1985//1985 1991//1991
f 1992//1992 1991//1991 2002//2002
f 1998//1998 1992//1992 2002//2002
f 1949//1949 1953//1953 1936//1936
f 1953//1953 1964//1964 1936//1936
f 1964//1964 1953//1953 1974//1974
f 1953//1953 1977//1977 1974//1974
f 1977//1977 1953//1953 1949//1949
f 1928//1928 1935//1935 1924//1924
f 1935//1935 1928//1928 1954//1954
f 1906//1906 1947//1947 1932//1932
f 1935//1935 1947//1947 1906//1906
f 1949//1949 1947//1947 1957//1957
f 1947//1947 1949//1949 1932//1932
f 1947//1947 1973//1973 1957//1957
f 1947//1947 1965//1965 1973//1973
f 1724//1724 1809//1809 1752//1752
f 1809//1809 1724//1724 1813//1813
f 1630//1630 1536//1536 1588//1588
f 1630//1630 1634//1634 1536//1536
f 1634//1634 1630//1630 1663//1663
f 1558//1558 1578//1578 1588//1588
f 1589//1589 1578//1578 1526//1526
f 1614//1614 1646//1646 1656//1656
f 1608//1608 1589//1589 1526//1526
f 1586//1586 1608//1608 1526//1526
f 1608//1608 1614//1614 1589//1589
f 1614//1614 1608//1608 1646//1646
f 1793//1793 1753//1753 1759//1759
f 1793//1793 1788//1788 1753//1753
f 1777//1777 1793//1793 1759//1759
f 1788//1788 1793//1793 1839//1839
f 1793//1793 1832//1832 1839//1839
f 1793//1793 1777//1777 1803//1803
f 1832//1832 1793//1793 1803//1803
f 1688//1688 1701//1701 1669//1669
f 1701//1701 1688//1688 1720//1720
f 1701//1701 1681//1681 1669//1669
f 1681//1681 1668//1668 1639//1639
f 1681//1681 1711//1711 1718//1718
f 1668//1668 1681//1681 1718//1718
f 1758//1758 1754//1754 1720//1720
f 1735//1735 1758//1758 1720//1720
f 1758//1758 1735//1735 1765//1765
f 1758//1758 1765//1765 1789//1789
f 1824//1824 1758//1758 1789//1789
f 1754//1754 1758//1758 1824//1824
f 1726//1726 1750//1750 1711//1711
f 1726//1726 1754//1754 1750//1750
f 1681//1681 1726//1726 1711//1711
f 1726//1726 1681//1681 1701//1701
f 1754//1754 1726//1726 1720//1720
f 1726//1726 1701//1701 1720//1720
f 1903//1903 1876//1876 1896//1896
f 1868//1868 1910//1910 1914//1914
f 1910//1910 1868//1868 1898//1898
f 1914//1914 1910//1910 1934//1934
f 1919//1919 1936//1936 1934//1934
f 1919//1919 1903//1903 1936//1936
f 1910//1910 1919//1919 1934//1934
f 1903//1903 1919//1919 1898//1898
f 1919//1919 1910//1910 1898//1898
f 1942//1942 1955//1955 1930//1930
f 1930//1930 1955//1955 1950//1950
f 1955//1955 1970//1970 1950//1950
f 1918//1918 1893//1893 1881//1881
f 1918//1918 1942//1942 1893//1893
f 1862//1862 1918//1918 1881//1881
f 1918//1918 1862//1862 1914//1914
f 1969//1969 1986//1986 1967//1967
f 1986//1986 1969//1969 1988//1988
f 1841//1841 1853//1853 1872//1872
f 1841//1841 1874//1874 1847//1847
f 1841//1841 1872//1872 1874//1874
f 1853//1853 1841//1841 1818//1818
f 1815//1815 1841//1841 1847//1847
f 1841//1841 1815//1815 1818//1818
f 1853//1853 1856//1856 1880//1880
f 1963//1963 1961//1961 1943//1943
f 1938//1938 1961//1961 1960//1960
f 1961//1961 1938//1938 1943//1943
f 1980//1980 1963//1963 1967//1967
f 1986//1986 1980//1980 1967//1967
f 1975//1975 1958//1958 1951//1951
f 1958//1958 1975//1975 1962//1962
f 1958//1958 1962//1962 1933//1933
f 1939//1939 1958//1958 1933//1933
f 1958//1958 1939//1939 1951//1951
f 1627//1627 1689//1689 1670//1670
f 1689//1689 1727//1727 1670//1670
f 1689//1689 1707//1707 1727//1727
f 1676//1676 1627//1627 1645//1645
f 1676//1676 1696//1696 1708//1708
f 1707//1707 1676//1676 1708//1708
f 1689//1689 1676//1676 1707//1707
f 1676//1676 1689//1689 1627//1627
f 1527//1527 1557//1557 1556//1556
f 1557//1557 1527//1527 1525//1525
f 1556//1556 1557//1557 1584//1584
f 1557//1557 1525//1525 1560//1560
f 1583//1583 1557//1557 1560//1560
f 1557//1557 1613//1613 1584//1584
f 1557//1557 1583//1583 1613//1613
f 1543//1543 1489//1489 1483//1483
f 1535//1535 1489//1489 1543//1543
f 1489//1489 1450//1450 1483//1483
f 1450//1450 1489//1489 1479//1479
f 1514//1514 1535//1535 1539//1539
f 1514//1514 1463//1463 1479//1479
f 1514//1514 1539//1539 1463//1463
f 1489//1489 1514//1514 1479//1479
f 1514//1514 1489//1489 1535//1535
f 1555//1555 1535//1535 1543//1543
f 1572//1572 1555//1555 1543//1543
f 1535//1535 1555//1555 1568//1568
f 1555//1555 1591//1591 1568//1568
f 1555//1555 1572//1572 1591//1591
f 1749//1749 1745//1745 1779//1779
f 1712//1712 1745//1745 1749//1749
f 1745//1745 1747//1747 1779//1779
f 1712//1712 1723//1723 1690//1690
f 1723//1723 1712//1712 1749//1749
f 1723//1723 1721//1721 1690//1690
f 1721//1721 1723//1723 1749//1749
f 1629//1629 1687//1687 1645//1645
f 1655//1655 1687//1687 1629//1629
f 1687//1687 1655//1655 1673//1673
f 1721//1721 1687//1687 1673//1673
f 1665//1665 1666//1666 1725//1725
f 1666//1666 1686//1686 1725//1725
f 1686//1686 1666//1666 1652//1652
f 1666//1666 1636//1636 1652//1652
f 1636//1636 1633//1633 1594//1594
f 1594//1594 1633//1633 1617//1617
f 1633//1633 1666//1666 1665//1665
f 1666//1666 1633//1633 1636//1636
f 1633//1633 1649//1649 1617//1617
f 1649//1649 1633//1633 1665//1665
f 1745//1745 1719//1719 1747//1747
f 1719//1719 1712//1712 1684//1684
f 1719//1719 1745//1745 1712//1712
f 1697//1697 1649//1649 1665//1665
f 1719//1719 1697//1697 1747//1747
f 1697//1697 1719//1719 1684//1684
f 1631//1631 1697//1697 1684//1684
f 1649//1649 1697//1697 1631//1631
f 1739//1739 1702//1702 1738//1738
f 1702//1702 1739//1739 1686//1686
f 1702//1702 1668//1668 1738//1738
f 1596//1596 1566//1566 1620//1620
f 1566//1566 1596//1596 1574//1574
f 1495//1495 1470//1470 1457//1457
f 1495//1495 1521//1521 1534//1534
f 1505//1505 1495//1495 1476//1476
f 1521//1521 1495//1495 1505//1505
f 1528//1528 1574//1574 1549//1549
f 1513//1513 1533//1533 1492//1492
f 1513//1513 1492//1492 1467//1467
f 1462//1462 1513//1513 1467//1467
f 1636//1636 1618//1618 1652//1652
f 1668//1668 1618//1618 1639//1639
f 1532//1532 1585//1585 1563//1563
f 1585//1585 1594//1594 1563//1563
f 1585//1585 1636//1636 1594//1594
f 1585//1585 1618//1618 1636//1636
f 1492//1492 1520//1520 1471//1471
f 1533//1533 1520//1520 1492//1492
f 1520//1520 1478//1478 1471//1471
f 1478//1478 1520//1520 1508//1508
f 1585//1585 1520//1520 1533//1533
f 1520//1520 1532//1532 1508//1508
f 1520//1520 1585//1585 1532//1532
f 1353//1353 1378//1378 1343//1343
f 1378//1378 1353//1353 1379//1379
f 1353//1353 1343//1343 1310//1310
f 1468//1468 1500//1500 1493//1493
f 1522//1522 1475//1475 1481//1481
f 1475//1475 1522//1522 1500//1500
f 1475//1475 1449//1449 1481//1481
f 1475//1475 1444//1444 1449//1449
f 1468//1468 1475//1475 1500//1500
f 1475//1475 1468//1468 1444//1444
f 1730//1730 1772//1772 1767//1767
f 1730//1730 1721//1721 1772//1772
f 1730//1730 1687//1687 1721//1721
f 1705//1705 1736//1736 1713//1713
f 1736//1736 1761//1761 1713//1713
f 1736//1736 1705//1705 1683//1683
f 1736//1736 1773//1773 1784//1784
f 1756//1756 1736//1736 1683//1683
f 1773//1773 1736//1736 1756//1756
f 1775//1775 1762//1762 1806//1806
f 1761//1761 1762//1762 1775//1775
f 1762//1762 1784//1784 1806//1806
f 1762//1762 1736//1736 1784//1784
f 1736//1736 1762//1762 1761//1761
f 1799//1799 1794//1794 1756//1756
f 1794//1794 1773//1773 1756//1756
f 618//618 570//570 606//606
f 593//593 654//654 613//613
f 711//711 732//732 713//713
f 679//679 711//711 713//713
f 732//732 711//711 758//758
f 711//711 720//720 758//758
f 544//544 505//505 527//527
f 570//570 544//544 527//527
f 505//505 544//544 526//526
f 410//410 391//391 435//435
f 417//417 410//410 435//435
f 523//523 525//525 510//510
f 556//556 560//560 593//593
f 525//525 560//560 556//556
f 560//560 525//525 523//523
f 754//754 743//743 775//775
f 702//702 743//743 754//754
f 743//743 702//702 727//727
f 770//770 743//743 727//727
f 743//743 770//770 775//775
f 651//651 702//702 648//648
f 702//702 651//651 727//727
f 651//651 637//637 727//727
f 637//637 608//608 645//645
f 568//568 531//531 548//548
f 531//531 568//568 527//527
f 568//568 570//570 527//527
f 357//357 341//341 367//367
f 341//341 357//357 348//348
f 504//504 465//465 509//509
f 504//504 474//474 465//465
f 474//474 504//504 502//502
f 531//531 504//504 509//509
f 502//502 504//504 527//527
f 504//504 531//531 527//527
f 447//447 473//473 446//446
f 474//474 473//473 447//447
f 473//473 474//474 502//502
f 473//473 458//458 446//446
f 473//473 502//502 505//505
f 458//458 473//473 505//505
f 509//509 497//497 529//529
f 467//467 497//497 509//509
f 497//497 467//467 438//438
f 546//546 561//561 529//529
f 497//497 546//546 529//529
f 443//443 415//415 403//403
f 415//415 392//392 403//403
f 392//392 415//415 411//411
f 415//415 438//438 411//411
f 415//415 443//443 438//438
f 389//389 392//392 411//411
f 399//399 389//389 411//411
f 371//371 389//389 399//399
f 389//389 371//371 368//368
f 392//392 389//389 368//368
f 302//302 332//332 323//323
f 302//302 323//323 300//300
f 280//280 302//302 300//300
f 412//412 396//396 433//433
f 431//431 412//412 433//433
f 395//395 422//422 420//420
f 420//420 422//422 450//450
f 422//422 431//431 450//450
f 422//422 412//412 431//431
f 370//370 366//366 347//347
f 366//366 370//370 400//400
f 370//370 395//395 400//400
f 353//353 370//370 334//334
f 374//374 349//349 359//359
f 353//353 374//374 396//396
f 374//374 353//353 349//349
f 374//374 432//432 396//396
f 374//374 419//419 432//432
f 394//394 374//374 359//359
f 374//374 394//394 419//419
f 396//396 445//445 433//433
f 432//432 445//445 396//396
f 445//445 470//470 433//433
f 445//445 432//432 453//453
f 278//278 284//284 267//267
f 297//297 278//278 281//281
f 284//284 278//278 310//310
f 278//278 297//297 310//310
f 278//278 262//262 281//281
f 241//241 278//278 267//267
f 262//262 278//278 241//241
f 322//322 328//328 292//292
f 322//322 292//292 300//300
f 322//322 345//345 352//352
f 328//328 322//322 352//352
f 323//323 322//322 300//300
f 345//345 322//322 323//323
f 328//328 331//331 313//313
f 310//310 331//331 342//342
f 313//313 331//331 310//310
f 43//43 51//51 40//40
f 76//76 78//78 63//63
f 20//20 15//15 18//18
f 21//21 17//17 13//13
f 15//15 19//19 11//11
f 20//20 19//19 15//15
f 19//19 20//20 23//23
f 21//21 19//19 23//23
f 157//157 147//147 173//173
f 167//167 157//157 173//173
f 147//147 157//157 127//127
f 233//233 228//228 252//252
f 228//228 233//233 215//215
f 228//228 255//255 252//252
f 228//228 215//215 255//255
f 233//233 196//196 199//199
f 196//196 167//167 199//199
f 222//222 227//227 244//244
f 227//227 249//249 244//244
f 279//279 277//277 259//259
f 245//245 279//279 259//259
f 286//286 279//279 245//245
f 312//312 286//286 325//325
f 312//312 279//279 286//286
f 279//279 312//312 319//319
f 154//154 151//151 128//128
f 154//154 166//166 170//170
f 151//151 154//154 170//170
f 79//79 82//82 90//90
f 96//96 82//82 92//92
f 82//82 96//96 90//90
f 115//115 130//130 147//147
f 9//9 12//12 8//8
f 12//12 16//16 8//8
f 46//46 47//47 38//38
f 80//80 64//64 63//63
f 78//78 80//80 63//63
f 86//86 80//80 78//78
f 64//64 80//80 71//71
f 80//80 86//86 92//92
f 82//82 80//80 92//92
f 80//80 82//82 71//71
f 85//85 95//95 84//84
f 77//77 85//85 84//84
f 88//88 74//74 84//84
f 74//74 88//88 83//83
f 76//76 74//74 83//83
f 1278//1278 1254//1254 1240//1240
f 1278//1278 1240//1240 1283//1283
f 1301//1301 1278//1278 1310//1310
f 1254//1254 1278//1278 1301//1301
f 993//993 964//964 969//969
f 1017//1017 993//993 969//969
f 993//993 1017//1017 1024//1024
f 1067//1067 1000//1000 1024//1024
f 1000//1000 1067//1067 1050//1050
f 1006//1006 1000//1000 1050//1050
f 1000//1000 1006//1006 980//980
f 1000//1000 993//993 1024//1024
f 964//964 1000//1000 980//980
f 993//993 1000//1000 964//964
f 1067//1067 1095//1095 1122//1122
f 1095//1095 1130//1130 1122//1122
f 1083//1083 1135//1135 1100//1100
f 1135//1135 1076//1076 1100//1100
f 1135//1135 1145//1145 1076//1076
f 840//840 813//813 847//847
f 813//813 840//840 833//833
f 879//879 840//840 847//847
f 840//840 879//879 833//833
f 1036//1036 1076//1076 1042//1042
f 1036//1036 1042//1042 1010//1010
f 1076//1076 1036//1036 1100//1100
f 1006//1006 1036//1036 1010//1010
f 1036//1036 1006//1006 1050//1050
f 1036//1036 1083//1083 1100//1100
f 1083//1083 1036//1036 1050//1050
f 1052//1052 1035//1035 1093//1093
f 1035//1035 1052//1052 1018//1018
f 1076//1076 1068//1068 1042//1042
f 1068//1068 1035//1035 1042//1042
f 1035//1035 1068//1068 1093//1093
f 997//997 1035//1035 982//982
f 1035//1035 997//997 1042//1042
f 957//957 997//997 982//982
f 1042//1042 997//997 1010//1010
f 997//997 973//973 1010//1010
f 997//997 957//957 973//973
f 1202//1202 1178//1178 1232//1232
f 1136//1136 1178//1178 1202//1202
f 1205//1205 1240//1240 1227//1227
f 1205//1205 1202//1202 1240//1240
f 1172//1172 1205//1205 1227//1227
f 1202//1202 1205//1205 1172//1172
f 1129//1129 1110//1110 1143//1143
f 1178//1178 1129//1129 1143//1143
f 1129//1129 1136//1136 1116//1116
f 1129//1129 1178//1178 1136//1136
f 1261//1261 1232//1232 1237//1237
f 1261//1261 1277//1277 1232//1232
f 929//929 959//959 962//962
f 892//892 917//917 929//929
f 917//917 959//959 929//929
f 959//959 917//917 935//935
f 935//935 917//917 875//875
f 917//917 862//862 875//875
f 917//917 892//892 862//862
f 877//877 907//907 875//875
f 907//907 935//935 875//875
f 956//956 957//957 982//982
f 976//976 956//956 982//982
f 1246//1246 1204//1204 1208//1208
f 1204//1204 1209//1209 1177//1177
f 1174//1174 1204//1204 1177//1177
f 1208//1208 1204//1204 1174//1174
f 1258//1258 1272//1272 1233//1233
f 1258//1258 1228//1228 1263//1263
f 1298//1298 1258//1258 1263//1263
f 1272//1272 1258//1258 1298//1298
f 1258//1258 1233//1233 1196//1196
f 1375//1375 1399//1399 1364//1364
f 1040//1040 1004//1004 1028//1028
f 1004//1004 1040//1040 1030//1030
f 1063//1063 1040//1040 1028//1028
f 992//992 1004//1004 1030//1030
f 958//958 992//992 968//968
f 992//992 958//958 965//965
f 1004//1004 992//992 965//965
f 992//992 994//994 968//968
f 992//992 1030//1030 994//994
f 1102//1102 1166//1166 1133//1133
f 1167//1167 1166//1166 1105//1105
f 1166//1166 1102//1102 1105//1105
f 1234//1234 1166//1166 1167//1167
f 1255//1255 1287//1287 1263//1263
f 1228//1228 1255//1255 1263//1263
f 1234//1234 1255//1255 1228//1228
f 922//922 951//951 941//941
f 951//951 922//922 955//955
f 972//972 948//948 941//941
f 1070//1070 1103//1103 1107//1107
f 1103//1103 1153//1153 1107//1107
f 1346//1346 1303//1303 1298//1298
f 1303//1303 1346//1346 1327//1327
f 1303//1303 1272//1272 1298//1298
f 1303//1303 1327//1327 1293//1293
f 1272//1272 1303//1303 1293//1293
f 1368//1368 1339//1339 1308//1308
f 1340//1340 1368//1368 1308//1308
f 1368//1368 1340//1340 1374//1374
f 1368//1368 1412//1412 1402//1402
f 1412//1412 1368//1368 1374//1374
f 1455//1455 1456//1456 1423//1423
f 1483//1483 1456//1456 1491//1491
f 1423//1423 1456//1456 1483//1483
f 1456//1456 1502//1502 1491//1491
f 1456//1456 1455//1455 1502//1502
f 1280//1280 1331//1331 1305//1305
f 1331//1331 1360//1360 1305//1305
f 1581//1581 1552//1552 1522//1522
f 1575//1575 1552//1552 1581//1581
f 1500//1500 1552//1552 1524//1524
f 1522//1522 1552//1552 1500//1500
f 1552//1552 1575//1575 1564//1564
f 1552//1552 1512//1512 1524//1524
f 1512//1512 1552//1552 1564//1564
f 1487//1487 1453//1453 1459//1459
f 1487//1487 1485//1485 1453//1453
f 1485//1485 1487//1487 1527//1527
f 1525//1525 1487//1487 1459//1459
f 1527//1527 1487//1487 1525//1525
f 1357//1357 1358//1358 1392//1392
f 1358//1358 1357//1357 1330//1330
f 1408//1408 1358//1358 1366//1366
f 1358//1358 1408//1408 1392//1392
f 1358//1358 1332//1332 1366//1366
f 1332//1332 1358//1358 1330//1330
f 1370//1370 1422//1422 1380//1380
f 1370//1370 1334//1334 1345//1345
f 1357//1357 1370//1370 1345//1345
f 1370//1370 1357//1357 1392//1392
f 1422//1422 1370//1370 1392//1392
f 1837//1837 1860//1860 1866//1866
f 1860//1860 1837//1837 1825//1825
f 1835//1835 1837//1837 1866//1866
f 1837//1837 1814//1814 1825//1825
f 1837//1837 1835//1835 1814//1814
f 1146//1146 1190//1190 1128//1128
f 1190//1190 1146//1146 1175//1175
f 1108//1108 1106//1106 1140//1140
f 1140//1140 1106//1106 1141//1141
f 1106//1106 1065//1065 1043//1043
f 1106//1106 1108//1108 1065//1065
f 1030//1030 1106//1106 1043//1043
f 1040//1040 1106//1106 1030//1030
f 1106//1106 1040//1040 1063//1063
f 1106//1106 1099//1099 1141//1141
f 1106//1106 1063//1063 1099//1099
f 1292//1292 1253//1253 1295//1295
f 1332//1332 1292//1292 1295//1295
f 1292//1292 1332//1332 1330//1330
f 1253//1253 1212//1212 1194//1194
f 1229//1229 1212//1212 1276//1276
f 1212//1212 1292//1292 1276//1276
f 1292//1292 1212//1212 1253//1253
f 1357//1357 1312//1312 1330//1330
f 1312//1312 1309//1309 1276//1276
f 1312//1312 1357//1357 1345//1345
f 1309//1309 1312//1312 1345//1345
f 1292//1292 1312//1312 1276//1276
f 1312//1312 1292//1292 1330//1330
f 1257//1257 1309//1309 1334//1334
f 1257//1257 1229//1229 1309//1309
f 1257//1257 1261//1261 1237//1237
f 1207//1207 1257//1257 1237//1237
f 1257//1257 1207//1207 1229//1229
f 1190//1190 1163//1163 1128//1128
f 1163//1163 1120//1120 1128//1128
f 1163//1163 1157//1157 1120//1120
f 1163//1163 1190//1190 1195//1195
f 1157//1157 1163//1163 1195//1195
f 1135//1135 1159//1159 1194//1194
f 1159//1159 1135//1135 1083//1083
f 1186//1186 1152//1152 1156//1156
f 1152//1152 1097//1097 1122//1122
f 1156//1156 1152//1152 1122//1122
f 1291//1291 1324//1324 1321//1321
f 1324//1324 1363//1363 1321//1321
f 1393//1393 1324//1324 1311//1311
f 1410//1410 1324//1324 1393//1393
f 1324//1324 1410//1410 1363//1363
f 1285//1285 1291//1291 1250//1250
f 1285//1285 1256//1256 1311//1311
f 1256//1256 1285//1285 1250//1250
f 1324//1324 1285//1285 1311//1311
f 1285//1285 1324//1324 1291//1291
f 1244//1244 1291//1291 1321//1321
f 1318//1318 1244//1244 1321//1321
f 1244//1244 1318//1318 1241//1241
f 1244//1244 1241//1241 1214//1214
f 1200//1200 1244//1244 1214//1214
f 1244//1244 1200//1200 1216//1216
f 1250//1250 1244//1244 1216//1216
f 1291//1291 1244//1244 1250//1250
f 1256//1256 1243//1243 1273//1273
f 1243//1243 1189//1189 1193//1193
f 1221//1221 1250//1250 1216//1216
f 1221//1221 1256//1256 1250//1250
f 1221//1221 1216//1216 1182//1182
f 1189//1189 1221//1221 1182//1182
f 1243//1243 1221//1221 1189//1189
f 1221//1221 1243//1243 1256//1256
f 709//709 744//744 739//739
f 744//744 753//753 739//739
f 744//744 709//709 714//714
f 745//745 744//744 714//714
f 744//744 745//745 773//773
f 766//766 808//808 819//819
f 797//797 766//766 819//819
f 753//753 766//766 739//739
f 766//766 735//735 739//739
f 735//735 766//766 797//797
f 706//706 709//709 739//739
f 735//735 706//706 739//739
f 706//706 735//735 703//703
f 709//709 706//706 625//625
f 625//625 706//706 621//621
f 706//706 703//703 621//621
f 863//863 912//912 890//890
f 863//863 888//888 912//912
f 888//888 863//863 819//819
f 863//863 797//797 819//819
f 797//797 863//863 835//835
f 884//884 863//863 890//890
f 863//863 858//858 835//835
f 863//863 884//884 858//858
f 1075//1075 1087//1087 1049//1049
f 1087//1087 1075//1075 1111//1111
f 1079//1079 1075//1075 1049//1049
f 1075//1075 1079//1079 1111//1111
f 936//936 894//894 934//934
f 1022//1022 936//936 934//934
f 1022//1022 1078//1078 1071//1071
f 1078//1078 1022//1022 1080//1080
f 1078//1078 1132//1132 1071//1071
f 1098//1098 1123//1123 1080//1080
f 1027//1027 1098//1098 1080//1080
f 1098//1098 1027//1027 1066//1066
f 1098//1098 1066//1066 1113//1113
f 1181//1181 1098//1098 1113//1113
f 1219//1219 1238//1238 1266//1266
f 1238//1238 1219//1219 1210//1210
f 1238//1238 1210//1210 1213//1213
f 1219//1219 1170//1170 1210//1210
f 1210//1210 1170//1170 1213//1213
f 1170//1170 1181//1181 1213//1213
f 1170//1170 1098//1098 1181//1181
f 1098//1098 1170//1170 1123//1123
f 1184//1184 1154//1154 1148//1148
f 1111//1111 1154//1154 1150//1150
f 1154//1154 1111//1111 1148//1148
f 1154//1154 1215//1215 1150//1150
f 1154//1154 1184//1184 1215//1215
f 1290//1290 1248//1248 1259//1259
f 1222//1222 1248//1248 1215//1215
f 1248//1248 1222//1222 1259//1259
f 1326//1326 1325//1325 1371//1371
f 1326//1326 1290//1290 1325//1325
f 1367//1367 1326//1326 1371//1371
f 1361//1361 1326//1326 1367//1367
f 1121//1121 1131//1131 1082//1082
f 1088//1088 1121//1121 1082//1082
f 1121//1121 1088//1088 1109//1109
f 977//977 970//970 1049//1049
f 970//970 1025//1025 1049//1049
f 970//970 977//977 932//932
f 1025//1025 970//970 1009//1009
f 970//970 888//888 915//915
f 970//970 915//915 979//979
f 1009//1009 970//970 979//979
f 912//912 970//970 932//932
f 888//888 970//970 912//912
f 1451//1451 1457//1457 1419//1419
f 1439//1439 1451//1451 1419//1419
f 1451//1451 1439//1439 1476//1476
f 1495//1495 1451//1451 1476//1476
f 1451//1451 1495//1495 1457//1457
f 1385//1385 1376//1376 1409//1409
f 1421//1421 1376//1376 1372//1372
f 1376//1376 1421//1421 1409//1409
f 1333//1333 1365//1365 1372//1372
f 1365//1365 1333//1333 1337//1337
f 1333//1333 1275//1275 1337//1337
f 1333//1333 1304//1304 1275//1275
f 1377//1377 1411//1411 1415//1415
f 1407//1407 1411//1411 1377//1377
f 1415//1415 1411//1411 1458//1458
f 1411//1411 1407//1407 1458//1458
f 1322//1322 1377//1377 1329//1329
f 1322//1322 1361//1361 1377//1377
f 1300//1300 1322//1322 1329//1329
f 1322//1322 1300//1300 1266//1266
f 1388//1388 1361//1361 1367//1367
f 1405//1405 1388//1388 1367//1367
f 1407//1407 1388//1388 1426//1426
f 1361//1361 1388//1388 1407//1407
f 1388//1388 1427//1427 1426//1426
f 1388//1388 1405//1405 1427//1427
f 1685//1685 1672//1672 1724//1724
f 1685//1685 1735//1735 1688//1688
f 1678//1678 1653//1653 1644//1644
f 1663//1663 1678//1678 1644//1644
f 1693//1693 1678//1678 1703//1703
f 1678//1678 1663//1663 1744//1744
f 1678//1678 1693//1693 1651//1651
f 1653//1653 1678//1678 1651//1651
f 1703//1703 1678//1678 1740//1740
f 1678//1678 1744//1744 1740//1740
f 1497//1497 1529//1529 1515//1515
f 1529//1529 1547//1547 1515//1515
f 1529//1529 1501//1501 1531//1531
f 1501//1501 1529//1529 1497//1497
f 1561//1561 1529//1529 1531//1531
f 1547//1547 1529//1529 1561//1561
f 1623//1623 1653//1653 1651//1651
f 1623//1623 1651//1651 1603//1603
f 1592//1592 1623//1623 1603//1603
f 1653//1653 1623//1623 1644//1644
f 1623//1623 1592//1592 1644//1644
f 1236//1236 1220//1220 1197//1197
f 1220//1220 1132//1132 1197//1197
f 1220//1220 1134//1134 1132//1132
f 1134//1134 1220//1220 1211//1211
f 1247//1247 1251//1251 1201//1201
f 1251//1251 1247//1247 1289//1289
f 1289//1289 1247//1247 1282//1282
f 1057//1057 1039//1039 1085//1085
f 1138//1138 1165//1165 1126//1126
f 1138//1138 1127//1127 1162//1162
f 1201//1201 1138//1138 1162//1162
f 1165//1165 1138//1138 1201//1201
f 1171//1171 1203//1203 1168//1168
f 1171//1171 1165//1165 1203//1203
f 1165//1165 1171//1171 1126//1126
f 1231//1231 1199//1199 1211//1211
f 1286//1286 1231//1231 1211//1211
f 1231//1231 1286//1286 1282//1282
f 1247//1247 1231//1231 1282//1282
f 1304//1304 1271//1271 1275//1275
f 1286//1286 1271//1271 1304//1304
f 1271//1271 1286//1286 1211//1211
f 1220//1220 1271//1271 1211//1211
f 653//653 667//667 689//689
f 685//685 653//653 689//689
f 653//653 629//629 634//634
f 667//667 653//653 634//634
f 1091//1091 1119//1119 1085//1085
f 1119//1119 1127//1127 1085//1085
f 1199//1199 1155//1155 1211//1211
f 1155//1155 1134//1134 1211//1211
f 1155//1155 1199//1199 1162//1162
f 1127//1127 1155//1155 1162//1162
f 1119//1119 1155//1155 1127//1127
f 850//850 854//854 799//799
f 854//854 834//834 799//799
f 796//796 834//834 861//861
f 834//834 796//796 799//799
f 761//761 796//796 793//793
f 741//741 796//796 761//761
f 796//796 768//768 799//799
f 768//768 796//796 741//741
f 834//834 883//883 861//861
f 883//883 854//854 887//887
f 854//854 883//883 834//834
f 923//923 883//883 887//887
f 883//883 923//923 933//933
f 919//919 883//883 933//933
f 841//841 829//829 870//870
f 827//827 841//841 850//850
f 894//894 841//841 870//870
f 841//841 894//894 850//850
f 931//931 906//906 910//910
f 906//906 882//882 910//910
f 882//882 906//906 867//867
f 906//906 921//921 867//867
f 963//963 939//939 931//931
f 939//939 906//906 931//931
f 906//906 939//939 921//921
f 825//825 836//836 802//802
f 856//856 836//836 825//825
f 836//836 856//856 867//867
f 836//836 829//829 802//802
f 829//829 836//836 867//867
f 921//921 942//942 934//934
f 942//942 967//967 934//934
f 939//939 942//942 921//921
f 995//995 1027//1027 1014//1014
f 967//967 995//995 1014//1014
f 973//973 949//949 953//953
f 949//949 902//902 953//953
f 821//821 818//818 859//859
f 842//842 821//821 859//859
f 821//821 790//790 791//791
f 818//818 821//821 791//791
f 812//812 767//767 790//790
f 821//821 812//812 790//790
f 812//812 821//821 842//842
f 767//767 812//812 782//782
f 812//812 855//855 782//782
f 812//812 874//874 855//855
f 812//812 842//842 874//874
f 639//639 661//661 666//666
f 699//699 661//661 686//686
f 661//661 699//699 666//666
f 661//661 652//652 686//686
f 652//652 661//661 632//632
f 661//661 639//639 632//632
f 669//669 704//704 684//684
f 645//645 669//669 684//684
f 669//669 699//699 704//704
f 699//699 669//669 666//666
f 493//493 542//542 517//517
f 493//493 517//517 464//464
f 439//439 493//493 464//464
f 493//493 475//475 489//489
f 519//519 493//493 489//489
f 493//493 519//519 535//535
f 542//542 493//493 535//535
f 475//475 493//493 450//450
f 493//493 439//439 450//450
f 549//549 536//536 574//574
f 536//536 580//580 574//574
f 580//580 536//536 520//520
f 707//707 710//710 734//734
f 710//710 697//697 734//734
f 710//710 707//707 652//652
f 665//665 710//710 652//652
f 697//697 710//710 665//665
f 628//628 665//665 652//652
f 628//628 643//643 665//665
f 603//603 628//628 602//602
f 628//628 603//603 610//610
f 643//643 628//628 610//610
f 602//602 628//628 632//632
f 628//628 652//652 632//632
f 824//824 872//872 864//864
f 810//810 824//824 864//864
f 886//886 824//824 855//855
f 824//824 886//886 872//872
f 824//824 810//810 777//777
f 855//855 824//824 782//782
f 824//824 777//777 782//782
f 978//978 999//999 1031//1031
f 975//975 999//999 978//978
f 999//999 975//975 994//994
f 999//999 994//994 1043//1043
f 1031//1031 999//999 1043//1043
f 905//905 926//926 978//978
f 926//926 975//975 978//978
f 926//926 904//904 968//968
f 975//975 926//926 968//968
f 734//734 774//774 791//791
f 774//774 804//804 791//791
f 774//774 734//734 750//750
f 798//798 774//774 750//750
f 804//804 774//774 798//798
f 719//719 759//759 762//762
f 759//759 719//719 723//723
f 724//724 719//719 750//750
f 719//719 762//762 750//750
f 719//719 724//724 692//692
f 696//696 719//719 692//692
f 719//719 696//696 723//723
f 869//869 889//889 848//848
f 806//806 869//869 848//848
f 869//869 806//806 830//830
f 860//860 869//869 830//830
f 869//869 860//860 893//893
f 889//889 869//869 893//893
f 927//927 889//889 893//893
f 889//889 927//927 955//955
f 927//927 960//960 955//955
f 960//960 927//927 928//928
f 687//687 678//678 655//655
f 678//678 687//687 698//698
f 673//673 700//700 646//646
f 673//673 635//635 682//682
f 624//624 673//673 646//646
f 635//635 673//673 624//624
f 577//577 587//587 567//567
f 577//577 594//594 620//620
f 587//587 577//577 620//620
f 512//512 516//516 537//537
f 478//478 498//498 490//490
f 498//498 516//516 490//490
f 516//516 498//498 550//550
f 594//594 552//552 592//592
f 592//592 552//552 557//557
f 577//577 552//552 594//594
f 552//552 577//577 550//550
f 552//552 521//521 557//557
f 498//498 552//552 550//550
f 747//747 765//765 736//736
f 765//765 747//747 787//787
f 747//747 764//764 787//787
f 575//575 583//583 559//559
f 583//583 599//599 559//559
f 624//624 583//583 575//575
f 614//614 624//624 646//646
f 614//614 583//583 624//624
f 583//583 614//614 599//599
f 320//320 343//343 329//329
f 315//315 320//320 329//329
f 320//320 315//315 301//301
f 335//335 320//320 301//301
f 343//343 320//320 335//335
f 268//268 287//287 290//290
f 268//268 288//288 251//251
f 288//288 268//268 290//290
f 260//260 237//237 251//251
f 237//237 260//260 235//235
f 214//214 237//237 235//235
f 263//263 294//294 265//265
f 263//263 260//260 294//294
f 246//246 263//263 265//265
f 260//260 263//263 235//235
f 263//263 246//246 235//235
f 416//416 457//457 436//436
f 416//416 436//436 409//409
f 457//457 416//416 466//466
f 466//466 416//416 451//451
f 508//508 484//484 515//515
f 539//539 508//508 515//515
f 534//534 508//508 539//539
f 484//484 508//508 469//469
f 508//508 491//491 469//469
f 508//508 534//534 491//491
f 425//425 448//448 423//423
f 425//425 459//459 448//448
f 459//459 425//425 441//441
f 441//441 425//425 409//409
f 397//397 425//425 423//423
f 386//386 356//356 364//364
f 386//386 416//416 409//409
f 362//362 355//355 333//333
f 547//547 562//562 530//530
f 562//562 547//547 573//573
f 547//547 558//558 573//573
f 479//479 547//547 530//530
f 547//547 479//479 486//486
f 558//558 585//585 573//573
f 573//573 585//585 598//598
f 585//585 617//617 598//598
f 585//585 558//558 571//571
f 591//591 585//585 571//571
f 585//585 591//591 617//617
f 327//327 306//306 344//344
f 351//351 327//327 344//344
f 327//327 351//351 330//330
f 327//327 296//296 306//306
f 296//296 327//327 330//330
f 472//472 440//440 449//449
f 440//440 426//426 449//449
f 440//440 472//472 456//456
f 437//437 440//440 456//456
f 440//440 437//437 413//413
f 426//426 440//440 413//413
f 384//384 383//383 363//363
f 383//383 384//384 413//413
f 384//384 380//380 413//413
f 360//360 384//384 363//363
f 380//380 384//384 360//360
f 261//261 257//257 272//272
f 261//261 232//232 257//257
f 261//261 296//296 264//264
f 306//306 261//261 272//272
f 296//296 261//261 306//306
f 217//217 191//191 202//202
f 191//191 217//217 205//205
f 270//270 247//247 264//264
f 270//270 293//293 274//274
f 293//293 270//270 264//264
f 270//270 274//274 254//254
f 247//247 270//270 254//254
f 232//232 224//224 219//219
f 247//247 224//224 264//264
f 224//224 261//261 264//264
f 261//261 224//224 232//232
f 282//282 276//276 250//250
f 276//276 282//282 298//298
f 295//295 282//282 250//250
f 298//298 282//282 295//295
f 276//276 240//240 250//250
f 240//240 212//212 250//250
f 212//212 240//240 229//229
f 271//271 291//291 272//272
f 291//291 271//271 276//276
f 257//257 271//271 272//272
f 271//271 240//240 276//276
f 271//271 257//257 229//229
f 240//240 271//271 229//229
f 404//404 442//442 421//421
f 421//421 442//442 469//469
f 442//442 484//484 469//469
f 484//484 442//442 448//448
f 375//375 351//351 369//369
f 375//375 369//369 393//393
f 404//404 375//375 393//393
f 375//375 404//404 388//388
f 350//350 375//375 388//388
f 351//351 375//375 350//350
f 372//372 378//378 397//397
f 378//378 425//425 397//397
f 600//600 601//601 579//579
f 601//601 569//569 579//579
f 601//601 625//625 621//621
f 601//601 600//600 625//625
f 657//657 635//635 629//629
f 653//653 657//657 629//629
f 657//657 653//653 685//685
f 657//657 685//685 682//682
f 635//635 657//657 682//682
f 769//769 756//756 712//712
f 756//756 689//689 712//712
f 718//718 685//685 689//689
f 756//756 718//718 689//689
f 718//718 756//756 764//764
f 747//747 718//718 764//764
f 685//685 718//718 682//682
f 794//794 769//769 802//802
f 829//829 794//794 802//802
f 794//794 756//756 769//769
f 756//756 794//794 764//764
f 764//764 794//794 787//787
f 483//483 478//478 490//490
f 483//483 460//460 478//478
f 516//516 483//483 490//490
f 483//483 516//516 512//512
f 483//483 476//476 460//460
f 476//476 483//483 512//512
f 580//580 533//533 572//572
f 533//533 580//580 520//520
f 533//533 537//537 572//572
f 537//537 533//533 506//506
f 533//533 520//520 506//506
f 1597//1597 1659//1659 1606//1606
f 1680//1680 1640//1640 1657//1657
f 1659//1659 1680//1680 1694//1694
f 1680//1680 1706//1706 1694//1694
f 1680//1680 1657//1657 1706//1706
f 1715//1715 1677//1677 1682//1682
f 1715//1715 1733//1733 1751//1751
f 1733//1733 1715//1715 1682//1682
f 1677//1677 1692//1692 1637//1637
f 1432//1432 1424//1424 1448//1448
f 1410//1410 1432//1432 1436//1436
f 1432//1432 1410//1410 1393//1393
f 1424//1424 1432//1432 1393//1393
f 1432//1432 1465//1465 1436//1436
f 1432//1432 1448//1448 1465//1465
f 1570//1570 1541//1541 1517//1517
f 1541//1541 1570//1570 1580//1580
f 1570//1570 1595//1595 1580//1580
f 1595//1595 1570//1570 1616//1616
f 1473//1473 1427//1427 1454//1454
f 1473//1473 1482//1482 1427//1427
f 1473//1473 1454//1454 1526//1526
f 1744//1744 1783//1783 1778//1778
f 1829//1829 1783//1783 1851//1851
f 1783//1783 1803//1803 1778//1778
f 1783//1783 1829//1829 1803//1803
f 1864//1864 1886//1886 1887//1887
f 1886//1886 1864//1864 1851//1851
f 1864//1864 1829//1829 1851//1851
f 1832//1832 1864//1864 1887//1887
f 1864//1864 1832//1832 1829//1829
f 1926//1926 1928//1928 1908//1908
f 1927//1927 1926//1926 1908//1908
f 1931//1931 1927//1927 1912//1912
f 1921//1921 1931//1931 1912//1912
f 1852//1852 1878//1878 1891//1891
f 1850//1850 1852//1852 1891//1891
f 1878//1878 1852//1852 1875//1875
f 1965//1965 1952//1952 1968//1968
f 1968//1968 1952//1952 1954//1954
f 1952//1952 1935//1935 1954//1954
f 1947//1947 1952//1952 1965//1965
f 1952//1952 1947//1947 1935//1935
f 1832//1832 1865//1865 1839//1839
f 1865//1865 1832//1832 1882//1882
f 1855//1855 1788//1788 1839//1839
f 1865//1865 1855//1855 1839//1839
f 1816//1816 1792//1792 1771//1771
f 1788//1788 1816//1816 1771//1771
f 1792//1792 1816//1816 1813//1813
f 1855//1855 1816//1816 1788//1788
f 1816//1816 1855//1855 1840//1840
f 1897//1897 1906//1906 1932//1932
f 1816//1816 1849//1849 1813//1813
f 1849//1849 1816//1816 1840//1840
f 1809//1809 1781//1781 1752//1752
f 1781//1781 1765//1765 1752//1752
f 1765//1765 1781//1781 1789//1789
f 1630//1630 1621//1621 1663//1663
f 1621//1621 1630//1630 1588//1588
f 1612//1612 1578//1578 1589//1589
f 1614//1614 1612//1612 1589//1589
f 1578//1578 1612//1612 1588//1588
f 1637//1637 1612//1612 1656//1656
f 1612//1612 1614//1614 1656//1656
f 1612//1612 1621//1621 1588//1588
f 1621//1621 1612//1612 1637//1637
f 1578//1578 1518//1518 1526//1526
f 1482//1482 1518//1518 1494//1494
f 1518//1518 1558//1558 1494//1494
f 1518//1518 1578//1578 1558//1558
f 1518//1518 1473//1473 1526//1526
f 1473//1473 1518//1518 1482//1482
f 1608//1608 1619//1619 1646//1646
f 1619//1619 1606//1606 1691//1691
f 1646//1646 1619//1619 1691//1691
f 1619//1619 1586//1586 1606//1606
f 1619//1619 1608//1608 1586//1586
f 1830//1830 1809//1809 1861//1861
f 1830//1830 1781//1781 1809//1809
f 1873//1873 1903//1903 1898//1898
f 1873//1873 1876//1876 1903//1903
f 1858//1858 1873//1873 1898//1898
f 1955//1955 1972//1972 1970//1970
f 1985//1985 1972//1972 1982//1982
f 1972//1972 1985//1985 1970//1970
f 1972//1972 1955//1955 1942//1942
f 1994//1994 1996//1996 2001//2001
f 1996//1996 1988//1988 2001//2001
f 1996//1996 1986//1986 1988//1988
f 1980//1980 1996//1996 1994//1994
f 1996//1996 1980//1980 1986//1986
f 1884//1884 1856//1856 1826//1826
f 1888//1888 1884//1884 1863//1863
f 1884//1884 1826//1826 1863//1863
f 1856//1856 1884//1884 1880//1880
f 1884//1884 1907//1907 1880//1880
f 1907//1907 1884//1884 1888//1888
f 1822//1822 1856//1856 1853//1853
f 1822//1822 1853//1853 1818//1818
f 1790//1790 1822//1822 1818//1818
f 1856//1856 1822//1822 1826//1826
f 1822//1822 1790//1790 1780//1780
f 1826//1826 1822//1822 1780//1780
f 1976//1976 1961//1961 1963//1963
f 1978//1978 1976//1976 1993//1993
f 1976//1976 1978//1978 1960//1960
f 1961//1961 1976//1976 1960//1960
f 1980//1980 1981//1981 1963//1963
f 1976//1976 1981//1981 1993//1993
f 1981//1981 1976//1976 1963//1963
f 1981//1981 1994//1994 1993//1993
f 1981//1981 1980//1980 1994//1994
f 1687//1687 1675//1675 1645//1645
f 1675//1675 1676//1676 1645//1645
f 1676//1676 1675//1675 1696//1696
f 1730//1730 1675//1675 1687//1687
f 1732//1732 1665//1665 1725//1725
f 1732//1732 1697//1697 1665//1665
f 1732//1732 1766//1766 1780//1780
f 1766//1766 1732//1732 1725//1725
f 1702//1702 1671//1671 1668//1668
f 1618//1618 1671//1671 1652//1652
f 1671//1671 1618//1618 1668//1668
f 1671//1671 1686//1686 1652//1652
f 1671//1671 1702//1702 1686//1686
f 1622//1622 1688//1688 1669//1669
f 1622//1622 1610//1610 1574//1574
f 1596//1596 1622//1622 1574//1574
f 1523//1523 1495//1495 1534//1534
f 1495//1495 1523//1523 1470//1470
f 1523//1523 1528//1528 1470//1470
f 1513//1513 1615//1615 1533//1533
f 1610//1610 1615//1615 1549//1549
f 1615//1615 1513//1513 1549//1549
f 1615//1615 1681//1681 1639//1639
f 1506//1506 1513//1513 1462//1462
f 1506//1506 1462//1462 1470//1470
f 1528//1528 1506//1506 1470//1470
f 1506//1506 1528//1528 1549//1549
f 1513//1513 1506//1506 1549//1549
f 1278//1278 1313//1313 1310//1310
f 1313//1313 1278//1278 1283//1283
f 1353//1353 1348//1348 1379//1379
f 1348//1348 1389//1389 1379//1379
f 1348//1348 1344//1344 1389//1389
f 1348//1348 1313//1313 1344//1344
f 1348//1348 1353//1353 1310//1310
f 1313//1313 1348//1348 1310//1310
f 1447//1447 1468//1468 1493//1493
f 1490//1490 1447//1447 1493//1493
f 1447//1447 1490//1490 1442//1442
f 1447//1447 1442//1442 1389//1389
f 1468//1468 1447//1447 1444//1444
f 1391//1391 1447//1447 1389//1389
f 1447//1447 1391//1391 1444//1444
f 1444//1444 1420//1420 1449//1449
f 1391//1391 1420//1420 1444//1444
f 1344//1344 1338//1338 1389//1389
f 1338//1338 1391//1391 1389//1389
f 1277//1277 1338//1338 1283//1283
f 1338//1338 1313//1313 1283//1283
f 1313//1313 1338//1338 1344//1344
f 1737//1737 1730//1730 1767//1767
f 1737//1737 1767//1767 1770//1770
f 1734//1734 1737//1737 1770//1770
f 1737//1737 1734//1734 1696//1696
f 1675//1675 1737//1737 1696//1696
f 1737//1737 1675//1675 1730//1730
f 1817//1817 1794//1794 1799//1799
f 1817//1817 1799//1799 1814//1814
f 1848//1848 1817//1817 1833//1833
f 1817//1817 1835//1835 1833//1833
f 1835//1835 1817//1817 1814//1814
f 1794//1794 1802//1802 1773//1773
f 1784//1784 1802//1802 1806//1806
f 1773//1773 1802//1802 1784//1784
f 1802//1802 1848//1848 1806//1806
f 1802//1802 1817//1817 1848//1848
f 1817//1817 1802//1802 1794//1794
f 641//641 675//675 671//671
f 675//675 641//641 648//648
f 648//648 641//641 606//606
f 641//641 618//618 606//606
f 656//656 664//664 677//677
f 664//664 679//679 677//677
f 664//664 654//654 679//679
f 664//664 656//656 613//613
f 654//654 664//664 613//613
f 654//654 662//662 679//679
f 551//551 544//544 570//570
f 551//551 565//565 526//526
f 544//544 551//551 526//526
f 390//390 417//417 406//406
f 390//390 410//410 417//417
f 402//402 390//390 406//406
f 348//348 390//390 402//402
f 560//560 581//581 593//593
f 611//611 581//581 565//565
f 588//588 608//608 561//561
f 546//546 588//588 561//561
f 588//588 590//590 645//645
f 608//608 588//588 645//645
f 588//588 564//564 590//590
f 588//588 546//546 564//564
f 561//561 605//605 548//548
f 608//608 605//605 561//561
f 605//605 568//568 548//548
f 410//410 381//381 391//391
f 391//391 381//381 367//367
f 381//381 357//357 367//367
f 390//390 381//381 410//410
f 357//357 381//381 348//348
f 381//381 390//390 348//348
f 538//538 499//499 496//496
f 499//499 464//464 496//496
f 499//499 443//443 464//464
f 443//443 499//499 438//438
f 499//499 497//497 438//438
f 522//522 546//546 497//497
f 522//522 499//499 538//538
f 499//499 522//522 497//497
f 564//564 522//522 538//538
f 546//546 522//522 564//564
f 302//302 321//321 332//332
f 321//321 319//319 334//334
f 370//370 385//385 395//395
f 385//385 422//422 395//395
f 422//422 385//385 412//412
f 412//412 385//385 396//396
f 385//385 353//353 396//396
f 385//385 370//370 353//353
f 354//354 331//331 328//328
f 371//371 354//354 352//352
f 354//354 328//328 352//352
f 354//354 371//371 399//399
f 354//354 399//399 342//342
f 331//331 354//354 342//342
f 35//35 43//43 40//40
f 27//27 35//35 26//26
f 52//52 56//56 51//51
f 43//43 52//52 51//51
f 56//56 52//52 63//63
f 29//29 30//30 23//23
f 22//22 27//27 26//26
f 22//22 21//21 27//27
f 17//17 22//22 26//26
f 21//21 22//22 17//17
f 19//19 14//14 11//11
f 7//7 14//14 13//13
f 14//14 7//7 11//11
f 14//14 21//21 13//13
f 14//14 19//19 21//21
f 135//135 146//146 161//161
f 146//146 159//159 161//161
f 172//172 180//180 161//161
f 159//159 172//172 161//161
f 172//172 159//159 167//167
f 180//180 172//172 198//198
f 172//172 196//196 198//198
f 196//196 172//172 167//167
f 208//208 211//211 222//222
f 211//211 227//227 222//222
f 211//211 208//208 198//198
f 196//196 211//211 198//198
f 312//312 336//336 319//319
f 319//319 336//336 334//334
f 336//336 353//353 334//334
f 353//353 336//336 349//349
f 349//349 336//336 325//325
f 336//336 312//312 325//325
f 214//214 188//188 197//197
f 197//197 188//188 184//184
f 188//188 177//177 184//184
f 176//176 193//193 174//174
f 243//243 223//223 245//245
f 204//204 223//223 243//243
f 225//225 221//221 195//195
f 214//214 225//225 195//195
f 225//225 214//214 235//235
f 246//246 225//225 235//235
f 160//160 177//177 166//166
f 154//154 160//160 166//166
f 184//184 160//160 158//158
f 177//177 160//160 184//184
f 72//72 79//79 65//65
f 72//72 82//82 79//79
f 71//71 72//72 65//65
f 82//82 72//72 71//71
f 130//130 142//142 147//147
f 142//142 130//130 139//139
f 147//147 142//142 162//162
f 142//142 139//139 162//162
f 108//108 119//119 115//115
f 119//119 130//130 115//115
f 130//130 119//119 139//139
f 114//114 116//116 128//128
f 116//116 106//106 99//99
f 106//106 116//116 114//114
f 88//88 94//94 83//83
f 189//189 220//220 219//219
f 220//220 189//189 212//212
f 220//220 212//212 229//229
f 220//220 234//234 219//219
f 234//234 220//220 229//229
f 20//20 24//24 23//23
f 24//24 29//29 23//23
f 33//33 34//34 29//29
f 30//30 34//34 36//36
f 34//34 30//30 29//29
f 47//47 39//39 38//38
f 39//39 47//47 45//45
f 49//49 41//41 36//36
f 49//49 61//61 55//55
f 61//61 77//77 84//84
f 122//122 99//99 95//95
f 122//122 116//116 99//99
f 134//134 122//122 124//124
f 116//116 122//122 128//128
f 126//126 123//123 112//112
f 123//123 126//126 140//140
f 85//85 98//98 95//95
f 98//98 85//85 77//77
f 81//81 98//98 77//77
f 98//98 122//122 95//95
f 122//122 98//98 124//124
f 68//68 81//81 77//77
f 61//61 68//68 77//77
f 57//57 47//47 46//46
f 1059//1059 1095//1095 1067//1067
f 1059//1059 1067//1067 1024//1024
f 1095//1095 1059//1059 1130//1130
f 1017//1017 1059//1059 1024//1024
f 1059//1059 1017//1017 1046//1046
f 1059//1059 1089//1089 1130//1130
f 1089//1089 1059//1059 1046//1046
f 1145//1145 1117//1117 1076//1076
f 1117//1117 1068//1068 1076//1076
f 1068//1068 1117//1117 1093//1093
f 1180//1180 1188//1188 1232//1232
f 1178//1178 1180//1180 1232//1232
f 1180//1180 1178//1178 1143//1143
f 1104//1104 1129//1129 1116//1116
f 1129//1129 1104//1104 1110//1110
f 1104//1104 1116//1116 1084//1084
f 1013//1013 1003//1003 962//962
f 1003//1003 1064//1064 1084//1084
f 1064//1064 1104//1104 1084//1084
f 1013//1013 1064//1064 1003//1003
f 1064//1064 1013//1013 1056//1056
f 935//935 940//940 989//989
f 907//907 940//940 935//935
f 940//940 956//956 976//976
f 956//956 940//940 897//897
f 885//885 907//907 877//877
f 897//897 885//885 857//857
f 885//885 877//877 857//857
f 940//940 885//885 897//897
f 885//885 940//940 907//907
f 1347//1347 1364//1364 1297//1297
f 1347//1347 1375//1375 1364//1364
f 1314//1314 1347//1347 1297//1297
f 1347//1347 1314//1314 1319//1319
f 1399//1399 1396//1396 1462//1462
f 1375//1375 1396//1396 1399//1399
f 1462//1462 1396//1396 1438//1438
f 1362//1362 1347//1347 1319//1319
f 1289//1289 1336//1336 1307//1307
f 1336//1336 1342//1342 1307//1307
f 1336//1336 1289//1289 1282//1282
f 1274//1274 1296//1296 1314//1314
f 1314//1314 1296//1296 1319//1319
f 1296//1296 1281//1281 1319//1319
f 1281//1281 1296//1296 1239//1239
f 1296//1296 1274//1274 1239//1239
f 1265//1265 1234//1234 1239//1239
f 1274//1274 1265//1265 1239//1239
f 1265//1265 1314//1314 1297//1297
f 1265//1265 1274//1274 1314//1314
f 1166//1166 1198//1198 1133//1133
f 1198//1198 1196//1196 1147//1147
f 1133//1133 1198//1198 1147//1147
f 1198//1198 1258//1258 1196//1196
f 1258//1258 1198//1198 1228//1228
f 1198//1198 1234//1234 1228//1228
f 1198//1198 1166//1166 1234//1234
f 948//948 983//983 954//954
f 1016//1016 983//983 948//948
f 983//983 1016//1016 1028//1028
f 1004//1004 983//983 1028//1028
f 983//983 965//965 954//954
f 983//983 1004//1004 965//965
f 1038//1038 1061//1061 1028//1028
f 1016//1016 1038//1038 1028//1028
f 1061//1061 1038//1038 1074//1074
f 951//951 987//987 941//941
f 987//987 972//972 941//941
f 987//987 951//951 1008//1008
f 1005//1005 1016//1016 948//948
f 972//972 1005//1005 948//948
f 987//987 1005//1005 972//972
f 1038//1038 1005//1005 1074//1074
f 1005//1005 1038//1038 1016//1016
f 1153//1153 1125//1125 1168//1168
f 1103//1103 1125//1125 1153//1153
f 1125//1125 1171//1171 1168//1168
f 1171//1171 1125//1125 1126//1126
f 1368//1368 1373//1373 1339//1339
f 1373//1373 1413//1413 1366//1366
f 1339//1339 1373//1373 1366//1366
f 1413//1413 1373//1373 1402//1402
f 1373//1373 1368//1368 1402//1402
f 1315//1315 1331//1331 1280//1280
f 1209//1209 1315//1315 1242//1242
f 1315//1315 1280//1280 1242//1242
f 1146//1146 1142//1142 1175//1175
f 1142//1142 1146//1146 1108//1108
f 1175//1175 1142//1142 1177//1177
f 1142//1142 1108//1108 1140//1140
f 1142//1142 1174//1174 1177//1177
f 1142//1142 1140//1140 1174//1174
f 1146//1146 1077//1077 1108//1108
f 1108//1108 1077//1077 1065//1065
f 1069//1069 1077//1077 1128//1128
f 1077//1077 1146//1146 1128//1128
f 1077//1077 1053//1053 1065//1065
f 1053//1053 1077//1077 1069//1069
f 1183//1183 1135//1135 1194//1194
f 1212//1212 1183//1183 1194//1194
f 1145//1145 1183//1183 1179//1179
f 1135//1135 1183//1183 1145//1145
f 1183//1183 1229//1229 1179//1179
f 1183//1183 1212//1212 1229//1229
f 1229//1229 1173//1173 1179//1179
f 1207//1207 1173//1173 1229//1229
f 1173//1173 1145//1145 1179//1179
f 1152//1152 1149//1149 1097//1097
f 1149//1149 1083//1083 1097//1097
f 1149//1149 1159//1159 1083//1083
f 1149//1149 1152//1152 1186//1186
f 1149//1149 1186//1186 1194//1194
f 1159//1159 1149//1149 1194//1194
f 771//771 744//744 773//773
f 809//809 771//771 773//773
f 771//771 809//809 808//808
f 744//744 771//771 753//753
f 766//766 771//771 808//808
f 771//771 766//766 753//753
f 1007//1007 936//936 1022//1022
f 1007//1007 1037//1037 1012//1012
f 1007//1007 1022//1022 1071//1071
f 1037//1037 1007//1007 1071//1071
f 923//923 930//930 952//952
f 900//900 930//930 923//923
f 1078//1078 1115//1115 1132//1132
f 1123//1123 1115//1115 1080//1080
f 1115//1115 1078//1078 1080//1080
f 1267//1267 1248//1248 1290//1290
f 1326//1326 1267//1267 1290//1290
f 1206//1206 1267//1267 1252//1252
f 1267//1267 1326//1326 1361//1361
f 1267//1267 1206//1206 1215//1215
f 1248//1248 1267//1267 1215//1215
f 1158//1158 1200//1200 1131//1131
f 1121//1121 1158//1158 1131//1131
f 1200//1200 1158//1158 1185//1185
f 1185//1185 1158//1158 1109//1109
f 1158//1158 1121//1121 1109//1109
f 1376//1376 1350//1350 1372//1372
f 1350//1350 1333//1333 1372//1372
f 1333//1333 1350//1350 1304//1304
f 1350//1350 1286//1286 1304//1304
f 1717//1717 1685//1685 1724//1724
f 1685//1685 1717//1717 1735//1735
f 1717//1717 1724//1724 1752//1752
f 1735//1735 1717//1717 1752//1752
f 1672//1672 1658//1658 1620//1620
f 1685//1685 1658//1658 1672//1672
f 1658//1658 1685//1685 1688//1688
f 1245//1245 1220//1220 1236//1236
f 1245//1245 1270//1270 1275//1275
f 1245//1245 1236//1236 1270//1270
f 1271//1271 1245//1245 1275//1275
f 1245//1245 1271//1271 1220//1220
f 1062//1062 1070//1070 1008//1008
f 1062//1062 1103//1103 1070//1070
f 960//960 985//985 955//955
f 1127//1127 1090//1090 1085//1085
f 1090//1090 1057//1057 1085//1085
f 1090//1090 1081//1081 1057//1057
f 1231//1231 1225//1225 1199//1199
f 1225//1225 1231//1231 1247//1247
f 1225//1225 1247//1247 1201//1201
f 1225//1225 1201//1201 1162//1162
f 1199//1199 1225//1225 1162//1162
f 1134//1134 1124//1124 1091//1091
f 1124//1124 1119//1119 1091//1091
f 1155//1155 1124//1124 1134//1134
f 1124//1124 1155//1155 1119//1119
f 868//868 850//850 880//880
f 868//868 854//854 850//850
f 900//900 868//868 880//880
f 868//868 900//900 887//887
f 854//854 868//868 887//887
f 796//796 823//823 793//793
f 823//823 796//796 861//861
f 860//860 823//823 861//861
f 823//823 830//830 793//793
f 823//823 860//860 830//830
f 883//883 898//898 861//861
f 898//898 883//883 919//919
f 898//898 919//919 928//928
f 861//861 898//898 893//893
f 927//927 898//898 928//928
f 898//898 927//927 893//893
f 841//841 811//811 829//829
f 794//794 811//811 787//787
f 811//811 794//794 829//829
f 811//811 841//841 827//827
f 811//811 800//800 787//787
f 811//811 827//827 800//800
f 984//984 939//939 963//963
f 984//984 995//995 967//967
f 942//942 984//984 967//967
f 984//984 942//942 939//939
f 995//995 984//984 1027//1027
f 984//984 963//963 1001//1001
f 1027//1027 984//984 1001//1001
f 957//957 937//937 973//973
f 937//937 949//949 973//973
f 937//937 897//897 881//881
f 956//956 937//937 957//957
f 937//937 956//956 897//897
f 914//914 879//879 902//902
f 949//949 914//914 902//902
f 937//937 914//914 949//949
f 879//879 914//914 881//881
f 914//914 937//937 881//881
f 649//649 623//623 666//666
f 669//669 649//649 666//666
f 623//623 649//649 645//645
f 649//649 669//669 645//645
f 511//511 485//485 520//520
f 536//536 511//511 520//520
f 903//903 926//926 905//905
f 903//903 842//842 859//859
f 842//842 903//903 905//905
f 904//904 903//903 859//859
f 926//926 903//903 904//904
f 644//644 614//614 646//646
f 700//700 644//644 646//646
f 599//599 644//644 627//627
f 614//614 644//644 599//599
f 627//627 658//658 655//655
f 658//658 687//687 655//655
f 644//644 658//658 627//627
f 687//687 658//658 700//700
f 658//658 644//644 700//700
f 687//687 717//717 698//698
f 717//717 741//741 761//761
f 698//698 717//717 761//761
f 717//717 700//700 741//741
f 717//717 687//687 700//700
f 673//673 705//705 700//700
f 700//700 705//705 737//737
f 705//705 736//736 737//737
f 705//705 715//715 736//736
f 543//543 516//516 550//550
f 543//543 577//577 567//567
f 577//577 543//543 550//550
f 537//537 543//543 567//567
f 516//516 543//543 537//537
f 494//494 478//478 456//456
f 494//494 498//498 478//478
f 494//494 500//500 521//521
f 552//552 494//494 521//521
f 494//494 552//552 498//498
f 472//472 494//494 456//456
f 494//494 472//472 500//500
f 237//237 230//230 251//251
f 274//274 273//273 254//254
f 362//362 407//407 355//355
f 407//407 414//414 451//451
f 416//416 407//407 451//451
f 355//355 407//407 364//364
f 414//414 407//407 377//377
f 407//407 362//362 377//377
f 407//407 386//386 364//364
f 386//386 407//407 416//416
f 547//547 528//528 558//558
f 528//528 514//514 532//532
f 514//514 528//528 486//486
f 528//528 547//547 486//486
f 571//571 528//528 532//532
f 558//558 528//528 571//571
f 238//238 247//247 254//254
f 238//238 217//217 247//247
f 224//224 210//210 219//219
f 418//418 404//404 393//393
f 418//418 442//442 404//404
f 418//418 397//397 423//423
f 397//397 418//418 393//393
f 448//448 418//418 423//423
f 442//442 418//418 448//448
f 358//358 378//378 372//372
f 378//378 358//358 356//356
f 358//358 369//369 344//344
f 358//358 372//372 369//369
f 425//425 379//379 409//409
f 378//378 379//379 425//425
f 379//379 378//378 356//356
f 379//379 386//386 409//409
f 386//386 379//379 356//356
f 595//595 601//601 621//621
f 601//601 595//595 569//569
f 591//591 595//595 621//621
f 595//595 591//591 569//569
f 725//725 718//718 747//747
f 715//715 725//725 736//736
f 725//725 747//747 736//736
f 725//725 715//715 682//682
f 718//718 725//725 682//682
f 1604//1604 1597//1597 1580//1580
f 1597//1597 1604//1604 1659//1659
f 1595//1595 1604//1604 1580//1580
f 1597//1597 1559//1559 1580//1580
f 1674//1674 1722//1722 1663//1663
f 1692//1692 1674//1674 1637//1637
f 1722//1722 1674//1674 1714//1714
f 1674//1674 1692//1692 1714//1714
f 1621//1621 1674//1674 1663//1663
f 1674//1674 1621//1621 1637//1637
f 1550//1550 1570//1570 1517//1517
f 1550//1550 1480//1480 1434//1434
f 1480//1480 1550//1550 1517//1517
f 1928//1928 1945//1945 1954//1954
f 1926//1926 1945//1945 1928//1928
f 1945//1945 1926//1926 1927//1927
f 1931//1931 1945//1945 1927//1927
f 1875//1875 1831//1831 1859//1859
f 1852//1852 1831//1831 1875//1875
f 1831//1831 1821//1821 1859//1859
f 1821//1821 1831//1831 1800//1800
f 1755//1755 1810//1810 1783//1783
f 1810//1810 1845//1845 1851//1851
f 1783//1783 1810//1810 1851//1851
f 1748//1748 1755//1755 1783//1783
f 1722//1722 1748//1748 1744//1744
f 1748//1748 1783//1783 1744//1744
f 1748//1748 1722//1722 1714//1714
f 1755//1755 1748//1748 1714//1714
f 1785//1785 1810//1810 1755//1755
f 1692//1692 1716//1716 1714//1714
f 1716//1716 1755//1755 1714//1714
f 1716//1716 1692//1692 1677//1677
f 1715//1715 1716//1716 1677//1677
f 1885//1885 1855//1855 1865//1865
f 1885//1885 1882//1882 1924//1924
f 1885//1885 1865//1865 1882//1882
f 1855//1855 1885//1885 1840//1840
f 1885//1885 1849//1849 1840//1840
f 1897//1897 1885//1885 1906//1906
f 1861//1861 1889//1889 1896//1896
f 1889//1889 1932//1932 1896//1896
f 1889//1889 1897//1897 1932//1932
f 1849//1849 1844//1844 1813//1813
f 1844//1844 1809//1809 1813//1813
f 1809//1809 1844//1844 1861//1861
f 1857//1857 1830//1830 1861//1861
f 1857//1857 1861//1861 1896//1896
f 1876//1876 1857//1857 1896//1896
f 1972//1972 1984//1984 1982//1982
f 1984//1984 1972//1972 1983//1983
f 1984//1984 1983//1983 1999//1999
f 1984//1984 1999//1999 2004//2004
f 1991//1991 1984//1984 2004//2004
f 1984//1984 1991//1991 1982//1982
f 1948//1948 1972//1972 1942//1942
f 1983//1983 1948//1948 1971//1971
f 1972//1972 1948//1948 1983//1983
f 1956//1956 1948//1948 1934//1934
f 1971//1971 1948//1948 1956//1956
f 1918//1918 1948//1948 1942//1942
f 1948//1948 1914//1914 1934//1934
f 1948//1948 1918//1918 1914//1914
f 1742//1742 1732//1732 1780//1780
f 1790//1790 1742//1742 1780//1780
f 1742//1742 1790//1790 1747//1747
f 1697//1697 1742//1742 1747//1747
f 1732//1732 1742//1742 1697//1697
f 1647//1647 1622//1622 1669//1669
f 1622//1622 1647//1647 1610//1610
f 1681//1681 1647//1647 1669//1669
f 1647//1647 1615//1615 1610//1610
f 1615//1615 1647//1647 1681//1681
f 1528//1528 1554//1554 1574//1574
f 1523//1523 1554//1554 1528//1528
f 1554//1554 1523//1523 1534//1534
f 1566//1566 1554//1554 1534//1534
f 1554//1554 1566//1566 1574//1574
f 1593//1593 1615//1615 1639//1639
f 1615//1615 1593//1593 1533//1533
f 1593//1593 1585//1585 1533//1533
f 1618//1618 1593//1593 1639//1639
f 1585//1585 1593//1593 1618//1618
f 1356//1356 1257//1257 1334//1334
f 1356//1356 1355//1355 1257//1257
f 1356//1356 1370//1370 1380//1380
f 1370//1370 1356//1356 1334//1334
f 1386//1386 1420//1420 1391//1391
f 1355//1355 1386//1386 1391//1391
f 1435//1435 1386//1386 1380//1380
f 1386//1386 1356//1356 1380//1380
f 1356//1356 1386//1386 1355//1355
f 1449//1449 1386//1386 1435//1435
f 1420//1420 1386//1386 1449//1449
f 1335//1335 1355//1355 1391//1391
f 1338//1338 1335//1335 1391//1391
f 1335//1335 1338//1338 1277//1277
f 1261//1261 1335//1335 1277//1277
f 1257//1257 1335//1335 1261//1261
f 1355//1355 1335//1335 1257//1257
f 615//615 611//611 565//565
f 618//618 615//615 570//570
f 641//641 615//615 618//618
f 551//551 615//615 565//565
f 615//615 551//551 570//570
f 615//615 636//636 611//611
f 683//683 711//711 679//679
f 662//662 683//683 679//679
f 711//711 683//683 720//720
f 581//581 609//609 593//593
f 609//609 581//581 611//611
f 636//636 609//609 611//611
f 609//609 654//654 593//593
f 609//609 662//662 654//654
f 609//609 636//636 662//662
f 545//545 581//581 560//560
f 545//545 523//523 524//524
f 545//545 560//560 523//523
f 581//581 545//545 565//565
f 545//545 524//524 526//526
f 565//565 545//545 526//526
f 605//605 596//596 568//568
f 570//570 596//596 606//606
f 568//568 596//596 570//570
f 633//633 608//608 637//637
f 633//633 605//605 608//608
f 651//651 633//633 637//637
f 321//321 339//339 332//332
f 332//332 339//339 347//347
f 339//339 370//370 347//347
f 370//370 339//339 334//334
f 339//339 321//321 334//334
f 299//299 321//321 302//302
f 299//299 280//280 277//277
f 299//299 302//302 280//280
f 321//321 299//299 319//319
f 279//279 299//299 277//277
f 299//299 279//279 319//319
f 37//37 35//35 27//27
f 43//43 37//37 41//41
f 35//35 37//37 43//43
f 41//41 37//37 36//36
f 37//37 30//30 36//36
f 48//48 43//43 41//41
f 48//48 52//52 43//43
f 59//59 76//76 63//63
f 52//52 59//59 63//63
f 48//48 59//59 52//52
f 30//30 28//28 23//23
f 28//28 21//21 23//23
f 21//21 28//28 27//27
f 28//28 37//37 27//27
f 37//37 28//28 30//30
f 131//131 121//121 127//127
f 121//121 131//131 135//135
f 131//131 146//146 135//135
f 159//159 152//152 167//167
f 146//146 152//152 159//159
f 152//152 131//131 127//127
f 131//131 152//152 146//146
f 211//211 231//231 227//227
f 231//231 233//233 256//256
f 231//231 196//196 233//233
f 231//231 211//211 196//196
f 227//227 231//231 249//249
f 249//249 231//231 269//269
f 231//231 256//256 269//269
f 185//185 214//214 195//195
f 185//185 188//188 214//214
f 170//170 185//185 195//195
f 188//188 185//185 177//177
f 166//166 185//185 170//170
f 177//177 185//185 166//166
f 187//187 179//179 174//174
f 193//193 187//187 174//174
f 187//187 193//193 204//204
f 179//179 187//187 201//201
f 190//190 176//176 195//195
f 190//190 193//193 176//176
f 221//221 190//190 195//195
f 223//223 190//190 221//221
f 193//193 190//190 204//204
f 190//190 223//223 204//204
f 242//242 246//246 265//265
f 223//223 242//242 245//245
f 242//242 223//223 221//221
f 286//286 242//242 265//265
f 242//242 286//286 245//245
f 225//225 242//242 221//221
f 242//242 225//225 246//246
f 97//97 94//94 88//88
f 97//97 88//88 84//84
f 99//99 97//97 84//84
f 106//106 97//97 99//99
f 24//24 25//25 29//29
f 33//33 25//25 31//31
f 25//25 33//33 29//29
f 16//16 25//25 18//18
f 31//31 25//25 16//16
f 25//25 20//20 18//18
f 25//25 24//24 20//20
f 32//32 33//33 31//31
f 32//32 39//39 33//33
f 39//39 32//32 38//38
f 34//34 42//42 36//36
f 42//42 49//49 36//36
f 42//42 34//34 33//33
f 39//39 42//42 33//33
f 58//58 61//61 49//49
f 58//58 68//68 61//61
f 61//61 70//70 55//55
f 74//74 70//70 84//84
f 70//70 61//61 84//84
f 143//143 160//160 154//154
f 143//143 122//122 134//134
f 143//143 154//154 128//128
f 122//122 143//143 128//128
f 141//141 134//134 124//124
f 123//123 141//141 124//124
f 191//191 164//164 202//202
f 103//103 98//98 81//81
f 98//98 103//103 124//124
f 123//123 103//103 112//112
f 103//103 123//123 124//124
f 60//60 58//58 54//54
f 58//58 60//60 68//68
f 47//47 60//60 54//54
f 57//57 60//60 47//47
f 103//103 93//93 112//112
f 93//93 103//103 81//81
f 1188//1188 1160//1160 1137//1137
f 1180//1180 1160//1160 1188//1188
f 1160//1160 1180//1180 1143//1143
f 1110//1110 1160//1160 1143//1143
f 959//959 986//986 962//962
f 986//986 1013//1013 962//962
f 986//986 935//935 989//989
f 986//986 959//959 935//935
f 1013//1013 1041//1041 1056//1056
f 1104//1104 1094//1094 1110//1110
f 1064//1064 1094//1094 1104//1104
f 1094//1094 1064//1064 1056//1056
f 1011//1011 976//976 1018//1018
f 1041//1041 1011//1011 1045//1045
f 940//940 1011//1011 989//989
f 1011//1011 940//940 976//976
f 1073//1073 1052//1052 1093//1093
f 1438//1438 1398//1398 1431//1431
f 1396//1396 1398//1398 1438//1438
f 1362//1362 1398//1398 1347//1347
f 1347//1347 1398//1398 1375//1375
f 1398//1398 1396//1396 1375//1375
f 1320//1320 1362//1362 1319//1319
f 1362//1362 1320//1320 1342//1342
f 1294//1294 1320//1320 1319//1319
f 1307//1307 1320//1320 1294//1294
f 1342//1342 1320//1320 1307//1307
f 1381//1381 1362//1362 1342//1342
f 1419//1419 1381//1381 1406//1406
f 1341//1341 1376//1376 1385//1385
f 1341//1341 1350//1350 1376//1376
f 1350//1350 1341//1341 1286//1286
f 1286//1286 1341//1341 1282//1282
f 1341//1341 1336//1336 1282//1282
f 1265//1265 1260//1260 1234//1234
f 1255//1255 1260//1260 1287//1287
f 1260//1260 1255//1255 1234//1234
f 1287//1287 1260//1260 1297//1297
f 1260//1260 1265//1265 1297//1297
f 1054//1054 987//987 1008//1008
f 1054//1054 1005//1005 987//987
f 1070//1070 1054//1054 1008//1008
f 1005//1005 1054//1054 1074//1074
f 1054//1054 1107//1107 1074//1074
f 1054//1054 1070//1070 1107//1107
f 1331//1331 1349//1349 1360//1360
f 1315//1315 1349//1349 1331//1331
f 1360//1360 1349//1349 1423//1423
f 1139//1139 1117//1117 1145//1145
f 1173//1173 1139//1139 1145//1145
f 1117//1117 1139//1139 1093//1093
f 1073//1073 1139//1139 1137//1137
f 1139//1139 1073//1073 1093//1093
f 974//974 1007//1007 1012//1012
f 930//930 974//974 952//952
f 974//974 988//988 952//952
f 988//988 974//974 1012//1012
f 918//918 930//930 900//900
f 936//936 918//918 894//894
f 894//894 918//918 880//880
f 918//918 900//900 880//880
f 1132//1132 1164//1164 1197//1197
f 1115//1115 1164//1164 1132//1132
f 1164//1164 1219//1219 1197//1197
f 1267//1267 1279//1279 1252//1252
f 1279//1279 1267//1267 1361//1361
f 1322//1322 1279//1279 1361//1361
f 1279//1279 1322//1322 1266//1266
f 1238//1238 1279//1279 1266//1266
f 1252//1252 1279//1279 1213//1213
f 1279//1279 1238//1238 1213//1213
f 1635//1635 1596//1596 1620//1620
f 1658//1658 1635//1635 1620//1620
f 1635//1635 1622//1622 1596//1596
f 1622//1622 1635//1635 1688//1688
f 1635//1635 1658//1658 1688//1688
f 985//985 981//981 955//955
f 951//951 981//981 1008//1008
f 981//981 951//951 955//955
f 1021//1021 996//996 1039//1039
f 1057//1057 1021//1021 1039//1039
f 1021//1021 960//960 996//996
f 1021//1021 985//985 960//960
f 1125//1125 1101//1101 1126//1126
f 1101//1101 1081//1081 1126//1126
f 1081//1081 1101//1101 1062//1062
f 1101//1101 1125//1125 1103//1103
f 1062//1062 1101//1101 1103//1103
f 1044//1044 1081//1081 1062//1062
f 1138//1138 1112//1112 1127//1127
f 1112//1112 1090//1090 1127//1127
f 1090//1090 1112//1112 1081//1081
f 1112//1112 1138//1138 1126//1126
f 1081//1081 1112//1112 1126//1126
f 511//511 471//471 485//485
f 471//471 453//453 462//462
f 485//485 471//471 462//462
f 445//445 471//471 470//470
f 471//471 445//445 453//453
f 503//503 549//549 554//554
f 519//519 503//503 554//554
f 480//480 503//503 489//489
f 503//503 519//519 489//489
f 495//495 536//536 549//549
f 495//495 511//511 536//536
f 503//503 495//495 549//549
f 495//495 503//503 480//480
f 495//495 480//480 470//470
f 471//471 495//495 470//470
f 495//495 471//471 511//511
f 705//705 690//690 715//715
f 690//690 705//705 673//673
f 715//715 690//690 682//682
f 690//690 673//673 682//682
f 218//218 230//230 237//237
f 268//268 253//253 287//287
f 253//253 273//273 287//287
f 253//253 268//268 251//251
f 230//230 253//253 251//251
f 287//287 289//289 301//301
f 273//273 289//289 287//287
f 289//289 304//304 301//301
f 304//304 289//289 274//274
f 289//289 273//273 274//274
f 178//178 175//175 189//189
f 175//175 145//145 149//149
f 200//200 178//178 189//189
f 200//200 189//189 219//219
f 210//210 200//200 219//219
f 200//200 210//210 202//202
f 213//213 224//224 247//247
f 213//213 210//210 224//224
f 217//217 213//213 247//247
f 213//213 217//217 202//202
f 210//210 213//213 202//202
f 306//306 324//324 344//344
f 324//324 358//358 344//344
f 324//324 306//306 309//309
f 308//308 324//324 309//309
f 358//358 324//324 356//356
f 356//356 324//324 337//337
f 337//337 324//324 318//318
f 324//324 308//308 318//318
f 1604//1604 1632//1632 1659//1659
f 1680//1680 1632//1632 1640//1640
f 1632//1632 1680//1680 1659//1659
f 1632//1632 1595//1595 1640//1640
f 1632//1632 1604//1604 1595//1595
f 1537//1537 1559//1559 1516//1516
f 1537//1537 1516//1516 1472//1472
f 1537//1537 1509//1509 1541//1541
f 1537//1537 1472//1472 1452//1452
f 1509//1509 1537//1537 1452//1452
f 1537//1537 1541//1541 1580//1580
f 1559//1559 1537//1537 1580//1580
f 1579//1579 1586//1586 1516//1516
f 1559//1559 1579//1579 1516//1516
f 1586//1586 1579//1579 1606//1606
f 1579//1579 1597//1597 1606//1606
f 1579//1579 1559//1559 1597//1597
f 1577//1577 1550//1550 1599//1599
f 1550//1550 1577//1577 1570//1570
f 1616//1616 1577//1577 1599//1599
f 1570//1570 1577//1577 1616//1616
f 1757//1757 1785//1785 1755//1755
f 1716//1716 1757//1757 1755//1755
f 1757//1757 1715//1715 1751//1751
f 1757//1757 1716//1716 1715//1715
f 1820//1820 1831//1831 1852//1852
f 1831//1831 1820//1820 1800//1800
f 1901//1901 1885//1885 1924//1924
f 1885//1885 1901//1901 1906//1906
f 1869//1869 1844//1844 1849//1849
f 1869//1869 1885//1885 1897//1897
f 1885//1885 1869//1869 1849//1849
f 1889//1889 1869//1869 1897//1897
f 1869//1869 1889//1889 1861//1861
f 1844//1844 1869//1869 1861//1861
f 1812//1812 1824//1824 1789//1789
f 1781//1781 1812//1812 1789//1789
f 1830//1830 1812//1812 1781//1781
f 660//660 615//615 641//641
f 660//660 636//636 615//615
f 660//660 641//641 671//671
f 622//622 596//596 605//605
f 633//633 622//622 605//605
f 622//622 648//648 606//606
f 596//596 622//622 606//606
f 622//622 651//651 648//648
f 622//622 633//633 651//651
f 67//67 74//74 76//76
f 59//59 67//67 76//76
f 67//67 70//70 74//74
f 53//53 59//59 48//48
f 49//49 53//53 41//41
f 53//53 48//48 41//41
f 53//53 49//49 55//55
f 70//70 53//53 55//55
f 53//53 67//67 59//59
f 67//67 53//53 70//70
f 153//153 157//157 167//167
f 152//152 153//153 167//167
f 157//157 153//153 127//127
f 153//153 152//152 127//127
f 187//187 206//206 201//201
f 206//206 187//187 204//204
f 206//206 215//215 201//201
f 206//206 204//204 243//243
f 215//215 206//206 255//255
f 206//206 243//243 255//255
f 119//119 132//132 139//139
f 118//118 132//132 119//119
f 139//139 132//132 163//163
f 97//97 105//105 94//94
f 105//105 106//106 114//114
f 105//105 97//97 106//106
f 109//109 118//118 119//119
f 44//44 39//39 45//45
f 44//44 42//42 39//39
f 42//42 44//44 49//49
f 144//144 143//143 134//134
f 144//144 141//141 158//158
f 141//141 144//144 134//134
f 160//160 144//144 158//158
f 143//143 144//144 160//160
f 155//155 183//183 158//158
f 141//141 155//155 158//158
f 148//148 123//123 140//140
f 148//148 141//141 123//123
f 148//148 155//155 141//141
f 194//194 191//191 205//205
f 186//186 194//194 205//205
f 150//150 164//164 169//169
f 150//150 148//148 140//140
f 148//148 150//150 169//169
f 164//164 165//165 202//202
f 165//165 200//200 202//202
f 200//200 165//165 178//178
f 66//66 60//60 57//57
f 102//102 101//101 91//91
f 117//117 101//101 110//110
f 101//101 102//102 110//110
f 986//986 1015//1015 1013//1013
f 1015//1015 1041//1041 1013//1013
f 1015//1015 986//986 989//989
f 1011//1011 1015//1015 989//989
f 1015//1015 1011//1011 1041//1041
f 1086//1086 1041//1041 1045//1045
f 1041//1041 1086//1086 1056//1056
f 1094//1094 1086//1086 1110//1110
f 1086//1086 1094//1094 1056//1056
f 1032//1032 1011//1011 1018//1018
f 1011//1011 1032//1032 1045//1045
f 1052//1052 1032//1032 1018//1018
f 1073//1073 1032//1032 1052//1052
f 1032//1032 1073//1073 1045//1045
f 1398//1398 1395//1395 1431//1431
f 1395//1395 1398//1398 1362//1362
f 1395//1395 1457//1457 1431//1431
f 1457//1457 1395//1395 1419//1419
f 1395//1395 1381//1381 1419//1419
f 1381//1381 1395//1395 1362//1362
f 1336//1336 1369//1369 1342//1342
f 1369//1369 1381//1381 1342//1342
f 1369//1369 1341//1341 1385//1385
f 1341//1341 1369//1369 1336//1336
f 1369//1369 1385//1385 1406//1406
f 1381//1381 1369//1369 1406//1406
f 1323//1323 1288//1288 1293//1293
f 1327//1327 1323//1323 1293//1293
f 1284//1284 1246//1246 1288//1288
f 1323//1323 1284//1284 1288//1288
f 1284//1284 1323//1323 1317//1317
f 1284//1284 1204//1204 1246//1246
f 1204//1204 1284//1284 1209//1209
f 1284//1284 1315//1315 1209//1209
f 1284//1284 1317//1317 1315//1315
f 1317//1317 1351//1351 1315//1315
f 1351//1351 1349//1349 1315//1315
f 1176//1176 1173//1173 1207//1207
f 1176//1176 1139//1139 1173//1173
f 1188//1188 1176//1176 1237//1237
f 1176//1176 1207//1207 1237//1237
f 1176//1176 1188//1188 1137//1137
f 1139//1139 1176//1176 1137//1137
f 950//950 974//974 930//930
f 950//950 918//918 936//936
f 918//918 950//950 930//930
f 1007//1007 950//950 936//936
f 974//974 950//950 1007//1007
f 1144//1144 1170//1170 1219//1219
f 1164//1164 1144//1144 1219//1219
f 1170//1170 1144//1144 1123//1123
f 1144//1144 1115//1115 1123//1123
f 1144//1144 1164//1164 1115//1115
f 1020//1020 981//981 985//985
f 981//981 1020//1020 1008//1008
f 1020//1020 1062//1062 1008//1008
f 1020//1020 1044//1044 1062//1062
f 1081//1081 1047//1047 1057//1057
f 1044//1044 1047//1047 1081//1081
f 1047//1047 1020//1020 985//985
f 1020//1020 1047//1047 1044//1044
f 207//207 237//237 214//214
f 207//207 218//218 237//237
f 207//207 214//214 197//197
f 230//230 209//209 216//216
f 218//218 209//209 230//230
f 216//216 209//209 205//205
f 207//207 209//209 218//218
f 226//226 230//230 216//216
f 226//226 253//253 230//230
f 226//226 216//216 205//205
f 217//217 226//226 205//205
f 1819//1819 1852//1852 1850//1850
f 1819//1819 1820//1820 1852//1852
f 1820//1820 1819//1819 1785//1785
f 1785//1785 1819//1819 1810//1810
f 1819//1819 1850//1850 1845//1845
f 1810//1810 1819//1819 1845//1845
f 1791//1791 1820//1820 1785//1785
f 1791//1791 1757//1757 1751//1751
f 1757//1757 1791//1791 1785//1785
f 1820//1820 1791//1791 1800//1800
f 1769//1769 1791//1791 1751//1751
f 1800//1800 1791//1791 1769//1769
f 1915//1915 1935//1935 1906//1906
f 1901//1901 1915//1915 1906//1906
f 1935//1935 1915//1915 1924//1924
f 1915//1915 1901//1901 1924//1924
f 1857//1857 1854//1854 1830//1830
f 1854//1854 1812//1812 1830//1830
f 1854//1854 1873//1873 1858//1858
f 1854//1854 1858//1858 1824//1824
f 1812//1812 1854//1854 1824//1824
f 1873//1873 1854//1854 1876//1876
f 1854//1854 1857//1857 1876//1876
f 663//663 683//683 662//662
f 636//636 663//663 662//662
f 660//660 663//663 636//636
f 136//136 151//151 163//163
f 132//132 136//136 163//163
f 151//151 136//136 128//128
f 136//136 114//114 128//128
f 136//136 132//132 118//118
f 107//107 108//108 92//92
f 86//86 107//107 92//92
f 107//107 119//119 108//108
f 107//107 109//109 119//119
f 87//87 86//86 78//78
f 94//94 87//87 83//83
f 87//87 76//76 83//83
f 76//76 87//87 78//78
f 50//50 58//58 49//49
f 44//44 50//50 49//49
f 58//58 50//50 54//54
f 50//50 44//44 45//45
f 50//50 47//47 54//54
f 47//47 50//50 45//45
f 171//171 148//148 169//169
f 171//171 186//186 183//183
f 155//155 171//171 183//183
f 148//148 171//171 155//155
f 194//194 182//182 191//191
f 182//182 164//164 191//191
f 164//164 182//182 169//169
f 145//145 133//133 149//149
f 150//150 138//138 164//164
f 126//126 138//138 140//140
f 138//138 150//150 140//140
f 165//165 168//168 178//178
f 175//175 168//168 145//145
f 168//168 175//175 178//178
f 66//66 75//75 60//60
f 68//68 75//75 81//81
f 60//60 75//75 68//68
f 75//75 93//93 81//81
f 73//73 75//75 66//66
f 93//93 104//104 112//112
f 104//104 126//126 112//112
f 104//104 117//117 126//126
f 104//104 101//101 117//117
f 1073//1073 1114//1114 1045//1045
f 1114//1114 1086//1086 1045//1045
f 1114//1114 1073//1073 1137//1137
f 1160//1160 1114//1114 1137//1137
f 1114//1114 1160//1160 1110//1110
f 1086//1086 1114//1114 1110//1110
f 1359//1359 1323//1323 1327//1327
f 1359//1359 1346//1346 1394//1394
f 1346//1346 1359//1359 1327//1327
f 1323//1323 1354//1354 1317//1317
f 1354//1354 1351//1351 1317//1317
f 1359//1359 1354//1354 1323//1323
f 1033//1033 1021//1021 1057//1057
f 1047//1047 1033//1033 1057//1057
f 1021//1021 1033//1033 985//985
f 1033//1033 1047//1047 985//985
f 203//203 207//207 197//197
f 203//203 209//209 207//207
f 183//183 203//203 184//184
f 203//203 197//197 184//184
f 186//186 203//203 183//183
f 203//203 186//186 205//205
f 209//209 203//203 205//205
f 253//253 248//248 273//273
f 226//226 248//248 253//253
f 273//273 248//248 254//254
f 238//238 236//236 217//217
f 236//236 226//226 217//217
f 236//236 248//248 226//226
f 236//236 238//238 254//254
f 248//248 236//236 254//254
f 683//683 693//693 720//720
f 663//663 693//693 683//683
f 693//693 729//729 720//720
f 693//693 694//694 729//729
f 693//693 663//663 660//660
f 694//694 693//693 671//671
f 693//693 660//660 671//671
f 136//136 113//113 114//114
f 113//113 136//136 118//118
f 113//113 105//105 114//114
f 109//109 113//113 118//118
f 100//100 107//107 86//86
f 107//107 100//100 109//109
f 87//87 100//100 86//86
f 100//100 87//87 94//94
f 105//105 100//100 94//94
f 113//113 100//100 105//105
f 100//100 113//113 109//109
f 181//181 194//194 186//186
f 171//171 181//181 186//186
f 181//181 171//171 169//169
f 182//182 181//181 169//169
f 181//181 182//182 194//194
f 133//133 137//137 125//125
f 137//137 165//165 164//164
f 138//138 137//137 164//164
f 137//137 117//117 110//110
f 125//125 137//137 110//110
f 168//168 156//156 145//145
f 156//156 168//168 165//165
f 137//137 156//156 165//165
f 156//156 133//133 145//145
f 156//156 137//137 133//133
f 89//89 73//73 91//91
f 89//89 104//104 93//93
f 75//75 89//89 93//93
f 73//73 89//89 75//75
f 101//101 89//89 91//91
f 104//104 89//89 101//101
f 73//73 69//69 91//91
f 1400//1400 1359//1359 1394//1394
f 1400//1400 1354//1354 1359//1359
f 1400//1400 1441//1441 1466//1466
f 1441//1441 1400//1400 1394//1394
f 117//117 129//129 126//126
f 137//137 129//129 117//117
f 129//129 138//138 126//126
f 129//129 137//137 138//138
f 62//62 69//69 73//73
f 62//62 66//66 57//57
f 62//62 73//73 66//66
f 62//62 57//57 46//46
f 1354//1354 1390//1390 1351//1351
f 1400//1400 1390//1390 1354//1354
f 1390//1390 1428//1428 1351//1351
f 1351//1351 1428//1428 1349//1349
f 1428//1428 1455//1455 1423//1423
f 1349//1349 1428//1428 1423//1423
f 1455//1455 1428//1428 1503//1503
f 1433//1433 1390//1390 1400//1400
f 1433//1433 1428//1428 1390//1390
f 1433//1433 1400//1400 1466//1466
f 1503//1503 1433//1433 1466//1466
f 1428//1428 1433//1433 1503//1503
