-0.974488 0.571248 -7.156067 32 35 41 0 0.947621 -0.047317 0.315874
-1.109292 0.490505 -6.501001 20 26 13 0 0.284846 -0.752693 0.593562
-0.897256 0.064327 -6.801503 68 95 55 0 0.599727 -0.040731 0.799168
-1.067166 0.114878 -6.464492 90 89 67 0 0.882624 0.294208 0.366628
-1.034167 0.399934 -6.840821 86 114 81 0 0.949190 0.134836 0.284356
-0.952723 -0.066265 -6.591573 79 108 67 0 0.974465 -0.039848 0.220975
-1.034869 0.230024 -6.675124 79 104 71 0 0.848795 0.381569 0.365994
-1.073485 0.307958 -6.331794 85 90 80 0 0.996811 -0.079448 0.007415
-0.923936 0.357105 -7.040220 74 93 71 0 0.434960 0.648273 0.624942
-1.091740 0.539653 -6.705315 54 59 52 0 0.925999 0.229011 0.300132
-1.039082 0.563525 -6.965094 23 27 25 0 0.918313 0.135169 0.372063
-0.932361 0.213875 -6.915245 91 118 84 0 0.912869 0.184288 0.364291
-1.093144 0.309362 -6.517852 79 107 67 0 0.958152 0.094393 0.270248
-0.978700 0.079773 -6.661784 79 108 70 0 0.892791 0.356222 0.275737
-1.079804 0.388700 -6.656869 87 115 77 0 0.965764 0.175475 0.191073
-1.001168 -0.012203 -6.465194 81 112 72 0 0.995448 0.062836 -0.071655
-1.000466 0.270746 -6.810631 86 107 80 0 0.882181 0.325333 0.340464
-1.077698 0.172451 -6.331091 46 52 39 0 0.851181 0.278596 -0.444831
-1.059443 0.549482 -6.834502 28 33 26 0 0.855063 0.101691 0.508455
-0.968169 0.479272 -7.038816 80 105 70 0 0.855209 0.141804 0.498507
-1.105080 0.395019 -6.417451 86 117 72 0 0.976541 0.001164 -0.215328
-0.973786 0.329021 -6.926478 87 108 82 0 0.770327 0.499979 0.395749
-1.036975 0.151388 -6.581042 77 105 67 0 0.848558 0.429708 0.308707
-0.909894 -0.026947 -6.722165 31 33 26 0 0.595485 0.793488 -0.125599
-0.959744 0.152090 -6.759377 82 112 74 0 0.631715 0.520533 0.574440
-1.089633 0.220896 -6.435003 81 101 70 0 0.987397 0.157575 0.014737
-0.996955 0.041859 -6.560680 74 106 65 0 0.865532 0.373578 0.333607
-1.094548 0.493314 -6.610530 85 111 69 0 0.962979 0.095914 0.251935
-1.006083 0.427316 -6.946137 86 104 81 0 0.911044 0.157272 0.381136
-1.068570 0.449081 -6.755164 86 113 75 0 0.968570 0.110730 0.222733
-1.050315 0.045370 -6.392877 79 105 72 0 0.793262 0.381345 0.474670
-1.048911 0.317085 -6.722165 80 107 74 0 0.910581 0.245436 0.332572
-0.896554 0.136644 -6.866799 67 89 65 0 0.451065 0.889714 0.070350
-1.095952 0.408359 -6.564191 84 112 73 0 0.982947 0.031557 0.181161
-0.997657 0.568439 -7.056368 24 32 20 0 0.974432 0.087909 0.206773
-1.065060 0.241257 -6.585254 77 106 67 0 0.975388 0.190593 0.110868
-0.907086 0.285490 -6.971413 47 46 43 0 0.793706 0.468496 0.387998
-0.943595 0.004647 -6.647040 70 102 65 0 0.818899 0.443636 0.364132
-1.034869 0.496824 -6.894181 92 119 79 0 0.974563 0.032366 0.221764
-1.067166 0.305149 -6.642125 87 114 79 0 0.942969 0.196853 0.268436
-0.947808 0.501739 -7.120260 44 41 37 0 0.929691 0.300492 -0.213025
-1.114909 0.378168 -6.328985 21 37 19 0 0.739124 0.467946 0.484482
-0.949914 0.188599 -6.836608 78 107 73 0 0.741158 0.646019 0.182604
-1.099463 0.307958 -6.437812 86 117 75 0 0.995103 0.069890 -0.069890
-1.074187 0.198429 -6.510129 82 111 71 0 0.966514 0.143235 0.212917
-0.944297 0.048880 -6.726378 82 109 74 0 0.838994 0.317162 0.442151
-1.006083 0.154196 -6.663890 82 111 72 0 0.879064 0.341605 0.332496
-1.001870 0.223705 -6.749547 84 112 74 0 0.751878 0.577996 0.317174
-1.112101 0.239853 -6.323369 29 33 24 0 0.554593 -0.490924 0.671878
-1.084719 0.467336 -6.679337 88 117 77 0 0.990011 0.039782 0.135260
-1.033465 0.341659 -6.790269 83 111 76 0 0.886973 0.301661 0.349686
-1.076995 0.102240 -6.354261 90 113 76 0 0.984683 -0.007969 -0.174169
-1.003274 0.326915 -6.859778 85 96 78 0 0.865778 0.342928 0.364457
-0.976594 -0.035373 -6.529788 71 106 62 0 0.737480 0.523000 0.427310
-1.025040 0.054497 -6.494682 71 102 60 0 0.856870 0.444473 0.261185
-1.107888 0.381679 -6.497491 88 117 78 0 0.991012 0.063012 0.118005
-1.133866 0.456102 -6.442727 68 83 64 0 0.805352 0.590967 0.046544
-0.936574 0.431529 -7.082346 75 85 63 0 0.985628 0.101550 0.135001
-0.966063 0.402742 -7.000199 79 107 72 0 0.830494 0.277866 0.482773
-1.053124 0.478570 -6.826779 78 106 71 0 0.949704 0.149105 0.275374
-1.072081 0.518590 -6.772015 93 122 84 0 0.978083 0.181309 0.102372
-0.967467 0.272150 -6.885054 88 114 80 0 0.801779 0.422581 0.422581
-1.086123 0.158409 -6.408323 77 105 65 0 0.997940 -0.007315 0.063743
-1.013104 0.501037 -6.971413 88 113 76 0 0.884279 0.236303 0.402756
-0.906383 -0.051521 -6.651252 23 28 22 0 0.780810 0.355792 0.513564
-1.061549 0.380977 -6.727782 90 119 83 0 0.894190 0.309011 0.323939
-1.087527 0.339552 -6.575425 81 108 71 0 0.971910 0.182153 0.149035
-1.006083 0.093113 -6.599297 78 106 72 0 0.873595 0.381343 0.302340
-1.032061 0.102942 -6.535405 75 103 64 0 0.864161 0.397545 0.308519
-0.947808 0.345169 -6.981945 75 105 68 0 0.754278 0.435477 0.491349
-1.098761 0.336744 -6.380239 81 112 70 0 0.970981 0.219821 -0.094209
-1.092442 0.265129 -6.392175 84 113 73 0 0.990946 0.086520 -0.102671
-0.909192 0.007456 -6.783248 35 45 32 0 0.799631 0.167154 0.576758
-0.968871 0.114176 -6.713038 83 109 78 0 0.876578 0.221749 0.427127
-0.921830 0.126814 -6.798695 75 105 67 0 0.682635 0.445632 0.579155
-1.088229 0.252491 -6.488364 79 110 66 0 0.975451 0.151904 0.159437
-1.041188 0.194216 -6.620359 84 111 75 0 0.842083 0.396735 0.365373
-1.013104 0.389402 -6.893479 96 109 95 0 0.918629 0.332878 0.212870
-1.093144 0.474357 -6.557170 78 105 65 0 0.967214 -0.245859 0.063649
-0.909894 0.160515 -6.915946 27 26 27 0 0.878819 0.475516 -0.039513
-0.970275 -0.010799 -6.579638 73 100 62 0 0.907641 0.315255 0.277131
-1.091740 0.438550 -6.621062 88 117 81 0 0.971219 -0.022866 0.237088
-1.092442 0.212471 -6.366899 69 93 57 0 0.983659 0.070346 0.165732
-1.039082 0.549482 -6.909628 63 82 58 0 0.848014 0.485227 -0.213137
-1.051720 0.401338 -6.788865 82 107 75 0 0.946898 0.166622 0.274993
-0.994147 0.525611 -7.022667 94 117 83 0 0.784369 0.449835 0.427099
-1.035571 0.447677 -6.871012 80 107 73 0 0.940218 0.197432 0.277509
-0.976594 0.551589 -7.103409 105 127 104 0 0.838144 0.473868 0.270120
-1.078400 0.169643 -6.464492 78 107 65 0 0.975691 0.141896 0.167010
-1.021529 0.030625 -6.439918 70 101 61 0 0.590766 0.804296 -0.064059
-1.021529 0.275661 -6.761483 85 113 80 0 0.901722 0.356290 0.244858
-1.116313 0.437847 -6.493278 84 112 73 0 0.961302 0.080215 0.263562
-1.062251 0.146473 -6.511533 125 85 91 0 0.921583 0.253686 0.293817
-1.086123 0.524207 -6.654763 92 121 88 0 0.991632 -0.079101 0.102029
-0.987828 0.450485 -6.995987 100 111 98 0 0.887929 0.142011 0.437510
-0.971679 0.193514 -6.788163 79 107 75 0 0.798030 0.467257 0.380550
-1.005381 0.195621 -6.706719 85 109 74 0 0.780627 0.420338 0.462534
-1.078400 0.088198 -6.403409 108 47 53 0 0.896382 0.340417 0.283929
-0.973786 0.043965 -6.625977 77 109 72 0 0.849004 0.467943 0.245403
-0.939382 0.272150 -6.934904 75 100 64 0 0.760294 0.308919 0.571421
-0.986424 0.380977 -6.947542 86 113 75 0 0.829398 0.387053 0.402851
-1.088229 0.383083 -6.607019 88 109 82 0 0.967893 0.142677 0.206947
-0.999764 0.008860 -6.510831 74 105 66 0 0.858805 0.351259 0.372922
-1.060145 0.190706 -6.562085 90 102 74 0 0.904034 0.324864 0.277825
-0.883916 0.109963 -6.827481 63 92 54 0 0.271586 0.827174 0.491959
-1.079804 0.276363 -6.551553 81 112 69 0 0.963217 0.228096 0.142071
-0.975892 0.230726 -6.823971 80 107 72 0 0.893362 0.347502 0.284862
-1.076995 0.421699 -6.694081 90 112 83 0 0.984919 0.001131 0.173011
-1.106484 0.356403 -6.456067 84 113 75 0 0.999960 0.000985 0.008867
-1.051720 0.071348 -6.449748 67 97 54 0 0.817659 0.458842 0.347704
-1.077698 0.487697 -6.727782 84 110 76 0 0.950833 0.071151 0.301421
-0.912702 0.237045 -6.953860 56 58 46 0 0.735107 -0.101648 0.670288
-1.072783 0.289703 -6.597190 83 113 73 0 0.965941 0.229619 0.119300
-1.046805 0.274959 -6.686357 82 111 75 0 0.910609 0.221499 0.348898
-0.942191 0.400636 -7.045135 88 112 78 0 0.911817 0.350034 0.214630
-0.928149 0.076262 -6.767802 75 105 67 0 0.803145 0.230575 0.549357
-1.065060 0.345871 -6.688464 82 111 77 0 0.957934 0.182021 0.221879
-1.020827 0.470144 -6.933499 92 120 82 0 0.914427 0.205280 0.348832
-1.057336 0.250385 -6.630189 80 109 70 0 0.937657 0.206979 0.279213
-0.968871 0.510165 -7.072516 94 113 91 0 0.893999 0.332824 0.299990
-0.935872 0.014477 -6.697591 76 110 69 0 0.791335 0.576215 0.204364
-1.015210 0.567737 -7.014242 19 21 34 0 0.700175 -0.587617 0.405539
-1.101569 0.402040 -6.373218 81 105 66 0 0.948937 -0.095812 0.300562
-0.923936 0.175259 -6.876629 89 114 83 0 0.763128 0.571146 0.302371
-0.943595 -0.030458 -6.620359 71 103 59 0 0.843789 0.213598 0.492337
-1.074889 0.232832 -6.537511 82 112 72 0 0.987328 0.086111 0.133295
-0.923234 0.317085 -7.005114 44 45 42 0 0.699607 0.684094 0.206314
-1.095250 0.265129 -6.445535 86 115 75 0 0.994521 0.103256 -0.016304
-0.956935 0.531930 -7.160982 33 35 29 0 0.664647 0.664647 0.341305
-0.955531 0.232130 -6.874522 85 113 77 0 0.868069 0.300544 0.395132
-1.009593 0.128920 -6.629487 82 111 73 0 0.901707 0.293682 0.317295
-0.988530 0.284086 -6.849948 85 111 76 0 0.811198 0.388799 0.436799
-1.047507 0.514377 -6.855566 83 110 75 0 0.958552 0.062211 0.278044
-1.111399 0.433635 -6.400600 69 88 62 0 0.513842 -0.594709 0.618295
-0.943595 0.163324 -6.802907 75 104 70 0 0.707710 0.612913 0.351403
-0.946404 0.311468 -6.953860 83 101 74 0 0.735696 0.419692 0.531610
-0.969573 0.558610 -7.196087 28 28 32 0 0.862714 0.230358 -0.450177
-1.078400 0.342361 -6.625977 85 113 75 0 0.952164 0.142492 0.270335
-1.089633 0.270044 -6.341623 78 108 65 0 0.967675 -0.182166 -0.174414
-1.097357 0.371147 -6.545234 83 112 71 0 0.972318 0.093853 0.213985
-0.983615 0.165430 -6.724974 82 111 71 0 0.784369 0.449835 0.427099
-0.933064 -0.076095 -6.631593 27 37 27 0 0.717928 0.032441 0.695361
-0.959744 0.053795 -6.688464 83 107 77 0 0.890092 0.406187 0.206759
-0.996253 0.351488 -6.900500 88 114 80 0 0.870740 0.332075 0.362681
-1.098059 0.512271 -6.571914 66 83 59 0 0.377681 0.244382 -0.893104
-1.047507 0.432231 -6.820460 76 103 71 0 0.925055 0.134126 0.355365
-1.045401 0.096623 -6.493278 86 78 61 0 0.889288 0.254721 0.379847
-0.988530 0.119793 -6.675826 81 108 75 0 0.894132 0.221698 0.389072
-1.022231 0.239853 -6.718655 85 114 77 0 0.857174 0.427820 0.286747
-1.024337 0.361318 -6.836608 83 111 79 0 0.912306 0.292462 0.286642
-0.938680 0.468038 -7.100601 51 57 42 0 0.747860 0.373115 0.549082
-1.078400 0.122601 -6.424472 102 92 80 0 0.986903 0.110448 0.117573
-0.926042 0.011668 -6.736207 87 119 76 0 0.953581 0.285683 0.095228
-1.084017 0.214577 -6.475023 76 106 62 0 0.965692 0.206655 0.157266
-0.915511 -0.020628 -6.674422 72 103 63 0 0.634284 0.664094 0.395807
-0.947106 0.114878 -6.754462 79 103 71 0 0.826205 0.159286 0.540383
-1.065762 0.477868 -6.781844 88 117 81 0 0.966005 0.165118 0.198922
-1.016614 0.321298 -6.823268 84 110 79 0 0.881140 0.318903 0.349131
-1.091740 0.349382 -6.343730 78 108 71 0 0.856277 0.492029 -0.157155
-1.024337 0.114878 -6.571914 75 105 62 0 0.848384 0.396950 0.350250
-1.103675 0.350786 -6.417451 85 116 74 0 0.998513 0.001028 -0.054502
-1.102271 0.444869 -6.529086 74 101 58 0 0.910076 -0.095000 0.403407
-0.985722 0.002541 -6.546638 73 106 65 0 0.907027 0.379719 0.181978
-0.994147 -0.038181 -6.495385 23 33 21 0 0.995685 0.047101 0.079961
-1.049613 0.363424 -6.760079 83 108 77 0 0.907641 0.277131 0.315255
-0.925340 0.155600 -6.835907 76 106 69 0 0.749613 0.543837 0.377256
-1.025742 0.191408 -6.655465 87 115 74 0 0.831657 0.466539 0.301144
-1.028550 0.531930 -6.941925 90 117 84 0 0.994521 0.016304 0.103256
-0.991338 0.236343 -6.789567 84 111 75 0 0.825047 0.477494 0.302152
-1.068570 0.418891 -6.731995 84 111 74 0 0.964280 0.212690 0.157886
-1.116313 0.418891 -6.444833 82 112 73 0 0.965692 0.206655 -0.157266
-1.076293 0.544568 -6.800801 43 53 40 0 0.924241 0.054367 0.377918
-0.960446 0.428720 -7.027582 78 106 73 0 0.829318 0.284738 0.480787
-1.084719 0.428720 -6.656869 92 121 81 0 0.977194 0.079496 0.196906
-0.977998 0.307256 -6.894181 76 103 64 0 0.823761 0.372994 0.426959
-1.087527 0.152090 -6.361282 24 26 16 0 -0.142071 -0.228096 0.963217
-1.037678 0.281278 -6.722867 132 112 110 0 0.955175 0.196929 0.221043
-1.139483 0.476463 -6.473619 48 52 47 0 0.873436 0.103676 0.475774
-1.015210 0.069241 -6.543128 77 107 67 0 0.885442 0.373054 0.277169
-1.077698 0.543164 -6.744633 61 62 55 0 0.921478 0.372162 0.111237
-0.975190 0.023604 -6.595084 75 107 66 0 0.818932 0.389589 0.421392
-1.093846 0.449783 -6.584552 88 117 76 0 0.996387 0.055536 0.064248
-1.033465 0.314277 -6.765696 80 109 77 0 0.906277 0.277611 0.318739
-1.101569 0.340255 -6.500299 96 111 84 0 0.972458 0.228168 -0.047586
-1.097357 0.300235 -6.400600 87 110 79 0 0.985249 0.159292 0.062537
-1.086825 0.501739 -6.534000 39 42 41 0 0.948677 -0.140893 -0.283127
-1.088931 0.481378 -6.644231 88 114 74 0 0.993934 0.007604 0.109713
-0.994147 0.492612 -7.000902 88 116 72 0 0.809721 0.294015 0.507845
-0.954829 -0.064159 -6.555766 82 110 72 0 0.838683 0.355852 -0.412287
-1.022933 0.432933 -6.901203 87 116 79 0 0.933889 0.182324 0.307585
-0.944999 0.247576 -6.909628 84 112 76 0 0.839343 0.381234 0.387510
-1.088931 0.193514 -6.404110 76 105 63 0 0.989399 0.143277 -0.023691
-0.943595 0.375360 -7.017050 84 110 78 0 0.826024 0.355364 0.437493
-0.982211 0.186493 -6.755164 82 111 75 0 0.769804 0.493130 0.405246
-1.099463 0.304447 -6.483449 90 110 79 0 0.993652 0.101712 0.048062
-0.992041 0.060816 -6.597892 77 107 70 0 0.880853 0.421921 0.214662
-1.046805 0.144367 -6.548043 77 107 62 0 0.812627 0.448621 0.371989
-1.107186 0.411869 -6.514341 82 110 71 0 0.960928 0.001209 0.276796
-0.987126 0.408359 -6.968605 80 105 76 0 0.856917 0.348655 0.379647
-0.994147 0.097326 -6.636508 77 108 68 0 0.901707 0.293682 0.317295
-0.968169 0.349382 -6.954563 82 108 75 0 0.804341 0.332886 0.492161
-1.016614 0.024306 -6.480640 70 102 63 0 0.858241 0.436005 0.270782
-1.087527 0.313575 -6.552958 91 118 80 0 0.979013 0.166667 0.117284
-1.099463 0.203344 -6.334602 71 98 58 0 0.824259 0.389101 0.411336
-1.022231 0.160515 -6.628785 80 109 72 0 0.849628 0.357000 0.388179
-1.060145 0.439954 -6.786759 86 111 85 0 0.968327 0.094686 0.231035
-1.018018 0.296022 -6.789567 78 103 72 0 0.788705 0.409738 0.458323
-0.959744 0.292511 -6.918053 90 116 74 0 0.854190 0.316653 0.412421
-0.958339 0.077667 -6.717250 79 111 70 0 0.853687 0.339306 0.395082
-1.056634 0.209663 -6.590169 82 109 75 0 0.910581 0.245436 0.332572
-1.099463 0.525611 -6.614743 76 85 67 0 0.879461 0.022896 0.475421
-0.926745 0.039051 -6.754462 80 111 73 0 0.945645 0.141644 0.292732
-1.076995 0.449081 -6.712336 81 109 73 0 0.970663 0.204819 0.125945
-1.058039 0.510867 -6.823971 89 113 84 0 0.934930 0.143730 0.324419
-1.069272 0.377466 -6.696187 82 108 79 0 0.957569 0.173983 0.229763
-0.916915 -0.014309 -6.760079 37 32 24 0 0.895125 0.277593 0.348846
-1.041890 0.479272 -6.865395 85 111 76 0 0.938978 0.047920 0.340622
-1.044699 0.219492 -6.640721 121 94 93 0 0.861176 0.377438 0.340465
-0.954829 0.454698 -7.055666 93 119 81 0 0.895620 0.199512 0.397568
-1.084719 0.270044 -6.519959 81 108 68 0 0.966978 0.205273 0.151050
-1.013806 0.528419 -6.988966 92 116 80 0 0.878351 0.307954 0.365600
-0.984317 0.574758 -7.124473 22 24 30 0 0.823101 0.515400 0.238469
-1.040486 0.373956 -6.800801 85 113 77 0 0.933330 0.268878 0.237908
-1.083314 0.501739 -6.699697 80 107 69 0 0.996383 0.078975 0.031374
-0.920426 0.187897 -6.929287 89 95 81 0 0.934332 0.126482 0.333204
-1.109995 0.392211 -6.460981 84 115 75 0 0.981870 0.188955 -0.015070
-0.946404 0.203344 -6.864693 84 111 76 0 0.810178 0.342217 0.475920
-1.036975 0.527717 -6.882246 83 106 74 0 0.942395 -0.173707 0.285864
-0.985019 0.539653 -7.059879 91 118 84 0 0.869789 0.441631 0.220067
-0.956233 0.031327 -6.658273 71 104 66 0 0.822591 0.491682 0.285644
-1.092442 0.413274 -6.599297 89 116 79 0 0.992161 0.112000 0.055434
-1.020827 0.131027 -6.598594 81 112 70 0 0.865711 0.404609 0.294678
-1.027848 0.417486 -6.871714 80 108 74 0 0.920253 0.230421 0.316292
-0.991338 0.147877 -6.690570 81 111 71 0 0.888225 0.388319 0.245489
-1.074889 0.353595 -6.654763 82 109 73 0 0.963184 0.109307 0.245618
-0.905681 0.131729 -6.831694 70 101 65 0 0.657570 0.641007 0.395867
-0.961148 -0.040287 -6.576127 78 114 70 0 0.903544 0.238700 0.355853
-1.062251 0.173855 -6.536107 99 100 82 0 0.904338 0.316151 0.286741
-1.004678 0.034838 -6.526979 72 102 60 0 0.888302 0.332174 0.317143
-1.027848 0.076964 -6.515746 72 99 61 0 0.812627 0.448621 0.371989
-1.091740 0.238449 -6.407621 84 113 75 0 0.997940 0.007315 -0.063743
-1.062251 0.319893 -6.672316 82 98 72 0 0.949691 0.221459 0.221459
-0.970977 0.252491 -6.857672 82 108 73 0 0.837352 0.378615 0.394325
-1.061549 0.414678 -6.761483 83 108 79 0 0.942969 0.196853 0.268436
-1.003976 0.392211 -6.922266 82 104 82 0 0.853687 0.395082 0.339306
-1.093144 0.242662 -6.365495 77 103 65 0 0.984401 -0.024235 0.174261
-1.091740 0.372551 -6.578935 85 114 74 0 0.981424 0.095837 0.166199
-0.964658 0.539653 -7.132898 103 118 101 0 0.837081 0.528140 0.142701
-1.043996 0.548078 -6.861182 61 65 57 0 0.887494 0.126785 0.443035
-0.931659 0.345169 -7.011433 81 105 73 0 0.785955 0.382487 0.485775
-1.084719 0.178068 -6.436408 103 94 85 0 0.958178 0.213962 0.190041
-1.082612 0.123304 -6.374622 72 101 65 0 0.996392 0.046825 -0.070782
-1.008891 0.465230 -6.960179 95 118 79 0 0.909800 0.166583 0.380151
-1.044699 0.453294 -6.843630 88 116 80 0 0.917933 0.189279 0.348672
-1.053826 0.270044 -6.658273 79 107 70 0 0.924238 0.269986 0.269986
-1.103675 0.365530 -6.381643 86 116 73 0 0.999379 0.015344 0.031710
-1.090335 0.183685 -6.371111 82 108 73 0 0.990011 0.135260 0.039782
-0.952723 0.477165 -7.076729 87 110 78 0 0.927639 0.133701 0.348726
-0.973084 0.094517 -6.691975 76 106 67 0 0.921753 0.197417 0.333763
-1.054528 0.057305 -6.418855 67 97 56 0 0.768063 0.585116 0.260227
-0.928149 -0.020628 -6.648444 72 105 63 0 0.812702 0.403956 0.419923
-1.047507 0.116282 -6.515044 79 109 63 0 0.821456 0.433767 0.370211
-0.966063 0.524909 -7.102707 86 107 82 0 0.873436 0.475774 0.103676
-1.062251 0.127516 -6.489768 78 101 61 0 0.898506 0.310393 0.310393
-1.050315 0.342361 -6.735505 88 109 80 0 0.906277 0.277611 0.318739
-1.007487 0.263725 -6.783951 83 112 80 0 0.889322 0.357223 0.285480
-0.957637 -0.010097 -6.606318 72 104 62 0 0.854467 0.307485 0.418735
-1.036975 0.171749 -6.603509 73 102 67 0 0.857123 0.364239 0.364239
-1.021529 0.380977 -6.857672 77 104 75 0 0.885617 0.268233 0.379122
-1.087527 0.295320 -6.354261 77 107 65 0 0.947991 -0.157774 -0.276441
-1.094548 0.483484 -6.583850 96 125 85 0 0.996092 -0.086850 0.016083
-1.051720 0.300937 -6.696187 87 116 77 0 0.937046 0.269523 0.222042
-1.079804 0.315681 -6.588765 98 111 85 0 0.949391 0.301663 0.087495
-1.126845 0.450485 -6.469407 81 111 73 0 0.910609 0.348898 0.221499
-1.085421 0.355701 -6.601403 87 106 75 0 0.964681 0.038291 0.260624
-0.927447 0.305149 -6.973519 85 112 72 0 0.704402 0.451284 0.547869
-0.991338 0.579673 -7.097793 19 23 37 0 0.960991 0.064403 0.268977
-1.069272 0.205450 -6.537511 81 110 69 0 0.971846 0.212473 0.101836
-1.099463 0.471549 -6.521362 71 100 59 0 0.832946 -0.294256 0.468630
-1.095250 0.278469 -6.474321 96 111 86 0 0.981537 0.191268 0.001145
-0.985019 0.071348 -6.632296 85 102 76 0 0.886398 0.239045 0.396429
-1.095250 0.345169 -6.535405 82 112 70 0 0.967273 0.087017 0.238350
-1.096654 0.439252 -6.555766 84 113 74 0 0.983039 0.001139 0.183394
-1.027848 0.460315 -6.901905 89 117 77 0 0.925371 0.220326 0.308457
-0.909894 0.043965 -6.787461 76 106 63 0 0.888235 0.006619 0.459341
-1.018018 0.198429 -6.682145 80 108 71 0 0.822849 0.442341 0.356726
-0.942893 0.138750 -6.776929 76 104 69 0 0.786002 0.468360 0.403535
-1.105080 0.378168 -6.357069 77 104 62 0 0.946898 0.166622 0.274993
-1.076995 0.145069 -6.451854 66 95 52 0 0.963184 0.109307 0.245618
-1.031358 0.517888 -6.911734 94 121 86 0 0.966970 0.030562 0.253050
-1.066464 0.083986 -6.430089 68 97 53 0 0.820887 0.463430 0.333733
-1.058039 0.461017 -6.804312 84 107 76 0 0.945990 0.071567 0.316198
-0.915511 0.211067 -6.945435 55 63 51 0 0.790077 0.347762 0.504816
-1.091038 0.538249 -6.677932 37 48 37 0 0.949523 -0.055101 -0.308819
-1.071379 0.165430 -6.493980 71 100 58 0 0.936992 0.175255 0.302211
-1.041890 0.398529 -6.814141 84 112 76 0 0.918629 0.212870 0.332878
-0.984317 0.019392 -6.569808 73 105 62 0 0.891602 0.339018 0.300188
-1.010295 0.352190 -6.866799 84 108 82 0 0.880826 0.358072 0.309725
-1.080506 0.522100 -6.727782 82 108 74 0 0.923807 0.119422 0.363757
-1.038380 0.063624 -6.472917 68 99 54 0 0.822183 0.513672 0.245267
-1.007487 0.008158 -6.445535 83 113 71 0 0.974183 0.142410 0.175177
-1.076995 0.134537 -6.343730 80 105 69 0 0.995448 -0.071655 -0.062836
-0.907086 0.104347 -6.800801 68 99 64 0 0.656618 0.064656 0.751447
-1.037678 0.428018 -6.849246 89 114 83 0 0.927156 0.269174 0.260629
-1.086123 0.407657 -6.639317 86 114 76 0 0.985757 0.031202 0.165256
-1.076995 0.548780 -6.770610 42 42 43 0 0.990194 0.094028 0.103315
-0.934468 0.198429 -6.887862 89 119 82 0 0.872258 0.365096 0.325378
-0.969573 0.207556 -6.812737 84 104 77 0 0.870391 0.394801 0.294195
-0.960446 0.212471 -6.840821 86 112 79 0 0.861253 0.308577 0.403761
-0.982913 0.501739 -7.024071 89 117 78 0 0.841609 0.223719 0.491573
-1.066464 0.263023 -6.599998 78 107 69 0 0.953870 0.254810 0.158756
-1.079102 0.294618 -6.570510 84 110 77 0 0.903544 0.355853 0.238700
-0.952020 0.093113 -6.737611 76 106 68 0 0.838757 0.126908 0.529511
-1.090335 0.289703 -6.323369 28 31 19 0 0.490033 0.607910 0.624750
-1.025742 0.260214 -6.734803 81 110 72 0 0.863160 0.349264 0.364650
-0.962552 0.366233 -6.977030 78 105 72 0 0.767656 0.412350 0.490583
-1.081208 0.230726 -6.501001 81 110 69 0 0.970663 0.125945 0.204819
-0.998359 0.436443 -6.969307 101 103 93 0 0.864797 0.317963 0.388621
-0.985722 0.213875 -6.777632 83 109 78 0 0.831183 0.450944 0.325245
-1.087527 0.497527 -6.664592 92 123 83 0 0.996891 0.001050 0.078785
-1.088931 0.505952 -6.635806 81 108 65 0 0.950458 0.031556 0.309246
-1.006785 0.297426 -6.823971 80 109 76 0 0.870740 0.332075 0.362681
-1.026444 0.493314 -6.923670 87 113 78 0 0.931917 0.126894 0.339747
-1.062251 0.494718 -6.804312 75 101 67 0 0.967687 0.103000 0.230159
-1.074187 0.315681 -6.619658 88 116 76 0 0.965065 0.237101 0.111502
-0.932361 0.113474 -6.775525 72 103 63 0 0.746646 0.246786 0.617751
-0.989934 0.364828 -6.927883 82 110 75 0 0.896382 0.283929 0.340417
-1.101569 0.326212 -6.470109 81 112 75 0 0.975099 0.214935 0.054644
-0.882512 0.089602 -6.812035 61 91 49 0 0.206598 0.362631 0.908744
-1.081208 0.375360 -6.635104 84 113 75 0 0.954905 0.141713 0.260910
-1.082612 0.116985 -6.399898 72 98 63 0 0.996092 0.086850 -0.016083
-0.970275 0.145069 -6.732697 83 111 71 0 0.893974 0.237901 0.379754
-1.091038 0.319893 -6.362686 76 108 66 0 0.806860 0.150634 -0.571215
-1.074889 0.501739 -6.748845 88 117 78 0 0.976870 0.015319 0.213285
-1.067868 0.289001 -6.622466 90 120 76 0 0.944987 0.286072 0.158628
-1.070677 0.263725 -6.574723 90 94 77 0 0.922949 0.258998 0.284755
-1.034869 0.246172 -6.694783 80 108 72 0 0.837352 0.378615 0.394325
-0.930957 -0.050819 -6.631593 66 99 53 0 0.740691 0.101606 0.664118
-1.010997 0.416784 -6.923670 84 105 82 0 0.884722 0.220810 0.410499
-1.092442 0.463825 -6.621764 90 119 77 0 0.978582 0.054165 0.198605
-1.013104 0.252491 -6.755867 85 113 78 0 0.825738 0.467132 0.316140
-1.086123 0.453294 -6.651252 78 105 64 0 0.964568 0.245920 0.095565
-0.970977 0.055901 -6.660380 84 106 77 0 0.815613 0.387855 0.429354
-0.907086 0.258810 -6.965094 37 39 35 0 0.841684 0.158278 0.516252
-0.942893 0.068539 -6.741824 76 107 66 0 0.848014 0.213137 0.485227
-1.084017 0.194918 -6.459577 75 104 64 0 0.986514 0.093784 0.134147
-0.910596 0.155600 -6.884352 85 115 79 0 0.903852 0.365325 0.222688
-0.977296 0.428018 -6.998796 72 99 68 0 0.773050 0.270330 0.573859
-1.106484 0.378168 -6.435706 89 117 77 0 0.987765 0.078506 -0.134748
-0.971679 -0.021331 -6.557170 72 105 60 0 0.915001 0.259565 0.308867
-0.953425 0.404848 -7.023369 84 110 73 0 0.813615 0.426788 0.394819
-0.989934 -0.012905 -6.517150 73 105 64 0 0.932202 0.188677 0.308870
-1.052422 0.223003 -6.617551 84 106 75 0 0.910318 0.308310 0.276164
-1.072081 0.244066 -6.559978 78 107 71 0 0.943169 0.213418 0.254725
-1.104378 0.355701 -6.481342 83 112 74 0 0.979237 0.197282 0.046630
-0.961850 -0.055032 -6.528384 30 42 25 0 0.119973 -0.635415 0.762794
-1.022231 0.219492 -6.694081 81 108 75 0 0.861339 0.371347 0.346693
-0.996253 0.545270 -7.038816 88 90 81 0 0.790841 0.498888 0.354515
-0.985722 0.253193 -6.823971 81 108 72 0 0.818899 0.443636 0.364132
-1.065762 0.522100 -6.803609 92 119 81 0 0.975695 0.047153 0.214000
-1.054528 0.088900 -6.466598 73 99 56 0 0.837736 0.427480 0.339792
-0.999062 0.170345 -6.696187 89 117 74 0 0.856917 0.379647 0.348655
-1.091740 0.286894 -6.503810 79 109 70 0 0.941209 0.261216 0.214225
-1.008891 0.220896 -6.726378 78 107 70 0 0.831397 0.427530 0.354961
-1.079804 0.406253 -6.673720 86 111 82 0 0.974640 0.189409 0.119165
-1.102973 0.364828 -6.514341 83 107 76 0 0.947127 0.093527 0.306927
-1.100165 0.406955 -6.540319 83 113 72 0 0.963474 0.064064 0.260025
-0.972382 0.446975 -7.017050 78 105 71 0 0.832825 0.204793 0.514258
-1.056634 0.339552 -6.712336 91 118 79 0 0.957569 0.229763 0.173983
-1.022933 0.555099 -6.995285 73 81 67 0 0.768432 0.429082 0.474764
-1.018018 0.487697 -6.949648 98 124 82 0 0.929240 0.174669 0.325583
-0.932361 0.246172 -6.929989 79 106 66 0 0.813131 0.348485 0.466237
-0.954829 0.010264 -6.626678 74 105 66 0 0.849628 0.388179 0.357000
-1.016614 0.338850 -6.839417 101 111 92 0 0.882181 0.325333 0.340464
-1.036975 0.298128 -6.739718 98 112 88 0 0.888302 0.317143 0.332174
-1.092442 0.293213 -6.377430 78 109 70 0 0.962116 0.101478 -0.253053
-1.100165 0.323404 -6.404813 85 114 73 0 0.994694 0.102601 0.007560
-0.947808 0.032030 -6.687060 78 108 69 0 0.846726 0.483194 0.222663
-1.106484 0.523505 -6.592275 23 27 24 0 0.971823 0.229169 -0.055148
-0.897958 -0.035373 -6.680039 91 108 81 0 0.602337 0.595588 0.531474
-1.112803 0.423103 -6.421663 80 112 69 0 0.904464 0.292664 -0.310312
-0.981509 0.289703 -6.871714 85 111 73 0 0.801573 0.380707 0.461025
-1.084719 0.143665 -6.390069 80 104 68 0 0.998805 0.048346 0.007200
-1.095250 0.073454 -6.396388 71 31 36 0 0.945564 0.102116 0.308999
-0.996955 0.203344 -6.739016 89 101 79 0 0.888679 0.276312 0.365926
-0.937978 0.011668 -6.674422 73 107 70 0 0.785691 0.570987 0.238041
-0.961148 0.550185 -7.175024 130 141 116 0 0.942412 0.333586 0.024099
-1.087527 0.495420 -6.508022 23 27 20 0 0.664267 -0.674011 0.323201
-0.923234 0.270044 -6.952456 74 101 61 0 0.634460 0.230286 0.737854
-1.007487 0.545972 -7.017752 96 86 93 0 0.839168 0.468265 0.276632
-1.090335 0.265831 -6.366197 84 110 74 0 0.998965 -0.032158 -0.032158
-1.102973 0.334638 -6.434301 91 120 79 0 0.996024 0.040276 -0.079464
-1.097357 0.227917 -6.347942 73 101 59 0 0.960546 -0.030985 0.276389
-0.932361 0.380275 -7.050751 72 85 63 0 0.648389 0.712113 0.269233
-0.954829 0.496122 -7.090069 97 89 98 0 0.809072 0.484807 0.332212
-0.919021 -0.007991 -6.712336 82 115 77 0 0.777431 0.612658 -0.142304
-0.935170 0.326212 -6.986157 86 113 80 0 0.876883 0.286237 0.386192
-1.067868 0.221598 -6.557170 81 112 71 0 0.953077 0.150626 0.262596
-0.966063 0.494016 -7.056368 81 105 70 0 0.907641 0.277131 0.315255
-1.036273 0.121197 -6.548745 79 111 64 0 0.872258 0.365096 0.325378
-0.936574 0.023604 -6.718655 81 112 76 0 0.840818 0.405534 0.358561
-0.925340 0.189302 -6.906819 91 119 82 0 0.956644 0.291258 0.001219
-1.073485 0.468740 -6.739718 86 113 76 0 0.962957 0.023307 0.268647
-1.045401 0.238449 -6.653358 119 101 100 0 0.932576 0.220836 0.285540
-1.092442 0.244768 -6.455365 83 109 71 0 0.973373 0.085776 0.212576
-1.008189 0.111368 -6.612637 78 109 70 0 0.882624 0.366628 0.294208
-0.986424 0.331127 -6.902606 88 107 83 0 0.839269 0.418850 0.346689
-1.024337 0.536845 -6.970711 89 116 83 0 0.947649 0.205892 0.244071
-1.081208 0.446975 -6.688464 88 115 81 0 0.980153 0.093987 0.174548
-1.081910 0.333234 -6.605616 79 106 70 0 0.960263 0.197351 0.197351
-1.051018 0.187897 -6.588063 87 92 72 0 0.862751 0.379857 0.333720
-1.067868 0.175962 -6.513639 78 107 66 0 0.908837 0.325314 0.261126
-1.024337 0.315681 -6.798695 97 113 89 0 0.816019 0.562212 0.134282
-1.022933 0.031327 -6.417451 82 104 72 0 0.633269 0.695131 0.340240
-1.021529 0.515079 -6.955967 83 111 76 0 0.933508 0.260481 0.246401
-1.095250 0.274257 -6.412536 85 105 74 0 0.990429 0.070333 0.118759
-0.947106 -0.048713 -6.607722 73 106 60 0 0.926499 0.096031 0.363837
-0.978700 0.542461 -7.083048 92 117 86 0 0.858558 0.382097 0.341876
-1.122632 0.460315 -6.489066 90 113 87 0 0.885442 0.277169 0.373054
-1.114207 0.411869 -6.470811 78 108 70 0 0.949923 0.270063 0.157201
-1.060847 0.361318 -6.715144 89 116 80 0 0.952900 0.206215 0.222388
-1.079102 0.335340 -6.331794 54 62 51 0 0.964929 0.001199 0.262509
-1.041890 0.559312 -6.943329 72 86 72 0 0.959404 0.102285 0.262833
-1.095250 0.418188 -6.387260 40 46 37 0 0.977002 0.094867 -0.190965
-1.071379 0.363424 -6.674422 88 111 81 0 0.959218 0.126936 0.252564
-1.080506 0.248279 -6.518554 77 107 68 0 0.960021 0.213191 0.181411
-0.883916 0.116985 -6.848545 92 94 82 0 0.878012 0.371525 -0.301769
-1.086825 0.532632 -6.631593 22 26 18 0 0.896054 -0.022634 0.443367
-1.049613 0.134537 -6.528384 79 109 64 0 0.839219 0.396864 0.371766
-1.008891 0.083283 -6.579638 86 104 75 0 0.898506 0.310393 0.310393
-1.081910 0.477165 -6.698996 83 109 74 0 0.982959 0.024371 0.182201
-1.058741 0.298830 -6.666699 86 107 77 0 0.917965 0.276112 0.284786
-1.017316 0.449081 -6.927883 85 112 76 0 0.921138 0.173507 0.348424
-0.962552 0.168238 -6.774121 82 108 78 0 0.778987 0.531639 0.332475
-0.996253 0.400636 -6.946137 83 110 77 0 0.855991 0.277163 0.436417
-1.046805 0.373254 -6.779738 84 113 79 0 0.919552 0.269102 0.286371
-0.990636 0.321298 -6.882947 87 112 76 0 0.846848 0.363380 0.388334
-1.088229 0.197727 -6.427280 78 106 69 0 0.986903 0.110448 0.117573
-1.042592 0.051689 -6.436408 71 102 60 0 0.755243 0.596911 0.270748
-0.982913 0.148579 -6.710931 80 109 71 0 0.855694 0.341968 0.388389
-0.984317 0.525611 -7.043028 91 119 80 0 0.794744 0.517619 0.316942
-0.956935 0.308660 -6.934904 87 80 81 0 0.744371 0.460487 0.483594
-1.092442 0.230726 -6.383749 78 108 64 0 0.996948 -0.055206 -0.055206
-1.126845 0.449783 -6.423068 27 32 27 0 0.908744 0.362631 -0.206598
-1.008189 0.008860 -6.467300 74 107 65 0 0.894481 0.442446 0.064381
-1.070677 0.102942 -6.439918 134 77 87 0 0.929121 0.245401 0.276609
-1.079102 0.088900 -6.378133 68 87 60 0 0.975916 0.118406 -0.183218
-0.999764 0.466634 -6.979838 88 110 81 0 0.885088 0.229797 0.404739
-0.918319 0.023604 -6.767100 83 115 73 0 0.911397 0.175433 0.372261
-0.949212 0.268640 -6.915946 83 109 72 0 0.766015 0.364384 0.529571
-1.060145 0.241960 -6.606318 85 115 73 0 0.955933 0.235983 0.174654
-1.092442 0.393615 -6.583850 87 115 77 0 0.980191 0.008101 0.197890
-0.994849 0.185791 -6.722867 82 110 70 0 0.855794 0.420958 0.300684
-0.962552 0.450485 -7.036007 79 107 67 0 0.856809 0.231203 0.460894
-1.078400 0.197025 -6.489066 83 113 69 0 0.941184 0.299157 0.157092
-1.051018 0.494718 -6.840821 83 111 74 0 0.949704 0.149105 0.275374
-0.964658 0.230726 -6.851353 87 116 77 0 0.877525 0.244507 0.412512
-1.033465 0.376062 -6.823971 87 116 81 0 0.930432 0.238608 0.278141
-1.029252 0.044668 -6.468705 76 98 62 0 0.830126 0.459786 0.315416
-1.042592 0.343765 -6.764994 79 108 69 0 0.932849 0.173780 0.315584
-1.036975 0.076964 -6.494682 70 100 59 0 0.893983 0.363227 0.262413
-1.035571 0.260214 -6.710931 84 105 76 0 0.845369 0.418792 0.331609
-0.944999 0.430826 -7.062687 91 115 80 0 0.949190 0.134836 0.284356
-0.995551 0.112772 -6.651252 76 103 68 0 0.904338 0.316151 0.286741
-0.962552 0.382381 -6.991072 82 112 75 0 0.794530 0.452866 0.404517
-0.999764 0.370445 -6.909628 82 109 79 0 0.839219 0.396864 0.371766
-1.074187 0.400636 -6.694081 91 111 86 0 0.965936 0.135412 0.220527
-1.007487 0.362722 -6.886458 79 105 75 0 0.832623 0.341549 0.435986
-0.913405 0.301639 -6.988966 24 26 21 0 0.713174 0.608728 0.347611
-0.958339 0.253193 -6.886458 84 110 77 0 0.797066 0.410610 0.442815
-0.933064 0.145069 -6.803609 75 105 72 0 0.824556 0.517459 0.228787
-0.971679 0.168940 -6.750249 83 111 72 0 0.783014 0.544775 0.300182
-1.072081 0.147175 -6.472215 78 107 66 0 0.951967 0.246407 0.181776
-1.015912 0.082581 -6.559276 81 106 72 0 0.890341 0.333691 0.309749
-0.982913 0.098730 -6.669507 78 109 70 0 0.907267 0.323919 0.268223
-1.071379 0.325510 -6.640018 91 119 81 0 0.978343 0.142597 0.150037
-0.966765 0.073454 -6.689166 81 110 76 0 0.841462 0.412113 0.349434
-1.103675 0.350084 -6.395685 87 114 75 0 0.998341 0.055405 -0.015681
-1.017316 0.172451 -6.653358 86 114 72 0 0.813131 0.466237 0.348485
-1.081910 0.157707 -6.432897 112 90 87 0 0.932576 0.285540 0.220836
-1.035571 0.466634 -6.883650 87 115 78 0 0.959218 0.126936 0.252564
-0.940787 0.456102 -7.083750 51 70 42 0 0.808255 0.490670 0.325525
-1.058741 0.326915 -6.694081 88 116 80 0 0.952900 0.222388 0.206215
-1.029252 0.209663 -6.668805 76 89 63 0 0.902546 0.364236 0.229659
-0.956935 0.131729 -6.747441 77 106 69 0 0.848014 0.213137 0.485227
-1.109995 0.456804 -6.511533 81 106 72 0 0.856228 -0.054297 0.513737
-0.994849 0.252491 -6.802907 82 111 80 0 0.870740 0.332075 0.362681
-0.996955 0.230726 -6.770610 86 115 78 0 0.856674 0.412130 0.310255
-1.024337 0.147877 -6.609828 86 107 74 0 0.891062 0.350753 0.288065
-0.998359 0.512271 -7.005114 77 101 66 0 0.805461 0.332034 0.490902
-0.978700 0.120495 -6.696187 85 103 76 0 0.878472 0.151960 0.452985
-1.057336 0.528419 -6.834502 91 115 88 0 0.883861 0.133224 0.448377
-1.108590 0.376062 -6.477832 91 119 85 0 0.987489 0.157685 0.001118
-1.061549 0.061518 -6.398494 59 88 52 0 0.748935 0.662466 0.015341
-1.042592 0.253193 -6.677230 140 115 118 0 0.947649 0.244071 0.205892
-1.055230 0.366233 -6.740420 86 114 81 0 0.928748 0.334572 0.159650
-1.003976 0.005350 -6.491172 74 106 64 0 0.932532 0.354177 0.070305
-1.093846 0.463123 -6.599998 89 115 78 0 0.979237 0.046630 0.197282
-1.124739 0.439252 -6.449748 87 115 79 0 0.892387 0.449569 -0.039152
-1.112803 0.216684 -6.326879 38 44 35 0 0.545407 -0.102716 0.831854
-0.985722 0.267235 -6.838715 88 108 82 0 0.867818 0.326006 0.374983
-1.069974 0.492612 -6.768504 86 110 78 0 0.974620 0.070055 0.212622
-1.100867 0.397827 -6.397792 82 113 69 0 0.963474 0.064064 -0.260025
-0.911298 0.068539 -6.787461 67 96 52 0 0.747716 0.032387 0.663228
-1.084017 0.541759 -6.724271 76 80 69 0 0.920672 -0.032741 0.388961
-0.946404 0.039051 -6.706017 76 104 69 0 0.895384 0.380795 0.230830
-0.980807 0.389402 -6.965094 83 112 77 0 0.899076 0.309566 0.309566
-1.089633 0.212471 -6.411132 79 109 67 0 0.995685 0.079961 -0.047101
-1.094548 0.270746 -6.317751 59 64 49 0 0.610684 -0.405467 0.680192
-1.109292 0.397125 -6.351453 31 34 27 0 0.919441 -0.102769 0.379561
-1.071379 0.442762 -6.736207 82 109 73 0 0.957934 0.221879 0.182021
-1.097357 0.390806 -6.554361 82 112 72 0 0.983726 0.127049 0.127049
-0.975892 0.270746 -6.864693 84 109 78 0 0.846972 0.372792 0.379032
-1.054528 0.420997 -6.792376 82 106 78 0 0.920124 0.260630 0.292309
-1.019423 0.413274 -6.898394 80 108 77 0 0.944718 0.276736 0.175857
-1.093846 0.256704 -6.427280 78 109 69 0 0.997142 0.071453 -0.024529
-0.991338 0.562823 -7.074623 44 46 40 0 0.909278 0.316715 0.270010
-1.072081 0.411869 -6.710931 86 115 82 0 0.962333 0.188254 0.196153
-1.087527 0.234939 -6.472215 76 105 67 0 0.977643 0.183693 0.102326
-1.021529 0.399232 -6.877331 83 111 80 0 0.941209 0.214225 0.261216
-0.899362 0.084688 -6.802206 64 96 55 0 0.538910 0.206099 0.816762
-1.086825 0.522100 -6.696889 89 116 81 0 0.967197 0.254023 0.001193
-1.102973 0.369041 -6.402004 69 73 61 0 0.999217 0.001014 -0.039563
-0.965360 0.286192 -6.899096 83 111 69 0 0.839343 0.387510 0.381234
-0.975190 0.243364 -6.839417 84 111 73 0 0.870944 0.347459 0.347459
-0.953425 0.179472 -6.809227 82 112 73 0 0.771194 0.461412 0.438586
-1.109292 0.431529 -6.510831 81 109 67 0 0.927503 0.078965 0.365380
-1.061549 0.286894 -6.647742 87 116 77 0 0.944432 0.198756 0.261809
-0.989232 0.470144 -6.998796 85 110 74 0 0.821874 0.093887 0.561879
-0.985019 0.344467 -6.920861 87 113 83 0 0.816730 0.492556 0.300569
-1.094548 0.430826 -6.578935 85 112 76 0 0.987642 -0.047472 0.149362
-0.945701 0.356403 -6.998093 81 105 74 0 0.839617 0.436226 0.323651
-1.041890 0.042561 -6.415344 68 99 59 0 0.560450 0.798217 0.220783
-1.093144 0.354999 -6.555766 89 117 78 0 0.983674 0.134302 0.119783
-1.055230 0.381679 -6.755164 86 110 81 0 0.923282 0.346055 0.166723
-0.974488 0.395721 -6.982647 83 110 77 0 0.810178 0.342217 0.475920
-0.966765 0.041157 -6.644933 76 108 68 0 0.854467 0.418735 0.307485
-1.025040 0.508760 -6.937712 80 105 71 0 0.958152 0.094393 0.270248
-0.968169 0.568439 -7.176428 47 56 41 0 0.737558 0.616490 0.275588
-1.127547 0.479272 -6.489768 86 100 75 0 0.759974 0.222242 0.610777
-1.008891 0.289001 -6.806418 83 110 76 0 0.854344 0.370577 0.364375
-0.937978 0.173153 -6.835205 78 107 74 0 0.758252 0.506047 0.411061
-1.093846 0.437847 -6.599998 91 118 84 0 0.990955 0.007750 0.133973
-1.098059 0.244768 -6.336006 64 89 50 0 0.858805 -0.351259 0.372922
-1.013104 0.235641 -6.739016 91 119 79 0 0.874759 0.327084 0.357510
-1.097357 0.456804 -6.547340 85 114 74 0 0.990050 -0.063391 0.125629
-1.084017 0.168940 -6.352155 81 110 72 0 0.921833 0.285295 -0.262357
-0.954829 0.390104 -7.010731 88 114 77 0 0.786362 0.348958 0.509768
-1.101569 0.503846 -6.595786 94 107 85 0 0.126908 0.529511 0.838757
-1.075591 0.382381 -6.675124 87 115 82 0 0.950171 0.182465 0.252748
-1.109995 0.399232 -6.435706 84 114 74 0 0.965822 0.183285 -0.183285
-0.994147 0.050986 -6.577531 78 107 70 0 0.847889 0.435570 0.302264
-1.086825 0.161217 -6.382345 86 106 73 0 0.982947 0.181161 -0.031557
-0.962552 0.331829 -6.948946 80 103 70 0 0.769795 0.374364 0.516978
-0.964658 -0.040990 -6.543830 76 109 69 0 0.752747 0.658132 -0.015305
-1.043294 0.329021 -6.747441 76 104 69 0 0.917290 0.252796 0.307689
-0.988530 -0.051521 -6.508022 11 29 8 0 0.882181 0.325333 0.340464
-0.983615 0.236343 -6.807120 80 109 71 0 0.898506 0.310393 0.310393
-1.074187 0.216684 -6.522767 83 110 71 0 0.981424 0.166199 0.095837
-1.097357 0.318489 -6.385856 82 111 75 0 0.982531 0.175069 -0.063120
-1.098761 0.347978 -6.364793 83 114 69 0 0.948559 0.219738 -0.227927
-1.015912 0.183685 -6.670209 87 116 73 0 0.839343 0.387510 0.381234
-1.043996 0.283384 -6.703208 80 109 72 0 0.888225 0.388319 0.245489
-0.946404 0.330425 -6.970009 84 113 73 0 0.784632 0.356065 0.507514
-0.948510 -0.077499 -6.606318 38 53 31 0 0.903172 -0.047110 0.426685
-1.008891 0.143665 -6.641423 84 100 73 0 0.880157 0.237598 0.410939
-1.100165 0.319191 -6.495385 94 112 82 0 0.977643 0.102326 0.183693
-1.084017 0.443464 -6.668805 88 118 77 0 0.988783 0.127246 0.078215
-0.996253 0.022200 -6.538213 75 107 66 0 0.902627 0.299891 0.308755
-0.921128 -0.005884 -6.731293 86 118 83 0 0.892858 0.449766 -0.022688
-0.959041 0.474357 -7.059176 87 114 74 0 0.878722 0.228259 0.419220
-0.931659 0.061518 -6.756568 81 111 70 0 0.835014 0.310594 0.454185
-1.088229 0.300937 -6.534000 78 107 69 0 0.959718 0.173411 0.221066
-0.940787 0.187195 -6.856970 81 106 73 0 0.808365 0.531122 0.253880
-1.092442 0.485591 -6.541724 84 114 78 0 0.939302 -0.300302 -0.165921
-0.943595 0.214577 -6.885054 83 113 78 0 0.893362 0.284862 0.347502
-0.934468 0.403444 -7.061985 34 41 28 0 0.906026 0.118663 0.406246
-1.014508 0.046774 -6.516448 74 104 62 0 0.803245 0.477476 0.356111
-1.075591 0.074156 -6.391473 105 69 67 0 0.792601 0.570981 0.213925
-0.973786 0.371147 -6.962988 81 110 74 0 0.749439 0.418177 0.513292
-0.950616 0.428018 -7.045135 86 113 72 0 0.878982 0.347646 0.326392
-1.088931 0.226513 -6.454662 78 95 63 0 0.966705 0.222098 0.127097
-0.975892 0.564929 -7.137813 35 38 35 0 0.783873 0.465780 0.410600
-1.069272 0.392913 -6.710229 71 97 62 0 0.962977 0.174253 0.205697
-0.949212 0.291809 -6.935606 84 100 70 0 0.769965 0.364720 0.523576
-1.005381 0.444166 -6.953860 88 112 78 0 0.929867 0.118794 0.348188
-1.055932 0.173153 -6.557872 141 95 101 0 0.955298 0.213033 0.204994
-0.899362 0.046072 -6.803609 38 51 30 0 0.688639 -0.080074 0.720669
-1.014508 0.105751 -6.588765 74 104 66 0 0.876883 0.386192 0.286237
-1.113505 0.419593 -6.492576 84 110 75 0 0.967327 0.158853 0.197598
-1.002572 0.247576 -6.775525 87 116 80 0 0.846313 0.403674 0.347565
-0.998359 -0.020628 -6.481342 74 105 62 0 0.975451 0.134329 0.174502
-0.923234 0.230024 -6.940520 93 114 81 0 0.893616 0.111174 0.434846
-0.993445 0.078369 -6.617551 81 100 73 0 0.932001 0.212266 0.293798
-1.102271 0.426614 -6.531192 77 104 62 0 0.950645 -0.023797 0.309367
-0.996253 0.338850 -6.887160 87 106 81 0 0.865711 0.404609 0.294678
-1.006785 0.310766 -6.836608 84 111 78 0 0.865532 0.373578 0.333607
-0.974488 0.503846 -7.040220 90 117 83 0 0.822591 0.491682 0.285644
-0.973084 0.007456 -6.586658 71 104 62 0 0.885617 0.268233 0.379122
-1.035571 0.544568 -6.930691 98 110 89 0 0.847694 0.521768 0.095777
-1.067166 0.337446 -6.670911 90 108 83 0 0.934197 0.222695 0.278718
-1.076995 0.180876 -6.480640 81 112 68 0 0.977483 0.071820 0.198418
-1.090335 0.270746 -6.495385 75 104 66 0 0.938551 0.244051 0.244051
-1.093846 0.199131 -6.351453 84 111 75 0 0.955750 0.253188 0.149792
-1.088931 0.399232 -6.615445 92 111 83 0 0.952963 0.214315 0.214315
-1.041188 0.495420 -6.873820 88 113 78 0 0.971239 0.032657 0.235855
-0.965360 0.024306 -6.621764 80 108 72 0 0.828408 0.388069 0.403908
-1.066464 0.431529 -6.750952 88 115 81 0 0.970023 0.118233 0.212312
-1.023635 0.335340 -6.814141 109 109 97 0 0.948559 0.219738 0.227927
-1.055230 0.398529 -6.771313 89 107 85 0 0.955403 0.166563 0.243848
-0.919021 -0.067670 -6.639317 23 39 23 0 0.307443 -0.197943 0.930751
-0.938680 0.295320 -6.951754 78 102 67 0 0.700860 0.366023 0.612227
-0.921128 0.003945 -6.751654 87 119 79 0 0.942969 0.196853 0.268436
-1.086123 0.513675 -6.672316 90 117 77 0 0.989311 -0.094609 0.110962
-1.079804 0.213173 -6.496789 85 116 70 0 0.976404 0.102975 0.189822
-1.075591 0.536142 -6.783248 103 118 94 0 0.750063 0.661331 0.006932
-1.067166 0.465230 -6.769207 90 115 83 0 0.967134 0.111150 0.228688
-1.093846 0.491208 -6.567702 92 119 79 0 0.966109 0.048244 -0.253588
-1.078400 0.471549 -6.720059 86 114 77 0 0.983271 0.087642 0.159677
-1.099463 0.315681 -6.421663 85 115 73 0 0.991746 0.126060 -0.023427
-1.032763 0.354297 -6.802907 76 103 69 0 0.907954 0.300695 0.291895
-0.986424 0.201237 -6.764292 89 101 77 0 0.888679 0.365926 0.276312
-1.102271 0.323404 -6.452556 82 111 75 0 0.995685 0.079961 0.047101
-1.065060 0.071348 -6.416749 70 90 54 0 0.823695 0.475390 0.309082
-0.982211 0.416784 -6.983349 77 103 69 0 0.800826 0.278480 0.530213
-1.032061 0.173855 -6.620359 78 108 68 0 0.864769 0.413320 0.285206
-1.119824 0.425912 -6.461683 81 111 72 0 0.922257 0.378327 0.079435
-0.916213 -0.021331 -6.743930 32 37 27 0 0.957962 0.284258 0.038819
-0.923234 0.088900 -6.779036 68 99 61 0 0.726299 0.023882 0.686964
-1.048911 0.450485 -6.826779 85 114 79 0 0.967273 0.087017 0.238350
-1.040486 0.356403 -6.783951 88 117 80 0 0.904464 0.310312 0.292664
-1.062953 0.274959 -6.631593 90 120 78 0 0.939500 0.246358 0.238007
-0.904277 0.122601 -6.816949 74 106 71 0 0.651088 0.540050 0.533320
-1.032061 0.186493 -6.632998 81 111 71 0 0.841462 0.412113 0.349434
-1.063655 0.226513 -6.573318 93 97 79 0 0.942282 0.228306 0.244910
-0.925340 0.285490 -6.960179 67 95 61 0 0.588324 0.434993 0.681656
-1.003274 0.043263 -6.544532 74 100 64 0 0.869560 0.371359 0.325512
-0.975892 0.517186 -7.055666 94 119 87 0 0.882098 0.430041 0.192271
-0.954829 -0.040990 -6.592275 74 107 64 0 0.885075 0.142014 0.443255
-0.909192 -0.019926 -6.690570 73 107 67 0 0.713975 0.700003 -0.015369
-0.956233 0.168940 -6.790269 84 108 77 0 0.819004 0.478147 0.317187
-1.083314 0.286192 -6.338815 83 109 72 0 0.904464 -0.292664 -0.310312
-1.032763 0.128218 -6.564191 82 112 67 0 0.850492 0.387153 0.356056
-1.010997 0.211769 -6.709527 88 101 78 0 0.818899 0.443636 0.364132
-0.975892 0.479974 -7.023369 98 111 92 0 0.856277 0.157155 0.492029
-0.915511 0.150686 -6.849246 78 106 74 0 0.752118 0.617644 0.229857
-0.928851 0.008860 -6.712336 81 113 72 0 0.917923 0.394905 -0.038302
-1.051720 0.253193 -6.647040 83 112 74 0 0.912815 0.245256 0.326524
-1.003976 0.492612 -6.983349 84 112 71 0 0.853687 0.339306 0.395082
-1.049613 0.203344 -6.608424 143 111 113 0 0.934824 0.199225 0.293961
-1.082612 0.138048 -6.418153 76 101 64 0 0.978582 0.054165 0.198605
-0.914107 0.166834 -6.900500 78 77 70 0 0.718027 0.688540 -0.101733
-0.992743 0.299532 -6.856267 85 92 77 0 0.869967 0.340953 0.356243
-1.094548 0.466634 -6.580339 89 119 80 0 0.983993 0.175423 0.031367
-1.120526 0.435741 -6.475726 81 110 70 0 0.956341 0.228081 0.182732
-0.935170 0.230726 -6.916649 89 115 77 0 0.856168 0.221970 0.466589
-1.090335 0.421699 -6.623870 86 110 79 0 0.978582 0.054165 0.198605
-1.016614 0.039753 -6.501001 72 103 60 0 0.840893 0.421229 0.339802
-1.089633 0.190004 -6.330389 76 103 70 0 0.886710 0.457790 0.064613
-1.043294 0.416082 -6.823971 84 113 76 0 0.911549 0.230423 0.340563
-1.015912 0.098730 -6.573318 74 103 66 0 0.881461 0.381213 0.278753
-0.998359 0.139452 -6.667401 77 105 71 0 0.825738 0.467132 0.316140
-1.013806 0.057305 -6.529788 77 101 65 0 0.858805 0.372922 0.351259
-0.967467 0.555801 -7.160280 116 124 111 0 0.788463 0.607743 0.094732
-1.106484 0.376062 -6.452556 88 120 75 0 0.996091 0.062461 -0.062461
-0.975892 0.187897 -6.772717 80 102 76 0 0.802219 0.500394 0.325653
-1.051720 0.112070 -6.496087 72 102 56 0 0.823263 0.436218 0.363251
-1.013806 0.279873 -6.786759 83 105 80 0 0.857279 0.390796 0.335188
-1.041188 0.512271 -6.875225 93 118 85 0 0.958613 0.015997 0.284261
-1.092442 0.484187 -6.624572 91 120 76 0 0.990946 0.086520 0.102671
-0.958339 0.022902 -6.637210 72 106 67 0 0.799726 0.482400 0.357392
-0.970977 0.129622 -6.719357 78 105 72 0 0.845369 0.331609 0.418792
-0.956935 0.063624 -6.708123 76 105 70 0 0.897548 0.277424 0.342700
-1.081910 0.508058 -6.718655 88 116 81 0 0.952358 0.103489 0.286886
-1.073485 0.527717 -6.757973 92 117 84 0 0.998603 0.047055 0.024050
-1.098761 0.298830 -6.451854 83 114 73 0 0.972600 0.230194 -0.032541
-0.973084 0.311468 -6.909628 82 110 75 0 0.773329 0.371263 0.513932
-1.081208 0.133133 -6.359878 78 109 68 0 0.989149 0.087587 -0.117950
-1.091038 0.199131 -6.377430 81 106 69 0 0.986241 0.001125 0.165311
-1.005381 0.171047 -6.680741 83 112 72 0 0.849628 0.388179 0.357000
-1.032061 0.409763 -6.854161 89 113 84 0 0.942282 0.244910 0.228306
-1.088229 0.330425 -6.350049 74 107 63 0 0.861462 0.362153 -0.355989
-0.977296 0.069943 -6.648444 84 106 77 0 0.890460 0.324756 0.318770
-0.940787 0.387296 -7.035305 82 107 77 0 0.850698 0.371694 0.371694
-0.933766 -0.004480 -6.656869 76 107 66 0 0.924238 0.269986 0.269986
-1.081910 0.109963 -6.384452 69 97 64 0 0.987765 0.134748 -0.078506
-1.091740 0.251789 -6.382345 79 108 66 0 0.994348 0.070466 -0.079414
-1.077698 0.370445 -6.650550 87 115 78 0 0.972909 0.181390 0.143336
-1.100867 0.380275 -6.531894 82 111 71 0 0.958152 0.094393 0.270248
-1.065762 0.402742 -6.729888 85 112 80 0 0.962680 0.213492 0.166341
-0.983615 0.047476 -6.602807 75 107 71 0 0.831167 0.490652 0.261578
-1.053124 0.437145 -6.805716 76 102 73 0 0.941465 0.165337 0.293781
-1.084719 0.323404 -6.573318 84 110 75 0 0.978789 0.079229 0.188932
-1.093144 0.262321 -6.471513 96 102 78 0 0.981440 0.180949 -0.063512
-1.010997 0.022902 -6.496087 78 107 69 0 0.895620 0.397568 0.199512
-0.956233 0.513675 -7.109728 94 120 89 0 0.855694 0.388389 0.341968
-0.911298 0.028519 -6.781844 84 111 71 0 0.890746 0.039198 0.452807
-1.096654 0.284086 -6.458875 83 112 73 0 0.983659 0.165732 0.070346
-0.984317 -0.013607 -6.532596 71 102 62 0 0.893999 0.299990 0.332824
-1.046103 0.469442 -6.846438 87 114 74 0 0.964052 0.133644 0.229660
-1.091038 0.499633 -6.550149 89 102 83 0 0.998341 0.055405 -0.015681
-1.095250 0.325510 -6.519959 80 108 69 0 0.973587 0.111518 0.199228
-0.962552 0.416082 -7.015646 87 115 75 0 0.869568 0.307176 0.386645
-0.912000 -0.033266 -6.664592 70 104 64 0 0.643790 0.579915 0.499232
-0.918319 0.109963 -6.790269 72 102 64 0 0.784632 0.356065 0.507514
-1.098761 0.423805 -6.550851 84 113 74 0 0.982462 -0.038828 0.182373
-1.085421 0.492612 -6.680039 98 127 85 0 0.991746 0.023427 0.126060
-1.055230 0.126112 -6.504512 75 104 59 0 0.857123 0.364239 0.364239
-1.008891 0.185791 -6.687060 83 112 68 0 0.813823 0.410909 0.410909
-1.048209 0.534738 -6.852757 80 107 69 0 0.846759 0.048664 0.529746
-1.027848 0.434337 -6.885756 83 112 77 0 0.933823 0.205805 0.292607
-1.036273 0.209663 -6.650550 85 111 75 0 0.888110 0.341118 0.308058
-1.041890 0.313575 -6.739016 93 113 85 0 0.912190 0.277876 0.301154
-0.933064 0.132431 -6.788163 74 106 67 0 0.908744 0.206598 0.362631
-1.032763 0.539653 -6.898394 96 113 88 0 0.985853 0.125472 0.111133
-0.979403 -0.002374 -6.560680 79 111 70 0 0.930432 0.278141 0.238608
-0.992041 0.007456 -6.532596 71 102 60 0 0.897169 0.348487 0.271375
-1.081208 0.423103 -6.671613 88 116 78 0 0.978211 -0.032014 0.205128
-1.101569 0.363424 -6.351453 82 111 71 0 0.886622 0.459070 -0.056185
-0.963254 -0.024139 -6.585254 81 110 75 0 0.896382 0.340417 0.283929
-1.064358 0.192110 -6.546638 78 107 66 0 0.942911 0.159193 0.292534
-1.091038 0.274959 -6.379537 77 108 67 0 0.982231 0.048578 -0.181280
-1.027848 0.290405 -6.760781 99 108 87 0 0.881140 0.349131 0.318903
-1.039082 0.055901 -6.458875 72 97 57 0 0.832753 0.474747 0.284848
-1.032763 0.039051 -6.432195 67 98 58 0 0.715147 0.698221 -0.032443
-1.061549 0.053795 -6.384452 26 35 24 0 0.702186 0.355185 0.617073
-1.094548 0.477868 -6.606318 93 121 79 0 0.990050 0.063391 0.125629
-1.020125 0.029221 -6.465896 72 103 65 0 0.823703 0.554500 0.118508
-1.076293 0.310766 -6.603509 82 113 75 0 0.967559 0.189895 0.166642
-0.972382 0.547376 -7.118154 111 127 112 0 0.891588 0.398057 0.215920
-1.022933 0.079071 -6.533298 72 102 63 0 0.819066 0.493319 0.292859
-0.967467 0.013775 -6.604913 77 109 65 0 0.810835 0.348866 0.469934
-1.104378 0.420295 -6.405515 73 106 62 0 0.863912 0.110317 -0.491413
-1.042592 0.120495 -6.530490 73 103 58 0 0.854221 0.379826 0.355021
-1.068570 0.129622 -6.470109 137 99 106 0 0.919133 0.254596 0.300624
-1.062953 0.206152 -6.564191 77 106 67 0 0.944718 0.175857 0.276736
-1.088931 0.328319 -6.558574 89 117 77 0 0.969426 0.181045 0.165637
-1.093144 0.259512 -6.406919 83 111 75 0 0.972086 0.125145 0.198462
-1.087527 0.182983 -6.421663 79 109 68 0 0.988395 0.071183 0.134198
-1.081910 0.461719 -6.694081 85 111 77 0 0.971046 0.165040 0.172716
-0.960446 -0.049415 -6.556468 78 112 68 0 0.896224 0.443506 0.009212
-0.947106 0.152792 -6.782547 77 107 70 0 0.736211 0.497977 0.458271
-0.956935 -0.060649 -6.577531 81 114 69 0 0.988261 0.023827 0.150906
-1.089633 0.354297 -6.580339 80 109 73 0 0.971348 0.206427 0.117777
-1.086123 0.192812 -6.442024 121 103 98 0 0.965622 0.103323 0.238535
-1.053826 0.322000 -6.708123 83 112 73 0 0.949438 0.205100 0.237699
-1.032061 0.090304 -6.522767 93 98 73 0 0.915001 0.259565 0.308867
-0.999764 0.451187 -6.974222 78 71 74 0 0.832144 0.221396 0.508448
-1.001168 0.094517 -6.614041 76 106 72 0 0.876966 0.363249 0.314613
-1.012402 0.262321 -6.769207 83 112 77 0 0.794827 0.443362 0.414342
-0.982913 0.223705 -6.797993 83 111 75 0 0.847982 0.450923 0.278557
-0.996253 0.379573 -6.927180 82 109 79 0 0.810385 0.429968 0.398000
-1.086825 0.211067 -6.455365 94 101 75 0 0.949691 0.221459 0.221459
-1.034869 0.549482 -6.953158 95 105 90 0 0.762304 0.595698 0.253054
-1.025742 0.130325 -6.583850 77 107 67 0 0.840818 0.358561 0.405534
-1.093846 0.369743 -6.560680 85 113 76 0 0.986514 0.093784 0.134147
-1.086123 0.538951 -6.659678 34 35 36 0 0.990388 -0.134386 -0.032749
-0.922532 -0.034671 -6.644933 73 107 59 0 0.756096 0.372357 0.538210
-1.040486 0.164728 -6.588063 83 96 71 0 0.807297 0.476098 0.348714
-1.092442 0.244066 -6.439918 81 112 72 0 0.996387 0.055536 -0.064248
-1.098059 0.296724 -6.427280 85 115 73 0 0.986537 0.158447 -0.040479
-0.954127 0.220896 -6.863991 92 119 81 0 0.836799 0.428604 0.340685
-1.072783 0.479974 -6.750249 89 118 80 0 0.976678 0.062031 0.205552
-0.916213 0.055199 -6.779036 75 106 63 0 0.830457 0.143080 0.538396
-0.984317 0.486293 -7.012136 88 113 77 0 0.821039 0.283063 0.495751
-1.044699 0.388700 -6.800099 87 116 77 0 0.919133 0.254596 0.300624
-0.940787 -0.069074 -6.620359 63 83 49 0 0.937873 -0.157914 0.308962
-0.894448 0.121899 -6.835205 65 96 62 0 0.649558 0.675737 0.348503
-0.983615 0.136644 -6.697591 78 106 72 0 0.861462 0.355989 0.362153
-0.947106 0.490505 -7.102005 92 92 89 0 0.833085 0.348038 0.429929
-0.956935 0.107155 -6.734101 82 110 73 0 0.846564 0.268872 0.459388
-1.042592 0.464528 -6.860480 89 115 82 0 0.944718 0.175857 0.276736
-1.084017 0.334638 -6.589467 97 114 85 0 0.972960 0.197613 0.119575
-0.938680 -0.020628 -6.630891 74 108 64 0 0.809129 0.355889 0.467603
-1.012402 0.406955 -6.910330 94 116 89 0 0.927198 0.301516 0.222244
-0.981509 0.352190 -6.933499 86 112 76 0 0.755073 0.404562 0.515940
-1.029954 0.491910 -6.908926 98 125 87 0 0.970638 0.110098 0.213869
-0.998359 0.286894 -6.830992 83 112 77 0 0.863160 0.364650 0.349264
-0.895852 0.109963 -6.816247 66 98 59 0 0.610116 0.442961 0.656920
-0.933766 0.049582 -6.746037 71 101 63 0 0.821182 0.395502 0.411385
-1.103675 0.372551 -6.416749 85 117 72 0 0.998603 -0.024050 -0.047055
-1.017316 0.225109 -6.713038 81 110 72 0 0.826594 0.428311 0.365092
-0.957637 0.341659 -6.962286 83 112 70 0 0.791242 0.245020 0.560268
-1.095952 0.510867 -6.615445 90 115 79 0 0.899586 0.214326 0.380538
-1.013806 0.020094 -6.432195 87 110 76 0 0.901722 0.356290 0.244858
-0.967467 0.464528 -7.033198 78 103 69 0 0.861253 0.308577 0.403761
-1.100165 0.310064 -6.469407 87 113 77 0 0.983931 0.038608 -0.174323
-0.959041 0.266533 -6.896288 82 108 75 0 0.832475 0.387014 0.396492
-1.047507 0.409763 -6.805716 83 110 78 0 0.931917 0.126894 0.339747
-0.972382 0.055199 -6.644933 79 108 74 0 0.855794 0.420958 0.300684
-0.992743 0.266533 -6.824673 86 111 82 0 0.814866 0.371553 0.444907
-1.003274 0.115580 -6.632296 82 112 74 0 0.881342 0.364328 0.300835
-1.062953 0.464528 -6.788163 84 112 78 0 0.975101 0.126751 0.181969
-1.092442 0.340255 -6.550149 84 111 72 0 0.966005 0.165118 0.198922
-1.062251 0.095219 -6.455365 87 91 63 0 0.880574 0.269441 0.389861
-0.953425 0.201237 -6.847842 89 109 81 0 0.816429 0.434474 0.380364
-1.103675 0.338850 -6.485555 82 111 74 0 0.994694 0.102601 0.007560
-0.928149 0.223705 -6.927883 86 111 76 0 0.886597 0.102570 0.451026
-1.060847 0.428720 -6.776929 87 114 83 0 0.967559 0.189895 0.166642
-0.959041 0.527717 -7.125877 83 105 84 0 0.837029 0.471893 0.276947
-1.036975 0.220194 -6.661082 92 95 72 0 0.845940 0.450034 0.286104
-0.990636 -0.023437 -6.506619 69 102 55 0 0.912383 0.260473 0.315769
-0.937276 0.358509 -7.014944 80 106 74 0 0.785663 0.429280 0.445479
-1.104378 0.345169 -6.470811 85 116 77 0 0.990082 0.110267 0.087053
-1.043996 0.154898 -6.568404 77 106 67 0 0.817659 0.458842 0.347704
-0.905681 0.140154 -6.852757 74 104 71 0 0.680829 0.690306 0.244846
-0.925340 -0.011501 -6.668103 74 106 65 0 0.887294 0.380269 0.260969
-1.001870 0.072752 -6.587360 73 100 68 0 0.870391 0.394801 0.294195
-1.137377 0.472251 -6.459577 29 33 29 0 0.894454 0.435329 0.102183
-1.057336 0.066433 -6.430089 78 100 69 0 0.760271 0.618395 0.198935
-0.988530 0.094517 -6.649848 76 105 64 0 0.870893 0.300466 0.388928
-1.027848 0.311468 -6.779036 119 110 106 0 0.958751 0.157367 0.236712
-1.082612 0.354999 -6.619658 84 112 77 0 0.960878 0.126466 0.246413
-0.998359 0.312872 -6.859076 107 101 104 0 0.885632 0.308242 0.347336
-1.088931 0.281278 -6.358474 81 109 70 0 0.996926 -0.031120 0.071899
-1.053124 0.160515 -6.550851 79 103 64 0 0.864797 0.317963 0.388621
-1.047507 0.302341 -6.710229 82 112 74 0 0.918283 0.323339 0.228493
-1.008891 0.070645 -6.564191 75 105 64 0 0.877383 0.380351 0.292461
-0.979403 0.458911 -7.012136 95 112 95 0 0.832825 0.204793 0.514258
-1.026444 0.377466 -6.844332 81 108 78 0 0.895125 0.277593 0.348846
-0.996955 0.074156 -6.601403 84 106 79 0 0.871526 0.380053 0.309842
-0.932361 0.201939 -6.901905 88 117 83 0 0.840599 0.482311 0.246514
-1.043996 0.304447 -6.727782 83 107 75 0 0.902739 0.167386 0.396289
-1.088229 0.466634 -6.645636 80 105 67 0 0.996811 0.007415 0.079448
-0.961148 0.204046 -6.828886 88 108 82 0 0.808064 0.436835 0.395231
-1.085421 0.380275 -6.621062 81 106 74 0 0.991012 0.063012 0.118005
-1.064358 0.411869 -6.747441 84 113 77 0 0.980201 0.118998 0.158255
-1.085421 0.255300 -6.502406 84 113 73 0 0.953852 0.237457 0.183794
-0.933766 0.367637 -7.038113 79 81 68 0 0.880902 0.451264 -0.142732
-1.067166 0.534738 -6.810631 85 111 78 0 0.872455 0.261585 0.412791
-1.032061 0.329021 -6.783248 81 109 77 0 0.885524 0.245565 0.394393
-1.104378 0.379573 -6.378133 83 111 68 0 0.991178 -0.111149 0.072190
-1.082612 0.181578 -6.450450 76 104 65 0 0.967893 0.206947 0.142677
-0.960446 0.043263 -6.665295 75 106 67 0 0.839363 0.457693 0.293234
-0.932361 0.260214 -6.939116 73 98 61 0 0.744836 0.316917 0.587182
-0.890937 0.124006 -6.859076 67 74 58 0 0.880149 0.420037 0.221150
-0.947808 0.477868 -7.094984 88 93 81 0 0.896137 0.301684 0.325463
-1.032061 0.472953 -6.896288 93 121 82 0 0.941345 0.119515 0.315572
-1.027146 0.445571 -6.895586 90 117 81 0 0.926494 0.237672 0.291753
-0.982211 0.367637 -6.944031 82 110 77 0 0.853687 0.339306 0.395082
-0.947106 0.065029 -6.728484 78 108 72 0 0.824870 0.292696 0.483652
-0.966765 0.256002 -6.871012 87 113 81 0 0.810368 0.452336 0.372418
-0.933766 0.029923 -6.731293 78 110 70 0 0.871417 0.410703 0.268245
-1.109995 0.405551 -6.501704 84 110 76 0 0.975451 0.151904 0.159437
-1.051720 0.464528 -6.823971 81 110 77 0 0.939695 0.229025 0.254009
-1.022231 0.451187 -6.914543 90 113 82 0 0.937249 0.143248 0.317874
-1.043996 0.439954 -6.835205 86 115 77 0 0.969574 0.063152 0.236512
-1.056634 0.193514 -6.576127 134 102 103 0 0.846972 0.372792 0.379032
-1.097357 0.213875 -6.345134 71 100 60 0 0.949391 0.087495 0.301663
-0.996955 0.176664 -6.708825 81 110 68 0 0.857181 0.406196 0.316616
-1.056634 0.101538 -6.472917 83 91 62 0 0.846875 0.324765 0.421107
-1.002572 0.022200 -6.520660 75 107 66 0 0.832623 0.435986 0.341549
-1.006785 0.387998 -6.908926 94 109 90 0 0.886135 0.364350 0.286382
-1.084017 0.300937 -6.558574 79 106 70 0 0.948682 0.253796 0.188651
-1.070677 0.303043 -6.625274 90 118 77 0 0.973886 0.134807 0.182682
-1.012402 0.515781 -6.982647 83 107 69 0 0.908837 0.261126 0.325314
-1.021529 0.343765 -6.825375 95 105 92 0 0.925371 0.220326 0.308457
-0.970977 0.102942 -6.703208 75 103 66 0 0.896605 0.181059 0.404124
-1.077698 0.121899 -6.350049 75 101 66 0 0.997202 0.039716 -0.063331
-1.086825 0.484889 -6.658273 83 110 69 0 0.997400 0.001044 0.072063
-0.916213 -0.001672 -6.766398 90 113 76 0 0.928458 0.104367 0.356474
-1.080506 0.149281 -6.349346 79 109 72 0 0.958627 0.008548 -0.284535
-1.097357 0.469442 -6.541021 80 112 72 0 0.986508 -0.127023 0.103281
-0.971679 0.175259 -6.762887 80 110 73 0 0.720987 0.538668 0.435907
-1.004678 0.235641 -6.756568 92 121 80 0 0.865532 0.373578 0.333607
-1.031358 0.362722 -6.814141 80 110 75 0 0.871409 0.277335 0.404637
-1.091038 0.223705 -6.402707 82 110 69 0 0.997940 0.063743 0.007315
-1.047507 0.211067 -6.623168 120 101 94 0 0.924902 0.275898 0.261603
-1.070677 0.117687 -6.451152 128 88 91 0 0.927156 0.260629 0.269174
-0.968871 0.215982 -6.823971 84 112 77 0 0.840431 0.427258 0.333355
-1.039082 0.091007 -6.504512 90 99 73 0 0.886973 0.301661 0.349686
-1.013104 0.536845 -7.000199 91 104 82 0 0.844502 0.351225 0.404299
-1.015912 0.358509 -6.855566 119 111 104 0 0.949438 0.205100 0.237699
-1.013806 0.368339 -6.875225 108 112 101 0 0.986936 0.062049 0.148684
-0.939382 -0.050819 -6.620359 72 102 59 0 0.832795 0.096368 0.545129
-1.047507 0.250385 -6.660380 89 106 80 0 0.901412 0.220605 0.372545
-1.006785 0.277065 -6.799397 82 101 76 0 0.887484 0.325861 0.325861
-1.003274 0.340957 -6.875225 88 106 83 0 0.848441 0.331593 0.412545
-0.959041 0.535440 -7.147642 93 115 93 0 0.951098 0.308766 0.008680
-0.979403 0.564227 -7.116749 64 72 62 0 0.791963 0.601658 0.103936
-1.040486 0.556504 -6.921564 60 73 58 0 0.980117 0.190279 -0.056246
-1.059443 0.223003 -6.592978 75 106 66 0 0.936607 0.213563 0.277772
-1.060145 0.386594 -6.740420 87 114 82 0 0.967559 0.166642 0.189895
-1.088229 0.437145 -6.634402 79 102 70 0 0.993934 0.007604 0.109713
-0.974488 0.289001 -6.883650 86 113 71 0 0.798030 0.380550 0.467257
-1.087527 0.171749 -6.404813 78 108 67 0 0.992023 0.071754 0.103644
-1.077698 0.157707 -6.457471 71 102 56 0 0.971192 0.197293 0.133650
-1.091740 0.399232 -6.596488 85 111 79 0 0.991178 0.072190 0.111149
-0.966063 -0.033968 -6.564893 78 111 69 0 0.932915 0.331123 0.141517
-1.105782 0.378870 -6.510831 89 112 78 0 0.985853 0.111133 0.125472
-1.069974 0.505250 -6.774823 89 117 82 0 0.983659 0.070346 0.165732
-1.088931 0.366233 -6.590871 81 107 73 0 0.979395 0.127210 0.156851
-1.081910 0.409061 -6.660380 88 115 81 0 0.987642 0.047472 0.149362
-1.100165 0.362722 -6.527681 78 107 71 0 0.969968 0.102168 0.220734
-0.912702 0.133133 -6.819758 74 104 68 0 0.642958 0.730563 0.229963
-1.133164 0.459613 -6.456067 74 93 65 0 0.832034 0.531371 0.159262
-1.014508 0.131027 -6.616849 82 111 72 0 0.857181 0.406196 0.316616
-0.991338 0.203344 -6.751654 84 98 74 0 0.893112 0.253271 0.371760
-0.995551 -0.005182 -6.507320 72 105 63 0 0.893999 0.332824 0.299990
-0.980105 0.259512 -6.848545 96 118 90 0 0.822106 0.451445 0.346900
-0.963254 0.238449 -6.862586 87 116 78 0 0.826594 0.365092 0.428311
-1.072783 0.436443 -6.724271 84 112 76 0 0.971708 0.174474 0.159192
-0.954127 0.357105 -6.983349 81 108 69 0 0.814451 0.364989 0.451056
-1.086123 0.312872 -6.352155 80 110 71 0 0.911029 0.030412 -0.411219
-1.027848 0.276363 -6.749547 82 110 80 0 0.856301 0.394858 0.332920
-1.065762 0.357807 -6.694783 82 110 74 0 0.956363 0.094728 0.276398
-0.940085 0.318489 -6.969307 76 103 72 0 0.821182 0.395502 0.411385
-1.025742 0.095219 -6.544532 85 94 70 0 0.879064 0.341605 0.332496
-1.029954 0.039051 -6.446237 68 101 59 0 0.673271 0.727252 0.133455
-0.971679 0.079071 -6.677932 78 108 68 0 0.871526 0.380053 0.309842
-0.974488 0.338850 -6.935606 88 104 79 0 0.768105 0.371873 0.521272
-0.966063 0.322000 -6.934904 88 80 81 0 0.784134 0.331934 0.524360
-0.946404 0.001137 -6.634402 72 102 63 0 0.767198 0.472751 0.433491
-1.123335 0.439252 -6.436408 87 115 79 0 0.869596 0.459158 -0.181596
-1.058741 0.115580 -6.484853 73 100 57 0 0.848384 0.396950 0.350250
-1.110697 0.411167 -6.427280 77 108 67 0 0.879286 0.285052 -0.381577
-1.041890 0.536142 -6.866799 82 102 71 0 0.944563 -0.039623 0.325932
-1.034869 0.522100 -6.894181 86 108 79 0 0.966970 -0.030562 0.253050
-1.013104 0.300937 -6.810631 84 112 78 0 0.894190 0.309011 0.323939
-0.965360 0.080475 -6.700400 79 110 68 0 0.840189 0.451931 0.299735
-1.070677 0.083986 -6.417451 78 92 56 0 0.815613 0.429354 0.387855
-1.086123 0.528419 -6.709527 92 118 83 0 0.948787 0.180527 0.259254
-1.079804 0.113474 -6.366197 70 100 63 0 0.982581 0.149391 -0.110525
-0.967467 0.179472 -6.779036 80 103 75 0 0.793348 0.509211 0.333621
-0.937978 0.213875 -6.896990 81 107 71 0 0.898811 0.198929 0.390598
-1.091740 0.520696 -6.628785 84 104 70 0 0.945636 -0.031733 0.323674
-1.091038 0.262321 -6.352155 78 107 66 0 0.970530 -0.236207 0.047731
-1.055230 0.313575 -6.696889 86 115 78 0 0.945909 0.258722 0.195753
-0.985019 0.572652 -7.106920 35 42 39 0 0.792017 0.531715 0.299982
-1.051720 0.549482 -6.845034 45 51 40 0 0.804548 -0.196939 0.560283
-1.116313 0.454698 -6.500299 94 116 89 0 0.901813 0.174034 0.395532
-0.951318 0.015881 -6.645636 69 102 63 0 0.822106 0.451445 0.346900
-0.992743 0.442762 -6.981243 92 94 85 0 0.869789 0.220067 0.441631
-1.029252 0.112772 -6.555766 77 108 65 0 0.861176 0.377438 0.340465
-0.923936 0.058710 -6.769207 74 105 62 0 0.802086 0.197084 0.563752
-0.988530 0.190706 -6.744633 83 110 74 0 0.790077 0.504816 0.347762
-1.079102 0.298128 -6.325475 22 26 20 0 0.880283 -0.205646 0.427566
-0.993445 0.419593 -6.967200 85 106 85 0 0.768105 0.371873 0.521272
-1.055932 0.286192 -6.665997 86 106 78 0 0.918283 0.228493 0.323339
-0.975190 0.494016 -7.031795 81 105 74 0 0.864565 0.181780 0.468491
-1.102271 0.350084 -6.508725 80 106 70 0 0.952164 0.142492 0.270335
-1.022231 0.194918 -6.668805 89 117 75 0 0.856104 0.373094 0.357613
-1.082612 0.276363 -6.538915 92 120 78 0 0.974778 0.165195 0.150063
-1.067166 0.492612 -6.781142 92 121 82 0 0.971846 0.101836 0.212473
-1.011700 0.338850 -6.851353 83 108 77 0 0.888302 0.317143 0.332174
-1.087527 0.083986 -6.386558 55 32 23 0 -0.778362 -0.204994 0.593405
-0.979403 0.444869 -7.006518 71 96 68 0 0.754283 0.260916 0.602478
-1.035571 0.388700 -6.824673 86 114 77 0 0.940279 0.174329 0.292379
-1.111399 0.479974 -6.508022 63 85 51 0 0.561864 -0.238131 0.792213
-1.009593 0.060114 -6.550149 79 100 62 0 0.872347 0.395970 0.286737
-0.961148 0.352893 -6.967200 83 110 72 0 0.774851 0.451860 0.442073
-0.970977 0.528419 -7.091474 87 106 83 0 0.895384 0.380795 0.230830
-1.038380 0.550887 -6.896288 97 124 95 0 0.906208 0.420212 0.046989
-0.963956 0.304447 -6.919457 87 109 73 0 0.824127 0.332487 0.458549
-0.921830 -0.048011 -6.640018 72 100 57 0 0.641746 0.261452 0.720974
-0.921830 0.310766 -6.991774 57 72 52 0 0.199163 0.912713 0.356775
-1.089633 0.312872 -6.538213 82 111 72 0 0.955786 0.268774 0.119309
-1.056634 0.498229 -6.823971 78 103 72 0 0.938812 0.055990 0.339848
-1.084719 0.514377 -6.706719 87 114 81 0 0.989272 0.056431 0.134744
-1.091740 0.246874 -6.419557 86 105 74 0 0.999179 -0.007159 0.039885
-1.106484 0.365530 -6.489066 87 114 82 0 0.992801 0.071319 0.096224
-1.087527 0.436443 -6.647040 86 114 77 0 0.978789 0.079229 0.188932
-1.078400 0.164728 -6.341623 70 99 61 0 0.969968 0.102168 -0.220734
-1.109995 0.391508 -6.473619 86 115 78 0 0.976783 0.214073 -0.008189
-1.085421 0.158409 -6.395685 79 108 68 0 0.991543 0.095142 0.088265
-1.018018 0.279873 -6.774823 83 110 79 0 0.879983 0.372823 0.294334
-0.952020 0.260214 -6.904713 86 109 77 0 0.865860 0.358340 0.349112
-1.109995 0.395019 -6.447641 85 116 72 0 0.968315 0.150455 -0.199321
-1.003274 0.210365 -6.730590 88 103 78 0 0.838683 0.412287 0.355852
-1.049613 0.062922 -6.440620 76 95 60 0 0.795483 0.500978 0.340921
-1.031358 0.053795 -6.477130 70 101 59 0 0.813708 0.460199 0.355101
-1.004678 0.534738 -7.012837 94 92 84 0 0.788144 0.299717 0.537587
-1.092442 0.455400 -6.609828 81 108 73 0 0.991012 0.063012 0.118005
-0.975892 0.126814 -6.708123 88 105 79 0 0.887294 0.260969 0.380269
-1.080506 0.325510 -6.339517 82 113 73 0 0.900074 0.047230 -0.433169
-0.954127 0.118389 -6.744633 82 105 73 0 0.805461 0.332034 0.490902
-0.987126 0.030625 -6.574723 77 109 68 0 0.879983 0.294334 0.372823
-1.095250 0.431529 -6.565595 82 108 72 0 0.984525 -0.055416 0.166249
-0.983615 -0.023437 -6.524873 68 102 58 0 0.858887 0.366768 0.357483
-0.940085 0.262321 -6.927180 80 106 70 0 0.824127 0.332487 0.458549
-1.081910 0.240555 -6.508725 84 114 72 0 0.975691 0.141896 0.167010
-1.095952 0.272852 -6.435706 86 117 76 0 0.993804 0.111142 0.001079
-0.973084 0.202642 -6.796588 88 111 81 0 0.782522 0.522217 0.339040
-0.940787 0.037646 -6.722165 76 108 70 0 0.912383 0.260473 0.315769
-1.003274 0.011668 -6.434301 54 40 15 0 0.492817 0.864915 0.095155
-1.015912 0.140154 -6.625274 85 104 74 0 0.863160 0.364650 0.349264
-1.051720 0.243364 -6.639317 79 106 69 0 0.904534 0.301511 0.301511
-1.046103 0.362722 -6.772015 82 110 75 0 0.932202 0.188677 0.308870
-0.947106 0.453996 -7.073219 86 112 78 0 0.868776 0.236391 0.435141
-1.103675 0.411869 -6.526277 82 108 71 0 0.969369 0.001186 0.245605
-1.060145 0.339552 -6.700400 86 114 75 0 0.952713 0.198089 0.230430
-0.999062 0.481378 -6.985456 80 108 66 0 0.863912 0.110317 0.491413
-1.079102 0.138048 -6.430089 97 92 74 0 0.977984 0.086905 0.189722
-0.940787 0.481378 -7.107622 70 73 63 0 0.900358 0.433406 -0.038913
-1.020125 0.039753 -6.489066 70 101 59 0 0.801573 0.461025 0.380707
-1.073485 0.531228 -6.772015 96 119 85 0 0.985764 0.166398 -0.024099
-0.957637 -0.019224 -6.597892 72 101 61 0 0.849263 0.229407 0.475526
-0.938680 0.420997 -7.066900 88 112 81 0 0.877161 0.164924 0.450986
-1.010295 0.329021 -6.843630 83 107 74 0 0.888302 0.332174 0.317143
-0.951318 -0.014309 -6.616147 72 105 64 0 0.822215 0.276152 0.497697
-1.112101 0.387296 -6.344431 18 26 15 0 0.979013 0.117284 0.166667
-0.981509 -0.048713 -6.517852 39 54 30 0 0.756904 0.285233 0.587995
-1.093846 0.506654 -6.559978 72 73 72 0 0.969191 0.030401 -0.244426
-1.043996 0.085390 -6.488364 70 96 58 0 0.833408 0.382832 0.398586
-0.928851 0.022902 -6.740420 81 113 71 0 0.935438 0.262259 0.237015
-1.017316 0.383785 -6.868906 84 112 83 0 0.904904 0.173524 0.388636
-1.077698 0.357807 -6.643529 83 110 72 0 0.969398 0.134106 0.205630
-1.024337 0.178068 -6.644933 89 118 74 0 0.881140 0.349131 0.318903
-1.015912 0.548078 -7.004412 108 114 97 0 0.825648 0.325541 0.460790
-1.040486 0.329723 -6.759377 76 106 69 0 0.857174 0.427820 0.286747
-1.104378 0.367637 -6.427982 86 116 76 0 0.991632 0.079101 -0.102029
-1.058741 0.316383 -6.683549 77 105 72 0 0.957305 0.252200 0.141285
-1.133164 0.465230 -6.468705 88 108 77 0 0.827501 0.452367 0.332576
-1.078400 0.531930 -6.734803 86 110 76 0 0.942411 -0.039748 0.332088
-1.062953 0.307958 -6.659678 73 98 66 0 0.908254 0.221631 0.354900
-1.097357 0.494718 -6.588765 91 121 81 0 0.985628 0.135001 -0.101550
-1.095952 0.356403 -6.334602 76 89 68 0 0.759955 0.625935 -0.175140
-0.963254 0.111368 -6.723569 83 109 78 0 0.867750 0.268987 0.417918
-0.914107 0.016583 -6.776227 79 106 67 0 0.922170 0.102463 0.372966
-1.072783 0.341659 -6.653358 85 114 76 0 0.958300 0.198040 0.206014
-0.989232 0.538951 -7.046539 96 121 81 0 0.830240 0.442690 0.338713
-1.001168 0.259512 -6.795184 80 109 76 0 0.866618 0.409702 0.284811
-1.063655 0.164728 -6.515746 90 103 77 0 0.930054 0.286496 0.230044
-1.077698 0.304447 -6.584552 94 106 81 0 0.959718 0.173411 0.221066
-0.879001 0.113474 -6.838013 80 87 70 0 0.657262 0.752966 0.032371
-1.090335 0.471549 -6.630891 84 107 69 0 0.988255 0.030847 0.149666
-0.913405 0.253895 -6.955967 81 92 71 0 0.816001 0.087788 0.571345
-1.012402 0.154196 -6.646338 79 107 69 0 0.839168 0.468265 0.276632
-1.084719 0.145771 -6.402004 75 103 64 0 0.987397 0.157575 0.014737
-1.028550 0.541057 -6.960179 91 117 83 0 0.915050 0.325255 0.238520
-1.012402 0.462421 -6.948946 93 119 79 0 0.914895 0.204742 0.347918
-1.010295 0.431529 -6.935606 78 103 74 0 0.897131 0.237173 0.372700
-1.050315 0.328319 -6.726378 85 113 78 0 0.909821 0.236524 0.341001
-1.091740 0.251087 -6.467300 93 101 79 0 0.987878 0.109764 0.109764
-1.109292 0.385892 -6.486257 82 113 71 0 0.997331 0.048310 0.054751
-1.015912 0.437847 -6.923670 82 108 78 0 0.893104 0.244382 0.377681
-1.002572 0.051689 -6.556468 77 108 66 0 0.885442 0.373054 0.277169
-1.036273 0.270044 -6.718655 106 105 92 0 0.926547 0.189808 0.324783
-1.091038 0.230024 -6.442727 75 104 64 0 0.980874 0.189041 0.046369
-0.945701 0.124006 -6.762185 75 104 68 0 0.839554 0.230077 0.492152
-1.002572 -0.002374 -6.482045 76 109 65 0 0.957661 0.268977 0.102653
-1.076995 0.394317 -6.675826 81 106 73 0 0.962429 0.072087 0.261791
-1.106484 0.399934 -6.515746 79 106 69 0 0.966109 0.048244 0.253588
-0.937276 0.443464 -7.083750 20 31 18 0 0.633434 0.370189 0.679502
-1.101569 0.324106 -6.439918 85 115 75 0 0.987397 0.157575 0.014737
-1.018721 0.498931 -6.953860 91 117 75 0 0.921935 0.188352 0.338468
-0.986424 0.390806 -6.954563 82 109 73 0 0.814866 0.444907 0.371553
-1.047507 0.072050 -6.460981 70 101 58 0 0.832144 0.508448 0.221396
-1.108590 0.442762 -6.515044 76 101 64 0 0.943254 0.008769 0.331955
-0.977998 0.102942 -6.684954 74 103 65 0 0.904338 0.286741 0.316151
-1.006083 0.408359 -6.930691 100 108 98 0 0.948787 0.180527 0.259254
-1.090335 0.198429 -6.389367 81 109 67 0 0.983189 0.182412 -0.008031
-1.095250 0.416082 -6.573318 82 107 72 0 0.987489 0.001118 0.157685
-1.081208 0.342361 -6.613338 76 101 67 0 0.961154 0.199087 0.191176
-0.930957 0.296022 -6.960882 76 104 65 0 0.672373 0.394833 0.626116
-1.076293 0.145069 -6.338113 41 53 34 0 0.991178 0.111149 -0.072190
-1.074187 0.190706 -6.501001 74 103 61 0 0.969872 0.198064 0.141839
-1.030656 0.388700 -6.842927 86 112 81 0 0.917933 0.189279 0.348672
-1.044699 0.493314 -6.862586 86 113 76 0 0.966993 0.071490 0.244570
-0.901469 0.139452 -6.877331 89 101 88 0 0.563024 0.823973 -0.063819
-0.949212 -0.058542 -6.599998 76 108 64 0 0.889513 0.064617 0.452318
-0.970977 0.360616 -6.958073 80 109 74 0 0.663018 0.388552 0.639871
-1.022231 0.168238 -6.637912 82 111 69 0 0.873595 0.381343 0.302340
-1.106484 0.364126 -6.465194 85 116 76 0 0.982959 0.182201 -0.024371
-1.058741 0.228620 -6.603509 87 117 74 0 0.939247 0.203943 0.276086
-1.040486 0.420997 -6.834502 85 114 79 0 0.955388 0.125189 0.267509
-1.085421 0.241960 -6.493278 80 111 68 0 0.941856 0.191121 0.276369
-1.043996 0.036944 -6.398494 42 58 38 0 0.862708 0.260182 0.433636
-1.018721 0.528419 -6.977030 88 115 79 0 0.908837 0.261126 0.325314
-1.032061 0.248981 -6.706017 79 108 73 0 0.854283 0.458359 0.245169
-1.081910 0.126814 -6.413940 71 94 61 0 0.969426 0.181045 0.165637
-1.060847 0.260916 -6.625977 85 114 73 0 0.924902 0.261603 0.275898
-1.107888 0.230726 -6.329687 61 81 51 0 0.420446 -0.426889 0.800619
-0.958339 0.541057 -7.182045 49 48 38 0 0.906377 0.418846 0.055218
-1.086123 0.453996 -6.663890 92 122 82 0 0.993965 0.054785 0.095036
-0.926745 0.003945 -6.701804 78 111 69 0 0.856218 0.498612 0.135192
-1.091740 0.495420 -6.628083 84 112 73 0 0.966149 -0.040615 0.254768
-1.095250 0.301639 -6.385154 85 114 78 0 0.934259 0.109515 -0.339362
-1.065060 0.185089 -6.534000 72 98 60 0 0.932576 0.285540 0.220836
-1.051018 0.505952 -6.844332 88 116 80 0 0.925318 0.070767 0.372531
-1.032061 0.110666 -6.544532 77 108 69 0 0.926507 0.213592 0.309779
-1.037678 0.257406 -6.699697 103 100 90 0 0.901707 0.317295 0.293682
-0.923234 0.199131 -6.927180 91 115 79 0 0.922858 0.181754 0.339556
-1.018721 0.369743 -6.859778 88 108 85 0 0.956627 0.190792 0.220144
-1.093144 0.246172 -6.354261 73 99 58 0 0.928658 -0.262293 0.262293
-1.100867 0.391508 -6.535405 78 107 69 0 0.981870 0.015070 0.188955
-1.103675 0.347276 -6.428684 83 112 71 0 0.981078 0.086102 -0.173417
-1.063655 0.544568 -6.824673 88 105 83 0 0.863929 0.262671 0.429687
-0.938680 0.371849 -7.028284 98 114 88 0 0.958613 0.284261 -0.015997
-1.031358 0.458209 -6.890671 85 111 75 0 0.893015 0.141454 0.427218
-1.032763 0.289703 -6.746739 133 114 115 0 0.915519 0.237891 0.324396
-1.063655 0.246172 -6.595786 84 115 73 0 0.949438 0.205100 0.237699
-0.971679 0.541057 -7.104814 105 125 105 0 0.880283 0.427566 0.205646
-1.095952 0.395721 -6.564893 86 115 74 0 0.996241 0.007458 0.086305
-1.055932 0.416082 -6.781844 83 103 78 0 0.932156 0.235507 0.274993
-1.082612 0.305851 -6.569106 83 109 74 0 0.946003 0.158344 0.282853
-1.096654 0.340255 -6.524873 85 115 74 0 0.961154 0.191176 0.199087
-1.093144 0.281980 -6.493278 77 105 68 0 0.957083 0.165930 0.237611
-1.025742 0.356403 -6.826077 88 113 84 0 0.858887 0.357483 0.366768
-1.073485 0.239151 -6.549447 80 110 70 0 0.949704 0.275374 0.149105
-1.088931 0.275661 -6.505916 73 102 63 0 0.961033 0.183242 0.206972
-1.002572 0.160515 -6.676528 84 114 74 0 0.862311 0.324327 0.388885
-0.968871 0.504548 -7.060581 101 117 97 0 0.918439 0.355205 0.174065
-1.074187 0.453294 -6.731995 82 109 72 0 0.979557 0.134643 0.149466
-0.964658 0.183685 -6.789567 79 104 74 0 0.782522 0.522217 0.339040
-1.084719 0.168238 -6.428684 85 100 72 0 0.982710 0.080393 0.166785
-1.077698 0.511569 -6.731995 86 113 78 0 0.979395 0.127210 0.156851
-0.944999 -0.066265 -6.609828 70 97 55 0 0.855542 -0.063010 0.513885
-0.933766 0.274959 -6.944733 64 90 50 0 0.674286 0.365854 0.641474
-1.059443 0.176664 -6.547340 129 102 103 0 0.927156 0.269174 0.260629
-1.080506 0.428018 -6.682145 84 111 77 0 0.959294 0.165396 0.228907
-1.107186 0.388700 -6.430791 82 111 70 0 0.943556 0.230035 -0.238299
-0.970977 0.559312 -7.149748 107 111 102 0 0.896605 0.404124 0.181059
-0.992743 0.161217 -6.699697 86 114 72 0 0.832475 0.387014 0.396492
-0.979403 0.537547 -7.072516 88 116 82 0 0.856870 0.444473 0.261185
-0.979403 0.244066 -6.827481 84 112 75 0 0.846875 0.421107 0.324765
-1.081208 0.482080 -6.709527 83 109 75 0 0.991734 0.118737 0.048626
-1.065060 0.272852 -6.620359 88 117 77 0 0.963807 0.149984 0.220411
-1.086123 0.508760 -6.661784 88 118 78 0 0.999217 0.001014 -0.039563
-1.103675 0.354999 -6.406217 83 114 70 0 0.996383 -0.031374 -0.078975
-0.959744 0.048880 -6.677932 76 105 71 0 0.893104 0.377681 0.244382
-1.088229 0.451187 -6.640018 82 105 71 0 0.986024 0.007924 0.166413
-1.064358 0.144367 -6.500299 158 103 117 0 0.961533 0.150854 0.229561
-0.980105 0.254598 -6.838013 86 114 79 0 0.870269 0.426839 0.245847
-0.968871 0.420997 -7.007221 82 111 74 0 0.838009 0.283467 0.466249
-0.925340 0.184387 -6.896288 93 121 83 0 0.871417 0.410703 0.268245
-1.064358 0.433635 -6.762185 82 109 76 0 0.970663 0.125945 0.204819
-0.935170 0.077667 -6.758675 77 107 70 0 0.844128 0.133129 0.519351
-1.007487 0.420295 -6.937010 111 125 111 0 0.934197 0.222695 0.278718
-1.095250 0.446273 -6.564893 92 117 83 0 0.987554 -0.102649 0.119167
-1.118420 0.431529 -6.427280 81 113 71 0 0.880902 0.451264 -0.142732
-0.977296 0.215280 -6.803609 82 111 78 0 0.839219 0.396864 0.371766
-1.124739 0.442060 -6.460981 81 111 72 0 0.905338 0.396530 0.152074
-0.919021 -0.029756 -6.654763 76 109 64 0 0.784369 0.449835 0.427099
-0.982211 0.115580 -6.686357 83 110 76 0 0.896763 0.292972 0.331639
-0.978700 0.226513 -6.810631 83 110 76 0 0.856104 0.357613 0.373094
-1.041188 0.525611 -6.871714 83 108 71 0 0.962957 -0.023307 0.268647
-0.989232 0.550185 -7.061985 93 118 84 0 0.877282 0.323849 0.354258
-0.997657 0.062220 -6.585254 72 103 65 0 0.846875 0.421107 0.324765
-1.084719 0.483484 -6.687060 94 123 83 0 0.992918 0.016494 0.117655
-0.977998 0.326915 -6.915946 81 107 79 0 0.737480 0.523000 0.427310
-0.992041 0.402742 -6.956669 77 103 77 0 0.771432 0.484388 0.412627
-0.962552 0.553695 -7.188364 138 135 127 0 0.870584 0.491481 0.023017
-0.974488 0.030625 -6.604211 75 108 69 0 0.900993 0.261008 0.346536
-0.925340 0.004647 -6.727080 87 118 83 0 0.923807 0.363757 0.119422
-0.941489 0.252491 -6.919457 77 105 70 0 0.821353 0.292558 0.489683
-0.940787 0.053795 -6.736207 75 107 68 0 0.860457 0.309395 0.404831
-0.940085 0.147877 -6.790269 74 104 70 0 0.715557 0.621872 0.318205
-1.100867 0.463123 -6.529086 59 85 42 0 0.906652 -0.295360 0.301238
-1.054528 0.199131 -6.585957 114 96 91 0 0.912818 0.341766 0.223518
-0.969573 0.341659 -6.946137 80 108 72 0 0.822079 0.386393 0.418195
-1.085421 0.298830 -6.547340 79 106 68 0 0.982754 0.158353 0.095495
-1.084719 0.160515 -6.419557 76 104 64 0 0.960793 0.214828 0.175289
-1.069974 0.460315 -6.753058 86 113 75 0 0.975843 0.039610 0.214853
-1.021529 0.494718 -6.941223 88 113 74 0 0.937666 0.056077 0.342985
-1.041890 0.106453 -6.512937 72 102 57 0 0.834186 0.470686 0.287382
-0.952723 0.364828 -6.991774 78 104 69 0 0.805029 0.379308 0.456130
-0.965360 0.031327 -6.630891 73 105 69 0 0.824810 0.506028 0.252240
-1.076995 0.093113 -6.361282 54 72 49 0 0.987489 0.157685 0.001118
-0.996253 0.323404 -6.873118 81 100 73 0 0.868331 0.353764 0.347639
-0.945701 0.157707 -6.793078 81 102 75 0 0.812061 0.499851 0.301172
-1.058741 0.244066 -6.617551 86 116 72 0 0.949627 0.229595 0.213293
-1.034869 0.542461 -6.919457 94 111 87 0 0.577120 0.813669 0.069824
-1.068570 0.168238 -6.505214 73 102 62 0 0.903588 0.333520 0.268873
-1.052422 0.456804 -6.815546 77 103 71 0 0.906621 0.213237 0.364099
-1.094548 0.267938 -6.425174 84 114 75 0 0.993652 0.101712 -0.048062
-1.025742 0.212471 -6.679337 88 95 74 0 0.881316 0.183302 0.435526
-0.904277 0.146473 -6.887160 32 43 29 0 0.673124 0.459328 0.579588
-1.069272 0.284788 -6.611934 81 109 68 0 0.943876 0.167528 0.284661
-0.930255 0.033434 -6.744633 80 109 73 0 0.926753 0.175256 0.332285
-1.068570 0.347978 -6.675124 80 99 71 0 0.922420 0.244549 0.298893
-0.933064 0.152792 -6.812035 78 104 71 0 0.808487 0.449871 0.379428
-0.996253 0.359211 -6.908926 83 109 74 0 0.888302 0.317143 0.332174
-1.091740 0.266533 -6.482045 77 101 67 0 0.981499 0.118562 0.150342
-1.029954 0.507356 -6.915946 88 114 78 0 0.959600 0.080499 0.269608
-1.053124 0.296724 -6.685656 81 110 74 0 0.958087 0.244477 0.149329
-1.093846 0.329723 -6.530490 86 117 75 0 0.990050 0.125629 0.063391
-1.002572 -0.001672 -6.469407 74 107 64 0 0.905894 0.419871 0.055353
-1.052422 0.182983 -6.577531 106 96 87 0 0.921583 0.253686 0.293817
-0.966063 0.225109 -6.841523 86 115 77 0 0.906652 0.301238 0.295360
-0.994147 0.000435 -6.517150 75 102 61 0 0.946193 0.268202 0.181070
-0.992041 0.382381 -6.937712 83 112 77 0 0.807486 0.339240 0.482580
-1.007487 0.102942 -6.604913 76 107 69 0 0.901707 0.317295 0.293682
-1.082612 0.296724 -6.343027 76 108 67 0 0.918036 -0.009038 -0.396395
-0.942893 0.167536 -6.813439 79 108 72 0 0.745638 0.529321 0.404775
-1.088931 0.296724 -6.523469 82 111 68 0 0.969271 0.181497 0.166050
-0.957637 0.536845 -7.171514 27 21 18 0 0.833415 0.498821 0.237899
-1.105080 0.359914 -6.503810 85 110 78 0 0.986180 0.086632 0.141222
-1.066464 0.256002 -6.590871 83 113 75 0 0.973135 0.150982 0.173819
-1.077698 0.242662 -6.532596 78 108 68 0 0.977451 0.175122 0.117990
-1.098059 0.402742 -6.387962 81 114 67 0 0.905994 -0.401568 -0.133856
-0.954829 0.142260 -6.762185 81 110 71 0 0.716040 0.365394 0.594789
-0.923936 0.043965 -6.764292 74 105 63 0 0.869704 0.165728 0.464918
-1.090335 0.345169 -6.560680 89 116 78 0 0.978343 0.150037 0.142597
-1.094548 0.074858 -6.385154 57 31 30 0 -0.206420 0.805804 0.555041
-1.029252 0.530526 -6.930691 92 118 83 0 0.909982 0.372850 0.181425
-0.925340 0.193514 -6.917351 93 119 86 0 0.945969 0.229284 0.229284
-0.927447 0.116282 -6.785355 74 108 64 0 0.700966 0.287123 0.652845
-0.989232 0.505952 -7.015646 87 113 75 0 0.841068 0.206870 0.499809
-0.905681 0.135941 -6.842226 73 104 67 0 0.724522 0.611568 0.317886
-1.034869 0.482782 -6.891373 87 114 78 0 0.971866 0.078196 0.222176
-1.095250 0.270044 -6.402004 87 117 77 0 0.990466 0.023556 -0.135726
-1.091038 0.189302 -6.356368 80 107 71 0 0.948558 0.316186 0.016247
-1.074889 0.253895 -6.555064 81 110 74 0 0.975691 0.141896 0.167010
-1.098059 0.425210 -6.395685 32 44 27 0 0.627038 0.492552 -0.603503
-1.068570 0.246172 -6.570510 89 101 78 0 0.926352 0.254711 0.277479
-1.080506 0.091709 -6.392877 81 88 61 0 0.981436 0.190219 0.024507
-1.064358 0.366935 -6.706017 80 108 72 0 0.954939 0.197435 0.221610
-0.941489 0.023604 -6.694081 77 111 70 0 0.818867 0.549404 0.166169
-0.950616 0.407657 -7.033901 83 110 74 0 0.837736 0.339792 0.427480
-0.957637 0.215280 -6.851353 88 115 79 0 0.874443 0.317841 0.366506
-1.056634 0.353595 -6.722165 82 108 71 0 0.947289 0.197636 0.252156
-1.053826 0.518590 -6.838715 83 109 78 0 0.927177 0.032510 0.373211
-0.916915 0.169643 -6.889969 81 108 77 0 0.871596 0.461433 0.165530
-1.037678 0.461719 -6.873820 86 112 80 0 0.932915 0.141517 0.331123
-1.043294 0.503846 -6.866097 81 106 70 0 0.960928 0.001209 0.276796
-1.015912 0.203344 -6.691975 83 107 75 0 0.824750 0.452587 0.339046
-1.081208 0.289703 -6.560680 80 107 73 0 0.933077 0.197247 0.300767
-1.001168 0.215280 -6.740420 85 113 79 0 0.837736 0.427480 0.339792
-1.093144 0.257406 -6.342325 75 105 60 0 0.973432 -0.228974 0.001174
-1.051720 0.274959 -6.668103 86 102 74 0 0.912190 0.301154 0.277876
-1.046805 0.383785 -6.790269 83 112 78 0 0.928807 0.236810 0.285023
-1.072783 0.390104 -6.690570 84 103 76 0 0.964052 0.229660 0.133644
-0.937276 0.336042 -6.991072 87 115 77 0 0.851881 0.428260 0.301483
-1.036975 0.506654 -6.889266 86 113 77 0 0.934313 0.149985 0.323363
-0.944999 0.206854 -6.875225 88 113 84 0 0.832196 0.127243 0.539684
-0.977296 0.018690 -6.585254 74 105 62 0 0.861176 0.340465 0.377438
-0.936574 0.108559 -6.766398 77 103 67 0 0.767752 0.191555 0.611443
-1.084719 0.147877 -6.413238 76 105 64 0 0.961669 0.253613 0.104277
-0.913405 -0.039585 -6.655465 76 104 65 0 0.713894 0.435625 0.548258
-0.958339 -0.050117 -6.542426 75 110 68 0 0.786712 0.602303 -0.135332
-0.981509 0.170345 -6.734803 78 107 71 0 0.751437 0.539535 0.379794
-1.053826 0.291107 -6.675826 89 112 82 0 0.921833 0.262357 0.285295
-1.124739 0.455400 -6.479236 83 109 76 0 0.898434 0.301458 0.319278
-1.033465 0.452592 -6.880841 88 116 82 0 0.928179 0.127505 0.349609
-1.101569 0.340255 -6.400600 87 113 74 0 0.990466 0.135726 0.023556
-1.083314 0.456804 -6.683549 77 105 65 0 0.988411 0.094972 0.118422
-1.062251 0.449783 -6.781844 81 105 77 0 0.974620 0.070055 0.212622
-0.902171 0.073454 -6.797291 66 97 54 0 0.622911 0.104063 0.775341
-1.049613 0.469442 -6.833800 87 116 78 0 0.944191 0.088230 0.317364
-1.054528 0.503143 -6.833800 82 108 77 0 0.941504 0.133729 0.309332
-1.090335 0.455400 -6.628785 79 106 69 0 0.988927 0.040014 0.142908
-1.071379 0.150686 -6.482747 75 102 61 0 0.898434 0.301458 0.319278
-0.907086 0.038349 -6.801503 45 49 49 0 0.643412 -0.492219 -0.586295
-0.955531 0.277065 -6.912436 86 113 75 0 0.845730 0.322405 0.425201
-1.007487 0.032732 -6.516448 72 103 61 0 0.889322 0.285480 0.357223
-1.039082 0.517186 -6.885054 81 105 70 0 0.953379 -0.175658 0.245384
-0.950616 0.466634 -7.073921 85 110 77 0 0.873595 0.302340 0.381343
-0.959744 0.405551 -7.013540 84 112 74 0 0.856301 0.332920 0.394858
-1.052422 0.387998 -6.773419 85 109 81 0 0.932576 0.285540 0.220836
-1.103675 0.383083 -6.366899 71 98 56 0 0.998513 0.001028 0.054502
-1.095952 0.461719 -6.557170 90 120 80 0 0.982628 -0.127535 0.134823
-1.025742 0.142962 -6.599998 80 107 69 0 0.861513 0.410025 0.299457
-1.087527 0.510867 -6.645636 91 119 77 0 0.996241 -0.007458 0.086305
-1.093846 0.388700 -6.574020 89 117 76 0 0.990082 0.087053 0.110267
-1.094548 0.304447 -6.508022 81 109 69 0 0.968315 0.150455 0.199321
-1.089633 0.247576 -6.478534 81 110 70 0 0.976723 0.135968 0.165906
-1.067166 0.453996 -6.764994 87 116 79 0 0.966514 0.143235 0.212917
-0.962552 0.199131 -6.819056 86 112 80 0 0.766112 0.593776 0.245971
-1.075591 0.211769 -6.512937 77 106 66 0 0.958178 0.213962 0.190041
-1.091038 0.235641 -6.393579 77 106 64 0 0.991178 -0.072190 0.111149
-1.036273 0.286192 -6.732697 146 121 122 0 0.943556 0.238299 0.230035
-1.045401 0.149984 -6.558574 78 106 68 0 0.861513 0.410025 0.299457
-0.964658 -0.029054 -6.574723 77 109 67 0 0.919133 0.254596 0.300624
-1.017316 0.353595 -6.845736 103 103 92 0 0.940218 0.197432 0.277509
-1.096654 0.320596 -6.510129 80 109 70 0 0.966005 0.165118 0.198922
-1.040486 0.044668 -6.426578 67 99 58 0 0.671452 0.711770 0.206243
-1.070677 0.279873 -6.602105 82 112 72 0 0.972571 0.188935 0.135678
-0.968169 0.301639 -6.908224 78 103 70 0 0.839219 0.396864 0.371766
-0.924638 0.135941 -6.804312 72 104 66 0 0.723227 0.565073 0.397034
-1.079804 0.380275 -6.644933 83 110 73 0 0.976942 0.150971 0.150971
-1.007487 0.225811 -6.736207 88 117 79 0 0.866618 0.409702 0.284811
-1.043294 0.101538 -6.503108 78 101 63 0 0.836494 0.419031 0.353116
-1.067166 0.134537 -6.479938 147 100 108 0 0.944718 0.175857 0.276736
-1.067868 0.210365 -6.547340 81 111 69 0 0.958087 0.149329 0.244477
-1.075591 0.185791 -6.491172 80 108 67 0 0.960021 0.181411 0.213191
-0.958339 0.058710 -6.698294 80 108 76 0 0.896763 0.292972 0.331639
-1.067166 0.517186 -6.793780 86 113 74 0 0.993122 0.087195 0.078136
-1.088931 0.192812 -6.416749 82 111 71 0 0.975451 0.174502 0.134329
-1.082612 0.223003 -6.492576 85 114 71 0 0.957295 0.196266 0.212287
-0.916915 0.204046 -6.937010 74 91 66 0 0.737304 0.405599 0.540252
-1.093144 0.408359 -6.589467 79 105 69 0 0.987489 0.001118 0.157685
-1.080506 0.208258 -6.486959 83 113 69 0 0.964715 0.141526 0.222027
-1.007487 0.472953 -6.967903 88 108 78 0 0.899586 0.214326 0.380538
-0.965360 0.529823 -7.112537 87 109 92 0 0.869568 0.386645 0.307176
-1.086825 0.502441 -6.674422 93 122 83 0 0.994231 0.031930 0.102396
-1.020125 0.135941 -6.608424 77 107 68 0 0.870391 0.394801 0.294195
-1.003976 0.240555 -6.766398 89 117 78 0 0.848441 0.331593 0.412545
-0.971679 0.552291 -7.127983 114 132 117 0 0.874206 0.436358 0.212967
-1.087527 0.202642 -6.437109 94 111 88 0 0.988411 0.094972 0.118422
-1.082612 0.491910 -6.704612 79 105 68 0 0.990082 0.087053 0.110267
-1.102271 0.392211 -6.378133 81 109 65 0 0.972909 -0.181390 0.143336
-1.085421 0.477165 -6.674422 92 120 78 0 0.997537 0.030940 0.062946
-0.969573 0.240555 -6.850651 81 108 70 0 0.820144 0.396536 0.412461
-0.921830 -0.000969 -6.741122 84 115 79 0 0.952479 0.294167 0.079049
-0.963956 0.544568 -7.142727 112 127 113 0 0.883951 0.393366 0.252771
-1.092442 0.359914 -6.565595 86 116 78 0 0.985398 0.079448 0.150596
-1.084017 0.472251 -6.689166 92 120 81 0 0.997202 0.039716 0.063331
-1.102271 0.329723 -6.424472 89 119 76 0 0.982959 0.182201 -0.024371
-0.895150 0.116985 -6.824673 70 101 61 0 0.515728 0.845910 0.135872
-1.066464 0.267938 -6.609828 82 113 74 0 0.929543 0.294802 0.221454
-1.072783 0.284788 -6.587360 78 105 70 0 0.960793 0.175289 0.214828
-0.940787 0.010264 -6.663890 74 108 67 0 0.792017 0.531715 0.299982
-1.103675 0.246874 -6.324070 76 84 65 0 0.666071 -0.301587 0.682199
-0.999764 0.163324 -6.687762 83 112 72 0 0.824127 0.458549 0.332487
-0.966063 -0.038181 -6.554361 78 109 67 0 0.837081 0.528140 0.142701
-1.090335 0.203344 -6.399196 84 113 73 0 0.997940 -0.007315 0.063743
-1.088931 0.188599 -6.394281 79 109 65 0 0.992275 0.087721 0.087721
-1.068570 0.404146 -6.719357 81 108 75 0 0.932915 0.141517 0.331123
-0.956935 -0.065563 -6.567702 81 114 70 0 0.984525 0.166249 -0.055416
-0.994147 0.090304 -6.628083 74 104 66 0 0.896382 0.340417 0.283929
-1.071379 0.530526 -6.791674 95 120 90 0 0.922170 0.372966 0.102463
-1.051018 0.280575 -6.677932 81 109 72 0 0.960021 0.181411 0.213191
-1.087527 0.179472 -6.332496 73 80 63 0 -0.427733 -0.647425 0.630782
-1.040486 0.076262 -6.483449 66 97 54 0 0.813615 0.426788 0.394819
-1.055932 0.140856 -6.522065 78 103 61 0 0.840189 0.451931 0.299735
-0.930957 0.189302 -6.882947 88 116 76 0 0.825772 0.507811 0.245416
-1.101569 0.519994 -6.583148 39 40 40 0 0.916146 0.183229 -0.356516
-1.000466 0.497527 -6.992476 86 113 70 0 0.768164 0.221914 0.600565
-1.083314 0.257406 -6.512937 84 114 74 0 0.964280 0.157886 0.212690
-0.909192 0.058008 -6.789567 67 98 52 0 0.777427 0.064428 0.625664
-1.020125 0.482080 -6.940520 93 120 81 0 0.933483 0.135307 0.332118
-1.083314 0.369743 -6.625977 86 112 77 0 0.940279 0.174329 0.292379
-1.105782 0.371849 -6.501704 83 110 76 0 0.990793 0.095734 0.095734
-0.996253 -0.030458 -6.485555 54 64 42 0 0.942440 -0.031882 0.332851
-1.097357 0.505952 -6.605616 90 117 81 0 0.919133 0.300624 0.254596
-1.024337 0.235641 -6.708825 85 115 74 0 0.892662 0.330449 0.306525
-1.067166 0.251087 -6.581042 83 107 73 0 0.983674 0.119783 0.134302
-0.953425 0.284086 -6.920861 87 113 72 0 0.799433 0.435908 0.413389
-1.069272 0.475059 -6.764994 88 114 83 0 0.978083 0.102372 0.181309
-1.027848 0.164026 -6.618253 82 110 75 0 0.871526 0.380053 0.309842
-0.999062 0.105751 -6.630189 78 107 66 0 0.869568 0.386645 0.307176
-0.930957 -0.065563 -6.632998 63 87 49 0 0.725571 -0.117219 0.678090
-1.105080 0.358509 -6.445535 88 115 79 0 0.993350 -0.064123 -0.095623
-0.930957 0.318489 -6.992476 88 108 79 0 0.800802 0.522812 0.292206
-1.084017 0.128218 -6.403409 72 101 62 0 0.994694 0.007560 0.102601
-1.096654 0.284788 -6.414642 83 111 74 0 0.990050 0.125629 0.063391
-1.027848 0.124708 -6.574723 78 109 62 0 0.872258 0.365096 0.325378
-1.071379 0.485591 -6.759377 81 108 72 0 0.986508 0.103281 0.127023
-1.019423 0.348680 -6.835907 103 104 93 0 0.938156 0.215428 0.271023
-1.072081 0.525611 -6.781142 92 119 83 0 0.987326 0.071444 0.141716
-0.963956 0.391508 -6.996689 82 110 74 0 0.776891 0.421834 0.467437
-0.982913 0.298830 -6.877331 88 114 76 0 0.783873 0.465780 0.410600
-0.996955 0.121899 -6.656869 81 109 72 0 0.888302 0.332174 0.317143
-0.947808 0.282682 -6.929989 80 106 68 0 0.808395 0.411401 0.421006
-0.934468 0.008860 -6.684251 74 106 73 0 0.832479 0.523487 0.181495
-0.932361 -0.000267 -6.666699 75 110 69 0 0.824259 0.411336 0.389101
-1.093144 0.434337 -6.611232 87 112 81 0 0.994231 0.102396 -0.031930
-0.989934 0.186493 -6.734803 83 109 73 0 0.831807 0.444993 0.331779
-1.102271 0.401338 -6.531192 78 106 69 0 0.977512 0.046892 0.205602
-1.017316 0.262321 -6.757270 83 110 75 0 0.863954 0.371146 0.340345
-0.984317 0.218088 -6.787461 79 106 71 0 0.782358 0.403327 0.474598
-1.015912 0.126112 -6.607019 82 112 72 0 0.816015 0.473764 0.331160
-1.097357 0.418188 -6.559978 85 113 73 0 0.983931 -0.038608 0.174323
-1.093846 0.350084 -6.545936 85 115 71 0 0.981499 0.150342 0.118562
-0.987126 -0.001672 -6.536809 71 102 60 0 0.876883 0.386192 0.286237
-1.053826 0.218790 -6.607722 89 110 78 0 0.924238 0.269986 0.269986
-1.025040 0.043263 -6.478534 71 100 60 0 0.862708 0.433636 0.260182
-1.096654 0.289703 -6.398494 84 111 75 0 0.997490 0.007358 -0.070423
-1.079102 0.549482 -6.760079 30 29 34 0 0.997400 0.001044 -0.072063
-1.048911 0.524207 -6.850651 77 104 69 0 0.917923 -0.038302 0.394905
-0.952723 0.237045 -6.883650 84 114 77 0 0.849835 0.372680 0.372680
-0.940085 0.129622 -6.772015 76 105 66 0 0.785663 0.429280 0.445479
-1.105080 0.343063 -6.440620 87 115 79 0 0.982947 0.181161 -0.031557
-1.037678 0.491910 -6.885054 88 114 77 0 0.944563 0.039623 0.325932
-1.001168 0.279873 -6.816247 84 108 79 0 0.862751 0.333720 0.379857
-1.073485 0.202642 -6.519959 80 108 69 0 0.963274 0.125757 0.237253
-1.093144 0.194918 -6.341623 73 101 63 0 0.883942 0.458081 0.093858
-1.006785 0.088900 -6.589467 81 97 70 0 0.924238 0.269986 0.269986
-1.076995 0.331829 -6.627381 88 118 77 0 0.949704 0.149105 0.275374
-1.072783 0.175962 -6.495385 75 105 65 0 0.933019 0.277232 0.229385
-1.084719 0.336042 -6.341623 73 102 64 0 0.468877 0.413715 -0.780381
-1.088229 0.279873 -6.515746 81 110 70 0 0.952900 0.222388 0.206215
-1.128249 0.446975 -6.442727 87 112 78 0 0.915337 0.402332 0.016927
-1.090335 0.350084 -6.570510 86 114 79 0 0.979557 0.149466 0.134643
-1.105782 0.404848 -6.413238 83 115 71 0 0.966970 0.030562 -0.253050
-0.924638 0.159813 -6.845736 82 110 73 0 0.825411 0.500202 0.261716
-0.961850 -0.044500 -6.566298 81 113 70 0 0.875645 0.481944 0.031225
-1.062251 0.235641 -6.594382 80 111 68 0 0.939247 0.203943 0.276086
-1.072783 0.161217 -6.484151 69 99 55 0 0.957295 0.196266 0.212287
-0.921128 -0.012203 -6.677932 72 107 65 0 0.690306 0.680829 0.244846
-1.091740 0.227917 -6.412536 74 103 66 0 0.982628 0.134823 0.127535
-1.091740 0.193514 -6.366197 82 110 73 0 0.983993 0.175423 0.031367
-0.925340 -0.015714 -6.658273 72 105 63 0 0.832994 0.414135 0.366895
-0.923936 0.179472 -6.886458 87 116 79 0 0.782522 0.522217 0.339040
-0.988530 0.058710 -6.607722 77 104 70 0 0.849441 0.420838 0.318346
-1.005381 0.134537 -6.645636 84 101 71 0 0.893104 0.244382 0.377681
-1.035571 0.183685 -6.622466 81 111 70 0 0.870893 0.388928 0.300466
-1.089633 0.203344 -6.418153 82 111 73 0 0.997737 0.054422 0.039483
-0.977998 0.405551 -6.984753 84 109 75 0 0.838009 0.283467 0.466249
-0.989934 0.211067 -6.766398 88 113 83 0 0.880574 0.389861 0.269441
-0.917617 0.148579 -6.838013 76 105 72 0 0.593405 0.778362 0.204994
-0.994849 0.291107 -6.845034 84 112 78 0 0.861010 0.285984 0.420565
-0.999764 0.554397 -7.043028 68 68 58 0 0.854221 0.355021 0.379826
-1.018018 0.334638 -6.829587 97 107 87 0 0.891366 0.269344 0.364582
-1.019423 0.109963 -6.580339 75 106 64 0 0.878982 0.347646 0.326392
-0.949212 0.435741 -7.054262 90 116 77 0 0.913331 0.271531 0.303476
-0.938680 0.310064 -6.962988 81 109 73 0 0.776109 0.405138 0.483237
-1.092442 0.484187 -6.552255 89 119 80 0 0.989885 -0.133892 0.046919
-1.092442 0.304447 -6.375324 80 110 70 0 0.994858 0.038560 -0.093647
-1.072783 0.258810 -6.565595 80 106 70 0 0.940279 0.174329 0.292379
-0.931659 -0.040287 -6.632296 71 104 60 0 0.733949 0.182338 0.654272
-1.105080 0.345871 -6.460279 89 119 82 0 0.969369 0.245605 0.001186
-0.974488 -0.030458 -6.538915 76 106 67 0 0.857174 0.427820 0.286747
-1.109292 0.467336 -6.511533 66 93 56 0 0.807678 -0.046515 0.587786
-0.988530 0.423103 -6.977732 76 101 70 0 0.754858 0.334595 0.564123
-0.987828 0.296022 -6.866097 89 108 78 0 0.835162 0.333751 0.437167
-0.987828 0.519292 -7.028284 90 116 79 0 0.816429 0.434474 0.380364
-1.087527 0.183685 -6.411132 78 109 66 0 0.969301 0.230067 0.086747
-1.028550 0.408359 -6.863991 80 109 74 0 0.954905 0.141713 0.260910
-1.017316 0.121197 -6.597190 82 112 69 0 0.860216 0.421674 0.286739
-1.036975 0.178068 -6.611934 79 108 69 0 0.846313 0.403674 0.347565
-1.027146 0.336744 -6.804312 86 109 82 0 0.881641 0.230446 0.411829
-1.036975 0.315681 -6.755867 81 111 75 0 0.918283 0.228493 0.323339
-0.932361 0.164728 -6.832396 78 108 70 0 0.644483 0.563712 0.516596
-1.038380 0.146473 -6.571914 74 102 61 0 0.879286 0.381577 0.285052
-0.992743 0.516483 -7.017752 88 114 78 0 0.777413 0.349273 0.523104
-1.044699 0.474357 -6.855566 85 112 75 0 0.971846 0.101836 0.212473
-1.044699 0.338148 -6.752356 82 112 74 0 0.943879 0.269875 0.190420
-1.009593 0.045370 -6.525575 76 107 68 0 0.881119 0.445640 0.158224
-0.965360 -0.012203 -6.588765 73 101 63 0 0.877802 0.260480 0.402012
-0.955531 -0.055734 -6.586658 79 111 67 0 0.959953 0.159334 0.230441
-0.943595 0.408359 -7.060581 90 91 87 0 0.979611 -0.142062 0.142062
-0.893746 0.125410 -6.845034 75 105 73 0 0.740648 0.652800 0.159035
-0.965360 0.260916 -6.880139 83 104 75 0 0.842645 0.293296 0.451583
-1.032061 0.220194 -6.673018 86 101 75 0 0.831397 0.354961 0.427530
-0.983615 0.311468 -6.886458 85 112 70 0 0.810385 0.398000 0.429968
-1.095250 0.344467 -6.355665 75 106 67 0 0.902312 0.285018 -0.323415
-0.972382 0.272852 -6.875926 80 108 75 0 0.833408 0.398586 0.382832
-0.983615 0.181578 -6.745335 78 108 70 0 0.731295 0.523297 0.437456
-0.978700 0.053093 -6.625274 75 106 69 0 0.854009 0.435468 0.284670
-0.973786 0.115580 -6.703910 87 111 81 0 0.880283 0.205646 0.427566
-0.923936 0.179472 -6.924372 61 61 56 0 0.998805 0.007200 -0.048346
-1.074187 0.107857 -6.431493 98 83 67 0 0.967949 0.118916 0.221209
-1.020827 0.070645 -6.527681 77 101 66 0 0.856870 0.444473 0.261185
-1.093846 0.479974 -6.523469 59 84 40 0 0.674011 -0.664267 0.323201
-1.105782 0.388700 -6.358474 82 107 69 0 0.924618 0.032603 0.379498
-1.000466 -0.010799 -6.476428 73 106 61 0 0.970293 0.235484 -0.055481
-1.077698 0.270746 -6.559978 77 104 68 0 0.958751 0.236712 0.157367
-0.957637 0.300235 -6.926478 91 106 76 0 0.815945 0.413561 0.403981
-0.993445 0.104347 -6.645636 75 101 63 0 0.902627 0.308755 0.299891
-0.966063 0.534738 -7.123068 101 115 95 0 0.959404 0.262833 0.102285
-1.042592 0.237045 -6.663188 112 103 92 0 0.937353 0.261230 0.230497
-1.075591 0.368339 -6.660380 84 111 73 0 0.976608 0.079648 0.199733
-1.100867 0.355701 -6.518554 80 109 74 0 0.971607 0.141348 0.189737
-1.084719 0.512271 -6.694783 93 121 84 0 0.971535 0.228379 -0.062958
-0.992743 0.365530 -6.918053 87 113 78 0 0.841495 0.270205 0.467841
-1.060847 0.076964 -6.435003 67 97 54 0 0.815843 0.467328 0.340595
-1.007487 0.167536 -6.670911 83 111 72 0 0.808313 0.404957 0.427365
-0.875491 0.094517 -6.817652 63 68 57 0 0.621439 0.510287 0.594493
-0.930255 0.352893 -7.019858 81 98 72 0 0.942774 0.307982 0.127765
-1.018018 0.048178 -6.506619 76 108 64 0 0.848851 0.445223 0.285005
-0.933064 -0.022033 -6.639317 72 107 63 0 0.736062 0.325161 0.593703
-0.989934 0.244768 -6.795184 81 107 69 0 0.823342 -0.499608 0.269259
-1.087527 0.201237 -6.447641 117 102 91 0 0.988525 0.102019 0.111400
-0.959041 0.031327 -6.648444 71 104 63 0 0.834271 0.500563 0.231147
-0.974488 0.355701 -6.949648 80 108 73 0 0.798030 0.380550 0.467257
-0.945701 0.043965 -6.715846 77 105 72 0 0.826891 0.422141 0.371548
-0.992041 0.338850 -6.899096 85 107 81 0 0.842290 0.381148 0.381148
-1.102973 0.477165 -6.513639 59 88 45 0 0.650620 -0.380489 0.657208
-1.065060 0.236343 -6.575425 95 102 80 0 0.943200 0.182069 0.277895
-0.968169 0.332531 -6.940520 80 89 73 0 0.755820 0.437753 0.486938
-1.086825 0.519292 -6.663890 97 124 87 0 0.996719 0.070344 -0.040042
-1.015210 0.556504 -7.010029 34 32 33 0 0.824127 0.332487 0.458549
-1.043996 0.408359 -6.815546 81 110 74 0 0.938551 0.244051 0.244051
-1.010997 0.093113 -6.581042 80 103 69 0 0.894190 0.323939 0.309011
-1.051720 0.312170 -6.706719 86 113 74 0 0.927156 0.269174 0.260629
-0.947106 0.258810 -6.913840 81 104 69 0 0.854772 0.196104 0.480529
-1.046103 0.266533 -6.680741 84 110 78 0 0.919133 0.254596 0.300624
-1.088229 0.500335 -6.644231 93 123 77 0 0.987554 -0.119167 0.102649
-1.056634 0.086794 -6.456067 71 100 55 0 0.818899 0.443636 0.364132
-0.992743 0.390806 -6.943329 80 107 70 0 0.828985 0.371069 0.418440
-1.024337 0.519994 -6.947542 92 118 85 0 0.949567 0.174245 0.260692
-1.043996 0.517186 -6.866799 83 110 74 0 0.969670 -0.015620 0.243919
-1.077698 0.404848 -6.683549 91 115 87 0 0.938106 0.198152 0.284065
-1.099463 0.310064 -6.402004 88 112 77 0 0.993097 0.110592 -0.039098
-0.953425 -0.020628 -6.607019 74 103 62 0 0.822291 0.316024 0.473250
-1.116313 0.424507 -6.484151 81 109 73 0 0.960878 0.142886 0.237270
-0.977998 0.061518 -6.639317 81 105 75 0 0.848795 0.381569 0.365994
-1.011700 0.347276 -6.856970 95 105 87 0 0.921197 0.302290 0.244984
-0.942191 0.336744 -6.981945 82 110 74 0 0.747738 0.435495 0.501231
-1.049613 0.265129 -6.665997 86 107 77 0 0.934197 0.222695 0.278718
-0.997657 0.017987 -6.528384 73 106 65 0 0.858664 0.445289 0.253800
-0.937978 -0.041692 -6.624572 71 103 59 0 0.799496 0.183565 0.571935
-0.949212 0.248279 -6.900500 82 110 73 0 0.896382 0.283929 0.340417
-1.003274 0.545270 -7.026880 158 149 152 0 0.732638 0.484566 0.477951
-1.098761 0.439954 -6.545936 81 110 70 0 0.974011 -0.095784 0.205251
-1.079102 0.266533 -6.549447 83 113 72 0 0.957295 0.212287 0.196266
-0.961148 0.286894 -6.908224 83 110 72 0 0.833415 0.237899 0.498821
-1.067868 0.231428 -6.565595 79 104 69 0 0.940116 0.220795 0.259677
-0.999062 0.190706 -6.715144 80 106 70 0 0.815613 0.387855 0.429354
-0.907788 -0.024841 -6.679337 68 103 61 0 0.460525 0.883256 0.088186
-1.001870 0.383785 -6.916649 81 105 76 0 0.906660 0.298301 0.298301
-0.967467 0.048880 -6.654061 76 107 71 0 0.856168 0.466589 0.221970
-0.912702 0.013775 -6.790269 23 29 39 0 0.540410 -0.769480 -0.340378
-1.008891 0.520696 -6.993178 82 102 70 0 0.827421 0.397099 0.397099
-1.049613 0.084688 -6.474321 71 101 57 0 0.820768 0.427054 0.379427
-0.940787 0.436443 -7.074623 81 100 73 0 0.870522 0.254971 0.420928
-1.056634 0.430826 -6.793078 85 108 82 0 0.919229 0.126169 0.372960
-1.008891 0.010966 -6.457471 75 107 65 0 0.847295 0.531080 0.006757
-1.084719 0.496824 -6.689166 92 121 82 0 0.994231 0.102396 0.031930
-1.006785 0.013775 -6.496789 77 106 70 0 0.908257 0.411106 0.077851
-0.963254 0.004647 -6.604913 74 107 65 0 0.806815 0.277294 0.521688
-1.018018 0.151388 -6.628785 85 109 76 0 0.885953 0.323395 0.332420
-1.008891 0.252491 -6.764994 88 118 80 0 0.817280 0.452281 0.357064
-1.093846 0.439954 -6.590169 88 116 77 0 0.998346 0.047340 -0.032612
-1.095250 0.279873 -6.404110 84 108 74 0 0.975101 0.181969 -0.126751
-1.102973 0.410465 -6.404110 80 113 70 0 0.925729 0.001273 -0.378186
-1.069974 0.324106 -6.649848 84 112 75 0 0.957569 0.173983 0.229763
-1.084719 0.397827 -6.637912 84 112 76 0 0.976942 0.150971 0.150971
-1.034167 0.437847 -6.869607 88 116 83 0 0.936039 0.205064 0.285973
-1.074187 0.171047 -6.485555 76 105 64 0 0.963156 0.182148 0.197873
-1.084719 0.452592 -6.673720 86 114 76 0 0.978130 0.039412 0.204225
-1.039082 0.437847 -6.850651 91 119 84 0 0.941465 0.165337 0.293781
-1.095952 0.484889 -6.593679 94 123 83 0 0.991782 0.127937 0.001093
-1.065762 0.443464 -6.763589 87 115 80 0 0.955403 0.166563 0.243848
-1.095250 0.501037 -6.569106 87 114 76 0 0.980201 0.118998 -0.158255
-1.074889 0.300937 -6.602105 80 110 71 0 0.954752 0.158460 0.251671
-1.086825 0.373254 -6.605616 92 107 80 0 0.964052 0.133644 0.229660
-1.010997 0.121899 -6.614743 82 110 72 0 0.906986 0.347945 0.237301
-1.060145 0.110666 -6.475023 70 98 53 0 0.832475 0.396492 0.387014
-0.952723 0.173153 -6.801503 79 110 72 0 0.729219 0.514256 0.451421
-1.091038 0.251789 -6.369005 80 108 70 0 0.993804 -0.111142 0.001079
-1.076293 0.466634 -6.728484 83 112 73 0 0.979013 0.117284 0.166667
-1.067868 0.482782 -6.773419 85 111 78 0 0.965941 0.119300 0.229619
-1.033465 0.084688 -6.512937 78 104 64 0 0.784134 0.524360 0.331934
-1.001870 0.346574 -6.884352 83 110 79 0 0.872258 0.365096 0.325378
-1.082612 0.133835 -6.369708 73 104 64 0 0.992660 0.023291 -0.118676
-1.077698 0.461719 -6.718655 82 111 76 0 0.972960 0.119575 0.197613
-0.995551 0.538249 -7.031795 81 83 74 0 0.800619 0.420446 0.426889
-0.982211 0.559312 -7.100601 106 121 103 0 0.926494 0.291753 0.237672
-1.070677 0.470144 -6.754462 89 117 80 0 0.970234 0.149562 0.190467
-1.083314 0.531930 -6.722867 88 110 77 0 0.917923 0.038302 0.394905
-1.000466 -0.010799 -6.455365 83 92 76 0 0.451981 -0.578736 0.678806
-1.093144 0.253895 -6.441322 81 112 72 0 0.990726 0.134846 0.016716
-1.060145 0.060816 -6.408323 66 94 56 0 0.727252 0.673271 0.133455
-1.104378 0.357807 -6.426578 90 120 80 0 0.993350 0.064123 -0.095623
-1.081910 0.108559 -6.394281 78 96 68 0 0.988525 0.111400 0.102019
-1.006785 0.116985 -6.623168 75 105 64 0 0.873926 0.387567 0.293335
-1.104378 0.382381 -6.417451 83 114 73 0 0.989311 0.110962 -0.094609
-1.105782 0.368339 -6.446237 83 114 71 0 0.999889 0.014894 0.000993
-1.007487 0.210365 -6.718655 85 101 76 0 0.858558 0.382097 0.341876
-1.043996 0.430826 -6.829587 81 109 74 0 0.928212 0.151233 0.339928
-1.130356 0.451187 -6.432195 89 107 86 0 0.924911 0.371844 0.079201
-0.942191 -0.072584 -6.630189 62 65 53 0 0.260624 -0.964681 -0.038291
-0.991338 0.036944 -6.568404 75 105 66 0 0.887468 0.355888 0.292820
-1.079102 0.503143 -6.727080 81 106 72 0 0.960928 0.001209 0.276796
-0.955531 0.429422 -7.036709 80 106 69 0 0.838009 0.283467 0.466249
-1.095952 0.451890 -6.555766 84 112 72 0 0.955461 0.038922 0.292539
-1.067868 0.296022 -6.631593 91 120 78 0 0.951891 0.220709 0.212584
-1.071379 0.510165 -6.766398 85 112 76 0 0.964370 -0.048530 0.260069
-1.095952 0.474357 -6.532596 82 111 75 0 0.942026 -0.316681 0.110905
-1.093144 0.256002 -6.458875 83 109 73 0 0.994544 0.101752 0.022976
-1.081208 0.112070 -6.408323 70 96 56 0 0.953451 0.164480 0.252738
-1.035571 0.532632 -6.892075 81 103 69 0 0.963184 -0.109307 0.245618
-0.972382 0.571248 -7.168003 25 26 25 0 0.832979 0.524911 0.174970
-0.919724 -0.005884 -6.755867 94 121 84 0 0.964929 0.001199 0.262509
-1.020827 0.224407 -6.703910 81 111 74 0 0.839343 0.387510 0.381234
-0.980807 0.572652 -7.134302 25 33 40 0 0.586549 0.783605 0.204753
-1.001870 0.303043 -6.840119 82 108 74 0 0.841462 0.412113 0.349434
-1.140887 0.464528 -6.452556 27 29 22 0 0.731508 0.332504 0.595263
-1.050315 0.104347 -6.489768 74 101 61 0 0.839219 0.396864 0.371766
-1.101569 0.069943 -6.378133 30 16 16 0 0.355916 0.567190 0.742711
-1.041188 0.432933 -6.841523 85 113 77 0 0.947021 0.149530 0.284241
-1.048209 0.458209 -6.835907 88 117 81 0 0.958214 0.118960 0.260143
-1.035571 0.157005 -6.591573 82 105 71 0 0.871526 0.309842 0.380053
-0.985019 0.110666 -6.676528 77 107 71 0 0.851580 0.359625 0.381421
-1.092442 0.505952 -6.623168 88 115 77 0 0.970981 0.094209 0.219821
-1.058039 0.281980 -6.655465 86 115 79 0 0.940268 0.189158 0.283047
-1.089633 0.270746 -6.357771 78 106 66 0 0.978671 -0.094315 -0.182506
-1.076293 0.086794 -6.369005 105 117 93 0 0.960433 0.167318 -0.222652
-0.951318 0.510867 -7.120260 98 114 89 0 0.795159 0.563560 0.223880
-0.919724 -0.059244 -6.644231 34 37 30 0 0.472650 -0.876166 0.094530
-0.990636 0.373254 -6.932797 81 109 75 0 0.868505 0.275305 0.412197
-0.902873 -0.030458 -6.673018 81 102 59 0 0.149736 0.721454 -0.676080
-1.056634 0.055199 -6.392877 65 95 60 0 0.815954 0.570445 0.093871
-0.970977 -0.052925 -6.525575 23 37 24 0 0.292169 -0.023622 0.956075
-1.092442 0.251087 -6.402004 85 113 76 0 0.981430 0.175040 -0.078466
-1.085421 0.462421 -6.668805 94 123 84 0 0.986180 0.086632 0.141222
-1.099463 0.415380 -6.545936 83 112 71 0 0.991782 0.001093 0.127937
-1.071379 0.311468 -6.630189 95 124 83 0 0.972909 0.181390 0.143336
-0.977998 0.159111 -6.729888 79 107 69 0 0.761111 0.499223 0.414110
-1.093846 0.267235 -6.463088 87 110 77 0 0.987765 0.134748 0.078506
-0.923936 0.261619 -6.947542 73 98 61 0 0.641746 0.261452 0.720974
-1.032061 0.145069 -6.586658 79 109 70 0 0.882181 0.325333 0.340464
-0.962552 0.062922 -6.690570 79 107 73 0 0.937657 0.206979 0.279213
-1.092442 0.492612 -6.557170 85 117 77 0 0.993219 -0.102359 0.055116
-0.890235 0.085390 -6.807822 63 95 50 0 0.365926 0.276312 0.888679
-0.916915 0.229322 -6.949648 57 66 49 0 0.783734 0.046769 0.619334
-1.093846 0.441358 -6.579638 86 114 76 0 0.993893 0.038867 0.103276
-0.969573 -0.041692 -6.531894 71 107 64 0 0.563591 0.657803 0.499661
-0.985019 0.495420 -7.017050 85 111 75 0 0.814073 0.283906 0.506639
-1.055230 0.465932 -6.814141 86 109 81 0 0.934930 0.143730 0.324419
-1.095250 0.314277 -6.377430 79 109 69 0 0.935570 0.245464 -0.253880
-1.034167 0.274257 -6.728484 101 103 91 0 0.878740 0.317196 0.356656
-0.949212 0.192812 -6.845736 86 114 79 0 0.799219 0.585698 0.134933
-1.031358 0.424507 -6.866097 80 108 75 0 0.930700 0.150737 0.333282
-0.923936 0.106453 -6.783248 75 105 66 0 0.791335 0.204364 0.576215
-1.012402 0.017285 -6.465194 71 104 62 0 0.876205 0.481712 0.014760
-1.038380 0.387296 -6.815546 87 114 80 0 0.924050 0.214334 0.316533
-1.070677 0.230024 -6.550851 82 111 72 0 0.979369 0.198248 0.039175
-0.978700 0.393615 -6.974222 83 110 78 0 0.875007 0.267489 0.403501
-1.016614 0.507356 -6.965094 96 122 83 0 0.930392 0.156683 0.331392
-1.039082 0.246874 -6.683549 99 109 88 0 0.846564 0.459388 0.268872
-1.069272 0.156303 -6.491874 74 99 61 0 0.920864 0.239167 0.307909
-0.939382 0.117687 -6.767100 75 105 68 0 0.675298 0.501027 0.541244
-1.076293 0.541759 -6.755164 81 96 77 0 0.937666 0.342985 0.056077
-0.983615 0.517888 -7.037411 90 120 78 0 0.842645 0.451583 0.293296
-0.933766 0.140154 -6.793780 78 109 71 0 0.863160 0.364650 0.349264
-1.052422 0.376764 -6.762887 87 105 80 0 0.919552 0.269102 0.286371
-1.032763 0.383785 -6.832396 88 116 79 0 0.943876 0.167528 0.284661
-0.955531 0.035540 -6.668103 75 107 69 0 0.831621 0.484725 0.271012
-1.030656 0.366935 -6.824673 83 112 81 0 0.921583 0.293817 0.253686
-0.961148 0.082581 -6.709527 76 106 66 0 0.891366 0.269344 0.364582
-1.062953 0.251087 -6.605616 86 116 73 0 0.950412 0.293142 0.103849
-1.046805 0.202642 -6.617551 88 102 74 0 0.841231 0.374403 0.390068
-0.927447 0.243364 -6.937712 81 107 69 0 0.868605 0.119164 0.480963
-1.029954 0.062220 -6.491874 71 102 60 0 0.798030 0.467257 0.380550
-0.959041 0.274257 -6.901905 83 111 72 0 0.864161 0.308519 0.397545
-0.981509 0.010264 -6.569808 81 109 65 0 0.869560 0.371359 0.325512
-1.082612 0.159111 -6.357069 78 108 66 0 0.952900 0.222388 -0.206215
-0.952020 0.127516 -6.754462 78 108 70 0 0.753201 0.397023 0.524463
-0.993445 0.411869 -6.961584 81 103 81 0 0.734757 0.450761 0.506900
-1.069272 0.272852 -6.595786 67 93 56 0 0.977094 0.182044 0.110217
-0.917617 0.067135 -6.780440 71 100 59 0 0.780192 0.158453 0.605139
-1.086123 0.288299 -6.347942 77 108 66 0 0.918979 -0.062870 -0.389262
-1.026444 0.050284 -6.484853 70 100 60 0 0.863954 0.371146 0.340345
-1.088229 0.213875 -6.441322 85 105 73 0 0.992275 0.087721 0.087721
-1.023635 0.246874 -6.724974 82 111 75 0 0.871870 0.427682 0.238601
-0.936574 0.223705 -6.910330 85 112 74 0 0.859748 0.267240 0.435219
-0.935872 0.396423 -7.055666 45 57 39 0 0.625063 0.467540 0.625063
-0.915511 0.288299 -6.967903 81 102 71 0 0.381263 0.665148 0.642041
-1.003274 0.364126 -6.894884 81 108 77 0 0.841310 0.443204 0.309465
-1.128951 0.451187 -6.457471 83 111 75 0 0.907450 0.370770 0.197648
-1.021529 0.546674 -6.991072 95 114 86 0 0.841231 0.390068 0.374403
-1.071379 0.533334 -6.802206 97 120 89 0 0.842115 0.484484 0.236893
-0.935872 0.319893 -6.977732 71 90 66 0 0.779100 0.342161 0.525290
-1.036273 0.065029 -6.482045 71 102 56 0 0.816308 0.507266 0.276265
-0.977296 -0.000969 -6.569808 79 106 71 0 0.922741 0.334900 0.190766
-1.090335 0.485591 -6.633700 84 111 71 0 0.979808 -0.031912 0.197380
-1.111399 0.418188 -6.501704 81 110 69 0 0.959445 0.086055 0.268439
-0.969573 0.034838 -6.623168 74 104 67 0 0.816730 0.492556 0.300569
-0.975190 -0.010097 -6.564191 74 106 65 0 0.855979 0.459047 0.237856
-1.053124 0.230024 -6.623870 83 108 73 0 0.888679 0.276312 0.365926
-0.900767 0.105049 -6.807822 64 95 60 0 0.752442 0.182364 0.632910
-1.093144 0.419593 -6.606318 93 120 86 0 0.995895 0.055875 0.071214
-1.052422 0.531228 -6.845034 83 110 76 0 0.886318 0.070518 0.457677
-0.938680 0.073454 -6.750952 77 107 66 0 0.893334 0.181572 0.411079
-1.048209 0.544568 -6.853459 75 86 67 0 0.867668 0.001333 0.497143
-1.112803 0.446975 -6.504512 85 110 76 0 0.917284 0.117601 0.380472
-0.907788 0.032732 -6.789567 89 107 76 0 0.917969 0.032832 0.395291
-1.107186 0.403444 -6.423068 80 111 68 0 0.950645 0.023797 -0.309367
-1.092442 0.295320 -6.509427 83 111 69 0 0.951408 0.254337 0.173595
-1.042592 0.372551 -6.791674 88 117 83 0 0.931697 0.269220 0.243848
-1.034167 0.411167 -6.845034 82 107 76 0 0.943200 0.182069 0.277895
-1.074889 0.447677 -6.721463 82 109 72 0 0.960793 0.175289 0.214828
-1.036975 0.546674 -6.939818 67 75 63 0 0.828470 0.536944 0.159150
-0.974488 0.223003 -6.818354 82 108 76 0 0.879064 0.332496 0.341605
-1.126845 0.466634 -6.483449 90 112 86 0 0.863656 0.302203 0.403449
-0.978700 0.092411 -6.675124 79 109 70 0 0.888302 0.332174 0.317143
-0.952723 0.483484 -7.083750 95 106 87 0 0.934313 0.323363 0.149985
-0.953425 0.291107 -6.927180 88 110 73 0 0.824010 0.379457 0.420737
-1.001168 0.082581 -6.600701 92 100 81 0 0.879064 0.332496 0.341605
-1.026444 0.227917 -6.693379 80 108 71 0 0.841310 0.443204 0.309465
-1.026444 0.168940 -6.628083 79 108 71 0 0.872258 0.365096 0.325378
-1.020125 0.146473 -6.619658 83 94 69 0 0.895030 0.247058 0.371327
-0.962552 -0.003778 -6.600701 71 104 62 0 0.841978 0.315936 0.437330
-0.924638 0.000435 -6.718655 85 119 84 0 0.867233 0.497681 -0.014836
-1.087527 0.333234 -6.568404 84 112 76 0 0.962977 0.205697 0.174253
-0.977998 0.379573 -6.962988 85 113 77 0 0.827205 0.341911 0.445903
-1.041890 0.065029 -6.463790 70 101 58 0 0.829845 0.436180 0.348000
-1.037678 0.555099 -6.960179 34 42 33 0 0.831350 0.506771 0.228124
-1.061549 0.185089 -6.552255 95 105 79 0 0.921636 0.221479 0.318643
-0.959744 0.315681 -6.940520 119 108 111 0 0.641640 0.467409 0.608134
-0.902171 0.053093 -6.797993 73 99 57 0 0.775973 -0.119722 0.619300
-1.040486 0.455400 -6.861182 86 113 80 0 0.965692 0.157266 0.206655
-0.944999 -0.019224 -6.621062 72 107 61 0 0.806209 0.243882 0.539026
-1.020827 0.185089 -6.660380 94 123 78 0 0.859078 0.430304 0.277171
-0.920426 0.217386 -6.940520 84 104 76 0 0.894822 0.125812 0.428327
-1.043294 0.071348 -6.470811 72 102 59 0 0.842645 0.451583 0.293296
-1.094548 0.451890 -6.575425 89 118 79 0 0.993219 -0.055116 0.102359
-1.057336 0.121197 -6.494682 71 100 56 0 0.846683 0.357073 0.394495
-1.024337 0.368339 -6.845034 82 110 81 0 0.892782 0.228729 0.388102
-1.116313 0.482080 -6.500299 73 98 66 0 0.730340 -0.032491 0.682310
-1.094548 0.475761 -6.547340 88 118 79 0 0.987389 -0.095554 0.126225
-0.963254 0.311468 -6.928585 72 66 68 0 0.782966 0.481451 0.393915
-1.071379 0.394317 -6.700400 80 105 74 0 0.963217 0.142071 0.228096
-1.087527 0.264427 -6.501704 81 111 72 0 0.952900 0.206215 0.222388
-1.021529 0.559312 -7.003710 28 27 28 0 0.742708 0.377067 0.553358
-0.950616 0.488399 -7.093580 71 64 70 0 0.920864 0.239167 0.307909
-1.083314 0.350786 -6.609828 83 111 75 0 0.983659 0.070346 0.165732
-1.079102 0.541759 -6.735505 69 74 59 0 0.952358 0.103489 0.286886
-1.093846 0.277065 -6.483449 86 108 75 0 0.969271 0.181497 0.166050
-1.088229 0.355701 -6.589467 80 107 75 0 0.961154 0.199087 0.191176
-0.965360 0.139452 -6.738314 78 107 70 0 0.791197 0.412587 0.451419
-0.952723 0.247576 -6.891373 82 109 72 0 0.850591 0.334327 0.405858
-1.086123 0.173153 -6.413940 79 109 70 0 0.984683 0.174169 0.007969
-1.088931 0.446273 -6.630189 86 113 78 0 0.983674 0.119783 0.134302
-0.989934 -0.042394 -6.506619 71 97 61 0 0.860852 -0.054063 0.505976
-0.971679 0.408359 -6.995285 79 106 71 0 0.815712 0.293908 0.498229
-0.913405 -0.024139 -6.735505 24 31 21 0 0.609255 0.791038 -0.055387
-0.976594 0.175962 -6.753760 78 109 73 0 0.807486 0.482580 0.339240
-0.975892 0.136644 -6.715846 77 105 71 0 0.856104 0.373094 0.357613
-1.100867 0.362020 -6.342325 77 108 69 0 0.838005 0.545455 0.015038
-1.066464 0.211067 -6.556468 79 110 67 0 0.960021 0.181411 0.213191
-0.990636 0.256704 -6.816949 86 116 80 0 0.839343 0.381234 0.387510
-1.046805 0.049582 -6.418855 68 98 55 0 0.769946 0.595736 0.228651
-0.989232 0.494016 -7.008625 83 110 73 0 0.820840 0.262234 0.507400
-1.104378 0.347276 -6.451152 85 113 75 0 0.991923 -0.007706 -0.126605
-1.090335 0.268640 -6.332496 75 105 61 0 0.913011 -0.396782 0.094733
-1.100867 0.308660 -6.446939 87 116 79 0 0.989771 0.142660 0.001106
-1.080506 0.124006 -6.361282 69 101 60 0 0.945929 0.141284 -0.291987
-1.078400 0.379573 -6.657571 88 116 79 0 0.974834 0.157638 0.157638
-1.085421 0.442762 -6.659678 90 118 80 0 0.956075 0.023622 0.292169
-1.030656 0.198429 -6.651955 84 112 73 0 0.824127 0.458549 0.332487
-0.966063 0.248981 -6.864693 62 85 54 0 0.843368 0.332047 0.422463
-1.054528 0.451187 -6.808524 82 107 77 0 0.926753 0.175256 0.332285
-1.097357 0.237045 -6.346538 70 98 58 0 0.978083 -0.102372 0.181309
-0.992041 0.114176 -6.659678 79 109 70 0 0.885248 0.299091 0.356203
-1.021529 0.124006 -6.589467 80 110 68 0 0.848795 0.365994 0.381569
-1.082612 0.058710 -6.373920 27 6 11 0 0.570746 0.444283 0.690552
-1.025742 0.033434 -6.430089 65 97 54 0 0.570698 0.814661 -0.103103
-1.088229 0.178068 -6.364090 80 109 73 0 0.968852 0.239422 -0.063267
-1.108590 0.383785 -6.442727 90 121 78 0 0.958300 0.206014 -0.198040
-1.099463 0.345169 -6.346538 35 40 29 0 -0.394984 -0.695767 0.599913
-0.893043 0.077667 -6.803609 60 89 48 0 0.532841 0.078150 0.842599
-1.013806 0.288299 -6.792376 80 106 76 0 0.862776 0.315275 0.395247
-0.927447 0.053795 -6.759377 76 105 63 0 0.911549 0.230423 0.340563
-1.087527 0.496122 -6.655465 86 114 73 0 0.999707 -0.023155 0.007047
-1.043294 0.456804 -6.852055 90 118 81 0 0.951235 0.207026 0.228675
-1.089633 0.219492 -6.425876 78 104 68 0 0.990429 0.118759 0.070333
-1.091740 0.242662 -6.383749 79 110 68 0 0.995895 0.055875 0.071214
-1.087527 0.304447 -6.355665 83 112 74 0 0.898522 0.110738 -0.424730
-1.087527 0.540355 -6.715846 34 36 29 0 0.889428 0.102572 0.445417
-1.088931 0.528419 -6.647040 52 69 40 0 0.371873 0.521272 -0.768105
-0.989934 0.010264 -6.543830 72 107 66 0 0.840599 0.482311 0.246514
-1.079102 0.232832 -6.512937 82 111 69 0 0.950171 0.252748 0.182465
-1.097357 0.496824 -6.599998 91 120 81 0 0.979557 0.134643 0.149466
-1.060145 0.347276 -6.708825 87 116 78 0 0.950650 0.190671 0.244762
-1.043294 0.365530 -6.783248 86 113 79 0 0.901972 0.189053 0.388209
-1.079102 0.196323 -6.479938 86 117 71 0 0.951408 0.173595 0.254337
-1.000466 -0.002374 -6.494682 75 105 64 0 0.921058 0.365367 0.134755
-0.977998 0.171047 -6.743930 79 109 74 0 0.833085 0.429929 0.348038
-1.081910 0.328319 -6.595786 92 112 81 0 0.933508 0.260481 0.246401
-1.050315 0.515079 -6.846438 77 104 72 0 0.936530 0.032205 0.349105
-0.937276 -0.061351 -6.623870 71 97 54 0 0.844552 -0.086876 0.528379
-1.051018 0.079773 -6.464492 68 99 56 0 0.861002 0.426678 0.276805
-1.001870 0.508760 -6.997391 81 108 70 0 0.789440 0.323750 0.521509
-1.109292 0.380977 -6.470109 83 112 74 0 0.979237 0.197282 -0.046630
-1.077698 0.206854 -6.503108 80 108 67 0 0.966514 0.143235 0.212917
-0.930255 0.373956 -7.044432 34 41 29 0 0.750096 0.348317 0.562167
-1.095952 0.376062 -6.554361 87 116 76 0 0.984095 0.079920 0.158648
-1.080506 0.175962 -6.458173 79 108 68 0 0.965764 0.191073 0.175475
-1.080506 0.158409 -6.347942 73 102 63 0 0.882062 0.151582 -0.446083
-1.001168 0.027115 -6.530490 75 107 64 0 0.897080 0.316879 0.307953
-1.078400 0.112772 -6.349346 55 75 51 0 0.979369 0.198248 -0.039175
-1.107888 0.376764 -6.486959 81 111 74 0 0.986514 0.134147 0.093784
-1.017316 0.470847 -6.941925 91 118 80 0 0.878351 0.307954 0.365600
-0.947106 0.223003 -6.884352 89 118 80 0 0.894190 0.323939 0.309011
-0.969573 0.008158 -6.595084 75 106 63 0 0.842992 0.395690 0.364410
-0.976594 0.182983 -6.762887 81 108 73 0 0.778172 0.499906 0.380188
-1.024337 0.036944 -6.468705 74 100 64 0 0.868634 0.451452 0.204122
-1.029252 0.345871 -6.803609 75 102 69 0 0.876966 0.314613 0.363249
-0.986424 0.510165 -7.023369 89 118 78 0 0.811690 0.324359 0.485748
-0.973786 0.215982 -6.812035 82 109 78 0 0.841231 0.390068 0.374403
-1.014508 0.423103 -6.918053 83 105 78 0 0.934313 0.149985 0.323363
-1.100165 0.317787 -6.464492 86 112 76 0 0.993097 0.039098 0.110592
-1.076293 0.540355 -6.774121 76 88 72 0 0.825010 0.546550 -0.143673
-0.902873 -0.025543 -6.687060 79 109 70 0 0.822007 0.553416 0.134296
-1.029252 0.119793 -6.564893 80 112 68 0 0.863160 0.364650 0.349264
-1.031358 0.237747 -6.695485 81 110 73 0 0.864797 0.388621 0.317963
-1.105080 0.401338 -6.364793 85 103 74 0 0.924510 0.040652 0.378984
-0.964658 0.479974 -7.047241 88 115 75 0 0.896483 0.262277 0.357112
-1.015912 0.022902 -6.471513 70 103 64 0 0.824956 0.564297 -0.031889
-0.910596 0.160515 -6.894884 79 89 74 0 0.791335 0.576215 0.204364
-1.070677 0.343765 -6.665295 84 108 77 0 0.957295 0.196266 0.212287
-1.050315 0.212471 -6.613338 140 107 113 0 0.945157 0.215370 0.245549
-1.001168 0.526313 -7.013540 91 98 82 0 0.777365 0.339594 0.529509
-0.964658 0.361318 -6.966498 84 109 74 0 0.839269 0.346689 0.418850
-0.999764 0.034838 -6.545234 79 104 70 0 0.878982 0.326392 0.347646
-1.073485 0.220194 -6.531192 83 112 72 0 0.973248 0.158613 0.166226
-0.950616 0.453294 -7.064794 91 116 81 0 0.894486 0.268494 0.357498
-1.086123 0.157707 -6.373920 83 105 75 0 0.990946 0.086520 -0.102671
-1.094548 0.474357 -6.597892 91 119 81 0 0.995448 0.062836 0.071655
-1.034869 0.079773 -6.503108 72 102 59 0 0.851085 0.343857 0.396758
-1.099463 0.299532 -6.441322 84 115 74 0 0.996891 0.078785 0.001050
-0.971679 0.301639 -6.899798 82 109 73 0 0.784632 0.507514 0.356065
-1.099463 0.506654 -6.587360 101 125 90 0 0.910375 0.363862 -0.197032
-0.958339 0.504548 -7.090069 89 93 84 0 0.897548 0.342700 0.277424
-0.950616 0.203344 -6.856267 82 108 75 0 0.802590 0.349438 0.483469
-1.027848 0.186493 -6.644933 88 117 74 0 0.879064 0.341605 0.332496
-0.954829 0.258108 -6.896288 84 108 75 0 0.808487 0.449871 0.379428
-1.008891 0.305851 -6.826779 78 106 72 0 0.861176 0.340465 0.377438
-0.949212 0.143665 -6.769207 79 109 72 0 0.826891 0.422141 0.371548
-0.966063 0.190706 -6.795184 82 109 75 0 0.822849 0.442341 0.356726
-0.979403 0.373956 -6.955967 87 114 78 0 0.783986 0.389569 0.483324
-1.090335 0.256704 -6.480640 78 105 68 0 0.970234 0.190467 0.149562
-1.112101 0.399232 -6.469407 87 117 80 0 0.925063 0.338301 -0.172660
-0.969573 0.086794 -6.695485 79 110 70 0 0.882181 0.325333 0.340464
-0.982913 0.024306 -6.579638 78 109 66 0 0.837352 0.378615 0.394325
-1.012402 0.427316 -6.927883 82 106 80 0 0.943946 0.150327 0.293883
-0.966765 0.535440 -7.140621 40 40 41 0 0.660485 -0.136291 -0.738366
-1.032061 0.487697 -6.901203 89 115 76 0 0.928080 0.016734 0.372004
-0.947106 0.175259 -6.815546 79 109 71 0 0.780982 0.493167 0.383215
-1.079102 0.152792 -6.447641 72 102 60 0 0.971387 0.086262 0.221281
-1.076293 0.494016 -6.734101 90 118 82 0 0.971192 -0.133650 0.197293
-0.991338 0.449081 -6.987562 101 110 99 0 0.862835 0.144048 0.484526
-1.010295 0.192110 -6.693379 83 112 76 0 0.846881 0.410184 0.338440
-1.026444 0.270044 -6.743228 82 109 78 0 0.855735 0.403882 0.323415
-1.015210 0.033434 -6.494682 72 101 61 0 0.933330 0.268878 0.237908
-1.012402 0.374658 -6.881544 99 105 92 0 0.946898 0.166622 0.274993
-1.040486 0.485591 -6.871714 89 115 82 0 0.945716 0.071744 0.316978
-1.068570 0.439252 -6.746739 80 106 72 0 0.959718 0.221066 0.173411
-0.956935 0.479272 -7.069006 88 113 77 0 0.907267 0.268223 0.323919
-0.975892 0.434337 -7.005114 77 105 73 0 0.779394 0.366299 0.508301
-0.983615 0.442762 -6.998796 77 97 77 0 0.815712 0.293908 0.498229
-1.020827 0.210365 -6.689166 89 98 76 0 0.890460 0.318770 0.324756
-0.961148 -0.057138 -6.537511 25 30 21 0 -0.379842 -0.780696 0.496219
-0.980105 0.341659 -6.927883 88 109 84 0 0.817878 0.516800 0.252968
-1.051018 0.347978 -6.742526 96 112 87 0 0.933330 0.237908 0.268878
-1.001870 0.266533 -6.800801 80 107 77 0 0.885632 0.347336 0.308242
-0.992743 0.066433 -6.604913 75 102 71 0 0.863656 0.403449 0.302203
-1.041188 0.170345 -6.595084 77 102 68 0 0.824010 0.379457 0.420737
-1.088931 0.275661 -6.348644 74 108 63 0 0.998725 -0.032419 -0.038694
-0.916213 0.031327 -6.774823 77 107 65 0 0.854568 0.150979 0.496910
-1.006785 0.230726 -6.746739 90 119 79 0 0.837736 0.427480 0.339792
-0.989232 0.485591 -7.003710 90 118 73 0 0.822591 0.285644 0.491682
-1.019423 0.312872 -6.805716 83 109 80 0 0.872584 0.349950 0.340781
-0.952020 0.072050 -6.725676 78 109 70 0 0.839887 0.260442 0.476193
-1.102271 0.345871 -6.407621 83 113 72 0 0.976723 0.135968 -0.165906
-1.065762 0.306553 -6.651252 80 108 73 0 0.945157 0.245549 0.215370
-1.031358 0.439252 -6.878033 88 115 82 0 0.943169 0.254725 0.213418
-0.932361 0.327617 -6.994583 90 116 84 0 0.841231 0.390068 0.374403
-1.103675 0.436443 -6.526277 76 101 63 0 0.920595 0.001280 0.390517
-1.062251 0.230024 -6.587360 79 109 71 0 0.962264 0.221255 0.158413
-1.053826 0.357807 -6.737611 86 109 79 0 0.933019 0.229385 0.277232
-1.013806 0.322702 -6.831694 81 107 77 0 0.862776 0.315275 0.395247
-1.029954 0.268640 -6.734101 79 103 72 0 0.885632 0.308242 0.347336
-0.938680 0.303043 -6.957371 75 104 65 0 0.701867 0.545155 0.458464
-0.969573 0.201939 -6.805716 87 111 82 0 0.801573 0.461025 0.380707
-0.982211 0.192110 -6.762185 85 108 78 0 0.816730 0.492556 0.300569
-1.055230 0.072752 -6.440620 66 92 47 0 0.807297 0.476098 0.348714
-0.996955 0.036242 -6.553659 77 106 67 0 0.870944 0.347459 0.347459
-1.100867 0.394317 -6.389367 81 111 66 0 0.938693 -0.331539 0.094535
-1.028550 0.258810 -6.726378 79 107 74 0 0.839219 0.396864 0.371766
-1.029252 0.376062 -6.835907 85 112 78 0 0.916785 0.316183 0.243995
-0.899362 0.129622 -6.839417 76 106 69 0 0.619334 0.783734 0.046769
-0.914809 -0.015714 -6.684954 76 111 72 0 0.805483 0.577040 0.134989
-0.987126 0.337446 -6.908926 83 106 78 0 0.807297 0.476098 0.348714
-1.077698 0.081879 -6.397089 92 37 45 0 0.921833 0.285295 0.262357
-1.031358 0.096623 -6.529086 82 91 66 0 0.899850 0.315763 0.300938
-1.083314 0.220896 -6.481342 79 108 66 0 0.978343 0.142597 0.150037
-0.996955 0.345169 -6.893479 85 112 81 0 0.876528 0.332686 0.347877
-0.890235 0.130325 -6.865395 72 72 67 0 0.728534 0.682732 0.055821
-0.947106 0.351488 -6.988264 82 110 71 0 0.738446 0.507165 0.444389
-1.022933 0.201237 -6.675124 87 114 76 0 0.828985 0.418440 0.371069
-1.005381 0.147877 -6.657571 83 111 75 0 0.890460 0.318770 0.324756
-1.087527 0.526313 -6.637912 90 109 77 0 0.864769 -0.285206 0.413320
-0.982913 0.361318 -6.937712 86 114 79 0 0.835566 0.261018 0.483424
-0.957637 0.138048 -6.753760 77 108 70 0 0.802119 0.451694 0.390611
-1.088229 0.475059 -6.650550 86 113 75 0 0.994231 0.031930 0.102396
-0.976594 0.264427 -6.858374 86 106 78 0 0.832825 0.204793 0.514258
-1.046805 0.122601 -6.521362 80 111 62 0 0.846848 0.363380 0.388334
-0.978700 0.320596 -6.909628 85 112 80 0 0.789119 0.426156 0.442360
-0.884618 0.103645 -6.821162 64 98 56 0 0.237193 0.553450 0.798394
-1.025040 0.458911 -6.911032 88 112 78 0 0.932849 0.173780 0.315584
-0.986424 0.161919 -6.717250 82 114 75 0 0.782539 0.515801 0.348688
-0.952723 -0.052223 -6.594382 72 104 60 0 0.923807 0.119422 0.363757
-0.982211 0.433635 -6.993881 78 103 74 0 0.810529 0.277493 0.515791
-0.954829 0.089602 -6.729888 78 108 69 0 0.858963 0.221134 0.461824
-1.108590 0.379573 -6.347240 41 52 35 0 0.895620 0.397568 0.199512
-1.036975 0.304447 -6.746037 74 100 66 0 0.877282 0.354258 0.323849
-0.996955 0.067837 -6.595084 77 106 69 0 0.868776 0.435141 0.236391
-1.085421 0.373956 -6.614743 91 115 84 0 0.978285 0.064090 0.197108
-1.088931 0.392913 -6.609126 89 112 85 0 0.964077 0.103706 0.244540
-0.937276 0.364828 -7.021263 79 103 73 0 0.771377 0.501801 0.391373
-1.065762 0.409061 -6.736207 84 112 75 0 0.978343 0.142597 0.150037
-1.033465 0.307958 -6.759377 85 109 80 0 0.901935 0.332136 0.276042
-1.026444 0.383785 -6.850651 89 112 85 0 0.854056 0.348753 0.385953
-0.933766 0.311468 -6.973519 84 109 81 0 0.631830 0.594763 0.497040
-1.042592 0.230726 -6.656869 109 99 88 0 0.872584 0.349950 0.340781
-1.093144 0.253193 -6.413238 86 108 75 0 0.997490 0.070423 0.007358
-1.062251 0.326212 -6.678635 86 110 79 0 0.947649 0.205892 0.244071
-0.971679 0.187195 -6.781844 82 109 78 0 0.791197 0.451419 0.412587
-1.082612 0.323404 -6.585254 96 111 86 0 0.974753 0.197938 0.103326
-1.031358 0.539653 -6.938414 93 117 84 0 0.649765 0.752902 -0.104611
-1.047507 0.227215 -6.637210 132 97 104 0 0.933508 0.260481 0.246401
-0.970275 0.321298 -6.923670 89 96 78 0 0.908864 0.151242 0.388705
-0.993445 0.194216 -6.737611 84 110 79 0 0.874443 0.366506 0.317841
-1.109292 0.208961 -6.329687 50 57 44 0 0.271256 -0.048751 0.961272
-1.032763 0.122601 -6.557170 80 111 67 0 0.879904 0.395581 0.263219
-0.979403 0.508760 -7.034603 88 113 78 0 0.801489 0.492366 0.339398
-1.059443 0.201237 -6.572617 89 105 77 0 0.950099 0.109678 0.292033
-1.013806 0.149281 -6.636508 85 110 76 0 0.858854 0.369849 0.354374
-1.009593 0.100836 -6.596488 73 105 67 0 0.897548 0.277424 0.342700
-0.942893 0.185089 -6.848545 82 112 76 0 0.825348 0.564423 -0.015106
-0.952723 -0.072584 -6.557872 48 47 36 0 0.925055 0.355365 -0.134126
-1.088229 0.530526 -6.661784 64 80 62 0 0.905337 -0.411769 -0.103982
-1.015210 0.512271 -6.974924 89 114 76 0 0.904338 0.286741 0.316151
-1.016614 0.238449 -6.731293 83 113 76 0 0.841462 0.349434 0.412113
-1.035571 0.336744 -6.780440 82 110 75 0 0.925999 0.229011 0.300132
-1.036975 0.407657 -6.837311 87 117 81 0 0.896763 0.292972 0.331639
-1.051720 0.259512 -6.653358 78 106 70 0 0.962680 0.213492 0.166341
-0.940085 0.242662 -6.915245 85 112 75 0 0.832623 0.341549 0.435986
-1.009593 0.241257 -6.751654 89 119 78 0 0.832623 0.341549 0.435986
-0.975892 -0.014309 -6.553659 75 109 68 0 0.864161 0.397545 0.308519
-1.018018 0.114176 -6.588063 79 109 69 0 0.885873 0.338406 0.317350
-1.114909 0.411167 -6.449046 87 118 77 0 0.965202 0.261029 -0.015783
-1.050315 0.479272 -6.835205 83 110 73 0 0.941184 0.157092 0.299157
-1.046805 0.063624 -6.449046 72 97 58 0 0.851881 0.428260 0.301483
-1.046805 0.194918 -6.609126 79 101 67 0 0.869560 0.325512 0.371359
-0.948510 -0.023437 -6.614041 72 105 62 0 0.849033 0.142239 0.508833
-1.121930 0.432933 -6.455365 81 110 72 0 0.929584 0.358151 -0.087190
-0.998359 0.374658 -6.917351 82 110 80 0 0.799624 0.458537 0.387745
-0.935872 0.131027 -6.779738 75 106 68 0 0.808395 0.411401 0.421006
-0.979403 0.303043 -6.886458 83 110 68 0 0.834486 0.389637 0.389637
-1.062953 0.376764 -6.720059 86 114 78 0 0.934439 0.214346 0.284394
-1.065762 0.119091 -6.472215 84 94 58 0 0.877383 0.292461 0.380351
-1.041188 0.347978 -6.772717 86 116 76 0 0.914774 0.338538 0.220410
-1.040486 0.086794 -6.496789 72 97 56 0 0.876966 0.363249 0.314613
-1.106484 0.425912 -6.517150 80 108 68 0 0.972602 0.109465 0.205090
-0.908490 0.022200 -6.787461 72 81 64 0 0.894481 0.064381 0.442446
-1.101569 0.342361 -6.386558 83 114 70 0 0.995347 0.056216 -0.078261
-1.056634 0.377466 -6.747441 79 103 73 0 0.926494 0.237672 0.291753
-0.910596 0.245470 -6.956669 20 27 17 0 0.738278 0.205851 0.642317
-0.971679 0.475059 -7.031795 77 99 69 0 0.884630 0.173428 0.432842
-0.969573 0.398529 -6.993178 83 108 76 0 0.793706 0.387998 0.468496
-1.048911 0.111368 -6.504512 76 106 59 0 0.852799 0.433339 0.291463
-1.017316 0.318489 -6.814843 84 108 79 0 0.901412 0.220605 0.372545
-1.026444 0.201939 -6.665295 86 109 71 0 0.887310 0.419535 0.191495
-0.958339 0.224407 -6.856970 88 116 78 0 0.822291 0.473250 0.316024
-0.912000 0.292511 -6.974924 75 89 67 0 0.434993 0.681656 0.588324
-0.973084 -0.025543 -6.549447 74 105 64 0 0.885632 0.347336 0.308242
-1.081910 0.171749 -6.442024 85 101 70 0 0.989393 0.141991 0.030670
-1.057336 0.333234 -6.706017 88 117 77 0 0.948682 0.188651 0.253796
-1.081910 0.080475 -6.378835 96 53 56 0 -0.229952 -0.621026 0.749299
-0.935170 0.214577 -6.905415 86 113 77 0 0.939287 0.315807 0.134184
-0.994849 0.006754 -6.524171 75 108 65 0 0.881342 0.364328 0.300835
-1.007487 0.329723 -6.852055 86 109 78 0 0.882248 0.396937 0.253141
-1.081910 0.517888 -6.720059 85 112 78 0 0.935177 0.173181 0.308955
-1.079102 0.303745 -6.338815 82 111 75 0 0.773429 -0.032285 -0.633061
-0.987126 0.196323 -6.755164 87 110 79 0 0.811783 0.478174 0.335198
-1.014508 0.442762 -6.933499 88 115 80 0 0.911397 0.175433 0.372261
-1.023635 0.476463 -6.927883 84 110 73 0 0.965065 0.111502 0.237101
-0.986424 0.476463 -7.004412 84 112 70 0 0.848014 0.213137 0.485227
-1.010997 0.198429 -6.700400 83 109 75 0 0.889322 0.357223 0.285480
-1.044699 0.322000 -6.739016 101 116 91 0 0.947671 0.267083 0.174892
-1.004678 0.102942 -6.613338 76 106 68 0 0.878740 0.356656 0.317196
-0.995551 0.428018 -6.969307 103 110 98 0 0.859748 0.267240 0.435219
-1.102973 0.366233 -6.410429 91 121 76 0 0.999960 0.008867 0.000985
-1.084719 0.304447 -6.347240 75 107 64 0 0.918162 -0.079781 -0.388089
-0.938680 0.139452 -6.784653 75 105 70 0 0.794943 0.436977 0.420852
-1.041890 0.142260 -6.555064 74 103 64 0 0.848441 0.412545 0.331593
-1.093846 0.404146 -6.581744 82 108 74 0 0.987878 0.109764 0.109764
-0.983615 0.094517 -6.661784 78 108 70 0 0.885873 0.338406 0.317350
-0.927447 0.277767 -6.953158 76 104 65 0 0.627730 0.460336 0.627730
-0.987126 0.400636 -6.963690 82 109 77 0 0.839219 0.396864 0.371766
-0.923936 0.121899 -6.791674 74 106 67 0 0.736211 0.497977 0.458271
-0.923234 0.074156 -6.774823 70 100 59 0 0.833928 0.277976 0.476752
-1.018721 0.022200 -6.425174 48 54 39 0 0.761078 -0.547782 0.347413
-0.987828 0.440656 -6.988264 99 112 98 0 0.832144 0.221396 0.508448
-0.994849 0.156303 -6.689868 81 111 70 0 0.896763 0.331639 0.292972
-1.104378 0.464528 -6.519256 66 92 53 0 0.809329 -0.284444 0.513885
-1.132462 0.469442 -6.476428 83 105 75 0 0.770703 0.477412 0.422013
-1.105782 0.357807 -6.493278 84 110 77 0 0.981696 0.182060 0.055927
-1.022933 0.156303 -6.621062 84 107 74 0 0.842860 0.428441 0.325615
-0.993445 0.434337 -6.976328 90 104 86 0 0.858275 0.244570 0.451164
-0.984317 0.004647 -6.555064 76 109 66 0 0.879904 0.395581 0.263219
-1.060847 0.297426 -6.658273 83 111 76 0 0.926494 0.237672 0.291753
-0.975190 0.093113 -6.683549 78 108 70 0 0.941511 0.222589 0.253005
-1.013806 0.185089 -6.678635 85 113 72 0 0.863160 0.349264 0.364650
-1.003274 0.081177 -6.592275 81 95 71 0 0.899850 0.300938 0.315763
-1.067166 0.394317 -6.718655 84 112 76 0 0.936992 0.175255 0.302211
-1.004678 0.015179 -6.505214 72 103 61 0 0.896483 0.357112 0.262277
-1.010295 0.155600 -6.654763 83 113 74 0 0.802401 0.445421 0.397181
-1.092442 0.272852 -6.387962 80 111 72 0 0.991267 0.055766 -0.119498
-0.989934 0.115580 -6.668103 81 111 72 0 0.895125 0.348846 0.277593
-1.021529 0.411869 -6.889969 81 109 80 0 0.934313 0.149985 0.323363
-1.029252 0.425912 -6.874522 84 113 79 0 0.962333 0.188254 0.196153
-1.062251 0.438550 -6.778334 83 109 80 0 0.978789 0.079229 0.188932
-0.994147 -0.029054 -6.493980 72 102 57 0 0.973910 0.047301 0.221950
-1.071379 0.204046 -6.528384 81 108 71 0 0.958300 0.198040 0.206014
-1.045401 0.251789 -6.668805 103 103 87 0 0.882849 0.339557 0.324466
-1.048911 0.382381 -6.781844 82 111 78 0 0.921833 0.285295 0.262357
-1.009593 0.049582 -6.533298 79 105 69 0 0.907056 0.285745 0.309190
-0.940787 0.033434 -6.714442 78 106 70 0 0.910504 0.284989 0.299604
-1.094548 0.482080 -6.614041 93 122 75 0 0.980491 0.001149 0.196558
-0.994147 0.046774 -6.569808 77 108 66 0 0.889322 0.357223 0.285480
-0.944297 0.397125 -7.037411 82 109 72 0 0.912306 0.286642 0.292462
-0.988530 0.324808 -6.890671 81 106 76 0 0.839219 0.396864 0.371766
-1.036975 0.367637 -6.805716 79 107 72 0 0.909138 0.252457 0.331259
-1.052422 0.323404 -6.717250 86 115 76 0 0.950650 0.244762 0.190671
-0.946404 0.133133 -6.767100 71 102 68 0 0.704008 0.387452 0.595192
-1.001870 0.319191 -6.854161 81 86 74 0 0.858831 0.413284 0.302665
-0.982211 0.086092 -6.656869 78 108 69 0 0.910581 0.332572 0.245436
-1.037678 0.444166 -6.863289 83 110 76 0 0.936863 0.255508 0.238753
-0.947106 0.216684 -6.877331 85 113 80 0 0.827214 0.412816 0.381183
-0.959744 0.544568 -7.168003 122 128 108 0 0.958751 0.157367 0.236712
-1.079102 0.456804 -6.708825 88 115 80 0 0.960106 0.134913 0.244938
-1.082612 0.315681 -6.576829 80 105 71 0 0.959718 0.221066 0.173411
-0.910596 -0.026947 -6.670911 74 104 64 0 0.650808 0.603964 0.460083
-1.042592 0.392211 -6.807822 84 112 77 0 0.919507 0.221654 0.324616
-1.102973 0.401338 -6.405515 85 118 72 0 0.971823 0.055148 -0.229169
-1.053826 0.472251 -6.820460 79 105 73 0 0.953024 0.119952 0.278130
