-1.90406203 -0.54051000 -6.58783007 29 30 20 0.000000 0.688993 0.369984 0.623218
-1.96362102 -0.10349300 -6.39277315 35 51 25 0.000000 0.995347 -0.078261 0.056216
-1.95617604 -0.48914000 -6.12996721 20 33 12 0.000000 0.984462 -0.175594 0.001133
-1.98000002 -0.38491100 -6.38160610 60 64 49 0.000000 0.982959 0.024371 0.182201
-1.99340105 -0.25090301 -6.52752590 23 21 22 0.000000 0.916106 -0.371774 0.150112
-1.94575298 -0.56433398 -6.31981277 25 27 8 0.000000 0.759849 0.595557 -0.260655
-1.98670006 -0.23899101 -6.29375601 40 60 27 0.000000 0.999960 0.000985 -0.008867
-1.97702205 -0.40054601 -6.57442904 49 50 40 0.000000 0.872584 0.340781 -0.349950
-1.97255504 -0.37523299 -6.22972918 36 58 27 0.000000 0.878982 0.326392 -0.347646
-1.94277501 -0.34694201 -6.08529806 19 30 12 0.000000 0.718949 0.396492 -0.570882
-1.98595595 -0.10349300 -6.23940802 55 65 41 0.000000 0.901707 -0.317295 0.293682
-1.93681896 -0.51221901 -6.45158815 41 48 27 0.000000 0.943952 0.316416 0.093998
-1.98670006 -0.22410101 -6.41212988 41 63 30 0.000000 0.941504 -0.309332 -0.133729
-1.94426405 -0.47871700 -6.24610806 41 60 25 0.000000 0.936839 0.348918 -0.024284
-1.98074400 -0.33502999 -6.47020006 46 57 33 0.000000 0.989675 0.016812 -0.142343
-1.98074400 -0.29929501 -6.16719198 37 60 23 0.000000 0.927914 0.324279 -0.183898
-1.95543206 -0.47350600 -6.33916903 42 63 32 0.000000 0.962979 0.251935 -0.095914
-1.94426405 -0.15933000 -6.46201086 35 34 26 0.000000 0.666618 -0.276559 0.692196
-1.98595595 -0.33130801 -6.30939007 79 69 60 0.000000 0.986409 0.157220 0.047748
-1.96734405 -0.42362499 -6.46201086 45 56 32 0.000000 0.961375 0.252312 0.109982
-1.99042296 -0.19581001 -6.21558380 39 58 27 0.000000 0.981696 -0.182060 -0.055927
-2.01126909 -0.07669200 -6.32055712 19 23 21 0.000000 0.498730 0.673370 0.545749
-1.93979704 -0.47052801 -6.54167080 43 55 26 0.000000 0.909774 0.293523 0.293523
-1.95245397 -0.40724599 -6.14858007 40 63 27 0.000000 0.948461 0.315309 -0.031658
-1.98595595 -0.15709700 -6.31162310 33 54 23 0.000000 0.920407 0.088110 0.380905
-1.92565203 -0.53902102 -6.19548321 29 33 35 0.000000 0.674286 0.641474 -0.365854
-1.98446703 -0.29706100 -6.38011599 38 57 25 0.000000 0.991746 0.126060 0.023427
-1.93160796 -0.43553701 -6.07934189 31 39 26 0.000000 0.791765 0.595680 -0.135179
-1.97329903 -0.32833001 -6.54688311 26 32 21 0.000000 0.577386 0.759718 0.299089
-1.94203103 -0.55391097 -6.51635790 36 38 33 0.000000 0.726270 0.410071 0.551701
-1.98744500 -0.30003899 -6.24238491 57 67 40 0.000000 0.985319 0.038389 -0.166353
-1.90406203 -0.53902102 -6.26695395 34 35 25 0.000000 0.475656 0.610117 -0.633647
-1.93905306 -0.53902102 -6.38607311 49 66 34 0.000000 0.996383 0.078975 -0.031374
-1.96213198 -0.28142700 -6.09795380 22 33 17 0.000000 0.996671 0.079947 -0.015989
-1.96436596 -0.41469100 -6.30343390 42 62 29 0.000000 0.939746 0.267904 -0.212380
-2.01126909 -0.19432101 -6.49178982 24 26 20 0.000000 0.960878 -0.142886 -0.237270
-1.97776699 -0.14741801 -6.17240286 16 21 15 0.000000 0.993423 -0.032189 -0.109887
-1.97106600 -0.16677500 -6.38383913 40 64 28 0.000000 0.954928 -0.188843 0.229022
-1.96138799 -0.45787200 -6.40021801 43 49 28 0.000000 0.958613 0.284261 -0.015997
-1.95021999 -0.45489401 -6.18952703 41 63 30 0.000000 0.945328 0.325233 -0.024044
-1.99563396 -0.25760299 -6.46647692 41 50 32 0.000000 0.966149 0.254768 -0.040615
-1.96883297 -0.38491100 -6.50891399 47 62 35 0.000000 0.979369 0.039175 0.198248
-1.98297799 -0.22707900 -6.34959221 37 60 29 0.000000 0.971208 -0.237725 0.015530
-1.99191201 -0.24494700 -6.17984819 92 68 63 0.000000 0.997331 0.048310 -0.054751
-1.97181106 -0.35438699 -6.17612600 38 58 26 0.000000 0.928807 0.236810 -0.285023
-1.96064305 -0.42809200 -6.25206423 41 61 29 0.000000 0.953742 0.292172 -0.070791
-1.91895199 -0.55837798 -6.43223095 25 27 20 0.000000 0.761078 0.547782 0.347413
-2.01722503 -0.30078399 -6.53645992 21 22 19 0.000000 0.515649 0.742996 -0.426687
-1.96510994 -0.07445800 -6.34438086 40 50 34 0.000000 0.727543 -0.199263 0.656487
-1.98893404 -0.19283199 -6.26993179 34 55 22 0.000000 0.994949 0.095226 -0.031742
-1.94426405 -0.51445299 -6.30566692 45 68 33 0.000000 0.929816 0.135970 -0.341986
-1.98148894 -0.33502999 -6.41510820 46 62 29 0.000000 0.998513 0.001028 -0.054502
-1.99042296 -0.24494700 -6.23121786 40 61 26 0.000000 0.991734 0.048626 0.118737
-1.95394301 -0.46903899 -6.47987795 45 54 31 0.000000 0.936992 0.302211 0.175255
-1.96957695 -0.42511401 -6.35331488 41 62 26 0.000000 0.961162 0.270131 -0.056539
-1.97776699 -0.38193300 -6.43669796 47 54 30 0.000000 0.988525 0.111400 -0.102019
-1.98521101 -0.27919400 -6.33395815 38 50 25 0.000000 0.997999 0.001036 0.063217
-1.92565203 -0.46382800 -6.58783007 35 36 24 0.000000 0.887310 0.191495 0.419535
-1.99712300 -0.11019400 -6.28631115 32 53 27 0.000000 0.962221 0.268324 -0.046177
-1.98000002 -0.24941400 -6.13294506 35 55 22 0.000000 0.861761 0.095120 -0.498317
-1.98744500 -0.28514901 -6.42776394 40 59 27 0.000000 0.985398 0.150596 -0.079448
-1.94798696 -0.39161199 -6.06966400 36 47 29 0.000000 0.990534 0.111853 -0.079566
-1.99191201 -0.15039600 -6.24908590 35 55 23 0.000000 0.984462 0.001133 -0.175594
-1.98223305 -0.36927700 -6.33693600 43 59 32 0.000000 0.982628 0.134823 0.127535
-1.92714095 -0.51370800 -6.55432701 48 59 26 0.000000 0.910535 0.118161 0.396187
-1.95766497 -0.42734700 -6.52380419 40 47 25 0.000000 0.963217 0.228096 0.142071
-1.96138799 -0.40575701 -6.19399405 38 60 27 0.000000 0.944057 0.325046 -0.055685
-1.97553301 -0.13178401 -6.34884787 24 31 15 0.000000 0.946369 -0.024007 0.322195
-1.95915401 -0.34545299 -6.12847805 38 60 26 0.000000 0.914294 0.229657 -0.333652
-1.93533003 -0.49807400 -6.17686987 34 59 24 0.000000 0.925608 0.356215 -0.127907
-1.95096505 -0.47127199 -6.29301119 41 63 28 0.000000 0.961154 0.191176 -0.199087
-1.98223305 -0.19432101 -6.45679903 31 52 22 0.000000 0.748484 -0.598468 -0.285669
-1.98595595 -0.19283199 -6.16346884 37 54 25 0.000000 0.902546 -0.229659 -0.364236
-1.96362102 -0.12508400 -6.43967581 42 50 38 0.000000 0.909800 0.166583 0.380151
-1.97776699 -0.35885400 -6.27514315 42 61 27 0.000000 0.948930 0.315485 0.001237
-1.99116695 -0.29408300 -6.49178982 44 60 32 0.000000 0.905518 0.357250 -0.228931
-1.94798696 -0.49584100 -6.38086081 41 59 27 0.000000 0.928063 0.355689 0.110386
-1.91969597 -0.46755001 -6.11880016 23 26 18 0.000000 0.745071 0.666198 0.032394
-1.97404397 -0.41692501 -6.40989590 43 55 35 0.000000 0.966705 0.222098 -0.127097
-1.95915401 -0.43925899 -6.57963991 40 40 27 0.000000 0.647929 0.530123 -0.546953
-1.93011904 -0.52264202 -6.23345184 40 52 26 0.000000 0.953295 0.023739 0.301106
-1.95394301 -0.47276101 -6.43818712 38 45 26 0.000000 0.934460 0.355681 -0.016573
-1.92862999 -0.55391097 -6.47764492 33 38 26 0.000000 0.433611 0.030686 -0.900577
-1.97776699 -0.33577499 -6.22079515 39 60 25 0.000000 0.942785 0.301637 -0.142026
-1.94575298 -0.40426800 -6.10837698 42 65 30 0.000000 0.992858 0.119056 -0.007646
-1.98670006 -0.27621600 -6.27886581 41 63 27 0.000000 0.979865 0.111599 0.165559
-1.94128597 -0.52636498 -6.34810400 39 56 25 0.000000 0.948787 0.259254 0.180527
-1.94203103 -0.49956301 -6.50295782 47 57 31 0.000000 0.989149 0.087587 0.117950
-1.97627699 -0.34247500 -6.50891399 39 47 28 0.000000 0.942774 0.307982 0.127765
-1.98744500 -0.25239199 -6.37937212 41 61 28 0.000000 0.989919 0.141417 -0.007795
-1.92565203 -0.51221901 -6.14187908 23 33 18 0.000000 0.561040 0.814029 0.150305
-1.94649804 -0.45638299 -6.14858007 44 67 34 0.000000 0.982218 -0.070758 -0.173897
-1.98000002 -0.18911000 -6.34214687 41 63 28 0.000000 0.951235 -0.228675 0.207026
-1.98446703 -0.29259399 -6.20516109 39 56 24 0.000000 0.971846 0.212473 -0.101836
-1.98818898 -0.12955099 -6.21186209 22 27 5 0.000000 0.903392 0.143238 -0.404186
-1.96362102 -0.15933000 -6.42329693 35 56 27 0.000000 0.970981 -0.094209 0.219821
-2.00159001 -0.23229100 -6.49402380 39 53 30 0.000000 0.945148 0.326641 0.001242
-1.98521101 -0.10274900 -6.32725811 34 51 26 0.000000 0.818186 0.055111 0.572306
-1.91969597 -0.50030798 -6.59378576 32 32 23 0.000000 0.950456 0.308359 0.039338
-1.96510994 -0.30897301 -6.12326717 37 58 23 0.000000 0.832979 0.174970 -0.524911
-1.97553301 -0.37746599 -6.47243404 38 49 25 0.000000 0.970932 0.157345 0.180371
-1.98670006 -0.31567401 -6.27439880 45 58 30 0.000000 0.992275 0.087721 -0.087721
-1.95245397 -0.31344000 -6.08678722 34 44 26 0.000000 0.955461 0.292539 -0.038922
-1.97032201 -0.39012301 -6.26248693 38 60 26 0.000000 0.944191 0.317364 0.088230
-1.97404397 -0.19208799 -6.41138506 43 66 33 0.000000 0.924655 -0.380437 -0.016765
-1.93905306 -0.49956301 -6.27514315 35 58 26 0.000000 0.918283 0.323339 -0.228493
-1.96659899 -0.17496499 -6.48285580 32 30 25 0.000000 0.625770 -0.770748 0.119828
-1.98595595 -0.19059899 -6.30492306 34 56 21 0.000000 0.957295 0.212287 0.196266
-1.97032201 -0.36257699 -6.53571606 48 60 38 0.000000 0.994811 0.101730 0.001071
-1.93830800 -0.43925899 -6.11731100 41 60 30 0.000000 0.879713 0.467216 -0.088392
-1.99414504 -0.22484601 -6.44860983 35 53 28 0.000000 0.948787 -0.180527 -0.259254
-1.98818898 -0.22559001 -6.26248693 39 60 25 0.000000 0.986903 -0.110448 -0.117573
-1.98223305 -0.33056301 -6.38011599 44 63 30 0.000000 0.998089 0.047730 0.039245
-1.94128597 -0.48988500 -6.20888281 39 62 27 0.000000 0.959600 0.269608 0.080499
-1.93235195 -0.55167800 -6.27961016 35 37 22 0.000000 0.658511 -0.095330 -0.746508
-1.98521101 -0.30376199 -6.46052217 42 61 29 0.000000 0.949704 0.149105 -0.275374
-1.96659899 -0.39980099 -6.54315996 43 56 38 0.000000 0.955320 0.284920 -0.078643
-1.95989895 -0.37374401 -6.15230179 37 62 24 0.000000 0.920672 0.032741 -0.388961
-1.93533003 -0.53232098 -6.42106295 42 52 25 0.000000 0.879286 0.285052 0.381577
-1.94873095 -0.46159399 -6.51189184 41 50 25 0.000000 0.947991 0.276441 0.157774
-1.94798696 -0.37300000 -6.10539913 40 65 29 0.000000 0.965173 0.008435 -0.261476
-1.99116695 -0.31567401 -6.52454805 39 50 27 0.000000 0.801930 0.593969 0.064097
-1.91299605 -0.52115297 -6.17314816 35 37 29 0.000000 0.562950 0.705763 -0.430100
-1.94798696 -0.48988500 -6.41287422 42 52 30 0.000000 0.941877 0.331281 0.055863
-1.93681896 -0.52487600 -6.48508978 48 60 33 0.000000 0.991904 0.062635 -0.110465
-1.96510994 -0.13029499 -6.40840721 35 55 26 0.000000 0.986131 -0.014820 -0.165305
-1.95021999 -0.46010500 -6.22005081 40 63 29 0.000000 0.944596 0.318359 -0.079917
-1.95319796 -0.45414901 -6.26695395 37 59 26 0.000000 0.946270 0.322963 0.016337
-1.97627699 -0.27993801 -6.13517904 38 58 24 0.000000 0.926499 0.096031 -0.363837
-1.98967803 -0.25611401 -6.40989590 39 59 28 0.000000 0.981420 -0.031735 -0.189232
-1.95766497 -0.42809200 -6.21483898 39 62 28 0.000000 0.941184 0.299157 -0.157092
-1.96510994 -0.44447100 -6.43372011 46 52 34 0.000000 0.947621 0.315874 -0.047317
-1.97851098 -0.32535201 -6.18282604 43 60 30 0.000000 0.984919 0.001131 -0.173011
-1.99191201 -0.08413700 -6.27142096 38 51 29 0.000000 0.928658 -0.262293 -0.262293
-1.91522896 -0.53827697 -6.45530987 35 43 19 0.000000 0.562444 0.814728 -0.140982
-1.94947600 -0.07967000 -6.36969423 33 38 33 0.000000 0.536046 -0.593540 0.600304
-1.98074400 -0.36108801 -6.30790091 35 58 25 0.000000 0.878351 0.365600 -0.307954
-1.97032201 -0.33130801 -6.15230179 37 60 24 0.000000 0.970530 0.236207 -0.047731
-1.98521101 -0.33279699 -6.33916903 43 61 28 0.000000 0.993750 0.110417 -0.016399
-1.93235195 -0.55465603 -6.34587002 23 24 16 0.000000 0.826809 0.127766 0.547779
-1.98074400 -0.20474400 -6.38532782 39 63 30 0.000000 0.940146 -0.340376 0.016449
-1.96883297 -0.37076601 -6.20069408 37 61 26 0.000000 0.989399 0.143277 -0.023691
-1.95989895 -0.43553701 -6.48806810 42 54 26 0.000000 0.939826 0.237386 0.245715
-1.98148894 -0.36332101 -6.40170717 43 57 30 0.000000 0.999513 0.001007 -0.031203
-1.98521101 -0.30525100 -6.35182619 37 56 26 0.000000 0.993538 0.023106 0.111127
-1.92416298 -0.54274398 -6.55805016 40 43 30 0.000000 0.902312 0.323415 0.285018
-1.97702205 -0.37151101 -6.56996202 33 34 30 0.000000 0.833029 0.087461 -0.546272
-1.98670006 -0.27100399 -6.16421413 35 58 22 0.000000 0.993934 0.109713 -0.007604
-1.97404397 -0.39607900 -6.32353497 39 59 28 0.000000 0.951408 0.254337 -0.173595
-1.97627699 -0.21889000 -6.12177801 26 29 4 0.000000 0.704605 0.663437 -0.251758
-1.95692098 -0.46755001 -6.36745977 40 54 27 0.000000 0.960520 0.277755 -0.015907
-1.99116695 -0.16454200 -6.27514315 31 50 20 0.000000 0.991632 0.102029 -0.079101
-1.94873095 -0.50030798 -6.33097982 41 61 29 0.000000 0.984525 0.166249 -0.055416
-1.96213198 -0.44819301 -6.32725811 40 58 27 0.000000 0.955320 0.284920 -0.078643
-1.99116695 -0.17868701 -6.23866320 28 35 14 0.000000 0.997816 -0.015772 -0.064138
-1.98670006 -0.17570899 -6.19548321 41 63 26 0.000000 0.975694 -0.206891 -0.072228
-1.98670006 -0.26504800 -6.30939007 39 51 24 0.000000 0.991543 -0.088265 0.095142
-1.98372197 -0.35513201 -6.36150408 46 56 33 0.000000 0.994811 0.001071 -0.101730
-1.97255504 -0.41618001 -6.38160610 38 52 26 0.000000 0.928080 0.372004 0.016734
-1.96808803 -0.10796000 -6.36224890 34 56 24 0.000000 0.944432 -0.198756 0.261809
-1.98297799 -0.32981899 -6.25057507 39 57 27 0.000000 0.922170 0.372966 0.102463
-1.96883297 -0.40426800 -6.48211193 46 53 29 0.000000 0.974640 0.189409 0.119165
-1.99042296 -0.27249300 -6.24164104 45 59 31 0.000000 0.999960 0.000985 0.008867
-1.99042296 -0.26579300 -6.20143795 55 63 38 0.000000 0.971866 0.222176 -0.078196
-1.96436596 -0.40724599 -6.23121786 41 62 28 0.000000 0.932849 0.315584 -0.173780
-2.00456810 -0.28738299 -6.51635790 33 47 23 0.000000 0.671556 -0.172861 -0.720508
-1.95841002 -0.44223699 -6.30119991 38 59 28 0.000000 0.952238 0.300370 -0.054961
-1.98521101 -0.24643600 -6.33097982 38 57 23 0.000000 0.989272 0.134744 -0.056431
-1.98670006 -0.29631701 -6.29673290 41 62 25 0.000000 0.998603 -0.047055 0.024050
-1.94351995 -0.50030798 -6.47466707 43 52 29 0.000000 0.993750 -0.016399 -0.110417
-1.98967803 -0.21516700 -6.23791790 38 60 21 0.000000 0.997692 -0.048017 -0.048017
-1.98670006 -0.21293400 -6.28854418 41 63 28 0.000000 0.981537 0.001145 0.191268
-1.98818898 -0.12433900 -6.31236792 30 52 21 0.000000 0.908837 0.261126 0.325314
-1.99042296 -0.23229100 -6.15676880 54 47 32 0.000000 0.989393 0.030670 -0.141991
-1.94277501 -0.45414901 -6.56549501 41 50 21 0.000000 0.767517 0.632504 0.104194
-1.93979704 -0.52636498 -6.51114702 57 63 34 0.000000 0.966970 -0.253050 0.030562
-2.01796889 -0.08264800 -6.29598904 24 33 26 0.000000 0.634974 0.760475 0.135959
-1.96213198 -0.42064700 -6.27812099 41 63 24 0.000000 0.991012 0.118005 0.063012
-1.96138799 -0.44893801 -6.45977688 47 52 38 0.000000 0.966109 0.253588 0.048244
-1.97776699 -0.39310101 -6.35703707 42 57 29 0.000000 0.975916 0.183218 -0.118406
-1.95170903 -0.43553701 -6.54762697 47 58 31 0.000000 0.967531 0.246528 -0.055748
-1.93607497 -0.50998598 -6.53050423 45 53 25 0.000000 0.921713 0.152453 0.356657
-1.98818898 -0.27844900 -6.45233202 42 62 30 0.000000 0.956924 0.285176 -0.054500
-1.97925496 -0.35364300 -6.24238491 45 61 31 0.000000 0.982754 0.095495 -0.158353
-1.91374004 -0.53976601 -6.24238491 43 47 36 0.000000 0.616874 0.379994 0.689254
-1.92565203 -0.49211800 -6.57070589 53 61 29 0.000000 0.960878 0.142886 0.237270
-1.99042296 -0.18613200 -6.47913408 34 41 27 0.000000 0.330222 -0.854237 -0.401538
-1.97925496 -0.35736501 -6.44190884 44 57 32 0.000000 0.997945 -0.030755 0.056207
-1.95692098 -0.42287999 -6.17612600 41 62 30 0.000000 0.928458 0.356474 -0.104367
-1.97776699 -0.15635200 -6.34438086 33 55 22 0.000000 0.956644 0.001219 0.291258
-1.97702205 -0.18762100 -6.36745977 37 58 27 0.000000 0.988395 -0.134198 0.071183
-1.98148894 -0.32386300 -6.44637585 39 55 26 0.000000 0.991178 0.111149 -0.072190
-1.97925496 -0.38714501 -6.40766287 51 60 37 0.000000 0.997940 0.063743 -0.007315
-1.92267394 -0.52338701 -6.26323080 35 53 22 0.000000 0.705574 0.687207 -0.172950
-1.96362102 -0.25909200 -6.10763311 35 54 24 0.000000 0.875957 0.022945 -0.481844
-1.99414504 -0.26877099 -6.48806810 46 66 32 0.000000 0.993015 0.093980 -0.071334
-1.94426405 -0.48243999 -6.16049099 41 60 32 0.000000 0.938551 0.244051 0.244051
-1.94277501 -0.51370800 -6.40766287 40 47 25 0.000000 0.971607 0.141348 0.189737
-1.98595595 -0.23005700 -6.38830614 43 67 31 0.000000 0.970564 -0.237466 -0.040186
-1.98818898 -0.25536999 -6.26695395 37 58 23 0.000000 0.988395 -0.134198 0.071183
-1.94724202 -0.47424999 -6.11358786 32 36 39 0.000000 0.742711 -0.567190 0.355916
-1.99935699 -0.21218900 -6.46796703 38 59 31 0.000000 0.911936 -0.269072 -0.309796
-1.96510994 -0.44447100 -6.36597109 40 55 26 0.000000 0.934460 0.355681 0.016573
-1.96883297 -0.42287999 -6.32502413 40 55 27 0.000000 0.945157 0.245549 -0.215370
-1.94873095 -0.48988500 -6.30715704 42 58 28 0.000000 0.956341 0.228081 -0.182732
-1.94798696 -0.54274398 -6.31087923 49 66 37 0.000000 0.966109 -0.253588 -0.048244
-1.98893404 -0.15858600 -6.22675085 39 62 26 0.000000 0.987878 -0.109764 -0.109764
-1.97032201 -0.38788900 -6.30194521 37 57 26 0.000000 0.981875 0.158993 -0.103164
-1.96734405 -0.42139101 -6.56698418 43 47 29 0.000000 0.779225 0.557043 -0.287250
-1.96287704 -0.40501300 -6.51933718 42 53 28 0.000000 0.970932 0.180371 0.157345
-1.96808803 -0.14295200 -6.38905001 32 56 23 0.000000 0.993219 -0.055116 0.102359
-1.93830800 -0.36853299 -6.07785320 28 32 19 0.000000 0.149662 -0.666675 0.730168
-1.95170903 -0.33502999 -6.10316610 39 62 24 0.000000 0.910504 0.299604 -0.284989
-1.94724202 -0.48690701 -6.45605516 47 53 31 0.000000 0.958330 0.276908 -0.070184
-1.98446703 -0.21442300 -6.31162310 39 60 25 0.000000 0.993122 -0.087195 0.078136
-1.94575298 -0.42436901 -6.13443422 41 63 28 0.000000 0.941130 0.284400 -0.182730
-1.97329903 -0.40948001 -6.44488716 39 50 25 0.000000 0.976887 0.143476 0.158448
-1.93756402 -0.50105202 -6.23345184 39 61 25 0.000000 0.951967 0.246407 0.181776
-1.97329903 -0.34843099 -6.19920492 37 60 23 0.000000 0.947671 0.267083 0.174892
-1.96808803 -0.43404800 -6.39500618 40 55 29 0.000000 0.952105 0.293055 -0.087265
-1.99265599 -0.21591200 -6.17240286 39 53 27 0.000000 0.995347 -0.056216 -0.078261
-1.98744500 -0.20995601 -6.14858007 35 42 24 0.000000 0.539416 -0.610436 -0.579999
-1.99116695 -0.12433900 -6.24685192 37 57 24 0.000000 0.995448 -0.071655 -0.062836
-1.96510994 -0.17943200 -6.45828819 35 57 21 0.000000 0.522645 -0.814210 -0.252793
-1.94203103 -0.48318401 -6.52305889 47 58 32 0.000000 0.957295 0.212287 0.196266
-1.93533003 -0.55391097 -6.41436291 47 51 31 0.000000 0.914633 0.196095 0.353544
-1.94798696 -0.50254101 -6.35331488 41 56 29 0.000000 0.964370 0.260069 0.048530
-1.98000002 -0.20772199 -6.42627478 35 57 30 0.000000 0.868225 -0.427317 -0.252163
-1.96362102 -0.38193300 -6.18208218 42 62 29 0.000000 0.940027 0.306975 -0.148713
-1.98744500 -0.28142700 -6.39575100 42 58 29 0.000000 0.993893 0.103276 -0.038867
-1.98223305 -0.31120700 -6.21707296 39 58 25 0.000000 0.944905 0.301565 -0.127328
-1.94873095 -0.50626397 -6.14187908 31 32 28 0.000000 0.690135 -0.365559 0.624564
-1.97553301 -0.30301699 -6.14187908 39 58 24 0.000000 0.886135 0.286382 -0.364350
-1.97106600 -0.35513201 -6.55656099 51 56 42 0.000000 0.982710 -0.166785 -0.080393
-1.95989895 -0.14667401 -6.44116497 37 52 30 0.000000 0.895954 0.143865 0.420201
-1.95096505 -0.43851501 -6.16198111 40 64 31 0.000000 0.931830 0.252341 -0.260800
-1.94798696 -0.45265999 -6.53199291 38 47 22 0.000000 0.892782 0.388102 0.228729
-1.95394301 -0.47722799 -6.39054012 44 52 28 0.000000 0.935944 0.331847 0.117840
-1.94054198 -0.42064700 -6.09497595 34 42 22 0.000000 0.934184 0.355326 -0.032302
-1.94575298 -0.47946200 -6.26769781 39 60 26 0.000000 0.926838 0.371528 -0.054209
-1.94426405 -0.54721099 -6.49104595 46 54 33 0.000000 0.776470 -0.476951 -0.411839
-1.97627699 -0.35215399 -6.48955679 40 57 28 0.000000 0.979179 0.190026 0.071411
-1.98223305 -0.32609701 -6.49625683 43 55 32 0.000000 0.951098 0.308766 0.008680
-1.97181106 -0.38044399 -6.28184414 40 62 27 0.000000 0.950412 0.293142 -0.103849
-1.98595595 -0.26877099 -6.35257101 44 56 30 0.000000 0.998341 0.015681 -0.055405
-1.93011904 -0.53157598 -6.54092693 55 61 31 0.000000 0.945716 0.071744 0.316978
-1.98595595 -0.27695999 -6.37341595 45 61 28 0.000000 0.994858 0.038560 -0.093647
-1.92118502 -0.45414901 -6.10242081 31 36 23 0.000000 0.532056 0.823095 -0.198574
-1.97404397 -0.15560800 -6.36522722 33 56 22 0.000000 0.974183 -0.142410 0.175177
-1.98297799 -0.14890701 -6.20516109 41 56 30 0.000000 0.961162 0.056539 -0.270131
-2.00084591 -0.09381500 -6.30119991 29 46 26 0.000000 0.937430 0.342195 0.064243
-1.94351995 -0.51594198 -6.38532782 42 64 27 0.000000 0.964730 0.235708 -0.117210
-1.93309700 -0.54497701 -6.36448193 44 61 26 0.000000 0.562616 0.054993 -0.824888
-1.93160796 -0.49211800 -6.55060482 47 57 26 0.000000 0.923180 0.205624 0.324744
-2.01499104 -0.27695999 -6.53124905 24 24 19 0.000000 0.584429 -0.088025 -0.806656
-1.93905306 -0.51817501 -6.18133688 34 30 26 0.000000 0.656920 -0.079758 0.749730
-1.99712300 -0.26430401 -6.51189184 42 55 34 0.000000 0.996024 -0.079464 0.040276
-1.98595595 -0.24792500 -6.35182619 42 62 30 0.000000 0.997940 -0.007315 -0.063743
-1.98297799 -0.08041400 -6.33544683 30 50 28 0.000000 0.316533 0.214334 0.924050
-1.96064305 -0.46085000 -6.42180777 43 56 30 0.000000 0.945367 0.324453 -0.031809
-2.00754595 -0.22261199 -6.51114702 30 29 26 0.000000 0.984430 0.102169 -0.143037
-1.93607497 -0.52040899 -6.21409512 49 69 33 0.000000 0.982959 -0.024371 -0.182201
-1.94500899 -0.47424999 -6.17910385 26 32 20 0.000000 0.934930 0.324419 -0.143730
-1.94724202 -0.47052801 -6.20218277 39 59 27 0.000000 0.931838 0.362873 0.001264
-1.99265599 -0.24271300 -6.42478609 40 60 29 0.000000 0.981430 -0.078466 -0.175040
-1.98967803 -0.19953300 -6.25057507 32 53 20 0.000000 0.991543 0.088265 0.095142
-1.98223305 -0.33949700 -6.27812099 43 57 27 0.000000 0.981537 0.191268 0.001145
-1.94947600 -0.40054601 -6.12773418 38 63 28 0.000000 0.966705 0.127097 -0.222098
-1.98148894 -0.17347600 -6.16570282 45 67 30 0.000000 0.847889 -0.435570 -0.302264
-1.97404397 -0.18687700 -6.39128399 39 62 29 0.000000 0.973709 -0.214043 0.077946
-1.95543206 -0.37374401 -6.13294506 41 62 27 0.000000 0.976321 0.213906 -0.032265
-1.98818898 -0.27547100 -6.18431520 46 61 32 0.000000 0.960520 0.277755 -0.015907
-1.99042296 -0.13699600 -6.29747820 30 50 20 0.000000 0.981218 0.111197 0.157630
-1.93756402 -0.55763400 -6.38011599 39 40 32 0.000000 0.973709 0.214043 -0.077946
-1.91969597 -0.51966399 -6.57145119 61 69 31 0.000000 0.934624 0.103548 0.340230
-1.93011904 -0.47201699 -6.57070589 42 50 26 0.000000 0.872584 0.340781 0.349950
-1.99563396 -0.31939599 -6.54315996 28 28 22 0.000000 0.514954 0.776466 -0.363212
-1.98595595 -0.31790701 -6.29524517 74 63 55 0.000000 0.987642 0.149362 -0.047472
-1.93830800 -0.44000399 -6.09795380 15 30 9 0.000000 0.878495 0.458658 -0.133715
-1.95617604 -0.46382800 -6.31757879 42 65 30 0.000000 0.929691 0.300492 -0.213025
-1.97553301 -0.10870500 -6.34289217 34 54 26 0.000000 0.881749 -0.136205 0.451627
-1.98744500 -0.25909200 -6.14783478 40 59 28 0.000000 0.839343 0.387510 -0.381234
-1.95989895 -0.38937801 -6.16346884 40 64 27 0.000000 0.919552 0.269102 -0.286371
-1.96436596 -0.11168300 -6.41287422 31 30 23 0.000000 0.967356 -0.134890 -0.214540
-1.99637902 -0.24345800 -6.45233202 36 40 28 0.000000 0.982581 0.110525 -0.149391
-1.98446703 -0.29706100 -6.44265413 41 60 24 0.000000 0.982218 0.173897 -0.070758
-1.92565203 -0.50998598 -6.16421413 36 55 26 0.000000 0.554433 0.830951 -0.046086
-1.95543206 -0.44149300 -6.22824001 40 63 30 0.000000 0.925428 0.332817 -0.181154
-1.95841002 -0.31046200 -6.10465384 39 61 24 0.000000 0.932915 0.141517 -0.331123
-1.97181106 -0.42213601 -6.43074179 54 59 44 0.000000 0.965262 0.149401 0.214358
-1.98967803 -0.15784100 -6.29301119 36 56 24 0.000000 0.994949 0.095226 0.031742
-1.96957695 -0.43479201 -6.41436291 41 54 29 0.000000 0.961171 0.275495 -0.015917
-1.96957695 -0.27547100 -6.11805487 33 49 20 0.000000 0.832696 0.072347 -0.548984
-1.94575298 -0.47722799 -6.22675085 40 62 28 0.000000 0.928063 0.355689 0.110386
-1.98967803 -0.13997400 -6.23345184 37 57 24 0.000000 0.990082 0.087053 -0.110267
-1.96287704 -0.41915801 -6.49700212 41 50 26 0.000000 0.998805 0.048346 0.007200
-1.98521101 -0.29780599 -6.33097982 45 64 30 0.000000 0.969670 -0.243919 -0.015620
-1.98223305 -0.34843099 -6.38607311 27 31 18 0.000000 0.998346 0.047340 0.032612
-1.97181106 -0.36034301 -6.51710320 42 51 31 0.000000 0.973248 0.158613 0.166226
-1.97851098 -0.37597701 -6.31906796 40 60 29 0.000000 0.865531 0.213767 -0.452946
-1.95319796 -0.44744900 -6.20664978 40 64 29 0.000000 0.943200 0.277895 -0.182069
-1.97106600 -0.13476200 -6.36671591 31 52 21 0.000000 0.959600 -0.080499 0.269608
-1.93235195 -0.52040899 -6.27886581 39 59 27 0.000000 0.786191 0.269416 -0.556163
-1.96883297 -0.17422000 -6.41212988 38 60 28 0.000000 0.980153 -0.093987 0.174548
-1.99116695 -0.10944900 -6.25801992 36 51 24 0.000000 0.981424 -0.095837 -0.166199
-1.93235195 -0.54721099 -6.53124905 52 52 37 0.000000 0.883628 0.236926 0.403817
-1.99786794 -0.25090301 -6.48508978 40 54 27 0.000000 0.988483 0.151127 0.007836
-1.93086398 -0.50998598 -6.25355291 38 57 24 0.000000 0.910375 0.363862 0.197032
-1.98223305 -0.21144500 -6.36820507 40 64 31 0.000000 0.994244 -0.086116 -0.063748
-1.99488997 -0.23750199 -6.51040316 36 37 32 0.000000 0.905894 0.419871 -0.055353
-1.92639601 -0.53232098 -6.44190884 38 48 24 0.000000 0.871417 0.410703 0.268245
-1.98074400 -0.16230799 -6.18282604 38 50 23 0.000000 0.962977 -0.174253 -0.205697
-1.97553301 -0.31492901 -6.15900183 36 57 23 0.000000 0.944432 0.261809 -0.198756
-1.95543206 -0.45042700 -6.28482199 41 62 25 0.000000 0.969098 0.245602 -0.022987
-1.96808803 -0.38342199 -6.53497124 45 60 36 0.000000 0.983931 0.174323 -0.038608
-1.94128597 -0.53827697 -6.29449987 44 64 32 0.000000 0.865711 -0.294678 -0.404609
-1.98744500 -0.29482800 -6.22302914 33 45 20 0.000000 0.986936 0.148684 -0.062049
-1.96659899 -0.35140899 -6.15900183 37 61 24 0.000000 0.874759 0.327084 -0.357510
-1.94575298 -0.45340499 -6.58336306 31 34 26 0.000000 -0.149455 0.830141 -0.537150
-1.98744500 -0.16975300 -6.21260595 41 63 28 0.000000 0.980201 -0.118998 -0.158255
-1.95543206 -0.45340499 -6.48881197 51 60 37 0.000000 0.947881 0.235947 0.214126
-1.98893404 -0.23601300 -6.24685192 41 62 25 0.000000 0.982947 0.031557 0.181161
-1.96362102 -0.39310101 -6.20664978 41 64 25 0.000000 0.985684 0.156626 -0.062415
-1.95989895 -0.41543600 -6.53720379 46 53 31 0.000000 0.936839 0.348918 -0.024284
-1.99116695 -0.17198700 -6.25876379 33 52 20 0.000000 0.999217 0.001014 0.039563
-1.98670006 -0.25685900 -6.29301119 38 55 24 0.000000 0.997945 0.030755 0.056207
-1.95096505 -0.46010500 -6.23791790 35 58 24 0.000000 0.896178 0.443456 -0.014561
-1.98744500 -0.17570899 -6.29524517 34 55 22 0.000000 0.970638 0.110098 0.213869
-1.97776699 -0.17347600 -6.35033703 35 57 23 0.000000 0.982218 -0.070758 0.173897
-1.98372197 -0.30748400 -6.19548321 33 55 21 0.000000 0.995414 0.095363 -0.007500
-1.93830800 -0.50105202 -6.15528011 34 57 27 0.000000 0.704235 0.639774 0.307801
-1.94277501 -0.52189797 -6.36522722 40 62 28 0.000000 0.964929 0.262509 0.001199
-1.97478902 -0.35513201 -6.22526217 41 64 26 0.000000 0.941184 0.299157 -0.157092
-1.96659899 -0.39756799 -6.24685192 40 58 28 0.000000 0.990305 0.056098 -0.127080
-1.96287704 -0.44819301 -6.38309383 41 58 28 0.000000 0.948461 0.315309 -0.031658
-1.98521101 -0.29259399 -6.40915203 42 57 27 0.000000 0.971607 0.189737 -0.141348
-1.94649804 -0.55316699 -6.33321285 25 33 19 0.000000 0.666137 0.199377 0.718686
-1.97032201 -0.31939599 -6.13890123 41 59 26 0.000000 0.952065 0.159347 -0.261115
-1.94054198 -0.48616201 -6.19101620 39 61 28 0.000000 0.926499 0.363837 -0.096031
-1.97478902 -0.36853299 -6.26099777 40 61 24 0.000000 0.968327 0.231035 0.094686
-1.99191201 -0.11912800 -6.22526217 19 26 15 0.000000 0.996241 0.086305 -0.007458
-1.98521101 -0.20548899 -6.44265413 33 56 28 0.000000 0.797703 -0.536522 -0.275341
-1.98893404 -0.22261199 -6.42925310 44 63 30 0.000000 0.911549 -0.340563 -0.230423
-1.98372197 -0.22931300 -6.37118196 35 55 25 0.000000 0.959404 -0.102285 -0.262833
-1.94426405 -0.53306502 -6.33246899 47 69 35 0.000000 0.965764 -0.175475 0.191073
-1.95617604 -0.44595999 -6.25206423 39 60 31 0.000000 0.944057 0.325046 0.055685
-1.95989895 -0.45861599 -6.34661388 46 61 34 0.000000 0.944481 0.325107 -0.047545
-1.95617604 -0.46531701 -6.45903301 43 50 26 0.000000 0.938978 0.340622 -0.047920
-1.97627699 -0.33726400 -6.52529192 38 48 24 0.000000 0.922858 0.339556 0.181754
-1.97329903 -0.37076601 -6.48806810 42 56 29 0.000000 0.948677 0.283127 0.140893
-1.99116695 -0.21293400 -6.21558380 37 56 23 0.000000 0.997945 0.030755 0.056207
-1.97329903 -0.41096899 -6.34438086 39 60 27 0.000000 0.928212 0.339928 -0.151233
-1.99935699 -0.23601300 -6.47690105 38 53 31 0.000000 0.992161 0.055434 -0.112000
-1.93979704 -0.44968200 -6.13071203 31 29 25 0.000000 0.908249 0.017038 -0.418083
-1.93533003 -0.46829399 -6.12550020 32 41 20 0.000000 0.174034 -0.395532 -0.901813
-1.98967803 -0.28068301 -6.25653076 42 61 28 0.000000 0.998152 -0.024191 -0.055745
-1.93979704 -0.49211800 -6.25801992 39 61 27 0.000000 0.863348 0.499538 -0.071363
-2.00754595 -0.21293400 -6.48285580 42 56 32 0.000000 0.841618 -0.023340 -0.539569
-1.98148894 -0.20921101 -6.40170717 38 59 29 0.000000 0.962250 -0.269430 0.038490
-1.97255504 -0.33800799 -6.17165899 37 60 25 0.000000 0.916146 0.183229 -0.356516
-1.99042296 -0.25164700 -6.16272497 37 59 22 0.000000 0.972602 0.205090 -0.109465
-1.94351995 -0.49360701 -6.29152203 41 58 26 0.000000 0.969329 0.173784 -0.173784
-1.94575298 -0.48392901 -6.49774599 46 56 32 0.000000 0.964380 0.252184 0.079837
-1.98074400 -0.33651900 -6.43520880 41 50 26 0.000000 0.996392 0.046825 0.070782
-1.98372197 -0.18464300 -6.32055712 33 54 20 0.000000 0.989919 0.007795 0.141417
-1.98223305 -0.41469100 -6.58187389 21 21 19 0.000000 0.922858 0.181754 -0.339556
-1.98223305 -0.15039600 -6.32651281 32 53 20 0.000000 0.966879 0.023108 0.254186
-1.98893404 -0.31492901 -6.50668001 40 54 32 0.000000 0.838144 0.473868 -0.270120
-1.99265599 -0.14741801 -6.26546478 31 52 20 0.000000 0.990466 0.023556 -0.135726
-1.98818898 -0.20921101 -6.13145590 24 8 11 0.000000 0.737854 0.634460 0.230286
-1.96957695 -0.42734700 -6.36969423 39 59 26 0.000000 0.921478 0.372162 -0.111237
-1.98148894 -0.32237399 -6.22972918 38 60 26 0.000000 0.989602 0.119495 -0.080050
-1.97776699 -0.36257699 -6.46573305 46 63 34 0.000000 0.994521 0.103256 -0.016304
-2.00531292 -0.30673999 -6.52678204 34 46 25 0.000000 0.477605 0.658593 -0.581506
-1.99116695 -0.26430401 -6.42404222 40 60 29 0.000000 0.996392 0.070782 -0.046825
-1.99042296 -0.09307100 -6.25727606 37 45 30 0.000000 0.978855 0.001156 -0.204554
-1.95468700 -0.47573900 -6.41734123 43 53 29 0.000000 0.911128 0.411772 -0.016994
-1.95766497 -0.43702599 -6.27588701 42 65 28 0.000000 0.974640 0.189409 -0.119165
-1.96064305 -0.42883599 -6.29226589 40 62 26 0.000000 0.989602 0.119495 -0.080050
-1.91746294 -0.54199898 -6.47094393 50 54 31 0.000000 0.490532 0.500509 -0.713350
-1.94873095 -0.48765099 -6.43446398 45 56 31 0.000000 0.949523 0.308819 0.055101
-1.92862999 -0.53827697 -6.22972918 29 34 22 0.000000 0.775198 0.238643 0.584908
-1.99042296 -0.26579300 -6.44265413 41 60 30 0.000000 0.971535 0.228379 -0.062958
-1.97776699 -0.35885400 -6.29226589 36 55 24 0.000000 0.973026 0.230547 -0.008276
-1.99191201 -0.25834799 -6.21558380 49 53 34 0.000000 0.994231 0.102396 -0.031930
-1.95096505 -0.49062899 -6.36597109 41 63 30 0.000000 0.961986 0.259340 -0.085595
-1.98446703 -0.32014099 -6.35778189 42 62 27 0.000000 0.997349 0.071012 0.015898
-1.98297799 -0.31269601 -6.38309383 44 60 29 0.000000 0.991267 0.119498 0.055766
-1.97702205 -0.39607900 -6.33991385 38 56 28 0.000000 0.955461 0.292539 -0.038922
-1.98744500 -0.18538800 -6.18282604 37 52 25 0.000000 0.950456 -0.308359 -0.039338
-1.98595595 -0.27472699 -6.29673290 40 52 26 0.000000 0.999889 0.000993 -0.014894
-1.98595595 -0.32163000 -6.32204580 40 58 28 0.000000 0.990534 0.079566 0.111853
-1.94575298 -0.39458999 -6.09572077 41 67 29 0.000000 0.989311 0.110962 0.094609
-1.97776699 -0.40054601 -6.38011599 38 56 29 0.000000 0.924666 0.379982 -0.024640
-1.91969597 -0.54572201 -6.27216482 48 57 33 0.000000 0.545407 -0.102716 -0.831854
-1.96734405 -0.40948001 -6.55656099 43 55 35 0.000000 0.825738 0.467132 -0.316140
-2.00680208 -0.08934800 -6.28705502 25 35 26 0.000000 0.331455 0.916883 -0.222405
-1.96734405 -0.38714501 -6.22079515 38 60 28 0.000000 0.940116 0.259677 -0.220795
-1.98595595 -0.22707900 -6.14262295 38 51 26 0.000000 0.799155 -0.006877 -0.601086
-1.98893404 -0.30078399 -6.25801992 58 62 41 0.000000 0.991267 0.119498 -0.055766
-1.98818898 -0.19134299 -6.28556585 38 59 22 0.000000 0.995427 -0.040518 0.086511
-1.93756402 -0.50477499 -6.21334982 40 64 29 0.000000 0.954956 0.283766 -0.086814
-1.98818898 -0.21367800 -6.27291012 37 57 24 0.000000 0.997940 0.007315 0.063743
-1.99042296 -0.20251100 -6.20143795 39 58 25 0.000000 0.976870 -0.213285 -0.015319
-1.97553301 -0.23601300 -6.12624502 32 52 21 0.000000 0.837093 -0.102295 -0.537411
-1.94947600 -0.47573900 -6.13443422 48 74 39 0.000000 0.821567 -0.560752 -0.102877
-1.99116695 -0.27621600 -6.47466707 37 56 30 0.000000 0.928591 0.270780 -0.253767
-1.95394301 -0.43628100 -6.18357086 40 60 29 0.000000 0.972086 0.125145 -0.198462
-1.96064305 -0.41245800 -6.21707296 42 64 27 0.000000 0.974465 0.220975 -0.039848
-1.99340105 -0.11838300 -6.29896688 31 51 24 0.000000 0.898839 0.395142 0.189610
-1.97553301 -0.38640001 -6.45977688 45 53 29 0.000000 0.990429 0.118759 0.070333
-1.97702205 -0.33279699 -6.19622707 36 59 24 0.000000 0.994949 0.095226 0.031742
-1.97404397 -0.37225500 -6.29971123 37 60 26 0.000000 0.921138 0.348424 -0.173507
-1.96064305 -0.39905700 -6.17538118 40 61 28 0.000000 0.952713 0.198089 -0.230430
-1.95841002 -0.42213601 -6.20069408 40 64 27 0.000000 0.975719 0.197127 -0.095464
-1.97627699 -0.26579300 -6.12922287 34 57 21 0.000000 0.908254 0.221631 -0.354900
-1.94500899 -0.37895501 -6.08678722 44 68 30 0.000000 0.959713 -0.278304 -0.038688
-1.98074400 -0.19729900 -6.35629320 36 58 25 0.000000 0.990793 -0.095734 0.095734
-1.94203103 -0.50105202 -6.44265413 38 48 23 0.000000 0.858899 0.469172 0.205356
-1.96659899 -0.36853299 -6.17463684 39 60 27 0.000000 0.839993 0.063316 -0.538890
-1.94873095 -0.48616201 -6.47317791 43 47 31 0.000000 0.890404 0.452678 -0.047579
-1.98372197 -0.13625100 -6.32055712 34 55 24 0.000000 0.944596 0.079917 0.318359
-1.95096505 -0.44149300 -6.56549501 41 51 24 0.000000 0.846861 0.531813 0.001346
-1.91522896 -0.55093300 -6.44712114 28 34 23 0.000000 0.790824 0.460910 0.402690
-1.95245397 -0.36778799 -6.11880016 39 64 28 0.000000 0.934587 0.078436 -0.346980
-1.97702205 -0.35364300 -6.26099777 33 48 22 0.000000 0.950456 0.308359 0.039338
-1.95617604 -0.33502999 -6.11805487 39 63 24 0.000000 0.845911 0.213369 -0.488782
-1.98818898 -0.29110500 -6.27737713 39 59 28 0.000000 0.992023 -0.103644 -0.071754
-1.93458605 -0.52710903 -6.19250393 19 26 15 0.000000 0.928458 0.356474 0.104367
-1.97776699 -0.36927700 -6.45084286 43 56 29 0.000000 0.979395 0.156851 0.127210
-1.98521101 -0.33279699 -6.29449987 38 53 26 0.000000 0.965822 0.183285 -0.183285
-1.98372197 -0.27472699 -6.15006924 40 59 25 0.000000 0.951891 0.212584 -0.220709
-1.98967803 -0.25090301 -6.24685192 43 58 29 0.000000 0.998513 0.001028 0.054502
-1.98967803 -0.26132599 -6.17984819 44 58 26 0.000000 0.942395 0.285864 -0.173707
-1.96064305 -0.08785900 -6.36448193 40 59 32 0.000000 0.745462 -0.633875 0.206126
-1.96362102 -0.17049800 -6.43297482 38 62 29 0.000000 0.906804 -0.358369 0.221986
-1.95394301 -0.16975300 -6.45828819 37 54 28 0.000000 0.641474 -0.674286 0.365854
-1.96734405 -0.43107000 -6.44935417 52 57 44 0.000000 0.982808 0.142137 0.117840
-1.96138799 -0.44149300 -6.47243404 47 58 37 0.000000 0.976981 0.182486 0.110485
-1.93384099 -0.51743102 -6.46498919 45 55 30 0.000000 0.939905 0.339088 -0.039969
-1.95468700 -0.35140899 -6.11582184 38 62 27 0.000000 0.911923 0.063309 -0.405449
-1.96883297 -0.39086699 -6.49551296 43 51 29 0.000000 0.963274 0.237253 0.125757
-1.99637902 -0.28291601 -6.50519085 41 58 33 0.000000 0.930622 0.053968 -0.361982
-1.98818898 -0.29482800 -6.47764492 39 58 29 0.000000 0.990011 0.135260 -0.039782
-1.94575298 -0.47573900 -6.51114702 47 58 35 0.000000 0.948787 0.259254 0.180527
-1.98670006 -0.23080200 -6.28184414 38 57 24 0.000000 0.997816 0.064138 -0.015772
-1.99042296 -0.23080200 -6.22824001 43 63 27 0.000000 0.991904 -0.062635 -0.110465
-1.95915401 -0.46085000 -6.44563198 41 46 28 0.000000 0.930829 0.363219 0.040358
-1.98446703 -0.29855001 -6.42329693 38 55 26 0.000000 0.985684 0.156626 -0.062415
-1.94724202 -0.47424999 -6.14858007 46 69 36 0.000000 0.993219 -0.055116 0.102359
-1.96436596 -0.40650201 -6.50370216 46 56 32 0.000000 0.988411 0.094972 0.118422
-1.96957695 -0.37448901 -6.52380419 44 55 32 0.000000 0.989399 0.143277 -0.023691
-1.91299605 -0.53381002 -6.57889605 65 72 34 0.000000 0.808331 0.308463 0.501450
-1.94203103 -0.53827697 -6.50370216 47 56 29 0.000000 0.966112 -0.245622 -0.079355
-1.95841002 -0.30003899 -6.09497595 37 50 28 0.000000 0.975694 0.206891 -0.072228
-1.94054198 -0.49658501 -6.51859188 50 57 31 0.000000 0.978083 0.102372 0.181309
-1.94500899 -0.42064700 -6.08157492 37 52 30 0.000000 0.847896 0.522988 0.086927
-1.98818898 -0.18762100 -6.20292807 32 49 19 0.000000 0.996383 -0.031374 -0.078975
-1.95319796 -0.15337400 -6.45158815 37 52 29 0.000000 0.792016 -0.040797 0.609135
-1.93905306 -0.53306502 -6.47392321 63 66 45 0.000000 -0.323651 -0.436226 -0.839617
-1.95096505 -0.44893801 -6.17686987 40 64 31 0.000000 0.920908 0.381577 -0.079551
-1.97627699 -0.18613200 -6.46647692 31 52 18 0.000000 0.522841 -0.722019 -0.453129
-1.93011904 -0.45042700 -6.11582184 44 60 27 0.000000 0.916106 0.371774 -0.150112
-1.98521101 -0.33651900 -6.32576799 45 55 32 0.000000 0.997999 0.063217 0.001036
-1.92565203 -0.50775301 -6.17910385 54 61 41 0.000000 0.789440 0.521509 0.323750
-1.97702205 -0.40426800 -6.36522722 43 61 28 0.000000 0.980153 0.174548 -0.093987
-1.98893404 -0.24494700 -6.40170717 46 70 32 0.000000 0.988483 -0.007836 -0.151127
-1.95766497 -0.50477499 -6.13145590 33 31 28 0.000000 0.610682 -0.023648 0.791522
-1.95692098 -0.44447100 -6.49923515 46 56 30 0.000000 0.923046 0.330368 0.197087
-1.98223305 -0.36778799 -6.36671591 55 57 45 0.000000 0.977483 0.198418 -0.071820
-1.93458605 -0.53381002 -6.28333282 37 57 25 0.000000 0.836498 -0.046084 -0.546028
-1.97478902 -0.35736501 -6.50221300 39 49 28 0.000000 0.978602 0.109830 0.174001
-1.95170903 -0.48765099 -6.33544683 41 61 30 0.000000 0.993219 0.102359 -0.055116
-1.98670006 -0.24941400 -6.36597109 39 59 27 0.000000 0.995685 0.079961 -0.047101
-1.99340105 -0.23973501 -6.43818712 40 62 30 0.000000 0.974432 -0.206773 -0.087909
-1.98670006 -0.23750199 -6.26918697 35 52 24 0.000000 0.993423 -0.109887 -0.032189
-1.98521101 -0.32237399 -6.26248693 37 57 25 0.000000 0.968315 0.150455 0.199321
-1.97032201 -0.39607900 -6.55656099 47 55 39 0.000000 0.946003 0.158344 -0.282853
-1.90406203 -0.53157598 -6.59825277 40 41 35 0.000000 0.674325 0.674325 -0.300952
-1.97255504 -0.35066500 -6.52678204 44 56 29 0.000000 0.981423 0.135664 0.135664
-1.97478902 -0.41171300 -6.39724016 42 52 30 0.000000 0.950412 0.293142 -0.103849
-1.95617604 -0.38640001 -6.14858007 42 66 27 0.000000 0.976723 0.135968 -0.165906
-1.93979704 -0.48541799 -6.17314816 39 48 30 0.000000 0.903691 0.420991 0.078164
-1.97478902 -0.14369600 -6.35554790 35 56 25 0.000000 0.978789 -0.079229 0.188932
-1.96362102 -0.39235601 -6.19250393 39 63 27 0.000000 0.941824 0.300351 -0.150855
-1.97106600 -0.11987200 -6.35629320 33 52 22 0.000000 0.952164 -0.142492 0.270335
-1.99116695 -0.16379701 -6.24685192 35 56 22 0.000000 0.997737 0.054422 -0.039483
-1.94649804 -0.07148000 -6.35927105 22 33 33 0.000000 0.142732 -0.880902 0.451264
-1.97776699 -0.14518499 -6.18580389 35 42 30 0.000000 0.987328 -0.086111 -0.133295
-1.97702205 -0.40426800 -6.41361904 55 58 45 0.000000 0.996719 0.040042 0.070344
-1.94724202 -0.43553701 -6.14932394 41 65 31 0.000000 0.937795 0.108983 -0.329641
-1.93905306 -0.54199898 -6.40915203 46 60 30 0.000000 0.958552 -0.062211 0.278044
-1.97032201 -0.38565600 -6.24164104 43 59 33 0.000000 0.924054 0.348093 -0.157970
-1.94575298 -0.36108801 -6.09944296 36 61 24 0.000000 0.815194 0.032050 -0.578300
-1.94277501 -0.50105202 -6.48955679 44 52 27 0.000000 0.939170 0.332485 0.086102
-1.91820705 -0.53827697 -6.26099777 30 28 23 0.000000 -0.357510 -0.874759 -0.327084
-2.00977993 -0.08413700 -6.30939007 36 51 37 0.000000 0.468877 0.780381 0.413715
-1.98223305 -0.32758501 -6.48285580 45 59 32 0.000000 0.968200 0.237341 -0.079114
-1.92490804 -0.47871700 -6.58113003 46 53 28 0.000000 0.920253 0.230421 0.316292
-1.97776699 -0.19432101 -6.44339800 34 57 29 0.000000 0.721269 -0.658956 -0.213421
-1.94649804 -0.39012301 -6.10837698 43 66 31 0.000000 0.978602 0.109830 -0.174001
-1.93235195 -0.45489401 -6.58038521 25 29 15 0.000000 0.736548 0.364191 0.569967
-1.99488997 -0.10498200 -6.30566692 31 51 25 0.000000 0.917290 0.307689 0.252796
-1.98967803 -0.21070001 -6.25801992 39 61 25 0.000000 0.986180 0.141222 -0.086632
-1.99042296 -0.18836600 -6.22675085 38 56 26 0.000000 0.996387 -0.055536 -0.064248
-1.98967803 -0.17943200 -6.27961016 32 53 19 0.000000 0.990946 0.086520 0.102671
-2.00977993 -0.21889000 -6.49849081 29 33 23 0.000000 0.904456 0.404959 0.134046
-1.96957695 -0.34098601 -6.54464912 48 55 36 0.000000 0.917646 -0.088366 0.387450
-1.98670006 -0.28068301 -6.30864477 46 63 29 0.000000 0.989138 0.103935 0.103935
-1.98000002 -0.34173101 -6.25578594 34 53 22 0.000000 0.988927 0.142908 0.040014
-1.98595595 -0.25909200 -6.32130098 41 64 28 0.000000 0.999612 0.023341 -0.015223
-1.99116695 -0.18464300 -6.25057507 40 55 28 0.000000 0.999217 0.039563 0.001014
-1.98074400 -0.38788900 -6.57591820 32 31 27 0.000000 0.878171 0.158216 -0.451424
-2.00084591 -0.08488100 -6.32130098 33 51 34 0.000000 0.642217 0.601974 0.474536
-1.92118502 -0.50700802 -6.57517290 50 59 25 0.000000 0.941511 0.253005 0.222589
-1.98521101 -0.23824599 -6.32055712 34 55 22 0.000000 0.989675 -0.142343 -0.016812
-1.97404397 -0.29333901 -6.13294506 34 53 22 0.000000 0.930054 0.286496 -0.230044
-1.98967803 -0.28514901 -6.46498919 37 56 27 0.000000 0.992588 0.102994 -0.064513
-1.97106600 -0.38565600 -6.48360109 39 52 25 0.000000 0.980117 0.190279 0.056246
-1.94575298 -0.55391097 -6.47987795 31 29 9 0.000000 0.230369 -0.700511 0.675437
-1.99786794 -0.09456000 -6.27663183 32 43 29 0.000000 0.863690 0.253491 -0.435640
-1.93458605 -0.54199898 -6.34810400 34 50 22 0.000000 0.669536 0.525225 0.525225
-1.96883297 -0.42958099 -6.33619213 41 58 31 0.000000 0.925318 0.372531 -0.070767
-1.93681896 -0.49807400 -6.19473791 40 64 27 0.000000 0.943952 0.316416 -0.093998
-1.95319796 -0.47648400 -6.31683493 45 66 29 0.000000 0.948398 0.316961 -0.008701
-1.98521101 -0.28663799 -6.19027090 37 57 26 0.000000 0.953581 0.285683 -0.095228
-1.97553301 -0.34396401 -6.18729305 36 57 24 0.000000 0.924588 0.380863 -0.008977
-1.95021999 -0.46755001 -6.26546478 42 63 32 0.000000 0.925055 0.355365 0.134126
-1.95543206 -0.40129000 -6.16123581 39 62 27 0.000000 0.952713 0.198089 -0.230430
-1.95096505 -0.41766900 -6.15602398 38 63 26 0.000000 0.937514 0.126178 -0.324263
-1.96510994 -0.41990301 -6.48434496 42 54 28 0.000000 0.967327 0.158853 0.197598
-1.99042296 -0.20772199 -6.16272497 39 59 28 0.000000 0.983659 -0.070346 -0.165732
-1.95841002 -0.42883599 -6.23940802 40 58 30 0.000000 0.967949 0.221209 -0.118916
-1.96808803 -0.41320199 -6.46945620 50 60 32 0.000000 0.974432 0.206773 0.087909
-1.97776699 -0.16156401 -6.16272497 20 30 15 0.000000 0.999379 -0.031710 0.015344
-1.98372197 -0.34247500 -6.34735918 39 58 29 0.000000 0.983039 0.001139 0.183394
-1.97925496 -0.38193300 -6.35108089 44 62 32 0.000000 0.994244 0.086116 -0.063748
-1.97776699 -0.39831200 -6.40170717 50 54 39 0.000000 0.966693 0.237545 -0.095272
-1.96883297 -0.09977100 -6.35257101 31 49 20 0.000000 0.909844 -0.227824 0.346815
-1.98000002 -0.38714501 -6.39500618 72 67 56 0.000000 0.996387 0.055536 -0.064248
-1.99712300 -0.20027700 -6.47168922 32 53 23 0.000000 0.716628 -0.460571 -0.523754
-1.98521101 -0.31195101 -6.23866320 41 58 29 0.000000 0.968315 0.150455 -0.199321
-1.95989895 -0.43107000 -6.56996202 44 52 29 0.000000 0.815326 0.577581 -0.040557
-1.99116695 -0.09902600 -6.31683493 29 47 21 0.000000 0.848384 0.396950 0.350250
-1.98595595 -0.22633500 -6.30790091 44 61 32 0.000000 0.991782 0.001093 0.127937
-1.97478902 -0.16752000 -6.36150408 36 59 23 0.000000 0.999863 -0.006992 0.014983
-1.97329903 -0.38118899 -6.25429678 39 60 25 0.000000 0.977459 0.188589 -0.094911
-1.97776699 -0.21442300 -6.13592291 35 42 27 0.000000 0.995414 -0.095363 -0.007500
-1.92192996 -0.54721099 -6.43669796 43 49 29 0.000000 0.738397 0.356974 0.572136
-1.97478902 -0.41022399 -6.42925310 42 53 34 0.000000 0.952713 0.230430 0.198089
-1.96362102 -0.36183199 -6.15304708 37 61 23 0.000000 0.954939 0.221610 -0.197435
-1.94203103 -0.41543600 -6.11210012 42 66 29 0.000000 0.918071 0.396056 -0.016881
-1.98297799 -0.34917599 -6.30566692 36 57 26 0.000000 0.951132 0.278023 -0.134356
-1.99042296 -0.20400000 -6.17463684 37 56 23 0.000000 0.972674 -0.221231 -0.070448
-1.96064305 -0.42809200 -6.50519085 45 54 29 0.000000 0.962069 0.221814 0.158814
-1.99042296 -0.19655500 -6.23866320 37 55 23 0.000000 0.993750 0.110417 -0.016399
-1.97925496 -0.34024200 -6.49030113 33 47 25 0.000000 0.995414 0.095363 -0.007500
-1.98744500 -0.20325500 -6.29598904 37 57 23 0.000000 0.987050 0.023963 0.158613
-2.00680208 -0.26951501 -6.52603722 28 31 23 0.000000 0.738446 -0.507165 -0.444389
-1.93905306 -0.53604299 -6.48955679 48 59 31 0.000000 0.940398 -0.077817 -0.331052
-2.00754595 -0.06924700 -6.32949114 32 36 34 0.000000 0.568585 0.291459 0.769261
-1.94575298 -0.47052801 -6.16272497 45 66 32 0.000000 0.998152 0.024191 -0.055745
-1.94351995 -0.42287999 -6.12252188 40 63 27 0.000000 0.900379 0.198634 -0.387120
-1.94054198 -0.53008699 -6.39426184 44 65 30 0.000000 0.990388 0.134386 -0.032749
-2.01275802 -0.29482800 -6.52678204 23 27 19 0.000000 0.696825 0.142977 -0.702846
-1.96734405 -0.38714501 -6.52082491 46 61 34 0.000000 0.983039 0.183394 0.001139
-1.97106600 -0.26058099 -6.11954498 35 55 20 0.000000 0.928080 -0.016734 -0.372004
-1.95468700 -0.43181399 -6.55879498 44 51 28 0.000000 0.812624 0.561204 -0.157137
-1.96362102 -0.41543600 -6.24015188 41 57 29 0.000000 0.918629 0.332878 -0.212870
-1.95841002 -0.46308300 -6.32949114 41 59 31 0.000000 0.960878 0.237270 -0.142886
-1.94649804 -0.47722799 -6.27961016 44 65 29 0.000000 0.902331 0.379241 -0.204877
-1.94500899 -0.50998598 -6.36597109 42 62 30 0.000000 0.981696 0.182060 0.055927
-1.95543206 -0.43925899 -6.52305889 40 52 27 0.000000 0.934332 0.333204 0.126482
-1.93086398 -0.51073003 -6.54315996 50 57 28 0.000000 0.953024 0.119952 0.278130
-1.98297799 -0.15784100 -6.19697094 42 61 28 0.000000 0.967675 -0.182166 -0.174414
-2.01275802 -0.20846701 -6.49327898 34 35 24 0.000000 0.960433 0.222652 -0.167318
-1.95394301 -0.47722799 -6.40542889 44 57 27 0.000000 0.940557 0.331884 0.072149
-1.97255504 -0.41245800 -6.33246899 46 60 33 0.000000 0.993652 0.048062 -0.101712
-1.94500899 -0.46978301 -6.19027090 40 61 29 0.000000 0.965591 0.244887 -0.087550
-1.93384099 -0.52338701 -6.43893099 40 46 24 0.000000 0.814007 0.482082 0.324022
-1.96213198 -0.45340499 -6.35852623 27 34 16 0.000000 0.955461 0.292539 -0.038922
-1.94649804 -0.45042700 -6.15900183 42 64 31 0.000000 0.982754 0.158353 0.095495
-1.96734405 -0.38118899 -6.19473791 36 60 23 0.000000 0.947744 0.308962 -0.079522
-1.93384099 -0.52785403 -6.20441580 46 63 33 0.000000 0.947352 0.307922 -0.087791
-1.94500899 -0.47648400 -6.21483898 38 62 27 0.000000 0.971946 0.198951 -0.125453
-1.97702205 -0.19506600 -6.39947319 39 60 29 0.000000 0.899227 -0.386216 0.205496
-1.94426405 -0.51519698 -6.35108089 45 59 30 0.000000 0.940919 0.338631 0.001250
-1.98670006 -0.14518499 -6.31162310 31 52 20 0.000000 0.956790 -0.086511 0.277611
-1.97329903 -0.18687700 -6.45382118 36 61 32 0.000000 0.672258 -0.726400 -0.142874
-1.94724202 -0.49360701 -6.42404222 46 53 30 0.000000 0.924666 0.379982 0.024640
-1.97106600 -0.39607900 -6.47392321 46 54 29 0.000000 0.959919 0.253981 0.118525
-1.97106600 -0.37895501 -6.49625683 45 59 31 0.000000 0.983189 0.182412 0.008031
-1.95021999 -0.32460800 -6.08976507 46 62 33 0.000000 0.954159 0.128013 -0.270543
-1.94873095 -0.44670400 -6.54539394 41 51 24 0.000000 0.911026 0.404446 -0.080345
-1.97627699 -0.36332101 -6.25057507 40 60 26 0.000000 0.987769 0.150638 0.040247
-1.96436596 -0.12136100 -6.40096188 39 58 27 0.000000 0.982710 -0.166785 -0.080393
-1.92714095 -0.49807400 -6.55953884 47 57 25 0.000000 0.929564 0.198288 0.310792
-1.92192996 -0.53157598 -6.24164104 33 51 20 0.000000 0.649853 0.492008 0.579327
-1.93235195 -0.44819301 -6.10465384 32 49 22 0.000000 0.626866 0.762813 0.158605
-2.02169204 -0.07743600 -6.30566692 32 38 34 0.000000 0.647070 0.733967 0.206380
-1.98372197 -0.21591200 -6.38607311 37 59 28 0.000000 0.981499 -0.150342 -0.118562
-1.99042296 -0.21963400 -6.22526217 38 60 23 0.000000 0.988554 -0.016908 0.149918
-1.93830800 -0.46233901 -6.55879498 45 54 27 0.000000 0.876335 0.449140 0.174097
-1.98148894 -0.06924700 -6.33767986 26 35 24 0.000000 0.023291 0.118676 0.992660
-1.99786794 -0.22186799 -6.46201086 41 62 32 0.000000 0.903637 -0.213904 -0.371059
-1.95989895 -0.46010500 -6.37564898 43 59 27 0.000000 0.952479 0.294167 -0.079049
-1.98744500 -0.28440499 -6.21260595 41 58 26 0.000000 0.960878 0.142886 -0.237270
-1.93458605 -0.54423302 -6.47615623 37 37 23 0.000000 0.215369 -0.773158 -0.596525
-1.95245397 -0.47573900 -6.46201086 50 53 33 0.000000 0.962511 0.235744 -0.134152
-1.98074400 -0.26430401 -6.13964605 33 53 20 0.000000 0.904828 0.110141 -0.411285
-1.97851098 -0.29185000 -6.14336777 42 60 24 0.000000 0.769635 0.158766 -0.618430
-1.98744500 -0.30599499 -6.26844311 65 61 42 0.000000 0.944057 0.325046 -0.055685
-1.98744500 -0.30450600 -6.48360109 41 60 29 0.000000 0.987397 0.157575 -0.014737
-1.93607497 -0.53157598 -6.21632814 20 26 10 0.000000 0.993893 0.103276 0.038867
-1.96138799 -0.17198700 -6.47317791 23 25 18 0.000000 0.468358 -0.768629 -0.435719
-1.95096505 -0.47722799 -6.30269003 47 65 31 0.000000 0.978343 0.142597 -0.150037
-1.99340105 -0.11912800 -6.28035402 30 51 21 0.000000 0.980910 0.039047 -0.190502
-1.95543206 -0.42958099 -6.53869295 40 50 30 0.000000 0.934773 0.318016 0.158319
-1.99042296 -0.08562600 -6.32874680 37 55 36 0.000000 0.585116 0.260227 0.768063
-1.99265599 -0.23378000 -6.18133688 50 56 34 0.000000 0.991904 -0.062635 -0.110465
-1.97851098 -0.38863400 -6.41882992 45 51 29 0.000000 0.962957 0.268647 0.023307
-1.98893404 -0.17719799 -6.22675085 37 54 22 0.000000 0.971823 -0.055148 -0.229169
-1.97851098 -0.30003899 -6.15230179 35 55 21 0.000000 0.919507 0.324616 -0.221654
-1.97702205 -0.36183199 -6.47690105 41 58 28 0.000000 0.989149 0.117950 0.087587
-1.98670006 -0.24122401 -6.37862778 38 58 27 0.000000 0.992275 -0.087721 -0.087721
-1.95096505 -0.33577499 -6.09199810 41 62 29 0.000000 0.833608 0.317490 -0.451994
-1.95468700 -0.47276101 -6.37713909 41 50 27 0.000000 0.953979 0.293236 -0.062745
-1.98521101 -0.29780599 -6.36894894 34 53 23 0.000000 0.993423 0.109887 -0.032189
-1.98967803 -0.27249300 -6.23047400 67 55 47 0.000000 0.990388 -0.134386 -0.032749
-1.95543206 -0.47127199 -6.35703707 43 61 30 0.000000 0.910588 0.397776 0.112264
-1.98818898 -0.14741801 -6.22526217 40 62 27 0.000000 0.966893 -0.015692 -0.254700
-1.95915401 -0.43851501 -6.28705502 41 63 27 0.000000 0.982959 0.182201 -0.024371
-1.98670006 -0.28514901 -6.38532782 44 61 30 0.000000 0.989272 0.134744 0.056431
-1.95394301 -0.45563799 -6.29449987 43 64 29 0.000000 0.929691 0.300492 -0.213025
-1.95021999 -0.55316699 -6.50891399 60 64 59 0.000000 0.963639 -0.261220 0.056244
-1.98000002 -0.11466100 -6.33470201 32 44 23 0.000000 0.894930 -0.055848 0.442698
-1.99116695 -0.30450600 -6.50370216 39 53 30 0.000000 0.904338 0.316151 -0.286741
-2.00531292 -0.20251100 -6.47987795 43 59 34 0.000000 0.870584 -0.023017 -0.491481
-1.98818898 -0.28291601 -6.26993179 44 65 31 0.000000 0.978211 -0.032014 0.205128
-1.94575298 -0.45117101 -6.55507183 39 51 22 0.000000 0.918050 0.395688 -0.024812
-1.98148894 -0.18464300 -6.15751410 39 55 27 0.000000 0.908254 -0.221631 -0.354900
-1.97106600 -0.41096899 -6.56698418 42 51 32 0.000000 0.814210 0.252793 -0.522645
-1.94649804 -0.48243999 -6.28928900 42 63 27 0.000000 0.951415 0.284498 -0.117769
-1.95021999 -0.48020601 -6.44786501 43 51 28 0.000000 0.952409 0.302292 -0.039209
-1.92714095 -0.55093300 -6.42776394 52 56 35 0.000000 0.750096 0.348317 0.562167
-1.96287704 -0.37374401 -6.16570282 38 62 25 0.000000 0.920240 0.215436 -0.326721
-1.91746294 -0.51668602 -6.16123581 30 38 21 0.000000 0.586046 0.797798 0.141665
-1.98074400 -0.30450600 -6.17686987 39 58 24 0.000000 0.968315 0.199321 -0.150455
-1.94724202 -0.47424999 -6.25727606 41 61 26 0.000000 0.948717 0.293240 -0.118092
-1.95170903 -0.49584100 -6.13741207 38 58 27 0.000000 0.779278 0.167961 0.603751
-1.97181106 -0.18092100 -6.40021801 39 62 28 0.000000 0.950833 -0.301421 0.071151
-1.97255504 -0.37746599 -6.26695395 38 60 26 0.000000 0.959354 0.238194 -0.151338
-1.96659899 -0.43404800 -6.34587002 42 63 28 0.000000 0.962429 0.261791 -0.072087
-1.95692098 -0.44000399 -6.26546478 43 65 28 0.000000 0.981218 0.157630 0.111197
-1.98595595 -0.30376199 -6.22898483 36 53 23 0.000000 0.987290 0.158732 0.007880
-1.93235195 -0.50775301 -6.24015188 45 61 27 0.000000 0.977134 0.212622 0.001162
-2.00233507 -0.31120700 -6.54092693 31 31 29 0.000000 0.722019 0.522841 0.453129
-1.94798696 -0.41766900 -6.14262295 39 63 27 0.000000 0.982710 0.166785 -0.080393
-1.94203103 -0.48318401 -6.23494101 38 60 25 0.000000 0.918036 0.396395 -0.009038
-1.96287704 -0.43181399 -6.47690105 44 57 32 0.000000 0.960878 0.246413 0.126466
-1.97851098 -0.32981899 -6.53273678 35 48 21 0.000000 0.783506 0.570818 0.245530
-1.93086398 -0.48318401 -6.55656099 49 59 27 0.000000 0.921946 0.276727 0.270992
-1.98595595 -0.21889000 -6.29747820 39 61 27 0.000000 0.993097 0.039098 0.110592
-1.97032201 -0.37374401 -6.21930599 37 60 26 0.000000 0.940919 0.338631 0.001250
-1.94128597 -0.48988500 -6.26844311 35 55 23 0.000000 0.942411 0.332088 -0.039748
-1.95692098 -0.13774000 -6.44637585 20 26 14 0.000000 0.766973 -0.023750 0.641240
-1.99265599 -0.14146300 -6.25504208 37 59 25 0.000000 0.994384 -0.047775 -0.094439
-1.98967803 -0.16677500 -6.28705502 37 57 24 0.000000 0.972891 0.103925 0.206598
-1.95915401 -0.41990301 -6.54688311 52 56 34 0.000000 0.933289 0.348481 -0.086787
-1.97627699 -0.39012301 -6.44339800 50 61 31 0.000000 0.974183 0.175177 0.142410
-1.98967803 -0.24271300 -6.41212988 42 66 31 0.000000 0.991025 0.039551 -0.127692
-1.97106600 -0.41990301 -6.44116497 45 54 36 0.000000 0.945328 0.325233 -0.024044
-1.95394301 -0.38565600 -6.13815689 40 64 26 0.000000 0.958300 0.206014 -0.198040
-1.93979704 -0.42511401 -6.10465384 43 61 31 0.000000 0.958043 0.275742 -0.078234
-1.98521101 -0.23675700 -6.33544683 37 56 23 0.000000 0.992730 -0.103008 -0.062258
-1.96883297 -0.43553701 -6.42925310 42 47 33 0.000000 0.927503 0.365380 0.078965
-1.95766497 -0.43851501 -6.24461889 42 60 31 0.000000 0.957357 0.204289 -0.204289
-1.98744500 -0.31046200 -6.30269003 47 65 34 0.000000 0.995898 -0.022708 0.087587
-1.94947600 -0.48839599 -6.40245199 42 51 26 0.000000 0.950533 0.310200 -0.016195
-1.98967803 -0.22782400 -6.24015188 38 58 23 0.000000 0.992730 -0.062258 0.103008
-1.98744500 -0.20325500 -6.45456600 36 61 29 0.000000 0.806450 -0.570051 -0.157101
-1.95841002 -0.41394699 -6.18803692 42 65 26 0.000000 0.969580 0.238381 -0.055581
-1.99637902 -0.21516700 -6.13443422 36 21 16 0.000000 -0.347413 -0.761078 0.547782
-1.92714095 -0.53455400 -6.55209398 52 61 33 0.000000 0.965202 -0.015783 0.261029
-1.93458605 -0.50551897 -6.18431520 35 46 26 0.000000 0.014981 -0.982957 -0.183224
-1.97925496 -0.33502999 -6.23121786 35 58 26 0.000000 0.988199 0.125430 -0.087918
-1.97702205 -0.38565600 -6.32279110 36 59 28 0.000000 0.917290 0.252796 -0.307689
-1.92937398 -0.51668602 -6.26769781 34 54 22 0.000000 0.731255 0.612326 -0.300538
-1.94054198 -0.49062899 -6.21930599 38 60 27 0.000000 0.948930 0.315485 0.001237
-1.97925496 -0.17719799 -6.34065914 31 49 18 0.000000 0.987769 -0.040247 0.150638
-1.92565203 -0.51147503 -6.15230179 37 50 29 0.000000 0.618994 0.753083 0.222963
-1.98074400 -0.33130801 -6.50519085 41 50 27 0.000000 0.926838 0.371528 -0.054209
-1.96734405 -0.33800799 -6.14485693 37 60 24 0.000000 0.937612 0.347682 0.001255
-1.99042296 -0.18389900 -6.26471996 35 53 22 0.000000 0.992236 0.039330 0.117990
-1.98893404 -0.11242700 -6.24387503 41 55 29 0.000000 0.983444 -0.143948 0.110078
-1.97404397 -0.39980099 -6.44860983 44 58 29 0.000000 0.967327 0.197598 0.158853
-1.98744500 -0.26653701 -6.28258801 43 61 27 0.000000 0.999217 0.001014 0.039563
-1.98521101 -0.21740100 -6.42106295 37 57 28 0.000000 0.932937 -0.355592 -0.056422
-1.99116695 -0.25462499 -6.22526217 44 64 31 0.000000 0.991632 0.079101 0.102029
-1.99042296 -0.25462499 -6.23717403 41 59 28 0.000000 0.997400 0.001044 0.072063
-1.98967803 -0.16752000 -6.23196316 41 58 25 0.000000 0.968570 -0.110730 -0.222733
-1.93681896 -0.53604299 -6.36820507 45 65 27 0.000000 0.838213 0.369569 -0.401021
-1.93458605 -0.52264202 -6.47392321 46 54 28 0.000000 0.920121 0.341678 -0.191397
-1.96287704 -0.45489401 -6.41361904 41 55 27 0.000000 0.922545 0.373638 0.096466
-1.97181106 -0.41915801 -6.36373806 42 62 27 0.000000 0.927756 0.293199 -0.230877
-1.98372197 -0.33949700 -6.31534576 63 63 47 0.000000 0.988525 0.111400 -0.102019
-1.97404397 -0.22707900 -6.11582184 34 48 15 0.000000 0.608076 0.510380 -0.608076
-1.99861205 -0.29408300 -6.51114702 34 47 24 0.000000 0.793758 0.119285 -0.596423
-1.91374004 -0.53008699 -6.26546478 31 42 15 0.000000 0.402205 0.806012 -0.434253
-1.98223305 -0.20102200 -6.14858007 30 33 25 0.000000 0.911936 -0.269072 -0.309796
-1.93979704 -0.51743102 -6.50593615 52 59 33 0.000000 0.994544 0.022976 0.101752
-1.95170903 -0.44744900 -6.57740688 44 46 33 0.000000 0.720987 0.435907 -0.538668
-1.96436596 -0.44149300 -6.33470201 44 62 32 0.000000 0.934460 0.355681 -0.016573
-1.97329903 -0.07892500 -6.33842516 33 53 28 0.000000 0.537392 -0.212813 0.816040
-1.98670006 -0.29408300 -6.45754385 40 60 27 0.000000 0.952479 0.294167 0.079049
-1.96659899 -0.31716299 -6.12922287 35 56 22 0.000000 0.830102 0.268426 -0.488752
-1.98372197 -0.33130801 -6.27216482 40 60 27 0.000000 0.941184 0.299157 -0.157092
-1.98818898 -0.20921101 -6.24759722 38 60 24 0.000000 0.990011 0.039782 0.135260
-1.97925496 -0.37597701 -6.42850924 46 55 33 0.000000 0.992275 0.087721 0.087721
-1.96659899 -0.39458999 -6.51114702 43 55 30 0.000000 0.974011 0.205251 0.095784
-1.95617604 -0.43181399 -6.20292807 39 63 27 0.000000 0.964681 0.260624 0.038291
-1.97181106 -0.42660299 -6.40766287 44 56 34 0.000000 0.988783 0.127246 -0.078215
-1.93905306 -0.48839599 -6.53124905 52 64 35 0.000000 0.927198 0.222244 0.301516
-1.99116695 -0.20400000 -6.22153997 47 63 34 0.000000 0.996719 0.040042 0.070344
-1.94724202 -0.49807400 -6.40691805 44 55 27 0.000000 0.964990 0.189342 0.181507
-1.98670006 -0.17273100 -6.30492306 33 54 21 0.000000 0.991709 0.016621 0.127426
-1.94724202 -0.39458999 -6.07934189 48 70 35 0.000000 0.985926 -0.157888 -0.054969
-1.96213198 -0.45191601 -6.45009899 44 46 31 0.000000 0.931917 0.339747 0.126894
-1.97553301 -0.32833001 -6.17240286 36 58 26 0.000000 0.967893 0.142677 -0.206947
-1.99414504 -0.26653701 -6.47466707 40 58 29 0.000000 0.963042 0.267580 0.030827
-1.96659899 -0.44372600 -6.41064119 39 50 26 0.000000 0.896137 0.437776 -0.072734
-1.98148894 -0.37672201 -6.57740688 21 21 19 0.000000 0.883830 -0.151390 -0.442636
-1.95394301 -0.48020601 -6.34661388 39 60 27 0.000000 0.975099 0.214935 0.054644
-1.98372197 -0.22335701 -6.36299276 41 65 31 0.000000 0.990466 -0.135726 -0.023556
-1.97478902 -0.41990301 -6.57740688 25 21 17 0.000000 0.741502 0.625003 -0.244019
-1.95915401 -0.42362499 -6.22377300 41 64 30 0.000000 0.995448 0.071655 -0.062836
-1.99935699 -0.10051500 -6.28482199 32 49 29 0.000000 0.941511 0.253005 -0.222589
-1.93979704 -0.47648400 -6.12177801 39 53 30 0.000000 0.063152 -0.236512 -0.969574
-1.94351995 -0.51221901 -6.37564898 39 61 27 0.000000 0.976321 0.213906 0.032265
-1.95841002 -0.44893801 -6.30864477 39 62 29 0.000000 0.969818 0.102419 -0.221275
-1.98818898 -0.17868701 -6.20813894 39 60 23 0.000000 0.985926 -0.054969 -0.157888
-1.98148894 -0.31269601 -6.18729305 38 57 26 0.000000 0.965936 0.135412 -0.220527
-1.98818898 -0.23824599 -6.25653076 41 61 28 0.000000 0.993122 -0.078136 -0.087195
-1.96362102 -0.43925899 -6.46052217 55 61 45 0.000000 0.972086 0.125145 0.198462
-1.98595595 -0.32014099 -6.25280905 36 56 23 0.000000 0.978582 0.198605 0.054165
-1.95021999 -0.54795498 -6.31906796 46 66 34 0.000000 0.995500 -0.094759 0.001065
-1.96883297 -0.34247500 -6.16272497 38 60 25 0.000000 0.988395 0.134198 -0.071183
-1.92639601 -0.45936099 -6.11805487 50 62 32 0.000000 0.786362 0.509768 -0.348958
-1.94724202 -0.50105202 -6.36969423 41 62 28 0.000000 0.943254 0.331955 -0.008769
-1.94575298 -0.40129000 -6.06966400 41 51 35 0.000000 0.973016 0.062577 -0.222088
-1.97702205 -0.38118899 -6.56772900 59 64 51 0.000000 0.924510 -0.040652 -0.378984
-1.98297799 -0.31344000 -6.46052217 44 61 30 0.000000 0.993893 0.038867 -0.103276
-1.96287704 -0.14369600 -6.43223095 36 54 27 0.000000 0.975388 0.110868 0.190593
-1.96213198 -0.38193300 -6.17240286 39 60 25 0.000000 0.980491 0.001149 -0.196558
-1.91820705 -0.50924200 -6.59006310 63 71 35 0.000000 0.824870 0.483652 0.292696
-1.93830800 -0.49584100 -6.24908590 39 61 26 0.000000 0.908864 0.388705 -0.151242
-1.96362102 -0.41841400 -6.55805016 44 52 31 0.000000 0.852746 0.410123 -0.323455
-1.99935699 -0.26355901 -6.52380419 20 21 16 0.000000 0.810373 -0.579251 -0.088115
-1.96883297 -0.43107000 -6.43967581 55 59 47 0.000000 0.981420 0.189232 0.031735
-1.95766497 -0.46680501 -6.40170717 43 54 28 0.000000 0.940014 0.341022 0.008809
-1.97106600 -0.35289800 -6.53645992 49 63 37 0.000000 0.999379 -0.031710 0.015344
-1.92044103 -0.54199898 -6.23568487 31 39 25 0.000000 0.569086 0.378844 0.729807
-1.96138799 -0.39905700 -6.18580389 38 62 27 0.000000 0.993750 0.110417 0.016399
-1.93905306 -0.36778799 -6.08753109 37 57 25 0.000000 0.770573 -0.284397 -0.570383
-1.98670006 -0.31790701 -6.28556585 62 60 46 0.000000 0.978136 0.206482 0.024778
-1.98521101 -0.27770501 -6.34884787 42 58 28 0.000000 0.995685 0.047101 -0.079961
-1.96659899 -0.42734700 -6.57591820 31 33 25 0.000000 0.513609 0.788814 -0.337606
-1.93458605 -0.49807400 -6.16719198 37 59 28 0.000000 0.934259 0.339362 0.109515
-1.96064305 -0.42883599 -6.49551296 47 58 28 0.000000 0.972623 0.228924 -0.039971
-1.98297799 -0.32163000 -6.37639380 40 60 27 0.000000 0.998341 0.055405 0.015681
-1.99042296 -0.17496499 -6.26844311 39 55 26 0.000000 0.995437 0.094032 0.016212
-1.98372197 -0.21516700 -6.40989590 41 64 31 0.000000 0.966112 -0.245622 -0.079355
-1.98372197 -0.16007499 -6.32055712 38 62 28 0.000000 0.971208 0.015530 0.237725
-2.00456810 -0.22186799 -6.48062277 40 56 28 0.000000 0.900241 0.251950 -0.355087
-1.97181106 -0.15263000 -6.37416077 35 60 25 0.000000 0.956405 -0.133237 0.259878
-1.94798696 -0.46755001 -6.21260595 38 60 28 0.000000 0.950456 0.308359 0.039338
-1.91820705 -0.52859801 -6.25653076 35 48 19 0.000000 0.626303 0.745004 0.229593
-1.97702205 -0.08785900 -6.33619213 34 56 28 0.000000 0.536374 0.023321 0.843658
-1.94426405 -0.49956301 -6.29896688 42 63 29 0.000000 0.923181 0.142989 -0.356778
-1.95543206 -0.31790701 -6.09944296 38 60 26 0.000000 0.926507 0.213592 -0.309779
-1.97329903 -0.42287999 -6.41734123 46 59 36 0.000000 0.915955 0.339720 -0.213580
-1.97776699 -0.33949700 -6.49997997 38 50 27 0.000000 0.946379 0.322941 0.008728
-1.98595595 -0.21218900 -6.43595409 35 54 29 0.000000 0.840893 -0.421229 -0.339802
-1.94054198 -0.44521499 -6.10837698 22 19 16 0.000000 -0.402679 -0.891752 0.206465
-1.96659899 -0.42064700 -6.31609011 45 59 30 0.000000 0.937046 0.222042 -0.269523
-1.97181106 -0.39384499 -6.31460094 35 55 24 0.000000 0.946379 0.322941 -0.008728
-1.94351995 -0.45265999 -6.13890123 42 51 30 0.000000 0.920747 0.016835 -0.389796
-1.94277501 -0.49137399 -6.27812099 38 58 28 0.000000 0.951891 0.220709 -0.212584
-1.94128597 -0.43553701 -6.12550020 43 55 32 0.000000 0.951967 0.181776 -0.246407
-1.96138799 -0.43628100 -6.30790091 39 62 26 0.000000 0.926515 0.315439 -0.205106
-1.94649804 -0.50030798 -6.38905001 41 59 27 0.000000 0.960021 0.213191 -0.181411
-1.94947600 -0.46606100 -6.50370216 43 53 31 0.000000 0.936929 0.247148 0.247148
-1.97851098 -0.34545299 -6.23791790 40 60 24 0.000000 0.917114 0.270079 -0.293188
-1.99116695 -0.14220700 -6.24461889 31 50 21 0.000000 0.994949 0.031742 -0.095226
-1.94277501 -0.49658501 -6.45084286 44 56 30 0.000000 0.886406 0.435250 0.157615
-1.94426405 -0.46978301 -6.12773418 46 69 38 0.000000 0.839219 -0.396864 -0.371766
-1.95766497 -0.37225500 -6.14336777 38 62 25 0.000000 0.942911 0.159193 -0.292534
-1.97032201 -0.36257699 -6.52603722 47 59 34 0.000000 0.996132 0.087863 0.001059
-1.94351995 -0.48467299 -6.50965786 48 57 34 0.000000 0.978602 0.174001 0.109830
-1.96510994 -0.30078399 -6.11880016 35 56 20 0.000000 0.915510 0.277119 -0.291628
-1.98297799 -0.32088500 -6.38756084 41 50 28 0.000000 0.993538 0.111127 -0.023106
-1.93533003 -0.54423302 -6.41734123 45 55 26 0.000000 0.920739 0.024744 0.389393
-1.93756402 -0.42883599 -6.08157492 43 57 33 0.000000 0.792144 0.610295 -0.006888
-1.93533003 -0.51073003 -6.22005081 45 68 31 0.000000 0.939746 0.267904 0.212380
-1.91969597 -0.54125500 -6.44339800 48 52 29 0.000000 0.729809 0.593275 0.339711
-2.01052403 -0.28365999 -6.52231503 43 50 32 0.000000 0.776308 -0.315325 -0.545817
-1.96510994 -0.13922900 -6.41064119 33 54 26 0.000000 0.997400 0.001044 -0.072063
-1.97627699 -0.34322000 -6.21558380 36 58 24 0.000000 0.986903 0.110448 -0.117573
-1.95021999 -0.48541799 -6.42106295 44 50 28 0.000000 0.948461 0.315309 0.031658
-1.94724202 -0.44447100 -6.15155697 44 67 35 0.000000 0.995076 0.047385 -0.087055
-1.92192996 -0.53529900 -6.46647692 37 47 20 0.000000 0.718286 0.662194 -0.213460
-1.95841002 -0.45042700 -6.48062277 51 59 37 0.000000 0.950727 0.165402 0.262223
-1.98818898 -0.15709700 -6.30269003 42 61 29 0.000000 0.982581 0.110525 0.149391
-1.97032201 -0.18315400 -6.41064119 41 65 33 0.000000 0.952402 -0.189942 0.238437
-1.95989895 -0.43032500 -6.23047400 41 64 29 0.000000 0.973016 0.222088 -0.062577
-1.92267394 -0.51221901 -6.56698418 54 65 28 0.000000 0.940557 0.072149 0.331884
-1.97181106 -0.31046200 -6.13741207 37 57 26 0.000000 0.903463 0.198039 -0.380177
-1.99414504 -0.21442300 -6.45828819 36 59 28 0.000000 0.885524 -0.245565 -0.394393
-1.93681896 -0.54646599 -6.37267208 48 65 35 0.000000 0.972674 0.070448 -0.221231
-1.93756402 -0.45563799 -6.57293987 34 42 19 0.000000 0.729401 0.579278 0.363884
-1.99191201 -0.19283199 -6.47094393 28 48 17 0.000000 0.523712 -0.658429 -0.540552
-1.98893404 -0.25611401 -6.25429678 42 61 31 0.000000 0.997331 -0.054751 0.048310
-1.97478902 -0.40277901 -6.43893099 43 57 29 0.000000 0.983150 0.102789 0.151161
-1.93905306 -0.50477499 -6.28258801 38 60 28 0.000000 0.903852 0.222688 -0.365325
-1.90927303 -0.53529900 -6.25950909 26 21 14 0.000000 0.839221 0.530876 0.117811
-1.98967803 -0.18687700 -6.21781683 40 61 27 0.000000 0.993893 -0.038867 -0.103276
-1.94128597 -0.52264202 -6.40691805 44 54 28 0.000000 0.962264 0.221255 0.158413
-1.95543206 -0.42734700 -6.18431520 39 60 29 0.000000 0.982754 0.158353 -0.095495
-1.98595595 -0.23005700 -6.29524517 39 58 28 0.000000 0.999217 0.001014 0.039563
-1.97553301 -0.18762100 -6.38234997 37 60 26 0.000000 0.982462 -0.038828 0.182373
-1.94054198 -0.53678799 -6.34363699 40 59 27 0.000000 0.861649 0.214288 0.460046
-1.97404397 -0.38640001 -6.46871090 42 51 26 0.000000 0.965936 0.220527 0.135412
-1.95915401 -0.42809200 -6.51412487 46 53 29 0.000000 0.955838 0.285344 0.070376
-1.94426405 -0.49658501 -6.46647692 44 49 30 0.000000 0.940014 0.341022 -0.008809
-1.96883297 -0.30152801 -6.12698889 36 57 22 0.000000 0.862751 0.333720 -0.379857
-1.97925496 -0.39161199 -6.37564898 41 58 31 0.000000 0.990955 0.133973 -0.007750
-1.96510994 -0.08264800 -6.34810400 35 51 23 0.000000 0.745885 -0.331684 0.577616
-1.95543206 -0.43925899 -6.20962811 45 68 31 0.000000 0.952238 0.300370 -0.054961
-1.97702205 -0.38416699 -6.45009899 46 54 28 0.000000 0.987328 0.086111 0.133295
-1.98372197 -0.20846701 -6.31832409 32 54 22 0.000000 0.998152 -0.055745 -0.024191
-1.94947600 -0.39235601 -6.12401199 41 64 30 0.000000 0.983271 0.159677 -0.087642
-1.93384099 -0.52264202 -6.22526217 44 63 29 0.000000 0.917490 0.054756 0.393973
-1.99191201 -0.15560800 -6.27439880 35 55 22 0.000000 0.993597 0.079893 0.079893
-1.99414504 -0.23303500 -6.44488716 35 53 25 0.000000 0.981440 -0.063512 -0.180949
-1.95468700 -0.45042700 -6.27588701 37 59 27 0.000000 0.944905 0.301565 -0.127328
-1.99191201 -0.11317200 -6.23196316 24 30 18 0.000000 0.938812 -0.055990 0.339848
-1.93830800 -0.55465603 -6.33916903 30 33 24 0.000000 0.631320 0.286092 0.720824
-1.95170903 -0.48169500 -6.11582184 29 30 30 0.000000 0.142977 -0.702846 0.696825
-1.98744500 -0.24643600 -6.26695395 44 60 30 0.000000 0.995797 0.031561 0.085976
-1.97851098 -0.16528600 -6.34438086 33 56 23 0.000000 0.981769 -0.008057 0.189908
-1.95021999 -0.44521499 -6.53645992 38 50 26 0.000000 0.932915 0.331123 0.141517
-1.94947600 -0.34247500 -6.09869909 37 60 24 0.000000 0.874953 0.339330 -0.345416
-1.98670006 -0.26281500 -6.29971123 44 56 28 0.000000 0.996092 -0.086850 -0.016083
-1.98223305 -0.32907400 -6.23717403 39 57 26 0.000000 0.897080 0.316879 -0.307953
-1.99488997 -0.24643600 -6.51040316 44 50 37 0.000000 0.989393 0.030670 0.141991
-1.92192996 -0.53455400 -6.45084286 36 45 22 0.000000 0.744401 0.650785 0.149484
-1.94500899 -0.46085000 -6.53348207 47 56 27 0.000000 0.922783 0.290426 0.253229
-1.96734405 -0.33949700 -6.15453482 40 63 25 0.000000 0.944987 0.286072 -0.158628
-1.98744500 -0.18762100 -6.29673290 34 53 18 0.000000 0.997490 0.070423 -0.007358
-1.95319796 -0.48095101 -6.38011599 44 53 29 0.000000 0.969369 0.245605 0.001186
-1.95170903 -0.45340499 -6.51040316 41 51 27 0.000000 0.953981 0.259451 0.150349
-1.94426405 -0.49360701 -6.49402380 50 58 34 0.000000 0.972571 0.135678 0.188935
-1.95915401 -0.43330300 -6.26025295 41 64 27 0.000000 0.975916 0.183218 0.118406
-1.93681896 -0.51296401 -6.28035402 37 60 27 0.000000 0.890341 0.333691 -0.309749
-1.96138799 -0.33726400 -6.12624502 38 60 24 0.000000 0.847889 0.302264 -0.435570
-1.99935699 -0.24048001 -6.49625683 39 54 25 0.000000 0.928001 0.333522 0.166063
-1.97776699 -0.19953300 -6.42404222 38 61 30 0.000000 0.922858 -0.339556 -0.181754
-1.94724202 -0.37597701 -6.09720898 41 67 32 0.000000 0.961722 -0.134406 -0.238799
-1.99042296 -0.15858600 -6.28407717 33 53 21 0.000000 0.992660 -0.023291 0.118676
-1.99861205 -0.24792500 -6.47690105 31 34 24 0.000000 0.990011 0.135260 -0.039782
-1.96138799 -0.42362499 -6.26993179 40 63 25 0.000000 0.945500 0.325212 -0.016323
-1.98595595 -0.25388101 -6.30119991 39 60 24 0.000000 0.997142 0.071453 0.024529
-1.98223305 -0.35364300 -6.31311178 35 53 24 0.000000 0.932576 0.285540 -0.220836
-1.98670006 -0.26281500 -6.16719198 36 57 21 0.000000 0.979829 0.198313 -0.024642
-1.98521101 -0.25462499 -6.33395815 40 57 26 0.000000 0.996092 -0.086850 -0.016083
-1.91969597 -0.54274398 -6.56549501 37 40 29 0.000000 0.767656 0.412350 0.490583
-1.98000002 -0.37821099 -6.32725811 39 55 29 0.000000 0.897080 0.307953 -0.316879
-1.98818898 -0.09307100 -6.32502413 32 51 27 0.000000 0.700175 0.405539 0.587617
-1.94947600 -0.54944402 -6.30566692 28 28 15 0.000000 0.958087 -0.244477 -0.149329
-1.98000002 -0.35513201 -6.29971123 37 58 25 0.000000 0.934824 0.293961 -0.199225
-1.98967803 -0.31790701 -6.53720379 33 46 22 0.000000 0.635026 0.724152 -0.268971
-1.97032201 -0.38863400 -6.25131893 35 56 27 0.000000 0.922898 0.315240 -0.221096
-1.97181106 -0.14295200 -6.36448193 32 54 22 0.000000 0.971348 -0.117777 0.206427
-1.94873095 -0.37821099 -6.11210012 42 66 29 0.000000 0.976321 0.032265 -0.213906
-1.94649804 -0.42660299 -6.14262295 40 64 29 0.000000 0.924238 0.269986 -0.269986
-1.99042296 -0.23601300 -6.23791790 42 64 26 0.000000 0.993097 0.039098 0.110592
-1.98521101 -0.29929501 -6.45084286 40 58 25 0.000000 0.976404 0.189822 -0.102975
-1.94649804 -0.41618001 -6.13220119 40 63 28 0.000000 0.950650 0.190671 -0.244762
-1.98074400 -0.31567401 -6.44414282 40 60 27 0.000000 0.983890 0.167344 -0.062902
-1.98074400 -0.29408300 -6.16049099 34 58 20 0.000000 0.950930 0.294304 -0.095485
-1.91522896 -0.55018902 -6.47094393 31 35 22 0.000000 0.555196 0.294301 -0.777910
-1.96138799 -0.42511401 -6.26025295 42 65 27 0.000000 0.943952 0.316416 0.093998
-1.99191201 -0.12433900 -6.21856213 13 23 9 0.000000 0.955195 0.292252 -0.046811
-2.00010109 -0.07892500 -6.32725811 35 51 36 0.000000 0.452159 0.452159 0.768833
-1.97181106 -0.41841400 -6.34810400 39 60 26 0.000000 0.973026 0.230547 -0.008276
-1.98893404 -0.20772199 -6.26695395 38 58 23 0.000000 0.993893 0.038867 0.103276
-1.97404397 -0.35140899 -6.50816917 45 58 33 0.000000 0.980432 0.150930 0.126389
-1.93607497 -0.50849700 -6.20590496 43 67 31 0.000000 0.985684 0.156626 -0.062415
-1.98223305 -0.33651900 -6.47838879 42 57 33 0.000000 0.989393 0.141991 0.030670
-1.97329903 -0.35289800 -6.18431520 40 60 28 0.000000 0.950727 0.165402 -0.262223
-1.93235195 -0.51370800 -6.23419619 44 58 28 0.000000 0.946804 0.260201 0.189361
-1.99786794 -0.31046200 -6.52752590 38 52 30 0.000000 0.421911 0.746963 -0.513845
-1.95841002 -0.44372600 -6.49104595 43 55 28 0.000000 0.969574 0.236512 0.063152
-1.97702205 -0.33875301 -6.51635790 41 51 27 0.000000 0.928063 0.355689 0.110386
-1.98000002 -0.34545299 -6.24610806 44 61 29 0.000000 0.978622 -0.015236 -0.205100
-1.94128597 -0.48988500 -6.16272497 38 62 28 0.000000 0.873595 0.381343 0.302340
-1.98297799 -0.33130801 -6.25876379 36 58 24 0.000000 0.935944 0.331847 -0.117840
-1.98595595 -0.27621600 -6.28854418 40 60 27 0.000000 0.997737 -0.039483 0.054422
-1.94426405 -0.47722799 -6.20664978 40 62 27 0.000000 0.972600 0.230194 0.032541
-1.95170903 -0.48318401 -6.39649487 44 53 29 0.000000 0.930581 0.365263 -0.024523
-1.99637902 -0.10423800 -6.27812099 33 52 22 0.000000 0.904034 0.277825 -0.324864
-1.95096505 -0.47573900 -6.48360109 41 50 28 0.000000 0.962069 0.221814 0.158814
-1.97181106 -0.40203500 -6.31832409 40 60 26 0.000000 0.956341 0.182732 -0.228081
-1.98521101 -0.29185000 -6.41734123 38 57 25 0.000000 0.981675 0.125918 -0.143034
-1.93905306 -0.55540001 -6.48434496 23 25 13 0.000000 0.191429 0.523040 -0.830533
-1.98074400 -0.27323800 -6.14262295 34 54 21 0.000000 0.867230 0.031313 -0.496922
-1.94724202 -0.38714501 -6.09869909 44 69 31 0.000000 0.979865 0.111599 -0.165559
-1.97404397 -0.41320199 -6.38905001 38 50 26 0.000000 0.951098 0.308766 0.008680
-1.99042296 -0.25462499 -6.17538118 46 61 28 0.000000 0.972602 0.205090 -0.109465
-1.98148894 -0.16900900 -6.17835903 36 48 21 0.000000 0.931545 -0.299275 -0.206542
-1.98446703 -0.30376199 -6.21930599 35 47 22 0.000000 0.964990 0.189342 -0.181507
-1.98074400 -0.35662100 -6.40617418 41 56 30 0.000000 0.998965 0.032158 -0.032158
-1.97851098 -0.37523299 -6.44116497 45 54 28 0.000000 0.992161 0.055434 0.112000
-1.96436596 -0.43777001 -6.58559608 38 38 33 0.000000 0.506508 0.516538 -0.690389
-1.94500899 -0.52189797 -6.30864477 46 69 32 0.000000 0.963431 -0.008483 -0.267822
-1.96287704 -0.40799099 -6.53794909 49 56 34 0.000000 0.961573 0.247855 -0.118088
-1.96957695 -0.32833001 -6.14485693 36 58 23 0.000000 0.916785 0.316183 -0.243995
-1.94128597 -0.50924200 -6.14113522 37 50 24 0.000000 0.491288 0.561711 0.665670
-1.92639601 -0.54199898 -6.20292807 28 32 30 0.000000 0.887313 0.435747 -0.151001
-1.98372197 -0.14518499 -6.32055712 33 55 22 0.000000 0.961272 -0.048751 0.271256
-1.97106600 -0.35215399 -6.54911613 48 55 38 0.000000 0.997349 -0.071012 -0.015898
-1.93830800 -0.53232098 -6.35257101 40 57 26 0.000000 0.888481 0.427573 0.166681
-1.95394301 -0.14369600 -6.45084286 36 44 31 0.000000 0.766875 -0.015310 0.641614
-1.93681896 -0.35140899 -6.08232021 22 29 15 0.000000 0.765765 0.426150 -0.481664
-1.99488997 -0.20400000 -6.46498919 31 53 24 0.000000 0.832392 -0.380657 -0.402770
-1.93905306 -0.50551897 -6.45530987 45 50 29 0.000000 0.885003 0.465583 0.001319
-1.92267394 -0.49733001 -6.57591820 53 62 29 0.000000 0.954928 0.188843 0.229022
-1.98744500 -0.22484601 -6.27663183 36 56 23 0.000000 0.991632 0.079101 0.102029
-1.93160796 -0.55986702 -6.41808605 39 40 33 0.000000 0.817082 0.222283 0.531946
-1.92490804 -0.55093300 -6.27514315 41 45 27 0.000000 0.535932 0.015001 -0.844128
-1.98521101 -0.22410101 -6.39351702 35 57 26 0.000000 0.971866 -0.222176 -0.078196
-1.98818898 -0.27993801 -6.43372011 40 60 29 0.000000 0.933289 0.348481 -0.086787
-1.98521101 -0.25388101 -6.31534576 37 59 25 0.000000 0.989149 -0.117950 -0.087587
-1.99042296 -0.27100399 -6.20739508 52 60 32 0.000000 0.976528 0.205521 -0.064453
-1.92267394 -0.45638299 -6.10986614 19 23 11 0.000000 0.532481 0.586575 -0.610241
-1.97404397 -0.36778799 -6.23196316 37 59 28 0.000000 0.998089 0.039245 -0.047730
-1.95617604 -0.34396401 -6.11805487 40 64 26 0.000000 0.916436 0.126549 -0.379646
-1.97181106 -0.30078399 -6.13443422 37 58 24 0.000000 0.926547 0.189808 -0.324783
-1.98744500 -0.20102200 -6.15974712 38 58 26 0.000000 0.839363 -0.457693 -0.293234
-1.96883297 -0.38565600 -6.54241610 48 59 37 0.000000 0.968200 0.079114 -0.237341
-1.93384099 -0.54125500 -6.28109884 33 49 17 0.000000 0.609934 -0.046700 -0.791075
-1.94649804 -0.54646599 -6.49849081 48 54 33 0.000000 0.965070 -0.254097 -0.063837
-1.96808803 -0.38937801 -6.22824001 37 58 25 0.000000 0.931068 0.294392 -0.215512
-1.95245397 -0.48765099 -6.12326717 30 37 22 0.000000 0.787109 -0.207945 -0.580705
-1.94947600 -0.45265999 -6.19697094 39 63 28 0.000000 0.932915 0.331123 -0.141517
-1.94724202 -0.48467299 -6.29673290 47 62 31 0.000000 0.926638 0.341393 -0.157459
-1.94277501 -0.48467299 -6.21483898 38 62 26 0.000000 0.950645 0.309367 -0.023797
-1.94426405 -0.49509600 -6.45828819 45 51 30 0.000000 0.917945 0.396706 0.001284
-1.96138799 -0.41394699 -6.52975893 51 58 35 0.000000 0.936985 0.333776 -0.103216
-2.00084591 -0.23452400 -6.48434496 38 53 29 0.000000 0.954605 0.276299 -0.111305
-1.98297799 -0.30525100 -6.21186209 41 56 25 0.000000 0.955175 0.221043 -0.196929
-1.94426405 -0.50849700 -6.38234997 41 62 27 0.000000 0.986127 0.149627 -0.071868
-1.98967803 -0.25983700 -6.24759722 42 61 29 0.000000 0.996392 -0.046825 0.070782
-1.98521101 -0.18687700 -6.31162310 33 55 21 0.000000 0.970638 0.213869 0.110098
-1.93681896 -0.49733001 -6.24015188 38 60 27 0.000000 0.916106 0.371774 0.150112
-1.93235195 -0.43925899 -6.08604193 36 37 32 0.000000 0.770327 0.499979 -0.395749
-1.97404397 -0.34768701 -6.51487017 42 55 31 0.000000 0.965591 0.244887 0.087550
-1.94277501 -0.48541799 -6.25578594 42 63 26 0.000000 0.903843 0.427862 0.001300
-1.95841002 -0.42064700 -6.52752590 42 48 28 0.000000 0.949081 0.308613 0.063272
-1.93160796 -0.55316699 -6.42180777 47 53 36 0.000000 0.846591 0.206743 0.490449
-1.98670006 -0.17198700 -6.20218277 40 61 27 0.000000 0.965242 -0.228101 -0.127582
-2.00531292 -0.22633500 -6.49104595 38 50 30 0.000000 0.918979 0.389262 -0.062870
-1.95170903 -0.45489401 -6.20739508 40 63 28 0.000000 0.968315 0.199321 -0.150455
-1.97255504 -0.33205199 -6.16644716 36 59 25 0.000000 0.956761 0.284098 -0.062425
-1.93011904 -0.53083199 -6.22972918 53 63 38 0.000000 0.888171 0.270183 0.371689
-1.97851098 -0.20102200 -6.40394020 38 61 29 0.000000 0.908257 -0.411106 0.077851
-1.94873095 -0.46085000 -6.19399405 41 63 29 0.000000 0.981499 0.118562 -0.150342
-1.93905306 -0.49062899 -6.19697094 38 62 29 0.000000 0.917284 0.380472 -0.117601
-1.93905306 -0.50179702 -6.14783478 39 62 31 0.000000 0.657490 0.492697 0.570049
-1.95543206 -0.08264800 -6.36597109 45 61 39 0.000000 0.719684 -0.609214 0.333037
-1.95766497 -0.35215399 -6.12550020 37 60 26 0.000000 0.887494 0.126785 -0.443035
-1.98000002 -0.31567401 -6.19399405 35 56 22 0.000000 0.956146 0.291218 0.031247
-2.01722503 -0.08041400 -6.31087923 38 48 39 0.000000 0.522645 0.814210 0.252793
-1.91076195 -0.53529900 -6.26993179 38 46 22 0.000000 0.459148 0.449345 -0.766337
-1.97181106 -0.17273100 -6.38830614 37 60 27 0.000000 0.965065 -0.237101 0.111502
-1.96436596 -0.39756799 -6.20069408 39 62 28 0.000000 0.933129 -0.048288 -0.356285
-1.98074400 -0.19953300 -6.43893099 35 58 29 0.000000 0.817860 -0.533520 -0.215548
-1.99712300 -0.21070001 -6.12847805 47 27 23 0.000000 -0.054689 -0.839965 0.539877
-1.96138799 -0.43181399 -6.57889605 47 49 35 0.000000 0.665148 0.642041 -0.381263
-1.97776699 -0.35662100 -6.23568487 39 60 26 0.000000 0.887484 0.325861 -0.325861
-1.94203103 -0.54646599 -6.51635790 51 55 35 0.000000 0.821880 -0.189199 0.537325
-1.98744500 -0.29110500 -6.43223095 40 59 27 0.000000 0.940416 0.324143 -0.102712
-1.98967803 -0.20921101 -6.23345184 36 59 22 0.000000 0.998844 0.048051 0.001022
-1.93756402 -0.45936099 -6.56623888 41 50 22 0.000000 0.792734 0.578895 0.190928
-1.93384099 -0.44521499 -6.11210012 38 59 26 0.000000 0.806885 0.585387 -0.079106
-1.97851098 -0.35364300 -6.28705502 37 56 25 0.000000 0.900489 0.426112 -0.086877
-1.99042296 -0.16081899 -6.23494101 39 60 25 0.000000 0.997743 0.024387 -0.062558
-1.99042296 -0.19283199 -6.25355291 35 55 23 0.000000 0.995685 0.079961 0.047101
-1.97329903 -0.13550700 -6.35480404 32 47 21 0.000000 0.970530 -0.047731 0.236207
-1.92639601 -0.53306502 -6.23568487 40 54 28 0.000000 0.696383 0.427137 0.576718
-1.97627699 -0.33130801 -6.17910385 43 58 26 0.000000 0.944432 0.261809 -0.198756
-1.96064305 -0.43851501 -6.47913408 42 55 31 0.000000 0.965941 0.229619 0.119300
-1.95468700 -0.33428600 -6.10986614 40 63 24 0.000000 0.904024 0.158026 -0.397201
-1.98893404 -0.26802599 -6.17686987 41 60 25 0.000000 0.992409 0.078618 0.094569
-1.99414504 -0.27398199 -6.49327898 45 65 33 0.000000 0.930908 0.032368 -0.363818
-1.98744500 -0.27844900 -6.38905001 40 57 27 0.000000 0.986537 0.158447 -0.040479
-1.99563396 -0.09530400 -6.31236792 30 51 27 0.000000 0.791363 0.445040 0.419147
-1.92565203 -0.54795498 -6.48062277 48 53 21 0.000000 0.993538 -0.023106 0.111127
-1.95989895 -0.46010500 -6.39351702 42 49 27 0.000000 0.914496 0.388765 -0.112064
-2.00159001 -0.26877099 -6.51933718 33 40 24 0.000000 0.794250 -0.459150 -0.397930
-1.97851098 -0.15709700 -6.17835903 42 57 27 0.000000 0.962264 -0.221255 -0.158413
-1.94798696 -0.47276101 -6.26993179 42 63 30 0.000000 0.941824 0.300351 -0.150855
-1.95989895 -0.29780599 -6.10167599 37 57 23 0.000000 0.952713 0.198089 -0.230430
-1.96734405 -0.39458999 -6.50146914 38 46 25 0.000000 0.941504 0.309332 0.133729
-1.96213198 -0.42436901 -6.24610806 43 59 31 0.000000 0.945367 0.324453 -0.031809
-1.94649804 -0.46606100 -6.18431520 42 57 29 0.000000 0.959919 0.253981 0.118525
-1.94724202 -0.44744900 -6.56102800 46 57 27 0.000000 0.856218 0.498612 0.135192
-1.95915401 -0.43404800 -6.50146914 50 61 31 0.000000 0.958152 0.270248 0.094393
-1.95989895 -0.43107000 -6.29896688 43 64 27 0.000000 0.999960 0.008867 0.000985
-1.99042296 -0.16528600 -6.26099777 34 55 21 0.000000 0.999379 -0.015344 -0.031710
-1.97032201 -0.34470901 -6.17091417 37 58 23 0.000000 0.895125 0.277593 -0.348846
-1.98595595 -0.27770501 -6.16644716 37 60 23 0.000000 0.970530 0.236207 -0.047731
-1.98074400 -0.20697799 -6.40840721 39 62 31 0.000000 0.960465 -0.277413 0.023426
-1.97627699 -0.19357701 -6.39054012 39 62 28 0.000000 0.853449 -0.496740 -0.157719
-1.98521101 -0.14220700 -6.20590496 25 32 22 0.000000 0.882240 0.453274 -0.127260
-1.94500899 -0.36927700 -6.09646511 39 65 29 0.000000 0.886716 -0.207342 -0.413213
-1.98967803 -0.19655500 -6.20516109 34 56 22 0.000000 0.971348 -0.206427 -0.117777
-1.98967803 -0.13327301 -6.30343390 31 52 20 0.000000 0.940279 0.174329 0.292379
-1.96957695 -0.39458999 -6.48955679 43 50 28 0.000000 0.955750 0.149792 0.253188
-1.93830800 -0.52859801 -6.41585207 42 55 27 0.000000 0.936992 0.175255 0.302211
-1.98818898 -0.18985499 -6.20962811 36 56 24 0.000000 0.993097 -0.110592 -0.039098
-2.01424694 -0.08339200 -6.30194521 33 47 33 0.000000 0.561474 0.774611 0.291076
-1.93160796 -0.50402999 -6.17612600 33 55 22 0.000000 0.765040 0.592238 -0.252919
-1.93533003 -0.55018902 -6.48136806 34 40 20 0.000000 0.387695 -0.276063 -0.879478
-1.98893404 -0.23229100 -6.26025295 39 59 25 0.000000 0.979829 0.024642 0.198313
-1.98223305 -0.18836600 -6.46945620 35 52 20 0.000000 0.292972 -0.896763 -0.331639
-1.97329903 -0.37672201 -6.48434496 40 55 28 0.000000 0.964871 0.197152 0.173651
-1.97776699 -0.31195101 -6.16495800 36 58 23 0.000000 0.955403 0.243848 -0.166563
-1.99637902 -0.18836600 -6.48211193 35 38 30 0.000000 0.586228 -0.735627 -0.339395
-1.99116695 -0.20697799 -6.12550020 33 18 18 0.000000 0.786191 0.556163 0.269416
-1.97925496 -0.19357701 -6.36448193 38 61 29 0.000000 0.981430 -0.175040 0.078466
-1.97702205 -0.36629900 -6.29747820 36 57 26 0.000000 0.909648 0.395438 -0.127155
-1.94351995 -0.48988500 -6.50072384 45 55 32 0.000000 0.954208 0.292522 0.062592
-1.97776699 -0.35662100 -6.25206423 39 59 26 0.000000 0.968570 0.222733 0.110730
-1.96734405 -0.42734700 -6.45605516 44 56 36 0.000000 0.974183 0.175177 0.142410
-1.98818898 -0.15114100 -6.30641222 35 55 23 0.000000 0.976783 -0.008189 0.214073
-1.96064305 -0.42734700 -6.27663183 42 65 26 0.000000 0.969369 0.245605 0.001186
-1.98670006 -0.32609701 -6.29598904 53 54 36 0.000000 0.996392 0.070782 -0.046825
-1.98818898 -0.28589401 -6.45828819 35 53 29 0.000000 0.951005 0.236737 -0.198859
-1.97627699 -0.39458999 -6.33321285 46 62 34 0.000000 0.928063 0.355689 -0.110386
-1.97702205 -0.36034301 -6.28184414 40 58 25 0.000000 0.972623 0.228924 0.039971
-1.98818898 -0.28812701 -6.22153997 48 61 30 0.000000 0.987489 0.157685 0.001118
-1.98893404 -0.13848500 -6.22675085 39 60 25 0.000000 0.975404 0.079951 -0.205413
-1.96883297 -0.07073600 -6.33991385 37 51 32 0.000000 0.657173 -0.055838 0.751669
-1.99786794 -0.10572700 -6.29152203 36 56 28 0.000000 0.984325 0.175731 -0.014931
-1.98372197 -0.31046200 -6.22377300 35 55 22 0.000000 0.948827 0.307622 -0.071389
-1.94203103 -0.49658501 -6.28258801 39 59 27 0.000000 0.981675 0.143034 -0.125918
-1.95989895 -0.29333901 -6.09572077 31 42 23 0.000000 0.963639 0.261220 -0.056244
-1.98818898 -0.22707900 -6.24685192 41 63 26 0.000000 0.981537 0.001145 0.191268
-1.98670006 -0.30525100 -6.23568487 43 62 28 0.000000 0.987116 0.054775 -0.150340
-1.94203103 -0.50254101 -6.49625683 46 55 28 0.000000 0.962995 0.269054 0.015827
-1.98297799 -0.36183199 -6.36299276 41 44 31 0.000000 0.977451 0.175122 -0.117990
-1.99042296 -0.27100399 -6.42552996 41 60 30 0.000000 0.986936 0.148684 -0.062049
-1.93830800 -0.51221901 -6.46498919 46 54 30 0.000000 0.728826 0.657946 -0.189525
-1.96659899 -0.39533401 -6.53794909 46 58 37 0.000000 0.927756 0.293199 -0.230877
-1.95543206 -0.43107000 -6.53199291 40 49 27 0.000000 0.942031 0.332101 0.047812
-1.96138799 -0.37374401 -6.15900183 37 62 25 0.000000 0.937353 0.261230 -0.230497
-1.96883297 -0.42064700 -6.45605516 41 54 29 0.000000 0.942395 0.285864 0.173707
-1.96213198 -0.40650201 -6.22005081 40 64 27 0.000000 0.947352 0.307922 -0.087791
-1.99637902 -0.25685900 -6.48211193 41 57 29 0.000000 0.975029 0.221544 0.015401
-1.98521101 -0.31865200 -6.26844311 40 59 26 0.000000 0.990429 0.070333 -0.118759
-1.97181106 -0.42883599 -6.42031908 42 55 32 0.000000 0.937430 0.342195 -0.064243
-1.96734405 -0.39831200 -6.25355291 37 58 26 0.000000 0.986180 0.141222 -0.086632
-1.98893404 -0.19878800 -6.25727606 37 59 22 0.000000 0.990388 0.032749 0.134386
-1.98670006 -0.10423800 -6.24610806 33 39 26 0.000000 0.949391 -0.301663 -0.087495
-1.98148894 -0.10498200 -6.33246899 33 49 26 0.000000 0.852426 -0.006755 0.522804
-1.94649804 -0.49211800 -6.30119991 41 57 27 0.000000 0.939473 0.180721 -0.291085
-1.94724202 -0.50179702 -6.36299276 41 60 28 0.000000 0.952479 0.294167 -0.079049
-1.96064305 -0.40575701 -6.18729305 38 61 26 0.000000 0.994858 0.093647 0.038560
-1.98446703 -0.27919400 -6.34065914 34 43 21 0.000000 0.997999 0.063217 0.001036
-1.96510994 -0.40724599 -6.55060482 45 54 31 0.000000 0.919118 0.340572 -0.198073
-1.97329903 -0.38342199 -6.47764492 43 56 29 0.000000 0.971708 0.174474 0.159192
-1.99042296 -0.21293400 -6.22451782 34 56 22 0.000000 0.991746 0.023427 0.126060
-1.94351995 -0.50030798 -6.48136806 46 57 33 0.000000 0.932783 0.347613 -0.095292
-1.92862999 -0.50700802 -6.15900183 38 53 24 0.000000 0.650850 0.753231 0.095068
-1.94873095 -0.15560800 -6.45605516 27 39 20 0.000000 0.699022 -0.220497 0.680257
-1.96808803 -0.16826400 -6.40915203 37 61 27 0.000000 0.981424 -0.166199 0.095837
-1.97329903 -0.35438699 -6.51412487 44 58 32 0.000000 0.975691 0.141896 0.167010
-1.97702205 -0.15039600 -6.34735918 35 57 25 0.000000 0.951115 0.001230 0.308835
-1.98521101 -0.15114100 -6.31460094 34 57 22 0.000000 0.936839 0.024284 0.348918
-1.94203103 -0.53529900 -6.49551296 48 61 34 0.000000 0.956627 -0.190792 -0.220144
-1.94351995 -0.41469100 -6.09423208 41 57 29 0.000000 0.935511 0.350003 0.048142
-1.98744500 -0.19729900 -6.28854418 37 57 23 0.000000 0.995076 -0.047385 0.087055
-1.98893404 -0.16379701 -6.29598904 39 57 26 0.000000 0.978343 0.142597 0.150037
-1.95543206 -0.47127199 -6.39724016 44 55 28 0.000000 0.929164 0.362892 -0.070452
-1.95841002 -0.41618001 -6.19771624 41 66 29 0.000000 0.980898 0.133815 -0.141181
-1.99116695 -0.18762100 -6.24461889 49 63 34 0.000000 0.999707 -0.007047 0.023155
-1.94575298 -0.40724599 -6.11433315 41 65 29 0.000000 0.967327 0.158853 -0.197598
-1.96883297 -0.35438699 -6.17016983 38 61 24 0.000000 0.940218 0.277509 -0.197432
-1.96734405 -0.42064700 -6.46796703 48 59 33 0.000000 0.975451 0.174502 0.134329
-1.98818898 -0.18538800 -6.28258801 33 54 21 0.000000 0.978582 0.054165 0.198605
-1.98670006 -0.28365999 -6.30269003 46 64 28 0.000000 0.999446 0.023528 0.023528
-1.96138799 -0.45340499 -6.37937212 43 60 29 0.000000 0.947991 0.276441 -0.157774
-1.95319796 -0.47946200 -6.41212988 43 53 27 0.000000 0.958392 0.285453 0.001215
-1.94277501 -0.52413100 -6.34214687 44 64 31 0.000000 0.956405 0.259878 0.133237
-1.95319796 -0.31939599 -6.09348679 39 61 27 0.000000 0.917965 0.276112 -0.284786
-1.94798696 -0.39831200 -6.12177801 39 64 27 0.000000 0.957934 0.221879 -0.182021
-1.98670006 -0.10870500 -6.32502413 31 43 21 0.000000 0.855857 0.031496 0.516253
-1.98744500 -0.22335701 -6.41957521 41 63 29 0.000000 0.897606 -0.404859 -0.174334
-1.94649804 -0.46978301 -6.17463684 45 55 33 0.000000 0.971535 0.228379 -0.062958
-1.96808803 -0.37895501 -6.51933718 45 57 35 0.000000 0.972458 0.228168 -0.047586
-1.93384099 -0.52785403 -6.47764492 44 52 29 0.000000 0.817659 0.347704 -0.458842
-1.97627699 -0.07296900 -6.33693600 28 48 26 0.000000 0.158613 0.023963 0.987050
-1.92937398 -0.54572201 -6.35927105 55 63 38 0.000000 0.918881 0.349713 -0.182644
-1.93607497 -0.44298199 -6.10390997 35 55 26 0.000000 0.864915 0.492817 0.095155
-1.97032201 -0.11466100 -6.36001492 34 55 22 0.000000 0.963405 -0.087814 0.253260
-1.99414504 -0.11689400 -6.28631115 34 54 23 0.000000 0.972458 0.228168 -0.047586
-1.95021999 -0.31865200 -6.08380890 22 29 17 0.000000 0.911044 0.381136 -0.157272
-1.96957695 -0.39384499 -6.55060482 45 57 39 0.000000 0.924902 0.261603 -0.275898
-1.94724202 -0.45787200 -6.52826977 47 56 27 0.000000 0.926507 0.309779 0.213592
-1.97255504 -0.17868701 -6.39426184 39 63 29 0.000000 0.980201 -0.118998 0.158255
-1.96957695 -0.39384499 -6.30417824 38 57 26 0.000000 0.967197 0.254023 0.001193
-1.94277501 -0.48020601 -6.19176006 39 61 29 0.000000 0.931992 0.362371 -0.008900
-1.93681896 -0.51073003 -6.45828819 43 52 30 0.000000 0.908992 0.411950 0.063481
-1.92788601 -0.52859801 -6.54613781 53 61 29 0.000000 0.961171 0.015917 0.275495
-1.98372197 -0.26653701 -6.14485693 36 53 23 0.000000 0.867658 0.150200 -0.473931
-1.97851098 -0.30450600 -6.16421413 39 60 24 0.000000 0.957083 0.237611 -0.165930
-1.98148894 -0.17868701 -6.16198111 41 63 27 0.000000 0.906467 -0.237929 -0.348866
-1.99116695 -0.23675700 -6.22600698 41 60 25 0.000000 0.985341 -0.142128 -0.094354
-1.93979704 -0.44372600 -6.12847805 36 35 29 0.000000 0.896382 0.283929 -0.340417
-1.98446703 -0.32907400 -6.24313021 44 59 31 0.000000 0.911620 0.355719 -0.205943
-2.01275802 -0.30525100 -6.53720379 20 21 17 0.000000 0.680436 0.657701 -0.323167
-1.92341900 -0.55912203 -6.42776394 20 21 15 0.000000 0.680796 0.341214 0.648144
-1.97404397 -0.31046200 -6.14336777 37 57 24 0.000000 0.945157 0.245549 -0.215370
-1.95766497 -0.41841400 -6.18357086 43 66 30 0.000000 0.972623 0.228924 -0.039971
-1.95766497 -0.38044399 -6.14708996 39 63 24 0.000000 0.936039 0.205064 -0.285973
-1.97925496 -0.39458999 -6.38160610 40 56 31 0.000000 0.991746 0.126060 -0.023427
-1.98595595 -0.29110500 -6.44414282 41 60 25 0.000000 0.970638 0.213869 0.110098
-1.97851098 -0.30450600 -6.15676880 38 59 21 0.000000 0.964077 0.103706 -0.244540
-1.98893404 -0.18985499 -6.26323080 30 48 19 0.000000 0.950833 0.301421 0.071151
-1.97032201 -0.41766900 -6.35778189 41 63 27 0.000000 0.950930 0.294304 -0.095485
-1.98223305 -0.31716299 -6.45009899 39 56 25 0.000000 0.994544 0.101752 -0.022976
-1.91299605 -0.53753197 -6.25504208 28 28 20 0.000000 -0.355889 -0.809129 -0.467603
-1.96138799 -0.07669200 -6.34884787 28 35 22 0.000000 0.717849 -0.293885 0.631129
-1.94873095 -0.47573900 -6.28928900 42 64 25 0.000000 0.949190 0.284356 -0.134836
-1.97106600 -0.17868701 -6.48508978 27 26 21 0.000000 0.523574 -0.851663 -0.023240
-1.98595595 -0.08934800 -6.33097982 32 53 32 0.000000 0.532050 0.271518 0.801998
-1.93011904 -0.53529900 -6.19771624 37 42 30 0.000000 0.885711 0.450625 -0.111597
-1.93086398 -0.47201699 -6.12326717 35 43 23 0.000000 -0.032889 -0.247274 -0.968387
-1.96436596 -0.40203500 -6.51412487 45 56 32 0.000000 0.969968 0.220734 0.102168
-1.97627699 -0.17422000 -6.35629320 37 59 27 0.000000 0.941209 -0.214225 0.261216
-1.96213198 -0.45489401 -6.42255306 44 53 32 0.000000 0.940919 0.338631 0.001250
-1.98595595 -0.29185000 -6.42627478 41 59 26 0.000000 0.979808 0.197380 -0.031912
-1.97702205 -0.37597701 -6.44712114 42 53 27 0.000000 0.975694 0.072228 0.206891
-1.97032201 -0.42213601 -6.33097982 44 59 32 0.000000 0.922898 0.221096 -0.315240
-1.96808803 -0.42809200 -6.34661388 41 63 27 0.000000 0.947691 0.316745 -0.039434
-1.92862999 -0.53753197 -6.54688311 54 61 37 0.000000 0.960546 0.030985 0.276389
-1.97553301 -0.36480999 -6.48211193 38 52 26 0.000000 0.964052 0.229660 0.133644
-1.97702205 -0.32311901 -6.17538118 38 59 27 0.000000 0.959294 0.228907 -0.165396
-1.95394301 -0.40203500 -6.14560223 40 65 28 0.000000 0.965692 0.206655 -0.157266
-2.00605702 -0.07445800 -6.32651281 35 44 36 0.000000 0.339398 0.492366 0.801489
-1.97553301 -0.33502999 -6.53124905 35 48 22 0.000000 0.885088 0.404739 0.229797
-1.98670006 -0.28217101 -6.27588701 41 64 30 0.000000 0.974183 -0.175177 0.142410
-1.99042296 -0.27919400 -6.46350002 39 59 30 0.000000 0.972674 0.221231 -0.070448
-1.96510994 -0.42064700 -6.31013393 38 52 23 0.000000 0.971910 0.149035 -0.182153
-1.95692098 -0.31790701 -6.10539913 37 60 22 0.000000 0.927156 0.269174 -0.260629
-1.99637902 -0.28887200 -6.50668001 41 59 30 0.000000 0.861505 0.157038 -0.482854
-1.91448498 -0.52785403 -6.57889605 59 68 28 0.000000 0.833469 0.198157 0.515813
-1.93309700 -0.46755001 -6.56772900 40 49 25 0.000000 0.888302 0.332174 0.317143
-1.94054198 -0.49062899 -6.25131893 42 64 28 0.000000 0.911026 0.404446 -0.080345
-1.95096505 -0.45936099 -6.50668001 41 51 29 0.000000 0.939473 0.291085 0.180721
-1.97032201 -0.38044399 -6.23196316 41 62 28 0.000000 0.927756 0.230877 -0.293199
-1.99563396 -0.26058099 -6.52008104 41 44 36 0.000000 0.933077 -0.300767 -0.197247
-1.97925496 -0.29706100 -6.14708996 36 53 19 0.000000 0.957934 0.221879 -0.182021
-1.97702205 -0.25983700 -6.12847805 35 58 21 0.000000 0.883113 0.102819 -0.457754
-1.98595595 -0.29110500 -6.38458300 36 55 23 0.000000 0.997142 0.071453 -0.024529
-1.97702205 -0.36853299 -6.46647692 44 59 30 0.000000 0.994949 0.095226 0.031742
-1.94128597 -0.52413100 -6.39351702 44 64 30 0.000000 0.985684 0.156626 -0.062415
-1.98744500 -0.13997400 -6.30864477 30 50 20 0.000000 0.960332 0.008520 0.278728
-1.94947600 -0.55391097 -6.32800198 52 52 43 0.000000 0.980910 0.039047 0.190502
-1.98967803 -0.11242700 -6.23791790 42 54 32 0.000000 0.960937 -0.088289 0.262306
-1.91820705 -0.53902102 -6.44935417 37 47 22 0.000000 0.588063 0.621763 0.517293
-1.95319796 -0.45489401 -6.27961016 41 63 26 0.000000 0.945564 0.308999 -0.102116
-1.98818898 -0.23229100 -6.25429678 39 59 25 0.000000 0.982947 -0.031557 -0.181161
-1.95692098 -0.46680501 -6.37341595 41 52 27 0.000000 0.933257 0.356948 -0.040238
-1.97851098 -0.17943200 -6.35033703 37 60 26 0.000000 0.979237 -0.197282 0.046630
-1.96436596 -0.42064700 -6.30417824 41 58 27 0.000000 0.917290 0.307689 -0.252796
-1.95915401 -0.46457201 -6.41734123 40 53 27 0.000000 0.932937 0.355592 -0.056422
-1.95915401 -0.46531701 -6.42552996 44 57 33 0.000000 0.934587 0.346980 0.078436
-1.92937398 -0.53232098 -6.43669796 38 46 22 0.000000 0.818932 0.389589 0.421392
-1.95468700 -0.33949700 -6.11284399 41 63 25 0.000000 0.935944 0.117840 -0.331847
-1.97702205 -0.18762100 -6.37341595 33 54 23 0.000000 0.995437 -0.094032 0.016212
-1.99265599 -0.14741801 -6.25504208 33 55 23 0.000000 0.997743 0.062558 0.024387
-1.98670006 -0.30971801 -6.27291012 57 58 38 0.000000 0.965936 0.220527 -0.135412
-1.94054198 -0.53157598 -6.36745977 43 66 27 0.000000 0.964380 0.252184 -0.079837
-1.96808803 -0.37746599 -6.19027090 36 58 25 0.000000 0.937046 0.269523 -0.222042
-1.98670006 -0.21665600 -6.43223095 41 60 29 0.000000 0.815377 -0.490488 -0.307541
-1.98521101 -0.25164700 -6.34735918 38 55 26 0.000000 0.996891 0.001050 -0.078785
-1.95319796 -0.16528600 -6.45456600 36 56 29 0.000000 0.729760 -0.388659 0.562489
-1.95170903 -0.41171300 -6.15230179 40 64 26 0.000000 0.952783 0.253271 -0.167507
-1.97106600 -0.42064700 -6.57145119 41 42 29 0.000000 0.595277 0.524450 -0.608767
-1.94724202 -0.45489401 -6.15528011 46 68 33 0.000000 0.975327 0.001168 -0.220763
-1.96362102 -0.44968200 -6.43148708 38 47 26 0.000000 0.960928 0.276796 0.001209
-2.00531292 -0.21144500 -6.47764492 39 59 31 0.000000 0.817161 0.078711 -0.571011
-1.98595595 -0.26653701 -6.29524517 41 54 25 0.000000 0.999736 0.000999 -0.022971
-1.95245397 -0.50626397 -6.13741207 44 47 44 0.000000 0.632390 -0.585172 0.507599
-1.92565203 -0.48765099 -6.57442904 54 61 29 0.000000 0.963215 0.190022 0.190022
-2.01052403 -0.21070001 -6.48732281 47 53 39 0.000000 0.878142 0.062231 -0.474335
-1.94873095 -0.44595999 -6.56847286 36 47 23 0.000000 0.730340 0.682310 0.032491
-1.91969597 -0.52785403 -6.26546478 33 49 18 0.000000 0.586857 0.603769 -0.539502
-1.97032201 -0.42958099 -6.39798403 42 57 29 0.000000 0.953979 0.293236 -0.062745
-1.98297799 -0.21218900 -6.42404222 40 62 31 0.000000 0.839221 -0.530876 -0.117811
-1.97478902 -0.34173101 -6.52082491 37 50 27 0.000000 0.922741 0.334900 0.190766
-2.00754595 -0.30971801 -6.53124905 37 43 28 0.000000 0.614669 0.687177 -0.387258
-1.98074400 -0.37300000 -6.32353497 38 58 27 0.000000 0.910375 0.363862 -0.197032
-1.92788601 -0.45787200 -6.58261824 19 22 13 0.000000 0.699458 0.038307 0.713646
-1.96362102 -0.39235601 -6.19846106 40 64 27 0.000000 0.934184 0.355326 -0.032302
-1.96734405 -0.27919400 -6.11433315 35 53 22 0.000000 0.876335 0.174097 -0.449140
-1.97851098 -0.39831200 -6.37490511 40 57 30 0.000000 0.967531 0.246528 0.055748
-1.97925496 -0.40426800 -6.57815123 50 51 46 0.000000 0.903474 -0.183000 -0.387615
-1.98744500 -0.18836600 -6.47168922 34 49 20 0.000000 0.524519 -0.756549 -0.390530
-1.95766497 -0.44223699 -6.27365398 38 60 24 0.000000 0.987050 0.158613 -0.023963
-1.91150701 -0.51966399 -6.16793585 28 34 23 0.000000 0.500210 0.851389 -0.157883
-1.93533003 -0.51743102 -6.45009899 40 50 26 0.000000 0.899204 0.401405 0.174086
-1.93458605 -0.55018902 -6.36597109 43 56 30 0.000000 0.884928 -0.006634 -0.465682
-1.99414504 -0.29036099 -6.49476814 38 56 31 0.000000 0.862189 0.443975 -0.243959
-1.94351995 -0.37076601 -6.09125423 40 65 30 0.000000 0.879301 -0.127248 -0.458952
-1.97255504 -0.18911000 -6.40691805 34 56 26 0.000000 0.935192 -0.341164 0.094991
-2.02020311 -0.08041400 -6.30119991 30 38 31 0.000000 0.568606 0.774507 0.277175
-1.93830800 -0.52264202 -6.51487017 54 60 32 0.000000 0.983659 -0.070346 0.165732
-1.93905306 -0.49137399 -6.19027090 38 62 28 0.000000 0.946369 0.322195 -0.024007
-1.97181106 -0.31865200 -6.14411306 35 57 24 0.000000 0.964715 0.141526 -0.222027
-1.94203103 -0.35215399 -6.08678722 33 51 20 0.000000 0.732641 0.357346 -0.579259
-1.94798696 -0.46457201 -6.21781683 38 60 26 0.000000 0.960928 0.276796 0.001209
-1.94426405 -0.41096899 -6.10986614 39 63 27 0.000000 0.940919 0.338631 0.001250
-1.99042296 -0.15411900 -6.24536419 38 60 26 0.000000 0.968387 0.032889 -0.247274
-1.96510994 -0.17422000 -6.47764492 46 55 37 0.000000 0.583391 -0.781465 -0.221286
-1.95692098 -0.46308300 -6.45009899 41 48 29 0.000000 0.896251 0.443546 0.001308
-1.97702205 -0.30971801 -6.15974712 36 57 24 0.000000 0.940279 0.292379 -0.174329
-1.99116695 -0.31865200 -6.53199291 33 48 20 0.000000 0.885473 0.427419 0.182346
-1.99488997 -0.11763900 -6.29375601 34 51 20 0.000000 0.924557 0.364633 -0.110619
-1.95617604 -0.31269601 -6.09795380 34 55 23 0.000000 0.945969 0.229284 -0.229284
-1.96808803 -0.43032500 -6.35405922 43 63 26 0.000000 0.988665 0.150135 0.001112
-1.96138799 -0.28663799 -6.09646511 24 34 17 0.000000 0.988665 0.150135 0.001112
-1.95394301 -0.47424999 -6.43297482 38 48 26 0.000000 0.913257 0.403657 0.054983
-1.94575298 -0.47946200 -6.25727606 40 61 26 0.000000 0.956075 0.292169 -0.023622
-1.92192996 -0.51370800 -6.16049099 40 53 32 0.000000 0.593742 0.800761 0.079070
-1.99116695 -0.26877099 -6.44712114 38 58 29 0.000000 0.965242 0.228101 -0.127582
-1.99488997 -0.30971801 -6.52305889 42 56 33 0.000000 0.681189 0.714566 -0.159298
-1.91001797 -0.53455400 -6.58336306 67 72 36 0.000000 0.762488 0.357771 0.539084
-1.94947600 -0.46233901 -6.21260595 40 63 28 0.000000 0.925466 0.340224 0.166612
-1.95021999 -0.46308300 -6.23345184 39 59 27 0.000000 0.929121 0.364491 0.062295
-1.95468700 -0.35587600 -6.11880016 38 61 27 0.000000 0.942026 0.110905 -0.316681
-1.93681896 -0.52189797 -6.48062277 48 58 32 0.000000 0.964280 0.157886 -0.212690
-1.99042296 -0.18538800 -6.23121786 41 57 26 0.000000 0.991904 -0.062635 -0.110465
-1.98670006 -0.31865200 -6.27886581 40 53 27 0.000000 0.981430 0.175040 -0.078466
-1.94575298 -0.39980099 -6.10539913 43 67 30 0.000000 0.999446 0.023528 -0.023528
-1.98372197 -0.29631701 -6.20143795 36 56 25 0.000000 0.975327 0.220763 0.001168
-1.97106600 -0.35885400 -6.52975893 45 57 33 0.000000 0.996092 0.086850 0.016083
-1.98670006 -0.30003899 -6.23270702 46 61 32 0.000000 0.984600 0.151569 -0.087122
-1.95841002 -0.43777001 -6.49774599 50 61 31 0.000000 0.967559 0.189895 0.166642
-1.97404397 -0.36927700 -6.26620913 40 60 25 0.000000 0.966879 0.254186 -0.023108
-1.99488997 -0.23005700 -6.44935417 38 57 31 0.000000 0.978285 -0.064090 -0.197108
-1.96064305 -0.40277901 -6.18208218 41 64 31 0.000000 0.982218 0.173897 -0.070758
-1.97255504 -0.38118899 -6.26323080 41 61 26 0.000000 0.978235 0.157460 0.135143
-1.91820705 -0.50849700 -6.59527493 22 23 17 0.000000 0.813184 0.520873 -0.259659
-1.98967803 -0.24345800 -6.40691805 43 67 32 0.000000 0.990388 -0.032749 -0.134386
-1.97181106 -0.27249300 -6.12177801 33 49 21 0.000000 0.923030 0.062601 -0.379601
-1.98893404 -0.24792500 -6.41212988 37 58 27 0.000000 0.995414 -0.007500 -0.095363
-1.93979704 -0.42585799 -6.08529806 42 54 32 0.000000 0.893085 0.449840 0.006596
-1.96883297 -0.42734700 -6.44339800 55 60 47 0.000000 0.992409 0.078618 0.094569
-1.96213198 -0.40129000 -6.19771624 39 61 28 0.000000 0.926753 0.175256 -0.332285
-1.98372197 -0.18762100 -6.16123581 43 64 29 0.000000 0.871409 -0.277335 -0.404637
-1.97106600 -0.33875301 -6.16570282 37 59 24 0.000000 0.977194 0.196906 -0.079496
-1.99116695 -0.19134299 -6.24089718 48 62 32 0.000000 0.999772 0.015102 -0.015102
-1.98967803 -0.16752000 -6.22675085 39 57 23 0.000000 0.993934 0.007604 -0.109713
-1.98074400 -0.07594700 -6.33693600 30 48 26 0.000000 0.087122 0.151569 0.984600
-1.96957695 -0.18166500 -6.45977688 35 58 26 0.000000 0.656558 -0.735772 -0.166044
-1.99414504 -0.08264800 -6.27588701 41 57 32 0.000000 0.834400 -0.127133 -0.536296
-1.94203103 -0.48095101 -6.17389297 35 45 28 0.000000 0.913529 0.404087 -0.046677
-1.92044103 -0.49584100 -6.59155178 62 65 42 0.000000 0.988483 0.151127 -0.007836
-1.96510994 -0.38565600 -6.19399405 37 62 23 0.000000 0.937514 0.324263 -0.126178
-1.99042296 -0.11168300 -6.25355291 40 56 26 0.000000 0.975388 -0.110868 -0.190593
-1.95543206 -0.38193300 -6.14113522 40 63 26 0.000000 0.949438 0.205100 -0.237699
-1.91895199 -0.53529900 -6.24015188 31 49 23 0.000000 0.506668 0.440652 0.741022
-1.96883297 -0.39310101 -6.25876379 36 58 25 0.000000 0.943119 0.332049 -0.016413
-2.00084591 -0.09604900 -6.29673290 30 48 26 0.000000 0.908224 0.418483 0.001296
-1.94054198 -0.52785403 -6.38979483 45 66 30 0.000000 0.979865 0.165559 -0.111599
-1.95319796 -0.47946200 -6.39947319 39 50 24 0.000000 0.928352 0.371596 0.008939
-1.91597402 -0.54274398 -6.27067614 27 33 13 0.000000 0.277241 -0.046416 -0.959679
-1.94128597 -0.45265999 -6.57145119 36 46 21 0.000000 0.695329 0.663360 0.276533
-1.95766497 -0.38342199 -6.15230179 41 65 27 0.000000 0.919133 0.254596 -0.300624
-1.94798696 -0.48765099 -6.30269003 36 46 23 0.000000 0.901707 0.293682 -0.317295
-1.93979704 -0.43553701 -6.09646511 42 54 34 0.000000 0.982710 -0.080393 -0.166785
-1.97627699 -0.36406600 -6.26248693 39 59 25 0.000000 0.932937 0.355592 -0.056422
-1.97329903 -0.10498200 -6.34512520 32 50 22 0.000000 0.869101 -0.188034 0.457500
-1.96957695 -0.40724599 -6.56028414 44 54 33 0.000000 0.955750 0.149792 -0.253188
-1.94128597 -0.50402999 -6.47913408 40 51 28 0.000000 0.952354 0.301346 -0.047046
-1.93458605 -0.50328600 -6.15304708 36 53 23 0.000000 0.507260 0.861665 -0.014880
-1.95096505 -0.45191601 -6.18580389 41 63 31 0.000000 0.956790 0.277611 -0.086511
-1.95021999 -0.47424999 -6.29896688 45 66 29 0.000000 0.986508 0.103281 -0.127023
-2.00829101 -0.30301699 -6.52603722 34 44 26 0.000000 0.569046 0.481759 -0.666405
-1.95468700 -0.40501300 -6.15825796 38 61 26 0.000000 0.976255 0.087407 -0.198206
-1.97702205 -0.32758501 -6.54986000 34 37 27 0.000000 0.421606 0.906778 0.001297
-1.98670006 -0.26207000 -6.15155697 39 59 25 0.000000 0.936476 0.348426 -0.040153
-1.94426405 -0.47946200 -6.21111679 41 65 29 0.000000 0.952479 0.294167 -0.079049
-1.92267394 -0.53604299 -6.23717403 36 45 24 0.000000 0.600938 0.380320 0.703015
-1.98893404 -0.25909200 -6.40617418 40 62 29 0.000000 0.982255 -0.088198 -0.165521
-1.97851098 -0.39533401 -6.40542889 51 54 39 0.000000 0.981537 0.191268 0.001145
-1.91150701 -0.53678799 -6.24536419 38 39 29 0.000000 0.579155 0.682635 0.445632
-1.92192996 -0.53827697 -6.44637585 40 49 24 0.000000 0.745528 0.563613 0.355709
-2.01052403 -0.29185000 -6.52380419 20 23 15 0.000000 0.797791 0.109788 -0.592854
-1.95021999 -0.37374401 -6.11135483 42 66 29 0.000000 0.958637 0.143335 -0.245906
-1.94128597 -0.42064700 -6.10539913 45 64 32 0.000000 0.974949 0.222274 0.008232
-1.98818898 -0.21144500 -6.25355291 38 58 25 0.000000 0.998805 0.048346 -0.007200
-1.98893404 -0.14592899 -6.22972918 38 60 26 0.000000 0.995500 0.001065 -0.094759
-1.94054198 -0.48392901 -6.17761517 36 50 30 0.000000 0.893566 0.433373 -0.117166
-1.94798696 -0.07222500 -6.36373806 19 29 17 0.000000 -0.046978 -0.656264 0.753067
-1.98000002 -0.29855001 -6.15900183 35 56 21 0.000000 0.969301 0.230067 -0.086747
-1.94649804 -0.45042700 -6.15379095 44 66 34 0.000000 0.992275 0.087721 -0.087721
-1.94277501 -0.51296401 -6.38160610 43 64 28 0.000000 0.998897 0.040454 0.023857
-1.93681896 -0.49360701 -6.17612600 39 60 26 0.000000 0.903820 0.427571 -0.017103
-1.98818898 -0.26355901 -6.17165899 38 60 22 0.000000 0.975404 0.079951 -0.205413
-1.97255504 -0.40352401 -6.32279110 41 62 29 0.000000 0.974753 0.197938 -0.103326
-1.97255504 -0.42064700 -6.36820507 39 57 25 0.000000 0.957305 0.252200 -0.141285
-1.99637902 -0.11168300 -6.29077816 34 53 23 0.000000 0.891366 0.364582 -0.269344
-1.94351995 -0.51668602 -6.35554790 43 59 29 0.000000 0.948398 0.316961 0.008701
-1.98521101 -0.32684100 -6.29152203 59 69 50 0.000000 0.983150 0.102789 -0.151161
-1.94426405 -0.37523299 -6.09274197 43 68 31 0.000000 0.865401 -0.198104 -0.460256
-1.94500899 -0.48020601 -6.21781683 38 61 27 0.000000 0.937666 0.342985 0.056077
-1.97404397 -0.38937801 -6.46498919 48 58 30 0.000000 0.960263 0.197351 0.197351
-1.95766497 -0.34619799 -6.12401199 36 60 27 0.000000 0.855830 0.267925 -0.442460
-1.95319796 -0.44893801 -6.21111679 40 64 28 0.000000 0.966109 0.253588 -0.048244
-1.97553301 -0.39161199 -6.32353497 38 57 28 0.000000 0.964634 0.204936 -0.165776
-1.98744500 -0.28589401 -6.20813894 42 59 25 0.000000 0.965588 0.198836 -0.167646
-1.91150701 -0.53157598 -6.26099777 24 25 9 0.000000 0.682732 0.728534 0.055821
-1.94426405 -0.42809200 -6.13220119 41 62 27 0.000000 0.918700 0.309109 -0.245849
-2.00754595 -0.09009300 -6.29152203 28 42 27 0.000000 0.609899 0.789869 -0.064275
-1.97032201 -0.42064700 -6.35405922 37 56 25 0.000000 0.915643 0.354580 0.189394
-1.96510994 -0.40203500 -6.53943777 44 55 34 0.000000 0.941184 0.299157 -0.157092
-1.98446703 -0.20474400 -6.15006924 28 37 18 0.000000 0.755544 -0.493316 -0.431037
-1.95468700 -0.47201699 -6.44265413 41 48 28 0.000000 0.893015 0.427218 0.141454
-1.94203103 -0.45489401 -6.13517904 39 46 30 0.000000 0.884345 0.031053 -0.465800
-1.96808803 -0.44000399 -6.41287422 44 56 29 0.000000 0.947744 0.308962 -0.079522
-1.93979704 -0.49211800 -6.27216482 35 56 24 0.000000 0.906804 0.358369 -0.221986
-1.95841002 -0.43330300 -6.57368422 44 50 30 0.000000 0.816308 0.507266 -0.276265
-1.96883297 -0.39086699 -6.24759722 40 59 28 0.000000 0.924655 0.380437 -0.016765
-1.94873095 -0.48095101 -6.29301119 42 61 28 0.000000 0.940243 0.338999 -0.031981
-1.95170903 -0.36778799 -6.11433315 39 64 29 0.000000 0.989311 0.094609 -0.110962
-1.94426405 -0.47797301 -6.20218277 39 61 26 0.000000 0.943059 0.332624 0.001246
-2.01796889 -0.08041400 -6.30641222 38 49 38 0.000000 0.562444 0.814728 0.140982
-1.98148894 -0.31120700 -6.21260595 40 59 24 0.000000 0.948827 0.307622 -0.071389
-1.94203103 -0.50030798 -6.15081310 31 52 21 0.000000 0.762600 0.521950 0.382113
-1.94947600 -0.49286300 -6.37788296 40 57 27 0.000000 0.927038 0.364626 0.087456
-1.95692098 -0.43404800 -6.56847286 42 52 26 0.000000 0.808331 0.501450 -0.308463
-1.96064305 -0.42883599 -6.28779888 40 62 26 0.000000 0.997816 0.064138 0.015772
-1.98000002 -0.24494700 -6.13294506 35 55 23 0.000000 0.891748 0.064381 -0.447929
-1.99935699 -0.21889000 -6.46498919 40 60 32 0.000000 0.845910 -0.135872 -0.515728
-1.97255504 -0.16975300 -6.38086081 39 62 27 0.000000 0.934773 -0.158319 0.318016
-1.96734405 -0.43404800 -6.44265413 60 65 52 0.000000 0.960937 0.262306 0.088289
-1.97925496 -0.35364300 -6.24908590 40 59 27 0.000000 0.963156 0.197873 0.182148
-1.97255504 -0.25760299 -6.12252188 33 51 21 0.000000 0.879687 0.014728 -0.475325
-1.95915401 -0.46382800 -6.39872885 45 55 30 0.000000 0.945367 0.324453 -0.031809
-1.98446703 -0.26877099 -6.14858007 39 58 28 0.000000 0.962977 0.174253 -0.205697
-1.98893404 -0.27695999 -6.25429678 42 60 28 0.000000 0.997142 0.071453 -0.024529
-1.97925496 -0.38491100 -6.39128399 61 62 50 0.000000 0.987044 0.157421 -0.031025
-1.99042296 -0.13774000 -6.23717403 35 57 24 0.000000 0.990429 0.070333 -0.118759
-1.96287704 -0.44819301 -6.36671591 39 54 25 0.000000 0.936839 0.348918 0.024284
-1.94873095 -0.41543600 -6.13890123 39 63 27 0.000000 0.973097 0.229875 -0.015484
-1.97255504 -0.18389900 -6.46573305 30 51 21 0.000000 0.654821 -0.742131 -0.143007
-1.96585500 -0.41469100 -6.55805016 46 54 31 0.000000 0.841310 0.443204 -0.309465
-1.95394301 -0.47871700 -6.11358786 18 22 25 0.000000 0.158368 -0.601798 0.782789
-1.97404397 -0.28961599 -6.13071203 36 54 23 0.000000 0.844691 0.078081 -0.529529
-1.95021999 -0.45787200 -6.21632814 38 62 28 0.000000 0.936352 0.332776 -0.111823
-1.96064305 -0.45787200 -6.41585207 40 54 29 0.000000 0.909411 0.378326 0.172745
-1.99414504 -0.21293400 -6.13145590 44 25 21 0.000000 -0.270158 -0.775716 0.570333
-1.94351995 -0.48690701 -6.27067614 38 57 24 0.000000 0.942772 0.325590 -0.071917
-1.94873095 -0.50254101 -6.33470201 41 60 29 0.000000 0.986024 0.166413 0.007924
-1.98074400 -0.30152801 -6.17091417 37 60 25 0.000000 0.962250 0.269430 -0.038490
-1.98893404 -0.25834799 -6.17389297 42 59 23 0.000000 0.959404 0.262833 -0.102285
-1.92862999 -0.50700802 -6.17538118 34 54 23 0.000000 0.871462 0.467010 -0.149851
-1.94128597 -0.48616201 -6.52603722 45 55 28 0.000000 0.964634 0.204936 0.165776
-1.92937398 -0.53455400 -6.54390478 51 58 31 0.000000 0.963042 0.030827 0.267580
-1.97478902 -0.36778799 -6.48508978 40 53 28 0.000000 0.966993 0.244570 0.071490
-1.94277501 -0.41766900 -6.09720898 33 43 21 0.000000 0.904479 0.421729 -0.063734
-1.98000002 -0.38416699 -6.39798403 50 56 38 0.000000 0.998789 0.046672 -0.015557
-1.99042296 -0.20995601 -6.22153997 35 55 22 0.000000 0.996811 -0.007415 0.079448
-1.98744500 -0.20027700 -6.29301119 39 59 23 0.000000 0.992858 0.007646 0.119056
-1.96362102 -0.36480999 -6.15602398 40 63 24 0.000000 0.959218 0.126936 -0.252564
-1.95766497 -0.44595999 -6.30269003 40 62 27 0.000000 0.956477 0.245420 -0.157865
-1.96957695 -0.42436901 -6.34735918 37 59 26 0.000000 0.952354 0.301346 0.047046
-1.93607497 -0.50477499 -6.23270702 40 62 25 0.000000 0.924054 0.348093 0.157970
-1.94277501 -0.49733001 -6.29003286 40 60 27 0.000000 0.996623 0.078314 -0.024674
-1.97032201 -0.43255901 -6.41957521 43 55 33 0.000000 0.943254 0.331955 -0.008769
-1.93830800 -0.49584100 -6.25727606 39 60 26 0.000000 0.908257 0.411106 0.077851
-1.95915401 -0.37970001 -6.15155697 39 63 26 0.000000 0.911549 0.230423 -0.340563
-1.98446703 -0.33651900 -6.33767986 42 59 27 0.000000 0.991178 0.111149 -0.072190
-1.98000002 -0.37672201 -6.57368422 38 39 35 0.000000 0.842102 0.015013 -0.539109
-1.93086398 -0.50849700 -6.25727606 37 59 23 0.000000 0.903843 0.427862 0.001300
-2.00010109 -0.20251100 -6.47317791 34 54 26 0.000000 0.680673 -0.365759 -0.634748
-1.92639601 -0.54795498 -6.27737713 42 52 24 0.000000 0.619300 -0.119722 -0.775973
-1.97329903 -0.18389900 -6.39798403 39 63 29 0.000000 0.940014 -0.341022 0.008809
-1.94426405 -0.51147503 -6.40468502 45 54 29 0.000000 0.971708 0.159192 0.174474
-1.98148894 -0.11168300 -6.33246899 26 36 17 0.000000 0.854025 0.014935 0.520018
-1.97553301 -0.19506600 -6.40915203 42 66 33 0.000000 0.936839 -0.348918 0.024284
-1.93160796 -0.53827697 -6.27961016 30 49 16 0.000000 0.587103 -0.040635 -0.808492
-1.94649804 -0.48914000 -6.47168922 45 47 30 0.000000 0.905111 0.405546 -0.127698
-1.96213198 -0.42809200 -6.57145119 40 44 27 0.000000 0.611529 0.770129 -0.181476
-1.94724202 -0.15858600 -6.45828819 38 50 26 0.000000 0.727122 -0.268892 0.631657
-1.99191201 -0.08785900 -6.26993179 43 62 36 0.000000 0.919621 -0.277757 -0.277757
-1.97627699 -0.40948001 -6.40021801 45 56 32 0.000000 0.965202 0.261029 -0.015783
-1.96734405 -0.07669200 -6.34214687 35 51 30 0.000000 0.744577 -0.212958 0.632657
-1.98967803 -0.18911000 -6.26695395 33 52 21 0.000000 0.988800 0.141586 0.047195
-1.99042296 -0.31790701 -6.52826977 33 47 22 0.000000 0.759534 0.633196 -0.148899
-1.98893404 -0.21442300 -6.25727606 39 59 24 0.000000 0.980432 0.126389 -0.150930
-1.95096505 -0.41245800 -6.14858007 41 65 28 0.000000 0.952238 0.300370 -0.054961
-1.94649804 -0.38937801 -6.10465384 43 67 29 0.000000 0.980288 0.196990 -0.015153
-1.97478902 -0.34545299 -6.51189184 39 48 27 0.000000 0.956405 0.259878 0.133237
-1.96362102 -0.41543600 -6.55507183 45 52 30 0.000000 0.851702 0.421987 -0.310694
-1.97329903 -0.34768701 -6.52454805 44 58 30 0.000000 0.974834 0.157638 0.157638
-1.97776699 -0.35811001 -6.27886581 42 61 27 0.000000 0.947127 0.306927 0.093527
-1.94724202 -0.47573900 -6.27216482 39 61 27 0.000000 0.915953 0.377813 -0.135232
-1.97181106 -0.35736501 -6.55953884 53 56 46 0.000000 0.985684 -0.156626 -0.062415
-1.97702205 -0.33130801 -6.18282604 42 60 29 0.000000 0.961730 0.228983 -0.150475
-1.97181106 -0.41915801 -6.38383913 38 53 25 0.000000 0.945564 0.308999 -0.102116
-1.93235195 -0.44744900 -6.11656618 46 61 25 0.000000 0.746216 0.523171 -0.411649
-1.98893404 -0.29706100 -6.49104595 39 53 28 0.000000 0.974753 0.197938 -0.103326
-1.93235195 -0.46755001 -6.57145119 42 51 26 0.000000 0.876966 0.363249 0.314613
-1.94873095 -0.48541799 -6.46945620 42 45 27 0.000000 0.887715 0.459349 -0.030982
-1.94351995 -0.51221901 -6.38532782 42 62 27 0.000000 0.940955 0.325154 -0.094228
-1.97255504 -0.18092100 -6.39128399 40 63 30 0.000000 0.972909 -0.143336 0.181390
-1.97776699 -0.17124200 -6.34735918 33 54 21 0.000000 0.988261 -0.023827 0.150906
-1.99116695 -0.25239199 -6.22824001 43 64 30 0.000000 0.995685 0.047101 0.079961
-1.98074400 -0.35959899 -6.40840721 40 53 28 0.000000 0.997816 -0.015772 -0.064138
-1.97478902 -0.14146300 -6.35257101 34 53 24 0.000000 0.971348 -0.117777 0.206427
-1.96213198 -0.42660299 -6.25504208 42 63 28 0.000000 0.948412 0.316137 -0.023931
-1.94947600 -0.44447100 -6.56400585 40 52 25 0.000000 0.838005 0.545455 -0.015038
-1.97404397 -0.32907400 -6.16793585 35 59 25 0.000000 0.914531 0.381171 -0.135434
-1.95543206 -0.17198700 -6.46052217 38 54 34 0.000000 0.485359 -0.698851 0.525389
-1.93384099 -0.55614501 -6.41659689 50 50 37 0.000000 0.887313 0.151001 0.435747
-1.93830800 -0.53827697 -6.34587002 36 53 24 0.000000 0.727494 0.371104 0.577091
-1.92565203 -0.55688900 -6.42627478 33 35 26 0.000000 0.691280 0.372733 0.619033
-1.95841002 -0.14592899 -6.44414282 37 52 31 0.000000 0.873436 0.103676 0.475774
-1.95096505 -0.07892500 -6.36671591 50 65 49 0.000000 0.675380 -0.595335 0.435245
-1.97478902 -0.31790701 -6.16049099 37 59 24 0.000000 0.943463 0.260313 -0.205220
-1.96213198 -0.39607900 -6.18729305 38 62 26 0.000000 0.961613 0.164435 -0.219685
-1.94426405 -0.45117101 -6.56623888 38 49 22 0.000000 0.783014 0.544775 0.300182
-1.96957695 -0.17719799 -6.41064119 40 63 30 0.000000 0.977234 -0.141031 0.158504
-1.97627699 -0.40352401 -6.38011599 41 59 29 0.000000 0.974011 0.205251 0.095784
-1.97478902 -0.16454200 -6.36001492 32 55 22 0.000000 0.990955 -0.007750 0.133973
-1.98000002 -0.08190300 -6.33544683 31 50 25 0.000000 0.332851 0.031882 0.942440
-1.96138799 -0.40426800 -6.19101620 37 60 28 0.000000 0.963639 0.261220 -0.056244
-1.94128597 -0.50626397 -6.14262295 8 23 3 0.000000 0.451419 0.791197 0.412587
-1.96659899 -0.43330300 -6.45158815 55 59 45 0.000000 0.988395 0.134198 0.071183
-1.98000002 -0.30673999 -6.17463684 37 58 24 0.000000 0.970351 0.228538 -0.078677
-1.98595595 -0.28738299 -6.38756084 36 53 23 0.000000 0.989919 0.141417 0.007795
-1.94203103 -0.52040899 -6.40468502 44 53 29 0.000000 0.967893 0.206947 0.142677
-1.94277501 -0.50254101 -6.48360109 43 54 30 0.000000 0.948930 0.315485 0.001237
-1.98521101 -0.29482800 -6.37788296 35 53 23 0.000000 0.994521 0.103256 -0.016304
-1.96213198 -0.37300000 -6.16198111 37 60 24 0.000000 0.902546 0.229659 -0.364236
-1.94277501 -0.42585799 -6.12326717 43 65 29 0.000000 0.910318 0.276164 -0.308310
-1.99042296 -0.19059899 -6.25131893 35 53 22 0.000000 0.995895 0.071214 0.055875
-1.98297799 -0.21218900 -6.41064119 40 64 31 0.000000 0.931917 -0.339747 -0.126894
-1.98967803 -0.16156401 -6.22749615 41 61 26 0.000000 0.990194 -0.103315 -0.094028
-1.94054198 -0.44074801 -6.12773418 40 40 32 0.000000 0.899660 0.291982 -0.324589
-1.99116695 -0.25164700 -6.17612600 49 58 28 0.000000 0.985341 0.142128 -0.094354
-1.95096505 -0.44447100 -6.53348207 44 57 31 0.000000 0.928617 0.318905 0.189657
-1.95617604 -0.43032500 -6.52901506 39 49 27 0.000000 0.955176 0.277561 0.102945
-1.92118502 -0.55837798 -6.42999697 27 29 21 0.000000 0.545777 0.410570 0.730451
-1.97925496 -0.37374401 -6.43074179 48 58 35 0.000000 0.997331 0.054751 0.048310
-1.96883297 -0.42883599 -6.33321285 47 62 33 0.000000 0.911412 0.364851 -0.190295
-1.92490804 -0.53976601 -6.55805016 57 62 43 0.000000 0.955320 0.078643 0.284920
-1.98670006 -0.23452400 -6.26993179 35 55 24 0.000000 0.998965 0.032158 -0.032158
-1.98670006 -0.27398199 -6.16346884 36 60 22 0.000000 0.976404 0.189822 -0.102975
-1.98595595 -0.23973501 -6.33544683 37 55 23 0.000000 0.997743 -0.062558 -0.024387
-1.96213198 -0.14667401 -6.43223095 36 56 27 0.000000 0.979237 0.046630 0.197282
-1.98744500 -0.30673999 -6.27291012 77 68 54 0.000000 0.966149 0.254768 -0.040615
-1.96287704 -0.42064700 -6.27514315 40 62 24 0.000000 0.985166 0.164779 0.047914
-1.94351995 -0.49360701 -6.49700212 50 59 33 0.000000 0.978136 0.024778 0.206482
-1.94947600 -0.46308300 -6.23643017 36 58 24 0.000000 0.908249 0.418083 0.017038
-1.95989895 -0.43181399 -6.29226589 39 61 26 0.000000 0.988255 0.149666 -0.030847
-1.97106600 -0.18613200 -6.41064119 36 57 28 0.000000 0.956627 -0.190792 0.220144
-1.98074400 -0.27026001 -6.14187908 35 56 22 0.000000 0.883284 0.118056 -0.453732
-1.99042296 -0.16081899 -6.24685192 34 55 23 0.000000 0.993350 0.064123 -0.095623
-1.95245397 -0.44744900 -6.20367193 40 64 29 0.000000 0.952783 0.253271 -0.167507
-1.97776699 -0.16528600 -6.34735918 31 53 21 0.000000 0.986409 -0.047748 0.157220
-1.98670006 -0.19059899 -6.30194521 36 57 22 0.000000 0.977194 0.196906 0.079496
-1.98521101 -0.33800799 -6.31757879 72 63 53 0.000000 0.988294 0.142509 -0.054455
-1.93011904 -0.44074801 -6.08455276 22 24 19 0.000000 0.730873 0.570637 -0.374429
-1.95915401 -0.43404800 -6.25727606 42 64 28 0.000000 0.970023 0.212312 0.118233
-1.98595595 -0.27174899 -6.35257101 42 54 28 0.000000 0.997940 0.007315 -0.063743
-1.97032201 -0.39086699 -6.30194521 40 60 29 0.000000 0.985684 0.156626 -0.062415
-1.97106600 -0.35587600 -6.53645992 49 64 38 0.000000 0.999217 0.039563 0.001014
-1.94426405 -0.49062899 -6.49402380 48 57 30 0.000000 0.958637 0.143335 0.245906
-1.97032201 -0.18017600 -6.41064119 41 65 33 0.000000 0.950727 -0.165402 0.262223
-1.99116695 -0.11168300 -6.22972918 25 38 16 0.000000 0.925428 -0.181154 0.332817
-1.98372197 -0.19655500 -6.45754385 30 52 24 0.000000 0.760671 -0.536849 -0.364928
-1.93681896 -0.45712700 -6.57070589 40 48 21 0.000000 0.798859 0.538328 0.268379
-1.96138799 -0.43777001 -6.58038521 39 39 26 0.000000 0.588469 0.691244 -0.419388
-1.97106600 -0.34247500 -6.17240286 36 58 25 0.000000 0.943463 0.205220 -0.260313
-1.93830800 -0.47424999 -6.12252188 36 48 25 0.000000 0.031981 -0.338999 -0.940243
-1.97851098 -0.07148000 -6.33767986 27 44 23 0.000000 0.007258 0.054952 0.998463
-2.01945806 -0.07967000 -6.30417824 35 43 36 0.000000 0.570623 0.778122 0.262518
-2.01201296 -0.19581001 -6.49402380 21 21 19 0.000000 0.901935 -0.276042 -0.332136
-2.01275802 -0.08413700 -6.30417824 34 51 36 0.000000 0.604030 0.755431 0.253913
-1.96436596 -0.42809200 -6.57442904 36 37 27 0.000000 0.499979 0.770327 -0.395749
-1.95841002 -0.37821099 -6.14932394 39 62 23 0.000000 0.924050 0.214334 -0.316533
-1.98595595 -0.10274900 -6.24387503 44 53 37 0.000000 0.965842 -0.252988 -0.056081
-1.96436596 -0.30301699 -6.11731100 36 58 22 0.000000 0.941511 0.222589 -0.253005
-1.91522896 -0.52040899 -6.17463684 35 38 29 0.000000 0.648789 0.561161 -0.513976
-1.97925496 -0.35736501 -6.29822302 39 58 28 0.000000 0.948559 0.219738 -0.227927
-1.98967803 -0.26281500 -6.18208218 46 59 29 0.000000 0.959404 0.262833 -0.102285
-1.98893404 -0.22484601 -6.42776394 42 62 32 0.000000 0.967214 -0.245859 -0.063649
-1.98818898 -0.28068301 -6.45382118 39 59 28 0.000000 0.972960 0.197613 -0.119575
-1.98372197 -0.18985499 -6.15974712 40 59 27 0.000000 0.865386 -0.246174 -0.436469
-1.99191201 -0.18613200 -6.48136806 30 33 26 0.000000 0.381343 -0.873595 -0.302340
-1.94724202 -0.44670400 -6.15304708 44 67 35 0.000000 0.992944 0.080387 -0.087180
-1.97106600 -0.35736501 -6.55507183 55 61 47 0.000000 0.985757 -0.165256 -0.031202
-1.92118502 -0.46606100 -6.12028885 54 63 38 0.000000 0.509153 0.469350 -0.721439
-1.98967803 -0.18315400 -6.26695395 36 57 24 0.000000 0.992979 0.001085 0.118289
-1.98893404 -0.14965200 -6.22600698 38 59 26 0.000000 0.964648 -0.030721 -0.261745
-1.93011904 -0.48541799 -6.55730581 49 58 27 0.000000 0.929564 0.198288 0.310792
-1.92341900 -0.54199898 -6.56028414 41 45 33 0.000000 0.871868 0.316071 0.374094
-1.94500899 -0.51519698 -6.30790091 46 69 31 0.000000 0.934587 0.078436 -0.346980
-1.99191201 -0.11168300 -6.25876379 39 57 25 0.000000 0.983726 -0.127049 -0.127049
-2.01499104 -0.08413700 -6.29971123 35 51 36 0.000000 0.563791 0.788682 0.245194
-1.93979704 -0.48616201 -6.53199291 52 63 34 0.000000 0.932156 0.235507 0.274993
-1.97255504 -0.29855001 -6.13368988 38 58 22 0.000000 0.931545 0.206542 -0.299275
-1.96213198 -0.42139101 -6.27067614 39 62 25 0.000000 0.968200 0.237341 0.079114
-1.97776699 -0.39756799 -6.37713909 40 56 29 0.000000 0.968216 0.245446 0.048102
-1.98967803 -0.13625100 -6.29971123 29 49 20 0.000000 0.966514 0.143235 0.212917
-1.91969597 -0.54274398 -6.47168922 49 54 33 0.000000 0.459335 0.442989 -0.769917
-1.99488997 -0.21144500 -6.12922287 46 25 21 0.000000 -0.260346 -0.836495 0.482179
-2.00829101 -0.08934800 -6.28928900 27 38 27 0.000000 0.459341 0.888235 0.006619
-1.91746294 -0.53753197 -6.26323080 28 27 21 0.000000 -0.374094 -0.871868 -0.316071
-1.96362102 -0.40277901 -6.51635790 45 56 31 0.000000 0.964634 0.204936 0.165776
-1.94054198 -0.52710903 -6.35033703 38 55 23 0.000000 0.915641 0.330207 0.229271
-1.98744500 -0.31120700 -6.30045605 44 60 30 0.000000 0.992023 -0.071754 0.103644
-1.96734405 -0.42213601 -6.56921816 40 42 27 0.000000 0.715147 0.645066 -0.269175
-1.98967803 -0.21740100 -6.23866320 41 63 24 0.000000 0.989311 -0.094609 -0.110962
-1.98893404 -0.15635200 -6.22749615 33 53 22 0.000000 0.992858 0.007646 -0.119056
-1.97553301 -0.32758501 -6.17463684 38 60 25 0.000000 0.952402 0.189942 -0.238437
-1.94947600 -0.46159399 -6.50965786 41 51 27 0.000000 0.911936 0.309796 0.269072
-1.93979704 -0.44447100 -6.13071203 33 31 27 0.000000 0.904133 0.244717 -0.350223
-1.94947600 -0.46531701 -6.50593615 45 56 32 0.000000 0.931697 0.269220 0.243848
-1.97851098 -0.38416699 -6.35108089 42 60 29 0.000000 0.990726 0.134846 -0.016716
-1.95394301 -0.43404800 -6.55879498 42 50 27 0.000000 0.907987 0.393979 -0.142623
-1.96734405 -0.14295200 -6.39128399 32 55 22 0.000000 0.995437 -0.016212 0.094032
-1.98223305 -0.32684100 -6.49849081 43 55 31 0.000000 0.936839 0.348918 -0.024284
-1.98521101 -0.30450600 -6.35405922 37 56 27 0.000000 0.995500 0.001065 0.094759
-1.92565203 -0.51073003 -6.15453482 40 54 31 0.000000 0.650785 0.744401 0.149484
-1.95766497 -0.43925899 -6.27663183 41 63 28 0.000000 0.974778 0.165195 -0.150063
-1.98223305 -0.36555499 -6.36597109 46 51 36 0.000000 0.976826 0.206986 -0.054470
-1.99042296 -0.16454200 -6.28705502 38 58 26 0.000000 0.980117 0.056246 0.190279
-1.97925496 -0.20102200 -6.40170717 38 60 29 0.000000 0.920407 -0.380905 0.088110
-1.95692098 -0.44074801 -6.26769781 40 61 28 0.000000 0.997349 0.071012 -0.015898
-1.95617604 -0.45340499 -6.48657894 53 61 38 0.000000 0.941511 0.222589 0.253005
-1.96287704 -0.10126000 -6.39277315 38 53 31 0.000000 0.997945 -0.030755 0.056207
-1.97925496 -0.20325500 -6.40394020 35 57 26 0.000000 0.926923 -0.372084 0.048647
-1.95096505 -0.49807400 -6.13741207 40 56 31 0.000000 0.843007 0.174570 0.508788
-1.98223305 -0.17570899 -6.16570282 45 65 28 0.000000 0.921197 -0.302290 -0.244984
-1.97255504 -0.34992000 -6.52454805 42 54 28 0.000000 0.979557 0.134643 0.149466
-1.95692098 -0.38342199 -6.15006924 41 65 26 0.000000 0.942347 0.236625 -0.236625
-1.93830800 -0.53753197 -6.38458300 45 62 32 0.000000 0.984401 -0.024235 -0.174261
-1.92937398 -0.47350600 -6.57219601 43 52 25 0.000000 0.900703 0.340528 0.269769
-1.94724202 -0.48095101 -6.28779888 41 62 25 0.000000 0.961302 0.263562 -0.080215
-1.98595595 -0.27249300 -6.29673290 41 53 27 0.000000 0.996891 0.001050 -0.078785
-1.97181106 -0.27472699 -6.12177801 33 48 20 0.000000 0.917923 0.038302 -0.394905
-1.97255504 -0.41022399 -6.33246899 43 58 31 0.000000 0.995414 0.007500 -0.095363
-1.98595595 -0.22931300 -6.14262295 37 51 24 0.000000 0.893111 0.001311 -0.449834
-1.98744500 -0.24420200 -6.26695395 45 62 31 0.000000 0.996811 0.007415 0.079448
-1.94203103 -0.45265999 -6.13517904 32 35 25 0.000000 0.909353 0.055072 -0.412365
-1.97404397 -0.18687700 -6.38905001 39 61 27 0.000000 0.975101 -0.181969 0.126751
-1.96213198 -0.40650201 -6.21781683 37 59 25 0.000000 0.956146 0.291218 -0.031247
-1.98744500 -0.27844900 -6.39128399 42 59 29 0.000000 0.987397 0.157575 -0.014737
-1.97553301 -0.36704400 -6.29598904 36 57 25 0.000000 0.913011 0.396782 -0.094733
-1.94054198 -0.42362499 -6.10614300 44 64 32 0.000000 0.968387 0.247274 -0.032889
-1.95245397 -0.44595999 -6.57591820 45 49 30 0.000000 0.641168 0.513271 -0.570488
-1.92416298 -0.45489401 -6.10912085 33 39 23 0.000000 0.545969 0.689557 -0.475845
-1.91969597 -0.50775301 -6.58931923 57 68 32 0.000000 0.903860 0.427731 -0.009156
-1.97181106 -0.42213601 -6.36671591 40 61 27 0.000000 0.903544 0.355853 -0.238700
-1.97106600 -0.32981899 -6.15081310 36 58 26 0.000000 0.952358 0.286886 -0.103489
-1.94873095 -0.48988500 -6.40394020 40 51 26 0.000000 0.949647 0.309751 0.047164
-1.95021999 -0.45489401 -6.19176006 39 61 29 0.000000 0.942412 0.333586 -0.024099
-1.98521101 -0.29482800 -6.38011599 36 54 24 0.000000 0.991782 0.127937 0.001093
-1.97627699 -0.33726400 -6.52305889 38 47 24 0.000000 0.916964 0.363112 0.165308
-1.99116695 -0.25239199 -6.22600698 44 65 33 0.000000 0.994231 0.031930 0.102396
-1.97032201 -0.31716299 -6.13890123 38 56 25 0.000000 0.924911 0.079201 -0.371844
-1.94500899 -0.36704400 -6.09646511 39 64 27 0.000000 0.888481 -0.166681 -0.427573
-1.97702205 -0.37374401 -6.56996202 48 50 44 0.000000 0.729163 0.126746 -0.672500
-1.94426405 -0.53083199 -6.33246899 44 67 34 0.000000 0.978211 -0.032014 0.205128
-1.94128597 -0.52040899 -6.40691805 42 50 27 0.000000 0.953077 0.262596 0.150626
-1.99042296 -0.23378000 -6.23791790 41 63 26 0.000000 0.991709 -0.016621 0.127426
-1.96138799 -0.40129000 -6.18580389 38 62 27 0.000000 0.991025 0.127692 -0.039551
-1.98521101 -0.30971801 -6.23866320 48 62 35 0.000000 0.967675 0.174414 -0.182166
-1.97329903 -0.41171300 -6.44488716 40 52 27 0.000000 0.967327 0.197598 0.158853
-1.97627699 -0.41841400 -6.57666302 33 32 25 0.000000 0.722019 0.522841 -0.453129
-1.94277501 -0.55242199 -6.51487017 31 32 22 0.000000 0.699671 0.340865 0.627910
-1.96362102 -0.39384499 -6.19399405 36 61 29 0.000000 0.927081 0.372663 -0.040535
-2.00903511 -0.28365999 -6.52082491 40 50 29 0.000000 0.680673 -0.365759 -0.634748
-1.92565203 -0.55093300 -6.42925310 50 55 36 0.000000 0.735482 0.388216 0.555297
-1.93979704 -0.55465603 -6.33767986 24 28 18 0.000000 0.624960 0.261059 0.735713
-1.93830800 -0.46085000 -6.56028414 39 47 23 0.000000 0.863827 0.444728 0.236686
-1.98074400 -0.32981899 -6.50370216 39 49 27 0.000000 0.911029 0.411219 -0.030412
-1.97851098 -0.35513201 -6.28854418 37 57 25 0.000000 0.922170 0.372966 -0.102463
-2.01275802 -0.20697799 -6.49178982 50 49 41 0.000000 0.967559 0.166642 -0.189895
-1.96287704 -0.37523299 -6.16719198 38 62 28 0.000000 0.950650 0.244762 -0.190671
-1.99861205 -0.21070001 -6.12996721 43 27 22 0.000000 -0.031496 -0.855857 0.516253
-1.90927303 -0.53529900 -6.26844311 35 42 20 0.000000 0.516964 0.444292 -0.731678
-1.94426405 -0.45265999 -6.56475115 42 53 25 0.000000 0.787478 0.611198 0.079470
-1.98297799 -0.32981899 -6.25727606 37 58 24 0.000000 0.942427 0.324658 -0.080179
-1.98446703 -0.20325500 -6.15155697 32 46 22 0.000000 0.841231 -0.374403 -0.390068
-1.94724202 -0.50254101 -6.37118196 41 63 30 0.000000 0.936775 0.349543 -0.016524
-1.97553301 -0.19283199 -6.38905001 38 61 28 0.000000 0.881099 -0.467607 -0.070765
-1.98074400 -0.37597701 -6.57591820 33 33 31 0.000000 0.869789 -0.220067 -0.441631
-1.92714095 -0.54944402 -6.27663183 45 52 27 0.000000 0.600359 -0.064171 -0.797152
-2.00233507 -0.23154600 -6.49253511 46 62 36 0.000000 0.920699 0.390170 -0.009014
-1.98967803 -0.23154600 -6.22675085 43 64 27 0.000000 0.996948 -0.055206 -0.055206
-1.91597402 -0.53902102 -6.45679903 34 46 17 0.000000 0.711589 0.680983 -0.172924
-1.93458605 -0.52636498 -6.20367193 46 66 33 0.000000 0.944563 0.325932 -0.039623
-1.93458605 -0.52636498 -6.47838879 47 56 30 0.000000 0.840431 0.333355 -0.427258
-1.95841002 -0.46531701 -6.39798403 44 56 30 0.000000 0.940557 0.331884 -0.072149
-1.97478902 -0.29185000 -6.13220119 35 56 22 0.000000 0.903544 0.238700 -0.355853
-1.97478902 -0.37076601 -6.29896688 38 60 28 0.000000 0.933289 0.348481 -0.086787
-1.98670006 -0.28217101 -6.39426184 43 60 30 0.000000 0.993097 0.110592 -0.039098
-1.96287704 -0.41618001 -6.23866320 39 58 28 0.000000 0.926547 0.324783 -0.189808
-1.96957695 -0.39012301 -6.24908590 38 58 28 0.000000 0.916883 0.331455 -0.222405
-1.96883297 -0.39533401 -6.49104595 44 51 29 0.000000 0.942785 0.142026 0.301637
-1.97255504 -0.41245800 -6.34512520 41 62 28 0.000000 0.935944 0.331847 -0.117840
-1.93011904 -0.55316699 -6.47838879 29 33 22 0.000000 0.461120 -0.102941 -0.881346
-1.95766497 -0.46531701 -6.37267208 43 55 29 0.000000 0.938812 0.339848 -0.055990
-1.96213198 -0.37225500 -6.16049099 37 60 24 0.000000 0.912190 0.277876 -0.301154
-1.97776699 -0.14816301 -6.17389297 14 22 13 0.000000 0.993350 -0.095623 -0.064123
-1.96883297 -0.34322000 -6.16421413 38 59 24 0.000000 0.965262 0.214358 -0.149401
-1.98818898 -0.28887200 -6.22005081 47 58 30 0.000000 0.983301 0.175463 -0.048282
-1.95543206 -0.47201699 -6.39872885 40 51 25 0.000000 0.934184 0.355326 -0.032302
-1.93905306 -0.36853299 -6.08604193 40 57 29 0.000000 0.750096 -0.562167 -0.348317
-1.96064305 -0.46010500 -6.42031908 41 55 30 0.000000 0.954208 0.292522 -0.062592
-1.99116695 -0.26355901 -6.42255306 38 58 28 0.000000 0.996091 0.062461 -0.062461
-1.94500899 -0.48095101 -6.21632814 38 62 27 0.000000 0.928213 0.372047 0.001270
-1.95989895 -0.41692501 -6.53794909 49 55 32 0.000000 0.940014 0.341022 -0.008809
-1.94277501 -0.48690701 -6.25653076 40 62 25 0.000000 0.913804 0.404816 -0.032965
-1.96362102 -0.40873501 -6.23121786 42 64 27 0.000000 0.944432 0.261809 -0.198756
-1.99116695 -0.14890701 -6.24908590 35 55 24 0.000000 0.986131 -0.014820 -0.165305
-1.97329903 -0.39756799 -6.32353497 39 59 28 0.000000 0.952963 0.214315 -0.214315
-1.98744500 -0.10423800 -6.23940802 47 59 37 0.000000 0.935570 -0.253880 0.245464
-1.98893404 -0.31567401 -6.50816917 38 51 29 0.000000 0.854568 0.496910 -0.150979
-1.94277501 -0.48095101 -6.19324923 38 61 29 0.000000 0.942412 0.333586 -0.024099
-1.97032201 -0.35513201 -6.55507183 49 55 41 0.000000 0.988294 -0.142509 -0.054455
-1.97255504 -0.33130801 -6.16793585 35 58 24 0.000000 0.915953 0.377813 -0.135232
-1.96213198 -0.45414901 -6.35703707 28 34 20 0.000000 0.963362 0.268202 0.001203
-1.95617604 -0.33651900 -6.11731100 39 63 24 0.000000 0.845611 0.117486 -0.520711
-1.98074400 -0.35364300 -6.29971123 36 56 26 0.000000 0.927537 0.316686 -0.198456
-1.97702205 -0.31120700 -6.16049099 36 56 23 0.000000 0.944432 0.261809 -0.198756
-1.95766497 -0.34768701 -6.12475586 36 60 27 0.000000 0.856809 0.231203 -0.460894
-1.98446703 -0.20400000 -6.44265413 33 56 28 0.000000 0.786362 -0.509768 -0.348958
-1.93979704 -0.55688900 -6.48434496 27 28 16 0.000000 0.554918 -0.625759 -0.548171
-1.98297799 -0.30599499 -6.19548321 34 57 22 0.000000 0.996092 0.086850 0.016083
-1.94128597 -0.48914000 -6.21930599 39 61 26 0.000000 0.946369 0.322195 -0.024007
-1.99935699 -0.20102200 -6.47317791 34 54 25 0.000000 0.634904 -0.493440 -0.594486
-1.96064305 -0.45861599 -6.39351702 42 51 28 0.000000 0.909648 0.395438 -0.127155
-1.91969597 -0.55837798 -6.43074179 29 31 23 0.000000 0.603769 0.539502 0.586857
-1.94873095 -0.07222500 -6.36224890 22 31 21 0.000000 0.331684 -0.745885 0.577616
-1.94203103 -0.49584100 -6.28109884 38 59 27 0.000000 0.972909 0.181390 -0.143336
-1.95096505 -0.41171300 -6.15081310 40 64 28 0.000000 0.958214 0.260143 -0.118960
-1.97851098 -0.37448901 -6.31981277 41 62 28 0.000000 0.897080 0.307953 -0.316879
-1.98223305 -0.17868701 -6.16346884 42 62 27 0.000000 0.931697 -0.243848 -0.269220
-1.99116695 -0.16379701 -6.24834204 35 56 22 0.000000 0.996948 0.055206 -0.055206
-1.96734405 -0.38118899 -6.19324923 36 59 24 0.000000 0.945845 0.310005 -0.096299
-1.97255504 -0.33800799 -6.17314816 37 59 25 0.000000 0.911412 0.190295 -0.364851
-1.98967803 -0.28514901 -6.46350002 35 54 27 0.000000 0.991632 0.079101 -0.102029
-1.99116695 -0.25388101 -6.22824001 41 64 30 0.000000 0.987326 0.141716 0.071444
-1.98893404 -0.31418499 -6.50816917 37 50 29 0.000000 0.871673 0.451376 -0.190910
-1.98000002 -0.24643600 -6.13294506 36 56 24 0.000000 0.867230 0.031313 -0.496922
-1.94351995 -0.49211800 -6.29152203 41 57 25 0.000000 0.930788 0.261299 -0.255649
-1.95319796 -0.45265999 -6.26695395 38 59 25 0.000000 0.942031 0.332101 0.047812
-1.95170903 -0.45489401 -6.51040316 42 51 27 0.000000 0.945905 0.278207 0.166924
-1.98297799 -0.06924700 -6.33767986 22 31 20 0.000000 0.078922 0.063360 0.994865
-1.96659899 -0.39533401 -6.53943777 48 59 37 0.000000 0.937035 0.292910 -0.190183
-1.99116695 -0.17868701 -6.23717403 30 38 17 0.000000 0.997816 -0.015772 -0.064138
-1.99116695 -0.17198700 -6.26025295 33 52 20 0.000000 0.998346 0.047340 0.032612
-1.97553301 -0.31492901 -6.15751410 38 59 23 0.000000 0.937046 0.269523 -0.222042
-1.92565203 -0.53902102 -6.19697094 19 26 20 0.000000 0.869560 0.371359 -0.325512
-1.94947600 -0.49956301 -6.33172512 41 61 31 0.000000 0.980191 0.197890 -0.008101
-1.96138799 -0.46010500 -6.42255306 45 58 33 0.000000 0.951115 0.308835 0.001230
-1.95096505 -0.31790701 -6.08455276 32 41 25 0.000000 0.911412 0.364851 -0.190295
-1.93979704 -0.49137399 -6.25057507 42 65 28 0.000000 0.934587 0.346980 -0.078436
-1.98446703 -0.30450600 -6.45977688 41 60 27 0.000000 0.920073 0.143805 -0.364399
-1.93235195 -0.50328600 -6.17538118 33 56 23 0.000000 0.785323 0.593929 -0.174685
-1.98818898 -0.22186799 -6.42850924 43 63 31 0.000000 0.887024 -0.396709 -0.236243
-1.94277501 -0.41469100 -6.11284399 40 65 29 0.000000 0.917646 0.387450 -0.088366
-1.98297799 -0.21442300 -6.40915203 40 63 31 0.000000 0.955320 -0.284920 -0.078643
-1.97851098 -0.33875301 -6.50072384 40 51 26 0.000000 0.943119 0.332049 -0.016413
-1.92937398 -0.53529900 -6.19697094 36 43 32 0.000000 0.804037 0.568709 -0.173479
-1.97106600 -0.27249300 -6.12103319 34 52 21 0.000000 0.904023 0.072267 -0.421332
-1.95915401 -0.46085000 -6.37564898 43 58 28 0.000000 0.948558 0.316186 -0.016247
-1.95543206 -0.42883599 -6.53943777 43 53 31 0.000000 0.934773 0.318016 0.158319
-1.93309700 -0.55465603 -6.34512520 34 35 24 0.000000 0.738278 0.205851 0.642317
-1.96213198 -0.43181399 -6.57815123 45 48 35 0.000000 0.680147 0.600325 -0.420726
-1.98967803 -0.17719799 -6.22749615 38 54 23 0.000000 0.962221 -0.046177 -0.268324
-1.98446703 -0.26951501 -6.14783478 41 59 26 0.000000 0.932849 0.173780 -0.315584
-1.91820705 -0.53827697 -6.45009899 37 47 22 0.000000 0.559938 0.610687 0.559938
-1.99935699 -0.24792500 -6.47764492 28 31 21 0.000000 0.995414 0.095363 -0.007500
-1.96138799 -0.37300000 -6.16049099 37 62 25 0.000000 0.924902 0.275898 -0.261603
-1.94798696 -0.48690701 -6.45679903 48 53 31 0.000000 0.950412 0.293142 -0.103849
-1.97851098 -0.39607900 -6.40468502 51 54 39 0.000000 0.978622 0.205100 -0.015236
-1.97181106 -0.41766900 -6.34884787 39 61 26 0.000000 0.981769 0.189908 -0.008057
-1.99191201 -0.31567401 -6.52529192 36 48 25 0.000000 0.705858 0.696904 -0.126845
-1.99340105 -0.11912800 -6.29822302 30 51 21 0.000000 0.888481 0.427573 0.166681
-1.99042296 -0.25239199 -6.16198111 37 59 22 0.000000 0.974011 0.205251 -0.095784
-1.97702205 -0.40129000 -6.38011599 42 58 32 0.000000 0.942411 0.332088 0.039748
-1.92118502 -0.54795498 -6.43669796 44 47 31 0.000000 0.754668 0.316993 0.574449
-1.96213198 -0.42362499 -6.27067614 38 60 26 0.000000 0.965202 0.261029 -0.015783
-1.99861205 -0.31046200 -6.52826977 36 50 29 0.000000 0.355916 0.752462 -0.554189
-1.98446703 -0.29185000 -6.41659689 38 57 25 0.000000 0.976887 0.158448 -0.143476
-1.94798696 -0.37374401 -6.10614300 39 63 29 0.000000 0.980288 0.015153 -0.196990
-1.95989895 -0.38863400 -6.16272497 38 63 27 0.000000 0.906535 0.286506 -0.310014
-1.97032201 -0.42139101 -6.35331488 39 59 25 0.000000 0.920487 0.357267 0.158318
-1.96362102 -0.36108801 -6.15379095 37 60 23 0.000000 0.975101 0.181969 -0.126751
-1.97553301 -0.33428600 -6.53199291 34 47 21 0.000000 0.841784 0.476858 0.252995
-1.92044103 -0.46606100 -6.11954498 43 48 30 0.000000 0.642217 0.601974 -0.474536
-1.99116695 -0.26579300 -6.44339800 40 59 30 0.000000 0.959919 0.253981 -0.118525
-1.98148894 -0.41469100 -6.58113003 27 26 24 0.000000 0.895058 0.190655 -0.403140
-1.96883297 -0.37523299 -6.52380419 43 55 32 0.000000 0.987290 0.158732 -0.007880
