-1.11241603 -0.69995701 -6.64218616 77 115 44 0.000000 0.286382 -0.364350 0.886135
-0.60558999 -0.54394603 -6.52243710 53 66 45 0.000000 0.015530 0.237725 0.971208
-0.98085999 -0.39721099 -6.37738800 56 93 39 0.000000 0.165337 -0.941465 0.293781
-0.85014802 -0.98246402 -6.79145098 52 47 44 0.000000 0.120441 0.688449 -0.715214
-0.81135601 -0.71513700 -6.65989494 76 117 58 0.000000 0.986620 0.078977 -0.142630
-1.22204602 -0.53213900 -6.43810606 54 58 47 0.000000 0.988665 0.001112 0.150135
-0.70762998 -0.34239599 -6.38497782 85 89 75 0.000000 0.339802 -0.421229 0.840893
-0.94544202 -0.57093102 -6.53677320 76 116 57 0.000000 -0.086210 -0.688218 0.720364
-0.98085999 -0.84078902 -6.71386719 75 111 67 0.000000 0.173601 -0.572127 0.801582
-0.77846700 -0.48575801 -6.48448801 78 121 55 0.000000 0.022820 -0.465791 0.884600
-0.66546398 -0.62827599 -6.65399218 125 148 121 0.000000 0.261504 -0.110586 0.958847
-1.10735595 -0.58695400 -6.53171301 65 104 39 0.000000 0.133493 -0.679464 0.721462
-1.13687205 -0.41913700 -6.36895514 63 86 32 0.000000 0.509768 -0.786362 -0.348958
-0.82737899 -0.83741599 -6.75097179 105 141 98 0.000000 0.310642 -0.316588 0.896255
-0.96230799 -0.69489700 -6.63290882 76 116 64 0.000000 0.268092 -0.623433 0.734478
-0.80629599 -0.59707397 -6.57472086 73 115 52 0.000000 -0.133493 -0.721462 0.679464
-0.84930497 -0.34323901 -6.36558199 98 126 90 0.000000 0.517619 -0.794744 0.316942
-0.61233598 -0.43094301 -6.42630005 47 52 35 0.000000 -0.253491 -0.435640 0.863690
-1.04326499 -0.49756399 -6.45412922 79 120 68 0.000000 0.309082 -0.475390 0.823695
-0.90749300 -0.46636200 -6.46087503 84 117 57 0.000000 -0.093864 -0.452509 0.886806
-0.70088297 -0.73115999 -6.69109821 75 90 59 0.000000 0.277119 -0.291628 -0.915510
-1.19084299 -0.60803699 -6.60423708 46 60 30 0.000000 0.125235 -0.164914 0.978325
-0.89568698 -0.77163798 -6.69700003 70 106 59 0.000000 -0.506508 -0.516538 0.690389
-1.06603396 -0.77838498 -6.69615698 83 110 57 0.000000 0.088392 0.467216 -0.879713
-1.02724195 -0.63586599 -6.57809401 79 118 59 0.000000 0.101698 -0.679463 0.726627
-0.70257002 -0.57177502 -6.54183197 80 118 51 0.000000 -0.182753 -0.820123 0.542218
-0.67979997 -0.48407099 -6.49123383 92 126 56 0.000000 -0.063512 0.180949 -0.981440
-0.78268403 -0.39636701 -6.41955280 79 119 56 0.000000 0.174685 -0.593929 0.785323
-0.89990300 -0.62237298 -6.60676718 84 107 52 0.000000 0.538750 -0.695538 -0.475368
-0.93447900 -0.91500002 -6.75771904 74 79 55 0.000000 0.222027 0.141526 -0.964715
-0.85520798 -0.53551298 -6.52075005 78 117 59 0.000000 0.133853 -0.539826 0.831067
-1.13434196 -0.48660100 -6.43135881 82 121 61 0.000000 0.316616 -0.406196 0.857181
-1.21024001 -0.59454399 -6.50219679 39 41 39 0.000000 0.673853 -0.617561 -0.405636
-0.75569803 -0.79103398 -6.72483015 82 119 48 0.000000 0.443307 0.879299 -0.174104
-0.74136198 -0.66875499 -6.64387178 94 134 85 0.000000 0.221749 -0.427127 0.876578
-1.05338502 -0.43515900 -6.39846992 78 117 64 0.000000 0.325059 -0.539630 0.776619
-0.86532801 -0.40733001 -6.41871023 78 115 59 0.000000 0.236439 -0.539329 0.808221
-1.03061497 -0.55659503 -6.51063013 82 120 64 0.000000 0.277020 -0.577784 0.767741
-0.97580099 -0.76573497 -6.67254496 78 116 64 0.000000 0.095068 -0.650850 0.753231
-0.70678598 -0.42166600 -6.43641901 85 118 63 0.000000 -0.173096 -0.480822 0.859562
-0.63510501 -0.59201401 -6.58821392 90 129 55 0.000000 0.847208 0.467267 0.252784
-0.90412003 -0.84331900 -6.72820282 86 116 81 0.000000 0.016524 -0.349543 0.936775
-1.11578906 -0.65273201 -6.58062506 69 102 57 0.000000 -0.046426 0.578214 -0.814564
-0.91086602 -0.38540399 -6.34702921 41 51 32 0.000000 -0.513737 0.856228 -0.054297
-0.88641000 -0.69658399 -6.64471579 68 107 48 0.000000 -0.088339 -0.603892 0.792156
-1.03736198 -0.71176302 -6.63796902 71 105 48 0.000000 0.174245 -0.260692 0.949567
-0.96989697 -0.51696002 -6.49039078 79 118 57 0.000000 0.086927 -0.522988 0.847896
-0.97917402 -0.45961499 -6.44316578 80 120 60 0.000000 0.072267 -0.421332 0.904023
-0.82063198 -0.66200799 -6.60929680 81 118 65 0.000000 0.992660 -0.118676 -0.023291
-0.73208499 -0.61562699 -6.59327412 76 117 58 0.000000 0.165782 -0.728530 0.664650
-0.86279798 -0.90235001 -6.75350189 112 143 101 0.000000 0.365913 -0.608761 0.703931
-1.14783502 -0.54900599 -6.48448801 78 115 60 0.000000 0.577026 -0.553336 0.600716
-0.60137302 -0.47479501 -6.48280096 112 133 94 0.000000 0.433843 -0.513023 0.740667
-0.78015399 -0.54900599 -6.52918291 74 108 49 0.000000 -0.016994 -0.411772 0.911128
-0.77678102 -0.33564901 -6.38497782 47 62 40 0.000000 -0.095293 -0.687578 0.719831
-0.66209102 -0.36263499 -6.43304586 87 117 65 0.000000 0.809329 0.513885 -0.284444
-0.83834201 -0.45371199 -6.46003199 79 121 57 0.000000 0.135796 -0.625257 0.768514
-0.93110502 -0.41997999 -6.41786718 163 124 119 0.000000 0.427705 -0.650710 0.627411
-0.82231897 -0.77332503 -6.69109821 66 106 52 0.000000 0.133715 -0.458658 0.878495
-1.20096302 -0.47985500 -6.40268707 119 129 109 0.000000 0.118461 -0.215268 0.969343
-0.96315098 -0.63755298 -6.59411812 81 118 65 0.000000 0.165560 -0.627307 0.760970
-1.16976094 -0.67634499 -6.60592413 84 114 60 0.000000 0.350089 -0.818987 -0.454641
-1.07531095 -0.40733001 -6.34787178 110 123 96 0.000000 0.323919 0.268223 0.907267
-0.75654101 -0.74380898 -6.66832781 87 128 80 0.000000 0.150930 -0.126389 0.980432
-0.90158999 -0.97318798 -6.75940514 64 65 52 0.000000 -0.322597 -0.506938 0.799341
-0.73208499 -0.51949000 -6.50472689 83 125 54 0.000000 -0.040731 -0.599727 0.799168
-0.86448401 -0.58864099 -6.56122923 74 115 51 0.000000 0.064577 -0.644337 0.762011
-1.04410803 -0.83404303 -6.68941116 79 86 69 0.000000 0.205220 -0.260313 0.943463
-0.91508299 -0.52117598 -6.51231718 136 141 104 0.000000 0.692196 -0.666618 0.276559
-0.67221099 -0.67971802 -6.68013477 45 48 46 0.000000 0.616490 -0.737558 0.275588
-1.09892297 -0.52455002 -6.46509218 79 115 60 0.000000 0.246101 -0.763384 0.597226
-1.15205097 -0.61309701 -6.55532598 83 116 79 0.000000 -0.205788 0.741146 -0.639026
-0.99603999 -0.59285700 -6.54942179 79 120 64 0.000000 0.125876 -0.608647 0.783393
-0.92857599 -0.73031598 -6.66158199 85 114 75 0.000000 0.458206 -0.507831 0.729490
-1.06266105 -0.68224800 -6.59749079 79 112 64 0.000000 -0.190116 0.845790 -0.498492
-1.10988605 -0.75139898 -6.67507505 91 112 75 0.000000 0.340362 0.688868 -0.640012
-0.67221099 -0.53466898 -6.51400280 82 125 63 0.000000 -0.064577 -0.644337 0.762011
-1.21024001 -0.58611101 -6.55785513 49 56 32 0.000000 0.449766 -0.892858 -0.022688
-0.74979502 -0.44780901 -6.45750189 80 122 62 0.000000 0.001377 -0.654300 0.756234
-0.82147598 -0.93692601 -6.78386116 95 111 67 0.000000 0.648009 -0.759587 0.055789
-0.95724797 -0.86187202 -6.75771904 51 58 45 0.000000 0.553450 0.798394 0.237193
-0.93785203 -0.80452698 -6.69953108 81 120 70 0.000000 0.610363 -0.427421 0.666909
-1.10398304 -0.44949600 -6.40268707 84 123 69 0.000000 0.315936 -0.437330 0.841978
-1.00447297 -0.67128497 -6.61182690 75 114 60 0.000000 -0.063808 -0.571437 0.818162
-0.87207401 -0.49840701 -6.48870420 83 122 58 0.000000 0.192271 -0.430041 0.882098
-0.73545903 -0.37950099 -6.41111994 92 131 73 0.000000 0.079811 -0.642840 0.761831
-1.15964103 -0.45033899 -6.40353107 85 123 55 0.000000 -0.624566 -0.506723 0.594263
-1.05928802 -0.60044700 -6.54098892 74 109 52 0.000000 0.142874 -0.672258 0.726400
-0.78099698 -0.63080603 -6.60845423 79 120 61 0.000000 0.072729 -0.571848 0.817129
-0.73292899 -0.78766102 -6.68013477 63 71 46 0.000000 0.591689 -0.615289 0.520888
-1.17397702 -0.52033299 -6.44232178 82 121 67 0.000000 -0.016337 -0.322963 0.946270
-1.17229104 -0.57599097 -6.52749586 75 114 52 0.000000 0.039551 -0.991025 -0.127692
-0.75907099 -0.58526802 -6.56544495 88 119 57 0.000000 0.316681 0.942026 0.110905
-1.02386904 -0.75645900 -6.66832781 72 113 46 0.000000 0.001257 -0.350710 0.936483
-0.63510501 -0.57852101 -6.54098892 93 132 46 0.000000 -0.150077 -0.545328 0.824678
-1.20096302 -0.55237901 -6.47942781 86 125 73 0.000000 0.261715 -0.705838 0.658254
-0.66124803 -0.43684599 -6.44400883 79 118 54 0.000000 -0.040960 -0.637004 0.769772
-1.01543605 -0.39215100 -6.34365606 44 59 30 0.000000 -0.078618 -0.992409 -0.094569
-0.92182899 -0.59960401 -6.56797504 123 123 88 0.000000 0.362039 -0.630701 0.686399
-0.85436499 -0.74212199 -6.67254496 70 109 50 0.000000 -0.135192 -0.498612 0.856218
-0.79533303 -0.43431601 -6.44822598 84 120 65 0.000000 -0.054297 -0.513737 0.856228
-0.86870098 -0.65947902 -6.61351299 71 112 53 0.000000 -0.293555 -0.646462 0.704211
-0.67727000 -0.60887998 -6.61182690 91 134 81 0.000000 0.382246 -0.864275 0.326981
-1.00109994 -0.79946703 -6.69447088 86 122 68 0.000000 -0.393973 -0.917490 0.054756
-0.82147598 -0.37612799 -6.40100098 74 117 56 0.000000 0.023819 -0.673945 0.738397
-0.81219900 -0.51864702 -6.51063013 74 115 45 0.000000 -0.088188 -0.594187 0.799478
-0.84930497 -0.62490302 -6.58737087 69 109 56 0.000000 0.039209 -0.302292 0.952409
-1.00869000 -0.43262899 -6.41280699 90 114 68 0.000000 0.236391 -0.868776 0.435141
-1.06772101 -0.73200297 -6.66832781 71 113 39 0.000000 -0.513637 -0.830658 0.214904
-0.86026800 -0.82139301 -6.72230005 79 117 60 0.000000 0.672256 -0.568316 0.474435
-1.05591500 -0.53551298 -6.47858477 79 118 60 0.000000 0.816968 -0.176032 -0.549159
-1.07109404 -0.47142100 -6.42545700 75 115 69 0.000000 0.142165 -0.514433 0.845664
-0.79870600 -0.80536997 -6.73579311 86 128 77 0.000000 0.181433 -0.838192 0.514311
-0.78774399 -0.67634499 -6.63712597 83 123 74 0.000000 0.198005 -0.587875 0.784345
-0.90580601 -0.38962099 -6.39172411 70 96 46 0.000000 0.064482 -0.772347 0.631920
-1.09133303 -0.55237901 -6.50051117 75 115 51 0.000000 0.459961 -0.516418 0.722321
-0.99519700 -0.72188300 -6.64808893 78 118 55 0.000000 0.001323 -0.475046 0.879960
-0.89652997 -0.56418502 -6.54267597 73 110 50 0.000000 -0.135476 -0.608899 0.781594
-0.84424502 -0.68309098 -6.64471579 89 126 59 0.000000 -0.095734 0.095734 -0.990793
-0.91002297 -0.87789500 -6.75518894 83 112 52 0.000000 -0.111197 0.157630 -0.981218
-1.07784104 -0.63670897 -6.56460190 74 105 58 0.000000 0.413891 0.620006 -0.666548
-0.93363500 -0.66538203 -6.61688709 76 113 60 0.000000 0.192279 -0.540500 0.819078
-0.63763499 -0.51021302 -6.50219679 100 141 83 0.000000 0.213996 -0.561933 0.799022
-0.98676401 -0.54816198 -6.51568985 82 113 62 0.000000 0.158244 -0.610370 0.776149
-0.70257002 -0.64598602 -6.63965607 90 131 77 0.000000 0.722810 -0.534251 0.438317
-0.85605103 -0.99427098 -6.75012922 98 99 63 0.000000 0.230775 -0.664068 -0.711165
-0.72112203 -0.47816801 -6.47942781 94 121 68 0.000000 -0.040089 -0.529449 0.847394
-0.99772698 -0.49166101 -6.46509218 79 118 59 0.000000 0.150979 -0.496910 0.854568
-1.13771498 -0.62490302 -6.60423708 83 116 60 0.000000 0.981769 -0.189908 -0.008057
-0.88050699 -0.43937600 -6.44232178 77 119 58 0.000000 0.072571 -0.562072 0.823898
-0.68570399 -0.59117103 -6.57472086 76 117 59 0.000000 0.262432 -0.682323 0.682323
-0.94881499 -0.40226999 -6.34534216 88 112 83 0.000000 -0.158843 0.751855 0.639909
-0.93616498 -0.49419099 -6.47183800 73 109 55 0.000000 -0.047082 -0.694817 0.717644
-0.73967499 -0.70670402 -6.66242504 91 130 77 0.000000 0.188689 -0.615156 0.765493
-1.11578906 -0.66369498 -6.62025976 75 116 46 0.000000 -0.136130 -0.522563 0.841663
-0.82484901 -0.55659503 -6.53845882 78 117 60 0.000000 0.198935 -0.618395 0.760271
-0.69413698 -0.37359801 -6.41027689 107 148 93 0.000000 0.205869 -0.395677 0.895018
-0.69413698 -0.45371199 -6.46171904 82 123 60 0.000000 0.086098 -0.663978 0.742779
-0.87544698 -0.94029897 -6.75940514 75 87 69 0.000000 0.652182 -0.547698 0.524105
-0.78352702 -0.76910800 -6.70121717 86 121 51 0.000000 0.364928 0.536849 -0.760671
-1.01627898 -0.52539301 -6.48954821 79 119 62 0.000000 0.158368 -0.601798 0.782789
-1.07952702 -0.71091998 -6.61941719 73 105 62 0.000000 -0.435907 0.720987 -0.538668
-0.82147598 -0.48238400 -6.48195791 75 115 52 0.000000 0.332487 -0.458549 0.824127
-0.96989697 -0.41829300 -6.41111994 103 110 73 0.000000 0.295062 -0.914257 0.277620
-0.62667203 -0.44612199 -6.46003199 92 124 57 0.000000 -0.136039 0.886398 -0.442483
-0.86701399 -0.86440200 -6.74591303 91 129 84 0.000000 -0.197167 -0.844356 0.498185
-0.87376100 -0.37106800 -6.37991810 69 111 50 0.000000 0.675298 -0.501027 0.541244
-0.74810803 -0.41660699 -6.43473291 85 115 62 0.000000 0.048105 -0.490672 0.870015
-0.89821601 -0.80874401 -6.71218014 86 108 69 0.000000 -0.260969 -0.380269 0.887294
-1.03483200 -0.45708501 -6.42545700 92 119 74 0.000000 0.405539 -0.700175 0.587617
-1.21192598 -0.58358097 -6.46087503 101 105 97 0.000000 0.771432 -0.484388 0.412627
-0.66040403 -0.40480000 -6.42376995 87 128 61 0.000000 -0.207073 -0.253699 0.944858
-1.13434196 -0.51864702 -6.45328522 82 117 68 0.000000 0.461025 -0.801573 0.380707
-1.04748201 -0.40480000 -6.37317085 72 111 52 0.000000 0.046869 -0.634859 0.771205
-1.18072402 -0.63923901 -6.58568382 70 106 62 0.000000 0.862189 -0.243959 0.443975
-1.15711105 -0.71007699 -6.61688709 51 60 44 0.000000 0.183594 0.500032 -0.846322
-0.93194902 -0.76320499 -6.67929077 79 117 68 0.000000 -0.006888 -0.610295 0.792144
-0.82822198 -0.42082301 -6.43641901 106 112 75 0.000000 0.095169 -0.663255 0.742318
-0.81388599 -0.34408200 -6.38329077 108 145 97 0.000000 0.199163 -0.356775 0.912713
-1.09723699 -0.49334699 -6.44063616 78 117 59 0.000000 -0.040557 -0.577581 0.815326
-0.79617703 -0.74633902 -6.67254496 71 116 58 0.000000 -0.420737 -0.379457 0.824010
-1.11072898 -0.62490302 -6.55279493 72 106 52 0.000000 0.220724 0.497771 -0.838752
-1.08374405 -0.42756999 -6.37907505 81 121 62 0.000000 0.046086 -0.554433 0.830951
-0.94375497 -0.88717097 -6.73495007 72 110 54 0.000000 0.079429 -0.607994 0.789959
-1.15711105 -0.64767200 -6.62531996 85 92 66 0.000000 0.220144 0.956627 0.190792
-0.95809102 -0.60213399 -6.56375790 78 118 62 0.000000 0.142083 -0.602730 0.785194
-1.11831903 -0.71260703 -6.67591810 78 110 42 0.000000 -0.330449 -0.306525 0.892662
-0.71268898 -0.67971802 -6.66326904 102 144 94 0.000000 0.293691 -0.656391 0.694908
-0.94459802 -0.54225898 -6.51147413 78 117 62 0.000000 -0.055387 -0.609255 0.791038
-0.93953800 -0.38371801 -6.40353107 89 89 55 0.000000 0.554940 0.366163 -0.746972
-1.17566395 -0.48491400 -6.42798615 95 130 72 0.000000 -0.422079 -0.836312 0.349902
-0.64100802 -0.48069799 -6.48195791 88 129 71 0.000000 0.071506 -0.506151 0.859475
-0.66968101 -0.55743903 -6.54267597 81 116 46 0.000000 0.861505 0.482854 -0.157038
-1.01880896 -0.85090899 -6.70796299 102 109 102 0.000000 0.166683 -0.563120 0.809391
-1.08711696 -0.65273201 -6.60170698 88 120 60 0.000000 0.291993 0.579199 -0.761097
-1.03567505 -0.79440701 -6.68856812 86 125 57 0.000000 0.986508 -0.103281 -0.127023
-0.90243298 -0.65020198 -6.62785006 88 115 58 0.000000 -0.047195 0.988800 0.141586
-0.74136198 -0.34745601 -6.39172411 91 127 66 0.000000 0.134615 0.864145 -0.484905
-0.77846700 -0.51527297 -6.50388384 75 116 46 0.000000 0.134574 -0.572308 0.808921
-0.94375497 -0.83404303 -6.71639681 78 118 65 0.000000 0.006826 -0.563790 0.825890
-0.77087700 -0.36600801 -6.40015697 84 126 63 0.000000 0.238643 -0.584908 0.775198
-0.82737899 -0.86693197 -6.76868200 56 63 62 0.000000 0.924117 -0.093633 0.370461
-1.02555597 -0.60887998 -6.55616903 81 120 61 0.000000 0.151203 -0.579360 0.800924
-0.90158999 -0.91753000 -6.74928617 80 117 66 0.000000 0.056244 -0.261220 0.963639
-0.91508299 -0.43853301 -6.44147921 87 117 67 0.000000 0.174829 -0.612661 0.770767
-0.74220502 -0.56165498 -6.54773617 89 117 61 0.000000 0.697754 0.675703 -0.237835
-0.98170400 -0.39468101 -6.34028196 104 132 79 0.000000 0.055745 -0.998152 -0.024191
-1.14193201 -0.68224800 -6.63122320 94 128 73 0.000000 0.260916 -0.754283 0.602478
-0.89568698 -0.35588899 -6.35377598 99 125 85 0.000000 0.541409 -0.413051 0.732301
-1.09639299 -0.73200297 -6.63965607 80 112 69 0.000000 0.388054 0.920470 0.046355
-1.19674695 -0.51611698 -6.41786718 113 152 105 0.000000 0.095462 -0.726984 0.679987
-1.13181198 -0.46804801 -6.39678383 88 132 70 0.000000 -0.095082 0.633391 0.767968
-0.93110502 -0.70248699 -6.64302921 76 115 61 0.000000 0.545969 -0.475845 0.689557
-0.63847798 -0.54141599 -6.51653290 93 136 78 0.000000 -0.095120 -0.498317 0.861761
-0.89737302 -0.41660699 -6.42123985 80 113 58 0.000000 0.111102 -0.730311 0.674019
-0.77172101 -0.70332998 -6.65399218 81 122 69 0.000000 0.055748 -0.246528 0.967531
-0.87460399 -0.46551800 -6.46424818 82 121 57 0.000000 0.198104 -0.460256 0.865401
-0.88303697 -0.52455002 -6.50556993 78 109 61 0.000000 0.141665 -0.586046 0.797798
-0.61908197 -0.59960401 -6.56038523 92 132 63 0.000000 0.679260 -0.545085 -0.491415
-0.69244999 -0.51274300 -6.50051117 80 121 59 0.000000 -0.088562 -0.619936 0.779638
-1.11072898 -0.69405401 -6.60929680 81 114 53 0.000000 0.552607 0.269219 0.788763
-0.96905398 -0.89223099 -6.75518894 53 55 46 0.000000 0.293299 0.008590 -0.955982
-1.07784104 -0.57599097 -6.52328014 78 110 49 0.000000 0.056185 -0.459070 0.886622
-1.09386301 -0.76236200 -6.70121717 48 54 48 0.000000 0.777365 -0.529509 0.339594
-0.68907702 -0.70164400 -6.69784403 93 120 95 0.000000 0.507831 0.458206 0.729490
-0.99519700 -0.63923901 -6.58231115 79 117 67 0.000000 0.142566 -0.625788 0.766853
-0.74726498 -0.63417900 -6.61520004 77 118 65 0.000000 0.070929 -0.681785 0.728106
-1.01121902 -0.40648699 -6.38329077 72 106 54 0.000000 0.395653 -0.730562 0.556541
-0.85436499 -0.71513700 -6.65483522 74 113 51 0.000000 0.277354 -0.771835 0.572141
-0.94712800 -0.44021901 -6.43894911 67 103 42 0.000000 -0.380431 0.913876 -0.141784
-0.70762998 -0.63080603 -6.61182690 85 130 73 0.000000 0.727252 0.133455 -0.673271
-0.95640498 -0.37865800 -6.36726809 66 70 38 0.000000 0.541019 -0.118120 0.832674
-0.97327101 -0.66453803 -6.61013985 79 120 70 0.000000 0.197432 -0.277509 0.940218
-1.17060399 -0.60213399 -6.57893801 67 103 21 0.000000 -0.467841 -0.841495 0.270205
-0.82316202 -0.79862398 -6.71639681 82 124 78 0.000000 0.062737 -0.860200 0.506082
-0.85436499 -0.38203099 -6.40268707 76 117 56 0.000000 -0.110172 -0.600804 0.791768
-0.93700898 -0.62321597 -6.58315516 81 114 64 0.000000 -0.006942 -0.681659 0.731638
-0.99351001 -0.69658399 -6.62785006 77 116 58 0.000000 -0.119116 -0.577934 0.807343
-0.63004500 -0.40311399 -6.41533709 83 92 64 0.000000 -0.094052 -0.380296 0.920070
-0.79027301 -0.57093102 -6.54942179 74 113 52 0.000000 -0.126280 -0.631399 0.765107
-0.81810200 -0.62237298 -6.59074402 72 114 57 0.000000 0.284397 -0.570383 0.770573
-1.01880896 -0.57936502 -6.53255606 82 120 68 0.000000 0.301172 -0.499851 0.812061
-0.67727000 -0.65694898 -6.65820885 101 132 87 0.000000 0.292321 -0.586239 0.755561
-0.93953800 -0.47057801 -6.45159912 72 110 55 0.000000 -0.126611 -0.743282 0.656888
-0.66377801 -0.46045801 -6.46509218 84 127 61 0.000000 0.023882 -0.686964 0.726299
-1.13771498 -0.59623098 -6.53340006 81 109 70 0.000000 0.110449 0.631766 -0.767250
-1.03145897 -0.68562102 -6.61773014 78 110 63 0.000000 0.514467 -0.714259 0.474508
-0.70088297 -0.54310203 -6.52243710 87 130 60 0.000000 0.148899 -0.633196 0.759534
-0.71943599 -0.58695400 -6.56291485 80 122 53 0.000000 0.133500 -0.529599 0.837677
-1.11241603 -0.41576299 -6.35040188 100 113 78 0.000000 -0.023855 0.745103 0.666523
-0.82484901 -0.73621899 -6.67929077 88 123 55 0.000000 0.032097 0.595888 -0.802426
-0.85183501 -0.76742202 -6.69784403 80 114 49 0.000000 -0.143996 0.565591 -0.812017
-1.15036500 -0.56924498 -6.50725698 73 110 49 0.000000 0.301116 -0.923326 0.238324
-1.17566395 -0.56671500 -6.48870420 76 113 63 0.000000 -0.143007 -0.654821 0.742131
-0.74979502 -0.49419099 -6.49039078 84 125 68 0.000000 0.014880 -0.507260 0.861665
-0.98592001 -0.85681200 -6.73916578 81 96 60 0.000000 0.238912 0.522524 0.818468
-1.02218199 -0.72694302 -6.66158199 94 124 66 0.000000 -0.104314 0.501566 -0.858807
-0.90496302 -0.71260703 -6.66832781 101 124 66 0.000000 0.952638 -0.031378 0.302484
-1.10061002 -0.62659001 -6.58231115 92 125 69 0.000000 0.586877 0.379744 -0.715102
-1.11663306 -0.54647601 -6.47605515 64 96 40 0.000000 -0.237414 0.802243 -0.547760
-0.83665502 -0.50346702 -6.50135422 68 109 49 0.000000 0.158244 -0.776149 0.610370
-1.04748201 -0.57852101 -6.52328014 85 115 65 0.000000 0.182946 -0.674900 0.714871
-1.18072402 -0.59117103 -6.55279493 65 103 32 0.000000 0.088265 -0.991543 0.095142
-1.08121395 -0.70586002 -6.64893198 74 112 39 0.000000 -0.239330 -0.912354 0.332161
-0.70257002 -0.60719401 -6.59411812 77 116 60 0.000000 0.514256 -0.729219 0.451421
-0.75063801 -0.76489198 -6.68856812 83 115 51 0.000000 -0.048349 0.860606 -0.506970
-1.07025099 -0.50768399 -6.46171904 77 116 61 0.000000 0.015177 -0.586380 0.809894
-1.05760098 -0.65441900 -6.58821392 68 108 42 0.000000 -0.206053 -0.630552 0.748296
-1.01374900 -0.47310799 -6.44822598 86 124 67 0.000000 0.181628 -0.602883 0.776880
-1.13518500 -0.63333601 -6.56881809 88 120 81 0.000000 0.458484 0.688560 -0.561852
-0.96905398 -0.49081701 -6.47183800 80 117 65 0.000000 0.222994 -0.887544 0.403161
-0.83159500 -0.39805400 -6.41786718 71 113 50 0.000000 0.064934 -0.705614 0.705614
-0.61402297 -0.49587700 -6.51231718 101 129 57 0.000000 -0.055416 0.984525 -0.166249
-1.15205097 -0.46130201 -6.42967319 82 123 59 0.000000 -0.443506 0.009212 0.896224
-0.77340698 -0.46130201 -6.46846485 77 117 58 0.000000 -0.237899 -0.833415 0.498821
-0.93616498 -0.51611698 -6.49123383 101 114 71 0.000000 -0.064763 -0.680732 0.729664
-1.10904300 -0.46804801 -6.42461300 84 118 67 0.000000 -0.199511 -0.697515 0.688236
-1.20011997 -0.55743903 -6.45075607 93 117 79 0.000000 0.322597 -0.799341 0.506938
-0.68064398 -0.39046401 -6.43894911 86 118 61 0.000000 0.677430 0.286667 -0.677430
-1.08711696 -0.68056101 -6.61941719 81 116 55 0.000000 0.459520 -0.159009 0.873818
-0.88388002 -0.60803699 -6.57050514 72 113 53 0.000000 -0.270158 -0.570333 0.775716
-0.66040403 -0.58020800 -6.55785513 79 122 44 0.000000 -0.158124 -0.843823 0.512796
-0.95387501 -0.74380898 -6.66495514 75 115 69 0.000000 -0.032285 -0.633061 0.773429
-1.20939600 -0.60213399 -6.53002596 53 63 44 0.000000 0.837677 -0.133500 0.529599
-0.97495699 -0.57599097 -6.53930283 79 117 55 0.000000 0.063188 -0.523755 0.849522
-0.94206798 -0.40226999 -6.37485790 56 85 37 0.000000 -0.014680 -0.884794 -0.465751
-0.95809102 -0.78513098 -6.68350792 79 118 65 0.000000 0.117393 -0.735563 0.667208
-0.81557298 -0.68140399 -6.63459587 83 115 72 0.000000 -0.183008 -0.687433 0.702812
-0.63679200 -0.42335299 -6.43894911 95 124 57 0.000000 -0.031818 0.554739 -0.831416
-1.13687205 -0.71345001 -6.63712597 64 76 58 0.000000 -0.231178 0.786627 -0.572516
-0.93194902 -0.86187202 -6.72988892 81 117 62 0.000000 -0.140893 -0.283127 0.948677
-0.84846199 -0.47816801 -6.47436810 79 120 55 0.000000 0.117393 -0.735563 0.667208
-0.83665502 -0.59201401 -6.56544495 72 113 50 0.000000 0.110572 -0.759264 0.641320
-0.70594299 -0.70754701 -6.67591810 109 148 98 0.000000 0.571011 0.078711 0.817161
-1.12759602 -0.43937600 -6.39088106 83 125 58 0.000000 0.032039 -0.586461 0.809344
-1.05422795 -0.62153000 -6.56207180 70 109 47 0.000000 0.015305 -0.752747 0.658132
-1.18831396 -0.53298301 -6.46340513 78 118 62 0.000000 -0.680589 -0.664423 0.308771
-1.22457600 -0.55069202 -6.46424818 53 61 43 0.000000 0.284356 -0.949190 0.134836
-1.00700295 -0.77332503 -6.68603802 86 116 52 0.000000 -0.015783 0.261029 -0.965202
-1.01290596 -0.83151299 -6.68856812 103 141 97 0.000000 0.191555 -0.767752 0.611443
-0.88219398 -0.54394603 -6.52580976 77 117 55 0.000000 -0.134755 -0.365367 0.921058
-0.91845602 -0.83151299 -6.70458984 77 115 70 0.000000 0.574007 -0.224342 0.787519
-0.71774900 -0.43347299 -6.45918798 89 121 51 0.000000 -0.110267 0.087053 -0.990082
-1.08205700 -0.61141002 -6.55279493 61 101 38 0.000000 -0.589059 -0.309778 0.746356
-0.91002297 -0.67465800 -6.63881302 96 119 71 0.000000 0.386836 -0.844149 -0.371175
-0.88809699 -0.89223099 -6.74591303 79 117 69 0.000000 0.236303 -0.402756 0.884279
-0.90665001 -0.74802601 -6.68772411 88 112 75 0.000000 0.675298 -0.541244 0.501027
-1.16132796 -0.43262899 -6.38244820 99 120 69 0.000000 -0.365917 -0.406749 0.837054
-0.95218801 -0.71850997 -6.65061903 79 117 68 0.000000 -0.016039 -0.292400 0.956161
-0.61402297 -0.51949000 -6.53171301 54 54 54 0.000000 0.166897 -0.389427 -0.905810
-0.91002297 -0.49166101 -6.47942781 92 118 66 0.000000 0.110349 -0.610599 0.784215
-1.17060399 -0.62827599 -6.61182690 71 108 24 0.000000 -0.452320 -0.220900 0.864066
-0.65365797 -0.60803699 -6.62531996 114 150 102 0.000000 -0.047952 -0.875468 0.480891
-0.83918500 -0.66116500 -6.62953615 91 122 59 0.000000 0.080179 0.324658 -0.942427
-1.08796000 -0.76995200 -6.67591810 85 118 74 0.000000 0.752747 0.658132 0.015305
-1.18746996 -0.45877200 -6.41280699 75 110 48 0.000000 0.174826 -0.411780 0.894356
-0.88303697 -0.63502300 -6.58990097 85 108 62 0.000000 0.172861 -0.720508 0.671556
-0.84340203 -0.36094800 -6.38497782 85 127 69 0.000000 0.358515 -0.549940 0.754342
-0.87291700 -0.75308502 -6.68856812 74 106 50 0.000000 0.078436 0.934587 -0.346980
-0.90749300 -0.94704598 -6.76109219 101 129 71 0.000000 -0.759916 -0.467767 0.451354
-0.81304300 -0.46130201 -6.46762180 81 123 63 0.000000 0.096206 -0.538467 0.837137
-0.73292899 -0.73959303 -6.68013477 100 119 65 0.000000 0.204877 0.379241 -0.902331
-0.92267197 -0.55828202 -6.53086901 144 129 110 0.000000 0.643790 -0.499232 0.579915
-1.04579496 -0.73368901 -6.65061903 69 109 39 0.000000 0.126409 -0.771840 0.623124
-0.77003402 -0.79609400 -6.74675608 89 123 54 0.000000 0.157630 0.111197 -0.981218
-0.76834702 -0.43009901 -6.44569588 75 117 53 0.000000 0.015221 -0.601921 0.798410
-0.73039901 -0.64767200 -6.63206577 89 129 76 0.000000 0.112009 -0.554227 0.824795
-1.12759602 -0.56418502 -6.49460697 64 97 39 0.000000 -0.086098 0.742779 -0.663978
-1.09639299 -0.72863001 -6.67338800 77 115 42 0.000000 -0.548409 -0.561908 0.619280
-1.13687205 -0.65104598 -6.60845423 76 115 45 0.000000 -0.023819 -0.673945 0.738397
-0.98929298 -0.74802601 -6.65820885 76 114 62 0.000000 -0.094301 -0.593373 0.799385
-1.06097400 -0.68983799 -6.62278986 73 109 40 0.000000 0.436835 -0.395231 0.808064
-1.04916799 -0.76995200 -6.67760515 75 117 40 0.000000 -0.315952 -0.682131 0.659448
-1.16723096 -0.47563800 -6.40353107 92 135 70 0.000000 0.431037 -0.493316 0.755544
-0.78352702 -0.65273201 -6.62278986 82 122 69 0.000000 0.102363 -0.532001 0.840533
-1.07784104 -0.44780901 -6.40015697 85 122 73 0.000000 0.308771 -0.664423 0.680589
-1.19674695 -0.59370100 -6.58315516 44 55 25 0.000000 -0.127765 -0.942774 0.307982
-0.76075798 -0.52960998 -6.51653290 73 115 47 0.000000 -0.006795 -0.544928 0.838455
-0.87629098 -0.78850400 -6.70121717 70 110 58 0.000000 -0.149651 -0.365037 0.918887
-0.71353298 -0.39130700 -6.41871023 95 136 75 0.000000 -0.119258 -0.489965 0.863546
-1.11241603 -0.41660699 -6.37738800 81 117 55 0.000000 -0.474670 -0.381345 0.793262
-0.75569803 -0.60719401 -6.57893801 70 112 46 0.000000 0.142373 -0.774811 0.615952
-0.64859802 -0.37950099 -6.41871023 81 90 66 0.000000 -0.039425 0.469022 0.882306
-1.00025594 -0.44949600 -6.43220282 77 118 59 0.000000 0.119116 -0.577934 0.807343
-1.12084901 -0.73537600 -6.65820885 84 113 66 0.000000 0.373353 0.552693 -0.745076
-0.72027898 -0.36094800 -6.39762688 99 142 81 0.000000 0.088562 -0.619936 0.779638
-0.68401700 -0.62743300 -6.63628292 95 136 87 0.000000 0.356065 -0.784632 0.507514
-0.66124803 -0.50177997 -6.49207687 88 130 73 0.000000 0.055789 -0.648009 0.759587
-0.82316202 -0.81633300 -6.73495007 93 132 91 0.000000 0.205851 -0.642317 0.738278
-1.19506001 -0.54057300 -6.43220282 97 125 84 0.000000 0.125993 -0.173397 0.976760
-0.74979502 -0.46973500 -6.47352505 81 115 62 0.000000 0.023891 -0.706905 0.706905
-0.68148702 -0.41913700 -6.43388891 86 128 65 0.000000 0.001351 -0.544370 0.838844
-1.18578398 -0.64851600 -6.61013985 55 60 51 0.000000 0.656815 0.704526 -0.268769
-0.98001701 -0.81211698 -6.70037413 78 117 73 0.000000 0.001340 -0.516071 0.856545
-0.72702599 -0.76489198 -6.67085791 93 131 71 0.000000 0.071979 -0.411501 0.908562
-0.85858101 -0.64767200 -6.59327412 89 111 69 0.000000 -0.087461 -0.546272 0.833029
-0.80376601 -0.78766102 -6.70458984 73 113 59 0.000000 -0.426687 -0.742996 0.515649
-0.76581800 -0.78681803 -6.69868708 68 110 33 0.000000 -0.706063 -0.380188 0.597438
-1.09639299 -0.73790598 -6.69700003 46 49 43 0.000000 0.656920 0.749730 -0.079758
-0.90833598 -0.57261801 -6.56291485 99 124 68 0.000000 0.997945 -0.030755 -0.056207
-0.81978899 -0.83657300 -6.77458477 41 44 51 0.000000 -0.125524 -0.795970 -0.592178
-0.87797701 -0.73537600 -6.66917181 69 109 52 0.000000 -0.070804 -0.689258 0.721048
-0.67642701 -0.35167199 -6.41618013 122 133 112 0.000000 0.386174 -0.103071 0.916649
-0.80713999 -0.40901700 -6.43135881 73 113 53 0.000000 0.237764 -0.666054 0.706994
-1.16891801 -0.54816198 -6.47183800 79 117 63 0.000000 0.229001 -0.521016 0.822253
-0.78437001 -0.72356999 -6.65989494 83 124 68 0.000000 -0.118502 -0.299583 0.946682
-1.21024001 -0.49672100 -6.42461300 100 134 80 0.000000 0.543395 0.395644 0.740397
-1.03736198 -0.47648099 -6.44316578 83 119 69 0.000000 0.404517 -0.452866 0.794530
-1.03061497 -0.42672601 -6.39762688 77 117 59 0.000000 0.206126 -0.745462 0.633875
-1.14783502 -0.57430500 -6.53086901 69 110 47 0.000000 0.697359 -0.714543 0.055846
-0.95809102 -0.39805400 -6.39256811 61 93 45 0.000000 0.085640 -0.782371 0.616897
-1.01206303 -0.65273201 -6.59327412 77 118 58 0.000000 -0.102363 -0.532001 0.840533
-0.85773802 -0.44527900 -6.44822598 81 121 60 0.000000 -0.006941 -0.734307 0.678782
-0.77762401 -0.61562699 -6.58990097 73 113 51 0.000000 -0.223312 -0.660567 0.716786
-1.11325896 -0.57008803 -6.51316023 74 114 44 0.000000 0.856301 -0.515959 0.023143
-0.93953800 -0.64682901 -6.60255098 77 116 63 0.000000 0.276875 -0.394888 0.876016
-0.97748703 -0.62321597 -6.57893801 81 120 60 0.000000 0.023432 -0.563738 0.825621
-0.91170901 -0.61141002 -6.58905697 124 133 93 0.000000 0.966705 0.222098 -0.127097
-1.07278097 -0.73031598 -6.64302921 75 106 61 0.000000 0.286092 0.631320 -0.720824
-1.01712298 -0.50768399 -6.47352505 82 116 66 0.000000 0.055566 -0.631173 0.773650
-1.19590294 -0.58105099 -6.51568985 80 120 67 0.000000 0.270183 -0.888171 0.371689
-0.79280299 -0.37950099 -6.40606022 82 125 62 0.000000 0.119116 -0.577934 0.807343
-1.15795505 -0.61900002 -6.58990097 66 105 26 0.000000 -0.468870 -0.748547 0.468870
-0.90074599 -0.37528500 -6.36642504 65 106 56 0.000000 0.190829 -0.587752 0.786214
-0.73039901 -0.53888601 -6.51821995 78 120 53 0.000000 0.077939 -0.522898 0.848824
-0.84340203 -0.87789500 -6.75518894 122 150 115 0.000000 0.325378 -0.365096 0.872258
-1.05507100 -0.80790001 -6.68941116 85 113 58 0.000000 -0.278480 -0.530213 0.800826
-0.76581800 -0.66791201 -6.63459587 92 128 81 0.000000 0.056555 -0.484163 0.873148
-0.92688900 -0.78428799 -6.69447088 78 118 69 0.000000 -0.032097 -0.595888 0.802426
-0.82990903 -0.64092600 -6.59917688 78 116 68 0.000000 0.482311 -0.246514 0.840599
-1.14783502 -0.68477798 -6.60423708 83 113 72 0.000000 0.466911 0.563975 -0.681121
-0.82906502 -0.70417398 -6.64893198 76 116 60 0.000000 0.094202 -0.462574 0.881562
-0.80123597 -0.49166101 -6.48954821 75 117 48 0.000000 -0.048533 -0.519994 0.852790
-0.71015900 -0.73874903 -6.67085791 95 136 77 0.000000 0.983444 -0.143948 -0.110078
-0.84593201 -0.85175198 -6.74928617 101 139 94 0.000000 0.397032 -0.484541 0.779478
-0.88303697 -0.82560998 -6.71892595 71 108 65 0.000000 -0.142304 -0.612658 0.777431
-1.04663801 -0.74802601 -6.67001486 69 107 40 0.000000 0.436962 -0.373404 0.818311
-1.11241603 -0.51105702 -6.45075607 69 111 58 0.000000 0.230358 -0.862714 0.450177
-0.61233598 -0.57936502 -6.53592920 63 64 38 0.000000 0.583391 0.781465 -0.221286
-1.11325896 -0.49081701 -6.42208290 74 112 59 0.000000 -0.102444 0.442052 0.891120
-0.85689503 -0.51442999 -6.50472689 87 113 64 0.000000 0.125666 -0.586932 0.799824
-1.21361303 -0.53719902 -6.41702318 41 43 43 0.000000 0.561908 -0.548409 0.619280
-0.85689503 -0.67718798 -6.62616301 70 109 53 0.000000 0.014806 -0.491293 0.870868
-0.86364102 -0.69574100 -6.64049911 68 109 53 0.000000 0.086864 -0.420532 0.903110
-1.10229599 -0.71091998 -6.62447596 85 118 78 0.000000 0.872413 0.143232 -0.467312
-1.00784600 -0.56165498 -6.52243710 88 120 71 0.000000 -0.072877 -0.581583 0.810216
-0.64269501 -0.56249797 -6.52496576 90 133 64 0.000000 -0.461767 -0.555121 0.691818
-0.88472402 -0.48322800 -6.47689819 78 118 56 0.000000 0.038235 -0.749124 0.661325
-0.92435902 -0.38709101 -6.36558199 68 105 66 0.000000 0.561908 -0.548409 0.619280
-0.61992598 -0.48660100 -6.48954821 95 137 79 0.000000 0.104235 -0.635686 0.764878
-1.08458698 -0.59454399 -6.53508615 66 104 42 0.000000 -0.063010 -0.513885 0.855542
-0.60558999 -0.45202500 -6.45328522 99 109 81 0.000000 0.331593 -0.848441 0.412545
-1.07278097 -0.52792299 -6.49207687 74 113 52 0.000000 0.095228 -0.672455 0.733987
-0.67305398 -0.60803699 -6.64134312 117 144 102 0.000000 0.531639 0.332475 0.778987
-0.84002799 -0.57093102 -6.54773617 74 115 54 0.000000 0.001377 -0.648407 0.761293
-0.87460399 -0.35420200 -6.36220789 86 125 75 0.000000 0.397023 -0.524463 0.753201
-0.91508299 -0.63923901 -6.60845423 128 126 103 0.000000 0.452263 -0.672554 0.585773
-1.10314000 -0.60297698 -6.55195189 70 107 33 0.000000 -0.427421 -0.666909 0.610363
-0.87460399 -0.57346100 -6.54773617 76 115 54 0.000000 -0.055630 -0.640455 0.765978
-0.87797701 -0.38456100 -6.39762688 77 115 55 0.000000 0.230889 -0.695809 0.680103
-0.86785799 -0.84416199 -6.73579311 83 121 73 0.000000 0.245267 -0.822183 0.513672
-1.18241000 -0.49250400 -6.40521717 104 143 92 0.000000 0.269175 0.715147 0.645066
-1.08121395 -0.79019099 -6.68435097 104 132 85 0.000000 0.483144 0.499747 -0.718905
-1.15120804 -0.64008301 -6.58315516 81 116 77 0.000000 0.540824 0.387237 -0.746697
-0.84171498 -0.65947902 -6.60255098 96 119 74 0.000000 0.079106 -0.585387 0.806885
-0.99603999 -0.39552400 -6.36136484 58 96 40 0.000000 -0.101836 -0.971846 0.212473
-1.02555597 -0.39552400 -6.36305189 70 109 52 0.000000 -0.077866 -0.850866 0.519580
-1.00109994 -0.53804302 -6.50219679 80 118 59 0.000000 0.133853 -0.539826 0.831067
-0.75822800 -0.39974099 -6.42461300 82 127 62 0.000000 0.197271 -0.507482 0.838776
-0.70088297 -0.48913100 -6.49545002 91 121 59 0.000000 -0.198388 0.418819 -0.886133
-1.08964705 -0.65357500 -6.57978106 81 110 62 0.000000 0.900850 0.009179 -0.434034
-0.97411400 -0.53382599 -6.50472689 96 112 68 0.000000 0.182070 -0.763469 0.619649
-0.83243901 -0.72188300 -6.66158199 70 110 59 0.000000 -0.142375 -0.444383 0.884451
-0.79196000 -0.47142100 -6.47436810 78 120 57 0.000000 0.031258 -0.485175 0.873858
-1.11325896 -0.64598602 -6.60761023 98 132 81 0.000000 0.040731 0.799168 -0.599727
-0.86448401 -0.55490899 -6.53255606 74 113 53 0.000000 0.267699 -0.527571 0.806229
-1.10482597 -0.43600300 -6.38413382 87 126 63 0.000000 -0.102964 -0.555428 0.825166
-1.18915701 -0.60635000 -6.56713200 68 101 57 0.000000 0.927038 0.364626 -0.087456
-0.92267197 -0.89054400 -6.73916578 73 113 55 0.000000 0.088366 -0.387450 0.917646
-0.90496302 -0.58864099 -6.57725096 107 126 83 0.000000 0.682625 -0.636789 0.358501
-0.67474103 -0.51274300 -6.51316023 90 121 50 0.000000 0.064097 0.593969 -0.801930
-0.98085999 -0.60803699 -6.56375790 78 118 58 0.000000 0.221031 -0.237506 0.945905
-1.05844498 -0.70670402 -6.63881302 67 106 44 0.000000 -0.213342 -0.547936 0.808858
-0.80039299 -0.35926199 -6.39088106 89 130 72 0.000000 0.133473 -0.394799 0.909021
-1.06266105 -0.46130201 -6.40774679 79 121 68 0.000000 0.279174 0.491285 0.825046
-0.71859199 -0.50431001 -6.49713802 84 125 63 0.000000 0.001377 -0.648407 0.761293
-0.78605700 -0.81042999 -6.75265884 43 51 45 0.000000 0.382113 -0.762600 0.521950
-0.62161201 -0.55996901 -6.52075005 99 138 69 0.000000 -0.125145 -0.198462 0.972086
-0.79786301 -0.53298301 -6.51821995 75 116 51 0.000000 -0.040635 -0.587103 0.808492
-0.98929298 -0.51021302 -6.48364401 75 114 53 0.000000 0.166683 -0.809391 0.563120
-1.11916304 -0.68393397 -6.62700701 86 123 60 0.000000 -0.452367 -0.332576 0.827501
-1.17735100 -0.44359201 -6.39172411 107 115 80 0.000000 -0.252240 -0.506028 0.824810
-0.72702599 -0.41323301 -6.43220282 84 124 69 0.000000 -0.030800 -0.443248 0.895870
-0.80798298 -0.64514202 -6.61351299 78 119 62 0.000000 0.310255 -0.412130 0.856674
-0.80713999 -0.58189398 -6.55954218 76 120 51 0.000000 -0.095169 -0.663255 0.742318
-1.21361303 -0.55237901 -6.43220282 107 111 107 0.000000 0.633299 -0.555614 0.538726
-1.07615399 -0.75730199 -6.68856812 77 115 29 0.000000 -0.546126 -0.801296 0.244278
-0.82569200 -0.60550702 -6.57809401 78 120 54 0.000000 0.239167 -0.307909 0.920864
-0.78689998 -0.41238999 -6.43726301 79 113 56 0.000000 0.024979 -0.411494 0.911070
-0.72196603 -0.72104001 -6.67001486 96 137 84 0.000000 0.418001 0.110442 0.901708
-1.16132796 -0.58864099 -6.54436302 74 113 46 0.000000 0.316653 -0.412421 -0.854190
-0.98929298 -0.65188903 -6.59833384 86 116 67 0.000000 0.198574 -0.532056 0.823095
-1.06940699 -0.66369498 -6.60592413 81 118 47 0.000000 -0.230227 -0.922337 0.310306
-1.21108305 -0.58105099 -6.48195791 97 108 83 0.000000 0.443097 -0.895622 -0.039057
-0.84424502 -0.79778099 -6.71892595 80 117 67 0.000000 0.001112 -0.150135 0.988665
-0.91929901 -0.81042999 -6.71049404 78 116 68 0.000000 0.198104 -0.460256 0.865401
-1.20771003 -0.53466898 -6.45497179 87 123 71 0.000000 0.665999 -0.675721 0.315985
-1.03483200 -0.81549001 -6.68519402 86 125 64 0.000000 -0.626469 -0.070568 0.776245
-0.73967499 -0.59876102 -6.56797504 80 114 57 0.000000 0.023712 -0.615119 0.788078
-0.84846199 -0.42672601 -6.43810606 79 116 60 0.000000 0.302264 -0.435570 0.847889
-0.95724797 -0.58526802 -6.54689217 79 117 60 0.000000 0.001373 -0.624527 0.781002
-0.96315098 -0.87873799 -6.73495007 72 106 51 0.000000 -0.204122 -0.451452 0.868634
-0.97327101 -0.71935302 -6.64977598 79 117 63 0.000000 0.149632 -0.663518 0.733044
-1.00953305 -0.61815703 -6.56628799 80 119 61 0.000000 0.244528 -0.720965 0.648395
-0.95977801 -0.35926199 -6.35967922 73 86 50 0.000000 -0.300949 0.626037 0.719380
-0.90665001 -0.69236702 -6.64977598 78 108 60 0.000000 -0.419720 -0.575664 0.701745
-0.97580099 -0.44190601 -6.43220282 82 121 62 0.000000 -0.055709 -0.436163 0.898142
-0.80966902 -0.39468101 -6.41618013 74 113 51 0.000000 0.261452 -0.641746 0.720974
-0.95134503 -0.42504001 -6.42039585 73 111 57 0.000000 -0.204753 -0.586549 0.783605
-1.06434798 -0.54731899 -6.49376392 80 120 57 0.000000 0.006596 -0.449840 0.893085
-1.05591500 -0.63586599 -6.57725096 65 105 42 0.000000 0.174475 -0.514477 0.839567
-1.19590294 -0.48154101 -6.42292595 89 128 70 0.000000 -0.023219 -0.520370 0.853625
-0.99857002 -0.76320499 -6.66917181 74 112 55 0.000000 0.380336 -0.316183 0.869122
-0.84508801 -0.83404303 -6.73832321 94 133 89 0.000000 0.412277 -0.690440 0.594407
-0.78015399 -0.44696599 -6.45497179 85 117 64 0.000000 -0.009212 -0.443506 0.896224
-0.72196603 -0.66538203 -6.65061903 93 135 85 0.000000 0.126503 -0.647400 0.751579
-0.76160097 -0.62490302 -6.60339403 78 119 57 0.000000 -0.079849 -0.736065 0.672185
-0.77762401 -0.74043602 -6.67929077 88 118 52 0.000000 0.047195 0.141586 -0.988800
-0.92182899 -0.58273798 -6.55110884 113 117 83 0.000000 0.397638 -0.697930 0.595633
-0.96568102 -0.85343897 -6.74000883 91 121 59 0.000000 0.237253 0.963274 0.125757
-0.95303100 -0.90656698 -6.75518894 77 87 57 0.000000 0.109910 0.801613 -0.587654
-1.12000597 -0.60466403 -6.53930283 71 103 55 0.000000 0.238931 0.579369 -0.779259
-1.04748201 -0.67297101 -6.60761023 77 114 47 0.000000 0.031818 -0.554739 0.831416
-0.93363500 -0.40311399 -6.40100098 152 96 92 0.000000 0.332687 -0.498234 0.800676
-0.92520201 -0.40058401 -6.42039585 123 112 97 0.000000 0.374094 -0.871868 -0.316071
-1.09639299 -0.53719902 -6.48786116 78 117 56 0.000000 0.291076 -0.561474 0.774611
-1.07193696 -0.79862398 -6.70037413 49 54 42 0.000000 0.278718 0.222695 -0.934197
-1.08880401 -0.74043602 -6.65652180 79 112 67 0.000000 0.814007 0.324022 -0.482082
-0.70257002 -0.47057801 -6.48280096 93 126 59 0.000000 0.001380 0.738126 -0.674661
-0.77509397 -0.79693699 -6.72398710 79 120 57 0.000000 0.001162 -0.977134 0.212622
-0.69076300 -0.52370602 -6.51906300 87 123 51 0.000000 -0.151037 0.491237 -0.857831
-0.94628501 -0.67971802 -6.62363291 77 117 67 0.000000 0.445479 -0.429280 0.785663
-1.09470701 -0.40648699 -6.35377598 86 124 69 0.000000 0.190829 -0.786214 0.587752
-0.89737302 -0.53635597 -6.51484680 76 116 59 0.000000 0.001381 -0.691755 0.722131
-0.93953800 -0.88042498 -6.75350189 87 116 52 0.000000 -0.111317 0.521888 -0.845719
-0.66124803 -0.47732499 -6.48701811 91 126 56 0.000000 -0.149345 0.752761 -0.641129
-1.09808004 -0.63586599 -6.56460190 64 100 53 0.000000 -0.064869 0.673191 -0.736618
-0.69413698 -0.66791201 -6.65905190 100 141 91 0.000000 0.322039 -0.392919 0.861339
-0.64691103 -0.58442402 -6.57219219 77 119 42 0.000000 -0.517964 -0.636067 0.571954
-1.09048998 -0.47563800 -6.42208290 78 116 64 0.000000 0.070804 -0.689258 0.721048
-1.03904903 -0.52455002 -6.47858477 80 118 59 0.000000 0.150384 -0.895144 0.419644
-0.82653600 -0.53045303 -6.51821995 96 110 68 0.000000 -0.006846 -0.587425 0.809250
-1.02808499 -0.78007102 -6.67676115 76 117 53 0.000000 0.166063 -0.333522 0.928001
-0.74136198 -0.68730801 -6.65146208 90 129 78 0.000000 0.103636 -0.795517 0.597003
-0.88303697 -0.96644199 -6.76277781 52 56 44 0.000000 0.896605 -0.181059 0.404124
-1.19506001 -0.56924498 -6.49292088 88 127 74 0.000000 0.332687 -0.800676 0.498234
-0.95809102 -0.47985500 -6.45918798 75 114 56 0.000000 0.023611 -0.601387 0.798609
-0.90749300 -0.51358700 -6.49545002 115 112 83 0.000000 0.070962 -0.696582 0.713960
-0.68570399 -0.38962099 -6.41871023 103 143 83 0.000000 0.262472 -0.458942 0.848812
-0.97664398 -0.68140399 -6.62025976 75 116 63 0.000000 0.405534 -0.840818 0.358561
-0.98844999 -0.42419600 -6.40690422 74 109 59 0.000000 0.396869 -0.785639 0.474623
-1.13434196 -0.60972399 -6.56375790 67 106 36 0.000000 -0.135192 -0.856218 0.498612
-0.95724797 -0.80874401 -6.69868708 74 112 63 0.000000 0.286237 -0.386192 0.876883
-0.86785799 -0.42588300 -6.43388891 86 121 70 0.000000 0.222963 -0.618994 0.753083
-0.69666702 -0.43937600 -6.44822598 80 123 57 0.000000 0.006755 -0.522804 0.852426
-1.12675202 -0.46130201 -6.41871023 81 119 60 0.000000 0.215084 -0.769041 0.601926
-0.67558402 -0.47395101 -6.47352505 85 125 64 0.000000 -0.032379 -0.640541 0.767241
-0.99519700 -0.82308000 -6.69109821 81 121 71 0.000000 0.813615 -0.426788 0.394819
-1.15458095 -0.66875499 -6.61604404 88 123 56 0.000000 -0.561908 -0.548409 0.619280
-0.99941301 -0.84163302 -6.70711994 92 127 88 0.000000 -0.024099 -0.166398 0.985764
-1.02724195 -0.69321102 -6.63543892 74 112 48 0.000000 -0.561204 -0.812624 -0.157137
-0.75148100 -0.37022501 -6.40437412 90 132 73 0.000000 0.039152 -0.449569 0.892387
-0.79617703 -0.70332998 -6.65567923 80 121 65 0.000000 0.947621 0.315874 -0.047317
-1.14952099 -0.51442999 -6.44147921 76 116 63 0.000000 0.261059 -0.624960 0.735713
-0.95977801 -0.82560998 -6.70880699 74 116 68 0.000000 0.046769 -0.619334 0.783734
-0.67727000 -0.55069202 -6.52412319 82 125 62 0.000000 -0.151203 -0.579360 0.800924
-0.97074097 -0.56165498 -6.52665281 81 119 58 0.000000 0.151723 -0.611399 0.776641
-1.08543003 -0.69236702 -6.63543892 75 115 46 0.000000 -0.055387 -0.609255 0.791038
-1.05422795 -0.51780301 -6.46846485 75 116 61 0.000000 0.357753 -0.486095 0.797324
-1.08458698 -0.68815100 -6.60170698 81 118 64 0.000000 0.236893 0.484484 -0.842115
-1.12590897 -0.70080101 -6.62025976 70 103 51 0.000000 0.239548 0.811373 -0.533188
-0.65197098 -0.54731899 -6.53255606 90 124 48 0.000000 0.143415 0.064129 -0.987583
-0.84340203 -0.75055599 -6.68603802 87 119 55 0.000000 0.001334 0.500299 -0.865851
-0.59799999 -0.48913100 -6.50388384 91 107 75 0.000000 0.965591 -0.244887 -0.087550
-0.78268403 -0.78850400 -6.70796299 75 115 53 0.000000 -0.006888 -0.792144 0.610295
-1.06519103 -0.40564400 -6.36558199 78 118 61 0.000000 0.419240 -0.584948 0.694315
-1.14783502 -0.44612199 -6.38497782 87 133 61 0.000000 0.770130 -0.581141 0.263010
-0.93532199 -0.74549598 -6.68603802 91 123 54 0.000000 0.103276 0.993893 -0.038867
-0.85942400 -0.35757500 -6.37485790 84 127 67 0.000000 0.585999 -0.596132 0.548846
-1.13602901 -0.65188903 -6.58231115 83 116 77 0.000000 0.406196 0.316616 -0.857181
-0.96399403 -0.34155199 -6.38582087 66 100 44 0.000000 -0.213925 0.792601 -0.570981
-0.74895102 -0.78175801 -6.70627689 76 113 50 0.000000 0.237496 0.725070 -0.646429
-0.74979502 -0.79272097 -6.68772411 79 115 46 0.000000 -0.532481 -0.610241 0.586575
-1.05844498 -0.56587201 -6.51400280 76 115 53 0.000000 0.079369 -0.616191 0.783587
-0.90412003 -0.88464099 -6.73832321 72 109 65 0.000000 0.348317 -0.562167 0.750096
-0.88050699 -0.71260703 -6.65314913 69 107 49 0.000000 -0.292664 -0.310312 0.904464
-0.67642701 -0.57430500 -6.54942179 84 121 55 0.000000 0.064577 -0.644337 0.762011
-1.10145295 -0.66453803 -6.60592413 72 111 43 0.000000 -0.309465 -0.443204 0.841310
-0.62245601 -0.41492000 -6.42967319 96 108 59 0.000000 0.994244 -0.063748 -0.086116
-1.18662703 -0.58779800 -6.53508615 71 106 52 0.000000 -0.277335 -0.871409 0.404637
-0.78858697 -0.76151901 -6.68097782 72 114 53 0.000000 -0.223879 -0.709210 0.668505
-1.11578906 -0.61900002 -6.57387781 94 124 70 0.000000 0.085757 0.774720 -0.626462
-0.61402297 -0.58442402 -6.57050514 52 89 48 0.000000 0.889225 0.373862 0.263640
-1.11663306 -0.63755298 -6.56797504 76 109 68 0.000000 0.244019 0.625003 -0.741502
-0.72533900 -0.76151901 -6.68941116 92 123 54 0.000000 0.681785 -0.728106 -0.070929
-0.65281498 -0.52117598 -6.50472689 89 130 78 0.000000 0.063010 -0.513885 0.855542
-0.61739600 -0.44612199 -6.43979311 108 138 81 0.000000 0.117811 -0.839221 0.530876
-1.09639299 -0.57599097 -6.51990700 74 112 47 0.000000 -0.199163 -0.912713 0.356775
-0.89906001 -0.43009901 -6.43641901 72 113 50 0.000000 0.110258 -0.618912 0.777683
-0.68654698 -0.72104001 -6.68435097 72 77 69 0.000000 0.800761 -0.079070 0.593742
-1.18409705 -0.50093699 -6.42292595 89 129 72 0.000000 0.908078 -0.387958 -0.157741
-1.00953305 -0.74465197 -6.67085791 75 115 52 0.000000 -0.635161 -0.768270 0.079576
-0.98760700 -0.47226501 -6.45412922 75 116 56 0.000000 -0.134991 -0.893781 0.427707
-0.92520201 -0.68056101 -6.62953615 77 110 65 0.000000 0.364989 -0.451056 0.814451
-1.01796603 -0.48828799 -6.45834494 81 120 60 0.000000 0.223719 -0.491573 0.841609
-0.83159500 -0.33902299 -6.36979818 82 112 74 0.000000 0.506151 -0.859475 -0.071506
-1.08964705 -0.51190001 -6.45497179 86 117 69 0.000000 0.647425 -0.427733 0.630782
-0.88893998 -0.50599700 -6.49123383 82 120 60 0.000000 0.251950 -0.355087 0.900241
-0.66377801 -0.38371801 -6.43473291 101 126 73 0.000000 0.254430 0.452490 -0.854703
-0.62076902 -0.53551298 -6.51568985 111 152 102 0.000000 0.198040 -0.206014 0.958300
-0.65197098 -0.57093102 -6.53930283 82 123 47 0.000000 0.023799 -0.662175 0.748971
-1.16217101 -0.69321102 -6.62278986 67 81 47 0.000000 0.488782 0.213369 0.845911
-1.07446694 -0.52201998 -6.47268200 76 115 56 0.000000 -0.133455 -0.727252 0.673271
-0.87882000 -0.67044199 -6.62447596 71 111 51 0.000000 -0.149562 -0.190467 0.970234
-0.67979997 -0.66369498 -6.68519402 64 65 59 0.000000 0.516538 -0.506508 -0.690389
-0.95556098 -0.61731303 -6.57387781 81 120 70 0.000000 0.374022 -0.563483 0.736611
-0.89399999 -0.64261198 -6.60255098 67 106 56 0.000000 -0.229857 -0.752118 0.617644
-1.21108305 -0.51780301 -6.44147921 91 128 76 0.000000 0.644164 -0.373977 0.667229
-1.16554403 -0.59538698 -6.56207180 70 113 34 0.000000 -0.324168 -0.817536 -0.475973
-0.95556098 -0.65526199 -6.60508108 78 117 61 0.000000 0.213418 -0.254725 0.943169
-1.12590897 -0.64008301 -6.59580421 80 119 48 0.000000 -0.307953 -0.897080 0.316879
-1.14699197 -0.47563800 -6.40353107 90 135 73 0.000000 -0.070471 -0.616984 0.783814
-0.80123597 -0.61562699 -6.58905697 77 117 58 0.000000 0.559768 -0.759801 0.330699
-0.76581800 -0.50177997 -6.49460697 79 121 56 0.000000 0.031764 -0.539996 0.841068
-0.96315098 -0.39636701 -6.37317085 57 92 38 0.000000 -0.322941 -0.946379 0.008728
-1.01374900 -0.59201401 -6.54520607 78 119 63 0.000000 0.181628 -0.602883 0.776880
-0.97327101 -0.74802601 -6.67591810 91 123 60 0.000000 -0.220411 0.149984 -0.963807
-0.89147002 -0.94873202 -6.75265884 82 116 64 0.000000 0.166226 -0.158613 0.973248
-1.00025594 -0.41492000 -6.39509678 70 110 58 0.000000 0.088562 -0.779638 0.619936
-1.11916304 -0.71597999 -6.62869310 86 117 55 0.000000 -0.190711 0.584339 -0.788782
-0.91592598 -0.39889699 -6.40353107 95 98 63 0.000000 -0.110172 -0.600804 0.791768
-0.66799402 -0.58779800 -6.57303476 76 115 54 0.000000 0.554149 -0.703919 0.444317
-0.99182302 -0.56840199 -6.52749586 82 120 62 0.000000 0.149971 -0.412778 0.898400
-0.88219398 -0.59117103 -6.56375790 74 114 51 0.000000 -0.340688 -0.507033 0.791739
-0.81219900 -0.42419600 -6.44400883 88 114 67 0.000000 0.348852 -0.443563 0.825563
-0.98001701 -0.70417398 -6.63712597 78 118 60 0.000000 0.038154 -0.640135 0.767314
-1.15879798 -0.62405998 -6.56797504 81 113 71 0.000000 0.072404 0.830521 -0.552261
-1.14446199 -0.49672100 -6.44232178 88 133 72 0.000000 0.988665 -0.150135 0.001112
-0.84171498 -0.54394603 -6.52918291 75 117 56 0.000000 0.032394 -0.666198 0.745071
-1.01543605 -0.45877200 -6.43473291 76 116 62 0.000000 0.238782 -0.588371 0.772530
-0.72786897 -0.69321102 -6.66326904 97 137 86 0.000000 0.460770 -0.454211 0.762485
-0.81472898 -0.77416801 -6.70880699 91 123 61 0.000000 -0.111083 0.670939 -0.733145
-1.06350398 -0.42756999 -6.38582087 78 118 61 0.000000 0.251758 -0.704605 0.663437
-0.73208499 -0.39383700 -6.42123985 84 126 63 0.000000 0.023340 -0.539569 0.841618
-1.11747599 -0.72104001 -6.64808893 77 106 58 0.000000 0.006925 0.760313 -0.649520
-0.82569200 -0.36010501 -6.38666391 86 128 71 0.000000 0.040990 -0.643115 0.764671
-1.02049601 -0.71935302 -6.64555883 70 109 46 0.000000 0.134755 -0.365367 0.921058
-0.72533900 -0.34070900 -6.38413382 67 87 55 0.000000 0.182146 -0.823419 0.537405
-0.81051302 -0.82055002 -6.74675608 105 143 104 0.000000 0.237693 -0.713080 0.659560
-1.10398304 -0.76657802 -6.68266392 76 94 61 0.000000 0.814355 0.530026 -0.236426
-0.91761202 -0.42335299 -6.42883015 89 120 71 0.000000 0.055072 -0.820436 0.569080
-0.98423398 -0.79440701 -6.69615698 81 113 63 0.000000 0.357483 -0.366768 -0.858887
-0.79196000 -0.59117103 -6.56628799 69 111 52 0.000000 -0.055710 -0.635671 0.769947
-1.18831396 -0.62574601 -6.59411812 85 111 77 0.000000 0.705781 0.641473 -0.300640
-0.72955501 -0.57346100 -6.54436302 75 115 50 0.000000 -0.182585 -0.710394 0.679708
-0.72618198 -0.60382003 -6.57809401 74 111 53 0.000000 0.078605 -0.827492 0.555949
-0.69244999 -0.57936502 -6.55448198 78 120 56 0.000000 0.166622 -0.946898 0.274993
-0.80207998 -0.67971802 -6.62363291 83 115 66 0.000000 0.792213 -0.238131 -0.561864
-0.94459802 -0.59285700 -6.55616903 76 115 63 0.000000 -0.206380 -0.733967 0.647070
-0.63510501 -0.53551298 -6.53255606 89 121 46 0.000000 0.030686 0.433611 -0.900577
-0.74136198 -0.75224203 -6.66748524 83 126 70 0.000000 -0.461824 -0.221134 0.858963
-0.66040403 -0.41997999 -6.43220282 82 126 56 0.000000 -0.054651 -0.545109 0.836582
-0.89990300 -0.44443601 -6.44738197 76 117 55 0.000000 0.172660 -0.338301 0.925063
-0.94206798 -0.79019099 -6.68856812 81 119 77 0.000000 0.212958 -0.744577 0.632657
-1.07193696 -0.69911402 -6.60929680 68 101 54 0.000000 0.001346 0.531813 -0.846861
-0.69751000 -0.68309098 -6.67085791 114 155 104 0.000000 0.365795 -0.605283 0.706984
-0.64016497 -0.43768901 -6.45328522 95 127 58 0.000000 0.477148 0.477148 -0.738011
-1.00194299 -0.70839000 -6.63965607 76 114 54 0.000000 0.038235 -0.749124 0.661325
-0.92098600 -0.71682298 -6.65399218 70 104 69 0.000000 0.726382 -0.172802 0.665213
-0.95387501 -0.53045303 -6.50303984 86 112 63 0.000000 0.159432 -0.657467 0.736423
-1.03145897 -0.73874903 -6.67001486 90 124 64 0.000000 -0.111305 0.276299 -0.954605
-0.79364699 -0.33902299 -6.38413382 72 105 61 0.000000 0.278480 -0.800826 0.530213
-0.95050102 -0.50093699 -6.47858477 79 120 59 0.000000 0.001369 -0.609379 0.792878
-0.73967499 -0.79019099 -6.71808290 89 115 65 0.000000 0.822591 0.491682 -0.285644
-1.06434798 -0.58611101 -6.52665281 73 111 48 0.000000 0.262963 -0.309453 0.913832
-1.20433605 -0.56587201 -6.46509218 102 137 91 0.000000 0.972623 -0.228924 -0.039971
-0.75991398 -0.33396301 -6.38244820 100 122 78 0.000000 -0.096031 -0.363837 0.926499
-0.69751000 -0.55575198 -6.53845882 84 120 50 0.000000 -0.189760 0.698872 -0.689615
-0.63173199 -0.55237901 -6.53340006 88 122 48 0.000000 -0.110386 0.355689 -0.928063
-1.05169797 -0.79103398 -6.69362688 78 107 49 0.000000 0.001022 0.048051 -0.998844
-1.03230202 -0.76489198 -6.68350792 84 115 52 0.000000 0.182489 0.722288 -0.667081
-1.10061002 -0.64345598 -6.58821392 69 109 39 0.000000 -0.251834 -0.673140 0.695314
-0.84002799 -0.67887503 -6.62869310 74 114 52 0.000000 0.038192 -0.649267 0.759601
-1.13349903 -0.59201401 -6.54942179 75 116 45 0.000000 0.617611 -0.783836 0.064484
-0.93869501 -0.55828202 -6.52496576 75 114 53 0.000000 0.103383 -0.583894 0.805220
-0.76666099 -0.76995200 -6.69615698 86 120 53 0.000000 0.531778 0.413239 -0.739220
-0.82231897 -0.85175198 -6.76277781 60 68 65 0.000000 0.254674 -0.792146 0.554658
-0.73798800 -0.73368901 -6.66495514 92 134 83 0.000000 0.056098 0.127080 0.990305
-0.83918500 -0.74043602 -6.66495514 72 113 48 0.000000 0.039748 -0.942411 -0.332088
-0.97917402 -0.85596901 -6.72145700 73 110 62 0.000000 -0.237598 -0.410939 0.880157
-0.81641603 -0.74886900 -6.68688107 84 119 54 0.000000 -0.213996 0.561933 -0.799022
-0.76160097 -0.74633902 -6.68435097 88 119 52 0.000000 0.206743 0.490449 -0.846591
-0.72449601 -0.78007102 -6.69278383 105 129 66 0.000000 0.474196 0.868635 0.143564
-0.77256399 -0.40733001 -6.42967319 70 112 48 0.000000 0.038268 -0.673238 0.738435
-0.94881499 -0.76489198 -6.67844820 79 118 70 0.000000 0.205064 -0.285973 0.936039
-0.93616498 -0.60803699 -6.57134819 77 113 58 0.000000 0.047013 -0.745088 0.665308
-0.87376100 -0.45118201 -6.45244217 77 119 54 0.000000 0.230077 -0.492152 0.839554
-0.99857002 -0.46298799 -6.44232178 78 117 62 0.000000 0.310255 -0.412130 0.856674
-1.13096905 -0.41238999 -6.35461903 38 41 27 0.000000 -0.221499 -0.910609 0.348898
-0.76497400 -0.37950099 -6.40858984 86 126 64 0.000000 0.046572 -0.594143 0.803010
-0.64353800 -0.40901700 -6.43304586 98 128 56 0.000000 0.276051 0.633482 -0.722839
-1.03904903 -0.60128999 -6.54942179 74 111 53 0.000000 0.301430 -0.697963 0.649606
-1.13012600 -0.54563200 -6.48617506 76 110 61 0.000000 0.237414 -0.802243 0.547760
-1.01459301 -0.80958700 -6.69531393 87 126 69 0.000000 0.404562 0.515940 0.755073
-0.78605700 -0.49925101 -6.49123383 78 120 54 0.000000 -0.095082 -0.633391 0.767968
-0.76750398 -0.73200297 -6.66326904 80 120 67 0.000000 0.070346 -0.165732 0.983659
-1.21361303 -0.57093102 -6.44991207 93 96 91 0.000000 0.713265 -0.315389 0.625926
-0.65871799 -0.61646998 -6.64387178 96 112 90 0.000000 0.333969 -0.650017 0.682600
-0.66293401 -0.64429897 -6.65820885 56 60 49 0.000000 0.585019 0.618737 0.524325
-0.79870600 -0.73115999 -6.66411209 75 114 67 0.000000 -0.181628 -0.602883 0.776880
-0.76413101 -0.55322200 -6.53171301 67 106 42 0.000000 0.070471 -0.616984 0.783814
-1.09976602 -0.70417398 -6.65230608 77 116 41 0.000000 0.166308 -0.863920 0.475377
-1.18662703 -0.55069202 -6.47099495 88 128 70 0.000000 0.991543 -0.095142 -0.088265
-0.97495699 -0.73959303 -6.66158199 77 116 64 0.000000 0.619936 0.088562 0.779638
-0.72449601 -0.43178600 -6.44400883 79 121 56 0.000000 0.268596 -0.449707 0.851833
-0.92014199 -0.73959303 -6.67254496 77 115 64 0.000000 0.119353 -0.599711 0.791265
-1.07109404 -0.67887503 -6.61520004 87 121 56 0.000000 -0.358515 0.754342 -0.549940
-0.91929901 -0.50009400 -6.49039078 157 155 122 0.000000 0.096039 0.435656 -0.894975
-1.08880401 -0.62659001 -6.55363894 71 103 57 0.000000 0.268808 0.628278 -0.730075
-0.89484298 -0.67550099 -6.63206577 75 110 55 0.000000 -0.127765 -0.307982 0.942774
-1.21024001 -0.60044700 -6.54942179 94 108 82 0.000000 0.347704 0.817659 0.458842
-0.86279798 -0.72947299 -6.66579819 74 113 52 0.000000 0.317642 -0.604648 0.730414
-1.14867795 -0.49250400 -6.42545700 88 125 69 0.000000 0.149632 -0.663518 0.733044
-0.93953800 -0.40733001 -6.35799217 77 115 58 0.000000 -0.221096 -0.922898 0.315240
-0.92435902 -0.52623600 -6.49966717 128 121 97 0.000000 0.578117 -0.524182 0.625311
-0.88725400 -0.37950099 -6.38413382 82 112 52 0.000000 -0.300699 0.702704 -0.644815
-0.60980600 -0.59285700 -6.54857922 78 80 51 0.000000 0.491124 0.848579 -0.196750
-1.09554994 -0.75224203 -6.66579819 79 111 61 0.000000 -0.244188 0.631739 -0.735716
-0.80882603 -0.55912501 -6.54098892 73 114 52 0.000000 0.142790 -0.522582 0.840547
-0.86617100 -0.70332998 -6.65483522 81 114 49 0.000000 0.269366 0.427637 -0.862884
-0.73714501 -0.79019099 -6.69784403 84 98 55 0.000000 0.719181 0.347360 -0.601764
-0.91423899 -0.47057801 -6.47521210 119 131 99 0.000000 0.901412 -0.220605 0.372545
-0.87966400 -0.85175198 -6.74422598 80 122 69 0.000000 0.758480 0.639269 0.126662
-1.12337899 -0.70923400 -6.66073799 83 102 44 0.000000 0.126464 -0.626370 0.769200
-0.91761202 -0.93523902 -6.75603199 63 75 57 0.000000 0.101648 -0.735107 0.670288
-1.08796000 -0.74718201 -6.68350792 73 104 34 0.000000 -0.664094 -0.634284 0.395807
-1.16976094 -0.61394000 -6.60001993 77 115 38 0.000000 0.540050 0.533320 0.651088
-1.17397702 -0.64598602 -6.59917688 81 117 72 0.000000 0.633073 0.410417 -0.656335
-0.95050102 -0.39299399 -6.36220789 69 99 56 0.000000 -0.270010 0.909278 0.316715
-1.12928200 -0.50093699 -6.43726301 81 121 58 0.000000 -0.189808 -0.324783 0.926547
-0.63257498 -0.46045801 -6.46509218 89 131 67 0.000000 -0.086210 -0.720364 0.688218
-1.06519103 -0.72104001 -6.65652180 78 110 61 0.000000 0.492337 -0.213598 0.843789
-0.83159500 -0.51611698 -6.51231718 72 111 51 0.000000 0.284989 -0.299604 0.910504
-0.70510000 -0.40733001 -6.42883015 87 131 67 0.000000 0.056422 -0.355592 0.932937
-0.82400602 -0.57346100 -6.54942179 67 109 53 0.000000 -0.031743 -0.545150 0.837737
-1.09976602 -0.68224800 -6.60170698 89 122 53 0.000000 -0.268591 0.948841 -0.166013
-0.91845602 -0.45202500 -6.44991207 103 121 78 0.000000 0.213421 -0.658956 0.721269
-0.85858101 -0.46298799 -6.46340513 78 121 53 0.000000 0.031764 -0.539996 0.841068
-0.79617703 -0.54984897 -6.53171301 86 107 57 0.000000 -0.085924 -0.642247 0.761667
-0.80461001 -0.50937003 -6.49966717 69 107 48 0.000000 -0.173650 -0.563229 0.807848
-1.08711696 -0.72188300 -6.62869310 73 107 60 0.000000 0.088115 0.579251 -0.810373
-1.10482597 -0.73790598 -6.65736485 78 110 61 0.000000 0.214854 0.595098 -0.774400
-1.10651302 -0.72947299 -6.68603802 70 94 35 0.000000 0.473827 -0.863517 0.172703
-0.83665502 -0.76995200 -6.70290422 76 107 47 0.000000 0.111174 0.893616 -0.434846
-0.73461503 -0.48913100 -6.48786116 81 124 59 0.000000 -0.079478 -0.625710 0.775996
-1.00447297 -0.51527297 -6.48111391 76 117 58 0.000000 0.006946 -0.704306 0.709863
-1.09976602 -0.41660699 -6.36726809 78 117 53 0.000000 0.023010 -0.496736 0.867597
-1.07615399 -0.64767200 -6.58652782 70 108 42 0.000000 -0.228812 -0.586818 0.776717
-1.03651905 -0.44527900 -6.41449404 81 120 66 0.000000 0.159181 -0.665528 0.729201
-0.95724797 -0.89391702 -6.74422598 68 77 55 0.000000 -0.292534 -0.159193 0.942911
-1.17397702 -0.46973500 -6.41702318 82 119 59 0.000000 -0.364659 -0.533213 0.763353
-0.97580099 -0.48154101 -6.46003199 80 119 62 0.000000 0.055846 -0.697359 0.714543
-1.01121902 -0.63839602 -6.58399820 77 117 60 0.000000 0.039290 -0.887417 0.459289
-1.18662703 -0.58948398 -6.57134819 72 107 25 0.000000 0.555041 -0.805804 -0.206420
-0.94375497 -0.63502300 -6.59243107 78 117 64 0.000000 0.093871 -0.570445 0.815954
-0.72027898 -0.37191099 -6.40943289 100 138 84 0.000000 -0.095462 -0.726984 0.679987
-0.67895699 -0.43262899 -6.44232178 80 121 60 0.000000 -0.220153 -0.729158 0.647967
-0.86785799 -0.62996298 -6.58821392 75 114 51 0.000000 -0.326476 -0.635086 0.700056
-0.71521902 -0.57599097 -6.55195189 78 119 51 0.000000 -0.174890 -0.914265 0.365422
-0.92182899 -0.38877800 -6.39088106 78 83 48 0.000000 -0.111149 -0.991178 0.072190
-1.12422204 -0.42672601 -6.38160515 82 126 57 0.000000 -0.062231 -0.474335 0.878142
-0.88134998 -0.41660699 -6.42208290 104 112 76 0.000000 0.047110 -0.426685 0.903172
-0.86532801 -0.39215100 -6.40858984 77 118 54 0.000000 0.111102 -0.674019 0.730311
-0.82822198 -0.69068098 -6.63796902 76 111 64 0.000000 -0.055630 -0.640455 0.765978
-0.61570901 -0.45202500 -6.47015095 97 131 60 0.000000 -0.006755 0.522804 -0.852426
-1.16723096 -0.61225301 -6.56122923 82 115 71 0.000000 0.396492 0.387014 -0.832475
-1.04916799 -0.46973500 -6.43473291 101 121 79 0.000000 0.354515 -0.498888 0.790841
-0.83665502 -0.43431601 -6.44569588 81 123 61 0.000000 0.263219 -0.395581 0.879904
-1.20855296 -0.54310203 -6.46846485 91 129 72 0.000000 0.214369 -0.418389 0.882608
-0.96399403 -0.46298799 -6.44653893 80 121 61 0.000000 0.040635 -0.587103 0.808492
-1.07784104 -0.41492000 -6.36811209 76 115 57 0.000000 0.229407 -0.475526 0.849263
-1.01459301 -0.78681803 -6.68266392 82 121 56 0.000000 0.078965 -0.927503 -0.365380
-0.94881499 -0.70501697 -6.64302921 80 120 69 0.000000 0.191761 -0.382080 0.904015
-0.68570399 -0.53551298 -6.52833891 88 124 50 0.000000 0.126894 0.339747 -0.931917
-0.98423398 -0.52201998 -6.49460697 80 118 58 0.000000 0.064381 -0.447929 0.891748
-0.68739003 -0.60297698 -6.59496117 77 118 62 0.000000 0.387056 -0.693407 0.607761
-0.68317401 -0.49925101 -6.48870420 88 129 72 0.000000 0.157038 -0.482854 0.861505
-0.88050699 -0.77163798 -6.70121717 79 109 48 0.000000 0.191176 0.199087 -0.961154
-0.71690601 -0.65441900 -6.64049911 89 130 77 0.000000 0.085828 -0.769543 0.632800
-0.92182899 -0.42335299 -6.44400883 64 92 63 0.000000 0.403981 0.413561 -0.815945
-1.08627403 -0.69658399 -6.61520004 71 107 58 0.000000 0.371596 -0.008939 0.928352
-0.96483803 -0.70754701 -6.64387178 77 119 62 0.000000 0.222243 -0.522655 0.823067
-0.68401700 -0.56249797 -6.53424311 79 119 52 0.000000 0.560237 -0.718888 0.411502
-0.71943599 -0.46636200 -6.46930790 80 123 61 0.000000 0.268347 -0.547680 0.792488
-0.91002297 -0.82814002 -6.71723986 70 106 63 0.000000 0.445866 -0.199973 0.872476
-0.81135601 -0.80199701 -6.72735977 87 127 81 0.000000 0.150634 -0.806860 0.571215
-0.83665502 -0.61646998 -6.58399820 72 112 60 0.000000 0.078190 -0.340590 0.936955
-0.64100802 -0.58442402 -6.55785513 78 120 41 0.000000 -0.528346 -0.813436 0.243256
-0.96399403 -0.45202500 -6.43557596 73 114 58 0.000000 0.166788 -0.310144 0.935945
-0.92267197 -0.87620801 -6.73326302 72 111 58 0.000000 0.125757 -0.237253 0.963274
-0.86026800 -0.37106800 -6.38750696 76 115 54 0.000000 0.244407 -0.641765 0.726913
-0.86364102 -0.47648099 -6.47183800 76 114 57 0.000000 0.189199 -0.821880 0.537325
-0.76834702 -0.71682298 -6.66073799 85 126 71 0.000000 0.046811 -0.292252 0.955195
-1.18578398 -0.65357500 -6.58821392 74 107 64 0.000000 0.230035 0.238299 0.943556
-0.82906502 -0.76236200 -6.68266392 73 115 49 0.000000 0.127551 -0.465777 0.875661
-0.73714501 -0.44021901 -6.45328522 77 114 52 0.000000 0.023815 -0.671016 0.741060
-1.15036500 -0.59623098 -6.55195189 75 117 43 0.000000 0.395438 -0.909648 -0.127155
-1.17482102 -0.66200799 -6.60761023 90 110 73 0.000000 0.815522 0.166709 -0.554195
-0.95303100 -0.74549598 -6.68013477 90 122 55 0.000000 -0.172924 0.711589 -0.680983
-0.97158402 -0.54731899 -6.51737595 75 109 56 0.000000 0.038268 -0.673238 0.738435
-0.71353298 -0.64261198 -6.62953615 85 128 72 0.000000 0.165187 -0.610739 0.774410
-0.99098003 -0.66453803 -6.60929680 76 116 62 0.000000 -0.072167 -0.539133 0.839123
-0.84087199 -0.73537600 -6.67929077 92 125 59 0.000000 -0.031818 0.554739 -0.831416
-0.86954403 -0.53382599 -6.51568985 79 118 60 0.000000 0.015233 -0.619033 0.785217
-0.90749300 -0.76320499 -6.68941116 84 111 65 0.000000 0.292252 -0.046811 0.955195
-0.96062100 -0.56924498 -6.53677320 76 116 55 0.000000 0.095313 -0.711181 0.696518
-1.05844498 -0.49840701 -6.45328522 78 118 65 0.000000 -0.086228 -0.711743 0.697128
-0.70341301 -0.46551800 -6.46846485 78 121 56 0.000000 -0.015345 -0.665410 0.746320
-0.75485498 -0.79609400 -6.70374680 86 121 52 0.000000 -0.377918 -0.924241 0.054367
-1.10229599 -0.56165498 -6.50556993 75 115 46 0.000000 -0.152067 -0.627839 0.763344
-1.21951604 -0.51696002 -6.42883015 60 64 54 0.000000 0.489965 -0.119258 0.863546
-0.80798298 -0.65947902 -6.61857319 82 116 74 0.000000 0.349950 -0.340781 0.872584
-0.61317903 -0.51105702 -6.51231718 130 168 120 0.000000 0.298974 -0.474289 0.828049
-1.11663306 -0.45624200 -6.40774679 80 120 58 0.000000 0.206314 -0.699607 0.684094
-1.08627403 -0.77248198 -6.69278383 51 61 39 0.000000 0.094659 0.782029 -0.616012
-1.20518005 -0.57936502 -6.54520607 65 98 39 0.000000 0.316742 -0.933630 -0.167362
-0.86532801 -1.00354695 -6.75771904 65 56 47 0.000000 0.948717 0.118092 -0.293240
-1.20096302 -0.60803699 -6.58062506 81 88 78 0.000000 0.818008 0.286224 0.498938
-0.66462100 -0.53972900 -6.52918291 89 126 49 0.000000 0.141804 0.498507 -0.855209
-0.96736801 -0.42841300 -6.42208290 77 116 63 0.000000 0.086335 -0.499612 0.861936
-1.04410803 -0.53719902 -6.48786116 72 114 57 0.000000 0.104310 -0.759556 0.642023
-0.87376100 -0.64345598 -6.59833384 84 106 63 0.000000 -0.307198 -0.725374 0.616005
-0.98507702 -0.75730199 -6.68097782 85 118 49 0.000000 -0.110885 0.428099 -0.896903
-0.72112203 -0.62490302 -6.60845423 80 121 63 0.000000 0.198558 -0.604908 0.771143
-0.83665502 -0.81633300 -6.72820282 91 131 85 0.000000 0.414110 -0.499223 0.761111
-1.07615399 -0.45202500 -6.41449404 80 123 62 0.000000 -0.532697 -0.427147 0.730602
-1.07193696 -0.74212199 -6.65230608 78 111 71 0.000000 -0.253153 0.895658 -0.365665
-1.11157298 -0.49925101 -6.44147921 83 121 60 0.000000 0.318903 -0.349131 0.881140
-0.92435902 -0.48491400 -6.47183800 157 125 114 0.000000 0.357112 -0.262277 0.896483
-0.84930497 -0.58105099 -6.55363894 74 114 54 0.000000 0.157155 -0.492029 0.856277
-1.01374900 -0.76067501 -6.68182087 91 123 56 0.000000 -0.140982 0.562444 -0.814728
-1.20686603 -0.58020800 -6.50556993 88 124 72 0.000000 0.405534 -0.840818 0.358561
-1.01290596 -0.77585500 -6.67254496 76 115 55 0.000000 -0.117869 -0.244805 0.962381
-0.91423899 -0.66791201 -6.62616301 97 113 71 0.000000 0.340240 -0.695131 0.633269
-0.97242701 -0.78260100 -6.68013477 82 118 63 0.000000 0.101998 -0.363114 0.926145
-0.62835902 -0.58695400 -6.57387781 95 132 59 0.000000 0.291218 0.956146 -0.031247
-0.96315098 -0.39805400 -6.34534216 84 116 56 0.000000 -0.229619 -0.965941 -0.119300
-0.71690601 -0.49081701 -6.48617506 81 120 64 0.000000 -0.125666 -0.586932 0.799824
-0.83159500 -0.82729602 -6.74085188 98 138 94 0.000000 0.444317 -0.703919 0.554149
-1.14699197 -0.46467501 -6.41365004 82 122 57 0.000000 -0.110109 -0.597526 0.794254
-0.92351598 -0.85006601 -6.72651577 78 117 63 0.000000 0.150327 -0.293883 0.943946
-0.66715097 -0.48913100 -6.49713802 94 128 54 0.000000 -0.215590 0.618853 -0.755342
-0.69413698 -0.42335299 -6.44400883 89 118 53 0.000000 0.943254 0.331955 -0.008769
-0.85520798 -0.88970101 -6.75518894 112 143 100 0.000000 0.553205 -0.127663 0.823205
-0.91339600 -0.53551298 -6.51568985 90 109 72 0.000000 0.237858 -0.691522 0.682071
-0.73377198 -0.36685199 -6.39931393 93 136 73 0.000000 0.198034 -0.521539 0.829927
-0.92604601 -0.39299399 -6.35208893 49 58 45 0.000000 -0.160075 0.859118 -0.486099
-0.94965798 -0.48913100 -6.46846485 79 116 59 0.000000 0.001362 -0.815569 0.578659
-1.00700295 -0.60213399 -6.55363894 80 119 63 0.000000 0.031818 -0.554739 0.831416
-1.06434798 -0.61394000 -6.55448198 74 102 48 0.000000 -0.040258 -0.545571 0.837097
-1.14614797 -0.70080101 -6.61351299 78 98 63 0.000000 -0.253246 0.586714 -0.769177
-1.00447297 -0.57852101 -6.53592920 76 117 64 0.000000 0.118220 -0.544394 0.830457
-0.81725901 -0.58948398 -6.56713200 78 119 52 0.000000 0.213421 -0.658956 0.721269
-0.85689503 -0.41660699 -6.43051577 114 114 82 0.000000 0.204877 -0.902331 0.379241
-1.06350398 -0.44696599 -6.40437412 89 124 73 0.000000 0.253871 -0.404090 0.878784
-0.62498599 -0.56671500 -6.53340006 94 125 59 0.000000 0.570818 0.245530 -0.783506
-1.17735100 -0.52792299 -6.45497179 79 118 64 0.000000 0.086230 -0.700075 0.708844
-0.64859802 -0.57093102 -6.55363894 84 120 50 0.000000 0.158413 -0.221255 -0.962264
-0.86701399 -0.60044700 -6.56966209 71 111 50 0.000000 0.117869 -0.244805 0.962381
-1.01627898 -0.67887503 -6.61604404 75 110 54 0.000000 0.038225 -0.658324 0.751763
-0.68064398 -0.52539301 -6.50641298 82 125 63 0.000000 0.395494 -0.405024 0.824342
-1.18241000 -0.59960401 -6.59580421 69 105 21 0.000000 -0.334572 -0.928748 0.159650
-0.64100802 -0.45202500 -6.45665884 87 129 60 0.000000 -0.008848 -0.936656 0.350140
-0.94375497 -0.87030500 -6.73157597 75 112 60 0.000000 0.142206 -0.387195 0.910965
-1.18241000 -0.53719902 -6.47605515 81 120 63 0.000000 -0.283753 -0.884290 -0.370831
-0.93785203 -0.58189398 -6.54267597 76 112 59 0.000000 -0.213421 -0.721269 0.658956
-0.89315701 -0.46383199 -6.46003199 80 119 56 0.000000 -0.040635 -0.587103 0.808492
-1.16048396 -0.69068098 -6.60845423 79 104 62 0.000000 0.286737 0.395970 -0.872347
-0.90074599 -0.70670402 -6.65567923 74 110 57 0.000000 -0.531637 -0.514867 0.672513
-0.94712800 -0.81886297 -6.70627689 77 118 71 0.000000 0.325827 -0.721359 0.611129
-0.72955501 -0.55912501 -6.54098892 90 121 60 0.000000 0.303476 0.913331 -0.271531
-1.04242206 -0.78260100 -6.68013477 72 112 44 0.000000 -0.157092 -0.299157 0.941184
-0.81135601 -0.83235598 -6.75518894 87 113 78 0.000000 0.339046 -0.452587 -0.824750
-0.81051302 -0.73453301 -6.67760515 89 122 56 0.000000 0.023750 0.766973 -0.641240
-1.20771003 -0.59707397 -6.51653290 106 126 86 0.000000 -0.015102 0.015102 0.999772
-0.94544202 -0.86693197 -6.76446486 51 66 45 0.000000 0.521863 0.669528 0.528575
-0.78099698 -0.79440701 -6.73747921 82 119 49 0.000000 0.776880 -0.602883 -0.181628
-0.84255803 -0.38793400 -6.40858984 75 116 51 0.000000 0.134933 -0.799219 0.585698
-1.22626197 -0.54057300 -6.44906902 45 57 34 0.000000 0.531262 -0.618963 0.578486
-0.79448998 -0.77332503 -6.69278383 68 109 47 0.000000 -0.350704 -0.531712 0.770902
-0.74473500 -0.61141002 -6.58737087 73 114 53 0.000000 0.135179 -0.791765 0.595680
-0.60727602 -0.55828202 -6.51990700 83 88 73 0.000000 0.326524 -0.245256 0.912815
-1.04748201 -0.45371199 -6.41871023 80 121 68 0.000000 0.243882 -0.539026 0.806209
-0.82316202 -0.38709101 -6.41027689 73 116 52 0.000000 0.064127 -0.585689 0.807995
-0.75738400 -0.79778099 -6.74000883 81 91 49 0.000000 0.995797 -0.031561 0.085976
-0.85014802 -0.50262398 -6.49629402 78 119 54 0.000000 0.116859 -0.773639 0.622757
-1.00700295 -0.69152403 -6.62700701 72 113 51 0.000000 0.189081 -0.631806 0.751711
-1.12084901 -0.48154101 -6.43051577 80 117 62 0.000000 -0.222963 -0.753083 0.618994
-1.20096302 -0.52623600 -6.43557596 100 132 80 0.000000 0.992314 -0.032370 -0.119435
-0.87207401 -0.68562102 -6.63459587 76 114 48 0.000000 0.213495 -0.665420 0.715287
-1.16554403 -0.64008301 -6.58905697 74 106 62 0.000000 -0.555026 0.799300 0.230359
-0.89737302 -0.63333601 -6.58990097 96 109 78 0.000000 -0.539502 -0.603769 0.586857
-0.94628501 -0.36600801 -6.39594078 72 90 43 0.000000 0.262277 0.357112 -0.896483
-1.16385806 -0.64092600 -6.61098289 75 111 29 0.000000 -0.634566 -0.510009 0.580704
-1.21445596 -0.56165498 -6.47436810 103 133 82 0.000000 0.268774 -0.119309 0.955786
-0.75569803 -0.34745601 -6.39088106 94 123 67 0.000000 0.274876 0.827733 -0.489185
-0.96821100 -0.84669203 -6.71723986 72 111 60 0.000000 0.118916 -0.221209 0.967949
-0.66546398 -0.51527297 -6.50135422 92 130 72 0.000000 0.119546 -0.609538 0.783691
-0.67389703 -0.66032201 -6.67254496 64 67 54 0.000000 0.854296 0.173228 -0.490073
-1.09048998 -0.44696599 -6.39341116 82 121 64 0.000000 0.691776 -0.659675 -0.293724
-0.97917402 -0.82476598 -6.70711994 77 116 70 0.000000 0.470298 -0.399188 0.787063
-0.67221099 -0.52455002 -6.52412319 92 126 52 0.000000 -0.254323 0.324080 -0.911203
-0.62498599 -0.58864099 -6.54098892 88 124 47 0.000000 -0.785251 -0.461436 0.412864
-0.89737302 -0.66285199 -6.62363291 66 106 52 0.000000 -0.246401 -0.260481 0.933508
-0.68148702 -0.63502300 -6.64808893 113 154 106 0.000000 0.548846 -0.596132 0.585999
-1.12928200 -0.70164400 -6.63965607 83 109 62 0.000000 -0.284098 -0.956761 0.062425
-0.93785203 -0.53045303 -6.50135422 80 113 61 0.000000 -0.094781 -0.610975 0.785956
-1.11916304 -0.67212802 -6.60929680 74 115 44 0.000000 0.372823 0.294334 0.879983
-0.64691103 -0.59876102 -6.59243107 87 126 59 0.000000 0.238535 -0.965622 0.103323
-1.02639902 -0.73368901 -6.64977598 79 114 45 0.000000 0.142677 -0.967893 0.206947
-0.90327603 -0.55490899 -6.53424311 77 117 52 0.000000 0.102883 -0.552091 0.827412
-1.11072898 -0.53382599 -6.47858477 71 108 53 0.000000 0.317982 -0.595612 0.737654
-0.94038200 -0.38456100 -6.37738800 116 54 57 0.000000 0.888235 -0.006619 0.459341
-1.14446199 -0.62068701 -6.56460190 85 117 74 0.000000 0.460083 0.650808 -0.603964
-1.13687205 -0.44696599 -6.39846992 84 122 57 0.000000 0.039290 -0.459289 0.887417
-0.96230799 -0.40901700 -6.40353107 78 102 58 0.000000 0.324331 -0.750317 0.576050
-0.70762998 -0.66706800 -6.65483522 99 139 89 0.000000 0.222705 -0.627623 0.745984
-0.92520201 -0.79946703 -6.70374680 78 118 69 0.000000 0.095828 -0.516328 0.851012
-1.11663306 -0.60382003 -6.55616903 73 117 44 0.000000 0.166262 -0.860738 0.481131
-0.96399403 -0.50599700 -6.48364401 79 119 57 0.000000 0.001369 -0.609379 0.792878
-0.79448998 -0.75055599 -6.68772411 87 120 51 0.000000 0.222695 0.278718 -0.934197
-1.13940203 -0.43178600 -6.38919401 83 125 57 0.000000 -0.006742 -0.516466 0.856281
-0.98676401 -0.40226999 -6.38919401 67 101 53 0.000000 0.221150 -0.880149 0.420037
-1.00025594 -0.55069202 -6.51231718 97 115 71 0.000000 0.253725 -0.341722 0.904903
-0.75485498 -0.56334198 -6.54183197 76 115 51 0.000000 0.001367 -0.600218 0.799835
-1.08205700 -0.46467501 -6.41618013 83 121 67 0.000000 0.127766 -0.547779 0.826809
-0.93616498 -0.44274899 -6.43051577 92 114 68 0.000000 0.308121 -0.672704 0.672704
-1.06013095 -0.76742202 -6.68603802 79 117 38 0.000000 -0.429674 -0.572346 0.698427
-1.10145295 -0.45792899 -6.41365004 85 125 66 0.000000 -0.206126 -0.633875 0.745462
-1.20433605 -0.59285700 -6.48954821 117 141 104 0.000000 0.214662 -0.880853 -0.421921
-1.19421697 -0.58864099 -6.54689217 66 96 30 0.000000 -0.118220 -0.544394 0.830457
-0.84761798 -0.69574100 -6.63965607 74 113 59 0.000000 -0.047042 -0.736989 0.674266
-0.68739003 -0.62237298 -6.62363291 103 144 95 0.000000 0.238437 -0.189942 0.952402
-1.14867795 -0.42756999 -6.37907505 96 125 67 0.000000 -0.221986 -0.906804 0.358369
-0.79364699 -0.60213399 -6.57809401 73 114 48 0.000000 0.023819 -0.673945 0.738397
-1.06097400 -0.45792899 -6.42123985 83 121 68 0.000000 0.204877 -0.379241 0.902331
-1.02049601 -0.70501697 -6.63206577 69 108 51 0.000000 0.110943 -0.690808 0.714476
-0.90327603 -0.64429897 -6.61520004 117 126 83 0.000000 0.492577 0.395037 -0.775444
-0.73377198 -0.58864099 -6.56038523 74 113 50 0.000000 0.419526 -0.688156 0.591980
-1.02892900 -0.84500599 -6.70037413 103 108 104 0.000000 0.485559 -0.660293 0.572926
-0.92688900 -0.47057801 -6.45750189 170 133 126 0.000000 0.212802 -0.625979 0.750243
-0.84508801 -0.37191099 -6.39341116 79 116 59 0.000000 0.311672 -0.660486 0.683095
-1.04916799 -0.69574100 -6.62700701 72 110 51 0.000000 0.001360 -0.572458 0.819933
-0.62245601 -0.57599097 -6.54604912 97 130 61 0.000000 -0.064531 0.638144 -0.767207
-1.03989196 -0.72947299 -6.66242504 92 125 71 0.000000 0.046790 0.622453 -0.781257
-0.63004500 -0.47395101 -6.47689819 91 133 75 0.000000 0.088025 -0.584429 0.806656
-1.18241000 -0.57852101 -6.51400280 78 116 65 0.000000 0.308519 -0.864161 0.397545
-1.09723699 -0.67128497 -6.61773014 87 120 59 0.000000 0.386836 0.844149 -0.371175
-0.63510501 -0.49840701 -6.49545002 94 135 80 0.000000 0.270364 -0.523538 0.807967
-0.84508801 -0.55996901 -6.54098892 75 117 53 0.000000 0.149736 -0.676080 0.721454
-0.74389201 -0.62068701 -6.59833384 73 114 54 0.000000 0.031985 -0.568774 0.821872
-0.94544202 -0.39805400 -6.40606022 99 87 60 0.000000 0.064704 0.665734 -0.743379
-0.84424502 -0.34829900 -6.37738800 97 137 84 0.000000 0.229593 -0.626303 0.745004
-0.84508801 -0.65526199 -6.61857319 94 118 62 0.000000 0.159347 0.952065 -0.261115
-0.96399403 -0.62743300 -6.58484077 88 117 71 0.000000 0.159681 -0.698034 0.698034
-1.11663306 -0.58020800 -6.52412319 71 106 44 0.000000 0.458206 -0.507831 0.729490
-0.96568102 -0.87958097 -6.75940514 45 46 39 0.000000 0.292596 -0.737085 -0.609174
-0.76750398 -0.78766102 -6.71723986 91 127 57 0.000000 -0.047748 0.986409 -0.157220
-0.71268898 -0.73790598 -6.68435097 80 84 64 0.000000 -0.038490 -0.269430 -0.962250
-0.84255803 -0.70501697 -6.65146208 74 112 57 0.000000 0.239836 -0.619184 0.747723
-0.75991398 -0.51949000 -6.50725698 76 118 50 0.000000 0.023415 -0.560573 0.827774
-0.70003998 -0.52455002 -6.50894403 84 127 61 0.000000 0.046677 -0.404087 0.913529
-0.70172602 -0.37022501 -6.42123985 85 120 59 0.000000 0.809072 -0.525351 -0.263455
-0.86364102 -0.74296600 -6.68266392 90 120 56 0.000000 -0.038490 0.269430 -0.962250
-0.97242701 -0.88548398 -6.74253893 68 78 57 0.000000 -0.126643 -0.660031 0.740487
-0.75063801 -0.76236200 -6.67507505 83 125 62 0.000000 -0.254971 -0.420928 0.870522
-0.94965798 -0.45371199 -6.43894911 75 114 60 0.000000 0.047847 -0.474372 0.879023
-1.00869000 -0.39636701 -6.36642504 64 105 48 0.000000 0.032419 -0.998725 -0.038694
-0.90074599 -0.39721099 -6.40184402 65 104 47 0.000000 0.102877 -0.821567 0.560752
-1.15458095 -0.45792899 -6.39341116 87 129 63 0.000000 0.103811 -0.402788 0.909387
-1.16385806 -0.56755799 -6.50641298 72 109 53 0.000000 0.204753 -0.783605 0.586549
-0.93194902 -0.57008803 -6.53508615 74 113 53 0.000000 0.254430 -0.643187 0.722202
-0.77930999 -0.42251000 -6.44232178 78 118 55 0.000000 0.072267 -0.421332 0.904023
-0.98170400 -0.64176899 -6.59327412 95 119 76 0.000000 0.333548 -0.704518 0.626419
-0.87291700 -0.51611698 -6.50219679 99 103 68 0.000000 0.267489 -0.403501 0.875007
-1.04073501 -0.62153000 -6.56375790 68 108 50 0.000000 0.388552 -0.663018 0.639871
-0.86701399 -0.71682298 -6.66326904 84 118 51 0.000000 0.031764 0.539996 -0.841068
-1.14024496 -0.55996901 -6.49713802 70 108 49 0.000000 0.268426 -0.830102 0.488752
-0.62498599 -0.51527297 -6.52496576 94 121 50 0.000000 0.733483 -0.639648 -0.229898
-1.20433605 -0.56587201 -6.48364401 88 123 72 0.000000 0.309091 -0.767121 -0.562128
-1.01121902 -0.49756399 -6.46677780 80 118 60 0.000000 0.152221 -0.619435 0.770149
-0.75654101 -0.36179200 -6.39509678 84 125 67 0.000000 0.117416 -0.670310 0.732733
-1.12590897 -0.64598602 -6.57472086 78 113 70 0.000000 0.239048 0.595275 -0.767140
-1.03398895 -0.67297101 -6.60845423 72 109 50 0.000000 -0.054297 -0.513737 0.856228
-0.62329900 -0.53045303 -6.52833891 97 120 56 0.000000 0.236391 0.435141 -0.868776
-0.72027898 -0.52455002 -6.50894403 84 125 57 0.000000 -0.047952 -0.480891 0.875468
-0.84171498 -0.41660699 -6.43220282 118 117 84 0.000000 0.142836 -0.642011 0.753273
-0.86617100 -0.34492600 -6.35714912 109 138 98 0.000000 0.118463 -0.874912 0.469569
-0.75401098 -0.59454399 -6.57472086 91 125 59 0.000000 0.109284 0.814530 -0.569734
-1.15542495 -0.65188903 -6.61266994 77 117 34 0.000000 -0.427054 -0.379427 0.820768
-0.85858101 -0.90066397 -6.76615191 62 66 66 0.000000 0.047586 -0.228168 -0.972458
-0.69244999 -0.70923400 -6.68182087 123 158 110 0.000000 0.626779 0.110608 0.771307
-1.07278097 -0.49925101 -6.45159912 76 114 66 0.000000 0.046978 -0.656264 0.753067
-0.92520201 -0.54984897 -6.52075005 113 119 87 0.000000 0.660506 -0.603653 0.446469
-1.14699197 -0.62911999 -6.57472086 88 121 81 0.000000 0.230775 0.664068 -0.711165
-0.90243298 -0.48238400 -6.47352505 78 117 54 0.000000 0.307692 -0.610551 0.729762
-1.03145897 -0.71935302 -6.65567923 98 129 72 0.000000 0.369984 -0.688993 -0.623218
-0.73545903 -0.77838498 -6.67085791 81 120 59 0.000000 -0.402690 -0.460910 0.790824
-0.94038200 -0.42419600 -6.42798615 71 101 42 0.000000 0.901708 0.110442 0.418001
-1.18831396 -0.46973500 -6.42039585 82 121 60 0.000000 0.031658 -0.315309 0.948461
-1.15711105 -0.55828202 -6.48701811 77 114 61 0.000000 0.236223 -0.599161 0.764987
-1.19758999 -0.58948398 -6.56038523 70 100 32 0.000000 -0.387195 -0.910965 -0.142206
-1.00025594 -0.47648099 -6.45412922 84 122 63 0.000000 0.038078 -0.624758 0.779890
-0.85352099 -0.87367803 -6.76277781 114 141 106 0.000000 -0.064869 -0.673191 0.736618
-1.00700295 -0.44021901 -6.42545700 86 120 69 0.000000 0.239048 -0.767140 0.595275
-0.90158999 -0.78007102 -6.70543385 80 110 64 0.000000 0.151583 -0.592826 0.790936
-0.80039299 -0.47985500 -6.48027086 81 121 54 0.000000 -0.188063 -0.607000 0.772129
-1.02724195 -0.51864702 -6.48027086 77 116 58 0.000000 0.206465 -0.402679 0.891752
-0.73798800 -0.62911999 -6.60676718 73 115 59 0.000000 -0.040752 -0.805199 0.591603
-1.15879798 -0.60466403 -6.56881809 62 103 27 0.000000 0.840533 -0.532001 0.102363
-0.85520798 -0.61646998 -6.57893801 71 110 49 0.000000 0.380320 -0.600938 0.703015
-0.76075798 -0.77838498 -6.68772411 71 111 45 0.000000 -0.405534 -0.358561 0.840818
-1.00700295 -0.72778600 -6.64977598 72 112 51 0.000000 -0.141784 -0.380431 0.913876
-0.84593201 -0.77922797 -6.69953108 78 118 60 0.000000 0.198285 -0.767011 0.610227
-0.81472898 -0.61141002 -6.58399820 74 116 57 0.000000 0.006736 -0.513295 0.858186
-0.84846199 -0.86608797 -6.75181484 104 141 101 0.000000 0.357330 -0.095738 0.929058
-0.70425600 -0.72610003 -6.67929077 114 155 98 0.000000 0.260551 0.080072 0.962134
-0.74220502 -0.64429897 -6.62700701 82 122 71 0.000000 0.182346 -0.427419 0.885473
-1.12506604 -0.73959303 -6.67001486 82 110 56 0.000000 0.102363 0.532001 -0.840533
-0.96483803 -0.75730199 -6.67170095 77 114 64 0.000000 0.333350 -0.555583 0.761712
-1.12843895 -0.67550099 -6.62278986 90 121 55 0.000000 0.237193 0.553450 -0.798394
-0.61823899 -0.58864099 -6.58231115 97 132 58 0.000000 0.602049 0.524474 0.602049
-0.68823302 -0.57008803 -6.54520607 83 120 55 0.000000 0.001381 -0.694569 0.719425
-1.15205097 -0.43768901 -6.39425421 102 137 70 0.000000 -0.665410 -0.015345 0.746320
-1.08880401 -0.48491400 -6.43135881 75 115 63 0.000000 0.134933 -0.585698 0.799219
-0.71437597 -0.44612199 -6.45750189 81 123 52 0.000000 -0.213996 -0.561933 0.799022
-0.97327101 -0.40480000 -6.34028196 84 108 79 0.000000 -0.007159 0.999179 0.039885
-0.75232500 -0.71007699 -6.66158199 92 131 76 0.000000 0.500554 -0.056850 0.863837
-1.14614797 -0.48154101 -6.41871023 87 124 61 0.000000 0.104599 -0.729246 0.676210
-1.12675202 -0.65694898 -6.61773014 76 116 48 0.000000 -0.325920 -0.692377 0.643732
-1.00363004 -0.52455002 -6.49292088 79 117 61 0.000000 0.149563 -0.657172 0.738752
-1.07278097 -0.69152403 -6.63206577 75 115 45 0.000000 0.032039 -0.586461 0.809344
-0.90327603 -0.79693699 -6.70965099 86 111 67 0.000000 0.221255 -0.158413 0.962264
-0.91676903 -0.60635000 -6.57809401 155 141 115 0.000000 0.516025 -0.489305 0.703063
-0.62582898 -0.42841300 -6.44400883 94 124 57 0.000000 -0.095305 0.749242 -0.655403
-0.95218801 -0.46804801 -6.44906902 79 119 58 0.000000 0.023219 -0.520370 0.853625
-0.78605700 -0.69574100 -6.65230608 80 121 71 0.000000 0.015093 -0.569430 0.821901
-0.86195397 -0.97740501 -6.78892088 52 49 44 0.000000 0.120441 0.688449 -0.715214
-1.13012600 -0.71935302 -6.65061903 87 107 66 0.000000 0.458923 0.695895 -0.552377
-0.69244999 -0.36094800 -6.40774679 116 155 106 0.000000 0.380472 -0.117601 0.917284
-0.92688900 -0.49925101 -6.47942781 139 122 99 0.000000 0.333037 -0.719684 0.609214
-1.09892297 -0.64598602 -6.57472086 70 101 54 0.000000 -0.443546 0.896251 0.001308
-0.74136198 -0.74802601 -6.68519402 86 118 51 0.000000 0.587103 -0.040635 -0.808492
-0.68992001 -0.50009400 -6.50135422 91 121 54 0.000000 -0.054993 0.562616 -0.824888
-1.18831396 -0.61056697 -6.58146811 94 113 90 0.000000 0.246383 0.810430 -0.531506
-1.12253594 -0.61309701 -6.54942179 83 117 57 0.000000 0.189081 0.631806 -0.751711
-1.10061002 -0.65357500 -6.59917688 77 114 43 0.000000 -0.269072 -0.309796 0.911936
-0.84761798 -0.67044199 -6.62025976 67 107 60 0.000000 -0.365690 -0.752509 0.547723
-1.09133303 -0.62996298 -6.57387781 67 106 44 0.000000 -0.251531 -0.647020 0.719790
-0.69244999 -0.63839602 -6.64218616 102 144 96 0.000000 0.404600 -0.586257 0.701856
-1.05001199 -0.59370100 -6.53508615 81 114 61 0.000000 0.373353 -0.745076 0.552693
-0.93785203 -0.40901700 -6.41786718 74 96 50 0.000000 -0.465381 0.702241 -0.538774
-0.78437001 -0.64092600 -6.61773014 82 125 64 0.000000 0.750034 0.607922 0.260538
-0.75148100 -0.73200297 -6.66748524 90 130 76 0.000000 -0.040615 -0.254768 0.966149
-0.82569200 -0.45961499 -6.46593523 77 119 57 0.000000 0.014851 -0.500875 0.865392
-1.04242206 -0.56165498 -6.51063013 76 117 55 0.000000 0.079799 -0.663055 0.744305
-0.97495699 -0.87367803 -6.73495007 75 101 49 0.000000 0.109515 -0.339362 0.934259
-0.77256399 -0.38793400 -6.41449404 82 121 61 0.000000 0.087461 -0.546272 0.833029
-1.00109994 -0.42504001 -6.40521717 72 110 58 0.000000 0.175680 -0.633977 0.753134
-0.69919598 -0.62153000 -6.61435699 81 122 67 0.000000 0.467437 -0.776891 0.421834
-0.74810803 -0.53129601 -6.51568985 76 118 49 0.000000 0.023378 -0.545951 0.837491
-0.74304801 -0.51527297 -6.49966717 79 120 54 0.000000 -0.024247 -0.345840 0.937980
-1.05001199 -0.72188300 -6.64808893 70 106 38 0.000000 0.086151 -0.673146 0.734474
-1.20518005 -0.52539301 -6.41533709 115 138 103 0.000000 0.285214 -0.524731 0.802066
-1.20349300 -0.55069202 -6.43979311 95 123 83 0.000000 0.666270 -0.508513 0.545435
-1.08796000 -0.44612199 -6.40774679 80 119 64 0.000000 0.055148 -0.971823 0.229169
-0.76666099 -0.45455500 -6.46003199 87 116 66 0.000000 0.006888 -0.610295 0.792144
-0.86617100 -0.43853301 -6.44147921 80 121 64 0.000000 0.070775 -0.651417 0.755412
-0.81388599 -0.49081701 -6.48870420 74 113 46 0.000000 0.023888 -0.695574 0.718057
-0.69582301 -0.44021901 -6.46087503 91 124 55 0.000000 0.104194 0.767517 -0.632504
-0.71859199 -0.40480000 -6.42798615 84 127 71 0.000000 0.079070 -0.593742 0.800761
-1.17397702 -0.58779800 -6.53171301 69 107 43 0.000000 0.633977 -0.753134 0.175680
-0.81219900 -0.74718201 -6.67507505 71 112 52 0.000000 0.015177 -0.586380 0.809894
-0.79448998 -0.73790598 -6.68182087 86 121 53 0.000000 -0.128698 0.493103 -0.860399
-0.81135601 -0.47057801 -6.47605515 80 121 56 0.000000 0.070128 -0.599667 0.797171
-0.89821601 -0.57346100 -6.55110884 68 109 48 0.000000 -0.156192 -0.732435 0.662679
-0.89737302 -0.52033299 -6.49882412 100 116 76 0.000000 0.119515 -0.315572 0.941345
-1.10061002 -0.42419600 -6.38497782 82 123 60 0.000000 0.554149 0.444317 0.703919
-1.16554403 -0.46467501 -6.39762688 89 131 63 0.000000 -0.079533 -0.467431 0.880445
-0.95218801 -0.73284602 -6.65905190 78 117 64 0.000000 -0.071283 -0.388693 0.918606
-0.79280299 -0.66116500 -6.62363291 84 119 71 0.000000 0.466539 -0.301144 0.831657
-1.17650700 -0.55828202 -6.47942781 82 121 67 0.000000 0.135796 -0.625257 0.768514
-0.82569200 -0.74971199 -6.67844820 73 114 50 0.000000 -0.063734 -0.421729 0.904479
-1.11663306 -0.55912501 -6.49123383 66 102 42 0.000000 -0.302371 0.763128 -0.571146
-1.16048396 -0.51949000 -6.44485188 74 115 62 0.000000 0.095565 -0.245920 0.964568
-0.95050102 -0.56165498 -6.52749586 76 115 56 0.000000 -0.095462 -0.726984 0.679987
-0.95809102 -0.52033299 -6.49292088 77 114 55 0.000000 -0.070365 -0.607436 0.791246
-1.14108801 -0.68815100 -6.62025976 90 127 70 0.000000 -0.235753 -0.969208 0.071100
-1.10651302 -0.63333601 -6.59243107 89 124 67 0.000000 -0.300767 0.197247 -0.933077
-0.68317401 -0.47479501 -6.48364401 93 124 56 0.000000 0.399382 0.667846 -0.628073
-0.94797200 -0.41576299 -6.41280699 63 98 50 0.000000 -0.165942 -0.689650 0.704874
-0.99688298 -0.80536997 -6.70458984 85 122 69 0.000000 -0.690783 -0.690783 0.213628
-1.12928200 -0.51105702 -6.44485188 80 119 61 0.000000 0.158766 -0.618430 0.769635
-0.78689998 -0.58358097 -6.55785513 70 112 46 0.000000 0.047082 -0.694817 0.717644
-1.00109994 -0.62321597 -6.57387781 79 119 61 0.000000 0.198067 -0.466127 0.862261
-0.88134998 -0.64851600 -6.60676718 73 111 52 0.000000 -0.190928 -0.578895 0.792734
-0.70425600 -0.38034400 -6.41280699 102 141 88 0.000000 0.047691 -0.459197 0.887054
-0.95471799 -0.88717097 -6.75434494 84 100 57 0.000000 -0.085776 0.212576 -0.973373
-0.79111701 -0.38877800 -6.41449404 85 126 66 0.000000 0.181433 -0.514311 0.838192
-0.68064398 -0.39974099 -6.42376995 90 132 70 0.000000 0.125867 -0.276908 0.952617
-0.81894600 -0.67297101 -6.62616301 82 115 74 0.000000 0.006898 -0.785005 0.619451
-0.81219900 -0.36263499 -6.39256811 79 118 58 0.000000 0.070376 -0.285344 0.955838
-0.79786301 -0.77501100 -6.70458984 88 121 54 0.000000 0.135678 0.188935 -0.972571
-0.92014199 -0.76067501 -6.68182087 73 112 63 0.000000 0.221654 -0.324616 0.919507
-0.66546398 -0.35420200 -6.42123985 57 57 52 0.000000 0.760970 -0.165560 0.627307
-0.90243298 -0.45539901 -6.45244217 86 117 63 0.000000 0.032297 -0.636114 0.770919
-1.09976602 -0.69995701 -6.61941719 93 125 73 0.000000 0.023837 0.752971 -0.657622
-0.74136198 -0.46298799 -6.46762180 80 115 60 0.000000 0.016449 -0.340376 0.940146
-0.98507702 -0.67465800 -6.61435699 78 119 68 0.000000 -0.032445 -0.709550 0.703908
-0.66377801 -0.60635000 -6.61857319 101 143 90 0.000000 0.459349 -0.887715 0.030982
-0.81388599 -0.52876598 -6.51737595 78 112 51 0.000000 -0.024879 -0.402000 0.915302
-0.64438200 -0.56165498 -6.54183197 88 124 49 0.000000 0.286741 0.316151 -0.904338
-1.18156695 -0.54225898 -6.45918798 81 120 62 0.000000 0.054644 -0.975099 -0.214935
-0.98760700 -0.68562102 -6.62363291 76 117 58 0.000000 0.389569 -0.483324 0.783986
-0.83159500 -0.76067501 -6.69447088 92 122 58 0.000000 0.038664 0.417307 -0.907943
-0.82737899 -0.44865200 -6.45834494 80 121 59 0.000000 -0.006755 -0.522804 0.852426
-0.81135601 -0.78428799 -6.71471024 84 117 49 0.000000 0.101513 0.902494 -0.418568
-1.20518005 -0.53972900 -6.42545700 117 143 107 0.000000 0.381263 -0.642041 0.665148
-0.73461503 -0.77669799 -6.68688107 94 124 57 0.000000 -0.055469 0.618690 -0.783674
-1.02724195 -0.62574601 -6.57134819 76 115 55 0.000000 0.111102 -0.674019 0.730311
-0.84846199 -0.59454399 -6.56628799 69 110 53 0.000000 0.135179 -0.595680 0.791765
-1.19758999 -0.58273798 -6.57809401 72 105 30 0.000000 0.119722 -0.775973 -0.619300
-0.85605103 -0.68730801 -6.63628292 75 115 53 0.000000 -0.189189 -0.426775 0.884348
-1.02724195 -0.80621397 -6.68350792 82 120 59 0.000000 0.198756 -0.476715 0.856294
-1.16891801 -0.48069799 -6.41786718 85 122 64 0.000000 -0.221499 -0.348898 0.910609
-0.88472402 -0.56334198 -6.54014587 72 113 53 0.000000 0.125599 -0.595485 0.793488
-0.64944100 -0.54816198 -6.52075005 88 129 70 0.000000 0.015093 -0.569430 0.821901
-1.04157805 -0.42588300 -6.39256811 71 113 57 0.000000 0.315198 -0.719298 0.619081
-0.78689998 -0.37022501 -6.40100098 79 121 60 0.000000 0.055949 -0.690042 0.721603
-0.94544202 -0.66538203 -6.61435699 78 118 73 0.000000 0.243882 -0.539026 0.806209
-1.11747599 -0.59117103 -6.53677320 66 104 36 0.000000 -0.165887 -0.677244 0.716814
-0.79702002 -0.81549001 -6.75265884 110 137 100 0.000000 0.332886 -0.804341 0.492161
-0.90496302 -0.60044700 -6.57472086 74 111 56 0.000000 -0.070305 -0.354177 0.932532
-1.05254102 -0.54563200 -6.49545002 77 117 56 0.000000 0.276411 -0.554401 0.785007
-0.61908197 -0.47648099 -6.48111391 95 136 77 0.000000 0.205372 -0.524841 0.826054
-1.05001199 -0.68562102 -6.62025976 76 112 45 0.000000 -0.176032 -0.816968 0.549159
-0.69666702 -0.73537600 -6.68013477 116 137 97 0.000000 0.592826 0.151583 0.790936
-0.77593702 -0.52539301 -6.50978708 76 118 47 0.000000 0.204753 -0.586549 0.783605
-1.20855296 -0.59117103 -6.47605515 117 134 107 0.000000 0.987116 0.054775 0.150340
-0.83159500 -0.94282901 -6.78133106 81 90 55 0.000000 0.658512 -0.744341 -0.110985
-0.85352099 -0.52370602 -6.51147413 100 110 70 0.000000 -0.070962 -0.713960 0.696582
-1.07784104 -0.51105702 -6.47605515 77 117 59 0.000000 -0.619451 -0.785005 -0.006898
-0.68148702 -0.38203099 -6.43051577 99 123 76 0.000000 0.284962 0.804507 0.521119
-0.89147002 -0.90319401 -6.74928617 85 122 71 0.000000 0.294287 -0.426793 0.855127
-0.78352702 -0.43262899 -6.44906902 79 120 58 0.000000 0.023622 -0.292169 0.956075
-0.96652400 -0.52708000 -6.49798107 84 112 60 0.000000 0.142625 -0.629050 0.764169
-0.74557799 -0.43515900 -6.46003199 86 121 55 0.000000 0.658391 0.006930 0.752644
-1.05928802 -0.67297101 -6.60929680 74 114 43 0.000000 -0.198237 -0.594710 0.779116
-0.67811400 -0.70332998 -6.69362688 84 118 85 0.000000 0.544570 -0.205930 0.813041
-0.80123597 -0.44274899 -6.45412922 93 117 72 0.000000 0.152330 -0.459892 0.874811
-1.14361799 -0.54731899 -6.49545002 74 107 57 0.000000 0.596579 -0.801521 0.040708
-1.05169797 -0.60382003 -6.54942179 73 109 50 0.000000 0.006898 -0.619451 0.785005
-0.93279201 -0.60044700 -6.56291485 79 117 58 0.000000 0.166683 -0.809391 0.563120
-1.08880401 -0.74718201 -6.69531393 81 108 39 0.000000 -0.086228 -0.697128 -0.711743
-0.96821100 -0.76236200 -6.68182087 85 116 50 0.000000 -0.014820 0.165305 -0.986131
-0.73798800 -0.52792299 -6.51063013 78 122 52 0.000000 -0.189760 -0.689615 0.698872
-1.07446694 -0.59791702 -6.54014587 65 102 44 0.000000 -0.206720 -0.707202 0.676116
-1.13940203 -0.50768399 -6.43979311 82 120 60 0.000000 0.205047 -0.608974 0.766228
-0.97917402 -0.50515401 -6.48027086 79 116 55 0.000000 0.064428 -0.777427 0.625664
-1.20180595 -0.58526802 -6.52496576 74 109 61 0.000000 0.235855 -0.971239 0.032657
-0.99435300 -0.58273798 -6.54014587 76 119 56 0.000000 0.077566 -0.506294 0.858866
-1.03314495 -0.49166101 -6.45497179 79 119 63 0.000000 0.363108 -0.750640 0.551989
-1.04410803 -0.51190001 -6.46762180 79 118 59 0.000000 0.144048 -0.484526 0.862835
-1.19674695 -0.53213900 -6.45159912 83 121 69 0.000000 0.497198 -0.608435 0.618548
-0.89568698 -0.76067501 -6.69278383 68 105 58 0.000000 -0.338406 -0.317350 0.885873
-1.08627403 -0.40733001 -6.34365606 48 60 40 0.000000 0.406019 -0.913864 0.001289
-0.96989697 -0.38877800 -6.36726809 46 73 25 0.000000 0.371222 -0.110956 0.921891
-1.06266105 -0.69405401 -6.60423708 73 108 57 0.000000 0.237076 0.317538 -0.918131
-0.91423899 -0.55069202 -6.52833891 96 111 80 0.000000 0.381014 -0.681207 0.625127
-1.14614797 -0.64514202 -6.61435699 80 116 47 0.000000 -0.561864 -0.792213 -0.238131
-0.96568102 -0.85765499 -6.75097179 56 69 46 0.000000 0.737844 0.142760 0.659702
-0.80545300 -0.74549598 -6.68519402 88 123 56 0.000000 0.260969 0.380269 -0.887294
-0.88472402 -0.95547903 -6.75940514 117 142 97 0.000000 0.372823 -0.294334 0.879983
-0.78184003 -0.74718201 -6.67085791 77 118 63 0.000000 0.227824 -0.346815 0.909844
-0.83159500 -0.38118801 -6.40353107 74 116 53 0.000000 0.191732 -0.618142 0.762325
-1.13349903 -0.62659001 -6.57809401 63 103 31 0.000000 -0.206609 -0.719247 0.663323
-0.70594299 -0.48828799 -6.48364401 78 116 61 0.000000 -0.040508 -0.562918 0.825520
-0.77762401 -0.55996901 -6.53171301 81 104 47 0.000000 0.579915 0.499232 0.643790
-1.05675805 -0.73453301 -6.66579819 91 129 72 0.000000 0.213421 0.658956 -0.721269
-0.78352702 -0.70670402 -6.65483522 78 121 70 0.000000 -0.039748 -0.332088 0.942411
-0.90665001 -0.41070300 -6.41786718 76 106 56 0.000000 0.094327 -0.386877 0.917294
-0.79027301 -0.34829900 -6.39003801 97 136 80 0.000000 0.031557 -0.181161 0.982947
-0.93279201 -0.63164902 -6.59158802 83 119 66 0.000000 0.110449 -0.631766 0.767250
-0.77678102 -0.80536997 -6.74591303 51 55 41 0.000000 0.269430 -0.962250 -0.038490
-0.78352702 -0.77248198 -6.68941116 73 113 52 0.000000 -0.093871 -0.815954 0.570445
-0.91170901 -0.37612799 -6.36305189 65 104 57 0.000000 0.419891 -0.579217 0.698712
-0.94291198 -0.73874903 -6.66242504 82 112 73 0.000000 0.174058 -0.791586 0.585743
-0.78774399 -0.80452698 -6.73916578 97 132 81 0.000000 0.110386 -0.928063 0.355689
-1.03904903 -0.55153501 -6.50472689 79 117 59 0.000000 0.499186 -0.696189 0.515881
-1.08964705 -0.64261198 -6.58315516 74 112 41 0.000000 0.458579 -0.372296 0.806908
-1.18409705 -0.49419099 -6.43220282 91 131 71 0.000000 0.189975 -0.810054 0.554727
-1.05675805 -0.39805400 -6.36389494 77 117 57 0.000000 0.149525 -0.653984 0.741584
-0.82063198 -0.41238999 -6.43473291 78 116 58 0.000000 -0.015370 -0.711203 0.702819
-0.86279798 -0.58020800 -6.55363894 73 113 50 0.000000 0.006755 -0.522804 0.852426
-1.10988605 -0.63333601 -6.58146811 64 101 33 0.000000 -0.380489 -0.650620 0.657208
-0.77593702 -0.35757500 -6.39425421 85 126 69 0.000000 0.118663 -0.406246 0.906026
-0.88556701 -0.43094301 -6.43641901 83 123 59 0.000000 -0.357582 -0.713531 0.602501
-0.88388002 -0.45539901 -6.45581484 78 117 55 0.000000 0.055838 -0.657173 0.751669
-0.91002297 -0.56418502 -6.55532598 90 120 58 0.000000 0.696556 -0.244821 0.674443
-0.64353800 -0.42335299 -6.42967319 89 131 58 0.000000 -0.346132 -0.529663 0.774370
-1.04326499 -0.43684599 -6.40353107 81 118 66 0.000000 0.452793 -0.603167 0.656634
-0.74136198 -0.80031103 -6.72314310 41 42 37 0.000000 -0.402756 -0.884279 0.236303
-0.81388599 -0.45286900 -6.46003199 76 117 57 0.000000 0.023550 -0.577665 0.815934
-1.12590897 -0.44949600 -6.40015697 85 120 58 0.000000 0.159262 -0.531371 0.832034
-0.92098600 -0.59032798 -6.55954218 121 124 92 0.000000 0.641168 -0.570488 0.513271
-1.15542495 -0.62068701 -6.60086393 78 117 40 0.000000 0.422013 0.477412 0.770703
-0.70425600 -0.71007699 -6.68688107 105 121 86 0.000000 0.174911 -0.768089 0.615992
-1.02218199 -0.68899399 -6.62616301 69 107 49 0.000000 -0.064531 -0.638144 0.767207
-0.99098003 -0.45371199 -6.43726301 77 117 58 0.000000 0.165728 -0.530031 0.831626
-0.95640498 -0.64514202 -6.60001993 80 119 61 0.000000 0.001289 -0.406019 0.913864
-0.71774900 -0.42419600 -6.43894911 87 124 69 0.000000 -0.070078 -0.584938 0.808045
-0.62329900 -0.51021302 -6.50725698 110 146 95 0.000000 0.381014 -0.625127 0.681207
-0.82316202 -0.80621397 -6.72483015 86 125 81 0.000000 0.388216 -0.555297 0.735482
-0.82569200 -0.66791201 -6.61857319 98 121 81 0.000000 0.358561 -0.840818 0.405534
-1.14193201 -0.42925599 -6.36811209 97 137 67 0.000000 -0.805568 -0.094346 0.584944
-0.73208499 -0.72188300 -6.67507505 100 141 85 0.000000 0.688914 0.585992 0.426628
-1.17650700 -0.50093699 -6.41449404 91 134 80 0.000000 0.308766 0.008680 0.951098
-0.98929298 -0.49503401 -6.47183800 81 116 63 0.000000 0.189510 -0.487952 0.852050
-0.98676401 -0.72863001 -6.65146208 76 116 57 0.000000 0.056185 -0.459070 0.886622
-0.73292899 -0.75477201 -6.68182087 96 122 56 0.000000 -0.206243 0.671452 -0.711770
-1.16217101 -0.60887998 -6.58231115 66 106 25 0.000000 -0.691244 -0.588469 0.419388
-0.67642701 -0.54141599 -6.53086901 89 122 47 0.000000 -0.141665 0.586046 -0.797798
-1.03736198 -0.74127901 -6.66073799 70 108 44 0.000000 -0.095394 -0.413374 0.905551
-0.75401098 -0.38034400 -6.41111994 88 128 68 0.000000 0.038253 -0.667300 0.743806
-1.07025099 -0.54478902 -6.50303984 77 117 54 0.000000 0.080050 -0.119495 0.989602
-0.95134503 -0.87283498 -6.75687599 93 112 62 0.000000 0.889541 -0.411797 0.197839
-1.09723699 -0.59707397 -6.54436302 70 110 38 0.000000 -0.365952 -0.658057 0.658057
-1.02724195 -0.47901100 -6.44738197 79 118 66 0.000000 0.260779 -0.529365 0.807321
-1.09301996 -0.60887998 -6.55279493 70 109 39 0.000000 -0.127328 -0.301565 0.944905
-0.77172101 -0.69236702 -6.65146208 85 126 71 0.000000 0.159552 -0.547250 0.821621
-1.02639902 -0.58695400 -6.53592920 83 121 65 0.000000 0.229675 -0.629654 0.742149
-1.12590897 -0.64935899 -6.60676718 76 114 46 0.000000 -0.587182 -0.316917 0.744836
-0.82063198 -0.33817899 -6.37654400 58 86 55 0.000000 0.213369 -0.488782 0.845911
-1.11325896 -0.59876102 -6.54604912 67 109 34 0.000000 -0.293335 -0.873926 0.387567
-0.66377801 -0.57683498 -6.54773617 82 122 51 0.000000 -0.405903 -0.634535 0.657729
-0.75907099 -0.53888601 -6.52243710 75 117 49 0.000000 -0.213731 -0.405351 0.888825
-1.10145295 -0.44527900 -6.39256811 81 124 62 0.000000 -0.238350 -0.967273 0.087017
-0.74979502 -0.66453803 -6.63796902 93 134 86 0.000000 0.270364 -0.523538 0.807967
-0.84424502 -0.46973500 -6.46846485 76 117 54 0.000000 0.173507 -0.348424 0.921138
-1.07362401 -0.40142700 -6.35967922 85 124 68 0.000000 0.452793 -0.656634 0.603167
-0.98254699 -0.53972900 -6.50894403 94 114 67 0.000000 0.254430 -0.722202 0.643187
-0.86111099 -0.50431001 -6.49545002 81 123 57 0.000000 0.270364 -0.523538 0.807967
-1.15120804 -0.56165498 -6.49798107 73 109 54 0.000000 -0.023281 -0.847692 0.529978
-0.77593702 -0.37865800 -6.40690422 83 125 63 0.000000 0.189206 -0.546426 0.815855
-0.99772698 -0.39130700 -6.35124493 58 97 36 0.000000 -0.284356 -0.949190 0.134836
-0.66630799 -0.54984897 -6.53340006 89 125 50 0.000000 0.055748 0.246528 -0.967531
-0.94881499 -0.44021901 -6.42798615 76 117 59 0.000000 0.038225 -0.658324 0.751763
-1.02471197 -0.79778099 -6.69025421 86 126 61 0.000000 0.642041 -0.665148 -0.381263
-0.88725400 -0.48997399 -6.48533106 82 122 58 0.000000 0.103966 -0.616476 0.780479
-0.82737899 -0.71260703 -6.66495514 89 122 55 0.000000 0.085592 0.472862 -0.876970
-0.90665001 -0.61646998 -6.59749079 119 134 95 0.000000 0.246287 -0.898137 -0.364269
-0.68992001 -0.69236702 -6.69194078 57 56 56 0.000000 0.767968 -0.095082 -0.633391
-0.72280902 -0.71007699 -6.67085791 98 139 88 0.000000 0.260313 -0.205220 0.943463
-0.90917897 -0.72188300 -6.67254496 94 122 64 0.000000 0.587958 0.751368 0.299586
-0.87376100 -0.74465197 -6.67338800 68 107 55 0.000000 0.086276 -0.403989 0.910686
-1.04157805 -0.76910800 -6.68772411 85 114 58 0.000000 -0.070899 0.086654 -0.993712
-1.19590294 -0.50599700 -6.41365004 111 145 95 0.000000 0.126785 -0.443035 0.887494
-1.05338502 -0.83404303 -6.69531393 44 51 39 0.000000 -0.229331 0.481443 -0.845943
-0.63257498 -0.43009901 -6.43135881 95 135 64 0.000000 -0.109559 -0.403565 0.908368
-0.78605700 -0.50852698 -6.49966717 76 116 50 0.000000 0.191176 -0.199087 0.961154
-1.10988605 -0.72778600 -6.64387178 77 109 58 0.000000 0.358655 0.610859 -0.705845
-0.99772698 -0.67887503 -6.61604404 77 116 58 0.000000 0.333350 -0.555583 0.761712
-0.83243901 -0.66875499 -6.63375282 84 116 48 0.000000 0.080009 0.915355 0.394620
-0.81219900 -0.79778099 -6.71723986 80 119 73 0.000000 0.080499 -0.959600 0.269608
-0.91339600 -0.48238400 -6.47268200 90 116 66 0.000000 -0.141386 -0.575962 0.805157
-0.98254699 -0.39468101 -6.35124493 64 101 41 0.000000 -0.079947 -0.996671 0.015989
-0.83243901 -0.54984897 -6.53424311 74 115 55 0.000000 0.144100 -0.568972 0.809633
-0.93447900 -0.39889699 -6.41111994 125 92 90 0.000000 0.316183 0.916785 -0.243995
-0.66883701 -0.62068701 -6.64471579 123 162 118 0.000000 0.301117 -0.632829 0.713341
-1.09723699 -0.73368901 -6.65061903 78 111 66 0.000000 0.197965 0.835684 -0.512291
-1.01627898 -0.76573497 -6.67001486 73 112 50 0.000000 -0.435605 -0.381354 0.815363
-1.00278604 -0.76067501 -6.68182087 85 117 53 0.000000 0.143564 0.474196 -0.868635
-0.85689503 -0.54394603 -6.52749586 79 119 61 0.000000 0.070208 -0.594615 0.800939
-1.09976602 -0.62911999 -6.55616903 81 109 61 0.000000 0.032414 0.675050 -0.737059
-0.68485999 -0.67128497 -6.67929077 110 133 83 0.000000 0.610012 -0.785555 0.103863
-1.07025099 -0.63164902 -6.55869913 74 105 58 0.000000 0.371104 0.577091 -0.727494
-0.68148702 -0.55322200 -6.53930283 78 117 46 0.000000 -0.023502 0.822562 -0.568190
-0.97074097 -0.68983799 -6.62363291 78 117 63 0.000000 0.221252 -0.570924 0.790629
-0.83665502 -0.86946201 -6.75603199 113 147 110 0.000000 0.475325 0.014728 0.879687
-0.97664398 -0.47310799 -6.45328522 79 120 62 0.000000 -0.086210 -0.688218 0.720364
-0.89568698 -0.96475500 -6.75603199 111 138 80 0.000000 0.363219 -0.040358 0.930829
-0.92520201 -0.74718201 -6.68941116 90 121 57 0.000000 0.277620 0.914257 0.295062
-1.03061497 -0.56502801 -6.51737595 86 122 70 0.000000 0.309091 -0.562128 0.767121
-1.10735595 -0.67297101 -6.62110281 98 130 70 0.000000 0.054785 0.095036 -0.993965
-1.16301405 -0.62911999 -6.60423708 67 109 25 0.000000 -0.531093 -0.625510 0.571557
-0.83834201 -0.74802601 -6.67254496 70 110 53 0.000000 0.127957 -0.563307 0.816280
-0.59715599 -0.46551800 -6.48617506 87 112 81 0.000000 0.617249 -0.395503 0.680133
-1.08711696 -0.66032201 -6.60929680 90 124 64 0.000000 0.316692 0.523575 -0.790933
-1.21698594 -0.58779800 -6.48786116 78 80 74 0.000000 0.523712 -0.540552 0.658429
-0.83496898 -0.35167199 -6.38160515 98 136 86 0.000000 0.197636 -0.252156 0.947289
-1.01037598 -0.81886297 -6.69194078 87 126 71 0.000000 0.118562 0.150342 0.981499
-1.09892297 -0.51611698 -6.45834494 86 116 67 0.000000 0.285780 -0.826108 0.485670
-0.89652997 -0.38540399 -6.38835096 71 108 52 0.000000 0.427707 -0.893781 0.134991
-1.18662703 -0.48491400 -6.42714310 94 129 69 0.000000 -0.647420 -0.759391 -0.064598
-1.12253594 -0.55322200 -6.48195791 66 99 41 0.000000 -0.284024 0.775910 -0.563288
-1.09301996 -0.42251000 -6.37317085 77 118 59 0.000000 0.015340 -0.707024 0.707024
-1.19674695 -0.52286297 -6.42630005 110 151 97 0.000000 0.952963 -0.214315 0.214315
-0.93026203 -0.67465800 -6.62110281 74 113 60 0.000000 0.152067 -0.627839 0.763344
-0.89568698 -0.36347800 -6.36136484 78 117 69 0.000000 0.286828 -0.636150 0.716270
-1.18578398 -0.48238400 -6.40437412 97 138 79 0.000000 0.054602 -0.387538 0.920235
-1.20602298 -0.48238400 -6.41955280 84 117 61 0.000000 0.877761 -0.103183 0.467856
-0.99013698 -0.75814497 -6.66495514 75 115 58 0.000000 -0.293509 -0.617492 0.729764
-1.02724195 -0.77669799 -6.68688107 85 116 51 0.000000 0.307692 0.610551 -0.729762
-1.15711105 -0.59707397 -6.53930283 76 110 62 0.000000 0.188034 0.457500 -0.869101
-1.12169194 -0.49419099 -6.43388891 79 119 58 0.000000 0.318017 -0.254124 0.913393
-1.08374405 -0.45961499 -6.40690422 79 118 63 0.000000 0.618994 0.222963 -0.753083
-0.69498003 -0.71176302 -6.69194078 91 98 80 0.000000 0.126464 -0.769200 0.626370
-0.91676903 -0.46214500 -6.46930790 110 127 79 0.000000 0.830658 0.513637 0.214904
-1.03483200 -0.83488601 -6.69447088 63 66 59 0.000000 0.468870 -0.468870 0.748547
-0.73883200 -0.60382003 -6.57725096 78 114 55 0.000000 0.386972 -0.749453 0.537190
-1.17735100 -0.59876102 -6.58652782 76 111 32 0.000000 -0.426958 -0.903438 0.038814
-1.07109404 -0.76910800 -6.69615698 93 119 64 0.000000 0.174475 0.514477 -0.839567
-0.90917897 -0.65863502 -6.62616301 88 108 69 0.000000 0.009212 -0.443506 0.896224
-0.62667203 -0.56924498 -6.52328014 89 132 55 0.000000 -0.426839 -0.245847 0.870269
-0.61992598 -0.58864099 -6.53171301 101 130 60 0.000000 -0.182201 -0.860641 0.475500
-0.67642701 -0.59370100 -6.57893801 78 117 56 0.000000 0.276262 -0.713811 0.643547
-0.86448401 -0.37865800 -6.39341116 77 115 54 0.000000 0.331310 -0.751508 0.570500
-0.95809102 -0.53804302 -6.50894403 78 112 59 0.000000 0.040001 -0.514490 0.856563
-0.90412003 -0.63164902 -6.60929680 99 119 66 0.000000 0.688971 -0.673059 -0.268905
-0.69329298 -0.55322200 -6.52918291 78 121 55 0.000000 -0.022495 -0.427409 0.903778
-1.12843895 -0.47563800 -6.42630005 77 113 57 0.000000 0.001326 -0.481358 0.876523
-0.90917897 -0.80790001 -6.71133709 73 109 62 0.000000 0.198998 -0.640186 0.741999
-0.77172101 -0.62405998 -6.60086393 74 117 55 0.000000 0.275846 -0.655334 0.703169
-0.82484901 -0.61394000 -6.58484077 75 117 53 0.000000 0.063673 -0.553248 0.830580
-0.69413698 -0.72356999 -6.67760515 120 145 103 0.000000 -0.134748 -0.078506 0.987765
-0.96146399 -0.49840701 -6.47689819 77 117 57 0.000000 0.111317 -0.521888 0.845719
-0.84171498 -0.80790001 -6.71976995 80 119 74 0.000000 0.078416 -0.546064 0.834066
-0.94797200 -0.61056697 -6.57134819 77 116 59 0.000000 -0.126800 -0.720524 0.681738
-1.09386301 -0.77501100 -6.68603802 80 93 72 0.000000 0.611221 0.387161 -0.690301
-0.84677500 -0.82814002 -6.72988892 86 126 74 0.000000 0.032097 -0.595888 0.802426
-0.99013698 -0.83741599 -6.71049404 86 125 84 0.000000 0.292309 -0.260630 0.920124
-0.64775503 -0.52876598 -6.50978708 96 135 80 0.000000 0.142011 -0.437510 0.887929
-1.17988098 -0.61141002 -6.60001993 69 106 27 0.000000 -0.451931 -0.299735 0.840189
-0.70594299 -0.37191099 -6.40690422 106 147 94 0.000000 0.070929 -0.681785 0.728106
-1.00616002 -0.74802601 -6.66158199 73 112 53 0.000000 -0.190701 -0.302060 0.934020
-1.08627403 -0.55743903 -6.50810099 76 115 50 0.000000 0.119068 -0.801135 0.586519
-1.06013095 -0.50683999 -6.45918798 77 116 61 0.000000 0.001380 -0.677534 0.735490
-0.72533900 -0.61141002 -6.58652782 83 119 60 0.000000 0.038225 -0.658324 0.751763
-0.73883200 -0.35757500 -6.39172411 95 137 76 0.000000 0.136056 -0.641409 0.755039
-1.09386301 -0.70754701 -6.62953615 81 112 70 0.000000 0.267199 0.346916 -0.899029
-1.01712298 -0.55996901 -6.51821995 98 119 77 0.000000 0.237552 -0.722095 0.649729
-1.07952702 -0.47732499 -6.42630005 86 119 71 0.000000 0.157883 -0.500210 0.851389
-1.21614301 -0.54057300 -6.45412922 91 121 73 0.000000 0.253931 -0.481699 0.838741
-0.84171498 -0.72610003 -6.66326904 73 114 52 0.000000 -0.222283 -0.531946 0.817082
-0.77256399 -0.63502300 -6.61266994 83 123 67 0.000000 0.142792 -0.735004 0.662857
-1.02639902 -0.61731303 -6.56207180 79 118 57 0.000000 0.104194 -0.632504 0.767517
-1.14614797 -0.46973500 -6.43051577 83 120 60 0.000000 -0.283426 -0.783774 -0.552601
-0.60727602 -0.44274899 -6.45750189 94 127 56 0.000000 -0.189053 0.388209 -0.901972
-0.71184599 -0.61141002 -6.59243107 78 117 63 0.000000 0.204624 -0.864797 0.458536
-0.83159500 -0.36685199 -6.39172411 80 119 61 0.000000 0.109284 -0.569734 0.814530
-0.78605700 -0.47816801 -6.47942781 79 122 60 0.000000 0.047110 -0.426685 0.903172
-1.07615399 -0.66875499 -6.61182690 94 130 69 0.000000 0.190209 0.570627 -0.798878
-0.79111701 -0.62996298 -6.60676718 82 122 64 0.000000 0.197271 -0.507482 0.838776
-1.00869000 -0.60972399 -6.56038523 80 119 65 0.000000 0.046700 -0.609934 0.791075
-0.92857599 -0.46298799 -6.45075607 167 132 122 0.000000 0.405219 -0.706239 0.580538
-0.85436499 -0.57430500 -6.54773617 76 116 54 0.000000 0.054547 -0.530090 0.846185
-0.85183501 -0.67128497 -6.63290882 84 120 52 0.000000 0.635166 -0.696896 0.333016
-0.74304801 -0.78934801 -6.67929077 84 120 51 0.000000 -0.401346 -0.291472 0.868312
-0.90580601 -0.95716500 -6.76024914 93 116 73 0.000000 -0.387510 -0.839343 0.381234
-0.72449601 -0.64092600 -6.62700701 83 124 66 0.000000 0.070929 -0.681785 0.728106
-0.65450102 -0.55996901 -6.54098892 82 120 43 0.000000 0.001375 0.639507 -0.768784
-1.04157805 -0.78766102 -6.69362688 79 109 49 0.000000 -0.008590 0.293299 -0.955982
-1.18578398 -0.51105702 -6.42292595 95 134 82 0.000000 0.579409 -0.815008 -0.006849
-0.66546398 -0.47395101 -6.47521210 86 126 66 0.000000 0.046485 -0.394455 0.917739
-0.93279201 -0.89054400 -6.73747921 75 114 53 0.000000 0.104063 -0.622911 0.775341
-0.68823302 -0.44780901 -6.45581484 84 126 57 0.000000 0.206720 -0.707202 0.676116
-0.72196603 -0.68393397 -6.66242504 102 143 99 0.000000 0.457582 -0.322351 0.828679
-0.96062100 -0.83488601 -6.71302414 78 119 69 0.000000 0.269102 -0.286371 0.919552
-0.94712800 -0.80874401 -6.70037413 79 116 68 0.000000 0.374403 -0.390068 0.841231
-0.73208499 -0.66453803 -6.64387178 88 130 81 0.000000 0.382832 -0.398586 0.833408
-1.03567505 -0.80790001 -6.69194078 81 121 60 0.000000 -0.626419 -0.704518 0.333548
-0.64185202 -0.56924498 -6.53255606 83 128 50 0.000000 -0.419891 -0.579217 0.698712
-0.90665001 -0.56334198 -6.54183197 80 112 61 0.000000 0.270120 -0.473868 0.838144
-1.09639299 -0.69405401 -6.61182690 76 109 59 0.000000 0.222705 0.627623 -0.745984
-0.93447900 -0.53804302 -6.50725698 79 115 56 0.000000 -0.214608 -0.779690 0.588241
-1.09976602 -0.53129601 -6.48027086 78 117 56 0.000000 0.199058 -0.739139 0.643467
-0.88978302 -0.54310203 -6.51906300 74 115 55 0.000000 0.158605 -0.626866 0.762813
-0.79702002 -0.67634499 -6.63290882 84 121 77 0.000000 0.246786 -0.746646 0.617751
-0.85520798 -0.38962099 -6.40943289 74 115 53 0.000000 0.064220 -0.435876 0.897713
-0.90327603 -0.47479501 -6.46677780 80 114 60 0.000000 -0.158787 -0.636662 0.754618
-1.11747599 -0.61056697 -6.56375790 74 115 47 0.000000 0.228525 -0.592299 0.772631
-0.90833598 -0.42082301 -6.42545700 78 116 60 0.000000 -0.006930 -0.752644 0.658391
-0.71268898 -0.57261801 -6.54267597 82 121 56 0.000000 0.271420 -0.382387 0.883239
-0.68907702 -0.58526802 -6.56713200 78 119 54 0.000000 0.351058 -0.693953 0.628640
-1.01712298 -0.77585500 -6.68603802 87 117 53 0.000000 -0.111320 0.443870 -0.889150
-0.90917897 -0.96728498 -6.76277781 41 43 37 0.000000 -0.776466 -0.514954 0.363212
-0.81051302 -0.47985500 -6.48111391 77 117 54 0.000000 -0.038078 -0.624758 0.779890
-0.91086602 -0.38709101 -6.38329077 69 101 54 0.000000 0.190022 -0.963215 0.190022
-1.17229104 -0.60382003 -6.55869913 69 103 59 0.000000 0.267083 0.947671 -0.174892
-0.74220502 -0.69827098 -6.65736485 85 128 79 0.000000 0.023488 -0.285567 0.958071
-1.02218199 -0.59707397 -6.54773617 80 119 58 0.000000 0.070962 -0.696582 0.713960
-1.08290005 -0.40733001 -6.35461903 99 127 83 0.000000 0.285497 -0.610869 0.738465
-0.89652997 -0.42504001 -6.42798615 86 114 56 0.000000 -0.182292 0.651042 -0.736827
-1.12506604 -0.41660699 -6.38160515 81 123 61 0.000000 0.196421 -0.925582 -0.323600
-0.67136699 -0.47816801 -6.48701811 91 123 55 0.000000 0.040238 0.933257 -0.356948
-0.94291198 -0.90741003 -6.75518894 97 115 60 0.000000 0.077718 0.512940 -0.854899
-0.99098003 -0.39721099 -6.37738800 61 99 47 0.000000 0.237598 -0.880157 0.410939
-0.97748703 -0.61478299 -6.57050514 78 120 61 0.000000 -0.014935 -0.520018 0.854025
-1.10314000 -0.72441298 -6.63712597 79 112 66 0.000000 0.849441 0.318346 -0.420838
-1.08880401 -0.58695400 -6.53002596 69 107 42 0.000000 -0.015293 -0.632558 0.774362
-0.82316202 -0.71766698 -6.65736485 79 119 62 0.000000 0.040594 -0.572520 0.818885
-1.12759602 -0.46045801 -6.39172411 90 133 72 0.000000 0.940955 -0.094228 0.325154
-1.12506604 -0.71513700 -6.64302921 80 112 58 0.000000 0.275970 0.725816 -0.630104
-0.70510000 -0.72356999 -6.69615698 53 73 39 0.000000 0.405534 -0.840818 -0.358561
-0.61233598 -0.55406499 -6.52749586 65 76 42 0.000000 0.842115 0.236893 -0.484484
-1.07109404 -0.66032201 -6.59664679 71 110 40 0.000000 -0.206870 -0.841068 0.499809
-0.75401098 -0.80031103 -6.72145700 49 56 44 0.000000 -0.199512 -0.895620 0.397568
-0.87376100 -0.55659503 -6.53592920 74 115 54 0.000000 0.293497 -0.643128 0.707280
-0.69835299 -0.34408200 -6.38835096 83 84 75 0.000000 0.729890 0.117436 0.673401
-0.96483803 -0.61394000 -6.57219219 74 115 57 0.000000 0.182116 -0.528287 0.829305
-1.12843895 -0.60044700 -6.53592920 82 116 64 0.000000 0.348429 0.642876 -0.682135
-1.18662703 -0.59623098 -6.60423708 72 105 29 0.000000 -0.181978 0.379719 0.907027
-0.96652400 -0.40226999 -6.39594078 62 97 46 0.000000 0.230889 -0.680103 0.695809
-0.99098003 -0.39299399 -6.33690882 89 111 56 0.000000 0.119969 -0.919760 -0.373696
-1.14108801 -0.65947902 -6.61182690 81 120 43 0.000000 0.468061 0.188710 0.863312
-0.83075202 -0.68056101 -6.63206577 74 112 60 0.000000 0.267925 -0.442460 0.855830
-0.90580601 -0.77163798 -6.69447088 88 113 76 0.000000 0.619867 -0.398368 0.676068
-0.82653600 -0.72778600 -6.67423201 83 116 50 0.000000 0.524360 0.331934 -0.784134
-0.91761202 -0.84247601 -6.72398710 78 117 67 0.000000 0.237774 -0.504694 0.829908
-1.18831396 -0.54394603 -6.48027086 85 124 67 0.000000 0.054165 -0.978582 0.198605
-1.21192598 -0.52708000 -6.44485188 91 120 72 0.000000 0.237958 -0.558346 0.794749
-1.13687205 -0.56081200 -6.48786116 59 96 38 0.000000 -0.342158 0.785517 -0.515646
-1.07868397 -0.58779800 -6.53086901 67 107 41 0.000000 0.032097 -0.595888 0.802426
-0.72786897 -0.44359201 -6.45412922 78 118 53 0.000000 0.245966 -0.475127 0.844840
-0.95556098 -0.36938199 -6.36389494 77 68 41 0.000000 0.710044 -0.237731 0.662813
-1.04242206 -0.75477201 -6.67591810 77 114 46 0.000000 -0.204122 -0.451452 0.868634
-1.14193201 -0.61394000 -6.55785513 73 106 67 0.000000 0.182518 0.719336 -0.670256
-0.81557298 -0.77922797 -6.70037413 69 109 57 0.000000 0.015280 -0.626484 0.779285
-0.81304300 -0.60382003 -6.57725096 73 114 53 0.000000 -0.094312 -0.465932 0.879780
-0.87376100 -0.39130700 -6.40353107 75 116 52 0.000000 0.213495 -0.665420 0.715287
-0.66124803 -0.48575801 -6.48195791 87 129 72 0.000000 0.181151 -0.452142 0.873356
-1.00531602 -0.45624200 -6.43726301 75 117 61 0.000000 0.396492 -0.718949 0.570882
-0.99013698 -0.81042999 -6.69953108 84 122 70 0.000000 -0.571168 -0.631823 0.523992
-1.02133906 -0.39299399 -6.35461903 68 105 49 0.000000 -0.103548 -0.934624 0.340230
-1.07615399 -0.60550702 -6.54604912 65 104 42 0.000000 -0.371920 -0.594744 0.712710
-1.19253004 -0.52876598 -6.43979311 87 126 78 0.000000 0.977459 0.094911 0.188589
-1.01121902 -0.75224203 -6.67676115 87 122 58 0.000000 -0.038814 0.426958 -0.903438
-0.90833598 -0.68477798 -6.64387178 97 119 77 0.000000 0.102975 0.976404 -0.189822
-1.05169797 -0.76995200 -6.69025421 95 126 67 0.000000 0.277895 0.182069 -0.943200
-1.20602298 -0.57514799 -6.46762180 115 142 102 0.000000 0.744453 0.477044 0.467140
-0.79280299 -0.65104598 -6.62025976 80 120 68 0.000000 0.111320 -0.443870 0.889150
-0.77425098 -0.39974099 -6.42376995 79 119 56 0.000000 0.119068 -0.586519 0.801135
-0.99013698 -0.71429300 -6.64471579 77 117 58 0.000000 0.064381 -0.442446 0.894481
-0.72955501 -0.76910800 -6.68350792 101 117 63 0.000000 0.571402 -0.341546 -0.746221
-0.67474103 -0.58611101 -6.56628799 78 120 65 0.000000 0.001308 -0.896251 0.443546
-0.90833598 -0.92427599 -6.74759912 77 117 63 0.000000 0.371528 -0.054209 0.926838
-0.94375497 -0.37528500 -6.39678383 109 99 71 0.000000 0.985319 0.166353 0.038389
-0.85858101 -0.63249302 -6.58905697 72 111 55 0.000000 -0.032741 -0.388961 0.920672
-0.97158402 -0.77332503 -6.67676115 79 116 62 0.000000 0.111351 -0.530727 0.840197
-0.82906502 -0.42841300 -6.44232178 87 116 65 0.000000 0.086335 -0.499612 0.861936
-1.12000597 -0.71007699 -6.63628292 75 108 54 0.000000 0.118734 0.871193 -0.476367
-1.11072898 -0.66538203 -6.60845423 74 113 43 0.000000 0.071012 0.015898 0.997349
-1.14783502 -0.59538698 -6.54267597 73 111 42 0.000000 0.229045 -0.816260 0.530338
-0.94965798 -0.40226999 -6.36473799 55 91 32 0.000000 -0.229365 -0.970772 -0.070669
-0.63847798 -0.58358097 -6.54857922 87 131 48 0.000000 -0.442341 -0.822849 0.356726
-0.67474103 -0.42504001 -6.44653893 89 119 52 0.000000 0.110184 0.255368 -0.960545
-0.85267800 -0.64008301 -6.59243107 74 112 60 0.000000 0.339040 -0.522217 0.782522
-0.88556701 -0.57093102 -6.54604912 76 114 52 0.000000 -0.133455 -0.727252 0.673271
-0.83665502 -0.44190601 -6.45159912 80 123 59 0.000000 0.149425 -0.528165 0.835891
-0.80123597 -0.62321597 -6.59496117 76 117 60 0.000000 0.150305 -0.561040 0.814029
-1.10314000 -0.51105702 -6.44822598 77 115 60 0.000000 0.181988 -0.616312 0.766185
-0.97833002 -0.49334699 -6.47183800 81 117 61 0.000000 0.213996 -0.561933 0.799022
-0.96652400 -0.68140399 -6.62194586 81 121 72 0.000000 0.016835 -0.389796 0.920747
-1.05928802 -0.68056101 -6.62110281 73 116 47 0.000000 -0.285378 -0.607425 0.741346
-1.21192598 -0.58779800 -6.56713200 38 45 33 0.000000 0.675920 -0.388365 0.626342
-1.09386301 -0.65020198 -6.59327412 75 111 43 0.000000 -0.143137 -0.667469 0.730751
-0.83834201 -0.53719902 -6.52328014 77 115 56 0.000000 0.015177 -0.586380 0.809894
-0.78858697 -0.44274899 -6.45328522 91 121 71 0.000000 -0.023017 -0.491481 0.870584
-0.60306001 -0.48322800 -6.48701811 102 139 84 0.000000 0.039630 -0.490590 0.870489
-0.86532801 -0.70417398 -6.64471579 70 108 48 0.000000 -0.032244 -0.623857 0.780873
-0.61908197 -0.45033899 -6.44822598 96 135 70 0.000000 -0.112009 -0.824795 0.554227
-0.80545300 -0.71176302 -6.65314913 83 115 70 0.000000 0.404190 -0.442838 0.800328
-1.07615399 -0.62827599 -6.56881809 71 110 44 0.000000 0.634748 -0.680673 0.365759
-0.71268898 -0.72441298 -6.67507505 107 146 92 0.000000 0.365325 -0.222688 0.903852
-1.06603396 -0.59707397 -6.53508615 69 109 47 0.000000 0.839343 -0.381234 0.387510
-0.69582301 -0.70164400 -6.69109821 90 98 80 0.000000 0.412304 -0.128053 -0.902002
-1.14277506 -0.63586599 -6.56375790 97 128 85 0.000000 -0.325920 0.692377 -0.643732
-0.89315701 -0.78091502 -6.70121717 68 107 57 0.000000 -0.428660 -0.713331 0.554445
-0.64353800 -0.54310203 -6.53340006 92 123 49 0.000000 -0.157865 0.245420 -0.956477
-1.18493998 -0.50009400 -6.41027689 97 139 82 0.000000 0.285480 -0.357223 0.889322
-1.09470701 -0.41154701 -6.34449911 118 140 97 0.000000 0.151242 -0.388705 0.908864
-1.14783502 -0.64935899 -6.62616301 88 103 63 0.000000 0.310030 0.579901 0.753390
-0.63004500 -0.54563200 -6.51737595 100 141 84 0.000000 0.023488 -0.285567 0.958071
-0.75148100 -0.33817899 -6.38329077 94 128 76 0.000000 -0.148713 -0.306975 0.940027
-0.94797200 -0.61984301 -6.57893801 87 116 63 0.000000 0.015221 -0.601921 0.798410
-1.11494601 -0.68309098 -6.63543892 79 116 49 0.000000 0.899028 0.214890 -0.381539
-0.67642701 -0.62827599 -6.64387178 123 164 120 0.000000 0.739981 -0.601937 0.300166
-1.09217703 -0.76151901 -6.67591810 78 110 65 0.000000 0.322833 0.634310 -0.702446
-0.63847798 -0.47142100 -6.48027086 92 126 50 0.000000 -0.046157 -0.378486 -0.924455
-0.84761798 -0.45371199 -6.45834494 80 122 56 0.000000 0.064799 -0.712784 0.698384
-1.03483200 -0.60887998 -6.55448198 74 115 55 0.000000 0.205765 -0.482122 0.851598
-0.97580099 -0.75561500 -6.68097782 83 118 51 0.000000 -0.048647 0.372084 -0.926923
-0.98760700 -0.48069799 -6.45834494 78 119 61 0.000000 0.268522 -0.618078 0.738834
-0.75738400 -0.76910800 -6.69362688 85 117 52 0.000000 0.173479 0.568709 -0.804037
-0.84087199 -0.76404798 -6.69700003 86 118 55 0.000000 -0.023888 0.695574 -0.718057
-1.08205700 -0.72947299 -6.64218616 82 113 70 0.000000 -0.118161 0.910535 -0.396187
-1.10398304 -0.59370100 -6.55279493 72 114 46 0.000000 0.947337 -0.300763 -0.109971
-0.97580099 -0.52708000 -6.49713802 79 117 58 0.000000 0.040192 -0.539129 0.841263
-0.93194902 -0.68646401 -6.63206577 79 116 67 0.000000 0.332914 -0.605741 0.722666
-0.89821601 -0.71513700 -6.66242504 88 115 63 0.000000 -0.267842 0.960930 -0.069817
-0.93616498 -0.55153501 -6.51906300 76 115 55 0.000000 0.102084 -0.521921 0.846863
-1.03567505 -0.50093699 -6.45834494 78 118 63 0.000000 0.229963 -0.642958 0.730563
-1.00363004 -0.58864099 -6.54604912 78 119 63 0.000000 0.165859 -0.643655 0.747127
-0.90833598 -0.89223099 -6.74169588 73 112 62 0.000000 0.182603 -0.547809 0.816432
-1.13771498 -0.47901100 -6.42714310 83 119 61 0.000000 0.095082 -0.767968 0.633391
-0.99857002 -0.66116500 -6.60508108 82 116 65 0.000000 0.196519 -0.682402 0.704065
-1.02808499 -0.76404798 -6.67170095 75 115 47 0.000000 -0.088110 -0.380905 0.920407
-1.05338502 -0.70164400 -6.63290882 69 108 46 0.000000 -0.206420 -0.555041 0.805804
-1.10398304 -0.72356999 -6.67507505 82 115 39 0.000000 -0.222589 -0.253005 0.941511
-0.81725901 -0.55153501 -6.53677320 74 115 52 0.000000 0.088025 -0.584429 0.806656
-0.86617100 -0.64851600 -6.60001993 85 112 70 0.000000 -0.284397 -0.570383 0.770573
-1.11241603 -0.41660699 -6.36811209 78 117 52 0.000000 0.001351 -0.544370 0.838844
-0.70088297 -0.61225301 -6.60170698 82 122 72 0.000000 0.230889 -0.695809 0.680103
-0.68992001 -0.42251000 -6.43557596 90 128 69 0.000000 0.023379 -0.554231 0.832034
-1.13096905 -0.55153501 -6.47858477 71 101 43 0.000000 -0.126908 0.838757 -0.529511
-1.18156695 -0.58695400 -6.52665281 73 111 55 0.000000 -0.110819 -0.737318 0.666394
-0.81304300 -0.43178600 -6.44906902 98 113 71 0.000000 0.078869 -0.449691 0.889696
-1.20518005 -0.56081200 -6.47268200 97 132 81 0.000000 0.237224 -0.633120 0.736807
-0.97664398 -0.63080603 -6.58399820 82 120 68 0.000000 0.117499 -0.685658 0.718379
-0.87966400 -0.76404798 -6.69615698 80 109 51 0.000000 0.006835 0.570049 -0.821582
-0.95471799 -0.90235001 -6.74169588 45 50 43 0.000000 -0.474463 0.109711 0.873412
-0.68233001 -0.48660100 -6.48280096 86 129 68 0.000000 -0.095120 -0.498317 0.861761
-0.71606302 -0.43431601 -6.44653893 80 124 61 0.000000 -0.086228 -0.711743 0.697128
-1.03567505 -0.63333601 -6.57556486 75 113 54 0.000000 0.055922 -0.678231 0.732718
-0.90158999 -0.72272599 -6.66748524 87 113 66 0.000000 0.356095 -0.517223 0.778252
-0.91592598 -0.83572900 -6.71808290 74 115 67 0.000000 0.420833 -0.676993 0.603804
-0.83075202 -0.76910800 -6.68856812 70 110 49 0.000000 0.071849 -0.522664 0.849506
-1.16301405 -0.62405998 -6.59664679 67 107 23 0.000000 -0.308232 -0.547790 0.777766
-1.12590897 -0.69321102 -6.62531996 94 130 69 0.000000 0.625710 0.079478 0.775996
-1.15036500 -0.62405998 -6.58990097 70 111 29 0.000000 -0.339517 -0.903908 0.260149
-1.02555597 -0.67634499 -6.60929680 74 108 53 0.000000 0.363249 -0.314613 0.876966
-1.09217703 -0.68646401 -6.63375282 76 115 48 0.000000 -0.317966 -0.541661 0.778139
-0.73461503 -0.74212199 -6.66579819 87 130 76 0.000000 -0.285864 -0.173707 0.942395
-0.63173199 -0.56840199 -6.53930283 98 136 65 0.000000 0.047545 0.325107 -0.944481
-1.04663801 -0.68056101 -6.61351299 73 113 47 0.000000 0.001375 -0.636526 0.771254
-0.81894600 -0.42082301 -6.43894911 102 113 73 0.000000 0.063010 -0.513885 0.855542
-0.97664398 -0.51190001 -6.48701811 75 115 55 0.000000 0.001359 -0.569351 0.822094
-0.71015900 -0.38624799 -6.42545700 81 118 51 0.000000 0.817280 0.452281 -0.357064
-1.05169797 -0.57093102 -6.51737595 79 118 57 0.000000 0.015093 -0.569430 0.821901
-1.09386301 -0.75898898 -6.69278383 63 74 49 0.000000 -0.183000 -0.387615 0.903474
-1.12759602 -0.65526199 -6.58231115 75 108 67 0.000000 -0.006946 0.704306 -0.709863
-1.11410296 -0.61309701 -6.54604912 70 101 53 0.000000 0.307303 0.722404 -0.619433
-1.21782899 -0.55490899 -6.46930790 94 120 73 0.000000 0.276312 -0.365926 0.888679
-1.14699197 -0.60297698 -6.55701208 71 111 37 0.000000 -0.315485 -0.948930 0.001237
-0.98760700 -0.58779800 -6.54351902 79 120 60 0.000000 0.263640 -0.373862 0.889225
-0.96062100 -0.74886900 -6.66832781 77 114 64 0.000000 0.244301 -0.499358 0.831239
-0.99519700 -0.70332998 -6.63628292 77 117 57 0.000000 0.159260 -0.674959 0.720462
-0.82569200 -0.76826501 -6.69784403 83 115 54 0.000000 0.087434 0.442723 -0.892385
-0.87123102 -0.73874903 -6.68013477 88 119 59 0.000000 0.063723 0.556510 -0.828393
-1.10314000 -0.64598602 -6.60339403 100 133 77 0.000000 0.662488 0.672254 -0.330430
-0.72618198 -0.53213900 -6.51400280 76 117 51 0.000000 -0.119722 -0.619300 0.775973
-0.81388599 -0.38793400 -6.41196299 73 116 54 0.000000 0.040708 -0.596579 0.801521
-0.69160700 -0.59876102 -6.58821392 78 119 59 0.000000 0.063650 -0.905999 0.418466
-1.18072402 -0.64008301 -6.60001993 92 120 83 0.000000 0.492930 0.420873 -0.761503
-0.99688298 -0.40901700 -6.38919401 69 105 56 0.000000 0.229963 -0.642958 0.730563
-0.67811400 -0.50683999 -6.50725698 89 119 50 0.000000 -0.064275 0.609899 -0.789869
-1.09639299 -0.46973500 -6.41871023 84 122 66 0.000000 -0.006907 -0.628547 0.777741
-0.89062703 -0.70332998 -6.64893198 68 108 52 0.000000 0.001369 -0.609379 0.792878
-0.71015900 -0.42925599 -6.43979311 80 120 63 0.000000 -0.055072 -0.569080 0.820436
-1.09723699 -0.47563800 -6.42798615 84 120 68 0.000000 -0.191400 -0.592576 0.782445
-0.83665502 -0.50937003 -6.50810099 74 110 53 0.000000 0.339802 -0.421229 0.840893
-0.95724797 -0.86777502 -6.75097179 91 115 55 0.000000 0.736119 0.538503 0.410053
-0.82231897 -0.73790598 -6.67085791 74 114 56 0.000000 -0.040354 -0.555211 0.830730
-0.83243901 -0.57599097 -6.55110884 74 116 55 0.000000 -0.023723 -0.618202 0.785661
-1.09892297 -0.63670897 -6.59580421 89 122 65 0.000000 0.449835 0.784369 0.427099
-1.00447297 -0.56924498 -6.52580976 83 119 67 0.000000 0.317642 -0.730414 0.604648
-0.73039901 -0.58105099 -6.55701208 77 119 53 0.000000 0.371553 -0.444907 0.814866
-1.02892900 -0.74380898 -6.66242504 64 102 48 0.000000 0.001339 -0.512919 0.858436
-0.85436499 -0.68477798 -6.64471579 87 121 57 0.000000 0.001125 0.165311 -0.986241
-1.08290005 -0.78175801 -6.68182087 99 124 82 0.000000 0.611568 0.317886 -0.724522
-1.08796000 -0.57852101 -6.52159309 77 109 48 0.000000 0.221266 -0.828604 0.514253
-1.08374405 -0.75308502 -6.69025421 76 109 31 0.000000 -0.625311 -0.578117 0.524182
-0.84761798 -0.84416199 -6.74506903 97 137 94 0.000000 0.206302 -0.680953 0.702669
-1.17819405 -0.62659001 -6.61604404 73 100 33 0.000000 -0.308242 0.347336 0.885632
-1.18325400 -0.44865200 -6.39594078 103 110 88 0.000000 -0.351225 -0.404299 0.844502
-0.97158402 -0.88379800 -6.75434494 78 83 58 0.000000 0.206126 -0.745462 -0.633875
-0.99013698 -0.46045801 -6.44316578 77 118 60 0.000000 -0.006941 -0.678782 0.734307
-1.21108305 -0.58611101 -6.49966717 91 107 79 0.000000 0.992918 0.016494 -0.117655
-1.12084901 -0.46551800 -6.42376995 79 116 61 0.000000 -0.119973 -0.762794 0.635415
-1.01037598 -0.75308502 -6.66748524 71 110 51 0.000000 0.230159 -0.103000 0.967687
-0.93785203 -0.39130700 -6.40774679 87 89 53 0.000000 0.587958 0.299586 -0.751368
-1.17482102 -0.62068701 -6.60255098 78 112 29 0.000000 -0.301430 -0.697963 0.649606
-0.94712800 -0.74633902 -6.67001486 82 115 70 0.000000 0.055649 -0.643533 0.763393
-1.19590294 -0.56334198 -6.48364401 85 124 71 0.000000 0.481479 -0.451900 0.750976
-0.93869501 -0.87705100 -6.73410606 72 110 53 0.000000 0.411752 0.134421 0.901327
-0.85183501 -0.73537600 -6.66748524 69 112 51 0.000000 -0.093853 -0.213985 0.972318
-0.80713999 -0.34914199 -6.38582087 99 138 83 0.000000 0.346815 -0.227824 0.909844
-1.14193201 -0.46214500 -6.40690422 82 123 58 0.000000 0.722095 -0.237552 0.649729
-0.87544698 -0.70754701 -6.64808893 67 107 53 0.000000 -0.230830 -0.380795 0.895384
-1.16554403 -0.64935899 -6.62363291 67 74 57 0.000000 0.500886 -0.819206 -0.279310
-0.86195397 -0.52539301 -6.51316023 83 116 59 0.000000 0.159333 -0.705619 0.690445
-0.95640498 -0.60887998 -6.56966209 76 117 61 0.000000 0.015093 -0.569430 0.821901
-1.19843304 -0.53129601 -6.42798615 98 126 76 0.000000 0.988525 -0.102019 -0.111400
-0.87376100 -0.66453803 -6.61857319 70 110 52 0.000000 -0.388954 -0.763262 0.515893
-0.67811400 -0.61309701 -6.61941719 95 135 81 0.000000 0.414090 -0.810592 0.414090
-0.94544202 -0.40142700 -6.35546207 72 102 54 0.000000 0.365422 -0.914265 0.174890
-1.12675202 -0.55996901 -6.50219679 67 107 45 0.000000 0.135959 -0.760475 0.634974
-1.09470701 -0.72272599 -6.63290882 77 110 66 0.000000 0.237899 0.498821 -0.833415
-0.75148100 -0.43768901 -6.45412922 86 122 55 0.000000 0.658391 0.006930 0.752644
-0.75148100 -0.35504499 -6.39172411 85 127 67 0.000000 -0.135959 -0.634974 0.760475
-0.81304300 -0.40648699 -6.42545700 73 113 51 0.000000 0.476472 -0.693810 0.540002
-0.79111701 -0.73537600 -6.66326904 77 114 65 0.000000 -0.263640 -0.373862 0.889225
-1.05254102 -0.50937003 -6.46256208 81 120 62 0.000000 0.340543 -0.656645 0.672939
-0.88388002 -0.38203099 -6.39172411 74 108 52 0.000000 0.411713 -0.715951 0.563832
-0.83918500 -0.74296600 -6.68603802 90 122 58 0.000000 0.063819 0.823973 -0.563024
-0.97327101 -0.85006601 -6.73747921 80 102 55 0.000000 -0.166013 0.268591 -0.948841
-0.92435902 -0.51864702 -6.49545002 141 125 106 0.000000 0.380188 -0.499906 0.778172
-0.98929298 -0.64176899 -6.58905697 82 121 72 0.000000 0.373216 -0.659294 0.652718
-1.04916799 -0.78766102 -6.68603802 83 123 52 0.000000 -0.331955 0.008769 0.943254
-0.90412003 -0.36853799 -6.36220789 72 110 62 0.000000 0.331684 -0.577616 0.745885
-0.68233001 -0.52539301 -6.51990700 91 125 49 0.000000 -0.189657 0.318905 -0.928617
-0.93194902 -0.79525101 -6.70037413 78 118 71 0.000000 0.542164 -0.247003 0.803149
-0.64859802 -0.57767802 -6.54351902 82 124 47 0.000000 -0.366023 -0.700860 0.612227
-1.03736198 -0.73284602 -6.65230608 67 105 46 0.000000 0.617715 -0.696363 0.365386
-0.94038200 -0.86018503 -6.72904587 81 118 64 0.000000 0.230126 -0.373772 0.898519
-1.19506001 -0.54984897 -6.46930790 90 127 73 0.000000 -0.070006 -0.443369 0.893601
-0.90243298 -0.65273201 -6.61688709 68 105 55 0.000000 -0.316917 -0.587182 0.744836
-0.88050699 -0.49672100 -6.48954821 79 119 57 0.000000 0.206759 -0.406187 0.890092
-1.19843304 -0.58779800 -6.56881809 73 100 41 0.000000 0.024191 -0.998152 -0.055745
-0.96146399 -0.48660100 -6.46340513 82 116 61 0.000000 0.001364 -0.587928 0.808912
-1.15373802 -0.63249302 -6.57893801 81 114 74 0.000000 0.276051 0.722839 -0.633482
-1.09470701 -0.66116500 -6.60170698 71 111 45 0.000000 -0.142014 -0.443255 0.885075
-0.86195397 -0.40058401 -6.41449404 74 114 52 0.000000 0.063819 -0.563024 0.823973
-0.81894600 -0.80958700 -6.73157597 89 130 89 0.000000 0.602914 -0.555627 0.572515
-0.98338997 -0.57599097 -6.53761578 76 116 60 0.000000 0.166206 -0.672448 0.721242
-1.06266105 -0.47310799 -6.42545700 88 122 73 0.000000 0.260779 -0.529365 0.807321
-0.88893998 -0.54900599 -6.52749586 76 116 51 0.000000 0.104672 -0.700268 0.706165
-0.85352099 -0.35167199 -6.37317085 94 129 82 0.000000 0.308834 -0.514723 0.799801
-1.19084299 -0.59032798 -6.55448198 65 102 29 0.000000 -0.039563 -0.999217 0.001014
-0.93532199 -0.48744401 -6.46677780 82 108 61 0.000000 0.252968 -0.516800 0.817878
-0.86617100 -0.41407701 -6.42376995 109 116 78 0.000000 0.188689 -0.615156 0.765493
-1.11747599 -0.69911402 -6.63543892 80 116 55 0.000000 0.995347 -0.078261 -0.056216
-0.80292302 -0.78091502 -6.70965099 83 119 51 0.000000 0.040001 0.856563 -0.514490
-0.63341898 -0.55996901 -6.53677320 90 124 50 0.000000 -0.015153 0.980288 -0.196990
-0.80039299 -0.38287401 -6.40774679 77 121 57 0.000000 0.420239 -0.616239 0.666070
-1.09723699 -0.56502801 -6.51147413 74 114 42 0.000000 0.332595 -0.618139 0.712239
-1.17482102 -0.64598602 -6.59074402 75 108 65 0.000000 -0.055497 0.902841 0.426379
-1.12590897 -0.51780301 -6.45328522 82 118 65 0.000000 0.172802 -0.665213 0.726382
-1.00953305 -0.46383199 -6.43810606 82 122 68 0.000000 0.164924 -0.450986 0.877161
-0.87460399 -0.37950099 -6.39172411 75 114 54 0.000000 0.144100 -0.809633 0.568972
-1.01712298 -0.39552400 -6.36389494 68 106 50 0.000000 -0.061887 -0.961144 0.269019
-1.16723096 -0.43768901 -6.38582087 108 135 80 0.000000 -0.151390 -0.442636 0.883830
-1.01796603 -0.58611101 -6.53761578 81 121 65 0.000000 0.101747 -0.694534 0.712229
-0.86785799 -0.35504499 -6.36726809 82 123 67 0.000000 0.404351 -0.475803 0.781096
-0.94797200 -0.88211101 -6.75350189 90 115 57 0.000000 -0.135100 0.489555 -0.861443
-0.76666099 -0.67465800 -6.63965607 83 125 73 0.000000 0.175695 -0.731808 0.658474
-1.04326499 -0.72188300 -6.64302921 71 106 49 0.000000 -0.579278 -0.363884 0.729401
-0.65365797 -0.40985999 -6.42376995 87 128 59 0.000000 -0.189657 -0.318905 0.928617
-0.96230799 -0.68815100 -6.62785006 79 119 70 0.000000 0.414342 -0.443362 0.794827
-0.65787399 -0.45624200 -6.46087503 84 125 59 0.000000 -0.015368 -0.694338 0.719485
-0.95809102 -0.47226501 -6.45328522 74 115 57 0.000000 -0.070804 -0.689258 0.721048
-1.00616002 -0.71429300 -6.64387178 75 114 55 0.000000 0.120458 -0.523920 0.843207
-1.16048396 -0.67465800 -6.61520004 79 89 59 0.000000 0.678772 -0.732846 -0.046959
-1.14867795 -0.45202500 -6.39088106 91 134 64 0.000000 0.600043 -0.529052 0.600043
-0.96315098 -0.62153000 -6.57893801 77 114 61 0.000000 0.300952 -0.674325 0.674325
-1.06940699 -0.43347299 -6.38666391 79 120 63 0.000000 0.381354 -0.815363 0.435605
-0.96230799 -0.53129601 -6.50388384 91 111 68 0.000000 0.125666 -0.799824 0.586932
-0.94628501 -0.65104598 -6.60508108 77 116 61 0.000000 -0.023855 -0.745103 0.666523
-0.96905398 -0.39636701 -6.37907505 57 93 42 0.000000 -0.205128 -0.978211 0.032014
-1.21192598 -0.59623098 -6.49039078 64 66 64 0.000000 0.331310 -0.570500 0.751508
-0.84171498 -0.57767802 -6.55279493 71 109 55 0.000000 -0.015370 -0.711203 0.702819
-0.84171498 -0.33986601 -6.36642504 80 112 75 0.000000 0.477044 -0.744453 0.467140
-1.17313397 -0.65357500 -6.60255098 85 112 71 0.000000 0.596737 0.292769 -0.747122
-0.76919103 -0.52792299 -6.51400280 72 114 46 0.000000 0.055838 -0.657173 0.751669
-0.90580601 -0.59201401 -6.56966209 79 115 58 0.000000 -0.055761 -0.664837 0.744904
-1.02471197 -0.51105702 -6.47268200 78 112 62 0.000000 0.428718 -0.747382 0.507563
-1.20180595 -0.48744401 -6.40606022 118 135 105 0.000000 0.277163 -0.436417 0.855991
-0.88809699 -0.76826501 -6.70121717 86 110 58 0.000000 0.759287 0.624846 0.181801
-1.13012600 -0.59960401 -6.54942179 72 111 34 0.000000 0.151001 -0.435747 0.887313
-0.83665502 -0.67971802 -6.64471579 91 127 60 0.000000 -0.117769 0.284498 -0.951415
-0.86364102 -0.71682298 -6.65567923 69 108 52 0.000000 0.126035 -0.787350 0.603486
-0.98085999 -0.48660100 -6.46424818 79 117 60 0.000000 0.156365 -0.708955 0.687701
-0.74473500 -0.40985999 -6.43135881 83 124 65 0.000000 0.031088 -0.469027 0.882636
-1.10566998 -0.64261198 -6.57134819 69 102 56 0.000000 0.159333 0.705619 -0.690445
-0.70847303 -0.41407701 -6.43220282 82 124 63 0.000000 0.031157 -0.475485 0.879172
-0.78015399 -0.46467501 -6.47183800 76 118 58 0.000000 0.096368 -0.545129 0.832795
-1.05675805 -0.72525603 -6.65146208 71 111 40 0.000000 -0.427705 -0.650710 0.627411
-0.73039901 -0.40648699 -6.42883015 78 117 57 0.000000 -0.006835 -0.570049 0.821582
-0.74389201 -0.73874903 -6.66748524 94 133 82 0.000000 0.111643 -0.540817 0.833699
-0.86364102 -0.51021302 -6.50051117 80 117 59 0.000000 0.270364 -0.523538 0.807967
-1.02639902 -0.79525101 -6.68266392 76 114 55 0.000000 0.672649 -0.481422 0.561939
-1.14446199 -0.67465800 -6.62953615 92 130 68 0.000000 0.688657 0.308041 0.656401
-0.83918500 -0.65188903 -6.60086393 78 113 73 0.000000 0.230423 -0.340563 0.911549
-0.65112799 -0.57852101 -6.55195189 77 119 42 0.000000 -0.373862 -0.889225 0.263640
-0.95134503 -0.83235598 -6.71386719 79 119 70 0.000000 0.103558 -0.472396 0.875281
-0.80207998 -0.73621899 -6.67929077 87 121 55 0.000000 -0.023611 0.601387 -0.798609
-1.18915701 -0.58779800 -6.57893801 70 112 31 0.000000 -0.460512 -0.737810 0.493524
-1.18241000 -0.46467501 -6.41533709 84 123 61 0.000000 -0.064613 -0.457790 0.886710
-0.80376601 -0.52792299 -6.51568985 73 113 49 0.000000 -0.118734 -0.476367 0.871193
-1.21276903 -0.59454399 -6.55448198 46 54 46 0.000000 0.980693 0.071170 -0.182146
-1.06940699 -0.54141599 -6.49123383 70 113 54 0.000000 -0.062569 -0.490818 0.869012
-0.79617703 -0.49756399 -6.49207687 73 116 48 0.000000 -0.009156 -0.427731 0.903860
-0.96230799 -0.39636701 -6.38582087 55 88 41 0.000000 0.001028 -0.998513 0.054502
-0.86785799 -0.71007699 -6.65061903 69 111 48 0.000000 -0.111351 -0.840197 0.530727
-0.63004500 -0.41913700 -6.43726301 105 129 64 0.000000 -0.032441 0.695361 -0.717928
-0.68570399 -0.60719401 -6.60170698 86 126 74 0.000000 0.279560 -0.841768 0.461814
-0.70678598 -0.40058401 -6.42461300 90 132 78 0.000000 -0.126986 -0.524002 0.842198
-1.12337899 -0.46045801 -6.40943289 81 121 58 0.000000 0.403157 -0.638747 0.655337
-1.21192598 -0.59370100 -6.54520607 47 52 43 0.000000 0.992161 0.055434 -0.112000
-0.88219398 -0.46804801 -6.46340513 79 118 57 0.000000 0.102964 -0.555428 0.825166
-0.96483803 -0.88801402 -6.74338198 72 85 57 0.000000 -0.079784 -0.482906 0.872030
-0.87123102 -0.50515401 -6.49292088 81 121 55 0.000000 0.006901 -0.622490 0.782598
-1.09470701 -0.42756999 -6.38076115 79 120 60 0.000000 -0.206014 -0.958300 0.198040
-1.20855296 -0.57514799 -6.46003199 124 146 108 0.000000 0.856674 -0.310255 0.412130
-0.91339600 -0.38962099 -6.39425421 69 96 46 0.000000 -0.071819 -0.854781 0.513995
-1.05169797 -0.53466898 -6.48786116 72 113 57 0.000000 -0.088433 -0.610330 0.787196
-1.09048998 -0.71597999 -6.62447596 72 106 62 0.000000 0.904024 0.158026 -0.397201
-1.09554994 -0.44190601 -6.38835096 82 123 61 0.000000 -0.032394 -0.666198 0.745071
-0.63004500 -0.51442999 -6.50641298 112 152 98 0.000000 0.253479 -0.441691 0.860615
-0.92604601 -0.58948398 -6.55195189 76 110 54 0.000000 0.230379 -0.444195 0.865804
-0.72702599 -0.36769500 -6.40353107 102 144 86 0.000000 0.269438 -0.664827 0.696713
-0.75907099 -0.40648699 -6.42883015 79 120 58 0.000000 0.126062 -0.505696 0.853452
-0.91255301 -0.44780901 -6.44653893 84 122 64 0.000000 0.095169 -0.663255 0.742318
-1.07025099 -0.58948398 -6.53086901 72 111 43 0.000000 -0.119258 -0.489965 0.863546
-1.08121395 -0.71766698 -6.62531996 72 106 59 0.000000 0.015093 0.821901 -0.569430
-0.95556098 -0.49419099 -6.47352505 77 115 59 0.000000 0.001374 -0.773712 0.633537
-0.93700898 -0.73453301 -6.65905190 81 117 68 0.000000 0.096466 -0.373638 0.922545
-1.04242206 -0.78091502 -6.68941116 80 111 50 0.000000 -0.071141 0.489615 -0.869032
-0.66799402 -0.60719401 -6.61182690 98 141 89 0.000000 0.473868 -0.838144 0.270120
-1.18241000 -0.62743300 -6.58905697 75 111 68 0.000000 0.842954 0.230174 -0.486261
-0.94797200 -0.78850400 -6.68350792 83 123 71 0.000000 -0.038819 -0.284258 0.957962
-0.81641603 -0.53551298 -6.52075005 83 111 57 0.000000 0.109459 -0.467687 0.877091
-0.90327603 -0.67887503 -6.63881302 79 108 62 0.000000 -0.427258 -0.333355 0.840431
-0.97158402 -0.82645297 -6.70880699 75 114 66 0.000000 -0.143274 -0.409961 0.900780
-0.86870098 -0.72441298 -6.66158199 71 110 52 0.000000 -0.142977 -0.696825 0.702846
-0.62498599 -0.41829300 -6.42292595 68 83 50 0.000000 0.006901 -0.622490 0.782598
-1.02386904 -0.52708000 -6.49123383 82 121 61 0.000000 0.135307 -0.933483 0.332118
-0.79533303 -0.68224800 -6.63796902 81 119 72 0.000000 0.149560 -0.531603 0.833684
-1.10145295 -0.62405998 -6.55026579 66 98 51 0.000000 0.191761 0.382080 -0.904015
-0.83159500 -0.61056697 -6.57978106 74 116 51 0.000000 -0.079533 -0.467431 0.880445
-0.77087700 -0.41323301 -6.43473291 82 115 58 0.000000 -0.120240 -0.657607 0.743704
-1.11410296 -0.73284602 -6.65483522 76 108 55 0.000000 0.152221 0.619435 -0.770149
-1.16132796 -0.61731303 -6.56291485 86 118 76 0.000000 0.356726 0.822849 -0.442341
-0.93447900 -0.61309701 -6.57725096 89 111 65 0.000000 -0.159681 -0.698034 0.698034
-1.06772101 -0.45371199 -6.40437412 74 115 66 0.000000 0.570698 -0.103103 0.814661
-0.90243298 -0.42335299 -6.43388891 74 114 52 0.000000 0.189760 -0.689615 0.698872
-0.90833598 -0.71935302 -6.66495514 100 117 76 0.000000 0.238041 -0.570987 0.785691
-1.07531095 -0.46720499 -6.41955280 78 120 67 0.000000 -0.032342 -0.760742 0.648248
-0.95556098 -0.72525603 -6.65314913 73 114 65 0.000000 -0.246630 -0.405070 0.880393
-0.72365201 -0.48491400 -6.48280096 83 120 63 0.000000 0.293497 -0.643128 0.707280
-1.04748201 -0.52033299 -6.47183800 76 116 62 0.000000 0.150634 -0.571215 0.806860
-0.99013698 -0.84416199 -6.71471024 81 119 75 0.000000 0.102572 -0.445417 0.889428
-1.00784600 -0.52033299 -6.48617506 78 117 61 0.000000 0.205497 -0.752459 0.625761
-0.66293401 -0.58442402 -6.56797504 77 119 45 0.000000 0.466127 -0.862261 0.198067
-0.95387501 -0.69995701 -6.63965607 79 119 61 0.000000 0.181801 -0.759287 0.624846
-0.95724797 -0.71345001 -6.64724588 81 121 73 0.000000 0.183343 -0.556089 0.810648
-0.71437597 -0.59201401 -6.56628799 79 120 54 0.000000 0.015148 -0.576995 0.816607
-0.86364102 -0.66453803 -6.61688709 69 110 51 0.000000 0.055761 -0.744904 0.664837
-0.86195397 -0.68056101 -6.63122320 71 113 51 0.000000 -0.038268 -0.673238 0.738435
-0.96905398 -0.86271501 -6.74591303 90 111 57 0.000000 0.937035 -0.190183 0.292910
-1.15626800 -0.43853301 -6.38329077 83 124 54 0.000000 -0.126500 -0.510363 0.850604
-0.81641603 -0.37191099 -6.39678383 83 123 65 0.000000 -0.110819 -0.666394 0.737318
-0.94459802 -0.56502801 -6.53171301 74 114 56 0.000000 -0.095293 -0.687578 0.719831
-0.95471799 -0.38877800 -6.36726809 57 71 34 0.000000 0.142675 0.347683 0.926693
-1.08796000 -0.76489198 -6.69362688 41 42 36 0.000000 0.664094 -0.395807 0.634284
-1.09892297 -0.50093699 -6.44147921 80 119 62 0.000000 0.085640 -0.616897 0.782371
-1.18915701 -0.53129601 -6.45328522 84 123 70 0.000000 0.381443 -0.731782 0.564798
-0.71774900 -0.64767200 -6.63375282 86 127 74 0.000000 0.119828 -0.625770 0.770748
-1.08036995 -0.65188903 -6.59158802 66 104 40 0.000000 -0.055843 -0.694456 0.717365
-0.95724797 -0.39889699 -6.35040188 71 108 51 0.000000 -0.191264 -0.775767 0.601334
-1.11831903 -0.57093102 -6.51906300 76 115 47 0.000000 0.405903 -0.634535 0.657729
-0.73883200 -0.60635000 -6.58652782 81 124 61 0.000000 0.639558 -0.528184 -0.558559
-0.89821601 -0.54141599 -6.52075005 76 117 54 0.000000 -0.158766 -0.769635 0.618430
-0.84846199 -0.67550099 -6.62616301 70 111 58 0.000000 -0.276262 -0.643547 0.713811
-1.07025099 -0.42756999 -6.38160515 79 120 62 0.000000 0.301232 -0.460432 0.835022
-0.68233001 -0.51190001 -6.51147413 86 119 48 0.000000 -0.110572 0.759264 -0.641320
-0.97327101 -0.83910298 -6.71302414 76 115 65 0.000000 0.348852 -0.443563 0.825563
-0.82737899 -0.85934198 -6.76699495 72 81 70 0.000000 0.923181 -0.142989 0.356778
-1.14108801 -0.49081701 -6.42545700 90 127 69 0.000000 0.261836 -0.633168 0.728382
-0.92098600 -0.73031598 -6.66326904 79 111 68 0.000000 0.237958 -0.558346 0.794749
-0.96399403 -0.88548398 -6.75434494 96 109 66 0.000000 0.079566 0.111853 -0.990534
-1.13518500 -0.63839602 -6.57472086 83 116 82 0.000000 0.461436 0.412864 -0.785251
-1.19337296 -0.46383199 -6.41280699 45 68 29 0.000000 0.742846 -0.165583 0.648661
-1.01374900 -0.47901100 -6.45328522 85 123 65 0.000000 0.150634 -0.571215 0.806860
-0.99266702 -0.44780901 -6.43220282 75 116 57 0.000000 0.372823 -0.294334 0.879983
-1.12422204 -0.54816198 -6.47605515 66 96 40 0.000000 -0.167478 0.792127 -0.586929
-0.95303100 -0.57093102 -6.53845882 76 116 61 0.000000 -0.143241 -0.716204 0.683033
-0.73883200 -0.39046401 -6.41955280 86 127 66 0.000000 -0.206099 -0.538910 0.816762
-1.12590897 -0.68562102 -6.62363291 91 127 63 0.000000 0.854899 -0.512940 -0.077718
-0.89568698 -0.48407099 -6.47689819 81 121 57 0.000000 0.253491 -0.435640 0.863690
-0.76244402 -0.60550702 -6.57556486 69 111 46 0.000000 0.117393 -0.735563 0.667208
-1.17903697 -0.48575801 -6.40690422 97 138 79 0.000000 -0.047952 -0.480891 0.875468
-1.05169797 -0.80115402 -6.68772411 82 120 54 0.000000 -0.394325 -0.378615 0.837352
-1.22288895 -0.54394603 -6.45581484 85 101 67 0.000000 0.768432 0.429082 0.474764
-0.82737899 -0.71176302 -6.65483522 73 113 60 0.000000 -0.055990 -0.339848 0.938812
-1.15205097 -0.44949600 -6.40268707 86 124 57 0.000000 0.403407 0.095000 0.910076
-0.91002297 -0.45371199 -6.45075607 86 124 64 0.000000 0.038110 -0.630931 0.774902
-0.80292302 -0.43515900 -6.44906902 95 116 71 0.000000 0.276805 -0.426678 0.861002
-0.82906502 -0.50431001 -6.50219679 70 109 45 0.000000 -0.094393 -0.958152 0.270248
-0.80207998 -0.64767200 -6.61773014 78 119 66 0.000000 0.404637 -0.277335 0.871409
-0.84930497 -0.35841900 -6.38076115 87 129 72 0.000000 0.315985 -0.675721 0.665999
-0.93532199 -0.42588300 -6.42039585 119 112 88 0.000000 0.405534 -0.358561 0.840818
-0.83412498 -0.68815100 -6.63375282 71 111 62 0.000000 0.270364 -0.523538 0.807967
-0.85942400 -0.98162103 -6.78301811 46 42 39 0.000000 0.174475 -0.839567 0.514477
-0.93363500 -0.52201998 -6.49545002 93 111 65 0.000000 0.030982 -0.459349 0.887715
-0.69076300 -0.49840701 -6.48954821 89 129 70 0.000000 0.355021 -0.379826 0.854221
-0.79027301 -0.39552400 -6.41871023 82 123 63 0.000000 0.275365 -0.609623 0.743326
-1.07109404 -0.41238999 -6.36558199 92 128 74 0.000000 0.175140 -0.759955 0.625935
-0.61317903 -0.48407099 -6.48701811 100 142 84 0.000000 0.040594 -0.572520 0.818885
-1.14193201 -0.68815100 -6.61266994 84 123 64 0.000000 0.642217 0.601974 0.474536
-0.98338997 -0.66453803 -6.60845423 77 118 61 0.000000 -0.031313 -0.496922 0.867230
-1.11157298 -0.68393397 -6.62785006 78 117 48 0.000000 0.926693 -0.142675 -0.347683
-0.82990903 -0.58948398 -6.56291485 73 114 55 0.000000 -0.126746 -0.672500 0.729163
-0.91423899 -0.76067501 -6.68688107 73 108 60 0.000000 0.421987 -0.310694 0.851702
-0.82484901 -0.40058401 -6.42039585 75 113 54 0.000000 0.006901 -0.622490 0.782598
-0.91508299 -0.88970101 -6.73916578 73 111 59 0.000000 -0.064403 -0.268977 0.960991
-0.78521401 -0.66116500 -6.62278986 79 120 62 0.000000 -0.133379 -0.735833 -0.663898
-1.13518500 -0.42841300 -6.36473799 98 137 69 0.000000 0.149792 0.955750 -0.253188
-1.05844498 -0.44021901 -6.40100098 88 123 74 0.000000 0.101382 -0.498342 0.861032
-0.74051797 -0.75898898 -6.67085791 77 119 62 0.000000 -0.283929 -0.340417 0.896382
-1.02302599 -0.74971199 -6.66495514 68 107 46 0.000000 0.096224 -0.071319 0.992801
-1.18493998 -0.54141599 -6.46593523 84 124 65 0.000000 -0.197598 -0.967327 0.158853
-0.75485498 -0.78766102 -6.71808290 86 123 55 0.000000 0.095565 0.964568 -0.245920
-0.75654101 -0.74127901 -6.68182087 88 121 52 0.000000 -0.142206 0.387195 -0.910965
-1.00953305 -0.58358097 -6.53845882 77 119 60 0.000000 0.246227 -0.760638 0.600668
-0.61739600 -0.57430500 -6.53845882 92 118 58 0.000000 0.981436 0.190219 -0.024507
-1.20602298 -0.57599097 -6.47942781 85 106 67 0.000000 0.983674 -0.134302 -0.119783
-0.87207401 -0.68562102 -6.64218616 81 116 53 0.000000 -0.086151 0.734474 -0.673146
-1.19000006 -0.50431001 -6.41955280 56 77 45 0.000000 -0.413458 -0.682454 -0.602751
-0.86195397 -0.99089801 -6.75350189 96 96 64 0.000000 0.687573 -0.671620 -0.275987
-0.99519700 -0.54563200 -6.50978708 90 114 68 0.000000 0.212958 -0.632657 0.744577
-0.77172101 -0.51190001 -6.50303984 79 121 53 0.000000 0.001330 -0.490829 0.871255
-0.93700898 -0.78513098 -6.68603802 79 118 71 0.000000 0.502234 -0.508908 0.699123
-0.69835299 -0.60213399 -6.58905697 78 121 62 0.000000 0.260655 -0.759849 0.595557
-0.86195397 -0.53888601 -6.52159309 75 114 59 0.000000 0.252461 -0.569212 0.782471
-0.82484901 -0.59876102 -6.57472086 74 116 53 0.000000 -0.006810 -0.554373 0.832241
-1.10819995 -0.50599700 -6.44232178 81 119 60 0.000000 0.499766 -0.523166 0.690312
-0.67389703 -0.39383700 -6.43894911 93 122 68 0.000000 -0.079898 0.684215 -0.724890
-0.76750398 -0.73874903 -6.66664219 80 118 70 0.000000 0.191495 -0.419535 0.887310
-0.96821100 -0.57261801 -6.53930283 74 112 55 0.000000 0.373289 -0.610089 0.698889
-0.89737302 -0.43600300 -6.44063616 74 115 56 0.000000 -0.229758 -0.614252 0.754921
-1.11831903 -0.50937003 -6.44653893 74 113 59 0.000000 0.301144 -0.466539 0.831657
-1.04073501 -0.46130201 -6.42714310 89 118 71 0.000000 0.286171 -0.792108 0.539139
-0.63932198 -0.59032798 -6.58231115 96 133 60 0.000000 0.815569 0.578659 0.001362
-1.03230202 -0.75814497 -6.67001486 74 114 47 0.000000 -0.525389 -0.485359 0.698851
-1.07446694 -0.69742697 -6.63628292 75 114 44 0.000000 -0.136349 -0.732691 0.666763
-1.05254102 -0.74971199 -6.67423201 66 106 37 0.000000 0.348317 -0.562167 0.750096
-0.95977801 -0.44612199 -6.43388891 83 122 62 0.000000 0.150440 -0.555584 0.817737
-1.06856406 -0.58020800 -6.52496576 78 111 53 0.000000 0.022896 -0.475421 0.879461
-0.61655200 -0.52792299 -6.53002596 73 79 68 0.000000 -0.299982 -0.792017 -0.531715
-0.76075798 -0.79862398 -6.72398710 64 79 43 0.000000 -0.348424 -0.921138 0.173507
-1.10566998 -0.44274899 -6.40015697 88 123 71 0.000000 0.332174 -0.317143 0.888302
-0.61402297 -0.55575198 -6.51821995 113 142 84 0.000000 0.079049 -0.294167 0.952479
-1.06687796 -0.76489198 -6.68772411 76 114 34 0.000000 -0.451735 -0.698439 0.555084
-1.05928802 -0.61731303 -6.55869913 70 105 44 0.000000 0.079931 -0.704844 0.704844
-0.87207401 -0.59707397 -6.56544495 76 115 49 0.000000 0.458264 -0.220868 0.860936
-0.99857002 -0.71682298 -6.64387178 75 115 56 0.000000 -0.183302 -0.435526 0.881316
-1.10061002 -0.74296600 -6.66073799 78 111 59 0.000000 0.173289 0.484320 -0.857558
-1.16891801 -0.60466403 -6.58568382 67 106 23 0.000000 -0.615769 -0.728312 0.300650
-1.12675202 -0.45624200 -6.40437412 78 117 56 0.000000 0.246786 -0.746646 0.617751
-0.72280902 -0.47310799 -6.47436810 89 118 64 0.000000 0.054547 -0.530090 0.846185
-0.91508299 -0.67297101 -6.63375282 105 118 81 0.000000 0.714259 -0.514467 0.474508
-0.85773802 -0.36263499 -6.37991810 79 122 59 0.000000 0.001367 -0.600218 0.799835
-1.06350398 -0.41070300 -6.37064219 82 120 65 0.000000 0.363380 -0.388334 0.846848
-0.66293401 -0.48238400 -6.49207687 91 126 56 0.000000 0.848436 0.236100 -0.473723
-1.02724195 -0.48744401 -6.45412922 80 119 62 0.000000 0.332595 -0.618139 0.712239
-0.86785799 -0.65526199 -6.60761023 70 110 56 0.000000 -0.333016 -0.635166 0.696896
-1.01965201 -0.76489198 -6.68266392 88 120 56 0.000000 -0.071283 0.388693 -0.918606
-0.77509397 -0.37275499 -6.40268707 82 124 64 0.000000 0.243882 -0.539026 0.806209
-0.81135601 -0.58611101 -6.56375790 76 119 56 0.000000 -0.015354 -0.674190 0.738398
-1.06434798 -0.70754701 -6.64302921 67 105 39 0.000000 -0.228651 -0.769946 0.595736
-0.63173199 -0.43262899 -6.44485188 98 130 61 0.000000 -0.087550 -0.244887 -0.965591
-1.01121902 -0.55659503 -6.51568985 98 116 77 0.000000 0.142083 -0.602730 0.785194
-0.79617703 -0.34408200 -6.39003801 96 137 81 0.000000 0.165530 -0.461433 0.871596
-1.03314495 -0.73200297 -6.66326904 91 123 64 0.000000 0.094975 0.641449 -0.761264
-0.72955501 -0.39974099 -6.42461300 83 125 64 0.000000 0.096038 -0.531794 0.841410
-0.78268403 -0.77585500 -6.70374680 85 122 50 0.000000 -0.070078 0.584938 -0.808045
-1.16385806 -0.52539301 -6.44738197 84 120 63 0.000000 -0.451735 -0.698439 0.555084
-0.96568102 -0.82223600 -6.70627689 74 114 64 0.000000 0.095394 -0.413374 0.905551
-0.77256399 -0.48322800 -6.48111391 77 121 60 0.000000 -0.015013 -0.539109 0.842102
-0.71353298 -0.46889201 -6.47268200 81 121 60 0.000000 0.023378 -0.545951 0.837491
-0.67474103 -0.52876598 -6.50894403 85 125 69 0.000000 -0.103989 -0.491453 0.864673
-1.01459301 -0.80368400 -6.69953108 88 126 68 0.000000 0.761111 0.414110 0.499223
-0.68654698 -0.52117598 -6.50641298 86 129 68 0.000000 -0.087671 -0.556207 0.826406
-0.82147598 -0.68140399 -6.63881302 83 115 68 0.000000 0.987389 -0.126225 -0.095554
-0.93279201 -0.56165498 -6.52749586 76 112 55 0.000000 0.150417 -0.564436 0.811657
-0.85014802 -0.46636200 -6.46593523 78 119 54 0.000000 0.181151 -0.452142 0.873356
-0.86870098 -0.57683498 -6.55110884 72 111 51 0.000000 0.086217 -0.691199 0.717503
-1.14867795 -0.44359201 -6.39678383 82 123 54 0.000000 0.032541 -0.230194 0.972600
-1.10145295 -0.58948398 -6.53508615 65 106 39 0.000000 -0.230024 -0.727627 0.646258
-0.74810803 -0.46045801 -6.46677780 83 115 64 0.000000 -0.006634 -0.465682 0.884928
-0.82063198 -0.34492600 -6.38076115 103 142 95 0.000000 0.262472 -0.458942 0.848812
-0.71268898 -0.38456100 -6.41618013 96 137 82 0.000000 0.016499 -0.346482 0.937912
-1.17735100 -0.49334699 -6.42967319 86 124 67 0.000000 0.560284 -0.189798 0.806262
-0.90158999 -0.36347800 -6.35714912 85 123 77 0.000000 0.450454 -0.631305 0.631305
-1.00616002 -0.77332503 -6.67338800 73 110 54 0.000000 0.317642 -0.604648 0.730414
-0.94628501 -0.68393397 -6.62953615 79 119 72 0.000000 0.001375 -0.639507 0.768784
-1.18915701 -0.61900002 -6.59158802 103 123 97 0.000000 0.600396 0.364818 -0.711641
-1.00025594 -0.55659503 -6.51653290 90 117 71 0.000000 0.143225 -0.719141 0.679943
-1.20855296 -0.58189398 -6.55110884 63 81 35 0.000000 0.968481 -0.238684 0.071230
-0.68570399 -0.53129601 -6.52243710 91 125 49 0.000000 -0.102373 0.317755 -0.942630
-0.71184599 -0.68646401 -6.66579819 101 144 97 0.000000 0.484725 -0.271012 0.831621
-0.68570399 -0.38287401 -6.41618013 111 151 93 0.000000 0.371760 -0.253271 0.893112
-0.84171498 -0.42672601 -6.44063616 84 116 63 0.000000 0.316942 -0.517619 0.794744
-1.21445596 -0.54731899 -6.42714310 76 78 79 0.000000 0.556861 -0.587327 0.587327
-1.07278097 -0.44865200 -6.40521717 81 121 69 0.000000 -0.443546 -0.896251 0.001308
-1.21024001 -0.53045303 -6.41449404 101 107 99 0.000000 0.585638 -0.514754 0.626144
-1.09133303 -0.68815100 -6.60423708 71 103 56 0.000000 0.206064 0.726648 -0.655378
-0.87207401 -0.40733001 -6.41618013 81 113 59 0.000000 0.190711 -0.584339 0.788782
-0.76581800 -0.77501100 -6.70121717 83 118 50 0.000000 0.229675 0.629654 -0.742149
-0.95050102 -0.37359801 -6.36811209 85 61 41 0.000000 0.349105 -0.032205 0.936530
-1.05001199 -0.79778099 -6.69531393 75 101 52 0.000000 -0.102373 0.317755 -0.942630
-1.15711105 -0.43009901 -6.37738800 106 121 73 0.000000 -0.492030 -0.555843 0.670034
-1.10398304 -0.73453301 -6.68182087 60 74 34 0.000000 0.331934 -0.524360 -0.784134
-1.12337899 -0.64092600 -6.57050514 73 107 66 0.000000 0.063763 0.568199 -0.820417
-0.96062100 -0.36685199 -6.35967922 60 77 32 0.000000 0.553506 -0.340495 0.760062
-0.62161201 -0.44865200 -6.46424818 95 128 60 0.000000 0.394495 0.846683 -0.357073
-1.07699704 -0.52708000 -6.47689819 74 113 54 0.000000 0.753201 -0.397023 0.524463
-0.84761798 -0.37697101 -6.39762688 76 115 57 0.000000 0.110943 -0.690808 0.714476
-1.08711696 -0.64935899 -6.57472086 83 111 64 0.000000 0.903860 0.009156 -0.427731
-0.78437001 -0.76657802 -6.68350792 78 119 60 0.000000 -0.278848 -0.412939 0.867021
-1.03061497 -0.39299399 -6.35883522 70 110 53 0.000000 -0.134890 -0.967356 0.214540
-1.12084901 -0.64261198 -6.60001993 71 111 40 0.000000 -0.189213 -0.721471 0.666092
-0.96146399 -0.37612799 -6.36305189 58 74 32 0.000000 0.475390 -0.309082 0.823695
-0.75654101 -0.59032798 -6.56966209 92 127 64 0.000000 -0.015292 0.760442 -0.649226
-1.08374405 -0.77501100 -6.67844820 91 120 77 0.000000 0.682683 0.525012 -0.508238
-1.10819995 -0.65020198 -6.61013985 99 130 81 0.000000 -0.040401 0.246081 -0.968407
-0.91761202 -0.51611698 -6.50810099 122 131 91 0.000000 0.499906 0.380188 -0.778172
-0.67979997 -0.39299399 -6.42208290 100 141 79 0.000000 0.220605 -0.372545 0.901412
-1.18072402 -0.51949000 -6.44400883 87 126 70 0.000000 0.117219 -0.678090 0.725571
-0.86701399 -0.45033899 -6.45412922 82 124 61 0.000000 -0.023693 -0.781872 0.622989
-0.85942400 -0.34323901 -6.35799217 58 70 54 0.000000 0.473412 -0.790097 0.389394
-1.15795505 -0.63923901 -6.58484077 75 108 65 0.000000 0.151132 0.588068 -0.794566
-0.64438200 -0.53804302 -6.51484680 93 134 80 0.000000 0.142206 -0.387195 0.910965
-1.11410296 -0.58526802 -6.53086901 66 104 39 0.000000 0.001357 -0.563126 0.826370
-1.18578398 -0.54310203 -6.47268200 84 123 67 0.000000 -0.172802 -0.726382 0.665213
-1.09133303 -0.69405401 -6.63881302 76 114 46 0.000000 -0.317219 -0.530824 0.785874
-0.75401098 -0.41323301 -6.43304586 84 120 63 0.000000 -0.039751 -0.500316 0.864930
-0.91002297 -0.63502300 -6.61098289 91 115 60 0.000000 0.580704 -0.634566 -0.510009
-0.96483803 -0.56334198 -6.53002596 78 119 54 0.000000 0.165942 -0.704874 0.689650
-1.03736198 -0.68899399 -6.61941719 76 110 57 0.000000 0.126611 -0.743282 0.656888
-0.94375497 -0.67128497 -6.61773014 81 121 75 0.000000 0.159262 -0.531371 0.832034
-0.73208499 -0.52623600 -6.50725698 81 123 52 0.000000 0.197271 -0.507482 0.838776
-0.87376100 -0.49250400 -6.48533106 77 118 54 0.000000 0.040557 -0.577581 0.815326
-0.85689503 -0.47732499 -6.47352505 74 114 56 0.000000 -0.006930 -0.752644 0.658391
-1.13855898 -0.65020198 -6.61520004 78 117 47 0.000000 -0.507563 -0.747382 -0.428718
-0.84761798 -0.54731899 -6.53086901 81 121 59 0.000000 0.072729 -0.571848 0.817129
-0.96905398 -0.64092600 -6.59580421 84 117 66 0.000000 0.143080 -0.538396 0.830457
-0.85689503 -0.69658399 -6.64218616 70 109 54 0.000000 -0.048664 -0.529746 0.846759
-0.82822198 -0.52201998 -6.51400280 76 113 53 0.000000 0.038688 -0.278304 0.959713
-0.89906001 -0.75477201 -6.69109821 70 102 61 0.000000 -0.555196 -0.294301 0.777910
-0.78943002 -0.76573497 -6.69953108 88 118 54 0.000000 0.197983 0.775048 -0.600087
-0.79196000 -0.77163798 -6.70290422 87 122 53 0.000000 0.292252 0.046811 -0.955195
-0.74473500 -0.37191099 -6.40353107 91 133 73 0.000000 0.168002 -0.515901 0.840012
-0.66377801 -0.60803699 -6.62531996 103 142 91 0.000000 -0.008057 -0.981769 -0.189908
-1.14446199 -0.48997399 -6.44400883 78 119 53 0.000000 -0.672185 -0.736065 0.079849
-1.12759602 -0.46720499 -6.42376995 83 117 62 0.000000 0.206743 -0.490449 0.846591
-1.20180595 -0.54478902 -6.46846485 90 129 72 0.000000 -0.254674 -0.792146 0.554658
-0.84171498 -0.58864099 -6.56207180 70 111 49 0.000000 0.046700 -0.609934 0.791075
-0.99266702 -0.47732499 -6.45497179 81 121 62 0.000000 -0.079369 -0.616191 0.783587
-1.20686603 -0.60382003 -6.54436302 88 118 64 0.000000 0.838683 0.412287 -0.355852
-0.76413101 -0.36769500 -6.40015697 85 127 68 0.000000 -0.070962 -0.696582 0.713960
-0.60811901 -0.47479501 -6.48111391 107 144 90 0.000000 0.189688 -0.673931 0.714028
-0.73377198 -0.76320499 -6.67085791 84 126 62 0.000000 -0.118220 -0.544394 0.830457
-0.71100301 -0.43178600 -6.45918798 88 121 50 0.000000 0.063750 0.135614 -0.988709
-0.66883701 -0.62237298 -6.65146208 124 162 121 0.000000 0.553416 -0.134296 0.822007
-0.89062703 -0.41660699 -6.42292595 78 112 57 0.000000 -0.006877 -0.601086 0.799155
-0.97580099 -0.53972900 -6.51063013 83 113 63 0.000000 0.189081 -0.631806 0.751711
-1.00447297 -0.68056101 -6.61604404 73 112 55 0.000000 -0.006877 -0.601086 0.799155
-0.63004500 -0.53888601 -6.51568985 100 142 84 0.000000 0.072469 -0.270807 0.959902
-0.68739003 -0.55069202 -6.52665281 83 125 61 0.000000 -0.056179 -0.464503 0.883788
-1.16385806 -0.61646998 -6.59243107 68 107 20 0.000000 -0.499747 -0.718905 0.483144
-0.97327101 -0.46214500 -6.44569588 77 118 60 0.000000 0.149148 -0.521280 0.840251
-1.14361799 -0.59876102 -6.53592920 69 101 57 0.000000 0.189826 0.551255 -0.812456
-0.84002799 -0.84837902 -6.75012922 105 143 101 0.000000 0.332034 -0.490902 0.805461
-0.75822800 -0.73115999 -6.66664219 87 128 73 0.000000 0.125591 -0.362971 0.923298
-0.79955000 -0.54563200 -6.52749586 88 113 62 0.000000 0.102084 -0.521921 0.846863
-1.21445596 -0.59032798 -6.49545002 84 89 79 0.000000 0.324145 -0.572495 0.753113
-0.88725400 -0.70754701 -6.65314913 69 109 53 0.000000 -0.086179 -0.679207 0.728870
-0.82316202 -0.74380898 -6.67423201 70 112 53 0.000000 0.054297 -0.513737 0.856228
-0.78943002 -0.76910800 -6.68856812 74 114 50 0.000000 -0.213767 -0.452946 0.865531
-0.85014802 -0.52792299 -6.51568985 83 111 61 0.000000 0.046978 -0.656264 0.753067
-1.04663801 -0.41070300 -6.37654400 75 113 57 0.000000 0.236391 -0.435141 0.868776
-0.84087199 -0.56418502 -6.54436302 73 114 55 0.000000 -0.063900 -0.428263 0.901392
-1.05928802 -0.53635597 -6.48448801 76 116 58 0.000000 0.047290 -0.436415 0.898502
-1.15964103 -0.69658399 -6.61182690 71 88 63 0.000000 0.494284 0.412719 -0.765079
-0.69498003 -0.45961499 -6.46509218 82 123 58 0.000000 0.087106 -0.538341 0.838213
-0.81051302 -0.55237901 -6.53761578 73 113 53 0.000000 0.119214 -0.593128 0.796233
-1.18831396 -0.60719401 -6.57387781 73 102 63 0.000000 0.397099 0.827421 -0.397099
-0.85520798 -0.97824800 -6.78807783 81 77 65 0.000000 0.120441 0.688449 -0.715214
-0.86870098 -0.51949000 -6.50641298 104 107 70 0.000000 0.278557 -0.450923 0.847982
-1.03061497 -0.81042999 -6.68772411 80 117 57 0.000000 -0.451421 -0.729219 0.514256
-1.04410803 -0.72610003 -6.65820885 92 125 70 0.000000 0.079931 0.704844 -0.704844
-1.12337899 -0.42082301 -6.37654400 99 136 76 0.000000 -0.039560 -0.945619 0.322863
-0.85942400 -1.00017405 -6.75771904 44 39 36 0.000000 0.325615 -0.428441 0.842860
-0.62667203 -0.55996901 -6.53592920 90 125 53 0.000000 0.245847 0.426839 -0.870269
-1.12422204 -0.54563200 -6.48954821 77 116 58 0.000000 0.364851 -0.911412 0.190295
-0.97580099 -0.76236200 -6.68182087 82 116 50 0.000000 -0.007560 0.102601 -0.994694
-0.83412498 -0.73453301 -6.67929077 88 125 55 0.000000 0.023855 0.666523 -0.745103
-1.01290596 -0.57599097 -6.53255606 81 119 65 0.000000 0.214479 -0.584802 0.782308
-0.86785799 -0.63586599 -6.59158802 74 110 60 0.000000 -0.221266 -0.514253 0.828604
-1.15373802 -0.68140399 -6.60423708 85 116 76 0.000000 0.220605 0.372545 -0.901412
-1.09554994 -0.65694898 -6.57978106 93 124 73 0.000000 -0.451735 0.698439 -0.555084
-0.97664398 -0.55153501 -6.51906300 78 114 56 0.000000 0.142411 -0.634102 0.760023
-0.96399403 -0.85849899 -6.74422598 85 113 54 0.000000 0.643790 0.499232 -0.579915
-1.08036995 -0.59791702 -6.54351902 68 106 38 0.000000 0.070327 -0.793693 0.604240
-0.94965798 -0.60550702 -6.56713200 76 117 60 0.000000 0.032371 -0.657262 0.752966
-0.82822198 -0.93692601 -6.78470516 116 138 91 0.000000 0.276992 -0.777160 -0.565064
-1.15795505 -0.61394000 -6.58062506 64 107 25 0.000000 -0.758805 -0.316035 0.569505
-0.82484901 -0.76067501 -6.69362688 85 119 54 0.000000 0.222243 0.522655 -0.823067
-0.71690601 -0.48322800 -6.48111391 88 119 71 0.000000 -0.094781 -0.610975 0.785956
-0.82147598 -0.69152403 -6.63796902 75 109 67 0.000000 0.205765 -0.482122 0.851598
-0.84761798 -0.73537600 -6.67844820 90 124 55 0.000000 -0.055166 0.587024 -0.807688
-1.03483200 -0.78850400 -6.69362688 82 112 52 0.000000 0.134748 0.078506 -0.987765
-1.06940699 -0.60972399 -6.55279493 75 106 48 0.000000 -0.086065 -0.489580 0.867700
-1.09470701 -0.44612199 -6.40774679 79 118 64 0.000000 0.538210 -0.372357 0.756096
-0.89568698 -0.41070300 -6.41871023 108 113 75 0.000000 0.046790 -0.622453 0.781257
-0.77172101 -0.72694302 -6.66242504 81 122 70 0.000000 0.102029 -0.079101 0.991632
-1.01037598 -0.80874401 -6.70037413 85 122 69 0.000000 0.631830 0.594763 0.497040
-1.09301996 -0.67634499 -6.61857319 76 111 50 0.000000 0.063481 0.411950 -0.908992
-0.88641000 -0.43600300 -6.44063616 78 120 57 0.000000 -0.071363 -0.499538 0.863348
-1.03314495 -0.59876102 -6.54773617 79 116 62 0.000000 0.174058 -0.585743 0.791586
-1.08543003 -0.71260703 -6.61688709 74 108 57 0.000000 -0.038217 0.686496 -0.726129
-1.15711105 -0.60213399 -6.56291485 70 110 34 0.000000 -0.350250 -0.848384 0.396950
-0.68907702 -0.56587201 -6.54014587 78 120 56 0.000000 0.255047 -0.850665 0.459695
-0.94122499 -0.43768901 -6.43726301 68 102 45 0.000000 -0.364239 0.857123 -0.364239
-1.15289497 -0.60635000 -6.56628799 67 107 32 0.000000 -0.150329 -0.862566 0.483095
-0.76075798 -0.78681803 -6.72567320 81 119 47 0.000000 0.714276 0.664261 0.220378
-1.21361303 -0.54984897 -6.46846485 91 127 74 0.000000 0.546126 -0.244278 0.801296
-1.15711105 -0.56418502 -6.49966717 72 110 57 0.000000 0.317841 -0.874443 0.366506
-0.69329298 -0.50768399 -6.49629402 91 127 74 0.000000 -0.118496 -0.563220 0.817766
-0.67895699 -0.66791201 -6.68013477 95 119 59 0.000000 0.175458 -0.642327 -0.746076
-1.11831903 -0.59538698 -6.54183197 65 106 37 0.000000 -0.254359 -0.617729 0.744119
-1.14193201 -0.64767200 -6.60592413 73 113 37 0.000000 0.103989 -0.491453 0.864673
-0.75485498 -0.36769500 -6.39931393 92 134 77 0.000000 0.206720 -0.676116 0.707202
-1.00025594 -0.44443601 -6.42798615 77 117 60 0.000000 0.125131 -0.481826 0.867287
-0.65618801 -0.55237901 -6.53255606 87 123 45 0.000000 0.501117 -0.023087 -0.865072
-0.96230799 -0.58189398 -6.54436302 77 116 57 0.000000 0.006736 -0.513295 0.858186
-0.98170400 -0.54478902 -6.51316023 81 112 62 0.000000 0.087461 -0.546272 0.833029
-1.18746996 -0.59707397 -6.59243107 56 72 32 0.000000 0.381136 -0.911044 0.157272
-0.86701399 -0.68899399 -6.63712597 72 110 50 0.000000 0.125131 -0.481826 0.867287
-1.12253594 -0.70248699 -6.63796902 73 107 48 0.000000 0.262509 -0.964929 0.001199
-0.81894600 -0.45624200 -6.46256208 80 121 58 0.000000 0.064656 -0.656618 0.751447
-0.66630799 -0.46551800 -6.46846485 84 125 63 0.000000 0.101648 -0.670288 0.735107
-0.92098600 -0.73537600 -6.66748524 79 114 64 0.000000 0.244570 -0.966993 0.071490
-0.67642701 -0.53635597 -6.52665281 89 125 49 0.000000 0.461421 0.467989 -0.753709
-0.79448998 -0.77754098 -6.69784403 68 107 52 0.000000 -0.189610 -0.395142 0.898839
-0.96905398 -0.63586599 -6.59158802 92 118 73 0.000000 0.110892 -0.649088 0.752587
-0.93026203 -0.55406499 -6.52075005 72 108 55 0.000000 0.236508 -0.624944 0.743982
-0.68992001 -0.50515401 -6.50556993 91 120 52 0.000000 -0.048664 0.529746 -0.846759
-0.98676401 -0.64682901 -6.59496117 93 116 70 0.000000 0.222243 -0.522655 0.823067
-0.96483803 -0.70332998 -6.63881302 80 121 67 0.000000 0.165689 -0.755481 0.633874
-0.65534502 -0.41745001 -6.42883015 86 129 52 0.000000 -0.268892 -0.727122 0.631657
-0.87291700 -0.71345001 -6.65314913 70 108 49 0.000000 0.159298 -0.714566 0.681189
-0.94797200 -0.43009901 -6.42292595 75 113 57 0.000000 -0.230359 -0.555026 0.799300
-1.16301405 -0.47142100 -6.40100098 94 137 70 0.000000 0.086631 -0.413904 0.906189
-0.84424502 -0.53972900 -6.52496576 77 118 55 0.000000 0.101733 -0.688540 0.718027
-0.84677500 -0.70923400 -6.65399218 73 113 57 0.000000 0.223062 -0.644229 0.731582
-1.15036500 -0.66453803 -6.61351299 85 124 48 0.000000 -0.387147 -0.117948 0.914443
-0.94712800 -0.54647601 -6.51568985 79 117 60 0.000000 -0.117436 -0.673401 0.729890
-0.94881499 -0.91078401 -6.75771904 61 64 48 0.000000 0.279174 0.491285 -0.825046
-0.73967499 -0.36432201 -6.39846992 94 137 77 0.000000 -0.126662 -0.639269 0.758480
-1.16301405 -0.64682901 -6.61351299 80 116 34 0.000000 -0.588230 -0.332196 0.737313
-0.62920201 -0.58442402 -6.54351902 92 132 46 0.000000 -0.608134 -0.467409 0.641640
-1.03145897 -0.52286297 -6.48280096 77 117 57 0.000000 0.167478 -0.586929 0.792127
-1.05338502 -0.40733001 -6.37401485 75 114 57 0.000000 0.269353 -0.421530 0.865887
-0.94797200 -0.57514799 -6.54098892 76 117 61 0.000000 -0.172691 -0.655615 0.735083
-1.19421697 -0.51696002 -6.42545700 98 137 82 0.000000 0.603133 -0.373055 0.705025
-0.98254699 -0.39974099 -6.38497782 61 96 45 0.000000 0.204074 -0.917618 0.341074
-0.71268898 -0.40058401 -6.42714310 83 127 65 0.000000 0.133237 -0.259878 0.956405
-1.17397702 -0.64008301 -6.59664679 87 120 76 0.000000 0.594111 0.577185 -0.560259
-1.11072898 -0.43347299 -6.38413382 86 125 60 0.000000 -0.070765 -0.467607 0.881099
-0.69666702 -0.56924498 -6.54183197 82 119 57 0.000000 0.088366 -0.917646 0.387450
-0.71015900 -0.64598602 -6.63375282 81 123 76 0.000000 0.245530 -0.570818 0.783506
-0.67979997 -0.55912501 -6.53086901 83 125 62 0.000000 -0.015073 -0.554953 0.831745
-1.17482102 -0.62321597 -6.61182690 69 106 27 0.000000 -0.687438 -0.506797 0.520178
-0.98507702 -0.51358700 -6.48701811 78 117 55 0.000000 0.246383 -0.531506 0.810430
-0.81894600 -0.61562699 -6.58652782 73 115 59 0.000000 0.070518 -0.457677 0.886318
-0.71184599 -0.74465197 -6.67254496 103 142 86 0.000000 0.189895 0.166642 0.967559
-0.84424502 -0.50093699 -6.49460697 74 116 51 0.000000 0.088562 -0.779638 0.619936
-0.89399999 -0.89054400 -6.74422598 83 119 82 0.000000 0.316413 -0.563762 0.762926
-1.02639902 -0.43009901 -6.40100098 77 116 59 0.000000 0.326091 -0.676518 0.660294
-0.99435300 -0.42588300 -6.40858984 75 109 58 0.000000 0.212813 -0.816040 0.537392
-0.69666702 -0.60550702 -6.59580421 78 119 66 0.000000 0.222243 -0.823067 0.522655
-0.81978899 -0.48913100 -6.48701811 72 112 47 0.000000 0.196519 -0.682402 0.704065
-0.60980600 -0.45033899 -6.46846485 99 132 64 0.000000 0.032379 0.767241 -0.640541
-0.87966400 -0.44949600 -6.45075607 78 119 56 0.000000 0.046515 -0.587786 0.807678
-1.06856406 -0.72441298 -6.65230608 70 111 34 0.000000 -0.166280 -0.684952 0.709360
-1.01037598 -0.43853301 -6.42039585 112 123 88 0.000000 0.421454 -0.556981 0.715646
-0.97074097 -0.49587700 -6.47521210 78 118 59 0.000000 0.086335 -0.499612 0.861936
-1.19000006 -0.47479501 -6.42376995 87 125 66 0.000000 -0.315473 -0.499367 0.806913
-1.10566998 -0.62321597 -6.58062506 91 124 71 0.000000 0.158628 0.944987 -0.286072
-0.90833598 -0.48660100 -6.47605515 89 123 62 0.000000 -0.046993 -0.702041 0.710585
-0.78943002 -0.63502300 -6.61013985 79 121 62 0.000000 0.047522 -0.449422 0.892055
-0.82653600 -0.74127901 -6.68266392 89 123 56 0.000000 0.015195 0.592612 -0.805345
-1.10314000 -0.63417900 -6.56122923 78 110 58 0.000000 0.006877 0.601086 -0.799155
-1.09639299 -0.44359201 -6.39594078 85 122 66 0.000000 0.001375 -0.768784 -0.639507
-0.90158999 -0.61900002 -6.60170698 94 116 63 0.000000 0.785650 0.286122 -0.548532
-1.17229104 -0.44106200 -6.38750696 102 123 71 0.000000 -0.214731 -0.579309 0.786315
-0.96062100 -0.86271501 -6.74928617 87 113 59 0.000000 0.584958 0.728346 0.356841
-0.89147002 -0.38371801 -6.39172411 74 107 52 0.000000 0.286741 -0.904338 0.316151
-0.83412498 -0.70080101 -6.64724588 75 114 64 0.000000 0.064531 -0.638144 0.767207
-0.91845602 -0.60297698 -6.57303476 139 131 100 0.000000 0.276502 -0.698448 0.660089
-0.78858697 -0.46636200 -6.47268200 78 119 61 0.000000 0.110442 -0.418001 0.901708
-1.10229599 -0.49166101 -6.43726301 76 116 60 0.000000 0.300492 -0.929691 0.213025
-1.11072898 -0.45455500 -6.40690422 78 119 58 0.000000 0.080345 -0.404446 0.911026
-0.86785799 -0.53972900 -6.51990700 77 118 57 0.000000 0.165728 -0.464918 0.869704
-1.09470701 -0.67381501 -6.61266994 70 111 42 0.000000 0.094637 -0.476010 0.874333
-0.96062100 -0.65273201 -6.60255098 81 120 64 0.000000 0.205646 -0.427566 0.880283
-0.79027301 -0.43684599 -6.45075607 83 120 65 0.000000 0.009122 -0.418297 0.908265
-1.05169797 -0.47479501 -6.43726301 92 118 76 0.000000 0.165583 -0.648661 0.742846
-1.20096302 -0.50852698 -6.41111994 118 148 101 0.000000 0.316151 -0.286741 0.904338
-1.20939600 -0.55237901 -6.43894911 114 132 106 0.000000 0.524693 -0.675563 0.517988
-0.62835902 -0.57683498 -6.54773617 102 138 69 0.000000 0.317579 0.930352 -0.183272
-1.00194299 -0.56081200 -6.52075005 86 118 68 0.000000 0.085828 -0.769543 0.632800
-0.90749300 -0.53382599 -6.51484680 72 111 55 0.000000 -0.230807 -0.708123 0.667300
-1.06519103 -0.61900002 -6.55954218 65 101 41 0.000000 0.197983 -0.600087 0.775048
-1.17819405 -0.60550702 -6.59917688 67 106 22 0.000000 -0.500210 -0.157883 0.851389
-0.95218801 -0.60044700 -6.56291485 78 118 61 0.000000 -0.032039 -0.586461 0.809344
-0.75569803 -0.62405998 -6.60170698 76 116 55 0.000000 0.047013 -0.745088 0.665308
-0.81725901 -0.74296600 -6.68519402 89 124 58 0.000000 0.032097 0.802426 -0.595888
-0.81557298 -0.59370100 -6.57134819 78 120 58 0.000000 0.199377 -0.718686 0.666137
-0.65112799 -0.56840199 -6.54857922 85 121 49 0.000000 -0.172924 0.711589 -0.680983
-1.09048998 -0.75477201 -6.66326904 91 125 75 0.000000 0.681224 0.079888 -0.727704
-0.63594902 -0.53635597 -6.51400280 94 136 83 0.000000 0.022745 -0.228646 0.973244
-1.19927704 -0.54478902 -6.43388891 102 134 87 0.000000 0.459594 -0.666830 0.586610
-1.10061002 -0.40733001 -6.35546207 81 116 61 0.000000 0.173411 -0.959718 0.221066
-1.09301996 -0.49925101 -6.44232178 79 117 61 0.000000 0.307691 -0.460756 0.832484
-0.87544698 -0.64935899 -6.60508108 70 109 55 0.000000 -0.253054 -0.595698 0.762304
-0.70762998 -0.73537600 -6.68688107 79 81 68 0.000000 -0.275883 -0.626716 -0.728777
-1.15205097 -0.57852101 -6.52918291 67 105 42 0.000000 0.040473 -0.568018 0.822021
-0.69329298 -0.58948398 -6.56881809 80 121 55 0.000000 0.315554 -0.632727 0.707165
-0.99941301 -0.51611698 -6.48448801 80 119 57 0.000000 0.259415 -0.567569 0.781390
-0.90158999 -0.39215100 -6.39846992 70 104 47 0.000000 0.040857 -0.618487 0.784732
-0.96652400 -0.76995200 -6.67760515 86 116 73 0.000000 0.448325 -0.521116 0.726253
-1.11157298 -0.69911402 -6.61266994 86 120 69 0.000000 -0.627839 0.763344 -0.152067
-1.07025099 -0.54478902 -6.49629402 80 120 58 0.000000 -0.498492 -0.845790 0.190116
-0.78437001 -0.77585500 -6.69447088 72 112 51 0.000000 0.374073 -0.467190 0.801126
-0.72871202 -0.77501100 -6.68688107 106 128 68 0.000000 0.799341 0.322597 -0.506938
-1.14277506 -0.44527900 -6.39678383 87 125 55 0.000000 -0.038814 -0.426958 0.903438
-0.80966902 -0.77501100 -6.70543385 86 118 53 0.000000 0.206433 0.731054 -0.650343
-0.63763499 -0.42841300 -6.44232178 95 127 58 0.000000 -0.109304 0.561092 -0.820505
-0.90917897 -0.59707397 -6.57050514 89 117 67 0.000000 0.128281 -0.482854 0.866254
-1.20011997 -0.55575198 -6.48448801 82 120 68 0.000000 0.722743 0.595488 0.350767
-0.96652400 -0.78260100 -6.68182087 81 117 67 0.000000 -0.016765 -0.380437 0.924655
-0.95218801 -0.86946201 -6.76193523 72 86 59 0.000000 0.500913 -0.461236 0.732357
-1.00363004 -0.57261801 -6.53086901 81 119 65 0.000000 0.120441 -0.652763 0.747927
-0.71774900 -0.67971802 -6.65989494 100 142 90 0.000000 0.167668 -0.581550 0.796044
-1.09470701 -0.66622502 -6.60508108 69 109 41 0.000000 -0.269233 -0.712113 0.648389
-0.67221099 -0.53972900 -6.51737595 87 129 71 0.000000 -0.103575 -0.593734 0.797967
-0.83496898 -0.74296600 -6.67254496 71 111 55 0.000000 0.079799 -0.663055 0.744305
-1.18072402 -0.64514202 -6.60339403 95 118 85 0.000000 0.529102 0.475691 -0.702687
-0.79111701 -0.41660699 -6.43810606 78 111 56 0.000000 -0.014935 -0.520018 0.854025
-0.80292302 -0.67550099 -6.62785006 81 118 75 0.000000 0.064484 -0.617611 0.783836
-1.19084299 -0.53635597 -6.43304586 92 126 81 0.000000 0.947337 0.300763 0.109971
-0.74136198 -0.43937600 -6.44906902 82 125 65 0.000000 0.064482 -0.631920 0.772347
-0.71606302 -0.66453803 -6.65146208 96 137 87 0.000000 0.127096 -0.689308 0.713232
-0.72618198 -0.76573497 -6.67676115 67 75 45 0.000000 0.086631 0.906189 0.413904
-1.09892297 -0.43684599 -6.38497782 85 125 65 0.000000 0.101513 -0.418568 0.902494
-0.75738400 -0.73706299 -6.66748524 90 131 82 0.000000 0.182148 -0.197873 0.963156
-0.85267800 -0.63333601 -6.58990097 73 111 57 0.000000 0.151485 -0.601441 0.784424
-0.94712800 -0.36179200 -6.39172411 92 102 61 0.000000 0.876528 0.347877 -0.332686
-0.83749801 -0.51527297 -6.50894403 74 112 55 0.000000 0.293335 -0.387567 0.873926
-0.96230799 -0.64176899 -6.59833384 80 119 62 0.000000 0.112264 -0.397776 0.910588
-1.11410296 -0.62743300 -6.55701208 76 106 58 0.000000 0.437649 0.476988 -0.762198
-0.69835299 -0.64261198 -6.64218616 100 141 92 0.000000 0.525453 -0.705609 0.475410
-0.86026800 -0.44106200 -6.44485188 82 122 62 0.000000 0.031053 -0.465800 0.884345
-0.97917402 -0.57936502 -6.54183197 74 116 56 0.000000 0.245436 -0.332572 0.910581
-1.17144704 -0.55237901 -6.47521210 79 118 64 0.000000 0.160515 -0.574553 0.802574
-1.00784600 -0.65610498 -6.59580421 82 118 63 0.000000 0.110349 -0.610599 0.784215
-0.79364699 -0.49334699 -6.48870420 77 119 52 0.000000 -0.167340 -0.437995 0.883265
-0.82063198 -0.38287401 -6.40690422 73 116 53 0.000000 0.149345 -0.641129 0.752761
-0.69666702 -0.63586599 -6.63881302 99 140 93 0.000000 0.467946 -0.484482 0.739124
-0.82316202 -0.66453803 -6.61435699 89 116 76 0.000000 0.467140 -0.744453 0.477044
-1.13096905 -0.55575198 -6.48280096 63 96 41 0.000000 -0.261716 0.825411 -0.500202
-1.09639299 -0.74718201 -6.66073799 76 107 61 0.000000 0.213731 0.405351 -0.888825
-1.05675805 -0.68140399 -6.59749079 75 109 58 0.000000 0.070498 0.634479 -0.769719
-1.01627898 -0.76995200 -6.68603802 87 117 53 0.000000 -0.103326 0.197938 -0.974753
-0.77846700 -0.40817401 -6.42967319 72 113 50 0.000000 0.087394 -0.551586 0.829527
-1.04663801 -0.62153000 -6.56460190 74 111 48 0.000000 0.260916 -0.754283 0.602478
-1.10145295 -0.64008301 -6.56797504 71 102 54 0.000000 -0.006900 0.636224 -0.771473
-0.93363500 -0.60466403 -6.56713200 76 116 60 0.000000 0.079070 -0.800761 0.593742
-0.89737302 -0.71091998 -6.65820885 75 111 55 0.000000 -0.230889 -0.680103 0.695809
-0.77003402 -0.49840701 -6.49207687 78 121 56 0.000000 0.087597 -0.561483 0.822839
-0.72027898 -0.41997999 -6.43557596 90 123 69 0.000000 -0.031496 -0.516253 0.855857
-1.11747599 -0.48407099 -6.42630005 75 110 60 0.000000 -0.102444 0.442052 0.891120
-1.03483200 -0.73621899 -6.65652180 67 105 45 0.000000 0.443204 -0.633865 0.633865
-0.72618198 -0.52792299 -6.50978708 78 121 55 0.000000 0.268347 -0.547680 0.792488
-0.63510501 -0.57093102 -6.54351902 92 127 57 0.000000 -0.086990 0.898901 -0.429429
-1.12169194 -0.65526199 -6.58231115 72 105 63 0.000000 -0.055949 0.690042 -0.721603
-0.91508299 -0.61141002 -6.58062506 141 131 103 0.000000 0.426839 -0.245847 0.870269
-1.12084901 -0.69911402 -6.61773014 75 104 57 0.000000 -0.291463 0.852799 -0.433339
-1.00869000 -0.72272599 -6.64724588 73 114 47 0.000000 0.039425 -0.469022 0.882306
-0.94291198 -0.62153000 -6.58146811 91 114 66 0.000000 0.104310 -0.642023 0.759556
-1.08964705 -0.77248198 -6.68097782 95 121 79 0.000000 0.720060 0.372332 -0.585562
-1.07952702 -0.63164902 -6.56207180 80 112 57 0.000000 0.356778 0.142989 -0.923181
-1.17566395 -0.51527297 -6.43979311 84 124 68 0.000000 0.293121 -0.626285 0.722390
-1.12590897 -0.43178600 -6.38413382 85 125 57 0.000000 0.206609 -0.663323 0.719247
-0.79955000 -0.33902299 -6.38413382 81 116 70 0.000000 0.141454 -0.893015 0.427218
-0.87207401 -0.73537600 -6.66917181 71 110 51 0.000000 0.001369 -0.609379 0.792878
-1.10314000 -0.73368901 -6.65061903 80 112 65 0.000000 0.079784 0.872030 -0.482906
-0.80882603 -0.48828799 -6.48701811 79 118 50 0.000000 -0.023595 -0.587100 0.809171
-1.10061002 -0.75055599 -6.66326904 79 110 61 0.000000 0.140655 0.552257 -0.821723
-0.80123597 -0.74802601 -6.67507505 72 112 56 0.000000 -0.110985 -0.658512 0.744341
-1.06856406 -0.51274300 -6.46424818 75 116 60 0.000000 0.072267 -0.421332 0.904023
-1.12253594 -0.44612199 -6.39678383 84 122 61 0.000000 0.055297 -0.599762 0.798265
-1.21024001 -0.53888601 -6.42292595 130 141 128 0.000000 0.461767 -0.555121 0.691818
-1.00363004 -0.76573497 -6.67001486 74 112 57 0.000000 -0.063048 -0.395724 0.916203
-1.10482597 -0.41407701 -6.36642504 78 118 54 0.000000 0.001373 -0.624527 0.781002
-1.03230202 -0.74380898 -6.67254496 90 124 63 0.000000 0.418440 0.828985 0.371069
-1.06856406 -0.47648099 -6.42630005 88 119 71 0.000000 0.001257 -0.350710 0.936483
-0.62329900 -0.54057300 -6.51653290 107 146 90 0.000000 0.183693 -0.102326 0.977643
-1.06856406 -0.40226999 -6.36220789 82 120 65 0.000000 0.307541 -0.490488 0.815377
-1.12253594 -0.71176302 -6.66579819 72 85 43 0.000000 0.062379 -0.974830 0.214047
-1.10566998 -0.62743300 -6.55363894 70 102 56 0.000000 0.079713 0.755099 -0.650747
-0.99435300 -0.80621397 -6.69953108 83 121 70 0.000000 -0.690301 -0.611221 0.387161
-1.15542495 -0.68983799 -6.60592413 81 110 66 0.000000 0.207093 0.308527 -0.928398
-1.05844498 -0.42841300 -6.38835096 76 116 60 0.000000 0.198935 -0.760271 0.618395
-1.14361799 -0.49081701 -6.42039585 90 134 74 0.000000 0.626116 -0.672373 0.394833
-0.78015399 -0.48154101 -6.48111391 81 122 60 0.000000 0.001339 -0.512919 0.858436
-0.92267197 -0.38287401 -6.36220789 70 108 70 0.000000 0.524450 -0.608767 0.595277
-1.11494601 -0.63417900 -6.56375790 80 112 65 0.000000 0.254685 0.707106 -0.659649
-1.01543605 -0.75561500 -6.67844820 91 123 57 0.000000 -0.057018 0.510383 -0.858055
-0.94628501 -0.61394000 -6.57556486 77 114 60 0.000000 -0.271007 -0.404240 0.873582
-0.94797200 -0.35335901 -6.38582087 118 109 84 0.000000 0.890910 0.436219 -0.126461
-1.01459301 -0.74465197 -6.66832781 76 114 49 0.000000 0.889823 -0.294614 0.348452
-1.13181198 -0.55828202 -6.48786116 65 98 40 0.000000 -0.085792 0.757585 -0.647074
-0.99435300 -0.64429897 -6.58905697 81 120 69 0.000000 0.149484 -0.744401 0.650785
-1.01627898 -0.50009400 -6.46677780 81 120 61 0.000000 0.103449 -0.587180 0.802819
-0.96905398 -0.42419600 -6.41871023 75 110 62 0.000000 0.015293 -0.632558 0.774362
-0.95977801 -0.34492600 -6.38750696 72 102 49 0.000000 0.310014 0.286506 -0.906535
-0.65618801 -0.58358097 -6.55954218 88 131 67 0.000000 -0.953006 0.001227 0.302950
-1.02218199 -0.58948398 -6.53930283 82 121 65 0.000000 0.189525 -0.728826 0.657946
-1.14614797 -0.62405998 -6.56881809 88 120 77 0.000000 0.366163 0.554940 -0.746972
-1.13181198 -0.44106200 -6.39425421 81 123 59 0.000000 -0.079888 -0.727704 0.681224
-1.06097400 -0.73115999 -6.66411209 93 128 72 0.000000 0.213421 0.658956 -0.721269
-0.83328199 -0.45539901 -6.46171904 77 118 55 0.000000 0.087597 -0.561483 0.822839
-0.94291198 -0.52876598 -6.49966717 82 114 62 0.000000 -0.110943 -0.690808 0.714476
-0.85773802 -0.63839602 -6.59074402 74 112 59 0.000000 -0.117840 -0.331847 0.935944
-0.84171498 -0.43262899 -6.44400883 79 121 61 0.000000 0.166612 -0.340224 0.925466
-1.10482597 -0.70586002 -6.65061903 77 118 42 0.000000 0.427705 -0.627411 0.650710
-1.13265502 -0.43768901 -6.38919401 82 124 58 0.000000 0.023432 -0.563738 0.825621
-0.96652400 -0.63164902 -6.58905697 94 117 73 0.000000 0.268808 -0.628278 0.730075
-1.00447297 -0.47395101 -6.45159912 85 124 66 0.000000 0.166266 -0.712351 0.681844
-0.93110502 -0.51780301 -6.49292088 108 116 79 0.000000 0.125965 -0.600188 0.789878
-0.97327101 -0.61225301 -6.56797504 75 116 59 0.000000 -0.023837 -0.657622 0.752971
-0.77678102 -0.41829300 -6.43979311 79 115 57 0.000000 -0.141804 -0.498507 0.855209
-0.65871799 -0.49756399 -6.48954821 92 135 81 0.000000 0.142083 -0.602730 0.785194
-0.82569200 -0.64008301 -6.60255098 76 114 69 0.000000 0.493082 -0.247309 0.834092
-0.79955000 -0.74212199 -6.67170095 73 116 57 0.000000 -0.285052 -0.381577 0.879286
-1.10482597 -0.47142100 -6.42545700 82 116 65 0.000000 -0.015233 -0.619033 0.785217
-0.87882000 -0.59538698 -6.56460190 75 115 52 0.000000 -0.142623 -0.393979 0.907987
-0.82990903 -0.77332503 -6.69194078 73 112 55 0.000000 -0.055795 -0.673829 0.736777
-0.84340203 -0.34408200 -6.37401485 100 137 88 0.000000 0.456665 -0.617251 0.640670
-1.11578906 -0.67128497 -6.61351299 76 115 42 0.000000 0.346980 0.078436 0.934587
-0.77678102 -0.38287401 -6.41027689 80 119 60 0.000000 0.126845 -0.705858 0.696904
-0.89062703 -0.53888601 -6.51568985 78 118 57 0.000000 0.006910 -0.631566 0.775292
-0.78099698 -0.64514202 -6.61688709 82 123 65 0.000000 0.475046 0.001323 0.879960
-0.70088297 -0.73031598 -6.67844820 116 154 99 0.000000 0.235708 0.117210 0.964730
-0.86111099 -0.36685199 -6.38413382 78 118 56 0.000000 0.324510 -0.579597 0.747503
-0.70425600 -0.67044199 -6.65736485 100 140 91 0.000000 0.212422 -0.474560 0.854207
-0.72702599 -0.36347800 -6.40015697 101 144 86 0.000000 0.095244 -0.675501 0.731182
-0.85352099 -0.67297101 -6.62616301 71 110 57 0.000000 -0.070926 -0.474232 0.877538
-1.08880401 -0.59117103 -6.53340006 68 107 41 0.000000 0.001343 -0.522373 0.852716
-0.68233001 -0.65610498 -6.65652180 109 147 96 0.000000 0.173428 -0.432842 0.884630
-0.90243298 -0.41492000 -6.42039585 78 112 58 0.000000 -0.111184 -0.695271 0.710096
-0.76750398 -0.37022501 -6.40353107 81 123 62 0.000000 -0.094789 -0.625610 0.774356
-0.92773199 -0.75055599 -6.68603802 90 120 59 0.000000 0.404775 0.529321 0.745638
-0.68992001 -0.56418502 -6.53508615 77 120 54 0.000000 0.365936 -0.664593 0.651465
-0.90833598 -0.47563800 -6.46846485 79 113 58 0.000000 -0.072734 -0.437776 0.896137
-1.12084901 -0.66285199 -6.61857319 88 123 63 0.000000 0.457693 -0.839363 0.293234
-0.76160097 -0.36263499 -6.39678383 83 125 68 0.000000 -0.324145 -0.572495 0.753113
-1.07193696 -0.69489700 -6.60592413 71 104 56 0.000000 0.014851 0.500875 -0.865392
-0.77087700 -0.35926199 -6.39509678 87 127 69 0.000000 0.040258 -0.545571 0.837097
-0.78268403 -0.67718798 -6.63881302 82 122 75 0.000000 0.095082 -0.633391 0.767968
-0.86026800 -0.40817401 -6.42039585 82 117 62 0.000000 0.229436 -0.604025 0.763225
-1.07531095 -0.50937003 -6.46087503 78 117 64 0.000000 0.134933 -0.585698 0.799219
-0.95134503 -0.38034400 -6.36811209 60 66 32 0.000000 0.490818 -0.062569 0.869012
-1.18325400 -0.60128999 -6.60086393 70 104 24 0.000000 -0.468457 -0.381527 0.796860
-0.93953800 -0.62659001 -6.58652782 81 115 64 0.000000 0.135545 -0.779010 0.612186
-0.91002297 -0.37528500 -6.36811209 66 106 59 0.000000 0.863920 -0.166308 -0.475377
-0.77509397 -0.44865200 -6.45581484 83 115 61 0.000000 -0.158605 -0.626866 0.762813
-1.09217703 -0.75392902 -6.69194078 49 61 32 0.000000 0.588241 0.214608 0.779690
-0.81725901 -0.34829900 -6.38329077 100 138 86 0.000000 0.159347 -0.261115 0.952065
-0.87123102 -0.42925599 -6.43641901 81 122 66 0.000000 0.236010 -0.608000 0.758047
-0.74136198 -0.61478299 -6.58990097 73 116 52 0.000000 0.040911 -0.777316 0.627778
-0.78858697 -0.50515401 -6.49629402 76 115 48 0.000000 0.001364 -0.587928 0.808912
-0.99013698 -0.59117103 -6.54689217 79 119 60 0.000000 -0.198935 -0.760271 0.618395
-0.88050699 -0.45877200 -6.45834494 79 119 55 0.000000 0.110172 -0.600804 0.791768
-0.72955501 -0.76573497 -6.68772411 93 123 53 0.000000 0.815008 -0.579409 0.006849
-0.90833598 -0.37191099 -6.36220789 71 113 64 0.000000 0.323201 -0.674011 0.664267
-0.98592001 -0.75139898 -6.66073799 76 115 60 0.000000 -0.079931 -0.704844 0.704844
-0.83496898 -0.67718798 -6.62953615 72 112 58 0.000000 0.356391 -0.520879 0.775674
-0.84761798 -0.86102903 -6.75012922 104 140 99 0.000000 0.103706 -0.244540 0.964077
-0.74895102 -0.73706299 -6.66832781 91 131 75 0.000000 0.167507 -0.253271 0.952783
-0.85014802 -0.98077798 -6.78639078 65 56 47 0.000000 0.292907 -0.744272 0.600220
-0.72533900 -0.64598602 -6.63206577 85 126 71 0.000000 0.086098 -0.663978 0.742779
-0.92435902 -0.56249797 -6.53340006 121 119 92 0.000000 0.636067 -0.517964 0.571954
-0.82147598 -0.52960998 -6.51737595 82 111 57 0.000000 0.046803 -0.410526 0.910647
-1.05169797 -0.67971802 -6.61435699 75 114 47 0.000000 -0.428660 -0.713331 0.554445
-0.95809102 -0.90572399 -6.75434494 72 81 53 0.000000 0.094848 0.870617 -0.482732
-0.86870098 -0.51105702 -6.50135422 87 112 63 0.000000 0.357771 -0.539084 0.762488
-0.73967499 -0.46720499 -6.47015095 87 117 66 0.000000 -0.023890 -0.698423 0.715286
-1.04242206 -0.61731303 -6.56122923 70 110 50 0.000000 0.023755 -0.627411 0.778326
-1.08374405 -0.62743300 -6.55448198 74 104 55 0.000000 -0.307028 0.790637 -0.529743
-0.77087700 -0.37781501 -6.40774679 82 123 62 0.000000 0.022969 -0.485056 0.874182
-0.93194902 -0.61141002 -6.57303476 87 110 66 0.000000 -0.182518 -0.719336 0.670256
-1.00278604 -0.49081701 -6.46424818 76 117 58 0.000000 0.229212 -0.524571 0.819931
-1.21192598 -0.55743903 -6.47268200 97 132 80 0.000000 0.254596 -0.300624 0.919133
-0.74557799 -0.66706800 -6.64134312 93 134 86 0.000000 0.262472 -0.458942 0.848812
-0.97495699 -0.84331900 -6.71555281 73 111 63 0.000000 0.173181 -0.308955 0.935177
-0.96821100 -0.75730199 -6.68097782 85 117 50 0.000000 0.062577 0.222088 -0.973016
-0.90327603 -0.42082301 -6.42630005 80 115 57 0.000000 0.142760 -0.737844 0.659702
-1.00953305 -0.67212802 -6.61182690 75 110 59 0.000000 0.086098 -0.663978 0.742779
-0.72280902 -0.42419600 -6.43810606 87 123 67 0.000000 -0.040158 -0.535905 0.843323
-0.94712800 -0.40226999 -6.37401485 56 88 38 0.000000 -0.183229 -0.916146 -0.356516
-1.01459301 -0.48491400 -6.45665884 82 119 61 0.000000 0.135959 -0.634974 0.760475
-0.95724797 -0.46804801 -6.44906902 80 120 59 0.000000 -0.063316 -0.538890 0.839993
-0.76244402 -0.78766102 -6.71723986 80 118 52 0.000000 0.133237 0.956405 -0.259878
-1.06013095 -0.40142700 -6.36558199 78 118 58 0.000000 0.341214 -0.680796 0.648144
-0.88219398 -0.41238999 -6.41955280 121 115 86 0.000000 0.102877 -0.560752 0.821567
-1.12169194 -0.64851600 -6.57556486 73 110 68 0.000000 -0.023855 0.666523 -0.745103
-0.80461001 -0.35673201 -6.39003801 91 130 71 0.000000 0.151960 -0.452985 0.878472
-1.15964103 -0.51527297 -6.44232178 79 120 65 0.000000 0.173289 -0.484320 0.857558
-0.88303697 -0.53972900 -6.52328014 80 120 55 0.000000 0.212813 -0.537392 0.816040
-1.19000006 -0.60382003 -6.60170698 50 65 30 0.000000 0.499661 -0.563591 0.657803
-0.81388599 -0.61562699 -6.58652782 76 116 57 0.000000 0.079201 -0.371844 0.924911
-1.11494601 -0.64851600 -6.57809401 72 105 62 0.000000 -0.119927 0.632208 -0.765461
-1.18662703 -0.57767802 -6.51147413 75 114 62 0.000000 0.278557 -0.847982 0.450923
-0.94206798 -0.65357500 -6.60592413 77 116 63 0.000000 0.032445 -0.703908 0.709550
-0.91845602 -0.55575198 -6.53171301 135 128 108 0.000000 0.386998 -0.584613 0.713064
-1.17988098 -0.63502300 -6.58315516 72 105 63 0.000000 0.941856 -0.276369 0.191121
-1.05338502 -0.43937600 -6.40100098 82 119 68 0.000000 0.342741 -0.579898 0.739085
-0.69076300 -0.67044199 -6.66158199 107 149 99 0.000000 0.325161 -0.593703 0.736062
-0.75401098 -0.58695400 -6.56713200 90 121 60 0.000000 0.040001 0.856563 -0.514490
-1.16554403 -0.55069202 -6.47436810 78 117 64 0.000000 0.244748 -0.664767 0.705821
-1.10482597 -0.43853301 -6.38835096 84 126 63 0.000000 -0.279174 -0.825046 0.491285
-1.07615399 -0.68899399 -6.62953615 75 114 48 0.000000 -0.158000 -0.793010 0.588363
-0.86111099 -0.69911402 -6.64302921 69 108 52 0.000000 0.149455 -0.537150 0.830141
-0.78943002 -0.38203099 -6.40858984 76 119 57 0.000000 0.110819 -0.666394 0.737318
-0.93953800 -0.79272097 -6.69194078 82 119 73 0.000000 0.316413 -0.563762 0.762926
-0.78605700 -0.64935899 -6.62025976 84 126 72 0.000000 -0.031157 -0.475485 0.879172
-0.84508801 -0.73874903 -6.68097782 88 124 58 0.000000 -0.070626 0.363791 -0.928799
-1.04663801 -0.75224203 -6.67591810 77 113 45 0.000000 0.001230 -0.308835 0.951115
-0.93194902 -0.75898898 -6.67676115 78 116 68 0.000000 0.085913 -0.394108 0.915040
-1.07109404 -0.76489198 -6.69025421 76 114 35 0.000000 0.070899 -0.993712 0.086654
-0.94797200 -0.73537600 -6.65905190 78 116 66 0.000000 -0.006655 -0.475200 0.879853
-1.14530504 -0.49503401 -6.42798615 84 121 66 0.000000 0.316071 -0.374094 0.871868
-0.77846700 -0.39805400 -6.42123985 79 121 59 0.000000 0.148858 -0.614981 0.774364
-0.64522499 -0.57430500 -6.55279493 84 117 49 0.000000 0.158413 -0.221255 -0.962264
-1.12590897 -0.49250400 -6.43220282 83 122 62 0.000000 0.031556 -0.309246 0.950458
-1.18831396 -0.59117103 -6.56713200 74 108 30 0.000000 -0.047731 -0.970530 -0.236207
-0.89652997 -0.78175801 -6.70458984 70 108 56 0.000000 -0.462354 -0.565841 0.682681
-1.01796603 -0.51105702 -6.47689819 78 114 63 0.000000 0.141901 -0.607935 0.781204
-0.77846700 -0.55322200 -6.53086901 81 110 54 0.000000 -0.039381 -0.465777 0.884025
-0.95134503 -0.65694898 -6.60676718 78 116 62 0.000000 0.054209 -0.371528 0.926838
-1.12422204 -0.60635000 -6.54098892 70 103 55 0.000000 0.283000 0.545447 -0.788922
-0.93785203 -0.91162699 -6.75771904 82 91 54 0.000000 0.134164 0.474624 -0.869903
-0.78689998 -0.38709101 -6.41365004 80 117 56 0.000000 0.006742 -0.516466 0.856281
-0.84930497 -0.37106800 -6.39172411 79 115 57 0.000000 0.237858 -0.691522 0.682071
-0.99351001 -0.48997399 -6.46593523 74 115 57 0.000000 0.301172 -0.499851 0.812061
-1.02892900 -0.79862398 -6.68856812 88 128 62 0.000000 0.031809 -0.945367 -0.324453
-1.09723699 -0.73959303 -6.69278383 84 97 66 0.000000 0.554918 0.625759 0.548171
-0.94291198 -0.43853301 -6.44147921 70 104 44 0.000000 -0.387783 0.914948 -0.111781
-0.80798298 -0.34492600 -6.38413382 106 143 95 0.000000 0.293961 -0.199225 0.934824
-1.07446694 -0.63249302 -6.56038523 79 108 62 0.000000 0.259659 0.520873 -0.813184
-1.20096302 -0.55912501 -6.45497179 92 115 78 0.000000 0.688156 -0.591980 0.419526
-1.05591500 -0.51190001 -6.46424818 77 117 63 0.000000 0.119068 -0.586519 0.801135
-0.91170901 -0.83404303 -6.71808290 72 111 66 0.000000 0.325106 -0.530098 0.783136
-1.00784600 -0.75477201 -6.67844820 88 123 56 0.000000 -0.054689 0.539877 -0.839965
-0.90496302 -0.37359801 -6.36473799 68 107 58 0.000000 0.300420 -0.608872 0.734181
-1.00784600 -0.40817401 -6.38582087 72 107 54 0.000000 0.268498 -0.640264 0.719702
-0.67052400 -0.67634499 -6.67760515 72 76 65 0.000000 0.800676 -0.498234 0.332687
-0.78268403 -0.79693699 -6.74085188 84 119 45 0.000000 0.768164 0.221914 0.600565
-1.00363004 -0.43768901 -6.42376995 84 116 68 0.000000 0.142083 -0.602730 0.785194
-0.73545903 -0.37022501 -6.40184402 97 140 79 0.000000 -0.015369 -0.700003 0.713975
-0.95977801 -0.38118801 -6.36558199 54 72 30 0.000000 0.182021 -0.221879 0.957934
-0.81641603 -0.33817899 -6.37823105 69 98 65 0.000000 0.213369 -0.488782 0.845911
-0.78015399 -0.39299399 -6.41786718 77 117 56 0.000000 0.149804 -0.706653 0.691521
-0.63510501 -0.42672601 -6.42967319 94 134 67 0.000000 -0.165804 -0.419556 0.892458
-0.82569200 -0.70839000 -6.65230608 73 114 60 0.000000 -0.165728 -0.530031 0.831626
-1.17819405 -0.65947902 -6.60929680 98 111 88 0.000000 0.729762 0.307692 -0.610551
-0.84677500 -0.75308502 -6.68772411 88 119 57 0.000000 -0.046515 0.587786 -0.807678
-1.03398895 -0.70923400 -6.63628292 71 107 49 0.000000 0.126463 -0.644218 0.754315
-1.02049601 -0.67803103 -6.61520004 80 112 58 0.000000 0.104194 -0.632504 0.767517
-0.94038200 -0.51527297 -6.49039078 89 115 65 0.000000 -0.070804 -0.721048 0.689258
-0.70003998 -0.68056101 -6.66832781 109 151 99 0.000000 0.339594 -0.529509 0.777365
-0.84508801 -0.76489198 -6.69784403 83 115 53 0.000000 -0.095330 0.658511 -0.746508
-0.97748703 -0.40395701 -6.34112597 115 145 107 0.000000 0.016908 0.988554 0.149918
-1.12928200 -0.71429300 -6.64387178 84 115 60 0.000000 0.403913 0.713854 -0.572072
-1.00531602 -0.53888601 -6.50303984 79 119 59 0.000000 0.046084 -0.546028 0.836498
-0.84846199 -0.62068701 -6.58652782 70 110 54 0.000000 0.001273 -0.378186 0.925729
-1.08458698 -0.69152403 -6.63122320 78 115 45 0.000000 0.078606 -0.931279 0.355725
-1.07278097 -0.45286900 -6.41196299 78 121 63 0.000000 -0.532697 -0.427147 0.730602
-0.68823302 -0.51358700 -6.50051117 79 120 60 0.000000 -0.095068 -0.753231 0.650850
-0.67136699 -0.51527297 -6.51400280 91 120 53 0.000000 0.109696 0.577731 -0.808823
-0.82147598 -0.37950099 -6.40437412 75 117 54 0.000000 0.086098 -0.663978 0.742779
-0.83075202 -0.73706299 -6.68013477 89 123 57 0.000000 0.031818 0.554739 -0.831416
-0.95303100 -0.46467501 -6.44653893 78 118 60 0.000000 -0.087788 -0.571345 0.816001
-0.75316799 -0.79187799 -6.69025421 75 114 41 0.000000 -0.559189 -0.586220 0.586220
-0.95303100 -0.61394000 -6.57303476 78 119 65 0.000000 0.300874 -0.658061 0.690240
-1.10229599 -0.51864702 -6.45918798 86 114 67 0.000000 0.294420 -0.667673 0.683761
-1.06181800 -0.68477798 -6.60086393 79 113 62 0.000000 0.001362 0.578659 -0.815569
-1.20264995 -0.48407099 -6.40353107 128 140 117 0.000000 0.269769 -0.340528 0.900703
-1.12000597 -0.60128999 -6.53677320 68 100 53 0.000000 0.071141 0.869032 -0.489615
-0.94291198 -0.37022501 -6.39256811 140 103 95 0.000000 0.711656 0.569655 -0.411143
-0.91845602 -0.58695400 -6.55954218 134 128 102 0.000000 0.548409 -0.561908 0.619280
-0.98929298 -0.63923901 -6.58568382 81 119 67 0.000000 0.300420 -0.734181 0.608872
-0.84677500 -0.36347800 -6.38497782 80 121 62 0.000000 0.358655 -0.610859 0.705845
-0.97664398 -0.54816198 -6.51653290 78 111 57 0.000000 0.064171 -0.600359 0.797152
-0.91845602 -0.42588300 -6.44400883 102 120 71 0.000000 0.641129 -0.752761 0.149345
-0.90749300 -0.38287401 -6.34702921 37 50 29 0.000000 -0.601926 0.769041 0.215084
-0.89315701 -0.77838498 -6.69784403 70 109 55 0.000000 -0.419891 -0.698712 0.579217
-0.89821601 -0.35926199 -6.35377598 91 123 83 0.000000 0.299089 -0.759718 0.577386
-1.09133303 -0.72441298 -6.63122320 73 107 63 0.000000 0.412277 0.594407 -0.690440
-1.01459301 -0.76657802 -6.68435097 92 122 60 0.000000 -0.149985 0.323363 -0.934313
-1.14530504 -0.68646401 -6.61435699 92 128 64 0.000000 -0.690324 -0.261847 0.674455
-0.93785203 -0.61141002 -6.57556486 82 113 62 0.000000 0.070753 -0.758067 0.648328
-0.95134503 -0.88042498 -6.75181484 88 116 57 0.000000 -0.038819 0.284258 -0.957962
-1.20011997 -0.53466898 -6.42630005 107 135 91 0.000000 0.692218 -0.548770 0.468706
-1.13012600 -0.56249797 -6.49207687 64 99 40 0.000000 -0.055949 0.721603 -0.690042
-1.17397702 -0.54984897 -6.47352505 81 120 68 0.000000 -0.062231 -0.474335 0.878142
-0.79786301 -0.47732499 -6.47858477 75 116 55 0.000000 -0.023723 -0.618202 0.785661
-0.80292302 -0.48154101 -6.48280096 81 121 54 0.000000 -0.220033 -0.641371 0.735002
-0.90917897 -0.46889201 -6.46340513 79 113 59 0.000000 -0.372296 -0.458579 0.806908
-0.94712800 -0.39974099 -6.34787178 101 128 96 0.000000 -0.119927 0.765461 0.632208
-1.06097400 -0.58442402 -6.52749586 73 111 50 0.000000 0.135232 -0.377813 0.915953
-1.10314000 -0.68393397 -6.60255098 78 113 50 0.000000 0.109459 0.467687 0.877091
-0.79280299 -0.55153501 -6.53255606 84 108 58 0.000000 -0.125666 -0.586932 0.799824
-0.61570901 -0.57767802 -6.53930283 90 113 55 0.000000 0.836574 0.254208 -0.485306
-0.70847303 -0.40901700 -6.42967319 84 127 65 0.000000 0.086102 -0.332485 0.939170
-0.67305398 -0.35335901 -6.41702318 84 93 79 0.000000 0.339362 -0.109515 0.934259
-0.95809102 -0.88548398 -6.75350189 91 112 59 0.000000 -0.008348 0.244491 -0.969616
-1.21024001 -0.58273798 -6.46424818 109 116 101 0.000000 0.822849 -0.442341 0.356726
-0.74726498 -0.76573497 -6.69025421 84 116 53 0.000000 0.032491 0.730340 -0.682310
-1.20855296 -0.59707397 -6.49207687 63 63 61 0.000000 0.419449 -0.765454 0.487998
-0.64438200 -0.58273798 -6.55785513 84 125 44 0.000000 -0.506611 -0.862174 0.001337
-1.20433605 -0.56249797 -6.46677780 101 135 88 0.000000 0.920073 -0.364399 -0.143805
-1.01543605 -0.45539901 -6.43304586 79 118 62 0.000000 0.197084 -0.563752 0.802086
-0.67389703 -0.52792299 -6.52412319 89 126 49 0.000000 -0.078466 -0.175040 -0.981430
-1.09892297 -0.57683498 -6.52243710 75 108 45 0.000000 -0.213421 -0.658956 0.721269
-0.66968101 -0.61815703 -6.64218616 120 158 113 0.000000 0.175594 -0.823939 0.538787
-1.05760098 -0.56840199 -6.51653290 74 114 53 0.000000 0.094659 -0.616012 0.782029
-1.03989196 -0.47901100 -6.44400883 84 120 71 0.000000 0.310354 -0.603019 0.734880
-1.21108305 -0.58526802 -6.56460190 53 65 33 0.000000 0.001316 -0.888291 0.459279
-1.08543003 -0.74971199 -6.68435097 71 107 31 0.000000 -0.664094 -0.634284 0.395807
-1.20349300 -0.55322200 -6.47689819 89 129 73 0.000000 0.577877 -0.785478 0.221545
-1.17903697 -0.55743903 -6.47689819 82 121 66 0.000000 0.001379 -0.745961 0.665988
-1.07362401 -0.72778600 -6.64049911 76 106 68 0.000000 0.039513 0.878819 -0.475516
-1.02977204 -0.69068098 -6.63459587 74 111 49 0.000000 -0.656888 -0.743282 0.126611
-0.66546398 -0.47985500 -6.49123383 91 127 57 0.000000 0.253882 0.802143 -0.540473
-1.16301405 -0.64092600 -6.58652782 76 108 66 0.000000 0.151132 0.588068 -0.794566
-1.21276903 -0.49925101 -6.42376995 104 135 84 0.000000 0.175731 -0.014931 0.984325
-0.77930999 -0.78934801 -6.70880699 70 111 54 0.000000 -0.085510 -0.789882 0.607267
-0.84255803 -0.87452102 -6.75434494 117 149 109 0.000000 0.189279 -0.348672 0.917933
-0.92267197 -0.39215100 -6.35124493 83 96 73 0.000000 -0.190105 0.898280 -0.396172
-0.98592001 -0.72525603 -6.65061903 77 117 57 0.000000 0.047579 -0.452678 0.890404
-1.17735100 -0.46889201 -6.41786718 85 121 61 0.000000 -0.062908 -0.301702 0.951325
-1.11325896 -0.54563200 -6.47521210 61 94 40 0.000000 -0.118734 0.871193 -0.476367
-0.71859199 -0.43009901 -6.45834494 89 121 53 0.000000 -0.207026 0.228675 -0.951235
-1.08543003 -0.44612199 -6.41027689 79 121 65 0.000000 0.229619 -0.965941 0.119300
-0.93447900 -0.73453301 -6.66158199 86 117 79 0.000000 0.530460 -0.641604 0.554036
-0.93953800 -0.38118801 -6.40100098 98 89 64 0.000000 0.673238 0.738435 -0.038268
-1.06772101 -0.73453301 -6.67085791 76 114 49 0.000000 -0.830730 -0.555211 -0.040354
-0.82653600 -0.75308502 -6.67929077 72 114 49 0.000000 -0.158479 -0.404050 0.900904
-0.82822198 -0.82645297 -6.74169588 98 137 91 0.000000 0.373289 -0.698889 0.610089
-1.09386301 -0.42841300 -6.37738800 77 117 56 0.000000 0.118325 -0.466172 0.876746
-1.20518005 -0.56924498 -6.46593523 108 143 97 0.000000 0.951415 -0.284498 0.117769
-0.70678598 -0.71091998 -6.67507505 107 147 98 0.000000 0.403989 0.086276 0.910686
-0.63763499 -0.48154101 -6.48280096 93 135 80 0.000000 0.001316 -0.459279 0.888291
-1.10651302 -0.66959798 -6.62025976 91 123 65 0.000000 0.118318 0.547766 -0.828223
-1.07362401 -0.52876598 -6.48870420 76 113 55 0.000000 0.467607 -0.881099 -0.070765
-0.75569803 -0.79862398 -6.71892595 86 104 63 0.000000 -0.245847 -0.870269 0.426839
-0.61064899 -0.52033299 -6.53171301 47 47 48 0.000000 0.594756 -0.055359 -0.801998
-0.95471799 -0.86946201 -6.75265884 92 118 60 0.000000 0.485670 0.826108 0.285780
-1.19843304 -0.48322800 -6.42461300 90 129 72 0.000000 -0.239295 -0.761679 0.602149
-1.14277506 -0.49250400 -6.44569588 78 118 54 0.000000 -0.715676 -0.675831 0.176237
-1.09639299 -0.65863502 -6.60001993 74 113 43 0.000000 -0.214288 -0.460046 0.861649
-0.97495699 -0.75898898 -6.68182087 83 116 52 0.000000 0.016716 0.134846 -0.990726
-0.66715097 -0.46045801 -6.46424818 88 129 67 0.000000 0.015233 -0.619033 0.785217
-0.88893998 -0.38203099 -6.38582087 71 111 53 0.000000 0.268873 -0.903588 0.333520
-0.97580099 -0.49503401 -6.47352505 78 118 59 0.000000 0.135332 -0.602303 0.786712
-0.66462100 -0.43684599 -6.44316578 83 124 61 0.000000 -0.038300 -0.690812 0.722019
-0.93447900 -0.91162699 -6.75687599 86 97 54 0.000000 0.151242 0.388705 -0.908864
-0.85183501 -0.47901100 -6.47436810 75 116 55 0.000000 -0.006943 -0.726264 0.687381
-1.09470701 -0.63502300 -6.56460190 68 100 53 0.000000 -0.070804 0.689258 -0.721048
-0.60558999 -0.44527900 -6.45918798 94 130 60 0.000000 -0.189053 0.388209 -0.901972
-0.96399403 -0.49672100 -6.47521210 78 117 59 0.000000 0.071141 -0.489615 0.869032
-0.98170400 -0.39468101 -6.34365606 69 103 40 0.000000 -0.173819 -0.973135 0.150982
-0.82569200 -0.70417398 -6.64893198 80 120 60 0.000000 0.117811 -0.530876 0.839221
-0.95134503 -0.41576299 -6.41280699 71 104 56 0.000000 -0.032187 -0.600361 0.799081
-1.13771498 -0.62827599 -6.60423708 77 116 45 0.000000 -0.428311 -0.365092 0.826594
-1.10314000 -0.70839000 -6.62616301 79 110 69 0.000000 0.689961 0.323064 -0.647752
-0.94628501 -0.88548398 -6.73410606 72 112 53 0.000000 -0.237891 -0.324396 0.915519
-0.97327101 -0.52539301 -6.49629402 78 117 58 0.000000 0.032150 -0.605267 0.795373
-1.04242206 -0.73115999 -6.66326904 92 124 66 0.000000 0.063819 0.563024 -0.823973
-1.11325896 -0.73537600 -6.65652180 78 110 60 0.000000 0.189753 0.686504 -0.701931
-1.07952702 -0.46551800 -6.41786718 82 122 70 0.000000 0.245020 -0.560268 0.791242
-1.00447297 -0.75814497 -6.68097782 80 113 50 0.000000 0.039751 0.500316 -0.864930
-1.07362401 -0.74127901 -6.64977598 81 115 73 0.000000 -0.191778 0.826006 -0.530033
-0.95218801 -0.60466403 -6.56544495 77 117 63 0.000000 0.055059 -0.577415 0.814592
-0.67136699 -0.66116500 -6.67423201 99 106 76 0.000000 0.799801 0.514723 -0.308834
-1.12506604 -0.55237901 -6.48027086 65 97 42 0.000000 -0.221675 0.773537 -0.593717
-1.19421697 -0.59285700 -6.58484077 68 85 38 0.000000 -0.324815 -0.602766 0.728813
-0.95556098 -0.47395101 -6.45412922 74 115 58 0.000000 0.046728 -0.627288 0.777384
-0.99098003 -0.46298799 -6.44485188 80 120 61 0.000000 0.119879 -0.506957 0.853595
-0.76750398 -0.43262899 -6.44738197 76 118 52 0.000000 0.031818 -0.554739 0.831416
-1.20433605 -0.54900599 -6.43726301 96 119 84 0.000000 0.460052 -0.712500 0.529808
-1.20264995 -0.52623600 -6.41702318 114 140 101 0.000000 0.468315 -0.498102 0.729777
-1.11410296 -0.62153000 -6.57472086 92 125 70 0.000000 0.472508 0.852931 -0.221913
-0.68739003 -0.50177997 -6.50219679 90 120 53 0.000000 0.103449 0.587180 -0.802819
-0.87460399 -0.44865200 -6.45075607 79 120 56 0.000000 0.197983 -0.600087 0.775048
-0.78521401 -0.39552400 -6.41786718 79 118 55 0.000000 0.278014 -0.586212 0.760963
-1.09639299 -0.75898898 -6.69447088 41 45 39 0.000000 -0.427365 -0.404957 0.808313
-1.13687205 -0.43009901 -6.38919401 83 125 61 0.000000 -0.055846 -0.714543 0.697359
-0.86532801 -0.74549598 -6.68266392 88 120 57 0.000000 0.023427 0.126060 -0.991746
-0.94038200 -0.86271501 -6.73073292 80 118 67 0.000000 0.054209 -0.371528 0.926838
-1.20433605 -0.54478902 -6.47015095 92 130 71 0.000000 -0.024640 -0.379982 0.924666
-0.76834702 -0.76995200 -6.69868708 86 121 52 0.000000 0.595612 0.317982 -0.737654
-1.13602901 -0.48660100 -6.42883015 84 122 63 0.000000 0.776109 -0.405138 0.483237
-0.92604601 -0.52117598 -6.49545002 133 122 102 0.000000 0.435495 -0.501231 0.747738
-1.08880401 -0.69405401 -6.63712597 77 114 45 0.000000 -0.284848 -0.474747 0.832753
-1.16807401 -0.67465800 -6.60423708 74 107 62 0.000000 0.663518 0.149632 -0.733044
-1.15711105 -0.62237298 -6.56628799 80 114 72 0.000000 -0.095316 0.699474 -0.708273
-0.62329900 -0.41997999 -6.42461300 48 57 33 0.000000 -0.015167 -0.583256 0.812147
-1.03651905 -0.60719401 -6.55279493 72 112 56 0.000000 0.157696 -0.578220 0.800496
-0.81051302 -0.74549598 -6.67338800 73 113 57 0.000000 0.001347 -0.534955 0.844879
-0.89568698 -0.78007102 -6.70206118 71 109 55 0.000000 -0.418946 -0.713698 0.561354
-1.17650700 -0.44612199 -6.39256811 103 120 72 0.000000 -0.286747 -0.427820 0.857174
-0.83581197 -0.43178600 -6.44485188 77 118 59 0.000000 0.071078 -0.382214 0.921336
-0.86364102 -0.64767200 -6.59917688 92 112 71 0.000000 -0.475430 -0.462269 0.748514
-0.85942400 -0.99005401 -6.75434494 70 67 54 0.000000 0.430457 -0.683080 -0.590008
-0.84087199 -0.85090899 -6.75097179 107 145 101 0.000000 0.370211 -0.433767 0.821456
-0.94122499 -0.86946201 -6.73241901 75 112 59 0.000000 0.380336 -0.316183 0.869122
-0.87797701 -0.70670402 -6.64893198 68 108 55 0.000000 -0.381354 -0.435605 0.815363
-0.82737899 -0.73874903 -6.68182087 90 122 57 0.000000 0.023087 0.501117 -0.865072
-0.90327603 -0.38877800 -6.39088106 70 98 46 0.000000 0.159033 -0.758817 0.631590
-0.96315098 -0.44949600 -6.43473291 77 118 60 0.000000 0.213904 -0.371059 0.903637
-0.91592598 -0.44106200 -6.44232178 84 116 68 0.000000 0.150077 -0.545328 0.824678
-0.94797200 -0.81127399 -6.70037413 78 116 67 0.000000 0.357000 -0.388179 0.849628
-0.89821601 -0.37444100 -6.36642504 67 108 58 0.000000 0.175594 -0.538787 0.823939
-0.94375497 -0.65104598 -6.60423708 78 116 62 0.000000 -0.015354 -0.738398 0.674190
-0.95218801 -0.38877800 -6.36811209 60 78 39 0.000000 0.189450 0.436175 0.879693
-1.00700295 -0.57852101 -6.53508615 77 118 65 0.000000 0.095777 -0.521768 0.847694
-0.73208499 -0.57346100 -6.54520607 77 117 54 0.000000 -0.230807 -0.667300 0.708123
-1.05591500 -0.70754701 -6.63881302 69 108 42 0.000000 -0.269317 -0.565409 0.779603
-1.05085504 -0.78850400 -6.69362688 80 109 50 0.000000 0.141348 0.189737 -0.971607
-1.13940203 -0.41913700 -6.36979818 63 88 29 0.000000 0.087495 -0.949391 -0.301663
-1.08711696 -0.65188903 -6.57387781 77 107 60 0.000000 0.903860 0.009156 -0.427731
-0.94881499 -0.83319902 -6.71386719 79 118 66 0.000000 0.300569 -0.492556 0.816730
-1.00616002 -0.39636701 -6.36558199 64 104 48 0.000000 0.008937 -0.999920 -0.008937
-0.69582301 -0.69911402 -6.69194078 82 86 75 0.000000 0.469569 -0.118463 -0.874912
-1.14783502 -0.49503401 -6.42714310 85 122 67 0.000000 0.260800 -0.252341 0.931830
-0.88050699 -0.46889201 -6.46509218 81 118 57 0.000000 0.014922 -0.516830 0.855958
-1.14108801 -0.68056101 -6.62953615 94 129 70 0.000000 0.539084 -0.357771 0.762488
-0.72112203 -0.47479501 -6.47521210 92 119 66 0.000000 0.110172 -0.600804 0.791768
-0.96146399 -0.61984301 -6.57809401 76 114 64 0.000000 0.213576 -0.675026 0.706205
-0.98085999 -0.54647601 -6.51484680 77 111 58 0.000000 0.094301 -0.593373 0.799385
-0.74895102 -0.44612199 -6.45581484 80 121 61 0.000000 -0.064308 -0.613065 0.787410
-0.84761798 -0.35926199 -6.38244820 86 128 70 0.000000 0.324815 -0.602766 0.728813
-0.80039299 -0.48997399 -6.48786116 76 118 49 0.000000 -0.039513 -0.475516 0.878819
-1.18662703 -0.46804801 -6.41955280 89 127 68 0.000000 -0.539665 -0.715679 0.443356
-0.94122499 -0.90909702 -6.75603199 90 102 58 0.000000 0.072167 0.539133 -0.839123
-0.88219398 -0.43768901 -6.44147921 78 120 57 0.000000 0.040192 -0.539129 0.841263
-0.93363500 -0.60213399 -6.56460190 78 117 57 0.000000 0.191264 -0.775767 0.601334
-1.02386904 -0.39468101 -6.36136484 72 114 58 0.000000 0.001362 -0.815569 0.578659
-1.12506604 -0.54984897 -6.47774076 66 97 41 0.000000 -0.167041 0.802097 -0.573356
-0.66293401 -0.48407099 -6.48111391 87 128 72 0.000000 0.151001 -0.435747 0.887313
-0.67136699 -0.55575198 -6.54183197 79 115 46 0.000000 0.777427 0.625664 0.064428
-0.83581197 -0.73621899 -6.68013477 88 124 56 0.000000 0.006877 0.601086 -0.799155
-0.73377198 -0.39215100 -6.42039585 85 128 65 0.000000 -0.006826 -0.563790 0.825890
-0.97580099 -0.61225301 -6.56797504 75 117 59 0.000000 -0.110985 -0.658512 0.744341
-0.97411400 -0.77332503 -6.67676115 77 116 60 0.000000 0.119258 -0.489965 0.863546
-0.86026800 -0.90235001 -6.75350189 112 140 103 0.000000 0.206215 -0.668260 0.714775
-0.96821100 -0.75983202 -6.68097782 84 116 49 0.000000 0.022842 0.094630 -0.995250
-0.99688298 -0.58273798 -6.54014587 77 118 57 0.000000 0.301144 -0.466539 0.831657
-0.82906502 -0.38118801 -6.40353107 77 118 55 0.000000 0.079758 -0.656920 0.749730
-0.94628501 -0.70501697 -6.64302921 81 121 71 0.000000 0.151723 -0.611399 0.776641
-0.84255803 -0.59032798 -6.56375790 69 110 49 0.000000 0.095736 -0.512973 0.853050
-1.16723096 -0.60550702 -6.58399820 69 107 23 0.000000 -0.545385 -0.798544 0.254721
-1.12928200 -0.67718798 -6.62447596 89 121 53 0.000000 0.103811 0.402788 -0.909387
-1.09892297 -0.70164400 -6.62110281 87 120 72 0.000000 0.182732 -0.228081 0.956341
-1.19000006 -0.60466403 -6.56881809 69 102 59 0.000000 0.727252 0.673271 -0.133455
-0.66883701 -0.49081701 -6.49798107 93 129 55 0.000000 -0.223552 0.556567 -0.800161
-1.00700295 -0.39636701 -6.36811209 62 102 45 0.000000 0.001050 -0.996891 0.078785
-1.16048396 -0.67297101 -6.61688709 82 95 59 0.000000 0.655337 -0.638747 0.403157
-1.17566395 -0.63839602 -6.59664679 87 120 76 0.000000 0.592765 0.666235 -0.452505
-1.16217101 -0.61815703 -6.59243107 67 106 22 0.000000 -0.476882 -0.722800 0.500144
-0.92604601 -0.39468101 -6.35377598 57 72 53 0.000000 -0.220301 0.720275 -0.657778
-1.08374405 -0.77332503 -6.67676115 85 116 73 0.000000 0.722221 0.660095 -0.206571
-0.93447900 -0.55322200 -6.51906300 74 114 56 0.000000 0.015073 -0.554953 0.831745
-1.01459301 -0.77754098 -6.67254496 79 119 57 0.000000 -0.474598 -0.403327 0.782358
-0.91002297 -0.37444100 -6.36305189 64 104 56 0.000000 0.378844 -0.569086 0.729807
-0.86954403 -0.53551298 -6.51737595 77 118 60 0.000000 0.069824 -0.577120 0.813669
-0.92014199 -0.58273798 -6.55279493 136 130 102 0.000000 0.509153 -0.721439 0.469350
-0.96146399 -0.48491400 -6.46171904 79 116 59 0.000000 0.001334 -0.500299 0.865851
-1.03989196 -0.42588300 -6.39425421 73 114 58 0.000000 0.220462 -0.673896 0.705167
-0.78352702 -0.76742202 -6.69953108 86 119 51 0.000000 0.480396 0.544003 -0.687954
-0.82484901 -0.66538203 -6.61351299 93 117 80 0.000000 0.451860 -0.774851 0.442073
-1.12169194 -0.55153501 -6.48111391 67 101 43 0.000000 -0.149755 0.679191 -0.718521
-0.66040403 -0.48407099 -6.48111391 87 129 71 0.000000 0.048204 -0.497193 0.866300
-0.87797701 -0.44865200 -6.44991207 79 120 56 0.000000 0.125599 -0.595485 0.793488
-0.69329298 -0.57852101 -6.55279493 82 124 53 0.000000 0.369808 -0.695240 0.616347
-0.73461503 -0.77922797 -6.67254496 92 128 64 0.000000 -0.348688 -0.515801 0.782539
-0.70931602 -0.41238999 -6.43135881 82 125 64 0.000000 0.014680 -0.465751 0.884794
-0.95893401 -0.34323901 -6.38666391 72 102 49 0.000000 0.286382 0.364350 -0.886135
-0.90580601 -0.56165498 -6.54098892 72 110 55 0.000000 0.165560 -0.627307 0.760970
-0.86532801 -0.41238999 -6.42292595 102 117 74 0.000000 0.190829 -0.587752 0.786214
-0.97242701 -0.82476598 -6.70796299 75 115 66 0.000000 -0.231203 -0.460894 0.856809
-0.95218801 -0.53129601 -6.50388384 80 111 60 0.000000 0.085924 -0.642247 0.761667
-0.95724797 -0.64682901 -6.60086393 78 118 63 0.000000 0.095792 -0.428980 0.898220
-0.75654101 -0.40058401 -6.42545700 81 125 62 0.000000 0.118508 -0.554500 0.823703
-1.12675202 -0.46889201 -6.42461300 82 116 62 0.000000 0.246287 -0.364269 0.898137
-1.15036500 -0.51611698 -6.44232178 79 117 64 0.000000 0.165109 -0.622565 0.764952
-1.10061002 -0.53298301 -6.48111391 75 114 53 0.000000 0.213164 -0.695507 0.686171
-1.08880401 -0.76826501 -6.67676115 89 122 75 0.000000 0.762485 0.460770 -0.454211
-0.88472402 -0.82476598 -6.71808290 73 109 65 0.000000 -0.125419 -0.576928 0.807109
-1.09048998 -0.68562102 -6.63290882 75 114 49 0.000000 -0.301755 -0.507138 0.807313
-1.07446694 -0.72863001 -6.64218616 79 110 68 0.000000 0.136487 0.709431 -0.691433
-0.60727602 -0.45286900 -6.45412922 101 114 80 0.000000 0.205115 -0.860884 0.465626
-1.01374900 -0.48322800 -6.45581484 85 120 63 0.000000 0.183012 -0.489521 0.852570
-1.00109994 -0.44612199 -6.42883015 80 119 62 0.000000 0.086680 -0.512977 0.854015
-0.74051797 -0.61309701 -6.58905697 71 113 52 0.000000 0.079758 -0.656920 0.749730
-0.82990903 -0.76404798 -6.68350792 71 114 49 0.000000 0.072400 -0.543708 0.836146
-0.83834201 -0.59117103 -6.56460190 71 113 50 0.000000 0.135959 -0.634974 0.760475
-0.89147002 -0.41492000 -6.42208290 84 111 59 0.000000 0.048647 -0.372084 0.926923
-0.89990300 -0.36263499 -6.35799217 83 122 76 0.000000 0.421758 -0.722778 0.547459
-0.71606302 -0.65273201 -6.63965607 88 130 78 0.000000 0.254359 -0.744119 0.617729
-0.73124200 -0.76826501 -6.68435097 103 127 64 0.000000 0.793821 -0.498744 -0.347998
-1.09892297 -0.41492000 -6.36642504 79 118 54 0.000000 0.001371 -0.618487 0.785794
-0.88809699 -0.54731899 -6.52665281 76 116 52 0.000000 0.246935 -0.605541 0.756533
-0.84677500 -0.73368901 -6.67760515 91 125 56 0.000000 -0.038225 0.658324 -0.751763
-1.20855296 -0.53804302 -6.42208290 126 141 122 0.000000 0.434316 -0.530096 0.728263
-1.02471197 -0.61646998 -6.56122923 79 118 59 0.000000 0.174970 -0.524911 0.832979
-0.92182899 -0.75983202 -6.68266392 74 112 64 0.000000 0.198574 -0.532056 0.823095
-0.96989697 -0.42588300 -6.41955280 74 112 61 0.000000 0.040911 -0.627778 0.777316
-0.92604601 -0.48407099 -6.47099495 166 130 121 0.000000 0.499851 -0.301172 0.812061
-0.89990300 -0.39552400 -6.40100098 68 106 48 0.000000 0.078416 -0.546064 0.834066
-0.80966902 -0.46973500 -6.47521210 80 122 56 0.000000 0.064127 -0.585689 0.807995
-0.99351001 -0.72272599 -6.64724588 76 116 55 0.000000 -0.158787 -0.636662 0.754618
-1.05760098 -0.39974099 -6.36473799 77 117 56 0.000000 0.220462 -0.705167 0.673896
-0.71606302 -0.65526199 -6.64218616 89 130 78 0.000000 0.110943 -0.714476 0.690808
-1.10735595 -0.62659001 -6.55279493 69 102 54 0.000000 0.149484 0.650785 -0.744401
-0.88219398 -0.41829300 -6.42292595 90 110 67 0.000000 -0.015273 -0.623436 0.781725
-0.67727000 -0.62911999 -6.64218616 120 161 118 0.000000 0.815037 -0.552900 0.173252
-0.93110502 -0.79693699 -6.70121717 78 118 70 0.000000 0.435250 -0.157615 0.886406
-0.62498599 -0.44527900 -6.45918798 92 125 57 0.000000 -0.133715 0.878495 -0.458658
-1.12759602 -0.51190001 -6.44569588 79 118 61 0.000000 0.101648 -0.670288 0.735107
-0.86279798 -0.51105702 -6.50219679 81 115 61 0.000000 0.263640 -0.373862 0.889225
-0.69666702 -0.70080101 -6.69278383 75 80 71 0.000000 0.299275 -0.206542 -0.931545
-1.04748201 -0.47057801 -6.43557596 94 119 75 0.000000 0.278753 -0.381213 0.881461
-0.91423899 -0.44865200 -6.44738197 92 120 69 0.000000 0.189206 -0.546426 0.815855
-0.73714501 -0.37865800 -6.41027689 93 131 73 0.000000 0.032379 -0.640541 0.767241
-1.08121395 -0.73031598 -6.64387178 86 116 75 0.000000 0.006907 0.777741 -0.628547
-1.04832494 -0.77079499 -6.67929077 75 115 41 0.000000 -0.365690 -0.547723 0.752509
-0.69835299 -0.68224800 -6.66917181 111 152 101 0.000000 0.341768 -0.562055 0.753186
-0.64606798 -0.56081200 -6.54098892 85 122 48 0.000000 0.165424 0.523099 -0.836064
-0.83918500 -0.68056101 -6.62953615 74 114 53 0.000000 -0.015148 -0.576995 0.816607
-0.94881499 -0.37275499 -6.36895514 96 57 46 0.000000 0.499505 -0.062612 0.864046
-1.13687205 -0.59791702 -6.53424311 80 107 68 0.000000 -0.015233 0.785217 -0.619033
-0.90580601 -0.88548398 -6.73916578 74 112 63 0.000000 0.323550 -0.561786 0.761388
-1.20602298 -0.58020800 -6.54689217 67 96 39 0.000000 0.595612 -0.317982 -0.737654
-1.09639299 -0.75139898 -6.66411209 78 111 62 0.000000 -0.213421 0.721269 -0.658956
-0.75738400 -0.53888601 -6.52159309 73 115 50 0.000000 -0.094327 -0.386877 0.917294
-0.98929298 -0.83910298 -6.71049404 88 128 87 0.000000 0.086513 -0.410595 0.907704
-1.01121902 -0.77501100 -6.67254496 73 112 53 0.000000 0.079522 -0.308962 0.947744
-0.96146399 -0.64345598 -6.59833384 82 121 64 0.000000 0.174826 -0.411780 0.894356
-1.03904903 -0.47732499 -6.44316578 80 117 67 0.000000 0.397032 -0.484541 0.779478
-0.82147598 -0.33986601 -6.37654400 61 89 57 0.000000 0.159552 -0.547250 0.821621
-1.01627898 -0.67718798 -6.61520004 77 111 54 0.000000 0.096038 -0.531794 0.841410
-0.75569803 -0.59454399 -6.57556486 90 123 55 0.000000 0.126062 0.853452 -0.505696
-1.05422795 -0.53551298 -6.47774076 75 116 57 0.000000 0.119498 -0.991267 -0.055766
-0.61908197 -0.59791702 -6.56122923 69 82 51 0.000000 0.553248 -0.830580 0.063673
-1.15373802 -0.63164902 -6.57725096 82 116 74 0.000000 0.032443 0.698221 -0.715147
-1.03061497 -0.81127399 -6.68941116 80 116 57 0.000000 -0.476988 -0.762198 0.437649
-0.96483803 -0.85849899 -6.74591303 86 111 56 0.000000 0.823067 0.522655 -0.222243
-0.93785203 -0.91331398 -6.75856209 70 76 52 0.000000 0.198456 0.316686 -0.927537
-1.12337899 -0.73959303 -6.66917181 86 107 69 0.000000 0.142083 0.602730 -0.785194
-0.85352099 -0.53551298 -6.52159309 76 116 57 0.000000 0.087671 -0.556207 0.826406
-0.88725400 -0.89054400 -6.74591303 82 120 75 0.000000 -0.046485 -0.394455 0.917739
-0.62161201 -0.53129601 -6.52833891 92 109 52 0.000000 0.246531 0.221740 -0.943427
-0.95134503 -0.72019702 -6.65061903 77 116 68 0.000000 -0.095565 -0.245920 0.964568
-0.95809102 -0.89560401 -6.74422598 61 67 54 0.000000 -0.309367 0.023797 0.950645
-0.84255803 -0.53888601 -6.52496576 79 119 57 0.000000 0.055922 -0.678231 0.732718
-0.90917897 -0.38456100 -6.34702921 50 64 31 0.000000 -0.577040 0.805483 0.134989
-0.68148702 -0.55828202 -6.53086901 82 124 58 0.000000 -0.046263 -0.562168 0.825728
-1.15879798 -0.42925599 -6.37738800 83 91 60 0.000000 -0.563958 -0.437525 0.700373
-0.62161201 -0.55828202 -6.51990700 97 136 72 0.000000 -0.102372 -0.181309 0.978083
-1.13012600 -0.59960401 -6.53592920 82 114 60 0.000000 0.459594 0.586610 -0.666830
-0.74473500 -0.43684599 -6.46003199 88 123 56 0.000000 0.991632 -0.079101 -0.102029
-0.83918500 -0.73874903 -6.66579819 72 112 54 0.000000 0.134356 -0.951132 0.278023
-0.94038200 -0.42588300 -6.42714310 84 108 56 0.000000 0.926753 0.332285 0.175256
-0.91508299 -0.38962099 -6.39509678 70 95 45 0.000000 -0.072400 -0.836146 0.543708
-1.07784104 -0.64767200 -6.58737087 68 108 42 0.000000 -0.095828 -0.516328 0.851012
-0.81472898 -0.61309701 -6.58484077 75 115 58 0.000000 0.006690 -0.491076 0.871091
-0.82737899 -0.70839000 -6.65314913 73 113 62 0.000000 -0.086276 -0.403989 0.910686
-1.18241000 -0.46636200 -6.41618013 85 125 63 0.000000 0.182148 -0.197873 0.963156
-1.12084901 -0.71176302 -6.66495514 79 96 40 0.000000 -0.164480 -0.953451 0.252738
-1.07615399 -0.64935899 -6.58737087 71 109 42 0.000000 -0.149345 -0.641129 0.752761
-1.19674695 -0.58273798 -6.57978106 71 102 27 0.000000 -0.032432 -0.726200 -0.686718
-1.01880896 -0.58105099 -6.53340006 82 120 69 0.000000 0.293234 -0.457693 0.839363
-1.19758999 -0.59032798 -6.55869913 68 99 31 0.000000 -0.579251 -0.810373 0.088115
-1.20771003 -0.60213399 -6.54436302 90 117 69 0.000000 0.669402 0.589274 -0.452389
-1.02302599 -0.51021302 -6.47268200 80 113 63 0.000000 0.516894 -0.658325 0.547201
-0.90665001 -0.37191099 -6.36305189 71 110 61 0.000000 0.372332 -0.585562 0.720060
-0.90665001 -0.74971199 -6.68856812 89 112 74 0.000000 0.659401 -0.612659 0.435706
-1.16723096 -0.61056697 -6.56038523 83 116 72 0.000000 0.395494 0.405024 -0.824342
-0.98929298 -0.84247601 -6.71471024 82 122 79 0.000000 0.046989 -0.420212 0.906208
-0.66293401 -0.57852101 -6.54773617 86 127 50 0.000000 -0.119495 -0.080050 0.989602
-0.90327603 -0.47395101 -6.46509218 79 114 59 0.000000 -0.094405 -0.588219 0.803173
-1.17988098 -0.63670897 -6.58399820 71 105 63 0.000000 0.924238 -0.269986 0.269986
-1.17397702 -0.57599097 -6.52665281 74 112 52 0.000000 0.118497 -0.907546 -0.402889
-0.63341898 -0.42672601 -6.42883015 97 136 68 0.000000 -0.166681 -0.427573 0.888481
-0.81135601 -0.58526802 -6.56207180 79 123 63 0.000000 -0.070804 -0.721048 0.689258
-1.19590294 -0.47985500 -6.42208290 88 126 69 0.000000 0.087190 -0.358151 0.929584
-1.07362401 -0.74212199 -6.65146208 75 107 67 0.000000 -0.270183 0.888171 -0.371689
-1.14446199 -0.62405998 -6.56797504 85 117 78 0.000000 0.332212 0.484807 -0.809072
-1.18493998 -0.49587700 -6.43220282 81 122 68 0.000000 0.787350 -0.603486 0.126035
-0.97242701 -0.88548398 -6.75434494 77 81 58 0.000000 0.173595 -0.254337 -0.951408
-0.84340203 -0.76573497 -6.69784403 83 115 52 0.000000 -0.064127 0.585689 -0.807995
-0.89231300 -0.53804302 -6.51568985 77 117 57 0.000000 -0.047042 -0.674266 0.736989
-1.10904300 -0.62574601 -6.55279493 70 104 53 0.000000 0.191778 0.530033 -0.826006
-0.89821601 -0.42588300 -6.42798615 87 112 62 0.000000 0.014975 0.529572 -0.848133
-0.69413698 -0.44106200 -6.46087503 92 126 56 0.000000 0.167478 0.586929 -0.792127
-0.96483803 -0.52708000 -6.49882412 88 111 63 0.000000 0.116859 -0.622757 0.773639
-0.81894600 -0.61731303 -6.58737087 72 114 56 0.000000 0.189053 -0.388209 0.901972
-0.69413698 -0.70248699 -6.69109821 97 109 85 0.000000 0.538467 -0.096206 -0.837137
-1.19590294 -0.51780301 -6.42545700 101 140 86 0.000000 0.451299 -0.691103 0.564540
-0.67895699 -0.43094301 -6.44147921 81 122 61 0.000000 -0.166044 -0.656558 0.735772
-1.19000006 -0.60972399 -6.58146811 68 79 66 0.000000 0.340768 0.932698 -0.118115
-0.89906001 -0.62237298 -6.60508108 103 116 69 0.000000 0.538750 -0.695538 -0.475368
-1.19927704 -0.54394603 -6.43220282 104 133 90 0.000000 0.348655 -0.379647 0.856917
-0.63173199 -0.55996901 -6.53677320 90 125 51 0.000000 0.064063 0.898241 -0.434809
-0.94122499 -0.62153000 -6.58146811 90 113 66 0.000000 0.055838 -0.657173 0.751669
-1.10145295 -0.68393397 -6.60255098 81 115 54 0.000000 -0.087053 0.990082 0.110267
-1.00025594 -0.70839000 -6.63965607 76 115 56 0.000000 0.166044 -0.735772 0.656558
-0.78774399 -0.69574100 -6.65230608 79 119 70 0.000000 -0.071506 -0.506151 0.859475
-0.93447900 -0.91331398 -6.75687599 80 88 54 0.000000 0.189942 0.238437 -0.952402
-1.09048998 -0.76151901 -6.67591810 81 112 70 0.000000 0.443184 0.640526 -0.627147
-0.98507702 -0.66453803 -6.60845423 78 119 65 0.000000 -0.006670 -0.481550 0.876393
-0.87376100 -0.64176899 -6.59833384 88 107 66 0.000000 -0.348559 -0.666027 0.659481
-0.89484298 -0.56418502 -6.54267597 73 111 51 0.000000 -0.204364 -0.576215 0.791335
-1.03483200 -0.79019099 -6.69362688 81 111 50 0.000000 0.166353 -0.038389 -0.985319
-1.16976094 -0.67465800 -6.60592413 77 108 64 0.000000 0.561933 0.213996 -0.799022
-0.85942400 -1.00186098 -6.75771904 45 40 36 0.000000 0.205497 -0.625761 0.752459
-0.96568102 -0.46298799 -6.44653893 80 120 61 0.000000 0.046426 -0.578214 0.814564
-1.10145295 -0.69995701 -6.61941719 91 122 72 0.000000 0.047042 0.736989 -0.674266
-0.82906502 -0.83741599 -6.75097179 104 143 99 0.000000 0.357223 -0.285480 0.889322
-1.03061497 -0.74380898 -6.66242504 63 102 48 0.000000 -0.126141 -0.435117 0.891494
-0.90749300 -0.76151901 -6.68941116 88 113 68 0.000000 0.324658 -0.080179 0.942427
-1.10482597 -0.41576299 -6.36642504 76 116 52 0.000000 -0.032239 -0.609733 0.791951
-0.94965798 -0.61984301 -6.57893801 87 113 64 0.000000 0.109910 -0.587654 0.801613
-0.84002799 -0.45371199 -6.46003199 80 121 56 0.000000 0.158766 -0.618430 0.769635
-0.98085999 -0.50515401 -6.48027086 78 114 55 0.000000 0.120418 -0.721022 0.682369
-0.79027301 -0.46636200 -6.47268200 78 119 57 0.000000 0.063650 -0.418466 0.905999
-0.82316202 -0.69152403 -6.63796902 74 111 64 0.000000 0.062569 -0.490818 0.869012
-1.17903697 -0.59876102 -6.58652782 74 108 30 0.000000 -0.390170 -0.920699 0.009014
-1.10061002 -0.62827599 -6.58231115 93 127 67 0.000000 0.585689 0.064127 -0.807995
-0.97327101 -0.85175198 -6.73747921 91 115 62 0.000000 -0.006944 0.723559 -0.690228
-0.82737899 -0.71429300 -6.66495514 89 122 55 0.000000 0.214346 0.284394 -0.934439
-1.07193696 -0.63164902 -6.55869913 73 104 59 0.000000 0.275998 0.547265 -0.790143
-0.75232500 -0.35588899 -6.39256811 88 129 69 0.000000 0.001363 -0.584843 0.811146
-0.69160700 -0.66959798 -6.66073799 103 145 93 0.000000 0.341768 -0.562055 0.753186
-1.15120804 -0.61225301 -6.55448198 85 119 80 0.000000 -0.101698 0.726627 -0.679463
-1.18746996 -0.62490302 -6.59327412 84 111 76 0.000000 0.684711 0.605132 -0.406185
-0.98929298 -0.81127399 -6.70037413 84 121 71 0.000000 -0.563591 -0.499661 0.657803
-1.12843895 -0.71513700 -6.64471579 85 115 60 0.000000 0.394984 0.695767 -0.599913
-0.91508299 -0.55153501 -6.52918291 104 112 85 0.000000 0.307911 -0.773767 0.553602
-0.63510501 -0.53719902 -6.51484680 93 135 80 0.000000 0.015620 -0.243919 0.969670
-0.90580601 -0.61562699 -6.59664679 122 136 98 0.000000 0.341118 -0.888110 -0.308058
-0.91592598 -0.61056697 -6.57978106 143 133 105 0.000000 0.458081 -0.093858 0.883942
-1.16301405 -0.56671500 -6.50556993 72 109 52 0.000000 0.150417 -0.811657 0.564436
-1.01543605 -0.50093699 -6.46762180 80 119 61 0.000000 0.350704 -0.531712 0.770902
-1.04157805 -0.78175801 -6.69025421 80 111 51 0.000000 -0.086335 0.499612 -0.861936
-0.94375497 -0.90825403 -6.75603199 90 104 57 0.000000 0.101691 0.508455 -0.855063
-1.13265502 -0.59117103 -6.54857922 73 115 44 0.000000 0.762427 -0.580972 0.284915
-0.90833598 -0.53298301 -6.51400280 73 110 57 0.000000 -0.244188 -0.735716 0.631739
-1.14024496 -0.68140399 -6.63038015 93 128 70 0.000000 0.529919 -0.379911 0.758191
-1.12337899 -0.55237901 -6.48111391 66 98 41 0.000000 -0.222963 0.753083 -0.618994
-0.85267800 -0.67212802 -6.63375282 84 120 51 0.000000 0.664650 -0.728530 0.165782
-0.76581800 -0.45539901 -6.46087503 89 117 68 0.000000 0.055359 -0.594756 0.801998
-0.83328199 -0.66959798 -6.63290882 84 116 49 0.000000 0.071703 0.964845 0.252847
-1.13771498 -0.44612199 -6.39762688 85 122 54 0.000000 -0.006755 -0.522804 0.852426
-1.21867299 -0.55575198 -6.46846485 84 106 61 0.000000 0.610682 -0.023648 0.791522
-0.93363500 -0.56081200 -6.52665281 72 110 53 0.000000 0.135988 -0.620167 0.772593
-1.20180595 -0.55322200 -6.47858477 87 127 73 0.000000 0.403912 -0.760402 0.508570
-0.98001701 -0.48575801 -6.46340513 79 118 61 0.000000 0.120418 -0.682369 0.721022
-1.06013095 -0.68140399 -6.62194586 74 115 49 0.000000 -0.285378 -0.607425 0.741346
-1.11494601 -0.61984301 -6.57472086 94 125 71 0.000000 0.166164 0.824833 -0.540408
-1.16470098 -0.64092600 -6.58821392 75 107 64 0.000000 -0.316715 0.909278 -0.270010
-0.94122499 -0.79103398 -6.68941116 82 120 75 0.000000 0.196519 -0.704065 0.682402
-1.10904300 -0.63417900 -6.58062506 63 100 33 0.000000 -0.379994 -0.689254 0.616874
-1.07362401 -0.69068098 -6.63122320 75 115 46 0.000000 -0.126746 -0.672500 0.729163
-1.03483200 -0.63417900 -6.57640791 76 114 54 0.000000 0.047042 -0.674266 0.736989
-1.04495203 -0.73284602 -6.64977598 70 109 39 0.000000 0.213628 -0.690783 0.690783
-0.60643297 -0.44359201 -6.45834494 94 128 57 0.000000 -0.189053 0.388209 -0.901972
-0.90749300 -0.37106800 -6.36136484 72 112 64 0.000000 0.376488 -0.596792 0.708587
-1.13349903 -0.48575801 -6.43051577 82 121 61 0.000000 0.341162 -0.403474 0.849010
-0.79702002 -0.49672100 -6.49123383 75 117 48 0.000000 -0.095736 -0.512973 0.853050
-0.77678102 -0.61646998 -6.59074402 74 114 51 0.000000 -0.165942 -0.689650 0.704874
-0.90496302 -0.84247601 -6.72735977 84 115 77 0.000000 -0.014561 -0.443456 0.896178
-0.94797200 -0.81970698 -6.70627689 78 119 74 0.000000 0.410909 -0.410909 0.813823
-0.67811400 -0.60972399 -6.61182690 90 131 80 0.000000 0.373404 -0.818311 0.436962
-1.17144704 -0.60382003 -6.55785513 72 106 63 0.000000 0.292169 0.956075 -0.023622
-1.01121902 -0.65273201 -6.59411812 78 118 60 0.000000 0.001300 -0.427862 0.903843
-1.11494601 -0.63502300 -6.56460190 75 108 64 0.000000 0.293724 0.691776 -0.659675
-0.80461001 -0.51021302 -6.50051117 69 108 48 0.000000 -0.126232 -0.613338 0.779667
-1.09976602 -0.62827599 -6.55701208 92 120 64 0.000000 -0.230889 0.695809 -0.680103
-1.15205097 -0.46045801 -6.42883015 82 123 59 0.000000 -0.433929 0.014508 0.900830
-0.85858101 -0.46383199 -6.46424818 78 120 56 0.000000 -0.086335 -0.499612 0.861936
-0.78943002 -0.63417900 -6.60929680 79 122 66 0.000000 0.080207 -0.499533 0.862574
-1.00531602 -0.57936502 -6.53592920 76 117 64 0.000000 0.087394 -0.551586 0.829527
-1.01374900 -0.80452698 -6.69953108 87 124 69 0.000000 0.719739 0.467082 0.513624
-0.97242701 -0.74886900 -6.67591810 91 123 59 0.000000 -0.228907 0.165396 -0.959294
-0.90665001 -0.95632201 -6.76024914 95 113 73 0.000000 -0.458579 -0.372296 0.806908
-1.18662703 -0.51021302 -6.42292595 96 134 83 0.000000 0.718057 -0.695574 -0.023888
-0.68064398 -0.48322800 -6.49123383 91 126 56 0.000000 -0.079318 0.300369 -0.950519
-0.82822198 -0.44949600 -6.45834494 77 120 56 0.000000 0.006690 -0.491076 0.871091
-1.01880896 -0.76404798 -6.68266392 92 124 59 0.000000 -0.151001 0.435747 -0.887313
-0.73039901 -0.76657802 -6.68772411 94 124 54 0.000000 0.815934 -0.577665 -0.023550
-0.75148100 -0.76404798 -6.68856812 84 116 51 0.000000 -0.040192 0.841263 -0.539129
-1.19084299 -0.47479501 -6.42292595 96 122 71 0.000000 -0.506758 -0.506758 0.697419
-0.86617100 -0.40817401 -6.41871023 81 113 62 0.000000 0.270004 -0.579482 0.768959
-0.95556098 -0.37781501 -6.36726809 70 68 39 0.000000 0.546628 -0.134079 0.826572
-0.96652400 -0.42756999 -6.42208290 74 113 60 0.000000 0.167041 -0.573356 0.802097
-0.86532801 -0.70417398 -6.65483522 79 113 48 0.000000 0.096039 0.435656 -0.894975
-0.85352099 -0.52286297 -6.51063013 104 111 73 0.000000 -0.070929 -0.728106 0.681785
-1.19590294 -0.56418502 -6.48448801 83 122 69 0.000000 0.215084 -0.769041 0.601926
-0.85689503 -0.44527900 -6.44738197 80 121 60 0.000000 -0.015361 -0.682884 0.730365
-0.94628501 -0.36516500 -6.39509678 74 90 44 0.000000 0.810835 0.469934 -0.348866
-1.14699197 -0.47479501 -6.40268707 89 135 73 0.000000 -0.064207 -0.603545 0.794739
-0.66377801 -0.38456100 -6.43388891 101 127 73 0.000000 0.467548 0.480765 -0.741798
-1.07193696 -0.69574100 -6.60676718 71 104 56 0.000000 0.001316 0.459279 -0.888291
-0.80545300 -0.71260703 -6.65399218 81 114 69 0.000000 0.247003 -0.542164 0.803149
-0.96146399 -0.39636701 -6.38666391 59 92 47 0.000000 0.102029 -0.991632 0.079101
-1.17060399 -0.60297698 -6.57809401 66 103 20 0.000000 -0.466249 -0.838009 0.283467
-1.04663801 -0.68140399 -6.61435699 73 113 47 0.000000 -0.070895 -0.672779 0.736439
-1.03483200 -0.67297101 -6.60761023 72 109 50 0.000000 -0.124946 -0.568870 0.812881
-0.84171498 -0.80705702 -6.71892595 79 118 73 0.000000 0.054695 -0.548356 0.834455
-1.16048396 -0.67381501 -6.61604404 80 90 60 0.000000 0.640541 -0.767241 0.032379
-1.09639299 -0.73874903 -6.69784403 51 55 47 0.000000 0.771473 0.636224 -0.006900
-1.10145295 -0.45708501 -6.41280699 85 125 66 0.000000 -0.244846 -0.680829 0.690306
-1.08290005 -0.40817401 -6.35377598 118 134 100 0.000000 0.311121 -0.714127 0.627078
-1.18578398 -0.54141599 -6.46509218 84 124 65 0.000000 -0.110465 -0.991904 0.062635
-1.17313397 -0.46973500 -6.41618013 81 119 58 0.000000 -0.419540 -0.572100 0.704761
-1.10229599 -0.56249797 -6.50641298 75 115 45 0.000000 -0.173252 -0.552900 0.815037
-0.62245601 -0.41407701 -6.42883015 96 110 60 0.000000 0.997743 0.024387 -0.062558
-0.94797200 -0.42925599 -6.42208290 73 111 55 0.000000 -0.262166 -0.563578 0.783358
-0.84171498 -0.34070900 -6.36726809 80 110 75 0.000000 0.387998 -0.793706 0.468496
-0.95640498 -0.37781501 -6.36642504 75 66 41 0.000000 0.563120 -0.166683 0.809391
-1.13012600 -0.41238999 -6.35546207 35 41 26 0.000000 -0.072267 -0.904023 0.421332
-0.75401098 -0.59370100 -6.57387781 92 125 61 0.000000 0.015221 0.798410 -0.601921
-1.18915701 -0.61984301 -6.59243107 97 119 92 0.000000 0.603167 0.452793 -0.656634
-0.79448998 -0.77416801 -6.69362688 69 110 48 0.000000 -0.374429 -0.570637 0.730873
-0.80629599 -0.59623098 -6.57387781 71 112 51 0.000000 -0.276559 -0.666618 0.692196
-0.93194902 -0.57093102 -6.53592920 74 113 53 0.000000 0.220153 -0.647967 0.729158
-0.85942400 -0.46383199 -6.46340513 77 120 52 0.000000 0.063151 -0.529067 0.846227
-1.08796000 -0.72188300 -6.62785006 73 106 60 0.000000 0.191555 0.611443 -0.767752
-1.16891801 -0.61478299 -6.60001993 76 114 36 0.000000 0.483594 0.460487 0.744371
-0.98760700 -0.42335299 -6.40690422 75 110 59 0.000000 0.388954 -0.763262 0.515893
-0.87460399 -0.37191099 -6.37991810 69 110 50 0.000000 0.651457 -0.499955 0.570656
-0.68485999 -0.62827599 -6.63628292 96 135 87 0.000000 0.269366 -0.862884 0.427637
-0.92182899 -0.73621899 -6.66748524 77 116 65 0.000000 0.284098 -0.956761 -0.062425
-0.61317903 -0.58020800 -6.53592920 64 68 38 0.000000 0.682131 0.659448 -0.315952
-0.95809102 -0.64598602 -6.60086393 80 120 64 0.000000 0.166992 -0.349420 0.921965
-0.62329900 -0.57514799 -6.54604912 96 130 61 0.000000 -0.064531 0.638144 -0.767207
-0.77425098 -0.37359801 -6.40268707 78 120 58 0.000000 0.205721 -0.617163 0.759466
-0.94628501 -0.36263499 -6.39172411 94 99 61 0.000000 0.921197 0.302290 -0.244984
-1.07531095 -0.68899399 -6.62869310 75 115 49 0.000000 -0.292952 -0.793346 0.533648
-0.73039901 -0.76742202 -6.68435097 103 127 64 0.000000 0.785874 -0.530824 -0.317219
-0.84424502 -0.73790598 -6.68097782 88 124 58 0.000000 -0.062755 0.380537 -0.922634
-1.09133303 -0.62911999 -6.57303476 67 106 44 0.000000 -0.087394 -0.551586 0.829527
-0.89315701 -0.77922797 -6.69868708 67 106 55 0.000000 -0.373289 -0.698889 0.610089
-0.90833598 -0.65779197 -6.62616301 82 107 65 0.000000 -0.023017 -0.491481 0.870584
-0.97580099 -0.68056101 -6.62025976 78 121 70 0.000000 0.449835 -0.784369 0.427099
-1.21108305 -0.58695400 -6.55785513 46 51 33 0.000000 0.395724 -0.916203 -0.063048
-1.05085504 -0.68562102 -6.62110281 77 113 45 0.000000 -0.176032 -0.816968 0.549159
-0.94797200 -0.57430500 -6.54014587 76 117 62 0.000000 -0.120418 -0.721022 0.682369
-0.85014802 -0.34323901 -6.36642504 90 117 83 0.000000 0.445421 -0.802401 0.397181
-0.96062100 -0.48660100 -6.46256208 82 116 61 0.000000 0.001369 -0.609379 0.792878
-0.98507702 -0.67550099 -6.61520004 79 120 72 0.000000 0.252332 -0.775802 0.578325
-1.19421697 -0.56924498 -6.49376392 90 129 77 0.000000 0.420833 -0.676993 0.603804
-0.84677500 -0.45371199 -6.45750189 79 122 55 0.000000 0.095316 -0.699474 0.708273
-1.19674695 -0.52201998 -6.42714310 107 145 92 0.000000 0.841625 -0.532982 0.087163
-1.11325896 -0.57093102 -6.51231718 73 114 43 0.000000 0.994865 -0.063360 -0.078922
-1.06097400 -0.73200297 -6.66495514 93 128 72 0.000000 0.213421 0.658956 -0.721269
-1.11663306 -0.59117103 -6.53761578 65 104 36 0.000000 0.086007 -0.651615 0.753658
-1.04242206 -0.78175801 -6.68856812 80 116 50 0.000000 -0.421249 -0.506482 -0.752347
-0.99351001 -0.69574100 -6.62700701 77 116 55 0.000000 0.038192 -0.649267 0.759601
-1.11578906 -0.54647601 -6.47605515 64 96 41 0.000000 -0.205409 0.820113 -0.534062
-1.09301996 -0.60972399 -6.55279493 72 110 40 0.000000 -0.078234 -0.275742 0.958043
-1.17903697 -0.61141002 -6.60001993 70 108 24 0.000000 -0.493082 -0.247309 0.834092
-1.11578906 -0.45624200 -6.40774679 80 119 58 0.000000 0.136349 -0.666763 0.732691
-0.80123597 -0.73621899 -6.67929077 87 121 55 0.000000 -0.023723 0.618202 -0.785661
-1.11831903 -0.71176302 -6.67591810 75 106 41 0.000000 -0.348846 -0.277593 0.895125
-1.07109404 -0.76995200 -6.69615698 89 116 63 0.000000 0.237725 0.015530 -0.971208
-0.95050102 -0.83235598 -6.71386719 78 119 69 0.000000 0.182750 -0.551270 0.814067
-0.96989697 -0.49587700 -6.47521210 77 117 59 0.000000 0.111597 -0.450625 0.885711
-0.71606302 -0.57599097 -6.55195189 77 117 51 0.000000 -0.174245 -0.949567 0.260692
-0.82990903 -0.42841300 -6.44232178 82 114 63 0.000000 0.006742 -0.516466 0.856281
-0.63173199 -0.56755799 -6.53930283 98 135 65 0.000000 0.070006 0.443369 -0.893601
-1.20939600 -0.55153501 -6.43894911 93 112 88 0.000000 0.659715 -0.724605 0.199305
-1.12759602 -0.46045801 -6.39256811 89 132 68 0.000000 -0.261673 -0.654976 0.708896
-1.02555597 -0.79778099 -6.69025421 86 126 61 0.000000 0.523887 -0.758902 -0.386795
-1.05928802 -0.61815703 -6.55869913 70 105 43 0.000000 0.070078 -0.808045 0.584938
-0.63932198 -0.59032798 -6.58315516 95 133 60 0.000000 0.931697 0.269220 0.243848
-0.86617100 -0.64767200 -6.60001993 90 113 77 0.000000 -0.347934 -0.704035 0.619093
-1.20433605 -0.56587201 -6.48448801 89 123 72 0.000000 0.246101 -0.763384 -0.597226
-1.14108801 -0.68815100 -6.61266994 84 123 64 0.000000 0.555084 0.698439 0.451735
-1.18241000 -0.62743300 -6.58990097 75 111 68 0.000000 0.838714 0.236795 -0.490395
-1.12337899 -0.42082301 -6.37738800 88 128 65 0.000000 0.253931 -0.838741 0.481699
-1.15373802 -0.63249302 -6.57809401 80 113 73 0.000000 0.237350 0.686901 -0.686901
-1.17482102 -0.64598602 -6.59917688 81 116 72 0.000000 0.628073 0.399382 -0.667846
-0.77003402 -0.79609400 -6.74591303 89 123 53 0.000000 0.157367 0.236712 -0.958751
-1.20771003 -0.53466898 -6.45581484 86 124 69 0.000000 0.451445 -0.822106 0.346900
-1.01459301 -0.77669799 -6.67254496 78 118 56 0.000000 -0.403882 -0.323415 0.855735
-1.17397702 -0.46973500 -6.41618013 82 119 58 0.000000 -0.364659 -0.533213 0.763353
-1.09386301 -0.76151901 -6.70121717 51 56 50 0.000000 0.861505 -0.482854 0.157038
-1.19000006 -0.47479501 -6.42292595 87 125 66 0.000000 -0.283906 -0.506639 0.814073
-0.97158402 -0.88464099 -6.75434494 77 81 58 0.000000 0.189610 -0.395142 -0.898839
-0.95556098 -0.37022501 -6.36389494 68 70 37 0.000000 0.719702 -0.268498 0.640264
-0.94459802 -0.88717097 -6.73495007 74 112 54 0.000000 -0.014728 -0.475325 0.879687
-0.69160700 -0.51274300 -6.50051117 80 122 60 0.000000 -0.070365 -0.607436 0.791246
-0.84340203 -0.79778099 -6.71892595 79 117 72 0.000000 -0.117601 -0.380472 0.917284
-1.16048396 -0.51864702 -6.44485188 73 115 62 0.000000 0.150350 -0.332426 0.931068
-1.17735100 -0.46973500 -6.41786718 85 121 61 0.000000 -0.062908 -0.301702 0.951325
-0.94881499 -0.45371199 -6.43894911 72 113 58 0.000000 -0.031323 -0.491636 0.870237
-1.01374900 -0.47395101 -6.44822598 84 122 65 0.000000 0.299735 -0.451931 0.840189
-0.89652997 -0.96475500 -6.75603199 109 134 79 0.000000 0.110592 0.039098 0.993097
-0.81978899 -0.34492600 -6.38076115 102 140 94 0.000000 0.149484 -0.650785 0.744401
-0.68148702 -0.38287401 -6.43051577 99 123 76 0.000000 0.284985 0.798273 0.530607
-0.95050102 -0.39215100 -6.36220789 69 100 57 0.000000 -0.159334 0.959953 0.230441
-0.85942400 -0.34408200 -6.35799217 65 79 60 0.000000 0.411401 -0.808395 0.421006
-0.82484901 -0.39974099 -6.42039585 72 110 51 0.000000 0.126463 -0.644218 0.754315
-0.95218801 -0.90656698 -6.75518894 87 99 61 0.000000 0.061923 0.692670 -0.718591
-0.73292899 -0.74043602 -6.68013477 97 116 63 0.000000 0.252457 0.331259 -0.909138
-1.15542495 -0.69068098 -6.60592413 85 115 75 0.000000 0.483424 0.261018 -0.835566
-0.76666099 -0.78766102 -6.71723986 91 127 57 0.000000 -0.047748 0.986409 -0.157220
-1.14361799 -0.44527900 -6.39678383 87 125 55 0.000000 -0.046803 -0.410526 0.910647
-1.08964705 -0.74718201 -6.69531393 78 104 37 0.000000 -0.063808 -0.818162 -0.571437
-1.16976094 -0.67550099 -6.60592413 79 110 61 0.000000 0.579901 -0.310030 -0.753390
-1.16976094 -0.61478299 -6.60001993 75 113 35 0.000000 0.437493 0.355364 0.826024
-0.86870098 -0.66032201 -6.61351299 72 113 52 0.000000 -0.251531 -0.647020 0.719790
-0.87544698 -0.70839000 -6.64808893 67 108 53 0.000000 -0.160012 -0.428139 0.889434
-1.13687205 -0.59623098 -6.53340006 84 111 72 0.000000 0.117524 0.709605 -0.694729
-0.63088900 -0.43262899 -6.44485188 102 133 64 0.000000 -0.086262 -0.221281 -0.971387
-0.84508801 -0.73790598 -6.68097782 88 124 58 0.000000 -0.070767 0.372531 -0.925318
-0.74136198 -0.75139898 -6.66748524 85 126 72 0.000000 -0.554195 -0.166709 0.815522
-1.10398304 -0.59370100 -6.55195189 72 114 45 0.000000 0.891899 -0.442460 -0.093517
-0.85014802 -0.34323901 -6.36558199 102 128 94 0.000000 0.435667 -0.812288 0.387792
-1.18831396 -0.59117103 -6.56797504 75 110 31 0.000000 0.143235 -0.966514 -0.212917
-1.11747599 -0.61056697 -6.56291485 73 111 40 0.000000 -0.023723 -0.785661 0.618202
-1.16301405 -0.47142100 -6.40184402 94 137 70 0.000000 0.096403 -0.445689 0.889982
-1.08458698 -0.69152403 -6.63206577 76 115 46 0.000000 0.086787 -0.933289 0.348481
-1.19674695 -0.58273798 -6.57893801 72 105 28 0.000000 0.079888 -0.727704 -0.681224
-1.21867299 -0.55575198 -6.46930790 92 117 70 0.000000 0.380269 -0.260969 0.887294
-0.71015900 -0.73874903 -6.67170095 96 137 78 0.000000 0.991734 -0.118737 -0.048626
-1.19927704 -0.54394603 -6.43304586 103 133 89 0.000000 0.421249 -0.506482 0.752347
-0.89990300 -0.62237298 -6.60592413 89 109 56 0.000000 0.538750 -0.695538 -0.475368
-0.60980600 -0.59285700 -6.54942179 80 81 51 0.000000 0.514490 0.856563 -0.040001
-0.59799999 -0.48913100 -6.50472689 87 104 73 0.000000 0.963042 -0.267580 -0.030827
