v -0.521041964 -0.956075442 -5.143230653 0.478431 0.411765 0.254902
v -0.514705748 -0.946772901 -5.153897998 0.290196 0.262745 0.262745
v -0.528989478 -0.952282389 -5.144437275 0.619608 0.623529 0.364706
v -0.518908412 -0.943099738 -5.151227081 0.729412 0.741176 0.537255
v -0.532735581 -0.948022656 -5.142782125 0.450980 0.439216 0.364706
v -0.380206931 -0.850597474 -5.142381482 0.364706 0.329412 0.219608
v -0.503613104 -0.926113456 -5.152871167 0.501961 0.564706 0.396078
v -0.512139596 -0.930609677 -5.151459374 0.576471 0.705882 0.501961
v -0.238955167 -0.755437568 -5.110177833 0.321569 0.309804 0.282353
v -0.538817192 -0.939861982 -5.142115441 0.368627 0.364706 0.282353
v -0.283743735 -0.786667777 -5.155200877 0.341176 0.364706 0.301961
v -0.350696170 -0.829594230 -5.167490589 0.403922 0.396078 0.400000
v -0.275097393 -0.777605491 -5.136268288 0.313725 0.325490 0.274510
v -0.521653434 -0.928383367 -5.152350704 0.537255 0.686275 0.462745
v -0.256521121 -0.759206785 -5.114002182 0.388235 0.564706 0.247059
v -0.255667765 -0.756447387 -5.103473778 0.309804 0.368627 0.305882
v -0.290666496 -0.789124461 -5.162995175 0.529412 0.674510 0.478431
v -0.488819208 -0.907573945 -5.153388228 0.333333 0.349020 0.301961
v -0.370863032 -0.835466863 -5.154633253 0.674510 0.796078 0.662745
v -0.532292812 -0.932832907 -5.152292884 0.356863 0.368627 0.298039
v -0.307100056 -0.800284801 -5.177199670 0.278431 0.286275 0.274510
v -0.332313142 -0.813612031 -5.176638700 0.686275 0.792157 0.705882
v -0.277369208 -0.769117920 -5.118968444 0.521569 0.690196 0.521569
v -0.221232195 -0.729930712 -5.096548594 0.298039 0.282353 0.270588
v -0.492452634 -0.904990866 -5.151125468 0.537255 0.643137 0.478431
v -0.524761809 -0.924746140 -5.155373068 0.576471 0.713725 0.450980
v -0.367199172 -0.829237054 -5.157916835 0.643137 0.807843 0.654902
v -0.513188128 -0.917054887 -5.153765799 0.494118 0.662745 0.439216
v -0.150561934 -0.692815489 -5.135099919 0.419608 0.447059 0.262745
v -0.342382354 -0.816557745 -5.173073193 0.537255 0.607843 0.572549
v -0.293276617 -0.781828233 -5.156173384 0.450980 0.639216 0.356863
v -0.307295784 -0.792803764 -5.170049415 0.529412 0.650980 0.498039
v -0.237328599 -0.735696982 -5.098262548 0.364706 0.533333 0.239216
v -0.469441291 -0.886856809 -5.153806726 0.372549 0.392157 0.329412
v -0.446326127 -0.871962538 -5.153442746 0.352941 0.349020 0.333333
v -0.440278673 -0.867070455 -5.153820417 0.298039 0.317647 0.282353
v -0.505236881 -0.906262595 -5.152869464 0.450980 0.631373 0.403922
v -0.239640751 -0.732376366 -5.089473400 0.721569 0.815686 0.733333
v -0.340289632 -0.809277637 -5.172634448 0.674510 0.835294 0.694118
v -0.275613290 -0.757338242 -5.110715232 0.486275 0.666667 0.501961
v -0.288515334 -0.770438675 -5.139895599 0.427451 0.588235 0.345098
v -0.248187854 -0.738899074 -5.106722905 0.415686 0.603922 0.231373
v -0.359948905 -0.816698623 -5.163308642 0.639216 0.807843 0.658824
v -0.181351433 -0.696914840 -5.105904712 0.588235 0.690196 0.470588
v -0.480839814 -0.886915294 -5.152731052 0.501961 0.666667 0.439216
v -0.281196742 -0.760042625 -5.128960218 0.396078 0.584314 0.290196
v -0.257737353 -0.742895621 -5.115886805 0.364706 0.564706 0.219608
v -0.327639028 -0.795893919 -5.171842668 0.588235 0.772549 0.588235
v -0.395942645 -0.833297764 -5.150792318 0.549020 0.729412 0.505882
v -0.375592417 -0.821884734 -5.156878624 0.588235 0.780392 0.568627
v -0.129807681 -0.673984286 -5.165469158 0.611765 0.737255 0.274510
v -0.490048411 -0.890207582 -5.152038102 0.494118 0.666667 0.411765
v -0.349594522 -0.807263943 -5.168003748 0.670588 0.854902 0.658824
v -0.517640700 -0.906357411 -5.153136888 0.513725 0.678431 0.439216
v -0.427657045 -0.851054253 -5.151220461 0.552941 0.623529 0.498039
v -0.388123424 -0.826536130 -5.153465881 0.568627 0.756863 0.572549
v -0.476093303 -0.879686867 -5.152722049 0.505882 0.682353 0.427451
v -0.450509449 -0.863612912 -5.151733176 0.505882 0.678431 0.419608
v -0.133233675 -0.672133280 -5.160274532 0.725490 0.760784 0.686275
v -0.166166828 -0.686053751 -5.128753349 0.431373 0.600000 0.247059
v -0.200542517 -0.701158088 -5.098736057 0.545098 0.666667 0.400000
v -0.222465603 -0.714113945 -5.098054040 0.411765 0.603922 0.211765
v -0.320395363 -0.786993771 -5.167805621 0.549020 0.745098 0.498039
v -0.264200821 -0.744247516 -5.123157990 0.376471 0.572549 0.227451
v -0.502781759 -0.895175104 -5.154212768 0.494118 0.674510 0.380392
v -0.178506517 -0.689869985 -5.112630166 0.556863 0.658824 0.415686
v -0.235472254 -0.719872780 -5.088740676 0.592157 0.764706 0.619608
v -0.272025983 -0.748910979 -5.125408316 0.415686 0.603922 0.254902
v -0.464510836 -0.870962536 -5.151700654 0.498039 0.682353 0.419608
v -0.149417625 -0.677819611 -5.145868040 0.568627 0.756863 0.521569
v -0.140843526 -0.673890815 -5.155485190 0.282353 0.290196 0.254902
v -0.295461352 -0.766101694 -5.146452111 0.447059 0.627451 0.305882
v -0.159174760 -0.681073735 -5.137410787 0.509804 0.670588 0.313725
v -0.356226963 -0.805841916 -5.164480667 0.639216 0.823529 0.670588
v -0.310527375 -0.776553303 -5.159253528 0.486275 0.674510 0.419608
v -0.174023560 -0.684464504 -5.118957015 0.482353 0.647059 0.419608
v -0.110819961 -0.657053375 -5.179725257 0.717647 0.807843 0.635294
v -0.145904884 -0.672478030 -5.151517963 0.596078 0.717647 0.501961
v -0.416167895 -0.835985984 -5.150459949 0.549020 0.733333 0.474510
v -0.404752968 -0.829175191 -5.151153424 0.521569 0.713725 0.478431
v -0.117872086 -0.659370298 -5.175255127 0.600000 0.627451 0.533333
v -0.253821509 -0.727045488 -5.099907632 0.509804 0.686275 0.521569
v -0.461053567 -0.862960510 -5.152716217 0.482353 0.666667 0.403922
v -0.343350317 -0.794241063 -5.167963176 0.635294 0.819608 0.682353
v -0.509953571 -0.892691366 -5.154171782 0.466667 0.619608 0.407843
v -0.219073478 -0.704511045 -5.096632857 0.537255 0.709804 0.415686
v -0.535582080 -0.908199883 -5.155823820 0.286275 0.301961 0.247059
v -0.201220907 -0.694226919 -5.105727883 0.423529 0.619608 0.301961
v -0.254459306 -0.727420228 -5.112260932 0.407843 0.611765 0.231373
v -0.263674328 -0.734881122 -5.124775927 0.380392 0.568627 0.227451
v -0.187176409 -0.685360162 -5.114978176 0.490196 0.686275 0.388235
v -0.107883800 -0.650093239 -5.183342903 0.647059 0.800000 0.580392
v -0.369845410 -0.804199074 -5.159121442 0.619608 0.803922 0.596078
v -0.232894777 -0.708389791 -5.095285259 0.556863 0.741176 0.568627
v -0.142693410 -0.664755022 -5.155895641 0.600000 0.792157 0.549020
v -0.328783894 -0.779125248 -5.164203294 0.537255 0.725490 0.509804
v -0.157925749 -0.671390379 -5.144369355 0.494118 0.674510 0.254902
v -0.233529994 -0.708766157 -5.103494391 0.478431 0.682353 0.250980
v -0.175003204 -0.677227810 -5.127574314 0.529412 0.721569 0.454902
v -0.245937391 -0.714595476 -5.098766845 0.513725 0.686275 0.478431
v -0.500608745 -0.880165698 -5.154974397 0.400000 0.572549 0.337255
v -0.297481483 -0.754188666 -5.143338063 0.415686 0.607843 0.294118
v -0.523005000 -0.893179368 -5.154938395 0.498039 0.682353 0.427451
v -0.411061729 -0.823386381 -5.151689771 0.482353 0.674510 0.462745
v -0.219811171 -0.698543262 -5.107332758 0.474510 0.674510 0.254902
v -0.454664515 -0.850084020 -5.153380231 0.458824 0.643137 0.419608
v -0.533646049 -0.897644479 -5.154301589 0.486275 0.560784 0.466667
v -0.289508531 -0.746021461 -5.138460381 0.427451 0.623529 0.298039
v -0.479695114 -0.864629814 -5.154649484 0.423529 0.611765 0.380392
v -0.242171336 -0.708999800 -5.098471431 0.490196 0.682353 0.466667
v -0.118398808 -0.648429476 -5.176768713 0.619608 0.807843 0.560784
v -0.189871753 -0.680059198 -5.119404837 0.513725 0.713725 0.380392
v -0.311539245 -0.759918943 -5.151167997 0.415686 0.603922 0.349020
v -0.363144425 -0.792671848 -5.160621491 0.596078 0.788235 0.600000
v -0.444832959 -0.840647480 -5.153372876 0.517647 0.701961 0.400000
v -0.175512257 -0.672543824 -5.133682100 0.478431 0.658824 0.203922
v -0.431206713 -0.830842258 -5.151507087 0.435294 0.619608 0.411765
v -0.383441021 -0.802578469 -5.157080443 0.556863 0.752941 0.541176
v -0.516289439 -0.882188973 -5.156560771 0.470588 0.647059 0.443137
v -0.254699311 -0.713655281 -5.107061341 0.490196 0.682353 0.411765
v -0.201569358 -0.682946496 -5.116560864 0.415686 0.603922 0.329412
v -0.491647679 -0.865695678 -5.155377233 0.419608 0.603922 0.356863
v -0.426146282 -0.824965116 -5.152349930 0.533333 0.717647 0.411765
v -0.409447703 -0.813544302 -5.153163513 0.513725 0.698039 0.435294
v -0.267526954 -0.721650852 -5.126664154 0.454902 0.647059 0.270588
v -0.236196397 -0.698315055 -5.105239377 0.505882 0.690196 0.470588
v -0.254156474 -0.708999645 -5.104364416 0.494118 0.674510 0.466667
v -0.182199236 -0.670033428 -5.129411402 0.517647 0.709804 0.419608
v -0.118913551 -0.640623825 -5.177855193 0.619608 0.819608 0.584314
v -0.083318878 -0.623626739 -5.208578754 0.309804 0.356863 0.262745
v -0.504775353 -0.869750080 -5.156532257 0.443137 0.596078 0.372549
v -0.335466641 -0.767236015 -5.160246103 0.545098 0.717647 0.486275
v -0.354770072 -0.779175945 -5.161499856 0.615686 0.811765 0.584314
v -0.529191492 -0.883348973 -5.156509292 0.486275 0.662745 0.435294
v -0.485128104 -0.856588858 -5.158465326 0.529412 0.709804 0.356863
v -0.344329186 -0.771392302 -5.161207339 0.600000 0.792157 0.560784
v -0.289620215 -0.733930817 -5.139598395 0.372549 0.568627 0.282353
v -0.233545532 -0.694699473 -5.114531766 0.403922 0.611765 0.239216
v -0.458353743 -0.838584033 -5.155617465 0.443137 0.635294 0.396078
v -0.211997224 -0.681371404 -5.120098001 0.388235 0.592157 0.282353
v -0.448073800 -0.831156607 -5.154995722 0.529412 0.713725 0.396078
v -0.468915314 -0.844161873 -5.158013836 0.458824 0.654902 0.384314
v -0.264014945 -0.712663527 -5.124497885 0.392157 0.580392 0.247059
v -0.087197951 -0.620776432 -5.210530367 0.607843 0.749020 0.564706
v -0.323984331 -0.753202786 -5.153699718 0.435294 0.631373 0.333333
v -0.164659885 -0.655283871 -5.149358802 0.568627 0.752941 0.537255
v -0.440193065 -0.823416566 -5.154023767 0.454902 0.647059 0.415686
v -0.373467256 -0.783392635 -5.157755359 0.537255 0.729412 0.545098
v -0.314598876 -0.745925460 -5.149638105 0.466667 0.658824 0.317647
v -0.392794289 -0.794267548 -5.156727402 0.545098 0.725490 0.474510
v -0.274477996 -0.717829759 -5.134739159 0.380392 0.560784 0.243137
v -0.242237851 -0.693318243 -5.110639474 0.450980 0.643137 0.352941
v -0.091142953 -0.617885434 -5.204302123 0.654902 0.823529 0.607843
v -0.184964418 -0.661537417 -5.136378602 0.533333 0.729412 0.486275
v -0.523469698 -0.871364641 -5.158010323 0.490196 0.670588 0.419608
v -0.368814404 -0.776588888 -5.157987426 0.560784 0.749020 0.517647
v -0.540780421 -0.881130712 -5.160071550 0.294118 0.313725 0.270588
v -0.082348367 -0.612620013 -5.213189333 0.450980 0.474510 0.407843
v -0.484786026 -0.846521939 -5.159276729 0.431373 0.603922 0.360784
v -0.533881115 -0.875534287 -5.158561637 0.505882 0.670588 0.450980
v -0.425572992 -0.808875324 -5.154354370 0.521569 0.709804 0.490196
v -0.307417182 -0.735400236 -5.147151241 0.400000 0.592157 0.286275
v -0.512484473 -0.862042747 -5.157914286 0.482353 0.682353 0.450980
v -0.216720533 -0.675606458 -5.125518777 0.400000 0.600000 0.298039
v -0.268427784 -0.707734483 -5.129933169 0.368627 0.556863 0.258824
v -0.152814779 -0.643172663 -5.160220818 0.600000 0.803922 0.584314
v -0.206285394 -0.668856951 -5.127251183 0.435294 0.631373 0.329412
v -0.106787876 -0.619945110 -5.190569172 0.650980 0.823529 0.568627
v -0.435997477 -0.813031673 -5.154795117 0.470588 0.658824 0.450980
v -0.363090770 -0.769293445 -5.158471484 0.572549 0.760784 0.509804
v -0.327294094 -0.746244763 -5.154730932 0.380392 0.560784 0.309804
v -0.227271968 -0.679632611 -5.124875910 0.443137 0.643137 0.286275
v -0.163628064 -0.646422531 -5.153448137 0.592157 0.792157 0.552941
v -0.348117339 -0.758749637 -5.159474092 0.552941 0.752941 0.549020
v -0.124668969 -0.626014926 -5.179185201 0.619608 0.800000 0.584314
v -0.180318463 -0.652643652 -5.143321315 0.564706 0.764706 0.517647
v -0.036927688 -0.577849740 -5.208969582 0.694118 0.733333 0.525490
v -0.400643599 -0.787979566 -5.156923255 0.490196 0.678431 0.462745
v -0.414549316 -0.795947556 -5.155104678 0.537255 0.713725 0.435294
v -0.058952657 -0.592273069 -5.222767814 0.352941 0.349020 0.329412
v -0.274809721 -0.706566356 -5.136340661 0.388235 0.580392 0.274510
v -0.159955256 -0.640721810 -5.157319965 0.600000 0.811765 0.556863
v -0.141286764 -0.631268942 -5.169682157 0.615686 0.819608 0.603922
v -0.499091428 -0.846272231 -5.161366325 0.478431 0.615686 0.450980
v -0.480258121 -0.834383052 -5.160533589 0.407843 0.600000 0.341176
v -0.324567813 -0.738038208 -5.153171042 0.352941 0.545098 0.266667
v -0.506825834 -0.849474169 -5.160451407 0.435294 0.607843 0.427451
v -0.030097219 -0.567488144 -5.202998380 0.439216 0.466667 0.372549
v -0.249505184 -0.685513038 -5.123374112 0.443137 0.619608 0.294118
v -0.265758720 -0.696865706 -5.132575152 0.380392 0.580392 0.247059
v -0.177822678 -0.646284538 -5.148133681 0.564706 0.752941 0.549020
v -0.489738460 -0.838440847 -5.162237827 0.435294 0.600000 0.360784
v -0.377644367 -0.768801328 -5.157141341 0.533333 0.721569 0.462745
v -0.112635260 -0.613574630 -5.187997031 0.639216 0.819608 0.603922
v -0.334435039 -0.741710452 -5.155479585 0.501961 0.666667 0.419608
v -0.542774037 -0.869244664 -5.161347849 0.517647 0.580392 0.392157
v -0.020655156 -0.557151545 -5.190277583 0.396078 0.392157 0.349020
v -0.476604085 -0.827623247 -5.159569048 0.411765 0.607843 0.352941
v -0.393361005 -0.776516030 -5.157902591 0.513725 0.701961 0.443137
v -0.296871054 -0.715225683 -5.144624206 0.400000 0.592157 0.278431
v -0.410504293 -0.786451457 -5.156685067 0.529412 0.705882 0.447059
v -0.130257680 -0.619907659 -5.177238760 0.607843 0.803922 0.596078
v -0.372009763 -0.761936294 -5.157913101 0.525490 0.713725 0.482353
v -0.063115998 -0.586026774 -5.220707307 0.682353 0.823529 0.670588
v -0.426286089 -0.794619856 -5.157414994 0.494118 0.690196 0.447059
v -0.069604414 -0.589428139 -5.221277094 0.698039 0.850980 0.698039
v -0.342198118 -0.742280213 -5.156406052 0.521569 0.713725 0.474510
v -0.108447805 -0.606307479 -5.191311028 0.658824 0.839216 0.580392
v -0.452705458 -0.808820920 -5.156505985 0.462745 0.635294 0.419608
v -0.081017562 -0.594158760 -5.215920134 0.698039 0.854902 0.694118
v -0.446375480 -0.804217319 -5.156670158 0.435294 0.631373 0.403922
v -0.054023096 -0.576888743 -5.216766875 0.329412 0.400000 0.345098
v -0.157854555 -0.628762822 -5.162676743 0.600000 0.792157 0.576471
v -0.211242524 -0.656084062 -5.137975083 0.494118 0.654902 0.247059
v -0.060973659 -0.579839155 -5.217043395 0.670588 0.827451 0.635294
v -0.191199403 -0.644887660 -5.143778725 0.537255 0.729412 0.466667
v -0.419266883 -0.786021436 -5.156920586 0.517647 0.701961 0.423529
v -0.092765486 -0.596474857 -5.205360403 0.639216 0.823529 0.650980
v -0.074655263 -0.587505048 -5.217398785 0.658824 0.843137 0.666667
v -0.179320647 -0.638018710 -5.150766920 0.564706 0.756863 0.556863
v -0.035710161 -0.560315221 -5.202930910 0.521569 0.713725 0.458824
v -0.303734496 -0.712004583 -5.147470109 0.419608 0.607843 0.290196
v -0.363030720 -0.749566549 -5.157937582 0.498039 0.694118 0.462745
v -0.291666888 -0.703244781 -5.143549764 0.396078 0.592157 0.278431
v -0.171480307 -0.632320565 -5.155702173 0.572549 0.772549 0.556863
v -0.100027046 -0.597024796 -5.198311045 0.670588 0.858824 0.635294
v -0.318374088 -0.720797963 -5.152703351 0.392157 0.580392 0.262745
v -0.051250502 -0.569250313 -5.211431846 0.600000 0.768627 0.568627
v -0.391150598 -0.765188673 -5.157938615 0.521569 0.705882 0.427451
v -0.470846007 -0.813072853 -5.158261542 0.423529 0.619608 0.329412
v 0.005049223 -0.527652086 -5.178611196 0.325490 0.325490 0.321569
v -0.529724276 -0.849487965 -5.162129121 0.470588 0.662745 0.411765
v -0.242304085 -0.668767720 -5.134320207 0.403922 0.603922 0.298039
v -0.311056122 -0.713536420 -5.149814979 0.447059 0.635294 0.298039
v -0.059000646 -0.572436237 -5.212988763 0.619608 0.803922 0.607843
v -0.016218823 -0.540233479 -5.181386633 0.482353 0.650980 0.384314
v -0.352723613 -0.739562762 -5.157545673 0.501961 0.701961 0.458824
v -0.344862959 -0.734406288 -5.156403806 0.490196 0.678431 0.466667
v -0.035567415 -0.554211473 -5.198409723 0.486275 0.670588 0.403922
v -0.282792618 -0.693884298 -5.144016890 0.466667 0.662745 0.286275
v -0.154301575 -0.619816187 -5.167105138 0.584314 0.792157 0.576471
v -0.073493504 -0.579294909 -5.213205096 0.627451 0.831373 0.654902
v -0.274001216 -0.687053637 -5.141942159 0.474510 0.670588 0.274510
v -0.142352327 -0.613018947 -5.174160321 0.607843 0.807843 0.564706
v -0.262006213 -0.678228082 -5.135559331 0.411765 0.596078 0.262745
v -0.510425148 -0.834419657 -5.163441965 0.498039 0.670588 0.411765
v -0.495888125 -0.825523926 -5.163599328 0.525490 0.650980 0.415686
v -0.129234629 -0.605829395 -5.180732891 0.623529 0.792157 0.568627
v -0.268782455 -0.681345731 -5.138109516 0.368627 0.572549 0.262745
v -0.002191514 -0.526662231 -5.177473481 0.545098 0.592157 0.439216
v -0.233857510 -0.659511306 -5.136331654 0.431373 0.631373 0.325490
v -0.462512142 -0.802659750 -5.158277320 0.435294 0.619608 0.352941
v -0.429174302 -0.782362781 -5.158369041 0.466667 0.650980 0.443137
v -0.336624736 -0.724938882 -5.156139793 0.478431 0.662745 0.482353
v -0.178205462 -0.627158179 -5.155032155 0.584314 0.780392 0.584314
v -0.518737619 -0.835481529 -5.164128207 0.478431 0.658824 0.435294
v -0.189648793 -0.632378071 -5.148890356 0.568627 0.756863 0.513725
v -0.090790255 -0.582826196 -5.205490540 0.658824 0.839216 0.701961
v -0.226114555 -0.652152067 -5.138879910 0.450980 0.662745 0.352941
v -0.415198871 -0.770821745 -5.158702942 0.533333 0.717647 0.462745
v -0.197966683 -0.635516428 -5.145364739 0.552941 0.741176 0.462745
v -0.022000830 -0.534971542 -5.180938128 0.490196 0.690196 0.337255
v -0.057727950 -0.561214982 -5.204525740 0.564706 0.764706 0.556863
v -0.096815462 -0.583052899 -5.200084646 0.662745 0.847059 0.643137
v -0.481364295 -0.809322752 -5.162594600 0.352941 0.533333 0.282353
v -0.328171529 -0.714126217 -5.154561361 0.490196 0.658824 0.423529
v -0.079337694 -0.572406679 -5.207535983 0.658824 0.854902 0.643137
v -0.442856623 -0.784300962 -5.160289825 0.466667 0.650980 0.392157
v -0.152265946 -0.609353984 -5.170350321 0.615686 0.811765 0.576471
v 0.008156582 -0.512534154 -5.179511396 0.490196 0.513725 0.345098
v -0.143871608 -0.603690434 -5.175572243 0.635294 0.827451 0.580392
v -0.284128245 -0.681635932 -5.139126902 0.415686 0.611765 0.317647
v -0.257534790 -0.664990740 -5.139471746 0.431373 0.627451 0.313725
v -0.400155748 -0.755659835 -5.160288769 0.462745 0.650980 0.403922
v -0.491676712 -0.812031135 -5.164504573 0.447059 0.564706 0.400000
v -0.015424422 -0.523839552 -5.177738097 0.505882 0.694118 0.392157
v -0.206955531 -0.633816196 -5.144736300 0.564706 0.729412 0.447059
v -0.535028147 -0.836893411 -5.166003932 0.482353 0.670588 0.396078
v -0.341218727 -0.716700506 -5.156397309 0.494118 0.686275 0.450980
v -0.373032248 -0.735918133 -5.158589756 0.474510 0.662745 0.431373
v -0.103810532 -0.579178880 -5.195056281 0.666667 0.858824 0.631373
v -0.350004558 -0.721455854 -5.156965637 0.482353 0.670588 0.439216
v -0.132993090 -0.592695943 -5.181855867 0.627451 0.800000 0.588235
v -0.172104253 -0.612426795 -5.161071662 0.584314 0.772549 0.568627
v -0.076666331 -0.561541242 -5.201344418 0.615686 0.807843 0.607843
v -0.455101140 -0.784036877 -5.163467153 0.427451 0.607843 0.368627
v -0.320898514 -0.699528933 -5.153376642 0.462745 0.603922 0.388235
v -0.036729532 -0.533258230 -5.187490924 0.419608 0.623529 0.309804
v -0.418868978 -0.760381198 -5.160574512 0.478431 0.670588 0.396078
v -0.490006121 -0.804329615 -5.164893931 0.494118 0.611765 0.396078
v -0.252132413 -0.654775545 -5.141124875 0.419608 0.615686 0.329412
v -0.387503963 -0.740195337 -5.158994448 0.505882 0.698039 0.419608
v -0.193832149 -0.620383410 -5.152388499 0.568627 0.764706 0.552941
v -0.064157193 -0.549054576 -5.196231662 0.603922 0.800000 0.556863
v -0.367296834 -0.726031678 -5.158652491 0.490196 0.682353 0.407843
v -0.429768249 -0.764062553 -5.160876817 0.462745 0.654902 0.384314
v -0.496562365 -0.805578979 -5.167501269 0.486275 0.658824 0.376471
v -0.548466882 -0.836474436 -5.167373302 0.462745 0.631373 0.431373
v -0.152318525 -0.596802483 -5.173549439 0.623529 0.823529 0.521569
v -0.357916131 -0.718749515 -5.158197665 0.482353 0.674510 0.427451
v -0.053706448 -0.540238948 -5.192368109 0.572549 0.760784 0.490196
v -0.167546370 -0.603452555 -5.161783474 0.419608 0.611765 0.258824
v -0.506342579 -0.810380762 -5.166902036 0.439216 0.627451 0.419608
v -0.268820841 -0.660997671 -5.141429720 0.415686 0.600000 0.333333
v -0.295601465 -0.678475122 -5.148911582 0.466667 0.662745 0.317647
v -0.485567214 -0.797308185 -5.166448216 0.462745 0.572549 0.352941
v -0.342309829 -0.708318542 -5.157022843 0.478431 0.674510 0.439216
v -0.201672360 -0.621394687 -5.150058342 0.560784 0.745098 0.529412
v -0.187593224 -0.613603158 -5.157510253 0.552941 0.752941 0.552941
v -0.031057413 -0.521754512 -5.179449408 0.435294 0.627451 0.294118
v -0.473345109 -0.787663592 -5.167481111 0.352941 0.533333 0.262745
v -0.451350418 -0.773729454 -5.165402691 0.415686 0.600000 0.349020
v -0.303294934 -0.680678734 -5.150955508 0.427451 0.627451 0.321569
v -0.143848005 -0.588612451 -5.177854949 0.615686 0.792157 0.623529
v -0.048136479 -0.531225143 -5.189468967 0.498039 0.686275 0.439216
v -0.132897098 -0.580816619 -5.182147078 0.627451 0.819608 0.619608
v -0.310549624 -0.682797663 -5.153337270 0.400000 0.588235 0.313725
v -0.174871217 -0.601325970 -5.162296781 0.592157 0.788235 0.549020
v -0.391281109 -0.731728871 -5.159958327 0.458824 0.650980 0.396078
v -0.535484692 -0.820814980 -5.168623845 0.494118 0.682353 0.419608
v -0.369848027 -0.718274412 -5.159620306 0.427451 0.611765 0.423529
v -0.483945168 -0.789037285 -5.167998280 0.482353 0.556863 0.415686
v -0.225081774 -0.627147686 -5.144529906 0.454902 0.650980 0.384314
v 0.012275339 -0.490094081 -5.182756659 0.411765 0.392157 0.349020
v -0.122046625 -0.572398609 -5.186638879 0.635294 0.835294 0.611765
v -0.556245980 -0.832340898 -5.168164229 0.517647 0.698039 0.447059
v -0.173736583 -0.597784374 -5.160197886 0.403922 0.596078 0.266667
v -0.218954821 -0.622336497 -5.146621232 0.458824 0.647059 0.388235
v -0.254965489 -0.643614575 -5.144627452 0.501961 0.686275 0.341176
v -0.235614077 -0.631714324 -5.144058372 0.447059 0.643137 0.372549
v -0.097524031 -0.557346038 -5.195373580 0.623529 0.800000 0.596078
v -0.381195103 -0.723072247 -5.160541936 0.458824 0.643137 0.403922
v -0.186640602 -0.604661229 -5.159886465 0.564706 0.756863 0.556863
v -0.519886227 -0.808814032 -5.168424704 0.513725 0.698039 0.384314
v -0.244938824 -0.636971425 -5.144466657 0.462745 0.666667 0.372549
v -0.343309272 -0.698987828 -5.157374465 0.447059 0.643137 0.431373
v -0.081926464 -0.546906177 -5.194645848 0.592157 0.788235 0.533333
v -0.002613023 -0.496038452 -5.180910844 0.545098 0.737255 0.458824
v -0.421971233 -0.747384324 -5.162840498 0.482353 0.666667 0.447059
v -0.196424098 -0.608939672 -5.156656465 0.564706 0.752941 0.478431
v -0.074163520 -0.541650277 -5.193718235 0.564706 0.764706 0.549020
v -0.434872043 -0.754795588 -5.162278527 0.490196 0.682353 0.419608
v -0.286178216 -0.659259253 -5.147773754 0.345098 0.541176 0.301961
v -0.057441634 -0.528171197 -5.189530481 0.517647 0.713725 0.501961
v -0.566790264 -0.833771345 -5.168632329 0.411765 0.439216 0.364706
v -0.466131451 -0.774027623 -5.176764552 0.509804 0.568627 0.403922
v -0.162247648 -0.587393743 -5.170128255 0.600000 0.788235 0.470588
v -0.214169776 -0.614626280 -5.149542278 0.552941 0.705882 0.450980
v -0.332897284 -0.688049763 -5.156828979 0.498039 0.686275 0.427451
v -0.147503714 -0.578707555 -5.177243341 0.627451 0.800000 0.596078
v -0.125148766 -0.565651852 -5.185261829 0.635294 0.823529 0.564706
v -0.137088646 -0.571938623 -5.180888911 0.615686 0.807843 0.584314
v -0.472743388 -0.774206730 -5.171809108 0.341176 0.517647 0.282353
v -0.179498914 -0.594095314 -5.162277558 0.568627 0.768627 0.513725
v -0.444879054 -0.755720577 -5.164958860 0.474510 0.666667 0.392157
v -0.252587845 -0.635053246 -5.147920198 0.462745 0.662745 0.356863
v -0.517219455 -0.799505923 -5.168444299 0.466667 0.650980 0.447059
v 0.008307881 -0.482485107 -5.181832568 0.541176 0.713725 0.513725
v -0.115113655 -0.558505440 -5.189059808 0.639216 0.827451 0.556863
v -0.398632262 -0.725418645 -5.161003900 0.466667 0.658824 0.384314
v -0.092792971 -0.545414890 -5.193150848 0.552941 0.741176 0.541176
v -0.066770009 -0.528216605 -5.188866067 0.560784 0.760784 0.494118
v -0.376149068 -0.710409440 -5.161775513 0.466667 0.650980 0.400000
v -0.528156847 -0.803669489 -5.168424059 0.478431 0.666667 0.443137
v -0.179421453 -0.590017261 -5.160562824 0.396078 0.596078 0.266667
v -0.103954935 -0.550391942 -5.193313448 0.627451 0.815686 0.619608
v -0.493870409 -0.782756496 -5.169295946 0.486275 0.662745 0.419608
v -0.055857941 -0.519860253 -5.187622575 0.552941 0.749020 0.482353
v -0.298992697 -0.660509361 -5.151587236 0.419608 0.619608 0.329412
v 0.020301724 -0.471558103 -5.179649776 0.603922 0.772549 0.556863
v -0.420533446 -0.735281932 -5.163352505 0.454902 0.635294 0.384314
v -0.007466870 -0.487537676 -5.181582107 0.517647 0.705882 0.447059
v -0.235950642 -0.618874852 -5.143813615 0.478431 0.670588 0.403922
v -0.267522196 -0.638338694 -5.147533413 0.486275 0.678431 0.325490
v -0.538062302 -0.806260833 -5.169368135 0.498039 0.686275 0.415686
v -0.385045343 -0.711927405 -5.163492348 0.482353 0.662745 0.392157
v -0.036149035 -0.503116771 -5.183828344 0.482353 0.674510 0.407843
v 0.010295698 -0.474056254 -5.180507206 0.588235 0.776471 0.521569
v -0.467496545 -0.762791272 -5.171625231 0.364706 0.545098 0.321569
v -0.330270870 -0.676616588 -5.157547089 0.486275 0.674510 0.415686
v -0.314594470 -0.666777943 -5.156445383 0.466667 0.658824 0.356863
v -0.044957906 -0.508368675 -5.185243727 0.501961 0.670588 0.396078
v -0.179988097 -0.586315672 -5.164100311 0.576471 0.772549 0.486275
v -0.360460563 -0.694855111 -5.159734222 0.478431 0.674510 0.454902
v -0.018912515 -0.491193212 -5.182710721 0.541176 0.737255 0.439216
v -0.256874296 -0.628160682 -5.149504037 0.521569 0.713725 0.356863
v -0.201254895 -0.595253334 -5.155952304 0.568627 0.760784 0.533333
v -0.232592569 -0.611319303 -5.141584314 0.415686 0.588235 0.356863
v -0.225842722 -0.608156527 -5.148748648 0.490196 0.686275 0.431373
v -0.485911965 -0.770409528 -5.170543505 0.474510 0.584314 0.419608
v -0.068944226 -0.519791787 -5.187053257 0.541176 0.745098 0.509804
v -0.439041094 -0.740210466 -5.165889253 0.470588 0.658824 0.411765
v -0.088136254 -0.531324075 -5.189770615 0.584314 0.776471 0.517647
v -0.555306692 -0.811407384 -5.170420163 0.533333 0.725490 0.494118
v -0.053823672 -0.509395667 -5.187210250 0.549020 0.733333 0.443137
v -0.208833445 -0.597043738 -5.152998274 0.576471 0.756863 0.521569
v -0.162936217 -0.572651377 -5.172077716 0.576471 0.764706 0.584314
v -0.522461055 -0.790617716 -5.169192536 0.490196 0.662745 0.458824
v -0.346540224 -0.681696017 -5.159601977 0.454902 0.647059 0.443137
v -0.496991387 -0.774428571 -5.170363514 0.454902 0.611765 0.423529
v -0.266198084 -0.630285631 -5.151769587 0.494118 0.686275 0.337255
v -0.411470697 -0.718840505 -5.159641542 0.400000 0.588235 0.270588
v -0.113173203 -0.542738390 -5.189415677 0.607843 0.800000 0.592157
v -0.096980008 -0.532895466 -5.189840386 0.568627 0.760784 0.513725
v -0.205521443 -0.590994165 -5.151177850 0.407843 0.588235 0.211765
v -0.218171062 -0.598641742 -5.151214659 0.556863 0.705882 0.443137
v -0.236939236 -0.609034178 -5.147902035 0.521569 0.713725 0.380392
v -0.294027995 -0.644118793 -5.150049636 0.450980 0.631373 0.360784
v -0.281788695 -0.634509984 -5.139214629 0.380392 0.560784 0.341176
v -0.281457545 -0.635331389 -5.146262811 0.478431 0.678431 0.352941
v -0.470440835 -0.755152992 -5.172903496 0.380392 0.525490 0.352941
v -0.248997143 -0.613657139 -5.138329076 0.478431 0.654902 0.239216
v -0.358369666 -0.683928147 -5.159801043 0.474510 0.670588 0.423529
v -0.037116772 -0.493298338 -5.184456699 0.517647 0.713725 0.427451
v 0.032749434 -0.446000074 -5.160199565 0.384314 0.388235 0.321569
v -0.194494647 -0.583267429 -5.161606250 0.584314 0.780392 0.549020
v -0.504669515 -0.773521774 -5.170966772 0.490196 0.666667 0.427451
v -0.174266316 -0.572249343 -5.170817687 0.584314 0.780392 0.509804
v -0.161021838 -0.564668797 -5.174295979 0.603922 0.764706 0.603922
v -0.219903880 -0.594841213 -5.147128939 0.396078 0.580392 0.223529
v -0.420568935 -0.720143820 -5.164614224 0.482353 0.674510 0.376471
v -0.304783271 -0.647426689 -5.154703781 0.431373 0.615686 0.341176
v -0.263869270 -0.621161759 -5.148121474 0.517647 0.701961 0.364706
v -0.392237300 -0.702133169 -5.164842919 0.462745 0.658824 0.403922
v -0.401739207 -0.707730999 -5.164272200 0.466667 0.666667 0.407843
v -0.476398516 -0.753887424 -5.171202411 0.529412 0.588235 0.431373
v -0.409058275 -0.711347439 -5.164034712 0.498039 0.686275 0.376471
v -0.495428572 -0.765055400 -5.171932405 0.466667 0.650980 0.431373
v -0.021588650 -0.478621812 -5.181580374 0.549020 0.741176 0.458824
v -0.570264305 -0.809471304 -5.167995855 0.564706 0.741176 0.584314
v -0.057414609 -0.501120696 -5.186113147 0.541176 0.717647 0.505882
v -0.143827139 -0.552182684 -5.179073506 0.592157 0.788235 0.564706
v -0.234653281 -0.600909713 -5.149107754 0.509804 0.717647 0.435294
v -0.536884154 -0.788175388 -5.169487575 0.462745 0.635294 0.435294
v -0.253442493 -0.610750599 -5.145895815 0.529412 0.725490 0.360784
v -0.210605529 -0.584870236 -5.149613849 0.400000 0.592157 0.219608
v -0.184947889 -0.572508236 -5.167762459 0.576471 0.776471 0.541176
v -0.051676124 -0.494881348 -5.186193404 0.498039 0.670588 0.454902
v -0.441640199 -0.728238447 -5.168534671 0.458824 0.619608 0.439216
v -0.077457842 -0.509721110 -5.183667404 0.392157 0.592157 0.207843
v -0.109501871 -0.529746183 -5.188076471 0.572549 0.752941 0.537255
v -0.254977042 -0.608722962 -5.139565000 0.411765 0.603922 0.235294
v -0.566191685 -0.803648285 -5.169809741 0.533333 0.717647 0.517647
v -0.158464068 -0.556810756 -5.175466814 0.592157 0.792157 0.572549
v -0.097010589 -0.521407348 -5.187498634 0.545098 0.741176 0.517647
v -0.464884575 -0.741960238 -5.171971358 0.360784 0.521569 0.329412
v -0.549534181 -0.793226676 -5.171316781 0.498039 0.698039 0.474510
v -0.345936199 -0.667199499 -5.159784476 0.490196 0.682353 0.439216
v -0.122479399 -0.536036367 -5.185814922 0.600000 0.796078 0.564706
v -0.491268143 -0.757238731 -5.171364271 0.466667 0.647059 0.439216
v -0.039818305 -0.484867092 -5.183631445 0.525490 0.713725 0.419608
v 0.009759098 -0.452170380 -5.172564206 0.478431 0.674510 0.380392
v -0.210064318 -0.582269532 -5.155036711 0.576471 0.756863 0.521569
v -0.387567967 -0.690660209 -5.164701887 0.466667 0.650980 0.360784
v -0.244583579 -0.600871760 -5.149833162 0.490196 0.686275 0.388235
v 0.018018837 -0.443243851 -5.165703790 0.431373 0.627451 0.290196
v -0.084083425 -0.507775918 -5.185689047 0.588235 0.780392 0.513725
v -0.012690381 -0.463045875 -5.178838405 0.470588 0.635294 0.423529
v -0.230900869 -0.589050136 -5.145563432 0.415686 0.572549 0.341176
v -0.274171458 -0.614004820 -5.140179152 0.403922 0.588235 0.250980
v -0.342792598 -0.658886426 -5.159941860 0.501961 0.698039 0.486275
v -0.141309196 -0.540118116 -5.180427353 0.603922 0.800000 0.580392
v -0.071050614 -0.498417989 -5.185814367 0.576471 0.776471 0.517647
v -0.215922739 -0.579031109 -5.148169798 0.384314 0.564706 0.258824
v -0.051698434 -0.486005646 -5.184442632 0.474510 0.666667 0.431373
v -0.231444597 -0.588487722 -5.149573514 0.513725 0.713725 0.431373
v -0.527177090 -0.772363171 -5.172591868 0.486275 0.666667 0.419608
v -0.176720421 -0.558862869 -5.172085985 0.584314 0.733333 0.545098
v -0.580217947 -0.802640615 -5.165929205 0.647059 0.807843 0.658824
v -0.447521971 -0.722353977 -5.170878575 0.474510 0.627451 0.400000
v -0.281378438 -0.615642154 -5.141680303 0.407843 0.580392 0.301961
v -0.204904522 -0.572857644 -5.161128616 0.560784 0.752941 0.541176
v -0.290264955 -0.620294048 -5.144521702 0.356863 0.533333 0.298039
v -0.041911203 -0.476004021 -5.181985700 0.509804 0.713725 0.458824
v -0.519352880 -0.764565613 -5.174265642 0.458824 0.647059 0.419608
v -0.475918273 -0.737703969 -5.171908020 0.360784 0.525490 0.360784
v -0.269228492 -0.607467866 -5.149437493 0.494118 0.682353 0.384314
v -0.276710854 -0.611959128 -5.149371872 0.537255 0.721569 0.360784
v -0.079359418 -0.498440575 -5.185480176 0.584314 0.784314 0.509804
v -0.588840866 -0.803385573 -5.164500213 0.309804 0.309804 0.313725
v -0.440755587 -0.714540314 -5.170856435 0.368627 0.552941 0.337255
v -0.009071983 -0.452083807 -5.175489322 0.466667 0.654902 0.384314
v -0.559949702 -0.786457145 -5.172874369 0.568627 0.756863 0.529412
v -0.309503717 -0.631248639 -5.157536328 0.388235 0.584314 0.337255
v -0.568779478 -0.791165760 -5.170459415 0.560784 0.760784 0.588235
v -0.035297191 -0.468564439 -5.179346154 0.517647 0.705882 0.282353
v -0.294397561 -0.620309741 -5.151088650 0.431373 0.631373 0.360784
v -0.287407898 -0.615847277 -5.151393731 0.443137 0.643137 0.364706
v -0.262729778 -0.600422818 -5.149745074 0.509804 0.701961 0.368627
v -0.325678232 -0.640590571 -5.159872673 0.509804 0.631373 0.411765
v -0.494842551 -0.745854563 -5.174044570 0.450980 0.631373 0.388235
v -0.113627789 -0.516247969 -5.185811616 0.576471 0.768627 0.525490
v -0.224501154 -0.576177370 -5.148166827 0.380392 0.552941 0.254902
v -0.212875404 -0.571132955 -5.158734813 0.564706 0.749020 0.490196
v -0.509958856 -0.754170989 -5.175477071 0.474510 0.650980 0.423529
v -0.100720884 -0.507282925 -5.186433620 0.556863 0.764706 0.552941
v -0.419356941 -0.697404797 -5.168655583 0.466667 0.662745 0.392157
v -0.190178333 -0.557904381 -5.168606097 0.564706 0.737255 0.525490
v -0.246542089 -0.587468578 -5.144879805 0.368627 0.549020 0.301961
v -0.067871965 -0.486495579 -5.185746300 0.576471 0.764706 0.517647
v -0.436984018 -0.707899087 -5.170877906 0.443137 0.631373 0.360784
v -0.235851320 -0.579930062 -5.145417315 0.419608 0.560784 0.321569
v -0.586921705 -0.796458002 -5.163877234 0.733333 0.788235 0.764706
v -0.361994524 -0.658953661 -5.160500935 0.458824 0.639216 0.411765
v -0.447946687 -0.712557950 -5.171693252 0.435294 0.615686 0.376471
v -0.550115360 -0.774419441 -5.173931594 0.517647 0.701961 0.458824
v -0.402576372 -0.683464429 -5.167567362 0.462745 0.647059 0.388235
v -0.266894761 -0.596286284 -5.144753594 0.388235 0.568627 0.317647
v -0.410007785 -0.687486534 -5.167412830 0.443137 0.639216 0.388235
v -0.132377680 -0.521451010 -5.182654698 0.592157 0.796078 0.603922
v -0.392356645 -0.675975729 -5.164874110 0.423529 0.623529 0.372549
v -0.282291409 -0.607422160 -5.156347431 0.529412 0.725490 0.352941
v -0.028852580 -0.457819340 -5.179717960 0.513725 0.698039 0.435294
v 0.006991487 -0.433776881 -5.168567397 0.419608 0.623529 0.250980
v -0.165765968 -0.540135646 -5.175887123 0.572549 0.764706 0.568627
v 0.027563431 -0.418934314 -5.157540388 0.678431 0.780392 0.650980
v -0.503780065 -0.745247565 -5.175932470 0.443137 0.627451 0.419608
v -0.341189229 -0.643306522 -5.160811896 0.486275 0.678431 0.431373
v 0.015070728 -0.426238829 -5.164067044 0.454902 0.615686 0.258824
v -0.458947114 -0.715616375 -5.173222660 0.560784 0.600000 0.509804
v -0.582875681 -0.789566921 -5.166507092 0.647059 0.815686 0.623529
v -0.140756159 -0.522966716 -5.180698427 0.592157 0.788235 0.549020
v -0.268693211 -0.594985397 -5.151641323 0.501961 0.701961 0.352941
v -0.155278943 -0.530836953 -5.177546006 0.596078 0.788235 0.541176
v -0.322323363 -0.628848492 -5.159744113 0.447059 0.600000 0.388235
v -0.013950413 -0.443566161 -5.172549891 0.490196 0.686275 0.349020
v -0.239384141 -0.576379922 -5.150568874 0.517647 0.709804 0.403922
v -0.221003348 -0.565090576 -5.158368923 0.560784 0.733333 0.513725
v -0.543262878 -0.764088369 -5.174629485 0.454902 0.647059 0.439216
v -0.125144376 -0.511499319 -5.184256976 0.576471 0.745098 0.521569
v -0.496433849 -0.735410750 -5.175358673 0.431373 0.607843 0.411765
v -0.285103298 -0.603584910 -5.158198045 0.439216 0.627451 0.368627
v -0.248669040 -0.579091857 -5.146069932 0.368627 0.545098 0.286275
v -0.007615236 -0.437404849 -5.171716050 0.552941 0.733333 0.380392
v -0.064753257 -0.473992195 -5.183098529 0.533333 0.666667 0.474510
v -0.417190386 -0.685513836 -5.169371022 0.419608 0.607843 0.392157
v -0.173542637 -0.538087580 -5.173573605 0.580392 0.780392 0.568627
v -0.253566131 -0.581992935 -5.151340994 0.505882 0.698039 0.384314
v -0.579242034 -0.783306369 -5.169015033 0.580392 0.772549 0.600000
v 0.032210217 -0.410562393 -5.168135122 0.278431 0.305882 0.258824
v -0.592972446 -0.789369741 -5.161909752 0.670588 0.752941 0.568627
v -0.260340247 -0.585633747 -5.154430168 0.513725 0.690196 0.372549
v -0.273158554 -0.592104214 -5.147743968 0.352941 0.529412 0.274510
v -0.035109825 -0.453123950 -5.180168196 0.509804 0.686275 0.439216
v 0.028091904 -0.410637331 -5.161967073 0.474510 0.647059 0.298039
v -0.014538858 -0.438801388 -5.174860914 0.513725 0.709804 0.356863
v -0.565167042 -0.773427624 -5.174348884 0.529412 0.713725 0.509804
v -0.193822913 -0.546448808 -5.168609650 0.584314 0.768627 0.521569
v -0.025858996 -0.445709634 -5.178093474 0.505882 0.705882 0.419608
v -0.044081406 -0.457168269 -5.180198386 0.458824 0.643137 0.450980
v -0.319401398 -0.620830893 -5.161150183 0.427451 0.623529 0.345098
v -0.217370321 -0.558829392 -5.161913610 0.552941 0.749020 0.482353
v -0.276999995 -0.593449056 -5.153937682 0.447059 0.643137 0.376471
v -0.054521274 -0.462880109 -5.178668279 0.431373 0.603922 0.270588
v 0.012465592 -0.418956817 -5.164820745 0.439216 0.631373 0.219608
v -0.135595029 -0.511984040 -5.182393310 0.603922 0.788235 0.517647
v -0.370911632 -0.651076410 -5.162033039 0.458824 0.635294 0.407843
v -0.439144702 -0.693760040 -5.173344604 0.407843 0.580392 0.364706
v -0.107435092 -0.493798678 -5.184814227 0.556863 0.741176 0.517647
v -0.560969251 -0.767210973 -5.175138873 0.466667 0.650980 0.466667
v -0.407702645 -0.673131573 -5.170854411 0.403922 0.572549 0.372549
v -0.245967842 -0.569817760 -5.146892343 0.380392 0.549020 0.317647
v 0.038974753 -0.403276995 -5.181878661 0.352941 0.368627 0.258824
v -0.484987143 -0.720299292 -5.175280027 0.427451 0.603922 0.400000
v -0.151628218 -0.517823779 -5.178115447 0.576471 0.764706 0.584314
v 0.014578830 -0.415836172 -5.174252136 0.462745 0.635294 0.294118
v -0.165738888 -0.525582202 -5.175074253 0.576471 0.764706 0.529412
v -0.000535168 -0.424693216 -5.174618306 0.423529 0.615686 0.301961
v -0.126698479 -0.502655355 -5.183282796 0.552941 0.745098 0.513725
v -0.554160216 -0.761002711 -5.175477620 0.470588 0.658824 0.454902
v 0.025329126 -0.407872767 -5.171038615 0.411765 0.611765 0.239216
v 0.029114615 -0.407458163 -5.182721559 0.262745 0.384314 0.227451
v -0.336613266 -0.625489554 -5.163526850 0.454902 0.635294 0.415686
v -0.207993574 -0.547377205 -5.166110317 0.572549 0.721569 0.509804
v -0.092412492 -0.480179902 -5.184671864 0.564706 0.756863 0.494118
v -0.227052238 -0.556962197 -5.160062097 0.588235 0.713725 0.541176
v -0.457295749 -0.699564309 -5.173978801 0.729412 0.705882 0.639216
v -0.387157667 -0.654617566 -5.164285229 0.443137 0.639216 0.384314
v -0.368840589 -0.642733243 -5.162452868 0.443137 0.627451 0.411765
v -0.276158864 -0.584913678 -5.155370540 0.494118 0.690196 0.352941
v -0.148006611 -0.511029957 -5.178951048 0.580392 0.772549 0.529412
v -0.041385149 -0.446327163 -5.179945457 0.486275 0.682353 0.466667
v 0.018886043 -0.408699007 -5.176210281 0.462745 0.647059 0.372549
v 0.041044053 -0.398584180 -5.194494584 0.254902 0.309804 0.168627
v -0.519207832 -0.736072206 -5.179138922 0.447059 0.631373 0.443137
v -0.012096873 -0.427189674 -5.176856377 0.447059 0.639216 0.360784
v -0.057998757 -0.455751422 -5.181405374 0.505882 0.690196 0.450980
v -0.501578773 -0.724538933 -5.177454374 0.474510 0.654902 0.415686
v -0.475074596 -0.707821166 -5.174915965 0.415686 0.600000 0.415686
v -0.235068099 -0.558836741 -5.159370718 0.494118 0.678431 0.478431
v -0.087498793 -0.473641580 -5.182945020 0.588235 0.768627 0.439216
v -0.079388740 -0.468728737 -5.184191069 0.564706 0.760784 0.521569
v -0.597472860 -0.779656458 -5.163767193 0.643137 0.713725 0.584314
v -0.067429384 -0.459859801 -5.182488241 0.513725 0.698039 0.439216
v -0.038263211 -0.440606192 -5.176516860 0.450980 0.654902 0.274510
v 0.000966129 -0.416811321 -5.181160841 0.501961 0.674510 0.294118
v -0.486006845 -0.711469982 -5.175989701 0.435294 0.623529 0.396078
v -0.454366120 -0.691555526 -5.175458174 0.701961 0.682353 0.556863
v -0.544806381 -0.746924209 -5.178961457 0.443137 0.627451 0.431373
v -0.175887255 -0.520637371 -5.171880996 0.568627 0.756863 0.552941
v -0.121412598 -0.489196620 -5.181867223 0.525490 0.725490 0.525490
v -0.111659883 -0.483324856 -5.183275782 0.580392 0.776471 0.486275
v -0.214674830 -0.542260507 -5.165299205 0.564706 0.741176 0.545098
v 0.015519822 -0.404833949 -5.178524248 0.435294 0.643137 0.286275
v -0.465586380 -0.696481403 -5.174328831 0.494118 0.631373 0.403922
v -0.104793579 -0.478735850 -5.183048635 0.572549 0.772549 0.517647
v -0.288422844 -0.585150788 -5.156821180 0.450980 0.643137 0.372549
v 0.037801251 -0.398446024 -5.217487221 0.560784 0.690196 0.403922
v -0.138223690 -0.497898946 -5.181664644 0.580392 0.745098 0.525490
v -0.204284541 -0.535465362 -5.168215115 0.580392 0.764706 0.498039
v 0.024077235 -0.402423761 -5.200820759 0.486275 0.658824 0.325490
v -0.285571291 -0.579692973 -5.148465395 0.388235 0.572549 0.266667
v -0.554105659 -0.748561225 -5.178543235 0.486275 0.670588 0.427451
v -0.038955994 -0.435214250 -5.177946058 0.517647 0.713725 0.478431
v -0.050169944 -0.442230548 -5.179473094 0.505882 0.701961 0.474510
v -0.080730944 -0.461142409 -5.182414282 0.372549 0.517647 0.266667
v -0.159519885 -0.507327696 -5.175349905 0.576471 0.772549 0.552941
v -0.130301360 -0.490721213 -5.181556179 0.552941 0.745098 0.466667
v -0.422741515 -0.667475937 -5.177871414 0.458824 0.639216 0.352941
v -0.013682141 -0.418834997 -5.178743500 0.435294 0.635294 0.337255
v -0.274390821 -0.573145320 -5.157105459 0.505882 0.698039 0.345098
v -0.446478215 -0.681218781 -5.176108891 0.372549 0.521569 0.352941
v -0.541805361 -0.739507053 -5.181557436 0.454902 0.647059 0.372549
v -0.007641008 -0.414457482 -5.181149686 0.443137 0.603922 0.305882
v -0.372463796 -0.632340419 -5.164199265 0.490196 0.678431 0.403922
v -0.356302052 -0.622466508 -5.164366317 0.466667 0.658824 0.454902
v -0.596963498 -0.769229615 -5.167313722 0.549020 0.682353 0.443137
v 0.040438074 -0.392231440 -5.222460408 0.494118 0.603922 0.341176
v -0.393359941 -0.645291112 -5.167805590 0.450980 0.639216 0.368627
v -0.065366063 -0.448382777 -5.181280732 0.529412 0.721569 0.454902
v -0.570366784 -0.754690026 -5.178064752 0.490196 0.674510 0.439216
v -0.003351977 -0.409904816 -5.178787984 0.372549 0.552941 0.262745
v -0.033738991 -0.427421555 -5.174619541 0.435294 0.635294 0.266667
v 0.009783453 -0.403236020 -5.187107981 0.411765 0.592157 0.239216
v -0.167510017 -0.508186420 -5.173313221 0.592157 0.776471 0.576471
v -0.239832839 -0.548863637 -5.161316948 0.513725 0.694118 0.419608
v -0.515236390 -0.719731234 -5.180095724 0.439216 0.627451 0.403922
v -0.306720240 -0.589774283 -5.163750392 0.466667 0.666667 0.360784
v -0.479772973 -0.697394588 -5.176381695 0.443137 0.600000 0.435294
v -0.327664754 -0.602674742 -5.164855996 0.419608 0.600000 0.360784
v -0.288139380 -0.576577083 -5.155852329 0.447059 0.639216 0.376471
v -0.422933370 -0.665161158 -5.190909322 0.650980 0.678431 0.541176
v -0.126112839 -0.482413146 -5.180714188 0.533333 0.733333 0.525490
v -0.076852889 -0.452517410 -5.182060910 0.564706 0.701961 0.490196
v -0.437239752 -0.670676009 -5.177287387 0.431373 0.615686 0.376471
v -0.176910821 -0.510250272 -5.168113273 0.517647 0.694118 0.215686
v -0.314653127 -0.592774257 -5.164281074 0.431373 0.627451 0.372549
v -0.225559218 -0.538146006 -5.165207438 0.572549 0.741176 0.521569
v -0.261851752 -0.558607128 -5.157981417 0.474510 0.666667 0.384314
v -0.340279106 -0.607243348 -5.166474513 0.486275 0.654902 0.415686
v 0.007215717 -0.398604189 -5.182162964 0.443137 0.623529 0.337255
v 0.022084169 -0.394713417 -5.209114017 0.454902 0.639216 0.333333
v 0.029239339 -0.391981363 -5.217589488 0.482353 0.639216 0.309804
v -0.113673967 -0.471938981 -5.181775898 0.552941 0.752941 0.498039
v -0.457791496 -0.679802004 -5.176275469 0.325490 0.470588 0.337255
v -0.272201608 -0.563359397 -5.158524153 0.478431 0.670588 0.380392
v -0.287105401 -0.570339209 -5.148980077 0.356863 0.533333 0.301961
v 0.014974811 -0.395409103 -5.201556628 0.439216 0.635294 0.298039
v 0.042386893 -0.382730030 -5.223120912 0.580392 0.737255 0.545098
v -0.100164285 -0.461494149 -5.182568830 0.564706 0.760784 0.501961
v -0.000158895 -0.400071967 -5.179651201 0.423529 0.603922 0.325490
v -0.406937602 -0.646302916 -5.175010778 0.423529 0.611765 0.352941
v -0.291553889 -0.571605637 -5.153125033 0.356863 0.529412 0.250980
v -0.282662942 -0.565404394 -5.151605414 0.352941 0.533333 0.278431
v 0.010339286 -0.395460464 -5.194692709 0.423529 0.600000 0.235294
v -0.353201234 -0.610985903 -5.166244713 0.501961 0.701961 0.462745
v -0.583391082 -0.753120618 -5.178011461 0.478431 0.674510 0.380392
v -0.160457151 -0.494935251 -5.175185624 0.439216 0.615686 0.215686
v 0.011918343 -0.392901234 -5.191390490 0.423529 0.619608 0.329412
v 0.034524133 -0.384258649 -5.218481570 0.533333 0.717647 0.501961
v -0.221985300 -0.529220677 -5.166168001 0.545098 0.733333 0.494118
v -0.443416414 -0.666053473 -5.178699148 0.596078 0.650980 0.431373
v -0.302349770 -0.576954197 -5.161592148 0.482353 0.666667 0.352941
v -0.606642855 -0.763199026 -5.168608873 0.396078 0.545098 0.364706
v -0.347468598 -0.605262620 -5.166803938 0.474510 0.666667 0.458824
v -0.360503229 -0.613056697 -5.166143221 0.486275 0.686275 0.431373
v -0.237711875 -0.537446267 -5.161638168 0.560784 0.658824 0.466667
v -0.566311865 -0.741037996 -5.182331869 0.470588 0.662745 0.439216
v -0.019466756 -0.408362388 -5.181388465 0.447059 0.627451 0.349020
v -0.172806854 -0.499252150 -5.170192396 0.427451 0.635294 0.207843
v 0.033888364 -0.383081579 -5.221711875 0.525490 0.658824 0.341176
v -0.497976536 -0.697937402 -5.179167085 0.501961 0.658824 0.407843
v -0.210493711 -0.520925890 -5.168552125 0.549020 0.741176 0.470588
v -0.113595086 -0.464207246 -5.181401327 0.556863 0.749020 0.529412
v -0.077428673 -0.441013791 -5.177665210 0.486275 0.674510 0.235294
v -0.575591232 -0.744257273 -5.181562122 0.482353 0.674510 0.415686
v -0.013676247 -0.402176994 -5.179834365 0.450980 0.643137 0.356863
v -0.539792660 -0.722772520 -5.185128617 0.435294 0.627451 0.388235
v -0.429078924 -0.654367976 -5.181810361 0.403922 0.592157 0.329412
v -0.523444165 -0.711525622 -5.181659357 0.415686 0.588235 0.396078
v -0.392425948 -0.629039210 -5.167932721 0.396078 0.580392 0.329412
v -0.186322143 -0.502921278 -5.166227026 0.403922 0.596078 0.219608
v -0.299583185 -0.569308637 -5.154636825 0.411765 0.588235 0.254902
v -0.310962042 -0.578240151 -5.165192010 0.470588 0.650980 0.352941
v -0.368292891 -0.613078409 -5.166323760 0.458824 0.647059 0.427451
v -0.533766537 -0.715785876 -5.182964108 0.470588 0.650980 0.388235
v -0.489625680 -0.687542607 -5.178294091 0.466667 0.654902 0.415686
v -0.556285630 -0.728674552 -5.185533743 0.427451 0.615686 0.392157
v -0.354758709 -0.602658507 -5.167324001 0.482353 0.686275 0.482353
v -0.043051866 -0.415497609 -5.179580428 0.533333 0.713725 0.447059
v -0.153340334 -0.482261028 -5.179449276 0.596078 0.749020 0.486275
v -0.290847395 -0.559826530 -5.148688846 0.376471 0.556863 0.301961
v -0.135549023 -0.471413854 -5.180179580 0.513725 0.709804 0.498039
v -0.263999937 -0.545001798 -5.157951867 0.466667 0.658824 0.388235
v -0.378171303 -0.616218271 -5.167496655 0.447059 0.631373 0.376471
v -0.260338017 -0.541912285 -5.153884183 0.388235 0.568627 0.270588
v -0.058324496 -0.423143110 -5.177329529 0.396078 0.576471 0.258824
v -0.275122328 -0.550037406 -5.153725922 0.337255 0.529412 0.270588
v -0.335946109 -0.589187275 -5.166846512 0.509804 0.619608 0.384314
v 0.026978668 -0.377228701 -5.212154018 0.549020 0.737255 0.517647
v -0.566172853 -0.731805447 -5.184549081 0.466667 0.658824 0.415686
v -0.241026249 -0.529441552 -5.160547369 0.588235 0.666667 0.478431
v -0.419982761 -0.644155723 -5.191525214 0.549020 0.623529 0.462745
v -0.049284017 -0.416044897 -5.177361291 0.501961 0.674510 0.235294
v -0.176512346 -0.492411453 -5.172562257 0.576471 0.772549 0.537255
v -0.102247037 -0.448996401 -5.183091930 0.552941 0.752941 0.564706
v 0.011417154 -0.382497248 -5.198605805 0.494118 0.678431 0.435294
v -0.249691148 -0.532767098 -5.155612242 0.517647 0.596078 0.290196
v -0.419856996 -0.640675253 -5.181052110 0.392157 0.580392 0.317647
v 0.009896822 -0.383043378 -5.201606222 0.435294 0.607843 0.243137
v -0.292390770 -0.557223195 -5.152005829 0.396078 0.576471 0.262745
v -0.443256066 -0.653197635 -5.177451894 0.658824 0.674510 0.462745
v -0.548863622 -0.718914877 -5.185608696 0.478431 0.666667 0.360784
v -0.390773681 -0.619757061 -5.169738490 0.474510 0.666667 0.352941
v -0.055509448 -0.417621736 -5.179401409 0.537255 0.725490 0.415686
v -0.221108147 -0.515513937 -5.166335188 0.521569 0.705882 0.490196
v -0.193551655 -0.498807683 -5.168058524 0.596078 0.784314 0.486275
v 0.027363866 -0.373948246 -5.217297818 0.517647 0.658824 0.313725
v -0.150544815 -0.474644908 -5.178986765 0.533333 0.709804 0.509804
v -0.008934517 -0.389734685 -5.186025453 0.454902 0.623529 0.403922
v -0.316223745 -0.572456487 -5.166291150 0.470588 0.658824 0.356863
v -0.078767244 -0.429777015 -5.177238856 0.364706 0.552941 0.239216
v -0.284348589 -0.550680307 -5.157373062 0.513725 0.705882 0.349020
v -0.518789710 -0.697433523 -5.181392448 0.482353 0.662745 0.400000
v -0.040414581 -0.406158477 -5.182466054 0.505882 0.705882 0.486275
v -0.575458855 -0.731893973 -5.185285200 0.454902 0.650980 0.372549
v -0.025715353 -0.396906798 -5.182432870 0.474510 0.670588 0.435294
v -0.258353662 -0.533983639 -5.161425375 0.486275 0.678431 0.423529
v -0.536576823 -0.707243969 -5.183301673 0.454902 0.647059 0.388235
v -0.543959722 -0.711835440 -5.184597633 0.439216 0.631373 0.384314
v 0.039009861 -0.364256719 -5.220709712 0.286275 0.345098 0.254902
v -0.259108721 -0.533242742 -5.157839094 0.372549 0.549020 0.239216
v -0.269095068 -0.539908631 -5.160980423 0.474510 0.670588 0.372549
v -0.607401659 -0.748898049 -5.179094757 0.411765 0.611765 0.360784
v -0.302251266 -0.557796574 -5.150170921 0.384314 0.560784 0.349020
v -0.352216061 -0.591662095 -5.168896343 0.494118 0.690196 0.470588
v -0.427890977 -0.639927358 -5.181769409 0.372549 0.568627 0.298039
v -0.241623213 -0.521562399 -5.158584926 0.388235 0.560784 0.333333
v -0.413133628 -0.629692802 -5.179095539 0.403922 0.596078 0.309804
v -0.362069051 -0.596389825 -5.168722340 0.501961 0.694118 0.454902
v -0.513634608 -0.690610714 -5.181995327 0.443137 0.623529 0.396078
v -0.192601238 -0.492475654 -5.167013381 0.400000 0.600000 0.243137
v -0.217474384 -0.506650503 -5.166240115 0.537255 0.741176 0.509804
v -0.003677422 -0.381965515 -5.196101011 0.400000 0.568627 0.235294
v -0.286350807 -0.545061920 -5.153568028 0.388235 0.568627 0.360784
v -0.465156249 -0.658375940 -5.179287967 0.490196 0.670588 0.427451
v -0.327261360 -0.571311072 -5.168025904 0.439216 0.639216 0.352941
v -0.424037262 -0.632849737 -5.183015397 0.407843 0.596078 0.301961
v -0.491180754 -0.672968654 -5.179914690 0.482353 0.670588 0.415686
v -0.229642936 -0.510621589 -5.164098341 0.533333 0.717647 0.490196
v -0.251208839 -0.522898897 -5.161230535 0.517647 0.674510 0.396078
v 0.010511234 -0.372715303 -5.208411757 0.443137 0.627451 0.247059
v -0.299107272 -0.550004901 -5.151893634 0.380392 0.556863 0.321569
v 0.025849665 -0.364633027 -5.215341557 0.533333 0.690196 0.458824
v -0.169992272 -0.476023284 -5.177459873 0.576471 0.760784 0.494118
v -0.114177024 -0.442795239 -5.181927715 0.549020 0.756863 0.552941
v -0.206564831 -0.496209609 -5.168107799 0.560784 0.752941 0.458824
v -0.093006416 -0.429594698 -5.181450836 0.533333 0.721569 0.431373
v -0.230372272 -0.508864867 -5.160208715 0.380392 0.568627 0.262745
v -0.015029155 -0.383122756 -5.188373544 0.505882 0.686275 0.419608
v -0.253312053 -0.521855616 -5.156858115 0.439216 0.580392 0.270588
v -0.267662692 -0.531444732 -5.163528640 0.450980 0.650980 0.400000
v 0.008577750 -0.370801713 -5.203903996 0.552941 0.717647 0.501961
v -0.002367927 -0.375998849 -5.197044657 0.498039 0.690196 0.447059
v -0.549839160 -0.705953344 -5.184879276 0.470588 0.658824 0.376471
v -0.148054044 -0.460469692 -5.179069706 0.529412 0.725490 0.498039
v -0.024955061 -0.386735290 -5.184978580 0.509804 0.682353 0.439216
v -0.312915163 -0.557004022 -5.160077339 0.443137 0.623529 0.349020
v -0.131927559 -0.450039905 -5.179980434 0.537255 0.737255 0.486275
v -0.412067983 -0.620343880 -5.180346070 0.400000 0.576471 0.313725
v -0.396506701 -0.609337953 -5.172820016 0.450980 0.639216 0.333333
v -0.086392668 -0.421112847 -5.178288054 0.392157 0.572549 0.258824
v 0.030571449 -0.357378422 -5.217197879 0.635294 0.788235 0.580392
v -0.620712713 -0.746004995 -5.181544458 0.439216 0.592157 0.325490
v -0.381838074 -0.598492135 -5.170966908 0.466667 0.654902 0.364706
v -0.627228521 -0.749899504 -5.183451935 0.282353 0.298039 0.247059
v -0.527642072 -0.689101155 -5.182951387 0.439216 0.627451 0.392157
v -0.052675706 -0.400150510 -5.182908310 0.537255 0.737255 0.450980
v -0.062194362 -0.405209298 -5.181154881 0.533333 0.725490 0.435294
v -0.355305902 -0.581281854 -5.170227376 0.501961 0.694118 0.490196
v -0.547496627 -0.699978575 -5.180547554 0.376471 0.556863 0.262745
v -0.038639567 -0.391274231 -5.185309422 0.482353 0.666667 0.376471
v 0.012196843 -0.364526351 -5.207330792 0.580392 0.756863 0.505882
v -0.305604607 -0.547148208 -5.153958412 0.360784 0.537255 0.313725
v -0.226232510 -0.499986168 -5.161548708 0.368627 0.556863 0.250980
v -0.595379905 -0.729675587 -5.189367424 0.450980 0.627451 0.337255
v -0.182795527 -0.475722815 -5.174598344 0.564706 0.764706 0.478431
v 0.038280562 -0.349984747 -5.219980787 0.286275 0.341176 0.270588
v -0.463018966 -0.646975175 -5.180268266 0.450980 0.631373 0.458824
v -0.302058219 -0.544947596 -5.159416884 0.517647 0.694118 0.368627
v -0.103858165 -0.428638411 -5.183197245 0.572549 0.705882 0.525490
v -0.489159027 -0.661971306 -5.180958244 0.482353 0.666667 0.411765
v -0.120426327 -0.437587931 -5.180883154 0.560784 0.756863 0.549020
v -0.419013475 -0.620657877 -5.190110275 0.596078 0.654902 0.501961
v -0.018760165 -0.377818093 -5.192610489 0.403922 0.576471 0.247059
v 0.001617341 -0.367474819 -5.205175598 0.443137 0.615686 0.250980
v -0.617682780 -0.739660277 -5.184913539 0.376471 0.572549 0.294118
v -0.248881732 -0.510138432 -5.158331293 0.368627 0.556863 0.243137
v -0.129770921 -0.441782835 -5.179561499 0.517647 0.717647 0.521569
v -0.001880419 -0.367633786 -5.200935731 0.541176 0.713725 0.505882
v -0.515157941 -0.676070060 -5.183363500 0.443137 0.639216 0.372549
v -0.368250843 -0.583960195 -5.170845538 0.478431 0.666667 0.431373
v -0.343901779 -0.567690066 -5.170309424 0.517647 0.592157 0.427451
v -0.171513504 -0.464088785 -5.177813283 0.564706 0.725490 0.494118
v -0.565896539 -0.705520467 -5.188207736 0.470588 0.654902 0.349020
v -0.320614829 -0.549845597 -5.154213974 0.372549 0.549020 0.325490
v -0.470380005 -0.645860889 -5.181750188 0.470588 0.650980 0.419608
v -0.142805636 -0.445931827 -5.178900073 0.560784 0.756863 0.482353
v -0.613014197 -0.733393536 -5.188403702 0.407843 0.603922 0.309804
v -0.442316082 -0.627058846 -5.176597173 0.352941 0.482353 0.337255
v -0.018201474 -0.372137589 -5.192650707 0.549020 0.729412 0.470588
v 0.020719169 -0.352212874 -5.212342877 0.584314 0.768627 0.529412
v -0.233389670 -0.496979069 -5.164279546 0.537255 0.725490 0.447059
v -0.394923371 -0.596861657 -5.174562493 0.400000 0.588235 0.321569
v -0.056835757 -0.392345564 -5.183478652 0.517647 0.690196 0.478431
v -0.042420799 -0.384365607 -5.187801725 0.462745 0.615686 0.247059
v -0.418325781 -0.611482927 -5.182875625 0.403922 0.584314 0.294118
v -0.195489863 -0.473959017 -5.172407643 0.537255 0.729412 0.466667
v -0.481330039 -0.649491609 -5.182152443 0.447059 0.631373 0.415686
v -0.328174858 -0.551142973 -5.155296495 0.423529 0.592157 0.384314
v -0.270340948 -0.518359299 -5.168342189 0.474510 0.662745 0.407843
v -0.418949341 -0.612401280 -5.187771232 0.705882 0.741176 0.631373
v -0.160502555 -0.453230049 -5.178447447 0.505882 0.701961 0.498039
v 0.039963044 -0.338650344 -5.217875217 0.584314 0.733333 0.537255
v -0.608436068 -0.727553755 -5.191127522 0.427451 0.615686 0.298039
v -0.624433729 -0.736554645 -5.188191270 0.400000 0.588235 0.286275
v -0.003466758 -0.361870877 -5.204132492 0.427451 0.615686 0.231373
v -0.095470848 -0.413071698 -5.182103293 0.513725 0.694118 0.435294
v -0.509949588 -0.665134419 -5.182845482 0.462745 0.654902 0.396078
v -0.413090057 -0.605783139 -5.181547211 0.435294 0.623529 0.298039
v -0.494818862 -0.655270667 -5.182056006 0.435294 0.619608 0.407843
v -0.560097633 -0.695186762 -5.183842000 0.364706 0.568627 0.258824
v -0.217546646 -0.483663972 -5.168753682 0.556863 0.756863 0.447059
v -0.306274114 -0.535030239 -5.156068170 0.415686 0.611765 0.243137
v 0.009419504 -0.353405826 -5.209786820 0.423529 0.607843 0.227451
v -0.439379841 -0.619585918 -5.176284338 0.486275 0.603922 0.372549
v -0.242594135 -0.496117706 -5.160739866 0.356863 0.541176 0.274510
v -0.248459398 -0.500135908 -5.163510609 0.482353 0.674510 0.400000
v -0.015864931 -0.365097455 -5.198728146 0.415686 0.603922 0.219608
v -0.231552622 -0.488415089 -5.162162103 0.415686 0.603922 0.266667
v -0.350078017 -0.562036105 -5.173007083 0.549020 0.658824 0.470588
v -0.473546362 -0.639049807 -5.183483261 0.443137 0.623529 0.423529
v -0.321816180 -0.541360576 -5.157265508 0.360784 0.549020 0.258824
v -0.457907917 -0.628651541 -5.181539406 0.435294 0.623529 0.419608
v -0.075147669 -0.395382144 -5.181189731 0.537255 0.733333 0.470588
v -0.042477165 -0.377018252 -5.189407802 0.435294 0.576471 0.254902
v -0.605252261 -0.719803611 -5.194236560 0.392157 0.588235 0.301961
v -0.301602397 -0.528244687 -5.159584852 0.403922 0.592157 0.270588
v -0.541887360 -0.679018615 -5.186591620 0.447059 0.647059 0.345098
v -0.255216747 -0.499125051 -5.159928806 0.411765 0.615686 0.247059
v -0.143387122 -0.434414279 -5.178388285 0.552941 0.749020 0.494118
v -0.581920125 -0.704078978 -5.194946132 0.431373 0.623529 0.341176
v -0.127160586 -0.424605281 -5.180657101 0.545098 0.737255 0.466667
v -0.316399359 -0.536337648 -5.163520937 0.450980 0.643137 0.364706
v -0.392757166 -0.584969323 -5.175787513 0.423529 0.611765 0.329412
v -0.570839608 -0.695895030 -5.189919918 0.462745 0.658824 0.341176
v -0.182875181 -0.457415763 -5.178090373 0.552941 0.737255 0.501961
v -0.337894485 -0.549739119 -5.169305297 0.411765 0.584314 0.364706
v 0.025948852 -0.337134955 -5.214618805 0.545098 0.729412 0.486275
v -0.238006412 -0.487676561 -5.165915017 0.517647 0.705882 0.427451
v -0.359928575 -0.563121310 -5.173374658 0.501961 0.698039 0.490196
v -0.428383958 -0.606098726 -5.184889182 0.721569 0.658824 0.529412
v -0.151700071 -0.435995664 -5.177507479 0.529412 0.737255 0.501961
v -0.434449262 -0.608377790 -5.180436784 0.564706 0.623529 0.411765
v -0.331751510 -0.543382232 -5.167367190 0.419608 0.619608 0.368627
v 0.014967564 -0.340732854 -5.212143150 0.466667 0.654902 0.325490
v 0.002728534 -0.346724370 -5.207565363 0.572549 0.764706 0.533333
v -0.296864022 -0.520468694 -5.166312398 0.450980 0.607843 0.411765
v -0.033493796 -0.365174927 -5.192602347 0.403922 0.584314 0.227451
v -0.055387506 -0.377128818 -5.186162190 0.431373 0.611765 0.239216
v -0.112126656 -0.410998034 -5.183734608 0.560784 0.666667 0.482353
v -0.244972885 -0.487494910 -5.161604766 0.384314 0.572549 0.270588
v -0.632292110 -0.729216432 -5.195080368 0.470588 0.611765 0.341176
v -0.069917358 -0.384469847 -5.181899508 0.490196 0.678431 0.439216
v -0.162726684 -0.439547444 -5.175690323 0.494118 0.694118 0.466667
v -0.039541910 -0.366941338 -5.190136088 0.439216 0.615686 0.317647
v 0.043355147 -0.321209007 -5.214694389 0.505882 0.541176 0.396078
v -0.062065834 -0.379304081 -5.183804388 0.509804 0.670588 0.400000
v -0.312961667 -0.528325846 -5.167738163 0.466667 0.654902 0.392157
v -0.010630467 -0.351585385 -5.205201072 0.431373 0.615686 0.250980
v -0.501579061 -0.645907640 -5.184221933 0.466667 0.650980 0.384314
v 0.029034960 -0.329285398 -5.215339190 0.545098 0.733333 0.537255
v -0.222278870 -0.472172099 -5.164967344 0.396078 0.576471 0.274510
v -0.347854913 -0.550201669 -5.174192539 0.513725 0.592157 0.396078
v -0.196454810 -0.458415421 -5.175663602 0.521569 0.721569 0.482353
v -0.250432076 -0.489313166 -5.166006068 0.431373 0.623529 0.384314
v -0.281819429 -0.508963423 -5.169713968 0.486275 0.674510 0.439216
v -0.421851770 -0.596492884 -5.183119305 0.462745 0.568627 0.392157
v -0.444408615 -0.609864145 -5.181724507 0.439216 0.623529 0.431373
v -0.268018526 -0.499847796 -5.169613148 0.462745 0.635294 0.427451
v -0.092816945 -0.395418494 -5.180450994 0.533333 0.729412 0.474510
v -0.174072374 -0.443825690 -5.176623680 0.541176 0.733333 0.447059
v -0.128205247 -0.416791573 -5.181154588 0.537255 0.725490 0.470588
v -0.488567170 -0.636527406 -5.185202783 0.498039 0.682353 0.396078
v -0.341170127 -0.544376815 -5.174792215 0.384314 0.568627 0.356863
v -0.468846022 -0.623440381 -5.185678135 0.423529 0.607843 0.423529
v -0.610969171 -0.712003896 -5.197455395 0.403922 0.600000 0.309804
v -0.355771640 -0.551656086 -5.175901957 0.529412 0.654902 0.427451
v -0.574113723 -0.687411298 -5.192824220 0.435294 0.631373 0.321569
v -0.390127347 -0.572497595 -5.177046970 0.419608 0.607843 0.309804
v 0.002016656 -0.339240142 -5.208554299 0.462745 0.643137 0.317647
v -0.210319479 -0.460697180 -5.168984344 0.372549 0.552941 0.247059
v -0.054751660 -0.369434680 -5.187133935 0.505882 0.698039 0.443137
v 0.021785975 -0.327765133 -5.213603232 0.545098 0.729412 0.462745
v -0.217101999 -0.463799297 -5.169157105 0.541176 0.729412 0.439216
v -0.552152565 -0.670839039 -5.191504071 0.403922 0.596078 0.337255
v -0.121590026 -0.406740078 -5.182969968 0.584314 0.674510 0.513725
v -0.436425734 -0.598062043 -5.182657834 0.415686 0.592157 0.392157
v -0.294855372 -0.508946183 -5.169049610 0.486275 0.678431 0.458824
v -0.408881348 -0.580822471 -5.182716735 0.352941 0.549020 0.270588
v -0.173210006 -0.435832922 -5.174071231 0.560784 0.749020 0.400000
v 0.006410157 -0.333734491 -5.211277925 0.427451 0.607843 0.227451
v -0.240145252 -0.474601740 -5.165963540 0.490196 0.686275 0.384314
v -0.226919368 -0.465969400 -5.164832346 0.443137 0.615686 0.309804
v -0.421079125 -0.587367820 -5.185014691 0.525490 0.576471 0.443137
v -0.234822875 -0.469520269 -5.164569622 0.376471 0.556863 0.278431
v -0.261661851 -0.486418362 -5.168441218 0.466667 0.650980 0.407843
v -0.016865653 -0.344308441 -5.203755955 0.431373 0.596078 0.211765
v -0.094409166 -0.387056743 -5.181236287 0.505882 0.701961 0.462745
v -0.445631797 -0.600826766 -5.184869024 0.443137 0.631373 0.439216
v -0.191383750 -0.443696078 -5.177629918 0.552941 0.682353 0.482353
v -0.141270795 -0.413618191 -5.179711275 0.549020 0.749020 0.525490
v -0.487552262 -0.625564857 -5.187586015 0.450980 0.639216 0.411765
v -0.615114242 -0.705256192 -5.200236481 0.407843 0.600000 0.317647
v -0.209698361 -0.453499912 -5.172713159 0.533333 0.725490 0.454902
v -0.626667122 -0.711926612 -5.200978760 0.439216 0.635294 0.309804
v -0.526013263 -0.648031137 -5.187682677 0.360784 0.549020 0.305882
v -0.274058139 -0.491727841 -5.171376362 0.549020 0.682353 0.423529
v -0.379276068 -0.556790404 -5.178422585 0.419608 0.611765 0.337255
v -0.313203991 -0.515070412 -5.171137102 0.466667 0.658824 0.411765
v 0.026080335 -0.316959746 -5.214689315 0.560784 0.760784 0.513725
v -0.008997181 -0.336555921 -5.205804237 0.427451 0.615686 0.266667
v -0.249137924 -0.474476887 -5.164737891 0.356863 0.533333 0.270588
v -0.609377439 -0.700058150 -5.200310972 0.411765 0.607843 0.317647
v -0.497953938 -0.629743396 -5.187690286 0.454902 0.631373 0.396078
v 0.043394862 -0.304074563 -5.209544734 0.274510 0.286275 0.215686
v -0.284911748 -0.495977678 -5.171553497 0.533333 0.725490 0.462745
v -0.327080807 -0.521503794 -5.173719606 0.470588 0.670588 0.403922
v -0.033400994 -0.347043358 -5.195991569 0.541176 0.733333 0.474510
v 0.019467331 -0.318672354 -5.215775392 0.384314 0.560784 0.250980
v -0.352464346 -0.537260580 -5.176923393 0.447059 0.592157 0.356863
v -0.636843392 -0.713732532 -5.201956708 0.423529 0.588235 0.321569
v -0.454798405 -0.599994780 -5.186615352 0.400000 0.584314 0.400000
v -0.592780536 -0.685929875 -5.199222240 0.450980 0.615686 0.325490
v -0.375093418 -0.549517346 -5.178563464 0.443137 0.627451 0.372549
v -0.541156713 -0.652675959 -5.191497958 0.388235 0.588235 0.337255
v -0.169021264 -0.422326207 -5.170339964 0.368627 0.552941 0.270588
v -0.213430492 -0.449254395 -5.170656228 0.490196 0.678431 0.247059
v -0.109959643 -0.388170521 -5.180800462 0.521569 0.717647 0.462745
v -0.334890225 -0.523588403 -5.174253994 0.447059 0.647059 0.368627
v 0.031860632 -0.308681961 -5.219297815 0.537255 0.639216 0.462745
v -0.068831067 -0.363165932 -5.184365722 0.525490 0.721569 0.505882
v -0.516768996 -0.635923144 -5.189197435 0.392157 0.584314 0.349020
v -0.185743501 -0.431117931 -5.172442749 0.372549 0.560784 0.243137
v 0.000512596 -0.324198099 -5.208523539 0.572549 0.741176 0.443137
v -0.294765697 -0.496539432 -5.171371377 0.486275 0.678431 0.423529
v -0.237284556 -0.460802941 -5.168656505 0.505882 0.694118 0.443137
v -0.579701078 -0.674536412 -5.198700255 0.392157 0.588235 0.278431
v -0.200849051 -0.439437175 -5.176857405 0.525490 0.690196 0.474510
v -0.444309514 -0.589135986 -5.186729028 0.407843 0.588235 0.411765
v -0.129800231 -0.396970011 -5.181917506 0.572549 0.650980 0.474510
v -0.393736741 -0.556911825 -5.182556239 0.400000 0.596078 0.325490
v -0.436403159 -0.583505015 -5.185972849 0.423529 0.607843 0.396078
v -0.008092958 -0.327043743 -5.207249931 0.439216 0.615686 0.270588
v -0.553780060 -0.656192394 -5.196677902 0.415686 0.619608 0.301961
v -0.207771548 -0.440852128 -5.173717932 0.529412 0.662745 0.294118
v -0.180769275 -0.424112071 -5.172035188 0.392157 0.584314 0.247059
v -0.319882965 -0.508392018 -5.173981832 0.435294 0.635294 0.376471
v -0.107934998 -0.380300142 -5.180826707 0.537255 0.733333 0.443137
v -0.643902364 -0.710833471 -5.205752185 0.388235 0.568627 0.294118
v -0.230573780 -0.452932695 -5.171287858 0.513725 0.713725 0.443137
v -0.512627129 -0.628087588 -5.191076240 0.427451 0.623529 0.341176
v -0.475049369 -0.604219835 -5.188668415 0.439216 0.627451 0.356863
v -0.025112903 -0.332938678 -5.201869041 0.529412 0.709804 0.431373
v -0.653009339 -0.715262039 -5.206727245 0.278431 0.290196 0.258824
v -0.226921953 -0.448781769 -5.169496473 0.494118 0.662745 0.239216
v -0.372540296 -0.539050575 -5.180214973 0.498039 0.678431 0.450980
v 0.036021502 -0.298764470 -5.223464254 0.274510 0.298039 0.270588
v -0.272965043 -0.476158851 -5.170776156 0.498039 0.631373 0.411765
v -0.493827182 -0.613561481 -5.191011696 0.427451 0.611765 0.368627
v -0.618280565 -0.691674127 -5.205085379 0.360784 0.549020 0.286275
v -0.565056050 -0.657937563 -5.199242008 0.325490 0.525490 0.262745
v -0.581281609 -0.667747556 -5.201668459 0.368627 0.568627 0.258824
v -0.069450541 -0.353691712 -5.186648049 0.545098 0.741176 0.439216
v -0.129852675 -0.389105646 -5.181994758 0.486275 0.670588 0.431373
v 0.017784599 -0.306572502 -5.222043848 0.427451 0.596078 0.305882
v -0.285108593 -0.481197379 -5.173011943 0.490196 0.670588 0.423529
v 0.031632552 -0.297524021 -5.220734275 0.470588 0.650980 0.341176
v -0.335979707 -0.512084088 -5.175414232 0.423529 0.619608 0.341176
v -0.037692091 -0.334939065 -5.198057088 0.533333 0.725490 0.470588
v -0.098584691 -0.368300051 -5.182197696 0.517647 0.709804 0.470588
v -0.047010364 -0.339160752 -5.194354147 0.490196 0.662745 0.372549
v -0.314518066 -0.497617689 -5.172713859 0.454902 0.643137 0.364706
v 0.007417952 -0.309754830 -5.213834818 0.541176 0.725490 0.439216
v -0.081347963 -0.357938687 -5.184197379 0.517647 0.709804 0.462745
v -0.408060600 -0.556643336 -5.187613671 0.411765 0.576471 0.333333
v -0.417610034 -0.562201949 -5.186884120 0.807843 0.678431 0.603922
v -0.633949919 -0.697353942 -5.207288706 0.372549 0.568627 0.286275
v -0.423107652 -0.565552248 -5.188599598 0.505882 0.654902 0.329412
v -0.530808440 -0.631778061 -5.193016363 0.368627 0.560784 0.274510
v -0.541684006 -0.638608537 -5.194560244 0.364706 0.552941 0.313725
v -0.225563989 -0.442316009 -5.173255770 0.556863 0.749020 0.435294
v -0.262490885 -0.463711904 -5.169471403 0.450980 0.639216 0.435294
v -0.596869498 -0.672989266 -5.202998084 0.388235 0.580392 0.270588
v -0.012989414 -0.318507737 -5.205712518 0.431373 0.611765 0.227451
v -0.365678643 -0.527688855 -5.179436934 0.545098 0.584314 0.392157
v -0.513507789 -0.619399759 -5.192961371 0.400000 0.588235 0.341176
v -0.121453674 -0.378758823 -5.180998671 0.501961 0.701961 0.462745
v -0.217718581 -0.435591164 -5.172748209 0.423529 0.564706 0.301961
v -0.090239371 -0.359981605 -5.183351402 0.517647 0.713725 0.478431
v -0.256574506 -0.457143732 -5.166100627 0.376471 0.560784 0.278431
v -0.476000033 -0.594939774 -5.189962224 0.407843 0.584314 0.345098
v -0.231449282 -0.441654242 -5.169806489 0.423529 0.600000 0.341176
v -0.466676122 -0.588118806 -5.190580416 0.384314 0.576471 0.333333
v -0.160580545 -0.399514691 -5.179349558 0.533333 0.721569 0.494118
v -0.433443123 -0.567194155 -5.188743046 0.407843 0.580392 0.384314
v -0.145491292 -0.390129737 -5.181333159 0.556863 0.678431 0.466667
v -0.622449560 -0.684901080 -5.208184041 0.345098 0.533333 0.266667
v -0.267926128 -0.461415942 -5.166983793 0.349020 0.537255 0.266667
v -0.588602554 -0.663550068 -5.204530629 0.403922 0.568627 0.290196
v -0.354298124 -0.516156049 -5.178798275 0.407843 0.600000 0.325490
v -0.030829910 -0.323576864 -5.201962058 0.533333 0.717647 0.450980
v -0.323041533 -0.495858844 -5.175772349 0.403922 0.600000 0.337255
v -0.172169458 -0.404066445 -5.178224949 0.549020 0.745098 0.458824
v -0.521338142 -0.619380067 -5.194360627 0.372549 0.572549 0.290196
v -0.576837888 -0.655002007 -5.204296019 0.400000 0.592157 0.266667
v -0.212863158 -0.428464416 -5.177063428 0.560784 0.709804 0.458824
v -0.239251930 -0.443736597 -5.173279844 0.545098 0.729412 0.435294
v -0.444869667 -0.571911128 -5.190034282 0.392157 0.572549 0.384314
v -0.198099714 -0.419276062 -5.177045132 0.541176 0.725490 0.439216
v -0.182561882 -0.409296417 -5.176853965 0.552941 0.749020 0.439216
v -0.562540191 -0.644830893 -5.200587690 0.352941 0.552941 0.254902
v -0.395413888 -0.540132676 -5.185235419 0.415686 0.600000 0.337255
v -0.650985336 -0.699597276 -5.206705206 0.498039 0.666667 0.313725
v -0.490632284 -0.599573607 -5.193686124 0.400000 0.584314 0.317647
v -0.111608101 -0.366211546 -5.181630922 0.509804 0.705882 0.462745
v -0.424907984 -0.557507877 -5.187867320 0.501961 0.541176 0.372549
v 0.035668792 -0.283321840 -5.218353042 0.462745 0.494118 0.380392
v -0.330388103 -0.497885298 -5.177385157 0.415686 0.607843 0.341176
v -0.383317025 -0.530881642 -5.185207608 0.462745 0.650980 0.407843
v -0.009725814 -0.308225644 -5.208733406 0.545098 0.725490 0.447059
v -0.218138657 -0.427882859 -5.173602147 0.427451 0.560784 0.321569
v -0.553271241 -0.635871000 -5.198657837 0.364706 0.552941 0.258824
v -0.615078743 -0.675089314 -5.207305848 0.364706 0.576471 0.266667
v 0.019221171 -0.293947873 -5.232438569 0.486275 0.666667 0.329412
v -0.022095845 -0.313562859 -5.206171182 0.427451 0.596078 0.262745
v -0.648635463 -0.695164563 -5.211611132 0.419608 0.607843 0.298039
v -0.280349711 -0.463565521 -5.172578147 0.490196 0.631373 0.407843
v -0.603187395 -0.666150159 -5.206581124 0.352941 0.541176 0.266667
v 0.028698828 -0.285210493 -5.225746947 0.513725 0.678431 0.400000
v -0.133462001 -0.375081946 -5.181254606 0.521569 0.709804 0.415686
v -0.260412331 -0.450169398 -5.170484249 0.541176 0.733333 0.376471
v -0.160370903 -0.390876012 -5.179561385 0.415686 0.572549 0.243137
v 0.012911797 -0.294415566 -5.227475581 0.501961 0.658824 0.231373
v -0.539106692 -0.624001401 -5.196426908 0.345098 0.521569 0.258824
v -0.421608907 -0.550905865 -5.189096918 0.435294 0.607843 0.274510
v -0.460618865 -0.574906716 -5.193131494 0.384314 0.560784 0.352941
v -0.237345323 -0.435225109 -5.174911349 0.556863 0.749020 0.447059
v 0.003572759 -0.297063268 -5.218111245 0.529412 0.717647 0.462745
v -0.153789688 -0.385477932 -5.180575496 0.517647 0.694118 0.482353
v -0.031933048 -0.315703653 -5.203527754 0.470588 0.654902 0.329412
v -0.392307047 -0.531261198 -5.186643770 0.454902 0.643137 0.329412
v -0.415510344 -0.545546806 -5.188874496 0.494118 0.654902 0.313725
v -0.656747773 -0.696419964 -5.212706674 0.501961 0.576471 0.341176
v -0.412420771 -0.541874901 -5.186213050 0.796078 0.686275 0.615686
v -0.491809871 -0.591624640 -5.195663887 0.443137 0.623529 0.333333
v -0.103753924 -0.352716481 -5.183037253 0.529412 0.729412 0.509804
v -0.214238159 -0.418239698 -5.177604678 0.529412 0.686275 0.427451
v -0.062085928 -0.328771635 -5.194049369 0.541176 0.694118 0.423529
v -0.049103843 -0.321445089 -5.198431481 0.537255 0.729412 0.458824
v -0.517875300 -0.606174694 -5.198017881 0.368627 0.560784 0.301961
v -0.171593279 -0.392146610 -5.180262288 0.537255 0.729412 0.450980
v -0.236835884 -0.430015488 -5.173493831 0.400000 0.592157 0.250980
v -0.668450253 -0.697750447 -5.204336763 0.301961 0.345098 0.200000
v -0.453670511 -0.564673200 -5.192557591 0.494118 0.568627 0.396078
v -0.119974580 -0.358886462 -5.181860186 0.533333 0.709804 0.474510
v -0.342740017 -0.493866931 -5.180174767 0.411765 0.600000 0.345098
v -0.660888187 -0.692818269 -5.210275315 0.545098 0.701961 0.364706
v -0.401313108 -0.530585451 -5.187431685 0.521569 0.568627 0.450980
v 0.015459154 -0.284994073 -5.228800616 0.501961 0.690196 0.454902
v 0.011207851 -0.288014003 -5.231768697 0.474510 0.647059 0.294118
v -0.316213280 -0.476652136 -5.178356700 0.411765 0.603922 0.333333
v -0.421751061 -0.542439360 -5.187095427 0.470588 0.635294 0.364706
v -0.133983750 -0.365708184 -5.181248271 0.494118 0.682353 0.462745
v -0.507897097 -0.596366375 -5.198730344 0.360784 0.537255 0.294118
v -0.189601782 -0.399136906 -5.179491122 0.529412 0.725490 0.450980
v -0.388848131 -0.521698848 -5.187673271 0.411765 0.600000 0.329412
v -0.083375623 -0.336123999 -5.188831626 0.537255 0.721569 0.447059
v -0.575930322 -0.638212375 -5.202889306 0.317647 0.486275 0.278431
v -0.263857659 -0.441528700 -5.168241567 0.356863 0.533333 0.266667
v -0.301065454 -0.465764784 -5.178231907 0.447059 0.635294 0.388235
v -0.381785167 -0.515748971 -5.185994571 0.435294 0.615686 0.400000
v -0.281154762 -0.451308629 -5.169376031 0.384314 0.545098 0.325490
v -0.663227039 -0.692019657 -5.214924341 0.274510 0.278431 0.235294
v -0.592641136 -0.647536722 -5.207691744 0.364706 0.552941 0.298039
v -0.563046582 -0.628180742 -5.201223843 0.427451 0.580392 0.341176
v -0.609407406 -0.657847657 -5.209430410 0.352941 0.537255 0.266667
v -0.467824854 -0.568743201 -5.194363330 0.474510 0.564706 0.384314
v -0.016331724 -0.296935596 -5.209072345 0.564706 0.725490 0.486275
v 0.008688657 -0.284984422 -5.228554099 0.513725 0.635294 0.254902
v -0.339089693 -0.487103348 -5.180219808 0.458824 0.635294 0.356863
v -0.198469727 -0.401204699 -5.178843670 0.509804 0.705882 0.454902
v -0.114633724 -0.350689650 -5.181942311 0.541176 0.733333 0.490196
v -0.351719380 -0.494780350 -5.182750578 0.462745 0.650980 0.360784
v -0.410164059 -0.530074661 -5.185079865 0.525490 0.541176 0.403922
v -0.501233812 -0.587926804 -5.198877861 0.458824 0.576471 0.396078
v -0.359476539 -0.498480136 -5.183727137 0.396078 0.584314 0.345098
v -0.038161156 -0.306870894 -5.204217064 0.537255 0.717647 0.443137
v -0.652105041 -0.682314920 -5.216498116 0.411765 0.603922 0.290196
v -0.280372346 -0.447910345 -5.172665321 0.533333 0.701961 0.380392
v -0.445909674 -0.552125156 -5.191613143 0.435294 0.615686 0.396078
v -0.366178496 -0.502193355 -5.184294405 0.407843 0.603922 0.337255
v -0.250800862 -0.429061034 -5.173534529 0.474510 0.666667 0.427451
v -0.551561593 -0.616754239 -5.199907126 0.443137 0.611765 0.368627
v -0.046491817 -0.309997256 -5.201624393 0.501961 0.686275 0.388235
v -0.323548104 -0.474002525 -5.180580431 0.411765 0.600000 0.352941
v -0.271837475 -0.439794921 -5.167854169 0.380392 0.552941 0.321569
v -0.091595519 -0.334144926 -5.189536860 0.541176 0.729412 0.411765
v -0.486429162 -0.575136380 -5.195562222 0.462745 0.576471 0.396078
v -0.235668225 -0.419199226 -5.177448215 0.521569 0.705882 0.458824
v -0.347974160 -0.488112328 -5.182036559 0.439216 0.623529 0.364706
v -0.542802124 -0.609890084 -5.199645194 0.411765 0.572549 0.352941
v -0.126683327 -0.353219772 -5.181327998 0.517647 0.713725 0.509804
v -0.308949579 -0.463607376 -5.179696177 0.466667 0.647059 0.360784
v -0.439131072 -0.544322909 -5.191164927 0.454902 0.643137 0.380392
v -0.425624763 -0.535436645 -5.189326327 0.443137 0.615686 0.380392
v -0.024026933 -0.294971437 -5.208498545 0.545098 0.713725 0.443137
v -0.176164949 -0.381327947 -5.179667666 0.509804 0.701961 0.419608
v -0.469255406 -0.560545955 -5.194954537 0.462745 0.639216 0.400000
v -0.614718024 -0.651493220 -5.213240670 0.364706 0.556863 0.270588
v 0.005165279 -0.277809053 -5.229870326 0.392157 0.482353 0.235294
v -0.007745370 -0.283135432 -5.216960958 0.556863 0.725490 0.384314
v -0.225750333 -0.408288538 -5.178691375 0.509804 0.698039 0.443137
v -0.495304194 -0.575634961 -5.197458797 0.447059 0.623529 0.396078
v -0.038215236 -0.299004865 -5.205321481 0.521569 0.694118 0.411765
v -0.515525580 -0.587700095 -5.199753664 0.509804 0.596078 0.407843
v -0.097302451 -0.330531507 -5.186833424 0.525490 0.721569 0.494118
v -0.661152825 -0.679020130 -5.218172452 0.501961 0.670588 0.333333
v 0.008946854 -0.273270151 -5.228655767 0.509804 0.698039 0.454902
v -0.652425797 -0.672113822 -5.212185731 0.384314 0.556863 0.337255
v -0.605332419 -0.643695047 -5.213347328 0.447059 0.647059 0.286275
v -0.552693181 -0.609373078 -5.201752093 0.454902 0.650980 0.415686
v -0.249350785 -0.419583290 -5.173871827 0.392157 0.572549 0.254902
v -0.142827951 -0.355822121 -5.180793263 0.521569 0.717647 0.450980
v -0.002426529 -0.277520218 -5.220501807 0.568627 0.752941 0.513725
v -0.243390185 -0.415644829 -5.177159603 0.509804 0.694118 0.454902
v -0.084021243 -0.321416191 -5.192463181 0.482353 0.650980 0.380392
v -0.281868091 -0.436541051 -5.166941535 0.388235 0.588235 0.270588
v -0.579722904 -0.625044203 -5.205806579 0.400000 0.603922 0.305882
v -0.261846807 -0.424271286 -5.170755104 0.368627 0.545098 0.286275
v -0.156880241 -0.361557965 -5.180338494 0.517647 0.705882 0.431373
v -0.548458602 -0.603193862 -5.201291363 0.435294 0.623529 0.419608
v -0.417430672 -0.521237333 -5.190250906 0.419608 0.603922 0.384314
v -0.272082310 -0.429122663 -5.172318721 0.525490 0.701961 0.360784
v -0.668208028 -0.679231635 -5.221002671 0.423529 0.607843 0.274510
v -0.332408215 -0.467226290 -5.182603267 0.458824 0.647059 0.443137
v -0.386718944 -0.500395846 -5.185981069 0.784314 0.674510 0.627451
v -0.402256781 -0.509343629 -5.184331493 0.411765 0.494118 0.313725
v -0.203371349 -0.386925293 -5.178581239 0.541176 0.737255 0.466667
v -0.445919644 -0.537013011 -5.193611788 0.403922 0.588235 0.372549
v -0.502673558 -0.572429204 -5.199391280 0.466667 0.650980 0.388235
v -0.325104399 -0.460990331 -5.182191704 0.490196 0.682353 0.415686
v -0.036616168 -0.289669583 -5.207197118 0.545098 0.721569 0.482353
v -0.411661391 -0.513988320 -5.189029728 0.435294 0.611765 0.388235
v -0.121002897 -0.335987367 -5.183008497 0.521569 0.725490 0.486275
v -0.395373192 -0.503202086 -5.185579757 0.882353 0.686275 0.666667
v -0.318400298 -0.455717292 -5.182162577 0.482353 0.670588 0.403922
v -0.376241928 -0.491605949 -5.185984795 0.470588 0.650980 0.364706
v -0.633551065 -0.653496796 -5.215870506 0.560784 0.733333 0.427451
v -0.458954375 -0.543244987 -5.195553222 0.419608 0.611765 0.388235
v -0.068830800 -0.306406204 -5.197906983 0.482353 0.666667 0.396078
v -0.656662285 -0.666314097 -5.216797316 0.443137 0.615686 0.360784
v -0.510946532 -0.574052266 -5.200411713 0.447059 0.639216 0.403922
v -0.238718791 -0.404172949 -5.178069560 0.501961 0.662745 0.447059
v -0.355372749 -0.476024834 -5.184762767 0.462745 0.643137 0.403922
v -0.283873486 -0.429330019 -5.168118174 0.376471 0.556863 0.305882
v -0.347479763 -0.469860259 -5.183373470 0.482353 0.674510 0.419608
v -0.020584297 -0.277059504 -5.215108829 0.290196 0.407843 0.168627
v -0.224828227 -0.393595683 -5.175836229 0.380392 0.576471 0.254902
v -0.273930338 -0.422079885 -5.170895722 0.364706 0.549020 0.294118
v -0.077838561 -0.307809709 -5.196589051 0.505882 0.674510 0.415686
v -0.043841595 -0.288694290 -5.205660490 0.537255 0.717647 0.501961
v -0.554185576 -0.597986906 -5.203904044 0.447059 0.635294 0.400000
v -0.574062213 -0.610394713 -5.208882062 0.419608 0.619608 0.333333
v -0.334950202 -0.459998373 -5.183119509 0.498039 0.690196 0.458824
v -0.015510527 -0.272236936 -5.217626542 0.462745 0.615686 0.196078
v -0.519891811 -0.575519349 -5.202225456 0.462745 0.654902 0.407843
v -0.289143170 -0.429768964 -5.174402632 0.462745 0.650980 0.376471
v -0.430270490 -0.519335642 -5.194361544 0.458824 0.643137 0.411765
v -0.216370294 -0.385903700 -5.177709930 0.466667 0.658824 0.411765
v -0.619222988 -0.638660451 -5.218945922 0.360784 0.564706 0.243137
v -0.529231392 -0.580761373 -5.202516691 0.466667 0.650980 0.364706
v -0.581778426 -0.613615163 -5.209684076 0.392157 0.588235 0.305882
v 0.004189138 -0.260691051 -5.227815121 0.592157 0.784314 0.568627
v -0.167266651 -0.355338057 -5.180580399 0.486275 0.674510 0.431373
v -0.258588368 -0.409817940 -5.177379313 0.494118 0.670588 0.419608
v -0.592751759 -0.619305158 -5.211442733 0.415686 0.611765 0.286275
v -0.316213676 -0.444886734 -5.181998352 0.462745 0.658824 0.427451
v -0.001117569 -0.261119737 -5.223047777 0.607843 0.792157 0.549020
v -0.345401113 -0.462564832 -5.183857658 0.490196 0.682353 0.435294
v -0.057982534 -0.290694931 -5.201330649 0.584314 0.745098 0.494118
v -0.372224144 -0.478438150 -5.186822170 0.458824 0.639216 0.341176
v -0.104251371 -0.315768447 -5.188964538 0.537255 0.733333 0.474510
v -0.482785673 -0.547535842 -5.198153432 0.447059 0.631373 0.384314
v -0.657702940 -0.657480735 -5.217284844 0.427451 0.607843 0.423529
v -0.504741157 -0.560988875 -5.200562591 0.403922 0.600000 0.400000
v -0.657115055 -0.658553237 -5.226783017 0.337255 0.525490 0.168627
v -0.389130594 -0.487573571 -5.185525583 0.866667 0.678431 0.615686
v -0.356247703 -0.467342811 -5.185134178 0.470588 0.662745 0.415686
v -0.472486467 -0.540128015 -5.197694670 0.439216 0.619608 0.392157
v -0.669169403 -0.665253675 -5.226891864 0.380392 0.490196 0.223529
v -0.136002579 -0.332446481 -5.181791237 0.529412 0.721569 0.435294
v -0.038393066 -0.278004058 -5.207704125 0.584314 0.776471 0.556863
v -0.378472990 -0.480009432 -5.183933313 0.600000 0.717647 0.388235
v -0.248243878 -0.399341337 -5.176504020 0.423529 0.603922 0.282353
v -0.194380198 -0.366757887 -5.177675633 0.411765 0.596078 0.262745
v -0.146982908 -0.338128357 -5.180886696 0.505882 0.694118 0.403922
v -0.208803164 -0.374728677 -5.176400335 0.376471 0.568627 0.235294
v 0.007979338 -0.251985799 -5.225398688 0.545098 0.639216 0.482353
v -0.038523804 -0.277340881 -5.210521611 0.447059 0.552941 0.262745
v -0.154872572 -0.341693313 -5.181263105 0.482353 0.666667 0.407843
v -0.119973414 -0.320353649 -5.185514052 0.494118 0.686275 0.384314
v -0.426661672 -0.507842824 -5.194055396 0.494118 0.670588 0.396078
v -0.638633790 -0.643200126 -5.228144180 0.352941 0.556863 0.203922
v -0.675158195 -0.664979163 -5.226004935 0.309804 0.325490 0.235294
v -0.493827923 -0.549510727 -5.200378426 0.423529 0.603922 0.376471
v -0.410713715 -0.496709359 -5.189802098 0.431373 0.588235 0.372549
v -0.587981692 -0.608454700 -5.212154045 0.419608 0.607843 0.290196
v -0.649861640 -0.649151136 -5.228790307 0.376471 0.572549 0.192157
v -0.573828083 -0.598134952 -5.210342093 0.403922 0.603922 0.305882
v -0.217348292 -0.375032808 -5.177722009 0.439216 0.635294 0.254902
v -0.397863921 -0.486131327 -5.186008708 0.533333 0.694118 0.384314
v -0.012981251 -0.257590044 -5.214633589 0.615686 0.796078 0.572549
v -0.679743876 -0.662012087 -5.210074129 0.568627 0.741176 0.580392
v -0.100092909 -0.305866777 -5.192025757 0.572549 0.749020 0.478431
v -0.483508106 -0.540040874 -5.199573063 0.427451 0.615686 0.396078
v -0.455340404 -0.522384413 -5.197373679 0.458824 0.643137 0.376471
v -0.274663141 -0.408846365 -5.178997605 0.494118 0.690196 0.415686
v -0.344365724 -0.452145123 -5.184851182 0.462745 0.647059 0.403922
v -0.020907652 -0.260075617 -5.211574151 0.619608 0.776471 0.560784
v -0.667439136 -0.656060022 -5.229591456 0.529412 0.709804 0.427451
v -0.610976820 -0.619306113 -5.219261679 0.345098 0.541176 0.239216
v -0.176767329 -0.347397138 -5.180541087 0.501961 0.694118 0.454902
v -0.326124225 -0.438620894 -5.183420328 0.509804 0.698039 0.470588
v -0.247096527 -0.389545410 -5.178723573 0.450980 0.639216 0.443137
v -0.008429714 -0.251203204 -5.215049404 0.639216 0.819608 0.580392
v -0.630232533 -0.630773598 -5.225085178 0.349020 0.545098 0.215686
v -0.069910410 -0.285016917 -5.198621297 0.607843 0.780392 0.513725
v -0.195430244 -0.357375682 -5.178120091 0.521569 0.607843 0.349020
v -0.091761200 -0.297534481 -5.195147293 0.388235 0.564706 0.231373
v -0.673167039 -0.658124850 -5.232761122 0.341176 0.521569 0.160784
v -0.384447475 -0.473509622 -5.185492748 0.819608 0.662745 0.639216
v -0.295099173 -0.417569104 -5.178443756 0.478431 0.662745 0.384314
v -0.113543621 -0.308560615 -5.188085786 0.517647 0.709804 0.470588
v -0.579035857 -0.596563020 -5.214259236 0.470588 0.662745 0.301961
v -0.619319778 -0.622418963 -5.222292964 0.360784 0.560784 0.219608
v -0.125200022 -0.314605696 -5.185870143 0.443137 0.631373 0.325490
v -0.336549933 -0.442775998 -5.184370726 0.482353 0.670588 0.396078
v -0.209477428 -0.364157723 -5.177707534 0.396078 0.580392 0.274510
v -0.443215129 -0.508996291 -5.196545271 0.443137 0.631373 0.388235
v -0.598959135 -0.607370512 -5.215960923 0.396078 0.584314 0.274510
v -0.563556896 -0.584449615 -5.209646260 0.415686 0.607843 0.329412
v -0.063614788 -0.277253356 -5.200057772 0.607843 0.788235 0.505882
v -0.106553041 -0.301485939 -5.192842316 0.435294 0.552941 0.286275
v -0.361373922 -0.455448011 -5.188421691 0.415686 0.607843 0.309804
v -0.454179142 -0.513133785 -5.198911241 0.443137 0.627451 0.388235
v -0.430276025 -0.497460009 -5.194835709 0.411765 0.552941 0.380392
v -0.377781128 -0.464031167 -5.187228177 0.862745 0.709804 0.635294
v -0.086020221 -0.287653688 -5.196299115 0.529412 0.709804 0.415686
v -0.522915219 -0.554792725 -5.205168051 0.423529 0.607843 0.364706
v -0.627152203 -0.621876161 -5.225756675 0.317647 0.513725 0.184314
v -0.587994302 -0.595423868 -5.214651344 0.384314 0.584314 0.262745
v -0.138659364 -0.316248753 -5.183419152 0.505882 0.694118 0.388235
v -0.384653321 -0.466019307 -5.185555343 0.501961 0.533333 0.392157
v -0.032953854 -0.255839201 -5.205781616 0.600000 0.776471 0.572549
v -0.052769546 -0.267268024 -5.202943313 0.509804 0.698039 0.435294
v -0.149629133 -0.321942391 -5.182092422 0.517647 0.717647 0.411765
v -0.553559989 -0.572577328 -5.209474976 0.419608 0.584314 0.333333
v -0.471720715 -0.520590081 -5.199253041 0.450980 0.643137 0.415686
v -0.185462136 -0.342349090 -5.179788136 0.419608 0.607843 0.270588
v -0.218800597 -0.361605428 -5.178129162 0.403922 0.592157 0.266667
v -0.239145527 -0.374586868 -5.181470152 0.478431 0.682353 0.435294
v -0.648284098 -0.634065950 -5.239336807 0.376471 0.576471 0.176471
v -0.399748209 -0.472786400 -5.189539213 0.478431 0.658824 0.376471
v -0.562518069 -0.575074404 -5.211710873 0.450980 0.607843 0.337255
v -0.673347178 -0.648074963 -5.241328382 0.533333 0.701961 0.478431
v -0.367434814 -0.451985276 -5.190292010 0.470588 0.615686 0.372549
v -0.670264942 -0.647484036 -5.251183091 0.380392 0.568627 0.172549
v -0.533959569 -0.555723456 -5.207887815 0.462745 0.650980 0.356863
v -0.424979222 -0.486615388 -5.194033553 0.400000 0.580392 0.384314
v -0.177331973 -0.333292729 -5.181213810 0.549020 0.741176 0.411765
v -0.639545924 -0.624056127 -5.232124701 0.329412 0.537255 0.141176
v -0.664858793 -0.641474237 -5.242893899 0.564706 0.733333 0.462745
v -0.195496398 -0.343769367 -5.180163347 0.403922 0.592157 0.262745
v -0.648705083 -0.629498990 -5.233369207 0.564706 0.745098 0.458824
v 0.000570226 -0.228961740 -5.203283161 0.615686 0.690196 0.560784
v -0.046910169 -0.257507706 -5.201971922 0.600000 0.788235 0.549020
v -0.454678725 -0.504822561 -5.199084001 0.411765 0.596078 0.380392
v -0.349512377 -0.438666529 -5.188486793 0.423529 0.619608 0.360784
v -0.012102973 -0.236594466 -5.205445757 0.592157 0.784314 0.572549
v -0.580715566 -0.583955389 -5.214547577 0.427451 0.623529 0.290196
v -0.105412290 -0.290651423 -5.194198873 0.380392 0.556863 0.243137
v -0.120907600 -0.299111337 -5.189542833 0.533333 0.713725 0.470588
v -0.375521351 -0.453787903 -5.191084623 0.517647 0.662745 0.376471
v -0.489045828 -0.524612492 -5.201183050 0.427451 0.623529 0.384314
v -0.481100592 -0.519541083 -5.200756851 0.454902 0.639216 0.392157
v -0.254811432 -0.378187192 -5.181098660 0.509804 0.698039 0.494118
v -0.444835699 -0.496959692 -5.198132694 0.466667 0.619608 0.392157
v -0.465252096 -0.508827410 -5.199306979 0.447059 0.639216 0.400000
v -0.031465853 -0.244828904 -5.202030498 0.607843 0.788235 0.580392
v -0.081902125 -0.274065943 -5.196934789 0.576471 0.764706 0.509804
v -0.231461894 -0.361439265 -5.181954468 0.474510 0.670588 0.423529
v -0.336945974 -0.426239133 -5.186461572 0.474510 0.662745 0.403922
v -0.646192537 -0.623138662 -5.237326251 0.313725 0.509804 0.121569
v -0.659660097 -0.634147356 -5.252511721 0.282353 0.478431 0.098039
v -0.095935203 -0.280342338 -5.195600583 0.521569 0.709804 0.439216
v -0.562585938 -0.567194344 -5.212698614 0.400000 0.592157 0.345098
v -0.241780644 -0.366223204 -5.182768860 0.517647 0.705882 0.458824
v -0.638154505 -0.615047822 -5.228554526 0.482353 0.674510 0.494118
v -0.276670166 -0.386531673 -5.183285446 0.525490 0.619608 0.435294
v -0.671110957 -0.638848730 -5.249152516 0.552941 0.725490 0.584314
v -0.378330185 -0.448909745 -5.188265628 0.643137 0.592157 0.478431
v -0.302670268 -0.401670218 -5.182035644 0.498039 0.690196 0.443137
v -0.572943346 -0.571938928 -5.214739450 0.407843 0.568627 0.333333
v -0.218747135 -0.349682829 -5.179102519 0.384314 0.564706 0.266667
v -0.418881340 -0.473963618 -5.194837907 0.443137 0.631373 0.392157
v -0.051177983 -0.251155105 -5.199548447 0.592157 0.772549 0.545098
v -0.204844743 -0.340670472 -5.180380421 0.368627 0.541176 0.278431
v -0.191027872 -0.332100202 -5.180120090 0.392157 0.576471 0.266667
v -0.283995847 -0.389099366 -5.183504539 0.478431 0.658824 0.494118
v -0.021474909 -0.231909549 -5.198164764 0.603922 0.788235 0.560784
v -0.588481272 -0.579835479 -5.217012825 0.372549 0.560784 0.258824
v -0.119398596 -0.289684411 -5.191698415 0.509804 0.662745 0.415686
v -0.145362659 -0.303818628 -5.184504553 0.533333 0.725490 0.423529
v -0.173401256 -0.320043443 -5.181018869 0.411765 0.603922 0.254902
v -0.537757321 -0.546715023 -5.208157345 0.462745 0.662745 0.345098
v -0.403270004 -0.461976767 -5.192664680 0.450980 0.635294 0.392157
v -0.514589462 -0.531874372 -5.205636231 0.490196 0.670588 0.368627
v -0.432806950 -0.479829367 -5.195454018 0.529412 0.698039 0.384314
v -0.317327762 -0.407319364 -5.183982950 0.423529 0.607843 0.360784
v -0.081959116 -0.266196952 -5.196973574 0.552941 0.741176 0.482353
v -0.652856060 -0.622223277 -5.243911323 0.537255 0.717647 0.494118
v -0.620929376 -0.599978530 -5.229181225 0.301961 0.494118 0.172549
v -0.392253995 -0.453205181 -5.191258656 0.431373 0.611765 0.376471
v -0.608294889 -0.590744412 -5.224087071 0.313725 0.513725 0.219608
v -0.682084269 -0.640874475 -5.251997197 0.505882 0.588235 0.396078
v -0.479890222 -0.507727282 -5.199343626 0.450980 0.631373 0.360784
v -0.137038142 -0.296521014 -5.186523240 0.552941 0.745098 0.486275
v -0.256159538 -0.367990840 -5.181867470 0.529412 0.721569 0.458824
v -0.156970422 -0.307830201 -5.183740449 0.498039 0.686275 0.407843
v -0.333412962 -0.415710179 -5.187076010 0.478431 0.647059 0.392157
v -0.359706206 -0.432113438 -5.190114866 0.400000 0.549020 0.349020
v -0.527473582 -0.537217602 -5.206769020 0.454902 0.643137 0.364706
v -0.063711919 -0.253200520 -5.197673923 0.572549 0.756863 0.486275
v -0.660897714 -0.627178306 -5.257104556 0.286275 0.474510 0.082353
v -0.629793668 -0.603612021 -5.233242213 0.321569 0.517647 0.164706
v -0.668025581 -0.630971014 -5.256438250 0.262745 0.435294 0.082353
v -0.501338024 -0.519083764 -5.201641103 0.470588 0.650980 0.360784
v -0.370665450 -0.437295769 -5.190430739 0.690196 0.752941 0.525490
v -0.560216835 -0.554978324 -5.210190092 0.470588 0.666667 0.349020
v -0.491438336 -0.511278552 -5.201689230 0.439216 0.631373 0.356863
v -0.471291501 -0.497574540 -5.198754111 0.423529 0.588235 0.364706
v -0.016461756 -0.219734282 -5.191829115 0.643137 0.768627 0.560784
v -0.212151134 -0.336487793 -5.181283732 0.407843 0.572549 0.305882
v -0.289164898 -0.383410999 -5.182792096 0.482353 0.654902 0.447059
v -0.372201933 -0.433164877 -5.187243943 0.631373 0.584314 0.450980
v -0.350570775 -0.420423825 -5.190942584 0.454902 0.639216 0.376471
v -0.459541970 -0.487979223 -5.200196745 0.450980 0.639216 0.392157
v -0.598599277 -0.576482542 -5.221887461 0.462745 0.635294 0.294118
v -0.626604496 -0.595346338 -5.233273656 0.321569 0.525490 0.160784
v -0.421982432 -0.463572929 -5.197114744 0.466667 0.658824 0.396078
v -0.523995183 -0.527154077 -5.206921367 0.458824 0.647059 0.356863
v -0.391728230 -0.443838046 -5.191828430 0.466667 0.654902 0.388235
v -0.575689196 -0.560338589 -5.216143226 0.423529 0.611765 0.341176
v -0.201293317 -0.325994238 -5.182705204 0.580392 0.709804 0.388235
v -0.364121087 -0.425620332 -5.189293330 0.937255 0.729412 0.749020
v -0.639762426 -0.602493951 -5.237817669 0.243137 0.415686 0.137255
v -0.168866461 -0.305829584 -5.183905486 0.517647 0.713725 0.407843
v -0.116241752 -0.275657831 -5.193538319 0.443137 0.635294 0.352941
v -0.027672923 -0.220504430 -5.189743168 0.592157 0.772549 0.568627
v -0.415590852 -0.457469010 -5.196759140 0.450980 0.631373 0.392157
v -0.304876790 -0.386964529 -5.183073497 0.462745 0.647059 0.392157
v -0.616284179 -0.585355993 -5.230909516 0.333333 0.537255 0.207843
v -0.139271393 -0.286995126 -5.188897933 0.498039 0.619608 0.349020
v -0.549335521 -0.539309822 -5.205283691 0.388235 0.580392 0.278431
v -0.107933220 -0.268864952 -5.194380755 0.521569 0.713725 0.407843
v -0.518067862 -0.520057753 -5.204720570 0.474510 0.654902 0.356863
v -0.586461699 -0.564148938 -5.218559154 0.439216 0.639216 0.341176
v -0.680892550 -0.622847523 -5.228951074 0.623529 0.803922 0.690196
v -0.181415613 -0.310464534 -5.183992677 0.498039 0.694118 0.443137
v -0.241924111 -0.346810220 -5.182596956 0.549020 0.737255 0.462745
v -0.661153291 -0.612885657 -5.249933514 0.611765 0.768627 0.529412
v -0.232293338 -0.338220516 -5.180612031 0.392157 0.552941 0.258824
v -0.086617426 -0.251646145 -5.194612323 0.580392 0.768627 0.470588
v -0.074100922 -0.243853974 -5.194247894 0.537255 0.721569 0.521569
v -0.333931181 -0.400612008 -5.188141538 0.603922 0.611765 0.435294
v -0.661577296 -0.613468797 -5.259686454 0.270588 0.423529 0.133333
v -0.561767403 -0.542492956 -5.209765822 0.435294 0.643137 0.329412
v -0.478853298 -0.487432404 -5.189892284 0.368627 0.541176 0.333333
v -0.318978555 -0.389005031 -5.184802116 0.439216 0.623529 0.396078
v -0.371630261 -0.421240455 -5.187160152 0.376471 0.513725 0.321569
v -0.562623001 -0.541128756 -5.206890858 0.360784 0.556863 0.294118
v -0.670253943 -0.614698371 -5.250477457 0.572549 0.752941 0.607843
v -0.391267019 -0.433362208 -5.192363541 0.435294 0.623529 0.388235
v -0.310100675 -0.381228491 -5.181610937 0.352941 0.525490 0.286275
v -0.154790721 -0.287619600 -5.187162663 0.501961 0.698039 0.364706
v -0.673050632 -0.612463984 -5.239106680 0.603922 0.780392 0.666667
v -0.463155104 -0.477076649 -5.201507376 0.423529 0.623529 0.356863
v -0.359105056 -0.411885994 -5.191835036 0.788235 0.803922 0.596078
v -0.600544911 -0.564645318 -5.223049746 0.411765 0.607843 0.325490
v -0.416716508 -0.448010887 -5.198134311 0.439216 0.627451 0.403922
v -0.512185213 -0.504611403 -5.192453702 0.427451 0.580392 0.400000
v -0.570935962 -0.543751129 -5.210696949 0.478431 0.662745 0.294118
v -0.511339017 -0.505426749 -5.200493500 0.458824 0.631373 0.360784
v -0.399113745 -0.435929855 -5.194665256 0.533333 0.701961 0.380392
v -0.060581575 -0.229252976 -5.191478606 0.549020 0.741176 0.501961
v -0.608313231 -0.568854747 -5.226534871 0.400000 0.596078 0.305882
v -0.267391428 -0.353108757 -5.182487870 0.478431 0.666667 0.372549
v -0.251774671 -0.342688422 -5.181922509 0.521569 0.705882 0.450980
v -0.132414405 -0.271981640 -5.191716954 0.552941 0.694118 0.447059
v -0.259533907 -0.346907095 -5.182360499 0.517647 0.713725 0.400000
v -0.204465371 -0.312927359 -5.182307074 0.482353 0.670588 0.411765
v -0.434564009 -0.454634885 -5.196928579 0.403922 0.596078 0.360784
v -0.290341842 -0.364004669 -5.183203844 0.525490 0.694118 0.384314
v -0.174035046 -0.293370673 -5.185792521 0.521569 0.717647 0.458824
v -0.458522127 -0.469211695 -5.201058732 0.427451 0.619608 0.352941
v -0.040285878 -0.211534439 -5.183555041 0.564706 0.631373 0.454902
v -0.305878217 -0.372944797 -5.184449338 0.462745 0.639216 0.392157
v -0.275228470 -0.353603258 -5.182267522 0.458824 0.647059 0.341176
v -0.298147504 -0.367656101 -5.184291009 0.521569 0.627451 0.431373
v -0.343836235 -0.396434761 -5.190651009 0.556863 0.611765 0.447059
v -0.287310233 -0.359753782 -5.180573940 0.388235 0.568627 0.376471
v -0.051232939 -0.217251184 -5.186585453 0.537255 0.733333 0.486275
v -0.529916932 -0.512376928 -5.208406013 0.458824 0.635294 0.368627
v -0.645820209 -0.590190524 -5.246725601 0.333333 0.533333 0.219608
v -0.475519743 -0.477723206 -5.200311469 0.423529 0.607843 0.368627
v -0.619973252 -0.571251147 -5.233140608 0.345098 0.549020 0.294118
v -0.119410000 -0.258949807 -5.192642924 0.501961 0.694118 0.431373
v -0.193972217 -0.302071884 -5.182968353 0.529412 0.721569 0.454902
v -0.067842934 -0.226678120 -5.189637943 0.564706 0.760784 0.501961
v -0.088595895 -0.239254511 -5.190810788 0.600000 0.768627 0.509804
v -0.481240580 -0.478781639 -5.196969382 0.356863 0.545098 0.274510
v -0.566845642 -0.533250995 -5.213988765 0.450980 0.639216 0.337255
v -0.422920623 -0.442848559 -5.199034089 0.400000 0.592157 0.372549
v -0.359690619 -0.402968298 -5.192329752 0.631373 0.713725 0.466667
v -0.686884630 -0.610045268 -5.235137325 0.498039 0.501961 0.501961
v -0.494772209 -0.485056426 -5.192829359 0.364706 0.541176 0.317647
v -0.166242553 -0.283978841 -5.187197929 0.482353 0.658824 0.380392
v -0.431457259 -0.447326314 -5.198336154 0.419608 0.615686 0.352941
v -0.252593333 -0.335103661 -5.180679759 0.415686 0.607843 0.258824
v -0.671222219 -0.604860102 -5.263113647 0.282353 0.364706 0.227451
v -0.456189289 -0.461142044 -5.196116517 0.345098 0.521569 0.294118
v -0.520179984 -0.499747550 -5.195828074 0.392157 0.552941 0.345098
v -0.494378621 -0.484900364 -5.201446838 0.431373 0.623529 0.352941
v -0.237696436 -0.325001977 -5.181556802 0.423529 0.521569 0.290196
v -0.541106817 -0.515252730 -5.212229134 0.427451 0.615686 0.356863
v -0.606306899 -0.557320735 -5.225366173 0.470588 0.662745 0.325490
v -0.339007455 -0.387206029 -5.190288645 0.533333 0.654902 0.439216
v -0.201854486 -0.301999363 -5.182365322 0.533333 0.725490 0.403922
v -0.115781609 -0.250600906 -5.191981390 0.466667 0.635294 0.356863
v -0.260110719 -0.335923429 -5.179519103 0.380392 0.549020 0.305882
v -0.281074391 -0.348805410 -5.180992068 0.396078 0.564706 0.345098
v -0.554769141 -0.521375242 -5.213789663 0.427451 0.619608 0.368627
v -0.263358636 -0.337872211 -5.182401767 0.486275 0.670588 0.360784
v -0.517614953 -0.495523611 -5.200741741 0.392157 0.588235 0.266667
v -0.522638670 -0.499336840 -5.205461391 0.494118 0.674510 0.372549
v -0.187084324 -0.290736863 -5.185015329 0.541176 0.729412 0.454902
v -0.593787391 -0.544845637 -5.222431614 0.435294 0.627451 0.325490
v -0.061116110 -0.213617203 -5.184594080 0.505882 0.701961 0.458824
v -0.618694603 -0.561077966 -5.230465408 0.423529 0.619608 0.309804
v -0.580619657 -0.536136856 -5.221373245 0.494118 0.690196 0.329412
v -0.212549090 -0.304327997 -5.181282839 0.384314 0.568627 0.262745
v -0.076185344 -0.222501527 -5.187466857 0.588235 0.780392 0.505882
v -0.209869734 -0.301809819 -5.178517745 0.501961 0.694118 0.278431
v -0.320468718 -0.370852129 -5.188013944 0.474510 0.650980 0.388235
v -0.093924646 -0.232881623 -5.189259626 0.596078 0.772549 0.501961
v -0.531059106 -0.502380996 -5.209121420 0.466667 0.658824 0.388235
v -0.364410657 -0.397214807 -5.191243057 0.462745 0.494118 0.349020
v -0.513654563 -0.490619265 -5.205537178 0.450980 0.643137 0.396078
v -0.054134913 -0.206021107 -5.179612065 0.525490 0.600000 0.419608
v -0.086599037 -0.227189857 -5.187998917 0.549020 0.741176 0.501961
v -0.474634852 -0.466116483 -5.204431432 0.439216 0.631373 0.360784
v -0.503401989 -0.483162989 -5.209370852 0.482353 0.654902 0.352941
v -0.146471632 -0.262611462 -5.191219422 0.552941 0.694118 0.478431
v -0.465465398 -0.458098365 -5.201147181 0.439216 0.627451 0.337255
v -0.488298786 -0.473281375 -5.208068803 0.431373 0.607843 0.352941
v -0.653175266 -0.581794344 -5.251390606 0.352941 0.541176 0.243137
v -0.274716964 -0.338491597 -5.184270194 0.466667 0.647059 0.352941
v -0.356587190 -0.389416492 -5.190827541 0.796078 0.631373 0.576471
v -0.393972894 -0.412428528 -5.197221094 0.439216 0.611765 0.368627
v -0.164724614 -0.271437006 -5.188908117 0.505882 0.654902 0.403922
v -0.446282956 -0.443441466 -5.193383020 0.345098 0.529412 0.294118
v -0.225483838 -0.307006566 -5.183827945 0.517647 0.709804 0.380392
v -0.586920160 -0.534009575 -5.222213310 0.403922 0.596078 0.321569
v -0.638512512 -0.568338532 -5.240626343 0.368627 0.556863 0.270588
v -0.236788864 -0.312898333 -5.182223677 0.392157 0.588235 0.356863
v -0.461186727 -0.451435887 -5.198221674 0.396078 0.592157 0.333333
v -0.172566894 -0.274008178 -5.188122453 0.541176 0.733333 0.470588
v -0.293962860 -0.347366072 -5.186010759 0.494118 0.686275 0.450980
v -0.183376527 -0.279863745 -5.186579214 0.545098 0.737255 0.462745
v -0.306359171 -0.354759545 -5.187913170 0.466667 0.643137 0.415686
v -0.417722281 -0.424092732 -5.199473377 0.447059 0.639216 0.380392
v -0.102783711 -0.230271452 -5.188166305 0.572549 0.768627 0.525490
v -0.578641361 -0.525623440 -5.221242164 0.470588 0.662745 0.333333
v -0.407810675 -0.417340647 -5.199622341 0.482353 0.658824 0.384314
v -0.507792119 -0.479829195 -5.210033584 0.431373 0.627451 0.392157
v -0.352686349 -0.382368554 -5.193558125 0.396078 0.509804 0.333333
v -0.622975823 -0.553670724 -5.231572505 0.396078 0.596078 0.298039
v -0.316703553 -0.358997402 -5.188510685 0.494118 0.596078 0.384314
v -0.325606345 -0.364673719 -5.190163926 0.435294 0.607843 0.352941
v -0.268232767 -0.327795922 -5.181053252 0.356863 0.545098 0.286275
v -0.472916356 -0.454839013 -5.195826193 0.368627 0.545098 0.325490
v -0.542764904 -0.500052957 -5.211936124 0.486275 0.674510 0.368627
v -0.650549877 -0.572442107 -5.247926577 0.376471 0.576471 0.262745
v -0.246564493 -0.314050638 -5.182982933 0.380392 0.564706 0.294118
v -0.338636868 -0.371431994 -5.191107424 0.792157 0.760784 0.639216
v -0.347554015 -0.375531703 -5.191597200 0.850980 0.823529 0.643137
v -0.116780627 -0.234500625 -5.188171611 0.501961 0.698039 0.439216
v -0.286045180 -0.337059623 -5.186913401 0.525490 0.705882 0.431373
v -0.200739575 -0.284369572 -5.184031707 0.509804 0.705882 0.376471
v -0.373548854 -0.391196604 -5.193516934 0.454902 0.631373 0.396078
v -0.089111588 -0.216346893 -5.184077228 0.572549 0.764706 0.505882
v -0.278777993 -0.331829411 -5.185678380 0.486275 0.674510 0.376471
v -0.448751937 -0.434725837 -5.188789986 0.356863 0.537255 0.321569
v -0.400634929 -0.406810388 -5.198655611 0.525490 0.603922 0.411765
v -0.150663065 -0.253212583 -5.190483223 0.498039 0.678431 0.450980
v -0.435651238 -0.427501718 -5.196302575 0.435294 0.623529 0.352941
v -0.566455671 -0.510214810 -5.218329400 0.458824 0.662745 0.364706
v -0.463285596 -0.441543009 -5.188668553 0.341176 0.525490 0.282353
v -0.498604694 -0.466621363 -5.208983391 0.411765 0.600000 0.364706
v -0.475269442 -0.450890756 -5.202707020 0.490196 0.686275 0.337255
v -0.366707669 -0.382937039 -5.193077254 0.450980 0.635294 0.400000
v -0.145001778 -0.247416699 -5.190439750 0.533333 0.709804 0.505882
v -0.579978258 -0.518033368 -5.223433970 0.474510 0.666667 0.337255
v -0.306756537 -0.344991349 -5.187917267 0.466667 0.654902 0.427451
v -0.441268424 -0.427622603 -5.192788040 0.352941 0.537255 0.309804
v -0.413089080 -0.412062007 -5.201109633 0.450980 0.627451 0.372549
v -0.590930081 -0.524274392 -5.224574927 0.411765 0.600000 0.321569
v -0.388086151 -0.395405057 -5.195961261 0.443137 0.611765 0.384314
v -0.395884207 -0.400105229 -5.197111783 0.529412 0.576471 0.384314
v -0.561442559 -0.504288502 -5.217201407 0.427451 0.623529 0.368627
v -0.235725011 -0.299893443 -5.185819735 0.462745 0.654902 0.364706
v -0.085021689 -0.207417475 -5.181879784 0.533333 0.717647 0.474510
v -0.133451027 -0.238139113 -5.188637465 0.572549 0.752941 0.486275
v -0.577960901 -0.514330716 -5.220516851 0.458824 0.650980 0.337255
v -0.616240307 -0.539054634 -5.228676727 0.407843 0.607843 0.313725
v -0.675485056 -0.582396979 -5.268741742 0.360784 0.509804 0.274510
v -0.423834012 -0.415891266 -5.199871531 0.454902 0.631373 0.345098
v -0.659856038 -0.569386119 -5.252658116 0.380392 0.576471 0.278431
v -0.628683210 -0.546401698 -5.232788914 0.380392 0.576471 0.309804
v -0.292988932 -0.333237823 -5.189088250 0.549020 0.729412 0.447059
v -0.352377021 -0.369152437 -5.189119269 0.494118 0.572549 0.360784
v -0.609378826 -0.532379738 -5.225815230 0.411765 0.611765 0.309804
v -0.434848408 -0.419474764 -5.191874355 0.364706 0.541176 0.352941
v -0.274503071 -0.319442244 -5.183475988 0.407843 0.588235 0.301961
v -0.525634947 -0.477605948 -5.212512388 0.435294 0.631373 0.364706
v -0.554200450 -0.494345770 -5.215234185 0.443137 0.635294 0.360784
v -0.167796802 -0.254304727 -5.189346508 0.647059 0.662745 0.490196
v -0.077812733 -0.196918991 -5.178061591 0.556863 0.686275 0.490196
v -0.488340489 -0.450837796 -5.203828636 0.384314 0.584314 0.333333
v -0.205758933 -0.274666507 -5.185619384 0.494118 0.686275 0.372549
v -0.116814342 -0.220406319 -5.185282346 0.572549 0.760784 0.494118
v -0.647439957 -0.553680763 -5.241549986 0.396078 0.596078 0.290196
v -0.124045227 -0.224633489 -5.185790992 0.568627 0.764706 0.533333
v -0.457315912 -0.427719792 -5.188909198 0.368627 0.545098 0.325490
v -0.520624397 -0.471166194 -5.214737482 0.439216 0.627451 0.368627
v -0.684689629 -0.580477235 -5.266287996 0.450980 0.568627 0.376471
v -0.616675557 -0.531330890 -5.228882281 0.423529 0.623529 0.301961
v -0.359997925 -0.367254743 -5.190492875 0.498039 0.666667 0.396078
v -0.350291984 -0.360822510 -5.189136506 0.450980 0.552941 0.345098
v -0.413973838 -0.401805990 -5.201390628 0.478431 0.537255 0.356863
v -0.639506518 -0.545473351 -5.236336972 0.341176 0.533333 0.274510
v -0.680198245 -0.575601330 -5.264875147 0.396078 0.572549 0.317647
v -0.580797200 -0.506282323 -5.219063858 0.384314 0.576471 0.329412
v -0.343112488 -0.356534922 -5.192645194 0.662745 0.725490 0.494118
v -0.542782644 -0.482329906 -5.216473020 0.435294 0.631373 0.345098
v -0.338417644 -0.352908065 -5.190879334 0.996078 0.709804 0.819608
v -0.099122601 -0.205291826 -5.181525151 0.556863 0.745098 0.498039
v -0.378777821 -0.378155252 -5.196455070 0.435294 0.623529 0.388235
v -0.494898235 -0.448998188 -5.198533022 0.356863 0.529412 0.321569
v -0.477242455 -0.436440961 -5.191625255 0.403922 0.576471 0.384314
v -0.218405870 -0.277638957 -5.184880200 0.490196 0.678431 0.345098
v -0.424340058 -0.406012483 -5.201561067 0.549020 0.580392 0.403922
v -0.442781578 -0.414663451 -5.191360651 0.341176 0.509804 0.309804
v -0.157913448 -0.240754896 -5.188735437 0.568627 0.741176 0.458824
v -0.401045569 -0.389737685 -5.199068395 0.423529 0.607843 0.368627
v -0.292700972 -0.320512836 -5.188921743 0.525490 0.721569 0.494118
v -0.588375870 -0.505989604 -5.220274810 0.396078 0.592157 0.321569
v -0.409430068 -0.393329247 -5.200698725 0.423529 0.607843 0.376471
v -0.307196448 -0.328409843 -5.188594921 0.466667 0.643137 0.372549
v -0.338831388 -0.347801060 -5.193627547 0.764706 0.784314 0.572549
v -0.132433089 -0.220409628 -5.185309864 0.576471 0.760784 0.458824
v -0.277011203 -0.308083795 -5.184808155 0.419608 0.584314 0.278431
v -0.455607118 -0.417975162 -5.192234256 0.419608 0.611765 0.298039
v -0.669312367 -0.558886328 -5.252474053 0.427451 0.619608 0.305882
v -0.689005655 -0.573042703 -5.264731436 0.462745 0.588235 0.388235
v -0.212573970 -0.268371680 -5.187321319 0.478431 0.666667 0.345098
v -0.391234387 -0.378718413 -5.197847649 0.419608 0.611765 0.380392
v -0.641730319 -0.538040078 -5.236708615 0.360784 0.556863 0.278431
v -0.423921061 -0.399148833 -5.203022295 0.423529 0.580392 0.376471
v -0.322091890 -0.334858883 -5.190621356 0.482353 0.635294 0.388235
v -0.540194625 -0.471899644 -5.216858798 0.400000 0.592157 0.337255
v -0.680184103 -0.564159720 -5.257183809 0.388235 0.580392 0.360784
v -0.335318246 -0.341947014 -5.192745708 0.992157 0.729412 0.831373
v -0.473349670 -0.425747951 -5.192437521 0.372549 0.541176 0.337255
v -0.188631859 -0.251175582 -5.188262725 0.537255 0.596078 0.364706
v -0.238368139 -0.281115756 -5.186763514 0.372549 0.560784 0.266667
v -0.495511811 -0.440049970 -5.201906257 0.321569 0.490196 0.286275
v -0.573177478 -0.490465688 -5.219007406 0.447059 0.635294 0.329412
v -0.665731973 -0.552051588 -5.248802405 0.392157 0.576471 0.337255
v -0.250146186 -0.287558074 -5.188213055 0.525490 0.713725 0.470588
v -0.286359481 -0.309661807 -5.190503027 0.490196 0.682353 0.498039
v -0.453623234 -0.412649037 -5.200292461 0.576471 0.698039 0.407843
v -0.598430984 -0.504263662 -5.220994582 0.435294 0.627451 0.301961
v -0.157842071 -0.229892525 -5.187257370 0.529412 0.721569 0.423529
v -0.656353623 -0.542684032 -5.242599671 0.372549 0.568627 0.301961
v -0.513720290 -0.450464529 -5.214076357 0.411765 0.600000 0.352941
v -0.267267411 -0.295432950 -5.187182209 0.560784 0.647059 0.486275
v -0.121421970 -0.205386083 -5.182308927 0.509804 0.701961 0.466667
v -0.613555380 -0.513101999 -5.229891931 0.356863 0.549020 0.278431
v -0.407292040 -0.382450258 -5.202734797 0.490196 0.670588 0.364706
v -0.604412233 -0.505586239 -5.221410938 0.364706 0.549020 0.305882
v -0.502270492 -0.441076074 -5.209615567 0.415686 0.611765 0.341176
v -0.629114977 -0.522538498 -5.234064940 0.356863 0.556863 0.274510
v -0.383201588 -0.364874962 -5.196357045 0.509804 0.698039 0.368627
v -0.524912569 -0.454898878 -5.217348755 0.423529 0.615686 0.349020
v -0.098587004 -0.188123697 -5.178012123 0.501961 0.690196 0.407843
v -0.688089182 -0.560938990 -5.256387780 0.439216 0.623529 0.407843
v -0.487557678 -0.429754202 -5.208647884 0.423529 0.615686 0.337255
v -0.339274223 -0.336422579 -5.195322458 0.529412 0.631373 0.447059
v -0.469772852 -0.415792698 -5.196781458 0.400000 0.556863 0.329412
v -0.381909892 -0.360972183 -5.191422080 0.411765 0.615686 0.290196
v -0.106319112 -0.190807974 -5.179200652 0.545098 0.737255 0.419608
v -0.332896299 -0.331346766 -5.193809315 0.858824 0.843137 0.654902
v -0.396608074 -0.370737800 -5.199040270 0.490196 0.682353 0.360784
v -0.233692586 -0.269638981 -5.188515811 0.509804 0.698039 0.407843
v -0.596300984 -0.493923901 -5.209613720 0.411765 0.580392 0.400000
v -0.227339516 -0.265058877 -5.188355368 0.462745 0.654902 0.384314
v -0.255870179 -0.281834151 -5.188246961 0.541176 0.725490 0.478431
v -0.610283709 -0.504911119 -5.228295109 0.431373 0.635294 0.286275
v -0.516798419 -0.445295061 -5.215784173 0.466667 0.643137 0.325490
v -0.181911747 -0.236023819 -5.187840609 0.509804 0.686275 0.415686
v -0.358900511 -0.344398129 -5.194086742 0.458824 0.647059 0.388235
v -0.570845721 -0.478220810 -5.222674197 0.384314 0.588235 0.286275
v -0.472126131 -0.414458406 -5.205474412 0.525490 0.576471 0.423529
v -0.455104658 -0.401823440 -5.196485687 0.333333 0.498039 0.274510
v -0.433482669 -0.390103915 -5.204030442 0.435294 0.619608 0.372549
v -0.413261679 -0.378038378 -5.206419224 0.505882 0.682353 0.356863
v -0.378049170 -0.354404421 -5.194854211 0.509804 0.678431 0.364706
v -0.607086111 -0.499256991 -5.224222378 0.466667 0.662745 0.298039
v -0.542548526 -0.458614133 -5.218453951 0.470588 0.647059 0.329412
v -0.646379299 -0.525060766 -5.236509312 0.423529 0.592157 0.364706
v -0.131915953 -0.201660715 -5.183723636 0.521569 0.713725 0.435294
v -0.466647750 -0.408486550 -5.205166631 0.517647 0.568627 0.392157
v -0.669175699 -0.537675395 -5.242694436 0.486275 0.666667 0.407843
v -0.240620191 -0.265841737 -5.186895123 0.407843 0.592157 0.282353
v -0.195449197 -0.238628396 -5.188373729 0.525490 0.611765 0.384314
v -0.147000922 -0.208447027 -5.184900279 0.482353 0.678431 0.423529
v -0.625067026 -0.507837377 -5.233586101 0.388235 0.584314 0.294118
v -0.468655238 -0.406497656 -5.201074702 0.333333 0.482353 0.278431
v -0.685433017 -0.547453070 -5.249018158 0.501961 0.686275 0.431373
v -0.168428767 -0.220864816 -5.186845613 0.494118 0.682353 0.400000
v -0.394064165 -0.358708799 -5.191484134 0.376471 0.545098 0.333333
v -0.489019231 -0.421012555 -5.215468092 0.556863 0.615686 0.423529
v -0.611271893 -0.496642005 -5.222735304 0.360784 0.556863 0.301961
v -0.268322713 -0.281358397 -5.188623195 0.478431 0.658824 0.415686
v -0.334004974 -0.321905921 -5.194286162 0.662745 0.729412 0.580392
v -0.534894613 -0.448560289 -5.218686796 0.400000 0.592157 0.325490
v -0.290210701 -0.294360111 -5.190562455 0.517647 0.698039 0.450980
v -0.503025557 -0.428338884 -5.214916629 0.482353 0.674510 0.329412
v -0.638602677 -0.514610784 -5.236218434 0.431373 0.603922 0.352941
v -0.157392562 -0.212115796 -5.185618928 0.533333 0.729412 0.392157
v -0.456956443 -0.397344299 -5.202930596 0.443137 0.623529 0.403922
v -0.661977073 -0.528730418 -5.239318300 0.466667 0.654902 0.447059
v -0.254984618 -0.271260967 -5.188486292 0.549020 0.737255 0.482353
v -0.632882769 -0.509394550 -5.236149965 0.400000 0.568627 0.337255
v -0.425029949 -0.376688771 -5.204019339 0.439216 0.627451 0.360784
v -0.313671975 -0.306308341 -5.191885226 0.454902 0.611765 0.341176
v -0.328036168 -0.314860953 -5.191637679 0.941176 0.654902 0.682353
v -0.124629182 -0.189158411 -5.181604854 0.505882 0.694118 0.435294
v -0.444027068 -0.386838102 -5.201652260 0.423529 0.611765 0.368627
v -0.486589485 -0.415117387 -5.214235996 0.447059 0.529412 0.352941
v -0.693199323 -0.546977549 -5.249396333 0.490196 0.678431 0.435294
v -0.116387821 -0.182819199 -5.179804393 0.541176 0.729412 0.427451
v -0.132367059 -0.192878817 -5.182223562 0.529412 0.701961 0.423529
v -0.407771473 -0.363216411 -5.199199195 0.466667 0.650980 0.372549
v -0.571857072 -0.467837997 -5.225537524 0.380392 0.572549 0.270588
v -0.547704804 -0.451366602 -5.220202817 0.372549 0.568627 0.290196
v -0.514609204 -0.428245553 -5.205945336 0.517647 0.611765 0.454902
v -0.607421317 -0.487469046 -5.222670426 0.501961 0.650980 0.325490
v -0.282302624 -0.283002892 -5.188259852 0.552941 0.627451 0.427451
v -0.580984009 -0.471724236 -5.225814222 0.411765 0.600000 0.317647
v -0.523414903 -0.431938685 -5.206866566 0.490196 0.603922 0.447059
v -0.211685481 -0.239054475 -5.189667428 0.498039 0.670588 0.431373
v -0.684936274 -0.537013388 -5.245166922 0.478431 0.662745 0.423529
v -0.399454113 -0.352795657 -5.190465625 0.431373 0.603922 0.309804
v -0.441123356 -0.379342217 -5.197140499 0.349020 0.525490 0.309804
v -0.143877722 -0.195427212 -5.183331504 0.462745 0.650980 0.439216
v -0.506961099 -0.421813530 -5.213463899 0.482353 0.545098 0.364706
v -0.271505396 -0.273488702 -5.188135124 0.447059 0.639216 0.407843
v -0.150658333 -0.199060398 -5.184274265 0.525490 0.717647 0.403922
v -0.186583091 -0.220416749 -5.186411076 0.376471 0.572549 0.270588
v -0.459346268 -0.387686503 -5.196887929 0.341176 0.525490 0.274510
v -0.658890488 -0.516715346 -5.237959722 0.494118 0.682353 0.458824
v -0.258836736 -0.263248358 -5.186455125 0.482353 0.662745 0.239216
v -0.523791612 -0.429454077 -5.213608525 0.568627 0.650980 0.380392
v -0.180841247 -0.215223837 -5.185486218 0.396078 0.588235 0.278431
v -0.368463388 -0.331186920 -5.195604149 0.466667 0.654902 0.364706
v -0.530341434 -0.433313975 -5.215229198 0.541176 0.592157 0.400000
v -0.564227327 -0.455155561 -5.224003886 0.380392 0.564706 0.305882
v -0.449098239 -0.379705601 -5.195995148 0.337255 0.517647 0.262745
v -0.555521251 -0.448766203 -5.218837034 0.564706 0.666667 0.372549
v -0.392862448 -0.342720193 -5.190518696 0.364706 0.537255 0.313725
v -0.307942614 -0.291207726 -5.193979739 0.415686 0.588235 0.372549
v -0.439260470 -0.370795384 -5.195519367 0.341176 0.517647 0.274510
v -0.412124157 -0.353670720 -5.193409768 0.376471 0.568627 0.274510
v -0.382069255 -0.335294023 -5.193197675 0.352941 0.529412 0.305882
v -0.471179414 -0.392500595 -5.209596509 0.396078 0.592157 0.356863
v -0.702112942 -0.539625865 -5.247321413 0.454902 0.643137 0.431373
v -0.138741973 -0.184418694 -5.182199176 0.498039 0.698039 0.447059
v -0.365865547 -0.324420796 -5.193711339 0.349020 0.517647 0.286275
v -0.252531001 -0.253933087 -5.186414166 0.376471 0.564706 0.333333
v -0.294351112 -0.279805150 -5.191299973 0.560784 0.639216 0.447059
v -0.504768010 -0.412031551 -5.216478381 0.407843 0.596078 0.345098
v -0.199993249 -0.221068853 -5.187501243 0.388235 0.572549 0.325490
v -0.718827107 -0.547905803 -5.248970501 0.388235 0.403922 0.384314
v -0.610320052 -0.477795138 -5.230590600 0.415686 0.580392 0.325490
v -0.240684038 -0.244426768 -5.187396892 0.372549 0.572549 0.313725
v -0.322973955 -0.295444608 -5.194049144 0.890196 0.835294 0.690196
v -0.289077074 -0.273624363 -5.189784193 0.494118 0.627451 0.427451
v -0.215703073 -0.228790488 -5.189361144 0.384314 0.541176 0.290196
v -0.425900453 -0.358627116 -5.205219643 0.431373 0.619608 0.356863
v -0.680207829 -0.519872577 -5.240319054 0.505882 0.698039 0.407843
v -0.490176897 -0.399543841 -5.215522950 0.443137 0.623529 0.345098
v -0.151175875 -0.186566917 -5.183262522 0.525490 0.690196 0.431373
v -0.618768880 -0.480288386 -5.232960936 0.498039 0.611765 0.372549
v -0.630185903 -0.487098046 -5.234852728 0.431373 0.576471 0.376471
v -0.531265057 -0.423019430 -5.214668820 0.384314 0.568627 0.356863
v -0.667677358 -0.510011618 -5.237989798 0.447059 0.639216 0.403922
v -0.577597990 -0.452722852 -5.225949223 0.396078 0.545098 0.325490
v -0.277187964 -0.262599931 -5.187999534 0.431373 0.623529 0.380392
v -0.461280727 -0.377395238 -5.204716322 0.435294 0.615686 0.352941
v -0.396556874 -0.335900900 -5.193745490 0.356863 0.537255 0.298039
v -0.469707813 -0.381490879 -5.199934771 0.337255 0.517647 0.274510
v -0.543217122 -0.429293803 -5.218524796 0.423529 0.596078 0.352941
v -0.187516098 -0.205425638 -5.184199837 0.423529 0.619608 0.266667
v -0.362797369 -0.313939852 -5.197162715 0.427451 0.611765 0.368627
v -0.385851809 -0.327343055 -5.195158801 0.345098 0.517647 0.282353
v -0.546935789 -0.428204256 -5.210808940 0.384314 0.545098 0.349020
v -0.129233972 -0.167892064 -5.178134453 0.333333 0.376471 0.282353
v -0.594740782 -0.460055784 -5.230463894 0.403922 0.576471 0.341176
v -0.268359094 -0.253202378 -5.187795367 0.509804 0.698039 0.419608
v -0.352198484 -0.305274981 -5.196644072 0.466667 0.647059 0.384314
v -0.334366099 -0.293427602 -5.195117903 0.427451 0.596078 0.364706
v -0.452727535 -0.365661582 -5.197691028 0.396078 0.588235 0.309804
v -0.258537979 -0.245837214 -5.188740672 0.552941 0.741176 0.466667
v -0.696402323 -0.522424180 -5.244049353 0.462745 0.654902 0.392157
v -0.206439449 -0.213578191 -5.188435681 0.490196 0.678431 0.435294
v -0.721726759 -0.537199106 -5.245149219 0.596078 0.682353 0.482353
v -0.468491362 -0.375392995 -5.204866844 0.423529 0.619608 0.341176
v -0.218785545 -0.220500744 -5.189712518 0.517647 0.654902 0.411765
v -0.420480971 -0.344272471 -5.197365810 0.384314 0.556863 0.321569
v -0.383774198 -0.322122446 -5.199044358 0.482353 0.670588 0.356863
v -0.572414245 -0.441764190 -5.225752459 0.407843 0.588235 0.349020
v -0.706847866 -0.527078083 -5.244823457 0.494118 0.690196 0.435294
v -0.438538888 -0.356401216 -5.205593386 0.509804 0.682353 0.337255
v -0.636433544 -0.482412429 -5.237468223 0.415686 0.596078 0.341176
v -0.495461403 -0.392696992 -5.216957614 0.396078 0.588235 0.341176
v -0.313211431 -0.277606841 -5.195028150 0.882353 0.866667 0.674510
v -0.252838420 -0.239560273 -5.189541021 0.560784 0.749020 0.478431
v -0.713948513 -0.530396777 -5.244352080 0.525490 0.705882 0.458824
v -0.393844815 -0.326107728 -5.198591955 0.470588 0.658824 0.352941
v -0.236510896 -0.228812036 -5.190061329 0.419608 0.552941 0.301961
v -0.646942052 -0.487525281 -5.239281036 0.450980 0.635294 0.419608
v -0.285487608 -0.257945856 -5.189835313 0.482353 0.658824 0.384314
v -0.416126549 -0.339237912 -5.201078481 0.474510 0.666667 0.349020
v -0.157605786 -0.178058957 -5.181965639 0.494118 0.670588 0.290196
v -0.667757050 -0.498995528 -5.238878509 0.431373 0.631373 0.368627
v -0.331454960 -0.285919987 -5.195392372 0.396078 0.568627 0.329412
v -0.487082590 -0.383361484 -5.210863409 0.400000 0.592157 0.345098
v -0.163297340 -0.181211917 -5.185165174 0.509804 0.674510 0.411765
v -0.683337332 -0.507889978 -5.240272493 0.411765 0.611765 0.368627
v -0.308861744 -0.270503752 -5.192936368 0.898039 0.752941 0.717647
v -0.470120243 -0.370145354 -5.201374400 0.349020 0.537255 0.270588
v -0.594806887 -0.451135518 -5.229904562 0.454902 0.650980 0.376471
v -0.459761226 -0.364332975 -5.205910265 0.450980 0.647059 0.349020
v -0.564619261 -0.430802749 -5.222249641 0.427451 0.619608 0.380392
v -0.402291021 -0.326009788 -5.193415780 0.364706 0.537255 0.325490
v -0.483226164 -0.376305908 -5.201159944 0.368627 0.545098 0.305882
v -0.416635447 -0.334572370 -5.198299184 0.352941 0.537255 0.298039
v -0.274570606 -0.245949524 -5.188632562 0.454902 0.635294 0.360784
v -0.664062646 -0.492275799 -5.239296528 0.447059 0.639216 0.356863
v -0.450934217 -0.354951815 -5.199405954 0.352941 0.529412 0.298039
v -0.304600317 -0.264863710 -5.194022495 0.905882 0.850980 0.678431
v -0.380065044 -0.310739852 -5.196697024 0.364706 0.552941 0.305882
v -0.409463664 -0.328723061 -5.197290461 0.349020 0.521569 0.309804
v -0.582835248 -0.440195064 -5.229337206 0.407843 0.596078 0.392157
v -0.441368062 -0.347858360 -5.202081289 0.349020 0.521569 0.294118
v -0.466979606 -0.363392283 -5.203078173 0.364706 0.545098 0.286275
v -0.675093210 -0.496344558 -5.239528939 0.439216 0.631373 0.372549
v -0.504530017 -0.389361721 -5.222658104 0.427451 0.623529 0.349020
v -0.391076675 -0.315348893 -5.197099088 0.376471 0.556863 0.321569
v -0.209644663 -0.202559553 -5.188790518 0.482353 0.662745 0.392157
v -0.228236400 -0.214174540 -5.190624230 0.556863 0.666667 0.435294
v -0.351531700 -0.290833180 -5.199718274 0.505882 0.682353 0.400000
v -0.202954786 -0.197801167 -5.186271879 0.400000 0.596078 0.356863
v -0.705850174 -0.514537015 -5.243937019 0.478431 0.666667 0.407843
v -0.284423480 -0.247554371 -5.190022537 0.423529 0.600000 0.356863
v -0.541059230 -0.408029153 -5.219921783 0.380392 0.560784 0.298039
v -0.324405108 -0.271104768 -5.194122726 0.427451 0.447059 0.286275
v -0.262091957 -0.232390833 -5.190551828 0.564706 0.752941 0.529412
v -0.423467385 -0.332938202 -5.204822811 0.427451 0.611765 0.345098
v -0.349117240 -0.285972600 -5.196516141 0.466667 0.592157 0.403922
v -0.440109581 -0.342332371 -5.207081836 0.447059 0.639216 0.313725
v -0.530448996 -0.399886670 -5.220810401 0.431373 0.615686 0.352941
v -0.718232635 -0.518298564 -5.244385160 0.498039 0.666667 0.443137
v -0.335090141 -0.276035979 -5.197037455 0.611765 0.560784 0.439216
v -0.249694378 -0.222916667 -5.192314602 0.474510 0.662745 0.443137
v -0.181328585 -0.179848089 -5.186291039 0.545098 0.709804 0.435294
v -0.161707959 -0.167179778 -5.184354845 0.525490 0.721569 0.407843
v -0.315569873 -0.262233692 -5.192410418 0.788235 0.541176 0.560784
v -0.576673646 -0.427087132 -5.228077707 0.407843 0.592157 0.360784
v -0.217378424 -0.201076147 -5.189964049 0.419608 0.615686 0.384314
v -0.481583405 -0.365423653 -5.209968349 0.462745 0.654902 0.321569
v -0.273995650 -0.235069426 -5.189089095 0.431373 0.611765 0.352941
v -0.412685910 -0.320823252 -5.197230948 0.384314 0.556863 0.360784
v -0.370359572 -0.294414158 -5.194824144 0.364706 0.525490 0.329412
v -0.652204523 -0.474449836 -5.240373682 0.415686 0.607843 0.384314
v -0.659997602 -0.479155071 -5.240525313 0.443137 0.639216 0.396078
v -0.152698780 -0.158486698 -5.181510317 0.419608 0.494118 0.313725
v -0.632824327 -0.461026018 -5.238206454 0.403922 0.600000 0.372549
v -0.473370521 -0.357510734 -5.204759095 0.384314 0.560784 0.333333
v -0.592726306 -0.434990057 -5.231966099 0.411765 0.619608 0.372549
v -0.559023832 -0.412441851 -5.221648925 0.411765 0.603922 0.360784
v -0.416746044 -0.321953689 -5.203890093 0.380392 0.576471 0.321569
v -0.476996523 -0.359073795 -5.209129686 0.474510 0.654902 0.325490
v -0.261553545 -0.224598569 -5.191228621 0.580392 0.764706 0.505882
v -0.564827108 -0.412922811 -5.215203751 0.380392 0.549020 0.341176
v -0.328288039 -0.265134662 -5.195755541 0.376471 0.552941 0.301961
v -0.434840444 -0.330436868 -5.200793743 0.356863 0.529412 0.290196
v -0.356149472 -0.282051623 -5.200825029 0.529412 0.603922 0.407843
v -0.700040107 -0.498998523 -5.243069410 0.454902 0.647059 0.392157
v -0.178809782 -0.170909397 -5.186612169 0.490196 0.686275 0.450980
v -0.402734221 -0.308374810 -5.198517764 0.392157 0.572549 0.325490
v -0.316667343 -0.254366248 -5.191941069 0.525490 0.505882 0.352941
v -0.238106219 -0.206388146 -5.190828833 0.513725 0.678431 0.427451
v -0.375650631 -0.291707355 -5.200926757 0.505882 0.678431 0.376471
v -0.289852686 -0.237954266 -5.192828402 0.521569 0.682353 0.403922
v -0.426304820 -0.322303939 -5.201761808 0.360784 0.545098 0.294118
v -0.366546340 -0.285203199 -5.198088294 0.537255 0.596078 0.462745
v -0.528640242 -0.387630610 -5.219531938 0.447059 0.639216 0.337255
v -0.623526747 -0.448451274 -5.237047308 0.462745 0.650980 0.356863
v -0.300188959 -0.242721374 -5.192453529 0.964706 0.682353 0.741176
v -0.273944932 -0.226269035 -5.190039232 0.423529 0.596078 0.329412
v -0.681072147 -0.483080361 -5.239731005 0.525490 0.701961 0.349020
v -0.492642688 -0.363744332 -5.215408066 0.462745 0.658824 0.305882
v -0.385547086 -0.295359000 -5.198544291 0.368627 0.549020 0.325490
v -0.492843036 -0.362006899 -5.209753789 0.380392 0.564706 0.325490
v -0.465271794 -0.342692367 -5.198619315 0.415686 0.619608 0.298039
v -0.165290824 -0.157350003 -5.184359582 0.494118 0.603922 0.380392
v -0.419404188 -0.315146864 -5.201826116 0.384314 0.556863 0.356863
v -0.604756013 -0.433895426 -5.233603134 0.458824 0.650980 0.368627
v -0.712892432 -0.501250105 -5.243950222 0.478431 0.654902 0.431373
v -0.286043781 -0.231352047 -5.192132240 0.498039 0.670588 0.403922
v -0.431769804 -0.322552284 -5.206105637 0.360784 0.545098 0.309804
v -0.650509742 -0.462087947 -5.240455168 0.415686 0.596078 0.349020
v -0.308837866 -0.244491049 -5.191576407 0.796078 0.549020 0.615686
v -0.590788169 -0.423907652 -5.234385380 0.494118 0.662745 0.345098
v -0.197580322 -0.175570426 -5.186925528 0.537255 0.694118 0.466667
v -0.248458414 -0.206451036 -5.190831783 0.411765 0.556863 0.345098
v -0.509906089 -0.370434555 -5.218910694 0.450980 0.635294 0.321569
v -0.616262213 -0.437489345 -5.235261379 0.427451 0.623529 0.356863
v -0.472955207 -0.343343193 -5.199177858 0.364706 0.545098 0.290196
v -0.565963643 -0.404987186 -5.226173955 0.403922 0.596078 0.341176
v -0.266810211 -0.216217030 -5.191849379 0.576471 0.760784 0.517647
v -0.483499983 -0.349998409 -5.206366942 0.392157 0.576471 0.321569
v -0.525763032 -0.377485490 -5.217443791 0.454902 0.643137 0.337255
v -0.368254952 -0.278284014 -5.199971772 0.427451 0.556863 0.356863
v -0.397794200 -0.296655271 -5.202220633 0.376471 0.556863 0.333333
v -0.419235037 -0.310613714 -5.207467196 0.403922 0.592157 0.317647
v -0.598594056 -0.424433854 -5.233908636 0.462745 0.635294 0.345098
v -0.581381863 -0.413526542 -5.232064186 0.431373 0.623529 0.345098
v -0.738580868 -0.511488642 -5.247698199 0.341176 0.360784 0.341176
v -0.458551410 -0.332228898 -5.201852965 0.388235 0.560784 0.360784
v -0.691742437 -0.481258590 -5.242778936 0.478431 0.670588 0.411765
v -0.549218121 -0.391532156 -5.226872191 0.431373 0.619608 0.337255
v -0.536956504 -0.380904038 -5.212051553 0.388235 0.560784 0.360784
v -0.492896617 -0.355164091 -5.217667822 0.419608 0.615686 0.309804
v -0.543529991 -0.385772713 -5.221561689 0.525490 0.705882 0.333333
v -0.650530807 -0.453734512 -5.240797932 0.419608 0.615686 0.364706
v -0.610681891 -0.427454218 -5.232692141 0.537255 0.713725 0.356863
v -0.285026925 -0.221954480 -5.193490955 0.494118 0.658824 0.415686
v -0.276175148 -0.216225235 -5.192438604 0.380392 0.549020 0.294118
v -0.664497699 -0.461640254 -5.241585743 0.427451 0.600000 0.360784
v -0.365429206 -0.271731526 -5.202135179 0.407843 0.572549 0.376471
v -0.441379288 -0.317643937 -5.200945302 0.376471 0.549020 0.341176
v -0.326181037 -0.246412084 -5.196478622 0.388235 0.568627 0.333333
v -0.265142695 -0.207992399 -5.191701181 0.568627 0.627451 0.447059
v -0.444275777 -0.318890028 -5.206837876 0.447059 0.635294 0.329412
v -0.215792142 -0.176105855 -5.187566504 0.525490 0.690196 0.470588
v -0.416586003 -0.301807539 -5.208889241 0.462745 0.650980 0.329412
v -0.721907822 -0.494314865 -5.246221200 0.454902 0.650980 0.380392
v -0.730730490 -0.499552712 -5.246990389 0.494118 0.694118 0.403922
v -0.306091299 -0.231097118 -5.193303701 0.701961 0.521569 0.458824
v -0.380323967 -0.277669384 -5.201276212 0.368627 0.533333 0.313725
v -0.372274625 -0.272183910 -5.200167885 0.333333 0.498039 0.262745
v -0.242819935 -0.191257943 -5.190594320 0.494118 0.678431 0.423529
v -0.599062778 -0.416155050 -5.234870974 0.396078 0.576471 0.341176
v -0.343903931 -0.254725877 -5.202055224 0.494118 0.674510 0.388235
v -0.179297113 -0.151155657 -5.184814048 0.431373 0.501961 0.349020
v -0.546765903 -0.382525710 -5.226629929 0.443137 0.631373 0.329412
v -0.644840581 -0.444843075 -5.240999321 0.423529 0.619608 0.337255
v -0.537230255 -0.375391070 -5.220472830 0.443137 0.639216 0.356863
v -0.356097680 -0.261284468 -5.200463562 0.388235 0.592157 0.294118
v -0.405550347 -0.292024087 -5.204246757 0.450980 0.631373 0.356863
v -0.351184364 -0.257859612 -5.202657167 0.478431 0.666667 0.403922
v -0.573057298 -0.397896977 -5.232522274 0.431373 0.619608 0.341176
v -0.704773462 -0.480203337 -5.245271728 0.454902 0.647059 0.356863
v -0.318862868 -0.236026748 -5.195675967 0.407843 0.576471 0.294118
v -0.232411907 -0.181878867 -5.190023793 0.474510 0.666667 0.450980
v -0.490375333 -0.343614796 -5.218817091 0.478431 0.654902 0.301961
v -0.312748536 -0.231202717 -5.196619516 0.305882 0.447059 0.239216
v -0.333413913 -0.243867211 -5.199565966 0.478431 0.658824 0.376471
v -0.535259527 -0.368014240 -5.208785320 0.427451 0.592157 0.368627
v -0.397906436 -0.283522066 -5.203874979 0.588235 0.650980 0.478431
v -0.477473048 -0.331538321 -5.202692151 0.376471 0.568627 0.301961
v -0.449365107 -0.314342051 -5.203111121 0.364706 0.533333 0.333333
v -0.197557707 -0.157368439 -5.185553882 0.529412 0.729412 0.513725
v -0.409400122 -0.289724592 -5.209050262 0.513725 0.666667 0.352941
v -0.463033117 -0.320979776 -5.203060536 0.396078 0.572549 0.360784
v -0.471851713 -0.326222784 -5.203351637 0.388235 0.576471 0.313725
v -0.525685507 -0.359356645 -5.208681898 0.384314 0.541176 0.360784
v -0.300234628 -0.219241904 -5.196754112 0.823529 0.866667 0.749020
v -0.591043812 -0.403348666 -5.237672625 0.443137 0.639216 0.325490
v -0.289137815 -0.211074557 -5.194477253 0.819608 0.694118 0.639216
v -0.488265351 -0.335841396 -5.214600701 0.427451 0.619608 0.298039
v -0.732358651 -0.490632390 -5.248513588 0.525490 0.694118 0.431373
v -0.614426779 -0.415896577 -5.233408970 0.541176 0.717647 0.360784
v -0.549233098 -0.374853916 -5.227787467 0.403922 0.596078 0.305882
v -0.560253097 -0.382066569 -5.233558579 0.415686 0.580392 0.329412
v -0.343930748 -0.243763589 -5.201307311 0.490196 0.674510 0.407843
v -0.435210002 -0.299857824 -5.205477823 0.392157 0.584314 0.305882
v -0.320429911 -0.228209617 -5.197195300 0.411765 0.592157 0.325490
v -0.489425120 -0.333134812 -5.210947918 0.400000 0.584314 0.337255
v -0.444983076 -0.304667872 -5.205980004 0.419608 0.588235 0.403922
v -0.257452505 -0.187560468 -5.190678974 0.482353 0.635294 0.435294
v -0.578601040 -0.391315469 -5.235122329 0.431373 0.627451 0.333333
v -0.626392045 -0.420585373 -5.237952942 0.384314 0.584314 0.325490
v -0.211123964 -0.157349847 -5.182962559 0.486275 0.639216 0.282353
v -0.682901871 -0.456249937 -5.246318723 0.439216 0.623529 0.352941
v -0.426022899 -0.292387808 -5.206751209 0.392157 0.552941 0.356863
v -0.460068615 -0.312495622 -5.205598287 0.372549 0.556863 0.368627
v -0.420704845 -0.288846668 -5.207968557 0.466667 0.576471 0.392157
v -0.484320089 -0.327805784 -5.213253980 0.400000 0.572549 0.372549
v -0.213778825 -0.157808949 -5.185414900 0.568627 0.752941 0.474510
v -0.522914432 -0.350674651 -5.211136554 0.364706 0.541176 0.313725
v -0.718741340 -0.476652076 -5.248134196 0.447059 0.639216 0.392157
v -0.477721788 -0.321921359 -5.207078805 0.407843 0.580392 0.372549
v -0.242271094 -0.175145291 -5.188755354 0.549020 0.701961 0.501961
v -0.544820300 -0.365721902 -5.225467383 0.400000 0.592157 0.325490
v -0.609068068 -0.406668807 -5.236012322 0.454902 0.647059 0.333333
v -0.529777998 -0.354197031 -5.217437421 0.486275 0.674510 0.329412
v -0.535810355 -0.356006889 -5.210095939 0.392157 0.556863 0.356863
v -0.436216341 -0.295188824 -5.211542947 0.423529 0.611765 0.317647
v -0.395890017 -0.268874317 -5.204873624 0.388235 0.549020 0.349020
v -0.358842703 -0.244996952 -5.200303868 0.376471 0.549020 0.333333
v -0.659883400 -0.436050277 -5.244615602 0.407843 0.596078 0.345098
v -0.277748033 -0.193823177 -5.193916966 0.556863 0.596078 0.454902
v -0.680769898 -0.449009770 -5.247254100 0.411765 0.600000 0.329412
v -0.384887282 -0.260090240 -5.202842741 0.368627 0.537255 0.337255
v -0.479536835 -0.319562584 -5.217471110 0.454902 0.647059 0.317647
v -0.502288035 -0.333786223 -5.220923131 0.466667 0.647059 0.317647
v -0.618907736 -0.407254236 -5.234632343 0.541176 0.717647 0.360784
v -0.474718103 -0.315028915 -5.212301336 0.419608 0.592157 0.384314
v -0.460555866 -0.305741677 -5.215293238 0.458824 0.643137 0.309804
v -0.214297771 -0.150000040 -5.183869287 0.580392 0.760784 0.501961
v -0.302408969 -0.205619104 -5.194660565 0.305882 0.341176 0.184314
v -0.726063696 -0.473495151 -5.249943418 0.498039 0.682353 0.419608
v -0.521870479 -0.343889387 -5.223703394 0.447059 0.635294 0.325490
v -0.591133332 -0.387114575 -5.237956174 0.415686 0.603922 0.321569
v -0.644286367 -0.420402872 -5.243883351 0.411765 0.611765 0.329412
v -0.341171203 -0.227257864 -5.197937415 0.352941 0.537255 0.278431
v -0.707830783 -0.459964204 -5.250010378 0.447059 0.647059 0.360784
v -0.543337415 -0.354706398 -5.223755966 0.415686 0.611765 0.317647
v -0.298171056 -0.199955135 -5.195547730 0.721569 0.698039 0.592157
v -0.284805167 -0.190936130 -5.192242300 0.835294 0.556863 0.592157
v -0.564980143 -0.369006802 -5.235815274 0.388235 0.576471 0.317647
v -0.716086241 -0.463165071 -5.250128552 0.458824 0.654902 0.368627
v -0.507167911 -0.329450358 -5.216356155 0.403922 0.556863 0.372549
v -0.272397343 -0.181470371 -5.189917301 0.549020 0.635294 0.525490
v -0.355155858 -0.233062532 -5.199095934 0.360784 0.537255 0.298039
v -0.489465011 -0.317471222 -5.213735393 0.376471 0.552941 0.321569
v -0.654180551 -0.423005685 -5.245964794 0.392157 0.596078 0.325490
v -0.431325539 -0.280816221 -5.211193831 0.478431 0.556863 0.349020
v -0.429463248 -0.278526908 -5.207719508 0.388235 0.556863 0.341176
v -0.314808698 -0.207271956 -5.199936750 0.372549 0.545098 0.364706
v -0.514332477 -0.333205724 -5.224231337 0.466667 0.654902 0.321569
v -0.392046653 -0.255528036 -5.207880183 0.501961 0.686275 0.372549
v -0.541663162 -0.348078035 -5.216572228 0.388235 0.552941 0.321569
v -0.215665783 -0.142907432 -5.182386661 0.545098 0.627451 0.450980
v -0.529414863 -0.342077682 -5.227001292 0.443137 0.635294 0.321569
v -0.600509940 -0.387630904 -5.239488650 0.411765 0.611765 0.309804
v -0.307920941 -0.201663780 -5.197809123 0.317647 0.466667 0.290196
v -0.613670544 -0.394777814 -5.240373498 0.427451 0.619608 0.305882
v -0.478876121 -0.308777894 -5.222020567 0.384314 0.580392 0.294118
v -0.410850831 -0.264851980 -5.209193226 0.352941 0.533333 0.305882
v -0.740598082 -0.473021583 -5.252420829 0.466667 0.490196 0.419608
v -0.421979554 -0.269861858 -5.208595095 0.364706 0.549020 0.309804
v -0.486304783 -0.311762815 -5.223458774 0.431373 0.623529 0.294118
v -0.486060320 -0.310457695 -5.220554080 0.356863 0.541176 0.329412
v -0.223607442 -0.143295480 -5.181281127 0.631373 0.776471 0.588235
v -0.504559952 -0.320082404 -5.214315118 0.380392 0.552941 0.345098
v -0.396252035 -0.252372089 -5.207260808 0.364706 0.552941 0.305882
v -0.687996637 -0.438140159 -5.251442825 0.403922 0.603922 0.309804
v -0.495391577 -0.314647900 -5.221472122 0.454902 0.639216 0.325490
v -0.296574645 -0.188022293 -5.193478192 0.388235 0.349020 0.219608
v -0.627317630 -0.398312832 -5.243623963 0.447059 0.631373 0.309804
v -0.575030573 -0.365202628 -5.237095688 0.411765 0.596078 0.301961
v -0.668251108 -0.424036943 -5.249000471 0.368627 0.568627 0.286275
v -0.259555715 -0.161493760 -5.177247668 0.592157 0.749020 0.568627
v -0.557453505 -0.353095450 -5.232368221 0.364706 0.560784 0.290196
v -0.242955959 -0.151023532 -5.178508390 0.564706 0.760784 0.568627
v -0.471519349 -0.297399981 -5.218140842 0.482353 0.639216 0.352941
v -0.340634055 -0.213735295 -5.198074047 0.352941 0.525490 0.294118
v -0.540794711 -0.341114171 -5.229207638 0.403922 0.600000 0.286275
v -0.350150919 -0.219317924 -5.199469242 0.396078 0.576471 0.341176
v -0.517818732 -0.325035255 -5.229220515 0.427451 0.623529 0.301961
v -0.525293383 -0.330064507 -5.233107444 0.411765 0.603922 0.290196
v -0.485207707 -0.304007858 -5.225486784 0.360784 0.556863 0.309804
v -0.237675652 -0.144328126 -5.178087658 0.596078 0.780392 0.580392
v -0.510155571 -0.319148695 -5.226172771 0.470588 0.654902 0.298039
v -0.462346933 -0.288854733 -5.219846351 0.552941 0.552941 0.388235
v -0.383438219 -0.236542320 -5.202929151 0.372549 0.556863 0.337255
v -0.742668372 -0.464702517 -5.254611376 0.462745 0.588235 0.396078
v -0.286094931 -0.175563730 -5.194348301 0.792157 0.627451 0.556863
v -0.680838537 -0.426027926 -5.252400326 0.396078 0.572549 0.337255
v -0.433972470 -0.267242662 -5.208460421 0.376471 0.545098 0.341176
v -0.443904585 -0.273462021 -5.210463226 0.360784 0.541176 0.301961
v -0.477926004 -0.296188415 -5.223334579 0.443137 0.556863 0.360784
v -0.406579748 -0.249847764 -5.212964057 0.486275 0.666667 0.352941
v -0.394627486 -0.240979735 -5.206748049 0.396078 0.580392 0.309804
v -0.455399662 -0.280182115 -5.219263280 0.427451 0.611765 0.349020
v -0.705816195 -0.439064591 -5.254639525 0.384314 0.584314 0.329412
v -0.537341303 -0.333108216 -5.236439531 0.454902 0.639216 0.298039
v -0.265309662 -0.154716644 -5.171263731 0.403922 0.537255 0.286275
v -0.733400168 -0.455222881 -5.255807668 0.458824 0.643137 0.341176
v -0.305902806 -0.183892776 -5.197780281 0.231373 0.380392 0.203922
v -0.694329351 -0.430243975 -5.254379499 0.400000 0.596078 0.321569
v -0.301728858 -0.178693863 -5.194202527 0.294118 0.396078 0.200000
v -0.576094548 -0.353724267 -5.238992755 0.384314 0.584314 0.309804
v -0.508173759 -0.308649001 -5.219543748 0.419608 0.596078 0.403922
v -0.519475269 -0.317650076 -5.232074079 0.447059 0.635294 0.301961
v -0.276157690 -0.158460287 -5.174324935 0.349020 0.396078 0.329412
v -0.476553060 -0.288202311 -5.217003086 0.439216 0.572549 0.305882
v -0.370887426 -0.220453041 -5.202333851 0.376471 0.564706 0.301961
v -0.621422364 -0.381299033 -5.247123237 0.407843 0.592157 0.290196
v -0.287779325 -0.164539745 -5.180213451 0.486275 0.415686 0.313725
v -0.250425404 -0.140435081 -5.174628365 0.513725 0.529412 0.447059
v -0.723964554 -0.443830594 -5.257379461 0.462745 0.631373 0.364706
v -0.640605026 -0.390757851 -5.248877839 0.407843 0.611765 0.301961
v -0.327079972 -0.190838643 -5.200805672 0.349020 0.509804 0.258824
v -0.549997123 -0.332435752 -5.235858021 0.349020 0.541176 0.270588
v -0.499364083 -0.297669935 -5.215541634 0.666667 0.760784 0.623529
v -0.632812690 -0.385010860 -5.248719924 0.400000 0.596078 0.286275
v -0.601099404 -0.364649238 -5.244116355 0.388235 0.584314 0.298039
v -0.412730362 -0.243699876 -5.214317524 0.478431 0.666667 0.337255
v -0.334951955 -0.193900590 -5.201330678 0.345098 0.505882 0.298039
v -0.310421625 -0.177805764 -5.197919991 0.298039 0.450980 0.247059
v -0.659940700 -0.400581972 -5.251941776 0.435294 0.627451 0.301961
v -0.614130232 -0.371406185 -5.247132817 0.407843 0.592157 0.290196
v -0.673872521 -0.408523400 -5.253026328 0.345098 0.537255 0.262745
v -0.427699292 -0.250603264 -5.212309997 0.380392 0.564706 0.321569
v -0.353675247 -0.202776714 -5.203093275 0.576471 0.654902 0.435294
v -0.509841006 -0.300209907 -5.218653225 0.470588 0.596078 0.400000
v -0.289718046 -0.160995855 -5.190646166 0.800000 0.643137 0.576471
v -0.520160121 -0.309150331 -5.232761226 0.450980 0.635294 0.274510
v -0.716586967 -0.432982700 -5.258112093 0.392157 0.576471 0.333333
v -0.284139692 -0.155662996 -5.183328432 0.592157 0.423529 0.392157
v -0.557376337 -0.332344973 -5.239270160 0.372549 0.556863 0.286275
v -0.300026140 -0.165307195 -5.184700489 0.282353 0.419608 0.184314
v -0.395957253 -0.227667901 -5.207949723 0.368627 0.545098 0.317647
v -0.580222862 -0.345951614 -5.241394620 0.388235 0.584314 0.298039
v -0.485466271 -0.283435756 -5.222258010 0.443137 0.635294 0.364706
v -0.479062022 -0.277865730 -5.222009613 0.423529 0.615686 0.356863
v -0.496473439 -0.287547609 -5.219007994 0.364706 0.529412 0.317647
v -0.517291023 -0.301618226 -5.226394591 0.545098 0.643137 0.458824
v -0.442234105 -0.253254262 -5.213221798 0.380392 0.572549 0.317647
v -0.323733481 -0.178046039 -5.201125223 0.345098 0.517647 0.286275
v -0.488381883 -0.281573945 -5.220097539 0.392157 0.576471 0.352941
v -0.708322809 -0.422499668 -5.258579066 0.450980 0.603922 0.352941
v -0.607766236 -0.359026217 -5.247593289 0.403922 0.596078 0.298039
v -0.299922992 -0.158642153 -5.179845245 0.282353 0.458824 0.196078
v -0.388880532 -0.217566021 -5.205867419 0.466667 0.643137 0.309804
v -0.588074986 -0.345388768 -5.244170659 0.400000 0.596078 0.282353
v -0.522149665 -0.301955427 -5.235114980 0.552941 0.607843 0.360784
v -0.458712907 -0.260723566 -5.221315493 0.407843 0.600000 0.349020
v -0.452709216 -0.255805222 -5.216071025 0.388235 0.584314 0.301961
v -0.553128050 -0.320971703 -5.241007407 0.349020 0.541176 0.254902
v -0.569837578 -0.331340377 -5.242705190 0.384314 0.576471 0.286275
v -0.653190996 -0.383898337 -5.254382507 0.400000 0.596078 0.270588
v -0.636448873 -0.373042831 -5.251918524 0.415686 0.611765 0.282353
v -0.385134252 -0.210889935 -5.208564068 0.431373 0.619608 0.341176
v -0.351561090 -0.189790418 -5.205960904 0.384314 0.552941 0.352941
v -0.362133529 -0.195879216 -5.207232776 0.494118 0.580392 0.384314
v -0.373987003 -0.202253910 -5.207235959 0.521569 0.639216 0.431373
v -0.483249406 -0.271093258 -5.220230292 0.466667 0.650980 0.282353
v -0.615138542 -0.356859466 -5.250541875 0.384314 0.580392 0.286275
v -0.543164940 -0.311148027 -5.240551166 0.407843 0.572549 0.309804
v -0.563064511 -0.323532497 -5.242210136 0.400000 0.588235 0.282353
v -0.685952265 -0.401128853 -5.258405983 0.392157 0.572549 0.262745
v -0.315392573 -0.162944959 -5.193147285 0.368627 0.494118 0.262745
v -0.297778330 -0.148829167 -5.177719131 0.501961 0.443137 0.262745
v -0.665648375 -0.387583653 -5.257321746 0.403922 0.603922 0.282353
v -0.469912752 -0.261505217 -5.224524885 0.407843 0.607843 0.352941
v -0.421795780 -0.229952856 -5.213795043 0.380392 0.560784 0.337255
v -0.625610554 -0.360967454 -5.252142485 0.345098 0.545098 0.262745
v -0.455207407 -0.251207600 -5.221689689 0.478431 0.666667 0.345098
v -0.591117103 -0.338182089 -5.246425492 0.349020 0.552941 0.247059
v -0.294828023 -0.148067455 -5.194877259 0.831373 0.768627 0.615686
v -0.311467155 -0.156452173 -5.186954126 0.411765 0.525490 0.352941
v -0.286085965 -0.140692997 -5.187896470 0.541176 0.345098 0.313725
v -0.493451117 -0.274416003 -5.228320371 0.470588 0.650980 0.345098
v -0.509754359 -0.284667948 -5.230609518 0.450980 0.635294 0.352941
v -0.326193958 -0.167767937 -5.203139300 0.345098 0.525490 0.309804
v -0.500172371 -0.278109586 -5.229244354 0.419608 0.603922 0.325490
v -0.653624165 -0.376175692 -5.256679203 0.447059 0.619608 0.290196
v -0.707753351 -0.409530994 -5.260559545 0.376471 0.564706 0.282353
v -0.571320010 -0.323610341 -5.245461431 0.372549 0.576471 0.274510
v -0.392282816 -0.207909854 -5.209760792 0.388235 0.584314 0.309804
v -0.402257866 -0.214076381 -5.211679006 0.400000 0.592157 0.329412
v -0.483031109 -0.264527098 -5.226278739 0.411765 0.611765 0.364706
v -0.728359283 -0.420163833 -5.265849671 0.427451 0.494118 0.333333
v -0.311827778 -0.149844347 -5.178929654 0.305882 0.454902 0.172549
v -0.336086782 -0.169852134 -5.207315247 0.415686 0.600000 0.317647
v -0.319770667 -0.156489287 -5.194720015 0.313725 0.470588 0.235294
v -0.614596265 -0.346466116 -5.253324903 0.364706 0.572549 0.274510
v -0.284199081 -0.130105852 -5.180707535 0.494118 0.647059 0.545098
v -0.414602153 -0.215794792 -5.214542613 0.392157 0.576471 0.325490
v -0.676150848 -0.383849645 -5.262308616 0.400000 0.588235 0.254902
v -0.307630633 -0.142604326 -5.173428788 0.329412 0.490196 0.176471
v -0.579715090 -0.321984154 -5.247531694 0.400000 0.549020 0.305882
v -0.389588914 -0.199149351 -5.210529935 0.552941 0.643137 0.423529
v -0.439604645 -0.230367169 -5.217603221 0.376471 0.560784 0.313725
v -0.601130612 -0.334935482 -5.251663297 0.392157 0.572549 0.274510
v -0.571281060 -0.315838975 -5.246831996 0.462745 0.592157 0.329412
v -0.536571945 -0.292222932 -5.238019943 0.419608 0.603922 0.313725
v -0.654733744 -0.367775927 -5.257669403 0.376471 0.560784 0.266667
v -0.428116343 -0.221548037 -5.216834536 0.356863 0.525490 0.321569
v -0.609431310 -0.338092333 -5.255053151 0.411765 0.596078 0.290196
v -0.355880289 -0.174533530 -5.209350652 0.329412 0.521569 0.298039
v -0.378276444 -0.187546285 -5.210349034 0.407843 0.580392 0.345098
v -0.495293454 -0.262162890 -5.229834678 0.443137 0.631373 0.317647
v -0.286138065 -0.125547109 -5.183523484 0.282353 0.360784 0.270588
v -0.517651887 -0.275205902 -5.233522390 0.431373 0.619608 0.305882
v -0.316589934 -0.142477872 -5.179335743 0.298039 0.478431 0.192157
v -0.595822714 -0.325665151 -5.249913019 0.450980 0.552941 0.333333
v -0.389212557 -0.191712170 -5.211910077 0.458824 0.584314 0.356863
v -0.529567213 -0.280996659 -5.235085229 0.501961 0.686275 0.301961
v -0.464777245 -0.239048595 -5.222070806 0.400000 0.572549 0.364706
v -0.686981938 -0.381872379 -5.265271823 0.345098 0.509804 0.239216
v -0.505284087 -0.265189561 -5.233184040 0.400000 0.600000 0.309804
v -0.606703918 -0.329885891 -5.253493201 0.466667 0.576471 0.341176
v -0.546898107 -0.291271329 -5.242416622 0.372549 0.572549 0.298039
v -0.518534848 -0.271220002 -5.228054201 0.356863 0.529412 0.298039
v -0.332280577 -0.152311168 -5.200868242 0.403922 0.529412 0.294118
v -0.441585299 -0.222140310 -5.219510192 0.364706 0.545098 0.313725
v -0.426575338 -0.212664530 -5.220059588 0.466667 0.635294 0.325490
v -0.715613546 -0.395941936 -5.265871298 0.380392 0.580392 0.301961
v -0.365688880 -0.172016438 -5.209032321 0.337255 0.517647 0.286275
v -0.316515672 -0.135272581 -5.176040395 0.309804 0.490196 0.145098
v -0.312398415 -0.132116253 -5.173500122 0.517647 0.572549 0.309804
v -0.633179848 -0.342457258 -5.254986310 0.439216 0.568627 0.325490
v -0.515406283 -0.266519359 -5.232815217 0.435294 0.627451 0.317647
v -0.461716461 -0.231685126 -5.224938621 0.490196 0.662745 0.333333
v -0.638234736 -0.343151326 -5.248426975 0.498039 0.623529 0.458824
v -0.737561805 -0.407319321 -5.269904589 0.329412 0.352941 0.305882
v -0.624564099 -0.334934987 -5.254263178 0.423529 0.560784 0.313725
v -0.664856994 -0.360772653 -5.261457661 0.384314 0.556863 0.250980
v -0.436874735 -0.213832288 -5.219709574 0.376471 0.549020 0.341176
v -0.644406908 -0.346326072 -5.254077116 0.450980 0.584314 0.305882
v -0.588680197 -0.311445936 -5.249464829 0.447059 0.611765 0.290196
v -0.571768756 -0.300771863 -5.248676790 0.427451 0.592157 0.301961
v -0.379685124 -0.176247313 -5.210612775 0.478431 0.654902 0.345098
v -0.402166584 -0.190736265 -5.215055369 0.376471 0.513725 0.321569
v -0.419644095 -0.201902747 -5.218021207 0.447059 0.623529 0.352941
v -0.528710714 -0.270412189 -5.229835269 0.356863 0.560784 0.298039
v -0.344357550 -0.152730440 -5.205750347 0.360784 0.525490 0.266667
v -0.427512922 -0.205488905 -5.218573920 0.392157 0.568627 0.337255
v -0.448296417 -0.219066083 -5.224453108 0.486275 0.662745 0.337255
v -0.373503371 -0.170450886 -5.210043782 0.333333 0.505882 0.282353
v -0.504468642 -0.254023029 -5.231267099 0.482353 0.666667 0.301961
v -0.455497383 -0.222290822 -5.223365744 0.392157 0.560784 0.341176
v -0.730341297 -0.397874592 -5.270870140 0.431373 0.611765 0.325490
v -0.442382085 -0.213527685 -5.222904703 0.478431 0.650980 0.321569
v -0.338602765 -0.145987696 -5.200248982 0.400000 0.545098 0.290196
v -0.514400018 -0.258150997 -5.233032855 0.474510 0.662745 0.313725
v -0.606226382 -0.317864664 -5.253645443 0.439216 0.631373 0.301961
v -0.310995020 -0.126683893 -5.192869904 0.505882 0.572549 0.400000
v -0.545262326 -0.277798263 -5.239674603 0.392157 0.584314 0.301961
v -0.709458683 -0.383349147 -5.269761780 0.384314 0.580392 0.254902
v -0.556398003 -0.285414206 -5.244466925 0.411765 0.607843 0.313725
v -0.619291292 -0.325628949 -5.254819990 0.380392 0.576471 0.317647
v -0.541020585 -0.272685602 -5.231418610 0.400000 0.603922 0.313725
v -0.515661276 -0.255863161 -5.229050808 0.396078 0.596078 0.313725
v -0.582047494 -0.299859374 -5.249066433 0.423529 0.584314 0.309804
v -0.632274210 -0.331383502 -5.254353517 0.380392 0.560784 0.274510
v -0.654090443 -0.342922644 -5.247203370 0.415686 0.568627 0.392157
v -0.351304105 -0.150987769 -5.207372008 0.345098 0.533333 0.278431
v -0.688507733 -0.367851237 -5.269751632 0.345098 0.545098 0.227451
v -0.395885212 -0.178792205 -5.213246272 0.345098 0.505882 0.290196
v -0.329829732 -0.132367325 -5.184470359 0.305882 0.478431 0.207843
v -0.482129920 -0.233140834 -5.229261769 0.400000 0.592157 0.325490
v -0.597977654 -0.305822218 -5.241449468 0.372549 0.545098 0.313725
v -0.419657352 -0.193548114 -5.222353733 0.580392 0.619608 0.392157
v -0.507786336 -0.247587080 -5.226745518 0.384314 0.568627 0.345098
v -0.533198934 -0.264338027 -5.235476278 0.443137 0.631373 0.290196
v -0.360298663 -0.153455853 -5.206929097 0.325490 0.501961 0.278431
v -0.407320543 -0.183500255 -5.216553623 0.407843 0.588235 0.337255
v -0.596509768 -0.304145165 -5.245896536 0.549020 0.717647 0.364706
v -0.471758321 -0.224773814 -5.229657842 0.403922 0.600000 0.301961
v -0.522460818 -0.256334814 -5.235086240 0.474510 0.658824 0.294118
v -0.453348684 -0.212453531 -5.227324337 0.427451 0.611765 0.329412
v -0.437856340 -0.200354743 -5.220220589 0.513725 0.690196 0.360784
v -0.681310164 -0.357862166 -5.271044087 0.356863 0.552941 0.219608
v -0.721193978 -0.382032093 -5.273368899 0.423529 0.619608 0.282353
v -0.624839622 -0.319553628 -5.254014915 0.392157 0.592157 0.309804
v -0.572289071 -0.286712560 -5.249723582 0.376471 0.572549 0.301961
v -0.502459903 -0.238855609 -5.222028070 0.388235 0.568627 0.349020
v -0.698421913 -0.367308685 -5.273738419 0.372549 0.576471 0.243137
v -0.322649185 -0.119776221 -5.174647406 0.313725 0.317647 0.203922
v -0.449346284 -0.206048204 -5.224620385 0.415686 0.584314 0.388235
v -0.631612371 -0.320619244 -5.245337105 0.360784 0.541176 0.309804
v -0.429404590 -0.192656451 -5.223074522 0.584314 0.627451 0.384314
v -0.517967841 -0.247814529 -5.230040870 0.376471 0.560784 0.321569
v -0.692135399 -0.361619875 -5.273023297 0.384314 0.580392 0.243137
v -0.337218684 -0.129142636 -5.186758101 0.317647 0.498039 0.215686
v -0.484060674 -0.226005752 -5.231591956 0.427451 0.611765 0.321569
v -0.528041336 -0.252328027 -5.231889420 0.384314 0.549020 0.333333
v -0.388135243 -0.163108104 -5.212729880 0.352941 0.541176 0.298039
v -0.519407972 -0.244823680 -5.226107333 0.411765 0.592157 0.384314
v -0.539750901 -0.257287156 -5.229465259 0.352941 0.545098 0.286275
v -0.614199617 -0.307805582 -5.257480736 0.419608 0.615686 0.309804
v -0.736638438 -0.385858749 -5.276954111 0.486275 0.537255 0.380392
v -0.380892965 -0.156810544 -5.210764089 0.317647 0.490196 0.270588
v -0.634576249 -0.319183619 -5.254062176 0.372549 0.564706 0.286275
v -0.580221580 -0.285546918 -5.251819465 0.419608 0.607843 0.282353
v -0.443135393 -0.197148300 -5.226146090 0.419608 0.592157 0.325490
v -0.652838456 -0.330081776 -5.258442817 0.388235 0.588235 0.294118
v -0.721255366 -0.375200629 -5.277015486 0.368627 0.545098 0.250980
v -0.555897232 -0.267679479 -5.241971462 0.447059 0.623529 0.282353
v -0.493599202 -0.225325462 -5.227829688 0.403922 0.588235 0.400000
v -0.437388045 -0.190407113 -5.224461643 0.435294 0.556863 0.368627
v -0.553345536 -0.262437545 -5.234202518 0.356863 0.537255 0.301961
v -0.400541573 -0.165284382 -5.214547516 0.407843 0.584314 0.298039
v -0.637792362 -0.315463177 -5.249081399 0.349020 0.525490 0.321569
v -0.421335317 -0.178338257 -5.220572831 0.376471 0.556863 0.325490
v -0.413570186 -0.172563583 -5.217581717 0.356863 0.537255 0.309804
v -0.453443774 -0.198817772 -5.228602757 0.466667 0.631373 0.337255
v -0.608063812 -0.297267274 -5.252123115 0.454902 0.647059 0.317647
v -0.374010267 -0.146511237 -5.208601115 0.337255 0.525490 0.278431
v -0.455896265 -0.199502084 -5.226482016 0.376471 0.537255 0.341176
v -0.711113285 -0.364507919 -5.278351250 0.380392 0.576471 0.223529
v -0.644247240 -0.317355973 -5.245741026 0.372549 0.549020 0.333333
v -0.444747015 -0.191898933 -5.225440070 0.549020 0.635294 0.458824
v -0.513431033 -0.233612863 -5.225375829 0.423529 0.623529 0.313725
v -0.632457414 -0.310888084 -5.256448389 0.454902 0.647059 0.298039
v -0.651905431 -0.322690033 -5.256721059 0.423529 0.607843 0.356863
v -0.431326737 -0.182405127 -5.224956531 0.490196 0.658824 0.349020
v -0.734308268 -0.376727114 -5.280886171 0.423529 0.541176 0.286275
v -0.524476489 -0.238716612 -5.227287540 0.415686 0.584314 0.372549
v -0.521935900 -0.237592817 -5.231481847 0.380392 0.556863 0.337255
v -0.360044232 -0.133917623 -5.204682058 0.447059 0.588235 0.317647
v -0.645121787 -0.316455934 -5.253720972 0.415686 0.607843 0.325490
v -0.393344465 -0.154774860 -5.213240540 0.372549 0.552941 0.313725
v -0.345040092 -0.120279045 -5.186670037 0.329412 0.505882 0.215686
v -0.686994215 -0.345408887 -5.277664952 0.360784 0.552941 0.235294
v -0.722973692 -0.367751559 -5.281941773 0.392157 0.588235 0.231373
v -0.460230686 -0.197238563 -5.231583660 0.400000 0.560784 0.294118
v -0.607720172 -0.289312359 -5.244814196 0.407843 0.549020 0.360784
v -0.483518898 -0.211445893 -5.235412749 0.407843 0.596078 0.309804
v -0.571961519 -0.267768717 -5.249127777 0.435294 0.623529 0.305882
v -0.583937726 -0.275580525 -5.252779488 0.431373 0.627451 0.286275
v -0.558382066 -0.256353880 -5.234369060 0.368627 0.545098 0.329412
v -0.499098397 -0.219300140 -5.230565362 0.360784 0.541176 0.321569
v -0.699013581 -0.350052777 -5.280431478 0.376471 0.576471 0.227451
v -0.678734156 -0.336483700 -5.274981698 0.368627 0.556863 0.270588
v -0.468366222 -0.200563475 -5.234807987 0.407843 0.580392 0.321569
v -0.540891230 -0.244158958 -5.233597966 0.372549 0.552941 0.333333
v -0.342178131 -0.113252552 -5.182091174 0.341176 0.521569 0.203922
v -0.494251157 -0.214786336 -5.230080495 0.423529 0.596078 0.396078
v -0.623952488 -0.299617187 -5.261277856 0.443137 0.635294 0.317647
v -0.378083790 -0.139835320 -5.208855126 0.376471 0.560784 0.298039
v -0.459557428 -0.192716637 -5.228428255 0.600000 0.650980 0.478431
v -0.543632155 -0.244037899 -5.230833556 0.337255 0.517647 0.274510
v -0.446547679 -0.184367098 -5.228637142 0.474510 0.627451 0.313725
v -0.427020455 -0.171092889 -5.221464958 0.368627 0.552941 0.309804
v -0.729542265 -0.365863378 -5.284965793 0.360784 0.560784 0.207843
v -0.501749097 -0.216639476 -5.234093912 0.415686 0.603922 0.309804
v -0.457098225 -0.188394155 -5.230605789 0.517647 0.556863 0.364706
v -0.407889194 -0.154810750 -5.216662974 0.380392 0.556863 0.298039
v -0.595692724 -0.275797278 -5.252853589 0.407843 0.607843 0.301961
v -0.522035084 -0.226565019 -5.234001477 0.368627 0.541176 0.325490
v -0.741199779 -0.369833470 -5.286627036 0.294118 0.301961 0.258824
v -0.579844884 -0.264050083 -5.249036482 0.454902 0.643137 0.294118
v -0.481083554 -0.201380276 -5.237630705 0.372549 0.560784 0.329412
v -0.470830029 -0.194966967 -5.236785428 0.447059 0.627451 0.337255
v -0.605124927 -0.279903036 -5.254956660 0.411765 0.603922 0.333333
v -0.612761744 -0.284246276 -5.258513463 0.423529 0.592157 0.325490
v -0.360485066 -0.119418179 -5.199102899 0.360784 0.541176 0.243137
v -0.541299181 -0.237494847 -5.241603194 0.439216 0.631373 0.290196
v -0.493723585 -0.207484753 -5.236428948 0.447059 0.627451 0.309804
v -0.562950122 -0.248662894 -5.232243007 0.380392 0.549020 0.333333
v -0.438241075 -0.171843256 -5.227380253 0.447059 0.623529 0.317647
v -0.455589394 -0.182100197 -5.228315222 0.356863 0.525490 0.305882
v -0.372100069 -0.127068402 -5.207138994 0.423529 0.576471 0.309804
v -0.472506827 -0.191744442 -5.232653704 0.596078 0.650980 0.478431
v -0.623033778 -0.288557752 -5.261806137 0.415686 0.611765 0.317647
v -0.552093248 -0.241274109 -5.240470355 0.470588 0.654902 0.274510
v -0.648873315 -0.303859680 -5.260351918 0.474510 0.666667 0.345098
v -0.345114095 -0.103549888 -5.179516190 0.447059 0.556863 0.321569
v -0.383757969 -0.132599086 -5.208789520 0.384314 0.556863 0.305882
v -0.423548312 -0.158417981 -5.220514912 0.392157 0.568627 0.337255
v -0.717635053 -0.349138508 -5.284096598 0.564706 0.737255 0.439216
v -0.588154092 -0.263552274 -5.248708329 0.521569 0.713725 0.352941
v -0.357367737 -0.112121390 -5.192797451 0.341176 0.525490 0.227451
v -0.716075914 -0.348084453 -5.286955091 0.349020 0.552941 0.180392
v -0.556364782 -0.240674154 -5.233535321 0.396078 0.568627 0.333333
v -0.482372108 -0.195939665 -5.234979704 0.423529 0.576471 0.349020
v -0.546732780 -0.234688684 -5.236238338 0.392157 0.572549 0.337255
v -0.491818946 -0.200551532 -5.234875949 0.450980 0.635294 0.345098
v -0.518458562 -0.215569483 -5.234185372 0.447059 0.615686 0.392157
v -0.507518503 -0.206721613 -5.232135713 0.364706 0.556863 0.313725
v -0.597494305 -0.263595781 -5.243501054 0.364706 0.541176 0.309804
v -0.696797079 -0.331962622 -5.285206075 0.333333 0.529412 0.200000
v -0.724269112 -0.347732104 -5.280515979 0.423529 0.611765 0.403922
v -0.488518964 -0.195505332 -5.237970823 0.427451 0.603922 0.313725
v -0.383309989 -0.126267658 -5.210541833 0.388235 0.549020 0.313725
v -0.641170052 -0.292815053 -5.265689330 0.411765 0.607843 0.298039
v -0.537302720 -0.225355476 -5.243534992 0.447059 0.627451 0.294118
v -0.544150572 -0.229441240 -5.243909802 0.474510 0.658824 0.290196
v -0.738047355 -0.356314249 -5.291832231 0.356863 0.431373 0.235294
v -0.704574756 -0.334599530 -5.290174025 0.349020 0.545098 0.200000
v -0.577373819 -0.246739958 -5.236176986 0.439216 0.611765 0.423529
v -0.401599553 -0.135585104 -5.213882850 0.349020 0.525490 0.301961
v -0.389531326 -0.127346950 -5.209455206 0.443137 0.596078 0.341176
v -0.674493545 -0.313126621 -5.275613003 0.368627 0.572549 0.254902
v -0.665362556 -0.306110345 -5.270953829 0.403922 0.596078 0.266667
v -0.462785417 -0.175416680 -5.233034079 0.494118 0.666667 0.325490
v -0.739825573 -0.354549507 -5.288917915 0.501961 0.650980 0.447059
v -0.564945529 -0.237296024 -5.234546153 0.396078 0.564706 0.345098
v -0.722873016 -0.344410858 -5.292444309 0.329412 0.529412 0.164706
v -0.448174059 -0.165554588 -5.231216408 0.423529 0.607843 0.337255
v -0.651725472 -0.295795150 -5.267096739 0.415686 0.607843 0.282353
v -0.542246020 -0.223549948 -5.239759526 0.415686 0.600000 0.352941
v -0.472707477 -0.180075127 -5.233837654 0.490196 0.615686 0.372549
v -0.711491267 -0.336533448 -5.294662363 0.309804 0.498039 0.145098
v -0.445752697 -0.161212888 -5.228351365 0.388235 0.564706 0.341176
v -0.360446863 -0.101752052 -5.189011140 0.376471 0.545098 0.243137
v -0.517775529 -0.206864090 -5.240287220 0.466667 0.647059 0.294118
v -0.459041617 -0.168757357 -5.231508350 0.396078 0.572549 0.325490
v -0.592159717 -0.252771320 -5.247739990 0.376471 0.564706 0.317647
v -0.491442885 -0.188418923 -5.237060739 0.525490 0.592157 0.341176
v -0.514246158 -0.201556701 -5.235619005 0.419608 0.596078 0.411765
v -0.595839430 -0.252233268 -5.242715425 0.388235 0.556863 0.349020
v -0.532366169 -0.213623263 -5.242801196 0.470588 0.654902 0.286275
v -0.614785835 -0.266601219 -5.259531906 0.411765 0.603922 0.290196
v -0.408919132 -0.132431024 -5.215724036 0.337255 0.517647 0.282353
v -0.424054192 -0.142290366 -5.220642843 0.411765 0.576471 0.349020
v -0.582177608 -0.241422246 -5.241150657 0.415686 0.588235 0.407843
v -0.458602188 -0.165021229 -5.234750318 0.423529 0.607843 0.305882
v -0.721126796 -0.336266311 -5.297649042 0.278431 0.470588 0.129412
v -0.485193101 -0.180617864 -5.234705678 0.376471 0.552941 0.337255
v -0.682355617 -0.308908652 -5.279346867 0.368627 0.568627 0.309804
v -0.602291077 -0.254100938 -5.248056938 0.392157 0.572549 0.329412
v -0.540302360 -0.214556163 -5.239622539 0.388235 0.572549 0.364706
v -0.743157042 -0.347570414 -5.291856927 0.537255 0.607843 0.478431
v -0.372440315 -0.103818311 -5.197724937 0.352941 0.525490 0.227451
v -0.584163761 -0.242535379 -5.250104646 0.423529 0.619608 0.282353
v -0.723476825 -0.335492883 -5.294833259 0.541176 0.717647 0.478431
v -0.701078802 -0.320388868 -5.288391914 0.321569 0.513725 0.207843
v -0.384680744 -0.111370402 -5.204070307 0.450980 0.643137 0.368627
v -0.435948651 -0.145499355 -5.223945243 0.372549 0.560784 0.325490
v -0.393173199 -0.116414132 -5.207919663 0.384314 0.564706 0.329412
v -0.606739420 -0.253310910 -5.247186116 0.380392 0.556863 0.341176
v -0.564675251 -0.225585920 -5.239723200 0.380392 0.556863 0.325490
v -0.533876069 -0.206925565 -5.240080639 0.388235 0.568627 0.337255
v -0.692620513 -0.310623373 -5.283212470 0.407843 0.600000 0.254902
v -0.504029207 -0.186254177 -5.234464268 0.509804 0.690196 0.345098
v -0.456480839 -0.156728250 -5.234553794 0.380392 0.568627 0.278431
v -0.596882391 -0.244941290 -5.249997294 0.392157 0.560784 0.352941
v -0.478367577 -0.169738363 -5.233613481 0.423529 0.619608 0.337255
v -0.595898741 -0.244864646 -5.255276430 0.423529 0.615686 0.286275
v -0.727949751 -0.334120283 -5.302686667 0.364706 0.533333 0.172549
v -0.554927322 -0.216584285 -5.238487259 0.396078 0.572549 0.372549
v -0.632809380 -0.268890228 -5.266973932 0.427451 0.619608 0.313725
v -0.657305592 -0.283447625 -5.270430983 0.439216 0.627451 0.301961
v -0.424599436 -0.132371697 -5.220437712 0.376471 0.556863 0.309804
v -0.489498101 -0.174748424 -5.237174561 0.364706 0.541176 0.325490
v -0.521268401 -0.195562887 -5.245740410 0.474510 0.615686 0.301961
v -0.682238897 -0.299654421 -5.278772465 0.403922 0.588235 0.290196
v -0.388503662 -0.107014218 -5.206487596 0.443137 0.615686 0.294118
v -0.409010694 -0.120360855 -5.213907310 0.407843 0.556863 0.349020
v -0.453063207 -0.150256019 -5.231301829 0.411765 0.584314 0.360784
v -0.403238523 -0.115719801 -5.211157045 0.380392 0.552941 0.321569
v -0.674481311 -0.292831069 -5.275716513 0.364706 0.560784 0.301961
v -0.730309447 -0.330221144 -5.297418933 0.549020 0.698039 0.533333
v -0.587919920 -0.235141412 -5.255655407 0.435294 0.627451 0.290196
v -0.699495369 -0.308433677 -5.287011259 0.352941 0.556863 0.227451
v -0.611936211 -0.249138028 -5.261897345 0.482353 0.662745 0.305882
v -0.483675055 -0.165982995 -5.238778463 0.458824 0.592157 0.317647
v -0.469384344 -0.156323755 -5.239168569 0.407843 0.596078 0.294118
v -0.706785363 -0.310516683 -5.290657313 0.313725 0.517647 0.188235
v -0.432845801 -0.130896835 -5.223245291 0.415686 0.600000 0.345098
v -0.495413836 -0.171944251 -5.240550788 0.470588 0.647059 0.305882
v -0.553454791 -0.206608373 -5.240047086 0.443137 0.627451 0.415686
v -0.644682774 -0.267433652 -5.270453561 0.423529 0.615686 0.309804
v -0.544943607 -0.201574575 -5.244453359 0.376471 0.560784 0.317647
v -0.724693460 -0.319701309 -5.295671468 0.454902 0.639216 0.474510
v -0.381528515 -0.092122983 -5.198338856 0.341176 0.509804 0.223529
v -0.578919609 -0.222264182 -5.253021991 0.431373 0.615686 0.258824
v -0.502143730 -0.171993187 -5.239041982 0.388235 0.572549 0.321569
v -0.723489657 -0.317756539 -5.301529072 0.360784 0.435294 0.231373
v -0.545522318 -0.199423707 -5.248930745 0.450980 0.623529 0.262745
v -0.608884574 -0.240219522 -5.263601915 0.427451 0.623529 0.270588
v -0.595077581 -0.229036218 -5.254934465 0.368627 0.556863 0.309804
v -0.585615782 -0.221844701 -5.248108657 0.392157 0.592157 0.349020
v -0.640706147 -0.259429955 -5.269893232 0.423529 0.615686 0.325490
v -0.416766390 -0.112606130 -5.215937249 0.380392 0.545098 0.345098
v -0.400432473 -0.100823397 -5.207138645 0.368627 0.556863 0.349020
v -0.375107131 -0.081883392 -5.189903434 0.298039 0.349020 0.227451
v -0.599649634 -0.232268038 -5.262433748 0.411765 0.607843 0.274510
v -0.629741171 -0.251127440 -5.267534407 0.423529 0.611765 0.309804
v -0.535933994 -0.189766080 -5.246021801 0.431373 0.568627 0.372549
v -0.567337185 -0.208351095 -5.244153849 0.380392 0.564706 0.360784
v -0.655200677 -0.266285926 -5.271657417 0.435294 0.631373 0.345098
v -0.732206720 -0.317381987 -5.297185105 0.525490 0.627451 0.450980
v -0.590363043 -0.222286113 -5.254412626 0.364706 0.556863 0.298039
v -0.524979313 -0.180412089 -5.244096864 0.380392 0.552941 0.345098
v -0.522380684 -0.179347354 -5.247740275 0.482353 0.654902 0.301961
v -0.493540012 -0.159772691 -5.237183508 0.443137 0.588235 0.400000
v -0.391212372 -0.090262958 -5.199838230 0.415686 0.588235 0.376471
v -0.541544451 -0.191430416 -5.251226212 0.537255 0.611765 0.341176
v -0.533068068 -0.185849333 -5.249843874 0.376471 0.549020 0.298039
v -0.509617182 -0.169732659 -5.241377054 0.454902 0.654902 0.333333
v -0.547569826 -0.193749092 -5.248145200 0.533333 0.647059 0.462745
v -0.467674989 -0.143455696 -5.241456373 0.376471 0.572549 0.301961
v -0.477377661 -0.148848238 -5.241270935 0.388235 0.580392 0.309804
v -0.607366251 -0.232364078 -5.265315351 0.435294 0.623529 0.274510
v -0.448872084 -0.128931582 -5.229952394 0.447059 0.639216 0.337255
v -0.576346506 -0.208702887 -5.251440877 0.494118 0.666667 0.333333
v -0.638124541 -0.249513168 -5.270223748 0.411765 0.607843 0.321569
v -0.711469064 -0.298022040 -5.291726222 0.392157 0.584314 0.262745
v -0.556080529 -0.195129253 -5.249757155 0.498039 0.600000 0.415686
v -0.393622337 -0.086276111 -5.204119396 0.356863 0.517647 0.207843
v -0.444334736 -0.120969321 -5.228173616 0.388235 0.580392 0.341176
v -0.520217467 -0.170576978 -5.248419003 0.486275 0.670588 0.305882
v -0.689636031 -0.279237406 -5.278385975 0.427451 0.615686 0.352941
v -0.594073938 -0.215979187 -5.252005915 0.384314 0.556863 0.329412
v -0.528708712 -0.175100938 -5.250717592 0.396078 0.580392 0.282353
v -0.633697083 -0.241439088 -5.268036163 0.450980 0.639216 0.313725
v -0.584840997 -0.209057527 -5.254744541 0.458824 0.611765 0.384314
v -0.387004453 -0.077277469 -5.196826612 0.474510 0.560784 0.384314
v -0.565875055 -0.195733185 -5.253759218 0.521569 0.611765 0.333333
v -0.412607605 -0.094373787 -5.211710195 0.396078 0.576471 0.380392
v -0.452948424 -0.122244690 -5.234122191 0.419608 0.607843 0.290196
v -0.503802761 -0.153669471 -5.237187438 0.454902 0.615686 0.384314
v -0.421996026 -0.100086096 -5.217828722 0.462745 0.639216 0.411765
v -0.645971304 -0.245830778 -5.271484154 0.423529 0.615686 0.333333
v -0.531590228 -0.171200966 -5.245442924 0.447059 0.647059 0.352941
v -0.581935668 -0.202605305 -5.250775921 0.439216 0.623529 0.337255
v -0.600915841 -0.214854878 -5.255321218 0.384314 0.552941 0.345098
v -0.604935362 -0.216576072 -5.253157920 0.403922 0.572549 0.360784
v -0.708364055 -0.285503698 -5.286870077 0.403922 0.611765 0.329412
v -0.514082331 -0.159014260 -5.243532884 0.368627 0.556863 0.313725
v -0.542551234 -0.177405234 -5.253598734 0.454902 0.639216 0.286275
v -0.493718429 -0.144490143 -5.237756882 0.537255 0.709804 0.380392
v -0.662961616 -0.254359864 -5.274684989 0.439216 0.635294 0.360784
v -0.406795770 -0.086117950 -5.210095240 0.376471 0.549020 0.223529
v -0.688004061 -0.268893604 -5.275854008 0.427451 0.635294 0.419608
v -0.572909895 -0.193408110 -5.250674791 0.505882 0.596078 0.427451
v -0.393862937 -0.073541415 -5.201276466 0.345098 0.372549 0.286275
v -0.696884373 -0.271468796 -5.278738453 0.447059 0.643137 0.368627
v -0.582289615 -0.197037146 -5.254550087 0.509804 0.650980 0.501961
v -0.557413544 -0.182856113 -5.260304346 0.427451 0.596078 0.286275
v -0.414443020 -0.086293718 -5.211202076 0.454902 0.639216 0.415686
v -0.639207264 -0.231784000 -5.259420333 0.427451 0.600000 0.384314
v -0.656888270 -0.245330145 -5.274769200 0.427451 0.627451 0.352941
v -0.535154497 -0.166065970 -5.249007703 0.415686 0.600000 0.403922
v -0.483550072 -0.133824172 -5.245042980 0.423529 0.611765 0.301961
v -0.436534681 -0.101170184 -5.224436008 0.403922 0.600000 0.368627
v -0.593603269 -0.203421847 -5.261240208 0.474510 0.615686 0.305882
v -0.408169859 -0.079548303 -5.206719508 0.341176 0.447059 0.356863
v -0.460607481 -0.117192299 -5.237490813 0.364706 0.556863 0.325490
v -0.682246033 -0.257468159 -5.274025081 0.505882 0.690196 0.415686
v -0.457145007 -0.112328696 -5.233576260 0.419608 0.607843 0.372549
v -0.618937485 -0.214030965 -5.255209633 0.439216 0.576471 0.396078
v -0.634411060 -0.224569582 -5.264079038 0.447059 0.635294 0.313725
v -0.717787857 -0.280246023 -5.290614694 0.415686 0.603922 0.301961
v -0.451562939 -0.105410203 -5.230779500 0.431373 0.603922 0.388235
v -0.524322446 -0.153975071 -5.253622322 0.431373 0.619608 0.290196
v -0.432896017 -0.091790737 -5.222299403 0.392157 0.576471 0.364706
v -0.575470330 -0.184590297 -5.257571106 0.380392 0.560784 0.349020
v -0.488745079 -0.129159518 -5.243824756 0.447059 0.654902 0.341176
v -0.519467016 -0.148427600 -5.246957750 0.517647 0.690196 0.333333
v -0.603099502 -0.201752739 -5.261203120 0.419608 0.592157 0.396078
v -0.556240465 -0.173616510 -5.264025894 0.427451 0.600000 0.301961
v -0.509698634 -0.141009777 -5.242770867 0.466667 0.643137 0.396078
v -0.531819604 -0.156369294 -5.255001965 0.415686 0.603922 0.294118
v -0.655030945 -0.233644510 -5.271818710 0.454902 0.639216 0.376471
v -0.605449261 -0.201993154 -5.265472698 0.427451 0.611765 0.376471
v -0.571187623 -0.179491908 -5.264044285 0.423529 0.600000 0.258824
v -0.424875015 -0.081068425 -5.216265278 0.415686 0.600000 0.396078
v -0.472037853 -0.114094377 -5.241352658 0.368627 0.568627 0.305882
v -0.665579572 -0.238202664 -5.275607907 0.462745 0.654902 0.423529
v -0.706249182 -0.263146148 -5.278816222 0.486275 0.682353 0.447059
v -0.501684486 -0.132867221 -5.248699599 0.470588 0.650980 0.294118
v -0.724009770 -0.276107585 -5.291364882 0.392157 0.427451 0.313725
v -0.642578038 -0.220077913 -5.261506782 0.443137 0.584314 0.411765
v -0.694844987 -0.253719416 -5.274724425 0.478431 0.674510 0.439216
v -0.540568740 -0.155972251 -5.254794937 0.352941 0.529412 0.309804
v -0.615290877 -0.202046457 -5.265915930 0.525490 0.686275 0.376471
v -0.449775593 -0.094183503 -5.231124201 0.454902 0.635294 0.380392
v -0.496292050 -0.124723911 -5.248706616 0.411765 0.564706 0.262745
v -0.502377957 -0.128022993 -5.246675431 0.376471 0.498039 0.290196
v -0.626876655 -0.205576672 -5.262690998 0.443137 0.603922 0.341176
v -0.484585706 -0.115604632 -5.245088383 0.388235 0.580392 0.282353
v -0.561406720 -0.166367970 -5.267495650 0.419608 0.588235 0.286275
v -0.688573793 -0.244369017 -5.273879676 0.486275 0.678431 0.454902
v -0.514213604 -0.133373827 -5.249954455 0.431373 0.588235 0.423529
v -0.602236174 -0.191147805 -5.272996489 0.513725 0.698039 0.380392
v -0.634618401 -0.210306727 -5.270889515 0.372549 0.552941 0.243137
v -0.590353518 -0.182720805 -5.268553219 0.478431 0.650980 0.415686
v -0.433350784 -0.078829988 -5.224700503 0.407843 0.572549 0.254902
v -0.655724399 -0.222011012 -5.269309079 0.509804 0.694118 0.345098
v -0.451393540 -0.090992431 -5.235094513 0.407843 0.588235 0.262745
v -0.640837963 -0.210885096 -5.264568060 0.396078 0.552941 0.337255
v -0.614840505 -0.195725590 -5.270526330 0.435294 0.623529 0.356863
v -0.551327261 -0.155091540 -5.265176554 0.396078 0.580392 0.262745
v -0.515369799 -0.130644484 -5.255515919 0.423529 0.572549 0.282353
v -0.540850936 -0.146822959 -5.262579901 0.419608 0.607843 0.282353
v -0.707829121 -0.250629895 -5.275019439 0.525490 0.721569 0.494118
v -0.431594087 -0.072267229 -5.220853730 0.560784 0.694118 0.549020
v -0.489474058 -0.111763889 -5.243626994 0.439216 0.631373 0.333333
v -0.482298230 -0.106438696 -5.242652496 0.407843 0.580392 0.368627
v -0.525037518 -0.135040737 -5.260033540 0.400000 0.584314 0.286275
v -0.672229633 -0.226868708 -5.277143740 0.458824 0.643137 0.400000
v -0.428446925 -0.068115653 -5.222369399 0.474510 0.552941 0.337255
v -0.585143919 -0.170242720 -5.262802360 0.450980 0.635294 0.454902
v -0.477035993 -0.100246902 -5.241557872 0.407843 0.568627 0.356863
v -0.502637177 -0.114740223 -5.247086107 0.411765 0.592157 0.341176
v -0.608823686 -0.185083478 -5.277656099 0.431373 0.615686 0.352941
v -0.459616341 -0.086937547 -5.239143479 0.443137 0.603922 0.294118
v -0.439831971 -0.072362997 -5.226337067 0.435294 0.600000 0.431373
v -0.636106280 -0.201010167 -5.277254137 0.427451 0.611765 0.262745
v -0.467651327 -0.091405773 -5.240094580 0.403922 0.584314 0.349020
v -0.522861382 -0.128877363 -5.262662278 0.474510 0.623529 0.321569
v -0.562572159 -0.153753490 -5.266685044 0.356863 0.541176 0.321569
v -0.644092116 -0.204485388 -5.273925647 0.439216 0.619608 0.368627
v -0.618698997 -0.189268495 -5.276252233 0.494118 0.678431 0.376471
v -0.553938496 -0.148305035 -5.267998036 0.349020 0.549020 0.254902
v -0.567391317 -0.156733869 -5.270010515 0.415686 0.603922 0.274510
v -0.558607544 -0.148853445 -5.266830238 0.427451 0.623529 0.282353
v -0.581232020 -0.163195871 -5.270582737 0.450980 0.635294 0.258824
v -0.435056528 -0.063591866 -5.226330562 0.458824 0.529412 0.384314
v -0.546725875 -0.137317711 -5.259208770 0.521569 0.709804 0.341176
v -0.556410773 -0.143258483 -5.260458032 0.486275 0.682353 0.368627
v -0.716261761 -0.242715470 -5.273639434 0.549020 0.725490 0.501961
v -0.551467030 -0.140889318 -5.265556936 0.372549 0.560784 0.254902
v -0.635488424 -0.193827866 -5.278835962 0.466667 0.650980 0.372549
v -0.541521710 -0.133131556 -5.263395625 0.388235 0.572549 0.262745
v -0.460205615 -0.079578074 -5.242210793 0.435294 0.580392 0.274510
v -0.569580745 -0.149865717 -5.266228312 0.380392 0.568627 0.337255
v -0.509397481 -0.109022090 -5.249771152 0.423529 0.600000 0.345098
v -0.640884680 -0.193132559 -5.274586773 0.419608 0.623529 0.341176
v -0.591220884 -0.161026486 -5.267418376 0.454902 0.639216 0.458824
v -0.568743106 -0.147045644 -5.268952323 0.419608 0.603922 0.270588
v -0.682760493 -0.218418797 -5.279799962 0.474510 0.670588 0.403922
v -0.576306527 -0.151462567 -5.273129145 0.407843 0.592157 0.258824
v -0.712909264 -0.233574978 -5.270364807 0.643137 0.705882 0.584314
v -0.607956886 -0.171367221 -5.279828154 0.521569 0.682353 0.407843
v -0.456441074 -0.070855840 -5.238769106 0.278431 0.345098 0.294118
v -0.494418649 -0.094316760 -5.245604998 0.376471 0.529412 0.301961
v -0.619054017 -0.175889244 -5.279497322 0.474510 0.662745 0.400000
v -0.567114938 -0.141393099 -5.265059027 0.396078 0.596078 0.329412
v -0.651232059 -0.194735953 -5.278606476 0.431373 0.607843 0.368627
v -0.638336654 -0.186288332 -5.281969010 0.490196 0.670588 0.407843
v -0.536616653 -0.120334440 -5.264199660 0.431373 0.588235 0.294118
v -0.574072603 -0.142252284 -5.265275458 0.533333 0.709804 0.368627
v -0.520664216 -0.108163533 -5.257379266 0.372549 0.572549 0.294118
v -0.660082289 -0.195277041 -5.274419060 0.431373 0.607843 0.392157
v -0.596097711 -0.155122597 -5.268371352 0.419608 0.603922 0.403922
v -0.534344968 -0.115328580 -5.260310473 0.243137 0.407843 0.227451
v -0.681059162 -0.209177430 -5.284902566 0.447059 0.623529 0.368627
v -0.666167798 -0.199591115 -5.282607788 0.466667 0.623529 0.376471
v -0.607642374 -0.163336965 -5.279920702 0.443137 0.611765 0.262745
v -0.654175148 -0.190252327 -5.275934819 0.498039 0.666667 0.356863
v -0.626657524 -0.174008235 -5.281010667 0.486275 0.682353 0.498039
v -0.516112809 -0.101265704 -5.252308285 0.388235 0.560784 0.337255
v -0.712464569 -0.223603334 -5.269199173 0.552941 0.588235 0.537255
v -0.484369613 -0.079372517 -5.247958790 0.458824 0.635294 0.364706
v -0.499043631 -0.087609866 -5.248733745 0.415686 0.588235 0.345098
v -0.612590046 -0.162047988 -5.277150239 0.498039 0.670588 0.509804
v -0.624022902 -0.168329682 -5.273943374 0.490196 0.682353 0.498039
v -0.602515666 -0.154429678 -5.272149788 0.427451 0.600000 0.407843
v -0.548337472 -0.119023974 -5.266644967 0.400000 0.560784 0.290196
v -0.675666776 -0.200503925 -5.288832855 0.423529 0.623529 0.317647
v -0.672368218 -0.196542961 -5.279051290 0.439216 0.596078 0.388235
v -0.697622725 -0.211892773 -5.279225692 0.537255 0.721569 0.498039
v -0.618188244 -0.162189212 -5.273283836 0.494118 0.654902 0.505882
v -0.637472692 -0.175182331 -5.283837355 0.431373 0.627451 0.380392
v -0.523438348 -0.100700415 -5.258022738 0.400000 0.592157 0.305882
v -0.565255050 -0.128138946 -5.269706384 0.360784 0.560784 0.305882
v -0.550734124 -0.118202087 -5.263946232 0.427451 0.576471 0.392157
v -0.575776689 -0.134278417 -5.271399623 0.352941 0.556863 0.266667
v -0.584721017 -0.138889756 -5.269541026 0.431373 0.631373 0.364706
v -0.561170596 -0.122346237 -5.264285546 0.427451 0.611765 0.411765
v -0.576072419 -0.131400910 -5.265970833 0.407843 0.576471 0.380392
v -0.594384697 -0.144834848 -5.278824663 0.360784 0.552941 0.247059
v -0.653959943 -0.182130164 -5.284804408 0.450980 0.635294 0.431373
v -0.525558434 -0.098076948 -5.254019094 0.447059 0.635294 0.329412
v -0.604310398 -0.151050591 -5.281680432 0.423529 0.592157 0.223529
v -0.507369994 -0.086053602 -5.250864442 0.411765 0.560784 0.356863
v -0.660126988 -0.184287415 -5.287337548 0.423529 0.611765 0.384314
v -0.629234892 -0.163109478 -5.276791312 0.509804 0.686275 0.498039
v -0.446372945 -0.044466899 -5.241050606 0.258824 0.294118 0.274510
v -0.567687901 -0.123114224 -5.267743354 0.411765 0.576471 0.368627
v -0.622345983 -0.157492330 -5.275993118 0.505882 0.670588 0.517647
v -0.682937349 -0.197400711 -5.292129696 0.415686 0.603922 0.313725
v -0.470407431 -0.060518857 -5.254187292 0.478431 0.627451 0.309804
v -0.514925550 -0.086834530 -5.250421819 0.517647 0.662745 0.341176
v -0.688361241 -0.198761300 -5.288696130 0.407843 0.556863 0.227451
v -0.650383807 -0.175801948 -5.290748431 0.462745 0.647059 0.396078
v -0.594903329 -0.139126528 -5.278799851 0.423529 0.600000 0.403922
v -0.609045183 -0.147375237 -5.279670264 0.435294 0.627451 0.392157
v -0.541870609 -0.103102660 -5.266405355 0.392157 0.584314 0.309804
v -0.620668483 -0.152412001 -5.274609700 0.486275 0.650980 0.458824
v -0.518173312 -0.086178452 -5.254860329 0.552941 0.639216 0.411765
v -0.712684239 -0.207236808 -5.271506490 0.686275 0.827451 0.756863
v -0.480009592 -0.061344943 -5.252724454 0.490196 0.643137 0.435294
v -0.635776224 -0.161778142 -5.283404664 0.529412 0.694118 0.537255
v -0.673356531 -0.187205302 -5.297245933 0.462745 0.631373 0.368627
v -0.573920942 -0.119494607 -5.268641695 0.454902 0.658824 0.364706
v -0.707893452 -0.202656435 -5.278120121 0.647059 0.803922 0.639216
v -0.685235678 -0.190960016 -5.289985196 0.494118 0.662745 0.274510
v -0.603170713 -0.139173991 -5.286152975 0.431373 0.611765 0.231373
v -0.669155048 -0.180993409 -5.301713170 0.474510 0.647059 0.419608
v -0.684659314 -0.188915083 -5.298309502 0.439216 0.611765 0.364706
v -0.576683227 -0.118794257 -5.275670801 0.388235 0.568627 0.250980
v -0.525524372 -0.083521464 -5.255106994 0.384314 0.525490 0.313725
v -0.608352873 -0.137646410 -5.282439456 0.447059 0.643137 0.411765
v -0.502815911 -0.067692353 -5.252863804 0.427451 0.588235 0.352941
v -0.647818597 -0.162241765 -5.289863830 0.474510 0.639216 0.454902
v -0.536585801 -0.088600833 -5.262376704 0.427451 0.607843 0.309804
v -0.641738558 -0.158407569 -5.293686062 0.525490 0.705882 0.450980
v -0.697311282 -0.192403394 -5.294915276 0.447059 0.584314 0.317647
v -0.629644481 -0.148119827 -5.281371526 0.470588 0.654902 0.470588
v -0.598659310 -0.129622329 -5.285195666 0.407843 0.576471 0.223529
v -0.556347023 -0.101126081 -5.271977280 0.411765 0.611765 0.329412
v -0.655470348 -0.165519665 -5.297737967 0.478431 0.662745 0.482353
v -0.640583700 -0.153844551 -5.291758285 0.482353 0.666667 0.494118
v -0.586358943 -0.118495371 -5.282203746 0.360784 0.552941 0.239216
v -0.494224298 -0.057541522 -5.256622448 0.423529 0.596078 0.360784
v -0.517583042 -0.070636081 -5.254646744 0.400000 0.552941 0.313725
v -0.648129853 -0.158261759 -5.298721611 0.533333 0.713725 0.466667
v -0.544290586 -0.088708913 -5.266400419 0.423529 0.619608 0.313725
v -0.625774344 -0.141050789 -5.282521615 0.486275 0.670588 0.501961
v -0.607422354 -0.128699260 -5.277814800 0.509804 0.682353 0.513725
v -0.675498124 -0.176201538 -5.312650866 0.270588 0.454902 0.196078
v -0.564847145 -0.100434009 -5.273157759 0.415686 0.607843 0.309804
v -0.684260918 -0.180459327 -5.312894118 0.309804 0.505882 0.211765
v -0.707939122 -0.191153963 -5.293876694 0.349020 0.352941 0.333333
v -0.666355993 -0.167652904 -5.304413037 0.517647 0.678431 0.423529
v -0.663899078 -0.166963950 -5.308932904 0.388235 0.564706 0.192157
v -0.685153374 -0.180098621 -5.310227289 0.498039 0.666667 0.368627
v -0.708002545 -0.190065697 -5.290692205 0.431373 0.509804 0.243137
v -0.513014941 -0.064267113 -5.256253175 0.403922 0.572549 0.301961
v -0.620821739 -0.134551055 -5.281123965 0.478431 0.654902 0.486275
v -0.652055908 -0.154879203 -5.296550456 0.541176 0.725490 0.572549
v -0.702318369 -0.186878834 -5.304946254 0.360784 0.380392 0.258824
v -0.587386558 -0.111228135 -5.276831310 0.427451 0.592157 0.407843
v -0.505133277 -0.057049018 -5.258934081 0.439216 0.603922 0.352941
v -0.577178941 -0.102695256 -5.269070900 0.392157 0.560784 0.349020
v -0.580678404 -0.104916204 -5.272663018 0.384314 0.556863 0.360784
v -0.692967726 -0.180607067 -5.319849621 0.333333 0.509804 0.200000
v -0.528490753 -0.068060867 -5.256449108 0.396078 0.564706 0.262745
v -0.665251902 -0.161457941 -5.309903100 0.513725 0.690196 0.490196
v -0.556302094 -0.087632799 -5.270794437 0.419608 0.615686 0.317647
v -0.624101659 -0.131789399 -5.288135688 0.513725 0.694118 0.541176
v -0.694039105 -0.179032442 -5.317995188 0.486275 0.643137 0.396078
v -0.647330110 -0.147098538 -5.300281428 0.501961 0.686275 0.509804
v -0.606071496 -0.118580269 -5.283075972 0.494118 0.670588 0.458824
v -0.675865837 -0.165969928 -5.310501318 0.486275 0.662745 0.494118
v -0.547972391 -0.079298462 -5.265568002 0.431373 0.615686 0.329412
v -0.532605560 -0.068103815 -5.259242956 0.541176 0.678431 0.454902
v -0.700025490 -0.181355252 -5.322101779 0.282353 0.400000 0.250980
v -0.681408466 -0.169766995 -5.323606020 0.388235 0.517647 0.235294
v -0.681672070 -0.168997052 -5.320298217 0.462745 0.509804 0.423529
v -0.634489996 -0.135470673 -5.296414593 0.541176 0.733333 0.415686
v -0.521180683 -0.059219146 -5.260541620 0.560784 0.709804 0.517647
v -0.613213535 -0.119773844 -5.285899368 0.447059 0.639216 0.423529
v -0.508252203 -0.051316037 -5.262900709 0.521569 0.600000 0.349020
v -0.618302866 -0.121967435 -5.291338688 0.486275 0.662745 0.474510
v -0.593769327 -0.103802018 -5.275699458 0.396078 0.572549 0.376471
v -0.609252423 -0.115901073 -5.291491148 0.419608 0.600000 0.211765
v -0.676653797 -0.162035013 -5.323388354 0.603922 0.674510 0.513725
v -0.635514281 -0.132354555 -5.304133178 0.529412 0.713725 0.513725
v -0.560966274 -0.080365002 -5.269417058 0.443137 0.643137 0.352941
v -0.546489823 -0.067761636 -5.262291909 0.505882 0.694118 0.443137
v -0.587096537 -0.094330102 -5.272793941 0.403922 0.592157 0.368627
v -0.620518434 -0.119228540 -5.297506993 0.501961 0.698039 0.486275
v -0.574799897 -0.086315226 -5.275264651 0.407843 0.603922 0.278431
v -0.656419059 -0.141668717 -5.313862151 0.576471 0.752941 0.537255
v -0.673874795 -0.154923086 -5.328514086 0.592157 0.721569 0.537255
v -0.536030165 -0.057402221 -5.257705076 0.423529 0.572549 0.278431
v -0.657250180 -0.143408740 -5.324059691 0.317647 0.501961 0.137255
v -0.643340713 -0.133891709 -5.319382299 0.337255 0.509804 0.164706
v -0.661272705 -0.144614003 -5.321583817 0.545098 0.721569 0.552941
v -0.609879361 -0.104364689 -5.286627234 0.470588 0.654902 0.443137
v -0.674747901 -0.153002801 -5.337510838 0.317647 0.388235 0.258824
v -0.557923854 -0.067262990 -5.263519792 0.443137 0.635294 0.396078
v -0.636010608 -0.123014788 -5.311345787 0.560784 0.745098 0.454902
v -0.667923586 -0.146297212 -5.332484708 0.611765 0.721569 0.576471
v -0.536643397 -0.052612227 -5.261369377 0.643137 0.772549 0.552941
v -0.624639041 -0.112504729 -5.301016074 0.474510 0.666667 0.470588
v -0.610910570 -0.100711382 -5.295606930 0.388235 0.564706 0.160784
v -0.595908328 -0.087090161 -5.279625464 0.407843 0.592157 0.376471
v -0.587833553 -0.082133295 -5.279819177 0.392157 0.560784 0.231373
v -0.551601706 -0.055360422 -5.261013717 0.564706 0.764706 0.560784
v -0.617744650 -0.102226447 -5.296582883 0.494118 0.678431 0.505882
v -0.639597822 -0.119931318 -5.326459578 0.356863 0.517647 0.164706
v -0.609201021 -0.093589808 -5.291090991 0.462745 0.639216 0.470588
v -0.544123682 -0.047220746 -5.260522631 0.352941 0.360784 0.321569
v -0.569092022 -0.061297730 -5.263108904 0.454902 0.556863 0.356863
v -0.626914245 -0.104508296 -5.307443097 0.513725 0.698039 0.501961
v -0.635490205 -0.111558180 -5.317068737 0.662745 0.760784 0.666667
v -0.576460199 -0.064882469 -5.262412041 0.427451 0.588235 0.392157
v -0.612351396 -0.093544683 -5.300277215 0.403922 0.584314 0.176471
v -0.597775293 -0.081042717 -5.285663236 0.376471 0.556863 0.172549
v -0.617196334 -0.094945973 -5.304668859 0.380392 0.552941 0.156863
v -0.592225941 -0.073068204 -5.276296808 0.419608 0.596078 0.427451
v -0.623396992 -0.098640164 -5.311326898 0.372549 0.529412 0.172549
v -0.566200529 -0.053269430 -5.257460218 0.470588 0.537255 0.427451
v -0.559513698 -0.049529657 -5.260159197 0.627451 0.752941 0.541176
v -0.609892231 -0.086108323 -5.298539185 0.356863 0.533333 0.168627
v -0.593107609 -0.072171062 -5.280292798 0.372549 0.552941 0.235294
v -0.581398336 -0.063045636 -5.270216498 0.419608 0.588235 0.294118
v -0.544557912 -0.039478751 -5.265458200 0.450980 0.643137 0.458824
v -0.604666903 -0.079876956 -5.293999808 0.352941 0.529412 0.164706
v -0.529056026 -0.027918817 -5.262843499 0.411765 0.600000 0.380392
v -0.507065287 -0.014492514 -5.263614339 0.411765 0.592157 0.345098
v -0.504130549 -0.010142056 -5.260684790 0.435294 0.501961 0.388235
v -0.620323922 -0.089232609 -5.305124111 0.556863 0.658824 0.556863
v -0.549966018 -0.037210403 -5.262158209 0.482353 0.654902 0.462745
v -0.609332937 -0.077313577 -5.292057814 0.588235 0.737255 0.552941
v -0.624707402 -0.090053313 -5.312656966 0.364706 0.392157 0.372549
v -0.602565074 -0.070541402 -5.283707731 0.470588 0.650980 0.427451
v -0.615795009 -0.081260747 -5.301182498 0.290196 0.317647 0.270588
v -0.519831306 -0.015269917 -5.262101409 0.415686 0.600000 0.356863
v -0.626798368 -0.091077063 -5.319116252 0.450980 0.474510 0.396078
v -0.599815720 -0.067026038 -5.284982462 0.435294 0.549020 0.286275
v -0.595123255 -0.062865598 -5.280342696 0.443137 0.623529 0.247059
v -0.598854340 -0.061756289 -5.279577921 0.490196 0.686275 0.431373
v -0.546596001 -0.026524737 -5.262677813 0.674510 0.784314 0.690196
v -0.592969781 -0.056177453 -5.274932306 0.450980 0.509804 0.435294
v -0.610737431 -0.071205559 -5.299675899 0.482353 0.631373 0.400000
v -0.602462870 -0.060723987 -5.293228053 0.435294 0.521569 0.286275
v -0.605333135 -0.061522462 -5.290131576 0.325490 0.349020 0.250980
v -0.619732237 -0.074186265 -5.316181043 0.490196 0.643137 0.396078
v -0.552617889 -0.022580692 -5.266440160 0.552941 0.717647 0.576471
v -0.560091046 -0.020832320 -5.269056422 0.580392 0.737255 0.603922
v -0.621685279 -0.066515630 -5.327929494 0.470588 0.643137 0.403922
v -0.569222169 -0.022119443 -5.271623006 0.690196 0.772549 0.701961
vn -0.370316638 -0.442450310 -0.816763926
vn -0.444119757 0.045784789 -0.894796846
vn -0.278349337 -0.354476180 -0.892674792
vn -0.248843946 -0.260050413 -0.932979353
vn -0.446289559 -0.406004454 -0.797487312
vn -0.172655462 -0.553250077 -0.814926036
vn -0.042601389 0.049919288 -0.997844270
vn -0.100766948 -0.015113430 -0.994795258
vn -0.050664116 0.493412215 -0.868318797
vn -0.616971935 -0.404645553 -0.674987117
vn 0.459606988 0.678640174 -0.572895218
vn -0.460867165 -0.111556337 -0.880429804
vn 0.197418902 0.849619386 -0.489052836
vn 0.114107706 -0.184744751 -0.976139748
vn 0.136025372 0.397287792 -0.907556890
vn 0.386807735 0.166395206 -0.907023931
vn 0.203400045 0.699646472 -0.684925715
vn -0.203195969 0.105837683 -0.973401142
vn -0.228235902 -0.370300886 -0.900436353
vn -0.246190925 -0.329463202 -0.911506460
vn -0.055825989 0.487034140 -0.871596928
vn -0.238333993 0.217988521 -0.946402616
vn 0.361252500 0.688615890 -0.628732684
vn -0.240362016 0.250352225 -0.937843198
vn 0.017993615 -0.002349263 -0.999835342
vn 0.065028695 -0.078571935 -0.994785263
vn -0.428858114 -0.161458901 -0.888826047
vn 0.076870804 -0.060320113 -0.995214732
vn -0.538565938 -0.505730905 -0.673930992
vn -0.434858961 0.001165733 -0.900497821
vn 0.379917942 0.599732593 -0.704260729
vn 0.195971386 0.628029639 -0.753109546
vn 0.057853040 0.667894143 -0.742004339
vn -0.076054574 0.115251924 -0.990420464
vn -0.095829769 0.152461309 -0.983652482
vn -0.004902116 0.029115109 -0.999564045
vn 0.079299308 -0.033890773 -0.996274578
vn 0.302640000 0.374353226 -0.876509380
vn -0.305987249 0.240049339 -0.921275267
vn 0.488950931 -0.379591597 -0.785389844
vn 0.659170534 0.520128615 -0.543102597
vn 0.384907755 0.357494805 -0.850907448
vn -0.432700755 -0.032276132 -0.900959659
vn -0.339208282 -0.623165489 -0.704700301
vn 0.004631316 -0.037040546 -0.999303032
vn 0.797718933 -0.099919694 -0.594693667
vn 0.858489769 -0.030735167 -0.511908845
vn -0.170577712 0.357521597 -0.918194724
vn -0.144728523 -0.398057304 -0.905871976
vn -0.259192023 -0.120846529 -0.958235676
vn -0.697078451 -0.175710721 -0.695131193
vn 0.033134820 -0.073128668 -0.996771931
vn -0.441115189 0.145760822 -0.885534399
vn 0.076912603 0.007388521 -0.997010462
vn 0.120546439 0.019420673 -0.992517704
vn -0.138857257 -0.157687530 -0.977677506
vn 0.068777589 -0.033953152 -0.997054074
vn -0.049114791 -0.018232006 -0.998626723
vn -0.625842433 -0.067811657 -0.776996029
vn -0.586925522 -0.501404108 -0.635698318
vn -0.032576477 -0.321516524 -0.946343435
vn -0.236075742 -0.066511467 -0.969455759
vn 0.052799402 0.540376555 -0.839765087
vn 0.595462881 -0.172422046 -0.784662090
vn 0.125021511 -0.096248468 -0.987474483
vn -0.493737492 -0.473836403 -0.729179232
vn -0.071146971 -0.277740866 -0.958017808
vn 0.477496298 -0.418526391 -0.772549639
vn 0.015703737 0.031081912 -0.999393470
vn -0.515835392 -0.460625206 -0.722314521
vn -0.607211484 -0.321408319 -0.726629828
vn 0.525386957 0.389091525 -0.756687737
vn -0.513426211 -0.472032183 -0.716644364
vn -0.373068978 0.090164273 -0.923412119
vn 0.256421153 0.509549391 -0.821345001
vn -0.439203452 -0.632482704 -0.638017207
vn -0.519963537 -0.169967057 -0.837107592
vn -0.549872845 -0.311745405 -0.774890093
vn 0.038702732 -0.076411742 -0.996324919
vn -0.065713433 -0.153643644 -0.985938829
vn -0.606684704 -0.127130177 -0.784711150
vn 0.815726731 0.080602483 -0.572794152
vn 0.140236808 -0.179108220 -0.973783283
vn -0.235842969 0.240422480 -0.941581183
vn 0.045166948 -0.118756650 -0.991895561
vn 0.073112334 -0.561548867 -0.824207169
vn 0.032896854 0.008910359 -0.999419032
vn 0.070013866 -0.707571712 -0.703164512
vn 0.872235732 0.006146638 -0.489047081
vn 0.605071954 -0.074342307 -0.792692344
vn -0.110974351 -0.685122224 -0.719925157
vn -0.590721396 -0.167195661 -0.789362935
vn -0.266725921 0.013190634 -0.963682152
vn 0.165069650 -0.563425022 -0.809508651
vn -0.481404179 -0.316282775 -0.817444324
vn 0.052450573 0.400211065 -0.914920784
vn -0.457117428 -0.461604537 -0.760240033
vn 0.299593853 -0.573478015 -0.762473928
vn -0.422646033 -0.617413904 -0.663453391
vn 0.687141945 -0.188377168 -0.701676557
vn 0.098021119 -0.111416862 -0.988927774
vn 0.503866951 0.115247103 -0.856058527
vn 0.029091634 -0.145384741 -0.988947397
vn 0.032513650 -0.127222071 -0.991341216
vn 0.146602270 -0.730717135 -0.666753510
vn 0.171877509 -0.124925021 -0.977165217
vn 0.108312574 -0.094163106 -0.989647258
vn 0.533863484 -0.089467948 -0.840824159
vn 0.136610089 -0.202087418 -0.969792947
vn 0.136639007 -0.557396531 -0.818925448
vn -0.479644586 -0.261107658 -0.837713472
vn -0.137809393 -0.635663835 -0.759565705
vn 0.300336617 0.330140121 -0.894877319
vn -0.295133676 0.092358966 -0.950981564
vn 0.086570727 -0.033895043 -0.995668939
vn -0.418951116 -0.544211808 -0.726851753
vn 0.119029260 -0.057591655 -0.991219066
vn -0.125302227 -0.072168958 -0.989490270
vn 0.071441613 -0.128188552 -0.989173287
vn 0.793201164 0.141605921 -0.592266559
vn 0.041380918 -0.642708284 -0.764992602
vn 0.076727050 -0.172547797 -0.982008257
vn 0.068939827 -0.135593821 -0.988363099
vn -0.064316459 -0.124973865 -0.990073192
vn 0.702963693 -0.023081229 -0.710851112
vn -0.002635261 -0.719121179 -0.694879691
vn 0.682264480 -0.417782638 -0.599977372
vn -0.223988934 -0.647383166 -0.728508060
vn -0.477768082 -0.207764443 -0.853564055
vn -0.585332999 -0.269459304 -0.764707110
vn 0.095220164 -0.125211074 -0.987550154
vn 0.180823767 0.257166095 -0.949298881
vn -0.228369840 0.168144506 -0.958944545
vn 0.108617466 -0.162377648 -0.980732250
vn 0.110380585 -0.228951764 -0.967159354
vn -0.088226702 0.224504760 -0.970470845
vn 0.475109160 -0.127818683 -0.870593861
vn -0.061595640 -0.708983577 -0.702529903
vn 0.175849794 -0.050719800 -0.983109532
vn 0.186368278 -0.623890539 -0.758964730
vn 0.135919224 -0.061975654 -0.988779542
vn 0.182732932 -0.141494289 -0.972927563
vn 0.837647042 -0.127425245 -0.531140509
vn -0.607999403 -0.273316405 -0.745409196
vn 0.331940993 0.139360702 -0.932948965
vn -0.400606210 -0.418735881 -0.814969280
vn 0.126702985 -0.097872986 -0.987100416
vn -0.082712429 0.009358781 -0.996529511
vn 0.355711085 0.076208571 -0.931483697
vn -0.057791246 -0.080575571 -0.995071731
vn 0.504085018 -0.144656427 -0.851453353
vn 0.185383308 -0.680886587 -0.708538273
vn -0.668184635 -0.020853778 -0.743703176
vn -0.201975349 -0.545527134 -0.813391729
vn 0.114158050 -0.135054100 -0.984239976
vn -0.175613914 0.066443739 -0.982214326
vn 0.258294728 -0.148646148 -0.954561761
vn -0.493670892 -0.115799274 -0.861904623
vn 0.134750258 -0.144956733 -0.980219319
vn 0.196473441 -0.143539688 -0.969945640
vn 0.080369374 -0.144384625 -0.986252424
vn 0.377422453 -0.046907001 -0.924852434
vn 0.081202083 -0.171232704 -0.981878599
vn 0.115904167 -0.537296544 -0.835391314
vn 0.668781545 -0.204369840 -0.714817608
vn -0.435526632 -0.325597665 -0.839227450
vn 0.001493945 -0.632034518 -0.774938795
vn -0.580545123 -0.187942988 -0.792240363
vn 0.079402540 -0.141867289 -0.986695956
vn -0.108087698 0.065615045 -0.991973647
vn 0.225031673 0.130671414 -0.965549443
vn 0.125207937 -0.595342341 -0.793656392
vn -0.359415547 -0.337603814 -0.869967890
vn 0.022341955 0.120109141 -0.992509260
vn -0.457485158 -0.203454294 -0.865629066
vn -0.352189643 -0.462273497 -0.813797069
vn 0.375100822 0.287591744 -0.881243645
vn -0.044270591 -0.094923329 -0.994499712
vn 0.018052552 -0.130974125 -0.991221410
vn 0.082566142 0.097874980 -0.991767775
vn 0.479267031 -0.212722309 -0.851500048
vn -0.394910992 -0.320779315 -0.860898333
vn -0.417108125 -0.236943996 -0.877427122
vn 0.035413619 -0.219806928 -0.974900400
vn 0.184657043 -0.061067784 -0.980903921
vn 0.278246119 -0.025869044 -0.960161387
vn 0.062077252 -0.208208378 -0.976112538
vn 0.460301899 0.367794714 -0.807990848
vn 0.431995621 -0.588961807 -0.683010815
vn 0.674185368 -0.320934203 -0.665188189
vn -0.339213997 -0.395923104 -0.853333909
vn 0.105288855 -0.128253785 -0.986136514
vn -0.010739556 -0.006656294 -0.999920175
vn -0.474584682 -0.149302772 -0.867454933
vn 0.148846234 0.053410101 -0.987416913
vn 0.168497859 -0.146120079 -0.974811466
vn 0.472086008 0.403022639 -0.784032878
vn 0.228963788 -0.039810654 -0.972620530
vn 0.007179094 -0.045160060 -0.998953968
vn 0.385855606 -0.087138265 -0.918434742
vn -0.004598590 -0.123287212 -0.992360376
vn -0.420971886 -0.189614740 -0.887033777
vn 0.007610752 -0.033388578 -0.999413468
vn -0.125805633 0.493262946 -0.860734924
vn 0.101168758 -0.148462685 -0.983729492
vn -0.296869807 0.029586462 -0.954459512
vn 0.124096033 0.107818326 -0.986395146
vn -0.528113154 -0.149626248 -0.835887841
vn 0.107045354 -0.074664742 -0.991446654
vn -0.575178598 0.050023854 -0.816496904
vn 0.091168597 -0.205775423 -0.974343247
vn 0.246785303 0.363845307 -0.898172370
vn -0.400386122 -0.280516703 -0.872353903
vn -0.024888570 -0.447005844 -0.894184732
vn -0.150211761 0.491135167 -0.858034192
vn -0.187042694 -0.378592740 -0.906467080
vn 0.089151217 -0.115187584 -0.989335070
vn -0.679955985 -0.017748861 -0.733038087
vn -0.471846371 0.383833922 -0.793745880
vn -0.330042005 -0.325747645 -0.885980105
vn 0.279518010 0.477402465 -0.833040557
vn 0.315374073 -0.094623565 -0.944238093
vn -0.020507883 0.021312804 -0.999562500
vn 0.327880528 -0.146194237 -0.933338955
vn -0.352166363 -0.294857117 -0.888278184
vn -0.540439356 -0.035246928 -0.840644370
vn 0.282613954 -0.033771906 -0.958639041
vn 0.181229181 0.496793148 -0.848735855
vn 0.060586515 -0.069648832 -0.995730041
vn 0.177038079 -0.062243217 -0.982233832
vn -0.128736983 0.179318223 -0.975331617
vn 0.125457045 -0.181539196 -0.975348169
vn 0.218341088 -0.468238126 -0.856201043
vn 0.315186390 -0.025547755 -0.948685855
vn -0.177158098 0.556402521 -0.811807393
vn 0.093489763 0.288898738 -0.952783912
vn 0.065418722 0.033560697 -0.997293372
vn 0.091503441 -0.001937788 -0.995802875
vn 0.255530793 0.468768748 -0.845553000
vn 0.389163062 -0.098531460 -0.915884088
vn -0.399775223 -0.238079285 -0.885154238
vn -0.300169950 0.484843248 -0.821477343
vn 0.361434284 0.035120339 -0.931735918
vn -0.376620931 -0.218804848 -0.900156160
vn 0.376289790 -0.363723391 -0.852121640
vn 0.066960115 -0.148913424 -0.986580526
vn 0.132960173 -0.095113835 -0.986546984
vn -0.411952434 -0.185772038 -0.892067230
vn 0.299952745 -0.084836215 -0.950174282
vn -0.025695543 0.090014530 -0.995608921
vn 0.104315415 -0.400397084 -0.910384792
vn 0.204363397 -0.280509267 -0.937843352
vn 0.120818176 -0.107249587 -0.986863970
vn 0.146043603 -0.014724815 -0.989168563
vn -0.282768470 -0.324241723 -0.902723267
vn 0.111440790 -0.175674893 -0.978120280
vn -0.300508138 -0.338775017 -0.891586421
vn -0.525879389 0.226299898 -0.819901961
vn -0.000355528 -0.253411679 -0.967358462
vn 0.052660536 -0.124669829 -0.990799829
vn -0.169860968 -0.306040272 -0.936742549
vn 0.371466811 0.360095011 -0.855770993
vn -0.034034299 0.556744227 -0.829986465
vn -0.649104896 0.038107151 -0.759743825
vn 0.263991714 -0.158618612 -0.951392932
vn 0.201696852 -0.001962456 -0.979446031
vn -0.307297483 0.374333524 -0.874895805
vn 0.181844045 -0.179648125 -0.966777790
vn -0.446155111 -0.141691727 -0.883667964
vn -0.048101463 -0.108449345 -0.992937555
vn -0.370269716 -0.176596135 -0.911983631
vn 0.343675626 -0.071835646 -0.936336854
vn 0.166406115 -0.293458158 -0.941377349
vn 0.107601792 -0.081379419 -0.990857833
vn 0.190279840 -0.138604653 -0.971896256
vn 0.071775117 -0.071725526 -0.994838571
vn -0.093701018 -0.272642436 -0.957541759
vn 0.112893317 -0.197873768 -0.973704817
vn 0.114018037 -0.013778537 -0.993383128
vn 0.049522044 -0.046722046 -0.997679617
vn -0.450933666 0.065007771 -0.890186957
vn 0.097110808 -0.019374344 -0.995084984
vn -0.422416641 -0.069282541 -0.903750027
vn -0.310130105 -0.196359635 -0.930194717
vn -0.154745074 0.485549850 -0.860404152
vn 0.269169309 -0.375703695 -0.886788936
vn 0.209461714 -0.079491221 -0.974580390
vn 0.261497937 0.425409141 -0.866398229
vn 0.058367508 -0.151532841 -0.986727436
vn 0.248051288 -0.227252462 -0.941714860
vn 0.167139698 -0.270746123 -0.948029988
vn 0.070300351 -0.047639928 -0.996387624
vn -0.272369200 -0.369672191 -0.888345367
vn -0.049100059 0.409617458 -0.910935082
vn 0.093122566 -0.039775405 -0.994859842
vn 0.183538420 -0.126111143 -0.974889547
vn 0.095492692 -0.135820304 -0.986120678
vn 0.119202674 -0.159059452 -0.980046332
vn -0.460352665 -0.190011584 -0.867162627
vn 0.115212107 -0.062075346 -0.991399426
vn 0.048903085 0.413930666 -0.908993890
vn -0.447817800 -0.135021027 -0.883871337
vn 0.092083244 -0.148080486 -0.984679057
vn 0.198867109 -0.253988881 -0.946541875
vn 0.403731872 -0.094978821 -0.909933843
vn 0.199600944 -0.248386694 -0.947873153
vn 0.138106706 -0.037751133 -0.989697625
vn -0.193136980 -0.340424037 -0.920222572
vn -0.237809144 -0.310228659 -0.920437391
vn 0.293935315 0.106040082 -0.949925014
vn 0.163505991 -0.419645917 -0.892839905
vn 0.364516012 -0.089984342 -0.926839196
vn 0.319396349 -0.115915947 -0.940504899
vn -0.367789558 -0.089269031 -0.925614326
vn 0.254770686 0.210294810 -0.943858035
vn -0.345461984 -0.031683282 -0.937897749
vn 0.254853612 -0.119466041 -0.959571520
vn -0.042444303 -0.040719879 -0.998268688
vn 0.086599742 -0.075759143 -0.993358463
vn 0.080666234 -0.105151672 -0.991179139
vn 0.148199872 -0.085519080 -0.985252904
vn -0.006384440 -0.187931578 -0.982161372
vn -0.068651251 -0.134164955 -0.988578156
vn -0.060370045 -0.024960780 -0.997863927
vn -0.393741120 0.012417328 -0.919137498
vn 0.045129735 -0.108393595 -0.993083146
vn -0.291055176 -0.184461122 -0.938755015
vn -0.269344514 -0.261205831 -0.926943928
vn 0.132947237 -0.294883680 -0.946239213
vn -0.047469409 -0.039117112 -0.998106461
vn -0.326027500 0.236461475 -0.915309805
vn 0.095891404 -0.143921653 -0.984932179
vn -0.229860052 -0.116724431 -0.966198615
vn 0.089998541 -0.112613569 -0.989554671
vn 0.150837082 -0.120070053 -0.981239704
vn 0.147897600 -0.078745862 -0.985862764
vn -0.100308613 0.316333728 -0.943329823
vn -0.004058009 -0.099813103 -0.994997928
vn 0.087135034 -0.127192369 -0.988043312
vn -0.293866233 -0.204796678 -0.933649269
vn -0.024202488 0.313221920 -0.949371512
vn 0.131923048 -0.150033597 -0.979839900
vn 0.298270665 -0.102355305 -0.948977345
vn -0.005410208 0.221158633 -0.975222841
vn -0.114788548 -0.026342087 -0.993040625
vn 0.277677810 -0.233687813 -0.931818137
vn -0.378149377 -0.236924047 -0.894913429
vn -0.233469801 -0.195209784 -0.952567579
vn 0.168937976 -0.104844837 -0.980034449
vn -0.342311918 -0.094918602 -0.934779659
vn -0.340433834 -0.014950643 -0.940149607
vn -0.299614952 -0.027159531 -0.953673550
vn -0.213406988 -0.097509027 -0.972085103
vn -0.151091060 -0.075924099 -0.985599829
vn 0.270200175 -0.086258014 -0.958932438
vn 0.354913504 -0.016642201 -0.934751005
vn 0.026013770 -0.074607510 -0.996873614
vn -0.026254606 0.074617375 -0.996866562
vn -0.348494098 0.029097754 -0.936859213
vn 0.046058898 -0.079302729 -0.995785948
vn -0.082706865 0.235162447 -0.968430792
vn 0.002648891 0.295250537 -0.955416194
vn 0.181226755 -0.073134578 -0.980718205
vn 0.042272563 -0.029135815 -0.998681198
vn -0.227936403 -0.369603633 -0.900798618
vn -0.218573172 0.150305561 -0.964175299
vn 0.045838401 -0.106400741 -0.993266190
vn 0.034142436 0.138304914 -0.989801013
vn 0.320367264 -0.068379510 -0.944822237
vn 0.223597749 0.376286673 -0.899117560
vn 0.154930525 -0.031624637 -0.987419067
vn 0.020816353 0.085599299 -0.996112162
vn -0.146877967 -0.068310902 -0.986793030
vn -0.034819702 -0.134250375 -0.990335511
vn 0.099285538 -0.038545558 -0.994312135
vn 0.067749619 -0.165247923 -0.983922310
vn 0.144321710 -0.119365703 -0.982304980
vn 0.023369948 0.237735539 -0.971048742
vn 0.163000952 0.056321512 -0.985017044
vn 0.138263841 -0.081659594 -0.987023212
vn 0.197025772 -0.080936138 -0.977051783
vn 0.247684921 0.047414901 -0.967679703
vn -0.278111649 -0.399653890 -0.873459031
vn 0.140465633 -0.055490598 -0.988529311
vn 0.104831372 -0.070039750 -0.992020573
vn 0.419412397 0.024057072 -0.907476996
vn -0.351618175 -0.079067096 -0.932798506
vn -0.145213204 -0.243269424 -0.959027170
vn -0.305959879 -0.303187893 -0.902477509
vn -0.019164693 -0.069764363 -0.997379390
vn -0.072911858 0.189285401 -0.979211365
vn 0.197514286 -0.153347495 -0.968231714
vn -0.002584977 0.245599402 -0.969367965
vn -0.011150353 -0.065975612 -0.997758933
vn 0.035523261 0.083168480 -0.995902155
vn -0.315561473 0.052755186 -0.947437516
vn -0.266778064 -0.159911487 -0.950398748
vn 0.027412818 -0.127316423 -0.991483266
vn 0.106668797 -0.063558302 -0.992261110
vn 0.046067033 -0.143193433 -0.988622005
vn -0.358725781 0.063689791 -0.931267644
vn 0.139396120 -0.094926990 -0.985676209
vn -0.248775241 0.130406612 -0.959742150
vn -0.101057921 0.212690383 -0.971879672
vn -0.536566466 0.031568173 -0.843267382
vn -0.165802568 0.050628982 -0.984858474
vn -0.080032801 -0.429662876 -0.899435692
vn 0.391943933 0.016045146 -0.919849176
vn -0.229510400 0.050979282 -0.971970210
vn 0.554347700 0.074159709 -0.828974647
vn 0.191892914 -0.040354487 -0.980585858
vn 0.143976367 -0.083013291 -0.986093099
vn 0.117307519 -0.004976423 -0.993083169
vn 0.094569348 0.052556190 -0.994130014
vn 0.383238730 0.312320220 -0.869243439
vn -0.338592205 -0.311983360 -0.887705865
vn 0.063901589 -0.181073860 -0.981391280
vn -0.228280497 -0.218724644 -0.948708356
vn -0.247422136 -0.110083675 -0.962633820
vn -0.209284780 0.227648607 -0.950986852
vn 0.264327459 -0.170626332 -0.949219495
vn 0.290063518 -0.059155866 -0.955177334
vn -0.113657197 0.235555581 -0.965192007
vn 0.096612247 -0.088476266 -0.991381876
vn 0.069867180 -0.150239447 -0.986177817
vn 0.002647525 -0.058266484 -0.998297555
vn 0.099061681 -0.286895261 -0.952826266
vn 0.115388134 -0.126907124 -0.985180268
vn 0.044248725 0.130164588 -0.990504533
vn -0.182602893 -0.021408116 -0.982953649
vn -0.055371100 0.043994623 -0.997496123
vn -0.276465180 -0.025912133 -0.960674537
vn -0.028609158 0.034533052 -0.998993986
vn 0.086213822 -0.125628227 -0.988324201
vn 0.194541981 0.143029734 -0.970410178
vn -0.435251139 -0.199149906 -0.878006698
vn -0.274707914 -0.224188102 -0.935026875
vn 0.076790466 0.057858993 -0.995367048
vn 0.221475394 -0.148491839 -0.963793974
vn -0.003280302 0.095910556 -0.995384551
vn -0.141357681 0.145508851 -0.979206403
vn 0.123988915 -0.189976562 -0.973927952
vn -0.136463060 -0.110961640 -0.984411168
vn -0.214454978 -0.066737729 -0.974451198
vn -0.040730703 0.136433390 -0.989811568
vn 0.158426897 -0.090462132 -0.983217942
vn 0.074007289 -0.092979863 -0.992913725
vn 0.061968397 -0.026838230 -0.997717208
vn -0.273769806 0.044706665 -0.960755644
vn 0.124961439 -0.114370979 -0.985547522
vn 0.061775209 0.188933803 -0.980044816
vn 0.161463680 0.309452029 -0.937106676
vn -0.538408944 -0.435821397 -0.721231946
vn 0.170868040 -0.015048608 -0.985178995
vn -0.075200573 -0.219688845 -0.972667304
vn 0.367542880 0.291570533 -0.883118823
vn 0.090594998 0.086804053 -0.992097577
vn 0.074213844 0.202176337 -0.976533171
vn 0.126470000 -0.045617384 -0.990920982
vn -0.247283671 -0.089031979 -0.964844077
vn 0.080878989 -0.066994617 -0.994469864
vn -0.224991146 -0.016059710 -0.974228449
vn -0.037736979 -0.073627033 -0.996571613
vn -0.340175566 -0.298600475 -0.891694085
vn 0.066317244 0.220073855 -0.973226346
vn -0.075527752 0.099475047 -0.992169478
vn 0.048083753 -0.195671473 -0.979489983
vn -0.222752865 -0.086915080 -0.970992755
vn -0.269873709 -0.068248422 -0.960474015
vn 0.176186283 -0.109400401 -0.978258629
vn 0.112490704 -0.246201147 -0.962668602
vn -0.339764566 -0.274214171 -0.899648058
vn 0.464522429 -0.034061805 -0.884906044
vn 0.016201548 0.167992014 -0.985655210
vn 0.050654432 -0.201623714 -0.978152343
vn 0.089565417 -0.088388062 -0.992051202
vn 0.347327366 -0.227549760 -0.909716883
vn 0.262710342 -0.840374470 -0.474082299
vn -0.003634382 0.024276048 -0.999698687
vn -0.180306683 0.030498812 -0.983137489
vn 0.215219309 -0.150426747 -0.964910588
vn 0.152482409 0.239718632 -0.958793039
vn -0.034266432 -0.143405366 -0.989070631
vn 0.313760615 -0.052810609 -0.948032339
vn -0.247672346 -0.137098052 -0.959094642
vn 0.035622397 0.106171599 -0.993709533
vn 0.328372395 -0.211185158 -0.920636953
vn 0.466822873 -0.690409216 -0.552640498
vn 0.078290629 -0.262989324 -0.961616968
vn 0.153312466 -0.080381500 -0.984903093
vn 0.136571482 -0.112258729 -0.984249058
vn -0.129093469 0.075366742 -0.988764244
vn -0.069264237 -0.531910435 -0.843963124
vn -0.344114795 -0.561584677 -0.752467713
vn 0.118231868 -0.161368210 -0.979786470
vn -0.020648479 0.075187327 -0.996955619
vn 0.201225530 -0.145707413 -0.968647323
vn -0.244239001 -0.165398001 -0.955505527
vn 0.119584623 0.007435919 -0.992796165
vn 0.001199935 0.091976349 -0.995760469
vn 0.205443218 -0.154160928 -0.966450978
vn -0.079141959 -0.133112814 -0.987935994
vn -0.306271677 -0.006037588 -0.951925001
vn 0.098689050 -0.032785399 -0.994578096
vn 0.115907306 -0.101952229 -0.988013785
vn 0.076671509 -0.145470368 -0.986387273
vn 0.177102554 -0.080762587 -0.980873126
vn 0.077026853 -0.251941829 -0.964672058
vn 0.124896385 -0.138958603 -0.982390655
vn -0.215866175 0.016105728 -0.976290121
vn 0.195221694 -0.008786464 -0.980719781
vn 0.424233261 -0.435296592 -0.794067388
vn 0.075939395 0.106413985 -0.991417809
vn 0.374252570 0.074345247 -0.924341819
vn -0.204900142 -0.043280004 -0.977825533
vn 0.400580524 -0.122593754 -0.908023136
vn 0.167259674 -0.125341389 -0.977912950
vn 0.052071602 -0.115066152 -0.991992101
vn 0.397799942 0.124009180 -0.909052765
vn 0.091125489 -0.072745304 -0.993178869
vn -0.336925635 -0.127473193 -0.932862102
vn -0.226996539 -0.008153149 -0.973861436
vn 0.496914528 -0.097741155 -0.862277576
vn -0.205620295 0.020533331 -0.978416413
vn 0.189132101 -0.123064383 -0.974209529
vn 0.263143015 0.153369718 -0.952488049
vn -0.159185784 -0.473787211 -0.866132533
vn -0.133117754 -0.496028584 -0.858041553
vn 0.025203816 -0.198238653 -0.979829681
vn -0.151339431 0.012698390 -0.988400287
vn 0.161727054 -0.100785976 -0.981675378
vn 0.192008763 -0.164789400 -0.967459089
vn 0.099683815 -0.115922132 -0.988243490
vn 0.206568638 0.006444907 -0.978410886
vn 0.146378614 0.165484819 -0.975288714
vn 0.206272242 -0.243301081 -0.947763866
vn -0.213745530 -0.004063495 -0.976880922
vn 0.415474091 -0.105393101 -0.903478596
vn -0.270907082 -0.276453284 -0.922053651
vn -0.020982945 -0.932903751 -0.359513988
vn -0.338764249 -0.175401828 -0.924377078
vn 0.167613615 -0.302941380 -0.938153610
vn 0.102150325 -0.277941374 -0.955151246
vn 0.065665384 0.099535295 -0.992864937
vn 0.318588216 -0.759015530 -0.567800117
vn 0.142976455 -0.047658624 -0.988577963
vn -0.097376879 -0.208601687 -0.973140832
vn -0.201351178 -0.082877774 -0.976006648
vn 0.157985544 0.173386725 -0.972099589
vn 0.020723084 0.015130808 -0.999670752
vn 0.274372901 -0.132606404 -0.952436377
vn -0.240806184 -0.229169744 -0.943129689
vn 0.404016929 0.014439185 -0.914637541
vn 0.071390817 0.103210256 -0.992094247
vn 0.502407145 -0.513666898 -0.695509438
vn -0.211217509 0.001036087 -0.977438535
vn 0.138221360 -0.060621162 -0.988544349
vn 0.163136638 -0.153061082 -0.974658270
vn -0.077931213 0.089167993 -0.992963139
vn 0.061279039 -0.144010210 -0.987677042
vn 0.349369139 -0.168718821 -0.921669770
vn 0.035292561 -0.376002032 -0.925946493
vn 0.479595439 -0.861675259 -0.165843187
vn 0.122936560 -0.099612109 -0.987402669
vn -0.238822433 0.034247715 -0.970459139
vn 0.488819597 -0.659288817 -0.571308723
vn -0.248207241 0.057295824 -0.967011041
vn 0.356657971 -0.370753934 -0.857517704
vn -0.118651745 0.095963339 -0.988287813
vn 0.043276612 -0.189485629 -0.980929320
vn -0.012174225 -0.978558930 -0.205606930
vn 0.094805019 -0.974127340 -0.205153439
vn 0.105217881 -0.146272264 -0.983632870
vn -0.204338473 -0.127503161 -0.970561040
vn -0.031699668 0.083387918 -0.996012844
vn -0.113921923 -0.241056893 -0.963801520
vn 0.078308740 -0.117338867 -0.989999662
vn 0.289471136 -0.085988619 -0.953316537
vn 0.112616361 -0.121779369 -0.986147727
vn -0.009223855 -0.131157709 -0.991318605
vn -0.274807094 0.001991338 -0.961497320
vn 0.089435450 0.186079188 -0.978455843
vn 0.209306066 -0.872974099 -0.440575980
vn 0.913747616 -0.394518937 -0.097057212
vn 0.131874297 -0.143845225 -0.980774042
vn 0.071875022 -0.225274160 -0.971640640
vn 0.098786454 -0.022246107 -0.994859964
vn 0.159780217 -0.092377508 -0.982820776
vn 0.107087986 -0.050033138 -0.992989853
vn -0.319047899 -0.341651189 -0.884015216
vn -0.028067161 0.107995885 -0.993755062
vn -0.005927002 0.106431448 -0.994302377
vn -0.266541225 -0.308835169 -0.913004169
vn 0.113206384 0.064872634 -0.991451389
vn 0.088118275 0.153053155 -0.984281414
vn 0.226545905 -0.595378128 -0.770844886
vn 0.149045600 -0.082244713 -0.985404088
vn 0.036061867 -0.136389443 -0.989998718
vn 0.047539553 -0.229397858 -0.972171083
vn -0.156071017 0.114410989 -0.981097326
vn -0.134190465 0.115836512 -0.984161990
vn -0.134934511 0.092092220 -0.986565609
vn -0.160529207 -0.168809797 -0.972488368
vn -0.167357737 -0.850644969 -0.498391938
vn 0.074217171 -0.093776082 -0.992823176
vn -0.098418783 0.092245045 -0.990860533
vn 0.346390248 0.151865825 -0.925716246
vn 0.222267168 -0.917846536 -0.328869339
vn -0.210952160 -0.006197600 -0.977476739
vn -0.150710152 -0.057563682 -0.986900640
vn -0.316395844 -0.877893724 -0.359438838
vn -0.078912730 0.241399483 -0.967212009
vn 0.052988782 -0.301142330 -0.952105817
vn 0.075953118 0.035444071 -0.996481230
vn 0.076239898 0.112506622 -0.990721827
vn -0.008128968 0.045732812 -0.998920632
vn -0.265146882 0.037983803 -0.963459580
vn -0.060190201 0.083373101 -0.994698982
vn 0.434159670 -0.504854578 -0.746074552
vn -0.032955646 -0.298214039 -0.953929931
vn -0.107073774 -0.104301273 -0.988765114
vn 0.055524042 -0.151335444 -0.986921813
vn 0.095434498 -0.278457096 -0.955695507
vn 0.028745190 -0.171523862 -0.984760519
vn 0.147760525 -0.103292960 -0.983614453
vn 0.044461408 -0.143053045 -0.988715839
vn -0.265092918 -0.343046706 -0.901135230
vn 0.684860196 -0.364194219 -0.631133174
vn 0.294340208 -0.075442751 -0.952718339
vn -0.021180752 0.169182639 -0.985357098
vn 0.038532612 -0.249065037 -0.967719921
vn -0.235098156 0.077203753 -0.968900633
vn 0.060305003 -0.111273397 -0.991958435
vn -0.064134307 -0.411129791 -0.909317924
vn -0.356464805 0.083533937 -0.930566991
vn -0.182757455 -0.167830114 -0.968727395
vn 0.138005669 -0.067860265 -0.988103952
vn 0.190034925 -0.155663461 -0.969358352
vn 0.130889651 -0.101981975 -0.986137706
vn 0.148666398 -0.107950264 -0.982977641
vn 0.625880269 0.295075412 -0.721944866
vn 0.323177845 -0.451020188 -0.831947637
vn -0.087899501 0.053432319 -0.994695262
vn 0.034226190 0.203722667 -0.978430193
vn 0.006643293 -0.304115740 -0.952611927
vn -0.320272650 0.120329155 -0.939652236
vn 0.205730449 -0.149498315 -0.967122141
vn -0.164221257 -0.126549953 -0.978272195
vn 0.118548437 -0.139396353 -0.983114909
vn 0.095945793 -0.101640228 -0.990183654
vn -0.658643714 -0.500761735 -0.561628118
vn -0.740282816 -0.325920301 -0.588011318
vn -0.627101995 -0.198264105 -0.753282439
vn -0.095126629 0.050071124 -0.994205113
vn 0.056670132 -0.120751906 -0.991063809
vn -0.178290301 0.029376438 -0.983539320
vn -0.073663194 0.079820381 -0.994083719
vn -0.573814923 -0.660066177 -0.484818601
vn 0.263189638 -0.077587749 -0.961619132
vn -0.035735944 0.032379265 -0.998836586
vn -0.269290502 -0.470852579 -0.840107418
vn 0.580387497 -0.120640959 -0.805354650
vn 0.365097699 0.477795745 -0.799008696
vn -0.505484571 -0.213788576 -0.835930495
vn -0.353051556 -0.653117208 -0.669919780
vn 0.023121894 -0.151716233 -0.988153613
vn -0.115455843 -0.397515651 -0.910302837
vn -0.262071466 -0.118436713 -0.957753252
vn -0.643431006 -0.112779775 -0.757150753
vn -0.300221894 -0.137689680 -0.943879424
vn -0.231371294 -0.015273113 -0.972745628
vn -0.028882694 -0.081071901 -0.996289685
vn 0.343638596 0.258627095 -0.902787096
vn 0.006298818 -0.502212153 -0.864721504
vn 0.073823607 -0.094777391 -0.992757433
vn 0.034714919 -0.153509618 -0.987537175
vn -0.366681313 0.014328465 -0.930236266
vn 0.060901211 -0.296850253 -0.952980047
vn 0.020944494 -0.217784036 -0.975772229
vn -0.312395546 -0.152517512 -0.937628621
vn -0.596616585 -0.123891596 -0.792905747
vn 0.142428030 -0.073325802 -0.987085398
vn -0.081976035 0.045530059 -0.995593764
vn -0.084246231 -0.003038706 -0.996440334
vn 0.057027494 0.153633296 -0.986480955
vn 0.062405286 -0.339668097 -0.938472783
vn 0.099807200 -0.185839149 -0.977497997
vn 0.155598460 -0.103818149 -0.982349689
vn -0.546489860 0.055499188 -0.835624720
vn 0.134321007 -0.024780017 -0.990627992
vn 0.353760739 -0.106464890 -0.929256997
vn -0.076085359 0.047711947 -0.995959130
vn 0.441855823 0.366859252 -0.818643830
vn 0.300797704 0.151974966 -0.941501116
vn 0.107215075 -0.156360994 -0.981863619
vn 0.185579157 -0.013202202 -0.982540624
vn 0.126749447 -0.083489881 -0.988414902
vn 0.043478156 -0.204984649 -0.977799030
vn 0.040893977 -0.141754144 -0.989056846
vn 0.037842457 -0.249710198 -0.967580883
vn -0.160944645 -0.049131734 -0.985739770
vn -0.003869539 -0.049030205 -0.998789801
vn -0.065640268 0.025937019 -0.997506204
vn 0.063142208 -0.134155022 -0.988946658
vn 0.190964968 -0.155264693 -0.969239524
vn -0.017975244 0.045031892 -0.998823818
vn -0.006712666 0.027978080 -0.999585998
vn -0.074509566 0.005703239 -0.997203990
vn 0.114815976 -0.095516277 -0.988784068
vn -0.648275093 -0.264189109 -0.714103297
vn 0.014643788 -0.163366387 -0.986456782
vn -0.259014042 -0.007958758 -0.965840765
vn 0.145093447 0.293230664 -0.944967549
vn -0.049730921 -0.185326859 -0.981417745
vn -0.244017904 -0.259429987 -0.934425676
vn 0.049378029 0.038942093 -0.998020703
vn -0.635948054 -0.256981897 -0.727688379
vn -0.239445288 -0.092082578 -0.966533369
vn 0.419486976 0.372825956 -0.827666287
vn -0.155634759 -0.436559434 -0.886111552
vn -0.179883553 -0.438586823 -0.880501849
vn -0.012867561 0.005780762 -0.999900499
vn 0.116725671 0.002042308 -0.993162095
vn 0.366456479 -0.151815298 -0.917966102
vn 0.072167456 -0.251886657 -0.965062159
vn -0.277080305 0.001572383 -0.960845478
vn 0.091334732 -0.003581747 -0.995813807
vn -0.442709501 -0.005450479 -0.896648532
vn -0.073257821 0.026763103 -0.996953875
vn -0.254251263 -0.543206798 -0.800176649
vn 0.336045754 0.154888695 -0.929022466
vn 0.076347707 -0.070636852 -0.994576022
vn -0.236777591 -0.075763238 -0.968605340
vn 0.113449249 -0.058201522 -0.991837613
vn -0.014251360 -0.217138290 -0.976036814
vn 0.191796459 -0.251222498 -0.948736726
vn 0.055577279 -0.208269304 -0.976491200
vn 0.228219305 -0.430686605 -0.873169512
vn 0.030507372 0.050050374 -0.998280652
vn 0.146469753 0.171549880 -0.974226488
vn -0.354583097 0.062207378 -0.932952876
vn 0.371737720 -0.155600303 -0.915204684
vn 0.056081595 -0.387639252 -0.920103616
vn -0.009434319 -0.519296593 -0.854542007
vn 0.419584141 0.099732579 -0.902220905
vn 0.096525285 -0.113055694 -0.988888912
vn -0.356178958 0.105207930 -0.928476085
vn -0.216007542 0.021859642 -0.976146965
vn 0.487897661 -0.162572047 -0.857628242
vn 0.088453489 -0.145451099 -0.985403449
vn 0.121419244 -0.088807604 -0.988620542
vn -0.127442813 -0.219172463 -0.967327122
vn -0.285900233 0.153592389 -0.945870200
vn -0.443204401 -0.438828990 -0.781664235
vn -0.064910304 -0.361659639 -0.930047826
vn 0.070138313 -0.100220015 -0.992490083
vn 0.118260275 0.197842747 -0.973073869
vn -0.189140179 -0.188687556 -0.963650870
vn 0.105616009 -0.095934389 -0.989768585
vn -0.298812135 0.124051242 -0.946214879
vn -0.242423090 -0.047293379 -0.969017225
vn -0.464887847 -0.381214153 -0.799096402
vn -0.114653783 -0.357300514 -0.926925484
vn -0.450052354 0.055035338 -0.891304656
vn -0.168149617 -0.127936557 -0.977424137
vn -0.116055421 -0.003740895 -0.993235695
vn -0.105226531 -0.082165984 -0.991047995
vn 0.237514141 0.017447032 -0.971227385
vn -0.207280886 0.036423907 -0.977603157
vn -0.257123263 -0.529189865 -0.808607268
vn 0.336346818 -0.209939280 -0.918039387
vn 0.065684405 -0.380665291 -0.922377090
vn -0.443835624 -0.216234167 -0.869627923
vn -0.413559791 -0.312434744 -0.855191692
vn 0.250904935 0.229435172 -0.940428740
vn -0.061915614 0.014654728 -0.997973795
vn -0.024315447 -0.398253533 -0.916953043
vn 0.287399508 0.399845116 -0.870359354
vn -0.082808618 0.019923651 -0.996366288
vn 0.517464067 -0.072253571 -0.852649025
vn 0.348737682 -0.113060207 -0.930375956
vn 0.097621880 -0.098102019 -0.990376677
vn -0.392535999 0.042133620 -0.918771053
vn 0.219445006 -0.469299121 -0.855337491
vn 0.185932074 -0.157074579 -0.969926204
vn 0.420346010 -0.342578259 -0.840207932
vn 0.040435648 -0.115702640 -0.992460507
vn -0.037210908 -0.213033513 -0.976336044
vn -0.042956715 -0.147165665 -0.988178621
vn 0.107827852 -0.134181231 -0.985072866
vn 0.062816001 -0.057755390 -0.996352581
vn 0.022407047 -0.228407562 -0.973307716
vn -0.390817124 -0.045589031 -0.919338684
vn 0.145639867 -0.223062709 -0.963863090
vn -0.234300596 -0.105195045 -0.966456017
vn 0.086084665 -0.378704186 -0.921505600
vn -0.212447480 -0.204996656 -0.955427883
vn -0.347962918 0.070645316 -0.934842793
vn 0.140358796 -0.111465260 -0.983806335
vn -0.007357216 -0.311892446 -0.950088929
vn -0.019651888 -0.024804619 -0.999499142
vn 0.089363236 -0.118190267 -0.988961715
vn -0.127932804 -0.022054001 -0.991537603
vn -0.112748777 -0.143301416 -0.983235688
vn -0.129214752 -0.376429023 -0.917390178
vn -0.288034661 -0.354270039 -0.889679028
vn 0.082780062 -0.514676319 -0.853379018
vn 0.108791472 -0.056749616 -0.992443397
vn -0.108286199 0.008865758 -0.994080227
vn -0.357198454 -0.477371566 -0.802823550
vn 0.166138611 -0.104381823 -0.980562286
vn 0.160133697 -0.166697929 -0.972917776
vn 0.327758610 0.011810736 -0.944687673
vn -0.069530559 -0.019919835 -0.997380921
vn 0.215043847 -0.062993143 -0.974570679
vn 0.024494338 0.190341021 -0.981412412
vn 0.122697834 -0.159375318 -0.979563551
vn -0.065993093 0.050897810 -0.996521111
vn 0.093060415 -0.518262741 -0.850143218
vn 0.028961127 -0.021965556 -0.999339165
vn -0.247111996 -0.377705166 -0.892342126
vn -0.348821824 -0.040289564 -0.936322640
vn 0.009474874 -0.210513475 -0.977545039
vn 0.357777407 -0.144232806 -0.922600794
vn -0.143432778 -0.140614373 -0.979619639
vn -0.068394936 -0.239637611 -0.968450282
vn 0.676326881 0.165224392 -0.717832049
vn -0.168822513 -0.143487731 -0.975146261
vn 0.080938416 -0.166876755 -0.982650050
vn 0.427866091 0.168602271 -0.887977411
vn 0.284300904 -0.180442643 -0.941601534
vn 0.027840702 0.191819290 -0.981035298
vn -0.074252034 0.076537612 -0.994298059
vn -0.146676072 0.153515031 -0.977199706
vn 0.149895164 -0.395194992 -0.906284921
vn 0.279600843 -0.483912778 -0.829247726
vn -0.291347811 -0.237600194 -0.926640492
vn 0.135422939 -0.006297878 -0.990767866
vn 0.149939468 -0.095262338 -0.984095139
vn 0.347804294 -0.087815748 -0.933445535
vn 0.086409166 -0.145618429 -0.985560109
vn 0.286298090 -0.188034974 -0.939508516
vn -0.262068234 -0.067949849 -0.962654174
vn 0.214150639 -0.390899737 -0.895174229
vn -0.263620376 -0.132825211 -0.955437994
vn -0.360452979 -0.146459662 -0.921207478
vn -0.017784473 -0.234043354 -0.972063486
vn 0.021717599 -0.344291529 -0.938611575
vn -0.327197947 -0.343083115 -0.880474576
vn -0.032403004 -0.040002275 -0.998674053
vn 0.227348969 -0.160930018 -0.960423852
vn 0.148331889 -0.180205321 -0.972380426
vn 0.318246291 -0.535038694 -0.782593697
vn 0.240353636 -0.125530690 -0.962534246
vn -0.011983947 -0.072161470 -0.997320965
vn -0.147755208 -0.248401051 -0.957321950
vn 0.137996720 -0.308947812 -0.941014429
vn 0.119713614 -0.421841519 -0.898731541
vn 0.146922142 -0.237849538 -0.960125763
vn 0.344023529 -0.186597825 -0.920233157
vn -0.099960053 -0.027795725 -0.994603130
vn 0.236989754 -0.202865071 -0.950095584
vn -0.117312354 -0.061449698 -0.991192083
vn 0.161411418 -0.563793609 -0.809989581
vn 0.261090850 -0.160420333 -0.951891215
vn 0.459252467 -0.018015415 -0.888123086
vn -0.080661633 -0.087597321 -0.992884893
vn 0.622161202 -0.281458033 -0.730545560
vn -0.271257927 0.026827256 -0.962132753
vn -0.120256373 -0.113505164 -0.986232722
vn 0.130537999 -0.187466027 -0.973558586
vn -0.247347999 0.043706209 -0.967940460
vn -0.218998335 0.086772209 -0.971859204
vn -0.267151818 -0.145588334 -0.952593273
vn 0.605699082 -0.354935357 -0.712144307
vn -0.230252823 -0.077725813 -0.970021822
vn -0.244074215 -0.091350192 -0.965444416
vn -0.012165348 -0.406341587 -0.913640257
vn -0.246139192 -0.208012692 -0.946649998
vn -0.242215709 -0.145219551 -0.959292881
vn 0.002443403 0.027338876 -0.999623237
vn -0.018775139 -0.130219354 -0.991307427
vn 0.220127725 -0.401218226 -0.889138752
vn -0.065989468 -0.079151669 -0.994676029
vn -0.118362317 0.224862924 -0.967174766
vn -0.217821948 -0.158104137 -0.963097441
vn 0.140656162 0.042695653 -0.989137465
vn -0.225035643 -0.117648001 -0.967221747
vn 0.322991201 -0.467549927 -0.822844913
vn -0.296072134 -0.182730453 -0.937523799
vn 0.133601124 -0.188535050 -0.972936418
vn -0.106570958 0.078622936 -0.991191740
vn -0.255079521 -0.032228015 -0.966382840
vn 0.277137870 -0.211269021 -0.937315316
vn -0.244769123 -0.174345959 -0.953777523
vn 0.248285230 -0.159966135 -0.955387503
vn -0.000963962 -0.155549892 -0.987827567
vn 0.149880277 0.018012219 -0.988540066
vn 0.270404282 -0.237689936 -0.932944274
vn 0.328549539 -0.128970754 -0.935639752
vn 0.030326488 0.058372048 -0.997834159
vn 0.008897037 0.170987168 -0.985233085
vn -0.137334932 -0.066819411 -0.988268325
vn 0.078270100 -0.202508094 -0.976147665
vn 0.374105183 -0.178922500 -0.909962665
vn 0.183934658 -0.162164884 -0.969469232
vn 0.165380235 -0.286817270 -0.943602263
vn 0.145410968 -0.173508675 -0.974038187
vn 0.339000133 -0.241905037 -0.909153927
vn 0.273522375 -0.201208700 -0.940585227
vn -0.291852488 -0.166017982 -0.941944879
vn -0.250271894 -0.187992166 -0.949748875
vn -0.214086204 -0.159178528 -0.963757902
vn -0.120376584 -0.087454501 -0.988868641
vn -0.158152014 -0.166618201 -0.973255524
vn 0.290653060 -0.299868505 -0.908625159
vn -0.061549808 0.051570290 -0.996770849
vn 0.046973589 -0.151759333 -0.987300657
vn 0.071847248 -0.169870902 -0.982843756
vn 0.295221980 -0.147345363 -0.943998584
vn -0.009041871 0.249499177 -0.968332797
vn -0.236594870 -0.072892025 -0.968870280
vn 0.051187064 -0.138020254 -0.989105805
vn -0.085224697 -0.365673039 -0.926833307
vn 0.104459567 -0.178825673 -0.978319773
vn 0.121067048 -0.163039927 -0.979163292
vn 0.281112517 -0.097203046 -0.954739399
vn -0.336434069 -0.093861766 -0.937017655
vn -0.030947972 -0.060953533 -0.997660709
vn 0.212065842 -0.219162995 -0.952363198
vn -0.014482356 0.129964726 -0.991412846
vn -0.175425651 -0.088820549 -0.980477818
vn 0.126573751 -0.172360558 -0.976867915
vn 0.226954001 -0.276786990 -0.933745599
vn -0.309855772 -0.160896430 -0.937070829
vn 0.186582304 -0.336341442 -0.923071762
vn 0.217053388 -0.148757234 -0.964758577
vn 0.158716826 -0.036645153 -0.986643858
vn 0.203502106 -0.199742761 -0.958483032
vn 0.215949209 -0.172689765 -0.961012062
vn 0.017394531 -0.265935905 -0.963833764
vn -0.234598799 -0.065382753 -0.969890973
vn 0.145911278 -0.063388134 -0.987264829
vn 0.196310420 -0.206183605 -0.958619080
vn 0.144561884 -0.237526780 -0.960563840
vn 0.778026355 0.020122910 -0.627909276
vn 0.026225837 -0.131717849 -0.990940267
vn 0.260836513 -0.334043338 -0.905747957
vn -0.329178463 -0.205346066 -0.921669427
vn -0.225853186 -0.226243650 -0.947525276
vn 0.168703943 -0.076239434 -0.982713859
vn 0.241723064 -0.341803629 -0.908152102
vn 0.172455631 -0.171677398 -0.969941197
vn 0.251012295 -0.172234885 -0.952537649
vn 0.197959141 -0.193263199 -0.960969050
vn 0.261934071 -0.162650907 -0.951280834
vn -0.134323375 -0.106039030 -0.985247662
vn -0.143152775 -0.151260575 -0.978073372
vn 0.025934965 0.064388946 -0.997587811
vn 0.259748987 -0.111551314 -0.959211535
vn 0.288529564 -0.251787034 -0.923771606
vn -0.165304366 -0.154658887 -0.974040602
vn 0.162406894 -0.255252261 -0.953137075
vn 0.139312907 0.147580891 -0.979189356
vn -0.292396028 -0.095456513 -0.951521212
vn 0.084246886 -0.198708966 -0.976430852
vn -0.062787318 -0.255239498 -0.964837060
vn 0.269566533 -0.283512194 -0.920301429
vn -0.038673182 -0.037761037 -0.998538176
vn 0.196193579 -0.196616867 -0.960650762
vn -0.060648227 -0.016131232 -0.998028845
vn 0.288731500 -0.183158459 -0.939727141
vn 0.094757492 -0.188854474 -0.977422634
vn -0.266927978 -0.041976848 -0.962801848
vn 0.331977813 -0.178960378 -0.926155449
vn -0.325570332 -0.214186912 -0.920938611
vn 0.151383558 -0.113152159 -0.981977397
vn 0.210422233 -0.112671409 -0.971096101
vn -0.030291080 -0.046191901 -0.998473214
vn 0.143464981 -0.183180315 -0.972554765
vn 0.070201035 -0.207728725 -0.975664180
vn 0.161809211 -0.249429533 -0.954778868
vn 0.158861726 -0.151083411 -0.975672463
vn -0.275723822 -0.115736287 -0.954243934
vn 0.078668744 -0.287535964 -0.954533550
vn -0.019776929 -0.126254341 -0.991800743
vn 0.201520422 -0.127249631 -0.971183325
vn 0.665994632 -0.072348906 -0.742439752
vn 0.183362234 0.042165033 -0.982140724
vn 0.192040781 -0.239855908 -0.951624654
vn 0.260019317 -0.231815603 -0.937364113
vn 0.291614517 -0.255093145 -0.921893953
vn 0.255973606 -0.309016291 -0.915962032
vn -0.179785456 -0.216648800 -0.959552233
vn 0.014064374 0.030446393 -0.999437447
vn -0.128675978 -0.503534202 -0.854339394
vn 0.153908138 -0.114119358 -0.981472902
vn 0.392704744 -0.254002802 -0.883892279
vn 0.181763680 -0.152073055 -0.971512095
vn -0.243096614 -0.223318982 -0.943945268
vn -0.044280672 -0.071777046 -0.996437292
vn -0.203904561 -0.209719793 -0.956263844
vn 0.161374985 -0.167519409 -0.972571520
vn -0.357135357 -0.317350426 -0.878489069
vn -0.079870485 -0.169839538 -0.982229727
vn 0.232618054 -0.124905782 -0.964514068
vn 0.117028459 -0.136054452 -0.983764975
vn 0.197789707 -0.304868215 -0.931630078
vn 0.137355515 -0.108286499 -0.984584936
vn 0.210645290 -0.230223090 -0.950066256
vn 0.307661059 -0.171527218 -0.935907627
vn -0.092665302 -0.227279607 -0.969410709
vn 0.198597294 0.074510730 -0.977244732
vn 0.221009498 -0.257175683 -0.940752608
vn -0.200405424 -0.134695459 -0.970409604
vn 0.241249715 -0.122341254 -0.962720724
vn 0.176599475 -0.255697954 -0.950489969
vn 0.012144433 -0.008182636 -0.999892773
vn -0.071941442 -0.134205703 -0.988338635
vn -0.064037326 -0.161998426 -0.984710988
vn -0.015539023 -0.212999201 -0.976928800
vn 0.219665390 -0.152066583 -0.963650803
vn 0.150173165 -0.145215208 -0.977936892
vn 0.119458725 -0.198235142 -0.972847594
vn -0.103786180 -0.206545018 -0.972917049
vn 0.125772694 -0.095163280 -0.987484268
vn -0.072386100 -0.033530937 -0.996812886
vn 0.187177972 -0.133644046 -0.973192517
vn 0.145492108 0.023538641 -0.989079359
vn 0.169911425 -0.216836158 -0.961307541
vn 0.202587194 -0.139417017 -0.969289082
vn -0.195047667 -0.198196133 -0.960559577
vn 0.223224809 -0.169299690 -0.959952238
vn 0.033613477 -0.288358384 -0.956932378
vn 0.147615588 -0.246638868 -0.957798991
vn 0.241429459 -0.094919369 -0.965765049
vn -0.162262563 -0.138237352 -0.977016528
vn -0.085441765 -0.192744463 -0.977522008
vn 0.199363526 -0.131437683 -0.971070708
vn 0.126030104 -0.102269472 -0.986740781
vn 0.100068556 -0.254111643 -0.961984177
vn 0.242575078 -0.057361677 -0.968435320
vn 0.185338011 -0.126306542 -0.974523719
vn 0.215270869 -0.274968594 -0.937043609
vn 0.250471896 -0.202416717 -0.946726625
vn -0.037082502 -0.052692916 -0.997922013
vn 0.113585958 -0.069504762 -0.991094001
vn 0.744119953 0.123263931 -0.656575585
vn 0.174017036 -0.146586963 -0.973771191
vn 0.260348422 -0.166305574 -0.951084200
vn -0.277127239 -0.243031860 -0.929589161
vn -0.078014302 -0.281251661 -0.956457669
vn 0.258433440 -0.095290614 -0.961317771
vn 0.247729374 -0.197954585 -0.948390289
vn 0.297721741 -0.279932298 -0.912688158
vn -0.151753456 -0.184151210 -0.971112363
vn 0.184932704 -0.475396015 -0.860115413
vn 0.283088070 0.093849369 -0.954491195
vn 0.197985649 -0.203370058 -0.958875541
vn 0.497479022 0.069031412 -0.864724978
vn -0.028221860 0.022381014 -0.999351098
vn 0.015277223 -0.146401242 -0.989107316
vn -0.034550273 -0.027019930 -0.999037638
vn -0.510624382 -0.534050854 -0.673834123
vn 0.206913289 -0.164591183 -0.964415177
vn 0.064659561 -0.036017767 -0.997257169
vn 0.159444488 -0.174810437 -0.971606282
vn 0.161430041 -0.043800727 -0.985911679
vn -0.473665218 -0.363648595 -0.802122784
vn -0.047273910 -0.003569001 -0.998875588
vn -0.209707995 -0.219694228 -0.952762826
vn 0.118059371 -0.171403154 -0.978101704
vn 0.139274953 0.169834638 -0.975581203
vn -0.168065406 -0.321143626 -0.931998278
vn 0.097646250 0.046231925 -0.994146779
vn 0.279064522 -0.123906789 -0.952244769
vn -0.152688727 -0.120348112 -0.980919204
vn -0.010983898 -0.142933029 -0.989671412
vn -0.165199665 -0.230491413 -0.958948789
vn -0.206016762 -0.224682378 -0.952404810
vn 0.124995831 -0.204947138 -0.970758834
vn 0.001966585 -0.055973706 -0.998430306
vn -0.026770113 -0.158066337 -0.987065547
vn -0.503918835 -0.457403733 -0.732698869
vn 0.178734861 -0.077594740 -0.980832761
vn -0.024461516 -0.019611378 -0.999508393
vn 0.217706429 -0.143936402 -0.965342542
vn -0.092808176 -0.553710277 -0.827521342
vn 0.010987461 -0.009226885 -0.999897065
vn 0.170095212 0.288040907 -0.942390606
vn -0.506934988 -0.203175089 -0.837697321
vn 0.151177340 -0.208701501 -0.966224143
vn 0.146627472 0.067431085 -0.986890791
vn -0.030327308 -0.002703701 -0.999536365
vn 0.175457273 -0.199455986 -0.964070565
vn -0.029868771 -0.068973950 -0.997171224
vn 0.001150427 0.040914581 -0.999161986
vn -0.096936555 -0.232606209 -0.967728090
vn 0.238441983 -0.027234182 -0.970774804
vn -0.135768511 -0.090517453 -0.986596930
vn 0.247843323 -0.056704475 -0.967139230
vn 0.189052722 -0.051841092 -0.980597557
vn 0.244571904 -0.112590736 -0.963072121
vn 0.022851171 -0.570880168 -0.820715333
vn 0.279117785 -0.130429125 -0.951357717
vn 0.230959039 -0.147101245 -0.961779157
vn 0.264141965 -0.248382807 -0.931952254
vn 0.104015174 -0.125288344 -0.986652763
vn -0.290366465 -0.239107728 -0.926560743
vn -0.531620757 -0.210705816 -0.820355063
vn 0.146753802 -0.145617625 -0.978396049
vn -0.023392050 -0.031614049 -0.999226383
vn -0.091864672 -0.089386105 -0.991751484
vn 0.230851032 -0.151046135 -0.961193459
vn 0.127916527 -0.120451273 -0.984443423
vn 0.166506991 -0.065928142 -0.983833778
vn 0.145717270 -0.108459680 -0.983363094
vn -0.194431042 -0.164205286 -0.967074554
vn 0.221975160 -0.101445040 -0.969760760
vn 0.306794307 0.037962994 -0.951018435
vn 0.188784672 -0.081836974 -0.978602604
vn 0.176835930 -0.117590677 -0.977190609
vn -0.182298225 -0.090490773 -0.979070364
vn 0.249360365 -0.153203773 -0.956215463
vn -0.208617205 -0.158577597 -0.965055443
vn 0.155447867 -0.171306769 -0.972877151
vn 0.002216551 0.126271870 -0.991993196
vn -0.171648700 -0.172896583 -0.969867772
vn 0.174070880 -0.130089704 -0.976102452
vn -0.051693929 -0.238023275 -0.969882806
vn 0.235128969 -0.074486306 -0.969105855
vn 0.119152126 -0.176952653 -0.976980312
vn -0.053305250 -0.030474675 -0.998113142
vn 0.164788242 -0.119550757 -0.979056920
vn 0.177208131 -0.074074632 -0.981381795
vn 0.245781732 -0.177648907 -0.952907239
vn -0.197081090 -0.231068308 -0.952767800
vn -0.050730533 0.012746028 -0.998631039
vn 0.123179584 -0.099397114 -0.987394047
vn 0.210914700 -0.287225309 -0.934353579
vn -0.570803612 -0.045388179 -0.819831171
vn -0.388970698 -0.285698347 -0.875830035
vn -0.019327694 0.036450965 -0.999148521
vn 0.213183707 -0.081942942 -0.973569752
vn -0.229115759 -0.149773559 -0.961807595
vn 0.103039599 -0.102094165 -0.989423884
vn -0.192419591 -0.144653134 -0.970592691
vn 0.434152667 -0.142379200 -0.889516512
vn -0.000595962 0.095374551 -0.995441279
vn 0.191196917 -0.089287840 -0.977482184
vn 0.341134862 -0.190783108 -0.920450331
vn 0.291634592 -0.150896495 -0.944552546
vn -0.148661302 -0.272530804 -0.950592856
vn -0.017902572 -0.009161133 -0.999797765
vn -0.535912344 -0.147621780 -0.831267568
vn -0.086372309 -0.116469167 -0.989431532
vn -0.179818344 -0.208039208 -0.961449453
vn 0.284858169 0.110720687 -0.952153744
vn 0.284724491 -0.180906258 -0.941384560
vn -0.076620919 -0.200735212 -0.976644567
vn -0.026208274 -0.011768041 -0.999587235
vn 0.180431636 -0.173826091 -0.968105839
vn 0.315466911 -0.165241617 -0.934438781
vn -0.085249551 -0.170281452 -0.981700943
vn -0.468830854 -0.542474428 -0.697078995
vn 0.092545446 -0.116799902 -0.988834224
vn 0.025982117 -0.003535733 -0.999656155
vn 0.125723534 0.019318100 -0.991877212
vn -0.067750725 0.056526751 -0.996099677
vn 0.191061157 -0.161048627 -0.968276290
vn 0.181673758 -0.037800870 -0.982632047
vn 0.106820476 -0.091984682 -0.990014244
vn -0.260737993 -0.181585970 -0.948178377
vn 0.286473701 -0.060744098 -0.956160537
vn -0.106762120 -0.119453751 -0.987082900
vn 0.057152704 -0.012091122 -0.998292228
vn 0.122708476 -0.056031656 -0.990859770
vn 0.014269637 -0.010691602 -0.999841021
vn 0.200246533 -0.379961605 -0.903067276
vn 0.167210320 -0.108416504 -0.979942126
vn -0.175410916 -0.156579727 -0.971963888
vn 0.476679233 -0.296813719 -0.827453035
vn 0.164962808 -0.088032514 -0.982363247
vn -0.024546824 0.010842418 -0.999639883
vn 0.167788053 -0.060193358 -0.983983704
vn 0.212845968 -0.248894677 -0.944853446
vn 0.144985100 -0.098894824 -0.984479118
vn -0.311519099 -0.054393776 -0.948681806
vn 0.012400326 -0.032099520 -0.999407751
vn 0.070680055 -0.422282978 -0.903704275
vn -0.162893712 -0.110434799 -0.980443672
vn -0.301980876 -0.084764271 -0.949538082
vn 0.259531716 -0.188244714 -0.947210228
vn 0.285617464 -0.204040563 -0.936370713
vn 0.099945391 -0.064353475 -0.992909638
vn -0.396965384 0.025194844 -0.917487713
vn 0.186518977 -0.135597976 -0.973048745
vn 0.419880337 0.022841695 -0.907291993
vn 0.188021256 -0.139227218 -0.972246774
vn 0.004045095 -0.059064306 -0.998245984
vn 0.353562924 -0.289173726 -0.889590813
vn 0.158358440 -0.170146617 -0.972611296
vn 0.242722863 -0.238909975 -0.940216802
vn -0.430912563 0.202849847 -0.879298756
vn -0.055730090 -0.031220010 -0.997957648
vn 0.052599193 -0.252206395 -0.966242857
vn 0.356707093 -0.145180242 -0.922866592
vn 0.242051462 -0.017621669 -0.970103379
vn -0.514692878 0.077861994 -0.853831805
vn 0.152086697 -0.115603805 -0.981583107
vn -0.234080759 -0.084569097 -0.968532016
vn 0.034534062 -0.062578348 -0.997442404
vn -0.202368804 -0.201315581 -0.958393919
vn 0.161181391 -0.121214775 -0.979452672
vn 0.434423591 -0.625204674 -0.648378947
vn 0.178711339 -0.106407857 -0.978130679
vn 0.592095114 -0.524506552 -0.611813904
vn 0.036174559 0.026773244 -0.998986784
vn 0.119891358 -0.101543337 -0.987580383
vn 0.133573051 -0.100462949 -0.985933789
vn 0.356966946 -0.417278018 -0.835735398
vn -0.092089295 -0.100735446 -0.990642181
vn -0.233977832 -0.286714127 -0.929004512
vn -0.073201802 -0.006075417 -0.997298644
vn 0.066981783 -0.106345703 -0.992070578
vn -0.080006204 -0.001745436 -0.996792837
vn -0.014851060 -0.038174842 -0.999160712
vn -0.021924165 0.027081184 -0.999392786
vn -0.321516551 0.499651822 -0.804347664
vn -0.308688656 0.136676836 -0.941292067
vn -0.010046571 -0.028419422 -0.999545598
vn -0.131613397 -0.159677471 -0.978356284
vn 0.241420516 -0.036708388 -0.969726059
vn 0.497916239 -0.377383467 -0.780808003
vn -0.801431318 -0.423543525 -0.422278018
vn 0.176635516 -0.101004730 -0.979080149
vn 0.283152636 -0.078539810 -0.955853589
vn 0.211769551 -0.218139434 -0.952664078
vn 0.348503271 -0.666983560 -0.658542634
vn 0.349008910 -0.131968813 -0.927780692
vn 0.171426960 -0.046994512 -0.984075360
vn 0.247816361 -0.098004074 -0.963837254
vn -0.453562883 0.258704332 -0.852849799
vn -0.718627446 -0.598311591 -0.354397847
vn -0.203203443 -0.214166322 -0.955427207
vn 0.148983064 -0.089342740 -0.984795370
vn 0.132896413 -0.111118116 -0.984881367
vn 0.088238035 -0.286120023 -0.954122310
vn 0.200673608 -0.128971341 -0.971131555
vn -0.403374740 0.239721494 -0.883075548
vn 0.382456660 -0.606549288 -0.697011381
vn 0.394657545 -0.171941076 -0.902597191
vn -0.064834392 -0.052972118 -0.996489065
vn 0.179454194 -0.059541415 -0.981962836
vn 0.083317353 -0.150719086 -0.985059377
vn -0.442601685 0.370449947 -0.816621446
vn 0.447782626 -0.155583247 -0.880502455
vn -0.171757535 -0.031341227 -0.984640582
vn -0.024058146 -0.092966720 -0.995378518
vn -0.130884236 -0.100770857 -0.986262922
vn -0.632277595 -0.428570126 -0.645408933
vn 0.074177381 -0.116772049 -0.990384776
vn 0.218053192 -0.176885672 -0.959773028
vn -0.174298582 -0.229254311 -0.957633785
vn 0.242836233 -0.153694321 -0.957814502
vn 0.389152630 -0.215226021 -0.895677392
vn -0.149084597 -0.157810585 -0.976150399
vn 0.151632966 -0.088729597 -0.984446292
vn 0.016647429 -0.095795964 -0.995261773
vn 0.173605217 -0.064388747 -0.982708155
vn 0.402664777 -0.191743421 -0.895039406
vn 0.273612612 -0.192027447 -0.942476312
vn -0.219485448 0.034528772 -0.975004565
vn -0.184244030 -0.220005059 -0.957941497
vn 0.171178696 -0.193970420 -0.965957209
vn 0.122955365 -0.100782418 -0.987281562
vn 0.214930748 -0.027070400 -0.976254048
vn 0.026834916 -0.164073891 -0.986082981
vn -0.124929930 -0.031564809 -0.991663338
vn 0.199288654 -0.079294169 -0.976727427
vn 0.351804080 -0.210352328 -0.912132549
vn 0.289846875 -0.162390528 -0.943195688
vn -0.117567864 -0.128341922 -0.984736588
vn 0.159937583 -0.232670274 -0.959314606
vn -0.279344948 0.270472490 -0.921309412
vn -0.322385335 0.090545811 -0.942268089
vn -0.038339892 -0.089560090 -0.995243208
vn 0.209834806 -0.138727382 -0.967845064
vn 0.102531736 -0.045029109 -0.993710029
vn -0.048279206 -0.066687635 -0.996605176
vn 0.184329922 -0.043301333 -0.981910115
vn 0.090740940 -0.163260283 -0.982401222
vn 0.519436193 -0.382514812 -0.764112858
vn 0.273975803 -0.173451422 -0.945966101
vn 0.252114246 -0.182301435 -0.950370766
vn -0.397787029 -0.753156317 -0.523947557
vn 0.068193849 -0.091237014 -0.993491523
vn 0.389065176 -0.654162817 -0.648613366
vn 0.164275306 -0.087551277 -0.982521449
vn 0.182717934 -0.088701523 -0.979155859
vn -0.041757981 -0.018924994 -0.998948505
vn 0.531834257 -0.022756162 -0.846542663
vn 0.501494152 -0.623015767 -0.600295735
vn 0.023265769 -0.082886583 -0.996287367
vn 0.712415054 0.025410661 -0.701298146
vn -0.237232970 0.608461794 -0.757294371
vn -0.278838790 0.253417945 -0.926298156
vn 0.064165032 -0.039328400 -0.997164041
vn 0.207612276 -0.122342514 -0.970530500
vn -0.321682184 0.528577624 -0.785573846
vn 0.261506545 -0.126094897 -0.956929675
vn -0.134975242 -0.071986419 -0.988230560
vn -0.200206153 -0.209022826 -0.957197448
vn 0.011920846 -0.158911186 -0.987220912
vn 0.134528230 -0.019995387 -0.990707999
vn 0.140541057 -0.023432624 -0.989797516
vn 0.067931553 -0.116554865 -0.990858349
vn 0.179073978 -0.021219940 -0.983606743
vn 0.026377533 -0.020122464 -0.999449505
vn -0.219392929 0.395484240 -0.891885059
vn -0.135277851 -0.015334993 -0.990689023
vn 0.176106314 -0.018256029 -0.984201851
vn 0.223189607 -0.119252651 -0.967452947
vn 0.631283371 -0.212377336 -0.745906946
vn 0.638075512 -0.458870101 -0.618302412
vn -0.099276721 -0.021534014 -0.994826829
vn 0.298921332 0.019547359 -0.954077533
vn 0.004536759 -0.046697566 -0.998898771
vn 0.521826972 -0.238995773 -0.818888046
vn 0.077919549 -0.058517808 -0.995240780
vn -0.338492762 -0.002191546 -0.940966443
vn 0.061365792 -0.016063650 -0.997986071
vn 0.077068894 -0.117198638 -0.990113562
vn 0.229758150 -0.135669057 -0.963745350
vn 0.072909118 -0.076636872 -0.994389788
vn 0.242748859 -0.149795893 -0.958454058
vn -0.205026836 0.261251925 -0.943245158
vn 0.025248949 -0.128055040 -0.991445610
vn 0.050146073 -0.126732089 -0.990668637
vn 0.028859149 -0.131372288 -0.990912948
vn -0.294843752 0.505840042 -0.810674419
vn 0.323414128 -0.133018145 -0.936861503
vn -0.176114102 -0.143694385 -0.973825316
vn -0.048507467 -0.153116931 -0.987016834
vn -0.008248597 -0.093877590 -0.995549576
vn 0.058072462 0.130079490 -0.989801453
vn 0.276025240 -0.170250447 -0.945951823
vn 0.167734511 -0.033609902 -0.985259107
vn 0.126828918 0.000698777 -0.991924361
vn 0.205828918 -0.070352370 -0.976055839
vn -0.114184831 0.074857504 -0.990635240
vn 0.746667540 -0.130233163 -0.652324236
vn 0.452403112 -0.222880893 -0.863513481
vn 0.207347687 -0.136463170 -0.968702607
vn 0.437629337 -0.186426822 -0.879616737
vn -0.059769659 -0.370822351 -0.926778491
vn 0.049746965 0.257909515 -0.964887518
vn -0.150347607 -0.192872844 -0.969636872
vn 0.014423092 -0.012657057 -0.999815870
vn -0.026388612 -0.157801999 -0.987118114
vn 0.222895248 -0.078761983 -0.971655422
vn 0.003240922 0.002633170 -0.999991281
vn 0.062263715 -0.097421722 -0.993293631
vn -0.157741669 0.175062350 -0.971838844
vn 0.472236144 0.045086842 -0.880318239
vn 0.311339016 -0.345051118 -0.885442117
vn -0.766921832 -0.065944942 -0.638343299
vn 0.026832177 0.305774131 -0.951725914
vn -0.007658034 0.049360530 -0.998751667
vn 0.166592386 0.111081209 -0.979748918
vn -0.125745886 0.236043049 -0.963572338
vn -0.208921477 0.180483218 -0.961133510
vn -0.234963948 0.524754162 -0.818183972
vn -0.009587214 -0.094691896 -0.995460461
vn 0.016694897 -0.034126156 -0.999278082
vn 0.039762994 0.186597196 -0.981631494
vn 0.141904378 -0.081050397 -0.986556628
vn -0.017359893 -0.007584693 -0.999820537
vn 0.422378886 -0.093557834 -0.901578065
vn 0.455016960 -0.106995672 -0.884031387
vn 0.022471502 -0.100193097 -0.994714218
vn 0.247885070 -0.004809184 -0.968777510
vn 0.255515224 -0.066415054 -0.964521130
vn 0.324473164 0.079110023 -0.942580909
vn 0.012954804 -0.107167056 -0.994156625
vn -0.187032210 -0.053436314 -0.980899339
vn 0.560530202 -0.284072810 -0.777887222
vn 0.010799886 -0.171570541 -0.985112639
vn -0.125002860 -0.028705959 -0.991741021
vn -0.119916180 0.469473363 -0.874765609
vn 0.168539452 -0.119581284 -0.978414416
vn 0.027245323 -0.032166423 -0.999111112
vn 0.458918195 -0.118715498 -0.880511624
vn -0.129065825 -0.161428003 -0.978408408
vn 0.116891904 -0.136542139 -0.983713641
vn -0.097695440 0.068269872 -0.992872009
vn 0.298089351 0.304905108 -0.904530604
vn 0.281739146 -0.091646362 -0.955104182
vn -0.759189568 0.179645742 -0.625586610
vn -0.001340761 -0.114407619 -0.993432987
vn 0.022689215 0.048957822 -0.998543104
vn 0.768809752 -0.188701945 -0.611001752
vn 0.050792348 -0.004801246 -0.998697695
vn -0.103303934 0.168811519 -0.980219857
vn -0.110985625 0.269266224 -0.956649304
vn 0.233120819 -0.050647921 -0.971127938
vn 0.302458502 -0.386023576 -0.871495641
vn 0.184617906 0.257988787 -0.948344882
vn -0.191340015 -0.016647865 -0.981382620
vn 0.228464540 -0.053501123 -0.972081058
vn 0.172764026 -0.122800561 -0.977278166
vn 0.285222787 -0.264253882 -0.921313111
vn -0.809443720 0.178857689 -0.559294905
vn 0.254346880 -0.093818740 -0.962551665
vn 0.179773386 -0.125208869 -0.975707061
vn -0.052071615 -0.158096866 -0.986049658
vn -0.594668787 -0.627792103 -0.502241087
vn -0.116521430 -0.338727982 -0.933641318
vn -0.097203359 -0.067211764 -0.992992490
vn 0.328171883 -0.049706631 -0.943309316
vn 0.198241863 -0.093607816 -0.975672968
vn 0.052697190 0.237175103 -0.970036585
vn 0.406290767 -0.073953072 -0.910746263
vn 0.508696669 -0.373678732 -0.775623558
vn 0.233264243 -0.095342272 -0.967728084
vn -0.130601114 0.331396178 -0.934408862
vn 0.439933361 0.033261677 -0.897414229
vn 0.043613043 -0.047223899 -0.997931764
vn -0.061043659 0.175801134 -0.982531238
vn -0.112437862 -0.067465769 -0.991365774
vn 0.023625224 0.035198288 -0.999101061
vn -0.025586034 0.026547527 -0.999320061
vn -0.081998811 -0.005382871 -0.996617891
vn 0.211757070 -0.018192513 -0.977152995
vn -0.036693512 -0.116385208 -0.992526105
vn 0.266523280 0.104594149 -0.958136423
vn -0.077740207 0.485394763 -0.870832007
vn 0.091141306 -0.159778611 -0.982936446
vn -0.057587787 0.003486826 -0.998334357
vn 0.134177980 -0.095768880 -0.986318707
vn 0.143265611 -0.050434328 -0.988398373
vn 0.109496308 0.025022437 -0.993672198
vn -0.056161021 0.464539372 -0.883769830
vn 0.503908113 0.061263507 -0.861581915
vn 0.601192691 -0.091443683 -0.793854774
vn -0.157843156 -0.534911261 -0.830033422
vn 0.390834305 -0.000286571 -0.920461006
vn -0.062285610 0.076025777 -0.995158572
vn -0.101817986 -0.057033217 -0.993166809
vn -0.093899894 0.339172895 -0.936025938
vn -0.082226765 0.246422813 -0.965667933
vn 0.264785367 -0.707787190 -0.654924425
vn 0.365211315 -0.292472735 -0.883787528
vn -0.090917814 0.005003767 -0.995845828
vn 0.027157738 0.041739484 -0.998759367
vn -0.588996772 -0.618453529 -0.520190384
vn 0.269627911 -0.172646865 -0.947361520
vn -0.051954487 -0.120564364 -0.991345028
vn -0.177115818 -0.012091829 -0.984115732
vn -0.013626683 -0.036996046 -0.999222501
vn -0.091686341 -0.449848041 -0.888386377
vn 0.146758081 0.122259736 -0.981587807
vn 0.402519362 0.094278841 -0.910543609
vn 0.406446151 -0.798400900 -0.444249400
vn -0.019073959 -0.088752236 -0.995871088
vn 0.182304514 -0.133834523 -0.974091056
vn 0.322846824 -0.002963369 -0.946446589
vn 0.213488895 -0.071181817 -0.974348829
vn -0.269870373 -0.022925130 -0.962623717
vn -0.066604454 0.184745211 -0.980526927
vn 0.092467210 0.131941297 -0.986935312
vn 0.131315193 -0.234883021 -0.963112811
vn 0.249886462 -0.234498811 -0.939450405
vn 0.211316005 0.099705384 -0.972319074
vn 0.109404841 -0.488792128 -0.865513048
vn 0.672423323 -0.264808177 -0.691175451
vn -0.106887803 -0.095183726 -0.989704530
vn 0.310752052 -0.060392699 -0.948570442
vn 0.000651342 0.398329814 -0.917242027
vn 0.403620446 0.120311312 -0.906981656
vn 0.400562985 -0.315802927 -0.860126622
vn 0.306110231 0.051612598 -0.950595953
vn -0.069353119 0.318967600 -0.945224743
vn -0.038831849 -0.099580324 -0.994271516
vn 0.240560501 -0.149193838 -0.959099496
vn -0.043557125 0.280842775 -0.958764889
vn 0.302206875 -0.143083317 -0.942442661
vn 0.059874688 -0.133319119 -0.989262874
vn 0.265236362 -0.500174035 -0.824303104
vn 0.055043689 0.496531213 -0.866271867
vn -0.095239422 0.283592202 -0.954203812
vn 0.207049045 -0.015399870 -0.978209352
vn 0.281999511 -0.573510851 -0.769130405
vn -0.082246587 -0.056051571 -0.995034532
vn 0.152706517 0.354260990 -0.922594099
vn 0.327976612 -0.207276674 -0.921665733
vn 0.588990003 0.044433487 -0.806917865
vn 0.114151987 -0.081314415 -0.990129936
vn 0.011777901 -0.090356040 -0.995839880
vn 0.307426103 -0.109891984 -0.945205238
vn -0.072399342 -0.077856357 -0.994332300
vn -0.161471403 0.249735881 -0.954755977
vn 0.062235176 -0.071540872 -0.995494192
vn 0.158489236 -0.106044177 -0.981649527
vn 0.441049830 0.086359191 -0.893318050
vn 0.016848350 -0.168646819 -0.985532538
vn 0.157036578 0.344637922 -0.925507545
vn -0.075686493 -0.073177698 -0.994442849
vn 0.256438549 -0.169925285 -0.951506526
vn -0.078462623 -0.100719416 -0.991816120
vn 0.160112672 -0.115255525 -0.980346927
vn -0.011050305 -0.042705484 -0.999026592
vn -0.029492339 0.238795340 -0.970621959
vn 0.358600188 -0.110118906 -0.926973425
vn 0.202886282 -0.149087972 -0.967786099
vn 0.134239917 -0.261874799 -0.955720270
vn 0.065904616 0.025761566 -0.997493320
vn 0.366371080 0.081098533 -0.926927861
vn 0.144094190 -0.079364105 -0.986376299
vn 0.132104992 -0.026089438 -0.990892331
vn 0.119957878 -0.068244618 -0.990430603
vn 0.267057044 0.157509513 -0.950721457
vn 0.224566589 -0.079178745 -0.971236621
vn 0.501431771 0.158213507 -0.850608409
vn 0.025801083 -0.166506795 -0.985702689
vn 0.049723874 -0.034928991 -0.998152043
vn 0.077839330 0.121736562 -0.989505557
vn -0.042894877 0.217929474 -0.975021422
vn 0.229204824 -0.261826612 -0.937503053
vn -0.120425313 -0.166579820 -0.978646467
vn 0.198987006 -0.116106103 -0.973099966
vn -0.031925588 0.280487585 -0.959326572
vn 0.292475361 0.017068077 -0.956120727
vn -0.245091602 0.102345951 -0.964082680
vn 0.215924922 -0.009679386 -0.976361991
vn -0.083358127 0.031515856 -0.996021171
vn -0.260773487 0.153241598 -0.953160113
vn 0.225070892 -0.064981818 -0.972173059
vn 0.125889582 0.363662239 -0.922985151
vn 0.262220335 0.124659521 -0.956922410
vn 0.324862425 0.418106756 -0.848322548
vn 0.136831569 -0.033791171 -0.990017817
vn -0.030650687 0.130688142 -0.990949618
vn 0.188957393 0.156613807 -0.969415916
vn 0.094119915 -0.063436807 -0.993537726
vn -0.279576596 0.028750111 -0.959692846
vn 0.069819040 -0.086205731 -0.993827889
vn 0.181559968 0.066143317 -0.981152914
vn 0.224436730 -0.119066788 -0.967187290
vn 0.213593842 -0.013247007 -0.976832733
vn 0.228007056 -0.015214566 -0.973540600
vn 0.085392188 -0.117744448 -0.989365665
vn 0.005514360 0.289915746 -0.957036286
vn -0.009708874 0.188790330 -0.981969424
vn 0.278881518 0.138118092 -0.950341250
vn 0.303652923 0.019927398 -0.952574302
vn 0.439617756 0.099366639 -0.892671552
vn -0.315843038 -0.222118658 -0.922445921
vn 0.436199392 0.330229675 -0.837065381
vn 0.322712977 0.045779804 -0.945389097
vn 0.085024798 -0.081852294 -0.993011070
vn 0.022648750 0.184823514 -0.982510714
vn 0.207671488 -0.097619193 -0.973315492
vn -0.364992985 -0.038205101 -0.930226043
vn 0.213340710 -0.111617233 -0.970580927
vn 0.257293322 -0.289073636 -0.922082740
vn 0.179728143 -0.182977868 -0.966548961
vn -0.053921025 0.013409638 -0.998455159
vn 0.070023373 0.361749778 -0.929641773
vn 0.078471705 0.315826361 -0.945566445
vn -0.024588363 -0.136392976 -0.990349619
vn -0.008646977 0.213771586 -0.976845402
vn 0.410667375 0.237324862 -0.880357437
vn -0.006650937 0.191922495 -0.981387549
vn 0.047071937 -0.245843738 -0.968165838
vn 0.210697364 -0.146140958 -0.966565798
vn -0.641455267 -0.392583106 -0.659100634
vn 0.345554740 -0.067220260 -0.935987905
vn 0.130897949 0.003786713 -0.991388616
vn -0.047694692 -0.184072326 -0.981754855
vn 0.143954263 -0.041871544 -0.988698106
vn 0.355538363 0.161003906 -0.920690075
vn 0.230504286 0.484611537 -0.843812439
vn -0.079024368 0.242223122 -0.966996954
vn -0.051189995 -0.210604605 -0.976230139
vn 0.208508063 -0.192450289 -0.958898991
vn 0.153512946 -0.062465680 -0.986170277
vn 0.020945220 0.219691235 -0.975344585
vn 0.215524396 0.061515870 -0.974558891
vn 0.423681909 0.111007904 -0.898983251
vn 0.458533020 0.094292112 -0.883660833
vn 0.117684551 -0.140531364 -0.983057110
vn -0.251251322 -0.265125121 -0.930903563
vn -0.060634301 -0.296842725 -0.952999412
vn -0.041548069 0.098888999 -0.994230720
vn 0.244051457 -0.122936770 -0.961938375
vn 0.129494377 -0.097368534 -0.986788009
vn 0.101679340 0.438270727 -0.893073391
vn 0.250838265 -0.136049492 -0.958420941
vn 0.062478835 -0.067471354 -0.995763030
vn 0.115781378 -0.160147210 -0.980279319
vn 0.039383537 0.132787381 -0.990361777
vn 0.158221446 -0.139392303 -0.977515094
vn 0.064312196 -0.451955126 -0.889719341
vn 0.235134886 0.429470418 -0.871932764
vn 0.075120587 0.539906695 -0.838366064
vn 0.036454722 -0.124483596 -0.991551757
vn 0.200066875 -0.048005811 -0.978605481
vn 0.264239844 0.042173920 -0.963534465
vn 0.045902079 -0.132775599 -0.990082643
vn 0.187647866 -0.034515362 -0.981629751
vn 0.195704900 -0.126988542 -0.972406038
vn 0.127311595 0.513110811 -0.848828047
vn 0.196529035 -0.123742425 -0.972658291
vn 0.525548974 -0.375096151 -0.763610604
vn -0.016812846 -0.054251597 -0.998385743
vn 0.084821093 -0.044817211 -0.995387764
vn 0.446652812 -0.351209096 -0.822893332
vn -0.094103496 -0.148966424 -0.984354376
vn 0.250619336 0.354583574 -0.900810989
vn 0.037176125 -0.126046668 -0.991327480
vn 0.204330806 -0.073554452 -0.976134552
vn 0.356754349 -0.406888415 -0.840932906
vn 0.231555859 0.398671934 -0.887379611
vn 0.013158695 0.125463682 -0.992010944
vn 0.259603800 0.235213636 -0.936632485
vn 0.451032846 -0.007123492 -0.892478923
vn 0.049210033 -0.142142843 -0.988622165
vn 0.077546818 0.142276766 -0.986784583
vn 0.326433522 0.007591737 -0.945189675
vn 0.343830092 -0.130588559 -0.929907251
vn 0.406919911 0.235101267 -0.882691101
vn 0.359891840 -0.102765945 -0.927317111
vn 0.259366842 -0.049381700 -0.964515572
vn 0.192581275 0.314915832 -0.929376388
vn 0.157186987 -0.086438556 -0.983778749
vn 0.073936822 0.213482200 -0.974145111
vn 0.036708678 0.504454316 -0.862657705
vn 0.519795914 -0.544452288 -0.658319007
vn 0.014697825 -0.012721270 -0.999811054
vn 0.271814708 -0.630131907 -0.727358608
vn 0.142810889 0.104719074 -0.984194577
vn 0.093705499 0.127916057 -0.987348349
vn 0.270526673 -0.091391807 -0.958364678
vn 0.241502699 0.253531342 -0.936695417
vn 0.027680310 -0.117426492 -0.992695734
vn 0.114624794 -0.138621611 -0.983689588
vn -0.027636269 -0.055682591 -0.998065973
vn 0.036796038 -0.033731259 -0.998753350
vn 0.413060748 0.257095634 -0.873660491
vn 0.228862855 0.323830145 -0.918017337
vn -0.009689175 0.071363289 -0.997403329
vn 0.049084654 -0.111138694 -0.992592005
vn 0.174225993 -0.232896159 -0.956767831
vn 0.561778532 -0.458047357 -0.688910371
vn 0.223920336 -0.243587258 -0.943676285
vn -0.198684948 -0.175226302 -0.964271764
vn 0.166498424 0.024900592 -0.985727262
vn -0.065452562 -0.095497912 -0.993275446
vn 0.581967858 0.254434641 -0.772383600
vn 0.161458279 -0.089353803 -0.982826089
vn 0.165458067 0.083085501 -0.982710755
vn 0.080404156 0.101638571 -0.991566827
vn 0.322226261 -0.245872452 -0.914175571
vn 0.145287578 0.315652713 -0.937685920
vn -0.045263068 0.027741914 -0.998589826
vn 0.059947905 0.059003292 -0.996456151
vn 0.041736167 0.090753186 -0.994998468
vn 0.395183954 0.103460966 -0.912757071
vn 0.392897515 -0.120621283 -0.911637016
vn 0.115782769 0.420619080 -0.899818837
vn -0.002667395 0.104036711 -0.994569881
vn 0.024906596 0.298463296 -0.954096076
vn 0.389780481 -0.252064730 -0.885739549
vn 0.440629695 0.011570232 -0.897614395
vn -0.002351736 -0.037950990 -0.999276834
vn 0.111570621 -0.028032345 -0.993361054
vn 0.151512805 0.061091434 -0.986565612
vn 0.175130604 -0.047725418 -0.983387795
vn 0.020150427 -0.429549405 -0.902818514
vn 0.102359898 -0.079742460 -0.991546061
vn 0.001544478 0.057077176 -0.998368575
vn 0.307406731 -0.024246119 -0.951269272
vn 0.123189963 0.176275851 -0.976601791
vn 0.036564829 0.069764427 -0.996893143
vn 0.226704739 -0.022922515 -0.973693750
vn -0.304940344 0.025543179 -0.952028851
vn 0.064558587 -0.121560218 -0.990482358
vn 0.144656080 -0.061948714 -0.987540873
vn 0.108519237 0.121415576 -0.986651830
vn -0.117725362 0.183608291 -0.975924554
vn 0.469545468 -0.143271892 -0.871206186
vn 0.007548831 0.379142538 -0.925307490
vn 0.106276531 0.133598646 -0.985320608
vn 0.053552729 0.108962496 -0.992602277
vn 0.313985206 0.434823441 -0.844003474
vn 0.196797949 -0.098738335 -0.975459537
vn -0.104879168 0.180303287 -0.978003622
vn -0.065515574 -0.087121013 -0.994041065
vn 0.415776347 -0.490774889 -0.765682727
vn 0.114664900 0.001540078 -0.993403034
vn 0.134785100 -0.401748133 -0.905776691
vn 0.411354797 0.299816048 -0.860754069
vn 0.007899553 -0.036055326 -0.999318573
vn 0.134424168 0.247571577 -0.959499066
vn 0.283005591 -0.046318350 -0.957999189
vn -0.295634603 0.340163922 -0.892686220
vn 0.063974271 0.100332740 -0.992895077
vn -0.008120432 -0.313231793 -0.949641986
vn 0.037565265 0.055004898 -0.997779190
vn 0.117414383 0.067722528 -0.990771175
vn 0.028483174 0.110470041 -0.993471227
vn 0.197728209 0.244426920 -0.949293967
vn 0.063025954 -0.039558846 -0.997227570
vn 0.035137268 0.064860780 -0.997275514
vn 0.323638438 -0.562346673 -0.760936516
vn -0.015795201 0.149882750 -0.988577601
vn 0.018479359 -0.071578509 -0.997263772
vn 0.323045482 0.195539456 -0.925962168
vn 0.238584311 0.019610203 -0.970923770
vn 0.214585841 0.048370857 -0.975506626
vn 0.357415327 0.184671763 -0.915505666
vn -0.122425882 -0.043041356 -0.991543920
vn 0.128002348 -0.084489828 -0.988168441
vn -0.234747441 -0.235231757 -0.943164704
vn 0.349302074 0.164294903 -0.922494036
vn -0.133929861 -0.100192222 -0.985912933
vn 0.411792160 0.200080632 -0.889041595
vn -0.007114363 0.231123642 -0.972898375
vn 0.093469370 0.103569661 -0.990220583
vn 0.048436456 -0.040461424 -0.998006404
vn 0.026412724 -0.096602234 -0.994972551
vn 0.196854921 0.007285366 -0.980405561
vn 0.094084797 -0.213813326 -0.972333231
vn 0.103056486 0.067071094 -0.992411623
vn -0.009810020 0.437885937 -0.898977013
vn 0.226877637 -0.222792217 -0.948098184
vn -0.041452187 -0.079648314 -0.995960773
vn 0.055645599 -0.113672340 -0.991958752
vn 0.185495452 -0.022766013 -0.982381365
vn 0.073253065 0.015164351 -0.997198090
vn 0.098177296 0.171930051 -0.980204711
vn 0.161495779 0.155812981 -0.974495474
vn 0.350000249 -0.041836302 -0.935814912
vn 0.135544947 0.142992357 -0.980398262
vn 0.343570427 -0.211815680 -0.914928128
vn 0.383672499 -0.060686463 -0.921473042
vn 0.127773443 -0.189620943 -0.973508010
vn 0.096644206 0.028821282 -0.994901619
vn 0.199079452 -0.049860714 -0.978714096
vn 0.115838984 -0.010139895 -0.993216246
vn 0.305324182 -0.243053068 -0.920707527
vn 0.232032624 -0.183621161 -0.955219415
vn 0.215341051 0.086499155 -0.972700431
vn -0.110671948 0.079215528 -0.990695019
vn 0.043611910 0.008824095 -0.999009578
vn 0.002803649 -0.080741313 -0.996731147
vn 0.034988404 -0.418765514 -0.907420110
vn 0.116064454 -0.042017634 -0.992352539
vn 0.141974079 0.154691041 -0.977708567
vn 0.208122983 -0.085722629 -0.974338984
vn 0.065441340 -0.095541307 -0.993272012
vn 0.083675717 -0.063502782 -0.994467582
vn 0.153236260 -0.087766072 -0.984284392
vn 0.271264323 -0.222506311 -0.936432917
vn 0.002039166 -0.139184255 -0.990264402
vn 0.121123506 0.149067845 -0.981380596
vn 0.163142713 0.029479776 -0.986161953
vn 0.056837306 0.121027799 -0.991020581
vn -0.164897055 -0.130054086 -0.977698776
vn 0.078094757 -0.029563036 -0.996507519
vn 0.296097901 -0.139618513 -0.944898250
vn 0.123006819 -0.031546560 -0.991904298
vn 0.346079591 -0.003581937 -0.938198319
vn -0.021657422 0.097050730 -0.995043774
vn -0.187765852 -0.267198854 -0.945171285
vn 0.209842129 -0.079197847 -0.974522438
vn 0.403604642 -0.070309669 -0.912227956
vn 0.085751507 0.028926385 -0.995896552
vn 0.062971856 -0.182515711 -0.981184264
vn -0.047094926 0.101219652 -0.993748786
vn -0.186919220 -0.170222856 -0.967515057
vn 0.044848177 -0.089463485 -0.994979862
vn 0.110635854 -0.057228138 -0.992211997
vn 0.193196997 -0.024177153 -0.980862063
vn 0.262886600 -0.202668887 -0.943300566
vn 0.150702167 0.062276030 -0.986615707
vn 0.003348711 -0.074156692 -0.997240979
vn 0.074862464 -0.047996204 -0.996038140
vn 0.464704368 0.202411799 -0.862020484
vn 0.065620110 0.005970808 -0.997826814
vn 0.154043826 0.026742333 -0.987702054
vn 0.060127728 0.067049787 -0.995936234
vn 0.091329099 -0.193812061 -0.976778317
vn 0.205454721 -0.057834900 -0.976956233
vn 0.179440136 0.106090592 -0.978031709
vn 0.406314556 0.078428174 -0.910361194
vn -0.012022608 -0.101858200 -0.994726276
vn 0.461243496 0.074016570 -0.884180968
vn 0.498358394 -0.121769562 -0.858377006
vn 0.084814785 -0.059533982 -0.994616588
vn 0.010349885 -0.063166607 -0.997949327
vn -0.045490971 -0.061821220 -0.997050003
vn 0.083996932 0.007052421 -0.996441056
vn 0.091822730 -0.000390952 -0.995775293
vn 0.398858722 0.118376461 -0.909339724
vn 0.244896928 -0.110473238 -0.963234737
vn 0.104628928 0.085494952 -0.990829653
vn 0.103196741 0.097366417 -0.989883939
vn 0.111905173 -0.012813613 -0.993636273
vn 0.132392290 0.030612406 -0.990724564
vn -0.002080288 -0.088183593 -0.996102066
vn 0.229564017 0.082304381 -0.969807378
vn 0.040079469 -0.024143652 -0.998904760
vn 0.009741575 -0.131101312 -0.991321112
vn 0.117451301 -0.001123847 -0.993078007
vn 0.086487858 0.052282086 -0.994880110
vn 0.159598112 -0.101854614 -0.981913479
vn 0.084796040 -0.287662556 -0.953970589
vn 0.130850563 0.057327401 -0.989743249
vn -0.057859428 -0.127906092 -0.990097126
vn 0.140209156 -0.047607684 -0.988976694
vn 0.214628309 -0.071018178 -0.974110418
vn -0.044952097 -0.117540088 -0.992050219
vn 0.081329215 -0.149089707 -0.985473398
vn 0.111262143 -0.001058213 -0.993790529
vn 0.180936086 -0.136457490 -0.973982282
vn 0.038630629 -0.038191885 -0.998523437
vn 0.054348840 -0.073459590 -0.995816194
vn 0.226393039 0.023692902 -0.973747831
vn 0.074330411 0.033944016 -0.996655805
vn 0.468709212 0.007547900 -0.883320273
vn 0.102562749 0.040562885 -0.993899157
vn 0.263702382 -0.197321935 -0.944206073
vn 0.085453915 -0.096243375 -0.991682833
vn 0.429881583 -0.089322805 -0.898456043
vn 0.012701270 -0.111927221 -0.993635232
vn 0.117042561 -0.039258982 -0.992350629
vn 0.004790117 -0.074540379 -0.997206491
vn 0.150094937 0.063947960 -0.986601322
vn 0.196990705 -0.065035786 -0.978245884
vn 0.357060437 0.339979899 -0.870012364
vn 0.184373051 -0.147167019 -0.971775924
vn 0.162434275 -0.312559843 -0.935906753
vn 0.391196982 0.016993109 -0.920150072
vn 0.400842768 0.034444426 -0.915499130
vn -0.078861680 -0.102556956 -0.991596141
vn 0.419152189 -0.117230851 -0.900315706
vn 0.320219395 -0.062891611 -0.945253503
vn 0.001374973 0.086180641 -0.996278579
vn 0.123729609 -0.104457857 -0.986802685
vn 0.147665432 -0.029244963 -0.988604902
vn 0.050973169 0.050695556 -0.997412501
vn 0.254759284 -0.329172717 -0.909254106
vn 0.165025557 -0.019719370 -0.986092142
vn 0.046682236 0.012529938 -0.998831202
vn 0.153796535 -0.262978481 -0.952464668
vn 0.124296599 -0.088633141 -0.988278565
vn 0.125427964 -0.192541494 -0.973239744
vn 0.024780670 -0.289478676 -0.956863634
vn -0.073734793 0.288071312 -0.954765992
vn 0.207180526 -0.051323966 -0.976955516
vn 0.074822751 -0.027486180 -0.996817970
vn 0.071906156 -0.140782320 -0.987425867
vn 0.116440684 -0.107604009 -0.987351480
vn 0.522271336 -0.109884960 -0.845670117
vn 0.180552566 -0.171561687 -0.968487149
vn 0.619964357 0.099553405 -0.778288710
vn -0.054695344 -0.017893740 -0.998342743
vn 0.121091734 0.075009476 -0.989803198
vn 0.417722537 -0.360965074 -0.833793798
vn 0.104352975 -0.058729846 -0.992804745
vn 0.112940928 -0.051269978 -0.992278054
vn 0.142578429 -0.146709160 -0.978850251
vn -0.175536401 -0.197671909 -0.964423552
vn 0.106600583 -0.028967581 -0.993879869
vn 0.104150061 -0.082197988 -0.991159046
vn 0.224609616 -0.125229002 -0.966368572
vn -0.004309755 0.047575011 -0.998858371
vn 0.025866366 0.046695341 -0.998574222
vn -0.003417647 0.160507796 -0.987028656
vn 0.233397033 0.002842834 -0.972377367
vn 0.343917971 0.128350644 -0.930186294
vn 0.326824026 -0.447244972 -0.832561104
vn -0.016564408 -0.081445583 -0.996540133
vn 0.621843015 0.004371327 -0.783129718
vn -0.187657720 0.291644665 -0.937938148
vn 0.036373568 -0.123008815 -0.991738773
vn 0.174750105 -0.195955686 -0.964916457
vn 0.182701399 -0.300290231 -0.936186934
vn -0.021346492 -0.101670549 -0.994589074
vn 0.455127197 -0.224542880 -0.861649424
vn 0.169563745 -0.022876530 -0.985253673
vn -0.071640930 -0.085814454 -0.993732085
vn 0.195680169 -0.170587559 -0.965716913
vn 0.281964819 -0.231854398 -0.930988388
vn 0.316408310 -0.026975820 -0.948239467
vn 0.072191346 -0.110493287 -0.991251554
vn 0.402500788 0.331848304 -0.853152870
vn 0.126896915 -0.100549009 -0.986806501
vn 0.119555631 0.017972718 -0.992664814
vn 0.197706300 -0.104313219 -0.974695322
vn 0.125795752 -0.079482012 -0.988867048
vn 0.127375212 -0.131683533 -0.983074261
vn 0.013110595 -0.064411743 -0.997837281
vn -0.068542411 -0.080272646 -0.994413516
vn 0.328176595 -0.114819343 -0.937612202
vn 0.081154259 0.012614666 -0.996621722
vn 0.082693351 -0.064169859 -0.994506933
vn 0.104503970 0.103560692 -0.989117841
vn 0.180594663 -0.137976015 -0.973831704
vn 0.161520508 -0.129593967 -0.978323326
vn 0.168785218 -0.061770919 -0.983715357
vn 0.117430704 -0.186860730 -0.975342554
vn 0.132587078 -0.082141357 -0.987761846
vn 0.003794275 -0.152484409 -0.988298593
vn 0.017314060 0.045907591 -0.998795633
vn 0.011744798 -0.152913825 -0.988169733
vn 0.263295703 -0.073756501 -0.961891549
vn 0.036780509 0.091490628 -0.995126454
vn 0.626843571 -0.172490043 -0.759812031
vn 0.200731358 -0.083462994 -0.976084448
vn 0.648801628 0.050682384 -0.759267900
vn 0.070668227 -0.012392998 -0.997422887
vn 0.414882703 -0.277657283 -0.866474914
vn -0.056836674 -0.094734710 -0.993878729
vn 0.345421112 -0.246595125 -0.905469547
vn 0.145836553 -0.141359351 -0.979157410
vn 0.242406537 -0.176330595 -0.954016033
vn 0.055478331 0.099565637 -0.993483185
vn 0.602698491 -0.017823559 -0.797769923
vn 0.214478397 -0.243843269 -0.945800971
vn 0.184248659 0.031910119 -0.982361530
vn 0.465241866 0.384639782 -0.797246664
vn 0.283717899 -0.118806957 -0.951519343
vn 0.570240660 -0.191106938 -0.798939127
vn 0.209848175 -0.292884471 -0.932835693
vn -0.055340643 0.068315775 -0.996127687
vn 0.169277970 -0.065198367 -0.983409448
vn 0.094682000 -0.213215804 -0.972406468
vn 0.129293154 -0.340051577 -0.931476358
vn -0.258229735 0.095355156 -0.961366110
vn 0.158178211 -0.097180780 -0.982616685
vn 0.141696915 -0.155478925 -0.977623797
vn 0.096531072 0.026566294 -0.994975369
vn 0.701110193 0.086425316 -0.707795989
vn 0.178398817 -0.137202641 -0.974345574
vn 0.084412648 -0.076150841 -0.993516761
vn 0.477460779 0.006361633 -0.878630032
vn 0.311689978 -0.197768483 -0.929374513
vn 0.023539511 0.141508825 -0.989657084
vn -0.099772803 -0.162296793 -0.981684847
vn 0.046968469 -0.064529122 -0.996809889
vn 0.218595790 0.217582999 -0.951248400
vn 0.316434803 -0.421665873 -0.849745201
vn 0.020685498 0.225269345 -0.974076913
vn 0.178554738 -0.105570231 -0.978250035
vn 0.312973906 -0.071597811 -0.947059178
vn 0.007476954 0.112167780 -0.993661152
vn 0.188274872 -0.210804565 -0.959225734
vn 0.119599208 -0.192174572 -0.974045668
vn 0.280132406 -0.628229589 -0.725846691
vn -0.038699442 -0.010683876 -0.999193779
vn 0.397135709 -0.337505021 -0.853448059
vn -0.062812914 0.242727956 -0.968058716
vn -0.043446041 -0.253031417 -0.966482045
vn 0.165226074 -0.150600746 -0.974689571
vn 0.635987868 -0.508258021 -0.580683404
vn -0.116613869 0.299393927 -0.946976495
vn 0.667183235 0.049960920 -0.743216279
vn -0.027230730 -0.219751908 -0.975175669
vn 0.055167475 -0.744351581 -0.665505277
vn 0.624436551 -0.248696866 -0.740424785
vn 0.303767784 -0.215754106 -0.927995312
vn 0.213932914 -0.119527852 -0.969508020
vn 0.041123008 0.037384065 -0.998454471
vn 0.204199668 -0.167446255 -0.964502072
vn 0.075559043 0.063879202 -0.995093100
vn 0.230567039 -0.187016898 -0.954915452
vn 0.162487098 -0.035074942 -0.986087061
vn 0.352346982 -0.590558173 -0.726011466
vn 0.160754557 -0.103759625 -0.981525299
vn 0.316210158 -0.269751240 -0.909530321
vn 0.447571936 -0.604508836 -0.658975287
vn 0.364658427 -0.429642767 -0.826094017
vn -0.055735681 0.085866504 -0.994746439
vn 0.212670072 0.044474128 -0.976111414
vn 0.169557574 -0.195802585 -0.965873479
vn 0.434326630 -0.609816516 -0.662936041
vn 0.212802507 -0.112928671 -0.970547376
vn 0.272345624 -0.175436149 -0.946070832
vn 0.069218302 0.075088483 -0.994771605
vn 0.170456798 -0.221880319 -0.960059167
vn 0.714877996 0.208562426 -0.667421280
vn 0.157196751 0.036858468 -0.986879240
vn 0.097486691 0.050872638 -0.993935772
vn 0.302277258 -0.039489243 -0.952401732
vn 0.161830470 -0.234803015 -0.958477148
vn 0.631515707 -0.002103456 -0.775360231
vn 0.168931211 0.428751973 -0.887487460
vn 0.092224499 0.013536812 -0.995646221
vn -0.070209751 -0.531440878 -0.844180777
vn 0.213211068 -0.173517702 -0.961474205
vn 0.221087156 0.053244369 -0.973799521
vn 0.173854990 0.084431257 -0.981145150
vn 0.073231771 -0.074383004 -0.994537217
vn 0.512383604 -0.116575664 -0.850807356
vn 0.322284170 -0.054038482 -0.945099337
vn 0.314495521 -0.597309153 -0.737776622
vn -0.055862602 0.193960957 -0.979417438
vn 0.063545326 -0.661454610 -0.747288292
vn 0.185620632 -0.198750121 -0.962311473
vn 0.241822760 -0.005594190 -0.970304312
vn 0.218036029 -0.349272896 -0.911300573
vn 0.432651014 -0.292544171 -0.852778405
vn 0.172008741 -0.131692819 -0.976253038
vn 0.160496360 -0.165035061 -0.973141484
vn -0.044466403 -0.093803512 -0.994597225
vn 0.039392250 -0.608387949 -0.792661563
vn 0.289801253 -0.280311291 -0.915117924
vn -0.196302024 0.142707836 -0.970103082
vn 0.388013702 -0.125313052 -0.913094741
vn 0.263046744 -0.157883125 -0.951776933
vn 0.192171239 -0.217609399 -0.956930700
vn -0.207111829 -0.234269921 -0.949853828
vn 0.200787920 0.012498024 -0.979555006
vn 0.326246689 -0.256918739 -0.909700973
vn 0.201093304 -0.126563885 -0.971361450
vn 0.231346226 -0.178099030 -0.956430687
vn -0.134709305 0.471810002 -0.871348796
vn 0.430155861 -0.190896979 -0.882340228
vn -0.225730639 0.322803062 -0.919153884
vn 0.254035407 -0.002034663 -0.967192779
vn 0.052319190 -0.125994644 -0.990650318
vn 0.304813223 -0.663477120 -0.683291307
vn 0.154774093 -0.116556724 -0.981050208
vn 0.615919430 -0.256791841 -0.744782657
vn 0.378089831 -0.247837484 -0.891977949
vn -0.267685307 0.036725359 -0.962806224
vn -0.201950205 0.173307230 -0.963940205
vn 0.758828530 -0.066240414 -0.647913165
vn 0.162865604 -0.278007984 -0.946671197
vn 0.214268331 -0.022483535 -0.976516038
vn 0.142629483 -0.240381678 -0.960142427
vn 0.166484916 0.450908282 -0.876906206
vn 0.251719060 -0.185006445 -0.949952699
vn 0.124480051 -0.105738734 -0.986571861
vn 0.386498692 0.046707504 -0.921106492
vn 0.228993158 0.165272393 -0.959295142
vn 0.203722491 -0.172583568 -0.963697078
vn 0.344519377 0.025391881 -0.938435747
vn 0.324684621 -0.033484358 -0.945229440
vn 0.191059864 -0.216727028 -0.957353395
vn 0.165466479 -0.358228017 -0.918854467
vn 0.162177390 0.002549298 -0.986758327
vn 0.177047989 -0.252069092 -0.951375416
vn 0.249500187 0.033167618 -0.967806575
vn 0.184113853 -0.187322633 -0.964889797
vn 0.133507200 0.374166138 -0.917701220
vn 0.278306782 -0.150135264 -0.948685795
vn 0.472234590 0.138037866 -0.870597519
vn 0.459974642 -0.016608545 -0.887776709
vn 0.300350937 0.361502521 -0.882669384
vn 0.190045843 -0.051107863 -0.980444065
vn 0.169395429 -0.163101106 -0.971958444
vn 0.241502965 -0.239393083 -0.940408034
vn 0.395567330 0.273113104 -0.876889799
vn -0.059375201 -0.145129390 -0.987629508
vn 0.206530247 -0.256202617 -0.944301581
vn 0.253724036 -0.212168579 -0.943720620
vn 0.151007281 0.004972083 -0.988520146
vn 0.237196714 -0.382728757 -0.892892165
vn -0.041982728 -0.100963697 -0.994003915
vn 0.204169884 -0.237913199 -0.949585156
vn 0.266649942 -0.171738776 -0.948368916
vn 0.170411926 0.028975517 -0.984946798
vn 0.149615766 -0.182215867 -0.971808881
vn 0.321718288 0.279994759 -0.904488960
vn 0.241138477 -0.214630703 -0.946459664
vn 0.282619594 -0.193948785 -0.939420052
vn 0.250187010 -0.216522771 -0.943675977
vn 0.042609102 -0.181582477 -0.982452171
vn 0.191671097 -0.220726420 -0.956316913
vn 0.541180569 -0.322656302 -0.776541372
vn -0.098116260 0.173298089 -0.979969883
vn 0.560027675 -0.005590546 -0.828455038
vn 0.260428618 -0.243511441 -0.934279997
vn 0.484511266 -0.362833981 -0.795990161
vn 0.286373935 -0.267554009 -0.920002620
vn 0.251087975 0.488849397 -0.835452630
vn 0.291696903 -0.037974096 -0.955756708
vn 0.243174031 -0.217066481 -0.945382745
vn 0.076983600 0.086581404 -0.993265919
vn -0.013740758 -0.154423876 -0.987909135
vn 0.041617421 -0.216939716 -0.975297467
vn 0.786203927 -0.172689719 -0.593347829
vn 0.280083975 -0.230563120 -0.931876395
vn 0.341329375 -0.013004105 -0.939853792
vn 0.289790475 -0.325946047 -0.899878134
vn 0.249114994 -0.199714528 -0.947658075
vn 0.327500307 -0.242674651 -0.913155278
vn -0.054453032 0.508570940 -0.859296495
vn 0.245013568 -0.169348631 -0.954614787
vn 0.314534909 -0.202139432 -0.927473687
vn 0.378978965 -0.034166756 -0.924774338
vn 0.510980378 -0.034321061 -0.858906932
vn 0.497123662 -0.176113892 -0.849618716
vn 0.198308390 -0.204367888 -0.958596656
vn 0.261763846 -0.249526136 -0.932317755
vn 0.286095526 -0.245004670 -0.926348780
vn 0.220680595 -0.121933146 -0.967694364
vn 0.178339636 -0.233051465 -0.955971751
vn 0.195732653 -0.208864014 -0.958156851
vn 0.133485129 -0.148196750 -0.979907875
vn 0.187194292 -0.199311499 -0.961890443
vn 0.246250966 -0.345117492 -0.905678960
vn 0.263737128 -0.227786618 -0.937313173
vn 0.271982272 -0.077463544 -0.959179359
vn 0.255141539 -0.228228395 -0.939582138
vn 0.210881761 -0.267447589 -0.940213098
vn 0.497607894 0.313734988 -0.808675918
vn -0.502765863 -0.165164367 -0.848497035
vn 0.272367502 -0.293504954 -0.916335520
vn 0.188398600 -0.095106007 -0.977476759
vn 0.166824265 -0.065635935 -0.983799567
vn 0.106203110 -0.113032191 -0.987899096
vn 0.317383499 -0.140129098 -0.937886747
vn 0.273672034 -0.201041197 -0.940577512
vn -0.513215093 -0.272516332 -0.813845881
vn 0.522568600 0.539770820 -0.659976909
vn 0.306704047 0.249143035 -0.918618732
vn 0.436000823 -0.283064980 -0.854270156
vn 0.454992528 -0.307392080 -0.835758284
vn 0.510136808 0.172197915 -0.842679248
vn 0.318567178 -0.372971968 -0.871439536
vn 0.291275800 -0.160843608 -0.943020542
vn 0.234627011 -0.190132240 -0.953309969
vn 0.277908837 -0.222877069 -0.934394184
vn 0.233009476 -0.187902396 -0.954148455
vn 0.277175398 -0.145408751 -0.949752649
vn 0.268325493 -0.202965090 -0.941704095
vn 0.301787337 -0.204647463 -0.931151878
vn 0.418162853 0.518232912 -0.746039193
vn 0.234816468 -0.038554160 -0.971274834
vn 0.576848024 0.450963968 -0.681085793
vn 0.106338043 -0.163987853 -0.980714130
vn 0.393450910 -0.077893096 -0.916039872
vn 0.268209696 -0.173801253 -0.947552998
vn 0.293529151 -0.214163136 -0.931651646
vn -0.447829519 -0.249486386 -0.858606583
vn 0.188903204 -0.163779348 -0.968241656
vn 0.192808087 -0.146731357 -0.970203561
vn 0.282619621 -0.140711329 -0.948855348
vn 0.380156541 -0.179054333 -0.907425231
vn 0.184487088 -0.122529262 -0.975167214
vn 0.299943028 0.061436596 -0.951976746
vn 0.200118180 0.163433987 -0.966044536
vn 0.203948587 -0.226358769 -0.952452981
vn 0.176063553 -0.131126040 -0.975606266
vn 0.076001463 -0.006604103 -0.997085836
vn 0.148636626 -0.091983952 -0.984604543
vn 0.072682911 0.099508497 -0.992378584
vn -0.066990020 -0.551282596 -0.831624817
vn 0.069954162 0.135018743 -0.988370555
vn 0.584691805 0.459926262 -0.668283867
vn 0.201472159 0.079054790 -0.976298781
vn 0.190815283 -0.050673070 -0.980317177
vn 0.209227580 0.204459471 -0.956253180
vn 0.223237113 -0.110382916 -0.968494090
vn 0.220270560 -0.320319144 -0.921344955
vn 0.126225623 -0.028864093 -0.991581543
vn 0.227792719 0.025190318 -0.973383750
vn 0.298331138 0.020240167 -0.954247802
vn -0.167227379 0.122868839 -0.978232208
vn 0.484488828 0.426749804 -0.763645979
vn 0.285070835 -0.253898189 -0.924267455
vn 0.199112656 -0.132674871 -0.970953927
vn 0.262966651 -0.273540298 -0.925215783
vn 0.081906902 -0.005808085 -0.996623061
vn 0.135268043 -0.042935118 -0.989878342
vn -0.263778948 -0.233213648 -0.935965844
vn -0.205356358 -0.121254062 -0.971146858
vn 0.003660155 -0.359944803 -0.932966421
vn 0.247689998 -0.118098239 -0.961614513
vn 0.061653475 -0.125309729 -0.990200142
vn 0.207893540 -0.255462464 -0.944202947
vn -0.005613479 -0.041532269 -0.999121394
vn 0.514398238 -0.055327050 -0.855764787
vn 0.198493452 -0.096721571 -0.975318044
vn 0.063964683 0.068318308 -0.995610932
vn -0.113812702 0.030755490 -0.993026066
vn 0.222548675 -0.078160094 -0.971783457
vn 0.149017608 -0.029833563 -0.988384394
vn 0.285583368 -0.129871432 -0.949513323
vn 0.262908226 -0.201314715 -0.943584469
vn 0.080083350 -0.064567108 -0.994694800
vn 0.217196009 0.193059198 -0.956845881
vn 0.069856991 -0.107693946 -0.991726784
vn 0.280338552 -0.373034807 -0.884451994
vn 0.168005078 0.029587813 -0.985341999
vn 0.160307235 0.400924386 -0.901976290
vn 0.309460731 -0.244848608 -0.918848853
vn 0.291664462 -0.260105438 -0.920476509
vn 0.413218720 -0.042921101 -0.909619739
vn 0.420648659 0.478426618 -0.770819484
vn 0.079681594 0.278137529 -0.957230567
vn 0.433261133 0.121709272 -0.893012679
vn -0.168129839 -0.905580488 -0.389430785
vn 0.420436152 0.320762072 -0.848731486
vn 0.213015673 -0.365300203 -0.906189873
vn 0.320400158 0.059683319 -0.945400254
vn -0.074903096 0.027011924 -0.996824901
vn 0.204683414 0.309394681 -0.928643974
vn 0.179708813 0.423982235 -0.887661989
vn -0.004312511 -0.073809312 -0.997263048
vn -0.012264675 0.198856725 -0.979951826
vn 0.467865558 -0.090548499 -0.879148900
vn 0.157723172 0.192447333 -0.968549134
vn 0.345220278 -0.245423452 -0.905864388
vn 0.204246395 -0.017798132 -0.978757701
vn 0.533945564 0.434887043 -0.725103713
vn 0.048454137 -0.067778752 -0.996523074
vn 0.363037372 0.148481065 -0.919868056
vn 0.285627255 -0.074615732 -0.955431611
vn 0.095202255 0.309095753 -0.946253849
vn -0.157886689 -0.019239830 -0.987269782
vn 0.084751567 0.090305811 -0.992301382
vn 0.293403685 0.060850696 -0.954050036
vn -0.146336929 -0.067277031 -0.986944428
vn 0.255519875 -0.274159002 -0.927117272
vn 0.129092693 0.012461688 -0.991554226
vn 0.358478765 -0.149812013 -0.921438731
vn 0.285649742 -0.199878230 -0.937258192
vn 0.417264624 -0.284094428 -0.863238431
vn 0.289105458 -0.379197996 -0.878991987
vn -0.321871259 -0.383129819 -0.865800459
vn 0.258156886 -0.032317477 -0.965562325
vn -0.094192681 0.089517160 -0.991521264
vn 0.267569158 -0.342439352 -0.900634241
vn 0.171376437 0.247265005 -0.953671922
vn 0.346748695 -0.129949089 -0.928912578
vn -0.023414686 -0.040318901 -0.998912478
vn 0.136822393 -0.211216484 -0.967815700
vn 0.211526079 0.433702935 -0.875875837
vn 0.326511515 -0.333005269 -0.884589013
vn 0.453576538 0.462898499 -0.761572914
vn -0.137396186 -0.266091328 -0.954105703
vn 0.004483039 0.250979603 -0.967981994
vn 0.169827873 -0.009924516 -0.985423765
vn 0.187794613 0.155998992 -0.969740944
vn -0.017985248 0.046079439 -0.998775859
vn 0.338261084 -0.079779590 -0.937664469
vn 0.289709434 -0.361043698 -0.886406166
vn 0.189550955 0.067350352 -0.979558250
vn 0.011636404 0.013968016 -0.999834731
vn -0.120149040 -0.194200773 -0.973576021
vn 0.393791568 -0.244999711 -0.885947709
vn 0.454067925 -0.171274569 -0.874349668
vn 0.294652257 -0.431186724 -0.852794264
vn 0.437728581 0.337212462 -0.833475521
vn -0.112281866 -0.325228249 -0.938945882
vn 0.236237556 -0.259872541 -0.936300208
vn 0.485033692 0.363630052 -0.795308433
vn 0.213317422 -0.009138657 -0.976940204
vn -0.082961030 -0.584070966 -0.807451902
vn 0.293086468 0.095106440 -0.951343832
vn 0.254730637 0.012203498 -0.966935043
vn 0.125326836 -0.201371225 -0.971464263
vn 0.622793651 0.004325111 -0.782374182
vn 0.179799838 0.096342105 -0.978974064
vn 0.452328337 -0.017249109 -0.891684666
vn 0.255513450 -0.364099016 -0.895625359
vn 0.161085747 0.250938796 -0.954505685
vn 0.273191120 -0.106122743 -0.956088163
vn 0.241884970 -0.293894659 -0.924725684
vn -0.050615676 -0.491950217 -0.869150756
vn 0.627439694 -0.185647349 -0.756210613
vn 0.323150219 -0.046914081 -0.945184112
vn 0.288911367 -0.447706769 -0.846220344
vn 0.405793034 -0.306038016 -0.861204242
vn 0.310449257 -0.339254940 -0.887990622
vn 0.368986237 0.318614051 -0.873117543
vn 0.595350025 -0.487418582 -0.638734275
vn 0.215432180 0.066073620 -0.974280890
vn 0.549199342 0.360341484 -0.754012001
vn 0.382930911 -0.268598267 -0.883865877
vn 0.220597489 -0.228490191 -0.948224119
vn 0.572567558 0.023536347 -0.819519635
vn 0.192482335 -0.234701387 -0.952819925
vn 0.031981846 -0.247934785 -0.968248679
vn 0.327808854 0.327594482 -0.886128213
vn 0.123877034 0.135987029 -0.982935404
vn 0.277797334 0.185667819 -0.942526446
vn 0.210947543 -0.433806314 -0.875964164
vn 0.335488810 -0.351958587 -0.873826305
vn 0.583739905 -0.174941864 -0.792870146
vn 0.310169189 -0.188931040 -0.931718915
vn 0.141078682 -0.293916032 -0.945362455
vn 0.477446626 0.355038212 -0.803736641
vn -0.098687014 -0.399817761 -0.911266499
vn 0.249790276 -0.199547608 -0.947515472
vn 0.182372986 0.080309275 -0.979944138
vn 0.279078226 0.151809963 -0.948192533
vn 0.237549879 -0.355319213 -0.904056587
vn 0.188275937 -0.134704784 -0.972834412
vn 0.373584116 0.043404046 -0.926580270
vn 0.437993629 -0.194397677 -0.877707881
vn 0.062778356 -0.308143992 -0.949266116
vn 0.223745370 -0.120992183 -0.967108526
vn 0.248392717 0.016807012 -0.968513594
vn -0.086942763 -0.034029880 -0.995631922
vn 0.476353706 -0.274706524 -0.835238572
vn 0.135349294 -0.405139479 -0.904180608
vn 0.227844804 0.428322494 -0.874429292
vn 0.014236131 -0.099019143 -0.994983689
vn 0.192333271 0.387201057 -0.901711292
vn 0.534874962 -0.026242964 -0.844523583
vn 0.576791921 -0.148539924 -0.803272663
vn 0.484921648 0.356517312 -0.798590259
vn 0.224805512 -0.549430448 -0.804728939
vn -0.074467895 -0.155739002 -0.984987257
vn 0.248950688 0.313434020 -0.916396568
vn 0.359925107 0.029564430 -0.932512660
vn 0.176810190 -0.064689642 -0.982116799
vn 0.284867274 0.266272317 -0.920841837
vn 0.152735689 0.068423433 -0.985895554
vn 0.337552733 -0.100592245 -0.935916317
vn 0.161209167 -0.170552066 -0.972071807
vn 0.348157852 -0.431249640 -0.832352004
vn 0.500122365 0.382017934 -0.777135714
vn 0.202120730 0.057137135 -0.977692466
vn 0.300000917 0.024047138 -0.953635772
vn -0.151987745 -0.384123172 -0.910686068
vn -0.216552303 0.265737866 -0.939408583
vn 0.532904971 0.387970169 -0.751991649
vn 0.259196970 -0.506308927 -0.822476869
vn -0.303576248 -0.104951520 -0.947009314
vn 0.176379897 0.258829368 -0.949682837
vn -0.240369431 -0.457453574 -0.856130109
vn -0.194682079 -0.067229565 -0.978559694
vn 0.301626281 -0.320674105 -0.897880674
vn 0.065932995 -0.039132398 -0.997056415
vn 0.252342798 0.291665396 -0.922634494
vn 0.453816788 -0.112936119 -0.883909360
vn 0.300600630 -0.315221400 -0.900152615
vn -0.023329031 0.025302507 -0.999407594
vn 0.164050745 0.222456894 -0.961041250
vn 0.182365954 -0.241794062 -0.953036353
vn 0.352212348 -0.231384921 -0.906866848
vn -0.199672844 -0.069883784 -0.977367388
vn 0.349985216 -0.009103006 -0.936710993
vn 0.473737073 -0.325207699 -0.818421125
vn 0.448990538 0.239406497 -0.860867020
vn 0.259700546 0.104001067 -0.960072604
vn 0.187380662 0.133816382 -0.973129829
vn 0.523198647 -0.080649598 -0.848386008
vn 0.486897944 -0.177933275 -0.855143346
vn 0.231865115 0.020860190 -0.972524252
vn 0.121336296 0.205767927 -0.971049465
vn 0.263985500 -0.318919264 -0.910275870
vn 0.139851993 -0.774092797 -0.617431585
vn 0.226439933 -0.108113750 -0.968006391
vn 0.351641812 -0.229977371 -0.907446111
vn -0.119826160 0.303260358 -0.945343772
vn 0.102330503 -0.050141063 -0.993485955
vn 0.372060884 -0.112764079 -0.921333252
vn 0.385314524 0.100913371 -0.917250897
vn 0.506173776 0.385907610 -0.771273898
vn 0.369967443 -0.271660039 -0.888439595
vn 0.185966295 -0.241131243 -0.952508404
vn 0.159849976 -0.121255898 -0.979665755
vn 0.030033223 -0.107712200 -0.993728377
vn 0.609113875 -0.188623111 -0.770325651
vn 0.072767055 -0.330125370 -0.941128151
vn 0.275245005 -0.104013490 -0.955730810
vn 0.526577192 -0.004416406 -0.850115849
vn 0.280928660 0.077378386 -0.956604241
vn 0.271682570 0.021269351 -0.962151857
vn 0.627010457 -0.374373685 -0.683156081
vn 0.174923467 -0.364979563 -0.914435181
vn 0.002913829 -0.129292248 -0.991602251
vn 0.210842711 -0.009170321 -0.977476985
vn 0.387659560 0.008871601 -0.921759925
vn 0.386668147 -0.314575750 -0.866908208
vn -0.159839000 -0.089939409 -0.983037332
vn 0.042011101 -0.630617926 -0.774955546
vn 0.425208308 0.341087554 -0.838365777
vn 0.692309294 -0.351063071 -0.630446319
vn 0.308717626 0.093394490 -0.946557392
vn 0.406359959 0.046005992 -0.912554126
vn 0.290131367 0.304922552 -0.907108608
vn 0.349785655 0.003270116 -0.936824051
vn 0.206607786 0.192235206 -0.959353349
vn 0.714876768 -0.219770676 -0.663816282
vn 0.287184903 -0.334914441 -0.897416931
vn 0.018955373 -0.226022762 -0.973937578
vn 0.435349291 -0.000631580 -0.900261404
vn 0.254417829 -0.202474764 -0.945661429
vn 0.444244478 -0.011358370 -0.895833596
vn 0.293951383 -0.730453238 -0.616466262
vn 0.173410118 -0.256401602 -0.950887559
vn 0.289309863 -0.541744613 -0.789184755
vn 0.045939334 -0.308962489 -0.949964082
vn 0.081877492 0.040219030 -0.995830561
vn 0.312137233 -0.099357468 -0.944827202
vn 0.199749437 -0.052423111 -0.978443652
vn 0.312637306 0.083717501 -0.946176144
vn 0.411380041 -0.215359088 -0.885656212
vn 0.315706960 -0.249469776 -0.915474711
vn 0.378093230 0.068768198 -0.923209859
vn 0.311571581 0.243917390 -0.918383067
vn 0.315325381 0.123634306 -0.940895564
vn 0.483665642 -0.000624283 -0.875252625
vn 0.312278922 0.171123685 -0.934450940
vn 0.303390514 0.036261296 -0.952176094
vn -0.059757831 0.313091549 -0.947841065
vn 0.562566153 -0.062002644 -0.824424039
vn 0.408576412 0.122716484 -0.904436830
vn 0.528472508 -0.296000946 -0.795675969
vn 0.113045019 -0.197352769 -0.973792949
vn 0.191032874 -0.286426223 -0.938864452
vn 0.471426550 -0.098230652 -0.876417564
vn 0.363716864 0.007687149 -0.931477831
vn -0.026636490 -0.085506703 -0.995981476
vn 0.059251239 -0.467781593 -0.881855811
vn 0.200325370 -0.117306548 -0.972681304
vn 0.248377226 -0.444285069 -0.860766827
vn 0.280189827 -0.064105338 -0.957801736
vn 0.399256594 0.303043149 -0.865308628
vn 0.502875820 -0.259177422 -0.824586547
vn 0.069038957 -0.007178439 -0.997588138
vn 0.241142580 0.029433362 -0.970043264
vn 0.001639681 -0.543443756 -0.839443980
vn 0.307682818 -0.378898765 -0.872792650
vn 0.278590713 0.339036363 -0.898577520
vn 0.006067314 0.047547172 -0.998850566
vn 0.201218303 -0.062212644 -0.977568812
vn 0.393873572 0.065380868 -0.916836382
vn 0.363435665 0.118419376 -0.924062427
vn 0.521589243 0.328845268 -0.787277239
vn 0.480197574 0.126230040 -0.868030107
vn 0.325311264 -0.078719753 -0.942324669
vn 0.130676306 -0.457916114 -0.879338692
vn 0.477802309 -0.317592333 -0.819048267
vn 0.126377305 -0.066880113 -0.989725127
vn -0.234230710 0.310715354 -0.921190503
vn 0.401919032 0.294222533 -0.867118327
vn 0.269275112 -0.134062555 -0.953686608
vn 0.444149494 -0.168608231 -0.879944596
vn -0.106876377 0.049745730 -0.993027090
vn 0.392824767 0.213994589 -0.894368502
vn 0.258327227 -0.395358356 -0.881452672
vn 0.350912617 -0.217885480 -0.910706458
vn 0.474315229 -0.083620155 -0.876374768
vn 0.224366066 -0.380161682 -0.897294246
vn 0.382686161 -0.042745791 -0.922888996
vn -0.104690634 -0.170304521 -0.979814391
vn 0.148104841 0.349109808 -0.925303895
vn 0.478434935 -0.057064124 -0.876266911
vn 0.313503489 -0.075930415 -0.946546425
vn 0.238683895 0.007247782 -0.971070269
vn 0.306740005 0.267145176 -0.913533811
vn 0.216251012 -0.581072770 -0.784595396
vn 0.504893228 0.106104394 -0.856635678
vn 0.415866527 0.024024450 -0.909108276
vn 0.323824173 -0.137529075 -0.936068191
vn 0.337777112 0.164127641 -0.926805665
vn 0.272161965 -0.270340873 -0.923495358
vn 0.234219236 0.085220187 -0.968441464
vn 0.052832001 0.120254185 -0.991336326
vn 0.178405379 -0.239822036 -0.954283455
vn 0.532471357 0.174860634 -0.828189599
vn 0.109175280 -0.496702598 -0.861026879
vn 0.402701592 0.082395936 -0.911615236
vn 0.521858528 0.015389785 -0.852893212
vn 0.312619522 -0.046659599 -0.948731741
vn 0.460588319 0.100691177 -0.881884169
vn 0.262621387 0.154036893 -0.952524353
vn 0.135922446 0.276989532 -0.951210748
vn 0.444806501 -0.070480808 -0.892849165
vn 0.170859604 -0.350264608 -0.920935231
vn 0.194784889 0.124202607 -0.972950440
vn 0.395283089 0.218910295 -0.892092799
vn 0.606674542 0.027076202 -0.794489068
vn 0.445852280 -0.154056355 -0.881749615
vn -0.010938058 -0.320807539 -0.947081244
vn 0.087441824 -0.126362397 -0.988122701
vn 0.335854683 0.137417429 -0.931835866
vn 0.185996132 0.075140654 -0.979673068
vn 0.000788212 -0.278102804 -0.960550992
vn 0.395916873 0.207194555 -0.894606196
vn 0.262160279 0.239123501 -0.934928842
vn 0.550640432 -0.412299345 -0.725812899
vn 0.251166502 -0.506919400 -0.824589662
vn 0.412664286 0.175191144 -0.893877089
vn 0.196350849 0.302611422 -0.932669648
vn 0.223781232 0.049012860 -0.973406236
vn 0.238198318 -0.352996099 -0.904795731
vn 0.042620227 -0.101769266 -0.993894629
vn 0.408330299 0.010479880 -0.912774090
vn 0.400228900 -0.442323297 -0.802600105
vn 0.406987159 0.097277990 -0.908239200
vn 0.389498264 0.100024473 -0.915579711
vn 0.023993123 -0.018667185 -0.999537826
vn 0.470921666 0.063484092 -0.879887808
vn 0.289835701 -0.042705789 -0.956123152
vn 0.036674068 0.141980596 -0.989189832
vn 0.408712734 0.262403329 -0.874127218
vn 0.423025409 -0.031543239 -0.905568621
vn 0.467722112 -0.239597112 -0.850781552
vn 0.526223062 -0.065151699 -0.847847006
vn 0.185172994 -0.447176258 -0.875068201
vn 0.206267710 -0.299319449 -0.931590843
vn 0.660790524 -0.171435656 -0.730729566
vn 0.212395153 -0.576456241 -0.789041508
vn 0.480869537 -0.239232183 -0.843523830
vn 0.306361266 -0.428977239 -0.849777208
vn 0.126917698 -0.546343638 -0.827889200
vn 0.446979117 0.198432882 -0.872258024
vn 0.137384070 -0.619584626 -0.772813372
vn -0.075639061 -0.487926874 -0.869601114
vn 0.526112767 -0.014325909 -0.850294140
vn 0.303653047 0.046667736 -0.951639086
vn 0.034309918 -0.034579257 -0.998812848
vn 0.299141554 0.319047804 -0.899290181
vn 0.224896861 -0.440521277 -0.869115876
vn 0.322879684 0.353053578 -0.878124069
vn 0.202746569 -0.130953902 -0.970435420
vn 0.125958034 0.157563457 -0.979442867
vn 0.530816711 -0.281875231 -0.799237119
vn 0.008049889 -0.642759814 -0.766025470
vn 0.428959722 -0.202235320 -0.880394475
vn 0.155920032 0.052434790 -0.986376975
vn 0.296103026 -0.076318123 -0.952102170
vn 0.388313058 -0.531619879 -0.752723903
vn 0.188004746 0.062051689 -0.980206000
vn 0.192380195 -0.191018694 -0.962549593
vn -0.105779631 -0.040473740 -0.993565572
vn 0.502026812 -0.456561052 -0.734520991
vn 0.302761316 -0.500280444 -0.811205931
vn 0.320513570 -0.342808504 -0.883036455
vn 0.563634641 -0.157724575 -0.810826091
vn 0.568654824 0.028233451 -0.822091579
vn 0.454109996 -0.168068664 -0.874949733
vn 0.522246579 -0.114938615 -0.845013388
vn 0.205382918 -0.587929254 -0.782404658
vn 0.048104586 -0.601141819 -0.797693213
vn 0.450948934 -0.230375496 -0.862306320
vn 0.592499625 -0.075439725 -0.802030574
vn 0.292381993 -0.216118065 -0.931560922
vn 0.042092126 0.245046545 -0.968597152
vn 0.497091738 -0.101864194 -0.861698027
vn 0.170546385 0.106600374 -0.979566379
vn 0.179216219 0.052720436 -0.982396103
vn 0.488603156 -0.301427028 -0.818784894
vn 0.244092044 -0.185226078 -0.951898300
vn 0.400449363 -0.310648155 -0.862054541
vn 0.105967144 -0.314869800 -0.943200919
vn 0.198755812 -0.120409866 -0.972624075
vn 0.319966551 0.036398113 -0.946729414
vn 0.237812817 -0.292366299 -0.926265087
vn 0.284381031 -0.339443187 -0.896607914
vn 0.547816982 -0.024826890 -0.836229741
vn 0.208691338 -0.440563366 -0.873127623
vn 0.347882656 -0.162857166 -0.923285005
vn 0.309099415 0.037663602 -0.950283644
vn 0.195540297 0.020291845 -0.980485713
vn 0.089666485 -0.396527476 -0.913633341
vn 0.193584722 -0.450704079 -0.871430312
vn 0.063015628 0.131501849 -0.989311020
vn 0.288377515 0.009217840 -0.957472423
vn 0.180666238 0.290825130 -0.939563970
vn -0.087932670 -0.346539779 -0.933904720
vn 0.534779378 -0.294700114 -0.791936146
vn 0.052454597 -0.002961023 -0.998618920
vn -0.051987983 -0.093790389 -0.994233681
vn 0.278093458 0.361131165 -0.890083316
vn 0.326960759 0.222791354 -0.918401151
vn 0.259165506 -0.539816900 -0.800893848
vn 0.004304965 -0.172669135 -0.984970475
vn 0.372271495 -0.290708897 -0.881420598
vn 0.440907691 0.158022848 -0.883532222
vn 0.442699048 0.041812511 -0.895694852
vn -0.121140205 -0.254818604 -0.959370903
vn 0.376830146 -0.031575348 -0.925744046
vn 0.160825680 0.226101785 -0.960735699
vn -0.208940967 -0.274182233 -0.938705372
vn 0.173412965 -0.034929379 -0.984229588
vn -0.025889811 0.216235029 -0.975998017
vn 0.331496314 0.015841337 -0.943323511
vn 0.606164464 -0.190397716 -0.772213282
vn 0.246628381 -0.124674113 -0.961057130
vn -0.038927936 0.112633409 -0.992873774
vn 0.316775744 -0.061019814 -0.946535636
vn 0.006456739 -0.135287468 -0.990785351
vn 0.127670228 -0.437249602 -0.890232047
vn 0.188892145 0.093259093 -0.977559461
vn 0.247744329 0.143181755 -0.958186690
vn 0.450106414 0.134454786 -0.882794498
vn 0.266122879 -0.289191848 -0.919536127
vn 0.177885705 -0.380916453 -0.907336394
vn 0.306305279 0.145299312 -0.940779032
vn 0.045954733 -0.435072181 -0.899222086
vn 0.519009678 -0.118052719 -0.846576937
vn 0.520293066 0.070623063 -0.851062576
vn 0.102496265 -0.592849205 -0.798764255
vn 0.298130879 0.050137573 -0.953207324
vn 0.347693863 0.015960804 -0.937472256
vn -0.297648680 -0.163322518 -0.940601413
vn 0.158858604 -0.296216705 -0.941817184
vn 0.222795032 -0.173736780 -0.959259040
vn -0.460066106 -0.069408476 -0.885167578
vn 0.277278972 0.278916778 -0.919413837
vn 0.686672266 -0.458621170 -0.564045939
vn 0.006288677 -0.112670330 -0.993612525
vn 0.498621122 0.057566189 -0.864906417
vn 0.571437176 -0.495673787 -0.654039028
vn -0.342837900 -0.373029004 -0.862155170
vn -0.222832146 0.170136836 -0.959895459
vn 0.449459808 -0.022429501 -0.893018924
vn 0.122120438 0.366523497 -0.922359542
vn 0.161556239 -0.081796544 -0.983467797
vn 0.059799060 -0.283531752 -0.957096556
vn 0.038365673 -0.142548965 -0.989043916
vn 0.547642042 -0.085865295 -0.832295227
vn 0.350637748 -0.089572171 -0.932217784
vn 0.401722086 -0.190847009 -0.895654389
vn 0.412823226 -0.347345369 -0.841978729
vn 0.101277397 -0.724980243 -0.681283007
vn 0.424451769 0.042015920 -0.904475184
vn 0.274784735 -0.424416799 -0.862765165
vn 0.121724914 -0.110944057 -0.986343988
vn 0.484096829 -0.643369699 -0.593064660
vn 0.521127130 -0.000123800 -0.853479056
vn 0.577516303 -0.286433315 -0.764480789
vn 0.154278858 -0.136930650 -0.978492734
vn 0.406055194 -0.168923076 -0.898100314
vn 0.188481080 -0.429836549 -0.883014962
vn 0.428559479 -0.313838773 -0.847255568
vn 0.346942060 -0.054828380 -0.936282573
vn -0.225373893 -0.517587410 -0.825414975
vn 0.391331520 -0.345933187 -0.852754285
vn 0.665192781 -0.121615764 -0.736700868
vn -0.236534312 -0.232057644 -0.943504515
vn 0.443912143 -0.062828154 -0.893864997
vn -0.024039296 -0.323505558 -0.945920856
vn 0.324476297 -0.058274700 -0.944097025
vn -0.434536027 -0.366847863 -0.822557649
vn 0.064535000 -0.269601348 -0.960807133
vn 0.648076257 -0.228088189 -0.726617467
vn 0.369982149 -0.767194966 -0.523951423
vn 0.243813671 -0.135421622 -0.960320716
vn -0.267248846 -0.659838889 -0.702275370
vn -0.003029656 -0.641535575 -0.767087301
vn -0.005292397 -0.062735572 -0.998016151
vn 0.689989933 -0.453757688 -0.563930716
vn 0.211908540 -0.887772291 -0.408601432
vn 0.676055349 0.049038413 -0.735217246
vn 0.362602548 -0.022476601 -0.931672794
vn -0.243711550 0.116830027 -0.962785244
vn 0.131593529 -0.273273097 -0.952892941
vn 0.558466070 -0.331788450 -0.760284205
vn 0.498553812 0.040021445 -0.865934397
vn 0.547743763 -0.602814882 -0.580164622
vn -0.022500178 -0.849644616 -0.526875478
vn 0.648708812 -0.311115440 -0.694538740
vn 0.251132095 -0.172762425 -0.952410529
vn 0.255227877 -0.173037276 -0.951271166
vn 0.637953309 -0.339416061 -0.691239693
vn 0.705127575 -0.278223410 -0.652216864
vn 0.449764080 -0.114440333 -0.885785348
vn 0.113995744 -0.367429850 -0.923038610
vn 0.170559842 -0.199634576 -0.964912108
vn 0.425968162 -0.380144629 -0.821000113
vn 0.386895035 0.117641028 -0.914588880
vn 0.401781235 -0.429347522 -0.808846428
vn 0.047104011 -0.165138331 -0.985144935
vn 0.638048416 -0.407619268 -0.653253972
vn 0.046672965 -0.174184416 -0.983606336
vn 0.175281832 -0.793091188 -0.583337506
vn -0.115074419 -0.737608603 -0.665350605
vn 0.542589733 -0.382139249 -0.748041427
vn 0.513956057 -0.541906954 -0.664970694
vn 0.347998393 -0.707425536 -0.615179835
vn -0.353842838 -0.829763390 -0.431610893
vn 0.165905617 -0.450383471 -0.877285618
vn 0.322368803 -0.282058246 -0.903615793
vn 0.666949783 -0.437078929 -0.603440135
vn -0.123028804 -0.923609126 -0.363056601
vn 0.224307628 0.428662829 -0.875176706
vn 0.154299428 -0.478557513 -0.864392500
vn 0.116095339 -0.114165065 -0.986655061
vn 0.351734334 0.272097733 -0.895681741
vn 0.213691093 -0.859096744 -0.465068705
vn 0.130150298 -0.163639236 -0.977897285
vn 0.667826526 -0.531261535 -0.521314600
vn 0.265901755 0.152320376 -0.951890098
vn 0.665314918 -0.528994125 -0.526802881
vn 0.303377615 -0.431268788 -0.849687740
vn 0.542499723 -0.610574362 -0.576968802
vn 0.281511505 0.088703871 -0.955449054
vn 0.708929901 -0.400671920 -0.580413997
vn 0.274382909 0.228639970 -0.934043780
vn 0.380039184 0.123326104 -0.916712000
vn 0.017727570 -0.922712766 -0.385080361
vn 0.480048314 -0.466959851 -0.742631884
vn 0.733615502 -0.464579941 -0.495957432
vn 0.680035844 -0.526146087 -0.510608995
vn -0.034684492 -0.229876808 -0.972601480
vn 0.546869050 -0.602545227 -0.581268863
vn -0.018187573 -0.139146655 -0.990104752
vn 0.595920039 -0.519023102 -0.612775919
vn 0.496237240 -0.021774641 -0.867913859
vn 0.709554921 -0.130975139 -0.692370801
vn 0.635800310 -0.692641909 -0.340595290
vn 0.776554012 -0.442653098 -0.448354883
vn 0.130079937 0.389744353 -0.911689941
vn 0.182345822 0.209240487 -0.960712454
vn 0.275978823 -0.240364263 -0.930623828
vn 0.635480273 -0.461627280 -0.618922513
vn 0.181536927 0.123930344 -0.975543753
vn 0.483051187 -0.584476504 -0.651957642
vn 0.669920147 -0.613389102 -0.418283165
vn 0.093103447 -0.099801975 -0.990641870
vn 0.740064424 -0.608713477 -0.285959001
vn 0.614006595 -0.620019742 -0.488437734
vn 0.645771832 -0.627486711 -0.435016285
vn 0.726372398 -0.119837242 -0.676773355
vn 0.764790770 -0.595481786 -0.245960406
vn 0.103596713 0.326558801 -0.939482342
vn 0.797530947 -0.345353426 -0.494646742
vn 0.685401598 -0.618069786 -0.384986220
vn 0.040996245 -0.200343341 -0.978867639
vn 0.696242450 -0.152369886 -0.701448408
vn 0.729012469 -0.477914935 -0.490038912
vn 0.617542116 -0.299068147 -0.727461325
vn 0.460963866 0.099094024 -0.881868861
vn 0.004112175 0.076944161 -0.997026923
vn 0.683282893 -0.299323485 -0.665980435
vn 0.714758915 -0.403727093 -0.571072787
vn 0.743904317 -0.246531990 -0.621150823
vn -0.161029676 -0.149315536 -0.975589214
vn 0.164627293 0.268661437 -0.949062109
vn 0.747615112 -0.403662133 -0.527378921
vn 0.838248045 -0.292810262 -0.460002571
vn 0.352763567 0.335037513 -0.873674842
vn 0.792037047 -0.070325972 -0.606408751
vn 0.685784245 0.039990038 -0.726705419
vn 0.659853589 -0.316048526 -0.681693897
vn 0.517713559 0.234969760 -0.822655385
vn 0.763846984 -0.325573401 -0.557260932
vn 0.376332093 -0.104262075 -0.920599574
vn 0.033037627 -0.269266036 -0.962498996
vn 0.709305184 -0.123667088 -0.693968736
vn 0.625930781 -0.022000981 -0.779568223
vn 0.580894541 0.154534307 -0.799175000
vn -0.033663292 -0.075126309 -0.996605649
vn 0.539310402 0.433818725 -0.721765616
vn -0.000457315 -0.018633176 -0.999826283
vn -0.047197809 0.050299536 -0.997618326
vn -0.129708020 0.612550764 -0.779716225
vn 0.684484209 0.075475358 -0.725110225
vn 0.128072420 -0.243991438 -0.961283326
vn 0.714161362 0.125179189 -0.688697117
vn 0.891084672 -0.241487733 -0.384254839
vn 0.707194664 0.085760508 -0.701798292
vn 0.832534031 -0.222551573 -0.507304528
vn 0.024321993 -0.028266916 -0.999304469
vn 0.843882402 -0.348889693 -0.407600875
vn 0.569243913 -0.165635586 -0.805311257
vn 0.520758088 0.308808781 -0.795894560
vn 0.860772341 -0.077096344 -0.503117412
vn 0.060406513 -0.053659242 -0.996730525
vn 0.577492670 -0.159146757 -0.800733742
vn 0.879045285 -0.248139138 -0.407070454
vn 0.794884972 -0.486369673 -0.362770482
vn 0.853604000 -0.201199619 -0.480498621
vn 0.863833932 -0.348903889 -0.363396497
vn 0.285270609 -0.346907676 -0.893462783
vn 0.285383193 -0.216782653 -0.933574697
vn 0.892388748 -0.253262667 -0.373497448
vn 0.374446807 -0.322137491 -0.869492395
f 12//12 43//43 30//30
f 2018//2018 2016//2016 1939//1939
f 2016//2016 2018//2018 2082//2082
f 180//180 212//212 177//177
f 19//19 27//27 12//12
f 27//27 43//43 12//12
f 2125//2125 2076//2076 2082//2082
f 2004//2004 1974//1974 2048//2048
f 2107//2107 2097//2097 2048//2048
f 250//250 270//270 231//231
f 415//415 370//370 456//456
f 1490//1490 1479//1479 1569//1569
f 1479//1479 1490//1490 1443//1443
f 1491//1491 1451//1451 1486//1486
f 1405//1405 1451//1451 1491//1491
f 1208//1208 1120//1120 1101//1101
f 215//215 212//212 180//180
f 212//212 228//228 177//177
f 2131//2131 2163//2163 2147//2147
f 1490//1490 1437//1437 1443//1443
f 2635//2635 2574//2574 2591//2591
f 2500//2500 2477//2477 2438//2438
f 2050//2050 2016//2016 2082//2082
f 2076//2076 2050//2050 2082//2082
f 2016//2016 2050//2050 2023//2023
f 2125//2125 2091//2091 2076//2076
f 2760//2760 2768//2768 2761//2761
f 2768//2768 2760//2760 2759//2759
f 2760//2760 2711//2711 2759//2759
f 1947//1947 1913//1913 1893//1893
f 1912//1912 1913//1913 1947//1947
f 3//3 4//4 1//1
f 4//4 2//2 1//1
f 35//35 34//34 69//69
f 25//25 52//52 18//18
f 25//25 7//7 37//37
f 7//7 25//25 18//18
f 49//49 19//19 6//6
f 2577//2577 2525//2525 2527//2527
f 2606//2606 2600//2600 2633//2633
f 2683//2683 2669//2669 2633//2633
f 2669//2669 2642//2642 2633//2633
f 2669//2669 2662//2662 2642//2642
f 2696//2696 2669//2669 2683//2683
f 2600//2600 2617//2617 2633//2633
f 2617//2617 2651//2651 2633//2633
f 2696//2696 2723//2723 2732//2732
f 2483//2483 2525//2525 2492//2492
f 1988//1988 2017//2017 2044//2044
f 2017//2017 1988//1988 1947//1947
f 1873//1873 1912//1912 1928//1928
f 1873//1873 1913//1913 1912//1912
f 548//548 610//610 537//537
f 1185//1185 1117//1117 1212//1212
f 612//612 621//621 580//580
f 621//621 664//664 656//656
f 664//664 733//733 656//656
f 1247//1247 1170//1170 1180//1180
f 1214//1214 1139//1139 1129//1129
f 1270//1270 1308//1308 1318//1318
f 2047//2047 2004//2004 2048//2048
f 2097//2097 2047//2047 2048//2048
f 2018//2018 2047//2047 2082//2082
f 2047//2047 2097//2097 2082//2082
f 2004//2004 1961//1961 1974//1974
f 1990//1990 2075//2075 2028//2028
f 1927//1927 1892//1892 1944//1944
f 1892//1892 1918//1918 1944//1944
f 1844//1844 1896//1896 1819//1819
f 1896//1896 1825//1825 1819//1819
f 1974//1974 2052//2052 2048//2048
f 2564//2564 2568//2568 2584//2584
f 2568//2568 2564//2564 2546//2546
f 2376//2376 2343//2343 2317//2317
f 516//516 415//415 456//456
f 1306//1306 1310//1310 1373//1373
f 1229//1229 1310//1310 1306//1306
f 1479//1479 1553//1553 1569//1569
f 1553//1553 1637//1637 1569//1569
f 1553//1553 1588//1588 1637//1637
f 1426//1426 1479//1479 1443//1443
f 1426//1426 1320//1320 1337//1337
f 1320//1320 1426//1426 1443//1443
f 1760//1760 1730//1730 1840//1840
f 1155//1155 1110//1110 1142//1142
f 1062//1062 1120//1120 1127//1127
f 962//962 884//884 1005//1005
f 221//221 188//188 177//177
f 228//228 221//221 177//177
f 215//215 235//235 212//212
f 235//235 228//228 212//212
f 281//281 283//283 325//325
f 86//86 88//88 61//61
f 88//88 44//44 61//61
f 333//333 309//309 340//340
f 2160//2160 2197//2197 2144//2144
f 1310//1310 1341//1341 1373//1373
f 1341//1341 1310//1310 1320//1320
f 1390//1390 1320//1320 1443//1443
f 1437//1437 1390//1390 1443//1443
f 1390//1390 1341//1341 1320//1320
f 1390//1390 1437//1437 1373//1373
f 1341//1341 1390//1390 1373//1373
f 2465//2465 2500//2500 2438//2438
f 2091//2091 2103//2103 2043//2043
f 2103//2103 2091//2091 2140//2140
f 2051//2051 2050//2050 2076//2076
f 2091//2091 2051//2051 2076//2076
f 2050//2050 2051//2051 2023//2023
f 2051//2051 2091//2091 2043//2043
f 2757//2757 2759//2759 2733//2733
f 2639//2639 2635//2635 2591//2591
f 2639//2639 2610//2610 2649//2649
f 2672//2672 2610//2610 2661//2661
f 2610//2610 2672//2672 2649//2649
f 2606//2606 2596//2596 2584//2584
f 2713//2713 2736//2736 2719//2719
f 585//585 599//599 623//623
f 58//58 35//35 69//69
f 1311//1311 1334//1334 1272//1272
f 1342//1342 1334//1334 1311//1311
f 1647//1647 1598//1598 1624//1624
f 7//7 28//28 37//37
f 8//8 7//7 2//2
f 4//4 8//8 2//2
f 8//8 4//4 14//14
f 28//28 8//8 14//14
f 8//8 28//28 7//7
f 52//52 45//45 18//18
f 45//45 34//34 18//18
f 49//49 79//79 80//80
f 49//49 56//56 19//19
f 56//56 49//49 80//80
f 124//124 56//56 80//80
f 108//108 102//102 162//162
f 2700//2700 2722//2722 2726//2726
f 2722//2722 2740//2740 2726//2726
f 2727//2727 2696//2696 2732//2732
f 2725//2725 2727//2727 2732//2732
f 2525//2525 2529//2529 2492//2492
f 2662//2662 2620//2620 2642//2642
f 2620//2620 2596//2596 2642//2642
f 2688//2688 2669//2669 2696//2696
f 2727//2727 2688//2688 2696//2696
f 2688//2688 2727//2727 2725//2725
f 2688//2688 2722//2722 2700//2700
f 2722//2722 2688//2688 2725//2725
f 2606//2606 2595//2595 2600//2600
f 2595//2595 2568//2568 2600//2600
f 2595//2595 2606//2606 2584//2584
f 2568//2568 2595//2595 2584//2584
f 2617//2617 2604//2604 2616//2616
f 2604//2604 2617//2617 2600//2600
f 2682//2682 2696//2696 2683//2683
f 2682//2682 2683//2683 2633//2633
f 2678//2678 2680//2680 2706//2706
f 2680//2680 2678//2678 2651//2651
f 2638//2638 2654//2654 2651//2651
f 2638//2638 2617//2617 2616//2616
f 2617//2617 2638//2638 2651//2651
f 2723//2723 2729//2729 2732//2732
f 2405//2405 2442//2442 2376//2376
f 2442//2442 2437//2437 2461//2461
f 2437//2437 2442//2442 2405//2405
f 2101//2101 2075//2075 2080//2080
f 2525//2525 2508//2508 2527//2527
f 2483//2483 2508//2508 2525//2525
f 2467//2467 2483//2483 2492//2492
f 2056//2056 1988//1988 2044//2044
f 2359//2359 2351//2351 2313//2313
f 2074//2074 2027//2027 2070//2070
f 1626//1626 1582//1582 1573//1573
f 1993//1993 1895//1895 1928//1928
f 1234//1234 1179//1179 1239//1239
f 1347//1347 1421//1421 1354//1354
f 1347//1347 1284//1284 1294//1294
f 1284//1284 1347//1347 1354//1354
f 1425//1425 1383//1383 1354//1354
f 1421//1421 1425//1425 1354//1354
f 1383//1383 1425//1425 1414//1414
f 1425//1425 1421//1421 1512//1512
f 1425//1425 1515//1515 1414//1414
f 1515//1515 1425//1425 1512//1512
f 1383//1383 1332//1332 1354//1354
f 1332//1332 1383//1383 1414//1414
f 574//574 610//610 548//548
f 498//498 574//574 548//548
f 1160//1160 1206//1206 1153//1153
f 1062//1062 1038//1038 1021//1021
f 923//923 870//870 882//882
f 997//997 1092//1092 1101//1101
f 1092//1092 997//997 966//966
f 919//919 897//897 878//878
f 870//870 847//847 882//882
f 927//927 900//900 938//938
f 484//484 487//487 408//408
f 484//484 490//490 525//525
f 647//647 638//638 487//487
f 638//638 647//647 694//694
f 626//626 573//573 518//518
f 490//490 573//573 525//525
f 573//573 490//490 518//518
f 763//763 733//733 721//721
f 948//948 864//864 853//853
f 889//889 864//864 948//948
f 858//858 889//889 878//878
f 1236//1236 1214//1214 1129//1129
f 1236//1236 1216//1216 1348//1348
f 1170//1170 1121//1121 1180//1180
f 970//970 1067//1067 1039//1039
f 990//990 1095//1095 1045//1045
f 937//937 839//839 811//811
f 802//802 839//839 841//841
f 1277//1277 1270//1270 1318//1318
f 1270//1270 1277//1277 1233//1233
f 1270//1270 1276//1276 1308//1308
f 1276//1276 1270//1270 1247//1247
f 1859//1859 1822//1822 1850//1850
f 1772//1772 1822//1822 1786//1786
f 2231//2231 2244//2244 2214//2214
f 2516//2516 2485//2485 2494//2494
f 2005//2005 2047//2047 2018//2018
f 2047//2047 2005//2005 2004//2004
f 1550//1550 1599//1599 1596//1596
f 1599//1599 1550//1550 1535//1535
f 1658//1658 1742//1742 1696//1696
f 1742//1742 1658//1658 1687//1687
f 2075//2075 2060//2060 2028//2028
f 1957//1957 1990//1990 2028//2028
f 1957//1957 1927//1927 1944//1944
f 1990//1990 1957//1957 1944//1944
f 2075//2075 2012//2012 2080//2080
f 1990//1990 2012//2012 2075//2075
f 2012//2012 1990//1990 1944//1944
f 1844//1844 1759//1759 1797//1797
f 1759//1759 1722//1722 1797//1797
f 1755//1755 1759//1759 1819//1819
f 1759//1759 1844//1844 1819//1819
f 1884//1884 1892//1892 1927//1927
f 1884//1884 1896//1896 1844//1844
f 1899//1899 1825//1825 1896//1896
f 1869//1869 1883//1883 1936//1936
f 1883//1883 1886//1886 1936//1936
f 2031//2031 2009//2009 1994//1994
f 2035//2035 2009//2009 2031//2031
f 2007//2007 1982//1982 1989//1989
f 2038//2038 2007//2007 1989//1989
f 2038//2038 2054//2054 2118//2118
f 1982//1982 1966//1966 1989//1989
f 1966//1966 1972//1972 1989//1989
f 1966//1966 1942//1942 1972//1972
f 1941//1941 1869//1869 1936//1936
f 1869//1869 1941//1941 1894//1894
f 2073//2073 2025//2025 2061//2061
f 2039//2039 2025//2025 2073//2073
f 2084//2084 2073//2073 2061//2061
f 2107//2107 2127//2127 2097//2097
f 2127//2127 2124//2124 2169//2169
f 2042//2042 2052//2052 1974//1974
f 2042//2042 2033//2033 2064//2064
f 2334//2334 2343//2343 2371//2371
f 2394//2394 2343//2343 2376//2376
f 659//659 628//628 670//670
f 628//628 653//653 670//670
f 519//519 516//516 456//456
f 661//661 632//632 687//687
f 370//370 452//452 456//456
f 961//961 946//946 887//887
f 834//834 892//892 887//887
f 892//892 834//834 869//869
f 998//998 1060//1060 1048//1048
f 1110//1110 1069//1069 1142//1142
f 996//996 998//998 961//961
f 996//996 1069//1069 1064//1064
f 1069//1069 996//996 1004//1004
f 1004//1004 996//996 950//950
f 338//338 324//324 270//270
f 594//594 630//630 587//587
f 630//630 615//615 587//587
f 630//630 707//707 615//615
f 606//606 559//559 602//602
f 559//559 492//492 569//569
f 559//559 496//496 492//492
f 809//809 779//779 818//818
f 779//779 809//809 766//766
f 432//432 462//462 449//449
f 515//515 462//462 432//432
f 462//462 510//510 449//449
f 510//510 492//492 449//449
f 701//701 609//609 668//668
f 1320//1320 1256//1256 1243//1243
f 1310//1310 1256//1256 1320//1320
f 1256//1256 1209//1209 1243//1243
f 1256//1256 1310//1310 1229//1229
f 1553//1553 1532//1532 1588//1588
f 1532//1532 1491//1491 1486//1486
f 1532//1532 1483//1483 1491//1491
f 1483//1483 1405//1405 1491//1491
f 1483//1483 1553//1553 1479//1479
f 1483//1483 1532//1532 1553//1553
f 1196//1196 1155//1155 1142//1142
f 1188//1188 1196//1196 1142//1142
f 1209//1209 1196//1196 1243//1243
f 1196//1196 1209//1209 1155//1155
f 1364//1364 1426//1426 1337//1337
f 1426//1426 1364//1364 1405//1405
f 1211//1211 1273//1273 1192//1192
f 1258//1258 1211//1211 1181//1181
f 1211//1211 1258//1258 1273//1273
f 1690//1690 1629//1629 1663//1663
f 1690//1690 1760//1760 1694//1694
f 1690//1690 1730//1730 1760//1760
f 1110//1110 1141//1141 1149//1149
f 1141//1141 1110//1110 1155//1155
f 1141//1141 1209//1209 1149//1149
f 1209//1209 1141//1141 1155//1155
f 1060//1060 1090//1090 1149//1149
f 1090//1090 1110//1110 1149//1149
f 1204//1204 1229//1229 1149//1149
f 1209//1209 1204//1204 1149//1149
f 1204//1204 1256//1256 1229//1229
f 1256//1256 1204//1204 1209//1209
f 903//903 863//863 932//932
f 855//855 782//782 838//838
f 917//917 881//881 903//903
f 881//881 863//863 903//903
f 863//863 881//881 801//801
f 801//801 881//881 838//838
f 971//971 903//903 932//932
f 971//971 917//917 903//903
f 1027//1027 971//971 932//932
f 1248//1248 1263//1263 1333//1333
f 1208//1208 1198//1198 1120//1120
f 1263//1263 1198//1198 1208//1208
f 1198//1198 1263//1263 1186//1186
f 1134//1134 1208//1208 1101//1101
f 1092//1092 1134//1134 1101//1101
f 1172//1172 1134//1134 1126//1126
f 1134//1134 1092//1092 1126//1126
f 221//221 197//197 188//188
f 236//236 250//250 231//231
f 492//492 441//441 449//449
f 283//283 226//226 208//208
f 281//281 226//226 283//283
f 359//359 432//432 449//449
f 359//359 281//281 325//325
f 62//62 86//86 61//61
f 24//24 62//62 61//61
f 62//62 94//94 86//86
f 94//94 67//67 98//98
f 62//62 67//67 94//94
f 67//67 62//62 24//24
f 154//154 176//176 146//146
f 176//176 191//191 146//146
f 309//309 293//293 340//340
f 293//293 308//308 340//340
f 214//214 164//164 251//251
f 167//167 214//214 154//154
f 167//167 112//112 121//121
f 167//167 164//164 214//214
f 176//176 216//216 191//191
f 214//214 216//216 154//154
f 216//216 176//176 154//154
f 91//91 88//88 121//121
f 112//112 91//91 121//121
f 88//88 91//91 44//44
f 99//99 91//91 112//112
f 493//493 494//494 464//464
f 494//494 493//493 528//528
f 374//374 329//329 304//304
f 245//245 249//249 304//304
f 273//273 245//245 304//304
f 204//204 215//215 180//180
f 206//206 204//204 180//180
f 175//175 129//129 183//183
f 129//129 111//111 183//183
f 111//111 129//129 92//92
f 453//453 436//436 464//464
f 416//416 436//436 453//453
f 2150//2150 2129//2129 2122//2122
f 2152//2152 2161//2161 2115//2115
f 2335//2335 2319//2319 2387//2387
f 2335//2335 2368//2368 2330//2330
f 2368//2368 2335//2335 2387//2387
f 2440//2440 2368//2368 2387//2387
f 2414//2414 2412//2412 2438//2438
f 2412//2412 2414//2414 2354//2354
f 2477//2477 2474//2474 2438//2438
f 2331//2331 2284//2284 2354//2354
f 2218//2218 2227//2227 2282//2282
f 2218//2218 2160//2160 2227//2227
f 2160//2160 2218//2218 2197//2197
f 1629//1629 1643//1643 1588//1588
f 1637//1637 1643//1643 1694//1694
f 1588//1588 1643//1643 1637//1637
f 1643//1643 1690//1690 1694//1694
f 1690//1690 1643//1643 1629//1629
f 2502//2502 2495//2495 2522//2522
f 2495//2495 2502//2502 2488//2488
f 2474//2474 2495//2495 2488//2488
f 2495//2495 2477//2477 2522//2522
f 2495//2495 2474//2474 2477//2477
f 2477//2477 2511//2511 2522//2522
f 2500//2500 2511//2511 2477//2477
f 2557//2557 2552//2552 2574//2574
f 2557//2557 2502//2502 2522//2522
f 2552//2552 2557//2557 2522//2522
f 2112//2112 2152//2152 2115//2115
f 2780//2780 2763//2763 2782//2782
f 2780//2780 2779//2779 2763//2763
f 2773//2773 2768//2768 2759//2759
f 2773//2773 2779//2779 2768//2768
f 2757//2757 2773//2773 2759//2759
f 2779//2779 2773//2773 2763//2763
f 2773//2773 2757//2757 2763//2763
f 2757//2757 2742//2742 2763//2763
f 2742//2742 2757//2757 2733//2733
f 2738//2738 2742//2742 2733//2733
f 2505//2505 2465//2465 2475//2475
f 2581//2581 2639//2639 2591//2591
f 2581//2581 2610//2610 2639//2639
f 2565//2565 2581//2581 2562//2562
f 2581//2581 2565//2565 2610//2610
f 2686//2686 2691//2691 2661//2661
f 2691//2691 2686//2686 2711//2711
f 2691//2691 2672//2672 2661//2661
f 2672//2672 2691//2691 2711//2711
f 2686//2686 2709//2709 2711//2711
f 2759//2759 2709//2709 2733//2733
f 2711//2711 2709//2709 2759//2759
f 2579//2579 2564//2564 2584//2584
f 2596//2596 2579//2579 2584//2584
f 2596//2596 2629//2629 2642//2642
f 2629//2629 2596//2596 2606//2606
f 2642//2642 2629//2629 2633//2633
f 2629//2629 2606//2606 2633//2633
f 2571//2571 2573//2573 2588//2588
f 2530//2530 2485//2485 2516//2516
f 2659//2659 2647//2647 2630//2630
f 2697//2697 2721//2721 2717//2717
f 2721//2721 2697//2697 2679//2679
f 585//585 688//688 696//696
f 688//688 585//585 623//623
f 819//819 835//835 796//796
f 835//835 857//857 796//796
f 907//907 835//835 936//936
f 835//835 907//907 857//857
f 956//956 937//937 811//811
f 585//585 517//517 495//495
f 599//599 529//529 570//570
f 83//83 58//58 69//69
f 58//58 83//83 106//106
f 1074//1074 985//985 1084//1084
f 1074//1074 1044//1044 985//985
f 883//883 952//952 936//936
f 835//835 883//883 936//936
f 883//883 835//835 819//819
f 952//952 883//883 985//985
f 1044//1044 980//980 985//985
f 980//980 952//952 985//985
f 744//744 819//819 796//796
f 1202//1202 1197//1197 1146//1146
f 839//839 891//891 841//841
f 963//963 891//891 937//937
f 891//891 839//839 937//937
f 1010//1010 963//963 937//937
f 963//963 1010//1010 1035//1035
f 1010//1010 1065//1065 1035//1035
f 1065//1065 1132//1132 1035//1035
f 1240//1240 1311//1311 1272//1272
f 1647//1647 1702//1702 1619//1619
f 1761//1761 1702//1702 1737//1737
f 1774//1774 1722//1722 1720//1720
f 1722//1722 1774//1774 1797//1797
f 1862//1862 1761//1761 1737//1737
f 1398//1398 1342//1342 1379//1379
f 1334//1334 1398//1398 1384//1384
f 1398//1398 1334//1334 1342//1342
f 1514//1514 1481//1481 1504//1504
f 1563//1563 1548//1548 1504//1504
f 1598//1598 1548//1548 1624//1624
f 1548//1548 1514//1514 1504//1504
f 1478//1478 1467//1467 1556//1556
f 1563//1563 1478//1478 1556//1556
f 1478//1478 1563//1563 1504//1504
f 1481//1481 1478//1478 1504//1504
f 1398//1398 1478//1478 1384//1384
f 1630//1630 1548//1548 1563//1563
f 1551//1551 1538//1538 1619//1619
f 1538//1538 1551//1551 1473//1473
f 1538//1538 1514//1514 1555//1555
f 1584//1584 1647//1647 1619//1619
f 1584//1584 1598//1598 1647//1647
f 1538//1538 1584//1584 1619//1619
f 1584//1584 1538//1538 1555//1555
f 1551//1551 1466//1466 1473//1473
f 1567//1567 1551//1551 1619//1619
f 1661//1661 1612//1612 1720//1720
f 1372//1372 1378//1378 1308//1308
f 1308//1308 1378//1378 1318//1318
f 1516//1516 1576//1576 1540//1540
f 1444//1444 1466//1466 1487//1487
f 1466//1466 1444//1444 1382//1382
f 1492//1492 1541//1541 1522//1522
f 1378//1378 1409//1409 1418//1418
f 1409//1409 1378//1378 1372//1372
f 15//15 16//16 9//9
f 16//16 42//42 9//9
f 152//152 127//127 189//189
f 28//28 54//54 37//37
f 54//54 85//85 37//37
f 5//5 4//4 3//3
f 480//480 469//469 430//430
f 50//50 27//27 19//19
f 56//56 50//50 19//19
f 27//27 50//50 43//43
f 179//179 124//124 161//161
f 124//124 179//179 150//150
f 124//124 104//104 161//161
f 79//79 104//104 80//80
f 104//104 124//124 80//80
f 118//118 124//124 150//150
f 124//124 118//118 56//56
f 118//118 50//50 56//56
f 561//561 662//662 578//578
f 234//234 227//227 266//266
f 234//234 222//222 162//162
f 227//227 234//234 162//162
f 2740//2740 2731//2731 2726//2726
f 2731//2731 2740//2740 2745//2745
f 2676//2676 2646//2646 2666//2666
f 2551//2551 2525//2525 2577//2577
f 2551//2551 2529//2529 2525//2525
f 2478//2478 2437//2437 2445//2445
f 2437//2437 2478//2478 2461//2461
f 2664//2664 2650//2650 2662//2662
f 2650//2650 2620//2620 2662//2662
f 2620//2620 2650//2650 2634//2634
f 2650//2650 2664//2664 2670//2670
f 2666//2666 2650//2650 2670//2670
f 2650//2650 2666//2666 2634//2634
f 2669//2669 2674//2674 2662//2662
f 2688//2688 2674//2674 2669//2669
f 2674//2674 2664//2664 2662//2662
f 2664//2664 2674//2674 2670//2670
f 2674//2674 2700//2700 2670//2670
f 2674//2674 2688//2688 2700//2700
f 2568//2568 2544//2544 2600//2600
f 2544//2544 2604//2604 2600//2600
f 2604//2604 2544//2544 2556//2556
f 2519//2519 2544//2544 2528//2528
f 2544//2544 2519//2519 2556//2556
f 2544//2544 2546//2546 2528//2528
f 2544//2544 2568//2568 2546//2546
f 2682//2682 2702//2702 2696//2696
f 2702//2702 2678//2678 2706//2706
f 2702//2702 2682//2682 2678//2678
f 2656//2656 2682//2682 2633//2633
f 2682//2682 2656//2656 2678//2678
f 2651//2651 2656//2656 2633//2633
f 2678//2678 2656//2656 2651//2651
f 2654//2654 2657//2657 2651//2651
f 2657//2657 2680//2680 2651//2651
f 2665//2665 2657//2657 2654//2654
f 2653//2653 2618//2618 2648//2648
f 2653//2653 2648//2648 2681//2681
f 2665//2665 2653//2653 2681//2681
f 2437//2437 2426//2426 2445//2445
f 2426//2426 2437//2437 2405//2405
f 2426//2426 2406//2406 2445//2445
f 2426//2426 2405//2405 2348//2348
f 2406//2406 2426//2426 2348//2348
f 2405//2405 2327//2327 2348//2348
f 2327//2327 2301//2301 2348//2348
f 2327//2327 2405//2405 2376//2376
f 2579//2579 2535//2535 2564//2564
f 2166//2166 2172//2172 2207//2207
f 2276//2276 2252//2252 2236//2236
f 2252//2252 2276//2276 2301//2301
f 2301//2301 2276//2276 2348//2348
f 2363//2363 2406//2406 2348//2348
f 2462//2462 2508//2508 2483//2483
f 2508//2508 2462//2462 2527//2527
f 2142//2142 2137//2137 2100//2100
f 2137//2137 2058//2058 2100//2100
f 2079//2079 2110//2110 2070//2070
f 2079//2079 2029//2029 2081//2081
f 2087//2087 2142//2142 2100//2100
f 2142//2142 2087//2087 2069//2069
f 1912//1912 1967//1967 1928//1928
f 1967//1967 1912//1912 1947//1947
f 1988//1988 1967//1967 1947//1947
f 1998//1998 2056//2056 2069//2069
f 1993//1993 1998//1998 2069//2069
f 2056//2056 1998//1998 1988//1988
f 1998//1998 1967//1967 1988//1988
f 1998//1998 1993//1993 1928//1928
f 1967//1967 1998//1998 1928//1928
f 2053//2053 2058//2058 2024//2024
f 1993//1993 2053//2053 2024//2024
f 2058//2058 2053//2053 2100//2100
f 2053//2053 2087//2087 2100//2100
f 2053//2053 1993//1993 2069//2069
f 2087//2087 2053//2053 2069//2069
f 2381//2381 2366//2366 2361//2361
f 2366//2366 2390//2390 2352//2352
f 2403//2403 2361//2361 2386//2386
f 2428//2428 2366//2366 2381//2381
f 2390//2390 2428//2428 2422//2422
f 2366//2366 2428//2428 2390//2390
f 2351//2351 2307//2307 2313//2313
f 2027//2027 1983//1983 1958//1958
f 2014//2014 1983//1983 2027//2027
f 1681//1681 1634//1634 1662//1662
f 1630//1630 1634//1634 1669//1669
f 1634//1634 1686//1686 1669//1669
f 1686//1686 1634//1634 1681//1681
f 1582//1582 1505//1505 1573//1573
f 1505//1505 1524//1524 1573//1573
f 1467//1467 1518//1518 1556//1556
f 1960//1960 1895//1895 1993//1993
f 1960//1960 1993//1993 2024//2024
f 1865//1865 1960//1960 1904//1904
f 1895//1895 1960//1960 1865//1865
f 1234//1234 1201//1201 1179//1179
f 1421//1421 1454//1454 1512//1512
f 1459//1459 1454//1454 1421//1421
f 1541//1541 1507//1507 1522//1522
f 1242//1242 1218//1218 1176//1176
f 1284//1284 1262//1262 1294//1294
f 1262//1262 1242//1242 1294//1294
f 1242//1242 1262//1262 1218//1218
f 1262//1262 1278//1278 1212//1212
f 1278//1278 1262//1262 1284//1284
f 1117//1117 1178//1178 1212//1212
f 1097//1097 1168//1168 1176//1176
f 1275//1275 1278//1278 1297//1297
f 1314//1314 1332//1332 1297//1297
f 1278//1278 1314//1314 1297//1297
f 1332//1332 1314//1314 1354//1354
f 1314//1314 1284//1284 1354//1354
f 1314//1314 1278//1278 1284//1284
f 610//610 603//603 671//671
f 574//574 603//603 610//610
f 610//610 600//600 537//537
f 680//680 715//715 668//668
f 715//715 765//765 668//668
f 765//765 701//701 668//668
f 779//779 776//776 818//818
f 776//776 779//779 703//703
f 1156//1156 1130//1130 1153//1153
f 1156//1156 1206//1206 1225//1225
f 1206//1206 1156//1156 1153//1153
f 1190//1190 1263//1263 1248//1248
f 1263//1263 1190//1190 1186//1186
f 1206//1206 1190//1190 1248//1248
f 1190//1190 1206//1206 1160//1160
f 943//943 923//923 882//882
f 1130//1130 1083//1083 1153//1153
f 1100//1100 1038//1038 1062//1062
f 1100//1100 1062//1062 1127//1127
f 683//683 610//610 671//671
f 683//683 600//600 610//610
f 947//947 997//997 938//938
f 997//997 947//947 966//966
f 900//900 947//947 938//938
f 947//947 900//900 897//897
f 947//947 919//919 966//966
f 919//919 947//947 897//897
f 989//989 927//927 938//938
f 997//997 989//989 938//938
f 1003//1003 1092//1092 966//966
f 919//919 1003//1003 966//966
f 860//860 900//900 927//927
f 410//410 471//471 409//409
f 649//649 621//621 656//656
f 343//343 410//410 409//409
f 410//410 343//343 408//408
f 374//374 343//343 409//409
f 343//343 374//374 304//304
f 422//422 484//484 408//408
f 422//422 490//490 484//484
f 518//518 461//461 504//504
f 461//461 448//448 504//504
f 490//490 461//461 518//518
f 673//673 663//663 641//641
f 663//663 673//673 693//693
f 693//693 673//673 694//694
f 673//673 638//638 694//694
f 573//573 551//551 525//525
f 551//551 484//484 525//525
f 551//551 647//647 487//487
f 484//484 551//551 487//487
f 626//626 695//695 676//676
f 625//625 695//695 626//626
f 662//662 629//629 578//578
f 691//691 629//629 662//662
f 625//625 629//629 691//691
f 763//763 794//794 800//800
f 864//864 794//794 853//853
f 745//745 693//693 778//778
f 794//794 745//745 778//778
f 745//745 794//794 763//763
f 745//745 763//763 721//721
f 663//663 657//657 641//641
f 657//657 664//664 621//621
f 612//612 657//657 621//621
f 657//657 612//612 641//641
f 844//844 864//864 889//889
f 858//858 844//844 889//889
f 844//844 858//858 800//800
f 794//794 844//844 800//800
f 844//844 794//794 864//864
f 1144//1144 1171//1171 1216//1216
f 1144//1144 1236//1236 1129//1129
f 1236//1236 1144//1144 1216//1216
f 1121//1121 1026//1026 1039//1039
f 1026//1026 1121//1121 1047//1047
f 970//970 930//930 953//953
f 930//930 970//970 918//918
f 973//973 925//925 918//918
f 970//970 973//973 918//918
f 973//973 970//970 1039//1039
f 1026//1026 973//973 1039//1039
f 1174//1174 1163//1163 1233//1233
f 1163//1163 1174//1174 1115//1115
f 1136//1136 1163//1163 1115//1115
f 1199//1199 1136//1136 1170//1170
f 1199//1199 1170//1170 1247//1247
f 1270//1270 1199//1199 1247//1247
f 1199//1199 1270//1270 1233//1233
f 1163//1163 1199//1199 1233//1233
f 1199//1199 1163//1163 1136//1136
f 1121//1121 1135//1135 1047//1047
f 1136//1136 1135//1135 1170//1170
f 1135//1135 1121//1121 1170//1170
f 1139//1139 1108//1108 1129//1129
f 1085//1085 1139//1139 1180//1180
f 1121//1121 1085//1085 1180//1180
f 1085//1085 1108//1108 1139//1139
f 1108//1108 1085//1085 1067//1067
f 1085//1085 1121//1121 1039//1039
f 1067//1067 1085//1085 1039//1039
f 982//982 963//963 1035//1035
f 990//990 1081//1081 1095//1095
f 1095//1095 1081//1081 1146//1146
f 1132//1132 1081//1081 1035//1035
f 1081//1081 1202//1202 1146//1146
f 1081//1081 1132//1132 1202//1202
f 799//799 852//852 854//854
f 906//906 852//852 933//933
f 852//852 906//906 854//854
f 817//817 799//799 756//756
f 799//799 817//817 852//852
f 865//865 910//910 812//812
f 1006//1006 910//910 920//920
f 910//910 865//865 920//920
f 794//794 816//816 853//853
f 816//816 794//794 778//778
f 1550//1550 1500//1500 1535//1535
f 1515//1515 1500//1500 1414//1414
f 1500//1500 1515//1515 1535//1535
f 1500//1500 1411//1411 1414//1414
f 1411//1411 1419//1419 1386//1386
f 1332//1332 1369//1369 1297//1297
f 1369//1369 1362//1362 1297//1297
f 1369//1369 1332//1332 1414//1414
f 1268//1268 1195//1195 1249//1249
f 1195//1195 1268//1268 1172//1172
f 1890//1890 1871//1871 1859//1859
f 1822//1822 1800//1800 1786//1786
f 2275//2275 2294//2294 2261//2261
f 2238//2238 2275//2275 2261//2261
f 2238//2238 2162//2162 2201//2201
f 2369//2369 2373//2373 2342//2342
f 1963//1963 1961//1961 2004//2004
f 2005//2005 1963//1963 2004//2004
f 1911//1911 1963//1963 1939//1939
f 1961//1961 1963//1963 1911//1911
f 1963//1963 2018//2018 1939//1939
f 1963//1963 2005//2005 2018//2018
f 1599//1599 1631//1631 1596//1596
f 1631//1631 1599//1599 1658//1658
f 1776//1776 1725//1725 1765//1765
f 1725//1725 1742//1742 1687//1687
f 1742//1742 1725//1725 1776//1776
f 1822//1822 1824//1824 1850//1850
f 1824//1824 1822//1822 1772//1772
f 1824//1824 1894//1894 1850//1850
f 1824//1824 1869//1869 1894//1894
f 1658//1658 1610//1610 1687//1687
f 1599//1599 1610//1610 1658//1658
f 1755//1755 1719//1719 1678//1678
f 1576//1576 1627//1627 1540//1540
f 2104//2104 2060//2060 2075//2075
f 2060//2060 2104//2104 2092//2092
f 2092//2092 2104//2104 2128//2128
f 2101//2101 2104//2104 2075//2075
f 2109//2109 2089//2089 2031//2031
f 2060//2060 2109//2109 2031//2031
f 2109//2109 2060//2060 2092//2092
f 2109//2109 2092//2092 2128//2128
f 2072//2072 2035//2035 2031//2031
f 2089//2089 2072//2072 2031//2031
f 2072//2072 2054//2054 2035//2035
f 1957//1957 1950//1950 1927//1927
f 1950//1950 1884//1884 1927//1927
f 1884//1884 1950//1950 1896//1896
f 1884//1884 1848//1848 1892//1892
f 1848//1848 1884//1884 1844//1844
f 1848//1848 1844//1844 1797//1797
f 1934//1934 1942//1942 1887//1887
f 1923//1923 1934//1934 1887//1887
f 1899//1899 1861//1861 1825//1825
f 1811//1811 1861//1861 1887//1887
f 1861//1861 1811//1811 1825//1825
f 1811//1811 1734//1734 1825//1825
f 1570//1570 1496//1496 1540//1540
f 1570//1570 1492//1492 1496//1496
f 1492//1492 1570//1570 1541//1541
f 1591//1591 1570//1570 1618//1618
f 1570//1570 1591//1591 1541//1541
f 1796//1796 1809//1809 1869//1869
f 1752//1752 1796//1796 1765//1765
f 1842//1842 1886//1886 1883//1883
f 1869//1869 1842//1842 1883//1883
f 1809//1809 1842//1842 1869//1869
f 2062//2062 2038//2038 2118//2118
f 2086//2086 2062//2062 2118//2118
f 2062//2062 2086//2086 2061//2061
f 2041//2041 2062//2062 2061//2061
f 2007//2007 1999//1999 1982//1982
f 2011//2011 2038//2038 1989//1989
f 2011//2011 2054//2054 2038//2038
f 2054//2054 2011//2011 2035//2035
f 2011//2011 2009//2009 2035//2035
f 1972//1972 2011//2011 1989//1989
f 2009//2009 2011//2011 1972//1972
f 1964//1964 1954//1954 2002//2002
f 1954//1954 1946//1946 1982//1982
f 1886//1886 1946//1946 1936//1936
f 1946//1946 1964//1964 1936//1936
f 1964//1964 1946//1946 1954//1954
f 1941//1941 1940//1940 1894//1894
f 1940//1940 1962//1962 1937//1937
f 1940//1940 1984//1984 1962//1962
f 1984//1984 1940//1940 1941//1941
f 2099//2099 2095//2095 2135//2135
f 2095//2095 2039//2039 2073//2073
f 2033//2033 2049//2049 2064//2064
f 2095//2095 2049//2049 2039//2039
f 2015//2015 2049//2049 2033//2033
f 2049//2049 2015//2015 2039//2039
f 2379//2379 2388//2388 2417//2417
f 2095//2095 2133//2133 2135//2135
f 2084//2084 2133//2133 2073//2073
f 2133//2133 2095//2095 2073//2073
f 2127//2127 2153//2153 2097//2097
f 2097//2097 2153//2153 2082//2082
f 2153//2153 2125//2125 2082//2082
f 2132//2132 2162//2162 2141//2141
f 2132//2132 2099//2099 2135//2135
f 2124//2124 2106//2106 2052//2052
f 2106//2106 2107//2107 2048//2048
f 2052//2052 2106//2106 2048//2048
f 2106//2106 2127//2127 2107//2107
f 2106//2106 2124//2124 2127//2127
f 2094//2094 2124//2124 2052//2052
f 2094//2094 2042//2042 2064//2064
f 2042//2042 2094//2094 2052//2052
f 2042//2042 1985//1985 2033//2033
f 1984//1984 1985//1985 1962//1962
f 1985//1985 2015//2015 2033//2033
f 2015//2015 1985//1985 1984//1984
f 1962//1962 1985//1985 1937//1937
f 2542//2542 2558//2558 2512//2512
f 2343//2343 2311//2311 2317//2317
f 2334//2334 2311//2311 2343//2343
f 2314//2314 2334//2334 2371//2371
f 2394//2394 2384//2384 2343//2343
f 2400//2400 2384//2384 2394//2394
f 2400//2400 2419//2419 2434//2434
f 2419//2419 2400//2400 2394//2394
f 2442//2442 2419//2419 2376//2376
f 2419//2419 2394//2394 2376//2376
f 628//628 608//608 653//653
f 572//572 608//608 563//563
f 653//653 681//681 670//670
f 710//710 681//681 653//653
f 681//681 659//659 670//670
f 516//516 555//555 566//566
f 519//519 555//555 516//516
f 665//665 651//651 661//661
f 665//665 720//720 669//669
f 717//717 652//652 669//669
f 720//720 717//717 669//669
f 652//652 717//717 653//653
f 717//717 710//710 653//653
f 620//620 633//633 679//679
f 378//378 452//452 370//370
f 452//452 482//482 534//534
f 914//914 892//892 869//869
f 876//876 914//914 869//869
f 996//996 941//941 950//950
f 941//941 996//996 961//961
f 941//941 914//914 950//950
f 914//914 941//941 892//892
f 941//941 961//961 887//887
f 892//892 941//941 887//887
f 764//764 783//783 741//741
f 834//834 798//798 869//869
f 783//783 798//798 741//741
f 988//988 946//946 961//961
f 998//998 988//988 961//961
f 946//946 988//988 1048//1048
f 988//988 998//998 1048//1048
f 1055//1055 996//996 1064//1064
f 996//996 1055//1055 998//998
f 998//998 1055//1055 1060//1060
f 1055//1055 1090//1090 1060//1060
f 822//822 764//764 793//793
f 764//764 822//822 783//783
f 822//822 876//876 869//869
f 798//798 822//822 869//869
f 822//822 798//798 783//783
f 1211//1211 1125//1125 1181//1181
f 914//914 922//922 950//950
f 922//922 914//914 876//876
f 1137//1137 1188//1188 1142//1142
f 801//801 716//716 766//766
f 779//779 684//684 703//703
f 684//684 779//779 766//766
f 716//716 684//684 766//766
f 684//684 716//716 660//660
f 444//444 515//515 432//432
f 352//352 444//444 432//432
f 524//524 462//462 515//515
f 283//283 316//316 325//325
f 316//316 352//352 325//325
f 316//316 283//283 314//314
f 492//492 530//530 569//569
f 510//510 530//530 492//492
f 559//559 601//601 602//602
f 601//601 643//643 602//602
f 601//601 559//559 569//569
f 618//618 609//609 701//701
f 643//643 618//618 703//703
f 601//601 618//618 643//643
f 609//609 618//618 569//569
f 618//618 601//601 569//569
f 1426//1426 1450//1450 1479//1479
f 1450//1450 1483//1483 1479//1479
f 1450//1450 1426//1426 1405//1405
f 1483//1483 1450//1450 1405//1405
f 1230//1230 1285//1285 1188//1188
f 1285//1285 1230//1230 1307//1307
f 1320//1320 1285//1285 1337//1337
f 1285//1285 1307//1307 1337//1337
f 1364//1364 1286//1286 1273//1273
f 1230//1230 1286//1286 1307//1307
f 1307//1307 1286//1286 1337//1337
f 1286//1286 1364//1364 1337//1337
f 1273//1273 1286//1286 1192//1192
f 1286//1286 1230//1230 1192//1192
f 1695//1695 1690//1690 1663//1663
f 1690//1690 1695//1695 1730//1730
f 884//884 1020//1020 1005//1005
f 1020//1020 1098//1098 1005//1005
f 1128//1128 1077//1077 1147//1147
f 1157//1157 1128//1128 1147//1147
f 1128//1128 1157//1157 1098//1098
f 1020//1020 1128//1128 1098//1098
f 1128//1128 1020//1020 1077//1077
f 1090//1090 1091//1091 1110//1110
f 1069//1069 1091//1091 1064//1064
f 1091//1091 1069//1069 1110//1110
f 1091//1091 1055//1055 1064//1064
f 1055//1055 1091//1091 1090//1090
f 809//809 803//803 766//766
f 863//863 803//803 809//809
f 803//803 801//801 766//766
f 803//803 863//863 801//801
f 932//932 861//861 873//873
f 863//863 861//861 932//932
f 861//861 863//863 809//809
f 873//873 861//861 818//818
f 861//861 809//809 818//818
f 789//789 782//782 855//855
f 789//789 788//788 725//725
f 707//707 789//789 725//725
f 789//789 707//707 732//732
f 782//782 789//789 732//732
f 957//957 932//932 873//873
f 1572//1572 1629//1629 1588//1588
f 2129//2129 2088//2088 2122//2122
f 2088//2088 2129//2129 2131//2131
f 1077//1077 1113//1113 1147//1147
f 1726//1726 1772//1772 1786//1786
f 1742//1742 1726//1726 1696//1696
f 1726//1726 1742//1742 1772//1772
f 2065//2065 2112//2112 2115//2115
f 2103//2103 2065//2065 2043//2043
f 2112//2112 2065//2065 2103//2103
f 1263//1263 1350//1350 1333//1333
f 1198//1198 1158//1158 1120//1120
f 1158//1158 1198//1198 1186//1186
f 1120//1120 1158//1158 1127//1127
f 1219//1219 1185//1185 1212//1212
f 1278//1278 1219//1219 1212//1212
f 1275//1275 1219//1219 1278//1278
f 1166//1166 1172//1172 1126//1126
f 1166//1166 1195//1195 1172//1172
f 1134//1134 1177//1177 1208//1208
f 1177//1177 1134//1134 1172//1172
f 1268//1268 1177//1177 1172//1172
f 544//544 550//550 582//582
f 615//615 550//550 587//587
f 582//582 550//550 615//615
f 550//550 544//544 486//486
f 544//544 595//595 549//549
f 595//595 544//544 582//582
f 595//595 582//582 615//615
f 714//714 707//707 725//725
f 788//788 714//714 725//725
f 714//714 788//788 735//735
f 239//239 197//197 221//221
f 554//554 594//594 587//587
f 550//550 554//554 587//587
f 338//338 385//385 372//372
f 366//366 403//403 404//404
f 403//403 441//441 404//404
f 441//441 403//403 449//449
f 403//403 359//359 449//449
f 359//359 403//403 366//366
f 264//264 226//226 281//281
f 158//158 206//206 180//180
f 206//206 158//158 210//210
f 359//359 331//331 281//281
f 331//331 359//359 366//366
f 351//351 352//352 432//432
f 359//359 351//351 432//432
f 352//352 351//351 325//325
f 351//351 359//359 325//325
f 38//38 42//42 82//82
f 38//38 67//67 24//24
f 100//100 38//38 82//82
f 38//38 100//100 67//67
f 323//323 330//330 373//373
f 374//374 356//356 329//329
f 94//94 105//105 86//86
f 105//105 88//88 86//86
f 245//245 233//233 189//189
f 273//273 233//233 245//245
f 261//261 214//214 277//277
f 261//261 216//216 214//214
f 216//216 261//261 257//257
f 308//308 261//261 277//277
f 261//261 293//293 257//257
f 261//261 308//308 293//293
f 128//128 99//99 112//112
f 128//128 167//167 154//154
f 167//167 128//128 112//112
f 99//99 76//76 91//91
f 502//502 493//493 466//466
f 499//499 502//502 466//466
f 543//543 553//553 580//580
f 649//649 538//538 621//621
f 538//538 649//649 562//562
f 433//433 499//499 466//466
f 553//553 607//607 580//580
f 607//607 612//612 580//580
f 612//612 607//607 641//641
f 607//607 673//673 641//641
f 673//673 607//607 638//638
f 638//638 532//532 487//487
f 607//607 532//532 638//638
f 512//512 532//532 553//553
f 532//532 607//607 553//553
f 233//233 291//291 251//251
f 291//291 233//233 273//273
f 329//329 291//291 304//304
f 291//291 273//273 304//304
f 242//242 204//204 206//206
f 204//204 242//242 215//215
f 242//242 235//235 215//215
f 347//347 383//383 418//418
f 327//327 302//302 318//318
f 327//327 347//347 302//302
f 248//248 283//283 208//208
f 194//194 248//248 208//208
f 299//299 347//347 314//314
f 347//347 299//299 302//302
f 299//299 269//269 302//302
f 168//168 194//194 208//208
f 168//168 130//130 92//92
f 129//129 168//168 92//92
f 194//194 168//168 175//175
f 168//168 129//129 175//175
f 77//77 111//111 92//92
f 81//81 95//95 111//111
f 77//77 81//81 111//111
f 293//293 255//255 257//257
f 255//255 293//293 309//309
f 269//269 284//284 302//302
f 255//255 284//284 225//225
f 284//284 255//255 309//309
f 302//302 284//284 318//318
f 284//284 333//333 318//318
f 333//333 284//284 309//309
f 220//220 216//216 257//257
f 216//216 220//220 191//191
f 255//255 220//220 257//257
f 220//220 255//255 225//225
f 284//284 213//213 225//225
f 383//383 437//437 418//418
f 437//437 383//383 416//416
f 387//387 333//333 340//340
f 436//436 420//420 464//464
f 2319//2319 2285//2285 2282//2282
f 2285//2285 2319//2319 2335//2335
f 2167//2167 2161//2161 2152//2152
f 2167//2167 2194//2194 2220//2220
f 2194//2194 2167//2167 2152//2152
f 2429//2429 2440//2440 2387//2387
f 2411//2411 2429//2429 2387//2387
f 2429//2429 2411//2411 2451//2451
f 2429//2429 2472//2472 2440//2440
f 2472//2472 2429//2429 2451//2451
f 2325//2325 2331//2331 2347//2347
f 2325//2325 2319//2319 2282//2282
f 2319//2319 2325//2325 2387//2387
f 2200//2200 2254//2254 2227//2227
f 2355//2355 2331//2331 2354//2354
f 2331//2331 2355//2355 2347//2347
f 2414//2414 2355//2355 2354//2354
f 2411//2411 2439//2439 2451//2451
f 2439//2439 2474//2474 2488//2488
f 2439//2439 2414//2414 2438//2438
f 2474//2474 2439//2439 2438//2438
f 2267//2267 2228//2228 2266//2266
f 2194//2194 2228//2228 2220//2220
f 2228//2228 2264//2264 2220//2220
f 2264//2264 2228//2228 2267//2267
f 2543//2543 2552//2552 2522//2522
f 2511//2511 2543//2543 2522//2522
f 2230//2230 2184//2184 2169//2169
f 2184//2184 2127//2127 2169//2169
f 2184//2184 2153//2153 2127//2127
f 2091//2091 2148//2148 2140//2140
f 2148//2148 2091//2091 2125//2125
f 2153//2153 2158//2158 2125//2125
f 2158//2158 2153//2153 2176//2176
f 2158//2158 2148//2148 2125//2125
f 2148//2148 2158//2158 2177//2177
f 2465//2465 2459//2459 2475//2475
f 2459//2459 2456//2456 2475//2475
f 2139//2139 2103//2103 2140//2140
f 2139//2139 2112//2112 2103//2103
f 2112//2112 2139//2139 2152//2152
f 2194//2194 2139//2139 2140//2140
f 2139//2139 2194//2194 2152//2152
f 2774//2774 2756//2756 2771//2771
f 2611//2611 2610//2610 2592//2592
f 2610//2610 2611//2611 2661//2661
f 2611//2611 2632//2632 2661//2661
f 2659//2659 2673//2673 2647//2647
f 2673//2673 2686//2686 2661//2661
f 2632//2632 2673//2673 2661//2661
f 2673//2673 2659//2659 2695//2695
f 2709//2709 2673//2673 2695//2695
f 2673//2673 2709//2709 2686//2686
f 2647//2647 2608//2608 2630//2630
f 2608//2608 2621//2621 2630//2630
f 2608//2608 2611//2611 2592//2592
f 2611//2611 2608//2608 2632//2632
f 2532//2532 2511//2511 2500//2500
f 2593//2593 2619//2619 2590//2590
f 2751//2751 2749//2749 2739//2739
f 2749//2749 2735//2735 2739//2739
f 2728//2728 2713//2713 2701//2701
f 2714//2714 2728//2728 2701//2701
f 2728//2728 2714//2714 2739//2739
f 2735//2735 2728//2728 2739//2739
f 2602//2602 2645//2645 2630//2630
f 2621//2621 2602//2602 2630//2630
f 2558//2558 2585//2585 2573//2573
f 2585//2585 2542//2542 2590//2590
f 2542//2542 2585//2585 2558//2558
f 2573//2573 2585//2585 2588//2588
f 2558//2558 2521//2521 2512//2512
f 2521//2521 2516//2516 2494//2494
f 2512//2512 2521//2521 2494//2494
f 2521//2521 2558//2558 2573//2573
f 2548//2548 2530//2530 2516//2516
f 2576//2576 2594//2594 2622//2622
f 2671//2671 2627//2627 2625//2625
f 2627//2627 2624//2624 2625//2625
f 2594//2594 2624//2624 2622//2622
f 2624//2624 2627//2627 2622//2622
f 2582//2582 2571//2571 2588//2588
f 2602//2602 2566//2566 2597//2597
f 2627//2627 2636//2636 2622//2622
f 2693//2693 2713//2713 2719//2719
f 2655//2655 2628//2628 2631//2631
f 2628//2628 2625//2625 2588//2588
f 2667//2667 2671//2671 2625//2625
f 2671//2671 2667//2667 2701//2701
f 2659//2659 2704//2704 2695//2695
f 2697//2697 2668//2668 2679//2679
f 2623//2623 2668//2668 2645//2645
f 2668//2668 2675//2675 2645//2645
f 2668//2668 2697//2697 2675//2675
f 585//585 637//637 588//588
f 637//637 690//690 734//734
f 637//637 585//585 696//696
f 690//690 637//637 696//696
f 739//739 690//690 696//696
f 690//690 739//739 734//734
f 956//956 916//916 975//975
f 775//775 723//723 815//815
f 866//866 842//842 815//815
f 842//842 775//775 815//815
f 775//775 842//842 791//791
f 842//842 866//866 909//909
f 916//916 842//842 909//909
f 907//907 862//862 857//857
f 862//862 907//907 944//944
f 862//862 866//866 815//815
f 866//866 862//862 909//909
f 857//857 862//862 796//796
f 1054//1054 1028//1028 1179//1179
f 934//934 907//907 936//936
f 907//907 934//934 944//944
f 469//469 443//443 430//430
f 443//443 394//394 430//430
f 560//560 631//631 570//570
f 560//560 547//547 631//631
f 593//593 539//539 541//541
f 320//320 375//375 364//364
f 394//394 375//375 320//320
f 375//375 434//434 364//364
f 278//278 320//320 256//256
f 278//278 298//298 320//320
f 326//326 394//394 320//320
f 298//298 326//326 320//320
f 506//506 529//529 467//467
f 434//434 506//506 467//467
f 547//547 506//506 483//483
f 560//560 506//506 547//547
f 529//529 506//506 570//570
f 506//506 560//560 570//570
f 637//637 682//682 588//588
f 682//682 637//637 734//734
f 839//839 759//759 811//811
f 759//759 697//697 811//811
f 802//802 759//759 839//839
f 759//759 802//802 756//756
f 320//320 334//334 256//256
f 334//334 320//320 364//364
f 122//122 184//184 135//135
f 334//334 246//246 256//256
f 246//246 334//334 303//303
f 184//184 246//246 192//192
f 247//247 246//246 303//303
f 246//246 247//247 192//192
f 883//883 836//836 786//786
f 836//836 883//883 819//819
f 1008//1008 980//980 1044//1044
f 1008//1008 934//934 936//936
f 952//952 1008//1008 936//936
f 980//980 1008//1008 952//952
f 784//784 674//674 786//786
f 784//784 744//744 674//674
f 836//836 784//784 786//786
f 744//744 667//667 674//674
f 667//667 744//744 796//796
f 547//547 667//667 631//631
f 539//539 667//667 547//547
f 1197//1197 1183//1183 1146//1146
f 1171//1171 1183//1183 1216//1216
f 817//817 829//829 852//852
f 829//829 802//802 841//841
f 802//802 829//829 756//756
f 829//829 817//817 756//756
f 1240//1240 1265//1265 1311//1311
f 1265//1265 1240//1240 1194//1194
f 1293//1293 1234//1234 1239//1239
f 1325//1325 1303//1303 1331//1331
f 1251//1251 1303//1303 1239//1239
f 1303//1303 1293//1293 1239//1239
f 1293//1293 1303//1303 1325//1325
f 1747//1747 1777//1777 1746//1746
f 1747//1747 1675//1675 1669//1669
f 1675//1675 1747//1747 1746//1746
f 1686//1686 1747//1747 1669//1669
f 1702//1702 1654//1654 1619//1619
f 1654//1654 1567//1567 1619//1619
f 1750//1750 1702//1702 1761//1761
f 1750//1750 1774//1774 1720//1720
f 1702//1702 1700//1700 1737//1737
f 1700//1700 1702//1702 1647//1647
f 1700//1700 1746//1746 1737//1737
f 1700//1700 1675//1675 1746//1746
f 1774//1774 1832//1832 1797//1797
f 1832//1832 1848//1848 1797//1797
f 1848//1848 1832//1832 1892//1892
f 1876//1876 1904//1904 1900//1900
f 1876//1876 1838//1838 1904//1904
f 1777//1777 1841//1841 1746//1746
f 1746//1746 1841//1841 1737//1737
f 1841//1841 1862//1862 1737//1737
f 1838//1838 1841//1841 1777//1777
f 1876//1876 1841//1841 1838//1838
f 1841//1841 1876//1876 1900//1900
f 1420//1420 1427//1427 1467//1467
f 1478//1478 1420//1420 1467//1467
f 1420//1420 1478//1478 1398//1398
f 1420//1420 1398//1398 1379//1379
f 1427//1427 1420//1420 1379//1379
f 1327//1327 1334//1334 1384//1384
f 1370//1370 1327//1327 1384//1384
f 1395//1395 1346//1346 1370//1370
f 1466//1466 1395//1395 1473//1473
f 1423//1423 1370//1370 1384//1384
f 1478//1478 1423//1423 1384//1384
f 1423//1423 1478//1478 1481//1481
f 1660//1660 1647//1647 1624//1624
f 1660//1660 1700//1700 1647//1647
f 1700//1700 1660//1660 1675//1675
f 1514//1514 1544//1544 1555//1555
f 1548//1548 1544//1544 1514//1514
f 1544//1544 1548//1548 1598//1598
f 1544//1544 1584//1584 1555//1555
f 1584//1584 1544//1544 1598//1598
f 1586//1586 1654//1654 1612//1612
f 1654//1654 1586//1586 1567//1567
f 1722//1722 1698//1698 1720//1720
f 1698//1698 1661//1661 1720//1720
f 1661//1661 1698//1698 1678//1678
f 1759//1759 1698//1698 1722//1722
f 1698//1698 1755//1755 1678//1678
f 1698//1698 1759//1759 1755//1755
f 1220//1220 1247//1247 1180//1180
f 1139//1139 1220//1220 1180//1180
f 1220//1220 1139//1139 1214//1214
f 1319//1319 1372//1372 1308//1308
f 1276//1276 1319//1319 1308//1308
f 1319//1319 1276//1276 1247//1247
f 1315//1315 1236//1236 1348//1348
f 1368//1368 1315//1315 1348//1348
f 1636//1636 1661//1661 1678//1678
f 1636//1636 1627//1627 1576//1576
f 1661//1661 1636//1636 1612//1612
f 1636//1636 1576//1576 1612//1612
f 1452//1452 1409//1409 1457//1457
f 1464//1464 1452//1452 1457//1457
f 1452//1452 1464//1464 1496//1496
f 1492//1492 1452//1452 1496//1496
f 1493//1493 1489//1489 1516//1516
f 1493//1493 1516//1516 1540//1540
f 1489//1489 1493//1493 1457//1457
f 1493//1493 1464//1464 1457//1457
f 1496//1496 1493//1493 1540//1540
f 1464//1464 1493//1493 1496//1496
f 21//21 32//32 17//17
f 22//22 12//12 30//30
f 42//42 47//47 82//82
f 16//16 47//47 42//42
f 47//47 16//16 15//15
f 64//64 47//47 15//15
f 126//126 152//152 138//138
f 126//126 94//94 98//98
f 126//126 105//105 94//94
f 105//105 126//126 138//138
f 25//25 65//65 52//52
f 65//65 25//25 37//37
f 85//85 65//65 37//37
f 503//503 480//480 541//541
f 480//480 503//503 469//469
f 101//101 45//45 52//52
f 101//101 122//122 45//45
f 65//65 101//101 52//52
f 101//101 65//65 85//85
f 122//122 57//57 45//45
f 34//34 57//57 69//69
f 45//45 57//57 34//34
f 115//115 58//58 106//106
f 50//50 93//93 43//43
f 118//118 93//93 50//50
f 84//84 114//114 133//133
f 511//511 578//578 504//504
f 511//511 454//454 507//507
f 511//511 561//561 578//578
f 561//561 511//511 507//507
f 39//39 22//22 30//30
f 186//186 227//227 162//162
f 287//287 317//317 222//222
f 234//234 287//287 222//222
f 317//317 287//287 349//349
f 287//287 234//234 266//266
f 32//32 31//31 17//17
f 31//31 32//32 75//75
f 13//13 23//23 15//15
f 13//13 41//41 23//23
f 23//23 40//40 15//15
f 2731//2731 2716//2716 2726//2726
f 2716//2716 2731//2731 2698//2698
f 2604//2604 2603//2603 2616//2616
f 2603//2603 2638//2638 2616//2616
f 2603//2603 2604//2604 2556//2556
f 2587//2587 2603//2603 2556//2556
f 2603//2603 2587//2587 2618//2618
f 2538//2538 2587//2587 2556//2556
f 2538//2538 2504//2504 2529//2529
f 2551//2551 2538//2538 2529//2529
f 2519//2519 2524//2524 2556//2556
f 2524//2524 2538//2538 2556//2556
f 2538//2538 2524//2524 2504//2504
f 2529//2529 2489//2489 2492//2492
f 2504//2504 2489//2489 2529//2529
f 2489//2489 2467//2467 2492//2492
f 2406//2406 2489//2489 2445//2445
f 2489//2489 2504//2504 2445//2445
f 2620//2620 2607//2607 2596//2596
f 2607//2607 2620//2620 2634//2634
f 2707//2707 2702//2702 2706//2706
f 2715//2715 2723//2723 2696//2696
f 2702//2702 2715//2715 2696//2696
f 2707//2707 2715//2715 2702//2702
f 2715//2715 2729//2729 2723//2723
f 2715//2715 2707//2707 2729//2729
f 2657//2657 2684//2684 2680//2680
f 2680//2680 2684//2684 2706//2706
f 2685//2685 2665//2665 2681//2681
f 2685//2685 2689//2689 2665//2665
f 2689//2689 2685//2685 2705//2705
f 2318//2318 2376//2376 2317//2317
f 2318//2318 2327//2327 2376//2376
f 2564//2564 2541//2541 2546//2546
f 2535//2535 2541//2541 2564//2564
f 2546//2546 2541//2541 2528//2528
f 2541//2541 2507//2507 2528//2528
f 2541//2541 2535//2535 2506//2506
f 2507//2507 2541//2541 2506//2506
f 2535//2535 2531//2531 2506//2506
f 2419//2419 2470//2470 2434//2434
f 2470//2470 2419//2419 2442//2442
f 2470//2470 2442//2442 2461//2461
f 2478//2478 2470//2470 2461//2461
f 2458//2458 2507//2507 2506//2506
f 2458//2458 2441//2441 2434//2434
f 2470//2470 2458//2458 2434//2434
f 2458//2458 2470//2470 2507//2507
f 2542//2542 2501//2501 2540//2540
f 2172//2172 2212//2212 2207//2207
f 2252//2252 2212//2212 2236//2236
f 2212//2212 2252//2252 2207//2207
f 2104//2104 2154//2154 2128//2128
f 2154//2154 2104//2104 2101//2101
f 2154//2154 2166//2166 2128//2128
f 2154//2154 2172//2172 2166//2166
f 2273//2273 2277//2277 2283//2283
f 2277//2277 2329//2329 2283//2283
f 2329//2329 2363//2363 2348//2348
f 2276//2276 2329//2329 2348//2348
f 2383//2383 2397//2397 2410//2410
f 2356//2356 2383//2383 2410//2410
f 2363//2363 2415//2415 2406//2406
f 2467//2467 2415//2415 2410//2410
f 2415//2415 2489//2489 2406//2406
f 2489//2489 2415//2415 2467//2467
f 2418//2418 2390//2390 2422//2422
f 2390//2390 2418//2418 2397//2397
f 2462//2462 2418//2418 2422//2422
f 2418//2418 2462//2462 2483//2483
f 2397//2397 2418//2418 2410//2410
f 2418//2418 2467//2467 2410//2410
f 2467//2467 2418//2418 2483//2483
f 2390//2390 2344//2344 2352//2352
f 2286//2286 2344//2344 2296//2296
f 2344//2344 2390//2390 2397//2397
f 2383//2383 2344//2344 2397//2397
f 2344//2344 2356//2356 2296//2296
f 2344//2344 2383//2383 2356//2356
f 2137//2137 2120//2120 2058//2058
f 2178//2178 2137//2137 2142//2142
f 2178//2178 2235//2235 2210//2210
f 2120//2120 2178//2178 2210//2210
f 2178//2178 2120//2120 2137//2137
f 2027//2027 1991//1991 2070//2070
f 1991//1991 2079//2079 2070//2070
f 1991//1991 2027//2027 1958//1958
f 2029//2029 2046//2046 2081//2081
f 2046//2046 2120//2120 2081//2081
f 2120//2120 2046//2046 2058//2058
f 2058//2058 2046//2046 2024//2024
f 2344//2344 2295//2295 2352//2352
f 2295//2295 2344//2344 2286//2286
f 2389//2389 2381//2381 2361//2361
f 2403//2403 2389//2389 2361//2361
f 2389//2389 2428//2428 2381//2381
f 2462//2462 2432//2432 2446//2446
f 2432//2432 2428//2428 2446//2446
f 2432//2432 2462//2462 2422//2422
f 2428//2428 2432//2432 2422//2422
f 2259//2259 2272//2272 2210//2210
f 2235//2235 2259//2259 2210//2210
f 1983//1983 1948//1948 1958//1958
f 2012//2012 2066//2066 2080//2080
f 2014//2014 2066//2066 2012//2012
f 2066//2066 2027//2027 2074//2074
f 2066//2066 2014//2014 2027//2027
f 2014//2014 1971//1971 1983//1983
f 1948//1948 1971//1971 1918//1918
f 1971//1971 1948//1948 1983//1983
f 1918//1918 1971//1971 1944//1944
f 1971//1971 2012//2012 1944//1944
f 1971//1971 2014//2014 2012//2012
f 1518//1518 1560//1560 1556//1556
f 1560//1560 1505//1505 1582//1582
f 1560//1560 1518//1518 1505//1505
f 1634//1634 1609//1609 1662//1662
f 1609//1609 1626//1626 1662//1662
f 1626//1626 1609//1609 1582//1582
f 1609//1609 1560//1560 1582//1582
f 1560//1560 1609//1609 1634//1634
f 1578//1578 1630//1630 1563//1563
f 1578//1578 1634//1634 1630//1630
f 1578//1578 1563//1563 1556//1556
f 1560//1560 1578//1578 1556//1556
f 1578//1578 1560//1560 1634//1634
f 1480//1480 1518//1518 1467//1467
f 1480//1480 1427//1427 1447//1447
f 1427//1427 1480//1480 1467//1467
f 1505//1505 1480//1480 1447//1447
f 1518//1518 1480//1480 1505//1505
f 1769//1769 1729//1729 1736//1736
f 1729//1729 1693//1693 1736//1736
f 1620//1620 1626//1626 1573//1573
f 1979//1979 1960//1960 2024//2024
f 2046//2046 1979//1979 2024//2024
f 1960//1960 1979//1979 1904//1904
f 1201//1201 1140//1140 1179//1179
f 1054//1054 1140//1140 1107//1107
f 1140//1140 1054//1054 1179//1179
f 1257//1257 1201//1201 1234//1234
f 1497//1497 1461//1461 1557//1557
f 1417//1417 1461//1461 1407//1407
f 1461//1461 1417//1417 1456//1456
f 1577//1577 1461//1461 1456//1456
f 1461//1461 1577//1577 1557//1557
f 1559//1559 1497//1497 1557//1557
f 1497//1497 1559//1559 1524//1524
f 1620//1620 1559//1559 1605//1605
f 1524//1524 1559//1559 1573//1573
f 1559//1559 1620//1620 1573//1573
f 1461//1461 1445//1445 1407//1407
f 1445//1445 1461//1461 1497//1497
f 1505//1505 1445//1445 1524//1524
f 1445//1445 1497//1497 1524//1524
f 1417//1417 1399//1399 1456//1456
f 1356//1356 1399//1399 1331//1331
f 1367//1367 1325//1325 1331//1331
f 1399//1399 1367//1367 1331//1331
f 1495//1495 1492//1492 1522//1522
f 1507//1507 1495//1495 1522//1522
f 1391//1391 1459//1459 1421//1421
f 1391//1391 1381//1381 1459//1459
f 1347//1347 1391//1391 1421//1421
f 1336//1336 1347//1347 1294//1294
f 1336//1336 1391//1391 1347//1347
f 1391//1391 1336//1336 1381//1381
f 1242//1242 1336//1336 1294//1294
f 1462//1462 1495//1495 1507//1507
f 1224//1224 1262//1262 1212//1212
f 1262//1262 1224//1224 1218//1218
f 1178//1178 1224//1224 1212//1212
f 1224//1224 1178//1178 1218//1218
f 1218//1218 1167//1167 1176//1176
f 1178//1178 1167//1167 1218//1218
f 1089//1089 1168//1168 1097//1097
f 1174//1174 1089//1089 1115//1115
f 1168//1168 1089//1089 1174//1174
f 1043//1043 1050//1050 955//955
f 1050//1050 987//987 955//955
f 987//987 1050//1050 1016//1016
f 1336//1336 1237//1237 1300//1300
f 1237//1237 1336//1336 1242//1242
f 1237//1237 1168//1168 1174//1174
f 1237//1237 1242//1242 1176//1176
f 1168//1168 1237//1237 1176//1176
f 1237//1237 1174//1174 1233//1233
f 1277//1277 1237//1237 1233//1233
f 1237//1237 1277//1277 1300//1300
f 603//603 648//648 671//671
f 552//552 603//603 574//574
f 552//552 494//494 528//528
f 552//552 574//574 498//498
f 729//729 776//776 703//703
f 618//618 729//729 703//703
f 729//729 618//618 701//701
f 765//765 729//729 701//701
f 729//729 765//765 814//814
f 776//776 729//729 814//814
f 1078//1078 1052//1052 1130//1130
f 1083//1083 1052//1052 1019//1019
f 1052//1052 1083//1083 1130//1130
f 1143//1143 1078//1078 1130//1130
f 1164//1164 1190//1190 1160//1160
f 1164//1164 1100//1100 1127//1127
f 1100//1100 1164//1164 1160//1160
f 1158//1158 1164//1164 1127//1127
f 1190//1190 1164//1164 1186//1186
f 1164//1164 1158//1158 1186//1186
f 833//833 873//873 818//818
f 776//776 833//833 818//818
f 833//833 776//776 814//814
f 902//902 833//833 814//814
f 1123//1123 1160//1160 1153//1153
f 1083//1083 1123//1123 1153//1153
f 1123//1123 1100//1100 1160//1160
f 1100//1100 1123//1123 1038//1038
f 767//767 727//727 683//683
f 900//900 831//831 897//897
f 897//897 831//831 878//878
f 831//831 772//772 878//878
f 772//772 831//831 771//771
f 860//860 831//831 900//900
f 858//858 755//755 800//800
f 755//755 858//858 878//878
f 772//772 755//755 878//878
f 763//763 755//755 733//733
f 755//755 763//763 800//800
f 1029//1029 1062//1062 1021//1021
f 1013//1013 943//943 927//927
f 989//989 1013//1013 927//927
f 1029//1029 1013//1013 989//989
f 943//943 1013//1013 1021//1021
f 1013//1013 1029//1029 1021//1021
f 1058//1058 989//989 997//997
f 1058//1058 997//997 1101//1101
f 1058//1058 1029//1029 989//989
f 960//960 999//999 948//948
f 999//999 960//960 1031//1031
f 940//940 889//889 948//948
f 889//889 940//940 878//878
f 940//940 919//919 878//878
f 940//940 1003//1003 919//919
f 1092//1092 1033//1033 1126//1126
f 1003//1003 1033//1033 1092//1092
f 896//896 860//860 927//927
f 896//896 943//943 882//882
f 943//943 896//896 927//927
f 847//847 896//896 882//882
f 712//712 748//748 671//671
f 648//648 712//712 671//671
f 712//712 648//648 677//677
f 718//718 712//712 677//677
f 1114//1114 1131//1131 1087//1087
f 1117//1117 1114//1114 1031//1031
f 1185//1185 1114//1114 1117//1117
f 1131//1131 1114//1114 1185//1185
f 1114//1114 999//999 1031//1031
f 999//999 1114//1114 1087//1087
f 473//473 471//471 410//410
f 487//487 473//473 408//408
f 473//473 410//410 408//408
f 471//471 478//478 460//460
f 478//478 471//471 512//512
f 461//461 380//380 448//448
f 399//399 380//380 349//349
f 380//380 399//399 448//448
f 380//380 317//317 349//349
f 785//785 865//865 812//812
f 578//578 557//557 504//504
f 702//702 657//657 663//663
f 702//702 663//663 693//693
f 657//657 702//702 664//664
f 702//702 745//745 721//721
f 745//745 702//702 693//693
f 733//733 702//702 721//721
f 664//664 702//702 733//733
f 1095//1095 1076//1076 1045//1045
f 1076//1076 1144//1144 1129//1129
f 1022//1022 1076//1076 1129//1129
f 1076//1076 1022//1022 1045//1045
f 1144//1144 1116//1116 1171//1171
f 1183//1183 1116//1116 1146//1146
f 1116//1116 1183//1183 1171//1171
f 1116//1116 1095//1095 1146//1146
f 1116//1116 1076//1076 1095//1095
f 1076//1076 1116//1116 1144//1144
f 925//925 1009//1009 920//920
f 1009//1009 1026//1026 1047//1047
f 973//973 1009//1009 925//925
f 1009//1009 973//973 1026//1026
f 1093//1093 1135//1135 1136//1136
f 1108//1108 1024//1024 1129//1129
f 1024//1024 1022//1022 1129//1129
f 1024//1024 1108//1108 1067//1067
f 1024//1024 970//970 953//953
f 1024//1024 1067//1067 970//970
f 983//983 990//990 1045//1045
f 1022//1022 983//983 1045//1045
f 990//990 983//983 933//933
f 983//983 906//906 933//933
f 906//906 983//983 953//953
f 983//983 1024//1024 953//953
f 1024//1024 983//983 1022//1022
f 945//945 990//990 933//933
f 945//945 891//891 963//963
f 982//982 945//945 963//963
f 1017//1017 1081//1081 990//990
f 945//945 1017//1017 990//990
f 1017//1017 945//945 982//982
f 1017//1017 982//982 1035//1035
f 1081//1081 1017//1017 1035//1035
f 719//719 747//747 758//758
f 731//731 693//693 694//694
f 693//693 731//731 778//778
f 647//647 731//731 694//694
f 951//951 987//987 1016//1016
f 960//960 951//951 1031//1031
f 951//951 1016//1016 1031//1031
f 1488//1488 1419//1419 1411//1411
f 1362//1362 1376//1376 1386//1386
f 1369//1369 1376//1376 1362//1362
f 1376//1376 1411//1411 1386//1386
f 1411//1411 1376//1376 1414//1414
f 1376//1376 1369//1369 1414//1414
f 1377//1377 1362//1362 1386//1386
f 1419//1419 1377//1377 1386//1386
f 1845//1845 1871//1871 1836//1836
f 1871//1871 1845//1845 1859//1859
f 1845//1845 1822//1822 1859//1859
f 1845//1845 1800//1800 1822//1822
f 1875//1875 1890//1890 1859//1859
f 1875//1875 1859//1859 1850//1850
f 1906//1906 1875//1875 1850//1850
f 1961//1961 1952//1952 1974//1974
f 1875//1875 1952//1952 1890//1890
f 1952//1952 1875//1875 1906//1906
f 1952//1952 1961//1961 1911//1911
f 1890//1890 1952//1952 1911//1911
f 1894//1894 1909//1909 1850//1850
f 1909//1909 1906//1906 1850//1850
f 1906//1906 1909//1909 1937//1937
f 1909//1909 1940//1940 1937//1937
f 1940//1940 1909//1909 1894//1894
f 1723//1723 1753//1753 1727//1727
f 2308//2308 2294//2294 2275//2275
f 2238//2238 2225//2225 2275//2275
f 2225//2225 2238//2238 2201//2201
f 2225//2225 2201//2201 2214//2214
f 2244//2244 2225//2225 2214//2214
f 2162//2162 2222//2222 2141//2141
f 2238//2238 2222//2222 2162//2162
f 2124//2124 2222//2222 2169//2169
f 2222//2222 2124//2124 2141//2141
f 2222//2222 2238//2238 2261//2261
f 2222//2222 2230//2230 2169//2169
f 2498//2498 2530//2530 2518//2518
f 2530//2530 2498//2498 2485//2485
f 2409//2409 2373//2373 2369//2369
f 2280//2280 2349//2349 2312//2312
f 2444//2444 2463//2463 2425//2425
f 1725//1725 1721//1721 1765//1765
f 1721//1721 1752//1752 1765//1765
f 1707//1707 1725//1725 1687//1687
f 1721//1721 1707//1707 1691//1691
f 1707//1707 1721//1721 1725//1725
f 1742//1742 1808//1808 1772//1772
f 1808//1808 1824//1824 1772//1772
f 1808//1808 1742//1742 1776//1776
f 1734//1734 1744//1744 1692//1692
f 1796//1796 1794//1794 1809//1809
f 1794//1794 1796//1796 1752//1752
f 1834//1834 1794//1794 1799//1799
f 1707//1707 1657//1657 1691//1691
f 1610//1610 1657//1657 1687//1687
f 1657//1657 1707//1707 1687//1687
f 1581//1581 1599//1599 1535//1535
f 1581//1581 1610//1610 1599//1599
f 1502//1502 1546//1546 1459//1459
f 1502//1502 1462//1462 1507//1507
f 1825//1825 1748//1748 1819//1819
f 1748//1748 1755//1755 1819//1819
f 1748//1748 1719//1719 1755//1755
f 1748//1748 1734//1734 1709//1709
f 1734//1734 1748//1748 1825//1825
f 1680//1680 1699//1699 1709//1709
f 2054//2054 2108//2108 2118//2118
f 2072//2072 2108//2108 2054//2054
f 2108//2108 2072//2072 2089//2089
f 1921//1921 1899//1899 1896//1896
f 1950//1950 1921//1921 1896//1896
f 1921//1921 1950//1950 1949//1949
f 1921//1921 1949//1949 1923//1923
f 1997//1997 1957//1957 2028//2028
f 1997//1997 1950//1950 1957//1957
f 2060//2060 1997//1997 2028//2028
f 1997//1997 2060//2060 2031//2031
f 1950//1950 1997//1997 1949//1949
f 1942//1942 1973//1973 1972//1972
f 1934//1934 1973//1973 1942//1942
f 2009//2009 1973//1973 1994//1994
f 1973//1973 2009//2009 1972//1972
f 1970//1970 2031//2031 1994//1994
f 1973//1973 1970//1970 1994//1994
f 1970//1970 1973//1973 1934//1934
f 1949//1949 1970//1970 1923//1923
f 1970//1970 1934//1934 1923//1923
f 1970//1970 1997//1997 2031//2031
f 1997//1997 1970//1970 1949//1949
f 1897//1897 1861//1861 1899//1899
f 1897//1897 1921//1921 1923//1923
f 1921//1921 1897//1897 1899//1899
f 1897//1897 1923//1923 1887//1887
f 1861//1861 1897//1897 1887//1887
f 1790//1790 1866//1866 1799//1799
f 1866//1866 1834//1834 1799//1799
f 1570//1570 1590//1590 1618//1618
f 1627//1627 1590//1590 1540//1540
f 1590//1590 1570//1570 1540//1540
f 1639//1639 1591//1591 1618//1618
f 1680//1680 1639//1639 1618//1618
f 1846//1846 1834//1834 1886//1886
f 1842//1842 1846//1846 1886//1886
f 1846//1846 1794//1794 1834//1834
f 1846//1846 1842//1842 1809//1809
f 1794//1794 1846//1846 1809//1809
f 2037//2037 2062//2062 2041//2041
f 1999//1999 2037//2037 2041//2041
f 2037//2037 1999//1999 2007//2007
f 2037//2037 2007//2007 2038//2038
f 2062//2062 2037//2037 2038//2038
f 2105//2105 2156//2156 2168//2168
f 2133//2133 2105//2105 2168//2168
f 2105//2105 2086//2086 2118//2118
f 2156//2156 2105//2105 2118//2118
f 2022//2022 1999//1999 2041//2041
f 2022//2022 2041//2041 2061//2061
f 2025//2025 2022//2022 2061//2061
f 1999//1999 2022//2022 1982//1982
f 2022//2022 2025//2025 2002//2002
f 2022//2022 1954//1954 1982//1982
f 1954//1954 2022//2022 2002//2002
f 1981//1981 1964//1964 2002//2002
f 1981//1981 2015//2015 1984//1984
f 2025//2025 2019//2019 2002//2002
f 2039//2039 2019//2019 2025//2025
f 2019//2019 1981//1981 2002//2002
f 1981//1981 2019//2019 2015//2015
f 2093//2093 2095//2095 2099//2099
f 2093//2093 2049//2049 2095//2095
f 2049//2049 2093//2093 2064//2064
f 2093//2093 2094//2094 2064//2064
f 2094//2094 2093//2093 2099//2099
f 2164//2164 2133//2133 2168//2168
f 2133//2133 2164//2164 2135//2135
f 2213//2213 2196//2196 2168//2168
f 2196//2196 2164//2164 2168//2168
f 2164//2164 2196//2196 2174//2174
f 2183//2183 2196//2196 2231//2231
f 2196//2196 2183//2183 2174//2174
f 2156//2156 2209//2209 2168//2168
f 2209//2209 2213//2213 2168//2168
f 2206//2206 2231//2231 2214//2214
f 2206//2206 2183//2183 2231//2231
f 2201//2201 2206//2206 2214//2214
f 2162//2162 2171//2171 2201//2201
f 2171//2171 2206//2206 2201//2201
f 2206//2206 2171//2171 2183//2183
f 2171//2171 2132//2132 2135//2135
f 2132//2132 2171//2171 2162//2162
f 2164//2164 2171//2171 2135//2135
f 2183//2183 2171//2171 2174//2174
f 2171//2171 2164//2164 2174//2174
f 2132//2132 2116//2116 2099//2099
f 2116//2116 2094//2094 2099//2099
f 2116//2116 2132//2132 2141//2141
f 2124//2124 2116//2116 2141//2141
f 2094//2094 2116//2116 2124//2124
f 2353//2353 2314//2314 2371//2371
f 2388//2388 2353//2353 2371//2371
f 2353//2353 2388//2388 2379//2379
f 2292//2292 2311//2311 2334//2334
f 2314//2314 2292//2292 2334//2334
f 2441//2441 2402//2402 2434//2434
f 2402//2402 2400//2400 2434//2434
f 2402//2402 2441//2441 2417//2417
f 2388//2388 2402//2402 2417//2417
f 2402//2402 2388//2388 2371//2371
f 2400//2400 2402//2402 2371//2371
f 2343//2343 2374//2374 2371//2371
f 2384//2384 2374//2374 2343//2343
f 2374//2374 2400//2400 2371//2371
f 2374//2374 2384//2384 2400//2400
f 540//540 572//572 563//563
f 608//608 584//584 563//563
f 584//584 608//608 628//628
f 584//584 628//628 659//659
f 728//728 681//681 710//710
f 728//728 764//764 741//741
f 659//659 728//728 741//741
f 681//681 728//728 659//659
f 764//764 728//728 793//793
f 762//762 717//717 720//720
f 717//717 762//762 710//710
f 762//762 728//728 710//710
f 762//762 773//773 793//793
f 728//728 762//762 793//793
f 624//624 620//620 679//679
f 624//624 679//679 687//687
f 632//632 624//624 687//687
f 620//620 586//586 633//633
f 324//324 358//358 370//370
f 358//358 378//378 370//370
f 378//378 358//358 372//372
f 358//358 338//338 372//372
f 358//358 324//324 338//338
f 526//526 482//482 549//549
f 482//482 526//526 534//534
f 378//378 458//458 452//452
f 458//458 482//482 452//452
f 458//458 378//378 372//372
f 845//845 822//822 793//793
f 822//822 845//845 876//876
f 974//974 965//965 922//922
f 965//965 1004//1004 950//950
f 922//922 965//965 950//950
f 1069//1069 1109//1109 1142//1142
f 1109//1109 1137//1137 1142//1142
f 768//768 716//716 801//801
f 768//768 782//782 732//732
f 768//768 801//801 838//838
f 782//782 768//768 838//838
f 644//644 630//630 594//594
f 654//654 643//643 703//703
f 684//684 654//654 703//703
f 643//643 654//654 602//602
f 654//654 606//606 602//602
f 654//654 660//660 606//606
f 654//654 684//684 660//660
f 397//397 347//347 418//418
f 515//515 468//468 537//537
f 444//444 468//468 515//515
f 468//468 548//548 537//537
f 468//468 498//498 548//548
f 437//437 468//468 418//418
f 468//468 437//437 498//498
f 567//567 524//524 515//515
f 567//567 515//515 537//537
f 600//600 567//567 537//537
f 524//524 567//567 565//565
f 567//567 617//617 565//565
f 522//522 510//510 462//462
f 524//524 522//522 462//462
f 522//522 524//524 565//565
f 556//556 530//530 510//510
f 522//522 556//556 510//510
f 556//556 609//609 569//569
f 530//530 556//556 569//569
f 1137//1137 1173//1173 1188//1188
f 1250//1250 1196//1196 1188//1188
f 1285//1285 1250//1250 1188//1188
f 1196//1196 1250//1250 1243//1243
f 1250//1250 1320//1320 1243//1243
f 1250//1250 1285//1285 1320//1320
f 994//994 962//962 1005//1005
f 1098//1098 994//994 1005//1005
f 1125//1125 1080//1080 1181//1181
f 789//789 825//825 788//788
f 825//825 855//855 884//884
f 825//825 789//789 855//855
f 901//901 855//855 838//838
f 881//881 901//901 838//838
f 1113//1113 1046//1046 1086//1086
f 1046//1046 1113//1113 1077//1077
f 885//885 957//957 873//873
f 833//833 885//885 873//873
f 885//885 833//833 902//902
f 957//957 921//921 977//977
f 921//921 885//885 902//902
f 885//885 921//921 957//957
f 995//995 971//971 1027//1027
f 1061//1061 995//995 1027//1027
f 1930//1930 1969//1969 1910//1910
f 1956//1956 2030//2030 1969//1969
f 2030//2030 2032//2032 1969//1969
f 2040//2040 2032//2032 2068//2068
f 1986//1986 2021//2021 2010//2010
f 1959//1959 1879//1879 1910//1910
f 1708//1708 1695//1695 1663//1663
f 1695//1695 1708//1708 1730//1730
f 1629//1629 1602//1602 1663//1663
f 1572//1572 1602//1602 1629//1629
f 1574//1574 1602//1602 1572//1572
f 2068//2068 2055//2055 2147//2147
f 2055//2055 2131//2131 2147//2147
f 2032//2032 2055//2055 2068//2068
f 2055//2055 2032//2032 2030//2030
f 1828//1828 1847//1847 1885//1885
f 1096//1096 1112//1112 1169//1169
f 1143//1143 1112//1112 1078//1078
f 1078//1078 1112//1112 1040//1040
f 1112//1112 1200//1200 1169//1169
f 1025//1025 1027//1027 932//932
f 957//957 1025//1025 932//932
f 1528//1528 1574//1574 1572//1572
f 1854//1854 1890//1890 1911//1911
f 1871//1871 1854//1854 1836//1836
f 1854//1854 1871//1871 1890//1890
f 1925//1925 1911//1911 1939//1939
f 1925//1925 1854//1854 1911//1911
f 1854//1854 1925//1925 1889//1889
f 1340//1340 1248//1248 1333//1333
f 1529//1529 1509//1509 1561//1561
f 1545//1545 1509//1509 1511//1511
f 1509//1509 1545//1545 1561//1561
f 1561//1561 1600//1600 1597//1597
f 1600//1600 1688//1688 1597//1597
f 1600//1600 1545//1545 1611//1611
f 1545//1545 1600//1600 1561//1561
f 2001//2001 1976//1976 2043//2043
f 2065//2065 2001//2001 2043//2043
f 1785//1785 1751//1751 1740//1740
f 1254//1254 1263//1263 1208//1208
f 1254//1254 1350//1350 1263//1263
f 1177//1177 1254//1254 1208//1208
f 1254//1254 1177//1177 1268//1268
f 1187//1187 1131//1131 1185//1185
f 1219//1219 1187//1187 1185//1185
f 614//614 633//633 549//549
f 595//595 614//614 549//549
f 614//614 595//595 615//615
f 707//707 614//614 615//615
f 714//714 614//614 707//707
f 700//700 714//714 735//735
f 679//679 700//700 735//735
f 633//633 700//700 679//679
f 614//614 700//700 633//633
f 700//700 614//614 714//714
f 994//994 913//913 962//962
f 913//913 994//994 1002//1002
f 788//788 792//792 735//735
f 825//825 792//792 788//788
f 301//301 288//288 239//239
f 285//285 242//242 267//267
f 242//242 285//285 235//235
f 331//331 285//285 267//267
f 264//264 218//218 226//226
f 158//158 218//218 210//210
f 258//258 264//264 281//281
f 331//331 258//258 281//281
f 258//258 331//331 267//267
f 242//242 258//258 267//267
f 218//218 258//258 210//210
f 258//258 218//218 264//264
f 42//42 33//33 9//9
f 38//38 33//33 42//42
f 33//33 24//24 9//9
f 33//33 38//38 24//24
f 67//67 110//110 98//98
f 100//100 110//110 67//67
f 110//110 126//126 98//98
f 110//110 100//100 127//127
f 152//152 110//110 127//127
f 126//126 110//110 152//152
f 100//100 120//120 127//127
f 328//328 308//308 277//277
f 323//323 328//328 277//277
f 323//323 259//259 330//330
f 259//259 214//214 251//251
f 214//214 259//259 277//277
f 259//259 323//323 277//277
f 356//356 335//335 329//329
f 335//335 291//291 329//329
f 259//259 335//335 330//330
f 291//291 335//335 251//251
f 335//335 259//259 251//251
f 172//172 105//105 138//138
f 233//233 172//172 189//189
f 164//164 172//172 251//251
f 172//172 233//233 251//251
f 172//172 152//152 189//189
f 152//152 172//172 138//138
f 128//128 116//116 99//99
f 116//116 154//154 146//146
f 116//116 128//128 154//154
f 71//71 51//51 29//29
f 95//95 97//97 146//146
f 97//97 116//116 146//146
f 97//97 73//73 99//99
f 116//116 97//97 99//99
f 91//91 66//66 44//44
f 76//76 66//66 91//91
f 533//533 538//538 562//562
f 538//538 533//533 499//499
f 412//412 335//335 356//356
f 330//330 412//412 373//373
f 335//335 412//412 330//330
f 478//478 477//477 460//460
f 477//477 423//423 460//460
f 423//423 477//477 442//442
f 477//477 512//512 553//553
f 477//477 478//478 512//512
f 477//477 489//489 442//442
f 412//412 407//407 373//373
f 532//532 488//488 487//487
f 488//488 532//532 512//512
f 488//488 473//473 487//487
f 471//471 488//488 512//512
f 473//473 488//488 471//471
f 219//219 206//206 210//210
f 219//219 242//242 206//206
f 258//258 219//219 210//210
f 219//219 258//258 242//242
f 365//365 383//383 347//347
f 327//327 365//365 347//347
f 383//383 365//365 416//416
f 202//202 175//175 183//183
f 202//202 194//194 175//175
f 202//202 248//248 194//194
f 299//299 271//271 269//269
f 248//248 271//271 283//283
f 283//283 271//271 314//314
f 271//271 299//299 314//314
f 153//153 168//168 208//208
f 226//226 153//153 208//208
f 218//218 153//153 226//226
f 153//153 218//218 158//158
f 59//59 81//81 51//51
f 81//81 59//59 95//95
f 71//71 59//59 51//51
f 59//59 71//71 95//95
f 213//213 241//241 183//183
f 241//241 284//284 269//269
f 241//241 213//213 284//284
f 213//213 182//182 225//225
f 472//472 437//437 416//416
f 472//472 416//416 453//453
f 437//437 472//472 498//498
f 494//494 472//472 464//464
f 472//472 453//453 464//464
f 552//552 472//472 494//494
f 472//472 552//552 498//498
f 405//405 436//436 416//416
f 387//387 405//405 416//416
f 459//459 433//433 466//466
f 459//459 420//420 433//433
f 420//420 459//459 464//464
f 459//459 493//493 464//464
f 493//493 459//459 466//466
f 433//433 406//406 389//389
f 420//420 406//406 433//433
f 2299//2299 2335//2335 2330//2330
f 2299//2299 2285//2285 2335//2335
f 2160//2160 2179//2179 2227//2227
f 2179//2179 2200//2200 2227//2227
f 2472//2472 2464//2464 2491//2491
f 2464//2464 2472//2472 2451//2451
f 2464//2464 2502//2502 2491//2491
f 2502//2502 2464//2464 2488//2488
f 2464//2464 2439//2439 2488//2488
f 2439//2439 2464//2464 2451//2451
f 2254//2254 2270//2270 2227//2227
f 2227//2227 2270//2270 2282//2282
f 2249//2249 2254//2254 2200//2200
f 2264//2264 2249//2249 2220//2220
f 2254//2254 2249//2249 2284//2284
f 2249//2249 2264//2264 2284//2284
f 2355//2355 2393//2393 2347//2347
f 2393//2393 2355//2355 2414//2414
f 2439//2439 2393//2393 2414//2414
f 2393//2393 2439//2439 2411//2411
f 2088//2088 2085//2085 2122//2122
f 2143//2143 2150//2150 2122//2122
f 2143//2143 2130//2130 2145//2145
f 2195//2195 2148//2148 2177//2177
f 2195//2195 2194//2194 2140//2140
f 2148//2148 2195//2195 2140//2140
f 2409//2409 2398//2398 2373//2373
f 2373//2373 2398//2398 2342//2342
f 2398//2398 2340//2340 2342//2342
f 2412//2412 2407//2407 2438//2438
f 2306//2306 2267//2267 2266//2266
f 2756//2756 2755//2755 2771//2771
f 2750//2750 2755//2755 2756//2756
f 2748//2748 2755//2755 2750//2750
f 2766//2766 2748//2748 2758//2758
f 2755//2755 2748//2748 2766//2766
f 2737//2737 2750//2750 2756//2756
f 2736//2736 2737//2737 2719//2719
f 2737//2737 2721//2721 2719//2719
f 2748//2748 2737//2737 2736//2736
f 2737//2737 2748//2748 2750//2750
f 2742//2742 2753//2753 2763//2763
f 2753//2753 2742//2742 2738//2738
f 2763//2763 2753//2753 2782//2782
f 2718//2718 2730//2730 2738//2738
f 2743//2743 2730//2730 2717//2717
f 2743//2743 2746//2746 2756//2756
f 2746//2746 2737//2737 2756//2756
f 2737//2737 2746//2746 2721//2721
f 2721//2721 2746//2746 2717//2717
f 2746//2746 2743//2743 2717//2717
f 2673//2673 2640//2640 2647//2647
f 2640//2640 2673//2673 2632//2632
f 2640//2640 2608//2608 2647//2647
f 2608//2608 2640//2640 2632//2632
f 2509//2509 2532//2532 2500//2500
f 2465//2465 2509//2509 2500//2500
f 2505//2505 2509//2509 2465//2465
f 2565//2565 2509//2509 2505//2505
f 2532//2532 2509//2509 2565//2565
f 2545//2545 2543//2543 2511//2511
f 2532//2532 2545//2545 2511//2511
f 2545//2545 2581//2581 2591//2591
f 2581//2581 2545//2545 2562//2562
f 2545//2545 2565//2565 2562//2562
f 2545//2545 2532//2532 2565//2565
f 2619//2619 2637//2637 2646//2646
f 2666//2666 2637//2637 2634//2634
f 2646//2646 2637//2637 2666//2666
f 2605//2605 2585//2585 2590//2590
f 2710//2710 2714//2714 2701//2701
f 2710//2710 2720//2720 2714//2714
f 2720//2720 2710//2710 2712//2712
f 2731//2731 2720//2720 2698//2698
f 2720//2720 2712//2712 2698//2698
f 2713//2713 2741//2741 2736//2736
f 2728//2728 2741//2741 2713//2713
f 2741//2741 2728//2728 2735//2735
f 2762//2762 2749//2749 2751//2751
f 2615//2615 2602//2602 2597//2597
f 2615//2615 2623//2623 2645//2645
f 2602//2602 2615//2615 2645//2645
f 2521//2521 2537//2537 2516//2516
f 2537//2537 2548//2548 2516//2516
f 2571//2571 2537//2537 2573//2573
f 2537//2537 2521//2521 2573//2573
f 2625//2625 2598//2598 2588//2588
f 2624//2624 2598//2598 2625//2625
f 2598//2598 2624//2624 2594//2594
f 2582//2582 2567//2567 2571//2571
f 2567//2567 2537//2537 2571//2571
f 2537//2537 2567//2567 2548//2548
f 2530//2530 2550//2550 2518//2518
f 2550//2550 2548//2548 2570//2570
f 2548//2548 2550//2550 2530//2530
f 2721//2721 2692//2692 2719//2719
f 2692//2692 2693//2693 2719//2719
f 2692//2692 2721//2721 2679//2679
f 2693//2693 2690//2690 2713//2713
f 2713//2713 2690//2690 2701//2701
f 2690//2690 2671//2671 2701//2701
f 2658//2658 2627//2627 2671//2671
f 2690//2690 2658//2658 2671//2671
f 2658//2658 2690//2690 2693//2693
f 2692//2692 2658//2658 2693//2693
f 2628//2628 2614//2614 2631//2631
f 2614//2614 2605//2605 2631//2631
f 2585//2585 2601//2601 2588//2588
f 2601//2601 2628//2628 2588//2588
f 2601//2601 2614//2614 2628//2628
f 2605//2605 2601//2601 2585//2585
f 2614//2614 2601//2601 2605//2605
f 2628//2628 2643//2643 2625//2625
f 2643//2643 2667//2667 2625//2625
f 2643//2643 2628//2628 2655//2655
f 2667//2667 2643//2643 2655//2655
f 2676//2676 2644//2644 2646//2646
f 2644//2644 2655//2655 2631//2631
f 2644//2644 2660//2660 2655//2655
f 2687//2687 2676//2676 2698//2698
f 2712//2712 2687//2687 2698//2698
f 2687//2687 2644//2644 2676//2676
f 2644//2644 2687//2687 2660//2660
f 2704//2704 2703//2703 2718//2718
f 2697//2697 2703//2703 2675//2675
f 2703//2703 2697//2697 2717//2717
f 2730//2730 2703//2703 2717//2717
f 2703//2703 2730//2730 2718//2718
f 2663//2663 2704//2704 2659//2659
f 2663//2663 2659//2659 2630//2630
f 2703//2703 2663//2663 2675//2675
f 2663//2663 2703//2703 2704//2704
f 2645//2645 2663//2663 2630//2630
f 2675//2675 2663//2663 2645//2645
f 2724//2724 2704//2704 2718//2718
f 2724//2724 2738//2738 2733//2733
f 2724//2724 2718//2718 2738//2738
f 2709//2709 2724//2724 2733//2733
f 2724//2724 2709//2709 2695//2695
f 2704//2704 2724//2724 2695//2695
f 2626//2626 2668//2668 2623//2623
f 2636//2636 2626//2626 2622//2622
f 2626//2626 2636//2636 2679//2679
f 2668//2668 2626//2626 2679//2679
f 2755//2755 2770//2770 2771//2771
f 2770//2770 2755//2755 2766//2766
f 739//739 787//787 734//734
f 787//787 739//739 791//791
f 678//678 736//736 711//711
f 862//862 736//736 796//796
f 711//711 736//736 815//815
f 736//736 862//862 815//815
f 698//698 678//678 711//711
f 698//698 688//688 623//623
f 698//698 723//723 688//688
f 698//698 711//711 815//815
f 723//723 698//698 815//815
f 688//688 740//740 696//696
f 723//723 740//740 688//688
f 740//740 739//739 696//696
f 740//740 723//723 775//775
f 739//739 740//740 791//791
f 740//740 775//775 791//791
f 842//842 859//859 791//791
f 859//859 842//842 916//916
f 859//859 787//787 791//791
f 787//787 859//859 811//811
f 859//859 956//956 811//811
f 859//859 916//916 956//956
f 954//954 862//862 944//944
f 954//954 1054//1054 1014//1014
f 862//862 954//954 909//909
f 1030//1030 993//993 1014//1014
f 1030//1030 1036//1036 993//993
f 1054//1054 991//991 1028//1028
f 934//934 991//991 944//944
f 991//991 954//954 944//944
f 954//954 991//991 1054//1054
f 991//991 1008//1008 1028//1028
f 1008//1008 991//991 934//934
f 1010//1010 1011//1011 1065//1065
f 1011//1011 1053//1053 1065//1065
f 956//956 1011//1011 937//937
f 1011//1011 1010//1010 937//937
f 1011//1011 956//956 975//975
f 1053//1053 1011//1011 975//975
f 485//485 547//547 483//483
f 485//485 539//539 547//547
f 443//443 485//485 483//483
f 485//485 443//443 469//469
f 375//375 447//447 434//434
f 506//506 447//447 483//483
f 447//447 506//506 434//434
f 447//447 375//375 394//394
f 447//447 443//443 483//483
f 443//443 447//447 394//394
f 394//394 345//345 430//430
f 326//326 345//345 394//394
f 345//345 480//480 430//430
f 345//345 326//326 298//298
f 509//509 561//561 507//507
f 655//655 759//759 756//756
f 759//759 655//655 697//697
f 697//697 751//751 811//811
f 682//682 751//751 697//697
f 751//751 682//682 734//734
f 751//751 787//787 811//811
f 787//787 751//751 734//734
f 434//434 398//398 364//364
f 398//398 434//434 467//467
f 184//184 159//159 135//135
f 159//159 184//184 192//192
f 187//187 184//184 122//122
f 246//246 187//187 256//256
f 187//187 246//246 184//184
f 169//169 147//147 209//209
f 355//355 312//312 379//379
f 268//268 312//312 296//296
f 312//312 355//355 296//296
f 230//230 198//198 265//265
f 247//247 185//185 192//192
f 198//198 185//185 247//247
f 185//185 159//159 192//192
f 713//713 719//719 662//662
f 713//713 747//747 719//719
f 749//749 719//719 758//758
f 749//749 691//691 662//662
f 719//719 749//749 662//662
f 1221//1221 1261//1261 1251//1251
f 1119//1119 1104//1104 1148//1148
f 1008//1008 1119//1119 1028//1028
f 807//807 836//836 819//819
f 807//807 784//784 836//836
f 744//744 807//807 819//819
f 784//784 807//807 744//744
f 627//627 539//539 593//593
f 627//627 667//667 539//539
f 627//627 593//593 674//674
f 667//667 627//627 674//674
f 1194//1194 1124//1124 1106//1106
f 1152//1152 1124//1124 1194//1194
f 1124//1124 1053//1053 1106//1106
f 1053//1053 1124//1124 1065//1065
f 1124//1124 1132//1132 1065//1065
f 1124//1124 1152//1152 1132//1132
f 1240//1240 1193//1193 1194//1194
f 1193//1193 1152//1152 1194//1194
f 1193//1193 1240//1240 1272//1272
f 1296//1296 1356//1356 1331//1331
f 1261//1261 1296//1296 1251//1251
f 1356//1356 1296//1296 1244//1244
f 1296//1296 1261//1261 1244//1244
f 1784//1784 1838//1838 1777//1777
f 1784//1784 1686//1686 1681//1681
f 1784//1784 1747//1747 1686//1686
f 1747//1747 1784//1784 1777//1777
f 1839//1839 1865//1865 1904//1904
f 1838//1838 1839//1839 1904//1904
f 1865//1865 1839//1839 1802//1802
f 1839//1839 1784//1784 1802//1802
f 1784//1784 1839//1839 1838//1838
f 1697//1697 1750//1750 1720//1720
f 1750//1750 1697//1697 1702//1702
f 1697//1697 1654//1654 1702//1702
f 1612//1612 1697//1697 1720//1720
f 1654//1654 1697//1697 1612//1612
f 1795//1795 1750//1750 1761//1761
f 1862//1862 1795//1795 1761//1761
f 1750//1750 1807//1807 1774//1774
f 1807//1807 1832//1832 1774//1774
f 1832//1832 1807//1807 1843//1843
f 1807//1807 1795//1795 1843//1843
f 1795//1795 1807//1807 1750//1750
f 1872//1872 1891//1891 1843//1843
f 1795//1795 1872//1872 1843//1843
f 1891//1891 1878//1878 1843//1843
f 1878//1878 1832//1832 1843//1843
f 1832//1832 1878//1878 1892//1892
f 1892//1892 1878//1878 1918//1918
f 1878//1878 1891//1891 1918//1918
f 1334//1334 1295//1295 1272//1272
f 1327//1327 1295//1295 1334//1334
f 1183//1183 1280//1280 1216//1216
f 1280//1280 1183//1183 1197//1197
f 1216//1216 1280//1280 1348//1348
f 1346//1346 1299//1299 1370//1370
f 1280//1280 1299//1299 1346//1346
f 1299//1299 1197//1197 1202//1202
f 1299//1299 1280//1280 1197//1197
f 1395//1395 1363//1363 1346//1346
f 1363//1363 1280//1280 1346//1346
f 1363//1363 1466//1466 1382//1382
f 1363//1363 1395//1395 1466//1466
f 1363//1363 1382//1382 1348//1348
f 1280//1280 1363//1363 1348//1348
f 1408//1408 1395//1395 1370//1370
f 1423//1423 1408//1408 1370//1370
f 1514//1514 1453//1453 1481//1481
f 1453//1453 1423//1423 1481//1481
f 1453//1453 1538//1538 1473//1473
f 1538//1538 1453//1453 1514//1514
f 1395//1395 1453//1453 1473//1473
f 1632//1632 1660//1660 1624//1624
f 1548//1548 1632//1632 1624//1624
f 1630//1630 1632//1632 1548//1548
f 1660//1660 1650//1650 1675//1675
f 1675//1675 1650//1650 1669//1669
f 1650//1650 1630//1630 1669//1669
f 1650//1650 1632//1632 1630//1630
f 1632//1632 1650//1650 1660//1660
f 1523//1523 1586//1586 1487//1487
f 1586//1586 1523//1523 1567//1567
f 1466//1466 1523//1523 1487//1487
f 1523//1523 1466//1466 1551//1551
f 1567//1567 1523//1523 1551//1551
f 1576//1576 1566//1566 1612//1612
f 1566//1566 1586//1586 1612//1612
f 1566//1566 1576//1576 1516//1516
f 1489//1489 1566//1566 1516//1516
f 1586//1586 1566//1566 1487//1487
f 1319//1319 1357//1357 1372//1372
f 1357//1357 1409//1409 1372//1372
f 1409//1409 1357//1357 1457//1457
f 1289//1289 1319//1319 1247//1247
f 1220//1220 1289//1289 1247//1247
f 1289//1289 1220//1220 1316//1316
f 1357//1357 1289//1289 1316//1316
f 1289//1289 1357//1357 1319//1319
f 1382//1382 1397//1397 1348//1348
f 1397//1397 1368//1368 1348//1348
f 1444//1444 1397//1397 1382//1382
f 1397//1397 1444//1444 1463//1463
f 1475//1475 1566//1566 1489//1489
f 1220//1220 1246//1246 1316//1316
f 1246//1246 1315//1315 1316//1316
f 1246//1246 1220//1220 1214//1214
f 1236//1236 1246//1246 1214//1214
f 1315//1315 1246//1246 1236//1236
f 1446//1446 1492//1492 1418//1418
f 1446//1446 1452//1452 1492//1492
f 1409//1409 1446//1446 1418//1418
f 1452//1452 1446//1446 1409//1409
f 22//22 48//48 21//21
f 48//48 39//39 84//84
f 39//39 48//48 22//22
f 90//90 47//47 64//64
f 222//222 200//200 162//162
f 343//343 369//369 408//408
f 369//369 422//422 408//408
f 240//240 272//272 243//243
f 272//272 249//249 243//243
f 249//249 272//272 304//304
f 272//272 343//343 304//304
f 4//4 20//20 14//14
f 5//5 20//20 4//4
f 20//20 5//5 10//10
f 26//26 54//54 28//28
f 26//26 87//87 54//54
f 26//26 28//28 14//14
f 20//20 26//26 14//14
f 26//26 20//20 87//87
f 54//54 103//103 85//85
f 101//101 131//131 122//122
f 187//187 131//131 163//163
f 131//131 187//187 122//122
f 131//131 155//155 163//163
f 109//109 122//122 135//135
f 109//109 57//57 122//122
f 57//57 109//109 69//69
f 109//109 83//83 69//69
f 115//115 36//36 58//58
f 36//36 115//115 55//55
f 58//58 36//36 35//35
f 142//142 185//185 198//198
f 185//185 142//142 159//159
f 83//83 142//142 106//106
f 159//159 142//142 135//135
f 142//142 109//109 135//135
f 109//109 142//142 83//83
f 55//55 117//117 79//79
f 115//115 117//117 55//55
f 179//179 178//178 150//150
f 253//253 268//268 296//296
f 260//260 253//253 296//296
f 43//43 53//53 30//30
f 53//53 39//39 30//30
f 39//39 53//53 84//84
f 384//384 413//413 399//399
f 448//448 413//413 504//504
f 399//399 413//413 448//448
f 413//413 384//384 454//454
f 413//413 511//511 504//504
f 511//511 413//413 454//454
f 287//287 336//336 349//349
f 336//336 399//399 349//349
f 336//336 384//384 399//399
f 136//136 84//84 133//133
f 145//145 132//132 171//171
f 145//145 113//113 132//132
f 113//113 72//72 75//75
f 72//72 113//113 102//102
f 72//72 31//31 75//75
f 72//72 41//41 31//31
f 41//41 11//11 31//31
f 13//13 11//11 41//41
f 31//31 11//11 17//17
f 68//68 90//90 64//64
f 68//68 64//64 15//15
f 40//40 68//68 15//15
f 72//72 46//46 41//41
f 68//68 46//46 108//108
f 46//46 68//68 40//40
f 41//41 46//46 23//23
f 46//46 40//40 23//23
f 108//108 46//46 102//102
f 46//46 72//72 102//102
f 2676//2676 2708//2708 2698//2698
f 2708//2708 2716//2716 2698//2698
f 2708//2708 2676//2676 2666//2666
f 2700//2700 2708//2708 2670//2670
f 2708//2708 2666//2666 2670//2670
f 2708//2708 2700//2700 2726//2726
f 2716//2716 2708//2708 2726//2726
f 2641//2641 2603//2603 2618//2618
f 2603//2603 2641//2641 2638//2638
f 2653//2653 2641//2641 2618//2618
f 2641//2641 2653//2653 2665//2665
f 2638//2638 2641//2641 2654//2654
f 2641//2641 2665//2665 2654//2654
f 2589//2589 2551//2551 2577//2577
f 2589//2589 2538//2538 2551//2551
f 2487//2487 2478//2478 2445//2445
f 2504//2504 2487//2487 2445//2445
f 2524//2524 2487//2487 2504//2504
f 2478//2478 2497//2497 2519//2519
f 2497//2497 2524//2524 2519//2519
f 2487//2487 2497//2497 2478//2478
f 2497//2497 2487//2487 2524//2524
f 2569//2569 2607//2607 2593//2593
f 2569//2569 2579//2579 2596//2596
f 2607//2607 2569//2569 2596//2596
f 2569//2569 2535//2535 2579//2579
f 2613//2613 2619//2619 2593//2593
f 2607//2607 2613//2613 2593//2593
f 2613//2613 2607//2607 2634//2634
f 2637//2637 2613//2613 2634//2634
f 2613//2613 2637//2637 2619//2619
f 2689//2689 2694//2694 2665//2665
f 2694//2694 2657//2657 2665//2665
f 2694//2694 2684//2684 2657//2657
f 2694//2694 2689//2689 2705//2705
f 2269//2269 2252//2252 2301//2301
f 2327//2327 2269//2269 2301//2301
f 2318//2318 2269//2269 2327//2327
f 2531//2531 2520//2520 2506//2506
f 2470//2470 2496//2496 2507//2507
f 2496//2496 2519//2519 2528//2528
f 2507//2507 2496//2496 2528//2528
f 2496//2496 2478//2478 2519//2519
f 2496//2496 2470//2470 2478//2478
f 2458//2458 2482//2482 2441//2441
f 2482//2482 2458//2458 2506//2506
f 2520//2520 2482//2482 2506//2506
f 2482//2482 2520//2520 2481//2481
f 2493//2493 2542//2542 2512//2512
f 2493//2493 2501//2501 2542//2542
f 2444//2444 2430//2430 2460//2460
f 2430//2430 2379//2379 2417//2417
f 2436//2436 2430//2430 2417//2417
f 2482//2482 2435//2435 2441//2441
f 2435//2435 2482//2482 2481//2481
f 2441//2441 2435//2435 2417//2417
f 2493//2493 2480//2480 2501//2501
f 2501//2501 2468//2468 2481//2481
f 2468//2468 2435//2435 2481//2481
f 2252//2252 2223//2223 2207//2207
f 2223//2223 2166//2166 2207//2207
f 2269//2269 2223//2223 2252//2252
f 2223//2223 2269//2269 2229//2229
f 2258//2258 2217//2217 2296//2296
f 2356//2356 2258//2258 2296//2296
f 2258//2258 2356//2356 2277//2277
f 2273//2273 2258//2258 2277//2277
f 2117//2117 2101//2101 2080//2080
f 2110//2110 2111//2111 2070//2070
f 2111//2111 2074//2074 2070//2070
f 2111//2111 2066//2066 2074//2074
f 2265//2265 2273//2273 2283//2283
f 2329//2329 2265//2265 2283//2283
f 2265//2265 2329//2329 2276//2276
f 2356//2356 2357//2357 2277//2277
f 2357//2357 2329//2329 2277//2277
f 2329//2329 2357//2357 2363//2363
f 2357//2357 2415//2415 2363//2363
f 2357//2357 2356//2356 2410//2410
f 2415//2415 2357//2357 2410//2410
f 2136//2136 2111//2111 2110//2110
f 2170//2170 2120//2120 2210//2210
f 2203//2203 2142//2142 2186//2186
f 2203//2203 2178//2178 2142//2142
f 2253//2253 2203//2203 2186//2186
f 2235//2235 2203//2203 2253//2253
f 2178//2178 2203//2203 2235//2235
f 1904//1904 1977//1977 1900//1900
f 1979//1979 1977//1977 1904//1904
f 1977//1977 2046//2046 2029//2029
f 1977//1977 1979//1979 2046//2046
f 2416//2416 2389//2389 2403//2403
f 2389//2389 2416//2416 2428//2428
f 2428//2428 2416//2416 2446//2446
f 2416//2416 2403//2403 2386//2386
f 2259//2259 2287//2287 2272//2272
f 2287//2287 2333//2333 2272//2272
f 2279//2279 2253//2253 2313//2313
f 2307//2307 2279//2279 2313//2313
f 2279//2279 2235//2235 2253//2253
f 2279//2279 2259//2259 2235//2235
f 2287//2287 2279//2279 2307//2307
f 2279//2279 2287//2287 2259//2259
f 2336//2336 2295//2295 2272//2272
f 2333//2333 2336//2336 2272//2272
f 2336//2336 2366//2366 2352//2352
f 2295//2295 2336//2336 2352//2352
f 2366//2366 2336//2336 2361//2361
f 2336//2336 2333//2333 2361//2361
f 2345//2345 2307//2307 2351//2351
f 2333//2333 2345//2345 2361//2361
f 2345//2345 2287//2287 2307//2307
f 2287//2287 2345//2345 2333//2333
f 2359//2359 2345//2345 2351//2351
f 2361//2361 2345//2345 2386//2386
f 2345//2345 2359//2359 2386//2386
f 1693//1693 1638//1638 1736//1736
f 1826//1826 1769//1769 1893//1893
f 1913//1913 1826//1826 1893//1893
f 1873//1873 1826//1826 1913//1913
f 1714//1714 1681//1681 1662//1662
f 1784//1784 1714//1714 1802//1802
f 1714//1714 1784//1784 1681//1681
f 1810//1810 1865//1865 1802//1802
f 1729//1729 1705//1705 1693//1693
f 1282//1282 1342//1342 1311//1311
f 1265//1265 1282//1282 1311//1311
f 1305//1305 1352//1352 1324//1324
f 1305//1305 1293//1293 1325//1325
f 1352//1352 1305//1305 1325//1325
f 1293//1293 1302//1302 1234//1234
f 1302//1302 1257//1257 1234//1234
f 1305//1305 1302//1302 1293//1293
f 1302//1302 1305//1305 1324//1324
f 1252//1252 1353//1353 1271//1271
f 1413//1413 1417//1417 1407//1407
f 1413//1413 1399//1399 1417//1417
f 1413//1413 1367//1367 1399//1399
f 1445//1445 1402//1402 1407//1407
f 1365//1365 1352//1352 1325//1325
f 1367//1367 1365//1365 1325//1325
f 1365//1365 1402//1402 1352//1352
f 1413//1413 1365//1365 1367//1367
f 1365//1365 1413//1413 1407//1407
f 1402//1402 1365//1365 1407//1407
f 1381//1381 1433//1433 1459//1459
f 1433//1433 1502//1502 1459//1459
f 1502//1502 1433//1433 1462//1462
f 1102//1102 1050//1050 1097//1097
f 1050//1050 1102//1102 1016//1016
f 1102//1102 1097//1097 1176//1176
f 1167//1167 1102//1102 1176//1176
f 972//972 1043//1043 955//955
f 972//972 910//910 1006//1006
f 1043//1043 972//972 1006//1006
f 1043//1043 1072//1072 1050//1050
f 1072//1072 1043//1043 1089//1089
f 1050//1050 1072//1072 1097//1097
f 1072//1072 1089//1089 1097//1097
f 1073//1073 1075//1075 1006//1006
f 1075//1075 1043//1043 1006//1006
f 1093//1093 1075//1075 1073//1073
f 1089//1089 1075//1075 1115//1115
f 1043//1043 1075//1075 1089//1089
f 1075//1075 1136//1136 1115//1115
f 1075//1075 1093//1093 1136//1136
f 648//648 636//636 677//677
f 636//636 718//718 677//677
f 636//636 590//590 562//562
f 649//649 636//636 562//562
f 576//576 648//648 603//603
f 552//552 576//576 603//603
f 636//636 576//576 590//590
f 576//576 636//636 648//648
f 590//590 576//576 528//528
f 576//576 552//552 528//528
f 635//635 680//680 668//668
f 617//617 635//635 668//668
f 680//680 635//635 646//646
f 567//567 635//635 617//617
f 635//635 600//600 646//646
f 635//635 567//567 600//600
f 1038//1038 967//967 1021//1021
f 926//926 967//967 924//924
f 967//967 943//943 1021//1021
f 967//967 926//926 923//923
f 943//943 967//967 923//923
f 958//958 1012//1012 1019//1019
f 986//986 1012//1012 958//958
f 1012//1012 1083//1083 1019//1019
f 976//976 958//958 1019//1019
f 977//977 964//964 1040//1040
f 964//964 969//969 1040//1040
f 921//921 964//964 977//977
f 964//964 921//921 902//902
f 931//931 964//964 902//902
f 964//964 931//931 969//969
f 1037//1037 1078//1078 1040//1040
f 1037//1037 1052//1052 1078//1078
f 969//969 1037//1037 1040//1040
f 976//976 1037//1037 969//969
f 1052//1052 1037//1037 1019//1019
f 1037//1037 976//976 1019//1019
f 1255//1255 1184//1184 1225//1225
f 1184//1184 1156//1156 1225//1225
f 1156//1156 1184//1184 1130//1130
f 1184//1184 1143//1143 1130//1130
f 1123//1123 1068//1068 1038//1038
f 1068//1068 1123//1123 1083//1083
f 850//850 870//870 923//923
f 926//926 850//850 923//923
f 843//843 828//828 767//767
f 680//680 692//692 715//715
f 692//692 680//680 646//646
f 600//600 692//692 646//646
f 683//683 692//692 600//600
f 727//727 692//692 683//683
f 831//831 808//808 771//771
f 808//808 831//831 860//860
f 1120//1120 1103//1103 1101//1101
f 1103//1103 1058//1058 1101//1101
f 1058//1058 1103//1103 1029//1029
f 1062//1062 1103//1103 1120//1120
f 1029//1029 1103//1103 1062//1062
f 1033//1033 1111//1111 1126//1126
f 1131//1131 1111//1111 1087//1087
f 1111//1111 1166//1166 1126//1126
f 1187//1187 1111//1111 1131//1131
f 1111//1111 1187//1187 1166//1166
f 999//999 978//978 948//948
f 978//978 940//940 948//948
f 940//940 978//978 1003//1003
f 978//978 1033//1033 1003//1003
f 848//848 896//896 847//847
f 896//896 848//848 860//860
f 808//808 848//848 847//847
f 848//848 808//808 860//860
f 761//761 718//718 771//771
f 761//761 712//712 718//718
f 712//712 761//761 748//748
f 808//808 761//761 771//771
f 761//761 808//808 748//748
f 755//755 708//708 733//733
f 733//733 708//708 656//656
f 708//708 649//649 656//656
f 708//708 704//704 649//649
f 705//705 785//785 695//695
f 705//705 625//625 691//691
f 625//625 705//705 695//695
f 579//579 518//518 504//504
f 557//557 579//579 504//504
f 579//579 626//626 518//518
f 579//579 625//625 626//626
f 579//579 629//629 625//625
f 629//629 579//579 578//578
f 579//579 557//557 578//578
f 1007//1007 1006//1006 920//920
f 1009//1009 1007//1007 920//920
f 1007//1007 1009//1009 1047//1047
f 899//899 906//906 953//953
f 906//906 899//899 854//854
f 930//930 899//899 953//953
f 846//846 804//804 758//758
f 804//804 749//749 758//758
f 1066//1066 1093//1093 1073//1073
f 1066//1066 1007//1007 1047//1047
f 1135//1135 1066//1066 1047//1047
f 1093//1093 1066//1066 1135//1135
f 1066//1066 1073//1073 1006//1006
f 1007//1007 1066//1066 1006//1006
f 904//904 945//945 933//933
f 852//852 904//904 933//933
f 829//829 904//904 852//852
f 945//945 904//904 891//891
f 891//891 904//904 841//841
f 904//904 829//829 841//841
f 820//820 846//846 758//758
f 747//747 820//820 758//758
f 899//899 820//820 854//854
f 820//820 899//899 846//846
f 785//785 750//750 695//695
f 695//695 750//750 676//676
f 750//750 699//699 676//676
f 750//750 785//785 812//812
f 699//699 750//750 746//746
f 666//666 626//626 676//676
f 699//699 666//666 676//676
f 666//666 573//573 626//626
f 675//675 746//746 709//709
f 675//675 699//699 746//746
f 675//675 666//666 699//699
f 1441//1441 1377//1377 1419//1419
f 1659//1659 1723//1723 1727//1727
f 1659//1659 1673//1673 1723//1723
f 1718//1718 1659//1659 1727//1727
f 1659//1659 1718//1718 1653//1653
f 1377//1377 1309//1309 1362//1362
f 1309//1309 1268//1268 1249//1249
f 1275//1275 1309//1309 1249//1249
f 1362//1362 1309//1309 1297//1297
f 1309//1309 1275//1275 1297//1297
f 1952//1952 1955//1955 1974//1974
f 1955//1955 2042//2042 1974//1974
f 1955//1955 1985//1985 2042//2042
f 1985//1985 1955//1955 1937//1937
f 1955//1955 1906//1906 1937//1937
f 1955//1955 1952//1952 1906//1906
f 1800//1800 1806//1806 1786//1786
f 1806//1806 1753//1753 1786//1786
f 1806//1806 1845//1845 1836//1836
f 1845//1845 1806//1806 1800//1800
f 1706//1706 1753//1753 1723//1723
f 1673//1673 1706//1706 1723//1723
f 1706//1706 1726//1726 1786//1786
f 1753//1753 1706//1706 1786//1786
f 1726//1726 1706//1706 1696//1696
f 1706//1706 1673//1673 1696//1696
f 1753//1753 1758//1758 1727//1727
f 1758//1758 1753//1753 1782//1782
f 1773//1773 1758//1758 1782//1782
f 1758//1758 1718//1718 1727//1727
f 1718//1718 1758//1758 1773//1773
f 2340//2340 2321//2321 2342//2342
f 2321//2321 2308//2308 2342//2342
f 2312//2312 2341//2341 2275//2275
f 2341//2341 2308//2308 2275//2275
f 2341//2341 2369//2369 2342//2342
f 2308//2308 2341//2341 2342//2342
f 2250//2250 2225//2225 2244//2244
f 2225//2225 2250//2250 2275//2275
f 2281//2281 2312//2312 2275//2275
f 2281//2281 2280//2280 2312//2312
f 2250//2250 2281//2281 2275//2275
f 2281//2281 2250//2250 2280//2280
f 2247//2247 2222//2222 2261//2261
f 2222//2222 2247//2247 2230//2230
f 2469//2469 2453//2453 2485//2485
f 2396//2396 2409//2409 2369//2369
f 2404//2404 2444//2444 2425//2425
f 1721//1721 1713//1713 1752//1752
f 1752//1752 1713//1713 1754//1754
f 1713//1713 1691//1691 1683//1683
f 1713//1713 1721//1721 1691//1691
f 1824//1824 1803//1803 1869//1869
f 1808//1808 1803//1803 1824//1824
f 1803//1803 1796//1796 1869//1869
f 1796//1796 1803//1803 1765//1765
f 1803//1803 1776//1776 1765//1765
f 1803//1803 1808//1808 1776//1776
f 1604//1604 1623//1623 1594//1594
f 1604//1604 1546//1546 1575//1575
f 1546//1546 1604//1604 1594//1594
f 1656//1656 1664//1664 1683//1683
f 1656//1656 1623//1623 1664//1664
f 1623//1623 1656//1656 1594//1594
f 1691//1691 1656//1656 1683//1683
f 1657//1657 1656//1656 1691//1691
f 1656//1656 1657//1657 1594//1594
f 1728//1728 1744//1744 1790//1790
f 1728//1728 1713//1713 1683//1683
f 1713//1713 1728//1728 1754//1754
f 1728//1728 1790//1790 1799//1799
f 1754//1754 1728//1728 1799//1799
f 1744//1744 1670//1670 1692//1692
f 1728//1728 1670//1670 1744//1744
f 1664//1664 1670//1670 1683//1683
f 1670//1670 1728//1728 1683//1683
f 1778//1778 1734//1734 1811//1811
f 1778//1778 1744//1744 1734//1734
f 1778//1778 1811//1811 1790//1790
f 1744//1744 1778//1778 1790//1790
f 1770//1770 1752//1752 1754//1754
f 1770//1770 1794//1794 1752//1752
f 1770//1770 1754//1754 1799//1799
f 1794//1794 1770//1770 1799//1799
f 1657//1657 1593//1593 1594//1594
f 1593//1593 1657//1657 1610//1610
f 1581//1581 1593//1593 1610//1610
f 1564//1564 1546//1546 1594//1594
f 1593//1593 1564//1564 1594//1594
f 1564//1564 1593//1593 1558//1558
f 1564//1564 1558//1558 1512//1512
f 1547//1547 1515//1515 1512//1512
f 1558//1558 1547//1547 1512//1512
f 1515//1515 1547//1547 1535//1535
f 1547//1547 1581//1581 1535//1535
f 1593//1593 1547//1547 1558//1558
f 1547//1547 1593//1593 1581//1581
f 1539//1539 1502//1502 1507//1507
f 1539//1539 1507//1507 1541//1541
f 1591//1591 1539//1539 1541//1541
f 1546//1546 1534//1534 1575//1575
f 1502//1502 1534//1534 1546//1546
f 1534//1534 1539//1539 1575//1575
f 1539//1539 1534//1534 1502//1502
f 1719//1719 1716//1716 1703//1703
f 1748//1748 1716//1716 1719//1719
f 1716//1716 1699//1699 1703//1703
f 1716//1716 1748//1748 1709//1709
f 1699//1699 1716//1716 1709//1709
f 1633//1633 1699//1699 1680//1680
f 1633//1633 1680//1680 1618//1618
f 1590//1590 1633//1633 1618//1618
f 1633//1633 1590//1590 1627//1627
f 2166//2166 2151//2151 2128//2128
f 2151//2151 2109//2109 2128//2128
f 2151//2151 2138//2138 2109//2109
f 2109//2109 2119//2119 2089//2089
f 2138//2138 2119//2119 2109//2109
f 2119//2119 2108//2108 2089//2089
f 2108//2108 2192//2192 2118//2118
f 2237//2237 2192//2192 2215//2215
f 2192//2192 2237//2237 2211//2211
f 1834//1834 1868//1868 1886//1886
f 1866//1866 1868//1868 1834//1834
f 1966//1966 1881//1881 1942//1942
f 1942//1942 1881//1881 1887//1887
f 1881//1881 1811//1811 1887//1887
f 1811//1811 1881//1881 1790//1790
f 1881//1881 1866//1866 1790//1790
f 1674//1674 1639//1639 1680//1680
f 1674//1674 1680//1680 1709//1709
f 1734//1734 1674//1674 1709//1709
f 1674//1674 1734//1734 1692//1692
f 1639//1639 1615//1615 1591//1591
f 1539//1539 1615//1615 1575//1575
f 1615//1615 1539//1539 1591//1591
f 1615//1615 1674//1674 1692//1692
f 1674//1674 1615//1615 1639//1639
f 2096//2096 2133//2133 2084//2084
f 2096//2096 2105//2105 2133//2133
f 2105//2105 2096//2096 2086//2086
f 2086//2086 2096//2096 2061//2061
f 2096//2096 2084//2084 2061//2061
f 1981//1981 1968//1968 1964//1964
f 1968//1968 1941//1941 1936//1936
f 1964//1964 1968//1968 1936//1936
f 1968//1968 1984//1984 1941//1941
f 1968//1968 1981//1981 1984//1984
f 2015//2015 2020//2020 2039//2039
f 2020//2020 2019//2019 2039//2039
f 2019//2019 2020//2020 2015//2015
f 2209//2209 2173//2173 2211//2211
f 2173//2173 2209//2209 2156//2156
f 2173//2173 2156//2156 2118//2118
f 2192//2192 2173//2173 2118//2118
f 2173//2173 2192//2192 2211//2211
f 2209//2209 2263//2263 2213//2213
f 2256//2256 2237//2237 2215//2215
f 2256//2256 2292//2292 2237//2237
f 2292//2292 2256//2256 2311//2311
f 2229//2229 2256//2256 2215//2215
f 545//545 540//540 516//516
f 540//540 545//545 572//572
f 545//545 516//516 566//566
f 611//611 608//608 572//572
f 611//611 652//652 653//653
f 608//608 611//611 653//653
f 651//651 634//634 661//661
f 634//634 632//632 661//661
f 634//634 604//604 566//566
f 604//604 583//583 566//566
f 583//583 545//545 566//566
f 611//611 583//583 604//604
f 596//596 624//624 632//632
f 555//555 596//596 566//566
f 596//596 634//634 566//566
f 634//634 596//596 632//632
f 546//546 586//586 534//534
f 526//526 546//546 534//534
f 546//546 526//526 549//549
f 633//633 546//546 549//549
f 586//586 546//546 633//633
f 385//385 429//429 372//372
f 429//429 458//458 372//372
f 482//482 513//513 549//549
f 458//458 513//513 482//482
f 513//513 544//544 549//549
f 544//544 513//513 486//486
f 513//513 429//429 486//486
f 429//429 513//513 458//458
f 1051//1051 1069//1069 1004//1004
f 1051//1051 1109//1109 1069//1069
f 965//965 1051//1051 1004//1004
f 1118//1118 1071//1071 1125//1125
f 1080//1080 1071//1071 1032//1032
f 1071//1071 1080//1080 1125//1125
f 768//768 685//685 716//716
f 685//685 644//644 716//716
f 685//685 768//768 732//732
f 644//644 685//685 630//630
f 707//707 685//685 732//732
f 630//630 685//685 707//707
f 716//716 616//616 660//660
f 644//644 616//616 716//716
f 616//616 644//644 594//594
f 592//592 616//616 594//594
f 419//419 444//444 352//352
f 419//419 468//468 444//444
f 419//419 397//397 418//418
f 468//468 419//419 418//418
f 581//581 522//522 565//565
f 581//581 556//556 522//522
f 617//617 581//581 565//565
f 556//556 581//581 609//609
f 609//609 581//581 668//668
f 581//581 617//617 668//668
f 1223//1223 1230//1230 1188//1188
f 1173//1173 1223//1223 1188//1188
f 1230//1230 1223//1223 1192//1192
f 1223//1223 1173//1173 1192//1192
f 1118//1118 1145//1145 1137//1137
f 1145//1145 1173//1173 1137//1137
f 1173//1173 1145//1145 1192//1192
f 1145//1145 1118//1118 1125//1125
f 1145//1145 1211//1211 1192//1192
f 1145//1145 1125//1125 1211//1211
f 1232//1232 1213//1213 1147//1147
f 1213//1213 1157//1157 1147//1147
f 1213//1213 1245//1245 1157//1157
f 1157//1157 1191//1191 1181//1181
f 1245//1245 1191//1191 1157//1157
f 1191//1191 1258//1258 1181//1181
f 1191//1191 1279//1279 1258//1258
f 1079//1079 994//994 1098//1098
f 994//994 1079//1079 1002//1002
f 1079//1079 1080//1080 1002//1002
f 1157//1157 1079//1079 1098//1098
f 1079//1079 1157//1157 1181//1181
f 1080//1080 1079//1079 1181//1181
f 959//959 901//901 881//881
f 959//959 881//881 917//917
f 971//971 959//959 917//917
f 995//995 959//959 971//971
f 1001//1001 1020//1020 884//884
f 1046//1046 1001//1001 979//979
f 1020//1020 1001//1001 1077//1077
f 1001//1001 1046//1046 1077//1077
f 1231//1231 1227//1227 1154//1154
f 1175//1175 1232//1232 1147//1147
f 1113//1113 1175//1175 1147//1147
f 1018//1018 995//995 1061//1061
f 1018//1018 1046//1046 979//979
f 959//959 1018//1018 979//979
f 1018//1018 959//959 995//995
f 1046//1046 1018//1018 1086//1086
f 1018//1018 1094//1094 1086//1086
f 1094//1094 1018//1018 1061//1061
f 1965//1965 1959//1959 1910//1910
f 1969//1969 1965//1965 1910//1910
f 2032//2032 1965//1965 1969//1969
f 1965//1965 1986//1986 1959//1959
f 1986//1986 1965//1965 2021//2021
f 1965//1965 2040//2040 2021//2021
f 1965//1965 2032//2032 2040//2040
f 1879//1879 1853//1853 1829//1829
f 1938//1938 1879//1879 1959//1959
f 1986//1986 1938//1938 1959//1959
f 1853//1853 1938//1938 1920//1920
f 1938//1938 1853//1853 1879//1879
f 1938//1938 1986//1986 2010//2010
f 1730//1730 1787//1787 1840//1840
f 1787//1787 1830//1830 1840//1840
f 1879//1879 1816//1816 1910//1910
f 1816//1816 1879//1879 1829//1829
f 1554//1554 1602//1602 1574//1574
f 1528//1528 1554//1554 1574//1574
f 1554//1554 1625//1625 1602//1602
f 2059//2059 2090//2090 2045//2045
f 2063//2063 2088//2088 2131//2131
f 2055//2055 2063//2063 2131//2131
f 2063//2063 2055//2055 2030//2030
f 1751//1751 1801//1801 1762//1762
f 1801//1801 1751//1751 1785//1785
f 1762//1762 1766//1766 1732//1732
f 1801//1801 1766//1766 1762//1762
f 1701//1701 1733//1733 1740//1740
f 1701//1701 1679//1679 1733//1733
f 1034//1034 1025//1025 957//957
f 1070//1070 1061//1061 1027//1027
f 1451//1451 1513//1513 1486//1486
f 1513//1513 1528//1528 1572//1572
f 1513//1513 1532//1532 1486//1486
f 1532//1532 1513//1513 1588//1588
f 1513//1513 1572//1572 1588//1588
f 1812//1812 1773//1773 1782//1782
f 1773//1773 1812//1812 1805//1805
f 1812//1812 1854//1854 1889//1889
f 2016//2016 1935//1935 1939//1939
f 1935//1935 1925//1925 1939//1939
f 1925//1925 1935//1935 1889//1889
f 1837//1837 1757//1757 1805//1805
f 1392//1392 1375//1375 1333//1333
f 1375//1375 1340//1340 1333//1333
f 1340//1340 1330//1330 1248//1248
f 1330//1330 1206//1206 1248//1248
f 1206//1206 1330//1330 1225//1225
f 1330//1330 1255//1255 1225//1225
f 1375//1375 1330//1330 1340//1340
f 1739//1739 1724//1724 1688//1688
f 1679//1679 1724//1724 1733//1733
f 1724//1724 1679//1679 1688//1688
f 1677//1677 1644//1644 1640//1640
f 1644//1644 1677//1677 1611//1611
f 2083//2083 2065//2065 2115//2115
f 1254//1254 1361//1361 1350//1350
f 1350//1350 1361//1361 1406//1406
f 1361//1361 1441//1441 1406//1406
f 1441//1441 1361//1361 1377//1377
f 1210//1210 1187//1187 1219//1219
f 1210//1210 1275//1275 1249//1249
f 1210//1210 1219//1219 1275//1275
f 1195//1195 1210//1210 1249//1249
f 1166//1166 1210//1210 1195//1195
f 1187//1187 1210//1210 1166//1166
f 880//880 913//913 856//856
f 730//730 661//661 687//687
f 730//730 665//665 661//661
f 826//826 792//792 825//825
f 826//826 880//880 856//856
f 880//880 826//826 825//825
f 777//777 826//826 856//856
f 792//792 826//826 777//777
f 737//737 792//792 777//777
f 679//679 737//737 687//687
f 737//737 679//679 735//735
f 792//792 737//737 735//735
f 737//737 730//730 687//687
f 730//730 737//737 777//777
f 263//263 301//301 239//239
f 263//263 221//221 228//228
f 263//263 239//239 221//221
f 235//235 263//263 228//228
f 285//285 263//263 235//235
f 315//315 301//301 344//344
f 301//301 315//315 288//288
f 337//337 285//285 331//331
f 337//337 393//393 341//341
f 301//301 362//362 344//344
f 393//393 362//362 341//341
f 479//479 496//496 559//559
f 535//535 592//592 594//594
f 592//592 535//535 500//500
f 554//554 535//535 594//594
f 236//236 276//276 250//250
f 276//276 377//377 385//385
f 276//276 385//385 338//338
f 276//276 270//270 250//250
f 276//276 338//338 270//270
f 445//445 393//393 404//404
f 441//441 445//445 404//404
f 496//496 445//445 492//492
f 445//445 441//441 492//492
f 386//386 356//356 374//374
f 386//386 412//412 356//356
f 140//140 172//172 164//164
f 172//172 140//140 105//105
f 140//140 167//167 121//121
f 167//167 140//140 164//164
f 88//88 140//140 121//121
f 105//105 140//140 88//88
f 71//71 78//78 95//95
f 78//78 97//97 95//95
f 60//60 66//66 76//76
f 60//60 73//73 29//29
f 44//44 60//60 29//29
f 66//66 60//60 44//44
f 73//73 60//60 99//99
f 60//60 76//76 99//99
f 527//527 502//502 499//499
f 533//533 527//527 499//499
f 527//527 533//533 562//562
f 590//590 527//527 562//562
f 502//502 527//527 493//493
f 527//527 590//590 528//528
f 493//493 527//527 528//528
f 435//435 423//423 442//442
f 435//435 386//386 423//423
f 386//386 435//435 412//412
f 542//542 538//538 499//499
f 489//489 542//542 499//499
f 542//542 543//543 580//580
f 621//621 542//542 580//580
f 538//538 542//542 621//621
f 388//388 433//433 389//389
f 388//388 407//407 433//433
f 407//407 388//388 373//373
f 328//328 388//388 389//389
f 388//388 323//323 373//373
f 388//388 328//328 323//323
f 354//354 327//327 318//318
f 354//354 365//365 327//327
f 333//333 354//354 318//318
f 387//387 354//354 333//333
f 354//354 387//387 416//416
f 365//365 354//354 416//416
f 271//271 244//244 269//269
f 244//244 241//241 269//269
f 202//202 244//244 248//248
f 244//244 271//271 248//248
f 244//244 202//202 183//183
f 241//241 244//244 183//183
f 168//168 144//144 130//130
f 153//153 144//144 168//168
f 144//144 158//158 130//130
f 144//144 153//153 158//158
f 182//182 173//173 225//225
f 220//220 173//173 191//191
f 173//173 220//220 225//225
f 191//191 173//173 146//146
f 166//166 213//213 183//183
f 166//166 182//182 213//213
f 111//111 166//166 183//183
f 95//95 166//166 111//111
f 166//166 173//173 182//182
f 166//166 95//95 146//146
f 173//173 166//166 146//146
f 348//348 328//328 389//389
f 406//406 348//348 389//389
f 328//328 348//348 308//308
f 308//308 348//348 340//340
f 396//396 406//406 420//420
f 396//396 420//420 436//436
f 405//405 396//396 436//436
f 396//396 405//405 387//387
f 396//396 387//387 340//340
f 348//348 396//396 340//340
f 396//396 348//348 406//406
f 2240//2240 2299//2299 2330//2330
f 2180//2180 2240//2240 2208//2208
f 2240//2240 2180//2180 2221//2221
f 2134//2134 2175//2175 2145//2145
f 2197//2197 2175//2175 2144//2144
f 2175//2175 2134//2134 2144//2144
f 2299//2299 2246//2246 2285//2285
f 2285//2285 2246//2246 2282//2282
f 2240//2240 2246//2246 2299//2299
f 2246//2246 2240//2240 2221//2221
f 2302//2302 2254//2254 2284//2284
f 2302//2302 2270//2270 2254//2254
f 2331//2331 2302//2302 2284//2284
f 2325//2325 2302//2302 2331//2331
f 2302//2302 2325//2325 2282//2282
f 2270//2270 2302//2302 2282//2282
f 2249//2249 2193//2193 2220//2220
f 2193//2193 2249//2249 2200//2200
f 2193//2193 2167//2167 2220//2220
f 2167//2167 2193//2193 2161//2161
f 2193//2193 2179//2179 2161//2161
f 2179//2179 2193//2193 2200//2200
f 2393//2393 2391//2391 2347//2347
f 2391//2391 2393//2393 2411//2411
f 2391//2391 2411//2411 2387//2387
f 2325//2325 2391//2391 2387//2387
f 2391//2391 2325//2325 2347//2347
f 2085//2085 2102//2102 2122//2122
f 2102//2102 2085//2085 2090//2090
f 2130//2130 2102//2102 2090//2090
f 2102//2102 2143//2143 2122//2122
f 2102//2102 2130//2130 2143//2143
f 2090//2090 2067//2067 2045//2045
f 2085//2085 2067//2067 2090//2090
f 2067//2067 2063//2063 2045//2045
f 2067//2067 2085//2085 2088//2088
f 2063//2063 2067//2067 2088//2088
f 2121//2121 2134//2134 2145//2145
f 2130//2130 2121//2121 2145//2145
f 2121//2121 2130//2130 2090//2090
f 2198//2198 2195//2195 2177//2177
f 2423//2423 2465//2465 2438//2438
f 2407//2407 2423//2423 2438//2438
f 2423//2423 2459//2459 2465//2465
f 2459//2459 2423//2423 2392//2392
f 2377//2377 2412//2412 2354//2354
f 2377//2377 2407//2407 2412//2412
f 2198//2198 2243//2243 2195//2195
f 2413//2413 2392//2392 2367//2367
f 2413//2413 2459//2459 2392//2392
f 2413//2413 2456//2456 2459//2459
f 2326//2326 2365//2365 2309//2309
f 2559//2559 2554//2554 2592//2592
f 2610//2610 2559//2559 2592//2592
f 2565//2565 2559//2559 2610//2610
f 2554//2554 2523//2523 2536//2536
f 2536//2536 2523//2523 2499//2499
f 2559//2559 2523//2523 2554//2554
f 2523//2523 2565//2565 2505//2505
f 2523//2523 2559//2559 2565//2565
f 2523//2523 2456//2456 2499//2499
f 2752//2752 2730//2730 2743//2743
f 2752//2752 2743//2743 2756//2756
f 2752//2752 2753//2753 2738//2738
f 2730//2730 2752//2752 2738//2738
f 2774//2774 2752//2752 2756//2756
f 2752//2752 2774//2774 2782//2782
f 2753//2753 2752//2752 2782//2782
f 2563//2563 2545//2545 2591//2591
f 2545//2545 2563//2563 2543//2543
f 2574//2574 2563//2563 2591//2591
f 2552//2552 2563//2563 2574//2574
f 2543//2543 2563//2563 2552//2552
f 2612//2612 2619//2619 2646//2646
f 2644//2644 2612//2612 2646//2646
f 2619//2619 2612//2612 2590//2590
f 2612//2612 2605//2605 2590//2590
f 2605//2605 2612//2612 2631//2631
f 2612//2612 2644//2644 2631//2631
f 2744//2744 2751//2751 2739//2739
f 2769//2769 2744//2744 2745//2745
f 2751//2751 2744//2744 2769//2769
f 2734//2734 2731//2731 2745//2745
f 2734//2734 2720//2720 2731//2731
f 2744//2744 2734//2734 2745//2745
f 2734//2734 2744//2744 2739//2739
f 2714//2714 2734//2734 2739//2739
f 2720//2720 2734//2734 2714//2714
f 2765//2765 2751//2751 2769//2769
f 2765//2765 2762//2762 2751//2751
f 2741//2741 2754//2754 2736//2736
f 2754//2754 2748//2748 2736//2736
f 2748//2748 2754//2754 2758//2758
f 2586//2586 2598//2598 2594//2594
f 2586//2586 2567//2567 2582//2582
f 2586//2586 2582//2582 2588//2588
f 2598//2598 2586//2586 2588//2588
f 2599//2599 2566//2566 2602//2602
f 2608//2608 2599//2599 2621//2621
f 2599//2599 2602//2602 2621//2621
f 2554//2554 2553//2553 2592//2592
f 2553//2553 2560//2560 2592//2592
f 2553//2553 2554//2554 2536//2536
f 2652//2652 2636//2636 2627//2627
f 2658//2658 2652//2652 2627//2627
f 2636//2636 2652//2652 2679//2679
f 2652//2652 2692//2692 2679//2679
f 2652//2652 2658//2658 2692//2692
f 2710//2710 2677//2677 2712//2712
f 2677//2677 2687//2687 2712//2712
f 2687//2687 2677//2677 2660//2660
f 2677//2677 2710//2710 2701//2701
f 2667//2667 2677//2677 2701//2701
f 2677//2677 2667//2667 2655//2655
f 2660//2660 2677//2677 2655//2655
f 2615//2615 2575//2575 2623//2623
f 2575//2575 2626//2626 2623//2623
f 2770//2770 2772//2772 2771//2771
f 2772//2772 2770//2770 2776//2776
f 2772//2772 2774//2774 2771//2771
f 2774//2774 2772//2772 2776//2776
f 2764//2764 2766//2766 2758//2758
f 2764//2764 2775//2775 2766//2766
f 2754//2754 2764//2764 2758//2758
f 2775//2775 2778//2778 2781//2781
f 2778//2778 2769//2769 2781//2781
f 2778//2778 2765//2765 2769//2769
f 2775//2775 2777//2777 2766//2766
f 2770//2770 2777//2777 2776//2776
f 2777//2777 2770//2770 2766//2766
f 2777//2777 2775//2775 2781//2781
f 686//686 736//736 678//678
f 686//686 678//678 631//631
f 667//667 686//686 631//631
f 686//686 667//667 796//796
f 736//736 686//686 796//796
f 698//698 613//613 678//678
f 613//613 599//599 570//570
f 599//599 613//613 623//623
f 613//613 698//698 623//623
f 631//631 613//613 570//570
f 678//678 613//613 631//631
f 993//993 968//968 1014//1014
f 968//968 954//954 1014//1014
f 954//954 968//968 909//909
f 968//968 916//916 909//909
f 1036//1036 992//992 993//993
f 916//916 992//992 975//975
f 968//968 992//992 916//916
f 992//992 968//968 993//993
f 1159//1159 1194//1194 1106//1106
f 1159//1159 1203//1203 1194//1194
f 1059//1059 1030//1030 1014//1014
f 1059//1059 1054//1054 1107//1107
f 1054//1054 1059//1059 1014//1014
f 485//485 521//521 539//539
f 539//539 521//521 541//541
f 521//521 503//503 541//541
f 503//503 521//521 469//469
f 521//521 485//485 469//469
f 278//278 232//232 298//298
f 232//232 196//196 298//298
f 196//196 232//232 155//155
f 155//155 232//232 163//163
f 232//232 278//278 256//256
f 187//187 232//232 256//256
f 232//232 187//187 163//163
f 196//196 160//160 157//157
f 160//160 196//196 155//155
f 160//160 134//134 157//157
f 134//134 160//160 155//155
f 411//411 379//379 426//426
f 446//446 411//411 426//426
f 411//411 355//355 379//379
f 355//355 411//411 446//446
f 491//491 476//476 426//426
f 476//476 446//446 426//426
f 561//561 619//619 662//662
f 148//148 118//118 150//150
f 148//148 93//93 118//118
f 148//148 114//114 93//93
f 425//425 497//497 509//509
f 334//334 357//357 303//303
f 357//357 297//297 303//303
f 357//357 334//334 364//364
f 398//398 357//357 364//364
f 275//275 247//247 303//303
f 297//297 275//275 303//303
f 198//198 275//275 265//265
f 275//275 198//198 247//247
f 169//169 205//205 161//161
f 253//253 205//205 268//268
f 205//205 179//179 161//161
f 211//211 169//169 209//209
f 205//205 211//211 268//268
f 211//211 205//205 169//169
f 230//230 252//252 209//209
f 252//252 211//211 209//209
f 252//252 230//230 265//265
f 306//306 252//252 265//265
f 312//312 346//346 379//379
f 147//147 141//141 209//209
f 141//141 230//230 209//209
f 117//117 141//141 147//147
f 141//141 117//117 115//115
f 804//804 832//832 827//827
f 898//898 925//925 920//920
f 840//840 898//898 920//920
f 925//925 898//898 918//918
f 898//898 840//840 827//827
f 832//832 898//898 827//827
f 785//785 824//824 865//865
f 865//865 824//824 920//920
f 824//824 840//840 920//920
f 1165//1165 1221//1221 1148//1148
f 1104//1104 1165//1165 1148//1148
f 1165//1165 1104//1104 1084//1084
f 1221//1221 1182//1182 1148//1148
f 1074//1074 1057//1057 1044//1044
f 1119//1119 1057//1057 1074//1074
f 1057//1057 1008//1008 1044//1044
f 1057//1057 1119//1119 1008//1008
f 1088//1088 1119//1119 1074//1074
f 1119//1119 1088//1088 1104//1104
f 1088//1088 1074//1074 1084//1084
f 1104//1104 1088//1088 1084//1084
f 1028//1028 1150//1150 1179//1179
f 1119//1119 1150//1150 1028//1028
f 1150//1150 1182//1182 1179//1179
f 1150//1150 1119//1119 1148//1148
f 1182//1182 1150//1150 1148//1148
f 1152//1152 1162//1162 1132//1132
f 1193//1193 1162//1162 1152//1152
f 1132//1132 1162//1162 1202//1202
f 1162//1162 1193//1193 1202//1202
f 1303//1303 1298//1298 1331//1331
f 1298//1298 1296//1296 1331//1331
f 1298//1298 1303//1303 1251//1251
f 1296//1296 1298//1298 1251//1251
f 1882//1882 1795//1795 1862//1862
f 1882//1882 1872//1872 1795//1795
f 1882//1882 1862//1862 1958//1958
f 1872//1872 1901//1901 1891//1891
f 1891//1891 1901//1901 1918//1918
f 1901//1901 1948//1948 1918//1918
f 1882//1882 1901//1901 1872//1872
f 1948//1948 1901//1901 1958//1958
f 1901//1901 1882//1882 1958//1958
f 1288//1288 1295//1295 1327//1327
f 1288//1288 1327//1327 1370//1370
f 1299//1299 1288//1288 1370//1370
f 1288//1288 1299//1299 1202//1202
f 1295//1295 1288//1288 1272//1272
f 1288//1288 1193//1193 1272//1272
f 1193//1193 1288//1288 1202//1202
f 1412//1412 1408//1408 1423//1423
f 1453//1453 1412//1412 1423//1423
f 1408//1408 1412//1412 1395//1395
f 1412//1412 1453//1453 1395//1395
f 1371//1371 1357//1357 1316//1316
f 1315//1315 1371//1371 1316//1316
f 1371//1371 1315//1315 1368//1368
f 1357//1357 1371//1371 1457//1457
f 1397//1397 1422//1422 1368//1368
f 1422//1422 1371//1371 1368//1368
f 1371//1371 1422//1422 1457//1457
f 1566//1566 1476//1476 1487//1487
f 1475//1475 1476//1476 1566//1566
f 1476//1476 1475//1475 1463//1463
f 1476//1476 1444//1444 1487//1487
f 1444//1444 1476//1476 1463//1463
f 63//63 32//32 21//21
f 48//48 63//63 21//21
f 32//32 63//63 75//75
f 89//89 90//90 125//125
f 120//120 89//89 125//125
f 47//47 89//89 82//82
f 90//90 89//89 47//47
f 89//89 100//100 82//82
f 89//89 120//120 100//100
f 90//90 137//137 125//125
f 137//137 68//68 108//108
f 68//68 137//137 90//90
f 137//137 108//108 162//162
f 200//200 137//137 162//162
f 127//127 190//190 189//189
f 190//190 245//245 189//189
f 190//190 249//249 245//245
f 249//249 190//190 243//243
f 190//190 240//240 243//243
f 143//143 120//120 125//125
f 120//120 143//143 127//127
f 143//143 190//190 127//127
f 190//190 143//143 165//165
f 224//224 200//200 222//222
f 317//317 224//224 222//222
f 313//313 224//224 317//317
f 381//381 313//313 317//317
f 381//381 369//369 313//313
f 380//380 381//381 317//317
f 369//369 381//381 422//422
f 422//422 381//381 490//490
f 381//381 461//461 490//490
f 381//381 380//380 461//461
f 305//305 272//272 240//240
f 224//224 305//305 240//240
f 305//305 224//224 313//313
f 369//369 305//305 313//313
f 305//305 369//369 343//343
f 272//272 305//305 343//343
f 103//103 107//107 134//134
f 134//134 107//107 157//157
f 87//87 107//107 54//54
f 107//107 103//103 54//54
f 131//131 119//119 155//155
f 119//119 131//131 101//101
f 119//119 101//101 85//85
f 119//119 134//134 155//155
f 103//103 119//119 85//85
f 119//119 103//103 134//134
f 169//169 123//123 147//147
f 123//123 117//117 147//147
f 123//123 169//169 161//161
f 104//104 123//123 161//161
f 123//123 104//104 79//79
f 117//117 123//123 79//79
f 201//201 178//178 179//179
f 289//289 260//260 296//296
f 289//289 274//274 260//260
f 229//229 274//274 292//292
f 274//274 229//229 260//260
f 74//74 114//114 84//84
f 53//53 74//74 84//84
f 114//114 74//74 93//93
f 93//93 74//74 43//43
f 74//74 53//53 43//43
f 384//384 363//363 454//454
f 321//321 363//363 384//384
f 307//307 287//287 266//266
f 307//307 336//336 287//287
f 336//336 307//307 384//384
f 227//227 254//254 266//266
f 186//186 254//254 227//227
f 145//145 149//149 113//113
f 102//102 149//149 162//162
f 113//113 149//149 102//102
f 149//149 186//186 162//162
f 186//186 149//149 171//171
f 149//149 145//145 171//171
f 2538//2538 2609//2609 2587//2587
f 2589//2589 2609//2609 2538//2538
f 2587//2587 2609//2609 2618//2618
f 2618//2618 2609//2609 2648//2648
f 2547//2547 2531//2531 2535//2535
f 2569//2569 2547//2547 2535//2535
f 2520//2520 2547//2547 2540//2540
f 2547//2547 2520//2520 2531//2531
f 2561//2561 2593//2593 2590//2590
f 2561//2561 2569//2569 2593//2593
f 2561//2561 2542//2542 2540//2540
f 2542//2542 2561//2561 2590//2590
f 2547//2547 2561//2561 2540//2540
f 2561//2561 2547//2547 2569//2569
f 2699//2699 2694//2694 2705//2705
f 2699//2699 2707//2707 2706//2706
f 2684//2684 2699//2699 2706//2706
f 2694//2694 2699//2699 2684//2684
f 2289//2289 2318//2318 2317//2317
f 2289//2289 2269//2269 2318//2318
f 2311//2311 2289//2289 2317//2317
f 2269//2269 2289//2289 2229//2229
f 2256//2256 2289//2289 2311//2311
f 2289//2289 2256//2256 2229//2229
f 2515//2515 2501//2501 2481//2481
f 2520//2520 2515//2515 2481//2481
f 2501//2501 2515//2515 2540//2540
f 2515//2515 2520//2520 2540//2540
f 2480//2480 2490//2490 2460//2460
f 2490//2490 2480//2480 2493//2493
f 2490//2490 2493//2493 2512//2512
f 2447//2447 2468//2468 2436//2436
f 2468//2468 2447//2447 2435//2435
f 2447//2447 2436//2436 2417//2417
f 2435//2435 2447//2447 2417//2417
f 2480//2480 2471//2471 2501//2501
f 2471//2471 2468//2468 2501//2501
f 2471//2471 2480//2480 2460//2460
f 2468//2468 2471//2471 2436//2436
f 2430//2430 2471//2471 2460//2460
f 2471//2471 2430//2430 2436//2436
f 2216//2216 2258//2258 2273//2273
f 2159//2159 2212//2212 2172//2172
f 2154//2154 2159//2159 2172//2172
f 2159//2159 2154//2154 2101//2101
f 2126//2126 2117//2117 2080//2080
f 2066//2066 2126//2126 2080//2080
f 2111//2111 2126//2126 2066//2066
f 2123//2123 2079//2079 2081//2081
f 2120//2120 2123//2123 2081//2081
f 2079//2079 2123//2123 2110//2110
f 2123//2123 2136//2136 2110//2110
f 1977//1977 1922//1922 1900//1900
f 1922//1922 1841//1841 1900//1900
f 1841//1841 1922//1922 1862//1862
f 1862//1862 1922//1922 1958//1958
f 1922//1922 1991//1991 1958//1958
f 2003//2003 1977//1977 2029//2029
f 2003//2003 2029//2029 2079//2079
f 1991//1991 2003//2003 2079//2079
f 1922//1922 2003//2003 1991//1991
f 2003//2003 1922//1922 1977//1977
f 1638//1638 1606//1606 1736//1736
f 1583//1583 1559//1559 1557//1557
f 1559//1559 1583//1583 1605//1605
f 1577//1577 1583//1583 1557//1557
f 1606//1606 1583//1583 1577//1577
f 1781//1781 1729//1729 1769//1769
f 1826//1826 1781//1781 1769//1769
f 1626//1626 1684//1684 1662//1662
f 1684//1684 1714//1714 1662//1662
f 1749//1749 1684//1684 1743//1743
f 1684//1684 1749//1749 1714//1714
f 1852//1852 1895//1895 1865//1865
f 1810//1810 1852//1852 1865//1865
f 1852//1852 1873//1873 1928//1928
f 1895//1895 1852//1852 1928//1928
f 1671//1671 1620//1620 1605//1605
f 1671//1671 1638//1638 1693//1693
f 1705//1705 1671//1671 1693//1693
f 1282//1282 1238//1238 1271//1271
f 1238//1238 1282//1282 1265//1265
f 1238//1238 1265//1265 1194//1194
f 1203//1203 1238//1238 1194//1194
f 1353//1353 1355//1355 1271//1271
f 1355//1355 1282//1282 1271//1271
f 1342//1342 1355//1355 1379//1379
f 1282//1282 1355//1355 1342//1342
f 1380//1380 1505//1505 1447//1447
f 1380//1380 1445//1445 1505//1505
f 1329//1329 1302//1302 1324//1324
f 1352//1352 1329//1329 1324//1324
f 1257//1257 1266//1266 1201//1201
f 1266//1266 1252//1252 1201//1201
f 1252//1252 1266//1266 1353//1353
f 1433//1433 1349//1349 1462//1462
f 1349//1349 1433//1433 1381//1381
f 1349//1349 1277//1277 1318//1318
f 1277//1277 1349//1349 1300//1300
f 1378//1378 1349//1349 1318//1318
f 1349//1349 1336//1336 1300//1300
f 1336//1336 1349//1349 1381//1381
f 1122//1122 1178//1178 1117//1117
f 1122//1122 1117//1117 1031//1031
f 1122//1122 1167//1167 1178//1178
f 1122//1122 1102//1102 1167//1167
f 1016//1016 1122//1122 1031//1031
f 1102//1102 1122//1122 1016//1016
f 939//939 972//972 955//955
f 972//972 939//939 910//910
f 910//910 939//939 812//812
f 981//981 967//967 1038//1038
f 967//967 981//981 924//924
f 1023//1023 1012//1012 986//986
f 1023//1023 981//981 1038//1038
f 981//981 1023//1023 986//986
f 1068//1068 1023//1023 1038//1038
f 1012//1012 1023//1023 1083//1083
f 1023//1023 1068//1068 1083//1083
f 1184//1184 1189//1189 1143//1143
f 1189//1189 1112//1112 1143//1143
f 1112//1112 1189//1189 1200//1200
f 1189//1189 1184//1184 1255//1255
f 753//753 767//767 683//683
f 867//867 902//902 814//814
f 867//867 931//931 902//902
f 765//765 797//797 814//814
f 797//797 867//867 814//814
f 867//867 797//797 828//828
f 797//797 765//765 715//715
f 915//915 986//986 958//958
f 981//981 915//915 924//924
f 915//915 981//981 986//986
f 1111//1111 1049//1049 1087//1087
f 1049//1049 1111//1111 1033//1033
f 1049//1049 999//999 1087//1087
f 1049//1049 978//978 999//999
f 978//978 1049//1049 1033//1033
f 743//743 755//755 772//772
f 743//743 708//708 755//755
f 708//708 743//743 704//704
f 706//706 738//738 718//718
f 636//636 706//706 718//718
f 743//743 706//706 704//704
f 704//704 706//706 649//649
f 706//706 636//636 649//649
f 718//718 742//742 771//771
f 738//738 742//742 718//718
f 742//742 772//772 771//771
f 742//742 743//743 772//772
f 706//706 742//742 738//738
f 742//742 706//706 743//743
f 780//780 804//804 827//827
f 804//804 780//780 749//749
f 840//840 780//780 827//827
f 749//749 780//780 691//691
f 640//640 709//709 647//647
f 551//551 640//640 647//647
f 640//640 551//551 573//573
f 813//813 757//757 709//709
f 709//709 757//757 647//647
f 757//757 731//731 647//647
f 731//731 757//757 778//778
f 746//746 790//790 709//709
f 790//790 813//813 709//709
f 790//790 750//750 812//812
f 750//750 790//790 746//746
f 1601//1601 1653//1653 1640//1640
f 1601//1601 1585//1585 1653//1653
f 1585//1585 1580//1580 1653//1653
f 1580//1580 1526//1526 1562//1562
f 1580//1580 1585//1585 1526//1526
f 1731//1731 1718//1718 1773//1773
f 1757//1757 1731//1731 1805//1805
f 1731//1731 1773//1773 1805//1805
f 1731//1731 1677//1677 1640//1640
f 1677//1677 1731//1731 1757//1757
f 1653//1653 1731//1731 1640//1640
f 1718//1718 1731//1731 1653//1653
f 1438//1438 1375//1375 1392//1392
f 1585//1585 1587//1587 1526//1526
f 1601//1601 1587//1587 1585//1585
f 1410//1410 1350//1350 1406//1406
f 1410//1410 1392//1392 1333//1333
f 1350//1350 1410//1410 1333//1333
f 1488//1488 1455//1455 1419//1419
f 1455//1455 1441//1441 1419//1419
f 1673//1673 1645//1645 1696//1696
f 1645//1645 1658//1658 1696//1696
f 1645//1645 1631//1631 1658//1658
f 1645//1645 1673//1673 1635//1635
f 1531//1531 1542//1542 1488//1488
f 1673//1673 1642//1642 1635//1635
f 1659//1659 1642//1642 1673//1673
f 1753//1753 1798//1798 1782//1782
f 1806//1806 1798//1798 1753//1753
f 1798//1798 1806//1806 1836//1836
f 1854//1854 1798//1798 1836//1836
f 1798//1798 1812//1812 1782//1782
f 1812//1812 1798//1798 1854//1854
f 2308//2308 2300//2300 2294//2294
f 2321//2321 2300//2300 2308//2308
f 2294//2294 2300//2300 2261//2261
f 2300//2300 2247//2247 2261//2261
f 2250//2250 2248//2248 2280//2280
f 2248//2248 2244//2244 2231//2231
f 2248//2248 2250//2250 2244//2244
f 2320//2320 2349//2349 2280//2280
f 2456//2456 2457//2457 2499//2499
f 2457//2457 2486//2486 2499//2499
f 2479//2479 2498//2498 2466//2466
f 2469//2469 2479//2479 2466//2466
f 2498//2498 2479//2479 2485//2485
f 2479//2479 2469//2469 2485//2485
f 2449//2449 2469//2469 2466//2466
f 2449//2449 2398//2398 2409//2409
f 2409//2409 2443//2443 2453//2453
f 2396//2396 2443//2443 2409//2409
f 2341//2341 2375//2375 2369//2369
f 2375//2375 2396//2396 2369//2369
f 2349//2349 2375//2375 2312//2312
f 2375//2375 2341//2341 2312//2312
f 1564//1564 1537//1537 1546//1546
f 1537//1537 1454//1454 1459//1459
f 1546//1546 1537//1537 1459//1459
f 1454//1454 1537//1537 1512//1512
f 1537//1537 1564//1564 1512//1512
f 1651//1651 1633//1633 1627//1627
f 1633//1633 1651//1651 1699//1699
f 1699//1699 1651//1651 1703//1703
f 1636//1636 1651//1651 1627//1627
f 1651//1651 1636//1636 1678//1678
f 1719//1719 1651//1651 1678//1678
f 1651//1651 1719//1719 1703//1703
f 2223//2223 2191//2191 2166//2166
f 2191//2191 2151//2151 2166//2166
f 2191//2191 2229//2229 2215//2215
f 2191//2191 2223//2223 2229//2229
f 2155//2155 2119//2119 2138//2138
f 2151//2151 2155//2155 2138//2138
f 2119//2119 2155//2155 2108//2108
f 2155//2155 2192//2192 2108//2108
f 2191//2191 2155//2155 2151//2151
f 2192//2192 2155//2155 2215//2215
f 2155//2155 2191//2191 2215//2215
f 1868//1868 1898//1898 1886//1886
f 1898//1898 1966//1966 1982//1982
f 1898//1898 1881//1881 1966//1966
f 1898//1898 1868//1868 1866//1866
f 1881//1881 1898//1898 1866//1866
f 1670//1670 1655//1655 1692//1692
f 1655//1655 1615//1615 1692//1692
f 1655//1655 1670//1670 1664//1664
f 658//658 611//611 604//604
f 634//634 658//658 604//604
f 658//658 665//665 669//669
f 665//665 658//658 651//651
f 658//658 634//634 651//651
f 652//652 658//658 669//669
f 611//611 658//658 652//652
f 545//545 571//571 572//572
f 583//583 571//571 545//545
f 571//571 611//611 572//572
f 571//571 583//583 611//611
f 596//596 568//568 624//624
f 624//624 568//568 620//620
f 568//568 586//586 620//620
f 586//586 568//568 534//534
f 568//568 596//596 555//555
f 942//942 984//984 974//974
f 911//911 974//974 922//922
f 911//911 942//942 974//974
f 911//911 922//922 876//876
f 1015//1015 965//965 974//974
f 1015//1015 1051//1051 965//965
f 1015//1015 984//984 1032//1032
f 984//984 1015//1015 974//974
f 350//350 419//419 352//352
f 419//419 350//350 397//397
f 350//350 316//316 314//314
f 316//316 350//350 352//352
f 347//347 350//350 314//314
f 397//397 350//350 347//347
f 1264//1264 1213//1213 1232//1232
f 1213//1213 1264//1264 1245//1245
f 1260//1260 1191//1191 1245//1245
f 1191//1191 1260//1260 1279//1279
f 1001//1001 929//929 979//979
f 929//929 959//959 979//979
f 959//959 929//929 901//901
f 929//929 1001//1001 884//884
f 855//855 929//929 884//884
f 901//901 929//929 855//855
f 1304//1304 1290//1290 1259//1259
f 1290//1290 1339//1339 1301//1301
f 1290//1290 1304//1304 1339//1339
f 1267//1267 1264//1264 1232//1232
f 1264//1264 1267//1267 1313//1313
f 1267//1267 1358//1358 1313//1313
f 1358//1358 1267//1267 1283//1283
f 1231//1231 1287//1287 1227//1227
f 1287//1287 1222//1222 1227//1227
f 1222//1222 1287//1287 1283//1283
f 1175//1175 1222//1222 1232//1232
f 1222//1222 1267//1267 1232//1232
f 1267//1267 1222//1222 1283//1283
f 1917//1917 1880//1880 1956//1956
f 1930//1930 1917//1917 1969//1969
f 1917//1917 1956//1956 1969//1969
f 1870//1870 1853//1853 1920//1920
f 1853//1853 1870//1870 1830//1830
f 1830//1830 1870//1870 1840//1840
f 1853//1853 1791//1791 1829//1829
f 1791//1791 1853//1853 1830//1830
f 1787//1787 1791//1791 1830//1830
f 1668//1668 1708//1708 1663//1663
f 1602//1602 1668//1668 1663//1663
f 1625//1625 1668//1668 1602//1602
f 1682//1682 1668//1668 1625//1625
f 1908//1908 1978//1978 1956//1956
f 1880//1880 1908//1908 1956//1956
f 1908//1908 1828//1828 1885//1885
f 1908//1908 1880//1880 1828//1828
f 1978//1978 2000//2000 1956//1956
f 2063//2063 2000//2000 2045//2045
f 1956//1956 2000//2000 2030//2030
f 2000//2000 2063//2063 2030//2030
f 2026//2026 2059//2059 2045//2045
f 1771//1771 1783//1783 1814//1814
f 1903//1903 1908//1908 1885//1885
f 1978//1978 1903//1903 1945//1945
f 1908//1908 1903//1903 1978//1978
f 1821//1821 1847//1847 1828//1828
f 1565//1565 1533//1533 1597//1597
f 1533//1533 1561//1561 1597//1597
f 1533//1533 1529//1529 1561//1561
f 1529//1529 1533//1533 1498//1498
f 1622//1622 1679//1679 1603//1603
f 1622//1622 1565//1565 1597//1597
f 1565//1565 1622//1622 1603//1603
f 1688//1688 1622//1622 1597//1597
f 1679//1679 1622//1622 1688//1688
f 1328//1328 1317//1317 1359//1359
f 1330//1330 1317//1317 1255//1255
f 1317//1317 1330//1330 1359//1359
f 1292//1292 1328//1328 1322//1322
f 1189//1189 1292//1292 1200//1200
f 1292//1292 1189//1189 1255//1255
f 1317//1317 1292//1292 1255//1255
f 1292//1292 1317//1317 1328//1328
f 1241//1241 1292//1292 1322//1322
f 1292//1292 1241//1241 1200//1200
f 1226//1226 1269//1269 1259//1259
f 1034//1034 1041//1041 1096//1096
f 1041//1041 977//977 1040//1040
f 1041//1041 957//957 977//977
f 1041//1041 1034//1034 957//957
f 1112//1112 1041//1041 1040//1040
f 1041//1041 1112//1112 1096//1096
f 1231//1231 1253//1253 1301//1301
f 1253//1253 1290//1290 1301//1301
f 1290//1290 1253//1253 1259//1259
f 1253//1253 1226//1226 1259//1259
f 1034//1034 1082//1082 1025//1025
f 1082//1082 1034//1034 1096//1096
f 1358//1358 1416//1416 1394//1394
f 1416//1416 1494//1494 1394//1394
f 1494//1494 1416//1416 1501//1501
f 1469//1469 1432//1432 1484//1484
f 1304//1304 1338//1338 1339//1339
f 1338//1338 1304//1304 1259//1259
f 1269//1269 1338//1338 1259//1259
f 1975//1975 2016//2016 2023//2023
f 1975//1975 1935//1935 2016//2016
f 1924//1924 1980//1980 1976//1976
f 1976//1976 1980//1980 2043//2043
f 1789//1789 1823//1823 1827//1827
f 1905//1905 1980//1980 1924//1924
f 1867//1867 1837//1837 1805//1805
f 1812//1812 1867//1867 1805//1805
f 1867//1867 1812//1812 1889//1889
f 1935//1935 1867//1867 1889//1889
f 1837//1837 1763//1763 1757//1757
f 1763//1763 1677//1677 1757//1757
f 1820//1820 1789//1789 1827//1827
f 1724//1724 1779//1779 1733//1733
f 1779//1779 1724//1724 1739//1739
f 1789//1789 1779//1779 1739//1739
f 1820//1820 1779//1779 1789//1789
f 1804//1804 1785//1785 1740//1740
f 1733//1733 1804//1804 1740//1740
f 2036//2036 2001//2001 2065//2065
f 2083//2083 2036//2036 2065//2065
f 2161//2161 2114//2114 2115//2115
f 2114//2114 2083//2083 2115//2115
f 2114//2114 2179//2179 2160//2160
f 2179//2179 2114//2114 2161//2161
f 2071//2071 2013//2013 2006//2006
f 1323//1323 1254//1254 1268//1268
f 1323//1323 1361//1361 1254//1254
f 1309//1309 1323//1323 1268//1268
f 1323//1323 1309//1309 1377//1377
f 1361//1361 1323//1323 1377//1377
f 888//888 825//825 884//884
f 888//888 880//880 825//825
f 962//962 888//888 884//884
f 913//913 888//888 962//962
f 880//880 888//888 913//913
f 913//913 886//886 856//856
f 886//886 879//879 856//856
f 886//886 949//949 879//879
f 886//886 913//913 1002//1002
f 949//949 886//886 1002//1002
f 774//774 762//762 720//720
f 762//762 774//774 773//773
f 294//294 263//263 285//285
f 294//294 337//337 341//341
f 337//337 294//294 285//285
f 263//263 294//294 301//301
f 362//362 294//294 341//341
f 294//294 362//362 301//301
f 361//361 331//331 366//366
f 361//361 337//337 331//331
f 361//361 366//366 404//404
f 393//393 361//361 404//404
f 337//337 361//361 393//393
f 479//479 575//575 500//500
f 660//660 575//575 606//606
f 575//575 559//559 606//606
f 575//575 479//479 559//559
f 431//431 391//391 440//440
f 391//391 393//393 440//440
f 391//391 362//362 393//393
f 362//362 391//391 344//344
f 479//479 463//463 440//440
f 463//463 431//431 440//440
f 463//463 479//479 500//500
f 431//431 463//463 500//500
f 429//429 451//451 486//486
f 262//262 276//276 236//236
f 288//288 262//262 239//239
f 262//262 236//236 197//197
f 239//239 262//262 197//197
f 393//393 457//457 440//440
f 445//445 457//457 393//393
f 457//457 445//445 496//496
f 479//479 457//457 496//496
f 457//457 479//479 440//440
f 401//401 386//386 374//374
f 386//386 401//401 423//423
f 401//401 374//374 409//409
f 423//423 401//401 460//460
f 471//471 401//401 409//409
f 401//401 471//471 460//460
f 97//97 70//70 73//73
f 78//78 70//70 97//97
f 73//73 70//70 29//29
f 70//70 71//71 29//29
f 70//70 78//78 71//71
f 455//455 407//407 412//412
f 435//435 455//455 412//412
f 455//455 435//435 442//442
f 407//407 455//455 433//433
f 433//433 455//455 499//499
f 455//455 489//489 499//499
f 489//489 455//455 442//442
f 508//508 542//542 489//489
f 508//508 489//489 477//477
f 2180//2180 2181//2181 2150//2150
f 2181//2181 2180//2180 2208//2208
f 2181//2181 2208//2208 2163//2163
f 2131//2131 2181//2181 2163//2163
f 2129//2129 2181//2181 2131//2131
f 2181//2181 2129//2129 2150//2150
f 2143//2143 2165//2165 2150//2150
f 2165//2165 2180//2180 2150//2150
f 2165//2165 2143//2143 2145//2145
f 2175//2175 2165//2165 2145//2145
f 2180//2180 2165//2165 2221//2221
f 2165//2165 2175//2175 2221//2221
f 2175//2175 2205//2205 2221//2221
f 2205//2205 2246//2246 2221//2221
f 2205//2205 2175//2175 2197//2197
f 2218//2218 2205//2205 2197//2197
f 2205//2205 2218//2218 2282//2282
f 2246//2246 2205//2205 2282//2282
f 2059//2059 2078//2078 2090//2090
f 2078//2078 2121//2121 2090//2090
f 2189//2189 2198//2198 2177//2177
f 2158//2158 2189//2189 2177//2177
f 2204//2204 2189//2189 2176//2176
f 2189//2189 2158//2158 2176//2176
f 2290//2290 2321//2321 2340//2340
f 2290//2290 2300//2300 2321//2321
f 2247//2247 2290//2290 2230//2230
f 2300//2300 2290//2290 2247//2247
f 2202//2202 2184//2184 2230//2230
f 2153//2153 2202//2202 2176//2176
f 2184//2184 2202//2202 2153//2153
f 2310//2310 2377//2377 2354//2354
f 2284//2284 2310//2310 2354//2354
f 2264//2264 2310//2310 2284//2284
f 2310//2310 2264//2264 2267//2267
f 2224//2224 2243//2243 2266//2266
f 2243//2243 2224//2224 2195//2195
f 2228//2228 2224//2224 2266//2266
f 2224//2224 2228//2228 2194//2194
f 2195//2195 2224//2224 2194//2194
f 2324//2324 2305//2305 2309//2309
f 2413//2413 2399//2399 2456//2456
f 2399//2399 2413//2413 2367//2367
f 2456//2456 2503//2503 2475//2475
f 2523//2523 2503//2503 2456//2456
f 2503//2503 2505//2505 2475//2475
f 2503//2503 2523//2523 2505//2505
f 2762//2762 2747//2747 2749//2749
f 2754//2754 2747//2747 2762//2762
f 2747//2747 2754//2754 2741//2741
f 2749//2749 2747//2747 2735//2735
f 2747//2747 2741//2741 2735//2735
f 2586//2586 2572//2572 2567//2567
f 2572//2572 2576//2576 2570//2570
f 2576//2576 2572//2572 2594//2594
f 2572//2572 2586//2586 2594//2594
f 2548//2548 2572//2572 2570//2570
f 2567//2567 2572//2572 2548//2548
f 2484//2484 2514//2514 2476//2476
f 2583//2583 2599//2599 2608//2608
f 2583//2583 2608//2608 2592//2592
f 2560//2560 2583//2583 2592//2592
f 2578//2578 2576//2576 2622//2622
f 2626//2626 2578//2578 2622//2622
f 2575//2575 2578//2578 2626//2626
f 2576//2576 2578//2578 2570//2570
f 2578//2578 2550//2550 2570//2570
f 2578//2578 2575//2575 2550//2550
f 2580//2580 2615//2615 2597//2597
f 2580//2580 2575//2575 2615//2615
f 2566//2566 2580//2580 2597//2597
f 2555//2555 2580//2580 2566//2566
f 2580//2580 2555//2555 2550//2550
f 2575//2575 2580//2580 2550//2550
f 2765//2765 2767//2767 2762//2762
f 2778//2778 2767//2767 2765//2765
f 2767//2767 2754//2754 2762//2762
f 2767//2767 2764//2764 2754//2754
f 2764//2764 2767//2767 2775//2775
f 2767//2767 2778//2778 2775//2775
f 1042//1042 1053//1053 975//975
f 992//992 1042//1042 975//975
f 1053//1053 1042//1042 1106//1106
f 1042//1042 992//992 1036//1036
f 1140//1140 1151//1151 1107//1107
f 1151//1151 1140//1140 1201//1201
f 1252//1252 1151//1151 1201//1201
f 1207//1207 1252//1252 1271//1271
f 1238//1238 1207//1207 1271//1271
f 1207//1207 1151//1151 1252//1252
f 1159//1159 1207//1207 1203//1203
f 1207//1207 1238//1238 1203//1203
f 682//682 597//597 588//588
f 597//597 564//564 588//588
f 476//476 520//520 446//446
f 520//520 476//476 564//564
f 531//531 476//476 491//491
f 476//476 531//531 564//564
f 564//564 531//531 588//588
f 531//531 491//491 517//517
f 531//531 585//585 588//588
f 531//531 517//517 585//585
f 622//622 598//598 655//655
f 642//642 713//713 662//662
f 619//619 642//642 662//662
f 156//156 148//148 193//193
f 114//114 156//156 133//133
f 148//148 156//156 114//114
f 421//421 439//439 481//481
f 501//501 421//421 481//481
f 421//421 501//501 497//497
f 454//454 424//424 507//507
f 424//424 509//509 507//507
f 424//424 425//425 509//509
f 363//363 424//424 454//454
f 425//425 427//427 497//497
f 421//421 427//427 402//402
f 427//427 421//421 497//497
f 427//427 360//360 402//402
f 360//360 427//427 425//425
f 357//357 367//367 297//297
f 306//306 367//367 322//322
f 367//367 306//306 297//297
f 367//367 357//357 398//398
f 450//450 491//491 426//426
f 450//450 428//428 495//495
f 517//517 450//450 495//495
f 491//491 450//450 517//517
f 306//306 290//290 297//297
f 290//290 275//275 297//297
f 290//290 306//306 265//265
f 275//275 290//290 265//265
f 392//392 355//355 446//446
f 439//439 392//392 446//446
f 346//346 353//353 379//379
f 311//311 306//306 322//322
f 311//311 252//252 306//306
f 353//353 311//311 322//322
f 311//311 353//353 346//346
f 230//230 139//139 198//198
f 141//141 139//139 230//230
f 139//139 142//142 198//198
f 142//142 139//139 106//106
f 139//139 115//115 106//106
f 139//139 141//141 115//115
f 899//899 874//874 846//846
f 874//874 804//804 846//846
f 874//874 832//832 804//804
f 874//874 930//930 918//918
f 874//874 899//899 930//930
f 705//705 781//781 785//785
f 781//781 824//824 785//785
f 824//824 781//781 840//840
f 781//781 780//780 840//840
f 1235//1235 1165//1165 1244//1244
f 1165//1165 1235//1235 1221//1221
f 1261//1261 1235//1235 1244//1244
f 1221//1221 1235//1235 1261//1261
f 1217//1217 1221//1221 1251//1251
f 1217//1217 1182//1182 1221//1221
f 1217//1217 1251//1251 1239//1239
f 1424//1424 1489//1489 1457//1457
f 1422//1422 1424//1424 1457//1457
f 1424//1424 1475//1475 1489//1489
f 1475//1475 1424//1424 1463//1463
f 1424//1424 1397//1397 1463//1463
f 1424//1424 1422//1422 1397//1397
f 63//63 96//96 75//75
f 96//96 113//113 75//75
f 113//113 96//96 132//132
f 96//96 136//136 132//132
f 96//96 63//63 48//48
f 96//96 48//48 84//84
f 136//136 96//96 84//84
f 137//137 151//151 125//125
f 151//151 137//137 200//200
f 151//151 143//143 125//125
f 143//143 151//151 165//165
f 224//224 151//151 200//200
f 190//190 181//181 240//240
f 181//181 190//190 165//165
f 181//181 224//224 240//240
f 151//151 181//181 165//165
f 181//181 151//151 224//224
f 217//217 253//253 260//260
f 201//201 217//217 260//260
f 217//217 205//205 253//253
f 205//205 217//217 179//179
f 217//217 201//201 179//179
f 274//274 319//319 292//292
f 360//360 319//319 274//274
f 229//229 199//199 260//260
f 199//199 201//201 260//260
f 201//201 199//199 178//178
f 178//178 199//199 150//150
f 199//199 148//148 150//150
f 148//148 199//199 193//193
f 199//199 229//229 193//193
f 279//279 307//307 266//266
f 254//254 279//279 266//266
f 136//136 174//174 132//132
f 132//132 174//174 171//171
f 319//319 280//280 292//292
f 2473//2473 2463//2463 2444//2444
f 2473//2473 2444//2444 2460//2460
f 2490//2490 2473//2473 2460//2460
f 2463//2463 2473//2473 2494//2494
f 2473//2473 2512//2512 2494//2494
f 2473//2473 2490//2490 2512//2512
f 2216//2216 2185//2185 2258//2258
f 2265//2265 2255//2255 2273//2273
f 2255//2255 2216//2216 2273//2273
f 2255//2255 2265//2265 2276//2276
f 2245//2245 2295//2295 2286//2286
f 2136//2136 2157//2157 2111//2111
f 2219//2219 2149//2149 2170//2170
f 2170//2170 2149//2149 2120//2120
f 2149//2149 2123//2123 2120//2120
f 2123//2123 2149//2149 2136//2136
f 1775//1775 1781//1781 1826//1826
f 1781//1781 1775//1775 1729//1729
f 1665//1665 1705//1705 1743//1743
f 1684//1684 1665//1665 1743//1743
f 1671//1671 1665//1665 1620//1620
f 1665//1665 1671//1671 1705//1705
f 1620//1620 1665//1665 1626//1626
f 1665//1665 1684//1684 1626//1626
f 1792//1792 1749//1749 1743//1743
f 1749//1749 1792//1792 1810//1810
f 1792//1792 1852//1852 1810//1810
f 1788//1788 1810//1810 1802//1802
f 1788//1788 1749//1749 1810//1810
f 1714//1714 1788//1788 1802//1802
f 1749//1749 1788//1788 1714//1714
f 1613//1613 1671//1671 1605//1605
f 1671//1671 1613//1613 1638//1638
f 1583//1583 1613//1613 1605//1605
f 1613//1613 1606//1606 1638//1638
f 1613//1613 1583//1583 1606//1606
f 1393//1393 1380//1380 1447//1447
f 1427//1427 1393//1393 1447//1447
f 1393//1393 1355//1355 1353//1353
f 1380//1380 1393//1393 1353//1353
f 1393//1393 1427//1427 1379//1379
f 1355//1355 1393//1393 1379//1379
f 1380//1380 1387//1387 1445//1445
f 1387//1387 1402//1402 1445//1445
f 1402//1402 1387//1387 1352//1352
f 1387//1387 1329//1329 1352//1352
f 1387//1387 1366//1366 1329//1329
f 1366//1366 1380//1380 1353//1353
f 1366//1366 1387//1387 1380//1380
f 1349//1349 1436//1436 1462//1462
f 1462//1462 1436//1436 1495//1495
f 1436//1436 1378//1378 1418//1418
f 1436//1436 1349//1349 1378//1378
f 1492//1492 1436//1436 1418//1418
f 1495//1495 1436//1436 1492//1492
f 795//795 850//850 843//843
f 795//795 843//843 767//767
f 753//753 795//795 767//767
f 726//726 683//683 671//671
f 726//726 753//753 683//683
f 748//748 726//726 671//671
f 895//895 867//867 828//828
f 867//867 895//895 931//931
f 931//931 895//895 969//969
f 797//797 752//752 828//828
f 752//752 727//727 767//767
f 828//828 752//752 767//767
f 752//752 797//797 715//715
f 692//692 752//752 715//715
f 752//752 692//692 727//727
f 915//915 893//893 924//924
f 893//893 926//926 924//924
f 893//893 828//828 843//843
f 893//893 915//915 828//828
f 893//893 850//850 926//926
f 850//850 893//893 843//843
f 650//650 675//675 709//709
f 640//640 650//650 709//709
f 650//650 640//640 573//573
f 666//666 650//650 573//573
f 675//675 650//650 666//666
f 871//871 939//939 955//955
f 939//939 871//871 812//812
f 871//871 790//790 812//812
f 875//875 948//948 853//853
f 875//875 960//960 948//948
f 830//830 757//757 813//813
f 868//868 830//830 813//813
f 830//830 816//816 778//778
f 757//757 830//830 778//778
f 875//875 830//830 868//868
f 816//816 830//830 853//853
f 830//830 875//875 853//853
f 1644//1644 1614//1614 1640//1640
f 1614//1614 1601//1601 1640//1640
f 1614//1614 1644//1644 1611//1611
f 1614//1614 1587//1587 1601//1601
f 1438//1438 1519//1519 1511//1511
f 1519//1519 1438//1438 1485//1485
f 1614//1614 1519//1519 1587//1587
f 1519//1519 1614//1614 1611//1611
f 1519//1519 1545//1545 1511//1511
f 1545//1545 1519//1519 1611//1611
f 1485//1485 1468//1468 1526//1526
f 1410//1410 1468//1468 1485//1485
f 1468//1468 1410//1410 1406//1406
f 1441//1441 1468//1468 1406//1406
f 1517//1517 1468//1468 1441//1441
f 1438//1438 1415//1415 1485//1485
f 1415//1415 1410//1410 1485//1485
f 1415//1415 1438//1438 1392//1392
f 1410//1410 1415//1415 1392//1392
f 1499//1499 1517//1517 1441//1441
f 1499//1499 1455//1455 1488//1488
f 1455//1455 1499//1499 1441//1441
f 1542//1542 1499//1499 1488//1488
f 1499//1499 1542//1542 1517//1517
f 1608//1608 1645//1645 1635//1635
f 1631//1631 1608//1608 1596//1596
f 1645//1645 1608//1608 1631//1631
f 1517//1517 1579//1579 1562//1562
f 1542//1542 1579//1579 1517//1517
f 1579//1579 1642//1642 1659//1659
f 1579//1579 1580//1580 1562//1562
f 1579//1579 1659//1659 1653//1653
f 1580//1580 1579//1579 1653//1653
f 2248//2248 2298//2298 2280//2280
f 2298//2298 2320//2320 2280//2280
f 2320//2320 2298//2298 2304//2304
f 2320//2320 2350//2350 2349//2349
f 2420//2420 2421//2421 2401//2401
f 2457//2457 2421//2421 2420//2420
f 2421//2421 2380//2380 2401//2401
f 2421//2421 2399//2399 2380//2380
f 2421//2421 2457//2457 2456//2456
f 2399//2399 2421//2421 2456//2456
f 2549//2549 2583//2583 2560//2560
f 2549//2549 2555//2555 2566//2566
f 2599//2599 2549//2549 2566//2566
f 2583//2583 2549//2549 2599//2599
f 2533//2533 2553//2553 2536//2536
f 2553//2553 2533//2533 2560//2560
f 2454//2454 2484//2484 2476//2476
f 2431//2431 2454//2454 2476//2476
f 2484//2484 2454//2454 2466//2466
f 2454//2454 2449//2449 2466//2466
f 2454//2454 2431//2431 2398//2398
f 2449//2449 2454//2454 2398//2398
f 2450//2450 2431//2431 2476//2476
f 2486//2486 2450//2450 2476//2476
f 2457//2457 2450//2450 2486//2486
f 2450//2450 2457//2457 2420//2420
f 2408//2408 2420//2420 2401//2401
f 2469//2469 2448//2448 2453//2453
f 2449//2449 2448//2448 2469//2469
f 2448//2448 2409//2409 2453//2453
f 2448//2448 2449//2449 2409//2409
f 2453//2453 2452//2452 2485//2485
f 2443//2443 2452//2452 2453//2453
f 2385//2385 2375//2375 2349//2349
f 2385//2385 2404//2404 2425//2425
f 2375//2375 2385//2385 2396//2396
f 1931//1931 1946//1946 1886//1886
f 1898//1898 1931//1931 1886//1886
f 1946//1946 1931//1931 1982//1982
f 1931//1931 1898//1898 1982//1982
f 1655//1655 1641//1641 1615//1615
f 1641//1641 1604//1604 1575//1575
f 1615//1615 1641//1641 1575//1575
f 1641//1641 1655//1655 1664//1664
f 1623//1623 1641//1641 1664//1664
f 1604//1604 1641//1641 1623//1623
f 2353//2353 2291//2291 2314//2314
f 2322//2322 2291//2291 2353//2353
f 2292//2292 2291//2291 2237//2237
f 2291//2291 2292//2292 2314//2314
f 2237//2237 2291//2291 2211//2211
f 2293//2293 2291//2291 2322//2322
f 2337//2337 2293//2293 2322//2322
f 568//568 514//514 534//534
f 514//514 519//519 456//456
f 514//514 555//555 519//519
f 514//514 568//568 555//555
f 452//452 514//514 456//456
f 514//514 452//452 534//534
f 984//984 1000//1000 1032//1032
f 1000//1000 1080//1080 1032//1032
f 1080//1080 1000//1000 1002//1002
f 1000//1000 949//949 1002//1002
f 949//949 1000//1000 984//984
f 1015//1015 1056//1056 1051//1051
f 1051//1051 1056//1056 1109//1109
f 1071//1071 1056//1056 1032//1032
f 1056//1056 1015//1015 1032//1032
f 1109//1109 1056//1056 1137//1137
f 1056//1056 1118//1118 1137//1137
f 1056//1056 1071//1071 1118//1118
f 1274//1274 1264//1264 1313//1313
f 1264//1264 1274//1274 1245//1245
f 1274//1274 1260//1260 1245//1245
f 1260//1260 1274//1274 1312//1312
f 1133//1133 1222//1222 1175//1175
f 1227//1227 1133//1133 1154//1154
f 1222//1222 1133//1133 1227//1227
f 1094//1094 1133//1133 1086//1086
f 1133//1133 1094//1094 1154//1154
f 1133//1133 1113//1113 1086//1086
f 1133//1133 1175//1175 1113//1113
f 1917//1917 1856//1856 1880//1880
f 1880//1880 1856//1856 1828//1828
f 1783//1783 1856//1856 1814//1814
f 1856//1856 1783//1783 1828//1828
f 1672//1672 1682//1682 1625//1625
f 1672//1672 1717//1717 1682//1682
f 1717//1717 1672//1672 1712//1712
f 1717//1717 1756//1756 1682//1682
f 1756//1756 1791//1791 1682//1682
f 1791//1791 1756//1756 1829//1829
f 1756//1756 1816//1816 1829//1829
f 1756//1756 1717//1717 1712//1712
f 1791//1791 1711//1711 1682//1682
f 1668//1668 1711//1711 1708//1708
f 1711//1711 1668//1668 1682//1682
f 1996//1996 1978//1978 1945//1945
f 1996//1996 2026//2026 2045//2045
f 2000//2000 1996//1996 2045//2045
f 1996//1996 2000//2000 1978//1978
f 1704//1704 1648//1648 1738//1738
f 1783//1783 1704//1704 1738//1738
f 1704//1704 1607//1607 1648//1648
f 1735//1735 1756//1756 1712//1712
f 1667//1667 1735//1735 1712//1712
f 1704//1704 1735//1735 1667//1667
f 1780//1780 1821//1821 1828//1828
f 1783//1783 1780//1780 1828//1828
f 1780//1780 1783//1783 1738//1738
f 1821//1821 1780//1780 1766//1766
f 1780//1780 1738//1738 1732//1732
f 1766//1766 1780//1780 1732//1732
f 1710//1710 1676//1676 1701//1701
f 1751//1751 1710//1710 1740//1740
f 1710//1710 1701//1701 1740//1740
f 1291//1291 1241//1241 1322//1322
f 1241//1241 1291//1291 1269//1269
f 1228//1228 1241//1241 1269//1269
f 1228//1228 1226//1226 1169//1169
f 1226//1226 1228//1228 1269//1269
f 1200//1200 1228//1228 1169//1169
f 1241//1241 1228//1228 1200//1200
f 1082//1082 1063//1063 1025//1025
f 1025//1025 1063//1063 1027//1027
f 1063//1063 1070//1070 1027//1027
f 1138//1138 1082//1082 1096//1096
f 1138//1138 1096//1096 1169//1169
f 1226//1226 1138//1138 1169//1169
f 1063//1063 1138//1138 1070//1070
f 1138//1138 1063//1063 1082//1082
f 1416//1416 1458//1458 1501//1501
f 1625//1625 1543//1543 1595//1595
f 1554//1554 1543//1543 1625//1625
f 1536//1536 1494//1494 1501//1501
f 1568//1568 1536//1536 1501//1501
f 1536//1536 1543//1543 1494//1494
f 1536//1536 1568//1568 1595//1595
f 1543//1543 1536//1536 1595//1595
f 1616//1616 1704//1704 1667//1667
f 1616//1616 1607//1607 1704//1704
f 1676//1676 1628//1628 1701//1701
f 1679//1679 1628//1628 1603//1603
f 1628//1628 1679//1679 1701//1701
f 1338//1338 1385//1385 1339//1339
f 1335//1335 1291//1291 1322//1322
f 1335//1335 1338//1338 1269//1269
f 1291//1291 1335//1335 1269//1269
f 2008//2008 1975//1975 2023//2023
f 2008//2008 1980//1980 1975//1975
f 1980//1980 2008//2008 2043//2043
f 2051//2051 2008//2008 2023//2023
f 2008//2008 2051//2051 2043//2043
f 1980//1980 1915//1915 1975//1975
f 1975//1975 1915//1915 1935//1935
f 1915//1915 1867//1867 1935//1935
f 1815//1815 1763//1763 1837//1837
f 1860//1860 1815//1815 1837//1837
f 1764//1764 1789//1789 1739//1739
f 1815//1815 1764//1764 1763//1763
f 1789//1789 1764//1764 1823//1823
f 1764//1764 1815//1815 1823//1823
f 1851//1851 1860//1860 1888//1888
f 1905//1905 1851//1851 1888//1888
f 1815//1815 1851//1851 1823//1823
f 1851//1851 1815//1815 1860//1860
f 1851//1851 1905//1905 1924//1924
f 1851//1851 1924//1924 1827//1827
f 1823//1823 1851//1851 1827//1827
f 1472//1472 1442//1442 1509//1509
f 1472//1472 1529//1529 1498//1498
f 1529//1529 1472//1472 1509//1509
f 1438//1438 1440//1440 1375//1375
f 1440//1440 1438//1438 1511//1511
f 1509//1509 1434//1434 1511//1511
f 1442//1442 1434//1434 1509//1509
f 1434//1434 1440//1440 1511//1511
f 1440//1440 1434//1434 1375//1375
f 1434//1434 1330//1330 1375//1375
f 1434//1434 1442//1442 1330//1330
f 1929//1929 1933//1933 1953//1953
f 1779//1779 1793//1793 1733//1733
f 1793//1793 1804//1804 1733//1733
f 1793//1793 1779//1779 1820//1820
f 1804//1804 1863//1863 1785//1785
f 2013//2013 1987//1987 2006//2006
f 2006//2006 1943//1943 1953//1953
f 1987//1987 1943//1943 2006//2006
f 1943//1943 1987//1987 1945//1945
f 1933//1933 1992//1992 1953//1953
f 2036//2036 1992//1992 2001//2001
f 2113//2113 2114//2114 2160//2160
f 2114//2114 2113//2113 2083//2083
f 2113//2113 2160//2160 2144//2144
f 2134//2134 2098//2098 2144//2144
f 2098//2098 2078//2078 2071//2071
f 2121//2121 2098//2098 2134//2134
f 2078//2078 2098//2098 2121//2121
f 2034//2034 2036//2036 2083//2083
f 2034//2034 1992//1992 2036//2036
f 2034//2034 2006//2006 1953//1953
f 1992//1992 2034//2034 1953//1953
f 928//928 984//984 942//942
f 928//928 949//949 984//984
f 805//805 777//777 856//856
f 879//879 805//805 856//856
f 315//315 310//310 288//288
f 382//382 310//310 315//315
f 310//310 382//382 377//377
f 276//276 310//310 377//377
f 310//310 262//262 288//288
f 262//262 310//310 276//276
f 368//368 315//315 344//344
f 368//368 382//382 315//315
f 391//391 368//368 344//344
f 591//591 592//592 500//500
f 575//575 591//591 500//500
f 591//591 575//575 660//660
f 616//616 591//591 660//660
f 591//591 616//616 592//592
f 451//451 474//474 486//486
f 474//474 550//550 486//486
f 474//474 554//554 550//550
f 382//382 438//438 377//377
f 438//438 382//382 431//431
f 438//438 431//431 500//500
f 523//523 508//508 477//477
f 543//543 523//523 553//553
f 523//523 477//477 553//553
f 542//542 523//523 543//543
f 508//508 523//523 542//542
f 2013//2013 2057//2057 2026//2026
f 2026//2026 2057//2057 2059//2059
f 2057//2057 2078//2078 2059//2059
f 2071//2071 2057//2057 2013//2013
f 2078//2078 2057//2057 2071//2071
f 2199//2199 2204//2204 2176//2176
f 2202//2202 2199//2199 2176//2176
f 2316//2316 2338//2338 2326//2326
f 2232//2232 2199//2199 2202//2202
f 2232//2232 2202//2202 2230//2230
f 2232//2232 2241//2241 2204//2204
f 2199//2199 2232//2232 2204//2204
f 2392//2392 2332//2332 2367//2367
f 2306//2306 2332//2332 2267//2267
f 2332//2332 2310//2310 2267//2267
f 2332//2332 2323//2323 2367//2367
f 2323//2323 2332//2332 2306//2306
f 2377//2377 2378//2378 2407//2407
f 2310//2310 2378//2378 2377//2377
f 2332//2332 2378//2378 2310//2310
f 2378//2378 2332//2332 2392//2392
f 2423//2423 2378//2378 2392//2392
f 2378//2378 2423//2423 2407//2407
f 2323//2323 2278//2278 2305//2305
f 2278//2278 2323//2323 2306//2306
f 2278//2278 2306//2306 2266//2266
f 2243//2243 2278//2278 2266//2266
f 2365//2365 2358//2358 2309//2309
f 2358//2358 2324//2324 2309//2309
f 2358//2358 2365//2365 2401//2401
f 2362//2362 2323//2323 2305//2305
f 2324//2324 2362//2362 2305//2305
f 2323//2323 2362//2362 2367//2367
f 2362//2362 2399//2399 2367//2367
f 2399//2399 2362//2362 2380//2380
f 2233//2233 2243//2243 2198//2198
f 2189//2189 2233//2233 2198//2198
f 2233//2233 2189//2189 2204//2204
f 2241//2241 2233//2233 2204//2204
f 2257//2257 2233//2233 2241//2241
f 2316//2316 2303//2303 2288//2288
f 2303//2303 2326//2326 2309//2309
f 2303//2303 2316//2316 2326//2326
f 2268//2268 2257//2257 2241//2241
f 2268//2268 2303//2303 2309//2309
f 2382//2382 2365//2365 2326//2326
f 2338//2338 2382//2382 2326//2326
f 2365//2365 2382//2382 2401//2401
f 2382//2382 2408//2408 2401//2401
f 2510//2510 2514//2514 2484//2484
f 2510//2510 2484//2484 2466//2466
f 2514//2514 2510//2510 2555//2555
f 2510//2510 2498//2498 2518//2518
f 2498//2498 2510//2510 2466//2466
f 2550//2550 2510//2510 2518//2518
f 2555//2555 2510//2510 2550//2550
f 1099//1099 1159//1159 1106//1106
f 1042//1042 1099//1099 1106//1106
f 1099//1099 1042//1042 1036//1036
f 639//639 682//682 697//697
f 639//639 597//597 682//682
f 655//655 639//639 697//697
f 439//439 470//470 481//481
f 470//470 439//439 446//446
f 520//520 470//470 446//446
f 497//497 536//536 509//509
f 509//509 536//536 561//561
f 536//536 619//619 561//561
f 713//713 689//689 747//747
f 642//642 689//689 713//713
f 645//645 642//642 619//619
f 536//536 645//645 619//619
f 645//645 689//689 642//642
f 170//170 156//156 193//193
f 174//174 170//170 223//223
f 156//156 170//170 133//133
f 170//170 136//136 133//133
f 170//170 174//174 136//136
f 501//501 558//558 497//497
f 558//558 536//536 497//497
f 622//622 558//558 598//598
f 645//645 558//558 622//622
f 558//558 645//645 536//536
f 376//376 424//424 363//363
f 376//376 360//360 425//425
f 424//424 376//376 425//425
f 417//417 398//398 467//467
f 417//417 367//367 398//398
f 428//428 417//417 495//495
f 355//355 342//342 296//296
f 392//392 342//342 355//355
f 342//342 289//289 296//296
f 371//371 421//421 402//402
f 421//421 371//371 439//439
f 371//371 392//392 439//439
f 360//360 371//371 402//402
f 371//371 360//360 274//274
f 450//450 390//390 428//428
f 367//367 390//390 322//322
f 390//390 353//353 322//322
f 390//390 450//450 426//426
f 379//379 390//390 426//426
f 353//353 390//390 379//379
f 286//286 346//346 312//312
f 286//286 311//311 346//346
f 286//286 312//312 268//268
f 311//311 286//286 252//252
f 211//211 286//286 268//268
f 252//252 286//286 211//211
f 872//872 898//898 832//832
f 874//874 872//872 832//832
f 898//898 872//872 918//918
f 872//872 874//874 918//918
f 780//780 724//724 691//691
f 781//781 724//724 780//780
f 724//724 705//705 691//691
f 724//724 781//781 705//705
f 1182//1182 1215//1215 1179//1179
f 1217//1217 1215//1215 1182//1182
f 1179//1179 1215//1215 1239//1239
f 1215//1215 1217//1217 1239//1239
f 174//174 195//195 171//171
f 195//195 186//186 171//171
f 195//195 254//254 186//186
f 2258//2258 2190//2190 2217//2217
f 2185//2185 2190//2190 2258//2258
f 2190//2190 2157//2157 2217//2217
f 2157//2157 2190//2190 2111//2111
f 2190//2190 2126//2126 2111//2111
f 2190//2190 2185//2185 2126//2126
f 2187//2187 2216//2216 2212//2212
f 2159//2159 2187//2187 2212//2212
f 2255//2255 2242//2242 2216//2216
f 2212//2212 2242//2242 2236//2236
f 2216//2216 2242//2242 2212//2212
f 2242//2242 2276//2276 2236//2236
f 2242//2242 2255//2255 2276//2276
f 2234//2234 2245//2245 2286//2286
f 2245//2245 2234//2234 2219//2219
f 2234//2234 2286//2286 2296//2296
f 2239//2239 2245//2245 2219//2219
f 2272//2272 2239//2239 2210//2210
f 2295//2295 2239//2239 2272//2272
f 2245//2245 2239//2239 2295//2295
f 2239//2239 2170//2170 2210//2210
f 2239//2239 2219//2219 2170//2170
f 1767//1767 1792//1792 1743//1743
f 1705//1705 1767//1767 1743//1743
f 1767//1767 1705//1705 1729//1729
f 1775//1775 1767//1767 1729//1729
f 1366//1366 1281//1281 1329//1329
f 1281//1281 1266//1266 1257//1257
f 1266//1266 1281//1281 1353//1353
f 1281//1281 1366//1366 1353//1353
f 1302//1302 1281//1281 1257//1257
f 1329//1329 1281//1281 1302//1302
f 795//795 823//823 850//850
f 823//823 847//847 870//870
f 850//850 823//823 870//870
f 769//769 795//795 753//753
f 769//769 823//823 795//795
f 769//769 808//808 847//847
f 823//823 769//769 847//847
f 935//935 915//915 958//958
f 976//976 935//935 958//958
f 935//935 976//976 969//969
f 895//895 935//935 969//969
f 915//915 912//912 828//828
f 912//912 895//895 828//828
f 935//935 912//912 915//915
f 912//912 935//935 895//895
f 790//790 851//851 813//813
f 871//871 851//851 790//790
f 851//851 868//868 813//813
f 905//905 951//951 960//960
f 875//875 905//905 960//960
f 905//905 875//875 868//868
f 1520//1520 1519//1519 1485//1485
f 1519//1519 1520//1520 1587//1587
f 1520//1520 1485//1485 1526//1526
f 1587//1587 1520//1520 1526//1526
f 1468//1468 1527//1527 1526//1526
f 1527//1527 1468//1468 1517//1517
f 1526//1526 1527//1527 1562//1562
f 1527//1527 1517//1517 1562//1562
f 1589//1589 1542//1542 1531//1531
f 1589//1589 1608//1608 1635//1635
f 1589//1589 1579//1579 1542//1542
f 1642//1642 1589//1589 1635//1635
f 1579//1579 1589//1589 1642//1642
f 1549//1549 1500//1500 1550//1550
f 1549//1549 1550//1550 1596//1596
f 1608//1608 1549//1549 1596//1596
f 1549//1549 1589//1589 1531//1531
f 1589//1589 1549//1549 1608//1608
f 1549//1549 1411//1411 1500//1500
f 1549//1549 1488//1488 1411//1411
f 1549//1549 1531//1531 1488//1488
f 2251//2251 2298//2298 2248//2248
f 2263//2263 2251//2251 2213//2213
f 2298//2298 2251//2251 2304//2304
f 2251//2251 2293//2293 2304//2304
f 2293//2293 2251//2251 2263//2263
f 2534//2534 2549//2549 2560//2560
f 2533//2533 2534//2534 2560//2560
f 2534//2534 2533//2533 2526//2526
f 2514//2514 2517//2517 2476//2476
f 2517//2517 2486//2486 2476//2476
f 2517//2517 2526//2526 2486//2486
f 2513//2513 2536//2536 2499//2499
f 2513//2513 2533//2533 2536//2536
f 2533//2533 2513//2513 2526//2526
f 2486//2486 2513//2513 2499//2499
f 2526//2526 2513//2513 2486//2486
f 2450//2450 2424//2424 2431//2431
f 2431//2431 2424//2424 2398//2398
f 2424//2424 2450//2450 2420//2420
f 2408//2408 2424//2424 2420//2420
f 2485//2485 2455//2455 2494//2494
f 2452//2452 2455//2455 2485//2485
f 2455//2455 2463//2463 2494//2494
f 2350//2350 2364//2364 2349//2349
f 2364//2364 2385//2385 2349//2349
f 2364//2364 2350//2350 2404//2404
f 2385//2385 2364//2364 2404//2404
f 2260//2260 2293//2293 2263//2263
f 2293//2293 2260//2260 2291//2291
f 2291//2291 2260//2260 2211//2211
f 2260//2260 2209//2209 2211//2211
f 2260//2260 2263//2263 2209//2209
f 2293//2293 2328//2328 2304//2304
f 2337//2337 2328//2328 2293//2293
f 2350//2350 2395//2395 2404//2404
f 2395//2395 2430//2430 2444//2444
f 2404//2404 2395//2395 2444//2444
f 2430//2430 2395//2395 2379//2379
f 1343//1343 1389//1389 1312//1312
f 1343//1343 1274//1274 1313//1313
f 1274//1274 1343//1343 1312//1312
f 1343//1343 1358//1358 1394//1394
f 1358//1358 1343//1343 1313//1313
f 1494//1494 1430//1430 1394//1394
f 1430//1430 1343//1343 1394//1394
f 1343//1343 1430//1430 1389//1389
f 1404//1404 1451//1451 1405//1405
f 1364//1364 1404//1404 1405//1405
f 1389//1389 1326//1326 1312//1312
f 1260//1260 1326//1326 1279//1279
f 1326//1326 1260//1260 1312//1312
f 1344//1344 1416//1416 1358//1358
f 1344//1344 1360//1360 1416//1416
f 1344//1344 1358//1358 1283//1283
f 1287//1287 1344//1344 1283//1283
f 1360//1360 1344//1344 1287//1287
f 1345//1345 1360//1360 1287//1287
f 1345//1345 1231//1231 1301//1301
f 1345//1345 1287//1287 1231//1231
f 1339//1339 1345//1345 1301//1301
f 1833//1833 1930//1930 1910//1910
f 1833//1833 1917//1917 1930//1930
f 1833//1833 1856//1856 1917//1917
f 1856//1856 1833//1833 1814//1814
f 1816//1816 1833//1833 1910//1910
f 1813//1813 1833//1833 1816//1816
f 1833//1833 1771//1771 1814//1814
f 1745//1745 1791//1791 1787//1787
f 1745//1745 1711//1711 1791//1791
f 1711//1711 1745//1745 1708//1708
f 1708//1708 1745//1745 1730//1730
f 1745//1745 1787//1787 1730//1730
f 1530//1530 1469//1469 1484//1484
f 1768//1768 1833//1833 1813//1813
f 1833//1833 1768//1768 1771//1771
f 1768//1768 1813//1813 1816//1816
f 1756//1756 1768//1768 1816//1816
f 1735//1735 1768//1768 1756//1756
f 1741//1741 1735//1735 1704//1704
f 1771//1771 1741//1741 1783//1783
f 1741//1741 1704//1704 1783//1783
f 1768//1768 1741//1741 1771//1771
f 1741//1741 1768//1768 1735//1735
f 1715//1715 1762//1762 1732//1732
f 1715//1715 1751//1751 1762//1762
f 1715//1715 1710//1710 1751//1751
f 1253//1253 1205//1205 1226//1226
f 1205//1205 1138//1138 1226//1226
f 1205//1205 1253//1253 1231//1231
f 1508//1508 1458//1458 1510//1510
f 1458//1458 1508//1508 1501//1501
f 1508//1508 1568//1568 1501//1501
f 1616//1616 1508//1508 1510//1510
f 1508//1508 1616//1616 1568//1568
f 1360//1360 1388//1388 1416//1416
f 1345//1345 1388//1388 1360//1360
f 1571//1571 1616//1616 1510//1510
f 1616//1616 1571//1571 1607//1607
f 1530//1530 1571//1571 1510//1510
f 1616//1616 1652//1652 1568//1568
f 1568//1568 1652//1652 1595//1595
f 1652//1652 1616//1616 1667//1667
f 1652//1652 1625//1625 1595//1595
f 1652//1652 1672//1672 1625//1625
f 1652//1652 1667//1667 1712//1712
f 1672//1672 1652//1652 1712//1712
f 1374//1374 1385//1385 1338//1338
f 1335//1335 1374//1374 1338//1338
f 1503//1503 1374//1374 1465//1465
f 1385//1385 1374//1374 1432//1432
f 1374//1374 1503//1503 1432//1432
f 1432//1432 1482//1482 1484//1484
f 1503//1503 1482//1482 1432//1432
f 1525//1525 1628//1628 1621//1621
f 1525//1525 1565//1565 1603//1603
f 1628//1628 1525//1525 1603//1603
f 1617//1617 1552//1552 1621//1621
f 1552//1552 1525//1525 1621//1621
f 1474//1474 1428//1428 1498//1498
f 1905//1905 1916//1916 1980//1980
f 1916//1916 1915//1915 1980//1980
f 1916//1916 1905//1905 1888//1888
f 1915//1915 1916//1916 1888//1888
f 1857//1857 1860//1860 1837//1837
f 1867//1867 1857//1857 1837//1837
f 1915//1915 1857//1857 1867//1867
f 1860//1860 1857//1857 1888//1888
f 1857//1857 1915//1915 1888//1888
f 1763//1763 1689//1689 1677//1677
f 1764//1764 1689//1689 1763//1763
f 1689//1689 1764//1764 1739//1739
f 1689//1689 1739//1739 1688//1688
f 1677//1677 1689//1689 1611//1611
f 1600//1600 1689//1689 1688//1688
f 1689//1689 1600//1600 1611//1611
f 1472//1472 1439//1439 1442//1442
f 1439//1439 1428//1428 1359//1359
f 1428//1428 1439//1439 1498//1498
f 1439//1439 1472//1472 1498//1498
f 1330//1330 1439//1439 1359//1359
f 1442//1442 1439//1439 1330//1330
f 1926//1926 1924//1924 1976//1976
f 1924//1924 1926//1926 1827//1827
f 1926//1926 1919//1919 1827//1827
f 1919//1919 1951//1951 1933//1933
f 1992//1992 1951//1951 2001//2001
f 1951//1951 1992//1992 1933//1933
f 2001//2001 1951//1951 1976//1976
f 1951//1951 1926//1926 1976//1976
f 1926//1926 1951//1951 1919//1919
f 1849//1849 1820//1820 1827//1827
f 1919//1919 1849//1849 1827//1827
f 1932//1932 1929//1929 1953//1953
f 1943//1943 1932//1932 1953//1953
f 1932//1932 1943//1943 1914//1914
f 1804//1804 1831//1831 1855//1855
f 1793//1793 1831//1831 1804//1804
f 1831//1831 1793//1793 1820//1820
f 1831//1831 1849//1849 1855//1855
f 1849//1849 1831//1831 1820//1820
f 1818//1818 1801//1801 1785//1785
f 1863//1863 1818//1818 1785//1785
f 1995//1995 2013//2013 2026//2026
f 1995//1995 1987//1987 2013//2013
f 1996//1996 1995//1995 2026//2026
f 1995//1995 1996//1996 1945//1945
f 1987//1987 1995//1995 1945//1945
f 1903//1903 1902//1902 1945//1945
f 1902//1902 1943//1943 1945//1945
f 2077//2077 2034//2034 2083//2083
f 2113//2113 2077//2077 2083//2083
f 2077//2077 2071//2071 2006//2006
f 2034//2034 2077//2077 2006//2006
f 2077//2077 2113//2113 2144//2144
f 2098//2098 2077//2077 2144//2144
f 2077//2077 2098//2098 2071//2071
f 845//845 877//877 876//876
f 877//877 911//911 876//876
f 911//911 877//877 942//942
f 770//770 730//730 777//777
f 805//805 770//770 777//777
f 770//770 805//805 774//774
f 949//949 849//849 879//879
f 382//382 395//395 431//431
f 368//368 395//395 382//382
f 395//395 391//391 431//431
f 395//395 368//368 391//391
f 438//438 414//414 377//377
f 414//414 438//438 451//451
f 377//377 414//414 385//385
f 414//414 429//429 385//385
f 414//414 451//451 429//429
f 465//465 474//474 451//451
f 438//438 465//465 451//451
f 465//465 535//535 554//554
f 474//474 465//465 554//554
f 535//535 465//465 500//500
f 465//465 438//438 500//500
f 2297//2297 2316//2316 2288//2288
f 2290//2290 2297//2297 2230//2230
f 2297//2297 2232//2232 2230//2230
f 2278//2278 2262//2262 2305//2305
f 2262//2262 2278//2278 2243//2243
f 2233//2233 2262//2262 2243//2243
f 2262//2262 2233//2233 2257//2257
f 2358//2358 2370//2370 2324//2324
f 2370//2370 2362//2362 2324//2324
f 2362//2362 2370//2370 2380//2380
f 2380//2380 2370//2370 2401//2401
f 2370//2370 2358//2358 2401//2401
f 2232//2232 2271//2271 2241//2241
f 2271//2271 2268//2268 2241//2241
f 2271//2271 2297//2297 2288//2288
f 2297//2297 2271//2271 2232//2232
f 2303//2303 2271//2271 2288//2288
f 2268//2268 2271//2271 2303//2303
f 1099//1099 1105//1105 1159//1159
f 1105//1105 1207//1207 1159//1159
f 1207//1207 1105//1105 1151//1151
f 1105//1105 1099//1099 1036//1036
f 1030//1030 1105//1105 1036//1036
f 1151//1151 1105//1105 1107//1107
f 1105//1105 1059//1059 1107//1107
f 1059//1059 1105//1105 1030//1030
f 598//598 605//605 655//655
f 605//605 639//639 655//655
f 470//470 505//505 481//481
f 505//505 470//470 520//520
f 505//505 501//501 481//481
f 505//505 558//558 501//501
f 689//689 722//722 747//747
f 722//722 820//820 747//747
f 799//799 722//722 756//756
f 722//722 799//799 854//854
f 820//820 722//722 854//854
f 203//203 170//170 193//193
f 170//170 203//203 223//223
f 203//203 229//229 292//292
f 229//229 203//203 193//193
f 280//280 203//203 292//292
f 203//203 280//280 223//223
f 332//332 363//363 321//321
f 332//332 376//376 363//363
f 332//332 280//280 319//319
f 332//332 319//319 360//360
f 376//376 332//332 360//360
f 295//295 332//332 321//321
f 332//332 295//295 280//280
f 400//400 417//417 428//428
f 417//417 400//400 367//367
f 390//390 400//400 428//428
f 400//400 390//390 367//367
f 417//417 475//475 495//495
f 475//475 417//417 467//467
f 529//529 475//475 467//467
f 475//475 529//529 599//599
f 475//475 585//585 495//495
f 585//585 475//475 599//599
f 289//289 339//339 274//274
f 339//339 371//371 274//274
f 342//342 339//339 289//289
f 339//339 342//342 392//392
f 371//371 339//339 392//392
f 195//195 238//238 254//254
f 280//280 237//237 223//223
f 295//295 237//237 280//280
f 237//237 174//174 223//223
f 2182//2182 2185//2185 2216//2216
f 2187//2187 2182//2182 2216//2216
f 2185//2185 2182//2182 2126//2126
f 2188//2188 2157//2157 2136//2136
f 2149//2149 2188//2188 2136//2136
f 2157//2157 2188//2188 2217//2217
f 2188//2188 2149//2149 2219//2219
f 2234//2234 2188//2188 2219//2219
f 2217//2217 2188//2188 2296//2296
f 2188//2188 2234//2234 2296//2296
f 1792//1792 1817//1817 1852//1852
f 1767//1767 1817//1817 1792//1792
f 1852//1852 1817//1817 1873//1873
f 1817//1817 1826//1826 1873//1873
f 1817//1817 1775//1775 1826//1826
f 1817//1817 1767//1767 1775//1775
f 726//726 760//760 753//753
f 760//760 769//769 753//753
f 760//760 726//726 748//748
f 808//808 760//760 748//748
f 769//769 760//760 808//808
f 851//851 894//894 868//868
f 894//894 905//905 868//868
f 905//905 894//894 951//951
f 2226//2226 2251//2251 2248//2248
f 2196//2196 2226//2226 2231//2231
f 2226//2226 2248//2248 2231//2231
f 2226//2226 2196//2196 2213//2213
f 2251//2251 2226//2226 2213//2213
f 2539//2539 2517//2517 2514//2514
f 2539//2539 2514//2514 2555//2555
f 2549//2549 2539//2539 2555//2555
f 2517//2517 2539//2539 2526//2526
f 2539//2539 2534//2534 2526//2526
f 2534//2534 2539//2539 2549//2549
f 2463//2463 2433//2433 2425//2425
f 2455//2455 2433//2433 2463//2463
f 2433//2433 2455//2455 2452//2452
f 2339//2339 2328//2328 2337//2337
f 2339//2339 2395//2395 2350//2350
f 2395//2395 2339//2339 2337//2337
f 2339//2339 2350//2350 2320//2320
f 2339//2339 2320//2320 2304//2304
f 2328//2328 2339//2339 2304//2304
f 2360//2360 2395//2395 2337//2337
f 2360//2360 2322//2322 2353//2353
f 2360//2360 2337//2337 2322//2322
f 2360//2360 2353//2353 2379//2379
f 2395//2395 2360//2360 2379//2379
f 1430//1430 1448//1448 1389//1389
f 1448//1448 1543//1543 1554//1554
f 1543//1543 1448//1448 1494//1494
f 1448//1448 1430//1430 1494//1494
f 1351//1351 1364//1364 1273//1273
f 1351//1351 1404//1404 1364//1364
f 1649//1649 1628//1628 1676//1676
f 1628//1628 1649//1649 1621//1621
f 1649//1649 1617//1617 1621//1621
f 1138//1138 1161//1161 1070//1070
f 1205//1205 1161//1161 1138//1138
f 1094//1094 1161//1161 1154//1154
f 1161//1161 1231//1231 1154//1154
f 1161//1161 1205//1205 1231//1231
f 1161//1161 1094//1094 1061//1061
f 1070//1070 1161//1161 1061//1061
f 1435//1435 1458//1458 1416//1416
f 1388//1388 1435//1435 1416//1416
f 1458//1458 1435//1435 1510//1510
f 1400//1400 1388//1388 1345//1345
f 1400//1400 1435//1435 1388//1388
f 1400//1400 1385//1385 1432//1432
f 1385//1385 1400//1400 1339//1339
f 1400//1400 1345//1345 1339//1339
f 1571//1571 1592//1592 1607//1607
f 1592//1592 1617//1617 1646//1646
f 1648//1648 1592//1592 1646//1646
f 1607//1607 1592//1592 1648//1648
f 1592//1592 1552//1552 1617//1617
f 1592//1592 1530//1530 1484//1484
f 1592//1592 1571//1571 1530//1530
f 1482//1482 1592//1592 1484//1484
f 1592//1592 1482//1482 1503//1503
f 1552//1552 1592//1592 1503//1503
f 1374//1374 1403//1403 1465//1465
f 1403//1403 1374//1374 1335//1335
f 1403//1403 1335//1335 1322//1322
f 1506//1506 1503//1503 1465//1465
f 1525//1525 1506//1506 1465//1465
f 1506//1506 1552//1552 1503//1503
f 1552//1552 1506//1506 1525//1525
f 1525//1525 1521//1521 1565//1565
f 1474//1474 1521//1521 1471//1471
f 1521//1521 1533//1533 1565//1565
f 1533//1533 1521//1521 1498//1498
f 1521//1521 1474//1474 1498//1498
f 1460//1460 1525//1525 1465//1465
f 1460//1460 1429//1429 1471//1471
f 1521//1521 1460//1460 1471//1471
f 1460//1460 1521//1521 1525//1525
f 1403//1403 1460//1460 1465//1465
f 1431//1431 1474//1474 1471//1471
f 1429//1429 1431//1431 1471//1471
f 1474//1474 1431//1431 1428//1428
f 1428//1428 1431//1431 1359//1359
f 1849//1849 1907//1907 1855//1855
f 1929//1929 1907//1907 1933//1933
f 1907//1907 1919//1919 1933//1933
f 1907//1907 1849//1849 1919//1919
f 1932//1932 1877//1877 1929//1929
f 1863//1863 1877//1877 1914//1914
f 1877//1877 1932//1932 1914//1914
f 1907//1907 1877//1877 1855//1855
f 1877//1877 1907//1907 1929//1929
f 1877//1877 1804//1804 1855//1855
f 1877//1877 1863//1863 1804//1804
f 1858//1858 1818//1818 1863//1863
f 1858//1858 1863//1863 1914//1914
f 890//890 928//928 942//942
f 877//877 890//890 942//942
f 928//928 890//890 949//949
f 890//890 849//849 949//949
f 770//770 754//754 730//730
f 754//754 770//770 774//774
f 754//754 774//774 720//720
f 665//665 754//754 720//720
f 730//730 754//754 665//665
f 805//805 821//821 774//774
f 821//821 805//805 879//879
f 849//849 821//821 879//879
f 890//890 837//837 849//849
f 837//837 877//877 845//845
f 837//837 890//890 877//877
f 2316//2316 2315//2315 2338//2338
f 2297//2297 2315//2315 2316//2316
f 2315//2315 2297//2297 2290//2290
f 2315//2315 2290//2290 2340//2340
f 2346//2346 2315//2315 2340//2340
f 2315//2315 2346//2346 2338//2338
f 2262//2262 2274//2274 2305//2305
f 2274//2274 2262//2262 2257//2257
f 2268//2268 2274//2274 2257//2257
f 2305//2305 2274//2274 2309//2309
f 2274//2274 2268//2268 2309//2309
f 2372//2372 2382//2382 2338//2338
f 2346//2346 2372//2372 2338//2338
f 2382//2382 2372//2372 2408//2408
f 2398//2398 2372//2372 2340//2340
f 2372//2372 2346//2346 2340//2340
f 2424//2424 2372//2372 2398//2398
f 2372//2372 2424//2424 2408//2408
f 639//639 589//589 597//597
f 605//605 589//589 639//639
f 589//589 605//605 520//520
f 597//597 589//589 564//564
f 589//589 520//520 564//564
f 605//605 577//577 520//520
f 577//577 505//505 520//520
f 577//577 605//605 598//598
f 558//558 577//577 598//598
f 505//505 577//577 558//558
f 645//645 672//672 689//689
f 672//672 722//722 689//689
f 672//672 622//622 655//655
f 672//672 645//645 622//622
f 672//672 655//655 756//756
f 722//722 672//672 756//756
f 282//282 279//279 254//254
f 238//238 282//282 254//254
f 282//282 237//237 295//295
f 237//237 282//282 238//238
f 279//279 282//282 307//307
f 207//207 195//195 174//174
f 237//237 207//207 174//174
f 207//207 238//238 195//195
f 207//207 237//237 238//238
f 2126//2126 2146//2146 2117//2117
f 2182//2182 2146//2146 2126//2126
f 2146//2146 2182//2182 2187//2187
f 2146//2146 2187//2187 2159//2159
f 2117//2117 2146//2146 2101//2101
f 2146//2146 2159//2159 2101//2101
f 908//908 851//851 871//871
f 908//908 894//894 851//851
f 908//908 871//871 955//955
f 894//894 908//908 951//951
f 987//987 908//908 955//955
f 951//951 908//908 987//987
f 2427//2427 2385//2385 2425//2425
f 2433//2433 2427//2427 2425//2425
f 2385//2385 2427//2427 2396//2396
f 2427//2427 2443//2443 2396//2396
f 2427//2427 2452//2452 2443//2443
f 2427//2427 2433//2433 2452//2452
f 1513//1513 1470//1470 1528//1528
f 1470//1470 1554//1554 1528//1528
f 1470//1470 1448//1448 1554//1554
f 1470//1470 1513//1513 1451//1451
f 1404//1404 1470//1470 1451//1451
f 1351//1351 1396//1396 1404//1404
f 1396//1396 1351//1351 1326//1326
f 1396//1396 1470//1470 1404//1404
f 1470//1470 1396//1396 1448//1448
f 1396//1396 1326//1326 1389//1389
f 1448//1448 1396//1396 1389//1389
f 1326//1326 1321//1321 1279//1279
f 1351//1351 1321//1321 1326//1326
f 1279//1279 1321//1321 1258//1258
f 1258//1258 1321//1321 1273//1273
f 1321//1321 1351//1351 1273//1273
f 1649//1649 1685//1685 1617//1617
f 1715//1715 1685//1685 1710//1710
f 1710//1710 1685//1685 1676//1676
f 1685//1685 1649//1649 1676//1676
f 1477//1477 1530//1530 1510//1510
f 1435//1435 1477//1477 1510//1510
f 1400//1400 1477//1477 1435//1435
f 1469//1469 1449//1449 1432//1432
f 1449//1449 1400//1400 1432//1432
f 1449//1449 1477//1477 1400//1400
f 1530//1530 1449//1449 1469//1469
f 1477//1477 1449//1449 1530//1530
f 1401//1401 1403//1403 1322//1322
f 1328//1328 1401//1401 1322//1322
f 1460//1460 1401//1401 1429//1429
f 1401//1401 1460//1460 1403//1403
f 1401//1401 1431//1431 1429//1429
f 1401//1401 1328//1328 1359//1359
f 1431//1431 1401//1401 1359//1359
f 1818//1818 1835//1835 1801//1801
f 1858//1858 1835//1835 1818//1818
f 1835//1835 1766//1766 1801//1801
f 1835//1835 1821//1821 1766//1766
f 774//774 806//806 773//773
f 773//773 806//806 793//793
f 806//806 845//845 793//793
f 806//806 837//837 845//845
f 837//837 810//810 849//849
f 821//821 810//810 774//774
f 810//810 821//821 849//849
f 810//810 806//806 774//774
f 806//806 810//810 837//837
f 300//300 295//295 321//321
f 300//300 282//282 295//295
f 300//300 321//321 384//384
f 307//307 300//300 384//384
f 282//282 300//300 307//307
f 1617//1617 1666//1666 1646//1646
f 1685//1685 1666//1666 1617//1617
f 1738//1738 1666//1666 1732//1732
f 1666//1666 1715//1715 1732//1732
f 1666//1666 1685//1685 1715//1715
f 1666//1666 1648//1648 1646//1646
f 1648//1648 1666//1666 1738//1738
f 1874//1874 1835//1835 1858//1858
f 1902//1902 1874//1874 1943//1943
f 1943//1943 1874//1874 1914//1914
f 1874//1874 1858//1858 1914//1914
f 1864//1864 1902//1902 1903//1903
f 1864//1864 1874//1874 1902//1902
f 1874//1874 1864//1864 1835//1835
f 1847//1847 1864//1864 1885//1885
f 1864//1864 1903//1903 1885//1885
f 1821//1821 1864//1864 1847//1847
f 1835//1835 1864//1864 1821//1821
