-0.390176 1.300509 -5.699543 102 116 73 0 0.572306 0.609447 -0.548671
-0.497994 0.621707 -5.616022 85 111 45 0 -0.585992 0.426628 0.688914
-0.148723 0.891253 -5.198414 76 71 74 0 0.315807 -0.134184 -0.939287
-0.320321 0.964145 -5.531741 119 161 139 0 0.747127 -0.165859 -0.643655
-0.288431 0.668023 -5.376846 83 103 41 0 -0.734433 0.023873 0.678262
-0.447122 0.865438 -5.783064 62 64 63 0 0.925999 0.300132 0.229011
-0.255023 1.194968 -5.480869 64 67 76 0 0.492223 -0.793649 -0.357543
-0.460789 1.089427 -5.751174 100 116 103 0 0.956924 -0.054500 -0.285176
-0.217818 1.046907 -5.329771 115 146 124 0 0.801296 -0.546126 -0.244278
-0.364360 0.759897 -5.545408 69 101 29 0 -0.770327 0.395749 0.499979
-0.187446 0.698395 -5.209804 82 95 38 0 -0.903463 -0.380177 0.198039
-0.244393 0.859363 -5.384439 73 103 27 0 -0.860808 0.331080 0.386517
-0.394731 0.529833 -5.479350 51 51 40 0 0.429687 -0.863929 -0.262671
-0.346137 1.125114 -5.618299 113 151 127 0 0.944191 -0.317364 0.088230
-0.396250 0.966423 -5.666893 105 145 118 0 0.878722 -0.419220 -0.228259
-0.511662 0.740155 -5.719285 74 79 70 0 0.893781 -0.427707 -0.134991
-0.426621 0.821399 -5.647912 96 132 101 0 0.896642 0.438085 -0.064143
-0.263375 1.057537 -5.455053 129 171 150 0 0.735142 0.520381 -0.434477
-0.315006 1.249637 -5.591724 128 123 109 0 0.064143 0.896642 -0.438085
-0.359045 0.651319 -5.483147 85 124 77 0 0.741060 -0.023815 -0.671016
-0.201873 0.800139 -5.281176 81 114 46 0 -0.846185 0.054547 0.530090
-0.179094 0.932255 -5.313066 94 132 92 0 0.917114 -0.270079 -0.293188
-0.302858 0.769768 -5.443664 118 154 132 0 0.741404 -0.406046 -0.534271
-0.485846 0.975534 -5.762564 52 56 51 0 0.506028 -0.252240 0.824810
-0.484327 0.525277 -5.556038 53 53 43 0 -0.419226 -0.125627 0.899148
-0.355249 0.871512 -5.581854 110 150 122 0 0.577665 0.023550 -0.815934
-0.222373 0.632337 -5.297881 79 88 61 0 0.570627 -0.798878 0.190209
-0.286913 0.868475 -5.483906 99 122 75 0 0.999379 -0.015344 0.031710
-0.441048 0.715099 -5.605391 98 143 104 0 0.917284 -0.380472 0.117601
-0.227688 0.964145 -5.402662 104 139 87 0 0.760963 -0.278014 -0.586212
-0.318044 0.576150 -5.424681 60 93 46 0 0.220709 -0.212584 -0.951891
-0.147204 0.791787 -5.177913 105 107 108 0 0.876335 -0.174097 0.449140
-0.306654 1.064371 -5.543890 123 165 142 0 0.490003 0.150658 -0.858603
-0.362082 1.210154 -5.677524 98 127 90 0 0.824556 0.228787 -0.517459
-0.387898 1.068926 -5.690432 70 94 31 0 -0.777427 -0.064428 0.625664
-0.245152 0.757619 -5.356346 94 132 71 0 0.690312 -0.499766 -0.523166
-0.422825 0.602725 -5.536296 74 103 38 0 -0.628834 0.413139 0.658699
-0.433455 1.188894 -5.739785 51 53 33 0 -0.711779 -0.142958 0.687702
-0.251226 1.141059 -5.404940 138 167 152 0 -0.127248 -0.879301 0.458952
-0.334748 1.007424 -5.610706 99 106 62 0 -0.970530 -0.047731 0.236207
-0.302099 1.168393 -5.551482 115 155 130 0 0.770902 0.350704 -0.531712
-0.545829 0.674857 -5.663857 59 76 48 0 0.538668 -0.435907 -0.720987
-0.448641 0.803935 -5.726118 72 101 21 0 -0.744904 0.664837 0.055761
-0.402324 0.880623 -5.700302 85 117 67 0 0.872455 -0.261585 -0.412791
-0.223133 0.717377 -5.289528 77 106 35 0 -0.846185 0.054547 0.530090
-0.275524 0.952756 -5.467201 122 165 138 0 0.539637 0.278472 -0.794509
-0.394731 0.682450 -5.552241 107 134 104 0 0.861462 -0.362153 0.355989
-0.264134 0.596650 -5.367735 83 95 58 0 -0.746697 -0.540824 0.387237
-0.441048 1.018054 -5.718525 108 146 114 0 0.515191 0.101890 -0.850998
-0.336266 0.813047 -5.495295 115 148 123 0 0.902937 0.412971 -0.118992
-0.149482 0.997553 -5.294844 78 66 60 0 -0.481451 -0.393915 0.782966
-0.463067 0.758378 -5.667653 90 131 93 0 0.623583 -0.158538 -0.765513
-0.531403 0.558686 -5.602355 51 52 42 0 -0.515533 0.324004 0.793251
-0.204910 0.859363 -5.322937 111 146 111 0 0.840012 -0.168002 -0.515901
-0.280839 1.113724 -5.498332 122 164 139 0 0.958087 0.149329 -0.244477
-0.316525 0.699154 -5.442904 179 171 132 0 -0.714028 0.189688 0.673931
-0.391694 1.138781 -5.700302 67 98 23 0 -0.816968 0.176032 0.549159
-0.170742 0.872271 -5.262194 114 156 116 0 0.873935 -0.245183 -0.419669
-0.228448 1.068926 -5.395069 128 159 123 0 0.857691 0.467149 -0.214798
-0.356767 0.930736 -5.618299 66 97 24 0 -0.799433 0.413389 0.435908
-0.441807 0.934533 -5.717007 121 157 134 0 0.511334 -0.518040 -0.685691
-0.444844 0.650560 -5.586410 73 104 36 0 -0.693769 0.380667 0.611374
-0.397769 0.770527 -5.602355 72 100 32 0 -0.769480 0.340378 0.540410
-0.431177 1.248118 -5.693469 98 131 103 0 0.774720 -0.085757 -0.626462
-0.305136 0.901124 -5.549204 132 144 134 0 0.618690 0.055469 -0.783674
-0.481290 0.690043 -5.660060 75 102 37 0 -0.418568 0.902494 0.101513
-0.128981 0.927699 -5.270546 72 68 51 0 0.649226 0.015292 0.760442
-0.179853 0.763693 -5.231063 109 149 108 0 0.892654 -0.030874 -0.449683
-0.343859 0.566279 -5.363938 79 101 40 0 0.172703 0.473827 0.863517
-0.196558 0.990720 -5.353309 113 156 128 0 0.379847 0.254721 -0.889288
-0.340822 1.193449 -5.619818 70 99 21 0 -0.863348 0.071363 0.499538
-0.287672 1.008943 -5.500610 123 166 141 0 0.930235 -0.118493 -0.347306
-0.372712 0.865438 -5.646393 95 137 103 0 0.048310 0.997331 -0.054751
-0.358286 0.585261 -5.472517 82 128 89 0 0.743982 -0.624944 -0.236508
-0.346137 0.715099 -5.496054 72 105 29 0 -0.789761 0.228084 0.569435
-0.330951 1.068167 -5.638800 151 158 147 0 0.134302 -0.119783 -0.983674
-0.269449 0.905680 -5.426959 119 159 132 0 0.976528 -0.064453 -0.205521
-0.356767 1.260267 -5.641078 67 60 29 0 -0.782275 -0.164928 0.600703
-0.270968 0.809250 -5.408736 110 144 108 0 0.822291 -0.316024 -0.473250
-0.383342 1.027166 -5.645634 107 147 119 0 0.788782 -0.190711 -0.584339
-0.431177 0.516166 -5.527945 79 86 49 0 -0.618912 0.110258 0.777683
-0.248948 0.682450 -5.332048 103 139 95 0 0.797791 0.109788 -0.592854
-0.220096 0.925421 -5.355587 112 155 126 0 0.647967 -0.220153 -0.729158
-0.471419 0.580705 -5.572742 75 104 35 0 -0.576414 0.245249 0.779487
-0.357526 0.821399 -5.549963 113 154 124 0 0.789865 -0.181106 -0.585930
-0.188965 0.671060 -5.262194 103 120 96 0 0.278304 0.038688 -0.959713
-0.323359 0.642967 -5.426959 87 116 69 0 -0.127907 0.925608 -0.356215
-0.286913 0.725729 -5.399625 104 144 108 0 0.610041 -0.650154 -0.452935
-0.164668 0.827473 -5.225749 98 135 88 0 0.667081 -0.182489 0.722288
-0.246671 1.018054 -5.416329 66 93 21 0 -0.911637 0.135835 0.387901
-0.482809 0.769768 -5.759527 76 97 36 0 0.814564 -0.578214 0.046426
-0.460789 0.926940 -5.780787 59 68 29 0 -0.381577 -0.285052 0.879286
-0.373471 1.043111 -5.588687 112 147 127 0 0.292576 0.846767 -0.444282
-0.387898 0.829751 -5.604632 100 140 108 0 0.834066 0.078416 -0.546064
-0.406121 0.912513 -5.653986 123 161 137 0 0.721242 -0.672448 -0.166206
-0.313488 1.112206 -5.575020 65 96 19 0 -0.855991 -0.048557 0.514705
-0.229966 0.814565 -5.342679 107 148 107 0 0.746697 -0.387237 -0.540824
-0.340063 0.863919 -5.514277 125 148 130 0 0.263659 -0.405281 -0.875347
-0.321840 1.013499 -5.555279 127 156 140 0 0.964052 -0.229660 0.133644
-0.453956 1.041592 -5.775472 74 95 28 0 0.995427 -0.086511 0.040518
-0.427381 1.131947 -5.751934 62 73 30 0 -0.745992 -0.104468 0.657709
-0.327914 0.613355 -5.382921 93 92 44 0 0.001279 0.387428 0.921899
-0.297543 0.823677 -5.457331 103 147 110 0 0.299175 -0.008618 -0.954159
-0.251226 1.116002 -5.455053 121 160 124 0 0.953077 -0.262596 -0.150626
-0.340822 0.525277 -5.400384 90 123 95 0 -0.126894 -0.931917 -0.339747
-0.163149 0.740915 -5.187025 61 66 60 0 0.893616 -0.434846 -0.111174
-0.362841 0.965663 -5.562112 122 142 122 0 0.824888 0.054993 -0.562616
-0.364360 1.155485 -5.659301 65 86 28 0 -0.854781 -0.071819 0.513995
-0.471419 0.821399 -5.769397 84 94 80 0 0.673238 -0.738435 0.038268
-0.525329 0.727248 -5.671450 78 117 62 0 0.954543 0.246980 -0.166878
-0.293746 1.223061 -5.553760 52 44 38 0 -0.729596 -0.254805 0.634637
-0.441807 0.881383 -5.732193 130 165 146 0 0.839219 -0.371766 0.396864
-0.132778 0.841900 -5.189302 109 117 115 0 0.818008 0.286224 -0.498938
-0.329433 0.762175 -5.493776 84 109 50 0 -0.911637 0.387901 0.135835
-0.289950 1.062093 -5.496814 123 163 141 0 0.449871 -0.379428 -0.808487
-0.394731 0.641448 -5.523388 77 109 36 0 -0.791739 0.340688 0.507033
-0.403084 0.734081 -5.562112 90 131 96 0 0.863348 -0.071363 -0.499538
-0.277801 0.855567 -5.423922 100 144 109 0 -0.244407 0.641765 -0.726913
-0.402324 0.570835 -5.505166 77 105 36 0 -0.524360 0.331934 0.784134
-0.395491 1.015017 -5.691191 64 95 25 0 -0.772270 -0.079690 0.630277
-0.538996 0.598928 -5.628930 92 101 66 0 -0.159009 0.459520 0.873818
-0.403843 1.204839 -5.701062 63 89 28 0 -0.753357 -0.239633 0.612396
-0.435733 1.295953 -5.713969 79 70 58 0 -0.427199 -0.030609 0.903639
-0.357526 1.108409 -5.661579 111 128 69 0 -0.577934 0.119116 0.807343
-0.438011 0.841141 -5.689672 103 140 113 0 0.847185 0.031683 -0.530352
-0.324118 0.929977 -5.581854 117 142 118 0 0.920544 -0.388499 -0.040825
-0.264134 0.996794 -5.455812 125 167 143 0 0.317755 0.102373 -0.942630
-0.485846 1.025647 -5.745100 102 134 100 0 0.015319 0.213285 -0.976870
-0.299821 0.932255 -5.504406 119 161 135 0 0.919552 0.269102 -0.286371
-0.255023 0.633855 -5.341160 99 140 97 0 0.856281 0.006742 -0.516466
-0.431937 0.776601 -5.633485 95 133 99 0 0.666235 -0.592765 -0.452505
-0.325636 1.108409 -5.530222 126 168 141 0 0.758805 0.316035 -0.569505
-0.245911 1.168393 -5.442145 51 57 58 0 0.483324 -0.783986 -0.389569
-0.358286 0.547297 -5.445941 55 74 54 0 0.749054 -0.646979 -0.142606
-0.442567 0.970219 -5.747378 84 111 32 0 -0.873412 -0.109711 0.474463
-0.425862 0.978571 -5.700302 115 155 130 0 0.840547 0.142790 -0.522582
-0.444085 0.557167 -5.543130 77 104 40 0 -0.660901 0.086078 0.745520
-0.487364 0.780398 -5.715488 87 127 87 0 0.920487 -0.357267 -0.158318
-0.386379 1.252674 -5.699543 92 125 102 0 0.679207 -0.086179 -0.728870
-0.225411 0.759897 -5.304714 81 108 39 0 -0.846861 0.001346 0.531813
-0.195039 0.715099 -5.250805 113 151 104 0 0.887417 -0.039290 -0.459289
-0.224651 1.021851 -5.369254 73 103 23 0 -0.862685 -0.125718 0.489866
-0.274005 1.169911 -5.512759 75 104 25 0 -0.827492 0.078605 0.555949
-0.406880 1.103094 -5.724599 67 98 28 0 -0.896903 -0.110885 0.428099
-0.289191 0.605762 -5.407977 92 98 74 0 0.047153 -0.975695 -0.214000
-0.267171 0.709784 -5.361660 96 139 104 0 0.924432 -0.087720 -0.371122
-0.460030 0.674098 -5.620577 75 107 37 0 -0.449871 0.808487 0.379428
-0.239078 0.903402 -5.395069 104 144 100 0 0.419923 -0.403956 -0.812702
-0.447881 0.797861 -5.679801 94 136 102 0 0.887484 -0.325861 -0.325861
-0.444085 1.064371 -5.719285 101 141 105 0 -0.373094 -0.357613 -0.856104
-0.362841 0.978571 -5.641837 62 94 20 0 -0.786002 0.403535 0.468360
-0.326396 1.063611 -5.582613 118 160 140 0 0.918439 -0.355205 -0.174065
-0.327155 1.161559 -5.594002 65 92 23 0 -0.475961 -0.699747 0.532743
-0.160112 0.914032 -5.243971 79 99 33 0 0.863656 0.403449 0.302203
-0.242115 0.724210 -5.327493 121 146 112 0 0.898811 -0.198929 -0.390598
-0.370434 0.794824 -5.580335 72 104 37 0 -0.830141 0.149455 0.537150
-0.373471 0.713580 -5.533259 74 107 30 0 -0.818468 0.238912 0.522524
-0.318044 1.202561 -5.585650 86 112 41 0 -0.769041 -0.215084 0.601926
-0.272486 0.770527 -5.392791 114 155 119 0 0.954956 -0.086814 -0.283766
-0.182891 1.011980 -5.315344 76 94 28 0 -0.645226 -0.032332 0.763307
-0.193521 0.844937 -5.285732 77 107 29 0 -0.865024 0.159539 0.475690
-0.536718 0.633855 -5.650949 89 95 65 0 -0.404562 0.515940 0.755073
-0.203391 0.901124 -5.326734 71 101 28 0 -0.887715 0.030982 0.459349
-0.223133 0.676375 -5.293325 102 137 93 0 0.722223 0.015366 -0.691490
-0.386379 0.608799 -5.499851 73 104 36 0 -0.778362 0.204994 0.593405
-0.170742 0.971738 -5.320659 95 137 101 0 -0.212287 0.196266 -0.957295
-0.370434 0.677894 -5.513518 102 131 96 0 0.896224 -0.009212 -0.443506
-0.396250 1.227617 -5.664616 101 134 113 0 0.832795 0.096368 0.545129
-0.204151 0.750785 -5.267509 93 130 75 0 0.962957 0.268647 0.023307
-0.406121 0.939088 -5.694987 63 91 24 0 -0.941130 -0.182730 0.284400
-0.292987 0.674098 -5.421644 105 143 115 0 0.854193 0.467160 -0.228289
-0.409917 0.872271 -5.661579 114 154 129 0 0.917490 -0.393973 -0.054756
-0.418269 0.646763 -5.555279 72 103 33 0 -0.705892 0.485613 0.515651
-0.278561 0.906439 -5.474794 115 153 117 0 0.888502 -0.117617 -0.443543
-0.246671 1.103854 -5.388995 125 163 142 0 0.183594 0.846322 -0.500032
-0.255782 0.947441 -5.433033 112 149 112 0 0.790822 -0.293191 -0.537252
-0.327155 0.975534 -5.576539 117 118 72 0 -0.786002 0.468360 0.403535
-0.333229 0.737878 -5.462646 96 132 105 0 0.933077 0.300767 0.197247
-0.280839 1.208635 -5.516555 46 52 52 0 0.844996 0.367050 -0.388917
-0.326396 0.866956 -5.555279 154 153 108 0 -0.658391 0.752644 -0.006930
-0.227688 1.086390 -5.359383 95 119 102 0 0.767968 0.633391 0.095082
-0.500272 0.586780 -5.598558 85 109 50 0 -0.540252 0.405599 0.737304
-0.368916 1.279249 -5.672968 66 70 73 0 0.166206 -0.672448 -0.721242
-0.356767 1.005146 -5.570464 120 153 134 0 -0.015319 -0.976870 0.213285
-0.471419 0.724970 -5.646393 89 129 92 0 0.547936 -0.213342 -0.808858
-0.286913 0.970219 -5.499851 62 96 15 0 -0.547506 -0.731652 0.406108
-0.365879 0.892013 -5.619059 68 97 26 0 -0.840584 0.048790 0.539479
-0.267171 1.151689 -5.479350 123 166 138 0 0.888679 -0.365926 -0.276312
-0.337026 0.606521 -5.438349 88 130 96 0 0.921583 -0.253686 -0.293817
-0.338544 0.933773 -5.546167 183 172 175 0 0.237301 -0.347945 -0.906986
-0.245152 1.086390 -5.424681 130 169 148 0 0.199324 -0.746307 -0.635056
-0.296784 1.138781 -5.527945 127 161 141 0 0.846591 -0.490449 -0.206743
-0.439529 1.214709 -5.710173 95 114 97 0 0.992660 -0.118676 0.023291
-0.387139 0.943644 -5.637281 109 149 121 0 0.976723 0.135968 0.165906
-0.501791 0.651319 -5.639559 82 108 44 0 -0.538343 0.461675 0.705013
-0.513180 0.692320 -5.680561 96 116 68 0 0.381500 0.767870 0.514619
-0.184409 1.064371 -5.326734 123 140 108 0 0.762926 0.316413 -0.563762
-0.407639 1.050704 -5.717007 83 114 38 0 -0.626716 -0.275883 0.728777
-0.335507 0.668783 -5.459609 87 129 91 0 0.715676 0.176237 -0.675831
-0.317284 0.835066 -5.521870 93 123 78 0 0.992612 0.048338 -0.111289
-0.431177 1.156244 -5.721562 116 151 127 0 0.577040 0.134989 -0.805483
-0.356767 0.908717 -5.585650 116 156 131 0 0.954956 -0.283766 0.086814
-0.420547 0.690802 -5.585650 72 104 33 0 -0.766015 0.364384 0.529571
-0.325636 1.228377 -5.620577 110 139 90 0 0.846564 0.268872 -0.459388
-0.173779 0.901124 -5.285732 83 118 58 0 -0.966993 -0.244570 -0.071490
-0.205669 0.958071 -5.338123 119 159 133 0 0.410600 0.465780 -0.783873
-0.353730 1.076519 -5.610706 124 145 132 0 -0.362371 -0.931992 -0.008900
-0.305136 0.888976 -5.514277 119 160 133 0 0.956644 0.001219 -0.291258
-0.272486 1.089427 -5.471757 133 173 153 0 0.840189 0.299735 -0.451931
-0.221614 0.869234 -5.357105 109 146 114 0 0.881749 -0.136205 -0.451627
-0.364360 1.055259 -5.660060 69 91 29 0 -0.758619 0.212538 0.615893
-0.246671 0.817603 -5.375328 91 119 63 0 -0.673945 -0.023819 0.738397
-0.453956 0.847215 -5.738266 85 115 94 0 0.619586 -0.481900 0.619586
-0.340822 1.031721 -5.637281 83 96 40 0 0.958087 -0.149329 0.244477
-0.491161 0.740155 -5.682079 83 121 86 0 0.348112 -0.697859 -0.625948
-0.345378 0.964904 -5.606151 69 101 25 0 -0.863827 0.236686 0.444728
-0.306654 1.035518 -5.516555 123 161 140 0 0.238041 -0.785691 0.570987
-0.285394 0.629300 -5.380643 88 123 82 0 0.918629 0.212870 -0.332878
-0.132778 0.953515 -5.295603 148 136 103 0 -0.809250 0.006846 0.587425
-0.419029 0.876827 -5.763323 125 162 141 0 0.380905 -0.088110 -0.920407
-0.327155 1.236729 -5.555279 109 128 117 0 -0.468358 -0.435719 -0.768629
-0.383342 1.175226 -5.682839 68 93 25 0 -0.829305 0.182116 0.528287
-0.351452 0.791787 -5.530222 97 137 101 0 0.753685 0.001378 -0.657235
-0.346137 1.186616 -5.655504 103 137 86 0 0.680257 0.220497 -0.699022
-0.264134 1.025647 -5.477072 129 172 148 0 0.608728 0.347611 -0.713174
-0.183650 0.803176 -5.243971 104 145 105 0 0.749730 0.079758 -0.656920
-0.236800 1.048426 -5.432274 113 137 93 0 0.872073 -0.071161 -0.484175
-0.402324 0.796343 -5.631207 73 101 33 0 -0.822849 0.356726 0.442341
-0.425103 0.746989 -5.605391 89 127 96 0 0.820436 -0.055072 -0.569080
-0.244393 0.997553 -5.385958 115 159 132 0 0.222994 -0.887544 -0.403161
-0.503309 0.552612 -5.581854 86 106 48 0 -0.544775 0.300182 0.783014
-0.238318 0.980090 -5.432274 105 140 89 0 0.924721 -0.252976 -0.284420
-0.470660 0.624744 -5.594002 80 107 45 0 -0.641007 0.395867 0.657570
-0.158593 0.785713 -5.210563 105 143 97 0 0.818311 -0.373404 -0.436962
-0.402324 0.850252 -5.628930 105 145 119 0 0.735527 -0.441316 -0.514043
-0.439529 0.617151 -5.562871 78 107 38 0 -0.594965 0.299888 0.745711
-0.382583 1.108409 -5.686635 65 97 24 0 -0.808970 0.103490 0.578669
-0.287672 1.084871 -5.524148 127 159 138 0 0.856104 -0.373094 -0.357613
-0.376509 1.000591 -5.666893 65 97 23 0 -0.871673 0.190910 0.451376
-0.339304 0.632337 -5.460368 89 135 98 0 0.882871 -0.436328 0.173656
-0.150241 0.857845 -5.221193 108 141 85 0 0.791075 -0.046700 -0.609934
-0.214021 1.053741 -5.365457 125 158 120 0 0.845943 0.481443 -0.229331
-0.396250 1.058296 -5.647152 108 147 113 0 -0.095293 -0.719831 0.687578
-0.352971 1.157763 -5.622855 120 153 134 0 0.977014 -0.022501 -0.211983
-0.431937 1.258748 -5.725359 55 59 42 0 -0.692695 -0.230898 0.683271
-0.481290 1.062852 -5.752693 72 79 72 0 0.804037 0.173479 -0.568709
-0.360564 0.833548 -5.585650 72 102 26 0 -0.765235 0.330259 0.552580
-0.412195 1.275452 -5.701821 87 108 48 0 -0.523920 -0.120458 0.843207
-0.469901 1.008183 -5.768638 66 69 45 0 -0.085976 -0.031561 0.995797
-0.173779 0.732563 -5.217396 115 154 102 0 0.940146 -0.016449 -0.340376
-0.225411 0.789509 -5.321418 109 150 113 0 0.852716 0.001343 -0.522373
-0.330192 1.261785 -5.621336 132 124 113 0 0.859475 -0.071506 -0.506151
-0.502550 0.709025 -5.713210 68 97 31 0 -0.471863 0.646502 0.599484
-0.305136 0.796343 -5.474035 72 103 26 0 -0.760062 -0.340495 0.553506
-0.367397 1.008943 -5.613744 110 150 128 0 0.713232 0.127096 -0.689308
-0.302858 0.999072 -5.527945 120 160 139 0 0.316965 -0.125437 -0.940106
-0.413714 0.540463 -5.509721 108 143 112 0 0.619173 0.286388 -0.731168
-0.222373 0.977053 -5.373050 127 166 141 0 0.602766 0.324815 -0.728813
-0.236041 0.933773 -5.382921 117 156 122 0 0.821456 -0.370211 -0.433767
-0.393972 0.764453 -5.569705 87 128 92 0 0.881461 -0.278753 -0.381213
-0.478253 0.800898 -5.745100 94 124 92 0 0.706905 -0.706905 -0.023891
-0.447122 1.119799 -5.729155 118 156 129 0 -0.357159 0.119053 -0.926425
-0.266412 1.025647 -5.441386 126 168 144 0 0.979808 -0.031912 0.197380
-0.160871 0.933773 -5.286491 73 115 66 0 0.308760 -0.505099 -0.805942
-0.293746 0.749267 -5.420125 108 151 119 0 0.365037 0.149651 -0.918887
-0.211743 0.815325 -5.308511 88 121 62 0 -0.008939 0.371596 0.928352
-0.441807 1.004387 -5.747378 84 115 37 0 -0.110608 -0.626779 0.771307
-0.352211 0.682450 -5.487702 98 120 78 0 0.673238 -0.038268 -0.738435
-0.306654 0.730285 -5.446701 89 106 39 0 -0.784345 0.198005 0.587875
-0.412954 1.087149 -5.697265 101 138 110 0 0.913927 -0.080121 -0.397891
-0.354489 0.740155 -5.522629 73 103 30 0 -0.809742 0.318509 0.492818
-0.406121 1.043870 -5.683598 102 140 112 0 0.696582 -0.070962 -0.713960
-0.198836 1.023369 -5.351031 118 159 128 0 0.388389 0.341968 -0.855694
-0.450919 0.892772 -5.767879 136 152 138 0 0.928213 0.001270 0.372047
-0.246671 0.789509 -5.351790 110 155 117 0 0.873858 -0.031258 -0.485175
-0.304376 0.842659 -5.487702 92 113 62 0 -0.754698 -0.373274 0.539535
-0.393972 1.085631 -5.662338 110 145 114 0 0.299275 0.206542 -0.931545
-0.466104 1.043870 -5.727637 102 142 104 0 0.449766 0.022688 -0.892858
-0.447881 0.739396 -5.631967 97 137 102 0 0.823939 -0.175594 -0.538787
-0.343859 0.888216 -5.533259 117 149 131 0 0.815862 0.397553 -0.419906
-0.332470 0.548815 -5.427719 81 94 76 0 0.706994 -0.237764 -0.666054
-0.466104 0.944403 -5.755730 111 152 115 0 0.699346 0.255317 -0.667629
-0.340063 1.106131 -5.594761 120 160 134 0 0.388659 0.562489 -0.729760
-0.239837 0.611836 -5.325974 51 56 38 0 0.644803 -0.683981 -0.341174
-0.380305 0.860123 -5.609947 111 147 121 0 0.824815 -0.214970 -0.522942
-0.290709 0.799380 -5.429996 114 154 129 0 0.859115 -0.305839 0.410346
-0.336266 1.032481 -5.593243 127 154 138 0 0.600477 0.046625 -0.798281
-0.287672 0.696876 -5.389754 96 140 99 0 0.829699 -0.078543 -0.552657
-0.269449 0.674857 -5.354068 106 138 104 0 0.792146 -0.254674 -0.554658
-0.387139 0.891253 -5.668412 103 138 86 0 -0.635568 0.413202 -0.652163
-0.499513 0.714340 -5.661579 54 98 46 0 0.315996 -0.768336 -0.556602
-0.190483 0.678653 -5.232582 94 109 45 0 -0.744836 -0.316917 0.587182
-0.283876 0.851771 -5.458849 71 103 26 0 -0.863546 0.119258 0.489965
-0.241356 1.135744 -5.433033 96 97 62 0 0.356169 -0.167526 0.919282
-0.208706 0.697635 -5.271306 110 149 110 0 0.791522 0.023648 -0.610682
-0.385620 0.798620 -5.606151 69 100 26 0 -0.752462 0.355916 0.554189
-0.367397 0.620188 -5.479350 70 103 33 0 -0.743247 0.189274 0.641685
-0.427381 1.183579 -5.709414 112 149 119 0 0.646738 0.199115 -0.736263
-0.261856 0.836585 -5.400384 113 151 127 0 0.317174 -0.577996 -0.751878
-0.257301 0.964145 -5.407218 124 161 135 0 0.236926 -0.883628 0.403817
-0.376509 0.917828 -5.647912 101 132 85 0 -0.095565 0.245920 -0.964568
-0.502550 0.762934 -5.738266 89 95 87 0 0.888905 -0.420448 -0.181855
-0.358286 1.210154 -5.641837 63 92 23 0 -0.870070 -0.127994 0.476022
-0.307414 0.644485 -5.401903 133 110 74 0 -0.775198 0.238643 0.584908
-0.280839 0.886698 -5.446701 126 156 137 0 0.871193 -0.476367 -0.118734
-0.311969 1.141818 -5.575020 61 91 21 0 -0.616984 0.070471 0.783814
-0.341581 0.577668 -5.442904 84 124 76 0 0.718686 0.199377 -0.666137
-0.346896 0.845696 -5.537056 118 154 131 0 0.858676 -0.048396 -0.510228
-0.391694 0.907198 -5.693469 91 123 74 0 0.884290 -0.283753 -0.370831
-0.420547 0.815325 -5.676005 76 102 30 0 -0.793348 0.333621 0.509211
-0.300580 0.702950 -5.418607 82 109 39 0 -0.920739 0.024744 0.389393
-0.411436 1.131947 -5.726877 63 92 23 0 -0.867233 -0.014836 0.497681
-0.331711 0.703710 -5.473276 87 126 81 0 0.766875 -0.015310 -0.641614
-0.338544 0.891253 -5.568186 67 95 23 0 -0.773061 0.380858 0.507271
-0.195798 0.928458 -5.339642 110 131 91 0 0.817441 -0.269366 -0.509149
-0.156316 0.888976 -5.226508 124 162 133 0 0.822591 -0.491682 -0.285644
-0.358286 1.008943 -5.642597 66 98 24 0 -0.780500 0.184815 0.597212
-0.406880 0.990720 -5.679042 104 145 116 0 0.938812 -0.055990 -0.339848
-0.425862 0.868475 -5.688154 110 149 125 0 0.697710 -0.047085 -0.714832
-0.318044 0.917828 -5.521870 115 155 132 0 0.965822 0.183285 -0.183285
-0.443326 1.069686 -5.763323 76 96 29 0 -0.491076 0.006690 0.871091
-0.183650 0.875308 -5.294084 107 143 107 0 0.792488 -0.268347 -0.547680
-0.314247 0.759138 -5.467961 122 126 69 0 -0.786191 0.269416 0.556163
-0.479772 0.764453 -5.692709 83 120 85 0 0.705619 -0.159333 -0.690445
-0.234522 0.841900 -5.363938 122 145 116 0 0.892858 -0.449766 0.022688
-0.425862 1.039314 -5.735989 78 106 34 0 -0.709541 0.189313 0.678758
-0.204910 0.650560 -5.274343 87 108 52 0 -0.540500 -0.192279 0.819078
-0.260338 0.881383 -5.414811 106 148 116 0 0.979557 0.134643 -0.149466
-0.387898 0.992238 -5.641837 101 143 116 0 0.877761 0.103183 -0.467856
-0.144926 0.815325 -5.193858 87 108 40 0 -0.806656 0.088025 0.584429
-0.468382 0.650560 -5.606910 79 103 41 0 -0.654483 0.570359 0.496330
-0.327155 1.048426 -5.555279 124 162 136 0 0.897156 -0.411974 -0.159335
-0.355249 1.259507 -5.608428 59 67 71 0 -0.302170 -0.756225 -0.580359
-0.192761 0.775842 -5.253083 109 152 117 0 0.928179 -0.127505 -0.349609
-0.381824 0.575390 -5.484665 75 109 35 0 -0.743806 0.038253 0.667300
-0.410676 1.011221 -5.714729 72 103 25 0 -0.905111 0.127698 0.405546
-0.382583 1.198005 -5.662338 101 131 82 0 0.245446 0.968216 0.048102
-0.224651 1.034758 -5.394310 127 166 137 0 0.915337 -0.016927 -0.402332
-0.420547 0.573872 -5.526426 71 102 36 0 -0.782789 0.158368 0.601798
-0.174538 0.837344 -5.250046 100 133 93 0 0.797967 -0.103575 -0.593734
-0.449400 0.830511 -5.716248 100 140 107 0 0.981424 -0.166199 -0.095837
-0.305895 0.929977 -5.560594 105 138 109 0 0.888679 -0.276312 -0.365926
-0.330951 1.005146 -5.581094 137 156 150 0 0.617751 0.246786 -0.746646
-0.327155 0.791028 -5.509721 111 132 85 0 -0.078737 0.979971 0.182912
-0.432696 1.105372 -5.758008 87 97 34 0 -0.656264 -0.046978 0.753067
-0.303617 0.858604 -5.516555 111 151 119 0 0.692674 -0.596790 -0.405024
-0.259578 0.794065 -5.385958 104 144 102 0 0.889428 -0.445417 -0.102572
-0.359045 1.045388 -5.612225 110 147 129 0 0.886133 0.198388 -0.418819
-0.382583 1.225339 -5.701062 102 136 100 0 0.830599 0.112007 -0.545490
-0.337785 0.586780 -5.391273 73 96 28 0 -0.906621 -0.213237 0.364099
-0.319562 0.612595 -5.417848 72 111 77 0 0.393476 0.094599 -0.914455
-0.285394 1.194968 -5.540093 80 107 38 0 -0.610370 0.158244 0.776149
-0.444085 0.859363 -5.709414 113 151 126 0 0.922170 0.102463 -0.372966
-0.308932 0.670301 -5.443664 82 114 82 0 0.159552 -0.547250 -0.821621
-0.263375 1.173708 -5.463405 130 169 142 0 0.694645 0.237849 -0.678893
-0.519254 0.668023 -5.663857 82 106 46 0 -0.460052 0.529808 0.712500
-0.269449 0.930736 -5.452016 122 162 138 0 0.742711 -0.567190 -0.355916
-0.277042 0.822158 -5.436830 81 113 42 0 -0.867818 0.374983 0.326006
-0.403843 1.165356 -5.698024 108 149 117 0 0.509056 0.492365 -0.706002
-0.280839 1.037036 -5.502888 124 166 142 0 0.126435 0.515913 -0.847259
-0.377268 0.652838 -5.505166 76 109 36 0 -0.743247 0.189274 0.641685
-0.298302 1.109169 -5.530222 123 162 143 0 0.878860 0.180467 -0.441631
-0.220096 0.951237 -5.363938 124 164 136 0 0.995076 -0.047385 -0.087055
-0.313488 0.980849 -5.553760 119 161 141 0 0.767822 0.531818 -0.357239
-0.195039 1.037796 -5.318381 56 48 28 0 -0.794254 -0.110109 0.597526
-0.426621 0.750026 -5.644875 71 102 32 0 -0.032370 0.992314 0.119435
-0.440289 1.273174 -5.698024 87 100 89 0 0.682625 0.636789 -0.358501
-0.440289 0.680172 -5.603114 77 105 39 0 -0.678806 0.451981 0.578736
-0.259578 1.057537 -5.420885 130 165 143 0 0.920544 0.388499 0.040825
-0.403084 0.702950 -5.568946 73 108 41 0 -0.726441 0.385358 0.569018
-0.354489 1.084112 -5.650189 85 106 42 0 -0.698384 -0.064799 0.712784
-0.373471 1.242044 -5.665375 72 100 27 0 -0.680732 0.064763 0.729664
-0.380305 1.039314 -5.677524 72 102 29 0 -0.767314 0.038154 0.640135
-0.416751 1.227617 -5.716248 73 98 33 0 -0.655378 0.206064 0.726648
-0.152519 0.913273 -5.271306 89 128 91 0 0.821872 -0.568774 0.031985
-0.229966 0.896568 -5.370772 121 163 134 0 0.720508 -0.172861 -0.671556
-0.238318 0.643726 -5.316103 103 146 109 0 0.667208 0.117393 -0.735563
-0.516977 0.627022 -5.634244 88 113 48 0 -0.434316 0.530096 0.728263
-0.157834 0.966423 -5.297881 77 115 64 0 0.562648 0.769855 -0.301248
-0.333229 1.131947 -5.594761 122 161 135 0 0.980201 -0.118998 -0.158255
-0.256541 1.083353 -5.451256 128 170 147 0 0.926571 0.062480 -0.370894
-0.244393 1.111446 -5.415570 132 170 148 0 0.896301 0.078478 -0.436447
-0.166946 0.761415 -5.203729 81 108 29 0 -0.667229 0.373977 0.644164
-0.302099 1.030203 -5.549204 129 160 140 0 0.332572 -0.910581 -0.245436
-0.272486 0.730285 -5.377605 101 142 103 0 0.935438 -0.237015 -0.262259
-0.343100 0.769008 -5.519592 80 102 39 0 -0.825772 0.245416 0.507811
-0.274005 1.136503 -5.509721 75 106 20 0 -0.864066 0.220900 0.452320
-0.402324 0.822158 -5.625892 106 145 118 0 0.723806 -0.286007 -0.627937
-0.450919 0.589817 -5.559075 84 108 50 0 -0.600841 0.332001 0.727163
-0.443326 0.781157 -5.660060 99 134 104 0 0.728263 -0.530096 -0.434316
-0.441048 1.090186 -5.722322 104 144 112 0 0.834092 0.493082 -0.247309
-0.428140 0.800139 -5.622855 89 125 94 0 0.824870 0.292696 -0.483652
-0.318044 1.198764 -5.559834 106 140 90 0 0.964280 -0.212690 -0.157886
-0.468382 1.008183 -5.736748 102 143 103 0 0.729246 0.104599 -0.676210
-0.379546 0.549575 -5.471757 45 53 40 0 0.758216 0.253790 0.600583
-0.330951 1.229136 -5.591724 74 97 25 0 -0.830141 -0.149455 0.537150
-0.526847 0.706747 -5.697265 79 88 52 0 -0.023838 0.691313 0.722162
-0.545829 0.698395 -5.674487 50 62 43 0 0.481422 -0.672649 -0.561939
-0.310451 0.813806 -5.495295 81 103 38 0 -0.799801 0.308834 0.514723
-0.332470 0.737118 -5.488461 91 114 49 0 -0.799433 0.435908 0.413389
-0.187446 0.824436 -5.268269 94 130 75 0 0.732357 0.500913 -0.461236
-0.235281 0.769008 -5.333567 94 130 73 0 0.810178 0.475920 -0.342217
-0.312729 1.178264 -5.578816 73 104 28 0 -0.721471 0.189213 0.666092
-0.376509 0.880623 -5.594761 111 151 127 0 0.499533 0.080207 -0.862574
-0.404602 0.601965 -5.518074 81 108 41 0 -0.646462 0.293555 0.704211
-0.461549 0.521481 -5.544649 88 100 59 0 -0.541019 0.118120 0.832674
-0.322599 1.087909 -5.575020 120 162 138 0 0.999999 0.000978 0.000978
-0.374231 0.734840 -5.547686 71 101 31 0 -0.825046 0.279174 0.491285
-0.287672 0.786472 -5.407977 133 160 141 0 0.656618 -0.751447 0.064656
-0.479772 0.598928 -5.588687 83 111 48 0 -0.576046 0.284056 0.766475
-0.261097 1.143336 -5.447460 127 167 143 0 0.875906 0.039504 -0.480863
-0.269449 1.116002 -5.475554 133 169 150 0 0.861032 -0.101382 -0.498342
-0.491920 1.001350 -5.749656 96 117 90 0 0.821874 0.561879 -0.093887
-0.273246 0.593613 -5.391273 52 57 36 0 -0.835539 -0.184509 0.517524
-0.335507 0.817603 -5.524907 113 154 126 0 0.782471 -0.252461 -0.569212
-0.447881 0.700673 -5.625133 76 105 37 0 -0.702669 0.206302 0.680953
-0.392454 1.276212 -5.685876 89 101 46 0 -0.695574 -0.023888 0.718057
-0.173779 0.716618 -5.197655 81 91 59 0 0.612138 -0.461200 0.642325
-0.368156 0.962626 -5.622855 105 147 119 0 0.658324 0.038225 -0.751763
-0.465345 0.820640 -5.735229 102 140 107 0 0.453006 -0.580048 -0.677001
-0.478253 0.675616 -5.638041 78 105 45 0 -0.572964 0.452692 0.683214
-0.350693 1.239007 -5.628930 73 99 22 0 -0.899819 -0.095666 0.425646
-0.311210 0.595891 -5.392791 189 114 109 0 0.785478 0.221545 0.577877
-0.204910 0.775842 -5.275102 111 151 117 0 0.839489 -0.214047 -0.499443
-0.308932 0.871512 -5.537815 220 185 198 0 0.762325 0.191732 -0.618142
-0.426621 1.037036 -5.707895 101 141 108 0 0.640577 -0.006918 -0.767863
-0.373471 0.782675 -5.550723 128 142 127 0 0.323064 -0.647752 -0.689961
-0.428899 0.986164 -5.733711 82 109 37 0 -0.734307 -0.006941 0.678782
-0.335507 1.051463 -5.618299 73 93 30 0 -0.885003 0.001319 0.465583
-0.203391 1.071964 -5.341160 147 138 133 0 -0.460538 0.758822 -0.460538
-0.516217 0.601965 -5.619059 82 106 47 0 -0.538503 0.410053 0.736119
-0.194280 0.985405 -5.329011 70 101 28 0 -0.799385 0.094301 0.593373
-0.358286 1.181301 -5.632726 119 156 132 0 0.229169 0.055148 -0.971823
-0.325636 1.087149 -5.543130 123 162 131 0 -0.713646 -0.699458 0.038307
-0.224651 1.008943 -5.395829 107 139 90 0 0.738126 0.001380 -0.674661
-0.280079 0.992998 -5.483147 122 157 117 0 0.364824 -0.483753 -0.795541
-0.363601 0.702191 -5.513518 75 107 36 0 -0.799967 0.261437 0.540095
-0.370434 1.081834 -5.669172 61 93 25 0 -0.799631 -0.167154 0.576758
-0.326396 0.956552 -5.554519 135 157 146 0 0.766093 0.641016 0.046904
-0.292228 0.940607 -5.482387 120 161 139 0 0.719702 0.268498 -0.640264
-0.378786 1.134225 -5.679801 67 99 21 0 -0.799624 0.387745 0.458537
-0.426621 0.888216 -5.783824 146 178 159 0 0.981870 -0.188955 0.015070
-0.457752 0.843418 -5.780027 74 79 76 0 0.699161 -0.699161 -0.149497
-0.288431 0.800898 -5.455053 100 143 103 0 0.974830 0.062379 0.214047
-0.444085 1.028684 -5.750415 78 106 30 0 -0.522664 -0.071849 0.849506
-0.461549 0.966423 -5.765601 84 100 39 0 -0.569351 0.001359 0.822094
-0.437252 0.958071 -5.722322 104 139 91 0 0.922406 0.134546 -0.362027
-0.385620 0.529833 -5.456572 48 62 37 0 0.563495 -0.604108 -0.563495
-0.346137 0.989961 -5.623614 68 98 24 0 -0.572270 -0.255562 0.779228
-0.286913 1.086390 -5.497573 127 167 145 0 0.849506 -0.071849 -0.522664
-0.219336 0.977812 -5.348753 119 162 134 0 0.854712 0.491570 -0.166809
-0.349174 0.982368 -5.589447 116 155 133 0 0.934259 0.109515 -0.339362
-0.400806 0.747748 -5.594002 69 101 27 0 -0.793649 0.357543 0.492223
-0.397769 0.923143 -5.676005 64 93 22 0 -0.862751 0.379857 0.333720
-0.275524 1.052222 -5.475554 129 171 148 0 0.955176 -0.102945 -0.277561
-0.332470 0.593613 -5.368494 88 108 53 0 0.986936 -0.062049 0.148684
-0.510143 0.746989 -5.695746 84 117 69 0 0.236810 -0.285023 -0.928807
-0.349934 1.125114 -5.645634 89 105 46 0 -0.803048 0.015204 0.595721
-0.264134 0.973256 -5.449738 65 95 20 0 -0.812144 -0.338526 0.475208
-0.391694 0.912513 -5.629689 117 154 131 0 0.524881 -0.636270 -0.565386
-0.420547 1.064371 -5.701062 103 143 109 0 0.862574 -0.080207 -0.499533
-0.247430 0.917069 -5.413292 69 99 26 0 -0.802272 0.023637 0.596490
-0.251226 0.601965 -5.344956 60 65 41 0 0.101998 -0.926145 0.363114
-0.257301 0.730285 -5.353309 97 138 92 0 0.807967 -0.270364 -0.523538
-0.393213 0.658912 -5.540093 88 131 90 0 0.903153 -0.149340 -0.402508
-0.150241 0.915551 -5.221952 57 62 64 0 0.879023 -0.474372 0.047847
-0.255023 0.659671 -5.337363 100 144 100 0 0.656144 0.070662 -0.751320
-0.431177 1.002109 -5.699543 107 146 120 0 0.467405 -0.823073 -0.322619
-0.302858 0.955793 -5.517314 116 152 119 0 0.332851 -0.031882 -0.942440
-0.427381 0.661949 -5.574261 77 107 35 0 -0.692377 0.325920 0.643732
-0.342341 0.841141 -5.506684 108 144 119 0 0.688180 -0.394424 0.608965
-0.231485 0.702191 -5.306233 100 137 81 0 0.859618 -0.119511 -0.496764
-0.412954 0.912513 -5.703340 65 95 23 0 -0.861513 -0.299457 0.410025
-0.395491 0.549575 -5.493017 87 130 89 0 0.751763 0.038225 -0.658324
-0.433455 0.810769 -5.695746 70 101 24 0 -0.857181 0.316616 0.406196
-0.210984 0.882901 -5.340401 121 156 128 0 0.869789 -0.220067 -0.441631
-0.383342 0.821399 -5.582613 104 147 119 0 0.491254 -0.833129 -0.254097
-0.215540 0.740155 -5.285732 100 134 77 0 0.979395 -0.156851 -0.127210
-0.331711 0.947441 -5.597039 147 147 95 0 -0.729889 0.491558 0.475007
-0.184409 0.712062 -5.229545 116 149 93 0 0.938143 -0.103049 -0.330558
-0.190483 0.894291 -5.306992 80 109 39 0 -0.742182 0.172211 0.647695
-0.164668 0.860123 -5.240175 89 118 54 0 -0.871091 -0.006690 0.491076
-0.300580 1.105372 -5.553760 65 96 22 0 -0.777683 0.110258 0.618912
-0.342341 1.239766 -5.573502 105 114 111 0 -0.158224 -0.881119 -0.445640
-0.297543 0.910995 -5.493776 121 160 138 0 0.548984 0.072347 -0.832696
-0.418269 1.021851 -5.690432 106 146 114 0 0.899227 -0.205496 -0.386216
-0.229207 1.093224 -5.401144 124 159 139 0 0.183209 0.850506 -0.493025
-0.276283 0.746989 -5.400384 103 143 104 0 0.938812 0.055990 -0.339848
-0.412954 0.630818 -5.538574 73 104 34 0 -0.647967 0.220153 0.729158
-0.226170 0.736359 -5.306992 111 148 118 0 0.890077 -0.300682 -0.342568
-0.257301 1.172949 -5.489221 103 114 55 0 -0.888225 0.388319 0.245489
-0.352971 1.175226 -5.606910 121 157 129 0 0.625695 0.618986 -0.474723
-0.421306 1.204079 -5.720803 84 100 49 0 -0.752442 -0.182364 0.632910
-0.326396 0.778879 -5.472517 229 184 203 0 0.862566 -0.483095 -0.150329
-0.463827 0.562482 -5.559834 79 105 45 0 -0.538933 0.300467 0.786938
-0.140371 0.926940 -5.243971 90 91 85 0 0.626303 -0.745004 0.229593
-0.285394 1.163837 -5.532500 72 104 24 0 -0.865024 0.159539 0.475690
-0.426621 0.713580 -5.586410 91 133 96 0 0.576758 -0.167154 -0.799631
-0.346137 0.844937 -5.560594 64 96 21 0 -0.667208 -0.117393 0.735563
-0.322599 1.042351 -5.532500 129 156 134 0 -0.648167 -0.467283 -0.601271
-0.292987 0.699154 -5.442145 130 145 126 0 0.909278 -0.270010 0.316715
-0.237559 0.989961 -5.411014 131 165 147 0 0.801126 -0.374073 -0.467190
-0.532922 0.581465 -5.614503 97 108 66 0 -0.346689 0.418850 0.839269
-0.347656 1.103094 -5.638041 121 134 79 0 -0.943556 0.230035 0.238299
-0.398528 1.040074 -5.661579 107 147 113 0 0.894975 0.096039 -0.435656
-0.335507 1.206357 -5.638800 101 134 87 0 0.828470 0.536944 -0.159150
-0.317284 0.556408 -5.405699 57 7 12 0 0.940218 0.197432 -0.277509
-0.450919 0.863919 -5.754211 126 160 136 0 0.974949 -0.222274 0.008232
-0.494957 0.789509 -5.757249 72 79 68 0 0.427310 -0.737480 0.523000
-0.315766 0.809250 -5.457331 96 142 106 0 -0.038694 0.032419 -0.998725
-0.431177 0.543500 -5.529463 83 109 40 0 -0.619093 0.347934 0.704035
-0.190483 0.743952 -5.237138 87 120 53 0 -0.733967 0.206380 0.647070
-0.351452 0.985405 -5.558316 148 159 148 0 -0.150455 -0.968315 -0.199321
-0.318803 0.939848 -5.528704 126 164 141 0 0.790933 -0.316692 -0.523575
-0.155556 0.762175 -5.182469 77 77 75 0 0.889982 0.096403 -0.445689
-0.418269 0.958830 -5.691191 112 152 125 0 0.896224 0.009212 -0.443506
-0.464586 0.785713 -5.734470 81 110 26 0 -0.681717 0.477370 0.554419
-0.409158 1.229136 -5.683598 106 144 118 0 0.101691 0.508455 -0.855063
-0.431177 1.128910 -5.715488 117 153 125 0 0.142062 -0.142062 -0.979611
-0.395491 1.108409 -5.705617 68 100 25 0 -0.799631 0.167154 0.576758
-0.213262 1.005146 -5.358624 69 102 21 0 -0.856545 0.001340 0.516071
-0.257301 0.768249 -5.372291 80 114 45 0 -0.873818 0.459520 0.159009
-0.213262 0.788750 -5.297122 85 117 54 0 -0.531778 0.739220 0.413239
-0.407639 1.245840 -5.703340 77 104 38 0 -0.372531 -0.070767 0.925318
-0.430418 0.800139 -5.654745 90 131 99 0 0.844552 0.086876 -0.528379
-0.271727 0.624744 -5.363179 95 136 96 0 0.862751 0.333720 -0.379857
-0.149482 0.832788 -5.207526 95 125 69 0 -0.761503 0.420873 0.492930
-0.255023 0.999831 -5.435311 65 97 19 0 -0.864673 0.103989 0.491453
-0.389416 0.858604 -5.660060 102 142 107 0 -0.269441 -0.389861 -0.880574
-0.382583 0.690043 -5.534778 77 108 41 0 -0.760671 0.364928 0.536849
-0.166946 0.895809 -5.255361 76 108 35 0 -0.166612 0.925466 0.340224
-0.348415 1.218506 -5.619818 68 97 21 0 -0.927503 0.078965 0.365380
-0.452437 0.949718 -5.736748 112 153 121 0 0.800161 -0.223552 -0.556567
-0.242115 1.154726 -5.420885 56 62 59 0 0.674190 -0.015354 -0.738398
-0.223892 0.839622 -5.344197 99 139 91 0 0.934187 0.001261 -0.356781
-0.276283 0.688524 -5.372291 87 126 76 0 0.912818 -0.223518 -0.341766
-0.174538 0.790268 -5.228026 99 138 93 0 0.712113 -0.269233 -0.648389
-0.355249 0.567797 -5.458849 84 128 84 0 0.616892 -0.135925 -0.775222
-0.359804 1.025647 -5.585650 119 150 134 0 0.954208 -0.292522 0.062592
-0.397009 0.873790 -5.643356 118 156 134 0 0.703437 -0.101755 0.703437
-0.231485 0.877586 -5.382921 99 136 80 0 0.974834 0.157638 -0.157638
-0.242115 0.747748 -5.334326 100 144 108 0 0.878784 -0.253871 -0.404090
-0.182891 0.919347 -5.294844 82 125 82 0 0.190655 0.895058 0.403140
-0.418269 0.892013 -5.667653 115 153 130 0 0.575846 0.214591 -0.788893
-0.407639 0.947441 -5.669172 117 146 128 0 0.830300 -0.475125 -0.291306
-0.304376 0.711303 -5.458090 73 104 26 0 -0.650154 -0.610041 0.452935
-0.378027 0.933014 -5.612225 122 145 127 0 0.932849 -0.315584 -0.173780
-0.384861 0.715858 -5.552241 71 104 32 0 -0.782539 0.348688 0.515801
-0.340063 1.202561 -5.588687 111 143 99 0 -0.522373 0.852716 0.001343
-0.373471 0.595891 -5.486184 90 132 92 0 -0.095169 -0.663255 -0.742318
-0.310451 1.139540 -5.553001 120 159 132 0 0.905111 -0.127698 -0.405546
-0.255023 1.132706 -5.473276 129 168 146 0 -0.442460 -0.093517 -0.891899
-0.323359 0.797102 -5.486943 210 182 192 0 0.141348 -0.971607 0.189737
-0.362082 1.030203 -5.650949 63 94 23 0 -0.840533 0.102363 0.532001
-0.277801 0.651319 -5.366976 92 127 82 0 0.944987 0.158628 0.286072
-0.233763 1.050704 -5.406458 133 171 150 0 0.931917 0.339747 -0.126894
-0.374231 0.955033 -5.650949 78 109 30 0 -0.622911 -0.104063 0.775341
-0.215540 0.832029 -5.322178 83 113 39 0 -0.867398 0.172301 0.466834
-0.428899 0.942126 -5.701062 112 150 127 0 0.930908 0.032368 -0.363818
-0.457752 1.060574 -5.739026 89 131 95 0 0.935570 -0.253880 -0.245464
-0.347656 1.155485 -5.589447 121 159 134 0 0.819066 -0.292859 0.493319
-0.174538 0.987683 -5.306233 70 100 25 0 -0.737313 0.332196 0.588230
-0.393972 1.018813 -5.663097 100 140 112 0 0.690228 -0.006944 -0.723559
-0.418269 1.175226 -5.732193 79 102 30 0 -0.459158 0.181596 0.869596
-0.415991 1.297472 -5.704858 90 92 89 0 -0.293691 -0.694908 -0.656391
-0.352211 0.598928 -5.452016 72 101 31 0 -0.738228 0.006925 0.674516
-0.324118 1.070445 -5.562112 121 162 137 0 0.921636 0.318643 -0.221479
-0.419029 1.147892 -5.739785 67 93 33 0 -0.903544 -0.355853 0.238700
-0.415232 0.760656 -5.619059 72 103 30 0 -0.751508 0.331310 0.570500
-0.412195 1.071204 -5.722322 65 95 21 0 -0.632800 -0.085828 0.769543
-0.335507 0.910995 -5.576539 83 105 38 0 -0.682278 0.388221 0.619501
-0.429659 0.835066 -5.670690 101 134 107 0 0.900850 -0.434034 -0.009179
-0.481290 0.656634 -5.628170 79 109 41 0 -0.579178 0.548784 0.602818
-0.469142 0.789509 -5.761045 74 91 31 0 -0.402679 0.891752 -0.206465
-0.226170 1.059815 -5.344956 132 166 146 0 0.994649 0.054456 -0.087796
-0.185168 0.964145 -5.341160 112 148 123 0 0.965065 -0.111502 -0.237101
-0.349174 1.057537 -5.634244 92 105 51 0 -0.800924 0.151203 0.579360
-0.375749 0.633855 -5.493776 71 103 30 0 -0.705821 0.244748 0.664767
-0.166946 0.947441 -5.302436 73 109 49 0 -0.221459 -0.221459 0.949691
-0.297543 0.625503 -5.403421 124 97 85 0 0.602149 0.761679 -0.239295
-0.337026 1.085631 -5.600836 114 151 124 0 0.571935 -0.183565 -0.799496
-0.298302 0.663468 -5.398107 92 120 72 0 0.861032 0.101382 -0.498342
-0.330951 1.182060 -5.604632 79 106 30 0 -0.769947 0.055710 0.635671
-0.303617 0.977053 -5.519592 124 163 139 0 0.773920 0.110560 -0.623558
-0.242874 0.941366 -5.417089 101 138 84 0 0.934439 -0.284394 0.214346
-0.272486 0.905680 -5.454294 119 155 134 0 0.915302 -0.024879 -0.402000
-0.461549 0.611077 -5.580335 82 111 47 0 -0.751855 0.158843 0.639909
-0.169983 1.027166 -5.307751 110 94 87 0 -0.451026 0.886597 -0.102570
-0.405361 0.819880 -5.647152 115 153 130 0 0.556567 -0.800161 -0.223552
-0.321081 0.888216 -5.543130 124 122 71 0 -0.826108 0.485670 0.285780
-0.312729 1.021091 -5.530982 123 164 138 0 0.748971 0.023799 -0.662175
-0.231485 1.065889 -5.364698 74 97 23 0 -0.825738 -0.316140 0.467132
-0.198836 1.011221 -5.333567 70 100 25 0 -0.783605 -0.204753 0.586549
-0.236800 0.682450 -5.314585 102 139 99 0 0.682369 0.120418 -0.721022
-0.346137 1.095501 -5.618299 119 156 135 0 0.690783 0.213628 -0.690783
-0.214781 0.904921 -5.344197 74 102 41 0 -0.759916 -0.451354 0.467767
-0.296784 0.587539 -5.415570 109 126 101 0 0.682683 -0.525012 0.508238
-0.179094 0.849493 -5.266750 99 137 85 0 0.841263 -0.040192 -0.539129
-0.179094 0.951996 -5.320659 91 134 94 0 0.565116 -0.190403 -0.802739
-0.192761 0.694598 -5.246249 116 152 108 0 0.863517 0.172703 -0.473827
-0.432696 0.584502 -5.540093 85 108 50 0 -0.647647 0.079688 0.757762
-0.278561 0.885179 -5.424681 107 145 93 0 0.323520 0.931683 0.165231
-0.474457 0.742433 -5.657782 83 125 85 0 0.918036 -0.009038 -0.396395
-0.337785 1.242803 -5.606151 55 46 22 0 -0.851663 0.023240 0.523574
-0.302858 0.869234 -5.497573 125 164 142 0 0.878819 -0.475516 0.039513
-0.439529 0.996035 -5.718525 109 148 119 0 0.753279 0.198718 -0.626962
-0.284635 1.027925 -5.473276 129 170 148 0 0.840645 0.190987 0.506793
-0.251986 0.862401 -5.417848 102 144 111 0 -0.166063 0.333522 -0.928001
-0.299821 1.188894 -5.556797 72 101 28 0 -0.760760 0.430279 0.485905
-0.324118 0.951996 -5.578057 115 119 63 0 -0.840645 -0.190987 0.506793
-0.381824 1.216987 -5.677524 81 105 41 0 -0.678782 -0.006941 0.734307
-0.393213 0.937570 -5.657782 121 149 127 0 0.808487 -0.379428 -0.449871
-0.292987 1.065889 -5.517314 126 163 141 0 0.953023 -0.294524 -0.070737
-0.469901 1.048426 -5.762564 51 54 50 0 0.712239 -0.618139 -0.332595
-0.366638 0.857086 -5.591724 110 149 124 0 0.808221 -0.236439 -0.539329
-0.379546 0.897328 -5.645634 73 103 29 0 -0.849522 0.063188 0.523755
-0.376509 0.756100 -5.562112 76 105 33 0 -0.838776 0.197271 0.507482
-0.257301 0.922384 -5.430756 97 121 74 0 0.870385 -0.103651 0.481338
-0.302858 0.723451 -5.416329 108 149 121 0 0.032419 -0.998725 0.038694
-0.507865 0.718895 -5.730674 74 93 39 0 -0.214126 0.947881 0.235947
-0.324877 0.717377 -5.448219 135 141 120 0 0.309778 -0.589059 -0.746356
-0.275524 0.611077 -5.379883 101 143 110 0 0.748514 0.475430 -0.462269
-0.296024 1.047666 -5.537815 131 161 144 0 0.956161 -0.016039 -0.292400
-0.374990 0.980090 -5.664616 71 104 26 0 -0.485900 -0.532654 0.692951
-0.367397 0.933773 -5.635763 66 98 24 0 -0.696072 0.079925 0.713510
-0.454715 1.109169 -5.751174 112 135 118 0 0.698384 -0.712784 0.064799
-0.324118 0.857845 -5.534778 132 135 94 0 -0.694573 -0.703652 0.149810
-0.327914 0.995276 -5.562871 135 156 142 0 0.617251 -0.640670 -0.456665
-0.406121 1.266341 -5.719285 90 122 98 0 0.743578 0.506160 -0.436914
-0.186687 0.916310 -5.323696 93 135 95 0 0.837081 -0.142701 -0.528140
-0.404602 1.147133 -5.714729 70 99 26 0 -0.847185 -0.031683 0.530352
-0.276283 0.976293 -5.471757 124 165 139 0 0.994865 -0.063360 -0.078922
-0.377268 0.660430 -5.527185 87 129 91 0 0.087122 -0.151569 -0.984600
-0.255023 1.109169 -5.436071 129 169 143 0 0.973097 -0.229875 -0.015484
-0.431177 0.921625 -5.701062 124 162 135 0 0.648552 -0.457506 -0.608332
-0.406121 1.186616 -5.710173 77 105 31 0 -0.721727 -0.111149 0.683195
-0.192002 0.858604 -5.302436 98 134 87 0 0.941856 -0.276369 -0.191121
-0.305895 0.653597 -5.432274 91 102 76 0 0.316035 -0.569505 -0.758805
-0.340063 1.063611 -5.597799 112 150 127 0 0.980491 0.001149 -0.196558
-0.357526 0.945163 -5.603873 103 142 117 0 0.604025 0.229436 -0.763225
-0.277042 1.071204 -5.483906 128 170 145 0 0.849441 0.318346 -0.420838
-0.226929 0.957311 -5.382161 123 163 140 0 0.919133 -0.300624 -0.254596
-0.445604 0.765212 -5.643356 96 137 102 0 0.864797 -0.317963 -0.388621
-0.476734 0.960348 -5.748897 110 146 106 0 0.380944 -0.247539 -0.890846
-0.466864 0.692320 -5.640319 73 102 37 0 -0.619132 0.571896 0.538155
-0.387139 1.196486 -5.682079 72 93 31 0 -0.659702 -0.142760 0.737844
-0.441048 1.137262 -5.737507 118 146 127 0 0.530344 0.212443 -0.820734
-0.497235 0.754582 -5.709414 96 129 98 0 0.753201 -0.524463 -0.397023
-0.461549 0.837344 -5.754211 112 145 117 0 0.713510 -0.696072 -0.079925
-0.143408 0.872271 -5.202970 111 117 117 0 0.927081 0.040535 -0.372663
-0.379546 1.205598 -5.704099 97 127 78 0 0.832825 0.204793 -0.514258
-0.354489 1.242803 -5.650949 112 147 129 0 0.014596 -0.449818 -0.893001
-0.396250 0.590576 -5.503647 83 108 46 0 -0.768514 0.135796 0.625257
-0.483568 0.638411 -5.612225 83 105 44 0 -0.636789 0.358501 0.682625
-0.242115 0.662708 -5.322178 106 146 99 0 0.837137 0.096206 -0.538467
-0.291469 0.647523 -5.386717 98 119 78 0 0.760271 0.198935 -0.618395
-0.349934 1.002109 -5.593243 112 151 131 0 0.960991 0.064403 -0.268977
-0.252745 0.873031 -5.396588 96 133 75 0 0.641258 0.421398 -0.641258
-0.398528 1.075001 -5.706377 67 94 26 0 -0.855542 0.063010 0.513885
-0.233003 1.033240 -5.416329 111 137 95 0 0.972458 0.047586 -0.228168
-0.355249 0.656634 -5.502129 89 132 92 0 0.997999 0.001036 0.063217
-0.232244 0.983127 -5.392791 72 102 28 0 -0.879461 -0.022896 0.475421
-0.224651 1.033999 -5.343438 123 155 106 0 0.609408 0.759032 0.229112
-0.519254 0.725729 -5.690432 54 92 43 0 0.023415 -0.827774 -0.560573
-0.387139 1.235969 -5.680561 78 107 33 0 -0.679987 -0.095462 0.726984
-0.383342 0.782675 -5.589447 76 100 33 0 -0.791739 0.340688 0.507033
-0.321081 0.855567 -5.507443 140 155 147 0 0.618986 0.474723 -0.625695
-0.322599 0.873031 -5.517314 141 153 148 0 0.001225 -0.300017 -0.953933
-0.251986 0.710543 -5.338123 119 144 113 0 0.936985 -0.103216 -0.333776
-0.487364 0.577668 -5.586410 78 103 42 0 -0.562279 0.531886 0.633198
-0.388657 1.066648 -5.670690 104 138 112 0 0.709550 -0.032445 -0.703908
-0.333989 0.756860 -5.468720 103 134 106 0 -0.593742 -0.079070 -0.800761
-0.467623 0.988442 -5.769397 54 56 35 0 -0.309779 -0.213592 0.926507
-0.278561 0.838103 -5.411014 101 145 109 0 0.976981 0.182486 0.110485
-0.493439 0.541222 -5.568946 88 105 56 0 -0.406808 0.558331 0.723031
-0.375749 0.876827 -5.630448 68 100 22 0 -0.838009 0.283467 0.466249
-0.239078 1.065889 -5.423163 131 173 151 0 0.809329 0.513885 -0.284444
-0.341581 0.930736 -5.593243 66 94 22 0 -0.816511 0.246348 0.522133
-0.229966 1.143336 -5.410255 54 56 67 0 0.276230 -0.338271 -0.899594
-0.443326 1.090186 -5.764842 72 84 33 0 -0.142790 -0.522582 0.840547
-0.426621 1.103094 -5.718525 112 151 125 0 0.924432 0.087720 -0.371122
-0.237559 1.003628 -5.426959 131 165 149 0 0.405534 -0.840818 -0.358561
-0.373471 0.811528 -5.556038 95 139 107 0 0.331123 -0.141517 -0.932915
-0.263375 0.949718 -5.452016 112 154 121 0 0.932001 0.293798 -0.212266
-0.205669 1.049944 -5.344956 117 144 99 0 -0.072167 0.839123 0.539133
-0.201873 0.838863 -5.302436 93 130 79 0 0.842954 0.486261 0.230174
-0.362082 0.989201 -5.612225 110 150 125 0 0.960332 -0.008520 -0.278728
-0.280079 0.925421 -5.470239 121 161 138 0 0.834066 -0.078416 -0.546064
-0.326396 0.920106 -5.553001 120 127 82 0 -0.364928 -0.760671 0.536849
-0.367397 1.266341 -5.656264 61 53 22 0 -0.738435 -0.038268 0.673238
-0.298302 1.018054 -5.514277 127 166 147 0 0.879286 0.285052 -0.381577
-0.268690 1.039314 -5.462646 133 173 153 0 0.690492 -0.046982 -0.721813
-0.290709 0.887457 -5.481628 107 141 91 0 0.979808 -0.031912 0.197380
-0.338544 1.027925 -5.618299 114 124 69 0 -0.535832 0.576399 0.616967
-0.432696 0.635374 -5.563631 77 107 41 0 -0.633855 0.311283 0.708047
-0.473697 0.545778 -5.558316 87 113 52 0 -0.444283 0.570746 0.690552
-0.368156 0.829751 -5.568186 104 145 114 0 0.823419 -0.182146 -0.537405
-0.315006 0.984646 -5.534778 125 165 143 0 0.736065 -0.672185 -0.079849
-0.365879 1.134984 -5.665375 69 95 29 0 -0.694338 0.015368 0.719485
-0.299821 0.750785 -5.441386 118 118 68 0 -0.902627 0.308755 0.299891
-0.369675 1.173708 -5.663097 91 113 44 0 -0.776717 -0.228812 0.586818
-0.243633 1.080316 -5.398866 128 168 142 0 -0.612794 -0.261269 -0.745803
-0.415232 0.836585 -5.651708 106 147 123 0 0.715147 -0.032443 -0.698221
-0.288431 1.149411 -5.509721 123 163 136 0 0.705390 0.398124 -0.586448
-0.351452 1.068926 -5.664616 81 99 42 0 -0.191121 -0.941856 0.276369
-0.466104 0.777360 -5.688154 93 129 94 0 0.844663 -0.503808 -0.180892
-0.209466 0.675616 -5.279658 107 141 90 0 0.783393 0.125876 -0.608647
-0.243633 0.964904 -5.421644 130 162 140 0 0.798273 -0.530607 -0.284985
-0.332470 0.627781 -5.434552 99 128 103 0 0.894454 0.102183 -0.435329
-0.412195 0.726488 -5.577298 92 133 100 0 0.805942 -0.505099 -0.308760
-0.321840 0.680931 -5.453534 97 124 89 0 0.930751 -0.307443 -0.197943
-0.454715 0.723451 -5.623614 84 127 81 0 0.663255 0.095169 -0.742318
-0.387898 1.090946 -5.692709 67 98 28 0 -0.809344 0.032039 0.586461
-0.229966 0.933773 -5.401144 101 134 82 0 0.633198 -0.562279 -0.531886
-0.412954 0.664986 -5.557557 77 104 36 0 -0.824259 0.389101 0.411336
-0.391694 0.942126 -5.682839 118 146 129 0 0.110485 -0.976981 0.182486
-0.406121 0.777360 -5.620577 69 99 31 0 -0.804507 0.284962 0.521119
-0.330192 0.722692 -5.474035 74 101 31 0 -0.800924 0.151203 0.579360
-0.322599 0.635374 -5.409496 87 94 40 0 -0.489580 0.867700 0.086065
-0.361323 0.548056 -5.466442 98 133 84 0 0.564297 0.031889 -0.824956
-0.449400 0.904161 -5.783064 47 57 21 0 -0.601764 -0.347360 0.719181
-0.343859 0.879105 -5.549963 115 153 132 0 0.936476 0.040153 0.348426
-0.414473 1.116002 -5.736748 63 91 26 0 -0.837352 -0.378615 0.394325
-0.135815 0.942885 -5.279658 86 105 56 0 0.040609 0.810785 0.583933
-0.404602 0.972497 -5.683598 109 147 118 0 0.490532 0.500509 -0.713350
-0.315006 1.219265 -5.577298 89 101 48 0 -0.856870 0.261185 0.444473
-0.348415 0.648282 -5.464923 74 109 48 0 -0.853595 0.119879 0.506957
-0.258819 0.750026 -5.366976 97 142 104 0 0.481242 -0.109957 -0.869664
-0.340063 0.754582 -5.507443 73 103 31 0 -0.782218 0.269133 0.561875
-0.337026 1.208635 -5.608428 78 108 39 0 -0.697754 -0.237835 0.675703
-0.353730 1.145614 -5.637281 112 151 128 0 0.977422 0.204183 -0.054368
-0.384101 0.832788 -5.622855 68 99 26 0 -0.832753 0.474747 0.284848
-0.359804 0.888976 -5.587169 118 157 132 0 0.532378 -0.442819 -0.721447
-0.253504 1.049185 -5.441386 126 166 135 0 0.894454 -0.435329 -0.102183
-0.363601 0.913273 -5.619818 76 97 33 0 -0.852716 0.001343 0.522373
-0.349174 0.616392 -5.458849 101 127 91 0 0.767741 0.277020 -0.577784
-0.320321 0.837344 -5.502888 204 174 193 0 -0.174034 -0.395532 -0.901813
-0.214021 1.005906 -5.380643 123 162 138 0 0.902546 0.229659 -0.364236
-0.308173 0.664227 -5.414052 119 120 66 0 -0.634284 0.395807 0.664094
-0.164668 0.811528 -5.235619 104 146 106 0 -0.094630 0.995250 -0.022842
-0.408399 1.029443 -5.710932 68 99 26 0 -0.475920 -0.342217 0.810178
-0.215540 0.659671 -5.289528 100 142 89 0 0.687701 0.156365 -0.708955
-0.323359 1.262544 -5.602355 84 79 80 0 0.964929 0.001199 -0.262509
-0.397009 1.056018 -5.702580 73 102 33 0 -0.427310 0.523000 0.737480
-0.207947 1.030203 -5.370013 117 150 110 0 0.776891 0.467437 -0.421834
-0.227688 0.999831 -5.369254 123 163 137 0 0.956075 -0.023622 -0.292169
-0.242115 0.802417 -5.365457 97 134 74 0 0.619649 -0.182070 -0.763469
-0.280839 0.876068 -5.467961 122 145 123 0 0.678405 0.156322 -0.717865
-0.446363 0.823677 -5.691950 90 133 97 0 0.631920 -0.064482 -0.772347
-0.365119 0.901883 -5.600836 109 147 124 0 0.928212 0.339928 -0.151233
-0.274764 0.861641 -5.445941 76 108 30 0 -0.770129 0.181476 0.611529
-0.270209 0.749267 -5.382921 106 147 108 0 0.970772 -0.070669 -0.229365
-0.445604 1.125114 -5.754211 50 53 52 0 0.977134 0.001162 -0.212622
-0.320321 0.899606 -5.518833 118 157 133 0 0.609623 -0.275365 -0.743326
-0.199595 0.873790 -5.310029 74 103 27 0 -0.835441 0.324458 0.443583
-0.398528 0.877586 -5.675246 77 105 27 0 -0.870489 -0.039630 0.490590
-0.289191 0.769008 -5.414052 120 157 133 0 0.586519 -0.119068 -0.801135
-0.448641 0.793305 -5.710932 72 105 24 0 -0.730414 0.604648 0.317642
-0.365119 1.198764 -5.656264 74 100 30 0 -0.781002 0.001373 0.624527
-0.383342 0.967941 -5.631967 109 149 121 0 0.761679 -0.239295 -0.602149
-0.419029 0.811528 -5.634244 100 134 103 0 0.325463 -0.896137 -0.301684
-0.314247 1.161559 -5.563631 121 161 135 0 0.371726 0.190887 -0.908505
-0.396250 1.207116 -5.717766 90 126 92 0 0.634974 0.135959 -0.760475
-0.363601 1.165356 -5.640319 113 152 126 0 0.595275 0.239048 -0.767140
-0.313488 0.594372 -5.419366 58 93 44 0 0.569902 0.118668 -0.813099
-0.288431 0.958830 -5.485425 118 162 136 0 0.939287 0.134184 -0.315807
-0.371194 1.265581 -5.685117 89 119 70 0 0.730182 0.001380 -0.683251
-0.452437 0.993757 -5.758008 74 100 31 0 -0.697359 -0.055846 0.714543
-0.309691 0.573872 -5.404940 103 116 88 0 0.775973 -0.619300 0.119722
-0.260338 0.815325 -5.395069 111 131 88 0 -0.578214 -0.046426 -0.814564
-0.420547 1.212431 -5.701062 99 132 101 0 0.117948 0.387147 -0.914443
-0.164668 0.874549 -5.218915 117 158 124 0 -0.496645 0.530089 -0.687277
-0.468382 0.709784 -5.635004 94 129 92 0 0.475130 -0.585938 -0.656452
-0.236800 1.122836 -5.403421 102 120 117 0 0.548671 -0.609447 -0.572306
-0.371194 1.100057 -5.670690 61 91 25 0 -0.714476 -0.110943 0.690808
-0.406121 1.021851 -5.676764 100 141 111 0 0.523574 -0.023240 -0.851663
-0.406880 0.895809 -5.691191 60 92 19 0 -0.886710 -0.064613 0.457790
-0.158593 0.803935 -5.209044 85 114 39 0 -0.847982 0.278557 0.450923
-0.247430 0.889735 -5.404940 79 110 33 0 -0.769177 0.586714 0.253246
-0.221614 1.050704 -5.385958 115 149 96 0 0.948461 -0.031658 -0.315309
-0.198836 0.740915 -5.253083 80 115 44 0 -0.901730 0.236063 0.362158
-0.327914 1.026406 -5.566668 127 166 146 0 0.878860 -0.441631 0.180467
-0.276283 1.013499 -5.483147 126 167 144 0 0.738398 -0.015354 -0.674190
-0.304376 1.208635 -5.566668 76 102 30 0 -0.774356 -0.094789 0.625610
-0.435733 0.874549 -5.756489 52 71 21 0 -0.767822 0.357239 0.531818
-0.388657 0.625503 -5.506684 74 107 37 0 -0.814029 0.150305 0.561040
-0.370434 1.242044 -5.684357 91 126 86 0 0.926923 0.048647 -0.372084
-0.293746 1.149411 -5.542371 77 104 27 0 -0.902331 0.204877 0.379241
-0.343859 0.680931 -5.470239 77 102 35 0 -0.767870 0.381500 0.514619
-0.453197 0.537426 -5.546926 77 103 41 0 -0.151127 -0.007836 0.988483
-0.264134 1.100816 -5.460368 132 173 152 0 0.689254 -0.379994 -0.616874
-0.249708 0.832788 -5.387476 88 121 57 0 -0.985926 -0.054969 0.157888
-0.447881 1.050704 -5.761045 72 94 36 0 -0.736807 0.237224 0.633120
-0.188206 0.797861 -5.260675 110 145 101 0 0.908257 -0.077851 -0.411106
-0.294506 0.688524 -5.409496 97 140 102 0 0.902331 -0.204877 -0.379241
-0.269449 1.187375 -5.511999 89 94 35 0 -0.832979 0.174970 0.524911
-0.459271 0.945163 -5.772435 79 96 35 0 -0.450177 -0.230358 0.862714
-0.154797 0.927699 -5.260675 82 99 39 0 -0.355021 0.854221 0.379826
-0.264134 1.073482 -5.470239 134 177 153 0 0.900566 0.078370 -0.427597
-0.310451 0.614873 -5.396588 170 77 73 0 0.243848 0.166563 0.955403
-0.351452 0.774323 -5.534778 95 108 50 0 -0.806209 0.243882 0.539026
-0.371194 1.019573 -5.662338 70 102 28 0 -0.784215 0.110349 0.610599
-0.238318 1.103094 -5.433033 116 147 99 0 0.940777 0.269386 0.205838
-0.286913 1.106131 -5.513518 125 167 142 0 0.896178 0.014561 -0.443456
-0.457752 0.636133 -5.588687 78 107 38 0 -0.713174 0.347611 0.608728
-0.148723 0.794065 -5.197655 98 135 96 0 0.849441 -0.318346 -0.420838
-0.315766 0.682450 -5.432274 175 163 126 0 -0.421921 0.214662 0.880853
-0.305895 0.910995 -5.510481 118 158 134 0 0.689615 -0.189760 -0.698872
-0.334748 0.971738 -5.539334 124 164 143 0 0.485190 -0.748344 0.452296
-0.431937 1.015017 -5.736748 84 112 38 0 -0.626962 0.198718 0.753279
-0.318044 0.747748 -5.486943 91 133 97 0 0.664118 0.101606 -0.740691
-0.375749 1.213191 -5.655504 115 154 122 0 0.744492 -0.348727 -0.569317
-0.337026 0.646004 -5.448978 79 117 64 0 -0.007924 -0.986024 0.166413
-0.217058 0.855567 -5.339642 93 120 63 0 -0.859078 0.430304 0.277171
-0.334748 0.796343 -5.525666 72 103 27 0 -0.778326 0.023755 0.627411
-0.236800 1.021851 -5.430756 113 143 96 0 0.815934 0.023550 -0.577665
-0.321081 1.061334 -5.622096 98 134 104 0 0.970772 0.229365 0.070669
-0.373471 0.859363 -5.627411 69 101 23 0 -0.836029 -0.213938 0.505259
-0.311969 0.560205 -5.429996 90 89 71 0 -0.356474 0.104367 0.928458
-0.476734 0.942126 -5.770157 79 84 80 0 0.793346 -0.292952 0.533648
-0.181372 0.750026 -5.219674 79 108 30 0 -0.920699 0.009014 0.390170
-0.353730 0.974016 -5.625892 66 98 23 0 -0.767822 0.357239 0.531818
-0.448641 1.075760 -5.732193 94 136 99 0 0.697128 -0.086228 -0.711743
-0.273246 0.844178 -5.436830 73 107 26 0 -0.807848 0.173650 0.563229
-0.531403 0.655115 -5.662338 89 104 57 0 -0.387713 0.602193 0.697884
-0.283876 1.126632 -5.529463 75 104 22 0 -0.769917 0.459335 0.442989
-0.431937 1.220024 -5.725359 49 51 36 0 -0.458152 0.143082 0.877282
-0.508624 0.721173 -5.675246 63 102 49 0 0.744371 -0.483594 -0.460487
-0.481290 0.799380 -5.727637 91 130 93 0 0.878982 0.347646 -0.326392
-0.203391 0.821399 -5.294084 77 108 33 0 -0.816432 0.182603 0.547809
-0.233003 0.916310 -5.383680 115 158 129 0 0.927212 0.024570 -0.373730
-0.321081 1.238247 -5.579576 56 46 37 0 -0.639648 -0.229898 0.733483
-0.406121 0.854808 -5.645634 103 143 109 0 0.791951 0.032239 -0.609733
-0.205669 0.980849 -5.368494 108 144 92 0 0.433636 0.862708 0.260182
-0.374990 1.150929 -5.675246 64 90 20 0 -0.790629 -0.221252 0.570924
-0.441048 0.977053 -5.724599 111 150 118 0 0.508746 -0.309051 -0.803533
-0.453956 0.659671 -5.598558 82 104 41 0 -0.588486 0.477831 0.652197
-0.425103 0.746989 -5.624374 73 104 31 0 -0.744492 0.348727 0.569317
-0.364360 0.867716 -5.610706 69 103 22 0 -0.396055 -0.467183 0.790494
-0.328674 1.046907 -5.577298 116 155 128 0 0.950099 -0.109678 -0.292033
-0.327914 0.589817 -5.429996 71 113 67 0 0.433169 0.047230 -0.900074
-0.347656 0.826714 -5.536296 110 149 124 0 0.443367 -0.022634 -0.896054
-0.390935 0.986164 -5.660060 100 142 114 0 0.939409 0.117258 -0.322121
-0.342341 1.081075 -5.635004 74 98 45 0 -0.457506 -0.608332 0.648552
-0.228448 1.037796 -5.376087 72 103 20 0 -0.824750 -0.339046 0.452587
-0.280079 1.179782 -5.527185 72 102 25 0 -0.866692 0.119296 0.484370
-0.475975 0.784194 -5.702580 91 128 93 0 0.648643 -0.760720 0.023816
-0.404602 0.902643 -5.636522 117 157 130 0 0.933257 -0.356948 -0.040238
-0.521532 0.549575 -5.590965 48 52 34 0 -0.548258 0.435625 0.713894
-0.235281 0.750785 -5.316103 76 106 31 0 -0.015293 0.632558 0.774362
-0.380305 0.877586 -5.612225 110 149 127 0 0.670098 0.006937 -0.742241
-0.264134 1.138021 -5.489980 78 112 23 0 -0.834974 0.096288 0.541799
-0.194280 0.942885 -5.329771 84 114 52 0 -0.755073 0.404562 0.515940
-0.299061 0.855567 -5.477072 82 104 39 0 -0.693136 -0.492711 0.526115
-0.356008 0.806973 -5.540093 110 151 123 0 0.562616 -0.054993 -0.824888
-0.356008 1.046907 -5.646393 70 96 30 0 -0.797171 0.070128 0.599667
-0.488883 0.614114 -5.603114 87 112 50 0 -0.641007 0.395867 0.657570
-0.325636 0.658912 -5.433793 84 105 40 0 -0.848093 0.173777 0.500539
-0.235281 0.721933 -5.311548 107 127 83 0 0.023386 0.274483 -0.961307
-0.241356 0.701432 -5.320659 103 140 102 0 0.833029 -0.087461 -0.546272
-0.495717 0.724970 -5.715488 73 97 32 0 -0.440931 0.687186 0.577369
-0.328674 0.779638 -5.494536 143 150 135 0 -0.151179 -0.951226 -0.268912
-0.200354 0.676375 -5.250046 80 108 31 0 -0.903438 0.038814 0.426958
-0.466104 1.026406 -5.727637 108 146 103 0 0.379982 0.024640 -0.924666
-0.147204 0.980090 -5.295603 98 99 63 0 -0.197890 0.008101 0.980191
-0.245152 0.629300 -5.327493 95 129 73 0 0.555084 0.698439 -0.451735
-0.360564 0.690043 -5.501369 86 113 51 0 -0.722019 0.453129 0.522841
-0.390176 0.914032 -5.660820 72 99 24 0 -0.848824 0.077939 0.522898
-0.345378 0.861641 -5.543890 114 151 130 0 0.910581 -0.332572 -0.245436
-0.216299 0.891253 -5.354827 113 153 116 0 0.516800 0.252968 -0.817878
-0.482809 1.049185 -5.742063 103 130 100 0 0.539665 -0.443356 -0.715679
-0.346896 0.732563 -5.508962 73 105 30 0 -0.810529 0.277493 0.515791
-0.360564 0.917069 -5.641078 100 131 98 0 0.768784 0.001375 -0.639507
-0.450159 0.884420 -5.752693 132 168 147 0 0.110184 -0.960545 0.255368
-0.387139 0.744711 -5.553760 99 140 109 0 0.126680 -0.213692 -0.968653
-0.339304 0.989961 -5.607669 79 100 33 0 0.691310 0.490445 -0.530618
-0.242115 1.007424 -5.403421 65 92 19 0 -0.676210 0.104599 0.729246
-0.381064 0.873790 -5.660060 102 143 110 0 0.957237 -0.046541 -0.285536
-0.424344 1.277730 -5.713969 83 101 45 0 -0.697515 -0.199511 0.688236
-0.265653 0.641448 -5.352549 92 133 93 0 0.710831 0.038308 -0.702318
-0.255782 1.069686 -5.440627 117 156 122 0 0.901708 -0.110442 -0.418001
-0.346896 0.991479 -5.574261 117 149 130 0 0.277294 -0.521688 -0.806815
-0.238318 0.873031 -5.367735 92 129 76 0 0.877161 -0.450986 -0.164924
-0.492679 0.643726 -5.625892 78 105 40 0 -0.538726 0.555614 0.633299
-0.293746 0.775842 -5.429237 137 156 141 0 0.943876 -0.167528 -0.284661
-0.401565 0.715099 -5.556797 101 143 110 0 0.254971 -0.420928 -0.870522
-0.522292 0.728766 -5.707136 48 65 36 0 0.624846 -0.759287 0.181801
-0.438011 0.731803 -5.608428 99 140 105 0 0.778172 0.380188 -0.499906
-0.348415 0.961867 -5.589447 115 154 133 0 0.650154 0.610041 -0.452935
-0.264134 0.851771 -5.411774 105 147 115 0 0.926638 0.157459 0.341393
-0.256541 1.144855 -5.420885 131 170 151 0 0.203943 -0.939247 -0.276086
-0.439529 0.806973 -5.667653 96 135 100 0 0.727122 -0.268892 -0.631657
-0.439529 1.163837 -5.734470 113 123 119 0 0.900379 0.387120 -0.198634
-0.299061 0.787990 -5.458849 86 121 58 0 -0.835646 0.031768 0.548349
-0.467623 1.072723 -5.749656 98 114 100 0 0.899850 0.300938 -0.315763
-0.397009 1.079556 -5.680561 103 136 111 0 0.134184 -0.315807 -0.939287
-0.297543 0.819880 -5.474035 71 103 25 0 -0.853712 0.261153 0.450528
-0.315006 0.695358 -5.459609 93 127 94 0 0.546673 -0.293143 -0.784357
-0.257301 1.129669 -5.432274 133 172 151 0 0.854296 0.173228 0.490073
-0.412954 1.005146 -5.685876 103 144 114 0 0.609841 0.015211 -0.792378
-0.135815 0.819880 -5.180191 72 70 65 0 0.808395 -0.411401 -0.421006
-0.234522 1.079556 -5.413292 127 164 127 0 0.442341 -0.356726 -0.822849
-0.535199 0.686246 -5.679801 76 77 55 0 0.014760 0.481712 0.876205
-0.318803 0.920866 -5.568186 121 140 111 0 0.586448 -0.398124 -0.705390
-0.212503 0.766730 -5.287251 116 150 119 0 0.850640 -0.040111 -0.524216
-0.179853 1.049185 -5.320659 105 102 90 0 0.758480 0.126662 -0.639269
-0.215540 0.642967 -5.286491 83 109 42 0 -0.658254 -0.261715 0.705838
-0.450919 1.091705 -5.737507 105 144 109 0 0.595588 -0.531474 -0.602337
-0.388657 0.813047 -5.597799 92 134 99 0 0.941130 -0.182730 -0.284400
-0.483568 0.992998 -5.761805 52 57 54 0 0.913736 -0.404484 -0.038459
-0.331711 1.220784 -5.575020 102 133 89 0 -0.324327 0.862311 0.388885
-0.245911 1.128151 -5.417848 133 172 151 0 0.476193 -0.839887 -0.260442
-0.523051 0.643726 -5.649430 88 109 55 0 -0.587327 0.556861 0.587327
-0.410676 1.160041 -5.723840 74 102 28 0 -0.830521 -0.072404 0.552261
-0.268690 1.196486 -5.490739 52 57 60 0 0.745368 -0.641292 -0.182133
-0.370434 0.775842 -5.565908 86 104 41 0 -0.798544 0.254721 0.545385
-0.385620 1.050704 -5.663857 109 148 117 0 0.969301 0.086747 -0.230067
-0.437252 1.188134 -5.722322 106 131 115 0 0.458484 -0.561852 -0.688560
-0.356008 0.627781 -5.469479 86 127 77 0 0.717859 -0.624295 -0.308115
-0.441807 1.034758 -5.720803 104 142 109 0 0.536944 -0.159150 -0.828470
-0.456234 0.857086 -5.768638 114 122 117 0 0.553506 -0.760062 -0.340495
-0.325636 0.898087 -5.559834 129 126 80 0 -0.836384 0.323610 0.442424
-0.474457 0.805454 -5.761045 108 124 106 0 0.865778 -0.342928 -0.364457
-0.415991 1.244321 -5.687395 104 140 114 0 0.014983 -0.006992 -0.999863
-0.411436 0.746230 -5.581094 96 138 104 0 0.908257 -0.077851 -0.411106
-0.267931 0.658153 -5.353309 94 138 95 0 0.545426 0.063422 -0.835756
-0.376509 0.808491 -5.572742 104 147 119 0 0.872413 -0.143232 -0.467312
-0.412954 1.068167 -5.686635 107 144 112 0 0.823205 0.127663 -0.553205
-0.471419 1.033999 -5.746619 95 131 94 0 0.887468 -0.355888 -0.292820
-0.243633 1.120558 -5.440627 111 147 95 0 0.968200 0.237341 0.079114
-0.320321 0.925421 -5.537056 117 155 132 0 0.690389 -0.516538 -0.506508
-0.360564 0.947441 -5.628930 64 98 22 0 -0.765978 -0.055630 0.640455
-0.520773 0.571594 -5.603114 84 104 47 0 -0.381234 0.387510 0.839343
-0.427381 0.697635 -5.599317 71 101 30 0 -0.823695 0.309082 0.475390
-0.417510 0.674857 -5.570464 83 104 45 0 -0.696589 0.411997 0.587385
-0.426621 1.240525 -5.720044 71 79 45 0 -0.158353 0.095495 0.982754
-0.306654 0.917828 -5.549204 116 146 117 0 0.979395 -0.127210 0.156851
-0.184409 0.994516 -5.319140 80 110 28 0 -0.769084 -0.165345 0.617391
-0.280839 1.142577 -5.524907 72 102 20 0 -0.767011 -0.198285 0.610227
-0.273246 0.825195 -5.420125 114 155 125 0 0.821880 -0.537325 -0.189199
-0.391694 1.179782 -5.696506 83 111 34 0 -0.754059 -0.191970 0.628126
-0.403843 0.623985 -5.526426 77 107 37 0 -0.774191 0.245552 0.583380
-0.257301 1.158522 -5.460368 129 166 130 0 0.783358 -0.262166 -0.563578
-0.510143 0.658912 -5.651708 80 105 42 0 -0.434477 0.520381 0.735142
-0.315766 0.782675 -5.460368 113 153 123 0 0.554940 -0.366163 -0.746972
-0.526088 0.613355 -5.631967 88 108 49 0 -0.527732 0.314088 0.789207
-0.229207 0.620947 -5.307751 92 104 63 0 -0.498102 -0.468315 0.729777
-0.331711 1.242803 -5.625892 112 141 95 0 0.900917 0.072456 -0.427901
-0.290709 0.677135 -5.392791 82 108 39 0 -0.817938 0.112266 0.564246
-0.313488 1.005906 -5.538574 120 158 136 0 0.702819 0.015370 -0.711203
-0.460030 0.597410 -5.571224 79 107 41 0 -0.563861 0.476856 0.674291
-0.400046 0.814565 -5.611466 107 146 119 0 0.861010 -0.285984 -0.420565
-0.169223 0.741674 -5.204488 118 155 119 0 0.928352 0.008939 -0.371596
-0.433455 0.674098 -5.589447 79 100 40 0 -0.746697 0.387237 0.540824
-0.197317 0.885938 -5.328252 109 150 114 0 0.702765 -0.261752 -0.661519
-0.488883 0.663468 -5.641078 80 108 43 0 -0.570383 0.284397 0.770573
-0.264894 1.021851 -5.461127 129 170 145 0 0.911029 -0.411219 0.030412
-0.340063 1.015776 -5.633485 95 106 48 0 0.964280 -0.212690 0.157886
-0.176816 0.710543 -5.215118 109 139 113 0 0.838213 -0.538341 0.087106
-0.316525 0.737878 -5.457331 166 156 117 0 -0.784598 0.228388 0.576407
-0.234522 0.947441 -5.392791 112 148 107 0 0.900904 -0.404050 -0.158479
-0.148723 0.897328 -5.213600 53 59 63 0 0.809171 -0.023595 -0.587100
-0.226929 0.916310 -5.368494 112 151 111 0 0.857691 0.214798 -0.467149
-0.315766 0.742433 -5.440627 112 142 110 0 0.936169 -0.181686 -0.300961
-0.207947 0.712062 -5.263713 81 115 41 0 -0.824888 -0.054993 0.562616
-0.160112 0.884420 -5.241694 120 162 128 0 0.950833 -0.301421 -0.071151
-0.378027 0.533630 -5.474794 65 66 36 0 -0.350055 0.261433 0.899508
-0.187446 0.728007 -5.231063 85 117 46 0 -0.974011 0.205251 0.095784
-0.535199 0.717377 -5.688154 49 67 39 0 0.262671 -0.429687 -0.863929
-0.411436 0.918588 -5.668412 114 154 130 0 0.976760 -0.173397 -0.125993
-0.356767 0.724210 -5.518833 74 101 28 0 -0.715646 0.421454 0.556981
-0.352211 0.547297 -5.363179 72 98 35 0 0.001308 0.896251 0.443546
-0.374990 0.844178 -5.597039 106 147 119 0 0.832034 -0.023379 -0.554231
-0.346896 0.857845 -5.570464 70 97 28 0 -0.807678 -0.046515 0.587786
-0.159353 0.985405 -5.311548 83 118 58 0 -0.373578 0.333607 -0.865532
-0.505587 0.762934 -5.722322 91 111 83 0 0.253686 -0.921583 0.293817
-0.254263 1.015017 -5.442904 125 165 139 0 0.760271 0.198935 -0.618395
-0.144926 0.920866 -5.283454 80 123 73 0 0.014981 -0.183224 -0.982957
-0.359804 0.973256 -5.610706 108 148 124 0 0.916436 0.126549 -0.379646
-0.313488 1.182060 -5.562112 116 154 127 0 0.714259 -0.474508 -0.514467
-0.362841 0.742433 -5.536296 69 96 31 0 -0.721807 0.411282 0.556634
-0.447881 0.873790 -5.767119 91 108 97 0 0.790822 0.537252 0.293191
-0.290709 0.879864 -5.497573 103 139 88 0 0.844008 -0.341659 -0.413424
-0.294506 1.046148 -5.516555 122 163 139 0 0.968216 -0.245446 0.048102
-0.388657 1.003628 -5.653226 100 139 112 0 0.944191 -0.088230 -0.317364
-0.254263 0.977812 -5.432274 70 99 26 0 -0.877161 -0.164924 0.450986
-0.213262 0.721173 -5.277380 108 144 104 0 0.782445 -0.191400 -0.592576
-0.274764 1.046907 -5.490739 128 168 144 0 0.698051 0.666250 -0.262366
-0.169223 1.003628 -5.316863 101 140 88 0 0.584908 0.238643 -0.775198
-0.400806 1.057537 -5.665375 109 146 113 0 0.444283 -0.570746 0.690552
-0.179094 0.888976 -5.276620 76 105 37 0 -0.849628 0.388179 0.357000
-0.343100 0.694598 -5.482387 90 119 67 0 0.095000 -0.910076 -0.403407
-0.447122 0.866956 -5.736748 124 162 139 0 0.911923 0.063309 -0.405449
-0.245152 1.049185 -5.418607 67 96 17 0 -0.855991 -0.436417 0.277163
-0.185928 0.691561 -5.224230 116 138 113 0 0.956627 -0.190792 -0.220144
-0.218577 1.020332 -5.385958 127 167 144 0 0.912716 -0.373319 -0.166077
-0.167705 0.917069 -5.290287 83 125 71 0 0.697859 -0.348112 -0.625948
-0.392454 1.284564 -5.699543 93 116 99 0 0.907641 0.315255 -0.277131
-0.204910 0.943644 -5.344956 102 138 100 0 0.944563 -0.039623 -0.325932
-0.378027 1.265581 -5.670690 86 105 41 0 -0.795932 0.079161 0.600188
-0.241356 1.059815 -5.392791 136 174 154 0 -0.015106 0.825348 -0.564423
-0.344619 1.020332 -5.587169 149 159 150 0 0.040911 -0.627778 -0.777316
-0.374231 0.987683 -5.635004 108 149 121 0 0.135001 0.101550 -0.985628
-0.204151 0.733322 -5.265991 111 145 108 0 0.805199 -0.040752 -0.591603
-0.298302 0.951237 -5.495295 122 161 138 0 0.543804 -0.322432 -0.774800
-0.221614 0.780398 -5.307751 106 143 114 0 0.766903 -0.267230 -0.583479
-0.349174 1.254192 -5.622096 60 52 25 0 -0.887054 0.047691 0.459197
-0.267171 1.162319 -5.500610 75 104 25 0 -0.895125 0.277593 0.348846
-0.479012 1.009702 -5.755730 71 82 68 0 0.806908 0.372296 -0.458579
-0.438770 0.693080 -5.612225 78 103 39 0 -0.653981 0.427667 0.624027
-0.223892 0.649800 -5.298640 99 139 92 0 0.747723 0.239836 -0.619184
-0.366638 0.999072 -5.651708 68 98 29 0 -0.725760 0.055828 0.685679
-0.351452 0.921625 -5.601595 81 95 37 0 -0.861505 0.157038 0.482854
-0.197317 0.912513 -5.335845 107 141 108 0 0.817766 -0.118496 -0.563220
-0.326396 1.103854 -5.587169 118 159 135 0 0.885075 0.142014 -0.443255
-0.387139 1.161559 -5.689672 67 97 22 0 -0.829527 -0.087394 0.551586
-0.245152 1.088668 -5.385199 136 171 149 0 -0.166843 0.166843 -0.971765
-0.330951 1.160041 -5.609188 80 108 31 0 -0.871459 0.085879 0.482892
-0.428140 1.116002 -5.768638 68 94 22 0 0.890130 0.429966 -0.150991
-0.334748 0.805454 -5.508962 120 157 131 0 0.936992 0.175255 -0.302211
-0.234522 0.661190 -5.308511 85 120 55 0 -0.822094 0.001359 0.569351
-0.366638 1.230654 -5.657023 73 101 26 0 -0.815934 -0.023550 0.577665
-0.327155 1.075760 -5.592484 117 158 133 0 0.940398 -0.331052 -0.077817
-0.296024 0.839622 -5.474794 70 100 25 0 -0.838844 0.001351 0.544370
-0.408399 0.797102 -5.616781 114 137 115 0 0.087587 -0.989149 -0.117950
-0.153278 0.903402 -5.231822 127 158 135 0 0.957943 -0.285265 0.031142
-0.328674 0.977812 -5.556038 125 158 141 0 0.726627 -0.101698 -0.679463
-0.442567 0.955033 -5.751174 87 112 31 0 -0.846839 0.164622 0.505730
-0.257301 0.854808 -5.392032 121 161 135 0 0.931838 0.001264 -0.362873
-0.286154 0.760656 -5.427719 75 103 28 0 -0.631739 -0.244188 0.735716
-0.405361 0.649041 -5.540093 73 106 39 0 -0.782789 0.158368 0.601798
-0.255782 0.898087 -5.426959 81 110 34 0 -0.836498 -0.046084 0.546028
-0.359804 0.668783 -5.487702 77 109 40 0 -0.745528 0.355709 0.563613
-0.306654 0.718895 -5.430756 93 140 98 0 0.633865 0.443204 0.633865
-0.400806 1.122076 -5.710932 68 99 28 0 -0.840584 0.048790 0.539479
-0.488883 0.756100 -5.741304 76 87 34 0 -0.634566 0.580704 0.510009
-0.188206 1.040833 -5.332048 117 148 100 0 0.196990 -0.015153 -0.980288
-0.495717 0.776601 -5.735229 87 115 84 0 0.771194 -0.438586 -0.461412
-0.304376 0.614114 -5.414811 64 87 46 0 -0.078234 0.275742 -0.958043
-0.415232 0.935292 -5.675246 116 154 133 0 0.934313 -0.323363 -0.149985
-0.444844 0.740915 -5.647152 79 110 34 0 -0.787763 0.415719 0.454541
-0.250467 1.182060 -5.465683 58 68 66 0 0.586320 -0.569423 -0.576182
-0.314247 1.228377 -5.557557 93 108 99 0 -0.426687 -0.742996 -0.515649
-0.394731 0.727248 -5.548445 90 133 100 0 0.570049 -0.492697 -0.657490
-0.337785 1.148651 -5.599317 118 153 121 0 0.679207 0.086179 -0.728870
-0.289950 0.921625 -5.481628 121 161 136 0 0.865796 -0.086156 -0.492925
-0.155556 0.961108 -5.312307 88 125 64 0 0.443092 -0.718572 -0.536025
-0.355249 1.220024 -5.667653 103 133 86 0 0.800761 0.079070 -0.593742
-0.283876 1.121317 -5.514277 122 162 140 0 0.182292 -0.651042 -0.736827
-0.349174 0.535907 -5.392791 69 108 64 0 -0.190219 -0.024507 -0.981436
-0.390935 0.867716 -5.630448 97 139 104 0 0.048310 0.997331 -0.054751
-0.397009 1.220024 -5.702580 67 93 31 0 -0.948412 -0.023931 0.316137
-0.333989 0.837344 -5.535537 69 98 21 0 -0.845940 0.286104 0.450034
-0.275524 0.772805 -5.407977 75 102 32 0 -0.887544 0.222994 0.403161
-0.438011 1.112206 -5.739026 124 158 130 0 0.766875 -0.015310 -0.641614
-0.198836 1.008183 -5.354068 115 156 122 0 0.830533 0.191429 -0.523040
-0.201113 0.966423 -5.350271 123 163 139 0 0.758805 -0.316035 0.569505
-0.486605 0.731803 -5.669931 82 118 80 0 0.691018 -0.722107 -0.032502
-0.243633 1.096261 -5.405699 76 80 47 0 -0.749953 0.593246 0.292626
-0.196558 0.756100 -5.254601 97 133 71 0 0.722404 0.307303 -0.619433
-0.334748 0.854048 -5.554519 88 107 43 0 -0.579482 -0.270004 0.768959
-0.309691 0.636133 -5.417848 74 85 61 0 0.292696 -0.824870 -0.483652
-0.453956 0.789509 -5.691191 98 138 104 0 0.744401 -0.650785 0.149484
-0.431937 0.558686 -5.531741 82 110 42 0 -0.741999 0.198998 0.640186
-0.352971 0.837344 -5.548445 108 147 119 0 0.815475 0.317041 -0.484237
-0.187446 0.667264 -5.242453 68 74 43 0 -0.024979 -0.911070 0.411494
-0.275524 0.890494 -5.467961 107 137 93 0 0.920739 -0.024744 0.389393
-0.442567 0.873031 -5.716248 119 154 133 0 0.933019 0.277232 -0.229385
-0.327155 1.200283 -5.618299 111 149 124 0 0.746274 0.650174 -0.142648
-0.215540 0.699154 -5.284973 108 146 102 0 0.930887 -0.016646 -0.364928
-0.409917 0.689283 -5.570464 73 104 31 0 -0.762488 0.357771 0.539084
-0.151760 0.842659 -5.219674 108 149 114 0 0.785839 0.563106 0.255672
-0.469901 0.819880 -5.754211 110 139 116 0 0.792878 0.001369 -0.609379
-0.349174 1.197246 -5.644875 65 93 19 0 -0.151338 0.959354 0.238194
-0.313488 0.772045 -5.477072 106 117 54 0 -0.865804 0.230379 0.444195
-0.226929 0.977812 -5.409496 106 142 88 0 0.654720 0.086032 -0.750960
-0.280839 0.838863 -5.448978 67 102 22 0 -0.824556 0.228787 0.517459
-0.142648 0.936051 -5.264472 94 113 64 0 0.141284 0.945929 0.291987
-0.494198 0.696117 -5.665375 78 109 41 0 0.881346 0.102941 -0.461120
-0.463827 0.800898 -5.733711 74 104 61 0 0.907703 -0.046927 0.416980
-0.302858 1.084871 -5.524907 122 160 135 0 0.712500 0.460052 -0.529808
-0.409917 0.529074 -5.479350 69 107 70 0 0.811146 -0.584843 0.001363
-0.397009 1.241284 -5.693469 78 101 38 0 -0.746076 -0.175458 0.642327
-0.199595 0.688524 -5.259157 112 148 102 0 0.865374 0.031344 -0.500145
-0.422066 1.260267 -5.713969 78 96 45 0 -0.673238 -0.038268 0.738435
-0.430418 0.786472 -5.644875 100 133 108 0 0.829318 -0.480787 -0.284738
-0.352211 0.661949 -5.474794 74 108 40 0 -0.775716 0.270158 0.570333
-0.160871 0.775842 -5.186265 105 108 100 0 0.943169 0.213418 0.254725
-0.359045 0.842659 -5.568186 107 146 120 0 0.450761 -0.506900 -0.734757
-0.421306 0.867716 -5.673728 116 155 131 0 0.822021 -0.568018 -0.040473
-0.427381 1.169152 -5.713969 108 147 119 0 0.983039 0.183394 0.001139
-0.340822 1.226099 -5.609188 71 100 21 0 -0.867357 -0.156505 0.472439
-0.290709 0.714340 -5.417848 99 135 87 0 0.744904 -0.055761 -0.664837
-0.408399 1.284564 -5.713210 95 123 97 0 0.752644 0.006930 -0.658391
-0.374990 0.565520 -5.475554 79 111 52 0 -0.641129 -0.149345 0.752761
-0.489642 0.791787 -5.741304 94 127 97 0 0.540252 -0.737304 -0.405599
-0.351452 1.043870 -5.599317 142 154 141 0 -0.038154 -0.767314 -0.640135
-0.453956 0.770527 -5.660820 86 125 87 0 0.847170 -0.315551 -0.427471
-0.222373 0.810010 -5.330530 110 151 110 0 0.810647 -0.206097 -0.548065
-0.262616 0.697635 -5.354068 100 135 100 0 0.890972 -0.144443 -0.430470
-0.383342 1.056018 -5.684357 83 105 35 0 -0.778122 0.262518 0.570623
-0.351452 0.700673 -5.496054 71 102 32 0 -0.768336 0.315996 0.556602
-0.315766 0.806213 -5.477831 124 156 134 0 0.634974 0.135959 -0.760475
-0.423584 0.932255 -5.691191 119 158 133 0 0.722131 0.001381 -0.691755
-0.250467 0.744711 -5.351031 103 144 106 0 0.835162 -0.333751 -0.437167
-0.403084 0.913273 -5.685876 63 95 23 0 -0.837351 0.158578 0.523159
-0.239078 1.034758 -5.398107 67 95 17 0 -0.913387 0.088745 0.397303
-0.336266 0.973256 -5.597799 76 100 31 0 -0.807816 0.443099 0.388711
-0.316525 0.652078 -5.416329 182 163 137 0 -0.658429 0.523712 0.540552
-0.441048 0.810769 -5.682839 92 133 97 0 0.801779 -0.422581 -0.422581
-0.321840 0.740915 -5.471757 157 159 112 0 -0.752913 0.411724 0.513425
-0.354489 1.106891 -5.622855 127 154 137 0 0.668505 -0.223879 -0.709210
-0.331711 0.838103 -5.516555 117 150 128 0 0.054961 -0.952238 -0.300370
-0.330192 0.896568 -5.529463 183 171 179 0 -0.261153 -0.450528 -0.853712
-0.428140 1.200283 -5.704858 102 139 106 0 0.569967 0.364191 -0.736548
-0.455474 1.016536 -5.730674 98 141 104 0 0.204994 -0.213033 -0.955298
-0.236041 0.858604 -5.365457 72 102 28 0 -0.840893 0.339802 0.421229
-0.350693 0.788750 -5.544649 68 99 25 0 -0.690440 0.412277 0.594407
-0.349934 1.199524 -5.629689 69 98 22 0 -0.841068 -0.031764 0.539996
-0.374990 0.940607 -5.646393 65 99 24 0 -0.789865 0.181106 0.585930
-0.467623 1.054500 -5.748137 94 127 97 0 0.858004 0.110664 -0.501580
-0.428140 1.053741 -5.707895 100 141 108 0 0.571215 -0.150634 -0.806860
-0.236041 1.162319 -5.433033 80 80 92 0 -0.523300 -0.310163 -0.793698
-0.367397 0.605762 -5.476313 92 118 68 0 -0.909844 0.227824 0.346815
-0.317284 0.822918 -5.513518 92 120 78 0 0.956761 -0.062425 -0.284098
-0.264134 0.780398 -5.382921 114 154 126 0 0.672779 -0.070895 -0.736439
-0.412954 0.613355 -5.530982 80 110 45 0 -0.656401 0.308041 0.688657
-0.346137 0.545778 -5.432274 75 99 75 0 0.481759 -0.666405 -0.569046
-0.352971 0.893531 -5.569705 114 154 130 0 0.570049 -0.006835 -0.821582
-0.350693 1.002869 -5.628930 73 102 31 0 -0.834974 0.096288 0.541799
-0.431937 1.174467 -5.742063 58 61 34 0 -0.538598 -0.314848 0.781526
-0.397769 1.240525 -5.671450 100 136 112 0 0.541481 0.491188 -0.682299
-0.457752 0.787231 -5.721562 78 110 26 0 -0.690440 0.594407 0.412277
-0.332470 0.778879 -5.521870 126 134 121 0 0.570656 -0.499955 -0.651457
-0.435733 0.866197 -5.698784 113 152 129 0 0.977459 -0.188589 -0.094911
-0.254263 0.793305 -5.372291 106 150 116 0 0.934824 -0.199225 -0.293961
-0.324118 1.248118 -5.614503 114 142 97 0 0.877538 0.070926 -0.474232
-0.390935 0.579187 -5.496054 71 102 32 0 -0.673401 0.117436 0.729890
-0.354489 0.714340 -5.508203 71 103 29 0 -0.822183 0.245267 0.513672
-0.419788 0.517685 -5.518833 54 54 30 0 -0.546126 -0.244278 0.801296
-0.374231 1.052222 -5.672968 80 110 35 0 -0.728773 -0.047064 0.683136
-0.395491 0.902643 -5.672209 65 96 25 0 -0.864769 -0.285206 0.413320
-0.195798 0.820640 -5.279658 88 122 53 0 -0.921634 0.128504 0.366166
-0.450159 0.514647 -5.538574 53 52 41 0 -0.428327 -0.125812 0.894822
-0.393213 1.154726 -5.701062 76 107 28 0 -0.531371 0.159262 0.832034
-0.398528 1.264822 -5.692709 74 98 33 0 -0.729624 -0.182790 0.658966
-0.302858 0.825955 -5.486184 78 107 30 0 -0.840871 0.001350 0.541234
-0.346896 1.154726 -5.609947 120 157 133 0 0.624851 0.149061 -0.766383
-0.347656 0.564760 -5.445941 79 123 77 0 0.729809 -0.339711 -0.593275
-0.300580 0.647523 -5.420125 199 125 139 0 0.680626 -0.286664 -0.674220
-0.302099 0.848733 -5.505925 150 139 115 0 0.600565 -0.221914 -0.768164
-0.259578 1.150929 -5.433793 129 169 145 0 0.943556 0.230035 0.238299
-0.239078 0.805454 -5.349512 110 152 121 0 0.806450 -0.157101 -0.570051
-0.254263 0.961867 -5.431515 71 99 26 0 -0.907987 0.142623 0.393979
-0.519254 0.711303 -5.673728 77 116 60 0 0.901935 -0.276042 -0.332136
-0.351452 0.959589 -5.618299 67 100 22 0 -0.855209 0.141804 0.498507
-0.316525 0.945922 -5.555279 87 98 39 0 -0.842115 0.236893 0.484484
-0.468382 1.059815 -5.729155 103 141 104 0 0.545571 -0.040258 -0.837097
-0.187446 0.838863 -5.272065 75 106 28 0 -0.855979 0.237856 0.459047
-0.144926 0.857845 -5.202210 112 130 90 0 0.544928 0.838455 0.006795
-0.258819 0.611077 -5.353309 104 143 106 0 0.775048 0.197983 -0.600087
-0.258819 0.682450 -5.342679 105 137 97 0 0.759974 -0.222242 -0.610777
-0.383342 1.249637 -5.677524 75 102 32 0 -0.697710 0.047085 0.714832
-0.349174 0.595891 -5.468720 88 122 66 0 0.871255 -0.490829 0.001330
-0.290709 0.703710 -5.407977 96 135 89 0 0.966993 -0.244570 -0.071490
-0.357526 1.010461 -5.602355 114 153 134 0 0.798410 0.015221 -0.601921
-0.171501 0.851011 -5.253842 120 160 128 0 0.921197 -0.244984 -0.302290
-0.370434 0.558686 -5.462646 86 131 89 0 0.642840 -0.079811 -0.761831
-0.390935 0.930736 -5.642597 121 149 128 0 0.603769 -0.586857 -0.539502
-0.210225 0.996035 -5.370772 110 145 94 0 0.999211 0.031901 -0.023668
-0.162390 1.001350 -5.300159 84 77 46 0 -0.651280 -0.255124 0.714665
-0.466104 0.835066 -5.771675 75 81 73 0 0.809171 -0.587100 0.023595
-0.366638 0.725729 -5.529463 82 108 32 0 -0.757748 0.404241 0.512257
-0.339304 1.063611 -5.625133 73 93 29 0 -0.795483 0.500978 0.340921
-0.330192 1.120558 -5.586410 124 165 138 0 0.900027 0.165077 -0.403362
-0.320321 1.184338 -5.589447 73 103 26 0 -0.853625 -0.023219 0.520370
-0.271727 0.866197 -5.431515 102 141 88 0 0.932849 -0.173780 0.315584
-0.254263 0.906439 -5.406458 124 165 138 0 0.786938 0.300467 -0.538933
-0.296784 0.987683 -5.512759 114 152 115 0 0.755099 -0.079713 -0.650747
-0.226929 1.047666 -5.363938 73 102 19 0 -0.861513 -0.299457 0.410025
-0.340063 1.123595 -5.605391 121 161 135 0 0.604048 -0.174976 -0.777502
-0.343100 1.106131 -5.609188 115 157 132 0 0.930834 0.087056 -0.354922
-0.216299 0.797861 -5.307751 97 133 87 0 0.891899 0.093517 -0.442460
-0.510902 0.679413 -5.666134 87 112 53 0 -0.427989 0.490302 0.759230
-0.438011 0.885938 -5.764842 38 53 20 0 -0.870015 0.048105 0.490672
-0.201113 0.980090 -5.340401 68 99 23 0 -0.799478 -0.088188 0.594187
-0.317284 0.972497 -5.566668 90 107 39 0 -0.810373 0.579251 0.088115
-0.340063 0.866197 -5.559834 76 103 30 0 -0.785691 0.238041 0.570987
-0.318803 0.852530 -5.522629 123 123 72 0 -0.475390 0.309082 0.823695
-0.437252 1.207116 -5.722322 47 52 48 0 0.967687 -0.103000 0.230159
-0.344619 1.254951 -5.635763 132 157 144 0 0.690042 -0.055949 -0.721603
-0.447122 0.846456 -5.714729 111 148 121 0 0.972960 -0.197613 -0.119575
-0.432696 0.975534 -5.712451 115 156 126 0 0.650991 -0.136184 -0.746769
-0.309691 1.194209 -5.570464 75 105 27 0 -0.745462 0.206126 0.633875
-0.442567 0.806213 -5.710932 68 100 20 0 -0.884348 0.189189 0.426775
-0.404602 0.930736 -5.665375 115 154 130 0 0.856563 -0.040001 -0.514490
-0.188965 0.898087 -5.320659 103 145 110 0 0.774851 -0.442073 -0.451860
-0.304376 0.693080 -5.436071 230 162 169 0 0.920747 0.016835 0.389796
-0.440289 0.525277 -5.534019 90 110 60 0 -0.103276 0.038867 0.993893
-0.305136 1.032481 -5.534778 133 162 147 0 0.435986 -0.832623 0.341549
-0.386379 1.127391 -5.689672 70 100 25 0 -0.780479 -0.103966 0.616476
-0.459271 0.727248 -5.636522 92 134 94 0 0.332920 -0.856301 -0.394858
-0.463827 0.678653 -5.633485 77 107 44 0 -0.832392 -0.380657 0.402770
-0.501032 0.529833 -5.565149 70 69 55 0 -0.528385 0.175130 0.830746
-0.342341 1.050704 -5.647152 102 141 112 0 0.810373 0.088115 -0.579251
-0.226170 0.929977 -5.372291 122 164 140 0 0.739798 -0.612521 -0.278419
-0.461549 0.576150 -5.562871 86 113 49 0 -0.516978 0.374364 0.769795
-0.466104 0.791787 -5.747378 56 76 36 0 0.540383 -0.159286 0.826205
-0.306654 0.872271 -5.514277 113 153 127 0 0.850796 -0.048577 -0.523246
-0.199595 0.661949 -5.259916 90 105 44 0 -0.496589 -0.648090 0.577390
-0.218577 0.986164 -5.360142 115 154 127 0 -0.206433 -0.650343 -0.731054
-0.382583 0.976293 -5.643356 105 145 117 0 0.969574 0.063152 -0.236512
-0.330192 0.655115 -5.457331 87 127 93 0 0.878784 0.404090 -0.253871
-0.196558 0.791028 -5.269787 114 143 107 0 0.846767 -0.292576 -0.444282
-0.377268 0.841141 -5.613744 72 102 35 0 -0.771432 0.412627 0.484388
-0.388657 1.032481 -5.686635 69 95 33 0 -0.759601 0.038192 0.649267
-0.214021 1.063611 -5.351031 128 156 117 0 0.001287 0.915238 -0.402911
-0.416751 0.978571 -5.687395 111 145 121 0 0.722019 -0.038300 -0.690812
-0.327155 1.214709 -5.617540 115 150 117 0 0.940223 -0.339702 -0.024174
-0.191243 1.002109 -5.341160 102 143 110 0 0.849783 -0.167584 -0.499785
-0.365879 0.964904 -5.640319 69 102 25 0 -0.843451 0.262714 0.468584
-0.305895 0.768249 -5.457331 89 121 59 0 0.055789 -0.648009 -0.759587
-0.140371 0.831270 -5.196896 114 147 114 0 0.667208 -0.117393 -0.735563
-0.242874 0.844178 -5.392032 101 139 85 0 0.452509 -0.093864 -0.886806
-0.401565 0.671060 -5.547686 88 114 54 0 -0.697046 0.434198 0.570613
-0.406880 0.588298 -5.515796 78 106 43 0 -0.735004 0.142792 0.662857
-0.428899 0.763693 -5.642597 73 102 28 0 -0.807370 0.362917 0.465237
-0.391694 1.047666 -5.691950 82 110 36 0 -0.648790 0.046849 0.759524
-0.392454 0.755341 -5.585650 67 100 28 0 -0.836498 0.046084 0.546028
-0.166186 0.915551 -5.273583 86 112 51 0 -0.958087 -0.244477 0.149329
-0.178335 0.907198 -5.300159 98 140 103 0 0.875688 -0.308084 -0.371826
-0.450919 0.705228 -5.612225 92 127 95 0 -0.165345 -0.617391 -0.769084
-0.297543 0.677894 -5.440627 232 167 187 0 0.965065 0.237101 0.111502
-0.139611 0.921625 -5.263713 66 86 43 0 0.411333 -0.886062 0.213775
-0.305136 0.690043 -5.421644 92 110 44 0 -0.799496 0.183565 0.571935
-0.179094 0.875308 -5.273583 77 105 29 0 -0.886622 0.056185 0.459070
-0.535199 0.708265 -5.677524 44 54 35 0 0.412287 -0.838683 -0.355852
-0.314247 0.721173 -5.457331 158 145 102 0 -0.626419 0.333548 0.704518
-0.411436 0.792546 -5.641078 76 102 37 0 -0.810178 0.475920 0.342217
-0.270968 0.788750 -5.392032 106 145 110 0 0.481358 0.001326 -0.876523
-0.453956 1.028684 -5.760286 81 104 34 0 -0.658956 0.213421 0.721269
-0.274764 1.192690 -5.527185 95 100 43 0 0.276230 0.338271 0.899594
-0.285394 0.907198 -5.486943 121 164 141 0 0.001007 -0.031203 -0.999513
-0.516217 0.717377 -5.712451 73 90 42 0 -0.030874 0.892654 0.449683
-0.402324 0.806213 -5.641078 74 105 28 0 -0.324783 0.926547 0.189808
-0.321840 1.031721 -5.555279 127 166 145 0 0.879478 0.387695 -0.276063
-0.365119 0.665745 -5.505925 89 134 92 0 0.459695 -0.255047 -0.850665
-0.460789 1.057537 -5.767879 60 58 42 0 0.046177 -0.268324 0.962221
-0.359804 0.781157 -5.553001 72 100 29 0 -0.801489 0.339398 0.492366
-0.319562 0.992998 -5.550723 120 159 136 0 0.707712 0.276375 -0.650200
-0.474457 0.750785 -5.669931 83 124 84 0 0.671016 -0.237291 -0.702446
-0.397769 1.263304 -5.708654 94 130 105 0 0.727510 -0.686096 0.001380
-0.211743 0.936051 -5.358624 111 152 119 0 0.773920 0.110560 -0.623558
-0.265653 1.191931 -5.472517 119 133 136 0 -0.309465 -0.841310 -0.443204
-0.236041 0.895050 -5.384439 110 150 119 0 0.933257 0.040238 -0.356948
-0.169223 0.970219 -5.306992 66 97 26 0 -0.729201 -0.159181 0.665528
-0.134296 0.967182 -5.294084 126 121 92 0 -0.276908 0.125867 0.952617
-0.188965 0.810769 -5.269787 111 146 106 0 0.719298 0.315198 -0.619081
-0.461549 0.769768 -5.677524 90 128 90 0 0.919552 -0.269102 -0.286371
-0.212503 0.970978 -5.358624 79 111 38 0 -0.894930 -0.055848 0.442698
-0.327914 0.992238 -5.577298 101 105 62 0 -0.968200 -0.079114 0.237341
-0.461549 0.549575 -5.553001 78 104 45 0 -0.476858 0.252995 0.841784
-0.299821 0.877586 -5.484665 127 165 148 0 0.443458 -0.870492 0.213517
-0.383342 0.793305 -5.575779 114 149 126 0 0.776641 0.151723 -0.611399
-0.327155 0.693080 -5.465683 99 127 96 0 0.688156 -0.419526 -0.591980
-0.407639 0.832029 -5.641078 104 144 117 0 0.855332 -0.189576 -0.482150
-0.374990 1.033240 -5.636522 111 151 124 0 0.879713 -0.088392 -0.467216
-0.166186 0.796343 -5.218915 98 139 91 0 0.792474 -0.371322 -0.483843
-0.163149 0.871512 -5.247768 113 157 124 0 0.373696 -0.119969 -0.919760
-0.191243 1.065889 -5.338882 120 142 106 0 -0.300466 0.388928 -0.870893
-0.392454 0.847215 -5.619818 104 146 116 0 0.698806 -0.311477 -0.643935
-0.406121 0.551852 -5.508203 79 108 36 0 -0.781872 0.023693 0.622989
-0.181372 0.861641 -5.272824 81 111 38 0 -0.855834 0.095409 0.508374
-0.514699 0.700673 -5.694987 92 113 62 0 0.536071 0.766047 0.354682
-0.351452 1.062093 -5.605391 133 147 130 0 0.561040 0.150305 -0.814029
-0.217818 1.045388 -5.349512 78 104 20 0 -0.870893 -0.300466 0.388928
-0.440289 0.990720 -5.747378 70 101 25 0 -0.641685 0.189274 0.743247
-0.182891 0.787990 -5.238656 105 146 109 0 0.860615 -0.253479 -0.441691
-0.292228 1.084112 -5.511240 130 163 143 0 0.586461 -0.809344 -0.032039
-0.221614 0.822918 -5.335085 103 142 98 0 0.715287 -0.213495 -0.665420
-0.343100 0.833548 -5.495295 110 138 115 0 0.483358 -0.206293 -0.850770
-0.150241 0.819121 -5.208285 105 146 103 0 0.734082 -0.314607 -0.601786
-0.495717 0.564001 -5.581094 85 111 55 0 -0.460910 0.402690 0.790824
-0.369675 0.652838 -5.493776 73 107 31 0 -0.771143 0.198558 0.604908
-0.244393 0.959589 -5.407218 120 160 136 0 0.819942 -0.442483 0.363185
-0.183650 0.888976 -5.289528 74 102 31 0 -0.886062 0.213775 0.411333
-0.233763 0.828233 -5.363938 110 144 106 0 0.893085 0.006596 -0.449840
-0.255782 0.810010 -5.382161 113 149 117 0 0.755481 -0.165689 -0.633874
-0.338544 1.001350 -5.622855 110 112 67 0 0.851598 0.205765 0.482122
-0.422825 1.289879 -5.720044 67 68 64 0 0.333871 0.883776 -0.327828
-0.427381 0.857086 -5.679801 111 150 124 0 0.782597 0.498603 -0.372742
-0.305895 0.671820 -5.425441 224 143 153 0 0.979671 -0.172883 0.101768
-0.258060 1.084112 -5.428478 129 169 145 0 -0.128504 0.366166 -0.921634
-0.248948 1.027925 -5.425441 74 104 38 0 -0.893085 -0.006596 0.449840
-0.318044 0.584502 -5.395829 149 84 96 0 0.995448 -0.071655 -0.062836
-0.190483 0.967182 -5.329011 74 99 31 0 -0.793693 -0.070327 0.604240
-0.510902 0.560205 -5.590206 86 105 47 0 -0.413715 0.468877 0.780381
-0.204910 0.998313 -5.345716 69 101 21 0 -0.884794 -0.014680 0.465751
-0.311969 1.096261 -5.576539 72 100 25 0 -0.854703 -0.254430 0.452490
-0.318803 1.052981 -5.540093 126 165 139 0 0.982255 -0.165521 -0.088198
-0.397769 0.955793 -5.658542 108 149 123 0 0.834278 0.373769 -0.405311
-0.539755 0.687005 -5.664616 61 90 44 0 0.657467 -0.159432 -0.736423
-0.296784 0.631577 -5.391273 88 97 42 0 -0.539458 -0.078285 0.838366
-0.318044 0.707506 -5.464923 104 139 105 0 0.302800 0.484794 -0.820541
-0.220096 0.957311 -5.351790 107 143 89 0 0.371322 -0.483843 -0.792474
-0.293746 0.923903 -5.495295 122 162 139 0 0.777567 0.055642 -0.626334
-0.360564 0.638411 -5.479350 79 117 56 0 -0.775047 -0.332163 0.537559
-0.440289 0.755341 -5.650949 74 104 28 0 -0.828408 0.403908 0.388069
-0.324877 0.561723 -5.415570 56 89 49 0 0.861761 -0.498317 -0.095120
-0.263375 0.623985 -5.352549 99 137 87 0 0.720508 0.172861 -0.671556
-0.375749 1.071964 -5.676764 62 93 24 0 -0.700167 0.001381 0.713977
-0.425103 0.738637 -5.594761 91 134 98 0 0.763262 -0.388954 -0.515893
-0.256541 0.961108 -5.449738 121 164 139 0 0.648248 -0.760742 0.032342
-0.282357 0.613355 -5.391273 101 141 106 0 0.876686 0.434634 -0.206192
-0.329433 0.667264 -5.443664 68 99 27 0 -0.787196 0.088433 0.610330
-0.393972 0.654356 -5.527185 74 107 33 0 -0.720965 0.244528 0.648395
-0.299821 1.118280 -5.557557 71 101 20 0 -0.812288 0.435667 0.387792
-0.441048 1.100057 -5.733711 106 146 117 0 0.772131 -0.429324 -0.468502
-0.419029 0.911754 -5.657782 116 155 134 0 0.229112 -0.759032 -0.609408
-0.333229 0.561723 -5.431515 61 87 46 0 0.793348 -0.333621 -0.509211
-0.207188 1.016536 -5.342679 65 97 16 0 -0.892385 0.087434 0.442723
-0.344619 0.811528 -5.515796 107 146 119 0 0.699950 -0.380443 0.604427
-0.343859 1.252674 -5.599317 86 93 104 0 -0.197032 -0.910375 -0.363862
-0.185168 0.680172 -5.245490 129 160 121 0 0.878860 0.441631 -0.180467
-0.151760 0.872271 -5.221952 120 157 128 0 0.420991 0.903691 0.078164
-0.424344 0.966423 -5.707136 116 158 129 0 0.841068 -0.206870 0.499809
-0.227688 1.011980 -5.380643 66 97 18 0 -0.737480 -0.427310 0.523000
-0.449400 0.959589 -5.761805 84 111 32 0 -0.671620 -0.275987 0.687573
-0.317284 0.929977 -5.553001 77 101 32 0 -0.696391 0.286561 0.657969
-0.284635 0.797102 -5.415570 118 153 128 0 0.846726 -0.222663 -0.483194
-0.470660 0.659671 -5.620577 77 107 40 0 -0.413202 0.652163 0.635568
-0.466104 0.931496 -5.769397 125 138 124 0 0.674286 0.365854 -0.641474
-0.405361 1.116761 -5.722322 63 92 26 0 -0.825348 -0.015106 0.564423
-0.535199 0.622466 -5.644115 84 91 54 0 -0.325463 0.301684 0.896137
-0.327914 0.806973 -5.520351 124 133 75 0 -0.640186 0.198998 0.741999
-0.333989 1.048426 -5.589447 111 151 127 0 0.803173 -0.094405 -0.588219
-0.441048 0.605002 -5.557557 76 106 41 0 -0.737304 0.405599 0.540252
-0.395491 0.794065 -5.618299 68 98 27 0 -0.759916 0.467767 0.451354
-0.389416 0.809250 -5.617540 66 98 26 0 -0.823067 0.222243 0.522655
-0.304376 1.155485 -5.547686 119 161 133 0 0.986620 -0.142630 -0.078977
-0.223133 1.063611 -5.382921 130 168 138 0 0.870868 0.491293 0.014806
-0.487364 0.682450 -5.650949 80 107 42 0 -0.534168 0.635272 0.557759
-0.327914 0.945163 -5.562112 120 126 72 0 0.632800 -0.085828 0.769543
-0.373471 0.541222 -5.463405 67 80 57 0 0.164928 -0.600703 -0.782275
-0.292228 1.183579 -5.530982 100 139 87 0 0.086764 -0.516316 -0.851992
-0.277801 1.105372 -5.488461 126 163 143 0 0.908562 0.071979 -0.411501
-0.363601 0.856326 -5.578816 116 151 127 0 0.396869 -0.474623 -0.785639
-0.306654 1.222302 -5.567427 68 60 29 0 -0.790936 -0.151583 0.592826
-0.513180 0.734081 -5.698784 64 100 53 0 0.456665 -0.617251 -0.640670
-0.451678 0.887457 -5.780027 57 57 58 0 0.939287 0.315807 0.134184
-0.373471 0.950478 -5.628170 109 149 122 0 0.505099 -0.308760 -0.805942
-0.373471 0.900365 -5.634244 69 98 28 0 -0.887494 0.126785 0.443035
-0.155556 0.901883 -5.252324 115 156 125 0 0.926507 -0.213592 -0.309779
-0.400046 0.753063 -5.572742 98 138 108 0 0.766112 -0.245971 -0.593776
-0.276283 0.970978 -5.483906 119 163 136 0 -0.032189 -0.993423 0.109887
-0.181372 0.981608 -5.319140 95 126 69 0 0.261437 -0.540095 0.799967
-0.440289 0.642967 -5.576539 73 102 36 0 -0.583900 0.466786 0.664208
-0.184409 0.910236 -5.311548 96 140 104 0 0.715676 -0.176237 -0.675831
-0.274764 0.877586 -5.437589 107 148 110 0 0.988261 0.023827 -0.150906
-0.248948 0.699154 -5.331289 115 148 116 0 0.683033 0.143241 -0.716204
-0.198076 1.028684 -5.327493 76 98 26 0 -0.757762 -0.079688 0.647647
-0.334748 0.964145 -5.561353 171 169 170 0 0.491573 0.223719 -0.841609
-0.434214 1.129669 -5.729155 117 157 130 0 0.738398 -0.015354 -0.674190
-0.349174 1.070445 -5.638800 106 121 67 0 -0.711924 0.658254 0.244675
-0.299061 0.888976 -5.502129 122 162 137 0 0.815954 0.093871 -0.570445
-0.474457 0.954274 -5.765601 99 111 101 0 0.985757 0.165256 -0.031202
-0.400046 1.024128 -5.699543 66 93 22 0 -0.843918 -0.031664 0.535537
-0.414473 1.097779 -5.704858 105 141 115 0 0.513624 -0.467082 -0.719739
-0.362082 0.958071 -5.610706 104 143 118 0 0.601878 -0.441822 -0.665234
-0.251986 0.772045 -5.360901 111 153 122 0 0.736065 -0.079849 -0.672185
-0.309691 0.852530 -5.494536 83 104 36 0 -0.915814 -0.071485 0.395189
-0.314247 0.655875 -5.442145 84 125 90 0 0.149810 -0.694573 -0.703652
-0.365119 1.290638 -5.678283 84 93 58 0 0.640577 0.006918 -0.767863
-0.315006 0.952756 -5.527945 123 164 141 0 0.410177 0.253919 -0.875945
-0.407639 1.199524 -5.712451 84 109 37 0 -0.664624 0.126951 0.736314
-0.374231 0.869993 -5.602355 111 150 128 0 0.752459 -0.205497 -0.625761
-0.275524 1.150170 -5.511999 78 107 25 0 -0.926499 -0.096031 0.363837
-0.310451 0.627781 -5.398866 160 75 75 0 -0.078785 0.001050 0.996891
-0.181372 0.814565 -5.250046 91 119 62 0 -0.878740 0.317196 0.356656
-0.267171 0.841900 -5.425441 100 144 97 0 0.896483 0.262277 -0.357112
-0.421306 0.775842 -5.641078 75 98 32 0 -0.825738 0.467132 0.316140
-0.502550 0.637652 -5.631967 82 105 44 0 -0.659755 0.388577 0.643220
-0.356767 1.071204 -5.649430 65 91 31 0 -0.634102 0.142411 0.760023
-0.393213 0.695358 -5.550723 71 103 31 0 -0.784202 0.307000 0.539238
-0.216299 0.906439 -5.357105 119 161 136 0 0.712784 -0.064799 -0.698384
-0.170742 0.728766 -5.193858 90 95 87 0 0.973910 -0.221950 -0.047301
-0.232244 0.988442 -5.373809 125 166 134 0 0.421107 -0.846875 0.324765
-0.375749 0.836585 -5.586410 111 152 122 0 0.840251 -0.521280 -0.149148
-0.414473 1.056018 -5.691191 102 142 110 0 0.744341 -0.110985 -0.658512
-0.396250 1.056018 -5.677524 106 142 111 0 0.340230 0.103548 -0.934624
-0.315006 0.898846 -5.538574 77 98 29 0 -0.770703 0.422013 0.477412
-0.368916 0.651319 -5.515037 90 134 91 0 0.006925 0.674516 -0.738228
-0.336266 1.219265 -5.637281 109 132 88 0 0.720524 0.126800 -0.681738
-0.377268 0.931496 -5.625133 125 152 131 0 0.302484 -0.952638 -0.031378
-0.378027 0.765971 -5.570464 75 101 36 0 -0.751437 0.379794 0.539535
-0.353730 1.191931 -5.619059 116 149 128 0 0.260874 -0.946521 0.189851
-0.210225 0.781157 -5.285732 115 137 91 0 0.733949 -0.654272 -0.182338
-0.228448 1.027166 -5.404181 111 145 95 0 0.917969 -0.032832 -0.395291
-0.441048 0.797861 -5.701062 70 101 24 0 -0.806908 0.458579 0.372296
-0.206428 0.895050 -5.341160 115 141 98 0 -0.080499 0.269608 -0.959600
-0.334748 0.825195 -5.540093 63 93 19 0 -0.913331 0.271531 0.303476
-0.423584 0.590576 -5.531741 88 110 52 0 -0.681844 0.166266 0.712351
-0.431937 1.002109 -5.738266 83 110 39 0 -0.690228 0.006944 0.723559
-0.282357 0.876068 -5.455053 93 114 56 0 -0.616012 -0.094659 0.782029
-0.492679 0.553371 -5.574261 86 110 52 0 -0.627281 0.373734 0.683258
-0.352971 1.110687 -5.647152 89 105 48 0 -0.704844 0.079931 0.704844
-0.223133 0.746989 -5.300159 106 138 95 0 0.818186 0.055111 -0.572306
-0.459271 0.624744 -5.582613 83 110 47 0 -0.681207 0.381014 0.625127
-0.359045 1.119039 -5.622096 127 153 137 0 -0.482400 -0.799726 -0.357392
-0.401565 0.999831 -5.671450 104 145 115 0 0.918162 -0.079781 -0.388089
-0.235281 1.113724 -5.394310 111 136 117 0 0.877525 -0.412512 -0.244507
-0.384861 0.869234 -5.643356 70 101 23 0 -0.824870 0.292696 0.483652
-0.403084 0.636133 -5.531741 81 111 40 0 -0.712708 0.199435 0.672512
-0.414473 0.943644 -5.685117 117 152 132 0 0.251834 -0.695314 -0.673140
-0.281598 1.024128 -5.503647 123 164 138 0 0.871255 -0.490829 0.001330
-0.200354 0.701432 -5.259916 115 155 115 0 0.792878 0.001369 -0.609379
-0.416751 0.714340 -5.578057 95 139 104 0 0.641320 -0.110572 -0.759264
-0.258819 0.936051 -5.438349 112 150 114 0 0.932937 -0.056422 -0.355592
-0.264134 0.906439 -5.414811 111 153 129 0 0.783986 -0.483324 0.389569
-0.283116 0.812288 -5.452016 92 129 69 0 0.922783 -0.290426 0.253229
-0.289191 0.866197 -5.467961 99 113 56 0 -0.920864 0.239167 0.307909
-0.169983 0.955793 -5.312307 86 130 85 0 0.777618 -0.221955 -0.588258
-0.387139 0.770527 -5.587169 82 102 38 0 -0.748674 0.349164 0.563535
-0.419788 1.046148 -5.726877 73 104 29 0 -0.332595 -0.618139 0.712239
-0.169983 1.015776 -5.301677 54 43 38 0 -0.668063 -0.477187 0.570951
-0.368916 0.980090 -5.653226 71 104 25 0 -0.861443 0.135100 0.489555
-0.395491 0.616392 -5.512759 76 107 37 0 -0.764987 0.236223 0.599161
-0.229207 0.778120 -5.326734 95 133 82 0 0.949704 -0.149105 -0.275374
-0.507106 0.592854 -5.607669 87 110 52 0 -0.465237 0.362917 0.807370
-0.454715 0.759138 -5.650189 89 131 92 0 0.708101 0.422870 -0.565486
-0.386379 1.015017 -5.682079 66 98 25 0 -0.777427 -0.064428 0.625664
-0.442567 0.735600 -5.619818 97 138 104 0 0.506970 -0.048349 -0.860606
-0.273246 0.832029 -5.396588 111 152 123 0 0.553762 0.001354 -0.832674
-0.211743 0.968701 -5.343438 123 162 137 0 0.754921 0.229758 -0.614252
-0.279320 1.068926 -5.499092 122 165 138 0 0.746769 -0.136184 -0.650991
-0.441048 0.538945 -5.536296 79 107 47 0 -0.570445 0.093871 0.815954
-0.356008 0.752304 -5.531741 71 102 32 0 -0.848093 0.173777 0.500539
-0.255782 1.162319 -5.448219 136 171 151 0 0.675831 -0.715676 -0.176237
-0.359804 1.138781 -5.654745 76 97 39 0 -0.850251 -0.054450 0.523554
-0.365879 1.235969 -5.673728 97 138 106 0 0.966112 -0.079355 -0.245622
-0.409158 0.718895 -5.567427 93 135 97 0 0.916964 -0.363112 -0.165308
-0.242115 0.932255 -5.404940 75 108 38 0 -0.658061 0.300874 0.690240
-0.376509 1.189653 -5.669931 87 106 49 0 -0.799496 0.183565 0.571935
-0.387898 0.650560 -5.516555 74 106 33 0 -0.825772 0.245416 0.507811
-0.370434 0.749267 -5.549204 72 104 33 0 -0.813160 0.253432 0.523968
-0.270968 0.918588 -5.455812 102 138 92 0 0.983674 0.134302 -0.119783
-0.308932 1.075760 -5.538574 124 166 141 0 0.723348 0.541270 -0.428712
-0.395491 0.564001 -5.496814 77 108 37 0 -0.627307 0.165560 0.760970
-0.428899 1.140299 -5.720803 114 150 126 0 0.790933 0.523575 -0.316692
-0.509384 0.573872 -5.597799 86 110 47 0 -0.499766 0.523166 0.690312
-0.291469 0.728766 -5.414052 107 146 119 0 0.901392 -0.063900 -0.428263
-0.449400 0.888216 -5.740544 133 168 147 0 0.640902 0.355692 -0.680241
-0.146445 0.921625 -5.234100 48 57 48 0 0.654272 -0.733949 -0.182338
-0.275524 0.787231 -5.411774 93 107 45 0 -0.777567 0.055642 0.626334
-0.450919 0.921625 -5.774713 64 86 21 0 -0.570051 0.157101 0.806450
-0.329433 1.099298 -5.543130 121 162 131 0 0.768457 0.546136 -0.333481
-0.374990 0.534389 -5.451256 87 126 65 0 0.942026 -0.316681 0.110905
-0.219336 0.807732 -5.318381 94 132 81 0 0.985398 -0.150596 0.079448
-0.384101 0.992998 -5.673728 70 100 27 0 -0.752459 0.205497 0.625761
-0.292987 0.711303 -5.438349 176 149 139 0 0.111149 0.721727 0.683195
-0.146445 0.937570 -5.284214 73 108 54 0 0.619334 0.046769 -0.783734
-0.343859 0.979331 -5.612984 75 104 28 0 -0.785663 0.445479 0.429280
-0.256541 0.715858 -5.348753 100 142 105 0 0.797152 0.064171 -0.600359
-0.505587 0.729525 -5.684357 73 108 58 0 0.595588 -0.531474 -0.602337
-0.249708 0.930736 -5.417848 73 101 34 0 -0.870237 -0.031323 0.491636
-0.319562 0.826714 -5.496054 196 174 190 0 -0.157272 -0.381136 -0.911044
-0.530644 0.665745 -5.669172 88 106 53 0 -0.371069 0.412124 0.832143
-0.323359 0.621707 -5.391273 106 97 52 0 0.365380 0.078965 0.927503
-0.341581 0.726488 -5.493017 77 107 36 0 -0.804546 0.166924 0.569949
-0.424344 1.012739 -5.699543 102 143 114 0 0.592732 -0.181324 -0.784723
-0.330192 1.241284 -5.570464 79 88 88 0 0.761503 -0.420873 -0.492930
-0.260338 0.670301 -5.345716 97 142 101 0 0.736989 -0.047042 -0.674266
-0.305895 1.205598 -5.584132 104 143 114 0 0.751508 0.570500 -0.331310
-0.393972 1.226099 -5.691950 69 95 33 0 -0.788962 0.015252 0.614253
-0.474457 0.559445 -5.565908 83 109 49 0 -0.577091 0.371104 0.727494
-0.167705 0.898087 -5.275102 92 132 92 0 0.647929 -0.546953 -0.530123
-0.418269 0.879864 -5.672209 111 150 128 0 0.704874 0.165942 -0.689650
-0.340063 0.862401 -5.532500 106 143 117 0 0.945844 -0.308226 -0.101860
-0.423584 0.614114 -5.541612 75 106 39 0 -0.658493 0.333311 0.674752
-0.482809 1.021091 -5.759527 61 68 62 0 0.953742 -0.070791 0.292172
-0.235281 1.024888 -5.391273 67 100 17 0 -0.845943 -0.229331 0.481443
-0.390935 0.965663 -5.654745 107 146 120 0 0.724152 -0.268971 -0.635026
-0.333989 0.886698 -5.522629 186 174 180 0 -0.014975 -0.529572 -0.848133
-0.174538 0.764453 -5.219674 87 120 49 0 -0.783986 0.483324 0.389569
-0.327155 1.011980 -5.571224 114 154 131 0 0.770863 0.023783 -0.636557
-0.227688 1.000591 -5.385958 69 98 22 0 -0.738126 0.001380 0.674661
-0.229207 0.948200 -5.373809 124 165 144 0 0.927756 -0.230877 -0.293199
-0.293746 0.898087 -5.489221 126 165 140 0 0.403657 0.054983 -0.913257
-0.165427 0.847974 -5.237138 112 145 103 0 0.870319 -0.229189 -0.435909
-0.318803 0.668783 -5.452775 86 129 90 0 0.889288 -0.379847 -0.254721
-0.501032 0.783435 -5.748137 56 58 53 0 0.626469 -0.070568 -0.776245
-0.413714 0.595891 -5.524148 88 111 52 0 -0.664261 0.220378 0.714276
-0.406880 1.228377 -5.708654 71 98 31 0 -0.514867 -0.531637 0.672513
-0.209466 0.833548 -5.310789 78 109 37 0 -0.848795 0.381569 0.365994
-0.188206 0.983127 -5.347993 112 151 124 0 0.864161 -0.308519 -0.397545
-0.270209 0.895809 -5.434552 119 159 132 0 0.839219 -0.371766 -0.396864
-0.505587 0.607280 -5.615262 82 106 43 0 -0.512135 0.545718 0.663257
-0.271727 0.988442 -5.461127 126 166 140 0 0.957237 0.046541 -0.285536
-0.377268 1.284564 -5.680561 80 80 90 0 -0.006742 -0.856281 -0.516466
-0.352971 1.213950 -5.631207 66 92 19 0 -0.886710 0.064613 0.457790
-0.312729 0.802417 -5.490739 110 114 57 0 -0.804546 0.166924 0.569949
-0.417510 1.246599 -5.710932 75 98 35 0 -0.559768 -0.330699 0.759801
-0.294506 0.970978 -5.509721 121 161 138 0 0.892385 -0.087434 -0.442723
-0.315766 0.905680 -5.559075 133 133 118 0 0.316616 -0.406196 -0.857181
-0.454715 0.945163 -5.748137 109 149 117 0 0.277876 0.301154 -0.912190
-0.320321 0.788750 -5.496054 105 127 93 0 0.750976 0.481479 -0.451900
-0.244393 0.841900 -5.379883 95 130 80 0 -0.519351 -0.133129 -0.844128
-0.214021 0.841141 -5.330530 103 145 103 0 0.954752 -0.158460 -0.251671
-0.249708 1.130429 -5.445182 115 148 93 0 -0.403761 0.861253 -0.308577
-0.429659 0.825195 -5.663097 91 130 96 0 0.816015 -0.473764 -0.331160
-0.475216 0.969460 -5.757249 105 129 100 0 0.610227 -0.198285 -0.767011
-0.395491 0.857845 -5.636522 100 141 114 0 0.964380 -0.079837 -0.252184
-0.188965 0.936811 -5.319140 70 99 27 0 -0.601260 0.094629 0.793430
-0.435733 1.263304 -5.704099 72 78 74 0 0.733967 0.206380 -0.647070
-0.433455 0.699913 -5.588687 107 142 102 0 0.696556 -0.244821 -0.674443
-0.463827 0.955033 -5.749656 105 146 109 0 0.878142 0.062231 -0.474335
-0.504069 0.538945 -5.575020 67 70 47 0 -0.484712 0.555154 0.675913
-0.276283 1.038555 -5.481628 119 157 112 0 0.664827 0.269438 -0.696713
-0.335507 0.765971 -5.477072 102 142 111 0 0.001209 -0.960928 0.276796
-0.528366 0.591335 -5.620577 86 105 56 0 0.001380 0.686096 0.727510
-0.334748 0.846456 -5.544649 66 96 22 0 -0.872073 0.071161 0.484175
-0.357526 1.153966 -5.645634 74 102 49 0 -0.934460 0.016573 0.355681
-0.299061 0.781157 -5.439108 117 156 133 0 0.981675 -0.143034 -0.125918
-0.191243 1.008183 -5.323696 78 105 30 0 -0.735004 -0.142792 0.662857
-0.251986 1.102335 -5.426200 131 169 147 0 0.820914 -0.127763 -0.556576
-0.454715 1.004387 -5.732952 95 136 102 0 0.783587 0.079369 -0.616191
-0.368156 0.690043 -5.512759 75 105 37 0 -0.749453 0.386972 0.537190
-0.229207 0.974016 -5.382921 124 166 137 0 0.725806 0.149386 -0.671483
-0.488124 0.772045 -5.706377 83 121 82 0 0.493082 -0.247309 -0.834092
-0.452437 0.576909 -5.554519 79 107 43 0 -0.689961 0.323064 0.647752
-0.286913 1.000591 -5.491498 121 163 138 0 0.924050 -0.316533 -0.214334
-0.302858 1.141059 -5.543130 120 160 133 0 0.624527 0.001373 -0.781002
-0.274005 0.933773 -5.463405 125 167 141 0 0.939170 -0.086102 -0.332485
-0.368916 1.123595 -5.669172 72 103 26 0 -0.687573 0.275987 0.671620
-0.344619 0.810010 -5.536296 114 155 127 0 0.246577 -0.610945 -0.752294
-0.384861 1.069686 -5.659301 112 147 120 0 0.944193 -0.110533 -0.310292
-0.211743 0.709025 -5.275102 106 145 100 0 0.838213 0.087106 -0.538341
-0.381064 1.027166 -5.675246 73 102 29 0 -0.760475 0.135959 0.634974
-0.281598 0.863919 -5.458090 70 99 31 0 -0.870584 -0.023017 0.491481
-0.365119 1.015017 -5.650949 69 103 26 0 -0.835989 0.270422 0.477487
-0.321081 1.166874 -5.606151 111 145 103 0 0.795932 0.600188 0.079161
-0.329433 0.601965 -5.378365 122 111 64 0 0.616255 -0.236780 0.751109
-0.277042 0.761415 -5.403421 92 127 72 0 -0.721269 0.213421 -0.658956
-0.260338 0.823677 -5.404181 75 105 29 0 -0.861505 0.157038 0.482854
-0.269449 0.914032 -5.436071 69 97 23 0 -0.411282 -0.556634 0.721807
-0.324118 0.680931 -5.441386 97 114 53 0 -0.738465 0.285497 0.610869
-0.540514 0.588298 -5.622855 67 69 51 0 -0.286171 0.539139 0.792108
-0.231485 0.791028 -5.332048 107 150 113 0 0.835160 -0.136502 -0.532800
-0.536718 0.611836 -5.638041 83 86 55 0 -0.032445 0.703908 0.709550
-0.333989 0.923143 -5.575020 95 106 50 0 -0.838752 0.220724 0.497771
-0.451678 0.564001 -5.549963 82 107 49 0 -0.508695 0.262904 0.819824
-0.428899 0.881383 -5.748897 67 95 24 0 -0.883628 0.236926 0.403817
-0.456993 1.049185 -5.734470 84 127 92 0 0.070376 -0.955838 0.285344
-0.352971 1.134225 -5.632726 111 142 125 0 0.785650 0.286122 -0.548532
-0.353730 0.585261 -5.461127 87 126 79 0 0.848683 -0.120411 -0.515013
-0.283116 0.778879 -5.423922 110 114 55 0 -0.770129 0.181476 0.611529
-0.352971 1.055259 -5.655504 100 135 88 0 0.806908 -0.372296 -0.458579
-0.441807 0.704469 -5.599317 101 140 107 0 0.987328 0.086111 -0.133295
-0.179853 0.921625 -5.306992 81 114 56 0 0.078196 0.222176 0.971866
-0.208706 1.060574 -5.339642 61 68 58 0 -0.126936 -0.959218 -0.252564
-0.542792 0.664227 -5.669931 60 60 48 0 0.016117 0.301270 0.953403
-0.298302 0.662708 -5.422403 171 152 153 0 0.988709 0.063750 0.135614
-0.333989 0.614114 -5.429237 63 87 23 0 -0.862884 0.427637 0.269366
-0.450919 0.668783 -5.606151 74 104 36 0 -0.658429 0.523712 0.540552
-0.332470 0.747748 -5.494536 77 104 33 0 -0.881316 0.183302 0.435526
-0.324118 0.958071 -5.567427 146 145 96 0 -0.395677 -0.205869 0.895018
-0.272486 0.758378 -5.391273 109 151 118 0 0.893001 -0.014596 -0.449818
-0.264894 0.759138 -5.375328 105 148 114 0 0.845402 0.071979 -0.529258
-0.327914 0.907958 -5.566668 128 131 81 0 -0.769177 0.253246 0.586714
-0.315006 0.863919 -5.520351 155 142 122 0 0.673424 0.380344 0.633907
-0.182891 0.981608 -5.331289 96 136 93 0 0.910965 -0.387195 0.142206
-0.284635 1.050704 -5.496814 129 170 145 0 0.626469 0.070568 -0.776245
-0.296024 1.179023 -5.550723 69 99 26 0 -0.703583 0.230349 0.672243
-0.375749 1.169911 -5.672968 84 110 38 0 -0.886622 -0.056185 0.459070
-0.286154 1.093983 -5.507443 125 163 143 0 0.962134 0.260551 -0.080072
-0.467623 0.810769 -5.727637 96 134 97 0 0.839554 -0.230077 -0.492152
-0.346896 1.041592 -5.633485 106 120 62 0 -0.768270 0.079576 0.635161
-0.324118 1.056778 -5.563631 126 166 143 0 0.799824 -0.586932 -0.125666
-0.259578 0.893531 -5.414052 121 163 141 0 0.751669 0.055838 -0.657173
-0.287672 1.140299 -5.537056 75 100 24 0 -0.883788 -0.056179 0.464503
-0.336266 0.853289 -5.518833 119 151 130 0 0.986127 -0.071868 0.149627
-0.245911 0.985405 -5.418607 79 101 31 0 -0.890077 0.300682 0.342568
-0.387898 0.557927 -5.488461 80 112 49 0 -0.813974 0.488385 0.314526
-0.380305 0.617910 -5.494536 71 102 31 0 -0.773429 0.174743 0.609322
-0.305895 0.682450 -5.448219 137 122 104 0 0.412124 -0.371069 -0.832143
-0.465345 0.931496 -5.757249 111 147 111 0 0.205892 0.244071 -0.947649
-0.233003 1.049185 -5.418607 119 150 112 0 0.893466 0.196766 -0.403736
-0.320321 0.887457 -5.518833 117 151 129 0 0.577996 0.317174 -0.751878
-0.459271 1.099298 -5.758008 77 82 78 0 0.935511 -0.350003 0.048142
-0.498754 0.576909 -5.591724 80 105 44 0 -0.579217 0.419891 0.698712
-0.419029 0.545019 -5.519592 78 107 37 0 -0.658391 0.006930 0.752644
-0.404602 0.906439 -5.696506 65 97 29 0 -0.850864 0.014927 0.525174
-0.336266 1.170671 -5.606910 64 91 27 0 -0.869704 0.165728 0.464918
-0.512421 0.646004 -5.644115 82 105 49 0 -0.466911 0.681121 0.563975
-0.368916 0.890494 -5.602355 112 152 125 0 0.956852 -0.261198 -0.127318
-0.220096 0.769768 -5.300159 111 142 109 0 0.827552 -0.175723 -0.533178
-0.324877 1.194209 -5.594761 70 101 23 0 -0.729764 -0.293509 0.617492
-0.455474 0.837344 -5.731433 113 154 124 0 0.946173 0.001240 -0.323658
-0.341581 0.627022 -5.449738 83 120 73 0 0.935945 -0.310144 -0.166788
-0.260338 1.130429 -5.462646 127 167 143 0 0.936039 -0.285973 -0.205064
-0.508624 0.619429 -5.621336 84 103 44 0 -0.301144 0.466539 0.831657
-0.236800 0.873031 -5.392791 93 130 74 0 0.987389 0.095554 -0.126225
-0.381824 0.814565 -5.607669 80 112 37 0 -0.846591 0.206743 0.490449
-0.428140 0.950478 -5.720044 117 158 133 0 0.959718 0.221066 -0.173411
-0.323359 1.052222 -5.629689 153 158 157 0 -0.056244 -0.261220 -0.963639
-0.451678 0.778120 -5.669931 100 133 106 0 0.642876 -0.682135 -0.348429
-0.482049 0.755341 -5.685117 83 124 85 0 0.848384 -0.396950 -0.350250
-0.286154 1.170671 -5.542371 76 107 24 0 -0.925055 0.134126 0.355365
-0.280079 1.085631 -5.487702 127 167 144 0 0.877034 -0.456637 -0.149313
-0.440289 1.179782 -5.735229 83 89 87 0 0.972674 -0.221231 0.070448
-0.362082 1.253433 -5.649430 82 102 32 0 -0.594710 0.198237 0.779116
-0.464586 0.536667 -5.550723 88 109 53 0 -0.412512 0.244507 0.877525
-0.364360 0.712062 -5.520351 76 107 33 0 -0.767140 0.239048 0.595275
-0.284635 0.717377 -5.391273 97 136 89 0 0.751711 0.189081 -0.631806
-0.245152 1.040074 -5.429996 118 151 107 0 -0.443356 0.539665 -0.715679
-0.329433 1.234451 -5.603873 121 134 94 0 0.844175 -0.306266 -0.439966
-0.288431 0.759138 -5.407218 105 148 117 0 0.476010 0.094637 -0.874333
-0.359804 0.616392 -5.470239 72 102 35 0 -0.769543 0.085828 0.632800
-0.340063 0.977053 -5.559834 170 167 169 0 0.118759 -0.070333 -0.990429
-0.432696 1.140299 -5.758767 52 53 36 0 -0.807995 0.064127 0.585689
-0.488124 0.790268 -5.723840 85 123 83 0 0.790841 -0.354515 -0.498888
-0.345378 0.939848 -5.600077 68 98 24 0 -0.881749 0.136205 0.451627
-0.238318 0.947441 -5.404181 70 100 33 0 -0.929678 -0.032416 0.366944
-0.170742 0.936051 -5.302436 77 108 51 0 -0.688218 0.086210 0.720364
-0.330951 1.206357 -5.595521 107 142 96 0 0.744588 0.611229 -0.268306
-0.460789 1.079556 -5.758008 56 61 57 0 0.809742 -0.492818 0.318509
-0.458512 1.100057 -5.744341 116 146 117 0 0.064838 -0.467664 -0.881525
-0.485087 0.692320 -5.672209 84 110 52 0 -0.690187 0.347541 0.634711
-0.439529 0.904161 -5.776231 72 99 29 0 -0.859392 0.457638 0.228064
-0.280839 0.795583 -5.404181 128 152 132 0 0.780808 -0.456148 -0.426928
-0.278561 0.727248 -5.387476 103 145 109 0 0.808409 -0.300987 -0.505847
-0.281598 0.600447 -5.400384 61 72 42 0 -0.774851 -0.442073 0.451860
-0.289191 0.829751 -5.451256 109 149 105 0 0.904828 0.110141 -0.411285
-0.477494 0.981608 -5.756489 95 122 90 0 0.499367 0.315473 -0.806913
-0.258060 1.068167 -5.453534 131 172 149 0 0.856281 0.006742 -0.516466
-0.520773 0.656634 -5.657023 86 111 49 0 -0.529047 0.426864 0.733414
-0.307414 0.579187 -5.394310 80 85 52 0 0.888110 0.341118 0.308058
-0.499513 0.661949 -5.646393 78 106 41 0 -0.490073 0.402153 0.773371
-0.245152 1.074241 -5.411774 130 171 150 0 0.831854 -0.102716 -0.545407
-0.357526 1.035518 -5.593243 125 151 136 0 0.347683 -0.142675 -0.926693
-0.269449 1.130429 -5.482387 124 165 140 0 0.800161 -0.223552 -0.556567
-0.435733 0.748508 -5.637281 74 103 30 0 -0.748816 0.358977 0.557145
-0.250467 0.950478 -5.415570 125 161 135 0 0.874977 0.308905 -0.372816
-0.365119 0.936051 -5.605391 110 144 121 0 0.570051 0.157101 -0.806450
-0.327155 0.814565 -5.487702 215 185 204 0 -0.064507 -0.635036 -0.769784
-0.175298 0.826714 -5.244730 83 116 48 0 -0.908562 0.071979 0.411501
-0.387139 1.018813 -5.653226 104 143 115 0 0.874641 0.006677 -0.484725
-0.425862 0.842659 -5.679042 113 147 123 0 0.958152 -0.270248 -0.094393
-0.372712 0.786472 -5.593243 87 129 89 0 0.547977 -0.682039 -0.484298
-0.438011 0.703710 -5.617540 85 113 41 0 -0.285611 0.735567 0.614302
-0.217058 0.966423 -5.372291 117 154 119 0 0.722131 0.001381 -0.691755
-0.377268 0.690802 -5.524148 77 107 38 0 -0.782597 0.372742 0.498603
-0.270968 0.683209 -5.362420 120 136 112 0 0.819066 -0.292859 -0.493319
-0.348415 0.904921 -5.593243 116 156 132 0 0.866692 -0.119296 -0.484370
-0.374231 1.221543 -5.693469 101 133 87 0 0.838757 0.126908 -0.529511
-0.340063 0.877586 -5.529463 109 142 121 0 0.742708 -0.377067 -0.553358
-0.349174 1.011221 -5.577298 146 162 151 0 0.870385 0.481338 -0.103651
-0.341581 1.199524 -5.600077 111 143 100 0 0.237672 0.926494 0.291753
-0.529125 0.693839 -5.686635 66 69 50 0 0.022934 0.245027 0.969245
-0.479012 0.709784 -5.640319 71 109 63 0 0.593290 -0.404891 -0.695752
-0.273246 0.974775 -5.460368 124 165 140 0 0.746274 -0.142648 -0.650174
-0.258060 0.989961 -5.448219 122 164 139 0 0.886710 0.064613 -0.457790
-0.443326 0.788750 -5.669172 92 133 100 0 0.955403 0.166563 -0.243848
-0.377268 0.825955 -5.591724 95 139 100 0 0.932698 -0.340768 -0.118115
-0.343100 1.118280 -5.638800 78 104 33 0 -0.451056 -0.364989 0.814451
-0.238318 0.734081 -5.322178 105 138 94 0 0.765978 -0.055630 -0.640455
-0.337785 0.587539 -5.437589 79 121 80 0 0.756703 0.015329 -0.653579
-0.267171 0.959589 -5.457331 124 166 139 0 0.891485 -0.172499 -0.418926
-0.308173 0.625503 -5.410255 117 94 80 0 0.205945 0.008145 -0.978530
-0.256541 1.031721 -5.443664 125 168 144 0 0.941511 -0.253005 -0.222589
-0.387139 0.736359 -5.545408 90 130 96 0 0.850506 -0.183209 -0.493025
-0.401565 1.135744 -5.713969 74 104 30 0 -0.754059 0.191970 0.628126
-0.277042 0.699913 -5.375328 89 129 86 0 0.859748 -0.267240 -0.435219
-0.142648 0.841900 -5.210563 102 132 79 0 0.206192 0.434634 -0.876686
-0.291469 0.974775 -5.489980 121 162 136 0 -0.085757 -0.626462 -0.774720
-0.223892 1.070445 -5.349512 65 57 40 0 -0.921058 0.134755 0.365367
-0.344619 0.876827 -5.562112 118 157 133 0 0.925371 -0.220326 0.308457
-0.425103 0.817603 -5.686635 75 101 27 0 -0.773251 0.284213 0.566839
-0.352211 1.094742 -5.645634 88 105 49 0 -0.874983 -0.112396 0.470926
-0.304376 0.867716 -5.524907 223 171 178 0 0.055059 0.577415 0.814592
-0.513939 0.762934 -5.735229 52 54 49 0 0.380538 -0.899586 -0.214326
-0.327914 0.846456 -5.504406 199 179 190 0 -0.062415 -0.156626 -0.985684
-0.321840 0.623985 -5.419366 94 103 83 0 0.799631 -0.167154 -0.576758
-0.442567 1.125873 -5.739785 127 157 135 0 0.949190 0.284356 -0.134836
-0.380305 0.701432 -5.536296 72 103 32 0 -0.761503 0.492930 0.420873
-0.450159 1.064371 -5.729915 88 130 95 0 0.492547 -0.660652 -0.566513
-0.385620 0.663468 -5.519592 77 107 36 0 -0.714954 0.340377 0.610724
-0.241356 0.979331 -5.407977 72 98 29 0 -0.879172 0.031157 0.475485
-0.473697 0.639930 -5.606151 77 105 42 0 -0.687578 0.095293 0.719831
-0.428140 0.526796 -5.524148 78 103 43 0 -0.603913 -0.482794 0.634192
-0.147963 0.807732 -5.202210 108 144 109 0 0.500163 -0.119635 -0.857627
-0.245911 0.996035 -5.423922 108 141 104 0 -0.730127 -0.649175 -0.213278
-0.419029 1.040074 -5.699543 105 145 110 0 0.771307 0.110608 -0.626779
-0.282357 1.097779 -5.496054 127 165 144 0 0.529808 -0.712500 -0.460052
-0.408399 1.157763 -5.705617 114 151 121 0 0.561908 0.548409 -0.619280
-0.158593 0.979331 -5.297881 79 107 33 0 -0.380437 -0.016765 0.924655
-0.382583 1.215469 -5.664616 109 144 117 0 0.378984 -0.040652 -0.924510
-0.300580 1.005906 -5.518833 124 166 145 0 0.940777 0.269386 -0.205838
-0.197317 0.906439 -5.318381 75 103 31 0 -0.830457 0.143080 0.538396
-0.400806 1.011980 -5.701062 66 96 25 0 -0.847259 0.126435 0.515913
-0.321081 0.970219 -5.541612 126 165 146 0 0.917923 0.038302 -0.394905
-0.325636 0.766730 -5.470998 205 176 178 0 0.973244 0.228646 -0.022745
-0.399287 1.229895 -5.677524 103 138 113 0 0.483753 0.364824 -0.795541
-0.333229 0.746989 -5.482387 80 109 40 0 -0.254097 0.833129 -0.491254
-0.239837 0.787231 -5.342679 109 148 111 0 0.870522 -0.254971 -0.420928
-0.255782 1.103094 -5.445941 116 150 98 0 0.745885 -0.577616 -0.331684
-0.327155 0.732563 -5.454294 127 132 113 0 0.237899 -0.833415 -0.498821
-0.176057 0.756100 -5.211322 80 108 28 0 -0.855127 0.294287 0.426793
-0.298302 1.203320 -5.558316 72 98 28 0 -0.656264 -0.046978 0.753067
-0.363601 0.877586 -5.587169 109 150 127 0 0.945645 0.141644 -0.292732
-0.141130 0.797102 -5.186265 97 101 97 0 0.877761 -0.103183 -0.467856
-0.350693 0.933773 -5.608428 71 100 26 0 -0.840547 0.142790 0.522582
-0.352211 1.098539 -5.664616 79 96 35 0 -0.806860 0.571215 0.150634
-0.489642 0.714340 -5.655504 62 105 55 0 0.481704 -0.599193 -0.639475
-0.346137 0.745470 -5.511240 72 104 31 0 -0.791071 0.261602 0.552966
-0.207188 1.051463 -5.329011 66 54 36 0 -0.625510 -0.571557 0.531093
-0.303617 0.682450 -5.431515 218 144 149 0 0.745004 0.626303 0.229593
-0.453956 0.982368 -5.759527 76 102 31 0 -0.673146 0.086151 0.734474
-0.248189 0.728007 -5.336604 83 114 48 0 -0.740988 -0.046934 0.669876
-0.296024 0.658153 -5.385958 105 106 52 0 -0.801135 0.119068 0.586519
-0.374990 0.989201 -5.657023 69 102 26 0 -0.365420 -0.403060 0.839054
-0.230726 1.070445 -5.407218 127 162 131 0 0.982754 0.158353 -0.095495
-0.284635 0.680931 -5.383680 81 118 63 0 -0.475377 0.166308 -0.863920
-0.366638 1.241284 -5.652467 71 99 26 0 -0.824888 0.054993 0.562616
-0.319562 0.871512 -5.533259 117 120 67 0 -0.832696 -0.072347 0.548984
-0.144926 0.810769 -5.183228 87 86 78 0 -0.492477 -0.372991 -0.786349
-0.318803 0.762175 -5.489221 97 133 92 0 0.894822 -0.428327 -0.125812
-0.324118 1.043111 -5.543890 127 165 142 0 0.325541 -0.825648 0.460790
-0.160871 0.778120 -5.202210 95 124 58 0 -0.971046 0.172716 0.165040
-0.475975 1.021091 -5.748897 102 137 97 0 0.691313 0.023838 -0.722162
-0.431177 0.986164 -5.707136 115 154 126 0 0.833415 0.237899 -0.498821
-0.297543 1.077278 -5.531741 123 162 136 0 0.877802 0.402012 -0.260480
-0.367397 0.951237 -5.618299 102 143 116 0 0.785639 -0.396869 -0.474623
-0.354489 0.974775 -5.582613 115 154 133 0 0.442460 -0.855830 0.267925
-0.330192 1.249637 -5.600836 105 114 122 0 -0.254050 -0.736902 -0.626446
-0.242874 0.913273 -5.403421 94 129 73 0 -0.991178 -0.072190 0.111149
-0.302099 0.652838 -5.395829 98 103 49 0 -0.874255 0.277277 0.398491
-0.362841 0.927699 -5.644875 102 138 106 0 0.633061 -0.032285 -0.773429
-0.267931 0.806973 -5.397347 139 151 137 0 0.632390 -0.585172 -0.507599
-0.217818 0.736359 -5.296362 99 134 82 0 0.298728 0.570300 -0.765192
-0.389416 0.787990 -5.603873 73 100 30 0 -0.718905 0.499747 0.483144
-0.360564 0.770527 -5.547686 91 105 49 0 -0.822433 0.205228 0.530553
-0.318044 0.796343 -5.504406 100 120 73 0 0.888302 -0.332174 -0.317143
-0.261856 1.148651 -5.464164 121 157 114 0 0.958152 0.270248 -0.094393
-0.348415 1.185856 -5.628930 78 106 47 0 -0.826157 -0.096601 0.555097
-0.368156 0.917069 -5.629689 84 97 40 0 -0.876746 0.118325 0.466172
-0.486605 0.756860 -5.698024 84 123 83 0 0.713894 -0.435625 -0.548258
-0.489642 0.748508 -5.690432 83 123 82 0 0.627038 -0.603503 -0.492552
-0.542033 0.641448 -5.657782 57 58 44 0 -0.040192 0.539129 0.841263
-0.364360 0.844937 -5.580335 103 143 116 0 0.910076 0.095000 -0.403407
-0.186687 0.854808 -5.280417 84 114 44 0 -0.817441 0.269366 0.509149
-0.196558 0.828992 -5.288769 102 143 101 0 0.931068 -0.150350 -0.332426
-0.207188 0.911754 -5.349512 107 150 120 0 0.714476 -0.110943 -0.690808
-0.415232 0.584502 -5.523388 82 111 44 0 -0.699762 0.183015 0.690535
-0.339304 1.036277 -5.626652 81 95 35 0 -0.293797 -0.672682 0.679104
-0.266412 1.015017 -5.470239 122 163 140 0 0.918700 -0.309109 -0.245849
-0.315006 1.065889 -5.556797 126 165 146 0 0.995414 -0.007500 -0.095363
-0.201113 0.761415 -5.263713 83 118 50 0 -0.944432 0.198756 0.261809
-0.323359 0.719655 -5.464164 134 143 88 0 -0.854467 0.307485 0.418735
-0.338544 1.097020 -5.601595 115 155 131 0 0.767741 0.277020 -0.577784
-0.209466 0.987683 -5.353309 72 103 24 0 -0.854899 0.077718 0.512940
-0.328674 0.887457 -5.556797 135 140 89 0 -0.473764 0.331160 0.816015
-0.176816 0.774323 -5.228026 105 143 95 0 0.824956 0.031889 -0.564297
-0.359804 0.906439 -5.611466 71 100 25 0 -0.861224 0.141352 0.488173
-0.347656 0.574631 -5.370772 73 97 35 0 -0.286619 0.690128 0.664509
-0.338544 0.822918 -5.500610 110 146 120 0 0.936483 0.001257 0.350710
-0.491161 0.654356 -5.633485 81 109 42 0 -0.488782 0.639951 0.592921
-0.152519 0.785713 -5.190821 95 115 49 0 -0.679518 0.276604 0.679518
-0.196558 0.683209 -5.241694 81 109 32 0 -0.888502 -0.117617 0.443543
-0.356767 0.885179 -5.576539 114 155 131 0 0.856563 -0.040001 -0.514490
-0.305136 0.601206 -5.415570 44 80 39 0 0.094609 -0.110962 -0.989311
-0.445604 0.941366 -5.725359 117 156 130 0 0.531946 -0.222283 -0.817082
-0.391694 1.100057 -5.698784 68 99 27 0 -0.816001 0.087788 0.571345
-0.233763 1.010461 -5.418607 117 150 115 0 0.949391 0.087495 -0.301663
-0.431177 0.958071 -5.710932 117 159 131 0 0.791869 -0.364613 -0.489899
-0.183650 0.734840 -5.222711 80 110 28 0 -0.869704 0.165728 0.464918
-0.185928 0.717377 -5.215878 81 110 24 0 -0.888302 0.317143 0.332174
-0.409158 0.573872 -5.527185 84 126 86 0 0.657570 -0.641007 0.395867
-0.338544 0.828992 -5.517314 109 148 121 0 0.951967 0.181776 0.246407
-0.451678 0.854808 -5.747378 122 159 134 0 0.985904 0.118308 -0.118308
-0.165427 0.769768 -5.211322 105 144 102 0 0.763333 -0.070706 -0.642124
-0.245911 0.755341 -5.341919 100 138 90 0 0.743806 -0.038253 -0.667300
-0.223133 0.860882 -5.349512 103 116 59 0 -0.806665 0.001365 0.591008
-0.439529 0.855567 -5.697265 117 153 128 0 0.548784 -0.579178 -0.602818
-0.332470 0.802417 -5.496814 93 121 87 0 0.307801 -0.704235 -0.639774
-0.368916 1.210154 -5.686635 95 116 75 0 0.744588 0.268306 -0.611229
-0.249708 1.062093 -5.424681 62 94 18 0 -0.913804 0.032965 0.404816
-0.499513 0.752304 -5.742822 59 60 38 0 0.112002 0.460770 0.880424
-0.296784 0.707506 -5.450497 206 170 186 0 -0.190022 -0.190022 -0.963215
-0.400046 1.050704 -5.654745 106 147 110 0 0.920121 0.341678 -0.191397
-0.299821 0.766730 -5.432274 139 149 140 0 0.715531 -0.692023 0.095502
-0.189724 0.885938 -5.298640 71 102 25 0 -0.842216 0.197371 0.501714
-0.401565 0.911754 -5.642597 121 160 134 0 0.449241 -0.891655 -0.055984
-0.424344 1.194968 -5.726877 67 82 32 0 -0.593562 -0.284846 0.752693
-0.340822 0.735600 -5.499851 74 105 33 0 -0.769261 0.291459 0.568585
-0.373471 0.834307 -5.602355 73 104 33 0 -0.829060 0.127661 0.544392
-0.151001 0.935292 -5.272065 82 103 43 0 0.665234 0.601878 0.441822
-0.263375 1.040833 -5.452775 129 171 148 0 0.724220 -0.061911 -0.686785
-0.246671 1.112206 -5.427719 119 162 135 0 0.212473 -0.971846 -0.101836
-0.423584 0.636892 -5.553760 78 108 40 0 -0.753384 0.418547 0.507180
-0.422066 0.767490 -5.633485 75 105 31 0 -0.666071 0.301587 0.682199
-0.228448 1.078038 -5.366976 113 121 111 0 0.845730 0.322405 -0.425201
-0.168464 0.750026 -5.196896 87 115 32 0 -0.746963 0.513845 0.421911
-0.327914 1.098539 -5.597039 121 161 139 0 0.850998 -0.101890 -0.515191
-0.343859 1.073482 -5.615262 113 145 125 0 -0.394455 -0.917739 -0.046485
-0.442567 1.100816 -5.761045 63 63 35 0 -0.462574 0.094202 0.881562
-0.471419 0.570075 -5.568186 78 107 44 0 -0.597145 0.221797 0.770860
-0.431177 1.244321 -5.704099 103 127 108 0 0.852260 0.520283 -0.054400
-0.393213 0.601206 -5.505925 79 107 43 0 -0.749078 0.383515 0.540184
-0.392454 1.213950 -5.675246 105 138 116 0 0.974465 -0.039848 -0.220975
-0.437252 1.180542 -5.713969 110 147 123 0 0.530607 0.284985 -0.798273
-0.319562 1.076519 -5.553760 126 167 146 0 0.182166 0.174414 -0.967675
-0.368916 1.063611 -5.666134 68 95 27 0 -0.687578 0.095293 0.719831
-0.444085 0.711303 -5.625133 72 103 28 0 -0.570383 0.284397 0.770573
-0.435733 1.024128 -5.744341 83 111 37 0 -0.726648 -0.206064 0.655378
-0.472179 1.081075 -5.755730 47 52 48 0 -0.443080 -0.616968 -0.650408
-0.200354 0.883661 -5.317622 70 103 26 0 -0.832946 0.294256 0.468630
-0.303617 0.716618 -5.441386 187 173 153 0 0.694569 0.001381 0.719425
-0.305895 0.945163 -5.515037 120 160 137 0 0.879064 -0.341605 -0.332496
-0.496476 0.731044 -5.675246 62 99 56 0 0.078196 -0.971866 -0.222176
-0.229207 0.840381 -5.354068 99 133 87 0 0.934332 -0.333204 0.126482
-0.485087 0.623985 -5.606910 86 111 46 0 -0.624942 0.434960 0.648273
-0.210225 0.745470 -5.277380 103 141 93 0 0.702669 0.206302 -0.680953
-0.363601 0.784953 -5.562871 68 99 29 0 -0.757132 0.481214 0.441797
-0.215540 0.819121 -5.318381 88 123 65 0 0.070208 0.594615 -0.800939
-0.297543 1.119039 -5.524907 125 163 138 0 0.781594 -0.135476 -0.608899
-0.299061 0.740155 -5.423922 103 149 110 0 0.149562 -0.190467 -0.970234
-0.241356 0.929977 -5.373809 119 163 134 0 0.773449 0.578118 -0.259917
-0.478253 0.810769 -5.770157 64 66 63 0 0.808734 -0.460994 -0.365286
-0.381824 0.856326 -5.634244 71 101 32 0 -0.928179 0.127505 0.349609
-0.282357 0.940607 -5.477072 123 164 140 0 0.516036 -0.191069 -0.834985
-0.518495 0.709784 -5.704099 80 101 47 0 -0.150371 0.865728 0.477392
-0.242874 1.023369 -5.407218 66 94 20 0 -0.887950 -0.022768 0.459377
-0.403843 1.235210 -5.700302 75 100 32 0 -0.657607 -0.120240 0.743704
-0.390935 0.885938 -5.659301 70 101 27 0 -0.827435 0.072632 0.556845
-0.158593 0.854808 -5.228026 115 155 118 0 0.895870 -0.030800 -0.443248
-0.383342 0.962626 -5.641837 104 145 116 0 0.861032 -0.101382 -0.498342
-0.374231 0.926940 -5.641837 74 100 31 0 -0.727687 0.395875 0.560138
-0.423584 0.793305 -5.630448 88 121 93 0 0.967197 0.254023 0.001193
-0.394731 0.675616 -5.540093 97 114 53 0 -0.767121 0.309091 0.562128
-0.302099 0.904161 -5.501369 119 160 134 0 0.610295 0.006888 -0.792144
-0.399287 0.902643 -5.686635 102 134 86 0 -0.347807 0.902537 -0.253884
-0.365879 1.034758 -5.583372 121 149 133 0 0.309082 0.823695 -0.475390
-0.415232 0.801658 -5.624374 109 137 112 0 -0.133853 -0.539826 -0.831067
-0.486605 0.603484 -5.596280 88 115 52 0 -0.532378 0.442819 0.721447
-0.268690 1.131188 -5.497573 79 111 25 0 -0.823205 0.127663 0.553205
-0.359804 0.794824 -5.542371 105 146 118 0 0.978855 0.001156 -0.204554
-0.343100 1.083353 -5.609947 108 147 123 0 0.935438 0.262259 -0.237015
-0.322599 0.729525 -5.478590 86 125 70 0 -0.151050 0.966978 0.205273
-0.169983 0.782675 -5.221193 103 144 104 0 0.650710 -0.427705 -0.627411
-0.236041 0.989201 -5.426200 108 128 83 0 0.648661 0.165583 -0.742846
-0.387898 1.034758 -5.652467 106 146 116 0 0.766811 -0.323121 -0.554612
-0.255782 0.620947 -5.344956 97 142 102 0 0.837246 0.204391 -0.507192
-0.279320 0.627781 -5.370772 94 137 94 0 0.815522 0.166709 -0.554195
-0.472179 0.595891 -5.581094 82 109 46 0 -0.627411 0.427705 0.650710
-0.422066 0.875308 -5.773953 125 160 133 0 0.940218 0.197432 -0.277509
-0.241356 0.831270 -5.378365 118 137 103 0 0.909821 -0.236524 -0.341001
-0.349934 0.948959 -5.615262 69 102 25 0 -0.859475 0.071506 0.506151
-0.346137 0.758378 -5.518074 71 102 29 0 -0.816730 0.300569 0.492556
-0.397769 0.826714 -5.616781 95 135 101 0 0.802086 -0.197084 -0.563752
-0.451678 0.549575 -5.546167 78 105 43 0 -0.501566 0.104314 0.858807
-0.343859 1.208635 -5.617540 68 97 20 0 -0.838844 0.001351 0.544370
-0.381824 0.545019 -5.481628 68 97 28 0 -0.744272 0.292907 0.600220
-0.466864 0.734840 -5.644115 83 125 87 0 0.300650 -0.728312 -0.615769
-0.434214 0.928458 -5.711691 120 158 133 0 0.998089 0.039245 -0.047730
-0.264894 1.090186 -5.463405 130 172 149 0 0.738126 0.001380 -0.674661
-0.415232 1.209394 -5.713210 77 96 45 0 -0.743806 0.038253 0.667300
-0.191243 0.953515 -5.330530 107 143 117 0 0.490670 0.325525 -0.808255
-0.171501 0.998313 -5.306992 83 109 35 0 -0.627778 0.040911 0.777316
-0.349934 0.629300 -5.459609 69 101 31 0 -0.856724 0.126117 0.500118
-0.356008 0.996794 -5.600836 110 148 128 0 0.840431 -0.333355 -0.427258
-0.216299 0.876827 -5.347993 123 156 132 0 0.945645 -0.141644 -0.292732
-0.395491 1.027925 -5.669172 108 148 113 0 0.950458 0.031556 -0.309246
-0.414473 0.825955 -5.648671 116 151 131 0 0.531474 -0.595588 -0.602337
-0.296784 1.149411 -5.553001 75 101 27 0 -0.931992 -0.008900 0.362371
-0.293746 0.788750 -5.429996 107 147 121 0 0.963215 -0.190022 -0.190022
-0.487364 0.588298 -5.589447 89 110 54 0 -0.405281 0.263659 0.875347
-0.212503 0.756100 -5.284214 101 135 82 0 0.802379 -0.144398 -0.579083
-0.334748 0.933014 -5.581854 88 105 44 0 -0.794828 0.055453 0.604296
-0.431937 1.096261 -5.725359 113 152 122 0 0.104542 -0.667006 -0.737682
-0.365119 0.549575 -5.454294 83 129 85 0 0.910686 -0.086276 -0.403989
-0.398528 1.293675 -5.701821 66 66 68 0 0.064171 -0.797152 -0.600359
-0.311210 1.204079 -5.553001 98 134 84 0 0.420532 0.086864 -0.903110
-0.321081 0.986923 -5.570464 82 97 42 0 0.886406 0.157615 0.435250
-0.367397 0.631577 -5.484665 76 113 52 0 -0.937968 -0.120114 0.325252
-0.289191 0.981608 -5.498332 119 161 136 0 0.914496 -0.112064 -0.388765
-0.488883 0.724970 -5.661579 73 110 64 0 0.341768 -0.562055 -0.753186
-0.423584 0.562482 -5.525666 73 104 35 0 -0.752118 0.229857 0.617644
-0.349934 0.847974 -5.574261 66 98 22 0 -0.101752 0.994544 0.022976
-0.269449 0.607280 -5.371531 106 145 106 0 0.811701 0.358807 -0.460868
-0.320321 0.875308 -5.551482 95 134 102 0 0.798609 -0.601387 -0.023611
-0.342341 1.182060 -5.620577 66 93 26 0 -0.854015 0.086680 0.512977
-0.411436 0.754582 -5.610706 72 102 29 0 -0.736611 0.374022 0.563483
-0.437252 1.145614 -5.743582 77 82 82 0 0.931917 -0.339747 -0.126894
-0.397769 1.188134 -5.700302 72 100 28 0 -0.841263 0.040192 0.539129
-0.305895 0.576909 -5.414811 77 96 62 0 0.477148 -0.738011 0.477148
-0.233763 0.672579 -5.310789 103 137 83 0 0.760442 0.015292 -0.649226
-0.368156 1.045388 -5.663097 69 100 26 0 -0.804747 0.032078 0.592751
-0.376509 1.112206 -5.678283 68 100 24 0 -0.801930 0.064097 0.593969
-0.231485 0.762934 -5.325215 102 142 100 0 0.852931 -0.221913 -0.472508
-0.245911 1.164596 -5.423922 59 67 64 0 0.743982 -0.624944 -0.236508
-0.310451 0.833548 -5.499851 148 147 139 0 0.785691 0.238041 -0.570987
-0.206428 0.680931 -5.270546 106 143 102 0 0.799300 0.230359 -0.555026
-0.258819 0.848733 -5.402662 115 155 129 0 0.672407 0.538261 -0.508078
-0.364360 0.827473 -5.556038 115 155 124 0 0.054644 -0.975099 -0.214935
-0.520773 0.677894 -5.670690 82 104 47 0 -0.437649 0.476988 0.762198
-0.325636 0.851771 -5.547686 147 147 97 0 -0.742182 0.647695 0.172211
-0.285394 0.983886 -5.486184 122 163 137 0 0.886062 0.411333 -0.213775
-0.319562 0.931496 -5.571983 138 143 123 0 0.284356 0.134836 -0.949190
-0.520014 0.719655 -5.681320 64 101 45 0 -0.190987 -0.840645 -0.506793
-0.326396 0.822158 -5.519592 98 121 66 0 -0.959445 0.086055 0.268439
-0.205669 0.969460 -5.334326 119 162 135 0 0.118289 0.001085 -0.992979
-0.189724 0.875308 -5.305473 105 146 110 0 0.986131 0.014820 -0.165305
-0.384861 1.235969 -5.699543 103 139 112 0 0.847185 0.031683 -0.530352
-0.463827 0.743952 -5.655504 84 125 84 0 0.632175 -0.547885 -0.547885
-0.385620 0.822158 -5.620577 71 101 27 0 -0.771194 0.438586 0.461412
-0.368916 1.255711 -5.658542 76 100 29 0 -0.829060 0.127661 0.544392
-0.530644 0.570075 -5.607669 82 89 59 0 -0.467437 0.421834 0.776891
-0.394731 0.709025 -5.562871 74 107 33 0 -0.675920 0.388365 0.626342
-0.252745 1.174467 -5.448219 122 141 135 0 0.924455 -0.378486 0.046157
-0.423584 0.951237 -5.698024 110 152 124 0 0.625127 -0.381014 -0.681207
-0.371194 0.594372 -5.475554 71 104 29 0 -0.774720 0.085757 0.626462
-0.449400 0.637652 -5.579576 79 108 43 0 -0.561908 0.548409 0.619280
-0.329433 1.205598 -5.629689 110 137 92 0 0.838213 -0.087106 -0.538341
-0.475975 1.032481 -5.756489 50 51 48 0 0.525665 -0.748377 0.404484
-0.285394 0.888976 -5.463405 104 136 85 0 0.617391 -0.165345 -0.769084
-0.463067 1.018813 -5.738266 92 131 91 0 -0.159552 -0.547250 -0.821621
-0.317284 0.807732 -5.501369 147 138 88 0 -0.813823 0.410909 0.410909
-0.376509 0.787231 -5.569705 115 151 126 0 0.788682 -0.245194 -0.563791
-0.330951 0.780398 -5.482387 140 145 127 0 0.117258 -0.939409 -0.322121
-0.389416 0.902643 -5.663097 68 97 24 0 -0.895310 0.047407 0.442914
-0.220096 0.963386 -5.360901 124 163 137 0 0.743578 -0.506160 -0.436914
-0.447881 0.958071 -5.731433 113 154 119 0 0.795769 -0.040845 -0.604221
-0.344619 1.071964 -5.603114 110 148 122 0 -0.079448 0.007415 -0.996811
-0.230726 0.716618 -5.303195 83 114 53 0 -0.921138 -0.173507 0.348424
-0.321840 1.241284 -5.546926 44 53 48 0 -0.554727 -0.810054 0.189975
-0.405361 0.962626 -5.679042 108 141 118 0 0.696449 0.172964 -0.696449
-0.377268 1.083353 -5.677524 64 96 25 0 -0.667777 0.095397 0.738223
-0.380305 0.643726 -5.512759 88 132 88 0 0.268808 -0.628278 -0.730075
-0.440289 0.628540 -5.567427 73 103 35 0 -0.598995 0.135257 0.789247
-0.477494 0.782675 -5.759527 75 80 37 0 -0.102372 -0.181309 0.978083
-0.387898 1.281527 -5.677524 53 47 24 0 -0.802143 -0.253882 0.540473
-0.458512 1.037036 -5.765601 77 91 38 0 -0.659344 0.230222 0.715725
-0.305136 1.009702 -5.528704 123 163 141 0 0.698221 -0.032443 -0.715147
-0.224651 0.799380 -5.329771 108 151 112 0 0.812288 -0.387792 -0.435667
-0.293746 0.809250 -5.459609 72 103 24 0 -0.878541 0.056370 0.474330
-0.290709 0.850252 -5.481628 117 147 123 0 0.841068 -0.539996 -0.031764
-0.205669 0.810769 -5.293325 89 124 64 0 -0.545490 0.830599 -0.112007
-0.244393 0.639930 -5.325215 102 142 98 0 0.802243 0.237414 -0.547760
-0.223892 0.687005 -5.295603 103 145 109 0 0.838844 0.001351 -0.544370
-0.276283 0.892772 -5.457331 128 153 134 0 0.948412 0.023931 -0.316137
-0.193521 0.945163 -5.340401 91 112 65 0 0.959218 -0.126936 0.252564
-0.277801 0.993757 -5.472517 124 163 132 0 0.814564 0.046426 -0.578214
-0.315006 1.081834 -5.545408 125 167 145 0 0.761111 0.499223 -0.414110
-0.148723 0.822158 -5.186265 109 112 94 0 -0.829927 -0.521539 -0.198034
-0.301339 1.128910 -5.528704 124 163 140 0 0.524693 -0.517988 -0.675563
-0.400046 0.945163 -5.661579 122 151 127 0 0.694569 0.001381 -0.719425
-0.377268 0.851771 -5.620577 68 98 31 0 -0.928179 0.127505 0.349609
-0.227688 0.955033 -5.396588 102 139 87 0 0.481338 0.103651 0.870385
-0.437252 0.722692 -5.598558 99 142 104 0 0.971208 -0.237725 0.015530
-0.313488 0.747748 -5.473276 182 166 161 0 0.932849 0.173780 0.315584
-0.414473 0.996794 -5.692709 108 150 118 0 0.308819 -0.055101 -0.949523
-0.390176 1.221543 -5.710932 94 124 75 0 0.173707 0.285864 -0.942395
-0.340063 0.922384 -5.586410 90 101 42 0 -0.786915 0.324024 0.525142
-0.458512 0.816843 -5.727637 98 136 101 0 -0.245849 -0.309109 -0.918700
-0.179853 0.974775 -5.310789 67 95 21 0 -0.870492 0.213517 0.443458
-0.339304 0.659671 -5.464164 91 135 98 0 0.601093 -0.506804 -0.617930
-0.425862 1.297472 -5.709414 73 60 46 0 -0.568709 -0.173479 0.804037
-0.430418 1.029443 -5.735989 83 113 39 0 -0.727252 -0.133455 0.673271
-0.190483 1.027925 -5.318381 77 73 34 0 -0.664650 -0.165782 0.728530
-0.196558 0.980090 -5.355587 113 155 125 0 0.151161 -0.102789 -0.983150
-0.280839 0.813047 -5.432274 109 147 109 0 0.976870 -0.213285 -0.015319
-0.223892 1.033999 -5.366976 74 105 20 0 -0.904828 -0.110141 0.411285
-0.301339 0.876827 -5.505166 115 153 127 0 0.752747 -0.015305 -0.658132
-0.444085 0.772805 -5.650949 91 130 99 0 0.808823 -0.577731 0.109696
-0.402324 0.755341 -5.601595 74 107 45 0 -0.774720 -0.085757 0.626462
-0.200354 0.668783 -5.268269 114 149 102 0 0.855332 0.189576 -0.482150
-0.488883 1.013499 -5.753452 60 63 55 0 0.363884 -0.579278 0.729401
-0.344619 0.800139 -5.527945 112 154 124 0 0.722202 -0.643187 0.254430
-0.447881 1.108409 -5.742822 116 153 122 0 0.348317 -0.750096 -0.562167
-0.335507 0.571594 -5.435311 80 119 69 0 0.475516 0.039513 -0.878819
-0.472938 0.690802 -5.653226 89 114 49 0 0.022866 0.971219 0.237088
-0.413714 0.750026 -5.590965 98 139 105 0 0.874840 -0.442601 -0.196876
-0.347656 0.969460 -5.616022 76 105 28 0 -0.835882 0.111547 0.537456
-0.308173 0.961108 -5.527185 124 163 144 0 0.955750 -0.149792 -0.253188
-0.333989 0.596650 -5.393551 76 95 29 0 -0.356781 0.934187 0.001261
-0.373471 0.867716 -5.620577 71 102 24 0 -0.826370 0.001357 0.563126
-0.268690 0.779638 -5.397347 72 100 27 0 -0.871866 0.206455 0.444102
-0.158593 0.792546 -5.202210 79 108 34 0 -0.796623 0.157524 0.583590
-0.326396 1.112206 -5.580335 123 162 136 0 0.918887 -0.365037 -0.149651
-0.267171 0.718136 -5.368494 105 145 117 0 0.840251 0.149148 -0.521280
-0.314247 0.712821 -5.450497 180 167 126 0 -0.795159 0.563560 0.223880
-0.142648 0.848733 -5.196896 89 113 57 0 0.412287 -0.355852 0.838683
-0.246671 0.673338 -5.326734 104 140 94 0 0.783674 -0.055469 -0.618690
-0.138093 0.851011 -5.187025 127 123 99 0 0.181572 -0.411079 -0.893334
-0.304376 1.024128 -5.524907 121 159 131 0 0.855794 -0.300684 -0.420958
-0.400046 0.920866 -5.650949 118 154 134 0 0.900489 -0.426112 -0.086877
-0.347656 1.016536 -5.641078 96 116 56 0 -0.586228 0.735627 0.339395
-0.207188 0.909476 -5.332808 97 114 50 0 -0.342568 -0.300682 0.890077
-0.305136 0.679413 -5.417848 87 106 36 0 -0.770245 0.246290 0.588272
-0.403084 0.787231 -5.623614 85 103 41 0 -0.703919 0.444317 0.554149
-0.396250 1.212431 -5.694987 72 99 31 0 -0.772798 -0.181387 0.608179
-0.152519 0.850252 -5.212081 88 111 33 0 -0.797924 0.340597 0.497303
-0.337785 1.064371 -5.614503 117 149 128 0 -0.150634 -0.806860 0.571215
-0.296784 0.940607 -5.494536 121 160 137 0 0.889288 0.254721 -0.379847
-0.315006 0.914791 -5.543130 72 101 25 0 -0.785555 0.103863 0.610012
-0.331711 0.773564 -5.502888 97 109 51 0 -0.779100 0.342161 0.525290
-0.239078 0.936811 -5.392791 122 161 138 0 0.908249 0.418083 -0.017038
-0.198076 1.047666 -5.321418 45 50 53 0 -0.387695 -0.276063 -0.879478
-0.315766 1.024128 -5.540852 130 157 142 0 0.824870 -0.292696 -0.483652
-0.299821 0.655115 -5.412533 159 123 117 0 0.970351 0.078677 0.228538
-0.172261 0.923143 -5.297881 80 120 80 0 0.846861 0.001346 -0.531813
-0.271727 1.002869 -5.460368 128 168 143 0 0.983189 -0.182412 -0.008031
-0.156316 0.814565 -5.215878 104 142 93 0 0.770130 -0.263010 -0.581141
-0.194280 0.923903 -5.323696 75 101 37 0 -0.869704 0.165728 0.464918
-0.316525 0.644485 -5.408736 169 154 128 0 -0.268873 0.903588 -0.333520
-0.407639 0.766730 -5.614503 71 101 29 0 -0.658593 0.477605 0.581506
-0.125185 0.941366 -5.279658 102 98 81 0 0.014880 0.507260 0.861665
-0.242115 0.975534 -5.421644 133 163 144 0 0.963405 -0.087814 -0.253260
-0.445604 0.846456 -5.704099 106 146 117 0 0.916964 -0.165308 -0.363112
-0.504069 0.739396 -5.691191 69 107 62 0 0.581574 -0.524260 -0.622032
-0.447881 0.680172 -5.610706 75 104 37 0 -0.617930 0.506804 0.601093
-0.306654 1.177504 -5.568946 70 100 26 0 -0.864915 -0.095155 0.492817
-0.454715 0.693839 -5.629689 83 108 44 0 -0.672554 0.585773 0.452263
-0.343859 0.871512 -5.540093 110 145 124 0 0.999889 0.000993 0.014894
-0.333229 0.815325 -5.512759 111 151 124 0 0.922009 -0.009001 0.387064
-0.184409 0.926940 -5.320659 95 132 94 0 0.799081 -0.600361 -0.032187
-0.292228 0.720414 -5.407218 100 140 104 0 0.914427 -0.205280 -0.348832
-0.283876 0.898846 -5.480109 119 160 130 0 0.823067 -0.222243 -0.522655
-0.239078 1.098539 -5.394310 84 84 53 0 0.001284 0.917945 0.396706
-0.328674 1.037036 -5.567427 125 164 144 0 0.681984 -0.703634 -0.199492
-0.393213 0.526037 -5.489221 67 68 43 0 -0.767752 0.191555 0.611443
-0.299061 0.951996 -5.505925 117 158 136 0 0.983726 -0.127049 -0.127049
-0.281598 0.951237 -5.476313 122 164 140 0 0.758067 0.070753 -0.648328
-0.243633 1.033999 -5.407977 69 95 20 0 -0.896903 -0.110885 0.428099
-0.270968 1.161559 -5.477831 105 141 90 0 0.808395 0.421006 -0.411401
-0.469901 0.767490 -5.686635 82 122 87 0 0.363108 -0.551989 -0.750640
-0.333229 0.957311 -5.593243 105 118 51 0 0.247309 0.493082 0.834092
-0.239078 1.100816 -5.382161 116 137 130 0 0.453791 -0.737617 -0.499995
-0.332470 1.109169 -5.601595 121 161 137 0 0.705167 0.220462 -0.673896
-0.208706 1.044629 -5.366976 126 160 135 0 0.650499 -0.482412 0.586626
-0.171501 1.018054 -5.313066 112 138 85 0 0.657803 0.499661 -0.563591
-0.356767 1.264822 -5.617540 39 49 52 0 -0.371327 -0.895030 -0.247058
-0.463067 0.957311 -5.770916 66 75 33 0 -0.546126 -0.244278 0.801296
-0.310451 1.104613 -5.568186 66 96 26 0 -0.817161 -0.078711 0.571011
-0.385620 1.151689 -5.694228 82 109 31 0 -0.838213 -0.087106 0.538341
-0.242115 0.772045 -5.341160 108 152 115 0 0.839123 0.072167 -0.539133
-0.229966 0.986923 -5.404181 110 146 94 0 0.452505 0.592765 -0.666235
-0.444085 1.039314 -5.751174 85 109 39 0 -0.682454 0.413458 0.602751
-0.436492 0.983127 -5.740544 72 99 26 0 -0.442760 -0.436273 0.783345
-0.370434 0.699154 -5.521111 73 104 33 0 -0.679206 0.442235 0.585753
-0.283116 0.967941 -5.476313 122 163 136 0 0.608974 0.205047 -0.766228
-0.186687 0.816084 -5.259157 82 107 35 0 -0.862566 0.150329 0.483095
-0.193521 0.959589 -5.347234 98 134 82 0 -0.285265 -0.031142 -0.957943
-0.356008 1.240525 -5.638041 69 96 22 0 -0.815934 0.023550 0.577665
-0.253504 1.097020 -5.435311 126 167 145 0 0.966879 0.023108 -0.254186
-0.206428 0.994516 -5.360901 109 146 97 0 0.718949 0.396492 -0.570882
-0.277801 1.201802 -5.531741 53 46 23 0 -0.690301 0.387161 0.611221
-0.378786 1.018054 -5.642597 102 143 115 0 0.797152 -0.064171 -0.600359
-0.427381 1.229136 -5.722322 65 77 41 0 -0.111823 -0.332776 0.936352
-0.173779 0.719655 -5.210563 125 161 132 0 0.918050 -0.024812 -0.395688
-0.349934 1.163837 -5.614503 123 158 135 0 0.687223 -0.206322 -0.696531
-0.217058 0.778879 -5.295603 91 123 70 0 -0.070423 0.997490 0.007358
-0.196558 0.801658 -5.269787 80 106 33 0 -0.874811 0.152330 0.459892
-0.369675 1.184338 -5.663097 90 111 46 0 -0.833029 0.087461 0.546272
-0.401565 1.255711 -5.697265 91 110 52 0 -0.736439 -0.070895 0.672779
-0.254263 0.933773 -5.426959 122 149 120 0 0.981440 -0.063512 -0.180949
-0.393972 0.765212 -5.594002 71 98 30 0 -0.763861 0.395774 0.509784
-0.233763 0.906439 -5.379883 110 152 119 0 0.984089 -0.094924 -0.150197
-0.272486 0.893531 -5.447460 104 124 73 0 0.032491 -0.682310 0.730340
-0.195039 1.001350 -5.331289 73 102 25 0 -0.686096 0.001380 0.727510
-0.286913 0.588298 -5.419366 52 53 48 0 0.001380 -0.735490 0.677534
-0.188206 0.784194 -5.247008 103 142 96 0 0.840645 -0.190987 -0.506793
-0.254263 1.142577 -5.437589 128 171 144 0 0.838741 -0.253931 -0.481699
-0.238318 0.999831 -5.417089 131 164 145 0 0.878860 -0.441631 -0.180467
-0.403084 1.068926 -5.682839 109 146 113 0 0.428263 0.063900 -0.901392
-0.331711 0.649800 -5.440627 73 107 50 0 -0.452946 -0.213767 0.865531
-0.134296 0.828992 -5.188543 98 102 87 0 0.940955 -0.325154 -0.094228
-0.280079 1.130429 -5.518074 101 138 87 0 -0.214225 -0.941209 -0.261216
-0.376509 0.800139 -5.587169 104 142 117 0 0.616239 -0.666070 0.420239
-0.291469 0.999831 -5.504406 126 168 142 0 0.956341 -0.228081 -0.182732
-0.337026 0.828233 -5.530222 113 153 128 0 0.601798 0.158368 -0.782789
-0.228448 0.849493 -5.359383 127 150 124 0 0.890265 -0.397150 -0.222935
-0.528366 0.601206 -5.624374 87 108 50 0 -0.538261 0.508078 0.672407
-0.160112 0.926940 -5.269787 73 96 34 0 -0.666137 0.718686 0.199377
-0.200354 0.958830 -5.329011 114 149 125 0 0.500118 -0.126117 -0.856724
-0.400806 1.177504 -5.709414 86 113 34 0 -0.697859 -0.348112 0.625948
-0.315006 0.885938 -5.534778 142 157 148 0 -0.565486 -0.422870 -0.708101
-0.290709 0.694598 -5.399625 90 134 91 0 0.913700 -0.054849 -0.402670
-0.448641 0.877586 -5.782305 93 94 96 0 0.976870 -0.015319 0.213285
-0.295265 1.075760 -5.520351 129 161 138 0 0.797791 -0.109788 -0.592854
-0.397009 0.631577 -5.520351 84 114 41 0 -0.838114 0.330546 0.433940
-0.299821 1.217747 -5.560594 88 95 41 0 -0.520975 -0.040075 0.852630
-0.435733 1.029443 -5.713969 102 141 110 0 0.530213 -0.278480 -0.800826
-0.179094 1.003628 -5.320659 111 152 120 0 0.904133 0.350223 -0.244717
-0.234522 1.054500 -5.386717 67 98 16 0 -0.932783 -0.095292 0.347613
-0.384101 0.840381 -5.600836 108 147 119 0 0.340921 -0.500978 -0.795483
-0.260338 0.719655 -5.357864 99 140 101 0 0.787328 -0.310159 -0.532838
-0.229966 0.851771 -5.370772 101 135 95 0 0.777567 -0.055642 -0.626334
-0.204910 0.927699 -5.344956 95 130 87 0 0.831626 0.165728 -0.530031
-0.344619 0.669542 -5.464923 72 104 35 0 -0.778252 0.356095 0.517223
-0.209466 1.043111 -5.335085 76 99 19 0 -0.869032 -0.071141 0.489615
-0.412954 0.966423 -5.685876 113 150 125 0 0.459289 -0.039290 -0.887417
-0.215540 0.729525 -5.283454 101 138 94 0 0.381263 0.642041 -0.665148
-0.319562 0.656634 -5.425441 168 163 125 0 -0.697895 0.315753 0.642840
-0.390176 0.863919 -5.650949 66 100 23 0 -0.901972 0.189053 0.388209
-0.350693 1.265581 -5.634244 74 84 86 0 0.695809 -0.680103 0.230889
-0.331711 0.584502 -5.373809 160 135 96 0 0.560008 0.001356 0.828486
-0.447881 0.854048 -5.732952 115 155 129 0 0.810309 -0.578378 -0.094222
-0.349174 0.992238 -5.585650 117 156 136 0 0.973694 0.054976 -0.221128
-0.175298 1.008943 -5.307751 82 97 34 0 -0.568972 -0.144100 0.809633
-0.497235 0.596650 -5.600836 82 107 47 0 -0.547723 0.365690 0.752509
-0.406121 1.079556 -5.685876 105 140 113 0 0.236391 -0.435141 -0.868776
-0.425862 0.681690 -5.585650 90 108 49 0 -0.715033 0.452909 0.532542
-0.324118 1.075760 -5.571224 122 164 143 0 0.887929 -0.437510 0.142011
-0.391694 1.191931 -5.690432 65 91 26 0 -0.800924 -0.151203 0.579360
-0.354489 0.982368 -5.598558 110 152 127 0 0.818468 0.238912 -0.522524
-0.318803 0.980849 -5.544649 123 162 142 0 0.373638 -0.922545 0.096466
-0.256541 1.088668 -5.442145 125 167 145 0 0.864145 -0.484905 -0.134615
-0.241356 1.068926 -5.387476 80 104 21 0 0.141784 0.913876 0.380431
-0.503309 0.744711 -5.703340 82 117 78 0 0.691633 -0.675806 -0.254812
-0.356008 0.646004 -5.471757 78 110 45 0 -0.735772 0.166044 0.656558
-0.292228 1.053741 -5.509721 123 164 142 0 0.733477 0.126977 -0.667748
-0.300580 1.147133 -5.534778 120 158 135 0 0.799433 0.413389 -0.435908
-0.449400 0.839622 -5.722322 115 155 129 0 0.931838 -0.362873 0.001264
-0.399287 0.935292 -5.685117 75 96 32 0 -0.748514 -0.462269 0.475430
-0.319562 1.168393 -5.591724 75 106 28 0 -0.563535 -0.349164 0.748674
-0.463067 0.828233 -5.742063 109 147 114 0 0.711989 -0.552663 -0.433168
-0.261856 1.108409 -5.467201 123 164 134 0 0.070881 -0.739191 -0.669756
-0.212503 0.950478 -5.349512 122 163 138 0 0.048530 0.260069 -0.964370
-0.400806 0.695358 -5.562112 69 101 29 0 -0.752462 0.355916 0.554189
-0.391694 1.262544 -5.685117 83 109 39 0 -0.663518 -0.149632 0.733044
-0.334748 0.713580 -5.476313 78 108 40 0 -0.797152 0.064171 0.600359
-0.260338 0.602725 -5.360142 108 133 106 0 0.882871 0.173656 -0.436328
-0.318803 0.841141 -5.513518 145 141 97 0 -0.769855 0.562648 0.301248
-0.300580 1.040074 -5.552241 125 166 146 0 0.903392 0.143238 -0.404186
-0.334748 0.875308 -5.559075 80 103 34 0 -0.789440 0.323750 0.521509
-0.328674 1.171430 -5.597039 73 103 24 0 -0.006918 -0.640577 0.767863
-0.348415 1.243562 -5.619818 77 92 30 0 -0.867233 0.014836 0.497681
-0.167705 0.960348 -5.303195 85 114 39 0 -0.568606 0.277175 0.774507
-0.182891 0.700673 -5.200692 71 72 63 0 0.736314 -0.664624 0.126951
-0.365119 0.680931 -5.503647 98 117 65 0 -0.757418 0.458394 0.464966
-0.397009 1.129669 -5.704858 70 103 37 0 -0.834066 0.078416 0.546064
-0.431177 1.198005 -5.735229 84 90 47 0 -0.229137 -0.397663 0.888460
-0.192761 0.724210 -5.246249 113 150 104 0 0.878819 -0.039513 -0.475516
-0.252745 1.004387 -5.426200 126 164 142 0 0.641895 -0.333135 -0.690646
-0.453956 0.682450 -5.619059 79 107 40 0 -0.570236 0.509680 0.644249
-0.466864 0.999831 -5.742822 91 133 93 0 0.610012 -0.103863 -0.785555
-0.356767 0.559445 -5.452775 80 124 82 0 0.388319 -0.245489 -0.888225
-0.214021 1.037796 -5.343438 72 101 17 0 -0.845141 -0.174394 0.505296
-0.343859 1.134225 -5.613744 120 157 132 0 0.990534 -0.079566 -0.111853
-0.381824 0.906439 -5.650189 73 101 25 0 -0.879853 -0.006655 0.475200
-0.169223 0.825195 -5.234860 81 115 43 0 -0.818447 0.198918 0.539051
-0.378786 0.996794 -5.637281 106 146 118 0 0.735772 -0.166044 -0.656558
-0.446363 0.880623 -5.722322 122 160 140 0 0.854899 0.077718 -0.512940
-0.330192 0.923143 -5.539334 155 158 158 0 0.260442 -0.476193 -0.839887
-0.204910 0.844178 -5.310789 90 127 72 0 0.943952 0.316416 0.093998
-0.305895 0.805454 -5.480869 81 108 37 0 -0.782095 0.440640 0.440640
-0.191243 0.734081 -5.240175 96 125 75 0 0.467607 0.881099 -0.070765
-0.309691 1.149411 -5.556038 119 159 132 0 0.909821 -0.341001 -0.236524
-0.348415 0.792546 -5.520351 105 144 112 0 0.924765 -0.349047 -0.151578
-0.224651 1.051463 -5.395829 136 175 152 0 0.904015 0.191761 -0.382080
-0.425862 0.885179 -5.773953 136 172 143 0 0.964929 0.001199 0.262509
-0.377268 0.743952 -5.556797 73 105 32 0 -0.791197 0.412587 0.451419
-0.337026 0.764453 -5.506684 75 103 30 0 -0.806862 0.183171 0.561624
-0.180613 0.968701 -5.319900 94 134 90 0 0.610687 0.559938 -0.559938
-0.252745 0.844937 -5.395069 103 142 103 0 0.777427 -0.064428 -0.625664
-0.392454 0.814565 -5.625892 68 100 27 0 -0.823263 0.363251 0.436218
-0.359804 0.900365 -5.580335 114 154 130 0 0.994521 0.103256 -0.016304
-0.213262 0.856326 -5.328252 80 104 37 0 -0.870319 0.229189 0.435909
-0.450919 1.020332 -5.754971 80 106 31 0 -0.642327 -0.175458 0.746076
-0.419029 0.655115 -5.561353 73 104 34 0 -0.798217 0.220783 0.560450
-0.375749 1.181301 -5.676005 90 110 48 0 -0.181433 -0.514311 0.838192
-0.270968 0.700673 -5.366976 92 133 85 0 0.861010 -0.285984 -0.420565
-0.239837 0.811528 -5.357864 104 145 107 0 0.878819 -0.475516 0.039513
-0.166186 0.988442 -5.300159 72 101 31 0 -0.547250 0.159552 0.821621
-0.390935 0.922384 -5.666893 65 92 23 0 -0.846759 -0.048664 0.529746
-0.262616 0.733322 -5.361660 102 141 105 0 0.777766 -0.308232 -0.547790
-0.463827 0.588298 -5.568186 83 108 49 0 -0.611568 0.317886 0.724522
-0.182131 0.840381 -5.262953 77 109 34 0 -0.840012 0.168002 0.515901
-0.390935 0.924662 -5.634244 110 148 123 0 0.699131 -0.175930 -0.693011
-0.423584 0.801658 -5.636522 85 125 89 0 0.934824 0.293961 0.199225
-0.252745 1.135744 -5.416329 135 170 148 0 0.621439 0.510287 -0.594493
-0.302099 0.681690 -5.407977 94 129 72 0 0.936607 0.213563 0.277772
-0.437252 0.947441 -5.723840 114 156 128 0 0.332504 -0.595263 -0.731508
-0.473697 0.607280 -5.588687 87 115 53 0 -0.493082 0.247309 0.834092
-0.296784 1.025647 -5.507443 122 163 141 0 0.876074 -0.189939 -0.443190
-0.492679 0.772805 -5.720044 89 126 87 0 0.715782 -0.516492 -0.469991
-0.373471 0.822158 -5.572742 105 146 116 0 0.951005 -0.198859 -0.236737
-0.242874 0.867716 -5.375328 98 135 78 0 0.956146 0.291218 -0.031247
-0.311210 0.724970 -5.439108 109 143 110 0 0.759675 -0.584488 -0.285077
-0.343859 0.835825 -5.539334 116 154 129 0 0.544370 0.001351 -0.838844
-0.190483 0.709784 -5.221193 81 111 23 0 -0.909844 0.227824 0.346815
-0.225411 0.860123 -5.360142 114 151 122 0 0.856228 -0.054297 -0.513737
-0.378027 0.958071 -5.634244 110 149 122 0 0.769772 -0.040960 -0.637004
-0.220855 1.078797 -5.357864 112 105 103 0 0.926838 0.054209 -0.371528
-0.295265 0.961108 -5.512759 113 155 128 0 0.823939 -0.175594 -0.538787
-0.346137 1.054500 -5.600836 132 154 141 0 0.459388 -0.268872 -0.846564
-0.491920 0.533630 -5.562112 91 103 60 0 -0.492547 0.566513 0.660652
-0.244393 0.779638 -5.347993 108 152 114 0 0.276398 -0.094728 -0.956363
-0.398528 1.147133 -5.706377 68 99 27 0 -0.769200 -0.126464 0.626370
-0.294506 0.702950 -5.426959 100 141 103 0 0.773449 0.578118 -0.259917
-0.303617 0.636133 -5.409496 175 95 110 0 0.911026 0.080345 -0.404446
-0.412195 1.274693 -5.719285 87 112 91 0 0.779228 0.572270 -0.255562
-0.324118 0.866197 -5.540852 142 140 93 0 -0.246407 -0.181776 0.951967
-0.293746 1.194968 -5.534019 99 135 84 0 -0.539630 0.776619 -0.325059
-0.317284 0.775842 -5.467961 147 153 149 0 0.554727 -0.189975 -0.810054
-0.447122 0.876827 -5.739785 124 163 140 0 0.831657 -0.301144 -0.466539
-0.308932 0.939088 -5.564390 141 146 136 0 0.908078 -0.157741 -0.387958
-0.479012 0.775083 -5.698784 84 123 87 0 0.619173 -0.286388 -0.731168
-0.356767 1.058296 -5.646393 75 97 33 0 -0.866406 0.080041 0.492883
-0.309691 0.844178 -5.500610 130 149 135 0 0.993750 0.110417 -0.016399
-0.397009 0.803935 -5.626652 66 97 23 0 -0.798937 0.451713 0.397057
-0.292987 1.041592 -5.507443 123 165 138 0 0.860606 -0.048349 -0.506970
-0.306654 0.594372 -5.401903 109 91 70 0 0.506082 -0.062737 0.860200
-0.201873 0.696117 -5.250805 77 107 26 0 -0.902937 -0.118992 0.412971
-0.317284 1.011980 -5.546167 125 156 140 0 0.656264 -0.046978 -0.753067
-0.333229 1.252674 -5.612984 106 108 118 0 -0.151338 -0.959354 -0.238194
-0.400806 0.873790 -5.657023 120 159 134 0 -0.268894 -0.181538 -0.945907
-0.437252 1.286842 -5.718525 59 59 41 0 -0.206870 -0.499809 0.841068
-0.500272 0.723451 -5.724599 73 92 31 0 -0.134406 0.961722 0.238799
-0.333989 0.764453 -5.518074 92 134 91 0 0.850344 -0.258934 -0.458113
-0.318803 0.793305 -5.478590 169 166 169 0 0.587182 -0.744836 -0.316917
-0.226170 0.904921 -5.366216 114 156 125 0 0.948682 -0.253796 -0.188651
-0.384861 1.266341 -5.678283 81 104 39 0 -0.711743 0.086228 0.697128
-0.485087 0.768249 -5.749656 71 86 35 0 0.546426 0.189206 0.815855
-0.391694 0.947441 -5.655504 112 150 123 0 0.924050 0.214334 -0.316533
-0.279320 0.845696 -5.421644 98 133 74 0 0.555196 -0.294301 -0.777910
-0.233763 1.055259 -5.363179 132 171 151 0 0.285176 -0.956924 0.054500
-0.239837 0.818362 -5.367735 100 138 95 0 0.772593 -0.135988 -0.620167
-0.467623 1.018054 -5.767119 55 50 37 0 -0.396530 0.152074 0.905338
-0.261097 0.658912 -5.345716 96 137 89 0 0.799478 0.088188 -0.594187
-0.195798 1.018813 -5.325974 71 97 22 0 -0.738834 -0.268522 0.618078
-0.359045 0.910236 -5.595521 116 153 131 0 0.990946 0.086520 -0.102671
-0.289950 0.793305 -5.438349 106 144 113 0 0.933129 -0.356285 -0.048288
-0.166946 0.861641 -5.250046 121 164 136 0 0.814073 -0.283906 -0.506639
-0.186687 0.993757 -5.337363 112 152 124 0 0.931683 -0.165231 -0.323520
-0.237559 0.693080 -5.316103 109 146 113 0 0.769784 -0.064507 -0.635036
-0.230726 1.078797 -5.393551 132 168 144 0 0.735696 0.531610 -0.419692
-0.264894 0.840381 -5.415570 99 136 92 0 0.839168 -0.468265 0.276632
-0.322599 1.063611 -5.631967 110 140 119 0 0.886318 0.070518 -0.457677
-0.313488 1.206357 -5.577298 79 105 24 0 -0.828022 0.006821 0.560654
-0.128981 0.949718 -5.284214 76 65 50 0 -0.283929 0.340417 0.896382
-0.236800 0.980849 -5.382161 115 156 123 0 0.000999 0.022971 -0.999736
-0.384101 0.932255 -5.632726 121 148 127 0 0.793706 -0.387998 -0.468496
-0.269449 0.799380 -5.406458 104 115 51 0 -0.833469 0.198157 0.515813
-0.333229 1.054500 -5.628170 180 170 168 0 -0.118502 -0.299583 -0.946682
-0.210984 0.798620 -5.298640 91 123 72 0 0.024191 -0.055745 -0.998152
-0.400806 0.955033 -5.668412 112 148 123 0 0.874206 -0.436358 -0.212967
-0.378027 1.264822 -5.692709 92 116 72 0 0.572396 0.207168 -0.793375
-0.431937 0.751545 -5.618299 87 125 91 0 0.190219 -0.024507 -0.981436
-0.346137 1.260267 -5.612984 72 63 32 0 0.983271 -0.159677 0.087642
-0.469901 0.668783 -5.625133 70 101 36 0 -0.677746 0.269504 0.684125
-0.475216 1.025647 -5.732193 102 143 101 0 0.492029 0.157155 -0.856277
-0.392454 1.247359 -5.686635 79 106 37 0 -0.666675 -0.149662 0.730168
-0.156316 0.940607 -5.292566 82 110 44 0 -0.443543 0.117617 0.888502
-0.157075 0.827473 -5.218915 99 133 80 0 0.913927 0.080121 -0.397891
-0.406121 1.264822 -5.699543 88 109 48 0 -0.577877 -0.221545 0.785478
-0.409917 0.879864 -5.654745 120 159 136 0 -0.380177 -0.198039 -0.903463
-0.450159 0.873031 -5.749656 124 160 137 0 0.974753 -0.103326 0.197938
-0.441807 0.863919 -5.720803 115 152 128 0 0.905337 -0.103982 -0.411769
-0.434214 1.046907 -5.712451 97 139 105 0 0.568774 -0.031985 -0.821872
-0.322599 0.917069 -5.530982 114 153 125 0 0.966005 0.165118 -0.198922
-0.382583 0.791787 -5.594002 69 99 24 0 -0.799624 0.387745 0.458537
-0.412195 0.707506 -5.568186 97 138 105 0 0.697515 -0.688236 -0.199511
-0.397009 1.209394 -5.707136 87 120 70 0 0.474261 0.759802 0.444722
-0.365119 0.539704 -5.445941 71 108 73 0 0.696189 -0.499186 -0.515881
-0.277801 0.781157 -5.392032 107 148 114 0 0.976404 -0.102975 -0.189822
-0.386379 0.659671 -5.531741 85 129 89 0 0.626716 -0.275883 -0.728777
-0.327914 0.797861 -5.477831 218 185 207 0 0.001044 -0.997400 0.072063
-0.198836 0.869234 -5.319140 107 143 106 0 0.809765 -0.381723 -0.445610
-0.240596 0.848733 -5.368494 71 102 25 0 -0.928001 0.166063 0.333522
-0.467623 0.973256 -5.770157 81 92 44 0 -0.101712 -0.048062 0.993652
-0.432696 0.813047 -5.663097 98 134 101 0 0.588396 -0.675072 -0.445048
-0.356767 0.983127 -5.635004 69 100 24 0 -0.813160 0.253432 0.523968
-0.347656 0.982368 -5.578816 112 151 131 0 0.987489 0.001118 0.157685
-0.407639 0.920106 -5.691950 65 93 22 0 -0.766903 0.267230 0.583479
-0.328674 0.950478 -5.587169 120 123 73 0 0.110560 -0.623558 0.773920
-0.273246 1.148651 -5.486943 113 151 99 0 0.934571 -0.231191 -0.270423
-0.349934 0.525277 -5.395829 87 123 96 0 -0.062592 -0.954208 -0.292522
-0.204910 0.641448 -5.278898 53 58 36 0 0.490652 -0.831167 0.261578
-0.444085 0.893531 -5.783064 42 56 22 0 0.206427 -0.117777 0.971348
-0.312729 0.844178 -5.521111 205 180 186 0 0.962069 -0.158814 -0.221814
-0.388657 1.111446 -5.694228 71 101 30 0 -0.825728 0.046263 0.562168
-0.364360 0.811528 -5.551482 99 140 108 0 0.885075 -0.142014 -0.443255
-0.204910 0.659671 -5.269787 85 108 40 0 -0.716369 -0.301036 0.629439
-0.412954 0.655875 -5.553001 74 106 34 0 -0.837183 0.190884 0.512531
-0.190483 0.976293 -5.324456 73 100 31 0 -0.650200 -0.276375 0.707712
-0.264894 0.768249 -5.379883 111 150 112 0 0.578214 0.046426 -0.814564
-0.355249 1.002869 -5.650189 67 98 23 0 0.885088 -0.404739 0.229797
-0.207188 0.867716 -5.328252 97 133 87 0 0.806860 -0.571215 -0.150634
-0.217818 0.761415 -5.294844 120 145 113 0 0.894975 -0.096039 -0.435656
-0.357526 0.576150 -5.464164 86 127 88 0 0.856563 0.040001 -0.514490
-0.385620 1.002109 -5.642597 106 145 117 0 0.902002 -0.128053 -0.412304
-0.412195 0.953515 -5.684357 116 155 131 0 0.545951 -0.023378 -0.837491
-0.359045 0.918588 -5.586410 116 154 133 0 0.759601 -0.038192 -0.649267
-0.211743 0.841900 -5.320659 81 112 38 0 -0.849263 0.229407 0.475526
-0.295265 0.689283 -5.442904 216 173 193 0 0.664650 -0.165782 -0.728530
-0.381824 0.680172 -5.532500 116 135 111 0 0.705013 -0.538343 -0.461675
-0.388657 0.975534 -5.653986 105 146 118 0 0.954256 -0.117143 -0.275089
-0.255782 0.980090 -5.448978 122 164 140 0 0.784598 0.228388 -0.576407
-0.387898 1.076519 -5.668412 111 145 120 0 0.936839 0.024284 -0.348918
-0.233763 1.043111 -5.382921 66 98 14 0 -0.929239 -0.056677 0.365105
-0.356008 0.997553 -5.635763 74 104 31 0 -0.833699 0.111643 0.540817
-0.333229 1.043111 -5.612984 72 93 36 0 -0.861936 0.086335 0.499612
-0.406880 0.673338 -5.556038 90 110 49 0 -0.751878 0.317174 0.577996
-0.283876 1.018813 -5.495295 120 163 140 0 0.904456 -0.134046 -0.404959
-0.363601 1.126632 -5.660060 68 93 25 0 -0.699762 0.183015 0.690535
-0.392454 0.736359 -5.556038 93 134 99 0 0.435888 -0.308690 -0.845406
-0.472938 0.809250 -5.747378 108 142 110 0 0.928591 -0.270780 -0.253767
-0.361323 0.734081 -5.527185 76 105 31 0 -0.783136 0.325106 0.530098
-0.192002 0.678653 -5.255361 122 157 109 0 0.707106 0.254685 -0.659649
-0.262616 0.804695 -5.388995 129 152 130 0 0.545109 -0.054651 -0.836582
-0.216299 0.712062 -5.284214 103 142 101 0 0.919760 -0.119969 -0.373696
-0.413714 1.166115 -5.703340 115 154 120 0 0.546953 0.530123 -0.647929
-0.305136 1.111446 -5.562871 67 98 21 0 -0.673370 0.545749 0.498730
-0.437252 0.564001 -5.538574 72 101 37 0 -0.588068 0.151132 0.794566
-0.277042 0.853289 -5.440627 121 163 137 0 0.680241 -0.355692 -0.640902
-0.380305 1.215469 -5.701821 102 134 98 0 0.925428 0.332817 -0.181154
-0.192002 0.869993 -5.297122 94 126 74 0 -0.134329 0.174502 0.975451
-0.459271 0.846456 -5.758008 120 153 129 0 0.689258 -0.721048 0.070804
-0.324118 0.934533 -5.539334 123 157 137 0 -0.253673 -0.804594 0.536915
-0.292228 1.147133 -5.518833 125 164 137 0 0.865532 0.373578 -0.333607
-0.201113 1.032481 -5.347234 125 163 140 0 0.571896 0.619132 -0.538155
-0.418269 0.750026 -5.617540 74 104 32 0 -0.789380 0.379355 0.482668
-0.504828 0.746989 -5.716248 111 120 111 0 0.793348 -0.509211 -0.333621
-0.374231 0.608799 -5.483147 86 114 61 0 -0.605132 0.406185 0.684711
-0.284635 0.650560 -5.379883 87 122 73 0 0.879687 0.014728 -0.475325
-0.350693 0.749267 -5.520351 70 102 28 0 -0.838144 0.270120 0.473868
-0.258819 1.152448 -5.451256 127 167 138 0 0.830658 -0.214904 -0.513637
-0.391694 1.169911 -5.694228 70 98 28 0 -0.873818 -0.159009 0.459520
-0.228448 1.017295 -5.401903 110 143 94 0 0.949647 0.047164 -0.309751
-0.235281 0.778879 -5.335845 109 150 120 0 0.785323 0.174685 -0.593929
-0.469901 1.071964 -5.759527 56 62 59 0 0.990534 -0.111853 -0.079566
-0.160871 0.920106 -5.283454 78 122 73 0 0.444832 -0.484227 -0.753424
-0.261097 0.940607 -5.448219 118 159 134 0 0.727122 -0.268892 -0.631657
-0.434974 0.966423 -5.716248 114 156 127 0 0.926515 0.315439 -0.205106
-0.374990 0.940607 -5.621336 110 149 122 0 0.682834 -0.707386 -0.182601
-0.318803 1.090186 -5.536296 126 167 143 0 0.719565 0.554148 -0.418506
-0.215540 1.047666 -5.373809 117 154 115 0 0.940218 0.197432 -0.277509
-0.428899 0.644485 -5.565908 75 100 35 0 -0.616589 0.472102 0.630030
-0.422066 1.024128 -5.699543 108 147 114 0 0.612871 -0.253656 -0.748364
-0.228448 1.024128 -5.378365 68 99 18 0 -0.918979 0.062870 0.389262
-0.255782 0.871512 -5.415570 72 104 29 0 -0.871409 0.277335 0.404637
-0.305895 1.158522 -5.558316 118 158 132 0 0.920544 -0.040825 -0.388499
-0.337026 0.796343 -5.515796 116 155 129 0 -0.134410 -0.319055 -0.938157
-0.364360 1.220024 -5.677524 93 125 87 0 0.802272 0.023637 -0.596490
-0.274005 1.023369 -5.483147 126 168 146 0 0.834990 -0.040291 -0.548787
-0.488883 0.673338 -5.643356 83 109 45 0 -0.515261 0.521975 0.679742
-0.297543 0.867716 -5.484665 100 134 84 0 0.316686 -0.198456 -0.927537
-0.308173 0.945163 -5.524907 122 163 138 0 0.348832 -0.205280 -0.914427
-0.367397 0.581465 -5.474794 87 130 90 0 0.652718 -0.373216 -0.659294
-0.494198 0.630818 -5.618299 84 109 46 0 -0.563832 0.411713 0.715951
-0.360564 0.970978 -5.634244 63 95 20 0 -0.840547 0.142790 0.522582
-0.324118 0.756100 -5.483147 139 144 93 0 -0.838752 0.220724 0.497771
-0.267171 0.911754 -5.448219 115 149 119 0 0.903392 -0.143238 -0.404186
-0.234522 1.059056 -5.417089 134 168 150 0 0.907056 0.309190 -0.285745
-0.374231 0.643726 -5.495295 72 105 31 0 -0.696896 0.333016 0.635166
-0.291469 1.158522 -5.538574 71 101 28 0 -0.879461 -0.022896 0.475421
-0.482049 0.994516 -5.751934 93 122 92 0 0.554727 0.189975 -0.810054
-0.306654 1.100057 -5.559834 65 96 21 0 -0.879960 0.001323 0.475046
-0.283116 0.816084 -5.442145 83 115 50 0 -0.855991 0.277163 0.436417
-0.441807 1.056778 -5.755730 71 95 35 0 -0.276375 0.650200 0.707712
-0.368916 1.145614 -5.669172 76 100 34 0 -0.723503 -0.142896 0.675370
-0.435733 1.011980 -5.712451 106 144 116 0 0.879718 0.118341 -0.460533
-0.167705 0.722692 -5.202970 107 125 86 0 0.444867 -0.444867 -0.777295
-0.344619 1.244321 -5.635004 123 160 138 0 0.554953 0.015073 -0.831745
-0.369675 0.847974 -5.588687 107 147 118 0 0.854283 -0.245169 -0.458359
-0.333989 1.238247 -5.594761 68 68 29 0 -0.846759 0.048664 0.529746
-0.282357 0.638411 -5.377605 86 123 79 0 0.809344 -0.032039 -0.586461
-0.280079 0.702950 -5.384439 91 131 85 0 0.531813 0.001346 -0.846861
-0.290709 0.746230 -5.411014 119 160 135 0 0.943059 0.001246 -0.332624
-0.172261 0.945922 -5.310789 83 124 77 0 0.283467 0.466249 -0.838009
-0.424344 0.810010 -5.642597 95 134 103 0 0.545817 -0.315325 -0.776308
-0.375749 1.233691 -5.682839 93 132 100 0 -0.269233 -0.648389 -0.712113
-0.264894 1.133466 -5.471757 128 167 147 0 0.862566 0.150329 -0.483095
-0.201113 0.902643 -5.337363 111 148 117 0 0.842198 0.126986 -0.524002
-0.252745 1.126632 -5.457331 118 157 116 0 0.975388 0.110868 -0.190593
-0.287672 0.856326 -5.468720 91 122 67 0 -0.817082 0.531946 -0.222283
-0.374990 1.062093 -5.674487 70 94 29 0 -0.830457 0.118220 0.544394
-0.220855 1.056018 -5.352549 75 93 18 0 -0.618994 -0.753083 0.222963
-0.176057 0.732563 -5.201451 87 111 31 0 -0.895030 -0.247058 0.371327
-0.365879 1.035518 -5.658542 68 100 26 0 -0.746274 0.142648 0.650174
-0.252745 0.690043 -5.337363 102 140 97 0 0.769200 -0.126464 -0.626370
-0.234522 1.033999 -5.426200 111 133 92 0 0.985319 -0.038389 -0.166353
-0.384101 1.056018 -5.655504 108 145 117 0 0.928213 -0.372047 0.001270
-0.408399 0.873031 -5.671450 98 133 85 0 0.956075 -0.292169 -0.023622
-0.212503 1.006665 -5.370772 113 151 109 0 0.936929 0.247148 0.247148
-0.214781 0.916310 -5.356346 121 163 136 0 0.601926 0.215084 -0.769041
-0.390176 1.057537 -5.692709 83 109 35 0 -0.703583 0.230349 0.672243
-0.258060 0.966423 -5.441386 69 98 30 0 -0.869472 0.056675 0.490720
-0.336266 0.592095 -5.382921 65 92 25 0 -0.903908 0.260149 0.339517
-0.321840 0.634615 -5.421644 78 113 82 0 0.745004 -0.229593 -0.626303
-0.311969 1.071964 -5.547686 124 164 139 0 0.705821 0.244748 -0.664767
-0.251986 0.736359 -5.345716 91 131 83 0 0.767752 -0.191555 -0.611443
-0.359045 1.100057 -5.656264 68 94 27 0 -0.844539 -0.148863 0.514387
-0.365119 1.222302 -5.651708 88 110 41 0 -0.828486 0.001356 0.560008
-0.286913 1.185097 -5.539334 73 103 29 0 -0.792144 -0.006888 0.610295
-0.340822 0.819121 -5.533259 115 154 128 0 0.893566 -0.117166 -0.433373
-0.206428 0.658912 -5.279658 102 142 90 0 0.795769 0.040845 -0.604221
-0.167705 0.978571 -5.312307 89 129 63 0 0.719930 -0.507110 -0.473857
-0.455474 0.784194 -5.682839 99 139 105 0 0.775444 -0.395037 -0.492577
-0.268690 0.631577 -5.356346 95 135 91 0 0.745992 -0.104468 -0.657709
-0.432696 0.690043 -5.603114 79 104 40 0 -0.602501 0.357582 0.713531
-0.402324 1.048426 -5.706377 77 105 30 0 0.952354 0.047046 0.301346
-0.497994 0.722692 -5.666893 52 94 47 0 0.719739 -0.513624 -0.467082
-0.468382 0.998313 -5.767879 67 73 41 0 -0.501117 -0.023087 0.865072
-0.325636 0.742433 -5.455053 219 184 189 0 0.912190 0.277876 -0.301154
-0.375749 1.010461 -5.665375 73 105 29 0 -0.797446 0.180754 0.575680
-0.333989 0.678653 -5.458849 76 105 45 0 -0.800826 0.278480 0.530213
-0.162390 0.910236 -5.265991 69 95 22 0 -0.889541 -0.197839 0.411797
-0.368156 0.866956 -5.590965 111 149 126 0 0.671016 -0.023815 -0.741060
-0.289950 1.215469 -5.548445 61 57 36 0 -0.836399 -0.006800 0.548079
-0.431177 1.260267 -5.695746 96 128 104 0 0.937249 0.317874 0.143248
-0.378027 1.018813 -5.670690 67 99 29 0 -0.523300 0.310163 0.793698
-0.438011 1.138781 -5.727637 117 154 131 0 0.944987 0.158628 -0.286072
-0.398528 0.974016 -5.672968 102 142 115 0 0.703874 0.095515 -0.703874
-0.421306 1.129669 -5.744341 62 81 25 0 -0.790481 -0.158096 0.591731
-0.165427 0.834307 -5.233341 87 121 51 0 -0.513885 0.063010 0.855542
-0.422825 1.157004 -5.741304 70 92 26 0 -0.755481 -0.165689 0.633874
-0.389416 0.871512 -5.621336 110 150 126 0 0.937128 0.072492 -0.341373
-0.157075 0.753063 -5.186265 67 69 50 0 -0.467437 -0.776891 0.421834
-0.395491 0.873031 -5.666893 70 100 27 0 -0.877161 0.164924 0.450986
-0.326396 0.573112 -5.429237 66 108 60 0 0.396056 0.016881 -0.918071
-0.241356 1.079556 -5.386717 130 168 145 0 0.899586 0.214326 0.380538
-0.273246 0.871512 -5.445941 66 98 22 0 -0.817766 0.118496 0.563220
-0.318044 1.192690 -5.584132 72 103 28 0 -0.879780 0.094312 0.465932
-0.341581 1.009702 -5.618299 104 119 60 0 -0.713960 0.070962 0.696582
-0.301339 0.776601 -5.454294 79 113 44 0 -0.705619 -0.159333 0.690445
-0.429659 0.669542 -5.580335 77 103 37 0 -0.697046 0.434198 0.570613
-0.241356 0.863919 -5.392791 108 151 119 0 0.696449 -0.172964 -0.696449
-0.424344 0.877586 -5.679801 114 153 128 0 0.427820 0.286747 -0.857174
-0.390176 1.027166 -5.658542 102 141 112 0 0.804546 0.166924 -0.569949
-0.220096 1.037796 -5.355587 69 98 17 0 -0.900241 -0.251950 0.355087
-0.378786 0.781157 -5.562112 119 142 121 0 0.626285 -0.722390 -0.293121
-0.251986 1.040074 -5.437589 127 166 141 0 0.733157 0.325308 -0.597207
-0.251986 1.058296 -5.437589 123 161 130 0 0.950645 -0.309367 0.023797
-0.257301 1.134984 -5.454294 127 169 143 0 0.915653 0.372731 -0.150499
-0.387139 0.791028 -5.613744 101 133 105 0 0.119258 0.489965 -0.863546
-0.305136 0.965663 -5.518833 124 159 139 0 0.894930 -0.055848 -0.442698
-0.153278 0.888976 -5.216637 128 159 139 0 0.713331 0.428660 -0.554445
-0.360564 0.893531 -5.606910 110 150 125 0 0.379457 -0.420737 -0.824010
-0.332470 1.001350 -5.571983 137 160 148 0 0.559720 -0.552956 -0.617214
-0.153278 0.923903 -5.251564 84 103 40 0 -0.355692 0.640902 0.680241
-0.299821 0.740915 -5.439867 77 106 32 0 -0.815377 0.307541 0.490488
-0.349934 1.175986 -5.628930 113 152 128 0 0.736827 0.182292 -0.651042
-0.434214 0.787990 -5.653986 94 133 102 0 0.679518 -0.276604 -0.679518
-0.344619 0.859363 -5.506684 123 148 127 0 0.667229 0.373977 -0.644164
-0.364360 0.661190 -5.492258 75 108 38 0 -0.798217 0.220783 0.560450
-0.451678 0.838863 -5.710173 115 153 127 0 0.738435 -0.673238 -0.038268
-0.296024 0.796343 -5.450497 70 101 31 0 0.300640 0.705781 0.641473
-0.491161 0.781157 -5.727637 89 128 91 0 0.883628 -0.236926 -0.403817
-0.322599 0.712062 -5.457331 136 147 91 0 -0.602303 -0.135332 0.786712
-0.208706 0.825195 -5.305473 84 117 55 0 -0.778172 -0.380188 0.499906
-0.274005 0.830511 -5.428478 106 143 105 0 0.931838 0.362873 0.001264
-0.456993 0.851771 -5.785342 71 75 73 0 0.700373 -0.437525 -0.563958
-0.213262 1.021091 -5.377605 122 160 135 0 0.985764 0.166398 0.024099
-0.258819 0.642208 -5.344956 93 137 91 0 0.789869 0.064275 -0.609899
-0.506347 0.629300 -5.628170 83 110 44 0 -0.554918 0.548171 0.625759
-0.379546 1.124354 -5.679042 67 98 26 0 -0.810216 -0.072877 0.581583
-0.300580 0.942126 -5.503647 114 154 122 0 0.898001 -0.168106 -0.406615
-0.232244 0.692320 -5.306992 105 141 87 0 0.903153 0.149340 -0.402508
-0.421306 0.759138 -5.628170 74 104 30 0 -0.793348 0.333621 0.509211
-0.321840 0.950478 -5.534778 124 162 140 0 0.922009 0.009001 -0.387064
-0.461549 0.685487 -5.626652 74 104 37 0 -0.596132 0.548846 0.585999
-0.464586 0.836585 -5.782305 57 60 59 0 0.908232 -0.417866 -0.022409
-0.299821 0.669542 -5.413292 113 145 115 0 0.976760 -0.125993 0.173397
-0.387139 1.219265 -5.694228 105 141 110 0 0.798273 -0.530607 0.284985
-0.387898 0.703710 -5.549963 71 103 31 0 -0.766112 0.245971 0.593776
-0.282357 0.803176 -5.433793 74 105 26 0 -0.693838 0.156379 0.702947
-0.314247 0.909476 -5.518074 115 155 131 0 0.706205 -0.213576 -0.675026
-0.274764 1.096261 -5.478590 130 170 148 0 0.962957 -0.268647 0.023307
-0.214781 1.032481 -5.376846 115 149 100 0 0.800924 0.151203 -0.579360
-0.381824 1.162319 -5.681320 72 100 25 0 -0.817161 -0.078711 0.571011
-0.243633 0.683209 -5.323696 106 141 101 0 0.781390 0.259415 -0.567569
-0.237559 0.955793 -5.398866 96 132 84 0 -0.578001 -0.396861 -0.713033
-0.236041 0.841141 -5.374568 110 144 114 0 0.917284 0.117601 -0.380472
-0.465345 0.633096 -5.594761 79 107 45 0 -0.618578 0.428503 0.658594
-0.322599 0.564760 -5.404940 99 75 57 0 0.917646 -0.088366 0.387450
-0.236800 1.016536 -5.396588 63 96 16 0 -0.923807 -0.119422 0.363757
-0.151760 0.913273 -5.249286 106 146 108 0 0.856228 -0.513737 0.054297
-0.523810 0.635374 -5.644115 84 105 50 0 -0.532177 0.522104 0.666480
-0.241356 1.094742 -5.420885 127 164 140 0 0.882098 0.192271 -0.430041
-0.299821 0.618670 -5.396588 119 89 54 0 -0.568190 0.023502 0.822562
-0.201113 0.992238 -5.338882 64 96 18 0 -0.808823 -0.109696 0.577731
-0.367397 0.876068 -5.598558 107 149 127 0 0.744653 0.070850 -0.663681
-0.427381 1.207876 -5.727637 100 97 68 0 -0.371359 -0.325512 0.869560
-0.349934 1.124354 -5.627411 114 147 127 0 0.299510 0.101596 -0.948669
-0.434974 0.985405 -5.716248 113 155 124 0 0.784732 -0.040857 -0.618487
-0.327914 1.218506 -5.626652 108 139 88 0 0.863348 0.071363 -0.499538
-0.450919 0.855567 -5.759527 127 159 136 0 0.936992 -0.175255 -0.302211
-0.314247 0.975534 -5.530982 128 166 145 0 0.729158 -0.220153 -0.647967
-0.378786 1.102335 -5.679801 65 97 23 0 -0.776245 -0.070568 0.626469
-0.343100 0.837344 -5.549204 69 99 24 0 -0.839965 -0.054689 0.539877
-0.485087 0.797102 -5.751174 83 93 82 0 0.600668 -0.760638 -0.246227
-0.411436 0.902643 -5.702580 66 97 19 0 -0.482518 -0.702907 0.522589
-0.467623 0.828233 -5.763323 97 106 99 0 0.751855 -0.639909 -0.158843
-0.237559 1.107650 -5.409496 113 140 109 0 0.989885 0.133892 0.046919
-0.315006 0.677135 -5.447460 86 121 87 0 0.079849 -0.672185 -0.736065
-0.362841 0.926940 -5.625133 70 98 28 0 -0.790494 0.396055 0.467183
-0.384101 0.762175 -5.577298 75 105 33 0 -0.793821 0.347998 0.498744
-0.435733 1.002109 -5.711691 108 145 119 0 0.851881 -0.301483 -0.428260
-0.204151 0.677135 -5.259157 76 107 31 0 -0.855063 -0.101691 0.508455
-0.353730 0.958071 -5.605391 111 151 126 0 0.498730 -0.673370 -0.545749
-0.413714 0.532111 -5.504406 90 93 73 0 0.102975 -0.976404 -0.189822
-0.352971 1.142577 -5.627411 116 152 132 0 0.909982 0.181425 -0.372850
-0.336266 0.807732 -5.486943 124 139 117 0 0.704976 0.189742 -0.683379
-0.441807 0.595891 -5.553760 77 105 40 0 -0.713341 0.301117 0.632829
-0.444085 0.797861 -5.665375 89 131 96 0 0.428327 -0.125812 -0.894822
-0.201873 1.021851 -5.333567 68 97 18 0 -0.747122 -0.292769 0.596737
-0.427381 1.185097 -5.732952 73 86 35 0 -0.587687 -0.088081 0.804280
-0.377268 0.797102 -5.568946 106 147 118 0 0.981423 -0.135664 -0.135664
-0.444085 0.659671 -5.590206 81 107 41 0 -0.656645 0.340543 0.672939
-0.317284 0.762934 -5.477831 140 136 86 0 -0.819728 0.380417 0.428169
-0.186687 0.671060 -5.251564 111 135 116 0 0.855127 -0.426793 -0.294287
-0.245911 1.058296 -5.414811 63 94 16 0 -0.902494 0.101513 0.418568
-0.300580 0.993757 -5.519592 121 161 141 0 0.641677 -0.537257 -0.547362
-0.356767 1.128910 -5.651708 80 99 42 0 -0.812881 -0.124946 0.568870
-0.255782 1.050704 -5.426959 130 165 142 0 0.900850 0.434129 0.001304
-0.475216 1.003628 -5.748897 93 128 91 0 0.591008 0.001365 -0.806665
-0.333989 1.039314 -5.585650 113 153 132 0 0.887929 0.142011 -0.437510
-0.456234 0.844178 -5.747378 124 159 133 0 0.876883 -0.386192 -0.286237
-0.333229 0.855567 -5.509721 181 172 170 0 -0.293296 -0.451583 -0.842645
-0.292987 0.668023 -5.389754 80 113 54 0 -0.888003 0.453006 0.078964
-0.454715 0.645245 -5.590965 75 104 36 0 -0.504583 0.425690 0.751122
-0.351452 0.691561 -5.492258 96 121 78 0 0.682635 0.579155 -0.445632
-0.311210 0.885938 -5.543890 219 188 200 0 0.824342 -0.405024 -0.395494
-0.340063 1.139540 -5.602355 121 160 136 0 0.836498 0.046084 -0.546028
-0.250467 0.869993 -5.405699 102 141 101 0 0.992023 -0.071754 -0.103644
-0.318044 0.712821 -5.441386 232 192 214 0 -0.023106 -0.111127 -0.993538
-0.298302 0.601965 -5.407977 121 135 110 0 0.411282 -0.556634 0.721807
-0.438011 0.722692 -5.612225 86 128 90 0 0.698592 -0.213156 -0.683033
-0.326396 1.239007 -5.617540 116 146 98 0 0.867668 0.001333 -0.497143
-0.244393 0.887457 -5.395829 111 151 112 0 0.449834 0.001311 -0.893111
-0.456234 0.736359 -5.638800 86 127 88 0 0.502286 -0.373080 -0.780077
-0.245911 0.715099 -5.327493 127 138 106 0 0.855332 0.189576 -0.482150
-0.437252 1.154726 -5.737507 94 102 98 0 0.930834 0.354922 -0.087056
-0.274005 0.736359 -5.385199 107 146 113 0 0.822849 -0.356726 -0.442341
-0.299061 1.058296 -5.542371 119 160 137 0 0.751711 0.189081 -0.631806
-0.237559 0.627781 -5.321418 103 141 93 0 0.801582 0.173601 -0.572127
-0.333229 1.235210 -5.631967 107 136 91 0 0.924911 -0.079201 -0.371844
-0.363601 0.943644 -5.611466 103 142 118 0 0.870059 -0.159389 -0.466469
-0.280079 0.772045 -5.398866 111 151 116 0 0.696072 0.079925 -0.713510
-0.173020 0.959589 -5.322178 91 127 70 0 0.801573 -0.461025 -0.380707
-0.332470 0.830511 -5.509721 107 143 118 0 0.552935 0.733419 -0.395423
-0.311210 0.928458 -5.545408 83 110 35 0 -0.755223 0.182295 0.629608
-0.464586 0.661190 -5.612984 71 102 32 0 -0.647826 0.523309 0.553597
-0.393972 1.251155 -5.705617 94 130 104 0 0.677083 0.220482 -0.702102
-0.323359 0.668783 -5.436071 104 121 60 0 -0.759466 0.205721 0.617163
-0.225411 0.703710 -5.298640 101 142 104 0 0.830730 -0.040354 -0.555211
-0.184409 0.709025 -5.209044 85 110 28 0 -0.926838 0.054209 0.371528
-0.330951 0.674857 -5.449738 74 103 35 0 -0.786349 0.372991 0.492477
-0.446363 1.280767 -5.696506 62 69 65 0 0.767870 0.381500 -0.514619
-0.230726 0.642208 -5.310029 100 138 83 0 0.688668 0.133533 -0.712674
-0.435733 1.252674 -5.701821 91 106 96 0 0.365037 0.149651 -0.918887
-0.323359 0.978571 -5.536296 127 166 144 0 0.998089 0.039245 0.047730
-0.328674 0.835066 -5.498332 218 181 202 0 -0.134574 -0.572308 -0.808921
-0.389416 1.204839 -5.686635 77 100 36 0 -0.539139 -0.286171 0.792108
-0.356008 1.190412 -5.643356 68 100 23 0 -0.816762 -0.206099 0.538910
-0.420547 0.663468 -5.567427 72 102 33 0 -0.647400 0.126503 0.751579
-0.474457 1.056018 -5.754971 71 80 71 0 0.976826 0.054470 -0.206986
-0.397769 0.580705 -5.502888 74 103 37 0 -0.705574 0.172950 0.687207
-0.374231 0.618670 -5.486184 73 107 39 0 -0.723067 0.175798 0.668034
-0.310451 0.687765 -5.455053 122 126 109 0 0.766875 0.015310 -0.641614
-0.321840 0.967182 -5.573502 112 117 60 0 -0.810373 0.579251 0.088115
-0.359804 1.148651 -5.653986 70 94 29 0 -0.877761 -0.103183 0.467856
-0.186687 0.758378 -5.235619 87 119 50 0 -0.903637 0.213904 0.371059
-0.256541 1.178264 -5.458090 124 150 141 0 0.477494 -0.302152 -0.825047
-0.282357 0.732563 -5.404940 106 146 115 0 0.624566 -0.506723 -0.594263
-0.274005 1.182060 -5.518833 85 113 31 0 -0.762362 0.470533 0.444301
-0.259578 1.002109 -5.448978 120 164 141 0 0.717295 0.484299 -0.500942
-0.480531 0.582224 -5.581094 85 110 47 0 -0.709407 0.418368 0.567195
-0.221614 0.973256 -5.340401 124 164 138 0 0.858755 0.086300 -0.505067
-0.173020 0.816084 -5.237897 81 108 37 0 -0.837351 0.158578 0.523159
-0.444085 0.832029 -5.696506 102 141 112 0 0.666198 0.032394 -0.745071
-0.389416 0.876068 -5.655504 71 102 30 0 -0.876523 0.001326 0.481358
-0.251226 1.153207 -5.429237 135 167 149 0 0.808365 -0.253880 -0.531122
-0.359804 1.116761 -5.657023 69 95 26 0 -0.761293 0.001377 0.648407
-0.192002 0.907958 -5.329011 107 148 115 0 0.677534 0.001380 -0.735490
-0.371953 0.924662 -5.653226 120 139 123 0 0.924054 -0.157970 -0.348093
-0.299821 1.068926 -5.538574 120 162 137 0 0.561354 0.418946 -0.713698
-0.310451 0.921625 -5.562871 190 165 179 0 0.792156 -0.088339 -0.603892
-0.244393 1.136503 -5.410255 137 168 153 0 0.632465 -0.330052 -0.700752
-0.297543 0.864678 -5.504406 117 157 132 0 0.649853 0.579327 -0.492008
-0.384861 0.892772 -5.652467 75 105 30 0 -0.843823 0.158124 0.512796
-0.270209 1.194968 -5.518833 93 87 47 0 -0.868505 0.275305 0.412197
-0.350693 0.888976 -5.561353 120 157 132 0 0.483144 -0.718905 -0.499747
-0.192002 0.750785 -5.243971 87 120 52 0 -0.778122 0.262518 0.570623
-0.239078 1.085631 -5.405699 119 153 106 0 0.697963 0.649606 0.301430
-0.274764 0.659671 -5.360142 95 136 95 0 0.723554 0.104628 -0.682292
-0.419029 0.863160 -5.682079 114 154 129 0 0.952713 -0.198089 -0.230430
-0.419029 1.182819 -5.726118 69 91 33 0 -0.729158 -0.220153 0.647967
-0.311969 0.918588 -5.514277 116 154 134 0 0.547766 -0.118318 -0.828223
-0.409917 1.110687 -5.729915 70 97 28 0 -0.523712 0.540552 0.658429
-0.360564 0.965663 -5.616781 109 149 123 0 0.546550 0.143673 -0.825010
-0.293746 1.189653 -5.549204 77 105 28 0 -0.859803 0.095218 0.501670
-0.195039 0.882901 -5.308511 77 110 38 0 -0.840547 0.142790 0.522582
-0.264134 0.927699 -5.444423 115 153 126 0 0.473827 0.172703 -0.863517
-0.188206 0.948200 -5.322937 82 116 52 0 -0.482870 0.610738 0.627563
-0.436492 1.163837 -5.724599 120 153 135 0 0.820734 0.212443 -0.530344
-0.306654 0.661190 -5.439108 83 109 77 0 0.444283 -0.570746 -0.690552
-0.289191 1.030962 -5.504406 123 164 138 0 0.290722 0.135313 -0.947191
-0.329433 0.833548 -5.527185 77 100 31 0 -0.743473 -0.158991 0.649592
-0.253504 0.721173 -5.341160 98 138 95 0 0.726010 0.047069 -0.686072
