v -0.433348869 1.295461617 -5.715523341 0.309804 0.274510 0.227451
v -0.424213284 1.297132190 -5.710488885 0.286275 0.235294 0.180392
v -0.427654820 1.290874453 -5.716895185 0.262745 0.266667 0.250980
v -0.434620597 1.286299653 -5.720240551 0.231373 0.231373 0.160784
v -0.413198475 1.296896445 -5.706678595 0.352941 0.360784 0.349020
v -0.390895939 1.300657384 -5.699073634 0.400000 0.454902 0.286275
v -0.398464178 1.293661846 -5.701862609 0.258824 0.258824 0.266667
v -0.413004487 1.285513217 -5.710207439 0.372549 0.482353 0.380392
v -0.425853692 1.278041156 -5.712984752 0.325490 0.396078 0.176471
v -0.420502080 1.276405136 -5.713869174 0.341176 0.439216 0.356863
v -0.432367575 1.277882464 -5.705630359 0.243137 0.270588 0.254902
v -0.393579371 1.284795945 -5.698809311 0.364706 0.454902 0.388235
v -0.433576960 1.259086005 -5.724289823 0.215686 0.231373 0.164706
v -0.431522686 1.271367213 -5.703739224 0.341176 0.392157 0.349020
v -0.418948213 1.268984761 -5.710922261 0.352941 0.478431 0.384314
v -0.409299060 1.274855130 -5.703709017 0.341176 0.423529 0.188235
v -0.427721530 1.261432637 -5.710281861 0.305882 0.376471 0.176471
v -0.432213522 1.262578616 -5.706393534 0.282353 0.305882 0.290196
v -0.366160022 1.290852561 -5.677604303 0.329412 0.364706 0.227451
v -0.377074230 1.284524063 -5.680687329 0.313725 0.313725 0.352941
v -0.403715996 1.264529710 -5.704776838 0.368627 0.509804 0.411765
v -0.390586972 1.275827195 -5.687093214 0.349020 0.396078 0.180392
v -0.403380520 1.264257172 -5.701329664 0.345098 0.427451 0.188235
v -0.383154885 1.280549417 -5.680616288 0.207843 0.184314 0.094118
v -0.424207360 1.258830518 -5.700289878 0.376471 0.501961 0.407843
v -0.432964994 1.252103498 -5.703625610 0.356863 0.415686 0.376471
v -0.394584139 1.264009148 -5.695280212 0.290196 0.384314 0.129412
v -0.428750227 1.240963846 -5.718655844 0.278431 0.309804 0.176471
v -0.369926697 1.279457310 -5.672309073 0.258824 0.274510 0.286275
v -0.424806974 1.248102948 -5.706174716 0.294118 0.384314 0.137255
v -0.383915243 1.266035600 -5.688870142 0.360784 0.454902 0.282353
v -0.399909885 1.255369871 -5.698344057 0.356863 0.431373 0.203922
v -0.399460220 1.252286153 -5.702038939 0.368627 0.509804 0.407843
v -0.429262129 1.243926334 -5.705347406 0.403922 0.498039 0.423529
v -0.388089988 1.261801193 -5.687466646 0.325490 0.427451 0.152941
v -0.377149944 1.266808554 -5.681234005 0.349020 0.466667 0.274510
v -0.381260972 1.265599014 -5.680630049 0.317647 0.407843 0.152941
v -0.425342935 1.246915566 -5.697272536 0.384314 0.513725 0.403922
v -0.390505815 1.253524560 -5.696852511 0.360784 0.490196 0.400000
v -0.413243028 1.246995022 -5.699686438 0.301961 0.407843 0.149020
v -0.427174020 1.229093340 -5.722456941 0.254902 0.301961 0.160784
v -0.375850686 1.265132449 -5.672108854 0.337255 0.411765 0.160784
v -0.431125450 1.219856735 -5.725888092 0.192157 0.200000 0.141176
v -0.418748660 1.228028729 -5.714945619 0.286275 0.384314 0.129412
v -0.407426649 1.242555839 -5.692978554 0.407843 0.549020 0.447059
v -0.391543961 1.247171436 -5.687228302 0.309804 0.415686 0.145098
v -0.397456846 1.241376304 -5.693177025 0.305882 0.396078 0.149020
v -0.406399650 1.235736940 -5.698635185 0.294118 0.392157 0.125490
v -0.405745192 1.228143110 -5.709393842 0.278431 0.384314 0.121569
v -0.366940099 1.266246830 -5.656561878 0.239216 0.207843 0.086275
v -0.381952983 1.249350716 -5.678429574 0.294118 0.400000 0.125490
v -0.392833919 1.237612264 -5.694345032 0.403922 0.545098 0.439216
v -0.430850772 1.208591140 -5.725374872 0.392157 0.380392 0.266667
v -0.432398515 1.213239367 -5.714821741 0.372549 0.447059 0.380392
v -0.434392126 1.206526564 -5.724186503 0.184314 0.203922 0.188235
v -0.377493289 1.243498959 -5.679754675 0.356863 0.494118 0.337255
v -0.395268806 1.222592656 -5.707611730 0.368627 0.486275 0.294118
v -0.432548482 1.198287670 -5.734334858 0.329412 0.352941 0.184314
v -0.368833485 1.255693993 -5.658595796 0.298039 0.392157 0.113725
v -0.390020511 1.238927993 -5.676501650 0.392157 0.533333 0.439216
v -0.389075577 1.226677157 -5.696829145 0.400000 0.533333 0.392157
v -0.388069795 1.236160842 -5.679954166 0.305882 0.419608 0.129412
v -0.396612391 1.219942257 -5.702838571 0.262745 0.364706 0.121569
v -0.397904011 1.226816489 -5.690935071 0.415686 0.564706 0.462745
v -0.425631577 1.204970526 -5.717982927 0.329412 0.392157 0.192157
v -0.416914621 1.209740798 -5.712113010 0.301961 0.376471 0.176471
v -0.392575748 1.225811225 -5.692860290 0.270588 0.372549 0.129412
v -0.434591813 1.189128304 -5.739043851 0.200000 0.207843 0.129412
v -0.381370128 1.234849546 -5.679174289 0.364706 0.517647 0.392157
v -0.404776921 1.208873447 -5.712206848 0.352941 0.494118 0.360784
v -0.412712794 1.210816326 -5.706169534 0.388235 0.517647 0.396078
v -0.352237832 1.265899399 -5.633236842 0.290196 0.329412 0.337255
v -0.355506571 1.260007218 -5.641899740 0.262745 0.235294 0.113725
v -0.393327771 1.228666769 -5.681409137 0.403922 0.541176 0.443137
v -0.370250370 1.241380210 -5.667474699 0.282353 0.392157 0.105882
v -0.426535937 1.195419771 -5.725447960 0.262745 0.321569 0.125490
v -0.360980322 1.253205938 -5.650148242 0.321569 0.400000 0.125490
v -0.368084887 1.236423646 -5.672289865 0.380392 0.541176 0.415686
v -0.388583802 1.219562782 -5.693286057 0.411765 0.552941 0.431373
v -0.397585981 1.209512919 -5.706759835 0.341176 0.470588 0.274510
v -0.386236196 1.216691453 -5.697954139 0.400000 0.525490 0.384314
v -0.383636787 1.223481586 -5.687336869 0.396078 0.521569 0.341176
v -0.428570874 1.185342240 -5.732176258 0.286275 0.337255 0.137255
v -0.436533541 1.179007979 -5.737677382 0.325490 0.349020 0.341176
v -0.430974983 1.186840271 -5.726414320 0.415686 0.513725 0.450980
v -0.391413968 1.211434266 -5.698139865 0.282353 0.388235 0.121569
v -0.421513238 1.198917187 -5.709178337 0.400000 0.545098 0.415686
v -0.410960235 1.200208525 -5.710285711 0.329412 0.427451 0.145098
v -0.351408113 1.263717503 -5.621033742 0.152941 0.192157 0.203922
v -0.399480347 1.203939833 -5.703906244 0.247059 0.349020 0.109804
v -0.364450971 1.240833241 -5.653892840 0.278431 0.388235 0.101961
v -0.435344028 1.175169208 -5.739841778 0.227451 0.239216 0.133333
v -0.350127004 1.256086231 -5.632172040 0.517647 0.615686 0.564706
v -0.387229832 1.225757892 -5.670496725 0.396078 0.525490 0.443137
v -0.358035486 1.243533951 -5.648636858 0.439216 0.576471 0.505882
v -0.385593337 1.206844390 -5.700156421 0.380392 0.498039 0.305882
v -0.424218487 1.183888583 -5.722734699 0.270588 0.356863 0.129412
v -0.336450388 1.263074889 -5.617255825 0.517647 0.486275 0.443137
v -0.381325675 1.216884292 -5.677848885 0.317647 0.411765 0.160784
v -0.369435499 1.221070089 -5.674215013 0.364706 0.490196 0.341176
v -0.364463003 1.230205721 -5.658440995 0.286275 0.396078 0.101961
v -0.425024938 1.176618437 -5.727788446 0.309804 0.400000 0.117647
v -0.385592556 1.212535818 -5.679719339 0.411765 0.541176 0.454902
v -0.348731595 1.254100818 -5.622384427 0.235294 0.203922 0.098039
v -0.344571293 1.259944299 -5.614004767 0.282353 0.247059 0.125490
v -0.377312272 1.211884519 -5.681161026 0.372549 0.454902 0.294118
v -0.430807111 1.179213672 -5.718170765 0.431373 0.576471 0.482353
v -0.348345652 1.258084181 -5.612928658 0.231373 0.262745 0.278431
v -0.385868429 1.204107826 -5.688947849 0.301961 0.392157 0.141176
v -0.353872616 1.240084885 -5.639433170 0.270588 0.376471 0.086275
v -0.423732357 1.182826994 -5.711792744 0.439216 0.584314 0.466667
v -0.347251473 1.244863568 -5.633287751 0.482353 0.627451 0.541176
v -0.408522883 1.187111042 -5.708607085 0.301961 0.411765 0.121569
v -0.435572653 1.163021574 -5.737049352 0.443137 0.482353 0.466667
v -0.361769887 1.221367992 -5.663401689 0.403922 0.521569 0.337255
v -0.376703919 1.214257288 -5.668448884 0.427451 0.564706 0.458824
v -0.369934344 1.211772412 -5.672404641 0.384314 0.498039 0.352941
v -0.320580933 1.261971425 -5.604166169 0.329412 0.309804 0.313725
v -0.396143629 1.187799002 -5.701361666 0.282353 0.392157 0.109804
v -0.334833304 1.253004656 -5.611938069 0.415686 0.423529 0.462745
v -0.346780159 1.238200541 -5.631480988 0.286275 0.388235 0.086275
v -0.428765835 1.158228440 -5.737430855 0.274510 0.360784 0.101961
v -0.362771178 1.221818101 -5.653238669 0.345098 0.431373 0.160784
v -0.431380777 1.162783548 -5.727931277 0.470588 0.600000 0.529412
v -0.342285966 1.242298772 -5.623813842 0.301961 0.360784 0.117647
v -0.336411066 1.243771710 -5.622827778 0.439216 0.552941 0.372549
v -0.391756703 1.191943923 -5.690391121 0.254902 0.356863 0.101961
v -0.435548229 1.154374843 -5.738617779 0.368627 0.400000 0.384314
v -0.404355038 1.178235477 -5.707100194 0.337255 0.443137 0.133333
v -0.387184641 1.196495407 -5.682049244 0.282353 0.364706 0.121569
v -0.425498508 1.168764008 -5.715196296 0.423529 0.576471 0.466667
v -0.434913625 1.140756065 -5.757321213 0.203922 0.207843 0.141176
v -0.330415858 1.249416024 -5.610397093 0.447059 0.556863 0.380392
v -0.370350995 1.212078441 -5.659023245 0.450980 0.603922 0.478431
v -0.336838009 1.235953837 -5.629614096 0.419608 0.533333 0.356863
v -0.336956114 1.251251276 -5.603817357 0.337255 0.364706 0.407843
v -0.433943881 1.144932178 -5.745738738 0.301961 0.321569 0.321569
v -0.417787944 1.161506812 -5.719203347 0.290196 0.400000 0.109804
v -0.330748173 1.249751630 -5.600473401 0.411765 0.447059 0.478431
v -0.392890726 1.180028652 -5.695725791 0.325490 0.435294 0.133333
v -0.426797426 1.149493117 -5.734720352 0.262745 0.364706 0.129412
v -0.427106379 1.155405022 -5.724215854 0.454902 0.592157 0.498039
v -0.330052086 1.239760540 -5.615156404 0.454902 0.572549 0.384314
v -0.333884959 1.241999180 -5.608693643 0.215686 0.180392 0.086275
v -0.379339025 1.197336398 -5.664452919 0.396078 0.513725 0.321569
v -0.410850276 1.165524770 -5.705207014 0.450980 0.603922 0.470588
v -0.340183885 1.220072498 -5.634726723 0.427451 0.517647 0.345098
v -0.433573411 1.133223291 -5.747896839 0.243137 0.286275 0.117647
v -0.319847358 1.250634831 -5.588567662 0.501961 0.482353 0.427451
v -0.437729353 1.136578008 -5.739670602 0.462745 0.572549 0.498039
v -0.377669022 1.189892087 -5.669174720 0.341176 0.415686 0.192157
v -0.355846327 1.209651170 -5.643427552 0.247059 0.360784 0.090196
v -0.439224209 1.123799089 -5.758370324 0.196078 0.207843 0.203922
v -0.328872659 1.229044094 -5.618466851 0.431373 0.545098 0.352941
v -0.365211579 1.198783081 -5.656203643 0.290196 0.392157 0.117647
v -0.401961705 1.164968254 -5.699250516 0.423529 0.584314 0.458824
v -0.392304384 1.170036804 -5.693830058 0.274510 0.384314 0.109804
v -0.348927011 1.213116511 -5.633843490 0.258824 0.360784 0.074510
v -0.435430286 1.117504569 -5.763885076 0.266667 0.368627 0.086275
v -0.406702669 1.157413377 -5.706722928 0.447059 0.592157 0.474510
v -0.432934996 1.137734807 -5.730946316 0.458824 0.603922 0.513725
v -0.331419773 1.234860485 -5.602577717 0.474510 0.525490 0.368627
v -0.377844983 1.181732994 -5.674638517 0.352941 0.431373 0.188235
v -0.333616568 1.238170240 -5.595003808 0.266667 0.266667 0.113725
v -0.382876855 1.175130131 -5.683142253 0.266667 0.364706 0.098039
v -0.429386671 1.131334472 -5.739072783 0.243137 0.317647 0.098039
v -0.332241889 1.219398002 -5.623830420 0.423529 0.545098 0.345098
v -0.340895147 1.216956116 -5.624720590 0.266667 0.380392 0.082353
v -0.334724660 1.224842304 -5.613163179 0.278431 0.392157 0.082353
v -0.427131944 1.139934800 -5.721955038 0.447059 0.588235 0.494118
v -0.438875453 1.125112151 -5.742191715 0.498039 0.615686 0.529412
v -0.340718439 1.207431107 -5.635402387 0.396078 0.525490 0.341176
v -0.405077944 1.147231095 -5.714418707 0.274510 0.388235 0.101961
v -0.369962265 1.184397207 -5.662909717 0.352941 0.435294 0.180392
v -0.351616967 1.197749509 -5.643282301 0.254902 0.364706 0.074510
v -0.395360075 1.155168524 -5.699662208 0.298039 0.419608 0.109804
v -0.431572187 1.129124507 -5.730877338 0.458824 0.615686 0.509804
v -0.386921747 1.161514223 -5.689813639 0.262745 0.380392 0.086275
v -0.336835487 1.238631283 -5.577091336 0.411765 0.447059 0.435294
v -0.330970497 1.215495395 -5.615052476 0.450980 0.588235 0.458824
v -0.399411196 1.147315032 -5.705801198 0.266667 0.388235 0.105882
v -0.448563211 1.107901081 -5.755184677 0.439216 0.529412 0.462745
v -0.416937254 1.133080840 -5.723290441 0.247059 0.360784 0.090196
v -0.333258347 1.229611557 -5.590219718 0.290196 0.380392 0.098039
v -0.325327258 1.239122178 -5.576807640 0.219608 0.180392 0.145098
v -0.334786412 1.206701369 -5.626198827 0.431373 0.537255 0.360784
v -0.328439811 1.240922864 -5.571606345 0.309804 0.345098 0.345098
v -0.351307597 1.187681689 -5.652133014 0.403922 0.537255 0.337255
v -0.375300936 1.169818652 -5.673260116 0.329412 0.431373 0.149020
v -0.339044340 1.207642671 -5.620678932 0.266667 0.380392 0.078431
v -0.353880593 1.189973529 -5.644742969 0.266667 0.392157 0.090196
v -0.381091395 1.162168006 -5.681797624 0.282353 0.392157 0.098039
v -0.348753482 1.199280689 -5.630458642 0.270588 0.384314 0.086275
v -0.441900979 1.107269198 -5.752006786 0.341176 0.380392 0.133333
v -0.439831622 1.118296412 -5.733907984 0.462745 0.611765 0.505882
v -0.446958413 1.101721095 -5.758182005 0.247059 0.247059 0.137255
v -0.456901171 1.098809565 -5.759553017 0.301961 0.321569 0.305882
v -0.368584517 1.173483245 -5.663807943 0.356863 0.443137 0.172549
v -0.386636001 1.151898403 -5.693565615 0.321569 0.427451 0.121569
v -0.401814728 1.135795470 -5.713806189 0.290196 0.407843 0.117647
v -0.423112272 1.127247814 -5.720745823 0.458824 0.600000 0.490196
v -0.446442230 1.108112461 -5.743760010 0.454902 0.600000 0.478431
v -0.440374899 1.112693213 -5.737484849 0.486275 0.619608 0.509804
v -0.334866534 1.208189922 -5.609835870 0.305882 0.423529 0.152941
v -0.421495696 1.117449417 -5.732169533 0.247059 0.356863 0.101961
v -0.452022241 1.098719424 -5.748572018 0.454902 0.572549 0.458824
v -0.451994245 1.091972574 -5.759190712 0.282353 0.329412 0.129412
v -0.391589686 1.138759500 -5.700370008 0.262745 0.384314 0.090196
v -0.332277636 1.201338804 -5.614959282 0.435294 0.584314 0.486275
v -0.322257073 1.235719510 -5.558472218 0.427451 0.501961 0.458824
v -0.348749960 1.190904586 -5.622305752 0.454902 0.584314 0.501961
v -0.318862862 1.240670395 -5.548866954 0.172549 0.207843 0.188235
v -0.341081064 1.193502395 -5.619649102 0.274510 0.388235 0.082353
v -0.350117661 1.186206928 -5.627819945 0.305882 0.415686 0.184314
v -0.355303182 1.180686224 -5.634670657 0.466667 0.611765 0.517647
v -0.395933991 1.129447435 -5.705558855 0.274510 0.403922 0.145098
v -0.326406596 1.219690732 -5.578478222 0.400000 0.521569 0.349020
v -0.457074792 1.088661481 -5.753595489 0.392157 0.454902 0.403922
v -0.406465817 1.116988709 -5.721601711 0.247059 0.360784 0.101961
v -0.375029680 1.150937178 -5.675220131 0.250980 0.352941 0.078431
v -0.413071655 1.111337192 -5.727858314 0.274510 0.380392 0.109804
v -0.332500375 1.206676335 -5.594510881 0.419608 0.556863 0.376471
v -0.400342123 1.121980392 -5.711234426 0.266667 0.388235 0.109804
v -0.316055400 1.219481287 -5.576613841 0.349020 0.396078 0.188235
v -0.468955546 1.080410628 -5.757831541 0.184314 0.203922 0.188235
v -0.441934367 1.100239685 -5.733133130 0.415686 0.572549 0.458824
v -0.338266693 1.198840902 -5.602237773 0.435294 0.560784 0.392157
v -0.460852633 1.079569115 -5.757966514 0.219608 0.239216 0.223529
v -0.311848092 1.227882572 -5.559120975 0.364706 0.423529 0.388235
v -0.308819868 1.222748398 -5.566014956 0.266667 0.235294 0.113725
v -0.450481230 1.091614773 -5.737792406 0.411765 0.564706 0.427451
v -0.364452514 1.155504068 -5.659240685 0.254902 0.337255 0.109804
v -0.334944880 1.201506126 -5.592023774 0.435294 0.560784 0.388235
v -0.352751931 1.176566791 -5.627092842 0.443137 0.596078 0.501961
v -0.345804440 1.182773835 -5.618319000 0.258824 0.364706 0.101961
v -0.361189403 1.164858956 -5.641891248 0.443137 0.596078 0.494118
v -0.471082802 1.072207576 -5.758756521 0.219608 0.243137 0.231373
v -0.369299499 1.145693041 -5.668921977 0.298039 0.392157 0.133333
v -0.421711496 1.102082123 -5.721725766 0.439216 0.592157 0.490196
v -0.410298219 1.103798514 -5.722370482 0.262745 0.384314 0.109804
v -0.386205676 1.127355277 -5.689784999 0.274510 0.392157 0.098039
v -0.378544680 1.134175263 -5.679958329 0.262745 0.388235 0.082353
v -0.431740078 1.096220413 -5.725487384 0.443137 0.596078 0.478431
v -0.319404580 1.202841423 -5.584762966 0.337255 0.439216 0.160784
v -0.309584507 1.206358428 -5.581726615 0.407843 0.560784 0.447059
v -0.450772862 1.071220840 -5.758467996 0.298039 0.376471 0.113725
v -0.327280274 1.194704328 -5.593194178 0.274510 0.396078 0.090196
v -0.459152552 1.070977193 -5.755178334 0.384314 0.447059 0.392157
v -0.311335848 1.205913429 -5.578701102 0.309804 0.411765 0.094118
v -0.296602158 1.223649670 -5.551897920 0.203922 0.172549 0.149020
v -0.301440552 1.218080799 -5.559538128 0.345098 0.372549 0.160784
v -0.360257989 1.148744570 -5.653690021 0.274510 0.368627 0.113725
v -0.358357279 1.154137331 -5.645092045 0.290196 0.400000 0.192157
v -0.438588677 1.089679120 -5.723925363 0.407843 0.564706 0.439216
v -0.332057825 1.182288123 -5.603910402 0.309804 0.415686 0.117647
v -0.395504476 1.108411778 -5.705608214 0.266667 0.392157 0.098039
v -0.466624796 1.058739791 -5.764074335 0.235294 0.227451 0.164706
v -0.474802430 1.061514875 -5.756922590 0.282353 0.309804 0.282353
v -0.346149948 1.173820143 -5.611357005 0.474510 0.615686 0.505882
v -0.305190573 1.208802888 -5.566136936 0.298039 0.400000 0.117647
v -0.379012358 1.124244013 -5.679389910 0.262745 0.384314 0.101961
v -0.366378282 1.135086905 -5.665049492 0.270588 0.372549 0.113725
v -0.316811320 1.192435938 -5.584935650 0.282353 0.403922 0.109804
v -0.387994064 1.111309365 -5.694660203 0.278431 0.396078 0.117647
v -0.449747781 1.075988114 -5.731471431 0.368627 0.533333 0.388235
v -0.359508009 1.138719995 -5.654937972 0.298039 0.380392 0.152941
v -0.471053737 1.055316568 -5.757189767 0.278431 0.313725 0.278431
v -0.410989750 1.097061082 -5.707128915 0.411765 0.552941 0.450980
v -0.289487548 1.215373686 -5.548746497 0.239216 0.223529 0.141176
v -0.348951525 1.163634506 -5.615143527 0.482353 0.619608 0.529412
v -0.320397848 1.184353839 -5.589396899 0.286275 0.403922 0.101961
v -0.336019617 1.170620219 -5.607070630 0.250980 0.356863 0.105882
v -0.353569835 1.157886423 -5.622464588 0.470588 0.600000 0.525490
v -0.467184795 1.047866175 -5.764334838 0.200000 0.211765 0.196078
v -0.369172290 1.123647823 -5.669004911 0.282353 0.403922 0.101961
v -0.354162855 1.145703214 -5.636998799 0.439216 0.592157 0.501961
v -0.449286328 1.058319532 -5.750853830 0.278431 0.372549 0.137255
v -0.311739807 1.194631271 -5.569128274 0.294118 0.411765 0.105882
v -0.313591875 1.197846392 -5.562736576 0.415686 0.549020 0.352941
v -0.300939313 1.203863565 -5.556596596 0.282353 0.384314 0.109804
v -0.307076428 1.203227047 -5.555695895 0.384314 0.525490 0.329412
v -0.393365091 1.100401421 -5.697694527 0.266667 0.388235 0.105882
v -0.459354535 1.042704669 -5.771952409 0.290196 0.372549 0.109804
v -0.382568723 1.108406057 -5.686644308 0.254902 0.380392 0.094118
v -0.457380156 1.052661830 -5.754851997 0.282353 0.368627 0.141176
v -0.464315387 1.053818282 -5.750293408 0.368627 0.498039 0.380392
v -0.362899926 1.126487505 -5.660517067 0.266667 0.364706 0.098039
v -0.325780149 1.170833561 -5.598925655 0.286275 0.403922 0.094118
v -0.455860514 1.060184154 -5.740259160 0.349020 0.513725 0.372549
v -0.326210717 1.167931264 -5.602806666 0.435294 0.568627 0.403922
v -0.376751192 1.112255917 -5.678125102 0.266667 0.392157 0.094118
v -0.451039261 1.064552427 -5.729341111 0.345098 0.509804 0.372549
v -0.336497278 1.161184119 -5.605572088 0.313725 0.423529 0.121569
v -0.356246875 1.128802799 -5.652047097 0.313725 0.388235 0.164706
v -0.459683066 1.058022101 -5.734826295 0.403922 0.552941 0.407843
v -0.471356642 1.046824604 -5.749529399 0.403922 0.509804 0.392157
v -0.346697866 1.154685163 -5.610076174 0.470588 0.615686 0.521569
v -0.351832756 1.142342401 -5.628153082 0.454902 0.596078 0.517647
v -0.314339051 1.178595841 -5.577766323 0.286275 0.407843 0.109804
v -0.410252939 1.086592296 -5.699025964 0.396078 0.541176 0.431373
v -0.464695535 1.038310462 -5.761569626 0.301961 0.356863 0.149020
v -0.319253672 1.168329452 -5.591925016 0.294118 0.415686 0.109804
v -0.417019915 1.072198442 -5.719176382 0.254902 0.372549 0.082353
v -0.379267958 1.102434334 -5.679486786 0.254902 0.380392 0.090196
v -0.351575240 1.133937326 -5.633635970 0.435294 0.556863 0.490196
v -0.440404167 1.063612360 -5.721684730 0.396078 0.552941 0.411765
v -0.390129572 1.091405940 -5.691254120 0.262745 0.384314 0.109804
v -0.326720881 1.161469526 -5.594285025 0.254902 0.360784 0.090196
v -0.358443420 1.116480577 -5.657910034 0.270588 0.372549 0.101961
v -0.301772843 1.189296286 -5.555524490 0.282353 0.396078 0.109804
v -0.351259866 1.125387269 -5.644769597 0.349020 0.411765 0.180392
v -0.311527895 1.181656011 -5.563389896 0.454902 0.603922 0.498039
v -0.471244345 1.031505985 -5.759573165 0.196078 0.200000 0.188235
v -0.455122717 1.048799524 -5.735689337 0.329412 0.498039 0.360784
v -0.309174874 1.178023566 -5.567302509 0.274510 0.392157 0.101961
v -0.452683118 1.041086121 -5.745568432 0.333333 0.427451 0.152941
v -0.406058103 1.076552997 -5.701467727 0.262745 0.368627 0.101961
v -0.340079680 1.153923478 -5.594386405 0.474510 0.623529 0.525490
v -0.295068998 1.189925677 -5.548341468 0.301961 0.411765 0.109804
v -0.358433137 1.108595966 -5.660987590 0.435294 0.501961 0.270588
v -0.371069491 1.100031338 -5.670771174 0.239216 0.356863 0.098039
v -0.280353006 1.202327983 -5.530077212 0.207843 0.180392 0.090196
v -0.287063226 1.195312037 -5.539004743 0.313725 0.419608 0.149020
v -0.465327054 1.032743416 -5.750590662 0.372549 0.513725 0.368627
v -0.338438633 1.148785718 -5.598890862 0.462745 0.600000 0.474510
v -0.460635195 1.030060620 -5.755931479 0.317647 0.407843 0.133333
v -0.278526939 1.208158471 -5.518062355 0.180392 0.203922 0.203922
v -0.289893859 1.194174052 -5.536530415 0.388235 0.529412 0.329412
v -0.455915409 1.041770074 -5.734279482 0.400000 0.556863 0.407843
v -0.478763132 1.020257124 -5.762164716 0.239216 0.266667 0.243137
v -0.402758804 1.078863032 -5.688067994 0.411765 0.549020 0.443137
v -0.474125546 1.019394211 -5.762879646 0.215686 0.196078 0.145098
v -0.344645375 1.134387076 -5.613231321 0.470588 0.615686 0.517647
v -0.349839214 1.124334464 -5.627472796 0.447059 0.576471 0.498039
v -0.348211997 1.119333612 -5.635467218 0.305882 0.407843 0.129412
v -0.351992233 1.110485271 -5.647790110 0.349020 0.411765 0.188235
v -0.477793870 1.023987411 -5.750349610 0.400000 0.525490 0.392157
v -0.341036354 1.139740614 -5.601720419 0.474510 0.627451 0.533333
v -0.415511291 1.063333112 -5.704345045 0.403922 0.560784 0.427451
v -0.295695762 1.178955348 -5.550936996 0.270588 0.388235 0.101961
v -0.356006564 1.099321287 -5.662141471 0.309804 0.376471 0.137255
v -0.449377104 1.029774733 -5.746964797 0.305882 0.415686 0.117647
v -0.395539651 1.079253159 -5.681518946 0.403922 0.533333 0.435294
v -0.425864758 1.047400454 -5.722915240 0.286275 0.407843 0.113725
v -0.288113185 1.185344365 -5.538551536 0.286275 0.403922 0.113725
v -0.431538613 1.040483982 -5.732288116 0.305882 0.415686 0.133333
v -0.357428900 1.099723913 -5.657317621 0.266667 0.368627 0.105882
v -0.382020502 1.084332517 -5.674425593 0.250980 0.376471 0.098039
v -0.347242676 1.125341886 -5.617578151 0.443137 0.592157 0.498039
v -0.476116581 1.021120181 -5.748804696 0.400000 0.537255 0.380392
v -0.276895096 1.193129231 -5.525795625 0.372549 0.392157 0.168627
v -0.353232152 1.117840939 -5.625885703 0.498039 0.600000 0.537255
v -0.423177840 1.052718271 -5.711130095 0.392157 0.552941 0.423529
v -0.461386364 1.022489383 -5.748146771 0.313725 0.415686 0.121569
v -0.475008550 1.009235695 -5.765308118 0.258824 0.270588 0.176471
v -0.483043798 1.012295507 -5.757258885 0.235294 0.247059 0.215686
v -0.312497278 1.161198372 -5.564771737 0.474510 0.631373 0.529412
v -0.406482835 1.066833256 -5.690853895 0.419608 0.564706 0.439216
v -0.414283486 1.052073466 -5.712675108 0.325490 0.447059 0.149020
v -0.386269584 1.084043488 -5.667359613 0.431373 0.568627 0.447059
v -0.429694713 1.045975549 -5.715397362 0.380392 0.545098 0.411765
v -0.394460823 1.070278635 -5.686153348 0.274510 0.368627 0.121569
v -0.288719450 1.182855868 -5.533269409 0.392157 0.545098 0.341176
v -0.272467614 1.195433513 -5.517360490 0.364706 0.341176 0.184314
v -0.300495244 1.168062457 -5.552527573 0.450980 0.607843 0.509804
v -0.465414099 1.023626773 -5.738583378 0.400000 0.560784 0.396078
v -0.400099985 1.068310978 -5.684784437 0.427451 0.572549 0.443137
v -0.479489129 1.009800339 -5.755418935 0.278431 0.321569 0.266667
v -0.444550063 1.025945246 -5.738592690 0.325490 0.435294 0.145098
v -0.373099235 1.082383320 -5.667434392 0.239216 0.364706 0.098039
v -0.434078337 1.030197416 -5.733602633 0.325490 0.443137 0.152941
v -0.402273785 1.057103102 -5.699147608 0.286275 0.400000 0.129412
v -0.457395464 1.024611122 -5.733314556 0.423529 0.572549 0.403922
v -0.350078513 1.103593294 -5.636461636 0.474510 0.525490 0.309804
v -0.334760972 1.132262748 -5.593762226 0.478431 0.631373 0.529412
v -0.436169474 1.033596074 -5.724478402 0.407843 0.556863 0.427451
v -0.384821396 1.075884895 -5.670417801 0.435294 0.568627 0.470588
v -0.339898596 1.123561115 -5.605498184 0.474510 0.631373 0.529412
v -0.306739643 1.158696086 -5.557765333 0.462745 0.619608 0.517647
v -0.463715341 1.018946627 -5.737843312 0.360784 0.513725 0.356863
v -0.288564715 1.171167862 -5.540799327 0.298039 0.419608 0.094118
v -0.408805604 1.054849918 -5.694885876 0.400000 0.556863 0.431373
v -0.380705996 1.072985665 -5.673532272 0.243137 0.364706 0.094118
v -0.407467700 1.049486146 -5.703023550 0.301961 0.411765 0.117647
v -0.352438520 1.094788893 -5.645485667 0.345098 0.411765 0.192157
v -0.475416788 0.999762910 -5.763292649 0.262745 0.286275 0.160784
v -0.280368703 1.179841709 -5.526996127 0.282353 0.400000 0.098039
v -0.351923853 1.106362309 -5.624527355 0.498039 0.603922 0.537255
v -0.394589626 1.058446673 -5.689831524 0.325490 0.427451 0.137255
v -0.314266643 1.142291557 -5.573522045 0.239216 0.356863 0.082353
v -0.483708029 0.999657466 -5.755009819 0.376471 0.458824 0.352941
v -0.269629155 1.187412131 -5.511881548 0.349020 0.368627 0.137255
v -0.273546073 1.181965412 -5.519132199 0.333333 0.443137 0.121569
v -0.475937254 1.003776654 -5.748426776 0.364706 0.501961 0.356863
v -0.426054195 1.036919178 -5.708264530 0.396078 0.552941 0.423529
v -0.384276673 1.065745190 -5.673545767 0.407843 0.541176 0.439216
v -0.478836824 0.992022878 -5.764889504 0.203922 0.223529 0.211765
v -0.451211138 1.015657400 -5.733453186 0.384314 0.552941 0.407843
v -0.353539991 1.083916404 -5.650807709 0.333333 0.415686 0.164706
v -0.308687431 1.149204159 -5.556692280 0.466667 0.623529 0.517647
v -0.302775097 1.155155045 -5.548729713 0.466667 0.631373 0.521569
v -0.434595471 1.029208549 -5.714710616 0.400000 0.552941 0.431373
v -0.266399078 1.196013828 -5.492232573 0.203922 0.223529 0.235294
v -0.465239569 1.007535327 -5.738796717 0.400000 0.560784 0.403922
v -0.415374539 1.039320795 -5.701925536 0.411765 0.568627 0.431373
v -0.387486037 1.056872110 -5.681655283 0.325490 0.411765 0.137255
v -0.436893544 1.016038572 -5.733516567 0.329412 0.439216 0.149020
v -0.474654774 0.989891288 -5.764812614 0.211765 0.219608 0.137255
v -0.379669693 1.068616042 -5.662685488 0.439216 0.576471 0.470588
v -0.380111144 1.063148497 -5.671148255 0.274510 0.368627 0.113725
v -0.392968746 1.055341715 -5.679663223 0.415686 0.556863 0.435294
v -0.477870532 0.993654794 -5.754658164 0.364706 0.478431 0.360784
v -0.394851285 1.048316734 -5.689891598 0.321569 0.431373 0.141176
v -0.451850363 1.006456994 -5.740830199 0.329412 0.450980 0.145098
v -0.300500215 1.150176933 -5.550578203 0.294118 0.396078 0.105882
v -0.285571046 1.163873490 -5.532384575 0.282353 0.407843 0.094118
v -0.343551316 1.106224019 -5.608893763 0.450980 0.615686 0.517647
v -0.291023623 1.158430205 -5.538864365 0.278431 0.396078 0.109804
v -0.460373807 0.995392821 -5.752833575 0.290196 0.392157 0.121569
v -0.462171445 0.998863838 -5.745881325 0.356863 0.521569 0.364706
v -0.329407814 1.120396375 -5.586921252 0.486275 0.647059 0.541176
v -0.355485515 1.069757330 -5.661986338 0.317647 0.388235 0.164706
v -0.414586015 1.030718179 -5.706898357 0.266667 0.388235 0.101961
v -0.372011120 1.064248922 -5.664116127 0.266667 0.372549 0.105882
v -0.437634907 1.017350542 -5.720750176 0.423529 0.572549 0.447059
v -0.392559197 1.055837287 -5.670751528 0.427451 0.572549 0.443137
v -0.334488496 1.109585023 -5.600279035 0.474510 0.631373 0.537255
v -0.347171897 1.095714298 -5.617624296 0.466667 0.611765 0.529412
v -0.399585478 1.042522992 -5.687858853 0.400000 0.549020 0.439216
v -0.450297368 1.003476501 -5.735832088 0.372549 0.533333 0.400000
v -0.258234977 1.195630007 -5.478774942 0.250980 0.262745 0.298039
v -0.295407835 1.149753514 -5.541287562 0.301961 0.407843 0.105882
v -0.307935511 1.139021543 -5.554640981 0.470588 0.623529 0.517647
v -0.273105784 1.169725666 -5.513345247 0.294118 0.407843 0.098039
v -0.353400698 1.070510186 -5.651624671 0.254902 0.356863 0.121569
v -0.435860304 1.002917615 -5.735708190 0.325490 0.431373 0.152941
v -0.383078894 1.054045601 -5.667199590 0.313725 0.431373 0.137255
v -0.336704774 1.105438851 -5.596950406 0.470588 0.627451 0.525490
v -0.342007190 1.081006200 -5.635221628 0.290196 0.384314 0.176471
v -0.473510363 0.980786950 -5.759086144 0.372549 0.478431 0.352941
v -0.480357419 0.974402772 -5.766142297 0.203922 0.219608 0.200000
v -0.457111792 0.983018427 -5.757469572 0.298039 0.400000 0.121569
v -0.472594074 0.974280567 -5.766916093 0.317647 0.360784 0.172549
v -0.261834974 1.191144083 -5.475006173 0.466667 0.521569 0.533333
v -0.297449831 1.146487854 -5.536818723 0.470588 0.619608 0.529412
v -0.417510227 1.023189029 -5.702513150 0.423529 0.576471 0.447059
v -0.301959016 1.140873714 -5.543716095 0.470588 0.627451 0.521569
v -0.442479652 0.991171506 -5.745949798 0.274510 0.396078 0.098039
v -0.434416338 1.011708628 -5.713309402 0.415686 0.564706 0.454902
v -0.387681165 1.051128818 -5.662513217 0.427451 0.580392 0.458824
v -0.381586808 1.055499811 -5.657143135 0.423529 0.568627 0.458824
v -0.338228345 1.096954942 -5.601800792 0.450980 0.607843 0.513725
v -0.323447505 1.111598298 -5.582257280 0.482353 0.635294 0.533333
v -0.385629840 1.056107125 -5.654075844 0.423529 0.576471 0.443137
v -0.368425588 1.056096941 -5.657409428 0.270588 0.356863 0.113725
v -0.404348656 1.025014802 -5.696737871 0.258824 0.364706 0.086275
v -0.347260960 1.070050712 -5.640047212 0.415686 0.474510 0.262745
v -0.393821541 1.049421104 -5.658803055 0.415686 0.576471 0.431373
v -0.330639416 1.099100724 -5.595262157 0.474510 0.631373 0.545098
v -0.391822077 1.033133340 -5.684571519 0.270588 0.372549 0.129412
v -0.418544950 1.012842835 -5.709598815 0.282353 0.403922 0.098039
v -0.387057154 1.040705657 -5.673121913 0.282353 0.400000 0.113725
v -0.326640350 1.103904362 -5.587009695 0.462745 0.623529 0.529412
v -0.291629560 1.141114676 -5.534475857 0.294118 0.392157 0.094118
v -0.312483937 1.111999057 -5.575674602 0.254902 0.376471 0.074510
v -0.411610808 1.020478709 -5.694772828 0.415686 0.572549 0.447059
v -0.355384196 1.055756373 -5.653930709 0.392157 0.529412 0.345098
v -0.471069267 0.968605335 -5.759952475 0.411765 0.505882 0.392157
v -0.262141375 1.173946629 -5.486065303 0.403922 0.447059 0.215686
v -0.336425394 1.069295303 -5.635230953 0.592157 0.619608 0.576471
v -0.343664293 1.083469304 -5.609579107 0.423529 0.576471 0.482353
v -0.466025375 0.967345606 -5.762682614 0.329412 0.392157 0.152941
v -0.353966685 1.057718839 -5.648218674 0.294118 0.380392 0.129412
v -0.421025206 1.012054978 -5.701706698 0.400000 0.560784 0.447059
v -0.375086534 1.046816422 -5.658578618 0.270588 0.392157 0.101961
v -0.288649346 1.146395419 -5.521166114 0.490196 0.643137 0.537255
v -0.392947607 1.038923849 -5.665217154 0.419608 0.576471 0.443137
v -0.268613507 1.162616309 -5.499669553 0.294118 0.407843 0.098039
v -0.434451798 1.001844937 -5.712526283 0.423529 0.568627 0.466667
v -0.293999565 1.138207112 -5.529760321 0.498039 0.631373 0.552941
v -0.437447500 0.995605991 -5.719882040 0.427451 0.580392 0.466667
v -0.437138619 0.983260272 -5.740122435 0.282353 0.388235 0.101961
v -0.284321327 1.143294727 -5.522636687 0.282353 0.400000 0.078431
v -0.345054638 1.074730959 -5.616361928 0.486275 0.568627 0.517647
v -0.337541939 1.085737338 -5.600499632 0.447059 0.592157 0.486275
v -0.301775744 1.118682884 -5.556282599 0.278431 0.396078 0.078431
v -0.284126376 1.148523793 -5.512527413 0.482353 0.639216 0.533333
v -0.406433733 1.013139908 -5.697392983 0.258824 0.376471 0.098039
v -0.277738933 1.150626510 -5.510554968 0.305882 0.419608 0.098039
v -0.468272619 0.958383908 -5.767522181 0.258824 0.294118 0.129412
v -0.433031648 0.987015762 -5.731016708 0.321569 0.427451 0.145098
v -0.253250763 1.182633749 -5.463868117 0.227451 0.266667 0.258824
v -0.341283705 1.072951217 -5.616940971 0.443137 0.568627 0.490196
v -0.306288707 1.111683579 -5.562119490 0.262745 0.384314 0.082353
v -0.399537382 1.020494079 -5.681056210 0.392157 0.552941 0.435294
v -0.398480752 1.015633205 -5.689241822 0.250980 0.372549 0.098039
v -0.386663255 1.028320038 -5.671595549 0.286275 0.400000 0.113725
v -0.391725527 1.027148915 -5.671626911 0.423529 0.580392 0.443137
v -0.472421192 0.953854408 -5.766928251 0.388235 0.435294 0.396078
v -0.343929669 1.056456114 -5.637663057 0.360784 0.411765 0.200000
v -0.428059664 1.001466499 -5.701575356 0.419608 0.572549 0.470588
v -0.346640089 1.051590066 -5.644349196 0.400000 0.552941 0.439216
v -0.330776310 1.065296390 -5.626635779 0.431373 0.549020 0.466667
v -0.310859750 1.104697246 -5.567919514 0.258824 0.376471 0.101961
v -0.441369739 0.969972238 -5.748158558 0.329412 0.435294 0.125490
v -0.335406325 1.062807667 -5.627674101 0.286275 0.364706 0.113725
v -0.455563903 0.960859415 -5.757786425 0.329412 0.435294 0.125490
v -0.298161009 1.128254998 -5.530775901 0.486275 0.639216 0.549020
v -0.354145255 1.046523078 -5.647607422 0.274510 0.376471 0.117647
v -0.315832774 1.097057346 -5.574020001 0.282353 0.392157 0.098039
v -0.467622473 0.958470063 -5.754837287 0.431373 0.572549 0.415686
v -0.255467719 1.178042791 -5.458789728 0.486275 0.588235 0.552941
v -0.260612609 1.173138656 -5.465205949 0.509804 0.662745 0.556863
v -0.369537568 1.036272052 -5.656156786 0.266667 0.392157 0.101961
v -0.383432726 1.033837682 -5.655378149 0.415686 0.572549 0.454902
v -0.340964035 1.071210691 -5.605496865 0.431373 0.580392 0.478431
v -0.268239928 1.160996729 -5.479609575 0.411765 0.552941 0.352941
v -0.434092777 0.985223375 -5.716822516 0.443137 0.607843 0.486275
v -0.390702880 1.015908176 -5.679260034 0.258824 0.384314 0.098039
v -0.287731540 1.127426649 -5.526949369 0.294118 0.407843 0.086275
v -0.336851218 1.064178542 -5.615111782 0.458824 0.584314 0.501961
v -0.466262748 0.946604039 -5.767876709 0.309804 0.376471 0.137255
v -0.387398172 1.026593474 -5.660353013 0.400000 0.552941 0.439216
v -0.438880123 0.976606188 -5.726012354 0.435294 0.588235 0.462745
v -0.473047827 0.941366259 -5.772560212 0.309804 0.329412 0.313725
v -0.332367707 1.063660254 -5.614737598 0.384314 0.525490 0.407843
v -0.410435803 1.004626985 -5.687517746 0.403922 0.564706 0.447059
v -0.333793155 1.054616276 -5.627802197 0.705882 0.666667 0.658824
v -0.307132806 1.106722570 -5.549487879 0.254902 0.376471 0.086275
v -0.321850113 1.087754650 -5.575508239 0.470588 0.635294 0.541176
v -0.312370362 1.101235175 -5.556107201 0.254902 0.376471 0.082353
v -0.280960374 1.130610656 -5.517499385 0.396078 0.541176 0.341176
v -0.460734774 0.954395675 -5.751671986 0.411765 0.572549 0.427451
v -0.275086821 1.136725969 -5.509015704 0.294118 0.415686 0.078431
v -0.382379647 1.019710105 -5.667852279 0.262745 0.388235 0.113725
v -0.328217764 1.075979042 -5.591791128 0.458824 0.619608 0.521569
v -0.431843545 0.986301379 -5.706701444 0.450980 0.603922 0.494118
v -0.340606872 1.059857758 -5.612461514 0.521569 0.576471 0.509804
v -0.271528696 1.148297054 -5.488062601 0.443137 0.592157 0.388235
v -0.388254058 1.017634500 -5.666824829 0.392157 0.549020 0.439216
v -0.415314760 0.996967491 -5.692160212 0.423529 0.588235 0.462745
v -0.329853236 1.053560499 -5.625455064 0.600000 0.619608 0.615686
v -0.448385289 0.956232182 -5.747380749 0.341176 0.439216 0.121569
v -0.250940032 1.174094986 -5.449395754 0.478431 0.552941 0.529412
v -0.295654087 1.118649684 -5.526138483 0.490196 0.639216 0.541176
v -0.367207908 1.031259479 -5.647607149 0.247059 0.368627 0.090196
v -0.267352439 1.151726396 -5.479231710 0.482353 0.650980 0.541176
v -0.317500177 1.106732161 -5.535526174 0.494118 0.658824 0.552941
v -0.376943472 1.020757999 -5.658589614 0.274510 0.400000 0.109804
v -0.346225097 1.041453723 -5.633922397 0.415686 0.470588 0.243137
v -0.379969368 1.026470882 -5.647832797 0.419608 0.576471 0.466667
v -0.465617976 0.944302828 -5.756046865 0.435294 0.596078 0.450980
v -0.322217563 1.097810858 -5.547834125 0.474510 0.635294 0.513725
v -0.338978346 1.063387447 -5.598506143 0.439216 0.588235 0.498039
v -0.369155189 1.032037412 -5.640326023 0.435294 0.592157 0.486275
v -0.335812242 1.051525912 -5.618099997 0.286275 0.364706 0.117647
v -0.432543754 0.975502621 -5.712550257 0.450980 0.611765 0.494118
v -0.383672971 1.018098632 -5.655485688 0.407843 0.560784 0.450980
v -0.463033946 0.927402696 -5.779323401 0.231373 0.266667 0.113725
v -0.301077661 1.109741079 -5.528412400 0.482353 0.635294 0.560784
v -0.283087552 1.121154496 -5.514791031 0.478431 0.635294 0.549020
v -0.444426040 0.957358913 -5.733685472 0.443137 0.603922 0.466667
v -0.464513531 0.931168195 -5.770433911 0.490196 0.541176 0.486275
v -0.259099886 1.158892761 -5.459195211 0.505882 0.650980 0.509804
v -0.379279077 1.011188569 -5.663073556 0.286275 0.411765 0.113725
v -0.266405627 1.138489195 -5.488499006 0.305882 0.439216 0.090196
v -0.456577535 0.945546879 -5.746922715 0.427451 0.584314 0.458824
v -0.349429186 1.043406126 -5.618494059 0.431373 0.576471 0.505882
v -0.340371706 1.053311740 -5.604594700 0.517647 0.603922 0.552941
v -0.425269987 0.978448983 -5.700687965 0.450980 0.607843 0.509804
v -0.270275602 1.131514801 -5.496539262 0.309804 0.435294 0.098039
v -0.323465807 1.075625579 -5.571649199 0.478431 0.643137 0.560784
v -0.433828015 0.966186806 -5.716995128 0.447059 0.611765 0.498039
v -0.398800094 0.999261137 -5.673252589 0.407843 0.568627 0.450980
v -0.247306441 1.168680608 -5.441235238 0.200000 0.223529 0.227451
v -0.345327324 1.032649573 -5.634343741 0.325490 0.376471 0.156863
v -0.256291661 1.162424044 -5.447886725 0.533333 0.670588 0.592157
v -0.450774257 0.949375299 -5.737832030 0.439216 0.600000 0.474510
v -0.343261247 1.037092611 -5.624072061 0.317647 0.372549 0.137255
v -0.261261805 1.148528533 -5.464551387 0.474510 0.615686 0.447059
v -0.406946338 0.990733673 -5.678998751 0.407843 0.568627 0.454902
v -0.373602895 1.016985733 -5.645976140 0.400000 0.560784 0.450980
v -0.437215312 0.958063438 -5.722345919 0.407843 0.545098 0.356863
v -0.368484009 1.015710547 -5.648755173 0.270588 0.403922 0.101961
v -0.461664070 0.930737339 -5.759648793 0.435294 0.576471 0.435294
v -0.327422013 1.063822467 -5.581944088 0.462745 0.627451 0.549020
v -0.323223925 1.086651858 -5.544702559 0.482353 0.635294 0.513725
v -0.343637861 1.045256325 -5.606197912 0.282353 0.364706 0.141176
v -0.454651685 0.922394327 -5.772279465 0.250980 0.337255 0.082353
v -0.380384454 1.001389753 -5.664366386 0.254902 0.380392 0.090196
v -0.319132125 1.090253835 -5.536081426 0.494118 0.654902 0.560784
v -0.425890787 0.966741802 -5.706127567 0.454902 0.619608 0.505882
v -0.258852915 1.152454990 -5.451233889 0.498039 0.654902 0.541176
v -0.415082451 0.978227103 -5.688482815 0.435294 0.568627 0.474510
v -0.386650368 0.993523439 -5.672065932 0.274510 0.392157 0.105882
v -0.267852042 1.130099858 -5.483428141 0.486275 0.647059 0.549020
v -0.351316653 1.043842104 -5.599405240 0.556863 0.603922 0.552941
v -0.384357467 1.002741842 -5.656029093 0.392157 0.545098 0.439216
v -0.319906189 1.076589939 -5.553535605 0.494118 0.654902 0.572549
v -0.322819932 1.070177461 -5.562958280 0.474510 0.635294 0.537255
v -0.317535875 1.082355422 -5.543758640 0.490196 0.654902 0.568627
v -0.286947809 1.106138174 -5.513495306 0.490196 0.654902 0.556863
v -0.349658076 1.016948639 -5.639772741 0.376471 0.454902 0.219608
v -0.429784726 0.957784045 -5.711839697 0.458824 0.623529 0.513725
v -0.360788454 1.040497056 -5.596955423 0.439216 0.576471 0.498039
v -0.263335723 1.133144830 -5.472772923 0.501961 0.654902 0.576471
v -0.239710114 1.163075225 -5.430640910 0.313725 0.313725 0.360784
v -0.438465422 0.947691093 -5.723048906 0.447059 0.611765 0.501961
v -0.333352697 1.048294854 -5.589861840 0.435294 0.592157 0.498039
v -0.279960041 1.113542842 -5.498905040 0.478431 0.643137 0.545098
v -0.431194778 0.951107607 -5.718052428 0.458824 0.619608 0.521569
v -0.241653096 1.163718422 -5.426697953 0.231373 0.262745 0.250980
v -0.258964929 1.133518454 -5.470706048 0.505882 0.658824 0.572549
v -0.349717856 1.030227995 -5.611014171 0.447059 0.486275 0.270588
v -0.357586676 1.008798865 -5.643052926 0.258824 0.384314 0.094118
v -0.444768095 0.941193715 -5.725903970 0.458824 0.611765 0.509804
v -0.381331782 1.001225174 -5.645392717 0.415686 0.568627 0.458824
v -0.360681656 1.003988701 -5.646647164 0.262745 0.384314 0.090196
v -0.341834280 1.016141071 -5.632330209 0.372549 0.415686 0.188235
v -0.449015322 0.904081716 -5.783314792 0.184314 0.223529 0.082353
v -0.259450875 1.142996724 -5.448533196 0.498039 0.654902 0.560784
v -0.373882638 1.000565161 -5.646984837 0.266667 0.384314 0.113725
v -0.406646282 0.972918338 -5.682265224 0.427451 0.576471 0.462745
v -0.316973924 1.066294600 -5.555514006 0.494118 0.647059 0.572549
v -0.312498031 1.072073036 -5.547341097 0.486275 0.643137 0.545098
v -0.257255281 1.150450274 -5.435307304 0.505882 0.662745 0.568627
v -0.357448313 1.035501988 -5.593293648 0.490196 0.592157 0.533333
v -0.251215787 1.153204895 -5.429243659 0.529412 0.654902 0.584314
v -0.307632335 1.075492132 -5.539421321 0.486275 0.650980 0.552941
v -0.413017405 0.966436068 -5.685834663 0.443137 0.588235 0.490196
v -0.299969364 1.084275636 -5.526790255 0.478431 0.627451 0.529412
v -0.386909364 0.985334294 -5.662684525 0.392157 0.556863 0.447059
v -0.258899472 1.130132511 -5.463583853 0.498039 0.654902 0.560784
v -0.325165074 1.056993808 -5.562948357 0.494118 0.650980 0.560784
v -0.328250811 1.046819778 -5.577573900 0.454902 0.607843 0.501961
v -0.257437814 1.135012198 -5.454204804 0.498039 0.662745 0.560784
v -0.379484090 0.990127257 -5.654093065 0.270588 0.400000 0.101961
v -0.440923779 0.904448472 -5.775321669 0.282353 0.388235 0.113725
v -0.359070684 1.033354768 -5.587810702 0.474510 0.584314 0.521569
v -0.333705506 1.039255570 -5.585834824 0.443137 0.600000 0.517647
v -0.398579377 0.974026589 -5.672934505 0.400000 0.556863 0.450980
v -0.417212511 0.958612252 -5.691879781 0.439216 0.596078 0.490196
v -0.291897095 1.085741816 -5.521393437 0.498039 0.623529 0.541176
v -0.299009131 1.077580178 -5.530785151 0.482353 0.635294 0.533333
v -0.255317441 1.142794326 -5.436901554 0.501961 0.670588 0.564706
v -0.345349615 1.034353184 -5.587320910 0.498039 0.603922 0.541176
v -0.286577312 1.094070247 -5.507167021 0.490196 0.639216 0.560784
v -0.242505736 1.154806533 -5.420630259 0.219608 0.243137 0.231373
v -0.269064379 1.115922727 -5.475804755 0.521569 0.662745 0.588235
v -0.374401090 0.995890245 -5.640139755 0.415686 0.572549 0.462745
v -0.382966343 0.991221558 -5.645052208 0.396078 0.560784 0.454902
v -0.422718875 0.951058693 -5.698588021 0.431373 0.596078 0.486275
v -0.380138316 0.981151097 -5.661259540 0.278431 0.407843 0.101961
v -0.277898096 1.105392012 -5.488397698 0.494118 0.639216 0.560784
v -0.441062911 0.934379639 -5.717492111 0.474510 0.615686 0.525490
v -0.444367629 0.893589251 -5.782879739 0.164706 0.219608 0.086275
v -0.301287759 1.069228307 -5.537617742 0.470588 0.635294 0.537255
v -0.306288676 1.064295705 -5.544128174 0.482353 0.647059 0.556863
v -0.282539143 1.097816541 -5.495935252 0.498039 0.647059 0.564706
v -0.253596220 1.126807441 -5.456776045 0.462745 0.615686 0.454902
v -0.405263170 0.962605837 -5.679105780 0.423529 0.552941 0.462745
v -0.357180778 1.006837379 -5.620404496 0.431373 0.588235 0.501961
v -0.352937796 1.003331665 -5.627466499 0.286275 0.400000 0.121569
v -0.357535919 0.997867913 -5.634766869 0.290196 0.407843 0.121569
v -0.290731992 1.083803664 -5.512215327 0.509804 0.639216 0.560784
v -0.344297430 1.010261871 -5.616528016 0.407843 0.466667 0.235294
v -0.356862650 1.025040771 -5.587567622 0.466667 0.588235 0.525490
v -0.253557727 1.144240131 -5.422829954 0.513725 0.666667 0.592157
v -0.428034608 0.941947844 -5.701625543 0.439216 0.588235 0.498039
v -0.251169712 1.130730267 -5.444229032 0.450980 0.580392 0.364706
v -0.293974062 1.075493930 -5.521192631 0.505882 0.631373 0.541176
v -0.326183515 1.048225771 -5.555912362 0.486275 0.635294 0.533333
v -0.410431439 0.953151520 -5.685506759 0.454902 0.607843 0.513725
v -0.374419021 0.981224204 -5.649638289 0.278431 0.407843 0.098039
v -0.448776442 0.886858973 -5.781918679 0.223529 0.223529 0.227451
v -0.397408181 0.966661708 -5.666137920 0.411765 0.568627 0.462745
v -0.386506371 0.975090743 -5.655388109 0.411765 0.572549 0.462745
v -0.433990248 0.889734844 -5.779019597 0.572549 0.698039 0.623529
v -0.248045327 1.137122708 -5.428671874 0.376471 0.380392 0.243137
v -0.442900128 0.891119265 -5.773106927 0.533333 0.596078 0.541176
v -0.300803077 1.058655052 -5.541235248 0.466667 0.627451 0.537255
v -0.370710745 0.986957455 -5.637299041 0.423529 0.584314 0.474510
v -0.350244853 1.008960315 -5.607101965 0.447059 0.600000 0.525490
v -0.328830273 1.037068209 -5.567325117 0.490196 0.643137 0.564706
v -0.344789374 1.002637207 -5.618783310 0.431373 0.439216 0.262745
v -0.285233069 1.086043757 -5.498668236 0.498039 0.654902 0.568627
v -0.435331552 0.928688334 -5.710962409 0.470588 0.619608 0.521569
v -0.347013015 1.020825420 -5.585608215 0.584314 0.623529 0.588235
v -0.262575793 1.108557354 -5.466731729 0.482353 0.643137 0.525490
v -0.341083028 1.008729685 -5.606575860 0.388235 0.415686 0.243137
v -0.314839051 1.052164008 -5.542677308 0.494118 0.647059 0.545098
v -0.252681104 1.128716813 -5.435285955 0.521569 0.674510 0.592157
v -0.252108128 1.116183812 -5.454477894 0.474510 0.627451 0.486275
v -0.379632467 0.975684879 -5.645279608 0.411765 0.568627 0.458824
v -0.274803545 1.096269150 -5.478564219 0.509804 0.666667 0.580392
v -0.411706817 0.943073874 -5.686920421 0.458824 0.596078 0.517647
v -0.410654302 0.940022339 -5.692031500 0.247059 0.356863 0.094118
v -0.448562145 0.877569748 -5.782356410 0.364706 0.368627 0.376471
v -0.390253177 0.965522472 -5.655189517 0.419608 0.572549 0.470588
v -0.366295518 0.979282996 -5.639584817 0.243137 0.368627 0.078431
v -0.399907478 0.954847810 -5.668997794 0.439216 0.580392 0.482353
v -0.251004031 1.135385176 -5.417464030 0.529412 0.666667 0.580392
v -0.357732184 0.983325930 -5.634374745 0.270588 0.392157 0.094118
v -0.232149120 1.143785953 -5.408831709 0.211765 0.219608 0.262745
v -0.430964783 0.886230712 -5.770626226 0.533333 0.674510 0.560784
v -0.292798601 1.065850170 -5.517436828 0.494118 0.639216 0.552941
v -0.280068467 1.085628829 -5.487708867 0.498039 0.654902 0.564706
v -0.320154609 1.042294123 -5.546473944 0.498039 0.647059 0.556863
v -0.246317563 1.140047343 -5.408140070 0.541176 0.654902 0.596078
v -0.246650878 1.121180002 -5.438659486 0.435294 0.576471 0.372549
v -0.350411846 0.990842070 -5.620827002 0.266667 0.384314 0.094118
v -0.435361496 0.885391922 -5.766569352 0.149020 0.207843 0.078431
v -0.327942498 1.026411874 -5.566649420 0.498039 0.650980 0.572549
v -0.308891549 1.041787057 -5.546822261 0.490196 0.650980 0.572549
v -0.420494787 0.931618296 -5.693205022 0.466667 0.619608 0.521569
v -0.244531087 1.136531460 -5.410164974 0.537255 0.658824 0.600000
v -0.396782906 0.955589760 -5.659184887 0.423529 0.584314 0.482353
v -0.404071169 0.946705650 -5.671498058 0.458824 0.572549 0.501961
v -0.399146198 0.943661940 -5.677980518 0.462745 0.572549 0.505882
v -0.263202146 1.100623940 -5.460975525 0.517647 0.678431 0.596078
v -0.298823471 1.048242987 -5.535989876 0.513725 0.631373 0.564706
v -0.321685348 1.031689125 -5.555379826 0.498039 0.650980 0.568627
v -0.355766005 0.987899238 -5.616342732 0.431373 0.588235 0.490196
v -0.350448573 0.995648171 -5.604460485 0.431373 0.580392 0.501961
v -0.427953067 0.920960529 -5.703163853 0.486275 0.635294 0.529412
v -0.349702884 1.002061366 -5.593393677 0.439216 0.592157 0.513725
v -0.247394212 1.128456698 -5.416881016 0.521569 0.674510 0.592157
v -0.346951701 1.010762972 -5.578746834 0.572549 0.635294 0.592157
v -0.271562475 1.089236656 -5.472359095 0.521569 0.678431 0.600000
v -0.403399260 0.936139560 -5.682436000 0.294118 0.376471 0.125490
v -0.313854505 1.040548710 -5.538200999 0.505882 0.611765 0.525490
v -0.439882909 0.882302040 -5.759392528 0.517647 0.658824 0.576471
v -0.449514753 0.865931160 -5.781504038 0.243137 0.250980 0.247059
v -0.431166843 0.877183735 -5.768019678 0.490196 0.627451 0.521569
v -0.382245765 0.962400060 -5.642551693 0.407843 0.568627 0.454902
v -0.282466368 1.069574484 -5.497040716 0.478431 0.647059 0.541176
v -0.362036315 0.971281453 -5.633284120 0.247059 0.372549 0.078431
v -0.445989296 0.873400109 -5.768352302 0.356863 0.423529 0.380392
v -0.377654925 0.966768862 -5.635674705 0.427451 0.584314 0.474510
v -0.409543869 0.934119644 -5.678954394 0.454902 0.603922 0.521569
v -0.344708593 0.991074917 -5.604145460 0.309804 0.392157 0.129412
v -0.370705089 0.965898684 -5.637172617 0.270588 0.400000 0.098039
v -0.441748893 0.886639064 -5.745532162 0.521569 0.658824 0.576471
v -0.398765480 0.944899078 -5.662413838 0.478431 0.592157 0.498039
v -0.255690845 1.103075212 -5.446000429 0.454902 0.588235 0.384314
v -0.252322161 1.108612342 -5.437831820 0.505882 0.662745 0.560784
v -0.264847760 1.090176470 -5.463435146 0.509804 0.674510 0.584314
v -0.380154581 0.956253884 -5.647087104 0.305882 0.427451 0.117647
v -0.354921539 0.974261583 -5.625115173 0.258824 0.384314 0.090196
v -0.308649864 1.031553170 -5.544933145 0.505882 0.627451 0.549020
v -0.326817597 1.011910459 -5.571443971 0.447059 0.603922 0.513725
v -0.336217980 1.006231554 -5.577660177 0.537255 0.611765 0.588235
v -0.392534626 0.947614258 -5.654955951 0.439216 0.588235 0.482353
v -0.430053458 0.879099203 -5.756135572 0.490196 0.635294 0.552941
v -0.349357418 1.003618843 -5.575294699 0.470588 0.600000 0.525490
v -0.287076875 1.061500833 -5.498687142 0.482353 0.639216 0.552941
v -0.246250225 1.112119276 -5.427993325 0.466667 0.635294 0.529412
v -0.292343221 1.053764748 -5.509645881 0.482353 0.643137 0.556863
v -0.414685584 0.912869889 -5.702211089 0.254902 0.372549 0.090196
v -0.276778167 1.071149622 -5.484078007 0.501961 0.666667 0.568627
v -0.406294521 0.919828895 -5.692826537 0.254902 0.364706 0.086275
v -0.435126636 0.882666551 -5.744836874 0.262745 0.372549 0.094118
v -0.347374945 0.980055656 -5.610691769 0.294118 0.407843 0.109804
v -0.437481857 0.874909449 -5.755348827 0.203922 0.278431 0.082353
v -0.295096093 1.046269621 -5.516170287 0.478431 0.639216 0.545098
v -0.456336915 0.851635777 -5.785769736 0.278431 0.294118 0.286275
v -0.306415582 1.032744729 -5.533943773 0.521569 0.635294 0.576471
v -0.376662061 0.957789678 -5.635133876 0.431373 0.584314 0.478431
v -0.349825683 0.992372316 -5.585225133 0.458824 0.611765 0.533333
v -0.445501526 0.872071068 -5.752692454 0.486275 0.627451 0.537255
v -0.349769479 0.981395280 -5.601634906 0.431373 0.596078 0.498039
v -0.238515818 1.123189640 -5.402302368 0.400000 0.470588 0.458824
v -0.313916781 1.023746865 -5.542057604 0.509804 0.615686 0.556863
v -0.356365829 0.972547373 -5.612947526 0.423529 0.580392 0.486275
v -0.332318752 1.001318827 -5.572081606 0.537255 0.627451 0.580392
v -0.321900358 1.013511440 -5.555239650 0.498039 0.611765 0.549020
v -0.395045945 0.937947780 -5.656587006 0.474510 0.584314 0.498039
v -0.402420157 0.930286310 -5.666797459 0.450980 0.603922 0.509804
v -0.243187679 1.104097668 -5.429858198 0.454902 0.576471 0.388235
v -0.442632090 0.875901604 -5.742712210 0.486275 0.639216 0.549020
v -0.365983977 0.962178334 -5.624271057 0.411765 0.576471 0.466667
v -0.455392658 0.856912595 -5.769186516 0.447059 0.478431 0.458824
v -0.242391038 1.111033384 -5.416875185 0.517647 0.666667 0.580392
v -0.441620343 0.881344529 -5.732314691 0.509804 0.647059 0.572549
v -0.253087967 1.096934253 -5.435582234 0.494118 0.654902 0.568627
v -0.351273685 0.970205625 -5.613663439 0.298039 0.411765 0.109804
v -0.266180133 1.073903720 -5.468905017 0.525490 0.694118 0.600000
v -0.401923158 0.923999195 -5.673296684 0.250980 0.364706 0.086275
v -0.249080213 1.101736101 -5.428094436 0.513725 0.662745 0.576471
v -0.359179502 0.965377647 -5.617683627 0.427451 0.584314 0.482353
v -0.304831274 1.035142326 -5.517743331 0.482353 0.631373 0.549020
v -0.450363879 0.863804586 -5.754572913 0.494118 0.627451 0.533333
v -0.409165423 0.902175021 -5.704060310 0.258824 0.380392 0.074510
v -0.349063758 0.982345278 -5.589518873 0.454902 0.607843 0.521569
v -0.283413844 1.050452313 -5.497610136 0.505882 0.666667 0.568627
v -0.402704592 0.913194802 -5.686123356 0.247059 0.372549 0.090196
v -0.258422365 1.083740760 -5.450029438 0.501961 0.666667 0.576471
v -0.404071748 0.906329712 -5.696851700 0.254902 0.380392 0.113725
v -0.345900553 0.991273833 -5.574909984 0.458824 0.584314 0.509804
v -0.257133414 1.088790100 -5.441758774 0.490196 0.654902 0.568627
v -0.292051528 1.041399194 -5.508052884 0.482353 0.647059 0.541176
v -0.333914248 0.993474685 -5.573386121 0.396078 0.411765 0.243137
v -0.377718298 0.941169318 -5.644614278 0.254902 0.388235 0.094118
v -0.381438016 0.942468995 -5.640997773 0.427451 0.584314 0.474510
v -0.316852574 1.011891081 -5.546448270 0.490196 0.611765 0.549020
v -0.443798946 0.880094534 -5.723993642 0.478431 0.627451 0.549020
v -0.459305430 0.843738171 -5.779014237 0.290196 0.309804 0.298039
v -0.310173003 1.020564194 -5.532648390 0.482353 0.643137 0.541176
v -0.372118095 0.950199159 -5.629052030 0.427451 0.584314 0.478431
v -0.397982372 0.908494069 -5.689369277 0.356863 0.482353 0.290196
v -0.406774685 0.917627277 -5.671450958 0.447059 0.603922 0.509804
v -0.453449077 0.856088463 -5.757877509 0.498039 0.623529 0.533333
v -0.354826364 0.960284476 -5.616099073 0.262745 0.392157 0.086275
v -0.239018787 1.107950870 -5.408544288 0.443137 0.549020 0.427451
v -0.395834598 0.923393835 -5.663698693 0.254902 0.360784 0.090196
v -0.305458409 1.024351091 -5.524201320 0.474510 0.623529 0.513725
v -0.342721318 0.974586478 -5.593590436 0.298039 0.392157 0.121569
v -0.347523475 0.982340686 -5.578902400 0.439216 0.592157 0.513725
v -0.464540391 0.836575600 -5.782334735 0.223529 0.235294 0.231373
v -0.325352069 0.994747972 -5.564541259 0.529412 0.611765 0.556863
v -0.446780694 0.866885655 -5.736970515 0.486275 0.635294 0.545098
v -0.347392642 0.965319229 -5.604837548 0.270588 0.396078 0.098039
v -0.236207294 1.113914914 -5.393706100 0.435294 0.533333 0.458824
v -0.365950448 0.948551177 -5.625418289 0.250980 0.384314 0.086275
v -0.359020234 0.957439953 -5.612702127 0.407843 0.560784 0.462745
v -0.277152932 1.047399372 -5.489181529 0.501961 0.658824 0.564706
v -0.365519112 0.950849957 -5.619523295 0.400000 0.560784 0.454902
v -0.241475266 1.094766581 -5.420807244 0.498039 0.643137 0.549020
v -0.350026906 0.973855337 -5.585522075 0.450980 0.603922 0.521569
v -0.282311307 1.037339451 -5.501928125 0.486275 0.650980 0.556863
v -0.402067287 0.903216033 -5.684822383 0.400000 0.525490 0.337255
v -0.386519185 0.929825876 -5.645475904 0.474510 0.584314 0.501961
v -0.326167981 0.987971456 -5.567147528 0.321569 0.380392 0.164706
v -0.452860636 0.855051748 -5.746606977 0.478431 0.623529 0.525490
v -0.458560567 0.846309576 -5.758471169 0.470588 0.600000 0.505882
v -0.255485099 1.083581298 -5.430156714 0.505882 0.662745 0.568627
v -0.274306439 1.051971054 -5.476347792 0.505882 0.670588 0.580392
v -0.352107854 0.957736666 -5.606448563 0.435294 0.592157 0.494118
v -0.405944043 0.895616094 -5.691801200 0.235294 0.360784 0.074510
v -0.258175134 1.068190730 -5.453458938 0.513725 0.674510 0.584314
v -0.313857406 1.005982137 -5.538333165 0.470588 0.619608 0.533333
v -0.288564484 1.030832872 -5.504814459 0.482353 0.643137 0.541176
v -0.395415215 0.919911569 -5.653968054 0.462745 0.603922 0.525490
v -0.465564676 0.834954842 -5.772026614 0.294118 0.317647 0.286275
v -0.378823067 0.926077960 -5.648747039 0.470588 0.545098 0.482353
v -0.442741387 0.873066942 -5.716134308 0.466667 0.603922 0.521569
v -0.340681273 0.983185092 -5.565338007 0.580392 0.623529 0.580392
v -0.245830444 1.086529831 -5.424238686 0.509804 0.662745 0.580392
v -0.409318469 0.909752605 -5.664112809 0.454902 0.607843 0.525490
v -0.295266335 1.025334201 -5.508432446 0.478431 0.639216 0.552941
v -0.371078387 0.934531755 -5.633362909 0.258824 0.384314 0.094118
v -0.377171553 0.930826802 -5.637243673 0.474510 0.580392 0.498039
v -0.394797135 0.914984442 -5.657807237 0.282353 0.388235 0.094118
v -0.372628846 0.940120353 -5.622875361 0.431373 0.584314 0.478431
v -0.354393754 0.949878180 -5.612354450 0.270588 0.400000 0.098039
v -0.241408737 1.095802567 -5.407149115 0.298039 0.313725 0.184314
v -0.306073929 1.009895313 -5.528092514 0.482353 0.639216 0.552941
v -0.369118203 0.928992767 -5.640782559 0.400000 0.541176 0.415686
v -0.317106081 0.992491821 -5.552324144 0.470588 0.623529 0.533333
v -0.335777980 0.977311245 -5.570917222 0.458824 0.462745 0.282353
v -0.375032660 0.927105227 -5.641314355 0.290196 0.392157 0.121569
v -0.299159151 1.018230664 -5.513718178 0.498039 0.650980 0.576471
v -0.242205452 1.102933625 -5.391906327 0.490196 0.639216 0.556863
v -0.402567360 0.911780575 -5.656302806 0.482353 0.631373 0.537255
v -0.345330488 0.961231265 -5.591457957 0.450980 0.603922 0.521569
v -0.256296104 1.069791960 -5.440291828 0.458824 0.611765 0.478431
v -0.400622721 0.903700677 -5.668863359 0.254902 0.376471 0.098039
v -0.443960126 0.864362772 -5.719399263 0.450980 0.596078 0.501961
v -0.456493968 0.844231581 -5.747208513 0.486275 0.623529 0.521569
v -0.447999228 0.854072367 -5.732874921 0.450980 0.607843 0.505882
v -0.383155345 0.923058569 -5.639315969 0.431373 0.580392 0.482353
v -0.362244966 0.943364514 -5.612350070 0.403922 0.556863 0.462745
v -0.262412526 1.057338629 -5.455680487 0.505882 0.670588 0.588235
v -0.275622318 1.038418830 -5.482058733 0.466667 0.615686 0.439216
v -0.239683895 1.098663878 -5.393914985 0.329412 0.329412 0.207843
v -0.283762597 1.024574136 -5.502235785 0.482353 0.643137 0.541176
v -0.461530115 0.837340108 -5.754223312 0.439216 0.568627 0.458824
v -0.380887058 0.918730343 -5.645057712 0.396078 0.517647 0.333333
v -0.373357958 0.930690118 -5.627682163 0.490196 0.596078 0.513725
v -0.410622052 0.882333276 -5.694892060 0.333333 0.458824 0.262745
v -0.453232309 0.847065843 -5.738737812 0.333333 0.450980 0.368627
v -0.334020402 0.975807586 -5.563773490 0.666667 0.654902 0.662745
v -0.339569361 0.958617784 -5.589109383 0.411765 0.462745 0.200000
v -0.235876917 1.094598708 -5.396795528 0.486275 0.623529 0.545098
v -0.467523267 0.828212444 -5.763388021 0.380392 0.415686 0.388235
v -0.355160874 0.944675534 -5.605414951 0.403922 0.556863 0.458824
v -0.394985896 0.903790987 -5.659465690 0.266667 0.380392 0.094118
v -0.238834636 1.100765841 -5.382319662 0.454902 0.537255 0.509804
v -0.396195526 0.910647321 -5.646097645 0.474510 0.627451 0.525490
v -0.299836593 1.005752780 -5.519317667 0.486275 0.650980 0.568627
v -0.471757109 0.821468686 -5.769176569 0.329412 0.368627 0.313725
v -0.326767443 0.977419048 -5.557280986 0.490196 0.619608 0.552941
v -0.239030803 1.085621272 -5.405729770 0.466667 0.600000 0.415686
v -0.303873554 0.999281311 -5.527282907 0.470588 0.627451 0.545098
v -0.323913872 0.973863454 -5.562345635 0.352941 0.419608 0.152941
v -0.412537035 0.890831610 -5.671389971 0.450980 0.600000 0.509804
v -0.317428050 0.981661067 -5.551191272 0.466667 0.631373 0.552941
v -0.328897140 0.968636517 -5.568901077 0.439216 0.458824 0.235294
v -0.372062849 0.931784755 -5.616113346 0.478431 0.568627 0.498039
v -0.349091703 0.962829192 -5.571075895 0.478431 0.556863 0.478431
v -0.367045239 0.927806517 -5.622392034 0.274510 0.384314 0.109804
v -0.237635493 1.080197708 -5.411262149 0.498039 0.643137 0.498039
v -0.367294603 0.918456215 -5.636689964 0.392157 0.513725 0.384314
v -0.443533155 0.859249262 -5.709773777 0.443137 0.592157 0.494118
v -0.362565499 0.931931104 -5.614518651 0.258824 0.380392 0.094118
v -0.388841204 0.907885285 -5.645614113 0.286275 0.396078 0.098039
v -0.283780370 1.018793290 -5.495357346 0.470588 0.639216 0.549020
v -0.434385271 0.865919225 -5.699662656 0.443137 0.596078 0.505882
v -0.361210870 0.935245512 -5.607938917 0.431373 0.564706 0.474510
v -0.335499374 0.948221805 -5.594569158 0.576471 0.576471 0.372549
v -0.319861332 0.981067128 -5.543959017 0.482353 0.635294 0.556863
v -0.253905077 1.058691533 -5.436337852 0.482353 0.631373 0.509804
v -0.268294562 1.039232498 -5.462903807 0.521569 0.678431 0.600000
v -0.241150643 1.073416298 -5.414382696 0.509804 0.670588 0.588235
v -0.419794718 0.876648367 -5.682766918 0.447059 0.600000 0.501961
v -0.390001508 0.891842979 -5.666545780 0.403922 0.541176 0.337255
v -0.345166132 0.939804333 -5.600215128 0.266667 0.384314 0.094118
v -0.353218241 0.934293466 -5.606781662 0.278431 0.392157 0.101961
v -0.333836066 0.951541931 -5.583803576 0.470588 0.482353 0.286275
v -0.278052792 1.026568370 -5.477567290 0.505882 0.666667 0.580392
v -0.368236945 0.917085683 -5.629636228 0.329412 0.380392 0.156863
v -0.240824106 1.087775997 -5.388020583 0.533333 0.670588 0.584314
v -0.314303220 0.984501153 -5.535236179 0.490196 0.647059 0.560784
v -0.384160080 0.910960217 -5.634600761 0.458824 0.603922 0.513725
v -0.478676604 0.810856307 -5.769880830 0.250980 0.258824 0.247059
v -0.239454146 1.079454714 -5.401590416 0.501961 0.658824 0.556863
v -0.275261476 1.023627967 -5.482327836 0.494118 0.658824 0.572549
v -0.331116697 0.963396568 -5.563720438 0.670588 0.662745 0.666667
v -0.242037521 1.066498974 -5.421233532 0.513725 0.678431 0.592157
v -0.454925627 0.837230977 -5.731790513 0.443137 0.603922 0.486275
v -0.287670816 1.008942756 -5.500610772 0.482353 0.650980 0.552941
v -0.250179296 1.062190137 -5.424373737 0.243137 0.368627 0.070588
v -0.415832430 0.879361809 -5.673797529 0.435294 0.588235 0.501961
v -0.425388734 0.868377457 -5.688462547 0.431373 0.584314 0.490196
v -0.469900659 0.819879930 -5.754211222 0.431373 0.545098 0.454902
v -0.463339842 0.828289234 -5.741885120 0.427451 0.576471 0.447059
v -0.300229163 0.993684690 -5.519820729 0.474510 0.631373 0.552941
v -0.395289722 0.900723687 -5.642593167 0.458824 0.615686 0.509804
v -0.263243017 1.040805798 -5.452861047 0.505882 0.670588 0.580392
v -0.321358001 0.978158583 -5.537600557 0.498039 0.650980 0.564706
v -0.268549394 1.026557038 -5.474193371 0.505882 0.674510 0.580392
v -0.254376832 1.049364896 -5.440816955 0.494118 0.650980 0.529412
v -0.447379121 0.846508994 -5.714561369 0.435294 0.580392 0.474510
v -0.330234429 0.953256631 -5.574069376 0.450980 0.466667 0.247059
v -0.325583981 0.958373147 -5.566471249 0.572549 0.568627 0.376471
v -0.450351432 0.839818095 -5.721701711 0.450980 0.607843 0.505882
v -0.405724238 0.879069185 -5.670554391 0.301961 0.411765 0.105882
v -0.328997194 0.970552726 -5.543083255 0.486275 0.643137 0.560784
v -0.252955983 1.056172165 -5.425202244 0.509804 0.647059 0.560784
v -0.439254740 0.855510473 -5.697443805 0.458824 0.600000 0.501961
v -0.386472091 0.893104055 -5.651416644 0.294118 0.411765 0.117647
v -0.234117924 1.079496095 -5.391339625 0.517647 0.658824 0.564706
v -0.235483065 1.071425458 -5.404116618 0.498039 0.635294 0.513725
v -0.291811756 0.999901644 -5.504182539 0.494118 0.658824 0.556863
v -0.384805924 0.898412100 -5.642204777 0.286275 0.403922 0.113725
v -0.390045070 0.885754580 -5.659881192 0.274510 0.396078 0.105882
v -0.237821671 1.078827555 -5.389021216 0.509804 0.658824 0.568627
v -0.323340862 0.970684770 -5.540138676 0.494118 0.647059 0.572549
v -0.277269053 1.013702231 -5.482504140 0.494118 0.654902 0.564706
v -0.363800179 0.913314052 -5.619688145 0.298039 0.380392 0.129412
v -0.252666127 1.050061801 -5.428990403 0.509804 0.647059 0.556863
v -0.445026259 0.846336924 -5.704475660 0.415686 0.572549 0.458824
v -0.410695761 0.873504375 -5.669952620 0.384314 0.521569 0.333333
v -0.314427084 0.975571116 -5.530864594 0.501961 0.650980 0.568627
v -0.475065887 0.805579495 -5.760648034 0.423529 0.486275 0.415686
v -0.242701005 1.057634402 -5.416903766 0.247059 0.368627 0.062745
v -0.237201778 1.059608317 -5.415341911 0.525490 0.658824 0.588235
v -0.421376106 0.863643752 -5.680548797 0.447059 0.603922 0.505882
v -0.418625916 0.867163620 -5.675475289 0.454902 0.607843 0.513725
v -0.375414151 0.900765494 -5.632977157 0.270588 0.384314 0.109804
v -0.243333381 1.049772567 -5.428014543 0.443137 0.537255 0.364706
v -0.342087193 0.930840329 -5.592912986 0.258824 0.368627 0.086275
v -0.449900182 0.838496582 -5.711332053 0.450980 0.600000 0.498039
v -0.296739788 0.987673888 -5.512787824 0.447059 0.596078 0.450980
v -0.465342844 0.820639556 -5.735230405 0.400000 0.549020 0.419608
v -0.324388395 0.956138221 -5.555827864 0.529412 0.615686 0.572549
v -0.402638436 0.878363847 -5.659490281 0.470588 0.623529 0.533333
v -0.252479190 1.040175649 -5.437267463 0.498039 0.650980 0.552941
v -0.353100791 0.921964825 -5.600520066 0.317647 0.372549 0.145098
v -0.285817656 1.000365243 -5.492212113 0.474510 0.639216 0.541176
v -0.399055105 0.873765582 -5.664569371 0.274510 0.392157 0.105882
v -0.472386052 0.809136240 -5.747737844 0.423529 0.556863 0.431373
v -0.232408909 1.069742366 -5.392486674 0.501961 0.623529 0.482353
v -0.265193648 1.021912759 -5.460931644 0.505882 0.666667 0.568627
v -0.406211988 0.871507376 -5.663994494 0.447059 0.603922 0.505882
v -0.267898077 1.015323289 -5.469270147 0.478431 0.639216 0.549020
v -0.427863297 0.857185404 -5.679486565 0.435294 0.588235 0.486275
v -0.450289843 0.830694402 -5.715667864 0.392157 0.549020 0.419608
v -0.303439225 0.977016360 -5.519707901 0.486275 0.639216 0.545098
v -0.236576307 1.067940878 -5.390592135 0.313725 0.407843 0.082353
v -0.242892342 1.048719272 -5.420080191 0.262745 0.376471 0.066667
v -0.257897451 1.032000572 -5.442779658 0.490196 0.658824 0.564706
v -0.331301239 0.932303603 -5.584101126 0.345098 0.411765 0.172549
v -0.398166676 0.873246020 -5.658743715 0.470588 0.623529 0.525490
v -0.322823021 0.944113720 -5.565431079 0.470588 0.494118 0.282353
v -0.390889866 0.876371772 -5.654543109 0.278431 0.400000 0.117647
v -0.226341676 1.086112515 -5.360260740 0.372549 0.466667 0.400000
v -0.320224397 0.964125090 -5.531803981 0.466667 0.631373 0.545098
v -0.245707492 1.040188490 -5.429633845 0.462745 0.592157 0.419608
v -0.235113382 1.049619962 -5.417231130 0.466667 0.588235 0.439216
v -0.387008302 0.875015154 -5.656184595 0.400000 0.560784 0.431373
v -0.360347254 0.906550968 -5.611111824 0.278431 0.392157 0.098039
v -0.458907829 0.816924583 -5.727378938 0.384314 0.533333 0.396078
v -0.481559205 0.796374901 -5.753473956 0.325490 0.364706 0.321569
v -0.327457510 0.930665292 -5.579676797 0.458824 0.556863 0.462745
v -0.228803898 1.078111352 -5.366743972 0.443137 0.474510 0.435294
v -0.262685334 1.024878913 -5.443815611 0.494118 0.658824 0.564706
v -0.237342054 1.058987703 -5.395407904 0.533333 0.682353 0.603922
v -0.475812203 0.800394938 -5.746691285 0.368627 0.486275 0.360784
v -0.317500468 0.946123049 -5.554643041 0.341176 0.384314 0.152941
v -0.491807268 0.788859822 -5.759302477 0.282353 0.309804 0.266667
v -0.341416698 0.922663005 -5.585527453 0.352941 0.396078 0.164706
v -0.438401286 0.841221440 -5.689417552 0.403922 0.549020 0.443137
v -0.354500263 0.917651304 -5.589372955 0.454902 0.603922 0.521569
v -0.235064983 1.050972346 -5.405609169 0.521569 0.670588 0.588235
v -0.464920410 0.810211981 -5.729398961 0.376471 0.525490 0.380392
v -0.477600221 0.791252287 -5.755530638 0.290196 0.356863 0.121569
v -0.314376664 0.940210176 -5.560840335 0.552941 0.572549 0.533333
v -0.358354147 0.910093611 -5.595971404 0.454902 0.600000 0.513725
v -0.390170695 0.872380587 -5.647814253 0.462745 0.611765 0.525490
v -0.309283775 0.961336937 -5.526460827 0.486275 0.639216 0.564706
v -0.280987954 0.993185341 -5.482554405 0.478431 0.615686 0.458824
v -0.320776197 0.931746253 -5.571191400 0.541176 0.560784 0.482353
v -0.444118215 0.832035846 -5.696484346 0.400000 0.552941 0.439216
v -0.289450832 0.981661553 -5.498162602 0.466667 0.631373 0.533333
v -0.304001585 0.965429191 -5.519572585 0.486275 0.623529 0.545098
v -0.226939976 1.064395639 -5.380439031 0.509804 0.658824 0.541176
v -0.223194335 1.079279150 -5.356338864 0.439216 0.411765 0.403922
v -0.236972611 1.034504085 -5.424602317 0.435294 0.521569 0.360784
v -0.366757188 0.892194000 -5.618486463 0.266667 0.380392 0.101961
v -0.294635540 0.971004699 -5.509636546 0.474510 0.631373 0.541176
v -0.318966849 0.949885827 -5.536651159 0.486275 0.635294 0.549020
v -0.362674703 0.901379217 -5.602429567 0.427451 0.576471 0.486275
v -0.426940760 0.842881338 -5.678338699 0.443137 0.576471 0.482353
v -0.331801632 0.922692171 -5.576446061 0.372549 0.415686 0.196078
v -0.484397219 0.790706021 -5.744723350 0.368627 0.498039 0.380392
v -0.228897229 1.052338172 -5.393060658 0.533333 0.686275 0.596078
v -0.482926722 0.783794715 -5.755985121 0.294118 0.313725 0.145098
v -0.465712278 0.801286567 -5.732481887 0.290196 0.407843 0.239216
v -0.269779034 1.002467513 -5.461637982 0.501961 0.658824 0.560784
v -0.472568632 0.793119397 -5.743163364 0.219608 0.298039 0.141176
v -0.231453018 1.053867465 -5.388717832 0.262745 0.384314 0.062745
v -0.245082716 1.027128343 -5.427960983 0.290196 0.407843 0.149020
v -0.277330467 0.993660020 -5.472823766 0.486275 0.639216 0.517647
v -0.284608333 0.983724070 -5.486696218 0.478431 0.639216 0.537255
v -0.394892568 0.859732752 -5.656489535 0.400000 0.556863 0.419608
v -0.390117199 0.863906881 -5.650987335 0.258824 0.392157 0.090196
v -0.314678231 0.952688445 -5.528158690 0.482353 0.643137 0.552941
v -0.384616818 0.869183673 -5.643515195 0.274510 0.396078 0.090196
v -0.494045813 0.781995107 -5.752691665 0.219608 0.227451 0.207843
v -0.475405571 0.798167186 -5.731473371 0.356863 0.509804 0.364706
v -0.256293894 1.015435579 -5.441579953 0.490196 0.647059 0.545098
v -0.355666198 0.908490119 -5.586367671 0.454902 0.611765 0.513725
v -0.229065894 1.065390409 -5.366275143 0.290196 0.380392 0.090196
v -0.353647133 0.905999372 -5.589831895 0.454902 0.611765 0.517647
v -0.377805019 0.877250757 -5.629107573 0.266667 0.392157 0.086275
v -0.363293960 0.894093660 -5.605130194 0.431373 0.588235 0.490196
v -0.236665900 1.033994944 -5.413940962 0.435294 0.537255 0.372549
v -0.451926280 0.804612115 -5.723976152 0.282353 0.396078 0.082353
v -0.326495965 0.931289832 -5.554021752 0.717647 0.674510 0.686275
v -0.380316743 0.867005381 -5.641435065 0.372549 0.537255 0.403922
v -0.296719715 0.961407825 -5.511810594 0.443137 0.607843 0.501961
v -0.442549634 0.822891044 -5.694436135 0.352941 0.521569 0.380392
v -0.313391475 0.931522066 -5.555706651 0.411765 0.541176 0.427451
v -0.240625035 1.022639361 -5.428262257 0.443137 0.560784 0.376471
v -0.288817771 0.970611584 -5.498609179 0.243137 0.376471 0.058824
v -0.240082881 1.033267300 -5.410291511 0.270588 0.372549 0.078431
v -0.288908874 0.974247344 -5.491649082 0.474510 0.635294 0.533333
v -0.302902124 0.955802094 -5.517285233 0.454902 0.596078 0.466667
v -0.225810830 1.051568990 -5.383221864 0.450980 0.584314 0.376471
v -0.321862286 0.921496536 -5.566191490 0.474510 0.549020 0.435294
v -0.367641418 0.890231301 -5.603185968 0.439216 0.596078 0.490196
v -0.317654169 0.930053294 -5.552759667 0.301961 0.396078 0.125490
v -0.222136976 1.070083280 -5.350656193 0.254902 0.223529 0.156863
v -0.335817763 0.911059050 -5.576336397 0.325490 0.411765 0.149020
v -0.385602375 0.866616916 -5.633924621 0.380392 0.545098 0.407843
v -0.260142275 1.002225300 -5.448610119 0.470588 0.643137 0.552941
v -0.402350457 0.854030870 -5.648092217 0.403922 0.560784 0.427451
v -0.426814974 0.834479830 -5.672544171 0.396078 0.525490 0.419608
v -0.264327008 0.996833780 -5.455686168 0.490196 0.654902 0.560784
v -0.319593447 0.933600464 -5.542283796 0.482353 0.615686 0.537255
v -0.382690286 0.870125792 -5.625720849 0.431373 0.588235 0.494118
v -0.490672550 0.771388722 -5.754400335 0.298039 0.380392 0.141176
v -0.309770769 0.945492309 -5.523865330 0.478431 0.639216 0.541176
v -0.316903364 0.922954869 -5.558664362 0.745098 0.647059 0.701961
v -0.481707114 0.788945444 -5.728023508 0.333333 0.482353 0.325490
v -0.235790786 1.034080487 -5.400250109 0.262745 0.372549 0.066667
v -0.441513766 0.805995923 -5.711618659 0.266667 0.392157 0.078431
v -0.377769090 0.877063335 -5.613878294 0.431373 0.584314 0.498039
v -0.317951945 0.939672593 -5.529258848 0.494118 0.643137 0.552941
v -0.357595194 0.899909753 -5.581775038 0.447059 0.603922 0.509804
v -0.226656050 1.053794218 -5.367812397 0.517647 0.670588 0.592157
v -0.229824151 1.042299181 -5.385488944 0.258824 0.384314 0.054902
v -0.271689622 0.988434296 -5.461151369 0.494118 0.650980 0.549020
v -0.472024586 0.787246135 -5.729620392 0.317647 0.431373 0.101961
v -0.393328984 0.857399396 -5.637931533 0.392157 0.552941 0.447059
v -0.314795414 0.929196974 -5.543070478 0.325490 0.431373 0.137255
v -0.322925735 0.919390759 -5.555263449 0.470588 0.498039 0.321569
v -0.203251855 1.071935321 -5.341250716 0.576471 0.541176 0.521569
v -0.243059473 1.017309644 -5.418683545 0.258824 0.364706 0.082353
v -0.216364630 1.064094035 -5.349503064 0.501961 0.611765 0.458824
v -0.279571465 0.971655771 -5.481762076 0.466667 0.639216 0.533333
v -0.492872673 0.776014768 -5.737083367 0.341176 0.450980 0.329412
v -0.228418297 1.035534461 -5.391853900 0.498039 0.650980 0.537255
v -0.241165079 1.023016782 -5.408332136 0.258824 0.368627 0.078431
v -0.219224608 1.054813493 -5.362064493 0.490196 0.619608 0.470588
v -0.489679634 0.780851682 -5.728602781 0.349020 0.501961 0.356863
v -0.232423536 1.027985380 -5.401589138 0.435294 0.568627 0.372549
v -0.298730281 0.951927837 -5.506140613 0.458824 0.619608 0.533333
v -0.304917136 0.944961457 -5.515674522 0.470588 0.627451 0.537255
v -0.219330328 1.048447208 -5.371337885 0.458824 0.603922 0.450980
v -0.436500703 0.811396737 -5.693760345 0.274510 0.396078 0.094118
v -0.490078501 0.769277777 -5.746401776 0.278431 0.337255 0.137255
v -0.376046929 0.868246913 -5.618897616 0.278431 0.400000 0.094118
v -0.276640799 0.976366744 -5.471523732 0.486275 0.647059 0.545098
v -0.429566048 0.818522859 -5.683725302 0.294118 0.396078 0.105882
v -0.326685685 0.907704837 -5.567468803 0.501961 0.513725 0.317647
v -0.384980858 0.856976646 -5.632185877 0.278431 0.396078 0.125490
v -0.360697323 0.889160119 -5.586586596 0.462745 0.615686 0.517647
v -0.322758353 0.921610883 -5.544180388 0.607843 0.619608 0.619608
v -0.372142544 0.879723049 -5.597607724 0.435294 0.592157 0.498039
v -0.254020589 0.999624397 -5.435964525 0.254902 0.380392 0.074510
v -0.318747749 0.925096744 -5.538081686 0.458824 0.607843 0.517647
v -0.220556071 1.058657937 -5.348616018 0.517647 0.650980 0.572549
v -0.461654996 0.788035430 -5.719017430 0.305882 0.431373 0.101961
v -0.219580142 1.055755245 -5.353380148 0.294118 0.364706 0.070588
v -0.222745910 1.046803841 -5.366665178 0.286275 0.400000 0.074510
v -0.249094349 1.003634580 -5.428580053 0.494118 0.643137 0.556863
v -0.376835491 0.860056441 -5.625217510 0.270588 0.396078 0.090196
v -0.258964964 0.990147518 -5.447629006 0.478431 0.643137 0.545098
v -0.414904615 0.836517524 -5.651921439 0.415686 0.576471 0.482353
v -0.281447137 0.967597038 -5.477401020 0.478431 0.639216 0.533333
v -0.448968323 0.793372463 -5.710718601 0.282353 0.411765 0.094118
v -0.226883151 1.037473476 -5.377107208 0.282353 0.403922 0.078431
v -0.313545822 0.919248444 -5.544710856 0.454902 0.572549 0.458824
v -0.427037546 0.824654704 -5.664806064 0.356863 0.509804 0.376471
v -0.368556039 0.876306885 -5.597802361 0.419608 0.584314 0.498039
v -0.237967176 1.011327504 -5.415866075 0.458824 0.588235 0.450980
v -0.437994082 0.810139570 -5.684830011 0.360784 0.521569 0.380392
v -0.296918725 0.950951899 -5.496196830 0.478431 0.631373 0.541176
v -0.399146795 0.849597160 -5.631001388 0.411765 0.568627 0.466667
v -0.288124447 0.958766818 -5.485624858 0.462745 0.635294 0.533333
v -0.194082069 1.066474148 -5.337031061 0.470588 0.556863 0.415686
v -0.241223555 1.004383286 -5.424569882 0.513725 0.647059 0.584314
v -0.369892425 0.868856264 -5.607099119 0.270588 0.403922 0.086275
v -0.485921016 0.780100593 -5.716428758 0.341176 0.498039 0.341176
v -0.231776807 1.024165766 -5.393557569 0.262745 0.392157 0.066667
v -0.213931678 1.045706042 -5.363569104 0.494118 0.627451 0.529412
v -0.443432234 0.798352404 -5.699507591 0.274510 0.396078 0.094118
v -0.505688477 0.761233521 -5.740607953 0.203922 0.211765 0.192157
v -0.372971638 0.869733438 -5.603176045 0.435294 0.588235 0.501961
v -0.209550340 1.060748023 -5.339091530 0.239216 0.266667 0.227451
v -0.499613893 0.762328852 -5.740180203 0.349020 0.372549 0.341176
v -0.351929306 0.893316301 -5.570384136 0.447059 0.603922 0.509804
v -0.272352070 0.974590756 -5.460950800 0.486275 0.647059 0.549020
v -0.426044221 0.816458008 -5.672421071 0.298039 0.400000 0.117647
v -0.316153998 0.905759969 -5.558822043 0.521569 0.521569 0.462745
v -0.300211592 0.942050069 -5.503887185 0.447059 0.603922 0.478431
v -0.231123013 1.017846335 -5.400159017 0.431373 0.560784 0.368627
v -0.315564509 0.914906112 -5.542765879 0.282353 0.396078 0.098039
v -0.493395654 0.772952707 -5.719576775 0.349020 0.494118 0.341176
v -0.364019370 0.877672228 -5.586896243 0.427451 0.588235 0.498039
v -0.356544162 0.885133072 -5.576684280 0.447059 0.607843 0.513725
v -0.376391205 0.859316345 -5.612498610 0.435294 0.576471 0.474510
v -0.234064845 1.015972269 -5.398371193 0.247059 0.376471 0.062745
v -0.218192186 1.033184065 -5.374622067 0.450980 0.584314 0.392157
v -0.257389898 0.980421397 -5.447929726 0.478431 0.643137 0.549020
v -0.471857859 0.783345434 -5.705264182 0.356863 0.501961 0.364706
v -0.318272770 0.916177339 -5.533802499 0.447059 0.600000 0.490196
v -0.341717542 0.891907085 -5.566117000 0.262745 0.372549 0.090196
v -0.244499330 0.995744047 -5.424842342 0.423529 0.552941 0.407843
v -0.378298451 0.851983382 -5.619905194 0.266667 0.384314 0.121569
v -0.325498121 0.898058582 -5.559923891 0.505882 0.494118 0.313725
v -0.220000616 1.033196964 -5.369512999 0.290196 0.411765 0.078431
v -0.217008215 1.045221099 -5.350039941 0.305882 0.407843 0.078431
v -0.496186845 0.757605364 -5.736542237 0.298039 0.341176 0.133333
v -0.407959204 0.832094996 -5.640869242 0.407843 0.564706 0.458824
v -0.211310036 1.051106649 -5.341278310 0.458824 0.564706 0.388235
v -0.414988879 0.826061326 -5.648334671 0.454902 0.592157 0.513725
v -0.238565481 1.006692424 -5.405735119 0.254902 0.360784 0.074510
v -0.238420112 0.999852046 -5.417022428 0.513725 0.643137 0.568627
v -0.502452410 0.752909829 -5.740905643 0.231373 0.235294 0.149020
v -0.388414243 0.846382383 -5.622451732 0.407843 0.572549 0.454902
v -0.182257936 1.063927654 -5.328136393 0.482353 0.549020 0.423529
v -0.431614093 0.812824013 -5.663802352 0.384314 0.525490 0.396078
v -0.500561850 0.761898288 -5.725598161 0.356863 0.435294 0.325490
v -0.225974496 1.023618197 -5.379977608 0.266667 0.388235 0.070588
v -0.296800842 0.940610471 -5.494525020 0.474510 0.627451 0.537255
v -0.262856779 0.972992758 -5.450570688 0.254902 0.372549 0.078431
v -0.347493458 0.888316556 -5.563438951 0.470588 0.615686 0.517647
v -0.222566937 1.021154348 -5.383356749 0.498039 0.654902 0.564706
v -0.423893098 0.820836764 -5.649690464 0.376471 0.517647 0.396078
v -0.436786185 0.806407690 -5.669441186 0.376471 0.529412 0.392157
v -0.367214165 0.866761882 -5.591579032 0.435294 0.584314 0.494118
v -0.217881501 1.037339579 -5.357030749 0.270588 0.384314 0.066667
v -0.446408454 0.797557500 -5.680761031 0.368627 0.533333 0.400000
v -0.300488902 0.932392658 -5.503970560 0.466667 0.631373 0.529412
v -0.453121404 0.789336985 -5.691735117 0.384314 0.541176 0.407843
v -0.315942042 0.917394775 -5.523240378 0.450980 0.607843 0.517647
v -0.213397942 1.031326470 -5.366459242 0.458824 0.588235 0.431373
v -0.281977717 0.951315262 -5.476065443 0.478431 0.643137 0.549020
v -0.488016768 0.772022899 -5.706446910 0.325490 0.474510 0.321569
v -0.239204813 0.989853080 -5.424137343 0.423529 0.501961 0.325490
v -0.309804297 0.902086162 -5.546160490 0.517647 0.564706 0.525490
v -0.356443120 0.871758115 -5.581075490 0.431373 0.588235 0.478431
v -0.228442128 1.009724373 -5.393357363 0.419608 0.545098 0.352941
v -0.215785711 1.021611151 -5.375959659 0.478431 0.627451 0.529412
v -0.205225301 1.051058477 -5.330290587 0.258824 0.211765 0.141176
v -0.479189345 0.775119552 -5.698668380 0.329412 0.482353 0.341176
v -0.312538613 0.918705400 -5.513905639 0.454902 0.603922 0.525490
v -0.409911678 0.820817920 -5.644185172 0.450980 0.600000 0.509804
v -0.291120165 0.940378669 -5.483109256 0.470588 0.631373 0.545098
v -0.219791672 1.020849465 -5.372422053 0.286275 0.403922 0.090196
v -0.275306583 0.952711189 -5.467342746 0.478431 0.647059 0.541176
v -0.250425504 0.977021070 -5.434775867 0.274510 0.388235 0.101961
v -0.211677275 1.045641362 -5.333774464 0.450980 0.572549 0.486275
v -0.267095103 0.959573357 -5.457380481 0.486275 0.650980 0.545098
v -0.330598789 0.887853710 -5.555542128 0.529412 0.549020 0.349020
v -0.242370296 0.980925201 -5.429632094 0.411765 0.549020 0.349020
v -0.213185138 1.037623724 -5.343982943 0.282353 0.396078 0.066667
v -0.208482145 1.042908222 -5.335726427 0.298039 0.388235 0.074510
v -0.225043802 1.011435016 -5.382366893 0.258824 0.380392 0.070588
v -0.242229076 0.984646135 -5.421007441 0.309804 0.396078 0.121569
v -0.443261541 0.797691281 -5.665911856 0.349020 0.513725 0.376471
v -0.367921186 0.857350472 -5.590887423 0.431373 0.584314 0.486275
v -0.314067610 0.898652593 -5.539185786 0.301961 0.384314 0.113725
v -0.379817098 0.841666384 -5.612082108 0.282353 0.400000 0.137255
v -0.217389830 1.032502432 -5.348171941 0.482353 0.607843 0.415686
v -0.454777523 0.784050452 -5.683293070 0.388235 0.545098 0.411765
v -0.236552775 0.989753611 -5.411670011 0.513725 0.647059 0.576471
v -0.283498448 0.940842259 -5.476327830 0.482353 0.643137 0.549020
v -0.388343219 0.833662345 -5.620089273 0.266667 0.388235 0.101961
v -0.314720697 0.909573632 -5.517765172 0.450980 0.607843 0.513725
v -0.465947888 0.777327825 -5.688255777 0.364706 0.505882 0.368627
v -0.343799529 0.876658102 -5.562646256 0.462745 0.615686 0.521569
v -0.257316641 0.966269790 -5.441870635 0.270588 0.384314 0.117647
v -0.259299419 0.961676526 -5.447939641 0.474510 0.643137 0.545098
v -0.207348417 1.033766155 -5.343168801 0.490196 0.639216 0.549020
v -0.323433872 0.895175112 -5.533868982 0.717647 0.670588 0.701961
v -0.423121978 0.809758134 -5.643393701 0.372549 0.525490 0.403922
v -0.195871386 1.047211617 -5.322855304 0.176471 0.196078 0.207843
v -0.294843167 0.924129132 -5.494579699 0.478431 0.635294 0.545098
v -0.499995456 0.755150946 -5.707614312 0.376471 0.505882 0.384314
v -0.431414622 0.800344409 -5.654095250 0.352941 0.513725 0.388235
v -0.445097994 0.789115218 -5.668016743 0.360784 0.521569 0.392157
v -0.307851717 0.911398290 -5.509205313 0.462745 0.619608 0.525490
v -0.323946330 0.888806561 -5.541261939 0.486275 0.478431 0.278431
v -0.399801816 0.821638164 -5.627536345 0.415686 0.568627 0.462745
v -0.238826049 0.996405620 -5.389587390 0.450980 0.623529 0.517647
v -0.337419268 0.875858563 -5.557333459 0.313725 0.403922 0.133333
v -0.338993294 0.878102151 -5.553135211 0.450980 0.600000 0.517647
v -0.195303772 1.042295891 -5.327420587 0.458824 0.580392 0.392157
v -0.229326323 1.000928668 -5.384889890 0.270588 0.384314 0.086275
v -0.181367822 1.049497213 -5.319671407 0.411765 0.400000 0.352941
v -0.380932639 0.839727983 -5.602901622 0.423529 0.576471 0.466667
v -0.374679007 0.844113903 -5.597241753 0.415686 0.576471 0.466667
v -0.217499905 1.006623022 -5.378374917 0.482353 0.635294 0.541176
v -0.504979546 0.747020235 -5.716149199 0.435294 0.470588 0.435294
v -0.243325129 0.975783414 -5.420855053 0.521569 0.639216 0.564706
v -0.335683394 0.886530961 -5.538589110 0.458824 0.584314 0.513725
v -0.361376704 0.855867560 -5.580266136 0.454902 0.592157 0.498039
v -0.394429294 0.826025668 -5.618958331 0.372549 0.529412 0.396078
v -0.415379205 0.810775757 -5.636623494 0.392157 0.525490 0.403922
v -0.233387455 0.987628181 -5.401950372 0.431373 0.572549 0.368627
v -0.480027211 0.764505600 -5.692542614 0.325490 0.470588 0.333333
v -0.369454120 0.847928475 -5.588831003 0.419608 0.576471 0.462745
v -0.319415093 0.899419287 -5.519423609 0.462745 0.615686 0.521569
v -0.319399532 0.887625909 -5.538550810 0.858824 0.737255 0.784314
v -0.204165624 1.024467466 -5.347556336 0.462745 0.623529 0.501961
v -0.263459248 0.949735364 -5.451961074 0.439216 0.603922 0.474510
v -0.508167814 0.739434829 -5.721563045 0.290196 0.309804 0.274510
v -0.470949864 0.767706177 -5.685951190 0.321569 0.478431 0.341176
v -0.488223010 0.757193481 -5.696969134 0.329412 0.482353 0.325490
v -0.236992758 0.978431711 -5.410821629 0.282353 0.384314 0.113725
v -0.213856214 1.006943905 -5.369889768 0.443137 0.592157 0.427451
v -0.254075204 0.961828294 -5.431637434 0.278431 0.388235 0.101961
v -0.388962310 0.822846869 -5.618397971 0.278431 0.396078 0.105882
v -0.408264092 0.807437286 -5.637205340 0.290196 0.411765 0.109804
v -0.328692651 0.877033445 -5.546024077 0.372549 0.525490 0.400000
v -0.376966903 0.835027525 -5.600075835 0.286275 0.407843 0.129412
v -0.341424389 0.866477590 -5.558946438 0.298039 0.403922 0.117647
v -0.452017197 0.778189910 -5.669709860 0.392157 0.521569 0.415686
v -0.385002226 0.829154165 -5.606519909 0.392157 0.549020 0.423529
v -0.320351297 0.887039696 -5.531293118 0.556863 0.615686 0.580392
v -0.346560985 0.857775952 -5.570682414 0.274510 0.380392 0.109804
v -0.230342833 0.978515610 -5.407270342 0.415686 0.556863 0.345098
v -0.288574219 0.921341444 -5.482524945 0.474510 0.631373 0.533333
v -0.395113234 0.815113083 -5.624158304 0.266667 0.392157 0.105882
v -0.461677163 0.769794415 -5.677440444 0.352941 0.501961 0.352941
v -0.422837157 0.801504071 -5.637008906 0.333333 0.490196 0.349020
v -0.192631016 1.037299701 -5.319950892 0.219608 0.188235 0.109804
v -0.326560009 0.885166843 -5.527472353 0.729412 0.682353 0.705882
v -0.434496855 0.788048298 -5.653801592 0.368627 0.521569 0.400000
v -0.223412263 0.998949746 -5.372041579 0.482353 0.639216 0.537255
v -0.296527663 0.910785733 -5.494437952 0.474510 0.627451 0.541176
v -0.247808031 0.965764497 -5.418922076 0.509804 0.635294 0.549020
v -0.273874258 0.933746053 -5.463490238 0.490196 0.654902 0.552941
v -0.504690229 0.744995679 -5.702439503 0.321569 0.458824 0.305882
v -0.363833433 0.844828472 -5.580678297 0.403922 0.560784 0.454902
v -0.505507352 0.746033567 -5.698768224 0.329412 0.458824 0.270588
v -0.332969222 0.868310778 -5.550993569 0.603922 0.600000 0.423529
v -0.444058383 0.781307948 -5.659582521 0.388235 0.525490 0.407843
v -0.301380016 0.904012813 -5.501837744 0.466667 0.627451 0.525490
v -0.232883169 0.983258736 -5.392374292 0.282353 0.400000 0.109804
v -0.198123690 1.028693829 -5.327461908 0.298039 0.384314 0.101961
v -0.338891597 0.870488190 -5.543331513 0.431373 0.568627 0.486275
v -0.279864698 0.925376831 -5.470378715 0.474510 0.631373 0.541176
v -0.203838686 1.015845687 -5.344862595 0.254902 0.380392 0.062745
v -0.373347075 0.836089950 -5.587975942 0.435294 0.596078 0.478431
v -0.331099715 0.875738616 -5.535306640 0.427451 0.556863 0.474510
v -0.211013041 1.004682477 -5.360090216 0.270588 0.400000 0.082353
v -0.318230885 0.887026215 -5.520195657 0.458824 0.592157 0.505882
v -0.352328325 0.848467484 -5.572700013 0.258824 0.384314 0.086275
v -0.200315169 1.021529922 -5.334582632 0.266667 0.380392 0.070588
v -0.481294366 0.755185466 -5.685608986 0.325490 0.486275 0.333333
v -0.261654716 0.940721949 -5.447855395 0.462745 0.623529 0.525490
v -0.395573504 0.813643193 -5.614381857 0.419608 0.572549 0.466667
v -0.212640711 0.996532892 -5.369197070 0.431373 0.568627 0.368627
v -0.202210047 1.008878410 -5.351868280 0.450980 0.611765 0.478431
v -0.489847946 0.748550447 -5.690297733 0.325490 0.482353 0.321569
v -0.251571702 0.962964159 -5.410953233 0.486275 0.631373 0.529412
v -0.418264063 0.793953302 -5.636626424 0.298039 0.400000 0.145098
v -0.399967346 0.804544732 -5.624723298 0.258824 0.380392 0.090196
v -0.429340900 0.786250004 -5.645577218 0.392157 0.521569 0.423529
v -0.231622838 0.988313975 -5.374213968 0.490196 0.650980 0.525490
v -0.420413331 0.798546490 -5.627892424 0.349020 0.490196 0.368627
v -0.411512113 0.800891310 -5.626799191 0.427451 0.537255 0.439216
v -0.307539406 0.889471356 -5.512710092 0.466667 0.627451 0.521569
v -0.255316332 0.947345023 -5.433336594 0.439216 0.584314 0.439216
v -0.507759497 0.718873255 -5.730742783 0.290196 0.364706 0.152941
v -0.506087001 0.724649505 -5.720807893 0.286275 0.360784 0.121569
v -0.390977939 0.809571924 -5.616521690 0.258824 0.384314 0.101961
v -0.233745151 0.980219378 -5.384152618 0.450980 0.611765 0.482353
v -0.453245818 0.770380627 -5.661283005 0.337255 0.490196 0.341176
v -0.365429210 0.834550747 -5.582478112 0.282353 0.400000 0.101961
v -0.189884883 1.027801725 -5.318770944 0.301961 0.286275 0.133333
v -0.339797838 0.860490897 -5.547528003 0.447059 0.592157 0.509804
v -0.514012598 0.727059569 -5.712533780 0.188235 0.254902 0.141176
v -0.287193467 0.907568880 -5.485769832 0.474510 0.643137 0.552941
v -0.378697459 0.826249620 -5.590792060 0.372549 0.545098 0.392157
v -0.316389075 0.873048945 -5.532953338 0.862745 0.725490 0.776471
v -0.421741511 0.792925253 -5.631649216 0.345098 0.474510 0.364706
v -0.268598259 0.930560658 -5.452570643 0.478431 0.635294 0.541176
v -0.326679087 0.866724855 -5.539182292 0.556863 0.549020 0.364706
v -0.385119124 0.815244144 -5.605520734 0.313725 0.439216 0.145098
v -0.320819422 0.871771162 -5.532439220 0.458824 0.470588 0.262745
v -0.406994652 0.797305648 -5.628161955 0.286275 0.396078 0.129412
v -0.357391434 0.842318191 -5.569264047 0.419608 0.572549 0.470588
v -0.510687019 0.733567182 -5.700409307 0.250980 0.392157 0.207843
v -0.504234961 0.739430206 -5.691082801 0.270588 0.419608 0.243137
v -0.337476915 0.854610445 -5.552739876 0.345098 0.419608 0.168627
v -0.196737144 1.019006563 -5.325361722 0.278431 0.380392 0.086275
v -0.505033014 0.726890083 -5.709414397 0.286275 0.380392 0.125490
v -0.244647188 0.959641389 -5.407052282 0.470588 0.627451 0.533333
v -0.207359263 0.994707939 -5.360293860 0.427451 0.572549 0.380392
v -0.443688835 0.772723348 -5.651207281 0.356863 0.509804 0.388235
v -0.230469202 0.964718222 -5.400848787 0.407843 0.545098 0.341176
v -0.198462210 1.011143960 -5.333810694 0.274510 0.392157 0.098039
v -0.463542693 0.758476043 -5.667342871 0.352941 0.513725 0.364706
v -0.259052363 0.936099097 -5.438196859 0.439216 0.588235 0.447059
v -0.346819096 0.845077584 -5.560149305 0.250980 0.376471 0.082353
v -0.293081782 0.897950101 -5.489654039 0.494118 0.647059 0.549020
v -0.298864215 0.888935441 -5.502257295 0.478431 0.635294 0.537255
v -0.250282909 0.950440058 -5.415690019 0.490196 0.631373 0.529412
v -0.335392617 0.861438408 -5.535544870 0.415686 0.560784 0.458824
v -0.229744596 0.974126802 -5.382570513 0.486275 0.650980 0.537255
v -0.386530611 0.812608739 -5.599185306 0.360784 0.525490 0.388235
v -0.404237390 0.796244269 -5.619494174 0.447059 0.537255 0.450980
v -0.317272656 0.871933210 -5.520786526 0.552941 0.600000 0.580392
v -0.380259793 0.820763740 -5.584622454 0.407843 0.576471 0.466667
v -0.513659861 0.716849959 -5.714118134 0.286275 0.352941 0.164706
v -0.264163046 0.927704987 -5.444404063 0.450980 0.600000 0.494118
v -0.279515429 0.906635713 -5.474171757 0.450980 0.600000 0.458824
v -0.473830079 0.750655788 -5.670339723 0.325490 0.486275 0.329412
v -0.491590555 0.740243534 -5.681798950 0.325490 0.474510 0.337255
v -0.201244996 0.997557622 -5.348105410 0.270588 0.396078 0.082353
v -0.271148622 0.918625227 -5.455694243 0.400000 0.541176 0.360784
v -0.170486302 1.027269733 -5.307422871 0.431373 0.368627 0.341176
v -0.214193385 0.985260512 -5.362999911 0.450980 0.603922 0.498039
v -0.330798968 0.852835117 -5.544319988 0.576471 0.576471 0.380392
v -0.222683262 0.977116947 -5.372847724 0.498039 0.650980 0.552941
v -0.194261135 1.002731055 -5.339192318 0.400000 0.560784 0.431373
v -0.424525407 0.776505538 -5.638979098 0.294118 0.384314 0.125490
v -0.366741164 0.829459394 -5.569108407 0.407843 0.568627 0.447059
v -0.396617062 0.794297088 -5.617564860 0.266667 0.384314 0.105882
v -0.284358054 0.898945354 -5.479794724 0.466667 0.627451 0.509804
v -0.309093266 0.868688255 -5.521831565 0.874510 0.670588 0.698039
v -0.327724047 0.858588227 -5.532427027 0.517647 0.529412 0.368627
v -0.211021239 0.981952127 -5.365004592 0.423529 0.564706 0.360784
v -0.517834861 0.725436507 -5.691357212 0.211765 0.360784 0.168627
v -0.428137129 0.775817825 -5.635962337 0.372549 0.521569 0.388235
v -0.236010939 0.955473936 -5.399875263 0.376471 0.517647 0.329412
v -0.305252498 0.871982142 -5.515190714 0.443137 0.600000 0.498039
v -0.198635737 0.991148233 -5.351954413 0.443137 0.611765 0.501961
v -0.405399128 0.787708161 -5.622104646 0.333333 0.403922 0.160784
v -0.207482210 0.987274130 -5.354602338 0.282353 0.403922 0.094118
v -0.253710231 0.933659071 -5.427319379 0.478431 0.584314 0.470588
v -0.189972947 1.007921235 -5.324524015 0.305882 0.411765 0.117647
v -0.508174861 0.730058373 -5.682669836 0.286275 0.423529 0.227451
v -0.173570624 1.018480561 -5.311716703 0.439216 0.541176 0.333333
v -0.245232482 0.941852096 -5.415551381 0.396078 0.541176 0.329412
v -0.373713618 0.822208005 -5.572583824 0.411765 0.572549 0.454902
v -0.300305229 0.876613934 -5.505839970 0.450980 0.600000 0.498039
v -0.335837308 0.863048061 -5.517031952 0.490196 0.580392 0.509804
v -0.336704285 0.846859201 -5.543373594 0.258824 0.376471 0.086275
v -0.441787678 0.764425435 -5.645844062 0.376471 0.537255 0.400000
v -0.452092268 0.758597440 -5.651898898 0.349020 0.513725 0.360784
v -0.386263718 0.798752674 -5.605731326 0.270588 0.392157 0.101961
v -0.317782163 0.864491183 -5.518541072 0.607843 0.556863 0.478431
v -0.193490816 1.001030910 -5.332298343 0.286275 0.400000 0.098039
v -0.229612169 0.955429582 -5.395333532 0.400000 0.545098 0.341176
v -0.181411494 1.011675065 -5.316308568 0.298039 0.368627 0.109804
v -0.238956173 0.947572531 -5.403764941 0.274510 0.392157 0.129412
v -0.341738238 0.844632956 -5.540418618 0.462745 0.603922 0.513725
v -0.513123633 0.711204286 -5.706316489 0.266667 0.380392 0.121569
v -0.351135658 0.836965726 -5.549641556 0.423529 0.576471 0.466667
v -0.294203901 0.880584319 -5.495294489 0.403922 0.545098 0.345098
v -0.389478561 0.791510197 -5.612218716 0.396078 0.521569 0.411765
v -0.524683246 0.715209644 -5.695009777 0.192157 0.262745 0.152941
v -0.197028682 0.991396199 -5.341544783 0.250980 0.376471 0.070588
v -0.345212802 0.837779460 -5.547826553 0.270588 0.388235 0.094118
v -0.519491989 0.709989485 -5.703449010 0.313725 0.396078 0.184314
v -0.430104535 0.763941468 -5.641811048 0.286275 0.400000 0.109804
v -0.497142819 0.731181435 -5.674811266 0.243137 0.388235 0.219608
v -0.289850982 0.887280158 -5.482187388 0.419608 0.552941 0.356863
v -0.268801728 0.912090102 -5.447155842 0.450980 0.584314 0.466667
v -0.519572400 0.726061532 -5.675203032 0.305882 0.458824 0.243137
v -0.363855038 0.827368924 -5.556367212 0.450980 0.607843 0.486275
v -0.189626611 0.994362871 -5.335446512 0.439216 0.596078 0.486275
v -0.442820885 0.755862836 -5.649298330 0.290196 0.407843 0.109804
v -0.218776582 0.966777209 -5.371170566 0.458824 0.603922 0.466667
v -0.201667547 0.981143106 -5.352255816 0.443137 0.607843 0.490196
v -0.271977994 0.905575297 -5.454625196 0.466667 0.607843 0.525490
v -0.258696558 0.922671632 -5.429846162 0.380392 0.474510 0.290196
v -0.227175318 0.957361768 -5.382000412 0.482353 0.639216 0.549020
v -0.180579281 1.003934125 -5.319690666 0.435294 0.596078 0.470588
v -0.336876455 0.857767218 -5.511731775 0.482353 0.580392 0.498039
v -0.422546994 0.767589136 -5.633171415 0.294118 0.411765 0.121569
v -0.335365605 0.853103423 -5.519420015 0.466667 0.592157 0.509804
v -0.521697974 0.720002077 -5.680222128 0.250980 0.396078 0.176471
v -0.248643249 0.930516549 -5.418542167 0.286275 0.396078 0.133333
v -0.473246749 0.742183560 -5.658571027 0.325490 0.490196 0.333333
v -0.167406399 1.015244948 -5.303356822 0.211765 0.168627 0.149020
v -0.215684731 0.977059453 -5.351133456 0.466667 0.635294 0.525490
v -0.405764969 0.777286620 -5.620809116 0.270588 0.388235 0.121569
v -0.487540441 0.731995800 -5.669321136 0.321569 0.462745 0.313725
v -0.233122168 0.947152487 -5.393703625 0.439216 0.580392 0.419608
v -0.326830381 0.854184489 -5.517395525 0.482353 0.482353 0.282353
v -0.192718546 0.984057061 -5.345051032 0.439216 0.592157 0.486275
v -0.267575664 0.913645895 -5.437292327 0.270588 0.380392 0.090196
v -0.525883174 0.706548350 -5.697893370 0.309804 0.345098 0.203922
v -0.464437845 0.744077899 -5.655105758 0.329412 0.490196 0.329412
v -0.306075708 0.859110754 -5.514952038 0.435294 0.592157 0.466667
v -0.173269509 1.008524917 -5.309073481 0.321569 0.380392 0.133333
v -0.215295745 0.971553601 -5.356803262 0.309804 0.435294 0.149020
v -0.300741111 0.868797697 -5.498953112 0.490196 0.643137 0.556863
v -0.296194136 0.876838483 -5.487029544 0.498039 0.647059 0.580392
v -0.342875720 0.835622340 -5.539975053 0.454902 0.603922 0.505882
v -0.387847744 0.787666774 -5.604895429 0.286275 0.392157 0.117647
v -0.329988427 0.854899100 -5.511833701 0.709804 0.674510 0.666667
v -0.172585691 1.004321070 -5.314670684 0.396078 0.549020 0.345098
v -0.377379030 0.800318318 -5.586601782 0.407843 0.556863 0.458824
v -0.377111174 0.808615111 -5.572349411 0.407843 0.576471 0.466667
v -0.511093775 0.721682035 -5.673635823 0.247059 0.400000 0.192157
v -0.299604338 0.865102853 -5.503062105 0.458824 0.615686 0.517647
v -0.278529496 0.891113450 -5.466001558 0.419608 0.537255 0.364706
v -0.335351942 0.837624910 -5.534648426 0.270588 0.384314 0.082353
v -0.198381377 0.979526997 -5.342181890 0.266667 0.388235 0.090196
v -0.381460306 0.791555606 -5.594733944 0.270588 0.388235 0.094118
v -0.317161483 0.854759165 -5.509998341 0.549020 0.607843 0.576471
v -0.282774324 0.888436070 -5.465112906 0.407843 0.533333 0.333333
v -0.220295710 0.963427161 -5.360770798 0.486275 0.639216 0.537255
v -0.240714991 0.931966450 -5.405852740 0.294118 0.423529 0.149020
v -0.182914919 0.994208061 -5.320114071 0.313725 0.431373 0.109804
v -0.358521642 0.821604207 -5.549313888 0.443137 0.603922 0.486275
v -0.276617277 0.892840896 -5.457113067 0.501961 0.600000 0.525490
v -0.430685440 0.750863704 -5.642225176 0.278431 0.400000 0.125490
v -0.191692303 0.984871661 -5.330698057 0.274510 0.396078 0.109804
v -0.215473473 0.971990403 -5.344404335 0.486275 0.643137 0.541176
v -0.498498520 0.722795984 -5.666564077 0.203922 0.368627 0.184314
v -0.529519134 0.707094347 -5.681227005 0.172549 0.211765 0.137255
v -0.234394428 0.934685724 -5.398256873 0.396078 0.525490 0.321569
v -0.237196521 0.936423216 -5.394017636 0.478431 0.631373 0.541176
v -0.420883491 0.759050919 -5.628445456 0.290196 0.407843 0.117647
v -0.523649150 0.702517676 -5.689151923 0.360784 0.443137 0.243137
v -0.371495578 0.811120854 -5.557325882 0.372549 0.545098 0.419608
v -0.319995918 0.845675753 -5.516373311 0.803922 0.705882 0.729412
v -0.489104539 0.725015660 -5.661434567 0.286275 0.431373 0.250980
v -0.519835612 0.711422874 -5.673348816 0.301961 0.454902 0.235294
v -0.227961767 0.947943350 -5.374620833 0.486275 0.647059 0.564706
v -0.296465622 0.867493946 -5.485367400 0.392157 0.525490 0.329412
v -0.344348107 0.826032225 -5.538452590 0.431373 0.584314 0.486275
v -0.448039944 0.741573702 -5.645068395 0.309804 0.431373 0.133333
v -0.434035668 0.748158170 -5.638387580 0.290196 0.403922 0.117647
v -0.186055190 0.982260157 -5.329226097 0.376471 0.533333 0.364706
v -0.210480251 0.968440740 -5.344261253 0.482353 0.635294 0.537255
v -0.373800645 0.795517885 -5.578140106 0.282353 0.407843 0.145098
v -0.170043640 0.998012630 -5.307942130 0.325490 0.427451 0.137255
v -0.377027822 0.787361515 -5.590429287 0.341176 0.505882 0.349020
v -0.206722710 0.967579193 -5.346613733 0.482353 0.639216 0.545098
v -0.407483044 0.766697857 -5.614604676 0.278431 0.396078 0.113725
v -0.274039199 0.893851123 -5.446447387 0.407843 0.486275 0.286275
v -0.290195272 0.869151495 -5.481766113 0.388235 0.478431 0.294118
v -0.338370550 0.825941628 -5.537731268 0.247059 0.364706 0.074510
v -0.331357797 0.833944712 -5.525930123 0.301961 0.392157 0.121569
v -0.267298377 0.905236744 -5.428361105 0.466667 0.623529 0.517647
v -0.379050494 0.792420496 -5.578576860 0.447059 0.584314 0.494118
v -0.364983400 0.811656486 -5.551075573 0.388235 0.549020 0.423529
v -0.414973572 0.760602737 -5.619227483 0.282353 0.403922 0.117647
v -0.249147960 0.917423081 -5.412171971 0.270588 0.388235 0.101961
v -0.322620313 0.845364941 -5.507857235 0.780392 0.701961 0.745098
v -0.330811831 0.837917676 -5.517141216 0.458824 0.588235 0.501961
v -0.162113961 1.001293107 -5.300338964 0.329412 0.301961 0.180392
v -0.465239892 0.734505262 -5.645173842 0.325490 0.490196 0.341176
v -0.336220878 0.828067060 -5.530746902 0.443137 0.600000 0.501961
v -0.375620078 0.796762354 -5.570020368 0.415686 0.576471 0.462745
v -0.220501990 0.951320677 -5.363673314 0.486275 0.643137 0.533333
v -0.333504635 0.839319775 -5.512444894 0.423529 0.564706 0.466667
v -0.282775663 0.876467157 -5.466698387 0.478431 0.568627 0.482353
v -0.321835815 0.841766080 -5.511540747 0.568627 0.552941 0.380392
v -0.382333904 0.782467226 -5.590104231 0.298039 0.392157 0.129412
v -0.305387701 0.849410820 -5.503780922 0.588235 0.545098 0.450980
v -0.218272214 0.956935107 -5.352979023 0.419608 0.560784 0.349020
v -0.324776631 0.836610274 -5.516985157 0.364706 0.482353 0.305882
v -0.397451289 0.770461518 -5.602562133 0.282353 0.392157 0.125490
v -0.306335838 0.851838482 -5.496723408 0.325490 0.407843 0.141176
v -0.200548461 0.968404628 -5.337664351 0.466667 0.635294 0.529412
v -0.537002456 0.696575799 -5.680241491 0.196078 0.243137 0.168627
v -0.278439679 0.886203486 -5.448265244 0.494118 0.611765 0.537255
v -0.235533214 0.933668342 -5.383252053 0.458824 0.611765 0.478431
v -0.531892200 0.694409336 -5.684830916 0.258824 0.270588 0.196078
v -0.271221948 0.896017774 -5.433891606 0.466667 0.623529 0.517647
v -0.498612252 0.714154351 -5.662166245 0.211765 0.384314 0.180392
v -0.454889218 0.736081833 -5.639676735 0.337255 0.498039 0.345098
v -0.181484316 0.981631149 -5.319066775 0.372549 0.494118 0.270588
v -0.188365379 0.975856546 -5.325836589 0.286275 0.392157 0.121569
v -0.427928658 0.750718858 -5.620912250 0.341176 0.490196 0.356863
v -0.260810734 0.905754056 -5.416977613 0.435294 0.600000 0.505882
v -0.444873497 0.738776137 -5.633927750 0.380392 0.537255 0.400000
v -0.341202719 0.819199468 -5.533010789 0.450980 0.603922 0.501961
v -0.335107875 0.828283795 -5.519554192 0.427451 0.580392 0.474510
v -0.199620614 0.960846165 -5.343257339 0.384314 0.525490 0.321569
v -0.310034472 0.844248792 -5.500386072 0.509804 0.584314 0.529412
v -0.171852544 0.987129512 -5.307983791 0.274510 0.392157 0.098039
v -0.472974335 0.725290563 -5.645378994 0.349020 0.505882 0.360784
v -0.427512146 0.747485539 -5.622803350 0.286275 0.407843 0.121569
v -0.191246259 0.965397764 -5.337197261 0.439216 0.580392 0.482353
v -0.281113164 0.875811638 -5.455863923 0.364706 0.447059 0.219608
v -0.261378797 0.899240532 -5.423310152 0.317647 0.431373 0.133333
v -0.287521874 0.865852984 -5.469049191 0.388235 0.443137 0.219608
v -0.488309389 0.714065341 -5.656372800 0.243137 0.411765 0.215686
v -0.149343163 0.997524385 -5.294934515 0.305882 0.258824 0.235294
v -0.164661578 0.986499128 -5.308087057 0.325490 0.462745 0.227451
v -0.375915806 0.787108739 -5.570091734 0.450980 0.592157 0.494118
v -0.243622091 0.913427186 -5.402933280 0.368627 0.505882 0.286275
v -0.420686797 0.750524322 -5.615963710 0.290196 0.407843 0.125490
v -0.321483156 0.837583527 -5.502130329 0.800000 0.682353 0.756863
v -0.412387592 0.754778128 -5.610085607 0.282353 0.400000 0.113725
v -0.189512968 0.966982071 -5.329643415 0.290196 0.388235 0.121569
v -0.211326375 0.950235491 -5.350279104 0.478431 0.639216 0.541176
v -0.332695587 0.830557495 -5.509573928 0.419608 0.560784 0.462745
v -0.236901812 0.929058967 -5.376712921 0.466667 0.639216 0.525490
v -0.518936014 0.693506347 -5.676808350 0.376471 0.454902 0.266667
v -0.202395893 0.957396394 -5.340256912 0.466667 0.623529 0.521569
v -0.354917844 0.806748313 -5.540803730 0.431373 0.592157 0.482353
v -0.164071318 0.988006152 -5.301537673 0.282353 0.396078 0.121569
v -0.296840577 0.855109358 -5.478519612 0.321569 0.407843 0.152941
v -0.252156324 0.906004802 -5.407831454 0.486275 0.647059 0.541176
v -0.346263427 0.810348926 -5.535223911 0.447059 0.607843 0.498039
v -0.459778635 0.727352626 -5.636191046 0.360784 0.525490 0.368627
v -0.393772888 0.765170962 -5.594131811 0.278431 0.384314 0.117647
v -0.387083382 0.770515537 -5.587205260 0.321569 0.400000 0.149020
v -0.536758142 0.686567348 -5.678784513 0.298039 0.301961 0.215686
v -0.169141591 0.978867090 -5.311370410 0.349020 0.505882 0.247059
v -0.326952838 0.834711259 -5.499454117 0.854902 0.709804 0.792157
v -0.336736774 0.817856463 -5.524105245 0.443137 0.603922 0.494118
v -0.329649319 0.822828527 -5.517470989 0.384314 0.474510 0.258824
v -0.334972336 0.831872842 -5.500593855 0.431373 0.541176 0.450980
v -0.228427848 0.930442355 -5.370818989 0.478431 0.643137 0.549020
v -0.174399700 0.972491873 -5.318274352 0.372549 0.537255 0.396078
v -0.293894630 0.850908576 -5.479551119 0.458824 0.576471 0.482353
v -0.175838905 0.973947672 -5.313406001 0.262745 0.372549 0.082353
v -0.179770577 0.968527372 -5.320449220 0.368627 0.525490 0.352941
v -0.403347890 0.755552029 -5.600927472 0.290196 0.419608 0.176471
v -0.196199410 0.957973715 -5.331719598 0.447059 0.584314 0.490196
v -0.302057720 0.842181189 -5.489213409 0.360784 0.443137 0.243137
v -0.314119637 0.834304127 -5.497459222 0.580392 0.576471 0.545098
v -0.274223108 0.884284936 -5.427509101 0.419608 0.568627 0.364706
v -0.442246015 0.735533843 -5.620027267 0.380392 0.541176 0.407843
v -0.367836820 0.785826027 -5.560109444 0.266667 0.388235 0.113725
v -0.287660638 0.856323658 -5.468727408 0.356863 0.478431 0.262745
v -0.281867518 0.863974549 -5.457914287 0.274510 0.388235 0.121569
v -0.275224444 0.877680900 -5.437288812 0.419608 0.580392 0.431373
v -0.423169936 0.746590585 -5.606651267 0.349020 0.498039 0.376471
v -0.327084130 0.824937862 -5.507128776 0.360784 0.470588 0.305882
v -0.375981547 0.780578986 -5.563940372 0.466667 0.556863 0.474510
v -0.259121456 0.893436904 -5.414349645 0.474510 0.639216 0.552941
v -0.274950005 0.871863205 -5.444830069 0.258824 0.384314 0.086275
v -0.213800367 0.936475035 -5.357282693 0.435294 0.596078 0.466667
v -0.491882622 0.695639787 -5.666884518 0.305882 0.427451 0.160784
v -0.234342941 0.916586169 -5.382806422 0.450980 0.619608 0.505882
v -0.533485548 0.685712830 -5.668703388 0.239216 0.352941 0.172549
v -0.489437498 0.693216662 -5.669372680 0.329412 0.431373 0.203922
v -0.358270349 0.794507906 -5.543370869 0.411765 0.572549 0.462745
v -0.204690168 0.943598691 -5.345099320 0.400000 0.541176 0.392157
v -0.334441283 0.822072407 -5.503284778 0.431373 0.572549 0.470588
v -0.191364845 0.953540113 -5.330450563 0.419608 0.560784 0.458824
v -0.157531057 0.979112127 -5.298573337 0.309804 0.419608 0.129412
v -0.339523457 0.810477780 -5.519118054 0.419608 0.572549 0.466667
v -0.332975876 0.815272830 -5.512924025 0.435294 0.592157 0.486275
v -0.372902288 0.776350728 -5.564298793 0.337255 0.407843 0.160784
v -0.476211726 0.709206848 -5.642144647 0.278431 0.427451 0.247059
v -0.167137377 0.969789141 -5.308351728 0.258824 0.380392 0.101961
v -0.239703322 0.903530882 -5.394661319 0.407843 0.564706 0.392157
v -0.196380163 0.945752290 -5.338536960 0.356863 0.439216 0.254902
v -0.319109427 0.826620722 -5.496349056 0.768627 0.682353 0.745098
v -0.452838784 0.723064301 -5.624837205 0.329412 0.498039 0.317647
v -0.175219493 0.960042328 -5.320744034 0.356863 0.498039 0.274510
v -0.369017008 0.781757007 -5.553626793 0.501961 0.556863 0.498039
v -0.147214061 0.980092074 -5.295596441 0.384314 0.388235 0.247059
v -0.410691330 0.749403011 -5.592935639 0.384314 0.545098 0.411765
v -0.345109651 0.800240126 -5.527625119 0.439216 0.603922 0.486275
v -0.353766218 0.789383408 -5.542645406 0.266667 0.388235 0.098039
v -0.386366301 0.762641891 -5.575821131 0.294118 0.411765 0.129412
v -0.395595205 0.755988420 -5.583602082 0.262745 0.392157 0.109804
v -0.361507768 0.781508156 -5.551890223 0.282353 0.392157 0.113725
v -0.332730042 0.807965613 -5.517211167 0.486275 0.521569 0.294118
v -0.389900231 0.763613785 -5.572359602 0.341176 0.501961 0.360784
v -0.275374346 0.861766796 -5.445543083 0.298039 0.423529 0.117647
v -0.404640790 0.748538372 -5.591501897 0.270588 0.396078 0.105882
v -0.437265760 0.731649402 -5.608913862 0.388235 0.549020 0.411765
v -0.284175227 0.851832672 -5.458653918 0.278431 0.403922 0.101961
v -0.467417157 0.709585140 -5.635633032 0.368627 0.505882 0.360784
v -0.296206650 0.839659645 -5.474674921 0.274510 0.392157 0.098039
v -0.379666331 0.766308875 -5.569395233 0.294118 0.396078 0.141176
v -0.523521946 0.678460573 -5.668897816 0.321569 0.407843 0.184314
v -0.227139172 0.916353318 -5.368356978 0.439216 0.592157 0.435294
v -0.217331744 0.924851271 -5.357389165 0.439216 0.607843 0.494118
v -0.259241205 0.881156944 -5.415526059 0.415686 0.580392 0.454902
v -0.249748135 0.890212781 -5.403428685 0.309804 0.431373 0.129412
v -0.483046520 0.690405029 -5.658914832 0.294118 0.400000 0.145098
v -0.233876983 0.906462493 -5.379808688 0.431373 0.596078 0.466667
v -0.540382712 0.673734489 -5.667407724 0.231373 0.298039 0.188235
v -0.179543311 0.952088606 -5.320366070 0.356863 0.525490 0.368627
v -0.511382267 0.679511986 -5.665820889 0.341176 0.439216 0.207843
v -0.350387380 0.791567576 -5.530916082 0.380392 0.537255 0.396078
v -0.425021357 0.738620173 -5.594814228 0.356863 0.525490 0.384314
v -0.160954966 0.962220757 -5.308787128 0.345098 0.490196 0.250980
v -0.187681742 0.948091948 -5.323278791 0.321569 0.454902 0.203922
v -0.194405350 0.942910835 -5.329689277 0.329412 0.447059 0.203922
v -0.272432186 0.866342343 -5.431055252 0.400000 0.552941 0.345098
v -0.338775880 0.797173169 -5.523040012 0.282353 0.403922 0.105882
v -0.303191169 0.826023668 -5.485966790 0.305882 0.419608 0.117647
v -0.334172643 0.805335416 -5.509337105 0.470588 0.615686 0.513725
v -0.169624163 0.955719042 -5.312540945 0.337255 0.509804 0.333333
v -0.333479812 0.812472751 -5.497111463 0.450980 0.580392 0.482353
v -0.440169746 0.723136930 -5.610817599 0.337255 0.501961 0.352941
v -0.156010397 0.966047145 -5.299069903 0.301961 0.450980 0.250980
v -0.408255677 0.745574517 -5.583167421 0.376471 0.541176 0.407843
v -0.475994730 0.691432009 -5.651233156 0.349020 0.447059 0.192157
v -0.398327304 0.752708767 -5.573862509 0.384314 0.541176 0.423529
v -0.165443351 0.959881861 -5.304669489 0.333333 0.447059 0.152941
v -0.203966189 0.927504475 -5.345571321 0.372549 0.509804 0.341176
v -0.446351837 0.711770208 -5.623655129 0.282353 0.403922 0.109804
v -0.344834083 0.791807953 -5.522685589 0.411765 0.564706 0.439216
v -0.243281161 0.887227844 -5.396553867 0.435294 0.592157 0.439216
v -0.543560167 0.664385324 -5.669430191 0.235294 0.235294 0.188235
v -0.215553546 0.916469226 -5.355842336 0.474510 0.639216 0.533333
v -0.336014636 0.796134552 -5.516455361 0.454902 0.607843 0.505882
v -0.314929992 0.814729146 -5.492374908 0.317647 0.403922 0.149020
v -0.276537885 0.853185099 -5.440955659 0.474510 0.639216 0.537255
v -0.234762174 0.894786427 -5.385272734 0.431373 0.588235 0.466667
v -0.322729451 0.813652869 -5.490587249 0.843137 0.725490 0.800000
v -0.533459349 0.666325259 -5.667336525 0.345098 0.415686 0.207843
v -0.256686995 0.871698525 -5.414979986 0.282353 0.407843 0.113725
v -0.323794950 0.809073944 -5.497124167 0.576471 0.541176 0.345098
v -0.197214228 0.928749893 -5.338718686 0.431373 0.513725 0.356863
v -0.361077712 0.770632879 -5.547351084 0.356863 0.411765 0.192157
v -0.135380040 0.967405427 -5.293377257 0.494118 0.474510 0.360784
v -0.225615007 0.904806613 -5.366577829 0.447059 0.611765 0.490196
v -0.485383623 0.682041833 -5.652240113 0.313725 0.419608 0.164706
v -0.467886947 0.692530835 -5.639652086 0.286275 0.400000 0.145098
v -0.520223509 0.668222821 -5.663224926 0.321569 0.415686 0.180392
v -0.436211934 0.722477637 -5.599236074 0.388235 0.556863 0.407843
v -0.377562385 0.756317109 -5.561425243 0.298039 0.411765 0.129412
v -0.172449288 0.945960807 -5.310666245 0.325490 0.486275 0.301961
v -0.329570317 0.806351982 -5.491308270 0.486275 0.545098 0.458824
v -0.329739933 0.801854318 -5.498593875 0.364706 0.474510 0.341176
v -0.187653545 0.936540702 -5.319995007 0.274510 0.388235 0.105882
v -0.439914300 0.714865338 -5.606130119 0.384314 0.560784 0.407843
v -0.274474532 0.854881396 -5.426090701 0.392157 0.564706 0.427451
v -0.351864528 0.774408024 -5.534509051 0.372549 0.423529 0.196078
v -0.228943820 0.896357323 -5.371438414 0.474510 0.639216 0.525490
v -0.448907065 0.700884478 -5.624464054 0.298039 0.411765 0.145098
v -0.281383725 0.838975271 -5.448622865 0.262745 0.400000 0.086275
v -0.217228352 0.906630545 -5.356499106 0.466667 0.631373 0.533333
v -0.300511310 0.820491785 -5.472099802 0.278431 0.403922 0.098039
v -0.255408343 0.863106364 -5.415616793 0.400000 0.564706 0.435294
v -0.251137705 0.870131236 -5.405261732 0.400000 0.552941 0.396078
v -0.209196326 0.912167927 -5.348202666 0.419608 0.588235 0.470588
v -0.323818892 0.797533238 -5.500641042 0.392157 0.470588 0.286275
v -0.165971969 0.947240247 -5.303071022 0.286275 0.427451 0.192157
v -0.327610873 0.791121958 -5.509423792 0.435294 0.517647 0.333333
v -0.446167124 0.704248612 -5.615322999 0.360784 0.498039 0.372549
v -0.455615014 0.694024498 -5.629102233 0.325490 0.423529 0.172549
v -0.249608338 0.872384516 -5.398632956 0.376471 0.521569 0.294118
v -0.441019979 0.704330168 -5.615578287 0.333333 0.443137 0.160784
v -0.275459386 0.844634191 -5.435386976 0.286275 0.419608 0.101961
v -0.363529637 0.759725858 -5.545949357 0.270588 0.396078 0.113725
v -0.317122630 0.803322552 -5.487874560 0.431373 0.447059 0.223529
v -0.335202287 0.779442140 -5.520088677 0.494118 0.525490 0.474510
v -0.287430708 0.829388194 -5.452403628 0.427451 0.584314 0.411765
v -0.135163810 0.954006729 -5.294047564 0.580392 0.533333 0.403922
v -0.531912838 0.655220080 -5.662005610 0.349020 0.407843 0.223529
v -0.295460690 0.823247824 -5.458688568 0.403922 0.576471 0.431373
v -0.192015202 0.923436212 -5.325172542 0.294118 0.396078 0.145098
v -0.185564712 0.927178199 -5.319905530 0.372549 0.517647 0.368627
v -0.487823584 0.673119648 -5.644046689 0.325490 0.427451 0.176471
v -0.240292757 0.873750877 -5.390513887 0.364706 0.509804 0.290196
v -0.179704278 0.932380782 -5.312668128 0.368627 0.517647 0.360784
v -0.313891679 0.805826692 -5.479052969 0.486275 0.611765 0.525490
v -0.309904377 0.806280355 -5.478255075 0.317647 0.423529 0.145098
v -0.413724427 0.726803224 -5.576300885 0.360784 0.521569 0.392157
v -0.275972972 0.845006159 -5.423826105 0.384314 0.521569 0.290196
v -0.212459178 0.904442459 -5.345710719 0.290196 0.400000 0.160784
v -0.385788311 0.744432615 -5.554640586 0.388235 0.549020 0.427451
v -0.519838848 0.656441466 -5.657632023 0.337255 0.435294 0.192157
v -0.323042476 0.797036763 -5.487149359 0.823529 0.713725 0.752941
v -0.234576285 0.878223131 -5.380905628 0.388235 0.533333 0.313725
v -0.199194144 0.912899890 -5.334621190 0.419608 0.552941 0.423529
v -0.477973610 0.675558416 -5.638223149 0.305882 0.411765 0.176471
v -0.380034038 0.744522096 -5.554993673 0.286275 0.411765 0.125490
v -0.460225556 0.685214231 -5.627514823 0.290196 0.407843 0.145098
v -0.370213214 0.749221495 -5.549347942 0.282353 0.407843 0.129412
v -0.171127286 0.936130410 -5.302184812 0.301961 0.423529 0.200000
v -0.438649292 0.703818179 -5.601375677 0.396078 0.549020 0.419608
v -0.263001023 0.851537487 -5.412512648 0.411765 0.576471 0.450980
v -0.403382472 0.734142517 -5.561917410 0.352941 0.513725 0.376471
v -0.510127915 0.658908891 -5.651717835 0.313725 0.411765 0.164706
v -0.465416908 0.678980689 -5.632448455 0.301961 0.419608 0.172549
v -0.271258741 0.842742506 -5.422775985 0.392157 0.564706 0.380392
v -0.204330803 0.908887115 -5.334670758 0.380392 0.447059 0.196078
v -0.322834071 0.789267958 -5.494415596 0.411765 0.498039 0.364706
v -0.426752306 0.713607063 -5.586324395 0.356863 0.521569 0.376471
v -0.323541405 0.796959783 -5.480681726 0.854902 0.725490 0.811765
v -0.341522758 0.768682922 -5.520620287 0.313725 0.400000 0.152941
v -0.499694613 0.661986432 -5.646274597 0.305882 0.415686 0.160784
v -0.393396994 0.736553356 -5.555423212 0.364706 0.525490 0.388235
v -0.188112067 0.916603714 -5.322766923 0.364706 0.529412 0.372549
v -0.243863408 0.864435791 -5.391156288 0.423529 0.592157 0.466667
v -0.156795144 0.940705754 -5.292253621 0.321569 0.431373 0.172549
v -0.440648010 0.693467068 -5.611000626 0.305882 0.403922 0.152941
v -0.216698466 0.891335332 -5.354566567 0.443137 0.600000 0.454902
v -0.128372310 0.949592545 -5.284610837 0.298039 0.254902 0.196078
v -0.308304770 0.807712198 -5.462195371 0.376471 0.556863 0.415686
v -0.203032961 0.903038715 -5.336111275 0.435294 0.580392 0.458824
v -0.490101763 0.663719194 -5.640283424 0.313725 0.423529 0.168627
v -0.318166005 0.793173712 -5.479005291 0.662745 0.650980 0.662745
v -0.453817212 0.682421395 -5.619149483 0.309804 0.419608 0.156863
v -0.417033476 0.714398220 -5.577872839 0.372549 0.545098 0.407843
v -0.194345856 0.908441082 -5.327482916 0.419608 0.580392 0.450980
v -0.295056658 0.809520134 -5.458754512 0.282353 0.403922 0.094118
v -0.541906554 0.641421939 -5.657864437 0.223529 0.227451 0.172549
v -0.268021068 0.841025506 -5.413531299 0.388235 0.533333 0.360784
v -0.274845033 0.830684136 -5.427930338 0.415686 0.560784 0.411765
v -0.356490447 0.752403435 -5.531426467 0.278431 0.400000 0.125490
v -0.430505410 0.698278959 -5.597280031 0.278431 0.396078 0.117647
v -0.259358453 0.848844184 -5.402310302 0.450980 0.607843 0.505882
v -0.336845098 0.765041658 -5.516211958 0.360784 0.525490 0.356863
v -0.328298260 0.779560558 -5.494780965 0.560784 0.588235 0.529412
v -0.180016848 0.921658770 -5.306885179 0.317647 0.447059 0.219608
v -0.309923385 0.797329707 -5.470913850 0.282353 0.403922 0.101961
v -0.331291967 0.773477635 -5.503161189 0.380392 0.427451 0.200000
v -0.240220848 0.867169170 -5.377057731 0.384314 0.529412 0.305882
v -0.253638309 0.854053099 -5.394419902 0.474510 0.631373 0.529412
v -0.236213051 0.872597158 -5.369107328 0.360784 0.505882 0.298039
v -0.207587355 0.895288950 -5.340404155 0.450980 0.552941 0.384314
v -0.408287492 0.718715583 -5.567994530 0.364706 0.529412 0.380392
v -0.384235135 0.735760497 -5.547301183 0.352941 0.509804 0.376471
v -0.274337467 0.837232506 -5.413767545 0.396078 0.568627 0.427451
v -0.285244743 0.812726746 -5.450628160 0.360784 0.505882 0.270588
v -0.277945355 0.822344187 -5.436241055 0.317647 0.443137 0.164706
v -0.430154843 0.699232819 -5.590838547 0.419608 0.556863 0.400000
v -0.243915293 0.859264542 -5.384750442 0.286275 0.403922 0.105882
v -0.345493332 0.758245336 -5.518493641 0.278431 0.400000 0.113725
v -0.135823420 0.942886735 -5.279652510 0.337255 0.411765 0.219608
v -0.158972271 0.933381661 -5.287728882 0.286275 0.450980 0.258824
v -0.376700429 0.735348963 -5.546076048 0.278431 0.396078 0.121569
v -0.282348479 0.815925810 -5.442645387 0.325490 0.450980 0.196078
v -0.434144473 0.690341538 -5.602169664 0.309804 0.407843 0.156863
v -0.200797692 0.900589505 -5.328424715 0.278431 0.396078 0.109804
v -0.460185463 0.674130042 -5.620475645 0.294118 0.419608 0.145098
v -0.148595037 0.938013135 -5.282812277 0.286275 0.423529 0.211765
v -0.469296940 0.668658500 -5.625526819 0.274510 0.396078 0.141176
v -0.194176230 0.905791670 -5.320428634 0.294118 0.403922 0.121569
v -0.523011850 0.643717931 -5.649455524 0.345098 0.427451 0.215686
v -0.363232208 0.742513630 -5.536040951 0.270588 0.376471 0.121569
v -0.173373103 0.923372211 -5.297155961 0.313725 0.470588 0.313725
v -0.328858143 0.779966650 -5.483751444 0.549020 0.568627 0.498039
v -0.335810979 0.764202577 -5.507476137 0.294118 0.403922 0.117647
v -0.447284302 0.680049017 -5.611095019 0.294118 0.407843 0.145098
v -0.391946697 0.726674139 -5.550260235 0.352941 0.521569 0.392157
v -0.127926949 0.941931131 -5.277870378 0.400000 0.384314 0.317647
v -0.501441321 0.651246929 -5.639786974 0.321569 0.423529 0.172549
v -0.184729808 0.910302120 -5.311338849 0.376471 0.549020 0.407843
v -0.512498756 0.646020026 -5.644064307 0.321569 0.411765 0.192157
v -0.178833939 0.918510817 -5.297489013 0.321569 0.490196 0.321569
v -0.253543269 0.845101528 -5.394548566 0.403922 0.556863 0.403922
v -0.274056851 0.825362121 -5.419596363 0.447059 0.607843 0.490196
v -0.491000156 0.654322849 -5.633589863 0.317647 0.427451 0.164706
v -0.291028652 0.801433391 -5.453359453 0.392157 0.560784 0.403922
v -0.350396691 0.749205929 -5.520544180 0.274510 0.400000 0.109804
v -0.536726060 0.633856661 -5.650943745 0.349020 0.372549 0.254902
v -0.409955994 0.707044528 -5.569645727 0.380392 0.541176 0.411765
v -0.439680098 0.680046502 -5.603510975 0.301961 0.411765 0.152941
v -0.210217950 0.882743113 -5.340900428 0.474510 0.611765 0.501961
v -0.262533106 0.836724555 -5.399942559 0.443137 0.592157 0.498039
v -0.399347767 0.714642016 -5.558242532 0.396078 0.560784 0.431373
v -0.481659106 0.656710075 -5.627929360 0.309804 0.427451 0.160784
v -0.148531736 0.934783071 -5.273674844 0.321569 0.403922 0.168627
v -0.216092145 0.876784366 -5.348127860 0.482353 0.611765 0.517647
v -0.279931604 0.812859980 -5.432865580 0.427451 0.576471 0.427451
v -0.191530055 0.898615672 -5.318986705 0.403922 0.568627 0.431373
v -0.245914685 0.844804702 -5.390049617 0.396078 0.545098 0.333333
v -0.222512033 0.869419090 -5.356519525 0.427451 0.572549 0.447059
v -0.323921634 0.778369019 -5.474130170 0.898039 0.721569 0.796078
v -0.340055698 0.754580495 -5.507447760 0.286275 0.403922 0.121569
v -0.421766747 0.691053397 -5.584854782 0.282353 0.407843 0.129412
v -0.294578137 0.796044999 -5.451439635 0.274510 0.396078 0.121569
v -0.523611280 0.635333043 -5.644244556 0.329412 0.411765 0.196078
v -0.471025640 0.659746361 -5.620338620 0.301961 0.419608 0.156863
v -0.397279269 0.709550213 -5.561209649 0.290196 0.419608 0.129412
v -0.235263260 0.858443703 -5.365964050 0.282353 0.400000 0.109804
v -0.169024586 0.917340974 -5.289426692 0.325490 0.490196 0.278431
v -0.404742463 0.703291819 -5.567864760 0.286275 0.423529 0.160784
v -0.354795783 0.740218230 -5.522428992 0.286275 0.403922 0.117647
v -0.268357943 0.831021544 -5.399774783 0.435294 0.596078 0.482353
v -0.329858348 0.762262667 -5.493498693 0.329412 0.427451 0.196078
v -0.387500918 0.716402102 -5.550519898 0.278431 0.407843 0.125490
v -0.138426515 0.935180928 -5.267224209 0.368627 0.443137 0.250980
v -0.179845157 0.907509252 -5.299174449 0.384314 0.549020 0.403922
v -0.300917408 0.788372616 -5.457638710 0.337255 0.474510 0.227451
v -0.160911695 0.920114387 -5.283427469 0.305882 0.478431 0.286275
v -0.199500148 0.886387959 -5.326828690 0.427451 0.588235 0.447059
v -0.360794072 0.733971985 -5.527529836 0.298039 0.411765 0.121569
v -0.451502011 0.668903162 -5.605770905 0.290196 0.407843 0.141176
v -0.311830599 0.781863892 -5.462933696 0.443137 0.600000 0.482353
v -0.226855208 0.860420659 -5.359200445 0.447059 0.592157 0.478431
v -0.345827732 0.745406258 -5.511441628 0.282353 0.407843 0.121569
v -0.464341424 0.661139592 -5.613143452 0.278431 0.400000 0.125490
v -0.156144802 0.926122338 -5.272373426 0.286275 0.376471 0.133333
v -0.318118145 0.772999299 -5.474053363 0.415686 0.458824 0.211765
v -0.233226927 0.852443096 -5.368646029 0.396078 0.529412 0.372549
v -0.152561923 0.922439807 -5.278475737 0.313725 0.482353 0.286275
v -0.316737572 0.775729378 -5.468317245 0.576471 0.600000 0.584314
v -0.284526583 0.803623163 -5.432378534 0.290196 0.411765 0.101961
v -0.324273809 0.763302565 -5.485654290 0.380392 0.521569 0.360784
v -0.329871694 0.764809532 -5.480745955 0.400000 0.556863 0.435294
v -0.243058819 0.841625018 -5.380752823 0.372549 0.509804 0.313725
v -0.264309527 0.824495554 -5.401591752 0.294118 0.411765 0.113725
v -0.238122825 0.848223265 -5.370106394 0.278431 0.400000 0.098039
v -0.425694357 0.681655448 -5.585759295 0.352941 0.423529 0.192157
v -0.492404986 0.643669524 -5.626070645 0.305882 0.411765 0.156863
v -0.190127213 0.894217670 -5.307223957 0.313725 0.427451 0.152941
v -0.366324465 0.725664379 -5.529667410 0.321569 0.423529 0.125490
v -0.503022982 0.637749484 -5.631658638 0.321569 0.411765 0.172549
v -0.136260789 0.929199406 -5.265799920 0.282353 0.266667 0.200000
v -0.288619432 0.798949328 -5.431358300 0.447059 0.603922 0.505882
v -0.221913963 0.860630750 -5.350306755 0.403922 0.454902 0.231373
v -0.248955689 0.832632944 -5.387966472 0.345098 0.474510 0.223529
v -0.150048704 0.926720349 -5.263770666 0.321569 0.388235 0.152941
v -0.535655798 0.622560149 -5.643817189 0.329412 0.356863 0.211765
v -0.198904136 0.883362175 -5.318567243 0.274510 0.403922 0.101961
v -0.291067289 0.793535280 -5.437620580 0.415686 0.564706 0.443137
v -0.322595452 0.766103326 -5.472980294 0.803922 0.690196 0.698039
v -0.432860059 0.673975379 -5.589834873 0.309804 0.392157 0.156863
v -0.237439244 0.841429186 -5.373656410 0.431373 0.564706 0.447059
v -0.409618025 0.689221380 -5.570658917 0.286275 0.407843 0.121569
v -0.162538687 0.914799268 -5.275960876 0.337255 0.439216 0.200000
v -0.320107480 0.763515935 -5.475990224 0.549020 0.533333 0.337255
v -0.400910727 0.695379585 -5.562043723 0.270588 0.396078 0.113725
v -0.388025301 0.703736237 -5.549880006 0.278431 0.403922 0.121569
v -0.228773692 0.849560127 -5.359170664 0.498039 0.588235 0.486275
v -0.332546389 0.747763744 -5.494486198 0.301961 0.407843 0.129412
v -0.325370601 0.756358168 -5.482330363 0.545098 0.564706 0.364706
v -0.516940353 0.627014447 -5.634267892 0.345098 0.443137 0.188235
v -0.303052251 0.776954111 -5.453177041 0.309804 0.443137 0.172549
v -0.453391716 0.659554698 -5.598925887 0.321569 0.407843 0.160784
v -0.270854726 0.809226654 -5.408809849 0.431373 0.564706 0.423529
v -0.144600858 0.922653438 -5.260459847 0.258824 0.337255 0.168627
v -0.373561279 0.713598607 -5.533200142 0.290196 0.419608 0.117647
v -0.468080292 0.650497816 -5.607106699 0.309804 0.403922 0.160784
v -0.174946520 0.901364632 -5.284970832 0.325490 0.462745 0.227451
v -0.233803666 0.841751947 -5.364406320 0.478431 0.568627 0.454902
v -0.347130386 0.732611308 -5.508809191 0.286275 0.411765 0.117647
v -0.194287865 0.882746187 -5.309000705 0.301961 0.431373 0.149020
v -0.155596234 0.913907235 -5.269299788 0.349020 0.501961 0.356863
v -0.357230270 0.724305482 -5.518530970 0.290196 0.396078 0.109804
v -0.241989888 0.831400648 -5.377951735 0.462745 0.537255 0.403922
v -0.506536843 0.629339128 -5.628046232 0.325490 0.431373 0.172549
v -0.207204807 0.867719464 -5.328241042 0.380392 0.521569 0.341176
v -0.149589610 0.923142802 -5.253968656 0.329412 0.403922 0.156863
v -0.292557952 0.788505137 -5.430770551 0.419608 0.576471 0.474510
v -0.326459998 0.755308230 -5.473628555 0.403922 0.525490 0.415686
v -0.260980834 0.815457492 -5.394649903 0.435294 0.513725 0.345098
v -0.298222238 0.780984126 -5.439654834 0.458824 0.611765 0.521569
v -0.391868187 0.695080826 -5.551599755 0.278431 0.403922 0.121569
v -0.305684106 0.768205534 -5.457468493 0.349020 0.474510 0.231373
v -0.341287482 0.735695938 -5.499547528 0.290196 0.411765 0.129412
v -0.323552517 0.748883336 -5.483351706 0.356863 0.521569 0.380392
v -0.283199462 0.796806127 -5.416505903 0.462745 0.600000 0.501961
v -0.429053310 0.669417164 -5.580729881 0.301961 0.403922 0.145098
v -0.189090935 0.885807522 -5.299052728 0.278431 0.400000 0.098039
v -0.329973650 0.746318054 -5.484509335 0.313725 0.427451 0.156863
v -0.217099487 0.855575551 -5.339614952 0.364706 0.470588 0.247059
v -0.314896912 0.759271951 -5.467537288 0.478431 0.494118 0.270588
v -0.160911444 0.909931261 -5.266954949 0.270588 0.372549 0.086275
v -0.444024990 0.659658632 -5.590245124 0.317647 0.419608 0.160784
v -0.139144580 0.926687228 -5.244770568 0.352941 0.356863 0.333333
v -0.482997928 0.638293505 -5.612596660 0.325490 0.411765 0.172549
v -0.537159323 0.611926959 -5.637753278 0.325490 0.337255 0.215686
v -0.200194730 0.869514042 -5.318254172 0.419608 0.560784 0.415686
v -0.417634275 0.674882614 -5.570382978 0.325490 0.407843 0.176471
v -0.197755015 0.873410769 -5.311228584 0.290196 0.403922 0.105882
v -0.494267163 0.630832255 -5.618253909 0.329412 0.427451 0.180392
v -0.183038749 0.888850018 -5.289926507 0.290196 0.400000 0.121569
v -0.379751886 0.701318000 -5.536656604 0.282353 0.403922 0.125490
v -0.266738375 0.806727193 -5.398124536 0.545098 0.592157 0.537255
v -0.228909977 0.840319782 -5.354261645 0.388235 0.521569 0.341176
v -0.473841179 0.639959716 -5.606057002 0.301961 0.411765 0.164706
v -0.271774835 0.799859368 -5.404941665 0.407843 0.450980 0.200000
v -0.364416338 0.712073612 -5.520314270 0.298039 0.419608 0.129412
v -0.168618193 0.898275214 -5.274506641 0.360784 0.517647 0.360784
v -0.191512636 0.875676648 -5.304306893 0.411765 0.572549 0.431373
v -0.526193448 0.613376733 -5.631898253 0.345098 0.423529 0.192157
v -0.332423611 0.737108439 -5.488491243 0.356863 0.447059 0.192157
v -0.302302311 0.769653469 -5.444026283 0.462745 0.603922 0.517647
v -0.211967037 0.856059101 -5.329096255 0.313725 0.407843 0.145098
v -0.318100443 0.748698651 -5.470268904 0.713725 0.650980 0.631373
v -0.205628990 0.859511188 -5.322468252 0.435294 0.572549 0.435294
v -0.278805049 0.795163791 -5.405507040 0.501961 0.596078 0.517647
v -0.234409075 0.828366160 -5.363516789 0.431373 0.564706 0.415686
v -0.152644161 0.913455231 -5.248709569 0.415686 0.572549 0.423529
v -0.507866437 0.619272862 -5.621829895 0.329412 0.403922 0.172549
v -0.155896432 0.913163148 -5.246719352 0.309804 0.388235 0.129412
v -0.396426808 0.682799516 -5.551135413 0.419608 0.525490 0.407843
v -0.246279428 0.817522295 -5.375583287 0.356863 0.466667 0.247059
v -0.293349914 0.775760364 -5.429495229 0.537255 0.611765 0.552941
v -0.145916078 0.921515986 -5.234444832 0.188235 0.223529 0.188235
v -0.427392617 0.661951394 -5.574253426 0.301961 0.419608 0.137255
v -0.223447890 0.839530466 -5.344486539 0.388235 0.545098 0.356863
v -0.177781545 0.888705496 -5.277475659 0.298039 0.411765 0.145098
v -0.445356675 0.650665665 -5.586075760 0.286275 0.407843 0.141176
v -0.261702540 0.804506731 -5.389590533 0.505882 0.596078 0.509804
v -0.340772985 0.726321464 -5.493543788 0.301961 0.419608 0.141176
v -0.255080699 0.809865458 -5.382618216 0.443137 0.584314 0.458824
v -0.454632363 0.645227968 -5.591018875 0.294118 0.407843 0.141176
v -0.354328419 0.714306903 -5.508307691 0.278431 0.403922 0.113725
v -0.498025578 0.621713508 -5.616001412 0.333333 0.435294 0.176471
v -0.285758275 0.779423588 -5.422199361 0.431373 0.447059 0.215686
v -0.278582386 0.787861351 -5.409780076 0.364706 0.419608 0.176471
v -0.185449791 0.875678947 -5.292910621 0.419608 0.560784 0.419608
v -0.284271347 0.785771106 -5.410194066 0.521569 0.627451 0.552941
v -0.323901777 0.741339944 -5.470412818 0.615686 0.623529 0.439216
v -0.406683866 0.673297576 -5.556165870 0.352941 0.431373 0.192157
v -0.420617058 0.663482439 -5.567381325 0.282353 0.400000 0.129412
v -0.382749045 0.690077223 -5.534669747 0.301961 0.423529 0.160784
v -0.239798910 0.818354149 -5.367759833 0.392157 0.541176 0.372549
v -0.190486795 0.869680708 -5.298109843 0.368627 0.494118 0.290196
v -0.297576044 0.766267302 -5.433737606 0.545098 0.584314 0.549020
v -0.370639087 0.699196270 -5.520977293 0.286275 0.407843 0.129412
v -0.158125529 0.902412594 -5.250648788 0.450980 0.611765 0.490196
v -0.485445838 0.624058959 -5.606676054 0.337255 0.435294 0.180392
v -0.538703198 0.598867652 -5.629120893 0.360784 0.396078 0.258824
v -0.363810895 0.702234261 -5.513381158 0.294118 0.419608 0.141176
v -0.165340562 0.895478110 -5.256407670 0.298039 0.423529 0.137255
v -0.215004386 0.841343681 -5.329888879 0.403922 0.568627 0.403922
v -0.465691035 0.633167320 -5.594535401 0.309804 0.419608 0.176471
v -0.328069112 0.736814518 -5.466010004 0.376471 0.517647 0.411765
v -0.346337493 0.715140323 -5.495923288 0.282353 0.411765 0.113725
v -0.412585783 0.664910108 -5.557797060 0.301961 0.407843 0.141176
v -0.326167718 0.730260533 -5.476263364 0.337255 0.490196 0.274510
v -0.376471437 0.690637824 -5.524667321 0.301961 0.419608 0.149020
v -0.322912910 0.741871756 -5.456828327 0.858824 0.721569 0.741176
v -0.527840090 0.601097607 -5.624716868 0.341176 0.423529 0.196078
v -0.457847519 0.636152687 -5.588624726 0.305882 0.419608 0.149020
v -0.400941662 0.670931527 -5.548092387 0.345098 0.447059 0.211765
v -0.148981703 0.915291452 -5.222773002 0.223529 0.243137 0.250980
v -0.192850109 0.858778800 -5.301883073 0.384314 0.525490 0.341176
v -0.393106327 0.675281146 -5.541152211 0.380392 0.447059 0.207843
v -0.270050126 0.788560821 -5.392630410 0.415686 0.568627 0.431373
v -0.260960553 0.794349952 -5.385056641 0.407843 0.564706 0.400000
v -0.211568425 0.841864019 -5.320772815 0.317647 0.439216 0.149020
v -0.506008941 0.607366964 -5.614986915 0.321569 0.415686 0.168627
v -0.440480415 0.643006452 -5.576414206 0.286275 0.400000 0.141176
v -0.382332209 0.680276745 -5.532168672 0.454902 0.529412 0.435294
v -0.516372647 0.601997080 -5.618957525 0.321569 0.415686 0.184314
v -0.301347265 0.751099572 -5.440390947 0.462745 0.462745 0.266667
v -0.319300191 0.738449982 -5.455521706 0.650980 0.611765 0.458824
v -0.178916348 0.875271385 -5.273698821 0.301961 0.411765 0.113725
v -0.419361495 0.655183529 -5.561136229 0.286275 0.407843 0.133333
v -0.287155908 0.768588556 -5.415378784 0.470588 0.615686 0.521569
v -0.448763938 0.637520904 -5.579990683 0.309804 0.423529 0.168627
v -0.289329038 0.761310393 -5.425649024 0.294118 0.403922 0.109804
v -0.470478151 0.624706520 -5.594120557 0.313725 0.419608 0.176471
v -0.239219219 0.811400672 -5.358266764 0.407843 0.568627 0.419608
v -0.153625648 0.903473652 -5.231595350 0.498039 0.619608 0.529412
v -0.329829372 0.722617260 -5.474271416 0.290196 0.396078 0.121569
v -0.488535820 0.614042444 -5.603340345 0.341176 0.439216 0.196078
v -0.278839107 0.773488262 -5.405815706 0.294118 0.400000 0.125490
v -0.274603115 0.780497898 -5.394116870 0.419608 0.580392 0.447059
v -0.271200948 0.780155520 -5.395709980 0.282353 0.392157 0.105882
v -0.204871482 0.844170061 -5.310814112 0.352941 0.498039 0.282353
v -0.368001096 0.690011073 -5.512859990 0.294118 0.411765 0.145098
v -0.325281385 0.732176837 -5.455515509 0.498039 0.517647 0.443137
v -0.244119875 0.802830216 -5.364149916 0.380392 0.525490 0.290196
v -0.412778622 0.655838854 -5.553115338 0.290196 0.415686 0.133333
v -0.311812379 0.741618136 -5.443204575 0.439216 0.556863 0.431373
v -0.429052147 0.644516564 -5.565808155 0.294118 0.392157 0.137255
v -0.540394975 0.588273468 -5.622932599 0.262745 0.270588 0.200000
v -0.215033675 0.831924644 -5.322508100 0.325490 0.443137 0.152941
v -0.351283487 0.700638268 -5.496163863 0.278431 0.400000 0.125490
v -0.221966284 0.822990608 -5.334855328 0.403922 0.556863 0.384314
v -0.529014202 0.591468598 -5.620154403 0.337255 0.411765 0.219608
v -0.253727442 0.793194618 -5.372640159 0.415686 0.588235 0.454902
v -0.278492777 0.771718071 -5.399900142 0.435294 0.592157 0.454902
v -0.229703659 0.814510930 -5.342850034 0.419608 0.580392 0.419608
v -0.333322355 0.713286166 -5.477242454 0.305882 0.423529 0.156863
v -0.458925158 0.624672720 -5.582838473 0.325490 0.431373 0.184314
v -0.302282599 0.741422349 -5.438262154 0.301961 0.415686 0.125490
v -0.171489000 0.872424961 -5.261706991 0.447059 0.611765 0.454902
v -0.418558922 0.646822755 -5.555089984 0.282353 0.403922 0.129412
v -0.238264945 0.805286425 -5.350042074 0.431373 0.596078 0.474510
v -0.264530776 0.780479778 -5.382662320 0.447059 0.603922 0.494118
v -0.360411404 0.690011549 -5.501468485 0.337255 0.443137 0.200000
v -0.323601149 0.719704908 -5.464006130 0.525490 0.560784 0.345098
v -0.209098347 0.833472225 -5.311028692 0.305882 0.427451 0.145098
v -0.180915523 0.861546918 -5.273121601 0.317647 0.435294 0.149020
v -0.161026029 0.884608387 -5.241098096 0.470588 0.635294 0.501961
v -0.394855544 0.659250538 -5.539022139 0.345098 0.513725 0.352941
v -0.285833749 0.758602692 -5.408911286 0.411765 0.580392 0.458824
v -0.202062262 0.838902008 -5.302312610 0.364706 0.509804 0.309804
v -0.272430354 0.770515531 -5.392827278 0.447059 0.607843 0.466667
v -0.186796051 0.854830476 -5.280345904 0.329412 0.447059 0.172549
v -0.293273876 0.749169693 -5.420432802 0.423529 0.592157 0.466667
v -0.370631863 0.677934781 -5.513389003 0.400000 0.513725 0.376471
v -0.309493733 0.730870285 -5.444849628 0.349020 0.415686 0.152941
v -0.432585175 0.635351158 -5.563703252 0.301961 0.419608 0.160784
v -0.278575433 0.761731049 -5.402421274 0.360784 0.498039 0.282353
v -0.317269444 0.721795943 -5.455360508 0.619608 0.568627 0.400000
v -0.507242531 0.592882140 -5.607579988 0.341176 0.431373 0.203922
v -0.486654400 0.603494182 -5.596247793 0.345098 0.450980 0.203922
v -0.351845668 0.691642137 -5.492001347 0.376471 0.474510 0.305882
v -0.440127913 0.628506799 -5.567532021 0.286275 0.403922 0.137255
v -0.156340460 0.888981041 -5.226492053 0.486275 0.635294 0.521569
v -0.364149230 0.680731125 -5.504279245 0.384314 0.458824 0.254902
v -0.387767952 0.659957271 -5.530835469 0.333333 0.505882 0.349020
v -0.496989276 0.596599355 -5.600996200 0.321569 0.419608 0.184314
v -0.532484243 0.581374776 -5.614788397 0.380392 0.423529 0.258824
v -0.150058961 0.897603349 -5.212729017 0.207843 0.231373 0.247059
v -0.192816442 0.844791787 -5.286191339 0.301961 0.419608 0.113725
v -0.473901117 0.607322070 -5.588553926 0.341176 0.450980 0.207843
v -0.298410118 0.740020850 -5.424346344 0.403922 0.584314 0.431373
v -0.331928605 0.703754850 -5.473134132 0.341176 0.494118 0.317647
v -0.404484116 0.648860269 -5.540664687 0.286275 0.415686 0.152941
v -0.423192738 0.636811359 -5.554015084 0.305882 0.423529 0.156863
v -0.215770150 0.819168435 -5.318230953 0.345098 0.482353 0.254902
v -0.164400341 0.871769908 -5.246952185 0.443137 0.615686 0.486275
v -0.222896321 0.810117859 -5.330188819 0.431373 0.592157 0.431373
v -0.343391259 0.694658030 -5.482197113 0.352941 0.466667 0.262745
v -0.382643063 0.662854436 -5.521532823 0.301961 0.419608 0.141176
v -0.380384388 0.661072305 -5.525153262 0.341176 0.505882 0.356863
v -0.319137933 0.716194146 -5.451960602 0.529412 0.552941 0.470588
v -0.289579229 0.745997148 -5.411750558 0.466667 0.627451 0.529412
v -0.320615600 0.711653210 -5.458624084 0.533333 0.576471 0.356863
v -0.461887937 0.611146857 -5.580114029 0.321569 0.435294 0.184314
v -0.309329787 0.724582477 -5.440333810 0.427451 0.560784 0.431373
v -0.208493684 0.825151241 -5.305611420 0.329412 0.458824 0.215686
v -0.320460893 0.708004135 -5.463347299 0.407843 0.545098 0.411765
v -0.245983693 0.789367342 -5.352238092 0.431373 0.607843 0.458824
v -0.153265514 0.888973427 -5.216645140 0.501961 0.623529 0.545098
v -0.265033760 0.768277805 -5.379791883 0.435294 0.588235 0.439216
v -0.392194809 0.653989711 -5.528343645 0.290196 0.419608 0.129412
v -0.272445231 0.758369597 -5.391299580 0.427451 0.592157 0.462745
v -0.479712308 0.598915697 -5.588725916 0.325490 0.435294 0.188235
v -0.310863830 0.712640179 -5.453860240 0.286275 0.407843 0.101961
v -0.313859792 0.712741194 -5.450749441 0.705882 0.654902 0.494118
v -0.179614018 0.849600179 -5.266410973 0.388235 0.537255 0.333333
v -0.352597064 0.682529570 -5.487450305 0.384314 0.470588 0.305882
v -0.167177034 0.861688617 -5.249895377 0.474510 0.643137 0.533333
v -0.500196878 0.586764517 -5.598606976 0.333333 0.427451 0.196078
v -0.257888726 0.768370134 -5.371907830 0.313725 0.447059 0.176471
v -0.212097139 0.815397990 -5.308280118 0.345098 0.474510 0.243137
v -0.218766774 0.807614679 -5.318752109 0.368627 0.517647 0.317647
v -0.277554213 0.747251004 -5.399555229 0.403922 0.560784 0.407843
v -0.225430307 0.799540620 -5.329262928 0.423529 0.592157 0.439216
v -0.439905015 0.617228499 -5.562625856 0.305882 0.419608 0.149020
v -0.303578992 0.716610166 -5.441410779 0.733333 0.678431 0.600000
v -0.365324082 0.665787268 -5.505791296 0.349020 0.525490 0.360784
v -0.197229285 0.829130356 -5.288331354 0.400000 0.560784 0.396078
v -0.312807908 0.711741812 -5.444799685 0.909804 0.752941 0.839216
v -0.240011422 0.787266949 -5.342565285 0.427451 0.580392 0.435294
v -0.147915811 0.891086634 -5.198940249 0.298039 0.278431 0.290196
v -0.187319373 0.838836901 -5.272147555 0.294118 0.415686 0.109804
v -0.530608306 0.570067643 -5.607692271 0.321569 0.349020 0.231373
v -0.251806406 0.772007985 -5.361018087 0.435294 0.600000 0.478431
v -0.160028986 0.873592873 -5.221939419 0.458824 0.619608 0.486275
v -0.203205073 0.821360679 -5.294205215 0.301961 0.423529 0.129412
v -0.303220327 0.718187301 -5.432994593 0.364706 0.549020 0.384314
v -0.487162615 0.588256493 -5.589578293 0.349020 0.431373 0.211765
v -0.472167040 0.595888535 -5.581101797 0.321569 0.427451 0.180392
v -0.326251083 0.692893698 -5.466272311 0.388235 0.498039 0.376471
v -0.171934851 0.851100419 -5.253559149 0.470588 0.627451 0.501961
v -0.385761877 0.650119733 -5.517947651 0.290196 0.415686 0.129412
v -0.244482732 0.779656494 -5.347934499 0.423529 0.596078 0.447059
v -0.302668589 0.708718847 -5.446660525 0.807843 0.666667 0.729412
v -0.264163191 0.758987376 -5.375804453 0.411765 0.580392 0.447059
v -0.164414168 0.860070684 -5.240340486 0.349020 0.462745 0.211765
v -0.230905634 0.790908589 -5.332425719 0.419608 0.588235 0.443137
v -0.520772469 0.571593891 -5.603114346 0.329412 0.407843 0.184314
v -0.412857203 0.630798050 -5.538637107 0.286275 0.407843 0.133333
v -0.154281113 0.872790616 -5.220308353 0.470588 0.615686 0.501961
v -0.292711500 0.729022086 -5.413241949 0.419608 0.572549 0.466667
v -0.403583425 0.636235934 -5.531415398 0.317647 0.435294 0.156863
v -0.181616360 0.840274930 -5.263288521 0.301961 0.427451 0.133333
v -0.315909432 0.695544202 -5.459020005 0.364706 0.498039 0.368627
v -0.394815880 0.641465494 -5.523332662 0.301961 0.427451 0.141176
v -0.372985581 0.652157764 -5.512383825 0.352941 0.525490 0.356863
v -0.299794035 0.722819499 -5.418326561 0.423529 0.584314 0.474510
v -0.509518657 0.573899753 -5.597711210 0.337255 0.431373 0.184314
v -0.357853793 0.668381051 -5.488973443 0.301961 0.427451 0.156863
v -0.269667235 0.749155339 -5.383274205 0.415686 0.576471 0.423529
v -0.296378346 0.712001976 -5.436138002 0.690196 0.584314 0.545098
v -0.283900435 0.732881111 -5.403933753 0.415686 0.572549 0.450980
v -0.344245341 0.681010627 -5.469987124 0.301961 0.400000 0.137255
v -0.460178827 0.597440674 -5.571126972 0.309804 0.419608 0.160784
v -0.374455061 0.652258237 -5.506999904 0.298039 0.427451 0.141176
v -0.498535063 0.576863876 -5.591866737 0.313725 0.411765 0.172549
v -0.362686319 0.660845045 -5.493349161 0.294118 0.423529 0.149020
v -0.360817376 0.657781674 -5.498498681 0.349020 0.517647 0.360784
v -0.311701566 0.698159863 -5.446048652 0.701961 0.670588 0.517647
v -0.205720649 0.810779645 -5.293291327 0.349020 0.486275 0.250980
v -0.195472167 0.820572844 -5.279870428 0.345098 0.478431 0.207843
v -0.225043142 0.789433182 -5.321657826 0.427451 0.588235 0.443137
v -0.235566582 0.778937860 -5.335658814 0.427451 0.588235 0.470588
v -0.381568962 0.643986510 -5.511934956 0.345098 0.517647 0.345098
v -0.441087121 0.605010063 -5.557531495 0.298039 0.415686 0.160784
v -0.480348363 0.582186358 -5.581213071 0.333333 0.431373 0.184314
v -0.488179474 0.577836074 -5.585878349 0.305882 0.403922 0.164706
v -0.216277250 0.797856517 -5.307765180 0.380392 0.521569 0.341176
v -0.241215546 0.771859617 -5.341746402 0.423529 0.596078 0.450980
v -0.531686459 0.558744422 -5.602170198 0.200000 0.203922 0.164706
v -0.158434325 0.854775296 -5.228129449 0.450980 0.607843 0.462745
v -0.164848035 0.847854672 -5.237515458 0.439216 0.568627 0.403922
v -0.423529155 0.614102696 -5.541647756 0.294118 0.415686 0.152941
v -0.293187248 0.714850781 -5.416232299 0.388235 0.529412 0.341176
v -0.295777654 0.699729170 -5.440325625 0.509804 0.568627 0.494118
v -0.291599786 0.720284522 -5.407627566 0.392157 0.549020 0.407843
v -0.187597157 0.824467154 -5.268170453 0.368627 0.509804 0.294118
v -0.313579820 0.688409868 -5.453013156 0.478431 0.494118 0.427451
v -0.144561670 0.872508778 -5.202217861 0.435294 0.458824 0.458824
v -0.285980853 0.725536879 -5.400232716 0.407843 0.564706 0.423529
v -0.397051670 0.631585794 -5.520323181 0.329412 0.447059 0.160784
v -0.366973491 0.652281204 -5.495537257 0.286275 0.419608 0.121569
v -0.174955202 0.837429988 -5.249774004 0.392157 0.521569 0.364706
v -0.273995560 0.736357054 -5.385205155 0.419608 0.572549 0.443137
v -0.259058205 0.750075302 -5.366820050 0.380392 0.556863 0.407843
v -0.463321629 0.588193840 -5.568515478 0.325490 0.423529 0.192157
v -0.152334488 0.858276480 -5.219828144 0.423529 0.552941 0.333333
v -0.333908850 0.678636481 -5.458901254 0.298039 0.411765 0.176471
v -0.247147975 0.758030382 -5.355044718 0.368627 0.517647 0.278431
v -0.404092968 0.624036520 -5.526263033 0.301961 0.419608 0.145098
v -0.229428006 0.778165550 -5.326589915 0.372549 0.521569 0.321569
v -0.211220542 0.798668753 -5.298485785 0.356863 0.482353 0.282353
v -0.294915262 0.703034351 -5.426692180 0.392157 0.552941 0.403922
v -0.471389238 0.580698866 -5.572761403 0.294118 0.407843 0.137255
v -0.321735002 0.680909359 -5.453602454 0.380392 0.486275 0.349020
v -0.343363884 0.669283313 -5.465741277 0.282353 0.407843 0.137255
v -0.351941481 0.661893451 -5.474969713 0.290196 0.423529 0.156863
v -0.235721955 0.769098883 -5.333279518 0.368627 0.509804 0.286275
v -0.441902316 0.595910645 -5.553697858 0.301961 0.411765 0.156863
v -0.301412533 0.692469213 -5.438003041 0.901961 0.635294 0.662745
v -0.372758477 0.643422505 -5.496255016 0.282353 0.411765 0.121569
v -0.510737440 0.560171083 -5.590313285 0.337255 0.411765 0.184314
v -0.278332793 0.727200965 -5.387624780 0.403922 0.568627 0.427451
v -0.451042264 0.589842405 -5.558994638 0.329412 0.423529 0.196078
v -0.299367993 0.690128650 -5.440229042 0.847059 0.678431 0.756863
v -0.297602626 0.702336346 -5.420548107 0.321569 0.427451 0.152941
v -0.413044507 0.613373654 -5.530922994 0.313725 0.431373 0.176471
v -0.359334684 0.651378705 -5.482958140 0.333333 0.486275 0.301961
v -0.309461255 0.683185025 -5.445893970 0.537255 0.478431 0.407843
v -0.335227859 0.668725467 -5.459790987 0.341176 0.505882 0.356863
v -0.272287175 0.730244021 -5.377734625 0.396078 0.556863 0.403922
v -0.495133106 0.563880656 -5.581474671 0.333333 0.435294 0.215686
v -0.328991626 0.674453162 -5.451015420 0.290196 0.403922 0.137255
v -0.190287332 0.811041540 -5.268924902 0.435294 0.572549 0.415686
v -0.318945148 0.679864846 -5.444758456 0.380392 0.447059 0.207843
v -0.213513434 0.788801822 -5.296958077 0.333333 0.458824 0.211765
v -0.244765313 0.755104867 -5.342665934 0.392157 0.541176 0.352941
v -0.221591225 0.780393306 -5.307765848 0.415686 0.560784 0.447059
v -0.201808922 0.800125793 -5.281217776 0.317647 0.447059 0.180392
v -0.284046358 0.717255678 -5.391656767 0.380392 0.533333 0.349020
v -0.186207913 0.815985258 -5.259469342 0.321569 0.419608 0.137255
v -0.175134035 0.826680206 -5.244836898 0.325490 0.454902 0.188235
v -0.316131071 0.677366883 -5.446726507 0.337255 0.474510 0.341176
v -0.423143886 0.602790724 -5.536088101 0.290196 0.403922 0.149020
v -0.144116347 0.857678126 -5.202737856 0.439216 0.509804 0.352941
v -0.150338157 0.849802516 -5.213502807 0.345098 0.435294 0.129412
v -0.165794588 0.834382762 -5.233101350 0.341176 0.474510 0.200000
v -0.521344145 0.549536282 -5.591087472 0.188235 0.203922 0.133333
v -0.388434270 0.625457094 -5.506829210 0.290196 0.419608 0.145098
v -0.291553841 0.703884127 -5.407426203 0.376471 0.529412 0.349020
v -0.340301680 0.659876627 -5.463513560 0.356863 0.529412 0.384314
v -0.250670871 0.744753019 -5.350898086 0.403922 0.564706 0.415686
v -0.461753560 0.576192161 -5.562737637 0.337255 0.443137 0.192157
v -0.152581025 0.842828218 -5.219138730 0.423529 0.584314 0.447059
v -0.375618773 0.633828159 -5.493860902 0.278431 0.403922 0.117647
v -0.309554554 0.681169786 -5.436323571 0.686275 0.639216 0.494118
v -0.471432036 0.570077687 -5.568177501 0.305882 0.419608 0.172549
v -0.232236723 0.763088934 -5.324724912 0.400000 0.556863 0.392157
v -0.323231931 0.669695828 -5.449887545 0.337255 0.505882 0.352941
v -0.302962779 0.689595087 -5.423060838 0.360784 0.431373 0.172549
v -0.195414081 0.801422232 -5.270532781 0.313725 0.415686 0.129412
v -0.261892952 0.733172976 -5.362131393 0.400000 0.552941 0.411765
v -0.395509002 0.616395710 -5.512747264 0.298039 0.419608 0.145098
v -0.303716226 0.682470451 -5.431450309 0.854902 0.564706 0.584314
v -0.302488238 0.678913242 -5.437402937 0.909804 0.654902 0.733333
v -0.503557324 0.552663181 -5.581692105 0.337255 0.415686 0.188235
v -0.181152684 0.814519798 -5.250188984 0.356863 0.466667 0.243137
v -0.168758503 0.825099265 -5.235162830 0.317647 0.450980 0.168627
v -0.355202083 0.645837896 -5.472282420 0.305882 0.431373 0.176471
v -0.216526994 0.778769557 -5.295949191 0.356863 0.482353 0.274510
v -0.452191926 0.576858489 -5.554678777 0.309804 0.419608 0.168627
v -0.326416116 0.666642203 -5.445630866 0.266667 0.388235 0.105882
v -0.312046796 0.670942977 -5.441633300 0.321569 0.447059 0.321569
v -0.361151615 0.638532111 -5.478966902 0.309804 0.458824 0.219608
v -0.144981110 0.842380867 -5.209041922 0.400000 0.517647 0.309804
v -0.242488817 0.747825046 -5.334082289 0.392157 0.564706 0.423529
v -0.347428406 0.648078657 -5.465566213 0.290196 0.427451 0.188235
v -0.163396848 0.827211008 -5.226577731 0.384314 0.529412 0.345098
v -0.367938482 0.631688603 -5.484311979 0.298039 0.443137 0.203922
v -0.141435186 0.848483032 -5.197686698 0.349020 0.443137 0.223529
v -0.492555945 0.553345638 -5.574341226 0.337255 0.431373 0.203922
v -0.332750731 0.655642369 -5.455662828 0.341176 0.498039 0.364706
v -0.318891377 0.667862198 -5.438983680 0.407843 0.474510 0.235294
v -0.209868471 0.781083517 -5.285964440 0.450980 0.537255 0.356863
v -0.432764792 0.584516178 -5.540048151 0.333333 0.423529 0.196078
v -0.251805784 0.736321857 -5.345833492 0.356863 0.513725 0.325490
v -0.220118746 0.769772688 -5.300144171 0.435294 0.556863 0.427451
v -0.422975112 0.590450505 -5.532137966 0.345098 0.431373 0.203922
v -0.257281654 0.730281013 -5.353321613 0.380392 0.541176 0.360784
v -0.172628017 0.816003210 -5.238152555 0.317647 0.423529 0.145098
v -0.404873579 0.602020974 -5.517896943 0.317647 0.423529 0.160784
v -0.295384867 0.688705140 -5.408923020 0.380392 0.549020 0.400000
v -0.474522457 0.559458491 -5.565865325 0.325490 0.427451 0.192157
v -0.267741648 0.718253614 -5.368121964 0.411765 0.568627 0.458824
v -0.413061829 0.595756584 -5.524573185 0.345098 0.435294 0.203922
v -0.290829427 0.694622821 -5.399546487 0.352941 0.525490 0.356863
v -0.196825405 0.791083114 -5.269612664 0.447059 0.560784 0.419608
v -0.189510971 0.798129962 -5.259824221 0.431373 0.568627 0.396078
v -0.302975396 0.678967687 -5.419256612 0.341176 0.415686 0.141176
v -0.136217324 0.850624413 -5.188247853 0.498039 0.482353 0.388235
v -0.464131344 0.562544727 -5.559635582 0.309804 0.411765 0.176471
v -0.157046306 0.827467086 -5.218933707 0.388235 0.521569 0.313725
v -0.380461781 0.617942314 -5.494433786 0.278431 0.400000 0.121569
v -0.280876037 0.703114274 -5.383919369 0.356863 0.513725 0.333333
v -0.303418936 0.671309669 -5.427055277 0.878431 0.560784 0.600000
v -0.286579699 0.696650871 -5.390466129 0.376471 0.549020 0.388235
v -0.225068391 0.759826386 -5.304937365 0.317647 0.423529 0.152941
v -0.233903511 0.750501092 -5.317001058 0.298039 0.415686 0.121569
v -0.148461231 0.832577614 -5.208191493 0.372549 0.490196 0.270588
v -0.300027390 0.681263029 -5.409327592 0.368627 0.505882 0.282353
v -0.261025566 0.719796711 -5.357415739 0.388235 0.549020 0.396078
v -0.182394941 0.802917325 -5.244789240 0.407843 0.568627 0.411765
v -0.310041851 0.661888255 -5.436899281 0.325490 0.427451 0.301961
v -0.167415290 0.812094232 -5.233827896 0.407843 0.572549 0.415686
v -0.298171916 0.675166641 -5.418263678 0.411765 0.560784 0.450980
v -0.386402651 0.608803875 -5.499835581 0.286275 0.407843 0.141176
v -0.374248666 0.618673641 -5.486172482 0.286275 0.419608 0.152941
v -0.321364766 0.658031674 -5.436577644 0.329412 0.411765 0.156863
v -0.317880262 0.656623836 -5.439776284 0.329412 0.490196 0.352941
v -0.504817484 0.539099267 -5.574532024 0.262745 0.274510 0.184314
v -0.451460193 0.563956109 -5.550105000 0.321569 0.419608 0.192157
v -0.393472965 0.601259580 -5.505755515 0.309804 0.419608 0.168627
v -0.335328337 0.645654102 -5.450084797 0.309804 0.458824 0.250980
v -0.134261383 0.842205734 -5.188334904 0.427451 0.458824 0.450980
v -0.204905182 0.775841007 -5.275105141 0.435294 0.592157 0.458824
v -0.218172996 0.761488167 -5.294612559 0.470588 0.568627 0.443137
v -0.212925150 0.766817008 -5.286975778 0.454902 0.588235 0.466667
v -0.414517478 0.584354733 -5.523853834 0.321569 0.435294 0.172549
v -0.367412953 0.620191288 -5.479339599 0.274510 0.403922 0.129412
v -0.276705783 0.699843704 -5.375547198 0.349020 0.505882 0.337255
v -0.356296572 0.627840476 -5.469290865 0.337255 0.498039 0.301961
v -0.331019396 0.649657457 -5.441077893 0.286275 0.419608 0.196078
v -0.493855529 0.541307849 -5.568674443 0.345098 0.411765 0.219608
v -0.266444744 0.709634314 -5.362133485 0.376471 0.545098 0.407843
v -0.248090271 0.727986651 -5.336668367 0.325490 0.447059 0.188235
v -0.406489388 0.588217493 -5.516050661 0.305882 0.415686 0.168627
v -0.141042841 0.831408470 -5.196457991 0.447059 0.576471 0.447059
v -0.299700797 0.669517225 -5.413370367 0.443137 0.568627 0.450980
v -0.252932992 0.721055312 -5.341532270 0.384314 0.541176 0.372549
v -0.256932483 0.715938687 -5.348497771 0.392157 0.556863 0.411765
v -0.342370820 0.632969089 -5.458368577 0.349020 0.529412 0.384314
v -0.300724390 0.663207268 -5.420823716 0.670588 0.596078 0.600000
v -0.315581614 0.655813620 -5.428036024 0.658824 0.639216 0.490196
v -0.156600620 0.814623662 -5.215692441 0.407843 0.556863 0.364706
v -0.238615294 0.734142274 -5.321984178 0.411765 0.541176 0.368627
v -0.270851298 0.700648947 -5.367052084 0.360784 0.521569 0.333333
v -0.348736602 0.629053210 -5.460389647 0.270588 0.396078 0.121569
v -0.473458340 0.545728811 -5.558471595 0.341176 0.443137 0.203922
v -0.150576683 0.819190186 -5.208066150 0.411765 0.572549 0.403922
v -0.303842495 0.663334458 -5.416875285 0.466667 0.470588 0.258824
v -0.310234817 0.654491461 -5.429444643 0.356863 0.400000 0.298039
v -0.437396933 0.564030871 -5.538479511 0.282353 0.396078 0.145098
v -0.419744687 0.573706639 -5.526949070 0.278431 0.400000 0.141176
v -0.373938618 0.608738738 -5.483337619 0.337255 0.447059 0.239216
v -0.461431437 0.549550770 -5.553077646 0.305882 0.407843 0.176471
v -0.222702372 0.746900245 -5.300439749 0.415686 0.541176 0.372549
v -0.412769812 0.574616415 -5.524830269 0.329412 0.494118 0.337255
v -0.395963396 0.590516929 -5.503833852 0.325490 0.423529 0.180392
v -0.444337426 0.557219026 -5.542965430 0.301961 0.407843 0.156863
v -0.291683452 0.677335840 -5.392155703 0.321569 0.423529 0.152941
v -0.359444111 0.616317825 -5.470473631 0.282353 0.400000 0.137255
v -0.187958371 0.784142962 -5.247169442 0.403922 0.556863 0.376471
v -0.136345429 0.829414399 -5.187206868 0.384314 0.400000 0.341176
v -0.212537759 0.756107164 -5.284191339 0.396078 0.529412 0.321569
v -0.242799009 0.724350978 -5.327047058 0.474510 0.572549 0.439216
v -0.491266085 0.533495224 -5.562538322 0.356863 0.403922 0.235294
v -0.500520881 0.529727655 -5.565482226 0.274510 0.270588 0.215686
v -0.285400332 0.681088739 -5.383181040 0.317647 0.462745 0.247059
v -0.182667142 0.787943862 -5.238801945 0.411765 0.572549 0.427451
v -0.276512394 0.688571279 -5.372141446 0.341176 0.494118 0.298039
v -0.451362983 0.549510073 -5.546372376 0.305882 0.411765 0.168627
v -0.192631658 0.775815342 -5.253167325 0.427451 0.596078 0.458824
v -0.227196577 0.736570583 -5.306322720 0.435294 0.580392 0.462745
v -0.312573937 0.651263664 -5.418904907 0.713725 0.639216 0.537255
v -0.340989471 0.626900083 -5.450123649 0.325490 0.470588 0.286275
v -0.366815820 0.605642216 -5.476691902 0.360784 0.462745 0.266667
v -0.252037056 0.710553523 -5.338089714 0.466667 0.564706 0.443137
v -0.144650805 0.821318698 -5.188919879 0.427451 0.439216 0.368627
v -0.323169908 0.642928027 -5.427082279 0.341176 0.454902 0.270588
v -0.431341844 0.558563335 -5.532129014 0.321569 0.431373 0.164706
v -0.301702745 0.655502838 -5.411306191 0.623529 0.482353 0.458824
v -0.262943528 0.697702505 -5.353854467 0.392157 0.529412 0.392157
v -0.422531531 0.562265080 -5.526352160 0.286275 0.407843 0.137255
v -0.173978501 0.790152684 -5.228390767 0.388235 0.541176 0.364706
v -0.375233769 0.596254317 -5.485034758 0.352941 0.517647 0.360784
v -0.298456966 0.663499939 -5.398005969 0.360784 0.470588 0.282353
v -0.397604303 0.580671055 -5.502995375 0.290196 0.403922 0.145098
v -0.348986548 0.616353365 -5.458971210 0.396078 0.498039 0.356863
v -0.157219678 0.803651951 -5.209939342 0.333333 0.447059 0.152941
v -0.165643449 0.796231177 -5.219268718 0.384314 0.545098 0.356863
v -0.245469470 0.715007998 -5.327780857 0.498039 0.541176 0.415686
v -0.145320624 0.815406334 -5.193600724 0.341176 0.423529 0.156863
v -0.293258056 0.668078866 -5.389577284 0.313725 0.443137 0.211765
v -0.201011697 0.761394121 -5.263779045 0.325490 0.462745 0.196078
v -0.305856349 0.648610485 -5.416685069 0.780392 0.490196 0.545098
v -0.464445995 0.536638144 -5.550814276 0.345098 0.427451 0.207843
v -0.149260611 0.807999445 -5.201364019 0.423529 0.564706 0.427451
v -0.219219900 0.736647940 -5.295448027 0.388235 0.525490 0.321569
v -0.234654178 0.721803808 -5.311956658 0.419608 0.498039 0.325490
v -0.454197406 0.537632189 -5.546273782 0.301961 0.403922 0.160784
v -0.136209036 0.819961213 -5.179934107 0.282353 0.274510 0.254902
v -0.271364302 0.683290680 -5.362161630 0.470588 0.533333 0.439216
v -0.332857391 0.627860843 -5.434299440 0.388235 0.501961 0.403922
v -0.484384053 0.525288759 -5.556000804 0.207843 0.207843 0.168627
v -0.215129211 0.740070334 -5.285999815 0.392157 0.525490 0.301961
v -0.391072113 0.579215260 -5.495964609 0.278431 0.400000 0.125490
v -0.209942441 0.745411763 -5.277564215 0.403922 0.552941 0.364706
v -0.401677898 0.570701835 -5.505587228 0.301961 0.411765 0.141176
v -0.368887119 0.593896539 -5.477057978 0.278431 0.407843 0.113725
v -0.312474961 0.643650264 -5.411376435 0.662745 0.603922 0.501961
v -0.204240181 0.750803381 -5.267450858 0.364706 0.509804 0.294118
v -0.322282119 0.634706123 -5.421355759 0.305882 0.443137 0.321569
v -0.286850456 0.667697241 -5.377876441 0.325490 0.403922 0.160784
v -0.300807343 0.652571782 -5.396671099 0.384314 0.403922 0.192157
v -0.143094135 0.810391442 -5.184422290 0.341176 0.337255 0.305882
v -0.169959505 0.782670158 -5.221208318 0.403922 0.564706 0.407843
v -0.294774554 0.657895482 -5.386772580 0.411765 0.415686 0.203922
v -0.313093524 0.636834279 -5.415629714 0.290196 0.333333 0.239216
v -0.440844910 0.538903142 -5.536428405 0.309804 0.419608 0.184314
v -0.196906101 0.756171746 -5.254374055 0.380392 0.521569 0.278431
v -0.248800718 0.699123644 -5.331385021 0.450980 0.580392 0.454902
v -0.305320890 0.644053598 -5.403267609 0.521569 0.431373 0.290196
v -0.431381697 0.543542189 -5.529329547 0.325490 0.427451 0.156863
v -0.352728913 0.596623688 -5.466402364 0.345098 0.478431 0.258824
v -0.176744075 0.774308176 -5.228072892 0.411765 0.560784 0.372549
v -0.156732819 0.792162606 -5.203422750 0.309804 0.423529 0.133333
v -0.318066893 0.634439907 -5.412450720 0.341176 0.368627 0.156863
v -0.230327888 0.716535947 -5.303454550 0.325490 0.447059 0.207843
v -0.160078036 0.786019074 -5.209594826 0.411765 0.560784 0.380392
v -0.252919334 0.690078931 -5.337249342 0.400000 0.549020 0.380392
v -0.215366233 0.729489186 -5.283567288 0.396078 0.541176 0.368627
v -0.149929196 0.794313604 -5.196868617 0.384314 0.529412 0.376471
v -0.306461901 0.636719350 -5.407641258 0.686275 0.372549 0.431373
v -0.381338405 0.575289916 -5.484981585 0.294118 0.427451 0.137255
v -0.241310884 0.701422701 -5.320688413 0.403922 0.549020 0.400000
v -0.268753437 0.674713641 -5.354521474 0.415686 0.541176 0.407843
v -0.395119615 0.563924455 -5.497056126 0.301961 0.423529 0.145098
v -0.349231657 0.598313941 -5.453958391 0.282353 0.396078 0.121569
v -0.359792246 0.585571446 -5.471534998 0.321569 0.501961 0.349020
v -0.419777539 0.545173278 -5.519103988 0.305882 0.419608 0.145098
v -0.321139260 0.623840573 -5.419822850 0.368627 0.403922 0.325490
v -0.461250206 0.521419417 -5.544843800 0.345098 0.392157 0.231373
v -0.258364116 0.682356246 -5.342975563 0.411765 0.537255 0.380392
v -0.366968771 0.581376739 -5.475073185 0.341176 0.509804 0.352941
v -0.180847734 0.763898020 -5.230414480 0.427451 0.584314 0.423529
v -0.333141255 0.613939275 -5.429789690 0.247059 0.341176 0.090196
v -0.292377724 0.647710293 -5.386124554 0.384314 0.466667 0.305882
v -0.406492534 0.551928575 -5.507960777 0.309804 0.423529 0.141176
v -0.143832183 0.797658935 -5.184503304 0.380392 0.396078 0.380392
v -0.186313651 0.758301051 -5.235862406 0.341176 0.466667 0.196078
v -0.337970520 0.606715671 -5.437733218 0.345098 0.509804 0.376471
v -0.221754403 0.717092863 -5.290426780 0.301961 0.415686 0.137255
v -0.192082356 0.750801562 -5.243918612 0.341176 0.470588 0.203922
v -0.285817410 0.650803701 -5.379112124 0.341176 0.478431 0.286275
v -0.204764355 0.733448416 -5.265591122 0.435294 0.568627 0.423529
v -0.309996121 0.625878756 -5.409066411 0.458824 0.368627 0.313725
v -0.440024677 0.525222522 -5.534191326 0.352941 0.431373 0.235294
v -0.198185760 0.740780982 -5.253506926 0.313725 0.450980 0.172549
v -0.353012274 0.585113073 -5.461594923 0.341176 0.494118 0.309804
v -0.231509375 0.702196024 -5.306217109 0.392157 0.537255 0.317647
v -0.160691842 0.778083074 -5.202326803 0.372549 0.486275 0.227451
v -0.249308347 0.682524270 -5.331813071 0.403922 0.545098 0.372549
v -0.174781280 0.764503141 -5.219515393 0.341176 0.470588 0.192157
v -0.152615372 0.785732863 -5.190758170 0.372549 0.450980 0.192157
v -0.274333521 0.659582276 -5.360422652 0.372549 0.533333 0.372549
v -0.237815426 0.693132851 -5.315935822 0.427451 0.572549 0.443137
v -0.213347759 0.721190675 -5.277324089 0.423529 0.564706 0.407843
v -0.260870019 0.670410652 -5.345369149 0.380392 0.556863 0.396078
v -0.166442866 0.769977376 -5.210659703 0.411765 0.564706 0.400000
v -0.308750584 0.627430535 -5.399974591 0.627451 0.294118 0.294118
v -0.413526517 0.540424359 -5.509843230 0.423529 0.560784 0.439216
v -0.387861486 0.557919474 -5.488484805 0.313725 0.439216 0.192157
v -0.226037806 0.703839188 -5.298231352 0.396078 0.556863 0.407843
v -0.145964389 0.791531509 -5.178721168 0.411765 0.419608 0.423529
v -0.450326718 0.514681568 -5.538464656 0.207843 0.203922 0.160784
v -0.317351818 0.612139469 -5.419288934 0.282353 0.435294 0.301961
v -0.303489406 0.626728588 -5.399544223 0.486275 0.380392 0.333333
v -0.277972591 0.651354366 -5.366864131 0.360784 0.498039 0.321569
v -0.427823997 0.526730870 -5.524354019 0.305882 0.403922 0.168627
v -0.243508794 0.683183401 -5.323776976 0.415686 0.552941 0.396078
v -0.357467081 0.576137856 -5.464202413 0.337255 0.498039 0.345098
v -0.216888839 0.712183569 -5.283829453 0.403922 0.556863 0.396078
v -0.295905376 0.631395911 -5.391845822 0.345098 0.380392 0.164706
v -0.374920277 0.565505630 -5.475599456 0.309804 0.435294 0.203922
v -0.190212844 0.743896319 -5.237314129 0.341176 0.470588 0.207843
v -0.395405482 0.549557374 -5.493072754 0.341176 0.509804 0.349020
v -0.308939109 0.615054483 -5.411836067 0.250980 0.341176 0.180392
v -0.267981519 0.658163412 -5.353276064 0.368627 0.541176 0.372549
v -0.231934378 0.692256185 -5.307193859 0.411765 0.552941 0.341176
v -0.283135094 0.638571370 -5.377097719 0.337255 0.482353 0.309804
v -0.313915994 0.619760743 -5.397429395 0.415686 0.380392 0.203922
v -0.157903083 0.775230295 -5.188199943 0.411765 0.423529 0.392157
v -0.246296216 0.673260755 -5.326978341 0.407843 0.549020 0.368627
v -0.431725795 0.516279110 -5.527587211 0.309804 0.337255 0.192157
v -0.236848841 0.682460066 -5.314553158 0.400000 0.545098 0.388235
v -0.261279089 0.658949530 -5.345597287 0.376471 0.537255 0.349020
v -0.180609440 0.749868832 -5.220171154 0.309804 0.423529 0.117647
v -0.174763907 0.755833486 -5.212165036 0.313725 0.423529 0.109804
v -0.337258024 0.587430387 -5.437932563 0.309804 0.474510 0.313725
v -0.166984233 0.761422880 -5.203704074 0.317647 0.423529 0.113725
v -0.412694936 0.531900965 -5.505070382 0.352941 0.364706 0.286275
v -0.301896598 0.619097793 -5.395234808 0.466667 0.349020 0.211765
v -0.211730495 0.709022423 -5.275110153 0.415686 0.568627 0.392157
v -0.191318410 0.734096542 -5.240125836 0.376471 0.490196 0.294118
v -0.284950645 0.629208622 -5.380932046 0.345098 0.482353 0.321569
v -0.309587193 0.614694965 -5.397151161 0.666667 0.301961 0.286275
v -0.355851210 0.567921119 -5.458456387 0.329412 0.501961 0.329412
v -0.216063840 0.699261966 -5.284631481 0.423529 0.572549 0.400000
v -0.328135897 0.589862734 -5.429851333 0.278431 0.443137 0.262745
v -0.254681215 0.659600556 -5.337585828 0.392157 0.564706 0.392157
v -0.421269590 0.517990364 -5.517867073 0.211765 0.211765 0.117647
v -0.206493297 0.711762384 -5.264660746 0.317647 0.450980 0.160784
v -0.301491459 0.600454840 -5.417946069 0.172549 0.313725 0.152941
v -0.342335721 0.577823552 -5.442411958 0.329412 0.486275 0.298039
v -0.193460972 0.724354268 -5.245792651 0.443137 0.588235 0.407843
v -0.382516459 0.545161720 -5.481176549 0.266667 0.380392 0.109804
v -0.368265730 0.558239107 -5.464059610 0.337255 0.513725 0.349020
v -0.223708144 0.686967106 -5.295722865 0.403922 0.568627 0.427451
v -0.313629609 0.594401186 -5.419273678 0.227451 0.364706 0.172549
v -0.300732616 0.608140792 -5.400452410 0.360784 0.384314 0.290196
v -0.314470898 0.610584301 -5.391685270 0.364706 0.360784 0.172549
v -0.377496032 0.549152490 -5.473093482 0.176471 0.207843 0.156863
v -0.303240562 0.602982866 -5.404757290 0.474510 0.529412 0.431373
v -0.265761410 0.641470344 -5.352478322 0.360784 0.521569 0.364706
v -0.278289955 0.627568702 -5.371443541 0.368627 0.537255 0.368627
v -0.234233663 0.672676006 -5.310482150 0.403922 0.537255 0.325490
v -0.183068904 0.734720233 -5.223089847 0.313725 0.431373 0.109804
v -0.282221429 0.613327058 -5.391361386 0.396078 0.552941 0.415686
v -0.195409528 0.715175368 -5.250563433 0.443137 0.592157 0.407843
v -0.242523809 0.662792258 -5.321911476 0.415686 0.572549 0.388235
v -0.187211949 0.727958761 -5.231215590 0.333333 0.458824 0.180392
v -0.155756344 0.762216292 -5.182338385 0.301961 0.301961 0.294118
v -0.209115268 0.697719352 -5.271039177 0.431373 0.584314 0.431373
v -0.356283865 0.559345423 -5.453089981 0.313725 0.486275 0.321569
v -0.167701365 0.749868817 -5.197393202 0.341176 0.450980 0.125490
v -0.348313703 0.564895556 -5.445512209 0.309804 0.482353 0.301961
v -0.259175429 0.642281462 -5.344723625 0.364706 0.537255 0.356863
v -0.365693079 0.548956698 -5.463592914 0.384314 0.521569 0.329412
v -0.334343707 0.571354239 -5.436069412 0.313725 0.466667 0.270588
v -0.319209336 0.593603828 -5.403186646 0.298039 0.372549 0.113725
v -0.268526141 0.631543228 -5.356452828 0.372549 0.529412 0.356863
v -0.170303515 0.741896700 -5.203783555 0.462745 0.607843 0.466667
v -0.404225517 0.527900953 -5.483060579 0.270588 0.419608 0.274510
v -0.397987709 0.527021094 -5.486108115 0.262745 0.266667 0.168627
v -0.175664738 0.732951661 -5.216166588 0.450980 0.603922 0.400000
v -0.302135252 0.591435392 -5.409441808 0.203922 0.207843 0.188235
v -0.201795215 0.701729043 -5.258976396 0.450980 0.607843 0.450980
v -0.292404669 0.602674316 -5.393338560 0.239216 0.282353 0.164706
v -0.222198895 0.676182476 -5.293933992 0.400000 0.537255 0.364706
v -0.271868017 0.624773064 -5.363087064 0.372549 0.533333 0.376471
v -0.309135148 0.594883379 -5.400285408 0.427451 0.356863 0.274510
v -0.306344437 0.589509460 -5.409337045 0.427451 0.494118 0.396078
v -0.158644907 0.753386567 -5.185241494 0.262745 0.270588 0.196078
v -0.394600173 0.529806036 -5.479435293 0.200000 0.200000 0.156863
v -0.325056530 0.572835928 -5.430110272 0.258824 0.423529 0.235294
v -0.364016175 0.549347702 -5.455012990 0.325490 0.505882 0.333333
v -0.318169672 0.576175902 -5.424599068 0.235294 0.364706 0.180392
v -0.319227824 0.599861656 -5.385018295 0.478431 0.435294 0.250980
v -0.275184838 0.611007097 -5.380104118 0.396078 0.560784 0.431373
v -0.381163375 0.534276425 -5.472749231 0.254902 0.258824 0.141176
v -0.312047056 0.596063522 -5.392245279 0.741176 0.447059 0.427451
v -0.373102904 0.541146133 -5.463644981 0.262745 0.313725 0.223529
v -0.233737147 0.661028237 -5.309022687 0.333333 0.470588 0.215686
v -0.255219760 0.633895553 -5.341031722 0.388235 0.549020 0.380392
v -0.323669717 0.583870760 -5.400475500 0.286275 0.376471 0.109804
v -0.322661554 0.589291047 -5.391790459 0.254902 0.360784 0.098039
v -0.173238997 0.731982194 -5.203288205 0.341176 0.435294 0.121569
v -0.263235955 0.623956342 -5.352639651 0.388235 0.537255 0.341176
v -0.332021396 0.561474106 -5.432302301 0.239216 0.341176 0.180392
v -0.313613068 0.578499737 -5.409779183 0.301961 0.376471 0.243137
v -0.199745837 0.695678580 -5.252191810 0.301961 0.419608 0.101961
v -0.186413011 0.712475038 -5.228238479 0.454902 0.584314 0.364706
v -0.357961990 0.547230220 -5.446152239 0.215686 0.290196 0.211765
v -0.163141225 0.740913398 -5.187030069 0.239216 0.258824 0.235294
v -0.210034915 0.675733257 -5.279287094 0.419608 0.552941 0.352941
v -0.317709237 0.584433003 -5.396047250 0.584314 0.329412 0.376471
v -0.206225689 0.680889303 -5.270677897 0.415686 0.560784 0.400000
v -0.269593259 0.607309733 -5.371436950 0.415686 0.568627 0.415686
v -0.183665728 0.716910733 -5.217352895 0.317647 0.431373 0.094118
v -0.200536580 0.688718065 -5.258543134 0.439216 0.580392 0.400000
v -0.244132810 0.639876373 -5.325384631 0.400000 0.556863 0.384314
v -0.280830836 0.595176278 -5.386328044 0.203922 0.223529 0.141176
v -0.237840781 0.643627642 -5.316414125 0.403922 0.572549 0.427451
v -0.193519797 0.694754392 -5.245754300 0.454902 0.596078 0.423529
v -0.175133161 0.719934100 -5.209680151 0.490196 0.631373 0.517647
v -0.317157436 0.561274366 -5.426613384 0.352941 0.349020 0.278431
v -0.323815223 0.591829201 -5.374136508 0.345098 0.423529 0.207843
v -0.188133271 0.709299708 -5.222724913 0.317647 0.435294 0.090196
v -0.384468605 0.529595691 -5.457322655 0.188235 0.243137 0.145098
v -0.365170048 0.539714521 -5.445907719 0.278431 0.423529 0.286275
v -0.374979984 0.534386936 -5.451262530 0.341176 0.494118 0.254902
v -0.169479427 0.728505777 -5.194681138 0.352941 0.372549 0.341176
v -0.255911750 0.620973742 -5.344871409 0.380392 0.556863 0.400000
v -0.316712498 0.575319170 -5.400362314 0.403922 0.454902 0.345098
v -0.170133305 0.723192487 -5.201386860 0.419608 0.490196 0.337255
v -0.319374879 0.581652205 -5.386512070 0.313725 0.333333 0.203922
v -0.215654989 0.659694700 -5.289453032 0.392157 0.556863 0.349020
v -0.320810426 0.560884856 -5.418221215 0.219608 0.349020 0.192157
v -0.179735570 0.711144740 -5.213214578 0.427451 0.545098 0.443137
v -0.259162858 0.611147871 -5.353084821 0.407843 0.560784 0.415686
v -0.244712682 0.629209454 -5.327779414 0.372549 0.505882 0.286275
v -0.331170147 0.584390527 -5.374161611 0.627451 0.529412 0.376471
v -0.231444679 0.642356124 -5.309560455 0.392157 0.541176 0.325490
v -0.346033049 0.545756575 -5.432341771 0.294118 0.388235 0.294118
v -0.223895648 0.649800752 -5.298637622 0.388235 0.545098 0.360784
v -0.201607247 0.676610718 -5.260815407 0.298039 0.419608 0.121569
v -0.320904092 0.564410670 -5.406045000 0.388235 0.294118 0.223529
v -0.334023250 0.549135134 -5.426706354 0.317647 0.368627 0.298039
v -0.182714303 0.708675713 -5.210148863 0.333333 0.431373 0.109804
v -0.260774544 0.602814974 -5.359857394 0.423529 0.521569 0.415686
v -0.193726487 0.679008427 -5.254236715 0.478431 0.615686 0.427451
v -0.266098212 0.597054835 -5.366454426 0.325490 0.372549 0.227451
v -0.201161052 0.668949338 -5.267742840 0.447059 0.584314 0.400000
v -0.173801923 0.716622725 -5.197640055 0.317647 0.356863 0.231373
v -0.238335771 0.627941097 -5.320911582 0.403922 0.552941 0.364706
v -0.207477142 0.659128234 -5.278974009 0.400000 0.556863 0.352941
v -0.193224079 0.682521860 -5.243867559 0.317647 0.427451 0.125490
v -0.196332182 0.675546080 -5.252668036 0.313725 0.423529 0.121569
v -0.193363747 0.671966607 -5.259326224 0.403922 0.470588 0.376471
v -0.336879593 0.572409922 -5.377797710 0.286275 0.380392 0.137255
v -0.188330776 0.680823866 -5.243428019 0.505882 0.627451 0.474510
v -0.187050682 0.691792391 -5.223498064 0.454902 0.541176 0.443137
v -0.321221805 0.557219604 -5.403131736 0.223529 0.027451 0.047059
v -0.203742966 0.659430468 -5.270547851 0.333333 0.423529 0.156863
v -0.186115906 0.698120860 -5.210671159 0.321569 0.372549 0.149020
v -0.189398174 0.671618788 -5.249796442 0.435294 0.529412 0.454902
v -0.251031380 0.601924888 -5.345082883 0.235294 0.254902 0.160784
v -0.214396458 0.642731310 -5.287236536 0.325490 0.427451 0.164706
v -0.197973210 0.661614740 -5.260973331 0.352941 0.411765 0.172549
v -0.182996758 0.700694797 -5.200623051 0.278431 0.282353 0.247059
v -0.188648751 0.678274951 -5.233777844 0.368627 0.427451 0.176471
v -0.204739870 0.650524935 -5.274453917 0.341176 0.423529 0.203922
v -0.222187577 0.632298783 -5.298001887 0.309804 0.345098 0.239216
v -0.239859392 0.611840615 -5.325959402 0.200000 0.219608 0.149020
v -0.344498343 0.566410772 -5.363521178 0.309804 0.396078 0.156863
v -0.228810840 0.620865349 -5.308009278 0.360784 0.407843 0.247059
v -0.187952800 0.667368454 -5.242122591 0.266667 0.290196 0.168627
v -0.205963766 0.641665187 -5.278210994 0.207843 0.227451 0.141176
vn -0.224291553 -0.524116408 0.821580970
vn -0.399002806 -0.428511293 0.810663205
vn -0.419791608 -0.134377566 0.897617778
vn -0.611813312 -0.102642914 0.784314289
vn -0.334772154 -0.212429495 0.918042109
vn -0.568278941 0.226247820 0.791120073
vn -0.409056948 -0.071624632 0.909693534
vn -0.423195971 0.151149813 0.893341426
vn -0.811771732 0.059635447 0.580921912
vn -0.413804389 0.841076028 -0.348363376
vn -0.236947646 0.391977851 0.888937106
vn -0.629310757 0.239261122 0.739406577
vn -0.940765503 0.014884576 0.338731041
vn -0.963577743 -0.095006893 0.249983248
vn -0.039152521 0.134777953 0.990102007
vn -0.368710434 0.043952428 0.928504604
vn -0.963671375 0.261133546 -0.056095910
vn -0.365898279 0.431401303 0.824628016
vn -0.479759067 0.464891329 0.744115105
vn -0.583005893 0.412134828 0.700177844
vn -0.192237876 0.294153130 0.936225686
vn -0.750972562 -0.107894412 0.651459137
vn -0.779677507 -0.188792411 0.597043057
vn -0.621200067 0.191088541 0.759997136
vn -0.082085425 0.372959445 0.924209519
vn -0.950090773 -0.098848726 0.295899396
vn -0.607038834 -0.009045241 0.794620688
vn -0.902981778 -0.408506388 0.133215765
vn -0.733134994 0.271529100 0.623526285
vn -0.653744493 -0.034791184 0.755915148
vn -0.645529369 -0.029236161 0.763175655
vn -0.505396978 -0.263505579 0.821668245
vn -0.123897722 0.346048343 0.929999945
vn -0.598240611 -0.628768775 0.496747420
vn -0.818462391 0.187572200 0.543080091
vn -0.710224266 -0.060935971 0.701333230
vn -0.756765602 0.363836873 0.543073248
vn -0.443365725 -0.428424270 0.787324253
vn -0.789008691 0.126534098 0.601210784
vn -0.024050716 0.251435088 0.967575299
vn -0.768537240 0.251759882 0.588189997
vn -0.855159316 0.121567496 0.503908610
vn -0.991100841 0.120401769 0.056767392
vn -0.446036205 -0.164202105 0.879823490
vn -0.270177177 0.166560114 0.948294269
vn -0.821727644 0.176006886 0.542019608
vn -0.411999288 0.439258770 0.798315927
vn -0.368727542 -0.594930719 0.714211061
vn -0.485633304 -0.539863824 0.687537159
vn -0.837967101 0.043548228 0.543980412
vn -0.741173579 -0.053812921 0.669153118
vn -0.765799432 -0.261206776 0.587641260
vn -0.998892282 -0.016585548 0.044035536
vn -0.681619257 0.071943914 0.728161563
vn -0.838919014 -0.277421371 0.468243816
vn -0.496403998 -0.018528977 0.867893857
vn -0.409207426 -0.250289586 0.877441967
vn -0.920528665 -0.175858464 0.348856384
vn -0.866679731 -0.065703275 0.494519285
vn -0.268104461 0.362152487 0.892729284
vn -0.894106078 -0.172534463 0.413287044
vn -0.908491963 -0.008495302 0.417815969
vn -0.916678820 0.081522409 0.391221214
vn -0.853799085 -0.356447010 0.379437282
vn -0.726920471 -0.242043562 0.642651961
vn -0.149303532 0.118060432 0.981717979
vn -0.554555936 -0.510593824 0.657085733
vn -0.838061321 0.047788419 0.543479060
vn -0.351872576 0.478090952 0.804745135
vn -0.602148704 0.121591055 0.789070690
vn -0.464815335 0.171624305 0.868614876
vn -0.905753036 -0.235548626 0.352318438
vn -0.854426195 -0.106184732 0.508606606
vn -0.945451228 -0.151081811 0.288610919
vn -0.866601122 -0.224016590 0.445891312
vn -0.871418536 -0.212814237 0.441972664
vn -0.746285461 -0.053163608 0.663499542
vn -0.653445779 -0.015366018 0.756817349
vn -0.944776103 -0.128720592 0.301378705
vn -0.430015603 0.194732795 0.881570031
vn -0.783518024 -0.458439677 0.419443164
vn -0.824786167 -0.498627237 0.266643315
vn -0.869703563 -0.005553659 0.493543179
vn -0.756160106 0.010420887 0.654303675
vn -0.908333090 -0.122771603 0.399822624
vn -0.478789931 -0.058051413 0.876008125
vn -0.663240455 0.046609618 0.746953574
vn -0.356345376 0.053022367 0.932848649
vn -0.944758005 0.102054326 0.311475885
vn -0.523280594 0.115268886 0.844328434
vn -0.832718112 -0.089835883 0.546360742
vn -0.851618706 0.134593094 0.506586892
vn -0.919725338 -0.172996383 0.352388356
vn -0.467888540 -0.136645531 0.873159958
vn -0.814706798 -0.008658425 0.579808473
vn -0.681698143 0.312789167 0.661400468
vn -0.947965669 0.151722838 0.279895108
vn -0.320858326 0.512359442 0.796578770
vn -0.714404693 -0.311871253 0.626388262
vn -0.359290100 0.102650251 0.927563232
vn -0.953341238 -0.261398925 0.151033395
vn -0.941840311 0.052740031 0.331896547
vn -0.840034106 0.063451487 0.538810366
vn -0.826922725 -0.454436277 0.331189489
vn 0.003478863 0.650343393 0.759632391
vn -0.712256327 0.196146419 0.673956606
vn -0.993774252 0.104009344 0.039934865
vn -0.572767380 -0.537689171 0.618730866
vn -0.995005321 0.093169666 0.035830507
vn -0.771925233 -0.142451281 0.619547470
vn -0.504158962 0.083830322 0.859532558
vn -0.853102628 -0.233659382 0.466496730
vn -0.267579025 -0.013223365 0.963445176
vn -0.908968955 -0.182729298 0.374680454
vn -0.889724735 0.320734573 0.324837234
vn -0.804544527 0.247447373 0.539886934
vn -0.932384259 0.213996946 0.291315808
vn -0.576953760 0.602017736 0.551995475
vn -0.689922251 -0.009587846 0.723819978
vn -0.638086191 -0.001888443 0.769962627
vn -0.588067710 -0.316053649 0.744504170
vn -0.727189634 -0.372421788 0.576625744
vn -0.775879167 0.031015288 0.630118695
vn -0.878377118 -0.080511828 0.471138498
vn -0.552941690 -0.498222805 0.667854418
vn -0.602712491 -0.533619855 0.593285348
vn -0.839896751 0.131559506 0.526560104
vn -0.810575953 -0.225655060 0.540413192
vn -0.464024664 0.200309742 0.862877232
vn -0.855609283 0.001974422 0.517618447
vn -0.768940667 -0.335399429 0.544277019
vn -0.988351670 0.015153410 0.151431011
vn -0.911690613 -0.186492015 -0.366116039
vn -0.813494805 0.200653239 0.545861228
vn -0.657964002 -0.266911524 0.704160217
vn -0.854367654 0.434232401 0.285478778
vn -0.965371760 0.101160497 0.240466046
vn -0.593276129 -0.447305731 0.669283959
vn -0.700467111 0.435062759 0.565743954
vn -0.759411368 0.069858577 0.646849405
vn -0.940784498 0.060953189 0.333480489
vn -0.650320945 -0.002689664 0.759654813
vn -0.948021128 -0.267970638 0.171603257
vn -0.986335503 -0.104220951 -0.127594160
vn -0.801402904 0.204723384 0.561997972
vn -0.524709123 -0.153616597 0.837306561
vn -0.685858864 0.053578297 0.725759592
vn -0.975163910 0.195767138 0.103588491
vn -0.646052025 0.699037755 0.306533844
vn -0.957357685 -0.268185630 0.107437105
vn -0.793831065 -0.383895801 0.471652684
vn -0.679798463 0.003245068 0.733391791
vn -0.977619405 0.155249386 0.141978614
vn -0.984044429 0.047846889 0.171368718
vn -0.586804319 -0.240678468 0.773132955
vn -0.579220907 0.005127178 0.815154497
vn -0.641289314 -0.073469264 0.763773712
vn -0.781096178 -0.000344419 0.624410635
vn -0.898997953 0.431976913 -0.072101511
vn -0.658815687 -0.440633634 0.609757240
vn -0.902903399 0.237419872 0.358325630
vn -0.982528502 0.068428287 -0.173076029
vn -0.798525778 -0.197484915 0.568644256
vn -0.923479011 0.381095815 0.044187050
vn -0.791372038 -0.115586391 0.600308324
vn -0.969823279 0.010027104 0.243602678
vn -0.849827954 0.258667268 0.459220745
vn -0.802036270 0.071634449 0.592964019
vn -0.990878072 0.099428482 -0.090964952
vn -0.585983630 -0.087837057 0.805548159
vn -0.918726552 0.394893558 -0.000774612
vn -0.729018054 -0.082562129 0.679496999
vn -0.513002779 -0.200162086 0.834723480
vn -0.576642142 -0.246760963 0.778840720
vn -0.810185615 -0.057444592 0.583351857
vn -0.590389019 -0.250232119 0.767349134
vn -0.698884537 -0.042865072 0.713948871
vn -0.729271191 -0.160774695 0.665067687
vn -0.852765773 0.315594932 0.416161477
vn -0.995388555 0.061281319 0.073798534
vn -0.714021228 -0.295100899 0.634893019
vn -0.602458517 0.621140255 0.501227013
vn -0.337900270 -0.158150353 0.927799479
vn -0.987226849 -0.142909320 0.070427793
vn -0.448269382 0.087713431 0.889584687
vn -0.896028690 0.300229262 0.327100865
vn -0.915367715 -0.400661783 0.039649478
vn -0.845762645 0.132508029 0.516843468
vn -0.809047252 -0.069771575 0.583587586
vn -0.904320085 0.210442707 0.371374544
vn -0.971873120 0.211563290 0.103458263
vn -0.811271109 -0.108740596 0.574469033
vn -0.777069684 0.504027910 0.376986169
vn -0.844308669 0.513795392 -0.152174792
vn -0.519620422 -0.064230789 0.851979473
vn -0.782813617 0.286036813 0.552617211
vn -0.385797675 0.329140924 0.861873776
vn -0.827841613 0.099454358 0.552075262
vn -0.805842481 -0.047082604 0.590255135
vn -0.694981198 -0.129962238 0.707185231
vn -0.481777937 -0.312982575 0.818493694
vn -0.874738674 0.433856094 0.215872976
vn -0.609695285 0.178722548 0.772224003
vn -0.946877402 0.298858757 0.118771329
vn -0.443274276 0.079310910 0.892870481
vn -0.858379359 0.511903346 -0.033761506
vn -0.649471430 0.566177371 0.507572701
vn -0.780892032 -0.063000739 0.621480926
vn -0.943258006 0.282457937 0.174590517
vn -0.694749380 -0.609391709 0.382053719
vn -0.760221334 0.291258847 0.580716633
vn -0.595134683 -0.597253830 0.537682595
vn -0.814695423 0.317849411 0.485018679
vn -0.925351591 0.210849083 0.315066814
vn -0.951888946 0.284231573 0.114541904
vn -0.825285959 -0.000510689 0.564714818
vn -0.561440265 -0.339321435 0.754748828
vn -0.853984179 -0.037399509 0.518953079
vn -0.612542282 -0.068365803 0.787475758
vn -0.819030053 -0.064539905 0.570109089
vn -0.440335666 -0.069981143 0.895101749
vn -0.950215538 0.023943786 0.310672056
vn -0.827540902 -0.022764977 0.560943680
vn -0.708248704 -0.484111686 0.513828423
vn -0.175798896 0.175465396 0.968662296
vn -0.530037040 0.404745851 0.745145310
vn -0.964957230 -0.030252542 0.260657493
vn -0.076137269 -0.075563478 0.994229992
vn -0.511490812 -0.684946754 0.518869052
vn -0.641100898 -0.550226577 0.535014348
vn -0.904540596 0.094767414 0.415722801
vn -0.876677170 -0.143124252 0.459295752
vn -0.642974330 -0.199012941 0.739579516
vn -0.889594211 0.182884212 0.418539729
vn -0.726752033 0.345479807 0.593696207
vn -0.936800291 0.145995746 0.317947254
vn -0.560514568 0.256670228 0.787365108
vn -0.806857113 -0.066746458 0.586963806
vn -0.520518488 0.297418273 0.800376708
vn -0.561404158 0.607411797 0.562028718
vn -0.838554903 0.013170913 0.544657875
vn -0.796300842 0.029298560 0.604190833
vn -0.346665365 0.318473753 0.882268436
vn -0.498687001 -0.273702847 0.822434208
vn -0.319841820 -0.364020491 0.874751560
vn -0.958166236 -0.002474715 0.286201573
vn -0.633217906 -0.349161552 0.690739672
vn -0.117551189 0.176001697 0.977345958
vn -0.942480583 0.130798972 0.307606858
vn -0.516229842 -0.585022577 0.625504064
vn -0.722830997 -0.223359239 0.653931189
vn -0.897285869 -0.143109511 0.417609551
vn -0.918286673 -0.272912605 0.286824503
vn -0.405717452 0.209874680 0.889576286
vn -0.751146777 -0.085845971 0.654529594
vn -0.765878094 0.285548001 0.576101627
vn -0.719808976 -0.004347276 -0.694158584
vn -0.493561081 0.027475323 0.869277037
vn -0.696958011 0.171841357 0.696218414
vn -0.849329535 0.156935575 0.503994609
vn -0.784828614 -0.023657482 0.619261149
vn -0.795153277 -0.013641328 0.606255046
vn -0.846861751 0.010295664 0.531713432
vn -0.836147655 0.025983057 0.547888657
vn -0.905229817 0.184483462 0.382785619
vn -0.872247271 -0.105938732 0.477453331
vn -0.967831149 0.247415096 0.045701604
vn -0.730316235 0.409957953 0.546418040
vn -0.807730673 0.041021424 0.588122778
vn -0.799967222 0.097973656 0.591991221
vn -0.793600151 -0.134477594 0.593392431
vn -0.391612845 0.009935044 0.920076450
vn -0.931107499 -0.092184616 0.352903418
vn -0.862819921 -0.181240074 -0.471904461
vn -0.732089891 -0.041949925 0.679915138
vn -0.938438022 -0.198907266 0.282435796
vn -0.707232679 0.687596617 0.164416634
vn -0.988421901 0.044793030 0.144968034
vn -0.891722340 0.162453015 0.422421929
vn -0.677095179 0.187220395 0.711681560
vn -0.534463722 0.329740635 0.778215680
vn -0.599183184 0.397946794 0.694707033
vn -0.843454880 0.310795455 -0.438166692
vn -0.815807208 0.065812030 0.574567120
vn -0.251373604 0.244984269 0.936372799
vn -0.765944568 0.464870324 0.444099651
vn -0.784891028 -0.093879340 0.612480810
vn -0.804256450 -0.065353816 0.590677950
vn -0.965911951 0.241150171 -0.094131279
vn -0.661849894 0.178513239 0.728071247
vn -0.773287761 0.006862705 0.634018093
vn -0.539200999 -0.199593620 0.818183763
vn -0.628494868 0.385040748 0.675823811
vn -0.849113390 -0.185481200 0.494573731
vn -0.831231598 0.496172730 0.250732234
vn -0.844240439 -0.137184354 0.518110543
vn -0.859122466 -0.013485144 0.511592356
vn -0.937024800 -0.135257870 0.322009056
vn -0.941433899 0.025880194 0.336202960
vn -0.740960641 0.213287077 0.636777788
vn -0.965788760 -0.183094346 -0.183653291
vn -0.898325395 0.080615432 0.431871088
vn -0.587811505 0.164005617 0.792199339
vn -0.774488295 0.228908775 0.589719131
vn -0.976692782 -0.186559262 0.106145429
vn -0.468415284 -0.075800257 0.880250784
vn -0.633650682 0.444335705 0.633287134
vn -0.508359810 0.568779378 0.646575844
vn -0.816925771 -0.146776452 0.557753493
vn -0.586254772 -0.064392548 0.807563584
vn -0.921779042 -0.155210125 0.355293140
vn -0.826999753 -0.104779631 0.552351914
vn -0.708055219 0.675818971 0.204759678
vn -0.539445101 -0.325546753 0.776542526
vn -0.875179027 0.008796737 0.483719224
vn -0.638621806 -0.243703927 0.729911355
vn -0.899584876 0.120720645 0.419730362
vn -0.687102395 0.237397304 0.686682474
vn -0.804508776 0.019415780 0.593623329
vn -0.741013880 -0.104456872 0.663315304
vn -0.607984623 0.150248070 0.779602601
vn -0.901665965 -0.006146719 0.432389530
vn -0.786371287 0.249356251 0.565191701
vn -0.652182987 -0.311216915 0.691231787
vn -0.895954999 0.104209539 0.431746467
vn -0.455236079 0.607474799 0.650948908
vn -0.899017091 -0.330706972 0.287056039
vn -0.805197074 0.189463766 0.561926288
vn -0.564300457 -0.296893368 0.770337148
vn -0.881199383 0.461156916 -0.104028584
vn -0.706549312 0.272910177 0.652922741
vn -0.918258021 0.357098543 0.171122289
vn -0.912109364 -0.098847909 0.397851226
vn -0.996878913 0.017874403 0.076895635
vn -0.999960547 0.004317192 0.007763086
vn -0.931569089 0.018680235 0.363084124
vn -0.495726688 0.719846604 0.485876443
vn -0.874251403 -0.100027991 0.475056718
vn -0.793376384 0.039233322 0.607465768
vn -0.722306675 0.031941354 0.690834869
vn -0.668136335 0.183200504 0.721132036
vn -0.714050794 0.389673575 0.581623563
vn -0.671714905 0.224663202 0.705921760
vn -0.909815136 -0.121552192 0.396814166
vn -0.912666047 -0.106451038 0.394599624
vn -0.467570637 -0.232094518 0.852941871
vn -0.960089287 -0.040714512 0.276714455
vn -0.765312584 0.470677684 0.439043469
vn -0.888557121 0.044934840 0.456560075
vn -0.700280982 0.274943152 0.658796485
vn -0.767420488 -0.001290455 0.641142831
vn -0.991047666 0.121462643 -0.055419764
vn -0.556587846 0.158046236 0.815617163
vn -0.525107130 0.589683563 0.613625128
vn -0.902843513 -0.179542821 -0.390689091
vn -0.996445496 0.081900336 0.019715703
vn -0.919027720 0.083832424 0.385175512
vn -0.800661254 -0.195887678 0.566188639
vn -0.474342171 0.138393151 0.869394526
vn -0.540379906 0.319151337 0.778544784
vn -0.851466491 0.432755800 0.296187834
vn -0.609046625 -0.163241666 0.776153572
vn -0.814077285 0.001219675 0.580755272
vn -0.908053808 -0.253337024 0.333554546
vn -0.747964565 0.171800778 0.641118946
vn -0.585141502 0.809863825 0.041593362
vn -0.463640712 -0.204023894 0.862213165
vn -0.979305555 0.202132279 0.010157397
vn -0.364606151 0.057627812 0.929376883
vn -0.402476953 0.144347100 0.903977996
vn -0.745402931 -0.059308840 0.663970580
vn -0.710984665 -0.267404328 0.650381220
vn -0.083431132 0.588222719 0.804383788
vn -0.981793156 -0.176244614 0.070852204
vn -0.772107995 -0.086213128 0.629616185
vn -0.943754110 0.329726525 -0.024669807
vn -0.720886501 -0.035745852 0.692130686
vn -0.853909101 -0.078514320 0.514465499
vn -0.795075292 0.220619195 0.564962345
vn -0.575382569 -0.290653064 0.764497022
vn -0.860173748 0.094489050 0.501171571
vn -0.697019102 0.278999503 0.660547991
vn -0.788514485 -0.286107176 0.544414906
vn -0.816711824 0.109487361 0.566563601
vn -0.897325243 -0.102133730 0.429390392
vn -0.838659749 0.231793749 -0.492870655
vn -0.745893708 0.093926368 0.659409140
vn -0.938011974 -0.100627967 0.331673858
vn -0.705972195 -0.161374232 0.689609757
vn -0.791393721 0.052728874 0.609028443
vn -0.994829650 -0.098212882 0.025849512
vn -0.950483152 0.014442030 0.310440341
vn -0.847325951 0.123107142 0.516607554
vn -0.551339874 -0.342653075 0.760666296
vn -0.467756119 0.113685356 0.876515746
vn -0.780721830 0.067584397 0.621213146
vn -0.883630441 0.016827872 0.467882535
vn -0.226181246 -0.253650296 0.940480500
vn -0.811272747 -0.043756250 0.583028233
vn -0.870032503 0.005845048 0.492959713
vn -0.758591035 0.126603487 0.639148808
vn -0.667927070 0.053455384 0.742304487
vn -0.959493977 -0.145752915 0.241096237
vn -0.353726704 -0.140976987 0.924663673
vn -0.666792332 0.132373997 0.733392877
vn -0.818230640 0.221642983 0.530446046
vn -0.535892975 0.162737376 0.828453539
vn -0.757828546 -0.421704342 0.497856749
vn -0.398347072 0.057651335 0.915421178
vn -0.696457967 0.353347161 0.624573522
vn -0.970503749 0.027770210 0.239481290
vn -0.307276604 -0.489006463 0.816366197
vn -0.717183060 0.163787633 0.677364060
vn -0.318508262 -0.393011300 0.862609184
vn -0.793650620 0.136393031 0.592887540
vn -0.851508909 0.244913140 0.463627146
vn -0.846717069 0.023985713 0.531502485
vn -0.770108869 0.338974790 0.540396541
vn -0.249841821 -0.568146122 0.784084848
vn -0.360660721 -0.679180681 0.639247563
vn -0.741888811 -0.069321179 0.666929956
vn -0.488989743 0.089027144 0.867734521
vn -0.503700073 0.009140144 0.863830246
vn -0.283934950 0.384011212 0.878587693
vn -0.997881856 -0.008398651 0.064507855
vn -0.882112322 0.399823500 0.249036184
vn -0.827416294 0.027021358 0.560938609
vn -0.955346900 -0.230019971 0.185480765
vn -0.693681547 -0.006606708 0.720251527
vn -0.507046415 -0.414178818 0.755883483
vn -0.382241674 0.754711213 0.533200045
vn -0.854150938 0.258345065 0.451313640
vn -0.887959680 -0.111149890 0.446288369
vn -0.835383249 0.260512291 0.484012576
vn -0.942068108 0.058232720 0.330328065
vn -0.819312353 -0.158782547 0.550922292
vn -0.557660050 0.686470015 0.466662819
vn -0.760250211 0.050824620 0.647639154
vn -0.950149714 -0.221999704 0.218932986
vn -0.492745605 -0.341174315 0.800501003
vn -0.173562455 -0.112496504 0.978376518
vn -0.365587868 -0.272783126 0.889907229
vn -0.731695454 0.032210210 0.680870227
vn -0.917711235 0.167557942 0.360181100
vn -0.880920159 0.164030497 0.443929802
vn -0.657547343 0.273212502 0.702129917
vn -0.903081359 0.068102413 0.424035517
vn -0.512947220 -0.447594499 0.732491853
vn -0.813674290 0.170216431 0.555842168
vn -0.333668745 0.713753750 0.615809023
vn -0.468614001 0.825904207 0.313501449
vn -0.819821292 -0.046409837 0.570735644
vn -0.641514732 0.050004257 0.765479211
vn -0.175531381 -0.287074485 0.941688364
vn -0.200240976 0.410480542 0.889611868
vn -0.701423068 0.084907833 0.707669654
vn -0.728625952 0.018169898 0.684670780
vn -0.765934319 0.187448256 0.614985992
vn -0.822395263 -0.055418441 0.566210939
vn -0.812670535 0.190634840 0.550658660
vn -0.602574749 0.206462067 0.770893694
vn -0.986807483 -0.106997735 0.121500935
vn -0.805567845 0.019085019 0.592196090
vn -0.848252679 0.152731268 0.507090280
vn -0.797018054 -0.048893224 0.601973151
vn -0.464991291 0.092658146 0.880453047
vn -0.663159164 0.371815209 0.649594776
vn -0.496543305 -0.277789746 0.822360993
vn -0.977477811 0.092475938 0.189697996
vn -0.858786758 -0.307007092 0.410160883
vn -0.968368211 -0.081712551 0.235766976
vn -0.257358078 0.007212399 0.966289191
vn -0.814071471 -0.010957536 0.580661323
vn -0.616782381 0.316302582 0.720785801
vn -0.196796929 0.059967704 0.978608626
vn -0.870087828 0.196580014 0.451999414
vn -0.974015835 -0.220695487 0.050859172
vn -0.926613507 0.263769557 0.267979532
vn -0.908939212 -0.018018574 0.416539121
vn -0.677318423 0.027422166 0.735178740
vn -0.997470874 -0.068776707 0.017933754
vn -0.854036172 -0.042371635 0.518485160
vn -0.763894914 -0.247870385 0.595839603
vn -0.885241036 -0.459417317 -0.072691378
vn -0.732463316 0.002362493 0.680802401
vn -0.947340295 0.165862734 0.273926851
vn -0.817105595 0.167065622 0.551749512
vn -0.585413256 0.269758213 0.764540271
vn -0.863224589 0.183049942 0.470463630
vn -0.685364576 -0.107791233 0.720178067
vn -0.997620115 0.054061246 0.042795875
vn -0.527795552 0.564209436 0.634901226
vn -0.868196711 -0.494119854 -0.045607461
vn -0.878142614 0.421672599 0.225959664
vn -0.876102356 0.062794740 0.478018287
vn -0.688661628 0.326091780 0.647618185
vn -0.993834824 -0.085084707 0.071084006
vn -0.717962156 0.240972589 0.653041005
vn -0.488600235 -0.189795177 0.851614702
vn -0.734809839 0.085143000 0.672907995
vn -0.676826466 0.217141067 0.703388720
vn -0.768781905 0.174786891 0.615161706
vn -0.846282032 -0.525823906 -0.085533279
vn -0.889544836 0.398081679 0.224144956
vn -0.839722718 0.150242338 0.521817015
vn -0.956721716 0.153003695 0.247534699
vn -0.450308158 0.271927695 0.850457460
vn -0.910930409 0.158747196 0.380795375
vn -0.582049320 0.464187001 0.667644379
vn -0.806173039 0.493787201 0.325974282
vn -0.796164105 0.186956239 0.575473789
vn -0.855949976 0.335064254 0.393803992
vn -0.922644021 0.216797916 0.318946193
vn -0.366931491 0.438075714 0.820640573
vn -0.441090088 0.026688970 0.897065902
vn -0.909186712 -0.178837593 0.376027443
vn -0.949808674 0.206750832 0.234771327
vn -0.980119991 -0.002318776 0.198392105
vn -0.884610092 0.098169285 0.455881320
vn -0.633280518 0.213580936 0.743867575
vn -0.983984809 -0.137138427 -0.113872509
vn -0.850758471 -0.299617834 0.431786032
vn -0.851886915 -0.342996245 0.395780570
vn -0.946964617 0.216464659 0.237489083
vn -0.591509289 -0.443377968 0.673448394
vn -0.991143567 0.045379493 -0.124800368
vn -0.691942699 0.479837686 0.539417368
vn -0.721167894 0.603393958 0.340341887
vn -0.763599917 0.580213657 -0.283314806
vn -0.975094778 0.115208452 0.189518299
vn -0.680416934 0.731323552 -0.046889854
vn -0.871900207 -0.019541291 0.489293538
vn -0.422650743 0.363795328 0.830071870
vn -0.888528015 -0.044583847 0.456651122
vn -0.903427162 -0.204573698 0.376787694
vn -0.863507100 0.120141809 0.489817756
vn -0.877577465 -0.072437758 0.473930970
vn -0.958893385 0.084259936 -0.270968152
vn -0.953295780 -0.001563240 0.302034290
vn -0.670334961 0.142644002 0.728219561
vn -0.679392459 0.201898411 0.705452279
vn -0.914751198 -0.241779367 -0.323686552
vn -0.702483237 0.527633609 0.477619174
vn -0.680163271 0.477387288 0.556308640
vn -0.621842938 0.324227485 0.712872989
vn -0.657341823 0.626247424 0.419184793
vn -0.931900731 -0.145597010 0.332208577
vn -0.694482779 0.490248725 0.526640159
vn -0.806372915 -0.112067176 0.580692405
vn -0.751186884 0.434010981 0.497345688
vn -0.643082699 0.222808454 0.732667070
vn -0.889209514 -0.207657922 0.407657489
vn -0.842842545 0.529932462 -0.093744490
vn -0.913499585 0.165813939 0.371516145
vn -0.494559639 0.060971417 0.867002451
vn -0.786919795 0.605329340 -0.119723123
vn -0.871389962 -0.124031460 0.474653274
vn -0.929083403 0.199661840 0.311350575
vn -0.721467000 -0.603619546 0.339306367
vn -0.716049383 0.281636817 0.638712757
vn -0.817676014 0.344260595 0.461400670
vn -0.890113836 0.284062411 0.356378880
vn -0.834926903 -0.475839499 0.276539035
vn -0.934890459 0.102660360 0.339765625
vn -0.997685053 0.003589435 0.067909139
vn -0.937455895 -0.095374217 0.334783815
vn -0.800168316 0.024393514 0.599279253
vn -0.731202745 0.669817017 -0.129180917
vn -0.939988673 0.321962891 0.112965446
vn -0.760587783 -0.063340777 0.646137888
vn -0.909972709 0.206180228 0.359776851
vn -0.964001353 0.169950213 0.204495272
vn -0.844319953 -0.056193037 0.532884753
vn -0.635840313 0.212931724 0.741867358
vn -0.690823907 0.480987935 0.539826765
vn -0.798607539 -0.126272177 0.588456741
vn -0.875432208 0.337941889 0.345562916
vn -0.824921596 0.388259256 0.410803008
vn -0.934975899 -0.159851426 -0.316650579
vn -0.953781111 -0.093376737 0.285626290
vn -0.629829238 0.031592069 0.776090892
vn -0.530583353 0.175988272 0.829161887
vn -0.818763561 -0.017439415 0.573865924
vn -0.159400663 -0.200520671 0.966634827
vn -0.690192565 -0.581482034 0.430712047
vn -0.928692946 0.155322649 0.336755531
vn -0.981352364 -0.161111169 0.104836674
vn -0.531433579 0.835349532 -0.140604091
vn -0.710110104 -0.629131356 0.316128735
vn -0.769681190 -0.024491609 0.637958484
vn -0.677840228 -0.254047066 0.689922252
vn -0.844890175 -0.063339252 0.531176742
vn -0.979691340 0.146110758 0.137319059
vn -0.752486981 0.025135748 0.658127296
vn -0.574941476 0.094814768 0.812682262
vn -0.896711321 0.323991585 0.301559710
vn -0.462477351 0.725534255 0.509622159
vn -0.985511143 -0.110357217 -0.128798570
vn -0.944438918 -0.207336105 0.255042880
vn -0.944872356 0.102346311 0.311032898
vn -0.628929834 -0.575885376 0.522305751
vn -0.847326730 0.137166686 0.513052350
vn -0.497126283 -0.030369615 0.867146554
vn -0.871099692 0.030591666 0.490152503
vn -0.917231384 0.222499440 -0.330424860
vn -0.924777645 0.056925942 0.376225655
vn -0.695637108 0.510283822 0.505667316
vn -0.701959176 0.259096860 0.663417013
vn -0.744025031 0.322545350 0.585142077
vn -0.888720019 0.310889578 0.336933820
vn -0.830809107 0.246215875 0.499133220
vn -0.730064600 -0.633444477 -0.256424988
vn -0.944715042 -0.104978305 0.310633297
vn -0.940999013 -0.174009682 -0.290243841
vn -0.749923068 0.254123996 0.610767048
vn -0.928051371 -0.232628639 0.290868645
vn -0.683654881 0.135317979 0.717150646
vn -0.377267113 0.510579770 0.772643400
vn -0.980746149 0.190835077 0.041460404
vn -0.606590300 -0.441707867 0.661016163
vn -0.955313923 -0.218470042 0.199113405
vn 0.002462061 0.398024687 0.917371401
vn -0.683753187 -0.028723466 0.729147819
vn -0.777571166 0.194568974 0.597934776
vn -0.702218384 -0.406258198 0.584673941
vn -0.903618033 0.270829359 0.331852238
vn -0.968425537 0.173422172 0.179099775
vn -0.601947021 0.600030041 0.526900118
vn -0.603132417 -0.493147843 0.626926226
vn -0.690214100 -0.010540432 0.723528435
vn -0.505030516 -0.051900450 0.861539622
vn -0.765485583 0.358005834 0.534662178
vn -0.827367138 0.066907180 0.557662127
vn -0.950513560 0.185304651 0.249371529
vn -0.961293101 0.173707283 0.213872285
vn -0.937093037 -0.296935628 0.183537117
vn -0.962126869 -0.209946932 0.173879770
vn -0.890189049 -0.421020981 0.174082713
vn -0.366227136 0.430921021 0.824733144
vn -0.743186413 0.340214760 0.576131819
vn -0.696502759 0.215422894 0.684453712
vn -0.804559086 -0.091040450 0.586852890
vn -0.805546774 0.052658569 0.590187656
vn -0.643763064 -0.439777324 0.626230807
vn -0.901181730 -0.358405329 0.243756250
vn -0.281811461 0.443427872 0.850854878
vn -0.944228935 0.166181147 0.284280750
vn -0.528080032 0.636214820 0.562460828
vn -0.857418506 0.200571950 0.473924464
vn -0.334969454 0.535830249 0.775036392
vn -0.837668249 -0.336361602 0.430317066
vn -0.736876815 0.036812654 0.675023990
vn -0.659877778 0.247058011 0.709594009
vn -0.889457578 0.211531308 0.405116924
vn -0.881480862 -0.000283804 0.472219662
vn -0.480558715 0.125563879 0.867926860
vn -0.843181526 -0.175735631 0.508096351
vn -0.633737192 0.033554384 0.772820338
vn -0.919869145 0.153022069 0.361144020
vn -0.894348371 -0.258456407 0.365159248
vn -0.804376990 0.124408136 0.580947738
vn -0.790851912 0.415632416 0.449224831
vn -0.901855839 0.370237279 0.222666572
vn -0.660024084 0.288106433 0.693803209
vn -0.930303732 0.037848352 0.364832109
vn -0.994758216 -0.069479576 -0.075024525
vn -0.881919950 -0.462493184 0.091198994
vn -0.911069401 0.144934432 0.385935949
vn -0.762074101 0.156146884 0.628379833
vn -0.919626029 -0.340985317 0.194979433
vn -0.902976668 0.000061547 0.429689579
vn -0.913774188 0.138876097 0.381746203
vn -0.785050126 -0.153544238 0.600100381
vn -0.882630256 -0.003327750 0.470056121
vn -0.646750111 0.220377614 0.730169844
vn -0.829831027 0.262946088 0.492178648
vn -0.659505067 0.536777700 0.526234517
vn -0.591225505 0.216739266 0.776837495
vn -0.973213967 -0.174790832 0.149341015
vn -0.577122782 0.603147841 0.550583305
vn -0.777548256 0.044600252 0.627239609
vn -0.463492230 -0.241279980 0.852618862
vn -0.901449748 0.428745275 0.059714666
vn -0.953242436 0.027167529 0.300983028
vn -0.964108603 0.110034215 0.241634172
vn -0.923190729 0.014915404 0.384052612
vn -0.940996813 -0.042747666 0.335704685
vn -0.787027024 0.132398760 0.602543801
vn -0.796502038 0.169373142 0.580428499
vn -0.985660921 -0.147576309 0.081815539
vn -0.589974852 0.288353091 0.754176484
vn -0.948378173 -0.288146378 0.132478325
vn -0.897564371 0.198917575 0.393459018
vn -0.672797999 0.503313270 0.542234824
vn -0.855300419 0.156798765 0.493837363
vn -0.746615707 -0.214772640 0.629632987
vn -0.668259843 0.187054862 0.720027264
vn -0.944819510 0.134463035 0.298723594
vn -0.752738816 0.142525019 0.642705915
vn -0.496941925 0.250760207 0.830763530
vn -0.880292625 0.144216351 0.451980684
vn -0.962392775 -0.159483976 0.219920460
vn -0.788945778 0.127317011 0.601128054
vn -0.192207796 0.448129907 0.873061137
vn -0.945346206 -0.251834303 -0.207123234
vn -0.939272725 0.062028392 0.337519226
vn -0.895462965 -0.020438203 0.444666570
vn -0.563964911 -0.203743545 0.800270047
vn -0.521869454 0.435352256 0.733567098
vn -0.980620554 -0.079013337 0.179276939
vn -0.922215978 0.279443331 0.267262258
vn -0.607664613 0.492167569 0.623309556
vn -0.840399602 0.053761573 0.539294171
vn -0.789016615 -0.295863937 0.538439702
vn -0.611644337 -0.211172837 0.762428513
vn -0.566109155 -0.009150387 0.824279500
vn -0.837332423 0.129126170 0.531225796
vn -0.953366702 -0.067022855 0.294278555
vn -0.933210409 -0.197160832 0.300409619
vn -0.863167776 0.210834819 0.458791967
vn -0.814918698 0.337100299 0.471456152
vn -0.831967791 -0.071354563 0.550216431
vn -0.949500350 0.163178422 0.267996061
vn -0.968229653 0.151719698 0.198777443
vn -0.516072863 -0.240642018 0.822046361
vn -0.980872030 0.137341390 -0.137939854
vn -0.909029099 -0.287638230 0.301546588
vn -0.699703759 0.285701301 0.654820141
vn -0.831830599 -0.061647694 0.551595337
vn -0.695336999 0.457776133 0.554028403
vn -0.813141072 -0.003733627 0.582054686
vn -0.897770242 -0.433142230 -0.079977508
vn -0.922072861 0.387014791 -0.001090910
vn -0.726691933 0.663764234 0.177019425
vn -0.867666465 -0.040354077 0.495506260
vn -0.909275448 0.032520797 0.414922352
vn -0.664253064 0.479754972 0.573239072
vn -0.816237848 0.488771983 0.307989812
vn -0.466072217 0.340737541 0.816501449
vn -0.851189791 -0.113457673 0.512448335
vn -0.998909489 -0.042974163 -0.018249761
vn -0.433414377 0.481971850 0.761482182
vn -0.963810882 -0.238760099 0.118584144
vn -0.844696325 0.076400654 0.529765098
vn -0.924203141 0.220058176 0.312126502
vn -0.886129924 0.301663216 0.351813959
vn -0.866164138 -0.050999828 0.497150584
vn -0.818051537 -0.064030930 0.571569526
vn -0.935751864 0.279163070 0.215491135
vn -0.798681204 -0.009884314 0.601673196
vn -0.742128250 0.001490296 0.670256249
vn -0.255223791 0.261499642 0.930848406
vn -0.613704082 0.048577164 0.788040328
vn -0.993539809 -0.097109111 0.058723661
vn -0.690581053 0.168313100 0.703397832
vn -0.865884989 0.051560944 0.497578792
vn -0.959632652 -0.119052511 0.254816941
vn -0.899579141 0.042993199 0.434636577
vn -0.443305236 -0.433836482 0.784389173
vn -0.866982358 -0.025346015 0.497693852
vn -0.681780036 -0.480956710 0.551231916
vn -0.993933313 0.068317126 -0.086193618
vn -0.836520391 -0.064631629 0.544110640
vn -0.669863083 0.733037744 -0.118064032
vn -0.904135139 0.320846568 0.282129634
vn -0.908078837 0.418263793 -0.021171327
vn -0.901709461 0.254566776 0.349450718
vn -0.811761618 0.129351975 0.569483223
vn -0.996547230 -0.083027801 0.000046848
vn -0.638183796 0.768688152 0.042894837
vn -0.995616477 -0.054299036 0.076154092
vn -0.844778119 -0.029351268 0.534311177
vn -0.843436815 0.239876327 0.480701246
vn -0.850656908 0.077767807 0.519937489
vn -0.458898237 0.250095743 0.852563503
vn -0.896077365 -0.049231301 0.441159422
vn -0.763200093 0.081512157 0.641000302
vn -0.918681138 0.001923438 0.394995275
vn -0.860907531 0.051485364 0.506149662
vn -0.730036424 0.646577099 -0.221325270
vn -0.726159459 0.421094868 0.543480958
vn -0.910840548 0.412603668 0.011300807
vn -0.928034424 -0.203113695 0.312244992
vn -0.895564784 0.324721219 -0.304170754
vn -0.870002123 0.189935677 0.454995323
vn -0.707745008 0.083599312 0.701504212
vn -0.861586906 0.025378961 0.506975257
vn -0.945192053 -0.124988708 0.301645165
vn -0.690929858 0.273908172 0.669021857
vn -0.771105270 0.217738413 0.598319853
vn -0.875315245 0.275489404 0.397402579
vn -0.895197303 0.435359150 0.095311069
vn -0.566094713 0.065201550 0.821757589
vn -0.986200339 -0.164784858 -0.015963782
vn -0.776002657 -0.176656694 0.605485168
vn -0.923357787 -0.328110137 0.199384390
vn -0.940890938 -0.018787456 0.338188223
vn -0.833499795 -0.084457550 0.546026569
vn -0.692385389 0.118952381 0.711654976
vn -0.978318707 0.086674086 0.188096014
vn -0.693867932 0.084312318 0.715149443
vn -0.320868844 0.258158600 0.911261391
vn -0.722885692 0.150193528 0.674446573
vn -0.898781349 -0.078062272 0.431391201
vn -0.912100775 -0.018300015 0.409557427
vn -0.770188082 -0.004019231 0.637804174
vn -0.902336306 0.431015916 0.003804042
vn -0.880275767 0.099391844 0.463935164
vn -0.784271424 -0.007706486 0.620370005
vn -0.980650680 -0.041406418 -0.191336751
vn -0.929106898 0.365162802 0.058450837
vn -0.914292931 0.373941247 0.155680381
vn -0.648019068 0.401802813 0.647012973
vn -0.987940781 0.110809597 0.108139935
vn -0.840999470 0.210716061 0.498315796
vn -0.923152090 -0.036184678 0.382728218
vn -0.992709086 -0.120457338 0.004324406
vn -0.914984503 0.006100094 0.403442868
vn -0.857089787 0.507467545 0.088734363
vn -0.840529268 -0.011031270 0.541653820
vn -0.952400004 0.283390899 0.112355823
vn -0.942411719 0.128434488 0.308811811
vn -0.938778880 0.298557620 0.171923126
vn -0.799181844 0.274583064 0.534707884
vn -0.653894315 0.249744647 0.714177734
vn -0.899590020 -0.079362795 0.429464019
vn -0.788884451 0.238778425 0.566256291
vn -0.951166018 0.019486893 0.308064063
vn -0.964135558 -0.135631592 -0.228137450
vn -0.854603298 -0.031284744 0.518338179
vn -0.930982733 0.364286681 -0.023798409
vn -0.609409553 -0.051476825 0.791182743
vn -0.590060072 0.342215325 0.731243997
vn -0.926928490 0.312564140 0.207622816
vn -0.902466487 0.420077324 0.095337730
vn -0.813054168 0.071793980 0.577744359
vn -0.905324622 0.069389726 0.419013597
vn -0.765955283 0.041342227 0.641563189
vn -0.922401066 0.382447077 0.053949106
vn -0.935314725 0.042802804 0.351218288
vn -0.886148538 0.020739778 0.462936962
vn -0.490847457 0.058721681 0.869264366
vn -0.760926778 0.149060283 0.631483548
vn -0.879710251 0.471860792 0.058798534
vn -0.617493374 -0.072700383 0.783209160
vn -0.664857107 0.448451124 0.597374771
vn -0.517729838 0.162646579 0.839941608
vn -0.756974724 0.086327605 0.647716614
vn -0.966082070 -0.249638506 -0.066076097
vn -0.624848783 0.056257736 0.778716293
vn -0.894755824 -0.153941992 0.419182394
vn -0.624859382 -0.270394532 0.732418971
vn -0.745798314 0.546718955 0.380635337
vn -0.868646731 0.245907364 0.430095833
vn -0.723029600 0.195771872 0.662496469
vn -0.990964405 -0.103298377 0.085551116
vn -0.830939599 -0.108528911 0.545674682
vn -0.873934635 -0.381833852 0.300734373
vn -0.929242176 0.008091392 0.369382605
vn -0.545813975 -0.106982307 0.831048669
vn -0.334948448 -0.022746801 0.941961847
vn -0.832323720 -0.096300019 0.545860359
vn -0.973886922 0.215289777 0.072073397
vn -0.756065891 0.088837170 0.648438374
vn -0.929928162 -0.214097318 0.298991557
vn -0.973949491 -0.090597626 0.207880877
vn -0.739368692 -0.297355625 0.604080765
vn -0.977343054 0.146125942 0.153126628
vn -0.888304458 0.399178867 0.227093421
vn -0.941511086 0.253471802 0.222056119
vn -0.518052690 0.532367085 0.669482410
vn -0.717531194 0.254195253 0.648485744
vn -0.876832379 0.130908113 0.462631652
vn -0.936651412 -0.027265051 0.349200156
vn -0.716697344 -0.665831354 0.207397025
vn -0.766324623 0.191507317 0.613246704
vn -0.890605087 0.419848376 0.174785357
vn -0.696282947 0.473298356 0.539609788
vn -0.966553378 -0.256207504 -0.011501396
vn -0.752491057 0.547746534 0.365692418
vn -0.887079967 0.355941115 0.293930357
vn -0.560818449 -0.238015700 0.792988772
vn -0.795395479 -0.606069219 -0.005112164
vn -0.999814361 -0.002428335 0.019114056
vn -0.889275331 0.432296513 0.149362344
vn -0.607575905 0.162744548 0.777409630
vn -0.802311058 -0.569256410 0.179566440
vn -0.943379314 -0.021176533 0.331039311
vn -0.740709607 0.209651631 0.638275389
vn -0.877792282 -0.091017346 0.470315376
vn -0.889807336 0.417986919 0.183111551
vn -0.768752236 0.455962838 0.448461692
vn -0.999623905 -0.021986409 0.016390409
vn -0.784111678 0.065108211 0.617195104
vn -0.973675020 -0.130496484 0.186889332
vn -0.833192881 0.371146771 0.409926454
vn -0.812324089 0.494058787 0.309895933
vn -0.472720115 0.157438487 0.867034495
vn -0.722667157 -0.303309094 0.621092403
vn -0.762191237 -0.341277946 0.550085341
vn -0.761105298 -0.412989617 0.500158276
vn -0.950197524 -0.008134045 0.311542135
vn -0.648794826 0.397600580 0.648828985
vn -0.899178311 0.274249096 0.340977709
vn -0.794915529 -0.119362126 0.594862997
vn -0.534410283 0.268733092 0.801366442
vn -0.877139329 0.230813623 0.421131415
vn -0.659492150 0.574727675 0.484518528
vn -0.662489945 0.041889468 0.747898619
vn -0.771782633 -0.114420362 0.625507433
vn -0.864127124 0.480661667 0.149159897
vn -0.959674836 0.017854362 0.280544884
vn -0.918309109 -0.060650641 0.391190338
vn -0.896440571 -0.091885657 0.433533539
vn -0.839373744 0.523878246 0.144925157
vn -0.646482202 0.064530211 0.760195116
vn -0.581672162 0.137306114 0.801750914
vn -0.541142589 0.195735191 0.817833989
vn -0.831114795 -0.521470860 0.193174374
vn -0.782789117 0.079920804 0.617133587
vn -0.804925163 0.083787633 0.587430945
vn -0.973082882 -0.166964851 0.158847232
vn -0.823905199 0.222433094 0.521252091
vn -0.658673074 0.198456552 0.725785628
vn -0.702412111 0.557540354 0.442454496
vn -0.961249713 -0.272944705 0.038732122
vn -0.940321456 0.047063866 0.337017138
vn -0.593559918 -0.191253450 0.781734444
vn -0.662717123 0.059466343 0.746505036
vn -0.858118403 0.344310462 0.380897771
vn -0.778266303 0.134103020 0.613447587
vn -0.824855712 0.058336383 0.562325458
vn -0.849436302 0.372683199 0.373584263
vn -0.726592399 0.596571697 0.340830891
vn -0.915122812 0.366212911 0.168636719
vn -0.867207624 0.440543114 0.232104935
vn -0.833749309 0.115088288 0.540015533
vn -0.769004268 -0.468250580 0.435171035
vn -0.886750892 0.091385148 0.453124277
vn -0.801970272 0.353801186 0.481319441
vn -0.859933953 -0.011753201 0.510269987
vn -0.908319464 -0.004582625 0.418252018
vn -0.955200202 0.252707989 0.154049496
vn -0.682805696 -0.475655688 0.554552115
vn -0.853900529 -0.397110161 0.336388773
vn -0.929464457 0.290548921 0.227326080
vn -0.494646586 0.250564196 0.832191287
vn -0.988498255 0.010489499 0.150868059
vn -0.727301862 -0.307942649 0.613354161
vn -0.816898952 0.351519415 0.457285691
vn -0.928054486 -0.172448697 0.330115614
vn -0.905191311 -0.333215135 0.263811230
vn -0.985560783 -0.090078977 0.143372662
vn -0.873324637 0.021177092 0.486678137
vn -0.755708550 -0.146406667 0.638333514
vn -0.696555176 0.464349509 0.546983017
vn -0.919537707 -0.302755433 0.250578436
vn -0.720292270 0.346415175 0.600978845
vn -0.846421245 0.189397225 0.497694452
vn -0.863775662 0.060600892 0.500219089
vn -0.807157098 -0.272795256 0.523526664
vn -0.895877476 0.223318957 0.384099196
vn -0.559883211 0.285180063 0.777948020
vn -0.681088176 0.150967818 0.716468851
vn -0.812059686 0.494948876 0.309167716
vn -0.573759278 -0.145292104 0.806033805
vn -0.957761455 -0.115666195 0.263276141
vn -0.794656762 0.405565343 0.451704974
vn -0.683352475 0.310002410 0.661005219
vn -0.729577650 0.096218110 0.677095657
vn -0.620358307 -0.395759554 0.677148393
vn -0.654495897 0.439758528 0.615018340
vn -0.954241382 0.132049462 0.268302673
vn -0.858583813 0.035694140 0.511429140
vn -0.854781082 0.334536996 0.396779913
vn -0.942853986 -0.309562531 0.123277736
vn -0.666505389 0.434998614 0.605431064
vn -0.819812623 -0.027698626 0.571961580
vn -0.866605471 0.242337729 0.436196496
vn -0.879690177 0.124128351 0.459061374
vn -0.826268424 0.062930247 0.559750190
vn -0.888380221 0.356637931 0.289119300
vn -0.943350284 -0.150576535 0.295663574
vn -0.956950961 -0.000568413 0.290249092
vn -0.601563822 0.187078393 0.776609711
vn -0.876351382 0.182069894 0.445935879
vn -0.741174973 0.301045103 0.600026254
vn -0.897618902 -0.097587702 0.429833627
vn -0.754727372 0.124777575 0.644063002
vn -0.866044659 0.163580482 0.472449018
vn -0.834743784 -0.193609039 0.515478763
vn -0.720081757 0.084351256 0.688743152
vn -0.811432602 0.162749919 0.561328421
vn -0.555319656 0.073618771 0.828372112
vn -0.802599493 -0.338725043 0.491018736
vn -0.478951713 0.098889286 0.872253498
vn -0.885746357 -0.095491700 0.454240825
vn -0.701510618 0.034210670 0.711837399
vn -0.666863479 -0.165733850 0.726515927
vn -0.835650497 -0.030577112 0.548409780
vn -0.883172597 0.162339030 0.440059317
vn -0.936553430 0.267922120 0.226020818
vn -0.742767219 0.132831172 0.656241372
vn -0.821988449 0.462572075 0.332207865
vn -0.810874408 -0.095125625 0.577437277
vn -0.922940697 -0.180926035 0.339773806
vn -0.909963542 -0.033182167 0.413358555
vn -0.973159224 -0.194465382 0.123062344
vn -0.878361788 0.399295763 0.262761228
vn -0.944468320 -0.328297024 -0.014165336
vn -0.600778194 0.470824751 0.646056975
vn -0.516289710 0.437858067 0.736019869
vn -0.801717495 0.063179476 0.594354618
vn -0.704036879 0.540582781 0.460545688
vn -0.982558420 -0.083068451 0.166368817
vn -0.761707379 0.045998740 0.646286302
vn -0.891780228 0.006631314 0.452420214
vn -0.865795689 0.224558290 0.447181618
vn -0.947070084 0.279436448 0.158030150
vn -0.963158301 0.123755870 0.238768866
vn -0.626561803 0.098213627 0.773158710
vn -0.886851025 0.109665736 0.448852632
vn -0.921941758 0.225694372 0.314778406
vn -0.908037293 0.043992102 0.416572886
vn -0.913076364 0.026116767 0.406951432
vn -0.743053870 0.019565492 0.668945542
vn -0.944359738 -0.225852270 0.239113859
vn -0.785165819 0.189467660 0.589590232
vn -0.898604673 -0.069196027 0.433268453
vn -0.867134991 0.360802542 0.343363413
vn -0.825851929 0.006904312 0.563844768
vn -0.954575801 -0.225336012 0.194958258
vn -0.925512786 0.263784884 0.271741821
vn -0.791230100 0.219524646 0.570757268
vn -0.654145350 0.347944797 0.671586390
vn -0.787181288 0.612638119 0.070853051
vn -0.932353921 -0.153404273 0.327388600
vn -0.614409942 0.762844192 0.201417877
vn -0.566273138 0.377559978 0.732654895
vn -0.859957277 0.177620491 0.478460493
vn -0.739148966 0.653272426 0.163993730
vn -0.824869632 -0.238841202 0.512391424
vn -0.654620221 -0.066322882 0.753042921
vn -0.887724941 0.166762912 0.429109032
vn -0.881933484 0.035549233 0.470031469
vn -0.622071048 0.424139093 0.658128894
vn -0.755142215 0.527057892 0.389833572
vn -0.717110717 0.065227736 0.693900254
vn -0.813436368 0.154897381 0.560649691
vn -0.800688011 0.534486156 0.270597966
vn -0.704984143 0.506744742 0.496192629
vn -0.729121742 0.014369131 0.684233158
vn -0.595755524 0.361997331 0.716961148
vn -0.937177576 -0.156519356 0.311768957
vn -0.935780787 0.240642331 0.257692817
vn -0.906220604 0.197078362 0.374064616
vn -0.907398373 0.395005902 0.143521877
vn -0.969048903 0.130988062 0.209251887
vn -0.669386429 0.151814707 0.727237309
vn -0.900948102 0.262945944 0.345183934
vn -0.801615587 0.592948795 0.076316300
vn -0.864696301 0.269468421 0.423895124
vn -0.852148184 -0.231206934 0.469453752
vn -0.972207113 0.231148545 0.037197852
vn -0.916243487 0.217233774 0.336611588
vn -0.925645107 0.219352204 0.308327338
vn -0.950615321 0.278432916 0.137133592
vn -0.884865435 0.096545608 0.455732495
vn -0.782637266 0.190649592 0.592563620
vn -0.914110865 -0.083711559 0.396728750
vn -0.924731583 0.152989358 0.348519378
vn -0.778615458 0.597897754 0.190463235
vn -0.951395857 0.234129219 0.200073567
vn -0.766492487 -0.088376043 0.636143807
vn -0.480232527 0.475074398 0.737347297
vn -0.892140015 0.384819750 0.236643092
vn -0.883324752 -0.043474333 0.466741218
vn -0.788319427 0.565462596 0.242496462
vn -0.898683094 0.098565555 0.427379841
vn -0.765165266 0.057533939 0.641258108
vn -0.988118012 -0.133889645 -0.075474212
vn -0.845170244 0.072161907 0.529603547
vn -0.996284790 0.070920111 -0.048856464
vn -0.735088267 0.220109551 0.641246462
vn -0.965264097 0.017792868 0.260669595
vn -0.562020971 0.788768620 0.248950784
vn -0.910821790 0.043321952 0.410520249
vn -0.915843939 -0.024676185 0.400775456
vn -0.953511841 0.250350976 0.167748496
vn -0.930834000 0.069743070 0.358725478
vn -0.744818595 0.435621030 0.505449878
vn -0.884001559 -0.423204548 0.198592935
vn -0.982996733 -0.035013922 0.180253843
vn -0.789829140 0.068972184 0.609436434
vn -0.233955035 0.699258610 0.675501619
vn -0.612333831 0.710203887 0.347358198
vn -0.988404178 0.136467576 0.066586647
vn -0.963083631 0.022915095 0.268225314
vn -0.467832529 0.298522585 0.831875587
vn -0.930112201 -0.020797307 0.366686194
vn -0.643031729 0.222694302 0.732746506
vn -0.849504764 0.136286443 0.509674073
vn -0.916383809 0.394962453 -0.065156545
vn -0.949658434 -0.027740442 0.312056608
vn -0.934595242 0.056333243 0.351224001
vn -0.797522822 -0.408136545 0.444276837
vn -0.689822495 0.706853300 0.156535422
vn -0.840686862 -0.063790963 0.537751162
vn -0.896722169 0.277225172 0.345015298
vn -0.838002577 0.228578335 0.495483225
vn -0.952473015 -0.103522266 0.286493100
vn -0.954449822 0.225194253 0.195737287
vn -0.814056531 0.578798225 -0.048006018
vn -0.927852877 -0.012699821 0.372730135
vn -0.917754838 0.043865942 0.394717412
vn -0.845336579 0.118756754 0.520867451
vn -0.671774172 0.290867016 0.681260479
vn -0.509406744 0.541469054 0.668816890
vn -0.866142708 0.351655432 0.355155271
vn -0.963592889 -0.040162910 0.264340093
vn -0.902770220 0.152659618 0.402120592
vn -0.818811883 -0.088728834 0.567163375
vn -0.999634096 -0.013853374 0.023232688
vn -0.826339195 0.016518207 0.562930442
vn -0.486984584 0.787389366 0.377973545
vn -0.963944199 -0.264819051 0.026123765
vn -0.749617360 -0.175651379 0.638138235
vn -0.789446330 0.154182822 0.594139840
vn -0.891557685 0.014684651 0.452669036
vn -0.843354392 -0.064288893 0.533498180
vn -0.729245547 0.423475603 0.537465669
vn -0.875117663 0.124133035 0.467717934
vn -0.584159207 0.760907614 0.282449331
vn -0.884581266 -0.027403093 0.465580342
vn -0.906632726 -0.373453446 0.196340582
vn -0.909923236 0.360205046 0.205650260
vn -0.854500822 -0.086691272 0.512164981
vn -0.961813033 -0.195465689 0.191595551
vn -0.765498549 0.632020738 0.120672113
vn -0.888570690 0.276641799 0.365939127
vn -0.725395762 0.336215080 0.600633340
vn -0.835971418 0.235598270 0.495626113
vn -0.337272500 0.526564386 0.780369918
vn -0.718745774 -0.123816161 0.684159390
vn -0.965237441 -0.079373585 0.249031157
vn -0.424271995 0.850023930 0.312173979
vn -0.926827235 -0.103893376 0.360828828
vn -0.968398297 -0.195829385 0.154452548
vn -0.814493140 0.580103478 0.008993327
vn -0.389216957 0.661724158 0.640805196
vn -0.941965013 0.124763066 0.311666637
vn -0.555865692 0.363748111 0.747462805
vn -0.765489570 0.599029463 0.234924288
vn -0.539515290 0.487209420 0.686695152
vn -0.823420357 -0.008774122 0.567364019
vn -0.937538009 0.342191426 0.062669849
vn -0.825329572 -0.225372089 0.517724366
vn -0.933892771 0.104803557 0.341848660
vn -0.820791584 0.126421883 0.557062549
vn -0.862238876 -0.434421304 0.260427057
vn -0.820330882 0.528777910 0.217832885
vn -0.805439721 -0.017204514 0.592427937
vn -0.826921869 -0.060667454 0.559034599
vn -0.946256982 0.205711091 0.249560956
vn -0.702614033 0.118016121 0.701716265
vn -0.674517176 -0.345272044 0.652544094
vn -0.770673410 0.074630005 0.632845051
vn -0.397448403 0.869172231 0.294235279
vn -0.981095983 -0.159197646 -0.110030823
vn -0.392684587 0.570134602 0.721626878
vn -0.716487647 -0.183204628 0.673113301
vn -0.761352191 0.484775852 0.430505765
vn -0.569251626 0.610964376 0.550159174
vn -0.833067046 -0.378863663 0.403065282
vn -0.970678582 -0.072841368 0.229079080
vn -0.961767600 0.263726356 0.073834231
vn -0.836497514 0.191931376 0.513258469
vn -0.847306627 0.036925712 0.529818809
vn -0.580478045 0.203861598 0.788343636
vn -0.980358356 -0.020611633 0.196144474
vn -0.963326809 -0.061543713 0.261177777
vn -0.953843109 0.298569584 -0.032241705
vn -0.545373981 0.464187304 0.697923612
vn -0.349860631 0.543596024 0.762955373
vn -0.905241019 0.344215529 0.249107141
vn -0.934177016 0.352293009 -0.056594517
vn -0.796935927 -0.232713795 0.557438264
vn -0.907847059 -0.036946748 0.417670511
vn -0.737910613 0.027990665 0.674317767
vn -0.664665479 0.198776981 0.720213519
vn -0.889554329 -0.067992634 0.451741185
vn -0.733040428 0.398949521 0.550900182
vn -0.733388034 0.628493826 0.259109053
vn -0.817484097 0.123587452 0.562535237
vn -0.976183407 0.002702559 -0.216930063
vn -0.838557451 0.535876922 0.098271691
vn -0.820333058 0.106883613 0.561809191
vn -0.711169554 0.701017491 0.053031529
vn -0.969386130 0.001045763 0.245539074
vn -0.964945924 -0.148936003 0.216095882
vn -0.771140788 0.115001850 0.626192031
vn -0.674439450 0.548256471 0.494516199
vn -0.908535221 -0.001448593 0.417805760
vn -0.905680407 0.407306572 0.117662041
vn -0.735482697 -0.027247560 0.676995401
vn -0.824770356 0.277092622 0.492923462
vn -0.828011924 -0.136974288 0.543722630
vn -0.519716522 0.353370797 0.777832769
vn -0.591256394 0.594020847 0.545486122
vn -0.799102885 0.182692392 0.572763536
vn -0.651799893 0.407019066 0.639915916
vn -0.822225751 0.038586546 0.567851999
vn -0.846767533 0.028128923 0.531218890
vn -0.801148823 0.025436499 0.597924367
vn -0.839400264 0.162272642 0.518724192
vn -0.874965508 0.025622742 0.483506810
vn -0.758568482 -0.045540986 0.649999906
vn -0.627008656 0.602464180 0.493859349
vn -0.788358090 0.009612022 0.615141554
vn -0.803981404 -0.173361405 0.568823105
vn -0.616524401 -0.316413680 0.720957729
vn -0.853238887 0.078719457 0.515545001
vn -0.931640083 0.241125251 0.271855419
vn -0.805890465 0.365324634 0.465916805
vn -0.890592429 0.157412521 0.426692423
vn -0.950415849 0.268806889 -0.156373175
vn -0.861420564 0.364703847 0.353476614
vn -0.840900260 -0.319026706 0.437159826
vn -0.757579396 0.527877889 0.383951030
vn -0.944764216 -0.065919941 0.321053168
vn -0.764089793 0.038389149 0.643966662
vn -0.726619541 0.228300325 0.647999231
vn -0.930745356 -0.000533513 0.365667605
vn -0.532290508 0.739636219 0.411831372
vn -0.791308369 -0.134533462 0.596432572
vn -0.860577842 0.167520786 0.480980836
vn -0.891430830 0.037366782 0.451613550
vn -0.759260690 -0.407779274 0.507187607
vn -0.888737338 0.455127992 -0.054812916
vn -0.751653425 0.379023950 0.539775855
vn -0.432481248 0.321899511 0.842223649
vn -0.857186070 0.013846793 0.514820656
vn -0.797710028 0.506139400 0.327843893
vn -0.822970210 0.295083497 0.485433583
vn -0.827411314 0.355629029 0.434647570
vn -0.774769527 0.003075220 0.632236287
vn -0.612975780 0.761078005 0.212181439
vn -0.744467720 0.118136479 0.657123722
vn -0.961790968 0.105488458 0.252646629
vn -0.805475060 -0.179417087 0.564818056
vn -0.735901457 0.296551397 0.608692298
vn -0.706556450 -0.113408905 0.698510131
vn -0.676087389 0.512742578 0.529151105
vn -0.308546766 0.341364527 0.887845230
vn -0.852549576 0.344610897 0.392940898
vn -0.893963900 0.266163910 0.360534767
vn -0.767479261 0.166978779 0.618945613
vn -0.906023948 0.423201402 0.004602051
vn -0.829167218 0.484971556 0.278000566
vn -0.865389244 0.386634361 0.318771591
vn -0.681070413 0.190726301 0.706941702
vn -0.647531100 0.069873224 0.758828839
vn -0.545992794 0.378557265 0.747386289
vn -0.950438406 -0.310424381 -0.017422404
vn -0.665625880 0.443250860 0.600392257
vn -0.815145736 0.250099818 0.522482066
vn -0.895137888 0.255911079 0.365017372
vn -0.664392272 0.553659755 0.502039625
vn -0.727815708 -0.320459373 0.606292079
vn -0.832924666 0.108674577 0.542610668
vn -0.988039071 0.122173341 -0.094087555
vn -0.631604838 0.524883906 0.570589357
vn -0.616550441 0.533484027 0.579016706
vn -0.617780021 0.360312024 0.698944269
vn -0.838253035 0.002132380 0.545277271
vn -0.929063802 0.158885656 0.334059576
vn -0.823607856 0.267400378 0.500167110
vn -0.501929058 0.393769905 0.770073037
vn -0.932572331 0.304190596 0.194362880
vn -0.837992545 0.299485239 0.456154674
vn -0.871702471 0.074880330 0.484280639
vn -0.770985002 0.498232250 0.396669575
vn -0.905849586 0.233691269 0.353305701
vn -0.974619562 0.122363189 0.187467222
vn -0.787039859 0.111925545 0.606663772
vn -0.962527647 -0.076015078 0.260311805
vn -0.808327782 -0.086061490 0.582408462
vn -0.800720028 0.062161896 0.595804780
vn -0.687230299 0.539144998 0.486864650
vn -0.756287853 0.214165811 0.618192275
vn -0.531589663 0.145475200 0.834415602
vn -0.782688792 0.001668160 0.622411016
vn -0.737082501 0.328515900 0.590581654
vn -0.585610178 0.463892695 0.664728732
vn -0.787141007 0.005580648 0.616747834
vn -0.932917306 0.290791747 0.212380461
vn -0.816268146 0.100912264 0.568790848
vn -0.903486014 0.418253259 0.093686896
vn -0.719858281 0.210175551 0.661536313
vn -0.575796713 0.636411551 0.513262587
vn -0.989202820 0.136894233 0.052323504
vn -0.709227115 0.493176158 0.503760039
vn -0.809376435 -0.109705059 0.576952845
vn -0.978660864 -0.201411375 -0.040698545
vn -0.807273011 -0.089685479 0.583323924
vn -0.845284103 0.357429957 0.397163206
vn -0.827824861 -0.023050341 0.560512873
vn -0.928142737 -0.287642995 0.236246834
vn -0.812716372 0.222854191 0.538356860
vn -0.710101652 0.001115840 0.704098288
vn -0.920344217 -0.203203794 0.334177707
vn -0.737185771 -0.145039275 0.659939958
vn -0.649131617 0.405284644 0.643717718
vn -0.926602999 -0.163665000 0.338556716
vn -0.666710192 0.551397393 0.501456313
vn -0.871074742 0.168719229 0.461261982
vn -0.864660211 0.196625902 0.462278027
vn -0.602901246 0.177525182 0.777814179
vn -0.672319770 -0.259402698 0.693322700
vn -0.533958332 0.617955007 0.577078946
vn -0.843280964 0.359848421 0.399232176
vn -0.917321323 0.120019462 0.379627343
vn -0.611524790 0.433588600 0.661844663
vn -0.774592703 0.214823572 0.594858788
vn -0.753336704 0.040375998 0.656394385
vn -0.592431276 0.441874335 0.673626198
vn -0.293952015 0.615722846 0.731079742
vn -0.699196113 -0.113588327 0.705848771
vn -0.937130886 0.073086207 0.341239079
vn -0.955524482 0.263020825 -0.133390444
vn -0.925178986 0.104727367 -0.364795865
vn -0.808203700 0.003190443 0.588894388
vn -0.972243594 -0.194437098 0.130140726
vn -0.745599340 0.461809372 0.480430774
vn -0.770643606 0.481217061 0.417778138
vn -0.554900280 -0.116311454 0.823745910
vn -0.967252290 -0.144493737 0.208673351
vn -0.967725511 0.248712735 0.040611719
vn -0.767094936 -0.041757629 0.640173148
vn -0.854007627 0.380880249 0.354402608
vn -0.694334866 -0.353325743 0.626944984
vn -0.666941375 0.167965877 0.725931585
vn -0.838756513 0.166833802 0.518318429
vn -0.460178655 0.150037997 0.875056686
vn -0.924050661 0.134574554 0.357798916
vn -0.747262757 0.660780665 0.070478966
vn -0.481938944 0.103787492 0.870036212
vn -0.719581264 0.579792817 0.382155850
vn -0.936410700 0.350846163 -0.006478530
vn -0.634431844 0.616439002 0.466368086
vn -0.868223215 0.227752433 0.440814336
vn -0.731408049 -0.197638137 0.652672531
vn -0.882960815 0.434893418 -0.176770794
vn -0.562919999 0.131673346 0.815955394
vn -0.816085040 0.002940825 0.577924355
vn -0.616856263 0.354118042 0.702914478
vn -0.905550953 0.097342905 0.412918672
vn -0.865217021 -0.340536076 0.368014521
vn -0.669330671 0.520002028 0.530654638
vn -0.887405496 0.206911282 0.411945637
vn -0.685837505 0.587050832 0.430114213
vn -0.836131113 0.006459807 0.548491597
vn -0.826036176 -0.114591207 0.551845169
vn -0.902583076 -0.081013219 0.422824609
vn -0.672358545 -0.114910904 0.731251989
vn -0.877079594 -0.233059031 0.420017706
vn -0.953471881 0.013901990 0.301161265
vn -0.632194651 0.314118630 0.708279189
vn -0.603340719 0.407752835 0.685359469
vn -0.913666548 0.219910173 0.341837615
vn -0.877195697 0.412335703 -0.245981662
vn -0.881636196 0.264242729 0.391015855
vn -0.880340656 -0.001679301 0.474339024
vn -0.652182320 0.566942678 0.503223828
vn -0.566880888 0.623069898 0.538915541
vn -0.825844406 -0.120347852 0.550905991
vn -0.894638976 0.054767102 0.443420417
vn -0.489305359 0.084045269 0.868053373
vn -0.606893905 0.065242833 0.792100474
vn -0.980132937 0.094877929 0.174176934
vn -0.595141111 -0.319635670 0.737319535
vn -0.877976379 -0.258775275 0.402731717
vn -0.780154524 0.175863914 0.600358895
vn -0.802918726 0.532390390 0.268108173
vn -0.522874206 0.195333916 0.829727200
vn -0.798440718 0.290067370 0.527592022
vn -0.330949329 0.135908557 0.933810155
vn -0.913478240 0.388929021 -0.119547989
vn -0.921598191 0.184073196 0.341721865
vn -0.739710600 0.642839535 -0.198961202
vn -0.712164603 0.016453448 0.701819679
vn -0.637295580 0.216386635 0.739615555
vn -0.723519608 -0.120335529 0.679734314
vn -0.756110851 -0.139576147 0.639386331
vn -0.523466934 0.170389771 0.834835131
vn -0.614117484 0.404058354 0.677935515
vn -0.871669239 0.046790246 0.487855932
vn -0.675460692 -0.266590602 0.687518949
vn -0.480207631 0.780535420 0.400206309
vn -0.597308935 -0.050600153 0.800413431
vn -0.814866948 -0.097762089 0.571344407
vn -0.813506783 0.466085138 0.347809370
vn -0.880234250 -0.010992125 0.474412097
vn -0.724065744 0.688664261 0.038344942
vn -0.566641451 0.661124159 0.491764489
vn -0.454994255 0.053470094 0.888887607
vn -0.603691596 0.330622893 0.725427432
vn -0.926078658 -0.000028583 0.377330515
vn 0.046982850 0.546919727 0.835865674
vn -0.830595955 -0.399734242 0.387714966
vn -0.955571305 0.095672385 0.278801498
vn -0.558901817 -0.223439523 0.798563421
vn -0.836607759 -0.081540241 0.541699776
vn -0.677380516 0.527196135 0.513049580
vn -0.863498869 -0.046883856 -0.502166912
vn -0.598337972 0.527679686 0.602947611
vn -0.932718247 0.157622222 0.324333017
vn -0.732374479 0.307312661 0.607607234
vn -0.821917464 0.469270672 -0.322857119
vn -0.875788256 -0.176120975 0.449417771
vn -0.738012600 0.531918993 0.415210293
vn -0.624888780 0.756122367 -0.194404163
vn -0.655267183 0.097482574 0.749080814
vn -0.426747224 0.695988277 0.577483442
vn -0.892132885 0.124454483 0.434292526
vn -0.952775667 0.233580808 0.194058068
vn -0.513752077 0.778579687 0.360378238
vn -0.720754460 0.513520540 0.465628246
vn -0.868961942 0.002629124 0.494871933
vn -0.368212456 0.131982507 0.920326140
vn -0.889545556 0.150241979 0.431434875
vn -0.390310152 0.629965409 0.671417582
vn -0.940190877 0.178829852 0.289932750
vn -0.796694789 0.370291029 0.477663027
vn -0.909266637 0.163222313 0.382874209
vn -0.510042587 -0.140964801 0.848519584
vn -0.268393917 0.140716472 0.952976170
vn -0.710836668 0.145798858 0.688079882
vn -0.979603886 0.052714553 0.193900496
vn -0.839813450 0.438672790 0.319811745
vn -0.826809200 0.218583041 0.518274059
vn -0.612999665 0.560523614 0.556816567
vn -0.631617463 0.020277031 0.775014982
vn -0.741980233 0.578518198 0.338794964
vn -0.651668015 0.254269719 0.714615777
vn -0.615878375 0.600092465 0.510473173
vn -0.894255580 0.314861709 0.318070845
vn -0.419831699 -0.770339214 0.479915451
vn -0.931607421 0.140380754 0.335262369
vn -0.902814071 0.330491289 0.275140438
vn -0.899706709 0.430759828 -0.070525239
vn -0.498137451 0.518503456 0.694991544
vn -0.543453139 0.499262305 0.674830228
vn -0.738872826 -0.109625847 0.664867746
vn -0.951579081 0.303619992 0.048084859
vn -0.966918866 0.167911304 0.192025258
vn -0.873645071 0.279287061 0.398425687
vn -0.702705286 0.104021527 0.703835778
vn -0.819148589 0.372653090 0.436033557
vn -0.239050498 -0.007370036 0.970979167
vn -0.742530232 -0.090413543 0.663682338
vn -0.935506151 -0.121662152 0.331702520
vn -0.970712085 -0.019309237 0.239468581
vn -0.410024241 0.512364016 0.754561619
vn -0.950335837 0.229179222 0.210567519
vn -0.873591079 0.309775656 0.375336742
vn -0.927821197 0.161214368 0.336389290
vn -0.576078554 0.460970059 0.675011188
vn -0.844838361 0.127811926 0.519530803
vn -0.215269492 0.512047625 0.831544512
vn -0.909351977 0.258820501 0.325716027
vn -0.969572235 0.203056006 0.136740411
vn -0.827419363 0.152881324 0.540374405
vn -0.764686360 -0.019041929 0.644121243
vn -0.626225149 0.281639882 0.726994525
vn -0.871361083 0.456726025 0.179251784
vn -0.616894596 0.265488268 0.740916349
vn -0.862812665 0.037421267 0.504136841
vn -0.711223664 0.437338754 0.550359623
vn -0.454166557 0.586185734 0.670909102
vn -0.887603474 0.217283168 0.406138029
vn -0.951678586 0.086028965 0.294799740
vn -0.982053286 0.032358113 0.185807145
vn -0.797837753 0.472423190 0.374528037
vn -0.875865671 0.276261103 -0.395650260
vn -0.866246929 0.120526671 0.484860372
vn -0.616966567 0.118850965 0.777963176
vn -0.622341534 0.462768583 0.631297278
vn -0.457207937 -0.112062210 0.882271479
vn -0.884534929 0.253091734 0.391845038
vn -0.881834019 0.279663064 0.379680568
vn -0.595380828 0.317186473 0.738183182
vn -0.412369420 0.584925311 0.698436713
vn -0.625779307 0.742227797 0.239787732
vn -0.749272181 0.016085231 0.662066812
vn -0.267378739 -0.241330291 0.932881719
vn -0.982261748 0.061860481 0.177017342
vn -0.730041299 0.016255176 0.683209683
vn -0.961632144 0.241311040 0.130509010
vn -0.417142049 -0.339606423 0.843006518
vn -0.724850154 0.430062756 0.538180528
vn -0.943370997 0.277897765 0.181173935
vn -0.825163066 0.230633900 0.515668420
vn -0.669734631 0.260886707 0.695265165
vn -0.975023269 0.016085692 0.221519472
vn -0.852238158 0.234005433 0.467901250
vn -0.930446362 0.336956213 0.143979438
vn -0.740400892 0.043490111 0.670757132
vn -0.686191811 0.484751774 0.542361978
vn -0.758751697 0.353790383 0.546926162
vn -0.632741818 0.506717821 0.585555156
vn -0.804037579 0.273228640 0.528081133
vn -0.546232869 -0.022740814 0.837324614
vn -0.448301218 0.620695466 0.643244243
vn -0.910697810 0.322218854 0.258465681
vn -0.935450177 -0.099614107 0.339131238
vn -0.868476006 0.054832205 0.492689412
vn -0.588747775 0.258795149 0.765768326
vn -0.934927223 0.086461852 0.344144499
vn -0.683918388 0.668239016 0.292766554
vn -0.858970211 0.348294975 0.375314251
vn -0.622573281 0.593974072 0.509506930
vn -0.793933107 -0.159675823 0.586663321
vn -0.801833374 0.560933114 0.205954565
vn -0.748515534 0.436697735 0.499018621
vn -0.922564769 0.280904167 0.264512940
vn -0.406195818 -0.108828758 0.907282348
vn -0.734568560 0.386440158 0.557739218
vn -0.934732784 0.154001467 0.320247045
vn -0.966612250 0.166502952 0.194775576
vn -0.813900208 0.485156696 -0.319670817
vn -0.913727262 0.275582757 0.298591084
vn -0.479854408 -0.010794939 0.877281720
vn -0.448775327 0.709559508 0.543255015
vn -0.725480140 -0.097404118 0.681315642
vn -0.794366909 -0.014454188 0.607266243
vn -0.725775636 0.579411290 0.370853453
vn -0.795341543 0.289013765 0.532825368
vn -0.596914060 0.689658365 0.409957247
vn -0.751516147 0.391077931 0.531301734
vn -0.962437951 0.138058664 0.233779803
vn -0.682887941 0.141265445 0.716734353
vn -0.597886281 0.478230832 0.643294075
vn -0.574926560 -0.117267543 0.809757849
vn -0.627609888 0.361768771 0.689368686
vn -0.657662701 0.673383240 0.337690367
vn -0.786813616 0.061616968 0.614107225
vn -0.950032535 -0.009554242 0.312004644
vn -0.821960609 0.214849156 0.527466204
vn -0.863573841 0.265586474 0.428607099
vn -0.700120385 -0.068809979 0.710701508
vn -0.376766173 -0.028125659 0.925881309
vn -0.660002516 -0.229697722 0.715287100
vn -0.925071453 0.187811317 0.330105615
vn -0.833660954 0.238067507 0.498330488
vn -0.608983707 0.638820980 0.470155932
vn -0.453229800 0.553003242 0.699120993
vn -0.579780796 0.702858125 0.412122172
vn -0.669419297 -0.029746164 0.742289007
vn -0.700267325 -0.120552424 0.703628301
vn -0.966959158 -0.059775312 0.247824333
vn -0.883844058 -0.026726113 0.467017554
vn -0.239095560 0.297215750 0.924389588
vn -0.754513180 0.021858445 0.655920780
vn -0.696093649 0.214687641 0.685100612
vn -0.547569283 -0.107765818 0.829791786
vn -0.829518633 0.130655964 0.542980531
vn -0.714781901 0.197743464 0.670808733
vn -0.730624800 0.312275146 0.607183362
vn -0.599286739 0.441486262 0.667791348
vn -0.776328227 0.483184583 0.404780364
vn -0.759175991 0.498987695 0.417927141
vn -0.729356846 0.556853750 0.397432375
vn -0.592723640 -0.025296581 0.805008552
vn -0.244918292 0.615520437 0.749099207
vn -0.840049365 0.348450685 0.415811476
vn -0.953817942 0.106980832 0.280689214
vn -0.916109916 0.217357138 0.336895379
vn -0.744705360 0.136275975 0.653332064
vn -0.741896745 -0.263201552 0.616696168
vn -0.844454406 0.096463188 0.526869632
vn -0.772276764 -0.103674895 0.626769587
vn -0.537031674 -0.225151009 0.812960026
vn -0.660500238 0.562387262 0.497453518
vn -0.756452595 0.204899158 0.621124630
vn -0.809326210 0.153939715 0.566827708
vn -0.499643485 0.371677367 0.782439980
vn -0.835538754 0.080882942 0.543445434
vn -0.666235249 0.624849289 0.407055228
vn -0.808226068 -0.026118524 0.588292823
vn -0.867446749 0.135870590 0.478618136
vn -0.901806007 0.088549287 0.422971571
vn -0.984091262 -0.010761674 0.177337458
vn -0.635838956 0.716725773 0.286379097
vn -0.926416005 -0.177284258 0.332150082
vn -0.745412417 0.141917778 0.651321483
vn -0.767474362 0.087479772 0.635082981
vn -0.943347538 -0.078737791 0.322328687
vn -0.740190346 0.008154590 0.672347941
vn -0.533040896 -0.409695539 0.740281682
vn -0.957491733 0.037258505 0.286044378
vn -0.223375549 0.573730590 0.787995288
vn -0.380575302 0.318035490 0.868340870
vn -0.802109765 -0.107683166 0.587387658
vn -0.699053828 -0.094242491 0.708831502
vn -0.794352381 0.566497442 0.219282793
vn -0.627766212 0.156219666 0.762564750
vn -0.625220304 -0.041000446 0.779370601
vn -0.787988590 0.121823806 0.603517143
vn -0.980990045 0.162762625 0.105673363
vn -0.784583112 0.110176112 0.610156180
vn -0.729890841 -0.068755998 0.680097032
vn -0.592129128 -0.138180647 0.793907554
vn -0.828199687 0.073513905 0.555590663
vn -0.787468082 -0.080374102 0.611092484
vn -0.445004037 0.277919970 0.851311869
vn -0.713937828 0.241355657 0.657297668
vn -0.699850560 -0.005183001 0.714270488
vn -0.760897262 0.184010662 0.622234226
vn -0.303545392 -0.052949594 0.951344594
vn -0.464706107 0.798191390 0.383325890
vn -0.749259000 0.212566669 0.627237087
vn -0.869462290 -0.060963093 0.490223242
vn -0.829872823 0.556287810 0.043069357
vn -0.715298404 0.658483676 0.233981714
vn -0.739937564 0.130855766 0.659825106
vn -0.887686095 -0.014720302 0.460213765
vn -0.601548392 0.572260751 0.557366275
vn -0.930206471 0.146831457 0.336387342
vn -0.624911385 0.714111560 0.315484452
vn -0.741035501 0.555630440 0.377016180
vn -0.870195132 0.221829945 0.439945347
vn -0.594519854 0.047522438 0.802675377
vn -0.873446340 0.282897957 0.396308260
vn -0.806491320 0.376982188 0.455473579
vn -0.126860517 0.155480272 0.979659275
vn -0.792272682 -0.028883985 0.609483152
vn -0.714018569 0.096850927 0.693395545
vn -0.734130038 -0.072330904 0.675145412
vn -0.771418269 0.054982222 0.633948586
vn -0.755242678 -0.043842710 0.653977304
vn -0.897968161 -0.014623382 0.439817392
vn -0.451829887 0.233225622 0.861078139
vn -0.595004837 0.359776218 0.718700437
vn -0.320067053 0.556076592 0.767030576
vn -0.860720325 0.034988922 0.507874292
vn -0.697304406 0.454294871 0.554421082
vn -0.742310599 0.118207643 0.659546760
vn -0.633089891 0.300536021 0.713354954
vn -0.890444529 0.088805661 0.446343024
vn -0.867907833 0.021275758 0.496269419
vn -0.652979383 0.102479359 0.750410492
vn -0.777175189 0.295362895 0.555661305
vn -0.965634836 -0.168151338 0.198177930
vn -0.738716474 0.092523941 0.667635598
vn -0.805178861 0.062896311 0.589687252
vn -0.850137122 0.109961697 0.514951744
vn -0.399415080 0.087761299 0.912559887
vn -0.705364852 0.563888730 0.429522906
vn -0.786707259 0.050996411 0.615216267
vn -0.627476933 0.595559585 0.501578986
vn -0.778292663 0.433850158 0.453910311
vn -0.737662514 0.095164445 0.668429311
vn -0.721959689 -0.057799343 0.689516819
vn -0.661598434 -0.053579887 0.747941647
vn -0.777726774 0.122016937 0.616646521
vn -0.437926762 0.360850480 0.823411855
vn -0.719423465 0.054215786 0.692452545
vn -0.779867408 -0.045626674 0.624279611
vn -0.537867160 0.389327584 0.747745245
vn -0.950478221 0.158922882 0.267085507
vn -0.887853627 0.041696879 0.458232809
vn -0.303631409 0.298931442 0.904681137
vn -0.212853171 0.251759489 0.944092521
vn -0.710385522 -0.180214652 0.680349241
vn -0.795355741 0.063514999 0.602806013
vn -0.846690915 0.076803480 0.526512791
vn -0.770823176 0.178357493 0.611571938
vn -0.397679152 -0.061409151 0.915467208
vn -0.809791499 0.006225289 0.586684731
vn -0.487884505 0.617231188 0.617247415
vn -0.700709161 0.102946370 0.705980677
vn -0.374715278 0.409562651 0.831773343
vn -0.806896984 0.214352294 0.550427426
vn -0.626163247 0.395942853 0.671676146
vn -0.689606700 0.321419063 0.648947136
vn -0.830058233 0.007492451 0.557626392
vn -0.784677237 -0.407197655 0.467409568
vn -0.674519780 0.149931223 0.722871838
vn -0.947711165 0.002857652 0.319116564
vn -0.808598269 0.282716400 0.515984763
vn -0.795647362 0.153711773 0.585933414
vn -0.877561326 0.156099954 0.453341950
vn -0.713348083 0.139266744 0.686832794
vn -0.891808149 0.153927408 0.425422823
vn -0.801666293 0.092778715 0.590527954
vn -0.856890673 0.384855709 0.342964223
vn -0.774930307 0.348012511 0.527608104
vn -0.923015556 0.074916261 0.377398779
vn -0.770846418 0.299408740 0.562272359
vn -0.869085084 -0.402964692 0.286898196
vn -0.699550025 0.244676410 0.671389021
vn -0.902922395 0.014397973 0.429562391
vn -0.769424633 0.183268331 0.611881077
vn -0.655412105 0.136160557 0.742896544
vn -0.775506890 0.208938813 0.595763070
vn -0.907890913 0.047597023 0.416495635
vn -0.980027284 0.069033364 0.186496427
vn -0.785433523 0.267709351 0.558055450
vn -0.543194329 0.477846762 0.690363956
vn -0.766164383 0.047721129 0.640870371
vn -0.815673269 0.215868546 0.536728879
vn -0.338935992 0.414823855 0.844419068
vn -0.319473996 0.457742092 0.829703888
vn -0.823349988 0.174049545 0.540186591
vn -0.826645306 0.031955460 0.561815261
vn -0.791519936 0.043656369 0.609582080
vn -0.569303736 0.547067016 0.613686351
vn -0.827515975 0.254412491 0.500491354
vn -0.757241309 0.233695678 0.609895015
vn -0.673315519 0.480288138 0.562111659
vn -0.818741936 0.468603674 0.331771366
vn -0.752344793 0.277078137 0.597666311
vn -0.949131245 -0.009395886 0.314740523
vn -0.839227153 0.085277366 0.537052657
vn -0.450527485 0.594581142 0.665956644
vn -0.440011401 0.477429411 0.760559745
vn -0.958233765 -0.066352430 0.278182326
vn -0.919312416 0.233378570 0.316858209
vn -0.784116425 0.269397691 0.559094192
vn -0.579867655 0.500302445 0.643001529
vn -0.365541536 0.547876273 0.752469917
vn -0.709427320 0.353458473 0.609737636
vn -0.688521348 0.388289406 0.612510972
vn -0.713232591 0.375617609 0.591786011
vn -0.847225931 -0.107474983 0.520247393
vn -0.751955332 0.379558912 0.538978860
vn -0.758070159 0.282590556 0.587768842
vn -0.497453622 0.485265795 0.719066758
vn -0.624552284 0.423272037 0.656334691
vn -0.816489130 0.242390827 0.524015446
vn -0.736726959 0.342843693 0.582830670
vn -0.947222391 0.265401766 0.179810023
vn -0.731450742 0.075887115 0.677658438
vn -0.885883064 0.184869954 0.425481254
vn -0.624871291 0.355673319 0.695005295
vn -0.499852820 0.513567431 0.697420714
vn -0.580092021 0.465288646 0.668580379
vn -0.824237135 0.235899880 0.514766347
vn -0.787159872 0.346750996 0.510042236
vn -0.427429309 0.416887971 0.802189881
vn -0.784569249 0.173148757 0.595374337
vn -0.790493852 0.127810181 0.598985832
vn -0.545790249 0.459394556 0.700763617
vn -0.746818213 0.305099732 0.590911762
vn -0.832026677 -0.034190926 0.553680946
vn -0.547669005 0.480423844 0.685019409
vn -0.767426770 0.356079835 0.533163487
vn -0.685899654 0.376097983 0.622970281
vn -0.722322584 -0.004410523 0.691542213
vn -0.731072358 0.313048050 0.606245928
vn -0.615537866 0.291400032 0.732256210
vn -0.340422078 0.469736591 0.814530751
vn -0.736018709 0.515591528 0.438681931
vn -0.972281441 0.070218704 0.223020477
vn -0.799413410 0.267270836 0.538056224
vn -0.799987481 -0.142736988 0.582791715
vn -0.809992214 0.383385019 0.443766312
vn -0.820887259 0.367739003 0.436934931
vn -0.952703741 0.272114407 0.135311981
vn -0.869140538 0.257964613 0.421958509
vn -0.812309415 0.207098209 0.545218989
vn -0.931280542 0.239904846 0.274157284
vn -0.936686895 0.170536917 0.305834631
vn -0.833212597 0.254443906 0.490932853
vn -0.799089990 0.218435741 0.560125892
vn -0.835083422 0.068144672 0.545886418
vn -0.746875941 -0.031982277 0.664193844
vn -0.366928497 0.424693610 0.827646552
vn -0.938174424 0.246687487 0.242845698
vn -0.830936419 0.159076335 0.533141058
vn -0.910079039 0.170291367 0.377831964
vn -0.836601733 0.015075994 0.547604103
vn -0.860343612 0.103374155 0.499121882
vn -0.740372038 0.340827259 0.579384177
vn -0.312828682 0.760896411 0.568484712
vn -0.688968785 0.392791735 0.609127791
vn -0.624675545 0.299570215 0.721136706
vn -0.909871504 0.183463019 0.372122516
vn -0.828400907 0.105239063 0.550160592
vn -0.810465961 0.107723378 0.575795623
vn -0.665782904 0.483468788 0.568323020
vn -0.478551446 0.731543359 0.485626222
vn -0.593327572 0.523579958 0.611413461
vn -0.789589573 0.303859197 0.533120900
vn -0.432177455 0.514655722 0.740508025
vn -0.740616808 0.346172412 0.575891834
vn -0.691973397 0.410575718 0.593801649
vn -0.950458771 0.260750362 0.169225805
vn -0.886439407 0.339811105 0.314250840
vn -0.654185497 0.425777956 0.625103566
vn -0.527360039 -0.000181587 0.849641899
vn -0.204462178 0.860840029 0.465993199
vn -0.535505330 0.500621437 0.680156025
vn -0.850051442 0.298199646 0.434153795
vn -0.495678686 0.493811340 0.714459936
vn -0.789915601 0.251096566 0.559449602
vn -0.630855541 0.168753870 0.757326494
vn -0.943130528 -0.001712282 0.332418222
vn -0.539212123 0.527386667 0.656592407
vn -0.741797156 0.464347277 0.483858023
vn -0.796059059 0.295483076 0.528185315
vn -0.430589211 0.461128060 0.775856845
vn -0.690534074 -0.053357340 0.721329111
vn -0.669107737 0.443633170 0.596225165
vn -0.823714353 0.214602655 0.524824128
vn -0.678614072 0.376595937 0.630601651
vn -0.694470101 -0.135830609 0.706584266
vn -0.572607427 0.513733058 0.638904594
vn -0.412757476 0.799214118 0.436907380
vn -0.844582574 0.224686614 0.486000207
vn -0.882316005 0.336268378 0.329305397
vn -0.855800018 0.229000881 0.463858735
vn -0.769291723 0.055730038 0.636462417
vn -0.751784299 0.156567356 0.640552130
vn -0.736399204 0.186867140 0.650228333
vn -0.804522421 0.317126992 0.502169439
vn -0.717308132 0.066016193 0.693621587
vn -0.756305893 0.355369622 0.549284834
vn -0.468922645 0.479685919 0.741628595
vn -0.628872944 0.529112169 0.569700916
vn -0.718233684 -0.058511941 0.693337384
vn -0.833652903 -0.052324971 0.549804451
vn -0.713875823 0.381709010 0.587094150
vn -0.628207141 0.019760079 0.777795170
vn -0.788477131 0.264765181 0.555160529
vn -0.776265303 0.034790938 0.629445605
vn -0.910012655 0.128016950 0.394320463
vn -0.661875777 0.103417567 0.742445461
vn -0.439187407 0.769119978 0.464293959
vn -0.837015156 0.301649993 0.456522628
vn -0.802221133 0.194975745 0.564292223
vn -0.579977511 0.512383373 0.633316166
vn -0.846660061 0.203856135 0.491537809
vn -0.753985904 0.308942671 0.579706549
vn -0.620100520 0.526318674 0.581776588
vn -0.691853391 0.278618357 0.666116128
vn -0.723097092 0.143241354 0.675731093
vn -0.813953625 0.252605642 0.523134673
vn -0.647457607 0.522906858 0.554406949
vn -0.890972726 0.349341816 0.290048096
vn -0.684804562 -0.005727843 0.728704264
vn -0.857575559 0.030995302 0.513423268
vn -0.882452211 0.281611197 0.376793351
vn -0.722739128 -0.056066038 0.688843053
vn -0.843708590 0.475462676 0.249180775
vn -0.989122182 -0.144443106 0.027811828
vn -0.883955396 -0.159812627 0.439411860
vn -0.891102897 0.052100146 0.450800623
vn -0.808906340 0.003214435 0.587928737
vn -0.833892516 0.098298605 0.543102804
vn -0.782577696 0.239318628 0.574716230
vn -0.581139177 0.506385758 0.637064141
vn -0.854948190 0.354159434 0.378991672
vn -0.722136051 0.316309128 0.615197578
vn -0.550391132 0.487497648 0.677802069
vn -0.618781730 0.735761947 0.275251754
vn -0.853999036 0.464526032 0.234310076
vn -0.859619025 0.210657555 0.465487408
vn -0.715960995 0.229680617 0.659277383
vn -0.488365112 0.441727035 0.752580058
vn -0.473938242 0.468779648 0.745404712
vn -0.894236237 0.288937389 0.341843148
vn -0.880477554 0.425139626 0.209798890
vn -0.788798232 -0.041417970 0.613255168
vn -0.711226889 0.438238332 0.549639407
vn -0.873739482 0.011446604 0.486259492
vn -0.726058778 0.233041383 0.646939228
vn -0.699268166 0.526965197 0.483044214
vn -0.794578291 0.013984511 0.607000636
vn -0.730488232 0.260803948 0.631164197
vn -0.766220896 0.050285168 0.640606697
vn -0.855053550 0.149228440 0.496602758
vn -0.842163560 0.224370406 0.490324852
vn -0.917659804 0.120329789 0.378709949
vn -0.504901534 0.483679386 0.714932649
vn -0.871161063 0.217107028 0.440389532
vn -0.623737152 0.484795544 0.613127431
vn -0.862911231 0.266356492 0.429462951
vn -0.781806335 0.579196318 0.230890625
vn -0.754463476 0.266267445 0.599905418
vn -0.636254702 0.463465536 0.616749261
vn -0.787579410 0.399029817 0.469567756
vn -0.874881769 0.118027968 0.469735339
vn -0.809964723 0.275079466 0.517965669
vn -0.867464053 0.178505541 0.464372576
vn -0.726055657 0.616180626 0.305228798
vn -0.753211987 0.307888382 0.581271406
vn -0.806173474 0.224536178 0.547419249
vn -0.552390480 0.485365754 0.677705572
vn -0.840596578 0.254809294 0.477984955
vn -0.669182122 0.741912092 0.041973030
vn -0.871110310 0.179875660 0.456959052
vn -0.856186045 0.002254263 0.516662728
vn -0.758603678 0.286689848 0.585089216
vn -0.891556588 0.300015042 0.339290177
vn -0.768827382 0.256570134 0.585727090
vn -0.824621200 0.212831890 0.524120657
vn -0.793048971 0.277237886 0.542413574
vn -0.865275270 0.129048903 0.484401783
vn -0.832535220 0.359118833 0.421804186
vn -0.698608337 0.426925067 0.574178874
vn -0.875225313 0.115160020 0.469807217
vn -0.861013366 0.196176502 0.469223574
vn -0.855938670 0.221210577 0.467370167
vn -0.782573011 0.313921765 0.537617529
vn -0.842116460 0.466891204 0.269911969
vn -0.638870802 0.469976376 0.609070032
vn -0.620435134 0.765938499 0.168518427
vn -0.603089039 0.493713261 0.626522807
vn -0.456521938 0.510650377 0.728576634
vn -0.870802187 0.123313297 0.475917411
vn -0.716794626 0.373891054 0.588566856
vn -0.886137260 0.097832679 0.452978503
vn -0.601800757 0.447488151 0.661506012
vn -0.850926130 0.288750020 0.438803085
vn -0.802565263 0.240577097 0.545904441
vn -0.839939436 0.259953329 0.476367516
vn -0.887143506 0.195615828 0.417984266
vn -0.600837081 0.400080431 0.692048012
vn -0.741195579 0.441543983 0.505636257
vn -0.747094987 0.331863156 0.575947850
vn -0.804993451 0.461785734 0.372477489
vn -0.846956792 0.132662992 0.514844368
vn -0.485585446 0.469269849 0.737558529
vn -0.805561977 0.289758656 0.516826685
vn -0.940929393 0.096284103 0.324624782
vn -0.852259662 0.245222690 0.462081486
vn -0.932181361 0.200681278 0.301272195
vn -0.800982212 0.294932094 0.521001494
vn -0.819470436 0.290446841 0.494073717
vn -0.886131751 0.223584529 0.405931618
vn -0.739890669 0.658637322 0.136962316
vn -0.530296280 0.429233320 0.731125579
vn -0.831409915 0.508776247 0.223392667
vn -0.735716024 0.345204771 0.582713994
vn -0.748079361 0.334449180 0.573167528
vn -0.835208746 0.093403457 0.541942935
vn -0.857662283 0.512350527 0.043730379
vn -0.678092788 0.377496481 0.630623959
vn -0.850027610 0.213195040 0.481664756
vn -0.862645305 0.278443810 0.422270201
vn -0.638291206 0.413435107 0.649350252
vn -0.771671787 0.273252303 0.574330769
vn -0.806575838 0.281689237 0.519698558
vn -0.778564326 0.297219432 0.552718915
vn -0.629196027 0.413021164 0.658426820
vn -0.775500950 0.328678777 0.539044097
vn -0.582094129 0.409484221 0.702487792
vn -0.907159694 0.133144543 0.399166407
vn -0.868945378 0.069893233 0.489947821
vn -0.896871660 0.181194850 0.403471997
vn -0.863439988 0.154786453 0.480117216
vn -0.844505524 0.493959429 0.206916657
vn -0.708869153 0.375474424 0.597095872
vn -0.728208672 0.342502424 0.593636438
vn -0.791949046 0.273430320 0.545941910
vn -0.827950538 0.315475190 0.463652145
vn -0.886825701 0.197846098 0.417608785
vn -0.826873181 0.031240682 0.561520047
vn -0.781606461 0.305109940 0.544058145
vn -0.911878277 0.283397450 0.296924052
vn -0.594392896 0.406242936 0.694020002
vn -0.408546135 0.499339539 0.764035392
vn -0.756734749 0.332865004 0.562630792
vn -0.872565437 0.292699364 0.391096715
vn -0.887162652 0.204920675 0.413460935
vn -0.634877976 0.395008105 0.664001922
vn -0.997354113 0.055305116 0.047181756
vn -0.795852792 0.283066583 0.535249141
vn -0.723598190 0.349687620 0.595083379
vn -0.942810922 0.118799073 0.311439153
vn -0.818215869 0.199455365 0.539203440
vn -0.808810985 0.485518460 0.331808100
vn -0.419332545 0.470256353 0.776543096
vn -0.655270601 0.393470486 0.644826656
vn -0.683351391 0.307255754 0.662287534
vn -0.951746438 0.279656676 0.126375873
vn -0.870570103 0.256326881 0.420005031
vn -0.729639093 0.246136240 0.637999800
vn -0.747856384 0.283881246 0.600101881
vn -0.780792257 0.258994663 0.568581758
vn -0.849883992 0.275927700 0.448955572
vn -0.571518061 0.391180324 0.721349472
vn -0.641672479 0.397235255 0.656094949
vn -0.792547110 0.192887289 0.578501143
vn -0.485216701 0.430362331 0.761152427
vn -0.836183526 0.231004639 0.497427348
vn -0.670636392 -0.010419613 0.741713059
vn -0.892806188 0.169906096 0.417167867
vn -0.718264427 0.351012564 0.600738206
vn -0.907251928 0.085604750 0.411783639
vn -0.624928705 0.403167488 0.668520823
vn -0.889072208 0.131005500 0.438620755
vn -0.612624607 0.368027165 0.699462005
vn -0.855648806 0.357953301 0.373810854
vn -0.928950844 0.304064220 0.211175945
vn -0.784034014 0.308103258 0.538853456
vn -0.592179151 0.385116446 0.707820017
vn -0.825116055 0.133681859 0.548919536
vn -0.866292407 0.083705883 0.492474152
vn -0.747743820 0.091454836 0.657658872
vn -0.805692343 0.335848029 0.487920024
vn -0.799276710 0.222267275 0.558349352
vn -0.762018733 -0.129939064 0.634384182
vn -0.818941880 0.353611861 0.451987665
vn -0.670051836 0.333182701 0.663339901
vn -0.725682720 0.332206878 0.602514050
vn -0.680357077 0.381994549 0.625455363
vn -0.337723209 0.521784189 0.783380044
vn -0.899381107 0.220165655 0.377678050
vn -0.766790608 0.310779195 0.561647981
vn -0.869593051 0.219743547 0.442177226
vn -0.419931740 0.492280692 0.762441509
vn -0.841391389 0.231598817 0.488285284
vn -0.897254967 -0.005437276 0.441479287
vn -0.841458419 0.270566360 0.467698166
vn -0.779699802 0.174298562 0.601405213
vn -0.647404073 0.326505254 0.688667035
vn -0.823324358 0.130801089 0.552293470
vn -0.859038194 0.163028114 0.485257886
vn -0.697692223 0.370173914 0.613348869
vn -0.809217543 0.325351371 0.489196743
vn -0.803927174 0.188766872 0.563975325
vn -0.774976106 0.281808214 0.565682035
vn -0.897566117 -0.129920255 0.421302495
vn -0.857530956 0.249147583 0.450073484
vn -0.870243322 0.201914849 0.449340578
vn -0.934008839 0.243024559 0.261852157
vn -0.675011541 0.349689634 0.649674210
vn -0.836101026 0.177775454 0.518971061
vn -0.843910126 0.303285949 0.442530600
vn -0.823054107 0.083047670 0.561858542
vn -0.871942557 0.265588405 0.411313719
vn -0.863223784 0.344737345 0.368782947
vn -0.787329834 0.176148023 0.590832977
vn -0.711073128 -0.028554323 0.702538011
vn -0.674653687 0.357863292 0.645582114
vn -0.822808502 0.051064569 0.566019945
vn -0.739547000 -0.200517502 0.642544135
vn -0.485665627 0.451216309 0.748687345
vn -0.570280735 0.366347762 0.735234113
vn -0.745265278 0.332231881 0.578101758
vn -0.632573842 0.344112810 0.693856403
vn -0.915865453 0.239770599 0.322025670
vn -0.846202248 0.131629308 0.516348217
vn -0.675239637 0.296174874 0.675523410
vn -0.588612729 0.377437692 0.714895687
vn -0.423299507 0.475837600 0.770970886
vn -0.939788610 0.227391201 0.255128615
vn -0.875696831 0.285320284 0.389547681
vn -0.586628101 0.363304876 0.723793505
vn -0.906560691 0.184514233 0.379607971
vn -0.678756776 0.151219794 0.718624945
vn -0.694162607 0.405840864 0.594501025
vn -0.706171325 0.353937872 0.613229192
vn -0.894918396 0.202100302 0.397839832
vn -0.944853010 0.132421855 0.299528367
vn -0.868827087 0.230563841 0.438155005
vn -0.727614396 0.337083648 0.597454521
vn -0.771703320 0.190648931 0.606734679
vn -0.820610284 0.365932457 0.438967195
vn -0.421879551 -0.148602684 0.894390791
vn -0.784590611 0.115595764 0.609142998
vn -0.860373957 -0.135197800 0.491404323
vn -0.634634506 0.336070410 0.695913589
vn -0.844396654 0.003327692 0.535708145
vn -0.859015374 0.234022828 0.455330543
vn -0.750503647 -0.004603153 0.660850276
vn -0.872850168 0.254723139 0.416231554
vn -0.934753593 -0.037271655 0.353336304
vn -0.826236624 0.138911871 0.545927223
vn -0.663441203 0.513206193 0.544486156
vn -0.876821178 0.086396759 0.472990720
vn -0.576375971 0.361535977 0.732859111
vn -0.756500346 -0.121934688 0.642525609
vn -0.947591245 0.089639450 0.306652249
vn -0.833662247 0.244039084 0.495431310
vn -0.822382384 0.284286707 0.492816683
vn -0.891988605 0.194747613 0.407957958
vn -0.548639942 0.402904215 0.732572459
vn -0.796048739 0.154069328 0.585293983
vn -0.875717120 0.217558012 0.431031365
vn -0.889875425 0.232042468 0.392782409
vn -0.824484541 0.141379638 0.547938902
vn -0.822052099 0.275945320 0.498080843
vn -0.672258205 0.328496804 0.663444614
vn -0.503720216 -0.578314927 0.641730309
vn -0.813956306 0.133043438 0.565486140
vn -0.869291005 0.224961631 0.440142492
vn -0.421784823 -0.214169745 0.881038525
vn -0.785444707 0.218104493 0.579229697
vn -0.951076579 -0.083785633 0.297377383
vn -0.853842399 0.224908344 0.469435186
vn -0.435204769 0.426702507 0.792793655
vn -0.891847989 0.058950808 0.448477387
vn -0.918171105 0.061757780 0.391341027
vn -0.845953655 0.255267458 0.468188998
vn -0.922988237 -0.105341450 0.370129563
vn -0.568123912 0.353540803 0.743131294
vn -0.612426565 0.363422962 0.702038071
vn -0.577005674 0.410922711 0.705837784
vn -0.856759077 0.248117212 0.452108099
vn -0.623396428 0.425817335 0.655786925
vn -0.859792238 0.021420183 0.510194555
vn -0.404079048 -0.138100168 0.904239164
vn -0.824958524 0.144473858 0.546416267
vn -0.940774831 0.064925569 0.332757251
vn -0.794346172 0.239812402 0.558125587
vn -0.445561552 0.442454823 0.778272852
vn -0.692968613 0.348409558 0.631193536
vn -0.824703281 -0.018736549 0.565255200
vn -0.777299648 0.212120789 0.592292182
vn -0.726734011 0.340719943 0.596462571
vn -0.841785348 0.253542733 0.476564277
vn -0.798390196 0.084268068 0.596214716
vn -0.709327423 0.352559502 0.610373987
vn -0.675306456 0.339682013 0.654658171
vn -0.889094156 -0.181999842 0.419985285
vn -0.493121513 0.443795012 0.748249397
vn -0.859599848 0.217295316 0.462461726
vn -0.863369994 0.188186801 0.468164481
vn -0.866505503 -0.398447241 0.300679247
vn -0.808883147 0.246095995 0.533989527
vn -0.716991029 0.406524347 0.566270094
vn -0.627441835 0.366552838 0.686990364
vn -0.740358055 0.537819133 0.403262359
vn -0.512547130 0.427515149 0.744665185
vn -0.920336503 0.228499783 0.317440658
vn -0.800955706 0.421012571 0.425697512
vn -0.686603908 0.032581907 0.726301241
vn -0.860088231 0.223755173 0.458455949
vn -0.843030526 0.223198049 0.489369148
vn -0.881412513 0.235516489 0.409443482
vn -0.798389295 0.129124864 0.588133746
vn -0.719498962 0.414328701 0.557362514
vn -0.679906843 0.329007154 0.655347982
vn -0.580265118 0.385452333 0.717439121
vn -0.547092850 0.419669953 0.724269663
vn -0.873962322 0.246050556 0.419104979
vn -0.884186334 0.111145724 0.453719247
vn -0.460394258 0.431899419 0.775564323
vn -0.851060459 -0.077661055 0.519292649
vn -0.842097828 0.188489407 0.505314745
vn -0.707126609 0.324209469 0.628379009
vn -0.967123874 -0.124564774 0.221709334
vn -0.835607146 0.347487947 0.425456018
vn -0.894720461 0.045146791 0.444338907
vn -0.867269294 0.191180755 0.459667152
vn -0.750940673 0.366947832 0.549033144
vn -0.899272232 -0.097976224 0.426274691
vn -0.817087181 0.334562759 0.469506443
vn -0.722523497 0.317557986 0.614098300
vn -0.762496111 0.511534251 0.396146930
vn -0.849687755 0.253126749 0.462555476
vn -0.874046476 0.263948911 0.407889360
vn -0.798817119 0.252585316 0.545977902
vn -0.625785585 0.333716203 0.705000636
vn -0.842852402 -0.054254956 0.535402865
vn -0.577801618 0.434895429 0.690660015
vn -0.869727448 0.138068620 0.473826151
vn -0.721788453 0.273927582 0.635598230
vn -0.877563914 0.186661208 0.441632392
vn -0.865252624 0.227541551 0.446724456
vn -0.968671140 0.244829536 -0.041649975
vn -0.628994169 0.320860882 0.708106369
vn -0.526419823 0.553660644 0.645245737
vn -0.698479428 0.078725629 0.711286696
vn -0.804255829 0.217726478 0.552962695
vn -0.831093437 0.204548385 0.517149550
vn -0.674754911 0.292117639 0.677770680
vn -0.840453542 0.318716015 0.438244162
vn -0.762696392 0.362143880 0.535860078
vn -0.488393451 0.431750191 0.758329487
vn -0.834718553 0.222215098 0.503850560
vn -0.621052543 0.327060177 0.712267772
vn -0.860535136 0.282017543 0.424199700
vn -0.925426046 0.276552369 0.259047138
vn -0.679716046 0.281765445 0.677195933
vn -0.814562941 0.285698750 0.504840014
vn -0.647153606 0.369293383 0.666944232
vn -0.728391228 0.079031337 0.680588177
vn -0.839961669 0.215439408 0.498046439
vn -0.524579290 0.410001220 0.746133747
vn -0.569775209 0.215522023 0.793036234
vn -0.857732230 0.217651649 0.465750127
vn -0.523374273 0.509667812 0.682874873
vn -0.853533917 0.268469768 0.446546566
vn -0.897560691 0.221691720 0.381100494
vn -0.893282958 0.226287147 0.388380849
vn -0.848936589 0.226121823 0.477677286
vn -0.875762249 0.142477802 0.461238072
vn -0.881809720 0.210015196 0.422262046
vn -0.832472121 0.198179148 0.517412014
vn -0.615821593 0.348192244 0.706771482
vn -0.692455260 0.264294343 0.671307838
vn -0.888197071 -0.042484298 0.457494314
vn -0.863786312 -0.060133741 0.500257075
vn -0.809812388 0.226561922 0.541177967
vn -0.476017074 0.427825816 0.768357219
vn -0.753220515 0.293693550 0.588560069
vn -0.926014194 0.124176196 0.356479992
vn -0.662712672 0.137898891 0.736067803
vn -0.843855848 0.304814421 0.441582922
vn -0.618337833 0.283668937 0.732932643
vn -0.808413167 0.159215401 0.566673282
vn -0.765234385 0.315804309 0.560967000
vn -0.719628490 0.367986778 0.588829829
vn -0.557162346 0.348752729 0.753619038
vn -0.880570702 0.258317404 0.397325253
vn -0.619293735 0.408167606 0.670726826
vn -0.935167580 0.336499470 0.110587994
vn -0.818356230 0.238477465 0.522897293
vn -0.830182032 0.213777355 0.514875749
vn -0.744973903 0.219222767 0.630043857
vn -0.987583572 0.137584002 0.075824346
vn -0.803443060 0.057109553 0.592636270
vn -0.501994558 0.418239389 0.757018677
vn -0.850234341 0.222713842 0.476969715
vn -0.809075570 0.085474324 0.581455813
vn -0.771968874 0.214739489 0.598290072
vn -0.859761705 0.198916673 0.470363655
vn -0.631274061 0.258152139 0.731334761
vn -0.720257650 0.326818382 0.611897592
vn -0.601860305 0.275481738 0.749582540
vn -0.778195274 0.250015436 0.576111445
vn -0.874963448 0.030871530 0.483203801
vn -0.867020502 0.227345852 0.443383934
vn -0.670568991 0.251835538 0.697793730
vn -0.818768717 0.110012242 0.563484777
vn -0.729218517 0.269650480 0.628910942
vn -0.893352822 -0.034036224 0.448065030
vn -0.505651308 0.409864908 0.759162376
vn -0.810548733 0.274172985 0.517532536
vn -0.478668709 0.467100423 0.743433562
vn -0.840461742 0.220490804 0.494982693
vn -0.657069062 0.217853034 0.721664952
vn -0.858504869 0.241761477 0.452239736
vn -0.864630846 0.156772396 0.477321606
vn -0.664897393 0.151482368 0.731412707
vn -0.864272634 0.199226365 0.461889240
vn -0.758563228 0.170208716 0.628976011
vn -0.716799436 0.236640363 0.655896263
vn -0.868710617 0.280296173 0.408382074
vn -0.511596739 0.373652840 0.773726264
vn -0.840854014 0.157432736 0.517860465
vn -0.680687482 0.204929901 0.703326587
vn -0.914762923 0.204776226 0.348246309
vn -0.839391820 0.237173992 0.489049966
vn -0.881518004 0.225581524 0.414775824
vn -0.958881130 -0.151826513 0.239782586
vn -0.876019277 -0.062973280 0.478147040
vn -0.573964714 0.291321403 0.765308008
vn -0.792869764 0.176319068 0.583325916
vn -0.780828569 0.182140188 0.597604968
vn -0.819659989 0.176442024 0.545000656
vn -0.899732308 0.175766103 0.399484733
vn -0.871078902 0.171593959 0.460192416
vn -0.873649385 0.180311728 0.451911976
vn -0.858450439 0.162519984 0.486466956
vn -0.803316452 0.222095062 0.552590681
vn -0.930019000 0.166648924 0.327555789
vn -0.855606375 0.161592606 0.491757624
vn -0.804483675 0.267132492 0.530515079
vn -0.522335829 0.485311104 0.701169319
vn -0.788583968 0.223274304 0.572960654
vn -0.952830179 -0.151455704 0.263012963
vn -0.753271540 0.162213379 0.637392192
vn -0.749626194 0.216922902 0.625303945
vn -0.563238073 0.465557063 0.682656205
vn -0.660932711 0.406183282 0.631017507
vn -0.492558338 0.443181860 0.748983393
vn -0.598665068 0.219718321 0.770275272
vn -0.722310781 0.236516041 0.649867139
vn -0.848747771 0.255826007 0.462796148
vn -0.859818336 0.052263716 0.507918235
vn -0.858239934 0.182056886 0.479874469
vn -0.849589410 0.090521743 0.519618753
vn -0.856648705 0.124851888 0.500564683
vn -0.631177497 0.033826443 0.774900470
vn -0.712250789 0.167105115 0.681743863
vn -0.832104512 0.178468630 0.525120013
vn -0.753687158 0.162857167 0.636736374
vn -0.755007828 0.376405049 0.536919377
vn -0.481757722 0.423141954 0.767372390
vn -0.846707447 0.162521953 0.506629168
vn -0.844143143 0.176977181 0.506064652
vn -0.774966393 0.110056650 0.622346064
vn -0.874543407 0.208855386 0.437667976
vn -0.988776136 0.133164748 0.067741434
vn -0.859009733 0.153302345 0.488467675
vn -0.865416673 0.137134591 0.481921245
vn -0.752468287 0.223084840 0.619697209
vn -0.873309667 0.451465719 0.183054443
vn -0.517843041 0.560710561 0.646097710
vn -0.835978349 0.196969536 0.512194496
vn -0.850204744 0.133328182 0.509289200
vn -0.833708984 0.164687058 0.527074475
vn -0.699215128 0.208264697 0.683903517
vn -0.462347170 0.349293392 0.815002590
vn -0.842309786 0.201042780 0.500096016
vn -0.818991400 0.484254721 0.307815614
vn -0.698334244 0.563726106 0.441069337
vn -0.624742319 0.197945873 0.755324080
vn -0.592788198 0.145782743 0.792054003
vn -0.754887302 0.081607754 0.650757509
vn -0.512577997 0.244106926 0.823210547
vn -0.846492010 0.038502980 0.531007342
vn -0.730467363 0.158718338 0.664248387
vn -0.713863536 0.207309723 0.668895755
vn -0.622971394 0.157839161 0.766154972
vn -0.865649874 0.245504706 0.436322970
vn -0.702130379 0.010955006 0.711964127
vn -0.859164841 0.182587184 0.478014327
vn -0.785447909 0.376941135 0.490904230
vn -0.870562360 0.096604682 0.482481826
vn -0.851584474 0.153169961 0.501341048
vn -0.437764740 0.384253053 0.812841697
vn -0.448600939 0.431836654 0.782479585
vn -0.834252675 0.233035701 0.499716757
vn -0.815678994 0.163181987 0.555012989
vn -0.825064983 0.205131624 0.526487218
vn -0.572447857 0.172690255 0.801549454
vn -0.864243018 0.198073094 0.462440327
vn -0.811067087 0.125168659 0.571404399
vn -0.760758462 0.494443185 0.420443218
vn -0.850659318 0.218380541 0.478214036
vn -0.652368174 0.043956452 0.756626457
vn -0.856845071 0.081923108 0.509023702
vn -0.825824068 0.339480794 0.450297012
vn -0.699157539 0.439803611 0.563694527
vn -0.629404949 0.175498327 0.757000494
vn -0.911554282 0.246516335 0.329087356
vn -0.835125221 0.128485410 0.534843308
vn -0.604663463 0.258870417 0.753238478
vn -0.758572705 0.273024620 0.591629113
vn -0.704244536 0.143172573 0.695371302
vn -0.942097810 0.176826215 0.284928421
vn -0.747632242 0.158544599 0.644910568
vn -0.830178003 0.094939995 0.549354968
vn -0.814789552 0.240532121 0.527505721
vn -0.807605726 0.262714268 0.527971785
vn -0.839199360 0.103293483 0.533924049
vn -0.939065192 0.192112600 0.285042654
vn -0.853766273 0.263591715 0.449001736
vn -0.873226915 0.132525283 0.468947550
vn -0.621154883 0.561295529 0.546913101
vn -0.408018764 0.276515067 0.870092010
vn -0.868600463 0.181190106 0.461197769
vn -0.849300444 0.155411656 0.504515583
vn -0.840013612 0.103114890 0.532676686
vn -0.509281403 0.204293456 0.836000380
vn -0.761947853 0.297143207 0.575448854
vn -0.810951806 0.177994782 0.557382297
vn -0.843629552 0.193812947 0.500725195
vn -0.400539342 0.304837587 0.864084649
vn -0.886654240 0.064550389 0.457905564
vn -0.703749740 0.171268575 0.689495017
vn -0.876533740 0.094520695 0.471968687
vn -0.802440104 0.122957531 0.583927500
vn -0.619231328 0.036124145 0.784377211
vn -0.743492845 0.318482948 0.588036564
vn -0.885651459 0.089019993 0.455737790
vn -0.778133237 0.250127030 0.576146799
vn -0.812161032 0.118255110 0.571323190
vn -0.888427754 0.084541849 0.451163831
vn -0.911678638 0.138465458 0.386871267
vn -0.786642208 0.218078430 0.577612184
vn -0.815575223 0.054182511 0.576108766
vn -0.731175052 0.355535177 0.582217984
vn -0.613408650 0.123852891 0.779993776
vn -0.874000244 0.135472540 0.466659153
vn -0.831352812 0.030393313 0.554913280
vn -0.858547585 0.196844136 0.473443164
vn -0.648696803 0.120469584 0.751451620
vn -0.762471687 0.026215239 0.646490285
vn -0.816676024 0.168911603 0.551823470
vn -0.827334990 0.299888131 0.474956759
vn -0.674698442 0.157431459 0.721108416
vn -0.830262627 0.121750571 0.543912464
vn -0.840537124 0.220386566 0.494901107
vn -0.830176399 0.076545535 0.552220904
vn -0.876381830 0.148871500 0.458030746
vn -0.819606517 0.342312518 0.459420611
vn -0.749786349 0.166238995 0.640456890
vn -0.681390604 0.182502845 0.708801493
vn -0.824913235 0.019091133 0.564936885
vn -0.794568635 0.096431101 0.599467870
vn -0.729056321 0.149602770 0.667904104
vn -0.870456328 0.059992334 0.488576197
vn -0.655549627 0.164518496 0.737013128
vn -0.686948333 0.178021901 0.704563830
vn -0.703745094 -0.075845727 0.706392433
vn -0.431268160 0.237992075 0.870268663
vn -0.796669116 0.129869873 0.590298345
vn -0.629585952 0.221021379 0.744829564
vn -0.816607721 0.245437334 0.522410131
vn -0.666465871 -0.051281079 0.743769785
vn -0.750095071 -0.088713806 0.655352763
vn -0.729602656 0.243332210 0.639116109
vn -0.930408367 0.245459707 0.272194420
vn -0.854888975 0.190104432 0.482726781
vn -0.830938469 0.069427481 0.552015476
vn -0.848135718 0.106663362 0.518930372
vn -0.881429395 0.144380751 0.449707038
vn -0.772757223 -0.089498884 0.628359948
vn -0.861077804 0.063214571 0.504528426
vn -0.876946379 -0.018146100 0.480245527
vn -0.541890015 0.141346126 0.828478415
vn -0.890489642 0.041726367 0.453086203
vn -0.855309899 0.149848839 0.495974095
vn -0.838245207 -0.004905275 0.545271411
vn -0.892208051 0.338879314 0.298539116
vn -0.796115930 0.041609259 0.603711931
vn -0.822140396 0.299699851 0.484009472
vn -0.832470769 0.452006084 0.320441754
vn -0.799486711 0.033236179 0.599763582
vn -0.820828136 -0.010245520 0.571083356
vn -0.860982497 0.065156035 0.504444080
vn -0.771432729 0.024460793 0.635840557
vn -0.818007463 0.325166425 0.474479279
vn -0.702578931 0.567413510 0.429447034
vn -0.754644327 0.242106374 0.609833127
vn -0.730750744 0.146665606 0.666702745
vn -0.820319148 -0.046785841 0.569989106
vn -0.850637419 0.313620129 0.421969662
vn -0.484785404 0.122727158 0.865979882
vn -0.468246241 -0.188182373 0.863326620
vn -0.614714333 0.241183498 0.750970578
vn -0.818972307 -0.086379959 0.567294336
vn -0.710550844 0.077329938 0.699383714
vn -0.812578053 0.011732221 0.582734299
vn -0.669788813 0.341175423 0.659531861
vn -0.838557772 -0.070339179 0.540252961
vn -0.680587328 -0.127080802 0.721561750
vn -0.702291192 0.266050815 0.660306024
vn -0.892247428 0.083603605 0.443739748
vn -0.681543142 0.362677168 0.635581794
vn -0.857825191 -0.413034020 0.305841201
vn -0.751529505 -0.019800307 0.659402268
vn -0.822291097 -0.010697170 0.568966539
vn -0.802079014 -0.087887053 0.590715770
vn -0.907525003 0.122160769 0.401839663
vn -0.869793750 0.269572936 0.413266579
vn -0.796887008 0.022189306 0.603720740
vn -0.597164875 0.070487174 0.799015438
vn -0.817315969 0.016355141 0.575957564
vn -0.760166756 -0.039796360 0.648508098
vn -0.857576640 0.117945473 0.500650748
vn -0.843150374 0.238902809 0.481687549
vn -0.706139135 -0.017424671 0.707858674
vn -0.870257913 0.250916432 0.423901060
vn -0.782922643 0.304774037 0.542351290
vn -0.330704526 -0.075057911 0.940744825
vn -0.882672589 -0.046079479 0.467724044
vn -0.904323377 -0.034284515 0.425468921
vn -0.761961532 -0.302088219 0.572850183
vn -0.831011925 -0.453432838 0.322207760
vn -0.755448901 0.301741541 0.581591781
vn -0.840328539 -0.074634736 0.536914893
vn -0.624736596 -0.110490456 0.772978683
vn -0.785134507 -0.026438954 0.618760686
vn -0.741460307 -0.060014540 0.668307466
vn -0.834425016 0.024375247 0.550582183
vn -0.667302281 0.202427262 0.716750214
vn -0.788517159 0.113080068 0.604527574
vn -0.901782068 -0.021052607 0.431677993
vn -0.653749112 0.323243767 0.684197022
vn -0.709789111 0.270256154 0.650508286
vn -0.801102896 -0.026463064 0.597941349
vn -0.811082537 0.048344056 0.582930502
vn 0.032213931 0.343718462 0.938520049
vn -0.264905676 0.871200662 0.413321169
vn -0.768437896 0.180295174 0.614000692
vn -0.903350728 -0.140907001 -0.405095888
vn -0.761681037 -0.081604145 0.642792938
vn -0.826464262 -0.217574765 0.519247576
vn -0.813775913 0.011585868 0.581063277
vn -0.833631397 0.087115588 0.545407708
vn -0.566958774 -0.157678287 0.808514259
vn -0.864821875 0.032805049 0.501005941
vn -0.805900373 -0.018131219 0.591773477
vn -0.927300949 0.027918262 0.373274055
vn -0.839047264 0.120373064 0.530575173
vn -0.871735082 -0.099228652 0.479824573
vn -0.699596477 0.401887699 0.590805422
vn -0.856965935 0.175205670 0.484677583
vn -0.663580653 0.322458071 0.675041857
vn -0.779582703 -0.064628372 0.622955844
vn -0.780486996 0.234925073 0.579353311
vn -0.584342947 0.075823842 0.807956722
vn -0.199010911 0.805141922 0.558695931
vn -0.789473117 -0.102700758 0.605132012
vn -0.898928975 0.065441226 0.433179114
vn -0.602557405 0.523785362 0.602140738
vn -0.388356383 0.312416662 0.866934339
vn -0.840875972 0.097299042 0.532410083
vn -0.689977721 0.722949349 -0.035706900
vn -0.862654480 -0.014813442 0.505576711
vn -0.004945342 0.570264001 0.821446597
vn -0.773372503 -0.058446258 0.631251935
vn -0.787209880 -0.294908934 0.541598860
vn -0.695641433 0.483709842 -0.531138198
vn -0.207063191 0.934114921 0.290781963
vn -0.835702974 0.225617114 0.500696972
vn -0.594929109 0.578950905 0.557561840
vn -0.547028042 -0.038280017 0.836238580
vn -0.741467358 0.496172971 0.451706254
vn -0.902437432 0.103152032 0.418289779
vn -0.627277695 0.689817870 0.361488587
vn -0.843503710 -0.217426612 0.491148815
vn -0.679746585 0.610338794 0.406732266
vn -0.787497865 0.416073110 -0.454676015
vn -0.720915735 0.609463418 0.329901267
vn -0.777086314 -0.052233200 0.627222890
vn -0.780111962 -0.115084877 0.614964062
vn -0.974750231 -0.029173837 -0.221383996
vn -0.780203242 0.528973461 -0.333871200
vn -0.941681173 0.070928287 0.328946419
vn -0.750890813 -0.181561647 0.634979019
vn -0.477330639 0.324528734 0.816600614
vn -0.989729902 0.072006523 -0.123490009
vn -0.833665380 -0.082700798 0.546042683
vn -0.950883980 0.081952470 0.298502010
vn -0.677962191 0.444933439 0.585150838
vn -0.882518017 0.154551051 0.444157543
vn -0.817403172 -0.107856993 0.565878894
vn -0.857085287 -0.479891656 0.187373447
vn -0.878509834 -0.155853240 0.451586358
vn -0.829620678 -0.178147438 0.529143667
vn -0.837682996 0.175253837 0.517274871
vn -0.852354173 -0.117988649 0.509481150
vn -0.789755549 -0.066888467 0.609763975
vn -0.474789925 0.427280465 0.769419217
vn -0.789310561 -0.087165439 0.607775472
vn -0.931142045 -0.048070759 0.361474333
vn -0.869741845 0.215553247 0.443943601
vn -0.713199473 0.363529367 0.599327048
vn -0.356991173 0.867519215 0.346363557
vn -0.961976691 0.138413630 0.235462341
vn -0.552909428 0.811913187 0.187318287
vn -0.596596070 0.582674297 0.551872986
vn -0.668576482 0.655224295 0.351691073
vn -0.928646321 0.184829243 0.321642910
vn -0.786278338 -0.183965091 0.589850168
vn -0.823769407 0.407006474 -0.394651356
vn -0.950222954 0.137617947 0.279531105
vn -0.797778133 0.352308343 -0.489314706
vn -0.759028405 -0.062239598 0.648075700
vn -0.888413852 0.453100439 -0.073626222
vn -0.809422795 0.433259736 0.396384586
vn -0.778030345 -0.262465995 0.570771744
vn -0.781034105 -0.133009602 0.610159137
vn -0.685045930 0.508516303 -0.521654333
vn -0.788284428 -0.085131465 0.609393383
vn -0.576395841 0.439094855 0.689175989
vn -0.772512799 -0.043200911 0.633527944
vn -0.752420605 -0.287263067 0.592742071
vn -0.915596197 0.314048732 -0.251111527
vn -0.605694535 0.670393369 0.428610385
vn -0.837195087 0.470305224 0.279136852
vn -0.811536408 -0.215379879 0.543157588
vn -0.832162481 -0.232353438 0.503505198
vn -0.806068767 0.043863845 0.590194126
vn -0.836837566 -0.128080026 0.532257827
vn -0.849704640 0.496609174 0.177147829
vn -0.788631214 -0.108949656 0.605136994
vn -0.824479000 -0.031766156 0.565000257
vn -0.853766265 -0.233412332 0.465405037
vn -0.883646362 -0.303280071 0.356637498
vn -0.810634896 -0.197337257 0.551297627
vn -0.791568333 0.336327571 -0.510199313
vn -0.953476673 -0.147451935 0.262945166
vn -0.975285432 -0.114198521 0.189148155
vn -0.943353748 0.144791945 -0.298528055
vn -0.884413222 0.001795776 0.466701219
vn -0.966545501 0.122316193 0.225451866
vn -0.900814467 -0.045464611 0.431817397
vn -0.806445037 -0.179815925 0.563305100
vn -0.774555299 -0.029988394 0.631794891
vn -0.857290403 0.199082125 0.474783607
vn -0.878203975 0.379118871 0.291593314
vn -0.998482856 0.051579098 -0.019276498
vn -0.820656410 -0.067324650 0.567442021
vn -0.787241406 -0.068901909 0.612783400
vn -0.793888126 -0.159940951 0.586651971
vn -0.896203722 0.125548228 -0.425507381
vn -0.815743213 -0.069993262 0.574163700
vn -0.976102671 0.124841098 0.177871515
vn -0.730737765 -0.158390122 0.664029282
f 4//4 3//3 1//1
f 3//3 2//2 1//1
f 1829//1829 1906//1906 1874//1874
f 1653//1653 1634//1634 1586//1586
f 2441//2441 2473//2473 2463//2463
f 2598//2598 2595//2595 2565//2565
f 2595//2595 2567//2567 2565//2565
f 2595//2595 2590//2590 2567//2567
f 2590//2590 2595//2595 2600//2600
f 2594//2594 2590//2590 2600//2600
f 2339//2339 2383//2383 2353//2353
f 2301//2301 2339//2339 2353//2353
f 2567//2567 2525//2525 2565//2565
f 2488//2488 2525//2525 2511//2511
f 20//20 19//19 6//6
f 925//925 891//891 819//819
f 2059//2059 2024//2024 2020//2020
f 2024//2024 1974//1974 2020//2020
f 1974//1974 2024//2024 1985//1985
f 1935//1935 1974//1974 1985//1985
f 1980//1980 1895//1895 1958//1958
f 2035//2035 2089//2089 2053//2053
f 2089//2089 2035//2035 2056//2056
f 1653//1653 1697//1697 1634//1634
f 1590//1590 1604//1604 1508//1508
f 1587//1587 1653//1653 1586//1586
f 2006//2006 2016//2016 2033//2033
f 619//619 603//603 663//663
f 603//603 619//619 576//576
f 2089//2089 2131//2131 2179//2179
f 2131//2131 2089//2089 2056//2056
f 2213//2213 2178//2178 2179//2179
f 1977//1977 2023//2023 2021//2021
f 2269//2269 2220//2220 2270//2270
f 2456//2456 2473//2473 2441//2441
f 2522//2522 2516//2516 2551//2551
f 2590//2590 2559//2559 2567//2567
f 2525//2525 2559//2559 2511//2511
f 2559//2559 2525//2525 2567//2567
f 2361//2361 2327//2327 2353//2353
f 2273//2273 2251//2251 2224//2224
f 2248//2248 2251//2251 2301//2301
f 2364//2364 2344//2344 2308//2308
f 12//12 20//20 6//6
f 1143//1143 1208//1208 1184//1184
f 1461//1461 1498//1498 1454//1454
f 327//327 269//269 322//322
f 602//602 560//560 643//643
f 986//986 984//984 941//941
f 695//695 689//689 649//649
f 1841//1841 1805//1805 1864//1864
f 2377//2377 2436//2436 2363//2363
f 1209//1209 1168//1168 1202//1202
f 1209//1209 1234//1234 1168//1168
f 1234//1234 1209//1209 1272//1272
f 1886//1886 1935//1935 1944//1944
f 1935//1935 1886//1886 1872//1872
f 1921//1921 1935//1935 1872//1872
f 1935//1935 1921//1921 1974//1974
f 1406//1406 1423//1423 1356//1356
f 1289//1289 1234//1234 1272//1272
f 1334//1334 1407//1407 1356//1356
f 1407//1407 1406//1406 1356//1356
f 1709//1709 1797//1797 1766//1766
f 1891//1891 1865//1865 1788//1788
f 1797//1797 1865//1865 1845//1845
f 1865//1865 1797//1797 1788//1788
f 2022//2022 1980//1980 1958//1958
f 2022//2022 2035//2035 2053//2053
f 1766//1766 1836//1836 1812//1812
f 1836//1836 1797//1797 1845//1845
f 1797//1797 1836//1836 1766//1766
f 1895//1895 1898//1898 1958//1958
f 1865//1865 1898//1898 1845//1845
f 1898//1898 1836//1836 1845//1845
f 1836//1836 1898//1898 1895//1895
f 1634//1634 1581//1581 1586//1586
f 1581//1581 1567//1567 1586//1586
f 1084//1084 1090//1090 1210//1210
f 1471//1471 1476//1476 1466//1466
f 1386//1386 1471//1471 1466//1466
f 1425//1425 1471//1471 1386//1386
f 1381//1381 1325//1325 1366//1366
f 1325//1325 1381//1381 1379//1379
f 1381//1381 1389//1389 1379//1379
f 1549//1549 1588//1588 1597//1597
f 2004//2004 1970//1970 1998//1998
f 2063//2063 2045//2045 1998//1998
f 2045//2045 2004//2004 1998//1998
f 1836//1836 1849//1849 1812//1812
f 1849//1849 1836//1836 1895//1895
f 1626//1626 1604//1604 1590//1590
f 1604//1604 1565//1565 1508//1508
f 1543//1543 1587//1587 1586//1586
f 2016//2016 2080//2080 2033//2033
f 2080//2080 2102//2102 2033//2033
f 2080//2080 2016//2016 2025//2025
f 1811//1811 1829//1829 1874//1874
f 1712//1712 1782//1782 1695//1695
f 585//585 638//638 616//616
f 567//567 585//585 616//616
f 555//555 603//603 576//576
f 555//555 584//584 603//603
f 560//560 631//631 643//643
f 548//548 631//631 560//560
f 236//236 273//273 234//234
f 273//273 236//236 253//253
f 276//276 273//273 253//253
f 619//619 614//614 576//576
f 163//163 130//130 165//165
f 189//189 163//163 165//165
f 163//163 189//189 198//198
f 97//97 87//87 76//76
f 57//57 49//49 71//71
f 90//90 80//80 71//71
f 80//80 57//57 71//71
f 291//291 321//321 275//275
f 2192//2192 2178//2178 2213//2213
f 2244//2244 2294//2294 2234//2234
f 2294//2294 2244//2244 2285//2285
f 2192//2192 2244//2244 2234//2234
f 2244//2244 2192//2192 2213//2213
f 2365//2365 2285//2285 2337//2337
f 2365//2365 2294//2294 2285//2285
f 2413//2413 2365//2365 2337//2337
f 2365//2365 2413//2413 2408//2408
f 2102//2102 2119//2119 2033//2033
f 2119//2119 2096//2096 2033//2033
f 2145//2145 2119//2119 2102//2102
f 2096//2096 2119//2119 2144//2144
f 2027//2027 2006//2006 2033//2033
f 2096//2096 2027//2027 2033//2033
f 1951//1951 2023//2023 1977//1977
f 1951//1951 1977//1977 1915//1915
f 2027//2027 1951//1951 1929//1929
f 1951//1951 2027//2027 2023//2023
f 1869//1869 1951//1951 1915//1915
f 2023//2023 2067//2067 2021//2021
f 2120//2120 2184//2184 2130//2130
f 2210//2210 2184//2184 2152//2152
f 2184//2184 2120//2120 2152//2152
f 2255//2255 2219//2219 2194//2194
f 2243//2243 2255//2255 2194//2194
f 2255//2255 2243//2243 2295//2295
f 2370//2370 2410//2410 2399//2399
f 2410//2410 2448//2448 2399//2399
f 2448//2448 2410//2410 2463//2463
f 2594//2594 2578//2578 2590//2590
f 2578//2578 2559//2559 2590//2590
f 2578//2578 2594//2594 2586//2586
f 2546//2546 2534//2534 2491//2491
f 2335//2335 2361//2361 2390//2390
f 2451//2451 2457//2457 2488//2488
f 2361//2361 2422//2422 2390//2390
f 2230//2230 2252//2252 2276//2276
f 2092//2092 2106//2106 2025//2025
f 2106//2106 2080//2080 2025//2025
f 2251//2251 2302//2302 2301//2301
f 2273//2273 2302//2302 2251//2251
f 2302//2302 2339//2339 2301//2301
f 2302//2302 2344//2344 2339//2339
f 2256//2256 2273//2273 2224//2224
f 2297//2297 2248//2248 2301//2301
f 2327//2327 2297//2297 2353//2353
f 2297//2297 2301//2301 2353//2353
f 2180//2180 2145//2145 2151//2151
f 2332//2332 2364//2364 2308//2308
f 2525//2525 2545//2545 2565//2565
f 2409//2409 2452//2452 2416//2416
f 2339//2339 2392//2392 2383//2383
f 2344//2344 2392//2392 2339//2339
f 2405//2405 2344//2344 2364//2364
f 2405//2405 2392//2392 2344//2344
f 1908//1908 2018//2018 1998//1998
f 2018//2018 1908//1908 1916//1916
f 2540//2540 2544//2544 2574//2574
f 2572//2572 2574//2574 2589//2589
f 2562//2562 2572//2572 2589//2589
f 2572//2572 2540//2540 2574//2574
f 2452//2452 2467//2467 2487//2487
f 2467//2467 2409//2409 2445//2445
f 2409//2409 2467//2467 2452//2452
f 2490//2490 2467//2467 2445//2445
f 222//222 217//217 184//184
f 184//184 217//217 179//179
f 49//49 34//34 44//44
f 5//5 7//7 6//6
f 7//7 12//12 6//6
f 1498//1498 1513//1513 1454//1454
f 1513//1513 1443//1443 1454//1454
f 1443//1443 1513//1513 1552//1552
f 1443//1443 1400//1400 1454//1454
f 1318//1318 1325//1325 1379//1379
f 1355//1355 1318//1318 1379//1379
f 1275//1275 1318//1318 1311//1311
f 1318//1318 1355//1355 1311//1311
f 1376//1376 1355//1355 1394//1394
f 1355//1355 1376//1376 1311//1311
f 1355//1355 1396//1396 1394//1394
f 1396//1396 1355//1355 1379//1379
f 1389//1389 1396//1396 1379//1379
f 1054//1054 1006//1006 1027//1027
f 1006//1006 997//997 888//888
f 922//922 1006//1006 888//888
f 884//884 922//922 888//888
f 922//922 884//884 893//893
f 1015//1015 1000//1000 1058//1058
f 1042//1042 1070//1070 1027//1027
f 534//534 487//487 532//532
f 487//487 534//534 489//489
f 415//415 447//447 432//432
f 415//415 433//433 447//447
f 433//433 415//415 400//400
f 464//464 480//480 476//476
f 508//508 464//464 447//447
f 464//464 508//508 480//480
f 403//403 364//364 392//392
f 364//364 403//403 327//327
f 729//729 707//707 760//760
f 707//707 729//729 695//695
f 561//561 534//534 532//532
f 534//534 561//561 571//571
f 561//561 610//610 571//571
f 610//610 561//561 602//602
f 984//984 913//913 941//941
f 913//913 984//984 939//939
f 1077//1077 1130//1130 1122//1122
f 984//984 1007//1007 939//939
f 1077//1077 1007//1007 984//984
f 814//814 823//823 772//772
f 704//704 716//716 772//772
f 716//716 727//727 772//772
f 489//489 539//539 478//478
f 539//539 534//534 571//571
f 534//534 539//539 489//489
f 836//836 848//848 785//785
f 848//848 789//789 785//785
f 746//746 789//789 779//779
f 789//789 746//746 785//785
f 884//884 856//856 893//893
f 1867//1867 1919//1919 1840//1840
f 1867//1867 1902//1902 1919//1919
f 1976//1976 2068//2068 2039//2039
f 2068//2068 1976//1976 2031//2031
f 1952//1952 1976//1976 1933//1933
f 1976//1976 1952//1952 2031//2031
f 2000//2000 1952//1952 1962//1962
f 1952//1952 2000//2000 2031//2031
f 2007//2007 1988//1988 1949//1949
f 1803//1803 1820//1820 1840//1840
f 1919//1919 1803//1803 1840//1840
f 1786//1786 1754//1754 1713//1713
f 1803//1803 1786//1786 1820//1820
f 1786//1786 1803//1803 1754//1754
f 1771//1771 1841//1841 1807//1807
f 1771//1771 1805//1805 1841//1841
f 1821//1821 1753//1753 1825//1825
f 1869//1869 1821//1821 1825//1825
f 1821//1821 1869//1869 1915//1915
f 1901//1901 1821//1821 1915//1915
f 1601//1601 1555//1555 1614//1614
f 1555//1555 1601//1601 1482//1482
f 1848//1848 1869//1869 1825//1825
f 1753//1753 1776//1776 1825//1825
f 1776//1776 1848//1848 1825//1825
f 1848//1848 1776//1776 1833//1833
f 1691//1691 1737//1737 1698//1698
f 1883//1883 1848//1848 1833//1833
f 1848//1848 1883//1883 1869//1869
f 1951//1951 1883//1883 1929//1929
f 1883//1883 1951//1951 1869//1869
f 1588//1588 1639//1639 1597//1597
f 1639//1639 1640//1640 1597//1597
f 1583//1583 1536//1536 1559//1559
f 1478//1478 1536//1536 1495//1495
f 1495//1495 1536//1536 1535//1535
f 1536//1536 1583//1583 1535//1535
f 2454//2454 2494//2494 2436//2436
f 2377//2377 2411//2411 2436//2436
f 2411//2411 2377//2377 2359//2359
f 2394//2394 2411//2411 2359//2359
f 891//891 965//965 935//935
f 965//965 891//891 925//925
f 1011//1011 965//965 925//925
f 1161//1161 1243//1243 1202//1202
f 1243//1243 1258//1258 1298//1298
f 1243//1243 1273//1273 1202//1202
f 1315//1315 1273//1273 1320//1320
f 1900//1900 1886//1886 1944//1944
f 1886//1886 1900//1900 1866//1866
f 1667//1667 1674//1674 1643//1643
f 1806//1806 1886//1886 1866//1866
f 1551//1551 1641//1641 1660//1660
f 1488//1488 1533//1533 1551//1551
f 1573//1573 1667//1667 1643//1643
f 1602//1602 1573//1573 1643//1643
f 1573//1573 1602//1602 1563//1563
f 1489//1489 1563//1563 1603//1603
f 1477//1477 1423//1423 1406//1406
f 1407//1407 1430//1430 1406//1406
f 1430//1430 1477//1477 1406//1406
f 1876//1876 1815//1815 1918//1918
f 1682//1682 1733//1733 1705//1705
f 1733//1733 1682//1682 1740//1740
f 1612//1612 1551//1551 1660//1660
f 1682//1682 1612//1612 1660//1660
f 1589//1589 1617//1617 1657//1657
f 1484//1484 1509//1509 1438//1438
f 1484//1484 1477//1477 1494//1494
f 1423//1423 1484//1484 1438//1438
f 1477//1477 1484//1484 1423//1423
f 682//682 651//651 674//674
f 651//651 682//682 650//650
f 614//614 666//666 667//667
f 666//666 614//614 619//619
f 640//640 688//688 713//713
f 688//688 751//751 713//713
f 769//769 799//799 755//755
f 1157//1157 1204//1204 1160//1160
f 1226//1226 1204//1204 1239//1239
f 1117//1117 1071//1071 1035//1035
f 1212//1212 1242//1242 1287//1287
f 1233//1233 1246//1246 1210//1210
f 2285//2285 2303//2303 2337//2337
f 1946//1946 1990//1990 1967//1967
f 2172//2172 2124//2124 2121//2121
f 1685//1685 1709//1709 1678//1678
f 1611//1611 1685//1685 1678//1678
f 1571//1571 1572//1572 1525//1525
f 1571//1571 1625//1625 1572//1572
f 1572//1572 1624//1624 1628//1628
f 1625//1625 1624//1624 1572//1572
f 1690//1690 1684//1684 1657//1657
f 1635//1635 1572//1572 1628//1628
f 1685//1685 1635//1635 1628//1628
f 1635//1635 1685//1685 1611//1611
f 1907//1907 1946//1946 1967//1967
f 2089//2089 2070//2070 2053//2053
f 2070//2070 2022//2022 2053//2053
f 2022//2022 2070//2070 1980//1980
f 2070//2070 2028//2028 1980//1980
f 2028//2028 1955//1955 1980//1980
f 1955//1955 1895//1895 1980//1980
f 1975//1975 2022//2022 1958//1958
f 2022//2022 1975//1975 2035//2035
f 1927//1927 1971//1971 1891//1891
f 1927//1927 1907//1907 1967//1967
f 1907//1907 1927//1927 1882//1882
f 1339//1339 1362//1362 1386//1386
f 1362//1362 1425//1425 1386//1386
f 1363//1363 1362//1362 1303//1303
f 1025//1025 1068//1068 1045//1045
f 1132//1132 1201//1201 1214//1214
f 1512//1512 1541//1541 1561//1561
f 1541//1541 1512//1512 1505//1505
f 1505//1505 1512//1512 1439//1439
f 1465//1465 1393//1393 1453//1453
f 765//765 706//706 721//721
f 980//980 1025//1025 1045//1045
f 722//722 708//708 672//672
f 1090//1090 1199//1199 1210//1210
f 1199//1199 1233//1233 1210//1210
f 1581//1581 1591//1591 1567//1567
f 1591//1591 1550//1550 1567//1567
f 1591//1591 1581//1581 1634//1634
f 1503//1503 1425//1425 1457//1457
f 1491//1491 1503//1503 1457//1457
f 1550//1550 1503//1503 1567//1567
f 1503//1503 1491//1491 1567//1567
f 1588//1588 1502//1502 1593//1593
f 1237//1237 1270//1270 1329//1329
f 1373//1373 1386//1386 1466//1466
f 1339//1339 1373//1373 1287//1287
f 1373//1373 1339//1339 1386//1386
f 1431//1431 1381//1381 1366//1366
f 1431//1431 1389//1389 1381//1381
f 1473//1473 1555//1555 1482//1482
f 1618//1618 1583//1583 1559//1559
f 1536//1536 1547//1547 1559//1559
f 1547//1547 1536//1536 1478//1478
f 1532//1532 1549//1549 1506//1506
f 1549//1549 1532//1532 1588//1588
f 1532//1532 1502//1502 1588//1588
f 1000//1000 991//991 1058//1058
f 991//991 1029//1029 1058//1058
f 1065//1065 1029//1029 1043//1043
f 1155//1155 1132//1132 1214//1214
f 1937//1937 1970//1970 1906//1906
f 1937//1937 1908//1908 1998//1998
f 1970//1970 1937//1937 1998//1998
f 2045//2045 2041//2041 2004//2004
f 1909//1909 1849//1849 1895//1895
f 1909//1909 1955//1955 1936//1936
f 1955//1955 1909//1909 1895//1895
f 1758//1758 1847//1847 1772//1772
f 1847//1847 1842//1842 1772//1772
f 1829//1829 1842//1842 1906//1906
f 1611//1611 1619//1619 1590//1590
f 1619//1619 1626//1626 1590//1590
f 1619//1619 1611//1611 1678//1678
f 1626//1626 1619//1619 1678//1678
f 1526//1526 1543//1543 1586//1586
f 1567//1567 1526//1526 1586//1586
f 1491//1491 1526//1526 1567//1567
f 1526//1526 1491//1491 1465//1465
f 1409//1409 1470//1470 1453//1453
f 1460//1460 1470//1470 1409//1409
f 1543//1543 1557//1557 1587//1587
f 2080//2080 2115//2115 2102//2102
f 2145//2145 2115//2115 2151//2151
f 2115//2115 2145//2145 2102//2102
f 2106//2106 2115//2115 2080//2080
f 1697//1697 1715//1715 1634//1634
f 1715//1715 1712//1712 1634//1634
f 1715//1715 1781//1781 1712//1712
f 1856//1856 1781//1781 1811//1811
f 2041//2041 2002//2002 2004//2004
f 1651//1651 1588//1588 1593//1593
f 1651//1651 1691//1691 1698//1698
f 1598//1598 1651//1651 1593//1593
f 1651//1651 1598//1598 1629//1629
f 676//676 717//717 699//699
f 701//701 717//717 676//676
f 620//620 656//656 638//638
f 697//697 669//669 715//715
f 697//697 730//730 696//696
f 585//585 589//589 638//638
f 620//620 589//589 559//559
f 589//589 620//620 638//638
f 552//552 585//585 567//567
f 442//442 507//507 505//505
f 546//546 514//514 551//551
f 582//582 546//546 551//551
f 582//582 584//584 555//555
f 546//546 582//582 555//555
f 584//584 615//615 603//603
f 603//603 615//615 663//663
f 629//629 658//658 657//657
f 624//624 691//691 658//658
f 691//691 708//708 714//714
f 691//691 624//624 672//672
f 708//708 691//691 672//672
f 553//553 510//510 530//530
f 587//587 553//553 530//530
f 529//529 553//553 548//548
f 130//130 127//127 165//165
f 127//127 140//140 165//165
f 127//127 130//130 109//109
f 96//96 127//127 109//109
f 127//127 96//96 90//90
f 236//236 188//188 198//198
f 180//180 222//222 184//184
f 139//139 149//149 118//118
f 392//392 434//434 478//478
f 434//434 489//489 478//478
f 434//434 487//487 489//489
f 381//381 345//345 340//340
f 319//319 345//345 328//328
f 319//319 310//310 340//340
f 345//345 319//319 340//340
f 187//187 210//210 212//212
f 321//321 320//320 275//275
f 294//294 276//276 266//266
f 298//298 276//276 305//305
f 276//276 298//298 273//273
f 298//298 297//297 273//273
f 334//334 298//298 305//305
f 297//297 270//270 273//273
f 273//273 270//270 234//234
f 290//290 255//255 272//272
f 255//255 290//290 288//288
f 646//646 640//640 609//609
f 646//646 688//688 640//640
f 646//646 639//639 667//667
f 688//688 646//646 667//667
f 640//640 635//635 609//609
f 635//635 586//586 609//609
f 83//83 58//58 68//68
f 58//58 83//83 76//76
f 85//85 97//97 76//76
f 83//83 85//85 76//76
f 87//87 65//65 76//76
f 111//111 87//87 97//97
f 113//113 111//111 129//129
f 111//111 113//113 87//87
f 88//88 90//90 71//71
f 113//113 88//88 87//87
f 96//96 86//86 90//90
f 86//86 80//80 90//90
f 48//48 49//49 57//57
f 256//256 282//282 264//264
f 291//291 304//304 321//321
f 156//156 140//140 129//129
f 2231//2231 2190//2190 2236//2236
f 2190//2190 2231//2231 2179//2179
f 2131//2131 2190//2190 2179//2179
f 2221//2221 2192//2192 2234//2234
f 2245//2245 2221//2221 2234//2234
f 2535//2535 2498//2498 2496//2496
f 2566//2566 2535//2535 2552//2552
f 2566//2566 2498//2498 2535//2535
f 2566//2566 2570//2570 2531//2531
f 2498//2498 2566//2566 2531//2531
f 2535//2535 2518//2518 2552//2552
f 2518//2518 2553//2553 2552//2552
f 2518//2518 2535//2535 2496//2496
f 2476//2476 2501//2501 2461//2461
f 2501//2501 2517//2517 2461//2461
f 2517//2517 2501//2501 2531//2531
f 2501//2501 2498//2498 2531//2531
f 2498//2498 2501//2501 2476//2476
f 2548//2548 2517//2517 2531//2531
f 2570//2570 2548//2548 2531//2531
f 2548//2548 2519//2519 2517//2517
f 2517//2517 2471//2471 2461//2461
f 2519//2519 2471//2471 2517//2517
f 2481//2481 2471//2471 2519//2519
f 2471//2471 2413//2413 2461//2461
f 2413//2413 2471//2471 2408//2408
f 2471//2471 2481//2481 2408//2408
f 2532//2532 2519//2519 2569//2569
f 2532//2532 2556//2556 2527//2527
f 2556//2556 2532//2532 2569//2569
f 2481//2481 2532//2532 2527//2527
f 2532//2532 2481//2481 2519//2519
f 2481//2481 2438//2438 2408//2408
f 2294//2294 2281//2281 2234//2234
f 2245//2245 2281//2281 2280//2280
f 2281//2281 2245//2245 2234//2234
f 1989//1989 2013//2013 2042//2042
f 2013//2013 2037//2037 2042//2042
f 2067//2067 2037//2037 2021//2021
f 1993//1993 1977//1977 2021//2021
f 2037//2037 1993//1993 2021//2021
f 1993//1993 2037//2037 2013//2013
f 1901//1901 1940//1940 1922//1922
f 1940//1940 1989//1989 1922//1922
f 1989//1989 1940//1940 2013//2013
f 1940//1940 1993//1993 2013//2013
f 2069//2069 2027//2027 2096//2096
f 2027//2027 2069//2069 2023//2023
f 2069//2069 2067//2067 2023//2023
f 2158//2158 2156//2156 2212//2212
f 2158//2158 2129//2129 2156//2156
f 2268//2268 2202//2202 2212//2212
f 2202//2202 2268//2268 2266//2266
f 2202//2202 2158//2158 2212//2212
f 2158//2158 2202//2202 2162//2162
f 2404//2404 2358//2358 2366//2366
f 2404//2404 2362//2362 2358//2358
f 2358//2358 2362//2362 2317//2317
f 2366//2366 2328//2328 2329//2329
f 2328//2328 2295//2295 2329//2329
f 2283//2283 2263//2263 2317//2317
f 2219//2219 2263//2263 2215//2215
f 2263//2263 2219//2219 2255//2255
f 2263//2263 2233//2233 2215//2215
f 2233//2233 2263//2263 2283//2283
f 2233//2233 2283//2283 2314//2314
f 2120//2120 2105//2105 2152//2152
f 2105//2105 2120//2120 2059//2059
f 2051//2051 2120//2120 2130//2130
f 2051//2051 2024//2024 2059//2059
f 2120//2120 2051//2051 2059//2059
f 2228//2228 2184//2184 2210//2210
f 2184//2184 2228//2228 2194//2194
f 2228//2228 2243//2243 2194//2194
f 2176//2176 2219//2219 2215//2215
f 2136//2136 2097//2097 2076//2076
f 2370//2370 2319//2319 2410//2410
f 2448//2448 2434//2434 2399//2399
f 2505//2505 2448//2448 2463//2463
f 2522//2522 2478//2478 2516//2516
f 2478//2478 2448//2448 2516//2516
f 2478//2478 2522//2522 2484//2484
f 2434//2434 2478//2478 2484//2484
f 2478//2478 2434//2434 2448//2448
f 2345//2345 2319//2319 2315//2315
f 2345//2345 2402//2402 2410//2410
f 2319//2319 2345//2345 2410//2410
f 2410//2410 2433//2433 2463//2463
f 2402//2402 2433//2433 2410//2410
f 2433//2433 2441//2441 2463//2463
f 2433//2433 2402//2402 2441//2441
f 2368//2368 2370//2370 2399//2399
f 2479//2479 2518//2518 2496//2496
f 2518//2518 2479//2479 2500//2500
f 2500//2500 2479//2479 2484//2484
f 2587//2587 2550//2550 2584//2584
f 2550//2550 2546//2546 2584//2584
f 2546//2546 2550//2550 2534//2534
f 2462//2462 2454//2454 2423//2423
f 2454//2454 2462//2462 2494//2494
f 2576//2576 2554//2554 2557//2557
f 2504//2504 2554//2554 2536//2536
f 2326//2326 2369//2369 2373//2373
f 2356//2356 2326//2326 2373//2373
f 2594//2594 2591//2591 2586//2586
f 2583//2583 2593//2593 2584//2584
f 2546//2546 2583//2583 2584//2584
f 2593//2593 2583//2583 2599//2599
f 2360//2360 2335//2335 2390//2390
f 2417//2417 2369//2369 2393//2393
f 2417//2417 2420//2420 2373//2373
f 2369//2369 2417//2417 2373//2373
f 2383//2383 2397//2397 2353//2353
f 2397//2397 2361//2361 2353//2353
f 2397//2397 2422//2422 2361//2361
f 2457//2457 2455//2455 2488//2488
f 2204//2204 2252//2252 2230//2230
f 2209//2209 2204//2204 2230//2230
f 2088//2088 2125//2125 2113//2113
f 2031//2031 2088//2088 2113//2113
f 2260//2260 2196//2196 2223//2223
f 2196//2196 2260//2260 2203//2203
f 2093//2093 2150//2150 2174//2174
f 2104//2104 2088//2088 2044//2044
f 2088//2088 2104//2104 2125//2125
f 2167//2167 2171//2171 2092//2092
f 2171//2171 2106//2106 2092//2092
f 2115//2115 2171//2171 2151//2151
f 2171//2171 2115//2115 2106//2106
f 2256//2256 2292//2292 2308//2308
f 2292//2292 2256//2256 2266//2266
f 2292//2292 2332//2332 2308//2308
f 2268//2268 2292//2292 2266//2266
f 2332//2332 2292//2292 2268//2268
f 2296//2296 2256//2256 2308//2308
f 2256//2256 2296//2296 2273//2273
f 2344//2344 2296//2296 2308//2308
f 2296//2296 2302//2302 2273//2273
f 2302//2302 2296//2296 2344//2344
f 2297//2297 2238//2238 2248//2248
f 2220//2220 2238//2238 2270//2270
f 2180//2180 2238//2238 2220//2220
f 2180//2180 2173//2173 2145//2145
f 2119//2119 2173//2173 2144//2144
f 2173//2173 2119//2119 2145//2145
f 2173//2173 2180//2180 2220//2220
f 2258//2258 2268//2268 2212//2212
f 2254//2254 2258//2258 2212//2212
f 2330//2330 2332//2332 2268//2268
f 2379//2379 2409//2409 2416//2416
f 2452//2452 2440//2440 2416//2416
f 2440//2440 2452//2452 2487//2487
f 2398//2398 2405//2405 2364//2364
f 2405//2405 2398//2398 2430//2430
f 2427//2427 2398//2398 2364//2364
f 2272//2272 2300//2300 2348//2348
f 2300//2300 2343//2343 2348//2348
f 2409//2409 2376//2376 2445//2445
f 2376//2376 2384//2384 2445//2445
f 2379//2379 2376//2376 2409//2409
f 2376//2376 2379//2379 2348//2348
f 2343//2343 2376//2376 2348//2348
f 2376//2376 2343//2343 2384//2384
f 2188//2188 2254//2254 2212//2212
f 2156//2156 2188//2188 2212//2212
f 2175//2175 2188//2188 2156//2156
f 2129//2129 2133//2133 2156//2156
f 2133//2133 2175//2175 2156//2156
f 2030//2030 2063//2063 1998//1998
f 2018//2018 2030//2030 1998//1998
f 1939//1939 1984//1984 1916//1916
f 1984//1984 2018//2018 1916//1916
f 2502//2502 2481//2481 2527//2527
f 2464//2464 2490//2490 2445//2445
f 2490//2490 2510//2510 2544//2544
f 2510//2510 2549//2549 2544//2544
f 2464//2464 2510//2510 2490//2490
f 2540//2540 2521//2521 2544//2544
f 2521//2521 2490//2490 2544//2544
f 2521//2521 2540//2540 2487//2487
f 2467//2467 2521//2521 2487//2487
f 2490//2490 2521//2521 2467//2467
f 255//255 247//247 227//227
f 244//244 217//217 222//222
f 244//244 247//247 263//263
f 217//217 185//185 179//179
f 185//185 149//149 179//179
f 185//185 187//187 149//149
f 28//28 26//26 13//13
f 28//28 34//34 26//26
f 28//28 41//41 44//44
f 34//34 28//28 44//44
f 13//13 9//9 4//4
f 9//9 3//3 4//4
f 26//26 17//17 13//13
f 17//17 9//9 13//13
f 9//9 17//17 14//14
f 1178//1178 1175//1175 1220//1220
f 1221//1221 1252//1252 1208//1208
f 1152//1152 1208//1208 1143//1143
f 1152//1152 1178//1178 1208//1208
f 1152//1152 1143//1143 1099//1099
f 1252//1252 1241//1241 1208//1208
f 1241//1241 1254//1254 1184//1184
f 1208//1208 1241//1241 1184//1184
f 1241//1241 1291//1291 1254//1254
f 1291//1291 1241//1241 1252//1252
f 1751//1751 1658//1658 1702//1702
f 1658//1658 1751//1751 1713//1713
f 1754//1754 1679//1679 1713//1713
f 1679//1679 1658//1658 1713//1713
f 1566//1566 1513//1513 1498//1498
f 1513//1513 1566//1566 1552//1552
f 1412//1412 1461//1461 1454//1454
f 1400//1400 1412//1412 1454//1454
f 1412//1412 1436//1436 1461//1461
f 1412//1412 1400//1400 1336//1336
f 1352//1352 1412//1412 1336//1336
f 1378//1378 1400//1400 1443//1443
f 1291//1291 1378//1378 1254//1254
f 1400//1400 1378//1378 1336//1336
f 1378//1378 1291//1291 1336//1336
f 1461//1461 1474//1474 1498//1498
f 1436//1436 1474//1474 1461//1461
f 1474//1474 1544//1544 1498//1498
f 1544//1544 1474//1474 1535//1535
f 1474//1474 1495//1495 1535//1535
f 1478//1478 1474//1474 1429//1429
f 1474//1474 1478//1478 1495//1495
f 1269//1269 1319//1319 1308//1308
f 1376//1376 1319//1319 1311//1311
f 1319//1319 1382//1382 1308//1308
f 1319//1319 1376//1376 1382//1382
f 1318//1318 1294//1294 1325//1325
f 1257//1257 1294//1294 1275//1275
f 1294//1294 1318//1318 1275//1275
f 1221//1221 1305//1305 1252//1252
f 1305//1305 1291//1291 1252//1252
f 1305//1305 1352//1352 1336//1336
f 1291//1291 1305//1305 1336//1336
f 1382//1382 1358//1358 1308//1308
f 1444//1444 1396//1396 1389//1389
f 1028//1028 1006//1006 1054//1054
f 1074//1074 1028//1028 1054//1054
f 1006//1006 1028//1028 997//997
f 1028//1028 1074//1074 1099//1099
f 1006//1006 957//957 1027//1027
f 957//957 983//983 1027//1027
f 1042//1042 990//990 1008//1008
f 983//983 990//990 1027//1027
f 990//990 1042//1042 1027//1027
f 966//966 991//991 1000//1000
f 991//991 966//966 971//971
f 1015//1015 1037//1037 1008//1008
f 1037//1037 1042//1042 1008//1008
f 1092//1092 1054//1054 1027//1027
f 1070//1070 1092//1092 1027//1027
f 1319//1319 1228//1228 1311//1311
f 1228//1228 1319//1319 1269//1269
f 1175//1175 1228//1228 1220//1220
f 1228//1228 1175//1175 1195//1195
f 487//487 483//483 532//532
f 483//483 487//487 476//476
f 480//480 483//483 476//476
f 390//390 433//433 400//400
f 357//357 390//390 400//400
f 310//310 312//312 340//340
f 279//279 312//312 310//310
f 312//312 279//279 278//278
f 247//247 271//271 263//263
f 271//271 255//255 288//288
f 271//271 247//247 255//255
f 401//401 415//415 432//432
f 415//415 401//401 400//400
f 486//486 548//548 560//560
f 508//508 486//486 560//560
f 486//486 529//529 548//548
f 486//486 508//508 447//447
f 433//433 486//486 447//447
f 529//529 486//486 494//494
f 508//508 520//520 480//480
f 483//483 520//520 532//532
f 520//520 483//483 480//480
f 520//520 561//561 532//532
f 445//445 464//464 476//476
f 447//447 445//445 432//432
f 464//464 445//445 447//447
f 720//720 693//693 689//689
f 720//720 689//689 695//695
f 729//729 720//720 695//695
f 647//647 665//665 686//686
f 647//647 602//602 643//643
f 665//665 647//647 643//643
f 659//659 707//707 695//695
f 707//707 659//659 686//686
f 659//659 647//647 686//686
f 659//659 610//610 602//602
f 647//647 659//659 602//602
f 654//654 695//695 649//649
f 610//610 654//654 649//649
f 654//654 659//659 695//695
f 659//659 654//654 610//610
f 863//863 823//823 814//814
f 856//856 863//863 814//814
f 823//823 863//863 888//888
f 668//668 709//709 648//648
f 709//709 704//704 648//648
f 709//709 716//716 704//704
f 783//783 814//814 772//772
f 727//727 783//783 772//772
f 596//596 610//610 649//649
f 610//610 596//596 571//571
f 403//403 444//444 431//431
f 469//469 444//444 403//403
f 469//469 392//392 478//478
f 469//469 403//403 392//392
f 575//575 607//607 612//612
f 612//612 607//607 648//648
f 621//621 636//636 670//670
f 621//621 626//626 593//593
f 636//636 660//660 670//670
f 660//660 693//693 670//670
f 929//929 914//914 848//848
f 836//836 929//929 848//848
f 828//828 789//789 848//848
f 856//856 828//828 893//893
f 789//789 828//828 779//779
f 828//828 783//783 779//779
f 828//828 856//856 814//814
f 783//783 828//828 814//814
f 1851//1851 1871//1871 1820//1820
f 1871//1871 1851//1851 1897//1897
f 1820//1820 1871//1871 1840//1840
f 1871//1871 1867//1867 1840//1840
f 2068//2068 2107//2107 2039//2039
f 2007//2007 1972//1972 2039//2039
f 1972//1972 1976//1976 2039//2039
f 1893//1893 1952//1952 1933//1933
f 2060//2060 1988//1988 2007//2007
f 2060//2060 2081//2081 2103//2103
f 1786//1786 1793//1793 1820//1820
f 1793//1793 1851//1851 1820//1820
f 1751//1751 1793//1793 1713//1713
f 1793//1793 1786//1786 1713//1713
f 1735//1735 1751//1751 1702//1702
f 1805//1805 1823//1823 1864//1864
f 1821//1821 1816//1816 1753//1753
f 1816//1816 1821//1821 1901//1901
f 1638//1638 1579//1579 1637//1637
f 1579//1579 1638//1638 1599//1599
f 1599//1599 1638//1638 1663//1663
f 1693//1693 1776//1776 1753//1753
f 1776//1776 1774//1774 1833//1833
f 1775//1775 1824//1824 1784//1784
f 1824//1824 1775//1775 1808//1808
f 1942//1942 2027//2027 1929//1929
f 2027//2027 1942//1942 2006//2006
f 1775//1775 1699//1699 1698//1698
f 1699//1699 1775//1775 1706//1706
f 1640//1640 1699//1699 1706//1706
f 1699//1699 1640//1640 1639//1639
f 1666//1666 1672//1672 1614//1614
f 1640//1640 1666//1666 1614//1614
f 1666//1666 1640//1640 1706//1706
f 1468//1468 1547//1547 1478//1478
f 2426//2426 2454//2454 2436//2436
f 2411//2411 2426//2426 2436//2436
f 2426//2426 2411//2411 2394//2394
f 2454//2454 2426//2426 2423//2423
f 2240//2240 2209//2209 2230//2230
f 2240//2240 2230//2230 2276//2276
f 2306//2306 2240//2240 2276//2276
f 2352//2352 2391//2391 2351//2351
f 2346//2346 2352//2352 2276//2276
f 2352//2352 2306//2306 2276//2276
f 2306//2306 2352//2352 2351//2351
f 2391//2391 2388//2388 2351//2351
f 2351//2351 2388//2388 2359//2359
f 2388//2388 2394//2394 2359//2359
f 2388//2388 2426//2426 2394//2394
f 2388//2388 2391//2391 2423//2423
f 2426//2426 2388//2388 2423//2423
f 2260//2260 2229//2229 2203//2203
f 2229//2229 2204//2204 2203//2203
f 2204//2204 2229//2229 2252//2252
f 1004//1004 965//965 1011//1011
f 807//807 766//766 819//819
f 1258//1258 1182//1182 1271//1271
f 1271//1271 1182//1182 1330//1330
f 1161//1161 1186//1186 1243//1243
f 1186//1186 1258//1258 1243//1243
f 1289//1289 1359//1359 1334//1334
f 1359//1359 1407//1407 1334//1334
f 1407//1407 1359//1359 1452//1452
f 1265//1265 1315//1315 1272//1272
f 1265//1265 1273//1273 1315//1315
f 1209//1209 1265//1265 1272//1272
f 1265//1265 1209//1209 1202//1202
f 1273//1273 1265//1265 1202//1202
f 1714//1714 1674//1674 1667//1667
f 1763//1763 1714//1714 1667//1667
f 1641//1641 1681//1681 1660//1660
f 1681//1681 1641//1641 1603//1603
f 1886//1886 1830//1830 1872//1872
f 1806//1806 1830//1830 1886//1886
f 1375//1375 1399//1399 1424//1424
f 1375//1375 1315//1315 1320//1320
f 1399//1399 1349//1349 1390//1390
f 1349//1349 1353//1353 1390//1390
f 1353//1353 1349//1349 1271//1271
f 1258//1258 1349//1349 1298//1298
f 1349//1349 1258//1258 1271//1271
f 1331//1331 1271//1271 1330//1330
f 1371//1371 1331//1331 1330//1330
f 1533//1533 1600//1600 1551//1551
f 1641//1641 1600//1600 1603//1603
f 1600//1600 1641//1641 1551//1551
f 1600//1600 1489//1489 1603//1603
f 1489//1489 1600//1600 1533//1533
f 1528//1528 1573//1573 1563//1563
f 1645//1645 1681//1681 1603//1603
f 1563//1563 1645//1645 1603//1603
f 1602//1602 1645//1645 1563//1563
f 1488//1488 1480//1480 1533//1533
f 1733//1733 1759//1759 1705//1705
f 1846//1846 1850//1850 1888//1888
f 1846//1846 1815//1815 1801//1801
f 1846//1846 1888//1888 1918//1918
f 1815//1815 1846//1846 1918//1918
f 1831//1831 1850//1850 1794//1794
f 1850//1850 1892//1892 1888//1888
f 1892//1892 1831//1831 1920//1920
f 1831//1831 1892//1892 1850//1850
f 1509//1509 1445//1445 1438//1438
f 1477//1477 1493//1493 1494//1494
f 1430//1430 1493//1493 1477//1477
f 1493//1493 1407//1407 1452//1452
f 1493//1493 1430//1430 1407//1407
f 1545//1545 1488//1488 1551//1551
f 1612//1612 1545//1545 1551//1551
f 1589//1589 1539//1539 1617//1617
f 1539//1539 1589//1589 1494//1494
f 1493//1493 1539//1539 1494//1494
f 1539//1539 1493//1493 1534//1534
f 1876//1876 1790//1790 1815//1815
f 1664//1664 1690//1690 1657//1657
f 1617//1617 1664//1664 1657//1657
f 1344//1344 1388//1388 1346//1346
f 1388//1388 1344//1344 1365//1365
f 1388//1388 1404//1404 1346//1346
f 1404//1404 1388//1388 1439//1439
f 1414//1414 1421//1421 1458//1458
f 1414//1414 1405//1405 1421//1421
f 1380//1380 1388//1388 1365//1365
f 1380//1380 1365//1365 1337//1337
f 1388//1388 1380//1380 1439//1439
f 1247//1247 1268//1268 1239//1239
f 1204//1204 1247//1247 1239//1239
f 1247//1247 1260//1260 1268//1268
f 1279//1279 1260//1260 1218//1218
f 1260//1260 1247//1247 1218//1218
f 677//677 694//694 674//674
f 694//694 677//677 699//699
f 677//677 676//676 699//699
f 676//676 677//677 632//632
f 651//651 637//637 674//674
f 700//700 737//737 703//703
f 682//682 700//700 703//703
f 700//700 742//742 737//737
f 694//694 700//700 674//674
f 700//700 682//682 674//674
f 742//742 700//700 739//739
f 700//700 694//694 739//739
f 662//662 619//619 663//663
f 662//662 666//666 619//619
f 711//711 662//662 663//663
f 737//737 749//749 703//703
f 751//751 775//775 820//820
f 728//728 751//751 688//688
f 722//722 776//776 773//773
f 776//776 722//722 713//713
f 751//751 776//776 713//713
f 776//776 751//751 820//820
f 859//859 776//776 820//820
f 769//769 741//741 794//794
f 1295//1295 1246//1246 1303//1303
f 1295//1295 1242//1242 1246//1246
f 1362//1362 1295//1295 1303//1303
f 1295//1295 1362//1362 1339//1339
f 1295//1295 1339//1339 1287//1287
f 1242//1242 1295//1295 1287//1287
f 1246//1246 1197//1197 1210//1210
f 1242//1242 1197//1197 1246//1246
f 2239//2239 2303//2303 2285//2285
f 2239//2239 2244//2244 2213//2213
f 2244//2244 2239//2239 2285//2285
f 2239//2239 2213//2213 2179//2179
f 2231//2231 2239//2239 2179//2179
f 2413//2413 2400//2400 2461//2461
f 2400//2400 2476//2476 2461//2461
f 2400//2400 2421//2421 2476//2476
f 2046//2046 1996//1996 2071//2071
f 1990//1990 1996//1996 1967//1967
f 2099//2099 2046//2046 2071//2071
f 2046//2046 2099//2099 2056//2056
f 2099//2099 2131//2131 2056//2056
f 2127//2127 2146//2146 2114//2114
f 1996//1996 2072//2072 2071//2071
f 2071//2071 2072//2072 2114//2114
f 2065//2065 2040//2040 2017//2017
f 2124//2124 2065//2065 2121//2121
f 2127//2127 2065//2065 2124//2124
f 2250//2250 2257//2257 2206//2206
f 1685//1685 1734//1734 1709//1709
f 1797//1797 1734//1734 1788//1788
f 1734//1734 1797//1797 1709//1709
f 1584//1584 1571//1571 1525//1525
f 1635//1635 1596//1596 1554//1554
f 1596//1596 1635//1635 1611//1611
f 1596//1596 1590//1590 1554//1554
f 1596//1596 1611//1611 1590//1590
f 1966//1966 1923//1923 1950//1950
f 1828//1828 1744//1744 1783//1783
f 1923//1923 1912//1912 1950//1950
f 1950//1950 1912//1912 1918//1918
f 1912//1912 1876//1876 1918//1918
f 2135//2135 2070//2070 2089//2089
f 2135//2135 2089//2089 2179//2179
f 2178//2178 2135//2135 2179//2179
f 2070//2070 2064//2064 2028//2028
f 1898//1898 1932//1932 1958//1958
f 1932//1932 1975//1975 1958//1958
f 1932//1932 1865//1865 1891//1891
f 1932//1932 1898//1898 1865//1865
f 1971//1971 1932//1932 1891//1891
f 1975//1975 1932//1932 1971//1971
f 2035//2035 2014//2014 2056//2056
f 1975//1975 2014//2014 2035//2035
f 2014//2014 2046//2046 2056//2056
f 2014//2014 1975//1975 1971//1971
f 1425//1425 1417//1417 1457//1457
f 1362//1362 1417//1417 1425//1425
f 1417//1417 1362//1362 1363//1363
f 1373//1373 1307//1307 1287//1287
f 1307//1307 1373//1373 1377//1377
f 1142//1142 1201//1201 1132//1132
f 1212//1212 1142//1142 1140//1140
f 1201//1201 1142//1142 1212//1212
f 1068//1068 1102//1102 1045//1045
f 1102//1102 1142//1142 1132//1132
f 1142//1142 1102//1102 1068//1068
f 1044//1044 1040//1040 986//986
f 1040//1040 984//984 986//986
f 1040//1040 1077//1077 984//984
f 1524//1524 1512//1512 1561//1561
f 1456//1456 1491//1491 1457//1457
f 1491//1491 1456//1456 1465//1465
f 1417//1417 1456//1456 1457//1457
f 1404//1404 1369//1369 1346//1346
f 1369//1369 1404//1404 1409//1409
f 1328//1328 1363//1363 1303//1303
f 1246//1246 1328//1328 1303//1303
f 1233//1233 1328//1328 1246//1246
f 791//791 765//765 721//721
f 862//862 791//791 816//816
f 691//691 731//731 721//721
f 731//731 691//691 714//714
f 894//894 857//857 841//841
f 857//857 894//894 890//890
f 862//862 857//857 890//890
f 857//857 862//862 816//816
f 706//706 671//671 657//657
f 631//631 671//671 643//643
f 671//671 665//665 643//643
f 671//671 706//706 665//665
f 791//791 801//801 765//765
f 913//913 874//874 941//941
f 874//874 913//913 837//837
f 1022//1022 980//980 1045//1045
f 850//850 791//791 862//862
f 801//801 850//850 842//842
f 850//850 801//801 791//791
f 954//954 862//862 890//890
f 980//980 954//954 1025//1025
f 954//954 974//974 1025//1025
f 1117//1117 1098//1098 1071//1071
f 1098//1098 1117//1117 1157//1157
f 894//894 937//937 890//890
f 937//937 954//954 890//890
f 954//954 937//937 974//974
f 974//974 937//937 989//989
f 937//937 923//923 989//989
f 923//923 937//937 894//894
f 923//923 894//894 841//841
f 859//859 923//923 841//841
f 1066//1066 1068//1068 1025//1025
f 1066//1066 1062//1062 1140//1140
f 1142//1142 1066//1066 1140//1140
f 1066//1066 1142//1142 1068//1068
f 1632//1632 1591//1591 1634//1634
f 1712//1712 1632//1632 1634//1634
f 1632//1632 1712//1712 1695//1695
f 1434//1434 1450//1450 1506//1506
f 1450//1450 1532//1532 1506//1506
f 1502//1502 1433//1433 1476//1476
f 1373//1373 1433//1433 1377//1377
f 1476//1476 1433//1433 1466//1466
f 1433//1433 1373//1373 1466//1466
f 1538//1538 1549//1549 1597//1597
f 1549//1549 1538//1538 1506//1506
f 1538//1538 1434//1434 1506//1506
f 1270//1270 1316//1316 1329//1329
f 1392//1392 1447//1447 1411//1411
f 1413//1413 1392//1392 1354//1354
f 1364//1364 1413//1413 1354//1354
f 1413//1413 1364//1364 1401//1401
f 1473//1473 1413//1413 1401//1401
f 1413//1413 1473//1473 1482//1482
f 1413//1413 1447//1447 1392//1392
f 1473//1473 1510//1510 1555//1555
f 1538//1538 1510//1510 1434//1434
f 1206//1206 1253//1253 1222//1222
f 1294//1294 1253//1253 1325//1325
f 1253//1253 1257//1257 1222//1222
f 1253//1253 1294//1294 1257//1257
f 1325//1325 1333//1333 1366//1366
f 1304//1304 1333//1333 1325//1325
f 1560//1560 1500//1500 1523//1523
f 1585//1585 1564//1564 1615//1615
f 1547//1547 1585//1585 1559//1559
f 1105//1105 1065//1065 1100//1100
f 1065//1065 1128//1128 1100//1100
f 1052//1052 1065//1065 1043//1043
f 1052//1052 1128//1128 1065//1065
f 1128//1128 1052//1052 1122//1122
f 1052//1052 1077//1077 1122//1122
f 1052//1052 1007//1007 1077//1077
f 1264//1264 1286//1286 1304//1304
f 1217//1217 1270//1270 1237//1237
f 1189//1189 1217//1217 1237//1237
f 1217//1217 1189//1189 1155//1155
f 1270//1270 1217//1217 1214//1214
f 1217//1217 1155//1155 1214//1214
f 2041//2041 2095//2095 2049//2049
f 2095//2095 2166//2166 2132//2132
f 1904//1904 1939//1939 1916//1916
f 1722//1722 1697//1697 1653//1653
f 1587//1587 1616//1616 1653//1653
f 1709//1709 1692//1692 1678//1678
f 1692//1692 1709//1709 1766//1766
f 1692//1692 1626//1626 1678//1678
f 1743//1743 1703//1703 1770//1770
f 1887//1887 1937//1937 1906//1906
f 1842//1842 1887//1887 1906//1906
f 1937//1937 1887//1887 1908//1908
f 1887//1887 1847//1847 1908//1908
f 1887//1887 1842//1842 1847//1847
f 1487//1487 1470//1470 1460//1460
f 1512//1512 1487//1487 1439//1439
f 1526//1526 1522//1522 1543//1543
f 1470//1470 1522//1522 1453//1453
f 1522//1522 1465//1465 1453//1453
f 1522//1522 1526//1526 1465//1465
f 1557//1557 1511//1511 1520//1520
f 1511//1511 1557//1557 1543//1543
f 1511//1511 1487//1487 1520//1520
f 1487//1487 1511//1511 1470//1470
f 1522//1522 1511//1511 1543//1543
f 1511//1511 1522//1522 1470//1470
f 1755//1755 1722//1722 1772//1772
f 1722//1722 1755//1755 1697//1697
f 1842//1842 1755//1755 1772//1772
f 1811//1811 1755//1755 1829//1829
f 1755//1755 1842//1842 1829//1829
f 1782//1782 1765//1765 1695//1695
f 1765//1765 1708//1708 1695//1695
f 1671//1671 1708//1708 1691//1691
f 1651//1651 1671//1671 1691//1691
f 1671//1671 1651//1651 1629//1629
f 1708//1708 1671//1671 1695//1695
f 1671//1671 1632//1632 1695//1695
f 1632//1632 1671//1671 1629//1629
f 1906//1906 1903//1903 1874//1874
f 1928//1928 1991//1991 1954//1954
f 1905//1905 1928//1928 1954//1954
f 1889//1889 1928//1928 1860//1860
f 1928//1928 1905//1905 1860//1860
f 1911//1911 1961//1961 1941//1941
f 1961//1961 1911//1911 1963//1963
f 1911//1911 1822//1822 1856//1856
f 1822//1822 1911//1911 1889//1889
f 1789//1789 1782//1782 1712//1712
f 1781//1781 1789//1789 1712//1712
f 1789//1789 1822//1822 1782//1782
f 1789//1789 1781//1781 1856//1856
f 1822//1822 1789//1789 1856//1856
f 1781//1781 1762//1762 1811//1811
f 1762//1762 1781//1781 1715//1715
f 1762//1762 1755//1755 1811//1811
f 1762//1762 1715//1715 1697//1697
f 1755//1755 1762//1762 1697//1697
f 1948//1948 1970//1970 2004//2004
f 2002//2002 1948//1948 2004//2004
f 1970//1970 1948//1948 1906//1906
f 1948//1948 1903//1903 1906//1906
f 2117//2117 2167//2167 2092//2092
f 2082//2082 2117//2117 2092//2092
f 2167//2167 2117//2117 2132//2132
f 2034//2034 2092//2092 2025//2025
f 2034//2034 2082//2082 2092//2092
f 2034//2034 1991//1991 2012//2012
f 2043//2043 2034//2034 2012//2012
f 2034//2034 2043//2043 2082//2082
f 2043//2043 2026//2026 2049//2049
f 2010//2010 1961//1961 1963//1963
f 2002//2002 2010//2010 1963//1963
f 2026//2026 2010//2010 2049//2049
f 2010//2010 2041//2041 2049//2049
f 2010//2010 2002//2002 2041//2041
f 541//541 581//581 527//527
f 641//641 676//676 632//632
f 641//641 632//632 595//595
f 581//581 641//641 595//595
f 641//641 581//581 623//623
f 488//488 541//541 527//527
f 541//541 488//488 474//474
f 717//717 753//753 699//699
f 673//673 719//719 718//718
f 719//719 673//673 696//696
f 730//730 719//719 696//696
f 701//701 661//661 718//718
f 661//661 673//673 718//718
f 661//661 641//641 623//623
f 661//661 701//701 676//676
f 641//641 661//661 676//676
f 673//673 642//642 696//696
f 642//642 697//697 696//696
f 611//611 604//604 583//583
f 604//604 611//611 669//669
f 608//608 611//611 583//583
f 608//608 562//562 616//616
f 562//562 608//608 583//583
f 611//611 655//655 669//669
f 655//655 687//687 669//669
f 608//608 655//655 611//611
f 655//655 608//608 616//616
f 669//669 725//725 715//715
f 687//687 725//725 669//669
f 725//725 759//759 715//715
f 759//759 725//725 793//793
f 563//563 525//525 559//559
f 589//589 563//563 559//559
f 563//563 589//589 585//585
f 552//552 563//563 585//585
f 563//563 522//522 525//525
f 522//522 563//563 552//552
f 543//543 562//562 505//505
f 507//507 543//543 505//505
f 511//511 522//522 552//552
f 615//615 664//664 663//663
f 664//664 711//711 663//663
f 711//711 664//664 703//703
f 664//664 682//682 703//703
f 682//682 664//664 650//650
f 618//618 584//584 622//622
f 618//618 615//615 584//584
f 650//650 618//618 622//622
f 664//664 618//618 650//650
f 618//618 664//664 615//615
f 644//644 629//629 657//657
f 671//671 644//644 657//657
f 644//644 671//671 631//631
f 625//625 629//629 601//601
f 629//629 625//625 658//658
f 625//625 624//624 658//658
f 681//681 691//691 721//721
f 691//691 681//681 658//658
f 658//658 681//681 657//657
f 706//706 681//681 721//721
f 681//681 706//706 657//657
f 599//599 587//587 530//530
f 625//625 599//599 624//624
f 587//587 599//599 601//601
f 599//599 625//625 601//601
f 553//553 591//591 548//548
f 587//587 591//591 553//553
f 591//591 587//587 601//601
f 591//591 631//631 548//548
f 629//629 591//591 601//601
f 591//591 644//644 631//631
f 644//644 591//591 629//629
f 531//531 529//529 494//494
f 529//529 531//531 553//553
f 504//504 531//531 494//494
f 531//531 510//510 553//553
f 531//531 504//504 510//510
f 510//510 463//463 530//530
f 463//463 459//459 530//530
f 463//463 510//510 453//453
f 624//624 634//634 672//672
f 634//634 635//635 672//672
f 635//635 634//634 586//586
f 459//459 536//536 530//530
f 238//238 262//262 266//266
f 232//232 236//236 198//198
f 236//236 232//232 253//253
f 189//189 232//232 198//198
f 174//174 163//163 198//198
f 188//188 174//174 198//198
f 136//136 139//139 118//118
f 46//46 56//56 51//51
f 445//445 418//418 432//432
f 418//418 445//445 476//476
f 418//418 401//401 432//432
f 487//487 416//416 476//476
f 434//434 416//416 487//487
f 416//416 418//418 476//476
f 418//418 416//416 381//381
f 328//328 351//351 322//322
f 351//351 327//327 322//322
f 351//351 364//364 327//327
f 319//319 280//280 310//310
f 323//323 319//319 328//328
f 269//269 323//323 322//322
f 323//323 328//328 322//322
f 280//280 323//323 269//269
f 323//323 280//280 319//319
f 210//210 229//229 212//212
f 229//229 210//210 230//230
f 229//229 250//250 212//212
f 334//334 335//335 352//352
f 335//335 334//334 305//305
f 293//293 290//290 272//272
f 293//293 325//325 318//318
f 293//293 297//297 325//325
f 293//293 270//270 297//297
f 385//385 374//374 336//336
f 374//374 388//388 352//352
f 335//335 374//374 352//352
f 374//374 335//335 336//336
f 341//341 320//320 321//321
f 341//341 370//370 399//399
f 370//370 341//341 321//321
f 287//287 262//262 275//275
f 287//287 294//294 266//266
f 262//262 287//287 266//266
f 235//235 214//214 234//234
f 175//175 193//193 172//172
f 193//193 186//186 172//172
f 255//255 259//259 272//272
f 259//259 255//255 235//235
f 259//259 293//293 272//272
f 293//293 259//259 270//270
f 259//259 235//235 234//234
f 270//270 259//259 234//234
f 290//290 308//308 288//288
f 390//390 308//308 318//318
f 308//308 293//293 318//318
f 293//293 308//308 290//290
f 684//684 640//640 713//713
f 684//684 635//635 640//640
f 635//635 684//684 672//672
f 684//684 722//722 672//672
f 722//722 684//684 713//713
f 500//500 506//506 470//470
f 550//550 555//555 576//576
f 457//457 500//500 470//470
f 538//538 506//506 542//542
f 569//569 556//556 588//588
f 556//556 538//538 542//542
f 538//538 556//556 569//569
f 605//605 597//597 588//588
f 597//597 646//646 609//609
f 569//569 597//597 609//609
f 597//597 569//569 588//588
f 462//462 458//458 426//426
f 574//574 581//581 595//595
f 581//581 574//574 527//527
f 558//558 535//535 565//565
f 535//535 558//558 523//523
f 482//482 524//524 491//491
f 524//524 562//562 583//583
f 562//562 524//524 505//505
f 524//524 482//482 505//505
f 524//524 518//518 491//491
f 518//518 524//524 557//557
f 448//448 442//442 505//505
f 482//482 448//448 505//505
f 330//330 355//355 356//356
f 332//332 330//330 356//356
f 514//514 515//515 551//551
f 475//475 515//515 514//514
f 458//458 515//515 475//475
f 370//370 422//422 399//399
f 422//422 370//370 409//409
f 370//370 377//377 409//409
f 437//437 410//410 426//426
f 85//85 102//102 97//97
f 102//102 85//85 83//83
f 131//131 124//124 138//138
f 102//102 124//124 131//131
f 58//58 53//53 43//43
f 41//41 54//54 44//44
f 43//43 54//54 41//41
f 53//53 54//54 43//43
f 54//54 53//53 65//65
f 127//127 119//119 140//140
f 140//140 119//119 129//129
f 119//119 113//113 129//129
f 119//119 127//127 90//90
f 88//88 119//119 90//90
f 119//119 88//88 113//113
f 70//70 88//88 71//71
f 70//70 49//49 44//44
f 49//49 70//70 71//71
f 66//66 65//65 87//87
f 88//88 66//66 87//87
f 70//70 66//66 88//88
f 66//66 54//54 65//65
f 54//54 66//66 44//44
f 66//66 70//70 44//44
f 81//81 86//86 96//96
f 79//79 81//81 109//109
f 81//81 96//96 109//109
f 80//80 63//63 57//57
f 86//86 63//63 80//80
f 81//81 63//63 86//86
f 38//38 34//34 49//49
f 48//48 38//38 49//49
f 231//231 254//254 226//226
f 254//254 231//231 265//265
f 254//254 265//265 306//306
f 268//268 282//282 256//256
f 304//304 348//348 321//321
f 348//348 304//304 307//307
f 284//284 304//304 291//291
f 284//284 241//241 264//264
f 304//304 284//284 307//307
f 284//284 282//282 307//307
f 282//282 284//284 264//264
f 140//140 157//157 165//165
f 157//157 178//178 165//165
f 156//156 157//157 140//140
f 192//192 178//178 199//199
f 192//192 189//189 165//165
f 178//178 192//192 165//165
f 241//241 242//242 199//199
f 262//262 242//242 275//275
f 242//242 262//262 238//238
f 216//216 256//256 264//264
f 241//241 216//216 264//264
f 2139//2139 2190//2190 2131//2131
f 2190//2190 2139//2139 2164//2164
f 2099//2099 2139//2139 2131//2131
f 2221//2221 2195//2195 2192//2192
f 2300//2300 2277//2277 2304//2304
f 2277//2277 2267//2267 2304//2304
f 2267//2267 2277//2277 2261//2261
f 2277//2277 2272//2272 2261//2261
f 2272//2272 2277//2277 2300//2300
f 2245//2245 2275//2275 2235//2235
f 2275//2275 2267//2267 2235//2235
f 2275//2275 2245//2245 2280//2280
f 2553//2553 2524//2524 2551//2551
f 2524//2524 2522//2522 2551//2551
f 2524//2524 2518//2518 2500//2500
f 2518//2518 2524//2524 2553//2553
f 2522//2522 2524//2524 2484//2484
f 2524//2524 2500//2500 2484//2484
f 2549//2549 2558//2558 2564//2564
f 2558//2558 2549//2549 2528//2528
f 2585//2585 2560//2560 2570//2570
f 2560//2560 2548//2548 2570//2570
f 2560//2560 2585//2585 2569//2569
f 2519//2519 2560//2560 2569//2569
f 2548//2548 2560//2560 2519//2519
f 2475//2475 2438//2438 2481//2481
f 2502//2502 2475//2475 2481//2481
f 1896//1896 1924//1924 1934//1934
f 1989//1989 1924//1924 1922//1922
f 1844//1844 1823//1823 1791//1791
f 1844//1844 1816//1816 1901//1901
f 1934//1934 1969//1969 1962//1962
f 1962//1962 1969//1969 2044//2044
f 1969//1969 1989//1989 2044//2044
f 1924//1924 1969//1969 1934//1934
f 1969//1969 1924//1924 1989//1989
f 1938//1938 1901//1901 1915//1915
f 1938//1938 1940//1940 1901//1901
f 1977//1977 1938//1938 1915//1915
f 1993//1993 1938//1938 1977//1977
f 1940//1940 1938//1938 1993//1993
f 2069//2069 2094//2094 2067//2067
f 2094//2094 2093//2093 2067//2067
f 2093//2093 2094//2094 2150//2150
f 2094//2094 2069//2069 2096//2096
f 2094//2094 2096//2096 2144//2144
f 2150//2150 2094//2094 2144//2144
f 2129//2129 2123//2123 2063//2063
f 2158//2158 2123//2123 2129//2129
f 2123//2123 2158//2158 2162//2162
f 2256//2256 2185//2185 2266//2266
f 2185//2185 2202//2202 2266//2266
f 2202//2202 2185//2185 2162//2162
f 2310//2310 2255//2255 2295//2295
f 2328//2328 2310//2310 2295//2295
f 2263//2263 2310//2310 2317//2317
f 2310//2310 2263//2263 2255//2255
f 2310//2310 2358//2358 2317//2317
f 2358//2358 2310//2310 2366//2366
f 2310//2310 2328//2328 2366//2366
f 2233//2233 2186//2186 2215//2215
f 2186//2186 2233//2233 2181//2181
f 2233//2233 2247//2247 2181//2181
f 2247//2247 2233//2233 2314//2314
f 2247//2247 2206//2206 2181//2181
f 2247//2247 2250//2250 2206//2206
f 2247//2247 2314//2314 2315//2315
f 2250//2250 2247//2247 2315//2315
f 2051//2051 1997//1997 2024//2024
f 1997//1997 2051//2051 1994//1994
f 2024//2024 1997//1997 1985//1985
f 1997//1997 1994//1994 1944//1944
f 1935//1935 1997//1997 1944//1944
f 1997//1997 1935//1935 1985//1985
f 1925//1925 1973//1973 1920//1920
f 1900//1900 1925//1925 1866//1866
f 2282//2282 2228//2228 2210//2210
f 2295//2295 2282//2282 2329//2329
f 2243//2243 2282//2282 2295//2295
f 2228//2228 2282//2282 2243//2243
f 2168//2168 2176//2176 2215//2215
f 2186//2186 2168//2168 2215//2215
f 2168//2168 2186//2186 2136//2136
f 1957//1957 1986//1986 2003//2003
f 1888//1888 1957//1957 1918//1918
f 1892//1892 1957//1957 1888//1888
f 1986//1986 1957//1957 1978//1978
f 1957//1957 1892//1892 1978//1978
f 2097//2097 2029//2029 2076//2076
f 1986//1986 2029//2029 2003//2003
f 2029//2029 2005//2005 2076//2076
f 2029//2029 1986//1986 1978//1978
f 2005//2005 2029//2029 1978//1978
f 2147//2147 2097//2097 2136//2136
f 2147//2147 2186//2186 2181//2181
f 2186//2186 2147//2147 2136//2136
f 2097//2097 2147//2147 2155//2155
f 2206//2206 2147//2147 2181//2181
f 2155//2155 2147//2147 2206//2206
f 2448//2448 2506//2506 2516//2516
f 2505//2505 2506//2506 2448//2448
f 2368//2368 2349//2349 2370//2370
f 2320//2320 2368//2368 2347//2347
f 2320//2320 2278//2278 2284//2284
f 2278//2278 2320//2320 2347//2347
f 2320//2320 2349//2349 2368//2368
f 2368//2368 2396//2396 2347//2347
f 2434//2434 2396//2396 2399//2399
f 2396//2396 2368//2368 2399//2399
f 2498//2498 2469//2469 2496//2496
f 2469//2469 2479//2479 2496//2496
f 2469//2469 2498//2498 2476//2476
f 2421//2421 2469//2469 2476//2476
f 2480//2480 2488//2488 2511//2511
f 2480//2480 2451//2451 2488//2488
f 2414//2414 2360//2360 2390//2390
f 2360//2360 2414//2414 2393//2393
f 2559//2559 2537//2537 2511//2511
f 2578//2578 2537//2537 2559//2559
f 2537//2537 2480//2480 2511//2511
f 2480//2480 2537//2537 2470//2470
f 2539//2539 2568//2568 2542//2542
f 2470//2470 2495//2495 2465//2465
f 2537//2537 2495//2495 2470//2470
f 2495//2495 2537//2537 2539//2539
f 2495//2495 2539//2539 2542//2542
f 2509//2509 2495//2495 2542//2542
f 2477//2477 2417//2417 2491//2491
f 2417//2417 2477//2477 2420//2420
f 2534//2534 2477//2477 2491//2491
f 2493//2493 2477//2477 2534//2534
f 2571//2571 2587//2587 2592//2592
f 2571//2571 2550//2550 2587//2587
f 2576//2576 2571//2571 2592//2592
f 2462//2462 2515//2515 2494//2494
f 2554//2554 2529//2529 2557//2557
f 2504//2504 2529//2529 2554//2554
f 2459//2459 2504//2504 2460//2460
f 2425//2425 2459//2459 2460//2460
f 2447//2447 2493//2493 2489//2489
f 2459//2459 2447//2447 2489//2489
f 2447//2447 2459//2459 2412//2412
f 2420//2420 2382//2382 2373//2373
f 2382//2382 2356//2356 2373//2373
f 2382//2382 2412//2412 2334//2334
f 2356//2356 2382//2382 2334//2334
f 2533//2533 2509//2509 2542//2542
f 2533//2533 2546//2546 2491//2491
f 2509//2509 2533//2533 2491//2491
f 2474//2474 2509//2509 2491//2491
f 2417//2417 2474//2474 2491//2491
f 2495//2495 2474//2474 2465//2465
f 2474//2474 2495//2495 2509//2509
f 2583//2583 2588//2588 2599//2599
f 2588//2588 2591//2591 2599//2599
f 2591//2591 2588//2588 2581//2581
f 2573//2573 2533//2533 2542//2542
f 2533//2533 2573//2573 2546//2546
f 2568//2568 2573//2573 2542//2542
f 2573//2573 2568//2568 2581//2581
f 2150//2150 2198//2198 2174//2174
f 2198//2198 2201//2201 2174//2174
f 2356//2356 2287//2287 2326//2326
f 2287//2287 2356//2356 2334//2334
f 2367//2367 2369//2369 2326//2326
f 2369//2369 2367//2367 2393//2393
f 2367//2367 2360//2360 2393//2393
f 2360//2360 2318//2318 2335//2335
f 2318//2318 2269//2269 2270//2270
f 2335//2335 2318//2318 2270//2270
f 2318//2318 2288//2288 2269//2269
f 2367//2367 2318//2318 2360//2360
f 2288//2288 2318//2318 2326//2326
f 2318//2318 2367//2367 2326//2326
f 2428//2428 2457//2457 2451//2451
f 2422//2422 2428//2428 2451//2451
f 2397//2397 2428//2428 2422//2422
f 2492//2492 2525//2525 2488//2488
f 2455//2455 2492//2492 2488//2488
f 2492//2492 2545//2545 2525//2525
f 2405//2405 2424//2424 2392//2392
f 2392//2392 2424//2424 2383//2383
f 2424//2424 2405//2405 2430//2430
f 2455//2455 2424//2424 2430//2430
f 2125//2125 2165//2165 2113//2113
f 2165//2165 2154//2154 2113//2113
f 2204//2204 2165//2165 2203//2203
f 2165//2165 2204//2204 2209//2209
f 2154//2154 2165//2165 2209//2209
f 2000//2000 2038//2038 2031//2031
f 2038//2038 2088//2088 2031//2031
f 2088//2088 2038//2038 2044//2044
f 2038//2038 1962//1962 2044//2044
f 2038//2038 2000//2000 1962//1962
f 2201//2201 2142//2142 2174//2174
f 2142//2142 2093//2093 2174//2174
f 2093//2093 2142//2142 2108//2108
f 2078//2078 2093//2093 2108//2108
f 2078//2078 2108//2108 2042//2042
f 2037//2037 2078//2078 2042//2042
f 2078//2078 2037//2037 2067//2067
f 2093//2093 2078//2078 2067//2067
f 2061//2061 2104//2104 2044//2044
f 2061//2061 1989//1989 2042//2042
f 1989//1989 2061//2061 2044//2044
f 2142//2142 2143//2143 2108//2108
f 2143//2143 2142//2142 2201//2201
f 2196//2196 2143//2143 2223//2223
f 2143//2143 2201//2201 2223//2223
f 2214//2214 2171//2171 2167//2167
f 2214//2214 2167//2167 2224//2224
f 2238//2238 2214//2214 2248//2248
f 2251//2251 2214//2214 2224//2224
f 2248//2248 2214//2214 2251//2251
f 2307//2307 2297//2297 2327//2327
f 2307//2307 2238//2238 2297//2297
f 2238//2238 2307//2307 2270//2270
f 2361//2361 2307//2307 2327//2327
f 2307//2307 2335//2335 2270//2270
f 2335//2335 2307//2307 2361//2361
f 2269//2269 2200//2200 2220//2220
f 2200//2200 2173//2173 2220//2220
f 2173//2173 2200//2200 2144//2144
f 2200//2200 2150//2150 2144//2144
f 2200//2200 2198//2198 2150//2150
f 2198//2198 2200//2200 2232//2232
f 2440//2440 2375//2375 2416//2416
f 2375//2375 2440//2440 2427//2427
f 2375//2375 2379//2379 2416//2416
f 2375//2375 2427//2427 2364//2364
f 2332//2332 2375//2375 2364//2364
f 2330//2330 2375//2375 2332//2332
f 2540//2540 2512//2512 2487//2487
f 2512//2512 2572//2572 2562//2562
f 2572//2572 2512//2512 2540//2540
f 2503//2503 2440//2440 2487//2487
f 2512//2512 2503//2503 2487//2487
f 2312//2312 2300//2300 2304//2304
f 2312//2312 2343//2343 2300//2300
f 2336//2336 2312//2312 2304//2304
f 2312//2312 2336//2336 2343//2343
f 2343//2343 2357//2357 2384//2384
f 2336//2336 2357//2357 2343//2343
f 2226//2226 2267//2267 2261//2261
f 2133//2133 2157//2157 2175//2175
f 2157//2157 2133//2133 2116//2116
f 2528//2528 2514//2514 2527//2527
f 2514//2514 2502//2502 2527//2527
f 2549//2549 2523//2523 2528//2528
f 2482//2482 2510//2510 2464//2464
f 233//233 244//244 222//222
f 244//244 233//233 247//247
f 233//233 222//222 227//227
f 247//247 233//233 227//227
f 279//279 249//249 278//278
f 249//249 263//263 278//278
f 249//249 244//244 263//263
f 185//185 224//224 187//187
f 224//224 185//185 217//217
f 224//224 210//210 187//187
f 210//210 224//224 230//230
f 3//3 8//8 2//2
f 9//9 8//8 3//3
f 2//2 8//8 5//5
f 8//8 7//7 5//5
f 7//7 8//8 12//12
f 36//36 24//24 22//22
f 12//12 24//24 20//20
f 22//22 24//24 12//12
f 1178//1178 1216//1216 1208//1208
f 1216//1216 1221//1221 1208//1208
f 1216//1216 1178//1178 1220//1220
f 1221//1221 1216//1216 1220//1220
f 1101//1101 1074//1074 1126//1126
f 1074//1074 1101//1101 1099//1099
f 1101//1101 1152//1152 1099//1099
f 1566//1566 1620//1620 1552//1552
f 1620//1620 1566//1566 1608//1608
f 1658//1658 1620//1620 1608//1608
f 1679//1679 1620//1620 1658//1658
f 1238//1238 1305//1305 1221//1221
f 1238//1238 1221//1221 1220//1220
f 1228//1228 1238//1238 1220//1220
f 1238//1238 1228//1228 1269//1269
f 1358//1358 1314//1314 1308//1308
f 1314//1314 1269//1269 1308//1308
f 1305//1305 1314//1314 1352//1352
f 1314//1314 1358//1358 1352//1352
f 1314//1314 1238//1238 1269//1269
f 1238//1238 1314//1314 1305//1305
f 1358//1358 1398//1398 1352//1352
f 1412//1412 1398//1398 1436//1436
f 1398//1398 1412//1412 1352//1352
f 1398//1398 1474//1474 1436//1436
f 1431//1431 1455//1455 1389//1389
f 1455//1455 1444//1444 1389//1389
f 1479//1479 1455//1455 1523//1523
f 1444//1444 1455//1455 1479//1479
f 952//952 1006//1006 922//922
f 952//952 957//957 1006//1006
f 957//957 953//953 983//983
f 953//953 990//990 983//983
f 990//990 953//953 1008//1008
f 1087//1087 1015//1015 1058//1058
f 1087//1087 1037//1037 1015//1015
f 1191//1191 1206//1206 1222//1222
f 1213//1213 1257//1257 1275//1275
f 1257//1257 1213//1213 1222//1222
f 1213//1213 1191//1191 1222//1222
f 1148//1148 1175//1175 1126//1126
f 1175//1175 1148//1148 1195//1195
f 299//299 357//357 315//315
f 271//271 299//299 263//263
f 263//263 299//299 278//278
f 299//299 312//312 278//278
f 312//312 299//299 315//315
f 365//365 381//381 340//340
f 365//365 418//418 381//381
f 418//418 365//365 401//401
f 357//357 365//365 315//315
f 312//312 365//365 340//340
f 365//365 312//312 315//315
f 520//520 545//545 561//561
f 602//602 545//545 560//560
f 561//561 545//545 602//602
f 545//545 508//508 560//560
f 545//545 520//520 508//508
f 693//693 745//745 746//746
f 720//720 745//745 693//693
f 746//746 745//745 785//785
f 873//873 913//913 939//939
f 913//913 873//873 837//837
f 747//747 720//720 729//729
f 978//978 992//992 1043//1043
f 992//992 1052//1052 1043//1043
f 1052//1052 992//992 1007//1007
f 1007//1007 992//992 939//939
f 992//992 978//978 939//939
f 1029//1029 999//999 1043//1043
f 999//999 978//978 1043//1043
f 978//978 999//999 961//961
f 961//961 999//999 971//971
f 999//999 991//991 971//971
f 991//991 999//999 1029//1029
f 875//875 856//856 884//884
f 875//875 863//863 856//856
f 875//875 884//884 888//888
f 863//863 875//875 888//888
f 693//693 710//710 670//670
f 710//710 692//692 670//670
f 710//710 693//693 746//746
f 692//692 710//710 727//727
f 566//566 539//539 571//571
f 596//596 566//566 571//571
f 444//444 492//492 431//431
f 544//544 492//492 512//512
f 492//492 513//513 512//512
f 469//469 513//513 444//444
f 513//513 492//492 444//444
f 577//577 626//626 575//575
f 626//626 577//577 593//593
f 544//544 577//577 575//575
f 577//577 544//544 512//512
f 628//628 607//607 575//575
f 626//626 628//628 575//575
f 607//607 628//628 648//648
f 628//628 668//668 648//648
f 628//628 626//626 668//668
f 645//645 621//621 670//670
f 645//645 626//626 621//621
f 692//692 645//645 670//670
f 679//679 645//645 692//692
f 626//626 645//645 668//668
f 645//645 679//679 668//668
f 606//606 566//566 596//596
f 606//606 596//596 649//649
f 966//966 949//949 971//971
f 949//949 961//961 971//971
f 1879//1879 1893//1893 1933//1933
f 1890//1890 1902//1902 1867//1867
f 1871//1871 1890//1890 1867//1867
f 1890//1890 1871//1871 1897//1897
f 2090//2090 2031//2031 2113//2113
f 2090//2090 2068//2068 2031//2031
f 2107//2107 2055//2055 2039//2039
f 2055//2055 2007//2007 2039//2039
f 2055//2055 2060//2060 2007//2007
f 2060//2060 2055//2055 2081//2081
f 2118//2118 2107//2107 2068//2068
f 2090//2090 2118//2118 2068//2068
f 2154//2154 2118//2118 2113//2113
f 2118//2118 2090//2090 2113//2113
f 1945//1945 1972//1972 2007//2007
f 1972//1972 1917//1917 1976//1976
f 1976//1976 1917//1917 1933//1933
f 1917//1917 1945//1945 1897//1897
f 1945//1945 1917//1917 1972//1972
f 1917//1917 1879//1879 1933//1933
f 1879//1879 1917//1917 1897//1897
f 1913//1913 1934//1934 1962//1962
f 1896//1896 1913//1913 1864//1864
f 1913//1913 1896//1896 1934//1934
f 2081//2081 2161//2161 2103//2103
f 2207//2207 2161//2161 2169//2169
f 2161//2161 2207//2207 2262//2262
f 1793//1793 1787//1787 1851//1851
f 1787//1787 1793//1793 1751//1751
f 1735//1735 1787//1787 1751//1751
f 1564//1564 1605//1605 1615//1615
f 1560//1560 1605//1605 1564//1564
f 1677//1677 1605//1605 1663//1663
f 1605//1605 1677//1677 1615//1615
f 1605//1605 1599//1599 1663//1663
f 1605//1605 1560//1560 1599//1599
f 1816//1816 1777//1777 1753//1753
f 1777//1777 1844//1844 1791//1791
f 1844//1844 1777//1777 1816//1816
f 1696//1696 1668//1668 1637//1637
f 1668//1668 1638//1638 1637//1637
f 1700//1700 1668//1668 1696//1696
f 1668//1668 1700//1700 1663//1663
f 1638//1638 1668//1668 1663//1663
f 1680//1680 1696//1696 1637//1637
f 1696//1696 1680//1680 1753//1753
f 1680//1680 1693//1693 1753//1753
f 1719//1719 1666//1666 1706//1706
f 1768//1768 1817//1817 1808//1808
f 1775//1775 1768//1768 1808//1808
f 1737//1737 1768//1768 1698//1698
f 1768//1768 1775//1775 1698//1698
f 1853//1853 1774//1774 1784//1784
f 1861//1861 1853//1853 1784//1784
f 1774//1774 1853//1853 1833//1833
f 1853//1853 1883//1883 1833//1833
f 1883//1883 1894//1894 1929//1929
f 1894//1894 1861//1861 1877//1877
f 1853//1853 1894//1894 1883//1883
f 1894//1894 1853//1853 1861//1861
f 1894//1894 1942//1942 1929//1929
f 1942//1942 1894//1894 1877//1877
f 1859//1859 1861//1861 1784//1784
f 1824//1824 1859//1859 1784//1784
f 1861//1861 1859//1859 1877//1877
f 1699//1699 1675//1675 1698//1698
f 1675//1675 1699//1699 1639//1639
f 1675//1675 1651//1651 1698//1698
f 1675//1675 1639//1639 1588//1588
f 1651//1651 1675//1675 1588//1588
f 1396//1396 1432//1432 1394//1394
f 1444//1444 1432//1432 1396//1396
f 1432//1432 1444//1444 1479//1479
f 1468//1468 1432//1432 1479//1479
f 1420//1420 1376//1376 1394//1394
f 1420//1420 1478//1478 1429//1429
f 1382//1382 1420//1420 1429//1429
f 1376//1376 1420//1420 1382//1382
f 2378//2378 2352//2352 2346//2346
f 2352//2352 2378//2378 2391//2391
f 1059//1059 1039//1039 1125//1125
f 1088//1088 988//988 1059//1059
f 1004//1004 1009//1009 965//965
f 1009//1009 1004//1004 1036//1036
f 1041//1041 1009//1009 1036//1036
f 1009//1009 1041//1041 1051//1051
f 1041//1041 1086//1086 1051//1051
f 936//936 877//877 935//935
f 807//807 782//782 766//766
f 782//782 733//733 766//766
f 1423//1423 1383//1383 1356//1356
f 1176//1176 1182//1182 1258//1258
f 1186//1186 1176//1176 1258//1258
f 1182//1182 1176//1176 1150//1150
f 1153//1153 1176//1176 1186//1186
f 1176//1176 1153//1153 1150//1150
f 988//988 1024//1024 973//973
f 1282//1282 1289//1289 1334//1334
f 1804//1804 1806//1806 1866//1866
f 1740//1740 1731//1731 1794//1794
f 1681//1681 1731//1731 1660//1660
f 1731//1731 1682//1682 1660//1660
f 1682//1682 1731//1731 1740//1740
f 1714//1714 1796//1796 1727//1727
f 1796//1796 1714//1714 1763//1763
f 1796//1796 1830//1830 1806//1806
f 1830//1830 1813//1813 1872//1872
f 1813//1813 1796//1796 1763//1763
f 1796//1796 1813//1813 1830//1830
f 1375//1375 1374//1374 1315//1315
f 1315//1315 1374//1374 1272//1272
f 1374//1374 1289//1289 1272//1272
f 1374//1374 1359//1359 1289//1289
f 1349//1349 1350//1350 1298//1298
f 1350//1350 1349//1349 1399//1399
f 1350//1350 1375//1375 1320//1320
f 1375//1375 1350//1350 1399//1399
f 1422//1422 1415//1415 1371//1371
f 1451//1451 1422//1422 1330//1330
f 1422//1422 1371//1371 1330//1330
f 1338//1338 1353//1353 1271//1271
f 1331//1331 1338//1338 1271//1271
f 1353//1353 1338//1338 1371//1371
f 1338//1338 1331//1331 1371//1371
f 1528//1528 1531//1531 1573//1573
f 1489//1489 1481//1481 1563//1563
f 1481//1481 1528//1528 1563//1563
f 1440//1440 1481//1481 1489//1489
f 1683//1683 1714//1714 1727//1727
f 1714//1714 1683//1683 1674//1674
f 1464//1464 1440//1440 1489//1489
f 1399//1399 1464//1464 1424//1424
f 1464//1464 1480//1480 1424//1424
f 1464//1464 1489//1489 1533//1533
f 1480//1480 1464//1464 1533//1533
f 1419//1419 1440//1440 1390//1390
f 1353//1353 1419//1419 1390//1390
f 1419//1419 1481//1481 1440//1440
f 1419//1419 1353//1353 1371//1371
f 1415//1415 1419//1419 1371//1371
f 1481//1481 1419//1419 1451//1451
f 1419//1419 1422//1422 1451//1451
f 1422//1422 1419//1419 1415//1415
f 1759//1759 1694//1694 1705//1705
f 1664//1664 1694//1694 1704//1704
f 1752//1752 1759//1759 1801//1801
f 1694//1694 1752//1752 1704//1704
f 1752//1752 1694//1694 1759//1759
f 1815//1815 1752//1752 1801//1801
f 1790//1790 1752//1752 1815//1815
f 1846//1846 1792//1792 1850//1850
f 1850//1850 1792//1792 1794//1794
f 1759//1759 1792//1792 1801//1801
f 1792//1792 1846//1846 1801//1801
f 1792//1792 1759//1759 1733//1733
f 1792//1792 1740//1740 1794//1794
f 1792//1792 1733//1733 1740//1740
f 1892//1892 1930//1930 1978//1978
f 1930//1930 1892//1892 1920//1920
f 1973//1973 1930//1930 1920//1920
f 1930//1930 2005//2005 1978//1978
f 2005//2005 1930//1930 1973//1973
f 1445//1445 1501//1501 1525//1525
f 1501//1501 1445//1445 1509//1509
f 1501//1501 1584//1584 1525//1525
f 1590//1590 1516//1516 1554//1554
f 1370//1370 1367//1367 1462//1462
f 1514//1514 1493//1493 1452//1452
f 1493//1493 1514//1514 1534//1534
f 1633//1633 1545//1545 1612//1612
f 1633//1633 1664//1664 1617//1617
f 1633//1633 1694//1694 1664//1664
f 1694//1694 1633//1633 1705//1705
f 1633//1633 1682//1682 1705//1705
f 1633//1633 1612//1612 1682//1682
f 1539//1539 1570//1570 1617//1617
f 1570//1570 1539//1539 1534//1534
f 1570//1570 1633//1633 1617//1617
f 1633//1633 1570//1570 1545//1545
f 1514//1514 1570//1570 1534//1534
f 1570//1570 1514//1514 1545//1545
f 897//897 892//892 948//948
f 892//892 895//895 948//948
f 1310//1310 1344//1344 1346//1346
f 1310//1310 1260//1260 1279//1279
f 1260//1260 1310//1310 1268//1268
f 1365//1365 1306//1306 1337//1337
f 1344//1344 1306//1306 1365//1365
f 1306//1306 1310//1310 1279//1279
f 1310//1310 1306//1306 1344//1344
f 1437//1437 1460//1460 1409//1409
f 1404//1404 1437//1437 1409//1409
f 1437//1437 1404//1404 1439//1439
f 1467//1467 1414//1414 1458//1458
f 1504//1504 1467//1467 1458//1458
f 1467//1467 1505//1505 1439//1439
f 1414//1414 1467//1467 1405//1405
f 1380//1380 1467//1467 1439//1439
f 1467//1467 1380//1380 1405//1405
f 1173//1173 1204//1204 1157//1157
f 1173//1173 1247//1247 1204//1204
f 1247//1247 1173//1173 1218//1218
f 1117//1117 1173//1173 1157//1157
f 1515//1515 1541//1541 1505//1505
f 1467//1467 1515//1515 1505//1505
f 1515//1515 1467//1467 1504//1504
f 1421//1421 1492//1492 1458//1458
f 1492//1492 1504//1504 1458//1458
f 827//827 824//824 854//854
f 824//824 809//809 854//854
f 677//677 653//653 632//632
f 653//653 637//637 632//632
f 653//653 677//677 674//674
f 637//637 653//653 674//674
f 598//598 558//558 565//565
f 617//617 637//637 651//651
f 617//617 650//650 622//622
f 617//617 651//651 650//650
f 617//617 598//598 637//637
f 584//584 617//617 622//622
f 582//582 617//617 584//584
f 558//558 617//617 582//582
f 598//598 617//617 558//558
f 685//685 662//662 711//711
f 685//685 711//711 724//724
f 683//683 685//685 724//724
f 685//685 683//683 666//666
f 662//662 685//685 666//666
f 723//723 711//711 703//703
f 749//749 723//723 703//703
f 711//711 723//723 724//724
f 690//690 688//688 667//667
f 690//690 683//683 724//724
f 666//666 690//690 667//667
f 683//683 690//690 666//666
f 752//752 775//775 751//751
f 728//728 752//752 751//751
f 775//775 752//752 755//755
f 752//752 728//728 755//755
f 776//776 805//805 773//773
f 805//805 859//859 841//841
f 805//805 776//776 859//859
f 1110//1110 1084//1084 1210//1210
f 1197//1197 1110//1110 1210//1210
f 1188//1188 1242//1242 1212//1212
f 1188//1188 1197//1197 1242//1242
f 1188//1188 1212//1212 1140//1140
f 2303//2303 2309//2309 2337//2337
f 2309//2309 2239//2239 2231//2231
f 2239//2239 2309//2309 2303//2303
f 2350//2350 2413//2413 2337//2337
f 2350//2350 2400//2400 2413//2413
f 2309//2309 2350//2350 2337//2337
f 2128//2128 2071//2071 2114//2114
f 2128//2128 2099//2099 2071//2071
f 2146//2146 2128//2128 2114//2114
f 2040//2040 2057//2057 1990//1990
f 2057//2057 1996//1996 1990//1990
f 2057//2057 2072//2072 1996//1996
f 2146//2146 2163//2163 2211//2211
f 2163//2163 2146//2146 2127//2127
f 2172//2172 2163//2163 2124//2124
f 2163//2163 2127//2127 2124//2124
f 2217//2217 2146//2146 2211//2211
f 2065//2065 2083//2083 2040//2040
f 2083//2083 2065//2065 2127//2127
f 2083//2083 2057//2057 2040//2040
f 2083//2083 2127//2127 2114//2114
f 2072//2072 2083//2083 2114//2114
f 2057//2057 2083//2083 2072//2072
f 2278//2278 2225//2225 2284//2284
f 2225//2225 2278//2278 2211//2211
f 2163//2163 2225//2225 2211//2211
f 2225//2225 2163//2163 2172//2172
f 2257//2257 2189//2189 2206//2206
f 2189//2189 2155//2155 2206//2206
f 2155//2155 2189//2189 2121//2121
f 2189//2189 2172//2172 2121//2121
f 2290//2290 2257//2257 2250//2250
f 2290//2290 2250//2250 2315//2315
f 2319//2319 2290//2290 2315//2315
f 1631//1631 1589//1589 1657//1657
f 1684//1684 1631//1631 1657//1657
f 1589//1589 1546//1546 1494//1494
f 1631//1631 1546//1546 1589//1589
f 1546//1546 1631//1631 1594//1594
f 1558//1558 1501//1501 1509//1509
f 1501//1501 1558//1558 1584//1584
f 1734//1734 1732//1732 1788//1788
f 1732//1732 1734//1734 1685//1685
f 1726//1726 1732//1732 1685//1685
f 1779//1779 1802//1802 1788//1788
f 1732//1732 1779//1779 1788//1788
f 1779//1779 1732//1732 1726//1726
f 1802//1802 1748//1748 1738//1738
f 1779//1779 1748//1748 1802//1802
f 1748//1748 1779//1779 1726//1726
f 1661//1661 1685//1685 1628//1628
f 1661//1661 1726//1726 1685//1685
f 1624//1624 1661//1661 1628//1628
f 1661//1661 1624//1624 1625//1625
f 1748//1748 1661//1661 1738//1738
f 1661//1661 1748//1748 1726//1726
f 1659//1659 1661//1661 1625//1625
f 1661//1661 1659//1659 1738//1738
f 1659//1659 1723//1723 1738//1738
f 1818//1818 1802//1802 1738//1738
f 1987//1987 1990//1990 1946//1946
f 1965//1965 1987//1987 1946//1946
f 1987//1987 2040//2040 1990//1990
f 2040//2040 1987//1987 2017//2017
f 1987//1987 1981//1981 2017//2017
f 1981//1981 1987//1987 1965//1965
f 1966//1966 1981//1981 1923//1923
f 1981//1981 1965//1965 1923//1923
f 1965//1965 1878//1878 1923//1923
f 1878//1878 1828//1828 1923//1923
f 1828//1828 1878//1878 1814//1814
f 1828//1828 1862//1862 1923//1923
f 1862//1862 1912//1912 1923//1923
f 1912//1912 1862//1862 1876//1876
f 1862//1862 1790//1790 1876//1876
f 1790//1790 1862//1862 1783//1783
f 1862//1862 1828//1828 1783//1783
f 2192//2192 2170//2170 2178//2178
f 2170//2170 2135//2135 2178//2178
f 2170//2170 2195//2195 2177//2177
f 2195//2195 2170//2170 2192//2192
f 1983//1983 1996//1996 2046//2046
f 2014//2014 1983//1983 2046//2046
f 1983//1983 2014//2014 1971//1971
f 1996//1996 1983//1983 1967//1967
f 1983//1983 1927//1927 1967//1967
f 1927//1927 1983//1983 1971//1971
f 1231//1231 1201//1201 1212//1212
f 1231//1231 1212//1212 1287//1287
f 1307//1307 1231//1231 1287//1287
f 1201//1201 1231//1231 1214//1214
f 1102//1102 1115//1115 1045//1045
f 1155//1155 1115//1115 1132//1132
f 1115//1115 1102//1102 1132//1132
f 1115//1115 1022//1022 1045//1045
f 1022//1022 1115//1115 1044//1044
f 1094//1094 1040//1040 1044//1044
f 1115//1115 1094//1094 1044//1044
f 1094//1094 1115//1115 1155//1155
f 1189//1189 1094//1094 1155//1155
f 1328//1328 1403//1403 1363//1363
f 1403//1403 1328//1328 1393//1393
f 1403//1403 1417//1417 1363//1363
f 1403//1403 1456//1456 1417//1417
f 1403//1403 1393//1393 1465//1465
f 1456//1456 1403//1403 1465//1465
f 1387//1387 1369//1369 1409//1409
f 1369//1369 1387//1387 1393//1393
f 1387//1387 1409//1409 1453//1453
f 1393//1393 1387//1387 1453//1453
f 1310//1310 1292//1292 1268//1268
f 1312//1312 1369//1369 1393//1393
f 1328//1328 1312//1312 1393//1393
f 791//791 767//767 816//816
f 767//767 791//791 721//721
f 731//731 767//767 721//721
f 830//830 801//801 842//842
f 801//801 830//830 795//795
f 830//830 927//927 874//874
f 758//758 801//801 795//795
f 756//756 758//758 795//795
f 801//801 758//758 765//765
f 758//758 706//706 765//765
f 758//758 756//756 706//706
f 706//706 736//736 665//665
f 756//756 736//736 706//706
f 665//665 736//736 686//686
f 736//736 756//756 760//760
f 707//707 736//736 760//760
f 736//736 707//707 686//686
f 850//850 876//876 842//842
f 876//876 830//830 842//842
f 927//927 876//876 907//907
f 876//876 927//927 830//830
f 954//954 931//931 862//862
f 931//931 850//850 862//862
f 931//931 980//980 907//907
f 931//931 954//954 980//980
f 876//876 931//931 907//907
f 931//931 876//876 850//850
f 1204//1204 1169//1169 1160//1160
f 1169//1169 1204//1204 1226//1226
f 1233//1233 1169//1169 1226//1226
f 1199//1199 1169//1169 1233//1233
f 1097//1097 1081//1081 1073//1073
f 1032//1032 1081//1081 1090//1090
f 1081//1081 1097//1097 1090//1090
f 1120//1120 1097//1097 1073//1073
f 1120//1120 1157//1157 1160//1160
f 1120//1120 1098//1098 1157//1157
f 1060//1060 1085//1085 1073//1073
f 1085//1085 1120//1120 1073//1073
f 1120//1120 1085//1085 1098//1098
f 1098//1098 1085//1085 1071//1071
f 1085//1085 1060//1060 1071//1071
f 1010//1010 1081//1081 1032//1032
f 1084//1084 1048//1048 1090//1090
f 1048//1048 1032//1032 1090//1090
f 1066//1066 1031//1031 1062//1062
f 1026//1026 1031//1031 989//989
f 1031//1031 1026//1026 1062//1062
f 1031//1031 974//974 989//989
f 974//974 1031//1031 1025//1025
f 1031//1031 1066//1066 1025//1025
f 1532//1532 1426//1426 1502//1502
f 1426//1426 1433//1433 1502//1502
f 1450//1450 1426//1426 1532//1532
f 1433//1433 1426//1426 1377//1377
f 1343//1343 1316//1316 1270//1270
f 1510//1510 1568//1568 1555//1555
f 1568//1568 1510//1510 1538//1538
f 1555//1555 1568//1568 1614//1614
f 1568//1568 1640//1640 1614//1614
f 1640//1640 1568//1568 1597//1597
f 1568//1568 1538//1538 1597//1597
f 1397//1397 1364//1364 1329//1329
f 1364//1364 1397//1397 1401//1401
f 1441//1441 1473//1473 1401//1401
f 1441//1441 1510//1510 1473//1473
f 1397//1397 1441//1441 1401//1401
f 1510//1510 1441//1441 1434//1434
f 1441//1441 1397//1397 1434//1434
f 1223//1223 1259//1259 1274//1274
f 1138//1138 1105//1105 1100//1100
f 1180//1180 1138//1138 1181//1181
f 1138//1138 1180//1180 1105//1105
f 1236//1236 1189//1189 1237//1237
f 1364//1364 1276//1276 1329//1329
f 1296//1296 1276//1276 1364//1364
f 1276//1276 1237//1237 1329//1329
f 1276//1276 1236//1236 1237//1237
f 1321//1321 1364//1364 1354//1354
f 1321//1321 1296//1296 1364//1364
f 1274//1274 1321//1321 1354//1354
f 1259//1259 1321//1321 1274//1274
f 1296//1296 1321//1321 1259//1259
f 1249//1249 1264//1264 1304//1304
f 1249//1249 1304//1304 1325//1325
f 1253//1253 1249//1249 1325//1325
f 1249//1249 1253//1253 1206//1206
f 1180//1180 1249//1249 1206//1206
f 1249//1249 1180//1180 1264//1264
f 1607//1607 1618//1618 1559//1559
f 1585//1585 1607//1607 1559//1559
f 1607//1607 1585//1585 1615//1615
f 1735//1735 1720//1720 1771//1771
f 1496//1496 1479//1479 1523//1523
f 1500//1500 1496//1496 1523//1523
f 1496//1496 1468//1468 1479//1479
f 1542//1542 1560//1560 1564//1564
f 1542//1542 1500//1500 1560//1560
f 1542//1542 1585//1585 1547//1547
f 1585//1585 1542//1542 1564//1564
f 1357//1357 1333//1333 1304//1304
f 1286//1286 1357//1357 1304//1304
f 1357//1357 1411//1411 1366//1366
f 1333//1333 1357//1357 1366//1366
f 1357//1357 1392//1392 1411//1411
f 1392//1392 1357//1357 1354//1354
f 1357//1357 1274//1274 1354//1354
f 1357//1357 1286//1286 1274//1274
f 1904//1904 1910//1910 1939//1939
f 1880//1880 1904//1904 1916//1916
f 1847//1847 1855//1855 1908//1908
f 1908//1908 1855//1855 1916//1916
f 1852//1852 1826//1826 1858//1858
f 1855//1855 1826//1826 1852//1852
f 1758//1758 1826//1826 1847//1847
f 1826//1826 1855//1855 1847//1847
f 1914//1914 1884//1884 1936//1936
f 1884//1884 1909//1909 1936//1936
f 1827//1827 1884//1884 1838//1838
f 1909//1909 1827//1827 1849//1849
f 1884//1884 1827//1827 1909//1909
f 1773//1773 1838//1838 1770//1770
f 1703//1703 1773//1773 1770//1770
f 1745//1745 1743//1743 1758//1758
f 1575//1575 1557//1557 1520//1520
f 1557//1557 1575//1575 1587//1587
f 1575//1575 1616//1616 1587//1587
f 1541//1541 1577//1577 1561//1561
f 1575//1575 1578//1578 1616//1616
f 1578//1578 1524//1524 1561//1561
f 1524//1524 1578//1578 1520//1520
f 1578//1578 1575//1575 1520//1520
f 1626//1626 1623//1623 1604//1604
f 1692//1692 1623//1623 1626//1626
f 1665//1665 1669//1669 1652//1652
f 1743//1743 1701//1701 1703//1703
f 1524//1524 1518//1518 1512//1512
f 1518//1518 1487//1487 1512//1512
f 1518//1518 1524//1524 1520//1520
f 1487//1487 1518//1518 1520//1520
f 1809//1809 1889//1889 1860//1860
f 1809//1809 1822//1822 1889//1889
f 1809//1809 1765//1765 1782//1782
f 1822//1822 1809//1809 1782//1782
f 1741//1741 1737//1737 1691//1691
f 1931//1931 1928//1928 1889//1889
f 1931//1931 1911//1911 1941//1941
f 1911//1911 1931//1931 1889//1889
f 1991//1991 1931//1931 1941//1941
f 1928//1928 1931//1931 1991//1991
f 1868//1868 1911//1911 1856//1856
f 1911//1911 1868//1868 1903//1903
f 1903//1903 1868//1868 1874//1874
f 1868//1868 1811//1811 1874//1874
f 1868//1868 1856//1856 1811//1811
f 1960//1960 2002//2002 1963//1963
f 1960//1960 1948//1948 2002//2002
f 1948//1948 1960//1960 1903//1903
f 1911//1911 1960//1960 1963//1963
f 1960//1960 1911//1911 1903//1903
f 1991//1991 1992//1992 1954//1954
f 2034//2034 1992//1992 1991//1991
f 1992//1992 2034//2034 2025//2025
f 2043//2043 2084//2084 2082//2082
f 2117//2117 2084//2084 2132//2132
f 2084//2084 2117//2117 2082//2082
f 2084//2084 2043//2043 2049//2049
f 2095//2095 2084//2084 2049//2049
f 2084//2084 2095//2095 2132//2132
f 2010//2010 2011//2011 1961//1961
f 1991//1991 2011//2011 2012//2012
f 2011//2011 2010//2010 2026//2026
f 1961//1961 2011//2011 1941//1941
f 2011//2011 1991//1991 1941//1941
f 2011//2011 2043//2043 2012//2012
f 2043//2043 2011//2011 2026//2026
f 1592//1592 1632//1632 1629//1629
f 1598//1598 1592//1592 1629//1629
f 1548//1548 1592//1592 1598//1598
f 1591//1591 1592//1592 1550//1550
f 1632//1632 1592//1592 1591//1591
f 1519//1519 1548//1548 1471//1471
f 1519//1519 1503//1503 1550//1550
f 1592//1592 1519//1519 1550//1550
f 1519//1519 1592//1592 1548//1548
f 1519//1519 1471//1471 1425//1425
f 1503//1503 1519//1519 1425//1425
f 1529//1529 1502//1502 1476//1476
f 1471//1471 1529//1529 1476//1476
f 1548//1548 1529//1529 1471//1471
f 1502//1502 1529//1529 1593//1593
f 1529//1529 1598//1598 1593//1593
f 1529//1529 1548//1548 1598//1598
f 642//642 570//570 592//592
f 570//570 557//557 592//592
f 581//581 594//594 623//623
f 541//541 594//594 581//581
f 570//570 594//594 541//541
f 594//594 570//570 642//642
f 496//496 488//488 527//527
f 574//574 496//496 527//527
f 496//496 495//495 456//456
f 423//423 446//446 456//456
f 488//488 466//466 474//474
f 466//466 446//446 474//474
f 446//446 466//466 456//456
f 466//466 496//496 456//456
f 496//496 466//466 488//488
f 446//446 461//461 474//474
f 879//879 899//899 854//854
f 661//661 630//630 673//673
f 630//630 642//642 673//673
f 630//630 661//661 623//623
f 594//594 630//630 623//623
f 630//630 594//594 642//642
f 759//759 761//761 715//715
f 719//719 778//778 718//718
f 778//778 719//719 730//730
f 880//880 908//908 934//934
f 896//896 880//880 933//933
f 1285//1285 1235//1235 1205//1205
f 1361//1361 1285//1285 1313//1313
f 1486//1486 1590//1590 1508//1508
f 1486//1486 1516//1516 1590//1590
f 652//652 604//604 669//669
f 697//697 652//652 669//669
f 642//642 652//652 697//697
f 652//652 642//642 592//592
f 604//604 652//652 592//592
f 798//798 759//759 793//793
f 761//761 798//798 796//796
f 798//798 761//761 759//759
f 846//846 880//880 793//793
f 880//880 846//846 908//908
f 412//412 440//440 442//442
f 522//522 499//499 525//525
f 441//441 499//499 490//490
f 499//499 511//511 490//490
f 511//511 499//499 522//522
f 578//578 543//543 567//567
f 543//543 578//578 562//562
f 578//578 567//567 616//616
f 562//562 578//578 616//616
f 533//533 543//543 507//507
f 511//511 533//533 507//507
f 543//543 533//533 567//567
f 533//533 552//552 567//567
f 533//533 511//511 552//552
f 558//558 549//549 523//523
f 515//515 549//549 551//551
f 549//549 515//515 523//523
f 549//549 582//582 551//551
f 549//549 558//558 582//582
f 510//510 465//465 453//453
f 504//504 465//465 510//510
f 465//465 504//504 494//494
f 486//486 465//465 494//494
f 390//390 465//465 433//433
f 465//465 486//486 433//433
f 452//452 428//428 471//471
f 374//374 428//428 388//388
f 325//325 375//375 318//318
f 375//375 390//390 318//318
f 438//438 452//452 459//459
f 463//463 438//438 459//459
f 298//298 333//333 297//297
f 388//388 349//349 352//352
f 349//349 334//334 352//352
f 333//333 349//349 378//378
f 349//349 298//298 334//334
f 349//349 333//333 298//298
f 634//634 600//600 586//586
f 599//599 600//600 624//624
f 600//600 634//634 624//624
f 452//452 485//485 459//459
f 485//485 536//536 459//459
f 485//485 452//452 471//471
f 516//516 485//485 471//471
f 536//536 485//485 516//516
f 536//536 554//554 586//586
f 586//586 554//554 609//609
f 554//554 569//569 609//609
f 554//554 536//536 516//516
f 554//554 538//538 569//569
f 252//252 238//238 266//266
f 252//252 232//232 238//238
f 232//232 252//252 253//253
f 252//252 276//276 253//253
f 276//276 252//252 266//266
f 169//169 180//180 184//184
f 164//164 184//184 179//179
f 149//149 164//164 179//179
f 139//139 164//164 149//149
f 123//123 147//147 110//110
f 61//61 48//48 57//57
f 63//63 61//61 57//57
f 62//62 74//74 69//69
f 35//35 46//46 51//51
f 93//93 89//89 72//72
f 89//89 93//93 104//104
f 98//98 89//89 105//105
f 77//77 50//50 59//59
f 20//20 29//29 19//19
f 24//24 29//29 20//20
f 29//29 24//24 36//36
f 393//393 434//434 392//392
f 364//364 393//393 392//392
f 351//351 393//393 364//364
f 281//281 279//279 310//310
f 280//280 281//281 310//310
f 311//311 335//335 305//305
f 276//276 311//311 305//305
f 294//294 311//311 276//276
f 335//335 311//311 336//336
f 385//385 347//347 399//399
f 347//347 341//341 399//399
f 347//347 385//385 336//336
f 320//320 347//347 336//336
f 341//341 347//347 320//320
f 287//287 309//309 294//294
f 309//309 320//320 336//336
f 320//320 309//309 275//275
f 309//309 287//287 275//275
f 311//311 309//309 336//336
f 309//309 311//311 294//294
f 190//190 204//204 180//180
f 209//209 204//204 190//190
f 180//180 204//204 222//222
f 222//222 204//204 227//227
f 204//204 209//209 227//227
f 213//213 209//209 190//190
f 186//186 213//213 190//190
f 213//213 186//186 193//193
f 209//209 213//213 227//227
f 213//213 255//255 227//227
f 255//255 213//213 235//235
f 175//175 155//155 188//188
f 145//145 155//155 134//134
f 155//155 174//174 188//188
f 155//155 145//145 174//174
f 214//214 215//215 234//234
f 215//215 236//236 234//234
f 215//215 188//188 236//236
f 191//191 214//214 193//193
f 175//175 191//191 193//193
f 191//191 215//215 214//214
f 191//191 175//175 188//188
f 215//215 191//191 188//188
f 302//302 390//390 357//357
f 302//302 308//308 390//390
f 299//299 302//302 357//357
f 308//308 302//302 288//288
f 302//302 271//271 288//288
f 302//302 299//299 271//271
f 503//503 484//484 470//470
f 506//506 503//503 470//470
f 506//506 528//528 542//542
f 528//528 506//506 500//500
f 550//550 528//528 500//500
f 528//528 556//556 542//542
f 550//550 509//509 555//555
f 546//546 509//509 514//514
f 509//509 546//546 555//555
f 509//509 475//475 514//514
f 568//568 605//605 588//588
f 556//556 568//568 588//588
f 568//568 528//528 550//550
f 528//528 568//568 556//556
f 627//627 597//597 605//605
f 627//627 605//605 614//614
f 646//646 627//627 639//639
f 597//597 627//627 646//646
f 639//639 627//627 667//667
f 627//627 614//614 667//667
f 460//460 462//462 429//429
f 460//460 495//495 498//498
f 460//460 429//429 456//456
f 495//495 460//460 456//456
f 515//515 477//477 523//523
f 462//462 477//477 458//458
f 477//477 515//515 458//458
f 540//540 535//535 498//498
f 535//535 540//540 565//565
f 573//573 524//524 583//583
f 524//524 573//573 557//557
f 604//604 573//573 583//583
f 557//557 573//573 592//592
f 573//573 604//604 592//592
f 518//518 481//481 491//491
f 501//501 541//541 474//474
f 501//501 570//570 541//541
f 501//501 461//461 449//449
f 461//461 501//501 474//474
f 448//448 420//420 442//442
f 436//436 482//482 491//491
f 481//481 436//436 491//491
f 425//425 436//436 449//449
f 436//436 481//481 449//449
f 196//196 182//182 197//197
f 182//182 196//196 194//194
f 202//202 231//231 226//226
f 231//231 246//246 265//265
f 265//265 292//292 306//306
f 159//159 182//182 194//194
f 182//182 159//159 197//197
f 153//153 148//148 132//132
f 292//292 346//346 306//306
f 402//402 376//376 425//425
f 402//402 461//461 446//446
f 402//402 425//425 449//449
f 461//461 402//402 449//449
f 402//402 423//423 395//395
f 423//423 402//402 446//446
f 296//296 301//301 324//324
f 316//316 296//296 324//324
f 437//437 451//451 410//410
f 383//383 410//410 409//409
f 377//377 383//383 409//409
f 111//111 107//107 131//131
f 107//107 102//102 131//131
f 107//107 111//111 97//97
f 102//102 107//107 97//97
f 170//170 142//142 141//141
f 124//124 142//142 138//138
f 142//142 124//124 141//141
f 92//92 124//124 102//102
f 55//55 58//58 76//76
f 55//55 53//53 58//58
f 65//65 55//55 76//76
f 53//53 55//55 65//65
f 34//34 30//30 26//26
f 38//38 30//30 34//34
f 30//30 25//25 26//26
f 25//25 30//30 38//38
f 40//40 48//48 45//45
f 40//40 38//38 48//48
f 40//40 45//45 33//33
f 25//25 40//40 33//33
f 40//40 25//25 38//38
f 254//254 243//243 226//226
f 243//243 205//205 226//226
f 205//205 243//243 239//239
f 268//268 240//240 239//239
f 219//219 240//240 256//256
f 240//240 268//268 256//256
f 282//282 300//300 307//307
f 268//268 300//300 282//282
f 360//360 370//370 321//321
f 348//348 360//360 321//321
f 360//360 377//377 370//370
f 360//360 348//348 377//377
f 220//220 192//192 199//199
f 242//242 220//220 199//199
f 220//220 242//242 238//238
f 192//192 220//220 189//189
f 220//220 232//232 189//189
f 232//232 220//220 238//238
f 261//261 242//242 241//241
f 261//261 284//284 291//291
f 284//284 261//261 241//241
f 261//261 291//291 275//275
f 242//242 261//261 275//275
f 223//223 219//219 256//256
f 216//216 223//223 256//256
f 208//208 241//241 199//199
f 208//208 216//216 241//241
f 2139//2139 2140//2140 2164//2164
f 2140//2140 2139//2139 2099//2099
f 2313//2313 2336//2336 2304//2304
f 2267//2267 2313//2313 2304//2304
f 2275//2275 2313//2313 2267//2267
f 2538//2538 2558//2558 2528//2528
f 2558//2558 2538//2538 2556//2556
f 2538//2538 2528//2528 2527//2527
f 2556//2556 2538//2538 2527//2527
f 2582//2582 2558//2558 2556//2556
f 2582//2582 2556//2556 2569//2569
f 2564//2564 2582//2582 2597//2597
f 2558//2558 2582//2582 2564//2564
f 2582//2582 2585//2585 2597//2597
f 2585//2585 2582//2582 2569//2569
f 1844//1844 1873//1873 1823//1823
f 1873//1873 1896//1896 1864//1864
f 1823//1823 1873//1873 1864//1864
f 1873//1873 1924//1924 1896//1896
f 1924//1924 1873//1873 1922//1922
f 1873//1873 1901//1901 1922//1922
f 1873//1873 1844//1844 1901//1901
f 2134//2134 2123//2123 2162//2162
f 2185//2185 2134//2134 2162//2162
f 2095//2095 2134//2134 2166//2166
f 2134//2134 2185//2185 2166//2166
f 2193//2193 2185//2185 2256//2256
f 2185//2185 2193//2193 2166//2166
f 2193//2193 2256//2256 2224//2224
f 2166//2166 2193//2193 2132//2132
f 2167//2167 2193//2193 2224//2224
f 2193//2193 2167//2167 2132//2132
f 2402//2402 2385//2385 2441//2441
f 2385//2385 2381//2381 2441//2441
f 2283//2283 2321//2321 2314//2314
f 2385//2385 2321//2321 2381//2381
f 2419//2419 2456//2456 2441//2441
f 2381//2381 2419//2419 2441//2441
f 2456//2456 2419//2419 2437//2437
f 2419//2419 2381//2381 2362//2362
f 2419//2419 2404//2404 2437//2437
f 2419//2419 2362//2362 2404//2404
f 2009//2009 2005//2005 1973//1973
f 2005//2005 2062//2062 2076//2076
f 2009//2009 2062//2062 2005//2005
f 2062//2062 2009//2009 2052//2052
f 2091//2091 2051//2051 2130//2130
f 1925//1925 1959//1959 1973//1973
f 1959//1959 2009//2009 1973//1973
f 1959//1959 1900//1900 1944//1944
f 1959//1959 1925//1925 1900//1900
f 1994//1994 1959//1959 1944//1944
f 2009//2009 1959//1959 1994//1994
f 1995//1995 1953//1953 2003//2003
f 1953//1953 1957//1957 2003//2003
f 1957//1957 1953//1953 1918//1918
f 1953//1953 1950//1950 1918//1918
f 1953//1953 1995//1995 1950//1950
f 2029//2029 2054//2054 2003//2003
f 2054//2054 2029//2029 2097//2097
f 2048//2048 2054//2054 2097//2097
f 2054//2054 1995//1995 2003//2003
f 2054//2054 2048//2048 1995//1995
f 2065//2065 2032//2032 2121//2121
f 2032//2032 2065//2065 2017//2017
f 2066//2066 2097//2097 2155//2155
f 2066//2066 2048//2048 2097//2097
f 2066//2066 2155//2155 2121//2121
f 2032//2032 2066//2066 2121//2121
f 2469//2469 2443//2443 2479//2479
f 2443//2443 2469//2469 2421//2421
f 2435//2435 2480//2480 2470//2470
f 2435//2435 2422//2422 2451//2451
f 2480//2480 2435//2435 2451//2451
f 2422//2422 2435//2435 2390//2390
f 2435//2435 2414//2414 2390//2390
f 2414//2414 2429//2429 2393//2393
f 2429//2429 2417//2417 2393//2393
f 2474//2474 2429//2429 2465//2465
f 2429//2429 2474//2474 2417//2417
f 2444//2444 2470//2470 2465//2465
f 2429//2429 2444//2444 2465//2465
f 2444//2444 2429//2429 2414//2414
f 2444//2444 2435//2435 2470//2470
f 2435//2435 2444//2444 2414//2414
f 2575//2575 2591//2591 2581//2581
f 2568//2568 2575//2575 2581//2581
f 2591//2591 2575//2575 2586//2586
f 2575//2575 2568//2568 2539//2539
f 2537//2537 2575//2575 2539//2539
f 2575//2575 2578//2578 2586//2586
f 2575//2575 2537//2537 2578//2578
f 2550//2550 2541//2541 2534//2534
f 2493//2493 2541//2541 2489//2489
f 2541//2541 2493//2493 2534//2534
f 2497//2497 2515//2515 2462//2462
f 2497//2497 2462//2462 2460//2460
f 2504//2504 2497//2497 2460//2460
f 2497//2497 2504//2504 2536//2536
f 2515//2515 2497//2497 2536//2536
f 2507//2507 2459//2459 2489//2489
f 2459//2459 2507//2507 2504//2504
f 2507//2507 2529//2529 2504//2504
f 2541//2541 2507//2507 2489//2489
f 2459//2459 2407//2407 2412//2412
f 2407//2407 2459//2459 2425//2425
f 2274//2274 2229//2229 2260//2260
f 2229//2229 2274//2274 2252//2252
f 2252//2252 2274//2274 2276//2276
f 2274//2274 2346//2346 2276//2276
f 2274//2274 2331//2331 2346//2346
f 2477//2477 2466//2466 2420//2420
f 2466//2466 2447//2447 2420//2420
f 2466//2466 2477//2477 2493//2493
f 2447//2447 2466//2466 2493//2493
f 2447//2447 2415//2415 2420//2420
f 2415//2415 2382//2382 2420//2420
f 2415//2415 2447//2447 2412//2412
f 2382//2382 2415//2415 2412//2412
f 2579//2579 2583//2583 2546//2546
f 2573//2573 2579//2579 2546//2546
f 2579//2579 2588//2588 2583//2583
f 2579//2579 2573//2573 2588//2588
f 2588//2588 2580//2580 2581//2581
f 2580//2580 2573//2573 2581//2581
f 2573//2573 2580//2580 2588//2588
f 2288//2288 2249//2249 2269//2269
f 2249//2249 2200//2200 2269//2269
f 2200//2200 2249//2249 2232//2232
f 2246//2246 2198//2198 2232//2232
f 2198//2198 2246//2246 2201//2201
f 2260//2260 2259//2259 2334//2334
f 2259//2259 2287//2287 2334//2334
f 2259//2259 2260//2260 2223//2223
f 2201//2201 2259//2259 2223//2223
f 2246//2246 2259//2259 2201//2201
f 2259//2259 2246//2246 2287//2287
f 2492//2492 2543//2543 2545//2545
f 2428//2428 2442//2442 2457//2457
f 2442//2442 2455//2455 2457//2457
f 2442//2442 2424//2424 2455//2455
f 2424//2424 2442//2442 2383//2383
f 2442//2442 2397//2397 2383//2383
f 2442//2442 2428//2428 2397//2397
f 2143//2143 2100//2100 2108//2108
f 2108//2108 2100//2100 2042//2042
f 2100//2100 2061//2061 2042//2042
f 2061//2061 2100//2100 2104//2104
f 2100//2100 2143//2143 2104//2104
f 2143//2143 2159//2159 2104//2104
f 2104//2104 2159//2159 2125//2125
f 2159//2159 2196//2196 2203//2203
f 2159//2159 2143//2143 2196//2196
f 2165//2165 2159//2159 2203//2203
f 2159//2159 2165//2165 2125//2125
f 2214//2214 2199//2199 2171//2171
f 2199//2199 2214//2214 2238//2238
f 2171//2171 2199//2199 2151//2151
f 2199//2199 2180//2180 2151//2151
f 2199//2199 2238//2238 2180//2180
f 2379//2379 2355//2355 2348//2348
f 2375//2375 2355//2355 2379//2379
f 2355//2355 2375//2375 2330//2330
f 2458//2458 2486//2486 2499//2499
f 2440//2440 2486//2486 2427//2427
f 2503//2503 2486//2486 2440//2440
f 2577//2577 2598//2598 2565//2565
f 2545//2545 2577//2577 2565//2565
f 2577//2577 2596//2596 2598//2598
f 2577//2577 2563//2563 2596//2596
f 2543//2543 2577//2577 2545//2545
f 2577//2577 2543//2543 2563//2563
f 2555//2555 2562//2562 2589//2589
f 2596//2596 2555//2555 2589//2589
f 2563//2563 2555//2555 2596//2596
f 2530//2530 2512//2512 2562//2562
f 2530//2530 2503//2503 2512//2512
f 2555//2555 2530//2530 2562//2562
f 2530//2530 2486//2486 2503//2503
f 2133//2133 2098//2098 2116//2116
f 2222//2222 2226//2226 2261//2261
f 2188//2188 2222//2222 2254//2254
f 2226//2226 2222//2222 2187//2187
f 2272//2272 2222//2222 2261//2261
f 2222//2222 2272//2272 2254//2254
f 2222//2222 2188//2188 2175//2175
f 2157//2157 2222//2222 2175//2175
f 2267//2267 2227//2227 2235//2235
f 2226//2226 2227//2227 2267//2267
f 2205//2205 2245//2245 2235//2235
f 2245//2245 2205//2205 2221//2221
f 2205//2205 2195//2195 2221//2221
f 2195//2195 2205//2205 2177//2177
f 2205//2205 2197//2197 2177//2177
f 2160//2160 2126//2126 2177//2177
f 2197//2197 2160//2160 2177//2177
f 1964//1964 1984//1984 1939//1939
f 1964//1964 1979//1979 1984//1984
f 1910//1910 1964//1964 1939//1939
f 1964//1964 1910//1910 1914//1914
f 1955//1955 2008//2008 1936//1936
f 2008//2008 1955//1955 2028//2028
f 2514//2514 2508//2508 2502//2502
f 2475//2475 2508//2508 2485//2485
f 2508//2508 2475//2475 2502//2502
f 2508//2508 2514//2514 2528//2528
f 2510//2510 2520//2520 2549//2549
f 2520//2520 2523//2523 2549//2549
f 2523//2523 2520//2520 2485//2485
f 2384//2384 2439//2439 2445//2445
f 2439//2439 2464//2464 2445//2445
f 2439//2439 2453//2453 2464//2464
f 2453//2453 2439//2439 2432//2432
f 244//244 245//245 217//217
f 249//249 245//245 244//244
f 245//245 224//224 217//217
f 224//224 245//245 249//249
f 8//8 16//16 12//12
f 17//17 18//18 14//14
f 18//18 17//17 26//26
f 25//25 18//18 26//26
f 1124//1124 1101//1101 1126//1126
f 1175//1175 1124//1124 1126//1126
f 1124//1124 1175//1175 1178//1178
f 1152//1152 1124//1124 1178//1178
f 1101//1101 1124//1124 1152//1152
f 1658//1658 1662//1662 1702//1702
f 1648//1648 1662//1662 1658//1658
f 1662//1662 1655//1655 1702//1702
f 1655//1655 1662//1662 1648//1648
f 1655//1655 1582//1582 1618//1618
f 1410//1410 1358//1358 1382//1382
f 1410//1410 1398//1398 1358//1358
f 1410//1410 1382//1382 1429//1429
f 1474//1474 1410//1410 1429//1429
f 1398//1398 1410//1410 1474//1474
f 953//953 902//902 914//914
f 914//914 902//902 848//848
f 828//828 902//902 893//893
f 902//902 828//828 848//848
f 952//952 926//926 957//957
f 926//926 953//953 957//957
f 926//926 922//922 893//893
f 926//926 952//952 922//922
f 902//902 926//926 893//893
f 926//926 902//902 953//953
f 967//967 1015//1015 1008//1008
f 953//953 967//967 1008//1008
f 1015//1015 967//967 1000//1000
f 967//967 966//966 1000//1000
f 967//967 953//953 914//914
f 929//929 967//967 914//914
f 967//967 929//929 966//966
f 1067//1067 1087//1087 1058//1058
f 1105//1105 1067//1067 1065//1065
f 1029//1029 1067//1067 1058//1058
f 1065//1065 1067//1067 1029//1029
f 1087//1087 1104//1104 1037//1037
f 1106//1106 1148//1148 1126//1126
f 1092//1092 1106//1106 1054//1054
f 1074//1074 1106//1106 1126//1126
f 1106//1106 1074//1074 1054//1054
f 379//379 365//365 357//357
f 365//365 379//379 401//401
f 379//379 357//357 400//400
f 401//401 379//379 400//400
f 942//942 978//978 961//961
f 978//978 942//942 939//939
f 942//942 873//873 939//939
f 787//787 873//873 840//840
f 787//787 729//729 760//760
f 837//837 787//787 760//760
f 873//873 787//787 837//837
f 787//787 747//747 729//729
f 866//866 797//797 840//840
f 797//797 787//787 840//840
f 787//787 797//797 747//747
f 797//797 745//745 720//720
f 747//747 797//797 720//720
f 702//702 692//692 727//727
f 702//702 679//679 692//692
f 702//702 727//727 716//716
f 679//679 702//702 668//668
f 702//702 709//709 668//668
f 709//709 702//702 716//716
f 757//757 746//746 779//779
f 757//757 710//710 746//746
f 783//783 757//757 779//779
f 757//757 783//783 727//727
f 710//710 757//757 727//727
f 621//621 580//580 636//636
f 580//580 621//621 593//593
f 577//577 564//564 593//593
f 564//564 580//580 593//593
f 513//513 564//564 512//512
f 564//564 577//577 512//512
f 2107//2107 2153//2153 2169//2169
f 2118//2118 2153//2153 2107//2107
f 2153//2153 2118//2118 2154//2154
f 1943//1943 2007//2007 1949//1949
f 1943//1943 1945//1945 2007//2007
f 1919//1919 1943//1943 1949//1949
f 1902//1902 1943//1943 1919//1919
f 1890//1890 1943//1943 1902//1902
f 1943//1943 1890//1890 1897//1897
f 1945//1945 1943//1943 1897//1897
f 1893//1893 1926//1926 1952//1952
f 1952//1952 1926//1926 1962//1962
f 1926//1926 1913//1913 1962//1962
f 1926//1926 1893//1893 1841//1841
f 1926//1926 1841//1841 1864//1864
f 1913//1913 1926//1926 1864//1864
f 2207//2207 2242//2242 2262//2262
f 2311//2311 2351//2351 2359//2359
f 2311//2311 2306//2306 2351//2351
f 2208//2208 2207//2207 2169//2169
f 2122//2122 2161//2161 2081//2081
f 2055//2055 2122//2122 2081//2081
f 2122//2122 2055//2055 2107//2107
f 2122//2122 2107//2107 2169//2169
f 2161//2161 2122//2122 2169//2169
f 1787//1787 1854//1854 1851//1851
f 1854//1854 1787//1787 1843//1843
f 1879//1879 1854//1854 1843//1843
f 1851//1851 1854//1854 1897//1897
f 1854//1854 1879//1879 1897//1897
f 1798//1798 1787//1787 1735//1735
f 1798//1798 1771//1771 1807//1807
f 1798//1798 1735//1735 1771//1771
f 1677//1677 1650//1650 1615//1615
f 1650//1650 1607//1607 1615//1615
f 1607//1607 1650//1650 1649//1649
f 1650//1650 1677//1677 1716//1716
f 1823//1823 1795//1795 1791//1791
f 1795//1795 1761//1761 1791//1791
f 1795//1795 1823//1823 1805//1805
f 1700//1700 1730//1730 1663//1663
f 1730//1730 1677//1677 1663//1663
f 1677//1677 1730//1730 1716//1716
f 1730//1730 1761//1761 1716//1716
f 1517//1517 1560//1560 1523//1523
f 1560//1560 1517//1517 1599//1599
f 1517//1517 1579//1579 1599//1599
f 1517//1517 1490//1490 1579//1579
f 1530//1530 1490//1490 1447//1447
f 1490//1490 1530//1530 1579//1579
f 1601//1601 1530//1530 1482//1482
f 1435//1435 1431//1431 1366//1366
f 1411//1411 1435//1435 1366//1366
f 1435//1435 1517//1517 1431//1431
f 1517//1517 1435//1435 1490//1490
f 1447//1447 1435//1435 1411//1411
f 1490//1490 1435//1435 1447//1447
f 1680//1680 1642//1642 1693//1693
f 1693//1693 1642//1642 1672//1672
f 1601//1601 1642//1642 1637//1637
f 1642//1642 1680//1680 1637//1637
f 1672//1672 1642//1642 1614//1614
f 1642//1642 1601//1601 1614//1614
f 1774//1774 1750//1750 1784//1784
f 1719//1719 1750//1750 1774//1774
f 1750//1750 1719//1719 1706//1706
f 1750//1750 1775//1775 1784//1784
f 1775//1775 1750//1750 1706//1706
f 1666//1666 1729//1729 1672//1672
f 1719//1719 1729//1729 1666//1666
f 1729//1729 1693//1693 1672//1672
f 1693//1693 1729//1729 1776//1776
f 1729//1729 1774//1774 1776//1776
f 1729//1729 1719//1719 1774//1774
f 1870//1870 1859//1859 1824//1824
f 1817//1817 1870//1870 1808//1808
f 1870//1870 1824//1824 1808//1808
f 1905//1905 1870//1870 1860//1860
f 1432//1432 1449//1449 1394//1394
f 1449//1449 1432//1432 1468//1468
f 1449//1449 1420//1420 1394//1394
f 1449//1449 1468//1468 1478//1478
f 1420//1420 1449//1449 1478//1478
f 2431//2431 2378//2378 2425//2425
f 2431//2431 2462//2462 2423//2423
f 2391//2391 2431//2431 2423//2423
f 2378//2378 2431//2431 2391//2391
f 2462//2462 2431//2431 2460//2460
f 2431//2431 2425//2425 2460//2460
f 1083//1083 1050//1050 1011//1011
f 1050//1050 1038//1038 1011//1011
f 1017//1017 1004//1004 1011//1011
f 1038//1038 1017//1017 1011//1011
f 1004//1004 1017//1017 1036//1036
f 1017//1017 1038//1038 1036//1036
f 1038//1038 1103//1103 1036//1036
f 1103//1103 1050//1050 1083//1083
f 1050//1050 1103//1103 1038//1038
f 1103//1103 1186//1186 1161//1161
f 988//988 1003//1003 1059//1059
f 946//946 988//988 973//973
f 1168//1168 1133//1133 1125//1125
f 1133//1133 1059//1059 1125//1125
f 1133//1133 1088//1088 1059//1059
f 1234//1234 1133//1133 1168//1168
f 965//965 982//982 935//935
f 1009//1009 982//982 965//965
f 1039//1039 982//982 1051//1051
f 982//982 1009//1009 1051//1051
f 1086//1086 1095//1095 1051//1051
f 1039//1039 1095//1095 1125//1125
f 1095//1095 1039//1039 1051//1051
f 1107//1107 1041//1041 1036//1036
f 1107//1107 1086//1086 1041//1041
f 1103//1103 1107//1107 1036//1036
f 1107//1107 1103//1103 1161//1161
f 869//869 877//877 936//936
f 869//869 881//881 834//834
f 844//844 807//807 819//819
f 891//891 844//844 819//819
f 835//835 782//782 807//807
f 844//844 835//835 807//807
f 835//835 844//844 877//877
f 869//869 835//835 877//877
f 675//675 656//656 620//620
f 656//656 678//678 638//638
f 638//638 743//743 616//616
f 743//743 655//655 616//616
f 655//655 743//743 687//687
f 908//908 950//950 934//934
f 1391//1391 1423//1423 1438//1438
f 1391//1391 1383//1383 1423//1423
f 1445//1445 1391//1391 1438//1438
f 1263//1263 1278//1278 1248//1248
f 1177//1177 1141//1141 1078//1078
f 1141//1141 1177//1177 1248//1248
f 1088//1088 1063//1063 988//988
f 1063//1063 1024//1024 988//988
f 1063//1063 1088//1088 1112//1112
f 1024//1024 1063//1063 1013//1013
f 1131//1131 1177//1177 1078//1078
f 1131//1131 969//969 1034//1034
f 1282//1282 1302//1302 1245//1245
f 1293//1293 1302//1302 1356//1356
f 1302//1302 1293//1293 1245//1245
f 1302//1302 1334//1334 1356//1356
f 1302//1302 1282//1282 1334//1334
f 1383//1383 1324//1324 1356//1356
f 1324//1324 1293//1293 1356//1356
f 1804//1804 1810//1810 1757//1757
f 1747//1747 1804//1804 1757//1757
f 1645//1645 1747//1747 1681//1681
f 1545//1545 1442//1442 1488//1488
f 1359//1359 1442//1442 1452//1452
f 1374//1374 1442//1442 1359//1359
f 1442//1442 1514//1514 1452//1452
f 1514//1514 1442//1442 1545//1545
f 1350//1350 1300//1300 1298//1298
f 1300//1300 1350//1350 1320//1320
f 1273//1273 1300//1300 1320//1320
f 1300//1300 1243//1243 1298//1298
f 1300//1300 1273//1273 1243//1243
f 1485//1485 1481//1481 1451//1451
f 1481//1481 1485//1485 1528//1528
f 1531//1531 1485//1485 1451//1451
f 1485//1485 1531//1531 1528//1528
f 1636//1636 1683//1683 1645//1645
f 1636//1636 1602//1602 1643//1643
f 1636//1636 1645//1645 1602//1602
f 1674//1674 1636//1636 1643//1643
f 1683//1683 1636//1636 1674//1674
f 1427//1427 1464//1464 1399//1399
f 1464//1464 1427//1427 1440//1440
f 1427//1427 1399//1399 1390//1390
f 1440//1440 1427//1427 1390//1390
f 1752//1752 1707//1707 1704//1704
f 1664//1664 1707//1707 1690//1690
f 1707//1707 1664//1664 1704//1704
f 1736//1736 1752//1752 1790//1790
f 1707//1707 1736//1736 1690//1690
f 1736//1736 1707//1707 1752//1752
f 1736//1736 1684//1684 1690//1690
f 1736//1736 1744//1744 1684//1684
f 1395//1395 1342//1342 1445//1445
f 1342//1342 1391//1391 1445//1445
f 1391//1391 1342//1342 1383//1383
f 1324//1324 1342//1342 1322//1322
f 1342//1342 1324//1324 1383//1383
f 1278//1278 1288//1288 1248//1248
f 1232//1232 1141//1141 1248//1248
f 1463//1463 1370//1370 1462//1462
f 1486//1486 1463//1463 1516//1516
f 1499//1499 1507//1507 1462//1462
f 910//910 883//883 865//865
f 838//838 910//910 865//865
f 910//910 838//838 917//917
f 829//829 817//817 865//865
f 883//883 829//829 865//865
f 775//775 802//802 820//820
f 847//847 802//802 799//799
f 799//799 802//802 755//755
f 802//802 775//775 755//755
f 833//833 859//859 820//820
f 859//859 833//833 897//897
f 833//833 892//892 897//897
f 802//802 833//833 820//820
f 833//833 802//802 847//847
f 1306//1306 1301//1301 1337//1337
f 1448//1448 1437//1437 1439//1439
f 1437//1437 1448//1448 1460//1460
f 1487//1487 1448//1448 1439//1439
f 1448//1448 1487//1487 1460//1460
f 1515//1515 1576//1576 1541//1541
f 1576//1576 1577//1577 1541//1541
f 1576//1576 1569//1569 1609//1609
f 1610//1610 1576//1576 1609//1609
f 1577//1577 1576//1576 1610//1610
f 827//827 781//781 824//824
f 781//781 809//809 824//824
f 781//781 827//827 825//825
f 742//742 781//781 737//737
f 781//781 749//749 737//737
f 872//872 827//827 854//854
f 768//768 742//742 739//739
f 768//768 781//781 742//742
f 781//781 768//768 809//809
f 637//637 590//590 632//632
f 598//598 590//590 637//637
f 632//632 590//590 595//595
f 590//590 598//598 565//565
f 540//540 590//590 565//565
f 590//590 574//574 595//595
f 590//590 540//540 574//574
f 728//728 726//726 755//755
f 726//726 769//769 755//755
f 726//726 728//728 688//688
f 690//690 726//726 688//688
f 726//726 741//741 769//769
f 741//741 726//726 724//724
f 726//726 690//690 724//724
f 1158//1158 1110//1110 1197//1197
f 1188//1188 1158//1158 1197//1197
f 1158//1158 1188//1188 1140//1140
f 2400//2400 2386//2386 2421//2421
f 2350//2350 2386//2386 2400//2400
f 2316//2316 2278//2278 2347//2347
f 2338//2338 2316//2316 2347//2347
f 2293//2293 2350//2350 2309//2309
f 2241//2241 2293//2293 2236//2236
f 2293//2293 2231//2231 2236//2236
f 2293//2293 2309//2309 2231//2231
f 2217//2217 2183//2183 2146//2146
f 2183//2183 2217//2217 2241//2241
f 2183//2183 2241//2241 2236//2236
f 2190//2190 2183//2183 2236//2236
f 2183//2183 2190//2190 2164//2164
f 2253//2253 2189//2189 2257//2257
f 2225//2225 2253//2253 2284//2284
f 2253//2253 2225//2225 2172//2172
f 2189//2189 2253//2253 2172//2172
f 2253//2253 2320//2320 2284//2284
f 1558//1558 1621//1621 1584//1584
f 1621//1621 1558//1558 1594//1594
f 1537//1537 1484//1484 1494//1494
f 1546//1546 1537//1537 1494//1494
f 1484//1484 1537//1537 1509//1509
f 1760//1760 1723//1723 1744//1744
f 1828//1828 1760//1760 1744//1744
f 1760//1760 1828//1828 1814//1814
f 1778//1778 1760//1760 1814//1814
f 1760//1760 1778//1778 1723//1723
f 1723//1723 1778//1778 1738//1738
f 1778//1778 1818//1818 1738//1738
f 1839//1839 1818//1818 1882//1882
f 1818//1818 1839//1839 1802//1802
f 1839//1839 1927//1927 1891//1891
f 1927//1927 1839//1839 1882//1882
f 1839//1839 1891//1891 1788//1788
f 1802//1802 1839//1839 1788//1788
f 1832//1832 1907//1907 1882//1882
f 1818//1818 1832//1832 1882//1882
f 1832//1832 1778//1778 1814//1814
f 1778//1778 1832//1832 1818//1818
f 1881//1881 1965//1965 1946//1946
f 1881//1881 1878//1878 1965//1965
f 1907//1907 1881//1881 1946//1946
f 1832//1832 1881//1881 1907//1907
f 2170//2170 2112//2112 2135//2135
f 2135//2135 2112//2112 2070//2070
f 2112//2112 2064//2064 2070//2070
f 2126//2126 2112//2112 2177//2177
f 2112//2112 2170//2170 2177//2177
f 1080//1080 1094//1094 1130//1130
f 1094//1094 1080//1080 1040//1040
f 1077//1077 1080//1080 1130//1130
f 1040//1040 1080//1080 1077//1077
f 1369//1369 1341//1341 1346//1346
f 1341//1341 1310//1310 1346//1346
f 1341//1341 1292//1292 1310//1310
f 1312//1312 1341//1341 1369//1369
f 1341//1341 1312//1312 1292//1292
f 1268//1268 1284//1284 1239//1239
f 1292//1292 1284//1284 1268//1268
f 1312//1312 1284//1284 1292//1292
f 1267//1267 1226//1226 1239//1239
f 1284//1284 1267//1267 1239//1239
f 1267//1267 1284//1284 1312//1312
f 1267//1267 1233//1233 1226//1226
f 1267//1267 1328//1328 1233//1233
f 1267//1267 1312//1312 1328//1328
f 808//808 767//767 773//773
f 767//767 808//808 816//816
f 808//808 857//857 816//816
f 857//857 808//808 841//841
f 805//805 808//808 773//773
f 808//808 805//805 841//841
f 767//767 750//750 773//773
f 750//750 767//767 731//731
f 750//750 722//722 773//773
f 750//750 708//708 722//722
f 708//708 750//750 714//714
f 750//750 731//731 714//714
f 830//830 826//826 795//795
f 826//826 830//830 874//874
f 826//826 874//874 837//837
f 826//826 837//837 760//760
f 756//756 826//826 760//760
f 826//826 756//756 795//795
f 874//874 920//920 941//941
f 927//927 920//920 874//874
f 920//920 986//986 941//941
f 920//920 927//927 986//986
f 1022//1022 959//959 980//980
f 980//980 959//959 907//907
f 959//959 927//927 907//907
f 927//927 959//959 986//986
f 959//959 1044//1044 986//986
f 959//959 1022//1022 1044//1044
f 1120//1120 1123//1123 1097//1097
f 1123//1123 1169//1169 1199//1199
f 1123//1123 1199//1199 1090//1090
f 1097//1097 1123//1123 1090//1090
f 895//895 976//976 948//948
f 976//976 1032//1032 948//948
f 976//976 1010//1010 1032//1032
f 998//998 1048//1048 1021//1021
f 1048//1048 998//998 1032//1032
f 1032//1032 998//998 948//948
f 998//998 958//958 948//948
f 1026//1026 1069//1069 1062//1062
f 1069//1069 1026//1026 1021//1021
f 1110//1110 1069//1069 1084//1084
f 1069//1069 1048//1048 1084//1084
f 1048//1048 1069//1069 1021//1021
f 911//911 940//940 923//923
f 911//911 859//859 897//897
f 911//911 923//923 859//859
f 911//911 897//897 948//948
f 958//958 911//911 948//948
f 940//940 911//911 958//958
f 1297//1297 1307//1307 1377//1377
f 1343//1343 1297//1297 1377//1377
f 1231//1231 1297//1297 1214//1214
f 1297//1297 1231//1231 1307//1307
f 1297//1297 1270//1270 1214//1214
f 1297//1297 1343//1343 1270//1270
f 1397//1397 1360//1360 1434//1434
f 1316//1316 1360//1360 1329//1329
f 1360//1360 1397//1397 1329//1329
f 1230//1230 1223//1223 1274//1274
f 1286//1286 1230//1230 1274//1274
f 1230//1230 1286//1286 1264//1264
f 1180//1180 1230//1230 1264//1264
f 1230//1230 1180//1180 1181//1181
f 1171//1171 1128//1128 1122//1122
f 1223//1223 1219//1219 1259//1259
f 1219//1219 1171//1171 1122//1122
f 1138//1138 1144//1144 1181//1181
f 1144//1144 1171//1171 1181//1181
f 1171//1171 1144//1144 1128//1128
f 1128//1128 1144//1144 1100//1100
f 1144//1144 1138//1138 1100//1100
f 1105//1105 1165//1165 1159//1159
f 1180//1180 1165//1165 1105//1105
f 1159//1159 1165//1165 1206//1206
f 1165//1165 1180//1180 1206//1206
f 1236//1236 1167//1167 1189//1189
f 1094//1094 1167//1167 1130//1130
f 1167//1167 1094//1094 1189//1189
f 1607//1607 1644//1644 1618//1618
f 1644//1644 1607//1607 1649//1649
f 1644//1644 1655//1655 1618//1618
f 1686//1686 1735//1735 1702//1702
f 1686//1686 1720//1720 1735//1735
f 1655//1655 1686//1686 1702//1702
f 1644//1644 1686//1686 1655//1655
f 1527//1527 1542//1542 1547//1547
f 1542//1542 1527//1527 1500//1500
f 1468//1468 1527//1527 1547//1547
f 1496//1496 1527//1527 1468//1468
f 1527//1527 1496//1496 1500//1500
f 1885//1885 1910//1910 1904//1904
f 1885//1885 1880//1880 1858//1858
f 1880//1880 1885//1885 1904//1904
f 1910//1910 1885//1885 1914//1914
f 1885//1885 1884//1884 1914//1914
f 1884//1884 1885//1885 1838//1838
f 1875//1875 1852//1852 1858//1858
f 1880//1880 1875//1875 1858//1858
f 1875//1875 1880//1880 1916//1916
f 1855//1855 1875//1875 1916//1916
f 1875//1875 1855//1855 1852//1852
f 1743//1743 1799//1799 1758//1758
f 1799//1799 1826//1826 1758//1758
f 1799//1799 1743//1743 1770//1770
f 1826//1826 1799//1799 1858//1858
f 1838//1838 1799//1799 1770//1770
f 1785//1785 1766//1766 1812//1812
f 1849//1849 1785//1785 1812//1812
f 1827//1827 1785//1785 1849//1849
f 1785//1785 1692//1692 1766//1766
f 1692//1692 1785//1785 1746//1746
f 1711//1711 1773//1773 1703//1703
f 1711//1711 1692//1692 1746//1746
f 1711//1711 1665//1665 1692//1692
f 1669//1669 1711//1711 1703//1703
f 1665//1665 1711//1711 1669//1669
f 1785//1785 1769//1769 1746//1746
f 1769//1769 1785//1785 1827//1827
f 1769//1769 1711//1711 1746//1746
f 1711//1711 1769//1769 1773//1773
f 1800//1800 1827//1827 1838//1838
f 1773//1773 1800//1800 1838//1838
f 1800//1800 1769//1769 1827//1827
f 1769//1769 1800//1800 1773//1773
f 1721//1721 1745//1745 1758//1758
f 1721//1721 1758//1758 1772//1772
f 1722//1722 1721//1721 1772//1772
f 1721//1721 1710//1710 1745//1745
f 1606//1606 1577//1577 1610//1610
f 1646//1646 1623//1623 1692//1692
f 1665//1665 1646//1646 1692//1692
f 1646//1646 1565//1565 1604//1604
f 1623//1623 1646//1646 1604//1604
f 1654//1654 1669//1669 1703//1703
f 1765//1765 1724//1724 1708//1708
f 1741//1741 1724//1724 1765//1765
f 1708//1708 1724//1724 1691//1691
f 1724//1724 1741//1741 1691//1691
f 1809//1809 1780//1780 1765//1765
f 1780//1780 1741//1741 1765//1765
f 496//496 519//519 495//495
f 519//519 496//496 574//574
f 540//540 519//519 574//574
f 495//495 519//519 498//498
f 519//519 540//540 498//498
f 423//423 405//405 395//395
f 405//405 423//423 456//456
f 429//429 405//405 456//456
f 384//384 405//405 429//429
f 901//901 879//879 921//921
f 879//879 901//901 899//899
f 960//960 901//901 921//921
f 809//809 851//851 854//854
f 851//851 879//879 854//854
f 740//740 761//761 796//796
f 740//740 778//778 730//730
f 697//697 740//740 730//730
f 740//740 697//697 715//715
f 761//761 740//740 715//715
f 778//778 744//744 718//718
f 744//744 753//753 717//717
f 744//744 701//701 718//718
f 701//701 744//744 717//717
f 744//744 777//777 753//753
f 777//777 744//744 778//778
f 915//915 880//880 934//934
f 880//880 915//915 933//933
f 915//915 969//969 933//933
f 996//996 977//977 994//994
f 1173//1173 1170//1170 1218//1218
f 1170//1170 1173//1173 1117//1117
f 1089//1089 1121//1121 1072//1072
f 1137//1137 1121//1121 1151//1151
f 1162//1162 1121//1121 1137//1137
f 1351//1351 1380//1380 1337//1337
f 1380//1380 1351//1351 1405//1405
f 1351//1351 1285//1285 1361//1361
f 1405//1405 1351//1351 1421//1421
f 1351//1351 1361//1361 1421//1421
f 1361//1361 1416//1416 1421//1421
f 1416//1416 1492//1492 1421//1421
f 1285//1285 1281//1281 1235//1235
f 1301//1301 1281//1281 1337//1337
f 1281//1281 1351//1351 1337//1337
f 1351//1351 1281//1281 1285//1285
f 1340//1340 1367//1367 1370//1370
f 1340//1340 1345//1345 1367//1367
f 1164//1164 1225//1225 1151//1151
f 896//896 839//839 880//880
f 880//880 839//839 793//793
f 839//839 798//798 793//793
f 881//881 870//870 834//834
f 946//946 870//870 881//881
f 472//472 507//507 442//442
f 440//440 472//472 442//442
f 511//511 472//472 490//490
f 472//472 511//511 507//507
f 408//408 412//412 391//391
f 408//408 440//440 412//412
f 440//440 408//408 443//443
f 408//408 441//441 443//443
f 439//439 374//374 385//385
f 439//439 428//428 374//374
f 439//439 457//457 470//470
f 484//484 439//439 470//470
f 439//439 385//385 399//399
f 457//457 439//439 399//399
f 439//439 484//484 471//471
f 428//428 439//439 471//471
f 375//375 421//421 390//390
f 465//465 421//421 453//453
f 421//421 465//465 390//390
f 421//421 463//463 453//453
f 421//421 375//375 378//378
f 417//417 428//428 452//452
f 438//438 417//417 452//452
f 428//428 417//417 388//388
f 417//417 349//349 388//388
f 349//349 417//417 378//378
f 375//375 338//338 378//378
f 338//338 333//333 378//378
f 338//338 375//375 325//325
f 297//297 338//338 325//325
f 333//333 338//338 297//297
f 600//600 572//572 586//586
f 536//536 572//572 530//530
f 572//572 536//536 586//586
f 572//572 599//599 530//530
f 572//572 600//600 599//599
f 526//526 554//554 516//516
f 554//554 526//526 538//538
f 174//174 151//151 163//163
f 145//145 151//151 174//174
f 163//163 151//151 130//130
f 151//151 145//145 130//130
f 78//78 56//56 69//69
f 103//103 82//82 79//79
f 103//103 99//99 82//82
f 103//103 79//79 109//109
f 130//130 103//103 109//109
f 169//169 162//162 154//154
f 162//162 169//169 184//184
f 164//164 162//162 184//184
f 143//143 126//126 154//154
f 162//162 143//143 154//154
f 120//120 98//98 105//105
f 120//120 143//143 133//133
f 143//143 120//120 126//126
f 136//136 120//120 133//133
f 120//120 136//136 118//118
f 98//98 120//120 118//118
f 126//126 108//108 104//104
f 108//108 89//89 104//104
f 89//89 108//108 105//105
f 108//108 120//120 105//105
f 120//120 108//108 126//126
f 112//112 93//93 110//110
f 93//93 112//112 104//104
f 126//126 135//135 154//154
f 167//167 169//169 154//154
f 135//135 167//167 154//154
f 167//167 135//135 147//147
f 169//169 167//167 180//180
f 167//167 190//190 180//180
f 61//61 67//67 74//74
f 82//82 67//67 79//79
f 74//74 67//67 82//82
f 56//56 60//60 69//69
f 60//60 62//62 69//69
f 46//46 60//60 56//56
f 62//62 60//60 46//46
f 52//52 62//62 46//46
f 52//52 61//61 74//74
f 62//62 52//52 74//74
f 48//48 52//52 45//45
f 61//61 52//52 48//48
f 31//31 36//36 22//22
f 35//35 39//39 46//46
f 39//39 32//32 33//33
f 50//50 73//73 72//72
f 77//77 73//73 50//50
f 73//73 93//93 72//72
f 93//93 73//73 110//110
f 42//42 29//29 36//36
f 29//29 42//42 50//50
f 50//50 42//42 59//59
f 363//363 345//345 381//381
f 416//416 363//363 381//381
f 345//345 363//363 328//328
f 363//363 351//351 328//328
f 260//260 281//281 280//280
f 224//224 260//260 230//230
f 260//260 224//224 249//249
f 260//260 249//249 279//279
f 281//281 260//260 279//279
f 214//214 211//211 193//193
f 211//211 213//213 193//193
f 211//211 214//214 235//235
f 213//213 211//211 235//235
f 152//152 155//155 175//175
f 152//152 123//123 134//134
f 155//155 152//152 134//134
f 152//152 175//175 172//172
f 158//158 152//152 172//172
f 152//152 147//147 123//123
f 152//152 158//158 147//147
f 502//502 550//550 500//500
f 502//502 509//509 550//550
f 605//605 579//579 614//614
f 568//568 579//579 605//605
f 614//614 579//579 576//576
f 579//579 550//550 576//576
f 579//579 568//568 550//550
f 497//497 477//477 462//462
f 497//497 460//460 498//498
f 460//460 497//497 462//462
f 477//477 497//497 523//523
f 535//535 497//497 498//498
f 497//497 535//535 523//523
f 411//411 462//462 426//426
f 382//382 384//384 429//429
f 501//501 537//537 570//570
f 537//537 518//518 557//557
f 570//570 537//537 557//557
f 481//481 479//479 449//449
f 479//479 501//501 449//449
f 479//479 537//537 501//501
f 479//479 481//481 518//518
f 537//537 479//479 518//518
f 419//419 412//412 442//442
f 420//420 419//419 442//442
f 430//430 448//448 482//482
f 436//436 430//430 482//482
f 407//407 436//436 425//425
f 203//203 202//202 226//226
f 205//205 203//203 226//226
f 203//203 205//205 195//195
f 202//202 206//206 231//231
f 196//196 206//206 194//194
f 206//206 202//202 194//194
f 246//246 289//289 265//265
f 289//289 292//292 265//265
f 292//292 289//289 295//295
f 161//161 170//170 141//141
f 346//346 371//371 376//376
f 407//407 371//371 369//369
f 376//376 371//371 425//425
f 371//371 407//407 425//425
f 353//353 361//361 395//395
f 361//361 402//402 395//395
f 402//402 361//361 376//376
f 313//313 330//330 332//332
f 313//313 283//283 330//330
f 283//283 313//313 301//301
f 342//342 316//316 324//324
f 424//424 422//422 409//409
f 410//410 424//424 409//409
f 451//451 424//424 410//410
f 424//424 455//455 422//422
f 455//455 424//424 451//451
f 509//509 455//455 475//475
f 450//450 451//451 437//437
f 458//458 450//450 426//426
f 450//450 437//437 426//426
f 450//450 458//458 475//475
f 343//343 348//348 307//307
f 348//348 343//343 377//377
f 343//343 383//383 377//377
f 124//124 122//122 141//141
f 122//122 128//128 141//141
f 84//84 102//102 83//83
f 84//84 92//92 102//102
f 84//84 83//83 68//68
f 92//92 84//84 68//68
f 221//221 240//240 219//219
f 221//221 219//219 201//201
f 205//205 221//221 201//201
f 221//221 205//205 239//239
f 240//240 221//221 239//239
f 223//223 200//200 219//219
f 200//200 223//223 216//216
f 208//208 200//200 216//216
f 181//181 200//200 208//208
f 176//176 208//208 199//199
f 176//176 181//181 208//208
f 178//178 176//176 199//199
f 160//160 176//176 156//156
f 176//176 160//160 181//181
f 157//157 176//176 178//178
f 176//176 157//157 156//156
f 2305//2305 2275//2275 2280//2280
f 2305//2305 2313//2313 2275//2275
f 2281//2281 2305//2305 2280//2280
f 2134//2134 2074//2074 2123//2123
f 2074//2074 2045//2045 2063//2063
f 2123//2123 2074//2074 2063//2063
f 2074//2074 2134//2134 2095//2095
f 2074//2074 2041//2041 2045//2045
f 2074//2074 2095//2095 2041//2041
f 2345//2345 2342//2342 2402//2402
f 2342//2342 2385//2385 2402//2402
f 2314//2314 2342//2342 2315//2315
f 2342//2342 2345//2345 2315//2315
f 2321//2321 2342//2342 2314//2314
f 2342//2342 2321//2321 2385//2385
f 2381//2381 2333//2333 2362//2362
f 2321//2321 2333//2333 2381//2381
f 2362//2362 2333//2333 2317//2317
f 2333//2333 2283//2283 2317//2317
f 2333//2333 2321//2321 2283//2283
f 2111//2111 2136//2136 2076//2076
f 2062//2062 2111//2111 2076//2076
f 2111//2111 2168//2168 2136//2136
f 2168//2168 2111//2111 2176//2176
f 2091//2091 2058//2058 2051//2051
f 2051//2051 2058//2058 1994//1994
f 2058//2058 2009//2009 1994//1994
f 2009//2009 2058//2058 2052//2052
f 2138//2138 2091//2091 2130//2130
f 2138//2138 2184//2184 2194//2194
f 2184//2184 2138//2138 2130//2130
f 1995//1995 2019//2019 1950//1950
f 2048//2048 2019//2019 1995//1995
f 2066//2066 2019//2019 2048//2048
f 2019//2019 2066//2066 2032//2032
f 2443//2443 2446//2446 2479//2479
f 2479//2479 2446//2446 2484//2484
f 2446//2446 2434//2434 2484//2484
f 2446//2446 2396//2396 2434//2434
f 2571//2571 2561//2561 2550//2550
f 2561//2561 2541//2541 2550//2550
f 2561//2561 2571//2571 2576//2576
f 2324//2324 2260//2260 2334//2334
f 2412//2412 2324//2324 2334//2334
f 2407//2407 2324//2324 2412//2412
f 2324//2324 2274//2274 2260//2260
f 2274//2274 2324//2324 2331//2331
f 2387//2387 2378//2378 2346//2346
f 2331//2331 2387//2387 2346//2346
f 2378//2378 2387//2387 2425//2425
f 2387//2387 2407//2407 2425//2425
f 2324//2324 2387//2387 2331//2331
f 2387//2387 2324//2324 2407//2407
f 2289//2289 2246//2246 2232//2232
f 2249//2249 2289//2289 2232//2232
f 2289//2289 2249//2249 2288//2288
f 2289//2289 2288//2288 2326//2326
f 2287//2287 2289//2289 2326//2326
f 2246//2246 2289//2289 2287//2287
f 2526//2526 2543//2543 2499//2499
f 2543//2543 2526//2526 2563//2563
f 2526//2526 2555//2555 2563//2563
f 2526//2526 2530//2530 2555//2555
f 2486//2486 2526//2526 2499//2499
f 2530//2530 2526//2526 2486//2486
f 2472//2472 2543//2543 2492//2492
f 2472//2472 2492//2492 2455//2455
f 2472//2472 2458//2458 2499//2499
f 2543//2543 2472//2472 2499//2499
f 2472//2472 2455//2455 2430//2430
f 2458//2458 2472//2472 2430//2430
f 2322//2322 2355//2355 2330//2330
f 2258//2258 2322//2322 2268//2268
f 2322//2322 2330//2330 2268//2268
f 2322//2322 2258//2258 2254//2254
f 2272//2272 2322//2322 2254//2254
f 2322//2322 2272//2272 2348//2348
f 2355//2355 2322//2322 2348//2348
f 2486//2486 2450//2450 2427//2427
f 2450//2450 2486//2486 2458//2458
f 2450//2450 2398//2398 2427//2427
f 2398//2398 2450//2450 2430//2430
f 2450//2450 2458//2458 2430//2430
f 2313//2313 2341//2341 2336//2336
f 2341//2341 2380//2380 2336//2336
f 2380//2380 2341//2341 2374//2374
f 2305//2305 2341//2341 2313//2313
f 2365//2365 2341//2341 2294//2294
f 2374//2374 2341//2341 2365//2365
f 2341//2341 2281//2281 2294//2294
f 2341//2341 2305//2305 2281//2281
f 2109//2109 2098//2098 2133//2133
f 2098//2098 2109//2109 2077//2077
f 2109//2109 2133//2133 2129//2129
f 2109//2109 2129//2129 2063//2063
f 2030//2030 2109//2109 2063//2063
f 2077//2077 2109//2109 2030//2030
f 2047//2047 2050//2050 2077//2077
f 2047//2047 2030//2030 2018//2018
f 2047//2047 2077//2077 2030//2030
f 1979//1979 2015//2015 1984//1984
f 2047//2047 2015//2015 2050//2050
f 2222//2222 2182//2182 2187//2187
f 2182//2182 2222//2222 2157//2157
f 2227//2227 2218//2218 2235//2235
f 2218//2218 2205//2205 2235//2235
f 2218//2218 2226//2226 2187//2187
f 2218//2218 2227//2227 2226//2226
f 1964//1964 1982//1982 1979//1979
f 2008//2008 1982//1982 1936//1936
f 1982//1982 1914//1914 1936//1936
f 1982//1982 1964//1964 1914//1914
f 2064//2064 2079//2079 2028//2028
f 2079//2079 2112//2112 2126//2126
f 2112//2112 2079//2079 2064//2064
f 2523//2523 2513//2513 2528//2528
f 2513//2513 2508//2508 2528//2528
f 2513//2513 2523//2523 2485//2485
f 2508//2508 2513//2513 2485//2485
f 2520//2520 2483//2483 2485//2485
f 2482//2482 2483//2483 2510//2510
f 2483//2483 2520//2520 2510//2510
f 2468//2468 2482//2482 2464//2464
f 2453//2453 2468//2468 2464//2464
f 2468//2468 2483//2483 2482//2482
f 2483//2483 2468//2468 2485//2485
f 11//11 16//16 8//8
f 11//11 9//9 14//14
f 21//21 25//25 33//33
f 18//18 15//15 14//14
f 15//15 18//18 25//25
f 21//21 15//15 25//25
f 15//15 21//21 16//16
f 15//15 11//11 14//14
f 11//11 15//15 16//16
f 1618//1618 1580//1580 1583//1583
f 1582//1582 1580//1580 1618//1618
f 1583//1583 1580//1580 1535//1535
f 1580//1580 1582//1582 1535//1535
f 1613//1613 1655//1655 1648//1648
f 1613//1613 1582//1582 1655//1655
f 1613//1613 1658//1658 1608//1608
f 1613//1613 1648//1648 1658//1658
f 1574//1574 1544//1544 1535//1535
f 1582//1582 1574//1574 1535//1535
f 1613//1613 1574//1574 1582//1582
f 1574//1574 1613//1613 1608//1608
f 1108//1108 1067//1067 1105//1105
f 1067//1067 1108//1108 1087//1087
f 1108//1108 1105//1105 1159//1159
f 1108//1108 1104//1104 1087//1087
f 1037//1037 1093//1093 1042//1042
f 1104//1104 1093//1093 1037//1037
f 1042//1042 1093//1093 1070//1070
f 1147//1147 1191//1191 1187//1187
f 1104//1104 1147//1147 1187//1187
f 1147//1147 1159//1159 1206//1206
f 1191//1191 1147//1147 1206//1206
f 1147//1147 1108//1108 1159//1159
f 1108//1108 1147//1147 1104//1104
f 1106//1106 1127//1127 1148//1148
f 1207//1207 1166//1166 1187//1187
f 1191//1191 1207//1207 1187//1187
f 1213//1213 1207//1207 1191//1191
f 929//929 932//932 966//966
f 932//932 949//949 966//966
f 932//932 929//929 836//836
f 866//866 932//932 836//836
f 949//949 912//912 961//961
f 912//912 942//942 961//961
f 932//932 912//912 949//949
f 912//912 932//932 866//866
f 942//942 912//912 873//873
f 873//873 912//912 840//840
f 912//912 866//866 840//840
f 800//800 866//866 836//836
f 800//800 797//797 866//866
f 800//800 836//836 785//785
f 745//745 800//800 785//785
f 797//797 800//800 745//745
f 517//517 513//513 469//469
f 517//517 564//564 513//513
f 564//564 517//517 580//580
f 539//539 517//517 478//478
f 517//517 469//469 478//478
f 580//580 613//613 636//636
f 613//613 580//580 606//606
f 2242//2242 2286//2286 2262//2262
f 2377//2377 2354//2354 2359//2359
f 2354//2354 2311//2311 2359//2359
f 2153//2153 2216//2216 2169//2169
f 2216//2216 2208//2208 2169//2169
f 2216//2216 2154//2154 2209//2209
f 2216//2216 2153//2153 2154//2154
f 2240//2240 2216//2216 2209//2209
f 2237//2237 2216//2216 2271//2271
f 2216//2216 2237//2237 2208//2208
f 2237//2237 2242//2242 2207//2207
f 2208//2208 2237//2237 2207//2207
f 1787//1787 1834//1834 1843//1843
f 1798//1798 1834//1834 1787//1787
f 1834//1834 1798//1798 1807//1807
f 1841//1841 1834//1834 1807//1807
f 1893//1893 1834//1834 1841//1841
f 1834//1834 1879//1879 1843//1843
f 1879//1879 1834//1834 1893//1893
f 1689//1689 1650//1650 1716//1716
f 1650//1650 1689//1689 1649//1649
f 1689//1689 1644//1644 1649//1649
f 1686//1686 1689//1689 1720//1720
f 1689//1689 1686//1686 1644//1644
f 1749//1749 1795//1795 1805//1805
f 1771//1771 1749//1749 1805//1805
f 1761//1761 1749//1749 1716//1716
f 1795//1795 1749//1749 1761//1761
f 1756//1756 1777//1777 1791//1791
f 1472//1472 1517//1517 1523//1523
f 1517//1517 1472//1472 1431//1431
f 1455//1455 1472//1472 1523//1523
f 1472//1472 1455//1455 1431//1431
f 1530//1530 1483//1483 1482//1482
f 1483//1483 1530//1530 1447//1447
f 1483//1483 1413//1413 1482//1482
f 1413//1413 1483//1483 1447//1447
f 1562//1562 1530//1530 1601//1601
f 1530//1530 1562//1562 1579//1579
f 1562//1562 1601//1601 1637//1637
f 1579//1579 1562//1562 1637//1637
f 2016//2016 1956//1956 2025//2025
f 1956//1956 1905//1905 1954//1954
f 1956//1956 1870//1870 1905//1905
f 1956//1956 1992//1992 2025//2025
f 1992//1992 1956//1956 1954//1954
f 1859//1859 1899//1899 1877//1877
f 1870//1870 1899//1899 1859//1859
f 1899//1899 1942//1942 1877//1877
f 1113//1113 1103//1103 1083//1083
f 1113//1113 1083//1083 1150//1150
f 1153//1153 1113//1113 1150//1150
f 1113//1113 1153//1153 1186//1186
f 1103//1103 1113//1113 1186//1186
f 1016//1016 1039//1039 1059//1059
f 1003//1003 1016//1016 1059//1059
f 1016//1016 982//982 1039//1039
f 930//930 1003//1003 988//988
f 946//946 930//930 988//988
f 930//930 946//946 881//881
f 930//930 869//869 936//936
f 869//869 930//930 881//881
f 1196//1196 1139//1139 1112//1112
f 1196//1196 1193//1193 1139//1139
f 1095//1095 1146//1146 1125//1125
f 1168//1168 1146//1146 1202//1202
f 1146//1146 1168//1168 1125//1125
f 1146//1146 1161//1161 1202//1202
f 1146//1146 1107//1107 1161//1161
f 1146//1146 1095//1095 1086//1086
f 1107//1107 1146//1146 1086//1086
f 877//877 885//885 935//935
f 844//844 885//885 877//877
f 885//885 891//891 935//935
f 885//885 844//844 891//891
f 812//812 869//869 834//834
f 812//812 835//835 869//869
f 835//835 812//812 782//782
f 734//734 732//732 712//712
f 743//743 732//732 754//754
f 732//732 743//743 712//712
f 678//678 705//705 638//638
f 705//705 743//743 638//638
f 743//743 705//705 712//712
f 705//705 680//680 712//712
f 680//680 705//705 678//678
f 680//680 675//675 698//698
f 675//675 680//680 656//656
f 680//680 678//678 656//656
f 968//968 915//915 934//934
f 915//915 968//968 969//969
f 846//846 904//904 908//908
f 904//904 950//950 908//908
f 1177//1177 1211//1211 1248//1248
f 1211//1211 1263//1263 1248//1248
f 1263//1263 1211//1211 1240//1240
f 1079//1079 1034//1034 1013//1013
f 1079//1079 1131//1131 1034//1034
f 1290//1290 1324//1324 1322//1322
f 1290//1290 1263//1263 1240//1240
f 1263//1263 1290//1290 1278//1278
f 1293//1293 1224//1224 1245//1245
f 1224//1224 1196//1196 1245//1245
f 1196//1196 1224//1224 1193//1193
f 1863//1863 1804//1804 1866//1866
f 1863//1863 1810//1810 1804//1804
f 1925//1925 1863//1863 1866//1866
f 1863//1863 1925//1925 1920//1920
f 1810//1810 1819//1819 1757//1757
f 1731//1731 1819//1819 1794//1794
f 1819//1819 1731//1731 1757//1757
f 1819//1819 1831//1831 1794//1794
f 1863//1863 1819//1819 1810//1810
f 1831//1831 1819//1819 1920//1920
f 1819//1819 1863//1863 1920//1920
f 1739//1739 1683//1683 1727//1727
f 1683//1683 1739//1739 1645//1645
f 1739//1739 1747//1747 1645//1645
f 1796//1796 1739//1739 1727//1727
f 1739//1739 1796//1796 1806//1806
f 1804//1804 1739//1739 1806//1806
f 1747//1747 1739//1739 1804//1804
f 1747//1747 1718//1718 1681//1681
f 1718//1718 1747//1747 1757//1757
f 1718//1718 1731//1731 1681//1681
f 1731//1731 1718//1718 1757//1757
f 1442//1442 1446//1446 1488//1488
f 1446//1446 1442//1442 1374//1374
f 1480//1480 1446//1446 1424//1424
f 1446//1446 1480//1480 1488//1488
f 1446//1446 1375//1375 1424//1424
f 1446//1446 1374//1374 1375//1375
f 1767//1767 1790//1790 1783//1783
f 1767//1767 1736//1736 1790//1790
f 1744//1744 1767//1767 1783//1783
f 1736//1736 1767//1767 1744//1744
f 1347//1347 1342//1342 1395//1395
f 1347//1347 1395//1395 1368//1368
f 1317//1317 1288//1288 1332//1332
f 1288//1288 1317//1317 1277//1277
f 1345//1345 1317//1317 1332//1332
f 1317//1317 1345//1345 1277//1277
f 1323//1323 1347//1347 1368//1368
f 1347//1347 1323//1323 1327//1327
f 1288//1288 1323//1323 1332//1332
f 1327//1327 1323//1323 1278//1278
f 1323//1323 1288//1288 1278//1278
f 1227//1227 1164//1164 1172//1172
f 1283//1283 1232//1232 1277//1277
f 1345//1345 1283//1283 1277//1277
f 1227//1227 1283//1283 1255//1255
f 1283//1283 1227//1227 1232//1232
f 1340//1340 1283//1283 1345//1345
f 1232//1232 1183//1183 1141//1141
f 1183//1183 1227//1227 1172//1172
f 1227//1227 1183//1183 1232//1232
f 1262//1262 1232//1232 1248//1248
f 1232//1232 1262//1262 1277//1277
f 1288//1288 1262//1262 1248//1248
f 1262//1262 1288//1288 1277//1277
f 1507//1507 1497//1497 1462//1462
f 1497//1497 1463//1463 1462//1462
f 1463//1463 1497//1497 1516//1516
f 1516//1516 1497//1497 1554//1554
f 1497//1497 1507//1507 1554//1554
f 1572//1572 1521//1521 1525//1525
f 1521//1521 1459//1459 1525//1525
f 1521//1521 1635//1635 1554//1554
f 1635//1635 1521//1521 1572//1572
f 1507//1507 1521//1521 1554//1554
f 1521//1521 1507//1507 1499//1499
f 1385//1385 1323//1323 1368//1368
f 1323//1323 1385//1385 1332//1332
f 1395//1395 1385//1385 1368//1368
f 1418//1418 1445//1445 1525//1525
f 1459//1459 1418//1418 1525//1525
f 1418//1418 1395//1395 1445//1445
f 1418//1418 1385//1385 1395//1395
f 1385//1385 1418//1418 1332//1332
f 1367//1367 1408//1408 1462//1462
f 1408//1408 1418//1418 1459//1459
f 1418//1418 1408//1408 1332//1332
f 1408//1408 1345//1345 1332//1332
f 1345//1345 1408//1408 1367//1367
f 1005//1005 993//993 1035//1035
f 993//993 1012//1012 1035//1035
f 910//910 919//919 883//883
f 993//993 919//919 910//910
f 1251//1251 1306//1306 1279//1279
f 1251//1251 1301//1301 1306//1306
f 1251//1251 1279//1279 1218//1218
f 1540//1540 1515//1515 1504//1504
f 1540//1540 1576//1576 1515//1515
f 1576//1576 1540//1540 1569//1569
f 1540//1540 1492//1492 1569//1569
f 1492//1492 1540//1540 1504//1504
f 899//899 905//905 854//854
f 905//905 872//872 854//854
f 901//901 905//905 899//899
f 905//905 901//901 960//960
f 917//917 886//886 918//918
f 838//838 886//886 917//917
f 735//735 768//768 739//739
f 694//694 735//735 739//739
f 735//735 694//694 699//699
f 774//774 723//723 749//749
f 838//838 813//813 825//825
f 786//786 813//813 838//838
f 813//813 781//781 825//825
f 822//822 786//786 838//838
f 817//817 822//822 865//865
f 822//822 838//838 865//865
f 1002//1002 1057//1057 1033//1033
f 1030//1030 1089//1089 1072//1072
f 1057//1057 1030//1030 1072//1072
f 1002//1002 1030//1030 1057//1057
f 1030//1030 1002//1002 960//960
f 2386//2386 2323//2323 2338//2338
f 2323//2323 2386//2386 2350//2350
f 2293//2293 2323//2323 2350//2350
f 2401//2401 2443//2443 2421//2421
f 2386//2386 2401//2401 2421//2421
f 2316//2316 2265//2265 2278//2278
f 2278//2278 2265//2265 2211//2211
f 2265//2265 2217//2217 2211//2211
f 2137//2137 2128//2128 2146//2146
f 2183//2183 2137//2137 2146//2146
f 2137//2137 2183//2183 2164//2164
f 2140//2140 2137//2137 2164//2164
f 2128//2128 2137//2137 2099//2099
f 2137//2137 2140//2140 2099//2099
f 2253//2253 2298//2298 2320//2320
f 2320//2320 2298//2298 2349//2349
f 2290//2290 2298//2298 2257//2257
f 2298//2298 2253//2253 2257//2257
f 2349//2349 2298//2298 2370//2370
f 2298//2298 2319//2319 2370//2370
f 2298//2298 2290//2290 2319//2319
f 1621//1621 1630//1630 1584//1584
f 1571//1571 1630//1630 1625//1625
f 1584//1584 1630//1630 1571//1571
f 1630//1630 1659//1659 1625//1625
f 1630//1630 1621//1621 1659//1659
f 1647//1647 1621//1621 1594//1594
f 1647//1647 1631//1631 1684//1684
f 1631//1631 1647//1647 1594//1594
f 1744//1744 1647//1647 1684//1684
f 1723//1723 1647//1647 1744//1744
f 1647//1647 1723//1723 1659//1659
f 1621//1621 1647//1647 1659//1659
f 1537//1537 1556//1556 1509//1509
f 1556//1556 1558//1558 1509//1509
f 1558//1558 1556//1556 1594//1594
f 1556//1556 1546//1546 1594//1594
f 1556//1556 1537//1537 1546//1546
f 1835//1835 1832//1832 1814//1814
f 1835//1835 1881//1881 1832//1832
f 1878//1878 1835//1835 1814//1814
f 1881//1881 1835//1835 1878//1878
f 1135//1135 1120//1120 1160//1160
f 1135//1135 1123//1123 1120//1120
f 1169//1169 1135//1135 1160//1160
f 1123//1123 1135//1135 1169//1169
f 1010//1010 1064//1064 1081//1081
f 1018//1018 1064//1064 1010//1010
f 1081//1081 1064//1064 1073//1073
f 1064//1064 1060//1060 1073//1073
f 1064//1064 1018//1018 1060//1060
f 995//995 976//976 945//945
f 995//995 1018//1018 1010//1010
f 976//976 995//995 1010//1010
f 940//940 964//964 923//923
f 964//964 998//998 1021//1021
f 964//964 940//940 958//958
f 998//998 964//964 958//958
f 923//923 964//964 989//989
f 964//964 1026//1026 989//989
f 1026//1026 964//964 1021//1021
f 1158//1158 1109//1109 1110//1110
f 1109//1109 1069//1069 1110//1110
f 1069//1069 1109//1109 1062//1062
f 1062//1062 1109//1109 1140//1140
f 1109//1109 1158//1158 1140//1140
f 1343//1343 1372//1372 1316//1316
f 1372//1372 1360//1360 1316//1316
f 1372//1372 1426//1426 1450//1450
f 1372//1372 1450//1450 1434//1434
f 1360//1360 1372//1372 1434//1434
f 1426//1426 1372//1372 1377//1377
f 1372//1372 1343//1343 1377//1377
f 1203//1203 1230//1230 1181//1181
f 1230//1230 1203//1203 1223//1223
f 1171//1171 1203//1203 1181//1181
f 1203//1203 1219//1219 1223//1223
f 1219//1219 1203//1203 1171//1171
f 1276//1276 1215//1215 1236//1236
f 1215//1215 1167//1167 1236//1236
f 1219//1219 1215//1215 1259//1259
f 1167//1167 1215//1215 1130//1130
f 1215//1215 1296//1296 1259//1259
f 1215//1215 1276//1276 1296//1296
f 1130//1130 1215//1215 1122//1122
f 1215//1215 1219//1219 1122//1122
f 1857//1857 1885//1885 1858//1858
f 1885//1885 1857//1857 1838//1838
f 1799//1799 1857//1857 1858//1858
f 1857//1857 1799//1799 1838//1838
f 1673//1673 1676//1676 1687//1687
f 1710//1710 1673//1673 1687//1687
f 1745//1745 1728//1728 1743//1743
f 1710//1710 1728//1728 1745//1745
f 1728//1728 1710//1710 1687//1687
f 1701//1701 1728//1728 1687//1687
f 1728//1728 1701//1701 1743//1743
f 1577//1577 1595//1595 1561//1561
f 1606//1606 1595//1595 1577//1577
f 1595//1595 1578//1578 1561//1561
f 1578//1578 1595//1595 1616//1616
f 1595//1595 1606//1606 1616//1616
f 1622//1622 1665//1665 1652//1652
f 1622//1622 1646//1646 1665//1665
f 1569//1569 1622//1622 1609//1609
f 1622//1622 1652//1652 1609//1609
f 1622//1622 1569//1569 1565//1565
f 1646//1646 1622//1622 1565//1565
f 1673//1673 1656//1656 1676//1676
f 1656//1656 1606//1606 1610//1610
f 1654//1654 1656//1656 1610//1610
f 1606//1606 1656//1656 1616//1616
f 1656//1656 1673//1673 1616//1616
f 1627//1627 1610//1610 1609//1609
f 1627//1627 1654//1654 1610//1610
f 1654//1654 1627//1627 1669//1669
f 1652//1652 1627//1627 1609//1609
f 1669//1669 1627//1627 1652//1652
f 1701//1701 1688//1688 1703//1703
f 1688//1688 1654//1654 1703//1703
f 1688//1688 1656//1656 1654//1654
f 1688//1688 1701//1701 1687//1687
f 1676//1676 1688//1688 1687//1687
f 1656//1656 1688//1688 1676//1676
f 1837//1837 1809//1809 1860//1860
f 1837//1837 1780//1780 1809//1809
f 1870//1870 1837//1837 1860//1860
f 1837//1837 1870//1870 1817//1817
f 1741//1741 1764//1764 1737//1737
f 1780//1780 1764//1764 1741//1741
f 1764//1764 1768//1768 1737//1737
f 1768//1768 1764//1764 1817//1817
f 1764//1764 1837//1837 1817//1817
f 1837//1837 1764//1764 1780//1780
f 359//359 405//405 384//384
f 359//359 353//353 395//395
f 405//405 359//359 395//395
f 851//851 858//858 879//879
f 788//788 740//740 796//796
f 740//740 788//788 778//778
f 1047//1047 1046//1046 1078//1078
f 1046//1046 1047//1047 994//994
f 1046//1046 1131//1131 1078//1078
f 1131//1131 1046//1046 969//969
f 985//985 1046//1046 994//994
f 1046//1046 985//985 969//969
f 1030//1030 1056//1056 1089//1089
f 1056//1056 951//951 1049//1049
f 951//951 1056//1056 955//955
f 1061//1061 1056//1056 1049//1049
f 1056//1056 1061//1061 1076//1076
f 1056//1056 1114//1114 1089//1089
f 903//903 924//924 921//921
f 903//903 858//858 861//861
f 879//879 903//903 921//921
f 858//858 903//903 879//879
f 1055//1055 1019//1019 1033//1033
f 1019//1019 1002//1002 1033//1033
f 1053//1053 1012//1012 1014//1014
f 1019//1019 1053//1053 1014//1014
f 1053//1053 1019//1019 1055//1055
f 1053//1053 1055//1055 1091//1091
f 1256//1256 1225//1225 1164//1164
f 1256//1256 1227//1227 1255//1255
f 1227//1227 1256//1256 1164//1164
f 1194//1194 1137//1137 1151//1151
f 1225//1225 1194//1194 1151//1151
f 1194//1194 1162//1162 1137//1137
f 1162//1162 1194//1194 1205//1205
f 1463//1463 1402//1402 1370//1370
f 1402//1402 1463//1463 1486//1486
f 1384//1384 1402//1402 1486//1486
f 1428//1428 1486//1486 1508//1508
f 1428//1428 1384//1384 1486//1486
f 1428//1428 1416//1416 1361//1361
f 831//831 839//839 896//896
f 839//839 831//831 798//798
f 870//870 821//821 834//834
f 770//770 821//821 780//780
f 821//821 784//784 780//780
f 468//468 440//440 443//443
f 468//468 472//472 440//440
f 441//441 468//468 443//443
f 468//468 441//441 490//490
f 472//472 468//468 490//490
f 408//408 397//397 441//441
f 397//397 386//386 355//355
f 386//386 397//397 391//391
f 397//397 408//408 391//391
f 427//427 421//421 378//378
f 417//417 427//427 378//378
f 427//427 417//417 438//438
f 427//427 438//438 463//463
f 421//421 427//427 463//463
f 526//526 521//521 538//538
f 538//538 521//521 506//506
f 521//521 503//503 506//506
f 521//521 526//526 516//516
f 91//91 77//77 59//59
f 117//117 145//145 134//134
f 144//144 143//143 162//162
f 144//144 164//164 139//139
f 144//144 162//162 164//164
f 136//136 144//144 139//139
f 144//144 136//136 133//133
f 143//143 144//144 133//133
f 125//125 135//135 126//126
f 125//125 126//126 104//104
f 112//112 125//125 104//104
f 147//147 121//121 110//110
f 135//135 121//121 147//147
f 121//121 112//112 110//110
f 121//121 125//125 112//112
f 125//125 121//121 135//135
f 168//168 186//186 190//190
f 167//167 168//168 190//190
f 168//168 167//167 147//147
f 186//186 168//168 172//172
f 168//168 158//158 172//172
f 158//158 168//168 147//147
f 64//64 61//61 63//63
f 64//64 67//67 61//61
f 64//64 63//63 81//81
f 64//64 81//81 79//79
f 67//67 64//64 79//79
f 52//52 47//47 45//45
f 47//47 52//52 46//46
f 39//39 47//47 46//46
f 45//45 47//47 33//33
f 47//47 39//39 33//33
f 31//31 37//37 36//36
f 37//37 31//31 35//35
f 37//37 35//35 51//51
f 42//42 37//37 51//51
f 37//37 42//42 36//36
f 387//387 393//393 351//351
f 363//363 387//387 351//351
f 387//387 363//363 416//416
f 387//387 416//416 434//434
f 393//393 387//387 434//434
f 251//251 260//260 280//280
f 250//250 251//251 269//269
f 251//251 280//280 269//269
f 229//229 251//251 250//250
f 251//251 229//229 230//230
f 260//260 251//251 230//230
f 457//457 473//473 500//500
f 473//473 502//502 500//500
f 502//502 473//473 509//509
f 383//383 396//396 410//410
f 410//410 396//396 426//426
f 343//343 396//396 383//383
f 413//413 382//382 429//429
f 382//382 413//413 389//389
f 413//413 411//411 389//389
f 462//462 413//413 429//429
f 411//411 413//413 462//462
f 412//412 394//394 391//391
f 419//419 394//394 412//412
f 394//394 419//419 420//420
f 368//368 332//332 356//356
f 368//368 350//350 332//332
f 368//368 394//394 350//350
f 355//355 368//368 356//356
f 386//386 368//368 355//355
f 368//368 386//386 391//391
f 394//394 368//368 391//391
f 404//404 420//420 448//448
f 404//404 394//394 420//420
f 394//394 404//404 350//350
f 171//171 203//203 195//195
f 171//171 148//148 153//153
f 159//159 171//171 153//153
f 203//203 171//171 202//202
f 202//202 171//171 194//194
f 171//171 159//159 194//194
f 218//218 246//246 231//231
f 206//206 218//218 231//231
f 316//316 286//286 296//296
f 296//296 286//286 267//267
f 286//286 285//285 267//267
f 277//277 289//289 246//246
f 286//286 277//277 285//285
f 289//289 277//277 295//295
f 277//277 286//286 295//295
f 285//285 258//258 267//267
f 148//148 137//137 132//132
f 137//137 128//128 132//132
f 128//128 137//137 141//141
f 137//137 161//161 141//141
f 161//161 177//177 170//170
f 177//177 205//205 201//201
f 205//205 177//177 195//195
f 177//177 171//171 195//195
f 329//329 371//371 346//346
f 371//371 329//329 369//369
f 329//329 342//342 369//369
f 342//342 329//329 316//316
f 344//344 346//346 376//376
f 361//361 344//344 376//376
f 346//346 344//344 306//306
f 344//344 353//353 306//306
f 344//344 361//361 353//353
f 296//296 274//274 301//301
f 274//274 283//283 301//301
f 274//274 296//296 267//267
f 301//301 326//326 324//324
f 313//313 326//326 301//301
f 455//455 454//454 475//475
f 454//454 455//455 451//451
f 454//454 450//450 475//475
f 450//450 454//454 451//451
f 122//122 114//114 128//128
f 128//128 114//114 132//132
f 92//92 114//114 124//124
f 114//114 122//122 124//124
f 303//303 254//254 306//306
f 303//303 317//317 300//300
f 353//353 303//303 306//306
f 303//303 300//300 268//268
f 303//303 268//268 239//239
f 243//243 303//303 239//239
f 303//303 243//243 254//254
f 219//219 183//183 201//201
f 200//200 183//183 219//219
f 183//183 177//177 201//201
f 177//177 183//183 170//170
f 173//173 200//200 181//181
f 160//160 173//173 181//181
f 173//173 160//160 138//138
f 142//142 173//173 138//138
f 173//173 142//142 170//170
f 183//183 173//173 170//170
f 173//173 183//183 200//200
f 146//146 156//156 129//129
f 146//146 160//160 156//156
f 111//111 146//146 129//129
f 146//146 111//111 131//131
f 146//146 131//131 138//138
f 160//160 146//146 138//138
f 2058//2058 2110//2110 2052//2052
f 2110//2110 2058//2058 2091//2091
f 2138//2138 2110//2110 2091//2091
f 2001//2001 1966//1966 1950//1950
f 2019//2019 2001//2001 1950//1950
f 2001//2001 2019//2019 2032//2032
f 2001//2001 2032//2032 2017//2017
f 1981//1981 2001//2001 2017//2017
f 2001//2001 1981//1981 1966//1966
f 2561//2561 2547//2547 2541//2541
f 2547//2547 2507//2507 2541//2541
f 2547//2547 2576//2576 2557//2557
f 2547//2547 2561//2561 2576//2576
f 2529//2529 2547//2547 2557//2557
f 2507//2507 2547//2547 2529//2529
f 2357//2357 2372//2372 2384//2384
f 2372//2372 2357//2357 2336//2336
f 2380//2380 2372//2372 2336//2336
f 2418//2418 2453//2453 2432//2432
f 2015//2015 1999//1999 1984//1984
f 1999//1999 2015//2015 2047//2047
f 1984//1984 1999//1999 2018//2018
f 1999//1999 2047//2047 2018//2018
f 2015//2015 2036//2036 2050//2050
f 2036//2036 2015//2015 1979//1979
f 2036//2036 2008//2008 2028//2028
f 2079//2079 2036//2036 2028//2028
f 1982//1982 2036//2036 1979//1979
f 2036//2036 1982//1982 2008//2008
f 2050//2050 2086//2086 2077//2077
f 2086//2086 2087//2087 2077//2077
f 2101//2101 2098//2098 2077//2077
f 2087//2087 2101//2101 2077//2077
f 2098//2098 2101//2101 2116//2116
f 2182//2182 2141//2141 2187//2187
f 2101//2101 2141//2141 2116//2116
f 2141//2141 2157//2157 2116//2116
f 2141//2141 2182//2182 2157//2157
f 2160//2160 2141//2141 2126//2126
f 2141//2141 2087//2087 2126//2126
f 2141//2141 2101//2101 2087//2087
f 2205//2205 2191//2191 2197//2197
f 2218//2218 2191//2191 2205//2205
f 2191//2191 2160//2160 2197//2197
f 2191//2191 2218//2218 2187//2187
f 2141//2141 2191//2191 2187//2187
f 2191//2191 2141//2141 2160//2160
f 10//10 8//8 9//9
f 11//11 10//10 9//9
f 10//10 11//11 8//8
f 32//32 23//23 33//33
f 23//23 21//21 33//33
f 21//21 23//23 16//16
f 1566//1566 1553//1553 1608//1608
f 1553//1553 1574//1574 1608//1608
f 1574//1574 1553//1553 1544//1544
f 1553//1553 1566//1566 1498//1498
f 1544//1544 1553//1553 1498//1498
f 1111//1111 1106//1106 1092//1092
f 1111//1111 1127//1127 1106//1106
f 1111//1111 1092//1092 1070//1070
f 1174//1174 1127//1127 1166//1166
f 1207//1207 1174//1174 1166//1166
f 547//547 517//517 539//539
f 517//517 547//547 580//580
f 566//566 547//547 539//539
f 606//606 547//547 566//566
f 580//580 547//547 606//606
f 633//633 606//606 649//649
f 633//633 613//613 606//606
f 689//689 633//633 649//649
f 693//693 633//633 689//689
f 660//660 633//633 693//693
f 633//633 660//660 636//636
f 613//613 633//633 636//636
f 2299//2299 2286//2286 2242//2242
f 2299//2299 2237//2237 2271//2271
f 2237//2237 2299//2299 2242//2242
f 2311//2311 2299//2299 2271//2271
f 2354//2354 2299//2299 2311//2311
f 2264//2264 2216//2216 2240//2240
f 2216//2216 2264//2264 2271//2271
f 2264//2264 2240//2240 2306//2306
f 2311//2311 2264//2264 2306//2306
f 2264//2264 2311//2311 2271//2271
f 1717//1717 1689//1689 1716//1716
f 1689//1689 1717//1717 1720//1720
f 1749//1749 1717//1717 1716//1716
f 1720//1720 1717//1717 1771//1771
f 1717//1717 1749//1749 1771//1771
f 1756//1756 1725//1725 1777//1777
f 1725//1725 1700//1700 1696//1696
f 1725//1725 1696//1696 1753//1753
f 1777//1777 1725//1725 1753//1753
f 1742//1742 1730//1730 1700//1700
f 1725//1725 1742//1742 1700//1700
f 1742//1742 1725//1725 1756//1756
f 1730//1730 1742//1742 1761//1761
f 1761//1761 1742//1742 1791//1791
f 1742//1742 1756//1756 1791//1791
f 1956//1956 1947//1947 1870//1870
f 1947//1947 1899//1899 1870//1870
f 1947//1947 1956//1956 2016//2016
f 1016//1016 975//975 982//982
f 975//975 936//936 935//935
f 982//982 975//975 935//935
f 975//975 1016//1016 1003//1003
f 975//975 930//930 936//936
f 930//930 975//975 1003//1003
f 1198//1198 1133//1133 1234//1234
f 969//969 987//987 1034//1034
f 968//968 987//987 969//969
f 1034//1034 987//987 1013//1013
f 987//987 950//950 1013//1013
f 950//950 987//987 934//934
f 987//987 968//968 934//934
f 904//904 962//962 950//950
f 1024//1024 962//962 973//973
f 962//962 1024//1024 1013//1013
f 950//950 962//962 1013//1013
f 943//943 870//870 946//946
f 943//943 962//962 904//904
f 943//943 946//946 973//973
f 962//962 943//943 973//973
f 1131//1131 1179//1179 1177//1177
f 1179//1179 1211//1211 1177//1177
f 1224//1224 1244//1244 1193//1193
f 1244//1244 1185//1185 1193//1193
f 1244//1244 1224//1224 1293//1293
f 1185//1185 1244//1244 1240//1240
f 1324//1324 1244//1244 1293//1293
f 1244//1244 1290//1290 1240//1240
f 1290//1290 1244//1244 1324//1324
f 1193//1193 1116//1116 1139//1139
f 1139//1139 1116//1116 1112//1112
f 1116//1116 1063//1063 1112//1112
f 1063//1063 1116//1116 1013//1013
f 1116//1116 1079//1079 1013//1013
f 1326//1326 1347//1347 1327//1327
f 1347//1347 1326//1326 1342//1342
f 1342//1342 1326//1326 1322//1322
f 1326//1326 1290//1290 1322//1322
f 1326//1326 1327//1327 1278//1278
f 1290//1290 1326//1326 1278//1278
f 1283//1283 1280//1280 1255//1255
f 1280//1280 1283//1283 1340//1340
f 1280//1280 1340//1340 1309//1309
f 1280//1280 1256//1256 1255//1255
f 1256//1256 1280//1280 1309//1309
f 1183//1183 1118//1118 1141//1141
f 1118//1118 1183//1183 1172//1172
f 1469//1469 1499//1499 1462//1462
f 1408//1408 1469//1469 1462//1462
f 1469//1469 1408//1408 1459//1459
f 1469//1469 1521//1521 1499//1499
f 1521//1521 1469//1469 1459//1459
f 972//972 910//910 917//917
f 972//972 993//993 910//910
f 993//993 972//972 1012//1012
f 1012//1012 972//972 1014//1014
f 972//972 917//917 918//918
f 919//919 900//900 883//883
f 860//860 900//900 898//898
f 900//900 829//829 883//883
f 1154//1154 1190//1190 1170//1170
f 1170//1170 1190//1190 1218//1218
f 1190//1190 1251//1251 1218//1218
f 905//905 909//909 872//872
f 886//886 909//909 918//918
f 909//909 886//886 872//872
f 886//886 855//855 872//872
f 827//827 855//855 825//825
f 872//872 855//855 827//827
f 855//855 838//838 825//825
f 855//855 886//886 838//838
f 735//735 748//748 768//768
f 753//753 748//748 699//699
f 748//748 735//735 699//699
f 774//774 763//763 723//723
f 763//763 741//741 724//724
f 723//723 763//763 724//724
f 763//763 774//774 786//786
f 822//822 763//763 786//786
f 774//774 790//790 786//786
f 790//790 813//813 786//786
f 790//790 774//774 749//749
f 781//781 790//790 749//749
f 813//813 790//790 781//781
f 979//979 905//905 960//960
f 1002//1002 979//979 960//960
f 1019//1019 979//979 1002//1002
f 979//979 909//909 905//905
f 909//909 979//979 918//918
f 979//979 1019//1019 1014//1014
f 979//979 972//972 918//918
f 972//972 979//979 1014//1014
f 924//924 970//970 921//921
f 970//970 960//960 921//921
f 970//970 1030//1030 960//960
f 970//970 924//924 955//955
f 1056//1056 970//970 955//955
f 970//970 1056//1056 1030//1030
f 2291//2291 2293//2293 2241//2241
f 2291//2291 2323//2323 2293//2293
f 2291//2291 2316//2316 2338//2338
f 2323//2323 2291//2291 2338//2338
f 2371//2371 2386//2386 2338//2338
f 2371//2371 2401//2401 2386//2386
f 2371//2371 2338//2338 2347//2347
f 2406//2406 2446//2446 2443//2443
f 2401//2401 2406//2406 2443//2443
f 2446//2446 2406//2406 2396//2396
f 2371//2371 2406//2406 2401//2401
f 2396//2396 2406//2406 2347//2347
f 2406//2406 2371//2371 2347//2347
f 818//818 847//847 799//799
f 818//818 860//860 847//847
f 900//900 818//818 829//829
f 818//818 900//900 860//860
f 818//818 769//769 794//794
f 769//769 818//818 799//799
f 817//817 818//818 794//794
f 829//829 818//818 817//817
f 882//882 898//898 895//895
f 882//882 860//860 898//898
f 860//860 882//882 847//847
f 882//882 833//833 847//847
f 892//892 882//882 895//895
f 833//833 882//882 892//892
f 1023//1023 995//995 1005//1005
f 1060//1060 1023//1023 1071//1071
f 1018//1018 1023//1023 1060//1060
f 995//995 1023//1023 1018//1018
f 1071//1071 1023//1023 1035//1035
f 1023//1023 1005//1005 1035//1035
f 995//995 944//944 1005//1005
f 944//944 993//993 1005//1005
f 944//944 919//919 993//993
f 944//944 995//995 945//945
f 944//944 900//900 919//919
f 1721//1721 1670//1670 1710//1710
f 1670//1670 1673//1673 1710//1710
f 1670//1670 1722//1722 1653//1653
f 1670//1670 1721//1721 1722//1722
f 1616//1616 1670//1670 1653//1653
f 1673//1673 1670//1670 1616//1616
f 382//382 372//372 384//384
f 372//372 382//382 389//389
f 358//358 372//372 389//389
f 956//956 951//951 916//916
f 951//951 956//956 996//996
f 977//977 956//956 916//916
f 996//996 956//956 977//977
f 951//951 1020//1020 1049//1049
f 1020//1020 1047//1047 1049//1049
f 815//815 777//777 778//778
f 815//815 843//843 777//777
f 788//788 815//815 778//778
f 924//924 906//906 955//955
f 951//951 887//887 916//916
f 977//977 981//981 994//994
f 981//981 985//985 994//994
f 1145//1145 1164//1164 1151//1151
f 1145//1145 1114//1114 1164//1164
f 1114//1114 1145//1145 1089//1089
f 1121//1121 1145//1145 1151//1151
f 1145//1145 1121//1121 1089//1089
f 1082//1082 1056//1056 1076//1076
f 1082//1082 1114//1114 1056//1056
f 1119//1119 1057//1057 1072//1072
f 1121//1121 1119//1119 1072//1072
f 1162//1162 1119//1119 1121//1121
f 1057//1057 1119//1119 1033//1033
f 1119//1119 1055//1055 1033//1033
f 1055//1055 1119//1119 1091//1091
f 1075//1075 1170//1170 1117//1117
f 1075//1075 1154//1154 1170//1170
f 1075//1075 1117//1117 1035//1035
f 1154//1154 1075//1075 1091//1091
f 1075//1075 1053//1053 1091//1091
f 1012//1012 1075//1075 1035//1035
f 1053//1053 1075//1075 1012//1012
f 1261//1261 1299//1299 1313//1313
f 1261//1261 1285//1285 1205//1205
f 1285//1285 1261//1261 1313//1313
f 1194//1194 1261//1261 1205//1205
f 1261//1261 1194//1194 1225//1225
f 1299//1299 1348//1348 1313//1313
f 1428//1428 1348//1348 1384//1384
f 1348//1348 1361//1361 1313//1313
f 1348//1348 1428//1428 1361//1361
f 1335//1335 1299//1299 1309//1309
f 1335//1335 1402//1402 1384//1384
f 1348//1348 1335//1335 1384//1384
f 1335//1335 1348//1348 1299//1299
f 1402//1402 1335//1335 1370//1370
f 1335//1335 1340//1340 1370//1370
f 1340//1340 1335//1335 1309//1309
f 1256//1256 1266//1266 1225//1225
f 1266//1266 1261//1261 1225//1225
f 1261//1261 1266//1266 1299//1299
f 1266//1266 1256//1256 1309//1309
f 1299//1299 1266//1266 1309//1309
f 1475//1475 1428//1428 1508//1508
f 1565//1565 1475//1475 1508//1508
f 1416//1416 1475//1475 1492//1492
f 1428//1428 1475//1475 1416//1416
f 1569//1569 1475//1475 1565//1565
f 1492//1492 1475//1475 1569//1569
f 867//867 831//831 896//896
f 831//831 867//867 849//849
f 867//867 896//896 916//916
f 887//887 867//867 916//916
f 810//810 831//831 849//849
f 798//798 810//810 796//796
f 831//831 810//810 798//798
f 770//770 764//764 734//734
f 732//732 764//764 754//754
f 764//764 732//732 734//734
f 764//764 780//780 754//754
f 764//764 770//770 780//780
f 782//782 738//738 733//733
f 738//738 770//770 734//734
f 733//733 738//738 698//698
f 738//738 680//680 698//698
f 738//738 734//734 712//712
f 680//680 738//738 712//712
f 792//792 812//812 834//834
f 821//821 792//792 834//834
f 792//792 821//821 770//770
f 738//738 792//792 770//770
f 812//812 792//792 782//782
f 792//792 738//738 782//782
f 784//784 762//762 780//780
f 762//762 743//743 754//754
f 780//780 762//762 754//754
f 743//743 762//762 687//687
f 762//762 784//784 687//687
f 806//806 725//725 687//687
f 784//784 806//806 687//687
f 725//725 806//806 793//793
f 806//806 846//846 793//793
f 821//821 806//806 784//784
f 868//868 821//821 870//870
f 868//868 904//904 846//846
f 806//806 868//868 846//846
f 868//868 806//806 821//821
f 943//943 868//868 870//870
f 868//868 943//943 904//904
f 503//503 493//493 484//484
f 521//521 493//493 503//503
f 493//493 521//521 516//516
f 493//493 516//516 471//471
f 484//484 493//493 471//471
f 123//123 115//115 134//134
f 100//100 115//115 78//78
f 100//100 94//94 99//99
f 99//99 94//94 82//82
f 94//94 78//78 69//69
f 94//94 100//100 78//78
f 74//74 94//94 69//69
f 94//94 74//74 82//82
f 95//95 123//123 110//110
f 95//95 91//91 123//123
f 91//91 95//95 77//77
f 73//73 95//95 110//110
f 95//95 73//73 77//77
f 75//75 91//91 59//59
f 75//75 42//42 51//51
f 42//42 75//75 59//59
f 56//56 75//75 51//51
f 78//78 75//75 56//56
f 103//103 106//106 99//99
f 117//117 106//106 145//145
f 145//145 106//106 130//130
f 106//106 103//103 130//130
f 116//116 100//100 99//99
f 106//106 116//116 99//99
f 116//116 106//106 117//117
f 116//116 115//115 100//100
f 116//116 117//117 134//134
f 115//115 116//116 134//134
f 435//435 473//473 457//457
f 435//435 457//457 399//399
f 422//422 435//435 399//399
f 455//455 467//467 422//422
f 467//467 435//435 422//422
f 435//435 467//467 473//473
f 467//467 455//455 509//509
f 473//473 467//467 509//509
f 411//411 406//406 389//389
f 406//406 411//411 426//426
f 396//396 406//406 426//426
f 430//430 414//414 448//448
f 414//414 404//404 448//448
f 207//207 218//218 206//206
f 207//207 196//196 197//197
f 207//207 206//206 196//196
f 218//218 228//228 246//246
f 248//248 277//277 246//246
f 277//277 248//248 285//285
f 248//248 258//258 285//285
f 258//258 248//248 237//237
f 228//228 248//248 246//246
f 248//248 228//228 237//237
f 257//257 258//258 237//237
f 274//274 257//257 283//283
f 258//258 257//257 267//267
f 257//257 274//274 267//267
f 171//171 166//166 148//148
f 177//177 166//166 171//171
f 166//166 177//177 161//161
f 314//314 329//329 346//346
f 314//314 292//292 295//295
f 314//314 346//346 292//292
f 329//329 314//314 316//316
f 286//286 314//314 295//295
f 314//314 286//286 316//316
f 337//337 326//326 313//313
f 350//350 337//337 332//332
f 337//337 313//313 332//332
f 367//367 358//358 389//389
f 406//406 367//367 389//389
f 2085//2085 2062//2062 2052//2052
f 2110//2110 2085//2085 2052//2052
f 2085//2085 2111//2111 2062//2062
f 2085//2085 2110//2110 2111//2111
f 2149//2149 2138//2138 2194//2194
f 2149//2149 2110//2110 2138//2138
f 2395//2395 2372//2372 2380//2380
f 2372//2372 2395//2395 2384//2384
f 2395//2395 2418//2418 2432//2432
f 2395//2395 2439//2439 2384//2384
f 2439//2439 2395//2395 2432//2432
f 2418//2418 2449//2449 2453//2453
f 2475//2475 2449//2449 2438//2438
f 2449//2449 2468//2468 2453//2453
f 2449//2449 2475//2475 2485//2485
f 2468//2468 2449//2449 2485//2485
f 2389//2389 2380//2380 2374//2374
f 2389//2389 2395//2395 2380//2380
f 2395//2395 2389//2389 2418//2418
f 2036//2036 2075//2075 2050//2050
f 2075//2075 2036//2036 2079//2079
f 2086//2086 2075//2075 2087//2087
f 2087//2087 2075//2075 2126//2126
f 2075//2075 2079//2079 2126//2126
f 31//31 27//27 35//35
f 27//27 39//39 35//35
f 27//27 31//31 22//22
f 39//39 27//27 32//32
f 27//27 23//23 32//32
f 27//27 22//22 12//12
f 16//16 27//27 12//12
f 23//23 27//27 16//16
f 1093//1093 1134//1134 1070//1070
f 1134//1134 1111//1111 1070//1070
f 1166//1166 1134//1134 1187//1187
f 1127//1127 1134//1134 1166//1166
f 1111//1111 1134//1134 1127//1127
f 1134//1134 1104//1104 1187//1187
f 1134//1134 1093//1093 1104//1104
f 1127//1127 1200//1200 1148//1148
f 1174//1174 1200//1200 1127//1127
f 1148//1148 1200//1200 1195//1195
f 1200//1200 1228//1228 1195//1195
f 1200//1200 1207//1207 1213//1213
f 1200//1200 1174//1174 1207//1207
f 1228//1228 1200//1200 1311//1311
f 1200//1200 1275//1275 1311//1311
f 1200//1200 1213//1213 1275//1275
f 2286//2286 2325//2325 2363//2363
f 2299//2299 2325//2325 2286//2286
f 1899//1899 1968//1968 1942//1942
f 1947//1947 1968//1968 1899//1899
f 1942//1942 1968//1968 2006//2006
f 1968//1968 2016//2016 2006//2006
f 1968//1968 1947//1947 2016//2016
f 1133//1133 1149//1149 1088//1088
f 1198//1198 1149//1149 1133//1133
f 1088//1088 1149//1149 1112//1112
f 1149//1149 1196//1196 1112//1112
f 1149//1149 1198//1198 1196//1196
f 1289//1289 1229//1229 1234//1234
f 1229//1229 1198//1198 1234//1234
f 1282//1282 1229//1229 1289//1289
f 1198//1198 1229//1229 1196//1196
f 1229//1229 1282//1282 1245//1245
f 1196//1196 1229//1229 1245//1245
f 1116//1116 1156//1156 1079//1079
f 1185//1185 1156//1156 1193//1193
f 1156//1156 1116//1116 1193//1193
f 1211//1211 1192//1192 1240//1240
f 1179//1179 1192//1192 1211//1211
f 1192//1192 1185//1185 1240//1240
f 1192//1192 1179//1179 1131//1131
f 1118//1118 1096//1096 1141//1141
f 1141//1141 1096//1096 1078//1078
f 1096//1096 1047//1047 1078//1078
f 1047//1047 1096//1096 1049//1049
f 1096//1096 1061//1061 1049//1049
f 1061//1061 1096//1096 1076//1076
f 1096//1096 1118//1118 1076//1076
f 1250//1250 1190//1190 1235//1235
f 1190//1190 1250//1250 1251//1251
f 1281//1281 1250//1250 1235//1235
f 1250//1250 1281//1281 1301//1301
f 1251//1251 1250//1250 1301//1301
f 1163//1163 1190//1190 1154//1154
f 1235//1235 1163//1163 1205//1205
f 1190//1190 1163//1163 1235//1235
f 1163//1163 1162//1162 1205//1205
f 1163//1163 1119//1119 1162//1162
f 1163//1163 1154//1154 1091//1091
f 1119//1119 1163//1163 1091//1091
f 803//803 748//748 753//753
f 777//777 803//803 753//753
f 771//771 822//822 817//817
f 771//771 763//763 822//822
f 771//771 817//817 794//794
f 741//741 771//771 794//794
f 763//763 771//771 741//741
f 2279//2279 2265//2265 2316//2316
f 2291//2291 2279//2279 2316//2316
f 2279//2279 2291//2291 2241//2241
f 2217//2217 2279//2279 2241//2241
f 2265//2265 2279//2279 2217//2217
f 900//900 928//928 898//898
f 944//944 928//928 900//900
f 928//928 944//944 945//945
f 898//898 928//928 895//895
f 928//928 976//976 895//895
f 976//976 928//928 945//945
f 303//303 339//339 317//317
f 339//339 358//358 317//317
f 339//339 372//372 358//358
f 339//339 359//359 384//384
f 372//372 339//339 384//384
f 359//359 339//339 353//353
f 339//339 303//303 353//353
f 1001//1001 951//951 996//996
f 1001//1001 1020//1020 951//951
f 1020//1020 1001//1001 1047//1047
f 1047//1047 1001//1001 994//994
f 1001//1001 996//996 994//994
f 811//811 815//815 788//788
f 811//811 788//788 796//796
f 810//810 811//811 796//796
f 811//811 810//810 849//849
f 864//864 811//811 849//849
f 811//811 864//864 815//815
f 867//867 864//864 849//849
f 864//864 867//867 887//887
f 938//938 951//951 955//955
f 906//906 938//938 955//955
f 938//938 887//887 951//951
f 878//878 906//906 924//924
f 981//981 947//947 985//985
f 947//947 896//896 933//933
f 947//947 981//981 977//977
f 896//896 947//947 916//916
f 947//947 977//977 916//916
f 1082//1082 1129//1129 1114//1114
f 1164//1164 1129//1129 1172//1172
f 1114//1114 1129//1129 1164//1164
f 1129//1129 1118//1118 1172//1172
f 1118//1118 1129//1129 1076//1076
f 1129//1129 1082//1082 1076//1076
f 115//115 101//101 78//78
f 101//101 75//75 78//78
f 75//75 101//101 91//91
f 91//91 101//101 123//123
f 101//101 115//115 123//123
f 373//373 407//407 369//369
f 342//342 373//373 369//369
f 398//398 414//414 430//430
f 398//398 430//430 436//436
f 407//407 398//398 436//436
f 373//373 398//398 407//407
f 228//228 225//225 237//237
f 225//225 207//207 197//197
f 207//207 225//225 218//218
f 225//225 228//228 218//218
f 150//150 137//137 148//148
f 166//166 150//150 148//148
f 137//137 150//150 161//161
f 150//150 166//166 161//161
f 358//358 331//331 317//317
f 367//367 331//331 358//358
f 317//317 331//331 300//300
f 300//300 331//331 307//307
f 331//331 343//343 307//307
f 2149//2149 2148//2148 2110//2110
f 2111//2111 2148//2148 2176//2176
f 2110//2110 2148//2148 2111//2111
f 2176//2176 2148//2148 2219//2219
f 2219//2219 2148//2148 2194//2194
f 2148//2148 2149//2149 2194//2194
f 2403//2403 2389//2389 2374//2374
f 2438//2438 2403//2403 2408//2408
f 2389//2389 2403//2403 2418//2418
f 2403//2403 2365//2365 2408//2408
f 2403//2403 2374//2374 2365//2365
f 2449//2449 2403//2403 2438//2438
f 2403//2403 2449//2449 2418//2418
f 2073//2073 2086//2086 2050//2050
f 2075//2075 2073//2073 2050//2050
f 2073//2073 2075//2075 2086//2086
f 2340//2340 2299//2299 2354//2354
f 2340//2340 2325//2325 2299//2299
f 2325//2325 2340//2340 2363//2363
f 2340//2340 2377//2377 2363//2363
f 2340//2340 2354//2354 2377//2377
f 1136//1136 1156//1156 1185//1185
f 1192//1192 1136//1136 1185//1185
f 1156//1156 1136//1136 1079//1079
f 1079//1079 1136//1136 1131//1131
f 1136//1136 1192//1192 1131//1131
f 804//804 851//851 809//809
f 768//768 804//804 809//809
f 748//748 804//804 768//768
f 803//803 804//804 748//748
f 815//815 853//853 843//843
f 864//864 853//853 815//815
f 889//889 938//938 906//906
f 938//938 889//889 887//887
f 853//853 889//889 843//843
f 889//889 864//864 887//887
f 889//889 853//853 864//864
f 889//889 878//878 843//843
f 878//878 889//889 906//906
f 871//871 903//903 861//861
f 903//903 871//871 924//924
f 871//871 878//878 924//924
f 843//843 832//832 777//777
f 832//832 803//803 777//777
f 963//963 947//947 933//933
f 947//947 963//963 985//985
f 969//969 963//963 933//933
f 985//985 963//963 969//969
f 414//414 380//380 404//404
f 398//398 380//380 414//414
f 380//380 398//398 373//373
f 331//331 362//362 343//343
f 362//362 331//331 367//367
f 362//362 396//396 343//343
f 362//362 406//406 396//396
f 362//362 367//367 406//406
f 852//852 804//804 803//803
f 858//858 852//852 861//861
f 852//852 858//858 851//851
f 804//804 852//852 851//851
f 852//852 832//832 861//861
f 832//832 852//852 803//803
f 878//878 845//845 843//843
f 845//845 832//832 843//843
f 871//871 845//845 878//878
f 845//845 871//871 861//861
f 832//832 845//845 861//861
f 404//404 354//354 350//350
f 380//380 354//354 404//404
f 354//354 337//337 350//350
f 337//337 354//354 326//326
f 326//326 354//354 324//324
f 354//354 342//342 324//324
f 354//354 366//366 342//342
f 366//366 354//354 380//380
f 366//366 373//373 342//342
f 366//366 380//380 373//373
