v -1.481249101 -0.021415237 -6.551243843 0.274510 0.313725 0.227451
v -1.501791312 -0.049543284 -6.508059383 0.243137 0.294118 0.200000
v -1.493945208 -0.032351036 -6.524019843 0.568627 0.635294 0.427451
v -1.488344165 -0.024367352 -6.545204573 0.262745 0.368627 0.168627
v -1.503047580 -0.041323602 -6.515369479 0.486275 0.509804 0.443137
v -1.504659014 -0.036849903 -6.513737902 0.349020 0.490196 0.164706
v -1.489384227 -0.017527802 -6.554201485 0.254902 0.372549 0.176471
v -1.484432180 -0.005824910 -6.564778507 0.392157 0.482353 0.235294
v -1.489030069 -0.011263976 -6.555634593 0.513725 0.639216 0.400000
v -1.494861191 -0.016676242 -6.542368512 0.349020 0.505882 0.219608
v -1.500811072 -0.023184856 -6.528613881 0.321569 0.478431 0.172549
v -1.484033622 0.003663633 -6.567735910 0.509804 0.615686 0.349020
v -1.518624469 -0.057936142 -6.503439372 0.580392 0.607843 0.466667
v -1.508703448 -0.028910939 -6.520878842 0.317647 0.478431 0.160784
v -1.520281241 -0.051786525 -6.504182520 0.341176 0.498039 0.152941
v -1.480392460 0.012700032 -6.586905953 0.298039 0.341176 0.207843
v -1.514523936 -0.035462652 -6.515563088 0.301961 0.462745 0.152941
v -1.479462932 0.018335157 -6.598037274 0.541176 0.588235 0.462745
v -1.534147626 -0.069514834 -6.486306477 0.560784 0.635294 0.439216
v -1.505750014 -0.013600678 -6.541670005 0.349020 0.517647 0.184314
v -1.488026837 0.012766918 -6.579417862 0.294118 0.431373 0.145098
v -1.533086253 -0.062020302 -6.493212503 0.360784 0.517647 0.211765
v -1.501707297 -0.005874995 -6.556014733 0.364706 0.533333 0.215686
v -1.541923448 -0.077038842 -6.480009457 0.478431 0.552941 0.345098
v -1.532081904 -0.053628126 -6.502333909 0.337255 0.505882 0.184314
v -1.504106420 -0.006840739 -6.561293248 0.415686 0.521569 0.258824
v -1.515531529 -0.018387751 -6.533770545 0.345098 0.505882 0.192157
v -1.531389103 -0.050219951 -6.509583717 0.537255 0.674510 0.274510
v -1.484307885 0.028424691 -6.606387236 0.403922 0.466667 0.333333
v -1.527250554 -0.036151516 -6.517288028 0.337255 0.501961 0.164706
v -1.543831618 -0.066032091 -6.486451660 0.349020 0.513725 0.176471
v -1.522406017 -0.023751630 -6.528483259 0.301961 0.474510 0.160784
v -1.494175235 0.017141265 -6.591564847 0.568627 0.674510 0.294118
v -1.512565932 -0.007161546 -6.550788898 0.356863 0.517647 0.172549
v -1.499902941 0.014045697 -6.579571467 0.360784 0.525490 0.192157
v -1.492965749 0.023343454 -6.596373060 0.423529 0.584314 0.274510
v -1.535024670 -0.044665194 -6.510999367 0.337255 0.501961 0.184314
v -1.551630593 -0.074176755 -6.480846301 0.364706 0.537255 0.176471
v -1.488041895 0.037437333 -6.611490289 0.639216 0.737255 0.517647
v -1.557606050 -0.085179624 -6.476551594 0.549020 0.654902 0.415686
v -1.513545936 -0.001265468 -6.559562200 0.360784 0.525490 0.192157
v -1.508650254 0.009368048 -6.570409338 0.329412 0.498039 0.168627
v -1.526292631 -0.016292797 -6.538546042 0.356863 0.517647 0.192157
v -1.564316326 -0.095032836 -6.471333141 0.549020 0.678431 0.478431
v -1.544861764 -0.051542094 -6.504381134 0.345098 0.513725 0.184314
v -1.553648154 -0.066367782 -6.487893754 0.345098 0.513725 0.180392
v -1.523396549 -0.009874045 -6.546900516 0.317647 0.482353 0.176471
v -1.495928397 0.033575582 -6.606760685 0.403922 0.560784 0.250980
v -1.535114690 -0.027635809 -6.526507609 0.329412 0.498039 0.164706
v -1.490135319 0.046417186 -6.620535248 0.568627 0.623529 0.427451
v -1.552715554 -0.057847219 -6.496131467 0.345098 0.521569 0.172549
v -1.571247600 -0.101490076 -6.469266875 0.294118 0.349020 0.270588
v -1.563489024 -0.077081899 -6.481217868 0.368627 0.533333 0.215686
v -1.546806608 -0.043862801 -6.512313150 0.325490 0.498039 0.164706
v -1.542932758 -0.035485777 -6.519688451 0.329412 0.498039 0.149020
v -1.507664065 0.023888839 -6.593005455 0.392157 0.556863 0.235294
v -1.577268929 -0.108851790 -6.466362628 0.243137 0.286275 0.219608
v -1.503997826 0.033515191 -6.608573557 0.556863 0.670588 0.309804
v -1.544843125 -0.026414772 -6.527093739 0.325490 0.486275 0.168627
v -1.533165202 -0.006062786 -6.550889439 0.325490 0.490196 0.172549
v -1.502822742 0.043181181 -6.616867951 0.364706 0.521569 0.203922
v -1.497959177 0.051364587 -6.627330422 0.266667 0.309804 0.203922
v -1.529194122 0.005703580 -6.564349600 0.352941 0.513725 0.180392
v -1.559516325 -0.048725376 -6.506428226 0.337255 0.501961 0.180392
v -1.569313145 -0.067937362 -6.489540994 0.356863 0.525490 0.203922
v -1.577130352 -0.082642624 -6.477845822 0.368627 0.545098 0.211765
v -1.544868970 -0.018195881 -6.537527391 0.341176 0.501961 0.164706
v -1.587900366 -0.105825827 -6.461984518 0.227451 0.290196 0.164706
v -1.526327493 0.015525273 -6.576238049 0.337255 0.498039 0.172549
v -1.522390260 0.021947173 -6.586349492 0.345098 0.509804 0.192157
v -1.555592422 -0.032320882 -6.521260518 0.313725 0.482353 0.152941
v -1.511563557 0.040343570 -6.611707688 0.380392 0.545098 0.231373
v -1.518457147 0.031366374 -6.599340387 0.364706 0.525490 0.219608
v -1.569305477 -0.056325718 -6.499410672 0.333333 0.494118 0.196078
v -1.541887243 -0.002330633 -6.554745497 0.333333 0.498039 0.176471
v -1.563454908 -0.041440446 -6.513894959 0.325490 0.494118 0.172549
v -1.509683371 0.049318733 -6.625448416 0.380392 0.529412 0.211765
v -1.592665472 -0.095991681 -6.464475553 0.388235 0.560784 0.231373
v -1.540019850 0.006842131 -6.566372444 0.349020 0.505882 0.207843
v -1.558558551 -0.022998356 -6.532571983 0.313725 0.466667 0.156863
v -1.554639400 -0.015318519 -6.541480615 0.325490 0.482353 0.137255
v -1.600614437 -0.104754352 -6.457021022 0.431373 0.572549 0.298039
v -1.537041827 0.015906031 -6.576714996 0.329412 0.494118 0.168627
v -1.522352791 0.038963878 -6.608316188 0.360784 0.525490 0.200000
v -1.528249851 0.029684004 -6.596191079 0.380392 0.533333 0.219608
v -1.572255202 -0.045300226 -6.509945264 0.321569 0.478431 0.196078
v -1.589834839 -0.079749416 -6.478853841 0.352941 0.513725 0.250980
v -1.608299037 -0.113686314 -6.445006227 0.549020 0.658824 0.349020
v -1.584940034 -0.066185033 -6.490679884 0.345098 0.505882 0.203922
v -1.568317434 -0.032042874 -6.522993536 0.329412 0.494118 0.160784
v -1.597699471 -0.086880710 -6.470484683 0.368627 0.533333 0.243137
v -1.513466993 0.057144111 -6.639712109 0.282353 0.364706 0.172549
v -1.609483174 -0.111467928 -6.452227861 0.329412 0.368627 0.258824
v -1.552704442 -0.000346720 -6.558828505 0.317647 0.474510 0.164706
v -1.616249365 -0.119494946 -6.439488965 0.525490 0.643137 0.423529
v -1.565393126 -0.019217926 -6.538540555 0.301961 0.466667 0.129412
v -1.593721569 -0.071311504 -6.485984021 0.345098 0.517647 0.180392
v -1.527263193 0.046152556 -6.616836507 0.380392 0.529412 0.227451
v -1.560513680 -0.009309981 -6.550163158 0.313725 0.470588 0.160784
v -1.521413827 0.052258552 -6.631306792 0.431373 0.576471 0.243137
v -1.515646241 0.058649748 -6.646723667 0.517647 0.572549 0.400000
v -1.608322693 -0.092794200 -6.461331474 0.341176 0.521569 0.176471
v -1.583958062 -0.046696502 -6.507347222 0.325490 0.486275 0.168627
v -1.549725902 0.014574194 -6.574064544 0.400000 0.545098 0.196078
v -1.599599944 -0.076969755 -6.479954285 0.376471 0.541176 0.227451
v -1.618047692 -0.113116702 -6.446308600 0.423529 0.572549 0.254902
v -1.591760938 -0.054780946 -6.499738272 0.356863 0.513725 0.196078
v -1.557570863 0.007139293 -6.566915351 0.337255 0.490196 0.168627
v -1.617178752 -0.103611593 -6.454738063 0.396078 0.560784 0.290196
v -1.542923550 0.033774109 -6.600933870 0.427451 0.568627 0.247059
v -1.548764755 0.025587312 -6.588520038 0.388235 0.541176 0.188235
v -1.524355984 0.058279230 -6.642912670 0.317647 0.462745 0.192157
v -1.626140349 -0.119658747 -6.442946606 0.552941 0.627451 0.411765
v -1.576172592 -0.021725397 -6.536246504 0.313725 0.470588 0.152941
v -1.612323003 -0.083579562 -6.469014911 0.360784 0.521569 0.239216
v -1.623286819 -0.107681571 -6.453697922 0.329412 0.349020 0.254902
v -1.619070133 -0.094819111 -6.459432273 0.360784 0.549020 0.184314
v -1.588816568 -0.038354636 -6.517486172 0.313725 0.474510 0.145098
v -1.532158979 0.056063470 -6.634322789 0.474510 0.611765 0.262745
v -1.594716672 -0.045632529 -6.510210635 0.317647 0.470588 0.172549
v -1.527472888 0.063074039 -6.651396570 0.427451 0.525490 0.345098
v -1.635497661 -0.119264065 -6.435387128 0.360784 0.541176 0.176471
v -1.631724141 -0.112270377 -6.443481684 0.392157 0.552941 0.278431
v -1.580050494 -0.015379728 -6.543484525 0.313725 0.470588 0.164706
v -1.588850566 -0.030009901 -6.526842289 0.305882 0.462745 0.149020
v -1.613285116 -0.074034954 -6.479952048 0.341176 0.509804 0.192157
v -1.546839002 0.043634179 -6.611619095 0.396078 0.529412 0.227451
v -1.638104898 -0.124837735 -6.438101498 0.560784 0.611765 0.501961
v -1.574218062 -0.003145676 -6.559700248 0.376471 0.509804 0.219608
v -1.602503081 -0.051039129 -6.504759690 0.325490 0.482353 0.180392
v -1.542926514 0.053369852 -6.623380691 0.368627 0.529412 0.219608
v -1.568276848 0.011317714 -6.572368628 0.345098 0.490196 0.176471
v -1.628834391 -0.097917529 -6.455655582 0.372549 0.552941 0.219608
v -1.622137812 -0.081987754 -6.469502726 0.352941 0.525490 0.192157
v -1.609486442 -0.061564483 -6.496175327 0.380392 0.541176 0.239216
v -1.564424648 0.021006034 -6.583387985 0.352941 0.505882 0.172549
v -1.588856668 -0.022095730 -6.536542245 0.317647 0.482353 0.149020
v -1.637046088 -0.111422133 -6.445939778 0.807843 0.862745 0.713725
v -1.531984947 0.071950409 -6.653086078 0.352941 0.403922 0.298039
v -1.644569821 -0.124792948 -6.432974256 0.686275 0.784314 0.603922
v -1.540898596 0.060065037 -6.636985708 0.384314 0.549020 0.219608
v -1.649096625 -0.125478808 -6.427650750 0.376471 0.513725 0.203922
v -1.537147216 0.066407631 -6.650683342 0.486275 0.584314 0.403922
v -1.563427552 0.028516328 -6.594387511 0.317647 0.478431 0.160784
v -1.582965745 -0.005877277 -6.556410368 0.325490 0.478431 0.160784
v -1.645337064 -0.115337668 -6.434593819 0.360784 0.525490 0.215686
v -1.557611361 0.039044356 -6.607470906 0.337255 0.486275 0.176471
v -1.640537925 -0.104190236 -6.444250980 0.364706 0.541176 0.207843
v -1.599698495 -0.033416690 -6.526636460 0.384314 0.505882 0.227451
v -1.552639735 0.050462580 -6.618276058 0.356863 0.513725 0.192157
v -1.589817623 -0.014523140 -6.545535714 0.317647 0.486275 0.145098
v -1.612267605 -0.054131589 -6.501955750 0.360784 0.505882 0.243137
v -1.632873324 -0.089084624 -6.462862371 0.368627 0.533333 0.227451
v -1.650874259 -0.127785226 -6.434399826 0.564706 0.631373 0.494118
v -1.627901166 -0.075736283 -6.474665394 0.341176 0.509804 0.200000
v -1.623042058 -0.066494280 -6.486039743 0.345098 0.505882 0.215686
v -1.583025548 0.001887728 -6.567402032 0.454902 0.584314 0.258824
v -1.619121116 -0.058842235 -6.495948069 0.325490 0.486275 0.168627
v -1.609425013 -0.042962599 -6.517459365 0.364706 0.490196 0.219608
v -1.633842462 -0.081401399 -6.469814688 0.352941 0.517647 0.215686
v -1.653421976 -0.119069104 -6.434261796 0.368627 0.521569 0.298039
v -1.540915417 0.078896650 -6.657306226 0.243137 0.305882 0.172549
v -1.650413122 -0.105577549 -6.440083592 0.360784 0.525490 0.239216
v -1.599589471 -0.019459400 -6.541664992 0.321569 0.478431 0.164706
v -1.568326363 0.035541935 -6.604016374 0.341176 0.494118 0.164706
v -1.617201074 -0.049504059 -6.509202874 0.329412 0.482353 0.192157
v -1.551699475 0.065690398 -6.640306126 0.400000 0.552941 0.247059
v -1.584946392 0.008203101 -6.574666476 0.478431 0.603922 0.290196
v -1.563403497 0.047695055 -6.616188883 0.360784 0.505882 0.180392
v -1.662483427 -0.133559426 -6.430023434 0.494118 0.572549 0.439216
v -1.642594770 -0.086978952 -6.462546021 0.333333 0.505882 0.188235
v -1.608261004 -0.028253332 -6.531494049 0.309804 0.466667 0.152941
v -1.596662677 -0.004717824 -6.558219694 0.313725 0.470588 0.145098
v -1.561500244 0.057292350 -6.628257340 0.407843 0.556863 0.215686
v -1.580062582 0.024883833 -6.593187911 0.309804 0.470588 0.125490
v -1.662844808 -0.117646655 -6.430769621 0.368627 0.529412 0.235294
v -1.578086077 0.031395387 -6.600295207 0.325490 0.486275 0.152941
v -1.670167495 -0.134679574 -6.423878866 0.337255 0.364706 0.301961
v -1.550756360 0.078922002 -6.656505766 0.309804 0.443137 0.164706
v -1.632875262 -0.058751708 -6.493141481 0.313725 0.474510 0.164706
v -1.573225899 0.042561058 -6.612672097 0.419608 0.556863 0.223529
v -1.653407816 -0.092895657 -6.453986648 0.349020 0.505882 0.231373
v -1.662066924 -0.106752832 -6.438090082 0.376471 0.541176 0.223529
v -1.562436599 0.063506415 -6.636578928 0.407843 0.556863 0.223529
v -1.588837731 0.017688996 -6.586627540 0.435294 0.549020 0.235294
v -1.671602998 -0.125103257 -6.423440781 0.376471 0.537255 0.231373
v -1.611460124 -0.019242902 -6.547751002 0.498039 0.611765 0.282353
v -1.598662047 0.005743389 -6.573310527 0.309804 0.466667 0.137255
v -1.572256180 0.054418868 -6.626254780 0.411765 0.549020 0.219608
v -1.672067274 -0.121847487 -6.432380106 0.364706 0.517647 0.262745
v -1.655348621 -0.085293510 -6.461980272 0.352941 0.509804 0.227451
v -1.681557653 -0.132106026 -6.411451757 0.439216 0.564706 0.290196
v -1.613195589 -0.012856736 -6.550457264 0.313725 0.470588 0.149020
v -1.647460288 -0.069730025 -6.481394718 0.349020 0.509804 0.203922
v -1.629929080 -0.042354361 -6.518730882 0.325490 0.478431 0.160784
v -1.625982666 -0.037050467 -6.527977101 0.372549 0.513725 0.211765
v -1.643560289 -0.061756434 -6.490069713 0.305882 0.470588 0.141176
v -1.609401743 -0.005199745 -6.559779363 0.352941 0.494118 0.188235
v -1.559594326 0.082485515 -6.659910560 0.525490 0.650980 0.368627
v -1.621168932 -0.028085143 -6.540747216 0.423529 0.537255 0.278431
v -1.666963047 -0.097830382 -6.445810828 0.349020 0.517647 0.188235
v -1.637693798 -0.049072750 -6.505728593 0.309804 0.478431 0.149020
v -1.591780517 0.027631242 -6.599200740 0.356863 0.494118 0.180392
v -1.585920255 0.039434062 -6.610872778 0.392157 0.525490 0.211765
v -1.673280434 -0.115285820 -6.441212670 0.400000 0.556863 0.254902
v -1.597667086 0.019166455 -6.591114992 0.509804 0.615686 0.325490
v -1.682486003 -0.121125669 -6.421825579 0.419608 0.580392 0.270588
v -1.560423625 0.091937082 -6.663685106 0.294118 0.309804 0.262745
v -1.675552585 -0.108851329 -6.438591887 0.380392 0.552941 0.211765
v -1.609335731 0.004533403 -6.570366730 0.301961 0.458824 0.160784
v -1.574200758 0.065989248 -6.641045470 0.458824 0.592157 0.250980
v -1.692529430 -0.132623296 -6.404832333 0.615686 0.682353 0.478431
v -1.570289681 0.073791848 -6.649856525 0.435294 0.564706 0.254902
v -1.661178183 -0.078021860 -6.468283274 0.337255 0.505882 0.172549
v -1.682187722 -0.123359375 -6.433987877 0.670588 0.760784 0.541176
v -1.681392728 -0.115101528 -6.433034400 0.392157 0.549020 0.254902
v -1.640679085 -0.044339536 -6.513867879 0.309804 0.462745 0.172549
v -1.658211545 -0.071697724 -6.477494799 0.337255 0.501961 0.188235
v -1.677898879 -0.110632456 -6.442567472 0.384314 0.560784 0.188235
v -1.620110893 -0.009785310 -6.557385837 0.341176 0.498039 0.156863
v -1.608395718 0.011947882 -6.580663517 0.321569 0.474510 0.168627
v -1.582977488 0.056863961 -6.630554474 0.450980 0.584314 0.250980
v -1.657466036 -0.069102210 -6.486370776 0.494118 0.607843 0.305882
v -1.590806625 0.046251836 -6.619690253 0.427451 0.564706 0.235294
v -1.652384119 -0.056456109 -6.497559770 0.305882 0.462745 0.168627
v -1.692341746 -0.120858083 -6.415943766 0.360784 0.529412 0.207843
v -1.702288677 -0.135798218 -6.396228829 0.607843 0.713725 0.439216
v -1.673868958 -0.087069279 -6.453820514 0.341176 0.509804 0.184314
v -1.679681037 -0.095705770 -6.446653369 0.341176 0.505882 0.200000
v -1.601559378 0.031600210 -6.605996740 0.352941 0.478431 0.188235
v -1.598607840 0.039119739 -6.613078830 0.368627 0.517647 0.192157
v -1.659163083 -0.061353994 -6.492483576 0.317647 0.478431 0.152941
v -1.638726939 -0.032565031 -6.537292728 0.494118 0.619608 0.266667
v -1.646473036 -0.039570823 -6.520608454 0.309804 0.470588 0.168627
v -1.612328826 0.018170318 -6.590153235 0.329412 0.486275 0.172549
v -1.688321456 -0.108874390 -6.437829290 0.356863 0.521569 0.231373
v -1.684806158 -0.102783236 -6.446650224 0.380392 0.552941 0.196078
v -1.694680029 -0.120807848 -6.427836786 0.670588 0.709804 0.592157
v -1.630801389 -0.010735810 -6.558144889 0.345098 0.486275 0.176471
v -1.577145609 0.083766856 -6.663381553 0.341176 0.490196 0.180392
v -1.635817480 -0.021464892 -6.549722269 0.443137 0.572549 0.286275
v -1.696180771 -0.116087761 -6.425615126 0.372549 0.537255 0.258824
v -1.657306801 -0.050054892 -6.505928726 0.321569 0.482353 0.168627
v -1.712924621 -0.137605510 -6.390829010 0.650980 0.717647 0.478431
v -1.600587786 0.045369308 -6.620591850 0.400000 0.545098 0.203922
v -1.674777326 -0.074442333 -6.469328197 0.305882 0.466667 0.156863
v -1.588852622 0.067770835 -6.644116025 0.427451 0.552941 0.243137
v -1.612352579 0.024401927 -6.600612187 0.403922 0.529412 0.227451
v -1.621019068 0.012611818 -6.581694537 0.325490 0.470588 0.192157
v -1.693594620 -0.111727440 -6.437969659 0.372549 0.533333 0.200000
v -1.710017857 -0.129380106 -6.399302910 0.384314 0.541176 0.219608
v -1.585910833 0.074478634 -6.653022114 0.435294 0.556863 0.262745
v -1.629018916 -0.000252516 -6.571657810 0.431373 0.541176 0.254902
v -1.708037429 -0.121953961 -6.410369627 0.372549 0.549020 0.192157
v -1.597643454 0.059856707 -6.635393063 0.447059 0.580392 0.247059
v -1.685601690 -0.084094333 -6.459650838 0.313725 0.478431 0.168627
v -1.647572382 -0.026944932 -6.543549747 0.423529 0.541176 0.239216
v -1.610351322 0.040303599 -6.616823696 0.396078 0.521569 0.227451
v -1.652511190 -0.032989854 -6.534115726 0.435294 0.545098 0.254902
v -1.668010126 -0.053737539 -6.503596110 0.352941 0.501961 0.184314
v -1.722632143 -0.136692601 -6.388729135 0.368627 0.494118 0.219608
v -1.660208935 -0.039762077 -6.520958011 0.329412 0.478431 0.184314
v -1.586049001 0.088341165 -6.670868963 0.333333 0.474510 0.196078
v -1.653209082 -0.026559967 -6.538546076 0.325490 0.470588 0.192157
v -1.699192461 -0.096300541 -6.443218282 0.337255 0.509804 0.172549
v -1.687607427 -0.078423866 -6.467824094 0.337255 0.498039 0.192157
v -1.676873967 -0.064436657 -6.492019705 0.309804 0.427451 0.215686
v -1.609409125 0.049654186 -6.627135089 0.400000 0.533333 0.219608
v -1.683660380 -0.071174578 -6.476099984 0.321569 0.482353 0.200000
v -1.601563476 0.066853463 -6.644068406 0.415686 0.545098 0.235294
v -1.721685833 -0.128383647 -6.400068367 0.349020 0.501961 0.203922
v -1.730535603 -0.140291614 -6.381834512 0.580392 0.686275 0.427451
v -1.650435646 -0.019209900 -6.551240905 0.345098 0.498039 0.188235
v -1.706147999 -0.101391479 -6.433998027 0.337255 0.505882 0.180392
v -1.630828747 0.017056433 -6.590064773 0.333333 0.482353 0.188235
v -1.713967544 -0.112150655 -6.418364938 0.341176 0.517647 0.156863
v -1.645563188 -0.009210620 -6.563769989 0.400000 0.529412 0.258824
v -1.662126106 -0.032526397 -6.530222759 0.309804 0.462745 0.184314
v -1.697306432 -0.086438556 -6.457029594 0.325490 0.482353 0.196078
v -1.731057267 -0.142015105 -6.390067942 0.333333 0.368627 0.290196
v -1.609362651 0.060666892 -6.637482118 0.356863 0.513725 0.192157
v -1.713886790 -0.105577033 -6.429134003 0.329412 0.501961 0.164706
v -1.697521964 -0.082133981 -6.467080282 0.317647 0.501961 0.129412
v -1.739306327 -0.141673084 -6.377270414 0.568627 0.674510 0.423529
v -1.597607288 0.087646509 -6.668096870 0.419608 0.552941 0.243137
v -1.629801236 0.032894463 -6.611214674 0.352941 0.498039 0.200000
v -1.724633106 -0.116433649 -6.415532949 0.352941 0.517647 0.192157
v -1.604502232 0.080628689 -6.659636134 0.462745 0.584314 0.278431
v -1.623118600 0.046122098 -6.624878736 0.498039 0.588235 0.298039
v -1.727996951 -0.124429818 -6.412164767 0.584314 0.623529 0.454902
v -1.696360845 -0.073230437 -6.477157568 0.321569 0.486275 0.168627
v -1.656245621 -0.010283873 -6.561694040 0.368627 0.509804 0.203922
v -1.693313351 -0.068171620 -6.485424196 0.317647 0.482353 0.176471
v -1.637823582 0.021355361 -6.599922665 0.388235 0.498039 0.239216
v -1.683641435 -0.052894985 -6.506635545 0.356863 0.505882 0.227451
v -1.620081340 0.057205563 -6.634971961 0.329412 0.470588 0.172549
v -1.690644996 -0.065063715 -6.496824335 0.258824 0.364706 0.188235
v -1.740243433 -0.133507254 -6.388527608 0.321569 0.474510 0.160784
v -1.663139970 -0.016319044 -6.552250802 0.337255 0.486275 0.188235
v -1.709050267 -0.085248106 -6.455881936 0.333333 0.501961 0.176471
v -1.668055157 -0.022740511 -6.542139812 0.372549 0.513725 0.207843
v -1.671921296 -0.029283552 -6.534862584 0.364706 0.521569 0.192157
v -1.723629260 -0.109010871 -6.427578933 0.341176 0.501961 0.192157
v -1.650379886 0.004366483 -6.581253188 0.360784 0.474510 0.219608
v -1.719822932 -0.100568701 -6.435099985 0.321569 0.490196 0.160784
v -1.655274528 -0.003350082 -6.571395418 0.419608 0.549020 0.262745
v -1.704148318 -0.077642629 -6.469738480 0.337255 0.494118 0.211765
v -1.680762373 -0.042287186 -6.522587307 0.462745 0.584314 0.282353
v -1.748015665 -0.138154668 -6.380318371 0.313725 0.462745 0.149020
v -1.754082285 -0.144817332 -6.367081204 0.678431 0.780392 0.501961
v -1.735396366 -0.118214400 -6.409527747 0.329412 0.490196 0.188235
v -1.609361519 0.088996428 -6.668776104 0.400000 0.529412 0.247059
v -1.628935704 0.053203160 -6.632310498 0.580392 0.639216 0.384314
v -1.718925791 -0.088583506 -6.446823357 0.329412 0.494118 0.176471
v -1.698131948 -0.062384226 -6.494087314 0.321569 0.470588 0.200000
v -1.639867616 0.031526073 -6.614465903 0.411765 0.509804 0.254902
v -1.664241912 -0.009518093 -6.567340924 0.501961 0.619608 0.286275
v -1.706133755 -0.071308325 -6.478161823 0.329412 0.486275 0.196078
v -1.623118744 0.066651312 -6.646381848 0.396078 0.517647 0.223529
v -1.644530556 0.028068022 -6.605497250 0.360784 0.509804 0.211765
v -1.744233088 -0.124458755 -6.399276268 0.321569 0.482353 0.164706
v -1.754647308 -0.146848630 -6.381621880 0.631373 0.674510 0.537255
v -1.730021030 -0.111634112 -6.435750663 0.329412 0.439216 0.250980
v -1.714921175 -0.081246609 -6.463628998 0.329412 0.494118 0.172549
v -1.698457805 -0.060287865 -6.500823157 0.290196 0.392157 0.207843
v -1.734292387 -0.111375608 -6.423800525 0.329412 0.490196 0.188235
v -1.703493044 -0.067791253 -6.492165999 0.247059 0.352941 0.192157
v -1.694498662 -0.051272114 -6.510227610 0.301961 0.407843 0.227451
v -1.608395617 0.097966328 -6.681347017 0.317647 0.419608 0.188235
v -1.653392099 0.016341770 -6.594939353 0.415686 0.525490 0.258824
v -1.680737530 -0.026052614 -6.539511756 0.329412 0.466667 0.192157
v -1.666904441 -0.003917935 -6.569696888 0.364706 0.513725 0.203922
v -1.757763210 -0.139557037 -6.378702234 0.317647 0.482353 0.133333
v -1.752061274 -0.130197564 -6.391355844 0.329412 0.490196 0.152941
v -1.745237116 -0.119155213 -6.407740795 0.325490 0.490196 0.168627
v -1.625010666 0.074477141 -6.653999866 0.333333 0.486275 0.196078
v -1.642508957 0.042680589 -6.622935989 0.349020 0.494118 0.227451
v -1.722804320 -0.083205166 -6.456985735 0.329412 0.494118 0.180392
v -1.729514969 -0.093052783 -6.442966124 0.309804 0.474510 0.145098
v -1.638690446 0.049958735 -6.631582157 0.396078 0.509804 0.231373
v -1.619152145 0.088261684 -6.667605603 0.384314 0.513725 0.223529
v -1.634806718 0.059161298 -6.640056250 0.443137 0.525490 0.250980
v -1.687627225 -0.032176303 -6.536005257 0.407843 0.517647 0.262745
v -1.738536316 -0.114042582 -6.432392161 0.513725 0.635294 0.274510
v -1.669121761 -0.002786154 -6.576225987 0.443137 0.549020 0.266667
v -1.705041036 -0.055498732 -6.500114506 0.313725 0.466667 0.176471
v -1.715900938 -0.070452582 -6.477280666 0.325490 0.470588 0.211765
v -1.665210029 0.005969520 -6.586035908 0.498039 0.592157 0.298039
v -1.654277768 0.029595371 -6.605838765 0.341176 0.490196 0.203922
v -1.746036280 -0.116050260 -6.418743039 0.321569 0.486275 0.172549
v -1.681670474 -0.015020718 -6.552775211 0.396078 0.533333 0.215686
v -1.731560102 -0.085795259 -6.449673249 0.329412 0.486275 0.176471
v -1.635742762 0.067310892 -6.647416347 0.349020 0.490196 0.200000
v -1.705074906 -0.048133979 -6.510450195 0.317647 0.462745 0.223529
v -1.739159068 -0.101913911 -6.441645533 0.321569 0.478431 0.188235
v -1.768471302 -0.145121097 -6.379242922 0.321569 0.478431 0.117647
v -1.698415080 -0.038464281 -6.529697725 0.376471 0.478431 0.254902
v -1.717722838 -0.063707501 -6.488694770 0.298039 0.450980 0.203922
v -1.668052075 0.012401921 -6.593986149 0.521569 0.615686 0.333333
v -1.681855659 -0.009229524 -6.566132488 0.403922 0.513725 0.254902
v -1.676713162 0.001505422 -6.576111653 0.333333 0.494118 0.168627
v -1.726866078 -0.075974132 -6.472709921 0.482353 0.592157 0.286275
v -1.633806353 0.080306290 -6.659893596 0.345098 0.486275 0.211765
v -1.658217537 0.035918750 -6.613292841 0.407843 0.537255 0.247059
v -1.648506430 0.051568673 -6.634986612 0.454902 0.556863 0.282353
v -1.749837595 -0.111861970 -6.427902159 0.321569 0.474510 0.180392
v -1.691466890 -0.018597946 -6.548600193 0.345098 0.501961 0.184314
v -1.779100174 -0.151924550 -6.368066607 0.321569 0.482353 0.105882
v -1.653544444 0.044108096 -6.629229246 0.435294 0.549020 0.266667
v -1.674767596 0.008494499 -6.586748148 0.329412 0.478431 0.184314
v -1.725541505 -0.067638231 -6.481869664 0.325490 0.478431 0.207843
v -1.746464406 -0.107487457 -6.442791177 0.345098 0.447059 0.286275
v -1.756408225 -0.120520789 -6.422136251 0.364706 0.474510 0.286275
v -1.718734932 -0.057316289 -6.498049716 0.333333 0.486275 0.211765
v -1.716128753 -0.056183424 -6.505752766 0.647059 0.721569 0.400000
v -1.751462641 -0.114567470 -6.435553972 0.356863 0.462745 0.294118
v -1.776830379 -0.154395996 -6.383351799 0.282353 0.435294 0.090196
v -1.769586063 -0.132258134 -6.392220365 0.333333 0.498039 0.149020
v -1.667954063 0.026529175 -6.603990891 0.325490 0.474510 0.156863
v -1.765788069 -0.124665340 -6.400615270 0.345098 0.505882 0.172549
v -1.724930269 -0.067859160 -6.490069171 0.309804 0.411765 0.235294
v -1.629029636 0.100594935 -6.681982624 0.431373 0.541176 0.309804
v -1.650406220 0.059512933 -6.643488685 0.494118 0.572549 0.286275
v -1.717727615 -0.050926772 -6.508186222 0.309804 0.462745 0.184314
v -1.711941944 -0.040904842 -6.520893563 0.298039 0.447059 0.188235
v -1.708047815 -0.034795667 -6.530473729 0.309804 0.466667 0.180392
v -1.784713959 -0.160256832 -6.376702200 0.552941 0.666667 0.333333
v -1.644505734 0.076559923 -6.657611066 0.325490 0.474510 0.188235
v -1.764712437 -0.118352369 -6.412570956 0.325490 0.486275 0.168627
v -1.795207945 -0.163278152 -6.348616106 0.658824 0.756863 0.443137
v -1.724906768 -0.061379886 -6.500133998 0.482353 0.568627 0.407843
v -1.640710355 0.085173091 -6.665971652 0.364706 0.498039 0.219608
v -1.696399546 -0.012029118 -6.556835461 0.349020 0.494118 0.203922
v -1.780339291 -0.148857580 -6.386341247 0.317647 0.482353 0.098039
v -1.750813447 -0.095262303 -6.445511619 0.333333 0.494118 0.180392
v -1.679626532 0.013909995 -6.594926294 0.341176 0.478431 0.196078
v -1.718139980 -0.049449221 -6.517765396 0.752941 0.823529 0.501961
v -1.638642758 0.093210696 -6.672247154 0.376471 0.517647 0.254902
v -1.746455444 -0.092962768 -6.459518449 0.415686 0.525490 0.321569
v -1.650462680 0.068204341 -6.652567954 0.521569 0.580392 0.305882
v -1.662054898 0.048483557 -6.630805177 0.329412 0.486275 0.196078
v -1.744934510 -0.083747713 -6.461322472 0.337255 0.490196 0.200000
v -1.739109288 -0.076290235 -6.474517142 0.396078 0.545098 0.262745
v -1.705242771 -0.024038106 -6.546502871 0.396078 0.494118 0.262745
v -1.735086058 -0.069240773 -6.483732664 0.360784 0.501961 0.223529
v -1.780711733 -0.147996206 -6.395435449 0.415686 0.498039 0.341176
v -1.758752107 -0.100274031 -6.436228109 0.337255 0.501961 0.164706
v -1.677998072 0.021882518 -6.606540803 0.356863 0.443137 0.250980
v -1.696255925 -0.002515813 -6.567402833 0.333333 0.486275 0.180392
v -1.734649432 -0.069697889 -6.492711564 0.447059 0.545098 0.305882
v -1.747220089 -0.086464086 -6.465066938 0.270588 0.364706 0.192157
v -1.688756329 0.004384545 -6.586913479 0.266667 0.356863 0.192157
v -1.692359327 0.003555273 -6.577012947 0.317647 0.470588 0.172549
v -1.661095014 0.056566488 -6.640369415 0.368627 0.509804 0.227451
v -1.773598563 -0.119924210 -6.407574688 0.345098 0.505882 0.168627
v -1.740666204 -0.077130088 -6.483020516 0.411765 0.505882 0.282353
v -1.755370928 -0.097975973 -6.451214118 0.564706 0.698039 0.329412
v -1.790213863 -0.157094505 -6.382179956 0.686275 0.776471 0.482353
v -1.798706428 -0.160830683 -6.361507655 0.372549 0.521569 0.164706
v -1.677667272 0.030461854 -6.611596085 0.333333 0.478431 0.168627
v -1.720693371 -0.036736661 -6.523422629 0.313725 0.466667 0.184314
v -1.732304300 -0.055190826 -6.500452806 0.317647 0.470588 0.180392
v -1.747503494 -0.083067933 -6.472326968 0.345098 0.450980 0.227451
v -1.768638986 -0.108321014 -6.425074415 0.337255 0.501961 0.156863
v -1.674027849 0.039525093 -6.623902074 0.470588 0.584314 0.266667
v -1.688763253 0.012311423 -6.598557838 0.478431 0.529412 0.325490
v -1.736586768 -0.063127977 -6.499772737 0.294118 0.396078 0.219608
v -1.702413508 -0.006796544 -6.569660842 0.290196 0.392157 0.207843
v -1.645536400 0.099855930 -6.677489173 0.368627 0.505882 0.270588
v -1.689372592 0.015419551 -6.596260007 0.325490 0.478431 0.192157
v -1.784181999 -0.133278247 -6.399876669 0.341176 0.498039 0.168627
v -1.801481941 -0.168695131 -6.370944611 0.549020 0.619608 0.356863
v -1.775536739 -0.114317491 -6.416579066 0.337255 0.494118 0.176471
v -1.790983771 -0.146606468 -6.389621037 0.329412 0.482353 0.137255
v -1.651482814 0.088404800 -6.669643319 0.364706 0.474510 0.223529
v -1.728418622 -0.043086209 -6.516770463 0.329412 0.486275 0.207843
v -1.664226355 0.060621799 -6.648665080 0.482353 0.576471 0.282353
v -1.674736783 0.046140928 -6.628181711 0.313725 0.470588 0.168627
v -1.757238153 -0.092488338 -6.463049648 0.309804 0.423529 0.219608
v -1.763563332 -0.093638069 -6.444994750 0.321569 0.474510 0.168627
v -1.733621335 -0.052876093 -6.510923851 0.435294 0.533333 0.360784
v -1.721951200 -0.033379894 -6.534624981 0.462745 0.541176 0.372549
v -1.800209467 -0.162487272 -6.376528359 0.380392 0.525490 0.152941
v -1.725865470 -0.039178064 -6.526751482 0.709804 0.800000 0.462745
v -1.787524262 -0.139669055 -6.401674804 0.337255 0.494118 0.156863
v -1.757597527 -0.086396224 -6.459921257 0.325490 0.466667 0.184314
v -1.744606874 -0.071769649 -6.490463364 0.329412 0.439216 0.239216
v -1.696203628 0.008407030 -6.588575254 0.317647 0.474510 0.164706
v -1.661202000 0.070925735 -6.656646529 0.525490 0.580392 0.337255
v -1.798626873 -0.154238561 -6.379105029 0.356863 0.517647 0.168627
v -1.671114620 0.053515703 -6.640274849 0.380392 0.462745 0.243137
v -1.811700098 -0.171069151 -6.352109204 0.376471 0.505882 0.188235
v -1.784253923 -0.124348164 -6.406810307 0.329412 0.478431 0.156863
v -1.806844053 -0.168636514 -6.365413010 0.376471 0.513725 0.172549
v -1.687420326 0.026212358 -6.609912170 0.470588 0.596078 0.317647
v -1.715843768 -0.018549960 -6.551297127 0.419608 0.549020 0.258824
v -1.645517915 0.112277637 -6.685536653 0.262745 0.274510 0.219608
v -1.698529955 0.005340719 -6.590840969 0.584314 0.631373 0.439216
v -1.684769946 0.030574862 -6.617180553 0.462745 0.525490 0.329412
v -1.744947996 -0.060079564 -6.492436288 0.325490 0.470588 0.152941
v -1.712806342 -0.011379052 -6.561393815 0.313725 0.447059 0.160784
v -1.807461683 -0.162453745 -6.367887888 0.376471 0.525490 0.200000
v -1.720890567 -0.024895090 -6.548362068 0.521569 0.596078 0.384314
v -1.655303628 0.095827058 -6.673674043 0.388235 0.513725 0.270588
v -1.724531199 -0.028076508 -6.539953186 0.317647 0.462745 0.192157
v -1.706896725 0.000640007 -6.577583771 0.325490 0.466667 0.172549
v -1.755713577 -0.071614153 -6.474686376 0.325490 0.458824 0.180392
v -1.780462742 -0.106875203 -6.422941827 0.431373 0.568627 0.274510
v -1.709209384 -0.004593251 -6.577085864 0.470588 0.529412 0.329412
v -1.799125503 -0.146542583 -6.391532439 0.317647 0.466667 0.145098
v -1.742958238 -0.052795565 -6.504594519 0.317647 0.447059 0.176471
v -1.686477940 0.038492036 -6.622180447 0.337255 0.478431 0.180392
v -1.732312414 -0.032583592 -6.528699806 0.317647 0.447059 0.180392
v -1.770067399 -0.094526069 -6.454711398 0.282353 0.396078 0.207843
v -1.682780172 0.046656616 -6.634225609 0.403922 0.478431 0.247059
v -1.776492246 -0.094122826 -6.436393363 0.337255 0.482353 0.184314
v -1.798738784 -0.138827291 -6.396298950 0.372549 0.521569 0.219608
v -1.677637428 0.058349243 -6.643243970 0.341176 0.486275 0.211765
v -1.718000099 -0.014464173 -6.565432756 0.533333 0.596078 0.411765
v -1.739615328 -0.045996875 -6.521063890 0.270588 0.372549 0.203922
v -1.816528361 -0.173930395 -6.366518144 0.450980 0.584314 0.298039
v -1.754778513 -0.062154477 -6.485885935 0.509804 0.623529 0.356863
v -1.747523718 -0.059295786 -6.506289803 0.431373 0.541176 0.301961
v -1.700414265 0.014024209 -6.604420339 0.713725 0.749020 0.498039
v -1.657297567 0.106202585 -6.680037562 0.364706 0.494118 0.270588
v -1.696496883 0.022708197 -6.613307759 0.556863 0.603922 0.431373
v -1.795232387 -0.130643904 -6.407941892 0.333333 0.501961 0.145098
v -1.741962133 -0.043314829 -6.517537223 0.392157 0.501961 0.223529
v -1.751250292 -0.059194916 -6.499754321 0.286275 0.388235 0.211765
v -1.806215389 -0.152491943 -6.390432390 0.337255 0.486275 0.168627
v -1.789212771 -0.111525598 -6.417667993 0.337255 0.486275 0.180392
v -1.745554446 -0.053652460 -6.515263518 0.400000 0.501961 0.274510
v -1.806664660 -0.145990347 -6.387173973 0.368627 0.517647 0.223529
v -1.700067923 0.022363677 -6.607711195 0.333333 0.478431 0.184314
v -1.693593843 0.031952561 -6.621749421 0.545098 0.584314 0.400000
v -1.710871691 0.006530473 -6.585580541 0.333333 0.466667 0.180392
v -1.704935010 0.015198829 -6.600148087 0.313725 0.466667 0.156863
v -1.682802746 0.053847024 -6.644700537 0.317647 0.372549 0.219608
v -1.818084845 -0.176731923 -6.376004848 0.388235 0.521569 0.188235
v -1.795906749 -0.121628670 -6.410693093 0.329412 0.486275 0.168627
v -1.733926987 -0.030563581 -6.543323671 0.490196 0.592157 0.294118
v -1.755641011 -0.056117156 -6.494152640 0.450980 0.560784 0.294118
v -1.817259166 -0.162105658 -6.372497022 0.447059 0.600000 0.266667
v -1.740585183 -0.039280585 -6.529962400 0.439216 0.537255 0.286275
v -1.726037287 -0.018931192 -6.561777924 0.333333 0.427451 0.223529
v -1.803143079 -0.138024617 -6.401922821 0.352941 0.509804 0.149020
v -1.733312243 -0.022456707 -6.543082017 0.498039 0.572549 0.321569
v -1.721051975 -0.011651883 -6.574719645 0.266667 0.352941 0.184314
v -1.787282527 -0.100390043 -6.429092212 0.337255 0.490196 0.172549
v -1.669931425 0.087478853 -6.670185787 0.329412 0.450980 0.196078
v -1.729152735 -0.013601597 -6.553976767 0.415686 0.537255 0.243137
v -1.759420112 -0.063570864 -6.493487705 0.321569 0.439216 0.243137
v -1.715214835 0.000507821 -6.589039712 0.235294 0.309804 0.164706
v -1.678716923 0.071645742 -6.656654772 0.356863 0.486275 0.207843
v -1.700114617 0.030904364 -6.617888817 0.333333 0.458824 0.188235
v -1.782284824 -0.089375301 -6.443151808 0.329412 0.478431 0.176471
v -1.732908617 -0.023381632 -6.552631337 0.243137 0.345098 0.184314
v -1.668004120 0.097681762 -6.675709167 0.364706 0.478431 0.262745
v -1.728462207 -0.011134493 -6.563153545 0.580392 0.631373 0.403922
v -1.705511603 0.021166114 -6.613569588 0.400000 0.482353 0.239216
v -1.751636570 -0.044867555 -6.514867612 0.431373 0.529412 0.247059
v -1.711355456 0.011065037 -6.603076838 0.360784 0.447059 0.243137
v -1.755400627 -0.056462603 -6.511453122 0.431373 0.541176 0.305882
v -1.697526619 0.038169860 -6.629287731 0.670588 0.705882 0.525490
v -1.690265244 0.054194084 -6.642263974 0.364706 0.490196 0.227451
v -1.699160295 0.039075005 -6.625428932 0.466667 0.556863 0.290196
v -1.756538457 -0.049525642 -6.505885888 0.372549 0.501961 0.235294
v -1.818521067 -0.148910900 -6.379737555 0.435294 0.588235 0.254902
v -1.804142257 -0.128900761 -6.411437910 0.337255 0.498039 0.152941
v -1.809537703 -0.133216367 -6.398653706 0.364706 0.529412 0.180392
v -1.780385738 -0.080693702 -6.456147541 0.309804 0.462745 0.156863
v -1.745948989 -0.029422536 -6.529297899 0.380392 0.494118 0.239216
v -1.688337126 0.061452465 -6.648775349 0.349020 0.478431 0.207843
v -1.777424241 -0.073327733 -6.463353212 0.329412 0.486275 0.152941
v -1.680581191 0.078081402 -6.665580411 0.450980 0.529412 0.282353
v -1.695634367 0.045978947 -6.640245632 0.623529 0.666667 0.470588
v -1.765588865 -0.055404907 -6.491044634 0.329412 0.470588 0.176471
v -1.830892433 -0.177136112 -6.367924258 0.568627 0.682353 0.388235
v -1.751420714 -0.042879573 -6.526978787 0.309804 0.427451 0.231373
v -1.824842738 -0.163367209 -6.378996666 0.396078 0.537255 0.278431
v -1.711874871 0.024528933 -6.606762275 0.498039 0.545098 0.333333
v -1.698121410 0.046932130 -6.634976189 0.400000 0.486275 0.254902
v -1.791234337 -0.092887155 -6.438339599 0.325490 0.486275 0.160784
v -1.687843818 0.063051649 -6.656499336 0.756863 0.788235 0.623529
v -1.743069624 -0.019797405 -6.543299789 0.356863 0.486275 0.196078
v -1.825499452 -0.157574026 -6.378068627 0.470588 0.580392 0.400000
v -1.730159113 -0.005343446 -6.574154708 0.447059 0.521569 0.278431
v -1.807674152 -0.123007463 -6.411210935 0.345098 0.513725 0.176471
v -1.832977119 -0.168722831 -6.362739288 0.686275 0.737255 0.564706
v -1.739091007 -0.014012385 -6.552941373 0.352941 0.474510 0.203922
v -1.685765835 0.070929114 -6.663879773 0.705882 0.717647 0.521569
v -1.725421765 0.004802669 -6.585004354 0.596078 0.643137 0.400000
v -1.671815742 0.109846300 -6.684742232 0.454902 0.439216 0.345098
v -1.758266765 -0.047720032 -6.519119741 0.478431 0.580392 0.341176
v -1.827581157 -0.150171792 -6.372910990 0.568627 0.694118 0.368627
v -1.694736648 0.056016028 -6.650986315 0.458824 0.525490 0.333333
v -1.737706375 -0.015962564 -6.565462237 0.274510 0.380392 0.211765
v -1.801969591 -0.104891512 -6.425850515 0.345098 0.509804 0.180392
v -1.790150935 -0.081820771 -6.452357803 0.352941 0.505882 0.188235
v -1.820493945 -0.134951574 -6.393203872 0.372549 0.533333 0.207843
v -1.721590831 0.019707073 -6.599670340 0.450980 0.525490 0.274510
v -1.837497527 -0.161672596 -6.360414387 0.364706 0.423529 0.215686
v -1.744650025 -0.021251646 -6.556401656 0.317647 0.427451 0.235294
v -1.828353945 -0.148018379 -6.380979833 0.533333 0.666667 0.368627
v -1.695224417 0.066044675 -6.654095648 0.419608 0.482353 0.254902
v -1.683606785 0.086352221 -6.677147572 0.584314 0.549020 0.337255
v -1.778457146 -0.058780500 -6.479281948 0.317647 0.466667 0.172549
v -1.691323222 0.074001649 -6.662782953 0.411765 0.478431 0.262745
v -1.715848215 0.035280673 -6.613802398 0.431373 0.505882 0.254902
v -1.733893885 -0.002727481 -6.582832796 0.243137 0.345098 0.168627
v -1.761720185 -0.033261084 -6.519859491 0.341176 0.494118 0.196078
v -1.729081261 0.007218147 -6.596578111 0.411765 0.517647 0.270588
v -1.800062135 -0.090472240 -6.441882388 0.325490 0.490196 0.152941
v -1.836737531 -0.155392545 -6.371425924 0.588235 0.701961 0.349020
v -1.729363759 0.014093403 -6.593408985 0.329412 0.466667 0.152941
v -1.814642833 -0.117142530 -6.416492851 0.349020 0.509804 0.172549
v -1.838929470 -0.165964627 -6.375022974 0.572549 0.635294 0.513725
v -1.836616336 -0.158785541 -6.379438273 0.388235 0.427451 0.352941
v -1.806799941 -0.098937365 -6.433403427 0.321569 0.486275 0.164706
v -1.759932248 -0.023840977 -6.530509640 0.341176 0.486275 0.203922
v -1.769522486 -0.039399401 -6.512258097 0.329412 0.482353 0.180392
v -1.691709920 0.080947054 -6.675612933 0.623529 0.647059 0.447059
v -1.742447483 -0.009431811 -6.577047181 0.482353 0.568627 0.337255
v -1.746876377 -0.009660020 -6.564121472 0.360784 0.498039 0.231373
v -1.752781478 -0.016860790 -6.551895816 0.356863 0.505882 0.219608
v -1.739185292 0.006014836 -6.580126269 0.356863 0.498039 0.223529
v -1.755286048 -0.024018048 -6.550010511 0.317647 0.427451 0.235294
v -1.836854773 -0.146740996 -6.377800501 0.635294 0.721569 0.419608
v -1.795177550 -0.074795267 -6.461402702 0.337255 0.494118 0.160784
v -1.789238315 -0.064211342 -6.474048138 0.294118 0.443137 0.164706
v -1.776553232 -0.045283556 -6.502111822 0.325490 0.494118 0.152941
v -1.726680780 0.030644931 -6.606955635 0.345098 0.482353 0.219608
v -1.834553664 -0.143829752 -6.386629987 0.529412 0.607843 0.470588
v -1.709975651 0.059603477 -6.640286372 0.439216 0.509804 0.254902
v -1.688916489 0.090921499 -6.685621201 0.505882 0.478431 0.337255
v -1.784380576 -0.055923357 -6.486381163 0.321569 0.482353 0.152941
v -1.706056029 0.066296045 -6.649203825 0.505882 0.556863 0.325490
v -1.688328432 0.099440264 -6.683095589 0.717647 0.541176 0.443137
v -1.716877804 0.048785066 -6.628806193 0.443137 0.541176 0.274510
v -1.699551024 0.074430619 -6.668509852 0.450980 0.517647 0.301961
v -1.826385347 -0.127700622 -6.407539879 0.352941 0.509804 0.176471
v -1.782375095 -0.048882035 -6.493846091 0.317647 0.466667 0.172549
v -1.752450395 -0.017644763 -6.565440410 0.388235 0.498039 0.305882
v -1.739300660 0.013660463 -6.589457453 0.313725 0.478431 0.152941
v -1.701113831 0.081083950 -6.667479113 0.486275 0.537255 0.325490
v -1.698143199 0.089301426 -6.675762839 0.600000 0.568627 0.388235
v -1.839027564 -0.140445169 -6.390755268 0.223529 0.250980 0.192157
v -1.825404058 -0.117991349 -6.419322568 0.333333 0.501961 0.160784
v -1.766629881 -0.021182477 -6.539131420 0.337255 0.486275 0.188235
v -1.757678354 -0.010859726 -6.560585288 0.360784 0.498039 0.235294
v -1.748928769 0.003572532 -6.578560391 0.364706 0.513725 0.223529
v -1.754245392 -0.011315914 -6.572299491 0.478431 0.572549 0.333333
v -1.819563468 -0.102952917 -6.433683736 0.337255 0.498039 0.156863
v -1.846720017 -0.142413908 -6.375710168 0.662745 0.733333 0.494118
v -1.693746511 0.098823888 -6.692201510 0.729412 0.545098 0.435294
v -1.730645217 0.039304212 -6.617038550 0.372549 0.513725 0.219608
v -1.815599039 -0.094018759 -6.442176307 0.341176 0.505882 0.164706
v -1.709048946 0.077973508 -6.660195286 0.376471 0.494118 0.243137
v -1.739323460 0.025742354 -6.600906149 0.368627 0.517647 0.235294
v -1.754790679 -0.003316699 -6.572733010 0.415686 0.545098 0.247059
v -1.837155588 -0.134278143 -6.403417812 0.454902 0.533333 0.356863
v -1.837809946 -0.130458650 -6.402506448 0.588235 0.619608 0.478431
v -1.700093114 0.098019488 -6.680713927 0.494118 0.529412 0.360784
v -1.754429377 -0.002611230 -6.578829891 0.407843 0.505882 0.262745
v -1.716926931 0.069093300 -6.649706031 0.384314 0.525490 0.262745
v -1.792176287 -0.048478401 -6.495477837 0.356863 0.513725 0.188235
v -1.813713410 -0.085127600 -6.455004689 0.337255 0.498039 0.152941
v -1.731586706 0.046577353 -6.625295392 0.423529 0.552941 0.270588
v -1.768916001 -0.021935491 -6.556553960 0.270588 0.376471 0.215686
v -1.767361040 -0.015217133 -6.557813523 0.349020 0.486275 0.215686
v -1.707309407 0.090096447 -6.676112531 0.533333 0.576471 0.298039
v -1.838009007 -0.127386282 -6.412760151 0.560784 0.631373 0.423529
v -1.799038419 -0.056002654 -6.488399528 0.313725 0.466667 0.152941
v -1.729615882 0.053174734 -6.632333199 0.352941 0.501961 0.223529
v -1.830194035 -0.113625373 -6.429316351 0.333333 0.490196 0.152941
v -1.803891597 -0.064344515 -6.479041587 0.313725 0.470588 0.152941
v -1.809804738 -0.074354874 -6.467697126 0.317647 0.482353 0.152941
v -1.779304063 -0.023658663 -6.529772470 0.329412 0.494118 0.160784
v -1.843369277 -0.134760075 -6.404984880 0.352941 0.392157 0.301961
v -1.839368657 -0.130293637 -6.414899078 0.313725 0.443137 0.152941
v -1.701901606 0.106511636 -6.688382275 0.603922 0.631373 0.486275
v -1.787325103 -0.033262909 -6.515564467 0.329412 0.494118 0.164706
v -1.752106726 0.018105957 -6.591181673 0.349020 0.509804 0.200000
v -1.758842040 0.006684026 -6.577834612 0.349020 0.505882 0.215686
v -1.835238998 -0.120976845 -6.424449365 0.294118 0.439216 0.129412
v -1.767014849 -0.015240789 -6.567621085 0.325490 0.431373 0.243137
v -1.777189410 -0.021235172 -6.546401574 0.333333 0.486275 0.184314
v -1.822502634 -0.090135389 -6.452169559 0.333333 0.498039 0.141176
v -1.765594960 0.002361162 -6.572101442 0.349020 0.501961 0.227451
v -1.778814631 -0.025892968 -6.552098577 0.411765 0.521569 0.333333
v -1.796061375 -0.040064133 -6.509470458 0.321569 0.482353 0.164706
v -1.710975727 0.100021200 -6.683024036 0.490196 0.588235 0.403922
v -1.776836748 -0.018425688 -6.561177412 0.239216 0.345098 0.176471
v -1.717690357 0.092190175 -6.674820338 0.411765 0.537255 0.305882
v -1.830197674 -0.095974218 -6.448822777 0.333333 0.490196 0.145098
v -1.712431448 0.097634287 -6.687877193 0.388235 0.521569 0.215686
v -1.838182360 -0.114935711 -6.437993458 0.337255 0.494118 0.149020
v -1.845627838 -0.124626330 -6.424037906 0.329412 0.407843 0.266667
v -1.753082122 0.033722435 -6.608795267 0.403922 0.529412 0.266667
v -1.849588435 -0.124824486 -6.413639017 0.588235 0.607843 0.478431
v -1.724743903 0.083708412 -6.666360305 0.545098 0.623529 0.392157
v -1.786653561 -0.026577956 -6.545999331 0.400000 0.505882 0.325490
v -1.731544823 0.070368913 -6.654158167 0.337255 0.490196 0.223529
v -1.740362464 0.056008905 -6.636321394 0.345098 0.494118 0.223529
v -1.782096299 -0.015063052 -6.553976443 0.403922 0.529412 0.274510
v -1.736431897 0.063510701 -6.645373625 0.341176 0.498039 0.203922
v -1.745235123 0.048944020 -6.627702215 0.384314 0.537255 0.250980
v -1.856444209 -0.118761863 -6.393932309 0.431373 0.470588 0.356863
v -1.845046827 -0.125358780 -6.432841913 0.321569 0.443137 0.125490
v -1.763826481 0.018925447 -6.592285447 0.337255 0.498039 0.188235
v -1.829314534 -0.084749937 -6.460372167 0.341176 0.505882 0.145098
v -1.810739672 -0.050565895 -6.496561644 0.321569 0.486275 0.149020
v -1.752080469 0.042137697 -6.618875276 0.349020 0.494118 0.200000
v -1.826376278 -0.077988598 -6.468256712 0.321569 0.482353 0.137255
v -1.794019485 -0.024789441 -6.534002311 0.321569 0.474510 0.164706
v -1.852117645 -0.129647434 -6.422201732 0.341176 0.403922 0.211765
v -1.712252309 0.108554413 -6.700838331 0.458824 0.584314 0.317647
v -1.733540012 0.078808753 -6.663438334 0.411765 0.533333 0.250980
v -1.808778281 -0.040889074 -6.510325268 0.329412 0.490196 0.152941
v -1.800881715 -0.028402184 -6.526921836 0.325490 0.482353 0.164706
v -1.719587325 0.112798879 -6.689219894 0.490196 0.572549 0.376471
v -1.726863152 0.093087720 -6.679974635 0.494118 0.588235 0.290196
v -1.765776532 0.027646605 -6.602121502 0.372549 0.517647 0.207843
v -1.791991782 -0.015159105 -6.549559842 0.439216 0.580392 0.286275
v -1.826342211 -0.068739387 -6.479428797 0.321569 0.486275 0.145098
v -1.728494481 0.094933626 -6.677122765 0.396078 0.537255 0.278431
v -1.822515609 -0.060610126 -6.487199262 0.333333 0.494118 0.149020
v -1.789141790 -0.006074131 -6.557347786 0.352941 0.494118 0.219608
v -1.784285567 0.000282248 -6.568684139 0.325490 0.482353 0.200000
v -1.761870823 0.039443916 -6.615752968 0.368627 0.517647 0.215686
v -1.807005269 -0.033208287 -6.525689819 0.505882 0.607843 0.317647
v -1.781436179 0.010354527 -6.580374713 0.337255 0.494118 0.184314
v -1.753075941 0.057087033 -6.639173503 0.349020 0.509804 0.215686
v -1.840977320 -0.089696711 -6.464132186 0.325490 0.490196 0.141176
v -1.729551428 0.103986931 -6.683957520 0.392157 0.521569 0.301961
v -1.858841314 -0.128555772 -6.434425333 0.364706 0.403922 0.298039
v -1.778474945 0.016761217 -6.589519515 0.341176 0.505882 0.192157
v -1.849826056 -0.107471983 -6.449810385 0.498039 0.603922 0.313725
v -1.845071356 -0.097610177 -6.458932516 0.341176 0.494118 0.145098
v -1.837991403 -0.079760991 -6.473582182 0.325490 0.486275 0.121569
v -1.805707981 -0.023474417 -6.538423454 0.337255 0.494118 0.164706
v -1.747237864 0.075097263 -6.660346788 0.356863 0.490196 0.211765
v -1.753076828 0.064920715 -6.648938697 0.349020 0.498039 0.211765
v -1.824428947 -0.048544769 -6.502373927 0.313725 0.470588 0.141176
v -1.858686624 -0.121168295 -6.443175064 0.235294 0.266667 0.149020
v -1.771629174 0.036253176 -6.612048735 0.356863 0.498039 0.219608
v -1.817528494 -0.036738785 -6.518734051 0.294118 0.454902 0.145098
v -1.776525292 0.028574216 -6.603137973 0.400000 0.533333 0.270588
v -1.803869178 -0.013860527 -6.548719646 0.337255 0.501961 0.160784
v -1.838498912 -0.078769965 -6.483943689 0.317647 0.427451 0.239216
v -1.837965400 -0.072342324 -6.481722800 0.309804 0.466667 0.129412
v -1.764802334 0.050187128 -6.630421776 0.368627 0.525490 0.239216
v -1.791247452 0.007997268 -6.577959897 0.356863 0.513725 0.203922
v -1.799087753 -0.001479207 -6.560126690 0.345098 0.498039 0.203922
v -1.746267207 0.083990928 -6.668089723 0.439216 0.545098 0.274510
v -1.743234641 0.091252502 -6.673227705 0.388235 0.533333 0.266667
v -1.731336154 0.119932266 -6.692897268 0.317647 0.337255 0.286275
v -1.811890794 -0.027365884 -6.541347644 0.564706 0.658824 0.352941
v -1.846731741 -0.085537965 -6.473315860 0.325490 0.490196 0.133333
v -1.861070504 -0.110077343 -6.446997277 0.580392 0.674510 0.400000
v -1.763815994 0.058841592 -6.642266601 0.349020 0.501961 0.219608
v -1.839924155 -0.066419838 -6.490473593 0.329412 0.490196 0.145098
v -1.786364191 0.024672828 -6.599418811 0.415686 0.564706 0.254902
v -1.849154602 -0.089070482 -6.479278473 0.317647 0.431373 0.219608
v -1.864684012 -0.121079666 -6.452295259 0.423529 0.474510 0.301961
v -1.742329842 0.106052486 -6.685044049 0.423529 0.560784 0.313725
v -1.827360192 -0.037819314 -6.518035714 0.298039 0.454902 0.129412
v -1.821361593 -0.029129623 -6.532390817 0.407843 0.560784 0.243137
v -1.755926341 0.081226692 -6.663651877 0.403922 0.529412 0.250980
v -1.834249696 -0.047839283 -6.506698598 0.313725 0.478431 0.113725
v -1.782391472 0.036412729 -6.612898359 0.360784 0.513725 0.223529
v -1.800978808 0.005353374 -6.575577016 0.352941 0.517647 0.215686
v -1.794129458 0.018939901 -6.592273904 0.360784 0.513725 0.192157
v -1.821665259 -0.029329768 -6.538423139 0.478431 0.588235 0.274510
v -1.861708278 -0.103166782 -6.463573346 0.486275 0.572549 0.321569
v -1.780468864 0.043754288 -6.623253368 0.352941 0.509804 0.207843
v -1.742351700 0.121051860 -6.693571798 0.254902 0.301961 0.196078
v -1.842932565 -0.058413401 -6.498342613 0.301961 0.462745 0.121569
v -1.814619099 -0.007051855 -6.556567351 0.333333 0.494118 0.180392
v -1.768741058 0.066271391 -6.651572356 0.333333 0.486275 0.192157
v -1.858726337 -0.095140348 -6.478852715 0.380392 0.513725 0.215686
v -1.765796258 0.073893052 -6.658572406 0.474510 0.580392 0.333333
v -1.792127111 0.030917604 -6.605563866 0.364706 0.513725 0.223529
v -1.822654956 -0.023269421 -6.547063838 0.505882 0.615686 0.286275
v -1.851542378 -0.072056261 -6.489897243 0.301961 0.466667 0.117647
v -1.831214113 -0.030865780 -6.527525778 0.333333 0.498039 0.152941
v -1.862298716 -0.095463352 -6.473238171 0.333333 0.494118 0.145098
v -1.825258691 -0.020529986 -6.543300955 0.337255 0.501961 0.168627
v -1.776521226 0.058814452 -6.643266265 0.329412 0.486275 0.196078
v -1.870777851 -0.114615241 -6.464136118 0.396078 0.462745 0.235294
v -1.812690482 0.001175813 -6.569925585 0.356863 0.509804 0.200000
v -1.850887796 -0.068056360 -6.496675939 0.356863 0.466667 0.266667
v -1.757018591 0.098644887 -6.680805133 0.384314 0.529412 0.266667
v -1.858416935 -0.082320750 -6.485597865 0.317647 0.474510 0.125490
v -1.853220938 -0.074928475 -6.497880607 0.266667 0.384314 0.188235
v -1.839114134 -0.038427015 -6.519695030 0.364706 0.529412 0.184314
v -1.754018185 0.108342313 -6.688488947 0.372549 0.513725 0.258824
v -1.871845662 -0.104848969 -6.461386452 0.505882 0.607843 0.352941
v -1.800935374 0.024233006 -6.597617239 0.368627 0.521569 0.207843
v -1.766789665 0.081965662 -6.666190806 0.396078 0.533333 0.262745
v -1.792172853 0.039443600 -6.617708251 0.384314 0.529412 0.243137
v -1.833171563 -0.025939727 -6.536291761 0.325490 0.486275 0.145098
v -1.824356808 -0.010558174 -6.554092962 0.345098 0.501961 0.188235
v -1.786278591 0.050721651 -6.632730959 0.345098 0.501961 0.196078
v -1.764770475 0.090750399 -6.673824702 0.376471 0.521569 0.243137
v -1.810766535 0.010453704 -6.584205572 0.356863 0.513725 0.188235
v -1.862798909 -0.088720237 -6.490532936 0.329412 0.431373 0.243137
v -1.808772394 0.018647054 -6.592507767 0.435294 0.584314 0.274510
v -1.823486612 -0.004023974 -6.562552697 0.341176 0.505882 0.188235
v -1.850947490 -0.048563033 -6.507670375 0.360784 0.525490 0.172549
v -1.874565320 -0.108687496 -6.476400389 0.282353 0.313725 0.196078
v -1.787297490 0.056239896 -6.641024988 0.341176 0.509804 0.176471
v -1.776491421 0.078881435 -6.663182516 0.419608 0.556863 0.282353
v -1.836094220 -0.019242009 -6.543249440 0.345098 0.509804 0.176471
v -1.758015655 0.118488277 -6.696209818 0.341176 0.415686 0.254902
v -1.858522093 -0.062125703 -6.501897020 0.317647 0.490196 0.137255
v -1.803917920 0.032833769 -6.609701916 0.364706 0.525490 0.207843
v -1.863230786 -0.075629431 -6.496274369 0.321569 0.482353 0.133333
v -1.767740673 0.099144221 -6.683141138 0.368627 0.521569 0.243137
v -1.873272522 -0.099861334 -6.487122229 0.337255 0.403922 0.270588
v -1.785330258 0.067781723 -6.653882010 0.466667 0.592157 0.309804
v -1.849823593 -0.037129997 -6.524130542 0.325490 0.494118 0.149020
v -1.879830134 -0.105242624 -6.476954666 0.372549 0.396078 0.329412
v -1.804903428 0.038829455 -6.618394722 0.356863 0.517647 0.192157
v -1.800954679 0.046035965 -6.627682294 0.345098 0.494118 0.176471
v -1.797068349 0.052281878 -6.636175274 0.356863 0.509804 0.203922
v -1.822504651 0.010577739 -6.585084510 0.360784 0.517647 0.207843
v -1.871988566 -0.085048363 -6.493838164 0.313725 0.466667 0.121569
v -1.849862876 -0.029680697 -6.533421522 0.325490 0.494118 0.145098
v -1.864305894 -0.053603639 -6.505830621 0.494118 0.635294 0.278431
v -1.817589124 0.024800985 -6.600096681 0.368627 0.529412 0.207843
v -1.846930201 -0.022847872 -6.540271939 0.329412 0.498039 0.145098
v -1.874551166 -0.092287963 -6.499056773 0.372549 0.419608 0.317647
v -1.778476659 0.092055676 -6.678451395 0.372549 0.525490 0.243137
v -1.795114423 0.061080405 -6.646928003 0.380392 0.521569 0.223529
v -1.764840031 0.124080956 -6.701315339 0.243137 0.262745 0.219608
v -1.843037243 -0.015743772 -6.549836370 0.337255 0.505882 0.164706
v -1.839090635 -0.008487707 -6.558107799 0.345098 0.494118 0.192157
v -1.882396242 -0.106564085 -6.487017629 0.278431 0.313725 0.219608
v -1.769675555 0.114475101 -6.695118186 0.431373 0.556863 0.317647
v -1.872459852 -0.083639409 -6.504646616 0.301961 0.403922 0.203922
v -1.831292763 0.004560117 -6.577385312 0.325490 0.486275 0.160784
v -1.777496600 0.099829072 -6.685330271 0.356863 0.501961 0.231373
v -1.870608965 -0.072256879 -6.508250932 0.247059 0.356863 0.176471
v -1.860578831 -0.041004062 -6.522146816 0.317647 0.482353 0.129412
v -1.786338607 0.083904959 -6.671091396 0.384314 0.537255 0.258824
v -1.791183663 0.076415729 -6.662810143 0.388235 0.529412 0.254902
v -1.875823819 -0.077403091 -6.504533873 0.329412 0.494118 0.137255
v -1.879463947 -0.088957733 -6.507536883 0.392157 0.411765 0.309804
v -1.814634489 0.043038675 -6.624801884 0.356863 0.525490 0.196078
v -1.870287085 -0.050831860 -6.515149862 0.415686 0.572549 0.215686
v -1.875036356 -0.064687455 -6.510982704 0.309804 0.474510 0.125490
v -1.886648921 -0.095826060 -6.494835726 0.305882 0.423529 0.145098
v -1.774480864 0.122989421 -6.701990042 0.368627 0.407843 0.321569
v -1.878364015 -0.079124486 -6.511006146 0.341176 0.431373 0.227451
v -1.863592629 -0.035832646 -6.529937591 0.317647 0.478431 0.141176
v -1.805843672 0.061706887 -6.647207921 0.443137 0.576471 0.294118
v -1.801931348 0.069490245 -6.656033873 0.372549 0.513725 0.223529
v -1.859620004 -0.025068295 -6.541460471 0.321569 0.482353 0.152941
v -1.885915802 -0.092061311 -6.502582415 0.349020 0.439216 0.192157
v -1.781317144 0.113109314 -6.696208878 0.368627 0.494118 0.250980
v -1.825385030 0.032248954 -6.612123979 0.345098 0.509804 0.203922
v -1.783491895 0.106727399 -6.694476262 0.537255 0.647059 0.317647
v -1.791187390 0.092113256 -6.680360452 0.380392 0.529412 0.247059
v -1.812723724 0.054473873 -6.638918085 0.345098 0.501961 0.200000
v -1.871366437 -0.044365743 -6.522685978 0.329412 0.494118 0.149020
v -1.875563360 -0.060463536 -6.520126883 0.290196 0.403922 0.192157
v -1.838085815 0.015536187 -6.589717587 0.360784 0.529412 0.200000
v -1.833232460 0.022897169 -6.600055807 0.352941 0.521569 0.196078
v -1.848888602 -0.002269005 -6.568577059 0.329412 0.482353 0.172549
v -1.800975938 0.077644078 -6.665542450 0.392157 0.537255 0.254902
v -1.858637990 -0.016349914 -6.552275455 0.325490 0.494118 0.156863
v -1.892157798 -0.098950349 -6.502822607 0.509804 0.556863 0.415686
v -1.825399062 0.039308529 -6.621726186 0.360784 0.521569 0.215686
v -1.791180857 0.100809426 -6.689237663 0.364706 0.513725 0.235294
v -1.886665452 -0.077975912 -6.509295189 0.321569 0.478431 0.133333
v -1.848827100 0.005579763 -6.577155229 0.364706 0.525490 0.192157
v -1.859631559 -0.010227952 -6.560868369 0.337255 0.505882 0.164706
v -1.892047795 -0.088918166 -6.511021063 0.352941 0.439216 0.203922
v -1.887326107 -0.073644183 -6.518746126 0.403922 0.474510 0.298039
v -1.887706986 -0.066243302 -6.518286772 0.329412 0.498039 0.141176
v -1.883881239 -0.055166840 -6.524089587 0.329412 0.498039 0.145098
v -1.805841526 0.086111764 -6.675581392 0.384314 0.533333 0.254902
v -1.836204169 0.033283963 -6.616184539 0.345098 0.501961 0.200000
v -1.801940447 0.094068683 -6.683291701 0.407843 0.549020 0.258824
v -1.859647601 -0.002160353 -6.570445321 0.372549 0.537255 0.192157
v -1.828355317 0.051411816 -6.635111876 0.400000 0.549020 0.243137
v -1.886142464 -0.057282953 -6.527158669 0.498039 0.631373 0.274510
v -1.874239676 -0.027693578 -6.545905807 0.333333 0.498039 0.141176
v -1.879140781 -0.037250566 -6.536935016 0.325490 0.486275 0.141176
v -1.790282019 0.122543414 -6.709779134 0.368627 0.403922 0.325490
v -1.823436583 0.061673871 -6.647234287 0.372549 0.521569 0.231373
v -1.884714231 -0.046637122 -6.527820091 0.509804 0.650980 0.278431
v -1.900584633 -0.087069339 -6.504453627 0.525490 0.588235 0.392157
v -1.813675737 0.078510934 -6.668563277 0.376471 0.529412 0.247059
v -1.895820429 -0.078331388 -6.515647103 0.329412 0.447059 0.160784
v -1.799031800 0.111047189 -6.701576289 0.352941 0.490196 0.227451
v -1.894852608 -0.070354274 -6.523341764 0.321569 0.447059 0.160784
v -1.852814525 0.019480836 -6.596728553 0.352941 0.517647 0.196078
v -1.858607228 0.010545292 -6.584912646 0.352941 0.513725 0.192157
v -1.821493274 0.070652765 -6.660773628 0.384314 0.541176 0.239216
v -1.876205817 -0.021655237 -6.553587510 0.333333 0.498039 0.156863
v -1.887289594 -0.044882734 -6.539724007 0.290196 0.400000 0.200000
v -1.811720260 0.093166041 -6.685186551 0.364706 0.513725 0.231373
v -1.894223391 -0.063030879 -6.531762851 0.403922 0.458824 0.333333
v -1.849801214 0.029971594 -6.610426369 0.337255 0.505882 0.184314
v -1.905520522 -0.079486282 -6.509727721 0.423529 0.490196 0.309804
v -1.897504152 -0.064921957 -6.525831763 0.341176 0.501961 0.149020
v -1.841095388 0.047019569 -6.631783906 0.333333 0.490196 0.188235
v -1.903386694 -0.073450754 -6.516819612 0.349020 0.490196 0.156863
v -1.818551503 0.085179857 -6.677499613 0.376471 0.529412 0.231373
v -1.886863111 -0.033870186 -6.544980635 0.290196 0.435294 0.117647
v -1.838022998 0.056598653 -6.641321719 0.384314 0.533333 0.239216
v -1.808772633 0.107603744 -6.700029690 0.384314 0.521569 0.274510
v -1.903570981 -0.069628420 -6.528233408 0.337255 0.462745 0.160784
v -1.875255185 -0.000705992 -6.574755193 0.329412 0.494118 0.145098
v -1.836171967 0.064066950 -6.655681135 0.329412 0.482353 0.196078
v -1.889172149 -0.029382632 -6.555279161 0.290196 0.427451 0.121569
v -1.827364876 0.080529976 -6.676333214 0.396078 0.545098 0.250980
v -1.901421698 -0.055031418 -6.535515605 0.419608 0.545098 0.247059
v -1.870413546 0.011723981 -6.590813507 0.356863 0.513725 0.184314
v -1.863499946 0.024318855 -6.604391772 0.325490 0.498039 0.168627
v -1.852711737 0.042332378 -6.629275510 0.352941 0.498039 0.203922
v -1.835196665 0.070936784 -6.667389905 0.360784 0.517647 0.227451
v -1.907723892 -0.068811339 -6.534036781 0.356863 0.486275 0.160784
v -1.889926796 -0.021099766 -6.559987011 0.286275 0.423529 0.113725
v -1.844948287 0.057867340 -6.649106698 0.333333 0.490196 0.184314
v -1.900827714 -0.045194560 -6.543489283 0.290196 0.431373 0.133333
v -1.810709568 0.121986471 -6.715891542 0.250980 0.274510 0.219608
v -1.826397104 0.090462837 -6.687935909 0.356863 0.513725 0.203922
v -1.899331785 -0.034631238 -6.545974809 0.466667 0.607843 0.235294
v -1.916118499 -0.074044755 -6.520423826 0.372549 0.462745 0.278431
v -1.904241086 -0.046016879 -6.539835191 0.513725 0.650980 0.286275
v -1.898774890 -0.035951940 -6.550559747 0.290196 0.427451 0.113725
v -1.914708251 -0.076389438 -6.527394316 0.380392 0.415686 0.298039
v -1.905922413 -0.052756391 -6.545827984 0.576471 0.611765 0.482353
v -1.873334052 0.019365343 -6.600730844 0.337255 0.505882 0.168627
v -1.827416377 0.098919862 -6.695247323 0.364706 0.517647 0.215686
v -1.888940123 -0.006571789 -6.573777839 0.313725 0.478431 0.141176
v -1.866550485 0.033952523 -6.618583669 0.341176 0.505882 0.176471
v -1.893771593 -0.015265052 -6.568610111 0.325490 0.494118 0.145098
v -1.880153021 0.012152901 -6.593207022 0.333333 0.505882 0.160784
v -1.823447920 0.110723851 -6.705743621 0.376471 0.501961 0.247059
v -1.917928278 -0.067487896 -6.529054892 0.466667 0.517647 0.349020
v -1.839054380 0.079905725 -6.679763800 0.380392 0.529412 0.231373
v -1.849866796 0.064218811 -6.661424961 0.325490 0.486275 0.188235
v -1.855590875 0.053247255 -6.651431802 0.321569 0.482353 0.164706
v -1.904827662 -0.035985517 -6.558020279 0.490196 0.607843 0.309804
v -1.866318534 0.039170518 -6.629262246 0.349020 0.509804 0.188235
v -1.917244374 -0.061987417 -6.540106542 0.431373 0.525490 0.290196
v -1.861748816 0.044083897 -6.647820900 0.419608 0.564706 0.274510
v -1.879130525 0.024173137 -6.607440209 0.313725 0.470588 0.160784
v -1.903384095 -0.022660873 -6.562794911 0.486275 0.623529 0.274510
v -1.847101720 0.073639400 -6.675984795 0.376471 0.525490 0.223529
v -1.826354436 0.116196289 -6.715831794 0.443137 0.474510 0.388235
v -1.915146594 -0.052460490 -6.550662566 0.439216 0.545098 0.274510
v -1.885998815 0.015766931 -6.600285989 0.321569 0.482353 0.149020
v -1.899764541 -0.013289960 -6.576807999 0.298039 0.435294 0.113725
v -1.915566754 -0.052818633 -6.556237037 0.309804 0.447059 0.129412
v -1.869310803 0.041078509 -6.639270974 0.321569 0.474510 0.164706
v -1.875222168 0.035929416 -6.625992504 0.360784 0.521569 0.196078
v -1.925613243 -0.072072499 -6.540169903 0.219608 0.258824 0.160784
v -1.852574241 0.077355220 -6.673003417 0.243137 0.345098 0.184314
v -1.925746110 -0.062633514 -6.537879859 0.376471 0.380392 0.329412
v -1.836049307 0.109093787 -6.706068321 0.525490 0.647059 0.356863
v -1.895668174 0.001427669 -6.591814005 0.333333 0.498039 0.149020
v -1.871577881 0.039052742 -6.643244947 0.313725 0.478431 0.156863
v -1.846061281 0.089292534 -6.691416311 0.321569 0.486275 0.152941
v -1.840950772 0.102460530 -6.699059483 0.525490 0.635294 0.341176
v -1.910570926 -0.031022107 -6.572227247 0.474510 0.600000 0.301961
v -1.915011744 -0.034014807 -6.561122798 0.482353 0.619608 0.290196
v -1.835272502 0.112184273 -6.715330025 0.509804 0.576471 0.384314
v -1.859613570 0.066717399 -6.669592005 0.301961 0.450980 0.156863
v -1.852874719 0.081014891 -6.683961646 0.321569 0.478431 0.160784
v -1.928262128 -0.060818074 -6.548560205 0.294118 0.439216 0.125490
v -1.873207733 0.046740697 -6.651163126 0.321569 0.478431 0.164706
v -1.902625534 -0.003632136 -6.596255876 0.298039 0.450980 0.121569
v -1.906461980 -0.011611469 -6.591298231 0.298039 0.454902 0.109804
v -1.922130795 -0.044401040 -6.564551338 0.466667 0.549020 0.360784
v -1.912563358 -0.028489843 -6.584474434 0.380392 0.490196 0.266667
v -1.892881895 0.023242670 -6.613465126 0.360784 0.517647 0.188235
v -1.865704654 0.063362289 -6.672671739 0.345098 0.505882 0.152941
v -1.864191534 0.072683291 -6.673414104 0.360784 0.478431 0.235294
v -1.871354286 0.057106710 -6.661640659 0.309804 0.466667 0.141176
v -1.901617364 0.005660552 -6.601527662 0.290196 0.443137 0.121569
v -1.931623562 -0.055598859 -6.548477738 0.349020 0.352941 0.329412
v -1.921392087 -0.040722551 -6.573342523 0.349020 0.447059 0.211765
v -1.899610233 0.014631406 -6.607057898 0.341176 0.505882 0.176471
v -1.858390571 0.086379353 -6.688264836 0.454902 0.584314 0.278431
v -1.854637396 0.095642912 -6.694151152 0.427451 0.549020 0.266667
v -1.863662109 0.074719725 -6.679615375 0.345098 0.494118 0.188235
v -1.931215575 -0.057553278 -6.558070398 0.235294 0.266667 0.184314
v -1.920843318 -0.033552398 -6.575219280 0.470588 0.596078 0.301961
v -1.886044778 0.038958335 -6.636863661 0.317647 0.478431 0.172549
v -1.908610516 -0.009601839 -6.599664882 0.313725 0.482353 0.133333
v -1.852715972 0.103002740 -6.700581513 0.505882 0.631373 0.321569
v -1.931621855 -0.050737211 -6.557296902 0.396078 0.396078 0.333333
v -1.894778456 0.029183231 -6.621027937 0.341176 0.509804 0.164706
v -1.850028596 0.105816068 -6.710260587 0.352941 0.490196 0.192157
v -1.914780338 -0.014126396 -6.588411955 0.498039 0.631373 0.290196
v -1.861731546 0.083894349 -6.692020562 0.325490 0.486275 0.129412
v -1.922542148 -0.037075109 -6.581963106 0.345098 0.376471 0.298039
v -1.847893620 0.109880901 -6.721275552 0.243137 0.282353 0.184314
v -1.858917071 0.093527489 -6.698393701 0.317647 0.478431 0.125490
v -1.907756162 0.001088724 -6.606950837 0.333333 0.501961 0.149020
v -1.933116549 -0.055455603 -6.570466395 0.215686 0.262745 0.129412
v -1.916420414 -0.016599920 -6.597834496 0.250980 0.356863 0.184314
v -1.918793111 -0.021881839 -6.602460335 0.392157 0.419608 0.356863
v -1.887992812 0.049603199 -6.652591227 0.341176 0.501961 0.160784
v -1.866417580 0.090551221 -6.693533602 0.400000 0.521569 0.254902
v -1.896725335 0.037856135 -6.633834748 0.333333 0.494118 0.160784
v -1.881804448 0.065139007 -6.663418763 0.521569 0.639216 0.301961
v -1.877581561 0.064653469 -6.676725511 0.364706 0.533333 0.180392
v -1.923653650 -0.026216446 -6.593024258 0.352941 0.474510 0.192157
v -1.875361544 0.072293594 -6.679991612 0.301961 0.450980 0.137255
v -1.883235395 0.060416579 -6.663687742 0.305882 0.458824 0.137255
v -1.916922315 -0.008309157 -6.604680655 0.352941 0.505882 0.164706
v -1.931860396 -0.044123507 -6.581726740 0.341176 0.407843 0.231373
v -1.924924226 -0.020146970 -6.588740560 0.466667 0.600000 0.274510
v -1.861542104 0.104430445 -6.708040768 0.486275 0.600000 0.321569
v -1.906397401 0.021604796 -6.623374246 0.333333 0.498039 0.156863
v -1.914225407 0.005110211 -6.610567499 0.313725 0.462745 0.137255
v -1.879835849 0.072749581 -6.675316197 0.435294 0.552941 0.262745
v -1.903523474 0.029342349 -6.630478723 0.325490 0.490196 0.156863
v -1.920335409 -0.014568054 -6.606570433 0.286275 0.380392 0.211765
v -1.874549334 0.078745766 -6.688713199 0.294118 0.454902 0.109804
v -1.859599718 0.107558596 -6.719614644 0.250980 0.270588 0.211765
v -1.868921971 0.102524174 -6.698803482 0.501961 0.623529 0.290196
v -1.877852079 0.082081150 -6.685445483 0.513725 0.635294 0.321569
v -1.933162449 -0.022921885 -6.582932060 0.498039 0.631373 0.305882
v -1.893009878 0.056497990 -6.660761571 0.345098 0.509804 0.160784
v -1.913829823 0.016054222 -6.625871907 0.337255 0.509804 0.156863
v -1.916108561 0.015730865 -6.619273532 0.345098 0.513725 0.156863
v -1.931477515 -0.014842991 -6.593289037 0.470588 0.592157 0.278431
v -1.919313525 0.009192636 -6.616886481 0.290196 0.447059 0.121569
v -1.938073853 -0.044611861 -6.594049867 0.333333 0.400000 0.254902
v -1.873649907 0.092665326 -6.706318150 0.352941 0.517647 0.137255
v -1.893643705 0.065849092 -6.665003557 0.501961 0.631373 0.294118
v -1.924118619 0.000093971 -6.613019550 0.317647 0.466667 0.133333
v -1.926978342 -0.010797662 -6.610979193 0.313725 0.466667 0.152941
v -1.878035040 0.087838032 -6.699808151 0.435294 0.560784 0.282353
v -1.872418605 0.100470981 -6.709452062 0.439216 0.533333 0.333333
v -1.884806609 0.079907663 -6.692855425 0.490196 0.611765 0.305882
v -1.916077749 0.026008298 -6.631383031 0.356863 0.529412 0.145098
v -1.905619638 0.044230504 -6.653174641 0.341176 0.509804 0.145098
v -1.937244432 -0.025700810 -6.600038808 0.309804 0.364706 0.188235
v -1.890246183 0.070826736 -6.684101199 0.325490 0.482353 0.141176
v -1.894684906 0.071726360 -6.673010867 0.498039 0.623529 0.305882
v -1.928329623 -0.002104345 -6.616153479 0.247059 0.305882 0.180392
v -1.885101935 0.079578800 -6.698991489 0.372549 0.513725 0.207843
v -1.885431542 0.076846047 -6.701771045 0.337255 0.505882 0.101961
v -1.934073668 -0.013745884 -6.612756003 0.294118 0.407843 0.149020
v -1.914381560 0.038800329 -6.640900862 0.392157 0.564706 0.196078
v -1.903359950 0.061031475 -6.661818304 0.537255 0.658824 0.317647
v -1.893734536 0.075070996 -6.683433872 0.505882 0.623529 0.329412
v -1.929260935 0.009883227 -6.616728800 0.349020 0.509804 0.133333
v -1.926229032 0.019109035 -6.621857649 0.380392 0.552941 0.172549
v -1.882005484 0.094634860 -6.711771240 0.545098 0.639216 0.403922
v -1.919899200 0.026052097 -6.639969781 0.290196 0.333333 0.254902
v -1.927575587 0.025357672 -6.617627232 0.513725 0.650980 0.282353
v -1.927479156 0.016482040 -6.626311272 0.345098 0.521569 0.137255
v -1.901949423 0.064547639 -6.675635200 0.290196 0.439216 0.082353
v -1.906796310 0.058063665 -6.666354341 0.313725 0.470588 0.129412
v -1.943888861 -0.021923156 -6.605418960 0.223529 0.250980 0.176471
v -1.886118347 0.088968825 -6.714156739 0.203922 0.239216 0.141176
v -1.937883638 -0.000627703 -6.613012628 0.466667 0.564706 0.313725
v -1.935311338 0.017215200 -6.611822676 0.501961 0.635294 0.274510
v -1.931697814 0.020814156 -6.620875781 0.517647 0.647059 0.286275
v -1.889627857 0.087676328 -6.708340653 0.474510 0.584314 0.313725
v -1.927548602 0.034716170 -6.626757014 0.501961 0.647059 0.274510
v -1.902430110 0.069596634 -6.681751543 0.505882 0.623529 0.337255
v -1.927237144 0.029363769 -6.631249232 0.403922 0.568627 0.180392
v -1.945163836 -0.009935440 -6.603046356 0.243137 0.349020 0.172549
v -1.921190323 0.042182361 -6.648164618 0.388235 0.568627 0.184314
v -1.894867285 0.082361248 -6.706930098 0.458824 0.533333 0.345098
v -1.915106341 0.060307221 -6.660638627 0.490196 0.627451 0.278431
v -1.935462402 0.013121655 -6.628220242 0.388235 0.556863 0.203922
v -1.900516612 0.075122809 -6.696880890 0.482353 0.600000 0.333333
v -1.900941392 0.068971968 -6.699465389 0.372549 0.537255 0.133333
v -1.890712111 0.093241094 -6.718748897 0.396078 0.427451 0.345098
v -1.935263498 0.018848706 -6.635559908 0.349020 0.521569 0.168627
v -1.931472706 0.045687792 -6.631470475 0.505882 0.647059 0.274510
v -1.936425967 0.024225786 -6.629677138 0.509804 0.650980 0.270588
v -1.909207341 0.063691991 -6.688428035 0.478431 0.588235 0.329412
v -1.947803294 0.003561198 -6.609273645 0.454902 0.596078 0.294118
v -1.895990056 0.085573676 -6.717853434 0.349020 0.392157 0.250980
v -1.916003377 0.062005432 -6.673354897 0.474510 0.592157 0.286275
v -1.920598403 0.056939076 -6.662955946 0.337255 0.494118 0.152941
v -1.941936948 0.016246962 -6.624930384 0.419608 0.541176 0.239216
v -1.902172780 0.081264934 -6.706428151 0.501961 0.619608 0.329412
v -1.950425030 0.008546263 -6.608210740 0.521569 0.654902 0.313725
v -1.906951413 0.065345573 -6.709407400 0.360784 0.454902 0.219608
v -1.915503618 0.057641908 -6.689954082 0.290196 0.427451 0.105882
v -1.947034226 0.023948191 -6.616797778 0.513725 0.643137 0.286275
v -1.902169163 0.078692165 -6.720824608 0.349020 0.407843 0.215686
v -1.907306723 0.076261970 -6.709262603 0.321569 0.396078 0.298039
v -1.927979739 0.060920452 -6.661519754 0.482353 0.603922 0.278431
v -1.944143686 0.016221884 -6.642355315 0.372549 0.537255 0.176471
v -1.916571459 0.057088346 -6.701543109 0.305882 0.388235 0.203922
v -1.905392609 0.085691472 -6.719510017 0.317647 0.341176 0.290196
v -1.936070319 0.045546508 -6.651342690 0.423529 0.564706 0.266667
v -1.940776011 0.037861464 -6.641847448 0.447059 0.576471 0.270588
v -1.945472254 0.022194752 -6.638345122 0.247059 0.278431 0.219608
v -1.926791981 0.066480990 -6.668993192 0.474510 0.600000 0.286275
v -1.953448995 0.018748786 -6.622728575 0.513725 0.615686 0.321569
v -1.930161947 0.060516779 -6.668495775 0.403922 0.458824 0.321569
v -1.955274917 0.008390663 -6.625950402 0.517647 0.568627 0.388235
v -1.957020661 0.016458769 -6.617124422 0.521569 0.662745 0.290196
v -1.926280847 0.063896760 -6.682800614 0.576471 0.643137 0.443137
v -1.943272038 0.037413199 -6.648864240 0.435294 0.596078 0.223529
v -1.926667640 0.061068631 -6.684875322 0.298039 0.364706 0.176471
v -1.942203962 0.051231224 -6.649322094 0.541176 0.666667 0.317647
v -1.934397213 0.067061243 -6.664809178 0.498039 0.635294 0.282353
v -1.939282717 0.052808010 -6.661571257 0.278431 0.407843 0.129412
v -1.946526625 0.048803307 -6.650100160 0.215686 0.247059 0.176471
v -1.933624982 0.079033982 -6.677914300 0.474510 0.600000 0.301961
v -1.939943880 0.066490029 -6.666453348 0.521569 0.564706 0.431373
v -1.944949100 0.058539823 -6.659131000 0.215686 0.239216 0.192157
v -1.949278584 0.061648602 -6.653308991 0.549020 0.666667 0.274510
v -1.928138740 0.086834524 -6.709413296 0.313725 0.337255 0.290196
v -1.965123042 0.032546963 -6.631238858 0.517647 0.607843 0.321569
vn 0.262591852 0.646561694 0.716242623
vn 0.153446394 0.531152123 0.833265640
vn 0.431651457 0.632813557 0.642825031
vn 0.633760957 0.618213945 0.464928561
vn 0.282273201 0.444168932 0.850315118
vn 0.266943293 0.489968311 0.829862839
vn 0.487777612 0.660558862 0.570731978
vn 0.257083135 0.706832285 0.659011671
vn 0.263642710 0.583008197 0.768501115
vn 0.543790154 0.714029148 0.440970117
vn 0.359895100 0.730975468 0.579784773
vn 0.134582029 0.648064472 0.749599972
vn 0.259799473 0.487990521 0.833288357
vn 0.066121554 0.720722227 0.690063339
vn -0.035144782 0.538124661 0.842132231
vn 0.266545181 0.881306254 0.390196045
vn -0.019289747 0.606214184 0.795067462
vn 0.253248203 0.744237119 0.618042440
vn 0.251377052 0.594523618 0.763774342
vn 0.123957667 0.833865139 0.537869340
vn 0.215187275 0.886437300 0.409784516
vn 0.150537156 0.726849822 0.670095442
vn 0.274365707 0.860663891 0.428930212
vn 0.089993639 0.460795252 0.882931980
vn 0.105777135 0.740168298 0.664049763
vn 0.161989139 0.653002760 0.739828977
vn -0.015483206 0.802599390 0.596317441
vn -0.024031806 0.666402561 0.745204736
vn 0.295718876 0.672327157 0.678621057
vn -0.119273660 0.630628187 0.766864971
vn 0.054111492 0.665764581 0.744197198
vn -0.118560706 0.724255084 0.679262786
vn 0.235319450 0.844649878 0.480823605
vn 0.116967256 0.874469798 0.470766644
vn 0.156758219 0.847583988 0.506979531
vn 0.261123124 0.674018635 0.691023584
vn 0.040708427 0.609550690 0.791701193
vn -0.068557709 0.514930666 0.854485957
vn 0.077316515 0.686077912 0.723408084
vn -0.017659722 0.446050327 0.894833638
vn 0.180446695 0.730428718 0.658720637
vn 0.116583688 0.720153384 0.683949814
vn -0.061660324 0.766619639 0.639134050
vn -0.038018601 0.433846000 0.900184556
vn 0.063257791 0.740418030 0.669163353
vn -0.145825864 0.656909378 0.739732983
vn 0.011432309 0.817183783 0.576263800
vn 0.093105821 0.735994892 0.670554118
vn -0.053336153 0.726400204 0.685199240
vn -0.000580030 0.750816835 0.660510214
vn -0.026361439 0.730787658 0.682095648
vn 0.211391201 0.388880828 0.896708125
vn -0.100209230 0.577459004 0.810246388
vn 0.018850374 0.679735474 0.733215077
vn -0.013873815 0.658132798 0.752774028
vn 0.178206811 0.797904870 0.575838650
vn 0.329020661 0.260732104 0.907614552
vn 0.134290150 0.758431322 0.637768050
vn -0.001320556 0.733519615 0.679667000
vn 0.039076215 0.756471266 0.652858540
vn 0.016719839 0.747786917 0.663728238
vn -0.049852993 0.826197129 0.561171081
vn 0.045705003 0.746540060 0.663768779
vn 0.006569410 0.725441370 0.688252614
vn -0.061767606 0.643875012 0.762633419
vn 0.086860207 0.562479078 0.822236335
vn -0.026964227 0.754973560 0.655200622
vn 0.372634904 0.508329097 0.776366381
vn 0.049387203 0.796135543 0.603099578
vn 0.103794257 0.816938818 0.567307430
vn -0.015882511 0.686707629 0.726760193
vn 0.156532031 0.769220851 0.619513523
vn 0.173654429 0.771825147 0.611661738
vn -0.001606464 0.668939870 0.743314785
vn -0.055823715 0.758499885 0.649277781
vn -0.002296233 0.681092774 0.732193527
vn 0.020755153 0.858768903 0.511942570
vn 0.284373678 0.467931172 0.836762828
vn -0.019020806 0.751018209 0.660007468
vn -0.068355779 0.771491376 0.632557147
vn -0.090927278 0.763599418 0.639255941
vn 0.194477027 0.532113311 0.824035260
vn 0.036587196 0.790607105 0.611229729
vn 0.059068069 0.773015134 0.631631670
vn 0.051738107 0.801020687 0.596396703
vn 0.009994031 0.714414144 0.699651735
vn 0.088143512 0.669837729 0.737257172
vn 0.041102415 0.807160872 0.588898903
vn 0.034658921 0.635424237 0.771384987
vn -0.048587112 0.737443631 0.673658803
vn 0.186844148 0.664345743 0.723694686
vn -0.037571927 0.891400180 0.451657027
vn 0.072713115 0.725335194 0.684544855
vn -0.093626063 0.737219272 0.669135192
vn -0.104567057 0.885141234 0.453421136
vn -0.059195075 0.772865599 0.631802746
vn 0.027834063 0.691926721 0.721430993
vn 0.116323537 0.836760924 0.535070080
vn -0.086172295 0.771345867 0.630555223
vn 0.070359483 0.894315377 0.441870511
vn -0.074924539 0.733544179 0.675499260
vn 0.180703509 0.556740289 0.810793742
vn 0.002728917 0.720596642 0.693349142
vn -0.016859321 0.760576439 0.649029463
vn 0.161120602 0.701141360 0.694579689
vn 0.054360467 0.709702342 0.702401257
vn -0.031969861 0.666532879 0.744789802
vn -0.067221301 0.703869617 0.707141329
vn 0.120349747 0.474643633 0.871911326
vn 0.009612665 0.786896155 0.617010566
vn 0.008925632 0.813988923 0.580811817
vn 0.153846567 0.896986084 0.414423936
vn 0.164758713 0.723434635 0.670445297
vn -0.050361228 0.768755537 0.637556798
vn 0.140153242 0.697767371 0.702479726
vn 0.251211978 0.554460703 0.793388852
vn 0.073447349 0.599330170 0.797125357
vn -0.090379283 0.747414807 0.658181352
vn 0.219356318 0.871246084 0.439104847
vn -0.120982511 0.760012698 0.638548300
vn 0.163570690 0.740006437 0.652407160
vn 0.229713057 0.744747897 0.626564029
vn 0.193013802 0.703278898 0.684210833
vn -0.039508405 0.780573886 0.623813670
vn -0.093059604 0.761103184 0.641920442
vn 0.136274238 0.746319789 0.651487609
vn 0.045830193 0.746537633 0.663762876
vn 0.316138490 -0.107371251 0.942617563
vn -0.100752953 0.746133862 0.658128484
vn -0.084800510 0.753543119 0.651906159
vn 0.125984510 0.840196464 0.527444600
vn -0.150769001 0.726896288 0.669992907
vn 0.220656920 0.627813921 0.746431648
vn 0.073603849 0.672646091 0.736294581
vn 0.048325144 0.713902635 0.698575485
vn -0.133651103 0.782571639 0.608045239
vn -0.110361340 0.751258184 0.650716157
vn 0.370504080 0.571105144 0.732506410
vn -0.114680818 0.246195869 0.962411505
vn 0.101680028 0.485026225 0.868568208
vn 0.212894421 0.845939842 0.488939413
vn -0.456037869 0.872002161 -0.177881121
vn 0.263257044 0.688969158 0.675290477
vn -0.067232094 0.804365260 0.590318875
vn -0.026262493 0.803355990 0.594919688
vn 0.240879249 0.407402557 0.880908817
vn -0.037951318 0.738982204 0.672655186
vn 0.330492810 0.557830448 0.761314452
vn -0.113367401 0.738818683 0.664300223
vn -0.000432284 0.759820532 0.650132734
vn -0.074768281 0.772124920 0.631056901
vn 0.011965160 0.737289962 0.675470463
vn 0.092675027 0.654778854 0.750117318
vn 0.035713575 0.371661954 0.927680943
vn 0.054380456 0.727137176 0.684334928
vn 0.098180850 0.744972861 0.659830249
vn -0.094277979 0.771861300 0.628762115
vn 0.124373042 0.780333964 0.612870501
vn -0.107524517 0.772166705 0.626256384
vn 0.039959951 0.697738029 0.715237614
vn 0.153979374 0.329128488 0.931646280
vn 0.036417940 0.491555227 0.870084589
vn 0.182666689 0.607445902 0.773073319
vn -0.129339161 0.737477864 0.662870864
vn -0.067955040 0.773293149 0.630396556
vn 0.025914013 0.821578471 0.569506172
vn 0.166519019 0.777267757 0.606734086
vn -0.165483059 0.749235914 0.641296267
vn -0.096527430 0.741890108 0.663537130
vn 0.297496779 0.398504474 0.867577000
vn 0.145587882 0.719865294 0.678673800
vn -0.197942413 0.768653996 0.608267898
vn -0.044408428 0.785518455 0.617242779
vn 0.025394277 0.818269310 0.574273861
vn -0.151762280 0.776958187 0.610986240
vn -0.038828064 0.341994127 0.938899568
vn -0.114626632 0.752760274 0.648238154
vn 0.588237606 0.330468631 0.738083331
vn 0.112696893 0.680695413 0.723846092
vn 0.061093961 0.769641068 0.635547130
vn -0.097126638 0.747049358 0.657634909
vn 0.176193934 0.724797232 0.666051553
vn -0.047057449 0.471647954 0.880530411
vn -0.030815343 0.789599610 0.612848163
vn -0.131047350 0.769842642 0.624635012
vn 0.577755066 0.508508334 0.638449965
vn -0.258579931 0.715907721 0.648546493
vn -0.010391397 0.789134681 0.614132294
vn -0.098321195 0.767300113 0.633706146
vn 0.147436766 0.761515328 0.631155135
vn 0.181952572 0.729163462 0.659707441
vn 0.512186186 0.605985858 0.608643122
vn -0.158155819 0.684471555 0.711677896
vn 0.033685746 0.766730469 0.641084752
vn 0.049452199 0.847287720 0.528827003
vn -0.099398812 0.836972485 0.538142115
vn -0.055204190 0.740156576 0.670164711
vn -0.171543805 0.752974928 0.635296372
vn -0.084442030 0.632617877 0.769846845
vn -0.181448273 0.747810737 0.638635754
vn 0.015676314 0.642789335 0.765882578
vn 0.036104288 0.819471813 0.571981144
vn -0.159647750 0.741680877 0.651476840
vn -0.129600672 0.740544301 0.659391996
vn -0.079824627 0.478300416 0.874560885
vn -0.111430092 0.798885870 0.591070809
vn 0.341467426 0.865466442 0.366562183
vn -0.157148086 0.492007673 0.856290213
vn -0.174608116 0.453546579 0.873960815
vn -0.100537200 0.756702257 0.645982946
vn -0.063643290 0.777596747 0.625534037
vn 0.301076082 0.695915531 0.651962243
vn -0.030747866 0.776234896 0.629693541
vn 0.158206442 0.757781147 0.633039062
vn 0.198930661 0.805401150 0.558350767
vn 0.089070386 0.456186315 0.885415446
vn 0.011492555 0.845822077 0.533341293
vn 0.073826029 0.903352244 0.422497859
vn -0.080276102 0.607293759 0.790411309
vn -0.182705512 0.754438972 0.630428848
vn -0.016657673 0.813244927 0.581683084
vn -0.065336317 0.759603166 0.647096743
vn -0.064593057 0.802632716 0.592965817
vn -0.102620194 0.744587305 0.659589904
vn -0.073780521 0.776192774 0.626163886
vn 0.211964368 0.845452479 0.490184875
vn 0.295937008 0.678450654 0.672403151
vn 0.091837731 0.726964357 0.680506175
vn -0.128922282 0.512821774 0.848759609
vn -0.151475432 0.724808835 0.672091770
vn -0.136577778 0.729381035 0.670335599
vn -0.101527571 0.713847783 0.692902226
vn -0.002376456 0.843672769 0.536852505
vn 0.025759276 0.872857769 0.487294341
vn -0.031307262 0.849998584 0.525853842
vn 0.248553909 0.625982576 0.739166266
vn 0.187904436 0.597542799 0.779509157
vn 0.240967159 0.949967204 0.198738874
vn -0.149724098 0.733538537 0.662950910
vn -0.138969297 0.699336479 0.701153352
vn -0.107896008 0.707462497 0.698466368
vn 0.505433561 0.634011936 0.585291193
vn -0.061764671 0.809652384 0.583650703
vn 0.159183286 0.729216129 0.665510720
vn -0.135412503 0.731270074 0.668511431
vn 0.013601478 0.845747987 0.533409169
vn -0.045602734 0.780592389 0.623374617
vn -0.086968327 0.779617130 0.620188391
vn -0.135532622 0.764241906 0.630527729
vn 0.407678482 0.560216961 0.721079199
vn 0.203408288 0.748703793 0.630926065
vn -0.021423287 0.777466246 0.628559686
vn -0.172017570 0.737247626 0.653357401
vn 0.148936413 0.776452498 0.612323005
vn -0.088042924 0.736622108 0.670549262
vn -0.120185273 0.778925411 0.615492246
vn 0.164665559 0.743385622 0.648277002
vn -0.102178698 0.727367230 0.678598870
vn 0.146978854 0.832453941 0.534244936
vn -0.112363949 0.793308522 0.598361038
vn -0.189795239 0.861681012 0.470620443
vn -0.075719443 0.817765058 0.570549626
vn -0.041599243 0.769672281 0.637082477
vn 0.197775127 0.775746015 0.599252134
vn 0.307574210 0.704205517 0.639916162
vn -0.197601302 0.772646422 0.603300283
vn -0.055431081 0.860643672 0.506181653
vn -0.091808462 0.708765561 0.699444483
vn -0.094436554 0.877609280 0.469982648
vn -0.048723561 0.758649928 0.649673996
vn 0.085561012 0.816525018 0.570934504
vn -0.234706663 0.968758037 0.080128950
vn 0.119592088 0.780659997 0.613406636
vn 0.301552726 0.689105749 0.658937949
vn -0.139154255 0.788684251 0.598843256
vn 0.143380668 0.788861827 0.597611079
vn -0.069521891 0.767945783 0.636730697
vn 0.007621264 0.754736211 0.655984122
vn 0.076909756 0.756355378 0.649624070
vn 0.154860173 0.795690647 0.585572131
vn -0.073515305 0.732147522 0.677167266
vn 0.118464024 0.756262810 0.643453834
vn 0.016074288 0.838246371 0.545054712
vn 0.275088154 0.863581699 0.422555507
vn 0.063881135 0.787218657 0.613356329
vn -0.088010388 0.727416108 0.680529189
vn -0.003028555 0.709557397 0.704641135
vn -0.012364586 0.734903034 0.678059473
vn -0.081212580 0.724816398 0.684138660
vn 0.137487125 0.790000689 0.597491591
vn -0.052023136 0.805491425 0.590319539
vn -0.038956434 0.821337807 0.569110361
vn -0.067185431 0.920837568 0.384114946
vn -0.052096050 0.780573900 0.622888745
vn -0.101336249 0.766892389 0.633724726
vn -0.089643440 0.716634202 0.691664279
vn -0.037375941 0.833923849 0.550612434
vn 0.280970274 0.703760823 0.652515448
vn 0.053587558 0.859777035 0.507850199
vn 0.149996240 0.853778327 0.498561627
vn 0.006551016 0.795310118 0.606167387
vn -0.123372070 0.725956140 0.676584817
vn -0.263626682 0.857543747 0.441723551
vn -0.128584902 0.746870510 0.652418856
vn -0.228424468 0.647615678 0.726922414
vn -0.085218941 0.799951451 0.593982667
vn 0.131055166 0.805328998 0.578160660
vn -0.102529270 0.794282190 0.598835162
vn -0.084488700 0.813494522 0.575402748
vn -0.217042551 0.959185093 0.181263586
vn 0.143681241 0.802915868 0.578516905
vn 0.036515797 0.784075623 0.619590198
vn -0.141814292 0.694236296 0.705637776
vn 0.096794281 0.790138268 0.605237462
vn 0.123385920 0.818286922 0.561411104
vn 0.042429400 0.766811551 0.640468416
vn -0.017202811 0.844071503 0.535954627
vn 0.126260570 0.897300862 0.422976868
vn -0.065981904 0.730505578 0.679711695
vn 0.025327182 0.757141132 0.652760171
vn 0.126823433 0.832667993 0.539054571
vn -0.263230234 0.844834586 0.465794340
vn -0.350667539 0.675251501 0.648897286
vn 0.019972962 0.852112473 0.522977451
vn 0.175272129 0.731966038 0.658411270
vn -0.164242024 0.957545077 0.236921892
vn 0.078594263 0.818535379 0.569054281
vn 0.077208702 0.808205340 0.583817561
vn 0.066367398 0.802722496 0.592648262
vn -0.093371748 0.705203442 0.702829867
vn -0.092134946 0.724819122 0.682750607
vn 0.059286688 0.733406970 0.677199605
vn -0.125467837 0.604426182 0.786719017
vn -0.040991588 0.809135455 0.586190673
vn -0.074023175 0.944356088 0.320487361
vn -0.015770743 0.700344471 0.713630791
vn -0.080227385 0.743224494 0.664214512
vn 0.001236841 0.918229080 0.396047758
vn -0.237846374 0.514830884 0.823637216
vn -0.120287238 0.732665244 0.669875078
vn 0.012116319 0.739816509 0.672699582
vn -0.125827804 0.704891367 0.698065559
vn -0.127829034 0.712101129 0.690341742
vn -0.152898279 0.920235228 0.360262739
vn 0.077529937 0.849388584 0.522042280
vn 0.060994459 0.754853485 0.653051217
vn 0.009105155 0.807229366 0.590167642
vn -0.033016023 0.768968900 0.638433061
vn 0.055023109 0.733986987 0.676930987
vn -0.218438957 0.928037554 0.301712977
vn 0.022871014 0.860353405 0.509184579
vn -0.376873348 0.705220321 0.600525419
vn -0.110702994 0.679091451 0.725658079
vn -0.005990824 0.827932517 0.560795737
vn -0.270844713 0.613334093 0.741932902
vn -0.473487167 0.781870357 0.405572002
vn 0.073451425 0.812634569 0.578126236
vn 0.013415067 0.897731413 0.440338899
vn -0.107101317 0.707558786 0.698491140
vn 0.107059443 0.777459228 0.619754326
vn 0.063289244 0.818609461 0.570852890
vn -0.094957592 0.846882909 0.523232639
vn -0.051472006 0.712151070 0.700136762
vn -0.028367634 0.798321770 0.601562655
vn -0.076563808 0.718018320 0.691800315
vn -0.250968983 0.953804845 0.165138990
vn -0.114470174 0.705179204 0.699727711
vn -0.479330119 0.877550450 -0.012159153
vn 0.004428761 0.810045310 0.586350562
vn -0.053868120 0.820943319 0.568463097
vn -0.181681556 0.878244738 0.442355053
vn 0.124527800 0.495538139 0.859613157
vn 0.107044304 0.943813940 0.312660780
vn -0.045869119 0.828007038 0.558838410
vn -0.179002929 0.826794218 0.533262856
vn 0.356266975 0.706219545 0.611823338
vn -0.597240076 0.748523502 0.288126464
vn -0.415472732 0.620321831 0.665269295
vn -0.184487917 0.639174013 0.746606181
vn -0.123631234 0.811071197 0.571733183
vn -0.339798482 0.913743986 0.222730600
vn 0.111041003 0.718857299 0.686231797
vn -0.139986676 0.726108014 0.673179681
vn 0.055003384 0.798039029 0.600090274
vn 0.025676458 0.747688148 0.663553429
vn 0.098616909 0.844621115 0.526203266
vn -0.381831271 0.921946234 -0.064961696
vn -0.139376188 0.661071057 0.737264766
vn 0.157527000 0.918036247 0.363860817
vn -0.461712212 0.867524216 0.184996129
vn -0.170061711 0.674348492 0.718563237
vn -0.054441334 0.683203044 0.728196225
vn -0.046555433 0.801640054 0.595991456
vn -0.203883209 0.735041583 0.646641716
vn 0.095798212 0.828820963 0.551251770
vn -0.162759689 0.809767618 0.563724834
vn 0.023072025 0.760266497 0.649201460
vn 0.017569791 0.685049303 0.728284803
vn -0.351371807 0.707239097 0.613474297
vn -0.183445298 0.656932019 0.731292106
vn -0.022973236 0.767485103 0.640655014
vn -0.308443066 0.832636683 0.459977205
vn -0.388281018 0.853720089 0.346986830
vn -0.039121491 0.749675140 0.660648691
vn -0.338933381 0.876923174 0.340778388
vn -0.461923425 0.593629333 0.658962035
vn 0.420955092 0.633432834 0.649276255
vn -0.121502246 0.666592049 0.735453768
vn -0.047087273 0.767377068 0.639464795
vn 0.021037674 0.834040858 0.551301427
vn -0.096073766 0.783885129 0.613428020
vn -0.044945364 0.887746897 0.458132470
vn 0.006208588 0.883455558 0.468473831
vn -0.097051823 0.794001261 0.600119105
vn -0.135323263 0.751783605 0.645375105
vn 0.024776088 0.849744313 0.526612521
vn 0.087723794 0.965643015 0.244618280
vn 0.073739774 0.613466456 0.786270534
vn -0.499824015 0.865072640 -0.042723321
vn -0.237085734 0.752445904 0.614504285
vn -0.016016542 0.785258501 0.618960868
vn 0.011087356 0.706568366 0.707557924
vn 0.157336999 0.813576325 0.559766587
vn 0.391119106 0.658183974 0.643288194
vn -0.145183996 0.736677621 0.660475351
vn 0.066670909 0.715561336 0.695361032
vn 0.056468435 0.642961493 0.763814005
vn -0.330225973 0.780761437 0.530436032
vn 0.117548383 0.574137767 0.810276621
vn -0.092017375 0.695624075 0.712488561
vn -0.408482405 0.465814596 0.784957889
vn -0.364895121 0.889695230 0.274397429
vn 0.048105404 0.749121519 0.660683601
vn 0.165989971 0.764578507 0.622789720
vn -0.068755210 0.608508778 0.790562956
vn -0.101467160 0.785797882 0.610103356
vn -0.022418578 0.716210228 0.697524420
vn -0.121164684 0.784225181 0.608531006
vn 0.186697638 0.798119057 0.572843751
vn 0.233553895 0.951678232 0.199401907
vn -0.136566489 0.842328755 0.521374973
vn 0.037701482 0.837350352 0.545365003
vn 0.006970055 0.774730446 0.632253236
vn -0.125996398 0.793900169 0.594850762
vn 0.088409800 0.651328732 0.753627620
vn 0.341447448 0.497025474 0.797733864
vn 0.380818258 0.636449630 0.670752803
vn -0.154229988 0.828251365 0.538714013
vn -0.090649594 0.638657829 0.764132729
vn 0.105415486 0.768049843 0.631654188
vn -0.158051111 0.785047878 0.598932113
vn -0.369850501 0.928166558 -0.041442097
vn -0.168266426 0.613544149 0.771524457
vn -0.550328737 0.826546650 0.118147861
vn -0.160065732 0.803894514 0.572828571
vn -0.109642849 0.815181383 0.568733469
vn 0.100145630 0.597970646 0.795237046
vn 0.011209852 0.880783891 0.473385759
vn -0.216653606 0.736628519 0.640655633
vn 0.422916913 0.744007115 0.517295561
vn -0.283157097 0.868506697 0.406839251
vn -0.183629714 0.453008177 0.872389660
vn -0.022002015 0.758615499 0.651166980
vn -0.002265130 0.501101498 0.865385554
vn 0.004846699 0.835816805 0.548987047
vn -0.340298255 0.777769282 0.528461959
vn 0.410707135 0.668911116 0.619578541
vn 0.127878714 0.699502048 0.703095953
vn -0.425879038 0.785631210 0.448787976
vn -0.082122131 0.635340718 0.767852934
vn -0.348897742 0.770360339 0.533680910
vn -0.235141440 0.696064175 0.678382759
vn 0.034912848 0.774268999 0.631892879
vn 0.374535154 0.761762866 0.528621561
vn -0.198567154 0.803159931 0.561698505
vn 0.176387844 0.828700069 0.531171840
vn 0.090038355 0.771793729 0.629466071
vn -0.031114335 0.627072771 0.778339025
vn -0.219788097 0.858176852 0.463924222
vn -0.092129331 0.770048898 0.631297776
vn -0.317263967 0.938303352 -0.137587770
vn 0.330591540 0.780532993 0.530544513
vn -0.105739246 0.924358053 0.366580688
vn -0.164558584 0.715217324 0.679253010
vn -0.010535851 0.585756780 0.810418405
vn -0.205227951 0.802897136 0.559676404
vn -0.226584116 0.556049068 0.799668101
vn 0.064439503 0.790842985 0.608617223
vn 0.596125926 0.802860932 -0.006942863
vn 0.245610062 0.789534982 0.562414624
vn -0.037267627 0.671145410 0.740388386
vn -0.130098146 0.640072355 0.757219818
vn 0.365162937 0.561710914 0.742385937
vn -0.197398380 0.822352344 0.533638924
vn -0.124090997 0.703276173 0.700002893
vn -0.296374911 0.818484727 0.492183567
vn 0.045584722 0.802097571 0.595450686
vn -0.090623261 0.643385049 0.760159920
vn -0.078683444 0.465366172 0.881613998
vn -0.156325227 0.516705152 0.841770877
vn 0.216805342 0.799203954 0.560596543
vn 0.263152960 0.797777814 0.542495235
vn -0.255577366 0.340318065 0.904910949
vn -0.069518669 0.529176915 0.845658883
vn 0.315812902 0.918409453 0.238298736
vn 0.181753764 0.796759692 0.576315506
vn 0.148957793 0.835354682 0.529144717
vn 0.092403100 0.835288307 0.541991800
vn -0.035540066 0.740888785 0.670686746
vn -0.172762144 0.580459792 0.795751011
vn 0.059678061 0.838456590 0.541690941
vn 0.251706901 0.809060677 0.531097408
vn -0.144808845 0.802641030 0.578617123
vn -0.145569387 0.735750232 0.661423579
vn 0.277062710 0.483509192 0.830334340
vn 0.358391443 0.791347449 0.495302724
vn 0.239500326 0.730423868 0.639625333
vn -0.225789121 0.476658376 0.849597590
vn 0.169446798 0.872389897 0.458501527
vn 0.348807916 0.663621254 0.661770253
vn -0.141109582 0.665109696 0.733292014
vn -0.123960604 0.592485550 0.795986584
vn 0.493892005 0.706783269 0.506486029
vn 0.032404908 0.742206734 0.669387097
vn -0.302635676 0.661226562 0.686433595
vn 0.362610359 0.726678934 0.583482180
vn 0.531362186 0.776547267 0.338568413
vn 0.153779192 0.603064382 0.782729399
vn 0.263300211 0.508722519 0.819679448
vn 0.293269604 0.753506557 0.588405309
vn 0.291233156 0.617802327 0.730413263
vn 0.288132163 0.571593105 0.768284569
vn -0.299876477 0.675444484 0.673683047
vn 0.183319712 0.704083912 0.686046448
vn -0.216492877 0.699455164 0.681097136
vn 0.188155117 0.793676864 0.578510750
vn 0.278305826 0.742495112 0.609300316
vn 0.004987625 0.986227450 0.165319508
vn 0.258010212 0.595879490 0.760498760
vn 0.469616959 0.270033361 0.840560465
vn 0.317119547 0.589836836 0.742649109
vn 0.286561359 0.683129053 0.671727090
vn -0.035958479 0.772945721 0.633452366
vn -0.071329401 0.820476577 0.567212749
vn 0.141656732 0.896052597 0.420741149
vn 0.028313534 0.339915295 0.940029753
vn -0.119632372 0.811719350 0.571664055
vn 0.008847452 0.653023387 0.757286061
vn 0.734744250 0.364020865 0.572398198
vn -0.224116254 0.907446747 0.355404425
vn -0.261799598 0.588626919 0.764839408
vn 0.379915658 0.725021121 0.574463634
vn -0.242970581 0.675413062 0.696263235
vn 0.566116363 0.619502021 0.543810178
vn 0.194467081 0.375551588 0.906169719
vn 0.206673652 0.593753790 0.777651875
vn -0.169252917 0.922358945 0.347285801
vn -0.135109417 0.688088586 0.712937265
vn -0.061399776 0.800576528 0.596076581
vn -0.020498250 0.792170516 0.609955486
vn 0.326419268 0.390966682 0.860578593
vn -0.483609308 0.774270230 0.408200501
vn -0.158246876 0.951017305 0.265563573
vn 0.121906904 0.743433267 0.657606026
vn 0.278027718 0.709634503 0.647394363
vn -0.429225072 0.505709273 0.748347492
vn 0.205047630 0.806463921 0.554591213
vn -0.033972344 0.754377172 0.655561563
vn 0.268282989 0.652102743 0.709074221
vn 0.014705931 0.474431388 0.880169639
vn 0.399945195 0.568650145 0.718805157
vn 0.433730346 0.606698681 0.666179178
vn -0.147364868 0.801881120 0.579025271
vn 0.152119491 0.675796226 0.721220578
vn 0.354449570 0.394099680 0.847968716
vn -0.157483051 0.706122095 0.690355470
vn -0.641588226 0.461299256 0.612835658
vn -0.208259971 0.296925401 0.931913671
vn -0.147142946 0.741411569 0.654719665
vn 0.158750762 0.841851131 0.515834149
vn 0.285503781 0.752652781 0.593297044
vn 0.064915119 0.724972481 0.685711987
vn 0.159680044 0.646634519 0.745899513
vn -0.037224276 0.844996519 0.533474681
vn 0.061853409 0.829245890 0.555450636
vn 0.262567738 0.389308985 0.882891102
vn -0.111667261 0.973144717 0.201295261
vn 0.096930804 0.515399928 0.851450136
vn -0.122193132 0.772589887 0.623035877
vn -0.109668594 0.794018129 0.597919736
vn 0.140682707 0.814498934 0.562849769
vn 0.140205374 0.673087615 0.726151166
vn 0.127872701 0.826896108 0.547623410
vn 0.308550252 0.677697775 0.667474694
vn 0.145051338 0.394441831 0.907400546
vn -0.028068609 0.817536463 0.575192390
vn 0.334328863 0.618497129 0.711115682
vn -0.364710156 0.531509507 0.764515629
vn 0.194485208 0.709679483 0.677148828
vn 0.295195340 0.738894525 0.605718245
vn -0.108073196 0.794681060 0.597329221
vn 0.108788117 0.797445799 0.593502606
vn 0.237564983 0.872367705 0.427244036
vn 0.247929555 0.710348170 0.658738501
vn 0.437913833 0.507702630 0.741936328
vn 0.417053135 0.547039760 0.725819664
vn 0.452174034 0.810023480 0.373363905
vn -0.337195508 0.751442279 0.567127579
vn 0.090557811 0.993502962 0.068928562
vn 0.118537008 0.977844355 0.172538100
vn 0.134934005 0.541850028 0.829573000
vn 0.086242978 0.675177617 0.732596297
vn -0.366257475 0.695087675 0.618634452
vn 0.598989543 0.557782075 0.574535190
vn 0.169985889 0.982324711 0.078377039
vn 0.046380898 0.757708503 0.650942883
vn -0.267547990 0.771695523 0.576978417
vn 0.233228624 0.735951942 0.635593539
vn 0.105152818 0.704459516 0.701911444
vn 0.293576490 0.434466508 0.851499676
vn -0.200606289 0.807205646 0.555136165
vn -0.370525032 0.781408602 0.502107357
vn 0.246365356 0.613267631 0.750471135
vn 0.274708559 0.522909020 0.806908523
vn -0.013873746 0.747183337 0.664473160
vn -0.067925106 0.815510928 0.574741774
vn -0.201162617 0.786216067 0.584292648
vn 0.030329129 0.739394675 0.672588773
vn -0.157008481 0.908165002 0.388052400
vn -0.366233531 0.757796676 0.540015925
vn 0.138988945 0.680608864 0.719342511
vn -0.376154824 0.809571565 0.450667760
vn -0.122632558 0.771122943 0.624764486
vn -0.000314767 0.742543847 0.669797384
vn -0.527879229 0.703156080 0.476356008
vn -0.176509546 0.774171293 0.607867740
vn -0.197529582 0.775970719 0.599042158
vn -0.048470419 0.906450538 0.419521205
vn 0.613214696 0.763828289 0.201330776
vn -0.038828046 0.904121338 0.425507919
vn 0.071822264 0.931877860 0.355591361
vn -0.019948061 0.816043891 0.577645603
vn 0.075460897 0.723317478 0.686379981
vn 0.109326572 0.697939411 0.707762869
vn -0.487115157 0.791109588 0.369951948
vn 0.096448801 0.614262984 0.783184918
vn -0.269208257 0.960572886 -0.069474067
vn -0.275445421 0.756601704 0.593029241
vn 0.196919578 0.479184870 0.855338845
vn 0.286903298 0.774429053 0.563867129
vn -0.121746960 0.816695019 0.564080600
vn -0.206575093 0.749043777 0.629491978
vn 0.428511355 0.637893778 0.639898075
vn 0.015485882 0.809162133 0.587381333
vn -0.426874835 0.651206661 0.627461362
vn 0.104051553 0.695505878 0.710946445
vn -0.466912291 0.616165153 0.634297577
vn -0.307095074 0.936312200 0.170329329
vn 0.027590472 0.754632995 0.655566784
vn 0.440409773 0.893372972 0.089016652
vn -0.043424275 0.702488030 0.710369552
vn 0.143990622 0.971837532 0.186543595
vn -0.093807052 0.752385523 0.652009403
vn -0.050294776 0.782811671 0.620222801
vn 0.596342756 0.480963464 0.642689243
vn -0.063086667 0.777893452 0.625221440
vn -0.011014907 0.781292109 0.624068355
vn 0.678443254 0.729974918 0.082773004
vn -0.404693622 0.800285791 0.442454207
vn 0.002656560 0.756963651 0.653451585
vn -0.340743698 0.721605663 0.602643343
vn -0.121214914 0.790689859 0.600097068
vn 0.010228260 0.782827388 0.622154855
vn -0.246977525 0.763440549 0.596791949
vn 0.041035375 0.923425541 0.381577473
vn 0.018676632 0.982617408 -0.184700332
vn 0.446113137 0.868137408 0.217532778
vn -0.062481569 0.658076358 0.750354290
vn -0.091667578 0.851342308 0.516539766
vn -0.224778332 0.823515227 0.520862144
vn 0.493702738 0.567016418 0.659355737
vn 0.278362697 0.747260068 0.603420748
vn -0.006961537 0.752153607 0.658951051
vn 0.277024102 0.646760030 0.710604750
vn -0.294375645 0.734191040 0.611805930
vn 0.089849499 0.686779983 0.721290734
vn -0.208376723 0.732236584 0.648389332
vn 0.452081234 0.647927926 0.613035040
vn 0.222095809 0.655304333 0.721976234
vn -0.031286262 0.786956548 0.616214703
vn -0.165692501 0.866998210 0.469957549
vn 0.023437173 0.783575696 0.620854112
vn -0.053642137 0.791853168 0.608351117
vn -0.526663600 0.627411293 0.573568236
vn 0.183952358 0.438420554 0.879743683
vn -0.044761154 0.985191590 0.165511238
vn 0.011901985 0.780601336 0.624915912
vn -0.316189041 0.672522284 0.669132474
vn -0.419599849 0.745088206 0.518439516
vn -0.522785525 0.761365556 0.383428984
vn -0.248801057 0.800874164 0.544700475
vn -0.001051009 0.716294481 0.697797329
vn -0.044425490 0.754400921 0.654908869
vn -0.171346594 0.783379711 0.597458428
vn -0.385094380 0.550019772 0.741067182
vn -0.023194468 0.784464393 0.619739972
vn -0.026752432 0.854239048 0.519191638
vn -0.006500678 0.755793570 0.654777688
vn -0.126383544 0.647811211 0.751244191
vn -0.510901246 0.527767934 0.678557975
vn -0.396400798 0.392958181 0.829729037
vn -0.041162961 0.803710667 0.593594789
vn -0.064672817 0.780712645 0.621534547
vn 0.007733141 0.812767389 0.582537011
vn 0.021991030 0.654463259 0.755773933
vn -0.026258859 0.633270625 0.773484833
vn 0.143912966 0.646645237 0.749092114
vn -0.236651817 0.809176915 0.537799812
vn -0.613087688 0.703187009 0.360071545
vn -0.614758211 0.532206579 0.582089768
vn -0.045749360 0.787990823 0.613984901
vn -0.368251185 0.686357171 0.627140254
vn 0.007817471 0.747354996 0.664378956
vn -0.382433617 0.685459255 0.619588685
vn -0.843407734 0.166604551 0.510789897
vn -0.036781896 0.569715021 0.821018810
vn -0.112500444 0.795025799 0.596051701
vn 0.074115625 0.930249855 0.359363439
vn 0.011134513 0.665715862 0.746122251
vn -0.131170098 0.751973916 0.646010553
vn -0.019289381 0.801856429 0.597205314
vn -0.020103268 0.867676175 0.496723176
vn -0.030111941 0.769940997 0.637404214
vn 0.252170351 0.859859732 0.443904668
vn -0.458721138 0.748860535 0.478312467
vn -0.039890825 0.804899711 0.592068558
vn -0.148078527 0.505813547 0.849838459
vn -0.272820346 0.625976661 0.730562987
vn -0.125919445 0.713721566 0.689018011
vn -0.038355782 0.718260037 0.694716743
vn -0.522706401 0.720604680 0.455529267
vn -0.014498064 0.678506366 0.734451440
vn -0.018690299 0.782806001 0.621985078
vn 0.014218542 0.616798986 0.786992277
vn -0.378099102 0.612680952 0.694019539
vn -0.069677498 0.824141265 0.562082042
vn -0.502784986 0.777156569 0.378463903
vn 0.368472726 0.655803388 0.658900422
vn -0.044481430 0.786814101 0.615585066
vn -0.807462783 0.161042427 0.567511401
vn -0.084473290 0.853291855 0.514545696
vn -0.509194889 0.479761904 0.714527172
vn -0.089431243 0.657423048 0.748195823
vn -0.542658487 0.446125803 0.711683591
vn -0.351505833 0.610535908 0.709710895
vn -0.116730506 0.793655635 0.597063416
vn -0.139291944 0.576969283 0.804800721
vn -0.452135017 0.740341718 0.497461623
vn -0.027352673 0.763318973 0.645442466
vn -0.093654605 0.697875770 0.710069169
vn -0.048439009 0.811603312 0.582197326
vn 0.053881493 0.800735430 0.596589939
vn 0.036259050 0.742371674 0.669006412
vn -0.048356015 0.809269574 0.585443809
vn -0.075895184 0.686604559 0.723058850
vn -0.058634573 0.789887996 0.610441595
vn -0.532902294 0.452244444 0.715185366
vn -0.050188678 0.720949811 0.691167466
vn -0.073928917 0.833787365 0.547113466
vn -0.181575418 0.725347241 0.664004327
vn -0.425010879 0.859319912 0.284490847
vn -0.042087773 0.778900650 0.625733487
vn -0.066433543 0.711121647 0.699923273
vn -0.020847012 0.774507011 0.632221711
vn -0.177637571 0.545413886 0.819126722
vn -0.351164189 0.368389749 0.860797714
vn -0.075677468 0.813824636 0.576161768
vn -0.570372439 0.550189234 0.609891045
vn -0.125239112 0.647426535 0.751767282
vn -0.463853745 0.705899239 0.535299885
vn -0.039440062 0.716556764 0.696412870
vn -0.162819579 0.792252350 0.588069722
vn -0.524290657 0.743828934 0.414533260
vn -0.069493923 0.803250962 0.591572892
vn -0.043884482 0.800680071 0.597482699
vn -0.011507421 0.789574360 0.613546990
vn -0.030099423 0.776958585 0.628831759
vn -0.658232422 0.484370789 0.576294211
vn -0.141516613 0.771649600 0.620104784
vn -0.442412066 0.385957721 0.809511088
vn -0.080328397 0.778599575 0.622358459
vn -0.120992428 0.769171429 0.627483980
vn -0.520023368 0.722473698 0.455639608
vn -0.121434218 0.709290762 0.694377668
vn -0.000948488 0.751830209 0.659356078
vn -0.159361602 0.551464152 0.818835251
vn -0.114772024 0.800972413 0.587597291
vn -0.093267111 0.807374761 0.582621010
vn -0.650419661 0.491125226 0.579439624
vn -0.154387429 0.583726595 0.797137243
vn -0.713767522 0.433238951 0.550308946
vn -0.022518566 0.809683439 0.586434687
vn -0.173561144 0.669999980 0.721787058
vn -0.581259398 0.272858574 0.766606621
vn -0.250511086 0.764846202 0.593510305
vn -0.096623499 0.742772479 0.662535239
vn -0.076838987 0.733483049 0.675350566
vn -0.562877490 0.330828724 0.757443916
vn -0.342563949 0.454841020 0.822052059
vn -0.047311289 0.777807820 0.626718946
vn -0.550436864 0.642070734 0.533633236
vn -0.620585971 0.294749151 0.726633326
vn -0.419716225 0.653495597 0.629906180
vn -0.242104060 0.613365793 0.751776581
vn -0.457246851 0.412765823 0.787749765
vn -0.265473781 0.755768615 0.598612957
vn -0.018177797 0.779530860 0.626099996
vn -0.065244635 0.748915665 0.659445573
vn -0.246716187 0.753462212 0.609447142
vn -0.336238830 0.820779532 0.461805596
vn -0.274262765 0.583513541 0.764389877
vn -0.097573941 0.810330283 0.577792487
vn -0.214190351 0.614139657 0.759575523
vn -0.093042389 0.709418511 0.698618987
vn -0.005948344 0.772372477 0.635142011
vn -0.404501261 0.599192772 0.690902852
vn -0.548154504 0.498901725 0.671285117
vn 0.000565171 0.794264263 0.607572186
vn -0.041772105 0.804912729 0.591921101
vn -0.067687406 0.785423789 0.615246200
vn -0.087640508 0.751516260 0.653867305
vn -0.219354660 0.775239463 0.592357416
vn -0.431229933 0.539699365 0.723025131
vn -0.083726668 0.752768326 0.652939272
vn -0.117317294 0.730155994 0.673133625
vn -0.217412595 0.449091737 0.866630472
vn -0.027775634 0.764454020 0.644079626
vn -0.162466180 0.756142939 0.633918446
vn 0.030878045 0.528917647 0.848111236
vn -0.413546632 0.434385623 0.800180176
vn -0.542102238 0.498829057 0.676235710
vn -0.393370677 0.356440256 0.847472628
vn -0.108180112 0.736777111 0.667425315
vn -0.058665291 0.798238526 0.599477806
vn -0.126526538 0.730765608 0.670800016
vn -0.113115733 0.751688715 0.649745263
vn -0.030599257 0.750179222 0.660526169
vn -0.721113931 0.388876199 0.573384688
vn -0.334630514 0.739019202 0.584699101
vn -0.417475307 0.709693586 0.567493948
vn -0.280712750 0.672183661 0.685105450
vn -0.053950012 0.814356476 0.577851994
vn -0.547787449 0.525782866 0.650754400
vn 0.567860441 0.592543801 0.571337346
vn -0.155630580 0.752662370 0.639748762
vn 0.003539779 0.627037867 0.778980733
vn -0.206762977 0.675802192 0.707488848
vn -0.209875356 0.666444133 0.715405167
vn -0.081893722 0.802443387 0.591082083
vn -0.122638213 0.792424993 0.597513598
vn -0.150728824 0.802209157 0.577703462
vn -0.270505375 0.684213120 0.677258628
vn -0.429985040 0.605769454 0.669444721
vn -0.197387679 0.720801868 0.664441699
vn -0.489678966 0.417020951 0.765707540
vn -0.033524846 0.822528382 0.567735102
vn 0.271788590 0.685602083 0.675337505
vn -0.346817471 0.774438432 0.529115069
vn -0.273885645 0.754419156 0.596521911
vn -0.085509447 0.906592149 0.413253930
vn -0.227501985 0.745197062 0.626836650
vn -0.337343310 0.727201162 0.597810975
vn -0.173907885 0.810094624 0.559913161
vn -0.141741753 0.722647506 0.676527795
vn -0.425734549 0.789013741 0.442953057
vn -0.231696914 0.747522195 0.622516753
vn -0.198603924 0.854463475 0.480050675
vn -0.370242499 0.632176426 0.680641945
vn -0.247750062 0.753686729 0.608749720
vn -0.445274922 0.486384389 0.751771554
vn -0.150541993 0.790111352 0.594189499
vn -0.107827694 0.787879106 0.606316504
vn -0.143945931 0.881158762 0.450376293
vn -0.224424450 0.805979034 0.547751279
vn -0.191040695 0.596489620 0.779553453
vn -0.306340802 0.614448441 0.727054624
vn -0.376373785 0.766475946 0.520439619
vn -0.474200391 0.436068532 0.764838692
vn -0.190313229 0.728861197 0.657679429
vn -0.218051904 0.705687117 0.674135787
vn -0.551104603 0.528041909 0.646107931
vn -0.233106217 0.898772458 0.371307905
vn -0.802096148 0.404534679 0.439310213
vn -0.274789313 0.934323043 0.227005033
vn 0.011425198 0.925553251 0.378445035
vn -0.597186870 0.661799123 0.453199473
vn -0.157803447 0.758615386 0.632139833
vn -0.138465201 0.663130673 0.735584868
vn -0.365885118 0.710099227 0.601570585
vn -0.132414831 0.839014645 0.527750640
vn -0.384734311 0.730528125 0.564188061
vn -0.300158061 0.732882925 0.610563475
vn -0.170140659 0.763308125 0.623227777
vn -0.174809173 0.766735806 0.617703778
vn -0.196825053 0.727334302 0.657453201
vn -0.208141317 0.779108460 0.591326644
vn -0.359828961 0.677226961 0.641784046
vn -0.448124839 0.517872491 0.728692124
vn -0.210290445 0.915357085 0.343364726
vn -0.315327450 0.711761043 0.627666166
vn -0.333119353 0.819025218 0.467150071
vn -0.198848479 0.800372255 0.565564794
vn -0.507068132 0.632160220 0.585879993
vn 0.040088132 0.802930560 0.594723009
vn -0.314920911 0.804833145 0.503059070
vn -0.340389477 0.839553758 0.423419994
vn -0.352980347 0.691581094 0.630174948
vn -0.660429513 0.605504555 0.444068792
vn -0.525624740 0.474207545 0.706290193
vn -0.296903088 0.941611904 0.158794137
vn -0.175691582 0.900451413 0.397894108
vn -0.779851342 0.256856548 0.570838504
vn -0.082142433 0.787056420 0.611387612
vn -0.225812641 0.547537590 0.805736457
vn -0.175950811 0.822634684 0.540660235
vn -0.501588880 0.678225323 0.537046559
vn -0.024980757 0.918909995 0.393675479
vn -0.080833600 0.623919239 0.777297055
vn -0.075658020 0.695862425 0.714178794
vn -0.717664307 0.672940801 0.179188786
vn -0.639364967 0.544751632 0.542639933
vn -0.278250603 0.894902638 0.348892348
vn -0.394497189 0.645391489 0.654096166
vn -0.070093464 0.763868269 0.641554498
vn -0.080991343 0.918924786 0.386028031
vn 0.001929641 0.726705008 0.686946947
vn -0.728495369 0.471322058 0.497141846
vn -0.585086916 0.756294458 0.292731950
vn -0.641248786 0.666693345 0.379894693
vn -0.659181641 0.501720219 0.560139613
vn -0.393853682 0.712204581 0.581071348
vn -0.054832152 0.810958703 0.582528469
vn -0.370713358 0.525162129 0.766013279
vn -0.106828707 0.736278639 0.668192632
vn -0.582998888 0.538049620 0.608781490
vn -0.149017543 0.769959373 0.620448495
vn -0.711423572 0.590507921 0.381020862
vn -0.443451115 0.623417277 0.643973607
vn -0.229899840 0.639810860 0.733340389
vn -0.239913305 0.596404260 0.765991883
vn -0.288777483 0.820071089 0.494055639
vn -0.440376708 0.707127080 0.553208503
vn -0.599595037 0.729653922 0.328771875
vn 0.048827049 0.871756175 0.487500862
vn -0.567868081 0.587383543 0.576633694
vn -0.251648591 0.803491020 0.539513824
vn -0.539040106 0.641369581 0.545967787
vn -0.272927304 0.800392303 0.533744178
vn -0.187469770 0.928881060 0.319429276
vn -0.689090672 0.534114128 0.489771523
vn -0.305551284 0.653564749 0.692453271
vn -0.074825805 0.698680000 0.711510616
vn -0.253097650 0.911987413 0.322832058
vn -0.027294542 0.624799674 0.780307872
vn -0.540258899 0.424763147 0.726427279
vn -0.778726102 0.575293409 0.250246183
vn -0.689257776 0.627548366 0.362086682
vn 0.073660427 0.895949254 0.438005794
vn -0.057989291 0.795483074 0.603194763
vn -0.299874258 0.525075350 0.796474297
vn -0.180039879 0.834199399 0.521245628
vn 0.237560708 0.859273006 0.453006415
vn 0.137339106 0.754093535 0.642246768
vn -0.085024911 0.590446198 0.802585853
vn 0.109279065 0.715234301 0.690288332
vn -0.009063268 0.531931539 0.846738859
vn -0.461743061 0.411846723 0.785605259
vn -0.711174203 0.328590184 0.621497984
vn 0.690643635 0.487533131 0.534156171
vn -0.131633591 0.918483098 0.372909368
vn -0.442063280 0.713796745 0.543207385
vn -0.419615110 0.440799596 0.793485271
vn -0.022768813 0.738069762 0.674340127
vn -0.357052638 0.634835575 0.685198662
vn -0.011796139 0.697976369 0.716023631
vn -0.020217910 0.724372599 0.689112163
vn -0.295986279 0.936208572 0.189487816
vn -0.341180228 0.673840226 0.655389504
vn -0.185851505 0.833520750 0.520290666
vn -0.618343666 0.304963668 0.724326081
vn -0.024801757 0.563022982 0.826069001
vn -0.046427445 0.761661187 0.646310087
vn -0.354677786 0.726190008 0.588941203
vn -0.239318575 0.877262111 0.416098316
vn -0.168074388 0.467624578 0.867800815
vn -0.884351141 0.171010765 0.434371243
vn -0.672992649 0.499679668 0.545344958
vn -0.218249778 0.664841696 0.714389637
vn -0.436820007 0.362070540 0.823464150
vn -0.361505373 0.698728509 0.617326766
vn -0.462585476 0.742189168 0.484943210
vn -0.503017086 0.831202555 0.236803976
vn -0.416528618 0.886274645 0.202536823
vn -0.086780862 0.645746950 0.758603954
vn -0.047300668 0.743166144 0.667432940
vn -0.883803809 0.184853215 0.429790781
vn -0.224848225 0.889541298 0.397692789
vn -0.053365890 0.897763431 0.437233237
vn 0.097067226 0.104044074 0.989824623
vn -0.809947061 0.569817456 -0.138902214
vn -0.355513707 0.776189212 0.520711351
vn 0.055835559 0.646806657 0.760607349
vn -0.022084106 0.731719832 0.681247664
vn -0.110435562 0.701500745 0.704060147
vn -0.382643245 0.877956587 0.287708842
vn 0.294090603 0.343673179 0.891851705
vn 0.110431086 0.645707373 0.755557386
vn -0.541597770 0.536317445 0.647329479
vn 0.458850488 0.450569634 0.765795818
vn 0.162537856 0.829230593 -0.534750474
vn -0.026072147 0.696937539 0.716657736
vn -0.461808184 0.826477105 0.321976391
vn -0.098184266 0.976848075 0.190072852
vn -0.421577112 0.461947038 0.780306140
vn -0.536914969 0.695869059 0.476957617
vn 0.421979149 0.084928072 0.902618868
vn 0.359428075 0.497016577 0.789801229
vn -0.175463218 0.827828312 0.532834820
vn -0.460134466 0.696021347 0.551208270
vn -0.195912602 0.623651610 0.756754201
vn -0.635341425 0.761959915 0.125532311
vn 0.066560449 0.413848179 0.907909352
vn 0.647778850 0.211334369 0.731929194
vn 0.107280445 0.859684512 0.499433124
vn -0.296308124 0.835262613 0.463182321
vn -0.025926745 0.734442171 0.678175863
vn -0.492827104 0.799023266 0.344504378
vn -0.546175733 0.749023580 0.375040991
vn -0.702745613 0.708949227 0.059494508
vn -0.475653568 0.749852752 0.459863603
vn -0.633019013 0.233993533 0.737925440
vn -0.171969982 0.526356083 0.832691780
vn -0.162708120 0.978034824 0.130284118
vn -0.572107027 0.820053873 -0.014324646
vn 0.554272416 0.366592488 0.747256339
vn -0.550144229 0.556897653 0.622259054
vn 0.045363342 0.995484763 0.083380179
vn 0.049947614 0.707311949 0.705134769
vn 0.345192562 0.938102953 -0.028371554
vn -0.675989972 0.673459823 0.299147830
vn 0.068866398 0.291519168 0.954082803
vn -0.228854968 0.387933445 0.892823076
vn -0.044491379 0.984300289 -0.170802393
vn -0.079101206 0.972016928 0.221192427
vn -0.322149664 0.876181003 0.358505848
vn 0.149478754 0.504153743 0.850579277
vn -0.014376949 0.622397391 0.782569353
vn -0.416913438 0.686525926 0.595705748
vn 0.596615690 0.687932932 0.413277145
vn 0.336029198 0.491340780 0.803535075
vn -0.052361114 0.832466798 0.551595272
vn -0.753985450 0.411921250 0.511690165
vn 0.534654702 0.506959109 0.676118933
vn 0.204054576 0.948419383 0.242615755
vn 0.055853156 0.750082092 0.658982003
vn 0.379167241 0.712506844 0.590394952
vn 0.089046182 0.900864091 0.424870177
vn 0.412540898 0.910900031 -0.008434535
vn 0.589536058 0.805595548 0.058847684
vn 0.285838862 0.413601505 0.864424629
vn 0.595078653 0.706265232 0.383498133
vn 0.505677636 0.473814489 0.720964603
vn 0.005685223 0.912068933 0.409997488
vn 0.234445723 0.639862454 0.731854660
vn 0.384303498 0.230241301 0.894035662
vn 0.875156424 0.322404049 0.360772592
vn 0.683827853 0.375039305 0.625879371
vn 0.740614365 0.257279064 0.620723647
vn 0.686505456 0.467278255 0.557100791
vn 0.653108299 0.446435310 0.611673986
vn 0.571060061 0.474864468 0.669622389
f 1076//1076 1059//1059 1080//1080
f 179//179 162//162 208//208
f 1031//1031 1022//1022 1008//1008
f 656//656 641//641 677//677
f 277//277 241//241 239//239
f 857//857 851//851 889//889
f 1059//1059 1052//1052 1080//1080
f 1052//1052 1056//1056 1080//1080
f 26//26 8//8 12//12
f 240//240 199//199 208//208
f 199//199 179//179 208//208
f 288//288 336//336 319//319
f 382//382 341//341 329//329
f 336//336 341//341 363//363
f 341//341 336//336 288//288
f 964//964 961//961 950//950
f 874//874 857//857 889//889
f 929//929 956//956 950//950
f 956//956 964//964 950//950
f 964//964 956//956 980//980
f 874//874 903//903 898//898
f 915//915 903//903 889//889
f 903//903 874//874 889//889
f 925//925 929//929 898//898
f 903//903 925//925 898//898
f 101//101 139//139 121//121
f 143//143 179//179 167//167
f 143//143 162//162 179//179
f 143//143 139//139 162//162
f 139//139 143//143 121//121
f 78//78 66//66 91//91
f 108//108 79//79 104//104
f 148//148 133//133 182//182
f 342//342 296//296 319//319
f 203//203 206//206 185//185
f 248//248 275//275 235//235
f 275//275 248//248 294//294
f 206//206 248//248 235//235
f 213//213 199//199 240//240
f 179//179 213//213 167//167
f 199//199 213//213 179//179
f 111//111 136//136 104//104
f 36//36 48//48 56//56
f 16//16 21//21 12//12
f 42//42 26//26 12//12
f 390//390 454//454 452//452
f 668//668 676//676 696//696
f 655//655 698//698 657//657
f 986//986 989//989 975//975
f 989//989 986//986 1001//1001
f 766//766 751//751 732//732
f 683//683 670//670 643//643
f 697//697 670//670 708//708
f 670//670 683//683 708//708
f 723//723 697//697 708//708
f 733//733 723//723 759//759
f 723//723 733//733 697//697
f 1079//1079 1078//1078 1077//1077
f 1078//1078 1074//1074 1077//1077
f 1074//1074 1078//1078 1079//1079
f 1063//1063 1070//1070 1081//1081
f 1074//1074 1073//1073 1077//1077
f 1057//1057 1073//1073 1074//1074
f 1073//1073 1057//1057 1066//1066
f 978//978 996//996 966//966
f 275//275 330//330 304//304
f 330//330 275//275 294//294
f 951//951 986//986 975//975
f 986//986 951//951 961//961
f 983//983 973//973 975//975
f 983//983 989//989 1007//1007
f 989//989 983//983 975//975
f 1008//1008 983//983 1007//1007
f 973//973 983//983 1008//1008
f 1005//1005 1014//1014 1036//1036
f 869//869 911//911 883//883
f 178//178 170//170 186//186
f 207//207 178//178 186//186
f 207//207 192//192 178//178
f 192//192 207//207 226//226
f 417//417 407//407 395//395
f 354//354 385//385 397//397
f 619//619 604//604 575//575
f 604//604 619//619 643//643
f 611//611 604//604 643//643
f 404//404 442//442 386//386
f 404//404 343//343 367//367
f 584//584 557//557 583//583
f 550//550 557//557 563//563
f 557//557 584//584 563//563
f 275//275 249//249 235//235
f 195//195 234//234 217//217
f 234//234 243//243 217//217
f 306//306 277//277 304//304
f 200//200 241//241 233//233
f 200//200 172//172 187//187
f 273//273 241//241 277//277
f 264//264 273//273 299//299
f 193//193 200//200 187//187
f 200//200 193//193 241//241
f 220//220 193//193 198//198
f 241//241 220//220 239//239
f 193//193 220//220 241//241
f 929//929 928//928 898//898
f 928//928 890//890 898//898
f 928//928 929//929 950//950
f 821//821 851//851 857//857
f 823//823 821//821 857//857
f 821//821 814//814 851//851
f 1039//1039 1052//1052 1059//1059
f 41//41 34//34 26//26
f 41//41 42//42 63//63
f 42//42 41//41 26//26
f 285//285 263//263 329//329
f 263//263 240//240 208//208
f 285//285 312//312 288//288
f 312//312 341//341 288//288
f 312//312 285//285 329//329
f 341//341 312//312 329//329
f 1056//1056 1060//1060 1080//1080
f 864//864 890//890 871//871
f 890//890 864//864 898//898
f 864//864 874//874 898//898
f 932//932 915//915 963//963
f 932//932 903//903 915//915
f 932//932 925//925 903//903
f 959//959 956//956 929//929
f 925//925 959//959 929//929
f 956//956 959//959 980//980
f 959//959 932//932 963//963
f 932//932 959//959 925//925
f 987//987 959//959 963//963
f 959//959 987//987 980//980
f 61//61 39//39 50//50
f 39//39 61//61 48//48
f 62//62 61//61 50//50
f 61//61 62//62 77//77
f 84//84 127//127 110//110
f 127//127 84//84 98//98
f 112//112 101//101 121//121
f 77//77 100//100 98//98
f 100//100 119//119 98//98
f 100//100 112//112 119//119
f 119//119 131//131 98//98
f 131//131 127//127 98//98
f 127//127 131//131 150//150
f 66//66 40//40 53//53
f 40//40 66//66 44//44
f 78//78 68//68 57//57
f 68//68 78//78 82//82
f 87//87 66//66 89//89
f 66//66 87//87 91//91
f 52//52 78//78 57//57
f 52//52 66//66 78//78
f 66//66 52//52 44//44
f 195//195 166//166 159//159
f 3//3 5//5 2//2
f 5//5 17//17 2//2
f 15//15 17//17 30//30
f 17//17 15//15 2//2
f 17//17 32//32 30//30
f 42//42 69//69 63//63
f 69//69 42//42 70//70
f 328//328 295//295 308//308
f 133//133 171//171 182//182
f 228//228 201//201 182//182
f 88//88 68//68 82//82
f 163//163 148//148 182//182
f 163//163 201//201 183//183
f 201//201 163//163 182//182
f 161//161 163//163 183//183
f 10//10 23//23 20//20
f 23//23 34//34 20//20
f 34//34 23//23 26//26
f 23//23 8//8 26//26
f 340//340 313//313 342//342
f 313//313 296//296 342//342
f 136//136 175//175 185//185
f 175//175 203//203 185//185
f 175//175 177//177 203//203
f 203//203 230//230 206//206
f 230//230 248//248 206//206
f 33//33 36//36 56//56
f 16//16 33//33 21//21
f 36//36 33//33 18//18
f 33//33 16//16 18//18
f 29//29 39//39 48//48
f 36//36 29//29 48//48
f 29//29 36//36 18//18
f 48//48 58//58 56//56
f 61//61 58//58 48//48
f 85//85 84//84 110//110
f 111//111 85//85 110//110
f 356//356 368//368 310//310
f 419//419 454//454 390//390
f 368//368 419//419 390//390
f 696//696 658//658 669//669
f 676//676 658//658 696//696
f 636//636 589//589 590//590
f 589//589 534//534 590//590
f 474//474 516//516 476//476
f 534//534 531//531 446//446
f 531//531 474//474 446//446
f 531//531 589//589 559//559
f 589//589 531//531 534//534
f 516//516 531//531 559//559
f 531//531 516//516 474//474
f 474//474 439//439 446//446
f 637//637 589//589 636//636
f 655//655 699//699 698//698
f 699//699 735//735 698//698
f 655//655 617//617 648//648
f 986//986 970//970 1001//1001
f 970//970 986//986 961//961
f 964//964 970//970 961//961
f 970//970 997//997 1001//1001
f 683//683 706//706 708//708
f 718//718 701//701 709//709
f 689//689 713//713 732//732
f 713//713 766//766 732//732
f 713//713 733//733 766//766
f 688//688 665//665 653//653
f 689//689 688//688 653//653
f 638//638 642//642 581//581
f 751//751 787//787 802//802
f 766//766 787//787 751//751
f 768//768 733//733 759//759
f 733//733 768//768 766//766
f 768//768 787//787 766//766
f 904//904 895//895 885//885
f 892//892 904//904 922//922
f 895//895 904//904 892//892
f 839//839 867//867 854//854
f 833//833 839//839 854//854
f 820//820 839//839 833//833
f 904//904 910//910 922//922
f 910//910 904//904 885//885
f 940//940 962//962 953//953
f 962//962 978//978 953//953
f 1044//1044 1022//1022 1031//1031
f 1044//1044 1047//1047 1022//1022
f 1044//1044 1039//1039 1059//1059
f 1039//1039 1044//1044 1031//1031
f 1076//1076 1069//1069 1059//1059
f 1072//1072 1074//1074 1079//1079
f 1057//1057 1064//1064 1066//1066
f 1069//1069 1064//1064 1047//1047
f 1064//1064 1073//1073 1066//1066
f 1026//1026 1051//1051 1045//1045
f 938//938 926//926 937//937
f 425//425 420//420 364//364
f 420//420 425//425 459//459
f 526//526 599//599 569//569
f 678//678 663//663 661//661
f 455//455 420//420 459//459
f 420//420 455//455 408//408
f 599//599 616//616 569//569
f 616//616 659//659 619//619
f 659//659 683//683 643//643
f 619//619 659//659 643//643
f 760//760 765//765 794//794
f 773//773 807//807 781//781
f 773//773 806//806 807//807
f 773//773 760//760 794//794
f 806//806 773//773 794//794
f 951//951 923//923 934//934
f 949//949 951//951 934//934
f 951//951 949//949 961//961
f 928//928 949//949 934//934
f 961//961 949//949 950//950
f 949//949 928//928 950//950
f 890//890 879//879 871//871
f 871//871 879//879 855//855
f 984//984 1013//1013 1004//1004
f 1013//1013 1019//1019 1004//1004
f 943//943 942//942 933//933
f 923//923 943//943 933//933
f 943//943 923//923 951//951
f 943//943 951//951 975//975
f 973//973 943//943 975//975
f 942//942 943//943 973//973
f 972//972 973//973 1008//1008
f 972//972 942//942 973//973
f 942//942 944//944 933//933
f 944//944 976//976 969//969
f 972//972 944//944 942//942
f 944//944 972//972 976//976
f 1023//1023 1047//1047 1036//1036
f 1014//1014 1023//1023 1036//1036
f 1047//1047 1023//1023 1022//1022
f 1023//1023 1014//1014 1022//1022
f 991//991 1005//1005 969//969
f 991//991 1014//1014 1005//1005
f 976//976 991//991 969//969
f 1022//1022 998//998 1008//1008
f 1014//1014 998//998 1022//1022
f 991//991 998//998 1014//1014
f 998//998 991//991 976//976
f 998//998 972//972 1008//1008
f 972//972 998//998 976//976
f 877//877 861//861 884//884
f 879//879 861//861 855//855
f 861//861 879//879 884//884
f 877//877 887//887 873//873
f 887//887 869//869 873//873
f 656//656 652//652 641//641
f 652//652 623//623 641//641
f 679//679 704//704 672//672
f 704//704 687//687 672//672
f 704//704 727//727 730//730
f 745//745 710//710 711//711
f 745//745 754//754 724//724
f 710//710 745//745 724//724
f 805//805 782//782 816//816
f 782//782 789//789 816//816
f 792//792 789//789 762//762
f 651//651 642//642 680//680
f 651//651 679//679 672//672
f 534//534 567//567 590//590
f 567//567 482//482 512//512
f 527//527 489//489 523//523
f 633//633 636//636 590//590
f 687//687 633//633 672//672
f 633//633 687//687 636//636
f 642//642 591//591 581//581
f 591//591 527//527 581//581
f 651//651 591//591 642//642
f 384//384 354//354 397//397
f 567//567 467//467 482//482
f 467//467 567//567 534//534
f 467//467 534//534 446//446
f 423//423 467//467 446//446
f 154//154 170//170 142//142
f 176//176 161//161 183//183
f 176//176 154//154 161//161
f 154//154 176//176 170//170
f 212//212 192//192 226//226
f 207//207 238//238 226//226
f 440//440 407//407 417//417
f 439//439 440//440 417//417
f 440//440 439//439 474//474
f 440//440 474//474 476//476
f 407//407 440//440 476//476
f 321//321 271//271 290//290
f 238//238 254//254 226//226
f 254//254 238//238 242//242
f 271//271 254//254 290//290
f 254//254 212//212 226//226
f 465//465 404//404 463//463
f 404//404 465//465 442//442
f 465//465 501//501 473//473
f 442//442 465//465 473//473
f 357//357 354//354 328//328
f 357//357 385//385 354//354
f 357//357 328//328 308//308
f 385//385 357//357 386//386
f 343//343 357//357 308//308
f 357//357 404//404 386//386
f 357//357 343//343 404//404
f 442//442 421//421 386//386
f 421//421 385//385 386//386
f 385//385 421//421 397//397
f 604//604 572//572 575//575
f 611//611 620//620 583//583
f 644//644 670//670 697//697
f 670//670 644//644 643//643
f 644//644 611//611 643//643
f 586//586 611//611 583//583
f 611//611 586//586 604//604
f 630//630 585//585 610//610
f 545//545 550//550 563//563
f 545//545 517//517 550//550
f 585//585 545//545 563//563
f 545//545 585//585 587//587
f 545//545 587//587 580//580
f 278//278 302//302 308//308
f 302//302 343//343 308//308
f 461//461 469//469 508//508
f 404//404 456//456 463//463
f 517//517 511//511 550//550
f 511//511 557//557 550//550
f 511//511 517//517 463//463
f 456//456 511//511 463//463
f 249//249 221//221 235//235
f 221//221 249//249 210//210
f 188//188 221//221 210//210
f 221//221 206//206 235//235
f 206//206 221//221 185//185
f 221//221 188//188 185//185
f 249//249 253//253 210//210
f 220//220 253//253 239//239
f 253//253 277//277 239//239
f 253//253 198//198 210//210
f 253//253 220//220 198//198
f 277//277 253//253 304//304
f 253//253 275//275 304//304
f 253//253 249//249 275//275
f 241//241 257//257 233//233
f 273//273 257//257 241//241
f 257//257 273//273 264//264
f 234//234 262//262 243//243
f 262//262 278//278 308//308
f 259//259 264//264 278//278
f 262//262 259//259 278//278
f 259//259 262//262 234//234
f 259//259 234//234 233//233
f 257//257 259//259 233//233
f 259//259 257//257 264//264
f 317//317 351//351 299//299
f 351//351 317//317 360//360
f 200//200 196//196 172//172
f 196//196 195//195 159//159
f 172//172 196//196 159//159
f 196//196 200//200 233//233
f 234//234 196//196 233//233
f 196//196 234//234 195//195
f 188//188 168//168 185//185
f 157//157 168//168 188//188
f 168//168 136//136 185//185
f 775//775 737//737 796//796
f 737//737 775//775 757//757
f 1015//1015 1039//1039 1031//1031
f 1015//1015 1008//1008 1007//1007
f 1015//1015 1031//1031 1008//1008
f 79//79 75//75 63//63
f 988//988 964//964 980//980
f 988//988 970//970 964//964
f 970//970 988//988 997//997
f 987//987 1002//1002 980//980
f 1002//1002 987//987 1040//1040
f 1002//1002 988//988 980//980
f 988//988 1002//1002 997//997
f 1029//1029 1011//1011 1001//1001
f 1011//1011 1029//1029 1035//1035
f 1039//1039 1038//1038 1052//1052
f 1038//1038 1011//1011 1035//1035
f 1015//1015 1038//1038 1039//1039
f 1050//1050 1038//1038 1035//1035
f 1052//1052 1050//1050 1056//1056
f 1038//1038 1050//1050 1052//1052
f 843//843 871//871 855//855
f 843//843 864//864 871//871
f 112//112 92//92 101//101
f 100//100 92//92 112//112
f 92//92 100//100 77//77
f 62//62 92//92 77//77
f 141//141 131//131 119//119
f 141//141 143//143 167//167
f 112//112 141//141 119//119
f 143//143 141//141 121//121
f 141//141 112//112 121//121
f 171//171 153//153 160//160
f 153//153 171//171 133//133
f 109//109 117//117 133//133
f 117//117 153//153 133//133
f 107//107 130//130 135//135
f 166//166 130//130 159//159
f 31//31 19//19 22//22
f 19//19 31//31 24//24
f 14//14 32//32 17//17
f 15//15 13//13 2//2
f 19//19 13//13 22//22
f 13//13 25//25 22//22
f 25//25 13//13 15//15
f 55//55 37//37 30//30
f 149//149 172//172 159//159
f 137//137 149//149 125//125
f 83//83 69//69 70//70
f 85//85 83//83 70//70
f 83//83 85//85 111//111
f 83//83 111//111 104//104
f 79//79 83//83 104//104
f 83//83 79//79 63//63
f 69//69 83//83 63//63
f 295//295 260//260 308//308
f 260//260 262//262 308//308
f 262//262 260//260 243//243
f 225//225 260//260 232//232
f 260//260 225//225 243//243
f 293//293 291//291 269//269
f 315//315 293//293 297//297
f 215//215 238//238 207//207
f 242//242 215//215 250//250
f 238//238 215//215 242//242
f 155//155 194//194 160//160
f 194//194 171//171 160//160
f 194//194 218//218 214//214
f 171//171 194//194 214//214
f 218//218 246//246 214//214
f 228//228 246//246 256//256
f 246//246 228//228 214//214
f 171//171 191//191 182//182
f 191//191 171//171 214//214
f 191//191 228//228 182//182
f 228//228 191//191 214//214
f 229//229 219//219 201//201
f 228//228 229//229 201//201
f 229//229 228//228 256//256
f 109//109 93//93 82//82
f 93//93 88//88 82//82
f 113//113 106//106 123//123
f 106//106 93//93 109//109
f 106//106 113//113 95//95
f 88//88 106//106 95//95
f 93//93 106//106 88//88
f 148//148 116//116 133//133
f 106//106 116//116 123//123
f 116//116 109//109 133//133
f 116//116 106//106 109//109
f 8//8 9//9 1//1
f 23//23 9//9 8//8
f 296//296 281//281 319//319
f 252//252 213//213 240//240
f 252//252 285//285 288//288
f 263//263 252//252 240//240
f 252//252 263//263 285//285
f 313//313 289//289 296//296
f 289//289 313//313 340//340
f 127//127 147//147 110//110
f 147//147 127//127 150//150
f 144//144 175//175 136//136
f 144//144 177//177 175//175
f 111//111 144//144 136//136
f 144//144 111//111 110//110
f 147//147 144//144 110//110
f 35//35 33//33 56//56
f 70//70 35//35 56//56
f 42//42 35//35 70//70
f 33//33 35//35 21//21
f 21//21 35//35 12//12
f 35//35 42//42 12//12
f 58//58 73//73 56//56
f 85//85 73//73 84//84
f 73//73 70//70 56//56
f 73//73 85//85 70//70
f 72//72 58//58 61//61
f 72//72 61//61 77//77
f 73//73 72//72 84//84
f 72//72 73//73 58//58
f 72//72 77//77 98//98
f 84//84 72//72 98//98
f 309//309 298//298 334//334
f 298//298 321//321 334//334
f 298//298 271//271 321//321
f 284//284 309//309 310//310
f 284//284 298//298 309//309
f 333//333 309//309 334//334
f 387//387 419//419 368//368
f 549//549 574//574 562//562
f 574//574 549//549 540//540
f 574//574 577//577 562//562
f 419//419 432//432 454//454
f 432//432 462//462 454//454
f 549//549 499//499 540//540
f 499//499 549//549 538//538
f 462//462 499//499 454//454
f 660//660 676//676 668//668
f 660//660 658//658 676//676
f 705//705 725//725 696//696
f 705//705 696//696 669//669
f 657//657 705//705 669//669
f 698//698 705//705 657//657
f 738//738 704//704 730//730
f 704//704 738//738 687//687
f 439//439 399//399 446//446
f 399//399 417//417 395//395
f 399//399 439//439 417//417
f 355//355 399//399 395//395
f 378//378 333//333 334//334
f 333//333 378//378 356//356
f 528//528 443//443 450//450
f 432//432 443//443 462//462
f 443//443 432//432 419//419
f 387//387 443//443 419//419
f 637//637 627//627 589//589
f 589//589 627//627 559//559
f 674//674 627//627 637//637
f 617//617 627//627 648//648
f 725//725 720//720 750//750
f 720//720 735//735 750//750
f 735//735 720//720 698//698
f 720//720 705//705 698//698
f 705//705 720//720 725//725
f 699//699 747//747 735//735
f 747//747 771//771 735//735
f 700//700 710//710 724//724
f 719//719 700//700 724//724
f 685//685 674//674 637//637
f 687//687 685//685 636//636
f 685//685 637//637 636//636
f 710//710 685//685 711//711
f 700//700 685//685 710//710
f 685//685 700//700 674//674
f 543//543 516//516 559//559
f 516//516 543//543 476//476
f 543//543 509//509 476//476
f 733//733 692//692 697//697
f 713//713 692//692 733//733
f 644//644 692//692 649//649
f 692//692 644//644 697//697
f 692//692 689//689 649//649
f 692//692 713//713 689//689
f 751//751 714//714 732//732
f 714//714 689//689 732//732
f 714//714 688//688 689//689
f 642//642 675//675 680//680
f 638//638 675//675 642//642
f 675//675 701//701 680//680
f 665//665 650//650 653//653
f 769//769 751//751 802//802
f 744//744 718//718 709//709
f 723//723 743//743 759//759
f 743//743 777//777 759//759
f 743//743 723//723 708//708
f 869//869 847//847 873//873
f 847//847 869//869 834//834
f 810//810 847//847 834//834
f 847//847 810//810 825//825
f 822//822 777//777 784//784
f 822//822 810//810 834//834
f 810//810 822//822 784//784
f 867//867 870//870 892//892
f 870//870 895//895 892//892
f 924//924 946//946 922//922
f 910//910 924//924 922//922
f 935//935 910//910 916//916
f 924//924 935//935 946//946
f 935//935 924//924 910//910
f 919//919 952//952 916//916
f 952//952 935//935 916//916
f 935//935 952//952 946//946
f 957//957 952//952 919//919
f 952//952 957//957 966//966
f 896//896 919//919 916//916
f 910//910 896//896 916//916
f 926//926 918//918 899//899
f 918//918 926//926 938//938
f 918//918 960//960 940//940
f 960//960 918//918 938//938
f 930//930 940//940 953//953
f 930//930 918//918 940//940
f 918//918 930//930 913//913
f 1044//1044 1053//1053 1047//1047
f 1053//1053 1069//1069 1047//1047
f 1053//1053 1044//1044 1059//1059
f 1069//1069 1053//1053 1059//1059
f 1075//1075 1072//1072 1079//1079
f 1072//1072 1075//1075 1070//1070
f 1070//1070 1075//1075 1081//1081
f 1061//1061 1057//1057 1074//1074
f 1072//1072 1061//1061 1074//1074
f 1061//1061 1072//1072 1070//1070
f 1064//1064 1071//1071 1073//1073
f 1071//1071 1064//1064 1069//1069
f 1071//1071 1069//1069 1076//1076
f 1071//1071 1076//1076 1077//1077
f 1073//1073 1071//1071 1077//1077
f 1006//1006 1024//1024 996//996
f 1024//1024 1006//1006 994//994
f 1033//1033 1026//1026 1045//1045
f 1051//1051 1033//1033 1045//1045
f 982//982 993//993 995//995
f 993//993 982//982 948//948
f 955//955 938//938 937//937
f 1033//1033 1012//1012 1026//1026
f 1012//1012 1024//1024 994//994
f 1012//1012 1033//1033 1024//1024
f 1005//1005 971//971 969//969
f 1013//1013 971//971 1005//1005
f 971//971 1013//1013 984//984
f 981//981 993//993 948//948
f 981//981 984//984 1004//1004
f 992//992 981//981 1004//1004
f 981//981 992//992 993//993
f 353//353 336//336 363//363
f 353//353 342//342 319//319
f 336//336 353//353 319//319
f 353//353 383//383 342//342
f 383//383 353//353 400//400
f 398//398 341//341 382//382
f 400//400 388//388 449//449
f 388//388 435//435 449//449
f 388//388 353//353 363//363
f 353//353 388//388 400//400
f 515//515 526//526 569//569
f 425//425 472//472 459//459
f 320//320 330//330 294//294
f 320//320 349//349 330//330
f 349//349 379//379 330//330
f 379//379 420//420 408//408
f 420//420 379//379 364//364
f 379//379 349//349 364//364
f 594//594 599//599 542//542
f 536//536 594//594 542//542
f 835//835 803//803 823//823
f 835//835 823//823 857//857
f 874//874 835//835 857//857
f 726//726 737//737 757//757
f 695//695 682//682 656//656
f 681//681 656//656 677//677
f 681//681 695//695 656//656
f 430//430 455//455 494//494
f 455//455 430//430 408//408
f 616//616 592//592 569//569
f 592//592 616//616 619//619
f 592//592 541//541 569//569
f 616//616 628//628 667//667
f 628//628 616//616 599//599
f 690//690 706//706 683//683
f 659//659 690//690 683//683
f 673//673 616//616 667//667
f 673//673 659//659 616//616
f 673//673 690//690 659//659
f 779//779 803//803 794//794
f 765//765 779//779 794//794
f 765//765 729//729 715//715
f 729//729 765//765 760//760
f 773//773 742//742 760//760
f 742//742 729//729 760//760
f 859//859 881//881 860//860
f 923//923 914//914 934//934
f 928//928 905//905 890//890
f 905//905 879//879 890//890
f 905//905 928//928 934//934
f 914//914 905//905 934//934
f 879//879 905//905 884//884
f 905//905 914//914 884//884
f 852//852 861//861 877//877
f 852//852 877//877 873//873
f 847//847 852//852 873//873
f 852//852 847//847 825//825
f 807//807 818//818 781//781
f 861//861 818//818 855//855
f 906//906 887//887 877//877
f 906//906 877//877 884//884
f 944//944 906//906 933//933
f 914//914 906//906 884//884
f 906//906 923//923 933//933
f 906//906 914//914 923//923
f 654//654 652//652 656//656
f 682//682 654//654 656//656
f 535//535 514//514 449//449
f 568//568 565//565 544//544
f 623//623 615//615 641//641
f 598//598 615//615 623//623
f 641//641 615//615 677//677
f 582//582 568//568 535//535
f 727//727 756//756 730//730
f 707//707 704//704 679//679
f 707//707 727//727 704//704
f 745//745 778//778 754//754
f 881//881 876//876 860//860
f 876//876 926//926 899//899
f 789//789 819//819 816//816
f 819//819 789//789 792//792
f 501//501 532//532 473//473
f 532//532 504//504 473//473
f 545//545 532//532 501//501
f 532//532 545//545 580//580
f 532//532 539//539 504//504
f 539//539 532//532 580//580
f 537//537 567//567 512//512
f 537//537 591//591 602//602
f 591//591 537//537 527//527
f 596//596 537//537 602//602
f 537//537 596//596 567//567
f 567//567 596//596 590//590
f 596//596 633//633 590//590
f 591//591 626//626 602//602
f 626//626 591//591 651//651
f 626//626 596//596 602//602
f 596//596 626//626 633//633
f 626//626 651//651 672//672
f 633//633 626//626 672//672
f 354//354 346//346 328//328
f 381//381 358//358 391//391
f 482//482 447//447 460//460
f 467//467 447//447 482//482
f 323//323 339//339 355//355
f 254//254 287//287 290//290
f 311//311 326//326 350//350
f 311//311 321//321 290//290
f 287//287 311//311 290//290
f 311//311 287//287 326//326
f 265//265 279//279 300//300
f 279//279 229//229 256//256
f 265//265 274//274 250//250
f 242//242 274//274 282//282
f 274//274 242//242 250//250
f 314//314 265//265 300//300
f 338//338 314//314 300//300
f 314//314 274//274 265//265
f 376//376 372//372 407//407
f 372//372 355//355 395//395
f 407//407 372//372 395//395
f 251//251 254//254 271//271
f 227//227 251//251 244//244
f 251//251 271//271 244//244
f 212//212 251//251 227//227
f 254//254 251//251 212//212
f 465//465 507//507 501//501
f 507//507 545//545 501//501
f 545//545 507//507 517//517
f 517//517 507//507 463//463
f 507//507 465//465 463//463
f 444//444 442//442 473//473
f 444//444 421//421 442//442
f 612//612 620//620 649//649
f 612//612 584//584 583//583
f 620//620 612//612 583//583
f 624//624 620//620 611//611
f 644//644 624//624 611//611
f 620//620 624//624 649//649
f 624//624 644//644 649//649
f 552//552 572//572 604//604
f 586//586 552//552 604//604
f 585//585 603//603 610//610
f 603//603 612//612 610//610
f 612//612 603//603 584//584
f 584//584 603//603 563//563
f 603//603 585//585 563//563
f 585//585 629//629 587//587
f 630//630 629//629 585//585
f 629//629 630//630 653//653
f 650//650 629//629 653//653
f 629//629 650//650 647//647
f 630//630 646//646 653//653
f 689//689 646//646 649//649
f 646//646 689//689 653//653
f 646//646 630//630 610//610
f 646//646 612//612 649//649
f 612//612 646//646 610//610
f 302//302 331//331 343//343
f 343//343 331//331 367//367
f 331//331 351//351 367//367
f 393//393 404//404 367//367
f 409//409 393//393 360//360
f 393//393 456//456 404//404
f 456//456 393//393 461//461
f 351//351 393//393 367//367
f 393//393 351//351 360//360
f 348//348 361//361 345//345
f 330//330 348//348 304//304
f 348//348 306//306 304//304
f 306//306 348//348 345//345
f 370//370 396//396 412//412
f 361//361 370//370 412//412
f 348//348 370//370 361//361
f 413//413 409//409 360//360
f 361//361 413//413 360//360
f 413//413 361//361 412//412
f 409//409 413//413 466//466
f 479//479 456//456 461//461
f 479//479 461//461 508//508
f 511//511 519//519 557//557
f 519//519 479//479 508//508
f 332//332 306//306 345//345
f 332//332 317//317 306//306
f 317//317 332//332 360//360
f 361//361 332//332 345//345
f 332//332 361//361 360//360
f 306//306 292//292 277//277
f 317//317 292//292 306//306
f 292//292 317//317 299//299
f 273//273 292//292 299//299
f 292//292 273//273 277//277
f 168//168 132//132 136//136
f 132//132 108//108 104//104
f 136//136 132//132 104//104
f 132//132 168//168 157//157
f 132//132 129//129 108//108
f 129//129 132//132 157//157
f 94//94 79//79 108//108
f 94//94 75//75 79//79
f 75//75 94//94 99//99
f 129//129 94//94 108//108
f 94//94 129//129 99//99
f 1018//1018 1002//1002 1040//1040
f 1002//1002 1018//1018 997//997
f 997//997 1018//1018 1001//1001
f 1029//1029 1046//1046 1035//1035
f 1060//1060 1046//1046 1040//1040
f 1011//1011 1010//1010 1001//1001
f 831//831 843//843 855//855
f 818//818 831//831 855//855
f 831//831 818//818 807//807
f 806//806 831//831 807//807
f 843//843 831//831 806//806
f 126//126 97//97 135//135
f 107//107 97//97 89//89
f 97//97 107//107 135//135
f 97//97 87//87 89//89
f 102//102 109//109 82//82
f 102//102 117//117 109//109
f 117//117 102//102 115//115
f 115//115 102//102 91//91
f 78//78 102//102 82//82
f 102//102 78//78 91//91
f 243//243 202//202 217//217
f 225//225 202//202 243//243
f 202//202 195//195 217//217
f 202//202 166//166 195//195
f 158//158 202//202 180//180
f 202//202 158//158 166//166
f 130//130 152//152 135//135
f 152//152 130//130 166//166
f 152//152 158//158 135//135
f 158//158 152//152 166//166
f 5//5 6//6 17//17
f 6//6 14//14 17//17
f 6//6 5//5 3//3
f 14//14 6//6 3//3
f 14//14 27//27 32//32
f 27//27 43//43 32//32
f 11//11 14//14 3//3
f 4//4 11//11 3//3
f 10//10 11//11 4//4
f 11//11 10//10 20//20
f 27//27 11//11 20//20
f 11//11 27//27 14//14
f 60//60 75//75 67//67
f 43//43 60//60 67//67
f 75//75 60//60 63//63
f 60//60 41//41 63//63
f 28//28 25//25 15//15
f 28//28 15//15 30//30
f 37//37 28//28 30//30
f 55//55 54//54 37//37
f 64//64 54//54 76//76
f 49//49 43//43 67//67
f 43//43 49//49 32//32
f 32//32 49//49 30//30
f 49//49 55//55 30//30
f 74//74 107//107 89//89
f 74//74 103//103 107//107
f 130//130 120//120 159//159
f 120//120 130//130 107//107
f 103//103 120//120 107//107
f 71//71 90//90 76//76
f 54//54 71//71 76//76
f 71//71 54//54 55//55
f 118//118 90//90 125//125
f 118//118 120//120 103//103
f 149//149 118//118 125//125
f 118//118 149//149 159//159
f 120//120 118//118 159//159
f 172//172 164//164 187//187
f 149//149 164//164 172//172
f 137//137 164//164 149//149
f 164//164 193//193 187//187
f 267//267 295//295 297//297
f 267//267 260//260 295//295
f 260//260 267//267 232//232
f 293//293 267//267 297//297
f 267//267 293//293 269//269
f 246//246 267//267 269//269
f 267//267 246//246 218//218
f 293//293 318//318 291//291
f 307//307 318//318 347//347
f 318//318 307//307 291//291
f 318//318 358//358 347//347
f 291//291 266//266 269//269
f 246//246 266//266 256//256
f 266//266 246//246 269//269
f 236//236 265//265 250//250
f 236//236 216//216 219//219
f 215//215 216//216 250//250
f 216//216 236//236 250//250
f 156//156 155//155 126//126
f 156//156 158//158 180//180
f 156//156 194//194 155//155
f 156//156 126//126 135//135
f 158//158 156//156 135//135
f 126//126 134//134 115//115
f 155//155 134//134 126//126
f 134//134 155//155 160//160
f 153//153 134//134 160//160
f 134//134 117//117 115//115
f 117//117 134//134 153//153
f 194//194 223//223 218//218
f 267//267 223//223 232//232
f 223//223 267//267 218//218
f 197//197 225//225 232//232
f 223//223 197//197 232//232
f 197//197 223//223 194//194
f 202//202 197//197 180//180
f 197//197 202//202 225//225
f 197//197 156//156 180//180
f 156//156 197//197 194//194
f 138//138 116//116 148//148
f 116//116 138//138 123//123
f 163//163 138//138 148//148
f 7//7 23//23 10//10
f 7//7 9//9 23//23
f 9//9 7//7 1//1
f 7//7 4//4 1//1
f 7//7 10//10 4//4
f 270//270 288//288 319//319
f 281//281 270//270 319//319
f 270//270 281//281 255//255
f 270//270 252//252 288//288
f 255//255 268//268 245//245
f 281//281 268//268 255//255
f 268//268 281//281 296//296
f 289//289 268//268 296//296
f 177//177 204//204 203//203
f 204//204 230//230 203//203
f 230//230 204//204 231//231
f 131//131 174//174 150//150
f 174//174 141//141 167//167
f 141//141 174//174 131//131
f 258//258 231//231 245//245
f 268//268 258//258 245//245
f 258//258 268//268 289//289
f 258//258 230//230 231//231
f 230//230 258//258 248//248
f 298//298 280//280 271//271
f 280//280 284//284 272//272
f 284//284 280//280 298//298
f 309//309 322//322 310//310
f 333//333 322//322 309//309
f 322//322 356//356 310//310
f 322//322 333//333 356//356
f 499//499 503//503 540//540
f 503//503 499//499 462//462
f 443//443 503//503 462//462
f 503//503 443//443 528//528
f 481//481 538//538 452//452
f 481//481 499//499 538//538
f 454//454 481//481 452//452
f 499//499 481//481 454//454
f 613//613 576//576 558//558
f 576//576 613//613 608//608
f 613//613 655//655 657//657
f 613//613 617//617 655//655
f 658//658 645//645 669//669
f 645//645 657//657 669//669
f 813//813 820//820 833//833
f 799//799 813//813 833//833
f 813//813 793//793 820//820
f 767//767 778//778 788//788
f 778//778 767//767 754//754
f 738//738 722//722 687//687
f 685//685 722//722 711//711
f 722//722 685//685 687//687
f 722//722 738//738 752//752
f 722//722 745//745 711//711
f 745//745 722//722 752//752
f 509//509 468//468 476//476
f 362//362 402//402 338//338
f 314//314 352//352 339//339
f 352//352 314//314 338//338
f 339//339 352//352 355//355
f 352//352 399//399 355//355
f 402//402 352//352 338//338
f 352//352 402//402 399//399
f 477//477 434//434 445//445
f 434//434 477//477 470//470
f 434//434 470//470 450//450
f 577//577 578//578 614//614
f 578//578 577//577 574//574
f 564//564 546//546 528//528
f 503//503 546//546 540//540
f 546//546 503//503 528//528
f 560//560 564//564 528//528
f 735//735 758//758 750//750
f 771//771 758//758 735//735
f 758//758 783//783 750//750
f 758//758 771//771 783//783
f 780//780 771//771 747//747
f 780//780 799//799 783//783
f 771//771 780//780 783//783
f 813//813 780//780 793//793
f 780//780 813//813 799//799
f 793//793 780//780 788//788
f 780//780 767//767 788//788
f 694//694 700//700 719//719
f 694//694 699//699 655//655
f 627//627 573//573 559//559
f 573//573 543//543 559//559
f 573//573 627//627 617//617
f 690//690 736//736 706//706
f 785//785 810//810 784//784
f 810//810 785//785 825//825
f 662//662 675//675 638//638
f 647//647 662//662 638//638
f 650//650 662//662 647//647
f 739//739 714//714 751//751
f 769//769 739//739 751//751
f 714//714 739//739 709//709
f 739//739 769//769 763//763
f 739//739 744//744 709//709
f 744//744 739//739 763//763
f 744//744 734//734 718//718
f 706//706 731//731 708//708
f 731//731 743//743 708//708
f 736//736 731//731 706//706
f 844//844 822//822 834//834
f 869//869 844//844 834//834
f 866//866 844//844 883//883
f 844//844 869//869 883//883
f 768//768 791//791 787//787
f 822//822 791//791 777//777
f 777//777 791//791 759//759
f 791//791 768//768 759//759
f 787//787 828//828 802//802
f 828//828 859//859 860//860
f 839//839 856//856 867//867
f 856//856 870//870 867//867
f 870//870 856//856 858//858
f 895//895 875//875 885//885
f 870//870 875//875 895//895
f 875//875 870//870 858//858
f 826//826 842//842 827//827
f 842//842 826//826 853//853
f 826//826 805//805 816//816
f 850//850 826//826 816//816
f 826//826 850//850 853//853
f 894//894 891//891 872//872
f 974//974 962//962 940//940
f 960//960 974//974 940//940
f 878//878 886//886 913//913
f 878//878 894//894 872//872
f 886//886 901//901 913//913
f 901//901 918//918 913//913
f 901//901 886//886 899//899
f 918//918 901//901 899//899
f 930//930 931//931 913//913
f 1061//1061 1048//1048 1057//1057
f 1047//1047 1048//1048 1036//1036
f 1064//1064 1048//1048 1047//1047
f 1048//1048 1064//1064 1057//1057
f 1042//1042 1032//1032 1019//1019
f 1013//1013 1042//1042 1019//1019
f 1042//1042 1041//1041 1032//1032
f 993//993 1017//1017 995//995
f 1017//1017 1016//1016 995//995
f 992//992 1017//1017 993//993
f 1017//1017 992//992 1004//1004
f 982//982 965//965 948//948
f 965//965 955//955 937//937
f 965//965 982//982 977//977
f 955//955 965//965 977//977
f 967//967 960//960 938//938
f 955//955 967//967 938//938
f 967//967 955//955 977//977
f 985//985 967//967 977//977
f 1012//1012 1009//1009 1026//1026
f 971//971 954//954 969//969
f 981//981 958//958 984//984
f 921//921 958//958 912//912
f 958//958 971//971 984//984
f 958//958 954//954 971//971
f 958//958 921//921 954//954
f 1041//1041 1058//1058 1043//1043
f 1058//1058 1049//1049 1043//1043
f 1042//1042 1058//1058 1041//1041
f 365//365 340//340 342//342
f 383//383 365//365 342//342
f 437//437 400//400 449//449
f 437//437 383//383 400//400
f 514//514 437//437 449//449
f 392//392 398//398 435//435
f 392//392 388//388 363//363
f 388//388 392//392 435//435
f 341//341 392//392 363//363
f 398//398 392//392 341//341
f 455//455 486//486 494//494
f 599//599 524//524 542//542
f 524//524 599//599 526//526
f 515//515 495//495 526//526
f 495//495 524//524 526//526
f 524//524 495//495 472//472
f 472//472 495//495 459//459
f 486//486 495//495 515//515
f 495//495 455//455 459//459
f 495//495 486//486 455//455
f 337//337 289//289 340//340
f 365//365 337//337 340//340
f 663//663 625//625 661//661
f 556//556 594//594 536//536
f 843//843 845//845 864//864
f 864//864 845//845 874//874
f 845//845 835//835 874//874
f 753//753 726//726 757//757
f 779//779 753//753 757//757
f 753//753 779//779 765//765
f 726//726 686//686 695//695
f 686//686 682//682 695//695
f 654//654 686//686 661//661
f 686//686 654//654 682//682
f 681//681 717//717 695//695
f 717//717 726//726 695//695
f 726//726 717//717 737//737
f 717//717 681//681 677//677
f 520//520 541//541 494//494
f 486//486 520//520 494//494
f 520//520 486//486 515//515
f 520//520 515//515 569//569
f 541//541 520//520 569//569
f 572//572 513//513 522//522
f 513//513 496//496 522//522
f 552//552 513//513 572//572
f 513//513 469//469 466//466
f 496//496 513//513 466//466
f 469//469 513//513 508//508
f 513//513 552//552 508//508
f 496//496 497//497 522//522
f 497//497 541//541 522//522
f 426//426 396//396 408//408
f 430//430 426//426 408//408
f 396//396 426//426 412//412
f 541//541 561//561 522//522
f 592//592 561//561 541//541
f 572//572 561//561 575//575
f 561//561 572//572 522//522
f 561//561 619//619 575//575
f 561//561 592//592 619//619
f 821//821 800//800 814//814
f 779//779 800//800 803//803
f 775//775 800//800 757//757
f 800//800 779//779 757//757
f 814//814 800//800 796//796
f 800//800 775//775 796//796
f 800//800 821//821 823//823
f 803//803 800//800 823//823
f 678//678 702//702 663//663
f 702//702 678//678 715//715
f 729//729 702//702 715//715
f 702//702 742//742 703//703
f 742//742 702//702 729//729
f 702//702 666//666 663//663
f 666//666 702//702 703//703
f 666//666 625//625 663//663
f 634//634 628//628 599//599
f 634//634 666//666 664//664
f 628//628 634//634 667//667
f 634//634 664//664 667//667
f 594//594 634//634 599//599
f 625//625 634//634 594//594
f 666//666 634//634 625//625
f 740//740 773//773 781//781
f 740//740 742//742 773//773
f 742//742 740//740 703//703
f 897//897 902//902 881//881
f 876//876 902//902 926//926
f 902//902 876//876 881//881
f 882//882 881//881 859//859
f 882//882 897//897 881//881
f 882//882 859//859 866//866
f 897//897 882//882 912//912
f 817//817 852//852 825//825
f 852//852 817//817 861//861
f 817//817 818//818 861//861
f 906//906 907//907 887//887
f 869//869 907//907 911//911
f 887//887 907//907 869//869
f 907//907 906//906 944//944
f 551//551 514//514 535//535
f 568//568 551//551 535//535
f 514//514 551//551 544//544
f 551//551 568//568 544//544
f 518//518 553//553 598//598
f 553//553 615//615 598//598
f 435//435 510//510 449//449
f 510//510 535//535 449//449
f 464//464 510//510 435//435
f 510//510 464//464 518//518
f 652//652 631//631 623//623
f 654//654 631//631 652//652
f 805//805 770//770 782//782
f 770//770 756//756 782//782
f 756//756 770//770 730//730
f 770//770 738//738 730//730
f 746//746 756//756 727//727
f 789//789 746//746 762//762
f 707//707 746//746 727//727
f 746//746 789//789 782//782
f 756//756 746//746 782//782
f 701//701 691//691 680//680
f 691//691 701//701 718//718
f 691//691 707//707 679//679
f 691//691 651//651 680//680
f 651//651 691//691 679//679
f 755//755 745//745 752//752
f 755//755 778//778 745//745
f 812//812 815//815 804//804
f 790//790 812//812 804//804
f 809//809 839//839 820//820
f 793//793 809//809 820//820
f 776//776 790//790 804//804
f 778//778 776//776 804//804
f 776//776 770//770 790//790
f 776//776 755//755 752//752
f 755//755 776//776 778//778
f 738//738 776//776 752//752
f 770//770 776//776 738//738
f 837//837 830//830 802//802
f 837//837 828//828 860//860
f 828//828 837//837 802//802
f 830//830 846//846 838//838
f 846//846 876//876 838//838
f 837//837 846//846 830//830
f 876//876 846//846 860//860
f 846//846 837//837 860//860
f 798//798 830//830 838//838
f 797//797 798//798 838//838
f 798//798 769//769 802//802
f 830//830 798//798 802//802
f 769//769 798//798 763//763
f 798//798 797//797 763//763
f 774//774 792//792 762//762
f 774//774 797//797 792//792
f 797//797 774//774 763//763
f 832//832 797//797 838//838
f 797//797 832//832 792//792
f 832//832 819//819 792//792
f 527//527 554//554 581//581
f 554//554 527//527 523//523
f 539//539 488//488 504//504
f 527//527 502//502 489//489
f 537//537 502//502 527//527
f 502//502 537//537 512//512
f 482//482 502//502 512//512
f 502//502 482//482 460//460
f 489//489 502//502 460//460
f 384//384 375//375 354//354
f 375//375 346//346 354//354
f 375//375 384//384 391//391
f 346//346 325//325 328//328
f 295//295 325//325 297//297
f 325//325 295//295 328//328
f 325//325 315//315 297//297
f 325//325 346//346 315//315
f 422//422 427//427 391//391
f 384//384 422//422 391//391
f 441//441 422//422 384//384
f 471//471 422//422 441//441
f 422//422 471//471 427//427
f 427//427 410//410 391//391
f 410//410 381//381 391//391
f 381//381 410//410 405//405
f 410//410 447//447 405//405
f 410//410 427//427 460//460
f 447//447 410//410 460//460
f 276//276 287//287 254//254
f 276//276 242//242 282//282
f 276//276 254//254 242//242
f 303//303 323//323 326//326
f 287//287 303//303 326//326
f 276//276 303//303 287//287
f 303//303 276//276 282//282
f 335//335 311//311 350//350
f 311//311 335//335 321//321
f 373//373 335//335 350//350
f 237//237 279//279 265//265
f 279//279 237//237 229//229
f 236//236 237//237 265//265
f 229//229 237//237 219//219
f 237//237 236//236 219//219
f 274//274 305//305 282//282
f 314//314 305//305 274//274
f 305//305 314//314 339//339
f 323//323 305//305 339//339
f 305//305 303//303 282//282
f 303//303 305//305 323//323
f 371//371 362//362 347//347
f 358//358 371//371 347//347
f 381//381 371//371 358//358
f 371//371 381//381 405//405
f 362//362 371//371 405//405
f 324//324 362//362 338//338
f 324//324 338//338 300//300
f 307//307 324//324 300//300
f 324//324 307//307 347//347
f 362//362 324//324 347//347
f 403//403 362//362 405//405
f 402//402 403//403 423//423
f 403//403 402//402 362//362
f 154//154 146//146 161//161
f 146//146 163//163 161//161
f 146//146 138//138 163//163
f 323//323 344//344 326//326
f 344//344 372//372 376//376
f 344//344 323//323 355//355
f 372//372 344//344 355//355
f 326//326 344//344 350//350
f 552//552 547//547 508//508
f 547//547 519//519 508//508
f 557//557 547//547 583//583
f 519//519 547//547 557//557
f 629//629 609//609 587//587
f 609//609 629//629 647//647
f 587//587 609//609 580//580
f 609//609 638//638 580//580
f 609//609 647//647 638//638
f 301//301 331//331 302//302
f 301//301 264//264 299//299
f 351//351 301//301 299//299
f 331//331 301//301 351//351
f 264//264 301//301 278//278
f 301//301 302//302 278//278
f 393//393 428//428 461//461
f 428//428 393//393 409//409
f 428//428 469//469 461//461
f 428//428 409//409 466//466
f 469//469 428//428 466//466
f 359//359 348//348 330//330
f 379//379 359//359 330//330
f 370//370 359//359 396//396
f 359//359 370//370 348//348
f 396//396 359//359 408//408
f 359//359 379//379 408//408
f 505//505 519//519 511//511
f 519//519 505//505 479//479
f 505//505 511//511 456//456
f 479//479 505//505 456//456
f 1025//1025 1029//1029 1001//1001
f 1018//1018 1025//1025 1001//1001
f 1025//1025 1018//1018 1040//1040
f 1046//1046 1025//1025 1040//1040
f 1025//1025 1046//1046 1029//1029
f 1055//1055 1050//1050 1035//1035
f 1046//1046 1055//1055 1035//1035
f 1055//1055 1046//1046 1060//1060
f 1055//1055 1060//1060 1056//1056
f 1050//1050 1055//1055 1056//1056
f 1003//1003 1010//1010 1011//1011
f 1003//1003 1038//1038 1015//1015
f 1038//1038 1003//1003 1011//1011
f 1003//1003 1015//1015 1007//1007
f 989//989 1003//1003 1007//1007
f 1003//1003 989//989 1001//1001
f 1010//1010 1003//1003 1001//1001
f 97//97 105//105 87//87
f 105//105 97//97 126//126
f 87//87 105//105 91//91
f 105//105 115//115 91//91
f 105//105 126//126 115//115
f 31//31 38//38 24//24
f 46//46 38//38 31//31
f 38//38 46//46 53//53
f 38//38 40//40 24//24
f 40//40 38//38 53//53
f 25//25 45//45 22//22
f 45//45 54//54 64//64
f 54//54 45//45 37//37
f 45//45 28//28 37//37
f 28//28 45//45 25//25
f 47//47 60//60 43//43
f 27//27 47//47 43//43
f 41//41 47//47 34//34
f 60//60 47//47 41//41
f 34//34 47//47 20//20
f 47//47 27//27 20//20
f 46//46 65//65 53//53
f 65//65 74//74 89//89
f 66//66 65//65 89//89
f 65//65 66//66 53//53
f 59//59 49//49 67//67
f 49//49 59//59 55//55
f 59//59 71//71 55//55
f 90//90 86//86 76//76
f 118//118 86//86 90//90
f 86//86 118//118 103//103
f 74//74 86//86 103//103
f 86//86 64//64 76//76
f 86//86 74//74 64//64
f 193//193 173//173 198//198
f 164//164 173//173 193//193
f 173//173 157//157 188//188
f 173//173 188//188 210//210
f 198//198 173//173 210//210
f 129//129 124//124 99//99
f 124//124 96//96 99//99
f 71//71 80//80 90//90
f 59//59 80//80 71//71
f 80//80 59//59 67//67
f 327//327 293//293 315//315
f 327//327 318//318 293//293
f 318//318 327//327 358//358
f 346//346 327//327 315//315
f 307//307 283//283 291//291
f 283//283 266//266 291//291
f 283//283 307//307 300//300
f 279//279 283//283 300//300
f 283//283 279//279 256//256
f 266//266 283//283 256//256
f 205//205 176//176 183//183
f 138//138 122//122 123//123
f 122//122 113//113 123//123
f 122//122 146//146 128//128
f 146//146 122//122 138//138
f 113//113 122//122 95//95
f 211//211 222//222 189//189
f 252//252 211//211 213//213
f 222//222 224//224 189//189
f 224//224 255//255 245//245
f 224//224 222//222 255//255
f 231//231 224//224 245//245
f 204//204 224//224 231//231
f 169//169 147//147 150//150
f 174//174 169//169 150//150
f 169//169 174//174 189//189
f 316//316 337//337 364//364
f 349//349 316//316 364//364
f 320//320 316//316 349//349
f 271//271 261//261 244//244
f 280//280 261//261 271//271
f 261//261 272//272 244//244
f 261//261 280//280 272//272
f 576//576 548//548 558//558
f 635//635 613//613 657//657
f 613//613 635//635 608//608
f 645//645 635//635 657//657
f 635//635 645//645 608//608
f 639//639 660//660 668//668
f 767//767 741//741 754//754
f 754//754 741//741 724//724
f 741//741 780//780 747//747
f 780//780 741//741 767//767
f 741//741 719//719 724//724
f 741//741 694//694 719//719
f 741//741 747//747 699//699
f 694//694 741//741 699//699
f 389//389 335//335 373//373
f 411//411 423//423 446//446
f 411//411 402//402 423//423
f 399//399 411//411 446//446
f 402//402 411//411 399//399
f 424//424 373//373 376//376
f 424//424 376//376 407//407
f 424//424 389//389 373//373
f 424//424 407//407 476//476
f 468//468 424//424 476//476
f 578//578 588//588 614//614
f 555//555 546//546 564//564
f 588//588 555//555 564//564
f 555//555 588//588 578//578
f 555//555 578//578 574//574
f 555//555 574//574 540//540
f 546//546 555//555 540//540
f 700//700 671//671 674//674
f 694//694 671//671 700//700
f 627//627 671//671 648//648
f 671//671 627//627 674//674
f 671//671 655//655 648//648
f 671//671 694//694 655//655
f 573//573 579//579 543//543
f 509//509 579//579 558//558
f 543//543 579//579 509//509
f 579//579 573//573 617//617
f 579//579 613//613 558//558
f 613//613 579//579 617//617
f 712//712 736//736 690//690
f 712//712 673//673 667//667
f 673//673 712//712 690//690
f 785//785 786//786 825//825
f 786//786 817//817 825//825
f 684//684 650//650 665//665
f 684//684 662//662 650//650
f 688//688 684//684 665//665
f 701//701 684//684 709//709
f 684//684 714//714 709//709
f 714//714 684//684 688//688
f 675//675 684//684 701//701
f 662//662 684//684 675//675
f 734//734 748//748 762//762
f 748//748 734//734 744//744
f 748//748 774//774 762//762
f 748//748 744//744 763//763
f 774//774 748//748 763//763
f 761//761 731//731 736//736
f 761//761 785//785 784//784
f 731//731 761//761 743//743
f 777//777 761//761 784//784
f 743//743 761//761 777//777
f 791//791 829//829 787//787
f 829//829 828//828 787//787
f 829//829 791//791 822//822
f 844//844 829//829 822//822
f 829//829 844//844 866//866
f 859//859 829//829 866//866
f 828//828 829//829 859//859
f 863//863 850//850 872//872
f 850//850 863//863 853//853
f 891//891 863//863 872//872
f 811//811 826//826 827//827
f 812//812 811//811 827//827
f 811//811 812//812 790//790
f 826//826 811//811 805//805
f 811//811 770//770 805//805
f 770//770 811//811 790//790
f 896//896 888//888 919//919
f 888//888 891//891 919//919
f 888//888 896//896 893//893
f 888//888 863//863 891//891
f 947//947 930//930 953//953
f 947//947 931//931 930//930
f 978//978 947//947 953//953
f 947//947 978//978 966//966
f 931//931 908//908 913//913
f 908//908 878//878 913//913
f 878//878 908//908 894//894
f 908//908 931//931 919//919
f 891//891 908//908 919//919
f 908//908 891//891 894//894
f 1062//1062 1061//1061 1070//1070
f 1062//1062 1042//1042 1061//1061
f 1062//1062 1070//1070 1063//1063
f 1058//1058 1062//1062 1063//1063
f 1062//1062 1058//1058 1042//1042
f 1034//1034 1042//1042 1013//1013
f 1042//1042 1034//1034 1061//1061
f 1034//1034 1048//1048 1061//1061
f 1034//1034 1013//1013 1005//1005
f 1034//1034 1005//1005 1036//1036
f 1048//1048 1034//1034 1036//1036
f 1019//1019 1030//1030 1004//1004
f 1032//1032 1030//1030 1019//1019
f 1041//1041 1030//1030 1032//1032
f 1065//1065 1063//1063 1081//1081
f 1065//1065 1058//1058 1063//1063
f 1017//1017 1028//1028 1016//1016
f 1009//1009 1027//1027 1026//1026
f 1027//1027 1009//1009 1016//1016
f 1026//1026 1027//1027 1051//1051
f 1028//1028 1027//1027 1016//1016
f 965//965 945//945 948//948
f 926//926 945//945 937//937
f 945//945 965//965 937//937
f 968//968 974//974 960//960
f 967//967 968//968 960//960
f 968//968 979//979 974//974
f 979//979 968//968 994//994
f 968//968 985//985 994//994
f 968//968 967//967 985//985
f 1000//1000 1009//1009 1012//1012
f 1000//1000 1012//1012 994//994
f 985//985 1000//1000 994//994
f 1000//1000 985//985 977//977
f 954//954 936//936 969//969
f 936//936 944//944 969//969
f 907//907 936//936 911//911
f 936//936 907//907 944//944
f 941//941 981//981 948//948
f 941//941 958//958 981//981
f 958//958 941//941 912//912
f 478//478 437//437 514//514
f 414//414 365//365 383//383
f 437//437 414//414 383//383
f 597//597 625//625 594//594
f 597//597 556//556 565//565
f 556//556 597//597 594//594
f 824//824 843//843 806//806
f 824//824 845//845 843//843
f 824//824 806//806 794//794
f 845//845 824//824 835//835
f 803//803 824//824 794//794
f 835//835 824//824 803//803
f 753//753 716//716 726//726
f 716//716 686//686 726//726
f 716//716 765//765 715//715
f 716//716 753//753 765//765
f 678//678 716//716 715//715
f 716//716 678//678 661//661
f 686//686 716//716 661//661
f 458//458 497//497 496//496
f 458//458 496//496 466//466
f 413//413 458//458 466//466
f 541//541 484//484 494//494
f 497//497 484//484 541//541
f 484//484 430//430 494//494
f 458//458 484//484 497//497
f 917//917 897//897 912//912
f 917//917 902//902 897//897
f 917//917 941//941 948//948
f 941//941 917//917 912//912
f 945//945 917//917 948//948
f 902//902 917//917 926//926
f 917//917 945//945 926//926
f 900//900 921//921 912//912
f 882//882 900//900 912//912
f 900//900 882//882 866//866
f 900//900 866//866 883//883
f 398//398 429//429 435//435
f 429//429 464//464 435//435
f 429//429 382//382 457//457
f 429//429 398//398 382//382
f 464//464 485//485 518//518
f 485//485 553//553 518//518
f 553//553 485//485 457//457
f 485//485 429//429 457//457
f 429//429 485//485 464//464
f 566//566 518//518 598//598
f 566//566 510//510 518//518
f 566//566 582//582 535//535
f 510//510 566//566 535//535
f 631//631 606//606 623//623
f 728//728 746//746 707//707
f 691//691 728//728 707//707
f 728//728 734//734 762//762
f 746//746 728//728 762//762
f 734//734 728//728 718//718
f 728//728 691//691 718//718
f 812//812 840//840 815//815
f 856//856 840//840 858//858
f 801//801 793//793 788//788
f 801//801 809//809 793//793
f 778//778 801//801 788//788
f 801//801 778//778 804//804
f 878//878 862//862 886//886
f 862//862 832//832 838//838
f 876//876 862//862 838//838
f 886//886 862//862 899//899
f 862//862 876//876 899//899
f 489//489 483//483 523//523
f 483//483 489//489 460//460
f 427//427 483//483 460//460
f 471//471 483//483 427//427
f 554//554 571//571 581//581
f 571//571 554//554 539//539
f 571//571 539//539 580//580
f 638//638 571//571 580//580
f 571//571 638//638 581//581
f 488//488 480//480 504//504
f 504//504 480//480 473//473
f 480//480 444//444 473//473
f 480//480 488//488 441//441
f 554//554 521//521 539//539
f 521//521 488//488 539//539
f 521//521 554//554 523//523
f 375//375 374//374 346//346
f 327//327 374//374 358//358
f 374//374 327//327 346//346
f 358//358 374//374 391//391
f 374//374 375//375 391//391
f 447//447 416//416 405//405
f 416//416 403//403 405//405
f 416//416 447//447 467//467
f 416//416 467//467 423//423
f 403//403 416//416 423//423
f 140//140 154//154 142//142
f 140//140 146//146 154//154
f 146//146 140//140 128//128
f 344//344 366//366 350//350
f 366//366 344//344 376//376
f 366//366 373//373 350//350
f 373//373 366//366 376//376
f 570//570 552//552 586//586
f 570//570 547//547 552//552
f 570//570 586//586 583//583
f 547//547 570//570 583//583
f 51//51 45//45 64//64
f 74//74 51//51 64//64
f 51//51 46//46 31//31
f 51//51 65//65 46//46
f 65//65 51//51 74//74
f 51//51 31//31 22//22
f 45//45 51//51 22//22
f 114//114 124//124 137//137
f 124//124 114//114 96//96
f 90//90 114//114 125//125
f 114//114 137//137 125//125
f 80//80 114//114 90//90
f 114//114 80//80 96//96
f 151//151 173//173 164//164
f 151//151 164//164 137//137
f 124//124 151//151 137//137
f 81//81 80//80 67//67
f 80//80 81//81 96//96
f 96//96 81//81 99//99
f 75//75 81//81 67//67
f 81//81 75//75 99//99
f 205//205 190//190 176//176
f 190//190 205//205 216//216
f 170//170 190//190 186//186
f 176//176 190//190 170//170
f 190//190 216//216 215//215
f 190//190 207//207 186//186
f 190//190 215//215 207//207
f 201//201 209//209 183//183
f 209//209 205//205 183//183
f 219//219 209//209 201//201
f 216//216 209//209 219//219
f 205//205 209//209 216//216
f 174//174 184//184 189//189
f 184//184 211//211 189//189
f 184//184 174//174 167//167
f 213//213 184//184 167//167
f 211//211 184//184 213//213
f 247//247 211//211 252//252
f 247//247 270//270 255//255
f 270//270 247//247 252//252
f 222//222 247//247 255//255
f 211//211 247//247 222//222
f 224//224 181//181 189//189
f 181//181 224//224 204//204
f 181//181 169//169 189//189
f 181//181 204//204 177//177
f 169//169 181//181 147//147
f 258//258 286//286 248//248
f 248//248 286//286 294//294
f 286//286 258//258 289//289
f 286//286 320//320 294//294
f 286//286 316//316 320//320
f 337//337 286//286 289//289
f 316//316 286//286 337//337
f 548//548 530//530 529//529
f 530//530 506//506 529//529
f 601//601 576//576 608//608
f 601//601 548//548 576//576
f 530//530 601//601 560//560
f 601//601 530//530 548//548
f 607//607 668//668 614//614
f 607//607 639//639 668//668
f 506//506 487//487 529//529
f 487//487 477//477 445//445
f 487//487 506//506 477//477
f 491//491 509//509 558//558
f 491//491 468//468 509//509
f 433//433 424//424 468//468
f 424//424 433//433 389//389
f 491//491 433//433 468//468
f 433//433 491//491 453//453
f 431//431 487//487 445//445
f 487//487 431//431 453//453
f 380//380 378//378 334//334
f 380//380 431//431 378//378
f 321//321 380//380 334//334
f 335//335 380//380 321//321
f 389//389 380//380 335//335
f 418//418 394//394 434//434
f 418//418 434//434 450//450
f 443//443 418//418 450//450
f 418//418 443//443 387//387
f 377//377 387//387 368//368
f 377//377 368//368 356//356
f 394//394 377//377 356//356
f 377//377 418//418 387//387
f 418//418 377//377 394//394
f 434//434 406//406 445//445
f 394//394 406//406 434//434
f 406//406 431//431 445//445
f 431//431 406//406 378//378
f 378//378 406//406 356//356
f 406//406 394//394 356//356
f 693//693 666//666 703//703
f 666//666 693//693 664//664
f 664//664 693//693 667//667
f 693//693 712//712 667//667
f 772//772 749//749 781//781
f 749//749 740//740 781//781
f 795//795 786//786 772//772
f 786//786 795//795 817//817
f 795//795 772//772 781//781
f 818//818 795//795 781//781
f 817//817 795//795 818//818
f 764//764 786//786 785//785
f 764//764 761//761 736//736
f 761//761 764//764 785//785
f 786//786 764//764 772//772
f 764//764 749//749 772//772
f 712//712 764//764 736//736
f 749//749 764//764 712//712
f 868//868 875//875 858//858
f 865//865 868//868 858//858
f 875//875 868//868 885//885
f 868//868 865//865 885//885
f 848//848 842//842 853//853
f 865//865 848//848 853//853
f 880//880 865//865 853//853
f 863//863 880//880 853//853
f 865//865 880//880 885//885
f 880//880 888//888 893//893
f 888//888 880//880 863//863
f 896//896 880//880 893//893
f 880//880 910//910 885//885
f 880//880 896//896 910//910
f 1006//1006 990//990 994//994
f 990//990 979//979 994//994
f 990//990 1006//1006 996//996
f 978//978 990//990 996//996
f 962//962 990//990 978//978
f 974//974 990//990 962//962
f 979//979 990//990 974//974
f 939//939 947//947 966//966
f 947//947 939//939 931//931
f 957//957 939//939 966//966
f 939//939 957//957 919//919
f 931//931 939//939 919//919
f 1051//1051 1054//1054 1068//1068
f 1058//1058 1054//1054 1049//1049
f 1065//1065 1054//1054 1058//1058
f 1027//1027 1054//1054 1051//1051
f 1054//1054 1027//1027 1049//1049
f 1021//1021 1017//1017 1004//1004
f 1030//1030 1021//1021 1004//1004
f 1021//1021 1030//1030 1041//1041
f 1021//1021 1041//1041 1043//1043
f 1028//1028 1021//1021 1043//1043
f 1027//1027 1037//1037 1049//1049
f 1037//1037 1027//1027 1028//1028
f 1049//1049 1037//1037 1043//1043
f 1037//1037 1028//1028 1043//1043
f 1000//1000 999//999 1009//1009
f 999//999 982//982 995//995
f 982//982 999//999 977//977
f 999//999 1000//1000 977//977
f 1016//1016 999//999 995//995
f 1009//1009 999//999 1016//1016
f 921//921 927//927 954//954
f 927//927 936//936 954//954
f 936//936 927//927 911//911
f 533//533 514//514 544//544
f 533//533 478//478 514//514
f 565//565 533//533 544//544
f 556//556 533//533 565//565
f 475//475 536//536 542//542
f 524//524 475//475 542//542
f 475//475 524//524 472//472
f 478//478 451//451 437//437
f 451//451 414//414 437//437
f 414//414 401//401 365//365
f 401//401 425//425 364//364
f 451//451 401//401 414//414
f 597//597 618//618 625//625
f 625//625 618//618 661//661
f 618//618 597//597 565//565
f 618//618 654//654 661//661
f 618//618 631//631 654//654
f 448//448 413//413 412//412
f 448//448 458//458 413//413
f 426//426 448//448 412//412
f 448//448 426//426 430//430
f 484//484 448//448 430//430
f 448//448 484//484 458//458
f 566//566 595//595 582//582
f 595//595 606//606 582//582
f 595//595 566//566 598//598
f 595//595 598//598 623//623
f 606//606 595//595 623//623
f 840//840 836//836 815//815
f 809//809 836//836 839//839
f 836//836 809//809 815//815
f 836//836 856//856 839//839
f 836//836 840//840 856//856
f 841//841 812//812 827//827
f 841//841 840//840 812//812
f 842//842 841//841 827//827
f 840//840 841//841 858//858
f 848//848 841//841 842//842
f 841//841 865//865 858//858
f 841//841 848//848 865//865
f 809//809 808//808 815//815
f 801//801 808//808 809//809
f 815//815 808//808 804//804
f 808//808 801//801 804//804
f 832//832 849//849 819//819
f 862//862 849//849 832//832
f 819//819 849//849 816//816
f 849//849 850//850 816//816
f 850//850 849//849 872//872
f 849//849 878//878 872//872
f 849//849 862//862 878//878
f 436//436 480//480 441//441
f 436//436 384//384 397//397
f 436//436 441//441 384//384
f 480//480 436//436 444//444
f 421//421 436//436 397//397
f 444//444 436//436 421//421
f 492//492 521//521 523//523
f 483//483 492//492 523//523
f 492//492 483//483 471//471
f 521//521 492//492 488//488
f 492//492 471//471 441//441
f 488//488 492//492 441//441
f 151//151 145//145 173//173
f 145//145 129//129 157//157
f 173//173 145//145 157//157
f 145//145 124//124 129//129
f 145//145 151//151 124//124
f 165//165 181//181 177//177
f 181//181 165//165 147//147
f 144//144 165//165 177//177
f 165//165 144//144 147//147
f 493//493 530//530 560//560
f 493//493 560//560 528//528
f 477//477 493//493 470//470
f 506//506 493//493 477//477
f 530//530 493//493 506//506
f 632//632 645//645 658//658
f 645//645 632//632 608//608
f 632//632 601//601 608//608
f 593//593 588//588 564//564
f 560//560 593//593 564//564
f 607//607 593//593 560//560
f 588//588 593//593 614//614
f 593//593 607//607 614//614
f 607//607 621//621 639//639
f 601//601 621//621 560//560
f 621//621 607//607 560//560
f 500//500 487//487 453//453
f 491//491 500//500 453//453
f 487//487 500//500 529//529
f 500//500 548//548 529//529
f 548//548 500//500 558//558
f 500//500 491//491 558//558
f 433//433 415//415 389//389
f 415//415 433//433 453//453
f 415//415 380//380 389//389
f 431//431 415//415 453//453
f 380//380 415//415 431//431
f 693//693 721//721 712//712
f 721//721 749//749 712//712
f 749//749 721//721 740//740
f 740//740 721//721 703//703
f 721//721 693//693 703//703
f 1054//1054 1067//1067 1068//1068
f 1067//1067 1054//1054 1065//1065
f 1068//1068 1067//1067 1081//1081
f 1067//1067 1065//1065 1081//1081
f 1020//1020 1028//1028 1017//1017
f 1021//1021 1020//1020 1017//1017
f 1020//1020 1021//1021 1028//1028
f 909//909 900//900 883//883
f 900//900 909//909 921//921
f 475//475 525//525 536//536
f 525//525 556//556 536//536
f 525//525 533//533 556//556
f 438//438 472//472 425//425
f 438//438 475//475 472//472
f 401//401 438//438 425//425
f 438//438 451//451 475//475
f 438//438 401//401 451//451
f 369//369 337//337 365//365
f 401//401 369//369 365//365
f 337//337 369//369 364//364
f 369//369 401//401 364//364
f 568//568 600//600 565//565
f 600//600 618//618 565//565
f 582//582 600//600 568//568
f 490//490 528//528 450//450
f 490//490 493//493 528//528
f 470//470 490//490 450//450
f 493//493 490//490 470//470
f 639//639 640//640 660//660
f 660//660 640//640 658//658
f 640//640 632//632 658//658
f 920//920 927//927 921//921
f 909//909 920//920 921//921
f 927//927 920//920 911//911
f 911//911 920//920 883//883
f 920//920 909//909 883//883
f 533//533 498//498 478//478
f 525//525 498//498 533//533
f 498//498 525//525 475//475
f 498//498 451//451 478//478
f 451//451 498//498 475//475
f 606//606 605//605 582//582
f 605//605 600//600 582//582
f 605//605 606//606 631//631
f 618//618 605//605 631//631
f 600//600 605//605 618//618
f 640//640 622//622 632//632
f 632//632 622//622 601//601
f 622//622 621//621 601//601
f 621//621 622//622 639//639
f 622//622 640//640 639//639
