-0.682785 -0.602248 -5.535038 30 35 29 0 0.729953 -0.441945 0.521395
-0.770423 0.050656 -5.428412 52 86 41 0 0.846861 0.001346 0.531813
-0.587114 -0.230516 -5.672338 50 85 42 0 0.931830 -0.252341 0.260800
-0.841994 -0.308660 -5.358302 13 16 13 0 0.427597 0.078370 0.900566
-0.600990 0.057228 -5.662114 17 25 15 0 0.682625 0.358501 0.636789
-0.665258 -0.366355 -5.495601 52 84 48 0 0.738435 -0.038268 0.673238
-0.701773 -0.147991 -5.483186 42 73 32 0 0.792156 0.088339 0.603892
-0.790142 -0.509497 -5.388245 38 44 33 0 0.752587 -0.110892 0.649088
-0.840534 -0.114396 -5.341505 45 57 40 0 0.632800 -0.085828 0.769543
-0.573968 -0.407253 -5.641665 22 33 19 0 0.916436 -0.126549 0.379646
-0.611944 -0.091026 -5.600037 41 73 32 0 0.788782 0.190711 0.584339
-0.702504 0.108351 -5.551836 40 53 35 0 0.749331 0.219658 0.624702
-0.778457 -0.697919 -5.502904 62 71 18 0 0.759330 -0.354570 0.545617
-0.734638 -0.266302 -5.430603 46 79 43 0 0.726299 -0.023882 0.686964
-0.633124 -0.245853 -5.549645 40 73 30 0 0.848093 0.173777 0.500539
-0.696661 -0.021646 -5.518971 74 82 60 0 0.767752 0.191555 0.611443
-0.635315 -0.483206 -5.548914 53 89 43 0 0.753083 -0.222963 0.618994
-0.541104 -0.107823 -5.705933 19 21 17 0 0.967356 -0.134890 -0.214540
-0.756547 -0.391186 -5.404312 50 82 46 0 0.658391 -0.006930 0.752644
-0.766041 -0.072038 -5.421109 48 80 40 0 0.742846 0.165583 0.648661
-0.706886 -0.515340 -5.468580 54 77 49 0 0.874443 0.366506 -0.317841
-0.775535 -0.603708 -5.449592 34 40 29 0 0.784632 -0.356065 0.507514
-0.832500 -0.007039 -5.366335 31 41 30 0 0.477127 0.389789 0.787664
-0.816433 -0.210068 -5.370717 52 84 48 0 0.531813 0.001346 0.846861
-0.592956 -0.312312 -5.613183 35 67 23 0 0.909821 0.236524 0.341001
-0.636045 0.003185 -5.592003 43 73 36 0 0.727543 0.199263 0.656487
-0.568856 -0.030410 -5.662114 44 78 37 0 0.730311 0.111102 0.674019
-0.641887 -0.158215 -5.550375 44 78 34 0 0.810309 0.094222 0.578378
-0.614135 -0.384613 -5.562790 52 87 42 0 0.806656 0.088025 0.584429
-0.758008 -0.161136 -5.421109 47 77 43 0 0.647420 0.064598 0.759391
-0.703964 -0.435735 -5.453973 53 82 49 0 0.672455 -0.095228 0.733987
-0.594417 -0.166249 -5.620486 50 83 37 0 0.862685 -0.125718 0.489866
-0.685706 -0.242201 -5.489759 64 83 59 0 0.616608 0.126293 0.777074
-0.649921 0.086441 -5.607340 48 77 44 0 0.758619 0.212538 0.615893
-0.735368 0.052846 -5.496332 65 85 54 0 0.825046 0.279174 0.491285
-0.712728 -0.337143 -5.444479 43 77 33 0 0.748935 0.015341 0.662466
-0.820085 -0.380962 -5.365605 44 53 42 0 0.406246 0.118663 0.906026
-0.666718 -0.091026 -5.532847 80 98 70 0 0.702740 0.110959 0.702740
-0.776266 -0.312312 -5.393357 50 81 50 0 0.599667 0.070128 0.797171
-0.578350 -0.300627 -5.685484 21 37 16 0 0.500495 0.588123 0.635308
-0.593687 -0.472982 -5.605879 36 57 36 0 0.754698 -0.373274 0.539535
-0.644809 -0.552586 -5.567903 36 57 33 0 0.895030 -0.247058 0.371327
-0.636045 -0.315233 -5.534308 55 88 43 0 0.832241 0.006810 0.554373
-0.742671 -0.009230 -5.464198 50 80 36 0 0.763469 0.182070 0.619649
-0.742671 -0.633651 -5.502904 57 86 54 0 0.402690 -0.460910 0.790824
-0.714919 -0.076420 -5.480995 41 71 27 0 0.765513 0.158538 0.623583
-0.679864 0.043352 -5.555487 41 68 32 0 0.693838 0.156379 0.702947
-0.563013 -0.170630 -5.692057 47 81 38 0 0.949627 -0.229595 0.213293
-0.795984 -0.445230 -5.370717 62 80 56 0 0.691755 0.001381 0.722131
-0.652112 -0.428432 -5.513129 45 78 37 0 0.740025 -0.086117 0.667044
-0.748514 -0.467869 -5.416727 50 82 44 0 0.738366 -0.136291 0.660485
-0.722953 -0.205686 -5.451782 54 85 49 0 0.703874 0.095515 0.703874
-0.608293 -0.243662 -5.613183 41 73 30 0 0.951325 0.062908 0.301702
-0.808400 -0.066195 -5.372178 51 84 43 0 0.699458 0.038307 0.713646
-0.754356 -0.540171 -5.434255 53 89 47 0 0.705390 -0.398124 0.586448
-0.571777 -0.094678 -5.651889 38 73 26 0 0.785217 -0.015233 0.619033
-0.718571 -0.573035 -5.491220 44 80 35 0 0.357000 -0.849628 -0.388179
-0.785030 -0.006309 -5.407963 52 86 42 0 0.674019 0.111102 0.730311
-0.800366 -0.139957 -5.380211 55 88 52 0 0.678605 0.015328 0.734343
-0.766772 -0.220292 -5.408694 48 77 48 0 0.536374 -0.023321 0.843658
-0.679134 -0.301357 -5.486837 82 86 68 0 0.696072 0.079925 0.713510
-0.674021 -0.529216 -5.516050 57 93 51 0 0.666137 -0.199377 0.718686
-0.568125 -0.348828 -5.653350 49 78 38 0 0.932915 0.141517 0.331123
-0.641157 -0.050128 -5.572285 43 75 35 0 0.775973 0.119722 0.619300
-0.809130 -0.265572 -5.376560 48 81 46 0 0.531794 0.096038 0.841410
-0.668179 -0.193270 -5.515320 69 96 63 0 0.641614 -0.015310 0.766875
-0.601720 0.006837 -5.635092 44 77 35 0 0.731054 0.206433 0.650343
-0.852219 -0.175743 -5.346617 22 25 22 0 0.458952 -0.127248 0.879301
-0.678403 -0.472982 -5.489028 50 84 47 0 0.752118 -0.229857 0.617644
-0.735368 -0.115126 -5.451052 68 93 57 0 0.721813 0.046982 0.690492
-0.747053 0.101778 -5.524084 22 13 10 0 0.110267 0.990082 0.087053
-0.611944 -0.440117 -5.568633 43 76 33 0 0.792016 -0.040797 0.609135
-0.587844 -0.363434 -5.605149 47 82 36 0 0.895310 0.047407 0.442914
-0.619248 -0.516801 -5.594924 23 29 23 0 0.887544 -0.222994 0.403161
-0.604641 -0.043555 -5.617564 41 74 32 0 0.745088 0.047013 0.665308
-0.756547 0.086441 -5.462007 42 50 38 0 0.707165 0.315554 0.632727
-0.571777 0.018522 -5.675990 50 60 46 0 0.768164 0.600565 0.221914
-0.849297 -0.246583 -5.353189 28 33 26 0 0.552890 -0.054867 0.831446
-0.618517 -0.204225 -5.584700 41 75 30 0 0.917739 -0.046485 0.394455
-0.668179 -0.003388 -5.554027 41 75 33 0 0.699842 0.142978 0.699842
-0.697392 -0.380231 -5.459085 46 78 41 0 0.773740 0.046850 0.631769
-0.616326 -0.288211 -5.568633 40 74 28 0 0.869012 0.062569 0.490818
-0.595877 -0.272875 -5.648968 41 73 26 0 0.962722 0.112124 0.246158
-0.654303 -0.272145 -5.516780 50 79 43 0 0.759264 0.110572 0.641320
-0.623630 0.047734 -5.621946 44 75 35 0 0.736611 0.374022 0.563483
-0.546946 -0.066195 -5.686214 44 72 34 0 0.871255 0.001330 0.490829
-0.636045 -0.114396 -5.564251 40 70 30 0 0.799478 0.088188 0.594187
-0.771154 -0.115857 -5.407963 42 73 32 0 0.750063 -0.006932 0.661331
-0.707616 0.022173 -5.521893 90 90 79 0 0.743326 0.275365 0.609623
-0.570316 -0.142148 -5.657732 39 75 27 0 0.885711 -0.111597 0.450625
-0.590765 -0.407253 -5.599307 44 80 31 0 0.869472 -0.056675 0.490720
-0.638236 -0.364895 -5.530657 50 85 40 0 0.773712 0.001374 0.633537
-0.671100 -0.133384 -5.521893 44 77 36 0 0.719831 0.095293 0.687578
-0.743401 -0.051589 -5.452513 46 79 38 0 0.705619 0.159333 0.690445
-0.769693 -0.269954 -5.402121 47 80 47 0 0.610227 0.198285 0.767011
-0.791602 -0.351749 -5.382402 54 87 53 0 0.420991 0.078164 0.903691
-0.785760 -0.180125 -5.393357 49 81 41 0 0.690228 0.006944 0.723559
-0.650651 0.044083 -5.587621 37 68 29 0 0.741224 0.215996 0.635557
-0.774805 -0.653370 -5.481725 17 21 13 0 0.809765 -0.381723 0.445610
-0.606102 -0.333491 -5.578127 43 78 30 0 0.856228 0.054297 0.513737
-0.749244 -0.338603 -5.413806 50 82 46 0 0.553248 0.063673 0.830580
-0.594417 -0.209337 -5.635822 43 78 34 0 0.869101 -0.188034 0.457500
-0.800366 0.033858 -5.402851 32 37 31 0 0.269220 0.243848 0.931697
-0.735368 -0.422590 -5.424030 47 81 44 0 0.506351 0.023078 0.862019
-0.705425 -0.280908 -5.457625 43 75 36 0 0.759601 0.038192 0.649267
-0.617057 -0.156024 -5.586161 39 73 29 0 0.821874 0.093887 0.561879
-0.714189 -0.476633 -5.450322 49 84 43 0 0.577040 -0.134989 0.805483
-0.717110 0.070374 -5.529926 94 94 79 0 0.665420 0.213495 0.715287
-0.694470 -0.199113 -5.483186 43 71 31 0 0.777074 0.126293 0.616608
-0.788681 -0.404332 -5.380211 52 84 50 0 0.475485 0.031157 0.879172
-0.692279 -0.062544 -5.513129 116 103 96 0 0.792127 0.167478 0.586929
-0.638966 -0.199113 -5.548914 38 72 27 0 0.815954 0.093871 0.570445
-0.676212 -0.416017 -5.482456 50 82 43 0 0.789869 -0.064275 0.609899
-0.727334 -0.380231 -5.431334 48 82 42 0 0.688218 -0.086210 0.720364
-0.676212 0.088632 -5.575936 43 74 36 0 0.726913 0.244407 0.641765
-0.749974 0.033858 -5.463468 48 80 34 0 0.828614 0.093669 0.551929
-0.779917 -0.573035 -5.423300 35 42 32 0 0.783345 -0.436273 0.442760
-0.749244 -0.670897 -5.516780 15 25 10 0 0.270079 -0.293188 0.917114
-0.668909 -0.042095 -5.543072 48 82 42 0 0.713232 0.127096 0.689308
-0.749244 -0.575956 -5.461277 55 89 54 0 0.830300 -0.291306 0.475125
-0.595147 -0.123160 -5.616834 39 73 30 0 0.845402 0.071979 0.529258
-0.668179 -0.564271 -5.532847 52 89 45 0 0.799300 -0.230359 0.555026
-0.765311 -0.429893 -5.397739 53 86 48 0 0.654720 -0.086032 0.750960
-0.761659 -0.504385 -5.417458 54 89 53 0 0.709431 -0.136487 0.691433
-0.720031 -0.038443 -5.483916 45 79 33 0 0.770767 0.174829 0.612661
-0.726604 -0.152373 -5.453973 44 77 35 0 0.730283 0.038287 0.682071
-0.657224 -0.234168 -5.518971 44 77 37 0 0.721603 0.055949 0.690042
-0.577620 -0.183046 -5.657732 41 77 29 0 0.894190 -0.323939 0.309011
-0.690819 -0.101981 -5.505826 114 114 99 0 0.697260 0.166305 0.697260
-0.585653 -0.265572 -5.697169 27 37 24 0 0.761293 0.001377 0.648407
-0.711268 -0.606630 -5.505826 61 94 68 0 0.704518 -0.333548 0.626419
-0.709807 -0.240011 -5.458355 48 77 42 0 0.785764 0.032215 0.617686
-0.805478 -0.103441 -5.375099 50 83 42 0 0.694456 -0.055843 0.717365
-0.764581 0.011949 -5.437176 53 87 41 0 0.830580 0.063673 0.553248
-0.569586 -0.203495 -5.708124 12 21 10 0 0.695329 -0.276533 0.663360
-0.657224 -0.489049 -5.519702 50 86 44 0 0.816260 -0.229045 0.530338
-0.749974 -0.299897 -5.415997 51 83 51 0 0.683012 0.095475 0.724140
-0.628742 0.083520 -5.637283 31 41 27 0 0.611221 0.387161 0.690301
-0.768963 -0.035522 -5.423300 46 79 36 0 0.816280 0.127957 0.563307
-0.656494 -0.330570 -5.508017 40 72 31 0 0.728870 0.086179 0.679207
-0.782108 -0.543822 -5.401391 16 19 13 0 0.750640 -0.363108 0.551989
-0.820815 -0.174282 -5.365605 55 88 53 0 0.578214 -0.046426 0.814564
-0.797445 -0.036252 -5.389706 53 81 43 0 0.733044 0.149632 0.663518
-0.776996 -0.467869 -5.391896 55 90 53 0 0.718724 -0.230179 0.656090
-0.684976 -0.343716 -5.475152 54 82 45 0 0.736827 0.182292 0.651042
-0.806939 -0.306469 -5.375099 55 85 57 0 0.474335 0.062231 0.878142
-0.649921 -0.524834 -5.541611 47 79 39 0 0.832825 -0.204793 0.514258
-0.613405 -0.474442 -5.576666 50 84 44 0 0.791739 -0.340688 0.507033
-0.755817 -0.611742 -5.477344 70 99 69 0 0.450034 -0.286104 0.845940
-0.736829 -0.510958 -5.441558 60 94 57 0 0.617163 -0.205721 0.759466
-0.828118 -0.340064 -5.363414 28 34 26 0 0.442914 0.047407 0.895310
-0.631663 -0.405792 -5.541611 49 85 40 0 0.809344 -0.032039 0.586461
-0.580541 -0.438657 -5.628519 23 38 18 0 0.879172 -0.031157 0.475485
-0.723683 -0.002658 -5.491950 46 78 28 0 0.827037 0.182280 0.531774
-0.786490 -0.081532 -5.395548 49 81 40 0 0.777741 0.006907 0.628547
-0.789411 -0.238550 -5.391166 51 81 53 0 0.506351 0.023078 0.862019
-0.699582 -0.545283 -5.494871 61 97 63 0 0.738834 -0.268522 0.618078
-0.652842 -0.393377 -5.511668 45 79 39 0 0.821309 -0.046330 0.568599
-0.723683 -0.300627 -5.437176 43 78 39 0 0.603401 0.079205 0.793494
-0.582732 -0.064735 -5.640934 42 76 34 0 0.736989 0.047042 0.674266
-0.604641 -0.275796 -5.603688 37 69 24 0 0.956477 0.157865 0.245420
-0.832500 -0.064004 -5.348808 23 27 22 0 0.574005 0.103176 0.812326
-0.577620 -0.316694 -5.656271 35 66 23 0 0.871866 0.444102 0.206455
-0.710537 -0.109284 -5.479535 40 72 30 0 0.789266 0.110233 0.604075
-0.617787 -0.239280 -5.581779 40 73 28 0 0.912998 0.118120 0.390491
-0.550598 -0.142148 -5.703012 23 34 19 0 0.745076 -0.373353 0.552693
-0.632393 -0.446690 -5.543802 46 82 39 0 0.820436 -0.055072 0.569080
-0.594417 -0.440848 -5.596385 47 83 35 0 0.847185 -0.031683 0.530352
-0.730986 -0.548935 -5.464928 57 91 52 0 0.753709 -0.461421 0.467989
-0.555710 -0.114396 -5.677450 48 84 36 0 0.855834 -0.095409 0.508374
-0.685706 -0.508767 -5.493411 52 86 46 0 0.767752 -0.191555 0.611443
-0.824467 -0.142878 -5.357572 53 84 51 0 0.663978 -0.086098 0.742779
-0.546946 -0.025297 -5.685484 5 16 5 0 0.674190 0.015354 0.738398
-0.685706 -0.575226 -5.508017 53 89 52 0 0.875148 -0.389797 0.286660
-0.744862 -0.196922 -5.429873 45 73 40 0 0.667544 0.079989 0.740261
-0.632393 -0.080801 -5.575936 41 74 32 0 0.796233 0.119214 0.593128
-0.620708 -0.351019 -5.556218 58 90 47 0 0.785794 0.001371 0.618487
-0.851488 -0.207146 -5.350268 25 30 25 0 0.434034 -0.009179 0.900850
-0.808400 -0.006309 -5.386784 61 93 57 0 0.678405 0.156322 0.717865
-0.700313 -0.313042 -5.460546 40 74 30 0 0.791522 0.023648 0.610682
-0.736829 -0.227595 -5.434255 47 79 47 0 0.593929 0.174685 0.785323
-0.799636 -0.478824 -5.373639 10 21 10 0 0.626419 -0.333548 0.704518
-0.630202 -0.510958 -5.566442 54 92 46 0 0.721990 -0.365088 0.587742
-0.834691 -0.278717 -5.361953 57 86 57 0 0.418083 -0.017038 0.908249
-0.618517 -0.017264 -5.607340 41 75 32 0 0.768514 0.135796 0.625257
-0.742671 0.084980 -5.498523 66 85 66 0 0.914774 0.220410 0.338538
-0.752165 -0.099790 -5.430603 47 80 37 0 0.736989 0.047042 0.674266
-0.709807 -0.177934 -5.467849 49 81 38 0 0.777567 0.055642 0.626334
-0.656494 -0.458375 -5.513129 51 83 45 0 0.830951 -0.046086 0.554433
-0.632393 -0.279448 -5.544533 41 75 31 0 0.830951 0.046086 0.554433
-0.681325 -0.156754 -5.505826 67 81 59 0 0.815954 0.093871 0.570445
-0.826658 -0.036252 -5.361953 64 78 60 0 0.557066 0.213312 0.802605
-0.660145 -0.165518 -5.527735 49 83 40 0 0.760742 0.032342 0.648248
-0.655033 -0.067656 -5.550375 42 72 35 0 0.721462 0.133493 0.679464
-0.736829 -0.080801 -5.453973 47 79 37 0 0.720462 0.159260 0.674959
-0.572507 -0.373659 -5.637283 53 89 39 0 0.924241 -0.054367 0.377918
-0.716380 -0.632921 -5.518971 20 28 20 0 0.389101 -0.411336 0.824259
-0.687167 -0.450342 -5.472961 70 95 65 0 0.807688 -0.055166 0.587024
-0.793063 -0.207877 -5.388975 52 84 48 0 0.609733 -0.032239 0.791951
-0.695201 0.068913 -5.548914 43 70 40 0 0.694314 0.189358 0.694314
-0.777726 -0.376580 -5.391166 54 86 56 0 0.521280 0.149148 0.840251
-0.587844 -0.023106 -5.641665 43 74 34 0 0.772175 0.142440 0.619239
-0.749974 -0.131193 -5.432064 52 82 41 0 0.767863 0.006918 0.640577
-0.655763 -0.302087 -5.512399 48 82 40 0 0.713510 0.079925 0.696072
-0.592226 0.030937 -5.654810 45 78 38 0 0.674752 0.333311 0.658493
-0.577620 -0.204225 -5.678181 48 86 38 0 0.887302 -0.386237 0.252024
-0.595877 -0.237089 -5.646047 49 86 37 0 0.902739 -0.167386 0.396289
-0.623630 -0.057431 -5.593464 39 69 32 0 0.821621 0.159552 0.547250
-0.774805 -0.145800 -5.404312 45 75 38 0 0.648643 0.023816 0.760720
-0.590035 -0.098329 -5.629250 50 82 41 0 0.783734 0.046769 0.619334
-0.605372 -0.197652 -5.608800 51 84 43 0 0.832979 -0.174970 0.524911
-0.579811 -0.229056 -5.702281 24 33 23 0 0.881641 -0.230446 0.411829
-0.730256 -0.448151 -5.434255 49 83 44 0 0.538443 -0.394422 0.744655
-0.662336 0.019982 -5.567903 43 71 30 0 0.714028 0.189688 0.673931
-0.686437 -0.275066 -5.481725 48 79 40 0 0.797152 0.064171 0.600359
-0.576889 -0.004118 -5.658462 45 78 38 0 0.726005 0.110897 0.678689
-0.690088 -0.129002 -5.499253 69 82 60 0 0.694534 0.101747 0.712229
-0.734638 0.021443 -5.484647 42 69 27 0 0.768089 0.174911 0.615992
-0.563013 -0.062544 -5.664305 42 75 33 0 0.795769 0.040845 0.604221
-0.768232 -0.351019 -5.398469 50 82 49 0 0.591008 0.001365 0.806665
-0.651382 -0.134115 -5.540881 37 69 26 0 0.776245 0.070568 0.626469
-0.814242 -0.237089 -5.374369 55 87 55 0 0.501117 0.023087 0.865072
-0.812782 -0.407253 -5.365605 37 44 36 0 0.536944 0.159150 0.828470
-0.698122 -0.409444 -5.458355 46 79 44 0 0.711203 0.015370 0.702819
-0.768232 0.076217 -5.437176 14 17 13 0 0.541481 0.491188 0.682299
-0.625090 -0.177203 -5.571554 42 75 32 0 0.828486 0.001356 0.560008
-0.822276 -0.091756 -5.357572 58 89 54 0 0.682310 0.032491 0.730340
-0.618517 -0.313773 -5.560600 44 78 33 0 0.834066 0.078416 0.546064
-0.599529 -0.375119 -5.583970 50 84 44 0 0.799835 0.001367 0.600218
-0.766772 -0.186697 -5.410885 44 74 42 0 0.577415 0.055059 0.814592
-0.695201 -0.490509 -5.476613 76 103 73 0 0.738834 -0.268522 0.618078
-0.609753 -0.132654 -5.596385 43 74 36 0 0.818162 0.063808 0.571437
-0.678403 -0.218831 -5.499983 54 74 45 0 0.777427 0.064428 0.625664
-0.579080 -0.340794 -5.630710 48 80 37 0 0.902739 0.167386 0.396289
-0.730256 -0.349558 -5.429142 47 80 41 0 0.677534 0.001380 0.735490
-0.719301 0.045543 -5.518241 100 95 86 0 0.696391 0.286561 0.657969
-0.640427 -0.025297 -5.581048 50 78 38 0 0.789865 0.181106 0.585930
-0.750705 -0.245123 -5.420379 45 76 41 0 0.679207 0.086179 0.728870
-0.785760 -0.288211 -5.388975 50 81 49 0 0.459341 0.006619 0.888235
-0.616326 -0.415287 -5.561330 50 86 43 0 0.730340 -0.032491 0.682310
-0.778457 0.027285 -5.419649 55 88 48 0 0.769947 -0.055710 0.635671
-0.604641 -0.308660 -5.586161 36 70 20 0 0.885650 0.166693 0.433403
-0.722222 0.103238 -5.532117 49 52 46 0 0.318905 0.189657 0.928617
-0.779187 -0.055240 -5.406503 47 81 35 0 0.791075 0.046700 0.609934
-0.747783 0.062341 -5.475883 50 78 40 0 0.912590 0.126787 0.388722
-0.689358 0.010488 -5.535769 45 74 34 0 0.702812 0.183008 0.687433
-0.729525 -0.600057 -5.489028 65 96 69 0 0.482668 -0.379355 0.789380
-0.720762 -0.404332 -5.437176 52 86 51 0 0.656144 -0.070662 0.751320
-0.750705 -0.365625 -5.410154 49 83 47 0 0.515959 0.023143 0.856301
-0.668179 -0.391916 -5.491220 46 79 38 0 0.767314 0.038154 0.640135
-0.671830 -0.440117 -5.490489 46 80 42 0 0.791038 -0.055387 0.609255
-0.608293 -0.068386 -5.610991 64 92 56 0 0.746508 0.095330 0.658511
-0.616326 -0.264111 -5.576666 44 75 33 0 0.893616 0.111174 0.434846
-0.670370 -0.257538 -5.503635 60 85 56 0 0.679207 0.086179 0.728870
-0.752896 -0.028949 -5.446670 65 90 53 0 0.762325 0.191732 0.618142
-0.579811 -0.160406 -5.643126 44 80 32 0 0.855834 -0.095409 0.508374
-0.733177 -0.179394 -5.443749 48 81 42 0 0.711743 0.086228 0.697128
-0.588574 -0.302087 -5.635822 36 67 24 0 0.899594 0.338271 0.276230
-0.744132 -0.490509 -5.429142 55 90 54 0 0.745004 -0.229593 0.626303
-0.704695 -0.216640 -5.468580 46 76 41 0 0.767968 0.095082 0.633391
-0.715649 -0.134115 -5.467849 46 78 37 0 0.813900 0.078950 0.575616
-0.789411 -0.118048 -5.391166 49 82 43 0 0.726264 -0.006943 0.687381
-0.703964 -0.042825 -5.503635 53 82 38 0 0.805157 0.141386 0.575962
-0.652112 -0.206416 -5.529196 61 89 50 0 0.718027 0.101733 0.688540
-0.665258 0.066723 -5.579588 48 76 44 0 0.774507 0.277175 0.568606
-0.687897 -0.177934 -5.494141 64 80 50 0 0.704844 0.079931 0.704844
-0.630933 0.024364 -5.603688 37 68 27 0 0.777502 0.174976 0.604048
-0.641157 0.058689 -5.605149 46 77 37 0 0.729158 0.220153 0.647967
-0.593687 -0.339334 -5.598576 41 76 26 0 0.896301 0.078478 0.436447
-0.774075 -0.492700 -5.399930 56 90 53 0 0.714917 -0.104658 0.691332
-0.806209 -0.334221 -5.373639 60 93 55 0 0.469027 -0.031088 0.882636
-0.673291 -0.328379 -5.490489 49 78 44 0 0.778406 0.032258 0.626932
-0.758738 0.053577 -5.449592 52 83 40 0 0.903820 0.017103 0.427571
-0.591496 -0.260459 -5.669417 50 83 38 0 0.983039 0.001139 0.183394
-0.765311 -0.670897 -5.498523 82 108 67 0 0.660294 -0.326091 0.676518
-0.587114 -0.294784 -5.660653 34 63 24 0 0.891752 0.402679 0.206465
-0.764581 -0.012882 -5.432794 46 80 35 0 0.846227 0.063151 0.529067
-0.619978 -0.108554 -5.585430 41 74 32 0 0.792378 0.015211 0.609841
-0.580541 -0.388265 -5.619755 47 85 34 0 0.945328 -0.024044 0.325233
-0.626551 -0.134115 -5.574476 51 80 42 0 0.785764 0.032215 0.617686
-0.627281 -0.217371 -5.566442 40 73 26 0 0.908257 0.077851 0.411106
-0.658685 -0.570844 -5.554027 49 65 47 0 0.854703 -0.254430 0.452490
-0.844185 -0.142878 -5.343696 27 32 27 0 0.094315 -0.182506 0.978671
-0.638966 -0.338603 -5.529196 43 77 31 0 0.828358 0.015061 0.559997
-0.767502 -0.567192 -5.443018 39 72 27 0 0.206433 0.650343 -0.731054
-0.671830 -0.067656 -5.531387 40 71 26 0 0.686980 0.149475 0.711137
-0.610484 -0.491240 -5.593464 52 79 52 0 0.807370 -0.465237 0.362917
-0.587114 -0.143609 -5.627789 39 73 26 0 0.852716 0.001343 0.522373
-0.680594 -0.367816 -5.477344 81 99 72 0 0.777567 0.055642 0.626334
-0.697392 0.045543 -5.539421 62 80 51 0 0.673896 0.220462 0.705167
-0.607563 0.042622 -5.640934 46 78 39 0 0.802106 0.316077 0.506677
-0.611944 -0.180855 -5.593464 45 78 37 0 0.858866 -0.077566 0.506294
-0.564474 -0.332030 -5.669417 13 22 10 0 0.707710 0.351403 0.612913
-0.803287 -0.164788 -5.378020 46 77 42 0 0.681224 -0.079888 0.727704
-0.775535 -0.518261 -5.404312 54 80 47 0 0.711137 -0.149475 0.686980
-0.546946 -0.089565 -5.687675 47 78 36 0 0.866406 -0.080041 0.492883
-0.602450 -0.397759 -5.578857 44 81 35 0 0.769772 -0.040960 0.637004
-0.644809 -0.470060 -5.532117 49 83 43 0 0.866406 -0.080041 0.492883
-0.712728 -0.368546 -5.445209 46 80 40 0 0.698706 0.006945 0.715375
-0.834691 -0.191079 -5.357572 60 91 57 0 0.515959 -0.023143 0.856301
-0.629472 -0.382422 -5.543072 45 79 35 0 0.815934 -0.023550 0.577665
-0.838343 -0.224674 -5.357572 61 89 57 0 0.599762 -0.055297 0.798265
-0.814242 0.015600 -5.391166 21 24 22 0 0.339517 0.260149 0.903908
-0.665258 0.097396 -5.594194 42 61 33 0 0.844583 0.276381 0.458576
-0.800366 -0.375119 -5.375829 58 87 59 0 0.513885 0.063010 0.855542
-0.612675 -0.220292 -5.600037 48 82 34 0 0.930374 -0.062201 0.361297
-0.826658 -0.254617 -5.366335 54 85 54 0 0.394455 -0.046485 0.917739
-0.817163 -0.118778 -5.362684 54 87 47 0 0.726010 -0.047069 0.686072
-0.616326 0.015600 -5.619025 42 74 34 0 0.751109 0.236780 0.616255
-0.731716 0.068913 -5.512399 105 107 100 0 0.862884 0.269366 0.427637
-0.650651 -0.001927 -5.575206 62 86 52 0 0.714028 0.189688 0.673931
-0.653573 -0.546744 -5.546723 47 84 37 0 0.892662 -0.306525 0.330449
-0.581271 -0.416017 -5.621946 45 81 32 0 0.945619 -0.039560 0.322863
-0.555710 -0.004849 -5.681102 15 22 11 0 0.569967 0.364191 0.736548
-0.714919 -0.261190 -5.451782 63 91 54 0 0.752971 0.023837 0.657622
-0.577620 -0.114396 -5.642395 48 82 36 0 0.815934 0.023550 0.577665
-0.678403 -0.016534 -5.538690 42 73 34 0 0.642317 0.205851 0.738278
-0.751435 -0.272145 -5.415267 49 81 47 0 0.649267 0.038192 0.759601
-0.659415 -0.510958 -5.524814 49 85 43 0 0.707165 -0.315554 0.632727
-0.730256 -0.529216 -5.453973 56 92 53 0 0.626342 -0.388365 0.675920
-0.710537 -0.001927 -5.510208 60 80 46 0 0.759955 0.175140 0.625935
-0.752165 0.012679 -5.456164 50 81 36 0 0.826957 0.149951 0.541902
-0.657954 -0.028949 -5.557678 37 69 25 0 0.769200 0.126464 0.626370
-0.672561 -0.280178 -5.498523 43 70 38 0 0.721454 0.149736 0.676080
-0.721492 0.021443 -5.504365 45 75 31 0 0.849004 0.245403 0.467943
-0.559362 -0.144339 -5.682562 43 80 32 0 0.922759 -0.206163 0.325596
-0.750705 -0.071307 -5.439367 46 78 38 0 0.712674 0.133533 0.688668
-0.751435 -0.439387 -5.412345 57 90 58 0 0.698384 -0.064799 0.712784
-0.651382 -0.092487 -5.548914 44 75 37 0 0.777918 0.104015 0.619697
-0.788681 -0.669437 -5.488298 30 34 23 0 0.331847 0.935944 -0.117840
-0.711998 -0.022376 -5.500714 51 83 33 0 0.746307 0.199324 0.635056
-0.733907 -0.318154 -5.428412 49 82 47 0 0.663978 0.086098 0.742779
-0.779917 -0.632921 -5.475152 22 26 17 0 0.994544 -0.022976 0.101752
-0.751435 -0.411635 -5.410885 52 84 47 0 0.633537 0.001374 0.773712
-0.723683 -0.098329 -5.465658 54 81 40 0 0.767250 0.110449 0.631766
-0.742671 -0.157485 -5.436446 44 75 38 0 0.689258 0.070804 0.721048
-0.591496 -0.188158 -5.630710 48 84 39 0 0.888481 -0.166681 0.427573
-0.559362 -0.093947 -5.670147 45 79 33 0 0.837737 0.031743 0.545150
-0.713458 -0.496352 -5.459816 50 89 45 0 0.738834 -0.268522 0.618078
-0.758008 -0.646797 -5.494141 64 96 66 0 0.372742 -0.498603 0.782597
-0.713458 -0.540901 -5.475152 67 98 66 0 0.819871 -0.245498 0.517245
-0.770423 -0.405062 -5.391896 44 77 36 0 0.489866 -0.125718 0.862685
-0.687897 -0.043555 -5.522623 44 74 34 0 0.603751 0.167961 0.779278
-0.649921 -0.185237 -5.536499 42 75 33 0 0.794971 0.144676 0.589144
-0.599529 -0.422590 -5.586161 49 85 36 0 0.810216 -0.072877 0.581583
-0.771154 -0.240741 -5.403582 45 78 40 0 0.572308 0.134574 0.808921
-0.645539 -0.500003 -5.540151 52 88 46 0 0.728060 -0.346928 0.591244
-0.736829 -0.397759 -5.423300 47 80 42 0 0.721603 0.055949 0.690042
-0.766772 -0.294784 -5.401391 48 81 45 0 0.617611 0.064484 0.783836
-0.642618 -0.290402 -5.529196 45 75 35 0 0.783691 0.119546 0.609538
-0.673291 -0.108554 -5.522623 45 77 35 0 0.703437 0.101755 0.703437
-0.678403 -0.552586 -5.518241 62 99 60 0 0.654272 -0.182338 0.733949
-0.668909 -0.585450 -5.542342 49 77 48 0 0.885248 -0.299091 0.356203
-0.705425 0.087171 -5.545263 47 73 46 0 0.641409 0.136056 0.755039
-0.647730 -0.255347 -5.527735 43 78 31 0 0.816001 0.087788 0.571345
-0.695201 -0.469330 -5.468580 53 79 50 0 0.697729 -0.117528 0.706655
-0.603181 -0.153103 -5.606609 52 84 44 0 0.830951 -0.046086 0.554433
-0.771154 -0.554047 -5.421109 62 98 58 0 0.704306 -0.006946 0.709863
-0.755087 0.096665 -5.480265 24 29 23 0 0.583479 0.766903 0.267230
-0.603911 -0.023106 -5.621946 46 80 38 0 0.769200 0.126464 0.626370
-0.624360 -0.036982 -5.597846 42 72 34 0 0.744341 0.110985 0.658512
-0.644809 -0.234898 -5.535769 43 76 35 0 0.807688 0.055166 0.587024
-0.681325 0.071835 -5.564251 46 76 43 0 0.704065 0.196519 0.682402
-0.691549 -0.221753 -5.483916 44 71 32 0 0.810216 0.072877 0.581583
-0.782108 -0.030410 -5.407963 46 78 34 0 0.735563 0.117393 0.667208
-0.728795 -0.017994 -5.478804 42 79 27 0 0.775222 0.135925 0.616892
-0.731716 -0.571574 -5.475152 57 91 56 0 0.784215 -0.110349 0.610599
-0.681325 -0.391186 -5.475152 80 99 69 0 0.822094 0.001359 0.569351
-0.689358 0.107620 -5.567903 27 36 22 0 0.769946 0.228651 0.595736
-0.781378 -0.430623 -5.384593 61 94 54 0 0.626462 0.085757 0.774720
-0.791602 -0.261190 -5.386784 52 83 52 0 0.513885 0.063010 0.855542
-0.703234 -0.587641 -5.503635 49 83 49 0 0.707513 -0.390864 0.588770
-0.604641 -0.456915 -5.583240 54 91 47 0 0.815954 -0.093871 0.570445
-0.594417 -0.073498 -5.626328 46 78 36 0 0.765945 0.070680 0.639009
-0.747053 -0.551856 -5.449592 51 85 47 0 0.722778 -0.421758 0.547459
-0.571047 -0.161867 -5.663574 45 81 35 0 0.873935 -0.245183 0.419669
-0.597338 -0.285290 -5.627789 36 68 22 0 0.924765 0.349047 0.151578
-0.767502 -0.450342 -5.397739 54 86 53 0 0.656920 -0.079758 0.749730
-0.756547 -0.594214 -5.455434 39 72 31 0 0.697930 -0.397638 0.595633
-0.619978 -0.494161 -5.572285 49 85 41 0 0.855979 -0.237856 0.459047
-0.809130 -0.286021 -5.375099 51 83 47 0 0.529572 0.014975 0.848133
-0.642618 -0.440117 -5.527005 46 81 39 0 0.836399 0.006800 0.548079
-0.766041 -0.092487 -5.417458 44 75 34 0 0.777431 0.142304 0.612658
-0.652842 -0.364164 -5.511668 45 79 38 0 0.803048 -0.015204 0.595721
-0.645539 -0.409444 -5.521893 45 80 40 0 0.825728 -0.046263 0.562168
-0.626551 -0.426972 -5.548184 50 86 43 0 0.775292 -0.006910 0.631566
-0.584923 -0.211528 -5.660653 46 81 36 0 0.921197 -0.244984 0.302290
-0.730256 -0.049398 -5.467849 46 81 37 0 0.741502 0.244019 0.625003
-0.739020 -0.653370 -5.516780 21 31 23 0 0.475691 -0.529102 0.702687
-0.616326 0.069644 -5.645316 53 69 46 0 0.476988 0.762198 0.437649
-0.644078 0.021443 -5.588352 41 75 33 0 0.730127 0.213278 0.649175
-0.659415 -0.115126 -5.535769 45 79 38 0 0.721454 0.149736 0.676080
-0.701043 -0.261920 -5.466389 45 76 38 0 0.713960 0.070962 0.696582
-0.698122 -0.083723 -5.501444 66 82 51 0 0.729501 0.236892 0.641647
-0.734638 -0.472982 -5.432064 52 84 47 0 0.697710 -0.047085 0.714832
-0.744132 -0.592023 -5.472231 57 92 53 0 0.557619 -0.763312 0.326215
-0.588574 -0.046477 -5.635822 44 80 34 0 0.736065 0.079849 0.672185
-0.765311 -0.475903 -5.405772 58 95 55 0 0.689650 -0.165942 0.704874
-0.660876 -0.408714 -5.502174 47 82 41 0 0.851185 -0.031627 0.523912
-0.627281 -0.466409 -5.555487 47 81 38 0 0.854015 -0.086680 0.512977
-0.680594 -0.084453 -5.520432 68 86 58 0 0.650991 0.136184 0.746769
-0.704695 -0.353210 -5.454704 54 85 49 0 0.707106 0.001384 0.707106
-0.696661 -0.605169 -5.518971 71 108 71 0 0.705781 -0.300640 0.641473
-0.750705 -0.521183 -5.430603 59 95 53 0 0.707106 -0.254685 0.659649
-0.740480 -0.286021 -5.426221 52 83 54 0 0.601387 0.023611 0.798609
-0.753626 -0.632191 -5.481725 55 82 45 0 0.267580 -0.030827 0.963042
-0.749974 -0.214449 -5.422570 44 76 41 0 0.715375 -0.006945 0.698706
-0.709807 -0.391186 -5.446670 51 85 49 0 0.600218 0.001367 0.799835
-0.789411 -0.321806 -5.382402 41 63 31 0 0.491293 0.014806 0.870868
-0.794524 0.009758 -5.402121 58 88 56 0 0.666394 0.110819 0.737318
-0.710537 -0.453993 -5.451782 55 89 58 0 0.600359 -0.064171 0.797152
-0.759468 0.030937 -5.446670 48 82 34 0 0.884794 0.014680 0.465751
-0.751435 0.102508 -5.498523 20 23 20 0 0.616049 0.731258 0.292823
-0.759468 -0.314503 -5.407233 52 83 51 0 0.694569 0.001381 0.719425
-0.725874 -0.250965 -5.439367 45 74 40 0 0.719831 0.095293 0.687578
-0.823736 -0.313042 -5.367796 52 86 50 0 0.364399 -0.143805 0.920073
-0.584923 -0.321076 -5.628519 37 71 25 0 0.896441 0.214970 0.387532
-0.633854 -0.537250 -5.572285 16 42 14 0 0.301430 -0.649606 0.697963
-0.565934 -0.184506 -5.705202 19 34 18 0 0.837352 -0.394325 0.378615
-0.557901 -0.045746 -5.672338 42 74 30 0 0.799155 0.006877 0.601086
-0.600259 -0.104902 -5.613183 41 73 30 0 0.823205 0.127663 0.553205
-0.628742 -0.152373 -5.568633 41 75 31 0 0.784215 0.110349 0.610599
-0.783569 0.057228 -5.415997 18 20 17 0 0.428311 0.365092 0.826594
-0.806939 -0.194731 -5.377290 57 90 57 0 0.592041 -0.023571 0.805563
-0.666718 0.044813 -5.569364 43 73 40 0 0.704065 0.196519 0.682402
-0.772614 -0.619045 -5.464198 24 28 20 0 0.693257 -0.365476 0.621145
-0.726604 -0.616854 -5.500714 57 90 61 0 0.435888 -0.308690 0.845406
-0.563744 -0.371468 -5.654080 19 30 17 0 0.713975 -0.015369 0.700003
-0.787220 -0.161136 -5.392627 49 83 43 0 0.671016 -0.023815 0.741060
-0.644078 -0.079341 -5.560600 38 71 28 0 0.769784 0.064507 0.635036
-0.689358 -0.323267 -5.472231 45 76 36 0 0.779638 0.088562 0.619936
-0.712728 -0.153103 -5.468580 49 82 42 0 0.730283 0.038287 0.682071
-0.836152 -0.169900 -5.354650 60 89 61 0 0.433406 -0.038913 0.900358
-0.701043 -0.332030 -5.458355 48 83 44 0 0.769772 0.040960 0.637004
-0.691549 -0.298436 -5.472961 48 79 38 0 0.779604 0.148711 0.608361
-0.811321 -0.023106 -5.378751 56 87 52 0 0.671556 0.172861 0.720508
-0.625090 -0.334221 -5.548914 55 87 42 0 0.875957 -0.022945 0.481844
-0.746323 -0.176473 -5.430603 52 84 47 0 0.717928 0.032441 0.695361
-0.680594 0.020713 -5.548914 45 77 38 0 0.720965 0.244528 0.648395
-0.625820 -0.196192 -5.569364 45 78 33 0 0.828486 0.001356 0.560008
-0.710537 -0.055971 -5.491950 42 73 29 0 0.762813 0.158605 0.626866
-0.579811 -0.318154 -5.678911 15 17 11 0 0.805674 0.291682 -0.515568
-0.641887 -0.527025 -5.558409 56 93 47 0 0.806229 -0.267699 0.527571
-0.603181 -0.220292 -5.623407 52 88 45 0 0.911412 -0.190295 0.364851
-0.713458 -0.436466 -5.437906 38 67 30 0 -0.322496 0.805445 -0.497247
-0.747053 -0.660673 -5.499983 65 97 53 0 -0.729777 -0.468315 0.498102
-0.676212 -0.581799 -5.522623 56 93 48 0 0.086007 -0.651615 0.753658
-0.585653 -0.244392 -5.693517 59 84 51 0 0.943952 -0.316416 0.093998
-0.674021 -0.172821 -5.511668 50 82 45 0 0.719141 0.143225 0.679943
-0.587114 -0.446690 -5.612452 51 87 41 0 0.920908 -0.079551 0.381577
-0.801827 -0.082262 -5.378751 52 85 42 0 0.737059 0.032414 0.675050
-0.627281 -0.264841 -5.554757 38 73 25 0 0.856218 0.135192 0.498612
-0.571777 -0.047207 -5.654810 40 75 26 0 0.777074 0.126293 0.616608
-0.655763 -0.047937 -5.554757 44 75 36 0 0.758817 0.159033 0.631590
-0.579080 -0.365625 -5.621946 47 83 35 0 0.887715 0.030982 0.459349
-0.806939 -0.424781 -5.364875 13 16 13 0 0.467160 0.228289 0.854193
-0.774075 -0.588372 -5.439367 57 71 50 0 0.649495 -0.355014 0.672399
-0.686437 -0.536519 -5.504365 60 95 60 0 0.757273 -0.188934 0.625173
-0.586383 -0.196922 -5.646777 44 80 33 0 0.902312 -0.323415 0.285018
-0.583462 -0.082992 -5.638743 41 76 30 0 0.738435 0.038268 0.673238
-0.572507 -0.185237 -5.675259 48 84 37 0 0.915001 -0.259565 0.308867
-0.603181 -0.252426 -5.628519 53 85 44 0 0.957943 0.031142 0.285265
-0.696661 -0.240741 -5.475152 59 85 50 0 0.783674 0.055469 0.618690
-0.730256 0.083520 -5.523354 111 95 97 0 0.687177 0.387258 0.614669
-0.724413 -0.489049 -5.441558 33 65 23 0 0.650785 -0.149484 0.744401
-0.766772 -0.681852 -5.513129 68 81 52 0 0.673424 -0.633907 0.380344
-0.589305 -0.288942 -5.694248 13 17 13 0 0.728060 0.346928 -0.591244
-0.663797 -0.315233 -5.501444 49 81 46 0 0.688668 0.133533 0.712674
-0.666718 -0.471521 -5.502904 46 80 39 0 0.825166 -0.102964 0.555428
-0.757277 -0.002658 -5.445940 46 79 30 0 0.833029 0.087461 0.546272
-0.790142 -0.064004 -5.392627 49 81 38 0 0.759524 0.046849 0.648790
-0.698852 -0.562811 -5.499253 61 94 63 0 0.681738 -0.126800 0.720524
-0.635315 -0.174282 -5.556948 47 82 32 0 0.810228 0.078872 0.580783
-0.587844 -0.285290 -5.675990 38 67 28 0 0.955933 0.235983 0.174654
-0.812782 -0.363434 -5.369987 56 87 53 0 0.397398 0.086035 0.913605
-0.542564 -0.126081 -5.704472 10 25 8 0 0.616892 -0.135925 0.775222
-0.759468 -0.119508 -5.421109 45 77 34 0 0.766875 0.015310 0.641614
-0.828118 0.007567 -5.375829 14 23 13 0 0.515801 0.348688 0.782539
-0.793793 -0.096138 -5.386784 50 82 39 0 0.785794 0.001371 0.618487
-0.600259 -0.349558 -5.585430 43 78 31 0 0.855063 0.101691 0.508455
-0.723683 -0.232707 -5.445209 45 78 39 0 0.718839 0.111161 0.686232
-0.589305 0.000994 -5.646777 46 77 39 0 0.762325 0.191732 0.618142
-0.601720 0.025094 -5.640934 43 75 36 0 0.768164 0.221914 0.600565
-0.693010 0.093014 -5.558409 42 71 38 0 0.729624 0.182790 0.658966
-0.720762 -0.283830 -5.442288 45 75 40 0 0.642124 0.070706 0.763333
-0.625090 -0.293324 -5.554027 44 80 35 0 0.840197 0.111351 0.530727
-0.711998 -0.554777 -5.486107 56 87 58 0 0.600938 -0.380320 0.703015
-0.782108 -0.452533 -5.384593 58 92 56 0 0.677982 -0.032419 0.734363
-0.661606 -0.543092 -5.531387 51 89 45 0 0.729624 -0.182790 0.658966
-0.768232 -0.530677 -5.414536 47 81 42 0 0.801582 -0.173601 0.572127
-0.834691 -0.084453 -5.347347 71 87 64 0 0.540755 0.102383 0.834926
-0.636045 0.041161 -5.605149 46 77 38 0 0.798218 0.196884 0.569284
-0.606102 -0.005579 -5.623407 40 73 30 0 0.739139 0.199058 0.643467
-0.814973 -0.050128 -5.369256 56 87 48 0 0.759264 0.110572 0.641320
-0.654303 0.074026 -5.595655 41 72 35 0 0.726648 0.206064 0.655378
-0.612675 -0.253156 -5.591273 40 70 28 0 0.950267 0.143008 0.276660
-0.786490 -0.491970 -5.387515 60 90 53 0 0.755039 -0.136056 0.641409
-0.602450 -0.292593 -5.599307 47 78 34 0 0.921965 0.166992 0.349420
-0.730256 0.034589 -5.497062 44 71 30 0 0.829908 0.237774 0.504694
-0.641157 -0.141418 -5.554757 41 74 31 0 0.792156 0.088339 0.603892
-0.775535 -0.171361 -5.404312 50 79 45 0 0.706590 -0.038232 0.706590
-0.739750 0.009027 -5.473692 44 71 30 0 0.798218 0.196884 0.569284
-0.780648 0.010488 -5.415997 52 84 46 0 0.729246 0.104599 0.676210
-0.734638 -0.210798 -5.437906 47 78 39 0 0.675370 0.142896 0.723503
-0.711268 -0.320345 -5.448131 45 80 38 0 0.761293 0.001377 0.648407
-0.844185 -0.262650 -5.356841 65 85 63 0 0.508374 -0.095409 0.855834
-0.582001 0.017791 -5.662114 46 76 39 0 0.742711 0.355916 0.567190
-0.802557 -0.226865 -5.381672 57 89 56 0 0.609135 -0.040797 0.792016
-0.764581 -0.138497 -5.415997 50 77 45 0 0.696582 0.070962 0.713960
-0.696661 -0.519722 -5.486107 49 83 45 0 0.760963 -0.278014 0.586212
-0.749244 -0.620506 -5.494141 48 81 51 0 0.023078 -0.506351 0.862019
-0.659415 -0.148721 -5.530657 46 81 36 0 0.736989 0.047042 0.674266
-0.638236 0.085711 -5.619755 53 82 42 0 0.713265 0.315389 0.625926
-0.594417 -0.390456 -5.592003 46 82 35 0 0.871255 0.001330 0.490829
-0.571047 -0.194001 -5.692057 48 84 40 0 0.930352 -0.317579 0.183272
-0.810591 -0.150912 -5.371448 54 85 53 0 0.644083 -0.046920 0.763515
-0.753626 0.066723 -5.460546 44 75 32 0 0.945148 0.001242 0.326641
-0.641157 -0.394107 -5.527735 41 75 32 0 0.820075 -0.118407 0.559873
-0.614866 0.033858 -5.626328 45 77 38 0 0.775802 0.252332 0.578325
-0.638236 -0.097599 -5.564981 40 73 32 0 0.751975 0.120138 0.648152
-0.766772 -0.052319 -5.422570 45 77 34 0 0.819071 0.023481 0.573212
-0.679864 -0.489049 -5.494141 53 88 49 0 0.713080 -0.237693 0.659560
-0.697392 -0.114396 -5.494871 40 73 28 0 0.782275 0.164928 0.600703
-0.693740 -0.425511 -5.462737 51 79 44 0 0.777918 -0.104015 0.619697
-0.615596 -0.367816 -5.563521 58 90 51 0 0.795932 0.079161 0.600188
-0.679864 -0.202034 -5.500714 75 88 68 0 0.770748 0.119828 0.625770
-0.794524 -0.015803 -5.397739 51 85 45 0 0.670256 0.182518 0.719336
-0.769693 -0.334221 -5.398469 49 79 48 0 0.591008 0.001365 0.806665
-0.637506 -0.215910 -5.548914 40 71 28 0 0.850604 0.126500 0.510363
-0.778457 -0.093947 -5.403582 48 79 39 0 0.719240 0.038303 0.693705
-0.671100 -0.240741 -5.504365 48 78 41 0 0.740025 0.086117 0.667044
-0.578350 -0.131193 -5.642395 44 78 32 0 0.846861 0.001346 0.531813
-0.603181 -0.169900 -5.605879 41 75 32 0 0.867668 0.001333 0.497143
-0.674752 -0.505846 -5.505826 54 89 50 0 0.752459 -0.205497 0.625761
-0.572507 -0.356861 -5.637283 50 82 42 0 0.906208 0.046989 0.420212
-0.825197 -0.291863 -5.366335 50 81 45 0 0.378186 0.001273 0.925729
-0.616326 -0.074959 -5.597846 41 69 30 0 0.800496 0.157696 0.578220
-0.762390 -0.372928 -5.400660 47 77 37 0 0.630931 -0.038110 0.774902
-0.720762 -0.180125 -5.455434 48 81 43 0 0.753231 0.095068 0.650850
-0.678403 0.105429 -5.580318 47 53 41 0 0.542520 0.333239 0.771119
-0.647000 -0.116587 -5.551836 58 84 48 0 0.815326 0.040557 0.577581
-0.721492 -0.118778 -5.464928 43 74 34 0 0.746076 0.175458 0.642327
-0.565934 -0.015073 -5.667956 45 77 39 0 0.695271 0.111184 0.710096
-0.659415 -0.250235 -5.515320 47 81 40 0 0.722019 0.038300 0.690812
-0.698852 -0.003388 -5.521893 57 75 45 0 0.697765 0.133551 0.703767
-0.789411 -0.467139 -5.380942 52 82 44 0 0.687433 -0.183008 0.702812
-0.739020 -0.036982 -5.461277 49 82 40 0 0.767011 0.198285 0.610227
-0.632393 -0.043555 -5.584700 43 72 35 0 0.802086 0.197084 0.563752
-0.644809 -0.321806 -5.521893 44 79 35 0 0.785661 0.023723 0.618202
-0.628011 -0.527755 -5.586161 38 51 40 0 0.864145 -0.134615 0.484905
-0.660876 -0.215910 -5.518971 46 79 40 0 0.775996 0.079478 0.625710
-0.737559 -0.370737 -5.422570 50 83 47 0 0.694569 0.001381 0.719425
-0.682055 -0.118048 -5.512399 51 76 44 0 0.729246 0.104599 0.676210
-0.785030 -0.221022 -5.394818 46 77 44 0 0.563126 0.001357 0.826370
-0.730256 -0.069116 -5.463468 42 75 30 0 0.791586 0.174058 0.585743
-0.573968 -0.076420 -5.650429 44 79 34 0 0.791963 0.103936 0.601658
-0.561553 -0.128272 -5.670877 40 77 28 0 0.854568 -0.150979 0.496910
-0.618517 -0.221022 -5.584700 43 77 29 0 0.911070 0.024979 0.411494
-0.616326 -0.334952 -5.562790 45 80 36 0 0.822094 0.001359 0.569351
-0.594417 -0.457645 -5.600037 49 86 39 0 0.878171 -0.158216 0.451424
-0.614135 -0.050128 -5.605879 41 71 32 0 0.720669 0.080074 0.688639
-0.741211 0.046274 -5.482456 43 71 27 0 0.857558 0.173289 0.484320
-0.742671 -0.097599 -5.443749 41 73 29 0 0.783691 0.119546 0.609538
-0.693740 -0.364895 -5.463468 48 81 45 0 0.714543 0.055846 0.697359
-0.739750 -0.136306 -5.443749 45 76 38 0 0.715531 0.095502 0.692023
-0.709807 -0.295515 -5.451782 42 75 36 0 0.787478 0.079470 0.611198
-0.828849 -0.121699 -5.351729 50 81 41 0 0.702041 -0.046993 0.710585
-0.670370 -0.153833 -5.517511 36 69 24 0 0.743379 0.064704 0.665734
-0.830309 -0.237820 -5.362684 55 87 53 0 0.519994 -0.048533 0.852790
-0.798175 -0.391186 -5.375099 50 81 49 0 0.538890 0.063316 0.839993
-0.620708 -0.001197 -5.608070 44 77 39 0 0.790936 0.151583 0.592826
-0.609753 -0.348828 -5.572285 49 84 43 0 0.783734 0.046769 0.619334
-0.674752 -0.351019 -5.485377 51 77 45 0 0.791038 0.055387 0.609255
-0.548407 -0.041364 -5.686944 21 29 18 0 0.765192 -0.298728 0.570300
-0.833230 -0.207146 -5.359032 56 87 55 0 0.449859 -0.127103 0.884009
-0.722953 -0.329840 -5.434255 43 73 35 0 0.713977 0.001381 0.700167
-0.720031 -0.421859 -5.440097 54 90 52 0 0.364410 -0.395690 0.842992
-0.715649 -0.223944 -5.456164 49 80 44 0 0.691433 0.136487 0.709431
-0.682785 -0.260459 -5.487568 58 80 51 0 0.744341 0.110985 0.658512
-0.749244 0.078408 -5.476613 53 79 48 0 0.941345 0.119515 0.315572
-0.706155 -0.200573 -5.469310 54 79 41 0 0.715214 0.120441 0.688449
-0.570316 -0.120239 -5.655541 44 77 31 0 0.846185 -0.054547 0.530090
-0.619978 -0.397759 -5.555487 43 80 33 0 0.792144 -0.006888 0.610295
-0.585653 -0.430623 -5.612452 47 84 32 0 0.916649 -0.103071 0.386174
-0.595877 -0.057431 -5.626328 40 73 33 0 0.774356 0.094789 0.625610
-0.778457 -0.681122 -5.492680 24 28 17 0 0.840431 -0.333355 0.427258
-0.786490 -0.524104 -5.394087 22 23 22 0 0.657709 -0.104468 0.745992
-0.642618 -0.269954 -5.532117 47 83 36 0 0.784732 0.040857 0.618487
-0.598799 -0.138497 -5.611722 42 76 34 0 0.865392 -0.014851 0.500875
-0.822276 -0.075689 -5.357572 59 89 53 0 0.718057 -0.023888 0.695574
-0.622899 -0.443039 -5.556218 54 92 49 0 0.821191 -0.166033 0.545965
-0.580541 -0.222483 -5.687675 51 85 44 0 0.971046 -0.172716 0.165040
-0.674021 -0.457645 -5.490489 50 84 47 0 0.759556 -0.104310 0.642023
-0.659415 -0.443769 -5.507287 50 84 43 0 0.793488 -0.125599 0.595485
-0.657224 -0.350288 -5.505095 41 76 32 0 0.832241 -0.006810 0.554373
-0.742671 0.108351 -5.537960 41 9 14 0 0.135476 0.608899 0.781594
-0.627281 -0.361973 -5.546723 41 75 32 0 0.834455 0.054695 0.548356
-0.697392 -0.180855 -5.481725 48 80 38 0 0.782029 0.094659 0.616012
-0.788681 0.043352 -5.410154 69 88 62 0 0.595698 0.253054 0.762304
-0.631663 0.061610 -5.617564 47 80 40 0 0.725351 0.300755 0.619202
-0.571777 -0.392647 -5.647507 43 58 37 0 0.958751 -0.236712 0.157367
-0.605372 -0.115857 -5.602958 42 74 32 0 0.809171 0.023595 0.587100
-0.733907 -0.646797 -5.502174 70 105 73 0 0.103518 0.912341 0.396130
-0.626551 -0.240011 -5.562790 45 77 33 0 0.842599 0.078150 0.532841
-0.603181 -0.471521 -5.589082 51 85 45 0 0.790143 -0.275998 0.547265
-0.614135 -0.459106 -5.570824 55 89 47 0 0.760970 -0.165560 0.627307
-0.722953 -0.506576 -5.452513 56 92 53 0 0.575593 -0.338870 0.744217
-0.755817 -0.489779 -5.417458 56 92 55 0 0.650174 -0.142648 0.746274
-0.679134 -0.142148 -5.511668 46 75 34 0 0.710096 0.111184 0.695271
-0.692279 0.025825 -5.537230 43 73 32 0 0.680943 0.269507 0.680943
-0.601720 -0.237089 -5.631440 46 80 37 0 0.938978 -0.047920 0.340622
-0.611944 -0.277987 -5.582509 42 73 30 0 0.910588 0.112264 0.397776
-0.598068 -0.325458 -5.592733 42 79 27 0 0.879718 0.118341 0.460533
-0.706886 -0.419668 -5.450322 50 84 48 0 0.734307 0.006941 0.678782
-0.758008 -0.458375 -5.408694 57 88 56 0 0.585387 -0.079106 0.806885
-0.689358 0.054307 -5.549645 41 69 32 0 0.647967 0.220153 0.729158
-0.595147 -0.032601 -5.630710 42 74 35 0 0.761183 0.126616 0.636057
-0.623630 -0.090296 -5.584700 43 76 33 0 0.784723 0.181324 0.592732
-0.705425 -0.621966 -5.520432 15 30 17 0 0.577996 -0.317174 0.751878
-0.538913 -0.091756 -5.700820 10 20 8 0 0.585743 -0.174058 0.791586
-0.667449 -0.341525 -5.496332 46 81 44 0 0.742779 0.086098 0.663978
-0.758008 -0.258268 -5.413075 49 80 46 0 0.538787 0.175594 0.823939
-0.598068 -0.252426 -5.645316 45 79 32 0 0.945619 -0.039560 0.322863
-0.801827 -0.055240 -5.380942 59 92 47 0 0.712784 0.064799 0.698384
-0.785760 -0.336412 -5.386054 49 80 45 0 0.484151 0.048004 0.873667
-0.646269 -0.485397 -5.533578 53 87 48 0 0.776880 -0.181628 0.602883
-0.650651 -0.222483 -5.528466 42 74 35 0 0.821567 0.102877 0.560752
-0.665988 -0.298436 -5.501444 48 81 44 0 0.664837 0.055761 0.744904
-0.708346 -0.126081 -5.478804 50 82 39 0 0.768514 0.135796 0.625257
-0.720031 -0.530677 -5.465658 54 87 51 0 0.750096 -0.348317 0.562167
-0.659415 -0.080071 -5.542342 43 75 36 0 0.737318 0.110819 0.666394
-0.653573 -0.287481 -5.517511 56 86 44 0 0.726984 0.095462 0.679987
-0.630202 -0.304278 -5.544533 43 77 33 0 0.854781 0.071819 0.513995
-0.834691 -0.099790 -5.346617 63 88 54 0 0.648009 0.055789 0.759587
-0.575429 -0.329109 -5.647507 39 70 28 0 0.902627 0.308755 0.299891
-0.594417 0.043352 -5.663574 29 44 23 0 0.832479 0.181495 0.523487
-0.608293 -0.259729 -5.604419 39 71 26 0 0.974834 0.157638 0.157638
-0.612675 -0.237089 -5.600037 40 72 28 0 0.957661 0.102653 0.268977
-0.799636 -0.123160 -5.380942 49 81 43 0 0.715286 0.023890 0.698423
-0.587844 -0.328379 -5.615373 40 74 27 0 0.888460 0.229137 0.397663
-0.597338 -0.088105 -5.620486 47 78 37 0 0.786712 0.135332 0.602303
-0.774075 -0.207877 -5.403582 49 81 48 0 0.647420 0.064598 0.759391
-0.694470 -0.159676 -5.489759 44 71 32 0 0.809633 0.144100 0.568972
-0.567395 -0.169900 -5.675990 51 89 41 0 0.928658 -0.262293 0.262293
-0.592226 -0.222483 -5.648238 46 83 36 0 0.916871 -0.198204 0.346500
-0.728795 -0.633651 -5.510208 63 96 55 0 0.673370 -0.498730 0.545749
-0.811321 -0.131193 -5.369256 49 82 44 0 0.706905 -0.023891 0.706905
-0.636775 -0.429163 -5.535769 46 83 39 0 0.840547 -0.142790 0.522582
-0.600259 -0.270684 -5.630710 39 71 25 0 0.954928 0.188843 0.229022
-0.685706 -0.414556 -5.470771 66 86 53 0 0.738278 -0.205851 0.642317
-0.659415 -0.183776 -5.524814 45 78 40 0 0.720462 0.159260 0.674959
-0.793793 -0.305739 -5.382402 48 77 44 0 0.548356 0.054695 0.834455
-0.781378 -0.360513 -5.388975 55 87 56 0 0.634859 -0.046869 0.771205
-0.759468 -0.037713 -5.436446 50 80 40 0 0.794971 0.144676 0.589144
-0.749244 -0.230516 -5.423300 54 84 51 0 0.699458 -0.038307 0.713646
-0.788681 0.026555 -5.408694 59 86 55 0 0.691018 0.032502 0.722107
-0.785760 -0.196192 -5.394818 74 104 71 0 0.524216 -0.040111 0.850640
-0.707616 -0.088105 -5.486837 60 79 43 0 0.800161 0.223552 0.556567
-0.552058 -0.125351 -5.686944 47 84 36 0 0.899586 -0.239205 0.365411
-0.775535 -0.075689 -5.410154 60 90 50 0 0.792016 0.040797 0.609135
-0.638236 -0.010691 -5.586891 43 72 36 0 0.791768 0.110172 0.600804
-0.832500 -0.323997 -5.362684 57 69 56 0 0.394620 0.080009 0.915355
-0.703964 -0.067656 -5.498523 46 74 30 0 0.791586 0.174058 0.585743
-0.837612 -0.154563 -5.350268 66 92 66 0 0.445380 -0.302610 0.842653
-0.706155 -0.164788 -5.475152 43 75 34 0 0.723503 0.142896 0.675370
-0.582001 -0.175012 -5.645316 43 78 33 0 0.862835 -0.144048 0.484526
-0.606832 -0.364895 -5.575936 56 89 47 0 0.761293 0.001377 0.648407
-0.742671 -0.535059 -5.448131 55 90 50 0 0.538261 -0.508078 0.672407
-0.737559 -0.242201 -5.431334 47 80 45 0 0.650343 0.206433 0.731054
-0.632393 -0.066195 -5.578857 43 75 35 0 0.784215 0.110349 0.610599
-0.818624 -0.275796 -5.369987 54 88 54 0 0.520018 -0.014935 0.854025
-0.646269 -0.348097 -5.520432 45 78 38 0 0.837737 0.031743 0.545150
-0.669639 -0.425511 -5.491950 53 86 48 0 0.751579 -0.126503 0.647400
-0.789411 -0.146530 -5.391166 53 84 47 0 0.721813 0.046982 0.690492
-0.663797 -0.055971 -5.543802 41 71 33 0 0.743982 0.236508 0.624944
-0.772614 -0.003388 -5.424761 52 85 41 0 0.810228 0.078872 0.580783
-0.809130 -0.039173 -5.377290 53 85 46 0 0.682369 0.120418 0.721022
-0.624360 0.069644 -5.632901 52 80 42 0 0.806229 0.267699 0.527571
-0.742671 -0.448151 -5.420379 55 90 56 0 0.697710 -0.047085 0.714832
-0.564474 -0.077150 -5.662844 43 77 30 0 0.792016 -0.040797 0.609135
-0.687167 -0.435735 -5.471501 64 87 59 0 0.711779 -0.142958 0.687702
-0.803287 -0.252426 -5.379481 46 80 45 0 0.538467 0.096206 0.837137
-0.839073 -0.292593 -5.360493 63 80 60 0 0.432899 -0.055639 0.899724
-0.674021 -0.380231 -5.484647 48 79 44 0 0.751669 0.055838 0.657173
-0.611944 -0.321806 -5.571554 43 79 32 0 0.825520 0.040508 0.562918
-0.760199 -0.198382 -5.416727 48 79 44 0 0.639269 0.126662 0.758480
-0.593687 -0.300627 -5.621946 37 69 26 0 0.905535 0.333154 0.262708
-0.745592 -0.317424 -5.419649 52 81 53 0 0.626469 0.070568 0.776245
-0.655033 0.057959 -5.587621 43 73 38 0 0.745642 0.285803 0.601942
-0.717110 -0.350288 -5.440097 51 83 47 0 0.689615 -0.189760 0.698872
-0.694470 -0.505116 -5.482456 55 89 54 0 0.779829 -0.191510 0.595979
-0.709807 0.036780 -5.524814 61 72 50 0 0.720974 0.261452 0.641746
-0.738289 0.066723 -5.499253 58 79 53 0 0.880149 0.221150 0.420037
-0.622169 -0.508767 -5.583240 56 88 48 0 0.831807 -0.444993 0.331779
-0.677673 0.000264 -5.543802 47 78 37 0 0.659560 0.237693 0.713080
-0.587114 -0.158215 -5.629980 45 82 33 0 0.847694 -0.095777 0.521768
-0.701043 -0.100520 -5.493411 47 75 34 0 0.797059 0.151037 0.584709
-0.692279 -0.256808 -5.477344 43 74 34 0 0.819076 0.046363 0.571808
-0.613405 0.056498 -5.640204 49 81 44 0 0.810647 0.206097 0.548065
-0.693740 -0.592023 -5.513859 52 87 46 0 0.553597 -0.523309 0.647826
-0.640427 -0.509497 -5.549645 49 84 41 0 0.932156 -0.235507 0.274993
-0.652112 -0.161136 -5.538690 45 80 36 0 0.786712 0.135332 0.602303
-0.648460 -0.031870 -5.567903 44 77 36 0 0.766228 0.205047 0.608974
-0.659415 -0.015073 -5.560600 41 73 32 0 0.725754 0.251405 0.640372
-0.849297 -0.161867 -5.345886 57 62 54 0 0.411950 -0.063481 0.908992
-0.823006 -0.191810 -5.365605 56 89 54 0 0.584429 -0.088025 0.806656
-0.706155 0.071104 -5.540151 45 70 42 0 0.650343 0.206433 0.731054
-0.635315 -0.264841 -5.543072 43 78 32 0 0.821723 0.140655 0.552257
-0.590765 -0.292593 -5.646047 34 64 24 0 0.911397 0.372261 0.175433
-0.635315 -0.229786 -5.550375 53 82 40 0 0.843355 0.063357 0.533609
-0.804748 -0.212989 -5.380211 51 81 48 0 0.642247 -0.085924 0.761667
-0.695201 -0.394107 -5.460546 42 75 37 0 0.673945 -0.023819 0.738397
-0.599529 -0.286751 -5.613913 36 67 24 0 0.947649 0.244071 0.205892
-0.600990 -0.486858 -5.602958 67 80 69 0 0.779478 -0.397032 0.484541
-0.759468 -0.553316 -5.434985 57 93 55 0 0.772631 -0.228525 0.592299
-0.589305 -0.112205 -5.627059 38 72 27 0 0.809200 0.128234 0.573368
-0.579080 -0.022376 -5.652619 43 74 35 0 0.751975 0.120138 0.648152
-0.638966 -0.458375 -5.537230 46 81 40 0 0.713080 -0.237693 0.659560
-0.583462 -0.342985 -5.617564 53 87 42 0 0.902331 0.204877 0.379241
-0.730986 -0.129733 -5.452513 41 73 33 0 0.691018 0.032502 0.722107
-0.766041 -0.565732 -5.429142 55 89 52 0 0.674291 -0.476856 0.563861
-0.618517 -0.142148 -5.584700 51 79 42 0 0.799835 0.001367 0.600218
-0.559362 -0.029679 -5.672338 44 78 36 0 0.752587 0.110892 0.649088
-0.735368 -0.196192 -5.440097 47 78 42 0 0.705858 0.126845 0.696904
-0.776266 -0.258268 -5.398469 46 78 41 0 0.563024 0.063819 0.823973
-0.690088 -0.557698 -5.508747 61 97 58 0 0.634460 -0.230286 0.737854
-0.787220 -0.381692 -5.382402 53 85 54 0 0.515728 0.135872 0.845910
-0.665988 -0.484667 -5.507287 52 88 49 0 0.726771 -0.285917 0.624544
-0.762390 -0.173552 -5.416727 47 78 45 0 0.720364 0.086210 0.688218
-0.722953 -0.085183 -5.470040 40 69 28 0 0.777427 0.064428 0.625664
-0.625090 -0.320345 -5.550375 46 79 32 0 0.838213 0.087106 0.538341
-0.703234 -0.502194 -5.472231 63 94 62 0 0.636150 -0.286828 0.716270
-0.759468 -0.341525 -5.405042 49 79 46 0 0.626469 0.070568 0.776245
-0.600259 -0.185967 -5.613913 40 74 30 0 0.856776 -0.086386 0.508401
-0.714919 -0.619045 -5.510938 62 96 61 0 0.508908 -0.502234 0.699123
-0.718571 -0.060353 -5.481725 45 77 34 0 0.714566 0.159298 0.681189
-0.733907 -0.163327 -5.445209 50 81 42 0 0.708817 0.126841 0.693895
-0.779187 -0.133384 -5.400660 49 78 43 0 0.702819 -0.015370 0.711203
-0.554249 -0.155294 -5.703742 22 31 22 0 0.813974 -0.314526 0.488385
-0.669639 -0.406523 -5.489759 49 82 44 0 0.726200 -0.032432 0.686718
-0.722222 -0.267763 -5.442288 52 84 47 0 0.729664 0.064763 0.680732
-0.597338 -0.015803 -5.631440 41 73 33 0 0.782789 0.158368 0.601798
-0.742671 0.030207 -5.474422 46 73 30 0 0.873436 0.103676 0.475774
-0.687167 -0.142878 -5.500714 103 101 89 0 0.718379 0.117499 0.685658
-0.587114 -0.464948 -5.614643 18 27 18 0 0.872713 -0.062436 0.484224
-0.590035 0.017791 -5.651159 46 77 39 0 0.720965 0.244528 0.648395
-0.803287 -0.349558 -5.375829 56 87 60 0 0.522804 -0.006755 0.852426
-0.560092 -0.157485 -5.690596 48 83 40 0 0.952402 -0.238437 0.189942
-0.745592 -0.378040 -5.414536 46 79 40 0 0.715147 -0.032443 0.698221
-0.589305 -0.272875 -5.681102 51 79 40 0 0.984089 0.094924 0.150197
-0.735368 -0.498543 -5.436446 50 85 45 0 0.630283 -0.198793 0.750483
-0.701043 -0.294784 -5.462007 45 78 41 0 0.777567 0.055642 0.626334
-0.724413 0.010488 -5.494871 47 78 32 0 0.838192 0.181433 0.514311
-0.733907 -0.096868 -5.453973 43 75 32 0 0.763333 0.070706 0.642124
-0.849297 -0.227595 -5.350268 15 18 9 0 0.532800 -0.136502 0.835160
-0.821545 -0.017264 -5.372178 65 82 59 0 0.562648 0.301248 0.769855
-0.703234 0.057959 -5.539421 61 80 55 0 0.634600 0.247226 0.732231
-0.751435 -0.046477 -5.443018 47 78 37 0 0.702812 0.183008 0.687433
-0.652842 -0.318154 -5.511668 43 78 33 0 0.797152 0.064171 0.600359
-0.751435 -0.083723 -5.434255 46 79 35 0 0.736827 0.182292 0.651042
-0.725144 -0.472251 -5.441558 57 92 58 0 0.791951 -0.032239 0.609733
-0.748514 -0.112205 -5.434255 45 78 34 0 0.774362 0.015293 0.632558
-0.755087 -0.142148 -5.426221 66 91 55 0 0.718114 0.006945 0.695890
-0.771154 -0.648988 -5.495601 69 92 63 0 0.931992 -0.008900 0.362371
-0.776266 -0.393377 -5.388975 53 86 49 0 0.587786 0.046515 0.807678
-0.736098 -0.298436 -5.428412 53 81 47 0 0.558418 0.040384 0.828576
-0.630933 -0.343716 -5.541611 44 78 33 0 0.811146 0.001363 0.584843
-0.759468 -0.285290 -5.407233 50 81 49 0 0.672779 0.070895 0.736439
-0.663067 -0.286021 -5.505826 47 80 42 0 0.696072 0.079925 0.713510
-0.701773 -0.486858 -5.465658 51 85 47 0 0.505259 -0.213938 0.836029
-0.655763 -0.376580 -5.508017 48 82 44 0 0.852426 0.006755 0.522804
-0.556440 -0.081532 -5.673799 47 81 36 0 0.792144 -0.006888 0.610295
-0.742671 0.100317 -5.511668 76 75 65 0 0.822079 0.418195 0.386393
-0.738289 -0.609551 -5.491950 64 94 63 0 0.207342 -0.413213 0.886716
-0.671100 -0.207877 -5.508747 45 77 41 0 0.671556 0.172861 0.720508
-0.660145 -0.128272 -5.532847 47 80 39 0 0.714832 0.047085 0.697710
-0.689358 -0.078611 -5.512399 105 104 89 0 0.775973 0.119722 0.619300
-0.787220 -0.417478 -5.380211 50 86 43 0 0.682884 0.015361 0.730365
-0.672561 0.011218 -5.553297 43 73 36 0 0.751187 0.253545 0.609453
-0.765311 -0.603708 -5.472961 64 91 59 0 0.008483 0.267822 0.963431
-0.825927 -0.048668 -5.357572 58 73 49 0 0.642599 0.213162 0.735954
-0.745592 -0.503655 -5.429873 52 87 49 0 0.619867 -0.398368 0.676068
-0.698852 -0.532868 -5.490489 54 89 50 0 0.650808 -0.460083 0.603964
-0.743401 -0.356861 -5.416727 50 84 45 0 0.678262 0.023873 0.734433
-0.765311 -0.416747 -5.397008 53 87 50 0 0.609841 0.015211 0.792378
-0.563744 -0.112935 -5.664305 43 78 31 0 0.808045 -0.070078 0.584938
-0.685706 -0.310121 -5.479535 53 84 43 0 0.755099 0.079713 0.650747
-0.767502 -0.321076 -5.399199 48 80 46 0 0.690492 -0.046982 0.721813
-0.658685 0.006106 -5.568633 90 106 78 0 0.721022 0.120418 0.682369
-0.714919 -0.198382 -5.459816 50 84 43 0 0.724140 0.095475 0.683012
-0.720762 -0.590563 -5.491220 59 93 63 0 0.445610 -0.381723 0.809765
-0.777726 -0.014343 -5.415267 45 80 35 0 0.804357 0.055326 0.591564
-0.666718 -0.451072 -5.499253 47 82 41 0 0.769543 -0.085828 0.632800
-0.582001 -0.315964 -5.640204 37 68 26 0 0.895030 0.371327 0.247058
-0.726604 0.055037 -5.513129 65 83 55 0 0.831621 0.271012 0.484725
-0.628011 0.008297 -5.602958 50 81 44 0 0.736827 0.182292 0.651042
-0.779187 -0.562811 -5.415267 25 35 20 0 0.753992 -0.277787 0.595257
-0.687167 -0.469330 -5.478804 52 83 50 0 0.769084 -0.165345 0.617391
-0.762390 -0.231977 -5.412345 50 81 50 0 0.611198 0.079470 0.787478
-0.701043 -0.229056 -5.471501 46 78 42 0 0.755039 0.136056 0.641409
-0.701043 -0.135575 -5.486837 45 78 35 0 0.773639 0.116859 0.622757
-0.762390 -0.578878 -5.445209 60 94 57 0 0.816762 -0.206099 0.538910
-0.644078 -0.066925 -5.564251 46 79 41 0 0.754283 0.260916 0.602478
-0.773344 0.067453 -5.429142 14 16 12 0 0.597207 0.325308 0.733157
-0.801096 -0.277257 -5.380211 52 86 51 0 0.432899 0.055639 0.899724
-0.822276 -0.229056 -5.367796 53 86 51 0 0.617686 -0.032215 0.785764
-0.594417 -0.366355 -5.592003 44 78 35 0 0.819568 0.069841 0.568709
-0.739750 -0.566462 -5.466389 57 94 55 0 0.619788 -0.358136 0.698284
-0.766772 0.024364 -5.434255 41 73 28 0 0.838455 0.006795 0.544928
-0.749244 -0.602978 -5.467849 57 90 48 0 0.831657 0.301144 0.466539
-0.809130 -0.386804 -5.369987 58 85 57 0 0.396706 0.001284 0.917945
-0.606102 -0.055971 -5.614643 39 70 30 0 0.724140 0.095475 0.683012
-0.736098 -0.339334 -5.424030 51 82 49 0 0.724220 0.061911 0.686785
-0.604641 -0.082262 -5.611722 38 69 28 0 0.776880 0.181628 0.602883
-0.770423 -0.020185 -5.424030 47 80 37 0 0.806885 0.079106 0.585387
-0.680594 -0.183776 -5.502904 88 94 75 0 0.821582 -0.006835 0.570049
-0.647000 -0.537980 -5.553297 53 90 44 0 0.950650 -0.190671 0.244762
-0.729525 -0.630730 -5.497792 48 75 30 0 0.910870 0.038562 0.410889
-0.592956 -0.422590 -5.597116 46 83 33 0 0.891390 -0.014613 0.453001
-0.662336 -0.383153 -5.499253 48 82 43 0 0.799835 0.001367 0.600218
-0.653573 -0.559159 -5.554757 55 77 48 0 0.873595 -0.381343 0.302340
-0.744862 -0.263381 -5.421839 46 79 41 0 0.611198 0.079470 0.787478
-0.584923 0.035319 -5.666495 50 67 42 0 0.525453 0.705609 0.475410
-0.706155 -0.403602 -5.450322 50 83 50 0 0.734363 -0.032419 0.677982
-0.638236 -0.130463 -5.560600 45 74 33 0 0.813099 0.118668 0.569902
-0.742671 0.062341 -5.487568 43 69 35 0 0.895756 0.165348 0.412652
-0.700313 0.012679 -5.526275 53 77 46 0 0.667300 0.230807 0.708123
-0.684976 -0.594945 -5.524814 67 103 65 0 0.570049 -0.492697 0.657490
-0.646269 -0.175012 -5.543072 45 80 32 0 0.783393 0.125876 0.608647
-0.691549 0.079138 -5.555487 60 87 54 0 0.682071 0.237858 0.691522
-0.783569 -0.478094 -5.388245 58 92 56 0 0.791586 -0.174058 0.585743
-0.611944 -0.107823 -5.595655 42 74 35 0 0.822021 0.040473 0.568018
-0.620708 -0.481015 -5.568633 51 88 45 0 0.762325 -0.191732 0.618142
-0.780648 -0.662134 -5.494871 17 18 16 0 -0.689700 0.220516 0.689700
-0.758008 -0.064004 -5.432064 44 73 37 0 0.752761 0.149345 0.641129
-0.582001 -0.301357 -5.670147 31 59 19 0 0.893566 0.433373 0.117166
-0.611214 -0.294784 -5.578127 39 74 27 0 0.895144 0.150384 0.419644
-0.613405 -0.197652 -5.594194 48 79 38 0 0.875281 -0.103558 0.472396
-0.606832 0.018522 -5.631440 38 71 32 0 0.789865 0.181106 0.585930
-0.750705 -0.017994 -5.452513 67 91 53 0 0.760475 0.135959 0.634974
-0.755087 -0.570114 -5.451782 57 90 56 0 0.857174 -0.286747 0.427820
-0.813512 -0.089565 -5.366335 50 80 43 0 0.737059 0.032414 0.675050
-0.715649 0.011218 -5.508747 50 75 37 0 0.778122 0.262518 0.570623
-0.634584 -0.294054 -5.538690 44 78 32 0 0.820505 0.109304 0.561092
-0.610484 -0.033331 -5.613183 41 72 33 0 0.771307 0.110608 0.626779
-0.640427 -0.186697 -5.549645 45 79 35 0 0.831416 0.031818 0.554739
-0.565204 -0.001197 -5.673799 51 75 47 0 0.803817 0.295312 0.516401
-0.660145 -0.530677 -5.530657 56 93 51 0 0.745088 -0.047013 0.665308
-0.720031 -0.452533 -5.443749 65 97 68 0 0.484526 -0.144048 0.862835
-0.657224 0.028746 -5.575206 41 72 30 0 0.745368 0.182133 0.641292
-0.764581 -0.544553 -5.427682 50 85 42 0 0.812906 -0.277234 0.512178
-0.720762 -0.142878 -5.460546 45 78 35 0 0.706322 0.047088 0.706322
-0.725144 0.063801 -5.521893 111 101 94 0 0.666071 0.301587 0.682199
-0.660876 0.085711 -5.594194 41 71 32 0 0.721359 0.325827 0.611129
-0.564474 -0.157485 -5.678911 42 77 31 0 0.912815 -0.245256 0.326524
-0.668179 -0.015073 -5.549645 46 78 39 0 0.702947 0.156379 0.693838
-0.592956 -0.251696 -5.660653 47 83 35 0 0.965842 -0.056081 0.252988
-0.817163 -0.064735 -5.363414 54 86 45 0 0.785555 0.103863 0.610012
-0.758738 -0.621236 -5.486107 64 89 63 0 0.323415 0.285018 0.902312
-0.647730 -0.307200 -5.520432 43 77 33 0 0.769543 0.085828 0.632800
-0.762390 0.044813 -5.441558 48 81 36 0 0.861614 0.031406 0.506591
-0.728065 -0.580338 -5.483186 63 95 68 0 0.577996 -0.317174 0.751878
-0.620708 -0.164788 -5.578127 52 82 40 0 0.838213 0.087106 0.538341
-0.649921 -0.440117 -5.516780 36 68 27 0 0.795932 -0.079161 0.600188
-0.722953 -0.164058 -5.456164 51 83 44 0 0.751447 0.064656 0.656618
-0.725144 -0.642415 -5.518241 12 22 14 0 0.284846 -0.593562 0.752693
-0.776266 -0.299897 -5.394087 45 79 39 0 0.640135 -0.038154 0.767314
-0.606102 -0.433544 -5.577397 46 81 39 0 0.824956 -0.031889 0.564297
-0.575429 -0.212258 -5.701551 45 63 36 0 0.918283 -0.323339 0.228493
-0.797445 -0.410174 -5.373639 55 88 51 0 0.490590 -0.039630 0.870489
-0.782108 -0.069847 -5.401391 47 79 37 0 0.767207 0.064531 0.638144
-0.584923 -0.407253 -5.610261 44 80 33 0 0.937128 -0.072492 0.341373
-0.622899 -0.409444 -5.552566 44 81 35 0 0.830730 -0.040354 0.555211
-0.748514 -0.640224 -5.489759 67 92 62 0 0.616984 0.783814 -0.070471
-0.584923 -0.394838 -5.610261 45 80 33 0 0.906640 -0.030531 0.420798
-0.747053 0.084980 -5.486837 69 92 67 0 0.907136 0.212678 0.363144
-0.779187 -0.231247 -5.398469 48 79 47 0 0.548787 0.040291 0.834990
-0.813512 -0.182316 -5.371448 47 79 41 0 0.609899 -0.064275 0.789869
-0.590035 -0.256808 -5.681102 51 83 44 0 0.983659 -0.070346 0.165732
-0.758008 -0.515340 -5.422570 58 93 58 0 0.587895 -0.270970 0.762204
-0.682785 -0.567923 -5.517511 56 91 55 0 0.728312 -0.300650 0.615769
-0.649191 -0.455454 -5.522623 48 82 39 0 0.796044 -0.167668 0.581550
-0.694470 -0.456184 -5.464928 44 74 38 0 0.666250 -0.262366 0.698051
-0.720031 -0.362704 -5.437176 57 88 52 0 0.696582 0.070962 0.713960
-0.749974 -0.399220 -5.410885 50 83 45 0 0.672258 -0.142874 0.726400
-0.772614 -0.063274 -5.413075 47 79 38 0 0.815326 0.040557 0.577581
-0.630933 -0.028949 -5.591273 55 83 44 0 0.726627 0.101698 0.679463
-0.767502 -0.499273 -5.407963 57 92 53 0 0.776641 -0.151723 0.611399
-0.676212 -0.400680 -5.480995 48 78 43 0 0.773920 -0.110560 0.623558
-0.645539 -0.101981 -5.554027 41 72 31 0 0.795517 0.103636 0.597003
-0.646269 0.074756 -5.606609 41 72 35 0 0.753089 0.267941 0.600886
-0.704695 -0.249505 -5.464198 66 93 59 0 0.769947 0.055710 0.635671
-0.623630 -0.231247 -5.570824 40 74 27 0 0.911637 0.135835 0.387901
-0.795984 -0.289672 -5.382402 51 83 50 0 0.475200 0.006655 0.879853
-0.577620 -0.396298 -5.628519 48 84 37 0 0.934930 -0.143730 0.324419
-0.647000 0.095205 -5.615373 13 17 11 0 0.869012 0.062569 0.490818
-0.689358 -0.209337 -5.487568 51 77 38 0 0.783836 0.064484 0.617611
-0.821545 -0.108554 -5.357572 52 84 46 0 0.707090 -0.006946 0.707090
-0.727334 -0.415287 -5.432794 54 88 50 0 0.699161 -0.149497 0.699161
-0.782108 -0.500734 -5.394818 61 91 57 0 0.802219 -0.325653 0.500394
-0.583462 -0.372198 -5.612452 42 78 28 0 0.903860 0.009156 0.427731
-0.675482 0.052116 -5.562790 41 70 35 0 0.696391 0.286561 0.657969
-0.639696 0.030207 -5.595655 43 76 37 0 0.730075 0.268808 0.628278
-0.713458 0.082789 -5.537230 70 90 66 0 0.610777 0.222242 0.759974
-0.713458 -0.465678 -5.445209 38 68 26 0 0.609255 -0.055387 0.791038
-0.707616 -0.572305 -5.496332 57 92 60 0 0.640404 -0.165805 0.749927
-0.778457 -0.275066 -5.395548 50 81 47 0 0.649088 0.110892 0.752587
-0.698852 -0.444499 -5.460546 49 83 49 0 0.719831 -0.095293 0.687578
-0.587114 -0.175012 -5.634362 41 77 32 0 0.886806 -0.093864 0.452509
-0.728795 -0.365625 -5.429142 52 84 46 0 0.699458 0.038307 0.713646
-0.705425 0.006837 -5.516780 136 126 121 0 0.782471 0.252461 0.569212
-0.631663 -0.329109 -5.540151 54 86 43 0 0.805345 0.015195 0.592612
-0.574698 -0.317424 -5.667956 37 66 25 0 0.848683 0.515013 0.120411
-0.605372 -0.416747 -5.577397 49 85 41 0 0.850796 -0.048577 0.523246
-0.743401 -0.329840 -5.419649 46 78 44 0 0.642023 0.104310 0.759556
-0.560092 -0.170630 -5.703742 42 59 36 0 0.729401 -0.363884 0.579278
-0.732447 -0.591293 -5.480995 56 86 54 0 0.513292 -0.418177 0.749439
-0.621439 -0.187428 -5.576666 41 73 30 0 0.865851 0.001334 0.500299
-0.544025 -0.099790 -5.693517 47 76 34 0 0.865652 -0.006710 0.500602
-0.582732 -0.122430 -5.635092 38 73 26 0 0.844534 -0.006778 0.535459
-0.664527 -0.226135 -5.513859 51 82 47 0 0.667469 0.143137 0.730751
-0.655033 -0.102711 -5.543802 71 94 57 0 0.748771 0.064673 0.659666
-0.757277 -0.630000 -5.494141 51 80 50 0 0.420565 -0.285984 0.861010
-0.665258 -0.174282 -5.520432 44 75 36 0 0.765107 0.126280 0.631399
-0.830309 -0.179394 -5.359032 57 87 56 0 0.595680 -0.135179 0.791765
-0.700313 -0.030410 -5.511668 108 105 88 0 0.736423 0.159432 0.657467
-0.645539 -0.014343 -5.578127 69 91 58 0 0.698261 0.111188 0.707156
-0.635315 -0.467139 -5.544533 49 86 41 0 0.809391 -0.166683 0.563120
-0.690088 -0.004849 -5.529926 42 69 32 0 0.737561 0.175610 0.652047
-0.696661 -0.342255 -5.462737 49 83 40 0 0.798281 0.046625 0.600477
-0.546216 -0.118048 -5.696438 49 85 37 0 0.877525 -0.244507 0.412512
-0.605372 -0.381692 -5.575936 45 79 36 0 0.823973 0.063819 0.563024
-0.703964 -0.367816 -5.453243 49 82 45 0 0.682884 0.015361 0.730365
-0.736829 0.100317 -5.531387 68 26 32 0 0.404269 0.721084 0.562676
-0.737559 -0.002658 -5.472961 48 80 35 0 0.765959 0.229320 0.600599
-0.610484 -0.153103 -5.595655 57 87 48 0 0.819661 0.032007 0.571954
-0.663067 -0.271414 -5.508747 70 97 65 0 0.656264 0.046978 0.753067
-0.668179 0.087902 -5.584700 43 74 38 0 0.737085 0.292596 0.609174
-0.591496 -0.231247 -5.656271 50 85 41 0 0.937873 -0.157914 0.308962
-0.583462 -0.106363 -5.635822 49 80 37 0 0.783734 0.046769 0.619334
-0.775535 -0.038443 -5.413806 47 79 36 0 0.753134 0.175680 0.633977
-0.674021 -0.541631 -5.519702 58 94 55 0 0.610739 -0.165187 0.774410
-0.682785 0.061610 -5.558409 42 71 38 0 0.744119 0.254359 0.617729
-0.622169 -0.280908 -5.561330 38 75 27 0 0.854899 0.077718 0.512940
-0.771154 -0.131193 -5.409424 47 78 42 0 0.778585 0.001373 0.627537
-0.625820 -0.073498 -5.585430 44 74 37 0 0.769635 0.158766 0.618430
-0.847106 -0.196192 -5.350999 64 89 62 0 0.381577 -0.079551 0.920908
-0.682785 -0.424781 -5.475883 68 89 60 0 0.801998 -0.055359 0.594756
-0.648460 0.012679 -5.581779 43 74 32 0 0.706655 0.117528 0.697729
-0.622169 -0.125351 -5.581048 41 71 34 0 0.753067 0.046978 0.656264
-0.611944 -0.424050 -5.567903 55 89 48 0 0.787350 -0.126035 0.603486
-0.769693 -0.627809 -5.472231 56 69 48 0 0.649592 -0.395045 0.649592
-0.729525 0.044813 -5.502904 43 70 29 0 0.836495 0.260346 0.482179
-0.600990 -0.276526 -5.620486 40 71 26 0 0.945907 0.268894 0.181538
-0.632393 -0.491970 -5.556218 59 95 50 0 0.808921 -0.134574 0.572308
-0.657954 0.041161 -5.578857 39 70 32 0 0.730127 0.213278 0.649175
-0.648460 -0.053049 -5.563521 46 78 41 0 0.775341 0.104063 0.622911
-0.662336 -0.502194 -5.517511 47 85 41 0 0.664827 -0.269438 0.696713
-0.628011 -0.004118 -5.599307 37 70 30 0 0.759974 0.222242 0.610777
-0.624360 -0.256078 -5.562060 39 73 29 0 0.877091 0.109459 0.467687
-0.567395 -0.150912 -5.665765 42 80 31 0 0.907600 -0.112581 0.404459
-0.584192 -0.454724 -5.620486 13 21 12 0 0.883107 -0.014696 0.468942
-0.569586 -0.365625 -5.645316 53 87 40 0 0.927212 0.024570 0.373730
-0.756547 -0.561350 -5.443018 53 88 51 0 0.844583 -0.276381 0.458576
-0.605372 -0.267763 -5.612452 35 69 22 0 0.951408 0.254337 0.173595
-0.594417 -0.180125 -5.622676 45 79 32 0 0.873412 -0.109711 0.474463
-0.567395 -0.178664 -5.684753 47 82 36 0 0.876883 -0.386192 0.286237
-0.590035 -0.374389 -5.599307 41 76 30 0 0.893085 -0.006596 0.449840
-0.744862 -0.122430 -5.438637 50 82 40 0 0.744860 0.006935 0.667184
-0.688628 -0.519722 -5.496332 62 96 66 0 0.745885 -0.331684 0.577616
-0.816433 -0.257538 -5.372178 49 80 47 0 0.538890 0.063316 0.839993
-0.572507 -0.340794 -5.646047 44 76 36 0 0.912383 0.260473 0.315769
-0.608293 -0.212258 -5.607340 51 84 42 0 0.878495 -0.133715 0.458658
-0.641157 -0.417478 -5.529196 46 80 42 0 0.806665 0.001365 0.591008
-0.568125 -0.381692 -5.648968 7 22 6 0 0.876166 -0.094530 0.472650
-0.631663 -0.123890 -5.569364 48 77 40 0 0.760720 0.023816 0.648643
-0.744862 -0.608090 -5.482456 64 100 64 0 0.536634 -0.489825 0.687092
-0.652842 -0.466409 -5.521163 54 90 50 0 0.794566 -0.151132 0.588068
-0.713458 0.105429 -5.539421 60 74 55 0 0.633391 0.095082 0.767968
-0.566665 -0.340064 -5.661383 44 65 35 0 0.910609 0.221499 0.348898
-0.598068 -0.194001 -5.621946 44 78 33 0 0.845911 -0.213369 0.488782
-0.718571 -0.023106 -5.491220 46 78 31 0 0.810054 0.189975 0.554727
-0.767502 -0.516070 -5.412345 59 92 58 0 0.697729 -0.117528 0.706655
-0.804018 0.025094 -5.396278 77 89 69 0 0.520879 0.356391 0.775674
-0.677673 -0.516801 -5.508017 53 89 49 0 0.705821 -0.244748 0.664767
-0.621439 -0.247314 -5.570094 40 73 27 0 0.907703 0.046927 0.416980
-0.690088 0.038240 -5.544533 68 90 61 0 0.689615 0.189760 0.698872
-0.794524 -0.459836 -5.373639 73 91 66 0 0.578325 -0.252332 0.775802
-0.715649 -0.597866 -5.498523 64 99 67 0 0.483469 -0.349438 0.802590
-0.651382 -0.340794 -5.513129 44 78 37 0 0.838455 0.006795 0.544928
-0.627281 -0.107093 -5.576666 41 74 33 0 0.703874 0.095515 0.703874
-0.795984 -0.361973 -5.379481 59 89 58 0 0.443456 -0.014561 0.896178
-0.758008 -0.532137 -5.426951 51 88 46 0 0.682625 -0.358501 0.636789
-0.609753 -0.482476 -5.583970 54 90 50 0 0.814728 -0.140982 0.562444
-0.617787 -0.451072 -5.563521 48 84 39 0 0.728777 -0.275883 0.626716
-0.615596 -0.172821 -5.586161 43 74 34 0 0.856281 -0.006742 0.516466
-0.614866 -0.305739 -5.567903 43 78 29 0 0.840533 0.102363 0.532001
-0.608293 -0.448151 -5.575936 47 83 39 0 0.837677 -0.133500 0.529599
-0.793793 -0.495621 -5.379481 26 31 22 0 0.777502 -0.174976 0.604048
-0.579811 -0.424050 -5.629980 60 86 50 0 0.942031 -0.047812 0.332101
-0.576159 -0.381692 -5.629980 51 89 37 0 0.920595 0.001280 0.390517
-0.698122 -0.577417 -5.504365 52 87 50 0 0.785007 -0.276411 0.554401
-0.598799 -0.300627 -5.606609 43 75 31 0 0.918881 0.182644 0.349713
-0.733907 -0.521183 -5.446670 54 90 47 0 0.667081 -0.182489 0.722288
-0.617057 -0.097599 -5.590543 45 78 38 0 0.809391 0.166683 0.563120
-0.739750 0.089362 -5.510208 94 104 94 0 0.887294 0.260969 0.380269
-0.763850 -0.600787 -5.462007 58 93 56 0 0.690943 -0.434545 0.577728
-0.551328 -0.134115 -5.694978 56 90 44 0 0.906467 -0.237929 0.348866
-0.579811 0.025825 -5.670147 48 74 42 0 0.816762 0.206099 0.538910
-0.828118 -0.216640 -5.362684 58 92 55 0 0.568774 -0.031985 0.821872
-0.608293 -0.267763 -5.596385 36 68 23 0 0.937035 0.190183 0.292910
-0.758738 0.014140 -5.446670 52 84 40 0 0.830599 0.112007 0.545490
-0.742671 -0.062544 -5.449592 40 73 28 0 0.747127 0.165859 0.643655
-0.845646 -0.216640 -5.352459 64 79 61 0 0.465682 -0.006634 0.884928
-0.774075 0.013409 -5.424761 55 88 46 0 0.791075 0.046700 0.609934
-0.795254 -0.052319 -5.389706 63 94 50 0 0.721280 0.064786 0.689607
-0.744132 -0.474442 -5.424761 57 91 59 0 0.483194 -0.222663 0.846726
-0.743401 -0.407253 -5.417458 50 83 47 0 0.597153 0.001366 0.802126
-0.638236 -0.304278 -5.532847 65 97 54 0 0.792144 0.006888 0.610295
-0.572507 -0.065465 -5.652619 41 73 29 0 0.785217 -0.015233 0.619033
-0.583462 -0.357592 -5.615373 50 83 40 0 0.889513 0.064617 0.452318
-0.622899 -0.026028 -5.600037 43 76 34 0 0.730340 0.032491 0.682310
-0.683515 -0.403602 -5.472231 80 102 74 0 0.802426 -0.032097 0.595888
-0.774075 -0.546013 -5.413806 64 97 60 0 0.636814 -0.398629 0.659971
-0.733907 -0.540901 -5.457625 63 97 63 0 0.585116 -0.260227 0.768063
-0.798906 -0.197652 -5.384593 51 84 48 0 0.664837 -0.055761 0.744904
-0.663797 -0.521183 -5.523354 50 86 41 0 0.640012 -0.340362 0.688868
-0.625090 -0.207146 -5.571554 43 77 28 0 0.870584 -0.023017 0.491481
-0.698852 -0.278717 -5.466389 46 78 40 0 0.847185 0.031683 0.530352
-0.760199 -0.437926 -5.403582 57 90 56 0 0.649592 -0.158991 0.743473
-0.730256 -0.430623 -5.429873 56 91 56 0 0.702318 0.038308 0.710831
-0.822276 -0.366355 -5.364875 38 44 38 0 0.496964 0.110277 0.860736
-0.823006 -0.329109 -5.365605 55 81 52 0 0.317755 0.102373 0.942630
-0.649191 -0.374389 -5.516780 49 82 42 0 0.821582 -0.006835 0.570049
-0.630933 -0.393377 -5.541611 41 74 31 0 0.839965 -0.054689 0.539877
-0.832500 -0.263381 -5.362684 58 89 60 0 0.491481 0.023017 0.870584
-0.817163 -0.397029 -5.364875 16 20 18 0 0.538787 0.175594 0.823939
-0.804748 -0.323267 -5.375099 57 90 58 0 0.363818 0.032368 0.930908
-0.747783 0.101047 -5.544533 25 20 17 0 0.674771 0.412821 -0.611770
-0.736098 -0.016534 -5.469310 46 80 31 0 0.791586 0.174058 0.585743
-0.685706 0.086441 -5.563521 38 67 32 0 0.721462 0.133493 0.679464
-0.679134 -0.061083 -5.526275 47 79 40 0 0.678405 0.156322 0.717865
-0.826658 -0.023837 -5.364875 69 76 67 0 0.523104 0.349273 0.777413
-0.777726 -0.580338 -5.431334 64 78 58 0 0.739220 -0.413239 0.531778
-0.793063 -0.134845 -5.386784 52 83 46 0 0.706905 -0.023891 0.706905
-0.618517 -0.272145 -5.569364 34 67 22 0 0.892405 0.150405 0.425432
-0.815703 -0.320345 -5.369987 52 84 50 0 0.315742 0.055416 0.947226
-0.595877 -0.260459 -5.652619 46 80 30 0 0.960546 0.030985 0.276389
-0.644078 -0.223944 -5.537230 46 78 35 0 0.839221 0.117811 0.530876
-0.636045 -0.380962 -5.534308 45 80 36 0 0.822094 0.001359 0.569351
-0.680594 -0.451802 -5.481725 49 81 46 0 0.802819 -0.103449 0.587180
-0.703964 -0.470791 -5.462007 53 90 52 0 0.666394 -0.110819 0.737318
-0.647730 -0.280178 -5.523354 46 78 35 0 0.787639 0.119697 0.604398
-0.726604 -0.312312 -5.434255 45 79 41 0 0.520283 0.054400 0.852260
-0.616326 -0.189619 -5.586161 52 84 41 0 0.865796 -0.086156 0.492925
-0.682785 -0.544553 -5.510938 58 94 59 0 0.814592 -0.055059 0.577415
-0.663067 -0.435735 -5.500714 48 81 41 0 0.738398 -0.015354 0.674190
-0.582001 -0.145800 -5.637283 43 79 29 0 0.860606 -0.048349 0.506970
-0.594417 -0.284560 -5.639474 36 68 26 0 0.915955 0.339720 0.213580
-0.599529 -0.310851 -5.595655 36 70 21 0 0.903463 0.198039 0.380177
-0.755087 0.045543 -5.456164 49 80 36 0 0.894930 0.055848 0.442698
-0.779187 -0.112205 -5.401391 45 76 36 0 0.675050 0.032414 0.737059
-0.684976 -0.383153 -5.468580 38 67 27 0 0.764442 0.023758 0.644255
-0.608293 0.007567 -5.626328 48 79 39 0 0.784723 0.181324 0.592732
-0.744132 -0.423320 -5.417458 49 83 45 0 0.742241 -0.006937 0.670098
-0.672561 -0.031870 -5.541611 44 76 35 0 0.712351 0.166266 0.681844
-0.695931 -0.052319 -5.511668 140 131 120 0 0.760970 0.165560 0.627307
-0.743401 0.019252 -5.472231 60 83 42 0 0.856724 0.126117 0.500118
-0.591496 -0.356131 -5.597846 46 79 35 0 0.862685 0.125718 0.489866
-0.671100 -0.556238 -5.525544 53 89 46 0 0.826205 -0.159286 0.540383
-0.718571 -0.316694 -5.440828 47 80 44 0 0.678772 0.046959 0.732846
-0.659415 -0.424781 -5.505826 47 80 43 0 0.781725 -0.015273 0.623436
-0.563013 -0.142878 -5.672338 44 80 33 0 0.881525 -0.064838 0.467664
-0.724413 -0.046477 -5.476613 49 83 40 0 0.775973 0.119722 0.619300
-0.706155 0.049195 -5.533578 46 67 35 0 0.648389 0.269233 0.712113
-0.638966 -0.248774 -5.540881 40 75 28 0 0.777683 0.110258 0.618912
-0.605372 -0.184506 -5.604419 45 80 36 0 0.858866 -0.077566 0.506294
-0.727334 -0.222483 -5.444479 46 78 40 0 0.710791 0.213082 0.670352
-0.773344 -0.364895 -5.394818 49 82 47 0 0.499505 -0.062612 0.864046
-0.765311 -0.383153 -5.398469 49 80 45 0 0.615952 0.142373 0.774811
-0.690819 -0.609551 -5.527005 46 60 47 0 0.768164 -0.221914 0.600565
-0.677673 -0.320345 -5.484647 85 99 72 0 0.798281 0.046625 0.600477
-0.723683 -0.565732 -5.479535 62 93 62 0 0.612794 -0.261269 0.745803
-0.793793 -0.184506 -5.387515 52 84 46 0 0.700003 0.015369 0.713975
-0.575429 -0.141418 -5.648238 41 76 29 0 0.873667 -0.048004 0.484151
-0.722222 -0.388265 -5.436446 52 86 50 0 0.601086 0.006877 0.799155
-0.576889 0.008297 -5.662844 46 78 42 0 0.701931 0.189753 0.686504
-0.714919 -0.610281 -5.496332 38 67 29 0 0.277169 -0.885442 0.373054
-0.716380 0.053577 -5.524814 106 97 89 0 0.697963 0.301430 0.649606
-0.760199 -0.353940 -5.405042 50 82 48 0 0.564423 -0.015106 0.825348
-0.687897 -0.486127 -5.483186 50 84 45 0 0.767741 -0.277020 0.577784
-0.652112 -0.413826 -5.514590 47 82 43 0 0.775292 0.006910 0.631566
-0.664527 -0.033331 -5.550375 47 81 44 0 0.677656 0.261858 0.687178
-0.600259 -0.003388 -5.632171 46 79 41 0 0.696896 0.333016 0.635166
-0.778457 -0.440848 -5.386054 57 90 49 0 0.681224 -0.079888 0.727704
-0.699582 -0.125351 -5.489759 43 74 33 0 0.751579 0.126503 0.647400
-0.758738 -0.408714 -5.403582 50 85 46 0 0.743379 0.064704 0.665734
-0.566665 0.009027 -5.676720 29 40 25 0 0.776619 0.325059 0.539630
-0.713458 -0.188158 -5.462737 48 78 36 0 0.742779 0.086098 0.663978
-0.628742 -0.500734 -5.563521 49 85 42 0 0.758216 -0.253790 0.600583
-0.804748 -0.115857 -5.375099 53 84 44 0 0.738228 -0.006925 0.674516
-0.818624 -0.135575 -5.362684 51 84 48 0 0.658391 0.006930 0.752644
-0.733177 -0.458375 -5.433525 55 90 53 0 0.681738 -0.126800 0.720524
-0.776996 -0.123160 -5.402851 49 82 42 0 0.691490 0.015366 0.722223
-0.680594 -0.356131 -5.478074 83 101 73 0 0.791038 0.055387 0.609255
-0.724413 0.033128 -5.505826 44 71 28 0 0.793346 0.292952 0.533648
-0.742671 -0.019455 -5.461277 48 81 40 0 0.721242 0.166206 0.672448
-0.625820 0.060150 -5.626328 46 80 38 0 0.816260 0.229045 0.530338
-0.674021 -0.079341 -5.527005 51 75 44 0 0.687207 0.172950 0.705574
-0.603181 -0.130463 -5.604419 41 73 31 0 0.783836 0.064484 0.617611
-0.634584 -0.415287 -5.537960 48 83 42 0 0.809894 -0.015177 0.586380
-0.720031 -0.497082 -5.448861 50 85 44 0 0.657969 -0.286561 0.696391
-0.773344 -0.426241 -5.391896 55 84 48 0 0.635584 0.015299 0.771880
-0.723683 -0.189619 -5.451782 47 79 41 0 0.726010 0.047069 0.686072
-0.591496 -0.331300 -5.605879 37 70 23 0 0.908505 0.190887 0.371726
-0.733177 -0.033331 -5.469310 44 76 33 0 0.787350 0.126035 0.603486
-0.752896 0.089362 -5.471501 54 72 46 0 0.928807 0.285023 0.236810
-0.781378 -0.345907 -5.387515 49 80 48 0 0.544928 0.006795 0.838455
-0.791602 -0.371468 -5.380942 53 84 54 0 0.490672 0.048105 0.870015
-0.614135 -0.508037 -5.597846 9 17 11 0 0.774274 -0.418923 0.474345
-0.556440 -0.055971 -5.674529 42 73 32 0 0.809344 0.032039 0.586461
-0.763850 -0.242932 -5.410885 50 82 45 0 0.683136 0.047064 0.728773
-0.758008 -0.331300 -5.407233 53 83 50 0 0.673238 0.038268 0.738435
-0.758738 -0.448151 -5.405772 53 86 50 0 0.667006 -0.104542 0.737682
-0.598799 -0.221753 -5.632901 45 79 37 0 0.890092 -0.206759 0.406187
-0.747783 -0.456915 -5.417458 58 92 58 0 0.736777 -0.055795 0.673829
-0.785030 -0.313042 -5.387515 50 82 47 0 0.516466 0.006742 0.856281
-0.573238 -0.204955 -5.694248 46 79 39 0 0.934259 -0.339362 0.109515
-0.763120 -0.672358 -5.508747 101 123 76 0 0.959953 -0.230441 0.159334
-0.631663 -0.091026 -5.573745 42 75 33 0 0.777074 0.126293 0.616608
-0.743401 -0.581799 -5.470040 62 98 63 0 0.616347 -0.369808 0.695240
-0.657954 -0.004118 -5.566442 44 74 36 0 0.775048 0.197983 0.600087
-0.598799 -0.432814 -5.588352 50 86 40 0 0.831854 -0.102716 0.545407
-0.759468 0.063801 -5.447401 46 77 34 0 0.937788 -0.008835 0.347095
-0.647730 -0.296975 -5.522623 52 82 41 0 0.755526 0.064759 0.651911
-0.773344 -0.085914 -5.410154 47 78 39 0 0.737318 0.110819 0.666394
-0.697392 -0.170630 -5.483916 45 76 37 0 0.783814 0.070471 0.616984
-0.762390 -0.636573 -5.485377 62 96 58 0 0.561092 -0.109304 0.820505
-0.634584 -0.356131 -5.535038 43 76 34 0 0.848133 -0.014975 0.529572
-0.607563 -0.099790 -5.603688 42 75 34 0 0.802819 0.103449 0.587180
-0.798906 -0.243662 -5.383132 49 81 47 0 0.594615 0.070208 0.800939
-0.598068 -0.449611 -5.592003 43 79 31 0 0.870617 -0.094848 0.482732
-0.741941 -0.275796 -5.424761 49 82 47 0 0.553762 0.001354 0.832674
-0.736098 -0.380962 -5.424030 45 76 37 0 0.731638 0.006942 0.681659
-0.754356 -0.593484 -5.473692 54 86 54 0 0.047042 -0.736989 0.674266
-0.572507 -0.383883 -5.639474 54 90 43 0 0.935192 -0.094991 0.341164
-0.733907 -0.440117 -5.427682 53 89 50 0 0.530213 -0.278480 0.800826
-0.758008 -0.214449 -5.415997 45 77 42 0 0.722162 0.023838 0.691313
-0.823006 -0.348828 -5.365605 61 76 58 0 0.395291 -0.032832 0.917969
-0.739750 -0.635112 -5.491950 50 77 39 0 0.055581 0.238381 -0.969580
-0.674021 -0.340794 -5.486837 45 72 39 0 0.779010 0.135545 0.612186
-0.579080 -0.047937 -5.647507 43 77 31 0 0.761264 0.094975 0.641449
-0.801096 -0.072038 -5.380211 54 86 44 0 0.744305 0.079799 0.663055
-0.606832 0.061610 -5.654810 22 29 17 0 0.911029 0.030412 0.411219
-0.699582 0.031667 -5.532847 45 74 39 0 0.682071 0.237858 0.691522
-0.653573 -0.506576 -5.532117 51 87 45 0 0.853595 -0.119879 0.506957
-0.679134 -0.291133 -5.488298 89 98 75 0 0.676100 0.136419 0.724071
-0.787220 -0.020916 -5.402851 50 82 42 0 0.711181 0.095313 0.696518
-0.814973 -0.247314 -5.373639 49 80 45 0 0.569351 0.001359 0.822094
-0.668909 0.024364 -5.561330 58 79 49 0 0.702669 0.206302 0.680953
-0.828849 -0.301357 -5.364875 58 88 56 0 0.387064 -0.009001 0.922009
-0.716380 -0.244392 -5.451782 47 79 45 0 0.703874 0.095515 0.703874
-0.809860 -0.221753 -5.376560 50 82 46 0 0.649226 -0.015292 0.760442
-0.833230 -0.248044 -5.361953 56 89 54 0 0.512977 -0.086680 0.854015
-0.710537 -0.310121 -5.448861 48 82 45 0 0.736618 0.064869 0.673191
-0.815703 -0.292593 -5.370717 47 79 41 0 0.475046 0.001323 0.879960
-0.844185 -0.272875 -5.357572 43 54 42 0 0.554373 0.006810 0.832241
-0.633854 -0.527025 -5.573015 62 91 49 0 0.907954 -0.300695 0.291895
-0.713458 -0.009230 -5.503635 47 80 32 0 0.804546 0.166924 0.569949
-0.779187 -0.183046 -5.400660 61 89 57 0 0.666523 -0.023855 0.745103
-0.580541 -0.405062 -5.624137 46 83 34 0 0.940243 -0.031981 0.338999
-0.687167 -0.120239 -5.503635 112 114 97 0 0.801613 0.109910 0.587654
-0.695931 -0.143609 -5.490489 46 74 34 0 0.759556 0.104310 0.642023
-0.663067 -0.567923 -5.540881 58 94 53 0 0.743326 -0.275365 0.609623
-0.693010 -0.035522 -5.518971 60 77 50 0 0.731054 0.206433 0.650343
-0.653573 -0.534328 -5.542342 51 88 45 0 0.802243 -0.237414 0.547760
-0.771884 -0.286751 -5.397739 48 79 47 0 0.651042 0.182292 0.736827
-0.661606 -0.099059 -5.536499 57 81 43 0 0.752902 0.104611 0.649765
-0.673291 0.097396 -5.583970 50 71 43 0 0.817441 0.269366 0.509149
-0.587114 -0.280908 -5.688405 46 67 36 0 0.971765 0.166843 0.166843
-0.611944 -0.162597 -5.592003 42 75 33 0 0.811440 0.023580 0.583960
-0.625820 -0.517531 -5.579588 53 79 43 0 0.875886 -0.222329 0.428244
-0.737559 -0.350288 -5.421839 51 85 47 0 0.683251 0.001380 0.730182
-0.666718 -0.114396 -5.527735 43 75 31 0 0.726984 0.095462 0.679987
-0.647000 -0.388265 -5.518241 42 73 34 0 0.814564 -0.046426 0.578214
-0.671830 0.072565 -5.574476 56 82 52 0 0.736263 0.199115 0.646738
-0.636775 -0.442308 -5.535769 54 90 48 0 0.809250 -0.006846 0.587425
-0.775535 -0.454724 -5.391896 51 85 46 0 0.767968 -0.095082 0.633391
-0.752896 -0.548204 -5.442288 55 91 51 0 0.768336 -0.315996 0.556602
-0.688628 -0.093217 -5.510208 112 114 101 0 0.808823 0.109696 0.577731
-0.590035 -0.438657 -5.605149 47 86 33 0 0.914455 -0.094599 0.393476
-0.609023 -0.310851 -5.577397 40 75 27 0 0.888502 0.117617 0.443543
-0.745592 -0.565002 -5.458355 52 85 49 0 0.798859 -0.268379 0.538328
-0.652112 -0.171361 -5.535769 44 78 31 0 0.751320 0.070662 0.656144
-0.776996 -0.508767 -5.401391 64 94 63 0 0.751579 -0.126503 0.647400
-0.596608 -0.202034 -5.627789 42 77 34 0 0.870269 -0.245847 0.426839
-0.573968 -0.329109 -5.670877 26 33 22 0 0.781257 -0.046790 -0.622453
-0.597338 -0.041364 -5.626328 41 74 32 0 0.744305 0.079799 0.663055
-0.635315 -0.145069 -5.562060 37 72 24 0 0.794828 0.055453 0.604296
-0.682055 0.034589 -5.551106 91 107 80 0 0.662857 0.142792 0.735004
-0.638236 -0.238550 -5.542342 41 74 32 0 0.799824 0.125666 0.586932
-0.768232 -0.149451 -5.410885 45 76 39 0 0.730182 0.001380 0.683251
-0.598068 -0.268493 -5.640204 40 72 26 0 0.967687 0.103000 0.230159
-0.638236 -0.087374 -5.567173 43 75 33 0 0.735833 0.133379 0.663898
-0.759468 -0.096138 -5.424030 49 82 40 0 0.719831 0.095293 0.687578
-0.606102 -0.258268 -5.615373 38 70 28 0 0.967687 0.103000 0.230159
-0.825197 -0.001927 -5.376560 35 39 35 0 0.461421 0.467989 0.753709
-0.590035 -0.285290 -5.659923 33 64 22 0 0.915001 0.308867 0.259565
-0.674752 0.035319 -5.558409 45 74 37 0 0.707386 0.182601 0.682834
-0.692279 -0.477363 -5.475883 64 90 60 0 0.815522 -0.166709 0.554195
-0.783569 0.035319 -5.413075 57 87 51 0 0.711203 -0.015370 0.702819
-0.711268 -0.440117 -5.448861 59 92 57 0 0.680103 -0.230889 0.695809
-0.755087 -0.108554 -5.426951 47 80 36 0 0.765978 0.055630 0.640455
-0.790872 -0.169900 -5.389706 51 84 47 0 0.694569 0.001381 0.719425
-0.707616 -0.329109 -5.451052 48 82 42 0 0.714476 0.110943 0.690808
-0.712728 -0.215180 -5.459816 45 78 39 0 0.742318 0.095169 0.663255
-0.641157 -0.373659 -5.527005 44 77 35 0 0.799835 0.001367 0.600218
-0.584923 -0.183776 -5.641665 43 79 34 0 0.896605 -0.181059 0.404124
-0.844185 -0.133384 -5.340774 13 19 11 0 0.294304 -0.095485 0.950930
-0.596608 -0.413826 -5.589812 49 86 38 0 0.836498 -0.046084 0.546028
-0.771884 -0.162597 -5.407233 49 78 44 0 0.719240 -0.038303 0.693705
-0.709807 -0.072038 -5.488298 43 75 30 0 0.776880 0.181628 0.602883
-0.728795 -0.028219 -5.476613 45 79 28 0 0.791963 0.103936 0.601658
-0.816433 -0.027488 -5.371448 56 81 50 0 0.729158 0.220153 0.647967
-0.735368 -0.053780 -5.460546 40 72 30 0 0.755223 0.182295 0.629608
-0.628742 0.043352 -5.614643 43 76 34 0 0.737525 0.189385 0.648221
-0.718571 0.094475 -5.535038 64 84 59 0 0.635584 -0.015299 0.771880
-0.580541 -0.031140 -5.648238 39 71 28 0 0.759264 0.110572 0.641320
-0.575429 -0.161867 -5.651889 42 76 32 0 0.921138 -0.173507 0.348424
-0.618517 -0.435005 -5.559869 44 78 34 0 0.856281 0.006742 0.516466
-0.733177 -0.251696 -5.432794 46 77 42 0 0.703767 0.133551 0.697765
-0.822276 -0.164788 -5.363414 58 86 56 0 0.616897 -0.085640 0.782371
-0.653573 0.095935 -5.608070 54 71 47 0 0.506090 0.499409 0.703181
-0.597338 -0.147991 -5.613913 41 75 32 0 0.791522 -0.023648 0.610682
-0.839073 -0.183046 -5.353920 59 89 60 0 0.427597 -0.078370 0.900566
-0.761659 -0.080071 -5.424761 44 76 36 0 0.711779 0.142958 0.687702
-0.738289 -0.432084 -5.424030 52 86 50 0 0.672185 -0.079849 0.736065
-0.583462 -0.014343 -5.648968 38 72 28 0 0.816001 0.087788 0.571345
-0.674021 -0.183776 -5.510208 54 83 47 0 0.649267 0.038192 0.759601
-0.765311 -0.126811 -5.415997 45 79 37 0 0.721603 -0.055949 0.690042
-0.801827 -0.438657 -5.366335 21 27 20 0 0.521768 0.095777 0.847694
-0.785030 0.003915 -5.410154 47 81 36 0 0.761183 0.126616 0.636057
-0.670370 -0.055971 -5.536499 45 77 37 0 0.738278 0.205851 0.642317
-0.733907 0.030207 -5.489028 46 72 31 0 0.808221 0.236439 0.539329
-0.744132 -0.250965 -5.424761 48 81 46 0 0.576928 0.125419 0.807109
-0.675482 -0.247314 -5.498523 61 80 53 0 0.793693 0.070327 0.604240
-0.646269 0.049925 -5.594194 37 70 29 0 0.759675 0.285077 0.584488
-0.577620 -0.211528 -5.684753 49 85 39 0 0.917290 -0.307689 0.252796
-0.663067 -0.581069 -5.548914 28 43 28 0 0.760062 -0.340495 0.553506
-0.688628 -0.581069 -5.515320 61 97 60 0 0.649761 -0.410463 0.639790
-0.573968 -0.310851 -5.681832 14 31 9 0 0.773061 0.507271 0.380858
-0.607563 0.053577 -5.647507 45 76 39 0 0.790494 0.396055 0.467183
-0.788681 -0.427702 -5.378751 61 92 59 0 0.616012 0.094659 0.782029
-0.803287 -0.014343 -5.388975 56 89 48 0 0.632657 0.212958 0.744577
-0.808400 -0.082992 -5.371448 52 84 45 0 0.683251 0.001380 0.730182
-0.647000 -0.151642 -5.545263 45 78 35 0 0.769543 0.085828 0.632800
-0.744862 -0.141418 -5.437176 50 79 45 0 0.688639 0.080074 0.720669
-0.694470 0.005376 -5.529196 43 72 32 0 0.704526 0.268769 0.656815
-0.680594 -0.074229 -5.521893 51 76 44 0 0.673271 0.133455 0.727252
-0.816433 0.007567 -5.386054 36 42 35 0 0.386192 0.286237 0.876883
-0.784299 -0.246583 -5.393357 52 81 54 0 0.546028 0.046084 0.836498
-0.796715 -0.159676 -5.383132 46 78 42 0 0.666198 -0.032394 0.745071
-0.736829 -0.066195 -5.456894 45 81 34 0 0.728530 0.165782 0.664650
-0.628011 0.030937 -5.610261 43 75 33 0 0.767517 0.104194 0.632504
-0.719301 -0.110014 -5.468580 43 73 33 0 0.735833 0.133379 0.663898
-0.792333 -0.007039 -5.401391 55 88 48 0 0.697765 0.133551 0.703767
-0.682785 -0.334952 -5.478804 66 88 54 0 0.700003 0.015369 0.713975
-0.806209 0.002455 -5.390436 59 88 57 0 0.624846 0.181801 0.759287
-0.668179 -0.307200 -5.497792 46 75 44 0 0.762011 0.064577 0.644337
-0.661606 -0.258999 -5.511668 52 84 50 0 0.726382 0.172802 0.665213
-0.755087 -0.653370 -5.500714 70 103 74 0 0.474536 -0.601974 0.642217
-0.579811 -0.091756 -5.640934 40 76 29 0 0.789869 0.064275 0.609899
-0.766772 0.003185 -5.433525 49 82 39 0 0.824795 0.112009 0.554227
-0.595147 -0.113666 -5.619025 35 69 24 0 0.816001 0.087788 0.571345
-0.671830 -0.164058 -5.515320 50 80 45 0 0.689258 0.070804 0.721048
-0.842725 -0.240011 -5.356111 62 87 58 0 0.472396 -0.103558 0.875281
-0.671830 -0.371468 -5.488298 50 82 46 0 0.750063 0.006932 0.661331
-0.573968 -0.103441 -5.648238 41 73 31 0 0.838005 0.015038 0.545455
-0.693740 -0.230516 -5.480265 45 73 37 0 0.819568 0.069841 0.568709
-0.699582 0.092284 -5.551106 45 73 43 0 0.642327 0.175458 0.746076
-0.747053 -0.034792 -5.451782 50 84 44 0 0.699607 0.206314 0.684094
-0.559362 -0.071307 -5.668686 41 73 32 0 0.819933 0.001360 0.572458
-0.817163 -0.145069 -5.364144 53 86 50 0 0.622911 -0.104063 0.775341
-0.850758 -0.185237 -5.348077 31 37 30 0 0.521768 -0.095777 0.847694
-0.733907 -0.142148 -5.448861 44 75 36 0 0.679708 0.182585 0.710394
-0.692279 -0.402871 -5.463468 48 80 50 0 0.700268 0.104672 0.706165
-0.587844 -0.416017 -5.607340 46 81 33 0 0.929121 -0.062295 0.364491
-0.753626 -0.374389 -5.407233 52 85 53 0 0.626334 0.055642 0.777567
-0.755087 -0.152373 -5.424030 46 75 38 0 0.704844 0.079931 0.704844
-0.753626 0.028746 -5.456164 48 81 33 0 0.868298 0.079956 0.489557
-0.772614 -0.660673 -5.489759 84 106 69 0 0.659649 -0.254685 0.707106
-0.746323 0.049925 -5.475152 44 74 33 0 0.883830 0.151390 0.442636
-0.706155 -0.610281 -5.513129 60 92 61 0 0.398586 -0.382832 0.833408
-0.669639 -0.509497 -5.513129 52 88 47 0 0.741584 -0.149525 0.653984
-0.739020 -0.310851 -5.424761 50 81 48 0 0.586932 0.125666 0.799824
-0.793793 -0.025297 -5.396278 51 83 42 0 0.764169 0.142625 0.629050
-0.616326 -0.489049 -5.579588 56 93 51 0 0.862776 -0.315275 0.395247
-0.635315 -0.190349 -5.556948 43 79 31 0 0.821309 0.046330 0.568599
-0.787220 -0.091026 -5.394087 50 81 42 0 0.781002 0.001373 0.624527
-0.620708 -0.364164 -5.556218 49 81 42 0 0.838844 0.001351 0.544370
-0.552058 -0.093217 -5.680372 46 80 34 0 0.789959 -0.079429 0.607994
-0.737559 -0.451802 -5.427682 57 89 58 0 0.642876 -0.348429 0.682135
-0.624360 -0.378771 -5.550375 46 80 40 0 0.848133 -0.014975 0.529572
-0.603911 -0.032601 -5.620486 41 75 34 0 0.729163 0.126746 0.672500
-0.742671 -0.543822 -5.452513 59 94 60 0 0.609623 -0.275365 0.743326
-0.649921 -0.083723 -5.552566 44 76 35 0 0.791765 0.135179 0.595680
-0.633854 -0.165518 -5.560600 43 78 28 0 0.793693 0.070327 0.604240
-0.728795 -0.504385 -5.445209 55 89 47 0 0.602300 -0.435458 0.669037
-0.545486 -0.057431 -5.689866 54 75 46 0 0.730563 0.229963 0.642958
-0.576889 -0.332761 -5.638743 39 72 28 0 0.896483 0.262277 0.357112
-0.804018 -0.366355 -5.374369 51 82 50 0 0.552890 0.054867 0.831446
-0.796715 0.000994 -5.398469 56 86 53 0 0.678203 0.213595 0.703148
-0.684246 -0.101250 -5.513129 52 74 42 0 0.714566 0.159298 0.681189
-0.636775 0.050656 -5.608070 45 78 38 0 0.751187 0.253545 0.609453
-0.652112 -0.247314 -5.524814 43 79 35 0 0.798281 0.046625 0.600477
-0.585653 -0.072768 -5.636552 46 80 37 0 0.731679 0.086166 0.676182
-0.752896 -0.497812 -5.421839 53 86 50 0 0.654272 -0.182338 0.733949
-0.687897 -0.351749 -5.470771 44 78 38 0 0.666675 0.149662 0.730168
-0.703234 -0.007770 -5.514590 139 131 122 0 0.751579 0.126503 0.647400
-0.648460 -0.071307 -5.556948 38 70 28 0 0.752442 0.182364 0.632910
-0.606832 -0.145069 -5.599307 44 75 36 0 0.798265 -0.055297 0.599762
-0.709077 -0.376580 -5.448861 50 83 49 0 0.676210 0.104599 0.729246
-0.711998 -0.118048 -5.475152 43 77 32 0 0.795517 0.103636 0.597003
-0.606102 -0.284560 -5.595655 43 76 32 0 0.923181 0.142989 0.356778
-0.754356 -0.206416 -5.419649 44 77 36 0 0.656920 0.079758 0.749730
-0.682055 -0.210798 -5.496332 112 116 99 0 0.761264 0.094975 0.641449
-0.640427 -0.543822 -5.574476 41 50 39 0 0.801178 -0.301824 0.516736
-0.655033 -0.142148 -5.537230 46 80 38 0 0.734474 0.086151 0.673146
-0.720762 -0.257538 -5.445209 47 76 42 0 0.774485 0.023723 0.632147
-0.804018 -0.032601 -5.383863 60 90 52 0 0.698872 0.189760 0.689615
-0.617787 0.044083 -5.628519 46 79 39 0 0.752693 0.284846 0.593562
-0.695931 -0.554047 -5.502174 62 98 62 0 0.696582 -0.070962 0.713960
-0.692279 -0.271414 -5.475152 45 78 38 0 0.717865 0.156322 0.678405
-0.791602 -0.251696 -5.387515 41 73 36 0 0.545150 0.031743 0.837737
-0.760199 -0.298436 -5.407233 52 84 49 0 0.609841 -0.015211 0.792378
-0.700313 -0.204225 -5.475883 47 76 38 0 0.767517 0.104194 0.632504
-0.625820 -0.388995 -5.548914 42 76 33 0 0.821901 0.015093 0.569430
-0.698852 -0.220292 -5.475152 44 75 37 0 0.771205 0.046869 0.634859
-0.785760 -0.129733 -5.394818 48 80 41 0 0.683136 -0.047064 0.728773
-0.709807 -0.137766 -5.474422 49 82 39 0 0.723503 0.142896 0.675370
-0.666718 0.007567 -5.559869 42 72 34 0 0.738278 0.205851 0.642317
-0.565934 -0.179394 -5.697169 68 93 62 0 0.934313 -0.323363 0.149985
-0.782839 -0.150182 -5.397008 50 82 47 0 0.706322 0.047088 0.706322
-0.785760 -0.036982 -5.402121 47 82 34 0 0.691521 0.149804 0.706653
-0.708346 -0.462757 -5.454704 48 83 44 0 0.731939 -0.199620 0.651473
-0.711998 -0.031140 -5.497062 51 82 37 0 0.763384 0.246101 0.597226
-0.594417 -0.399950 -5.592003 47 83 36 0 0.865392 -0.014851 0.500875
-0.627281 -0.168440 -5.568633 40 74 28 0 0.766875 0.015310 0.641614
-0.584923 -0.166249 -5.637283 43 79 32 0 0.857558 -0.173289 0.484320
-0.714189 0.018522 -5.514590 86 100 75 0 0.658956 0.213421 0.721269
-0.584192 -0.293324 -5.684023 41 67 30 0 0.921336 0.382214 0.071078
-0.655033 -0.123890 -5.539421 41 75 32 0 0.816019 0.134282 0.562212
-0.729525 -0.206416 -5.444479 45 77 38 0 0.751669 0.055838 0.657173
-0.591496 -0.150182 -5.622676 39 74 26 0 0.824888 -0.054993 0.562616
-0.743401 -0.107823 -5.440828 43 76 32 0 0.719425 0.001381 0.694569
-0.718571 -0.172091 -5.459816 43 76 34 0 0.730311 0.111102 0.674019
-0.600259 -0.405792 -5.583240 48 85 38 0 0.821309 -0.046330 0.568599
-0.804748 -0.129733 -5.375829 44 77 37 0 0.742241 -0.006937 0.670098
-0.622169 0.076947 -5.638743 32 42 23 0 0.832795 0.096368 0.545129
-0.649921 -0.474442 -5.525544 45 78 36 0 0.737844 -0.142760 0.659702
-0.730986 -0.189619 -5.445209 48 80 45 0 0.657262 0.032371 0.752966
-0.674752 -0.264111 -5.498523 77 94 76 0 0.770149 0.152221 0.619435
-0.654303 -0.190349 -5.529196 40 74 30 0 0.780479 0.103966 0.616476
-0.786490 -0.445960 -5.379481 56 91 49 0 0.749730 -0.079758 0.656920
-0.636045 -0.397759 -5.535038 41 74 35 0 0.791038 -0.055387 0.609255
-0.761659 -0.045746 -5.432064 50 80 40 0 0.777683 0.110258 0.618912
-0.725874 -0.172821 -5.452513 48 81 42 0 0.657607 0.120240 0.743704
-0.710537 -0.250235 -5.456894 55 84 50 0 0.785661 0.023723 0.618202
-0.589305 -0.083723 -5.631440 42 76 32 0 0.785764 0.032215 0.617686
-0.652842 0.033858 -5.581779 39 70 32 0 0.752442 0.182364 0.632910
-0.750705 -0.328379 -5.412345 38 67 30 0 0.562168 0.046263 0.825728
-0.541834 -0.084453 -5.695708 55 73 46 0 0.808823 -0.109696 0.577731
-0.684246 -0.053780 -5.523354 50 80 43 0 0.608647 0.125876 0.783393
-0.614866 -0.400680 -5.562790 48 83 39 0 0.816607 -0.015148 0.576995
-0.701773 -0.516801 -5.478804 51 81 48 0 0.742942 -0.261376 0.616214
-0.762390 0.075486 -5.444479 60 78 48 0 0.803533 0.309051 0.508746
-0.751435 -0.001927 -5.453243 42 74 25 0 0.800939 0.070208 0.594615
-0.739020 -0.600787 -5.483186 55 89 56 0 0.516538 -0.506508 0.690389
-0.712728 -0.356131 -5.445940 60 91 54 0 0.727510 0.001380 0.686096
-0.774075 -0.345176 -5.394087 52 81 50 0 0.633537 0.001374 0.773712
-0.622899 -0.147991 -5.578857 52 81 40 0 0.807688 0.055166 0.587024
-0.779187 -0.402141 -5.387515 59 90 58 0 0.587100 -0.023595 0.809171
-0.690819 -0.027488 -5.523354 54 83 44 0 0.674959 0.159260 0.720462
-0.609753 -0.375849 -5.570094 44 80 37 0 0.850796 0.048577 0.523246
-0.606102 -0.091026 -5.607340 35 63 25 0 0.817737 0.150440 0.555584
-0.590765 -0.129002 -5.622676 40 74 30 0 0.811146 0.001363 0.584843
-0.749244 -0.062544 -5.442288 47 79 41 0 0.735772 0.166044 0.656558
-0.570316 -0.196922 -5.701551 53 82 44 0 0.971387 -0.221281 0.086262
-0.749974 -0.147991 -5.431334 49 79 44 0 0.733145 0.111083 0.670939
-0.717840 -0.275796 -5.445940 49 81 44 0 0.713646 0.038307 0.699458
-0.714189 -0.047937 -5.489028 47 78 33 0 0.783393 0.125876 0.608647
-0.761659 -0.020916 -5.436446 50 82 38 0 0.823027 0.078724 0.562521
-0.792333 -0.085183 -5.388975 49 80 41 0 0.760442 0.015292 0.649226
-0.730986 -0.085914 -5.459085 44 77 30 0 0.776245 0.070568 0.626469
-0.674021 -0.296975 -5.493411 52 74 46 0 0.742318 0.095169 0.663255
-0.679864 -0.268493 -5.491220 112 122 107 0 0.794739 0.064207 0.603545
-0.695201 -0.213719 -5.480995 45 77 36 0 0.783836 0.064484 0.617611
-0.649191 -0.239280 -5.528466 40 75 31 0 0.832241 0.006810 0.554373
-0.728065 -0.481015 -5.438637 48 83 46 0 0.679987 -0.095462 0.726984
-0.628011 -0.285290 -5.550375 41 76 32 0 0.830951 0.046086 0.554433
-0.562283 -0.037713 -5.668686 44 75 35 0 0.721603 0.055949 0.690042
-0.760199 0.083520 -5.453973 39 46 36 0 0.735482 0.555297 0.388216
-0.758008 -0.620506 -5.475152 57 84 51 0 -0.134046 0.404959 0.904456
-0.738289 -0.464948 -5.429142 58 90 62 0 0.729762 0.307692 0.610551
-0.572507 -0.178664 -5.668686 46 81 37 0 0.818311 -0.436962 0.373404
-0.660145 -0.466409 -5.510208 47 80 42 0 0.769543 -0.085828 0.632800
-0.828849 -0.072038 -5.351729 59 76 52 0 0.636526 0.001375 0.771254
-0.685706 -0.202764 -5.493411 79 93 67 0 0.753658 0.086007 0.651615
-0.591496 -0.449611 -5.603688 52 90 42 0 0.910076 -0.095000 0.403407
-0.703234 -0.077880 -5.496332 57 84 45 0 0.791265 0.119353 0.599711
-0.725874 -0.277987 -5.437176 53 83 46 0 0.682292 0.104628 0.723554
-0.676212 -0.234898 -5.499253 47 70 35 0 0.751975 0.120138 0.648152
-0.654303 -0.256078 -5.520432 48 83 42 0 0.737318 0.110819 0.666394
-0.765311 -0.399950 -5.397739 47 83 39 0 0.704306 -0.006946 0.709863
-0.727334 -0.261920 -5.437176 43 75 37 0 0.694817 0.047082 0.717644
-0.694470 -0.188888 -5.485377 48 79 35 0 0.792378 0.015211 0.609841
-0.637506 -0.074959 -5.570824 43 75 34 0 0.782275 0.164928 0.600703
-0.555710 -0.133384 -5.684023 46 82 34 0 0.915643 -0.189394 0.354580
-0.737559 0.038240 -5.486107 62 83 45 0 0.834985 0.191069 0.516036
-0.583462 -0.222483 -5.675259 51 87 43 0 0.920253 -0.230421 0.316292
-0.710537 -0.504385 -5.463468 49 84 42 0 0.666070 -0.420239 0.616239
-0.700313 -0.419668 -5.456894 48 80 46 0 0.714543 -0.055846 0.697359
-0.681325 -0.043555 -5.529196 43 73 36 0 0.718686 0.199377 0.666137
-0.653573 -0.020185 -5.565712 40 72 31 0 0.839567 0.174475 0.514477
-0.763120 -0.155294 -5.415997 59 87 53 0 0.742241 0.006937 0.670098
-0.725144 -0.134845 -5.457625 46 79 39 0 0.698384 0.064799 0.712784
-0.629472 0.075486 -5.627789 46 78 34 0 0.790637 0.307028 0.529743
-0.780648 -0.529216 -5.399199 39 43 36 0 0.718114 -0.006945 0.695890
-0.646269 -0.044286 -5.567173 41 74 33 0 0.789865 0.181106 0.585930
-0.814242 -0.072768 -5.367065 58 90 49 0 0.756234 0.001377 0.654300
-0.565204 -0.356861 -5.657001 33 53 25 0 0.849783 0.167584 0.499785
-0.640427 -0.207877 -5.545263 41 74 28 0 0.834926 0.102383 0.540755
-0.753626 -0.168440 -5.424761 45 77 43 0 0.682310 0.032491 0.730340
-0.623630 -0.474442 -5.562790 45 81 35 0 0.838776 -0.197271 0.507482
-0.706886 -0.049398 -5.497792 46 77 32 0 0.795970 0.125524 0.592178
-0.591496 -0.064735 -5.629980 41 75 33 0 0.730365 0.015361 0.682884
-0.610484 -0.082992 -5.604419 41 72 35 0 0.807848 0.173650 0.563229
-0.674752 -0.586181 -5.530657 57 90 48 0 0.782445 -0.191400 0.592576
-0.606102 -0.226865 -5.617564 42 76 32 0 0.933289 -0.086787 0.348481
-0.571047 0.001724 -5.667226 45 76 40 0 0.773429 0.174743 0.609322
-0.555710 -0.100520 -5.675990 42 74 30 0 0.856228 -0.054297 0.513737
-0.586383 -0.312312 -5.632901 33 65 21 0 0.886135 0.364350 0.286382
-0.681325 -0.438657 -5.478074 47 78 42 0 0.743473 -0.158991 0.649592
-0.732447 -0.616124 -5.489028 42 72 35 0 0.482303 0.653713 -0.583132
-0.571777 -0.134115 -5.653350 40 76 28 0 0.878819 -0.039513 0.475516
-0.804018 -0.147991 -5.377290 53 85 49 0 0.690228 -0.006944 0.723559
-0.598068 -0.066195 -5.621946 37 71 26 0 0.767241 0.032379 0.640541
-0.677673 -0.125351 -5.516050 45 77 39 0 0.706003 0.055850 0.706003
-0.694470 -0.044286 -5.516050 116 107 101 0 0.832034 0.159262 0.531371
-0.625090 0.014870 -5.608800 42 73 35 0 0.755223 0.182295 0.629608
-0.657224 0.049195 -5.583240 56 83 53 0 0.729158 0.220153 0.647967
-0.764581 -0.594945 -5.451052 54 85 48 0 0.668063 -0.477187 0.570951
-0.619978 0.006837 -5.612452 42 74 33 0 0.758619 0.212538 0.615893
-0.644809 0.037510 -5.593464 43 74 36 0 0.721462 0.133493 0.679464
-0.809130 -0.396298 -5.369256 58 83 57 0 0.450625 0.111597 0.885711
-0.747053 -0.641685 -5.502904 64 77 59 0 0.173507 -0.921138 -0.348424
-0.641157 0.066723 -5.609531 46 79 39 0 0.735567 0.285611 0.614302
-0.789411 -0.269954 -5.388245 50 81 49 0 0.572127 0.173601 0.801582
-0.790142 0.017791 -5.406503 55 84 49 0 0.673238 0.038268 0.738435
-0.797445 -0.470060 -5.375099 24 27 22 0 0.600359 -0.064171 0.797152
-0.805478 0.016331 -5.394087 60 73 55 0 0.588219 0.094405 0.803173
-0.783569 -0.204955 -5.396278 49 79 52 0 0.548356 0.054695 0.834455
-0.684246 -0.374389 -5.472231 52 80 46 0 0.728870 0.086179 0.679207
-0.706886 -0.345176 -5.451052 50 84 41 0 0.740750 0.001379 0.671779
-0.694470 -0.334221 -5.466389 48 84 42 0 0.717928 0.032441 0.695361
-0.746323 -0.648258 -5.493411 77 103 73 0 0.988411 0.094972 0.118422
-0.722222 -0.522643 -5.462007 61 97 61 0 0.522841 -0.453129 0.722019
-0.680594 -0.226865 -5.496332 106 112 93 0 0.775996 0.079478 0.625710
-0.627281 -0.185237 -5.567903 41 75 27 0 0.804357 0.055326 0.591564
-0.573968 -0.086644 -5.648238 39 73 28 0 0.798609 0.023611 0.601387
-0.629472 -0.370007 -5.543072 45 79 36 0 0.821901 0.015093 0.569430
-0.659415 -0.481015 -5.512399 49 85 42 0 0.794969 -0.261854 0.547227
-0.606832 -0.159676 -5.600767 47 79 39 0 0.846227 0.063151 0.529067
-0.555710 -0.023106 -5.677450 50 81 42 0 0.676080 0.149736 0.721454
-0.742671 -0.169900 -5.435715 55 87 51 0 0.740261 0.079989 0.667544
-0.825197 -0.270684 -5.366335 48 79 44 0 0.436415 0.047290 0.898502
-0.649921 -0.552586 -5.559869 52 75 44 0 0.901722 -0.356290 0.244858
-0.663067 -0.418208 -5.500714 47 81 39 0 0.832034 -0.023379 0.554231
-0.709807 0.064532 -5.535038 70 86 62 0 0.617163 0.205721 0.759466
-0.743401 0.078408 -5.491950 54 75 52 0 0.911397 0.175433 0.372261
-0.708346 -0.223213 -5.463468 47 79 41 0 0.737682 0.104542 0.667006
-0.619978 -0.296975 -5.560600 44 78 34 0 0.883830 0.151390 0.442636
-0.661606 -0.454724 -5.506556 50 83 44 0 0.844691 -0.078081 0.529529
-0.633124 -0.182316 -5.560600 47 81 34 0 0.839965 0.054689 0.539877
-0.768232 0.058689 -5.432064 51 82 38 0 0.856563 0.040001 0.514490
-0.571047 -0.038443 -5.658462 44 77 36 0 0.758480 0.126662 0.639269
-0.555710 -0.037713 -5.675990 44 76 34 0 0.785794 0.001371 0.618487
-0.762390 -0.004849 -5.436446 50 82 36 0 0.825728 0.046263 0.562168
-0.684246 -0.218831 -5.492680 83 93 68 0 0.719831 0.095293 0.687578
-0.566665 -0.135575 -5.662844 43 78 30 0 0.893334 -0.181572 0.411079
-0.671830 -0.021646 -5.544533 42 74 34 0 0.735772 0.166044 0.656558
-0.690088 -0.281639 -5.476613 46 76 38 0 0.813603 0.063896 0.577899
-0.574698 -0.168440 -5.658462 44 81 34 0 0.917284 -0.117601 0.380472
-0.676943 0.027285 -5.554027 93 111 84 0 0.664650 0.165782 0.728530
-0.670370 -0.479554 -5.500714 51 86 46 0 0.761183 -0.126616 0.636057
-0.659415 -0.295515 -5.507287 44 77 37 0 0.752966 0.032371 0.657262
-0.693740 -0.011421 -5.524814 46 75 37 0 0.660095 0.206571 0.722221
-0.739020 -0.202764 -5.434985 50 80 47 0 0.688449 0.120441 0.715214
-0.588574 -0.399220 -5.602958 46 83 36 0 0.893001 0.014596 0.449818
-0.824467 -0.208607 -5.364875 52 86 46 0 0.587103 -0.040635 0.808492
-0.761659 -0.630000 -5.478074 54 82 43 0 0.640526 -0.627147 0.443184
-0.778457 -0.537250 -5.406503 69 90 61 0 0.593246 -0.292626 0.749953
-0.617057 -0.357592 -5.561330 51 83 40 0 0.782029 -0.094659 0.616012
-0.590035 -0.213719 -5.647507 45 80 35 0 0.906277 -0.277611 0.318739
-0.729525 -0.388995 -5.430603 46 80 43 0 0.686718 0.032432 0.726200
-0.743401 0.039701 -5.476613 41 70 26 0 0.846322 0.183594 0.500032
-0.707616 0.095935 -5.544533 54 80 53 0 0.679463 0.101698 0.726627
-0.674021 -0.195461 -5.508747 49 77 45 0 0.728106 0.070929 0.681785
-0.722222 0.038970 -5.512399 56 79 46 0 0.751368 0.299586 0.587958
-0.642618 -0.031870 -5.575206 42 73 34 0 0.803149 0.247003 0.542164
-0.629472 -0.459836 -5.549645 47 81 39 0 0.815934 -0.023550 0.577665
-0.610484 -0.226865 -5.605879 47 81 36 0 0.929449 -0.048504 0.365749
-0.610484 -0.205686 -5.601497 47 79 38 0 0.886597 -0.102570 0.451026
-0.687167 -0.294054 -5.479535 53 82 45 0 0.795932 0.079161 0.600188
-0.549868 -0.033331 -5.682562 57 79 52 0 0.730335 -0.023830 0.682674
-0.647000 -0.215910 -5.534308 53 82 40 0 0.830951 0.046086 0.554433
-0.587844 -0.337143 -5.611722 42 78 29 0 0.903474 0.183000 0.387615
-0.706886 -0.258268 -5.460546 50 78 44 0 0.787934 0.158189 0.595093
-0.630933 -0.270684 -5.548914 42 77 32 0 0.840197 0.111351 0.530727
-0.686437 -0.068386 -5.518241 54 70 42 0 0.695507 0.213164 0.686171
-0.837612 -0.122430 -5.344426 75 95 70 0 0.633537 0.001374 0.773712
-0.659415 -0.322536 -5.505095 45 78 37 0 0.713960 0.070962 0.696582
-0.576889 -0.415287 -5.638743 15 27 13 0 0.916203 -0.063048 0.395724
-0.651382 -0.061813 -5.556218 41 73 34 0 0.790629 0.221252 0.570924
-0.748514 -0.093947 -5.436446 44 77 34 0 0.761667 0.085924 0.642247
-0.765311 -0.165518 -5.413806 53 82 49 0 0.670098 0.006937 0.742241
-0.755817 -0.418208 -5.406503 52 86 46 0 0.674266 -0.047042 0.736989
-0.658685 -0.281639 -5.512399 51 82 40 0 0.765665 0.079606 0.638295
-0.614866 -0.253156 -5.582509 38 70 27 0 0.948841 0.166013 0.268591
-0.582732 -0.231247 -5.687675 56 89 52 0 0.935945 -0.310144 0.166788
-0.584923 0.005376 -5.653350 48 79 41 0 0.774811 0.142373 0.615952
-0.655763 -0.559159 -5.545993 46 78 39 0 0.933257 -0.356948 0.040238
-0.634584 -0.371468 -5.535769 44 78 33 0 0.837737 -0.031743 0.545150
-0.640427 -0.484667 -5.541611 49 83 40 0 0.846322 -0.183594 0.500032
-0.670370 -0.578147 -5.537230 62 97 54 0 0.822433 -0.205228 0.530553
-0.696661 -0.066925 -5.506556 84 89 63 0 0.702846 0.142977 0.696825
-0.635315 -0.204955 -5.554757 41 76 27 0 0.863837 0.056850 0.500554
-0.649921 -0.108554 -5.548914 76 100 66 0 0.751447 0.064656 0.656618
-0.713458 -0.587641 -5.495601 55 89 56 0 0.605283 -0.365795 0.706984
-0.747783 -0.528486 -5.434985 55 92 50 0 0.744588 -0.268306 0.611229
-0.703234 -0.529946 -5.483186 53 85 51 0 0.735954 -0.213162 0.642599
-0.771884 -0.443039 -5.394818 61 94 57 0 0.722162 -0.023838 0.691313
-0.721492 -0.479554 -5.445940 51 87 49 0 0.672512 -0.199435 0.712708
-0.780648 -0.485397 -5.392627 60 95 59 0 0.706165 -0.104672 0.700268
-0.613405 -0.145800 -5.591273 54 82 44 0 0.798609 -0.023611 0.601387
-0.683515 -0.283830 -5.485377 57 83 49 0 0.752747 -0.015305 0.658132
-0.663067 -0.491970 -5.511668 46 81 39 0 0.690324 -0.261847 0.674455
-0.673291 -0.392647 -5.483916 45 76 37 0 0.771473 0.006900 0.636224
-0.550598 -0.058162 -5.682562 45 78 34 0 0.840547 0.142790 0.522582
-0.743401 0.093014 -5.502904 65 82 64 0 0.888679 0.276312 0.365926
-0.727334 0.004646 -5.488298 51 81 38 0 0.805804 0.206420 0.555041
-0.720031 -0.581069 -5.487568 58 89 61 0 0.405148 -0.600281 0.689578
-0.682055 -0.008500 -5.537230 46 76 36 0 0.699022 0.220497 0.680257
-0.623630 -0.215180 -5.575206 42 76 28 0 0.911128 0.016994 0.411772
-0.725144 -0.537980 -5.464928 56 92 56 0 0.565841 -0.462354 0.682681
-0.727334 -0.292593 -5.435715 48 81 46 0 0.568190 0.023502 0.822562
-0.601720 -0.329109 -5.585430 40 76 26 0 0.855209 0.141804 0.498507
-0.746323 -0.082992 -5.441558 50 83 41 0 0.795510 0.174255 0.580344
-0.636775 -0.157485 -5.557678 43 79 32 0 0.817161 0.078711 0.571011
-0.599529 -0.365625 -5.584700 44 78 35 0 0.841068 0.031764 0.539996
-0.552058 -0.066925 -5.678911 42 75 31 0 0.773429 0.032285 0.633061
-0.692279 -0.110014 -5.502174 78 89 69 0 0.633977 0.175680 0.753134
-0.686437 -0.035522 -5.526275 44 74 38 0 0.687223 0.206322 0.696531
-0.717110 -0.231977 -5.452513 47 80 43 0 0.729163 0.126746 0.672500
-0.772614 -0.028219 -5.419649 52 83 42 0 0.777074 0.126293 0.616608
-0.795984 -0.453993 -5.367065 26 41 13 0 0.886806 -0.093864 0.452509
-0.655033 -0.214449 -5.525544 46 79 40 0 0.667469 0.143137 0.730751
-0.585653 -0.300627 -5.654080 38 67 28 0 0.872220 0.435362 0.222917
-0.625820 -0.343716 -5.548914 50 81 36 0 0.837737 -0.031743 0.545150
-0.582001 -0.432084 -5.622676 54 87 41 0 0.940557 -0.072149 0.331884
-0.788681 -0.482476 -5.382402 63 86 57 0 0.713510 -0.079925 0.696072
-0.652842 -0.483206 -5.524814 59 95 55 0 0.828576 -0.040384 0.558418
-0.694470 -0.134845 -5.494141 46 72 35 0 0.783814 0.070471 0.616984
-0.587114 -0.243662 -5.684753 56 86 52 0 0.960203 -0.205285 0.189392
-0.783569 -0.304278 -5.388245 49 83 45 0 0.520370 0.023219 0.853625
-0.795254 -0.314503 -5.381672 53 81 49 0 0.531080 0.006757 0.847295
-0.573968 -0.348097 -5.638013 48 80 42 0 0.903474 0.183000 0.387615
-0.672561 -0.319615 -5.491950 45 76 39 0 0.742779 0.086098 0.663978
-0.776996 0.036049 -5.420379 53 84 45 0 0.726299 -0.023882 0.686964
-0.662336 -0.064735 -5.543072 45 75 38 0 0.762325 0.191732 0.618142
-0.663067 -0.199113 -5.519702 63 94 56 0 0.617686 0.032215 0.785764
-0.737559 -0.585450 -5.476613 60 96 62 0 0.572396 -0.207168 0.793375
-0.729525 -0.102711 -5.459085 46 75 36 0 0.785956 0.094781 0.610975
-0.654303 0.011949 -5.573745 46 76 33 0 0.780252 0.110205 0.615679
-0.728795 -0.515340 -5.451052 57 92 52 0 0.678893 -0.237849 0.694645
-0.615596 -0.114396 -5.590543 43 76 36 0 0.792156 0.088339 0.603892
-0.771884 -0.474442 -5.399930 57 93 56 0 0.643467 -0.199058 0.739139
-0.792333 -0.042095 -5.394087 58 86 45 0 0.712351 0.166266 0.681844
-0.549137 -0.099790 -5.686214 44 79 32 0 0.843355 -0.063357 0.533609
-0.621439 -0.426972 -5.555487 47 82 39 0 0.840871 0.001350 0.541234
-0.575429 -0.031140 -5.655541 42 75 33 0 0.740648 0.159035 0.652800
-0.756547 -0.589102 -5.462737 63 96 65 0 0.743701 -0.362900 0.561437
-0.646269 0.066723 -5.602228 45 76 35 0 0.736807 0.237224 0.633120
-0.598799 -0.472982 -5.598576 59 93 53 0 0.837029 -0.276947 0.471893
-0.659415 0.094475 -5.601497 44 69 38 0 0.659141 0.467940 0.588698
-0.730986 -0.059622 -5.465658 45 79 35 0 0.797967 0.103575 0.593734
-0.670370 -0.356861 -5.490489 44 77 39 0 0.723559 0.006944 0.690228
-0.627281 -0.096868 -5.578857 41 74 32 0 0.702318 0.038308 0.710831
-0.676212 -0.434275 -5.485377 50 81 46 0 0.815008 0.006849 0.579409
-0.705425 -0.301357 -5.456894 46 80 42 0 0.719141 0.143225 0.679943
-0.737559 -0.103441 -5.448131 43 76 34 0 0.771307 0.110608 0.626779
-0.795984 -0.077880 -5.384593 50 82 38 0 0.731638 -0.006942 0.681659
-0.820085 -0.044286 -5.364875 53 83 48 0 0.689650 0.165942 0.704874
-0.755087 -0.090296 -5.429142 47 80 39 0 0.743704 0.120240 0.657607
-0.714189 -0.328379 -5.444479 46 80 39 0 0.736777 0.055795 0.673829
-0.760929 -0.182316 -5.416727 45 78 43 0 0.753231 0.095068 0.650850
-0.668179 -0.416747 -5.491950 50 84 43 0 0.777918 -0.104015 0.619697
-0.615596 -0.467869 -5.570824 51 87 44 0 0.856724 -0.126117 0.500118
-0.736098 -0.481745 -5.432064 43 75 39 0 0.556740 -0.244841 0.793784
-0.628011 -0.144339 -5.572285 56 83 42 0 0.853595 0.119879 0.506957
-0.676943 -0.573765 -5.526275 59 94 54 0 0.705821 -0.244748 0.664767
-0.547677 -0.133384 -5.703012 62 77 52 0 0.829927 -0.198034 0.521539
-0.664527 -0.143609 -5.525544 46 82 37 0 0.715531 0.095502 0.692023
-0.608293 0.068913 -5.648968 22 28 16 0 0.682135 0.348429 0.642876
-0.725874 -0.399220 -5.432064 44 77 36 0 0.705324 0.070967 0.705324
-0.790872 0.034589 -5.405772 73 93 68 0 0.667300 -0.038253 0.743806
-0.616326 -0.034061 -5.606609 42 74 38 0 0.721454 0.149736 0.676080
-0.607563 -0.124620 -5.599307 42 74 32 0 0.781002 0.001373 0.624527
-0.691549 -0.461297 -5.471501 87 114 84 0 0.721269 -0.213421 0.658956
-0.667449 -0.099790 -5.529926 41 69 30 0 0.758817 0.159033 0.631590
-0.690819 -0.568653 -5.510938 64 99 66 0 0.713510 -0.079925 0.696072
-0.692279 -0.511688 -5.488298 54 89 50 0 0.702812 -0.183008 0.687433
-0.701773 0.022904 -5.528466 46 73 39 0 0.660095 0.206571 0.722221
-0.679134 -0.109284 -5.516050 44 75 34 0 0.657172 0.149563 0.738752
-0.744862 -0.070577 -5.445940 45 78 36 0 0.770748 0.119828 0.625770
-0.747783 -0.625618 -5.480995 48 76 36 0 0.195422 -0.764761 -0.613963
-0.647000 0.057959 -5.598576 44 76 36 0 0.758669 0.267672 0.593947
-0.690819 -0.497082 -5.482456 49 81 43 0 0.806815 -0.277294 0.521688
-0.678403 -0.310121 -5.486107 81 89 64 0 0.758233 0.165626 0.630595
-0.773344 -0.054510 -5.413806 48 80 35 0 0.800761 0.079070 0.593742
-0.625820 -0.418208 -5.548914 39 74 29 0 0.835882 -0.111547 0.537456
-0.641157 0.044083 -5.598576 42 74 35 0 0.739981 0.300166 0.601937
-0.709077 -0.146530 -5.473692 45 78 34 0 0.769543 0.085828 0.632800
-0.790872 -0.518261 -5.388975 13 16 11 0 0.777074 -0.126293 0.616608
-0.583462 -0.055971 -5.640204 43 76 31 0 0.767207 0.064531 0.638144
-0.825927 -0.283099 -5.365605 52 83 51 0 0.421018 -0.025076 0.906706
-0.693010 -0.373659 -5.464198 47 80 44 0 0.734307 0.006941 0.678782
-0.649191 -0.199843 -5.534308 42 74 31 0 0.774720 0.085757 0.626462
-0.809860 -0.167709 -5.372908 49 81 46 0 0.604491 0.023624 0.796261
-0.739750 -0.087374 -5.448861 45 80 35 0 0.808823 0.109696 0.577731
-0.641157 -0.310851 -5.527735 44 76 35 0 0.800761 0.079070 0.593742
-0.751435 -0.512419 -5.427682 58 94 56 0 0.682292 -0.149771 0.715574
-0.594417 -0.324727 -5.600767 37 72 24 0 0.913533 0.159551 0.374167
-0.733177 -0.563541 -5.471501 58 95 57 0 0.643547 -0.276262 0.713811
-0.641157 0.079138 -5.614643 47 79 40 0 0.738465 0.285497 0.610869
-0.738289 -0.121699 -5.445940 67 93 54 0 0.765978 0.055630 0.640455
-0.660145 0.073295 -5.589082 43 73 38 0 0.744577 0.212958 0.632657
-0.715649 -0.296245 -5.445209 44 75 38 0 0.689607 0.064786 0.721280
-0.727334 -0.119508 -5.458355 42 69 32 0 0.753134 0.175680 0.633977
-0.639696 -0.283830 -5.534308 48 83 39 0 0.774720 0.085757 0.626462
-0.616326 -0.321806 -5.563521 45 80 34 0 0.858055 0.057018 0.510383
-0.720762 -0.337873 -5.437176 50 83 44 0 0.720364 0.086210 0.688218
-0.730256 0.091553 -5.527005 120 95 98 0 0.596177 0.151672 0.788396
-0.825197 -0.057431 -5.356841 66 90 59 0 0.676080 0.149736 0.721454
-0.556440 -0.013612 -5.680372 33 48 29 0 0.814661 0.103103 0.570698
-0.604641 -0.014343 -5.622676 41 74 31 0 0.799385 0.094301 0.593373
-0.815703 -0.107823 -5.364144 54 86 49 0 0.695890 -0.006945 0.718114
-0.557171 -0.148721 -5.689866 48 84 38 0 0.932001 -0.212266 0.293798
-0.606102 0.032398 -5.638743 40 73 32 0 0.777160 0.276992 0.565064
-0.776266 -0.690616 -5.507287 43 48 36 0 0.054297 -0.856228 0.513737
-0.765311 -0.115857 -5.414536 51 84 44 0 0.745961 0.001379 0.665988
-0.801827 -0.091026 -5.378020 51 83 45 0 0.717644 0.047082 0.694817
-0.620708 -0.256078 -5.570094 45 77 35 0 0.883869 0.087968 0.459388
-0.828849 -0.225404 -5.362684 55 87 51 0 0.545426 -0.063422 0.835756
-0.736098 -0.413826 -5.424030 52 86 51 0 0.658391 -0.006930 0.752644
-0.605372 -0.342255 -5.578127 45 80 33 0 0.854781 0.071819 0.513995
-0.613405 -0.058892 -5.605879 58 85 48 0 0.763333 0.070706 0.642124
-0.569586 -0.111475 -5.655541 41 76 28 0 0.861949 -0.006723 0.506950
-0.670370 -0.124620 -5.521893 38 71 28 0 0.658324 0.038225 0.751763
-0.627281 -0.231247 -5.562790 40 71 28 0 0.873412 0.109711 0.474463
-0.781378 -0.329109 -5.388245 52 83 50 0 0.569351 0.001359 0.822094
-0.741211 -0.518261 -5.439367 58 94 58 0 0.751320 -0.070662 0.656144
-0.684976 0.100317 -5.570094 42 68 37 0 0.784202 0.307000 0.539238
-0.791602 -0.282369 -5.384593 50 80 46 0 0.513885 -0.063010 0.855542
-0.694470 -0.093217 -5.503635 72 85 61 0 0.713232 0.127096 0.689308
-0.641157 -0.174282 -5.550375 49 84 39 0 0.806860 0.150634 0.571215
-0.609753 -0.023106 -5.615373 45 76 35 0 0.745992 0.104468 0.657709
-0.782839 -0.258268 -5.392627 47 79 44 0 0.626334 0.055642 0.777567
-0.587114 -0.224674 -5.665765 49 84 41 0 0.943556 -0.238299 0.230035
-0.773344 -0.216640 -5.403582 50 82 50 0 0.681659 0.006942 0.731638
-0.776266 -0.249505 -5.399199 46 78 46 0 0.640135 0.038154 0.767314
-0.748514 -0.160406 -5.430603 46 77 39 0 0.708273 0.095316 0.699474
-0.767502 0.044813 -5.434255 50 83 38 0 0.842523 -0.006784 0.538618
-0.762390 0.057959 -5.441558 49 81 39 0 0.851992 -0.086764 0.516316
-0.843455 -0.252426 -5.356111 74 95 73 0 0.452516 -0.056052 0.889993
-0.624360 -0.370007 -5.550375 45 79 37 0 0.831416 0.031818 0.554739
-0.753626 0.057959 -5.460546 46 76 35 0 0.918606 0.071283 0.388693
-0.618517 -0.133384 -5.584700 39 69 29 0 0.792144 -0.006888 0.610295
-0.632393 -0.437926 -5.543802 50 88 42 0 0.853039 -0.101791 0.511823
-0.622169 -0.328379 -5.554757 40 73 28 0 0.852426 0.006755 0.522804
-0.667449 -0.325458 -5.496332 40 73 33 0 0.696582 0.070962 0.713960
-0.611214 -0.261920 -5.590543 40 72 28 0 0.934020 0.190701 0.302060
-0.638236 -0.044286 -5.578127 40 72 32 0 0.777074 0.126293 0.616608
-0.601720 -0.076420 -5.617564 64 96 54 0 0.761264 0.094975 0.641449
-0.733907 0.063071 -5.505826 80 92 71 0 0.855979 0.237856 0.459047
-0.758738 -0.135575 -5.421839 47 77 39 0 0.750063 0.006932 0.661331
-0.601720 -0.318885 -5.588352 44 82 30 0 0.856277 0.157155 0.492029
-0.625820 -0.160406 -5.571554 41 74 30 0 0.847896 0.086927 0.522988
-0.663067 -0.107823 -5.532847 39 70 28 0 0.765513 0.158538 0.623583
-0.598068 -0.277257 -5.636552 36 69 23 0 0.960878 0.237270 0.142886
-0.698852 -0.305009 -5.463468 48 81 46 0 0.783734 0.046769 0.619334
-0.727334 -0.357592 -5.432064 51 83 48 0 0.657235 0.001378 0.753685
-0.630202 -0.321076 -5.543072 57 89 46 0 0.839965 0.054689 0.539877
-0.674752 -0.116587 -5.519702 44 75 35 0 0.674266 0.047042 0.736989
-0.771884 -0.178664 -5.407233 51 79 45 0 0.678262 0.023873 0.734433
-0.777726 -0.595675 -5.442288 16 22 14 0 0.695752 -0.404891 0.593290
-0.744862 -0.240741 -5.426951 46 77 45 0 0.583391 0.221286 0.781465
-0.634584 -0.518261 -5.564981 59 95 51 0 0.774274 -0.418923 0.474345
-0.832500 -0.332761 -5.361953 17 20 17 0 0.396187 0.118161 0.910535
-0.594417 -0.268493 -5.656271 40 72 27 0 0.963405 0.087814 0.253260
-0.768232 -0.611742 -5.465658 72 96 64 0 0.643412 -0.492219 0.586295
-0.633854 -0.107823 -5.569364 38 71 29 0 0.799385 0.094301 0.593373
-0.630202 -0.059622 -5.583970 42 73 33 0 0.779116 0.198237 0.594710
-0.713458 -0.528486 -5.470771 53 83 51 0 0.548680 -0.491631 0.676202
-0.783569 -0.121699 -5.397008 50 82 43 0 0.687381 0.006943 0.726264
-0.745592 0.012679 -5.467119 59 85 42 0 0.824833 0.166164 0.540408
-0.660145 -0.391186 -5.501444 46 81 39 0 0.803010 -0.046572 0.594143
-0.725144 -0.372198 -5.433525 51 83 44 0 0.679987 -0.095462 0.726984
-0.589305 -0.196192 -5.638743 48 84 38 0 0.898839 -0.189610 0.395142
-0.734638 0.076947 -5.513129 110 115 108 0 0.860216 0.286739 0.421674
-0.584923 -0.293324 -5.675259 38 64 27 0 0.941345 0.315572 0.119515
-0.798175 0.019982 -5.399930 66 91 65 0 0.603401 0.079205 0.793494
-0.595877 -0.313042 -5.605149 38 71 23 0 0.910375 0.197032 0.363862
-0.568125 -0.088835 -5.657001 44 78 36 0 0.798410 0.015221 0.601921
-0.706886 -0.563541 -5.496332 61 95 64 0 0.545129 -0.096368 0.832795
-0.586383 0.025825 -5.658462 45 76 39 0 0.773158 0.215369 0.596525
-0.752165 0.102508 -5.532117 48 34 35 0 -0.443668 0.277868 0.852026
-0.643348 -0.517531 -5.550375 53 88 48 0 0.786895 -0.279119 0.550353
-0.673291 -0.467139 -5.492680 48 82 45 0 0.766853 -0.142566 0.625788
-0.754356 -0.472982 -5.413075 52 87 45 0 0.674443 -0.244821 0.696556
-0.608293 -0.302818 -5.581048 36 70 19 0 0.897062 0.134630 0.420897
-0.655763 -0.407983 -5.509478 46 80 39 0 0.809171 -0.023595 0.587100
-0.806939 -0.412365 -5.369256 62 81 54 0 0.378553 0.220701 0.898882
-0.778457 -0.064004 -5.406503 46 80 35 0 0.792144 0.006888 0.610295
-0.782108 -0.686234 -5.498523 64 66 55 0 0.197873 0.963156 -0.182148
-0.568125 -0.071307 -5.657732 43 77 32 0 0.773712 0.001374 0.633537
-0.688628 -0.250965 -5.482456 45 78 35 0 0.782371 0.085640 0.616897
-0.679864 -0.409444 -5.477344 51 75 42 0 0.815934 -0.023550 0.577665
-0.704695 -0.494891 -5.466389 49 80 42 0 0.672399 -0.355014 0.649495
-0.598068 -0.172091 -5.615373 53 84 41 0 0.872073 -0.071161 0.484175
-0.714189 -0.416747 -5.443749 49 82 45 0 0.609733 -0.032239 0.791951
-0.677673 -0.150912 -5.510938 52 82 45 0 0.729163 0.126746 0.672500
-0.571047 -0.328379 -5.662844 41 71 27 0 0.864797 0.388621 0.317963
-0.614135 -0.497082 -5.588352 63 100 62 0 0.840431 -0.333355 0.427258
-0.702504 0.039701 -5.532847 48 75 44 0 0.648065 0.286429 0.705670
-0.657224 -0.516801 -5.530657 49 83 42 0 0.778362 -0.204994 0.593405
-0.568125 -0.185237 -5.691326 49 83 43 0 0.958751 -0.236712 0.157367
-0.682785 0.051386 -5.555487 46 75 42 0 0.675026 0.213576 0.706205
-0.570316 -0.169900 -5.667956 49 85 40 0 0.897648 -0.205802 0.389710
-0.724413 -0.428432 -5.435715 52 85 49 0 0.726650 0.156252 0.669003
-0.738289 0.029476 -5.481725 63 85 43 0 0.831067 0.133853 0.539826
-0.836152 -0.314503 -5.360493 35 39 35 0 0.556089 0.183343 0.810648
-0.686437 -0.586911 -5.521163 59 95 52 0 0.687223 -0.206322 0.696531
-0.728065 -0.003388 -5.484647 46 79 33 0 0.788782 0.190711 0.584339
-0.628011 -0.042825 -5.592003 56 85 47 0 0.777502 0.174976 0.604048
-0.582001 -0.211528 -5.668686 49 87 39 0 0.917114 -0.270079 0.293188
-0.590035 -0.312312 -5.621216 38 71 26 0 0.903908 0.260149 0.339517
-0.605372 -0.243662 -5.621216 44 75 34 0 0.949647 -0.047164 0.309751
-0.569586 -0.356861 -5.645316 50 83 38 0 0.945328 0.024044 0.325233
-0.669639 0.052846 -5.569364 43 75 38 0 0.688971 0.268905 0.673059
-0.758008 -0.570114 -5.443749 49 82 45 0 0.912818 -0.223518 0.341766
-0.703234 -0.382422 -5.453243 49 82 47 0 0.743379 0.064704 0.665734
-0.557901 -0.108554 -5.671608 42 76 32 0 0.858004 -0.110664 0.501580
-0.803287 -0.404332 -5.371448 61 89 61 0 0.458081 0.093858 0.883942
-0.603911 -0.448151 -5.583240 46 82 38 0 0.864673 -0.103989 0.491453
-0.717840 -0.305009 -5.441558 47 78 43 0 0.738397 0.023819 0.673945
-0.751435 -0.382422 -5.410154 51 84 48 0 0.661331 0.006932 0.750063
-0.633854 -0.136306 -5.564981 45 76 32 0 0.793430 0.094629 0.601260
-0.730986 0.055037 -5.505826 63 79 50 0 0.844840 0.245966 0.475127
-0.763850 0.030937 -5.439367 46 80 32 0 0.844128 -0.015001 0.535932
-0.628742 -0.256078 -5.554757 43 76 33 0 0.865796 0.086156 0.492925
-0.817894 -0.083723 -5.361953 53 83 48 0 0.710831 0.038308 0.702318
-0.639696 -0.258999 -5.538690 44 81 34 0 0.855991 0.048557 0.514705
-0.651382 -0.382422 -5.512399 44 75 38 0 0.801930 0.064097 0.593969
-0.701773 -0.108554 -5.490489 43 71 29 0 0.789878 0.125965 0.600188
-0.681325 -0.502925 -5.497792 55 90 53 0 0.759974 -0.222242 0.610777
-0.692279 -0.385344 -5.463468 46 77 42 0 0.704484 0.086055 0.704484
-0.757277 -0.227595 -5.417458 45 75 41 0 0.618487 0.040857 0.784732
-0.597338 -0.230516 -5.640934 47 83 37 0 0.886992 -0.172753 0.428253
-0.808400 -0.053780 -5.375829 64 94 55 0 0.704874 0.165942 0.689650
-0.730986 -0.641685 -5.511668 78 111 77 0 0.688657 -0.308041 0.656401
-0.732447 -0.490509 -5.439367 51 87 50 0 0.553207 -0.244658 0.796307
-0.567395 -0.057431 -5.659193 43 76 31 0 0.799168 0.040731 0.599727
-0.801827 -0.383153 -5.373639 53 83 55 0 0.490395 0.236795 0.838714
-0.799636 -0.206416 -5.383863 53 86 50 0 0.622989 -0.023693 0.781872
-0.684976 -0.457645 -5.476613 54 84 53 0 0.738752 -0.149563 0.657172
-0.727334 -0.143609 -5.453973 44 76 34 0 0.697128 0.086228 0.711743
-0.663067 -0.072768 -5.540151 43 75 35 0 0.785194 0.142083 0.602730
-0.691549 0.047004 -5.545993 75 88 65 0 0.641292 0.182133 0.745368
-0.614866 0.049925 -5.635092 45 77 37 0 0.754231 0.348731 0.556347
-0.651382 0.079868 -5.602228 42 72 35 0 0.728346 0.356841 0.584958
-0.764581 -0.256808 -5.407963 49 79 44 0 0.673945 0.023819 0.738397
-0.700313 -0.597135 -5.512399 59 94 63 0 0.557619 -0.326215 0.763312
-0.782108 -0.086644 -5.400660 51 82 44 0 0.744653 0.070850 0.663681
-0.744862 -0.305009 -5.420379 57 88 55 0 0.651417 0.070775 0.755412
-0.763120 -0.058892 -5.427682 59 88 49 0 0.769947 0.055710 0.635671
-0.730256 -0.467139 -5.437176 59 90 59 0 0.607267 0.085510 0.789882
-0.743401 -0.226135 -5.429142 53 84 49 0 0.698221 0.032443 0.715147
-0.668179 -0.074959 -5.533578 44 75 37 0 0.641409 0.136056 0.755039
-0.803287 -0.291863 -5.378751 52 83 49 0 0.523755 0.063188 0.849522
-0.768963 -0.605169 -5.454704 55 76 48 0 0.532898 -0.532898 0.657297
-0.736098 -0.555507 -5.463468 55 91 51 0 0.680133 -0.395503 0.617249
-0.807669 -0.240011 -5.378751 48 80 45 0 0.475485 0.031157 0.879172
-0.776996 0.052846 -5.418918 57 83 47 0 0.761667 0.085924 0.642247
-0.709077 -0.593484 -5.501444 55 89 57 0 0.664767 -0.244748 0.705821
-0.843455 -0.286021 -5.357572 34 43 33 0 0.587425 0.006846 0.809250
-0.736829 -0.326918 -5.424030 46 79 45 0 0.636526 0.001375 0.771254
-0.606832 -0.218101 -5.613183 46 81 36 0 0.907120 -0.101099 0.408550
-0.594417 -0.245853 -5.654810 47 83 33 0 0.958214 -0.118960 0.260143
-0.796715 -0.168440 -5.383863 47 78 44 0 0.644337 -0.064577 0.762011
-0.742671 -0.509497 -5.435715 58 94 57 0 0.758067 -0.070753 0.648328
-0.730256 -0.040634 -5.472231 45 78 32 0 0.782789 0.158368 0.601798
-0.645539 -0.543822 -5.559139 58 90 46 0 0.830240 -0.442690 0.338713
-0.582001 -0.399220 -5.618295 49 86 38 0 0.939170 -0.086102 0.332485
-0.699582 -0.248774 -5.470771 53 82 45 0 0.712708 0.199435 0.672512
-0.630202 -0.483936 -5.555487 58 95 51 0 0.799631 -0.167154 0.576758
-0.737559 -0.045746 -5.461277 46 79 37 0 0.762325 0.191732 0.618142
-0.750705 0.088632 -5.479535 54 76 47 0 0.948559 0.227927 0.219738
-0.728065 0.026555 -5.496332 45 76 30 0 0.798544 0.254721 0.545385
-0.595147 -0.304278 -5.613913 39 70 27 0 0.925371 0.220326 0.308457
-0.703964 -0.395568 -5.451052 43 77 34 0 0.644337 -0.064577 0.762011
-0.663797 -0.551126 -5.532117 50 86 42 0 0.644164 -0.373977 0.667229
-0.778457 -0.646797 -5.485377 12 18 10 0 0.031818 -0.554739 0.831416
-0.714919 0.036049 -5.518241 115 107 100 0 0.699823 0.269408 0.661564
-0.706886 -0.117317 -5.481725 47 79 38 0 0.757414 0.120060 0.641801
-0.551328 -0.080801 -5.680372 45 78 36 0 0.803757 -0.006870 0.594918
-0.696661 0.054307 -5.543072 58 78 52 0 0.631739 0.244188 0.735716
-0.768963 -0.578147 -5.440097 66 104 66 0 0.625759 -0.548171 0.554918
-0.769693 -0.303548 -5.397739 45 78 41 0 0.593373 0.094301 0.799385
-0.792333 -0.332761 -5.382402 58 82 55 0 0.554231 0.023379 0.832034
-0.839803 -0.210798 -5.355381 58 88 58 0 0.467607 -0.070765 0.881099
-0.590765 -0.267032 -5.674529 50 82 40 0 0.981420 0.031735 0.189232
-0.755817 -0.018725 -5.445940 55 84 38 0 0.836146 0.072400 0.543708
-0.776266 -0.554777 -5.414536 66 92 58 0 0.633482 -0.276051 0.722839
-0.674021 -0.042825 -5.536499 38 69 28 0 0.718686 0.199377 0.666137
-0.643348 -0.365625 -5.524084 45 79 38 0 0.815194 -0.032050 0.578300
-0.595147 0.017061 -5.644586 45 76 41 0 0.719247 0.206609 0.663323
-0.566665 -0.046477 -5.661383 41 75 29 0 0.746508 0.095330 0.658511
-0.718571 -0.097599 -5.472231 68 92 55 0 0.792807 0.141839 0.592739
-0.728795 -0.197652 -5.445940 47 79 41 0 0.688639 0.080074 0.720669
-0.801096 -0.341525 -5.376560 54 86 52 0 0.529978 -0.023281 0.847692
-0.736098 -0.155294 -5.444479 49 80 46 0 0.729163 0.126746 0.672500
-0.711998 0.044813 -5.525544 70 78 59 0 0.696713 0.269438 0.664827
-0.682785 0.092284 -5.569364 42 72 38 0 0.766112 0.245971 0.593776
-0.601720 -0.302818 -5.596385 37 69 22 0 0.909844 0.227824 0.346815
-0.712728 -0.088835 -5.480265 56 78 40 0 0.729201 0.159181 0.665528
-0.690819 -0.242201 -5.483186 44 73 33 0 0.791768 0.110172 0.600804
-0.593687 -0.260459 -5.661383 45 80 33 0 0.971560 0.008324 0.236647
-0.757277 -0.601517 -5.472961 56 88 52 0 0.394858 -0.332920 0.856301
-0.636045 -0.018725 -5.586891 51 79 42 0 0.715531 0.095502 0.692023
-0.611214 -0.415287 -5.567903 48 83 38 0 0.806656 -0.088025 0.584429
-0.728065 -0.242932 -5.439367 50 82 49 0 0.641292 0.182133 0.745368
-0.695201 0.101047 -5.558409 52 78 49 0 0.714276 0.220378 0.664261
-0.548407 -0.126081 -5.696438 56 92 45 0 0.856301 -0.332920 0.394858
-0.752896 -0.314503 -5.412345 56 85 54 0 0.554953 -0.015073 0.831745
-0.675482 -0.226865 -5.502904 45 74 37 0 0.690042 0.055949 0.721603
-0.595147 -0.104902 -5.619755 39 70 29 0 0.804515 0.079156 0.588634
-0.641887 -0.475903 -5.537230 51 86 45 0 0.876166 -0.094530 0.472650
-0.846376 -0.170630 -5.349538 72 88 68 0 0.451627 -0.136205 0.881749
-0.758738 -0.483936 -5.412345 51 86 47 0 0.676116 -0.206720 0.707202
-0.718571 -0.215910 -5.453973 46 79 41 0 0.622911 0.104063 0.775341
-0.823006 -0.150182 -5.361223 54 88 51 0 0.615992 -0.174911 0.768089
-0.676943 -0.443039 -5.484647 49 84 47 0 0.761667 -0.085924 0.642247
-0.717840 -0.613202 -5.505826 65 98 67 0 0.679463 -0.101698 0.726627
-0.587114 -0.272875 -5.693517 40 52 35 0 0.970234 0.190467 0.149562
-0.666718 -0.515340 -5.518241 51 88 43 0 0.664100 -0.355826 0.657541
-0.773344 0.044813 -5.423300 50 81 42 0 0.798281 -0.046625 0.600477
-0.749244 0.055768 -5.470040 46 76 36 0 0.917773 0.111454 0.381144
-0.800366 0.009027 -5.396278 66 92 67 0 0.634974 0.135959 0.760475
-0.704695 -0.453263 -5.457625 53 87 52 0 0.521280 -0.149148 0.840251
-0.637506 0.091553 -5.625598 34 42 30 0 0.695329 0.276533 0.663360
-0.795254 -0.145800 -5.385324 54 86 48 0 0.702951 0.001381 0.711237
-0.737559 -0.548204 -5.459085 57 91 55 0 0.689961 -0.323064 0.647752
-0.588574 -0.457645 -5.610991 53 83 45 0 0.895622 -0.039057 0.443097
-0.647000 -0.463487 -5.526275 46 79 40 0 0.847896 -0.086927 0.522988
-0.743401 -0.627809 -5.490489 70 100 74 0 0.856870 -0.261185 0.444473
-0.730256 -0.608090 -5.493411 54 87 55 0 0.449835 -0.427099 0.784369
-0.815703 -0.330570 -5.369256 53 84 49 0 0.410889 0.038562 0.910870
-0.747053 -0.633651 -5.495601 63 93 66 0 0.512257 -0.404241 0.757748
-0.830309 -0.113666 -5.350268 59 92 53 0 0.632147 -0.023723 0.774485
-0.755087 0.078408 -5.460546 45 72 35 0 0.925055 0.134126 0.355365
-0.811321 -0.142148 -5.369256 49 79 44 0 0.759524 -0.046849 0.648790
-0.754356 -0.667976 -5.510938 90 115 76 0 0.633199 -0.420471 0.649818
-0.742671 -0.398489 -5.417458 56 89 55 0 0.658391 0.006930 0.752644
-0.721492 -0.379501 -5.437176 48 84 44 0 0.596490 -0.023637 0.802272
-0.585653 -0.202764 -5.652619 49 85 40 0 0.909844 -0.227824 0.346815
-0.809130 -0.014343 -5.383132 56 89 50 0 0.745368 0.182133 0.641292
-0.684246 -0.016534 -5.532847 46 78 39 0 0.731939 0.199620 0.651473
-0.682785 -0.093217 -5.516050 49 71 43 0 0.691521 0.149804 0.706653
-0.711268 -0.169900 -5.468580 43 76 34 0 0.708955 0.156365 0.687701
-0.673291 0.080599 -5.575206 45 69 42 0 0.737085 0.292596 0.609174
-0.725874 0.018522 -5.495601 41 72 24 0 0.820734 0.212443 0.530344
-0.709807 -0.470791 -5.455434 51 87 49 0 0.723554 -0.104628 0.682292
-0.789411 -0.299166 -5.384593 44 74 38 0 0.433929 0.014508 0.900830
-0.603181 0.052846 -5.655541 47 74 39 0 0.666830 0.586610 0.459594
-0.749244 -0.490509 -5.422570 57 90 57 0 0.595093 -0.158189 0.787934
-0.744132 -0.348097 -5.417458 52 84 48 0 0.622989 0.023693 0.781872
-0.749974 -0.357592 -5.411615 52 83 51 0 0.577934 0.119116 0.807343
-0.685706 -0.528486 -5.502904 58 92 55 0 0.702446 -0.322833 0.634310
-0.606832 -0.275796 -5.595655 38 71 27 0 0.945645 0.141644 0.292732
-0.655763 0.020713 -5.574476 45 75 34 0 0.741999 0.198998 0.640186
-0.798906 -0.028219 -5.390436 52 84 46 0 0.682292 0.149771 0.715574
-0.717110 -0.068386 -5.480995 45 78 33 0 0.726400 0.142874 0.672258
-0.705425 -0.034792 -5.504365 50 74 34 0 0.807848 0.173650 0.563229
-0.773344 -0.569383 -5.428412 75 104 73 0 0.484712 -0.555154 0.675913
-0.752165 -0.280178 -5.413806 50 82 50 0 0.692670 0.061923 0.718591
-0.759468 -0.250235 -5.413806 47 77 43 0 0.590967 0.046544 0.805352
-0.771154 -0.011421 -5.424030 49 82 39 0 0.780252 0.110205 0.615679
-0.594417 -0.280908 -5.648238 39 70 27 0 0.925582 0.323600 0.196421
-0.742671 0.054307 -5.483186 42 73 31 0 0.877972 0.199204 0.435297
-0.653573 -0.075689 -5.549645 46 77 40 0 0.732691 0.136349 0.666763
-0.711998 -0.579608 -5.494871 54 90 53 0 0.547201 -0.516894 0.658325
-0.663067 -0.234168 -5.513129 41 73 33 0 0.640541 0.032379 0.767241
-0.763120 -0.664325 -5.494141 74 98 62 0 0.586549 -0.204753 0.783605
-0.741211 0.096665 -5.537230 73 46 38 0 0.792056 0.197631 -0.577572
-0.828849 -0.196192 -5.361953 57 89 54 0 0.586461 -0.032039 0.809344
-0.646269 -0.263381 -5.527735 49 85 43 0 0.795517 0.103636 0.597003
-0.633854 -0.454724 -5.543802 52 87 48 0 0.870070 -0.127994 0.476022
-0.619978 -0.305739 -5.560600 43 78 30 0 0.855991 0.048557 0.514705
-0.722222 -0.240741 -5.445209 50 81 45 0 0.752587 0.110892 0.649088
-0.701043 0.100317 -5.551836 48 76 46 0 0.715676 0.176237 0.675831
-0.783569 -0.014343 -5.407963 48 79 39 0 0.673401 0.117436 0.729890
-0.643348 -0.242932 -5.535769 40 75 32 0 0.784424 0.151485 0.601441
-0.699582 -0.269954 -5.466389 44 75 39 0 0.832196 0.127243 0.539684
-0.813512 -0.058162 -5.369256 62 92 55 0 0.711779 0.142958 0.687702
-0.711998 0.074756 -5.535769 52 76 47 0 0.587752 0.190829 0.786214
-0.745592 -0.614663 -5.489759 54 86 53 0 0.604427 -0.380443 0.699950
-0.614135 -0.237089 -5.592003 41 72 29 0 0.951415 0.117769 0.284498
-0.609753 -0.243662 -5.605149 41 73 30 0 0.965622 0.103323 0.238535
-0.577620 -0.348828 -5.630710 53 84 43 0 0.903392 0.143238 0.404186
-0.744132 -0.482476 -5.426221 55 89 54 0 0.584488 -0.285077 0.759675
-0.803287 -0.261190 -5.380211 48 80 49 0 0.459377 0.022768 0.887950
-0.714189 -0.513149 -5.465658 55 90 51 0 0.688082 -0.230406 0.688082
-0.754356 -0.194001 -5.420379 44 76 38 0 0.650174 0.142648 0.746274
-0.576159 -0.356861 -5.629980 49 82 41 0 0.889428 0.102572 0.445417
-0.843455 -0.231247 -5.354650 64 79 60 0 0.474372 -0.047847 0.879023
-0.828849 -0.088105 -5.351729 61 87 56 0 0.674190 0.015354 0.738398
-0.791602 -0.192540 -5.390436 56 85 53 0 0.723212 -0.086201 0.685225
-0.649191 -0.141418 -5.543802 42 75 33 0 0.811440 0.023580 0.583960
-0.844185 -0.204225 -5.352459 65 90 65 0 0.339848 -0.055990 0.938812
-0.658685 -0.401411 -5.505095 46 80 40 0 0.783393 -0.125876 0.608647
-0.543295 -0.066195 -5.693517 49 70 43 0 0.839123 0.072167 0.539133
-0.726604 -0.320345 -5.432794 49 80 46 0 0.592732 0.181324 0.784723
-0.843455 -0.300627 -5.358302 15 19 16 0 0.648407 0.001377 0.761293
-0.647730 -0.166979 -5.543072 47 82 37 0 0.800761 0.079070 0.593742
-0.744132 -0.001197 -5.464198 56 81 38 0 0.792127 0.167478 0.586929
-0.698122 -0.058892 -5.506556 69 83 50 0 0.742846 0.165583 0.648661
-0.708346 -0.080071 -5.488298 47 75 32 0 0.791963 0.103936 0.601658
-0.850758 -0.238550 -5.353189 21 25 21 0 0.578214 0.046426 0.814564
-0.606102 -0.464948 -5.583240 55 92 49 0 0.790481 -0.158096 0.591731
-0.766772 -0.483936 -5.405772 55 92 50 0 0.673140 -0.251834 0.695314
-0.697392 -0.436466 -5.460546 54 85 53 0 0.725571 -0.117219 0.678090
-0.588574 -0.120239 -5.626328 44 79 35 0 0.814564 0.046426 0.578214
-0.655033 -0.264111 -5.517511 47 80 42 0 0.732691 0.136349 0.666763
-0.655033 -0.310121 -5.511668 47 82 39 0 0.732895 0.166082 0.659758
-0.704695 -0.059622 -5.499253 43 73 27 0 0.787639 0.119697 0.604398
-0.686437 -0.150912 -5.499983 109 114 96 0 0.751975 0.120138 0.648152
-0.629472 -0.312312 -5.543802 45 79 32 0 0.858186 0.006736 0.513295
-0.640427 -0.058162 -5.571554 47 79 43 0 0.711589 0.172924 0.680983
-0.688628 -0.169900 -5.494871 61 80 50 0 0.720669 0.080074 0.688639
-0.623630 -0.017994 -5.600767 41 73 33 0 0.743473 0.158991 0.649592
-0.790142 -0.230516 -5.390436 48 76 46 0 0.490720 0.056675 0.869472
-0.621439 -0.156754 -5.578857 51 84 41 0 0.821874 0.093887 0.561879
-0.634584 -0.237820 -5.549645 43 76 32 0 0.867535 0.094820 0.488254
-0.635315 -0.348097 -5.534308 42 76 31 0 0.836498 0.046084 0.546028
-0.805478 -0.315233 -5.375829 52 84 52 0 0.418568 0.101513 0.902494
-0.817163 -0.202034 -5.369987 58 89 58 0 0.514490 -0.040001 0.856563
-0.758008 0.006106 -5.445940 39 72 24 0 0.828614 0.093669 0.551929
-0.745592 -0.188888 -5.430603 47 77 41 0 0.696072 0.079925 0.713510
-0.655033 -0.525564 -5.534308 50 85 44 0 0.775767 -0.191264 0.601334
-0.633854 -0.505846 -5.559869 55 92 48 0 0.769855 -0.301248 0.562648
-0.776266 -0.355401 -5.392627 48 80 47 0 0.618487 0.001371 0.785794
-0.795984 -0.272145 -5.383863 48 80 45 0 0.512977 0.086680 0.854015
-0.586383 -0.438657 -5.613183 49 86 33 0 0.911923 -0.063309 0.405449
-0.614866 -0.375849 -5.562790 44 76 33 0 0.785661 0.023723 0.618202
-0.592956 -0.347367 -5.597846 47 82 35 0 0.885697 0.079254 0.457448
-0.643348 -0.087374 -5.559869 43 74 35 0 0.777431 0.142304 0.612658
-0.630933 -0.051589 -5.584700 44 75 38 0 0.805157 0.141386 0.575962
-0.673291 -0.272145 -5.497792 49 73 47 0 0.740261 0.079989 0.667544
-0.799636 -0.235629 -5.383863 49 82 50 0 0.641614 0.015310 0.766875
-0.668179 -0.333491 -5.495601 46 79 41 0 0.674266 0.047042 0.736989
-0.617787 -0.280178 -5.568633 39 74 26 0 0.869664 0.109957 0.481242
-0.571047 -0.400680 -5.648238 18 24 18 0 0.834066 0.078416 0.546064
-0.625820 -0.248044 -5.562060 48 80 35 0 0.870385 0.103651 0.481338
-0.690088 -0.600057 -5.521163 63 98 61 0 0.453112 -0.633688 0.627000
-0.690819 -0.306469 -5.472231 48 81 40 0 0.789878 0.125965 0.600188
-0.611214 -0.074959 -5.605149 39 68 31 0 0.814728 0.140982 0.562444
-0.809860 -0.031140 -5.378020 52 83 46 0 0.735772 0.166044 0.656558
-0.767502 -0.044286 -5.423300 41 73 30 0 0.807109 0.125419 0.576928
-0.619978 -0.172821 -5.578857 50 82 39 0 0.838455 -0.006795 0.544928
-0.711998 -0.161136 -5.469310 46 78 38 0 0.728870 0.086179 0.679207
-0.714189 -0.269223 -5.451052 49 80 43 0 0.721242 0.166206 0.672448
-0.619978 -0.264111 -5.569364 37 68 25 0 0.895144 0.150384 0.419644
-0.606832 -0.325458 -5.578857 41 75 25 0 0.855063 0.101691 0.508455
-0.648460 -0.272145 -5.524084 41 74 28 0 0.808045 0.070078 0.584938
-0.612675 -0.189619 -5.593464 49 81 40 0 0.885697 -0.079254 0.457448
-0.620708 -0.288942 -5.561330 40 74 26 0 0.861936 0.086335 0.499612
-0.766772 -0.025297 -5.429142 51 83 41 0 0.822839 0.087597 0.561483
-0.749974 -0.391186 -5.410154 54 87 53 0 0.649267 0.038192 0.759601
-0.817894 -0.388995 -5.364875 14 16 13 0 0.555423 0.143669 0.819063
-0.801827 -0.063274 -5.380211 57 90 47 0 0.721048 0.070804 0.689258
-0.619248 -0.009230 -5.607340 44 78 37 0 0.766185 0.181988 0.616312
-0.673291 -0.100520 -5.523354 42 71 33 0 0.704874 0.165942 0.689650
-0.695201 -0.151642 -5.489759 45 71 33 0 0.759264 0.110572 0.641320
-0.618517 -0.502194 -5.580318 54 90 49 0 0.898519 -0.230126 0.373772
-0.752896 -0.264111 -5.415267 44 75 37 0 0.601260 0.094629 0.793430
-0.662336 -0.375119 -5.498523 47 81 43 0 0.769947 0.055710 0.635671
-0.598799 -0.383153 -5.583970 44 79 34 0 0.809250 0.006846 0.587425
-0.782839 -0.212989 -5.396278 53 81 55 0 0.609841 0.015211 0.792378
-0.611214 -0.329840 -5.571554 48 84 36 0 0.805199 0.040752 0.591603
-0.594417 -0.374389 -5.591273 47 83 37 0 0.855991 0.048557 0.514705
-0.748514 0.070374 -5.476613 48 75 41 0 0.936352 0.111823 0.332776
-0.783569 -0.142148 -5.397008 56 87 51 0 0.673238 0.038268 0.738435
-0.622169 -0.239280 -5.570094 37 69 24 0 0.897606 0.174334 0.404859
-0.617787 -0.229056 -5.584700 38 72 24 0 0.922545 0.096466 0.373638
-0.579080 -0.373659 -5.622676 47 86 33 0 0.918606 -0.071283 0.388693
-0.737559 -0.389725 -5.423300 57 90 54 0 0.695361 -0.032441 0.717928
-0.698852 -0.013612 -5.518971 81 85 68 0 0.733483 0.229898 0.639648
-0.721492 -0.602978 -5.496332 56 90 56 0 0.539329 -0.236439 0.808221
-0.812782 -0.301357 -5.372908 48 79 45 0 0.459374 0.014647 0.888122
-0.723683 0.074026 -5.527005 117 89 93 0 0.626037 0.300949 0.719380
-0.770423 -0.539440 -5.410885 50 82 40 0 0.716270 -0.286828 0.636150
-0.789411 -0.054510 -5.394818 53 86 42 0 0.727704 0.079888 0.681224
-0.638966 -0.535059 -5.566442 61 95 56 0 0.822849 -0.356726 0.442341
-0.727334 -0.181585 -5.448861 44 77 37 0 0.644218 0.126463 0.754315
-0.750705 -0.562811 -5.452513 53 89 52 0 0.752693 -0.284846 0.593562
-0.708346 0.110542 -5.546723 32 38 30 0 0.688630 0.293751 0.662947
-0.550598 -0.018725 -5.682562 30 46 24 0 0.552170 0.150321 0.820069
-0.717110 -0.562811 -5.483186 70 100 75 0 0.711165 -0.230775 0.664068
-0.817894 -0.126811 -5.362684 52 84 45 0 0.696518 -0.095313 0.711181
-0.754356 0.037510 -5.456164 47 81 33 0 0.872073 0.071161 0.484175
-0.733907 -0.218831 -5.437906 52 82 47 0 0.682884 0.015361 0.730365
-0.600990 -0.341525 -5.585430 43 78 31 0 0.860200 0.062737 0.506082
-0.625820 -0.351749 -5.549645 52 84 41 0 0.832241 -0.006810 0.554373
-0.734638 -0.633651 -5.503635 58 92 55 0 0.554142 -0.402863 0.728442
-0.612675 -0.269954 -5.582509 49 80 37 0 0.913876 0.141784 0.380431
-0.579080 -0.416017 -5.629980 54 87 41 0 0.966993 -0.071490 0.244570
-0.610484 -0.253887 -5.599307 42 75 29 0 0.958637 0.143335 0.245906
-0.768232 -0.234168 -5.407233 48 79 47 0 0.574226 0.112507 0.810930
-0.579811 -0.222483 -5.695708 53 84 44 0 0.969968 -0.220734 0.102168
-0.798906 -0.328379 -5.377290 56 84 49 0 0.610295 -0.006888 0.792144
-0.782108 -0.321076 -5.388245 48 79 45 0 0.618487 0.040857 0.784732
-0.705425 -0.208607 -5.468580 47 78 38 0 0.749242 0.095305 0.655403
-0.622899 -0.272875 -5.561330 42 78 32 0 0.873436 0.103676 0.475774
-0.582732 -0.114396 -5.635822 41 74 32 0 0.817766 0.118496 0.563220
-0.752896 0.020713 -5.456164 44 76 30 0 0.849522 0.063188 0.523755
-0.723683 -0.054510 -5.476613 46 78 35 0 0.775996 0.079478 0.625710
-0.756547 -0.010691 -5.445940 49 81 33 0 0.808970 0.103490 0.578669
-0.758738 -0.323267 -5.407233 48 80 45 0 0.673191 0.064869 0.736618
-0.757277 -0.383153 -5.404312 53 86 53 0 0.651417 0.070775 0.755412
-0.597338 -0.333491 -5.592733 40 76 27 0 0.876860 0.079715 0.474092
-0.582001 -0.424050 -5.621946 46 80 35 0 0.948412 -0.023931 0.316137
-0.687167 -0.185967 -5.494141 79 92 64 0 0.750960 0.086032 0.654720
-0.670370 -0.215910 -5.508747 44 74 38 0 0.703437 0.101755 0.703437
-0.613405 -0.245123 -5.591273 36 66 23 0 0.952105 0.087265 0.293055
-0.733907 -0.171361 -5.443749 49 81 42 0 0.656264 0.046978 0.753067
-0.608293 -0.235629 -5.613913 48 82 36 0 0.924455 -0.046157 0.378486
-0.804018 -0.156024 -5.378020 54 85 51 0 0.656618 -0.064656 0.751447
-0.760929 -0.088105 -5.424030 43 76 33 0 0.682292 0.104628 0.723554
-0.665258 -0.131193 -5.527005 46 80 37 0 0.642247 0.085924 0.761667
-0.757277 -0.361973 -5.407233 47 81 43 0 0.506798 0.039830 0.861144
-0.625820 -0.397029 -5.548914 41 76 29 0 0.752644 0.006930 0.658391
-0.685706 -0.302087 -5.479535 55 82 41 0 0.799385 0.094301 0.593373
-0.651382 -0.348828 -5.513129 41 77 33 0 0.778326 0.023755 0.627411
-0.603181 -0.138497 -5.604419 40 73 32 0 0.799155 -0.006877 0.601086
-0.641887 -0.166249 -5.550375 46 80 34 0 0.809171 0.023595 0.587100
-0.736098 -0.405792 -5.424030 48 82 45 0 0.738126 0.001380 0.674661
-0.700313 -0.427702 -5.456894 52 85 50 0 0.707090 -0.006946 0.707090
-0.546946 -0.074229 -5.686214 44 76 33 0 0.828576 -0.040384 0.558418
-0.616326 -0.181585 -5.586161 48 78 39 0 0.865072 -0.023087 0.501117
-0.772614 0.004646 -5.424761 47 81 37 0 0.793430 0.094629 0.601260
-0.620708 -0.342985 -5.556218 45 77 33 0 0.825348 -0.015106 0.564423
-0.572507 -0.364895 -5.637283 50 83 38 0 0.934189 0.024415 0.355943
-0.793793 -0.104172 -5.386784 54 84 45 0 0.760442 -0.015292 0.649226
-0.751435 -0.009961 -5.453243 53 81 37 0 0.806885 0.079106 0.585387
-0.695931 -0.546013 -5.502174 50 84 42 0 0.561852 -0.458484 0.688560
-0.738289 -0.575956 -5.476613 50 83 47 0 0.924765 -0.151578 0.349047
-0.560822 -0.054510 -5.667956 40 73 30 0 0.824888 0.054993 0.562616
-0.751435 -0.483206 -5.418918 52 85 48 0 0.714276 -0.220378 0.664261
-0.655763 0.086441 -5.600767 44 74 38 0 0.710769 0.276322 0.646880
-0.696661 -0.350288 -5.462737 50 85 45 0 0.730335 0.023830 0.682674
-0.760929 -0.190349 -5.416727 51 82 51 0 0.681224 0.079888 0.727704
-0.722953 -0.077150 -5.470040 42 72 29 0 0.755039 0.136056 0.641409
-0.778457 0.019252 -5.419649 51 83 44 0 0.756766 0.023780 0.653253
-0.563744 -0.104902 -5.664305 42 79 31 0 0.799835 0.001367 0.600218
-0.744862 -0.130463 -5.438637 67 92 52 0 0.730335 0.023830 0.682674
-0.777726 -0.022376 -5.415267 49 81 38 0 0.783814 0.070471 0.616984
-0.779187 -0.047207 -5.406503 51 82 43 0 0.746076 0.175458 0.642327
-0.592956 -0.430623 -5.597116 45 81 32 0 0.872073 -0.071161 0.484175
-0.641157 -0.425511 -5.529196 50 86 46 0 0.806665 0.001365 0.591008
-0.594417 -0.382422 -5.591273 45 80 33 0 0.874442 -0.014776 0.484905
-0.618517 -0.212989 -5.584700 40 74 29 0 0.893001 -0.014596 0.449818
-0.583462 -0.380231 -5.612452 45 83 33 0 0.918036 0.009038 0.396395
-0.796715 -0.297706 -5.381672 53 83 53 0 0.474335 0.062231 0.878142
-0.591496 -0.294784 -5.637283 36 66 23 0 0.903852 0.365325 0.222688
-0.815703 -0.370737 -5.368526 60 89 59 0 0.373730 -0.024570 0.927212
-0.754356 -0.234898 -5.418918 53 83 49 0 0.648643 0.023816 0.760720
-0.589305 -0.237820 -5.670147 48 84 40 0 0.949438 -0.237699 0.205100
-0.625820 -0.303548 -5.551106 45 81 34 0 0.834066 0.078416 0.546064
-0.600990 -0.229056 -5.630710 48 83 39 0 0.912713 -0.199163 0.356775
-0.774805 -0.501464 -5.403582 62 95 61 0 0.587875 -0.198005 0.784345
-0.795254 -0.402871 -5.375829 56 86 53 0 0.555211 0.040354 0.830730
-0.709077 -0.489779 -5.460546 53 90 48 0 0.659971 -0.398629 0.636814
-0.720762 -0.632191 -5.512399 67 95 66 0 0.718521 -0.149755 0.679191
-0.701043 -0.022376 -5.512399 117 112 97 0 0.702102 0.220482 0.677083
-0.678403 -0.495621 -5.498523 45 81 39 0 0.737558 -0.275588 0.616490
-0.705425 -0.100520 -5.486837 40 69 27 0 0.810740 0.118752 0.573236
-0.759468 -0.681122 -5.516050 39 53 31 0 0.822007 -0.134296 0.553416
-0.735368 -0.625618 -5.499253 62 96 63 0 0.403989 -0.086276 0.910686
-0.763850 -0.268493 -5.407233 52 83 53 0 0.549517 0.199409 0.811337
-0.763850 -0.615393 -5.476613 51 57 49 0 0.674286 -0.365854 0.641474
-0.574698 -0.196922 -5.677450 44 82 36 0 0.944858 -0.207073 0.253699
-0.814242 -0.174282 -5.369987 52 83 49 0 0.544928 0.006795 0.838455
-0.809860 -0.257538 -5.376560 48 82 48 0 0.481358 0.001326 0.876523
-0.735368 0.084980 -5.517511 113 115 109 0 0.842083 0.365373 0.396735
-0.618517 -0.248044 -5.577397 37 68 25 0 0.911811 0.150794 0.381918
-0.824467 -0.009961 -5.372908 15 18 15 0 0.458842 0.347704 0.817659
-0.771154 -0.669437 -5.493411 89 113 76 0 0.427480 -0.339792 0.837736
-0.719301 -0.459836 -5.446670 57 89 61 0 0.531944 -0.285703 0.797126
-0.778457 -0.221022 -5.399199 46 76 43 0 0.545455 0.015038 0.838005
-0.724413 0.047004 -5.512399 54 74 43 0 0.808365 0.253880 0.531122
-0.785030 -0.510958 -5.394087 71 89 65 0 0.746274 -0.142648 0.650174
-0.557171 -0.128272 -5.678181 43 78 29 0 0.866692 -0.119296 0.484370
-0.744132 -0.149451 -5.436446 39 70 30 0 0.714476 0.110943 0.690808
-0.607563 -0.169900 -5.599307 41 73 31 0 0.847692 -0.023281 0.529978
-0.771154 -0.380231 -5.394087 54 86 53 0 0.539684 0.127243 0.832196
-0.604641 -0.408714 -5.577397 43 79 33 0 0.822094 0.001359 0.569351
-0.710537 -0.616124 -5.505095 49 73 38 0 0.086520 -0.990946 -0.102671
-0.817163 -0.153103 -5.365605 54 86 52 0 0.579083 -0.144398 0.802379
-0.652842 -0.231247 -5.524814 45 79 41 0 0.699607 0.206314 0.684094
-0.725874 -0.455454 -5.439367 61 94 64 0 0.600087 -0.197983 0.775048
-0.553519 -0.050128 -5.678911 42 73 32 0 0.856563 0.040001 0.514490
-0.794524 -0.486858 -5.379481 20 25 18 0 0.681785 -0.070929 0.728106
-0.638966 -0.002658 -5.587621 41 72 32 0 0.729201 0.159181 0.665528
-0.709807 -0.064735 -5.491220 44 77 30 0 0.792807 0.141839 0.592739
-0.571047 -0.348828 -5.646047 48 79 40 0 0.916146 0.183229 0.356516
-0.749974 -0.253887 -5.420379 45 77 39 0 0.649592 0.158991 0.743473
-0.680594 -0.510228 -5.502904 51 87 47 0 0.704235 -0.307801 0.639774
-0.779187 -0.423320 -5.387515 58 92 55 0 0.616897 0.085640 0.782371
-0.647000 -0.524834 -5.548914 45 80 37 0 0.916785 -0.243995 0.316183
-0.615596 -0.221022 -5.592003 42 75 29 0 0.936656 -0.008848 0.350140
-0.569586 -0.373659 -5.644586 57 88 47 0 0.925729 0.001273 0.378186
-0.784299 -0.096868 -5.398469 51 83 45 0 0.695890 0.006945 0.718114
-0.684246 -0.126081 -5.508017 73 85 66 0 0.793430 0.094629 0.601260
-0.802557 -0.004118 -5.392627 55 86 49 0 0.622757 0.116859 0.773639
-0.790872 0.003185 -5.404312 52 83 45 0 0.657709 0.104468 0.745992
-0.630933 -0.240011 -5.556218 46 76 35 0 0.855063 0.101691 0.508455
-0.779917 -0.386804 -5.386784 53 85 50 0 0.560450 0.220783 0.798217
-0.711268 -0.204955 -5.462007 47 75 35 0 0.759524 0.046849 0.648790
-0.771154 -0.597135 -5.447401 55 81 47 0 0.667367 -0.466655 0.580392
-0.745592 -0.657021 -5.514590 75 99 69 0 0.800924 -0.151203 0.579360
-0.706155 -0.601517 -5.508747 56 90 59 0 0.715147 -0.269175 0.645066
-0.745592 -0.440117 -5.417458 53 88 51 0 0.562521 -0.078724 0.823027
-0.692279 -0.433544 -5.465658 63 89 60 0 0.762794 -0.119973 0.635415
-0.782108 -0.414556 -5.385324 54 89 47 0 0.702686 0.023844 0.711101
-0.704695 -0.550395 -5.491950 61 95 67 0 0.705025 -0.373055 0.603133
-0.833961 -0.107823 -5.346617 58 83 49 0 0.630931 0.038110 0.774902
-0.771154 -0.417478 -5.391896 52 84 43 0 0.706653 -0.149804 0.691521
-0.793793 -0.123890 -5.386054 50 80 42 0 0.727510 0.001380 0.686096
-0.717840 -0.371468 -5.440097 48 81 44 0 0.760720 -0.023816 0.648643
-0.792333 -0.394838 -5.378751 49 79 47 0 0.482906 0.079784 0.872030
-0.775535 -0.266302 -5.398469 52 84 51 0 0.601387 0.023611 0.798609
-0.645539 -0.512419 -5.544533 55 90 51 0 0.802605 -0.213312 0.557066
-0.676212 -0.561350 -5.522623 59 94 54 0 0.643128 -0.293497 0.707280
-0.701773 -0.345176 -5.457625 54 86 47 0 0.760313 0.006925 0.649520
-0.627281 -0.435005 -5.548914 53 91 46 0 0.745992 -0.104468 0.657709
-0.797445 -0.256078 -5.383132 49 81 49 0 0.554739 0.031818 0.831416
-0.717110 -0.570844 -5.483916 49 80 47 0 0.604648 -0.317642 0.730414
-0.544025 -0.110744 -5.694978 53 88 44 0 0.729596 -0.254805 0.634637
-0.611944 -0.313773 -5.570824 51 86 41 0 0.839965 0.054689 0.539877
-0.758738 -0.673819 -5.501444 72 106 52 0 -0.212473 -0.971846 -0.101836
-0.853679 -0.199113 -5.348077 22 26 23 0 0.563126 0.001357 0.826370
-0.815703 -0.283099 -5.372178 51 82 44 0 0.516830 0.014922 0.855958
-0.794524 0.026555 -5.403582 59 83 55 0 0.641016 0.046904 0.766093
-0.711998 -0.533598 -5.477344 65 94 62 0 0.616255 -0.236780 0.751109
-0.700313 -0.388995 -5.456164 48 80 45 0 0.713646 0.038307 0.699458
-0.759468 -0.587641 -5.452513 57 89 56 0 0.761388 -0.323550 0.561786
-0.671830 -0.450342 -5.491950 46 82 44 0 0.743704 -0.120240 0.657607
-0.766041 -0.508767 -5.410154 46 79 39 0 0.690808 -0.110943 0.714476
-0.726604 -0.573035 -5.480995 62 94 64 0 0.649522 -0.315852 0.691635
-0.571777 -0.149451 -5.655541 39 73 29 0 0.908562 -0.071979 0.411501
-0.579811 -0.211528 -5.676720 49 85 39 0 0.933077 -0.300767 0.197247
-0.793793 -0.378771 -5.379481 54 83 56 0 0.554433 0.046086 0.830951
-0.579080 -0.190349 -5.659923 43 78 31 0 0.939287 -0.134184 0.315807
-0.568856 -0.189619 -5.699360 57 91 51 0 0.962250 -0.269430 0.038490
-0.549868 -0.118048 -5.688405 47 84 34 0 0.879301 -0.127248 0.458952
-0.579811 -0.204225 -5.670147 46 83 35 0 0.864797 -0.317963 0.388621
-0.682785 -0.235629 -5.492680 99 104 83 0 0.657607 0.120240 0.743704
-0.647000 -0.355401 -5.518241 47 81 42 0 0.825348 0.015106 0.564423
-0.711268 -0.424781 -5.446670 48 84 45 0 0.682732 -0.055821 0.728534
-0.578350 -0.310851 -5.666495 33 63 22 0 0.887929 0.437510 0.142011
-0.786490 -0.576687 -5.424761 21 31 21 0 0.088198 -0.165521 0.982255
-0.693010 0.060880 -5.548184 45 75 41 0 0.648395 0.244528 0.720965
-0.829579 -0.171361 -5.358302 58 87 57 0 0.620627 -0.094919 0.778339
-0.660145 -0.208607 -5.521163 44 79 36 0 0.726984 0.095462 0.679987
-0.625090 -0.494161 -5.564981 52 87 45 0 0.832034 -0.159262 0.531371
-0.576159 -0.185237 -5.667226 46 82 35 0 0.918887 -0.149651 0.365037
-0.771154 -0.522643 -5.410885 62 93 59 0 0.769635 -0.158766 0.618430
-0.770423 -0.434275 -5.394087 57 83 50 0 0.587654 -0.109910 0.801613
-0.684246 -0.494161 -5.490489 56 91 51 0 0.752442 -0.182364 0.632910
-0.623630 0.038970 -5.618295 41 75 30 0 0.696391 0.286561 0.657969
-0.790872 -0.451072 -5.375829 59 89 52 0 0.673401 -0.117436 0.729890
-0.809860 -0.351019 -5.372178 51 81 49 0 0.506351 0.023078 0.862019
-0.575429 -0.397029 -5.635822 51 85 41 0 0.942229 -0.085897 0.323767
-0.584923 -0.231247 -5.679641 60 93 54 0 0.917290 -0.307689 0.252796
-0.642618 -0.544553 -5.567173 76 101 66 0 0.943200 -0.182069 0.277895
-0.628011 -0.516801 -5.572285 53 90 48 0 0.818008 -0.286224 0.498938
-0.584192 -0.189619 -5.647507 45 82 34 0 0.896605 -0.181059 0.404124
-0.605372 -0.251696 -5.621216 47 79 37 0 0.960546 0.030985 0.276389
-0.764581 -0.621966 -5.471501 55 67 49 0 0.752462 -0.355916 0.554189
-0.641157 -0.494891 -5.543802 56 93 48 0 0.832144 -0.221396 0.508448
-0.793793 -0.478094 -5.378751 61 73 55 0 0.688449 -0.120441 0.715214
-0.743401 -0.517531 -5.432064 44 79 37 0 0.680796 -0.341214 0.648144
-0.684976 -0.321076 -5.478074 49 79 39 0 0.617611 0.064484 0.783836
-0.633124 0.085711 -5.631440 47 60 40 0 0.904034 0.277825 0.324864
-0.602450 0.016331 -5.637283 39 70 29 0 0.744577 0.212958 0.632657
-0.702504 -0.051589 -5.503635 50 77 33 0 0.806860 0.150634 0.571215
-0.581271 -0.348828 -5.621946 52 84 43 0 0.922520 0.149334 0.355889
-0.820815 -0.034061 -5.366335 65 88 60 0 0.610599 0.110349 0.784215
-0.705425 0.030937 -5.527005 48 71 40 0 0.633168 0.261836 0.728382
-0.674752 -0.288942 -5.494141 60 80 54 0 0.735833 0.133379 0.663898
-0.643348 -0.250965 -5.535038 43 79 34 0 0.776245 0.070568 0.626469
-0.622899 -0.311582 -5.554757 47 82 37 0 0.836498 0.046084 0.546028
-0.645539 -0.183046 -5.542342 41 75 30 0 0.762011 0.064577 0.644337
-0.642618 -0.149451 -5.551106 44 78 33 0 0.783836 0.064484 0.617611
-0.568856 -0.079341 -5.657001 43 77 34 0 0.785956 0.094781 0.610975
-0.567395 -0.096868 -5.657732 37 72 24 0 0.801930 -0.064097 0.593969
-0.632393 0.052846 -5.613913 47 80 40 0 0.736902 0.254050 0.626446
-0.568856 -0.005579 -5.667226 40 71 34 0 0.730563 0.229963 0.642958
-0.566665 -0.142878 -5.665035 45 82 33 0 0.893781 -0.134991 0.427707
-0.811321 -0.379501 -5.369987 57 86 52 0 0.316965 0.125437 0.940106
-0.619248 0.031667 -5.620486 43 75 36 0 0.761679 0.239295 0.602149
-0.805478 -0.074229 -5.374369 54 89 47 0 0.743806 0.038253 0.667300
-0.592956 -0.048668 -5.629980 40 74 31 0 0.744904 0.055761 0.664837
-0.838343 -0.268493 -5.359763 56 82 53 0 0.386877 0.094327 0.917294
-0.730256 -0.341525 -5.428412 51 86 46 0 0.529258 0.071979 0.845402
-0.645539 -0.396298 -5.521893 45 78 38 0 0.828393 -0.063723 0.556510
-0.640427 -0.319615 -5.527735 46 80 36 0 0.837491 0.023378 0.545951
-0.647000 -0.288211 -5.523354 54 82 42 0 0.748935 0.015341 0.662466
-0.636045 0.059419 -5.611722 46 76 38 0 0.723183 0.230603 0.651021
-0.676212 -0.365625 -5.483186 54 75 48 0 0.773429 0.032285 0.633061
-0.632393 -0.426972 -5.541611 39 73 29 0 0.783393 -0.125876 0.608647
-0.751435 -0.036982 -5.445940 47 77 37 0 0.720508 0.172861 0.671556
-0.655763 -0.342985 -5.507287 46 82 42 0 0.770919 0.032297 0.636114
-0.755087 -0.117317 -5.426951 46 80 35 0 0.779285 -0.015280 0.626484
-0.776266 -0.291133 -5.393357 47 81 45 0 0.592854 0.109788 0.797791
-0.637506 -0.388265 -5.532847 46 80 36 0 0.798609 -0.023611 0.601387
-0.802557 -0.359052 -5.375829 52 84 48 0 0.520018 0.014935 0.854025
-0.682055 -0.483936 -5.489028 42 75 35 0 0.731168 -0.286388 0.619173
-0.794524 -0.115857 -5.386054 45 79 35 0 0.694338 0.015368 0.719485
-0.603181 -0.064004 -5.616834 40 71 30 0 0.727704 0.079888 0.681224
-0.774075 -0.229056 -5.403582 48 79 47 0 0.691755 0.001381 0.722131
-0.633124 -0.099790 -5.570094 40 73 31 0 0.795932 0.079161 0.600188
-0.580541 -0.074959 -5.641665 41 76 32 0 0.793693 0.070327 0.604240
-0.698122 -0.371468 -5.459085 48 81 45 0 0.707106 0.001384 0.707106
-0.822276 -0.120969 -5.357572 60 91 55 0 0.667208 -0.117393 0.735563
-0.667449 -0.500003 -5.512399 51 88 44 0 0.656335 -0.410417 0.633073
-0.590765 -0.166979 -5.627059 43 78 32 0 0.824678 -0.150077 0.545328
-0.590765 -0.391186 -5.598576 49 84 38 0 0.883251 -0.006641 0.468854
-0.668909 -0.286751 -5.499253 44 76 39 0 0.706655 0.117528 0.697729
-0.579811 -0.356861 -5.621946 49 81 39 0 0.910588 0.112264 0.397776
-0.825927 -0.262650 -5.366335 54 84 52 0 0.449960 0.070177 0.890287
-0.807669 -0.277987 -5.376560 56 88 57 0 0.548984 0.072347 0.832696
-0.698852 -0.497082 -5.475883 90 117 89 0 0.776717 -0.228812 0.586818
-0.836882 -0.299897 -5.361953 66 84 64 0 0.443546 0.001308 0.896251
-0.756547 -0.506576 -5.422570 57 91 55 0 0.678405 -0.156322 0.717865
-0.627281 -0.082992 -5.581048 40 73 30 0 0.823703 0.118508 0.554500
-0.749974 -0.139227 -5.432064 64 87 53 0 0.767241 0.032379 0.640541
-0.705425 0.014870 -5.521163 85 88 72 0 0.760638 0.246227 0.600668
-0.747053 -0.101981 -5.435715 43 76 34 0 0.784732 0.040857 0.618487
-0.612675 -0.448881 -5.568633 51 86 42 0 0.791963 -0.103936 0.601658
-0.744132 -0.204955 -5.429873 46 78 44 0 0.679207 0.086179 0.728870
-0.606102 -0.491970 -5.600767 15 26 18 0 0.750684 -0.441869 0.491148
-0.752165 -0.556968 -5.447401 56 90 55 0 0.885088 -0.229797 0.404739
-0.749974 -0.605899 -5.477344 63 98 64 0 0.397890 -0.602613 0.691767
-0.780648 -0.039173 -5.407233 47 80 37 0 0.762794 0.119973 0.635415
-0.767502 -0.005579 -5.429873 46 79 34 0 0.809200 0.128234 0.573368
-0.662336 0.030937 -5.570094 43 74 36 0 0.696449 0.172964 0.696449
-0.684246 0.008297 -5.540881 48 81 42 0 0.666250 0.262366 0.698051
-0.720031 -0.199113 -5.453973 45 77 34 0 0.721048 0.070804 0.689258
-0.582001 -0.204955 -5.662844 46 83 37 0 0.894190 -0.309011 0.323939
-0.819354 -0.098329 -5.359763 57 88 51 0 0.694338 -0.015368 0.719485
-0.619978 -0.118778 -5.583970 43 75 35 0 0.781257 0.046790 0.622453
-0.584192 -0.416017 -5.613913 45 81 33 0 0.913387 -0.088745 0.397303
-0.837612 -0.146530 -5.343696 31 38 31 0 0.944481 -0.325107 -0.047545
-0.562283 0.000994 -5.680372 33 45 30 0 0.793698 0.310163 0.523300
-0.586383 -0.355401 -5.608800 51 84 40 0 0.900566 0.078370 0.427597
-0.573238 -0.196922 -5.685484 47 82 37 0 0.925428 -0.332817 0.181154
-0.785760 -0.397759 -5.382402 54 85 54 0 0.539479 0.048790 0.840584
-0.746323 -0.598596 -5.475152 63 98 67 0 0.573344 -0.437071 0.692998
-0.563744 -0.346637 -5.663574 31 49 25 0 0.786191 0.269416 0.556163
-0.833961 -0.307930 -5.363414 70 87 65 0 0.362371 0.008900 0.931992
-0.754356 -0.582529 -5.459816 59 92 61 0 0.618193 -0.454011 0.641647
-0.620708 -0.231247 -5.578127 40 73 25 0 0.912341 0.103518 0.396130
-0.796715 0.040431 -5.402851 15 17 14 0 0.331455 0.222405 0.916883
-0.735368 -0.235629 -5.434255 46 78 45 0 0.679463 0.101698 0.726627
-0.615596 -0.443039 -5.562790 44 78 35 0 0.799835 0.001367 0.600218
-0.617787 -0.424050 -5.561330 48 84 41 0 0.822839 -0.087597 0.561483
-0.726604 -0.407983 -5.431334 51 85 47 0 0.757762 -0.079688 0.647647
-0.753626 -0.465678 -5.411615 42 73 32 0 0.695574 -0.023888 0.718057
-0.601720 -0.194731 -5.614643 44 78 34 0 0.875387 -0.190430 0.444336
-0.574698 -0.128272 -5.648238 39 73 26 0 0.879853 -0.006655 0.475200
-0.793063 -0.069847 -5.388975 50 82 38 0 0.760720 0.023816 0.648643
-0.690088 -0.549665 -5.505095 52 87 47 0 0.420838 -0.318346 0.849441
-0.747053 -0.054510 -5.446670 46 79 36 0 0.768089 0.174911 0.615992
-0.603181 -0.425511 -5.580318 45 81 34 0 0.836146 -0.072400 0.543708
-0.695931 0.038240 -5.538690 50 76 44 0 0.677656 0.261858 0.687178
-0.563744 -0.135575 -5.670877 43 78 31 0 0.883536 -0.157619 0.441045
-0.627281 -0.066195 -5.586161 43 75 36 0 0.792807 0.141839 0.592739
-0.606102 -0.268493 -5.604419 37 68 20 0 0.966514 0.212917 0.143235
-0.652842 0.066723 -5.594924 49 81 44 0 0.739798 0.278419 0.612521
-0.617787 -0.067656 -5.598576 39 69 28 0 0.806862 0.183171 0.561624
-0.583462 -0.129733 -5.633631 37 69 25 0 0.844128 -0.015001 0.535932
-0.587844 -0.006309 -5.646047 43 77 35 0 0.720927 0.300253 0.624590
-0.768963 -0.313773 -5.398469 50 83 52 0 0.677982 0.032419 0.734363
-0.687167 -0.478824 -5.481725 52 85 51 0 0.729201 -0.159181 0.665528
-0.721492 -0.411635 -5.438637 50 84 48 0 0.705614 -0.064934 0.705614
-0.596608 -0.245123 -5.646047 49 84 36 0 0.929229 -0.142215 0.341040
-0.630202 -0.174282 -5.564981 43 79 31 0 0.773650 0.055566 0.631173
-0.777726 -0.283099 -5.394818 51 81 51 0 0.586549 0.204753 0.783605
-0.635315 -0.335682 -5.535038 44 79 33 0 0.822094 0.001359 0.569351
-0.767502 -0.367816 -5.398469 56 87 55 0 0.539133 0.072167 0.839123
-0.606102 -0.372928 -5.575936 49 84 44 0 0.777741 0.006907 0.628547
-0.717110 -0.126811 -5.467849 45 75 35 0 0.779667 0.126232 0.613338
-0.690819 -0.071307 -5.512399 116 102 95 0 0.737561 0.175610 0.652047
-0.706155 -0.311582 -5.454704 49 83 45 0 0.732567 0.061887 0.677876
-0.689358 -0.395568 -5.464928 41 75 34 0 0.623206 0.055618 0.780077
-0.730986 -0.229056 -5.438637 48 80 47 0 0.649765 0.104611 0.752902
-0.619248 -0.058892 -5.599307 48 76 36 0 0.780192 0.158453 0.605139
-0.702504 -0.118778 -5.487568 46 79 39 0 0.785555 0.103863 0.610012
-0.599529 -0.024567 -5.627789 45 79 36 0 0.776245 0.070568 0.626469
-0.705425 -0.136306 -5.480265 44 76 33 0 0.806656 0.088025 0.584429
-0.714919 -0.000467 -5.504365 46 76 30 0 0.809418 0.196638 0.553331
-0.610484 -0.432084 -5.571554 47 80 38 0 0.831416 -0.031818 0.554739
-0.643348 -0.456915 -5.531387 53 86 46 0 0.793375 -0.207168 0.572396
-0.717110 -0.207146 -5.456164 55 86 48 0 0.704306 0.006946 0.709863
-0.747053 -0.542362 -5.446670 56 94 53 0 0.705390 -0.398124 0.586448
-0.774075 -0.682582 -5.498523 94 108 69 0 0.591294 -0.314175 0.742742
-0.674021 -0.474442 -5.494871 50 85 46 0 0.785323 -0.174685 0.593929
-0.699582 -0.212258 -5.475152 45 77 36 0 0.757356 0.095219 0.646023
-0.584192 -0.244392 -5.700820 26 35 25 0 0.865711 -0.294678 0.404609
-0.666718 -0.443769 -5.497792 48 79 39 0 0.759264 -0.110572 0.641320
-0.751435 -0.619775 -5.486107 64 96 67 0 0.513511 -0.513511 0.687469
-0.575429 -0.340794 -5.638013 49 81 43 0 0.900364 0.158888 0.405092
-0.733177 0.014140 -5.484647 45 76 34 0 0.778362 0.204994 0.593405
-0.774805 -0.047207 -5.413806 48 82 35 0 0.774720 0.085757 0.626462
-0.698122 -0.402141 -5.456894 43 76 38 0 0.586380 0.015177 0.809894
-0.717110 -0.505116 -5.456894 48 83 40 0 0.777766 -0.308232 0.547790
-0.628011 0.053577 -5.620486 44 77 36 0 0.791242 0.245020 0.560268
-0.666718 -0.381692 -5.493411 45 80 38 0 0.759524 0.046849 0.648790
-0.616326 -0.164058 -5.586161 39 70 29 0 0.850251 0.054450 0.523554
-0.642618 -0.096138 -5.559139 38 71 30 0 0.793430 0.094629 0.601260
-0.684246 -0.252426 -5.488298 55 78 46 0 0.751975 0.120138 0.648152
-0.767502 -0.491970 -5.406503 52 85 48 0 0.746274 -0.142648 0.650174
-0.540373 -0.099059 -5.700820 38 52 32 0 0.939170 0.086102 0.332485
-0.698852 0.062341 -5.543802 43 71 39 0 0.632657 0.212958 0.744577
-0.614135 -0.131193 -5.590543 41 73 34 0 0.781002 0.001373 0.624527
-0.747053 -0.168440 -5.429873 53 85 49 0 0.691332 0.104658 0.714917
-0.812782 -0.000467 -5.385324 62 92 55 0 0.593717 0.221675 0.773537
-0.722222 0.053577 -5.518971 98 95 82 0 0.694908 0.293691 0.656391
-0.605372 -0.350288 -5.578127 49 86 38 0 0.817161 0.078711 0.571011
-0.602450 0.041161 -5.646047 43 74 37 0 0.824556 0.228787 0.517459
-0.656494 -0.357592 -5.505826 44 78 38 0 0.798410 -0.015221 0.601921
-0.717840 -0.087374 -5.475152 46 75 33 0 0.752902 0.104611 0.649765
-0.717110 -0.535059 -5.472231 60 95 61 0 0.705167 -0.220462 0.673896
-0.669639 -0.265572 -5.503635 71 98 71 0 0.681224 0.079888 0.727704
-0.560822 -0.013612 -5.673069 49 77 43 0 0.777567 0.055642 0.626334
-0.577620 -0.064004 -5.647507 39 75 27 0 0.744904 0.055761 0.664837
-0.799636 -0.131193 -5.380942 47 81 41 0 0.686096 0.001380 0.727510
-0.665988 -0.242201 -5.509478 47 81 41 0 0.706655 0.117528 0.697729
-0.619248 -0.048668 -5.600767 50 79 40 0 0.748961 0.101529 0.654789
-0.730986 -0.556968 -5.468580 54 89 49 0 0.691244 -0.419388 0.588469
-0.612675 0.042622 -5.633631 43 75 38 0 0.729762 0.307692 0.610551
-0.694470 -0.077150 -5.507287 115 109 94 0 0.672448 0.166206 0.721242
-0.665258 -0.155294 -5.522623 42 75 33 0 0.745992 0.104468 0.657709
-0.835421 -0.091756 -5.346617 64 81 57 0 0.569351 0.001359 0.822094
-0.701773 -0.239280 -5.470040 49 79 39 0 0.785217 -0.015233 0.619033
-0.806209 -0.024567 -5.383863 55 87 51 0 0.744401 0.149484 0.650785
-0.619248 0.068183 -5.638013 48 79 39 0 0.735238 0.467578 0.490709
-0.787220 -0.028949 -5.402851 54 86 43 0 0.711743 0.086228 0.697128
-0.676943 -0.009961 -5.542342 46 79 36 0 0.679943 0.143225 0.719141
-0.687167 0.024364 -5.542342 46 75 36 0 0.754283 0.260916 0.602478
-0.679864 0.098856 -5.575206 42 70 36 0 0.713080 0.237693 0.659560
-0.774075 -0.561350 -5.420379 66 91 61 0 0.680589 -0.308771 0.664423
-0.778457 -0.476633 -5.393357 54 88 50 0 0.721462 -0.133493 0.679464
-0.742671 -0.369277 -5.417458 50 83 47 0 0.730335 0.023830 0.682674
-0.665988 -0.209337 -5.513859 45 77 40 0 0.724177 0.166180 0.669292
-0.675482 -0.256078 -5.498523 80 95 72 0 0.752971 0.023837 0.657622
-0.719301 -0.046477 -5.483916 43 77 26 0 0.793430 0.094629 0.601260
-0.672561 -0.518261 -5.513129 52 89 47 0 0.672243 -0.230349 0.703583
-0.738289 -0.177934 -5.438637 48 81 42 0 0.721048 0.070804 0.689258
-0.781378 -0.493430 -5.392627 58 93 56 0 0.712351 -0.166266 0.681844
-0.664527 -0.182316 -5.519702 50 82 46 0 0.764129 0.175399 0.620759
-0.693010 -0.085183 -5.506556 112 112 99 0 0.711589 0.172924 0.680983
-0.594417 -0.158945 -5.619755 43 78 32 0 0.838213 -0.087106 0.538341
-0.626551 -0.272145 -5.554757 39 73 27 0 0.833613 0.063473 0.548690
-0.676943 0.074756 -5.569364 58 87 54 0 0.703583 0.230349 0.672243
-0.830309 -0.051589 -5.352459 31 38 27 0 0.673896 0.220462 0.705167
-0.828849 -0.317424 -5.364875 54 80 52 0 0.428980 0.095792 0.898220
-0.746323 -0.557698 -5.455434 50 84 44 0 0.586610 -0.459594 0.666830
-0.647000 0.028016 -5.586891 42 74 35 0 0.758216 0.253790 0.600583
-0.646269 -0.448881 -5.524084 47 81 40 0 0.736827 -0.182292 0.651042
-0.649191 -0.491970 -5.532117 56 91 53 0 0.810648 -0.183343 0.556089
-0.684976 -0.268493 -5.484647 55 81 47 0 0.761667 0.085924 0.642247
-0.816433 -0.228325 -5.372178 54 86 53 0 0.579251 -0.088115 0.810373
-0.692279 -0.180855 -5.489028 48 73 35 0 0.807688 0.055166 0.587024
-0.698852 -0.462027 -5.464198 52 85 48 0 0.735954 -0.213162 0.642599
-0.762390 -0.593484 -5.459816 62 97 64 0 0.690943 -0.577728 0.434545
-0.810591 -0.213719 -5.375829 55 89 56 0 0.579251 -0.088115 0.810373
-0.823736 -0.200573 -5.364875 52 85 46 0 0.586380 -0.015177 0.809894
-0.676943 -0.334221 -5.485377 73 91 63 0 0.791075 0.046700 0.609934
-0.600259 -0.213719 -5.624867 55 90 49 0 0.908505 -0.190887 0.371726
-0.614866 -0.482476 -5.576666 57 93 53 0 0.793698 -0.310163 0.523300
-0.590765 -0.302087 -5.628519 35 67 25 0 0.906374 0.342992 0.246662
-0.721492 -0.396298 -5.437176 49 84 46 0 0.619451 -0.006898 0.785005
-0.701043 0.074026 -5.544533 41 68 35 0 0.648221 0.189385 0.737525
-0.651382 -0.036982 -5.563521 38 71 28 0 0.745368 0.182133 0.641292
-0.796715 -0.088105 -5.383863 50 83 41 0 0.729664 0.064763 0.680732
-0.590765 -0.029679 -5.635822 42 74 33 0 0.754315 0.126463 0.644218
-0.771154 -0.253887 -5.402121 50 81 50 0 0.610330 0.088433 0.787196
-0.629472 -0.451802 -5.548914 50 87 41 0 0.759466 -0.205721 0.617163
-0.772614 -0.510228 -5.407233 59 92 58 0 0.663898 -0.133379 0.735833
-0.721492 -0.611742 -5.499253 57 91 58 0 0.532177 -0.522104 0.666480
-0.710537 0.028746 -5.520432 111 103 95 0 0.776848 0.245403 0.579901
-0.760929 -0.464948 -5.407233 50 81 45 0 0.593373 -0.094301 0.799385
-0.665258 -0.021646 -5.551106 43 77 31 0 0.742779 0.086098 0.663978
-0.671100 -0.085914 -5.528466 77 93 68 0 0.705324 0.070967 0.705324
-0.671830 -0.592023 -5.540881 59 75 60 0 0.782275 -0.164928 0.600703
-0.610484 -0.467869 -5.578127 45 79 37 0 0.859475 -0.071506 0.506151
-0.584923 -0.089565 -5.635822 42 75 35 0 0.742825 0.133021 0.656137
-0.557901 -0.062544 -5.671608 39 73 27 0 0.832034 0.023379 0.554231
-0.682785 0.079868 -5.564981 47 77 43 0 0.708123 0.230807 0.667300
-0.717840 -0.625618 -5.509478 62 98 62 0 0.461814 -0.279560 0.841768
-0.774075 -0.485397 -5.399199 51 85 45 0 0.745520 -0.086078 0.660901
-0.817163 -0.194731 -5.369256 47 79 41 0 0.529258 -0.071979 0.845402
-0.647000 -0.340794 -5.520432 43 77 34 0 0.805345 -0.015195 0.592612
-0.578350 -0.322536 -5.646047 39 72 28 0 0.899850 0.315763 0.300938
-0.763120 -0.066195 -5.426951 52 82 49 0 0.714566 0.159298 0.681189
-0.663797 0.038240 -5.570824 42 73 36 0 0.696449 0.172964 0.696449
-0.833230 -0.255347 -5.362684 56 88 54 0 0.520370 -0.023219 0.853625
-0.595877 -0.080071 -5.623407 38 70 30 0 0.774356 0.094789 0.625610
-0.683515 -0.516801 -5.501444 57 92 54 0 0.759849 -0.260655 0.595557
-0.664527 -0.277987 -5.505826 46 77 39 0 0.680983 0.172924 0.711589
-0.770423 -0.648988 -5.488298 76 100 67 0 0.641474 -0.365854 0.674286
-0.733177 -0.291863 -5.431334 58 86 55 0 0.585689 0.064127 0.807995
-0.776266 -0.525564 -5.406503 69 81 67 0 0.634479 -0.070498 0.769719
-0.657224 -0.540171 -5.536499 51 87 44 0 0.853449 -0.157719 0.496740
-0.782108 -0.078611 -5.400660 52 83 42 0 0.773712 0.001374 0.633537
-0.763120 -0.496352 -5.413075 54 87 50 0 0.735833 -0.133379 0.663898
-0.720762 -0.469330 -5.446670 54 89 56 0 0.642840 0.079811 0.761831
-0.669639 -0.538710 -5.524814 54 91 50 0 0.736807 -0.237224 0.633120
-0.612675 -0.229786 -5.599307 43 75 32 0 0.948461 0.031658 0.315309
-0.802557 -0.268493 -5.380211 52 83 52 0 0.584429 0.088025 0.806656
-0.600259 -0.358322 -5.584700 47 83 37 0 0.841263 0.040192 0.539129
-0.583462 -0.447421 -5.620486 66 90 56 0 0.855958 -0.014922 0.516830
-0.598068 -0.259729 -5.644586 42 75 30 0 0.959902 0.072469 0.270807
-0.653573 0.004646 -5.573745 69 91 55 0 0.759534 0.148899 0.633196
-0.725874 -0.127542 -5.457625 42 73 34 0 0.719141 0.143225 0.679943
-0.811321 -0.123890 -5.368526 48 80 37 0 0.705324 -0.070967 0.705324
-0.656494 -0.241471 -5.518971 47 81 41 0 0.696072 0.079925 0.713510
-0.666718 -0.458375 -5.499983 47 82 42 0 0.794971 -0.144676 0.589144
-0.760929 -0.608820 -5.470040 65 94 59 0 0.564540 -0.691103 0.451299
-0.699582 -0.508037 -5.478074 61 90 61 0 0.708123 -0.230807 0.667300
-0.663067 -0.190349 -5.519702 50 81 44 0 0.703874 0.095515 0.703874
-0.762390 -0.513149 -5.416727 57 90 55 0 0.711137 -0.149475 0.686980
-0.620708 -0.418208 -5.556218 49 85 40 0 0.777567 -0.055642 0.626334
-0.690088 -0.331300 -5.471501 49 83 42 0 0.763333 0.070706 0.642124
-0.763850 -0.146530 -5.415997 50 79 47 0 0.756766 0.023780 0.653253
-0.688628 0.095935 -5.563521 47 77 44 0 0.718724 0.230179 0.656090
-0.670370 0.038240 -5.563521 44 75 37 0 0.729201 0.159181 0.665528
-0.663797 -0.082992 -5.537230 41 71 30 0 0.729664 0.064763 0.680732
-0.628011 -0.443769 -5.548914 49 87 41 0 0.781872 -0.023693 0.622989
-0.684246 -0.556968 -5.513129 58 94 56 0 0.690240 -0.300874 0.658061
-0.754356 -0.635842 -5.490489 58 91 58 0 0.512867 -0.385871 0.766858
