-0.87699503 -0.99219501 -5.24300814 90 105 71 0.000000 -0.577996 -0.317174 0.751878
-1.04987895 -0.53560299 -5.18537998 130 105 107 0.000000 0.047545 0.325107 0.944481
-0.76807100 -0.70658797 -5.00679588 87 88 78 0.000000 0.918700 -0.309109 -0.245849
-1.14930403 -0.80981201 -5.29113722 101 129 64 0.000000 0.520370 0.023219 -0.853625
-0.94475502 -0.75788301 -5.17271423 90 116 68 0.000000 -0.699747 -0.475961 0.532743
-0.86242902 -0.49507299 -5.05429077 91 122 55 0.000000 -0.078506 -0.134748 -0.987765
-0.76047200 -0.87883902 -5.12268496 90 127 77 0.000000 0.394620 0.080009 -0.915355
-1.18476701 -0.62616199 -5.28290415 103 136 77 0.000000 0.458842 -0.347704 -0.817659
-1.00301695 -0.88517201 -5.26833916 94 131 76 0.000000 -0.418946 -0.561354 0.713698
-0.88016099 -0.64452702 -5.08975506 90 132 66 0.000000 0.405351 0.213731 -0.888825
-1.06571102 -0.69075602 -5.22527599 93 128 66 0.000000 0.386252 -0.024710 -0.922062
-0.83076501 -0.76358300 -5.10368681 86 128 61 0.000000 0.633199 0.649818 -0.420471
-0.87319499 -0.87883902 -5.18221283 78 119 55 0.000000 0.414342 0.443362 -0.794827
-0.79150200 -0.58816499 -5.01186180 114 135 100 0.000000 0.851181 0.278596 -0.444831
-0.96122003 -0.47670799 -5.13028479 79 85 79 0.000000 0.616984 -0.070471 -0.783814
-0.97515202 -0.63819402 -5.15878201 96 136 79 0.000000 0.308457 -0.220326 -0.925371
-0.80036801 -0.96243101 -5.17651415 94 136 72 0.000000 0.499979 0.395749 -0.770327
-1.04797900 -0.79461300 -5.24110794 92 136 59 0.000000 0.402332 0.016927 -0.915337
-1.11573994 -0.56283402 -5.25313997 94 131 68 0.000000 0.539026 -0.243882 -0.806209
-1.14423704 -0.71292001 -5.27340508 87 130 68 0.000000 0.523300 0.310163 -0.793698
-0.92132401 -0.55523503 -5.09798813 102 143 80 0.000000 0.809721 0.294015 -0.507845
-1.09167504 -0.86997300 -5.26264000 65 81 41 0.000000 -0.031120 -0.071899 -0.996926
-0.95045501 -0.84274203 -5.21324396 84 126 58 0.000000 0.797924 0.340597 -0.497303
-0.75097299 -0.77434802 -5.05809116 78 97 69 0.000000 0.410610 0.797066 -0.442815
-0.94538802 -0.94406599 -5.26643896 116 144 91 0.000000 -0.055497 -0.426379 0.902841
-1.06381094 -0.61222899 -5.20817804 101 143 78 0.000000 0.395724 0.063048 -0.916203
-0.81050098 -1.02955902 -5.21957588 83 83 71 0.000000 -0.420610 -0.596834 0.683284
-0.89789301 -0.71355402 -5.12395191 89 131 63 0.000000 0.491573 0.223719 -0.841609
-0.88269401 -0.79841298 -5.14991617 87 131 58 0.000000 0.490076 0.380092 -0.784446
-0.85863000 -0.57169998 -5.05555820 97 137 73 0.000000 0.412304 0.128053 -0.902002
-0.81366700 -0.65719199 -5.05365801 91 134 66 0.000000 0.331281 0.055863 -0.941877
-0.98148501 -0.55586803 -5.14421701 90 130 69 0.000000 0.523159 0.158578 -0.837351
-1.12207305 -0.64452702 -5.24427414 85 126 57 0.000000 0.364387 0.024464 -0.930926
-0.81683302 -0.83070999 -5.13155079 93 131 75 0.000000 -0.410570 -0.545777 0.730451
-1.00871599 -0.73255199 -5.20437813 91 129 66 0.000000 0.308169 0.157508 0.938202
-0.74337298 -0.81361097 -5.11382008 114 124 115 0.000000 0.166266 -0.681844 0.712351
-1.09167504 -0.74711698 -5.25123978 94 132 65 0.000000 0.482892 -0.085879 -0.871459
-0.81303400 -0.89403701 -5.15751600 89 126 69 0.000000 -0.301116 -0.238324 0.923326
-0.85736299 -0.93900001 -5.19994497 85 118 65 0.000000 0.300420 0.608872 -0.734181
-0.99984998 -0.49507299 -5.18601322 114 130 107 0.000000 0.846591 -0.206743 -0.490449
-0.75603902 -0.63566101 -5.03719282 80 97 72 0.000000 -0.271401 -0.327149 0.905160
-0.91435802 -0.46657601 -5.07582283 63 78 59 0.000000 0.640892 -0.506322 -0.576971
-1.16450202 -0.75281698 -5.31773376 78 84 72 0.000000 0.958087 0.149329 -0.244477
-0.95425397 -0.69708800 -5.15751600 96 136 75 0.000000 0.570500 0.331310 -0.751508
-0.92892301 -0.62172902 -5.11698580 95 137 82 0.000000 0.570623 0.262518 -0.778122
-0.83456498 -0.71102101 -5.07455587 99 138 80 0.000000 0.536849 0.364928 -0.760671
-0.92132401 -0.90606999 -5.22717619 83 126 62 0.000000 0.421229 0.339802 -0.840893
-1.06761098 -0.52736998 -5.24300814 111 122 95 0.000000 0.529258 -0.071979 -0.845402
-0.99225098 -0.80094600 -5.21514416 97 125 64 0.000000 0.574126 0.197499 -0.794590
-1.21136498 -0.67872298 -5.27910519 115 133 99 0.000000 0.664423 -0.308771 -0.680589
-0.82886600 -0.54256898 -5.01376200 92 109 67 0.000000 -0.656920 -0.442961 0.610116
-1.01568198 -0.66225803 -5.19171190 88 127 64 0.000000 -0.731054 -0.206433 0.650343
-0.79086900 -0.73698503 -5.04605913 108 148 97 0.000000 0.743701 0.362900 -0.561437
-1.05051196 -0.89340401 -5.29240322 57 65 58 0.000000 -0.110560 -0.773920 0.623558
-0.90865803 -0.83387601 -5.18094683 90 112 69 0.000000 -0.419692 -0.531610 0.735696
-1.03531396 -0.84590799 -5.24870682 71 114 42 0.000000 0.595736 0.228651 -0.769946
-1.09547496 -0.80347902 -5.26327276 88 127 58 0.000000 0.497143 0.001333 -0.867668
-1.01314902 -0.61096299 -5.18601322 103 113 77 0.000000 0.101730 0.001071 -0.994811
-0.78770298 -0.79018003 -5.09862089 97 134 81 0.000000 -0.363178 -0.505221 0.782850
-1.14803696 -0.59386402 -5.27783823 131 164 106 0.000000 0.866692 0.119296 -0.484370
-1.12967205 -0.76674902 -5.27783823 91 127 75 0.000000 0.565116 0.190403 -0.802739
-0.82759899 -0.61096299 -5.04859209 83 122 64 0.000000 0.040075 0.520975 -0.852630
-0.89662600 -0.94723302 -5.23160887 112 151 84 0.000000 -0.481338 -0.103651 0.870385
-0.77630401 -0.93266702 -5.14738321 103 121 93 0.000000 0.798859 0.268379 -0.538328
-0.92575699 -0.67112398 -5.12965202 92 114 63 0.000000 -0.602049 -0.524474 0.602049
-1.04607999 -0.74711698 -5.22907591 98 138 67 0.000000 0.466589 0.221970 -0.856168
-0.89345998 -0.52673697 -5.07012320 89 127 64 0.000000 -0.642840 -0.761831 0.079811
-1.07774305 -0.56916702 -5.22084284 105 147 83 0.000000 0.665528 -0.159181 -0.729201
-0.94665498 -0.51913798 -5.11382008 102 140 81 0.000000 0.579369 -0.238931 -0.779259
-0.89092702 -0.59259802 -5.08152199 99 138 80 0.000000 0.504134 0.141742 -0.851914
-1.01694906 -0.56663400 -5.17208099 111 152 98 0.000000 0.693953 0.351058 -0.628640
-1.10940695 -0.68885601 -5.24680805 92 136 66 0.000000 0.499906 0.380188 -0.778172
-0.86369598 -0.83830899 -5.16004801 88 119 68 0.000000 -0.477370 -0.554419 0.681717
-1.19236600 -0.71671999 -5.29430294 128 161 118 0.000000 0.333311 -0.658493 0.674752
-0.98338503 -0.92063498 -5.28670406 90 121 61 0.000000 -0.387713 -0.602193 0.697884
-0.95805401 -0.59386402 -5.13535118 106 125 75 0.000000 0.675737 -0.348503 -0.649558
-0.83773100 -0.99536198 -5.21261120 93 135 70 0.000000 0.687277 0.496645 -0.530089
-0.86939502 -0.76231599 -5.12838507 94 134 73 0.000000 0.766853 0.625788 -0.142566
-0.95678699 -0.89720398 -5.25123978 106 146 80 0.000000 -0.427705 -0.627411 0.650710
-0.90675902 -0.75915003 -5.15118313 97 122 73 0.000000 0.324617 0.158855 -0.932410
-1.08154297 -0.65022600 -5.22337580 84 126 63 0.000000 0.412652 0.165348 -0.895756
-0.77883703 -0.67365700 -5.03339291 96 138 70 0.000000 0.498821 -0.237899 -0.833415
-1.10370803 -0.60146397 -5.23414183 97 137 72 0.000000 0.633537 0.001374 -0.773712
-0.94665498 -0.80601197 -5.19044590 88 129 68 0.000000 0.578703 0.514590 -0.632693
-1.11510706 -0.84084201 -5.28417110 109 146 87 0.000000 0.500032 0.183594 -0.846322
-0.86939502 -0.69645500 -5.09482098 104 135 76 0.000000 0.428260 0.301483 -0.851881
-0.98338503 -0.51407200 -5.14928293 100 140 85 0.000000 0.691332 -0.104658 -0.714917
-0.98275203 -0.85667402 -5.23604202 80 123 50 0.000000 0.262413 0.363227 -0.893983
-0.79910201 -1.00169396 -5.19044590 128 151 120 0.000000 0.856104 0.373094 -0.357613
-0.99225098 -0.69518900 -5.18347979 90 130 66 0.000000 0.626419 0.333548 -0.704518
-1.16703498 -0.65845901 -5.26517200 99 136 78 0.000000 0.006846 -0.587425 -0.809250
-0.98021901 -0.76738203 -5.19551182 85 122 59 0.000000 0.269072 0.309796 -0.911936
-0.77757001 -0.83450902 -5.12268496 113 151 103 0.000000 0.030724 -0.436821 0.899023
-0.88902700 -0.91303599 -5.20437813 93 134 73 0.000000 0.586257 0.404600 -0.701856
-0.90929198 -0.87060601 -5.19741201 89 129 73 0.000000 0.428458 0.461040 -0.777088
-0.97071999 -0.72811902 -5.17967987 100 125 73 0.000000 -0.340362 -0.688868 0.640012
-0.83076501 -0.92380100 -5.17587996 91 132 60 0.000000 0.543804 0.322432 -0.774800
-1.04607999 -0.57676601 -5.19551182 105 138 81 0.000000 0.646979 -0.142606 -0.749054
-0.84469801 -0.80411202 -5.13218498 87 126 64 0.000000 -0.355719 -0.911620 0.205943
-0.85672998 -0.73128498 -5.10432005 88 128 63 0.000000 -0.458579 -0.806908 0.372296
-0.82696599 -0.57359999 -5.03529310 96 139 78 0.000000 0.413284 0.302665 -0.858831
-0.85419703 -0.53623599 -5.04415894 102 140 83 0.000000 0.767863 0.006918 -0.640577
-0.84849697 -0.64326000 -5.07012320 97 140 68 0.000000 0.563613 0.355709 -0.745528
-1.07647705 -0.83640897 -5.25947285 72 114 43 0.000000 0.475526 0.229407 -0.849263
-0.80923402 -0.74711698 -5.07645607 84 126 68 0.000000 0.452203 0.475224 -0.754768
-0.95108801 -0.55966699 -5.12331915 105 148 85 0.000000 0.667629 0.255317 -0.699346
-0.91435802 -0.79207999 -5.16701508 80 121 56 0.000000 0.443190 0.189939 -0.876074
-1.02771401 -0.69455498 -5.20374489 99 142 70 0.000000 0.427573 0.166681 -0.888481
-0.93145603 -0.72938597 -5.15434885 92 131 66 0.000000 -0.545817 -0.315325 0.776308
-0.89599299 -0.67112398 -5.10875320 90 127 65 0.000000 0.522004 0.404185 -0.751097
-1.00808299 -0.53180301 -5.16891384 90 127 76 0.000000 0.642247 -0.085924 -0.761667
-0.93208998 -0.48747399 -5.09925413 119 159 98 0.000000 0.657235 0.001378 -0.753685
-0.83963102 -0.86490703 -5.16131496 93 130 73 0.000000 -0.362158 -0.236063 0.901730
-0.98908502 -0.60146397 -5.16131496 93 129 71 0.000000 -0.517459 -0.228787 0.824556
-1.00491703 -0.82944298 -5.23224211 79 121 46 0.000000 0.309796 0.269072 -0.911936
-0.84596401 -0.67808998 -5.07708883 89 130 67 0.000000 0.625761 0.205497 -0.752459
-0.94665498 -0.64579302 -5.13915110 94 133 79 0.000000 0.823263 0.436218 -0.363251
-1.07014406 -0.72431898 -5.23667479 104 127 74 0.000000 0.540383 0.159286 -0.826205
-1.07711005 -0.77814800 -5.24997377 85 123 56 0.000000 0.475774 0.103676 -0.873436
-0.83203202 -0.96559799 -5.19741201 89 128 67 0.000000 0.754768 0.475224 -0.452203
-0.80226803 -0.86490703 -5.14421701 96 133 78 0.000000 -0.515649 -0.426687 0.742996
-0.93462300 -0.87313902 -5.21957588 93 135 63 0.000000 0.515801 0.348688 -0.782539
-0.78833598 -0.61666203 -5.02959299 95 132 77 0.000000 -0.387998 -0.468496 0.793706
-0.88649398 -0.55966699 -5.07075596 99 141 78 0.000000 0.411401 0.421006 -0.808395
-0.91815799 -0.59259802 -5.10115385 107 134 89 0.000000 0.594710 0.198237 -0.779116
-1.13790500 -0.67429101 -5.25693989 92 124 59 0.000000 0.428253 0.172753 -0.886992
-1.15690303 -0.62489498 -5.26453876 94 95 78 0.000000 0.525302 -0.303120 -0.795095
-0.79846799 -0.70468801 -5.04415894 108 149 96 0.000000 0.646880 0.276322 -0.710769
-1.00998294 -0.77308202 -5.21387720 87 127 67 0.000000 0.405351 0.213731 -0.888825
-0.85672998 -0.61159599 -5.06569099 94 129 71 0.000000 0.324168 0.475973 -0.817536
-0.89852601 -0.49254000 -5.06315708 100 140 83 0.000000 0.625759 0.554918 -0.548171
-1.05241203 -0.65655899 -5.20944405 88 124 61 0.000000 -0.682131 -0.315952 0.659448
-1.16513598 -0.78511399 -5.30570221 102 106 89 0.000000 0.612107 -0.215400 -0.760873
-0.81366700 -0.80284601 -5.11508608 92 129 75 0.000000 -0.405534 -0.358561 0.840818
-1.04607999 -0.87440598 -5.26643896 66 106 27 0.000000 0.047691 0.459197 -0.887054
-1.16830206 -0.69138902 -5.27150488 96 136 68 0.000000 0.270183 0.371689 -0.888171
-0.77693701 -0.73698503 -5.01692820 100 122 96 0.000000 0.921583 0.293817 -0.253686
-0.78263599 -0.76421601 -5.07139015 95 136 80 0.000000 0.370369 0.650203 -0.663372
-1.16323602 -0.72938597 -5.29367018 105 147 89 0.000000 0.532908 0.382977 -0.754545
-0.90929198 -0.96813101 -5.25187302 119 137 94 0.000000 0.990793 -0.095734 -0.095734
-1.12840497 -0.59829700 -5.25440693 105 146 79 0.000000 0.586714 -0.253246 -0.769177
-0.87129498 -0.96433097 -5.22780895 90 128 68 0.000000 -0.579915 -0.499232 0.643790
-0.77757001 -0.90100300 -5.13535118 100 140 79 0.000000 0.595979 0.191510 -0.779829
-1.06697798 -0.50583899 -5.19487906 150 113 121 0.000000 -0.071567 0.316198 0.945990
-0.90549201 -0.61982900 -5.09798813 97 140 74 0.000000 0.673896 0.220462 -0.705167
-1.03657997 -0.54066902 -5.21197701 52 88 31 0.000000 0.421606 -0.906778 0.001297
-1.03531396 -0.72052002 -5.21704292 93 132 66 0.000000 -0.473964 -0.371138 0.798508
-0.92448997 -0.52230400 -5.09418821 104 146 83 0.000000 0.659702 0.142760 -0.737844
-1.10940695 -0.72368598 -5.25567293 94 137 70 0.000000 0.563106 0.255672 -0.785839
-1.12143898 -0.79651302 -5.27593803 98 140 66 0.000000 0.641801 0.120060 -0.757414
-0.76933801 -0.75598300 -5.03845882 116 145 108 0.000000 0.348898 0.910609 -0.221499
-0.80226803 -0.92063498 -5.16511488 85 123 60 0.000000 -0.445479 -0.429280 0.785663
-0.99478400 -0.65592599 -5.17144823 113 128 95 0.000000 -0.485012 -0.199711 0.851398
-0.84976399 -0.89593703 -5.17841291 87 128 61 0.000000 0.322405 0.425201 -0.845730
-1.10307395 -0.77371502 -5.26200581 90 132 65 0.000000 0.460533 0.118341 -0.879718
-0.96692002 -0.92316800 -5.26327276 96 136 82 0.000000 0.675737 0.348503 -0.649558
-1.03151405 -0.81804401 -5.23984098 88 130 59 0.000000 0.521016 0.229001 -0.822253
-0.92702299 -0.70405501 -5.14231682 92 127 65 0.000000 0.530607 -0.284985 -0.798273
-1.00934899 -0.85667402 -5.25250721 94 130 75 0.000000 -0.364720 -0.523576 0.769965
-0.92005700 -0.93456697 -5.24110794 87 130 66 0.000000 0.579595 0.579595 -0.572835
-1.14043796 -0.57043302 -5.26453876 105 114 92 0.000000 0.214358 0.149401 -0.965262
-0.88902700 -0.74268401 -5.13155079 87 126 63 0.000000 -0.565712 -0.366816 0.738523
-0.98021901 -0.82627702 -5.21957588 89 129 58 0.000000 0.261185 0.444473 -0.856870
-0.75033897 -0.83957601 -5.12585211 139 166 132 0.000000 0.190593 -0.110868 0.975388
-1.13853800 -0.73951799 -5.27910519 101 143 74 0.000000 0.623563 0.251004 -0.740382
-1.01821494 -0.79651302 -5.22590923 82 125 55 0.000000 0.500394 0.325653 -0.802219
-1.08977604 -0.55333501 -5.23984098 104 142 83 0.000000 0.523166 -0.499766 -0.690312
-0.95932102 -0.62172902 -5.14295006 102 143 80 0.000000 0.641409 0.136056 -0.755039
-0.97705197 -0.67872298 -5.16764784 126 136 105 0.000000 -0.356775 -0.199163 0.912713
-0.85229701 -1.00676095 -5.23287487 99 122 74 0.000000 -0.537392 -0.212813 0.816040
-0.88966000 -0.85350800 -5.17967987 103 122 80 0.000000 0.483095 -0.150329 0.862566
-0.83773100 -0.84020901 -5.14991617 98 134 78 0.000000 -0.445048 -0.588396 0.675072
-0.83456498 -0.74015099 -5.09038782 92 133 72 0.000000 0.444728 0.236686 -0.863827
-1.15057003 -0.76104897 -5.29430294 119 157 95 0.000000 0.696072 0.079925 -0.713510
-0.97895199 -0.88200498 -5.25440693 95 129 77 0.000000 -0.182280 -0.531774 0.827037
-1.03848004 -0.60462999 -5.19297886 91 133 71 0.000000 0.356474 0.104367 -0.928458
-0.77187097 -0.80917799 -5.10938597 122 159 112 0.000000 0.014935 -0.520018 0.854025
-1.03024805 -0.77181500 -5.23160887 88 127 62 0.000000 -0.339720 -0.213580 0.915955
-0.98655099 -0.48747399 -5.16384792 66 76 63 0.000000 0.793706 -0.387998 -0.468496
-0.93905598 -0.58436501 -5.11888599 100 139 75 0.000000 0.568972 0.144100 -0.809633
-1.03214705 -0.64199299 -5.19677877 109 130 81 0.000000 0.545150 -0.031743 -0.837737
-0.96122003 -0.87630600 -5.23540783 88 131 60 0.000000 0.260149 0.339517 -0.903908
-0.96565300 -0.52547097 -5.13091803 111 137 88 0.000000 0.642317 -0.205851 -0.738278
-1.06824398 -0.81234503 -5.25313997 89 131 53 0.000000 0.730157 0.349630 -0.587052
-1.17716801 -0.72875202 -5.31583500 91 94 86 0.000000 0.459388 0.846564 -0.268872
-0.92005700 -0.64832598 -5.11825180 98 139 71 0.000000 0.584339 0.190711 -0.788782
-1.08534300 -0.70342100 -5.24047518 91 131 65 0.000000 0.449569 -0.039152 -0.892387
-1.02328205 -0.74965000 -5.21704292 104 144 69 0.000000 0.562950 0.430100 -0.705763
-1.08914196 -0.67872298 -5.23414183 97 140 69 0.000000 0.624702 0.219658 -0.749331
-0.95615399 -0.77751499 -5.18474579 81 121 61 0.000000 0.429909 0.229185 -0.873300
-0.97008598 -0.79841298 -5.20247793 81 125 55 0.000000 0.385953 0.348753 -0.854056
-0.80860102 -0.55650097 -5.02072811 100 125 76 0.000000 0.309842 0.380053 -0.871526
-0.81113398 -0.68252301 -5.05175781 95 136 73 0.000000 0.529258 0.071979 -0.845402
-1.02011502 -0.52926999 -5.19614601 115 151 102 0.000000 0.880902 -0.451264 -0.142732
-1.08407605 -0.62489498 -5.22210979 85 127 63 0.000000 0.355943 0.024415 -0.934189
-1.00428295 -0.91240197 -5.29873610 102 125 89 0.000000 -0.538726 -0.555614 0.633299
-0.84723097 -0.78068101 -5.12268496 87 127 63 0.000000 -0.310111 -0.151640 0.938529
-0.87572801 -0.66922402 -5.09355402 89 130 69 0.000000 0.473868 0.270120 -0.838144
-0.88142800 -0.93900001 -5.21324396 88 130 75 0.000000 0.586046 0.141665 -0.797798
-1.19046700 -0.66099203 -5.27403784 94 131 70 0.000000 0.482311 0.246514 -0.840599
-0.79720199 -0.64009398 -5.04542494 77 115 58 0.000000 0.087495 0.949391 -0.301663
-0.80796701 -0.60146397 -5.03339291 87 129 66 0.000000 0.349630 0.587052 -0.730157
-1.06761098 -0.75155002 -5.24110794 86 130 55 0.000000 0.371774 0.150112 -0.916106
-1.13347197 -0.62299502 -5.24997377 95 135 68 0.000000 0.452142 -0.181151 -0.873356
-1.06887698 -0.88580501 -5.27720499 62 80 50 0.000000 0.079951 0.205413 0.975404
-0.84216398 -0.51977098 -5.03022718 112 130 103 0.000000 0.547227 0.261854 -0.794969
-1.02708101 -0.89530402 -5.28543711 100 135 86 0.000000 -0.301430 -0.697963 0.649606
-0.91055799 -0.69265503 -5.12585211 80 119 59 0.000000 -0.920908 -0.079551 0.381577
-0.90549201 -0.54636902 -5.08152199 101 140 81 0.000000 0.574126 0.197499 -0.794590
-0.88586098 -0.82880998 -5.16384792 84 125 64 0.000000 0.579627 0.482183 -0.656911
-0.96565300 -0.66035801 -5.15498304 91 102 62 0.000000 -0.476715 -0.198756 0.856294
-1.08090997 -0.59323102 -5.21957588 100 138 75 0.000000 0.641129 0.149345 -0.752761
-0.93842202 -0.54130203 -5.10811996 107 142 88 0.000000 0.695809 0.230889 -0.680103
-0.91119200 -0.72431898 -5.14104986 84 122 56 0.000000 -0.514258 -0.204793 0.832825
-0.75857198 -0.66352499 -5.02516079 63 71 50 0.000000 0.523712 -0.540552 -0.658429
-0.91499102 -0.49634001 -5.08025599 106 147 88 0.000000 0.660031 0.126643 -0.740487
-1.05874503 -0.54636902 -5.21894312 82 122 65 0.000000 0.173601 -0.801582 -0.572127
-0.94475502 -0.67872298 -5.14548302 91 129 64 0.000000 -0.379561 0.102769 -0.919441
-0.90169197 -0.64642602 -5.10305405 99 142 71 0.000000 0.637335 0.142463 -0.757304
-1.06951106 -0.86110699 -5.26327276 53 93 25 0.000000 -0.157460 0.135143 -0.978235
-0.76300502 -0.61412901 -5.02959299 100 118 92 0.000000 0.310078 -0.596057 0.740653
-0.92448997 -0.84210902 -5.19677877 89 132 67 0.000000 0.615769 0.300650 -0.728312
-0.98908502 -0.74268401 -5.19551182 85 123 61 0.000000 -0.674325 -0.674325 0.300952
-0.81113398 -0.77624798 -5.09925413 95 132 72 0.000000 -0.517440 -0.605085 0.605085
-0.85229701 -0.75598300 -5.11318588 91 134 67 0.000000 0.492366 0.339398 -0.801489
-1.04607999 -0.68125701 -5.21071100 97 136 66 0.000000 0.482732 0.094848 -0.870617
-0.95805401 -0.49950600 -5.12458515 110 150 90 0.000000 0.752971 -0.023837 -0.657622
-0.92512399 -0.81044501 -5.18158007 86 121 63 0.000000 0.396492 0.387014 -0.832475
-0.99225098 -0.71798700 -5.18981314 89 127 63 0.000000 -0.332572 0.245436 0.910581
-1.19996595 -0.70722097 -5.27403784 53 75 29 0.000000 -0.254700 0.015692 -0.966893
-0.85926300 -0.91430199 -5.18981314 86 124 58 0.000000 0.492925 0.086156 -0.865796
-0.78643602 -0.95103198 -5.16131496 109 142 91 0.000000 0.498938 0.286224 -0.818008
-0.87192798 -0.62362802 -5.07898903 91 131 68 0.000000 0.484905 0.134615 -0.864145
-0.81366700 -0.72621900 -5.06695700 98 138 78 0.000000 0.527439 0.567882 -0.631916
-1.10180795 -0.64262700 -5.23287487 83 127 63 0.000000 0.482854 0.128281 -0.866254
-1.05241203 -0.63376099 -5.20501089 102 143 65 0.000000 0.477297 0.222739 -0.850044
-0.85989600 -0.81614399 -5.14484978 83 127 57 0.000000 0.301769 0.371525 -0.878012
-0.88902700 -0.77181500 -5.14358282 94 123 70 0.000000 0.571011 0.078711 -0.817161
-0.91119200 -0.89277101 -5.21134377 85 128 71 0.000000 0.269516 0.395993 -0.877810
-1.05621195 -0.77244800 -5.24237394 93 136 54 0.000000 0.363862 0.197032 -0.910375
-1.12713897 -0.81741101 -5.28353691 87 128 56 0.000000 0.268878 0.237908 -0.933330
-0.92259097 -0.77118200 -5.16258192 83 126 62 0.000000 0.444728 0.236686 -0.863827
-0.97388601 -0.70658797 -5.17271423 81 105 61 0.000000 -0.556163 -0.269416 0.786191
-0.87826103 -0.72178602 -5.11571884 92 135 65 0.000000 0.474670 0.381345 -0.793262
-0.93588901 -0.91746902 -5.24047518 74 118 64 0.000000 0.510363 0.126500 -0.850604
-0.96818602 -0.75028402 -5.18411303 89 130 64 0.000000 0.362158 0.236063 -0.901730
-1.09990799 -0.57359999 -5.23794222 101 141 80 0.000000 0.530098 -0.325106 -0.783136
-0.99605101 -0.57993197 -5.15941477 107 148 86 0.000000 0.563975 0.466911 -0.681121
-0.99731702 -0.51153803 -5.16701508 108 150 93 0.000000 0.741823 -0.370096 -0.559220
-1.13283801 -0.69582200 -5.26200581 85 129 62 0.000000 0.350034 0.214630 -0.911817
-1.05557895 -0.83134300 -5.25250721 81 123 45 0.000000 0.315584 0.173780 -0.932849
-0.97451901 -0.48937401 -5.14484978 131 166 112 0.000000 0.792156 -0.088339 -0.603892
-0.81873298 -0.99409503 -5.20057821 95 137 70 0.000000 0.268591 0.166013 -0.948841
-0.87382799 -0.54573500 -5.05872393 101 142 80 0.000000 0.660095 0.206571 -0.722221
-0.99098402 -0.62679499 -5.16954803 90 131 69 0.000000 0.475920 0.342217 -0.810178
-0.79276901 -0.81487799 -5.11445284 101 139 83 0.000000 -0.277335 -0.404637 0.871409
-0.95488799 -0.82057703 -5.20501089 84 127 64 0.000000 0.668063 0.477187 -0.570951
-1.02834797 -0.86110699 -5.26327276 104 140 84 0.000000 -0.269366 -0.427637 0.862884
-0.83393198 -1.01689303 -5.22590923 94 110 75 0.000000 -0.579898 -0.342741 0.739085
-0.82886600 -0.67429101 -5.06189108 88 130 68 0.000000 0.725760 0.055828 -0.685679
-1.09420800 -0.84717500 -5.26643896 76 117 50 0.000000 0.531371 0.159262 -0.832034
-0.83709800 -0.54763502 -5.03339291 106 148 89 0.000000 0.568606 0.277175 -0.774507
-0.93652302 -0.78954703 -5.18031406 89 128 64 0.000000 -0.062461 0.062461 -0.996091
-0.85799599 -0.95863199 -5.20944405 94 136 68 0.000000 0.276063 0.387695 -0.879478
-0.86432898 -0.51660502 -5.05175781 105 147 83 0.000000 0.476022 -0.127994 -0.870070
-0.86432898 -0.98459601 -5.22400999 88 127 83 0.000000 0.705670 0.286429 -0.648065
-0.78643602 -0.85350800 -5.12838507 94 133 76 0.000000 -0.338406 -0.317350 0.885873
-0.89979303 -0.92316800 -5.22021008 89 129 73 0.000000 0.656157 0.435769 -0.616087
-0.94475502 -0.61286300 -5.12838507 102 139 78 0.000000 0.482412 -0.586626 -0.650499
-0.78073698 -0.70912099 -5.02389383 113 151 101 0.000000 0.818447 0.198918 -0.539051
-0.81936598 -0.70405501 -5.06125689 91 135 80 0.000000 0.497697 0.276152 -0.822215
-1.15057003 -0.64326000 -5.25567293 87 125 61 0.000000 0.380296 -0.094052 -0.920070
-0.88649398 -0.69012201 -5.10685301 86 120 62 0.000000 -0.922898 -0.315240 0.221096
-0.95488799 -0.71608698 -5.16701508 106 133 82 0.000000 0.433785 0.022552 0.900734
-1.04861295 -0.51470500 -5.20057821 184 103 119 0.000000 0.864797 0.388621 0.317963
-0.86749500 -0.85604101 -5.17081499 92 125 61 0.000000 0.514387 0.148863 -0.844539
-0.79276901 -0.90480298 -5.14928293 89 131 70 0.000000 0.357250 0.228931 -0.905518
-0.82823199 -0.90290302 -5.16891384 87 129 59 0.000000 0.458842 0.347704 -0.817659
-0.99478400 -0.53876901 -5.15434885 94 133 82 0.000000 0.969369 0.001186 -0.245605
-0.96692002 -0.84970802 -5.22400999 80 122 53 0.000000 0.339132 0.339132 -0.877485
-1.12080598 -0.74078500 -5.26833916 105 147 78 0.000000 0.489862 0.244163 -0.836911
-1.09674203 -0.82374400 -5.26770496 88 129 64 0.000000 0.516071 0.001340 -0.856545
-0.83076501 -0.64199299 -5.05935812 82 121 59 0.000000 -0.644580 -0.308558 0.699506
-1.06191099 -0.56790000 -5.20754385 95 138 78 0.000000 0.579901 -0.245403 -0.776848
-0.82379901 -0.85794097 -5.14991617 99 136 79 0.000000 -0.403908 -0.388069 0.828408
-0.86306298 -0.79651302 -5.13788414 86 128 63 0.000000 0.134439 0.206140 -0.969243
-0.99984998 -0.67619002 -5.18537998 82 120 60 0.000000 -0.544471 -0.806681 -0.229819
-0.97325301 -0.59766400 -5.14865017 105 137 82 0.000000 0.554195 0.166709 -0.815522
-1.05367899 -0.71735299 -5.22654200 87 127 62 0.000000 0.102183 0.435329 -0.894454
-1.06571102 -0.67112398 -5.21957588 85 127 58 0.000000 0.547936 0.213342 -0.808858
-0.81556702 -0.97382998 -5.18854618 92 133 64 0.000000 0.459335 0.442989 -0.769917
-0.94982100 -0.73888499 -5.16764784 145 145 119 0.000000 -0.377918 -0.054367 0.924241
-0.74970597 -0.80031300 -5.09988689 151 181 143 0.000000 -0.070568 -0.776245 0.626469
-0.99731702 -0.90353698 -5.27467203 88 132 65 0.000000 0.489052 0.616777 -0.616777
-0.76047200 -0.90163702 -5.12458515 80 77 71 0.000000 0.555428 -0.102964 -0.825166
-0.99225098 -0.78068101 -5.20817804 99 124 69 0.000000 0.419711 0.119316 -0.899781
-1.01568198 -0.71038699 -5.20121098 89 132 64 0.000000 0.521016 0.229001 -0.822253
-0.85926300 -0.59259802 -5.05999088 85 128 64 0.000000 0.276992 0.565064 -0.777160
-0.97958499 -0.57549900 -5.14738321 89 131 71 0.000000 0.515556 0.221827 -0.827644
-1.11953902 -0.67175698 -5.24870682 88 133 63 0.000000 0.299891 0.308755 -0.902627
-0.95425397 -0.54003602 -5.12205219 110 141 90 0.000000 0.578325 0.252332 -0.775802
-1.14233696 -0.79144698 -5.28797102 92 134 67 0.000000 0.365441 -0.008913 -0.930792
-0.76870400 -0.79144698 -5.09292078 102 140 85 0.000000 -0.327096 -0.508993 0.796200
-0.90232599 -0.78131402 -5.15561581 94 136 73 0.000000 0.475973 0.324168 -0.817536
-0.85546303 -0.71418703 -5.09482098 85 125 64 0.000000 -0.442341 0.822849 0.356726
-0.97895199 -0.53496999 -5.14168406 103 139 89 0.000000 0.695890 -0.006945 -0.718114
-1.01948202 -0.54573500 -5.17651415 90 115 71 0.000000 -0.728773 -0.047064 -0.683136
-0.77820301 -0.60019702 -5.01946115 74 89 62 0.000000 0.128281 0.866254 -0.482854
-1.11573994 -0.61539602 -5.24047518 98 140 73 0.000000 0.221544 0.015401 -0.975029
-0.98085201 -0.90986902 -5.26643896 99 139 82 0.000000 0.458810 0.419900 -0.783057
-0.82506597 -0.59323102 -5.04099321 98 140 73 0.000000 0.355592 0.056422 -0.932937
-0.84153098 -0.59766400 -5.05112505 86 127 66 0.000000 0.859748 0.267240 -0.435219
-0.83899802 -0.62236202 -5.05935812 82 121 64 0.000000 0.433373 0.117166 -0.893566
-1.04481304 -0.55206800 -5.19867802 91 119 70 0.000000 0.413389 -0.435908 -0.799433
-1.18223405 -0.70088798 -5.28100395 112 147 100 0.000000 -0.197032 -0.363862 0.910375
-0.82823199 -0.88327199 -5.16258192 91 128 70 0.000000 -0.460790 -0.325541 0.825648
-0.81809998 -0.75788301 -5.08975506 95 138 71 0.000000 0.583337 0.379580 -0.718079
-1.00744998 -0.75534999 -5.20691109 91 131 69 0.000000 0.706165 0.104672 -0.700268
-1.18413401 -0.68062299 -5.27213907 90 128 64 0.000000 -0.365367 -0.134755 -0.921058
-0.93968898 -0.47417501 -5.11065292 78 92 68 0.000000 0.664837 -0.055761 -0.744904
-0.99984998 -0.84844202 -5.23794222 90 121 58 0.000000 0.552663 0.433168 -0.711989
-0.84849697 -0.55776799 -5.04479218 99 142 77 0.000000 0.515568 0.291682 -0.805674
-1.11700594 -0.70468801 -5.25630713 99 142 71 0.000000 0.429687 0.262671 -0.863929
-1.16893494 -0.61729598 -5.27720499 94 131 66 0.000000 0.434253 -0.402205 -0.806012
-0.92195702 -0.95419902 -5.25440693 93 132 78 0.000000 0.497141 0.601625 -0.625218
-0.94982100 -0.85984099 -5.22147703 79 121 56 0.000000 0.347704 0.458842 -0.817659
-0.88839400 -0.62742800 -5.09038782 81 122 60 0.000000 -0.172883 -0.101768 -0.979671
-0.86179602 -0.65275902 -5.07962179 85 122 60 0.000000 -0.418889 -0.261616 0.869534
-0.92132401 -0.74521703 -5.15371609 93 130 72 0.000000 -0.607267 -0.085510 0.789882
-0.87762803 -0.89403701 -5.19234610 103 130 86 0.000000 -0.563613 -0.355709 0.745528
-1.09990799 -0.62172902 -5.23160887 98 134 70 0.000000 0.253588 0.048244 -0.966109
-0.80860102 -0.84654200 -5.13724995 90 128 74 0.000000 -0.477412 -0.422013 0.770703
-0.88839400 -0.97826302 -5.24807405 102 130 72 0.000000 -0.594357 -0.427871 0.680930
-0.88079399 -0.57739902 -5.07139015 96 137 73 0.000000 0.547779 0.127766 -0.826809
-1.06191099 -0.59386402 -5.20627785 110 140 84 0.000000 0.562616 -0.054993 -0.824888
-0.89156002 -0.49443999 -5.04605913 82 103 60 0.000000 -0.451981 0.678806 0.578736
-1.05431199 -0.53243703 -5.23034191 83 123 58 0.000000 0.430100 -0.705763 -0.562950
-1.09294200 -0.72748601 -5.24807405 91 133 69 0.000000 0.421332 -0.072267 -0.904023
-0.85863000 -0.87250602 -5.17271423 83 126 51 0.000000 0.537325 0.189199 -0.821880
-0.97451901 -0.61539602 -5.15371609 92 131 72 0.000000 -0.736423 -0.159432 0.657467
-1.15246999 -0.68379003 -5.26580620 89 128 61 0.000000 0.323600 0.196421 -0.925582
-1.04544604 -0.70342100 -5.21767712 102 144 66 0.000000 0.547790 0.308232 -0.777766
-0.96185398 -0.94343299 -5.27467203 89 106 67 0.000000 -0.541019 -0.118120 0.832674
-0.87636101 -0.60146397 -5.07455587 96 134 72 0.000000 0.332285 0.175256 -0.926753
-1.16070199 -0.71228701 -5.28163815 92 127 75 0.000000 -0.331684 -0.577616 0.745885
-1.00301695 -0.59259802 -5.17081499 101 120 74 0.000000 0.554195 0.166709 -0.815522
-1.05494499 -0.85097498 -5.25884008 83 125 38 0.000000 0.276875 0.394888 -0.876016
-1.08660901 -0.53750300 -5.24807405 110 140 92 0.000000 0.437330 -0.315936 -0.841978
-0.92829001 -0.60146397 -5.11318588 105 134 81 0.000000 0.592041 0.023571 -0.805563
-0.91625798 -0.57486600 -5.09862089 109 149 91 0.000000 0.631739 0.244188 -0.735716
-0.99858397 -0.56220102 -5.15751600 99 141 80 0.000000 0.681659 0.006942 -0.731638
-0.77566999 -0.88263798 -5.13155079 90 132 68 0.000000 0.554739 0.031818 -0.831416
-0.95108801 -0.91620201 -5.24997377 88 131 71 0.000000 0.403449 0.302203 -0.863656
-1.00998294 -0.81297803 -5.22717619 79 119 51 0.000000 0.326696 0.168214 -0.930040
-0.79213601 -0.87883902 -5.13915110 89 133 64 0.000000 0.409961 0.143274 -0.900780
-0.80100101 -0.82880998 -5.12331915 87 123 69 0.000000 -0.142062 -0.142062 0.979611
-1.01758206 -0.63756001 -5.18728018 96 135 68 0.000000 0.964715 -0.141526 -0.222027
-0.79403502 -0.67365700 -5.04289198 90 132 68 0.000000 0.480822 -0.173096 -0.859562
-0.76870400 -0.92000198 -5.13724995 117 143 105 0.000000 0.690324 0.261847 -0.674455
-0.87002897 -0.73761803 -5.11698580 90 129 60 0.000000 -0.722390 -0.626285 0.293121
-0.79910201 -0.74141800 -5.06125689 103 144 97 0.000000 0.743021 0.453061 -0.492601
-1.19236600 -0.64199299 -5.27973795 98 128 73 0.000000 0.228388 -0.576407 -0.784598
-0.83139902 -0.82057703 -5.13281822 83 122 65 0.000000 -0.691244 -0.588469 0.419388
-1.02328205 -0.59703100 -5.18158007 117 134 105 0.000000 -0.705614 -0.064934 0.705614
-0.79023600 -0.77624798 -5.08785486 92 129 73 0.000000 -0.420239 -0.666070 0.616239
-1.02898097 -0.87883902 -5.26453876 68 109 41 0.000000 0.434129 0.001304 -0.900850
-0.84469801 -0.66035801 -5.07265711 90 128 69 0.000000 0.545865 0.261202 -0.796119
-0.90232599 -0.60209697 -5.09102201 106 129 81 0.000000 0.412244 0.001292 -0.911072
-0.94158900 -0.62996101 -5.13091803 100 140 75 0.000000 0.577415 0.055059 -0.814592
-0.93652302 -0.85287398 -5.21007681 90 133 64 0.000000 0.476098 0.348714 -0.807297
-1.12967205 -0.72115302 -5.26833916 89 129 73 0.000000 0.474560 0.212422 -0.854207
-0.89029300 -0.81234503 -5.16004801 83 125 61 0.000000 0.287964 0.406807 -0.866940
-1.10054100 -0.70848697 -5.24744081 102 144 71 0.000000 0.404124 0.181059 -0.896605
-0.76110500 -0.82691002 -5.12078524 133 168 127 0.000000 0.062295 -0.364491 0.929121
-0.78770298 -0.72241902 -5.03719282 118 156 95 0.000000 0.684953 0.248355 -0.684953
-0.87446201 -0.77814800 -5.13661718 97 123 74 0.000000 0.436835 0.395231 -0.808064
-1.10117400 -0.54700202 -5.25123978 111 138 94 0.000000 0.300562 -0.095812 -0.948937
-1.03151405 -0.65909201 -5.19931221 94 133 63 0.000000 0.539637 0.278472 -0.794509
-1.06697798 -0.63566101 -5.21387720 103 144 70 0.000000 0.449569 -0.039152 -0.892387
-0.90675902 -0.51090503 -5.07645607 105 145 83 0.000000 0.452516 0.056052 -0.889993
-0.82443303 -0.78954703 -5.11445284 86 124 61 0.000000 -0.396864 -0.371766 0.839219
-0.76490498 -0.69075602 -5.01249504 52 58 47 0.000000 0.680133 -0.395503 -0.617249
-1.02644801 -0.62046200 -5.19107914 102 110 73 0.000000 0.618912 0.110258 -0.777683
-0.94222200 -0.50330597 -5.10938597 106 148 86 0.000000 0.459047 -0.237856 -0.855979
-1.09167504 -0.76484901 -5.25313997 81 123 57 0.000000 0.294678 0.404609 -0.865711
-0.89979303 -0.79841298 -5.16131496 90 131 62 0.000000 0.374167 0.159551 -0.913533
-1.14740396 -0.61096299 -5.26390600 96 134 73 0.000000 0.498888 -0.354515 -0.790841
-1.05747795 -0.73508501 -5.23224211 84 128 60 0.000000 0.286741 0.316151 -0.904338
-1.10940695 -0.65592599 -5.23984098 92 134 69 0.000000 0.419669 0.245183 -0.873935
-0.99225098 -0.87187302 -5.25250721 91 124 76 0.000000 -0.317041 -0.484237 0.815475
-1.10940695 -0.81487799 -5.27403784 85 129 64 0.000000 0.347639 0.353764 -0.868331
-0.90169197 -0.58119899 -5.08722210 101 142 81 0.000000 0.523099 0.165424 -0.836064
-0.91309100 -0.53180301 -5.08658791 106 146 86 0.000000 0.680732 0.064763 -0.729664
-1.01631498 -0.68505597 -5.19614601 94 133 67 0.000000 0.729596 0.254805 -0.634637
-0.87636101 -0.52547097 -5.05872393 94 134 70 0.000000 0.325172 -0.295476 -0.898308
-0.88206100 -0.95356500 -5.22084284 81 123 72 0.000000 0.600957 0.434487 -0.670874
-0.96185398 -0.68252301 -5.15751600 98 137 77 0.000000 0.468315 0.498102 -0.729777
-0.84786397 -0.69392198 -5.08088923 101 139 75 0.000000 0.641801 0.120060 -0.757414
-1.16640198 -0.73888499 -5.30886793 125 162 110 0.000000 0.650015 0.592907 -0.475334
-1.07964301 -0.79398000 -5.25313997 81 121 56 0.000000 0.141713 0.260910 -0.954905
-0.84406400 -0.88263798 -5.17081499 87 127 63 0.000000 0.022745 0.228646 -0.973244
-1.04671299 -0.81487799 -5.24490786 82 124 55 0.000000 0.443369 0.070006 -0.893601
-0.93842202 -0.66479099 -5.13978386 98 130 72 0.000000 0.499367 0.315473 -0.806913
-0.83329898 -0.72495300 -5.08468914 95 136 74 0.000000 0.461153 0.340714 -0.819299
-0.83519799 -0.69518900 -5.07075596 93 127 77 0.000000 0.492152 0.230077 -0.839554
-0.79403502 -0.98902899 -5.18158007 138 153 132 0.000000 0.674019 0.111102 -0.730311
-0.84153098 -0.75028402 -5.10241985 86 128 66 0.000000 0.591296 0.198123 -0.781739
-0.87636101 -0.50773901 -5.05809116 85 127 61 0.000000 0.357162 0.212562 -0.909534
-0.90422601 -0.90670300 -5.21577692 92 132 78 0.000000 0.426959 0.372994 -0.823761
-0.79656899 -0.76104897 -5.07898903 89 125 69 0.000000 -0.517152 -0.628332 0.581165
-1.07141101 -0.70658797 -5.23287487 88 122 62 0.000000 0.103071 0.386174 -0.916649
-0.80733401 -0.94786602 -5.17714691 90 130 67 0.000000 0.087106 -0.538341 0.838213
-0.88966000 -0.86807299 -5.18664598 87 111 68 0.000000 -0.687433 -0.183008 -0.702812
-1.15246999 -0.66099203 -5.25884008 82 124 50 0.000000 0.311062 0.087937 -0.946312
-0.84849697 -0.98649597 -5.22210979 101 138 71 0.000000 -0.459148 -0.449345 0.766337
-0.77503699 -0.71988600 -5.01249504 55 64 47 0.000000 0.882248 -0.253141 -0.396937
-0.89409298 -0.89783698 -5.20374489 83 123 69 0.000000 0.355087 0.251950 -0.900241
-0.80986702 -0.58689803 -5.02706099 94 135 75 0.000000 0.673896 0.220462 -0.705167
-1.10877395 -0.74965000 -5.26264000 98 140 73 0.000000 0.521798 0.165013 -0.836958
-0.97451901 -0.93330097 -5.28290415 73 84 58 0.000000 -0.679463 0.101698 0.726627
-0.87382799 -0.82247698 -5.15561581 82 124 60 0.000000 0.427573 0.166681 -0.888481
-0.91245800 -0.80917799 -5.17208099 111 126 87 0.000000 -0.260313 -0.205220 0.943463
-1.04924595 -0.59259802 -5.19677877 97 138 76 0.000000 0.514258 0.204793 -0.832825
-1.00934899 -0.51913798 -5.17841291 107 146 94 0.000000 0.773444 -0.467323 -0.428244
-0.88332701 -0.75915003 -5.13598394 85 124 63 0.000000 -0.190198 -0.492717 0.849150
-1.11637294 -0.59449798 -5.24490786 103 143 77 0.000000 0.569430 -0.015093 -0.821901
-0.92575699 -0.47860801 -5.08785486 112 148 98 0.000000 0.857279 0.335188 -0.390796
-1.17463505 -0.71862000 -5.29240322 77 115 55 0.000000 0.379797 0.695473 -0.609977
-0.97198600 -0.51027203 -5.13915110 101 142 83 0.000000 0.726264 -0.006943 -0.687381
-0.95995402 -0.64452702 -5.14738321 103 144 81 0.000000 0.570627 0.190209 -0.798878
-1.02454805 -0.73128498 -5.21324396 91 130 64 0.000000 0.500316 -0.039751 -0.864930
-1.11637294 -0.77308202 -5.27023888 98 139 73 0.000000 0.592739 0.141839 -0.792807
-1.01061594 -0.90290302 -5.28290415 80 124 57 0.000000 0.299586 0.751368 -0.587958
-1.11257398 -0.63059402 -5.23857498 85 119 57 0.000000 0.459377 0.022768 -0.887950
-1.12270606 -0.57676601 -5.25377417 103 142 76 0.000000 0.578300 0.032050 -0.815194
-0.85672998 -0.85224098 -5.16004801 82 125 61 0.000000 0.406409 0.438536 -0.801573
-0.92448997 -0.82817698 -5.18981314 96 135 71 0.000000 0.567756 0.371414 -0.734646
-0.93399000 -0.68948901 -5.14231682 93 135 62 0.000000 0.640264 0.268498 -0.719702
-0.94538802 -0.59766400 -5.12521791 108 137 85 0.000000 0.586228 0.339395 -0.735627
-0.77630401 -0.86743999 -5.12838507 73 116 54 0.000000 0.486998 0.325194 -0.810606
-0.81176698 -0.64135998 -5.05049181 85 125 61 0.000000 0.199435 -0.672512 -0.712708
-0.84596401 -0.58309901 -5.04859209 95 137 70 0.000000 0.537325 0.189199 -0.821880
-1.17463505 -0.64579302 -5.26960611 98 135 75 0.000000 0.459070 0.056185 -0.886622
-0.78517002 -0.69645500 -5.03149414 106 144 85 0.000000 0.705821 -0.244748 -0.664767
-0.79846799 -0.72431898 -5.05049181 105 145 89 0.000000 0.687086 0.300902 -0.661340
-0.96375400 -0.78701401 -5.19424486 91 133 64 0.000000 0.363251 0.436218 -0.823263
-1.15120304 -0.74585098 -5.29176998 120 161 94 0.000000 0.630283 0.198793 -0.750483
-0.86179602 -0.63756001 -5.07708883 87 127 65 0.000000 0.317219 0.530824 -0.785874
-1.00491703 -0.62362802 -5.17524719 172 166 152 0.000000 -0.397201 0.158026 0.904024
-0.93208998 -0.64959300 -5.12775087 102 143 74 0.000000 0.690535 0.183015 -0.699762
-0.96565300 -0.76548201 -5.18537998 85 128 63 0.000000 0.554227 0.112009 -0.824795
-0.88332701 -0.96496397 -5.23730898 96 134 70 0.000000 -0.467257 -0.380550 0.798030
-0.83076501 -0.80474597 -5.12585211 93 124 70 0.000000 -0.474623 -0.396869 0.785639
-0.79846799 -0.79651302 -5.10748720 96 132 82 0.000000 -0.325194 -0.486998 0.810606
-0.92575699 -0.49950600 -5.09228802 106 147 89 0.000000 0.724177 0.166180 -0.669292
-1.10434103 -0.79144698 -5.26643896 89 132 63 0.000000 0.603693 0.293039 -0.741406
-1.00301695 -0.70658797 -5.19361210 87 129 64 0.000000 0.616874 0.379994 -0.689254
-0.78960198 -0.93646699 -5.15814877 93 134 73 0.000000 0.412287 0.355852 -0.838683
-1.15880299 -0.77181500 -5.30190182 128 158 101 0.000000 0.831745 0.015073 -0.554953
-1.15057003 -0.73065197 -5.28543711 108 146 88 0.000000 0.476858 0.252995 -0.841784
-1.08470905 -0.66542500 -5.22844315 99 143 68 0.000000 0.547265 0.275998 -0.790143
-0.87066197 -0.95039898 -5.21007681 84 125 64 0.000000 0.467132 0.316140 -0.825738
-0.85356301 -0.62616199 -5.06822300 82 120 59 0.000000 0.536915 -0.253673 0.804594
-0.90232599 -0.56093401 -5.08405495 106 148 81 0.000000 0.426958 0.038814 -0.903438
-0.94285500 -0.83450902 -5.20311117 83 124 64 0.000000 0.458952 0.127248 -0.879301
-1.07520998 -0.73761803 -5.24174118 101 127 73 0.000000 0.507107 0.110615 -0.854755
-1.04101300 -0.73381901 -5.22400999 91 131 65 0.000000 -0.299089 0.577386 0.759718
-1.00744998 -0.50647199 -5.19234610 130 164 116 0.000000 0.867818 -0.374983 -0.326006
-1.15563595 -0.79271299 -5.29493713 96 108 73 0.000000 0.508788 -0.174570 -0.843007
-0.91562402 -0.47354200 -5.06252384 65 75 53 0.000000 -0.379719 -0.907027 0.181978
-0.85926300 -0.68695599 -5.08785486 93 133 67 0.000000 0.552966 0.261602 -0.791071
-0.91055799 -0.84590799 -5.18981314 84 121 64 0.000000 0.561108 0.425383 -0.710075
-1.19426596 -0.69265503 -5.27720499 128 163 118 0.000000 0.087017 -0.238350 0.967273
-1.13663805 -0.64389300 -5.24997377 87 129 57 0.000000 0.484224 0.062436 -0.872713
-0.82190001 -1.01309299 -5.21767712 106 137 78 0.000000 -0.451445 -0.346900 0.822106
-0.77757001 -0.74395102 -5.03022718 115 152 105 0.000000 0.586575 0.610241 -0.532481
-0.96375400 -0.82944298 -5.21324396 80 124 54 0.000000 0.364375 0.370577 -0.854344
-0.96375400 -0.90986902 -5.25504017 95 138 68 0.000000 0.357498 0.268494 -0.894486
-0.93525600 -0.74205101 -5.16131496 92 127 71 0.000000 0.645937 0.330290 0.688240
-0.81493402 -1.00802696 -5.20437813 90 128 66 0.000000 0.372816 0.308905 -0.874977
-0.97768599 -0.66415799 -5.16448212 111 120 84 0.000000 -0.625761 -0.752459 -0.205497
-1.12903905 -0.78131402 -5.28100395 84 126 64 0.000000 0.466127 0.198067 -0.862261
-0.87636101 -0.70405501 -5.10558701 90 130 63 0.000000 0.462574 0.094202 -0.881562
-1.06824398 -0.65655899 -5.21767712 92 136 63 0.000000 0.379601 0.062601 -0.923030
-0.76997101 -0.63059402 -5.03845882 79 118 42 0.000000 0.001242 0.326641 -0.945148
-0.91182500 -0.63756001 -5.10938597 99 141 72 0.000000 0.516071 0.001340 -0.856545
-1.10244095 -0.56093401 -5.24617386 104 144 78 0.000000 0.405534 -0.358561 -0.840818
-1.09104204 -0.60209697 -5.22590923 99 138 71 0.000000 0.512973 -0.095736 -0.853050
-0.82823199 -0.65655899 -5.06062412 86 125 62 0.000000 0.988261 0.023827 0.150906
-1.05621195 -0.52293700 -5.18981314 113 77 86 0.000000 -0.102671 0.086520 0.990946
-0.90042597 -0.73318499 -5.13598394 83 121 58 0.000000 -0.537325 -0.189199 0.821880
-0.91499102 -0.66225803 -5.11888599 96 138 72 0.000000 0.569351 0.001359 -0.822094
-0.93335599 -0.77688098 -5.17334700 119 116 88 0.000000 0.675703 0.237835 -0.697754
-1.14360404 -0.77308202 -5.28923702 102 140 81 0.000000 0.418483 0.001296 -0.908224
-0.90105897 -0.88263798 -5.19994497 89 131 68 0.000000 0.371322 0.483843 -0.792474
-0.83329898 -0.77561498 -5.11191893 86 123 65 0.000000 -0.506047 -0.411061 0.758252
-0.94032198 -0.71798700 -5.15751600 93 129 66 0.000000 -0.625610 -0.094789 0.774356
-0.83963102 -0.91240197 -5.17904711 85 127 58 0.000000 0.561999 0.206730 -0.800887
-0.97705197 -0.78131402 -5.19931221 87 130 59 0.000000 0.490652 0.261578 -0.831167
-0.99225098 -0.81804401 -5.22147703 84 120 55 0.000000 0.523538 0.270364 -0.807967
-0.99225098 -0.83577597 -5.22844315 83 120 54 0.000000 0.371766 0.396864 -0.839219
-0.94285500 -0.93519998 -5.25504017 85 129 65 0.000000 0.366895 0.414135 -0.832994
-1.08090997 -0.55586803 -5.22844315 97 137 76 0.000000 0.508908 -0.502234 -0.699123
-0.92195702 -0.54003602 -5.09482098 107 145 86 0.000000 0.641016 0.046904 -0.766093
-0.96185398 -0.55333501 -5.13091803 104 144 78 0.000000 0.721269 0.213421 -0.658956
-0.84596401 -0.95799798 -5.20121098 93 128 77 0.000000 0.499223 0.414110 -0.761111
-0.91879100 -0.61096299 -5.10748720 92 132 75 0.000000 0.510692 0.340995 -0.789251
-0.81620002 -0.90986902 -5.16448212 84 127 67 0.000000 0.396869 0.474623 -0.785639
-1.10180795 -0.67302400 -5.23857498 99 142 68 0.000000 0.449475 0.237601 -0.861115
-1.02011502 -0.76358300 -5.21957588 90 130 63 0.000000 -0.576407 -0.784598 0.228388
-1.00364995 -0.79207999 -5.21641016 83 126 54 0.000000 0.355021 0.379826 -0.854221
-1.06064498 -0.87187302 -5.26707220 62 100 20 0.000000 -0.126178 0.324263 -0.937514
-0.91625798 -0.92380100 -5.23224211 85 129 67 0.000000 0.664495 0.434670 -0.607872
-1.05747795 -0.80347902 -5.24744081 88 131 55 0.000000 0.467841 0.270205 -0.841495
-1.08090997 -0.85224098 -5.26390600 64 103 32 0.000000 0.167318 0.222652 -0.960433
-0.97325301 -0.89846998 -5.26200581 94 131 71 0.000000 -0.525142 -0.324024 0.786915
-0.99035102 -0.75788301 -5.19931221 83 120 58 0.000000 0.301769 0.371525 -0.878012
-1.09674203 -0.69455498 -5.24300814 99 142 68 0.000000 0.459341 -0.006619 -0.888235
-0.97261900 -0.86680698 -5.23730898 81 125 50 0.000000 0.300835 0.364328 -0.881342
-1.03848004 -0.56283402 -5.19171190 106 118 82 0.000000 0.388722 -0.126787 -0.912590
-0.93208998 -0.57359999 -5.11255312 112 153 90 0.000000 0.700268 0.104672 -0.706165
-0.88079399 -0.84020901 -5.17081499 94 131 77 0.000000 -0.252796 -0.307689 0.917290
-1.08977604 -0.63882703 -5.22590923 95 137 66 0.000000 0.348519 0.064443 -0.935084
-0.80036801 -0.89277101 -5.14865017 90 132 68 0.000000 0.456130 0.379308 -0.805029
-0.98338503 -0.73255199 -5.18728018 96 133 64 0.000000 0.213237 0.364099 -0.906621
-0.88839400 -0.70785397 -5.11508608 89 128 64 0.000000 -0.839054 -0.365420 0.403060
-1.00364995 -0.54446900 -5.16384792 99 132 86 0.000000 0.730182 0.001380 -0.683251
-0.93525600 -0.90480298 -5.23414183 88 128 66 0.000000 0.672939 0.340543 -0.656645
-1.10434103 -0.58753198 -5.23667479 102 143 78 0.000000 0.672500 -0.126746 -0.729163
-1.06951106 -0.76484901 -5.24554110 86 128 53 0.000000 0.394792 0.212806 -0.893786
-1.15246999 -0.70152098 -5.27213907 84 120 64 0.000000 0.458337 0.435501 -0.774768
-0.89662600 -0.83767599 -5.17461395 91 124 71 0.000000 0.635717 0.618944 -0.461272
-0.79910201 -0.94279999 -5.16638088 84 125 67 0.000000 0.403956 0.419923 -0.812702
-0.98781800 -0.89530402 -5.26833916 87 123 72 0.000000 -0.427989 -0.490302 0.759230
-0.87002897 -0.58309901 -5.06442404 88 127 67 0.000000 0.595275 0.239048 -0.767140
-0.99415100 -0.49823999 -5.17018080 123 160 104 0.000000 0.809072 -0.332212 -0.484807
-0.98275203 -0.79398000 -5.20754385 80 121 52 0.000000 0.458264 0.220868 -0.860936
-1.14613700 -0.62996101 -5.25567293 97 136 71 0.000000 0.489521 -0.183012 -0.852570
-1.10180795 -0.73825097 -5.25504017 90 134 66 0.000000 0.547809 0.182603 -0.816432
-0.86876202 -0.56283402 -5.05935812 100 141 76 0.000000 0.618690 0.055469 -0.783674
-0.85546303 -0.66922402 -5.08215618 90 129 62 0.000000 0.809848 -0.160173 -0.564349
-0.74717301 -0.82691002 -5.12015200 130 154 127 0.000000 -0.071363 -0.499538 0.863348
-0.96565300 -0.49190700 -5.13345098 116 155 96 0.000000 0.769200 -0.126464 -0.626370
-0.92955703 -0.86490703 -5.20944405 86 127 63 0.000000 0.686096 0.001380 -0.727510
-1.12967205 -0.65592599 -5.24934101 78 117 51 0.000000 0.332817 0.181154 -0.925428
-0.82759899 -0.87060601 -5.15688181 98 134 77 0.000000 -0.259157 -0.259157 0.930417
-1.12207305 -0.68505597 -5.25187302 97 141 69 0.000000 0.357267 0.158318 -0.920487
-0.85863000 -0.76674902 -5.12078524 84 126 60 0.000000 0.515533 0.324004 -0.793251
-0.92829001 -0.89467102 -5.22337580 79 117 60 0.000000 0.560284 0.189798 -0.806262
-1.13727105 -0.75661600 -5.28353691 112 153 89 0.000000 0.670256 0.182518 -0.719336
-0.98211902 -0.50077301 -5.15308189 112 154 95 0.000000 0.743982 -0.236508 -0.624944
-1.04164600 -0.77878100 -5.23540783 95 138 63 0.000000 0.427682 0.238601 -0.871870
-0.82126600 -0.74331802 -5.08215618 93 135 79 0.000000 0.648552 0.457506 -0.608332
-0.84153098 -0.82817698 -5.14421701 93 130 73 0.000000 -0.404190 -0.442838 0.800328
-0.88522702 -0.88263798 -5.19044590 86 119 69 0.000000 -0.537327 -0.402584 0.741084
-1.14487100 -0.58373201 -5.26897192 99 139 83 0.000000 0.355709 0.563613 -0.745528
-1.00555003 -0.65909201 -5.18284702 84 123 63 0.000000 0.310792 0.198288 -0.929564
-1.02138197 -0.88707101 -5.27593803 104 140 88 0.000000 -0.196638 -0.553331 0.809418
-0.85863000 -0.54953498 -5.04922485 95 137 77 0.000000 0.435747 0.151001 -0.887313
-0.89535999 -0.69582200 -5.11571884 84 124 62 0.000000 0.896441 -0.214970 0.387532
-0.78073698 -0.66099203 -5.03845882 81 124 54 0.000000 0.413904 -0.086631 -0.906189
-0.81493402 -0.92443502 -5.16891384 80 121 62 0.000000 0.633977 0.175680 -0.753134
-1.03278100 -0.53307003 -5.19994497 64 78 52 0.000000 0.658254 0.711924 0.244675
-0.88459402 -0.54193598 -5.06632423 109 144 82 0.000000 0.610682 0.023648 -0.791522
-0.84153098 -1.00296104 -5.22527599 102 136 74 0.000000 -0.426678 -0.276805 0.861002
-0.88079399 -0.73381901 -5.12458515 90 127 63 0.000000 -0.587385 -0.411997 0.696589
-0.81176698 -0.56980002 -5.02136087 116 152 96 0.000000 0.557043 -0.287250 -0.779225
-0.91182500 -0.73698503 -5.14611721 82 120 58 0.000000 -0.506771 -0.228124 0.831350
-1.05494499 -0.75534999 -5.23794222 87 127 63 0.000000 -0.468061 -0.188710 0.863312
-1.13347197 -0.80537897 -5.28353691 93 135 65 0.000000 0.334741 -0.094688 -0.937541
-0.96818602 -0.57929897 -5.14104986 95 134 74 0.000000 0.628278 0.268808 -0.730075
-0.81239998 -0.81994402 -5.12458515 96 129 80 0.000000 -0.313890 -0.419035 0.851987
-0.84343100 -0.85034102 -5.15814877 98 135 78 0.000000 -0.488782 -0.213369 0.845911
-0.94855499 -0.57296598 -5.12395191 110 151 87 0.000000 0.577899 0.063896 -0.813603
-1.11890602 -0.75534999 -5.26960611 103 143 71 0.000000 0.529511 0.126908 -0.838757
-1.05051196 -0.56410003 -5.20121098 82 120 65 0.000000 0.718114 -0.006945 -0.695890
-1.17653406 -0.63312799 -5.27403784 93 127 67 0.000000 0.461814 -0.279560 -0.841768
-0.82253301 -0.73128498 -5.07582283 92 131 78 0.000000 0.514954 0.363212 -0.776466
-1.16006899 -0.75851601 -5.30633497 143 174 122 0.000000 0.880902 0.142732 -0.451264
-0.93462300 -0.81931102 -5.18917894 84 124 61 0.000000 0.552377 0.458923 -0.695895
-0.86432898 -0.74965000 -5.11888599 89 130 65 0.000000 0.815522 -0.166709 -0.554195
-0.89219302 -0.72558600 -5.12585211 86 126 60 0.000000 -0.586461 -0.032039 0.809344
-0.85356301 -0.79081303 -5.13028479 91 121 70 0.000000 -0.552935 -0.395423 0.733419
-0.95678699 -0.79841298 -5.19551182 89 129 61 0.000000 0.382246 0.326981 -0.864275
-1.12777197 -0.70848697 -5.26327276 96 138 71 0.000000 0.601441 0.151485 -0.784424
-1.00364995 -0.87250602 -5.25947285 93 128 74 0.000000 -0.404562 -0.515940 0.755073
-0.77693701 -0.94786602 -5.15244913 145 157 137 0.000000 0.721242 0.166206 -0.672448
-0.96311998 -0.86173999 -5.22844315 82 125 51 0.000000 0.292558 0.489683 -0.821353
-0.93272299 -0.75915003 -5.16701508 110 126 95 0.000000 0.869032 -0.071141 -0.489615
-1.19933200 -0.67049098 -5.27720499 94 129 75 0.000000 -0.507146 0.158206 0.847215
-1.02454805 -0.82944298 -5.23984098 79 121 51 0.000000 0.452587 0.339046 -0.824750
-1.13537097 -0.60969597 -5.25440693 99 137 70 0.000000 0.589059 -0.309778 -0.746356
-0.82379901 -0.62362802 -5.04669189 77 110 58 0.000000 -0.690783 -0.213628 0.690783
-0.78073698 -0.82057703 -5.11508608 115 151 106 0.000000 0.080499 -0.269608 0.959600
-0.77947003 -0.91810203 -5.14484978 87 132 73 0.000000 0.556567 0.223552 -0.800161
-1.03151405 -0.75978303 -5.22527599 96 136 66 0.000000 -0.507264 0.151444 0.848380
-0.80290103 -0.90986902 -5.15624905 88 130 73 0.000000 0.553309 0.301370 -0.776547
-1.19869900 -0.63312799 -5.28733683 105 111 98 0.000000 0.429687 -0.262671 -0.863929
-0.97451901 -0.54700202 -5.13724995 98 126 74 0.000000 0.798410 0.015221 -0.601921
-1.08787596 -0.71608698 -5.24364090 89 132 62 0.000000 0.830102 0.268426 -0.488752
-0.99225098 -0.85920697 -5.24490786 91 124 72 0.000000 -0.333612 -0.469587 0.817429
-0.93842202 -0.55396801 -5.11191893 104 147 84 0.000000 0.842290 0.381148 -0.381148
-0.86052901 -0.89910400 -5.18537998 79 120 51 0.000000 0.499367 0.315473 -0.806913
-0.88396102 -0.65972501 -5.09735394 92 133 68 0.000000 0.539139 0.286171 -0.792108
-1.05621195 -0.58246499 -5.20311117 113 128 83 0.000000 0.578214 -0.046426 -0.814564
-1.10307395 -0.85604101 -5.27023888 94 120 70 0.000000 0.688240 -0.330290 -0.645937
-1.00364995 -0.69392198 -5.18981314 96 138 67 0.000000 0.374233 0.197953 -0.905961
-0.95678699 -0.75155002 -5.17778015 88 126 63 0.000000 -0.690228 -0.723559 0.006944
-0.78896898 -0.89403701 -5.14231682 95 135 72 0.000000 0.443815 0.167340 -0.880355
-1.07901001 -0.86680698 -5.27023888 94 128 84 0.000000 0.388636 0.173524 0.904904
-0.87446201 -0.75028402 -5.12711811 88 125 64 0.000000 -0.492366 -0.339398 0.801489
-0.96058702 -0.72748601 -5.17144823 112 124 93 0.000000 -0.452142 -0.181151 0.873356
-0.79403502 -0.92000198 -5.15498304 91 132 77 0.000000 0.516964 0.444292 -0.731678
-0.91372502 -0.71228701 -5.13661718 88 127 62 0.000000 -0.784369 -0.427099 0.449835
-1.12777197 -0.56346703 -5.25820589 98 124 77 0.000000 0.143948 0.110078 -0.983444
-0.83773100 -0.53496999 -5.03022718 105 144 91 0.000000 0.599507 0.181530 -0.779512
-1.01758206 -0.87250602 -5.26517200 94 130 78 0.000000 -0.381500 -0.514619 0.767870
-1.09547496 -0.65402597 -5.23224211 97 138 66 0.000000 0.951408 0.254337 -0.173595
-1.02771401 -0.80727899 -5.23350906 91 134 61 0.000000 0.460256 0.198104 -0.865401
-1.01694906 -0.53243703 -5.17841291 107 143 97 0.000000 0.899455 -0.285988 -0.330442
-0.83456498 -0.58436501 -5.04162598 93 135 72 0.000000 0.488035 0.250945 -0.835971
-1.03911304 -0.66795802 -5.20501089 96 135 72 0.000000 0.458658 0.133715 -0.878495
-1.10687399 -0.82754302 -5.27530479 100 141 72 0.000000 0.595736 0.228651 -0.769946
-1.04671299 -0.61286300 -5.19867802 98 140 72 0.000000 0.486099 0.160075 -0.859118
-0.84723097 -0.72811902 -5.09608698 81 120 57 0.000000 -0.491558 -0.729889 0.475007
-0.85799599 -0.83007699 -5.15181589 77 94 59 0.000000 -0.366084 -0.468396 0.804107
-0.98718500 -0.61412901 -5.16321516 91 132 70 0.000000 0.214727 -0.024913 -0.976356
-0.76237202 -0.80094600 -5.10241985 74 115 48 0.000000 -0.023750 0.641240 -0.766973
-0.79720199 -0.85477400 -5.13535118 94 133 71 0.000000 -0.404957 -0.427365 0.808313
-0.84343100 -0.61032999 -5.05809116 91 131 69 0.000000 0.429324 0.468502 -0.772131
-0.95488799 -0.63376099 -5.14168406 88 130 76 0.000000 0.609379 0.001369 -0.792878
-0.82063299 -0.77941400 -5.10748720 88 126 69 0.000000 -0.555297 -0.388216 0.735482
-0.98971802 -0.52736998 -5.15118313 98 140 84 0.000000 0.690187 -0.347541 -0.634711
-0.79340202 -0.65212601 -5.04289198 86 125 61 0.000000 -0.782966 0.481451 0.393915
-0.94665498 -0.79334700 -5.18728018 88 128 66 0.000000 0.434809 0.064063 -0.898241
-1.03721404 -0.83324301 -5.24807405 78 120 47 0.000000 0.135968 -0.165906 -0.976723
-0.80416799 -0.97509700 -5.18284702 94 135 71 0.000000 0.691522 0.237858 -0.682071
-0.95615399 -0.92886800 -5.25947285 83 125 73 0.000000 0.467328 0.340595 -0.815843
-1.12397301 -0.62932801 -5.24427414 86 122 60 0.000000 0.547766 -0.118318 -0.828223
-1.03721404 -0.79081303 -5.23540783 95 137 62 0.000000 0.588258 0.221955 -0.777618
-0.88016099 -0.67935699 -5.09988689 87 125 65 0.000000 0.633120 0.237224 -0.736807
-1.10497403 -0.84210902 -5.27657080 111 151 91 0.000000 0.599254 -0.274989 -0.751849
-1.08787596 -0.57043302 -5.22844315 103 143 82 0.000000 0.662857 -0.142792 -0.735004
-0.93208998 -0.51343799 -5.09925413 94 133 72 0.000000 0.881641 -0.411829 -0.230446
-0.93715602 -0.70532101 -5.14991617 84 125 62 0.000000 0.332118 -0.135307 -0.933483
-0.89789301 -0.53750300 -5.07645607 92 130 76 0.000000 0.441631 0.180467 -0.878860
-1.06127799 -0.70342100 -5.22590923 117 136 86 0.000000 0.554102 0.159809 -0.816965
-0.75603902 -0.89087099 -5.11951923 153 156 154 0.000000 0.592041 0.023571 -0.805563
-0.97705197 -0.81614399 -5.21261120 82 123 52 0.000000 0.419833 0.521911 -0.742529
-1.12650597 -0.82944298 -5.28733683 112 150 88 0.000000 0.570613 0.434198 -0.697046
-0.77630401 -0.69518900 -5.02262688 113 150 93 0.000000 0.656391 -0.293691 -0.694908
-0.99098402 -0.68252301 -5.17904711 90 125 66 0.000000 -0.867597 -0.496736 -0.023010
-1.06951106 -0.84844202 -5.26010609 57 97 31 0.000000 0.299990 0.332824 -0.893999
-0.95298803 -0.58246499 -5.13091803 93 132 76 0.000000 0.585930 0.181106 -0.789865
-0.80100101 -0.57993197 -5.01186180 110 142 95 0.000000 0.515963 0.736855 -0.436838
-0.97831899 -0.74395102 -5.18854618 97 120 68 0.000000 0.689650 0.165942 -0.704874
-0.82823199 -0.68695599 -5.06442404 84 125 71 0.000000 0.595680 0.135179 -0.791765
-1.17590106 -0.66669101 -5.26833916 96 137 75 0.000000 0.150596 0.079448 -0.985398
-1.07204401 -0.61919498 -5.21450996 98 137 73 0.000000 0.047847 -0.474372 -0.879023
-0.92955703 -0.94786602 -5.26200581 96 130 74 0.000000 -0.459335 -0.442989 0.769917
-0.76363802 -0.76041597 -5.04859209 88 130 77 0.000000 0.434634 0.876686 -0.206192
-1.07331002 -0.57929897 -5.21514416 100 142 78 0.000000 0.585387 -0.079106 -0.806885
-0.80670100 -0.78764701 -5.10495281 97 133 78 0.000000 -0.490619 -0.490619 0.720129
-0.77440399 -0.85477400 -5.12585211 75 115 55 0.000000 0.079784 0.482906 -0.872030
-0.92702299 -0.63376099 -5.11888599 101 139 76 0.000000 0.626342 0.388365 -0.675920
-0.91499102 -0.54953498 -5.08912182 107 150 85 0.000000 0.531639 0.332475 -0.778987
-1.08344305 -0.75661600 -5.24934101 96 126 68 0.000000 0.396937 0.253141 -0.882248
-1.02391505 -0.86110699 -5.25187302 73 112 47 0.000000 -0.030800 0.443248 -0.895870
-1.07014406 -0.60209697 -5.21071100 101 129 75 0.000000 0.627307 -0.165560 -0.760970
-0.95615399 -0.60589701 -5.13598394 93 131 68 0.000000 0.214288 0.460046 -0.861649
-0.83013201 -1.00486100 -5.21324396 86 125 75 0.000000 0.625510 0.531093 -0.571557
-1.17083502 -0.70595402 -5.27973795 82 118 59 0.000000 0.142440 0.619239 -0.772175
-0.84279799 -0.96939701 -5.20374489 87 126 74 0.000000 0.156851 0.127210 -0.979395
-0.96945298 -0.93456697 -5.27150488 116 146 105 0.000000 0.467767 0.451354 -0.759916
-0.90802503 -0.59196502 -5.09418821 108 145 89 0.000000 0.602149 0.239295 -0.761679
-1.06824398 -0.79967898 -5.25123978 81 124 54 0.000000 0.267509 0.125189 -0.955388
-0.82569897 -0.96053100 -5.18854618 97 140 66 0.000000 0.624495 0.340782 -0.702761
-0.92955703 -0.54636902 -5.10178709 110 146 92 0.000000 0.614302 0.285611 -0.735567
-0.77820301 -0.61729598 -5.03592587 79 121 43 0.000000 0.030609 0.427199 -0.903639
-1.14360404 -0.59956402 -5.26833916 114 155 89 0.000000 0.734181 -0.300420 -0.608872
-1.15943599 -0.74331802 -5.30000305 125 165 110 0.000000 0.762488 0.357771 -0.539084
-0.78263599 -0.73445201 -5.03529310 115 156 109 0.000000 0.940777 0.205838 -0.269386
-1.00681603 -0.56853300 -5.16321516 96 138 81 0.000000 0.592732 0.181324 -0.784723
-0.76553798 -0.67302400 -5.02579403 94 122 69 0.000000 0.514954 -0.363212 -0.776466
-1.05114603 -0.54763502 -5.21007681 82 115 63 0.000000 0.667300 -0.743806 0.038253
-1.13980401 -0.66289198 -5.25504017 86 127 59 0.000000 0.314567 0.253683 -0.914709
-0.91752398 -0.50710601 -5.08405495 105 145 82 0.000000 0.624702 0.219658 -0.749331
-0.95108801 -0.76864898 -5.17904711 85 126 58 0.000000 0.427419 0.182346 -0.885473
-0.80543399 -0.99219501 -5.19297886 98 139 69 0.000000 0.545817 0.315325 -0.776308
-1.14043796 -0.68505597 -5.26073885 85 118 62 0.000000 0.293682 0.317295 -0.901707
-1.03911304 -0.86173999 -5.25884008 74 115 39 0.000000 0.166924 0.569949 -0.804546
-0.98401803 -0.54446900 -5.14611721 108 127 81 0.000000 0.590967 -0.046544 -0.805352
-0.88902700 -0.56980002 -5.07582283 99 142 81 0.000000 0.417866 0.022409 -0.908232
-0.96945298 -0.64769298 -5.15561581 89 127 61 0.000000 -0.437493 0.355364 0.826024
-1.01378202 -0.55586803 -5.16954803 93 128 80 0.000000 0.601334 -0.191264 -0.775767
-1.07774305 -0.69708800 -5.23414183 94 134 67 0.000000 0.625257 0.135796 -0.768514
-1.05811203 -0.81614399 -5.24934101 83 126 51 0.000000 0.475973 0.324168 -0.817536
-0.76617098 -0.81804401 -5.11382008 126 161 119 0.000000 0.152301 -0.359094 0.920791
-0.86812901 -0.97636300 -5.23097610 85 121 61 0.000000 -0.531774 -0.182280 0.827037
-0.94602197 -0.78321397 -5.18094683 87 129 63 0.000000 0.508746 0.309051 -0.803533
-0.99984998 -0.74965000 -5.20057821 86 124 66 0.000000 0.411829 0.230446 -0.881641
-1.02328205 -0.55903399 -5.17778015 109 141 99 0.000000 0.853452 -0.126062 -0.505696
-0.89282697 -0.60589701 -5.08595514 95 116 67 0.000000 0.136349 -0.666763 0.732691
-0.89725900 -0.87377298 -5.19297886 87 127 65 0.000000 0.467405 0.322619 -0.823073
-0.97135299 -0.83577597 -5.21894312 81 125 49 0.000000 0.505965 0.373412 -0.777537
-0.85483003 -0.88580501 -5.17714691 89 132 55 0.000000 0.285540 0.220836 -0.932576
-0.98275203 -0.62869501 -5.16194820 93 132 69 0.000000 0.600361 -0.032187 -0.799081
-1.11383998 -0.73445201 -5.26200581 90 133 70 0.000000 0.539458 0.078285 -0.838366
-0.79023600 -0.59703100 -5.01882792 95 130 81 0.000000 0.498730 0.673370 -0.545749
-1.05747795 -0.86110699 -5.26327276 71 112 30 0.000000 0.064443 0.348519 -0.935084
-0.81999999 -0.98206300 -5.19487906 80 122 59 0.000000 0.435297 0.199204 -0.877972
-0.96122003 -0.80664498 -5.20184517 82 123 55 0.000000 0.385953 0.348753 -0.854056
-0.90422601 -0.82564402 -5.17461395 101 126 76 0.000000 0.971823 -0.055148 -0.229169
-0.85546303 -0.99536198 -5.22210979 83 124 76 0.000000 0.467767 0.451354 -0.759916
-0.76997101 -0.89213800 -5.12965202 93 134 80 0.000000 0.521798 0.165013 -0.836958
-0.78580302 -0.79967898 -5.10432005 96 133 83 0.000000 -0.525553 -0.445974 0.724501
-1.03721404 -0.69835502 -5.21197701 93 137 67 0.000000 0.585743 0.174058 -0.791586
-0.93208998 -0.52547097 -5.10178709 112 154 90 0.000000 0.595680 0.135179 -0.791765
-0.80163503 -1.01056004 -5.19677877 144 143 104 0.000000 0.801178 0.301824 -0.516736
-0.81936598 -0.67302400 -5.05619097 92 134 70 0.000000 0.465626 -0.205115 -0.860884
-0.86876202 -0.72558600 -5.11128616 88 128 59 0.000000 -0.381918 -0.150794 0.911811
-0.90675902 -0.62932801 -5.10368681 99 141 74 0.000000 0.489862 0.244163 -0.836911
-0.81809998 -0.84020901 -5.13724995 92 129 75 0.000000 -0.430279 -0.485905 0.760760
-0.86116302 -1.00232804 -5.23794222 91 106 70 0.000000 -0.575531 -0.306202 0.758290
-0.80480099 -0.70975399 -5.05175781 105 146 92 0.000000 0.726200 0.032432 -0.686718
-0.90422601 -0.71862000 -5.13155079 87 128 62 0.000000 0.543804 -0.322432 -0.774800
-1.02201498 -0.72115302 -5.20944405 98 137 65 0.000000 0.824810 -0.252240 -0.506028
-0.89345998 -0.55270100 -5.07582283 97 139 76 0.000000 0.400872 0.046613 -0.914947
-0.83899802 -0.67302400 -5.07012320 98 137 73 0.000000 0.561864 0.238131 -0.792213
-0.88269401 -0.86300701 -5.17967987 92 120 76 0.000000 -0.260481 -0.246401 0.933508
-1.07014406 -0.56346703 -5.21514416 95 135 77 0.000000 0.435888 -0.308690 -0.845406
-0.94158900 -0.69518900 -5.14928293 90 133 67 0.000000 0.540095 0.261437 -0.799967
-0.99984998 -0.80664498 -5.22084284 67 100 35 0.000000 0.371327 0.247058 -0.895030
-0.88586098 -0.52103800 -5.06442404 100 140 82 0.000000 0.679207 -0.086179 -0.728870
-0.80226803 -0.63059402 -5.04289198 80 111 56 0.000000 0.126787 -0.912590 0.388722
-0.79466897 -0.95483202 -5.16764784 90 133 68 0.000000 0.469587 0.333612 -0.817429
-0.80860102 -0.87377298 -5.14611721 80 122 58 0.000000 0.403882 0.323415 -0.855735
-0.83393198 -0.97573000 -5.20184517 103 137 85 0.000000 0.349950 0.340781 -0.872584
-0.92512399 -0.78321397 -5.16954803 96 120 72 0.000000 0.529919 0.379911 -0.758191
-1.12143898 -0.78384697 -5.27340508 91 133 67 0.000000 0.690812 -0.038300 -0.722019
-1.04038000 -0.87757200 -5.27530479 102 138 92 0.000000 -0.181815 -0.462668 0.867687
-1.14360404 -0.72495300 -5.27910519 97 139 76 0.000000 0.428604 0.340685 -0.836799
-0.87889397 -0.56663400 -5.06695700 102 144 82 0.000000 0.650343 0.206433 -0.731054
-0.95108801 -0.81361097 -5.19741201 82 126 64 0.000000 0.387792 0.435667 -0.812288
-0.95298803 -0.90416998 -5.24364090 85 128 67 0.000000 0.506508 0.516538 -0.690389
-1.05874503 -0.64769298 -5.21071100 92 133 64 0.000000 0.315769 0.260473 -0.912383
-0.90042597 -0.76801503 -5.14991617 91 122 68 0.000000 0.490720 0.056675 -0.869472
-1.01441598 -0.69582200 -5.19677877 97 138 71 0.000000 0.585930 0.181106 -0.789865
-0.84659702 -0.52800399 -5.03592587 112 150 94 0.000000 0.595736 0.228651 -0.769946
-0.76047200 -0.80981201 -5.10938597 129 164 119 0.000000 -0.063316 -0.538890 0.839993
-0.86749500 -0.80474597 -5.14358282 87 130 60 0.000000 0.371826 0.308084 -0.875688
-0.86052901 -0.73951799 -5.11191893 89 127 63 0.000000 -0.387014 -0.396492 0.832475
-1.13157201 -0.79461300 -5.28353691 89 132 65 0.000000 0.333776 0.103216 -0.936985
-0.97895199 -0.52420402 -5.14358282 101 143 82 0.000000 0.625173 -0.188934 -0.757273
-1.07584298 -0.68758899 -5.22907591 93 137 66 0.000000 0.403882 0.323415 -0.855735
-0.88396102 -0.92253500 -5.20627785 92 135 72 0.000000 0.507266 0.276265 -0.816308
-0.91689098 -0.94470000 -5.24364090 83 127 70 0.000000 0.617243 0.322392 -0.717687
-0.96058702 -0.50963902 -5.12775087 105 146 85 0.000000 0.624758 -0.038078 -0.779890
-0.77123702 -0.90986902 -5.13408422 106 143 87 0.000000 0.553506 0.340495 -0.760062
-1.01378202 -0.74078500 -5.20944405 91 128 63 0.000000 -0.832034 -0.023379 0.554231
-0.93335599 -0.60969597 -5.11825180 108 146 91 0.000000 0.690535 0.183015 -0.699762
-1.04607999 -0.82691002 -5.24807405 80 123 48 0.000000 0.180737 0.236966 -0.954558
-0.90485901 -0.49254000 -5.07202291 111 153 91 0.000000 0.523575 0.316692 -0.790933
-0.92955703 -0.47354200 -5.09672117 137 169 120 0.000000 0.932202 -0.188677 -0.308870
-1.05431199 -0.87503898 -5.27530479 110 144 102 0.000000 -0.009098 -0.412022 0.911128
-0.94982100 -0.50077301 -5.11761904 109 151 91 0.000000 0.618690 -0.055469 -0.783674
-0.98528498 -0.84400898 -5.22970915 83 126 56 0.000000 0.339240 0.482580 -0.807486
-0.78580302 -0.92633498 -5.15181589 90 134 73 0.000000 0.450034 0.286104 -0.845940
-0.92005700 -0.73065197 -5.14928293 83 121 58 0.000000 -0.473412 -0.389394 0.790097
-0.81620002 -0.57739902 -5.02769423 107 151 89 0.000000 0.529882 0.483078 -0.697037
-0.80796701 -0.81234503 -5.11825180 92 129 76 0.000000 -0.316140 -0.467132 0.825738
-0.79973501 -0.77498102 -5.09292078 93 130 73 0.000000 -0.500340 -0.421598 0.756251
-1.12017298 -0.72241902 -5.26327276 103 142 77 0.000000 0.484484 0.236893 -0.842115
-0.84976399 -0.94786602 -5.20121098 101 132 79 0.000000 -0.529509 -0.339594 0.777365
-0.99668401 -0.51977098 -5.16004801 102 141 89 0.000000 0.732231 -0.247226 -0.634600
-0.89852601 -0.75851601 -5.14421701 91 126 69 0.000000 -0.110267 0.087053 0.990082
-0.91562402 -0.77941400 -5.16321516 89 131 65 0.000000 0.477044 0.467140 -0.744453
-0.78770298 -0.83134300 -5.12078524 98 136 84 0.000000 -0.016949 -0.405475 0.913949
-0.92069101 -0.89150399 -5.21641016 83 126 65 0.000000 0.644249 0.570236 -0.509680
-1.14740396 -0.69328898 -5.26643896 85 121 62 0.000000 0.275737 0.356222 -0.892791
-0.77313697 -0.60589701 -5.02706099 75 111 46 0.000000 0.038225 0.751763 -0.658324
-0.94095600 -0.53117001 -5.11065292 95 137 77 0.000000 0.609379 0.001369 -0.792878
-1.09990799 -0.76104897 -5.25884008 85 126 61 0.000000 0.459070 0.056185 -0.886622
-0.98338503 -0.71988600 -5.18411303 93 131 66 0.000000 -0.847295 -0.531080 -0.006757
-0.83203202 -0.85160798 -5.15244913 97 133 77 0.000000 -0.444993 -0.331779 0.831807
-1.00555003 -0.89403701 -5.27973795 89 127 75 0.000000 -0.118496 -0.817766 0.563220
-0.95172101 -0.87440598 -5.23097610 88 131 58 0.000000 0.349112 0.358340 -0.865860
-0.93019003 -0.67935699 -5.13471699 97 133 73 0.000000 0.512531 0.190884 -0.837183
-1.15753603 -0.78258097 -5.29873610 115 150 95 0.000000 0.794254 -0.110109 -0.597526
-1.00744998 -0.66922402 -5.18791294 87 123 62 0.000000 -0.555184 -0.619308 0.555184
-1.07457697 -0.66985798 -5.22527599 98 141 68 0.000000 0.388209 0.189053 -0.901972
-0.82253301 -0.91746902 -5.17144823 79 121 56 0.000000 0.285023 0.236810 -0.928807
-0.87509501 -0.65845901 -5.09165478 84 125 61 0.000000 0.798394 0.553450 -0.237193
-1.05621195 -0.51217198 -5.19361210 188 108 131 0.000000 0.555716 0.579363 0.596254
-0.92132401 -0.56536698 -5.10115385 111 152 88 0.000000 0.457677 0.070518 -0.886318
-0.85356301 -0.80537897 -5.13788414 77 120 56 0.000000 0.651591 0.359442 -0.668004
-0.94918799 -0.62362802 -5.13471699 95 136 75 0.000000 0.595098 0.214854 -0.774400
-0.89156002 -0.92506802 -5.21387720 95 137 77 0.000000 0.616239 0.420239 -0.666070
-0.85102999 -0.82184398 -5.14421701 86 127 62 0.000000 0.365795 0.706984 -0.605283
-0.93968898 -0.64199299 -5.13218498 100 140 77 0.000000 0.595698 0.253054 -0.762304
-0.94538802 -0.54700202 -5.11571884 104 141 85 0.000000 0.650174 0.142648 -0.746274
-0.87192798 -0.61096299 -5.07582283 93 122 70 0.000000 0.411829 0.230446 -0.881641
-0.87256199 -0.84654200 -5.16891384 91 129 74 0.000000 -0.398586 -0.382832 0.833408
-1.03911304 -0.76611602 -5.23224211 96 135 66 0.000000 -0.293961 -0.934824 0.199225
-1.11700594 -0.66225803 -5.24490786 96 137 66 0.000000 0.323767 0.085897 -0.942229
-0.75350600 -0.81614399 -5.11508608 152 181 145 0.000000 0.135192 -0.498612 0.856218
-1.15880299 -0.64642602 -5.26137304 97 130 72 0.000000 0.332572 0.245436 -0.910581
-0.87129498 -0.67872298 -5.09418821 80 123 61 0.000000 0.473868 0.270120 -0.838144
-1.15373600 -0.72115302 -5.28227091 105 143 85 0.000000 0.401021 0.369569 -0.838213
-1.04607999 -0.69075602 -5.21514416 101 143 66 0.000000 0.562055 0.341768 -0.753186
-0.91372502 -0.86110699 -5.19741201 96 130 72 0.000000 0.703437 0.101755 -0.703437
-0.90675902 -0.46847600 -5.06885719 111 129 100 0.000000 0.537587 -0.299717 -0.788144
-0.89156002 -0.75281698 -5.13724995 85 122 62 0.000000 -0.521688 -0.277294 0.806815
-1.03784704 -0.68758899 -5.20944405 94 136 70 0.000000 0.333520 0.268873 -0.903588
-1.00048399 -0.73128498 -5.19804478 91 130 64 0.000000 -0.364099 -0.213237 0.906621
-1.01568198 -0.52293700 -5.18917894 111 149 99 0.000000 0.824870 -0.483652 -0.292696
-0.81683302 -0.59259802 -5.03465986 86 125 64 0.000000 0.655907 -0.330395 -0.678693
-0.97578597 -0.50013900 -5.14484978 118 159 100 0.000000 0.741584 -0.149525 -0.653984
-0.87636101 -0.76801503 -5.13535118 86 122 66 0.000000 -0.467405 -0.322619 0.823073
-0.88459402 -0.60209697 -5.08088923 106 134 87 0.000000 0.547506 0.406108 -0.731652
-1.06064498 -0.83957601 -5.25630713 67 109 36 0.000000 0.277895 0.182069 -0.943200
-0.90295899 -0.69898802 -5.12268496 84 124 60 0.000000 0.261854 0.547227 0.794969
-1.06064498 -0.66289198 -5.21450996 87 128 61 0.000000 0.079920 -0.158648 -0.984095
-0.94285500 -0.90797001 -5.24047518 97 139 70 0.000000 0.626037 0.300949 -0.719380
-0.84849697 -0.84147501 -5.15624905 92 105 72 0.000000 -0.191778 -0.530033 0.826006
-0.83329898 -0.82944298 -5.13788414 88 129 63 0.000000 0.158843 0.639909 -0.751855
-0.79276901 -0.71418703 -5.04099321 112 152 101 0.000000 0.736439 0.070895 -0.672779
-0.88206100 -0.80854499 -5.15498304 93 135 70 0.000000 0.428263 0.063900 -0.901392
-1.18856704 -0.65085900 -5.27467203 92 129 71 0.000000 -0.713646 -0.699458 -0.038307
-0.85799599 -0.56156701 -5.05365801 103 144 78 0.000000 0.636202 0.182429 -0.749645
-0.84153098 -0.78891402 -5.12521791 81 119 60 0.000000 -0.475390 -0.309082 0.823695
-0.80226803 -0.58626503 -5.02009392 98 140 83 0.000000 0.491288 0.561711 -0.665670
-0.83899802 -0.64452702 -5.06505680 87 124 60 0.000000 -0.544394 -0.118220 0.830457
-0.78770298 -0.60969597 -5.02199411 100 138 86 0.000000 -0.492365 -0.706002 0.509056
-0.97641897 -0.75408298 -5.18917894 98 130 71 0.000000 0.420532 0.086864 -0.903110
-1.10497403 -0.80157900 -5.26833916 83 127 59 0.000000 0.394495 0.357073 -0.846683
-0.91499102 -0.52167100 -5.08595514 102 144 82 0.000000 0.646738 0.199115 -0.736263
-1.06761098 -0.77941400 -5.24617386 89 130 55 0.000000 0.410177 0.253919 -0.875945
-1.00934899 -0.84970802 -5.24174118 80 120 47 0.000000 0.593703 0.325161 -0.736062
-0.82126600 -0.82121098 -5.12965202 85 124 64 0.000000 0.077939 -0.522898 -0.848824
-0.98718500 -0.80981201 -5.21641016 79 119 51 0.000000 0.442151 0.317162 -0.838994
-0.94095600 -0.86110699 -5.21641016 85 128 63 0.000000 0.465862 0.465862 -0.752293
-0.84089798 -0.70088798 -5.07708883 92 126 78 0.000000 0.524360 0.331934 -0.784134
-1.03468001 -0.61412901 -5.19234610 85 122 65 0.000000 0.141421 0.379457 -0.914337
-0.84976399 -0.57359999 -5.04922485 88 128 70 0.000000 0.616897 0.085640 -0.782371
-1.16513598 -0.71925300 -5.28860378 74 115 59 0.000000 0.311477 0.698806 -0.643935
-0.92385697 -0.76104897 -5.16194820 89 120 72 0.000000 -0.230359 -0.799300 0.555026
-0.80923402 -0.99979502 -5.19867802 98 137 69 0.000000 0.475500 0.182201 -0.860641
-1.04101300 -0.53307003 -5.18981314 135 62 76 0.000000 0.382113 0.521950 0.762600
-0.79783499 -0.80537897 -5.11255312 102 137 89 0.000000 -0.229011 -0.300132 0.925999
-0.97198600 -0.56980002 -5.14104986 66 83 49 0.000000 0.467777 0.056243 -0.882055
-0.97831899 -0.60589701 -5.15371609 103 141 79 0.000000 0.821621 0.159552 -0.547250
-1.02518106 -0.63059402 -5.19171190 101 131 77 0.000000 0.188955 -0.015070 -0.981870
-1.08534300 -0.84274203 -5.26390600 80 122 47 0.000000 0.278304 0.038688 -0.959713
-1.04734600 -0.67112398 -5.21071100 119 136 86 0.000000 0.642247 0.085924 -0.761667
-0.80860102 -0.73508501 -5.06695700 98 137 88 0.000000 0.762198 0.437649 -0.476988
-1.11383998 -0.79018003 -5.27087212 88 132 68 0.000000 0.309796 0.269072 -0.911936
-0.92892301 -0.58309901 -5.11065292 104 143 81 0.000000 0.539684 0.127243 -0.832196
-0.81999999 -1.02765906 -5.22274303 58 62 51 0.000000 -0.372296 -0.458579 0.806908
-0.88775998 -0.67302400 -5.10305405 90 127 66 0.000000 0.507192 0.204391 -0.837246
-1.07964301 -0.71292001 -5.23857498 88 128 63 0.000000 -0.697128 0.086228 0.711743
-1.00808299 -0.67935699 -5.19044590 92 132 66 0.000000 0.587182 0.316917 -0.744836
-0.78136998 -0.90797001 -5.14168406 91 134 74 0.000000 0.729596 0.254805 -0.634637
-1.08660901 -0.68822300 -5.23667479 99 138 73 0.000000 0.197282 -0.046630 0.979237
-0.90105897 -0.84274203 -5.18221283 123 123 96 0.000000 0.221545 0.577877 -0.785478
-0.87699503 -0.58689803 -5.07075596 96 135 77 0.000000 0.499358 0.244301 -0.831239
-1.02391505 -0.66605800 -5.19614601 94 135 64 0.000000 0.521921 0.102084 -0.846863
-0.86179602 -0.62742800 -5.07392311 88 129 62 0.000000 0.362873 0.001264 -0.931838
-0.99478400 -0.88390499 -5.26264000 88 125 72 0.000000 -0.420610 -0.596834 0.683284
-1.15563595 -0.61476302 -5.26833916 85 118 61 0.000000 -0.958392 0.001215 0.285453
-1.16830206 -0.62869501 -5.27023888 56 58 39 0.000000 -0.577185 0.560259 0.594111
-1.16513598 -0.77371502 -5.30950212 81 87 71 0.000000 0.842645 -0.293296 -0.451583
-1.10814095 -0.57296598 -5.24364090 105 144 80 0.000000 0.641746 -0.261452 -0.720974
-0.92829001 -0.92886800 -5.24174118 81 122 65 0.000000 0.676993 0.420833 -0.603804
-0.77377099 -0.80221200 -5.10241985 100 138 86 0.000000 -0.165728 -0.869704 0.464918
-0.97515202 -0.62552798 -5.15624905 100 140 80 0.000000 0.285344 -0.070376 -0.955838
-0.74020702 -0.80221200 -5.10241985 59 66 63 0.000000 -0.221396 -0.832144 0.508448
-1.03088105 -0.86934000 -5.26833916 98 132 85 0.000000 -0.277479 -0.254711 0.926352
-0.81556702 -0.78891402 -5.10938597 91 128 74 0.000000 -0.285984 -0.420565 0.861010
-0.88712698 -0.78954703 -5.14865017 87 129 67 0.000000 0.507811 0.245416 -0.825772
-1.06634402 -0.73381901 -5.23667479 87 127 60 0.000000 0.539238 0.307000 -0.784202
-0.77250397 -0.74901700 -5.02326107 134 145 129 0.000000 0.927639 0.348726 -0.133701
-0.78706902 -0.80727899 -5.11065292 103 139 91 0.000000 -0.228259 -0.419220 0.878722
-1.08407605 -0.77118200 -5.25440693 86 123 56 0.000000 0.372047 0.001270 -0.928213
-0.78327000 -0.72685200 -5.02896023 119 159 107 0.000000 0.892858 -0.022688 -0.449766
-0.83836502 -0.76421601 -5.11002016 85 122 61 0.000000 -0.595633 -0.397638 0.697930
-0.87002897 -0.51027203 -5.04669189 86 122 67 0.000000 -0.245436 -0.332572 0.910581
-0.88269401 -0.90163702 -5.19614601 85 126 66 0.000000 0.513425 0.411724 -0.752913
-0.83963102 -0.71735299 -5.08468914 89 127 75 0.000000 0.715372 0.350353 -0.604563
-0.77250397 -0.82691002 -5.11888599 122 158 110 0.000000 -0.032244 -0.623857 0.780873
-0.98338503 -0.83450902 -5.22400999 85 127 53 0.000000 0.403535 0.468360 -0.786002
-0.94475502 -0.65529197 -5.14104986 93 133 72 0.000000 0.598468 0.285669 -0.748484
-0.95425397 -0.91050297 -5.25757313 92 128 64 0.000000 -0.730283 -0.038287 0.682071
-0.96818602 -0.72115302 -5.17334700 92 115 69 0.000000 -0.540095 -0.261437 0.799967
-0.94348902 -0.73255199 -5.16384792 93 128 73 0.000000 0.616608 0.777074 -0.126293
-0.79783499 -0.92760098 -5.16004801 93 134 80 0.000000 0.626716 0.275883 -0.728777
-1.09357500 -0.73761803 -5.24997377 92 135 66 0.000000 0.478147 0.317187 -0.819004
-0.80670100 -0.66162503 -5.04859209 92 134 63 0.000000 0.460525 0.088186 -0.883256
-1.14423704 -0.75028402 -5.28670406 102 145 80 0.000000 0.587654 0.109910 -0.801613
-1.07584298 -0.74711698 -5.24364090 85 116 58 0.000000 0.508885 0.135606 -0.850086
-0.80290103 -0.59829700 -5.02579403 80 114 63 0.000000 -0.585638 -0.514754 0.626144
-1.00998294 -0.61602902 -5.17841291 168 168 151 0.000000 -0.522664 -0.071849 0.849506
-1.16260195 -0.74775100 -5.30886793 131 164 115 0.000000 0.823073 0.322619 -0.467405
-0.95488799 -0.61602902 -5.13661718 101 141 77 0.000000 0.721454 0.149736 -0.676080
-1.18350101 -0.63946003 -5.27593803 101 139 73 0.000000 0.579901 -0.310030 -0.753390
-0.96248698 -0.84400898 -5.21767712 80 123 48 0.000000 0.435907 0.538668 -0.720987
-0.98528498 -0.65655899 -5.17271423 207 137 153 0.000000 0.672254 0.330430 -0.662488
-0.94095600 -0.57169998 -5.11825180 107 149 88 0.000000 0.553450 0.237193 -0.798394
-0.84469801 -1.01119399 -5.22907591 110 133 85 0.000000 -0.457653 -0.346803 0.818708
-0.81746697 -0.56473398 -5.02706099 96 138 77 0.000000 0.395532 0.174034 -0.901813
-1.05304599 -0.67682397 -5.21577692 106 126 77 0.000000 0.849441 -0.318346 -0.420838
-0.88586098 -0.58689803 -5.07582283 102 143 80 0.000000 0.473412 0.389394 -0.790097
-0.93208998 -0.63946003 -5.12458515 100 140 80 0.000000 0.435250 0.157615 -0.886406
-0.97958499 -0.70152098 -5.17841291 84 117 64 0.000000 -0.500509 0.713350 0.490532
-1.13157201 -0.68125701 -5.25567293 91 132 67 0.000000 0.379647 0.348655 -0.856917
-1.03088105 -0.74965000 -5.22274303 93 132 65 0.000000 0.078285 0.838366 -0.539458
-0.95678699 -0.85350800 -5.22084284 77 120 50 0.000000 0.524519 0.390530 -0.756549
-0.97198600 -0.88833803 -5.25504017 92 129 73 0.000000 -0.442989 -0.459335 0.769917
-0.86939502 -0.78954703 -5.13851690 79 121 60 0.000000 0.466589 0.221970 -0.856168
-0.91245800 -0.48810700 -5.07645607 109 150 92 0.000000 0.585698 0.134933 -0.799219
-0.94285500 -0.81741101 -5.19487906 86 127 66 0.000000 0.556981 0.421454 -0.715646
-1.14107096 -0.70025498 -5.26643896 90 133 60 0.000000 0.366895 0.414135 -0.832994
-0.90739202 -0.88580501 -5.20627785 89 133 72 0.000000 0.473828 0.664699 -0.577635
-1.08977604 -0.82880998 -5.26390600 88 130 64 0.000000 0.513995 -0.071819 -0.854781
-0.86116302 -0.70025498 -5.09228802 99 130 77 0.000000 0.485670 0.285780 -0.826108
-0.82506597 -0.97003102 -5.19297886 84 125 61 0.000000 0.388705 0.151242 -0.908864
-0.77440399 -0.71165401 -5.01692820 124 151 99 0.000000 0.738126 0.001380 -0.674661
-1.18413401 -0.72621900 -5.31013489 65 88 51 0.000000 0.055416 0.947226 -0.315742
-1.05431199 -0.60843003 -5.20184517 106 148 77 0.000000 0.482854 0.128281 -0.866254
-1.08470905 -0.74141800 -5.24870682 82 120 60 0.000000 -0.079648 0.199733 -0.976608
-0.89029300 -0.71798700 -5.12078524 92 134 67 0.000000 0.270063 0.157201 -0.949923
-0.89979303 -0.67872298 -5.11255312 99 118 69 0.000000 -0.365263 -0.024523 0.930581
-1.01948202 -0.81107801 -5.23160887 84 127 55 0.000000 0.382246 0.326981 -0.864275
-1.08217597 -0.54383600 -5.24300814 99 140 77 0.000000 0.484712 -0.555154 -0.675913
-1.15753603 -0.63376099 -5.26200581 78 75 64 0.000000 0.563762 -0.316413 -0.762926
-1.14613700 -0.66795802 -5.25947285 91 130 57 0.000000 0.291085 0.180721 -0.939473
-0.87192798 -0.98586297 -5.23857498 94 129 65 0.000000 -0.633875 -0.206126 0.745462
-1.05937803 -0.72305298 -5.23097610 90 128 61 0.000000 0.426793 0.294287 -0.855127
-0.94855499 -0.70405501 -5.15561581 91 131 71 0.000000 0.555357 0.381705 -0.738837
-0.99984998 -0.66605800 -5.18094683 89 127 61 0.000000 -0.490924 -0.671878 -0.554593
-0.90105897 -0.68885601 -5.11761904 93 135 71 0.000000 0.452946 0.213767 -0.865531
-0.91119200 -0.87757200 -5.20311117 92 135 69 0.000000 0.496968 0.520394 -0.694416
-0.93905598 -0.61982900 -5.12648487 105 144 81 0.000000 0.466589 0.221970 -0.856168
-0.88079399 -0.55396801 -5.06632423 102 143 74 0.000000 0.507811 0.245416 -0.825772
-0.86432898 -0.57739902 -5.05999088 89 130 69 0.000000 0.134302 0.119783 -0.983674
-0.91309100 -0.58499902 -5.09735394 99 139 79 0.000000 0.595888 0.032097 -0.802426
-0.81430000 -0.75218397 -5.08215618 89 133 71 0.000000 0.514867 0.531637 -0.672513
-0.98148501 -0.88960499 -5.25884008 94 128 77 0.000000 -0.286237 -0.386192 0.876883
-0.94348902 -0.48240799 -5.11191893 116 146 97 0.000000 0.585698 -0.134933 -0.799219
-1.03278100 -0.71292001 -5.21261120 89 127 65 0.000000 -0.766875 -0.015310 0.641614
-0.83899802 -0.74268401 -5.09798813 90 132 67 0.000000 0.496066 0.227427 -0.837971
-0.81303400 -0.60716301 -5.03845882 82 124 62 0.000000 0.300699 0.644815 -0.702704
-0.79403502 -0.78384697 -5.09672117 98 134 79 0.000000 -0.197983 -0.600087 0.775048
-0.90485901 -0.60969597 -5.09545422 103 142 81 0.000000 0.662857 0.142792 -0.735004
-0.81746697 -0.61729598 -5.04479218 80 121 61 0.000000 0.172924 0.711589 -0.680983
-0.92702299 -0.69392198 -5.13851690 93 132 64 0.000000 0.491558 0.475007 -0.729889
-1.16260195 -0.69772202 -5.27467203 84 119 61 0.000000 0.094222 0.578378 -0.810309
-0.81430000 -0.73508501 -5.07519007 96 134 81 0.000000 0.430279 0.485905 -0.760760
-0.78517002 -0.74395102 -5.04479218 106 146 94 0.000000 0.681656 0.588324 -0.434993
-0.91752398 -0.68822300 -5.12965202 83 123 58 0.000000 -0.133853 -0.831067 0.539826
-0.81936598 -0.65022600 -5.05492401 88 130 64 0.000000 0.500554 0.056850 -0.863837
-1.04481304 -0.89023799 -5.28607082 111 143 100 0.000000 -0.149345 -0.752761 0.641129
-0.76870400 -0.87123901 -5.12521791 81 122 60 0.000000 0.350223 0.244717 -0.904133
-0.89915901 -0.62616199 -5.09672117 96 138 72 0.000000 0.515791 0.277493 -0.810529
-0.89599299 -0.78764701 -5.15434885 87 129 69 0.000000 0.531778 0.413239 -0.739220
-0.84533101 -0.85794097 -5.16258192 98 134 79 0.000000 -0.525142 -0.324024 0.786915
-0.98528498 -0.91176897 -5.27403784 96 138 77 0.000000 0.435986 0.341549 -0.832623
-0.98401803 -0.74965000 -5.19297886 91 123 64 0.000000 0.292400 0.016039 -0.956161
-1.17526805 -0.68189001 -5.27150488 100 137 83 0.000000 -0.093784 -0.134147 0.986514
-1.06634402 -0.87883902 -5.27213907 129 153 115 0.000000 0.102272 -0.528643 0.842660
-1.12397301 -0.77561498 -5.27593803 98 139 76 0.000000 0.587752 0.190829 -0.786214
-0.89029300 -0.84400898 -5.17461395 88 125 70 0.000000 0.381171 0.135434 -0.914531
-0.79086900 -0.86110699 -5.13535118 96 134 78 0.000000 -0.354395 -0.489097 0.796987
-1.03974700 -0.75344998 -5.22907591 94 134 64 0.000000 -0.785956 -0.094781 0.610975
-1.08090997 -0.67492402 -5.22907591 91 134 68 0.000000 0.484905 0.134615 -0.864145
-1.06127799 -0.62996101 -5.21007681 94 137 68 0.000000 0.532871 0.143181 -0.833995
-0.78390300 -0.78448099 -5.09292078 99 136 81 0.000000 -0.380443 -0.699950 0.604427
-1.00238299 -0.52357101 -5.16574812 109 143 95 0.000000 0.672704 -0.308121 -0.672704
-0.94285500 -0.95039898 -5.26073885 71 97 47 0.000000 0.284670 0.435468 -0.854009
-0.92259097 -0.65592599 -5.12205219 88 131 73 0.000000 0.504816 0.347762 -0.790077
-0.95172101 -0.53243703 -5.11825180 100 139 84 0.000000 0.619435 0.152221 -0.770149
-0.97135299 -0.82564402 -5.21577692 84 128 55 0.000000 0.383614 0.295671 -0.874882
-1.09484196 -0.75471699 -5.25440693 77 115 54 0.000000 0.595485 0.125599 -0.793488
-1.03468001 -0.85350800 -5.25313997 77 120 43 0.000000 0.318903 0.349131 -0.881140
-0.83139902 -0.71988600 -5.07772303 102 139 91 0.000000 0.536849 0.364928 -0.760671
-0.87572801 -0.96939701 -5.23350906 85 122 60 0.000000 -0.507482 -0.197271 0.838776
-1.08977604 -0.64895898 -5.22780895 101 145 69 0.000000 0.507482 0.197271 -0.838776
-0.96248698 -0.75788301 -5.18221283 96 138 61 0.000000 0.519994 0.048533 -0.852790
-0.99668401 -0.82310998 -5.22717619 81 115 56 0.000000 0.608761 0.365913 -0.703931
-1.10624099 -0.71608698 -5.25250721 95 136 73 0.000000 0.467010 0.149851 -0.871462
-1.00934899 -0.82184398 -5.23160887 80 123 51 0.000000 0.229137 0.397663 -0.888460
-1.06507802 -0.83197600 -5.25630713 69 112 40 0.000000 0.340441 0.182228 -0.922439
-0.87572801 -0.85920697 -5.17587996 87 122 67 0.000000 0.182465 0.252748 0.950171
-0.80606800 -0.83387601 -5.12838507 88 126 73 0.000000 -0.602756 -0.609510 0.514960
-1.09167504 -0.81867802 -5.26264000 81 121 58 0.000000 0.389488 0.103221 -0.915229
-0.86116302 -0.70785397 -5.09672117 81 118 57 0.000000 -0.326721 -0.215436 0.920240
-1.11003995 -0.59639800 -5.23920822 100 139 72 0.000000 0.753089 -0.267941 -0.600886
-0.99795002 -0.68885601 -5.18537998 91 132 70 0.000000 0.453006 0.078964 -0.888003
-0.84786397 -0.81171101 -5.13598394 80 124 57 0.000000 0.678459 0.474083 -0.561194
-1.15183699 -0.71102101 -5.27720499 98 133 76 0.000000 -0.231867 -0.391367 0.890545
-0.81620002 -0.76991498 -5.09608698 83 126 61 0.000000 0.395045 0.649592 -0.649592
-0.99605101 -0.60019702 -5.16638088 102 136 77 0.000000 0.808912 -0.587928 0.001364
-1.15057003 -0.60589701 -5.27023888 104 143 78 0.000000 0.629717 -0.468509 -0.619641
-0.78580302 -0.60843003 -5.03085995 77 120 45 0.000000 -0.006596 0.449840 -0.893085
-0.82633299 -0.84844202 -5.14674997 97 134 80 0.000000 -0.467437 -0.421834 0.776891
-0.83519799 -0.75661600 -5.10115385 87 130 67 0.000000 0.456538 0.576943 -0.677281
-0.88966000 -0.80411202 -5.15751600 91 132 59 0.000000 0.341118 0.308058 -0.888110
-0.81936598 -0.86490703 -5.15244913 98 135 80 0.000000 -0.349950 -0.340781 0.872584
-0.84406400 -0.54510200 -5.03782606 104 147 90 0.000000 0.570924 0.221252 -0.790629
-0.83646500 -0.60462999 -5.05175781 86 127 67 0.000000 0.470867 0.477476 -0.741823
-1.06571102 -0.55143499 -5.21957588 99 140 79 0.000000 0.682039 -0.547977 -0.484298
-0.95552099 -0.67872298 -5.15308189 94 135 72 0.000000 0.513637 0.214904 -0.830658
-1.19679904 -0.70468801 -5.28163815 136 167 128 0.000000 0.283906 -0.506639 0.814073
-0.98275203 -0.77498102 -5.20057821 91 129 56 0.000000 0.307954 0.365600 -0.878351
-1.09357500 -0.61792898 -5.22717619 100 129 71 0.000000 0.704008 -0.595192 -0.387452
-1.04734600 -0.52040398 -5.19424486 178 94 111 0.000000 0.798273 0.530607 0.284985
-0.92512399 -0.53243703 -5.09735394 112 155 93 0.000000 0.507107 0.110615 -0.854755
-0.87572801 -0.95483202 -5.22654200 87 123 65 0.000000 -0.691103 -0.451299 0.564540
-1.09737504 -0.55333501 -5.24680805 102 141 76 0.000000 0.505042 -0.465301 -0.726930
-0.97135299 -0.78828001 -5.19804478 91 134 60 0.000000 0.492556 0.300569 -0.816730
-0.90169197 -0.89657098 -5.20754385 86 129 71 0.000000 0.790143 0.275998 -0.547265
-0.99668401 -0.73888499 -5.19867802 91 128 64 0.000000 -0.545749 -0.498730 0.673370
-0.89789301 -0.65402597 -5.10368681 84 127 64 0.000000 0.436962 0.373404 -0.818311
-0.78073698 -0.94026703 -5.15181589 114 145 94 0.000000 0.600703 0.164928 -0.782275
-1.02074802 -0.61476302 -5.18664598 103 121 81 0.000000 0.355326 -0.032302 -0.934184
-1.13917100 -0.60462999 -5.26010609 108 150 82 0.000000 0.642876 -0.348429 -0.682135
-0.92702299 -0.55523503 -5.10432005 109 150 86 0.000000 0.692695 0.230898 -0.683271
-0.93968898 -0.60716301 -5.12331915 80 115 58 0.000000 0.826572 0.134079 -0.546628
-0.78770298 -0.76674902 -5.07772303 86 124 68 0.000000 -0.640181 -0.673095 0.370285
-0.75603902 -0.83324301 -5.12331915 136 171 129 0.000000 -0.079318 -0.300369 0.950519
-0.80353498 -0.73255199 -5.06062412 106 147 94 0.000000 0.572672 0.562536 -0.596322
-0.89092702 -0.53940302 -5.07139015 98 135 75 0.000000 0.792017 0.299982 -0.531715
-0.97071999 -0.49760601 -5.13851690 103 142 79 0.000000 0.831350 -0.506771 -0.228124
-0.94982100 -0.86743999 -5.22527599 86 130 57 0.000000 0.441691 0.253479 -0.860615
-0.85863000 -0.58436501 -5.05809116 94 134 71 0.000000 0.467431 0.079533 -0.880445
-1.05051196 -0.86743999 -5.26453876 75 116 31 0.000000 0.220836 0.285540 -0.932576
-1.11890602 -0.83134300 -5.28417110 97 139 76 0.000000 0.373862 0.263640 -0.889225
-1.05684495 -0.74775100 -5.23477507 92 136 60 0.000000 0.451164 0.244570 -0.858275
-1.12207305 -0.59196502 -5.25060701 110 150 86 0.000000 0.674959 -0.159260 -0.720462
-0.77313697 -0.67619002 -5.02769423 103 143 76 0.000000 0.421006 -0.411401 -0.808395
-0.99098402 -0.65909201 -5.17841291 87 102 59 0.000000 0.317579 0.183272 -0.930352
-0.83709800 -0.85667402 -5.15688181 105 141 85 0.000000 -0.459150 -0.397930 0.794250
-0.96311998 -0.53307003 -5.12838507 113 140 92 0.000000 0.578300 -0.032050 -0.815194
-0.91689098 -0.75218397 -5.15498304 91 125 72 0.000000 -0.237414 -0.547760 0.802243
-1.08281004 -0.61666203 -5.22147703 102 133 75 0.000000 0.563126 0.001357 -0.826370
-0.86559600 -0.59576398 -5.06442404 83 122 61 0.000000 -0.872476 0.199973 0.445866
-1.07457697 -0.65972501 -5.22210979 90 133 62 0.000000 0.467841 0.270205 -0.841495
-1.04987895 -0.76928198 -5.23794222 92 134 65 0.000000 0.531818 0.357239 -0.767822
-0.95362097 -0.72431898 -5.16764784 129 136 102 0.000000 -0.492817 -0.095155 0.864915
-1.03721404 -0.59639800 -5.19234610 83 123 63 0.000000 0.322963 0.016337 -0.946270
-1.05874503 -0.60146397 -5.20501089 101 142 77 0.000000 0.587425 0.006846 -0.809250
-1.12903905 -0.57169998 -5.25820589 102 140 76 0.000000 0.442446 -0.064381 -0.894481
-1.13727105 -0.71671999 -5.27087212 89 131 67 0.000000 0.451056 0.364989 -0.814451
-0.80733401 -0.85857397 -5.14231682 93 129 76 0.000000 -0.461153 -0.340714 0.819299
-0.89535999 -0.70658797 -5.12015200 89 129 63 0.000000 -0.577350 -0.577350 0.577350
-0.92765701 -0.87693900 -5.21704292 86 127 64 0.000000 0.410184 0.338440 -0.846881
-0.79656899 -0.97382998 -5.17967987 108 144 81 0.000000 0.388621 0.317963 -0.864797
-0.93208998 -0.66669101 -5.13471699 99 130 76 0.000000 0.657467 0.159432 -0.736423
-0.87319499 -0.64832598 -5.08722210 90 131 63 0.000000 0.420037 0.221150 -0.880149
-0.87572801 -0.80094600 -5.14611721 81 124 62 0.000000 0.475224 0.452203 -0.754768
-0.83773100 -0.87883902 -5.16701508 88 127 66 0.000000 -0.593275 -0.729809 0.339711
-1.12903905 -0.75851601 -5.27720499 98 138 78 0.000000 0.656558 0.166044 -0.735772
-1.08281004 -0.55016798 -5.23667479 103 145 80 0.000000 0.657803 -0.499661 -0.563591
-0.85419703 -0.77371502 -5.12141895 84 126 60 0.000000 0.489899 0.364613 -0.791869
-0.92069101 -0.49443999 -5.08595514 107 146 87 0.000000 0.746076 0.175458 -0.642327
-0.99668401 -0.77371502 -5.20754385 87 124 58 0.000000 0.318770 0.324756 -0.890460
-0.86876202 -0.70342100 -5.09925413 91 129 67 0.000000 0.872584 -0.340781 -0.349950
-1.05051196 -0.73191899 -5.22907591 90 131 63 0.000000 -0.016039 0.292400 -0.956161
-1.12967205 -0.64072698 -5.24680805 90 131 61 0.000000 0.476010 0.094637 -0.874333
-1.09610796 -0.77054900 -5.25884008 91 133 64 0.000000 0.569902 0.118668 -0.813099
-0.98275203 -0.78448099 -5.20437813 82 123 54 0.000000 0.433798 0.354925 -0.828159
-0.85293001 -0.58119899 -5.05302477 90 129 72 0.000000 0.610777 0.222242 -0.759974
-0.86812901 -0.81931102 -5.15054893 78 118 58 0.000000 0.341659 0.413424 -0.844008
-0.97008598 -0.55396801 -5.13724995 97 130 75 0.000000 0.499443 0.214047 -0.839489
-0.81113398 -0.83704299 -5.13408422 96 134 82 0.000000 -0.294301 -0.555196 0.777910
-0.92322397 -0.59829700 -5.10748720 102 115 78 0.000000 0.652717 0.055702 -0.755552
-0.76110500 -0.87060601 -5.12205219 80 121 64 0.000000 0.291998 0.126666 -0.947994
-0.95742100 -0.89720398 -5.24300814 92 135 63 0.000000 0.507811 0.245416 -0.825772
-0.84659702 -0.99409503 -5.22464323 99 136 71 0.000000 -0.499747 -0.483144 0.718905
-0.77820301 -0.61729598 -5.02769423 110 145 97 0.000000 -0.102570 -0.451026 0.886597
-0.84976399 -0.65402597 -5.07392311 90 131 67 0.000000 0.560626 0.506752 -0.654905
-0.77060401 -0.83830899 -5.12458515 119 157 112 0.000000 -0.206215 -0.222388 0.952900
-1.10624099 -0.57993197 -5.23984098 103 144 81 0.000000 0.568709 -0.173479 -0.804037
-1.05937803 -0.82437700 -5.25060701 71 113 46 0.000000 0.639782 0.293434 -0.710335
-0.81556702 -0.69835502 -5.05682516 89 130 74 0.000000 0.664837 -0.055761 -0.744904
-1.04544604 -0.54573500 -5.20374489 67 101 52 0.000000 0.662488 -0.672254 -0.330430
-1.05431199 -0.54003602 -5.22147703 76 115 54 0.000000 0.381263 -0.642041 -0.665148
-0.99478400 -0.52800399 -5.15751600 97 139 84 0.000000 0.648152 -0.120138 -0.751975
-1.00048399 -0.89150399 -5.27277184 92 128 75 0.000000 -0.332504 -0.731508 0.595263
-1.00238299 -0.81424499 -5.22464323 74 113 47 0.000000 0.372418 0.452336 -0.810368
-1.09800804 -0.86110699 -5.26643896 70 102 45 0.000000 0.173651 -0.197152 -0.964871
-0.91309100 -0.79967898 -5.16954803 85 119 67 0.000000 0.823898 0.072571 0.562072
-0.95932102 -0.56093401 -5.12965202 101 141 76 0.000000 0.523554 0.054450 -0.850251
-0.98021901 -0.61602902 -5.15941477 97 138 74 0.000000 0.436415 0.047290 -0.898502
-1.07520998 -0.62616199 -5.21704292 95 139 75 0.000000 0.654821 0.143007 -0.742131
-1.03848004 -0.82121098 -5.24237394 93 135 59 0.000000 0.260069 0.048530 -0.964370
-1.12967205 -0.68885601 -5.25757313 83 125 62 0.000000 0.483424 0.261018 -0.835566
-0.75540602 -0.80411202 -5.10495281 127 163 113 0.000000 -0.101606 -0.740691 0.664118
-1.09800804 -0.58436501 -5.23287487 100 142 78 0.000000 0.570051 -0.157101 -0.806450
-1.12333906 -0.81107801 -5.28037119 89 131 59 0.000000 0.508455 0.101691 -0.855063
-0.88206100 -0.91430199 -5.20057821 82 124 63 0.000000 0.483469 0.349438 -0.802590
-0.88839400 -0.68062299 -5.10558701 87 115 65 0.000000 -0.643128 0.293497 0.707280
-1.00428295 -0.79967898 -5.21894312 83 124 52 0.000000 0.394801 0.294195 -0.870391
-0.89156002 -0.56220102 -5.07645607 102 143 78 0.000000 0.688082 0.230406 -0.688082
-0.77060401 -0.90227002 -5.13155079 110 144 86 0.000000 0.451065 0.070350 -0.889714
-0.92195702 -0.57739902 -5.10368681 95 135 73 0.000000 0.695507 -0.213164 -0.686171
-0.83583200 -1.00042796 -5.22021008 100 136 75 0.000000 -0.609121 -0.507882 0.609121
-1.13537097 -0.76928198 -5.28290415 97 135 79 0.000000 0.587425 0.006846 -0.809250
-0.89409298 -0.91556901 -5.21007681 92 133 74 0.000000 0.571402 0.341546 -0.746221
-1.08660901 -0.55840099 -5.23350906 107 146 85 0.000000 0.640526 -0.443184 -0.627147
-0.81746697 -0.85477400 -5.14611721 97 134 78 0.000000 -0.293123 -0.422036 0.857884
-1.01378202 -0.80284601 -5.22780895 85 128 55 0.000000 0.397663 0.229137 -0.888460
-0.88902700 -0.79651302 -5.15434885 90 133 63 0.000000 0.641056 0.322962 -0.696235
-0.92638999 -0.64642602 -5.12268496 95 137 77 0.000000 0.514490 0.040001 -0.856563
-1.14677000 -0.73761803 -5.28607082 105 148 84 0.000000 0.517223 0.356095 -0.778252
-1.11130702 -0.84780800 -5.28353691 117 144 97 0.000000 0.718686 0.199377 -0.666137
-0.93335599 -0.71228701 -5.14928293 91 130 64 0.000000 -0.346815 -0.227824 0.909844
-0.88142800 -0.75091702 -5.13091803 92 130 67 0.000000 -0.555196 -0.294301 0.777910
-0.95805401 -0.90353698 -5.25693989 99 136 73 0.000000 -0.603133 -0.373055 0.705025
-1.08724201 -0.59133101 -5.22400999 96 137 72 0.000000 0.516252 0.158278 -0.841684
-1.11320698 -0.82564402 -5.27973795 99 142 70 0.000000 0.445610 0.381723 -0.809765
-0.83583200 -0.87187302 -5.16194820 96 130 78 0.000000 -0.436417 -0.277163 0.855991
-1.00618303 -0.50837201 -5.18474579 125 164 111 0.000000 0.801126 -0.467190 -0.374073
-0.77820301 -0.73508501 -5.02452803 127 164 116 0.000000 0.876528 0.347877 -0.332686
-0.97261900 -0.85984099 -5.23350906 81 123 51 0.000000 0.413561 0.403981 -0.815945
-0.89725900 -0.84970802 -5.18221283 128 134 107 0.000000 -0.451713 -0.397057 0.798937
-0.88269401 -0.69708800 -5.10685301 92 132 66 0.000000 0.213580 -0.915955 -0.339720
-0.95488799 -0.76168299 -5.17904711 92 135 59 0.000000 0.259878 0.133237 -0.956405
-1.11003995 -0.74205101 -5.26073885 92 135 71 0.000000 0.403542 0.284764 -0.869519
-0.96311998 -0.67492402 -5.15561581 102 129 78 0.000000 0.506611 0.001337 -0.862174
-0.83329898 -0.57676601 -5.03972578 101 141 77 0.000000 0.435570 0.302264 -0.847889
-0.91562402 -0.83387601 -5.18474579 91 132 62 0.000000 0.678782 0.006941 -0.734307
-0.94285500 -0.82754302 -5.19931221 85 126 66 0.000000 0.323395 0.332420 -0.885953
-0.87002897 -0.57043302 -5.06125689 99 140 75 0.000000 0.544648 0.172547 -0.820723
-1.19173300 -0.67935699 -5.27403784 90 126 69 0.000000 -0.485613 -0.515651 0.705892
-1.14297104 -0.75978303 -5.28797102 114 155 91 0.000000 0.512940 0.077718 -0.854899
-0.96375400 -0.89530402 -5.25440693 93 132 72 0.000000 -0.452909 -0.532542 0.715033
-0.79086900 -0.91430199 -5.15054893 93 135 69 0.000000 0.568599 0.046330 -0.821309
-1.01061594 -0.79018003 -5.21957588 88 130 61 0.000000 0.460756 0.307691 -0.832484
-0.84659702 -0.62806100 -5.06505680 82 123 61 0.000000 -0.054976 -0.221128 -0.973694
-0.87889397 -0.94913298 -5.21514416 80 121 72 0.000000 0.513425 0.411724 -0.752913
-0.84912997 -0.56599998 -5.04732513 94 136 71 0.000000 0.632910 0.182364 -0.752442
-0.78580302 -0.84590799 -5.12648487 99 137 83 0.000000 -0.133518 -0.165962 0.977052
-0.90992498 -0.78448099 -5.16131496 86 128 62 0.000000 0.530338 0.229045 -0.816260
-0.95868701 -0.90797001 -5.24934101 88 130 69 0.000000 0.829342 0.308848 -0.465623
-0.88206100 -0.66732401 -5.09798813 88 130 69 0.000000 0.672448 0.166206 -0.721242
-0.95362097 -0.68948901 -5.15561581 92 129 68 0.000000 0.348112 0.625948 -0.697859
-1.04671299 -0.87250602 -5.27403784 111 146 100 0.000000 0.070765 -0.467607 0.881099
-1.13537097 -0.63059402 -5.24934101 94 131 68 0.000000 0.429966 -0.150991 -0.890130
-0.96565300 -0.51787102 -5.13281822 114 156 92 0.000000 0.631590 -0.159033 -0.758817
-0.85166401 -0.85920697 -5.15814877 72 114 60 0.000000 0.578220 0.157696 -0.800496
-0.87002897 -0.66352499 -5.08848810 90 132 70 0.000000 0.489521 0.183012 -0.852570
-1.12967205 -0.72875202 -5.27023888 101 142 74 0.000000 0.474747 0.284848 -0.832753
-0.77693701 -0.72938597 -5.01882792 129 154 103 0.000000 0.925318 0.070767 -0.372531
-1.01821494 -0.78891402 -5.22400999 89 132 61 0.000000 0.505696 0.126062 -0.853452
-1.00301695 -0.86110699 -5.25123978 90 127 73 0.000000 -0.450528 -0.261153 0.853712
-1.02581501 -0.64072698 -5.19234610 93 131 67 0.000000 0.556804 0.134401 -0.819698
-0.78263599 -0.81361097 -5.11191893 114 150 102 0.000000 -0.069915 -0.434567 0.897922
-0.96058702 -0.61412901 -5.14168406 102 142 77 0.000000 0.523159 0.158578 -0.837351
-0.95425397 -0.49317300 -5.12205219 108 150 91 0.000000 0.673401 -0.117436 -0.729890
-1.16830206 -0.64326000 -5.26580620 97 129 74 0.000000 0.902312 0.285018 -0.323415
-1.07584298 -0.77054900 -5.24870682 84 123 55 0.000000 0.552900 0.173252 -0.815037
-0.99605101 -0.49254000 -5.17967987 99 115 89 0.000000 0.913331 -0.303476 -0.271531
-1.08407605 -0.83514303 -5.26264000 75 117 49 0.000000 0.366506 0.317841 -0.874443
-1.01568198 -0.57423300 -5.17334700 112 143 93 0.000000 0.759230 0.427989 -0.490302
-1.08850896 -0.80221200 -5.26010609 77 106 49 0.000000 0.348259 -0.109763 -0.930950
-1.03214705 -0.60399699 -5.18854618 91 126 71 0.000000 -0.599711 -0.119353 0.791265
-0.85863000 -0.75661600 -5.11761904 87 128 62 0.000000 0.603634 0.205328 -0.770367
-1.11130702 -0.55650097 -5.25250721 105 139 80 0.000000 0.483948 -0.310547 -0.818141
-0.84596401 -0.75534999 -5.10875320 87 129 66 0.000000 0.555297 0.388216 -0.735482
-1.13283801 -0.66415799 -5.25187302 87 122 56 0.000000 0.426839 0.245847 -0.870269
-0.96881998 -0.75851601 -5.18664598 95 136 63 0.000000 0.409961 0.143274 -0.900780
-1.11320698 -0.78004801 -5.26897192 87 131 65 0.000000 0.467010 0.149851 -0.871462
-0.83646500 -0.68758899 -5.07012320 92 133 77 0.000000 0.695809 0.230889 -0.680103
-0.84026498 -0.66542500 -5.06885719 71 97 49 0.000000 0.134046 -0.904456 0.404959
-0.80733401 -0.74078500 -5.07202291 97 138 89 0.000000 0.387764 0.655074 -0.648473
-1.09990799 -0.59259802 -5.23287487 104 145 82 0.000000 0.496764 -0.119511 -0.859618
-0.87002897 -0.55523503 -5.05872393 97 136 72 0.000000 0.818447 0.539051 -0.198918
-0.90549201 -0.63692701 -5.10432005 96 137 73 0.000000 0.617751 0.246786 -0.746646
-0.91625798 -0.54193598 -5.08975506 110 143 89 0.000000 0.745961 0.001379 -0.665988
-0.97071999 -0.48430800 -5.14041710 96 113 87 0.000000 0.885003 0.001319 -0.465583
-1.05114603 -0.73951799 -5.23224211 86 128 62 0.000000 0.443506 -0.009212 -0.896224
-1.04797900 -0.58499902 -5.19677877 106 146 81 0.000000 0.619334 -0.046769 -0.783734
-0.85546303 -0.52863699 -5.04415894 102 140 78 0.000000 0.867795 0.165924 -0.468404
-0.79403502 -0.96179801 -5.17081499 94 134 74 0.000000 0.595612 0.317982 -0.737654
-0.80163503 -0.71735299 -5.05112505 101 142 85 0.000000 0.826006 0.191778 -0.530033
-1.07711005 -0.72495300 -5.23984098 90 126 61 0.000000 0.547936 0.213342 -0.808858
-0.92955703 -0.76611602 -5.16638088 108 139 94 0.000000 0.475690 0.159539 -0.865024
-1.14170396 -0.73255199 -5.27973795 99 141 75 0.000000 0.647647 0.079688 -0.757762
-0.76553798 -0.69772202 -5.00932884 92 103 85 0.000000 0.875821 -0.333574 -0.348805
-1.09230900 -0.81107801 -5.26200581 87 126 55 0.000000 0.397398 0.086035 -0.913605
-0.93525600 -0.81171101 -5.18981314 83 123 66 0.000000 0.333612 0.469587 -0.817429
-0.86749500 -0.87630600 -5.17778015 89 130 56 0.000000 0.291306 0.475125 -0.830300
-1.10117400 -0.60843003 -5.23224211 98 138 72 0.000000 0.563024 0.063819 -0.823973
-1.15753603 -0.72875202 -5.28860378 97 139 81 0.000000 0.629577 0.445881 -0.636257
-0.89472598 -0.64642602 -5.09988689 93 135 67 0.000000 0.402508 0.149340 -0.903153
-1.10180795 -0.56663400 -5.24110794 100 138 78 0.000000 0.325366 -0.533729 -0.780558
-0.99035102 -0.86617303 -5.24744081 94 128 77 0.000000 -0.269133 -0.561875 0.782218
-0.83393198 -0.55460101 -5.03339291 104 146 81 0.000000 0.544394 0.118220 -0.830457
-0.96565300 -0.82247698 -5.21071100 81 124 54 0.000000 0.475125 0.291306 -0.830300
-0.78960198 -0.82437700 -5.11825180 83 122 66 0.000000 -0.612794 -0.261269 0.745803
-0.95172101 -0.90606999 -5.25187302 108 146 77 0.000000 -0.412512 -0.244507 0.877525
-0.80606800 -0.64579302 -5.04795885 81 122 56 0.000000 0.245602 0.022987 -0.969098
-0.82759899 -0.69455498 -5.06505680 93 128 79 0.000000 0.709541 0.189313 -0.678758
-0.86369598 -0.98522902 -5.23160887 93 128 66 0.000000 -0.458810 -0.419900 0.783057
-0.97895199 -0.59323102 -5.15118313 104 121 77 0.000000 0.666909 -0.427421 -0.610363
-0.86306298 -0.73001897 -5.10875320 91 131 63 0.000000 0.735833 0.133379 0.663898
-1.00491703 -0.90227002 -5.27783823 77 121 56 0.000000 0.220378 0.714276 -0.664261
-0.90612501 -0.53876901 -5.08152199 101 138 80 0.000000 0.600218 0.001367 -0.799835
-0.85483003 -0.67682397 -5.08215618 84 124 59 0.000000 -0.666235 -0.452505 0.592765
-0.79023600 -0.74395102 -5.05049181 101 141 86 0.000000 0.760294 0.571421 -0.308919
-0.82443303 -0.75598300 -5.09355402 89 132 67 0.000000 0.521272 0.371873 -0.768105
-0.83519799 -0.73255199 -5.09038782 88 130 71 0.000000 0.396735 0.365373 -0.842083
-0.95425397 -0.70405501 -5.16068220 95 133 71 0.000000 0.700596 0.248293 -0.668966
-0.98021901 -0.75978303 -5.19234610 97 127 73 0.000000 0.564506 0.294179 -0.771227
-0.87889397 -0.79271299 -5.14674997 83 125 60 0.000000 0.401021 -0.369569 -0.838213
-1.03024805 -0.88960499 -5.28163815 101 135 84 0.000000 -0.340543 -0.656645 0.672939
-1.15057003 -0.62236202 -5.26137304 103 139 77 0.000000 0.610859 -0.358655 -0.705845
-0.86939502 -0.61792898 -5.07455587 79 114 57 0.000000 -0.539519 -0.482728 0.689850
-0.88586098 -0.95863199 -5.23414183 87 123 64 0.000000 -0.568585 -0.291459 0.769261
-1.01441598 -0.88580501 -5.27340508 99 135 83 0.000000 -0.223719 -0.491573 0.841609
-1.03024805 -0.86237401 -5.25567293 74 114 42 0.000000 0.394424 0.608965 -0.688180
-1.14233696 -0.62362802 -5.25440693 105 146 75 0.000000 0.547809 -0.182603 -0.816432
-0.97008598 -0.91113597 -5.25884008 85 128 72 0.000000 0.389637 0.389637 -0.834486
-1.07520998 -0.78828001 -5.25123978 80 122 51 0.000000 0.377813 0.135232 -0.915953
-0.89852601 -0.83007699 -5.17271423 91 125 69 0.000000 0.286886 0.103489 -0.952358
-1.03468001 -0.86743999 -5.26073885 72 111 40 0.000000 0.260655 0.595557 -0.759849
-1.00555003 -0.78511399 -5.21450996 74 116 54 0.000000 0.395132 0.300544 -0.868069
-0.95805401 -0.92190200 -5.25757313 91 134 68 0.000000 0.507811 0.245416 -0.825772
-0.96881998 -0.84274203 -5.22210979 78 121 52 0.000000 0.451284 0.547869 -0.704402
-0.92955703 -0.74648398 -5.15941477 87 121 67 0.000000 0.252995 0.841784 -0.476858
-0.85863000 -0.98016298 -5.22590923 88 127 64 0.000000 -0.436417 -0.277163 0.855991
-0.83836502 -0.63756001 -5.06252384 89 132 63 0.000000 0.411079 0.181572 -0.893334
-0.80543399 -0.91620201 -5.16004801 89 132 74 0.000000 0.499443 0.214047 -0.839489
-0.98971802 -0.49507299 -5.16511488 128 166 113 0.000000 0.834271 -0.231147 -0.500563
-1.04797900 -0.85034102 -5.25630713 78 120 40 0.000000 0.172883 -0.101768 -0.979671
-0.90359199 -0.71165401 -5.12901783 84 123 57 0.000000 -0.556602 -0.315996 0.768336
-1.16703498 -0.74585098 -5.31710100 126 155 116 0.000000 0.832825 0.514258 -0.204793
-1.01188302 -0.75028402 -5.21007681 94 133 67 0.000000 0.563126 0.001357 -0.826370
-0.83963102 -0.91936898 -5.18158007 87 128 56 0.000000 0.469352 0.327124 -0.820182
-1.11700594 -0.64959300 -5.24237394 95 123 71 0.000000 0.464296 0.070684 -0.882855
-1.17210102 -0.65339202 -5.26707220 97 134 75 0.000000 0.411285 -0.110141 -0.904828
-1.09800804 -0.72241902 -5.24997377 91 134 70 0.000000 0.380437 0.016765 -0.924655
-0.90295899 -0.94343299 -5.23224211 92 135 76 0.000000 0.490619 0.490619 -0.720129
-1.01821494 -0.73065197 -5.20944405 87 124 63 0.000000 -0.583894 -0.103383 0.805220
-0.88459402 -0.98459601 -5.24744081 71 78 57 0.000000 -0.627623 -0.222705 0.745984
-1.20439899 -0.67872298 -5.27657080 103 128 81 0.000000 -0.228924 -0.039971 0.972623
-1.02328205 -0.75661600 -5.21957588 92 134 66 0.000000 0.816511 0.246348 -0.522133
-0.96438700 -0.78068101 -5.19044590 89 130 66 0.000000 0.365552 0.270061 -0.890752
-1.12333906 -0.66542500 -5.24807405 98 134 71 0.000000 0.386216 0.205496 -0.899227
-1.06697798 -0.57169998 -5.21134377 105 147 80 0.000000 0.720524 -0.126800 -0.681738
-1.01124895 -0.87630600 -5.26517200 92 128 74 0.000000 -0.307000 -0.539238 0.784202
-1.10814095 -0.67302400 -5.24237394 94 136 65 0.000000 0.573368 0.128234 -0.809200
-0.80670100 -0.90353698 -5.15624905 84 125 68 0.000000 0.572964 0.452692 -0.683214
-0.89219302 -0.76041597 -5.14104986 84 121 63 0.000000 -0.468045 -0.592186 0.655934
-1.16133595 -0.78954703 -5.30126905 101 104 93 0.000000 0.627910 -0.340865 -0.699671
-1.00428295 -0.49950600 -5.18981314 141 166 132 0.000000 0.826024 -0.355364 -0.437493
-0.80163503 -0.95546502 -5.17461395 95 139 66 0.000000 0.523575 0.316692 -0.790933
-0.97325301 -0.76611602 -5.19361210 86 128 64 0.000000 0.466539 0.301144 -0.831657
-0.81493402 -0.60019702 -5.03719282 88 126 63 0.000000 0.648065 0.286429 -0.705670
-0.99035102 -0.65212601 -5.17587996 187 121 130 0.000000 0.641371 0.220033 -0.735002
-1.07584298 -0.86427301 -5.26137304 49 82 16 0.000000 -0.189737 0.141348 -0.971607
-0.97198600 -0.58499902 -5.14358282 85 121 66 0.000000 -0.348426 -0.040153 0.936476
-0.86559600 -0.69075602 -5.09228802 84 120 58 0.000000 -0.314607 -0.601786 0.734082
-0.82569897 -0.80981201 -5.12458515 91 122 73 0.000000 -0.420914 -0.364162 0.830793
-1.09294200 -0.57169998 -5.23350906 109 150 88 0.000000 0.587958 -0.299586 -0.751368
-0.94855499 -0.83514303 -5.20754385 85 127 63 0.000000 0.649761 0.410463 -0.639790
-1.14170396 -0.57803202 -5.26580620 85 120 65 0.000000 0.172293 0.117754 -0.977982
-1.05431199 -0.57549900 -5.20247793 88 114 65 0.000000 0.545455 -0.015038 -0.838005
-0.85609698 -0.72431898 -5.10241985 84 123 56 0.000000 -0.484227 -0.444832 0.753424
-0.85356301 -0.81234503 -5.14041710 73 118 53 0.000000 0.315769 0.260473 -0.912383
-1.13283801 -0.81297803 -5.28417110 92 133 60 0.000000 0.316686 0.198456 -0.927537
-1.10370803 -0.69328898 -5.24617386 100 144 71 0.000000 0.332572 0.245436 -0.910581
-0.98591799 -0.79967898 -5.21071100 83 125 53 0.000000 0.301684 0.325463 -0.896137
-0.84469801 -0.68822300 -5.07772303 94 133 72 0.000000 0.571437 0.063808 -0.818162
-0.88459402 -0.72241902 -5.12015200 86 127 59 0.000000 -0.757267 -0.567548 0.323165
-0.99921697 -0.83387601 -5.23224211 82 117 52 0.000000 0.484237 0.317041 -0.815475
-0.95425397 -0.56536698 -5.12711811 108 149 88 0.000000 0.555949 0.078605 -0.827492
-0.82190001 -0.70912099 -5.06569099 97 138 77 0.000000 0.482773 0.277866 -0.830494
-0.79593498 -0.71988600 -5.04542494 107 146 90 0.000000 0.775716 0.270158 -0.570333
-0.85863000 -0.78637999 -5.13281822 89 120 66 0.000000 -0.078675 0.443065 -0.893031
-1.07141101 -0.71735299 -5.23540783 88 118 63 0.000000 0.395688 -0.024812 -0.918050
-0.92005700 -0.91303599 -5.22844315 81 123 59 0.000000 0.521911 0.419833 -0.742529
-0.87446201 -0.64135998 -5.08595514 92 133 65 0.000000 0.529449 0.040089 -0.847394
-0.93842202 -0.67998999 -5.14231682 92 130 63 0.000000 0.505545 0.269105 -0.819760
-1.00618303 -0.85097498 -5.24807405 94 130 75 0.000000 -0.317196 -0.356656 0.878740
-0.87002897 -0.84147501 -5.16448212 85 123 66 0.000000 -0.699747 -0.475961 0.532743
-0.82886600 -0.86364001 -5.15561581 103 139 84 0.000000 -0.444728 -0.236686 0.863827
-0.85799599 -0.92126799 -5.19107914 90 128 58 0.000000 0.229823 0.306907 -0.923575
-1.12840497 -0.64769298 -5.24807405 87 129 59 0.000000 0.387147 0.117948 -0.914443
-0.92512399 -0.77624798 -5.16701508 85 122 69 0.000000 0.317490 0.451994 -0.833608
-1.15563595 -0.74078500 -5.29430294 119 158 103 0.000000 0.642599 0.213162 -0.735954
-1.00364995 -0.73698503 -5.20184517 93 128 66 0.000000 0.575088 0.812655 0.094158
-0.86432898 -0.76674902 -5.12585211 93 131 70 0.000000 -0.466549 -0.235554 0.852553
-0.91879100 -0.76548201 -5.15941477 72 113 52 0.000000 0.490395 0.236795 -0.838714
-0.97261900 -0.70025498 -5.17714691 85 93 55 0.000000 0.071319 0.096224 -0.992801
-1.02264798 -0.60209697 -5.18664598 97 107 65 0.000000 0.370322 0.141141 -0.918118
-0.99795002 -0.50647199 -5.17208099 112 152 95 0.000000 0.789119 -0.426156 -0.442360
-0.79466897 -0.58119899 -5.00869608 118 136 114 0.000000 0.405636 0.617561 -0.673853
-0.96185398 -0.71988600 -5.17018080 148 150 127 0.000000 -0.323415 -0.285018 0.902312
-1.08850896 -0.65592599 -5.22844315 95 137 64 0.000000 0.520975 0.040075 -0.852630
-1.00364995 -0.77244800 -5.21071100 85 125 62 0.000000 0.532838 0.310159 -0.787328
-0.92765701 -0.90670300 -5.23034191 82 125 60 0.000000 0.388659 0.562489 -0.729760
-0.84533101 -0.53496999 -5.03656006 105 144 87 0.000000 0.748935 0.015341 -0.662466
-1.10434103 -0.70278800 -5.24934101 99 142 70 0.000000 0.632657 0.212958 -0.744577
-1.06001198 -0.71038699 -5.22654200 92 128 64 0.000000 0.341040 0.142215 -0.929229
-0.81683302 -0.96686399 -5.18791294 100 141 66 0.000000 0.391367 0.231867 -0.890545
-0.97705197 -0.72875202 -5.18284702 91 128 65 0.000000 0.425457 0.214952 -0.879080
-0.77123702 -0.70595402 -5.01312780 123 149 103 0.000000 0.690445 -0.159333 -0.705619
-0.80606800 -0.81931102 -5.12141895 98 134 83 0.000000 -0.308463 -0.501450 0.808331
-1.01694906 -0.74585098 -5.21324396 89 127 62 0.000000 -0.484837 -0.422804 0.765618
-0.74527299 -0.80537897 -5.10621977 164 189 160 0.000000 0.213162 -0.735954 0.642599
-0.95362097 -0.79334700 -5.19171190 84 126 63 0.000000 0.587385 0.411997 -0.696589
-1.06001198 -0.63692701 -5.21007681 93 135 62 0.000000 0.520370 0.023219 -0.853625
-0.87762803 -0.78321397 -5.14041710 79 118 57 0.000000 0.385884 0.449931 -0.805392
-0.98591799 -0.59639800 -5.15751600 102 131 77 0.000000 0.767517 0.104194 -0.632504
-1.10750699 -0.60653001 -5.23730898 97 138 71 0.000000 0.552657 -0.078543 -0.829699
-0.97008598 -0.85477400 -5.22780895 80 124 51 0.000000 0.531818 0.357239 -0.767822
-1.01251602 -0.65719199 -5.18791294 92 133 68 0.000000 0.452717 0.087757 -0.887325
-1.01758206 -0.70088798 -5.20057821 89 131 66 0.000000 0.469191 0.127700 -0.873815
-0.76490498 -0.88327199 -5.12585211 83 123 70 0.000000 0.334572 0.159650 -0.928748
-0.98021901 -0.68442303 -5.17018080 131 144 108 0.000000 -0.540410 -0.340378 0.769480
-1.13537097 -0.70405501 -5.26517200 92 135 64 0.000000 0.427365 0.404957 -0.808313
-1.07711005 -0.64642602 -5.21957588 83 126 64 0.000000 0.451931 0.299735 -0.840189
-1.17273498 -0.61349601 -5.28163815 100 129 70 0.000000 0.386645 -0.307176 -0.869568
-0.74463999 -0.83577597 -5.12458515 124 139 121 0.000000 0.150329 -0.483095 0.862566
-0.78960198 -0.67745697 -5.03909302 91 133 71 0.000000 0.467687 -0.109459 -0.877091
-0.99858397 -0.53370303 -5.15878201 100 140 87 0.000000 0.552257 -0.140655 -0.821723
-1.12713897 -0.80411202 -5.28100395 88 131 64 0.000000 0.435526 0.183302 -0.881316
-1.01314902 -0.52673697 -5.17778015 107 144 95 0.000000 0.789380 -0.379355 -0.482668
-0.89915901 -0.88897097 -5.20184517 84 128 66 0.000000 0.786627 0.231178 -0.572516
-0.79530197 -0.83261001 -5.12268496 92 130 69 0.000000 0.569734 -0.109284 0.814530
-0.92259097 -0.83450902 -5.19171190 84 127 66 0.000000 0.647425 0.427733 -0.630782
-0.87636101 -0.94343299 -5.21197701 87 128 73 0.000000 0.529509 0.339594 -0.777365
-0.77820301 -0.61159599 -5.03212690 83 124 46 0.000000 0.023281 0.529978 -0.847692
-0.90042597 -0.55080199 -5.08025599 106 149 84 0.000000 0.396130 0.103518 -0.912341
-0.78073698 -0.62236202 -5.03149414 96 133 86 0.000000 -0.158843 -0.639909 0.751855
-1.10117400 -0.83957601 -5.27150488 89 131 72 0.000000 0.810647 -0.206097 -0.548065
-1.01188302 -0.70532101 -5.19867802 93 136 68 0.000000 0.505730 0.164622 -0.846839
-1.09864104 -0.63692701 -5.23097610 91 130 67 0.000000 0.449840 0.006596 -0.893085
-0.99668401 -0.56790000 -5.15434885 92 136 79 0.000000 0.610012 0.103863 -0.785555
-0.75540602 -0.84400898 -5.12521791 118 156 110 0.000000 0.079648 0.199733 0.976608
-0.85039699 -0.62109500 -5.06505680 88 124 66 0.000000 0.372663 -0.040535 -0.927081
-0.82379901 -0.66099203 -5.05809116 91 133 69 0.000000 0.571011 0.078711 -0.817161
-1.12207305 -0.83640897 -5.28733683 129 153 106 0.000000 0.617751 0.246786 -0.746646
-1.03848004 -0.72558600 -5.22021008 97 137 66 0.000000 -0.513624 0.719739 0.467082
-1.17146802 -0.69645500 -5.27467203 89 124 59 0.000000 0.254124 0.318017 -0.913393
-0.77250397 -0.87757200 -5.12838507 72 114 54 0.000000 0.641129 0.149345 -0.752761
-1.14613700 -0.66099203 -5.25630713 87 129 58 0.000000 0.409059 0.190700 -0.892359
-0.94095600 -0.86617303 -5.22084284 87 130 66 0.000000 0.434846 0.111174 -0.893616
-0.77947003 -0.85034102 -5.12585211 95 134 77 0.000000 0.183394 0.001139 0.983039
-0.76680499 -0.83007699 -5.12205219 131 167 123 0.000000 0.292701 -0.412234 0.862780
-0.77693701 -0.70595402 -5.01946115 115 153 100 0.000000 0.752587 0.110892 -0.649088
-1.18856704 -0.69898802 -5.28037119 119 155 111 0.000000 0.062612 -0.499505 0.864046
-0.89852601 -0.77814800 -5.15118313 86 127 66 0.000000 0.533648 0.292952 -0.793346
-1.01124895 -0.56536698 -5.16701508 95 137 81 0.000000 0.729624 0.182790 -0.658966
-0.88459402 -0.56599998 -5.07265711 102 143 78 0.000000 0.571215 0.150634 -0.806860
-0.86686200 -0.97066402 -5.22780895 84 120 62 0.000000 -0.497483 -0.402880 0.768244
-1.09484196 -0.70722097 -5.24427414 92 132 66 0.000000 0.426839 0.245847 -0.870269
-1.06191099 -0.51533800 -5.19234610 120 92 94 0.000000 -0.197152 0.173651 0.964871
-0.86496198 -0.51407200 -5.04479218 87 121 64 0.000000 -0.528379 0.086876 0.844552
-1.14550400 -0.80474597 -5.28923702 94 135 61 0.000000 0.366765 0.184096 -0.911917
-0.83456498 -0.91620201 -5.17714691 77 118 55 0.000000 0.339517 0.260149 -0.903908
-0.85609698 -0.49697301 -5.05429077 103 121 73 0.000000 -0.056077 -0.342985 -0.937666
-0.88649398 -0.90543598 -5.19994497 88 130 68 0.000000 0.468061 0.188710 -0.863312
-0.90042597 -0.49697301 -5.07012320 97 140 81 0.000000 0.760271 0.198935 -0.618395
-0.95045501 -0.67619002 -5.14738321 82 122 64 0.000000 0.506028 0.252240 -0.824810
-1.06571102 -0.61792898 -5.21071100 105 148 76 0.000000 0.601658 0.103936 -0.791963
-0.88332701 -0.52673697 -5.06252384 97 138 77 0.000000 0.516071 0.001340 -0.856545
-0.77060401 -0.67049098 -5.02959299 95 134 70 0.000000 0.419906 -0.397553 -0.815862
-1.13537097 -0.61729598 -5.25250721 99 140 73 0.000000 0.523040 -0.191429 -0.830533
-0.86496198 -0.85287398 -5.16574812 77 118 58 0.000000 0.412350 0.490583 -0.767656
-1.13663805 -0.79777902 -5.28607082 82 125 57 0.000000 0.269430 0.038490 -0.962250
-0.90232599 -0.86997300 -5.19424486 86 126 71 0.000000 0.379857 0.333720 -0.862751
-0.97325301 -0.51660502 -5.13915110 105 147 86 0.000000 0.673271 -0.133455 -0.727252
-1.05684495 -0.56410003 -5.20627785 96 135 77 0.000000 0.365092 -0.428311 -0.826594
-0.99161798 -0.58436501 -5.16068220 103 142 83 0.000000 0.491631 0.548680 -0.676202
-0.97895199 -0.51660502 -5.14548302 104 146 85 0.000000 0.713232 -0.127096 -0.689308
-0.78263599 -0.94849902 -5.15688181 112 140 105 0.000000 0.576932 0.174140 -0.798013
-1.10750699 -0.56473398 -5.24680805 107 147 80 0.000000 0.620006 -0.413891 -0.666548
-0.97388601 -0.88137197 -5.25060701 97 134 75 0.000000 -0.285497 -0.738465 0.610869
-0.99288398 -0.87693900 -5.25630713 89 124 74 0.000000 -0.362513 -0.497852 0.787863
-0.98655099 -0.63122803 -5.16638088 94 134 67 0.000000 0.914294 0.229657 -0.333652
-0.84469801 -0.64072698 -5.06569099 93 136 67 0.000000 0.357250 0.228931 -0.905518
-0.76110500 -0.66985798 -5.02262688 124 144 104 0.000000 0.634284 -0.395807 -0.664094
-0.84406400 -0.83830899 -5.15308189 102 130 81 0.000000 -0.477148 -0.477148 0.738011
-0.91119200 -0.83830899 -5.18537998 82 118 63 0.000000 -0.678782 -0.734307 0.006941
-0.82063299 -0.69645500 -5.05999088 92 132 75 0.000000 0.395970 0.286737 -0.872347
-0.92765701 -0.65402597 -5.12521791 102 143 81 0.000000 0.642317 0.205851 -0.738278
-0.99605101 -0.67302400 -5.18158007 88 125 65 0.000000 0.212312 0.118233 -0.970023
-0.83519799 -0.66985798 -5.06632423 94 134 73 0.000000 0.544370 0.001351 -0.838844
-1.19299996 -0.66669101 -5.27403784 93 129 73 0.000000 -0.474330 -0.056370 0.878541
-0.95552099 -0.59893101 -5.13281822 96 129 71 0.000000 0.554953 -0.015073 -0.831745
-0.91942400 -0.95926499 -5.25693989 89 96 80 0.000000 0.721454 -0.149736 -0.676080
-0.77503699 -0.74141800 -5.02516079 127 159 112 0.000000 0.920908 0.381577 -0.079551
-0.96311998 -0.49697301 -5.13091803 107 147 91 0.000000 0.713960 0.070962 -0.696582
-0.78896898 -0.95609897 -5.16574812 100 135 79 0.000000 0.521950 0.382113 -0.762600
-0.93399000 -0.67239100 -5.13598394 100 117 74 0.000000 0.609379 0.001369 -0.792878
-1.06761098 -0.84274203 -5.25884008 58 96 31 0.000000 0.428262 0.198678 -0.881543
-0.80986702 -0.97573000 -5.18728018 90 132 63 0.000000 0.409059 0.190700 -0.892359
-0.80480099 -0.89087099 -5.15244913 90 129 60 0.000000 0.609152 0.409974 -0.678864
-0.93462300 -0.72431898 -5.15561581 92 129 66 0.000000 -0.491959 -0.271586 0.827174
-0.82949901 -0.71418703 -5.07328987 83 126 72 0.000000 0.524105 0.547698 -0.652182
-1.02328205 -0.76611602 -5.22400999 86 126 58 0.000000 -0.332212 -0.484807 0.809072
-0.86622900 -0.64009398 -5.08025599 88 127 61 0.000000 0.939247 0.276086 -0.203943
-0.98338503 -0.50837201 -5.15118313 108 148 92 0.000000 0.691522 -0.237858 -0.682071
-0.87129498 -0.74775100 -5.12268496 90 129 64 0.000000 -0.577784 -0.277020 0.767741
-0.97008598 -0.52103800 -5.13535118 105 143 84 0.000000 0.642247 -0.085924 -0.761667
-1.01884902 -0.69265503 -5.19931221 101 143 69 0.000000 0.472650 0.094530 -0.876166
-0.86242902 -0.56473398 -5.05619097 100 139 74 0.000000 0.433406 -0.038913 -0.900358
-1.04227996 -0.66289198 -5.20564508 115 140 80 0.000000 0.459374 0.014647 -0.888122
-1.15880299 -0.61982900 -5.26770496 95 114 72 0.000000 0.396055 -0.467183 -0.790494
-0.87762803 -0.73128498 -5.12015200 93 132 61 0.000000 -0.700175 -0.405539 0.587617
-0.94222200 -0.81234503 -5.19171190 87 129 64 0.000000 0.438536 0.406409 -0.801573
-0.85609698 -0.86934000 -5.16828108 85 127 51 0.000000 0.565073 0.397034 -0.723227
-0.93525600 -0.66162503 -5.13535118 93 132 73 0.000000 0.657803 0.499661 -0.563591
-1.06507802 -0.81741101 -5.25377417 78 120 49 0.000000 0.364399 0.143805 -0.920073
-0.96122003 -0.73255199 -5.17461395 88 120 63 0.000000 -0.157615 -0.435250 -0.886406
-0.79783499 -0.94976598 -5.16828108 94 135 68 0.000000 0.579787 0.379408 -0.721039
-0.87762803 -0.73888499 -5.12395191 84 121 58 0.000000 -0.570500 -0.331310 0.751508
-0.87192798 -0.72052002 -5.11065292 91 134 66 0.000000 0.608734 0.314862 -0.728220
-1.01884902 -0.73825097 -5.21134377 90 128 64 0.000000 -0.687238 -0.015334 0.726270
-0.80796701 -0.60906303 -5.03592587 84 124 62 0.000000 -0.394557 0.751459 0.528804
-1.10750699 -0.63249397 -5.23604202 105 130 78 0.000000 0.510228 0.048396 -0.858676
-0.97705197 -0.82121098 -5.21577692 82 123 53 0.000000 0.405024 0.395494 -0.824342
-0.91182500 -0.57929897 -5.09608698 105 145 83 0.000000 0.672455 0.095228 -0.733987
-1.01821494 -0.53117001 -5.18411303 104 142 94 0.000000 0.846972 -0.372792 -0.379032
-1.05874503 -0.84654200 -5.25757313 72 114 36 0.000000 0.182730 0.284400 -0.941130
-0.98338503 -0.52547097 -5.14738321 95 139 78 0.000000 0.411769 -0.103982 -0.905337
-0.82759899 -0.77688098 -5.11065292 87 124 67 0.000000 -0.428192 -0.547226 0.719164
-1.05114603 -0.62806100 -5.20374489 101 144 70 0.000000 0.491682 0.285644 -0.822591
-1.08534300 -0.57549900 -5.22654200 96 137 78 0.000000 0.633391 -0.095082 -0.767968
-1.10687399 -0.64262700 -5.23604202 95 134 71 0.000000 0.529599 0.133500 -0.837677
-1.05241203 -0.51660502 -5.19234610 175 95 115 0.000000 0.523617 0.560658 0.641473
-1.01314902 -0.67745697 -5.19297886 91 130 67 0.000000 0.117840 0.142137 -0.982808
-1.00174999 -0.87757200 -5.26200581 89 123 71 0.000000 -0.483827 -0.507104 0.713271
-0.89599299 -0.59069800 -5.08405495 97 138 75 0.000000 0.528140 0.142701 -0.837081
-0.93905598 -0.63502699 -5.12901783 104 145 83 0.000000 0.687207 0.172950 -0.705574
-1.07647705 -0.70405501 -5.23477507 89 127 62 0.000000 0.546126 0.244278 -0.801296
-1.08977604 -0.75725001 -5.25250721 85 120 59 0.000000 0.443255 0.142014 -0.885075
-0.81239998 -0.75725001 -5.08468914 97 140 68 0.000000 0.523887 0.386795 -0.758902
-0.88522702 -0.64262700 -5.09228802 86 128 65 0.000000 0.640264 0.268498 -0.719702
-0.89662600 -0.56030101 -5.07898903 106 148 84 0.000000 0.507034 0.183968 -0.842065
-0.78390300 -0.67175698 -5.03592587 88 129 65 0.000000 0.492717 -0.190198 -0.849150
-0.85166401 -0.94026703 -5.19867802 100 131 79 0.000000 -0.420446 -0.426889 0.800619
-1.10180795 -0.80664498 -5.26833916 87 128 60 0.000000 0.396130 0.103518 -0.912341
-0.85736299 -0.54383600 -5.04795885 90 128 70 0.000000 0.539569 0.023340 -0.841618
-1.02454805 -0.74395102 -5.21577692 95 137 69 0.000000 0.601658 0.103936 -0.791963
-0.96818602 -0.51280499 -5.13535118 103 145 85 0.000000 0.609841 -0.015211 -0.792378
-0.96311998 -0.62426198 -5.14674997 103 143 81 0.000000 0.676182 0.086166 -0.731679
-1.01188302 -0.57169998 -5.16954803 109 152 92 0.000000 0.629608 0.182295 -0.755223
-0.77187097 -0.81677800 -5.11318588 123 158 113 0.000000 0.008590 -0.293299 0.955982
-0.98338503 -0.61096299 -5.16004801 97 138 75 0.000000 0.356948 0.040238 -0.933257
-1.13663805 -0.68948901 -5.26137304 83 123 59 0.000000 0.394495 0.357073 -0.846683
-0.87952799 -0.82310998 -5.15688181 86 127 61 0.000000 0.173784 0.173784 -0.969329
-0.96502000 -0.77118200 -5.18664598 85 128 67 0.000000 0.572926 0.485559 -0.660293
-0.84976399 -0.80221200 -5.13471699 84 123 63 0.000000 -0.436218 -0.823263 0.363251
-1.14866996 -0.70595402 -5.27277184 88 130 65 0.000000 0.467437 0.421834 -0.776891
-0.91499102 -0.61032999 -5.10305405 102 142 79 0.000000 0.618994 0.222963 -0.753083
-0.90042597 -0.90606999 -5.21134377 92 135 70 0.000000 0.682131 0.315952 -0.659448
-1.03088105 -0.89593703 -5.28986979 99 133 83 0.000000 -0.315996 -0.768336 0.556602
-0.77377099 -0.89530402 -5.13281822 98 139 81 0.000000 0.534062 0.205409 -0.820113
-1.08090997 -0.78131402 -5.25313997 92 126 59 0.000000 0.532982 0.087163 -0.841625
-1.05747795 -0.62679499 -5.20691109 94 137 70 0.000000 0.514477 0.174475 -0.839567
-1.05367899 -0.85794097 -5.26010609 70 109 34 0.000000 0.286224 0.498938 -0.818008
-0.87826103 -0.74585098 -5.12648487 87 125 64 0.000000 -0.418850 -0.346689 0.839269
-0.94602197 -0.62046200 -5.13091803 97 138 79 0.000000 0.616255 0.236780 -0.751109
-0.93208998 -0.73888499 -5.15751600 93 130 72 0.000000 0.542520 0.333239 -0.771119
-0.88142800 -0.87947202 -5.18728018 107 125 86 0.000000 0.492477 0.786349 -0.372991
-0.99098402 -0.50077301 -5.16511488 119 161 103 0.000000 0.791739 -0.340688 -0.507033
-0.88269401 -0.86743999 -5.18347979 97 126 66 0.000000 0.472508 0.221913 -0.852931
-0.84976399 -0.79524601 -5.13028479 91 122 68 0.000000 -0.324327 -0.388885 0.862311
-0.88459402 -0.59196502 -5.07835579 101 140 80 0.000000 0.561933 0.213996 -0.799022
-1.13917100 -0.58309901 -5.26453876 100 141 81 0.000000 0.554433 0.046086 -0.830951
-0.89409298 -0.77054900 -5.14611721 88 117 64 0.000000 0.521768 0.095777 -0.847694
-0.96122003 -0.60462999 -5.13851690 100 137 74 0.000000 0.634637 0.254805 -0.729596
-0.99161798 -0.76294899 -5.20184517 82 119 58 0.000000 0.356290 0.244858 -0.901722
-0.79086900 -0.79714602 -5.10558701 95 132 83 0.000000 -0.269133 -0.561875 0.782218
-0.85989600 -0.55460101 -5.05175781 98 139 74 0.000000 0.830102 0.268426 -0.488752
-0.86242902 -0.87757200 -5.17524719 84 126 54 0.000000 0.348714 0.476098 -0.807297
-0.78770298 -0.70152098 -5.03276014 110 148 97 0.000000 0.663079 0.001379 -0.748548
-1.10814095 -0.80981201 -5.27150488 90 132 62 0.000000 0.379847 0.254721 -0.889288
-1.12777197 -0.82437700 -5.28480387 107 145 76 0.000000 0.445289 0.253800 -0.858664
-0.89345998 -0.90353698 -5.20437813 87 129 69 0.000000 0.570500 0.331310 -0.751508
-0.79656899 -0.64769298 -5.04479218 84 125 51 0.000000 0.372261 -0.175433 -0.911397
-0.86686200 -0.68062299 -5.09102201 81 120 57 0.000000 -0.721454 -0.149736 0.676080
-1.03278100 -0.87250602 -5.26390600 72 112 40 0.000000 0.363212 0.514954 -0.776466
-1.12840497 -0.77371502 -5.27910519 84 125 65 0.000000 0.581550 0.167668 -0.796044
-0.91309100 -0.59449798 -5.09925413 103 138 87 0.000000 0.452281 0.357064 -0.817280
-0.88522702 -0.75408298 -5.13408422 85 124 63 0.000000 -0.386517 -0.331080 0.860808
-1.15246999 -0.76611602 -5.29620314 112 144 93 0.000000 0.729664 0.064763 -0.680732
-1.08027601 -0.85794097 -5.26390600 58 98 30 0.000000 0.433403 -0.166693 -0.885650
-0.93019003 -0.54066902 -5.10178709 113 149 89 0.000000 0.595485 0.125599 -0.793488
-0.98718500 -0.81994402 -5.21957588 88 130 59 0.000000 0.458542 0.474978 -0.751089
-0.86876202 -0.83640897 -5.16194820 90 126 73 0.000000 -0.539194 -0.469083 0.699450
-0.91309100 -0.88770503 -5.20944405 92 135 71 0.000000 0.537392 0.212813 -0.816040
-0.85356301 -0.76611602 -5.11825180 83 126 61 0.000000 0.492477 0.372991 -0.786349
-0.88079399 -0.54383600 -5.06252384 108 146 86 0.000000 0.588068 0.151132 -0.794566
-1.14740396 -0.57929897 -5.26643896 66 88 55 0.000000 0.031258 0.485175 -0.873858
-0.84153098 -0.68062299 -5.07455587 103 143 74 0.000000 0.611399 0.151723 -0.776641
-0.82949901 -1.01942599 -5.22337580 99 116 79 0.000000 -0.586228 -0.339395 0.735627
-1.18540001 -0.63122803 -5.28037119 91 126 67 0.000000 0.086111 -0.133295 -0.987328
-1.11003995 -0.72875202 -5.25820589 98 142 74 0.000000 0.538328 0.268379 -0.798859
-1.15246999 -0.69392198 -5.26897192 85 119 62 0.000000 0.390796 0.335188 -0.857279
-0.98971802 -0.75281698 -5.19677877 88 126 64 0.000000 0.259157 0.259157 -0.930417
-1.10434103 -0.65529197 -5.23730898 94 137 66 0.000000 0.441631 0.180467 -0.878860
-1.03278100 -0.68758899 -5.20691109 97 138 66 0.000000 0.412778 -0.149971 -0.898400
-0.85483003 -0.65402597 -5.07645607 88 128 62 0.000000 0.309109 0.918700 -0.245849
-0.77693701 -0.81424499 -5.11318588 114 150 103 0.000000 0.009179 -0.434034 0.900850
-1.13537097 -0.74395102 -5.27783823 106 148 80 0.000000 0.633120 0.237224 -0.736807
-1.09420800 -0.63566101 -5.22780895 88 131 66 0.000000 0.666198 -0.032394 -0.745071
-0.76933801 -0.69202203 -5.01566219 123 152 103 0.000000 0.790824 -0.402690 -0.460910
-1.12333906 -0.56030101 -5.25693989 92 107 73 0.000000 0.167318 0.222652 -0.960433
-0.90359199 -0.72875202 -5.13724995 79 116 55 0.000000 -0.666092 -0.189213 0.721471
-0.94728798 -0.56220102 -5.12015200 103 146 86 0.000000 0.603774 0.340132 -0.720949
-0.95362097 -0.75661600 -5.17714691 91 130 64 0.000000 -0.307400 -0.450958 -0.837939
-0.82696599 -0.66922402 -5.06062412 83 127 68 0.000000 0.563220 0.118496 -0.817766
-1.03214705 -0.86427301 -5.26643896 96 131 81 0.000000 -0.157092 -0.299157 0.941184
-0.95805401 -0.63946003 -5.14611721 88 129 69 0.000000 0.540383 0.159286 -0.826205
-1.08470905 -0.63756001 -5.22400999 92 135 65 0.000000 0.474463 0.109711 -0.873412
-1.02138197 -0.87503898 -5.26833916 93 129 78 0.000000 -0.262736 -0.514589 0.816191
-1.06381094 -0.57423300 -5.20754385 98 138 76 0.000000 0.530876 0.117811 -0.839221
-0.81176698 -0.78574699 -5.10685301 93 130 75 0.000000 -0.346900 -0.451445 0.822106
-0.87509501 -0.68125701 -5.09735394 86 126 65 0.000000 0.605741 0.332914 -0.722666
-0.94348902 -0.79081303 -5.18347979 88 129 65 0.000000 0.529076 0.529076 -0.663444
-0.84343100 -0.65529197 -5.07075596 86 126 66 0.000000 0.570051 0.157101 -0.806450
-0.85672998 -0.79334700 -5.13408422 89 123 68 0.000000 -0.531202 -0.409502 0.741709
-0.89535999 -0.62362802 -5.09355402 89 129 62 0.000000 -0.965588 -0.198836 -0.167646
-0.96185398 -0.92443502 -5.26073885 88 129 73 0.000000 0.509149 0.269366 -0.817441
-1.11573994 -0.79524601 -5.27213907 95 138 66 0.000000 0.531603 0.149560 -0.833684
-0.98275203 -0.53750300 -5.14484978 101 140 83 0.000000 0.682674 0.023830 -0.730335
-0.95108801 -0.78194702 -5.18284702 94 134 64 0.000000 0.381148 0.381148 -0.842290
-1.05367899 -0.66162503 -5.21134377 84 121 59 0.000000 -0.475421 -0.022896 0.879461
-0.98021901 -0.85350800 -5.23224211 80 123 51 0.000000 0.365386 0.617715 -0.696363
-0.95108801 -0.50583899 -5.11951923 109 151 89 0.000000 0.633061 -0.032285 -0.773429
-0.78770298 -0.73445201 -5.04225922 112 151 95 0.000000 0.788682 0.245194 -0.563791
-1.01251602 -0.73571801 -5.20691109 87 124 60 0.000000 -0.611529 -0.181476 0.770129
-0.96945298 -0.52863699 -5.13345098 71 69 64 0.000000 0.610012 -0.103863 -0.785555
-1.02581501 -0.72431898 -5.21197701 96 135 65 0.000000 -0.292907 -0.600220 0.744272
-1.08597600 -0.64579302 -5.22527599 103 146 71 0.000000 0.450625 0.111597 -0.885711
-0.81999999 -0.59513098 -5.03845882 86 125 65 0.000000 0.274993 0.166622 -0.946898
-0.96755302 -0.83261001 -5.21577692 78 121 52 0.000000 0.300938 0.315763 -0.899850
-1.06571102 -0.77434802 -5.24490786 85 128 53 0.000000 0.253271 0.167507 -0.952783
-1.09040904 -0.70152098 -5.24174118 87 127 65 0.000000 0.182228 -0.340441 -0.922439
-0.81430000 -1.00106096 -5.20057821 98 138 71 0.000000 0.476351 0.364080 -0.800334
-1.06191099 -0.86680698 -5.26517200 72 113 26 0.000000 0.086511 0.277611 -0.956790
-0.91372502 -0.55460101 -5.09102201 105 147 84 0.000000 0.673424 0.380344 -0.633907
-0.98148501 -0.62109500 -5.16131496 92 133 70 0.000000 0.563790 -0.006826 -0.825890
-0.98845100 -0.83261001 -5.22527599 78 120 51 0.000000 0.339040 0.522217 -0.782522
-1.11194003 -0.65085900 -5.24047518 97 135 70 0.000000 0.442483 0.136039 -0.886398
-1.04481304 -0.78194702 -5.23857498 94 136 63 0.000000 0.568709 0.173479 -0.804037
-0.90929198 -0.49317300 -5.07519007 100 143 86 0.000000 0.609538 0.119546 -0.783691
-1.03594697 -0.76041597 -5.22844315 94 133 65 0.000000 -0.649522 -0.315852 0.691635
-0.89472598 -0.69138902 -5.11255312 81 117 56 0.000000 -0.350223 -0.244717 0.904133
-1.06444502 -0.84717500 -5.25820589 71 112 36 0.000000 0.133729 0.309332 -0.941504
-0.81239998 -0.83007699 -5.12838507 88 125 73 0.000000 -0.381500 -0.514619 0.767870
-0.84659702 -0.52040398 -5.03339291 107 131 98 0.000000 0.696556 0.244821 -0.674443
-0.85736299 -0.63692701 -5.07392311 91 132 71 0.000000 0.546300 0.340028 -0.765465
-1.17843401 -0.67745697 -5.27087212 84 124 59 0.000000 -0.064090 0.197108 -0.978285
-0.99541700 -0.71355402 -5.19044590 87 124 63 0.000000 0.984401 -0.174261 -0.024235
-0.82569897 -0.72685200 -5.07645607 96 133 84 0.000000 0.690389 0.506508 -0.516538
-0.85609698 -0.59703100 -5.06062412 87 130 65 0.000000 0.333966 0.286469 -0.897999
-1.02834797 -0.76421601 -5.22590923 90 130 63 0.000000 -0.531637 -0.501450 0.682576
-1.06254494 -0.69518900 -5.22590923 91 116 64 0.000000 0.600599 -0.229320 -0.765959
-1.05747795 -0.61159599 -5.20501089 97 140 76 0.000000 0.571011 0.078711 -0.817161
-0.91815799 -0.56220102 -5.09798813 109 151 88 0.000000 0.674220 0.286664 -0.680626
-1.04101300 -0.68062299 -5.20881081 95 136 67 0.000000 0.411769 0.103982 -0.905337
-0.76870400 -0.80157900 -5.10052109 111 148 101 0.000000 -0.103490 -0.808970 0.578669
-0.77313697 -0.91746902 -5.13915110 98 137 81 0.000000 0.649592 0.395045 -0.649592
-0.97958499 -0.83134300 -5.22147703 87 129 55 0.000000 0.292895 0.244317 -0.924404
-0.94602197 -0.69328898 -5.15181589 91 133 67 0.000000 0.758233 0.165626 -0.630595
-0.94665498 -0.76611602 -5.17714691 87 127 60 0.000000 0.261745 0.030721 -0.964648
-1.14107096 -0.77751499 -5.28733683 102 143 77 0.000000 0.562616 -0.054993 -0.824888
-0.81809998 -0.76548201 -5.09355402 88 131 67 0.000000 0.465381 0.538774 -0.702241
-1.04481304 -0.59513098 -5.19487906 103 145 78 0.000000 0.532001 0.102363 -0.840533
-0.92638999 -0.60589701 -5.11065292 103 142 85 0.000000 0.800924 0.151203 -0.579360
-0.81620002 -0.73065197 -5.07265711 89 130 80 0.000000 0.426628 0.585992 -0.688914
-1.18603396 -0.66289198 -5.27150488 95 132 71 0.000000 0.483948 -0.310547 -0.818141
-1.09737504 -0.64452702 -5.23034191 90 134 65 0.000000 0.507034 0.183968 -0.842065
-0.99225098 -0.49317300 -5.16954803 137 169 122 0.000000 0.852026 -0.277868 -0.443668
-0.93842202 -0.61476302 -5.12458515 103 142 83 0.000000 0.482773 0.277866 -0.830494
-1.14677000 -0.68822300 -5.26453876 81 114 55 0.000000 0.333966 0.286469 -0.897999
-0.99415100 -0.51153803 -5.16258192 107 149 93 0.000000 0.769965 -0.364720 -0.523576
-0.87826103 -0.69708800 -5.10368681 92 132 70 0.000000 0.601937 0.300166 -0.739981
-0.91435802 -0.71988600 -5.14104986 90 128 60 0.000000 -0.355719 -0.205943 0.911620
-0.94855499 -0.52420402 -5.11445284 97 134 76 0.000000 0.689650 0.165942 -0.704874
-0.79213601 -0.76674902 -5.08088923 90 126 70 0.000000 -0.413458 -0.602751 0.682454
-1.09294200 -0.72178602 -5.24807405 94 136 70 0.000000 0.325590 -0.071917 -0.942772
-0.81873298 -0.65782499 -5.05555820 84 126 61 0.000000 0.332624 0.001246 -0.943059
-1.13473797 -0.60462999 -5.25630713 102 142 75 0.000000 0.624103 -0.322589 -0.711640
-0.82759899 -0.64642602 -5.05935812 90 131 65 0.000000 0.481712 0.014760 -0.876205
-0.83646500 -0.71735299 -5.08025599 100 136 87 0.000000 0.647752 0.323064 -0.689961
-0.94095600 -0.53687000 -5.11002016 102 143 87 0.000000 0.649520 -0.006925 -0.760313
-0.82063299 -0.90733600 -5.16638088 91 134 65 0.000000 0.412545 0.331593 -0.848441
-0.96375400 -0.74775100 -5.18221283 90 130 62 0.000000 0.427566 0.205646 -0.880283
-0.77947003 -0.83007699 -5.12015200 115 152 105 0.000000 -0.064613 -0.457790 0.886710
-0.98718500 -0.86110699 -5.24490786 90 125 71 0.000000 -0.150979 -0.496910 0.854568
-0.94602197 -0.50013900 -5.11382008 106 147 86 0.000000 0.775996 -0.079478 -0.625710
-0.88966000 -0.58753198 -5.07962179 104 145 81 0.000000 0.484807 0.332212 -0.809072
-0.90929198 -0.53117001 -5.08278894 104 146 83 0.000000 0.540349 0.223221 -0.811293
-0.88079399 -0.91936898 -5.20184517 80 123 64 0.000000 0.585773 0.452263 -0.672554
-1.12460601 -0.67049098 -5.24997377 85 125 66 0.000000 0.301154 0.277876 -0.912190
-0.76997101 -0.91493601 -5.13535118 110 145 95 0.000000 0.626962 0.198718 -0.753279
-0.95932102 -0.50457197 -5.12648487 105 147 87 0.000000 0.703908 0.032445 -0.709550
-0.89599299 -0.72558600 -5.12965202 86 124 58 0.000000 -0.437945 -0.135520 0.888729
-1.06571102 -0.76864898 -5.24554110 89 131 56 0.000000 0.204225 -0.039412 -0.978130
-0.85483003 -0.80031300 -5.13661718 82 123 62 0.000000 0.379408 -0.721039 -0.579787
-1.13283801 -0.56473398 -5.25947285 86 105 72 0.000000 0.244717 0.350223 -0.904133
-1.06444502 -0.76358300 -5.24427414 84 125 60 0.000000 -0.230441 0.159334 -0.959953
-1.13600504 -0.72178602 -5.27213907 89 131 67 0.000000 0.451931 0.299735 -0.840189
-0.85546303 -0.61666203 -5.06695700 91 121 66 0.000000 0.751508 0.570500 -0.331310
-1.03594697 -0.61919498 -5.19361210 88 123 66 0.000000 -0.260346 0.482179 0.836495
-0.94285500 -0.63502699 -5.13281822 96 137 72 0.000000 0.625257 0.135796 -0.768514
-0.81746697 -0.74331802 -5.07835579 88 131 74 0.000000 0.491682 0.285644 -0.822591
-0.81239998 -0.68758899 -5.05302477 95 132 74 0.000000 0.468984 0.047856 -0.881909
-1.12017298 -0.79144698 -5.27467203 91 134 63 0.000000 0.586929 0.167478 -0.792127
-0.97578597 -0.50837201 -5.14231682 102 138 77 0.000000 0.734181 -0.300420 -0.608872
-1.06254494 -0.60462999 -5.20691109 102 143 78 0.000000 0.491076 0.006690 -0.871091
-0.80036801 -0.74395102 -5.06569099 98 137 94 0.000000 0.690301 0.611221 -0.387161
-0.98275203 -0.75471699 -5.19361210 99 120 71 0.000000 0.673271 0.133455 -0.727252
-0.80416799 -0.99726200 -5.19361210 95 134 77 0.000000 0.436180 0.348000 -0.829845
-1.09927499 -0.60019702 -5.23160887 94 133 73 0.000000 0.522988 -0.086927 -0.847896
-1.04544604 -0.83197600 -5.24934101 74 116 46 0.000000 0.269386 0.205838 -0.940777
-1.05241203 -0.72241902 -5.22717619 90 128 64 0.000000 -0.560008 0.001356 0.828486
-0.97831899 -0.72368598 -5.18221283 87 124 60 0.000000 -0.584958 -0.356841 0.728346
-0.82126600 -0.92253500 -5.17208099 78 119 57 0.000000 0.253767 0.270780 -0.928591
-1.06697798 -0.68568999 -5.22464323 86 126 62 0.000000 0.212622 -0.070055 -0.974620
-0.93272299 -0.69455498 -5.14295006 89 128 62 0.000000 0.492337 -0.213598 -0.843789
-0.84153098 -0.85540801 -5.15941477 93 129 74 0.000000 -0.498603 -0.372742 0.782597
-1.06254494 -0.75091702 -5.23984098 95 138 59 0.000000 0.244540 0.103706 -0.964077
-0.83963102 -0.61729598 -5.05809116 90 122 71 0.000000 0.284261 0.015997 -0.958613
-1.05621195 -0.74015099 -5.23350906 82 125 58 0.000000 0.347807 0.253884 -0.902537
-0.92005700 -0.61539602 -5.11002016 101 142 78 0.000000 0.434634 0.206192 -0.876686
-1.05811203 -0.73001897 -5.23097610 80 123 56 0.000000 0.310792 0.198288 -0.929564
-1.04227996 -0.61159599 -5.19614601 99 140 70 0.000000 0.339517 0.260149 -0.903908
-1.07267702 -0.84337503 -5.26010609 68 108 38 0.000000 0.428616 0.101918 -0.897720
-1.07267702 -0.71228701 -5.23477507 81 118 58 0.000000 -0.476856 0.563861 -0.674291
-1.04671299 -0.78954703 -5.24047518 90 134 62 0.000000 0.465682 0.006634 -0.884928
-0.75730503 -0.83830899 -5.12395191 129 164 123 0.000000 0.056098 -0.127080 0.990305
-0.79910201 -0.89783698 -5.14928293 85 128 65 0.000000 0.492029 0.157155 -0.856277
-1.14550400 -0.74521703 -5.28670406 109 152 82 0.000000 0.628547 0.006907 -0.777741
-0.97325301 -0.50267297 -5.14104986 113 154 95 0.000000 0.844241 -0.236632 -0.480897
-0.77947003 -0.88517201 -5.13408422 91 133 70 0.000000 0.477392 0.150371 -0.865728
-0.85546303 -0.68442303 -5.08532190 93 133 71 0.000000 0.483358 0.206293 -0.850770
-0.80416799 -0.96496397 -5.17904711 97 140 71 0.000000 0.285206 0.413320 -0.864769
-0.88966000 -0.52420402 -5.06759024 92 130 71 0.000000 0.918050 -0.024812 -0.395688
-0.99984998 -0.78954703 -5.21387720 75 115 51 0.000000 0.300690 0.427134 -0.852726
-1.10687399 -0.77624798 -5.26453876 90 133 66 0.000000 0.357267 0.158318 -0.920487
-1.09357500 -0.64135998 -5.22844315 89 132 64 0.000000 0.428616 0.101918 -0.897720
-1.15057003 -0.63819402 -5.25693989 94 127 67 0.000000 0.491293 -0.014806 -0.870868
-0.93208998 -0.57866597 -5.11128616 95 134 66 0.000000 -0.396108 -0.222351 0.890875
-1.01504898 -0.69012201 -5.19614601 90 132 69 0.000000 0.515013 0.120411 -0.848683
-0.87129498 -0.97129703 -5.23160887 88 124 65 0.000000 -0.475125 -0.291306 0.830300
-0.80416799 -0.82374400 -5.12331915 89 126 70 0.000000 -0.015434 -0.040128 0.999075
-0.83899802 -0.61222899 -5.05619097 81 120 64 0.000000 0.492556 0.300569 -0.816730
-0.87952799 -0.65655899 -5.09355402 84 125 64 0.000000 0.348846 0.277593 -0.895125
-0.88966000 -0.91746902 -5.20817804 94 136 72 0.000000 0.570273 0.459898 -0.680649
-0.81746697 -0.89213800 -5.15941477 87 124 65 0.000000 -0.333720 -0.379857 0.862751
-0.77377099 -0.79081303 -5.09355402 100 138 80 0.000000 -0.158216 -0.451424 0.878171
-0.86116302 -0.64262700 -5.07772303 89 129 64 0.000000 0.570987 -0.238041 -0.785691
-0.97705197 -0.93013400 -5.28607082 79 91 63 0.000000 -0.697710 0.047085 0.714832
-1.10814095 -0.84527498 -5.27910519 112 152 97 0.000000 0.781725 -0.015273 -0.623436
-1.05811203 -0.71798700 -5.22907591 94 131 69 0.000000 -0.585116 -0.260227 0.768063
-0.94285500 -0.66542500 -5.14231682 97 125 72 0.000000 0.572306 0.548671 -0.609447
-0.98275203 -0.80917799 -5.21387720 85 127 52 0.000000 0.545617 0.354570 -0.759330
-1.03657997 -0.73318499 -5.22147703 97 137 68 0.000000 0.992979 0.118289 0.001085
-0.97071999 -0.80284601 -5.20501089 82 127 55 0.000000 0.424730 0.411908 -0.806186
-1.04544604 -0.82247698 -5.24554110 80 123 51 0.000000 0.349434 0.412113 -0.841462
-0.93019003 -0.70658797 -5.14548302 91 128 65 0.000000 -0.316917 -0.744836 0.587182
-0.84343100 -0.62299502 -5.06189108 81 117 60 0.000000 -0.554068 0.655113 0.513649
-0.83393198 -0.60906303 -5.05112505 78 114 54 0.000000 -0.674220 -0.286664 0.680626
-0.79656899 -0.85034102 -5.13281822 96 136 79 0.000000 -0.438407 -0.239542 0.866268
-0.81239998 -0.81297803 -5.12078524 89 125 72 0.000000 -0.325366 -0.533729 0.780558
-1.00744998 -0.88580501 -5.27087212 94 131 77 0.000000 -0.245403 -0.579901 0.776848
-0.95488799 -0.53496999 -5.12141895 107 142 87 0.000000 0.676210 0.104599 -0.729246
-1.13093901 -0.78954703 -5.28290415 82 125 63 0.000000 0.262509 0.001199 -0.964929
-1.09294200 -0.62299502 -5.22780895 109 129 77 0.000000 0.556207 0.087671 -0.826406
-0.89156002 -0.63059402 -5.09292078 92 134 68 0.000000 0.458351 0.158604 -0.874505
-0.90295899 -0.53560299 -5.07898903 94 134 76 0.000000 0.581124 0.063938 -0.811300
-0.98845100 -0.74775100 -5.19551182 96 134 67 0.000000 0.354085 0.095590 -0.930315
-0.87129498 -0.62869501 -5.07898903 100 140 71 0.000000 0.546361 0.196325 -0.814215
-1.06571102 -0.62996101 -5.21261120 97 140 68 0.000000 0.467607 0.070765 -0.881099
-0.91055799 -0.54953498 -5.08658791 100 142 85 0.000000 0.533729 0.325366 -0.780558
-0.91119200 -0.62932801 -5.10621977 100 142 76 0.000000 0.545385 0.254721 -0.798544
-1.06761098 -0.59766400 -5.21071100 94 104 74 0.000000 0.765461 -0.119927 -0.632208
-1.03657997 -0.64199299 -5.19931221 109 119 79 0.000000 0.570445 -0.093871 -0.815954
-1.11764002 -0.83640897 -5.28480387 100 142 79 0.000000 0.499608 0.269259 -0.823342
-1.09927499 -0.69012201 -5.24300814 90 134 66 0.000000 0.404299 0.351225 -0.844502
-0.82886600 -0.65149301 -5.06062412 86 128 64 0.000000 0.490003 0.150658 -0.858603
-0.94222200 -0.62489498 -5.13091803 94 134 74 0.000000 0.418819 0.198388 -0.886133
-0.91435802 -0.52673697 -5.08595514 106 147 86 0.000000 0.710725 0.251682 -0.656906
-0.97008598 -0.64262700 -5.15561581 88 127 69 0.000000 0.539479 0.048790 -0.840584
-0.79213601 -0.71925300 -5.04099321 115 155 100 0.000000 0.687223 0.206322 -0.696531
-1.11700594 -0.64452702 -5.24174118 83 119 57 0.000000 0.498342 0.101382 -0.861032
-1.07647705 -0.83134300 -5.26010609 74 116 49 0.000000 0.450177 -0.230358 -0.862714
-0.85546303 -0.60716301 -5.06378984 87 128 66 0.000000 0.101712 0.048062 -0.993652
-1.00364995 -0.66859102 -5.18474579 86 124 63 0.000000 -0.150077 -0.545328 -0.824678
-0.94158900 -0.55460101 -5.11571884 102 144 77 0.000000 0.597226 0.246101 -0.763384
-0.85926300 -0.82564402 -5.14991617 85 119 67 0.000000 -0.330222 -0.401538 0.854237
-1.13917100 -0.74458402 -5.28100395 100 144 73 0.000000 0.647020 0.251531 -0.719790
-0.93082303 -0.87250602 -5.21641016 86 128 68 0.000000 0.529509 0.339594 -0.777365
-1.09040904 -0.74141800 -5.25060701 89 132 62 0.000000 0.436417 0.277163 -0.855991
-1.13727105 -0.69708800 -5.26390600 94 138 67 0.000000 0.357234 0.245507 -0.901171
-1.13410497 -0.73951799 -5.27593803 102 145 74 0.000000 0.586929 0.167478 -0.792127
-0.98148501 -0.81487799 -5.21450996 83 125 54 0.000000 0.556541 0.395653 -0.730562
-1.15943599 -0.71671999 -5.28353691 88 125 70 0.000000 -0.680192 -0.405467 0.610684
-0.77757001 -0.90797001 -5.13851690 99 139 78 0.000000 0.601942 0.285803 -0.745642
-0.81683302 -0.77941400 -5.10432005 89 126 70 0.000000 -0.489305 -0.516025 0.703063
-0.93462300 -0.54130203 -5.10495281 104 139 85 0.000000 0.585387 -0.079106 -0.806885
-0.96438700 -0.80284601 -5.20184517 83 126 55 0.000000 0.499367 0.315473 -0.806913
-0.94982100 -0.69328898 -5.15498304 90 129 66 0.000000 0.302060 -0.190701 -0.934020
-0.76427102 -0.89973700 -5.12711811 105 125 91 0.000000 0.626370 -0.126464 -0.769200
-0.93335599 -0.54636902 -5.10495281 100 133 75 0.000000 0.579915 0.643790 -0.499232
-0.81366700 -0.74775100 -5.07835579 87 129 71 0.000000 0.316653 0.412421 -0.854190
-0.87382799 -0.76294899 -5.13028479 87 128 66 0.000000 0.064138 0.015772 -0.997816
-0.81620002 -0.64199299 -5.05239201 85 124 62 0.000000 0.040089 -0.847394 0.529449
-0.87129498 -0.85857397 -5.17398119 85 116 61 0.000000 0.500602 -0.865652 0.006710
-0.91119200 -0.46847600 -5.07265711 83 106 78 0.000000 0.397638 -0.697930 -0.595633
-0.81493402 -0.64959300 -5.05302477 89 131 62 0.000000 0.426379 0.055497 -0.902841
-0.87636101 -0.62362802 -5.08088923 86 127 61 0.000000 0.928807 0.236810 -0.285023
-0.80670100 -0.68252301 -5.04985905 95 137 75 0.000000 0.483095 -0.150329 -0.862566
-1.13790500 -0.62299502 -5.25187302 94 135 69 0.000000 0.481699 -0.253931 -0.838741
-0.89725900 -0.92633498 -5.21767712 97 138 74 0.000000 0.539458 -0.078285 -0.838366
-0.92575699 -0.83767599 -5.19551182 91 132 65 0.000000 0.363251 0.436218 -0.823263
-0.93778902 -0.57993197 -5.11761904 109 149 84 0.000000 0.595680 0.135179 -0.791765
-1.15563595 -0.76928198 -5.29936886 108 136 84 0.000000 0.697128 -0.086228 -0.711743
-1.16133595 -0.77434802 -5.30506897 128 156 103 0.000000 0.617163 -0.205721 -0.759466
-0.91309100 -0.73255199 -5.14484978 80 118 57 0.000000 -0.473412 -0.389394 0.790097
-1.05621195 -0.75978303 -5.23920822 91 132 61 0.000000 0.238699 -0.469796 -0.849891
-0.80163503 -0.91493601 -5.15751600 97 139 79 0.000000 0.506028 0.252240 -0.824810
-1.04544604 -0.52230400 -5.19804478 172 94 107 0.000000 0.817938 0.564246 0.112266
-1.07267702 -0.80031300 -5.25250721 77 120 51 0.000000 0.159192 0.174474 -0.971708
-0.88396102 -0.79398000 -5.14928293 93 135 56 0.000000 0.474747 0.284848 -0.832753
-1.18160105 -0.72748601 -5.31520081 73 79 67 0.000000 0.127318 0.956852 -0.261198
-0.74527299 -0.83134300 -5.12331915 131 154 128 0.000000 0.062295 -0.364491 0.929121
-1.09800804 -0.57993197 -5.23414183 106 148 84 0.000000 0.593947 -0.267672 -0.758669
-0.90485901 -0.88960499 -5.20691109 90 132 62 0.000000 0.492365 0.509056 -0.706002
-0.91562402 -0.78764701 -5.16701508 87 127 61 0.000000 0.388102 0.228729 -0.892782
-1.14043796 -0.74965000 -5.28417110 102 145 78 0.000000 0.587875 0.198005 -0.784345
-1.03404701 -0.86300701 -5.25820589 74 114 41 0.000000 0.381723 0.445610 -0.809765
-0.85039699 -0.99409503 -5.22717619 94 130 69 0.000000 -0.538343 -0.461675 0.705013
-1.04987895 -0.74711698 -5.23160887 96 138 67 0.000000 0.475390 0.309082 -0.823695
-1.01631498 -0.65719199 -5.19044590 93 134 66 0.000000 0.371347 0.346693 -0.861339
-0.80670100 -0.95229900 -5.17651415 95 138 67 0.000000 0.696582 0.070962 -0.713960
-0.87319499 -0.82691002 -5.15624905 86 127 60 0.000000 0.334327 0.405858 -0.850591
-1.00934899 -0.65972501 -5.18601322 93 132 68 0.000000 0.204554 0.001156 -0.978855
-1.12650597 -0.60083002 -5.25123978 97 135 72 0.000000 0.632910 -0.182364 -0.752442
-1.15500295 -0.62806100 -5.26200581 96 102 78 0.000000 0.627937 -0.286007 -0.723806
-0.79846799 -1.00549400 -5.19234610 106 124 100 0.000000 0.658057 0.365952 -0.658057
-0.94665498 -0.82817698 -5.20121098 82 123 58 0.000000 0.413758 0.254273 -0.874157
-1.10370803 -0.57423300 -5.23984098 103 141 80 0.000000 0.520855 -0.299214 -0.799488
-1.02454805 -0.75915003 -5.22274303 95 137 68 0.000000 0.505730 0.164622 -0.846839
-1.14233696 -0.60209697 -5.26517200 113 154 88 0.000000 0.719298 -0.315198 -0.619081
-0.78896898 -0.77371502 -5.08468914 87 126 69 0.000000 -0.452793 -0.656634 0.603167
-1.05747795 -0.77624798 -5.24364090 93 135 58 0.000000 0.468404 0.165924 -0.867795
-1.09927499 -0.70468801 -5.24617386 100 142 70 0.000000 0.354085 0.095590 -0.930315
-1.15943599 -0.63059402 -5.26390600 57 49 47 0.000000 0.498574 -0.300402 -0.813131
-1.07267702 -0.66669101 -5.22337580 94 136 67 0.000000 0.640181 0.370285 -0.673095
-1.17780101 -0.71671999 -5.29050303 77 114 55 0.000000 -0.467767 0.759916 -0.451354
-0.78960198 -0.69835502 -5.03465986 109 148 92 0.000000 0.618142 -0.191732 -0.762325
-0.91815799 -0.72748601 -5.14738321 84 121 58 0.000000 -0.491285 -0.279174 0.825046
-0.91372502 -0.74015099 -5.14801598 82 118 60 0.000000 -0.499608 -0.269259 0.823342
-1.02771401 -0.64389300 -5.19424486 96 134 67 0.000000 0.426958 -0.038814 -0.903438
-1.11890602 -0.68758899 -5.25123978 96 141 69 0.000000 0.332824 0.299990 -0.893999
-0.84912997 -0.75851601 -5.11255312 85 128 65 0.000000 0.530824 0.317219 -0.785874
-0.98591799 -0.84717500 -5.23224211 84 127 54 0.000000 0.341118 0.308058 -0.888110
-1.14803696 -0.60272998 -5.27023888 104 142 78 0.000000 0.643790 -0.499232 -0.579915
-0.97325301 -0.79588002 -5.20247793 88 131 57 0.000000 0.300835 0.364328 -0.881342
-0.97641897 -0.74141800 -5.18601322 105 127 76 0.000000 0.650785 0.149484 -0.744401
-1.01314902 -0.66479099 -5.18981314 87 126 63 0.000000 -0.679502 -0.370189 0.633434
-0.87889397 -0.95546502 -5.21957588 76 120 72 0.000000 0.388711 0.443099 -0.807816
-1.05937803 -0.61476302 -5.20627785 94 135 73 0.000000 0.670310 0.117416 -0.732733
-0.84849697 -0.65085900 -5.07202291 85 126 64 0.000000 0.459594 0.586610 -0.666830
-0.84279799 -1.00802696 -5.22780895 104 135 76 0.000000 -0.468630 -0.294256 0.832946
-0.94158900 -0.64516002 -5.13345098 99 138 75 0.000000 0.586714 0.253246 -0.769177
-0.82696599 -0.59639800 -5.04225922 93 134 70 0.000000 0.433611 0.030686 -0.900577
-0.77630401 -0.92000198 -5.14358282 97 137 80 0.000000 0.543228 0.133967 -0.828828
-1.04671299 -0.53433597 -5.18728018 152 95 107 0.000000 0.199163 0.356775 0.912713
-0.84976399 -0.56093401 -5.04669189 94 136 74 0.000000 0.600565 0.221914 -0.768164
-0.91689098 -0.71038699 -5.13788414 87 126 62 0.000000 -0.776848 -0.245403 0.579901
-0.90359199 -0.63376099 -5.10305405 96 139 71 0.000000 0.394905 0.038302 -0.917923
-0.96058702 -0.75471699 -5.18094683 94 134 63 0.000000 0.616892 -0.135925 -0.775222
-1.14170396 -0.79524601 -5.28733683 92 135 64 0.000000 0.342195 -0.064243 -0.937430
-1.02898097 -0.81044501 -5.23540783 90 133 57 0.000000 0.452946 0.213767 -0.865531
-0.93208998 -0.60653001 -5.11635303 100 138 82 0.000000 0.591296 0.198123 -0.781739
-0.83583200 -0.54446900 -5.03149414 107 148 90 0.000000 0.630552 0.206053 -0.748296
-1.10877395 -0.73888499 -5.25884008 95 138 72 0.000000 0.310306 0.230227 -0.922337
-1.05621195 -0.58626503 -5.20247793 114 138 87 0.000000 0.500118 -0.126117 -0.856724
-0.85989600 -0.76928198 -5.12331915 85 127 61 0.000000 0.549406 0.388684 -0.739647
-0.87192798 -0.95293200 -5.21261120 86 128 68 0.000000 0.547869 0.451284 -0.704402
-0.94158900 -0.90543598 -5.23794222 95 138 66 0.000000 0.619081 0.315198 -0.719298
-0.88775998 -0.91050297 -5.20184517 86 128 72 0.000000 0.595557 0.260655 -0.759849
-0.96881998 -0.82817698 -5.21450996 79 123 53 0.000000 0.437330 0.315936 -0.841978
-0.94348902 -0.85857397 -5.21767712 86 129 63 0.000000 0.570049 0.492697 -0.657490
-1.13410497 -0.64642602 -5.24870682 85 127 60 0.000000 0.325572 0.134860 -0.935850
-0.77566999 -0.94533300 -5.14991617 123 136 118 0.000000 0.768270 0.079576 -0.635161
-0.95805401 -0.61666203 -5.14041710 101 141 78 0.000000 0.635056 0.199324 -0.746307
-0.98465198 -0.73508501 -5.18981314 93 132 62 0.000000 0.157719 0.496740 -0.853449
-1.11890602 -0.79904598 -5.27467203 93 136 63 0.000000 0.612658 0.142304 -0.777431
-0.88902700 -0.56473398 -5.07519007 102 144 81 0.000000 0.529599 0.133500 -0.837677
-0.82316601 -0.77688098 -5.10875320 91 128 69 0.000000 -0.474997 -0.481617 0.736494
-0.90929198 -0.84337503 -5.18728018 81 119 62 0.000000 -0.586877 -0.379744 0.715102
-0.86306298 -0.98206300 -5.22147703 88 128 72 0.000000 0.617492 0.293509 -0.729764
-0.95298803 -0.85794097 -5.22210979 74 117 55 0.000000 0.404562 0.515940 -0.755073
-0.81430000 -0.92126799 -5.16701508 80 121 64 0.000000 0.634748 0.365759 -0.680673
-0.90042597 -0.59893101 -5.09038782 99 131 81 0.000000 0.393366 0.252771 -0.883951
-1.10180795 -0.59576398 -5.23350906 100 140 78 0.000000 0.515013 -0.120411 -0.848683
-0.99035102 -0.80791199 -5.21704292 84 119 57 0.000000 0.421006 0.411401 -0.808395
-1.06887698 -0.68885601 -5.22590923 92 132 64 0.000000 0.405351 0.213731 -0.888825
-0.88459402 -0.87757200 -5.18791294 100 123 80 0.000000 0.983039 0.183394 0.001139
-0.82886600 -0.92063498 -5.17524719 85 126 57 0.000000 0.362631 0.206598 -0.908744
-0.97768599 -0.50267297 -5.14674997 119 160 101 0.000000 0.744401 -0.149484 -0.650785
-0.82190001 -0.67112398 -5.05809116 94 136 74 0.000000 0.522898 -0.077939 -0.848824
-0.78706902 -0.77814800 -5.08785486 95 132 75 0.000000 -0.445632 -0.682635 0.579155
-0.79593498 -0.94723302 -5.16638088 94 136 73 0.000000 0.498938 0.286224 -0.818008
-0.80986702 -0.63882703 -5.04859209 83 122 57 0.000000 0.769261 -0.568585 -0.291459
-1.06127799 -0.59956402 -5.20691109 101 140 79 0.000000 0.578378 0.094222 -0.810309
-0.81999999 -0.76041597 -5.09165478 96 139 67 0.000000 0.507107 0.110615 -0.854755
-1.07457697 -0.71482003 -5.23667479 89 126 62 0.000000 -0.591826 -0.006866 0.806037
-0.97705197 -0.53687000 -5.13915110 73 92 57 0.000000 0.686096 0.001380 -0.727510
-0.90612501 -0.90923601 -5.21767712 95 133 80 0.000000 0.277772 0.213563 -0.936607
-0.98781800 -0.65402597 -5.17398119 195 127 143 0.000000 0.674455 0.261847 -0.690324
-0.87636101 -0.54383600 -5.06062412 101 141 84 0.000000 0.626716 0.275883 -0.728777
-0.99415100 -0.72052002 -5.19171190 93 133 66 0.000000 0.639774 0.307801 -0.704235
-0.88649398 -0.75725001 -5.13535118 86 124 64 0.000000 -0.276210 -0.267623 0.923085
-0.87889397 -0.64135998 -5.08848810 91 132 65 0.000000 0.190279 -0.056246 -0.980117
-1.05747795 -0.71292001 -5.22590923 91 133 61 0.000000 0.437945 0.135520 -0.888729
-0.78960198 -0.80031300 -5.10685301 98 135 87 0.000000 -0.394422 -0.538443 0.744655
-0.92765701 -0.61856198 -5.11571884 101 142 85 0.000000 0.491124 0.196750 -0.848579
-0.80733401 -0.97826302 -5.18664598 87 130 66 0.000000 0.620627 0.094919 -0.778339
-1.08724201 -0.63502699 -5.22464323 91 134 68 0.000000 0.505696 0.126062 -0.853452
-0.84786397 -0.62362802 -5.06442404 79 119 60 0.000000 0.244717 0.350223 -0.904133
-1.11510706 -0.62806100 -5.23920822 86 123 59 0.000000 0.520370 -0.023219 -0.853625
-0.85863000 -1.00486100 -5.23730898 84 97 67 0.000000 -0.581802 -0.274255 0.765696
-0.82823199 -0.76611602 -5.10305405 84 125 62 0.000000 -0.516830 -0.014922 0.855958
-0.87002897 -0.84907502 -5.16828108 81 122 57 0.000000 0.559357 0.429892 -0.708740
-1.00238299 -0.78701401 -5.21450996 93 132 57 0.000000 0.338713 0.442690 -0.830240
-1.05937803 -0.51090503 -5.19234610 187 115 137 0.000000 0.286122 0.548532 0.785650
-1.07837701 -0.85477400 -5.26390600 58 96 28 0.000000 0.182060 -0.055927 -0.981696
-0.83393198 -0.81804401 -5.13281822 90 129 67 0.000000 -0.832392 -0.380657 0.402770
-0.80290103 -0.95989799 -5.17651415 92 136 69 0.000000 0.373094 0.357613 -0.856104
-1.05811203 -0.50267297 -5.20627785 95 53 61 0.000000 0.788060 0.435294 -0.435294
-1.08217597 -0.67808998 -5.22970915 92 135 68 0.000000 0.482854 0.128281 -0.866254
-0.81239998 -0.60209697 -5.03592587 81 118 62 0.000000 0.212443 -0.530344 0.820734
-0.97958499 -0.88707101 -5.25757313 97 130 80 0.000000 -0.205496 -0.386216 0.899227
-0.96692002 -0.66289198 -5.15688181 90 82 60 0.000000 -0.436417 -0.277163 0.855991
-0.77377099 -0.90797001 -5.13535118 101 140 82 0.000000 0.611129 0.325827 -0.721359
-1.13030505 -0.67872298 -5.25377417 99 141 74 0.000000 0.373772 0.230126 -0.898519
-0.80100101 -0.58436501 -5.01756096 101 144 88 0.000000 0.470211 0.557225 -0.684399
-1.12713897 -0.76864898 -5.27657080 92 127 72 0.000000 0.592576 0.191400 -0.782445
-1.07837701 -0.78321397 -5.25187302 85 123 54 0.000000 0.362010 0.174617 -0.915673
-0.87382799 -0.74585098 -5.12395191 88 126 63 0.000000 -0.577877 -0.221545 0.785478
-0.77883703 -0.61982900 -5.03022718 99 136 87 0.000000 0.072404 -0.552261 0.830521
-0.99541700 -0.50900501 -5.16574812 108 151 92 0.000000 0.753390 -0.310030 -0.579901
-1.13473797 -0.64135998 -5.24870682 92 133 62 0.000000 0.278304 0.038688 -0.959713
-0.86559600 -0.97826302 -5.22970915 86 122 62 0.000000 -0.539826 -0.133853 0.831067
-0.89092702 -0.70595402 -5.11635303 90 131 62 0.000000 0.646979 -0.142606 -0.749054
-0.85926300 -0.83261001 -5.15371609 68 78 50 0.000000 -0.395896 -0.547027 0.737583
-1.00428295 -0.57043302 -5.16194820 99 142 84 0.000000 0.515791 0.277493 -0.810529
-0.83963102 -0.53243703 -5.03149414 103 142 83 0.000000 0.508455 0.101691 -0.855063
-1.07774305 -0.77308202 -5.24997377 87 124 59 0.000000 0.467431 0.079533 -0.880445
-0.86179602 -0.79398000 -5.13598394 78 120 58 0.000000 0.199512 0.397568 -0.895620
-1.05494499 -0.65465897 -5.21071100 91 130 62 0.000000 0.032749 0.134386 -0.990388
-1.14803696 -0.74015099 -5.28797102 109 151 87 0.000000 0.509149 0.269366 -0.817441
-0.94412202 -0.62742800 -5.13218498 97 138 75 0.000000 0.468061 0.188710 -0.863312
-0.79593498 -0.70658797 -5.04289198 113 153 98 0.000000 0.607935 0.141901 -0.781204
-0.86622900 -0.56473398 -5.05809116 100 142 77 0.000000 0.585743 0.174058 -0.791586
-0.97325301 -0.82817698 -5.21704292 85 127 56 0.000000 0.358339 0.255114 -0.898059
-1.12017298 -0.68252301 -5.25060701 93 137 65 0.000000 0.363837 0.096031 -0.926499
-0.91119200 -0.86300701 -5.19614601 89 126 75 0.000000 0.476098 0.348714 -0.807297
-0.91182500 -0.86870599 -5.19867802 88 129 71 0.000000 0.545464 0.372870 -0.750624
-0.86179602 -0.51850498 -5.05049181 109 151 86 0.000000 0.475046 0.001323 -0.879960
-0.83456498 -0.60209697 -5.05049181 98 142 74 0.000000 0.549082 0.373115 -0.747860
-0.79276901 -0.59513098 -5.02009392 95 133 77 0.000000 0.585999 0.548846 -0.596132
-1.04734600 -0.70595402 -5.21894312 92 135 63 0.000000 0.365096 0.325378 -0.872258
-0.82759899 -0.67745697 -5.06189108 91 132 70 0.000000 0.730168 0.149662 -0.666675
-1.00491703 -0.84844202 -5.24617386 88 123 71 0.000000 -0.460994 -0.365286 0.808734
-0.90232599 -0.70912099 -5.12711811 85 124 58 0.000000 -0.594111 -0.577185 0.560259
-0.96438700 -0.76294899 -5.18347979 88 130 62 0.000000 0.338406 0.317350 -0.885873
-0.76553798 -0.66985798 -5.02706099 101 138 71 0.000000 0.530824 -0.317219 -0.785874
-0.93968898 -0.50520599 -5.10811996 114 156 96 0.000000 0.604030 -0.253913 -0.755431
-0.81366700 -0.97129703 -5.18728018 91 133 63 0.000000 0.420958 0.300684 -0.855794
-0.90422601 -0.76104897 -5.14991617 98 118 74 0.000000 0.437649 0.476988 -0.762198
-1.05051196 -0.51217198 -5.20184517 137 76 88 0.000000 0.799300 0.555026 0.230359
-1.01378202 -0.70785397 -5.19994497 91 134 65 0.000000 0.458081 0.093858 -0.883942
-0.95552099 -0.69898802 -5.16004801 94 133 70 0.000000 0.692674 0.596790 -0.405024
-1.04987895 -0.53876901 -5.18664598 63 54 44 0.000000 -0.338267 0.069759 0.938461
-0.78073698 -0.81107801 -5.11065292 110 146 98 0.000000 -0.056185 -0.459070 0.886622
-0.90929198 -0.54700202 -5.08468914 102 142 83 0.000000 0.585116 0.260227 -0.768063
-1.08027601 -0.69518900 -5.23540783 97 136 69 0.000000 -0.095413 -0.418987 0.902965
-1.03974700 -0.54130203 -5.21134377 59 96 42 0.000000 0.231035 -0.968327 -0.094686
-0.96755302 -0.52357101 -5.13281822 109 141 85 0.000000 0.633482 -0.276051 -0.722839
-1.05241203 -0.57739902 -5.20057821 105 119 78 0.000000 0.577040 -0.134989 -0.805483
-1.11890602 -0.70658797 -5.25820589 90 132 63 0.000000 0.378081 0.299125 -0.876116
-0.95678699 -0.61412901 -5.13851690 102 142 80 0.000000 0.773712 0.001374 -0.633537
-0.83646500 -0.71292001 -5.07645607 99 136 84 0.000000 0.652702 0.445707 -0.612638
-1.06951106 -0.60526299 -5.21007681 99 137 77 0.000000 0.491636 -0.031323 -0.870237
-1.03341401 -0.53243703 -5.20311117 70 92 59 0.000000 0.491636 0.870237 0.031323
-0.78327000 -0.73128498 -5.03529310 116 157 109 0.000000 0.951408 0.254337 -0.173595
-0.89282697 -0.84210902 -5.17524719 93 130 72 0.000000 0.507271 0.380858 -0.773061
-0.77123702 -0.70912099 -5.01249504 124 142 106 0.000000 0.853595 -0.119879 -0.506957
-0.91815799 -0.77751499 -5.16384792 80 123 62 0.000000 0.444867 0.444867 -0.777295
-0.94728798 -0.65339202 -5.14168406 97 135 73 0.000000 0.405475 0.016949 -0.913949
-0.86432898 -0.56220102 -5.05682516 99 140 76 0.000000 0.354926 0.062013 -0.932835
-0.92259097 -0.77814800 -5.16638088 92 130 65 0.000000 0.355852 0.412287 -0.838683
-0.84343100 -0.69898802 -5.07772303 95 128 80 0.000000 0.531774 0.182280 -0.827037
-0.78960198 -0.59513098 -5.01629496 97 122 84 0.000000 0.608767 0.595277 -0.524450
-0.92132401 -0.89340401 -5.21894312 79 122 64 0.000000 0.518539 0.478523 -0.708614
-0.90485901 -0.50837201 -5.07582283 101 142 80 0.000000 0.516466 0.006742 -0.856281
-0.80480099 -0.86047399 -5.14168406 91 127 73 0.000000 -0.381345 -0.474670 0.793262
-1.08154297 -0.62679499 -5.22147703 90 132 66 0.000000 0.474232 0.070926 -0.877538
-1.12967205 -0.79714602 -5.28290415 98 141 76 0.000000 0.497427 0.006704 -0.867480
-0.89789301 -0.76991498 -5.14928293 88 123 67 0.000000 0.492029 0.157155 -0.856277
-1.10180795 -0.62426198 -5.23224211 91 121 65 0.000000 0.301346 0.047046 -0.952354
-0.86686200 -0.57549900 -5.06062412 96 136 71 0.000000 0.207026 0.228675 -0.951235
-1.18160105 -0.63692701 -5.27530479 99 136 73 0.000000 0.390068 -0.374403 -0.841231
-0.85926300 -0.65465897 -5.07898903 85 121 58 0.000000 -0.531946 -0.222283 0.817082
-0.80923402 -0.65972501 -5.04922485 91 132 62 0.000000 0.529449 0.040089 -0.847394
-0.97008598 -0.51533800 -5.13598394 110 151 91 0.000000 0.642023 -0.104310 -0.759556
-0.82063299 -0.65529197 -5.05619097 87 129 63 0.000000 0.411950 -0.063481 -0.908992
-1.15436995 -0.70912099 -5.27783823 85 121 69 0.000000 -0.452320 0.220900 0.864066
-1.05241203 -0.76738203 -5.23857498 92 134 60 0.000000 0.530932 0.371814 -0.761489
-1.13220501 -0.65402597 -5.24997377 84 125 56 0.000000 0.372545 0.220605 -0.901412
-1.05494499 -0.53053701 -5.23287487 94 132 75 0.000000 0.403912 -0.508570 -0.760402
-0.83519799 -0.83007699 -5.14041710 85 126 63 0.000000 -0.056555 0.484163 -0.873148
-0.88902700 -0.68822300 -5.10748720 85 117 62 0.000000 -0.588230 -0.332196 0.737313
-1.07584298 -0.86110699 -5.26200581 59 98 20 0.000000 -0.278141 -0.238608 -0.930432
-1.09420800 -0.73445201 -5.24997377 92 135 68 0.000000 0.514311 0.181433 -0.838192
-0.95108801 -0.53560299 -5.11825180 101 137 80 0.000000 0.612794 0.261269 -0.745803
-0.86496198 -0.80664498 -5.14295006 81 124 56 0.000000 0.357498 0.268494 -0.894486
-0.97071999 -0.72115302 -5.17524719 87 117 64 0.000000 -0.546673 -0.293143 0.784357
-1.08724201 -0.59449798 -5.22400999 97 139 72 0.000000 0.442698 0.055848 -0.894930
-1.00681603 -0.85160798 -5.24174118 75 114 48 0.000000 0.228289 0.467160 -0.854193
-1.05874503 -0.73825097 -5.23350906 87 130 61 0.000000 0.420768 0.357731 -0.833656
-1.09420800 -0.86807299 -5.26264000 77 89 50 0.000000 0.142675 -0.347683 -0.926693
-0.83836502 -1.00042796 -5.22210979 102 136 75 0.000000 -0.538343 -0.461675 0.705013
-0.88522702 -0.86110699 -5.17967987 95 121 77 0.000000 -0.196266 0.212287 0.957295
-0.77693701 -0.85224098 -5.12585211 96 134 82 0.000000 0.023219 -0.520370 0.853625
-1.18223405 -0.62616199 -5.28100395 100 136 73 0.000000 0.505099 -0.308760 -0.805942
-1.15500295 -0.68189001 -5.26580620 85 125 63 0.000000 0.284241 0.149530 -0.947021
-1.07014406 -0.80221200 -5.25250721 77 119 51 0.000000 0.197380 0.031912 -0.979808
-0.79846799 -0.65022600 -5.04479218 79 121 51 0.000000 0.395189 -0.071485 -0.915814
-0.88269401 -0.75408298 -5.13218498 84 123 62 0.000000 -0.474670 -0.381345 0.793262
-1.04671299 -0.54826897 -5.20247793 75 106 59 0.000000 0.397638 -0.697930 -0.595633
-0.91689098 -0.59006500 -5.09988689 104 140 87 0.000000 0.516253 0.031496 -0.855857
-0.95425397 -0.59639800 -5.13155079 97 124 72 0.000000 0.636036 0.373075 -0.675480
-0.86686200 -0.82184398 -5.15181589 86 124 63 0.000000 0.214288 0.460046 -0.861649
-0.83203202 -0.82691002 -5.13661718 91 131 67 0.000000 -0.157266 0.206655 0.965692
-0.78390300 -0.81614399 -5.11318588 108 145 98 0.000000 -0.009156 -0.427731 0.903860
-1.13410497 -0.69835502 -5.26327276 90 134 65 0.000000 0.365665 0.253153 -0.895658
-1.13917100 -0.56790000 -5.26327276 113 124 102 0.000000 0.412130 0.310255 -0.856674
-0.89156002 -0.60336399 -5.08468914 92 117 66 0.000000 -0.697729 -0.117528 0.706655
-1.06697798 -0.62046200 -5.21197701 99 140 75 0.000000 0.870761 -0.174740 -0.459609
-0.87446201 -0.65085900 -5.08848810 85 125 61 0.000000 -0.863348 -0.071363 -0.499538
-0.78517002 -0.76801503 -5.07645607 87 124 70 0.000000 -0.634192 -0.603913 0.482794
-0.90232599 -0.49507299 -5.07139015 109 153 89 0.000000 0.636036 0.373075 -0.675480
-0.92575699 -0.76294899 -5.16321516 87 123 72 0.000000 0.738752 -0.149563 -0.657172
-1.01568198 -0.55396801 -5.17081499 99 122 77 0.000000 0.427471 -0.315551 -0.847170
-0.88016099 -0.66922402 -5.09672117 82 124 66 0.000000 0.656487 0.199263 -0.727543
-1.16323602 -0.78828001 -5.30316877 100 102 90 0.000000 0.600565 -0.221914 -0.768164
-1.01061594 -0.85857397 -5.25440693 92 128 73 0.000000 -0.451694 -0.390611 0.802119
-1.14423704 -0.63186097 -5.25440693 95 133 67 0.000000 0.458152 -0.143082 -0.877282
-0.99858397 -0.84654200 -5.23604202 88 119 61 0.000000 0.619173 0.286388 -0.731168
-0.79593498 -0.95673198 -5.16954803 95 135 69 0.000000 0.562489 0.388659 -0.729760
-0.96818602 -0.93266702 -5.26960611 108 144 91 0.000000 0.491682 0.285644 -0.822591
-0.80353498 -0.70785397 -5.04985905 106 147 95 0.000000 0.731808 0.175695 -0.658474
-1.07647705 -0.67175698 -5.22654200 100 142 70 0.000000 0.387901 0.135835 -0.911637
-0.75477201 -0.83070999 -5.12268496 141 175 134 0.000000 -0.016573 -0.355681 0.934460
-1.05811203 -0.83894199 -5.25504017 73 115 40 0.000000 0.316292 0.230421 -0.920253
-0.94538802 -0.93583399 -5.25630713 86 128 62 0.000000 0.292531 0.450404 -0.843541
-0.77123702 -0.87187302 -5.12648487 81 123 57 0.000000 0.449475 0.237601 -0.861115
-1.07394397 -0.70722097 -5.23414183 89 126 62 0.000000 0.236926 0.403817 -0.883628
-0.92322397 -0.83704299 -5.19424486 87 128 68 0.000000 0.818987 0.454641 -0.350089
-0.82886600 -0.82184398 -5.13218498 84 124 65 0.000000 0.315473 -0.806913 0.499367
-0.94855499 -0.78131402 -5.18158007 91 132 66 0.000000 0.412130 0.310255 -0.856674
-0.91499102 -0.50647199 -5.08278894 105 145 80 0.000000 0.633120 0.237224 -0.736807
-1.06317794 -0.67049098 -5.21830988 90 129 62 0.000000 0.387901 0.135835 -0.911637
-0.80860102 -0.64642602 -5.04922485 83 124 58 0.000000 0.370322 0.141141 -0.918118
-0.87889397 -0.71925300 -5.11445284 89 132 64 0.000000 0.500978 0.340921 -0.795483
-1.05494499 -0.73445201 -5.23097610 83 127 60 0.000000 0.270992 0.276727 -0.921946
-0.93399000 -0.66415799 -5.13598394 95 130 71 0.000000 0.530824 0.785874 -0.317219
-1.05431199 -0.56410003 -5.20501089 93 132 74 0.000000 0.442341 -0.356726 -0.822849
-0.85863000 -0.63439399 -5.07392311 94 136 72 0.000000 0.522655 0.222243 -0.823067
-1.04671299 -0.51977098 -5.19804478 196 112 127 0.000000 0.844663 0.503808 0.180892
-1.11003995 -0.63249397 -5.23730898 89 118 62 0.000000 0.529572 0.014975 -0.848133
-0.87382799 -0.67872298 -5.09545422 87 129 67 0.000000 0.588272 0.246290 -0.770245
-1.15500295 -0.66099203 -5.26010609 87 129 55 0.000000 0.410595 0.086513 -0.907704
-0.91499102 -0.55206800 -5.09102201 107 149 85 0.000000 0.632729 0.354786 -0.688317
-0.79973501 -0.57993197 -5.00932884 102 126 92 0.000000 0.347733 0.677509 -0.648123
-1.11447299 -0.77244800 -5.26833916 93 136 72 0.000000 0.544392 0.127661 -0.829060
-1.05431199 -0.51153803 -5.19551182 175 91 114 0.000000 0.641677 0.537257 0.547362
-0.92955703 -0.65212601 -5.12585211 104 145 79 0.000000 0.718686 0.199377 -0.666137
-0.96881998 -0.49697301 -5.13661718 113 155 98 0.000000 0.811337 -0.199409 -0.549517
-0.88902700 -0.98016298 -5.24997377 101 118 72 0.000000 -0.531818 -0.357239 0.767822
-1.13030505 -0.60019702 -5.25504017 108 149 82 0.000000 0.547650 -0.340868 -0.764126
-1.15500295 -0.62299502 -5.26390600 103 121 82 0.000000 0.395037 -0.492577 -0.775444
-0.97261900 -0.49697301 -5.14041710 115 154 89 0.000000 0.889322 -0.285480 -0.357223
-0.89029300 -0.62806100 -5.09228802 87 129 65 0.000000 0.308613 0.063272 -0.949081
-0.81620002 -0.75281698 -5.08405495 93 138 72 0.000000 0.454485 0.507370 -0.732133
-0.92765701 -0.55270100 -5.10368681 107 149 88 0.000000 0.690128 0.286619 -0.664509
-0.82126600 -1.01562703 -5.21830988 108 137 75 0.000000 -0.507192 -0.204391 0.837246
-0.94855499 -0.62616199 -5.13408422 86 128 68 0.000000 0.571215 0.150634 -0.806860
-0.77123702 -0.79018003 -5.09292078 99 138 78 0.000000 -0.206097 -0.548065 0.810647
-0.94222200 -0.69265503 -5.14865017 92 134 66 0.000000 0.507138 0.301755 -0.807313
-0.78833598 -0.89657098 -5.14295006 97 137 75 0.000000 0.498821 0.237899 -0.833415
-1.03974700 -0.66225803 -5.20501089 104 135 72 0.000000 0.386252 0.024710 -0.922062
-1.10180795 -0.57233298 -5.23984098 103 143 83 0.000000 0.485775 -0.382487 -0.785955
-0.87572801 -0.89403701 -5.19044590 111 132 87 0.000000 -0.853712 -0.261153 0.450528
-0.79846799 -0.96243101 -5.17461395 92 134 74 0.000000 0.624544 0.285917 -0.726771
-0.87382799 -0.72052002 -5.11255312 85 125 62 0.000000 -0.641473 -0.560658 0.523617
-0.98465198 -0.62869501 -5.16384792 92 133 70 0.000000 0.799824 0.125666 -0.586932
-0.93145603 -0.64199299 -5.12521791 100 140 79 0.000000 0.515813 0.198157 -0.833469
-1.17780101 -0.68252301 -5.27213907 90 128 61 0.000000 0.134744 0.056431 -0.989272
-1.05811203 -0.66225803 -5.21387720 88 130 55 0.000000 0.362010 0.174617 -0.915673
-0.85483003 -0.60969597 -5.06442404 89 128 69 0.000000 0.166563 0.243848 -0.955403
-0.87192798 -0.67619002 -5.09355402 84 126 61 0.000000 0.452320 0.220900 -0.864066
-0.87952799 -0.68189001 -5.10052109 83 118 59 0.000000 -0.478147 -0.317187 0.819004
-0.92638999 -0.69645500 -5.13915110 90 128 64 0.000000 -0.221970 0.856168 -0.466589
-0.89092702 -0.49507299 -5.04859209 87 112 65 0.000000 -0.538443 -0.744655 0.394422
-0.82569897 -0.96749800 -5.19234610 85 126 62 0.000000 0.365665 0.253153 -0.895658
-1.00364995 -0.80221200 -5.21957588 87 125 53 0.000000 0.411336 0.389101 -0.824259
-1.09927499 -0.56726700 -5.24174118 106 145 85 0.000000 0.531712 -0.350704 -0.770902
-0.98971802 -0.74015099 -5.19487906 85 124 59 0.000000 -0.450761 -0.506900 0.734757
-0.81999999 -0.78194702 -5.10811996 97 134 77 0.000000 -0.444282 -0.292576 0.846767
-0.76173800 -0.67239100 -5.02199411 127 143 110 0.000000 0.650203 -0.370369 -0.663372
-0.97895199 -0.74141800 -5.18791294 92 120 64 0.000000 0.608361 0.148711 -0.779604
-0.94855499 -0.51913798 -5.11571884 102 141 82 0.000000 0.570236 -0.509680 -0.644249
-1.00238299 -0.73128498 -5.19994497 90 128 64 0.000000 -0.680943 -0.269507 0.680943
-1.13537097 -0.75661600 -5.28163815 110 152 87 0.000000 0.627839 0.152067 -0.763344
-1.08914196 -0.65339202 -5.22844315 97 139 65 0.000000 0.500163 0.119635 -0.857627
-1.10180795 -0.74078500 -5.25567293 89 133 68 0.000000 0.570383 0.284397 -0.770573
-0.99161798 -0.75598300 -5.19804478 84 122 61 0.000000 0.253271 0.371760 -0.893112
-0.90042597 -0.54826897 -5.07962179 108 149 84 0.000000 0.436219 0.126461 -0.890910
-1.12777197 -0.72748601 -5.26897192 98 139 76 0.000000 0.421530 0.269353 -0.865887
-1.10307395 -0.69582200 -5.24617386 98 142 72 0.000000 0.307909 0.239167 -0.920864
-1.03848004 -0.81867802 -5.24300814 89 131 58 0.000000 0.221209 0.118916 -0.967949
-1.13727105 -0.67682397 -5.25693989 86 118 62 0.000000 0.486399 0.278164 -0.828276
-1.12333906 -0.63186097 -5.24427414 92 128 65 0.000000 0.626419 -0.333548 -0.704518
-0.94475502 -0.61539602 -5.12775087 104 141 78 0.000000 0.712229 0.101747 -0.694534
-1.08470905 -0.84527498 -5.26390600 76 117 44 0.000000 0.212473 0.101836 -0.971846
-0.92892301 -0.86743999 -5.20944405 82 122 67 0.000000 0.666909 0.427421 -0.610363
-1.13600504 -0.71925300 -5.27150488 88 130 66 0.000000 0.489899 0.364613 -0.791869
-1.10497403 -0.56093401 -5.24680805 104 145 77 0.000000 0.386836 -0.371175 -0.844149
-1.17083502 -0.61602902 -5.27847099 94 128 65 0.000000 -0.088230 -0.317364 -0.944191
-0.78073698 -0.70658797 -5.02326107 114 151 101 0.000000 0.797967 0.103575 -0.593734
-1.03784704 -0.68505597 -5.20881081 96 138 68 0.000000 0.293817 0.253686 -0.921583
-0.84596401 -0.85540801 -5.16258192 97 134 76 0.000000 -0.429415 -0.439138 0.789152
-0.86496198 -0.74711698 -5.11888599 89 129 65 0.000000 -0.426150 -0.481664 0.765765
-0.85229701 -1.00422800 -5.23224211 102 129 74 0.000000 -0.553207 -0.244658 0.796307
-1.09610796 -0.65149301 -5.23224211 92 134 63 0.000000 0.766112 0.245971 -0.593776
-1.16576898 -0.69138902 -5.27087212 85 126 54 0.000000 0.117911 0.450334 -0.885040
-0.78327000 -0.72431898 -5.02959299 121 161 107 0.000000 0.948930 0.001237 -0.315485
-0.96122003 -0.50710601 -5.12775087 108 150 91 0.000000 0.648407 0.001377 -0.761293
-0.81430000 -0.65465897 -5.05365801 89 131 63 0.000000 0.372960 0.126169 -0.919229
-0.90295899 -0.55840099 -5.08405495 97 139 77 0.000000 0.579309 0.214731 -0.786315
-0.93019003 -0.64959300 -5.12585211 101 142 77 0.000000 0.667081 0.182489 -0.722288
-1.13790500 -0.74205101 -5.27910519 102 145 76 0.000000 0.593405 0.204994 -0.778362
-0.96185398 -0.55586803 -5.13155079 108 147 79 0.000000 0.738366 0.136291 -0.660485
-1.14930403 -0.80727899 -5.29176998 103 133 65 0.000000 0.570049 -0.006835 -0.821582
-1.08407605 -0.76864898 -5.25377417 84 122 60 0.000000 0.253575 0.135327 -0.957803
-1.03974700 -0.75091702 -5.22844315 102 142 69 0.000000 0.245169 0.458359 -0.854283
-0.93082303 -0.54763502 -5.10368681 99 136 79 0.000000 0.548784 0.602818 -0.579178
-0.77566999 -0.88517201 -5.13155079 91 133 71 0.000000 0.522988 0.086927 -0.847896
-1.08470905 -0.64009398 -5.22400999 90 133 64 0.000000 0.445417 0.102572 -0.889428
-1.01188302 -0.75281698 -5.21007681 95 135 67 0.000000 0.645928 0.110857 -0.755307
-1.09294200 -0.72431898 -5.24807405 84 129 64 0.000000 0.371528 -0.054209 -0.926838
-1.00491703 -0.82691002 -5.23224211 84 126 48 0.000000 0.307909 0.239167 -0.920864
-1.09294200 -0.62046200 -5.22780895 100 125 73 0.000000 -0.247058 -0.371327 0.895030
-0.87002897 -0.58056599 -5.06442404 94 133 69 0.000000 0.688317 0.354786 -0.632729
-0.99605101 -0.67555702 -5.18158007 85 122 64 0.000000 0.158756 -0.254810 -0.953870
-0.92195702 -0.54256898 -5.09482098 113 147 88 0.000000 0.632800 0.085828 -0.769543
-0.83519799 -0.67239100 -5.06632423 95 136 72 0.000000 0.552657 0.078543 -0.829699
-0.96311998 -0.53053701 -5.12838507 116 143 95 0.000000 0.601387 -0.023611 -0.798609
-1.02328205 -0.56156701 -5.17778015 112 141 97 0.000000 0.814592 -0.055059 -0.577415
-1.08470905 -0.66289198 -5.22844315 98 139 67 0.000000 0.507266 0.276265 -0.816308
-0.75603902 -0.88833803 -5.11951923 81 86 81 0.000000 0.665410 0.015345 -0.746320
-0.93842202 -0.53876901 -5.10811996 106 144 88 0.000000 0.587928 0.001364 -0.808912
-1.07394397 -0.70975399 -5.23414183 84 120 60 0.000000 -0.636662 -0.158787 0.754618
-0.81936598 -0.82057703 -5.12838507 88 126 65 0.000000 0.427258 -0.333355 -0.840431
-0.80480099 -0.91050297 -5.15751600 94 136 74 0.000000 0.490902 0.332034 -0.805461
-0.97958499 -0.76928198 -5.19677877 82 122 59 0.000000 0.317196 0.356656 -0.878740
-0.92322397 -0.53180301 -5.09608698 113 156 95 0.000000 0.617391 0.165345 -0.769084
-0.88396102 -0.89973700 -5.19551182 80 120 63 0.000000 0.554612 0.323121 -0.766811
-1.14297104 -0.77814800 -5.28860378 101 142 77 0.000000 0.484151 -0.048004 -0.873667
-0.88079399 -0.64199299 -5.08975506 89 130 65 0.000000 0.228974 0.001174 -0.973432
-1.08344305 -0.55206800 -5.23540783 104 146 81 0.000000 0.634904 -0.594486 -0.493440
-1.01694906 -0.87440598 -5.26643896 91 128 76 0.000000 -0.348688 -0.515801 0.782539
-0.98021901 -0.74458402 -5.18981314 81 109 57 0.000000 0.626962 0.198718 -0.753279
-0.95298803 -0.53496999 -5.11951923 104 141 86 0.000000 0.612658 0.142304 -0.777431
-0.95615399 -0.54066902 -5.12331915 112 140 94 0.000000 0.515813 0.198157 -0.833469
-1.09864104 -0.70975399 -5.24680805 98 138 70 0.000000 0.459158 0.181596 -0.869596
-0.90675902 -0.88453799 -5.20437813 88 130 70 0.000000 0.444091 0.550540 -0.706887
-0.80860102 -0.66225803 -5.04985905 95 137 66 0.000000 0.562212 0.134282 -0.816019
-0.97705197 -0.59259802 -5.14991617 105 123 74 0.000000 0.378327 -0.725537 -0.574861
-0.82569897 -0.85857397 -5.15118313 100 136 80 0.000000 -0.382832 -0.398586 0.833408
-1.14677000 -0.69518900 -5.26770496 95 132 63 0.000000 0.316588 0.310642 -0.896255
-0.94348902 -0.61222899 -5.12648487 101 138 80 0.000000 0.539084 -0.357771 -0.762488
-1.07901001 -0.64516002 -5.22021008 87 130 65 0.000000 0.506639 0.283906 -0.814073
-1.00364995 -0.49760601 -5.19107914 109 128 103 0.000000 0.779225 -0.287250 -0.557043
-0.93272299 -0.87250602 -5.21830988 87 129 64 0.000000 0.625948 0.348112 -0.697859
-1.03531396 -0.69772202 -5.21071100 98 142 68 0.000000 0.515959 0.023143 -0.856301
-1.09737504 -0.70405501 -5.24490786 94 137 68 0.000000 0.412652 0.165348 -0.895756
-1.14233696 -0.71228701 -5.27213907 93 137 68 0.000000 0.506677 0.316077 -0.802106
-1.03848004 -0.86364001 -5.26010609 72 113 36 0.000000 0.236100 0.473723 -0.848436
-1.09674203 -0.75534999 -5.25567293 92 125 62 0.000000 0.631320 0.286092 -0.720824
-0.84533101 -0.99599499 -5.22527599 95 132 69 0.000000 -0.498744 -0.347998 0.793821
-1.09040904 -0.86807299 -5.26327276 63 87 35 0.000000 -0.086814 -0.283766 -0.954956
-0.90042597 -0.86934000 -5.19297886 86 126 66 0.000000 0.405534 0.358561 -0.840818
-0.94095600 -0.81677800 -5.19361210 87 128 65 0.000000 0.502286 0.373080 -0.780077
-1.01441598 -0.65782499 -5.18917894 92 133 68 0.000000 0.443190 0.189939 -0.876074
-1.14233696 -0.75028402 -5.28543711 103 145 80 0.000000 0.533178 0.175723 -0.827552
-0.76300502 -0.87060601 -5.12331915 78 119 60 0.000000 0.340224 0.166612 -0.925466
-0.96818602 -0.91113597 -5.25757313 85 129 69 0.000000 0.444907 0.371553 -0.814866
-0.97325301 -0.78828001 -5.19931221 88 130 58 0.000000 0.571421 0.308919 -0.760294
-0.98085201 -0.53750300 -5.14358282 102 140 84 0.000000 0.675050 0.032414 -0.737059
-0.86242902 -0.76674902 -5.12458515 87 126 68 0.000000 -0.149484 0.744401 -0.650785
-0.97641897 -0.60589701 -5.15244913 105 144 84 0.000000 0.808858 0.213342 -0.547936
-0.87066197 -0.72558600 -5.11255312 90 131 64 0.000000 0.841068 0.539996 0.031764
-1.04038000 -0.56283402 -5.19297886 108 119 84 0.000000 0.564436 -0.150417 -0.811657
-0.99541700 -0.82310998 -5.22527599 99 130 70 0.000000 0.595275 0.239048 -0.767140
-1.04418004 -0.57676601 -5.19424486 103 138 82 0.000000 0.531603 -0.149560 -0.833684
-1.07584298 -0.56916702 -5.21957588 99 142 81 0.000000 0.690228 -0.006944 -0.723559
-1.10180795 -0.59259802 -5.23414183 104 146 81 0.000000 0.522563 -0.136130 -0.841663
-1.09800804 -0.69012201 -5.24110794 85 129 63 0.000000 0.460994 0.365286 -0.808734
-0.83203202 -0.97573000 -5.20057821 93 127 79 0.000000 0.436962 0.373404 -0.818311
-0.86939502 -0.87630600 -5.17904711 90 132 56 0.000000 0.428718 0.507563 -0.747382
-1.09737504 -0.55523503 -5.24554110 101 140 76 0.000000 0.545777 -0.410570 -0.730451
-0.85356301 -0.99536198 -5.22084284 89 129 81 0.000000 0.377974 0.409604 -0.830278
-0.85166401 -0.80221200 -5.13598394 84 125 60 0.000000 0.659758 -0.166082 -0.732895
-1.04671299 -0.59513098 -5.19614601 93 134 75 0.000000 0.595093 0.158189 -0.787934
-1.10750699 -0.72368598 -5.25440693 99 143 74 0.000000 0.428262 0.198678 -0.881543
-0.90739202 -0.61982900 -5.09925413 96 138 76 0.000000 0.735772 0.166044 -0.656558
-0.78770298 -0.92633498 -5.15308189 87 130 71 0.000000 0.491959 0.271586 -0.827174
-1.11827302 -0.77308202 -5.27150488 97 139 73 0.000000 0.532982 0.087163 -0.841625
-1.12017298 -0.83640897 -5.28607082 112 147 93 0.000000 0.536522 0.275341 -0.797703
-1.13853800 -0.57043302 -5.26327276 114 132 93 0.000000 0.387532 0.214970 -0.896441
-0.99668401 -0.88390499 -5.26390600 90 126 72 0.000000 -0.403720 -0.568503 0.716808
-0.88142800 -0.74901700 -5.12965202 88 126 65 0.000000 -0.507266 -0.276265 0.816308
-0.95425397 -0.90860301 -5.25630713 93 133 66 0.000000 -0.759032 -0.229112 0.609408
-1.18856704 -0.66099203 -5.27277184 93 131 73 0.000000 0.633875 0.206126 -0.745462
-0.88269401 -0.55396801 -5.06759024 98 139 75 0.000000 0.277593 0.348846 -0.895125
-0.92195702 -0.73065197 -5.15054893 84 121 60 0.000000 -0.569212 -0.252461 0.782471
-0.84216398 -0.83830899 -5.15181589 99 131 79 0.000000 -0.490709 -0.467578 0.735238
-1.05937803 -0.62996101 -5.20881081 97 140 70 0.000000 0.483095 0.150329 -0.862566
-0.92892301 -0.87250602 -5.21514416 85 127 68 0.000000 0.610116 0.442961 -0.656920
-0.87572801 -0.82247698 -5.15688181 86 128 60 0.000000 0.212622 0.070055 -0.974620
-0.79086900 -0.89403701 -5.14358282 95 135 70 0.000000 0.389861 0.269441 -0.880574
-0.85483003 -0.79334700 -5.13281822 88 120 68 0.000000 -0.594357 -0.427871 0.680930
-0.89599299 -0.77054900 -5.14738321 83 117 63 0.000000 0.566943 0.134705 -0.812668
-0.85989600 -0.62742800 -5.07265711 86 126 62 0.000000 0.507146 0.158206 -0.847215
-0.85989600 -0.56156701 -5.05492401 104 146 77 0.000000 0.573368 0.128234 -0.809200
-1.19046700 -0.64199299 -5.27847099 98 132 71 0.000000 0.339240 -0.482580 -0.807486
-0.95235503 -0.54003602 -5.12078524 110 141 90 0.000000 0.594710 0.198237 -0.779116
-0.83773100 -0.87187302 -5.16321516 92 127 71 0.000000 -0.489866 -0.125718 0.862685
-0.81239998 -1.02955902 -5.22084284 71 73 62 0.000000 -0.355185 -0.617073 0.702186
-0.78960198 -0.73445201 -5.04352617 113 152 99 0.000000 0.730414 0.317642 -0.604648
-0.87446201 -0.50773901 -5.05682516 82 125 60 0.000000 0.212690 0.157886 -0.964280
-0.91119200 -0.59449798 -5.09798813 105 141 88 0.000000 0.553358 0.377067 -0.742708
-1.10814095 -0.72875202 -5.25693989 93 137 72 0.000000 0.509149 0.269366 -0.817441
-0.97198600 -0.51533800 -5.13788414 111 154 93 0.000000 0.703767 -0.133551 -0.697765
-1.02264798 -0.75155002 -5.21767712 94 135 67 0.000000 0.846220 0.465344 -0.259549
-0.97325301 -0.86490703 -5.23667479 75 118 52 0.000000 0.390898 0.461678 -0.796274
-0.96122003 -0.86110699 -5.22780895 85 129 54 0.000000 0.164924 0.450986 -0.877161
-1.02771401 -0.86300701 -5.26390600 104 140 86 0.000000 -0.331609 -0.418792 0.845369
-0.80290103 -0.70975399 -5.05049181 105 145 91 0.000000 0.728106 0.070929 -0.681785
-1.05304599 -0.62869501 -5.20437813 106 148 72 0.000000 0.514311 0.181433 -0.838192
-0.93842202 -0.58626503 -5.11951923 101 139 76 0.000000 0.545129 0.096368 -0.832795
-0.97958499 -0.76168299 -5.19297886 93 127 70 0.000000 0.390611 0.451694 -0.802119
-1.15057003 -0.70088798 -5.27150488 90 127 65 0.000000 0.420852 0.436977 -0.794943
-0.89219302 -0.89846998 -5.20311117 85 126 63 0.000000 0.309779 0.213592 -0.926507
-0.95615399 -0.61602902 -5.13915110 100 140 77 0.000000 0.728826 0.189525 -0.657946
-0.96502000 -0.84907502 -5.22337580 81 123 50 0.000000 0.394801 0.294195 -0.870391
-0.80163503 -0.63249397 -5.04352617 80 111 53 0.000000 0.683033 0.213156 -0.698592
-0.98655099 -0.79777902 -5.21007681 82 123 52 0.000000 0.284786 0.276112 -0.917965
-0.90295899 -0.49317300 -5.07075596 106 149 86 0.000000 0.697930 0.397638 -0.595633
-1.13853800 -0.64452702 -5.25060701 83 126 55 0.000000 0.622453 0.046790 -0.781257
-0.84406400 -0.64262700 -5.06632423 93 135 69 0.000000 0.402851 0.387053 -0.829398
-1.06824398 -0.69075602 -5.22654200 89 128 65 0.000000 0.523171 0.411649 -0.746216
-1.06444502 -0.69582200 -5.22654200 93 122 64 0.000000 0.690812 0.038300 -0.722019
-1.11637294 -0.56473398 -5.25250721 97 136 70 0.000000 0.506793 -0.190987 -0.840645
-0.94602197 -0.80791199 -5.19107914 86 128 67 0.000000 0.523992 0.631823 -0.571168
-0.87826103 -0.78131402 -5.13978386 76 115 58 0.000000 0.378615 0.394325 -0.837352
-0.79340202 -0.92190200 -5.15561581 91 133 80 0.000000 0.517223 0.356095 -0.778252
-0.92322397 -0.77624798 -5.16574812 84 124 63 0.000000 0.388711 0.443099 -0.807816
-0.98275203 -0.83640897 -5.22464323 82 126 54 0.000000 0.477044 0.467140 -0.744453
-1.14613700 -0.60209697 -5.26960611 110 150 85 0.000000 0.641640 -0.467409 -0.608134
-0.95235503 -0.85984099 -5.22274303 81 124 57 0.000000 0.461421 0.467989 -0.753709
-0.75667202 -0.63376099 -5.03656006 64 77 60 0.000000 -0.363862 -0.197032 0.910375
-0.93019003 -0.87440598 -5.21704292 88 130 67 0.000000 0.475973 0.324168 -0.817536
-1.11637294 -0.70658797 -5.25693989 91 133 68 0.000000 0.387510 0.381234 -0.839343
-0.80670100 -0.64389300 -5.04859209 79 121 53 0.000000 0.322963 0.016337 -0.946270
-1.09230900 -0.72938597 -5.24744081 91 134 67 0.000000 0.506151 0.071506 -0.859475
-0.88459402 -0.79904598 -5.15054893 80 124 60 0.000000 0.450944 0.325245 -0.831183
-0.99921697 -0.75155002 -5.20121098 88 128 66 0.000000 0.430304 0.277171 -0.859078
-0.98971802 -0.75534999 -5.19741201 87 124 61 0.000000 0.228931 0.357250 -0.905518
-0.76110500 -0.80791199 -5.10875320 127 162 117 0.000000 -0.047042 -0.674266 0.736989
-0.98718500 -0.89720398 -5.26897192 86 122 69 0.000000 -0.451421 -0.514256 0.729219
-1.08281004 -0.67555702 -5.22970915 99 142 71 0.000000 0.474624 0.134164 -0.869903
-0.86432898 -0.98332900 -5.23097610 92 129 66 0.000000 -0.491380 -0.347327 0.798692
-0.85863000 -0.59449798 -5.06062412 88 131 65 0.000000 0.341162 0.403474 -0.849010
-0.78960198 -0.95419902 -5.16511488 98 135 78 0.000000 0.500184 0.428026 -0.752735
-0.89662600 -0.78574699 -5.15371609 89 131 66 0.000000 0.507563 0.428718 -0.747382
-0.80733401 -0.65909201 -5.04859209 88 129 59 0.000000 0.427571 -0.017103 -0.903820
-0.94538802 -0.65339202 -5.14041710 92 131 70 0.000000 0.752693 0.284846 -0.593562
-0.90992498 -0.69455498 -5.12648487 83 122 60 0.000000 -0.748239 -0.271654 0.605263
-0.79593498 -0.83070999 -5.12205219 90 128 71 0.000000 -0.127080 -0.056098 0.990305
-0.83456498 -1.01499295 -5.22527599 105 126 80 0.000000 -0.508301 -0.366299 0.779394
-0.94665498 -0.78131402 -5.18031406 85 127 64 0.000000 0.490652 0.261578 -0.831167
-1.02138197 -0.75598300 -5.21894312 95 137 67 0.000000 0.745984 0.222705 -0.627623
-1.05937803 -0.84464198 -5.25693989 70 111 37 0.000000 0.134152 0.235744 -0.962511
-1.01694906 -0.63946003 -5.18791294 96 135 68 0.000000 0.592732 0.181324 -0.784723
-1.08281004 -0.75851601 -5.24997377 95 128 64 0.000000 0.363249 0.314613 -0.876966
-1.03468001 -0.72241902 -5.21767712 95 134 67 0.000000 -0.538503 -0.410053 0.736119
-0.97768599 -0.67682397 -5.16701508 123 132 101 0.000000 -0.437945 -0.135520 0.888729
-0.88839400 -0.69012201 -5.10811996 81 116 56 0.000000 -0.641371 -0.220033 0.735002
-1.08724201 -0.84337503 -5.26453876 80 122 48 0.000000 0.332624 0.001246 -0.943059
-0.86749500 -0.69138902 -5.09292078 86 120 61 0.000000 -0.403913 -0.713854 0.572072
-0.77757001 -0.73508501 -5.02262688 128 156 108 0.000000 0.893362 0.284862 -0.347502
-0.77883703 -0.62236202 -5.03085995 99 136 89 0.000000 -0.104063 -0.622911 0.775341
-0.96311998 -0.87630600 -5.23604202 91 133 61 0.000000 0.355888 0.292820 -0.887468
-0.80543399 -0.91810203 -5.16068220 86 128 72 0.000000 0.480317 0.346275 -0.805847
-1.07141101 -0.71925300 -5.23604202 91 120 67 0.000000 0.658956 -0.721269 0.213421
-1.16830206 -0.64516002 -5.26517200 97 129 75 0.000000 -0.182750 0.551270 0.814067
-0.88079399 -0.90163702 -5.19551182 83 123 64 0.000000 0.509056 0.492365 -0.706002
-0.92955703 -0.87693900 -5.21767712 88 129 66 0.000000 0.419906 0.397553 -0.815862
-1.11573994 -0.73445201 -5.26264000 91 134 70 0.000000 0.554500 0.118508 -0.823703
-1.11130702 -0.55840099 -5.25187302 103 140 78 0.000000 0.482773 -0.277866 -0.830494
-0.88775998 -0.67492402 -5.10241985 96 132 71 0.000000 0.544775 0.300182 -0.783014
-0.92575699 -0.76104897 -5.16258192 92 121 74 0.000000 -0.445040 -0.419147 0.791363
-0.82506597 -0.57359999 -5.03465986 101 144 80 0.000000 0.422036 0.293123 -0.857884
-1.14107096 -0.56790000 -5.26390600 74 79 70 0.000000 0.227927 0.219738 -0.948559
-0.83646500 -0.60272998 -5.05112505 86 129 70 0.000000 0.477148 0.477148 -0.738011
-0.76427102 -0.90163702 -5.12648487 108 117 95 0.000000 0.626370 -0.126464 -0.769200
-0.76427102 -0.81804401 -5.11445284 131 167 125 0.000000 0.235554 -0.466549 0.852553
-0.87382799 -0.85920697 -5.17524719 87 119 66 0.000000 0.395494 -0.824342 0.405024
-1.15943599 -0.76041597 -5.30633497 138 169 118 0.000000 0.828828 0.133967 -0.543228
-0.75350600 -0.84464198 -5.12521791 121 157 113 0.000000 0.269220 0.243848 0.931697
-1.03151405 -0.75155002 -5.22274303 90 129 63 0.000000 -0.647500 0.362272 0.670449
-0.90105897 -0.73128498 -5.13598394 81 118 57 0.000000 -0.626858 -0.325577 0.707848
-0.75667202 -0.83134300 -5.12268496 139 173 131 0.000000 0.001250 -0.338631 0.940919
-0.87572801 -0.67935699 -5.09735394 84 124 65 0.000000 0.588230 0.332196 -0.737313
-0.94602197 -0.52103800 -5.11382008 104 142 86 0.000000 0.587103 -0.040635 -0.808492
-0.95742100 -0.50140601 -5.12458515 100 142 82 0.000000 0.780873 -0.032244 -0.623857
-0.93905598 -0.47607499 -5.11065292 99 120 89 0.000000 0.809721 -0.294015 -0.507845
-0.78010303 -0.88327199 -5.13408422 92 133 69 0.000000 0.409351 0.149763 -0.900002
-0.97135299 -0.48430800 -5.14231682 117 136 103 0.000000 0.765945 -0.070680 -0.639009
-0.97261900 -0.88643801 -5.25504017 89 125 72 0.000000 -0.371873 -0.521272 0.768105
-0.89409298 -0.52483702 -5.07012320 87 127 66 0.000000 0.410463 -0.649761 -0.639790
-0.86686200 -0.56283402 -5.05809116 102 142 77 0.000000 0.492817 0.095155 -0.864915
-0.79783499 -0.70658797 -5.04415894 110 151 94 0.000000 0.684952 0.166280 -0.709360
-1.05937803 -0.86173999 -5.26327276 67 108 29 0.000000 0.086102 0.332485 -0.939170
-0.75160599 -0.81551099 -5.11508608 156 182 148 0.000000 0.001340 -0.516071 0.856545
-1.15310299 -0.65909201 -5.25884008 85 127 55 0.000000 0.388961 0.032741 -0.920672
-0.93462300 -0.68758899 -5.14231682 88 130 64 0.000000 0.712674 0.133533 -0.688668
-1.07647705 -0.70215499 -5.23540783 88 127 62 0.000000 0.539826 0.133853 -0.831067
-1.02391505 -0.72115302 -5.21007681 95 135 64 0.000000 0.956405 -0.133237 -0.259878
-1.11383998 -0.65085900 -5.24110794 100 135 74 0.000000 0.443065 0.078675 -0.893031
-0.78073698 -0.66289198 -5.03782606 85 128 57 0.000000 0.443815 -0.167340 -0.880355
-1.13157201 -0.72115302 -5.26897192 95 136 74 0.000000 0.538758 0.230014 -0.810453
-1.06064498 -0.86997300 -5.26643896 69 109 21 0.000000 -0.093527 0.306927 -0.947127
-1.05241203 -0.63186097 -5.20437813 101 144 68 0.000000 0.505296 0.174394 -0.845141
-0.92955703 -0.65402597 -5.12648487 104 145 80 0.000000 0.690445 0.159333 -0.705619
-1.09420800 -0.84907502 -5.26707220 78 119 49 0.000000 0.356169 0.167526 -0.919282
-1.03974700 -0.68758899 -5.21007681 89 131 68 0.000000 0.231191 0.270423 -0.934571
-0.76490498 -0.83007699 -5.12268496 134 169 125 0.000000 0.144048 -0.484526 0.862835
-0.83456498 -0.58246499 -5.04099321 91 131 69 0.000000 0.419535 0.191495 -0.887310
-0.82063299 -0.91746902 -5.17081499 83 125 57 0.000000 0.221740 0.246531 -0.943427
-0.98211902 -0.61602902 -5.16004801 89 129 70 0.000000 0.159334 -0.230441 -0.959953
-0.89219302 -0.56030101 -5.07645607 103 145 80 0.000000 0.600703 0.164928 -0.782275
-0.88206100 -0.89973700 -5.19487906 80 120 63 0.000000 0.512867 0.385871 -0.766858
-0.95678699 -0.79651302 -5.19487906 88 129 62 0.000000 0.412287 0.355852 -0.838683
-0.97451901 -0.48747399 -5.14548302 132 162 116 0.000000 0.830599 -0.112007 -0.545490
-0.99161798 -0.80284601 -5.21514416 94 124 62 0.000000 0.574262 0.349763 -0.740196
-0.83899802 -0.91430199 -5.17904711 83 125 57 0.000000 0.561875 0.269133 -0.782218
-0.82063299 -0.99409503 -5.20121098 90 131 68 0.000000 0.443815 0.167340 -0.880355
-1.15436995 -0.68379003 -5.26643896 94 133 65 0.000000 0.372064 0.207024 -0.904826
-1.04418004 -0.82691002 -5.24744081 77 121 48 0.000000 0.212870 0.332878 -0.918629
-0.90232599 -0.64452702 -5.10305405 97 140 70 0.000000 0.640404 0.165805 -0.749927
-0.82886600 -0.92380100 -5.17524719 81 122 62 0.000000 0.419669 0.245183 -0.873935
-0.85799599 -0.59703100 -5.06125689 86 129 66 0.000000 0.366768 0.357483 -0.858887
-1.03848004 -0.76801503 -5.23224211 97 138 66 0.000000 0.427530 -0.354961 -0.831397
-1.09167504 -0.82057703 -5.26327276 80 119 60 0.000000 0.395532 0.174034 -0.901813
-1.04797900 -0.87440598 -5.26707220 65 104 25 0.000000 0.055639 0.432899 -0.899724
-1.14233696 -0.57613301 -5.26580620 72 95 55 0.000000 -0.015530 0.237725 -0.971208
-0.96628702 -0.72115302 -5.17271423 99 117 77 0.000000 -0.467267 -0.252784 0.847208
-0.79720199 -0.64199299 -5.04479218 76 115 56 0.000000 0.142165 0.514433 -0.845664
-0.89345998 -0.77244800 -5.14611721 85 120 66 0.000000 0.475774 0.103676 -0.873436
-1.05621195 -0.77054900 -5.24174118 91 135 53 0.000000 0.355853 0.238700 -0.903544
-0.92259097 -0.83261001 -5.19107914 85 127 67 0.000000 0.526115 0.492711 -0.693136
