-1.56456399 0.02842100 -5.73818493 182 206 172 0.000000 0.606331 0.001369 0.795211
-0.95115298 -0.30250701 -5.73818493 80 92 75 0.000000 0.008867 0.000985 0.999960
-1.12582803 0.10552400 -5.78731203 113 133 100 0.000000 0.654300 0.001377 0.756234
-1.36396003 -0.32434100 -5.65425920 98 133 87 0.000000 0.484515 0.001327 0.874782
-1.67373598 -0.25610900 -5.68564606 125 133 113 0.000000 0.500299 0.001334 -0.865851
-1.16335595 -0.14284299 -5.70816183 98 135 86 0.000000 0.242814 0.001184 0.970072
-1.13060498 -0.41577300 -5.59421396 133 162 121 0.000000 0.090153 0.001061 0.995927
-1.36054802 0.18945000 -5.73545599 93 101 91 0.000000 0.983996 0.001135 -0.178186
-1.38033605 -0.09508000 -5.70543289 73 102 50 0.000000 -0.162760 0.001122 0.986665
-0.98322201 -0.09303300 -5.80095911 89 96 85 0.000000 0.606331 0.001369 0.795211
-1.54272902 -0.34344599 -5.59557915 103 134 83 0.000000 0.137718 0.001102 0.990471
-1.53863502 -0.15239500 -5.68564606 91 126 74 0.000000 -0.120688 0.001087 0.992690
-1.28344500 0.03933800 -5.74091387 95 128 81 0.000000 -0.130369 0.001096 0.991465
-1.20634305 -0.28954300 -5.66517591 103 126 78 0.000000 -0.165311 0.001125 -0.986241
-1.22681201 0.21060200 -5.79754686 202 212 185 0.000000 -0.305890 0.001228 0.952066
-1.42536902 0.05230200 -5.76616001 79 107 58 0.000000 -0.273924 0.001207 0.961751
-1.28139901 -0.43351299 -5.61127186 150 169 130 0.000000 0.390517 0.001280 -0.920595
-1.66486502 -0.09985600 -5.72658491 65 71 59 0.000000 0.711237 0.001381 0.702951
-1.07260704 -0.26088500 -5.69042206 97 133 76 0.000000 0.186011 0.001141 0.982547
-1.11286402 -0.03298800 -5.77230120 128 165 123 0.000000 0.553762 0.001354 0.832674
-0.99823302 -0.37961000 -5.64334202 174 201 164 0.000000 -0.145143 0.001108 0.989410
-1.30869102 -0.21175700 -5.68359900 103 115 70 0.000000 0.074296 0.001046 0.997236
-1.47927296 -0.25747299 -5.65562296 92 123 73 0.000000 0.155160 0.001116 0.987889
-0.93614203 -0.18037100 -5.73955011 139 152 129 0.000000 0.282560 0.001213 0.959249
-1.26707006 -0.07324500 -5.71362114 81 117 68 0.000000 0.000978 0.000978 0.999999
-1.48541403 -0.05482300 -5.71020889 105 140 94 0.000000 0.135260 0.001100 0.990809
-1.05350196 -0.15239500 -5.73682022 99 138 86 0.000000 0.315485 0.001237 0.948930
-1.44174504 -0.38302100 -5.58807278 140 164 135 0.000000 0.591008 0.001365 0.806665
-1.40762901 -0.19060500 -5.67063522 88 126 76 0.000000 0.120688 0.001087 0.992690
-1.09512401 -0.34753999 -5.65357590 99 131 76 0.000000 0.730182 0.001380 0.683251
-1.19815505 -0.00364800 -5.73750305 112 151 100 0.000000 0.359825 0.001263 0.933019
-1.26843405 0.13213401 -5.75797176 123 152 117 0.000000 0.087863 0.001059 0.996132
-1.58981001 -0.27043700 -5.64265919 83 123 61 0.000000 -0.056668 0.001030 0.998393
-1.58162200 -0.06642200 -5.70338583 89 115 64 0.000000 -0.127937 0.001093 0.991782
-1.20565999 -0.37483299 -5.63447094 93 125 72 0.000000 0.108776 0.001077 0.994066
-1.36464202 -0.00842500 -5.72522116 90 125 79 0.000000 -0.076536 0.001048 0.997066
-1.39125299 0.13349900 -5.79754686 85 97 70 0.000000 -0.697373 0.001381 0.716707
-1.62460804 -0.18241800 -5.69042206 73 106 50 0.000000 -0.335625 0.001248 0.941995
-1.04121995 -0.03298800 -5.82756901 106 118 101 0.000000 0.356781 0.001261 0.934187
-1.20361304 0.07959500 -5.75114918 102 140 87 0.000000 0.285453 0.001215 0.958392
-1.22613001 -0.20356999 -5.67950487 91 131 76 0.000000 0.097074 0.001067 0.995277
-1.50315404 0.05503200 -5.79345322 111 121 109 0.000000 -0.234487 0.001178 -0.972119
-1.28208101 -0.32707000 -5.65357590 84 117 66 0.000000 0.039563 0.001014 0.999217
-1.14629805 -0.22676900 -5.68837500 97 136 76 0.000000 0.285453 0.001215 0.958392
-1.17290902 0.16147400 -5.75524282 207 225 190 0.000000 0.402911 0.001287 0.915238
-1.00437403 -0.22881600 -5.71225595 104 132 73 0.000000 -0.372047 0.001270 -0.928213
-1.02416205 -0.32161200 -5.69178677 133 167 121 0.000000 0.465583 0.001319 0.885003
-1.09171200 0.02569200 -5.82756901 96 112 83 0.000000 0.824239 0.001358 0.566240
-1.46562600 -0.13124301 -5.68564606 87 124 71 0.000000 -0.160219 0.001120 0.987081
-1.31619704 -0.13192500 -5.69656277 102 137 90 0.000000 0.127937 0.001093 0.991782
-1.43969798 -0.31751800 -5.63720083 102 136 92 0.000000 0.268202 0.001203 0.963362
-1.05827796 -0.08279800 -5.76957178 137 172 129 0.000000 0.449834 0.001311 0.893111
-1.06714797 -0.41031399 -5.62696600 112 143 96 0.000000 0.162760 0.001122 0.986665
-1.36054802 0.08096000 -5.75592518 84 115 64 0.000000 -0.291258 0.001219 0.956644
-1.28549302 0.20241401 -5.75797176 136 168 122 0.000000 0.323658 0.001240 0.946173
-1.64234900 -0.03025900 -5.71020889 86 98 89 0.000000 0.998136 0.001034 0.061026
-1.14152205 0.03388000 -5.77776003 121 164 107 0.000000 0.421606 0.001297 0.906778
-1.15926194 -0.07665700 -5.73204422 113 150 101 0.000000 0.409130 0.001291 0.912475
-1.32097304 -0.38643301 -5.64538908 116 138 100 0.000000 0.268202 0.001203 -0.963362
-1.69079399 -0.19197001 -5.71157408 166 181 167 0.000000 0.212622 0.001162 -0.977134
-1.43765104 -0.00978900 -5.73272610 92 126 79 0.000000 0.000978 0.000978 0.999999
-1.21316600 -0.43624300 -5.60240221 136 144 118 0.000000 0.041673 0.001016 -0.999131
-1.13742805 -0.29295400 -5.67268085 106 138 87 0.000000 0.188635 0.001143 0.982047
-1.40012300 -0.26429701 -5.65425920 85 119 74 0.000000 0.165311 0.001125 0.986241
-1.55637598 -0.21721600 -5.66858816 88 121 68 0.000000 -0.123096 0.001089 0.992394
-1.23773003 -0.13260800 -5.70202208 80 116 68 0.000000 0.074296 0.001046 0.997236
-0.93136603 -0.24314401 -5.71498585 90 103 80 0.000000 0.418483 0.001296 0.908224
-1.32438505 -0.27453101 -5.67131710 205 210 175 0.000000 0.694569 0.001381 -0.719425
-0.97981101 -0.35914001 -5.72385597 129 154 107 0.000000 0.934187 0.001261 0.356781
-1.50520098 0.00590400 -5.74296093 101 134 88 0.000000 0.135260 0.001100 0.990809
-0.99550402 -0.14420700 -5.76070213 122 164 115 0.000000 0.563126 0.001357 0.826370
-1.52976501 -0.29227200 -5.62901306 98 133 85 0.000000 0.087863 0.001059 0.996132
-1.65940702 -0.28135499 -5.63037682 81 89 66 0.000000 0.587928 0.001364 -0.808912
-1.44242704 0.09801800 -5.80505323 87 93 80 0.000000 0.092452 0.001063 0.995717
-1.32916105 -0.06028100 -5.70952702 90 127 80 0.000000 0.125512 0.001091 0.992091
-1.11354601 -0.17968801 -5.71157408 110 146 100 0.000000 0.300017 0.001225 0.953933
-1.11013496 -0.11145600 -5.73409081 96 139 79 0.000000 0.209925 0.001160 0.977717
-1.47927296 -0.19947600 -5.67063522 61 88 40 0.000000 -0.256844 0.001195 0.966452
-1.39193499 -0.37142199 -5.63174200 125 158 122 0.000000 0.506611 0.001337 0.862174
-1.25819898 -0.01251800 -5.72863197 83 118 67 0.000000 0.048051 0.001022 0.998844
-1.33803201 0.14168701 -5.76070213 73 106 50 0.000000 -0.285453 0.001215 0.958392
-1.48609602 -0.34139901 -5.60581398 105 140 97 0.000000 0.308835 0.001230 0.951115
-1.14561605 -0.37483299 -5.63174200 101 130 83 0.000000 -0.016879 0.000993 -0.999857
-1.59731495 -0.13260800 -5.69587994 73 108 48 0.000000 -0.218041 0.001166 0.975939
-1.05623102 -0.20629901 -5.71020889 90 132 72 0.000000 0.120688 0.001087 0.992690
-1.42673397 -0.06369300 -5.71157408 95 134 85 0.000000 0.145143 0.001108 0.989410
-1.51884794 -0.09712700 -5.69451618 110 142 95 0.000000 -0.014865 0.000991 0.999889
-1.60209095 -0.31274199 -5.60990810 113 149 98 0.000000 0.173011 0.001131 0.984919
-1.21384799 -0.08075100 -5.72249079 139 173 119 0.000000 0.215328 0.001164 0.976541
-1.25001204 -0.25747299 -5.66790485 73 108 56 0.000000 0.008867 0.000985 0.999960
-1.54341102 -0.01934200 -5.71498585 111 146 101 0.000000 0.183394 0.001139 0.983039
-1.35918403 -0.22472200 -5.67199898 90 127 75 0.000000 0.191268 0.001145 0.981537
-1.23022401 0.16898000 -5.76206589 88 114 71 0.000000 -0.359825 0.001263 0.933019
-1.36327803 -0.16672400 -5.68700981 118 152 111 0.000000 0.323658 0.001240 0.946173
-1.26911700 -0.38233900 -5.63788319 86 118 69 0.000000 -0.125512 0.001091 0.992091
-1.65463102 -0.13943100 -5.69383383 100 127 72 0.000000 0.000978 0.000978 -0.999999
-1.04394901 -0.35572800 -5.65767097 111 150 101 0.000000 0.135260 0.001100 0.990809
-0.95251799 -0.14761899 -5.78935909 175 200 171 0.000000 0.475046 0.001323 0.879960
-1.62051404 -0.23905100 -5.66995192 79 115 57 0.000000 -0.237255 0.001180 0.971447
-1.59799802 0.00249300 -5.71020889 137 161 122 0.000000 0.113516 0.001081 0.993536
-1.23363602 0.03251500 -5.74023199 95 129 83 0.000000 0.081042 0.001052 0.996710
-1.40762901 -0.14284299 -5.68632793 95 133 84 0.000000 0.078785 0.001050 0.996891
-1.16540301 -0.33525801 -5.65494108 118 144 93 0.000000 -0.459279 0.001316 -0.888291
-1.32916105 -0.43146601 -5.62491894 133 150 119 0.000000 0.074296 0.001046 0.997236
-0.99209303 -0.18446399 -5.73067904 116 154 107 0.000000 0.317711 0.001236 0.948187
-1.26434004 -0.17218301 -5.68905687 71 107 57 0.000000 -0.083307 0.001055 0.996523
-1.30732703 0.10415900 -5.75319576 85 123 65 0.000000 -0.022971 0.000999 0.999736
-1.16676795 0.10825300 -5.76206589 119 153 103 0.000000 0.437266 0.001305 0.899331
-1.30527997 -0.01934200 -5.72385597 109 146 100 0.000000 0.115898 0.001083 0.993261
-1.19883704 -0.24314401 -5.67336416 91 128 73 0.000000 0.262509 0.001199 0.964929
-1.43833303 -0.23359200 -5.66108179 78 111 61 0.000000 -0.048051 0.001022 0.998844
-1.22613001 -0.33662301 -5.65425920 105 125 84 0.000000 0.069839 0.001042 -0.997558
-1.01119804 -0.27521399 -5.70406914 115 154 94 0.000000 0.381263 0.001275 0.924466
-1.06851304 -0.31478900 -5.67609310 105 142 90 0.000000 0.218041 0.001166 0.975939
-1.17563796 -0.40621999 -5.61331892 98 127 79 0.000000 -0.155160 0.001116 -0.987889
-1.52567101 -0.25064999 -5.65562296 115 146 95 0.000000 0.092452 0.001063 0.995717
-1.15653300 -0.03367100 -5.74841976 129 164 125 0.000000 0.409130 0.001291 0.912475
-1.61983204 -0.09303300 -5.70270395 128 155 111 0.000000 0.449834 0.001311 -0.893111
-1.32847905 0.05093800 -5.74227905 85 120 68 0.000000 -0.135260 0.001100 0.990809
-1.11559296 0.06390200 -5.80368805 138 177 122 0.000000 0.766300 0.001376 0.642481
-1.17904997 -0.18310000 -5.69315100 91 129 75 0.000000 0.178186 0.001135 0.983996
-1.38170004 0.04206800 -5.74705505 79 118 60 0.000000 -0.142660 0.001106 0.989771
-1.40148795 0.10211200 -5.76684189 105 132 87 0.000000 0.751123 0.001378 -0.660161
-1.01460898 -0.05618700 -5.80027580 114 149 102 0.000000 0.155160 0.001116 0.987889
-1.53385901 0.02978600 -5.77025414 111 142 86 0.000000 0.078785 0.001050 0.996891
-0.97367001 -0.26497900 -5.72522116 103 132 57 0.000000 0.903843 0.001300 0.427862
-1.24864697 0.07345500 -5.74773693 88 123 73 0.000000 -0.140185 0.001104 0.990125
-1.46494401 0.02091500 -5.75251293 92 127 71 0.000000 -0.178186 0.001135 0.983996
-1.57684505 -0.17286500 -5.68496323 81 115 61 0.000000 -0.191268 0.001145 0.981537
-1.02143300 -0.11077300 -5.76957178 135 170 129 0.000000 0.335625 0.001248 0.941995
-1.65872395 -0.21585099 -5.68974018 133 163 118 0.000000 0.581753 0.001362 -0.813364
-1.09785295 -0.07529200 -5.75387812 116 155 107 0.000000 0.465583 0.001319 0.885003
-1.37351298 -0.04868200 -5.71430302 79 115 64 0.000000 -0.125512 0.001091 0.992091
-1.17700303 0.04479700 -5.75728989 133 167 123 0.000000 0.399807 0.001286 0.916599
-1.07465398 -0.04595200 -5.78458309 135 175 132 0.000000 0.522373 0.001343 0.852716
-1.28412795 -0.28340200 -5.66312885 90 123 69 0.000000 -0.160219 0.001120 0.987081
-1.46153200 0.06185500 -5.78526497 64 95 38 0.000000 -0.566240 0.001358 0.824239
-1.44242704 -0.16467699 -5.67541122 81 118 67 0.000000 0.097074 0.001067 0.995277
-1.24387097 -0.41236100 -5.61809492 71 106 51 0.000000 -0.027071 0.001003 0.999633
-1.10399401 0.00044600 -5.79549980 132 177 129 0.000000 0.694569 0.001381 0.719425
-0.99004602 -0.36255100 -5.68018723 145 188 140 0.000000 0.983039 0.001139 -0.183394
-1.37760603 0.16761500 -5.76616001 88 96 88 0.000000 0.783405 0.001372 -0.621510
-1.56046999 -0.11418500 -5.69587994 80 115 61 0.000000 -0.137718 0.001102 0.990471
-1.10672295 -0.22472200 -5.69860983 95 129 79 0.000000 0.209925 0.001160 0.977717
-1.36327803 -0.28408399 -5.66108179 106 140 97 0.000000 0.207235 0.001158 0.978290
-1.52294195 -0.19606400 -5.67472792 88 124 70 0.000000 -0.039563 0.001014 0.999217
-1.31142104 -0.17286500 -5.69246912 92 122 80 0.000000 0.000978 0.000978 0.999999
-1.32506704 -0.31819999 -5.66108179 100 121 77 0.000000 -0.025017 0.001001 0.999686
-1.20088398 -0.04390500 -5.73067904 119 154 107 0.000000 0.317711 0.001236 0.948187
-1.22886002 0.12872300 -5.75455999 89 119 77 0.000000 -0.111142 0.001079 0.993804
-1.42741597 -0.10940900 -5.69451618 96 135 84 0.000000 0.108776 0.001077 0.994066
-1.28276300 -0.11213800 -5.70475101 83 107 63 0.000000 0.039563 0.001014 0.999217
-0.99277502 -0.31274199 -5.71430302 127 164 110 0.000000 0.657235 0.001378 0.753685
-1.54272902 -0.05891700 -5.70406914 97 134 79 0.000000 0.183394 0.001139 0.983039
-1.46562600 -0.09371500 -5.69792700 91 126 79 0.000000 0.165311 0.001125 0.986241
-1.36123097 -0.39803201 -5.65562296 92 92 78 0.000000 0.680398 0.001380 -0.732842
-1.49564898 -0.16535901 -5.68087006 71 105 49 0.000000 -0.137718 0.001102 0.990471
-1.14971006 0.07550100 -5.77503014 125 162 111 0.000000 0.362873 0.001264 0.931838
-1.31346798 0.17170900 -5.75592518 109 143 94 0.000000 0.031203 0.001007 0.999513
-1.19678998 -0.12305500 -5.70884514 93 129 83 0.000000 0.191268 0.001145 0.981537
-1.56524599 -0.30591801 -5.62150717 85 104 67 0.000000 0.999131 0.001016 0.041673
-1.63552499 -0.06505800 -5.72385597 55 82 24 0.000000 -0.581753 0.001362 0.813364
-0.96548200 -0.22676900 -5.71839714 109 137 77 0.000000 0.000978 0.000978 -0.999999
-1.43082798 -0.35095200 -5.62150717 122 155 118 0.000000 0.381263 0.001275 0.924466
-1.10058200 -0.39257401 -5.62696600 101 132 80 0.000000 0.180786 0.001137 0.983522
-1.12719297 -0.14352500 -5.71907902 122 156 112 0.000000 0.302950 0.001227 0.953006
-1.03098500 -0.40007901 -5.63037682 82 96 75 0.000000 -0.484515 0.001327 0.874782
-1.40421700 -0.31342399 -5.64879990 127 138 107 0.000000 0.237255 0.001180 0.971447
-1.32574999 0.01136300 -5.73067904 106 142 94 0.000000 0.025017 0.001001 0.999686
-1.37010098 -0.13124301 -5.69656277 136 164 116 0.000000 0.065416 0.001038 0.997858
-1.46699095 -0.29022500 -5.64265919 106 140 98 0.000000 0.173011 0.001131 0.984919
-1.24591804 -0.30523601 -5.65767097 84 112 66 0.000000 0.248404 0.001189 0.968656
-1.10194695 -0.28340200 -5.67882299 96 128 69 0.000000 0.099398 0.001069 0.995047
-1.60072696 -0.03435300 -5.70884514 73 110 47 0.000000 0.039563 0.001014 0.999217
-1.27116394 -0.22813299 -5.67541122 73 108 56 0.000000 -0.173011 0.001131 0.984919
-1.21384799 -0.15990099 -5.69519901 106 139 97 0.000000 0.125512 0.001091 0.992091
-1.33462000 -0.35299900 -5.65494108 115 130 91 0.000000 0.462431 0.001317 -0.886654
-0.96411699 -0.16467699 -5.75660801 118 162 111 0.000000 0.449834 0.001311 0.893111
-1.62392604 -0.28817800 -5.63106012 103 124 84 0.000000 -0.928213 0.001270 -0.372047
-1.06510103 -0.12032600 -5.74841976 109 146 99 0.000000 0.201881 0.001154 0.979409
-1.07601905 -0.17900600 -5.72249079 106 140 92 0.000000 0.104070 0.001073 0.994569
-1.39671099 -0.22403900 -5.66381121 85 120 70 0.000000 0.106419 0.001075 0.994321
-1.02825606 -0.18787600 -5.72249079 108 143 101 0.000000 0.125512 0.001091 0.992091
-1.14698005 0.13827500 -5.76274920 198 207 178 0.000000 0.500299 0.001334 0.865851
-1.37078297 0.11917000 -5.77230120 62 90 43 0.000000 -0.525521 0.001344 0.850780
-1.47245002 -0.01593000 -5.72931480 102 136 89 0.000000 0.083307 0.001055 0.996523
-1.12992203 -0.05687000 -5.75114918 121 158 115 0.000000 0.434129 0.001304 0.900850
-1.07055998 -0.01456500 -5.82142782 165 203 162 0.000000 0.874782 0.001327 0.484515
-1.41240501 -0.39803201 -5.60035515 137 152 133 0.000000 0.541234 0.001350 0.840871
-1.50997806 -0.31888300 -5.61809492 108 146 93 0.000000 0.175594 0.001133 0.984462
-1.58571601 -0.23563901 -5.66517591 93 123 74 0.000000 -0.111142 0.001079 0.993804
-1.34007800 -0.19674601 -5.68428087 100 137 87 0.000000 0.273924 0.001207 0.961751
-1.07192504 -0.37619799 -5.63788319 106 138 85 0.000000 0.111142 0.001079 0.993804
-1.27935195 0.16488600 -5.76001883 113 151 100 0.000000 0.215328 0.001164 0.976541
-1.19337904 0.12804100 -5.75251293 102 139 83 0.000000 0.054502 0.001028 0.998513
-0.97162300 -0.33457601 -5.74637318 91 111 88 0.000000 0.639507 0.001375 0.768784
-1.58162200 -0.33321100 -5.59148502 133 154 106 0.000000 -0.231726 0.001176 -0.972780
-1.04053795 -0.29159001 -5.69383383 110 141 85 0.000000 0.276796 0.001209 0.960928
-1.29572701 -0.40895000 -5.63037682 79 113 57 0.000000 -0.140185 0.001104 0.990125
-1.17154396 -0.43283099 -5.59216690 131 138 119 0.000000 0.603278 0.001368 -0.797530
-1.55569303 -0.26839101 -5.64265919 87 124 69 0.000000 -0.048051 0.001022 0.998844
-1.29299796 -0.36186901 -5.65016508 143 147 107 0.000000 -0.056668 0.001030 0.998393
-1.68396997 -0.15921800 -5.70816183 131 146 121 0.000000 0.639507 0.001375 -0.768784
-1.39739394 -0.01524800 -5.72863197 67 101 52 0.000000 -0.268202 0.001203 0.963362
-1.29709196 0.07277200 -5.74705505 90 129 72 0.000000 0.008867 0.000985 0.999960
-1.43560398 -0.28408399 -5.65289402 155 173 136 0.000000 0.528668 0.001345 0.848828
-1.15789795 -0.10872600 -5.72249079 102 140 90 0.000000 0.268202 0.001203 0.963362
-1.64166605 -0.26225001 -5.65835285 81 110 57 0.000000 -0.462431 0.001317 0.886654
-1.34758401 -0.10053800 -5.70133877 78 113 67 0.000000 -0.016879 0.000993 0.999857
-1.47313201 -0.36937499 -5.59285021 101 118 82 0.000000 -0.902354 0.001302 0.430994
-1.30527997 -0.08757400 -5.70679808 104 141 96 0.000000 0.162760 0.001122 0.986665
-1.50179005 -0.22335701 -5.66517591 92 127 75 0.000000 0.123096 0.001089 0.992394
-1.49769604 0.03251500 -5.76957178 84 121 56 0.000000 -0.412244 0.001292 0.911072
-1.16949701 -0.28408399 -5.67268085 139 162 115 0.000000 0.132811 0.001098 0.991141
-1.03644395 -0.23359200 -5.70611620 106 142 87 0.000000 0.132811 0.001098 0.991141
-1.41172302 0.10757100 -5.79822922 65 90 42 0.000000 -0.671779 0.001379 0.740750
-1.13060498 -0.26225001 -5.68223381 94 128 74 0.000000 0.076536 0.001048 0.997066
-1.59595001 -0.19879299 -5.67950487 73 114 50 0.000000 -0.099398 0.001069 0.995047
-1.24660003 0.19490799 -5.77707720 133 162 139 0.000000 0.497143 0.001333 0.867668
-1.51407099 -0.13124301 -5.68769312 104 138 82 0.000000 0.291258 0.001219 0.956644
-1.22681201 -0.02070600 -5.72795010 94 132 83 0.000000 0.039563 0.001014 0.999217
-1.08761799 -0.13806599 -5.73340797 110 149 102 0.000000 0.446689 0.001310 0.894688
-1.65667701 -0.18378200 -5.69451618 127 152 112 0.000000 0.372047 0.001270 -0.928213
-1.39875901 0.01545700 -5.74023199 72 106 53 0.000000 -0.218041 0.001166 0.975939
-1.39057100 0.07140800 -5.76274920 78 108 60 0.000000 -0.362873 0.001264 0.931838
-1.42878103 0.08846600 -5.77776003 112 137 106 0.000000 -0.043791 0.001018 -0.999040
-1.04599595 -0.04936400 -5.79754686 126 167 124 0.000000 0.516071 0.001340 0.856545
-1.17154396 0.00317500 -5.75319576 116 157 109 0.000000 0.484515 0.001327 0.874782
-1.18587303 -0.21244000 -5.68359900 89 129 75 0.000000 0.120688 0.001087 0.992690
-1.68396997 -0.12783100 -5.69519901 105 131 92 0.000000 -0.497143 0.001333 -0.867668
-1.53522396 0.01545700 -5.74159622 104 141 97 0.000000 0.430994 0.001302 0.902354
-1.25888205 -0.35504600 -5.64879990 116 138 95 0.000000 0.173011 0.001131 -0.984919
-1.23841202 -0.09712700 -5.71293879 94 127 77 0.000000 0.157685 0.001118 0.987489
-1.40421700 -0.04390500 -5.71907902 82 118 70 0.000000 0.016879 0.000993 0.999857
-1.28071594 -0.19879299 -5.68223381 74 109 58 0.000000 -0.090153 0.001061 0.995927
-1.20565999 -0.40417299 -5.62014198 116 142 95 0.000000 0.215328 0.001164 -0.976541
-1.63757205 -0.11759700 -5.70816183 92 125 67 0.000000 -0.162760 0.001122 0.986665
-1.20156598 0.03115000 -5.74500799 114 150 103 0.000000 0.344659 0.001253 0.938727
-0.98663402 -0.11827900 -5.78390121 149 180 139 0.000000 0.534955 0.001347 0.844879
-1.49974298 -0.28954300 -5.63447094 99 138 91 0.000000 0.209925 0.001160 0.977717
-1.51407099 -0.35299900 -5.59080315 101 138 80 0.000000 -0.090153 0.001061 0.995927
-1.11422896 -0.32570601 -5.66312885 103 132 77 0.000000 -0.076536 0.001048 -0.997066
-1.51407099 -0.04458800 -5.70952702 108 144 95 0.000000 0.157685 0.001118 0.987489
-1.03303194 -0.13192500 -5.75114918 124 159 119 0.000000 0.193909 0.001147 0.981019
-1.25410604 -0.04663500 -5.71976185 92 128 80 0.000000 -0.056668 0.001030 0.998393
-1.23431802 -0.23222700 -5.67268085 105 131 88 0.000000 0.000978 0.000978 0.999999
-1.39944100 -0.34208199 -5.64129400 102 138 92 0.000000 0.254023 0.001193 0.967197
-1.13538098 -0.35095200 -5.64675283 96 129 78 0.000000 0.083307 0.001055 0.996523
-1.35713696 -0.07256300 -5.70679808 78 113 61 0.000000 -0.074296 0.001046 0.997236
-1.62597299 -0.14557201 -5.69860983 78 113 54 0.000000 -0.186011 0.001141 0.982547
-1.34349000 -0.14420700 -5.69451618 74 111 59 0.000000 -0.078785 0.001050 0.996891
-1.34553695 0.17034499 -5.76001883 71 107 43 0.000000 -0.424733 0.001299 0.905318
-1.45880306 -0.03981200 -5.71839714 97 132 88 0.000000 0.061026 0.001034 0.998136
-1.19474304 -0.35027000 -5.64675283 107 136 86 0.000000 0.083307 0.001055 -0.996523
-1.23500001 -0.37415099 -5.63720083 80 113 62 0.000000 -0.052343 0.001026 0.998629
-1.46085000 -0.33525801 -5.61946011 110 146 102 0.000000 0.372047 0.001270 0.928213
-1.01597404 -0.35572800 -5.66654110 101 143 86 0.000000 0.387428 0.001279 0.921899
-1.56865799 0.00658700 -5.71907902 137 172 131 0.000000 0.387428 0.001279 0.921899
-1.01460898 -0.15648900 -5.74227905 129 165 124 0.000000 0.288352 0.001217 0.957524
-1.25001204 0.10211200 -5.75251293 87 123 71 0.000000 -0.025017 0.001001 0.999686
-1.30937397 0.13964000 -5.75660801 88 124 69 0.000000 -0.039563 0.001014 0.999217
-1.65121901 -0.23836800 -5.67131710 114 142 102 0.000000 0.826370 0.001357 -0.563126
-1.37283003 -0.19947600 -5.67404604 98 137 86 0.000000 0.193909 0.001147 0.981019
-1.29095101 -0.14557201 -5.69724512 176 190 144 0.000000 0.016879 0.000993 0.999857
-0.94501197 -0.27521399 -5.73204422 100 127 61 0.000000 0.173011 0.001131 -0.984919
-1.15380394 -0.17286500 -5.70133877 95 134 81 0.000000 0.207235 0.001158 0.978290
-1.14561605 -0.39939699 -5.61741304 101 134 82 0.000000 -0.010858 0.000987 0.999941
-1.14425099 -0.19947600 -5.69587994 97 134 84 0.000000 0.268202 0.001203 0.963362
-1.54818797 -0.08621000 -5.69860983 84 120 65 0.000000 -0.078785 0.001050 0.996891
-1.34007800 -0.02138900 -5.71976185 93 130 81 0.000000 0.016879 0.000993 0.999857
-1.06441903 -0.23291001 -5.70202208 109 142 91 0.000000 0.186011 0.001141 0.982547
-1.27798700 -0.03162400 -5.72180891 167 190 150 0.000000 0.162760 0.001122 0.986665
-1.46699095 0.08437200 -5.80300617 85 91 78 0.000000 -0.390517 0.001280 0.920595
-1.17768502 0.08096000 -5.76206589 123 159 109 0.000000 0.434129 0.001304 0.900850
-1.48814297 -0.10940900 -5.69178677 85 121 73 0.000000 0.000978 0.000978 0.999999
-1.20293105 -0.32161200 -5.65903521 107 133 82 0.000000 0.220763 0.001168 0.975327
-1.29709196 -0.06164600 -5.71362114 110 145 103 0.000000 0.262509 0.001199 0.964929
-1.27321100 0.01068100 -5.73272610 99 128 83 0.000000 -0.245605 0.001186 0.969369
-0.94160002 -0.21244000 -5.71907902 119 148 95 0.000000 0.471891 0.001322 0.881656
-1.00573897 -0.08893900 -5.78526497 126 167 114 0.000000 0.452981 0.001313 0.891519
-1.29436302 -0.25883800 -5.67063522 72 104 55 0.000000 -0.094759 0.001065 0.995500
-1.12037003 0.03388000 -5.79549980 128 173 111 0.000000 0.668888 0.001379 0.743362
-1.34144294 0.10074800 -5.75797176 84 118 69 0.000000 -0.135260 0.001100 0.990809
-1.62119699 -0.20902801 -5.68291712 78 108 55 0.000000 -0.188635 0.001143 0.982047
-1.35713696 -0.36732799 -5.64879990 120 142 114 0.000000 0.111142 0.001079 0.993804
-1.19951999 0.15533400 -5.75319576 90 124 75 0.000000 -0.209925 0.001160 0.977717
-1.12514603 -0.08893900 -5.73818493 112 150 102 0.000000 0.350710 0.001257 0.936483
-1.54272902 -0.31819999 -5.61195517 93 132 79 0.000000 0.118289 0.001085 0.992979
-0.96548200 -0.19060500 -5.73067904 103 141 91 0.000000 0.016879 0.000993 0.999857
-1.06714797 -0.34003499 -5.66585779 108 146 88 0.000000 0.196558 0.001149 0.980491
-1.12514603 0.00249300 -5.77844191 157 190 157 0.000000 0.544370 0.001351 0.838844
-1.37965298 -0.24519099 -5.66381121 107 143 88 0.000000 0.437266 0.001305 0.899331
-1.51066005 -0.07256300 -5.70202208 95 131 79 0.000000 -0.008867 0.000985 0.999960
-1.09034705 -0.20561700 -5.70816183 86 125 70 0.000000 0.142660 0.001106 0.989771
-1.03439701 -0.07733900 -5.78048897 130 161 119 0.000000 0.256844 0.001195 0.966452
-1.49496603 -0.02889400 -5.71976185 123 158 118 0.000000 0.027071 0.001003 0.999633
-1.17290902 -0.24655600 -5.67882299 96 128 78 0.000000 0.302950 0.001227 0.953006
-1.67646503 -0.23086300 -5.70270395 111 124 107 0.000000 0.838844 0.001351 -0.544370
-1.52294195 -0.00706000 -5.72795010 112 149 105 0.000000 0.621510 0.001372 0.783405
-1.21111906 0.18672100 -5.75728989 95 118 66 0.000000 -0.350710 0.001257 0.936483
-1.02893806 -0.37278599 -5.64402390 94 131 78 0.000000 0.305890 0.001228 0.952066
-1.28276300 0.09460700 -5.75114918 107 144 91 0.000000 0.014865 0.000991 0.999889
-1.33325505 -0.24996801 -5.67541122 102 135 90 0.000000 0.025017 0.001001 0.999686
-1.51816499 -0.27248400 -5.64265919 85 127 70 0.000000 -0.020933 0.000997 0.999780
-1.45539200 -0.06437500 -5.70952702 101 136 89 0.000000 0.108776 0.001077 0.994066
-1.30118597 0.02091500 -5.73477316 97 133 85 0.000000 0.123096 0.001089 0.992394
-0.98254001 -0.37619799 -5.70133877 156 159 155 0.000000 0.925729 0.001273 0.378186
-1.23773003 -0.07119800 -5.71703291 98 134 89 0.000000 -0.033281 0.001009 0.999445
-1.21998894 0.10415900 -5.75183201 96 131 84 0.000000 -0.065416 0.001038 0.997858
-1.42809796 -0.03230600 -5.72317410 101 138 85 0.000000 0.045917 0.001020 0.998945
-1.39261794 -0.17081800 -5.67882299 100 133 92 0.000000 0.056668 0.001030 0.998393
-1.61846697 -0.06574000 -5.70406914 113 138 93 0.000000 0.990125 0.001104 0.140185
-1.35918403 0.01545700 -5.73409081 86 123 74 0.000000 -0.050193 0.001024 0.998739
-1.57479799 -0.03571800 -5.70679808 86 122 68 0.000000 -0.016879 0.000993 0.999857
-0.98390502 -0.24450900 -5.71293879 105 138 81 0.000000 0.228974 0.001174 0.973432
-1.35850096 -0.25951999 -5.66722298 88 125 77 0.000000 0.262509 0.001199 0.964929
-1.40080500 -0.10940900 -5.69929218 109 143 101 0.000000 0.081042 0.001052 0.996710
-1.08079505 -0.09439800 -5.75251293 115 156 103 0.000000 0.430994 0.001302 0.902354
-1.43492198 0.03115000 -5.75524282 127 147 106 0.000000 -0.132811 0.001098 0.991141
-1.33052599 0.18740299 -5.74500799 114 127 106 0.000000 -0.547504 0.001352 -0.836802
-1.25615299 0.15465100 -5.76343107 123 153 115 0.000000 0.188635 0.001143 0.982047
-1.04463196 -0.32843500 -5.67814016 119 154 112 0.000000 0.393609 0.001282 0.919277
-1.43082798 -0.25747299 -5.65630579 81 111 63 0.000000 0.396706 0.001284 0.917945
-1.33939600 -0.29431900 -5.66585779 89 120 79 0.000000 -0.127937 0.001093 0.991782
-1.10331202 0.04616100 -5.81801701 174 191 157 0.000000 0.753685 0.001378 0.657235
-0.97162300 -0.29636601 -5.72453785 118 152 102 0.000000 0.459279 0.001316 0.888291
-1.19337904 -0.09508000 -5.71839714 100 138 90 0.000000 0.276796 0.001209 0.960928
-1.03234994 -0.25815600 -5.70270395 116 140 85 0.000000 -0.276796 0.001209 -0.960928
-1.37419498 -0.34890500 -5.64948320 95 118 80 0.000000 0.140492 0.001106 0.990081
-1.39261794 -0.06505800 -5.71225595 101 132 84 0.000000 0.014865 0.000991 0.999889
-1.39398205 0.14850999 -5.77776003 191 199 187 0.000000 0.609379 0.001369 -0.792878
-1.30459797 -0.30387101 -5.66108179 89 119 68 0.000000 -0.058843 0.001032 0.998267
-1.16744995 -0.30728301 -5.66381121 104 133 82 0.000000 -0.434129 0.001304 -0.900850
-1.54682302 -0.18924101 -5.67677498 87 118 72 0.000000 -0.120688 0.001087 0.992690
-1.43901598 -0.08825700 -5.70065689 107 142 97 0.000000 0.178186 0.001135 0.983996
-1.42332196 0.01204500 -5.74227905 111 142 98 0.000000 -0.142660 0.001106 0.989771
-1.55501103 -0.24041501 -5.65971804 117 142 90 0.000000 -0.037461 0.001012 0.999298
-1.25819898 -0.43692499 -5.60308504 73 85 68 0.000000 -0.054502 0.001028 0.998513
-1.10467601 -0.36596301 -5.63992977 98 133 75 0.000000 0.338631 0.001250 0.940919
-1.30937397 0.19627300 -5.75524282 146 169 124 0.000000 -0.039563 0.001014 0.999217
-1.38579404 -0.29022500 -5.65289402 84 120 69 0.000000 0.097074 0.001067 0.995277
-1.42946303 -0.21107499 -5.66585779 89 122 76 0.000000 -0.078785 0.001050 0.996891
-1.15039206 -0.00706000 -5.76070213 125 164 113 0.000000 0.522373 0.001343 0.852716
-1.60686803 -0.15990099 -5.69246912 90 122 68 0.000000 -0.226229 0.001172 0.974073
-1.46699095 -0.16399500 -5.67677498 72 105 59 0.000000 -0.314746 0.001234 0.949175
-1.17222595 -0.05618700 -5.73613787 113 150 107 0.000000 0.276796 0.001209 0.960928
-1.26024604 0.04684400 -5.74227905 67 106 49 0.000000 -0.014865 0.000991 0.999889
-1.31756198 -0.10804400 -5.70133877 93 130 86 0.000000 0.087863 0.001059 0.996132
-1.16813302 -0.35572800 -5.64197683 98 128 81 0.000000 -0.048051 0.001022 0.998844
-1.21794200 -0.11009100 -5.71020889 104 136 93 0.000000 -0.027071 0.001003 0.999633
-1.09307694 -0.05141100 -5.76957178 123 162 116 0.000000 0.493986 0.001331 0.869469
-1.36600697 0.14305200 -5.77298403 57 93 29 0.000000 -0.493986 0.001331 0.869469
-1.66281796 -0.11827900 -5.71089220 122 154 102 0.000000 0.000978 0.000978 0.999999
-1.21180105 0.05298500 -5.74705505 110 145 98 0.000000 0.170436 0.001129 0.985368
-1.18791997 -0.16126500 -5.69860983 91 126 78 0.000000 0.288352 0.001217 0.957524
-1.17836702 -0.02480000 -5.74296093 137 170 124 0.000000 0.393609 0.001282 0.919277
-1.25205898 0.21606000 -5.78731203 168 174 166 0.000000 0.771254 0.001375 0.636526
-1.26775205 0.21674301 -5.76547813 75 82 74 0.000000 0.242814 0.001184 0.970072
-1.40831101 0.03456200 -5.75114918 95 125 74 0.000000 -0.069839 0.001042 0.997558
-1.57206905 -0.28340200 -5.63310719 80 115 60 0.000000 -0.018902 0.000995 0.999821
-1.47927296 0.00385700 -5.74091387 98 134 82 0.000000 0.160219 0.001120 0.987081
-1.22544801 -0.27521399 -5.66381121 88 120 67 0.000000 -0.018902 0.000995 0.999821
-1.66350102 -0.27726099 -5.65357590 82 86 77 0.000000 0.981537 0.001145 0.191268
-1.01460898 -0.34344599 -5.68700981 124 166 117 0.000000 0.465583 0.001319 0.885003
-1.59595001 -0.09371500 -5.70270395 77 109 54 0.000000 -0.201881 0.001154 0.979409
-1.13401604 -0.12100800 -5.72317410 104 139 93 0.000000 0.302950 0.001227 0.953006
-1.43150997 -0.18514700 -5.66995192 84 118 70 0.000000 0.054502 0.001028 0.998513
-1.26024604 -0.12510200 -5.70406914 80 111 69 0.000000 -0.025017 0.001001 0.999686
-1.31005597 -0.34549299 -5.65289402 87 117 68 0.000000 -0.226229 0.001172 0.974073
-1.11627603 -0.20152301 -5.70270395 102 144 85 0.000000 0.326641 0.001242 0.945148
-1.10262895 -0.16058300 -5.72044420 115 153 104 0.000000 0.326641 0.001242 0.945148
-1.41513395 -0.37756300 -5.61195517 133 168 126 0.000000 0.550634 0.001353 0.834745
-0.97298700 -0.13738400 -5.78185415 145 187 141 0.000000 0.630540 0.001374 0.776155
-1.58230400 -0.14966600 -5.68974018 84 119 65 0.000000 -0.048051 0.001022 0.998844
-1.08693600 -0.11486700 -5.74159622 121 160 108 0.000000 0.506611 0.001337 0.862174
-1.15380394 -0.41440800 -5.59762621 116 137 98 0.000000 0.544370 0.001351 -0.838844
-1.61437297 -0.27112001 -5.64402390 88 126 66 0.000000 0.002938 0.000979 0.999995
-1.52976501 -0.21721600 -5.66722298 83 117 67 0.000000 -0.083307 0.001055 0.996523
-1.30527997 0.04820800 -5.74023199 98 135 83 0.000000 0.106419 0.001075 0.994321
-1.09034705 -0.02889400 -5.78799391 138 176 136 0.000000 0.569351 0.001359 0.822094
-1.33734906 -0.22267500 -5.68018723 102 133 92 0.000000 0.262509 0.001199 0.964929
-1.18723798 -0.38711500 -5.62696600 94 124 74 0.000000 0.323658 0.001240 -0.946173
-0.99686903 -0.33525801 -5.70952702 140 177 125 0.000000 0.660161 0.001378 0.751123
-0.98458701 -0.16740599 -5.74568987 116 156 106 0.000000 0.350710 0.001257 0.936483
-1.50042498 -0.24519099 -5.65698814 97 129 78 0.000000 -0.183394 0.001139 0.983039
-1.26092899 0.17784999 -5.76616001 117 154 113 0.000000 0.372047 0.001270 0.928213
-1.42263997 -0.33457601 -5.63583612 100 137 91 0.000000 0.421606 0.001297 0.906778
-1.22203600 -0.18173499 -5.68632793 94 130 82 0.000000 0.115898 0.001083 0.993261
-1.28958595 0.12326400 -5.75455999 114 146 105 0.000000 0.056668 0.001030 0.998393
-1.53522396 -0.11350300 -5.69383383 84 119 65 0.000000 0.000978 0.000978 0.999999
-1.26092899 -0.09917400 -5.70816183 79 117 69 0.000000 0.022971 0.000999 0.999736
-1.10058200 -0.30932999 -5.67199898 100 126 75 0.000000 -0.137718 0.001102 -0.990471
-1.33666694 -0.16604200 -5.69178677 78 113 64 0.000000 -0.008867 0.000985 0.999960
-1.07192504 -0.28340200 -5.68564606 99 140 76 0.000000 0.311788 0.001232 0.950151
-1.05213702 -0.17354700 -5.72795010 92 132 74 0.000000 0.218041 0.001166 0.975939
-1.00846803 -0.25269699 -5.70747995 102 139 78 0.000000 0.323658 0.001240 0.946173
-1.44583905 0.07413700 -5.77230120 122 148 112 0.000000 0.971447 0.001180 -0.237255
-1.35918403 0.04138500 -5.74364281 100 132 84 0.000000 -0.101730 0.001071 0.994811
-0.97025800 -0.12032600 -5.79959393 68 81 66 0.000000 0.493986 0.001331 0.869469
-1.66077101 -0.16126500 -5.69587994 117 143 101 0.000000 0.276796 0.001209 -0.960928
-1.48200202 0.05980800 -5.80027580 122 140 104 0.000000 -0.418483 0.001296 0.908224
-1.60209095 -0.29363701 -5.62219000 103 141 86 0.000000 0.157685 0.001118 0.987489
-1.14902699 0.01409200 -5.76957178 142 179 129 0.000000 0.484515 0.001327 0.874782
-1.60004401 -0.25337899 -5.65357590 92 124 72 0.000000 -0.061026 0.001034 0.998136
-1.45129800 -0.26702601 -5.65425920 112 140 91 0.000000 0.123096 0.001089 0.992394
-0.98254001 -0.33116400 -5.72658491 123 159 106 0.000000 0.920595 0.001280 0.390517
-1.63961899 -0.08893900 -5.71293879 139 166 128 0.000000 0.459279 0.001316 -0.888291
-1.22203600 -0.04663500 -5.72317410 110 146 105 0.000000 0.186011 0.001141 0.982547
-1.15789795 0.05503200 -5.77025414 129 167 117 0.000000 0.452981 0.001313 0.891519
-1.51475406 0.03592700 -5.78390121 88 114 66 0.000000 -0.503455 0.001335 0.864020
-1.48882496 -0.08757400 -5.69724512 96 131 83 0.000000 0.167869 0.001127 0.985809
-1.04121995 -0.10122100 -5.76479483 123 159 114 0.000000 0.381263 0.001275 0.924466
-1.41376996 -0.08143300 -5.70679808 100 136 91 0.000000 -0.025017 0.001001 0.999686
-1.53044701 -0.17422999 -5.68018723 93 125 80 0.000000 0.039563 0.001014 0.999217
-1.09580600 -0.24314401 -5.69178677 99 132 83 0.000000 0.115898 0.001083 0.993261
-1.13811004 0.05844300 -5.78390121 131 169 118 0.000000 0.516071 0.001340 0.856545
-1.26843405 -0.41713700 -5.61946011 82 112 65 0.000000 -0.256844 0.001195 0.966452
-1.16676795 -0.20152301 -5.68974018 96 130 81 0.000000 -0.031203 0.001007 0.999513
-0.95592898 -0.25679100 -5.71430302 101 139 76 0.000000 0.378186 0.001273 0.925729
-1.30732703 -0.43419600 -5.62082481 145 162 124 0.000000 0.300017 0.001225 -0.953933
-1.60345602 -0.22472200 -5.67336416 94 122 70 0.000000 -0.218041 0.001166 0.975939
-1.51680100 -0.15648900 -5.68291712 92 128 71 0.000000 -0.056668 0.001030 0.998393
-1.19678998 -0.26975501 -5.66927004 93 128 73 0.000000 0.147635 0.001110 0.989041
-1.32506704 0.12394700 -5.75728989 83 115 62 0.000000 -0.113516 0.001081 0.993536
-0.98936301 -0.28885999 -5.71362114 121 157 105 0.000000 0.297091 0.001223 0.954848
-1.12446404 -0.39393800 -5.62082481 102 135 86 0.000000 0.282560 0.001213 0.959249
-1.09171200 0.00522200 -5.81324100 160 198 157 0.000000 0.897798 0.001307 0.440405
-1.26297605 -0.15103100 -5.69519901 82 122 64 0.000000 0.008867 0.000985 0.999960
-1.27525795 0.07004300 -5.74568987 100 135 83 0.000000 0.125512 0.001091 0.992091
-1.45812094 0.04547900 -5.77093601 85 120 65 0.000000 -0.120688 0.001087 0.992690
-1.17427301 0.13895801 -5.75251293 107 144 89 0.000000 0.199215 0.001152 0.979955
-1.62187898 -0.30318901 -5.60922480 129 152 117 0.000000 0.308835 0.001230 0.951115
-1.57684505 -0.20766400 -5.67336416 78 113 56 0.000000 -0.183394 0.001139 0.983039
-1.20702505 -0.21653400 -5.67950487 79 118 66 0.000000 0.087863 0.001059 0.996132
-0.99209303 -0.21175700 -5.71839714 100 136 78 0.000000 0.027071 0.001003 0.999633
-1.58025706 0.02500900 -5.72112703 178 185 171 0.000000 0.341642 0.001251 0.939829
-1.58093905 -0.31819999 -5.60922480 109 141 90 0.000000 0.204554 0.001156 0.978855
-1.48473203 -0.14147800 -5.68291712 85 116 68 0.000000 0.097074 0.001067 0.995277
-1.25819898 -0.19197001 -5.68223381 80 115 64 0.000000 -0.041673 0.001016 0.999131
-1.45197999 0.08983000 -5.78731203 122 149 102 0.000000 0.615457 0.001371 -0.788169
-1.05008996 -0.26770800 -5.69451618 114 142 86 0.000000 -0.078785 0.001050 -0.996891
-1.04599595 -0.41577300 -5.62969494 122 137 113 0.000000 0.065416 0.001038 0.997858
-1.58230400 -0.11009100 -5.69860983 77 114 59 0.000000 0.006883 0.000983 0.999976
-1.65394795 -0.07597500 -5.72726822 135 154 133 0.000000 0.440405 0.001307 -0.897798
-1.13196898 0.07959500 -5.78663015 129 168 116 0.000000 0.575560 0.001361 0.817758
-1.38920605 -0.39120901 -5.62355423 127 153 116 0.000000 0.651358 0.001377 0.758770
-1.41718102 -0.29636601 -5.65084696 117 129 99 0.000000 0.137718 0.001102 0.990471
-1.50042498 -0.20288700 -5.67199898 98 126 81 0.000000 0.045917 0.001020 0.998945
-1.01870298 -0.29500100 -5.70065689 121 156 95 0.000000 0.446689 0.001310 0.894688
-1.18177903 0.02500900 -5.75046682 115 156 101 0.000000 0.323658 0.001240 0.946173
-1.46767294 -0.24041501 -5.66108179 96 124 76 0.000000 -0.276796 0.001209 0.960928
-1.45402706 -0.11418500 -5.69110394 85 122 70 0.000000 0.083307 0.001055 0.996523
-1.29095101 -0.38984400 -5.63856506 93 123 76 0.000000 0.178186 0.001135 0.983996
-1.44447398 -0.13328999 -5.68632793 85 122 71 0.000000 0.033281 0.001009 0.999445
-1.34758401 -0.05004600 -5.71225595 88 125 73 0.000000 -0.048051 0.001022 0.998844
-1.51134205 0.02091500 -5.75660801 97 133 78 0.000000 0.118289 0.001085 0.992979
-1.31892598 -0.03435300 -5.71771479 101 137 92 0.000000 0.000978 0.000978 0.999999
-1.34280801 0.02910300 -5.73818493 100 135 86 0.000000 -0.135260 0.001100 0.990809
-1.28139901 -0.08825700 -5.70952702 125 151 109 0.000000 0.308835 0.001230 0.951115
-1.14015698 -0.02548300 -5.76001883 119 159 111 0.000000 0.378186 0.001273 0.925729
-1.26092899 -0.33525801 -5.65562296 104 129 83 0.000000 -0.120688 0.001087 -0.992690
-1.17973197 -0.11350300 -5.71635103 104 142 90 0.000000 0.228974 0.001174 0.973432
-1.09307694 -0.26293200 -5.68564606 95 130 78 0.000000 0.000978 0.000978 0.999999
-1.62392604 -0.02070600 -5.71225595 109 112 100 0.000000 -0.142660 0.001106 0.989771
-1.15312099 -0.25201499 -5.68223381 102 135 84 0.000000 0.220763 0.001168 0.975327
-1.14766300 0.11166500 -5.76957178 127 161 111 0.000000 0.449834 0.001311 0.893111
-1.39466500 0.11030000 -5.78663015 58 84 36 0.000000 -0.490829 0.001330 0.871255
-1.29504502 -0.23836800 -5.67404604 92 117 75 0.000000 0.150135 0.001112 -0.988665
-1.26570499 -0.29909500 -5.65903521 89 118 71 0.000000 0.014865 0.000991 0.999889
-1.39261794 -0.12783100 -5.69451618 96 134 88 0.000000 0.231726 0.001176 0.972780
-1.21453094 -0.13260800 -5.70406914 83 120 67 0.000000 0.135260 0.001100 0.990809
-1.55842304 -0.14693700 -5.68837500 85 117 68 0.000000 -0.178186 0.001135 0.983996
-1.47927296 0.04957300 -5.78253603 92 120 68 0.000000 -0.390517 0.001280 0.920595
-0.99209303 -0.26497900 -5.71020889 99 134 75 0.000000 0.188635 0.001143 0.982047
-1.49496603 -0.27316701 -5.64607096 105 131 82 0.000000 -0.204554 0.001156 -0.978855
-0.94160002 -0.17013600 -5.75660801 129 160 112 0.000000 0.636526 0.001375 0.771254
-1.42195797 -0.16331200 -5.67745781 95 132 83 0.000000 0.108776 0.001077 0.994066
-1.64098406 -0.27521399 -5.63720083 99 135 76 0.000000 -0.039563 0.001014 0.999217
-1.36600697 0.18058001 -5.75524282 121 127 116 0.000000 0.300017 0.001225 -0.953933
-1.21589506 0.00658700 -5.73613787 104 142 87 0.000000 0.338631 0.001250 0.940919
-1.10877001 -0.40621999 -5.61400223 96 133 80 0.000000 0.113516 0.001081 0.993536
-1.33325505 -0.08621000 -5.70406914 101 132 95 0.000000 0.054502 0.001028 0.998513
-1.01119804 -0.19879299 -5.71976185 96 135 82 0.000000 0.209925 0.001160 0.977717
-1.12992203 -0.23836800 -5.69178677 147 169 118 0.000000 -0.231726 0.001176 -0.972780
-1.62051404 -0.04868200 -5.71498585 58 90 31 0.000000 -0.465583 0.001319 0.885003
-1.02757299 -0.16877100 -5.73272610 120 155 111 0.000000 0.199215 0.001152 0.979955
-1.18587303 0.10552400 -5.75592518 111 147 92 0.000000 0.220763 0.001168 0.975327
-1.29845703 0.15669800 -5.75660801 112 146 99 0.000000 0.006883 0.000983 0.999976
-1.40967596 0.08232500 -5.77639484 68 101 44 0.000000 -0.365926 0.001266 0.930643
-1.38238299 0.09733600 -5.77093601 67 96 47 0.000000 -0.418483 0.001296 0.908224
-1.40762901 -0.24041501 -5.65971804 86 120 75 0.000000 0.000978 0.000978 0.999999
-1.44310999 -0.35914001 -5.60786104 105 143 98 0.000000 0.493986 0.001331 0.869469
-1.57343400 -0.26020300 -5.64811802 92 123 73 0.000000 0.111142 0.001079 0.993804
-1.54886997 -0.00160100 -5.72249079 103 141 93 0.000000 0.347682 0.001255 0.937612
-1.47859097 0.03456200 -5.76411295 85 118 63 0.000000 -0.424733 0.001299 0.905318
-1.30323303 -0.00023700 -5.72931480 88 125 74 0.000000 -0.008867 0.000985 0.999960
-1.34894896 0.06594900 -5.74978399 84 123 62 0.000000 -0.173011 0.001131 0.984919
-1.08284199 0.00726900 -5.83098078 141 152 134 0.000000 0.724826 0.001381 0.688930
-1.67714703 -0.17764100 -5.70543289 132 159 115 0.000000 0.597153 0.001366 -0.802126
-1.31414998 0.08573600 -5.75046682 92 126 73 0.000000 -0.160219 0.001120 0.987081
-1.40762901 0.06049000 -5.76274920 77 110 57 0.000000 -0.207235 0.001158 0.978290
-1.00301003 -0.11964400 -5.77298403 131 172 126 0.000000 0.538096 0.001349 0.842882
-0.96206999 -0.28613099 -5.73955011 106 129 63 0.000000 0.824239 0.001358 -0.566240
-1.18723798 -0.29363701 -5.66790485 116 141 93 0.000000 0.209925 0.001160 0.977717
-1.30255103 -0.19333500 -5.68700981 89 110 67 0.000000 -0.039563 0.001014 0.999217
-1.19747305 -0.18855800 -5.68905687 85 125 72 0.000000 0.083307 0.001055 0.996523
-1.38306499 -0.15512399 -5.68564606 104 140 94 0.000000 0.167869 0.001127 0.985809
-1.35986602 0.10484100 -5.76479483 71 106 50 0.000000 -0.424733 0.001299 0.905318
-1.10740602 0.02432700 -5.80641699 147 189 139 0.000000 0.716707 0.001381 0.697373
-1.18382597 -0.31819999 -5.66039991 104 130 78 0.000000 -0.285453 0.001215 -0.958392
-1.22340095 -0.24792100 -5.66927004 94 123 68 0.000000 -0.056668 0.001030 -0.998393
-1.10535896 -0.14216000 -5.72590303 101 140 84 0.000000 0.186011 0.001141 0.982547
-1.53044701 -0.33116400 -5.60444880 105 143 87 0.000000 0.041673 0.001016 0.999131
-1.50383699 -0.18241800 -5.67677498 73 107 56 0.000000 -0.081042 0.001052 0.996710
-1.64780700 -0.04868200 -5.71225595 142 151 137 0.000000 0.497143 0.001333 -0.867668
-1.02620900 -0.04527000 -5.81119299 126 157 115 0.000000 0.553762 0.001354 0.832674
-1.09580600 -0.18651100 -5.71498585 112 146 104 0.000000 0.468736 0.001320 0.883337
-1.15516806 0.09392400 -5.77025414 131 165 117 0.000000 0.560008 0.001356 0.828486
-1.67782998 -0.21244000 -5.70816183 157 183 151 0.000000 0.756234 0.001377 -0.654300
-1.13538098 -0.17218301 -5.70679808 107 143 93 0.000000 0.350710 0.001257 0.936483
-1.57684505 -0.08484500 -5.70133877 87 111 58 0.000000 -0.135260 0.001100 0.990809
-1.47313201 -0.06983400 -5.70543289 104 135 93 0.000000 -0.090153 0.001061 0.995927
-1.36805403 0.05639600 -5.75114918 91 120 72 0.000000 -0.262509 0.001199 0.964929
-1.54341102 -0.13465500 -5.69042206 86 118 72 0.000000 -0.099398 0.001069 0.995047
-1.22886002 -0.31342399 -5.65903521 97 126 76 0.000000 0.142660 0.001106 0.989771
-0.95183498 -0.15990099 -5.77025414 171 209 162 0.000000 0.661530 0.001381 0.749918
-1.66350102 -0.26702601 -5.67404604 90 100 90 0.000000 0.797530 0.001368 -0.603278
-1.05281901 -0.24928500 -5.69792700 103 141 88 0.000000 0.291258 0.001219 0.956644
-1.36054802 -0.18719400 -5.68155193 103 142 92 0.000000 0.300017 0.001225 0.953933
-0.99686903 -0.34890500 -5.69656277 153 192 154 0.000000 0.876523 0.001326 0.481358
-1.44856799 -0.29500100 -5.64470577 114 144 109 0.000000 0.381263 0.001275 0.924466
-1.46085000 -0.19606400 -5.66927004 72 108 58 0.000000 -0.120688 0.001087 0.992690
-1.25478804 0.01409200 -5.73409081 88 123 74 0.000000 0.265352 0.001201 0.964151
-1.23909402 -0.42737201 -5.60786104 107 137 88 0.000000 -0.256844 0.001195 0.966452
-1.55432904 -0.33048201 -5.60376692 88 121 69 0.000000 -0.155160 0.001116 0.987889
-1.12992203 -0.36664501 -5.63788319 110 137 89 0.000000 -0.165311 0.001125 -0.986241
-1.06100798 -0.02753000 -5.81187582 154 192 152 0.000000 0.707106 0.001384 0.707106
-1.44174504 -0.04731700 -5.71703291 104 140 89 0.000000 0.147635 0.001110 0.989041
-1.23500001 0.09119500 -5.75046682 94 126 82 0.000000 -0.014865 0.000991 0.999889
-1.14902699 -0.32707000 -5.65835285 95 123 76 0.000000 -0.231726 0.001176 -0.972780
-1.54818797 0.02842100 -5.75865507 128 160 116 0.000000 0.987081 0.001120 0.160219
-1.25274098 -0.23291001 -5.67336416 91 121 70 0.000000 -0.022971 0.000999 0.999736
-1.32029104 -0.41713700 -5.63242388 108 130 92 0.000000 0.188635 0.001143 -0.982047
-1.49974298 -0.01388300 -5.72931480 100 124 82 0.000000 0.135260 0.001100 0.990809
-1.22749496 0.06253700 -5.74568987 108 141 98 0.000000 0.000978 0.000978 0.999999
-1.36396003 -0.02616500 -5.72044420 85 119 71 0.000000 -0.150135 0.001112 0.988665
-1.32643199 -0.00978900 -5.72385597 106 141 97 0.000000 0.081042 0.001052 0.996710
-1.40421700 -0.28340200 -5.65152884 85 117 67 0.000000 -0.031203 0.001007 0.999513
-1.58776295 -0.04868200 -5.70679808 84 119 62 0.000000 0.022971 0.000999 0.999736
-1.58571601 -0.30250701 -5.61741304 102 138 85 0.000000 0.000978 0.000978 0.999999
-1.49769604 -0.36050400 -5.58739090 124 150 111 0.000000 0.248404 0.001189 0.968656
-1.47176695 0.07686600 -5.78321791 159 188 134 0.000000 -0.256844 0.001195 -0.966452
-1.37555897 0.14919300 -5.75865507 134 161 124 0.000000 0.992979 0.001085 0.118289
-1.16403902 -0.22403900 -5.68496323 100 128 74 0.000000 0.183394 0.001139 -0.983039
-1.39602900 -0.08552700 -5.70816183 90 123 77 0.000000 0.415362 0.001294 0.909655
-1.29095101 -0.21380401 -5.68018723 69 101 53 0.000000 -0.231726 0.001176 0.972780
-1.18996704 -0.36664501 -5.63856506 93 123 73 0.000000 -0.730182 0.001380 0.683251
-1.05827796 -0.30182400 -5.68359900 104 141 85 0.000000 0.186011 0.001141 0.982547
-1.29640996 0.17784999 -5.75592518 106 144 89 0.000000 0.150135 0.001112 0.988665
-1.07670105 -0.36118701 -5.64675283 90 131 72 0.000000 0.167869 0.001127 0.985809
-1.04599595 -0.18992300 -5.71976185 110 142 97 0.000000 0.135260 0.001100 0.990809
-1.45743799 0.00863400 -5.74159622 95 130 80 0.000000 0.018902 0.000995 0.999821
-0.97708100 -0.31342399 -5.72658491 131 168 117 0.000000 0.597153 0.001366 0.802126
-1.28344500 -0.30182400 -5.66039991 70 107 52 0.000000 -0.147635 0.001110 0.989041
-1.38852406 0.11439400 -5.76888895 117 143 102 0.000000 0.207235 0.001158 -0.978290
-1.55364597 -0.17354700 -5.68223381 89 121 76 0.000000 -0.288352 0.001217 0.957524
-1.32643199 -0.20902801 -5.68428087 91 125 83 0.000000 0.000978 0.000978 0.999999
-1.64780700 -0.09439800 -5.72795010 90 106 61 0.000000 -0.615457 0.001371 0.788169
-1.24114096 -0.28817800 -5.66039991 94 122 74 0.000000 0.056668 0.001030 -0.998393
-1.42741597 -0.12851401 -5.68905687 93 130 78 0.000000 0.111142 0.001079 0.993804
-1.27116394 -0.05209300 -5.71907902 87 122 75 0.000000 0.081042 0.001052 0.996710
-1.65053701 -0.10531500 -5.70679808 160 185 142 0.000000 0.776155 0.001374 -0.630540
-1.34826601 -0.11827900 -5.69929218 74 109 58 0.000000 -0.014865 0.000991 0.999889
-1.16130900 -0.38233900 -5.62764788 100 130 83 0.000000 -0.178186 0.001135 0.983996
-1.32301998 -0.14830101 -5.69451618 90 122 79 0.000000 0.063217 0.001036 0.997999
-1.26638699 0.10893500 -5.75455999 111 145 99 0.000000 -0.039563 0.001014 0.999217
-1.01733899 -0.14011300 -5.75319576 111 154 102 0.000000 0.430994 0.001302 0.902354
-1.08420599 -0.39939699 -5.62560081 106 144 91 0.000000 0.215328 0.001164 0.976541
-1.15380394 -0.12987800 -5.71566820 93 132 76 0.000000 0.234487 0.001178 0.972119
-1.39398205 -0.40485600 -5.61331892 148 174 140 0.000000 0.716707 0.001381 0.697373
-1.06237197 -0.13670200 -5.74227905 110 146 102 0.000000 0.268202 0.001203 0.963362
-1.17086196 -0.15853600 -5.70202208 100 136 88 0.000000 0.160219 0.001120 0.987081
-1.62324405 -0.11009100 -5.69997501 118 144 93 0.000000 0.279674 0.001211 -0.960094
-1.37828898 -0.36596301 -5.64129400 121 150 113 0.000000 0.384343 0.001277 0.923189
-1.13606298 0.12462900 -5.77161884 205 217 183 0.000000 0.621510 0.001372 0.783405
-0.97094101 -0.15034799 -5.77025414 140 179 137 0.000000 0.563126 0.001357 0.826370
-1.13265204 -0.04117600 -5.75865507 123 161 116 0.000000 0.430994 0.001302 0.902354
-1.39534700 -0.20288700 -5.66927004 89 126 76 0.000000 0.130369 0.001096 0.991465
-1.37965298 0.12940501 -5.78321791 65 104 36 0.000000 -0.639507 0.001375 0.768784
-1.18860197 -0.41645500 -5.60786104 86 120 68 0.000000 -0.311788 0.001232 0.950151
-1.40762901 -0.35641000 -5.63583612 94 111 58 0.000000 -0.512919 0.001339 -0.858436
-1.03234994 -0.21721600 -5.71020889 102 137 89 0.000000 0.204554 0.001156 0.978855
-1.18450797 0.06594900 -5.75660801 130 165 123 0.000000 0.471891 0.001322 0.881656
-1.19201398 0.01136300 -5.74364281 107 144 95 0.000000 0.323658 0.001240 0.946173
-1.31005597 -0.25269699 -5.67472792 73 102 54 0.000000 0.022971 0.000999 0.999736
-1.08147705 -0.16331200 -5.72726822 111 149 94 0.000000 0.393609 0.001282 0.919277
-1.57138705 -0.19197001 -5.67814016 90 125 70 0.000000 -0.178186 0.001135 0.983996
-1.45197999 -0.02548300 -5.72522116 94 134 78 0.000000 -0.048051 0.001022 0.998844
-1.21930695 -0.35095200 -5.64743614 91 122 72 0.000000 0.390517 0.001280 0.920595
-1.25137603 0.12940501 -5.75797176 80 114 61 0.000000 -0.160219 0.001120 0.987081
-1.48609602 -0.21516900 -5.66858816 84 115 66 0.000000 -0.175594 0.001133 0.984462
-1.35099602 0.13145199 -5.76547813 66 97 44 0.000000 -0.516071 0.001340 0.856545
-1.15448594 -0.09303300 -5.72863197 120 156 108 0.000000 0.341642 0.001251 0.939829
-1.02006805 -0.09371500 -5.77707720 126 166 116 0.000000 0.415362 0.001294 0.909655
-1.08079505 -0.41986701 -5.62287188 97 121 86 0.000000 0.191268 0.001145 0.981537
-1.53317702 -0.30728301 -5.62150717 91 126 76 0.000000 0.118289 0.001085 0.992979
-1.45539200 -0.36391601 -5.59694290 110 145 104 0.000000 0.487672 0.001329 0.873026
-1.51475406 -0.23632100 -5.65971804 85 121 69 0.000000 0.111142 0.001079 0.993804
-1.66145396 -0.23836800 -5.68496323 136 163 126 0.000000 0.393609 0.001282 -0.919277
-1.26979899 -0.24450900 -5.67131710 94 123 74 0.000000 -0.215328 0.001164 0.976541
-1.35440695 0.16898000 -5.74568987 116 140 98 0.000000 0.730182 0.001380 -0.683251
-1.05077302 -0.07051600 -5.77844191 117 156 105 0.000000 0.471891 0.001322 0.881656
-1.29709196 -0.04527000 -5.71771479 110 146 104 0.000000 0.127937 0.001093 0.991782
-1.12992203 -0.30728301 -5.66790485 102 133 80 0.000000 0.848828 0.001345 0.528668
-1.00983298 -0.32161200 -5.70065689 121 163 101 0.000000 0.657235 0.001378 0.753685
-1.18928504 -0.23018000 -5.67814016 87 127 71 0.000000 0.087863 0.001059 0.996132
-1.08761799 -0.30114201 -5.67882299 102 127 75 0.000000 -0.111142 0.001079 -0.993804
-1.48063803 -0.18310000 -5.67404604 71 107 55 0.000000 -0.090153 0.001061 0.995927
-1.26024604 -0.31478900 -5.65698814 94 120 73 0.000000 -0.220763 0.001168 -0.975327
-1.00028002 -0.36118701 -5.66449404 102 145 95 0.000000 0.396706 0.001284 0.917945
-1.34963095 0.00317500 -5.72795010 90 123 76 0.000000 0.000978 0.000978 0.999999
-1.36532497 -0.15034799 -5.68974018 87 127 71 0.000000 0.043791 0.001018 0.999040
-1.11422896 -0.24382700 -5.69042206 90 126 73 0.000000 0.072063 0.001044 0.997400
-1.17427301 -0.26293200 -5.67609310 111 131 81 0.000000 -0.178186 0.001135 -0.983996
-1.62119699 -0.12987800 -5.70133877 72 106 50 0.000000 -0.288352 0.001217 0.957524
-1.54955196 0.01341000 -5.73340797 126 162 119 0.000000 0.399807 0.001286 0.916599
-1.30869102 0.12326400 -5.75387812 96 127 78 0.000000 -0.231726 0.001176 0.972780
-1.12105203 -0.29500100 -5.67472792 105 136 80 0.000000 0.101730 0.001071 0.994811
-1.25751698 -0.03094100 -5.72385597 88 122 74 0.000000 -0.033281 0.001009 0.999445
-1.13265204 -0.07461000 -5.74159622 112 149 102 0.000000 0.226229 0.001172 0.974073
-1.18587303 -0.03844700 -5.73750305 127 162 113 0.000000 0.271059 0.001205 0.962562
-1.37897098 -0.30523601 -5.65221214 85 124 71 0.000000 0.191268 0.001145 0.981537
-1.04531395 -0.31342399 -5.68496323 110 151 93 0.000000 0.228974 0.001174 0.973432
-1.23500001 -0.35914001 -5.64402390 84 118 66 0.000000 -0.085581 0.001057 0.996331
-1.17154396 -0.03844700 -5.75319576 92 113 71 0.000000 0.569351 0.001359 0.822094
-1.04463196 -0.36869201 -5.64675283 89 125 71 0.000000 0.254023 0.001193 0.967197
-0.97844601 -0.34822300 -5.74023199 107 123 97 0.000000 0.806665 0.001365 0.591008
-1.49769604 -0.12987800 -5.68769312 80 114 64 0.000000 -0.048051 0.001022 0.998844
-1.23909402 0.18058001 -5.76957178 87 115 73 0.000000 -0.412244 0.001292 0.911072
-1.42741597 0.10825300 -5.79345322 167 182 154 0.000000 0.660161 0.001378 -0.751123
-1.50724804 0.06185500 -5.77912378 140 151 128 0.000000 -0.456129 0.001314 -0.889912
-1.40831101 0.09733600 -5.78594780 73 102 53 0.000000 -0.612421 0.001370 0.790530
-1.60755002 -0.01047200 -5.70747995 114 135 94 0.000000 0.022971 0.000999 0.999736
-1.58230400 -0.02138900 -5.70884514 93 130 78 0.000000 0.048051 0.001022 0.998844
-1.49291897 0.04889100 -5.77366590 102 129 95 0.000000 0.462431 0.001317 -0.886654
-1.32097304 -0.33321100 -5.65630579 84 113 67 0.000000 -0.265352 0.001201 0.964151
-1.56183398 -0.09508000 -5.69860983 80 112 61 0.000000 -0.081042 0.001052 0.996710
-0.98663402 -0.35095200 -5.71157408 159 197 150 0.000000 0.917945 0.001284 0.396706
-1.52839994 -0.05209300 -5.70747995 93 130 78 0.000000 -0.152643 0.001114 0.988281
-1.22271895 0.14373399 -5.75524282 90 122 73 0.000000 -0.183394 0.001139 0.983039
-1.29982102 -0.28749600 -5.66381121 88 118 70 0.000000 0.099398 0.001069 0.995047
-1.40626395 0.12735800 -5.79754686 139 151 149 0.000000 0.828486 0.001356 -0.560008
-1.48200202 0.07550100 -5.79618311 91 96 93 0.000000 0.265352 0.001201 -0.964151
-1.59936202 -0.10940900 -5.70065689 76 110 55 0.000000 -0.302950 0.001227 0.953006
-1.21248400 -0.03367100 -5.72590303 99 138 83 0.000000 0.083307 0.001055 0.996523
-1.43287504 -0.15171300 -5.68018723 89 127 75 0.000000 0.050193 0.001024 0.998739
-1.55228198 -0.25406200 -5.65152884 96 124 77 0.000000 -0.031203 0.001007 0.999513
-1.08011305 -0.06096400 -5.77025414 124 165 118 0.000000 0.468736 0.001320 0.883337
-1.59663296 -0.07119800 -5.70679808 89 119 67 0.000000 -0.173011 0.001131 0.984919
-1.04531395 -0.12169100 -5.75319576 128 163 125 0.000000 0.175594 0.001133 0.984462
-1.53317702 -0.03162400 -5.71293879 110 146 97 0.000000 0.188635 0.001143 0.982047
-0.99959803 -0.16945300 -5.74023199 123 160 115 0.000000 0.317711 0.001236 0.948187
-1.32506704 -0.19265200 -5.68837500 96 126 79 0.000000 0.231726 0.001176 0.972780
-1.22886002 -0.43965399 -5.60240221 83 101 78 0.000000 0.165311 0.001125 0.986241
-1.15857995 -0.18719400 -5.69587994 90 131 76 0.000000 0.308835 0.001230 0.951115
-1.33393800 -0.30864799 -5.67063522 215 223 194 0.000000 0.795211 0.001369 -0.606331
-0.94296497 -0.26702601 -5.71839714 122 145 95 0.000000 0.155160 0.001116 0.987889
-1.45061505 -0.24382700 -5.65971804 89 114 66 0.000000 0.519223 0.001342 0.854638
-1.01938605 -0.07597500 -5.78594780 125 162 115 0.000000 0.300017 0.001225 0.953933
-1.15312099 -0.21244000 -5.69042206 93 129 79 0.000000 0.268202 0.001203 0.963362
-1.02143300 -0.22881600 -5.70884514 103 136 85 0.000000 0.273924 0.001207 0.961751
-1.28617501 -0.16058300 -5.69451618 71 102 57 0.000000 -0.240031 0.001182 0.970765
-1.25205898 -0.16194800 -5.69110394 89 122 81 0.000000 0.008867 0.000985 0.999960
-1.12514603 -0.10395000 -5.73272610 112 149 103 0.000000 0.271059 0.001205 0.962562
-1.43901598 0.00931600 -5.74159622 95 130 79 0.000000 -0.234487 0.001178 0.972119
-1.41308701 -0.01797700 -5.72931480 101 136 85 0.000000 -0.016879 0.000993 0.999857
-1.25819898 -0.39257401 -5.63242388 96 125 80 0.000000 0.727510 0.001380 0.686096
-1.27457500 0.19217899 -5.76343107 132 164 126 0.000000 0.437266 0.001305 0.899331
-1.14834499 -0.04731700 -5.74773693 120 158 109 0.000000 0.317711 0.001236 0.948187
-1.13265204 -0.21039300 -5.69587994 100 139 87 0.000000 -0.027071 0.001003 0.999633
-1.38579404 0.13759300 -5.76957178 133 159 125 0.000000 0.885003 0.001319 -0.465583
-1.28003395 -0.35504600 -5.65630579 115 134 108 0.000000 -0.606331 0.001369 0.795211
-1.32574999 -0.40076199 -5.64061213 115 136 97 0.000000 0.326641 0.001242 -0.945148
-1.53454101 -0.23154500 -5.66244602 87 120 71 0.000000 -0.065416 0.001038 0.997858
-0.95592898 -0.17354700 -5.74637318 110 150 100 0.000000 0.215328 0.001164 0.976541
-1.24182403 -0.03708200 -5.72249079 107 140 100 0.000000 0.048051 0.001022 0.998844
-1.48882496 -0.32911700 -5.61536598 92 132 81 0.000000 0.356781 0.001261 0.934187
-0.97298700 -0.31888300 -5.74568987 150 175 116 0.000000 0.994569 0.001073 -0.104070
-1.35645401 -0.38302100 -5.65562296 205 203 181 0.000000 0.048051 0.001022 -0.998844
-1.49564898 0.02296200 -5.75728989 97 126 78 0.000000 -0.212622 0.001162 0.977134
-1.25205898 -0.27248400 -5.66381121 89 118 67 0.000000 -0.276796 0.001209 -0.960928
-1.38238299 -0.01115400 -5.72658491 84 117 73 0.000000 -0.165311 0.001125 0.986241
-1.17427301 -0.07870400 -5.72795010 108 142 99 0.000000 0.384343 0.001277 0.923189
-1.11559296 -0.05550500 -5.75728989 136 171 136 0.000000 0.387428 0.001279 0.921899
-1.51543605 -0.34071699 -5.60035515 102 139 88 0.000000 0.090153 0.001061 0.995927
-1.24523497 -0.34753999 -5.64948320 79 108 57 0.000000 -0.027071 0.001003 0.999633
-1.22749496 -0.00569500 -5.73204422 101 138 89 0.000000 0.226229 0.001172 0.974073
-1.38511205 -0.26497900 -5.65835285 99 133 87 0.000000 0.113516 0.001081 0.993536
-1.38238299 -0.18241800 -5.67745781 98 134 88 0.000000 0.256844 0.001195 0.966452
-1.55296397 -0.04731700 -5.70543289 99 135 84 0.000000 0.031203 0.001007 0.999513
-1.38852406 -0.05072900 -5.71771479 78 109 63 0.000000 -0.173011 0.001131 0.984919
-1.19133198 0.08778300 -5.75592518 121 159 110 0.000000 0.271059 0.001205 0.962562
-1.06373703 -0.05687000 -5.78321791 135 172 133 0.000000 0.500299 0.001334 0.865851
-1.31210303 0.03456200 -5.73750305 92 128 78 0.000000 -0.016879 0.000993 0.999857
-1.23227096 0.04820800 -5.74227905 91 128 77 0.000000 0.101730 0.001071 0.994811
-1.11559296 -0.13056099 -5.72658491 101 139 89 0.000000 0.323658 0.001240 0.946173
-1.18246102 -0.27521399 -5.67131710 102 136 89 0.000000 0.175594 0.001133 0.984462
-1.16267395 0.14987500 -5.75524282 167 191 142 0.000000 0.314746 0.001234 0.949175
-1.62051404 -0.25064999 -5.65971804 69 101 51 0.000000 -0.297091 0.001223 0.954848
-1.67578304 -0.14761899 -5.70202208 101 125 83 0.000000 0.245605 0.001186 -0.969369
-1.20429599 0.13895801 -5.75183201 91 126 74 0.000000 0.000978 0.000978 0.999999
-1.34280801 -0.42464301 -5.62764788 132 138 111 0.000000 0.000978 0.000978 -0.999999
-1.49496603 -0.30318901 -5.62901306 97 135 87 0.000000 0.152643 0.001114 0.988281
-0.99004602 -0.12987800 -5.77434778 143 180 138 0.000000 0.566240 0.001358 0.824239
-1.41854596 -0.04936400 -5.71771479 108 140 103 0.000000 0.058843 0.001032 0.998267
-1.61300898 -0.07802200 -5.71157408 66 97 44 0.000000 -0.412244 0.001292 0.911072
-1.47449696 -0.32775301 -5.62082481 111 144 101 0.000000 0.332624 0.001246 0.943059
-0.96206999 -0.27384901 -5.72044420 104 135 88 0.000000 0.262509 0.001199 0.964929
-1.53249395 -0.27521399 -5.63788319 91 127 79 0.000000 0.092452 0.001063 0.995717
-1.50110698 -0.33798799 -5.60513115 101 138 92 0.000000 0.323658 0.001240 0.946173
-1.14629805 -0.36186901 -5.63992977 101 130 84 0.000000 0.940919 0.001250 0.338631
-1.15994501 -0.40280899 -5.61331892 83 118 66 0.000000 -0.058843 0.001032 0.998267
-1.62529099 -0.22335701 -5.67950487 79 110 56 0.000000 -0.308835 0.001230 0.951115
-1.35167801 -0.39257401 -5.64470577 188 143 122 0.000000 0.058843 0.001032 0.998267
-1.18928504 -0.08143300 -5.72385597 100 138 87 0.000000 0.087863 0.001059 0.996132
-1.13128698 -0.15853600 -5.71225595 98 138 82 0.000000 0.285453 0.001215 0.958392
-1.46426201 -0.00501300 -5.73613787 85 123 66 0.000000 0.130369 0.001096 0.991465
-1.17427301 -0.01115400 -5.74841976 127 165 112 0.000000 0.452981 0.001313 0.891519
-1.17631996 -0.34481099 -5.64879990 85 119 70 0.000000 -0.111142 0.001079 0.993804
-1.05827796 -0.35777500 -5.65289402 94 132 83 0.000000 0.248404 0.001189 0.968656
-1.36532497 -0.29841301 -5.65630579 105 136 92 0.000000 0.399807 0.001286 0.916599
-1.10126495 -0.12851401 -5.73136091 119 155 110 0.000000 0.285453 0.001215 0.958392
-1.56729305 -0.33798799 -5.60103798 125 133 102 0.000000 0.237255 0.001180 -0.971447
-1.27389300 -0.39598501 -5.63310719 76 111 58 0.000000 -0.022971 0.000999 0.999736
-1.28480995 -0.01865900 -5.72590303 98 133 83 0.000000 0.101730 0.001071 0.994811
-1.38715899 0.00726900 -5.73477316 76 112 60 0.000000 -0.285453 0.001215 0.958392
-1.35167801 -0.24655600 -5.67131710 108 141 100 0.000000 0.294171 0.001221 0.955752
-1.68192399 -0.20356999 -5.71976185 68 79 56 0.000000 -0.437266 0.001305 0.899331
-1.31483197 -0.35982201 -5.65425920 117 134 93 0.000000 -0.022971 0.000999 -0.999736
-1.35304296 -0.13260800 -5.69656277 70 105 55 0.000000 -0.039563 0.001014 0.999217
-1.40694594 -0.16604200 -5.67745781 91 131 78 0.000000 0.167869 0.001127 0.985809
-1.21180105 -0.20084000 -5.68359900 105 142 93 0.000000 0.223492 0.001170 0.974705
-1.60277402 -0.17422999 -5.68974018 71 109 50 0.000000 -0.123096 0.001089 0.992394
-1.64030194 -0.14830101 -5.69451618 106 130 82 0.000000 0.173011 0.001131 -0.984919
-1.23363602 0.15465100 -5.75865507 80 112 63 0.000000 -0.279674 0.001211 0.960094
-1.11695802 -0.15717100 -5.71703291 95 135 81 0.000000 0.353743 0.001259 0.935342
-1.29640996 -0.17286500 -5.69110394 95 111 71 0.000000 0.207235 0.001158 0.978290
-1.00505698 -0.36255100 -5.67882299 83 108 44 0.000000 -0.983996 0.001135 -0.178186
-1.22135401 -0.22062799 -5.67745781 92 127 77 0.000000 0.050193 0.001024 0.998739
-1.46494401 -0.21039300 -5.66722298 69 104 51 0.000000 -0.234487 0.001178 0.972119
-1.22544801 0.01818600 -5.73682022 99 135 87 0.000000 0.056668 0.001030 0.998393
-1.56729305 -0.02207100 -5.70952702 116 152 101 0.000000 0.081042 0.001052 0.996710
-1.05827796 -0.38233900 -5.63651800 103 136 87 0.000000 0.081042 0.001052 0.996710
-1.34894896 -0.27112001 -5.66722298 110 144 101 0.000000 0.234487 0.001178 0.972119
-1.28685701 -0.37619799 -5.64334202 113 141 96 0.000000 0.135260 0.001100 -0.990809
-1.42536902 -0.36664501 -5.61263704 111 150 104 0.000000 0.427862 0.001300 0.903843
-1.49564898 -0.31683600 -5.62287188 96 132 84 0.000000 0.186011 0.001141 0.982547
-1.08625400 -0.37892699 -5.63447094 102 132 84 0.000000 -0.045917 0.001020 0.998945
-1.22817695 -0.16263001 -5.69178677 86 125 72 0.000000 0.085581 0.001057 0.996331
-1.12651098 -0.02616500 -5.76616001 121 163 114 0.000000 0.556887 0.001355 0.830587
-1.21384799 0.09051300 -5.75114918 93 130 83 0.000000 -0.145143 0.001108 0.989410
-1.15653300 0.02637400 -5.76547813 139 176 134 0.000000 0.648407 0.001377 0.761293
-1.37760603 -0.06301100 -5.71293879 77 111 59 0.000000 -0.251210 0.001191 0.967932
-1.19064903 -0.33730501 -5.65289402 95 129 70 0.000000 -0.016879 0.000993 0.999857
-1.15380394 0.04070300 -5.77093601 123 164 110 0.000000 0.657235 0.001378 0.753685
-1.24591804 -0.21994500 -5.67609310 79 114 62 0.000000 -0.078785 0.001050 0.996891
-1.52908301 -0.01729500 -5.71907902 114 151 102 0.000000 0.130369 0.001096 0.991465
-1.01324499 -0.12578399 -5.76411295 132 169 125 0.000000 0.484515 0.001327 0.874782
-1.27048099 0.15260400 -5.76001883 117 152 108 0.000000 0.111142 0.001079 0.993804
-0.93273002 -0.20152301 -5.72385597 131 157 116 0.000000 0.199215 0.001152 0.979955
-1.45812094 -0.17559400 -5.67404604 76 113 61 0.000000 -0.207235 0.001158 0.978290
-1.20770705 -0.09780900 -5.71566820 108 143 98 0.000000 0.094759 0.001065 0.995500
-1.59185696 -0.18514700 -5.68359900 81 116 59 0.000000 -0.204554 0.001156 0.978855
-1.63620806 -0.07461000 -5.71157408 135 163 122 0.000000 0.822094 0.001359 -0.569351
-1.10262895 -0.02138900 -5.78458309 139 177 135 0.000000 0.563126 0.001357 0.826370
-1.48609602 0.01409200 -5.74910212 106 141 89 0.000000 -0.157685 0.001118 0.987489
-1.30255103 -0.37278599 -5.64743614 93 117 73 0.000000 0.016879 0.000993 0.999857
-1.24660003 -0.40144399 -5.62764788 98 126 78 0.000000 -0.621510 0.001372 -0.783405
-1.62187898 -0.19197001 -5.67950487 106 133 82 0.000000 0.919277 0.001282 -0.393609
-1.03030300 -0.35436299 -5.66312885 109 149 97 0.000000 0.446689 0.001310 0.894688
-1.26502299 0.03319700 -5.73955011 94 124 73 0.000000 0.008867 0.000985 0.999960
-1.11491096 -0.31205899 -5.66858816 97 124 73 0.000000 -0.056668 0.001030 -0.998393
-1.39602900 0.08505400 -5.77161884 73 102 52 0.000000 -0.512919 0.001339 0.858436
-1.37760603 -0.03162400 -5.71976185 75 111 63 0.000000 -0.056668 0.001030 0.998393
-1.26297605 -0.40621999 -5.62764788 132 154 110 0.000000 0.183394 0.001139 -0.983039
-1.21384799 -0.42327800 -5.60922480 109 137 91 0.000000 0.170436 0.001129 -0.985368
-1.29026902 -0.07665700 -5.71089220 92 127 80 0.000000 -0.008867 0.000985 0.999960
-1.11968696 -0.21789800 -5.69860983 113 148 107 0.000000 0.335625 0.001248 0.941995
-1.50451899 -0.09985600 -5.69315100 77 114 59 0.000000 0.140185 0.001104 0.990125
-1.55705798 -0.06164600 -5.70270395 97 133 81 0.000000 -0.087863 0.001059 0.996132
-1.35850096 -0.08689200 -5.70406914 89 118 77 0.000000 -0.025017 0.001001 0.999686
-1.50451899 -0.05550500 -5.70747995 88 128 77 0.000000 0.186011 0.001141 0.982547
-1.65599501 -0.13056099 -5.70679808 89 126 65 0.000000 -0.025017 0.001001 0.999686
-1.29163301 -0.42123100 -5.62355423 91 118 75 0.000000 -0.204554 0.001156 0.978855
-1.22271895 -0.09712700 -5.71498585 78 114 62 0.000000 -0.016879 0.000993 0.999857
-1.37897098 0.08027800 -5.76343107 76 107 54 0.000000 -0.294171 0.001221 0.955752
-1.54409397 -0.29431900 -5.62696600 87 127 69 0.000000 0.113516 0.001081 0.993536
-1.66964197 -0.18924101 -5.70065689 132 161 119 0.000000 0.630540 0.001374 -0.776155
-1.44925106 -0.14625400 -5.68155193 79 116 64 0.000000 -0.069839 0.001042 0.997558
-1.27457500 0.05093800 -5.74091387 88 118 72 0.000000 -0.434129 0.001304 0.900850
-1.00301003 -0.07597500 -5.79140615 127 163 117 0.000000 0.191268 0.001145 0.981537
-1.37760603 -0.32638800 -5.64948320 90 120 75 0.000000 0.039563 0.001014 0.999217
-1.49087203 -0.23495699 -5.66108179 93 125 71 0.000000 -0.056668 0.001030 0.998393
-1.15243900 -0.02070600 -5.75387812 121 161 113 0.000000 0.512919 0.001339 0.858436
-1.16813302 -0.17218301 -5.69792700 94 129 84 0.000000 0.111142 0.001079 0.993804
-1.22749496 -0.08348000 -5.71839714 96 134 83 0.000000 0.248404 0.001189 0.968656
-1.50383699 -0.14284299 -5.68564606 73 106 53 0.000000 -0.106419 0.001075 0.994321
-0.97162300 -0.20220500 -5.72453785 104 140 89 0.000000 0.043791 0.001018 0.999040
-1.25751698 0.06253700 -5.74432611 83 115 69 0.000000 -0.056668 0.001030 0.998393
-1.34621894 0.18058001 -5.74841976 112 134 89 0.000000 0.393609 0.001282 -0.919277
-1.10194695 -0.33321100 -5.66176414 90 127 66 0.000000 0.193909 0.001147 0.981019
-1.58230400 -0.29295400 -5.62764788 105 131 82 0.000000 -0.415362 0.001294 0.909655
-1.09034705 -0.36664501 -5.64129400 97 134 80 0.000000 0.234487 0.001178 0.972119
-1.21930695 0.03183300 -5.74159622 97 138 83 0.000000 0.155160 0.001116 0.987889
-1.13811004 -0.25064999 -5.68632793 132 160 110 0.000000 0.090153 0.001061 0.995927
-1.03644395 -0.20015800 -5.71635103 101 137 85 0.000000 0.150135 0.001112 0.988665
-1.27730501 -0.17832400 -5.68837500 79 112 63 0.000000 -0.130369 0.001096 0.991465
-1.44583905 -0.18446399 -5.67063522 80 114 64 0.000000 0.016879 0.000993 0.999857
-1.31278598 0.15738100 -5.75728989 95 132 75 0.000000 -0.081042 0.001052 0.996710
-1.25274098 -0.07392800 -5.71430302 92 129 81 0.000000 0.090153 0.001061 0.995927
-1.43696904 -0.37415099 -5.59830809 122 158 118 0.000000 0.591008 0.001365 0.806665
-1.25956404 0.19422600 -5.77093601 171 194 174 0.000000 0.538096 0.001349 0.842882
-1.11695802 -0.00910700 -5.78048897 139 176 135 0.000000 0.446689 0.001310 0.894688
-1.49496603 -0.25815600 -5.65425920 99 133 80 0.000000 0.118289 0.001085 0.992979
-1.37624204 -0.21312200 -5.67131710 91 129 80 0.000000 0.074296 0.001046 0.997236
-1.61983204 -0.03435300 -5.71362114 79 110 51 0.000000 -0.039563 0.001014 0.999217
-1.11286402 -0.37551600 -5.63310719 95 131 70 0.000000 -0.054502 0.001028 0.998513
-1.48132002 -0.27726099 -5.64470577 104 137 94 0.000000 0.191268 0.001145 0.981537
-1.00642097 -0.18719400 -5.72658491 98 138 86 0.000000 0.132811 0.001098 0.991141
-1.16608596 0.12190000 -5.75797176 113 151 93 0.000000 0.302950 0.001227 0.953006
-1.45880306 -0.25542599 -5.65835285 92 116 78 0.000000 -0.273924 0.001207 0.961751
-1.32916105 0.06458400 -5.74637318 84 124 62 0.000000 -0.165311 0.001125 0.986241
-1.38715899 -0.11555000 -5.69929218 112 146 103 0.000000 0.099398 0.001069 0.995047
-1.68669999 -0.18105300 -5.71976185 64 83 40 0.000000 -0.534955 0.001347 0.844879
-1.43833303 0.04275000 -5.76274920 81 113 61 0.000000 -0.175594 0.001133 0.984462
-0.95251799 -0.19538200 -5.72726822 100 138 86 0.000000 -0.016879 0.000993 0.999857
-1.01938605 -0.39257401 -5.62696600 109 117 101 0.000000 -0.627537 0.001373 0.778585
-1.55637598 -0.12919600 -5.69246912 88 122 67 0.000000 -0.083307 0.001055 0.996523
-1.07670105 -0.20220500 -5.71020889 90 128 72 0.000000 0.180786 0.001137 0.983522
-1.27662206 -0.14761899 -5.69724512 82 113 71 0.000000 -0.090153 0.001061 0.995927
-0.98117501 -0.27726099 -5.71362114 119 150 104 0.000000 0.245605 0.001186 0.969369
-1.18723798 -0.25133201 -5.67336416 94 131 82 0.000000 0.135260 0.001100 0.990809
-1.04736102 -0.13397200 -5.74637318 103 144 93 0.000000 0.256844 0.001195 0.966452
-1.31005597 -0.22540399 -5.68018723 77 98 47 0.000000 0.063217 0.001036 0.997999
-1.47927296 -0.12783100 -5.68700981 83 120 67 0.000000 0.065416 0.001038 0.997858
-1.45402706 -0.07733900 -5.70406914 104 139 94 0.000000 0.018902 0.000995 0.999821
-1.24523497 -0.00706000 -5.72999716 91 128 74 0.000000 0.056668 0.001030 0.998393
-1.05145502 -0.03708200 -5.80778217 143 181 141 0.000000 0.606331 0.001369 0.795211
-1.63961899 -0.23563901 -5.67882299 72 100 50 0.000000 -0.550634 0.001353 0.834745
-1.47859097 -0.09849100 -5.69519901 90 125 77 0.000000 0.008867 0.000985 0.999960
-1.41991103 -0.26634401 -5.65562296 71 111 51 0.000000 -0.054502 0.001028 0.998513
-1.26775205 -0.11350300 -5.70679808 79 113 65 0.000000 0.173011 0.001131 0.984919
-1.10672295 0.06322000 -5.81460524 175 191 159 0.000000 0.642481 0.001376 0.766300
-1.38238299 0.05503200 -5.75251293 79 113 59 0.000000 -0.231726 0.001176 0.972780
-1.05418396 -0.34549299 -5.66517591 94 133 81 0.000000 0.291258 0.001219 0.956644
-1.48063803 -0.16126500 -5.67882299 77 112 59 0.000000 -0.081042 0.001052 0.996710
-1.31346798 -0.28544900 -5.66654110 90 112 71 0.000000 0.961751 0.001207 0.273924
-1.43833303 -0.02275300 -5.72726822 100 135 85 0.000000 0.183394 0.001139 0.983039
-1.18382597 -0.43214899 -5.59898996 132 157 116 0.000000 0.323658 0.001240 -0.946173
-1.05691397 -0.33321100 -5.67268085 104 137 85 0.000000 0.191268 0.001145 0.981537
-1.33189094 0.11098200 -5.75660801 75 113 52 0.000000 -0.362873 0.001264 0.931838
-1.20975399 0.16488600 -5.75455999 87 117 70 0.000000 -0.262509 0.001199 0.964929
-1.66281796 -0.15103100 -5.70611620 80 112 58 0.000000 -0.245605 0.001186 0.969369
-1.63689005 -0.18719400 -5.68564606 123 151 107 0.000000 0.350710 0.001257 -0.936483
-1.36464202 0.17648600 -5.73886681 112 137 105 0.000000 -0.748548 0.001379 0.663079
-1.00369203 -0.15034799 -5.75114918 135 174 131 0.000000 0.427862 0.001300 0.903843
-0.97367001 -0.25406200 -5.71293879 114 147 93 0.000000 0.150135 0.001112 0.988665
-1.48541403 0.06185500 -5.78526497 136 158 115 0.000000 0.140185 0.001104 -0.990125
-1.54204702 -0.09849100 -5.69587994 78 113 59 0.000000 -0.150135 0.001112 0.988665
-1.63484299 -0.21039300 -5.68018723 130 157 112 0.000000 0.326641 0.001242 -0.945148
-1.04326701 -0.16126500 -5.73340797 110 146 100 0.000000 0.111142 0.001079 0.993804
-1.03098500 -0.12032600 -5.75865507 125 163 119 0.000000 0.302950 0.001227 0.953006
-1.08147705 -0.21585099 -5.70475101 89 128 76 0.000000 -0.035367 0.001010 0.999374
-1.54818797 -0.22745100 -5.66381121 89 119 68 0.000000 -0.167869 0.001127 0.985809
-1.13674605 0.00795100 -5.77298403 141 177 138 0.000000 0.612421 0.001370 0.790530
-1.29095101 -0.12305500 -5.70202208 134 156 117 0.000000 0.115898 0.001083 0.993261
-1.26229298 0.07618400 -5.74773693 89 118 73 0.000000 0.350710 0.001257 0.936483
-1.08011305 -0.33525801 -5.66449404 98 137 79 0.000000 0.245605 0.001186 0.969369
-1.24045897 -0.24450900 -5.67063522 73 111 54 0.000000 0.083307 0.001055 0.996523
-1.35850096 0.16898000 -5.76479483 58 86 31 0.000000 -0.372047 0.001270 0.928213
-1.14698005 -0.30182400 -5.66790485 108 134 87 0.000000 -0.147635 0.001110 -0.989041
-1.46903801 -0.34208199 -5.61058998 110 147 102 0.000000 0.475046 0.001323 0.879960
-0.99004602 -0.10122100 -5.79208899 136 179 124 0.000000 0.683251 0.001380 0.730182
-1.05008996 -0.23632100 -5.70202208 112 147 94 0.000000 0.065416 0.001038 0.997858
-1.20702505 -0.35641000 -5.64402390 89 121 71 0.000000 -0.300017 0.001225 0.953933
-1.02348006 -0.20493400 -5.71566820 85 127 62 0.000000 0.186011 0.001141 0.982547
-1.27184606 -0.01183600 -5.72658491 107 134 87 0.000000 0.359825 0.001263 0.933019
-1.34349000 -0.07461000 -5.70611620 95 129 83 0.000000 0.008867 0.000985 0.999960
-1.26092899 -0.06096400 -5.71635103 76 113 65 0.000000 -0.090153 0.001061 0.995927
-1.24250603 0.02228000 -5.73750305 96 130 84 0.000000 0.050193 0.001024 0.998739
-1.27798700 -0.27112001 -5.66449404 84 115 64 0.000000 0.014865 0.000991 0.999889
-1.14698005 -0.26429701 -5.68087006 109 132 87 0.000000 0.000978 0.000978 0.999999
-1.05145502 -0.28340200 -5.69178677 106 140 78 0.000000 -0.329630 0.001244 0.944109
-1.37214804 -0.08416300 -5.70747995 77 115 61 0.000000 -0.150135 0.001112 0.988665
-1.35236001 0.09187700 -5.75797176 78 114 60 0.000000 -0.362873 0.001264 0.931838
-1.58912694 -0.21380401 -5.67472792 75 108 56 0.000000 -0.262509 0.001199 0.964929
-1.44720399 0.07277200 -5.78594780 74 108 49 0.000000 -0.279674 0.001211 0.960094
-1.21521294 -0.31205899 -5.66039991 104 132 85 0.000000 0.072063 0.001044 0.997400
-1.58844495 -0.00910700 -5.70952702 99 136 84 0.000000 0.248404 0.001189 0.968656
-0.94774097 -0.22472200 -5.71839714 127 156 96 0.000000 -0.016879 0.000993 -0.999857
-1.64712501 -0.25133201 -5.66927004 137 163 119 0.000000 0.497143 0.001333 -0.867668
-1.51202500 -0.26225001 -5.64948320 97 128 80 0.000000 0.006883 0.000983 0.999976
-1.27252805 -0.20902801 -5.67814016 69 105 52 0.000000 -0.132811 0.001098 0.991141
-1.18587303 -0.00364800 -5.74364281 133 168 122 0.000000 0.512919 0.001339 0.858436
-1.44037998 -0.06232800 -5.71225595 92 128 79 0.000000 0.000978 0.000978 0.999999
-1.44993305 -0.00433100 -5.73545599 88 124 72 0.000000 -0.092452 0.001063 0.995717
-1.55364597 0.02569200 -5.74637318 137 174 126 0.000000 0.430994 0.001302 0.902354
-1.51543605 -0.32843500 -5.60990810 100 142 88 0.000000 0.173011 0.001131 0.984919
-1.56251705 -0.16331200 -5.68428087 82 114 66 0.000000 -0.193909 0.001147 0.981019
-1.01938605 -0.36323401 -5.65562296 110 149 102 0.000000 0.248404 0.001189 0.968656
-1.39398205 -0.33048201 -5.64607096 145 158 128 0.000000 0.390517 0.001280 0.920595
-1.23363602 0.10484100 -5.75251293 85 120 70 0.000000 -0.087863 0.001059 0.996132
-1.32029104 0.02296200 -5.73545599 91 123 76 0.000000 0.000978 0.000978 0.999999
-1.14766300 -0.07188100 -5.73750305 117 147 106 0.000000 0.356781 0.001261 0.934187
-1.53181195 0.00249300 -5.73204422 116 153 107 0.000000 0.446689 0.001310 0.894688
-1.39057100 -0.23700400 -5.66312885 93 127 83 0.000000 0.242814 0.001184 0.970072
-1.13060498 0.02842100 -5.78390121 134 173 126 0.000000 0.606331 0.001369 0.795211
-1.02962101 -0.38711500 -5.63447094 100 130 83 0.000000 0.305890 0.001228 0.952066
-1.03303194 -0.09235100 -5.77298403 115 156 104 0.000000 0.390517 0.001280 0.920595
-1.34280801 -0.41372600 -5.63583612 116 130 90 0.000000 0.145143 0.001108 0.989410
-1.37078297 -0.26293200 -5.66244602 103 138 95 0.000000 0.248404 0.001189 0.968656
-1.48746097 -0.01865900 -5.72590303 106 139 91 0.000000 0.018902 0.000995 0.999821
-1.09648800 -0.03640000 -5.77844191 125 166 122 0.000000 0.314746 0.001234 0.949175
-1.14834499 0.12462900 -5.76547813 126 161 113 0.000000 0.326641 0.001242 0.945148
-1.07055998 -0.08075100 -5.76411295 123 160 118 0.000000 0.341642 0.001251 0.939829
-1.63347805 -0.05959900 -5.71157408 134 159 122 0.000000 0.560008 0.001356 -0.828486
-1.51816499 -0.17968801 -5.67814016 86 120 71 0.000000 0.065416 0.001038 0.997858
-1.62119699 -0.16945300 -5.69246912 83 117 62 0.000000 -0.245605 0.001186 0.969369
-1.41991103 -0.14830101 -5.68223381 101 137 88 0.000000 0.058843 0.001032 0.998267
-1.59458601 -0.28067201 -5.63515377 106 141 86 0.000000 0.137718 0.001102 0.990471
-1.24114096 -0.38575000 -5.63378906 113 139 95 0.000000 0.335625 0.001248 -0.941995
-1.40694594 -0.00637800 -5.73272610 86 118 65 0.000000 -0.155160 0.001116 0.987889
-0.95388198 -0.28954300 -5.72931480 92 129 72 0.000000 0.332624 0.001246 0.943059
-1.34349000 -0.25815600 -5.67199898 101 133 89 0.000000 0.199215 0.001152 0.979955
-1.19064903 -0.05209300 -5.73409081 153 186 141 0.000000 0.248404 0.001189 0.968656
-1.19201398 -0.30796501 -5.66381121 116 133 86 0.000000 0.033281 0.001009 -0.999445
-1.16199195 -0.00842500 -5.75387812 126 161 117 0.000000 0.430994 0.001302 0.902354
-1.43833303 -0.30591801 -5.64402390 99 130 86 0.000000 0.317711 0.001236 0.948187
-1.40558195 -0.13056099 -5.69178677 100 137 88 0.000000 0.043791 0.001018 0.999040
-1.06987798 -0.39735001 -5.62969494 99 136 81 0.000000 0.223492 0.001170 0.974705
-1.23568296 0.14100499 -5.75797176 95 124 80 0.000000 0.067624 0.001040 0.997710
-0.98390502 -0.33321100 -5.74091387 166 193 152 0.000000 0.881656 0.001322 -0.471891
-1.40148795 0.04547900 -5.75524282 81 112 61 0.000000 -0.173011 0.001131 0.984919
-1.22203600 0.19081400 -5.76411295 75 103 51 0.000000 -0.633537 0.001374 0.773712
-1.42673397 0.10143000 -5.80505323 89 97 72 0.000000 -0.399807 0.001286 0.916599
-1.20020199 -0.25679100 -5.67063522 91 120 65 0.000000 -0.356781 0.001261 -0.934187
-1.22408295 -0.07051600 -5.71976185 102 138 90 0.000000 0.228974 0.001174 0.973432
-1.34349000 0.05434900 -5.74568987 82 116 64 0.000000 -0.160219 0.001120 0.987081
-1.19201398 -0.10872600 -5.71362114 101 136 92 0.000000 0.106419 0.001075 0.994321
-1.17086196 -0.39052701 -5.62287188 111 138 90 0.000000 0.162760 0.001122 -0.986665
-1.16608596 -0.02207100 -5.74773693 133 166 125 0.000000 0.459279 0.001316 0.888291
-1.19747305 0.06526700 -5.75319576 111 148 98 0.000000 0.434129 0.001304 0.900850
-0.97708100 -0.15648900 -5.76001883 134 172 127 0.000000 0.449834 0.001311 0.893111
-1.43287504 0.06049000 -5.77366590 79 111 55 0.000000 -0.402911 0.001287 0.915238
-1.18519104 -0.19401699 -5.68837500 92 132 72 0.000000 0.155160 0.001116 0.987889
-1.65735996 -0.27453101 -5.64197683 123 143 104 0.000000 -0.201881 0.001154 0.979409
-1.41581702 -0.25064999 -5.65698814 82 114 71 0.000000 0.025017 0.001001 0.999686
-1.12514603 0.09051300 -5.79004097 138 172 123 0.000000 0.680398 0.001380 0.732842
-1.30664504 -0.41645500 -5.62901306 93 123 77 0.000000 -0.497143 0.001333 0.867668
-0.99686903 -0.24587400 -5.71020889 91 133 69 0.000000 0.087863 0.001059 0.996132
-1.62802005 -0.27384901 -5.63992977 104 139 84 0.000000 -0.193909 0.001147 0.981019
-1.13742805 -0.27316701 -5.67814016 96 130 79 0.000000 -0.025017 0.001001 0.999686
-1.09990001 -0.08689200 -5.74773693 118 158 104 0.000000 0.415362 0.001294 0.909655
-1.41922796 -0.28340200 -5.65289402 95 120 76 0.000000 -0.048051 0.001022 0.998844
-1.28480995 0.10757100 -5.75319576 99 131 84 0.000000 0.000978 0.000978 0.999999
-1.26161098 0.09597100 -5.75046682 98 134 79 0.000000 0.104070 0.001073 0.994569
-1.54750502 -0.07324500 -5.70133877 88 125 70 0.000000 0.022971 0.000999 0.999736
-1.28208101 -0.13601901 -5.70065689 114 138 90 0.000000 0.041673 0.001016 0.999131
-1.28003395 -0.06846900 -5.71293879 134 160 117 0.000000 0.381263 0.001275 0.924466
-1.08488905 -0.25064999 -5.69110394 101 133 79 0.000000 -0.234487 0.001178 0.972119
-1.39875901 0.13418099 -5.78663015 152 173 147 0.000000 0.680398 0.001380 -0.732842
-1.52089500 0.03046800 -5.77298403 91 126 67 0.000000 0.356781 0.001261 0.934187
-1.07260704 -0.29636601 -5.68291712 109 142 88 0.000000 -0.106419 0.001075 0.994321
-0.94432998 -0.24246199 -5.71771479 120 145 89 0.000000 0.063217 0.001036 -0.997999
-1.18314397 -0.35572800 -5.64334202 90 122 73 0.000000 -0.396706 0.001284 0.917945
-1.60959697 -0.13738400 -5.69724512 71 106 47 0.000000 -0.201881 0.001154 0.979409
-1.31210303 -0.26975501 -5.66995192 83 110 62 0.000000 -0.165311 0.001125 0.986241
-1.28822196 0.18945000 -5.75797176 137 162 125 0.000000 0.188635 0.001143 0.982047
-1.06646597 -0.17081800 -5.72658491 89 127 73 0.000000 0.173011 0.001131 0.984919
-1.33393800 -0.32775301 -5.65903521 170 166 134 0.000000 0.065416 0.001038 0.997858
-1.17359102 0.05707900 -5.76070213 127 164 117 0.000000 0.500299 0.001334 0.865851
-1.46903801 -0.35777500 -5.59762621 118 153 112 0.000000 0.326641 0.001242 0.945148
-1.15857995 -0.31683600 -5.66176414 92 128 76 0.000000 0.193909 0.001147 0.981019
-1.19610798 -0.01661200 -5.73613787 110 149 102 0.000000 0.320681 0.001238 0.947186
-1.42536902 -0.08621000 -5.70270395 101 140 90 0.000000 0.145143 0.001108 0.989410
-1.36123097 -0.35027000 -5.65152884 127 152 124 0.000000 0.314746 0.001234 0.949175
-0.99755102 -0.19606400 -5.72249079 97 138 80 0.000000 0.006883 0.000983 0.999976
-1.27184606 -0.16058300 -5.69315100 72 106 60 0.000000 -0.157685 0.001118 0.987489
-1.40967596 -0.06983400 -5.71157408 90 129 79 0.000000 0.016879 0.000993 0.999857
-1.16744995 -0.42191401 -5.59830809 127 150 108 0.000000 0.838844 0.001351 -0.544370
-1.38579404 -0.07597500 -5.70952702 74 108 55 0.000000 0.081042 0.001052 0.996710
-1.34963095 0.11234700 -5.76138401 81 114 60 0.000000 -0.359825 0.001263 0.933019
-1.29572701 -0.11009100 -5.70543289 98 131 85 0.000000 0.237255 0.001180 0.971447
-1.23090601 -0.30046001 -5.65971804 102 128 76 0.000000 -0.101730 0.001071 -0.994811
-1.32506704 0.17784999 -5.75524282 103 136 83 0.000000 -0.008867 0.000985 0.999960
-1.10535896 -0.35368100 -5.64811802 98 132 82 0.000000 0.074296 0.001046 0.997236
-1.42536902 -0.37687999 -5.60376692 124 158 120 0.000000 0.654300 0.001377 0.756234
-1.18246102 0.17034499 -5.75387812 161 181 143 0.000000 0.409130 0.001291 0.912475
-1.13538098 -0.34071699 -5.65494108 119 142 95 0.000000 -0.099398 0.001069 -0.995047
-1.26979899 -0.34481099 -5.65425920 133 148 100 0.000000 0.207235 0.001158 -0.978290
-1.66964197 -0.23973300 -5.69587994 97 122 76 0.000000 -0.465583 0.001319 0.885003
-1.00710404 -0.29227200 -5.70611620 113 149 89 0.000000 0.459279 0.001316 0.888291
-1.61164403 -0.28613099 -5.62696600 102 140 80 0.000000 -0.035367 0.001010 0.999374
-1.56592798 -0.31478900 -5.61195517 98 133 79 0.000000 0.099398 0.001069 0.995047
-1.23090601 -0.11145600 -5.70952702 86 121 68 0.000000 -0.008867 0.000985 0.999960
-1.13674605 0.04547900 -5.78321791 144 178 138 0.000000 0.525521 0.001344 0.850780
-1.39739394 -0.15853600 -5.68223381 95 133 87 0.000000 0.130369 0.001096 0.991465
-1.42263997 -0.00978900 -5.73272610 99 137 83 0.000000 -0.140185 0.001104 0.990125
-1.63279605 -0.24382700 -5.67131710 69 100 52 0.000000 -0.341642 0.001251 0.939829
-1.21998894 -0.23563901 -5.67199898 95 122 72 0.000000 -0.271059 0.001205 -0.962562
-1.27593994 -0.40895000 -5.62628412 82 114 63 0.000000 -0.130369 0.001096 0.991465
-1.33939600 0.15465100 -5.76070213 79 119 53 0.000000 -0.207235 0.001158 0.978290
-1.03507900 -0.05618700 -5.79549980 116 155 105 0.000000 0.248404 0.001189 0.968656
-1.26161098 -0.42532501 -5.61195517 104 131 87 0.000000 -0.308835 0.001230 -0.951115
-1.53522396 -0.20015800 -5.67336416 85 119 68 0.000000 0.000978 0.000978 0.999999
-1.61096203 -0.10463200 -5.69724512 108 133 101 0.000000 0.223492 0.001170 -0.974705
-1.46221495 0.06253700 -5.77230120 119 146 102 0.000000 0.162760 0.001122 -0.986665
-1.32574999 0.13691100 -5.75797176 85 119 68 0.000000 -0.111142 0.001079 0.993804
-1.37897098 -0.40007901 -5.62969494 130 159 126 0.000000 0.569351 0.001359 0.822094
-1.64780700 -0.28340200 -5.62491894 114 125 94 0.000000 0.137718 0.001102 -0.990471
-1.39671099 -0.38029200 -5.62355423 116 147 112 0.000000 0.493986 0.001331 0.869469
-1.06510103 -0.24519099 -5.69724512 96 126 67 0.000000 -0.097074 0.001067 -0.995277
-1.41035795 -0.33389401 -5.63992977 105 143 97 0.000000 0.359825 0.001263 0.933019
-1.45266199 -0.30523601 -5.63788319 105 142 98 0.000000 0.350710 0.001257 0.936483
-1.11832297 -0.26634401 -5.68223381 102 132 75 0.000000 0.137718 0.001102 -0.990471
-1.51202500 -0.28544900 -5.63447094 104 136 90 0.000000 0.137718 0.001102 0.990471
-1.50520098 0.04275000 -5.78935909 65 98 37 0.000000 -0.621510 0.001372 0.783405
-0.96206999 -0.30932999 -5.73955011 110 145 85 0.000000 0.834745 0.001353 0.550634
-1.28617501 0.07959500 -5.74841976 95 135 78 0.000000 0.056668 0.001030 0.998393
-1.29163301 -0.18651100 -5.68769312 66 101 47 0.000000 -0.099398 0.001069 0.995047
-1.43969798 0.02023300 -5.74841976 97 127 81 0.000000 -0.223492 0.001170 0.974705
-1.40762901 -0.21721600 -5.66381121 98 130 84 0.000000 0.201881 0.001154 0.979409
-1.56183398 -0.20015800 -5.67541122 83 118 64 0.000000 0.065416 0.001038 0.997858
-1.35099602 -0.28681299 -5.66381121 96 134 87 0.000000 0.196558 0.001149 0.980491
-1.31346798 -0.20015800 -5.68700981 94 116 71 0.000000 -0.152643 0.001114 0.988281
-1.01802099 -0.31137699 -5.69656277 132 169 115 0.000000 0.572458 0.001360 0.819933
-1.47313201 -0.14693700 -5.68223381 79 115 62 0.000000 -0.137718 0.001102 0.990471
-1.40216994 0.11371200 -5.77230120 156 185 131 0.000000 -0.196558 0.001149 -0.980491
-1.37692404 0.03115000 -5.74227905 83 117 66 0.000000 -0.147635 0.001110 0.989041
-1.64439595 -0.05959900 -5.73136091 72 77 59 0.000000 -0.475046 0.001323 0.879960
-1.48609602 -0.03776500 -5.71703291 102 141 87 0.000000 0.196558 0.001149 0.980491
-1.08625400 -0.07802200 -5.75865507 129 164 123 0.000000 0.550634 0.001353 0.834745
-1.48677897 -0.00501300 -5.73545599 102 137 88 0.000000 0.031203 0.001007 0.999513
-1.02211499 -0.26907301 -5.70133877 105 142 84 0.000000 0.305890 0.001228 0.952066
-1.38511205 -0.34276399 -5.64675283 169 174 146 0.000000 0.553762 0.001354 0.832674
-1.05623102 -0.40417299 -5.62969494 112 144 102 0.000000 0.000978 0.000978 0.999999
-1.60755002 -0.30182400 -5.61400223 113 147 98 0.000000 0.140185 0.001104 0.990125
-1.36941898 -0.11896100 -5.69997501 71 101 55 0.000000 -0.031203 0.001007 0.999513
-1.15448594 -0.16058300 -5.70475101 105 143 92 0.000000 0.288352 0.001217 0.957524
-1.33598495 0.01818600 -5.73409081 93 131 81 0.000000 0.025017 0.001001 0.999686
-1.33325505 -0.38984400 -5.64607096 112 129 90 0.000000 0.553762 0.001354 -0.832674
-1.35167801 0.19627300 -5.72931480 104 124 82 0.000000 0.691755 0.001381 0.722131
-1.66964197 -0.22472200 -5.71157408 98 123 76 0.000000 -0.999445 0.001009 0.033281
-1.19610798 0.16761500 -5.75387812 93 121 79 0.000000 -0.008867 0.000985 0.999960
-1.67168903 -0.11009100 -5.71498585 165 172 155 0.000000 0.359825 0.001263 0.933019
-1.34076095 -0.21039300 -5.68018723 109 144 103 0.000000 0.215328 0.001164 0.976541
-1.55637598 -0.29704800 -5.62491894 86 123 69 0.000000 0.099398 0.001069 0.995047
-0.99345702 -0.15921800 -5.74978399 118 159 114 0.000000 0.285453 0.001215 0.958392
-1.57275200 -0.11827900 -5.69656277 87 123 65 0.000000 -0.188635 0.001143 0.982047
-1.63416100 -0.05209300 -5.72180891 57 82 26 0.000000 -0.553762 0.001354 0.832674
-1.41513395 -0.35572800 -5.62560081 114 152 108 0.000000 0.597153 0.001366 0.802126
-1.11968696 -0.41372600 -5.60035515 95 135 84 0.000000 0.291258 0.001219 0.956644
-1.12992203 0.06458400 -5.79140615 134 171 121 0.000000 0.534955 0.001347 0.844879
-1.37010098 0.16147400 -5.77434778 69 102 43 0.000000 -0.544370 0.001351 0.838844
-1.50793099 -0.29704800 -5.62833023 92 132 78 0.000000 0.237255 0.001180 0.971447
-1.09444106 -0.00433100 -5.80232286 157 191 157 0.000000 0.702951 0.001381 0.711237
-1.52430606 -0.08621000 -5.69792700 90 124 75 0.000000 -0.078785 0.001050 0.996891
-1.43560398 0.09324200 -5.78731203 115 141 103 0.000000 0.560008 0.001356 -0.828486
-1.04190195 -0.03844700 -5.81596994 147 185 140 0.000000 0.806665 0.001365 0.591008
-1.11286402 -0.38984400 -5.62560081 96 129 75 0.000000 -0.271059 0.001205 0.962562
-1.21521294 0.06526700 -5.74705505 109 142 98 0.000000 0.120688 0.001087 0.992690
-1.42673397 -0.19879299 -5.66722298 90 124 76 0.000000 0.025017 0.001001 0.999686
-1.39739394 -0.29500100 -5.65152884 96 123 75 0.000000 -0.006883 0.000983 -0.999976
-1.56183398 0.01545700 -5.73136091 82 101 74 0.000000 0.636526 0.001375 -0.771254
-1.20361304 0.00999800 -5.73886681 106 144 93 0.000000 0.130369 0.001096 0.991465
-1.31346798 -0.31342399 -5.65971804 90 120 70 0.000000 0.037461 0.001012 0.999298
-1.41718102 -0.38643301 -5.60308504 127 159 126 0.000000 0.578659 0.001362 0.815569
-1.34349000 -0.30796501 -5.66244602 97 128 89 0.000000 0.145143 0.001108 0.989410
-1.25069404 -0.14830101 -5.69587994 88 121 77 0.000000 0.031203 0.001007 0.999513
-1.32233799 0.19013201 -5.75455999 145 170 119 0.000000 0.087863 0.001059 0.996132
-1.54818797 -0.11145600 -5.69519901 77 111 57 0.000000 -0.094759 0.001065 0.995500
-1.57138705 -0.07324500 -5.70065689 91 122 71 0.000000 -0.220763 0.001168 0.975327
-1.53863502 -0.04527000 -5.71020889 121 155 104 0.000000 0.440405 0.001307 0.897798
-1.26979899 -0.36118701 -5.64743614 118 143 100 0.000000 0.282560 0.001213 -0.959249
-1.44037998 -0.12169100 -5.68905687 91 126 74 0.000000 0.209925 0.001160 0.977717
-1.43150997 -0.29568300 -5.65016508 99 126 89 0.000000 0.201881 0.001154 0.979409
-1.39330006 -0.03776500 -5.72044420 71 104 56 0.000000 -0.350710 0.001257 0.936483
-1.44788599 -0.28340200 -5.64948320 95 128 79 0.000000 0.305890 0.001228 0.952066
-1.20224905 -0.15648900 -5.69860983 88 119 69 0.000000 0.094759 0.001065 0.995500
-1.13128698 0.11575900 -5.77912378 158 167 148 0.000000 0.748548 0.001379 0.663079
-1.00096297 -0.10053800 -5.78458309 138 175 123 0.000000 0.581753 0.001362 0.813364
-1.52089500 -0.30046001 -5.62560081 91 129 79 0.000000 0.027071 0.001003 0.999633
-1.18587303 -0.12919600 -5.70952702 102 140 94 0.000000 0.162760 0.001122 0.986665
-1.30323303 -0.39120901 -5.64061213 77 109 60 0.000000 -0.155160 0.001116 0.987889
-1.24932897 0.14168701 -5.75933695 73 106 54 0.000000 -0.140185 0.001104 0.990125
-1.20907199 0.11030000 -5.75183201 91 125 79 0.000000 0.072063 0.001044 0.997400
-1.36805403 -0.33798799 -5.64948320 100 130 92 0.000000 0.341642 0.001251 0.939829
-1.45266199 -0.37687999 -5.58807278 142 172 133 0.000000 0.452981 0.001313 0.891519
-1.21180105 -0.00501300 -5.73409081 101 141 87 0.000000 0.201881 0.001154 0.979409
-1.56046999 -0.22949800 -5.66449404 89 121 62 0.000000 -0.033281 0.001009 0.999445
-1.41513395 -0.11145600 -5.69519901 101 137 90 0.000000 0.094759 0.001065 0.995500
-1.28208101 -0.25679100 -5.66995192 64 101 44 0.000000 -0.302950 0.001227 0.953006
-1.34894896 -0.16399500 -5.69110394 153 184 139 0.000000 0.157685 0.001118 0.987489
-1.27321100 -0.10122100 -5.70747995 85 119 79 0.000000 0.074296 0.001046 0.997236
-1.57616305 -0.09712700 -5.69929218 79 113 58 0.000000 -0.078785 0.001050 0.996891
-1.31005597 0.00999800 -5.73136091 82 118 69 0.000000 -0.054502 0.001028 0.998513
-1.03439701 -0.26975501 -5.69860983 102 142 78 0.000000 0.178186 0.001135 0.983996
-1.29504502 -0.31137699 -5.65835285 81 115 62 0.000000 -0.305890 0.001228 0.952066
-1.26843405 -0.08962100 -5.71089220 85 119 74 0.000000 -0.031203 0.001007 0.999513
-1.31142104 -0.16058300 -5.69451618 92 122 81 0.000000 0.173011 0.001131 0.984919
-1.28890395 0.01886800 -5.73477316 93 132 81 0.000000 -0.061026 0.001034 0.998136
-1.31483197 -0.37483299 -5.64743614 90 105 66 0.000000 -0.115898 0.001083 0.993261
-1.63552499 -0.03981200 -5.70611620 100 123 83 0.000000 0.332624 0.001246 -0.943059
-1.15585101 -0.36869201 -5.63583612 91 123 71 0.000000 0.018902 0.000995 0.999821
-1.59049201 -0.24655600 -5.65767097 83 120 61 0.000000 -0.162760 0.001122 0.986665
-1.00505698 -0.26497900 -5.70747995 97 135 77 0.000000 0.245605 0.001186 0.969369
-1.26775205 -0.02343600 -5.72522116 83 117 67 0.000000 -0.063217 0.001036 0.997999
-0.97776401 -0.22540399 -5.71771479 99 130 70 0.000000 0.256844 0.001195 -0.966452
-1.11422896 0.07618400 -5.80436993 169 189 153 0.000000 0.903843 0.001300 0.427862
-1.09375894 -0.10463200 -5.74296093 109 147 97 0.000000 0.212622 0.001162 0.977134
-1.21248400 0.15055700 -5.75387812 91 125 77 0.000000 -0.048051 0.001022 0.998844
-1.24932897 -0.02207100 -5.72658491 87 125 74 0.000000 -0.135260 0.001100 0.990809
-1.27389300 -0.29022500 -5.66176414 79 112 58 0.000000 -0.162760 0.001122 0.986665
-1.13674605 -0.18378200 -5.70270395 112 149 100 0.000000 0.196558 0.001149 0.980491
-1.20839000 -0.06983400 -5.72453785 103 139 89 0.000000 0.259673 0.001197 0.965696
-1.41718102 0.08778300 -5.78458309 77 107 57 0.000000 -0.430994 0.001302 0.902354
-1.42127502 0.06322000 -5.77025414 80 109 59 0.000000 -0.353743 0.001259 0.935342
-1.52089500 -0.03298800 -5.71293879 104 144 87 0.000000 0.180786 0.001137 0.983522
-1.00710404 -0.06505800 -5.79549980 169 199 162 0.000000 0.276796 0.001209 0.960928
-1.66964197 -0.16877100 -5.69997501 123 150 100 0.000000 0.412244 0.001292 -0.911072
-1.34007800 -0.00433100 -5.72590303 82 123 66 0.000000 -0.018902 0.000995 0.999821
-1.32847905 -0.13260800 -5.69587994 94 127 83 0.000000 0.048051 0.001022 0.998844
-1.23841202 -0.33594099 -5.65357590 148 150 112 0.000000 -0.043791 0.001018 0.999040
-1.44310999 -0.25815600 -5.65698814 77 101 55 0.000000 0.014865 0.000991 0.999889
-0.94023597 -0.18924101 -5.73204422 151 182 139 0.000000 0.188635 0.001143 0.982047
-1.38170004 -0.38711500 -5.63242388 118 147 111 0.000000 0.639507 0.001375 0.768784
-1.41172302 -0.32229400 -5.64470577 96 132 88 0.000000 0.254023 0.001193 0.967197
-1.50110698 -0.32638800 -5.61400223 100 138 91 0.000000 0.259673 0.001197 0.965696
-1.63347805 -0.28067201 -5.62901306 105 140 82 0.000000 0.072063 0.001044 0.997400
-1.45129800 -0.31751800 -5.63310719 102 138 89 0.000000 0.519223 0.001342 0.854638
-1.24250603 -0.08552700 -5.71293879 108 141 99 0.000000 0.137718 0.001102 0.990471
-0.93887103 -0.23222700 -5.71362114 93 123 69 0.000000 -0.006883 0.000983 0.999976
-1.55705798 -0.34208199 -5.59557915 127 137 108 0.000000 0.311788 0.001232 -0.950151
-1.60004401 -0.04663500 -5.70884514 69 103 45 0.000000 -0.209925 0.001160 0.977717
-1.52294195 -0.07324500 -5.70202208 88 125 68 0.000000 -0.076536 0.001048 0.997066
-1.22476602 -0.03367100 -5.72522116 96 133 84 0.000000 0.165311 0.001125 0.986241
-1.49837804 -0.07324500 -5.70202208 114 144 103 0.000000 -0.016879 0.000993 0.999857
-1.57343400 -0.23563901 -5.66449404 97 127 74 0.000000 -0.045917 0.001020 0.998945
-1.03098500 -0.31137699 -5.69178677 110 150 93 0.000000 0.412244 0.001292 0.911072
-0.96480000 -0.32570601 -5.75183201 137 160 130 0.000000 0.732842 0.001380 0.680398
-1.05691397 -0.32161200 -5.67677498 112 150 97 0.000000 0.317711 0.001236 0.948187
-1.00573897 -0.33321100 -5.70065689 133 174 120 0.000000 0.627537 0.001373 0.778585
-1.26775205 -0.32502401 -5.65562296 96 126 80 0.000000 0.041673 0.001016 0.999131
-1.10535896 -0.21380401 -5.70406914 117 150 98 0.000000 0.043791 0.001018 0.999040
-1.52498901 -0.34617600 -5.59489584 93 130 74 0.000000 0.037461 0.001012 0.999298
-1.14766300 -0.35095200 -5.64675283 103 132 84 0.000000 0.525521 0.001344 -0.850780
-1.56524599 -0.04731700 -5.70543289 96 129 84 0.000000 -0.033281 0.001009 0.999445
-1.41718102 -0.03776500 -5.72180891 103 137 93 0.000000 0.067624 0.001040 0.997710
-1.14834499 0.06049000 -5.77571201 133 169 119 0.000000 0.600218 0.001367 0.799835
-1.15789795 0.06731400 -5.77093601 128 165 115 0.000000 0.516071 0.001340 0.856545
-1.65121901 -0.15580700 -5.70133877 84 120 60 0.000000 -0.279674 0.001211 0.960094
-1.25205898 0.11371200 -5.75592518 86 119 74 0.000000 0.234487 0.001178 0.972119
-1.51680100 0.00044600 -5.73545599 130 162 123 0.000000 0.481358 0.001326 0.876523
-1.25819898 -0.13670200 -5.70065689 79 113 67 0.000000 0.000978 0.000978 0.999999
-1.25069404 0.18399100 -5.77161884 122 154 126 0.000000 0.207235 0.001158 0.978290
-1.09171200 -0.27726099 -5.68155193 90 125 68 0.000000 0.104070 0.001073 0.994569
-1.03780794 -0.14147800 -5.74500799 112 148 102 0.000000 0.201881 0.001154 0.979409
-1.07738304 -0.11145600 -5.74841976 120 154 113 0.000000 0.430994 0.001302 0.902354
-1.21043706 -0.24587400 -5.67063522 92 129 70 0.000000 0.106419 0.001075 0.994321
-1.58571601 0.00249300 -5.71225595 123 159 106 0.000000 0.160219 0.001120 0.987081
-1.61710298 -0.29500100 -5.61741304 121 154 100 0.000000 0.256844 0.001195 0.966452
-1.22544801 -0.12714900 -5.70475101 100 133 88 0.000000 0.123096 0.001089 0.992394
-1.64712501 -0.14079601 -5.70338583 78 114 54 0.000000 -0.175594 0.001133 0.984462
-1.65872395 -0.08689200 -5.72453785 92 96 89 0.000000 0.487672 0.001329 -0.873026
-1.58298600 0.01409200 -5.71635103 130 166 119 0.000000 0.471891 0.001322 0.881656
-1.25547004 -0.24450900 -5.67063522 76 111 59 0.000000 0.008867 0.000985 0.999960
-1.10194695 -0.20220500 -5.70952702 128 164 107 0.000000 0.490829 0.001330 0.871255
-1.51202500 -0.08416300 -5.69860983 87 123 71 0.000000 0.142660 0.001106 0.989771
-1.40489900 0.07345500 -5.76957178 78 109 57 0.000000 -0.497143 0.001333 0.867668
-1.16335595 -0.34685799 -5.64879990 103 128 82 0.000000 0.016879 0.000993 -0.999857
-1.44037998 -0.34344599 -5.62219000 105 142 96 0.000000 0.443546 0.001308 0.896251
-1.36805403 -0.24382700 -5.66722298 88 130 72 0.000000 0.106419 0.001075 0.994321
-1.14561605 -0.24109700 -5.68632793 100 133 80 0.000000 0.223492 0.001170 0.974705
-1.21111906 0.02296200 -5.74023199 108 144 99 0.000000 0.207235 0.001158 0.978290
-1.21043706 -0.12169100 -5.70747995 98 135 85 0.000000 0.127937 0.001093 0.991782
-1.53317702 -0.06642200 -5.70406914 92 129 73 0.000000 0.242814 0.001184 0.970072
-1.33803201 -0.34139901 -5.65562296 197 194 166 0.000000 0.191268 0.001145 0.981537
-1.21589506 0.17512099 -5.75660801 84 116 62 0.000000 -0.365926 0.001266 0.930643
-1.18723798 -0.17286500 -5.69519901 104 134 89 0.000000 0.183394 0.001139 0.983039
-1.19815505 -0.20015800 -5.68564606 90 128 80 0.000000 0.183394 0.001139 0.983039
-1.63484299 -0.13806599 -5.70202208 78 113 54 0.000000 -0.183394 0.001139 0.983039
-1.17700303 0.09801800 -5.75933695 126 158 116 0.000000 0.183394 0.001139 0.983039
-1.05008996 -0.21653400 -5.70816183 96 133 81 0.000000 0.162760 0.001122 0.986665
-1.18041396 0.12872300 -5.75455999 113 148 98 0.000000 0.008867 0.000985 0.999960
-1.34621894 -0.35368100 -5.65152884 104 125 81 0.000000 0.087863 0.001059 0.996132
-1.46767294 -0.04731700 -5.71498585 101 134 89 0.000000 0.256844 0.001195 0.966452
-1.34621894 -0.08621000 -5.70406914 102 134 94 0.000000 -0.065416 0.001038 0.997858
-1.43560398 -0.07802200 -5.70611620 99 135 86 0.000000 0.201881 0.001154 0.979409
-0.98526901 -0.30455399 -5.71907902 135 168 121 0.000000 0.572458 0.001360 0.819933
-1.38033605 0.15124001 -5.76957178 135 161 132 0.000000 0.612421 0.001370 -0.790530
-1.60413802 -0.14761899 -5.69383383 76 112 54 0.000000 -0.265352 0.001201 0.964151
-1.02006805 -0.37824500 -5.63788319 88 123 73 0.000000 -0.132811 0.001098 0.991141
-1.33257306 -0.41918400 -5.63242388 110 130 89 0.000000 0.092452 0.001063 -0.995717
-1.33120799 -0.29500100 -5.67472792 180 189 161 0.000000 0.776155 0.001374 -0.630540
-1.56592798 -0.24519099 -5.65767097 89 123 73 0.000000 -0.025017 0.001001 0.999686
-1.22408295 -0.36391601 -5.64197683 106 133 89 0.000000 0.043791 0.001018 -0.999040
-1.06714797 -0.21107499 -5.70816183 100 134 84 0.000000 -0.035367 0.001010 0.999374
-0.98731601 -0.23291001 -5.71293879 107 138 88 0.000000 0.271059 0.001205 0.962562
-1.59936202 -0.23427400 -5.66722298 86 119 66 0.000000 -0.078785 0.001050 0.996891
-1.04394901 -0.08143300 -5.77434778 131 168 118 0.000000 0.396706 0.001284 0.917945
-1.18655503 0.05093800 -5.75319576 129 165 123 0.000000 0.421606 0.001297 0.906778
-1.43219197 -0.09780900 -5.69792700 99 136 89 0.000000 0.160219 0.001120 0.987081
-1.05145502 -0.03162400 -5.81869888 144 183 141 0.000000 0.885003 0.001319 0.465583
-1.40899301 0.11780600 -5.80436993 105 111 93 0.000000 -0.569351 0.001359 0.822094
-1.30323303 -0.03503500 -5.71907902 116 150 113 0.000000 0.127937 0.001093 0.991782
-1.06168997 -0.28954300 -5.68700981 110 146 93 0.000000 0.372047 0.001270 0.928213
-1.11900496 -0.23359200 -5.69451618 130 151 105 0.000000 0.048051 0.001022 0.998844
-1.36941898 -0.22949800 -5.66790485 88 127 73 0.000000 0.308835 0.001230 0.951115
-1.01119804 -0.10940900 -5.77571201 128 169 118 0.000000 0.478202 0.001325 0.878249
-1.03576100 -0.06710500 -5.78663015 126 161 120 0.000000 0.412244 0.001292 0.911072
-1.16199195 -0.05209300 -5.74091387 113 152 102 0.000000 0.347682 0.001255 0.937612
-1.29231596 0.13486400 -5.75592518 102 139 86 0.000000 0.254023 0.001193 0.967197
-1.64303100 -0.08348000 -5.72658491 52 76 20 0.000000 -0.776155 0.001374 0.630540
-1.23977697 -0.27657801 -5.66312885 90 123 69 0.000000 0.259673 0.001197 0.965696
-1.47586095 -0.17218301 -5.67541122 74 109 57 0.000000 0.008867 0.000985 0.999960
-1.20702505 -0.38575000 -5.62969494 100 129 80 0.000000 0.108776 0.001077 -0.994066
-1.53863502 0.03933800 -5.76479483 108 119 83 0.000000 -0.999445 0.001009 0.033281
-1.51953006 0.04547900 -5.78935909 110 121 108 0.000000 0.308835 0.001230 -0.951115
-1.15243900 -0.14693700 -5.71089220 98 133 85 0.000000 0.311788 0.001232 0.950151
-1.08284199 -0.28749600 -5.68291712 101 127 69 0.000000 -0.215328 0.001164 -0.976541
-1.12105203 -0.11486700 -5.72999716 100 139 87 0.000000 0.347682 0.001255 0.937612
-1.42878103 -0.32161200 -5.63992977 106 143 100 0.000000 0.359825 0.001263 0.933019
-1.11832297 0.00795100 -5.78663015 141 182 137 0.000000 0.702951 0.001381 0.711237
-1.37214804 0.10347700 -5.77025414 69 100 47 0.000000 -0.418483 0.001296 0.908224
-1.40694594 -0.20493400 -5.66722298 99 130 79 0.000000 0.016879 0.000993 0.999857
-1.43628597 0.07209000 -5.78117085 91 122 70 0.000000 -0.531813 0.001346 0.846861
-1.66350102 -0.22676900 -5.69042206 135 164 121 0.000000 0.603278 0.001368 -0.797530
-1.56661105 -0.27180201 -5.63924694 83 118 67 0.000000 -0.130369 0.001096 0.991465
-1.24250603 -0.10872600 -5.71020889 118 149 99 0.000000 0.097074 0.001067 0.995277
-1.21111906 -0.27862501 -5.66449404 89 127 71 0.000000 0.251210 0.001191 0.967932
-1.16744995 -0.23495699 -5.68155193 93 129 73 0.000000 0.209925 0.001160 0.977717
-1.21589506 -0.32365900 -5.65767097 137 153 103 0.000000 -0.058843 0.001032 0.998267
-1.46767294 -0.03230600 -5.72112703 98 133 86 0.000000 0.016879 0.000993 0.999857
-1.44993305 -0.33594099 -5.62423706 111 148 100 0.000000 0.462431 0.001317 0.886654
-1.08693600 -0.12714900 -5.73818493 111 148 104 0.000000 0.406019 0.001289 0.913864
-1.18450797 -0.15034799 -5.70202208 109 142 97 0.000000 0.196558 0.001149 0.980491
-1.33530200 -0.27521399 -5.67609310 93 110 56 0.000000 0.645448 0.001376 -0.763803
-1.29913902 -0.20425200 -5.68359900 62 91 41 0.000000 -0.160219 0.001120 0.987081
-1.21384799 -0.14420700 -5.70133877 105 138 90 0.000000 0.191268 0.001145 0.981537
-1.63006699 -0.25951999 -5.65767097 71 106 51 0.000000 -0.459279 0.001316 0.888291
-1.29504502 -0.27043700 -5.66790485 77 109 59 0.000000 -0.056668 0.001030 0.998393
-0.96684700 -0.13738400 -5.79208899 95 108 93 0.000000 0.697373 0.001381 0.716707
-1.41308701 0.09324200 -5.77298403 120 146 114 0.000000 0.556887 0.001355 -0.830587
-0.93341303 -0.17627700 -5.75046682 67 81 58 0.000000 0.612421 0.001370 0.790530
-1.61300898 -0.18310000 -5.68769312 78 110 57 0.000000 -0.165311 0.001125 0.986241
-1.30596197 -0.07597500 -5.70952702 97 135 90 0.000000 0.127937 0.001093 0.991782
