-0.37128001 0.08969900 -4.48418617 86 89 68 0.000000 0.350710 0.001257 0.936483
-0.02422600 -0.07892700 -4.74823380 174 202 154 0.000000 0.915238 0.001287 0.402911
-0.42095199 -0.32794300 -4.69464111 61 75 48 0.000000 0.766300 0.001376 0.642481
-0.27781701 -0.10572400 -4.64562082 132 174 111 0.000000 0.603278 0.001368 0.797530
-0.17128199 -0.25735599 -4.79267788 65 80 59 0.000000 0.645448 0.001376 0.763803
-0.49088600 -0.13513499 -4.61751699 135 152 98 0.000000 0.353743 0.001259 0.935342
-0.15167500 0.03152900 -4.63451099 70 79 58 0.000000 0.072063 0.001044 0.997400
-0.30657500 -0.23447999 -4.72732019 150 184 119 0.000000 0.424733 0.001299 0.905318
-0.38173699 -0.04755400 -4.54627705 113 154 83 0.000000 0.231726 0.001176 0.972780
-0.15036801 -0.12598500 -4.70444393 131 172 107 0.000000 0.140185 0.001104 0.990125
-0.27912399 0.05113700 -4.58353090 150 172 126 0.000000 -0.402911 0.001287 0.915238
-0.52029699 -0.24101600 -4.69267988 58 72 38 0.000000 0.087863 0.001059 -0.996132
-0.05690500 -0.20114700 -4.80117512 106 128 93 0.000000 0.563126 0.001357 0.826370
-0.38108301 -0.16520000 -4.65542507 122 162 97 0.000000 0.165311 0.001125 0.986241
-0.07193700 -0.05409000 -4.64823580 187 190 140 0.000000 -0.254023 0.001193 -0.967197
-0.22945200 -0.17827199 -4.71947718 138 177 116 0.000000 0.381263 0.001275 0.924466
-0.19481200 -0.05213000 -4.65084982 138 179 119 0.000000 0.311788 0.001232 0.950151
-0.29873201 -0.04036500 -4.58745193 150 189 131 0.000000 0.547504 0.001352 0.836802
-0.43402401 -0.23644100 -4.67307186 148 190 120 0.000000 0.170436 0.001129 0.985368
-0.34840399 -0.31225699 -4.73908377 79 94 73 0.000000 0.572458 0.001360 0.819933
-0.44905600 -0.05605100 -4.59725618 128 161 79 0.000000 0.248404 0.001189 0.968656
-0.12749200 -0.18807501 -4.75738478 144 185 120 0.000000 0.279674 0.001211 0.960094
-0.33337200 0.02499400 -4.52536201 176 212 154 0.000000 0.256844 0.001195 0.966452
-0.35624701 -0.09526600 -4.60836697 133 170 108 0.000000 0.248404 0.001189 0.968656
-0.49284700 -0.31617799 -4.66522884 72 86 38 0.000000 0.353743 0.001259 -0.935342
-0.30853501 -0.17304300 -4.68156910 131 172 110 0.000000 0.449834 0.001311 0.893111
-0.22226200 0.00800000 -4.60640621 133 178 114 0.000000 0.688930 0.001381 0.724826
-0.07978000 -0.12663800 -4.73777723 156 196 134 0.000000 0.553762 0.001354 0.832674
-0.23860200 -0.24689800 -4.76391983 121 156 91 0.000000 0.157685 0.001118 0.987489
-0.02487900 -0.13709600 -4.79333210 68 81 54 0.000000 0.468736 0.001320 0.883337
-0.13272101 -0.02860100 -4.67307186 146 188 104 0.000000 0.909655 0.001294 -0.415362
-0.36997300 -0.25147301 -4.70313692 160 201 137 0.000000 0.581753 0.001362 0.813364
-0.48435000 -0.18742201 -4.66588306 136 160 91 0.000000 0.560008 0.001356 -0.828486
-0.42160600 -0.12467800 -4.61882401 112 153 86 0.000000 -0.123096 0.001089 0.992394
-0.21703300 -0.10899200 -4.67634010 132 174 111 0.000000 0.099398 0.001069 0.995047
-0.38435099 -0.00507100 -4.49725819 81 85 66 0.000000 0.902354 0.001302 0.430994
-0.18696800 -0.21029700 -4.75346279 132 168 109 0.000000 0.326641 0.001242 0.945148
-0.10984500 -0.24036200 -4.78352785 52 71 35 0.000000 -0.207235 0.001158 0.978290
-0.09938800 -0.08546200 -4.69725513 150 184 67 0.000000 -0.503455 0.001335 -0.864020
-0.25102001 -0.05016900 -4.62274599 145 187 127 0.000000 0.630540 0.001374 0.776155
-0.03664400 -0.06324100 -4.69267988 122 142 94 0.000000 0.660161 0.001378 0.751123
-0.33075699 -0.13448100 -4.64562082 128 169 109 0.000000 0.130369 0.001096 0.991465
-0.30134600 -0.28480601 -4.75281000 183 219 163 0.000000 0.390517 0.001280 0.920595
-0.15102100 -0.07892700 -4.67699385 135 176 101 0.000000 0.406019 0.001289 0.913864
-0.43206301 -0.18154000 -4.65281105 125 165 99 0.000000 0.118289 0.001085 0.992979
-0.26082399 -0.14101700 -4.68026209 143 181 119 0.000000 0.487672 0.001329 0.873026
-0.33598599 -0.02337200 -4.55019808 160 200 141 0.000000 0.776155 0.001374 0.630540
-0.17977899 -0.16454600 -4.72339821 124 164 101 0.000000 0.350710 0.001257 0.936483
-0.44971001 -0.28938100 -4.67437887 159 199 129 0.000000 0.347682 0.001255 0.937612
-0.39938399 -0.07958000 -4.58483791 96 136 62 0.000000 0.372047 0.001270 0.928213
-0.35101900 -0.20572200 -4.69071913 144 184 122 0.000000 0.384343 0.001277 0.923189
-0.19023600 0.04525500 -4.59856319 70 73 49 0.000000 -0.603278 0.001368 0.797530
-0.30788201 -0.08088700 -4.61424923 138 177 122 0.000000 0.427862 0.001300 0.903843
-0.06736200 -0.15997100 -4.77176380 161 202 137 0.000000 0.449834 0.001311 0.893111
-0.18370099 -0.00768600 -4.63320398 154 194 133 0.000000 0.484515 0.001327 0.874782
-0.21376500 -0.28349900 -4.78483486 74 84 71 0.000000 0.519223 0.001342 0.854638
-0.26670599 -0.00376400 -4.58745193 153 197 126 0.000000 0.440405 0.001307 0.897798
-0.27585599 -0.19330400 -4.71097994 176 180 128 0.000000 0.180786 0.001137 0.983522
-0.41245601 -0.27892399 -4.70117617 132 156 63 0.000000 -0.475046 0.001323 -0.879960
-0.37389401 0.04329400 -4.48810720 137 142 120 0.000000 0.771254 0.001375 0.636526
-0.34775099 -0.06062600 -4.57503414 135 177 113 0.000000 0.500299 0.001334 0.865851
-0.42748800 -0.04297900 -4.55150509 63 72 34 0.000000 -0.660161 0.001378 0.751123
-0.46408901 -0.09265200 -4.62013102 64 78 42 0.000000 0.819933 0.001360 -0.572458
-0.12095600 -0.14885999 -4.73516321 158 194 133 0.000000 0.421606 0.001297 0.906778
-0.39677000 -0.20506901 -4.67045784 150 189 124 0.000000 0.271059 0.001205 0.962562
-0.47912100 -0.23251900 -4.66653585 125 166 84 0.000000 -0.072063 0.001044 0.997400
-0.30265301 0.01780400 -4.56392288 180 219 157 0.000000 0.826370 0.001357 0.563126
-0.05625100 -0.09003800 -4.72078419 137 178 113 0.000000 0.594083 0.001366 0.804402
-0.34121501 0.06747700 -4.50640821 142 161 119 0.000000 0.196558 0.001149 0.980491
-0.33860001 -0.27173400 -4.72732019 174 203 142 0.000000 0.459279 0.001316 0.888291
-0.37977600 -0.13121299 -4.62862778 118 159 93 0.000000 0.356781 0.001261 0.934187
-0.09350600 -0.01683600 -4.65934706 146 150 95 0.000000 -0.751123 0.001378 0.660161
-0.51702899 -0.27304199 -4.66392183 148 178 95 0.000000 0.819933 0.001360 -0.572458
-0.23271900 0.04917600 -4.59660196 146 160 114 0.000000 -0.165311 0.001125 0.986241
-0.30722800 0.05505800 -4.54366207 184 202 147 0.000000 0.566240 0.001358 0.824239
-0.38108301 -0.30702800 -4.70575094 173 211 148 0.000000 0.384343 0.001277 0.923189
-0.24252300 -0.08350200 -4.65084982 135 176 116 0.000000 0.399807 0.001286 0.916599
-0.37258700 -0.00637900 -4.56130886 72 84 41 0.000000 0.430994 0.001302 -0.902354
-0.25298101 -0.21421900 -4.73908377 129 166 100 0.000000 0.273924 0.001207 0.961751
-0.45493901 -0.15670300 -4.62862778 108 147 75 0.000000 0.953006 0.001227 0.302950
-0.21180500 -0.14363199 -4.69856215 131 174 102 0.000000 0.311788 0.001232 0.950151
-0.09285200 -0.20376199 -4.77568483 153 195 131 0.000000 0.288352 0.001217 0.957524
-0.52095097 -0.20441499 -4.67503309 88 101 52 0.000000 0.335625 0.001248 0.941995
-0.12553100 0.00930700 -4.66065407 127 144 103 0.000000 -0.341642 0.001251 0.939829
-0.14644600 -0.22140799 -4.76980305 140 178 124 0.000000 0.113516 0.001081 0.993536
-0.21834099 -0.02664000 -4.62601423 140 184 126 0.000000 0.630540 0.001374 0.776155
-0.04448700 -0.11814200 -4.76457405 172 212 141 0.000000 0.792878 0.001369 0.609379
-0.27651000 -0.25212699 -4.75476980 140 173 113 0.000000 -0.201881 0.001154 0.979409
-0.19938700 -0.24297699 -4.76980305 125 164 104 0.000000 0.113516 0.001081 0.993536
-0.40330499 -0.03056100 -4.51882601 71 79 44 0.000000 0.702951 0.001381 0.711237
-0.34644300 -0.17304300 -4.66980410 130 161 96 0.000000 -0.193909 0.001147 0.981019
-0.50461102 -0.15866400 -4.65215683 98 117 49 0.000000 -0.396706 0.001284 0.917945
-0.17781800 -0.10703100 -4.68679810 128 171 107 0.000000 0.311788 0.001232 0.950151
-0.25755599 -0.27827001 -4.77372503 207 153 141 0.000000 0.207235 0.001158 0.978290
-0.11049900 -0.05801200 -4.66719007 115 164 74 0.000000 -0.029133 0.001005 0.999575
-0.29677099 -0.13840300 -4.65934706 128 167 105 0.000000 0.399807 0.001286 0.916599
-0.10788500 -0.11879500 -4.71620893 136 179 114 0.000000 0.402911 0.001287 0.915238
-0.31572500 -0.20180100 -4.70182991 134 174 110 0.000000 0.427862 0.001300 0.903843
-0.48238900 -0.27304199 -4.67176485 132 173 95 0.000000 0.317711 0.001236 0.948187
-0.33860001 -0.23709400 -4.71228695 148 189 129 0.000000 0.497143 0.001333 0.867668
-0.36670500 -0.02337200 -4.52536201 146 188 117 0.000000 0.493986 0.001331 0.869469
-0.43206301 -0.08742300 -4.59529495 104 141 65 0.000000 -0.317711 0.001236 0.948187
-0.27585599 -0.07500500 -4.62862778 138 180 116 0.000000 0.503455 0.001335 0.864020
-0.45559201 -0.32402101 -4.67437887 128 164 105 0.000000 -0.178186 0.001135 0.983996
-0.39938399 -0.24428400 -4.68549013 145 187 119 0.000000 0.356781 0.001261 0.934187
-0.03337600 -0.17631100 -4.79529285 65 81 47 0.000000 0.076536 0.001048 0.997066
-0.40134501 -0.02794700 -4.56849909 66 75 49 0.000000 0.972119 0.001178 -0.234487
-0.15951800 -0.02271800 -4.65215683 140 186 115 0.000000 0.544370 0.001351 0.838844
-0.09742700 -0.16846800 -4.75803804 147 191 121 0.000000 0.329630 0.001244 0.944109
-0.06997700 -0.06389400 -4.68614388 158 187 74 0.000000 -0.120688 0.001087 -0.992690
-0.21834099 -0.20310800 -4.73973799 123 165 99 0.000000 0.125512 0.001091 0.992091
-0.32879701 -0.10768400 -4.62536001 132 171 112 0.000000 0.452981 0.001313 0.891519
-0.24971300 -0.11225900 -4.66522884 133 175 115 0.000000 0.560008 0.001356 0.828486
-0.45624599 -0.20898999 -4.66588306 116 161 81 0.000000 0.207235 0.001158 0.978290
-0.40592000 -0.15539600 -4.63647079 130 169 101 0.000000 0.609379 0.001369 0.792878
-0.24840599 -0.02010400 -4.60902119 154 195 138 0.000000 0.183394 0.001139 0.983039
-0.15428901 -0.17565700 -4.74039078 137 176 113 0.000000 0.302950 0.001227 0.953006
-0.38761899 -0.10376300 -4.61032820 116 158 84 0.000000 0.311788 0.001232 0.950151
-0.18043301 0.02172600 -4.61882401 164 203 136 0.000000 0.525521 0.001344 0.850780
-0.19677199 -0.08546200 -4.66719007 131 175 109 0.000000 0.329630 0.001244 0.944109
-0.13206699 -0.10114900 -4.68941212 123 163 94 0.000000 0.125512 0.001091 0.992091
-0.22487600 -0.05409000 -4.64039278 147 187 133 0.000000 0.421606 0.001297 0.906778
-0.02161100 -0.10572400 -4.78222084 91 109 68 0.000000 0.541234 0.001350 0.840871
-0.24840599 0.02237900 -4.59333515 131 177 113 0.000000 0.528668 0.001345 0.848828
-0.50591803 -0.29330301 -4.68483686 71 80 43 0.000000 0.790530 0.001370 -0.612421
-0.27716300 -0.16585401 -4.68941212 195 190 141 0.000000 0.560008 0.001356 0.828486
-0.42356700 -0.05670500 -4.57895613 104 134 53 0.000000 -0.624527 0.001373 0.781002
-0.35755399 0.00930700 -4.51425123 186 221 166 0.000000 0.323658 0.001240 0.946173
-0.15755700 -0.05213000 -4.66392183 147 190 126 0.000000 0.406019 0.001289 0.913864
-0.30788201 -0.02271800 -4.56457710 172 209 156 0.000000 0.804402 0.001366 -0.594083
-0.36735800 -0.28284499 -4.71751595 130 156 63 0.000000 -0.722131 0.001381 -0.691755
-0.45363200 -0.12663800 -4.62993479 139 173 87 0.000000 -0.113516 0.001081 -0.993536
-0.08697000 -0.03775100 -4.67960787 158 197 123 0.000000 -0.797530 0.001368 0.603278
-0.15232800 -0.15016700 -4.72143698 128 172 97 0.000000 0.406019 0.001289 0.913864
-0.28043100 -0.22075500 -4.72927999 129 169 108 0.000000 0.140185 0.001104 0.990125
-0.32030001 -0.30702800 -4.75150299 65 72 61 0.000000 0.326641 0.001242 0.945148
-0.02161100 -0.07173700 -4.72012997 69 78 48 0.000000 0.783405 0.001372 0.621510
-0.36931899 -0.07892700 -4.58810616 101 143 71 0.000000 0.254023 0.001193 0.967197
-0.08174100 -0.10245600 -4.71490097 139 179 114 0.000000 0.657235 0.001378 0.753685
-0.42618099 -0.20702900 -4.66522884 132 169 100 0.000000 -0.033281 0.001009 0.999445
-0.24840599 -0.15931800 -4.69856215 129 171 107 0.000000 0.193909 0.001147 0.981019
-0.15167500 0.00407900 -4.64562082 170 210 140 0.000000 0.799835 0.001367 0.600218
-0.27520299 -0.03971100 -4.60379219 155 195 137 0.000000 0.691755 0.001381 0.722131
-0.36801201 -0.03317600 -4.56980610 130 161 68 0.000000 -0.279674 0.001211 -0.960094
-0.20134699 -0.18219300 -4.72927999 130 171 107 0.000000 0.271059 0.001205 0.962562
-0.43859899 -0.26389101 -4.68026209 169 206 138 0.000000 0.135260 0.001100 0.990809
-0.46016699 -0.17957900 -4.65150404 116 152 81 0.000000 0.074296 0.001046 0.997236
-0.32160699 0.00473200 -4.54104805 183 216 164 0.000000 0.954848 0.001223 0.297091
-0.32226101 -0.15474300 -4.66522884 151 192 129 0.000000 0.434129 0.001304 0.900850
-0.17651100 -0.13578901 -4.70771217 124 164 95 0.000000 0.069839 0.001042 0.997558
-0.32618201 -0.07108400 -4.59529495 136 178 118 0.000000 0.674661 0.001380 0.738126
-0.40461299 -0.06258700 -4.55215883 89 134 42 0.000000 0.960094 0.001211 0.279674
-0.35232601 -0.12271700 -4.62732077 121 163 99 0.000000 0.544370 0.001351 0.838844
-0.30396000 -0.11422000 -4.64039278 140 179 119 0.000000 0.375114 0.001272 0.926978
-0.31311101 -0.25931600 -4.73777723 169 208 150 0.000000 0.587928 0.001364 0.808912
-0.36997300 -0.18742201 -4.67241907 142 182 117 0.000000 0.268202 0.001203 0.963362
-0.35951501 -0.15016700 -4.64758205 111 152 86 0.000000 0.680398 0.001380 0.732842
-0.04971500 -0.04494000 -4.66130686 77 74 47 0.000000 -0.362873 0.001264 0.931838
-0.42291301 -0.29918501 -4.68614388 163 205 136 0.000000 0.365926 0.001266 0.930643
-0.50461102 -0.21879400 -4.69202614 121 143 90 0.000000 0.506611 0.001337 -0.862174
-0.17193601 -0.23055901 -4.77111006 136 175 107 0.000000 0.039563 0.001014 0.999217
-0.28239200 -0.28807399 -4.77829885 91 98 60 0.000000 -0.944109 0.001244 -0.329630
-0.47977501 -0.16389300 -4.63647079 93 133 52 0.000000 -0.691755 0.001381 0.722131
-0.50461102 -0.18742201 -4.68810511 87 97 71 0.000000 0.997710 0.001040 0.067624
-0.23141199 -0.13056000 -4.68549013 130 172 107 0.000000 0.234487 0.001178 0.972119
-0.37585500 -0.21552600 -4.69071913 158 192 131 0.000000 0.016879 0.000993 0.999857
-0.50853300 -0.26715899 -4.68941212 118 146 78 0.000000 0.974073 0.001172 -0.226229
-0.22226200 -0.22598299 -4.75281000 120 162 96 0.000000 0.145143 0.001108 0.989410
-0.13795000 -0.23644100 -4.79006386 84 117 64 0.000000 -0.279674 0.001211 0.960094
-0.28173801 0.01780400 -4.58418512 182 218 164 0.000000 -0.873026 0.001329 0.487672
-0.35167199 0.04329400 -4.50902224 165 203 142 0.000000 0.490829 0.001330 0.871255
-0.40592000 -0.18480800 -4.65542507 132 171 107 0.000000 0.094759 0.001065 0.995500
-0.50199699 -0.24624500 -4.67437887 137 176 87 0.000000 -0.237255 0.001180 0.971447
-0.32030001 0.05963400 -4.52144003 158 168 130 0.000000 0.228974 0.001174 0.973432
-0.28958100 -0.01618200 -4.58353090 145 189 121 0.000000 0.519223 0.001342 0.854638
-0.32291400 -0.04167200 -4.57438087 141 182 129 0.000000 0.748548 0.001379 0.663079
-0.16213199 -0.20376199 -4.75607681 131 168 108 0.000000 0.288352 0.001217 0.957524
-0.05886600 -0.11225900 -4.74169922 162 201 138 0.000000 0.642481 0.001376 0.766300
-0.27258801 -0.12663800 -4.66261482 130 172 113 0.000000 0.735490 0.001380 0.677534
-0.21964800 -0.25997001 -4.77503204 132 165 86 0.000000 -0.566240 0.001358 -0.824239
-0.19350401 -0.26519901 -4.78091383 158 192 141 0.000000 0.503455 0.001335 0.864020
-0.04710100 -0.14755300 -4.78091383 166 209 137 0.000000 0.639507 0.001375 0.768784
-0.32945001 -0.18611500 -4.68745089 140 175 106 0.000000 0.456129 0.001314 0.889912
-0.38958001 -0.26650599 -4.69790792 169 204 138 0.000000 0.609379 0.001369 0.792878
-0.28762099 -0.06062600 -4.61032820 141 182 123 0.000000 0.694569 0.001381 0.719425
-0.47127801 -0.30441400 -4.66980410 137 164 69 0.000000 -0.320681 0.001238 -0.947186
-0.06409400 -0.13840300 -4.75999880 174 212 151 0.000000 0.630540 0.001374 0.776155
-0.25036600 -0.19134299 -4.72078419 119 160 97 0.000000 0.265352 0.001201 0.964151
-0.21049801 0.03152900 -4.60183096 135 175 116 0.000000 0.308835 0.001230 0.951115
-0.08239500 -0.18154000 -4.77372503 173 212 151 0.000000 0.497143 0.001333 0.867668
-0.35428599 -0.04036500 -4.55085087 139 180 117 0.000000 0.633537 0.001374 0.773712
-0.22030100 -0.08938400 -4.66196108 137 176 112 0.000000 0.212622 0.001162 0.977134
-0.29350299 0.05636600 -4.56457710 62 72 40 0.000000 0.906778 0.001297 0.421606
-0.45951399 -0.23382600 -4.68091488 132 165 75 0.000000 -0.099398 0.001069 -0.995047
-0.09350600 -0.04297900 -4.65019703 196 210 139 0.000000 0.528668 0.001345 -0.848828
-0.08174100 -0.22336900 -4.78483486 66 80 56 0.000000 0.645448 0.001376 0.763803
-0.07193700 -0.07827300 -4.70640516 157 188 70 0.000000 -0.409130 0.001291 -0.912475
-0.08893100 -0.14690000 -4.75084877 157 197 136 0.000000 0.418483 0.001296 0.908224
-0.25820899 -0.23644100 -4.75215578 134 157 94 0.000000 0.085581 0.001057 0.996331
-0.36605099 0.06616900 -4.48810720 192 221 173 0.000000 0.111142 0.001079 0.993804
-0.38173699 -0.06846900 -4.57045889 101 140 71 0.000000 -0.484515 0.001327 0.874782
-0.52748698 -0.22925100 -4.67307186 70 77 43 0.000000 0.748548 0.001379 0.663079
-0.04514000 -0.09003800 -4.74496698 162 194 72 0.000000 -0.867668 0.001333 0.497143
-0.42944899 -0.15931800 -4.63712502 108 149 78 0.000000 0.130369 0.001096 0.991465
-0.20200101 0.00211800 -4.61751699 136 179 115 0.000000 0.083307 0.001055 0.996523
-0.12226300 -0.08088700 -4.68156910 122 166 87 0.000000 0.317711 0.001236 0.948187
-0.40722701 -0.30245301 -4.70379114 111 143 79 0.000000 0.991465 0.001096 0.130369
-0.11442000 -0.21356501 -4.77307081 136 179 115 0.000000 0.152643 0.001114 0.988281
-0.41114801 -0.10507000 -4.60705996 109 150 77 0.000000 0.041673 0.001016 0.999131
-0.20657600 -0.15997100 -4.71490097 137 171 106 0.000000 0.326641 0.001242 0.945148
-0.36474401 -0.31421801 -4.72209120 176 202 152 0.000000 0.751123 0.001378 0.660161
-0.49546099 -0.21552600 -4.67045784 130 172 81 0.000000 -0.497143 0.001333 0.867668
-0.40657300 -0.04297900 -4.53908682 100 140 62 0.000000 -0.563126 0.001357 0.826370
-0.18566100 -0.03186800 -4.64300680 137 180 117 0.000000 0.412244 0.001292 0.911072
-0.19742601 -0.12010300 -4.68745089 126 168 102 0.000000 0.285453 0.001215 0.958392
-0.44382799 -0.10245600 -4.60902119 127 164 91 0.000000 -0.127937 0.001093 0.991782
-0.47520000 -0.13382800 -4.63581800 77 91 44 0.000000 0.756234 0.001377 -0.654300
-0.09481300 -0.07043000 -4.67895508 122 166 85 0.000000 0.207235 0.001158 0.978290
-0.04579400 -0.12467800 -4.78679609 167 197 75 0.000000 0.052343 0.001026 -0.998629
-0.51310802 -0.18284699 -4.66719007 68 80 31 0.000000 0.320681 0.001238 0.947186
-0.13076000 -0.16716100 -4.74496698 152 186 126 0.000000 0.268202 0.001203 0.963362
-0.32160699 -0.22075500 -4.71294117 142 182 117 0.000000 0.291258 0.001219 0.956644
-0.17193601 -0.07631200 -4.66849709 130 174 101 0.000000 0.308835 0.001230 0.951115
-0.47781399 -0.10637700 -4.60836697 124 138 89 0.000000 0.606331 0.001369 0.795211
-0.29350299 -0.15474300 -4.67437887 125 165 101 0.000000 0.157685 0.001118 0.987489
-0.29481000 -0.20506901 -4.71294117 141 180 120 0.000000 0.359825 0.001263 0.933019
-0.34121501 -0.00376400 -4.53451204 153 196 133 0.000000 0.949175 0.001234 0.314746
-0.24252300 -0.29199600 -4.78287506 79 76 38 0.000000 -0.104070 0.001073 -0.994569
-0.35297900 -0.25866300 -4.71555519 156 195 132 0.000000 0.572458 0.001360 0.819933
-0.29284900 -0.18023200 -4.69529390 135 175 106 0.000000 0.226229 0.001172 0.974073
-0.40657300 -0.22533000 -4.67699385 150 190 126 0.000000 0.372047 0.001270 0.928213
-0.43533099 -0.31552500 -4.67372608 190 225 155 0.000000 0.226229 0.001172 0.974073
-0.10461700 -0.13382800 -4.73189497 146 185 122 0.000000 0.302950 0.001227 0.953006
-0.37193301 0.01453600 -4.49856520 208 224 174 0.000000 0.944109 0.001244 0.329630
-0.17520399 -0.19134299 -4.74365902 133 173 109 0.000000 0.311788 0.001232 0.950151
-0.33794701 -0.29330301 -4.73581600 175 213 153 0.000000 0.465583 0.001319 0.885003
-0.13206699 -0.13186701 -4.71490097 128 171 104 0.000000 0.459279 0.001316 0.888291
-0.07585900 -0.03382900 -4.65934706 144 161 81 0.000000 0.826370 0.001357 0.563126
-0.02422600 -0.09003800 -4.76718903 182 213 157 0.000000 0.691755 0.001381 0.722131
-0.29546401 -0.26389101 -4.75084877 171 201 144 0.000000 0.642481 0.001376 0.766300
-0.10723100 -0.19003600 -4.76522779 148 190 126 0.000000 0.399807 0.001286 0.916599
-0.31245700 0.03414400 -4.54692984 177 218 150 0.000000 0.804402 0.001366 0.594083
-0.24775200 0.00146400 -4.60640621 129 172 109 0.000000 0.995927 0.001061 0.090153
-0.39938399 -0.32794300 -4.69725513 133 151 109 0.000000 0.335625 0.001248 0.941995
-0.13272101 -0.06389400 -4.67307186 116 161 78 0.000000 0.016879 0.000993 0.999857
-0.39023399 -0.28807399 -4.70052290 170 209 147 0.000000 0.320681 0.001238 0.947186
-0.25363401 0.05048300 -4.59137392 122 134 95 0.000000 -0.231726 0.001176 0.972780
-0.15363599 -0.10114900 -4.68875790 122 167 93 0.000000 0.000978 0.000978 0.999999
-0.11049900 -0.10376300 -4.69790792 134 176 104 0.000000 0.597153 0.001366 0.802126
-0.33533201 -0.09069100 -4.60902119 132 173 110 0.000000 0.294171 0.001221 0.955752
-0.27585599 -0.27304199 -4.76391983 170 190 141 0.000000 0.490829 0.001330 0.871255
-0.12095600 -0.01226100 -4.66588306 142 184 111 0.000000 0.150135 0.001112 0.988665
-0.28631401 -0.23970900 -4.74039078 148 181 118 0.000000 0.384343 0.001277 0.923189
-0.41310900 -0.26062301 -4.68679810 138 181 112 0.000000 0.323658 0.001240 0.946173
-0.28304601 0.03349000 -4.56980610 174 215 150 0.000000 0.609379 0.001369 0.792878
-0.30526799 -0.06193300 -4.59856319 166 197 145 0.000000 0.350710 0.001257 0.936483
-0.52421898 -0.25670201 -4.67895508 83 93 59 0.000000 -0.175594 0.001133 0.984462
-0.49611500 -0.29526401 -4.66392183 180 209 131 0.000000 -0.980491 0.001149 0.196558
-0.44774899 -0.15997100 -4.64823580 142 171 90 0.000000 -0.516071 0.001340 -0.856545
-0.16932200 0.03871900 -4.61294222 75 77 58 0.000000 0.186011 0.001141 0.982547
-0.05102300 -0.06062600 -4.67764711 123 161 82 0.000000 0.603278 0.001368 0.797530
-0.26343799 -0.09069100 -4.64431381 137 178 121 0.000000 0.478202 0.001325 0.878249
-0.50134301 -0.14820699 -4.63451099 81 91 41 0.000000 0.424733 0.001299 0.905318
-0.36147600 -0.22859800 -4.69790792 153 189 123 0.000000 0.396706 0.001284 0.917945
-0.25951701 -0.17892499 -4.70705795 121 162 100 0.000000 0.375114 0.001272 0.926978
-0.44448099 -0.08219500 -4.61294222 124 145 91 0.000000 0.271059 0.001205 -0.962562
-0.05363700 -0.17957900 -4.79333210 158 198 134 0.000000 0.665988 0.001379 0.745961
-0.07193700 -0.20441499 -4.78744984 191 225 164 0.000000 0.781002 0.001373 0.624527
-0.25886300 -0.25408801 -4.76522779 154 149 103 0.000000 0.421606 0.001297 0.906778
-0.03991200 -0.07696600 -4.71228695 134 176 104 0.000000 0.456129 0.001314 0.889912
-0.38043001 -0.14755300 -4.64104700 121 162 96 0.000000 0.063217 0.001036 0.997999
-0.11442000 -0.03448300 -4.66588306 160 186 87 0.000000 0.137718 0.001102 -0.990471
-0.23860200 -0.26781300 -4.77503204 130 159 95 0.000000 0.456129 0.001314 0.889912
-0.46343499 -0.26585200 -4.67437887 147 187 121 0.000000 0.199215 0.001152 0.979955
-0.29284900 -0.29918501 -4.76457405 80 95 70 0.000000 0.443546 0.001308 0.896251
-0.30003899 -0.00441800 -4.56915188 176 215 151 0.000000 0.674661 0.001380 0.738126
-0.47389299 -0.21095100 -4.67568588 125 155 80 0.000000 -0.273924 0.001207 -0.961751
-0.14056399 0.02041800 -4.65019703 85 94 69 0.000000 0.268202 0.001203 0.963362
-0.15363599 -0.24885900 -4.79790688 73 90 67 0.000000 0.326641 0.001242 0.945148
-0.46931800 -0.12206300 -4.61817122 140 181 106 0.000000 0.069839 0.001042 0.997558
-0.21768700 -0.07239100 -4.65150404 152 189 119 0.000000 0.359825 0.001263 0.933019
-0.29415700 -0.08873000 -4.62666702 171 190 138 0.000000 0.563126 0.001357 0.826370
-0.22945200 -0.15801100 -4.70509815 137 180 111 0.000000 0.399807 0.001286 0.916599
-0.50003600 -0.16977499 -4.67503309 77 87 62 0.000000 0.606331 0.001369 -0.795211
-0.24448401 -0.06846900 -4.63777781 145 186 128 0.000000 0.525521 0.001344 0.850780
-0.26932001 -0.05605100 -4.61751699 142 182 119 0.000000 0.271059 0.001205 0.962562
-0.40788001 -0.13513499 -4.62862778 130 166 101 0.000000 -0.043791 0.001018 0.999040
-0.38892701 -0.18742201 -4.66588306 136 177 111 0.000000 0.465583 0.001319 0.885003
-0.19481200 -0.14559200 -4.70836592 139 175 110 0.000000 0.300017 0.001225 0.953933
-0.14317800 -0.20114700 -4.76065302 135 175 116 0.000000 0.175594 0.001133 0.984462
-0.26605201 -0.02075700 -4.59725618 146 187 127 0.000000 0.854638 0.001342 0.519223
-0.34382901 -0.07958000 -4.59464216 122 164 98 0.000000 0.294171 0.001221 0.955752
-0.41507000 -0.03905800 -4.57895613 114 132 87 0.000000 0.960928 0.001209 -0.276796
-0.14906099 -0.03448300 -4.66392183 146 188 127 0.000000 0.396706 0.001284 0.917945
-0.45951399 -0.07239100 -4.59529495 62 71 35 0.000000 0.871255 0.001330 0.490829
-0.22553000 -0.01291400 -4.61424923 148 191 130 0.000000 0.167869 0.001127 0.985809
-0.33990800 -0.04624700 -4.56457710 132 175 112 0.000000 0.732842 0.001380 0.680398
-0.11115300 -0.06454800 -4.68745089 154 193 126 0.000000 -0.990809 0.001100 0.135260
-0.33990800 -0.15016700 -4.65215683 121 162 100 0.000000 0.276796 0.001209 0.960928
-0.26539901 -0.29264900 -4.78614187 168 80 55 0.000000 0.399807 0.001286 0.916599
-0.33402500 -0.25343400 -4.72339821 155 196 133 0.000000 0.111142 0.001079 0.993804
-0.19089000 -0.22729100 -4.76261282 126 158 95 0.000000 0.099398 0.001069 0.995047
-0.31180301 -0.09918800 -4.62274599 131 173 113 0.000000 0.341642 0.001251 0.939829
-0.43141001 -0.28219199 -4.68352890 161 201 137 0.000000 0.220763 0.001168 0.975327
-0.23010500 0.02434000 -4.59856319 138 180 117 0.000000 0.449834 0.001311 0.893111
-0.26539901 0.02760800 -4.58549213 144 188 124 0.000000 0.212622 0.001162 0.977134
-0.36539701 -0.06062600 -4.56457710 111 154 81 0.000000 0.256844 0.001195 0.966452
-0.07389800 -0.05801200 -4.66849709 122 164 80 0.000000 0.157685 0.001118 0.987489
-0.39088699 -0.02010400 -4.50902224 118 127 80 0.000000 0.858436 0.001339 0.512919
-0.20134699 -0.02467900 -4.63516378 152 192 133 0.000000 0.418483 0.001296 0.908224
-0.48696399 -0.17173600 -4.65215683 100 137 57 0.000000 -0.384343 0.001277 0.923189
-0.32422200 0.04198700 -4.52666903 177 209 146 0.000000 0.885003 0.001319 0.465583
-0.35494000 -0.29853100 -4.72535896 168 209 143 0.000000 0.606331 0.001369 0.795211
-0.16801500 -0.12141000 -4.69921494 134 171 106 0.000000 0.215328 0.001164 0.976541
-0.26539901 -0.20245400 -4.72339821 157 178 126 0.000000 0.362873 0.001264 0.931838
-0.43271700 -0.14428499 -4.62666702 110 151 77 0.000000 0.041673 0.001016 0.999131
-0.16997500 -0.09199800 -4.67830086 132 172 110 0.000000 0.359825 0.001263 0.933019
-0.02422600 -0.15539600 -4.79006386 87 101 69 0.000000 0.365926 0.001266 0.930643
-0.49284700 -0.25735599 -4.68745089 127 157 77 0.000000 0.966452 0.001195 -0.256844
-0.40592000 -0.06977600 -4.57045889 84 124 38 0.000000 0.953006 0.001227 0.302950
-0.48631099 -0.28742099 -4.68287611 127 156 64 0.000000 -0.365926 0.001266 -0.930643
-0.35232601 -0.18807501 -4.67895508 139 179 107 0.000000 0.220763 0.001168 0.975327
-0.03272200 -0.08154100 -4.73124123 161 200 134 0.000000 0.944109 0.001244 0.329630
-0.43663800 -0.21814001 -4.67568588 128 157 69 0.000000 0.356781 0.001261 -0.934187
-0.43925300 -0.04951500 -4.57242012 59 72 29 0.000000 0.033281 0.001009 0.999445
-0.48108199 -0.14820699 -4.62601423 109 149 75 0.000000 -0.085581 0.001057 0.996331
-0.23925500 -0.03644400 -4.61947823 158 198 142 0.000000 0.259673 0.001197 0.965696
-0.38696599 -0.22990499 -4.68810511 141 177 101 0.000000 0.674661 0.001380 0.738126
-0.22160900 -0.24036200 -4.76588202 141 163 102 0.000000 0.531813 0.001346 0.846861
-0.24056301 -0.22402300 -4.74823380 121 162 94 0.000000 0.226229 0.001172 0.974073
-0.13991000 -0.15735701 -4.73254824 140 181 119 0.000000 0.390517 0.001280 0.920595
-0.19219700 -0.06977600 -4.65934706 140 183 115 0.000000 0.170436 0.001129 0.985368
-0.16932200 -0.03775100 -4.65411806 133 176 114 0.000000 0.276796 0.001209 0.960928
-0.47193199 -0.20114700 -4.66065407 119 158 82 0.000000 -0.147635 0.001110 0.989041
-0.37912300 -0.20180100 -4.67830086 151 191 128 0.000000 0.440405 0.001307 0.897798
-0.43990600 -0.19657201 -4.65999985 143 182 112 0.000000 0.294171 0.001221 0.955752
-0.49938300 -0.19722600 -4.66719007 110 147 59 0.000000 -0.452981 0.001313 0.891519
-0.42879501 -0.05931900 -4.59594917 90 106 72 0.000000 0.020933 0.000997 -0.999780
-0.45559201 -0.11029900 -4.62274599 133 163 83 0.000000 -0.025017 0.001001 -0.999686
-0.23402700 -0.11422000 -4.67437887 144 180 116 0.000000 0.326641 0.001242 0.945148
-0.24056301 -0.20245400 -4.73385620 136 169 108 0.000000 0.282560 0.001213 0.959249
-0.08370200 -0.07892700 -4.69006491 133 175 104 0.000000 0.132811 0.001098 0.991141
-0.34971100 -0.13644201 -4.63843203 126 168 104 0.000000 0.201881 0.001154 0.979409
-0.12683900 -0.11748800 -4.70575094 137 179 107 0.000000 0.288352 0.001217 0.957524
-0.42944899 -0.10768400 -4.61817122 154 193 121 0.000000 -0.781002 0.001373 0.624527
-0.39480901 -0.09265200 -4.59856319 109 148 77 0.000000 0.375114 0.001272 0.926978
-0.28500599 -0.12206300 -4.65084982 152 175 126 0.000000 0.531813 0.001346 0.846861
-0.10069500 -0.22402300 -4.77699184 143 178 112 0.000000 0.231726 0.001176 0.972780
-0.31703201 -0.14167100 -4.65411806 129 170 108 0.000000 0.332624 0.001246 0.943059
-0.41833800 -0.23709400 -4.68287611 132 159 63 0.000000 -0.018902 0.000995 -0.999821
-0.12553100 -0.22794400 -4.78091383 113 154 89 0.000000 -0.279674 0.001211 0.960094
-0.39154100 -0.03448300 -4.55542707 140 165 81 0.000000 0.381263 0.001275 -0.924466
-0.41245601 -0.16846800 -4.64627504 123 163 93 0.000000 0.120688 0.001087 0.992690
-0.37585500 -0.09199800 -4.59790993 118 158 90 0.000000 0.099398 0.001069 0.995047
-0.10461700 -0.15343501 -4.74627399 149 190 127 0.000000 0.430994 0.001302 0.902354
-0.32487500 -0.16977499 -4.67372608 135 175 115 0.000000 0.362873 0.001264 0.931838
-0.40657300 -0.04297900 -4.56130886 81 94 57 0.000000 0.594083 0.001366 -0.804402
-0.14448500 -0.18676800 -4.75084877 140 178 114 0.000000 0.157685 0.001118 0.987489
-0.13729601 -0.01487500 -4.66065407 145 188 124 0.000000 0.356781 0.001261 0.934187
-0.19611900 0.02826100 -4.61098099 150 191 130 0.000000 0.538096 0.001349 0.842882
-0.36605099 -0.00833900 -4.51686478 162 201 141 0.000000 0.437266 0.001305 0.899331
-0.30199999 0.04133300 -4.56522989 196 226 161 0.000000 0.854638 0.001342 0.519223
-0.09350600 -0.05147600 -4.66522884 113 157 70 0.000000 0.879960 0.001323 0.475046
-0.44121301 -0.07304400 -4.59268093 82 127 33 0.000000 -0.338631 0.001250 0.940919
-0.28566000 0.03610400 -4.58875895 186 221 166 0.000000 0.934187 0.001261 0.356781
-0.11311300 -0.17434999 -4.75411701 145 186 122 0.000000 0.341642 0.001251 0.939829
-0.35101900 0.02630100 -4.51163578 188 224 160 0.000000 -0.228974 0.001174 0.973432
-0.35820800 0.08054800 -4.49333620 77 88 55 0.000000 0.108776 0.001077 0.994066
-0.32095399 -0.11814200 -4.63647079 132 173 108 0.000000 0.020933 0.000997 0.999780
-0.16082500 -0.23840199 -4.78156805 140 181 123 0.000000 0.553762 0.001354 0.832674
-0.18500800 -0.25082001 -4.77699184 138 179 114 0.000000 0.285453 0.001215 0.958392
-0.47062501 -0.28546000 -4.67045784 151 191 118 0.000000 0.223492 0.001170 0.974705
-0.17324300 -0.01814300 -4.64300680 144 186 122 0.000000 0.320681 0.001238 0.947186
-0.21245800 -0.04232600 -4.64039278 151 192 129 0.000000 0.240031 0.001182 0.970765
-0.32422200 -0.05605100 -4.58353090 139 180 121 0.000000 0.691755 0.001381 0.722131
-0.19154400 -0.19591799 -4.74169922 131 173 111 0.000000 0.396706 0.001284 0.917945
-0.19807900 -0.10114900 -4.67372608 123 166 97 0.000000 0.178186 0.001135 0.983996
-0.05429100 -0.07696600 -4.70313692 145 187 121 0.000000 0.683251 0.001380 0.730182
-0.39088699 -0.12010300 -4.62209177 114 155 87 0.000000 0.402911 0.001287 0.915238
-0.42291301 -0.07761900 -4.58483791 103 141 64 0.000000 0.375114 0.001272 0.926978
-0.31180301 0.00277200 -4.55477285 171 212 144 0.000000 0.481358 0.001326 0.876523
-0.03925800 -0.10376300 -4.75738478 171 211 140 0.000000 0.871255 0.001330 0.490829
-0.48565701 -0.15147500 -4.64627504 65 80 42 0.000000 0.987489 0.001118 0.157685
-0.27454901 -0.15082100 -4.68091488 130 167 102 0.000000 0.597153 0.001366 0.802126
-0.13533500 -0.04755400 -4.66980410 138 176 107 0.000000 0.606331 0.001369 0.795211
-0.35559401 0.05898000 -4.49921799 162 199 143 0.000000 0.560008 0.001356 0.828486
-0.46801001 -0.08611600 -4.60509920 121 138 83 0.000000 0.560008 0.001356 0.828486
-0.39350200 -0.03513600 -4.53189802 115 158 85 0.000000 0.497143 0.001333 0.867668
-0.16409300 -0.16520000 -4.72927999 135 177 111 0.000000 0.478202 0.001325 0.878249
-0.17324300 -0.05735800 -4.66130686 138 181 114 0.000000 0.279674 0.001211 0.960094
-0.24579100 -0.14559200 -4.68941212 132 174 110 0.000000 0.279674 0.001211 0.960094
-0.45493901 -0.30768201 -4.67045784 168 208 139 0.000000 0.326641 0.001242 0.945148
-0.12553100 -0.20180100 -4.76653481 138 180 114 0.000000 0.291258 0.001219 0.956644
-0.36016899 -0.16585401 -4.66392183 144 177 113 0.000000 0.018902 0.000995 0.999821
-0.03991200 -0.16127799 -4.78679609 151 195 125 0.000000 0.291258 0.001219 0.956644
-0.07455200 -0.10964500 -4.72797298 145 186 120 0.000000 0.493986 0.001331 0.869469
-0.08108800 -0.16127799 -4.76261282 142 185 119 0.000000 0.688930 0.001381 0.724826
-0.30722800 -0.12925300 -4.64954281 134 175 114 0.000000 0.254023 0.001193 0.967197
-0.10200200 -0.04101900 -4.68549013 131 170 100 0.000000 -0.998393 0.001030 -0.056668
-0.29938501 0.02891500 -4.57568789 150 181 62 0.000000 0.603278 0.001368 0.797530
-0.26017001 0.01126800 -4.58614492 148 193 128 0.000000 0.795211 0.001369 0.606331
-0.16736101 0.02041800 -4.62862778 180 216 161 0.000000 0.556887 0.001355 0.830587
-0.17259000 -0.21552600 -4.76065302 143 173 103 0.000000 0.375114 0.001272 0.926978
-0.06801600 -0.17434999 -4.77960682 171 210 146 0.000000 0.368984 0.001268 0.929435
-0.09742700 -0.10441600 -4.70771217 138 182 111 0.000000 0.421606 0.001297 0.906778
-0.37128001 -0.10310900 -4.61032820 110 153 81 0.000000 -0.123096 0.001089 0.992394
-0.17193601 -0.15147500 -4.71751595 142 183 118 0.000000 0.291258 0.001219 0.956644
-0.50265002 -0.27565601 -4.67111206 148 184 106 0.000000 -0.186011 0.001141 0.982547
-0.17716500 0.00669300 -4.62928200 161 202 141 0.000000 0.402911 0.001287 0.915238
-0.34971100 -0.02533300 -4.54170084 147 190 122 0.000000 0.581753 0.001362 0.813364
-0.37520099 -0.26650599 -4.70640516 157 195 129 0.000000 0.497143 0.001333 0.867668
-0.30134600 -0.24820501 -4.73908377 147 188 123 0.000000 0.449834 0.001311 0.893111
-0.37781599 -0.03905800 -4.53255081 114 157 83 0.000000 0.719425 0.001381 0.694569
-0.24121600 -0.17304300 -4.70967293 137 179 114 0.000000 0.437266 0.001305 0.899331
-0.21834099 -0.18546100 -4.72862720 123 163 98 0.000000 0.335625 0.001248 0.941995
-0.45951399 -0.22663701 -4.66653585 119 161 86 0.000000 0.048051 0.001022 0.998844
-0.09612000 -0.03186800 -4.66784286 134 170 83 0.000000 -0.037461 0.001012 0.999298
-0.20069399 -0.01095400 -4.62666702 152 193 133 0.000000 0.572458 0.001360 0.819933
-0.32683599 -0.01030000 -4.54235506 178 212 159 0.000000 0.254023 0.001193 0.967197
-0.38304400 -0.25147301 -4.69398689 174 213 155 0.000000 0.027071 0.001003 0.999633
-0.33794701 0.04983000 -4.51359701 157 195 135 0.000000 0.553762 0.001354 0.832674
-0.18370099 -0.18154000 -4.73450899 123 166 98 0.000000 0.335625 0.001248 0.941995
-0.34186801 -0.22336900 -4.70509815 150 180 119 0.000000 0.471891 0.001322 0.881656
-0.33075699 -0.20637600 -4.69986916 130 170 109 0.000000 0.412244 0.001292 0.911072
-0.11180600 0.00211800 -4.66392183 158 173 125 0.000000 -0.209925 0.001160 0.977717
-0.48892501 -0.11748800 -4.60705996 87 92 68 0.000000 0.680398 0.001380 0.732842
-0.22814400 -0.04167200 -4.63124323 151 192 135 0.000000 0.702951 0.001381 0.711237
-0.47846800 -0.23186600 -4.68222189 127 157 75 0.000000 -0.147635 0.001110 -0.989041
-0.26343799 -0.11029900 -4.65804005 124 167 103 0.000000 0.490829 0.001330 0.871255
-0.37323999 -0.02533300 -4.55738688 140 171 72 0.000000 0.276796 0.001209 -0.960928
-0.02684000 -0.11814200 -4.79006386 66 87 47 0.000000 0.372047 0.001270 0.928213
-0.44840300 -0.24232300 -4.67176485 136 178 106 0.000000 0.160219 0.001120 0.987081
-0.47258499 -0.24624500 -4.66980410 125 165 93 0.000000 0.065416 0.001038 0.997858
-0.19481200 -0.16846800 -4.72274399 125 166 101 0.000000 0.265352 0.001201 0.964151
-0.20134699 -0.21618000 -4.75281000 133 172 106 0.000000 0.427862 0.001300 0.903843
-0.39546201 -0.16520000 -4.64954281 125 165 98 0.000000 0.627537 0.001373 0.778585
-0.29611701 0.01126800 -4.57634211 176 215 155 0.000000 0.716707 0.001381 0.697373
-0.02880100 -0.06846900 -4.70575094 88 97 59 0.000000 0.547504 0.001352 0.836802
-0.03272200 -0.10768400 -4.77176380 180 217 148 0.000000 0.873026 0.001329 0.487672
-0.47781399 -0.31421801 -4.65999985 66 84 51 0.000000 0.027071 0.001003 0.999633
-0.39154100 -0.06193300 -4.56065512 91 131 54 0.000000 0.738126 0.001380 0.674661
-0.33860001 -0.16127799 -4.66261482 122 164 101 0.000000 0.384343 0.001277 0.923189
-0.06670900 -0.12402400 -4.74758101 159 200 138 0.000000 0.651358 0.001377 0.758770
-0.44186699 -0.06781600 -4.60836697 86 100 67 0.000000 0.993804 0.001079 0.111142
-0.49349999 -0.25866300 -4.67176485 118 157 78 0.000000 -0.033281 0.001009 0.999445
-0.21180500 -0.05735800 -4.64758205 137 176 114 0.000000 0.256844 0.001195 0.966452
-0.46408901 -0.15997100 -4.64039278 138 177 98 0.000000 0.753685 0.001378 0.657235
-0.16147900 -0.14167100 -4.71228695 133 175 108 0.000000 0.356781 0.001261 0.934187
-0.26605201 -0.22206201 -4.73908377 219 191 157 0.000000 0.691755 0.001381 0.722131
-0.50003600 -0.22990499 -4.67241907 115 155 72 0.000000 -0.465583 0.001319 0.885003
-0.31637800 -0.29330301 -4.74627399 182 218 161 0.000000 0.563126 0.001357 0.826370
-0.40657300 -0.12271700 -4.61817122 113 153 87 0.000000 -0.147635 0.001110 0.989041
-0.20200101 -0.13252100 -4.69529390 126 167 104 0.000000 0.519223 0.001342 0.854638
-0.51245397 -0.20637600 -4.68745089 53 71 36 0.000000 0.999857 0.000993 0.016879
-0.36605099 0.02826100 -4.50117922 214 237 188 0.000000 0.963362 0.001203 0.268202
-0.22749101 -0.29068801 -4.78156805 75 78 37 0.000000 0.183394 0.001139 -0.983039
-0.34448299 0.00669300 -4.52144003 164 205 145 0.000000 0.633537 0.001374 0.773712
-0.32291400 -0.01683600 -4.55542707 176 210 158 0.000000 0.790530 0.001370 0.612421
-0.37585500 -0.23447999 -4.69725513 132 159 63 0.000000 -0.362873 0.001264 -0.931838
-0.46474200 -0.13970999 -4.62666702 117 156 88 0.000000 0.323658 0.001240 0.946173
-0.39350200 -0.30768201 -4.71424818 101 135 69 0.000000 -0.341642 0.001251 0.939829
-0.51310802 -0.28023100 -4.68287611 103 116 64 0.000000 0.654300 0.001377 -0.756234
-0.37781599 -0.32075301 -4.71097994 163 191 130 0.000000 0.651358 0.001377 0.758770
-0.05167600 -0.13121299 -4.76653481 179 216 155 0.000000 0.603278 0.001368 0.797530
-0.36866501 -0.13905700 -4.63712502 117 160 89 0.000000 -0.022971 0.000999 0.999736
-0.21180500 -0.12402400 -4.68549013 123 167 99 0.000000 0.186011 0.001141 0.982547
-0.42225900 -0.22010100 -4.67176485 147 183 115 0.000000 0.137718 0.001102 0.990471
-0.36997300 -0.04951500 -4.55542707 117 160 87 0.000000 0.606331 0.001369 0.795211
-0.13795000 -0.08415500 -4.68222189 121 164 90 0.000000 0.018902 0.000995 0.999821
-0.13402800 -0.14559200 -4.72535896 136 177 115 0.000000 0.553762 0.001354 0.832674
-0.38892701 -0.21421900 -4.68352890 151 186 123 0.000000 0.092452 0.001063 0.995717
-0.20657600 -0.19461100 -4.73581600 127 170 99 0.000000 0.421606 0.001297 0.906778
-0.28173801 -0.20637600 -4.72012997 136 169 109 0.000000 0.519223 0.001342 0.854638
-0.28369901 -0.13970999 -4.66653585 180 193 146 0.000000 0.569351 0.001359 0.822094
-0.07847300 -0.13644201 -4.74888802 156 196 133 0.000000 0.459279 0.001316 0.888291
-0.42814201 -0.09984100 -4.60248518 116 155 84 0.000000 0.223492 0.001170 0.974705
-0.25951701 -0.15212800 -4.69006491 133 170 110 0.000000 0.344659 0.001253 0.938727
-0.37323999 -0.29526401 -4.71032715 178 217 155 0.000000 0.468736 0.001320 0.883337
-0.36016899 -0.06846900 -4.57699490 119 160 93 0.000000 0.276796 0.001209 0.960928
-0.32422200 -0.24232300 -4.72339821 154 194 131 0.000000 0.538096 0.001349 0.842882
-0.28762099 -0.28676701 -4.75803804 168 200 147 0.000000 0.396706 0.001284 0.917945
-0.09873400 -0.05605100 -4.67830086 108 148 70 0.000000 -0.713977 0.001381 0.700167
-0.43206301 -0.32467499 -4.68549013 137 161 70 0.000000 -0.434129 0.001304 -0.900850
-0.36670500 -0.12271700 -4.62405300 116 160 88 0.000000 0.335625 0.001248 0.941995
-0.35297900 -0.28088501 -4.72012997 184 219 159 0.000000 0.874782 0.001327 0.484515
-0.23468000 -0.19003600 -4.72666597 146 173 114 0.000000 0.406019 0.001289 0.913864
-0.42356700 -0.19265100 -4.65738583 139 179 112 0.000000 0.087863 0.001059 0.996132
-0.23271900 -0.09722700 -4.66261482 146 184 127 0.000000 0.294171 0.001221 0.955752
-0.46997100 -0.10964500 -4.62601423 70 83 43 0.000000 0.421606 0.001297 -0.906778
-0.29481000 -0.21748701 -4.72078419 139 180 118 0.000000 0.434129 0.001304 0.900850
-0.30788201 -0.15343501 -4.66784286 131 172 108 0.000000 0.534955 0.001347 0.844879
-0.50853300 -0.24885900 -4.68875790 114 144 79 0.000000 0.094759 0.001065 -0.995500
-0.27258801 -0.23644100 -4.74431276 144 164 107 0.000000 0.427862 0.001300 0.903843
-0.25755599 -0.07369800 -4.63385677 134 175 115 0.000000 0.512919 0.001339 0.858436
-0.21834099 0.04656200 -4.59660196 117 123 87 0.000000 0.311788 0.001232 0.950151
-0.44578800 -0.12010300 -4.61817122 117 161 74 0.000000 0.923189 0.001277 0.384343
-0.39350200 -0.14493901 -4.63516378 119 158 88 0.000000 0.186011 0.001141 0.982547
-0.29677099 -0.10180200 -4.63254976 153 182 124 0.000000 0.279674 0.001211 0.960094
-0.37062600 0.00277200 -4.50706100 182 217 160 0.000000 0.207235 0.001158 0.978290
-0.36474401 -0.20702900 -4.68614388 134 175 110 0.000000 0.256844 0.001195 0.966452
-0.44121301 -0.21095100 -4.66392183 134 173 104 0.000000 0.061026 0.001034 0.998136
-0.38435099 -0.01487500 -4.56196308 63 73 35 0.000000 0.113516 0.001081 -0.993536
-0.30788201 -0.03448300 -4.57307291 167 201 149 0.000000 0.951115 0.001230 0.308835
-0.32618201 -0.27369499 -4.73450899 182 205 147 0.000000 0.424733 0.001299 0.905318
-0.37716201 -0.01945000 -4.51359701 145 189 114 0.000000 0.285453 0.001215 0.958392
-0.14971399 -0.00572500 -4.65607882 153 184 67 0.000000 -0.254023 0.001193 -0.967197
-0.29481000 -0.16977499 -4.68549013 135 177 110 0.000000 0.242814 0.001184 0.970072
-0.32552901 0.01780400 -4.53516483 174 210 153 0.000000 0.778585 0.001373 0.627537
-0.14579301 -0.13905700 -4.71490097 134 176 110 0.000000 0.251210 0.001191 0.967932
-0.09219900 -0.12533100 -4.73058701 147 188 123 0.000000 0.399807 0.001286 0.916599
-0.34644300 -0.11095200 -4.62143898 131 173 104 0.000000 0.446689 0.001310 0.894688
-0.20526899 -0.23121201 -4.76391983 143 164 106 0.000000 0.155160 0.001116 0.987889
-0.28043100 -0.02337200 -4.59202814 144 189 124 0.000000 0.493986 0.001331 0.869469
-0.40918800 -0.09330600 -4.59856319 100 139 67 0.000000 0.132811 0.001098 0.991141
-0.16409300 0.00930700 -4.63712502 182 220 161 0.000000 0.556887 0.001355 0.830587
-0.22945200 -0.21160500 -4.74300623 124 167 101 0.000000 0.186011 0.001141 0.982547
-0.37585500 0.07662700 -4.48876095 190 199 165 0.000000 0.688930 0.001381 0.724826
-0.18500800 -0.12794600 -4.69921494 125 166 97 0.000000 0.186011 0.001141 0.982547
-0.22095500 -0.16585401 -4.71359396 137 177 115 0.000000 0.362873 0.001264 0.931838
-0.29938501 -0.06977600 -4.60902119 140 178 104 0.000000 -0.120688 0.001087 0.992690
-0.06997700 -0.09526600 -4.71882296 142 183 117 0.000000 0.606331 0.001369 0.795211
-0.25624901 -0.01095400 -4.60052395 148 186 132 0.000000 0.707106 0.001384 0.707106
-0.28369901 -0.09330600 -4.63516378 135 175 116 0.000000 0.612421 0.001370 0.790530
-0.15625000 -0.06781600 -4.66980410 135 178 112 0.000000 0.434129 0.001304 0.900850
-0.41833800 -0.31225699 -4.68941212 162 202 138 0.000000 0.591008 0.001365 0.806665
-0.07651200 -0.14820699 -4.75934601 151 193 127 0.000000 0.534955 0.001347 0.844879
-0.39154100 -0.31617799 -4.69856215 168 208 145 0.000000 0.627537 0.001373 0.778585
-0.05951900 -0.14820699 -4.76914883 179 217 156 0.000000 0.587928 0.001364 0.808912
-0.12945300 -0.21683300 -4.77307081 132 173 104 0.000000 0.271059 0.001205 0.962562
-0.52356499 -0.26454499 -4.69071913 101 112 71 0.000000 -0.824239 0.001358 -0.566240
-0.49480700 -0.18284699 -4.67634010 138 161 107 0.000000 0.950151 0.001232 -0.311788
-0.09546600 -0.17957900 -4.76653481 165 204 143 0.000000 0.415362 0.001294 0.909655
-0.35755399 -0.08284800 -4.59529495 105 144 80 0.000000 0.065416 0.001038 0.997858
-0.43990600 -0.29918501 -4.67699385 163 204 134 0.000000 0.212622 0.001162 0.977134
-0.22553000 -0.14363199 -4.69529390 129 171 103 0.000000 0.368984 0.001268 0.929435
-0.32814300 -0.03382900 -4.56392288 146 187 126 0.000000 0.584843 0.001363 0.811146
-0.41376299 -0.28742099 -4.69006491 157 198 129 0.000000 0.356781 0.001261 0.934187
-0.06409400 -0.04101900 -4.65673304 145 149 98 0.000000 -0.347682 0.001255 0.937612
-0.30461401 -0.29787800 -4.75673103 134 157 123 0.000000 0.566240 0.001358 0.824239
-0.50853300 -0.23382600 -4.69006491 118 144 77 0.000000 0.865851 0.001334 -0.500299
-0.23271900 -0.00115000 -4.60836697 143 184 118 0.000000 0.178186 0.001135 0.983996
-0.31049600 -0.18350001 -4.69071913 135 175 110 0.000000 0.396706 0.001284 0.917945
-0.16017100 -0.22010100 -4.76718903 135 171 102 0.000000 0.012857 0.000989 0.999917
-0.36278301 0.04264000 -4.49660397 183 221 164 0.000000 -0.550634 0.001353 0.834745
-0.03729700 -0.13578901 -4.78679609 203 234 176 0.000000 0.636526 0.001375 0.771254
-0.44840300 -0.18676800 -4.65477180 123 161 90 0.000000 -0.341642 0.001251 0.939829
-0.44382799 -0.27761701 -4.67895508 173 211 143 0.000000 0.183394 0.001139 0.983039
-0.33533201 -0.11879500 -4.63058901 127 169 105 0.000000 0.487672 0.001329 0.873026
-0.48761800 -0.30441400 -4.67045784 98 118 70 0.000000 -0.465583 0.001319 0.885003
-0.25494099 -0.12990600 -4.67437887 140 180 119 0.000000 0.399807 0.001286 0.916599
-0.39742300 -0.25670201 -4.69137192 148 190 126 0.000000 0.372047 0.001270 0.928213
-0.39219400 -0.17696400 -4.65738583 134 173 107 0.000000 0.191268 0.001145 0.981537
-0.22814400 -0.27761701 -4.77699184 146 181 126 0.000000 0.288352 0.001217 0.957524
-0.27781701 -0.28938100 -4.79921389 115 137 78 0.000000 -0.065416 0.001038 -0.997858
-0.09285200 -0.11225900 -4.71817017 147 188 120 0.000000 0.320681 0.001238 0.947186
-0.23925500 0.01061500 -4.60052395 141 183 120 0.000000 0.226229 0.001172 0.974073
-0.51114702 -0.26389101 -4.67241907 119 159 63 0.000000 0.000978 0.000978 0.999999
-0.12030300 -0.04886200 -4.67045784 161 192 94 0.000000 0.063217 0.001036 -0.997999
-0.11442000 -0.13056000 -4.72274399 146 187 123 0.000000 0.368984 0.001268 0.929435
-0.42944899 -0.24885900 -4.67699385 141 183 117 0.000000 0.353743 0.001259 0.935342
-0.38304400 -0.07827300 -4.58679914 108 146 76 0.000000 -0.033281 0.001009 0.999445
-0.42029899 -0.27238801 -4.68679810 173 211 145 0.000000 0.279674 0.001211 0.960094
-0.45951399 -0.10114900 -4.61032820 133 169 93 0.000000 -0.050193 0.001024 0.998739
-0.51637602 -0.23709400 -4.67503309 114 151 67 0.000000 -0.101730 0.001071 0.994811
-0.31637800 0.05375100 -4.53320503 184 212 158 0.000000 0.874782 0.001327 0.484515
-0.28696701 -0.04559400 -4.59987116 147 188 128 0.000000 0.503455 0.001335 0.864020
-0.19938700 -0.27696300 -4.78483486 82 94 73 0.000000 0.251210 0.001191 0.967932
-0.28892800 -0.07239100 -4.61751699 131 171 115 0.000000 0.700167 0.001381 0.713977
-0.05298300 -0.16258600 -4.78287506 170 208 146 0.000000 0.317711 0.001236 0.948187
-0.28173801 -0.00507100 -4.58222389 158 199 142 0.000000 0.390517 0.001280 0.920595
-0.20526899 -0.20572200 -4.74496698 132 174 108 0.000000 0.240031 0.001182 0.970765
-0.29154199 -0.19395800 -4.70575094 151 182 121 0.000000 0.344659 0.001253 0.938727
-0.11638100 -0.16323900 -4.74692678 145 187 123 0.000000 0.456129 0.001314 0.889912
-0.09873400 -0.14232400 -4.74104500 146 188 125 0.000000 0.531813 0.001346 0.846861
-0.19677199 0.01453600 -4.61555719 154 195 133 0.000000 0.446689 0.001310 0.894688
-0.35297900 -0.05474400 -4.56392288 134 173 114 0.000000 0.560008 0.001356 0.828486
-0.31245700 -0.05343700 -4.59072018 151 187 132 0.000000 0.503455 0.001335 0.864020
-0.44317400 -0.15866400 -4.63516378 125 165 91 0.000000 -0.056668 0.001030 0.998393
-0.33860001 -0.18088600 -4.67764711 143 173 112 0.000000 0.353743 0.001259 0.935342
-0.41964501 -0.15082100 -4.63320398 122 164 92 0.000000 0.314746 0.001234 0.949175
-0.18500800 0.03675800 -4.60771418 147 166 118 0.000000 -0.560008 0.001356 0.828486
-0.20526899 -0.07304400 -4.65804005 131 173 107 0.000000 0.285453 0.001215 0.958392
-0.27454901 -0.28611299 -4.76718903 180 201 155 0.000000 0.707106 0.001384 0.707106
-0.16278601 -0.19199701 -4.74888802 141 175 111 0.000000 0.256844 0.001195 0.966452
-0.33467901 -0.06454800 -4.58418512 137 179 121 0.000000 0.475046 0.001323 0.879960
-0.15755700 -0.00899300 -4.64562082 157 198 134 0.000000 0.572458 0.001360 0.819933
-0.35101900 -0.01030000 -4.52797604 158 200 139 0.000000 0.396706 0.001284 0.917945
-0.49807501 -0.16258600 -4.66326809 67 79 53 0.000000 0.735490 0.001380 -0.677534
-0.21245800 -0.01030000 -4.62013102 148 188 131 0.000000 0.584843 0.001363 0.811146
-0.05102300 -0.06716200 -4.68941212 135 179 103 0.000000 0.621510 0.001372 0.783405
-0.29481000 -0.22925100 -4.73124123 155 190 131 0.000000 0.285453 0.001215 0.958392
-0.37912300 -0.17827199 -4.66522884 142 182 119 0.000000 0.347682 0.001255 0.937612
-0.26539901 -0.03056100 -4.60640621 151 191 132 0.000000 0.531813 0.001346 0.846861
-0.45363200 -0.25670201 -4.67503309 138 178 107 0.000000 0.106419 0.001075 0.994321
-0.24317700 0.02891500 -4.60379219 167 181 119 0.000000 -0.879960 0.001323 -0.475046
-0.50787902 -0.20637600 -4.67307186 133 171 78 0.000000 -0.459279 0.001316 0.888291
-0.08108800 -0.04167200 -4.64562082 149 154 99 0.000000 0.347682 0.001255 -0.937612
-0.25167301 -0.03775100 -4.61490297 132 175 109 0.000000 0.273924 0.001207 0.961751
-0.23075899 -0.07435200 -4.65019703 163 201 151 0.000000 0.512919 0.001339 0.858436
-0.29154199 0.04133300 -4.57634211 206 237 187 0.000000 0.999374 0.001010 0.035367
-0.48892501 -0.24101600 -4.66915083 123 165 84 0.000000 0.008867 0.000985 0.999960
-0.31049600 -0.21160500 -4.70901918 143 184 123 0.000000 0.220763 0.001168 0.975327
-0.40592000 -0.31421801 -4.69790792 194 225 167 0.000000 -0.065416 0.001038 0.997858
-0.03664400 -0.12010300 -4.77503204 180 219 152 0.000000 0.806665 0.001365 0.591008
-0.25559500 -0.09788100 -4.65215683 136 179 113 0.000000 0.291258 0.001219 0.956644
-0.37912300 -0.11029900 -4.61817122 133 174 106 0.000000 0.245605 0.001186 0.969369
-0.26605201 -0.26193100 -4.77307081 188 182 123 0.000000 0.578659 0.001362 -0.815569
-0.18239300 -0.09003800 -4.67437887 134 177 108 0.000000 0.262509 0.001199 0.964929
-0.36409000 -0.27042699 -4.71228695 179 209 149 0.000000 0.452981 0.001313 0.891519
-0.09742700 -0.05735800 -4.65411806 178 209 116 0.000000 0.434129 0.001304 -0.900850
-0.48042899 -0.19983999 -4.67307186 125 154 80 0.000000 0.487672 0.001329 -0.873026
-0.31180301 -0.07304400 -4.60444498 147 185 127 0.000000 0.132811 0.001098 0.991141
-0.02226500 -0.07500500 -4.73581600 106 121 76 0.000000 0.976541 0.001164 0.215328
-0.41441599 -0.06454800 -4.58418512 88 125 48 0.000000 -0.893111 0.001311 0.449834
-0.44578800 -0.22336900 -4.66784286 124 164 98 0.000000 0.262509 0.001199 0.964929
-0.07324500 -0.04494000 -4.66915083 149 190 110 0.000000 -0.603278 0.001368 0.797530
-0.49415401 -0.21944800 -4.68287611 136 168 86 0.000000 0.323658 0.001240 -0.946173
-0.30199999 -0.01749000 -4.57503414 162 203 139 0.000000 0.534955 0.001347 0.844879
-0.24383000 -0.23513401 -4.75411701 116 158 88 0.000000 0.251210 0.001191 0.967932
-0.37846899 -0.27892399 -4.70444393 169 206 145 0.000000 0.578659 0.001362 0.815569
-0.37454799 0.02499400 -4.49137497 122 130 104 0.000000 0.795211 0.001369 0.606331
-0.31180301 0.01845800 -4.55477285 170 213 138 0.000000 0.743362 0.001379 0.668888
-0.11768800 -0.06585500 -4.67634010 113 157 77 0.000000 -0.234487 0.001178 0.972119
-0.49807501 -0.30049199 -4.67699385 99 116 55 0.000000 -0.199215 0.001152 -0.979955
-0.03599000 -0.05801200 -4.68091488 77 79 48 0.000000 0.335625 0.001248 0.941995
-0.05951900 -0.05147600 -4.66653585 132 169 84 0.000000 -0.297091 0.001223 0.954848
-0.10723100 -0.00964700 -4.66653585 159 185 113 0.000000 -0.694569 0.001381 0.719425
-0.50787902 -0.17173600 -4.66326809 117 139 65 0.000000 -0.118289 0.001085 0.992979
-0.05363700 -0.12271700 -4.75673103 170 209 146 0.000000 0.785794 0.001371 0.618487
-0.18892901 0.00734700 -4.62405300 160 200 142 0.000000 0.512919 0.001339 0.858436
-0.24775200 -0.25800899 -4.77045584 119 143 83 0.000000 0.493986 0.001331 0.869469
-0.31964600 -0.08546200 -4.61163521 133 176 114 0.000000 0.600218 0.001367 0.799835
-0.40199801 -0.28546000 -4.69594812 169 207 143 0.000000 0.356781 0.001261 0.934187
-0.26932001 -0.17238900 -4.69725513 136 168 102 0.000000 0.553762 0.001354 0.832674
-0.13664199 -0.00245700 -4.65738583 154 199 129 0.000000 0.624527 0.001373 0.781002
-0.05429100 -0.13709600 -4.77764606 168 197 77 0.000000 -0.497143 0.001333 -0.867668
-0.24187000 -0.12598500 -4.67960787 130 166 107 0.000000 0.231726 0.001176 0.972780
-0.12161000 -0.09395900 -4.68745089 122 167 89 0.000000 0.390517 0.001280 0.920595
-0.19023600 -0.15801100 -4.71686220 128 169 106 0.000000 0.344659 0.001253 0.938727
-0.08043400 -0.06846900 -4.68026209 127 169 100 0.000000 -0.308835 0.001230 0.951115
-0.04906200 -0.09199800 -4.73124123 146 189 118 0.000000 0.711237 0.001381 0.702951
-0.26539901 0.05375100 -4.58745193 124 135 100 0.000000 0.509765 0.001338 0.860313
-0.12422400 -0.10768400 -4.69790792 126 168 98 0.000000 0.356781 0.001261 0.934187
-0.36016899 -0.17957900 -4.66980410 134 173 108 0.000000 -0.033281 0.001009 0.999445
-0.10330900 -0.04559400 -4.65804005 174 204 110 0.000000 0.799835 0.001367 -0.600218
-0.49611500 -0.17696400 -4.65934706 102 137 55 0.000000 -0.314746 0.001234 0.949175
-0.36474401 -0.03905800 -4.54366207 123 163 94 0.000000 0.556887 0.001355 0.830587
-0.40592000 -0.26977399 -4.69202614 160 196 129 0.000000 0.396706 0.001284 0.917945
-0.08827700 -0.09592000 -4.70509815 135 177 109 0.000000 0.600218 0.001367 0.799835
-0.08043400 -0.19265100 -4.77960682 162 203 137 0.000000 0.490829 0.001330 0.871255
-0.47977501 -0.26062301 -4.67241907 154 193 116 0.000000 0.223492 0.001170 0.974705
-0.11049900 -0.20114700 -4.77045584 150 190 126 0.000000 0.387428 0.001279 0.921899
-0.41441599 -0.19918600 -4.66326809 125 166 98 0.000000 0.170436 0.001129 0.985368
-0.18304700 -0.04820800 -4.65346384 136 178 113 0.000000 0.421606 0.001297 0.906778
-0.08108800 -0.05016900 -4.65607882 171 201 105 0.000000 0.218041 0.001166 -0.975939
-0.11115300 -0.02271800 -4.66915083 130 172 90 0.000000 -0.609379 0.001369 0.792878
-0.20657600 0.02041800 -4.60640621 139 185 110 0.000000 0.140185 0.001104 0.990125
-0.43729201 -0.13317400 -4.62274599 118 162 85 0.000000 -0.106419 0.001075 0.994321
-0.47781399 -0.21944800 -4.66719007 127 167 86 0.000000 -0.076536 0.001048 0.997066
-0.36997300 -0.15605000 -4.65150404 131 164 102 0.000000 0.256844 0.001195 0.966452
-0.04514000 -0.18676800 -4.79921389 55 76 38 0.000000 0.242814 0.001184 0.970072
-0.19677199 -0.03775100 -4.64300680 140 182 121 0.000000 0.288352 0.001217 0.957524
-0.35820800 -0.24885900 -4.70967293 173 212 153 0.000000 0.393609 0.001282 0.919277
-0.41114801 -0.21421900 -4.67176485 155 189 127 0.000000 0.245605 0.001186 0.969369
-0.21441901 -0.21421900 -4.74627399 128 170 103 0.000000 0.297091 0.001223 0.954848
-0.25363401 -0.06128000 -4.62797499 147 188 129 0.000000 0.481358 0.001326 0.876523
-0.30657500 0.04656200 -4.55477285 190 226 162 0.000000 0.972119 0.001178 0.234487
-0.23402700 -0.06324100 -4.64235401 134 175 108 0.000000 -0.008867 0.000985 0.999960
-0.33337200 0.03741200 -4.51947880 164 203 140 0.000000 0.297091 0.001223 0.954848
-0.32487500 -0.26062301 -4.72797298 155 196 134 0.000000 0.465583 0.001319 0.885003
-0.51180100 -0.28415301 -4.67111206 119 144 92 0.000000 0.694569 0.001381 0.719425
-0.31899300 -0.19330400 -4.69333315 133 171 107 0.000000 0.291258 0.001219 0.956644
-0.18304700 -0.14820699 -4.71294117 134 175 113 0.000000 0.152643 0.001114 0.988281
-0.10330900 -0.07892700 -4.68222189 128 173 93 0.000000 0.223492 0.001170 0.974705
-0.34317601 -0.03709700 -4.55542707 135 177 113 0.000000 0.663079 0.001379 0.748548
-0.08174100 -0.20702900 -4.78026009 185 223 161 0.000000 0.384343 0.001277 0.923189
-0.14252500 -0.11748800 -4.69986916 123 163 97 0.000000 0.145143 0.001108 0.989410
-0.44513500 -0.08611600 -4.60117817 119 153 75 0.000000 -0.654300 0.001377 0.756234
-0.04579400 -0.10245600 -4.74692678 159 201 128 0.000000 0.563126 0.001357 0.826370
-0.26539901 0.03937200 -4.58941317 157 198 137 0.000000 0.268202 0.001203 0.963362
-0.42683399 -0.26062301 -4.68222189 137 179 110 0.000000 0.409130 0.001291 0.912475
-0.46997100 -0.12010300 -4.63254976 66 73 38 0.000000 0.618487 0.001371 -0.785794
-0.21638000 -0.15605000 -4.70771217 132 174 109 0.000000 0.338631 0.001250 0.940919
-0.28435299 -0.26585200 -4.75869179 170 197 140 0.000000 0.475046 0.001323 0.879960
-0.16540000 -0.18088600 -4.73973799 141 180 113 0.000000 0.291258 0.001219 0.956644
-0.20265500 -0.25800899 -4.77699184 124 166 101 0.000000 0.097074 0.001067 0.995277
-0.37193301 -0.07173700 -4.57830191 106 147 78 0.000000 0.393609 0.001282 0.919277
-0.44905600 -0.13644201 -4.62405300 139 176 110 0.000000 -0.288352 0.001217 0.957524
-0.39611599 -0.13186701 -4.62732077 111 152 85 0.000000 -0.048051 0.001022 0.998844
-0.20134699 0.04198700 -4.60248518 142 171 117 0.000000 0.481358 0.001326 0.876523
-0.48761800 -0.20114700 -4.66326809 106 150 58 0.000000 0.022971 0.000999 0.999736
-0.08174100 -0.02729300 -4.66784286 152 192 105 0.000000 -0.424733 0.001299 -0.905318
-0.43467799 -0.08938400 -4.61424923 123 149 83 0.000000 0.048051 0.001022 -0.998844
-0.08566300 -0.02402500 -4.65346384 92 86 46 0.000000 -0.768784 0.001375 0.639507
-0.27520299 0.02630100 -4.57568789 159 203 136 0.000000 0.822094 0.001359 0.569351
-0.31245700 0.04460100 -4.54039383 190 225 161 0.000000 0.885003 0.001319 0.465583
-0.08239500 -0.08677000 -4.69921494 133 177 101 0.000000 0.534955 0.001347 0.844879
-0.41049501 -0.08415500 -4.58614492 108 148 71 0.000000 0.000978 0.000978 0.999999
-0.42748800 -0.17108200 -4.64889002 123 162 93 0.000000 -0.276796 0.001209 0.960928
-0.41245601 -0.04820800 -4.54823685 94 139 44 0.000000 -0.691755 0.001381 0.722131
-0.32879701 -0.29918501 -4.74104500 163 200 140 0.000000 0.362873 0.001264 0.931838
-0.14317800 -0.23055901 -4.78091383 116 156 97 0.000000 0.175594 0.001133 0.984462
-0.45559201 -0.27761701 -4.67634010 154 195 124 0.000000 0.228974 0.001174 0.973432
-0.49676800 -0.15670300 -4.64169979 88 123 36 0.000000 -0.478202 0.001325 0.878249
-0.23206601 0.03871900 -4.60248518 147 187 124 0.000000 0.212622 0.001162 0.977134
-0.31180301 -0.01226100 -4.55542707 187 219 169 0.000000 0.790530 0.001370 0.612421
-0.33206499 -0.09918800 -4.61751699 131 170 103 0.000000 0.424733 0.001299 0.905318
-0.28762099 0.05636600 -4.57503414 74 89 53 0.000000 -0.935342 0.001259 0.353743
-0.06540200 -0.18480800 -4.78483486 167 207 142 0.000000 0.594083 0.001366 0.804402
-0.29481000 -0.29526401 -4.77568483 109 141 83 0.000000 -0.490829 0.001330 -0.871255
-0.18566100 -0.01879700 -4.63712502 147 189 130 0.000000 0.273924 0.001207 0.961751
-0.14840700 -0.21160500 -4.76326704 141 179 112 0.000000 0.268202 0.001203 0.963362
-0.26866701 -0.13317400 -4.67176485 129 171 109 0.000000 0.320681 0.001238 0.947186
-0.38173699 -0.05605100 -4.55738688 102 144 72 0.000000 0.137718 0.001102 0.990471
-0.26082399 -0.28088501 -4.78483486 204 117 108 0.000000 0.748548 0.001379 -0.663079
-0.33337200 -0.19787900 -4.69202614 137 177 113 0.000000 0.645448 0.001376 0.763803
-0.35494000 -0.21879400 -4.69660091 146 178 112 0.000000 0.381263 0.001275 0.924466
-0.15363599 0.01453600 -4.65084982 136 146 89 0.000000 -0.981537 0.001145 -0.191268
-0.16213199 -0.08350200 -4.67568588 127 168 102 0.000000 0.183394 0.001139 0.983039
-0.15232800 -0.11095200 -4.69529390 125 164 99 0.000000 -0.090153 0.001061 0.995927
-0.46801001 -0.17042901 -4.64431381 110 148 72 0.000000 0.487672 0.001329 0.873026
-0.26932001 -0.24820501 -4.76326704 183 182 106 0.000000 0.437266 0.001305 -0.899331
-0.41572401 -0.03840400 -4.53320503 93 110 60 0.000000 0.999575 0.001005 -0.029133
-0.21768700 -0.17565700 -4.72209120 162 194 128 0.000000 0.399807 0.001286 0.916599
-0.37781599 0.05309800 -4.48287916 66 82 48 0.000000 0.207235 0.001158 0.978290
-0.23860200 -0.02402500 -4.61424923 144 188 124 0.000000 0.212622 0.001162 0.977134
-0.10330900 -0.03382900 -4.65804005 171 198 108 0.000000 0.844879 0.001347 -0.534955
-0.35167199 -0.07565900 -4.58679914 116 159 89 0.000000 0.534955 0.001347 0.844879
-0.14317800 -0.17369699 -4.74365902 141 179 110 0.000000 0.452981 0.001313 0.891519
-0.39677000 -0.04755400 -4.54366207 106 151 72 0.000000 0.037461 0.001012 0.999298
-0.23206601 -0.23186600 -4.75542402 119 163 93 0.000000 0.228974 0.001174 0.973432
-0.44578800 -0.09461300 -4.61751699 126 145 82 0.000000 0.788169 0.001371 -0.615457
-0.24187000 -0.28153801 -4.77764606 148 164 111 0.000000 -0.022971 0.000999 0.999736
-0.18435401 -0.23447999 -4.76914883 119 161 97 0.000000 0.204554 0.001156 0.978855
-0.06148000 -0.07565900 -4.69398689 126 168 95 0.000000 0.627537 0.001373 0.778585
-0.27520299 -0.06585500 -4.62143898 146 186 130 0.000000 0.332624 0.001246 0.943059
-0.29873201 -0.04951500 -4.59464216 136 176 119 0.000000 0.648407 0.001377 0.761293
-0.26082399 -0.29983899 -4.79659986 180 85 96 0.000000 0.115898 0.001083 0.993261
-0.32814300 -0.23317300 -4.71555519 157 194 131 0.000000 0.575560 0.001361 0.817758
-0.34971100 -0.26977399 -4.72078419 170 199 139 0.000000 0.578659 0.001362 0.815569
-0.44317400 -0.05409000 -4.58745193 98 119 52 0.000000 0.553762 0.001354 0.832674
-0.05690500 -0.19069000 -4.79398489 176 212 151 0.000000 0.654300 0.001377 0.756234
-0.47912100 -0.18415400 -4.65607882 105 141 67 0.000000 -0.471891 0.001322 0.881656
-0.16801500 -0.00833900 -4.63973904 148 194 123 0.000000 0.390517 0.001280 0.920595
-0.35494000 -0.10572400 -4.61555719 117 157 94 0.000000 0.175594 0.001133 0.984462
-0.18174000 -0.25866300 -4.78483486 150 181 137 0.000000 0.506611 0.001337 0.862174
-0.21834099 0.02303300 -4.60183096 128 170 108 0.000000 0.183394 0.001139 0.983039
-0.27324200 -0.01291400 -4.59006691 149 190 128 0.000000 0.471891 0.001322 0.881656
-0.08697000 -0.05409000 -4.67437887 138 186 79 0.000000 -0.976541 0.001164 -0.215328
-0.10461700 -0.04232600 -4.67437887 112 150 72 0.000000 0.996710 0.001052 0.081042
-0.48238900 -0.29526401 -4.66588306 153 193 114 0.000000 -0.173011 0.001131 0.984919
-0.31180301 -0.24363001 -4.73189497 151 192 130 0.000000 0.648407 0.001377 0.761293
-0.33729300 -0.05670500 -4.57242012 147 186 126 0.000000 0.665988 0.001379 0.745961
-0.10984500 -0.14690000 -4.73843002 139 179 118 0.000000 0.381263 0.001275 0.924466
-0.13533500 -0.20768300 -4.76718903 129 171 107 0.000000 0.215328 0.001164 0.976541
-0.12945300 -0.15605000 -4.73777723 156 190 131 0.000000 0.503455 0.001335 0.864020
-0.45428500 -0.15212800 -4.63908577 136 164 85 0.000000 -0.594083 0.001366 -0.804402
-0.22160900 0.03414400 -4.60117817 139 179 121 0.000000 -0.127937 0.001093 0.991782
-0.46605000 -0.20114700 -4.67045784 121 148 73 0.000000 0.090153 0.001061 -0.995927
-0.46082100 -0.19069000 -4.65411806 115 155 79 0.000000 -0.329630 0.001244 0.944109
-0.24513800 -0.00964700 -4.60575294 132 175 114 0.000000 0.387428 0.001279 0.921899
-0.46735701 -0.10964500 -4.61163521 130 170 95 0.000000 0.135260 0.001100 0.990809
-0.39023399 -0.02467900 -4.51947880 134 171 105 0.000000 0.832674 0.001354 0.553762
-0.26866701 -0.27827001 -4.77633905 204 153 125 0.000000 -0.475046 0.001323 -0.879960
-0.30592099 0.03283700 -4.55869389 181 221 148 0.000000 0.830587 0.001355 0.556887
-0.26605201 -0.16127799 -4.69202614 136 174 109 0.000000 0.478202 0.001325 0.878249
-0.07782000 -0.07173700 -4.69921494 154 186 74 0.000000 -0.259673 0.001197 -0.965696
-0.50003600 -0.28611299 -4.67830086 128 153 74 0.000000 0.000978 0.000978 -0.999999
-0.30984300 -0.22533000 -4.72143698 141 175 114 0.000000 0.359825 0.001263 0.933019
-0.06278700 -0.09918800 -4.72666597 150 191 126 0.000000 0.335625 0.001248 0.941995
-0.11572800 -0.11487400 -4.70901918 144 185 123 0.000000 0.516071 0.001340 0.856545
-0.34775099 -0.29068801 -4.72927999 167 207 144 0.000000 0.575560 0.001361 0.817758
-0.23206601 -0.25343400 -4.77045584 133 153 100 0.000000 -0.016879 0.000993 0.999857
-0.45232400 -0.16520000 -4.63647079 118 158 83 0.000000 0.790530 0.001370 0.612421
-0.43859899 -0.16650701 -4.64692879 134 174 105 0.000000 -0.654300 0.001377 0.756234
-0.31964600 0.02237900 -4.54366207 170 211 145 0.000000 0.802126 0.001366 0.597153
-0.38958001 -0.27827001 -4.70640516 132 155 66 0.000000 -0.381263 0.001275 -0.924466
-0.33533201 0.01388300 -4.52470779 182 217 164 0.000000 0.424733 0.001299 0.905318
-0.17781800 -0.11814200 -4.69464111 142 180 118 0.000000 0.273924 0.001207 0.961751
-0.41572401 -0.04951500 -4.56196308 72 92 49 0.000000 0.893111 0.001311 -0.449834
-0.15951800 0.03349000 -4.62666702 126 128 100 0.000000 0.694569 0.001381 0.719425
-0.31572500 -0.26977399 -4.74104500 189 210 157 0.000000 0.624527 0.001373 0.781002
-0.35428599 0.07009100 -4.50052500 168 199 147 0.000000 0.615457 0.001371 0.788169
-0.09154500 -0.21748701 -4.77764606 167 204 142 0.000000 0.199215 0.001152 0.979955
-0.20919000 -0.08284800 -4.66196108 135 177 114 0.000000 0.350710 0.001257 0.936483
-0.42095199 -0.10899200 -4.61098099 127 165 98 0.000000 -0.006883 0.000983 0.999976
-0.26082399 -0.28807399 -4.79529285 202 101 114 0.000000 0.999917 0.000989 0.012857
-0.05298300 -0.08154100 -4.71424818 136 179 108 0.000000 0.368984 0.001268 0.929435
-0.44905600 -0.17108200 -4.64889002 114 159 77 0.000000 -0.402911 0.001287 0.915238
-0.49872899 -0.18611500 -4.66588306 120 155 63 0.000000 -0.273924 0.001207 0.961751
-0.51180100 -0.19591799 -4.68352890 83 95 61 0.000000 0.935342 0.001259 -0.353743
-0.06540200 -0.08742300 -4.71228695 135 178 109 0.000000 0.487672 0.001329 0.873026
-0.44448099 -0.32402101 -4.67568588 98 112 69 0.000000 -0.999780 0.000997 0.020933
-0.12553100 -0.13644201 -4.72274399 133 173 113 0.000000 0.430994 0.001302 0.902354
-0.04448700 -0.13186701 -4.77503204 177 218 148 0.000000 0.897798 0.001307 0.440405
-0.42095199 -0.08807700 -4.59464216 92 131 58 0.000000 -0.204554 0.001156 0.978855
-0.42552701 -0.30768201 -4.69660091 105 140 84 0.000000 -0.896251 0.001308 -0.443546
-0.43206301 -0.06716200 -4.58875895 83 121 36 0.000000 -0.237255 0.001180 0.971447
-0.21245800 0.00865400 -4.61163521 148 190 134 0.000000 0.294171 0.001221 0.955752
-0.37650800 0.06682300 -4.48353195 125 134 109 0.000000 0.663079 0.001379 0.748548
-0.38173699 0.00473200 -4.49268198 94 97 77 0.000000 0.915238 0.001287 0.402911
-0.15363599 -0.09134500 -4.68352890 127 169 98 0.000000 0.199215 0.001152 0.979955
-0.45493901 -0.14559200 -4.62862778 111 151 80 0.000000 -0.123096 0.001089 0.992394
-0.28369901 -0.08284800 -4.62928200 132 171 112 0.000000 0.434129 0.001304 0.900850
-0.34056100 -0.30441400 -4.73908377 167 197 145 0.000000 0.465583 0.001319 0.885003
-0.28369901 -0.16062500 -4.68222189 174 188 131 0.000000 0.288352 0.001217 0.957524
-0.26997399 -0.24297699 -4.75281000 184 179 129 0.000000 0.569351 0.001359 0.822094
-0.34579000 -0.09657300 -4.61163521 123 163 96 0.000000 0.368984 0.001268 0.929435
-0.40592000 -0.11422000 -4.61032820 98 141 70 0.000000 -0.099398 0.001069 0.995047
-0.20461500 -0.11422000 -4.68156910 143 186 117 0.000000 0.170436 0.001129 0.985368
-0.30984300 -0.10833800 -4.63320398 139 178 114 0.000000 0.302950 0.001227 0.953006
-0.40395901 -0.17304300 -4.65150404 124 164 95 0.000000 0.418483 0.001296 0.908224
-0.44905600 -0.07565900 -4.59987116 102 136 55 0.000000 -0.503455 0.001335 0.864020
-0.03010800 -0.09134500 -4.75803804 183 219 154 0.000000 0.978855 0.001156 0.204554
-0.27912399 -0.23055901 -4.73777723 139 177 119 0.000000 0.226229 0.001172 0.974073
-0.27128100 0.02891500 -4.59464216 145 188 125 0.000000 0.707106 0.001384 -0.707106
-0.40984100 -0.32467499 -4.69725513 73 85 61 0.000000 0.627537 0.001373 0.778585
-0.44056001 -0.24885900 -4.67568588 139 183 112 0.000000 0.209925 0.001160 0.977717
-0.26997399 -0.18154000 -4.70313692 153 170 117 0.000000 0.362873 0.001264 0.931838
-0.27520299 -0.28415301 -4.78548908 95 75 57 0.000000 -0.591008 0.001365 -0.806665
-0.31899300 -0.23251900 -4.72143698 157 190 127 0.000000 0.365926 0.001266 0.930643
-0.40853399 -0.25082001 -4.68549013 143 186 118 0.000000 0.326641 0.001242 0.945148
-0.37520099 -0.00833900 -4.51098299 167 205 145 0.000000 0.300017 0.001225 0.953933
-0.34905800 -0.23840199 -4.70967293 156 194 126 0.000000 0.778585 0.001373 0.627537
-0.09415900 -0.19330400 -4.77307081 156 197 132 0.000000 0.335625 0.001248 0.941995
-0.13010700 -0.03775100 -4.66784286 124 168 92 0.000000 0.478202 0.001325 0.878249
-0.11768800 -0.19134299 -4.76261282 143 185 121 0.000000 0.375114 0.001272 0.926978
-0.48565701 -0.12598500 -4.61294222 154 180 125 0.000000 0.273924 0.001207 0.961751
-0.34382901 -0.25277999 -4.71882296 159 199 136 0.000000 0.437266 0.001305 0.899331
-0.32160699 -0.07761900 -4.60379219 140 181 122 0.000000 0.471891 0.001322 0.881656
-0.46539599 -0.30898899 -4.66196108 187 222 148 0.000000 0.660161 0.001378 0.751123
-0.49023199 -0.28023100 -4.66980410 136 176 93 0.000000 0.271059 0.001205 0.962562
-0.21180500 -0.26715899 -4.77699184 140 179 117 0.000000 0.152643 0.001114 0.988281
-0.32814300 0.00342500 -4.53255081 179 212 154 0.000000 0.302950 0.001227 0.953006
-0.31899300 0.03283700 -4.53843403 173 213 146 0.000000 0.894688 0.001310 0.446689
-0.03076100 -0.08742300 -4.74692678 169 209 144 0.000000 0.929435 0.001268 0.368984
-0.36997300 -0.30898899 -4.71424818 191 224 164 0.000000 0.799835 0.001367 0.600218
-0.42291301 -0.14036401 -4.62862778 115 156 87 0.000000 0.150135 0.001112 0.988665
-0.24448401 0.04590800 -4.59464216 151 176 121 0.000000 0.008867 0.000985 0.999960
-0.15102100 -0.16650701 -4.73581600 137 178 116 0.000000 0.314746 0.001234 0.949175
-0.39219400 -0.15605000 -4.64496803 140 179 111 0.000000 0.207235 0.001158 0.978290
-0.39023399 -0.08611600 -4.59137392 107 149 73 0.000000 0.183394 0.001139 0.983039
-0.48827201 -0.15605000 -4.63516378 91 133 45 0.000000 -0.484515 0.001327 0.874782
-0.10461700 -0.20964400 -4.77503204 151 193 129 0.000000 0.157685 0.001118 0.987489
-0.30003899 -0.16258600 -4.67764711 132 173 108 0.000000 0.430994 0.001302 0.902354
-0.36147600 -0.02533300 -4.53451204 142 186 117 0.000000 0.173011 0.001131 0.984919
-0.50853300 -0.19526500 -4.67241907 115 147 60 0.000000 -0.311788 0.001232 0.950151
-0.34121501 -0.28219199 -4.72927999 173 211 151 0.000000 0.193909 0.001147 0.981019
-0.24252300 -0.21225800 -4.73973799 117 160 93 0.000000 0.228974 0.001174 0.973432
-0.22422300 -0.10310900 -4.67111206 141 180 117 0.000000 0.317711 0.001236 0.948187
-0.09481300 -0.15866400 -4.75476980 152 194 131 0.000000 0.437266 0.001305 0.899331
-0.47454599 -0.22206201 -4.67699385 132 158 79 0.000000 -0.081042 0.001052 -0.996710
-0.51898998 -0.19395800 -4.67437887 94 107 57 0.000000 0.188635 0.001143 0.982047
-0.19415800 -0.11225900 -4.68091488 133 174 110 0.000000 0.245605 0.001186 0.969369
-0.26147699 -0.04886200 -4.61817122 142 182 125 0.000000 0.459279 0.001316 0.888291
-0.33598599 -0.17238900 -4.67176485 128 169 103 0.000000 0.245605 0.001186 0.969369
-0.29481000 -0.08154100 -4.61882401 169 192 145 0.000000 0.575560 0.001361 0.817758
-0.28762099 -0.11356700 -4.64496803 159 179 127 0.000000 0.468736 0.001320 0.883337
-0.30265301 -0.25866300 -4.74496698 156 195 135 0.000000 0.624527 0.001373 0.781002
-0.34513599 0.05767300 -4.50771523 140 181 122 0.000000 0.657235 0.001378 0.753685
-0.24971300 0.00930700 -4.59921694 160 199 144 0.000000 0.618487 0.001371 0.785794
-0.12226300 -0.00180300 -4.66719007 168 205 135 0.000000 0.282560 0.001213 0.959249
-0.40592000 -0.30375999 -4.69333315 180 218 155 0.000000 0.375114 0.001272 0.926978
-0.07651200 -0.21421900 -4.78614187 181 204 153 0.000000 0.834745 0.001353 0.550634
-0.45559201 -0.11944900 -4.61424923 118 157 84 0.000000 -0.311788 0.001232 0.950151
-0.29742399 -0.12533100 -4.64889002 130 167 105 0.000000 0.006883 0.000983 0.999976
-0.45167100 -0.10964500 -4.61294222 135 173 100 0.000000 -0.196558 0.001149 0.980491
-0.31049600 -0.16258600 -4.67241907 128 171 106 0.000000 0.180786 0.001137 0.983522
-0.14252500 -0.09330600 -4.68483686 127 168 96 0.000000 0.063217 0.001036 0.997999
-0.41899100 -0.29918501 -4.69594812 113 146 81 0.000000 -0.885003 0.001319 -0.465583
-0.03468300 -0.15212800 -4.78614187 162 201 133 0.000000 0.175594 0.001133 0.984462
-0.24187000 -0.04951500 -4.62797499 140 181 118 0.000000 0.525521 0.001344 0.850780
-0.43206301 -0.12337000 -4.61817122 115 160 80 0.000000 0.018902 0.000995 0.999821
-0.21049801 -0.25212699 -4.77307081 140 178 117 0.000000 0.155160 0.001116 0.987889
-0.04318000 -0.08023400 -4.73124123 168 198 91 0.000000 0.999821 0.000995 -0.018902
-0.13533500 -0.18154000 -4.75084877 134 176 109 0.000000 0.282560 0.001213 0.959249
-0.27977800 -0.30179900 -4.80705690 76 74 48 0.000000 -0.050193 0.001024 -0.998739
-0.08697000 -0.13382800 -4.74039078 156 196 138 0.000000 0.575560 0.001361 0.817758
-0.25820899 -0.00049600 -4.59268093 161 201 142 0.000000 0.519223 0.001342 0.854638
-0.38827300 -0.32532901 -4.70248413 139 158 118 0.000000 0.763803 0.001376 0.645448
-0.18435401 -0.10310900 -4.67960787 130 171 110 0.000000 0.142660 0.001106 0.989771
-0.13010700 -0.07565900 -4.67699385 134 177 95 0.000000 0.025017 0.001001 0.999686
-0.39415500 -0.07500500 -4.57699490 89 130 53 0.000000 0.191268 0.001145 0.981537
-0.40984100 -0.03448300 -4.57111311 89 103 65 0.000000 0.817758 0.001361 -0.575560
-0.45886001 -0.09003800 -4.60836697 122 159 80 0.000000 -0.127937 0.001093 0.991782
-0.24121600 -0.05670500 -4.63843203 137 174 61 0.000000 -0.639507 0.001375 -0.768784
-0.44317400 -0.14493901 -4.62666702 119 157 89 0.000000 -0.120688 0.001087 0.992690
-0.40199801 -0.23317300 -4.68222189 159 199 136 0.000000 0.335625 0.001248 0.941995
-0.18239300 -0.22140799 -4.76130581 134 167 100 0.000000 0.231726 0.001176 0.972780
-0.43794501 -0.22794400 -4.67895508 134 165 73 0.000000 0.048051 0.001022 -0.998844
-0.11246000 -0.07435200 -4.68026209 130 172 96 0.000000 0.465583 0.001319 0.885003
-0.43533099 -0.10899200 -4.60967398 123 162 91 0.000000 -0.353743 0.001259 0.935342
-0.27454901 -0.08873000 -4.63712502 135 176 119 0.000000 0.503455 0.001335 0.864020
-0.30592099 -0.19853300 -4.70313692 134 170 110 0.000000 0.421606 0.001297 0.906778
-0.28369901 -0.29460999 -4.76653481 166 180 145 0.000000 0.541234 0.001350 0.840871
-0.16866800 -0.04820800 -4.65934706 161 201 136 0.000000 0.276796 0.001209 0.960928
-0.10396300 -0.09134500 -4.69006491 125 169 94 0.000000 0.317711 0.001236 0.948187
-0.29807800 -0.27500200 -4.75215578 193 218 167 0.000000 0.387428 0.001279 0.921899
-0.28304601 0.00865400 -4.57960892 162 204 139 0.000000 0.531813 0.001346 0.846861
-0.48108199 -0.14493901 -4.63973904 67 81 41 0.000000 0.976541 0.001164 -0.215328
-0.21638000 -0.23317300 -4.76065302 126 156 87 0.000000 0.387428 0.001279 0.921899
-0.42683399 -0.32206100 -4.67699385 204 231 169 0.000000 0.781002 0.001373 0.624527
-0.38043001 -0.09853400 -4.60444498 113 154 82 0.000000 0.104070 0.001073 0.994569
-0.20657600 -0.17500401 -4.72405195 120 160 96 0.000000 0.251210 0.001191 0.967932
-0.12879901 -0.05539800 -4.66849709 163 193 99 0.000000 -0.314746 0.001234 -0.949175
-0.45493901 -0.20114700 -4.65934706 127 168 96 0.000000 0.027071 0.001003 0.999633
-0.31964600 -0.10833800 -4.62993479 142 180 120 0.000000 0.406019 0.001289 0.913864
-0.45363200 -0.08284800 -4.61751699 68 82 47 0.000000 0.783405 0.001372 -0.621510
-0.23468000 -0.01356800 -4.60967398 140 184 120 0.000000 0.547504 0.001352 0.836802
-0.25624901 -0.08350200 -4.64300680 141 182 115 0.000000 0.308835 0.001230 0.951115
-0.31376401 -0.28349900 -4.74496698 163 202 140 0.000000 0.547504 0.001352 0.836802
-0.06801600 -0.06324100 -4.67503309 122 164 87 0.000000 0.830587 0.001355 0.556887
-0.25624901 -0.20245400 -4.72797298 123 161 97 0.000000 0.308835 0.001230 0.951115
-0.16343901 -0.10376300 -4.68745089 135 171 106 0.000000 0.338631 0.001250 0.940919
-0.45886001 -0.13056000 -4.62209177 113 153 85 0.000000 0.065416 0.001038 0.997858
-0.36343700 -0.13121299 -4.62862778 128 170 104 0.000000 0.223492 0.001170 0.974705
-0.52356499 -0.24689800 -4.67634010 93 106 59 0.000000 0.145143 0.001108 0.989410
-0.12814599 -0.23709400 -4.78744984 68 93 49 0.000000 -0.314746 0.001234 0.949175
-0.21245800 -0.22533000 -4.75542402 124 163 94 0.000000 0.368984 0.001268 0.929435
-0.45755300 -0.16585401 -4.64692879 122 161 89 0.000000 0.108776 0.001077 0.994066
-0.47127801 -0.17957900 -4.65150404 108 147 68 0.000000 -0.372047 0.001270 0.928213
-0.34448299 -0.01683600 -4.53974104 150 191 123 0.000000 0.618487 0.001371 0.785794
-0.39677000 -0.09984100 -4.60836697 103 142 76 0.000000 0.603278 0.001368 0.797530
-0.32356799 -0.12598500 -4.64235401 129 170 109 0.000000 0.427862 0.001300 0.903843
-0.51376098 -0.22271600 -4.69398689 86 99 64 0.000000 0.761293 0.001377 -0.648407
-0.22749101 -0.02860100 -4.62209177 148 189 129 0.000000 0.359825 0.001263 0.933019
-0.26278400 -0.19461100 -4.71751595 120 158 94 0.000000 0.347682 0.001255 0.937612
-0.43010199 -0.29264900 -4.68352890 167 206 140 0.000000 0.525521 0.001344 0.850780
-0.51180100 -0.25800899 -4.69202614 109 132 77 0.000000 0.212622 0.001162 -0.977134
-0.24971300 0.03283700 -4.59725618 140 184 119 0.000000 -0.061026 0.001034 0.998136
-0.17651100 -0.03056100 -4.64692879 132 177 109 0.000000 0.402911 0.001287 0.915238
-0.05559800 -0.12206300 -4.76784182 158 191 75 0.000000 -0.603278 0.001368 -0.797530
-0.29481000 -0.03121500 -4.58614492 155 197 137 0.000000 0.603278 0.001368 0.797530
-0.09285200 -0.07761900 -4.68614388 123 166 92 0.000000 0.547504 0.001352 0.836802
-0.04644800 -0.16912100 -4.78679609 151 194 127 0.000000 -0.178186 0.001135 0.983996
-0.28304601 -0.17957900 -4.69725513 135 166 104 0.000000 0.311788 0.001232 0.950151
-0.14448500 -0.10507000 -4.69333315 129 168 103 0.000000 0.201881 0.001154 0.979409
-0.18174000 -0.17369699 -4.72862720 123 165 97 0.000000 0.262509 0.001199 0.964929
-0.46539599 -0.29395601 -4.66980410 174 213 135 0.000000 0.600218 0.001367 0.799835
-0.46343499 -0.15212800 -4.62601423 111 148 76 0.000000 -0.654300 0.001377 0.756234
-0.46735701 -0.12859900 -4.62797499 128 151 76 0.000000 0.871255 0.001330 -0.490829
-0.47193199 -0.15670300 -4.63516378 108 145 70 0.000000 0.848828 0.001345 0.528668
-0.08827700 -0.03971100 -4.65804005 119 157 63 0.000000 -0.378186 0.001273 0.925729
-0.47585300 -0.16323900 -4.64562082 117 152 77 0.000000 0.994569 0.001073 -0.104070
-0.44905600 -0.29983899 -4.67307186 167 207 135 0.000000 0.335625 0.001248 0.941995
-0.20592199 -0.06389400 -4.65411806 138 179 121 0.000000 0.519223 0.001342 0.854638
-0.25559500 -0.28938100 -4.78483486 105 39 44 0.000000 -0.157685 0.001118 0.987489
-0.24971300 -0.10376300 -4.65999985 134 176 112 0.000000 0.531813 0.001346 0.846861
-0.10134900 -0.12533100 -4.72666597 150 188 125 0.000000 0.335625 0.001248 0.941995
-0.28173801 -0.24624500 -4.74627399 143 182 118 0.000000 0.350710 0.001257 0.936483
-0.16017100 -0.03579000 -4.65738583 141 184 119 0.000000 0.609379 0.001369 0.792878
-0.44382799 -0.12729201 -4.63124323 132 164 82 0.000000 -0.276796 0.001209 -0.960928
-0.28435299 0.02303300 -4.57372713 166 210 146 0.000000 0.630540 0.001374 0.776155
-0.34775099 -0.19461100 -4.68483686 143 184 117 0.000000 0.341642 0.001251 0.939829
-0.26932001 -0.10572400 -4.65150404 132 174 112 0.000000 0.512919 0.001339 0.858436
-0.36670500 -0.09003800 -4.60117817 118 157 93 0.000000 0.421606 0.001297 0.906778
-0.36866501 0.03283700 -4.49268198 173 195 115 0.000000 0.999987 0.000981 0.004907
-0.28631401 -0.27696300 -4.75803804 159 192 135 0.000000 0.406019 0.001289 0.913864
-0.36539701 0.01322900 -4.50967598 182 219 160 0.000000 0.550634 0.001353 0.834745
-0.48369601 -0.13905700 -4.62340021 121 162 90 0.000000 -0.025017 0.001001 0.999686
-0.32748899 0.06290100 -4.51555777 121 128 94 0.000000 0.534955 0.001347 0.844879
-0.48631099 -0.22598299 -4.66522884 122 160 81 0.000000 -0.204554 0.001156 0.978855
-0.41964501 -0.22794400 -4.67960787 124 152 60 0.000000 0.560008 0.001356 -0.828486
-0.24840599 -0.12271700 -4.67307186 148 187 129 0.000000 0.406019 0.001289 0.913864
-0.38827300 -0.24363001 -4.69137192 161 201 138 0.000000 -0.078785 0.001050 0.996891
-0.18500800 -0.08219500 -4.66915083 139 179 115 0.000000 0.092452 0.001063 0.995717
-0.36735800 -0.22010100 -4.69202614 153 187 121 0.000000 0.402911 0.001287 0.915238
-0.37585500 -0.11944900 -4.62470722 104 146 77 0.000000 0.553762 0.001354 0.832674
-0.31899300 -0.03056100 -4.56327009 157 195 139 0.000000 -0.008867 0.000985 0.999960
-0.04579400 -0.11095200 -4.75673103 173 212 148 0.000000 0.811146 0.001363 0.584843
-0.08893100 -0.16716100 -4.76261282 154 194 130 0.000000 0.547504 0.001352 0.836802
-0.51180100 -0.27500200 -4.67437887 161 183 127 0.000000 -0.440405 0.001307 0.897798
-0.16540000 -0.13448100 -4.70705795 130 172 105 0.000000 0.223492 0.001170 0.974705
-0.29742399 0.05375100 -4.55607986 116 135 87 0.000000 0.962562 0.001205 0.271059
-0.28696701 -0.10245600 -4.63516378 140 175 102 0.000000 0.175594 0.001133 0.984462
-0.20853700 -0.24101600 -4.76718903 135 163 102 0.000000 -0.016879 0.000993 0.999857
-0.24056301 -0.11029900 -4.66784286 133 173 111 0.000000 0.569351 0.001359 0.822094
-0.31637800 -0.13121299 -4.64692879 141 181 123 0.000000 0.234487 0.001178 0.972119
-0.47585300 -0.20833699 -4.66653585 136 171 95 0.000000 -0.072063 0.001044 0.997400
-0.34513599 0.07270500 -4.49856520 64 71 45 0.000000 -0.308835 0.001230 0.951115
-0.10134900 -0.09918800 -4.70052290 130 173 99 0.000000 0.538096 0.001349 0.842882
-0.38958001 -0.30637401 -4.70117617 188 226 162 0.000000 0.412244 0.001292 0.911072
-0.25690201 -0.16389300 -4.69921494 133 174 111 0.000000 0.365926 0.001266 0.930643
-0.33925399 -0.07173700 -4.58875895 132 173 111 0.000000 0.323658 0.001240 0.946173
-0.15232800 -0.23382600 -4.78156805 129 168 114 0.000000 0.538096 0.001349 0.842882
-0.43859899 -0.06324100 -4.60052395 86 97 68 0.000000 0.856545 0.001340 -0.516071
-0.49480700 -0.15801100 -4.65542507 69 86 52 0.000000 0.913864 0.001289 -0.406019
-0.31964600 -0.09592000 -4.61817122 137 178 115 0.000000 0.300017 0.001225 0.953933
-0.51898998 -0.27238801 -4.68745089 66 76 43 0.000000 0.799835 0.001367 -0.600218
-0.36735800 -0.16193201 -4.65869284 135 167 102 0.000000 0.135260 0.001100 0.990809
-0.40003699 -0.21291199 -4.67503309 157 192 131 0.000000 0.356781 0.001261 0.934187
-0.37781599 -0.21029700 -4.68287611 143 184 121 0.000000 0.497143 0.001333 0.867668
-0.23206601 -0.17173600 -4.71294117 130 170 110 0.000000 0.424733 0.001299 0.905318
-0.33794701 0.00407900 -4.52797604 175 212 154 0.000000 0.799835 0.001367 0.600218
-0.43010199 -0.04428700 -4.56065512 90 101 43 0.000000 -0.350710 0.001257 0.936483
-0.32879701 -0.08415500 -4.60640621 134 176 113 0.000000 0.344659 0.001253 0.938727
-0.46474200 -0.27631000 -4.67372608 147 188 117 0.000000 0.215328 0.001164 0.976541
-0.51506901 -0.25800899 -4.68156910 149 180 97 0.000000 0.490829 0.001330 -0.871255
-0.31049600 -0.19134299 -4.69725513 146 175 114 0.000000 0.302950 0.001227 0.953006
-0.32226101 -0.25082001 -4.72732019 161 201 142 0.000000 0.660161 0.001378 0.751123
-0.06148000 -0.16454600 -4.77895308 169 208 143 0.000000 0.427862 0.001300 0.903843
-0.45428500 -0.26781300 -4.67634010 141 182 113 0.000000 0.291258 0.001219 0.956644
-0.10984500 -0.22206201 -4.77503204 138 178 115 0.000000 0.113516 0.001081 0.993536
-0.38435099 -0.19395800 -4.67111206 134 174 109 0.000000 0.178186 0.001135 0.983996
-0.24775200 -0.24624500 -4.76130581 106 149 80 0.000000 0.072063 0.001044 0.997400
-0.37128001 -0.19657201 -4.67699385 143 184 118 0.000000 0.359825 0.001263 0.933019
-0.24448401 0.01845800 -4.60183096 172 210 154 0.000000 0.123096 0.001089 0.992394
-0.27062699 -0.04820800 -4.61228800 157 195 136 0.000000 0.563126 0.001357 0.826370
-0.49219301 -0.19526500 -4.67307186 131 160 93 0.000000 0.220763 0.001168 -0.975327
-0.35886201 -0.30833501 -4.72666597 180 216 154 0.000000 0.758770 0.001377 0.651358
-0.17324300 -0.25147301 -4.78548908 140 178 121 0.000000 0.446689 0.001310 0.894688
-0.40134501 -0.19069000 -4.66130686 126 169 96 0.000000 0.362873 0.001264 0.931838
-0.33271801 -0.02794700 -4.55804110 155 196 138 0.000000 0.624527 0.001373 0.781002
-0.31245700 -0.21879400 -4.71490097 142 181 121 0.000000 0.196558 0.001149 0.980491
-0.40984100 -0.05474400 -4.55673409 104 133 71 0.000000 0.941995 0.001248 -0.335625
-0.06082600 -0.07043000 -4.68614388 129 175 91 0.000000 0.591008 0.001365 0.806665
-0.52291203 -0.23905499 -4.68156910 114 136 80 0.000000 -0.958392 0.001215 -0.285453
-0.43663800 -0.17565700 -4.64562082 111 149 82 0.000000 -0.268202 0.001203 0.963362
-0.34317601 0.04198700 -4.51359701 159 197 136 0.000000 0.387428 0.001279 0.921899
-0.39938399 -0.05474400 -4.55215883 90 128 53 0.000000 0.636526 0.001375 0.771254
-0.33990800 -0.20833699 -4.69921494 142 182 120 0.000000 0.563126 0.001357 0.826370
-0.27520299 0.02826100 -4.58614492 161 205 142 0.000000 0.856545 0.001340 0.516071
-0.50330400 -0.20245400 -4.68026209 141 171 102 0.000000 0.977134 0.001162 0.212622
-0.34709701 -0.15474300 -4.65607882 120 163 97 0.000000 0.471891 0.001322 0.881656
-0.41376299 -0.04494000 -4.57176590 71 85 52 0.000000 0.926978 0.001272 -0.375114
-0.11964900 -0.14167100 -4.72927999 145 183 123 0.000000 0.512919 0.001339 0.858436
-0.35820800 -0.01879700 -4.52862978 152 194 128 0.000000 0.157685 0.001118 0.987489
-0.15102100 -0.05801200 -4.66719007 129 170 107 0.000000 0.209925 0.001160 0.977717
-0.48565701 -0.16062500 -4.64300680 88 126 46 0.000000 -0.822094 0.001359 0.569351
-0.48108199 -0.28219199 -4.66915083 135 175 97 0.000000 0.183394 0.001139 0.983039
-0.49938300 -0.27696300 -4.68026209 139 162 81 0.000000 0.758770 0.001377 -0.651358
-0.17716500 0.04068000 -4.60444498 61 73 45 0.000000 0.368984 0.001268 0.929435
-0.20788300 -0.15212800 -4.70771217 130 173 105 0.000000 0.402911 0.001287 0.915238
-0.14906099 -0.02533300 -4.66196108 138 183 118 0.000000 0.735490 0.001380 0.677534
-0.36147600 -0.31813899 -4.72993422 126 147 102 0.000000 0.822094 0.001359 0.569351
-0.11311300 -0.23251900 -4.77960682 116 152 78 0.000000 -0.323658 0.001240 0.946173
-0.19415800 -0.00441800 -4.62536001 154 195 135 0.000000 0.481358 0.001326 0.876523
-0.10200200 -0.23317300 -4.77829885 123 142 89 0.000000 0.350710 0.001257 0.936483
-0.29415700 0.00277200 -4.57307291 198 230 180 0.000000 0.871255 0.001330 0.490829
-0.13468200 -0.19395800 -4.75738478 145 186 121 0.000000 0.406019 0.001289 0.913864
-0.20919000 -0.10441600 -4.67437887 131 176 106 0.000000 0.191268 0.001145 0.981537
-0.25494099 -0.17108200 -4.70509815 124 166 100 0.000000 0.288352 0.001217 0.957524
-0.48827201 -0.17892499 -4.66392183 136 162 95 0.000000 -0.120688 0.001087 -0.992690
-0.43010199 -0.21814001 -4.66719007 126 167 99 0.000000 0.335625 0.001248 0.941995
-0.11507400 -0.18219300 -4.75869179 150 191 123 0.000000 0.569351 0.001359 0.822094
-0.06344100 -0.13186701 -4.76653481 152 184 67 0.000000 -0.968656 0.001189 -0.248404
-0.29219601 -0.00899300 -4.57830191 157 197 137 0.000000 0.242814 0.001184 0.970072
-0.29284900 -0.05801200 -4.60313797 135 178 111 0.000000 0.553762 0.001354 0.832674
-0.32030001 -0.18480800 -4.68810511 140 170 109 0.000000 0.575560 0.001361 0.817758
-0.41245601 -0.06324100 -4.56980610 97 132 51 0.000000 -0.636526 0.001375 0.771254
-0.12879901 -0.04363300 -4.67503309 129 169 98 0.000000 0.900850 0.001304 0.434129
-0.05951900 -0.14690000 -4.77829885 156 191 68 0.000000 -0.677534 0.001380 -0.735490
-0.29088899 -0.03709700 -4.59202814 150 190 137 0.000000 0.707106 0.001384 0.707106
-0.13860300 -0.12337000 -4.70575094 129 170 103 0.000000 0.188635 0.001143 0.982047
-0.36866501 -0.24297699 -4.69986916 160 199 132 0.000000 0.674661 0.001380 0.738126
-0.23075899 -0.19591799 -4.73254824 119 157 92 0.000000 0.359825 0.001263 0.933019
-0.19742601 -0.22206201 -4.75869179 138 165 103 0.000000 0.282560 0.001213 0.959249
-0.35363299 -0.22990499 -4.70248413 161 197 133 0.000000 0.402911 0.001287 0.915238
-0.07193700 -0.11552700 -4.73450899 152 193 127 0.000000 0.534955 0.001347 0.844879
-0.16017100 -0.11552700 -4.69660091 115 155 87 0.000000 0.265352 0.001201 0.964151
-0.30003899 -0.24036200 -4.73450899 149 186 119 0.000000 0.285453 0.001215 0.958392
-0.30657500 -0.04494000 -4.58614492 166 197 140 0.000000 0.603278 0.001368 0.797530
-0.09089100 -0.05474400 -4.64823580 186 206 126 0.000000 0.688930 0.001381 -0.724826
-0.29023501 -0.13252100 -4.65673304 163 180 124 0.000000 0.512919 0.001339 0.858436
-0.15625000 -0.19722600 -4.75346279 139 175 113 0.000000 0.384343 0.001277 0.923189
-0.15690400 -0.18546100 -4.74627399 151 184 124 0.000000 0.402911 0.001287 0.915238
-0.22487600 -0.12467800 -4.68287611 131 172 109 0.000000 0.175594 0.001133 0.984462
-0.30526799 0.00538600 -4.56065512 167 210 137 0.000000 0.869469 0.001331 0.493986
-0.23337300 -0.14101700 -4.69137192 127 170 101 0.000000 0.326641 0.001242 0.945148
-0.27716300 -0.11814200 -4.65346384 137 176 120 0.000000 0.538096 0.001349 0.842882
-0.11703500 -0.24363001 -4.78810310 104 151 61 0.000000 -0.375114 0.001272 0.926978
-0.48435000 -0.31683201 -4.66849709 78 90 34 0.000000 0.201881 0.001154 -0.979409
-0.12030300 -0.12206300 -4.71228695 135 177 112 0.000000 0.350710 0.001257 0.936483
-0.39088699 -0.06650800 -4.56849909 97 138 61 0.000000 0.074296 0.001046 0.997236
-0.25102001 -0.00376400 -4.59856319 138 180 117 0.000000 0.694569 0.001381 0.719425
-0.18239300 -0.05605100 -4.65804005 133 176 111 0.000000 0.218041 0.001166 0.975939
-0.04252600 -0.10376300 -4.76588202 164 193 78 0.000000 -0.578659 0.001362 -0.815569
-0.41114801 -0.14755300 -4.63320398 116 159 87 0.000000 0.027071 0.001003 0.999633
-0.17062899 -0.20702900 -4.75607681 149 176 117 0.000000 0.123096 0.001089 0.992394
-0.23010500 0.01126800 -4.60313797 149 190 127 0.000000 0.384343 0.001277 0.923189
-0.29611701 0.05375100 -4.57307291 188 213 152 0.000000 0.908224 0.001296 0.418483
-0.34840399 0.02826100 -4.50313997 175 213 150 0.000000 -0.813364 0.001362 0.581753
-0.43794501 -0.11814200 -4.61359596 126 162 97 0.000000 0.353743 0.001259 0.935342
-0.29415700 0.02172600 -4.57372713 186 222 164 0.000000 0.722131 0.001381 0.691755
-0.43075600 -0.08219500 -4.58483791 86 124 47 0.000000 -0.906778 0.001297 0.421606
-0.42225900 -0.31944600 -4.68549013 217 240 196 0.000000 0.858436 0.001339 0.512919
-0.20200101 -0.04820800 -4.64692879 136 175 118 0.000000 0.256844 0.001195 0.966452
-0.30592099 -0.27696300 -4.74823380 158 194 133 0.000000 0.597153 0.001366 0.802126
-0.32683599 -0.04951500 -4.57634211 150 189 134 0.000000 0.581753 0.001362 0.813364
-0.20919000 -0.02860100 -4.63320398 144 186 122 0.000000 0.443546 0.001308 0.896251
-0.26474500 -0.12467800 -4.66653585 131 175 109 0.000000 0.519223 0.001342 0.854638
-0.17062899 -0.06781600 -4.66588306 138 181 116 0.000000 0.291258 0.001219 0.956644
-0.36147600 0.05309800 -4.49595022 193 223 175 0.000000 0.314746 0.001234 0.949175
-0.43663800 -0.09788100 -4.60444498 128 165 92 0.000000 -0.120688 0.001087 0.992690
-0.36147600 -0.04494000 -4.55346584 125 168 100 0.000000 0.048051 0.001022 0.998844
-0.18762200 0.02891500 -4.61359596 148 184 117 0.000000 0.165311 0.001125 0.986241
-0.34382901 -0.12141000 -4.62993479 132 173 111 0.000000 0.097074 0.001067 0.995277
-0.25559500 -0.22925100 -4.74758101 111 149 82 0.000000 0.399807 0.001286 0.916599
-0.37977600 -0.24101600 -4.69202614 143 186 116 0.000000 0.657235 0.001378 0.753685
-0.17324300 0.02695400 -4.61947823 170 205 146 0.000000 0.756234 0.001377 0.654300
-0.39219400 -0.04494000 -4.53647280 106 151 75 0.000000 -0.329630 0.001244 0.944109
-0.24971300 -0.08873000 -4.65019703 148 188 131 0.000000 0.415362 0.001294 0.909655
-0.06213400 -0.19787900 -4.79463911 178 215 153 0.000000 0.773712 0.001374 0.633537
-0.37193301 -0.28546000 -4.71032715 170 208 146 0.000000 0.525521 0.001344 0.850780
-0.32422200 -0.00311100 -4.54692984 182 215 167 0.000000 0.811146 0.001363 0.584843
-0.35624701 -0.16127799 -4.65738583 117 156 93 0.000000 -0.118289 0.001085 0.992979
-0.20004000 -0.09330600 -4.66980410 127 171 103 0.000000 0.273924 0.001207 0.961751
-0.19350401 -0.25670201 -4.77829885 140 181 119 0.000000 0.152643 0.001114 0.988281
-0.33402500 -0.26193100 -4.72601318 156 197 133 0.000000 0.326641 0.001242 0.945148
-0.20396200 -0.27042699 -4.77960682 147 182 128 0.000000 0.209925 0.001160 0.977717
-0.41833800 -0.11683500 -4.61424923 130 171 104 0.000000 0.025017 0.001001 0.999686
-0.41376299 -0.18154000 -4.65281105 121 159 92 0.000000 -0.142660 0.001106 0.989771
-0.22226200 -0.00507100 -4.61163521 142 185 120 0.000000 0.254023 0.001193 0.967197
-0.43663800 -0.05539800 -4.59464216 59 74 51 0.000000 0.996132 0.001059 0.087863
-0.02814700 -0.09788100 -4.76849604 180 217 147 0.000000 0.783405 0.001372 0.621510
-0.25624901 -0.11814200 -4.66588306 138 180 114 0.000000 0.265352 0.001201 0.964151
-0.12161000 -0.17631100 -4.75281000 141 183 117 0.000000 0.180786 0.001137 0.983522
-0.25951701 0.02107200 -4.58614492 145 190 125 0.000000 0.645448 0.001376 0.763803
-0.20330800 -0.24624500 -4.77699184 132 158 70 0.000000 -0.697373 0.001381 -0.716707
-0.35624701 -0.29003501 -4.72339821 162 201 139 0.000000 0.697373 0.001381 0.716707
-0.22487600 -0.15016700 -4.70117617 133 172 108 0.000000 0.406019 0.001289 0.913864
-0.28043100 0.04198700 -4.59268093 199 232 183 0.000000 -0.934187 0.001261 0.356781
-0.24905901 -0.02794700 -4.61294222 144 187 122 0.000000 0.297091 0.001223 0.954848
-0.26278400 -0.06977600 -4.62797499 140 183 122 0.000000 0.490829 0.001330 0.871255
-0.36278301 0.03871900 -4.50444698 208 235 188 0.000000 0.663079 0.001379 0.748548
-0.33729300 -0.10572400 -4.62013102 122 164 96 0.000000 0.519223 0.001342 0.854638
-0.13795000 0.01388300 -4.65542507 185 210 153 0.000000 0.591008 0.001365 0.806665
-0.22683699 -0.11748800 -4.67830086 138 180 118 0.000000 0.140185 0.001104 0.990125
-0.50265002 -0.24428400 -4.68418312 139 166 87 0.000000 0.933019 0.001263 -0.359825
-0.38892701 -0.09788100 -4.60248518 105 144 75 0.000000 0.248404 0.001189 0.968656
-0.15951800 -0.00180300 -4.64104700 155 199 131 0.000000 0.437266 0.001305 0.899331
-0.09415900 -0.02729300 -4.66065407 147 178 73 0.000000 -0.926978 0.001272 0.375114
-0.40788001 -0.29526401 -4.69267988 160 200 134 0.000000 0.390517 0.001280 0.920595
-0.27781701 -0.02925400 -4.59790993 146 188 125 0.000000 0.497143 0.001333 0.867668
-0.39742300 -0.15147500 -4.63973904 123 164 96 0.000000 0.516071 0.001340 0.856545
-0.19023600 -0.07696600 -4.66457605 142 182 117 0.000000 0.335625 0.001248 0.941995
-0.34121501 -0.24493700 -4.71620893 155 195 135 0.000000 0.409130 0.001291 0.912475
-0.38827300 -0.13448100 -4.62993479 110 152 85 0.000000 0.029133 0.001005 0.999575
-0.45297799 -0.09918800 -4.61882401 123 143 80 0.000000 -0.045917 0.001020 -0.998945
-0.02880100 -0.11029900 -4.78091383 187 219 162 0.000000 0.858436 0.001339 0.512919
-0.40526599 -0.27108100 -4.70052290 137 158 70 0.000000 -0.584843 0.001363 -0.811146
-0.28435299 -0.07565900 -4.62405300 140 179 120 0.000000 0.563126 0.001357 0.826370
-0.50068998 -0.29199600 -4.67045784 128 151 95 0.000000 -0.497143 0.001333 0.867668
-0.32683599 -0.15147500 -4.65869284 134 176 113 0.000000 0.356781 0.001261 0.934187
-0.26736000 -0.26650599 -4.76588202 185 179 136 0.000000 0.490829 0.001330 0.871255
-0.49676800 -0.20833699 -4.67503309 141 174 95 0.000000 0.899331 0.001305 -0.437266
-0.49415401 -0.16912100 -4.65607882 112 144 68 0.000000 -0.014865 0.000991 0.999889
-0.44448099 -0.11225900 -4.62143898 129 157 80 0.000000 0.475046 0.001323 -0.879960
-0.42552701 -0.23644100 -4.67437887 160 200 131 0.000000 0.528668 0.001345 0.848828
-0.26343799 0.04590800 -4.59464216 160 199 141 0.000000 0.254023 0.001193 0.967197
-0.22291601 -0.06585500 -4.64954281 135 177 115 0.000000 0.375114 0.001272 0.926978
-0.44644201 -0.17827199 -4.65281105 130 171 100 0.000000 0.188635 0.001143 0.982047
-0.37062600 -0.01749000 -4.51882601 148 190 124 0.000000 0.771254 0.001375 0.636526
-0.16409300 -0.25343400 -4.79529285 74 96 69 0.000000 0.660161 0.001378 0.751123
-0.12814599 0.00538600 -4.66784286 150 175 107 0.000000 0.997858 0.001038 -0.065416
-0.30984300 -0.13644201 -4.65346384 129 171 109 0.000000 0.418483 0.001296 0.908224
-0.39415500 -0.22075500 -4.68156910 157 194 132 0.000000 0.427862 0.001300 0.903843
-0.47650701 -0.11814200 -4.61555719 147 183 118 0.000000 0.000978 0.000978 0.999999
-0.06932300 -0.03775100 -4.66326809 153 188 107 0.000000 -0.848828 0.001345 0.528668
-0.26017001 -0.18611500 -4.71163416 119 162 94 0.000000 0.459279 0.001316 0.888291
-0.27977800 -0.13121299 -4.66196108 138 174 115 0.000000 0.606331 0.001369 0.795211
-0.38500500 -0.25931600 -4.69856215 146 188 123 0.000000 0.320681 0.001238 0.947186
-0.35755399 -0.03448300 -4.54431581 131 174 106 0.000000 0.569351 0.001359 0.822094
-0.49415401 -0.22402300 -4.67045784 141 179 96 0.000000 -0.311788 0.001232 0.950151
-0.16082500 -0.09592000 -4.68287611 135 175 105 0.000000 0.406019 0.001289 0.913864
-0.43141001 -0.19722600 -4.66065407 117 158 88 0.000000 0.045917 0.001020 0.998945
-0.36016899 -0.13970999 -4.63777781 122 164 99 0.000000 0.228974 0.001174 0.973432
-0.48892501 -0.21356501 -4.67960787 139 169 90 0.000000 -0.054502 0.001028 -0.998513
-0.06082600 -0.12729201 -4.75281000 165 205 144 0.000000 0.642481 0.001376 0.766300
-0.06932300 -0.07173700 -4.69856215 154 188 75 0.000000 0.147635 0.001110 -0.989041
-0.34121501 0.01911100 -4.52144003 199 228 182 0.000000 0.446689 0.001310 0.894688
-0.39088699 -0.20833699 -4.67568588 136 174 112 0.000000 0.368984 0.001268 0.929435
-0.25363401 -0.24101600 -4.75803804 110 148 84 0.000000 0.178186 0.001135 0.983996
-0.35036501 0.06355500 -4.50444698 147 185 127 0.000000 0.842882 0.001349 0.538096
-0.35820800 0.00146400 -4.51751900 169 209 144 0.000000 0.381263 0.001275 0.924466
-0.47454599 -0.31225699 -4.67045784 78 87 52 0.000000 -0.966452 0.001195 -0.256844
-0.46997100 -0.22271600 -4.66653585 133 171 95 0.000000 -0.054502 0.001028 0.998513
-0.25820899 -0.26519901 -4.77241707 173 148 118 0.000000 0.415362 0.001294 0.909655
-0.30265301 -0.20376199 -4.70901918 141 178 119 0.000000 0.359825 0.001263 0.933019
-0.51572198 -0.21160500 -4.69333315 70 85 54 0.000000 0.446689 0.001310 -0.894688
-0.37716201 -0.03121500 -4.52928305 132 175 104 0.000000 0.648407 0.001377 0.761293
-0.35494000 -0.17173600 -4.66719007 141 172 108 0.000000 0.135260 0.001100 0.990809
-0.34448299 -0.00311100 -4.52666903 158 199 132 0.000000 0.844879 0.001347 0.534955
-0.37454799 -0.25866300 -4.70313692 158 199 135 0.000000 0.493986 0.001331 0.869469
-0.29677099 -0.02075700 -4.58091593 157 198 134 0.000000 0.490829 0.001330 0.871255
-0.40134501 -0.30768201 -4.70705795 111 142 84 0.000000 -0.844879 0.001347 -0.534955
-0.11246000 -0.13578901 -4.72927999 147 186 123 0.000000 0.606331 0.001369 0.795211
-0.18435401 -0.24232300 -4.77241707 132 172 115 0.000000 0.186011 0.001141 0.982547
-0.19415800 -0.06193300 -4.65673304 130 171 112 0.000000 0.288352 0.001217 0.957524
-0.10134900 -0.04820800 -4.66588306 140 188 74 0.000000 0.008867 0.000985 0.999960
-0.33337200 -0.00507100 -4.54366207 169 206 154 0.000000 0.204554 0.001156 0.978855
-0.21507300 -0.27696300 -4.77960682 140 173 120 0.000000 0.302950 0.001227 0.953006
-0.26474500 -0.28546000 -4.77437782 184 145 122 0.000000 0.566240 0.001358 0.824239
-0.21572600 -0.13774900 -4.69398689 137 177 116 0.000000 0.226229 0.001172 0.974073
-0.26932001 -0.28807399 -4.79202509 220 143 135 0.000000 -0.231726 0.001176 -0.972780
-0.28043100 -0.05670500 -4.61228800 144 184 121 0.000000 0.587928 0.001364 0.808912
-0.06670900 -0.15212800 -4.76718903 168 208 144 0.000000 0.443546 0.001308 0.896251
-0.39742300 -0.02925400 -4.52470779 123 156 87 0.000000 0.226229 0.001172 0.974073
-0.42291301 -0.17696400 -4.65281105 128 168 98 0.000000 0.220763 0.001168 0.975327
-0.46343499 -0.23382600 -4.66849709 124 165 92 0.000000 0.113516 0.001081 0.993536
-0.05233000 -0.14428499 -4.77372503 183 220 158 0.000000 0.606331 0.001369 0.795211
-0.16017100 -0.07500500 -4.67176485 124 165 100 0.000000 0.069839 0.001042 0.997558
-0.15559600 0.02434000 -4.63647079 180 204 160 0.000000 0.603278 0.001368 0.797530
-0.25102001 -0.19591799 -4.72862720 133 160 73 0.000000 0.008867 0.000985 -0.999960
-0.42160600 -0.03840400 -4.58418512 82 91 66 0.000000 0.412244 0.001292 -0.911072
-0.49415401 -0.28742099 -4.66784286 132 172 88 0.000000 0.493986 0.001331 0.869469
-0.06082600 -0.15539600 -4.77437782 159 202 132 0.000000 0.636526 0.001375 0.771254
-0.27389500 -0.13970999 -4.67241907 133 174 108 0.000000 0.509765 0.001338 0.860313
-0.24579100 -0.04167200 -4.62013102 143 185 122 0.000000 0.471891 0.001322 0.881656
-0.14187101 -0.14690000 -4.72274399 132 173 109 0.000000 0.353743 0.001259 0.935342
-0.40134501 -0.03448300 -4.56327009 66 76 48 0.000000 0.876523 0.001326 -0.481358
-0.34252200 -0.02860100 -4.55019808 143 185 123 0.000000 0.341642 0.001251 0.939829
-0.28108501 -0.15082100 -4.67568588 189 200 152 0.000000 0.341642 0.001251 0.939829
-0.33141100 0.04983000 -4.51882601 169 207 149 0.000000 0.534955 0.001347 0.844879
-0.38108301 -0.02664000 -4.56000185 140 166 78 0.000000 -0.175594 0.001133 -0.984462
-0.23468000 -0.20637600 -4.73908377 119 159 98 0.000000 0.365926 0.001266 0.930643
-0.31441799 -0.17827199 -4.68549013 130 170 109 0.000000 0.326641 0.001242 0.945148
-0.15886401 -0.04363300 -4.65999985 143 186 123 0.000000 0.265352 0.001201 0.964151
-0.42225900 -0.04559400 -4.55804110 82 113 31 0.000000 -0.983522 0.001137 0.180786
-0.38304400 -0.03905800 -4.53908682 107 147 77 0.000000 -0.341642 0.001251 0.939829
-0.38500500 -0.14232400 -4.63647079 106 146 82 0.000000 0.191268 0.001145 0.981537
-0.40330499 -0.08742300 -4.58875895 102 140 68 0.000000 0.020933 0.000997 0.999780
-0.28958100 -0.25800899 -4.75084877 144 184 122 0.000000 0.497143 0.001333 0.867668
-0.06148000 -0.14036401 -4.77111006 163 194 70 0.000000 -0.753685 0.001378 -0.657235
-0.48238900 -0.29983899 -4.67503309 129 154 70 0.000000 0.396706 0.001284 -0.917945
-0.46212801 -0.15997100 -4.63124323 105 143 66 0.000000 0.173011 0.001131 0.984919
-0.07585900 -0.09526600 -4.71294117 145 186 119 0.000000 0.597153 0.001366 0.802126
-0.49611500 -0.17108200 -4.66522884 133 154 104 0.000000 0.973432 0.001174 -0.228974
-0.12683900 -0.20964400 -4.76980305 138 178 117 0.000000 0.212622 0.001162 0.977134
-0.49219301 -0.24820501 -4.67176485 118 157 78 0.000000 -0.329630 0.001244 0.944109
-0.26474500 -0.27500200 -4.76980305 169 139 116 0.000000 0.609379 0.001369 0.792878
-0.05298300 -0.05539800 -4.66980410 132 163 84 0.000000 0.305890 0.001228 0.952066
-0.07716600 -0.05670500 -4.65934706 169 196 103 0.000000 0.025017 0.001001 -0.999686
-0.27977800 -0.28023100 -4.76196003 165 198 145 0.000000 0.538096 0.001349 0.842882
-0.02553300 -0.07500500 -4.72666597 135 163 112 0.000000 0.912475 0.001291 0.409130
-0.16474700 -0.05605100 -4.66261482 158 198 140 0.000000 0.430994 0.001302 0.902354
-0.36016899 -0.01095400 -4.52209377 152 195 122 0.000000 0.430994 0.001302 0.902354
-0.51964402 -0.23317300 -4.69006491 62 76 40 0.000000 -0.132811 0.001098 -0.991141
-0.46866399 -0.19134299 -4.65673304 129 166 93 0.000000 -0.332624 0.001246 0.943059
-0.41049501 -0.23774800 -4.68026209 147 188 123 0.000000 0.207235 0.001158 0.978290
-0.36474401 0.08643100 -4.48810720 70 78 50 0.000000 -0.446689 0.001310 0.894688
-0.19154400 -0.12271700 -4.69267988 129 170 106 0.000000 0.326641 0.001242 0.945148
-0.07389800 -0.12533100 -4.74365902 152 194 127 0.000000 0.509765 0.001338 0.860313
-0.47127801 -0.29657099 -4.66457605 149 189 113 0.000000 0.406019 0.001289 0.913864
-0.08762300 -0.04559400 -4.64235401 148 171 96 0.000000 0.995927 0.001061 -0.090153
-0.28958100 -0.02402500 -4.58614492 150 192 127 0.000000 0.597153 0.001366 0.802126
-0.20723000 -0.16716100 -4.71882296 138 171 104 0.000000 0.104070 0.001073 0.994569
-0.03272200 -0.07304400 -4.71294117 152 184 114 0.000000 0.660161 0.001378 0.751123
-0.23141199 -0.22467600 -4.75150299 124 166 102 0.000000 0.273924 0.001207 0.961751
-0.47062501 -0.26193100 -4.67372608 149 188 118 0.000000 0.087863 0.001059 0.996132
-0.16997500 -0.14493901 -4.71294117 127 170 104 0.000000 0.215328 0.001164 0.976541
-0.09023800 -0.09134500 -4.69856215 133 177 101 0.000000 0.525521 0.001344 0.850780
-0.37520099 -0.03382900 -4.56588411 135 169 73 0.000000 -0.615457 0.001371 -0.788169
-0.52356499 -0.22206201 -4.67241907 75 83 44 0.000000 0.828486 0.001356 0.560008
-0.16670699 -0.02664000 -4.65150404 152 193 130 0.000000 0.566240 0.001358 0.824239
-0.42095199 -0.10180200 -4.60705996 101 139 71 0.000000 0.167869 0.001127 0.985809
-0.12161000 -0.10114900 -4.69137192 131 174 101 0.000000 0.145143 0.001108 0.989410
-0.43206301 -0.22859800 -4.67176485 131 172 105 0.000000 0.193909 0.001147 0.981019
-0.15821099 -0.12729201 -4.70640516 117 159 95 0.000000 0.356781 0.001261 0.934187
-0.41637701 -0.25212699 -4.68352890 143 183 120 0.000000 0.365926 0.001266 0.930643
-0.09808100 -0.11944900 -4.72209120 151 191 123 0.000000 0.471891 0.001322 0.881656
-0.11834200 -0.22598299 -4.77764606 106 150 79 0.000000 0.054502 0.001028 0.998513
-0.27258801 -0.29134199 -4.80509710 179 165 92 0.000000 0.525521 0.001344 -0.850780
-0.19350401 -0.02533300 -4.63712502 146 188 122 0.000000 0.170436 0.001129 0.985368
-0.21768700 -0.12925300 -4.68745089 124 166 101 0.000000 0.329630 0.001244 0.944109
-0.09808100 -0.09330600 -4.69529390 131 174 98 0.000000 0.434129 0.001304 0.900850
-0.27062699 -0.19657201 -4.71686220 190 187 138 0.000000 0.297091 0.001223 0.954848
-0.03729700 -0.09788100 -4.75215578 174 213 145 0.000000 0.883337 0.001320 0.468736
-0.15559600 -0.01487500 -4.65084982 157 199 132 0.000000 0.347682 0.001255 0.937612
-0.28827399 -0.22271600 -4.72862720 136 176 112 0.000000 0.459279 0.001316 0.888291
-0.36016899 0.07270500 -4.49398899 169 202 143 0.000000 0.446689 0.001310 0.894688
-0.48173600 -0.30310699 -4.66392183 169 200 121 0.000000 -0.541234 0.001350 0.840871
-0.36474401 -0.00703200 -4.55934811 123 147 64 0.000000 0.624527 0.001373 -0.781002
-0.01834300 -0.09199800 -4.77241707 66 80 53 0.000000 0.618487 0.001371 0.785794
-0.13141400 -0.02402500 -4.66653585 135 178 110 0.000000 0.259673 0.001197 0.965696
-0.13664199 -0.16258600 -4.73777723 146 184 122 0.000000 0.418483 0.001296 0.908224
-0.11376700 -0.05735800 -4.68483686 152 192 123 0.000000 0.686096 0.001380 0.727510
-0.36474401 0.02368600 -4.50771523 209 236 186 0.000000 0.753685 0.001378 0.657235
-0.26539901 -0.03840400 -4.60836697 152 192 126 0.000000 0.516071 0.001340 0.856545
-0.23664100 0.01976500 -4.59725618 154 195 134 0.000000 -0.338631 0.001250 0.940919
-0.30134600 -0.22206201 -4.72209120 140 180 116 0.000000 0.201881 0.001154 0.979409
-0.41703099 -0.07369800 -4.58091593 95 130 55 0.000000 -0.531813 0.001346 0.846861
-0.27585599 -0.21029700 -4.72405195 166 178 122 0.000000 0.465583 0.001319 0.885003
-0.30461401 -0.09657300 -4.62536001 131 173 113 0.000000 0.282560 0.001213 0.959249
-0.47912100 -0.12533100 -4.61817122 144 183 118 0.000000 0.368984 0.001268 0.929435
-0.35755399 -0.21029700 -4.68941212 136 176 111 0.000000 0.484515 0.001327 0.874782
-0.39023399 -0.05735800 -4.55412006 97 138 64 0.000000 0.550634 0.001353 0.834745
-0.16409300 -0.22663701 -4.76980305 139 179 121 0.000000 0.478202 0.001325 0.878249
-0.28435299 0.02826100 -4.59006691 167 209 145 0.000000 0.525521 0.001344 -0.850780
-0.51506901 -0.24493700 -4.67634010 132 164 79 0.000000 -0.094759 0.001065 0.995500
-0.37128001 -0.14559200 -4.64104700 113 155 90 0.000000 0.314746 0.001234 0.949175
-0.18043301 -0.21291199 -4.75738478 148 170 110 0.000000 0.150135 0.001112 0.988665
-0.43663800 -0.28872800 -4.68091488 164 204 135 0.000000 0.437266 0.001305 0.899331
-0.39938399 -0.06585500 -4.56784487 89 132 49 0.000000 0.065416 0.001038 0.997858
-0.21311200 -0.19069000 -4.73320198 125 168 100 0.000000 0.043791 0.001018 0.999040
-0.23337300 -0.21814001 -4.74561977 120 161 96 0.000000 0.087863 0.001059 0.996132
-0.39873001 -0.18350001 -4.65869284 139 179 112 0.000000 0.344659 0.001253 0.938727
-0.22160900 0.01584300 -4.60313797 142 184 125 0.000000 0.234487 0.001178 0.972119
-0.07128400 -0.14167100 -4.75869179 156 197 135 0.000000 0.534955 0.001347 0.844879
-0.35559401 -0.31160301 -4.73320198 182 208 161 0.000000 0.645448 0.001376 0.763803
-0.37323999 -0.13448100 -4.63189602 115 156 91 0.000000 0.104070 0.001073 0.994569
-0.43990600 -0.05082200 -4.58091593 94 109 49 0.000000 0.778585 0.001373 0.627537
-0.32814300 -0.22533000 -4.71228695 158 189 128 0.000000 0.572458 0.001360 0.819933
-0.16343901 -0.15866400 -4.72470522 138 180 112 0.000000 0.350710 0.001257 0.936483
-0.25363401 -0.22075500 -4.74365902 115 154 90 0.000000 0.356781 0.001261 0.934187
-0.10396300 -0.17304300 -4.75738478 150 191 128 0.000000 0.553762 0.001354 0.832674
-0.17651100 -0.04363300 -4.65281105 145 186 125 0.000000 0.490829 0.001330 0.871255
-0.45232400 -0.31748500 -4.67111206 166 192 135 0.000000 -0.183394 0.001139 0.983039
-0.30003899 0.05636600 -4.54692984 93 101 65 0.000000 0.317711 0.001236 0.948187
-0.47520000 -0.15539600 -4.62797499 104 145 63 0.000000 -0.271059 0.001205 0.962562
-0.15363599 -0.11879500 -4.69986916 130 172 103 0.000000 0.155160 0.001116 0.987889
-0.24644500 -0.13905700 -4.68483686 153 190 130 0.000000 0.443546 0.001308 0.896251
-0.12226300 -0.03905800 -4.66719007 156 184 85 0.000000 0.097074 0.001067 -0.995277
-0.26539901 -0.00964700 -4.59268093 151 194 131 0.000000 0.531813 0.001346 0.846861
-0.33075699 -0.14101700 -4.65019703 125 168 103 0.000000 0.191268 0.001145 0.981537
-0.38173699 -0.02337200 -4.51882601 148 189 124 0.000000 -0.006883 0.000983 0.999976
-0.45167100 -0.21552600 -4.66588306 133 174 101 0.000000 0.048051 0.001022 0.998844
-0.39284801 -0.03382900 -4.56327009 138 162 83 0.000000 0.660161 0.001378 -0.751123
-0.24644500 -0.26715899 -4.77372503 135 146 91 0.000000 0.317711 0.001236 0.948187
-0.14579301 -0.08480900 -4.68091488 120 164 85 0.000000 0.097074 0.001067 0.995277
-0.06736200 -0.05213000 -4.66522884 145 185 85 0.000000 0.140185 0.001104 0.990125
-0.15886401 0.00604000 -4.64235401 165 208 143 0.000000 0.475046 0.001323 0.879960
-0.36082199 -0.29722399 -4.72012997 171 209 145 0.000000 0.819933 0.001360 0.572458
-0.31376401 0.02630100 -4.54758406 174 215 140 0.000000 0.790530 0.001370 0.612421
-0.14187101 -0.00115000 -4.65150404 166 207 142 0.000000 0.639507 0.001375 0.768784
-0.27912399 -0.09722700 -4.64039278 143 182 125 0.000000 0.478202 0.001325 0.878249
-0.32683599 -0.21160500 -4.70444393 139 180 115 0.000000 0.446689 0.001310 0.894688
-0.13337401 -0.22729100 -4.77960682 130 168 104 0.000000 0.575560 0.001361 0.817758
-0.37781599 -0.18938300 -4.67111206 138 179 115 0.000000 0.424733 0.001299 0.905318
-0.13533500 0.00538600 -4.65738583 172 212 150 0.000000 0.627537 0.001373 0.778585
-0.43990600 -0.18284699 -4.65281105 109 150 80 0.000000 -0.193909 0.001147 0.981019
-0.37781599 -0.15735701 -4.65150404 135 169 107 0.000000 -0.135260 0.001100 0.990809
-0.47977501 -0.19983999 -4.66065407 116 154 75 0.000000 -0.311788 0.001232 0.950151
-0.39350200 -0.29526401 -4.69986916 178 215 152 0.000000 0.427862 0.001300 0.903843
-0.44252101 -0.16585401 -4.63843203 120 159 88 0.000000 0.002938 0.000979 0.999995
-0.26866701 -0.25539500 -4.76653481 192 188 115 0.000000 0.869469 0.001331 -0.493986
-0.17651100 -0.00441800 -4.63385677 150 191 131 0.000000 0.372047 0.001270 0.928213
-0.18762200 -0.16520000 -4.72209120 138 180 112 0.000000 0.188635 0.001143 0.982047
-0.10265600 -0.00507100 -4.66196108 84 87 54 0.000000 -0.587928 0.001364 0.808912
-0.31115001 -0.03382900 -4.56588411 171 204 151 0.000000 0.406019 0.001289 0.913864
-0.35690099 -0.28676701 -4.71620893 168 206 147 0.000000 0.063217 0.001036 0.997999
-0.07912700 -0.11944900 -4.73450899 153 193 130 0.000000 0.487672 0.001329 0.873026
-0.45101699 -0.09918800 -4.60967398 124 163 87 0.000000 0.113516 0.001081 0.993536
-0.44578800 -0.25604799 -4.67568588 131 172 106 0.000000 0.226229 0.001172 0.974073
-0.44056001 -0.30964199 -4.67437887 176 215 148 0.000000 0.452981 0.001313 0.891519
-0.14644600 -0.15278199 -4.72601318 155 195 134 0.000000 0.209925 0.001160 0.977717
-0.37846899 0.00473200 -4.49987221 184 201 152 0.000000 0.935342 0.001259 0.353743
-0.20396200 -0.05539800 -4.64954281 129 171 109 0.000000 0.387428 0.001279 0.921899
-0.12487800 -0.12794600 -4.71490097 137 179 113 0.000000 0.437266 0.001305 0.899331
-0.40199801 -0.07565900 -4.57764912 86 126 50 0.000000 -0.962562 0.001205 0.271059
-0.25428799 -0.15866400 -4.69333315 133 176 104 0.000000 -0.207235 0.001158 0.978290
-0.18958300 -0.13382800 -4.70182991 131 170 104 0.000000 0.402911 0.001287 0.915238
-0.31768599 -0.05931900 -4.59006691 144 184 124 0.000000 0.550634 0.001353 0.834745
-0.33402500 -0.03905800 -4.56327009 141 183 124 0.000000 0.566240 0.001358 0.824239
-0.44774899 -0.23447999 -4.67111206 153 193 122 0.000000 0.291258 0.001219 0.956644
-0.46408901 -0.12141000 -4.62405300 134 161 83 0.000000 0.427862 0.001300 -0.903843
-0.35494000 -0.19657201 -4.68222189 145 186 124 0.000000 0.440405 0.001307 0.897798
-0.35036501 -0.08480900 -4.59790993 120 160 100 0.000000 0.212622 0.001162 0.977134
-0.50395799 -0.19265100 -4.67830086 126 146 97 0.000000 0.317711 0.001236 -0.948187
-0.38304400 -0.12271700 -4.62470722 112 156 84 0.000000 0.584843 0.001363 0.811146
-0.46278200 -0.30310699 -4.66653585 177 216 142 0.000000 0.522373 0.001343 0.852716
-0.43859899 -0.07761900 -4.58679914 95 128 50 0.000000 0.768784 0.001375 0.639507
-0.38696599 -0.07239100 -4.57503414 97 139 63 0.000000 0.443546 0.001308 0.896251
-0.05821200 -0.05866500 -4.67503309 120 159 78 0.000000 0.097074 0.001067 0.995277
-0.36343700 0.06028700 -4.49333620 189 220 172 0.000000 0.390517 0.001280 0.920595
-0.32160699 -0.03252200 -4.57045889 147 187 133 0.000000 -0.043791 0.001018 0.999040
-0.27585599 0.00015700 -4.58287716 159 202 133 0.000000 0.468736 0.001320 0.883337
-0.36212900 -0.02794700 -4.56980610 139 169 69 0.000000 -0.761293 0.001377 -0.648407
-0.39938399 -0.30179900 -4.69725513 173 212 147 0.000000 0.412244 0.001292 0.911072
-0.36670500 -0.06650800 -4.57307291 108 149 80 0.000000 0.365926 0.001266 0.930643
-0.23990899 -0.25408801 -4.77045584 133 156 98 0.000000 0.271059 0.001205 0.962562
-0.41768399 -0.30441400 -4.68941212 161 202 135 0.000000 0.500299 0.001334 0.865851
-0.48435000 -0.11814200 -4.61490297 99 116 83 0.000000 0.048051 0.001022 0.998844
-0.31245700 0.01061500 -4.55477285 175 214 144 0.000000 0.727510 0.001380 0.686096
-0.05755800 -0.04494000 -4.66065407 138 140 88 0.000000 0.083307 0.001055 0.996523
-0.38369799 -0.01552900 -4.51163578 169 197 140 0.000000 0.888291 0.001316 0.459279
-0.23141199 -0.03513600 -4.62405300 142 184 121 0.000000 0.648407 0.001377 0.761293
-0.27193499 -0.10049500 -4.64627504 141 183 125 0.000000 0.581753 0.001362 0.813364
-0.41637701 -0.11029900 -4.60444498 103 140 74 0.000000 0.921899 0.001279 0.387428
-0.50199699 -0.22402300 -4.68679810 133 164 89 0.000000 0.828486 0.001356 -0.560008
-0.33533201 -0.28546000 -4.73320198 176 212 152 0.000000 0.384343 0.001277 0.923189
-0.30330700 0.02564700 -4.56980610 148 181 61 0.000000 -0.677534 0.001380 -0.735490
-0.33206499 -0.12271700 -4.63647079 121 163 99 0.000000 0.553762 0.001354 0.832674
-0.41310900 -0.30637401 -4.70052290 107 139 77 0.000000 -0.991141 0.001098 -0.132811
-0.12749200 -0.17304300 -4.74888802 139 180 117 0.000000 0.285453 0.001215 0.958392
-0.30788201 -0.28676701 -4.74888802 173 211 153 0.000000 0.332624 0.001246 0.943059
-0.23206601 -0.05539800 -4.63777781 156 195 142 0.000000 0.242814 0.001184 0.970072
-0.10657700 -0.03644400 -4.66457605 136 173 74 0.000000 0.908224 0.001296 0.418483
-0.23925500 0.00211800 -4.60575294 153 194 134 0.000000 0.178186 0.001135 0.983996
-0.06148000 -0.17173600 -4.78287506 166 206 139 0.000000 0.609379 0.001369 0.792878
-0.31441799 -0.01879700 -4.55869389 191 224 181 0.000000 -0.191268 0.001145 0.981537
-0.38565901 -0.20114700 -4.67372608 135 177 110 0.000000 0.320681 0.001238 0.947186
-0.26997399 -0.11944900 -4.66130686 123 167 101 0.000000 0.677534 0.001380 0.735490
-0.03337600 -0.06585500 -4.69921494 121 130 83 0.000000 0.378186 0.001273 0.925729
-0.27454901 -0.08154100 -4.63254976 133 174 113 0.000000 0.406019 0.001289 0.913864
-0.29350299 -0.23578700 -4.73516321 151 183 124 0.000000 0.503455 0.001335 0.864020
-0.38043001 -0.22598299 -4.68941212 155 194 131 0.000000 0.362873 0.001264 0.931838
-0.14971399 -0.15997100 -4.73189497 133 175 110 0.000000 0.259673 0.001197 0.965696
-0.07978000 -0.04036500 -4.66065407 131 165 74 0.000000 -0.402911 0.001287 0.915238
-0.40592000 -0.04820800 -4.55542707 64 83 42 0.000000 0.547504 0.001352 -0.836802
-0.04121900 -0.18023200 -4.79790688 81 107 65 0.000000 0.078785 0.001050 0.996891
-0.28304601 -0.01226100 -4.58483791 155 195 137 0.000000 0.412244 0.001292 0.911072
-0.38827300 -0.16716100 -4.65346384 131 169 108 0.000000 0.276796 0.001209 0.960928
-0.42225900 -0.16127799 -4.63908577 108 149 76 0.000000 0.043791 0.001018 0.999040
-0.32291400 -0.10310900 -4.62340021 132 170 109 0.000000 0.065416 0.001038 0.997858
-0.17585801 -0.10114900 -4.68222189 126 167 105 0.000000 0.228974 0.001174 0.973432
-0.30069199 -0.17434999 -4.68745089 135 175 114 0.000000 0.506611 0.001337 0.862174
-0.10069500 -0.06585500 -4.67699385 126 166 95 0.000000 -0.076536 0.001048 0.997066
-0.34186801 -0.02141100 -4.54562283 151 193 128 0.000000 0.481358 0.001326 0.876523
-0.09154500 -0.10637700 -4.71228695 134 176 110 0.000000 0.456129 0.001314 0.889912
-0.19677199 -0.23186600 -4.76457405 126 158 90 0.000000 0.150135 0.001112 0.988665
-0.27585599 -0.18611500 -4.70509815 188 190 139 0.000000 0.271059 0.001205 0.962562
-0.20592199 -0.09788100 -4.67176485 130 171 110 0.000000 0.167869 0.001127 0.985809
-0.23010500 -0.18415400 -4.72470522 148 178 117 0.000000 0.490829 0.001330 0.871255
-0.37323999 0.06420900 -4.49006796 195 212 171 0.000000 0.123096 0.001089 0.992394
-0.47977501 -0.17369699 -4.65019703 92 130 52 0.000000 -0.437266 0.001305 0.899331
-0.16082500 -0.17042901 -4.73385620 132 175 111 0.000000 0.308835 0.001230 0.951115
-0.13795000 -0.05474400 -4.67045784 124 164 92 0.000000 0.381263 0.001275 0.924466
-0.17259000 -0.18154000 -4.73712301 130 172 104 0.000000 0.314746 0.001234 0.949175
-0.12814599 -0.01160700 -4.66326809 141 185 115 0.000000 0.218041 0.001166 0.975939
-0.26736000 -0.18676800 -4.70901918 141 167 99 0.000000 0.320681 0.001238 0.947186
-0.17324300 -0.11291300 -4.69137192 145 180 120 0.000000 0.362873 0.001264 0.931838
-0.36278301 -0.18676800 -4.67503309 153 193 131 0.000000 0.254023 0.001193 0.967197
-0.26343799 -0.25997001 -4.76326704 212 174 148 0.000000 0.487672 0.001329 0.873026
-0.30069199 -0.11944900 -4.64496803 131 169 108 0.000000 0.207235 0.001158 0.978290
-0.49415401 -0.19265100 -4.66392183 114 149 61 0.000000 -0.686096 0.001380 0.727510
-0.08762300 -0.17827199 -4.76914883 154 196 132 0.000000 0.471891 0.001322 0.881656
-0.12357100 -0.16454600 -4.74431276 149 187 125 0.000000 0.329630 0.001244 0.944109
-0.45167100 -0.05670500 -4.59006691 93 103 52 0.000000 0.992091 0.001091 0.125512
-0.15755700 -0.14690000 -4.71686220 121 165 94 0.000000 0.191268 0.001145 0.981537
-0.49546099 -0.18546100 -4.68352890 147 171 114 0.000000 0.848828 0.001345 -0.528668
-0.19938700 -0.19526500 -4.73843002 121 166 95 0.000000 0.085581 0.001057 0.996331
-0.48696399 -0.19395800 -4.66065407 112 151 65 0.000000 -0.183394 0.001139 0.983039
-0.28500599 -0.22794400 -4.73320198 139 178 117 0.000000 0.341642 0.001251 0.939829
-0.26932001 -0.15605000 -4.68745089 140 174 109 0.000000 0.462431 0.001317 0.886654
-0.16997500 -0.19461100 -4.74823380 133 171 106 0.000000 0.332624 0.001246 0.943059
-0.19023600 -0.27042699 -4.78548908 75 94 64 0.000000 0.326641 0.001242 0.945148
-0.50395799 -0.15605000 -4.64496803 79 97 37 0.000000 -0.406019 0.001289 0.913864
-0.24513800 -0.07500500 -4.64169979 149 190 131 0.000000 0.396706 0.001284 0.917945
-0.07389800 -0.15931800 -4.76784182 160 201 138 0.000000 0.308835 0.001230 0.951115
-0.13860300 -0.13578901 -4.71424818 128 172 105 0.000000 0.534955 0.001347 0.844879
-0.36016899 -0.11879500 -4.62340021 127 168 104 0.000000 0.390517 0.001280 0.920595
-0.39023399 -0.27434900 -4.69986916 180 212 150 0.000000 0.487672 0.001329 0.873026
-0.22095500 -0.04755400 -4.63973904 148 188 135 0.000000 0.547504 0.001352 0.836802
-0.35951501 -0.25800899 -4.71163416 160 201 139 0.000000 0.406019 0.001289 0.913864
-0.25102001 -0.27434900 -4.77307081 150 148 111 0.000000 0.183394 0.001139 0.983039
-0.12618500 -0.14559200 -4.72862720 147 186 126 0.000000 0.484515 0.001327 0.874782
-0.27128100 -0.28938100 -4.77372503 129 133 109 0.000000 0.822094 0.001359 0.569351
-0.38108301 -0.21748701 -4.68549013 162 195 135 0.000000 0.418483 0.001296 0.908224
-0.03729700 -0.12402400 -4.78156805 192 226 163 0.000000 0.883337 0.001320 0.468736
-0.33533201 -0.16585401 -4.66784286 122 165 97 0.000000 0.317711 0.001236 0.948187
-0.49480700 -0.16062500 -4.64823580 88 124 39 0.000000 -0.311788 0.001232 0.950151
-0.41637701 -0.29460999 -4.69006491 169 209 144 0.000000 0.308835 0.001230 0.951115
-0.03272200 -0.07892700 -4.72405195 151 192 114 0.000000 0.707106 0.001384 0.707106
-0.17455000 -0.16846800 -4.72732019 123 166 95 0.000000 0.268202 0.001203 0.963362
-0.28892800 -0.29068801 -4.77045584 124 141 80 0.000000 -0.925729 0.001273 -0.378186
-0.43794501 -0.08219500 -4.60902119 129 154 94 0.000000 0.525521 0.001344 -0.850780
-0.24709800 -0.06128000 -4.63189602 144 184 128 0.000000 0.468736 0.001320 0.883337
-0.20396200 -0.12402400 -4.68745089 127 172 100 0.000000 0.384343 0.001277 0.923189
-0.11115300 -0.06585500 -4.67241907 118 163 81 0.000000 -0.067624 0.001040 0.997710
-0.13337401 -0.09003800 -4.68352890 132 178 97 0.000000 0.115898 0.001083 0.993261
-0.19677199 -0.18611500 -4.73385620 128 170 105 0.000000 0.265352 0.001201 0.964151
-0.31768599 -0.15016700 -4.66130686 133 174 111 0.000000 0.302950 0.001227 0.953006
-0.22487600 -0.25539500 -4.77176380 111 147 82 0.000000 0.368984 0.001268 0.929435
-0.19023600 -0.20180100 -4.74627399 124 166 101 0.000000 0.231726 0.001176 0.972780
-0.21311200 -0.06520100 -4.65215683 149 186 129 0.000000 0.201881 0.001154 0.979409
-0.10330900 -0.19983999 -4.77241707 151 190 129 0.000000 0.231726 0.001176 0.972780
-0.06801600 -0.07892700 -4.69660091 128 172 95 0.000000 0.553762 0.001354 0.832674
-0.04971500 -0.12337000 -4.77241707 162 192 79 0.000000 -0.645448 0.001376 -0.763803
-0.29481000 -0.14885999 -4.66980410 134 172 110 0.000000 0.437266 0.001305 0.899331
-0.21115100 -0.01487500 -4.62601423 148 188 131 0.000000 0.581753 0.001362 0.813364
-0.41376299 -0.12141000 -4.62013102 128 168 100 0.000000 0.234487 0.001178 0.972119
-0.07782000 -0.03056100 -4.65281105 105 102 51 0.000000 -0.651358 0.001377 0.758770
-0.32618201 -0.09395900 -4.61490297 147 186 128 0.000000 0.493986 0.001331 0.869469
-0.07259100 -0.04428700 -4.66130686 134 172 91 0.000000 0.254023 0.001193 0.967197
-0.23664100 0.03087600 -4.60052395 137 178 107 0.000000 -0.183394 0.001139 0.983039
-0.33925399 -0.09853400 -4.61490297 128 169 98 0.000000 0.305890 0.001228 0.952066
-0.20592199 -0.18676800 -4.73320198 133 173 113 0.000000 0.175594 0.001133 0.984462
-0.35755399 -0.05082200 -4.55934811 123 165 102 0.000000 0.440405 0.001307 0.897798
-0.48827201 -0.31225699 -4.67307186 71 88 37 0.000000 0.639507 0.001375 -0.768784
-0.44186699 -0.31748500 -4.67045784 191 226 157 0.000000 0.212622 0.001162 0.977134
-0.35297900 0.01976500 -4.50836802 184 218 157 0.000000 -0.099398 0.001069 0.995047
-0.19089000 0.01911100 -4.61424923 150 193 125 0.000000 0.544370 0.001351 0.838844
-0.19807900 -0.17500401 -4.72470522 123 163 100 0.000000 0.140185 0.001104 0.990125
-0.29350299 -0.06520100 -4.60771418 136 177 111 0.000000 0.465583 0.001319 0.885003
-0.33467901 -0.11225900 -4.62666702 127 167 108 0.000000 0.365926 0.001266 0.930643
-0.05167600 -0.10703100 -4.74561977 166 205 141 0.000000 0.758770 0.001377 0.651358
-0.36866501 -0.21421900 -4.68745089 150 187 127 0.000000 0.294171 0.001221 0.955752
-0.44121301 -0.19069000 -4.65542507 111 149 82 0.000000 -0.065416 0.001038 0.997858
-0.25232700 -0.14363199 -4.68614388 134 171 110 0.000000 0.259673 0.001197 0.965696
-0.25428799 -0.18154000 -4.71294117 128 168 110 0.000000 0.538096 0.001349 0.842882
-0.49676800 -0.24232300 -4.67045784 133 172 86 0.000000 -0.475046 0.001323 0.879960
-0.36735800 -0.23317300 -4.69921494 140 168 83 0.000000 -0.323658 0.001240 -0.946173
-0.32291400 -0.20310800 -4.69986916 150 190 133 0.000000 0.291258 0.001219 0.956644
-0.29088899 -0.26846600 -4.75476980 178 200 147 0.000000 0.440405 0.001307 0.897798
-0.44905600 -0.09069100 -4.60575294 141 183 98 0.000000 -0.822094 0.001359 0.569351
-0.26866701 -0.20898999 -4.72601318 204 189 149 0.000000 0.624527 0.001373 0.781002
-0.37716201 -0.04820800 -4.55346584 106 149 76 0.000000 0.390517 0.001280 0.920595
-0.38631201 -0.05147600 -4.55085087 95 135 65 0.000000 0.054502 0.001028 0.998513
-0.25951701 -0.02271800 -4.60052395 143 185 120 0.000000 -0.199215 0.001152 0.979955
-0.49349999 -0.20245400 -4.67111206 144 177 98 0.000000 -0.509765 0.001338 0.860313
-0.31311101 -0.06716200 -4.59987116 151 189 133 0.000000 0.456129 0.001314 0.889912
-0.10134900 -0.11029900 -4.71032715 136 177 113 0.000000 0.541234 0.001350 0.840871
-0.36997300 -0.27434900 -4.70967293 168 202 138 0.000000 0.220763 0.001168 0.975327
-0.16540000 -0.01226100 -4.64562082 153 191 99 0.000000 -0.763803 0.001376 -0.645448
-0.43663800 -0.25474101 -4.67830086 144 186 118 0.000000 0.288352 0.001217 0.957524
-0.04252600 -0.08088700 -4.71817017 141 183 115 0.000000 0.618487 0.001371 0.785794
-0.24775200 -0.18546100 -4.71686220 123 161 91 0.000000 0.302950 0.001227 0.953006
-0.14252500 -0.21421900 -4.76718903 146 183 107 0.000000 0.763803 0.001376 0.645448
-0.39611599 -0.27042699 -4.69725513 173 207 141 0.000000 0.406019 0.001289 0.913864
-0.15232800 -0.21748701 -4.76588202 122 162 100 0.000000 0.183394 0.001139 0.983039
-0.28827399 0.02041800 -4.57960892 178 217 158 0.000000 0.587928 0.001364 0.808912
-0.48827201 -0.22206201 -4.67895508 136 169 85 0.000000 0.547504 0.001352 -0.836802
-0.43402401 -0.22206201 -4.68156910 129 162 68 0.000000 -0.259673 0.001197 -0.965696
-0.20853700 -0.00441800 -4.61751699 143 184 125 0.000000 0.297091 0.001223 0.954848
-0.33925399 -0.01160700 -4.53843403 162 201 141 0.000000 0.813364 0.001362 0.581753
-0.35428599 -0.05997300 -4.56915188 127 167 104 0.000000 0.471891 0.001322 0.881656
-0.39742300 -0.12663800 -4.62209177 104 147 74 0.000000 -0.204554 0.001156 0.978855
-0.47127801 -0.10441600 -4.62078524 64 76 37 0.000000 -0.204554 0.001156 -0.978855
-0.42683399 -0.09461300 -4.59725618 119 154 82 0.000000 -0.018902 0.000995 0.999821
-0.02749400 -0.08480900 -4.75542402 178 212 154 0.000000 0.989410 0.001108 0.145143
-0.37128001 0.03937200 -4.49529696 204 214 179 0.000000 0.776155 0.001374 0.630540
-0.42618099 -0.16585401 -4.64366102 118 159 86 0.000000 0.437266 0.001305 0.899331
-0.43010199 -0.19003600 -4.65477180 121 160 96 0.000000 0.220763 0.001168 0.975327
-0.30918899 -0.14820699 -4.66261482 129 170 108 0.000000 0.415362 0.001294 0.909655
-0.42422000 -0.22075500 -4.67895508 131 157 67 0.000000 -0.223492 0.001170 -0.974705
-0.25298101 -0.07761900 -4.63973904 150 190 135 0.000000 0.387428 0.001279 0.921899
-0.49872899 -0.28153801 -4.66849709 138 173 93 0.000000 -0.356781 0.001261 0.934187
-0.29284900 -0.04494000 -4.59529495 144 183 127 0.000000 0.627537 0.001373 0.778585
-0.02814700 -0.14297800 -4.79006386 118 141 99 0.000000 0.353743 0.001259 0.935342
-0.22422300 -0.19983999 -4.73647022 125 166 104 0.000000 0.254023 0.001193 0.967197
-0.20004000 -0.06716200 -4.65738583 134 177 114 0.000000 0.341642 0.001251 0.939829
-0.13010700 -0.15147500 -4.73189497 141 181 120 0.000000 0.534955 0.001347 0.844879
-0.35428599 -0.31683201 -4.73843002 66 79 54 0.000000 0.937612 0.001255 0.347682
-0.35951501 -0.07304400 -4.58287716 110 150 81 0.000000 0.204554 0.001156 0.978855
-0.30396000 -0.13905700 -4.65738583 126 166 108 0.000000 0.378186 0.001273 0.925729
-0.47127801 -0.21421900 -4.66588306 114 154 80 0.000000 0.006883 0.000983 0.999976
-0.30069199 0.05440500 -4.56392288 182 207 148 0.000000 0.475046 0.001323 0.879960
-0.27128100 -0.02990800 -4.60183096 151 193 134 0.000000 0.591008 0.001365 0.806665
-0.24775200 -0.20180100 -4.73189497 134 160 100 0.000000 0.493986 0.001331 0.869469
-0.21768700 -0.25277999 -4.77111006 125 161 96 0.000000 0.152643 0.001114 0.988281
-0.37062600 -0.31748500 -4.71882296 167 180 148 0.000000 0.885003 0.001319 0.465583
-0.30199999 -0.08350200 -4.61882401 138 172 117 0.000000 0.350710 0.001257 0.936483
-0.27847001 -0.26127699 -4.75869179 155 190 134 0.000000 0.553762 0.001354 0.832674
-0.36735800 -0.16781400 -4.66326809 137 176 105 0.000000 0.228974 0.001174 0.973432
-0.50003600 -0.17565700 -4.67960787 106 121 86 0.000000 0.819933 0.001360 -0.572458
-0.26670599 -0.23186600 -4.74431276 213 188 152 0.000000 0.648407 0.001377 0.761293
-0.44774899 -0.15408900 -4.64366102 134 164 82 0.000000 -0.606331 0.001369 -0.795211
-0.14383200 -0.16650701 -4.73777723 141 181 116 0.000000 0.393609 0.001282 0.919277
-0.47716099 -0.18938300 -4.66588306 131 156 86 0.000000 0.002938 0.000979 -0.999995
-0.38500500 -0.04624700 -4.53908682 104 145 74 0.000000 0.795211 0.001369 0.606331
-0.40592000 -0.27696300 -4.69398689 170 208 146 0.000000 0.315485 0.001237 0.948930
-0.33337200 -0.05801200 -4.58091593 137 179 112 0.000000 0.323658 0.001240 0.946173
-0.34709701 -0.06585500 -4.58026314 128 170 104 0.000000 0.446689 0.001310 0.894688
-0.02226500 -0.10049500 -4.77699184 134 155 110 0.000000 0.465583 0.001319 0.885003
-0.40722701 -0.24363001 -4.68418312 155 196 131 0.000000 0.209925 0.001160 0.977717
-0.35167199 -0.25147301 -4.71424818 155 195 133 0.000000 0.396706 0.001284 0.917945
-0.41310900 -0.04297900 -4.54300785 99 135 50 0.000000 -0.188635 0.001143 0.982047
-0.48892501 -0.15082100 -4.62993479 100 138 61 0.000000 -0.462431 0.001317 0.886654
-0.32618201 -0.11225900 -4.63058901 128 168 106 0.000000 0.228974 0.001174 0.973432
-0.26474500 -0.17500401 -4.70248413 124 164 97 0.000000 0.446689 0.001310 0.894688
-0.12945300 -0.11225900 -4.70052290 140 180 113 0.000000 0.092452 0.001063 0.995717
-0.36997300 -0.04363300 -4.54627705 125 168 92 0.000000 0.992979 0.001085 0.118289
-0.47650701 -0.12729201 -4.63254976 61 75 34 0.000000 0.826370 0.001357 -0.563126
-0.41441599 -0.22075500 -4.67307186 144 183 118 0.000000 0.152643 0.001114 0.988281
-0.48108199 -0.22533000 -4.67830086 132 162 81 0.000000 -0.254023 0.001193 -0.967197
-0.03860400 -0.09134500 -4.74169922 161 203 125 0.000000 0.688930 0.001381 0.724826
-0.29350299 -0.21095100 -4.71751595 147 187 127 0.000000 0.560008 0.001356 0.828486
-0.34186801 -0.08938400 -4.60575294 118 158 95 0.000000 0.399807 0.001286 0.916599
-0.27585599 -0.15735701 -4.68418312 163 179 125 0.000000 0.716707 0.001381 0.697373
-0.32814300 0.05636600 -4.52013302 172 206 152 0.000000 0.544370 0.001351 0.838844
-0.22356901 -0.18088600 -4.72339821 144 174 112 0.000000 0.372047 0.001270 0.928213
-0.32748899 -0.02206500 -4.55804110 166 203 152 0.000000 0.302950 0.001227 0.953006
-0.24840599 -0.20898999 -4.73647022 135 169 108 0.000000 0.271059 0.001205 0.962562
-0.50787902 -0.18546100 -4.67176485 114 138 55 0.000000 -0.503455 0.001335 0.864020
-0.29938501 -0.13317400 -4.65477180 127 167 110 0.000000 0.440405 0.001307 0.897798
-0.07193700 -0.06716200 -4.69333315 160 190 83 0.000000 0.778585 0.001373 -0.627537
-0.30134600 -0.03513600 -4.58287716 154 193 132 0.000000 0.694569 0.001381 0.719425
-0.02226500 -0.11095200 -4.78744984 78 92 60 0.000000 0.332624 0.001246 0.943059
-0.26147699 -0.08088700 -4.63843203 131 172 113 0.000000 0.711237 0.001381 0.702951
-0.08435500 -0.21879400 -4.77960682 168 198 136 0.000000 0.503455 0.001335 0.864020
-0.30396000 -0.21029700 -4.71228695 140 180 114 0.000000 0.525521 0.001344 0.850780
-0.32945001 -0.07892700 -4.60117817 133 176 114 0.000000 0.493986 0.001331 0.869469
-0.07324500 -0.13121299 -4.74888802 153 194 133 0.000000 0.642481 0.001376 0.766300
-0.08174100 -0.10768400 -4.72012997 142 182 119 0.000000 0.711237 0.001381 0.702951
-0.39546201 -0.02402500 -4.56653690 68 79 43 0.000000 0.193909 0.001147 -0.981019
-0.33729300 -0.07565900 -4.59464216 127 168 105 0.000000 0.265352 0.001201 0.964151
-0.35363299 -0.11160600 -4.62013102 117 160 91 0.000000 0.058843 0.001032 0.998267
-0.37977600 -0.29460999 -4.70705795 168 206 143 0.000000 0.412244 0.001292 0.911072
-0.16082500 -0.12206300 -4.70052290 120 161 96 0.000000 0.254023 0.001193 0.967197
-0.38304400 -0.08546200 -4.59006691 113 153 86 0.000000 -0.111142 0.001079 0.993804
-0.27454901 -0.27369499 -4.77111006 185 162 105 0.000000 -0.600218 0.001367 -0.799835
-0.10527000 -0.03513600 -4.67307186 116 155 72 0.000000 -0.983039 0.001139 0.183394
-0.33141100 0.01911100 -4.52928305 183 216 163 0.000000 0.768784 0.001375 0.639507
-0.16474700 -0.12794600 -4.70313692 122 163 97 0.000000 0.259673 0.001197 0.965696
-0.17847200 -0.22990499 -4.76784182 137 174 104 0.000000 0.563126 0.001357 0.826370
-0.25951701 -0.21748701 -4.73973799 149 167 109 0.000000 0.308835 0.001230 0.951115
-0.31768599 -0.24297699 -4.72666597 153 194 129 0.000000 0.468736 0.001320 0.883337
-0.39350200 -0.10768400 -4.61228800 117 156 88 0.000000 0.054502 0.001028 0.998513
-0.51572198 -0.27304199 -4.68026209 139 156 93 0.000000 -0.311788 0.001232 -0.950151
-0.07193700 -0.10114900 -4.72274399 141 183 117 0.000000 0.563126 0.001357 0.826370
-0.30853501 -0.08742300 -4.61751699 134 175 115 0.000000 0.162760 0.001122 0.986665
-0.35363299 -0.06520100 -4.57634211 122 163 98 0.000000 0.478202 0.001325 0.878249
-0.44644201 -0.19983999 -4.65934706 121 161 93 0.000000 -0.027071 0.001003 0.999633
-0.19285101 0.03479700 -4.61032820 153 192 134 0.000000 0.259673 0.001197 0.965696
-0.29938501 -0.18350001 -4.69464111 137 178 112 0.000000 0.522373 0.001343 0.852716
-0.49872899 -0.18872900 -4.67437887 138 163 105 0.000000 0.995047 0.001069 -0.099398
-0.40134501 -0.26258400 -4.69333315 153 192 128 0.000000 0.381263 0.001275 0.924466
-0.28173801 -0.19722600 -4.71294117 147 171 115 0.000000 0.375114 0.001272 0.926978
-0.22945200 -0.00703200 -4.61228800 136 180 113 0.000000 0.332624 0.001246 0.943059
-0.07847300 -0.07239100 -4.68614388 129 173 101 0.000000 -0.387428 0.001279 0.921899
-0.45428500 -0.15931800 -4.64496803 141 168 89 0.000000 -0.594083 0.001366 -0.804402
-0.11115300 -0.15278199 -4.74300623 144 185 121 0.000000 0.462431 0.001317 0.886654
-0.20069399 -0.14363199 -4.70444393 135 176 114 0.000000 0.341642 0.001251 0.939829
-0.28043100 -0.04494000 -4.60313797 148 191 131 0.000000 0.381263 0.001275 0.924466
-0.24644500 -0.22010100 -4.74496698 114 156 87 0.000000 0.265352 0.001201 0.964151
-0.40592000 -0.06193300 -4.55934811 85 122 35 0.000000 0.940919 0.001250 -0.338631
-0.11703500 -0.01879700 -4.66719007 150 191 117 0.000000 -0.188635 0.001143 0.982047
-0.41114801 -0.17434999 -4.65084982 134 173 104 0.000000 -0.378186 0.001273 0.925729
-0.24448401 -0.19330400 -4.72470522 130 166 99 0.000000 0.591008 0.001365 0.806665
-0.39742300 -0.02664000 -4.51686478 132 149 94 0.000000 0.560008 0.001356 0.828486
-0.34317601 -0.13709600 -4.64169979 124 166 101 0.000000 0.556887 0.001355 0.830587
-0.20069399 -0.15605000 -4.71294117 142 175 110 0.000000 0.240031 0.001182 0.970765
-0.29023501 0.00734700 -4.57830191 159 202 135 0.000000 0.240031 0.001182 0.970765
-0.29219601 0.04460100 -4.58287716 202 238 181 0.000000 0.642481 0.001376 0.766300
-0.14252500 -0.18023200 -4.74692678 155 189 124 0.000000 0.302950 0.001227 0.953006
-0.21834099 -0.05343700 -4.64366102 153 193 138 0.000000 0.581753 0.001362 0.813364
-0.33010399 0.03218300 -4.52340078 174 211 151 0.000000 0.781002 0.001373 0.624527
-0.38631201 -0.29330301 -4.70379114 169 208 146 0.000000 0.563126 0.001357 0.826370
-0.22422300 -0.09461300 -4.66522884 140 179 113 0.000000 0.193909 0.001147 0.981019
-0.14971399 -0.24363001 -4.79463911 91 113 74 0.000000 0.497143 0.001333 0.867668
-0.31311101 -0.02664000 -4.56130886 167 200 149 0.000000 0.506611 0.001337 0.862174
-0.43794501 -0.08742300 -4.60117817 123 157 82 0.000000 -0.945148 0.001242 0.326641
-0.27454901 -0.26585200 -4.76391983 160 186 134 0.000000 0.218041 0.001166 0.975939
-0.28762099 -0.09003800 -4.62993479 132 169 108 0.000000 0.437266 0.001305 0.899331
-0.21441901 0.04329400 -4.60183096 119 137 92 0.000000 0.356781 0.001261 0.934187
-0.42814201 -0.30572101 -4.69006491 118 147 73 0.000000 -0.832674 0.001354 0.553762
-0.31703201 -0.15997100 -4.67045784 135 176 112 0.000000 0.199215 0.001152 0.979955
-0.31049600 0.02630100 -4.55412006 175 216 140 0.000000 0.826370 0.001357 0.563126
-0.39154100 -0.25931600 -4.69529390 151 193 127 0.000000 0.402911 0.001287 0.915238
-0.15886401 -0.15343501 -4.72143698 131 173 102 0.000000 0.170436 0.001129 0.985368
-0.16736101 -0.09918800 -4.68287611 136 176 112 0.000000 0.245605 0.001186 0.969369
-0.45820701 -0.21879400 -4.66588306 144 184 110 0.000000 0.000978 0.000978 0.999999
-0.26278400 -0.10245600 -4.65150404 131 172 110 0.000000 0.285453 0.001215 0.958392
-0.14252500 -0.03775100 -4.66392183 153 193 136 0.000000 0.025017 0.001001 0.999686
-0.32291400 -0.13448100 -4.64692879 129 169 112 0.000000 0.180786 0.001137 0.983522
-0.32814300 -0.26715899 -4.73189497 165 199 136 0.000000 0.347682 0.001255 0.937612
-0.35755399 -0.26846600 -4.71490097 179 210 152 0.000000 0.563126 0.001357 0.826370
-0.45232400 -0.12794600 -4.62013102 111 151 82 0.000000 0.000978 0.000978 0.999999
-0.34513599 -0.17892499 -4.67503309 134 167 104 0.000000 0.254023 0.001193 0.967197
-0.40984100 -0.07304400 -4.57568789 87 125 47 0.000000 -0.893111 0.001311 0.449834
-0.37062600 -0.12794600 -4.62732077 110 154 84 0.000000 -0.196558 0.001149 0.980491
-0.19873300 -0.12729201 -4.69137192 134 178 108 0.000000 0.459279 0.001316 0.888291
-0.37454799 -0.07565900 -4.58418512 106 146 78 0.000000 0.569351 0.001359 0.822094
-0.05886600 -0.11944900 -4.75281000 166 206 143 0.000000 0.627537 0.001373 0.778585
-0.23990899 -0.13905700 -4.68875790 134 175 112 0.000000 0.347682 0.001255 0.937612
-0.34382901 -0.30049199 -4.73385620 178 215 145 0.000000 0.923189 0.001277 0.384343
-0.28500599 -0.28415301 -4.76522779 162 164 88 0.000000 -0.778585 0.001373 -0.627537
-0.11115300 -0.16650701 -4.75084877 153 194 133 0.000000 0.332624 0.001246 0.943059
-0.47389299 -0.14820699 -4.62470722 142 183 110 0.000000 -0.063217 0.001036 0.997999
-0.31899300 -0.25604799 -4.73124123 153 193 130 0.000000 0.702951 0.001381 0.711237
-0.28892800 -0.17500401 -4.69202614 131 170 108 0.000000 0.083307 0.001055 0.996523
-0.22160900 -0.03971100 -4.63385677 147 189 131 0.000000 0.506611 0.001337 0.862174
-0.38435099 -0.06258700 -4.56130886 95 136 62 0.000000 0.788169 0.001371 0.615457
-0.25624901 -0.20964400 -4.73450899 138 165 105 0.000000 0.308835 0.001230 0.951115
-0.42029899 -0.04232600 -4.55085087 115 142 66 0.000000 0.560008 0.001356 -0.828486
-0.45624599 -0.23317300 -4.66915083 135 175 104 0.000000 0.092452 0.001063 0.995717
-0.11768800 -0.10441600 -4.69856215 135 175 110 0.000000 0.478202 0.001325 0.878249
-0.39284801 -0.24036200 -4.68679810 151 191 124 0.000000 0.127937 0.001093 0.991782
-0.28892800 -0.14428499 -4.66849709 161 181 127 0.000000 0.188635 0.001143 0.982047
-0.23664100 -0.27696300 -4.77568483 112 147 90 0.000000 0.215328 0.001164 0.976541
-0.41833800 -0.08284800 -4.58679914 107 145 73 0.000000 0.097074 0.001067 0.995277
-0.16736101 -0.11552700 -4.69464111 132 168 101 0.000000 0.237255 0.001180 0.971447
-0.32814300 -0.06650800 -4.59006691 133 176 113 0.000000 0.553762 0.001354 0.832674
-0.09481300 -0.22729100 -4.77960682 72 90 54 0.000000 0.430994 0.001302 0.902354
-0.12618500 -0.04559400 -4.66784286 165 195 103 0.000000 -0.245605 0.001186 -0.969369
-0.49807501 -0.29983899 -4.66915083 117 135 88 0.000000 -0.412244 0.001292 0.911072
-0.44252101 -0.31944600 -4.68091488 150 183 67 0.000000 -0.516071 0.001340 -0.856545
-0.14383200 -0.00833900 -4.65281105 154 199 131 0.000000 0.509765 0.001338 0.860313
-0.19023600 -0.23905499 -4.76980305 122 162 102 0.000000 0.248404 0.001189 0.968656
-0.47977501 -0.20768300 -4.67307186 127 154 81 0.000000 -0.279674 0.001211 -0.960094
-0.36474401 0.00538600 -4.51032877 186 220 164 0.000000 0.538096 0.001349 0.842882
-0.10592400 -0.05147600 -4.66130686 159 187 86 0.000000 -0.056668 0.001030 -0.998393
-0.24448401 -0.25212699 -4.76522779 116 152 90 0.000000 0.207235 0.001158 0.978290
-0.33729300 -0.08284800 -4.59529495 128 171 95 0.000000 -0.745961 0.001379 0.665988
-0.23860200 -0.23055901 -4.75215578 116 159 89 0.000000 0.291258 0.001219 0.956644
-0.44382799 -0.09526600 -4.60771418 134 173 98 0.000000 0.041673 0.001016 0.999131
-0.26147699 -0.20702900 -4.72993422 134 165 97 0.000000 0.443546 0.001308 0.896251
-0.36147600 -0.14559200 -4.64235401 121 164 96 0.000000 0.311788 0.001232 0.950151
-0.21376500 -0.24559100 -4.76914883 136 161 89 0.000000 -0.531813 0.001346 -0.846861
-0.36605099 -0.28872800 -4.71359396 164 203 140 0.000000 0.600218 0.001367 0.799835
-0.24383000 -0.10507000 -4.66392183 136 177 117 0.000000 0.541234 0.001350 0.840871
-0.28173801 -0.11487400 -4.64889002 135 172 112 0.000000 0.516071 0.001340 0.856545
-0.25755599 -0.24820501 -4.76130581 134 147 92 0.000000 0.231726 0.001176 0.972780
-0.37193301 -0.22990499 -4.69333315 160 196 126 0.000000 0.254023 0.001193 0.967197
-0.32683599 -0.19918600 -4.69529390 142 183 122 0.000000 0.069839 0.001042 0.997558
-0.35363299 0.01519000 -4.51555777 171 212 149 0.000000 0.199215 0.001152 0.979955
-0.15494300 -0.08546200 -4.67960787 135 176 104 0.000000 0.350710 0.001257 0.936483
