v 1.196844412 -0.040412806 -5.024511859 0.388235 0.392157 0.282353
v 1.198216449 -0.041272165 -5.035173998 0.749020 0.827451 0.454902
v 1.200005042 -0.059156838 -5.032436366 0.250980 0.262745 0.196078
v 1.195089050 -0.035973993 -5.046942651 0.705882 0.756863 0.647059
v 1.197350227 -0.049989180 -5.044491348 0.788235 0.850980 0.643137
v 1.208142450 -0.046570487 -5.040287264 0.517647 0.607843 0.360784
v 1.197817946 -0.056714413 -5.044248851 0.400000 0.400000 0.376471
v 1.205925024 -0.049095229 -5.047233701 0.631373 0.772549 0.423529
v 1.212432188 -0.059038394 -5.042950751 0.207843 0.254902 0.141176
v 1.200751835 -0.053832813 -5.054004046 0.780392 0.811765 0.658824
v 1.203974888 -0.043935544 -5.055388409 0.725490 0.835294 0.462745
v 1.206759853 -0.052813786 -5.052532068 0.741176 0.870588 0.560784
v 1.223286638 -0.041530974 -5.052924219 0.662745 0.788235 0.443137
v 1.205814940 -0.027208605 -5.066292492 0.690196 0.733333 0.647059
v 1.206214634 -0.049404911 -5.061988471 0.823529 0.866667 0.647059
v 1.223571928 -0.048365710 -5.054784219 0.482353 0.580392 0.368627
v 1.212926151 -0.041253970 -5.067799071 0.737255 0.878431 0.521569
v 1.236759058 -0.039635801 -5.058447798 0.749020 0.878431 0.529412
v 1.222621713 -0.040468196 -5.064955255 0.725490 0.866667 0.462745
v 1.208044486 -0.018809534 -5.077488463 0.396078 0.431373 0.376471
v 1.211957812 -0.028533864 -5.076744979 0.737255 0.882353 0.556863
v 1.217938241 -0.033797721 -5.072972632 0.701961 0.843137 0.388235
v 1.237640809 -0.047566230 -5.061177292 0.580392 0.713725 0.372549
v 1.247740036 -0.042619681 -5.060017714 0.588235 0.682353 0.380392
v 1.219568188 -0.045844267 -5.073296759 0.678431 0.847059 0.498039
v 1.227230375 -0.047142588 -5.070216574 0.600000 0.768627 0.411765
v 1.212569445 -0.022567036 -5.084730299 0.803922 0.925490 0.686275
v 1.236218997 -0.047548342 -5.070258934 0.513725 0.666667 0.317647
v 1.209654091 -0.017006707 -5.092039837 0.494118 0.541176 0.447059
v 1.213121612 -0.029936354 -5.087692303 0.772549 0.909804 0.627451
v 1.221785341 -0.040300046 -5.081494717 0.701961 0.870588 0.549020
v 1.245589900 -0.042040336 -5.070487807 0.701961 0.850980 0.462745
v 1.219514887 -0.027526054 -5.094591490 0.650980 0.788235 0.313725
v 1.255241466 -0.048191981 -5.073379033 0.611765 0.768627 0.431373
v 1.207798587 -0.008838211 -5.105595627 0.192157 0.211765 0.188235
v 1.246476984 -0.048070586 -5.079795399 0.631373 0.792157 0.423529
v 1.270177550 -0.047789553 -5.068690462 0.647059 0.741176 0.443137
v 1.215372039 -0.022721737 -5.101506574 0.780392 0.921569 0.615686
v 1.220372255 -0.035123115 -5.096732279 0.768627 0.929412 0.674510
v 1.230856278 -0.048576917 -5.089557779 0.690196 0.858824 0.525490
v 1.257009172 -0.044199536 -5.078448492 0.713725 0.862745 0.458824
v 1.219300235 -0.017686943 -5.104934910 0.654902 0.792157 0.298039
v 1.240236153 -0.049051289 -5.088771403 0.639216 0.792157 0.443137
v 1.225082946 -0.043441250 -5.097488311 0.721569 0.890196 0.537255
v 1.214278028 -0.014537219 -5.109498999 0.796078 0.925490 0.709804
v 1.214085463 -0.009798399 -5.111276466 0.694118 0.784314 0.466667
v 1.280482104 -0.052140065 -5.071856114 0.305882 0.360784 0.184314
v 1.223735638 -0.035215679 -5.106141664 0.745098 0.905882 0.654902
v 1.263177729 -0.047272475 -5.087188423 0.650980 0.800000 0.384314
v 1.229347998 -0.031160630 -5.106618368 0.686275 0.835294 0.352941
v 1.270016916 -0.052389941 -5.082989014 0.666667 0.811765 0.482353
v 1.252329691 -0.048242711 -5.092727987 0.576471 0.737255 0.419608
v 1.221135880 -0.014939144 -5.115300436 0.639216 0.772549 0.294118
v 1.274723686 -0.051505419 -5.083154930 0.639216 0.788235 0.380392
v 1.242739796 -0.047972480 -5.100055134 0.643137 0.803922 0.482353
v 1.232432925 -0.040606128 -5.107217944 0.721569 0.882353 0.552941
v 1.290324123 -0.057975873 -5.078368708 0.223529 0.278431 0.078431
v 1.209884616 -0.004628077 -5.128090669 0.603922 0.678431 0.458824
v 1.240873277 -0.048845523 -5.104676760 0.698039 0.847059 0.486275
v 1.229248892 -0.022001231 -5.117701832 0.678431 0.831373 0.356863
v 1.249888154 -0.050099976 -5.103059411 0.666667 0.815686 0.396078
v 1.270717433 -0.048093374 -5.096102546 0.650980 0.811765 0.396078
v 1.277697758 -0.053556253 -5.091998714 0.596078 0.749020 0.352941
v 1.253086620 -0.044738119 -5.107390852 0.694118 0.835294 0.407843
v 1.273501871 -0.054279481 -5.095813050 0.607843 0.772549 0.478431
v 1.209135146 -0.006134163 -5.137718362 0.607843 0.709804 0.400000
v 1.301147852 -0.065268628 -5.082356073 0.223529 0.262745 0.145098
v 1.239315468 -0.031520621 -5.120937082 0.631373 0.768627 0.329412
v 1.246098809 -0.037966888 -5.116953012 0.635294 0.776471 0.341176
v 1.244644147 -0.042975338 -5.116678492 0.662745 0.819608 0.450980
v 1.216317455 -0.011735627 -5.136971954 0.662745 0.807843 0.462745
v 1.286568357 -0.059000850 -5.093654838 0.643137 0.811765 0.384314
v 1.221423002 -0.017705812 -5.133688889 0.694118 0.854902 0.572549
v 1.231450895 -0.029189131 -5.127135799 0.690196 0.843137 0.498039
v 1.254894493 -0.048844833 -5.111927492 0.662745 0.819608 0.454902
v 1.233079187 -0.026358117 -5.128148984 0.619608 0.764706 0.329412
v 1.289743964 -0.065867727 -5.093445445 0.592157 0.749020 0.447059
v 1.264729667 -0.048081270 -5.109718202 0.584314 0.733333 0.372549
v 1.273855566 -0.051629755 -5.105632617 0.588235 0.741176 0.392157
v 1.256244640 -0.043325155 -5.116169026 0.596078 0.733333 0.341176
v 1.299052603 -0.070583234 -5.090202798 0.678431 0.823529 0.596078
v 1.207769099 -0.008090694 -5.147334171 0.627451 0.760784 0.411765
v 1.242801825 -0.036101895 -5.127181173 0.682353 0.839216 0.513725
v 1.303035428 -0.067758779 -5.093680488 0.658824 0.815686 0.400000
v 1.294998578 -0.063764161 -5.099299222 0.650980 0.811765 0.400000
v 1.194668738 -0.005366706 -5.159390393 0.180392 0.215686 0.129412
v 1.246807097 -0.034226197 -5.128946449 0.619608 0.756863 0.333333
v 1.220365045 -0.022294681 -5.144086974 0.666667 0.819608 0.501961
v 1.265994798 -0.054011966 -5.115896621 0.619608 0.780392 0.439216
v 1.257622304 -0.050745038 -5.120682571 0.647059 0.800000 0.392157
v 1.286728085 -0.062101543 -5.104775621 0.623529 0.788235 0.490196
v 1.237329978 -0.030113834 -5.135250606 0.682353 0.835294 0.545098
v 1.264078190 -0.049495289 -5.118483903 0.611765 0.772549 0.462745
v 1.299626780 -0.070116663 -5.099902943 0.592157 0.752941 0.486275
v 1.256879330 -0.042932942 -5.127364315 0.592157 0.741176 0.403922
v 1.216740275 -0.014667936 -5.154759654 0.650980 0.803922 0.470588
v 1.281435399 -0.056388129 -5.115346624 0.596078 0.745098 0.384314
v 1.313528949 -0.072556736 -5.096834630 0.623529 0.764706 0.392157
v 1.218123536 -0.022878481 -5.152851687 0.603922 0.764706 0.364706
v 1.279865389 -0.059912707 -5.116737625 0.635294 0.796078 0.505882
v 1.252821772 -0.038297801 -5.134538453 0.592157 0.737255 0.321569
v 1.262628931 -0.048590447 -5.127999917 0.611765 0.768627 0.423529
v 1.321632509 -0.076519932 -5.095170648 0.321569 0.380392 0.203922
v 1.300731218 -0.066854552 -5.107265864 0.580392 0.733333 0.321569
v 1.313941441 -0.076880955 -5.100661718 0.635294 0.803922 0.501961
v 1.230729062 -0.023841164 -5.151421025 0.639216 0.792157 0.474510
v 1.203558079 -0.010069170 -5.167412534 0.474510 0.596078 0.266667
v 1.336071469 -0.078140023 -5.091158117 0.239216 0.254902 0.176471
v 1.241425706 -0.027360057 -5.147390640 0.627451 0.776471 0.439216
v 1.217692033 -0.025580508 -5.159142449 0.588235 0.749020 0.329412
v 1.288611980 -0.063181634 -5.117597976 0.627451 0.788235 0.486275
v 1.266053692 -0.045399020 -5.132210551 0.572549 0.717647 0.352941
v 1.213837101 -0.013476709 -5.164265633 0.556863 0.717647 0.337255
v 1.273467091 -0.050755696 -5.128132042 0.556863 0.705882 0.364706
v 1.256490482 -0.044942739 -5.137559492 0.600000 0.752941 0.368627
v 1.249594119 -0.035921097 -5.144973699 0.603922 0.749020 0.380392
v 1.260382942 -0.043185429 -5.138582163 0.607843 0.756863 0.443137
v 1.317890965 -0.075110150 -5.104837740 0.580392 0.733333 0.317647
v 1.190093095 -0.010534377 -5.179439441 0.200000 0.227451 0.152941
v 1.331230777 -0.082199371 -5.098383821 0.227451 0.290196 0.109804
v 1.298623543 -0.068085440 -5.117572947 0.627451 0.792157 0.462745
v 1.198629441 -0.012688219 -5.177854115 0.513725 0.627451 0.309804
v 1.224179577 -0.019974874 -5.165126658 0.619608 0.764706 0.380392
v 1.236959572 -0.025096647 -5.158603766 0.619608 0.760784 0.376471
v 1.291160527 -0.060224096 -5.125774570 0.580392 0.721569 0.309804
v 1.211187116 -0.014026082 -5.173859799 0.549020 0.694118 0.329412
v 1.248015803 -0.036060840 -5.152891755 0.631373 0.784314 0.396078
v 1.306221651 -0.068700524 -5.118509984 0.611765 0.772549 0.349020
v 1.193698820 -0.014795931 -5.184123580 0.525490 0.658824 0.290196
v 1.229497885 -0.025639853 -5.165790637 0.615686 0.772549 0.419608
v 1.220033785 -0.024618071 -5.170542739 0.596078 0.752941 0.341176
v 1.260359052 -0.046725506 -5.147253598 0.549020 0.701961 0.329412
v 1.280302313 -0.051485345 -5.136986732 0.596078 0.752941 0.407843
v 1.281604718 -0.057251788 -5.136795021 0.513725 0.674510 0.258824
v 1.313580284 -0.074159244 -5.118448156 0.631373 0.788235 0.505882
v 1.333461435 -0.088246208 -5.106368699 0.270588 0.301961 0.254902
v 1.288479846 -0.057623014 -5.134568773 0.592157 0.745098 0.333333
v 1.216400318 -0.020502833 -5.177044632 0.596078 0.745098 0.321569
v 1.272710746 -0.052558037 -5.144022436 0.549020 0.709804 0.333333
v 1.262045907 -0.042179075 -5.151472993 0.615686 0.756863 0.458824
v 1.290752410 -0.063073147 -5.133562988 0.576471 0.733333 0.345098
v 1.298862478 -0.064140722 -5.130559102 0.596078 0.752941 0.333333
v 1.184348997 -0.007559888 -5.197105925 0.305882 0.333333 0.227451
v 1.242835878 -0.032923729 -5.164849103 0.662745 0.811765 0.521569
v 1.238478995 -0.026061529 -5.169044574 0.643137 0.796078 0.474510
v 1.307330554 -0.070722952 -5.127213100 0.611765 0.772549 0.450980
v 1.192494506 -0.012954831 -5.193887088 0.556863 0.678431 0.333333
v 1.229323869 -0.024974251 -5.174737063 0.560784 0.705882 0.356863
v 1.253181219 -0.035117343 -5.161856548 0.596078 0.745098 0.356863
v 1.277307537 -0.050986362 -5.147459162 0.600000 0.756863 0.466667
v 1.257585743 -0.040188803 -5.159316874 0.631373 0.788235 0.494118
v 1.325828366 -0.080895855 -5.118487322 0.592157 0.752941 0.407843
v 1.201659391 -0.014539815 -5.191563703 0.537255 0.678431 0.317647
v 1.228732277 -0.029773748 -5.176116497 0.600000 0.764706 0.364706
v 1.246938103 -0.030768700 -5.167462911 0.603922 0.745098 0.352941
v 1.334768165 -0.088713379 -5.115269956 0.584314 0.741176 0.321569
v 1.339385759 -0.094186933 -5.111913232 0.643137 0.807843 0.545098
v 1.286729181 -0.057092248 -5.145012463 0.572549 0.721569 0.309804
v 1.348488548 -0.095794409 -5.108041371 0.478431 0.576471 0.282353
v 1.267091615 -0.044343197 -5.160180115 0.564706 0.709804 0.403922
v 1.314047256 -0.073186506 -5.132918483 0.580392 0.737255 0.427451
v 1.181229299 -0.003185823 -5.210850978 0.600000 0.666667 0.380392
v 1.243539232 -0.029519167 -5.176304488 0.600000 0.749020 0.400000
v 1.260906827 -0.038988703 -5.166639529 0.576471 0.721569 0.356863
v 1.281281124 -0.058853904 -5.152762304 0.529412 0.686275 0.262745
v 1.227549622 -0.032992003 -5.184114296 0.600000 0.760784 0.376471
v 1.295768839 -0.066613214 -5.144839800 0.568627 0.733333 0.341176
v 1.308089686 -0.069009467 -5.139361005 0.600000 0.756863 0.454902
v 1.221584058 -0.021319866 -5.190717004 0.533333 0.686275 0.341176
v 1.324895410 -0.083032328 -5.128772285 0.619608 0.780392 0.482353
v 1.215769760 -0.016070271 -5.196349000 0.556863 0.709804 0.360784
v 1.286010755 -0.056133129 -5.155440637 0.560784 0.713725 0.313725
v 1.357935206 -0.103461243 -5.112013224 0.333333 0.419608 0.168627
v 1.279122016 -0.052197062 -5.160286574 0.505882 0.654902 0.282353
v 1.340326059 -0.090431436 -5.123300038 0.623529 0.768627 0.407843
v 1.200619454 -0.018671779 -5.204958933 0.580392 0.756863 0.403922
v 1.297840454 -0.063749850 -5.149835385 0.560784 0.713725 0.301961
v 1.235253855 -0.029013952 -5.186861085 0.552941 0.694118 0.333333
v 1.193285916 -0.014485713 -5.209993936 0.560784 0.721569 0.364706
v 1.349705260 -0.098225195 -5.118447699 0.603922 0.745098 0.380392
v 1.332510843 -0.084416812 -5.129707229 0.600000 0.752941 0.368627
v 1.259569054 -0.036690815 -5.174753869 0.611765 0.780392 0.466667
v 1.204843626 -0.015297079 -5.205262566 0.533333 0.686275 0.325490
v 1.324191818 -0.079349158 -5.136147640 0.568627 0.721569 0.333333
v 1.278097984 -0.054599208 -5.163300511 0.501961 0.670588 0.294118
v 1.251587312 -0.032784547 -5.181065728 0.576471 0.721569 0.364706
v 1.262536765 -0.043145863 -5.173755185 0.635294 0.803922 0.494118
v 1.178652539 -0.005393445 -5.221939034 0.541176 0.658824 0.372549
v 1.254874128 -0.038543270 -5.179295897 0.592157 0.737255 0.325490
v 1.233030892 -0.035847257 -5.190438557 0.607843 0.764706 0.380392
v 1.216183203 -0.021101356 -5.201834005 0.564706 0.725490 0.384314
v 1.183568202 -0.012620040 -5.221024593 0.552941 0.682353 0.364706
v 1.299929410 -0.067139243 -5.155263809 0.537255 0.694118 0.282353
v 1.313848797 -0.075450272 -5.148021567 0.521569 0.682353 0.286275
v 1.190049834 -0.011322869 -5.220429269 0.564706 0.713725 0.380392
v 1.292845696 -0.058564216 -5.161834431 0.541176 0.694118 0.298039
v 1.305922711 -0.067656998 -5.153844736 0.552941 0.709804 0.337255
v 1.174913272 0.000834610 -5.230803056 0.325490 0.400000 0.243137
v 1.340149881 -0.088450833 -5.133692920 0.588235 0.737255 0.364706
v 1.348108984 -0.094195705 -5.129684271 0.572549 0.721569 0.345098
v 1.212685439 -0.020132018 -5.210629156 0.564706 0.725490 0.411765
v 1.221319095 -0.019315312 -5.206840624 0.560784 0.709804 0.349020
v 1.264833273 -0.041559447 -5.181894013 0.568627 0.713725 0.345098
v 1.241307805 -0.029895777 -5.195608581 0.572549 0.713725 0.356863
v 1.330428054 -0.083001868 -5.142527964 0.537255 0.686275 0.274510
v 1.231687035 -0.024446673 -5.201923099 0.572549 0.721569 0.400000
v 1.178569883 -0.007251098 -5.230720727 0.541176 0.694118 0.380392
v 1.320255894 -0.075994248 -5.149786302 0.549020 0.705882 0.356863
v 1.369672935 -0.110449238 -5.120059224 0.282353 0.356863 0.137255
v 1.196657092 -0.013760612 -5.223415388 0.596078 0.741176 0.352941
v 1.356523409 -0.103095856 -5.128856619 0.639216 0.792157 0.517647
v 1.201523699 -0.011773347 -5.221965734 0.564706 0.721569 0.392157
v 1.224967648 -0.024396190 -5.209061023 0.576471 0.737255 0.337255
v 1.185795377 -0.009369073 -5.230879336 0.564706 0.713725 0.388235
v 1.255648277 -0.035102186 -5.193101741 0.596078 0.749020 0.396078
v 1.177868555 0.002148656 -5.238149824 0.635294 0.772549 0.380392
v 1.283771605 -0.053407390 -5.176297802 0.482353 0.619608 0.262745
v 1.209214213 -0.013019368 -5.222093751 0.576471 0.713725 0.333333
v 1.364913900 -0.109636073 -5.128029657 0.717647 0.858824 0.650980
v 1.229838626 -0.022400700 -5.210821151 0.517647 0.662745 0.305882
v 1.303245058 -0.063539564 -5.167401859 0.533333 0.682353 0.274510
v 1.345661150 -0.090257825 -5.141726084 0.556863 0.709804 0.301961
v 1.221013428 -0.019088447 -5.216491459 0.572549 0.717647 0.368627
v 1.168115898 0.007349379 -5.247682635 0.215686 0.239216 0.164706
v 1.199936951 -0.008243805 -5.229347389 0.650980 0.811765 0.400000
v 1.294230787 -0.058270165 -5.174638166 0.513725 0.666667 0.266667
v 1.219312294 -0.022056724 -5.217891115 0.545098 0.709804 0.286275
v 1.312878073 -0.070761637 -5.163388732 0.556863 0.713725 0.368627
v 1.284074703 -0.057135215 -5.180131616 0.431373 0.576471 0.184314
v 1.331904352 -0.082442874 -5.152167195 0.568627 0.721569 0.317647
v 1.279369365 -0.051825759 -5.184296166 0.647059 0.776471 0.439216
v 1.251181841 -0.030431570 -5.203512846 0.564706 0.717647 0.356863
v 1.262845791 -0.039966158 -5.197116482 0.584314 0.733333 0.376471
v 1.354514700 -0.097434633 -5.141724465 0.568627 0.717647 0.290196
v 1.321405973 -0.075341177 -5.162606546 0.552941 0.709804 0.423529
v 1.243371987 -0.026717969 -5.209972568 0.564706 0.721569 0.419608
v 1.191978010 -0.009110653 -5.238066255 0.584314 0.737255 0.411765
v 1.373490429 -0.112421982 -5.130507211 0.478431 0.568627 0.388235
v 1.328041551 -0.081452495 -5.160933457 0.533333 0.686275 0.298039
v 1.213158838 -0.019051051 -5.229163556 0.580392 0.737255 0.431373
v 1.176088033 0.005737129 -5.252555185 0.631373 0.768627 0.376471
v 1.206677062 -0.014255344 -5.234036573 0.596078 0.749020 0.447059
v 1.386698531 -0.118957250 -5.127272055 0.250980 0.298039 0.141176
v 1.278494498 -0.051255133 -5.193077138 0.494118 0.627451 0.290196
v 1.234392540 -0.026484978 -5.220257451 0.592157 0.745098 0.443137
v 1.318169916 -0.071375285 -5.171436357 0.580392 0.741176 0.482353
v 1.286762548 -0.054718580 -5.189903106 0.584314 0.733333 0.388235
v 1.177745751 -0.000066860 -5.253195931 0.576471 0.729412 0.407843
v 1.337538006 -0.085624607 -5.160192289 0.533333 0.686275 0.282353
v 1.191044763 -0.013747967 -5.245085765 0.592157 0.737255 0.309804
v 1.273104620 -0.047614717 -5.199483180 0.580392 0.733333 0.400000
v 1.346032899 -0.090360354 -5.156148311 0.552941 0.705882 0.301961
v 1.362169694 -0.102145706 -5.146564508 0.596078 0.749020 0.325490
v 1.223041141 -0.022687171 -5.229897103 0.603922 0.764706 0.454902
v 1.169936186 0.005958377 -5.261207779 0.580392 0.721569 0.435294
v 1.199088642 -0.011635981 -5.243744702 0.576471 0.733333 0.419608
v 1.307428142 -0.065627427 -5.181035341 0.576471 0.729412 0.309804
v 1.373854767 -0.111736456 -5.140114347 0.584314 0.741176 0.313725
v 1.298833242 -0.060276852 -5.186690943 0.533333 0.690196 0.294118
v 1.224083763 -0.018550155 -5.230947955 0.572549 0.717647 0.333333
v 1.243153631 -0.025523822 -5.221223636 0.545098 0.686275 0.286275
v 1.189846861 -0.008399657 -5.250192540 0.615686 0.776471 0.454902
v 1.207260558 -0.018963675 -5.241115333 0.588235 0.745098 0.345098
v 1.393857633 -0.122290285 -5.132092392 0.172549 0.223529 0.082353
v 1.185119698 -0.008707769 -5.255540163 0.576471 0.725490 0.298039
v 1.237690947 -0.022823396 -5.228436519 0.564706 0.713725 0.309804
v 1.325011936 -0.076106932 -5.176277601 0.560784 0.717647 0.490196
v 1.268961826 -0.043846047 -5.209925892 0.607843 0.764706 0.447059
v 1.171837879 0.008502021 -5.267018039 0.611765 0.745098 0.368627
v 1.317715728 -0.071522777 -5.181045060 0.533333 0.690196 0.270588
v 1.263534465 -0.038575251 -5.214781780 0.584314 0.737255 0.435294
v 1.185097024 -0.003555205 -5.259766447 0.576471 0.729412 0.415686
v 1.288615769 -0.055053385 -5.200321833 0.568627 0.694118 0.360784
v 1.344884581 -0.089406898 -5.166606244 0.560784 0.713725 0.384314
v 1.355860470 -0.096317221 -5.160201352 0.576471 0.729412 0.309804
v 1.280006352 -0.050627223 -5.205925454 0.513725 0.666667 0.270588
v 1.306546418 -0.064974357 -5.190671745 0.545098 0.698039 0.290196
v 1.231789521 -0.020948737 -5.235679289 0.552941 0.701961 0.313725
v 1.180928289 0.003471808 -5.265448646 0.654902 0.807843 0.380392
v 1.223586087 -0.019865811 -5.240401153 0.564706 0.725490 0.435294
v 1.165952052 0.010216829 -5.275758914 0.376471 0.419608 0.305882
v 1.368673926 -0.106098949 -5.155335253 0.603922 0.760784 0.450980
v 1.330251293 -0.081919688 -5.179353384 0.529412 0.678431 0.290196
v 1.336689294 -0.083208518 -5.176301452 0.576471 0.737255 0.486275
v 1.301493155 -0.061407916 -5.197911484 0.564706 0.717647 0.313725
v 1.390558675 -0.120047745 -5.143335330 0.588235 0.729412 0.298039
v 1.219647232 -0.015523163 -5.247724742 0.568627 0.721569 0.325490
v 1.254080758 -0.031818800 -5.228414245 0.545098 0.698039 0.341176
v 1.315991719 -0.070942839 -5.191486992 0.517647 0.670588 0.298039
v 1.202207817 -0.011100913 -5.258144551 0.572549 0.729412 0.415686
v 1.377741208 -0.111172699 -5.154569426 0.596078 0.752941 0.400000
v 1.212234817 -0.014368662 -5.254105374 0.600000 0.764706 0.431373
v 1.278651004 -0.048458537 -5.215592626 0.541176 0.694118 0.290196
v 1.264697809 -0.038604333 -5.224442065 0.592157 0.752941 0.427451
v 1.291375423 -0.057602779 -5.209127768 0.647059 0.772549 0.435294
v 1.365086823 -0.101990575 -5.164991202 0.560784 0.709804 0.290196
v 1.234638717 -0.025122872 -5.243570424 0.588235 0.772549 0.443137
v 1.242960241 -0.025084698 -5.239696658 0.525490 0.670588 0.286275
v 1.259536279 -0.037933710 -5.229122122 0.615686 0.772549 0.501961
v 1.358576457 -0.097342780 -5.169813156 0.588235 0.749020 0.411765
v 1.178469132 0.003278682 -5.276636283 0.607843 0.760784 0.368627
v 1.174716950 0.001077190 -5.278065339 0.584314 0.760784 0.388235
v 1.407718339 -0.127500489 -5.140907211 0.592157 0.725490 0.337255
v 1.196167294 -0.007976851 -5.266948577 0.584314 0.741176 0.376471
v 1.398052197 -0.123553772 -5.147330144 0.549020 0.690196 0.286275
v 1.311159550 -0.067764181 -5.201119285 0.552941 0.701961 0.294118
v 1.328206390 -0.076042215 -5.192383349 0.568627 0.725490 0.501961
v 1.328029686 -0.079963921 -5.192183272 0.517647 0.666667 0.266667
v 1.351577172 -0.092908826 -5.178627524 0.556863 0.709804 0.337255
v 1.253926062 -0.032207003 -5.238003678 0.549020 0.705882 0.419608
v 1.219001782 -0.015131623 -5.258201452 0.549020 0.701961 0.313725
v 1.303911751 -0.063796036 -5.209147927 0.505882 0.654902 0.270588
v 1.165627556 0.009606267 -5.290227051 0.384314 0.450980 0.290196
v 1.227486760 -0.019084024 -5.254961118 0.533333 0.686275 0.294118
v 1.212261267 -0.017011246 -5.263576967 0.607843 0.788235 0.450980
v 1.182473553 -0.004339818 -5.281239745 0.545098 0.713725 0.301961
v 1.347191120 -0.089595847 -5.185874706 0.556863 0.713725 0.380392
v 1.420427542 -0.130960478 -5.142521011 0.447059 0.525490 0.282353
v 1.297528165 -0.062120470 -5.215565114 0.529412 0.658824 0.317647
v 1.186528055 -0.002371489 -5.281395785 0.572549 0.729412 0.411765
v 1.372921487 -0.106363605 -5.171424908 0.592157 0.749020 0.415686
v 1.395633680 -0.120362522 -5.158567036 0.568627 0.709804 0.352941
v 1.322133269 -0.074774719 -5.203491719 0.529412 0.690196 0.317647
v 1.366160793 -0.101384820 -5.177066359 0.592157 0.745098 0.431373
v 1.277276097 -0.047220739 -5.230827599 0.545098 0.694118 0.301961
v 1.209391147 -0.013582574 -5.270187307 0.560784 0.721569 0.407843
v 1.222406490 -0.019868310 -5.262845960 0.584314 0.741176 0.407843
v 1.359154993 -0.097765124 -5.182669657 0.580392 0.729412 0.349020
v 1.336918823 -0.081973642 -5.197957137 0.572549 0.729412 0.466667
v 1.261167946 -0.036089391 -5.243673472 0.549020 0.698039 0.356863
v 1.252992235 -0.032358063 -5.248498923 0.568627 0.717647 0.388235
v 1.292391629 -0.061214599 -5.224362489 0.549020 0.686275 0.309804
v 1.165365676 0.005006403 -5.299020491 0.545098 0.662745 0.352941
v 1.242984895 -0.031650335 -5.254838930 0.541176 0.690196 0.313725
v 1.309560153 -0.066949775 -5.216368571 0.525490 0.678431 0.286275
v 1.184516724 -0.001437079 -5.290304651 0.584314 0.733333 0.364706
v 1.385678564 -0.112944506 -5.171430512 0.588235 0.741176 0.384314
v 1.231744049 -0.024529422 -5.263615417 0.639216 0.796078 0.517647
v 1.430634569 -0.132993601 -5.146548560 0.184314 0.215686 0.113725
v 1.175760384 0.001910634 -5.295917950 0.603922 0.752941 0.372549
v 1.317555337 -0.071824565 -5.213161076 0.576471 0.733333 0.435294
v 1.173311656 -0.000953186 -5.297314895 0.541176 0.701961 0.282353
v 1.393881940 -0.117428549 -5.168208819 0.584314 0.729412 0.380392
v 1.375030040 -0.107022979 -5.180220410 0.564706 0.721569 0.349020
v 1.201147544 -0.007666109 -5.283792447 0.552941 0.713725 0.415686
v 1.349936607 -0.090565899 -5.196287555 0.529412 0.678431 0.352941
v 1.332574134 -0.080284725 -5.206755166 0.588235 0.741176 0.513725
v 1.416357672 -0.128660370 -5.156971487 0.584314 0.725490 0.372549
v 1.194573499 -0.003845785 -5.289473580 0.576471 0.725490 0.349020
v 1.288003763 -0.057905035 -5.234019250 0.498039 0.647059 0.262745
v 1.225822307 -0.017591058 -5.272623284 0.572549 0.721569 0.317647
v 1.157105330 0.005462585 -5.310326031 0.400000 0.435294 0.333333
v 1.185343166 -0.004886291 -5.294960311 0.549020 0.701961 0.376471
v 1.172182663 0.001926755 -5.303916324 0.580392 0.717647 0.356863
v 1.426788767 -0.131072893 -5.155366651 0.545098 0.666667 0.360784
v 1.358738315 -0.097841233 -5.194683373 0.525490 0.670588 0.282353
v 1.240113543 -0.026713082 -5.266212463 0.560784 0.705882 0.317647
v 1.257231571 -0.035849177 -5.256563009 0.552941 0.694118 0.313725
v 1.275138998 -0.045907982 -5.246059935 0.517647 0.662745 0.254902
v 1.384262647 -0.110983659 -5.181851722 0.556863 0.709804 0.364706
v 1.215396823 -0.014460885 -5.283003506 0.568627 0.725490 0.423529
v 1.332329683 -0.083342702 -5.214691102 0.537255 0.682353 0.298039
v 1.325631352 -0.076450552 -5.219630323 0.588235 0.745098 0.490196
v 1.405220136 -0.122854392 -5.172215145 0.584314 0.725490 0.333333
v 1.207477141 -0.012844059 -5.289310740 0.556863 0.733333 0.345098
v 1.416524979 -0.127448453 -5.166645513 0.572549 0.721569 0.384314
v 1.251541328 -0.036270289 -5.264436064 0.509804 0.670588 0.258824
v 1.181180054 -0.004462531 -5.304549441 0.490196 0.647059 0.298039
v 1.369617400 -0.103424831 -5.194654027 0.564706 0.713725 0.325490
v 1.393679793 -0.115400902 -5.181063848 0.572549 0.721569 0.337255
v 1.159707705 -0.000877868 -5.316575046 0.541176 0.670588 0.309804
v 1.309264654 -0.068307777 -5.231638265 0.541176 0.694118 0.333333
v 1.289301420 -0.056880166 -5.243670730 0.529412 0.670588 0.262745
v 1.231472092 -0.019232101 -5.279791431 0.537255 0.686275 0.298039
v 1.294840936 -0.063543127 -5.240412904 0.513725 0.650980 0.254902
v 1.194798115 -0.005925273 -5.300643912 0.552941 0.713725 0.380392
v 1.224497291 -0.017254198 -5.284537688 0.580392 0.745098 0.435294
v 1.354958466 -0.093295537 -5.206761081 0.576471 0.733333 0.458824
v 1.345066240 -0.089065095 -5.212343456 0.533333 0.678431 0.305882
v 1.240072118 -0.024478932 -5.275793460 0.529412 0.674510 0.278431
v 1.282959679 -0.051112091 -5.250086126 0.513725 0.647059 0.231373
v 1.364577601 -0.099834843 -5.201892932 0.549020 0.694118 0.321569
v 1.180533331 -0.001475360 -5.310316007 0.521569 0.678431 0.317647
v 1.266844738 -0.044195738 -5.260418531 0.505882 0.666667 0.239216
v 1.205737061 -0.009603020 -5.296702505 0.556863 0.705882 0.341176
v 1.431872232 -0.131276630 -5.164231006 0.564706 0.717647 0.411765
v 1.265227606 -0.039920364 -5.262986139 0.537255 0.694118 0.309804
v 1.245968229 -0.031275743 -5.274117213 0.568627 0.721569 0.443137
v 1.324235134 -0.077050684 -5.228339842 0.517647 0.662745 0.278431
v 1.447830429 -0.137970267 -5.157762275 0.231373 0.274510 0.137255
v 1.214759914 -0.014856273 -5.294281692 0.545098 0.701961 0.380392
v 1.422741208 -0.131329047 -5.171315341 0.529412 0.678431 0.239216
v 1.258710917 -0.038684686 -5.269307634 0.474510 0.631373 0.247059
v 1.170276436 -0.002133287 -5.319027071 0.564706 0.717647 0.266667
v 1.378107060 -0.105478315 -5.198796246 0.592157 0.749020 0.478431
v 1.409733475 -0.122621756 -5.181865778 0.564706 0.717647 0.427451
v 1.396309769 -0.115784508 -5.189877311 0.560784 0.709804 0.407843
v 1.206032940 -0.013343429 -5.302945304 0.541176 0.705882 0.266667
v 1.290114852 -0.056055731 -5.254103659 0.525490 0.682353 0.258824
v 1.224675410 -0.018334030 -5.293460895 0.552941 0.705882 0.376471
v 1.193362180 -0.006316217 -5.311118918 0.549020 0.694118 0.349020
v 1.321251819 -0.073223228 -5.236457810 0.576471 0.725490 0.474510
v 1.417606295 -0.127821881 -5.179414963 0.564706 0.709804 0.317647
v 1.355068148 -0.093985282 -5.216331582 0.564706 0.717647 0.415686
v 1.386361398 -0.111659708 -5.197872367 0.564706 0.705882 0.349020
v 1.368473135 -0.099156844 -5.209979678 0.611765 0.760784 0.509804
v 1.335831177 -0.082605150 -5.230027992 0.584314 0.737255 0.454902
v 1.185372091 -0.003840648 -5.318340160 0.556863 0.709804 0.345098
v 1.257547371 -0.034452977 -5.278213476 0.525490 0.670588 0.290196
v 1.175638123 -0.002427508 -5.323964973 0.533333 0.682353 0.305882
v 1.446435797 -0.137480280 -5.168236459 0.654902 0.764706 0.529412
v 1.283007215 -0.050220648 -5.264531152 0.541176 0.698039 0.274510
v 1.301930043 -0.068612882 -5.251657506 0.580392 0.717647 0.356863
v 1.265827050 -0.039595470 -5.274986742 0.556863 0.701961 0.313725
v 1.404457832 -0.119569625 -5.193080345 0.560784 0.709804 0.415686
v 1.426041440 -0.130072040 -5.181099808 0.529412 0.686275 0.403922
v 1.223097011 -0.020880142 -5.300577324 0.568627 0.725490 0.423529
v 1.160085757 0.000118588 -5.335169178 0.450980 0.549020 0.274510
v 1.246571883 -0.026832793 -5.288577026 0.564706 0.717647 0.321569
v 1.296760918 -0.063658198 -5.257299837 0.513725 0.662745 0.247059
v 1.434560683 -0.133061870 -5.177909683 0.509804 0.670588 0.349020
v 1.348290061 -0.091446996 -5.227592271 0.529412 0.674510 0.313725
v 1.328388057 -0.077399495 -5.240476592 0.564706 0.721569 0.482353
v 1.415730865 -0.125117870 -5.189064840 0.549020 0.705882 0.427451
v 1.275111741 -0.045959268 -5.272548613 0.505882 0.658824 0.258824
v 1.289912266 -0.055730818 -5.263696242 0.525490 0.686275 0.262745
v 1.168535715 -0.001301473 -5.332839019 0.580392 0.725490 0.333333
v 1.235607361 -0.021410177 -5.297441124 0.505882 0.658824 0.290196
v 1.209812050 -0.012696497 -5.311948621 0.568627 0.717647 0.360784
v 1.399211922 -0.117167437 -5.200332769 0.568627 0.717647 0.435294
v 1.201686566 -0.008964783 -5.317519853 0.560784 0.713725 0.372549
v 1.379574754 -0.109233654 -5.212290804 0.592157 0.733333 0.352941
v 1.362983162 -0.097311009 -5.222812938 0.588235 0.737255 0.486275
v 1.451610485 -0.142517362 -5.172172916 0.600000 0.737255 0.356863
v 1.192227386 -0.010531562 -5.322968791 0.572549 0.725490 0.290196
v 1.187325379 -0.006299244 -5.327199183 0.529412 0.682353 0.341176
v 1.335545177 -0.082435378 -5.241230092 0.580392 0.729412 0.423529
v 1.391092602 -0.114133025 -5.208365052 0.564706 0.717647 0.411765
v 1.162583615 -0.003302621 -5.340570577 0.607843 0.729412 0.360784
v 1.217144218 -0.020001040 -5.311782706 0.584314 0.764706 0.427451
v 1.429097790 -0.133761302 -5.187425202 0.552941 0.694118 0.317647
v 1.358189799 -0.094860304 -5.230035532 0.588235 0.737255 0.474510
v 1.254910170 -0.030967103 -5.292622443 0.525490 0.674510 0.282353
v 1.162020957 0.003338059 -5.344082343 0.588235 0.682353 0.396078
v 1.182980556 -0.008107737 -5.331825462 0.580392 0.721569 0.258824
v 1.271227425 -0.041704008 -5.282973793 0.576471 0.721569 0.333333
v 1.304860737 -0.070036453 -5.261255153 0.529412 0.662745 0.282353
v 1.283672700 -0.050477587 -5.275776346 0.552941 0.713725 0.294118
v 1.414097516 -0.122669262 -5.198751773 0.545098 0.698039 0.364706
v 1.458880381 -0.143750008 -5.173131595 0.282353 0.321569 0.247059
v 1.295024148 -0.059893301 -5.270952751 0.517647 0.674510 0.258824
v 1.378072600 -0.106345155 -5.222073418 0.588235 0.741176 0.482353
v 1.425492286 -0.129499311 -5.195583228 0.545098 0.698039 0.435294
v 1.237786700 -0.023445229 -5.307087355 0.552941 0.709804 0.317647
v 1.444686657 -0.141150634 -5.184191835 0.556863 0.698039 0.313725
v 1.316118155 -0.073017841 -5.259753643 0.564706 0.717647 0.474510
v 1.263854984 -0.037170174 -5.292614806 0.549020 0.701961 0.290196
v 1.365950596 -0.101970326 -5.230749226 0.541176 0.698039 0.298039
v 1.229761457 -0.021036805 -5.312706355 0.552941 0.705882 0.368627
v 1.453684084 -0.144846707 -5.180970659 0.596078 0.737255 0.341176
v 1.385486464 -0.111796862 -5.220350034 0.556863 0.705882 0.345098
v 1.326906091 -0.079765948 -5.255611414 0.513725 0.654902 0.286275
v 1.421404703 -0.129924884 -5.200245420 0.521569 0.670588 0.294118
v 1.175861839 -0.002006571 -5.344016482 0.568627 0.709804 0.337255
v 1.248381083 -0.027157533 -5.304669712 0.545098 0.694118 0.301961
v 1.396977437 -0.116039125 -5.215570114 0.552941 0.701961 0.407843
v 1.437145621 -0.137736013 -5.192238925 0.545098 0.686275 0.305882
v 1.348629650 -0.089107916 -5.244478067 0.556863 0.713725 0.470588
v 1.160205273 0.005349717 -5.353726912 0.521569 0.584314 0.388235
v 1.197305163 -0.010364939 -5.332847235 0.580392 0.733333 0.396078
v 1.465288163 -0.151283182 -5.176183762 0.400000 0.498039 0.231373
v 1.212377715 -0.016316762 -5.324832814 0.580392 0.733333 0.388235
v 1.408850361 -0.122962522 -5.210660608 0.560784 0.709804 0.321569
v 1.306815222 -0.067583678 -5.270969095 0.596078 0.737255 0.439216
v 1.444988302 -0.138692943 -5.190751806 0.545098 0.698039 0.411765
v 1.375153891 -0.108490065 -5.230724546 0.541176 0.690196 0.294118
v 1.342868384 -0.086165751 -5.250908063 0.564706 0.721569 0.443137
v 1.200077297 -0.015582978 -5.333467436 0.607843 0.776471 0.415686
v 1.291371194 -0.056807737 -5.282165677 0.537255 0.686275 0.290196
v 1.277607735 -0.046596739 -5.291002602 0.533333 0.686275 0.286275
v 1.156169456 0.003322427 -5.359135743 0.647059 0.811765 0.450980
v 1.453562715 -0.143184946 -5.187558533 0.580392 0.729412 0.415686
v 1.169351458 0.000942302 -5.352798062 0.541176 0.694118 0.356863
v 1.416460458 -0.125161852 -5.209188887 0.549020 0.701961 0.423529
v 1.258457944 -0.034344672 -5.303837315 0.568627 0.721569 0.317647
v 1.212739385 -0.020833515 -5.328610369 0.588235 0.768627 0.419608
v 1.191311229 -0.006446348 -5.342398303 0.580392 0.733333 0.384314
v 1.329771296 -0.078619603 -5.262161069 0.580392 0.733333 0.466667
v 1.268804253 -0.040932530 -5.300633092 0.525490 0.666667 0.278431
v 1.368959799 -0.102065933 -5.240553424 0.584314 0.737255 0.490196
v 1.412302462 -0.121419999 -5.216421040 0.560784 0.713725 0.458824
v 1.336982381 -0.083554173 -5.260503948 0.545098 0.698039 0.407843
v 1.161727057 0.005002059 -5.363258679 0.525490 0.600000 0.388235
v 1.183475445 -0.003681444 -5.351213450 0.556863 0.713725 0.356863
v 1.253382388 -0.030821963 -5.312683617 0.560784 0.705882 0.305882
v 1.462814808 -0.148809867 -5.189937705 0.643137 0.772549 0.529412
v 1.395640909 -0.114635014 -5.229250464 0.568627 0.725490 0.462745
v 1.447558613 -0.139992590 -5.199570225 0.572549 0.725490 0.450980
v 1.406873985 -0.118655210 -5.223631666 0.556863 0.717647 0.411765
v 1.387518793 -0.111604844 -5.234875851 0.564706 0.725490 0.447059
v 1.318506207 -0.073150531 -5.275755212 0.560784 0.709804 0.458824
v 1.231567240 -0.021461074 -5.327941888 0.556863 0.698039 0.313725
v 1.473397168 -0.159058883 -5.184256886 0.403922 0.478431 0.239216
v 1.451352522 -0.144702828 -5.197820857 0.576471 0.721569 0.321569
v 1.210471730 -0.020474289 -5.338286171 0.596078 0.768627 0.419608
v 1.302951318 -0.064092256 -5.285405998 0.552941 0.713725 0.392157
v 1.423405166 -0.134704748 -5.213916044 0.552941 0.694118 0.317647
v 1.296152833 -0.060083483 -5.290194066 0.552941 0.694118 0.305882
v 1.415483472 -0.127379601 -5.219474308 0.545098 0.686275 0.298039
v 1.377520469 -0.110078940 -5.241214377 0.576471 0.717647 0.337255
v 1.357952832 -0.095402079 -5.254076162 0.564706 0.713725 0.411765
v 1.421023247 -0.128752494 -5.217284123 0.545098 0.701961 0.454902
v 1.175022481 0.002835119 -5.361728638 0.678431 0.811765 0.372549
v 1.441599510 -0.137518339 -5.205960853 0.564706 0.725490 0.443137
v 1.431626862 -0.137547534 -5.210693550 0.552941 0.698039 0.321569
v 1.205681335 -0.013720872 -5.344864349 0.560784 0.705882 0.376471
v 1.194640209 -0.008630386 -5.351218144 0.564706 0.717647 0.372549
v 1.402395704 -0.119815907 -5.229925619 0.552941 0.701961 0.309804
v 1.243688873 -0.025318727 -5.327134404 0.576471 0.713725 0.349020
v 1.162928032 0.000461304 -5.370993899 0.541176 0.658824 0.392157
v 1.281368003 -0.048677177 -5.304664443 0.525490 0.674510 0.270588
v 1.263760826 -0.038149339 -5.316699854 0.568627 0.729412 0.313725
v 1.354239738 -0.094033110 -5.262082448 0.552941 0.701961 0.298039
v 1.163148737 0.008058080 -5.374613752 0.482353 0.541176 0.329412
v 1.252888034 -0.031043244 -5.323898976 0.529412 0.670588 0.290196
v 1.458718009 -0.150857798 -5.201021604 0.572549 0.701961 0.294118
v 1.468709573 -0.153907068 -5.196341493 0.635294 0.776471 0.505882
v 1.413248572 -0.122755708 -5.229253782 0.576471 0.729412 0.470588
v 1.314846808 -0.071682093 -5.286968563 0.658824 0.776471 0.505882
v 1.220616042 -0.019127254 -5.343279083 0.584314 0.721569 0.360784
v 1.349078485 -0.089066402 -5.267724322 0.560784 0.709804 0.403922
v 1.210620154 -0.018494112 -5.348763419 0.592157 0.749020 0.368627
v 1.333545263 -0.080770380 -5.277374160 0.549020 0.709804 0.431373
v 1.394098830 -0.116311575 -5.241179670 0.541176 0.690196 0.301961
v 1.365090378 -0.098678786 -5.258950795 0.572549 0.729412 0.431373
v 1.369675567 -0.105016293 -5.255596217 0.521569 0.662745 0.270588
v 1.437065958 -0.136891896 -5.217231851 0.564706 0.721569 0.466667
v 1.431112140 -0.137808924 -5.220305285 0.572549 0.721569 0.341176
v 1.326127830 -0.077121394 -5.283005486 0.592157 0.737255 0.462745
v 1.177754454 -0.000662253 -5.372089422 0.639216 0.784314 0.454902
v 1.423673774 -0.134199343 -5.227543502 0.572549 0.713725 0.333333
v 1.402044471 -0.118586650 -5.241343749 0.537255 0.694118 0.450980
v 1.479556627 -0.166066054 -5.194655332 0.513725 0.603922 0.282353
v 1.391058113 -0.112591918 -5.248497936 0.552941 0.709804 0.447059
v 1.203457115 -0.015170272 -5.358390144 0.580392 0.737255 0.360784
v 1.464263879 -0.152313324 -5.206001188 0.611765 0.760784 0.505882
v 1.170511331 0.006006030 -5.378670619 0.686275 0.819608 0.384314
v 1.195186718 -0.011712223 -5.363971401 0.576471 0.725490 0.282353
v 1.456359945 -0.148777517 -5.211664117 0.588235 0.745098 0.494118
v 1.343812399 -0.086703402 -5.278188154 0.556863 0.705882 0.400000
v 1.160639697 0.010887996 -5.385750290 0.274510 0.305882 0.215686
v 1.321964215 -0.075895805 -5.290988656 0.674510 0.792157 0.525490
v 1.245932287 -0.027234237 -5.337579400 0.560784 0.705882 0.313725
v 1.419873806 -0.127895271 -5.234109322 0.572549 0.717647 0.454902
v 1.307418255 -0.065646030 -5.300627222 0.560784 0.713725 0.360784
v 1.361708299 -0.095886758 -5.268541307 0.572549 0.729412 0.482353
v 1.299868956 -0.059838965 -5.306266837 0.592157 0.749020 0.458824
v 1.255011562 -0.032381328 -5.333549837 0.596078 0.737255 0.360784
v 1.291215729 -0.054692255 -5.311873338 0.521569 0.690196 0.286275
v 1.452733901 -0.149136662 -5.215492405 0.600000 0.741176 0.333333
v 1.232624757 -0.021785183 -5.347187895 0.568627 0.717647 0.356863
v 1.316334605 -0.071005574 -5.297463391 0.611765 0.741176 0.490196
v 1.433833251 -0.135327703 -5.228469471 0.560784 0.717647 0.439216
v 1.413678221 -0.128558319 -5.239553770 0.541176 0.686275 0.305882
v 1.402740102 -0.123085798 -5.246008098 0.564706 0.709804 0.313725
v 1.187201335 -0.005023548 -5.373706658 0.580392 0.733333 0.403922
v 1.467527420 -0.158115615 -5.209049894 0.572549 0.709804 0.282353
v 1.386941946 -0.111181128 -5.257333862 0.556863 0.713725 0.443137
v 1.279065984 -0.047677724 -5.322314323 0.545098 0.690196 0.278431
v 1.443221955 -0.139090561 -5.225222494 0.564706 0.725490 0.427451
v 1.379421775 -0.107819588 -5.262115546 0.584314 0.729412 0.423529
v 1.217045148 -0.020990447 -5.357537949 0.607843 0.768627 0.435294
v 1.209313574 -0.015239414 -5.362546260 0.564706 0.705882 0.356863
v 1.177156852 -0.002874033 -5.380797744 0.639216 0.776471 0.419608
v 1.398486162 -0.116928004 -5.252550424 0.568627 0.725490 0.454902
v 1.272840278 -0.044099095 -5.327919530 0.541176 0.690196 0.274510
v 1.332187616 -0.081909892 -5.291804577 0.537255 0.678431 0.321569
v 1.373994088 -0.103354194 -5.267774988 0.611765 0.756863 0.494118
v 1.351009160 -0.090767579 -5.282202538 0.568627 0.721569 0.443137
v 1.341225713 -0.087133675 -5.287777667 0.541176 0.690196 0.341176
v 1.486112312 -0.172942469 -5.202726467 0.207843 0.274510 0.113725
v 1.168610831 0.005166763 -5.391372007 0.549020 0.690196 0.360784
v 1.307152305 -0.064541434 -5.311077959 0.592157 0.745098 0.474510
v 1.474460715 -0.160880525 -5.211581973 0.627451 0.776471 0.525490
v 1.178827149 0.000035222 -5.385821211 0.627451 0.756863 0.368627
v 1.267808342 -0.040492525 -5.335157863 0.533333 0.674510 0.286275
v 1.172772912 -0.000457776 -5.388796384 0.611765 0.741176 0.317647
v 1.240947708 -0.026042449 -5.351181385 0.564706 0.713725 0.364706
v 1.410285889 -0.126492470 -5.249999405 0.545098 0.690196 0.305882
v 1.202525530 -0.011305114 -5.372898781 0.552941 0.698039 0.364706
v 1.324131198 -0.077150340 -5.301438630 0.698039 0.800000 0.556863
v 1.315531674 -0.070203445 -5.307094546 0.592157 0.745098 0.474510
v 1.416052488 -0.125929477 -5.247740418 0.584314 0.733333 0.466667
v 1.453803534 -0.152553874 -5.224356891 0.556863 0.701961 0.290196
v 1.260689501 -0.036281718 -5.340769981 0.549020 0.686275 0.317647
v 1.426851567 -0.135062861 -5.241189843 0.537255 0.682353 0.286275
v 1.286419585 -0.052247007 -5.326318772 0.521569 0.670588 0.258824
v 1.370681918 -0.100430647 -5.276557901 0.588235 0.741176 0.482353
v 1.396580949 -0.118580170 -5.261240565 0.521569 0.670588 0.282353
v 1.231835886 -0.021664498 -5.360082092 0.572549 0.701961 0.309804
v 1.302203659 -0.061581934 -5.318310382 0.600000 0.756863 0.458824
v 1.220292124 -0.018227635 -5.366524367 0.556863 0.690196 0.321569
v 1.165757039 0.002341753 -5.396808793 0.611765 0.713725 0.384314
v 1.467918212 -0.157001067 -5.220471574 0.611765 0.764706 0.505882
v 1.465976227 -0.160422543 -5.221887102 0.592157 0.737255 0.309804
v 1.295083719 -0.057373215 -5.325526653 0.545098 0.698039 0.317647
v 1.216945041 -0.020470905 -5.370334741 0.572549 0.752941 0.388235
v 1.441500972 -0.139308734 -5.238875310 0.576471 0.729412 0.482353
v 1.186837050 -0.004198094 -5.388124470 0.572549 0.713725 0.388235
v 1.278259661 -0.046880995 -5.335959713 0.509804 0.662745 0.254902
v 1.448246920 -0.146111519 -5.234734997 0.560784 0.698039 0.294118
v 1.351256845 -0.093605662 -5.292567408 0.564706 0.709804 0.313725
v 1.387380208 -0.111159509 -5.271752174 0.560784 0.717647 0.427451
v 1.332810822 -0.082246381 -5.303856509 0.556863 0.701961 0.372549
v 1.250219914 -0.030730620 -5.354416066 0.529412 0.674510 0.305882
v 1.484192627 -0.171030597 -5.214035819 0.639216 0.768627 0.462745
v 1.423945602 -0.129484629 -5.251709293 0.564706 0.713725 0.439216
v 1.180441965 -0.001741389 -5.394543853 0.556863 0.698039 0.337255
v 1.197124575 -0.006881753 -5.385726101 0.603922 0.737255 0.356863
v 1.318317506 -0.074403492 -5.314240830 0.549020 0.701961 0.305882
v 1.243870993 -0.026582055 -5.360029405 0.525490 0.666667 0.282353
v 1.455414285 -0.148339074 -5.234094456 0.588235 0.745098 0.478431
v 1.360619666 -0.095621215 -5.290230012 0.572549 0.725490 0.462745
v 1.416708345 -0.126300436 -5.257329282 0.580392 0.729412 0.486275
v 1.381048561 -0.108677560 -5.278114427 0.525490 0.674510 0.298039
v 1.172177234 0.004514566 -5.401139465 0.662745 0.815686 0.439216
v 1.459645995 -0.155436588 -5.231513221 0.537255 0.678431 0.262745
v 1.266306932 -0.039495538 -5.347993200 0.509804 0.643137 0.274510
v 1.396663628 -0.115826579 -5.270972106 0.572549 0.729412 0.490196
v 1.308265289 -0.066366176 -5.323899219 0.533333 0.678431 0.278431
v 1.432134222 -0.135598668 -5.250896531 0.580392 0.729412 0.462745
v 1.292047196 -0.055441674 -5.334345280 0.545098 0.694118 0.290196
v 1.438757550 -0.141736061 -5.246817731 0.545098 0.686275 0.286275
v 1.466867830 -0.155957460 -5.230869152 0.603922 0.752941 0.494118
v 1.344452851 -0.090219229 -5.303079762 0.568627 0.721569 0.400000
v 1.490051448 -0.177896570 -5.215572092 0.411765 0.474510 0.274510
v 1.285448605 -0.050959880 -5.339975082 0.517647 0.662745 0.254902
v 1.375209539 -0.104181333 -5.287010519 0.584314 0.737255 0.458824
v 1.447619602 -0.143087834 -5.244513354 0.584314 0.737255 0.419608
v 1.481072301 -0.170058965 -5.223661060 0.615686 0.768627 0.458824
v 1.226234118 -0.020026207 -5.376936200 0.576471 0.709804 0.349020
v 1.481196921 -0.174122600 -5.223494062 0.592157 0.733333 0.282353
v 1.316615401 -0.072082238 -5.323128756 0.600000 0.756863 0.478431
v 1.300011144 -0.060374428 -5.333546372 0.568627 0.725490 0.400000
v 1.473780810 -0.161452935 -5.230034678 0.623529 0.776471 0.525490
v 1.410624739 -0.125759782 -5.267688240 0.564706 0.709804 0.325490
v 1.218393981 -0.017268474 -5.381740004 0.545098 0.690196 0.349020
v 1.333732860 -0.082825402 -5.313479820 0.576471 0.717647 0.447059
v 1.462952042 -0.151761661 -5.238086826 0.584314 0.737255 0.462745
v 1.210179784 -0.013704700 -5.387317086 0.545098 0.698039 0.356863
v 1.263807725 -0.038061093 -5.356827852 0.580392 0.717647 0.325490
v 1.164746224 -0.001071044 -5.412178592 0.513725 0.588235 0.388235
v 1.179408213 -0.002272473 -5.405743324 0.505882 0.658824 0.278431
v 1.429716244 -0.133212399 -5.259725417 0.560784 0.713725 0.474510
v 1.421908499 -0.128786949 -5.264527973 0.572549 0.729412 0.486275
v 1.354087760 -0.095925069 -5.303829549 0.545098 0.694118 0.309804
v 1.457496463 -0.148244069 -5.245298697 0.611765 0.764706 0.521569
v 1.275727522 -0.044706515 -5.353624697 0.572549 0.705882 0.321569
v 1.473792592 -0.166435759 -5.234744047 0.572549 0.717647 0.270588
v 1.488980788 -0.181801218 -5.224313028 0.592157 0.709804 0.341176
v 1.401939618 -0.118878056 -5.279021736 0.560784 0.717647 0.470588
v 1.239347219 -0.025936998 -5.376918320 0.549020 0.698039 0.321569
v 1.380852473 -0.109046512 -5.292574096 0.509804 0.658824 0.282353
v 1.259850487 -0.035548287 -5.365653299 0.552941 0.686275 0.294118
v 1.366111937 -0.099871745 -5.302278441 0.596078 0.741176 0.470588
v 1.309386797 -0.065669958 -5.336773281 0.572549 0.733333 0.415686
v 1.340717818 -0.087286314 -5.317508096 0.556863 0.709804 0.403922
v 1.292636954 -0.055038097 -5.347200018 0.537255 0.686275 0.301961
v 1.450683980 -0.150067865 -5.252389812 0.549020 0.686275 0.286275
v 1.284014579 -0.049834317 -5.352805443 0.588235 0.709804 0.345098
v 1.375370303 -0.104681845 -5.298237068 0.541176 0.694118 0.407843
v 1.220317882 -0.019076290 -5.390547611 0.529412 0.674510 0.341176
v 1.249414707 -0.030736579 -5.374482535 0.545098 0.686275 0.337255
v 1.197884992 -0.010974857 -5.403387148 0.529412 0.678431 0.329412
v 1.188056688 -0.007143017 -5.409124078 0.662745 0.811765 0.435294
v 1.235449536 -0.027516142 -5.382423938 0.576471 0.752941 0.411765
v 1.470224142 -0.158893285 -5.243701679 0.619608 0.776471 0.517647
v 1.268032293 -0.040874146 -5.364840036 0.564706 0.701961 0.305882
v 1.169232076 -0.005703321 -5.419422954 0.505882 0.627451 0.286275
v 1.300857199 -0.060291612 -5.345582659 0.572549 0.725490 0.400000
v 1.350015598 -0.094430273 -5.315069166 0.525490 0.666667 0.305882
v 1.316816126 -0.071704560 -5.335957700 0.560784 0.705882 0.360784
v 1.483345077 -0.177019590 -5.234749297 0.619608 0.760784 0.298039
v 1.478818828 -0.168068054 -5.238954977 0.662745 0.811765 0.549020
v 1.389167618 -0.111522234 -5.293463846 0.556863 0.717647 0.427451
v 1.335636579 -0.084577298 -5.324749743 0.611765 0.733333 0.443137
v 1.416261159 -0.128133086 -5.278121174 0.521569 0.662745 0.278431
v 1.177501536 -0.006756136 -5.417051819 0.486275 0.639216 0.211765
v 1.464762662 -0.158080955 -5.249150199 0.552941 0.701961 0.274510
v 1.436575896 -0.142112107 -5.266065594 0.537255 0.682353 0.298039
v 1.359651140 -0.098437588 -5.311859332 0.588235 0.717647 0.356863
v 1.472827309 -0.165137139 -5.245187539 0.572549 0.717647 0.270588
v 1.494248538 -0.183876960 -5.232469087 0.270588 0.329412 0.211765
v 1.214781688 -0.019017523 -5.400121381 0.537255 0.694118 0.345098
v 1.187317950 -0.014815599 -5.414421338 0.537255 0.694118 0.243137
v 1.424680746 -0.132822306 -5.277398127 0.576471 0.729412 0.454902
v 1.193560605 -0.012363867 -5.413038834 0.462745 0.627451 0.219608
v 1.489443840 -0.177434828 -5.238086446 0.678431 0.819608 0.549020
v 1.205134923 -0.014937203 -5.407398433 0.529412 0.686275 0.321569
v 1.446558123 -0.145982199 -5.265398218 0.572549 0.725490 0.470588
v 1.460704408 -0.152968959 -5.257391924 0.611765 0.768627 0.513725
v 1.480692303 -0.173467083 -5.243593595 0.580392 0.721569 0.270588
v 1.245768542 -0.030752335 -5.385746937 0.564706 0.709804 0.360784
v 1.469079610 -0.157932727 -5.254157942 0.639216 0.788235 0.545098
v 1.168049142 -0.010528346 -5.428224240 0.396078 0.443137 0.317647
v 1.238710348 -0.027938315 -5.391407054 0.615686 0.752941 0.400000
v 1.403747641 -0.121897137 -5.293349248 0.584314 0.717647 0.345098
v 1.305566900 -0.062899507 -5.352813265 0.568627 0.717647 0.396078
v 1.454861334 -0.153677634 -5.262866087 0.545098 0.686275 0.278431
v 1.381660649 -0.109036755 -5.307020965 0.517647 0.674510 0.301961
v 1.291166860 -0.053982205 -5.362441330 0.592157 0.729412 0.403922
v 1.344396798 -0.090418815 -5.329516430 0.552941 0.686275 0.345098
v 1.328674740 -0.081771987 -5.339126784 0.509804 0.658824 0.250980
v 1.176437703 -0.008663691 -5.426807023 0.619608 0.756863 0.474510
v 1.361365451 -0.098136851 -5.321535754 0.568627 0.717647 0.423529
v 1.280816262 -0.048206222 -5.370462909 0.549020 0.686275 0.298039
v 1.501529165 -0.187878457 -5.236425473 0.254902 0.309804 0.184314
v 1.263667500 -0.038324936 -5.380914998 0.537255 0.678431 0.317647
v 1.271994068 -0.042575417 -5.376080550 0.517647 0.658824 0.270588
v 1.179664369 -0.014822749 -5.425685439 0.509804 0.662745 0.200000
v 1.322256033 -0.074447597 -5.345600602 0.592157 0.745098 0.482353
v 1.463031716 -0.158221978 -5.262053567 0.549020 0.690196 0.266667
v 1.414861629 -0.126753399 -5.291857196 0.556863 0.705882 0.470588
v 1.476463931 -0.164050210 -5.255752336 0.650980 0.807843 0.537255
v 1.438070900 -0.143028038 -5.278967977 0.533333 0.678431 0.298039
v 1.488890555 -0.173659870 -5.249358639 0.647059 0.807843 0.498039
v 1.186369996 -0.013905888 -5.426681327 0.552941 0.694118 0.345098
v 1.225102984 -0.023147520 -5.406602852 0.521569 0.674510 0.337255
v 1.398712395 -0.116502331 -5.304706747 0.568627 0.725490 0.466667
v 1.258770178 -0.036070082 -5.388144445 0.549020 0.694118 0.368627
v 1.195572239 -0.015517487 -5.422696604 0.537255 0.678431 0.321569
v 1.237401012 -0.030877298 -5.400058854 0.529412 0.686275 0.250980
v 1.478709500 -0.169456008 -5.257210257 0.552941 0.701961 0.250980
v 1.302394713 -0.060420454 -5.364046965 0.596078 0.725490 0.372549
v 1.374340169 -0.104308020 -5.320724959 0.552941 0.709804 0.423529
v 1.388342228 -0.111566395 -5.313530704 0.552941 0.709804 0.478431
v 1.455873608 -0.153989945 -5.273339322 0.545098 0.694118 0.278431
v 1.211686426 -0.019507597 -5.418626496 0.505882 0.662745 0.294118
v 1.338417420 -0.087085811 -5.344791420 0.768627 0.854902 0.572549
v 1.422734942 -0.131149821 -5.295827447 0.552941 0.694118 0.427451
v 1.414507994 -0.127610018 -5.300604759 0.525490 0.670588 0.286275
v 1.234529122 -0.025941057 -5.407418403 0.537255 0.682353 0.329412
v 1.322339052 -0.072686392 -5.356028797 0.592157 0.741176 0.494118
v 1.310638655 -0.065628400 -5.363230555 0.588235 0.725490 0.388235
v 1.470949950 -0.159935648 -5.267732671 0.615686 0.776471 0.498039
v 1.297624621 -0.057122980 -5.372071014 0.549020 0.694118 0.321569
v 1.498825364 -0.187917352 -5.249126943 0.619608 0.760784 0.309804
v 1.332764601 -0.081437248 -5.350464215 0.596078 0.741176 0.501961
v 1.494626946 -0.179954971 -5.253311965 0.658824 0.807843 0.568627
v 1.481197011 -0.167416314 -5.262981896 0.658824 0.815686 0.568627
v 1.251976179 -0.033561961 -5.400209182 0.572549 0.705882 0.364706
v 1.266741589 -0.040186795 -5.392161105 0.556863 0.698039 0.349020
v 1.286207697 -0.050238690 -5.380910574 0.545098 0.690196 0.341176
v 1.487589386 -0.176584253 -5.259613971 0.588235 0.729412 0.282353
v 1.438242652 -0.142704876 -5.290192362 0.545098 0.690196 0.290196
v 1.256552506 -0.038310937 -5.398460211 0.643137 0.792157 0.486275
v 1.171599091 -0.017820495 -5.443504978 0.447059 0.517647 0.305882
v 1.356976160 -0.094123873 -5.339968844 0.541176 0.694118 0.403922
v 1.391510326 -0.115046148 -5.319848240 0.568627 0.690196 0.337255
v 1.446959134 -0.148534577 -5.286989711 0.556863 0.713725 0.298039
v 1.306173799 -0.061662467 -5.372891504 0.588235 0.733333 0.407843
v 1.384697332 -0.111770769 -5.325492189 0.525490 0.666667 0.309804
v 1.182450946 -0.019253109 -5.441175294 0.572549 0.705882 0.403922
v 1.413664471 -0.124381165 -5.309488549 0.576471 0.729412 0.450980
v 1.372456549 -0.103321551 -5.333532569 0.556863 0.709804 0.356863
v 1.230665569 -0.024857750 -5.417842214 0.533333 0.686275 0.337255
v 1.196141419 -0.019261536 -5.435501253 0.521569 0.678431 0.274510
v 1.405484416 -0.120752132 -5.315063379 0.541176 0.690196 0.337255
v 1.336397604 -0.086449478 -5.355145594 0.517647 0.670588 0.262745
v 1.318510677 -0.069931120 -5.367253778 0.596078 0.737255 0.415686
v 1.477273560 -0.165642698 -5.271805098 0.615686 0.776471 0.509804
v 1.244916231 -0.030044150 -5.410632580 0.552941 0.701961 0.356863
v 1.454547259 -0.153465587 -5.286162646 0.549020 0.701961 0.282353
v 1.507901962 -0.191083181 -5.253336294 0.262745 0.305882 0.207843
v 1.343984436 -0.089589702 -5.352820420 0.803922 0.882353 0.603922
v 1.482121609 -0.172994738 -5.270092063 0.576471 0.721569 0.278431
v 1.301595287 -0.058807747 -5.380099930 0.560784 0.717647 0.392157
v 1.352805333 -0.092815949 -5.348808375 0.545098 0.686275 0.360784
v 1.499540996 -0.185292443 -5.259778511 0.639216 0.784314 0.513725
v 1.468743458 -0.162060327 -5.279705687 0.537255 0.686275 0.254902
v 1.493613686 -0.179453469 -5.265417958 0.647059 0.803922 0.529412
v 1.287693960 -0.050461951 -5.390550508 0.549020 0.701961 0.349020
v 1.260135176 -0.037324719 -5.407423542 0.564706 0.709804 0.372549
v 1.450577340 -0.146773378 -5.294291754 0.580392 0.741176 0.454902
v 1.437831624 -0.137859243 -5.302259604 0.580392 0.733333 0.486275
v 1.174180537 -0.021507201 -5.452322184 0.439216 0.517647 0.274510
v 1.499820760 -0.189866410 -5.262812321 0.603922 0.752941 0.286275
v 1.468232841 -0.158015083 -5.285462798 0.592157 0.745098 0.490196
v 1.336113611 -0.082780823 -5.364099263 0.600000 0.752941 0.505882
v 1.421188863 -0.128631901 -5.314284790 0.556863 0.705882 0.345098
v 1.445746266 -0.144680786 -5.299753085 0.521569 0.678431 0.262745
v 1.373627394 -0.102533273 -5.343192350 0.549020 0.705882 0.435294
v 1.217943925 -0.023025404 -5.433887482 0.541176 0.690196 0.329412
v 1.317408437 -0.068890966 -5.377707722 0.584314 0.725490 0.407843
v 1.279525044 -0.046010970 -5.400941204 0.588235 0.733333 0.415686
v 1.432829077 -0.135000122 -5.309495031 0.592157 0.745098 0.486275
v 1.365484698 -0.097134846 -5.349620655 0.572549 0.729412 0.458824
v 1.411155129 -0.121360790 -5.323139919 0.560784 0.717647 0.439216
v 1.343365282 -0.090142690 -5.362386573 0.670588 0.784314 0.439216
v 1.510551529 -0.193036733 -5.262148528 0.168627 0.207843 0.105882
v 1.393219230 -0.113859483 -5.335197497 0.603922 0.737255 0.450980
v 1.501116476 -0.187756064 -5.268610529 0.690196 0.831373 0.611765
v 1.182866120 -0.029476182 -5.452869067 0.513725 0.674510 0.184314
v 1.383138465 -0.109275911 -5.341542346 0.596078 0.717647 0.368627
v 1.254242204 -0.033923028 -5.418625389 0.549020 0.701961 0.403922
v 1.495210678 -0.185371748 -5.272483798 0.584314 0.729412 0.258824
v 1.354964745 -0.094085722 -5.358455447 0.552941 0.701961 0.415686
v 1.228293963 -0.025591216 -5.433090023 0.537255 0.690196 0.341176
v 1.179469611 -0.021134822 -5.457264866 0.654902 0.749020 0.549020
v 1.331098716 -0.078434852 -5.373691599 0.580392 0.705882 0.341176
v 1.445908221 -0.140975032 -5.306269328 0.596078 0.752941 0.521569
v 1.460982625 -0.155138590 -5.296542899 0.533333 0.690196 0.270588
v 1.312105072 -0.065086209 -5.386515554 0.552941 0.694118 0.301961
v 1.477047417 -0.166353338 -5.286910959 0.541176 0.701961 0.266667
v 1.191700182 -0.023087380 -5.453292126 0.600000 0.733333 0.411765
v 1.267686650 -0.040721498 -5.413823037 0.560784 0.713725 0.360784
v 1.297014936 -0.055957245 -5.396939157 0.552941 0.698039 0.356863
v 1.501254527 -0.191795468 -5.271652787 0.623529 0.776471 0.309804
v 1.238308123 -0.027280136 -5.432261823 0.529412 0.682353 0.329412
v 1.325987535 -0.075073275 -5.380880842 0.541176 0.674510 0.290196
v 1.423180652 -0.127809068 -5.323942915 0.568627 0.725490 0.431373
v 1.432358555 -0.135273712 -5.318248872 0.541176 0.690196 0.321569
v 1.181608785 -0.025229938 -5.460281886 0.517647 0.666667 0.203922
v 1.373419552 -0.101319343 -5.353639725 0.549020 0.709804 0.454902
v 1.492229200 -0.177433510 -5.281455185 0.650980 0.803922 0.549020
v 1.286257537 -0.048538912 -5.406592598 0.607843 0.741176 0.396078
v 1.470187917 -0.158158455 -5.296676867 0.611765 0.768627 0.513725
v 1.478905147 -0.163184738 -5.291868177 0.600000 0.756863 0.470588
v 1.462034738 -0.151976732 -5.302304303 0.611765 0.772549 0.513725
v 1.277997343 -0.044164565 -5.413028170 0.549020 0.686275 0.325490
v 1.212150589 -0.024961141 -5.449147818 0.415686 0.592157 0.137255
v 1.247888073 -0.030587266 -5.431462202 0.545098 0.701961 0.352941
v 1.454970996 -0.146057261 -5.309516868 0.584314 0.737255 0.458824
v 1.265475922 -0.040444361 -5.422585719 0.545098 0.698039 0.305882
v 1.195275245 -0.028494772 -5.458622497 0.549020 0.725490 0.196078
v 1.256376879 -0.034437363 -5.429879604 0.560784 0.713725 0.376471
v 1.369642406 -0.100166780 -5.362400349 0.556863 0.698039 0.372549
v 1.361232286 -0.096876529 -5.367241737 0.525490 0.674510 0.321569
v 1.313622199 -0.065251379 -5.396955493 0.564706 0.705882 0.376471
v 1.302375597 -0.058048422 -5.404180275 0.584314 0.713725 0.376471
v 1.181916329 -0.020638273 -5.469090727 0.345098 0.403922 0.266667
v 1.333861109 -0.079374094 -5.384904903 0.529412 0.674510 0.282353
v 1.403391119 -0.117657839 -5.343990944 0.545098 0.694118 0.341176
v 1.444467338 -0.139767281 -5.319955129 0.588235 0.745098 0.498039
v 1.381068187 -0.105335513 -5.357624790 0.596078 0.729412 0.423529
v 1.512270270 -0.198630804 -5.275680367 0.188235 0.243137 0.078431
v 1.200544360 -0.023955923 -5.460462257 0.576471 0.717647 0.364706
v 1.420314250 -0.124752646 -5.335157342 0.568627 0.725490 0.458824
v 1.412569786 -0.121815916 -5.339954828 0.568627 0.717647 0.337255
v 1.497395057 -0.186595562 -5.286142285 0.568627 0.721569 0.243137
v 1.389832796 -0.110270657 -5.354418906 0.541176 0.690196 0.376471
v 1.437547827 -0.138488328 -5.326303259 0.529412 0.678431 0.270588
v 1.352086493 -0.091854597 -5.376893775 0.788235 0.850980 0.607843
v 1.453045192 -0.144252829 -5.318366659 0.556863 0.709804 0.384314
v 1.294295450 -0.052529496 -5.413011942 0.533333 0.670588 0.325490
v 1.189333786 -0.021404043 -5.469342581 0.576471 0.654902 0.443137
v 1.487126953 -0.169237335 -5.297474316 0.600000 0.756863 0.454902
v 1.460658455 -0.153340549 -5.313419514 0.552941 0.694118 0.301961
v 1.429262090 -0.132556040 -5.332741476 0.545098 0.701961 0.321569
v 1.477019777 -0.161398338 -5.304676854 0.600000 0.764706 0.501961
v 1.468798735 -0.158649423 -5.309451867 0.533333 0.694118 0.266667
v 1.454064198 -0.148144496 -5.318996625 0.533333 0.678431 0.270588
v 1.507059280 -0.195076765 -5.283890839 0.635294 0.772549 0.505882
v 1.249455221 -0.030660350 -5.441096873 0.564706 0.705882 0.368627
v 1.224404555 -0.031261907 -5.452987927 0.356863 0.537255 0.117647
v 1.231838660 -0.028882278 -5.450779199 0.556863 0.701961 0.349020
v 1.331379114 -0.077105264 -5.393737950 0.576471 0.725490 0.419608
v 1.495359752 -0.177679025 -5.295854754 0.592157 0.749020 0.407843
v 1.241418094 -0.029876479 -5.447518634 0.541176 0.698039 0.356863
v 1.310461319 -0.061949070 -5.408189398 0.588235 0.721569 0.392157
v 1.371121624 -0.099507403 -5.372093703 0.568627 0.705882 0.435294
v 1.220706197 -0.027080529 -5.458797954 0.545098 0.698039 0.313725
v 1.345820086 -0.086653675 -5.387370212 0.623529 0.745098 0.490196
v 1.503186814 -0.193491571 -5.290143886 0.580392 0.729412 0.247059
v 1.262306112 -0.036261733 -5.437886221 0.549020 0.701961 0.372549
v 1.277266414 -0.043225957 -5.429878188 0.549020 0.698039 0.337255
v 1.397170621 -0.114069636 -5.358424465 0.549020 0.698039 0.341176
v 1.425580344 -0.127822743 -5.342404624 0.556863 0.713725 0.392157
v 1.208825764 -0.025883381 -5.466866507 0.529412 0.686275 0.294118
v 1.480473132 -0.165947587 -5.308568039 0.549020 0.709804 0.258824
v 1.327218810 -0.073369539 -5.400971747 0.556863 0.701961 0.337255
v 1.383298127 -0.104866589 -5.368071573 0.568627 0.717647 0.423529
v 1.405909913 -0.119054429 -5.355219361 0.537255 0.682353 0.309804
v 1.319184776 -0.066963637 -5.407393366 0.596078 0.733333 0.415686
v 1.467185746 -0.154557288 -5.319136969 0.611765 0.760784 0.478431
v 1.340691790 -0.083322287 -5.394561933 0.572549 0.725490 0.411765
v 1.204253802 -0.028119251 -5.471507763 0.541176 0.709804 0.258824
v 1.514261907 -0.199224014 -5.288655358 0.305882 0.368627 0.219608
v 1.294530632 -0.051284985 -5.425036095 0.560784 0.713725 0.403922
v 1.444128491 -0.142200861 -5.335121849 0.521569 0.674510 0.266667
v 1.367351588 -0.098247138 -5.380905368 0.560784 0.682353 0.388235
v 1.432835621 -0.133476928 -5.343151652 0.521569 0.670588 0.266667
v 1.490126793 -0.171239686 -5.308725391 0.623529 0.780392 0.513725
v 1.260774159 -0.034517428 -5.446709509 0.560784 0.701961 0.360784
v 1.252527740 -0.031721162 -5.451539613 0.541176 0.686275 0.333333
v 1.504084907 -0.189014501 -5.299125515 0.658824 0.815686 0.556863
v 1.241287334 -0.029319513 -5.457960926 0.576471 0.721569 0.360784
v 1.232096665 -0.028396824 -5.462800897 0.549020 0.705882 0.329412
v 1.376728674 -0.101936757 -5.379317616 0.552941 0.701961 0.400000
v 1.508180274 -0.197266697 -5.297303383 0.639216 0.780392 0.313725
v 1.498234833 -0.181804466 -5.305350182 0.580392 0.733333 0.254902
v 1.197742844 -0.021676319 -5.482855231 0.325490 0.372549 0.243137
v 1.281713062 -0.043212925 -5.438678701 0.537255 0.686275 0.329412
v 1.352518711 -0.093545255 -5.394470151 0.529412 0.654902 0.290196
v 1.332184182 -0.075495355 -5.408185973 0.584314 0.705882 0.356863
v 1.202665321 -0.028182214 -5.480282833 0.541176 0.717647 0.180392
v 1.215437112 -0.027227078 -5.474827189 0.490196 0.658824 0.231373
v 1.320654088 -0.066416019 -5.417032996 0.588235 0.721569 0.403922
v 1.206112369 -0.025751852 -5.480478927 0.576471 0.698039 0.388235
v 1.417995934 -0.124680749 -5.359979421 0.549020 0.701961 0.305882
v 1.399774690 -0.112801645 -5.371306596 0.541176 0.701961 0.411765
v 1.444233266 -0.138602713 -5.344852884 0.580392 0.737255 0.486275
v 1.363174702 -0.096950613 -5.392153318 0.662745 0.749020 0.474510
v 1.464904962 -0.151910073 -5.332772807 0.584314 0.737255 0.454902
v 1.433466254 -0.131299148 -5.352044605 0.572549 0.725490 0.466667
v 1.408940471 -0.119487875 -5.366416404 0.541176 0.694118 0.313725
v 1.483599366 -0.164216775 -5.321573143 0.647059 0.803922 0.560784
v 1.426429598 -0.126933694 -5.356848304 0.592157 0.749020 0.478431
v 1.268925350 -0.037493679 -5.450715327 0.568627 0.717647 0.360784
v 1.476110696 -0.160088842 -5.327103814 0.568627 0.725490 0.349020
v 1.260087807 -0.035101752 -5.456333511 0.521569 0.682353 0.345098
v 1.349478862 -0.089019179 -5.402590817 0.513725 0.650980 0.294118
v 1.315914933 -0.063061316 -5.424252005 0.580392 0.733333 0.415686
v 1.251486621 -0.032974004 -5.461186537 0.552941 0.709804 0.349020
v 1.439076602 -0.137122732 -5.350334253 0.545098 0.698039 0.298039
v 1.451564430 -0.143311120 -5.343186877 0.588235 0.733333 0.427451
v 1.384466445 -0.105784199 -5.383296254 0.525490 0.678431 0.337255
v 1.504414750 -0.183578880 -5.310340906 0.639216 0.796078 0.521569
v 1.231877066 -0.028904116 -5.472394538 0.509804 0.670588 0.298039
v 1.243296210 -0.030969457 -5.466763480 0.533333 0.694118 0.337255
v 1.497973190 -0.179888765 -5.314998114 0.584314 0.729412 0.247059
v 1.306484177 -0.057065468 -5.432264919 0.572549 0.729412 0.431373
v 1.330365153 -0.072686220 -5.417830701 0.556863 0.694118 0.313725
v 1.495204131 -0.173861940 -5.319194710 0.658824 0.815686 0.584314
v 1.214510714 -0.029064259 -5.484467436 0.356863 0.439216 0.247059
v 1.286637907 -0.046926101 -5.446750604 0.568627 0.713725 0.372549
v 1.295771408 -0.050367160 -5.441915416 0.560784 0.705882 0.317647
v 1.407295252 -0.116257566 -5.375300099 0.529412 0.690196 0.407843
v 1.371424521 -0.099739482 -5.396151620 0.521569 0.662745 0.345098
v 1.205977166 -0.026100365 -5.490065575 0.341176 0.423529 0.192157
v 1.399875165 -0.112709499 -5.380076196 0.509804 0.662745 0.309804
v 1.472493755 -0.155234611 -5.336761740 0.556863 0.713725 0.411765
v 1.488601222 -0.169673396 -5.326271056 0.552941 0.713725 0.254902
v 1.424113314 -0.125060968 -5.366527322 0.560784 0.713725 0.458824
v 1.226870824 -0.029262202 -5.480433207 0.560784 0.713725 0.352941
v 1.461769581 -0.148653679 -5.343952074 0.537255 0.694118 0.309804
v 1.280610000 -0.042880411 -5.452396134 0.556863 0.698039 0.313725
v 1.391803934 -0.109583605 -5.388104828 0.533333 0.686275 0.321569
v 1.495871186 -0.176810838 -5.324662993 0.592157 0.745098 0.266667
v 1.481992182 -0.162804253 -5.334310537 0.568627 0.729412 0.301961
v 1.264991123 -0.038854442 -5.463603764 0.486275 0.654902 0.329412
v 1.519213793 -0.198260559 -5.309461754 0.223529 0.274510 0.156863
v 1.510202482 -0.188074478 -5.315947333 0.690196 0.839216 0.537255
v 1.338292600 -0.076886667 -5.421047340 0.596078 0.745098 0.474510
v 1.502788678 -0.181210481 -5.321578004 0.690196 0.843137 0.596078
v 1.325348534 -0.068344719 -5.429830239 0.541176 0.686275 0.290196
v 1.252753269 -0.036018693 -5.472446950 0.501961 0.666667 0.325490
v 1.363768972 -0.095832453 -5.407364343 0.878431 0.886275 0.666667
v 1.276486833 -0.041482793 -5.460429522 0.517647 0.666667 0.305882
v 1.451363566 -0.140478051 -5.356844812 0.592157 0.741176 0.474510
v 1.345434346 -0.082754479 -5.419394784 0.513725 0.662745 0.274510
v 1.386833491 -0.106664313 -5.395338146 0.529412 0.686275 0.333333
v 1.490072648 -0.168131572 -5.333609841 0.643137 0.800000 0.556863
v 1.333819628 -0.073031144 -5.428248799 0.572549 0.725490 0.396078
v 1.400255037 -0.111803719 -5.388985620 0.517647 0.674510 0.411765
v 1.220009161 -0.030990302 -5.491645101 0.407843 0.509804 0.211765
v 1.259948660 -0.041266694 -5.470631115 0.541176 0.717647 0.317647
v 1.302563530 -0.052782906 -5.448364918 0.568627 0.709804 0.360784
v 1.438519437 -0.135763086 -5.366424191 0.588235 0.725490 0.352941
v 1.294237840 -0.049333795 -5.453199309 0.576471 0.721569 0.337255
v 1.242820280 -0.031864951 -5.481242072 0.572549 0.725490 0.384314
v 1.412794801 -0.118887628 -5.382531996 0.537255 0.698039 0.427451
v 1.358276003 -0.090685105 -5.415434617 0.572549 0.694118 0.447059
v 1.507000259 -0.187542066 -5.324617163 0.588235 0.741176 0.262745
v 1.428279563 -0.129778758 -5.374437509 0.541176 0.686275 0.305882
v 1.231902677 -0.031263927 -5.488444620 0.545098 0.686275 0.372549
v 1.280344716 -0.049569828 -5.461727296 0.607843 0.756863 0.443137
v 1.378818738 -0.101731244 -5.404220359 0.509804 0.662745 0.419608
v 1.297646113 -0.055762894 -5.452974574 0.529412 0.682353 0.423529
v 1.518415486 -0.195042525 -5.319093137 0.290196 0.372549 0.223529
v 1.312273394 -0.058254380 -5.445951763 0.568627 0.721569 0.380392
v 1.285812360 -0.047677423 -5.461251769 0.568627 0.713725 0.396078
v 1.273040477 -0.040416500 -5.469221274 0.541176 0.713725 0.352941
v 1.422535878 -0.126000493 -5.380865395 0.525490 0.678431 0.294118
v 1.470679593 -0.150812332 -5.352828257 0.564706 0.725490 0.407843
v 1.372403652 -0.098606081 -5.410588176 0.572549 0.698039 0.423529
v 1.341676503 -0.078164363 -5.429864990 0.552941 0.709804 0.352941
v 1.486740752 -0.162836917 -5.343999077 0.643137 0.800000 0.537255
v 1.498940199 -0.177879256 -5.335106444 0.549020 0.705882 0.247059
v 1.406569077 -0.116209166 -5.392096917 0.513725 0.674510 0.298039
v 1.325714489 -0.065153030 -5.442701226 0.576471 0.729412 0.419608
v 1.460416622 -0.143267483 -5.363251128 0.572549 0.729412 0.462745
v 1.437575733 -0.133619809 -5.376866659 0.584314 0.701961 0.360784
v 1.395550959 -0.110084168 -5.401767540 0.552941 0.709804 0.356863
v 1.349988524 -0.083150095 -5.429097039 0.607843 0.768627 0.517647
v 1.478979680 -0.155018510 -5.352863132 0.596078 0.752941 0.521569
v 1.296039958 -0.052975734 -5.461212425 0.584314 0.733333 0.447059
v 1.335783296 -0.072261240 -5.438712249 0.607843 0.768627 0.478431
v 1.231310894 -0.034077526 -5.497258853 0.400000 0.494118 0.207843
v 1.363429898 -0.093968326 -5.422689379 0.690196 0.745098 0.490196
v 1.245899541 -0.032913852 -5.491684369 0.525490 0.654902 0.337255
v 1.432162817 -0.128227746 -5.384985563 0.592157 0.737255 0.470588
v 1.382971979 -0.103168165 -5.413789383 0.521569 0.674510 0.325490
v 1.370632881 -0.098917914 -5.421031824 0.780392 0.811765 0.572549
v 1.357324342 -0.091060746 -5.429036716 0.478431 0.627451 0.219608
v 1.507780751 -0.179271259 -5.339224566 0.662745 0.815686 0.541176
v 1.473232566 -0.151436487 -5.361593914 0.541176 0.694118 0.294118
v 1.305355946 -0.054276407 -5.462089147 0.537255 0.690196 0.329412
v 1.317140795 -0.058960553 -5.455579050 0.580392 0.709804 0.337255
v 1.284131251 -0.042296691 -5.474849008 0.576471 0.741176 0.407843
v 1.406413110 -0.114897629 -5.402541351 0.509804 0.662745 0.290196
v 1.258891169 -0.035040429 -5.490069467 0.466667 0.631373 0.250980
v 1.269527225 -0.036171184 -5.486096033 0.576471 0.686275 0.447059
v 1.241531794 -0.035280545 -5.499680936 0.223529 0.258824 0.149020
v 1.394544094 -0.108059753 -5.412215133 0.537255 0.694118 0.364706
v 1.301025458 -0.050057895 -5.469334165 0.509804 0.662745 0.286275
v 1.309419573 -0.059472413 -5.463426230 0.639216 0.780392 0.505882
v 1.451325916 -0.136535891 -5.380123624 0.564706 0.721569 0.466667
v 1.295639161 -0.054301144 -5.471356473 0.611765 0.772549 0.466667
v 1.426327120 -0.125615633 -5.394525183 0.603922 0.721569 0.388235
v 1.500041150 -0.171699612 -5.351138567 0.572549 0.733333 0.274510
v 1.354178829 -0.086121715 -5.438663554 0.505882 0.654902 0.239216
v 1.303743889 -0.055473886 -5.469102033 0.572549 0.733333 0.454902
v 1.380707713 -0.102000769 -5.423463539 0.529412 0.682353 0.392157
v 1.417966436 -0.118927245 -5.403429319 0.552941 0.709804 0.447059
v 1.334797845 -0.068686654 -5.453921062 0.596078 0.725490 0.384314
v 1.328007170 -0.062963066 -5.458761562 0.533333 0.674510 0.305882
v 1.342641325 -0.074649865 -5.449920579 0.568627 0.705882 0.349020
v 1.509473310 -0.174196466 -5.350508413 0.709804 0.858824 0.607843
v 1.368204631 -0.100749198 -5.432967403 0.596078 0.717647 0.372549
v 1.390314161 -0.104454816 -5.421860113 0.529412 0.698039 0.415686
v 1.521482681 -0.190495355 -5.341575898 0.333333 0.403922 0.266667
v 1.488859172 -0.158659927 -5.364030055 0.580392 0.741176 0.364706
v 1.284260879 -0.037236786 -5.486879171 0.560784 0.717647 0.388235
v 1.447865596 -0.133891089 -5.388915826 0.541176 0.701961 0.345098
v 1.477185855 -0.148952722 -5.372138851 0.600000 0.756863 0.490196
v 1.300482638 -0.044849273 -5.478093235 0.552941 0.709804 0.364706
v 1.317237644 -0.056274418 -5.468467719 0.537255 0.694118 0.317647
v 1.308777014 -0.050671205 -5.474917467 0.541176 0.694118 0.341176
v 1.464769384 -0.143430301 -5.381689009 0.541176 0.705882 0.301961
v 1.376889139 -0.101634832 -5.433082825 0.682353 0.764706 0.525490
v 1.484577695 -0.154444101 -5.371218896 0.556863 0.721569 0.301961
v 1.518657279 -0.184153574 -5.348774614 0.376471 0.466667 0.278431
v 1.358078958 -0.084634858 -5.446750070 0.643137 0.803922 0.560784
v 1.280737249 -0.037212990 -5.494018031 0.239216 0.278431 0.168627
v 1.369396246 -0.097230728 -5.439574596 0.674510 0.737255 0.513725
v 1.409458112 -0.112704870 -5.417854905 0.560784 0.721569 0.458824
v 1.440775217 -0.129628555 -5.400144230 0.529412 0.690196 0.321569
v 1.341739515 -0.070822803 -5.459557775 0.556863 0.690196 0.325490
v 1.420798702 -0.119828117 -5.412177508 0.529412 0.674510 0.345098
v 1.396584317 -0.108942835 -5.428185323 0.529412 0.674510 0.345098
v 1.502909205 -0.166724911 -5.365609271 0.596078 0.741176 0.341176
v 1.449650487 -0.132749452 -5.398535118 0.545098 0.705882 0.333333
v 1.292520134 -0.040008902 -5.493284880 0.509804 0.576471 0.392157
v 1.303092343 -0.043666809 -5.487710617 0.513725 0.643137 0.376471
v 1.390159421 -0.104745969 -5.433910456 0.513725 0.674510 0.419608
v 1.457405960 -0.134769368 -5.396197874 0.572549 0.741176 0.431373
v 1.489152140 -0.151497691 -5.377761750 0.603922 0.772549 0.509804
v 1.476485547 -0.147344535 -5.384867947 0.545098 0.709804 0.309804
v 1.404522671 -0.109719720 -5.427493944 0.537255 0.694118 0.419608
v 1.515261378 -0.174067442 -5.361627555 0.654902 0.780392 0.560784
v 1.357663351 -0.080696757 -5.457158260 0.631373 0.776471 0.517647
v 1.312434389 -0.049026326 -5.485321644 0.615686 0.760784 0.482353
v 1.326265916 -0.056701474 -5.477283699 0.545098 0.698039 0.349020
v 1.498837693 -0.156211899 -5.376955218 0.639216 0.796078 0.545098
v 1.319410116 -0.057192789 -5.483468368 0.658824 0.819608 0.513725
v 1.423920139 -0.118391672 -5.421011105 0.521569 0.678431 0.352941
v 1.350025729 -0.072741210 -5.465961708 0.686275 0.827451 0.607843
v 1.511091749 -0.167138263 -5.369664957 0.619608 0.737255 0.513725
v 1.336959148 -0.061926887 -5.474805630 0.666667 0.827451 0.572549
v 1.367150523 -0.088993456 -5.454760676 0.615686 0.772549 0.533333
v 1.385505405 -0.105244317 -5.442727940 0.541176 0.662745 0.388235
v 1.437325415 -0.126064811 -5.413804195 0.509804 0.674510 0.329412
v 1.453915569 -0.131284036 -5.405848476 0.568627 0.737255 0.439216
v 1.446389877 -0.129634782 -5.409775609 0.517647 0.682353 0.290196
v 1.376402068 -0.102646408 -5.449113764 0.878431 0.913725 0.674510
v 1.466845525 -0.140135648 -5.398512697 0.580392 0.737255 0.349020
v 1.345720086 -0.067672933 -5.472403048 0.658824 0.811765 0.556863
v 1.309833588 -0.050478196 -5.494004756 0.623529 0.776471 0.450980
v 1.492618810 -0.151204652 -5.386467630 0.270588 0.325490 0.223529
v 1.401629606 -0.110020372 -5.438657234 0.611765 0.733333 0.435294
v 1.478436168 -0.143293274 -5.396187183 0.458824 0.588235 0.360784
v 1.421934973 -0.115092138 -5.430668218 0.525490 0.690196 0.396078
v 1.512479416 -0.162734062 -5.377705482 0.286275 0.333333 0.223529
v 1.369195657 -0.093880276 -5.461098901 0.309804 0.380392 0.152941
v 1.504782177 -0.155692669 -5.384907341 0.411765 0.466667 0.337255
v 1.490745187 -0.146800134 -5.393761425 0.498039 0.603922 0.364706
v 1.361964973 -0.076140808 -5.471587402 0.670588 0.823529 0.596078
v 1.327156595 -0.055734481 -5.492527647 0.309804 0.345098 0.266667
v 1.378398377 -0.105216096 -5.458667189 0.725490 0.745098 0.498039
v 1.368644858 -0.084291634 -5.468465133 0.694118 0.819608 0.639216
v 1.437355218 -0.120295634 -5.428301908 0.541176 0.713725 0.431373
v 1.395536552 -0.105295276 -5.452333260 0.521569 0.635294 0.384314
v 1.336652191 -0.059293448 -5.490878601 0.235294 0.262745 0.211765
v 1.409818499 -0.110421778 -5.446725572 0.529412 0.682353 0.384314
v 1.418862158 -0.113228882 -5.441896307 0.549020 0.709804 0.396078
v 1.475813354 -0.138175311 -5.409793640 0.274510 0.325490 0.207843
v 1.374219663 -0.092304752 -5.467718887 0.682353 0.764706 0.533333
v 1.450280752 -0.125851447 -5.425033377 0.549020 0.686275 0.427451
v 1.464549303 -0.132608399 -5.417018081 0.419608 0.521569 0.349020
v 1.382432054 -0.101586045 -5.462890547 0.800000 0.686275 0.564706
v 1.345024077 -0.063460428 -5.489249866 0.462745 0.490196 0.427451
v 1.361136248 -0.072176231 -5.481220249 0.529412 0.643137 0.462745
v 1.354202936 -0.067616356 -5.486818705 0.647059 0.713725 0.568627
v 1.459729328 -0.129404765 -5.424242419 0.458824 0.537255 0.384314
v 1.378858965 -0.103735687 -5.469768063 0.407843 0.513725 0.188235
v 1.403809328 -0.105633951 -5.457935078 0.466667 0.603922 0.341176
v 1.394371781 -0.104370972 -5.462791265 0.568627 0.639216 0.407843
v 1.434599590 -0.115425783 -5.442719090 0.509804 0.654902 0.411765
v 1.417895909 -0.110325046 -5.452340752 0.556863 0.705882 0.431373
v 1.370544253 -0.077413673 -5.482038018 0.694118 0.807843 0.603922
v 1.450858167 -0.122262901 -5.437890432 0.509804 0.592157 0.411765
v 1.402208969 -0.103121255 -5.466816775 0.450980 0.556863 0.333333
v 1.393974134 -0.101106173 -5.471646605 0.466667 0.411765 0.321569
v 1.431582137 -0.112655586 -5.453140077 0.258824 0.309804 0.227451
v 1.412468054 -0.103546333 -5.468380456 0.521569 0.611765 0.396078
v 1.426950370 -0.109900827 -5.460352005 0.360784 0.423529 0.278431
v 1.405107529 -0.100593269 -5.476416540 0.294118 0.313725 0.243137
vn -0.958326212 -0.266919907 -0.101806844
vn -0.926569504 -0.376114975 0.002545470
vn -0.772567080 -0.127713225 -0.621956139
vn -0.884373509 -0.288474711 -0.366968442
vn -0.932976321 -0.233877637 -0.273599042
vn -0.641317218 -0.678714313 -0.357853471
vn 0.042355767 -0.825613154 0.562644567
vn -0.326875305 -0.918829563 0.221144229
vn -0.328287506 -0.543839756 -0.772311876
vn -0.738884994 -0.624122154 -0.254008864
vn -0.863786978 -0.110216225 -0.491654798
vn 0.304046561 -0.860276103 -0.409244078
vn 0.212130366 -0.819186180 -0.532855243
vn -0.803625788 -0.255811154 -0.537351139
vn -0.126754796 -0.767128155 -0.628846257
vn -0.179742573 -0.709180842 -0.681729522
vn -0.495053962 -0.524764313 -0.692491148
vn -0.096407606 -0.959144951 -0.265982210
vn 0.050204965 -0.998560395 -0.018883855
vn -0.829625025 -0.447422929 -0.333968622
vn -0.810900346 -0.499701621 -0.304530653
vn -0.744459754 -0.429177157 -0.511455416
vn 0.143178626 -0.945094501 0.293762259
vn -0.170147156 -0.965466567 -0.197292303
vn -0.657146165 -0.727287267 -0.198020578
vn -0.310954475 -0.922014138 0.230645277
vn -0.937982667 -0.329692641 -0.107197378
vn 0.016084988 -0.976890389 0.213134794
vn -0.820016389 -0.525155779 -0.227562146
vn -0.787516164 -0.522892511 -0.326192755
vn -0.763474470 -0.627397612 -0.153228490
vn 0.101969505 -0.974156082 0.201549367
vn -0.807013351 -0.513320510 -0.291944355
vn -0.140157175 -0.985942123 0.090962062
vn -0.685881997 -0.655743990 -0.315540339
vn 0.152505077 -0.971381797 0.182097791
vn -0.210695904 -0.956863230 0.200049982
vn -0.732604921 -0.598600778 -0.323986325
vn -0.913314675 -0.343913400 -0.218128124
vn -0.348097369 -0.934657337 -0.072414665
vn -0.096987794 -0.994850497 0.029425422
vn -0.765346823 -0.433112944 -0.476085516
vn 0.008892648 -0.999857344 0.014360113
vn -0.568803842 -0.731413052 -0.376161051
vn -0.505423395 -0.629627600 -0.590013794
vn -0.561208655 -0.778113828 -0.282105860
vn -0.289052744 -0.940116752 0.180635002
vn -0.689207527 -0.462583279 -0.557682432
vn -0.241835128 -0.969964779 0.026155274
vn -0.439061217 -0.569692346 -0.694748788
vn -0.398207822 -0.913600625 0.082246149
vn 0.054948018 -0.989553118 0.133286688
vn -0.742641193 -0.641187634 -0.193293754
vn -0.286167170 -0.952241809 0.106507686
vn -0.226230679 -0.960200070 -0.163815465
vn -0.576546596 -0.595482436 -0.559459284
vn -0.507811538 -0.828013982 0.237739959
vn -0.640398437 -0.768037591 -0.002846335
vn -0.324070581 -0.802642409 -0.500742870
vn -0.705875929 -0.654682780 -0.270424907
vn -0.018591210 -0.993133466 -0.115500155
vn -0.230529283 -0.973065387 0.000050904
vn -0.329185514 -0.923582702 0.196549968
vn -0.097808842 -0.904647601 -0.414784460
vn -0.580606978 -0.813670232 0.028918683
vn -0.532093844 -0.817735293 0.219511121
vn -0.313806570 -0.855026059 0.412863022
vn -0.603695439 -0.720858313 -0.340463081
vn -0.582938485 -0.625429564 -0.518671942
vn -0.342713876 -0.866614028 -0.362666963
vn -0.733448529 -0.666638712 0.132838562
vn -0.620043197 -0.744719602 0.246858558
vn -0.690683357 -0.710127128 0.136660027
vn -0.644560201 -0.760277520 0.080747997
vn -0.424467711 -0.889327257 0.170071137
vn -0.565868907 -0.806220303 -0.172630248
vn -0.572716515 -0.795111716 0.199482211
vn -0.227328325 -0.970891708 0.075439537
vn -0.538790475 -0.838174028 0.084670671
vn -0.597259061 -0.778987844 -0.190943846
vn -0.226210822 -0.973758298 0.024968807
vn -0.442813545 -0.881928897 0.161609358
vn -0.526756667 -0.844046004 -0.100567179
vn -0.420241148 -0.904831049 -0.068397007
vn -0.340642546 -0.916444234 -0.209982432
vn -0.311192385 -0.921963042 0.230528629
vn -0.509266842 -0.821408817 -0.256777802
vn -0.639447637 -0.759462211 0.119682374
vn -0.466275268 -0.881338108 0.076357805
vn -0.670547319 -0.705934712 -0.228084360
vn -0.505767347 -0.862518788 -0.016147171
vn -0.468850075 -0.879329798 -0.083418904
vn -0.229484421 -0.971929214 -0.051870056
vn -0.517332822 -0.840940072 0.158702698
vn -0.564297946 -0.782946020 -0.261846059
vn -0.831698720 -0.537276572 0.140039723
vn -0.463020490 -0.846574534 0.262533017
vn -0.282519403 -0.893822845 0.348229104
vn -0.572239540 -0.774170374 0.270558941
vn -0.422102517 -0.896724468 -0.133096557
vn -0.729607254 -0.683216884 0.029798404
vn -0.272858069 -0.859297840 -0.432614951
vn -0.366715014 -0.901472875 0.229927713
vn -0.387577108 -0.916253659 -0.101307535
vn -0.334043752 -0.936589589 -0.105899543
vn -0.155776324 -0.987305055 -0.031023612
vn -0.298701022 -0.925653947 0.232255181
vn -0.283570772 -0.770238516 0.571244471
vn -0.543098582 -0.831781542 -0.114818970
vn -0.546198985 -0.821775711 -0.162330985
vn -0.445750089 -0.894721501 -0.027933737
vn -0.441471916 -0.894021228 -0.076345205
vn -0.607494178 -0.784461832 0.124781638
vn -0.496598048 -0.832795662 -0.244625762
vn -0.551843726 -0.833185031 0.035653985
vn -0.626061892 -0.771498454 -0.113298906
vn -0.345142200 -0.914457512 0.211292025
vn -0.506632504 -0.862157235 0.002899694
vn -0.404181571 -0.884325114 0.233680019
vn -0.431611393 -0.811524522 0.393877589
vn -0.405748996 -0.908320165 -0.101598377
vn -0.143384352 -0.956267400 0.254938398
vn -0.613648601 -0.766195647 -0.190734437
vn -0.524645466 -0.847414223 0.081463307
vn -0.352837334 -0.916330453 -0.189325951
vn -0.478714522 -0.846730484 0.232120431
vn -0.573540480 -0.818761693 0.026088448
vn -0.403258332 -0.912733791 0.065572431
vn -0.227295326 -0.968355380 0.103076156
vn -0.122034582 -0.992330830 0.019674460
vn -0.529261755 -0.810586541 0.250662032
vn -0.514444453 -0.823014513 -0.240819466
vn -0.435712271 -0.887590352 -0.149459639
vn -0.471473404 -0.844740666 -0.253231191
vn -0.544553024 -0.836455800 0.061674129
vn -0.522153683 -0.801843585 0.290520905
vn -0.533062924 -0.845943897 -0.014927923
vn -0.531700905 -0.846931065 0.001384928
vn -0.382668076 -0.922107699 -0.057293407
vn -0.484674937 -0.839696690 -0.244948311
vn -0.621385717 -0.774244832 0.120103003
vn -0.427170508 -0.904169929 -0.001447561
vn -0.614801949 -0.788667446 -0.004714080
vn -0.533868192 -0.825128756 -0.184789851
vn -0.337732417 -0.932181883 0.130283354
vn -0.472281072 -0.877020281 -0.088238400
vn -0.479784086 -0.875058764 0.063870098
vn -0.376866213 -0.885955188 0.270287371
vn -0.409257885 -0.869599411 -0.276233322
vn -0.512531827 -0.858667374 0.001211603
vn -0.472209748 -0.859050279 -0.197612177
vn -0.550798952 -0.834157004 0.028330314
vn -0.163962698 -0.983801105 0.072468054
vn -0.205282232 -0.824128435 0.527893481
vn -0.445491160 -0.890713739 -0.090369578
vn -0.624580773 -0.768155692 -0.140839239
vn -0.510067372 -0.860052827 -0.011849512
vn -0.595206119 -0.802095266 -0.048712012
vn -0.375342258 -0.828833306 0.414913895
vn -0.546018264 -0.837643328 -0.014755021
vn -0.560036709 -0.827544000 -0.039112823
vn -0.761423643 -0.612845502 0.211315940
vn -0.105645727 -0.983193600 0.148893669
vn -0.655203633 -0.745733705 -0.120786757
vn -0.519271508 -0.854473611 -0.015229849
vn -0.439203662 -0.892018902 0.106782122
vn -0.419545178 -0.905521780 -0.063341537
vn -0.469327954 -0.882846867 0.017682794
vn -0.664648194 -0.714621088 -0.218081357
vn -0.503859394 -0.862678665 -0.043717647
vn -0.355078513 -0.934823321 0.004960684
vn -0.336893255 -0.937057013 -0.091799174
vn -0.550648810 -0.830856410 0.080395982
vn -0.637625210 -0.769788273 0.029327560
vn -0.540540160 -0.813100460 -0.216064754
vn -0.134159423 -0.989258077 0.058049176
vn -0.581812160 -0.797149484 -0.161391795
vn -0.047738299 -0.897941694 0.437517735
vn -0.396596998 -0.917571726 -0.027801946
vn -0.554308177 -0.829719828 -0.065631175
vn -0.477262367 -0.873730423 -0.093892394
vn -0.513599183 -0.854366530 0.079206758
vn -0.194276961 -0.978470304 -0.069658643
vn -0.450533599 -0.887631055 -0.095554101
vn -0.459856758 -0.887582060 -0.027015717
vn -0.361582740 -0.931212386 0.045841197
vn -0.599014247 -0.796422138 -0.083028364
vn -0.884115292 -0.420234853 0.204310592
vn -0.510469513 -0.859524799 0.025258592
vn -0.315136002 -0.902737349 -0.292838828
vn -0.366439676 -0.925861101 0.092212722
vn -0.523927260 -0.844497818 0.111011987
vn -0.494515029 -0.853868765 -0.162366925
vn -0.511713777 -0.858016195 -0.044240465
vn -0.051898392 -0.942827649 -0.329215099
vn -0.441316788 -0.887998694 -0.129220012
vn -0.466427314 -0.876099083 -0.122048996
vn -0.806514160 -0.585391156 -0.082777441
vn -0.489210080 -0.865168441 -0.110259085
vn -0.622861221 -0.764543262 -0.165883996
vn -0.353109845 -0.927694393 -0.121229333
vn -0.267499853 -0.960561635 -0.075928736
vn -0.553969549 -0.829970389 -0.065321452
vn -0.130204991 -0.939850386 -0.315797265
vn -0.476633704 -0.876052629 -0.073158067
vn -0.344266075 -0.889249701 -0.301190703
vn -0.682920968 -0.661689611 -0.309492827
vn -0.443084740 -0.890989935 -0.099059824
vn -0.405064010 -0.910938409 0.078194393
vn -0.081249155 -0.940084193 -0.331119743
vn -0.632902305 -0.764390558 -0.123051806
vn -0.081633975 -0.986689254 -0.140642136
vn -0.368717221 -0.926845254 -0.070749457
vn -0.138046632 -0.921014806 -0.364245597
vn -0.471252662 -0.873844888 -0.119649655
vn -0.584180578 -0.791876514 -0.177945605
vn -0.424710829 -0.902335500 -0.073561921
vn -0.519388954 -0.852087674 -0.064666149
vn -0.510923977 -0.855545196 -0.083660663
vn -0.234407176 -0.968393492 0.085248581
vn -0.474015923 -0.868568067 -0.144562852
vn -0.519243325 -0.851396881 -0.074227494
vn -0.199163488 -0.974572825 0.102672851
vn -0.242642773 -0.960479701 -0.136393650
vn -0.227984421 -0.969496371 -0.089999396
vn -0.420170857 -0.907024599 0.027619347
vn -0.417542373 -0.903660951 0.095159091
vn -0.479716011 -0.855262272 -0.195956615
vn -0.405838043 -0.913941076 -0.002681666
vn -0.467508151 -0.883774853 -0.019445768
vn -0.544652469 -0.835970952 -0.067128651
vn -0.474001498 -0.873530037 -0.110760351
vn -0.603083227 -0.795736031 -0.055630848
vn -0.611797104 -0.781874027 -0.119905420
vn -0.579278415 -0.805138451 -0.127234400
vn -0.392735924 -0.917383222 -0.064548570
vn -0.451734403 -0.891768185 0.026182701
vn -0.392606502 -0.919422580 -0.022852868
vn -0.519013433 -0.850777493 -0.082478568
vn -0.388755973 -0.919520868 0.057880626
vn -0.584273132 -0.808755512 0.067375291
vn -0.603293249 -0.772581254 0.197877390
vn -0.444737467 -0.894699049 -0.041499354
vn -0.487570017 -0.872510561 -0.031635433
vn -0.149194076 -0.988286012 -0.032122985
vn -0.510777647 -0.855819355 -0.081727759
vn -0.402822676 -0.902267814 -0.153774782
vn -0.689892897 -0.723732698 -0.016086426
vn -0.457837542 -0.887666413 -0.049326707
vn -0.295089893 -0.953838854 -0.055797810
vn -0.561956424 -0.826276626 -0.038365550
vn -0.531051867 -0.846839713 -0.029093200
vn -0.578125387 -0.798812766 -0.166340622
vn -0.209020812 -0.927841168 -0.308903005
vn -0.334141740 -0.931089651 -0.146360377
vn -0.316543590 -0.947359268 0.048068423
vn -0.497916865 -0.867205561 -0.005771595
vn -0.482628846 -0.866094339 -0.130192138
vn -0.408000543 -0.911395696 -0.053790733
vn -0.188632029 -0.945935924 -0.263862057
vn -0.301120580 -0.947539796 -0.107213486
vn -0.604036899 -0.794138602 0.066957485
vn -0.290291129 -0.942781592 -0.163993690
vn -0.408632925 -0.911977726 -0.036273417
vn -0.426203329 -0.889437818 -0.165079043
vn -0.263833086 -0.952459504 -0.152358114
vn -0.591146899 -0.802122116 -0.084530797
vn -0.559809991 -0.821632566 -0.107390407
vn -0.377968279 -0.920631398 0.097866280
vn -0.476130588 -0.879369305 -0.003047636
vn -0.559541816 -0.827505656 -0.046339468
vn -0.625132937 -0.610628422 -0.486149916
vn -0.433196471 -0.901299094 0.000872619
vn -0.519664973 -0.852801998 -0.051740391
vn -0.551107075 -0.830872344 -0.077020389
vn -0.485220256 -0.870818337 -0.078972959
vn -0.537012330 -0.843382171 -0.018007530
vn -0.262184116 -0.964025374 0.043755778
vn -0.528028170 -0.844628463 -0.088255371
vn -0.228750142 -0.971106932 -0.068005143
vn -0.599645779 -0.795688171 0.085470894
vn -0.547160720 -0.829167608 -0.114438739
vn -0.517657431 -0.855587611 -0.000790017
vn -0.485256090 -0.871861745 -0.066208956
vn -0.485509456 -0.873397110 0.038184509
vn -0.463256702 -0.879976982 -0.105041605
vn -0.186488951 -0.949692385 -0.251607322
vn -0.536355784 -0.843930968 -0.010148603
vn -0.473325744 -0.880570109 0.023643650
vn -0.276781357 -0.955772493 -0.099453615
vn -0.470383882 -0.871629975 -0.137841175
vn -0.243389844 -0.960953104 -0.131645418
vn -0.591050199 -0.806329120 -0.022203858
vn -0.547391413 -0.836638736 0.019956624
vn -0.516842447 -0.850284551 0.099448820
vn -0.553052505 -0.826287673 -0.106684620
vn -0.428954032 -0.893973674 0.129651491
vn -0.393818490 -0.903386631 0.169704428
vn -0.540587710 -0.841287188 -0.000891567
vn -0.515459026 -0.856128805 -0.036680541
vn -0.461259895 -0.802094972 0.379319081
vn -0.552560198 -0.830537862 0.069886250
vn -0.317049129 -0.945845755 -0.069682542
vn -0.454379818 -0.876782659 -0.157452054
vn -0.374807234 -0.920855162 -0.107449098
vn -0.530193560 -0.847859703 0.005358477
vn -0.595468481 -0.803346845 -0.007150928
vn -0.602251144 -0.792228721 -0.098321987
vn -0.539468764 -0.841057218 -0.039952573
vn -0.567761832 -0.823186537 0.003229162
vn -0.277698421 -0.932724156 0.230020076
vn -0.456903832 -0.884730515 0.092145562
vn -0.621359845 -0.760697708 0.187752337
vn -0.548151669 -0.835493528 0.038474834
vn -0.323228513 -0.946029959 -0.023465830
vn -0.353135567 -0.916180893 0.189493650
vn -0.564034808 -0.824538802 -0.044726940
vn -0.242713183 -0.965889755 -0.090262356
vn -0.382838810 -0.915101942 0.126581518
vn -0.340743357 -0.940138901 -0.005728073
vn -0.497135881 -0.861748953 -0.101215896
vn -0.429519983 -0.891887393 -0.141596126
vn -0.476004430 -0.878785959 0.033985591
vn -0.514074304 -0.857154708 -0.031834191
vn -0.601110944 -0.799077469 -0.011867196
vn -0.380607994 -0.914328272 -0.138352322
vn -0.398323288 -0.914960736 0.064694747
vn -0.507677401 -0.861505027 0.008529083
vn -0.458218619 -0.888769048 -0.011192678
vn -0.536896430 -0.843070911 0.031203554
vn -0.400098805 -0.893487838 0.203961833
vn -0.550782165 -0.830824584 0.079809249
vn -0.508398675 -0.831710643 0.223132681
vn -0.446647080 -0.886187900 0.123196555
vn -0.456360524 -0.887589130 0.062614765
vn -0.350182228 -0.936653081 0.007308473
vn -0.447590513 -0.885968221 -0.121338553
vn -0.470745808 -0.873333984 -0.125244312
vn -0.289333149 -0.953747985 -0.081554337
vn -0.456367518 -0.873160218 0.171230611
vn -0.514548271 -0.856267550 0.045232288
vn -0.423800730 -0.855639861 0.297108347
vn -0.451780248 -0.878641352 -0.154544435
vn -0.439653857 -0.894014149 -0.086273910
vn -0.431704150 -0.897538745 -0.089753710
vn -0.552960590 -0.833163849 -0.008519821
vn -0.542554652 -0.835125593 0.090552152
vn -0.309068590 -0.944296765 -0.113049663
vn -0.304208643 -0.949849556 0.072408027
vn -0.694382522 -0.717865687 -0.050017678
vn -0.329170399 -0.926701593 -0.181303630
vn -0.601059875 -0.738887612 0.304585166
vn -0.291827631 -0.925552721 0.241223535
vn -0.334835917 -0.924487482 0.182230088
vn -0.263483694 -0.958328934 -0.110372090
vn -0.544714367 -0.836465022 -0.060104294
vn -0.545341503 -0.819712977 -0.175137889
vn -0.412486952 -0.898462054 0.150400974
vn -0.565850044 -0.820812501 0.077977985
vn -0.442647732 -0.893052684 -0.080745833
vn -0.325731313 -0.945455067 0.003718516
vn -0.546284868 -0.837569720 0.007057330
vn -0.545102865 -0.838133574 0.019874087
vn -0.407017428 -0.904363400 -0.128310774
vn -0.460837265 -0.887425318 0.010262508
vn -0.323271174 -0.946185932 -0.015097328
vn -0.454975296 -0.887337010 -0.075036723
vn -0.325733730 -0.945180659 -0.023044708
vn -0.433866576 -0.899090971 -0.058268525
vn -0.427248024 -0.894424387 -0.132151963
vn -0.350616195 -0.922256424 0.162823130
vn -0.408382385 -0.909316436 0.079796288
vn -0.660712097 -0.745696892 -0.085998075
vn -0.408477836 -0.910290306 -0.067211725
vn -0.564078430 -0.825583705 0.015068849
vn -0.273790078 -0.950389658 0.147643119
vn -0.303848685 -0.951374361 0.050624129
vn -0.467407617 -0.882142865 -0.057914475
vn -0.486188003 -0.872315162 0.051840951
vn -0.529555489 -0.824654498 -0.198786175
vn -0.495275925 -0.868534003 -0.018720151
vn -0.409488865 -0.887652781 -0.210692691
vn -0.264273432 -0.964228019 0.020588338
vn -0.516128675 -0.856296996 0.019148006
vn -0.496671277 -0.861754125 0.103428578
vn -0.296006988 -0.955036144 0.016906387
vn -0.511982960 -0.849741041 -0.125752182
vn -0.530522159 -0.820677068 -0.212215429
vn -0.479219630 -0.877404403 -0.022584513
vn -0.354762141 -0.934852623 -0.013942632
vn -0.386136959 -0.909145703 0.156052362
vn -0.275425915 -0.961030715 0.023675503
vn -0.326219818 -0.943278735 -0.061691640
vn -0.095611284 -0.987233239 0.127393147
vn -0.487131910 -0.871690003 -0.053470004
vn -0.440544453 -0.888448919 -0.128759867
vn -0.405022980 -0.913716162 -0.032850595
vn -0.469567756 -0.880694691 0.062313591
vn -0.689967832 -0.720972529 -0.064366161
vn -0.272640750 -0.945102046 0.180136462
vn -0.352535670 -0.934297105 0.052986040
vn -0.403960954 -0.913204919 0.053594068
vn -0.416748550 -0.900282040 -0.125749335
vn -0.388870354 -0.920890468 0.027213861
vn -0.463157993 -0.885842715 0.027701202
vn -0.507123431 -0.861692479 -0.017660595
vn -0.513228735 -0.855627336 -0.067068085
vn -0.400269837 -0.899915492 0.173020705
vn -0.452051980 -0.872482501 -0.185535155
vn -0.217622562 -0.958453525 0.184410578
vn -0.481980083 -0.867560820 0.122610861
vn -0.472887637 -0.879378127 -0.055420142
vn -0.377698203 -0.923101088 0.072308010
vn -0.453911265 -0.881633225 -0.129179800
vn -0.403429941 -0.912676304 -0.065316520
vn -0.409862818 -0.909667593 -0.067211161
vn -0.230230229 -0.963840217 0.134186724
vn -0.620887773 -0.783841616 -0.009523356
vn -0.472037723 -0.875572165 -0.102731548
vn -0.700317680 -0.709084258 -0.082186751
vn -0.381045454 -0.914561927 0.135575971
vn -0.476528039 -0.877658769 -0.051343093
vn -0.509757390 -0.859999086 0.023430205
vn -0.441479475 -0.895517190 -0.056078835
vn -0.515197153 -0.846469386 -0.134392972
vn -0.671718682 -0.740167951 -0.030747613
vn -0.212883202 -0.976882344 0.019535306
vn -0.323269207 -0.943017518 0.078835143
vn -0.567209109 -0.821881227 -0.052773819
vn -0.399980186 -0.915832824 0.035582152
vn -0.341861090 -0.928184413 0.146985342
vn -0.565906444 -0.823958533 0.029021247
vn -0.488991681 -0.864450104 0.116675421
vn -0.408772646 -0.890951794 0.197762039
vn -0.297147086 -0.945147965 0.135642665
vn -0.348577574 -0.916641059 0.195608907
vn -0.472889806 -0.879606828 0.051643590
vn -0.372826871 -0.927851440 0.009582822
vn -0.294742251 -0.939875192 -0.172515589
vn -0.342220439 -0.937170216 0.067802336
vn -0.505705228 -0.858363421 0.086454957
vn -0.502954967 -0.864118645 -0.018310356
vn -0.534264637 -0.844804123 -0.029449794
vn -0.723049444 -0.602404417 -0.338095283
vn -0.289310789 -0.955925835 -0.050050632
vn -0.532838578 -0.844829459 -0.048437961
vn -0.476698461 -0.864412310 -0.159843471
vn -0.589795594 -0.807492578 -0.009843428
vn -0.468721024 -0.883008653 0.024419663
vn -0.301422154 -0.888901935 0.344960917
vn -0.603749124 -0.791898755 -0.091560680
vn -0.575137777 -0.806863138 0.134864427
vn -0.508095222 -0.854879773 0.104975330
vn -0.319400459 -0.947146453 0.029949016
vn -0.466634977 -0.880343969 0.085125175
vn -0.380363398 -0.924605746 -0.020685745
vn -0.547752294 -0.836631733 0.003842811
vn -0.595686071 -0.795863893 0.108437857
vn -0.201973906 -0.979190658 -0.019803947
vn -0.446639715 -0.892762975 0.059052820
vn -0.377070202 -0.926101805 -0.012389919
vn -0.471614260 -0.881162753 0.033648084
vn -0.563933630 -0.810458271 0.158544161
vn -0.198106823 -0.964990653 -0.171891614
vn -0.462842819 -0.885565459 0.039374391
vn -0.382695411 -0.921320421 -0.068650598
vn -0.377650090 -0.924487269 0.051997104
vn -0.492761659 -0.869370072 -0.037170227
vn -0.283080558 -0.958229565 -0.040761494
vn -0.402609889 -0.913228739 -0.062598305
vn -0.598734616 -0.797409743 0.075196809
vn -0.566520045 -0.766042735 0.303699798
vn -0.380564592 -0.924081092 -0.035280681
vn -0.471311477 -0.875487718 -0.106708705
vn -0.394267217 -0.917266291 -0.056355233
vn -0.471562648 -0.878861914 0.072321536
vn -0.467234601 -0.884005753 0.015021858
vn -0.576430711 -0.804401559 0.143755927
vn -0.587071486 -0.809531597 -0.002379896
vn -0.579301373 -0.815098020 0.005013666
vn 0.223222611 -0.970190996 -0.094345624
vn -0.461884714 -0.886923201 -0.005454078
vn -0.302852473 -0.914745274 -0.267434970
vn -0.644879295 -0.763605592 0.032205509
vn -0.565389209 -0.824029041 0.036210234
vn -0.189259519 -0.979876597 0.063424668
vn -0.329425155 -0.935516551 -0.127623859
vn -0.453189306 -0.887413966 -0.084355832
vn -0.538316814 -0.842525058 0.019145086
vn -0.618115963 -0.786027945 0.009629409
vn -0.557711706 -0.830026248 -0.003752398
vn -0.456444067 -0.888814005 -0.040847011
vn -0.298795452 -0.954286127 -0.007698479
vn -0.453785697 -0.889684445 -0.050399695
vn -0.502836664 -0.864150988 0.019958948
vn -0.563207912 -0.823047906 0.073409758
vn -0.384744919 -0.922192454 0.039146213
vn -0.503390756 -0.858260863 0.099930159
vn -0.451245180 -0.892355303 -0.008933177
vn -0.317010710 -0.948359265 0.010904739
vn -0.431822953 -0.901894412 -0.010742779
vn -0.181055480 -0.983471394 -0.001711852
vn -0.710819133 -0.703268673 -0.012220233
vn -0.605286417 -0.786053656 0.125491049
vn -0.311897708 -0.937736098 -0.152875211
vn -0.533405234 -0.844313771 -0.051118619
vn -0.637595840 -0.769182762 0.042771769
vn -0.543863459 -0.836771340 -0.063452829
vn -0.658121686 -0.749743723 0.068994182
vn -0.390519699 -0.920434617 -0.017160452
vn -0.547321432 -0.836401271 0.029532412
vn -0.703753652 -0.706840778 0.071462658
vn -0.322470925 -0.946183075 0.027387781
vn -0.370092202 -0.924234278 0.093929550
vn -0.302291342 -0.944273929 0.130256251
vn -0.573560195 -0.816560707 -0.065248107
vn -0.446502618 -0.883266870 0.143091051
vn -0.416247696 -0.902572465 0.110003640
vn -0.405419003 -0.914091645 0.008479204
vn -0.376811196 -0.918533748 -0.119620556
vn -0.541868889 -0.840334180 -0.014716425
vn -0.539595123 -0.841847145 0.011423118
vn -0.500741249 -0.862550058 -0.072564447
vn -0.572349750 -0.720216271 -0.392051383
vn -0.545839953 -0.837651174 0.019981387
vn -0.469452373 -0.873443469 0.129270937
vn -0.634202775 -0.767706853 0.091722563
vn -0.569430018 -0.819540287 0.064056015
vn -0.499548222 -0.865456754 -0.037896967
vn -0.089160313 -0.995972141 -0.009483294
vn -0.481060043 -0.876094130 -0.032253845
vn -0.359923562 -0.931706073 -0.048773175
vn -0.497694601 -0.866374706 0.041169802
vn -0.446245039 -0.894831210 0.011936139
vn -0.523352624 -0.832946356 -0.179728683
vn -0.532716852 -0.841060679 -0.093966429
vn -0.400939728 -0.915538389 0.032199257
vn -0.206398008 -0.974355853 -0.089613242
vn -0.471846170 -0.878504387 0.074774553
vn -0.324693243 -0.944815425 0.043567315
vn -0.557124284 -0.826195990 -0.083741971
vn -0.527580787 -0.833227575 0.165500215
vn -0.738702769 -0.673928270 0.011785847
vn -0.368727558 -0.928755774 -0.038114312
vn -0.390627827 -0.920545563 -0.002401505
vn -0.538731664 -0.827697384 0.157115357
vn -0.593116101 -0.793115537 -0.138495615
vn -0.456561229 -0.888339445 -0.049039519
vn -0.531770066 -0.835036439 0.141190446
vn -0.463247177 -0.885181611 0.043076316
vn -0.403308154 -0.904327237 0.139766882
vn -0.533414602 -0.845744906 0.013579977
vn -0.438168960 -0.897480457 0.050366578
vn -0.600551365 -0.789080271 0.129191270
vn -0.523640343 -0.847826737 -0.083609894
vn -0.461689889 -0.885971771 -0.043548449
vn -0.517331482 -0.852963271 -0.069439148
vn -0.529669438 -0.848073545 0.014884506
vn -0.518579975 -0.854757980 -0.021531480
vn -0.607228980 -0.781830574 0.141470558
vn -0.272154565 -0.961508267 0.037864813
vn -0.559229252 -0.826261205 -0.067491216
vn -0.251024442 -0.967297902 -0.036352422
vn -0.476042513 -0.858912667 0.188818847
vn -0.646826768 -0.758726895 0.077127366
vn -0.428649840 -0.901439244 -0.060552481
vn -0.564605315 -0.814738324 0.131993567
vn -0.413835664 -0.909961710 -0.026640753
vn -0.517348073 -0.855659133 0.014086125
vn -0.603419641 -0.797397693 -0.006454094
vn -0.431521989 -0.892146653 -0.133652993
vn -0.207909261 -0.976351459 -0.059258476
vn -0.370284912 -0.923556638 -0.099660525
vn -0.473346949 -0.880532257 0.024609150
vn -0.576653314 -0.814748356 0.060465461
vn -0.527885720 -0.849225064 -0.012387742
vn -0.524026652 -0.849894762 0.055452329
vn -0.543900489 -0.832358173 -0.106546376
vn -0.433756470 -0.896025523 0.094834524
vn -0.497607020 -0.858830861 0.121642125
vn -0.729357287 -0.684086815 0.007948409
vn -0.505688028 -0.844969609 0.174086126
vn -0.590290853 -0.807024776 0.016362146
vn -0.665510124 -0.742432963 0.076743538
vn -0.248363311 -0.958735761 -0.138352473
vn -0.533249583 -0.845895009 -0.010320702
vn -0.564272930 -0.823841050 -0.053684119
vn -0.429713645 -0.902840543 0.015004588
vn -0.379289469 -0.924635347 -0.034481489
vn -0.397942571 -0.901768405 -0.168687442
vn -0.552103262 -0.833496644 0.021571552
vn -0.598734901 -0.799449981 0.048951479
vn -0.324381539 -0.918106394 -0.227721905
vn -0.612972378 -0.782494085 0.109397760
vn -0.502942526 -0.863919784 0.026294916
vn -0.449075733 -0.893034117 -0.028653997
vn -0.519925243 -0.854177867 -0.007610004
vn -0.531882717 -0.846785575 0.007413861
vn -0.541416541 -0.840631864 -0.014359617
vn -0.299734672 -0.953813605 -0.019968302
vn -0.545845858 -0.837529988 0.024409388
vn -0.172076365 -0.983330214 -0.058748736
vn 0.249495919 -0.917895190 0.308577717
vn -0.547292793 -0.818277344 0.175763443
vn -0.360490677 -0.932509425 0.021740368
vn -0.516304361 -0.856353837 0.009376154
vn -0.338056077 -0.939592577 -0.053701758
vn -0.443751875 -0.883667977 0.149047574
vn -0.349487953 -0.935981592 0.042386679
vn -0.511504522 -0.858760328 -0.029896856
vn -0.598569073 -0.795040652 -0.098109253
vn -0.413573235 -0.899996690 0.137706706
vn -0.474614515 -0.879611033 -0.032023309
vn -0.541074992 -0.840968806 -0.003053117
vn -0.484145227 -0.874982174 0.003097559
vn -0.747971515 -0.648152144 0.142959476
vn -0.509378012 -0.854089748 -0.105189086
vn -0.447052866 -0.894034334 0.029092013
vn -0.378163173 -0.925375017 0.025955586
vn -0.564529435 -0.825102104 0.022650268
vn -0.440846859 -0.897332848 0.021161447
vn -0.473630874 -0.825629051 -0.306611262
vn -0.427141089 -0.900593204 0.080513170
vn -0.224022672 -0.974171831 0.028338761
vn -0.495790833 -0.868074602 0.025257359
vn -0.287931434 -0.945937079 0.149326933
vn -0.440454852 -0.812573614 -0.381737666
vn -0.503182590 -0.864059865 -0.014416348
vn -0.509148812 -0.849345343 -0.139211982
vn -0.575754350 -0.817489390 -0.014765704
vn -0.663520255 -0.744926641 -0.069463452
vn -0.526721154 -0.849252886 -0.036528903
vn -0.491559012 -0.862489210 0.120341597
vn -0.599350924 -0.781603059 -0.172844228
vn -0.544256372 -0.838541557 0.025160660
vn -0.517654425 -0.788796212 0.331412782
vn -0.518683564 -0.854311976 -0.033442616
vn -0.568464729 -0.821707919 0.040545636
vn -0.430236949 -0.876239288 0.217027364
vn -0.773032445 -0.615652021 0.152949104
vn -0.352895331 -0.930312535 0.099917329
vn -0.781478108 -0.578703006 0.233226922
vn -0.586608431 -0.809870653 -0.000273557
vn -0.532624310 -0.845904045 -0.027526206
vn -0.655289006 -0.744358648 0.128555521
vn -0.427333770 -0.902366715 -0.055858394
vn -0.390938895 -0.912138968 -0.123163645
vn -0.511667581 -0.858956315 0.019756894
vn -0.592414715 -0.804870508 -0.035046703
vn -0.437337640 -0.894020606 0.097277666
vn -0.490252969 -0.871577671 0.002095113
vn -0.100849630 -0.889796830 0.445074098
vn -0.376431419 -0.855600058 0.355313845
vn -0.650825272 -0.752914030 0.097708388
vn -0.426884050 -0.899181099 0.096142385
vn -0.384066198 -0.918415029 0.094905159
vn -0.508268160 -0.852787352 0.120071686
vn -0.503535749 -0.863974137 0.000662814
vn -0.783202831 -0.614351406 0.095737529
vn -0.490299279 -0.855664103 0.165667014
vn -0.515981127 -0.856569255 0.007251721
vn -0.395263042 -0.907210650 0.143999872
vn -0.476967511 -0.878903299 0.005566390
vn -0.491777171 -0.870570772 0.016178571
vn -0.422500325 -0.903806745 0.068020895
vn -0.556749756 -0.829001192 -0.052789516
vn -0.573222467 -0.819299813 0.012799211
vn -0.521795132 -0.852686016 -0.025620291
vn -0.433826136 -0.873381113 0.221360148
vn -0.512313285 -0.858797235 -0.001551415
vn -0.532982073 -0.845083627 0.041997297
vn -0.430776909 -0.896788695 0.101001436
vn -0.441224806 -0.893813944 0.080108081
vn -0.397964031 -0.897902864 0.188135793
vn -0.435414850 -0.847408134 0.303831142
vn -0.426292507 -0.894751890 0.133017871
vn -0.754315345 -0.655466579 0.037039493
vn -0.503338220 -0.864061793 0.006917702
vn -0.154582769 -0.905861607 0.394358869
vn -0.519469146 -0.853532655 -0.040420468
vn -0.480814741 -0.876464515 -0.025042739
vn -0.628275457 -0.773438795 -0.084037967
vn -0.688671182 -0.719176399 -0.092289276
vn -0.733821211 -0.678540206 -0.033009379
vn -0.455102725 -0.890435941 0.002312002
vn -0.520654938 -0.853038702 0.035262000
vn -0.481514054 -0.876437994 0.000811275
vn -0.496270496 -0.748544053 0.439769708
vn -0.615640614 -0.783016481 0.088723303
vn -0.598292024 -0.798030158 0.072073029
vn -0.361619467 -0.932316519 0.004155686
vn -0.746859869 -0.659694907 -0.083683718
vn -0.511475205 -0.814020334 -0.275252631
vn -0.393202727 -0.908752539 0.139858641
vn -0.280087104 -0.869701633 0.406411472
vn -0.586609403 -0.808918607 0.039244048
vn -0.234793174 -0.894759068 0.379839933
vn -0.618698000 -0.764022623 -0.182981464
vn -0.386139094 -0.903462339 0.186151557
vn -0.536600513 -0.843196318 0.032861209
vn -0.453982065 -0.861761854 0.226421714
vn -0.580727598 -0.800766868 -0.146723824
vn -0.361489550 -0.928519519 0.084716040
vn -0.546270929 -0.837572397 -0.007781482
vn 0.076330637 -0.882616371 0.463855554
vn -0.414654654 -0.904360084 0.100967106
vn -0.524871699 -0.851160269 0.005991366
vn -0.528263268 -0.848104229 -0.040707937
vn -0.539928033 -0.835895348 0.098775938
vn -0.449547404 -0.893228587 -0.007058559
vn -0.501487399 -0.864924027 -0.020416102
vn -0.435667297 -0.898589208 -0.052263189
vn -0.578280514 -0.814926808 -0.038547960
vn -0.314801374 -0.867051370 0.386163200
vn -0.410531048 -0.907822016 -0.085577137
vn -0.493433458 -0.869507170 -0.021924946
vn -0.448375639 -0.887506151 0.106264379
vn -0.470756708 -0.881953714 0.023361696
vn -0.477326668 -0.878567333 -0.016694108
vn -0.517669604 -0.825882510 0.223464228
vn -0.587221225 -0.800633596 -0.118983518
vn -0.385738745 -0.914261580 0.123819969
vn -0.476873408 -0.878429326 0.030881573
vn -0.715557278 -0.683824304 -0.142695841
vn -0.546890314 -0.836729547 0.028189540
vn -0.497337738 -0.866558540 -0.041610948
vn -0.087925384 -0.974390916 0.206957650
vn -0.373272108 -0.925172853 0.068725001
vn -0.483130647 -0.875080702 -0.028610185
vn -0.431211139 -0.896265121 0.103758309
vn -0.233496717 -0.948373060 0.214634161
vn -0.362564361 -0.931448175 -0.030844476
vn -0.630875423 -0.765917242 -0.123963624
vn -0.507339115 -0.859526921 -0.061810148
vn -0.464787269 -0.885349757 0.011340299
vn -0.482827951 -0.873124790 0.067307288
vn -0.500964082 -0.865431031 0.008007463
vn -0.284547788 -0.949360856 0.133216072
vn -0.452562953 -0.891684190 -0.009277848
vn -0.489947377 -0.867652001 -0.084448645
vn -0.480823503 -0.869631508 -0.112025887
vn -0.355357956 -0.917984462 -0.176139862
vn -0.562550060 -0.824031177 -0.067156902
vn -0.514054281 -0.855897034 -0.056466476
vn -0.476032459 -0.874867132 0.089446063
vn -0.478767166 -0.876173825 -0.055690481
vn -0.643027317 -0.763899919 -0.054523233
vn -0.651034051 -0.747322636 -0.132904262
vn -0.738579138 -0.671308460 -0.062014579
vn -0.754555455 -0.656185674 0.008150247
vn -0.380988412 -0.924378496 0.019293150
vn -0.409933969 -0.912112809 0.002089208
vn -0.470943276 -0.881194588 -0.041334354
vn -0.619259546 -0.780739187 0.083450202
vn -0.543198752 -0.828031070 -0.138923226
vn -0.422325674 -0.905978309 0.029057347
vn -0.105308757 -0.882389311 0.458583874
vn -0.405227780 -0.910943501 -0.077281198
vn -0.391393804 -0.920050008 -0.017857004
vn -0.517231962 -0.848584913 -0.111241821
vn -0.522057563 -0.851271232 -0.052850640
vn -0.489606658 -0.871938860 -0.002818658
vn -0.312671460 -0.834516631 0.453672295
vn -0.486198168 -0.864547483 -0.127157348
vn -0.504822765 -0.860808382 -0.064520586
vn -0.280280245 -0.958863099 0.044994907
vn -0.128879735 -0.955030724 0.267032453
vn -0.382436776 -0.923865559 -0.014647257
vn -0.634396746 -0.771003212 -0.055631071
vn -0.548427166 -0.835710216 -0.028567086
vn -0.661032166 -0.738882881 0.130723237
vn -0.359282916 -0.930699863 -0.068655309
vn -0.447023416 -0.887336570 -0.113154216
vn -0.422758731 -0.902340657 0.084002347
vn -0.367687895 -0.928470249 0.052427181
vn -0.643588190 -0.765238729 -0.014280356
vn -0.501163982 -0.864972514 -0.025636177
vn -0.344161390 -0.938226890 0.035822342
vn -0.735555024 -0.674887132 0.059043761
vn -0.542556760 -0.840016449 -0.002127664
vn -0.664406572 -0.747001311 0.023514843
vn -0.470596776 -0.881290796 -0.043188037
vn -0.397692107 -0.914995839 -0.067997076
vn -0.483928407 -0.833126792 -0.267792915
vn -0.486282700 -0.841775337 -0.234400124
vn -0.435326258 -0.872466259 0.222021792
vn -0.613897349 -0.786426083 0.068293933
vn -0.458565538 -0.870624160 -0.178132586
vn -0.629385731 -0.765111461 -0.135934003
vn -0.481813551 -0.869508637 -0.108675811
vn -0.456739143 -0.850695657 -0.260204255
vn -0.508347915 -0.852364693 -0.122706269
vn -0.244261740 -0.952373822 0.182538504
vn -0.565721569 -0.824372292 -0.019220542
vn -0.402740582 -0.914199413 -0.045160356
vn -0.425452002 -0.904265858 -0.035970155
vn -0.397355386 -0.917650893 0.005053347
vn -0.389673894 -0.917011289 -0.085114938
vn -0.470017579 -0.874860703 -0.117056510
vn -0.423104412 -0.884796974 0.195235682
vn -0.362059746 -0.927943908 -0.088503359
vn -0.658026204 -0.739067412 0.144155729
vn -0.118797414 -0.963739026 0.238944062
vn -0.466299778 -0.876716577 -0.118036267
vn -0.443736269 -0.895800628 -0.025285554
vn -0.835819867 -0.542152065 0.086465531
vn -0.356935064 -0.933886975 0.021271517
vn -0.140259222 -0.973547616 0.180367374
vn -0.676480605 -0.662626012 -0.321404356
vn -0.555109638 -0.830048681 -0.053595496
vn -0.467474448 -0.872997931 -0.139076431
vn -0.452825212 -0.861288634 -0.230502097
vn -0.532461249 -0.845901085 -0.030600196
vn -0.604100678 -0.767854194 -0.213218921
vn 0.065808842 -0.962130014 0.264527942
vn -0.400988571 -0.916082133 -0.001300546
vn -0.505466926 -0.861171133 -0.053735147
vn -0.611909320 -0.780919510 0.125426085
vn -0.248553584 -0.967196905 0.052452479
vn -0.549828046 -0.833142752 -0.059684793
vn -0.556093643 -0.824669297 -0.103346071
vn -0.502843953 -0.864375589 -0.001673533
vn -0.254145743 -0.929734168 -0.266466356
vn -0.470159041 -0.882510810 -0.011186878
vn -0.682512398 -0.715536590 -0.148943662
vn -0.474080508 -0.877951910 -0.066694201
vn -0.451163672 -0.891070265 -0.049448196
vn -0.583726547 -0.787977153 -0.195845155
vn -0.602808803 -0.792873425 -0.089293224
vn -0.380139681 -0.923476636 -0.051814333
vn -0.185440317 -0.968823932 0.164292660
vn -0.370400533 -0.928193068 -0.035511603
vn -0.591173159 -0.803808365 -0.066380788
vn -0.382652190 -0.921479918 -0.066723773
vn 0.006362959 -0.997600362 -0.068942221
vn -0.439547728 -0.894940921 -0.076671663
vn -0.376516556 -0.926359691 -0.009643978
vn -0.376065510 -0.925196698 -0.050850786
vn -0.516609428 -0.850351405 -0.100085896
vn -0.480483181 -0.869958518 -0.110941829
vn -0.268448541 -0.940344712 -0.209014839
vn -0.524533582 -0.849779744 -0.052334587
vn -0.419711646 -0.907142904 -0.030559545
vn -0.399858156 -0.914391971 0.063251710
vn -0.464712679 -0.879017083 -0.106635329
vn -0.490319090 -0.864761090 0.108514731
vn -0.005370227 -0.996734442 -0.080570541
vn -0.502421124 -0.863297194 -0.047864071
vn -0.405652817 -0.913880840 0.016358541
vn -0.797244346 -0.584903239 -0.149297199
vn -0.433145631 -0.895517788 -0.102140851
vn -0.458456062 -0.887597293 0.044599158
vn -0.480440709 -0.875040010 -0.059005990
vn -0.611863873 -0.783549168 0.108043058
vn -0.476490954 -0.874223234 -0.093220752
vn -0.214343498 -0.941400756 -0.260425578
vn -0.624215388 -0.771670737 -0.121981237
vn -0.606247250 -0.795225885 0.008947824
vn -0.596263767 -0.799329199 -0.074446970
vn -0.539121888 -0.837583071 0.088329998
vn -0.525372669 -0.849442478 -0.049305527
vn -0.548333380 -0.836001946 -0.020766553
vn -0.581084374 -0.813826127 -0.005290143
vn -0.304617589 -0.952410194 -0.011088110
vn -0.189528257 -0.976085990 0.106466801
vn -0.011588080 -0.996041188 0.088134374
vn -0.546938480 -0.831308196 -0.098919071
vn -0.789336301 -0.601503463 -0.123051976
vn -0.155165211 -0.986295814 0.056074287
vn -0.477846375 -0.872084418 -0.105506443
vn -0.345498532 -0.937053509 -0.050611130
vn -0.187354628 -0.981677680 -0.034744426
vn -0.584660971 -0.811069457 -0.018381664
vn -0.689089446 -0.722482903 -0.056339952
vn -0.365197711 -0.921868995 -0.129569237
vn -0.350182025 -0.929709417 -0.114074316
vn -0.482054262 -0.869496491 -0.107701169
vn -0.469242212 -0.881010679 -0.060265504
vn -0.093837742 -0.986711812 0.132643422
vn -0.535057787 -0.843677308 -0.043837940
vn -0.540429199 -0.832879429 -0.119365566
vn -0.430525787 -0.899446444 -0.075124164
vn -0.444824946 -0.895322819 -0.022974277
vn -0.529025385 -0.838006165 -0.133707924
vn -0.511110483 -0.843850368 -0.163348185
vn -0.591739509 -0.803262679 -0.067922176
vn -0.262941610 -0.964537340 0.023009326
vn -0.375556637 -0.926791113 -0.003930178
vn -0.443413811 -0.891701968 -0.090839382
vn -0.485836711 -0.870926869 -0.073817877
vn -0.359999345 -0.932854098 -0.013553767
vn -0.546182578 -0.821910517 -0.161702482
vn -0.669841073 -0.736029087 -0.097847433
vn -0.352263194 -0.935674123 -0.020605278
vn -0.264254147 -0.962513678 0.061132360
vn -0.784129577 -0.563780746 -0.259407165
vn -0.183858966 -0.982206578 0.038289929
vn -0.088836816 -0.995170500 -0.041757582
vn -0.404714502 -0.914387960 0.010041413
vn -0.600850963 -0.753618820 -0.266527285
vn -0.714473929 -0.692750342 -0.098101827
vn -0.488982653 -0.854240898 -0.176545895
vn -0.408375119 -0.910073119 -0.070687198
vn -0.504479098 -0.862139780 -0.047072710
vn -0.566977246 -0.812047523 -0.138259258
vn -0.402298338 -0.905372720 -0.135853913
vn -0.094926073 -0.992252601 0.080148720
vn -0.513736951 -0.852600384 -0.095639591
vn -0.031256407 -0.999355445 -0.017655919
vn -0.373237815 -0.926166946 -0.053928862
vn -0.454306623 -0.886332030 -0.089560174
vn -0.421043252 -0.893437496 -0.156499270
vn -0.333652249 -0.942696091 -0.000506155
vn -0.451695727 -0.882844879 -0.128669693
vn -0.607325198 -0.791081730 -0.073114979
vn -0.467158989 -0.877223256 -0.110642838
vn -0.544337756 -0.832372148 -0.104177803
vn -0.456254967 -0.889136876 -0.035595241
vn -0.359600478 -0.932566634 0.031732781
vn -0.527968993 -0.838892986 -0.132315157
vn -0.346440837 -0.924967538 0.156249162
vn -0.544406677 -0.819284158 -0.179985660
vn -0.475964269 -0.871008569 -0.121663829
vn -0.364614885 -0.903009210 0.227223132
vn -0.452322982 -0.890676573 -0.045816620
vn -0.451279460 -0.869891942 -0.199085053
vn -0.427929913 -0.903746885 0.010842399
vn -0.662233671 -0.704651960 -0.254778689
vn -0.145544559 -0.986455682 0.075643696
vn -0.289661953 -0.951644218 0.102319283
vn -0.667684430 -0.716621887 -0.201619872
vn -0.469675904 -0.876665958 -0.104217765
vn -0.524522584 -0.842431743 -0.123226691
vn -0.699210246 -0.714066922 -0.034834788
vn -0.211064010 -0.968071947 0.135235681
vn -0.434396942 -0.898772704 0.059219275
vn -0.456100626 -0.889886524 -0.008613519
vn -0.492240681 -0.864429318 -0.102279350
vn -0.378523003 -0.924430393 -0.046354977
vn -0.345663158 -0.933297980 -0.097323484
vn -0.424003500 -0.905600522 -0.010427198
vn -0.498633987 -0.841227600 -0.209046098
vn -0.670227028 -0.741843845 -0.021527665
vn -0.469310879 -0.882793549 0.020563277
vn -0.111681343 -0.980010416 0.164641614
vn -0.438989695 -0.879440935 -0.184042630
vn -0.488542134 -0.861372907 0.139152067
vn -0.368210380 -0.929183886 -0.032224547
vn -0.669552562 -0.741975633 -0.034227575
vn -0.570595317 -0.803759932 -0.168496160
vn -0.255837784 -0.935364228 0.244214639
vn -0.467096309 -0.841241842 -0.272274129
vn -0.669657687 -0.715183761 -0.200176850
vn -0.560584114 -0.814810824 -0.147745633
vn -0.670555418 -0.741855822 -0.002317470
vn -0.515338738 -0.844340526 -0.146680132
vn -0.428932114 -0.902697966 -0.033965045
vn -0.426963512 -0.896204577 -0.120496949
vn -0.510199171 -0.843311400 0.168886615
vn -0.355996746 -0.923112226 -0.145362082
vn -0.534141065 -0.825889533 -0.180554152
vn -0.421707727 -0.903795003 -0.072919028
vn -0.653830265 -0.718597432 -0.236904443
vn -0.506721196 -0.851194806 -0.136751719
vn -0.415370616 -0.909244256 -0.027242137
vn -0.142785790 -0.972514130 0.183925217
vn -0.194305573 -0.978559803 -0.068308536
vn -0.308830231 -0.951068052 -0.009666935
vn -0.431219523 -0.900189326 -0.060900744
vn -0.539148292 -0.837434516 0.089568691
vn -0.224346574 -0.973782674 0.037628707
vn -0.490452030 -0.864890913 -0.106866810
vn -0.538969612 -0.833433832 -0.122064755
vn -0.585276093 -0.780145853 -0.220962311
vn -0.497790367 -0.864872503 -0.064809747
vn -0.095107820 -0.974559686 0.202948077
vn -0.446293847 -0.890373248 -0.089762366
vn -0.405192826 -0.908958133 -0.098050430
vn -0.314343579 -0.943807607 0.102055453
vn -0.537810160 -0.829971688 -0.148010905
vn -0.443468798 -0.886512073 -0.132029429
vn -0.403788223 -0.914402578 0.028687928
vn -0.239275207 -0.955135181 -0.174539857
vn -0.459335320 -0.885274827 -0.072797979
vn -0.448888113 -0.877510945 -0.168742418
vn -0.351434880 -0.936111954 -0.013708919
vn -0.571850624 -0.808613027 -0.138317880
vn -0.578719673 -0.783203355 -0.227323659
vn -0.604350587 -0.756501600 -0.249931386
vn -0.414063075 -0.909104011 -0.045625304
vn -0.476098809 -0.862627049 -0.170893239
vn -0.429807626 -0.887493370 -0.166195436
vn -0.338899123 -0.913167170 -0.226435652
vn -0.416566547 -0.905492103 -0.080971377
vn -0.599069684 -0.796765030 -0.079252767
vn -0.499192201 -0.847830324 -0.178859967
vn -0.307399062 -0.951409827 -0.018032132
vn -0.527066267 -0.832021686 -0.173034862
vn -0.061436890 -0.949886345 0.306498679
vn -0.576126933 -0.814444180 0.068981404
vn -0.111554100 -0.971759913 0.207938340
vn -0.346843505 -0.920258490 -0.181173661
vn -0.349379995 -0.936053278 -0.041687883
vn -0.366388161 -0.927852574 0.069637036
vn -0.656787705 -0.749943513 -0.078832975
vn -0.497848540 -0.762468895 -0.413265068
vn -0.474537969 -0.853779547 -0.214182634
vn -0.336526705 -0.939984083 0.056388836
vn -0.359989672 -0.929086805 -0.084883125
vn -0.290259320 -0.850639804 -0.438362238
vn -0.366414533 -0.916278229 -0.161785655
vn -0.218282866 -0.971002054 -0.097506930
vn -0.065555659 -0.972885304 -0.221803159
vn -0.121740560 -0.931691845 0.342241934
vn -0.373467219 -0.920926034 -0.111433732
vn -0.090924357 -0.991052923 -0.097708058
vn -0.195909473 -0.978887062 -0.058306073
vn -0.343839677 -0.922633019 -0.174707150
vn -0.314919393 -0.850138078 -0.422008323
vn -0.414605488 -0.898608276 -0.143546003
vn -0.516149240 -0.799559468 -0.307074290
vn -0.581210917 -0.782898957 -0.221952906
vn -0.383276071 -0.790822867 -0.477177793
vn -0.257746831 -0.966112271 0.013915822
vn -0.430448681 -0.894676443 -0.119448716
vn -0.525801114 -0.826351110 -0.201685474
vn -0.421525567 -0.871288962 -0.251339893
vn -0.520203000 -0.816234764 -0.251295940
vn -0.459954198 -0.813901401 -0.354974148
vn -0.494365345 -0.868951069 -0.022955294
vn -0.407740239 -0.911867715 -0.047383204
vn -0.557173331 -0.760936610 -0.332465568
vn -0.499539889 -0.814071886 -0.296220971
vn -0.212443522 -0.954345390 -0.209982445
vn -0.310266033 -0.930949983 -0.192528226
vn -0.388652960 -0.895531578 -0.216730408
vn -0.306199687 -0.838379138 -0.450956952
vn -0.212210819 -0.944559484 -0.250547299
vn -0.382664274 -0.830470662 -0.404829018
vn -0.421185633 -0.892365074 -0.162133394
vn -0.282475098 -0.957826482 0.052690131
vn -0.394619254 -0.822536344 -0.409523634
vn -0.642522737 -0.672061903 -0.368099620
vn -0.541049181 -0.774497248 -0.327749594
vn -0.126658083 -0.991312918 0.035446133
vn -0.613939532 -0.741918954 -0.269507916
vn -0.372378729 -0.911214205 -0.176132778
vn -0.318897116 -0.937416749 -0.139837294
vn -0.467302536 -0.825047465 -0.317686985
vn -0.419858053 -0.887774280 -0.188616126
vn -0.372129521 -0.928123164 -0.010344648
vn -0.403091148 -0.807357527 -0.430919193
vn -0.221142912 -0.954581505 -0.199674643
vn -0.356500013 -0.933707832 0.033127411
vn -0.432720814 -0.899265872 0.063824673
vn -0.331668710 -0.940744089 0.070685398
vn -0.405522496 -0.887334902 -0.219518283
vn -0.323571323 -0.905099922 -0.275854546
vn -0.268731678 -0.931484057 -0.245195304
vn -0.243873519 -0.969055951 -0.038161100
vn -0.483167184 -0.793963415 -0.369014320
vn -0.524486624 -0.783570066 -0.333064159
vn -0.606150796 -0.790996876 -0.083097259
vn -0.267992737 -0.950636025 -0.156432226
vn -0.383671485 -0.815748839 -0.432839488
vn -0.378059708 -0.919395617 -0.108547487
vn -0.348044126 -0.893450204 -0.283922558
vn -0.440363258 -0.831443135 -0.338795683
vn -0.311588687 -0.801208235 -0.510859917
vn -0.441934384 -0.864119576 -0.240813951
vn -0.731824594 -0.646580976 -0.215327204
vn -0.222226660 -0.974354198 0.035344150
vn -0.319697956 -0.912919468 -0.253714922
vn -0.312472666 -0.923655262 -0.221859844
vn -0.235651610 -0.945084717 -0.226457936
vn -0.649809486 -0.759985097 0.013049293
vn -0.350367900 -0.894335269 -0.278220705
vn -0.433027881 -0.858817762 -0.273713181
vn -0.493782880 -0.865285146 0.086371775
vn -0.289987260 -0.907350182 -0.304340329
vn -0.249415592 -0.966088590 -0.066818406
vn -0.190886258 -0.922912679 -0.334357029
vn -0.285057217 -0.942039012 -0.176931862
vn -0.377066526 -0.787213388 -0.487971226
vn -0.815413066 -0.536859728 -0.216525206
vn -0.332264558 -0.869840420 -0.364661360
vn -0.221121261 -0.896251512 -0.384497875
vn -0.513604640 -0.772465562 -0.373506666
vn -0.191892660 -0.962530912 -0.191602325
vn -0.307116114 -0.924079853 -0.227499708
vn -0.695883721 -0.605680153 -0.385872257
vn -0.298815004 -0.908548945 -0.291973298
vn -0.125750739 -0.981468492 -0.144590286
vn -0.389934458 -0.912899374 -0.120689067
vn -0.215615361 -0.946429288 -0.240378073
vn -0.193934451 -0.972989462 -0.125223543
vn -0.210276137 -0.922620019 -0.323351585
vn -0.776683570 -0.538380963 -0.326968761
vn -0.296501855 -0.906556099 -0.300404211
vn -0.333379536 -0.896829826 -0.290782303
vn -0.283327513 -0.932982257 -0.221967629
vn -0.427652022 -0.885246055 -0.182902080
vn -0.434005483 -0.855964875 -0.281004224
vn -0.395165473 -0.895817839 -0.203358425
vn -0.270647442 -0.935226254 -0.228258221
vn -0.732772686 -0.666047999 0.139370922
vn -0.146561051 -0.951730041 -0.269684608
vn -0.068356298 -0.958914277 -0.275337659
vn -0.250024042 -0.945879841 -0.206879928
vn -0.190575306 -0.937929239 -0.289775421
vn -0.735157844 -0.616535816 -0.281827130
vn -0.324079312 -0.916538840 -0.234369695
vn -0.053647062 -0.957429416 -0.283638691
vn -0.029558177 -0.984181266 -0.174681282
vn -0.216217063 -0.953212782 -0.211271327
vn -0.164936444 -0.937953767 -0.305022460
vn -0.213136151 -0.932901199 -0.290290084
vn -0.077711105 -0.958079189 -0.275763037
f 125//125 121//121 111//111
f 173//173 219//219 209//209
f 623//623 638//638 598//598
f 1110//1110 1117//1117 1115//1115
f 1096//1096 1110//1110 1115//1115
f 1110//1110 1116//1116 1117//1117
f 980//980 952//952 953//953
f 952//952 900//900 953//953
f 900//900 952//952 888//888
f 693//693 660//660 683//683
f 636//636 660//660 717//717
f 660//660 693//693 717//717
f 1007//1007 1036//1036 1042//1042
f 1059//1059 1036//1036 1040//1040
f 928//928 955//955 953//953
f 900//900 928//928 953//953
f 928//928 900//900 896//896
f 955//955 974//974 953//953
f 974//974 980//980 953//953
f 974//974 1006//1006 1032//1032
f 980//980 974//974 1032//1032
f 974//974 989//989 1006//1006
f 989//989 974//974 955//955
f 20//20 29//29 27//27
f 162//162 179//179 143//143
f 233//233 251//251 203//203
f 295//295 293//293 332//332
f 251//251 244//244 203//203
f 244//244 231//231 203//203
f 295//295 285//285 273//273
f 285//285 295//295 312//312
f 142//142 121//121 125//125
f 141//141 142//142 125//125
f 339//339 355//355 390//390
f 661//661 613//613 685//685
f 671//671 623//623 665//665
f 623//623 671//671 638//638
f 671//671 663//663 638//638
f 638//638 625//625 598//598
f 663//663 625//625 638//638
f 613//613 625//625 685//685
f 625//625 663//663 685//685
f 623//623 656//656 665//665
f 556//556 623//623 598//598
f 822//822 852//852 844//844
f 1034//1034 1045//1045 1054//1054
f 1056//1056 1081//1081 1051//1051
f 1011//1011 1015//1015 1047//1047
f 1015//1015 1011//1011 994//994
f 1079//1079 1055//1055 1054//1054
f 1116//1116 1113//1113 1118//1118
f 1066//1066 1079//1079 1089//1089
f 757//757 786//786 763//763
f 809//809 786//786 841//841
f 440//440 486//486 502//502
f 561//561 530//530 572//572
f 530//530 561//561 502//502
f 486//486 530//530 502//502
f 530//530 486//486 505//505
f 728//728 706//706 672//672
f 600//600 561//561 572//572
f 925//925 969//969 960//960
f 552//552 529//529 562//562
f 501//501 529//529 539//539
f 529//529 552//552 539//539
f 529//529 555//555 562//562
f 682//682 713//713 643//643
f 626//626 603//603 652//652
f 705//705 679//679 652//652
f 825//825 806//806 781//781
f 581//581 616//616 636//636
f 616//616 581//581 584//584
f 698//698 693//693 683//683
f 693//693 698//698 717//717
f 779//779 749//749 781//781
f 355//355 386//386 390//390
f 484//484 463//463 449//449
f 604//604 640//640 584//584
f 640//640 616//616 584//584
f 640//640 659//659 683//683
f 570//570 563//563 608//608
f 581//581 543//543 584//584
f 543//543 527//527 584//584
f 527//527 543//543 503//503
f 861//861 880//880 860//860
f 942//942 946//946 985//985
f 946//946 942//942 914//914
f 1036//1036 992//992 1040//1040
f 1007//1007 992//992 1036//1036
f 992//992 1007//1007 985//985
f 946//946 992//992 985//985
f 992//992 946//946 960//960
f 1080//1080 1059//1059 1087//1087
f 1086//1086 1080//1080 1087//1087
f 1036//1036 1058//1058 1042//1042
f 1059//1059 1058//1058 1036//1036
f 1080//1080 1058//1058 1059//1059
f 1006//1006 1043//1043 1032//1032
f 1033//1033 1007//1007 1042//1042
f 931//931 934//934 955//955
f 928//928 931//931 955//955
f 934//934 931//931 893//893
f 868//868 901//901 896//896
f 901//901 928//928 896//896
f 901//901 931//931 928//928
f 901//901 868//868 893//893
f 931//931 901//901 893//893
f 21//21 20//20 27//27
f 4//4 2//2 1//1
f 2//2 3//3 1//1
f 119//119 107//107 86//86
f 192//192 179//179 162//162
f 136//136 120//120 118//118
f 152//152 136//136 118//118
f 136//136 159//159 108//108
f 120//120 136//136 108//108
f 135//135 152//152 118//118
f 103//103 120//120 108//108
f 120//120 103//103 118//118
f 215//215 233//233 203//203
f 332//332 375//375 372//372
f 268//268 233//233 271//271
f 233//233 268//268 251//251
f 293//293 325//325 332//332
f 319//319 295//295 332//332
f 295//295 319//319 312//312
f 319//319 335//335 312//312
f 319//319 332//332 372//372
f 335//335 319//319 372//372
f 276//276 295//295 273//273
f 295//295 276//276 293//293
f 244//244 276//276 273//273
f 276//276 244//244 251//251
f 268//268 276//276 251//251
f 276//276 268//268 293//293
f 229//229 259//259 226//226
f 259//259 257//257 226//226
f 285//285 259//259 273//273
f 217//217 226//226 196//196
f 217//217 229//229 226//226
f 229//229 217//217 231//231
f 226//226 221//221 196//196
f 257//257 221//221 226//226
f 197//197 228//228 194//194
f 197//197 221//221 228//228
f 168//168 197//197 194//194
f 339//339 318//318 355//355
f 318//318 348//348 355//355
f 348//348 318//318 303//303
f 211//211 200//200 234//234
f 211//211 219//219 173//173
f 253//253 211//211 234//234
f 211//211 253//253 219//219
f 568//568 613//613 599//599
f 613//613 629//629 599//599
f 661//661 629//629 613//613
f 768//768 759//759 798//798
f 768//768 729//729 759//759
f 661//661 707//707 723//723
f 707//707 661//661 685//685
f 729//729 707//707 685//685
f 944//944 916//916 984//984
f 910//910 916//916 944//944
f 759//759 801//801 798//798
f 801//801 843//843 798//798
f 849//849 848//848 798//798
f 843//843 849//849 798//798
f 916//916 911//911 938//938
f 911//911 916//916 877//877
f 1015//1015 978//978 1003//1003
f 978//978 1015//1015 994//994
f 891//891 853//853 913//913
f 712//712 758//758 715//715
f 758//758 765//765 715//715
f 765//765 735//735 715//715
f 710//710 671//671 665//665
f 735//735 710//710 665//665
f 710//710 729//729 685//685
f 663//663 710//710 685//685
f 710//710 663//663 671//671
f 556//556 579//579 623//623
f 859//859 852//852 822//822
f 662//662 600//600 641//641
f 676//676 641//641 672//672
f 706//706 676//676 672//672
f 676//676 662//662 641//641
f 730//730 718//718 673//673
f 966//966 976//976 945//945
f 819//819 832//832 772//772
f 832//832 864//864 836//836
f 864//864 875//875 836//836
f 819//819 864//864 832//832
f 1031//1031 1056//1056 1051//1051
f 1031//1031 1015//1015 1003//1003
f 1015//1015 1031//1031 1051//1051
f 1081//1081 1060//1060 1051//1051
f 1015//1015 1060//1060 1047//1047
f 1060//1060 1015//1015 1051//1051
f 1060//1060 1081//1081 1096//1096
f 978//978 986//986 1003//1003
f 964//964 956//956 998//998
f 956//956 964//964 933//933
f 1022//1022 1028//1028 1044//1044
f 884//884 905//905 881//881
f 905//905 884//884 933//933
f 973//973 922//922 961//961
f 922//922 905//905 961//961
f 905//905 922//922 886//886
f 886//886 873//873 842//842
f 1063//1063 1055//1055 1079//1079
f 1063//1063 1066//1066 1039//1039
f 1066//1066 1063//1063 1079//1079
f 1008//1008 1023//1023 1017//1017
f 1110//1110 1107//1107 1116//1116
f 1107//1107 1113//1113 1116//1116
f 1111//1111 1091//1091 1088//1088
f 1098//1098 1091//1091 1111//1111
f 1106//1106 1098//1098 1111//1111
f 1104//1104 1103//1103 1078//1078
f 1103//1103 1111//1111 1088//1088
f 1103//1103 1104//1104 1111//1111
f 1102//1102 1104//1104 1078//1078
f 956//956 991//991 998//998
f 981//981 991//991 923//923
f 991//991 956//956 923//923
f 1009//1009 1008//1008 1017//1017
f 1009//1009 991//991 981//981
f 991//991 1009//1009 1027//1027
f 1066//1066 1038//1038 1039//1039
f 1038//1038 1009//1009 1017//1017
f 1009//1009 1038//1038 1027//1027
f 1023//1023 1038//1038 1017//1017
f 1038//1038 1023//1023 1039//1039
f 1070//1070 1102//1102 1078//1078
f 1102//1102 1070//1070 1094//1094
f 823//823 809//809 841//841
f 869//869 864//864 819//819
f 454//454 519//519 495//495
f 313//313 342//342 340//340
f 417//417 391//391 440//440
f 391//391 398//398 440//440
f 418//418 371//371 352//352
f 427//427 371//371 418//418
f 867//867 820//820 881//881
f 820//820 867//867 842//842
f 867//867 886//886 842//842
f 905//905 867//867 881//881
f 867//867 905//905 886//886
f 820//820 794//794 813//813
f 794//794 820//820 770//770
f 431//431 398//398 401//401
f 494//494 483//483 513//513
f 728//728 732//732 706//706
f 728//728 694//694 738//738
f 694//694 699//699 738//738
f 694//694 728//728 672//672
f 650//650 694//694 672//672
f 694//694 650//650 699//699
f 600//600 602//602 641//641
f 602//602 607//607 641//641
f 602//602 600//600 572//572
f 969//969 975//975 993//993
f 975//975 969//969 944//944
f 975//975 944//944 984//984
f 969//969 918//918 944//944
f 918//918 910//910 944//944
f 1092//1092 1112//1112 1099//1099
f 1112//1112 1105//1105 1099//1099
f 1060//1060 1083//1083 1047//1047
f 1083//1083 1060//1060 1096//1096
f 1073//1073 1092//1092 1099//1099
f 1077//1077 1059//1059 1040//1040
f 1035//1035 1018//1018 993//993
f 992//992 1018//1018 1040//1040
f 1018//1018 969//969 993//993
f 969//969 1018//1018 960//960
f 1018//1018 992//992 960//960
f 559//559 601//601 557//557
f 799//799 853//853 807//807
f 682//682 721//721 713//713
f 748//748 721//721 743//743
f 721//721 748//748 713//713
f 666//666 721//721 682//682
f 521//521 569//569 559//559
f 569//569 597//597 559//559
f 224//224 216//216 198//198
f 216//216 248//248 262//262
f 113//113 107//107 126//126
f 825//825 857//857 868//868
f 880//880 857//857 860//860
f 868//868 857//857 893//893
f 857//857 880//880 893//893
f 825//825 850//850 806//806
f 850//850 868//868 896//896
f 850//850 825//825 868//868
f 698//698 747//747 717//717
f 747//747 698//698 749//749
f 779//779 747//747 749//749
f 787//787 779//779 781//781
f 415//415 430//430 449//449
f 348//348 366//366 355//355
f 366//366 386//386 355//355
f 537//537 514//514 515//515
f 453//453 463//463 515//515
f 386//386 411//411 390//390
f 594//594 604//604 549//549
f 604//604 594//594 605//605
f 755//755 740//740 785//785
f 645//645 604//604 605//605
f 645//645 640//640 604//604
f 640//640 645//645 659//659
f 634//634 645//645 605//605
f 645//645 634//634 659//659
f 640//640 642//642 616//616
f 642//642 660//660 636//636
f 616//616 642//642 636//636
f 660//660 642//642 683//683
f 642//642 640//640 683//683
f 463//463 507//507 515//515
f 507//507 463//463 484//484
f 509//509 491//491 499//499
f 491//491 509//509 484//484
f 740//740 696//696 723//723
f 755//755 696//696 740//740
f 563//563 596//596 608//608
f 527//527 567//567 584//584
f 546//546 567//567 527//527
f 567//567 604//604 584//584
f 604//604 567//567 549//549
f 567//567 546//546 549//549
f 946//946 926//926 960//960
f 926//926 946//946 914//914
f 1029//1029 1043//1043 1006//1006
f 1043//1043 1029//1029 1061//1061
f 1061//1061 1069//1069 1084//1084
f 996//996 942//942 985//985
f 1007//1007 996//996 985//985
f 1033//1033 996//996 1007//1007
f 942//942 920//920 914//914
f 943//943 949//949 934//934
f 934//934 949//949 955//955
f 949//949 989//989 955//955
f 989//989 949//949 963//963
f 949//949 943//943 963//963
f 21//21 14//14 20//20
f 127//127 149//149 151//151
f 127//127 116//116 109//109
f 188//188 162//162 198//198
f 188//188 192//192 162//162
f 192//192 195//195 179//179
f 156//156 136//136 152//152
f 175//175 156//156 181//181
f 156//156 152//152 181//181
f 142//142 146//146 121//121
f 168//168 146//146 142//142
f 146//146 161//161 135//135
f 161//161 146//146 168//168
f 161//161 168//168 194//194
f 114//114 93//93 102//102
f 89//89 93//93 114//114
f 100//100 89//89 114//114
f 100//100 125//125 111//111
f 100//100 134//134 125//125
f 134//134 100//100 114//114
f 51//51 47//47 37//37
f 63//63 51//51 65//65
f 57//57 77//77 67//67
f 94//94 98//98 84//84
f 98//98 103//103 67//67
f 121//121 104//104 111//111
f 456//456 488//488 462//462
f 488//488 456//456 501//501
f 474//474 529//529 501//501
f 456//456 474//474 501//501
f 474//474 456//456 447//447
f 375//375 413//413 372//372
f 456//456 413//413 447//447
f 350//350 375//375 332//332
f 325//325 350//350 332//332
f 277//277 259//259 285//285
f 259//259 277//277 257//257
f 259//259 247//247 273//273
f 247//247 259//259 229//229
f 247//247 244//244 273//273
f 244//244 247//247 231//231
f 247//247 229//229 231//231
f 185//185 217//217 196//196
f 193//193 177//177 196//196
f 193//193 197//197 177//177
f 221//221 193//193 196//196
f 197//197 193//193 221//221
f 167//167 168//168 142//142
f 167//167 142//142 141//141
f 197//197 167//167 177//177
f 168//168 167//167 197//197
f 180//180 211//211 173//173
f 211//211 180//180 200//200
f 180//180 173//173 159//159
f 200//200 180//180 175//175
f 328//328 317//317 356//356
f 275//275 252//252 274//274
f 252//252 275//275 234//234
f 275//275 253//253 234//234
f 305//305 348//348 303//303
f 264//264 305//305 303//303
f 228//228 208//208 194//194
f 239//239 235//235 267//267
f 235//235 208//208 228//228
f 208//208 235//235 239//239
f 230//230 208//208 239//239
f 230//230 205//205 208//208
f 284//284 267//267 283//283
f 284//284 239//239 267//267
f 253//253 258//258 219//219
f 533//533 501//501 539//539
f 533//533 488//488 501//501
f 382//382 369//369 356//356
f 369//369 328//328 356//356
f 328//328 369//369 324//324
f 575//575 568//568 599//599
f 589//589 575//575 599//599
f 575//575 589//589 565//565
f 625//625 578//578 598//598
f 578//578 625//625 613//613
f 578//578 556//556 598//598
f 848//848 821//821 798//798
f 821//821 790//790 798//798
f 859//859 821//821 848//848
f 790//790 821//821 822//822
f 821//821 859//859 822//822
f 796//796 790//790 822//822
f 796//796 811//811 785//785
f 740//740 796//796 785//785
f 790//790 796//796 740//740
f 796//796 822//822 844//844
f 811//811 796//796 844//844
f 790//790 764//764 798//798
f 764//764 768//768 798//798
f 768//768 764//764 729//729
f 910//910 883//883 916//916
f 883//883 843//843 877//877
f 916//916 883//883 877//877
f 883//883 849//849 843//843
f 849//849 883//883 910//910
f 762//762 801//801 759//759
f 801//801 762//762 804//804
f 762//762 765//765 804//804
f 765//765 762//762 735//735
f 965//965 948//948 994//994
f 1011//1011 990//990 994//994
f 990//990 965//965 994//994
f 939//939 891//891 913//913
f 939//939 986//986 978//978
f 845//845 851//851 804//804
f 843//843 851//851 877//877
f 851//851 801//801 804//804
f 801//801 851//851 843//843
f 899//899 939//939 927//927
f 939//939 899//899 891//891
f 911//911 882//882 927//927
f 882//882 899//899 927//927
f 882//882 851//851 845//845
f 882//882 911//911 877//877
f 851//851 882//882 877//877
f 899//899 871//871 891//891
f 882//882 871//871 899//899
f 713//713 686//686 643//643
f 620//620 686//686 648//648
f 686//686 620//620 643//643
f 748//748 739//739 713//713
f 739//739 686//686 713//713
f 686//686 739//739 712//712
f 712//712 739//739 758//758
f 635//635 614//614 648//648
f 681//681 712//712 715//715
f 635//635 681//681 656//656
f 533//533 492//492 488//488
f 488//488 492//492 462//462
f 1034//1034 1013//1013 1045//1045
f 1013//1013 1012//1012 1045//1045
f 1013//1013 1034//1034 1010//1010
f 976//976 971//971 945//945
f 662//662 703//703 673//673
f 703//703 730//730 673//673
f 703//703 676//676 706//706
f 676//676 703//703 662//662
f 752//752 718//718 730//730
f 832//832 805//805 772//772
f 805//805 832//832 836//836
f 999//999 976//976 966//966
f 766//766 819//819 772//772
f 819//819 766//766 808//808
f 766//766 728//728 738//738
f 766//766 793//793 808//808
f 793//793 766//766 738//738
f 875//875 903//903 876//876
f 903//903 875//875 919//919
f 968//968 1009//1009 981//981
f 1009//1009 968//968 1008//1008
f 932//932 981//981 923//923
f 932//932 968//968 981//981
f 968//968 932//932 937//937
f 864//864 894//894 875//875
f 875//875 894//894 919//919
f 894//894 921//921 919//919
f 884//884 908//908 933//933
f 956//956 908//908 923//923
f 908//908 956//956 933//933
f 817//817 839//839 813//813
f 839//839 884//884 881//881
f 820//820 839//839 881//881
f 839//839 820//820 813//813
f 987//987 964//964 998//998
f 1028//1028 987//987 998//998
f 987//987 1028//1028 1022//1022
f 1068//1068 1103//1103 1088//1088
f 1103//1103 1068//1068 1078//1078
f 905//905 954//954 961//961
f 954//954 905//905 933//933
f 964//964 954//954 933//933
f 954//954 987//987 961//961
f 987//987 954//954 964//964
f 853//853 904//904 913//913
f 873//873 904//904 853//853
f 922//922 904//904 886//886
f 904//904 873//873 886//886
f 1019//1019 1037//1037 1039//1039
f 1037//1037 1063//1063 1039//1039
f 1063//1063 1037//1037 1055//1055
f 1037//1037 1019//1019 1010//1010
f 1055//1055 1037//1037 1054//1054
f 1034//1034 1037//1037 1010//1010
f 1037//1037 1034//1034 1054//1054
f 1019//1019 982//982 1010//1010
f 1016//1016 1023//1023 1008//1008
f 1016//1016 1019//1019 1039//1039
f 1023//1023 1016//1016 1039//1039
f 1095//1095 1107//1107 1110//1110
f 1095//1095 1110//1110 1096//1096
f 1081//1081 1095//1095 1096//1096
f 1095//1095 1081//1081 1093//1093
f 1107//1107 1095//1095 1093//1093
f 1091//1091 1062//1062 1088//1088
f 1062//1062 1068//1068 1088//1088
f 1028//1028 1062//1062 1044//1044
f 1068//1068 1062//1062 1028//1028
f 1062//1062 1071//1071 1044//1044
f 1071//1071 1062//1062 1091//1091
f 1113//1113 1114//1114 1118//1118
f 1101//1101 1090//1090 1098//1098
f 1106//1106 1101//1101 1098//1098
f 1114//1114 1101//1101 1106//1106
f 1026//1026 991//991 1027//1027
f 1026//1026 1028//1028 998//998
f 991//991 1026//1026 998//998
f 1070//1070 1064//1064 1094//1094
f 1064//1064 1066//1066 1089//1089
f 1094//1094 1064//1064 1089//1089
f 1064//1064 1038//1038 1066//1066
f 1038//1038 1064//1064 1027//1027
f 1064//1064 1070//1070 1027//1027
f 856//856 823//823 841//841
f 902//902 856//856 841//841
f 465//465 454//454 495//495
f 465//465 485//485 443//443
f 485//485 465//465 495//495
f 459//459 417//417 440//440
f 459//459 454//454 417//417
f 459//459 440//440 502//502
f 519//519 459//459 502//502
f 454//454 459//459 519//519
f 333//333 313//313 352//352
f 333//333 342//342 313//313
f 302//302 313//313 340//340
f 398//398 376//376 401//401
f 376//376 368//368 401//401
f 368//368 376//376 353//353
f 342//342 368//368 340//340
f 368//368 353//353 340//340
f 435//435 431//431 401//401
f 410//410 445//445 436//436
f 445//445 410//410 427//427
f 817//817 777//777 782//782
f 777//777 817//817 813//813
f 680//680 666//666 644//644
f 744//744 770//770 743//743
f 621//621 662//662 673//673
f 662//662 621//621 600//600
f 472//472 486//486 440//440
f 483//483 439//439 444//444
f 439//439 418//418 444//444
f 439//439 427//427 418//418
f 494//494 517//517 487//487
f 517//517 494//494 548//548
f 545//545 517//517 548//548
f 517//517 516//516 487//487
f 517//517 545//545 516//516
f 587//587 626//626 618//618
f 675//675 609//609 618//618
f 494//494 566//566 548//548
f 566//566 494//494 513//513
f 566//566 609//609 619//619
f 609//609 566//566 574//574
f 545//545 532//532 516//516
f 530//530 532//532 572//572
f 532//532 530//530 505//505
f 516//516 532//532 505//505
f 590//590 545//545 548//548
f 650//650 590//590 619//619
f 590//590 566//566 619//619
f 566//566 590//590 548//548
f 674//674 650//650 619//619
f 650//650 674//674 699//699
f 609//609 674//674 619//619
f 674//674 609//609 675//675
f 607//607 647//647 641//641
f 641//641 647//647 672//672
f 647//647 650//650 672//672
f 590//590 647//647 607//607
f 647//647 590//590 650//650
f 626//626 653//653 618//618
f 653//653 675//675 618//618
f 679//679 653//653 652//652
f 653//653 626//626 652//652
f 705//705 714//714 679//679
f 714//714 757//757 763//763
f 714//714 705//705 757//757
f 699//699 731//731 738//738
f 915//915 969//969 925//925
f 915//915 918//918 969//969
f 915//915 925//925 892//892
f 859//859 878//878 892//892
f 878//878 859//859 848//848
f 878//878 915//915 892//892
f 915//915 878//878 918//918
f 849//849 878//878 848//848
f 878//878 849//849 910//910
f 918//918 878//878 910//910
f 1112//1112 1109//1109 1115//1115
f 1109//1109 1112//1112 1092//1092
f 1109//1109 1096//1096 1115//1115
f 1109//1109 1083//1083 1096//1096
f 1083//1083 1109//1109 1092//1092
f 1067//1067 1083//1083 1092//1092
f 1073//1073 1067//1067 1092//1092
f 1083//1083 1067//1067 1047//1047
f 591//591 552//552 562//562
f 614//614 591//591 648//648
f 591//591 620//620 648//648
f 620//620 583//583 643//643
f 583//583 555//555 557//557
f 601//601 583//583 557//557
f 873//873 810//810 842//842
f 810//810 873//873 853//853
f 810//810 820//820 842//842
f 770//770 810//810 743//743
f 820//820 810//810 770//770
f 630//630 601//601 644//644
f 666//666 630//630 644//644
f 583//583 630//630 643//643
f 630//630 583//583 601//601
f 630//630 682//682 643//643
f 630//630 666//666 682//682
f 506//506 555//555 529//529
f 474//474 506//506 529//529
f 632//632 597//597 637//637
f 632//632 680//680 644//644
f 606//606 601//601 559//559
f 597//597 606//606 559//559
f 632//632 606//606 597//597
f 601//601 606//606 644//644
f 606//606 632//632 644//644
f 255//255 241//241 224//224
f 248//248 241//241 255//255
f 241//241 216//216 224//224
f 241//241 248//248 216//216
f 279//279 255//255 269//269
f 279//279 248//248 255//255
f 320//320 279//279 316//316
f 232//232 215//215 204//204
f 233//233 232//232 271//271
f 215//215 232//232 233//233
f 107//107 82//82 86//86
f 113//113 82//82 107//107
f 82//82 66//66 86//86
f 183//183 218//218 201//201
f 179//179 147//147 143//143
f 147//147 119//119 143//143
f 122//122 153//153 126//126
f 107//107 122//122 126//126
f 119//119 122//122 107//107
f 814//814 857//857 825//825
f 874//874 900//900 888//888
f 900//900 874//874 896//896
f 874//874 850//850 896//896
f 850//850 818//818 806//806
f 818//818 846//846 800//800
f 774//774 747//747 779//779
f 774//774 787//787 800//800
f 787//787 774//774 779//779
f 747//747 774//774 717//717
f 438//438 430//430 405//405
f 430//430 438//438 466//466
f 397//397 430//430 415//415
f 397//397 415//415 396//396
f 370//370 397//397 396//396
f 430//430 397//397 405//405
f 397//397 360//360 405//405
f 360//360 397//397 370//370
f 473//473 484//484 449//449
f 430//430 473//473 449//449
f 473//473 491//491 484//484
f 473//473 430//430 466//466
f 473//473 466//466 499//499
f 491//491 473//473 499//499
f 538//538 563//563 570//570
f 537//537 538//538 570//570
f 538//538 537//537 515//515
f 507//507 538//538 515//515
f 434//434 450//450 390//390
f 411//411 434//434 390//390
f 526//526 546//546 527//527
f 546//546 526//526 549//549
f 560//560 594//594 549//549
f 594//594 560//560 570//570
f 560//560 537//537 570//570
f 537//537 560//560 514//514
f 669//669 657//657 639//639
f 627//627 634//634 605//605
f 594//594 627//627 605//605
f 627//627 649//649 634//634
f 749//749 754//754 781//781
f 659//659 684//684 683//683
f 692//692 684//684 659//659
f 687//687 661//661 723//723
f 696//696 687//687 723//723
f 687//687 696//696 655//655
f 617//617 624//624 655//655
f 912//912 925//925 960//960
f 926//926 912//912 960//960
f 925//925 912//912 892//892
f 827//827 861//861 860//860
f 854//854 811//811 844//844
f 989//989 1021//1021 1006//1006
f 1021//1021 1029//1029 1006//1006
f 1021//1021 989//989 963//963
f 1065//1065 1086//1086 1084//1084
f 1065//1065 1080//1080 1086//1086
f 1065//1065 1058//1058 1080//1080
f 1058//1058 1065//1065 1042//1042
f 1065//1065 1033//1033 1042//1042
f 950//950 920//920 942//942
f 943//943 950//950 963//963
f 880//880 917//917 893//893
f 861//861 917//917 880//880
f 920//920 917//917 861//861
f 917//917 950//950 943//943
f 950//950 917//917 920//920
f 917//917 934//934 893//893
f 917//917 943//943 934//934
f 29//29 30//30 27//27
f 30//30 21//21 27//27
f 16//16 9//9 13//13
f 9//9 16//16 18//18
f 17//17 21//21 22//22
f 17//17 14//14 21//21
f 5//5 2//2 4//4
f 5//5 7//7 2//2
f 7//7 5//5 8//8
f 137//137 141//141 125//125
f 134//134 137//137 125//125
f 116//116 92//92 109//109
f 112//112 114//114 102//102
f 112//112 139//139 114//114
f 132//132 115//115 116//116
f 115//115 101//101 116//116
f 215//215 186//186 204//204
f 148//148 166//166 154//154
f 140//140 132//132 116//116
f 127//127 140//140 116//116
f 140//140 127//127 151//151
f 140//140 139//139 132//132
f 92//92 106//106 109//109
f 166//166 163//163 154//154
f 136//136 157//157 159//159
f 156//156 157//157 136//136
f 157//157 180//180 159//159
f 157//157 156//156 175//175
f 180//180 157//157 175//175
f 16//16 19//19 18//18
f 19//19 16//16 13//13
f 23//23 24//24 18//18
f 24//24 9//9 18//18
f 54//54 47//47 51//51
f 63//63 54//54 51//51
f 47//47 54//54 57//57
f 54//54 63//63 57//57
f 85//85 94//94 84//84
f 85//85 104//104 94//94
f 105//105 98//98 94//94
f 104//104 105//105 94//94
f 105//105 104//104 118//118
f 103//103 105//105 118//118
f 98//98 105//105 103//103
f 128//128 104//104 121//121
f 146//146 128//128 121//121
f 128//128 146//146 135//135
f 128//128 135//135 118//118
f 104//104 128//128 118//118
f 350//350 373//373 375//375
f 373//373 350//350 325//325
f 294//294 299//299 325//325
f 294//294 325//325 293//293
f 294//294 268//268 271//271
f 268//268 294//294 293//293
f 299//299 288//288 310//310
f 288//288 294//294 271//271
f 294//294 288//288 299//299
f 149//149 164//164 151//151
f 185//185 187//187 217//217
f 231//231 187//187 203//203
f 217//217 187//187 231//231
f 167//167 158//158 177//177
f 158//158 137//137 134//134
f 158//158 167//167 141//141
f 137//137 158//158 141//141
f 300//300 328//328 324//324
f 300//300 275//275 274//274
f 291//291 282//282 321//321
f 275//275 282//282 253//253
f 258//258 282//282 291//291
f 282//282 258//258 253//253
f 337//337 360//360 370//370
f 337//337 291//291 321//321
f 341//341 335//335 372//372
f 389//389 341//341 372//372
f 402//402 389//389 372//372
f 402//402 456//456 462//462
f 413//413 402//402 372//372
f 402//402 413//413 456//456
f 308//308 329//329 283//283
f 284//284 329//329 317//317
f 329//329 284//284 283//283
f 267//267 307//307 283//283
f 307//307 308//308 283//283
f 307//307 267//267 270//270
f 222//222 252//252 234//234
f 200//200 222//222 234//234
f 222//222 230//230 252//252
f 230//230 222//222 205//205
f 184//184 205//205 181//181
f 205//205 184//184 208//208
f 184//184 161//161 194//194
f 208//208 184//184 194//194
f 246//246 235//235 228//228
f 235//235 246//246 267//267
f 267//267 246//246 270//270
f 246//246 257//257 270//270
f 221//221 246//246 228//228
f 246//246 221//221 257//257
f 252//252 249//249 274//274
f 230//230 249//249 252//252
f 249//249 230//230 239//239
f 249//249 284//284 274//274
f 284//284 249//249 239//239
f 238//238 243//243 209//209
f 238//238 258//258 243//243
f 219//219 238//238 209//209
f 258//258 238//238 219//219
f 286//286 258//258 291//291
f 286//286 305//305 264//264
f 286//286 264//264 243//243
f 258//258 286//286 243//243
f 369//369 344//344 324//324
f 324//324 344//344 321//321
f 344//344 337//337 321//321
f 337//337 344//344 360//360
f 442//442 422//422 468//468
f 511//511 442//442 468//468
f 442//442 511//511 490//490
f 378//378 382//382 356//356
f 466//466 497//497 499//499
f 497//497 518//518 499//499
f 528//528 509//509 499//499
f 518//518 528//528 499//499
f 432//432 438//438 405//405
f 476//476 510//510 500//500
f 510//510 476//476 490//490
f 542//542 575//575 565//565
f 497//497 542//542 518//518
f 542//542 528//528 518//518
f 575//575 544//544 568//568
f 510//510 544//544 500//500
f 544//544 510//510 568//568
f 568//568 571//571 613//613
f 571//571 578//578 613//613
f 578//578 535//535 556//556
f 741//741 790//790 740//740
f 741//741 764//764 790//790
f 741//741 740//740 723//723
f 707//707 741//741 723//723
f 741//741 707//707 729//729
f 764//764 741//741 729//729
f 736//736 710//710 735//735
f 762//762 736//736 735//735
f 736//736 762//762 759//759
f 729//729 736//736 759//759
f 710//710 736//736 729//729
f 962//962 978//978 994//994
f 948//948 962//962 994//994
f 962//962 948//948 927//927
f 939//939 962//962 927//927
f 962//962 939//939 978//978
f 941//941 948//948 965//965
f 911//911 941//941 938//938
f 941//941 911//911 927//927
f 948//948 941//941 927//927
f 990//990 941//941 965//965
f 972//972 916//916 938//938
f 916//916 972//972 984//984
f 941//941 972//972 938//938
f 972//972 941//941 990//990
f 972//972 1020//1020 984//984
f 958//958 939//939 913//913
f 939//939 958//958 986//986
f 904//904 958//958 913//913
f 958//958 922//922 973//973
f 958//958 904//904 922//922
f 775//775 799//799 807//807
f 691//691 681//681 715//715
f 681//681 691//691 656//656
f 656//656 691//691 665//665
f 691//691 735//735 665//665
f 735//735 691//691 715//715
f 667//667 686//686 712//712
f 681//681 667//667 712//712
f 686//686 667//667 648//648
f 667//667 635//635 648//648
f 667//667 681//681 635//635
f 792//792 765//765 758//758
f 797//797 792//792 758//758
f 765//765 792//792 804//804
f 792//792 845//845 804//804
f 837//837 797//797 807//807
f 837//837 882//882 845//845
f 837//837 871//871 882//882
f 535//535 523//523 556//556
f 523//523 535//535 511//511
f 531//531 579//579 556//556
f 523//523 531//531 556//556
f 983//983 1013//1013 1010//1010
f 971//971 929//929 945//945
f 929//929 971//971 930//930
f 898//898 929//929 930//930
f 929//929 898//898 872//872
f 1012//1012 1001//1001 1014//1014
f 971//971 1001//1001 1012//1012
f 1001//1001 971//971 976//976
f 1001//1001 999//999 1014//1014
f 999//999 1001//1001 976//976
f 752//752 795//795 782//782
f 795//795 752//752 816//816
f 752//752 783//783 816//816
f 805//805 783//783 772//772
f 783//783 805//805 816//816
f 834//834 805//805 836//836
f 805//805 834//834 816//816
f 834//834 875//875 876//876
f 875//875 834//834 836//836
f 742//742 732//732 728//728
f 766//766 742//742 728//728
f 732//732 742//742 772//772
f 742//742 766//766 772//772
f 889//889 932//932 855//855
f 932//932 889//889 937//937
f 903//903 889//889 876//876
f 889//889 903//903 937//937
f 895//895 894//894 864//864
f 869//869 895//895 864//864
f 921//921 895//895 924//924
f 894//894 895//895 921//921
f 839//839 870//870 884//884
f 932//932 870//870 855//855
f 870//870 932//932 923//923
f 908//908 870//870 923//923
f 870//870 908//908 884//884
f 995//995 973//973 961//961
f 995//995 1005//1005 973//973
f 987//987 995//995 961//961
f 995//995 987//987 1022//1022
f 1005//1005 995//995 1022//1022
f 1005//1005 1000//1000 973//973
f 1000//1000 958//958 973//973
f 1046//1046 1022//1022 1044//1044
f 1046//1046 1005//1005 1022//1022
f 1071//1071 1046//1046 1044//1044
f 982//982 977//977 1010//1010
f 977//977 983//983 1010//1010
f 983//983 977//977 959//959
f 997//997 1016//1016 1008//1008
f 997//997 982//982 1019//1019
f 1016//1016 997//997 1019//1019
f 997//997 970//970 982//982
f 1085//1085 1091//1091 1098//1098
f 1085//1085 1071//1071 1091//1091
f 1090//1090 1085//1085 1098//1098
f 1108//1108 1114//1114 1113//1113
f 1108//1108 1101//1101 1114//1114
f 1108//1108 1107//1107 1093//1093
f 1107//1107 1108//1108 1113//1113
f 1090//1090 1108//1108 1093//1093
f 1101//1101 1108//1108 1090//1090
f 1049//1049 1068//1068 1028//1028
f 1026//1026 1049//1049 1028//1028
f 1068//1068 1049//1049 1078//1078
f 1049//1049 1070//1070 1078//1078
f 1070//1070 1049//1049 1027//1027
f 1049//1049 1026//1026 1027//1027
f 835//835 856//856 847//847
f 856//856 835//835 823//823
f 835//835 815//815 823//823
f 831//831 835//835 847//847
f 835//835 831//831 815//815
f 823//823 803//803 809//809
f 815//815 803//803 823//823
f 786//786 803//803 763//763
f 803//803 786//786 809//809
f 935//935 966//966 945//945
f 966//966 935//935 940//940
f 935//935 909//909 940//940
f 879//879 831//831 847//847
f 831//831 879//879 872//872
f 887//887 856//856 902//902
f 856//856 887//887 847//847
f 887//887 879//879 847//847
f 897//897 898//898 930//930
f 897//897 930//930 924//924
f 895//895 897//897 924//924
f 897//897 895//895 869//869
f 866//866 897//897 869//869
f 897//897 866//866 898//898
f 866//866 819//819 808//808
f 866//866 869//869 819//819
f 400//400 391//391 417//417
f 391//391 361//361 365//365
f 365//365 361//361 345//345
f 419//419 465//465 443//443
f 374//374 380//380 338//338
f 419//419 380//380 374//374
f 330//330 299//299 310//310
f 299//299 330//330 325//325
f 290//290 250//250 262//262
f 351//351 374//374 338//338
f 281//281 302//302 269//269
f 302//302 281//281 313//313
f 255//255 281//281 269//269
f 376//376 349//349 353//353
f 320//320 349//349 345//345
f 385//385 376//376 398//398
f 391//391 385//385 398//398
f 385//385 391//391 365//365
f 385//385 349//349 376//376
f 385//385 365//365 345//345
f 349//349 385//385 345//345
f 336//336 320//320 316//316
f 353//353 336//336 340//340
f 349//349 336//336 353//353
f 336//336 349//349 320//320
f 336//336 302//302 340//340
f 302//302 336//336 316//316
f 354//354 368//368 342//342
f 333//333 354//354 342//342
f 371//371 354//354 352//352
f 354//354 333//333 352//352
f 464//464 445//445 427//427
f 439//439 464//464 427//427
f 464//464 494//494 487//487
f 445//445 464//464 487//487
f 494//494 464//464 483//483
f 464//464 439//439 483//483
f 427//427 394//394 371//371
f 410//410 394//394 427//427
f 394//394 354//354 371//371
f 408//408 410//410 436//436
f 408//408 435//435 401//401
f 435//435 408//408 436//436
f 752//752 719//719 718//718
f 794//794 761//761 813//813
f 761//761 777//777 813//813
f 761//761 794//794 770//770
f 744//744 761//761 770//770
f 761//761 744//744 734//734
f 744//744 708//708 734//734
f 708//708 711//711 734//734
f 680//680 708//708 666//666
f 708//708 744//744 743//743
f 721//721 708//708 743//743
f 666//666 708//708 721//721
f 595//595 553//553 615//615
f 561//561 553//553 502//502
f 553//553 519//519 502//502
f 519//519 525//525 495//495
f 597//597 610//610 637//637
f 610//610 597//597 569//569
f 588//588 621//621 615//615
f 588//588 553//553 561//561
f 553//553 588//588 615//615
f 600//600 588//588 561//561
f 621//621 588//588 600//600
f 429//429 472//472 440//440
f 472//472 429//429 431//431
f 398//398 429//429 440//440
f 431//431 429//429 398//398
f 478//478 472//472 431//431
f 478//478 516//516 505//505
f 486//486 478//478 505//505
f 472//472 478//478 486//486
f 483//483 493//493 513//513
f 493//493 520//520 513//513
f 469//469 483//483 444//444
f 469//469 493//493 483//483
f 493//493 469//469 481//481
f 603//603 582//582 551//551
f 626//626 582//582 603//603
f 587//587 582//582 626//626
f 585//585 587//587 618//618
f 587//587 585//585 574//574
f 609//609 585//585 618//618
f 585//585 609//609 574//574
f 540//540 566//566 513//513
f 566//566 540//540 574//574
f 520//520 540//540 513//513
f 573//573 590//590 607//607
f 590//590 573//573 545//545
f 602//602 573//573 607//607
f 573//573 602//602 572//572
f 532//532 573//573 572//572
f 573//573 532//532 545//545
f 688//688 653//653 679//679
f 653//653 688//688 675//675
f 714//714 688//688 679//679
f 674//674 697//697 699//699
f 697//697 731//731 699//699
f 697//697 674//674 675//675
f 767//767 793//793 738//738
f 731//731 767//767 738//738
f 767//767 831//831 793//793
f 831//831 767//767 815//815
f 803//803 767//767 763//763
f 767//767 803//803 815//815
f 767//767 727//727 763//763
f 727//727 767//767 731//731
f 1082//1082 1097//1097 1087//1087
f 1097//1097 1082//1082 1077//1077
f 1059//1059 1082//1082 1087//1087
f 1077//1077 1082//1082 1059//1059
f 1025//1025 990//990 1011//1011
f 1025//1025 972//972 990//990
f 972//972 1025//1025 1020//1020
f 1025//1025 1011//1011 1047//1047
f 1048//1048 1020//1020 1073//1073
f 1020//1020 1002//1002 984//984
f 1002//1002 975//975 984//984
f 975//975 1002//1002 993//993
f 1002//1002 1035//1035 993//993
f 1002//1002 1048//1048 1035//1035
f 1048//1048 1002//1002 1020//1020
f 1100//1100 1097//1097 1077//1077
f 1074//1074 1100//1100 1077//1077
f 1100//1100 1074//1074 1105//1105
f 1057//1057 1074//1074 1077//1077
f 1057//1057 1077//1077 1040//1040
f 1018//1018 1057//1057 1040//1040
f 1057//1057 1018//1018 1035//1035
f 592//592 591//591 562//562
f 591//591 592//592 620//620
f 592//592 583//583 620//620
f 555//555 592//592 562//562
f 583//583 592//592 555//555
f 799//799 789//789 853//853
f 789//789 810//810 853//853
f 789//789 748//748 743//743
f 810//810 789//789 743//743
f 451//451 474//474 447//447
f 451//451 506//506 474//474
f 451//451 426//426 448//448
f 480//480 489//489 521//521
f 480//480 479//479 448//448
f 479//479 451//451 448//448
f 451//451 479//479 506//506
f 188//188 207//207 192//192
f 216//216 207//207 198//198
f 207//207 188//188 198//198
f 301//301 302//302 316//316
f 279//279 301//301 316//316
f 302//302 301//301 269//269
f 301//301 279//279 269//269
f 279//279 272//272 248//248
f 236//236 220//220 245//245
f 236//236 206//206 220//220
f 232//232 236//236 271//271
f 236//236 288//288 271//271
f 236//236 232//232 204//204
f 206//206 236//236 204//204
f 280//280 240//240 263//263
f 240//240 280//280 260//260
f 220//220 227//227 245//245
f 218//218 227//227 201//201
f 240//240 227//227 218//218
f 183//183 171//171 153//153
f 176//176 183//183 153//153
f 147//147 176//176 153//153
f 183//183 176//176 179//179
f 176//176 147//147 179//179
f 129//129 147//147 153//153
f 122//122 129//129 153//153
f 147//147 129//129 119//119
f 129//129 122//122 119//119
f 722//722 709//709 737//737
f 857//857 828//828 860//860
f 814//814 828//828 857//857
f 828//828 827//827 860//860
f 818//818 802//802 806//806
f 806//806 802//802 781//781
f 802//802 787//787 781//781
f 787//787 802//802 800//800
f 802//802 818//818 800//800
f 874//874 863//863 850//850
f 863//863 818//818 850//850
f 818//818 863//863 846//846
f 846//846 863//863 888//888
f 863//863 874//874 888//888
f 512//512 507//507 484//484
f 509//509 512//512 484//484
f 416//416 424//424 453//453
f 415//415 424//424 396//396
f 424//424 415//415 449//449
f 463//463 424//424 449//449
f 453//453 424//424 463//463
f 366//366 392//392 386//386
f 441//441 416//416 453//453
f 421//421 411//411 386//386
f 392//392 421//421 386//386
f 421//421 392//392 416//416
f 441//441 421//421 416//416
f 482//482 455//455 475//475
f 455//455 434//434 411//411
f 421//421 455//455 411//411
f 496//496 526//526 527//527
f 496//496 527//527 503//503
f 471//471 496//496 503//503
f 504//504 482//482 475//475
f 504//504 496//496 482//482
f 496//496 504//504 526//526
f 526//526 504//504 549//549
f 622//622 627//627 594//594
f 649//649 622//622 657//657
f 622//622 649//649 627//627
f 776//776 814//814 825//825
f 776//776 825//825 781//781
f 754//754 776//776 781//781
f 698//698 726//726 749//749
f 726//726 754//754 749//749
f 754//754 726//726 733//733
f 624//624 646//646 655//655
f 646//646 687//687 655//655
f 687//687 646//646 661//661
f 629//629 646//646 599//599
f 646//646 629//629 661//661
f 646//646 589//589 599//599
f 646//646 624//624 589//589
f 709//709 700//700 737//737
f 700//700 709//709 669//669
f 725//725 696//696 755//755
f 725//725 690//690 696//696
f 725//725 700//700 690//690
f 700//700 725//725 737//737
f 696//696 654//654 655//655
f 690//690 654//654 696//696
f 654//654 617//617 655//655
f 624//624 593//593 589//589
f 617//617 593//593 624//624
f 593//593 617//617 596//596
f 912//912 890//890 892//892
f 890//890 859//859 892//892
f 859//859 890//890 852//852
f 890//890 912//912 926//926
f 852//852 890//890 844//844
f 890//890 854//854 844//844
f 854//854 890//890 862//862
f 890//890 926//926 914//914
f 862//862 890//890 914//914
f 773//773 784//784 812//812
f 885//885 920//920 861//861
f 858//858 885//885 861//861
f 920//920 885//885 914//914
f 885//885 862//862 914//914
f 885//885 858//858 862//862
f 829//829 858//858 861//861
f 827//827 829//829 861//861
f 829//829 827//827 812//812
f 784//784 829//829 812//812
f 988//988 1021//1021 963//963
f 950//950 988//988 963//963
f 988//988 996//996 1033//1033
f 1021//1021 988//988 1033//1033
f 996//996 988//988 942//942
f 988//988 950//950 942//942
f 1052//1052 1021//1021 1033//1033
f 1065//1065 1052//1052 1033//1033
f 1052//1052 1069//1069 1061//1061
f 1069//1069 1052//1052 1084//1084
f 1052//1052 1065//1065 1084//1084
f 1029//1029 1052//1052 1061//1061
f 1021//1021 1052//1052 1029//1029
f 53//53 46//46 58//58
f 45//45 46//46 53//53
f 46//46 35//35 58//58
f 46//46 45//45 35//35
f 6//6 7//7 8//8
f 9//9 6//6 8//8
f 6//6 9//9 3//3
f 2//2 6//6 3//3
f 7//7 6//6 2//2
f 12//12 9//9 8//8
f 9//9 12//12 13//13
f 133//133 139//139 150//150
f 158//158 133//133 150//150
f 133//133 158//158 134//134
f 133//133 134//134 114//114
f 139//139 133//133 114//114
f 117//117 115//115 132//132
f 115//115 117//117 112//112
f 139//139 117//117 132//132
f 112//112 117//117 139//139
f 131//131 113//113 126//126
f 96//96 82//82 113//113
f 127//127 144//144 149//149
f 155//155 163//163 186//186
f 144//144 155//155 149//149
f 178//178 163//163 166//166
f 163//163 178//178 186//186
f 78//78 93//93 89//89
f 79//79 78//78 89//89
f 24//24 34//34 37//37
f 100//100 97//97 89//89
f 97//97 79//79 89//89
f 97//97 100//100 111//111
f 81//81 85//85 84//84
f 85//85 81//81 77//77
f 77//77 81//81 67//67
f 81//81 98//98 67//67
f 98//98 81//81 84//84
f 104//104 91//91 111//111
f 85//85 91//91 104//104
f 91//91 97//97 111//111
f 97//97 91//91 79//79
f 91//91 85//85 77//77
f 79//79 91//91 65//65
f 373//373 399//399 375//375
f 399//399 373//373 381//381
f 160//160 174//174 150//150
f 139//139 160//160 150//150
f 140//140 160//160 139//139
f 160//160 140//140 151//151
f 164//164 160//160 151//151
f 174//174 160//160 185//185
f 160//160 187//187 185//185
f 187//187 160//160 164//164
f 174//174 165//165 150//150
f 165//165 158//158 150//150
f 296//296 324//324 321//321
f 296//296 300//300 324//324
f 282//282 296//296 321//321
f 300//300 296//296 275//275
f 296//296 282//282 275//275
f 328//328 309//309 317//317
f 300//300 309//309 328//328
f 309//309 300//300 274//274
f 284//284 309//309 274//274
f 309//309 284//284 317//317
f 343//343 337//337 370//370
f 363//363 341//341 389//389
f 423//423 402//402 462//462
f 402//402 423//423 389//389
f 289//289 307//307 270//270
f 257//257 289//289 270//270
f 277//277 289//289 257//257
f 363//363 323//323 341//341
f 289//289 323//323 307//307
f 199//199 222//222 200//200
f 199//199 175//175 181//181
f 199//199 200//200 175//175
f 205//205 199//199 181//181
f 222//222 199//199 205//205
f 152//152 170//170 181//181
f 170//170 184//184 181//181
f 184//184 170//170 161//161
f 135//135 170//170 152//152
f 161//161 170//170 135//135
f 432//432 406//406 452//452
f 378//378 406//406 382//382
f 329//329 346//346 317//317
f 317//317 346//346 356//356
f 346//346 378//378 356//356
f 379//379 346//346 329//329
f 346//346 379//379 378//378
f 497//497 461//461 500//500
f 461//461 476//476 500//500
f 476//476 461//461 452//452
f 461//461 497//497 466//466
f 461//461 432//432 452//452
f 438//438 461//461 466//466
f 432//432 461//461 438//438
f 406//406 433//433 452//452
f 542//542 534//534 575//575
f 534//534 544//544 575//575
f 544//544 534//534 500//500
f 534//534 497//497 500//500
f 534//534 542//542 497//497
f 510//510 536//536 568//568
f 536//536 571//571 568//568
f 536//536 510//510 490//490
f 511//511 536//536 490//490
f 535//535 536//536 511//511
f 571//571 536//536 578//578
f 536//536 535//535 578//578
f 739//739 778//778 758//758
f 775//775 778//778 739//739
f 778//778 775//775 807//807
f 797//797 778//778 807//807
f 778//778 797//797 758//758
f 635//635 577//577 614//614
f 580//580 577//577 635//635
f 577//577 591//591 614//614
f 591//591 577//577 552//552
f 552//552 577//577 539//539
f 577//577 533//533 539//539
f 577//577 580//580 533//533
f 580//580 612//612 579//579
f 612//612 580//580 635//635
f 579//579 612//612 623//623
f 612//612 656//656 623//623
f 612//612 635//635 656//656
f 792//792 824//824 845//845
f 824//824 792//792 797//797
f 824//824 837//837 845//845
f 837//837 824//824 797//797
f 838//838 837//837 807//807
f 837//837 838//838 871//871
f 853//853 838//838 807//807
f 891//891 838//838 853//853
f 871//871 838//838 891//891
f 550//550 492//492 533//533
f 550//550 531//531 492//492
f 531//531 550//550 579//579
f 550//550 580//580 579//579
f 580//580 550//550 533//533
f 951//951 983//983 959//959
f 951//951 959//959 919//919
f 921//921 951//951 919//919
f 951//951 921//921 924//924
f 830//830 795//795 816//816
f 830//830 889//889 855//855
f 889//889 830//830 876//876
f 830//830 834//834 876//876
f 834//834 830//830 816//816
f 756//756 752//752 730//730
f 756//756 783//783 752//752
f 840//840 839//839 817//817
f 840//840 870//870 839//839
f 840//840 817//817 855//855
f 870//870 840//840 855//855
f 1030//1030 1000//1000 1005//1005
f 1046//1046 1030//1030 1005//1005
f 1072//1072 1090//1090 1093//1093
f 1081//1081 1072//1072 1093//1093
f 1072//1072 1081//1081 1056//1056
f 1076//1076 1046//1046 1071//1071
f 1076//1076 1085//1085 1090//1090
f 1085//1085 1076//1076 1071//1071
f 1072//1072 1076//1076 1090//1090
f 947//947 977//977 982//982
f 977//977 947//947 959//959
f 959//959 947//947 919//919
f 947//947 903//903 919//919
f 968//968 979//979 1008//1008
f 979//979 997//997 1008//1008
f 979//979 970//970 997//997
f 979//979 968//968 937//937
f 970//970 979//979 937//937
f 906//906 887//887 902//902
f 887//887 906//906 909//909
f 906//906 902//902 940//940
f 909//909 906//906 940//940
f 887//887 907//907 879//879
f 907//907 935//935 945//945
f 935//935 907//907 909//909
f 907//907 887//887 909//909
f 929//929 907//907 945//945
f 907//907 929//929 872//872
f 879//879 907//907 872//872
f 898//898 865//865 872//872
f 866//866 865//865 898//898
f 865//865 831//831 872//872
f 865//865 866//866 808//808
f 793//793 865//865 808//808
f 831//831 865//865 793//793
f 377//377 400//400 374//374
f 351//351 377//377 374//374
f 377//377 351//351 361//361
f 400//400 377//377 391//391
f 377//377 361//361 391//391
f 465//465 428//428 454//454
f 419//419 428//428 465//465
f 454//454 428//428 417//417
f 428//428 400//400 417//417
f 400//400 428//428 374//374
f 428//428 419//419 374//374
f 357//357 334//334 338//338
f 380//380 357//357 338//338
f 334//334 357//357 367//367
f 358//358 334//334 367//367
f 358//358 384//384 330//330
f 384//384 412//412 381//381
f 412//412 399//399 381//381
f 399//399 412//412 426//426
f 426//426 412//412 448//448
f 359//359 384//384 381//381
f 384//384 359//359 330//330
f 330//330 359//359 325//325
f 373//373 359//359 381//381
f 359//359 373//373 325//325
f 351//351 326//326 361//361
f 361//361 326//326 345//345
f 354//354 383//383 368//368
f 394//394 383//383 354//354
f 368//368 383//383 401//401
f 383//383 408//408 401//401
f 383//383 394//394 410//410
f 408//408 383//383 410//410
f 610//610 658//658 637//637
f 668//668 632//632 637//637
f 632//632 668//668 680//680
f 668//668 708//708 680//680
f 708//708 668//668 711//711
f 746//746 711//711 716//716
f 711//711 746//746 734//734
f 746//746 761//761 734//734
f 761//761 746//746 777//777
f 525//525 522//522 495//495
f 522//522 485//485 495//495
f 522//522 489//489 485//485
f 521//521 522//522 569//569
f 489//489 522//522 521//521
f 558//558 553//553 595//595
f 558//558 522//522 525//525
f 553//553 558//558 519//519
f 558//558 525//525 519//519
f 435//435 470//470 431//431
f 470//470 478//478 431//431
f 470//470 435//435 436//436
f 470//470 445//445 487//487
f 445//445 470//470 436//436
f 516//516 470//470 487//487
f 478//478 470//470 516//516
f 493//493 524//524 520//520
f 524//524 493//493 481//481
f 540//540 547//547 574//574
f 547//547 540//540 520//520
f 524//524 547//547 520//520
f 547//547 587//587 574//574
f 547//547 582//582 587//587
f 582//582 547//547 551//551
f 547//547 524//524 551//551
f 720//720 688//688 714//714
f 720//720 714//714 763//763
f 727//727 720//720 763//763
f 1020//1020 1050//1050 1073//1073
f 1025//1025 1050//1050 1020//1020
f 1050//1050 1067//1067 1073//1073
f 1067//1067 1050//1050 1047//1047
f 1050//1050 1025//1025 1047//1047
f 1075//1075 1048//1048 1073//1073
f 1075//1075 1073//1073 1099//1099
f 1105//1105 1075//1075 1099//1099
f 1074//1074 1075//1075 1105//1105
f 1057//1057 1053//1053 1074//1074
f 1053//1053 1075//1075 1074//1074
f 1075//1075 1053//1053 1048//1048
f 1048//1048 1053//1053 1035//1035
f 1053//1053 1057//1057 1035//1035
f 775//775 769//769 799//799
f 769//769 789//789 799//799
f 789//789 769//769 748//748
f 769//769 739//739 748//748
f 769//769 775//775 739//739
f 508//508 480//480 521//521
f 508//508 479//479 480//480
f 508//508 559//559 557//557
f 508//508 521//521 559//559
f 479//479 508//508 506//506
f 555//555 508//508 557//557
f 506//506 508//508 555//555
f 212//212 183//183 179//179
f 183//183 212//212 218//218
f 290//290 256//256 250//250
f 256//256 292//292 263//263
f 292//292 256//256 290//290
f 214//214 195//195 192//192
f 214//214 225//225 195//195
f 207//207 214//214 192//192
f 214//214 207//207 216//216
f 265//265 290//290 262//262
f 248//248 265//265 262//262
f 272//272 265//265 248//248
f 304//304 320//320 345//345
f 304//304 279//279 320//320
f 304//304 272//272 279//279
f 265//265 304//304 290//290
f 304//304 265//265 272//272
f 326//326 304//304 345//345
f 304//304 326//326 290//290
f 206//206 213//213 220//220
f 213//213 206//206 202//202
f 261//261 236//236 245//245
f 236//236 261//261 288//288
f 242//242 240//240 218//218
f 212//212 242//242 218//218
f 242//242 212//212 225//225
f 240//240 242//242 263//263
f 242//242 256//256 263//263
f 256//256 242//242 225//225
f 334//334 314//314 338//338
f 261//261 266//266 288//288
f 266//266 261//261 245//245
f 223//223 202//202 201//201
f 227//227 223//223 201//201
f 223//223 213//213 202//202
f 223//223 227//227 220//220
f 213//213 223//223 220//220
f 254//254 240//240 260//260
f 254//254 227//227 240//240
f 227//227 254//254 245//245
f 254//254 266//266 245//245
f 191//191 183//183 201//201
f 191//191 171//171 183//183
f 202//202 191//191 201//201
f 171//171 191//191 169//169
f 191//191 206//206 169//169
f 206//206 191//191 202//202
f 528//528 541//541 509//509
f 541//541 512//512 509//509
f 541//541 596//596 563//563
f 538//538 541//541 563//563
f 541//541 538//538 507//507
f 512//512 541//541 507//507
f 424//424 403//403 396//396
f 403//403 424//424 416//416
f 392//392 403//403 416//416
f 403//403 392//392 366//366
f 467//467 441//441 453//453
f 514//514 467//467 515//515
f 467//467 453//453 515//515
f 455//455 467//467 475//475
f 467//467 421//421 441//441
f 467//467 455//455 421//421
f 460//460 471//471 450//450
f 460//460 496//496 471//471
f 496//496 460//460 482//482
f 434//434 460//460 450//450
f 460//460 455//455 482//482
f 455//455 460//460 434//434
f 504//504 498//498 549//549
f 498//498 560//560 549//549
f 560//560 498//498 514//514
f 498//498 504//504 475//475
f 467//467 498//498 475//475
f 498//498 467//467 514//514
f 657//657 611//611 639//639
f 622//622 611//611 657//657
f 639//639 611//611 608//608
f 611//611 570//570 608//608
f 611//611 594//594 570//570
f 611//611 622//622 594//594
f 750//750 754//754 733//733
f 750//750 776//776 754//754
f 726//726 702//702 733//733
f 702//702 684//684 692//692
f 702//702 726//726 698//698
f 702//702 698//698 683//683
f 684//684 702//702 683//683
f 784//784 760//760 755//755
f 760//760 725//725 755//755
f 773//773 760//760 784//784
f 725//725 760//760 737//737
f 760//760 773//773 737//737
f 617//617 631//631 596//596
f 654//654 631//631 617//617
f 631//631 654//654 690//690
f 541//541 554//554 596//596
f 554//554 541//541 528//528
f 788//788 828//828 814//814
f 828//828 788//788 827//827
f 773//773 788//788 737//737
f 827//827 788//788 812//812
f 788//788 773//773 812//812
f 833//833 829//829 784//784
f 829//829 833//833 858//858
f 854//854 833//833 811//811
f 858//858 833//833 862//862
f 833//833 854//854 862//862
f 17//17 15//15 14//14
f 19//19 15//15 17//17
f 15//15 19//19 13//13
f 12//12 15//15 13//13
f 138//138 131//131 126//126
f 138//138 171//171 169//169
f 131//131 138//138 148//148
f 153//153 138//138 126//126
f 171//171 138//138 153//153
f 166//166 138//138 169//169
f 148//148 138//138 166//166
f 130//130 131//131 148//148
f 110//110 96//96 113//113
f 110//110 130//130 106//106
f 88//88 106//106 92//92
f 182//182 187//187 164//164
f 182//182 164//164 149//149
f 155//155 182//182 149//149
f 187//187 182//182 203//203
f 186//186 190//190 204//204
f 178//178 190//190 186//186
f 190//190 206//206 204//204
f 206//206 190//190 169//169
f 190//190 166//166 169//169
f 190//190 178//178 166//166
f 92//92 83//83 76//76
f 115//115 95//95 101//101
f 95//95 112//112 102//102
f 95//95 115//115 112//112
f 62//62 79//79 65//65
f 62//62 78//78 79//79
f 51//51 62//62 65//65
f 25//25 17//17 22//22
f 25//25 19//19 17//17
f 49//49 62//62 51//51
f 72//72 63//63 65//65
f 91//91 72//72 65//65
f 72//72 91//91 77//77
f 63//63 72//72 57//57
f 72//72 77//77 57//57
f 420//420 399//399 426//426
f 413//413 420//420 447//447
f 420//420 413//413 375//375
f 399//399 420//420 375//375
f 420//420 451//451 447//447
f 451//451 420//420 426//426
f 172//172 165//165 174//174
f 172//172 185//185 196//196
f 172//172 174//174 185//185
f 177//177 172//172 196//196
f 158//158 172//172 177//177
f 165//165 172//172 158//158
f 364//364 370//370 396//396
f 364//364 343//343 370//370
f 403//403 364//364 396//396
f 364//364 403//403 366//366
f 364//364 366//366 348//348
f 492//492 477//477 462//462
f 477//477 511//511 468//468
f 477//477 523//523 511//511
f 531//531 477//477 492//492
f 477//477 531//531 523//523
f 423//423 407//407 389//389
f 422//422 407//407 468//468
f 363//363 407//407 362//362
f 407//407 363//363 389//389
f 407//407 379//379 362//362
f 379//379 407//407 422//422
f 347//347 363//363 362//362
f 347//347 323//323 363//363
f 379//379 347//347 362//362
f 347//347 379//379 329//329
f 323//323 347//347 307//307
f 347//347 329//329 308//308
f 307//307 347//347 308//308
f 306//306 323//323 289//289
f 306//306 289//289 277//277
f 323//323 306//306 341//341
f 306//306 285//285 312//312
f 306//306 277//277 285//285
f 335//335 306//306 312//312
f 341//341 306//306 335//335
f 395//395 406//406 432//432
f 395//395 432//432 405//405
f 395//395 369//369 382//382
f 406//406 395//395 382//382
f 360//360 395//395 405//405
f 344//344 395//395 360//360
f 395//395 344//344 369//369
f 458//458 476//476 452//452
f 433//433 458//458 452//452
f 476//476 458//458 490//490
f 458//458 442//442 490//490
f 458//458 433//433 442//442
f 404//404 406//406 378//378
f 404//404 433//433 406//406
f 379//379 404//404 378//378
f 404//404 379//379 422//422
f 442//442 404//404 422//422
f 433//433 404//404 442//442
f 983//983 967//967 1013//1013
f 951//951 967//967 983//983
f 1013//1013 967//967 1012//1012
f 967//967 951//951 924//924
f 826//826 830//830 855//855
f 830//830 826//826 795//795
f 817//817 826//826 855//855
f 826//826 817//817 782//782
f 795//795 826//826 782//782
f 783//783 751//751 772//772
f 756//756 751//751 783//783
f 751//751 732//732 772//772
f 732//732 751//751 706//706
f 751//751 703//703 706//706
f 703//703 751//751 730//730
f 751//751 756//756 730//730
f 1041//1041 1072//1072 1056//1056
f 1041//1041 1030//1030 1046//1046
f 1076//1076 1041//1041 1046//1046
f 1041//1041 1076//1076 1072//1072
f 1030//1030 1004//1004 1000//1000
f 958//958 1004//1004 986//986
f 1000//1000 1004//1004 958//958
f 1041//1041 1004//1004 1030//1030
f 986//986 1004//1004 1003//1003
f 970//970 936//936 982//982
f 936//936 947//947 982//982
f 936//936 970//970 937//937
f 903//903 936//936 937//937
f 947//947 936//936 903//903
f 357//357 388//388 367//367
f 388//388 357//357 380//380
f 388//388 380//380 419//419
f 358//358 331//331 334//334
f 331//331 330//330 310//310
f 331//331 358//358 330//330
f 446//446 480//480 448//448
f 425//425 412//412 384//384
f 412//412 425//425 448//448
f 425//425 446//446 448//448
f 446//446 425//425 414//414
f 393//393 358//358 367//367
f 287//287 292//292 311//311
f 314//314 287//287 311//311
f 287//287 314//314 280//280
f 287//287 280//280 263//263
f 292//292 287//287 263//263
f 315//315 326//326 351//351
f 292//292 315//315 311//311
f 315//315 292//292 290//290
f 326//326 315//315 290//290
f 711//711 670//670 716//716
f 670//670 658//658 716//716
f 668//668 670//670 711//711
f 658//658 670//670 637//637
f 670//670 668//668 637//637
f 678//678 719//719 716//716
f 658//658 678//678 716//716
f 719//719 678//678 718//718
f 753//753 746//746 716//716
f 719//719 753//753 716//716
f 777//777 753//753 782//782
f 746//746 753//753 777//777
f 753//753 752//752 782//782
f 753//753 719//719 752//752
f 576//576 610//610 569//569
f 522//522 576//576 569//569
f 695//695 720//720 727//727
f 697//697 695//695 731//731
f 695//695 727//727 731//731
f 695//695 697//697 675//675
f 688//688 695//695 675//675
f 720//720 695//695 688//688
f 225//225 210//210 195//195
f 212//212 210//210 225//225
f 195//195 210//210 179//179
f 210//210 212//212 179//179
f 256//256 237//237 250//250
f 237//237 256//256 225//225
f 214//214 237//237 225//225
f 237//237 214//214 216//216
f 237//237 216//216 262//262
f 250//250 237//237 262//262
f 297//297 314//314 334//334
f 314//314 297//297 280//280
f 704//704 701//701 722//722
f 669//669 701//701 657//657
f 709//709 701//701 669//669
f 722//722 701//701 709//709
f 677//677 704//704 692//692
f 649//649 677//677 634//634
f 634//634 677//677 659//659
f 677//677 692//692 659//659
f 724//724 750//750 733//733
f 704//704 724//724 692//692
f 724//724 702//702 692//692
f 702//702 724//724 733//733
f 596//596 633//633 608//608
f 631//631 633//633 596//596
f 633//633 639//639 608//608
f 633//633 631//631 690//690
f 633//633 669//669 639//639
f 633//633 700//700 669//669
f 700//700 633//633 690//690
f 564//564 554//554 528//528
f 564//564 593//593 596//596
f 554//554 564//564 596//596
f 564//564 542//542 565//565
f 542//542 564//564 528//528
f 589//589 564//564 565//565
f 593//593 564//564 589//589
f 780//780 788//788 814//814
f 788//788 780//780 737//737
f 833//833 791//791 811//811
f 791//791 833//833 784//784
f 811//811 791//791 785//785
f 791//791 755//755 785//785
f 791//791 784//784 755//755
f 14//14 11//11 4//4
f 15//15 11//11 14//14
f 11//11 5//5 4//4
f 130//130 124//124 106//106
f 106//106 124//124 109//109
f 124//124 127//127 109//109
f 124//124 144//144 127//127
f 163//163 145//145 154//154
f 145//145 148//148 154//154
f 145//145 130//130 148//148
f 124//124 145//145 144//144
f 145//145 124//124 130//130
f 155//155 145//145 163//163
f 145//145 155//155 144//144
f 130//130 123//123 131//131
f 110//110 123//123 130//130
f 131//131 123//123 113//113
f 123//123 110//110 113//113
f 82//82 71//71 66//66
f 66//66 71//71 58//58
f 96//96 71//71 82//82
f 88//88 71//71 96//96
f 110//110 99//99 96//96
f 99//99 88//88 96//96
f 99//99 110//110 106//106
f 88//88 99//99 106//106
f 189//189 155//155 186//186
f 189//189 182//182 155//155
f 182//182 189//189 203//203
f 189//189 215//215 203//203
f 189//189 186//186 215//215
f 83//83 68//68 76//76
f 68//68 83//83 69//69
f 87//87 83//83 92//92
f 101//101 87//87 116//116
f 87//87 92//92 116//116
f 95//95 87//87 101//101
f 83//83 87//87 69//69
f 42//42 45//45 53//53
f 78//78 75//75 93//93
f 75//75 78//78 64//64
f 31//31 25//25 22//22
f 21//21 31//31 22//22
f 30//30 31//31 21//21
f 25//25 26//26 19//19
f 19//19 26//26 18//18
f 31//31 26//26 25//25
f 36//36 41//41 34//34
f 41//41 49//49 51//51
f 41//41 51//51 37//37
f 34//34 41//41 37//37
f 305//305 322//322 348//348
f 322//322 364//364 348//348
f 364//364 322//322 343//343
f 286//286 322//322 305//305
f 322//322 286//286 291//291
f 337//337 322//322 291//291
f 343//343 322//322 337//337
f 437//437 407//407 423//423
f 437//437 423//423 462//462
f 477//477 437//437 462//462
f 437//437 477//477 468//468
f 407//407 437//437 468//468
f 930//930 957//957 924//924
f 957//957 967//967 924//924
f 971//971 957//957 930//930
f 957//957 971//971 1012//1012
f 967//967 957//957 1012//1012
f 1004//1004 1024//1024 1003//1003
f 1024//1024 1004//1004 1041//1041
f 1024//1024 1031//1031 1003//1003
f 1031//1031 1024//1024 1056//1056
f 1024//1024 1041//1041 1056//1056
f 457//457 489//489 480//480
f 446//446 457//457 480//480
f 485//485 457//457 443//443
f 489//489 457//457 485//485
f 387//387 393//393 414//414
f 387//387 425//425 384//384
f 425//425 387//387 414//414
f 358//358 387//387 384//384
f 393//393 387//387 358//358
f 315//315 327//327 311//311
f 327//327 315//315 351//351
f 327//327 351//351 338//338
f 314//314 327//327 338//338
f 327//327 314//314 311//311
f 651//651 678//678 658//658
f 651//651 595//595 615//615
f 718//718 664//664 673//673
f 678//678 664//664 718//718
f 651//651 664//664 678//678
f 664//664 651//651 615//615
f 664//664 621//621 673//673
f 621//621 664//664 615//615
f 558//558 586//586 522//522
f 586//586 576//576 522//522
f 586//586 558//558 595//595
f 576//576 586//586 610//610
f 254//254 278//278 266//266
f 297//297 278//278 280//280
f 280//280 278//278 260//260
f 278//278 254//254 260//260
f 331//331 298//298 334//334
f 298//298 297//297 334//334
f 298//298 331//331 310//310
f 288//288 298//298 310//310
f 266//266 298//298 288//288
f 278//278 298//298 266//266
f 298//298 278//278 297//297
f 677//677 689//689 704//704
f 701//701 689//689 657//657
f 689//689 701//701 704//704
f 689//689 649//649 657//657
f 689//689 677//677 649//649
f 750//750 771//771 776//776
f 776//776 771//771 814//814
f 771//771 780//780 814//814
f 10//10 15//15 12//12
f 10//10 11//11 15//15
f 10//10 12//12 8//8
f 5//5 10//10 8//8
f 11//11 10//10 5//5
f 73//73 53//53 58//58
f 71//71 73//73 58//58
f 73//73 71//71 88//88
f 73//73 92//92 76//76
f 73//73 88//88 92//92
f 73//73 60//60 53//53
f 56//56 68//68 69//69
f 59//59 56//56 69//69
f 60//60 56//56 50//50
f 56//56 60//60 68//68
f 87//87 70//70 69//69
f 70//70 87//87 95//95
f 59//59 70//70 64//64
f 70//70 59//59 69//69
f 45//45 38//38 35//35
f 42//42 38//38 45//45
f 35//35 38//38 29//29
f 39//39 38//38 42//42
f 61//61 59//59 64//64
f 78//78 61//61 64//64
f 62//62 61//61 78//78
f 28//28 23//23 18//18
f 26//26 28//28 18//18
f 409//409 446//446 414//414
f 409//409 457//457 446//446
f 457//457 409//409 443//443
f 393//393 409//409 414//414
f 409//409 419//419 443//443
f 409//409 388//388 419//419
f 388//388 409//409 367//367
f 409//409 393//393 367//367
f 651//651 628//628 595//595
f 628//628 651//651 658//658
f 628//628 586//586 595//595
f 628//628 658//658 610//610
f 586//586 628//628 610//610
f 724//724 745//745 750//750
f 745//745 771//771 750//750
f 745//745 704//704 722//722
f 745//745 724//724 704//704
f 771//771 745//745 780//780
f 745//745 722//722 737//737
f 780//780 745//745 737//737
f 68//68 74//74 76//76
f 60//60 74//74 68//68
f 74//74 73//73 76//76
f 74//74 60//60 73//73
f 48//48 60//60 50//50
f 48//48 39//39 42//42
f 48//48 42//42 53//53
f 60//60 48//48 53//53
f 40//40 26//26 31//31
f 40//40 28//28 26//26
f 80//80 70//70 95//95
f 80//80 75//75 64//64
f 70//70 80//80 64//64
f 33//33 38//38 39//39
f 33//33 31//31 30//30
f 33//33 39//39 31//31
f 33//33 30//30 29//29
f 38//38 33//33 29//29
f 32//32 24//24 23//23
f 28//28 32//32 23//23
f 32//32 34//34 24//24
f 32//32 36//36 34//34
f 32//32 28//28 36//36
f 56//56 44//44 50//50
f 44//44 48//48 50//50
f 48//48 44//44 39//39
f 39//39 44//44 31//31
f 44//44 40//40 31//31
f 28//28 43//43 36//36
f 40//40 43//43 28//28
f 90//90 80//80 95//95
f 93//93 90//90 102//102
f 90//90 95//95 102//102
f 75//75 90//90 93//93
f 80//80 90//90 75//75
f 49//49 52//52 62//62
f 52//52 61//61 62//62
f 43//43 52//52 36//36
f 52//52 41//41 36//36
f 41//41 52//52 49//49
f 55//55 43//43 40//40
f 44//44 55//55 40//40
f 55//55 52//52 43//43
f 55//55 56//56 59//59
f 55//55 44//44 56//56
f 61//61 55//55 59//59
f 52//52 55//55 61//61
