-1.388242 0.422351 -4.501330 50 59 31 0 -0.244748 -0.664767 -0.705821
-0.751088 -0.216935 -4.662752 122 157 116 0 0.500184 0.752735 -0.428026
-1.121576 0.152130 -5.018306 74 111 54 0 0.228289 0.854193 -0.467160
-1.050465 0.088130 -4.460797 114 135 108 0 0.990946 0.102671 -0.086520
-1.255975 0.365463 -4.800707 123 132 110 0 -0.063819 0.823973 -0.563024
-0.863443 -0.022092 -4.900262 106 141 91 0 0.626779 0.771307 0.110608
-1.026998 0.075330 -5.289239 65 91 28 0 0.094028 0.990194 -0.103315
-1.058998 0.136486 -4.741685 101 112 78 0 0.657235 0.753685 0.001378
-1.220420 0.246708 -4.573863 100 131 87 0 0.713646 0.699458 0.038307
-0.839266 -0.033469 -4.523375 38 45 30 0 0.340595 0.815843 -0.467328
-0.678555 -0.181380 -4.893862 41 42 31 0 0.881342 0.364328 -0.300835
-0.921043 0.019153 -5.102928 106 143 90 0 0.530352 0.847185 -0.031683
-1.204775 0.094530 -5.191106 97 107 84 0 0.254009 -0.939695 0.229025
-1.249575 0.300041 -5.002662 63 79 43 0 0.762488 -0.539084 -0.357771
-0.901843 -0.000758 -4.705418 101 134 88 0 0.633196 0.759534 0.148899
-0.995709 0.091686 -4.907373 113 147 104 0 0.736989 0.674266 -0.047042
-0.766732 -0.065469 -5.036795 81 87 66 0 0.900734 0.433785 -0.022552
-1.154287 0.228930 -4.849773 112 140 102 0 0.785217 0.619033 0.015233
-1.338464 0.349818 -4.654930 112 127 91 0 -0.331052 0.940398 -0.077817
-0.804421 -0.110980 -4.777951 101 134 81 0 0.815522 0.554195 0.166709
-1.005665 0.073908 -4.608707 107 141 95 0 0.600804 0.791768 0.110172
-1.136509 0.213997 -4.445864 40 49 41 0 0.006846 0.587425 -0.809250
-1.066109 0.083153 -5.138484 78 116 54 0 0.466127 0.862261 -0.198067
-1.170642 0.218974 -4.705418 111 132 104 0 0.682310 0.730340 0.032491
-1.287975 0.322085 -4.477152 44 53 47 0 0.397545 0.308519 -0.864161
-1.110909 0.161374 -4.585241 96 132 89 0 0.538341 0.838213 -0.087106
-0.825754 -0.102447 -4.641418 114 144 100 0 0.968407 0.246081 -0.040401
-1.243886 0.206174 -5.100795 70 82 46 0 -0.437167 -0.835162 0.333751
-0.671444 -0.228313 -4.768707 107 129 91 0 0.461675 0.705013 0.538343
-0.954465 0.002797 -4.477863 54 54 45 0 0.637335 0.142463 0.757304
-0.773132 -0.104580 -4.901684 104 134 90 0 0.569284 0.798218 0.196884
-0.962998 0.061108 -4.788618 100 135 87 0 0.682610 0.721277 0.117486
-1.017043 0.087419 -5.024706 90 128 73 0 0.506793 0.840645 -0.190987
-0.935265 0.039064 -5.218128 67 76 43 0 0.893112 0.253271 -0.371760
-1.209753 0.321374 -4.895996 113 142 100 0 0.943523 0.309154 -0.119111
-0.922465 0.033375 -4.976351 111 145 97 0 0.682071 0.730283 -0.038287
-1.083887 0.166352 -4.906662 106 143 90 0 0.671483 0.725806 -0.149386
-1.258109 0.296485 -4.715374 110 142 94 0 0.877802 0.402012 0.260480
-1.176331 0.226797 -4.961418 81 104 63 0 0.672407 0.508078 -0.538261
-0.925310 0.008486 -4.594485 101 138 84 0 0.561624 0.806862 0.183171
-1.122998 0.098086 -5.253683 42 50 33 0 0.103276 -0.993893 -0.038867
-0.831443 -0.027780 -5.105772 41 45 26 0 0.815712 0.498229 -0.293908
-0.869843 -0.029203 -4.801418 104 138 84 0 0.722390 0.626285 0.293121
-1.154998 0.122263 -5.110750 68 106 46 0 0.413389 0.799433 -0.435908
-0.801577 -0.175691 -4.585952 33 41 29 0 0.697765 0.703767 -0.133551
-0.852066 -0.022803 -5.004795 147 135 118 0 0.895658 0.365665 0.253153
-1.336331 0.364752 -4.554663 105 129 83 0 0.689650 0.704874 0.165942
-1.223264 0.255241 -4.464353 100 133 90 0 0.372850 0.909982 -0.181425
-0.735444 -0.169291 -4.801418 102 132 82 0 0.600938 0.703015 0.380320
-0.926732 0.038353 -4.871107 96 131 79 0 0.626334 0.777567 0.055642
-0.975798 0.058975 -4.697596 117 130 101 0 0.443307 0.879299 0.174104
-1.206909 0.273730 -4.790040 119 154 108 0 0.805804 0.555041 0.206420
-1.037665 0.127241 -4.827729 116 139 104 0 0.568585 0.769261 0.291459
-1.325664 0.346974 -4.743818 90 91 85 0 0.703908 0.709550 -0.032445
-1.275175 0.296485 -4.622219 104 140 95 0 0.698051 0.666250 0.262366
-1.108065 0.165641 -4.676263 98 134 94 0 0.403407 0.910076 -0.095000
-0.710555 -0.133025 -4.957151 68 72 46 0 0.814355 0.530026 -0.236426
-1.093843 0.157819 -4.502041 106 136 101 0 0.513995 0.854781 -0.071819
-1.160687 0.204752 -4.530486 94 132 97 0 0.863837 0.500554 0.056850
-0.790910 -0.155780 -4.704707 112 145 97 0 0.775716 0.570333 0.270158
-0.982198 0.051864 -5.149861 91 127 63 0 0.309154 0.943523 0.119111
-1.125842 0.193374 -4.780085 115 151 104 0 0.694569 0.719425 0.001381
-1.199087 0.192663 -5.032528 78 114 55 0 0.484482 0.739124 -0.467946
-1.001398 0.045464 -4.529063 116 152 106 0 0.498234 0.800676 0.332687
-0.852777 -0.061914 -4.722485 109 144 101 0 0.831446 0.552890 0.054867
-0.799443 -0.087514 -4.567463 101 126 83 0 0.768833 0.452159 -0.452159
-1.169931 0.206885 -4.619374 100 134 93 0 0.529258 0.845402 0.071979
-1.051176 0.113019 -4.550396 87 122 60 0 0.839123 -0.072167 -0.539133
-0.881932 0.001375 -5.175461 43 46 29 0 0.791586 0.585743 -0.174058
-1.041932 0.117286 -4.669863 100 134 89 0 0.548356 0.834455 0.054695
-0.866999 -0.040580 -4.625774 104 141 90 0 0.752761 0.641129 -0.149345
-1.053309 0.130086 -4.974217 97 131 80 0 0.482082 0.814007 -0.324022
-1.222553 0.253108 -4.653507 114 151 117 0 0.774410 0.610739 0.165187
-1.047620 0.078886 -5.217417 94 132 66 0 0.166563 0.955403 0.243848
-1.276598 0.297907 -4.546841 112 149 107 0 0.641765 0.726913 -0.244407
-0.802288 -0.069736 -4.971373 108 122 88 0 0.600804 0.791768 0.110172
-1.226109 0.147152 -5.142039 77 93 45 0 -0.245183 -0.419669 0.873935
-0.826466 -0.070447 -4.844796 119 125 97 0 0.775996 0.625710 0.079478
-1.265931 0.230352 -5.020440 37 46 28 0 0.525665 0.404484 -0.748377
-1.081754 0.108041 -5.070928 79 118 50 0 0.572495 0.753113 -0.324145
-1.132242 0.092397 -5.181861 70 109 46 0 0.237076 0.918131 -0.317538
-0.957310 0.047597 -5.038217 97 133 76 0 0.506351 0.862019 -0.023078
-0.721933 -0.253202 -4.718218 133 150 117 0 0.467540 0.625063 0.625063
-1.348420 0.369018 -4.480708 51 63 51 0 0.125666 0.586932 -0.799824
-1.092420 0.177019 -4.837685 108 132 94 0 0.663323 0.719247 0.206609
-0.905399 -0.015692 -4.525508 89 130 60 0 0.157638 0.974834 -0.157638
-1.012065 0.066086 -5.089417 85 116 67 0 0.325378 0.872258 -0.365096
-1.017043 0.029108 -4.463641 60 61 51 0 0.604240 0.793693 0.070327
-0.663622 -0.206269 -4.830574 106 135 92 0 0.776641 0.611399 0.151723
-0.911088 0.014175 -4.774396 104 138 90 0 0.600703 0.782275 0.164928
-1.180598 0.258085 -4.902395 111 146 101 0 0.851992 0.516316 -0.086764
-0.980776 0.080308 -4.969951 104 120 83 0 0.426889 0.800619 -0.420446
-1.118731 0.182708 -4.959284 98 133 85 0 0.547250 0.821621 -0.159552
-0.729755 -0.150091 -4.863285 100 133 78 0 0.664261 0.714276 0.220378
-0.900421 0.009908 -5.042484 97 130 78 0 0.528287 0.829305 -0.182116
-1.005665 0.094530 -4.754485 105 141 101 0 0.554231 0.832034 0.023379
-0.747532 -0.189202 -4.742396 117 152 103 0 0.735142 0.520381 0.434477
-1.214020 0.288663 -4.950040 95 129 83 0 0.776308 0.315325 -0.545817
-0.988598 0.085286 -4.840529 129 118 98 0 0.509456 0.857515 0.071576
-0.938821 0.026975 -4.652796 106 139 91 0 0.601658 0.791963 0.103936
-1.058998 0.126530 -4.611552 111 145 103 0 0.619649 0.763469 0.182070
-1.214020 0.320663 -4.834840 124 159 115 0 0.898308 0.325172 0.295476
-1.131531 0.204041 -4.903818 109 147 103 0 0.608899 0.781594 -0.135476
-0.992865 0.063241 -5.241594 94 131 71 0 0.135614 0.988709 -0.063750
-0.837132 -0.057647 -5.054573 130 91 72 0 0.962133 -0.267190 -0.053940
-0.796599 -0.166447 -4.644263 119 150 108 0 0.798218 0.569284 0.196884
-1.199087 0.164930 -5.084439 84 120 59 0 0.380092 0.784446 -0.490076
-1.077487 0.167063 -4.446575 47 54 46 0 0.530026 0.236426 -0.814355
-0.750377 -0.094625 -4.980618 95 129 82 0 0.334327 0.850591 0.405858
-1.214731 0.255952 -4.713241 114 145 108 0 0.578123 0.704018 0.412472
-0.774555 -0.125202 -4.825596 106 140 87 0 0.634748 0.680673 0.365759
-1.314286 0.336307 -4.599463 102 138 93 0 0.836911 0.489862 -0.244163
-0.874110 -0.003603 -4.953595 113 149 101 0 0.699022 0.680257 0.220497
-1.165665 0.233908 -4.776529 107 142 96 0 0.697930 0.595633 0.397638
-1.206198 0.241019 -4.519108 94 129 80 0 0.792601 0.570981 -0.213925
-0.822199 -0.061914 -4.918751 93 128 72 0 0.665410 0.746320 -0.015345
-1.041932 0.130086 -4.918751 108 145 97 0 0.545426 0.835756 -0.063422
-0.822910 -0.103869 -4.699729 119 136 100 0 0.895310 0.442914 -0.047407
-0.940954 0.049730 -4.925862 112 129 88 0 0.694817 0.717644 0.047082
-1.295797 0.315685 -4.670574 103 140 95 0 0.640541 0.767241 0.032379
-1.216864 0.367596 -4.865418 51 51 49 0 0.961973 0.172392 -0.211871
-1.249575 0.317818 -4.772263 120 155 116 0 0.735482 0.388216 0.555297
-0.950199 0.013464 -4.540441 104 141 97 0 0.475526 0.849263 0.229407
-0.890465 0.001375 -4.852618 116 148 108 0 0.657173 0.751669 -0.055838
-1.103798 0.166352 -4.737418 114 122 91 0 0.525970 0.850476 0.006761
-1.256686 0.283685 -4.499197 100 134 89 0 0.721280 0.689607 -0.064786
-0.865577 -0.032047 -4.573152 94 132 82 0 0.626469 0.776245 -0.070568
-0.935265 0.032664 -4.729596 103 138 91 0 0.595485 0.793488 0.125599
-1.071798 0.091686 -5.267194 71 86 51 0 -0.048204 0.866300 0.497193
-1.191976 0.274441 -4.845507 112 145 98 0 0.736263 0.646738 0.199115
-1.155709 0.150708 -5.059551 80 113 58 0 0.523575 0.790933 -0.316692
-0.935265 0.032664 -5.161239 95 135 75 0 0.603486 0.787350 0.126035
-0.967265 0.038353 -4.588085 107 140 90 0 0.613793 0.762217 0.205628
-1.309309 0.332041 -4.523375 96 131 89 0 0.772299 0.615119 0.158692
-1.175620 0.224663 -4.481419 93 128 87 0 0.500202 0.825411 -0.261716
-1.115176 0.100219 -5.134217 73 112 49 0 0.165195 0.974778 -0.150063
-1.218287 0.248841 -4.981328 65 101 45 0 0.599406 0.585899 -0.545375
-1.063976 0.115864 -5.023995 82 120 66 0 0.524463 0.753201 -0.397023
-1.154287 0.184841 -4.997684 70 106 49 0 0.544453 0.743922 -0.387493
-0.836421 -0.071869 -4.777240 105 139 92 0 0.794496 0.578782 0.183813
-0.874110 -0.034892 -4.680530 104 138 92 0 0.779890 0.624758 0.038078
-0.824332 -0.130891 -4.568174 80 105 22 0 0.388693 0.071283 0.918606
-0.880510 -0.006447 -5.088706 91 126 72 0 0.388054 0.920470 0.046355
-1.168509 0.098797 -5.225239 109 138 75 0 0.969872 -0.198064 0.141839
-0.903265 0.011331 -4.905951 114 132 103 0 0.500539 0.848093 0.173777
-0.731888 -0.131602 -4.912351 96 133 71 0 0.584908 0.775198 0.238643
-0.773132 -0.148669 -4.770129 116 145 111 0 0.658061 0.690240 0.300874
-1.056154 0.144308 -4.870396 110 144 100 0 0.657467 0.736423 -0.159432
-1.036243 0.076041 -4.512708 111 142 96 0 0.753083 0.618994 0.222963
-1.019887 0.066086 -5.179017 85 123 65 0 0.316978 0.945716 0.071744
-0.962287 0.044042 -5.086573 116 119 81 0 0.592576 0.782445 -0.191400
-1.173487 0.105908 -5.152706 69 106 31 0 0.032741 0.920672 -0.388961
-1.000687 0.083153 -4.663463 105 139 88 0 0.522655 0.823067 0.222243
-1.149309 0.199063 -4.662752 99 124 91 0 0.592299 0.772631 0.228525
-0.931710 0.038353 -4.822751 113 149 106 0 0.610330 0.787196 -0.088433
-0.874821 -0.032047 -4.753774 110 146 95 0 0.713960 0.696582 -0.070962
-0.832154 -0.076136 -4.600174 108 147 100 0 0.655050 0.601440 -0.457362
-1.224687 0.334174 -4.941506 95 103 83 0 0.809894 0.015177 -0.586380
-1.065398 0.142175 -4.792173 108 142 98 0 0.601926 0.769041 0.215084
-1.015621 0.100930 -4.705418 105 140 94 0 0.472862 0.876970 -0.085592
-1.138642 0.197641 -4.733863 100 133 85 0 0.714832 0.697710 -0.047085
-0.962998 0.066086 -4.881062 187 133 138 0 0.377918 0.924241 -0.054367
-1.387530 0.390352 -4.467197 144 136 127 0 0.586295 0.643412 -0.492219
-0.898999 -0.007869 -4.634307 105 140 91 0 0.640577 0.767863 0.006918
-0.702733 -0.199158 -4.786485 106 140 92 0 0.419906 0.815862 0.397553
-1.227531 0.282263 -4.749507 101 137 82 0 0.545385 0.798544 0.254721
-1.130109 0.194085 -4.487108 94 131 82 0 0.592854 0.797791 -0.109788
-1.300775 0.370441 -4.790751 38 54 18 0 -0.142239 -0.849033 -0.508833
-1.067531 0.120130 -4.504886 108 138 96 0 0.706734 0.706734 -0.032445
-0.770999 -0.198447 -4.624352 51 60 37 0 0.663978 0.742779 -0.086098
-0.973665 0.063953 -4.743818 108 129 94 0 0.616608 0.777074 0.126293
-1.080331 0.082441 -5.186128 84 118 59 0 0.262833 0.959404 0.102285
-0.854910 -0.036314 -4.854040 106 139 93 0 0.798394 0.553450 0.237193
-1.094554 0.154975 -4.634307 103 139 100 0 0.631766 0.767250 -0.110449
-0.974376 0.051864 -4.632885 99 131 83 0 0.777384 0.627288 0.046728
-0.847799 -0.071158 -4.676263 111 146 101 0 0.800924 0.579360 -0.151203
-1.285842 0.326352 -4.740263 108 143 94 0 0.332426 0.931068 0.150350
-1.006376 0.096664 -4.799284 106 141 98 0 0.593717 0.773537 0.221675
-1.022732 0.114441 -4.871107 110 146 100 0 0.674661 0.738126 0.001380
-1.243886 0.205463 -5.055995 87 125 65 0 0.403956 0.812702 -0.419923
-1.039798 0.089552 -5.063106 84 122 60 0 0.245256 0.912815 -0.326524
-1.083176 0.155686 -4.950040 100 138 80 0 0.768784 0.639507 0.001375
-0.811532 -0.053380 -5.011906 88 122 80 0 0.523487 0.832479 0.181495
-1.122287 0.122975 -5.079462 73 111 50 0 0.418735 0.854467 -0.307485
-0.863443 -0.014269 -5.048884 82 99 67 0 0.466127 0.862261 0.198067
-0.693488 -0.178536 -4.852618 103 139 86 0 0.641647 0.729501 0.236892
-1.014909 0.106619 -4.961418 102 133 85 0 0.602730 0.785194 -0.142083
-0.870554 -0.007158 -5.131372 92 129 70 0 0.459892 0.874811 0.152330
-1.144331 0.188397 -4.578130 101 132 94 0 0.522898 0.848824 0.077939
-1.014909 0.073197 -4.559641 107 139 91 0 0.712500 0.529808 0.460052
-1.362642 0.405285 -4.531908 62 80 31 0 -0.522645 -0.814210 0.252793
-1.187709 0.225374 -4.654219 101 127 95 0 0.558464 0.755949 0.341553
-0.885488 0.003508 -4.996973 101 114 79 0 0.300961 0.936169 -0.181686
-1.054020 0.127952 -4.444441 53 59 52 0 0.587385 0.411997 -0.696589
-0.975087 0.052575 -5.203906 93 127 67 0 0.262833 0.959404 0.102285
-1.128687 0.177730 -4.620796 95 130 84 0 0.532001 0.840533 0.102363
-1.206198 0.236041 -4.612974 95 126 89 0 0.512750 0.815102 0.269623
-1.186998 0.221108 -4.565330 98 134 91 0 0.672779 0.736439 0.070895
-0.803710 -0.123780 -4.732440 111 144 91 0 0.810648 0.556089 0.183343
-0.804421 -0.084669 -4.880351 105 140 85 0 0.707165 0.632727 0.315554
-1.253131 0.282263 -4.657774 107 144 95 0 0.412022 0.911128 0.009098
-1.028420 0.100219 -4.632885 108 142 93 0 0.707280 0.643128 0.293497
-0.835710 -0.047692 -4.957862 99 136 86 0 0.699458 0.713646 0.038307
-1.124420 0.199063 -4.862573 106 140 96 0 0.667300 0.743806 -0.038253
-1.238909 0.262352 -4.539730 93 129 80 0 0.650785 0.744401 -0.149484
-1.194109 0.137908 -5.117150 69 105 40 0 0.262472 0.848812 -0.458942
-0.717666 -0.221913 -4.745240 106 140 86 0 0.542678 0.519156 0.660286
-0.778821 -0.091780 -4.940795 104 126 86 0 0.458942 0.848812 0.262472
-1.159976 0.226797 -4.923018 101 132 87 0 0.786627 0.572516 -0.231178
-1.017754 0.064664 -5.129951 86 123 61 0 0.546064 0.834066 -0.078416
-1.109487 0.168486 -4.538308 102 137 94 0 0.667469 0.730751 -0.143137
-0.698466 -0.156491 -4.919462 65 70 50 0 0.906706 0.421018 -0.025076
-0.925310 0.030530 -5.017595 101 136 86 0 0.577934 0.807343 -0.119116
-1.245309 0.265908 -4.599463 105 129 97 0 0.563790 0.825890 0.006826
-1.107354 0.090264 -5.215283 85 122 54 0 0.133295 0.987328 0.086111
-1.073220 0.142175 -4.676263 102 137 94 0 0.649267 0.759601 -0.038192
-0.814377 -0.058358 -4.543285 44 50 31 0 0.483358 0.850770 -0.206293
-0.902554 -0.010003 -4.566752 93 131 76 0 0.709210 0.668505 0.223879
-1.095265 0.167063 -4.779374 109 143 103 0 0.775048 0.600087 0.197983
-0.827177 -0.091780 -4.739552 104 134 84 0 0.881749 0.451627 0.136205
-0.992154 0.007775 -4.490664 112 142 97 0 0.729219 0.514256 0.451421
-0.760332 -0.193469 -4.704707 118 147 102 0 0.635166 0.696896 0.333016
-0.896865 0.002797 -4.809951 123 126 93 0 0.649267 0.759601 0.038192
-0.955887 0.056130 -4.989151 102 139 87 0 0.644229 0.731582 -0.223062
-1.077487 0.138619 -4.565330 115 145 106 0 0.784424 0.601441 0.151485
-1.047620 0.079597 -5.103639 91 112 63 0 0.394620 0.915355 -0.080009
-0.815088 -0.145825 -4.607996 120 149 110 0 0.947691 0.316745 -0.039434
-0.807977 -0.093914 -4.819196 107 139 91 0 0.697765 0.703767 0.133551
-1.101665 0.130086 -5.045328 73 112 50 0 0.467183 0.790494 -0.396055
-1.302909 0.323507 -4.561063 107 144 100 0 0.783836 0.617611 -0.064484
-1.256686 0.262352 -4.994840 62 85 41 0 0.536944 0.159150 -0.828470
-0.816510 -0.024936 -5.038217 113 119 90 0 0.238194 0.959354 0.151338
-0.809399 -0.138713 -4.668441 116 148 106 0 0.860606 0.506970 0.048349
-1.229664 0.334174 -4.801418 131 167 120 0 0.664100 0.355826 0.657541
-1.319264 0.337018 -4.706841 107 140 94 0 0.260025 0.963474 -0.064064
-0.995709 0.068219 -5.050306 87 127 71 0 0.483095 0.862566 -0.150329
-0.901843 0.022708 -5.200350 63 69 49 0 0.801573 0.380707 -0.461025
-1.192687 0.245285 -4.443730 46 46 46 0 0.531637 0.501450 -0.682576
-0.844243 -0.054803 -4.813507 104 137 89 0 0.779604 0.608361 0.148711
-0.918910 -0.003603 -4.492085 42 49 35 0 -0.465711 0.780512 -0.417030
-1.034109 0.116575 -4.766574 98 132 85 0 0.777567 0.626334 0.055642
-1.275886 0.344841 -4.772974 122 158 111 0 0.454509 0.541082 0.707568
-1.322820 0.341996 -4.486397 95 114 90 0 0.607332 0.482837 -0.630885
-1.214020 0.213285 -5.004795 75 107 35 0 0.855979 0.237856 -0.459047
-1.176331 0.249552 -4.822040 109 125 89 0 0.956146 -0.031247 0.291218
-1.178464 0.245285 -4.743107 97 130 74 0 0.778362 0.593405 -0.204994
-1.090998 0.147863 -4.996973 79 111 61 0 0.556125 0.656933 -0.509081
-1.082465 0.094530 -5.105772 84 110 57 0 0.569295 0.796399 -0.204087
-1.223975 0.178441 -5.122128 74 95 38 0 0.032078 -0.592751 0.804747
-1.286553 0.302174 -4.586663 107 136 99 0 0.794496 0.578782 0.183813
-0.964421 0.058975 -5.265061 79 92 53 0 0.949438 -0.205100 0.237699
-0.731888 -0.245380 -4.676263 40 44 31 0 0.618193 0.641647 -0.454011
-0.776688 -0.110269 -4.865418 104 139 84 0 0.600361 0.799081 0.032187
-1.189131 0.253819 -4.937951 100 134 84 0 0.690324 0.674455 -0.261847
-0.778110 -0.179958 -4.675552 118 155 109 0 0.872713 0.484224 -0.062436
-1.218998 0.356218 -4.901684 114 120 102 0 0.690240 0.658061 -0.300874
-1.040509 0.052575 -4.478575 117 148 101 0 0.882014 0.300035 0.363360
-1.232509 0.366885 -4.828440 46 49 40 0 0.459148 0.766337 0.449345
-0.748955 -0.112402 -4.937951 92 126 75 0 0.451583 0.842645 0.293296
-0.901132 0.012753 -5.147017 103 138 90 0 0.307622 0.948827 0.071389
-1.312864 0.329907 -4.635018 100 131 88 0 0.640012 0.688868 -0.340362
-0.910376 0.026264 -4.937951 175 122 121 0 0.640577 0.767863 0.006918
-0.748955 -0.089647 -5.016884 49 53 39 0 0.770367 0.603634 -0.205328
-1.234642 0.268752 -4.686218 103 137 93 0 0.759391 0.647420 0.064598
-1.241042 0.312130 -4.969951 84 98 72 0 0.664837 -0.055761 -0.744904
-1.067531 0.152841 -4.826307 121 158 114 0 0.713080 0.659560 0.237693
-1.351264 0.373285 -4.520530 112 133 100 0 0.395189 0.915814 0.071485
-0.906110 -0.000758 -4.669863 101 135 92 0 0.737059 0.675050 0.032414
-1.104509 0.177730 -4.467197 92 128 86 0 0.728382 0.633168 0.261836
-1.167087 0.102352 -5.187550 96 127 63 0 -0.015484 -0.973097 0.229875
-1.261664 0.300041 -4.467908 41 49 41 0 0.578895 0.190928 -0.792734
-1.146465 0.207597 -4.949329 90 125 72 0 0.806860 0.571215 -0.150634
-0.819354 -0.031336 -5.073061 41 27 14 0 0.102877 -0.560752 0.821567
-1.206198 0.122975 -5.157683 85 115 59 0 -0.229331 -0.845943 0.481443
-1.160687 0.169197 -5.028262 74 112 49 0 0.666267 0.636508 -0.388518
-1.193398 0.287241 -4.888173 120 150 109 0 0.864145 0.484905 -0.134615
-1.078198 0.143597 -4.474308 108 145 101 0 0.619435 0.770149 -0.152221
-1.286553 0.308574 -4.511286 105 142 94 0 0.702686 0.711101 -0.023844
-0.956599 0.040486 -5.120706 98 134 79 0 0.459374 0.888122 -0.014647
-1.043354 0.120841 -4.711818 97 131 93 0 0.644083 0.763515 -0.046920
-0.961576 0.063953 -4.836262 104 140 97 0 0.675050 0.737059 0.032414
-1.034820 0.079597 -5.255816 96 127 72 0 0.243350 0.961689 0.126230
-1.072509 0.145019 -4.711107 106 141 99 0 0.451026 0.886597 0.102570
-1.133665 0.209730 -4.829863 107 141 91 0 0.625610 0.774356 0.094789
-1.202642 0.242441 -4.684085 103 137 94 0 0.331455 0.916883 0.222405
-0.977221 0.064664 -5.016173 96 133 78 0 0.488782 0.845911 -0.213369
-0.828599 -0.060491 -4.880351 107 137 91 0 0.658132 0.752747 -0.015305
-1.082465 0.167063 -4.872529 106 140 92 0 0.641240 0.766973 -0.023750
-0.986465 0.046886 -4.559641 108 141 98 0 0.641129 0.752761 0.149345
-0.938110 0.038353 -4.763018 106 141 86 0 0.663681 0.744653 0.070850
-0.893310 -0.005025 -4.745240 121 136 104 0 0.640135 0.767314 0.038154
-1.029843 0.090975 -4.592352 110 144 96 0 0.640264 0.719702 0.268498
-1.225398 0.285107 -4.448708 39 41 40 0 0.632147 0.023723 -0.774485
-1.130820 0.187686 -4.520530 100 134 89 0 0.499612 0.861936 -0.086335
-1.160687 0.237463 -4.884618 109 143 101 0 0.515959 0.856301 0.023143
-1.032687 0.105908 -5.001240 97 131 76 0 0.492930 0.761503 -0.420873
-0.885488 -0.004314 -4.495641 33 44 26 0 -0.189760 0.698872 -0.689615
-0.948776 0.039064 -4.699018 108 146 103 0 0.604030 0.755431 0.253913
-1.133665 0.189108 -4.701863 138 135 111 0 0.381577 0.879286 -0.285052
-0.792332 -0.042003 -5.053862 40 41 29 0 0.379797 0.695473 -0.609977
-0.815088 -0.104580 -4.591641 104 140 93 0 0.814530 0.109284 -0.569734
-0.880510 -0.029914 -4.542574 88 129 89 0 0.908505 0.371726 0.190887
-0.846377 -0.036314 -4.928707 114 117 84 0 0.745961 0.665988 0.001379
-0.963710 0.068219 -4.944351 108 143 95 0 0.570051 0.806450 0.157101
-1.259531 0.277285 -4.566041 105 140 103 0 0.657173 0.751669 -0.055838
-1.050465 0.076041 -5.171906 85 118 57 0 0.253613 0.961669 0.104277
-0.708421 -0.181380 -4.815640 104 140 94 0 0.467190 0.801126 0.374073
-0.948776 0.033375 -4.622219 102 136 87 0 0.664650 0.728530 0.165782
-0.977932 0.015597 -4.519108 99 130 83 0 0.838683 0.355852 0.412287
-0.999265 0.085286 -4.996262 93 128 75 0 0.635056 0.746307 -0.199324
-1.164242 0.230352 -4.450130 37 42 34 0 0.173252 0.552900 -0.815037
-0.834288 -0.056936 -4.568885 99 138 79 0 0.729624 0.658966 -0.182790
-1.085309 0.140752 -4.534041 107 137 97 0 0.832674 0.541019 -0.118120
-0.990732 0.080308 -4.721774 104 139 94 0 0.726984 0.679987 0.095462
-0.994287 0.090264 -4.871818 114 148 103 0 0.554739 0.831416 0.031818
-0.741844 -0.231869 -4.704707 123 156 109 0 0.920240 0.215436 0.326721
-0.873399 -0.034180 -4.721774 100 132 86 0 0.735833 0.663898 0.133379
-1.221842 0.300752 -4.798573 130 164 128 0 0.722800 0.500144 0.476882
-0.926732 0.021286 -4.684085 110 147 101 0 0.816762 0.538910 0.206099
-0.886199 -0.021381 -4.595196 97 134 86 0 0.672185 0.736065 -0.079849
-1.093843 0.088130 -5.157683 77 115 53 0 0.245464 0.935570 -0.253880
-1.206909 0.296485 -4.915906 108 142 98 0 0.849010 0.341162 -0.403474
-0.741132 -0.151513 -4.833418 104 128 87 0 0.649606 0.697963 0.301430
-1.017043 0.069641 -5.218128 91 128 63 0 0.333204 0.934332 0.126482
-1.218998 0.189108 -5.067373 88 124 67 0 0.483919 0.759507 -0.434707
-0.657222 -0.219069 -4.802129 61 63 55 0 0.572127 0.801582 0.173601
-1.332775 0.361196 -4.592352 47 52 45 0 0.908232 0.417866 -0.022409
-0.713399 -0.147958 -4.892440 100 136 81 0 0.553358 0.742708 0.377067
-1.230375 0.258796 -4.509152 92 129 81 0 0.579409 0.815008 0.006849
-1.066109 0.135775 -4.640707 106 125 87 0 0.499538 0.863348 -0.071363
-0.910376 0.021997 -4.839818 98 133 79 0 0.627411 0.778326 0.023755
-0.960865 0.046175 -4.664174 104 139 89 0 0.682709 0.676314 0.276601
-0.964421 0.052575 -5.233772 95 132 62 0 0.255368 0.960545 0.110184
-1.174198 0.206885 -4.987729 71 109 47 0 0.317041 0.815475 -0.484237
-0.949487 0.041908 -5.187550 99 137 78 0 0.434129 0.900850 0.001304
-1.083887 0.091686 -5.235906 92 127 59 0 0.284786 0.917965 0.276112
-0.986465 0.079597 -4.779374 102 132 94 0 0.604240 0.793693 -0.070327
-1.014198 0.103064 -4.841951 122 146 106 0 0.647400 0.751579 0.126503
-1.186998 0.172752 -5.053151 80 118 54 0 0.428026 0.752735 -0.500184
-0.729755 -0.114536 -4.992706 59 73 48 0 0.737525 0.648221 -0.189385
-1.306464 0.348396 -4.768707 119 131 110 0 0.015038 0.838005 0.545455
-1.152865 0.220397 -4.801418 102 137 92 0 0.649606 0.697963 0.301430
-1.088865 0.148575 -4.603019 111 145 107 0 0.458842 0.817659 -0.347704
-0.850643 -0.061203 -4.642129 110 144 99 0 0.822562 0.568190 0.023502
-1.292953 0.320663 -4.707551 107 143 101 0 0.379826 0.854221 0.355021
-0.772421 -0.076847 -5.001240 97 129 88 0 0.529365 0.807321 0.260779
-0.923887 0.035508 -4.904529 100 133 84 0 0.647420 0.759391 0.064598
-1.050465 0.113019 -4.585241 108 140 98 0 0.850796 0.523246 0.048577
-1.137931 0.096664 -5.223105 88 116 53 0 0.038867 -0.993893 -0.103276
-0.847799 -0.018536 -5.081595 68 104 50 0 0.238350 0.967273 0.087017
-1.030554 0.118708 -4.799284 167 135 128 0 0.444195 0.865804 -0.230379
-1.034820 0.055419 -4.448708 58 54 51 0 0.595612 0.317982 0.737654
-0.986465 0.053997 -5.102217 104 118 75 0 0.261476 0.965173 -0.008435
-0.913221 0.016308 -5.073773 107 119 83 0 0.491636 0.870237 0.031323
-1.121576 0.190530 -4.930129 101 139 93 0 0.616608 0.777074 -0.126293
-0.783799 -0.151513 -4.733863 106 140 90 0 0.720927 0.624590 0.300253
-1.371886 0.386085 -4.492797 113 129 103 0 0.695809 0.680103 0.230889
-1.109487 0.184841 -4.884618 110 144 99 0 0.564349 0.809848 -0.160173
-1.022020 0.041908 -4.499908 124 154 113 0 0.713811 0.276262 0.643547
-0.737577 -0.182802 -4.770129 116 150 97 0 0.650408 0.616968 0.443080
-0.893310 0.002797 -5.114306 99 136 84 0 0.458081 0.883942 0.093858
-0.858465 -0.048403 -4.772974 111 147 102 0 0.724071 0.676100 0.136419
-1.018465 0.110175 -4.913773 107 146 97 0 0.525553 0.724501 -0.445974
-1.206198 0.264485 -4.760885 114 149 102 0 0.824795 0.554227 0.112009
-1.246020 0.274441 -4.467908 94 96 86 0 0.857123 0.364239 -0.364239
-1.295086 0.317107 -4.613685 108 145 99 0 0.795483 0.500978 -0.340921
-0.753221 -0.133025 -4.856174 106 136 91 0 0.641765 0.726913 0.244407
-0.699177 -0.247513 -4.736707 52 62 47 0 0.175130 0.830746 0.528385
-0.814377 -0.135158 -4.635730 118 152 105 0 0.988525 0.111400 -0.102019
-0.891176 -0.007869 -4.775107 115 140 97 0 0.856301 0.515959 0.023143
-1.110909 0.106619 -5.101506 73 112 46 0 0.293523 0.909774 -0.293523
-1.064687 0.117286 -4.472175 119 150 107 0 0.784445 0.365645 -0.500949
-0.951621 0.021286 -4.569596 109 145 102 0 0.483324 0.783986 0.389569
-1.122998 0.169197 -4.994129 74 111 53 0 0.347565 0.846313 -0.403674
-0.943799 -0.007158 -4.507730 92 131 86 0 0.609121 0.609121 0.507882
-1.174909 0.256663 -4.861862 114 149 111 0 0.838714 0.490395 0.236795
-1.209753 0.325641 -4.866840 116 150 100 0 0.818008 0.498938 0.286224
-1.027709 0.110886 -4.734574 101 139 94 0 0.716204 0.683033 0.143241
-1.036954 0.123686 -4.950751 97 133 83 0 0.624846 0.759287 -0.181801
-1.177753 0.146441 -5.094395 78 116 46 0 0.397023 0.753201 -0.524463
-0.993576 0.058975 -4.586663 111 128 92 0 0.520711 0.845611 0.117486
-1.158553 0.211863 -4.501330 91 124 83 0 0.475044 0.855678 -0.205303
-1.120865 0.174886 -4.648530 100 137 93 0 0.667777 0.738223 0.095397
-1.058287 0.144308 -4.899551 107 143 97 0 0.626469 0.776245 0.070568
-0.861310 -0.019247 -4.511286 74 81 65 0 0.395875 0.560138 -0.727687
-1.110198 0.184841 -4.816351 109 146 103 0 0.797791 0.592854 0.109788
-1.051176 0.093819 -4.495641 115 148 101 0 0.736423 0.657467 0.159432
-1.233931 0.233908 -5.002662 62 100 35 0 0.371104 0.577091 -0.727494
-1.236775 0.277285 -4.716085 110 140 96 0 0.507107 0.854755 0.110615
-0.833577 -0.042714 -4.995551 92 125 84 0 0.371525 0.878012 0.301769
-0.756066 -0.149380 -4.802840 108 142 94 0 0.634535 0.657729 0.405903
-1.108776 0.169197 -4.704707 102 134 100 0 0.523487 0.832479 0.181495
-1.065398 0.148575 -4.928707 102 139 88 0 0.596423 0.793758 -0.119285
-1.172776 0.208308 -4.586663 98 131 88 0 0.623436 0.781725 0.015273
-1.161398 0.220397 -4.751640 114 150 111 0 0.625710 0.775996 0.079478
-0.809399 -0.069025 -4.943640 82 117 58 0 0.530026 0.814355 0.236426
-1.184153 0.221108 -4.529774 99 136 89 0 0.554500 0.823703 -0.118508
-0.851354 -0.052669 -4.605152 104 142 96 0 0.696531 0.687223 -0.206322
-0.986465 0.083864 -4.937240 102 135 82 0 0.602303 0.786712 0.135332
-0.792332 -0.113825 -4.806396 113 148 107 0 0.710725 0.656906 0.251682
-0.820066 -0.088936 -4.792885 118 133 104 0 0.742846 0.648661 0.165583
-1.189842 0.238174 -4.713241 104 129 87 0 0.680257 0.699022 -0.220497
-1.232509 0.213997 -5.026128 78 114 47 0 0.727494 0.577091 -0.371104
-0.666466 -0.192758 -4.871107 103 123 84 0 0.725713 0.654229 0.212896
-0.875532 -0.010714 -4.877507 107 143 98 0 0.564423 0.825348 0.015106
-0.941665 0.043330 -4.792885 109 145 96 0 0.584843 0.811146 0.001363
-0.828599 -0.155069 -4.581686 88 106 37 0 -0.615445 -0.787262 -0.038025
-0.922465 0.002797 -4.551819 98 132 84 0 0.403989 0.910686 -0.086276
-0.918199 0.017730 -4.745952 101 136 88 0 0.783605 0.586549 0.204753
-1.129398 0.127952 -5.048173 65 103 52 0 -0.046982 0.721813 0.690492
-0.857754 -0.019247 -4.969951 118 126 93 0 0.697765 0.703767 0.133551
-0.973665 0.074619 -4.908084 113 148 101 0 0.497143 0.867668 0.001333
-1.262375 0.226085 -5.058128 75 87 56 0 -0.364659 -0.763353 0.533213
-1.151442 0.193374 -4.635018 99 130 95 0 0.506351 0.862019 0.023078
-0.843532 -0.041292 -4.898840 106 107 70 0 0.763469 0.619649 0.182070
-0.993576 0.057553 -5.177595 88 126 71 0 0.348426 0.936476 -0.040153
-1.238909 0.264485 -4.634307 115 150 111 0 0.610330 0.787196 0.088433
-1.250998 0.302174 -4.749507 112 148 102 0 0.678203 0.703148 0.213595
-0.977221 0.054708 -5.065950 88 126 73 0 0.372063 0.918313 -0.135169
-0.849221 -0.031336 -5.032528 134 87 80 0 -0.536046 -0.593540 0.600304
-1.210464 0.248130 -4.492797 100 135 85 0 0.531794 0.841410 0.096038
-1.177753 0.194085 -5.011906 74 107 47 0 0.331779 0.831807 -0.444993
-1.230375 0.280841 -4.970662 76 112 58 0 0.609214 0.333037 -0.719684
-1.046909 0.100219 -5.038929 85 123 63 0 0.458842 0.817659 -0.347704
-1.036243 0.085997 -4.548263 114 147 102 0 0.579360 0.800924 0.151203
-0.998554 0.076041 -4.637152 104 136 89 0 0.666485 0.666485 0.334057
-1.095976 0.163508 -4.972795 96 128 83 0 0.508833 0.849033 -0.142239
-1.139354 0.193374 -4.973506 90 121 71 0 0.220462 0.705167 -0.673896
-0.736155 -0.109558 -4.962840 105 142 97 0 0.428253 0.886992 0.172753
-1.063976 0.093108 -5.085150 73 113 54 0 0.396950 0.848384 -0.350250
-0.859177 -0.054803 -4.694752 107 142 90 0 0.795769 0.604221 0.040845
-1.081043 0.150708 -4.763018 107 134 95 0 0.680103 0.695809 0.230889
-0.852066 -0.037736 -4.550396 96 132 78 0 0.600188 0.789878 -0.125965
-0.764599 -0.168580 -4.745240 108 138 90 0 0.649522 0.691635 0.315852
-1.199087 0.295774 -4.863285 123 158 118 0 0.915673 0.362010 0.174617
-1.206198 0.295774 -4.828440 119 151 106 0 0.821456 0.433767 0.370211
-0.793755 -0.102447 -4.846218 106 139 93 0 0.650343 0.731054 0.206433
-1.139354 0.102352 -5.145595 67 105 39 0 0.056081 0.965842 -0.252988
-1.301486 0.351952 -4.473597 124 133 100 0 -0.713811 0.643547 -0.276262
-0.875532 -0.007869 -4.919462 114 151 110 0 0.657262 0.752966 -0.032371
-0.841399 -0.071869 -4.750929 109 145 95 0 0.782789 0.601798 0.158368
-1.086731 0.131508 -5.023284 78 116 55 0 0.476752 0.833928 -0.277976
-1.336331 0.351952 -4.514841 102 138 91 0 0.737844 0.659702 0.142760
-0.943799 0.051864 -4.851907 96 131 78 0 0.529978 0.847692 -0.023281
-0.736155 -0.135869 -4.886040 101 135 88 0 0.641765 0.726913 0.244407
-1.041220 0.073908 -5.138484 83 118 53 0 0.290722 0.947191 -0.135313
-1.322820 0.337018 -4.671996 113 143 100 0 0.714566 0.681189 -0.159298
-0.746110 -0.207691 -4.721774 123 156 104 0 0.823761 0.426959 0.372994
-0.901843 0.017730 -4.971373 126 114 87 0 0.427597 0.900566 -0.078370
-0.948065 0.054708 -4.900973 196 134 149 0 0.664837 0.744904 -0.055761
-0.872688 -0.034180 -4.654219 97 129 78 0 0.794828 0.604296 0.055453
-0.901843 0.011331 -4.879640 119 128 100 0 0.723559 0.690228 -0.006944
-0.883354 -0.003603 -5.062395 95 121 73 0 0.541234 0.840871 0.001350
-0.832154 -0.091069 -4.669152 99 126 76 0 0.728530 0.664650 0.165782
-0.780244 -0.083958 -4.972795 101 138 97 0 0.317579 0.930352 0.183272
-0.904688 -0.006447 -4.608707 103 137 88 0 0.600703 0.782275 0.164928
-0.791621 -0.188491 -4.611552 124 153 108 0 0.674286 0.641474 0.365854
-1.107354 0.088130 -5.188972 75 115 51 0 0.260313 0.943463 0.205220
-1.150731 0.136486 -5.080884 80 118 49 0 0.349950 0.872584 -0.340781
-1.156420 0.120130 -5.137062 91 123 57 0 0.046086 -0.830951 0.554433
-1.017043 0.074619 -5.063817 85 125 67 0 0.396937 0.882248 -0.253141
-1.217575 0.154263 -5.115017 71 108 52 0 0.373404 0.436962 -0.818311
-0.871977 -0.017825 -4.847640 116 153 111 0 0.619300 0.775973 0.119722
-1.328509 0.357641 -4.720352 57 59 42 0 0.047195 -0.988800 0.141586
-1.124420 0.175597 -4.558219 98 132 88 0 0.657969 0.696391 -0.286561
-1.199087 0.249552 -4.961418 70 105 52 0 0.623529 0.535660 -0.569456
-1.206909 0.238174 -4.544708 96 134 87 0 0.627778 0.777316 -0.040911
-1.259531 0.282974 -4.524796 102 139 94 0 0.841618 0.539569 -0.023340
-0.997843 0.070353 -5.265772 72 88 43 0 -0.562072 -0.823898 -0.072571
-0.682110 -0.197736 -4.814929 100 138 83 0 0.638740 0.718383 0.275566
-1.203353 0.227508 -4.986306 72 105 45 0 0.340688 0.791739 -0.507033
-1.199087 0.239596 -4.467908 98 134 91 0 0.568774 0.821872 -0.031985
-1.257398 0.339863 -4.790040 46 66 18 0 -0.520879 -0.775674 -0.356391
-0.921043 0.020575 -5.128528 103 141 87 0 0.499809 0.841068 0.206870
-0.773132 -0.192047 -4.653507 113 147 94 0 0.828049 0.474289 0.298974
-1.053309 0.134352 -4.766574 149 136 126 0 0.609841 0.792378 -0.015211
-0.991443 0.079597 -4.696174 103 138 92 0 0.871459 0.482892 0.085879
-1.323531 0.346974 -4.573152 108 143 93 0 0.618395 0.760271 0.198935
-1.319975 0.341285 -4.544708 107 142 98 0 0.644585 0.723386 -0.247433
-0.978643 0.051864 -4.606574 111 143 97 0 0.578782 0.794496 0.183813
-0.883354 -0.022803 -4.701152 119 149 106 0 0.733987 0.672455 -0.095228
-0.812954 -0.108136 -4.620085 111 141 90 0 0.023340 -0.539569 0.841618
-0.718377 -0.167869 -4.834840 99 135 83 0 0.539630 0.776619 0.325059
-1.307886 0.333463 -4.729596 108 143 95 0 0.531122 0.808365 0.253880
-1.378286 0.408840 -4.482130 72 65 50 0 -0.190105 -0.898280 -0.396172
-0.700599 -0.164313 -4.872529 101 134 83 0 0.403882 0.855735 0.323415
-0.790910 -0.052669 -5.026840 94 129 86 0 0.001380 0.738126 0.674661
-1.104509 0.174174 -4.939373 96 132 78 0 0.710831 0.702318 -0.038308
-1.035532 0.125819 -4.894573 97 128 74 0 0.681224 0.727704 0.079888
-0.849932 -0.039869 -5.067373 100 112 53 0 -0.834926 0.102383 0.540755
-1.219709 0.177019 -5.097239 100 136 84 0 0.671016 0.702446 -0.237291
-0.871977 -0.007158 -5.015462 87 114 74 0 0.373094 0.856104 -0.357613
-0.807977 -0.111691 -4.566752 142 147 109 0 0.790097 -0.473412 -0.389394
-0.818643 -0.059069 -5.071640 64 20 22 0 0.817536 0.324168 -0.475973
-1.049043 0.097375 -4.529774 118 153 104 0 0.708273 0.699474 0.095316
-1.151442 0.194797 -4.607285 99 132 92 0 0.452318 0.889513 -0.064617
-0.939532 0.033375 -5.087284 108 121 84 0 0.601658 0.791963 0.103936
-0.987176 0.081730 -4.804974 103 128 90 0 0.736065 0.672185 0.079849
-1.273042 0.302174 -4.696174 110 144 104 0 0.386877 0.917294 0.094327
-1.188420 0.108041 -5.172617 92 124 63 0 -0.112264 -0.910588 0.397776
-1.111620 0.173463 -4.513419 94 130 87 0 0.635415 0.762794 -0.119973
-0.839977 -0.083958 -4.696174 111 147 100 0 0.805563 0.592041 0.023571
-0.857043 -0.019247 -4.944351 106 132 88 0 0.667544 0.740261 0.079989
-0.756777 -0.119514 -4.890306 105 122 79 0 0.507146 0.847215 0.158206
-1.081754 0.154975 -4.735285 109 125 92 0 0.688236 0.697515 0.199511
-0.773132 -0.170002 -4.721063 114 148 99 0 0.707165 0.632727 0.315554
-1.266642 0.284396 -4.588797 107 139 101 0 0.545455 0.838005 0.015038
-1.188420 0.246708 -4.765862 107 142 93 0 0.610859 0.705845 0.358655
-1.230375 0.117997 -5.154839 42 56 31 0 0.706002 0.509056 -0.492365
-1.204064 0.256663 -4.737418 103 136 87 0 0.830141 0.537150 0.149455
-0.789488 -0.130891 -4.775818 108 139 98 0 0.740487 0.660031 0.126643
-0.832866 -0.076847 -4.812796 77 105 22 0 -0.395680 0.148912 0.906235
-1.186998 0.091686 -5.208172 49 53 42 0 0.466786 -0.664208 0.583900
-0.894732 0.009197 -4.929418 107 138 94 0 0.658512 0.744341 0.110985
-1.191264 0.233196 -4.498486 98 133 83 0 0.529572 0.848133 0.014975
-1.016332 0.063953 -4.536886 116 146 108 0 0.625948 0.697859 0.348112
-1.273753 0.300752 -4.646396 102 137 89 0 0.546300 0.765465 0.340028
-1.348420 0.384663 -4.546841 40 47 28 0 -0.666548 -0.620006 0.413891
-1.090998 0.154975 -4.695463 102 136 91 0 0.554373 0.832241 0.006810
-0.693488 -0.218358 -4.764441 105 140 89 0 0.260779 0.807321 0.529365
-1.151442 0.211152 -4.477863 92 129 79 0 0.474232 0.877538 -0.070926
-0.911799 0.023419 -4.998395 97 131 79 0 0.641614 0.766875 0.015310
-1.073220 0.085997 -5.214572 91 130 63 0 0.183693 0.977643 0.102326
-0.839266 -0.076136 -4.623641 110 146 98 0 0.746646 0.617751 -0.246786
-1.218998 0.310707 -4.937240 113 149 105 0 0.849010 0.341162 -0.403474
-0.897576 0.007064 -5.018306 93 127 74 0 0.703874 0.703874 -0.095515
-1.009932 0.103775 -4.935818 101 136 82 0 0.726627 0.679463 -0.101698
-1.154998 0.199063 -4.558930 100 137 91 0 0.588258 0.777618 -0.221955
-0.867710 -0.005736 -5.155550 67 83 48 0 0.872713 0.484224 -0.062436
-0.922465 0.007775 -4.618663 103 140 89 0 0.595485 0.793488 0.125599
-0.944510 0.044042 -5.011195 90 125 64 0 0.736263 0.646738 -0.199115
-0.812243 -0.124491 -4.692618 116 145 100 0 0.944563 0.325932 0.039623
-1.096687 0.153552 -4.552530 104 135 92 0 0.587654 0.801613 -0.109910
-0.792332 -0.090358 -4.905951 98 133 78 0 0.649267 0.759601 0.038192
-0.943799 0.036930 -5.055284 96 131 73 0 0.545951 0.837491 -0.023378
-0.926732 0.020575 -4.710396 108 144 99 0 0.789959 0.607994 0.079429
-0.977932 0.029819 -4.544708 110 142 104 0 0.745004 0.626303 0.229593
-1.194109 0.271596 -4.922307 104 139 93 0 0.842115 0.484484 -0.236893
-0.997132 0.027686 -4.503463 117 151 108 0 0.745642 0.601942 0.285803
-0.955887 0.050442 -4.734574 103 139 90 0 0.604296 0.794828 0.055453
-1.104509 0.181997 -4.861151 103 136 97 0 0.689607 0.721280 -0.064786
-1.240331 0.263774 -4.571730 99 135 97 0 0.785251 0.461436 -0.412864
-1.019887 0.110175 -4.819196 161 130 120 0 0.476858 0.841784 -0.252995
-0.793043 -0.161469 -4.671285 114 148 97 0 0.752966 0.657262 0.032371
-1.138642 0.149286 -5.041773 78 109 49 0 0.293234 0.839363 -0.457693
-0.914643 0.018442 -4.797863 105 140 95 0 0.578214 0.814564 0.046426
-0.979354 0.063241 -4.674129 113 135 97 0 0.656888 0.743282 0.126611
-0.823621 -0.090358 -4.768707 115 143 107 0 0.715705 0.669331 0.199408
-0.844243 -0.019247 -5.124261 78 88 50 0 0.588698 0.659141 -0.467940
-0.960154 0.043330 -5.145595 97 131 76 0 0.555211 0.830730 -0.040354
-1.175620 0.244574 -4.798573 109 142 99 0 0.726382 0.665213 0.172802
-1.049754 0.142886 -4.841240 106 121 80 0 0.798394 0.553450 -0.237193
-1.161398 0.217552 -4.727463 110 145 94 0 0.516292 0.650830 0.556653
-1.258109 0.214708 -5.036795 73 110 52 0 0.299510 0.948669 -0.101596
-0.888332 -0.014981 -4.723196 116 139 102 0 0.710725 0.656906 0.251682
-0.956599 0.057553 -4.811374 106 141 90 0 0.664650 0.728530 0.165782
-1.041932 0.110175 -4.615108 105 138 91 0 0.682071 0.691522 0.237858
-0.936687 0.046175 -4.962129 98 123 80 0 0.824815 0.522942 -0.214970
-1.088154 0.167063 -4.802129 109 142 98 0 0.572141 0.771835 0.277354
-1.178464 0.220397 -4.675552 104 137 99 0 0.732357 0.500913 0.461236
-1.157842 0.230352 -4.826307 113 144 106 0 0.713960 0.696582 0.070962
-0.918910 0.003508 -4.521952 96 127 57 0 0.699022 -0.680257 -0.220497
-1.296509 0.316396 -4.645685 100 135 85 0 0.706905 0.706905 -0.023891
-0.667888 -0.234002 -4.745952 35 46 33 0 0.355719 0.911620 0.205943
-1.126554 0.179863 -4.671996 104 138 98 0 0.687578 0.719831 0.095293
-0.967265 0.001375 -4.503463 104 141 90 0 0.183813 0.794496 0.578782
-1.371175 0.406707 -4.509863 65 82 31 0 -0.696449 -0.696449 -0.172964
-1.268775 0.321374 -4.755907 111 144 101 0 0.659294 0.652718 0.373216
-0.674999 -0.192047 -4.846929 101 135 76 0 0.599254 0.751849 0.274989
-1.218287 0.199063 -5.044617 85 123 62 0 0.420914 0.830793 -0.364162
-1.136509 0.207597 -4.881062 112 146 99 0 0.371844 0.924911 -0.079201
-1.197664 0.226797 -4.593063 95 130 83 0 0.158853 0.967327 -0.197598
-0.973665 0.004219 -4.464353 61 60 55 0 0.072571 0.562072 0.823898
-1.060420 0.140041 -4.950040 101 137 86 0 0.372850 0.909982 -0.181425
-1.273753 0.312130 -4.723196 107 144 98 0 0.671878 0.490924 0.554593
-1.044776 0.075330 -4.482130 124 156 118 0 0.841310 0.309465 0.443204
-1.028420 0.103775 -4.656352 102 136 90 0 0.599711 0.791265 0.119353
-1.243175 0.198352 -5.078751 109 142 90 0 0.515728 0.845910 -0.135872
-1.168509 0.221819 -4.551108 80 111 36 0 -0.664837 -0.744904 0.055761
-0.926021 0.031953 -5.182572 102 141 80 0 0.436469 0.865386 0.246174
-1.069665 0.125819 -4.544708 105 140 94 0 0.836582 0.545109 -0.054651
-0.986465 0.053286 -5.127106 96 130 70 0 0.363818 0.930908 -0.032368
-1.256686 0.281552 -4.612263 107 142 102 0 0.608872 0.734181 0.300420
-1.189131 0.220397 -4.613685 91 126 76 0 0.683736 0.708210 0.175905
-1.108065 0.164219 -4.617952 100 136 91 0 0.691018 0.722107 0.032502
-1.124420 0.186263 -4.748085 109 141 106 0 0.698261 0.707156 0.111188
-0.961576 0.067508 -4.969240 107 129 87 0 0.699488 0.651247 -0.294267
-1.196953 0.270885 -4.810662 123 150 117 0 0.751187 0.609453 0.253545
-0.751799 -0.215513 -4.691907 116 147 94 0 0.767250 0.631766 0.110449
-1.176331 0.130086 -5.131372 83 111 51 0 -0.332687 -0.800676 0.498234
-1.095976 0.157819 -4.657063 100 135 91 0 0.609899 0.789869 -0.064275
-0.812954 -0.106714 -4.756618 113 143 99 0 0.854899 0.512940 0.077718
-0.997132 0.091686 -4.958573 108 136 97 0 0.523755 0.849522 0.063188
-0.885488 -0.018536 -4.617952 105 135 95 0 0.664624 0.736314 0.126951
-0.773844 -0.135158 -4.799996 113 148 100 0 0.713412 0.649856 0.262167
-0.795888 -0.126625 -4.753774 110 143 93 0 0.732691 0.666763 0.136349
-0.830021 -0.037736 -5.021862 97 101 64 0 0.388705 0.908864 0.151242
-0.815088 -0.069025 -4.566041 86 122 64 0 0.531771 0.747752 -0.397601
-1.077487 0.142886 -4.622219 105 138 98 0 0.545129 0.832795 0.096368
-0.873399 -0.002181 -4.978484 121 126 98 0 0.750063 0.661331 0.006932
-0.732599 -0.204847 -4.749507 119 152 99 0 0.547201 0.516894 0.658325
-0.817221 -0.117380 -4.669863 114 145 100 0 0.934332 0.333204 0.126482
-0.805132 -0.168580 -4.607285 129 158 111 0 0.960203 0.189392 0.205285
-1.166376 0.120841 -5.168350 84 119 56 0 -0.794566 0.151132 0.588068
-0.857754 -0.054803 -4.662752 110 148 103 0 0.826572 0.546628 -0.134079
-0.837843 -0.055514 -4.857595 104 130 85 0 0.708158 0.677166 0.199896
-1.226109 0.253819 -4.598752 96 124 88 0 0.603486 0.787350 -0.126035
-1.207620 0.236752 -4.648530 101 135 98 0 0.587928 0.808912 0.001364
-0.919621 0.020575 -5.052439 94 129 77 0 0.594143 0.803010 -0.046572
-1.115176 0.196930 -4.834840 112 142 99 0 0.609214 0.719684 0.333037
-0.923176 0.013464 -4.643552 99 133 81 0 0.704844 0.704844 0.079931
-1.055443 0.130086 -4.683374 110 130 99 0 0.619300 0.775973 0.119722
-1.003532 0.061819 -5.201772 85 125 66 0 0.293142 0.950412 0.103849
-0.869132 -0.010003 -5.107906 93 130 70 0 0.299510 0.948669 -0.101596
-0.899710 0.004931 -5.092261 97 136 83 0 0.584944 0.805568 -0.094346
-0.752510 -0.166447 -4.774396 107 143 94 0 0.603774 0.720949 0.340132
-1.135087 0.118708 -5.100795 73 110 53 0 0.521950 0.762600 -0.382113
-1.215442 0.099508 -5.171906 43 50 32 0 0.773050 -0.205221 0.600232
-1.167087 0.141463 -5.113595 87 121 47 0 -0.529047 -0.733414 0.426864
-0.761755 -0.098891 -4.953595 91 124 64 0 0.237929 0.906467 0.348866
-0.886199 -0.001469 -4.898840 107 142 97 0 0.622490 0.782598 0.006901
-1.122998 0.196219 -4.447997 89 99 85 0 0.555184 0.555184 -0.619308
-0.817221 -0.132313 -4.590219 117 152 101 0 0.959953 -0.230441 -0.159334
-1.088865 0.161374 -4.465775 102 135 92 0 0.722666 0.605741 -0.332914
-1.078198 0.139330 -4.509152 109 145 112 0 0.869101 0.457500 0.188034
-1.172776 0.237463 -4.937951 95 129 75 0 0.624851 0.766383 -0.149061
-1.146465 0.098086 -5.202484 84 112 49 0 -0.008548 -0.958627 0.284535
-1.073220 0.132219 -5.005506 83 118 61 0 0.515649 0.742996 -0.426687
-0.812243 -0.081114 -4.859729 105 140 90 0 0.545865 0.796119 0.261202
-0.720510 -0.131602 -4.931551 102 135 84 0 0.461599 0.875445 0.143255
-0.861310 -0.047692 -4.737418 108 143 93 0 0.773429 0.609322 0.174743
-1.236775 0.261641 -4.984884 59 96 45 0 0.261578 0.490652 -0.831167
-1.165665 0.226085 -4.518397 83 112 43 0 -0.900566 -0.078370 0.427597
-1.255264 0.241019 -5.004084 59 93 37 0 0.023873 0.678262 -0.734433
-0.869132 -0.025647 -4.827018 112 146 102 0 0.819282 0.564072 0.102954
-1.047620 0.129375 -4.788618 129 127 101 0 0.442446 0.894481 -0.064381
-0.814377 -0.056936 -4.984884 103 113 73 0 0.540383 0.826205 0.159286
-0.986465 0.080308 -4.751640 111 144 105 0 0.524216 0.850640 0.040111
-0.839266 -0.078980 -4.718218 104 138 89 0 0.729163 0.672500 0.126746
-1.014909 0.023419 -4.489952 130 162 118 0 0.405903 0.634535 0.657729
-1.161398 0.208308 -4.688352 109 140 101 0 0.276389 0.960546 -0.030985
-0.700599 -0.145113 -4.941506 67 68 53 0 0.786938 0.538933 0.300467
-0.682822 -0.208402 -4.789329 103 136 79 0 0.346900 0.822106 0.451445
-1.043354 0.098086 -4.565330 114 146 99 0 0.557132 0.523469 0.644658
-1.332064 0.346263 -4.689774 95 106 87 0 0.799081 0.600361 -0.032187
-1.041220 0.073908 -5.191817 85 124 66 0 -0.024050 0.998603 -0.047055
-0.854910 -0.047692 -4.795729 101 136 85 0 0.746221 0.571402 0.341546
-0.884065 -0.008581 -4.539019 90 123 43 0 -0.364633 -0.924557 0.110619
-1.141487 0.206885 -4.788618 110 147 101 0 0.808970 0.578669 0.103490
-0.758910 -0.111691 -4.916618 99 134 83 0 0.475500 0.860641 0.182201
-1.032687 0.122263 -4.848351 112 143 100 0 0.714566 0.681189 -0.159298
-1.234642 0.358352 -4.808529 130 162 120 0 0.691521 0.149804 0.706653
-1.026287 0.071064 -5.105062 87 121 65 0 0.332878 0.918629 -0.212870
-1.065398 0.128663 -4.586663 102 134 87 0 0.612107 0.760873 0.215400
-0.881932 -0.012847 -4.809240 104 137 86 0 0.728826 0.657946 0.189525
-1.255264 0.280841 -4.636441 113 147 114 0 0.777537 0.505965 0.373412
-1.140776 0.213285 -4.855462 99 130 92 0 0.798609 0.601387 0.023611
-0.891176 -0.013558 -4.661330 109 131 92 0 0.765461 0.632208 -0.119927
-1.294375 0.319241 -4.541863 105 139 100 0 0.840197 0.530727 0.111351
-1.018465 0.103775 -4.773685 100 134 88 0 0.713646 0.699458 0.038307
-1.218998 0.341285 -4.831995 130 165 114 0 0.973373 0.085776 0.212576
-1.216153 0.333463 -4.912351 118 145 102 0 0.880283 0.427566 -0.205646
-1.012776 0.089552 -4.647108 105 139 92 0 0.610777 0.759974 0.222242
-1.140776 0.211152 -4.921596 101 135 86 0 0.687381 0.726264 -0.006943
-1.255264 0.216841 -5.075906 47 51 34 0 0.166262 -0.860738 0.481131
-0.806554 -0.076136 -4.916618 95 130 87 0 0.583206 0.803562 0.118992
-0.860599 -0.029203 -4.873240 106 140 89 0 0.723503 0.675370 0.142896
-1.134376 0.180574 -4.595196 99 135 95 0 0.689258 0.721048 -0.070804
-0.958732 0.063953 -4.918751 101 126 73 0 0.768514 0.625257 0.135796
-1.073931 0.159241 -4.854751 114 148 101 0 0.506798 0.861144 -0.039830
-0.759621 -0.209113 -4.644974 123 156 112 0 0.545150 0.837737 -0.031743
-0.844243 -0.022803 -5.051728 65 83 41 0 -0.135726 0.990466 0.023556
-1.032687 0.033375 -4.482841 123 152 118 0 0.838994 0.442151 0.317162
-0.825043 -0.042714 -5.092261 43 24 23 0 0.955298 0.204994 0.213033
-1.009932 0.075330 -4.588085 113 146 100 0 0.802426 0.595888 0.032097
-0.866288 -0.036314 -4.605152 107 144 96 0 0.755431 0.604030 -0.253913
-0.929576 0.009197 -4.573863 103 139 92 0 0.363818 0.930908 0.032368
-1.204775 0.141463 -5.134928 76 106 44 0 -0.412277 -0.690440 0.594407
-0.766021 -0.194891 -4.684085 119 152 112 0 0.736314 0.664624 0.126951
-1.009932 0.097375 -4.725329 100 135 81 0 0.489615 0.869032 0.071141
-1.058998 0.128663 -4.662752 115 135 102 0 0.545951 0.837491 0.023378
-0.771710 -0.118802 -4.846929 108 145 94 0 0.540408 0.824833 0.166164
-0.813666 -0.073291 -4.895284 104 140 89 0 0.702740 0.702740 0.110959
-1.288686 0.337729 -4.758040 104 137 90 0 0.522589 0.702907 0.482518
-0.929576 0.038353 -4.844796 99 132 81 0 0.583590 0.796623 0.157524
-1.202642 0.233196 -4.573863 92 127 84 0 0.465721 0.883640 0.047801
-1.085309 0.161374 -4.930129 99 135 81 0 0.593405 0.778362 -0.204994
-1.214020 0.162797 -5.135639 72 98 45 0 0.079478 -0.775996 0.625710
-0.732599 -0.229735 -4.723196 128 158 113 0 0.656401 0.308041 0.688657
-1.313575 0.329196 -4.499908 103 141 98 0 0.658512 0.744341 0.110985
-0.926021 0.036930 -4.946484 148 126 111 0 0.631806 0.751711 -0.189081
-1.147887 0.200485 -4.711818 104 139 98 0 0.578220 0.800496 0.157696
-0.842110 -0.054092 -4.834129 112 148 102 0 0.736807 0.633120 0.237224
-1.034109 0.070353 -5.160528 88 116 60 0 0.394620 0.915355 0.080009
-1.113754 0.179863 -4.770129 111 147 100 0 0.544570 0.813041 0.205930
-0.970821 -0.008581 -4.485686 113 138 99 0 0.433940 0.838114 0.330546
-0.720510 -0.191336 -4.779374 107 139 89 0 0.563460 0.703078 0.433814
-1.113754 0.092397 -5.161239 77 115 49 0 0.079318 0.950519 -0.300369
-1.194109 0.209730 -5.000528 71 107 47 0 0.435245 0.675380 -0.595335
-1.248864 0.283685 -4.687641 104 139 93 0 0.693456 0.671240 0.261831
-0.859888 -0.022803 -4.920884 98 133 81 0 0.682834 0.707386 0.182601
-1.184153 0.273019 -4.870396 118 153 105 0 0.873858 0.485175 -0.031258
-0.979354 0.069641 -4.996262 93 127 74 0 0.565064 0.777160 -0.276992
-0.903976 0.004219 -4.725329 105 139 89 0 0.682674 0.730335 -0.023830
-1.002821 0.060397 -5.116439 93 125 74 0 0.459197 0.887054 -0.047691
-1.106642 0.178441 -4.792173 110 143 104 0 0.565697 0.764412 0.309291
-0.839977 -0.077558 -4.648530 118 155 106 0 0.900850 0.434034 -0.009179
-1.100243 0.096664 -5.247283 95 116 65 0 0.094991 0.935192 -0.341164
-1.012776 0.079597 -5.043195 85 122 67 0 0.373772 0.898519 -0.230126
-0.894732 0.017019 -5.179017 108 139 90 0 0.363227 0.893983 0.262413
-1.125131 0.183419 -4.719640 113 145 106 0 0.529067 0.846227 0.063151
-0.969398 0.063953 -4.769418 106 138 95 0 0.694569 0.719425 0.001381
-1.017754 0.073197 -5.246572 100 136 70 0 0.357159 0.926425 0.119053
-0.958021 0.049019 -5.214572 99 134 66 0 0.355943 0.934189 0.024415
-1.214731 0.344129 -4.873951 111 138 94 0 0.988525 0.111400 0.102019
-0.992865 0.026975 -4.527641 123 160 126 0 -0.608734 0.728220 0.314862
-1.189842 0.229641 -4.694752 95 129 85 0 0.499995 0.737617 -0.453791
-0.975087 0.072486 -4.818485 100 129 84 0 0.639909 0.751855 0.158843
-1.277309 0.305018 -4.479997 87 107 89 0 0.485190 0.452296 -0.748344
-1.021309 0.059686 -4.517685 116 150 108 0 0.736548 0.569967 0.364191
-1.333486 0.354085 -4.635730 38 42 35 0 0.959718 0.221066 -0.173411
-0.938821 0.031242 -5.141328 101 137 82 0 0.403407 0.910076 0.095000
-0.991443 0.059686 -5.221684 91 127 65 0 0.316416 0.943952 0.093998
-1.215442 0.354796 -4.849773 125 150 108 0 0.941465 0.165337 0.293781
-0.810821 -0.145825 -4.570308 41 51 33 0 0.228729 -0.388102 -0.892782
-0.759621 -0.184936 -4.723196 119 149 109 0 0.585548 0.749180 0.309618
-1.172065 0.154263 -5.070928 79 112 56 0 0.617729 0.744119 -0.254359
-1.139354 0.172752 -5.005506 77 111 52 0 0.238699 0.849891 -0.469796
-1.095976 0.094530 -5.131372 78 115 53 0 0.339042 0.938582 -0.064143
-1.021309 0.089552 -4.617241 109 142 96 0 0.524911 0.832979 0.174970
-1.117309 0.189819 -4.905951 103 138 88 0 0.682610 0.721277 -0.117486
-0.799443 -0.148669 -4.685507 117 152 104 0 0.821874 0.561879 0.093887
-1.108776 0.172041 -4.493508 97 133 84 0 0.499367 0.806913 -0.315473
-1.107354 0.141463 -5.029684 80 114 49 0 0.309051 0.803533 -0.508746
-1.182020 0.228219 -4.459374 90 122 79 0 0.436071 0.895676 0.087214
-0.953043 0.026975 -4.596619 106 141 101 0 0.714566 0.681189 0.159298
-0.913932 0.014175 -5.027551 76 107 37 0 -0.071849 -0.849506 -0.522664
-1.010643 0.093108 -4.687641 108 142 97 0 0.617686 0.785764 0.032215
-1.160687 0.213997 -4.571019 77 111 34 0 -0.523755 -0.849522 -0.063188
-1.049754 0.123686 -4.645685 108 142 101 0 0.703908 0.709550 -0.032445
-1.181309 0.221108 -4.635730 103 134 99 0 0.634600 0.732231 0.247226
-1.145754 0.098086 -5.164083 60 98 36 0 0.333776 0.936985 0.103216
-1.279442 0.359774 -4.785774 74 78 67 0 -0.390068 0.841231 0.374403
-1.221131 0.271596 -4.733863 109 144 96 0 0.570383 0.770573 0.284397
-1.015621 0.076753 -5.272883 83 101 44 0 -0.428026 -0.752735 0.500184
-1.036243 0.077464 -5.233772 98 138 74 0 0.229660 0.964052 0.133644
-1.189131 0.258085 -4.792885 114 150 104 0 0.682834 0.707386 0.182601
-0.850643 -0.016403 -5.104351 83 119 59 0 0.111127 0.993538 0.023106
-0.776688 -0.054803 -5.050306 39 43 30 0 0.648552 0.457506 -0.608332
-0.986465 0.082441 -4.892440 114 148 105 0 0.609841 0.792378 -0.015211
-1.095976 0.119419 -5.063106 75 114 50 0 0.586239 0.755561 -0.292321
-1.334908 0.354796 -4.537597 111 148 110 0 0.577877 0.785478 0.221545
-1.064687 0.087419 -5.238039 91 128 67 0 0.302766 0.945644 0.118706
-1.236775 0.303596 -4.777240 114 147 98 0 0.744836 0.587182 0.316917
-0.966554 0.046175 -5.164083 92 125 68 0 0.394108 0.915040 0.085913
-0.885488 -0.021381 -4.639285 111 142 98 0 0.702041 0.710585 -0.046993
-1.308597 0.329907 -4.578841 105 142 89 0 0.649522 0.691635 0.315852
-1.285842 0.306441 -4.567463 103 129 84 0 0.499505 0.864046 -0.062612
-1.209753 0.265908 -4.959995 73 108 57 0 0.800802 0.292206 -0.522812
-1.154998 0.217552 -4.777240 108 143 97 0 0.793010 0.588363 0.158000
-0.921043 0.035508 -4.924440 146 128 115 0 0.573368 0.809200 0.128234
-1.147176 0.221108 -4.890306 110 141 97 0 0.635036 0.769784 0.064507
-1.051887 0.110886 -4.453686 56 63 54 0 0.857831 0.151037 -0.491237
-1.115176 0.175597 -4.977062 101 127 83 0 0.586549 0.783605 -0.204753
-1.270909 0.295774 -4.515552 103 140 99 0 0.706734 0.706734 -0.032445
-0.811532 -0.041292 -5.028973 97 126 89 0 0.430015 0.579441 0.692341
-1.257398 0.285819 -4.991995 48 56 39 0 0.500875 -0.014851 -0.865392
-1.064687 0.100219 -5.065950 78 117 55 0 0.461599 0.875445 -0.143255
-1.141487 0.199063 -4.502041 94 129 81 0 0.799385 0.593373 -0.094301
-0.789488 -0.096047 -4.885329 99 134 83 0 0.545385 0.798544 0.254721
-1.092420 0.178441 -4.451552 62 72 57 0 0.126908 0.529511 -0.838757
-0.999976 0.078175 -5.024706 92 128 72 0 0.560284 0.806262 -0.189798
-1.051887 0.124397 -4.992706 95 117 70 0 0.490619 0.720129 -0.490619
-1.169220 0.246708 -4.846218 115 149 104 0 0.846227 0.529067 0.063151
-0.697044 -0.158625 -4.900262 109 140 97 0 0.729246 0.676210 0.104599
-1.234642 0.264485 -4.663463 103 137 96 0 0.759391 0.647420 0.064598
-0.872688 -0.019958 -4.526930 90 128 73 0 0.094972 0.988411 -0.118422
-0.960865 0.053997 -5.014040 97 135 84 0 0.570981 0.792601 -0.213925
-0.830732 -0.048403 -4.540441 98 132 81 0 0.523104 0.777413 -0.349273
-0.910376 0.021286 -4.865418 105 139 94 0 0.745961 0.665988 0.001379
-0.773844 -0.181380 -4.695463 118 153 108 0 0.762813 0.626866 0.158605
-1.186998 0.113730 -5.141328 73 106 28 0 0.390312 0.490724 -0.779004
-0.899710 0.004219 -4.760885 110 136 96 0 0.813603 0.577899 0.063896
-1.258109 0.234619 -5.037506 83 109 49 0 -0.088186 -0.883256 0.460525
-1.302197 0.323507 -4.686930 112 150 104 0 0.545150 0.837737 0.031743
-0.918199 0.021286 -5.149150 102 141 84 0 0.546272 0.833029 0.087461
-0.838554 -0.059780 -4.587374 101 138 83 0 0.660095 0.722221 -0.206571
-1.240331 0.327063 -4.787196 124 160 115 0 0.696896 0.333016 0.635166
-1.231798 0.253819 -4.620085 105 138 99 0 0.669876 0.740988 -0.046934
-1.014909 0.095952 -4.999106 96 132 78 0 0.640264 0.719702 -0.268498
-0.918910 0.024130 -4.815640 112 148 105 0 0.800887 0.561999 0.206730
-0.889043 -0.012136 -4.512708 89 126 65 0 0.071820 0.977483 -0.198418
-1.202642 0.307152 -4.878218 126 163 120 0 0.943254 0.331955 0.008769
-1.000687 0.095952 -4.888885 114 150 101 0 0.647420 0.759391 -0.064598
-0.959443 0.046175 -5.060973 96 131 73 0 0.548065 0.810647 -0.206097
-0.836421 -0.049114 -4.938662 97 130 84 0 0.686718 0.726200 -0.032432
-0.857043 -0.039158 -4.832707 104 137 87 0 0.481550 0.876393 -0.006670
-0.934554 0.042619 -4.987729 100 136 84 0 0.659344 0.715725 -0.230222
-1.065398 0.137197 -4.987018 112 117 78 0 0.612913 0.707710 -0.351403
-1.014198 0.102352 -4.979907 102 115 76 0 0.554189 0.752462 -0.355916
-0.965132 0.051153 -4.681952 103 136 92 0 0.540755 0.834926 0.102383
-0.936687 0.023419 -4.632885 101 137 92 0 0.622453 0.781257 0.046790
-1.071798 0.152841 -4.806396 109 143 100 0 0.729764 0.617492 0.293509
-0.945221 0.053997 -4.947196 114 132 93 0 0.758817 0.631590 0.159033
-1.337753 0.350529 -4.494219 111 145 106 0 0.703908 0.709550 0.032445
-0.766732 -0.071158 -5.018306 103 138 96 0 0.332163 0.775047 0.537559
-1.255975 0.275863 -4.541863 107 145 100 0 0.769200 0.626370 -0.126464
-0.888332 0.009197 -4.961418 134 126 104 0 0.576995 0.816607 0.015148
-0.923887 0.027686 -4.777240 102 137 88 0 0.761293 0.648407 0.001377
-1.302197 0.335596 -4.482841 43 57 43 0 0.325596 0.206163 -0.922759
-0.854910 -0.053380 -4.755196 105 141 92 0 0.667208 0.735563 0.117393
-0.974376 0.055419 -4.654930 106 132 89 0 0.674266 0.736989 0.047042
-1.046909 0.085286 -5.084439 78 116 53 0 0.371359 0.869560 -0.325512
-1.028420 0.084575 -4.566041 112 145 101 0 0.584183 0.733890 0.346605
-0.904688 -0.007869 -4.542574 92 130 61 0 0.583308 0.811620 -0.032019
-1.253842 0.260930 -5.013329 67 88 44 0 0.144048 -0.484526 0.862835
-1.027709 0.107330 -4.692618 98 132 82 0 0.695271 0.710096 0.111184
-0.785932 -0.174980 -4.657063 118 153 101 0 0.713080 0.659560 0.237693
-1.221131 0.321374 -4.812085 126 158 116 0 0.915688 0.183707 0.357446
-1.036954 0.126530 -4.869685 113 150 105 0 0.560654 0.828022 0.006821
-0.808688 -0.151513 -4.628619 120 152 107 0 0.928799 0.363791 0.070626
-0.842110 -0.063336 -4.792885 108 143 94 0 0.659702 0.737844 0.142760
-1.176331 0.177730 -5.033951 77 114 49 0 0.417029 0.726917 -0.545600
-0.854910 -0.030625 -4.533330 97 133 69 0 0.451424 0.878171 -0.158216
-0.832866 -0.071158 -5.072350 53 23 19 0 0.509081 -0.556125 0.656933
-1.000687 0.061108 -4.558930 107 137 94 0 0.838776 0.507482 0.197271
-1.108065 0.162086 -4.564619 102 136 92 0 0.246407 0.951967 -0.181776
-1.165665 0.237463 -4.908795 102 137 92 0 0.752587 0.649088 -0.110892
-1.324953 0.341996 -4.613685 109 141 104 0 0.649495 0.672399 -0.355014
-1.065398 0.122263 -4.526930 119 154 110 0 0.530553 0.822433 0.205228
-1.273042 0.290085 -4.566752 112 143 107 0 0.686901 0.686901 -0.237350
-0.864154 -0.014269 -5.073773 88 119 65 0 0.362873 0.931838 0.001264
-0.793043 -0.178536 -4.627196 129 162 114 0 0.774851 0.442073 0.451860
-1.132242 0.183419 -4.543285 98 135 85 0 0.563120 0.809391 -0.166683
-0.703444 -0.233291 -4.748796 109 142 89 0 0.237601 0.449475 0.861115
-0.732599 -0.117380 -4.945062 97 128 78 0 0.539630 0.776619 0.325059
-0.822199 -0.057647 -4.965684 96 131 84 0 0.476715 0.856294 0.198756
-1.222553 0.255952 -4.691907 106 142 98 0 0.975451 0.174502 -0.134329
-1.235353 0.324930 -4.957862 46 50 39 0 0.847982 0.278557 -0.450923
-1.056865 0.141463 -4.816351 119 155 109 0 0.509056 0.706002 0.492365
-1.076065 0.083864 -5.154839 86 124 62 0 0.277413 0.960465 -0.023426
-1.343442 0.384663 -4.564619 34 46 24 0 -0.489305 -0.703063 0.516025
-1.206909 0.160663 -5.101506 78 116 53 0 0.452793 0.656634 -0.603167
-0.783799 -0.140136 -4.756618 101 134 79 0 0.635026 0.724152 0.268971
-1.186998 0.219685 -4.983462 66 104 49 0 0.440931 0.577369 -0.687186
-1.214020 0.239596 -4.589508 100 129 95 0 0.604048 0.777502 0.174976
-1.088865 0.159241 -4.718929 97 128 81 0 0.545328 0.824678 0.150077
-1.224687 0.250974 -4.541863 102 133 93 0 0.800939 0.594615 -0.070208
-0.862732 -0.049114 -4.711818 106 142 97 0 0.773050 0.600232 0.205221
-0.978643 0.058975 -5.048173 93 130 70 0 0.499533 0.862574 -0.080207
-1.199798 0.245996 -4.561063 76 109 33 0 -0.705324 -0.705324 0.070967
-0.883354 -0.016403 -4.758040 104 138 87 0 0.832696 0.548984 -0.072347
-0.738999 -0.159336 -4.816351 106 134 89 0 0.636036 0.675480 0.373075
-1.055443 0.098797 -4.478575 110 139 93 0 0.890846 0.380944 -0.247539
-1.105931 0.162797 -4.993417 79 114 52 0 0.435501 0.774768 -0.458337
-1.167798 0.214708 -4.972084 72 105 50 0 0.554419 0.681717 -0.477370
-1.214731 0.248130 -4.669152 112 149 109 0 0.705324 0.705324 -0.070967
-0.806554 -0.090358 -4.836974 99 132 81 0 0.664593 0.651465 0.365936
-1.151442 0.194797 -4.518397 93 126 93 0 -0.166583 0.909800 0.380151
-0.800155 -0.140136 -4.703996 109 142 89 0 0.852026 0.443668 0.277868
-0.879799 -0.008581 -5.031817 94 128 80 0 0.499533 0.862574 0.080207
-1.260242 0.287952 -4.674129 111 148 99 0 0.618912 0.777683 0.110258
-1.044776 0.132930 -4.937240 90 124 65 0 0.585387 0.806885 0.079106
-0.790199 -0.074003 -4.984173 87 119 64 0 0.531946 0.817082 0.222283
-0.941665 0.031242 -5.116439 101 131 85 0 0.457790 0.886710 -0.064613
-0.930287 0.041908 -4.888885 102 136 89 0 0.722107 0.691018 -0.032502
-1.062554 0.118708 -4.563197 104 139 90 0 0.649856 0.713412 0.262167
-1.243175 0.270174 -4.503463 97 133 92 0 0.490720 0.869472 0.056675
-0.797310 -0.061914 -5.004795 92 128 84 0 0.515568 0.805674 0.291682
-1.159976 0.227508 -4.489952 81 115 42 0 -0.577616 -0.745885 0.331684
-1.034820 0.083153 -5.275016 43 49 29 0 -0.142071 -0.963217 0.228096
-1.186287 0.262352 -4.829863 116 145 107 0 0.586714 0.769177 0.253246
-0.894732 0.004931 -4.835551 114 132 89 0 0.697359 0.714543 0.055846
-1.084598 0.098797 -5.255816 83 107 53 0 -0.468509 -0.629717 0.619641
-0.753932 -0.142980 -4.824173 105 141 90 0 0.617729 0.744119 0.254359
-1.018465 0.110886 -4.888173 106 140 91 0 0.667300 0.743806 -0.038253
-0.766021 -0.145825 -4.787907 112 145 98 0 0.728382 0.633168 0.261836
-1.297931 0.317818 -4.586663 112 148 100 0 0.682310 0.730340 -0.032491
-1.102376 0.098086 -5.115017 78 109 54 0 0.419556 0.892458 -0.165804
-0.953754 0.039064 -5.101506 93 129 75 0 0.380863 0.924588 -0.008977
-0.680688 -0.183513 -4.865418 105 139 91 0 0.571421 0.760294 0.308919
-1.204775 0.309996 -4.854040 115 146 102 0 0.945157 0.215370 0.245549
-0.958021 0.007064 -4.517685 103 142 96 0 0.317350 0.885873 0.338406
-1.171353 0.164219 -5.054573 75 114 54 0 0.692951 0.532654 -0.485900
-1.140776 0.204041 -4.460086 93 129 86 0 0.584339 0.788782 -0.190711
-0.990021 0.084575 -4.822751 107 132 91 0 0.691332 0.714917 -0.104658
-1.147176 0.195508 -4.537597 97 129 89 0 0.651042 0.736827 0.182292
-1.171353 0.221108 -4.608707 83 110 39 0 -0.244938 -0.960106 -0.134913
-0.903265 0.017730 -4.953595 199 129 147 0 0.657607 0.743704 0.120240
-0.755355 -0.206269 -4.627907 35 41 34 0 0.022579 0.899189 -0.436977
-0.685666 -0.232580 -4.748085 60 65 50 0 0.094659 0.782029 0.616012
-1.262375 0.279419 -4.472886 84 83 83 0 -0.159298 0.714566 -0.681189
-1.170642 0.213285 -4.661330 132 135 114 0 0.620627 0.778339 -0.094919
-1.164953 0.098086 -5.170484 69 104 22 0 0.751711 0.189081 -0.631806
-1.072509 0.138619 -4.599463 109 136 97 0 0.593734 0.797967 0.103575
-0.813666 -0.113825 -4.721774 110 140 94 0 0.824815 0.522942 0.214970
-1.302197 0.337729 -4.746663 108 143 99 0 0.601079 0.489955 0.631386
-0.948065 0.056841 -4.879640 92 121 78 0 0.640577 0.767863 0.006918
-0.953754 0.037642 -4.638574 100 135 81 0 0.745088 0.665308 0.047013
-0.830021 -0.050536 -4.979907 89 123 72 0 0.510408 0.834524 0.207495
-0.793755 -0.083958 -4.925862 95 129 79 0 0.595979 0.779829 0.191510
-1.014909 0.093819 -4.670574 104 139 90 0 0.594187 0.799478 0.088188
-0.710555 -0.204135 -4.771552 115 150 98 0 0.427705 0.650710 0.627411
-1.137931 0.208308 -4.805685 111 148 95 0 0.745004 0.626303 0.229593
-0.735444 -0.232580 -4.664885 40 44 37 0 0.563591 0.657803 -0.499661
-0.825043 -0.091069 -4.605863 71 97 58 0 0.941856 -0.191121 -0.276369
-0.906821 0.010619 -5.122128 100 139 83 0 0.214828 0.960793 0.175289
-0.793043 -0.106002 -4.829151 108 143 94 0 0.573356 0.802097 0.167041
-1.133665 0.194797 -4.957151 94 131 82 0 0.586549 0.783605 -0.204753
-0.905399 0.012753 -4.821329 116 147 105 0 0.714832 0.697710 0.047085
-0.709844 -0.143691 -4.916618 103 137 88 0 0.523576 0.769965 0.364720
-0.926732 0.037642 -5.198928 99 132 70 0 0.165308 0.916964 0.363112
-1.231798 0.292219 -4.763018 110 146 95 0 0.683981 0.644803 0.341174
-1.321397 0.334885 -4.649240 104 139 96 0 0.655403 0.749242 0.095305
-0.965132 0.022708 -4.553952 103 140 87 0 0.421006 0.808395 0.411401
-1.277309 0.299330 -4.496352 115 152 110 0 0.657709 0.745992 0.104468
-1.282997 0.304307 -4.527641 100 139 99 0 0.723559 0.690228 -0.006944
-1.122998 0.173463 -4.583107 98 131 85 0 0.506793 0.840645 0.190987
-0.840688 -0.048403 -4.878218 115 126 93 0 0.769784 0.635036 0.064507
-1.174909 0.226085 -4.721063 100 129 87 0 0.417918 0.867750 0.268987
-0.939532 0.016308 -4.588797 102 139 95 0 0.675370 0.723503 0.142896
-0.960865 0.058264 -4.753774 104 139 98 0 0.548984 0.832696 0.072347
-1.097398 0.168486 -4.956440 93 128 77 0 0.460770 0.880424 -0.112002
-0.996421 0.090264 -4.975640 100 114 67 0 0.813669 0.577120 -0.069824
-1.097398 0.175597 -4.911640 102 139 89 0 0.632800 0.769543 -0.085828
-0.972243 0.038353 -4.571730 104 138 91 0 0.436898 0.860095 0.263357
-0.927443 -0.011425 -4.509863 87 125 65 0 -0.040479 0.986537 0.158447
-1.078198 0.147863 -4.983462 106 121 85 0 0.537559 0.775047 -0.332163
-1.131531 0.135775 -5.063106 76 112 45 0 0.481479 0.750976 -0.451900
-0.912510 0.005642 -4.654219 105 141 96 0 0.649520 0.760313 0.006925
-1.172776 0.221108 -4.502041 94 129 83 0 0.647647 0.757762 0.079688
-1.241753 0.344841 -4.794307 121 158 107 0 0.498603 0.372742 0.782597
-1.089576 0.171330 -4.818485 105 139 92 0 0.530876 0.839221 0.117811
-0.845666 -0.041292 -5.051017 157 120 105 0 -0.586461 -0.809344 -0.032039
-0.943799 0.038353 -4.716085 105 140 88 0 0.673271 0.727252 0.133455
-0.879088 -0.007869 -4.861151 114 152 112 0 0.674190 0.738398 0.015354
-1.206909 0.248130 -4.700440 103 134 94 0 0.682674 0.730335 0.023830
-1.062554 0.087419 -5.102217 85 109 61 0 0.278718 0.934197 -0.222695
-0.950910 0.048308 -5.243017 77 95 44 0 0.316961 0.948398 -0.008701
-1.167087 0.243863 -4.869685 111 136 99 0 0.722839 0.633482 -0.276051
-1.071798 0.156397 -4.900262 109 146 103 0 0.693705 0.719240 -0.038303
-0.788777 -0.124491 -4.791462 105 131 87 0 0.748364 0.612871 0.253656
-1.224687 0.344129 -4.816351 121 151 105 0 0.815862 0.397553 0.419906
-0.973665 0.070353 -4.797863 107 137 97 0 0.626462 0.774720 0.085757
-1.262375 0.246708 -5.018306 63 67 53 0 -0.213692 -0.126680 0.968653
-0.804421 -0.099602 -4.578130 95 127 77 0 0.601260 0.094629 -0.793430
-1.031976 0.092397 -5.038929 84 125 72 0 0.531122 0.808365 -0.253880
-1.057576 0.079597 -5.203906 87 123 59 0 0.339747 0.931917 0.126894
-1.288686 0.314263 -4.692618 105 139 98 0 0.565064 0.777160 0.276992
-1.198375 0.236041 -4.669152 104 136 98 0 0.457677 0.886318 -0.070518
-1.111620 0.175597 -4.750218 107 141 102 0 0.586932 0.799824 0.125666
-0.746110 -0.224758 -4.679107 117 150 102 0 0.830521 0.552261 -0.072404
-1.039087 0.103775 -4.598041 116 151 109 0 0.607994 0.789959 0.079429
-1.048331 0.083153 -5.246572 98 134 69 0 0.365380 0.927503 0.078965
-1.031976 0.119419 -4.910218 105 141 93 0 0.517605 0.842030 -0.151890
-1.278731 0.306441 -4.661330 103 139 97 0 0.634859 0.771205 0.046869
-0.822910 -0.060491 -4.938662 90 123 68 0 0.530352 0.847185 0.031683
-1.118731 0.189819 -4.802840 108 141 95 0 0.676100 0.724071 0.136419
-0.707710 -0.166447 -4.857595 105 141 90 0 0.476752 0.833928 0.277976
-0.966554 0.057553 -4.723907 104 138 91 0 0.601798 0.782789 0.158368
-1.233931 0.265908 -4.457242 98 107 94 0 0.693136 0.492711 -0.526115
-1.068954 0.086708 -5.282839 81 115 41 0 0.079101 0.991632 -0.102029
-0.724066 -0.157913 -4.846929 99 135 77 0 0.542164 0.803149 0.247003
-0.762466 -0.088936 -4.995551 69 96 29 0 -0.387450 -0.917646 0.088366
-1.088865 0.154975 -4.486397 112 149 108 0 0.721277 0.682610 -0.117486
-0.990021 0.067508 -5.034662 92 130 72 0 0.782308 0.584802 -0.214479
-0.933132 -0.005025 -4.483552 38 47 38 0 0.014975 0.529572 -0.848133
-1.089576 0.088130 -5.212439 84 122 58 0 0.086102 0.981078 0.173417
-0.695622 -0.194891 -4.805685 104 139 84 0 0.443563 0.825563 0.348852
-0.839977 -0.049114 -4.555374 96 135 78 0 0.778362 0.593405 -0.204994
-1.031265 0.044753 -4.467197 39 50 35 0 0.554593 0.490924 -0.671878
-1.213309 0.178441 -5.078751 90 126 71 0 0.595662 0.652711 -0.468140
-1.214020 0.308574 -4.821329 131 166 123 0 0.935438 0.237015 0.262259
-0.913932 -0.001469 -4.575285 97 129 81 0 0.522988 0.847896 0.086927
-1.009932 0.081019 -4.625774 108 143 93 0 0.698384 0.712784 0.064799
-1.052598 0.081730 -5.119284 80 117 60 0 0.433611 0.900577 -0.030686
-1.046198 0.113019 -5.007639 86 123 72 0 0.359131 0.787511 -0.500851
-1.086731 0.124397 -5.041062 75 113 54 0 0.564123 0.754858 -0.334595
-0.904688 0.012042 -5.060262 108 112 77 0 0.433611 0.900577 0.030686
-0.763888 -0.092491 -4.971373 95 131 82 0 0.410939 0.880157 0.237598
-0.976510 0.076041 -4.846929 102 127 85 0 0.675370 0.723503 0.142896
-1.029843 0.073197 -4.527641 118 151 109 0 0.654817 0.717629 0.237116
-1.120154 0.183419 -4.497064 96 132 88 0 0.611399 0.776641 -0.151723
-1.248153 0.294352 -4.735285 112 144 100 0 0.728346 0.584958 0.356841
-0.848510 -0.060491 -4.619374 104 138 86 0 0.751187 0.609453 -0.253545
-1.243175 0.272307 -4.649240 108 141 99 0 0.618994 0.753083 0.222963
-0.916776 0.014175 -4.722485 104 139 92 0 0.578669 0.808970 0.103490
-1.332775 0.350529 -4.706130 46 54 40 0 0.615992 0.768089 -0.174911
-1.152865 0.214708 -4.447286 101 105 85 0 0.538343 0.461675 -0.705013
-1.019176 0.105197 -4.790040 105 138 102 0 0.680732 0.729664 0.064763
-1.189131 0.271596 -4.906662 107 144 103 0 0.876166 0.472650 -0.094530
-1.262375 0.308574 -4.739552 111 147 107 0 0.737558 0.616490 0.275588
-1.300775 0.320663 -4.505597 99 136 88 0 0.593717 0.773537 0.221675
-1.071798 0.137197 -4.524796 98 127 78 0 0.893974 -0.379754 0.237901
-1.039798 0.120841 -4.973506 96 124 75 0 0.690445 0.705619 -0.159333
-1.049043 0.073908 -5.154839 86 124 58 0 0.214000 0.975695 0.047153
-1.205487 0.284396 -4.814218 121 155 116 0 0.851881 0.301483 0.428260
-0.736866 -0.246091 -4.698307 95 119 89 0 0.646738 0.736263 -0.199115
-0.948065 0.039064 -4.682663 101 136 92 0 0.719485 0.694338 -0.015368
-0.911088 0.026975 -5.186839 99 137 79 0 0.283929 0.896382 0.340417
-0.933132 0.014886 -4.608707 95 129 71 0 0.356285 0.933129 0.048288
-0.896154 -0.007869 -4.680530 107 139 97 0 0.610739 0.774410 0.165187
-1.246731 0.270885 -4.528352 99 135 86 0 0.535459 0.844534 -0.006778
-0.862021 -0.049114 -4.679819 108 142 93 0 0.774485 0.632147 -0.023723
-0.730466 -0.218358 -4.734574 119 150 105 0 0.679742 0.521975 0.515261
-1.080331 0.166352 -4.836262 116 140 105 0 0.623558 0.773920 0.110560
-1.101665 0.157819 -4.599463 100 134 97 0 0.445689 0.889982 0.096403
-0.903265 0.008486 -4.792173 108 136 96 0 0.609379 0.792878 0.001369
-1.172065 0.208308 -4.561063 98 130 80 0 0.915283 0.401671 -0.030290
-0.869843 -0.031336 -4.590219 97 131 86 0 0.531122 0.808365 -0.253880
-0.953043 0.059686 -4.862573 97 132 84 0 0.529978 0.847692 0.023281
-0.878377 -0.024225 -4.557508 90 130 84 0 0.316961 0.948398 -0.008701
-1.214020 0.331330 -4.846929 115 148 96 0 0.935850 0.325572 0.134860
-1.004243 0.098086 -4.861862 112 144 107 0 0.718114 0.695890 0.006945
-1.075354 0.149997 -4.782218 107 143 100 0 0.760720 0.648643 0.023816
-1.216153 0.322085 -4.923729 119 151 105 0 0.823101 0.238469 -0.515400
-0.884065 -0.015692 -4.787196 109 144 100 0 0.749242 0.655403 0.095305
-0.766732 -0.101736 -4.937240 94 127 78 0 0.530026 0.814355 0.236426
-0.704866 -0.174980 -4.839818 105 142 95 0 0.509149 0.817441 0.269366
-0.990732 0.084575 -4.920884 111 146 96 0 0.539826 0.831067 -0.133853
-1.184864 0.218974 -4.587374 90 126 85 0 0.652800 0.740648 -0.159035
-1.162820 0.220397 -4.533330 76 110 33 0 -0.689650 -0.704874 0.165942
-0.857754 -0.014269 -5.146306 42 52 33 0 0.799967 0.540095 -0.261437
-1.056154 0.077464 -5.186839 80 118 54 0 0.276796 0.960928 0.001209
-0.791621 -0.098891 -4.869685 110 147 107 0 0.469289 0.827142 0.309197
-1.177753 0.246708 -4.925862 107 142 93 0 0.699488 0.651247 -0.294267
-0.785932 -0.165024 -4.692618 118 153 108 0 0.784424 0.601441 0.151485
-1.170642 0.246708 -4.896707 105 135 93 0 0.792016 0.609135 -0.040797
-0.982909 0.055419 -5.080884 89 124 67 0 0.514311 0.838192 -0.181433
-1.223975 0.367596 -4.841951 67 66 61 0 0.793375 0.572396 0.207168
-1.362642 0.375418 -4.477152 83 99 79 0 0.251834 0.695314 -0.673140
-0.715533 -0.243958 -4.729596 138 166 124 0 0.467409 0.641640 0.608134
-1.236775 0.180574 -5.112884 88 98 75 0 0.700966 0.652845 -0.287123
-1.154998 0.177730 -5.011906 72 108 49 0 0.476988 0.762198 -0.437649
-0.779532 -0.086803 -4.957151 99 134 90 0 0.549159 0.816968 0.176032
-0.942376 0.039064 -5.026128 95 129 74 0 0.551270 0.814067 -0.182750
-1.197664 0.283685 -4.912351 112 146 100 0 0.848436 0.473723 -0.236100
-0.985754 0.062530 -4.635730 114 136 97 0 0.619697 0.777918 0.104015
-1.081754 0.084575 -5.170484 79 118 59 0 0.204289 0.957357 -0.204289
-1.142909 0.095241 -5.238039 49 58 35 0 0.014983 -0.999863 -0.006992
-1.076776 0.148575 -4.459374 113 143 102 0 0.786622 0.452510 -0.420072
-0.894732 0.010619 -4.986306 104 120 83 0 0.585930 0.789865 -0.181106
-0.715533 -0.211958 -4.757329 114 147 95 0 0.268498 0.640264 0.719702
-1.250998 0.226085 -5.017595 67 101 37 0 0.079779 0.659992 -0.747024
-0.832154 -0.023514 -5.036795 127 74 75 0 -0.134152 0.962511 0.235744
-1.185576 0.258796 -4.917329 113 149 99 0 0.736827 0.651042 0.182292
-1.036243 0.073197 -5.123550 85 123 59 0 0.307622 0.948827 -0.071389
-1.152865 0.097375 -5.218128 91 120 59 0 -0.039782 -0.990011 0.135260
-1.206198 0.276574 -4.943640 106 139 91 0 0.715133 0.580326 -0.389624
-1.327086 0.340574 -4.630752 106 136 97 0 0.736314 0.664624 -0.126951
-0.804421 -0.071158 -4.554663 53 61 43 0 0.478207 0.605729 -0.635932
-0.827888 -0.091780 -4.630041 103 139 93 0 0.671878 0.554593 -0.490924
-1.152865 0.209730 -4.963551 93 121 75 0 0.428712 0.723348 -0.541270
-0.998554 0.088841 -4.732440 107 141 89 0 0.458351 0.874505 0.158604
-1.255264 0.332041 -4.775818 121 150 110 0 0.579155 0.682635 0.445632
-1.317131 0.331330 -4.685507 111 148 105 0 0.554231 0.832034 0.023379
-0.916776 0.009908 -4.688352 102 137 86 0 0.781725 0.623436 -0.015273
-0.868421 -0.042003 -4.699018 112 147 97 0 0.854025 0.520018 -0.014935
-0.817932 -0.082536 -4.823462 123 130 101 0 0.757585 0.647074 0.085792
-1.073931 0.132930 -4.484974 104 137 87 0 0.855542 0.513885 -0.063010
-1.154998 0.108041 -5.156261 86 115 58 0 -0.096039 -0.894975 0.435656
-0.834288 -0.051247 -4.906662 98 130 83 0 0.749331 0.624702 0.219658
-0.990021 0.078886 -4.674129 97 130 80 0 0.676080 0.721454 0.149736
-0.803710 -0.149380 -4.658485 113 143 94 0 0.774356 0.625610 0.094789
-1.292242 0.311418 -4.631463 99 136 87 0 0.753231 0.650850 0.095068
-1.248864 0.277285 -4.706130 111 140 96 0 0.586228 -0.339395 0.735627
-1.170642 0.121552 -5.143461 77 105 47 0 -0.340464 -0.882181 0.325333
-0.742555 -0.172136 -4.785062 110 148 98 0 0.651471 0.677595 0.341247
-1.195531 0.237463 -4.970662 69 101 49 0 0.578703 0.632693 -0.514590
-1.131531 0.188397 -4.684085 107 136 95 0 0.721084 0.562676 0.404269
-0.997843 0.088130 -4.772974 104 140 94 0 0.666523 0.745103 0.023855
-0.791621 -0.138713 -4.738129 105 141 87 0 0.699488 0.651247 0.294267
-1.140065 0.186974 -4.563197 101 135 92 0 0.576414 0.779487 -0.245249
-1.225398 0.268752 -4.709685 116 148 105 0 0.731582 0.644229 0.223062
-1.172776 0.099508 -5.201772 94 123 62 0 0.048530 -0.964370 0.260069
-1.019176 0.066086 -5.159817 87 124 64 0 0.315874 0.947621 -0.047317
-0.828599 -0.076136 -4.797863 108 142 93 0 0.648328 0.758067 0.070753
-1.036954 0.068219 -4.493508 122 154 112 0 0.702687 0.529102 0.475691
-1.248153 0.268752 -4.553241 104 140 95 0 0.500163 0.857627 0.119635
-1.164953 0.132930 -5.100795 73 113 44 0 0.333621 0.793348 -0.509211
-0.950910 -0.007158 -4.489241 76 89 61 0 0.198574 0.823095 -0.532056
-0.970110 0.069641 -4.982039 101 135 83 0 0.491237 0.857831 -0.151037
-0.929576 0.020575 -4.663463 114 152 108 0 0.730751 0.667469 0.143137
-0.997843 0.088841 -4.706841 95 128 80 0 0.377918 0.924241 -0.054367
-1.135798 0.162086 -5.016173 70 108 51 0 0.577996 0.751878 -0.317174
-0.950199 0.049019 -4.760174 104 140 90 0 0.522664 0.849506 0.071849
-0.798021 -0.037025 -5.040350 108 137 100 0 0.214151 0.508800 0.833824
-1.144331 0.216130 -4.907373 109 145 93 0 0.702951 0.711237 0.001381
-0.977932 0.051153 -5.173328 93 133 78 0 0.270807 0.959902 -0.072469
-1.071798 0.147863 -4.750929 146 139 128 0 0.396709 0.887024 -0.236243
-0.908954 0.018442 -5.161239 104 139 85 0 0.492029 0.856277 0.157155
-0.910376 0.019153 -5.013329 102 137 87 0 0.687381 0.726264 -0.006943
-0.918910 0.028397 -4.891729 103 136 88 0 0.665988 0.745961 0.001379
-0.970110 0.072486 -4.868973 176 135 136 0 0.523159 0.837351 -0.158578
-0.883354 0.000664 -5.134928 98 135 75 0 0.372960 0.919229 0.126169
-1.133665 0.179152 -4.989151 76 109 52 0 0.372742 0.782597 -0.498603
-1.228953 0.168486 -5.132795 70 85 43 0 -0.411282 -0.721807 0.556634
-0.907532 -0.008581 -4.511997 85 119 55 0 0.133815 0.980898 0.141181
-0.874110 -0.013558 -4.893151 110 147 98 0 0.649765 0.752902 -0.104611
-1.031265 0.108752 -4.676974 103 137 94 0 0.721048 0.689258 0.070804
-1.325664 0.347685 -4.557508 110 146 98 0 0.608899 0.781594 -0.135476
-1.307886 0.323507 -4.605152 106 142 106 0 0.760023 0.634102 -0.142411
-1.267353 0.290085 -4.605152 104 139 96 0 0.515125 0.849884 0.111105
-1.185576 0.125819 -5.112884 63 103 44 0 0.454392 0.756227 -0.470796
-1.198375 0.245285 -4.723907 109 143 101 0 0.692196 0.666618 0.276559
-0.683533 -0.192047 -4.829151 98 133 77 0 0.314613 0.876966 0.363249
-0.996421 0.064664 -5.065239 87 126 71 0 0.722390 0.626285 -0.293121
-1.022732 0.108041 -4.748796 100 135 86 0 0.658254 0.711924 -0.244675
-0.969398 0.055419 -5.247994 90 122 64 0 0.302290 0.921197 0.244984
-1.132954 0.199063 -4.935818 99 135 82 0 0.719141 0.679943 -0.143225
-1.227531 0.135063 -5.151284 64 72 45 0 -0.133551 -0.703767 0.697765
-0.852777 -0.015692 -5.018306 187 92 110 0 0.690492 0.721813 0.046982
-1.208331 0.308574 -4.906662 110 145 101 0 0.959294 0.228907 -0.165396
-0.818643 -0.125914 -4.647108 116 145 94 0 0.730602 0.532697 -0.427147
-1.216153 0.248841 -4.527641 97 133 83 0 0.610869 0.738465 -0.285497
-1.124420 0.199774 -4.891018 108 143 94 0 0.861505 0.482854 -0.157038
-1.157842 0.217552 -4.951462 96 131 79 0 0.672448 0.721242 -0.166206
-1.036243 0.110175 -4.644974 106 140 94 0 0.634479 0.769719 0.070498
-1.295086 0.354796 -4.776529 116 144 102 0 0.373055 0.603133 0.705025
-1.070376 0.144308 -4.735285 96 129 82 0 0.704874 0.689650 0.165942
-1.069665 0.142886 -4.769418 116 140 107 0 0.545109 0.836582 0.054651
-0.844243 -0.050536 -5.076617 97 112 51 0 -0.556567 -0.800161 -0.223552
-1.130820 0.196930 -4.472175 93 130 77 0 0.648068 0.749843 -0.133206
-1.051176 0.110886 -4.569596 113 141 102 0 0.743379 0.665734 0.064704
-0.771710 -0.201291 -4.639285 117 143 103 0 0.784424 0.601441 0.151485
-1.373308 0.384663 -4.471464 85 94 79 0 0.032342 0.648248 -0.760742
-1.266642 0.287241 -4.542574 107 144 90 0 0.731255 0.612326 -0.300538
-0.913221 0.024130 -5.210306 65 88 70 0 0.459150 0.397930 -0.794250
-0.918910 0.029819 -4.957862 116 126 83 0 0.371844 0.924911 -0.079201
-1.220420 0.267330 -4.970662 73 109 46 0 0.655374 0.537440 -0.530701
-0.810110 -0.162180 -4.594485 129 157 115 0 0.927198 0.301516 0.222244
-1.045487 0.122263 -4.696885 95 129 85 0 0.687702 0.711779 0.142958
-0.818643 -0.115247 -4.607996 112 143 99 0 0.794496 0.578782 0.183813
-1.241753 0.370441 -4.814218 108 109 102 0 -0.110078 0.983444 0.143948
-0.853488 -0.061914 -4.706841 118 154 113 0 0.784732 0.618487 -0.040857
-0.834288 -0.022092 -5.063106 63 88 34 0 0.126436 0.989448 0.070758
-0.923887 0.030530 -4.992706 103 139 92 0 0.324143 0.940416 -0.102712
-1.026998 0.073197 -5.090128 84 112 58 0 0.522563 0.841663 -0.136130
-0.659355 -0.212669 -4.815640 105 124 88 0 0.722095 0.649729 0.237552
-1.078909 0.090975 -5.119995 80 114 51 0 0.220326 0.925371 -0.308457
-1.167798 0.119419 -5.124972 70 106 35 0 0.271401 0.905160 -0.327149
-1.216153 0.132219 -5.138484 64 99 32 0 0.347733 0.648123 -0.677509
-1.078909 0.145730 -4.689774 102 136 95 0 0.697884 0.602193 0.387713
-1.137931 0.189819 -4.666307 102 136 95 0 0.683033 0.698592 0.213156
-0.857754 -0.041292 -4.593774 103 139 87 0 0.636057 0.761183 -0.126616
-1.097398 0.176308 -4.881773 103 137 87 0 0.699346 0.667629 -0.255317
-0.781666 -0.046269 -5.038929 107 139 101 0 0.403981 0.815945 0.413561
-1.058998 0.120841 -5.006217 83 118 62 0 0.421015 0.811614 -0.405006
-0.990021 0.071064 -4.648530 111 144 99 0 0.671452 0.711770 0.206243
-0.864154 -0.029203 -4.547552 85 123 69 0 0.372823 0.879983 -0.294334
-0.948776 0.037642 -4.667729 103 137 88 0 0.672455 0.733987 0.095228
-0.870554 -0.017114 -5.092261 67 92 24 0 -0.580344 -0.174255 0.795510
-0.905399 -0.008581 -4.496352 79 94 74 0 0.150305 0.561040 -0.814029
-1.344864 0.363329 -4.529774 111 136 102 0 0.869534 0.418889 -0.261616
-0.692777 -0.165024 -4.885329 105 140 89 0 0.587958 0.751368 0.299586
-1.113042 0.168486 -4.631463 101 135 90 0 0.539458 0.838366 0.078285
-0.813666 -0.108136 -4.741685 114 144 100 0 0.729596 0.634637 0.254805
-1.008509 0.100930 -4.813507 102 129 88 0 0.395438 0.909648 -0.127155
-1.025576 0.057553 -4.503463 118 151 111 0 0.688868 0.640012 0.340362
-0.791621 -0.187069 -4.596619 45 48 45 0 0.346689 0.839269 -0.418850
-1.122287 0.090975 -5.215994 71 106 40 0 -0.054685 0.955088 0.291232
-1.091709 0.154975 -4.680530 100 134 89 0 0.520595 0.844326 0.126868
-1.121576 0.201197 -4.847640 128 138 109 0 0.453791 0.737617 -0.499995
-1.129398 0.103775 -5.131372 74 112 48 0 0.309842 0.871526 -0.380053
-0.966554 0.068930 -4.895284 105 127 84 0 0.743704 0.657607 -0.120240
-1.138642 0.186263 -4.637863 98 130 91 0 0.404186 0.903392 0.143238
-0.807266 -0.128047 -4.708974 109 141 89 0 0.784345 0.587875 0.198005
-0.940243 0.010619 -4.551108 103 140 95 0 0.579901 0.753390 0.310030
-1.083176 0.145019 -4.496352 102 135 89 0 0.627563 0.610738 0.482870
-0.743266 -0.124491 -4.905951 97 133 81 0 0.592732 0.784723 0.181324
-1.290820 0.312130 -4.487819 99 134 94 0 0.676100 0.724071 0.136419
-0.915354 0.023419 -4.905951 112 141 99 0 0.777384 0.627288 0.046728
-0.754644 -0.171424 -4.755907 117 152 105 0 0.694908 0.656391 0.293691
-0.877665 -0.028492 -4.667018 106 141 97 0 0.750960 0.654720 -0.086032
-1.005665 0.011331 -4.485686 130 149 120 0 0.405539 0.700175 0.587617
-1.195531 0.169908 -5.070928 87 123 63 0 0.401538 0.854237 -0.330222
-0.857754 -0.027780 -5.070928 71 94 29 0 -0.806860 -0.571215 0.150634
-0.733310 -0.106714 -4.980618 101 128 90 0 0.648643 0.760720 -0.023816
-1.268064 0.305730 -4.556086 86 114 37 0 0.740750 -0.671779 0.001379
-0.810821 -0.100314 -4.790751 114 146 106 0 0.822433 0.530553 0.205228
-0.837843 -0.045558 -4.920884 103 133 86 0 0.766973 0.641240 -0.023750
-1.046909 0.080308 -5.264350 57 63 43 0 -0.079070 0.800761 -0.593742
-0.849932 -0.062625 -4.743107 111 147 100 0 0.799496 0.571935 0.183565
-1.106642 0.094530 -5.148439 69 107 50 0 0.474747 0.832753 -0.284848
-0.740421 -0.144402 -4.854751 105 136 93 0 0.529743 0.790637 0.307028
-1.154287 0.213997 -4.463641 94 131 85 0 0.545571 0.837097 -0.040258
-0.993576 0.085286 -4.792173 104 139 98 0 0.648790 0.759524 0.046849
-0.940243 0.037642 -5.176884 100 138 79 0 0.443456 0.896178 0.014561
-1.193398 0.155686 -5.094395 83 119 47 0 0.454485 0.732133 -0.507370
-1.166376 0.243863 -4.831285 113 144 104 0 0.602730 0.785194 0.142083
-1.306464 0.325641 -4.651374 102 138 103 0 0.475325 0.879687 0.014728
-1.348420 0.368307 -4.507019 114 150 105 0 0.770130 0.581141 0.263010
-1.093131 0.152841 -4.538308 106 133 92 0 0.785661 0.618202 -0.023723
-1.137220 0.191241 -4.716796 107 143 96 0 0.636224 0.771473 -0.006900
-0.901132 0.011331 -4.854040 115 120 88 0 0.751320 0.656144 0.070662
-1.147887 0.219685 -4.824884 108 142 94 0 0.419669 0.873935 0.245183
-1.190553 0.144308 -5.132795 91 116 61 0 -0.086747 -0.230067 0.969301
-1.186287 0.269463 -4.892440 107 133 90 0 0.738435 0.673238 -0.038268
-1.202642 0.131508 -5.146306 86 116 54 0 -0.348559 -0.659481 0.666027
-1.135087 0.127241 -5.085150 78 115 51 0 0.238912 0.818468 -0.522524
-1.266642 0.250263 -5.004795 45 54 34 0 0.507192 0.204391 -0.837246
-1.115176 0.172041 -4.691907 102 134 98 0 0.541234 0.840871 0.001350
-0.982198 0.051864 -4.592352 113 145 103 0 0.659649 0.707106 0.254685
-0.824332 -0.090358 -4.753774 109 139 96 0 0.789882 0.607267 -0.085510
-0.924599 0.022708 -4.733863 102 135 87 0 0.618202 0.785661 0.023723
-1.177042 0.255952 -4.887462 108 141 98 0 0.869903 0.474624 -0.134164
-0.860599 -0.049825 -4.635018 104 137 84 0 0.828486 0.560008 0.001356
-1.234642 0.199063 -5.065239 97 135 73 0 0.263640 0.889225 -0.373862
-1.362642 0.382529 -4.503463 118 137 115 0 0.804251 0.342404 0.485736
-0.916065 0.027686 -4.877507 103 138 93 0 0.529978 0.847692 0.023281
-1.060420 0.088841 -5.252261 94 128 57 0 0.268586 0.953942 0.133631
-0.785221 -0.064758 -5.032528 38 42 20 0 0.761111 0.414110 -0.499223
-1.228953 0.310707 -4.790751 125 159 122 0 0.668004 0.651591 0.359442
-1.051887 0.140041 -4.915195 100 132 83 0 0.614981 0.774364 0.148858
-1.234642 0.149997 -5.130661 71 96 56 0 0.555627 0.572515 -0.602914
-1.308597 0.325641 -4.674129 102 137 87 0 0.817161 0.571011 0.078711
-0.713399 -0.157913 -4.870396 101 134 80 0 0.492223 0.793649 0.357543
-1.088154 0.105908 -5.083728 74 113 52 0 0.205624 0.923180 -0.324744
-0.812954 -0.092491 -4.805685 119 131 99 0 0.785885 0.595092 0.168079
-1.158553 0.207597 -4.655641 86 119 70 0 -0.047585 -0.322806 0.945268
-0.821488 -0.114536 -4.656352 115 145 99 0 0.940027 0.306975 0.148713
-0.724777 -0.178536 -4.798573 110 139 92 0 0.524463 0.753201 0.397023
-1.036243 0.119419 -4.742396 98 132 85 0 0.616897 0.782371 0.085640
-1.058998 0.108752 -4.502752 111 145 93 0 0.929239 0.365105 0.056677
-0.982198 0.072486 -4.713241 96 126 78 0 0.673238 0.738435 -0.038268
-1.010643 0.088841 -5.011906 91 128 70 0 0.403474 0.849010 -0.341162
-1.192687 0.103064 -5.185417 102 134 75 0 0.054221 -0.959584 0.276148
-1.194109 0.231063 -4.532619 93 129 76 0 0.703767 0.697765 -0.133551
-1.086731 0.086708 -5.198217 80 117 54 0 0.293299 0.955982 0.008590
-0.870554 -0.034180 -4.767285 104 138 90 0 0.710725 0.656906 0.251682
-1.115176 0.173463 -4.716796 137 131 110 0 0.507107 0.854755 -0.110615
-0.823621 -0.105291 -4.674129 116 139 97 0 0.940844 0.332753 0.063941
-1.059709 0.131508 -4.628619 103 133 93 0 0.628278 0.730075 0.268808
-0.831443 -0.088225 -4.644263 112 146 98 0 0.745103 0.666523 -0.023855
-1.285131 0.307863 -4.553241 104 132 94 0 0.852726 0.427134 -0.300690
-1.296509 0.328485 -4.722485 111 147 99 0 0.585743 0.791586 0.174058
-0.747532 -0.140847 -4.878929 84 100 37 0 -0.394422 -0.538443 -0.744655
-0.802999 -0.064758 -4.991995 97 132 88 0 0.600232 0.773050 0.205221
-1.145754 0.207597 -4.521241 87 109 45 0 -0.397663 -0.888460 0.229137
-1.016332 0.065375 -5.113595 85 124 65 0 0.411769 0.905337 0.103982
-0.767444 -0.157202 -4.760174 109 138 94 0 0.760963 0.586212 0.278014
-1.213309 0.241730 -4.636441 107 141 108 0 0.690228 0.723559 0.006944
-0.857754 -0.019247 -5.036795 99 74 53 0 0.150906 0.988261 0.023827
-0.974376 0.048308 -5.121417 94 125 75 0 0.349105 0.936530 0.032205
-1.137220 0.184130 -4.608707 99 134 96 0 0.601387 0.798609 0.023611
-1.236775 0.264485 -4.472175 102 137 94 0 0.586818 0.776717 -0.228812
-0.815088 -0.159336 -4.580263 105 123 91 0 0.870237 0.491636 0.031323
-0.896865 0.006353 -5.131372 99 133 76 0 0.419556 0.892458 0.165804
-0.828599 -0.065469 -4.861862 116 127 94 0 0.690783 0.690783 0.213628
-1.314997 0.330618 -4.662041 104 138 92 0 0.791265 0.599711 -0.119353
-1.243175 0.209730 -5.042484 84 123 56 0 0.238700 0.903544 -0.355853
-1.236775 0.298619 -4.969240 85 118 66 0 0.824556 0.228787 -0.517459
-0.982198 0.066797 -4.687641 114 144 105 0 0.599727 0.799168 0.040731
-1.165665 0.209730 -4.674129 111 134 102 0 0.602730 0.785194 0.142083
-0.825043 -0.097469 -4.726752 110 135 92 0 0.821901 0.569430 0.015093
-1.076776 0.095241 -5.090839 78 114 56 0 0.307176 0.869568 -0.386645
-1.199087 0.300041 -4.890306 119 150 106 0 0.935850 0.325572 0.134860
-0.925310 0.027686 -4.753063 105 140 89 0 0.617686 0.785764 0.032215
-1.191264 0.225374 -4.552530 94 128 77 0 0.601260 0.793430 0.094629
-1.147176 0.221819 -4.839818 122 144 110 0 0.510383 0.858055 0.057018
-1.109487 0.093819 -5.228795 84 120 51 0 0.149479 0.936644 0.316786
-0.748244 -0.106002 -4.956440 98 137 88 0 0.449871 0.808487 0.379428
-1.101665 0.170619 -4.767285 110 145 99 0 0.656618 0.751447 -0.064656
-0.845666 -0.034892 -5.001240 99 132 97 0 0.713232 0.689308 0.127096
-1.137220 0.087419 -5.212439 84 112 42 0 -0.152330 0.874811 -0.459892
-1.209753 0.254530 -4.969240 74 109 51 0 0.633647 0.475656 -0.610117
-1.169220 0.231063 -4.756618 112 148 109 0 0.729501 0.641647 0.236892
-1.062554 0.138619 -4.447997 51 53 49 0 0.793375 0.207168 -0.572396
-1.154287 0.228930 -4.875373 118 150 108 0 0.726129 0.686496 0.038217
-1.270909 0.304307 -4.711818 108 145 101 0 0.507482 0.838776 0.197271
-0.928865 0.035508 -4.809240 105 140 93 0 0.697729 0.706655 0.117528
-0.784510 -0.093202 -4.917329 97 128 79 0 0.601926 0.769041 0.215084
-1.008509 0.061819 -5.171906 84 123 61 0 0.267580 0.963042 0.030827
-0.881221 0.000664 -4.942217 108 140 95 0 0.737561 0.652047 0.175610
-1.090998 0.170619 -4.895284 106 141 93 0 0.571954 0.819661 0.032007
-1.022732 0.071064 -5.205328 89 127 60 0 0.389262 0.918979 0.062870
-1.074643 0.138619 -4.583107 108 141 99 0 0.660901 0.745520 0.086078
-0.800866 -0.123780 -4.567463 50 58 39 0 0.561786 0.323550 -0.761388
-1.025576 0.114441 -4.831285 125 119 93 0 0.638144 0.767207 0.064531
-1.146465 0.191952 -4.620085 98 125 85 0 0.548984 0.832696 0.072347
-1.140065 0.142886 -5.054573 77 112 57 0 0.499995 0.737617 -0.453791
-1.222553 0.244574 -4.615108 118 129 101 0 0.544392 0.829060 -0.127661
-0.834288 -0.019247 -5.085150 66 102 47 0 0.071453 0.997142 0.024529
-1.027709 0.081019 -5.070217 86 126 64 0 0.565409 0.779603 -0.269317
-1.063265 0.152841 -4.861151 106 138 90 0 0.715286 0.698423 -0.023890
-1.006376 0.036930 -4.508441 119 154 114 0 0.586295 0.643412 0.492219
-0.771710 -0.190624 -4.669152 116 151 101 0 0.718379 0.685658 0.117499
-1.258109 0.210441 -5.063817 80 95 60 0 0.670098 0.742241 -0.006937
-1.026998 0.084575 -4.580263 115 151 108 0 0.752294 0.610945 0.246577
-1.040509 0.114441 -4.993417 90 119 73 0 0.656487 0.727543 -0.199263
-0.945221 0.043330 -4.779374 102 137 86 0 0.552890 0.831446 0.054867
-1.108776 0.173463 -4.962840 90 127 79 0 0.577415 0.814592 -0.055059
-1.021309 0.073197 -5.233061 95 129 64 0 0.346980 0.934587 0.078436
-0.906821 0.000664 -4.642129 101 137 86 0 0.691018 0.722107 -0.032502
-1.219709 0.337729 -4.925151 110 125 86 0 0.981436 0.024507 -0.190219
-0.960154 0.039064 -4.616530 103 134 91 0 0.601387 0.798609 0.023611
-1.237486 0.260930 -4.557508 98 134 89 0 0.575616 0.813900 0.078950
-0.940243 0.005642 -4.534752 103 141 96 0 -0.189576 0.855332 0.482150
-1.213309 0.249552 -4.472175 101 138 93 0 0.485261 0.873470 0.039641
-0.896865 0.003508 -5.078751 101 138 85 0 0.698034 0.698034 -0.159681
-1.119442 0.158530 -5.006217 75 111 53 0 0.270364 0.807967 -0.523538
-0.907532 0.021286 -4.983462 102 134 85 0 0.604240 0.793693 0.070327
-0.802999 -0.163602 -4.625063 116 145 97 0 0.784632 0.507514 0.356065
-0.780244 -0.104580 -4.877507 100 135 82 0 0.726005 0.678689 0.110897
-1.063265 0.139330 -4.963551 99 136 84 0 0.491293 0.870868 -0.014806
-1.155709 0.204752 -4.700440 109 132 101 0 0.568599 0.821309 0.046330
-1.036243 0.122263 -4.814929 100 127 81 0 0.747024 0.659992 0.079779
-0.997843 0.090975 -4.851907 160 137 118 0 0.620627 0.778339 0.094919
-1.130820 0.193374 -4.758040 97 129 80 0 0.490449 0.846591 0.206743
-0.854910 -0.031336 -4.894573 104 137 91 0 0.672455 0.733987 0.095228
-1.083176 0.169197 -4.856884 103 133 89 0 0.803048 0.595721 0.015204
-1.250998 0.270885 -4.576708 101 135 90 0 0.451424 0.878171 0.158216
-1.156420 0.209730 -4.744529 94 129 76 0 0.886135 0.286382 0.364350
-1.180598 0.215419 -4.552530 95 130 80 0 0.717928 0.695361 -0.032441
-1.124420 0.104486 -5.241594 98 130 64 0 -0.442690 -0.830240 0.338713
-0.751799 -0.161469 -4.787196 106 141 88 0 0.744577 0.632657 0.212958
-0.855621 -0.041292 -4.819196 104 140 88 0 0.743982 0.624944 0.236508
-0.919621 -0.001469 -4.534752 77 113 67 0 0.578782 0.794496 0.183813
-0.891888 -0.017114 -4.561774 99 138 87 0 0.496910 0.854568 -0.150979
-1.160687 0.209730 -4.517685 97 133 86 0 0.608734 0.728220 -0.314862
-0.990021 0.034086 -4.516263 105 136 83 0 0.752587 0.649088 0.110892
-1.157842 0.095241 -5.233061 92 111 71 0 0.103326 -0.974753 0.197938
-1.090287 0.149997 -4.512708 106 137 93 0 0.699488 0.651247 -0.294267
-1.329220 0.345552 -4.726752 64 69 59 0 0.452678 0.890404 -0.047579
-1.326375 0.349107 -4.593063 115 149 119 0 0.577572 0.792056 -0.197631
-0.994287 0.056841 -5.137773 86 124 63 0 0.490672 0.870015 0.048105
-1.094554 0.090975 -5.227372 81 122 57 0 0.150855 0.941824 0.300351
-1.041220 0.132219 -4.840529 121 127 97 0 0.609408 0.759032 -0.229112
-0.823621 -0.027780 -5.085862 40 43 22 0 0.886406 0.435250 -0.157615
-0.885488 -0.003603 -5.075906 94 130 77 0 0.595092 0.785885 -0.168079
-1.110909 0.181997 -4.930129 97 133 79 0 0.618690 0.783674 -0.055469
-1.076776 0.144308 -4.640707 106 141 100 0 0.642840 0.761831 0.079811
-0.670733 -0.214091 -4.792173 98 111 76 0 0.418195 0.822079 0.386393
-0.875532 -0.032047 -4.632174 107 143 98 0 0.888502 0.443543 -0.117617
-0.942376 0.046886 -4.822751 100 134 87 0 0.623436 0.781725 0.015273
-1.198375 0.282974 -4.836974 126 160 126 0 0.841068 0.499809 0.206870
-0.891888 -0.014269 -4.526219 88 126 67 0 0.433373 0.893566 -0.117166
-0.825043 -0.034892 -5.041773 84 47 28 0 0.389072 -0.894132 -0.221698
-0.814377 -0.067603 -4.930840 92 128 76 0 0.544648 0.820723 0.172547
-1.100954 0.161374 -4.530486 98 132 92 0 0.785794 0.618487 0.001371
-1.316420 0.339152 -4.564619 107 143 98 0 0.793139 0.563424 0.231267
-0.822910 -0.143691 -4.563908 77 109 24 0 0.720927 -0.300253 -0.624590
-1.068243 0.147863 -4.942217 101 135 78 0 0.490395 0.838714 -0.236795
-1.170642 0.221108 -4.736707 104 141 90 0 0.054751 0.997331 -0.048310
-1.209753 0.116575 -5.169061 79 110 53 0 0.125718 -0.489866 0.862685
-1.206198 0.104486 -5.180439 98 121 75 0 0.198285 -0.767011 0.610227
-0.844954 -0.062625 -4.772263 107 142 94 0 0.888729 0.437945 0.135520
-0.972243 0.071064 -4.831995 99 133 86 0 0.520370 0.853625 -0.023219
-1.110198 0.179152 -4.482130 96 131 83 0 0.626716 0.728777 -0.275883
-1.051887 0.130797 -4.751640 103 129 89 0 0.499612 0.861936 0.086335
-1.312153 0.346974 -4.756618 107 122 95 0 -0.111896 0.951775 0.285664
-1.211887 0.240308 -4.559641 98 131 87 0 0.540095 0.799967 -0.261437
-1.177753 0.220397 -4.516974 103 141 101 0 0.394888 0.876016 -0.276875
-0.939532 0.040486 -5.201772 96 132 72 0 0.356516 0.916146 0.183229
-1.086731 0.088841 -5.139195 80 120 58 0 0.292732 0.945645 -0.141644
-1.061131 0.108041 -4.486397 112 144 100 0 0.861505 0.482854 0.157038
-0.840688 -0.040580 -4.536174 98 128 80 0 0.404775 0.745638 -0.529321
-0.950199 0.039064 -5.081595 109 121 87 0 0.619435 0.770149 -0.152221
-0.891176 0.008486 -5.154839 101 138 78 0 0.419432 0.864793 0.276063
-0.957310 0.046175 -5.197505 97 135 68 0 0.553450 0.798394 0.237193
-1.093843 0.167063 -4.943640 98 134 88 0 0.552170 0.820069 -0.150321
-1.055443 0.140752 -4.932973 101 135 88 0 0.422187 0.889349 -0.175548
-1.059709 0.147152 -4.849062 123 147 107 0 0.761293 0.648407 0.001377
-1.189842 0.115864 -5.161950 83 115 55 0 -0.262472 -0.848812 0.458942
-0.804421 -0.079691 -4.902395 106 143 95 0 0.616892 0.775222 0.135925
-0.822199 -0.059780 -4.553952 100 130 79 0 0.411336 0.824259 -0.389101
-1.162109 0.200485 -4.631463 96 129 87 0 0.600218 0.799835 0.001367
-0.813666 -0.138713 -4.648530 118 149 99 0 0.919441 0.379561 0.102769
-1.165665 0.240308 -4.818485 109 142 93 0 0.721269 0.658956 0.213421
-0.930287 0.025553 -5.095817 105 137 87 0 0.509503 0.856700 -0.080448
-1.147887 0.206174 -4.492797 91 126 73 0 0.652047 0.737561 -0.175610
-1.088154 0.157108 -4.753774 115 138 105 0 0.741563 0.661634 0.111012
-1.049043 0.093819 -4.516974 113 146 98 0 0.704035 0.619093 0.347934
-1.130109 0.179863 -4.659196 102 138 95 0 0.656920 0.749730 0.079758
-1.213309 0.309285 -4.921596 115 149 102 0 0.871866 0.206455 -0.444102
-0.833577 -0.063336 -4.829863 113 148 101 0 0.722288 0.667081 0.182489
-1.207620 0.319241 -4.880351 115 147 99 0 0.896642 0.438085 -0.064143
-1.108065 0.121552 -5.068084 74 113 51 0 0.355889 0.809129 -0.467603
-0.822910 -0.050536 -4.992706 99 109 71 0 0.460046 0.861649 0.214288
-1.246020 0.254530 -4.994840 57 90 33 0 0.309051 0.508746 -0.803533
-0.883354 -0.002181 -5.121417 96 133 76 0 0.382055 0.897317 0.221036
-0.834288 -0.081825 -4.734574 116 153 109 0 0.813603 0.577899 0.063896
-1.227531 0.257374 -4.521952 93 129 77 0 0.658391 0.752644 0.006930
-0.974376 0.076041 -4.959284 125 128 100 0 0.554727 0.810054 0.189975
-0.807266 -0.119514 -4.578130 94 128 77 0 0.809072 -0.332212 -0.484807
-0.692777 -0.165024 -4.910929 46 47 32 0 0.817938 0.564246 -0.112266
-0.986465 0.083153 -4.863996 144 130 106 0 0.458952 0.879301 -0.127248
-0.934554 0.039064 -4.930129 123 122 72 0 -0.671620 -0.687573 -0.275987
-0.884776 -0.014981 -4.744529 119 149 106 0 0.856228 0.513737 0.054297
-0.760332 -0.204847 -4.677685 117 154 106 0 0.940398 0.331052 -0.077817
-1.276598 0.334885 -4.764441 112 147 102 0 0.427733 0.630782 0.647425
-0.817932 -0.062625 -4.954307 89 124 68 0 0.516252 0.841684 0.158278
-1.252420 0.226797 -5.049595 80 108 45 0 -0.577091 -0.727494 0.371104
-1.124420 0.196219 -4.875373 112 148 103 0 0.704874 0.689650 -0.165942
-1.099531 0.164219 -4.712529 101 131 92 0 0.680953 0.702669 0.206302
-1.009221 0.095952 -4.778663 102 137 94 0 0.641614 0.766875 0.015310
-1.137931 0.154263 -5.029684 71 107 47 0 0.579217 0.698712 -0.419891
-1.261664 0.292930 -4.703285 115 151 114 0 0.588219 0.803173 0.094405
-0.831443 -0.081114 -4.763729 105 140 92 0 0.761183 0.636057 0.126616
-1.112331 0.101641 -5.246572 96 121 61 0 -0.317642 -0.730414 0.604648
-0.755355 -0.206269 -4.700440 117 151 103 0 0.771143 0.604908 0.198558
-0.948065 0.035508 -5.129239 101 130 79 0 0.649267 0.759601 0.038192
-1.004954 0.066797 -4.579552 110 141 95 0 0.546136 0.768457 0.333481
-0.672155 -0.197736 -4.835551 104 139 81 0 0.547265 0.790143 0.275998
-1.005665 0.063953 -5.215283 88 124 63 0 0.379719 0.907027 0.181978
-0.729044 -0.242535 -4.720352 129 161 119 0 0.631737 0.467519 0.618332
-1.258820 0.284396 -4.486397 107 142 98 0 0.719425 0.694569 0.001381
-0.882643 -0.018536 -4.770840 113 149 103 0 0.737682 0.667006 -0.104542
-0.957310 0.065375 -4.957151 127 124 96 0 0.389262 0.918979 0.062870
-1.199087 0.237463 -4.480708 92 129 85 0 0.539109 0.842102 0.015013
-0.948776 0.044753 -4.743818 104 141 96 0 0.768164 0.600565 0.221914
-1.103087 0.163508 -4.647819 99 133 87 0 0.554953 0.831745 -0.015073
-1.283709 0.319241 -4.727463 108 144 94 0 0.151583 0.790936 0.592826
-1.002821 0.067508 -5.248705 101 135 74 0 0.435141 0.868776 0.236391
-0.816510 -0.091780 -4.590219 104 140 96 0 0.832825 0.204793 -0.514258
-0.931710 0.036219 -4.788618 108 144 94 0 0.792156 0.603892 0.088339
-1.040509 0.122975 -4.757329 93 125 77 0 0.711137 0.686980 0.149475
-1.034109 0.121552 -4.924440 107 143 94 0 0.465626 0.860884 -0.205115
-0.709844 -0.185647 -4.803551 106 141 88 0 0.607425 0.741346 0.285378
-1.255264 0.274441 -4.601596 110 143 101 0 0.798878 0.570627 0.190209
-0.839266 -0.018536 -5.098661 79 116 58 0 0.016212 0.995437 0.094032
-0.830021 -0.065469 -4.579552 102 140 80 0 0.699671 0.627910 -0.340865
-0.938821 0.048308 -4.876796 96 128 80 0 0.595888 0.802426 0.032097
-1.121576 0.183419 -4.509863 93 128 86 0 0.632504 0.767517 -0.104194
-1.197664 0.230352 -4.643552 97 125 89 0 0.419871 0.905894 0.055353
-1.046198 0.087419 -4.505597 111 144 97 0 0.942440 0.332851 0.031882
-0.766021 -0.115247 -4.882484 105 141 95 0 0.637602 0.755174 0.152241
-1.013487 0.105908 -4.866129 113 148 107 0 0.707312 0.692231 0.143272
-1.022732 0.077464 -5.262217 97 132 69 0 0.150340 0.987116 0.054775
-0.985754 0.083864 -4.905240 106 138 92 0 0.687702 0.711779 0.142958
-0.913221 0.018442 -5.039639 96 133 78 0 0.546361 0.814215 -0.196325
-0.808688 -0.087514 -4.578841 97 136 83 0 0.784202 0.307000 -0.539238
-0.852066 -0.065469 -4.686930 110 147 98 0 0.856700 0.509503 0.080448
-1.005665 0.098086 -4.925151 109 145 98 0 0.691018 0.722107 -0.032502
-1.221131 0.253819 -4.488530 97 134 88 0 0.475325 0.879687 -0.014728
-0.940243 0.021286 -4.617241 102 139 88 0 0.497247 0.805445 0.322496
-1.057576 0.119419 -4.576708 111 146 102 0 0.769200 0.626370 0.126464
-0.721933 -0.123069 -4.949329 98 132 80 0 0.623218 0.688993 0.369984
-1.022732 0.114441 -4.858307 115 149 100 0 0.695361 0.717928 0.032441
-1.036243 0.123686 -4.787196 139 127 111 0 0.623857 0.780873 0.032244
-1.216153 0.202619 -5.032528 78 112 51 0 0.595633 0.697930 -0.397638
-1.376153 0.412396 -4.494219 83 85 47 0 0.883001 -0.403530 -0.239735
-0.678555 -0.179958 -4.877507 107 139 90 0 0.714028 0.673931 0.189688
-1.184153 0.185552 -5.027551 74 109 50 0 0.381183 0.827214 -0.412816
-0.889754 -0.014981 -4.708974 119 136 104 0 0.803010 0.594143 -0.046572
-0.748244 -0.116669 -4.921596 94 129 72 0 0.539026 0.806209 0.243882
-0.826466 -0.073291 -4.825596 112 134 99 0 0.809633 0.568972 0.144100
-0.762466 -0.178536 -4.733863 118 150 107 0 0.603167 0.656634 0.452793
-0.722644 -0.145825 -4.883907 102 137 89 0 0.515400 0.823101 0.238469
-0.776688 -0.128758 -4.810662 109 143 96 0 0.602730 0.785194 0.142083
-1.259531 0.286530 -4.623641 111 145 107 0 0.852716 0.522373 0.001343
-0.832154 -0.091069 -4.689063 108 141 91 0 0.745103 0.666523 0.023855
-0.891176 -0.002181 -4.825596 109 138 92 0 0.578895 0.792734 0.190928
-1.176331 0.223952 -4.620085 81 101 39 0 -0.244938 -0.960106 -0.134913
-1.059709 0.120130 -4.460797 121 150 112 0 0.831167 0.490652 -0.261578
-1.048331 0.101641 -4.545419 106 141 90 0 0.823027 0.562521 0.078724
-0.950199 0.055419 -4.977773 103 139 93 0 0.650343 0.731054 -0.206433
-0.948065 0.049019 -4.996262 97 133 82 0 0.591826 0.806037 0.006866
-0.717666 -0.186358 -4.791462 106 139 80 0 0.419066 0.768015 0.484290
-0.955176 0.053997 -4.781507 98 132 82 0 0.601926 0.769041 0.215084
-0.896154 -0.012847 -4.622930 109 139 98 0 0.420773 0.899245 -0.119618
-0.954465 0.061108 -4.939373 110 144 94 0 0.576928 0.807109 0.125419
-0.977221 0.075330 -4.887462 108 137 96 0 0.579251 0.810373 -0.088115
-1.194820 0.284396 -4.859729 117 149 104 0 0.910965 0.387195 0.142206
-0.826466 -0.098891 -4.653507 115 139 98 0 0.823973 0.563024 -0.063819
-1.187709 0.228219 -4.679107 103 136 97 0 0.722800 0.500144 0.476882
-0.816510 -0.033469 -5.053862 47 22 20 0 0.125419 0.807109 -0.576928
-1.228242 0.159952 -5.118573 79 104 60 0 0.638083 0.347600 -0.687041
-1.071087 0.125819 -4.516263 120 152 111 0 0.807688 0.587024 0.055166
-0.987176 0.005642 -4.479286 37 54 29 0 0.616967 0.535832 -0.576399
-0.817932 -0.106714 -4.579552 102 121 73 0 0.595633 -0.397638 -0.697930
-1.178464 0.256663 -4.849773 112 146 103 0 0.650343 0.731054 0.206433
-1.060420 0.147152 -4.887462 106 140 90 0 0.609934 0.791075 -0.046700
-0.921754 0.021286 -5.081595 111 128 93 0 0.459349 0.887715 -0.030982
-1.164953 0.219685 -4.460086 101 124 82 0 0.517245 0.819871 -0.245498
-1.209753 0.310707 -4.841240 122 155 112 0 0.904338 0.316151 0.286741
-1.337753 0.349107 -4.718218 43 54 35 0 0.585689 0.807995 -0.064127
-0.938110 0.048308 -4.905240 136 118 101 0 0.552657 0.829699 -0.078543
-1.118020 0.116575 -5.089417 80 117 49 0 0.420201 0.895954 -0.143865
-0.977932 0.050442 -5.093684 113 120 83 0 0.276398 0.956363 -0.094728
-0.852777 -0.032758 -5.057417 89 90 39 0 -0.596490 -0.802272 -0.023637
-0.913221 -0.005025 -4.562485 98 128 80 0 0.742846 0.648661 0.165583
-0.854910 -0.014269 -5.119995 90 126 67 0 0.292252 0.955195 0.046811
-1.177753 0.140041 -5.119995 85 117 49 0 -0.364537 -0.717632 0.593395
-0.886199 -0.002181 -5.050306 121 116 91 0 0.568018 0.822021 -0.040473
-0.756066 -0.134447 -4.844085 106 141 93 0 0.730563 0.642958 0.229963
-1.075354 0.154263 -4.933684 99 137 86 0 0.491254 0.833129 -0.254097
-0.846377 -0.027780 -5.014750 128 133 107 0 0.638842 0.638842 0.428675
-0.818643 -0.115247 -4.628619 110 138 94 0 0.996811 -0.079448 0.007415
-0.729044 -0.135869 -4.900973 94 129 65 0 0.451164 0.858275 0.244570
-0.817932 -0.142980 -4.583819 112 144 98 0 0.994384 -0.047775 -0.094439
-1.187709 0.227508 -4.706841 92 122 76 0 0.443975 0.862189 -0.243959
-0.847799 -0.051958 -4.590219 103 140 85 0 0.704526 0.656815 -0.268769
-0.997843 0.058975 -5.101506 97 123 79 0 0.475046 0.879960 0.001323
-0.743977 -0.182802 -4.759462 112 147 88 0 0.799726 0.482400 0.357392
-0.756066 -0.116669 -4.902395 101 129 83 0 0.500563 0.834271 0.231147
-1.042643 0.128663 -4.777240 146 138 126 0 0.541808 0.828213 0.143203
-0.948776 0.037642 -5.066662 95 128 70 0 0.651701 0.709064 -0.269285
-0.704155 -0.216935 -4.758040 106 141 84 0 0.362631 0.694085 0.621888
-1.115176 0.188397 -4.453686 97 116 82 0 0.491254 0.833129 -0.254097
-0.770288 -0.083247 -4.987729 92 127 79 0 0.389488 0.915229 0.103221
-0.914643 0.026975 -4.918040 105 132 87 0 0.793784 0.556740 0.244841
-1.332064 0.356218 -4.563908 121 144 120 0 0.904828 0.411285 -0.110141
-1.233931 0.244574 -4.996262 60 95 34 0 0.348452 0.294614 -0.889823
-0.758199 -0.086803 -5.009062 76 99 31 0 -0.565116 -0.802739 -0.190403
-0.897576 -0.012136 -4.551819 88 124 74 0 0.673945 0.738397 -0.023819
-1.005665 0.093108 -4.741685 105 141 93 0 0.545951 0.837491 -0.023378
-1.173487 0.213285 -4.542574 101 138 100 0 0.587425 0.809250 -0.006846
-1.100954 0.157819 -4.573863 98 132 82 0 0.603751 0.779278 0.167961
-1.280153 0.306441 -4.686930 102 133 91 0 0.649520 0.760313 0.006925
-1.049043 0.121552 -4.660618 104 138 94 0 0.475485 0.879172 0.031157
-0.711977 -0.134447 -4.940084 109 142 98 0 0.587182 0.744836 0.316917
-1.265931 0.342707 -4.781507 124 161 115 0 0.528804 0.394557 0.751459
-1.063265 0.143597 -4.804263 109 143 94 0 0.753658 0.651615 0.086007
-0.976510 0.049730 -5.109328 93 127 72 0 0.388693 0.918606 -0.071283
-0.801577 -0.101736 -4.812085 111 144 101 0 0.621069 0.705835 0.340691
-1.093843 0.159952 -4.740974 137 132 110 0 0.618690 0.783674 -0.055469
-0.985754 0.019864 -4.510574 112 146 100 0 0.286007 0.723806 0.627937
-1.132954 0.096664 -5.245861 48 52 35 0 0.252200 -0.957305 0.141285
-1.027709 0.078175 -4.543997 118 153 113 0 0.779259 0.579369 0.238931
-1.265220 0.292930 -4.642129 109 145 97 0 0.625257 0.768514 -0.135796
-0.934554 0.025553 -4.675552 102 137 89 0 0.587425 0.809250 0.006846
-1.113042 0.134352 -5.047462 76 114 48 0 0.538467 0.837137 -0.096206
-1.038376 0.084575 -5.075195 77 117 55 0 0.420958 0.855794 -0.300684
-1.204064 0.296485 -4.840529 121 151 110 0 0.884009 0.449859 0.127103
-1.324953 0.359063 -4.741685 41 49 29 0 -0.350710 -0.936483 0.001257
-0.751799 -0.194180 -4.725329 121 156 105 0 0.886716 0.413213 0.207342
-1.225398 0.196930 -5.057417 90 129 69 0 0.501450 0.808331 -0.308463
-1.027709 0.118708 -4.886040 109 140 98 0 0.689607 0.721280 -0.064786
-1.187709 0.239596 -4.961418 69 99 52 0 0.531886 0.562279 -0.633198
-1.088865 0.150708 -4.615108 101 136 90 0 0.553248 0.830580 0.063673
-1.295797 0.317818 -4.658485 95 128 79 0 0.588258 0.777618 0.221955
-1.019887 0.068219 -5.191106 86 123 60 0 0.316786 0.936644 0.149479
-1.021309 0.094530 -5.014040 90 126 68 0 0.547782 0.761078 -0.347413
-1.137931 0.189819 -4.531908 101 135 98 0 0.460756 0.832484 -0.307691
-0.876954 -0.000047 -4.964973 98 129 83 0 0.648009 0.759587 0.055789
-1.115176 0.186263 -4.919462 106 144 97 0 0.600361 0.799081 -0.032187
-0.854199 -0.022092 -4.958573 106 104 73 0 0.781872 0.622989 0.023693
-1.022020 0.113019 -4.925151 106 143 93 0 0.751763 0.658324 -0.038225
-1.169220 0.236752 -4.787907 109 144 98 0 0.710585 0.702041 0.046993
-1.018465 0.095241 -4.656352 110 144 104 0 0.730283 0.682071 -0.038287
-0.783799 -0.063336 -5.020440 92 126 75 0 0.451484 0.688055 0.568104
-1.197664 0.149997 -5.104351 76 113 45 0 0.442961 0.656920 -0.610116
-1.250286 0.275863 -4.479286 109 144 98 0 0.720524 0.681738 0.126800
-1.022020 0.066086 -5.141328 91 122 66 0 0.366166 0.921634 -0.128504
-1.220420 0.365463 -4.893862 41 43 39 0 0.991178 0.072190 -0.111149
-1.374730 0.413818 -4.519108 51 62 27 0 -0.569317 -0.744492 -0.348727
-1.055443 0.137197 -4.797152 100 130 80 0 0.492223 0.793649 0.357543
-1.164953 0.228219 -4.939373 96 134 81 0 0.553309 0.776547 -0.301370
-0.840688 -0.076136 -4.636441 116 150 101 0 0.834066 0.546064 0.078416
-0.758199 -0.110269 -4.928707 98 135 88 0 0.629676 0.719401 0.293208
-0.979354 0.049730 -5.136350 93 131 75 0 0.158447 0.986537 -0.040479
-0.811532 -0.076136 -4.575285 95 133 77 0 0.541481 0.491188 -0.682299
-1.160687 0.229641 -4.802840 111 148 103 0 0.752644 0.658391 0.006930
-0.700599 -0.182802 -4.824884 103 139 92 0 0.481599 0.823581 0.299627
-0.662199 -0.206980 -4.842662 76 85 55 0 0.792878 0.609379 0.001369
-1.130820 0.202619 -4.915906 108 142 97 0 0.642023 0.759556 0.104310
-1.023443 0.113730 -4.956440 98 134 83 0 0.445417 0.889428 -0.102572
-0.866999 -0.042003 -4.671285 101 134 78 0 0.881525 0.467664 0.064838
-0.824332 -0.155780 -4.570308 79 107 22 0 0.865374 -0.031344 -0.500145
-1.152153 0.142175 -5.070217 78 115 49 0 0.354515 0.790841 -0.498888
-1.053309 0.100219 -4.459374 116 126 101 0 0.964280 0.157886 -0.212690
-1.211175 0.249552 -4.689063 104 139 97 0 0.618487 0.784732 0.040857
-0.848510 -0.046269 -4.851196 111 147 106 0 0.721048 0.689258 -0.070804
-1.177042 0.200485 -4.997684 69 107 47 0 0.406108 0.731652 -0.547506
-1.056865 0.081019 -5.130661 80 118 57 0 0.388636 0.904904 -0.173524
-0.936687 0.044753 -4.974217 101 134 88 0 0.726264 0.687381 -0.006943
-1.157842 0.098797 -5.206750 84 113 52 0 -0.182044 -0.977094 0.110217
-0.857754 -0.037025 -4.565330 96 131 85 0 0.657173 0.751669 -0.055838
-1.153576 0.219685 -4.789329 110 145 102 0 0.737844 0.659702 0.142760
-1.301486 0.323507 -4.482130 78 89 72 0 0.743021 0.492601 -0.453061
-1.230375 0.225374 -5.010484 68 106 42 0 0.333969 0.650017 -0.682600
-0.920332 0.012042 -4.676974 99 135 82 0 0.715147 0.698221 0.032443
-1.188420 0.194797 -5.017595 73 106 46 0 0.470533 0.762362 -0.444301
-1.182731 0.245996 -4.776529 111 144 101 0 0.521768 0.847694 0.095777
-0.837843 -0.075425 -4.610841 104 141 94 0 0.799478 0.594187 -0.088188
-1.313575 0.334174 -4.718929 106 140 94 0 0.554231 0.832034 0.023379
-0.895443 0.004219 -4.863285 121 146 112 0 0.656618 0.751447 -0.064656
-1.157131 0.202619 -4.547552 95 131 91 0 0.595092 0.785885 -0.168079
-0.928154 0.035508 -5.006928 104 140 93 0 0.608899 0.781594 -0.135476
-0.796599 -0.096047 -4.859018 101 137 90 0 0.521688 0.806815 0.277294
-0.992865 0.056841 -5.152706 88 126 69 0 0.308613 0.949081 0.063272
-1.214020 0.344129 -4.886040 114 138 95 0 0.978582 0.198605 -0.054165
-1.118731 0.169908 -4.618663 95 130 84 0 0.457500 0.869101 0.188034
-0.842110 -0.054803 -5.065239 104 116 58 0 -0.854755 -0.507107 0.110615
-0.930287 0.007064 -4.519819 86 120 70 0 -0.024464 0.364387 -0.930926
-0.956599 0.042619 -4.649240 109 145 102 0 0.709863 0.704306 -0.006946
-0.889043 0.009197 -4.973506 192 116 130 0 0.714832 0.697710 0.047085
-0.847088 -0.036314 -4.940795 108 124 87 0 0.910588 0.397776 -0.112264
-0.866288 -0.042714 -4.648530 101 133 84 0 0.809200 0.573368 0.128234
-1.246731 0.303596 -4.976351 84 92 73 0 0.769804 0.493130 -0.405246
-0.672155 -0.192758 -4.860440 107 139 92 0 0.691776 0.659675 0.293724
-0.724066 -0.167869 -4.824173 101 136 84 0 0.523104 0.777413 0.349273
-1.093131 0.162086 -4.766574 105 140 95 0 0.678605 0.734343 0.015328
-0.787355 -0.114536 -4.822751 109 143 100 0 0.696449 0.696449 0.172964
-1.194820 0.266619 -4.799284 101 133 87 0 0.859601 0.447235 0.247116
-0.766732 -0.200580 -4.659196 118 154 104 0 0.872073 0.484175 0.071161
-1.226109 0.357641 -4.817062 121 156 109 0 0.744653 0.070850 0.663681
-0.672155 -0.219780 -4.777240 113 145 95 0 0.420081 0.672462 0.609366
-1.221842 0.280130 -4.962129 78 112 56 0 0.523617 0.560658 -0.641473
-0.788066 -0.085380 -4.945062 107 121 81 0 0.600477 0.798281 0.046625
-0.940243 -0.010714 -4.493508 86 118 73 0 0.142829 0.906472 0.397377
-0.955887 0.032664 -4.607285 106 139 93 0 0.623433 0.734478 0.268092
-0.768866 -0.105291 -4.918751 107 132 93 0 0.610739 0.774410 0.165187
-0.818643 -0.115247 -4.595908 100 134 85 0 0.896605 -0.181059 -0.404124
-0.987887 0.085286 -4.954307 109 141 99 0 0.442723 0.892385 0.087434
-0.697755 -0.172136 -4.861862 109 146 100 0 0.715102 0.586877 0.379744
-0.990021 0.078886 -4.991995 90 125 70 0 0.600886 0.753089 -0.267941
-1.114465 0.169197 -4.556086 99 133 83 0 0.332426 0.931068 -0.150350
-1.228953 0.257374 -4.644263 107 142 98 0 0.639507 0.768784 0.001375
-1.306464 0.325641 -4.625774 104 142 110 0 0.514619 0.767870 -0.381500
-1.059709 0.078175 -5.151284 83 123 60 0 0.253699 0.944858 -0.207073
-1.106642 0.089552 -5.170484 77 114 46 0 0.126389 0.980432 -0.150930
-0.844954 -0.074714 -4.689774 114 150 99 0 0.797798 0.586046 0.141665
-0.773844 -0.057647 -5.031106 108 141 102 0 0.419526 0.591980 0.688156
-1.192687 0.255241 -4.949329 93 125 76 0 0.728530 0.664650 -0.165782
-0.962287 0.057553 -5.002662 97 133 80 0 0.647070 0.733967 -0.206380
-0.822910 -0.102447 -4.616530 112 137 94 0 0.916883 0.331455 0.222405
-1.175620 0.089552 -5.228083 52 53 44 0 0.540383 -0.826205 0.159286
-1.124420 0.176308 -4.637152 103 141 100 0 0.490590 0.870489 0.039630
-1.152865 0.162086 -5.033951 69 107 53 0 0.292820 0.887468 -0.355888
-0.844954 -0.037736 -4.915195 118 119 92 0 0.767863 0.640577 0.006918
-0.943087 0.044753 -5.225239 88 112 55 0 0.433929 0.900830 0.014508
-1.076776 0.127952 -5.017595 83 121 60 0 0.485012 0.851398 -0.199711
-1.211887 0.250974 -4.515552 91 124 72 0 0.960793 -0.175289 0.214828
-1.287975 0.307863 -4.616530 110 146 99 0 0.452866 0.794530 0.404517
-0.842821 -0.066180 -4.817062 79 108 24 0 0.467540 -0.625063 -0.625063
-0.977932 0.006353 -4.505597 104 141 96 0 0.554142 0.728442 0.402863
-0.949487 0.038353 -5.143461 98 126 69 0 0.310144 0.935945 0.166788
-0.816510 -0.125914 -4.603019 107 143 101 0 0.937430 0.342195 0.064243
-0.867710 -0.034180 -4.790751 106 141 89 0 0.855542 0.513885 0.063010
-1.152153 0.189819 -4.987018 72 110 48 0 0.610241 0.586575 -0.532481
-1.071798 0.099508 -5.078751 76 116 54 0 0.315551 0.847170 -0.427471
-1.034109 0.115152 -4.716796 95 129 78 0 0.505976 0.860852 0.054063
-0.849932 -0.022803 -4.510574 55 57 50 0 0.038192 0.759601 -0.649267
-0.867710 -0.007158 -4.987729 135 126 112 0 0.642247 0.761667 0.085924
-0.825754 -0.054092 -5.055284 41 15 15 0 0.884630 0.173428 0.432842
-0.756777 -0.104580 -4.944351 93 127 77 0 0.460756 0.832484 0.307691
-1.218998 0.358352 -4.836262 121 150 103 0 0.960465 0.023426 0.277413
-0.939532 0.037642 -4.739552 104 140 95 0 0.640541 0.767241 -0.032379
-1.214020 0.238885 -4.986306 64 100 47 0 0.515331 0.538831 -0.666405
-1.053309 0.134352 -4.959284 99 135 82 0 0.388209 0.901972 -0.189053
-1.061843 0.146441 -4.916618 102 136 91 0 0.591008 0.806665 0.001365
-1.055443 0.128663 -4.698307 106 126 94 0 0.505696 0.853452 -0.126062
-1.243886 0.209730 -5.089417 59 73 38 0 0.173780 -0.932849 0.315584
-1.075354 0.147152 -4.722485 98 132 89 0 0.570049 0.821582 0.006835
-0.732599 -0.177113 -4.789329 106 138 87 0 0.574964 0.757543 0.309103
-0.990732 0.061108 -4.598041 115 138 105 0 0.530553 0.822433 0.205228
-1.007798 0.086708 -4.676974 103 138 94 0 0.691332 0.714917 0.104658
-0.853488 -0.036314 -4.866840 106 139 95 0 0.735004 0.662857 0.142792
-0.728333 -0.115958 -4.956440 99 134 86 0 0.508544 0.771752 0.381814
-0.822199 -0.166447 -4.586663 80 94 33 0 0.872502 0.356030 0.334638
-1.149309 0.107330 -5.141328 63 100 35 0 0.347646 0.878982 -0.326392
-0.949487 0.044753 -5.206750 97 132 66 0 0.387450 0.917646 0.088366
-0.967976 0.046175 -5.137062 89 126 64 0 0.302060 0.934020 0.190701
-1.263086 0.329196 -4.767285 113 147 104 0 0.545634 0.442809 0.711480
-1.002821 0.091686 -4.985595 94 128 73 0 0.649606 0.697963 -0.301430
-1.182731 0.226085 -4.506308 94 132 90 0 0.651174 0.641232 -0.405948
-1.220420 0.254530 -4.504175 93 129 84 0 0.421332 0.904023 -0.072267
-0.781666 -0.172136 -4.684085 116 151 103 0 0.881749 0.451627 0.136205
-0.888332 -0.017114 -4.546130 87 128 83 0 0.481338 0.870385 -0.103651
-0.991443 0.073908 -5.017595 94 132 79 0 0.466127 0.862261 -0.198067
-0.805843 -0.167158 -4.578841 56 63 53 0 0.387014 0.832475 -0.396492
-1.058287 0.149997 -4.836974 126 131 102 0 0.532982 0.841625 0.087163
-1.214020 0.148575 -5.132795 80 108 46 0 -0.324510 -0.579597 0.747503
-1.048331 0.136486 -4.866129 109 142 98 0 0.768270 0.635161 0.079576
-1.131531 0.185552 -4.977773 92 117 71 0 0.323455 0.852746 -0.410123
-1.044776 0.061819 -4.447997 76 70 63 0 0.604240 -0.070327 0.793693
-1.154287 0.155686 -5.048884 78 115 56 0 0.609214 0.719684 -0.333037
-0.779532 -0.094625 -4.927995 104 121 82 0 0.574126 0.794590 0.197499
-1.189842 0.232485 -4.451552 112 117 95 0 0.552663 0.711989 -0.433168
-0.821488 -0.083958 -4.803551 112 134 96 0 0.792878 0.609379 0.001369
-0.747532 -0.134447 -4.868973 103 130 89 0 0.657701 0.680436 0.323167
-1.228953 0.253819 -4.552530 93 129 86 0 0.510353 0.851552 -0.119998
-1.001398 0.039064 -4.519108 118 151 112 0 0.374364 0.769795 0.516978
-1.061131 0.078886 -5.176172 83 115 55 0 0.284258 0.957962 -0.038819
-0.982198 0.053997 -5.162662 93 130 70 0 0.284261 0.958613 -0.015997
-1.054020 0.113019 -5.018306 81 117 63 0 0.317350 0.885873 -0.338406
-1.223975 0.231063 -4.996973 67 103 38 0 0.006866 0.591826 -0.806037
-0.806554 -0.070447 -4.955018 87 119 68 0 0.573236 0.810740 0.118752
-1.230375 0.280841 -4.738129 105 140 92 0 0.650203 0.663372 0.370369
-0.820777 -0.073291 -4.854751 103 130 81 0 0.706653 0.691521 0.149804
-1.156420 0.103064 -5.182572 101 132 65 0 -0.174892 -0.947671 0.267083
-0.718377 -0.157202 -4.859729 101 136 81 0 0.674959 0.720462 0.159260
-0.677844 -0.207691 -4.799996 104 135 76 0 0.663896 0.725226 0.182456
-0.785932 -0.156491 -4.715374 111 145 92 0 0.690646 0.641895 0.333135
-1.273753 0.322085 -4.745240 113 151 105 0 0.385953 0.854056 0.348753
-0.980776 0.063953 -5.028262 93 129 74 0 0.609408 0.759032 -0.229112
-0.984332 0.039064 -4.548263 116 150 109 0 0.738949 0.590189 0.325008
-1.185576 0.181286 -5.040350 74 111 50 0 0.594763 0.631830 -0.497040
-1.214731 0.262352 -4.730307 117 155 107 0 0.920253 0.316292 0.230421
-1.341308 0.365463 -4.543997 119 139 113 0 0.848384 0.396950 0.350250
-0.819354 -0.112402 -4.644974 113 147 108 0 0.927503 0.365380 -0.078965
-1.012776 0.073197 -5.257239 101 134 72 0 0.204554 0.978855 0.001156
-1.002109 0.086708 -4.692618 105 140 93 0 0.554658 0.792146 0.254674
-0.857754 -0.043425 -4.807818 107 141 93 0 0.787934 0.595093 0.158189
-1.036243 0.073908 -5.202484 88 127 64 0 0.238684 0.968481 0.071230
-0.899710 0.015597 -4.937951 110 133 93 0 0.730168 0.666675 0.149662
-1.061131 0.115152 -4.513419 112 146 95 0 0.547723 0.752509 0.365690
-1.251709 0.291507 -4.723907 111 147 103 0 0.626285 0.722390 0.293121
-1.228953 0.275152 -4.724618 114 150 104 0 0.682071 0.691522 0.237858
-1.185576 0.231063 -4.969240 70 101 48 0 0.666070 0.616239 -0.420239
-0.758910 -0.142980 -4.813507 106 140 89 0 0.649729 0.722095 0.237552
-1.218998 0.273730 -4.745240 107 143 93 0 0.610777 0.759974 0.222242
-1.132242 0.199774 -4.790040 112 148 103 0 0.434034 0.900850 -0.009179
-0.885488 -0.002181 -4.836974 99 133 77 0 0.678893 0.694645 0.237849
-0.939532 0.049019 -4.890306 93 124 78 0 0.674190 0.738398 0.015354
-0.808688 -0.135869 -4.679819 117 146 103 0 0.814728 0.562444 0.140982
-0.823621 -0.046980 -4.531197 83 90 74 0 0.300755 0.725351 -0.619202
-0.934554 0.034797 -4.751640 103 138 88 0 0.609899 0.789869 0.064275
-0.984332 0.078175 -4.793596 111 131 100 0 0.623436 0.781725 0.015273
-1.088154 0.169197 -4.883195 103 135 90 0 0.692670 0.718591 0.061923
-1.201220 0.282974 -4.825596 118 149 114 0 0.753279 0.626962 0.198718
-1.016332 0.105197 -4.801418 98 130 87 0 0.648152 0.751975 0.120138
-1.063976 0.139330 -4.716796 101 132 89 0 0.552261 0.830521 -0.072404
-1.077487 0.149997 -4.958573 94 130 71 0 0.715375 0.698706 0.006945
-0.975798 0.044042 -4.582397 109 142 94 0 0.571935 0.799496 0.183565
-1.137220 0.114441 -5.111462 75 111 52 0 0.196325 0.814215 -0.546361
-0.948065 0.053997 -4.841240 98 134 82 0 0.576928 0.807109 0.125419
-0.877665 -0.016403 -4.516974 89 122 72 0 0.286382 0.886135 -0.364350
-1.019887 0.073908 -5.075195 82 120 60 0 0.539329 0.808221 -0.236439
-1.277309 0.300752 -4.632885 103 137 88 0 0.612658 0.777431 0.142304
-1.124420 0.099508 -5.141328 74 114 48 0 0.111823 0.936352 -0.332776
-1.224687 0.248841 -4.563197 99 133 90 0 0.584613 0.713064 -0.386998
-1.111620 0.092397 -5.204617 80 119 53 0 0.014931 0.984325 -0.175731
-1.028420 0.076041 -5.242306 95 132 67 0 0.355689 0.928063 0.110386
-0.981487 0.078886 -4.925151 102 135 81 0 0.554195 0.815522 0.166709
-1.071087 0.138619 -4.461508 119 149 109 0 0.785639 0.474623 -0.396869
-0.962287 0.032664 -4.569596 99 135 86 0 0.840590 0.459770 0.286389
-0.954465 0.050442 -5.228083 96 132 61 0 0.023106 0.993538 0.111127
-0.850643 -0.028492 -4.969951 116 134 102 0 0.887054 0.459197 -0.047691
-0.778110 -0.103158 -4.888885 104 139 92 0 0.617492 0.729764 0.293509
-0.948776 0.057553 -4.958573 125 127 100 0 0.634102 0.760023 -0.142411
-1.211887 0.332752 -4.897418 114 146 108 0 0.966893 0.254700 0.015692
-1.189131 0.162797 -5.078751 79 115 57 0 0.462354 0.682681 -0.565841
-0.896865 0.001375 -4.779374 119 124 91 0 0.825520 0.562918 0.040508
-1.136509 0.098086 -5.172617 67 104 39 0 0.699762 0.690535 0.183015
-0.807977 -0.034892 -5.046040 69 77 30 0 -0.497977 -0.736211 -0.458271
-0.897576 0.009197 -4.915906 105 137 99 0 0.642327 0.746076 0.175458
-1.177042 0.237463 -4.734574 93 127 73 0 0.537325 0.821880 0.189199
-1.330642 0.355507 -4.602307 64 72 61 0 0.987554 0.119167 0.102649
-1.381842 0.394618 -4.476441 133 136 113 0 -0.276796 0.960928 0.001209
-1.044065 0.060397 -4.470752 111 138 103 0 0.885075 0.443255 0.142014
-0.751799 -0.203424 -4.711107 115 147 96 0 0.774768 0.458337 0.435501
-0.857754 -0.027069 -4.522663 93 129 79 0 0.310014 0.906535 -0.286506
-0.923176 0.018442 -4.694752 106 142 95 0 0.579482 0.768959 0.270004
-1.263798 0.285819 -4.660618 104 134 88 0 0.993804 -0.111142 0.001079
-1.218287 0.344841 -4.913062 124 139 114 0 0.918283 0.228493 -0.323339
-1.199087 0.296485 -4.875373 120 154 107 0 0.856724 0.500118 0.126117
-0.827177 -0.022803 -5.072350 70 94 46 0 0.552693 0.745076 0.373353
-0.802288 -0.111691 -4.789329 110 142 99 0 0.783605 0.586549 0.204753
-0.941665 0.017019 -4.577419 102 138 86 0 0.506639 0.814073 0.283906
-0.938821 0.049019 -4.937240 112 141 95 0 0.587024 0.807688 0.055166
-1.250998 0.277285 -4.491374 103 138 92 0 0.730365 0.682884 -0.015361
-0.861310 -0.028492 -4.848351 104 139 89 0 0.699607 0.684094 0.206314
-0.889754 0.000664 -5.023995 89 126 79 0 0.682310 0.730340 0.032491
-0.878377 -0.007869 -4.904529 110 145 96 0 0.703908 0.709550 0.032445
-1.212598 0.272307 -4.755196 96 129 77 0 0.729501 0.641647 0.236892
-0.899710 -0.005025 -4.691196 102 134 85 0 0.640455 0.765978 -0.055630
-0.829310 -0.072580 -4.589508 104 142 90 0 0.869560 0.371359 -0.325512
-1.168509 0.093819 -5.237328 48 56 42 0 0.324263 -0.937514 0.126178
-1.145042 0.197641 -4.673419 101 126 84 0 0.673095 0.640181 0.370285
-1.158553 0.229641 -4.814218 115 151 108 0 0.759556 0.642023 0.104310
-0.964421 0.046175 -5.175461 93 125 72 0 0.350140 0.936656 0.008848
-1.167798 0.240308 -4.807107 94 129 75 0 0.690440 -0.594407 0.412277
-1.216864 0.130797 -5.152706 78 110 48 0 -0.110572 -0.641320 0.759264
-1.218998 0.332752 -4.824173 122 156 106 0 0.916883 0.222405 0.331455
-1.102376 0.106619 -5.093684 69 107 47 0 0.292820 0.887468 -0.355888
-0.823621 -0.029914 -5.062395 108 74 56 0 0.667748 0.733477 0.126977
-0.930287 0.030530 -5.171906 98 135 74 0 0.546426 0.815855 0.189206
-1.029843 0.115152 -4.777240 95 129 82 0 0.759287 0.624846 0.181801
-1.305042 0.353374 -4.782218 46 49 42 0 0.014596 0.893001 -0.449818
-1.044776 0.081019 -4.453686 38 45 35 0 0.783358 0.262166 -0.563578
-0.915354 0.002086 -4.611552 108 145 93 0 0.569430 0.821901 0.015093
-0.818643 -0.097469 -4.760885 111 127 92 0 0.856724 0.500118 0.126117
-1.147887 0.115152 -5.116439 72 105 45 0 0.410703 0.871417 -0.268245
-0.785221 -0.096758 -4.895996 102 138 93 0 0.435297 0.877972 0.199204
-0.775266 -0.197736 -4.613685 45 51 36 0 0.357330 0.929058 0.095738
-0.797310 -0.160758 -4.660618 117 147 103 0 0.844663 0.503808 0.180892
-0.993576 0.090264 -4.930840 92 128 67 0 0.635166 0.696896 0.333016
-1.200509 0.278707 -4.928707 104 137 89 0 0.814728 0.562444 -0.140982
-1.162109 0.211152 -4.707551 106 134 95 0 0.773158 0.596525 0.215369
-0.889754 -0.005736 -4.787907 112 139 94 0 0.800939 0.594615 0.070208
-1.228953 0.263774 -4.673419 104 140 90 0 0.754231 0.556347 0.348731
-1.100954 0.152841 -4.999817 77 114 56 0 0.404891 0.695752 -0.593290
-1.088154 0.152841 -4.986306 97 115 69 0 0.507831 0.729490 -0.458206
-1.090998 0.153552 -4.669152 95 131 83 0 0.394905 0.917923 -0.038302
-0.992154 0.084575 -4.740974 99 132 80 0 0.749927 0.640404 0.165805
-1.179887 0.220397 -4.647108 128 139 124 0 0.466539 0.831657 -0.301144
-1.013487 0.104486 -4.853329 109 143 93 0 0.635161 0.768270 0.079576
-0.926021 0.021997 -4.721774 106 141 92 0 0.683012 0.724140 0.095475
-1.026287 0.070353 -5.118573 84 122 63 0 0.381120 0.922921 -0.054446
-1.113042 0.182708 -4.783640 112 149 113 0 0.743007 0.664489 -0.079971
-1.083887 0.088841 -5.222394 91 129 61 0 0.103644 0.992023 0.071754
-1.007798 0.066086 -5.078751 88 126 67 0 0.521280 0.840251 -0.149148
-0.983621 0.001375 -4.494930 100 134 90 0 0.330290 0.688240 0.645937
-0.879799 -0.025647 -4.586663 95 134 85 0 0.702951 0.711237 0.001381
-1.132242 0.210441 -4.841240 118 131 99 0 0.603167 0.656634 0.452793
-1.255975 0.251685 -4.999817 65 93 44 0 0.309082 0.475390 -0.823695
-1.329931 0.351952 -4.547552 109 145 103 0 0.609934 0.791075 -0.046700
-0.998554 0.081730 -4.647108 113 148 105 0 0.600359 0.797152 0.064171
-0.895443 -0.010003 -4.644974 101 131 88 0 0.689607 0.721280 0.064786
-0.866288 -0.020669 -5.064528 60 88 21 0 -0.682310 -0.730340 0.032491
-0.670022 -0.204135 -4.821329 105 139 89 0 0.615769 0.728312 0.300650
-1.022020 0.097375 -4.645685 112 147 106 0 0.560782 0.788844 0.251493
-0.908954 0.014886 -4.810662 105 137 97 0 0.545455 0.838005 -0.015038
-0.793043 -0.128758 -4.765151 112 148 102 0 0.681224 0.727704 0.079888
-0.865577 -0.027780 -4.837685 102 137 86 0 0.761679 0.602149 0.239295
-0.898999 -0.012136 -4.577419 93 129 78 0 0.514705 0.855991 0.048557
-0.869843 -0.036314 -4.732440 105 137 91 0 0.816001 0.571345 0.087788
-1.173487 0.183419 -5.023995 74 111 51 0 0.461436 0.785251 -0.412864
-1.024865 0.101641 -4.667018 106 139 98 0 0.745520 0.660901 0.086078
-1.333486 0.361907 -4.580974 51 56 51 0 0.978582 0.198605 0.054165
-0.740421 -0.234002 -4.682663 117 147 103 0 0.928213 0.372047 0.001270
-0.933132 -0.002181 -4.513419 75 113 65 0 -0.244717 0.904133 0.350223
-0.891176 0.011331 -5.188261 82 103 78 0 0.967675 0.174414 -0.182166
-1.093131 0.176308 -4.849062 117 131 101 0 0.465777 0.875661 -0.127551
-1.011354 0.055419 -4.531197 113 145 105 0 0.640012 0.688868 0.340362
-0.908243 0.007775 -4.735285 101 137 94 0 0.807109 0.576928 -0.125419
-0.897576 0.007775 -4.889596 113 140 100 0 0.554373 0.832241 0.006810
-0.910376 0.024130 -4.962840 123 124 89 0 0.499809 0.841068 -0.206870
-1.135087 0.208308 -4.863996 108 142 97 0 0.554373 0.832241 -0.006810
-1.253842 0.285819 -4.699018 112 144 104 0 0.595257 0.753992 0.277787
-1.308597 0.324930 -4.512708 93 124 79 0 0.941856 0.191121 0.276369
-1.072509 0.132930 -4.556797 105 138 93 0 0.865796 0.492925 0.086156
-0.910376 0.004931 -4.700440 105 139 93 0 0.651701 0.709064 0.269285
-1.323531 0.340574 -4.716796 116 144 108 0 0.684094 0.699607 0.206314
-1.305753 0.327774 -4.533330 106 137 97 0 0.771254 0.636526 0.001375
-0.841399 -0.024225 -5.028262 168 96 106 0 0.700373 0.550650 0.454161
-1.301486 0.322085 -4.637152 102 140 94 0 0.363227 0.893983 -0.262413
-1.041220 0.115864 -4.653507 104 140 91 0 0.677534 0.735490 0.001380
-1.019176 0.103775 -4.758751 98 133 84 0 0.632147 0.774485 0.023723
-0.864865 -0.025647 -4.863285 114 152 110 0 0.751669 0.657173 0.055838
-1.004954 0.072486 -5.055284 85 123 64 0 0.417795 0.894455 -0.159365
-0.881221 -0.032758 -4.763729 84 106 31 0 -0.009179 -0.434034 -0.900850
-1.019887 0.071064 -4.549685 112 146 103 0 0.687381 0.726264 0.006943
-1.228953 0.270174 -4.699018 101 133 91 0 0.840645 0.506793 0.190987
-0.800155 -0.125202 -4.743107 109 143 89 0 0.789865 0.585930 0.181106
-1.051176 0.076041 -5.143461 80 118 53 0 0.293055 0.952105 -0.087265
-0.884776 0.005642 -4.984173 176 108 112 0 0.755412 0.651417 0.070775
-0.708421 -0.157202 -4.896707 85 116 28 0 -0.681844 -0.712351 -0.166266
-0.778110 -0.189913 -4.643552 120 153 104 0 0.746646 0.617751 0.246786
-1.120865 0.173463 -4.660618 101 137 95 0 0.393973 0.917490 0.054756
-1.259531 0.314974 -4.754485 115 150 109 0 0.769965 0.523576 0.364720
-1.360508 0.379685 -4.519108 40 45 38 0 0.563229 0.807848 0.173650
-0.836421 -0.036314 -5.012618 90 98 63 0 0.608974 0.766228 0.205047
-1.209042 0.167063 -5.089417 89 122 56 0 0.731255 0.612326 -0.300538
-1.233220 0.207597 -5.037506 79 118 58 0 0.277593 0.895125 -0.348846
-1.162820 0.164219 -5.038929 72 111 49 0 0.529509 0.777365 -0.339594
-1.207620 0.152130 -5.110039 72 108 47 0 0.412277 0.594407 -0.690440
-0.876954 -0.020669 -4.799284 106 142 90 0 0.720508 0.671556 0.172861
-0.716955 -0.141558 -4.908084 101 135 82 0 0.556347 0.754231 0.348731
-1.120865 0.101641 -5.124261 79 115 54 0 0.244477 0.958087 -0.149329
-0.913932 0.022708 -4.829151 112 147 101 0 0.656144 0.751320 0.070662
-0.981487 0.076753 -4.980618 94 126 79 0 0.663681 0.744653 -0.070850
-1.189842 0.261641 -4.819196 107 137 89 0 0.721462 0.679464 0.133493
-1.233220 0.203330 -5.052439 89 127 65 0 0.278848 0.867021 -0.412939
-0.875532 -0.017825 -4.817062 91 119 68 0 0.855127 0.426793 0.294287
-1.166376 0.228930 -4.507019 90 115 55 0 -0.538787 -0.823939 0.175594
-0.950910 0.007064 -4.531197 105 141 96 0 0.308834 0.799801 0.514723
-1.162109 0.186974 -5.005506 71 105 50 0 0.491285 0.825046 -0.279174
-0.916065 -0.012136 -4.524796 86 127 61 0 0.690281 0.553228 0.466316
-1.177753 0.214708 -4.627196 103 136 93 0 0.609135 0.792016 0.040797
-0.777399 -0.074003 -5.016173 81 102 36 0 0.373054 -0.885442 0.277169
-0.806554 -0.115247 -4.760174 111 144 94 0 0.663978 0.742779 0.086098
-1.241753 0.290796 -4.743818 115 152 108 0 0.600281 0.689578 0.405148
-0.738999 -0.204847 -4.740263 123 157 104 0 0.793251 0.515533 0.324004
-1.182020 0.104486 -5.181150 98 130 71 0 -0.174065 -0.918439 0.355205
-1.204775 0.140041 -5.119995 64 101 39 0 0.399382 0.667846 -0.628073
-0.977221 0.053997 -4.622219 109 140 96 0 0.592612 0.805345 -0.015195
-0.970821 0.068219 -4.808529 96 124 82 0 0.593742 0.800761 -0.079070
-1.246731 0.337729 -4.787196 134 171 127 0 0.506938 0.322597 0.799341
-1.283709 0.307863 -4.651374 105 142 100 0 0.521888 0.845719 0.111317
-1.142198 0.093819 -5.186839 67 103 34 0 0.182730 0.941130 0.284400
-1.145042 0.120841 -5.105772 75 111 46 0 0.292206 0.800802 -0.522812
-0.971532 0.072486 -4.970662 108 126 87 0 0.465777 0.884025 -0.039381
-1.000687 0.072486 -4.618663 109 143 98 0 0.753067 0.656264 0.046978
-1.036243 0.076041 -5.095817 85 104 64 0 0.355719 0.911620 -0.205943
-1.224687 0.142175 -5.132083 65 100 41 0 0.046769 0.783734 -0.619334
-0.887621 -0.005025 -4.814929 113 147 106 0 0.704844 0.704844 0.079931
-0.726910 -0.227602 -4.748085 101 123 44 0 -0.255508 -0.238753 0.936863
-0.778821 -0.152936 -4.743818 110 142 98 0 0.760475 0.634974 0.135959
-1.290820 0.336307 -4.738841 113 148 106 0 0.997999 0.001036 -0.063217
-0.790199 -0.078980 -4.971373 96 130 86 0 0.547265 0.790143 0.275998
-0.959443 0.019864 -4.544708 106 142 97 0 0.529365 0.807321 0.260779
-0.965843 0.068930 -4.925862 109 144 92 0 0.609934 0.791075 -0.046700
-0.872688 -0.015692 -5.080884 60 89 17 0 -0.579627 -0.482183 0.656911
-1.096687 0.091686 -5.143461 78 113 51 0 0.410250 0.905331 -0.109864
-0.860599 -0.021381 -5.011906 145 120 102 0 -0.498835 -0.829333 0.251734
-1.090287 0.085997 -5.177595 81 119 52 0 0.293055 0.952105 0.087265
-0.856332 -0.026358 -5.045328 85 82 44 0 -0.784202 -0.539238 0.307000
-1.177753 0.217552 -4.976351 70 105 53 0 0.584375 0.641633 -0.496803
-0.994287 0.062530 -5.258661 87 105 61 0 0.389995 0.722396 -0.571006
-1.254553 0.206885 -5.080884 63 75 54 0 0.410889 0.910870 0.038562
-0.817932 -0.051247 -5.002662 98 124 85 0 0.569284 0.798218 0.196884
-0.713399 -0.167158 -4.844796 94 128 70 0 0.513885 0.809329 0.284444
-0.998554 0.058264 -5.167639 85 122 66 0 0.246081 0.968407 0.040401
-1.167798 0.146441 -5.103639 87 119 45 0 -0.577616 -0.745885 0.331684
-1.167798 0.098086 -5.211728 98 127 66 0 -0.079101 -0.991632 0.102029
-1.239620 0.299330 -4.759462 113 147 95 0 0.664261 0.714276 0.220378
-1.269486 0.293641 -4.556797 103 139 92 0 0.852426 0.522804 -0.006755
-1.096687 0.162797 -4.487819 103 133 94 0 0.777502 0.604048 -0.174976
-1.030554 0.115152 -4.752351 86 120 66 0 0.759287 0.624846 0.181801
-1.142909 0.190530 -4.656352 98 128 91 0 0.569949 0.804546 0.166924
-1.100954 0.179863 -4.871818 106 139 98 0 0.640577 0.767863 0.006918
-0.736155 -0.152225 -4.843373 107 140 96 0 0.602149 0.761679 0.239295
-1.285131 0.351241 -4.772974 110 145 95 0 0.117393 0.667208 0.735563
-0.719799 -0.178536 -4.808529 106 142 92 0 0.436590 0.850038 0.294659
-0.791621 -0.175691 -4.637863 119 151 100 0 0.666250 0.698051 0.262366
-0.918910 0.029108 -4.866840 104 141 95 0 0.650785 0.744401 0.149484
-0.833577 -0.073291 -4.787907 107 141 93 0 0.682610 0.721277 0.117486
-0.910376 -0.000758 -4.548975 87 121 62 0 0.371596 0.928352 -0.008939
-1.132954 0.096664 -5.233061 80 101 47 0 0.214540 -0.967356 -0.134890
-0.897576 -0.006447 -4.655641 107 139 92 0 0.500875 0.865392 0.014851
-1.115176 0.191241 -4.891729 106 141 94 0 0.636057 0.761183 -0.126616
-0.672155 -0.187069 -4.886751 65 72 49 0 0.759534 0.633196 -0.148899
-0.692066 -0.171424 -4.871818 102 136 84 0 0.617249 0.680133 0.395503
-1.093131 0.169908 -4.458663 105 131 94 0 0.587742 0.721990 -0.365088
-0.974376 0.055419 -5.238039 90 129 61 0 0.236647 0.971560 -0.008324
-0.852066 -0.061914 -4.656352 112 147 96 0 0.889513 0.452318 -0.064617
-1.080331 0.145019 -4.575996 112 136 97 0 0.682199 0.666071 0.301587
-1.277309 0.297907 -4.534752 100 137 93 0 0.673829 0.736777 0.055795
-0.970821 0.058975 -4.707551 109 135 97 0 0.456637 0.877034 0.149313
-0.869843 -0.028492 -4.563197 95 134 89 0 0.460533 0.879718 -0.118341
-0.865577 -0.014981 -4.938662 109 145 99 0 0.654821 0.742131 0.143007
-1.152865 0.199063 -4.651374 102 132 96 0 0.577120 0.813669 0.069824
-1.139354 0.193374 -4.516263 108 143 102 0 0.412652 0.895756 -0.165348
-1.222553 0.294352 -4.954307 85 120 68 0 0.713331 0.428660 -0.554445
-1.028420 0.068219 -4.517685 122 156 122 0 0.743247 0.641685 0.189274
-1.131531 0.200485 -4.455108 94 122 81 0 0.367050 0.844996 -0.388917
-1.258820 0.286530 -4.648530 107 140 105 0 0.726400 0.672258 -0.142874
-1.023443 0.091686 -4.606574 103 136 85 0 -0.152074 0.396530 0.905338
-0.948776 0.034797 -4.648530 105 140 95 0 0.672185 0.736065 0.079849
-0.821488 -0.065469 -4.895996 101 137 85 0 0.681738 0.720524 0.126800
-1.215442 0.244574 -4.649240 107 142 101 0 0.657622 0.752971 0.023837
-1.112331 0.195508 -4.845507 130 139 118 0 0.632175 0.547885 -0.547885
-1.234642 0.350529 -4.800707 141 177 133 0 0.979808 -0.197380 -0.031912
-1.056154 0.102352 -5.044617 82 119 60 0 0.373054 0.885442 -0.277169
-1.164242 0.179863 -5.017595 72 110 53 0 0.450761 0.734757 -0.506900
-0.997843 0.059686 -5.192528 89 127 63 0 0.332101 0.942031 0.047812
-1.150731 0.167063 -5.023995 75 111 49 0 0.299735 0.840189 -0.451931
-1.168509 0.206174 -4.596619 104 139 102 0 0.632800 0.769543 -0.085828
-1.223975 0.263774 -4.452975 53 62 54 0 0.380303 0.546788 -0.745917
-1.214731 0.162797 -5.121417 75 104 37 0 -0.699450 -0.539194 0.469083
-1.020598 0.111597 -4.844796 110 137 89 0 0.730168 0.666675 0.149662
-0.840688 -0.044847 -4.947906 102 137 94 0 0.666523 0.745103 -0.023855
-0.952332 0.055419 -4.821329 102 138 88 0 0.665734 0.743379 0.064704
-0.991443 0.080308 -4.709685 100 134 90 0 0.797791 0.592854 0.109788
-1.078198 0.161374 -4.809240 104 139 87 0 0.838213 0.538341 0.087106
-1.031265 0.071775 -5.134217 85 123 62 0 0.252184 0.964380 -0.079837
-1.031265 0.071775 -5.187550 89 126 61 0 0.308962 0.937873 0.157914
-1.165665 0.123686 -5.115017 65 103 43 0 0.377067 0.742708 -0.553358
-1.118731 0.169197 -4.573863 101 137 92 0 0.513995 0.854781 -0.071819
-1.218287 0.321374 -4.822751 127 163 121 0 0.943463 0.205220 0.260313
-1.159265 0.200485 -4.642129 102 137 104 0 0.623941 0.695997 0.355368
-1.069665 0.130797 -4.475019 116 151 109 0 0.858664 0.445289 -0.253800
-1.245309 0.201197 -5.066662 99 137 79 0 0.473257 0.843899 -0.252710
-1.312864 0.337018 -4.484974 77 96 78 0 0.632829 0.301117 -0.713341
-1.208331 0.263063 -4.745240 109 144 101 0 0.830141 0.537150 0.149455
-0.930999 0.020575 -4.648530 105 140 90 0 0.434034 0.900850 0.009179
-1.024154 0.085997 -5.043195 87 126 69 0 0.489683 0.821353 -0.292558
-1.014909 0.108041 -4.898129 111 148 100 0 0.600361 0.799081 -0.032187
-0.812243 -0.149380 -4.617952 123 153 106 0 0.954928 0.229022 0.188843
-0.983621 0.076753 -4.761596 102 129 87 0 0.667208 0.735563 -0.117393
-1.066109 0.134352 -4.608707 110 137 98 0 0.723554 0.682292 -0.104628
-1.286553 0.313552 -4.664174 101 133 91 0 0.818162 0.571437 0.063808
-1.210464 0.236752 -4.599463 105 137 101 0 0.714871 0.674900 -0.182946
-0.889754 -0.018536 -4.585241 92 132 81 0 0.573368 0.809200 -0.128234
-1.253842 0.213285 -5.046751 80 117 60 0 0.221275 0.969818 -0.102419
-0.740421 -0.099602 -4.984884 100 130 88 0 0.673146 0.734474 0.086151
-1.076065 0.084575 -5.142750 85 123 55 0 0.260143 0.958214 -0.118960
-0.807977 -0.082536 -4.869685 111 148 104 0 0.783814 0.616984 0.070471
-0.717666 -0.124491 -4.959284 95 114 82 0 0.726984 0.679987 0.095462
-0.891888 0.007064 -4.878218 84 114 54 0 -0.403736 0.893466 0.196766
-0.856332 -0.030625 -4.883195 101 134 81 0 0.593969 0.801930 0.064097
-1.228242 0.368307 -4.818485 145 168 133 0 0.569456 0.623529 0.535660
-1.010643 0.083153 -4.636441 111 145 99 0 0.481599 0.823581 0.299627
-1.238198 0.276574 -4.703996 108 139 100 0 0.602730 0.785194 0.142083
-1.269486 0.293641 -4.501330 101 135 91 0 0.577731 0.808823 0.109696
-1.200509 0.231063 -4.553241 95 131 89 0 0.640541 0.767241 0.032379
-0.940954 0.033375 -4.703996 102 137 87 0 0.625761 0.752459 0.205497
-1.069665 0.145019 -4.952884 100 137 86 0 0.489555 0.861443 -0.135100
-0.797310 -0.075425 -4.963551 106 116 82 0 0.706653 0.691521 0.149804
-1.184864 0.127952 -5.124972 72 106 32 0 0.506028 0.824810 -0.252240
-0.995709 0.089552 -4.830574 102 122 83 0 0.721242 0.672448 0.166206
-0.944510 0.033375 -5.102217 92 123 68 0 0.499505 0.864046 -0.062612
-0.827177 -0.044847 -5.004084 106 115 82 0 0.530338 0.816260 0.229045
-1.040509 0.050442 -4.467908 105 130 98 0 0.808365 0.531122 -0.253880
-1.141487 0.186974 -4.982039 73 109 55 0 0.349434 0.841462 -0.412113
-0.972243 0.014886 -4.528352 101 133 94 0 0.437649 0.762198 0.476988
-1.162820 0.102352 -5.151284 55 94 37 0 0.274508 0.379511 -0.883525
-1.005665 0.095952 -4.846218 131 130 94 0 0.634102 0.760023 0.142411
-1.312864 0.330618 -4.695463 107 141 97 0 0.746320 0.665410 -0.015345
-1.202642 0.236752 -4.659196 104 140 103 0 0.539630 0.776619 0.325059
-0.854910 -0.015692 -5.094395 77 115 57 0 0.173897 0.982218 -0.070758
-0.834288 -0.034892 -5.036084 103 47 37 0 0.103548 -0.934624 0.340230
-1.209753 0.319952 -4.857595 121 156 113 0 0.903438 0.426958 -0.038814
-0.855621 -0.023514 -4.930840 106 133 91 0 0.703767 0.697765 0.133551
-0.777399 -0.169291 -4.711107 117 151 101 0 0.696531 0.687223 0.206322
-0.960154 0.062530 -4.846929 94 127 80 0 0.649765 0.752902 0.104611
-0.949487 0.001375 -4.514130 100 138 90 0 0.641746 0.720974 0.261452
-1.258820 0.275152 -4.993417 61 77 48 0 0.681785 0.070929 -0.728106
-0.903976 0.004931 -4.750929 110 143 102 0 0.687701 0.708955 0.156365
-1.198375 0.245285 -4.452975 71 83 60 0 0.559189 0.586220 -0.586220
-0.874110 -0.008581 -5.097950 94 129 75 0 0.442483 0.886398 0.136039
-1.152865 0.220397 -4.497775 83 116 45 0 -0.632504 -0.767517 0.104194
-0.918199 0.024130 -5.026840 104 140 86 0 0.618912 0.777683 -0.110258
-1.230375 0.254530 -4.588797 95 127 80 0 0.387538 0.920235 0.054602
-1.141487 0.097375 -5.212439 78 101 44 0 -0.142597 -0.978343 -0.150037
-0.749666 -0.142980 -4.834129 108 142 91 0 0.604908 0.771143 0.198558
-1.132954 0.191241 -4.726752 110 145 107 0 0.585548 0.749180 0.309618
-0.954465 0.042619 -5.177595 95 133 77 0 0.284498 0.951415 0.117769
-1.023443 0.113730 -4.805685 138 125 108 0 0.708844 0.700075 -0.086230
-1.345575 0.357641 -4.492085 111 140 96 0 0.575680 0.797446 -0.180754
-0.972954 0.066086 -4.759462 110 132 94 0 0.672185 0.736065 0.079849
-1.145042 0.207597 -4.449419 94 110 86 0 0.110172 0.600804 -0.791768
-1.226109 0.323507 -4.942217 116 135 99 0 0.825772 0.245416 -0.507811
-0.887621 -0.000758 -4.888173 104 139 89 0 0.617163 0.759466 0.205721
-1.087443 0.171330 -4.829863 103 137 91 0 0.625935 0.759955 0.175140
-0.866999 -0.008581 -4.959995 114 149 108 0 0.734363 0.677982 0.032419
-0.961576 0.061108 -4.776529 90 125 69 0 -0.410526 0.910647 -0.046803
-1.100954 0.173463 -4.476441 98 130 86 0 0.673424 0.633907 -0.380344
-0.852777 -0.061914 -4.669152 107 142 89 0 0.839993 0.538890 -0.063316
-1.344864 0.358352 -4.504886 110 144 103 0 0.884009 0.449859 0.127103
-1.258820 0.289374 -4.470752 97 120 93 0 0.534423 0.628832 -0.564768
-0.811532 -0.083247 -4.843373 104 138 91 0 0.595680 0.791765 0.135179
-1.155709 0.229641 -4.839107 114 139 99 0 0.862708 0.433636 0.260182
-0.913932 0.006353 -4.664885 106 142 98 0 0.649765 0.752902 -0.104611
-1.111620 0.117286 -5.077328 76 116 52 0 0.525142 0.786915 -0.324024
-0.891888 0.002797 -5.063817 102 120 80 0 0.459341 0.888235 -0.006619
-1.159976 0.211152 -4.718929 114 151 108 0 0.786315 0.579309 0.214731
-0.826466 -0.056225 -4.955729 93 127 74 0 0.608899 0.781594 0.135476
-0.949487 0.056841 -4.930840 118 153 102 0 0.718379 0.685658 0.117499
-0.980065 0.076753 -4.827018 105 128 92 0 0.639009 0.765945 0.070680
-1.019887 0.077464 -4.568174 109 143 96 0 0.741628 0.490565 0.457530
-1.228953 0.289374 -4.964262 80 116 60 0 0.721084 0.404269 -0.562676
-0.982198 0.067508 -4.699018 112 143 107 0 0.805352 0.590967 -0.046544
-0.770999 -0.091069 -4.962129 97 133 85 0 0.443458 0.870492 0.213517
-1.283709 0.307152 -4.626485 104 144 106 0 0.705025 0.603133 0.373055
-0.716244 -0.136580 -4.923018 98 132 76 0 0.595698 0.762304 0.253054
-0.832866 -0.062625 -5.063106 127 91 67 0 0.932203 -0.103878 -0.346709
-0.933843 0.043330 -4.853329 108 140 100 0 0.740691 0.664118 0.101606
-1.179887 0.256663 -4.839107 118 152 111 0 0.777741 0.628547 0.006907
-0.794466 -0.157202 -4.681241 118 153 103 0 0.810054 0.554727 0.189975
-0.815799 -0.123069 -4.637152 115 148 100 0 0.926923 0.372084 0.048647
-0.760332 -0.162891 -4.765862 109 143 93 0 0.593947 0.758669 0.267672
-1.055443 0.129375 -4.638574 103 130 89 0 0.785794 0.618487 0.001371
-0.849221 -0.054803 -4.790040 105 140 87 0 0.690445 0.705619 0.159333
-1.255264 0.286530 -4.712529 112 147 97 0 0.199620 0.651473 0.731939
-0.904688 0.014886 -4.834129 110 137 92 0 0.772175 0.619239 0.142440
-0.716244 -0.138713 -4.950040 72 98 24 0 -0.205047 -0.766228 0.608974
-0.734733 -0.195602 -4.754485 114 147 92 0 0.657490 0.570049 0.492697
-0.831443 -0.039869 -4.526930 45 48 38 0 0.276559 0.666618 -0.692196
-0.977932 0.076041 -4.898129 101 132 86 0 0.656618 0.751447 0.064656
-1.168509 0.104486 -5.162662 75 110 30 0 -0.523384 0.466891 0.712799
-0.763888 -0.140847 -4.804263 110 146 96 0 0.541812 0.756584 0.366089
-1.164242 0.087419 -5.229506 77 82 54 0 -0.348866 -0.810835 -0.469934
-1.085309 0.169908 -4.845507 128 135 110 0 0.815326 0.577581 0.040557
-0.849221 -0.049114 -4.822751 117 154 110 0 0.650785 0.744401 0.149484
-1.029132 0.026975 -4.475019 69 96 51 0 0.878012 0.371525 -0.301769
-0.832866 -0.062625 -4.840529 109 138 94 0 0.802426 0.595888 0.032097
-1.068954 0.157108 -4.845507 120 134 101 0 0.524841 0.826054 -0.205372
-1.098820 0.135063 -5.030395 75 113 50 0 0.417545 0.842909 -0.339353
-1.068243 0.137908 -4.629330 111 131 95 0 0.546041 0.807525 0.223031
-0.861310 -0.046980 -4.748085 108 144 94 0 0.774356 0.625610 -0.094789
-0.849221 -0.034892 -4.905240 112 136 97 0 0.681738 0.720524 0.126800
-1.104509 0.178441 -4.822751 99 134 84 0 0.593742 0.800761 0.079070
-0.849221 -0.054092 -4.802129 105 140 96 0 0.751855 0.639909 0.158843
-0.742555 -0.129469 -4.891729 102 139 89 0 0.585930 0.789865 0.181106
-1.191976 0.235330 -4.660618 81 114 59 0 0.735627 -0.586228 0.339395
-0.750377 -0.149380 -4.812796 107 142 92 0 0.731054 0.650343 0.206433
-0.782377 -0.128758 -4.800707 114 149 105 0 0.531715 0.792017 0.299982
-0.823621 -0.131602 -4.581686 117 126 90 0 0.696713 -0.664827 -0.269438
-1.104509 0.169908 -4.973506 96 126 80 0 0.578669 0.808970 -0.103490
-1.100954 0.088841 -5.180439 73 110 45 0 0.254023 0.967197 0.001193
-0.996421 0.080308 -4.686218 108 143 104 0 0.570924 0.790629 0.221252
-0.848510 -0.037736 -4.888885 101 128 84 0 0.707202 0.676116 0.206720
-1.272331 0.290796 -4.595196 113 149 105 0 0.512977 0.854015 0.086680
-1.237486 0.263774 -4.497064 90 127 83 0 0.783674 0.618690 -0.055469
-1.141487 0.187686 -4.598752 102 131 93 0 0.610295 0.792144 -0.006888
-1.139354 0.203330 -4.472175 92 127 75 0 0.695574 0.718057 -0.023888
-0.945932 0.030530 -4.637152 106 142 94 0 0.560573 0.827774 -0.023415
-0.932421 0.026264 -5.083728 117 120 86 0 0.418987 0.902965 0.095413
-1.214731 0.293641 -4.802129 117 144 102 0 0.869101 0.188034 0.457500
-0.810110 -0.057647 -4.995551 105 134 99 0 0.580395 0.803053 0.135079
-1.199087 0.256663 -4.759462 115 152 110 0 0.640455 0.765978 0.055630
-1.061131 0.127952 -4.453686 116 139 110 0 0.853712 0.450528 -0.261153
-0.878377 -0.026358 -4.616530 104 135 87 0 0.674455 0.690324 0.261847
-0.830021 -0.054803 -4.920173 102 140 95 0 0.627288 0.777384 -0.046728
-0.979354 0.072486 -4.782929 113 119 91 0 0.579309 0.786315 0.214731
-1.117309 0.191952 -4.859018 100 134 92 0 0.586380 0.809894 -0.015177
-1.177042 0.100930 -5.191106 96 127 67 0 0.380177 -0.903463 0.198039
-1.018465 0.111597 -4.935106 99 133 77 0 0.490590 0.870489 0.039630
-1.007798 0.062530 -5.100084 93 121 73 0 0.204026 0.962213 -0.180333
-0.807266 -0.078980 -4.888885 109 146 99 0 0.724071 0.676100 0.136419
-1.207620 0.199774 -5.026840 78 113 53 0 0.491254 0.833129 -0.254097
-1.195531 0.175597 -5.058839 85 122 58 0 0.515649 0.742996 -0.426687
-0.870554 -0.014981 -4.903818 107 142 91 0 0.728534 0.682732 0.055821
-1.154287 0.202619 -4.671996 147 145 135 0 0.205945 0.978530 0.008145
-0.967976 0.049730 -5.067373 94 131 78 0 0.576928 0.807109 -0.125419
-1.080331 0.159952 -4.920884 101 134 81 0 0.577040 0.805483 -0.134989
-0.879088 -0.006447 -5.107195 95 130 74 0 0.452717 0.887325 0.087757
-0.849932 -0.034892 -5.042484 124 93 74 0 -0.833995 -0.532871 0.143181
-1.251709 0.278707 -4.647819 110 145 105 0 0.721269 0.658956 0.213421
-0.836421 -0.039869 -5.046040 111 31 33 0 0.348714 -0.807297 0.476098
-1.081754 0.154263 -4.772974 102 133 92 0 0.732691 0.666763 0.136349
-1.223264 0.329196 -4.932262 123 147 108 0 0.907267 0.323919 -0.268223
-1.147887 0.096664 -5.228795 94 120 61 0 0.054455 -0.988294 0.142509
-1.175620 0.220397 -4.696174 106 137 101 0 0.799801 0.514723 0.308834
-1.279442 0.294352 -4.585952 108 142 101 0 0.610682 0.791522 0.023648
-0.994998 0.088841 -4.805685 101 136 87 0 0.293883 0.943946 0.150327
-0.746110 -0.150091 -4.823462 107 142 94 0 0.513885 0.809329 0.284444
-0.731888 -0.160758 -4.824884 101 133 81 0 0.580326 0.715133 0.389624
-0.934554 0.035508 -5.016173 99 136 90 0 0.458549 0.824127 -0.332487
-0.788777 -0.103869 -4.855462 103 137 87 0 0.592826 0.790936 0.151583
-1.226109 0.255952 -4.532619 91 122 79 0 0.514477 0.839567 -0.174475
-0.991443 0.073908 -4.664885 111 146 100 0 0.626334 0.777567 -0.055642
-1.191976 0.247419 -4.755907 116 152 109 0 0.673271 0.727252 0.133455
-1.031976 0.100930 -4.622930 114 147 108 0 0.649175 0.730127 0.213278
-1.174909 0.219685 -4.685507 99 132 86 0 0.786214 0.587752 0.190829
-1.192687 0.225374 -4.583819 92 128 77 0 0.436634 0.898795 -0.038961
-1.227531 0.149997 -5.122128 68 101 48 0 0.522104 0.532177 -0.666480
-0.726910 -0.254624 -4.708974 82 93 81 0 0.483194 0.846726 -0.222663
-1.045487 0.123686 -4.721774 99 131 85 0 0.632208 0.765461 0.119927
-0.987887 0.078175 -4.731730 109 144 100 0 0.665308 0.745088 0.047013
-0.773844 -0.138713 -4.790040 108 142 96 0 0.563613 0.745528 0.355709
-0.895443 -0.003603 -4.539730 86 118 40 0 -0.524731 -0.802066 0.285214
-1.086020 0.098086 -5.095106 77 115 56 0 0.449871 0.808487 -0.379428
-1.202642 0.248130 -4.714663 112 143 106 0 0.783136 0.530098 0.325106
-1.202642 0.299330 -4.906662 105 138 91 0 0.903588 0.333520 -0.268873
-1.014909 0.077464 -5.053862 87 125 64 0 0.498507 0.855209 -0.141804
-1.225398 0.213997 -5.018306 71 109 48 0 0.580048 0.677001 -0.453006
-0.728333 -0.212669 -4.743818 121 153 107 0 0.656452 0.585938 0.475130
-1.197664 0.197641 -5.021862 73 108 52 0 0.284670 0.854009 -0.435468
-1.054731 0.090975 -5.080173 79 118 57 0 0.547227 0.794969 -0.261854
-1.216153 0.346263 -4.899551 119 141 102 0 0.936992 0.302211 -0.175255
-1.320686 0.344841 -4.583107 107 141 95 0 0.724220 0.686785 -0.061911
-1.129398 0.187686 -4.504175 94 131 87 0 0.466549 0.852553 -0.235554
-1.371175 0.381107 -4.483552 126 147 111 0 0.625063 0.625063 0.467540
-1.095265 0.086708 -5.168350 76 112 50 0 0.206140 0.969243 -0.134439
-0.811532 -0.136580 -4.575285 90 113 78 0 0.721039 -0.379408 -0.579787
-0.970110 0.021997 -4.544708 115 150 117 0 0.150855 0.941824 0.300351
-1.204064 0.307863 -4.895284 122 154 118 0 0.871673 0.451376 -0.190910
-1.007798 0.084575 -4.654930 114 150 108 0 0.622989 0.781872 -0.023693
-0.799443 -0.172136 -4.620085 125 154 112 0 0.758619 0.615893 0.212538
-1.162820 0.238885 -4.843373 117 151 114 0 0.738465 0.610869 -0.285497
-1.226820 0.264485 -4.978484 67 103 43 0 0.451419 0.412587 -0.791197
-1.026287 0.092397 -5.024706 87 125 69 0 0.507138 0.807313 -0.301755
-0.990732 0.019864 -4.500619 120 156 118 0 0.515331 0.538831 0.666405
-0.986465 0.059686 -5.230928 95 132 66 0 0.276660 0.950267 0.143008
-1.088154 0.157819 -4.977062 99 122 77 0 0.568972 0.809633 -0.144100
-0.997132 0.067508 -4.610130 110 141 99 0 0.628547 0.777741 0.006907
-1.059709 0.083864 -5.229506 92 130 69 0 0.315572 0.941345 0.119515
-0.812243 -0.128047 -4.581686 106 142 94 0 0.898434 -0.319278 -0.301458
-1.204775 0.132219 -5.129951 55 93 28 0 0.531052 0.678474 -0.507599
-0.780244 -0.098180 -4.905951 99 132 80 0 0.442483 0.886398 0.136039
-0.890465 -0.009292 -4.731730 121 138 108 0 0.753273 0.642011 0.142836
-0.707710 -0.176402 -4.829151 101 137 90 0 0.507271 0.773061 0.380858
-0.923176 -0.005025 -4.516974 74 114 67 0 0.031764 0.841068 0.539996
-1.095976 0.176308 -4.863285 105 138 89 0 0.515728 0.845910 -0.135872
-0.965843 0.053286 -5.036084 91 129 77 0 0.675026 0.706205 -0.213576
-1.024154 0.031242 -4.488530 123 156 118 0 0.892662 0.306525 0.330449
-0.653666 -0.221202 -4.813507 41 41 30 0 0.703652 0.694573 0.149810
-0.845666 -0.069025 -4.650663 108 142 88 0 0.752294 0.610945 -0.246577
-0.820777 -0.071158 -4.574574 97 137 84 0 0.482432 0.731108 -0.482432
-0.856332 -0.058358 -4.680530 108 144 94 0 0.839965 0.539877 0.054689
-0.762466 -0.072580 -5.030395 72 81 55 0 0.880393 0.405070 -0.246630
-1.304331 0.322085 -4.662752 101 135 89 0 0.665308 0.745088 -0.047013
-0.913221 0.015597 -4.787907 110 145 101 0 0.516466 0.856281 -0.006742
-1.142198 0.216130 -4.865418 99 131 88 0 0.744904 0.664837 -0.055761
-1.120154 0.192663 -4.812796 114 148 105 0 0.682610 0.721277 0.117486
-0.953754 -0.005736 -4.499197 95 130 84 0 0.388684 0.739647 0.549406
-1.000687 0.066086 -4.589508 119 152 117 0 0.625926 0.713265 0.315389
-0.664333 -0.211958 -4.804974 104 120 78 0 0.398491 0.874255 0.277277
-1.237486 0.287952 -4.973506 85 116 62 0 0.593776 0.245971 -0.766112
-1.050465 0.076753 -5.196795 85 120 59 0 0.253981 0.959919 0.118525
-0.793043 -0.167869 -4.654219 125 157 113 0 0.774191 0.583380 0.245552
-0.736866 -0.142980 -4.866129 105 141 92 0 0.556163 0.786191 0.269416
-1.101665 0.089552 -5.206039 82 119 52 0 0.039245 0.998089 0.047730
-1.022732 0.114441 -4.905240 108 144 93 0 0.609841 0.792378 0.015211
-1.243886 0.268752 -4.589508 106 130 94 0 0.698384 0.712784 0.064799
-0.922465 0.024842 -4.767285 108 143 97 0 0.690492 0.721813 0.046982
-0.800155 -0.054803 -5.022573 95 127 87 0 0.254430 0.854703 0.452490
-1.013487 0.098797 -4.715374 107 143 96 0 0.475774 0.873436 0.103676
-0.867710 -0.027069 -4.811374 93 127 69 0 0.569351 0.822094 0.001359
-1.262375 0.232485 -5.046751 42 48 31 0 -0.032965 -0.913804 0.404816
-0.908243 0.019153 -4.855462 108 140 98 0 0.719485 0.694338 -0.015368
-1.007798 0.099508 -4.945062 101 136 84 0 0.570627 0.798878 -0.190209
-0.948776 0.024842 -4.605863 101 136 84 0 0.726200 0.686718 0.032432
-1.063265 0.140041 -4.782218 104 136 92 0 0.682292 0.723554 0.104628
-1.132954 0.129375 -5.075195 73 111 52 0 0.372823 0.879983 -0.294334
-1.173487 0.222530 -4.491374 94 129 91 0 0.481550 0.876393 -0.006670
-1.134376 0.195508 -4.743107 103 137 95 0 0.667300 0.743806 0.038253
-0.822199 -0.081114 -4.813507 115 130 95 0 0.721277 0.682610 0.117486
-1.204064 0.210441 -5.004084 71 107 42 0 0.260227 0.768063 -0.585116
-1.223264 0.122975 -5.149150 53 78 28 0 0.048102 0.245446 -0.968216
-0.782377 -0.135869 -4.781507 114 140 103 0 0.631320 0.720824 0.286092
-1.182731 0.219685 -4.661330 103 131 94 0 0.838752 0.497771 0.220724
-1.014909 0.104486 -4.826307 187 133 135 0 0.616476 0.780479 -0.103966
-1.036954 0.078886 -4.522663 124 161 125 0 0.675437 0.700511 0.230369
-1.138642 0.194085 -4.689063 151 139 130 0 0.276398 0.956363 -0.094728
-0.751088 -0.156491 -4.797152 107 143 88 0 0.627910 0.699671 0.340865
-1.049754 0.078175 -4.463641 106 128 98 0 0.924655 0.016765 -0.380437
-1.022732 0.108041 -4.978484 117 114 81 0 0.394393 0.885524 -0.245565
-1.130109 0.163508 -5.007639 71 109 53 0 0.524182 0.625311 -0.578117
-1.043354 0.081019 -4.490664 115 142 99 0 0.915325 0.300273 0.268360
-0.943087 0.040486 -4.753063 106 141 96 0 0.728777 0.626716 0.275883
-0.958732 0.014886 -4.534752 107 145 103 0 0.555357 0.738837 0.381705
-1.234642 0.152841 -5.140617 40 43 32 0 -0.357073 -0.394495 0.846683
-1.201931 0.242441 -4.494219 96 133 91 0 0.753067 0.656264 0.046978
-0.807266 -0.162180 -4.615108 124 155 108 0 0.805199 0.591603 -0.040752
-0.778110 -0.194891 -4.634307 95 101 48 0 0.228688 0.111150 0.967134
-0.665755 -0.193469 -4.881773 72 78 54 0 0.799631 0.576758 -0.167154
-1.056865 0.130797 -4.986306 114 118 79 0 0.475044 0.855678 -0.205303
-1.032687 0.125108 -4.879640 108 142 97 0 0.586461 0.809344 0.032039
-0.891888 -0.013558 -4.611552 98 130 78 0 0.576758 0.799631 0.167154
-1.012065 0.105908 -4.881773 109 143 99 0 0.694569 0.719425 0.001381
-0.788066 -0.150091 -4.723196 112 147 97 0 0.699022 0.680257 0.220497
-0.932421 0.019153 -4.623641 104 140 93 0 0.618853 0.755342 0.215590
-1.197664 0.239596 -4.503463 91 130 86 0 0.879301 0.458952 -0.127248
-1.327797 0.342707 -4.647108 107 135 97 0 0.530098 0.783136 0.325106
-1.315709 0.337018 -4.529774 109 140 95 0 -0.040535 0.927081 0.372663
-1.174909 0.149997 -5.085150 81 118 50 0 0.397553 0.815862 -0.419906
-0.863443 -0.017114 -4.928707 114 151 112 0 0.562212 0.816019 0.134282
-0.922465 -0.009292 -4.499908 82 102 66 0 -0.190219 0.981436 -0.024507
-1.100243 0.158530 -4.621508 97 133 86 0 0.537411 0.837093 0.102295
-1.232509 0.323507 -4.792885 120 156 107 0 0.753279 0.198718 0.626962
-0.820066 -0.097469 -4.598041 109 144 101 0 0.946521 0.189851 -0.260874
-1.278731 0.297907 -4.570308 108 138 105 0 0.863912 0.491413 -0.110317
-1.143620 0.205463 -4.481419 90 125 76 0 0.718686 0.666137 -0.199377
-0.754644 -0.182091 -4.739552 116 151 104 0 0.712239 0.618139 0.332595
-1.047620 0.069641 -4.473597 126 154 114 0 0.809765 0.381723 0.445610
-1.239620 0.177019 -5.122128 39 42 34 0 0.766015 0.364384 -0.529571
-0.801577 -0.157913 -4.647108 118 147 99 0 0.910609 0.348898 0.221499
-0.825754 -0.081114 -4.789329 108 140 91 0 0.799824 0.586932 0.125666
-1.162109 0.100219 -5.197505 93 122 61 0 -0.127080 -0.990305 0.056098
-1.216864 0.364041 -4.854040 94 99 82 0 0.901935 0.332136 0.276042
-1.185576 0.131508 -5.135639 78 107 49 0 -0.245403 -0.776848 0.579901
-1.164242 0.202619 -4.587374 98 133 89 0 0.482892 0.871459 0.085879
-1.234642 0.253108 -4.990573 65 98 35 0 0.276322 0.710769 -0.646880
-0.834288 -0.022092 -5.046751 112 84 64 0 0.523912 0.851185 0.031627
-0.831443 -0.054092 -4.552530 99 138 82 0 0.387510 0.839343 -0.381234
-1.075354 0.161374 -4.864707 110 145 97 0 0.539479 0.840584 -0.048790
-0.894732 -0.002892 -4.755196 120 130 100 0 0.768784 0.639507 0.001375
-0.738288 -0.111691 -4.951462 93 128 78 0 0.355830 0.864159 0.355830
-0.992865 0.085997 -4.757329 103 138 90 0 0.736777 0.673829 -0.055795
-0.830732 -0.054803 -4.945062 97 133 86 0 0.679987 0.726984 0.095462
-1.071087 0.132930 -4.571019 109 142 96 0 0.758067 0.648328 0.070753
-1.131531 0.199063 -4.773685 105 137 89 0 0.539535 0.754698 0.373274
-0.812243 -0.070447 -4.910218 95 130 81 0 0.554401 0.785007 0.276411
-0.958732 0.032664 -4.590219 101 135 78 0 0.325107 0.944481 0.047545
-0.883354 -0.022803 -4.660618 104 135 93 0 0.769947 0.635671 0.055710
-0.901843 0.016308 -4.927284 110 132 88 0 0.710290 0.701681 0.055962
-1.087443 0.093819 -5.247283 100 124 76 0 0.189409 0.974640 0.119165
-1.246020 0.214708 -5.033951 77 114 50 0 0.174034 0.901813 -0.395532
-1.025576 0.078886 -5.276439 57 66 36 0 -0.508374 -0.855834 0.095409
-1.090287 0.153552 -4.625063 111 146 103 0 0.631566 0.775292 0.006910
-0.934554 -0.009292 -4.502752 81 119 72 0 0.054446 0.922921 0.381120
-1.154287 0.210441 -4.729596 110 145 101 0 0.680943 0.680943 0.269507
-0.915354 0.026264 -4.978484 99 129 82 0 0.713331 0.554445 -0.428660
-1.096687 0.172752 -4.802840 109 144 103 0 0.571215 0.806860 0.150634
-1.080331 0.149997 -4.699018 102 136 93 0 0.484905 0.874442 0.014776
-1.073931 0.127241 -4.529774 99 128 77 0 0.960106 0.244938 -0.134913
-0.965843 0.045464 -5.126395 93 130 73 0 0.426379 0.902841 0.055497
-0.970821 0.056841 -4.688352 110 136 101 0 0.722095 0.649729 0.237552
-0.933843 0.030530 -5.151284 97 134 72 0 0.454246 0.874898 0.167969
-0.837843 -0.053380 -4.869685 114 124 91 0 0.808823 0.577731 0.109696
-1.223975 0.310707 -4.799996 128 164 118 0 0.742131 0.143007 0.654821
-1.177753 0.211152 -4.595196 96 131 92 0 0.570051 0.806450 -0.157101
-1.134376 0.181286 -4.569596 97 132 87 0 0.427571 0.903820 -0.017103
-0.845666 -0.061203 -4.605152 106 141 90 0 0.713412 0.649856 -0.262167
-0.665755 -0.228313 -4.777240 79 86 64 0 0.825648 0.460790 0.325541
-1.122287 0.181997 -4.520530 104 139 96 0 0.537405 0.823419 -0.182146
-1.113042 0.169908 -4.644263 96 131 86 0 0.267580 0.963042 0.030827
-0.864154 -0.013558 -5.099373 88 127 69 0 0.349543 0.936775 0.016524
-0.761044 -0.189202 -4.713952 119 148 106 0 0.562167 0.750096 0.348317
-1.155709 0.211863 -4.487108 90 127 74 0 0.451627 0.881749 -0.136205
-0.916776 0.030530 -4.947906 185 119 124 0 0.475485 0.879172 -0.031157
-0.743977 -0.165736 -4.792885 107 141 86 0 0.707712 0.650200 0.276375
-1.052598 0.106619 -4.558219 107 138 93 0 0.512673 0.798373 0.315857
-0.806554 -0.100314 -4.568174 89 120 43 0 0.315309 -0.031658 0.948461
-1.172065 0.235330 -4.445864 38 41 37 0 0.088188 0.594187 -0.799478
-1.046909 0.105908 -4.607285 108 138 81 0 0.340528 0.900703 -0.269769
-1.123709 0.184130 -4.738129 106 141 100 0 0.744577 0.632657 0.212958
-0.966554 0.042619 -4.597330 107 141 97 0 0.632910 0.752442 0.182364
-1.221842 0.254530 -4.665596 108 143 102 0 0.757414 0.641801 0.120060
-1.260953 0.282974 -4.601596 109 144 106 0 0.666394 0.737318 0.110819
-0.743977 -0.220491 -4.656352 59 67 50 0 0.712113 0.648389 -0.269233
-0.866288 -0.008581 -4.974928 101 135 89 0 0.832034 0.554231 -0.023379
-1.052598 0.140752 -4.852618 106 137 94 0 0.711779 0.687702 -0.142958
-0.817221 -0.097469 -4.772263 112 133 92 0 0.794496 0.578782 0.183813
-0.969398 0.063953 -4.999106 95 131 75 0 0.556163 0.786191 -0.269416
-1.265931 0.290085 -4.528352 107 144 98 0 0.785661 0.618202 -0.023723
-1.196242 0.221108 -4.989862 74 108 48 0 0.499955 0.651457 -0.570656
-0.773132 -0.053380 -5.040350 109 133 100 0 0.834926 0.540755 -0.102383
-1.241753 0.319241 -4.780796 119 148 107 0 0.824259 0.389101 0.411336
-0.763888 -0.125202 -4.845507 106 141 90 0 0.666054 0.706994 0.237764
-1.194109 0.229641 -4.977062 67 101 50 0 0.458484 0.688560 -0.561852
-0.736155 -0.189202 -4.762307 112 148 93 0 0.626116 0.672373 0.394833
-0.868421 -0.042714 -4.724618 104 137 93 0 0.805568 0.584944 0.094346
-0.990732 0.046886 -4.549685 109 143 98 0 0.712351 0.681844 0.166266
-0.852066 -0.029203 -4.919462 105 128 84 0 0.741584 0.653984 0.149525
-1.111620 0.184130 -4.470752 92 127 82 0 0.517245 0.819871 -0.245498
-1.082465 0.152130 -4.715374 104 137 93 0 0.618202 0.785661 0.023723
-0.908243 0.018442 -4.883195 116 138 107 0 0.767314 0.640135 -0.038154
-0.838554 -0.083958 -4.672707 108 142 93 0 0.681224 0.727704 -0.079888
-1.108065 0.165641 -4.688352 100 132 90 0 0.475690 0.865024 0.159539
-1.007798 0.083153 -5.020440 90 125 70 0 0.412545 0.848441 -0.331593
-0.837132 -0.020669 -5.073061 61 94 39 0 0.007500 0.995414 0.095363
-1.033398 0.124397 -4.838396 119 131 101 0 0.690042 0.721603 -0.055949
-1.037665 0.121552 -4.963551 94 126 71 0 0.706322 0.706322 -0.047088
-1.215442 0.250263 -4.679107 111 147 109 0 0.782445 0.592576 0.191400
-0.822910 -0.074714 -4.836262 119 123 94 0 0.653984 0.741584 0.149525
-1.049043 0.084575 -4.482130 126 154 116 0 0.758252 0.411061 0.506047
-1.173487 0.110175 -5.143461 80 115 31 0 0.023379 0.832034 -0.554231
-1.307886 0.325641 -4.595196 106 141 97 0 0.682071 0.730283 -0.038287
-1.240331 0.281552 -4.724618 109 144 102 0 0.587958 0.751368 0.299586
-0.897576 0.007064 -4.845507 119 126 98 0 0.719485 0.694338 0.015368
-1.190553 0.142175 -5.108617 77 112 39 0 0.270970 0.762204 -0.587895
-1.215442 0.332752 -4.836262 122 155 103 0 0.892791 0.356222 0.275737
-1.140776 0.211863 -4.898840 109 144 97 0 0.759601 0.649267 0.038192
-0.922465 0.024842 -5.157683 102 139 84 0 0.474196 0.868635 0.143564
-1.055443 0.127952 -4.673419 107 132 94 0 0.673829 0.736777 0.055795
-1.135087 0.199063 -4.945773 97 135 83 0 0.539630 0.776619 -0.325059
-0.970110 -0.000047 -4.472886 59 68 58 0 -0.023611 0.798609 -0.601387
-1.078198 0.132930 -4.517685 107 138 94 0 0.880283 0.427566 0.205646
-0.800866 -0.076847 -4.927284 92 125 72 0 0.704874 0.689650 0.165942
-0.669311 -0.235424 -4.755907 74 83 75 0 0.157575 0.987397 0.014737
-1.083176 0.153552 -4.745240 175 145 142 0 0.410177 0.875945 -0.253919
-0.837843 -0.073291 -4.767285 110 145 103 0 0.786315 0.579309 0.214731
-1.322109 0.342707 -4.600174 110 143 102 0 0.669264 0.740920 -0.055891
-1.187709 0.223241 -4.543285 94 131 87 0 0.459377 0.887950 -0.022768
-1.163531 0.157819 -5.053862 77 114 55 0 0.349948 0.737332 -0.577821
-0.823621 -0.040580 -5.070217 134 69 62 0 0.986131 0.014820 0.165305
-1.216864 0.255241 -4.456530 94 110 88 0 0.309051 0.508746 -0.803533
-0.994998 0.085286 -4.985595 95 131 76 0 0.634637 0.729596 -0.254805
-0.934554 0.039064 -4.941506 101 108 49 0 -0.372531 -0.925318 0.070767
-0.903976 -0.001469 -4.680530 105 139 95 0 0.587024 0.807688 0.055166
-1.148598 0.177730 -5.004084 75 108 51 0 0.442760 0.783345 -0.436273
-1.335620 0.355507 -4.485686 60 76 65 0 0.458206 0.507831 -0.729490
-0.810110 -0.160047 -4.605152 125 155 109 0 0.929594 0.366362 -0.040417
-0.822910 -0.037736 -5.083728 46 35 26 0 0.964871 -0.197152 -0.173651
-1.270909 0.364752 -4.787907 136 146 123 0 -0.040911 0.777316 0.627778
-1.320686 0.333463 -4.491374 109 144 103 0 0.540555 0.813130 -0.215916
-0.990732 0.087419 -4.967817 120 118 93 0 0.531371 0.832034 -0.159262
-0.923887 0.032664 -4.825596 107 144 96 0 0.717928 0.695361 0.032441
-0.864154 -0.020669 -4.910218 109 144 97 0 0.662857 0.735004 0.142792
-1.290109 0.311418 -4.528352 98 136 85 0 0.625257 0.768514 0.135796
-0.868421 -0.014981 -4.918751 103 139 88 0 0.716369 0.629439 0.301036
-0.930287 0.042619 -4.908084 104 119 83 0 0.545951 0.837491 0.023378
-0.958021 0.062530 -4.928707 116 151 100 0 0.626469 0.776245 0.070568
-1.219709 0.247419 -4.592352 101 130 95 0 0.759955 0.625935 0.175140
-1.130820 0.091686 -5.191817 77 112 38 0 0.109764 0.987878 0.109764
-1.105931 0.173463 -4.949329 93 128 76 0 0.714028 0.673931 -0.189688
-0.852777 -0.063336 -4.696885 112 148 101 0 0.721277 0.682610 0.117486
-1.206909 0.237463 -4.622930 132 136 120 0 0.316961 0.948398 0.008701
-0.973665 0.053286 -4.642841 108 135 94 0 0.793494 0.603401 0.079205
-1.061131 0.110175 -5.031817 80 117 65 0 0.451445 0.822106 -0.346900
-1.035532 0.039064 -4.475019 102 126 94 0 0.754059 0.628126 -0.191970
-0.887621 0.009197 -5.178306 89 105 78 0 0.782244 0.610062 -0.126168
-1.043354 0.093108 -4.548975 118 146 109 0 0.823973 0.563024 0.063819
-1.189842 0.260930 -4.930840 109 144 95 0 0.746221 0.571402 -0.341546
-1.188420 0.169197 -5.063817 88 126 61 0 0.571421 0.760294 -0.308919
-0.972243 0.029819 -4.554663 110 143 107 0 0.331684 0.745885 0.577616
-0.801577 -0.116669 -4.770129 107 141 93 0 0.696391 0.657969 0.286561
-1.063265 0.135775 -4.680530 104 132 97 0 0.710791 0.670352 0.213082
-1.261664 0.278707 -4.549685 103 139 86 0 0.674900 0.714871 -0.182946
-0.972954 0.062530 -4.733863 110 131 94 0 0.641801 0.757414 0.120060
-0.948065 0.043330 -4.733863 104 140 90 0 0.541234 0.840871 0.001350
-1.022020 0.090975 -4.627196 109 145 94 0 0.594187 0.799478 0.088188
-0.725488 -0.183513 -4.785774 108 136 90 0 0.641007 0.657570 0.395867
-0.858465 -0.054092 -4.719640 113 147 101 0 0.801930 0.593969 0.064097
