v -4.347520855 -1.256461667 -8.026447197 0.258824 0.247059 0.203922
v -4.352173919 -1.250814192 -8.033769183 0.490196 0.494118 0.290196
v -4.362924491 -1.220111301 -8.037660024 0.278431 0.274510 0.211765
v -4.352492140 -1.233815005 -8.034120953 0.525490 0.490196 0.352941
v -4.365494563 -1.218880751 -8.056180804 0.286275 0.290196 0.231373
v -4.319191656 -1.262274108 -8.031588610 0.211765 0.243137 0.168627
v -4.373801085 -1.205676899 -8.063508961 0.423529 0.439216 0.301961
v -4.325794211 -1.256913502 -8.039671769 0.439216 0.541176 0.243137
v -4.347598325 -1.247463517 -8.055477110 0.435294 0.486275 0.192157
v -4.361105636 -1.220008309 -8.058601755 0.450980 0.494118 0.282353
v -4.357502206 -1.238035997 -8.064013852 0.411765 0.435294 0.262745
v -4.360073966 -1.232686652 -8.075317919 0.470588 0.521569 0.360784
v -4.373555384 -1.205474037 -8.078449677 0.250980 0.266667 0.180392
v -4.326570112 -1.250814856 -8.057737888 0.384314 0.494118 0.196078
v -4.303527785 -1.261900062 -8.045707500 0.505882 0.627451 0.360784
v -4.369902576 -1.216461925 -8.088813376 0.270588 0.258824 0.270588
v -4.312757920 -1.256552360 -8.056952467 0.427451 0.588235 0.250980
v -4.360198635 -1.223862048 -8.086907775 0.501961 0.498039 0.356863
v -4.336774557 -1.243192032 -8.076089473 0.403922 0.521569 0.223529
v -4.346758557 -1.222411968 -8.083535765 0.400000 0.439216 0.250980
v -4.364847049 -1.207251900 -8.094985524 0.396078 0.431373 0.274510
v -4.369936210 -1.211093472 -8.101200291 0.509804 0.509804 0.478431
v -4.287183071 -1.267639062 -8.049110842 0.588235 0.647059 0.423529
v -4.339706547 -1.235376338 -8.085056877 0.443137 0.552941 0.254902
v -4.297870285 -1.258697330 -8.060150865 0.454902 0.603922 0.301961
v -4.308802310 -1.253049187 -8.067596438 0.372549 0.513725 0.156863
v -4.355110775 -1.216896268 -8.099418460 0.882353 0.882353 0.870588
v -4.328082266 -1.238479129 -8.084514784 0.403922 0.454902 0.250980
v -4.345126826 -1.224302509 -8.095937351 0.368627 0.349020 0.282353
v -4.352182076 -1.208256055 -8.098549551 0.309804 0.325490 0.235294
v -4.378489473 -1.199130983 -8.118346706 0.184314 0.188235 0.200000
v -4.262473795 -1.276054507 -8.051259964 0.584314 0.607843 0.427451
v -4.296529354 -1.252400748 -8.076050118 0.403922 0.552941 0.196078
v -4.322280781 -1.234743304 -8.098676718 0.427451 0.537255 0.258824
v -4.351663966 -1.208048581 -8.116212529 0.501961 0.607843 0.298039
v -4.306963185 -1.241495354 -8.090723550 0.427451 0.576471 0.305882
v -4.370911255 -1.197144611 -8.130947686 0.517647 0.576471 0.317647
v -4.261523935 -1.268105526 -8.063796973 0.427451 0.596078 0.266667
v -4.377331883 -1.190080402 -8.139704502 0.470588 0.498039 0.329412
v -4.381611657 -1.171417925 -8.137836742 0.278431 0.301961 0.200000
v -4.281938838 -1.254941315 -8.080912911 0.333333 0.482353 0.160784
v -4.357380952 -1.201855592 -8.132774386 0.466667 0.615686 0.317647
v -4.239604116 -1.277460523 -8.058131896 0.474510 0.560784 0.325490
v -4.262406893 -1.262400518 -8.074851640 0.396078 0.552941 0.243137
v -4.322640221 -1.228144369 -8.116962565 0.349020 0.447059 0.176471
v -4.303038590 -1.232952900 -8.109681888 0.447059 0.545098 0.305882
v -4.270728408 -1.253376791 -8.089430002 0.380392 0.529412 0.207843
v -4.376256927 -1.182001902 -8.156176481 0.564706 0.619608 0.498039
v -4.348868966 -1.197801975 -8.141548984 0.427451 0.545098 0.266667
v -4.320375083 -1.219849685 -8.126830142 0.403922 0.521569 0.254902
v -4.246086673 -1.262036901 -8.079332747 0.392157 0.560784 0.235294
v -4.290154775 -1.237278393 -8.109725608 0.423529 0.568627 0.290196
v -4.256279163 -1.256433122 -8.087347045 0.392157 0.552941 0.227451
v -4.354273151 -1.190459849 -8.150282503 0.443137 0.580392 0.258824
v -4.232708382 -1.267306815 -8.073203568 0.415686 0.584314 0.215686
v -4.367393646 -1.182182721 -8.161067440 0.494118 0.600000 0.349020
v -4.216893613 -1.274294813 -8.067376904 0.439216 0.431373 0.219608
v -4.273003680 -1.243843296 -8.105313511 0.384314 0.541176 0.211765
v -4.328323802 -1.207393231 -8.140680297 0.400000 0.541176 0.243137
v -4.206052480 -1.278213156 -8.062170389 0.282353 0.258824 0.247059
v -4.347351943 -1.186070029 -8.154936894 0.478431 0.603922 0.309804
v -4.316371269 -1.213075275 -8.138412214 0.427451 0.556863 0.258824
v -4.305920229 -1.219795071 -8.131958208 0.419608 0.580392 0.250980
v -4.260372887 -1.247035124 -8.104819119 0.364706 0.521569 0.184314
v -4.378186345 -1.167074412 -8.180672210 0.419608 0.431373 0.388235
v -4.274882965 -1.238010795 -8.116301633 0.400000 0.529412 0.235294
v -4.239748485 -1.255300352 -8.092450128 0.376471 0.541176 0.207843
v -4.230519578 -1.259625249 -8.086366503 0.458824 0.615686 0.231373
v -4.382404744 -1.146816469 -8.179660339 0.352941 0.380392 0.258824
v -4.220121445 -1.264472899 -8.080013610 0.466667 0.525490 0.219608
v -4.378050849 -1.157655968 -8.184425055 0.439216 0.498039 0.227451
v -4.367886535 -1.165094901 -8.181569987 0.454902 0.552941 0.258824
v -4.179001546 -1.284569329 -8.062745736 0.282353 0.301961 0.215686
v -4.325294725 -1.194919824 -8.158287163 0.423529 0.521569 0.211765
v -4.311935663 -1.206780884 -8.154311099 0.423529 0.525490 0.278431
v -4.351763217 -1.171282518 -8.178290871 0.431373 0.537255 0.266667
v -4.195377046 -1.268633201 -8.079002313 0.384314 0.349020 0.278431
v -4.324106997 -1.197075793 -8.166343064 0.345098 0.411765 0.152941
v -4.376209365 -1.152947025 -8.197340831 0.443137 0.474510 0.301961
v -4.232404657 -1.247625051 -8.106648910 0.372549 0.537255 0.192157
v -4.284084949 -1.221209907 -8.141928813 0.372549 0.490196 0.207843
v -4.264379088 -1.232155637 -8.131402751 0.349020 0.501961 0.160784
v -4.249015146 -1.238737276 -8.121297300 0.380392 0.545098 0.227451
v -4.178600223 -1.276905708 -8.074339957 0.592157 0.650980 0.360784
v -4.331219445 -1.182937215 -8.175359948 0.458824 0.603922 0.274510
v -4.312201497 -1.200537330 -8.165142946 0.447059 0.580392 0.270588
v -4.340481694 -1.170153473 -8.180424869 0.368627 0.474510 0.168627
v -4.208985757 -1.253896517 -8.096924351 0.400000 0.435294 0.196078
v -4.295443860 -1.210947055 -8.156395911 0.403922 0.564706 0.270588
v -4.190476008 -1.262354346 -8.087751929 0.509804 0.576471 0.298039
v -4.155155370 -1.287211424 -8.070756789 0.313725 0.337255 0.235294
v -4.355290898 -1.157406119 -8.199764686 0.474510 0.572549 0.286275
v -4.365489089 -1.148724624 -8.207788141 0.552941 0.631373 0.372549
v -4.226712933 -1.238103806 -8.119991660 0.356863 0.494118 0.172549
v -4.310303135 -1.193923686 -8.176808662 0.474510 0.607843 0.286275
v -4.162283761 -1.277591586 -8.079860333 0.411765 0.458824 0.250980
v -4.287100051 -1.208542807 -8.167561118 0.415686 0.572549 0.298039
v -4.269735032 -1.216384132 -8.156544294 0.372549 0.470588 0.200000
v -4.204667411 -1.243906281 -8.113051660 0.290196 0.286275 0.176471
v -4.317199138 -1.180355384 -8.189586514 0.462745 0.592157 0.266667
v -4.192237842 -1.248869991 -8.107793255 0.482353 0.572549 0.270588
v -4.363527573 -1.139484325 -8.218247175 0.552941 0.600000 0.352941
v -4.236509723 -1.227951077 -8.139613130 0.376471 0.521569 0.192157
v -4.331942013 -1.162903021 -8.201522515 0.419608 0.490196 0.250980
v -4.145500170 -1.279318761 -8.082353135 0.592157 0.658824 0.482353
v -4.257657615 -1.215422667 -8.159190884 0.415686 0.494118 0.290196
v -4.166801455 -1.260466805 -8.098157356 0.466667 0.623529 0.352941
v -4.154137259 -1.270755814 -8.091408895 0.407843 0.501961 0.266667
v -4.341662826 -1.153501935 -8.213774983 0.509804 0.623529 0.329412
v -4.285214367 -1.200943778 -8.181314531 0.415686 0.564706 0.247059
v -4.349168521 -1.146301408 -8.218457520 0.517647 0.635294 0.325490
v -4.202636872 -1.235774636 -8.125492894 0.411765 0.552941 0.196078
v -4.312688586 -1.174815424 -8.200183403 0.494118 0.611765 0.333333
v -4.220215985 -1.227689513 -8.138988775 0.368627 0.525490 0.215686
v -4.189223603 -1.241946941 -8.119295579 0.443137 0.588235 0.239216
v -4.168515140 -1.252997088 -8.109856837 0.454902 0.592157 0.274510
v -4.130823684 -1.283937674 -8.088135117 0.517647 0.600000 0.400000
v -4.138619393 -1.275744172 -8.092352550 0.498039 0.611765 0.321569
v -4.365716458 -1.126869636 -8.238142057 0.349020 0.368627 0.176471
v -4.299315018 -1.181130028 -8.200250477 0.380392 0.360784 0.282353
v -4.328365620 -1.157007990 -8.219149758 0.427451 0.513725 0.278431
v -4.247905039 -1.211633087 -8.169622148 0.411765 0.494118 0.258824
v -4.143843605 -1.267740303 -8.099702479 0.470588 0.580392 0.309804
v -4.261304231 -1.205412700 -8.180949989 0.388235 0.505882 0.243137
v -4.375705778 -1.122585499 -8.251950527 0.231373 0.266667 0.301961
v -4.274878887 -1.197770799 -8.190556688 0.403922 0.529412 0.219608
v -4.339827541 -1.142994222 -8.228658575 0.490196 0.627451 0.313725
v -4.305019174 -1.170765865 -8.208536342 0.403922 0.447059 0.235294
v -4.226479623 -1.216617950 -8.159762171 0.368627 0.498039 0.188235
v -4.311706303 -1.164680551 -8.215749303 0.478431 0.556863 0.305882
v -4.120577830 -1.280762794 -8.092339208 0.584314 0.709804 0.462745
v -4.348038035 -1.129436284 -8.239925668 0.505882 0.556863 0.329412
v -4.208980265 -1.220871326 -8.152609654 0.372549 0.501961 0.211765
v -4.248890611 -1.205274375 -8.181907705 0.345098 0.454902 0.168627
v -4.356585601 -1.121241049 -8.246689433 0.537255 0.568627 0.345098
v -4.128361241 -1.271823519 -8.101743342 0.454902 0.607843 0.309804
v -4.173863742 -1.236163912 -8.131887131 0.454902 0.611765 0.262745
v -4.137626569 -1.262476541 -8.109960917 0.447059 0.596078 0.282353
v -4.262574918 -1.197007327 -8.194822953 0.396078 0.537255 0.231373
v -4.236780109 -1.207286259 -8.177270845 0.364706 0.435294 0.219608
v -4.151931191 -1.250632771 -8.120010199 0.439216 0.572549 0.266667
v -4.296626691 -1.168182644 -8.216511730 0.419608 0.466667 0.231373
v -4.367546869 -1.111578107 -8.259350920 0.364706 0.400000 0.176471
v -4.283832208 -1.175599161 -8.211521815 0.364706 0.443137 0.149020
v -4.277502216 -1.183663191 -8.209236817 0.474510 0.568627 0.286275
v -4.158226746 -1.242773561 -8.128470769 0.454902 0.588235 0.266667
v -4.333670716 -1.132798524 -8.243161251 0.498039 0.549020 0.325490
v -4.209851975 -1.215128633 -8.164676356 0.352941 0.490196 0.188235
v -4.099694267 -1.287043117 -8.094936370 0.494118 0.533333 0.282353
v -4.139011496 -1.253463894 -8.119932369 0.454902 0.588235 0.290196
v -4.350480866 -1.114330882 -8.255104581 0.509804 0.576471 0.337255
v -4.307717483 -1.154870949 -8.232518532 0.486275 0.607843 0.313725
v -4.198312033 -1.217505852 -8.162233607 0.384314 0.517647 0.184314
v -4.117971483 -1.267419965 -8.110877765 0.439216 0.572549 0.262745
v -4.246019177 -1.196809728 -8.196782266 0.376471 0.529412 0.207843
v -4.226401622 -1.203954147 -8.183333223 0.396078 0.474510 0.231373
v -4.296739564 -1.159314669 -8.229108609 0.427451 0.552941 0.231373
v -4.280689628 -1.173692657 -8.220762785 0.470588 0.576471 0.301961
v -4.312971871 -1.146977034 -8.239929244 0.498039 0.603922 0.333333
v -4.360383734 -1.100107074 -8.265595090 0.349020 0.294118 0.258824
v -4.162506923 -1.231998130 -8.141148054 0.450980 0.592157 0.266667
v -4.254149943 -1.192242638 -8.205830048 0.392157 0.549020 0.211765
v -4.234790677 -1.199304763 -8.191853157 0.372549 0.486275 0.211765
v -4.211969105 -1.209138661 -8.176126800 0.368627 0.501961 0.203922
v -4.365828773 -1.097706727 -8.272450452 0.470588 0.517647 0.317647
v -4.182211151 -1.218984396 -8.157860935 0.380392 0.529412 0.207843
v -4.319532905 -1.135967963 -8.247873968 0.466667 0.584314 0.278431
v -4.333356984 -1.123392965 -8.255958099 0.498039 0.600000 0.325490
v -4.146945692 -1.240949362 -8.135816285 0.458824 0.596078 0.278431
v -4.137791809 -1.246581109 -8.130909804 0.470588 0.611765 0.313725
v -4.088799848 -1.285940974 -8.104119708 0.552941 0.650980 0.450980
v -4.300488740 -1.151744803 -8.241784501 0.486275 0.600000 0.333333
v -4.266586782 -1.176990659 -8.224511615 0.411765 0.564706 0.247059
v -4.349564901 -1.101679974 -8.271886274 0.517647 0.470588 0.368627
v -4.193186113 -1.211431127 -8.175702150 0.360784 0.486275 0.168627
v -4.287308985 -1.157741034 -8.240167123 0.447059 0.588235 0.282353
v -4.101931503 -1.267055761 -8.118998781 0.419608 0.537255 0.243137
v -4.118865095 -1.253502127 -8.130205184 0.435294 0.580392 0.278431
v -4.090297685 -1.276311487 -8.113280111 0.458824 0.572549 0.270588
v -4.229538754 -1.193798741 -8.205077246 0.400000 0.525490 0.274510
v -4.274690410 -1.166134790 -8.236601534 0.447059 0.584314 0.262745
v -4.178140219 -1.212994199 -8.170343261 0.380392 0.529412 0.196078
v -4.137557780 -1.238500609 -8.144894914 0.450980 0.588235 0.262745
v -4.073016928 -1.288588635 -8.106554431 0.250980 0.262745 0.211765
v -4.338653616 -1.105337701 -8.274794155 0.572549 0.619608 0.423529
v -4.239678174 -1.187999829 -8.217113163 0.388235 0.513725 0.219608
v -4.320331641 -1.122737956 -8.264954518 0.513725 0.607843 0.345098
v -4.348504554 -1.087497503 -8.277910845 0.211765 0.223529 0.200000
v -4.297489250 -1.144872307 -8.253314608 0.396078 0.466667 0.262745
v -4.144118892 -1.229558503 -8.153872739 0.466667 0.572549 0.290196
v -4.227281561 -1.189990713 -8.216043956 0.384314 0.509804 0.235294
v -4.118241468 -1.245721670 -8.142346696 0.439216 0.572549 0.266667
v -4.178934350 -1.207998256 -8.182257838 0.360784 0.501961 0.176471
v -4.075689865 -1.279816751 -8.118109248 0.462745 0.584314 0.298039
v -4.244016108 -1.179496087 -8.229904011 0.396078 0.529412 0.211765
v -4.201493430 -1.196167198 -8.199535856 0.372549 0.458824 0.207843
v -4.302441207 -1.133803384 -8.265292181 0.525490 0.654902 0.345098
v -4.346971377 -1.082892173 -8.287300206 0.439216 0.470588 0.270588
v -4.162390013 -1.213003266 -8.173926314 0.400000 0.541176 0.219608
v -4.131120848 -1.235522313 -8.154723993 0.415686 0.541176 0.231373
v -4.313057960 -1.120477574 -8.274131946 0.521569 0.619608 0.325490
v -4.335393973 -1.096477647 -8.285817481 0.533333 0.619608 0.352941
v -4.080749385 -1.271206329 -8.127202357 0.458824 0.596078 0.282353
v -4.143929402 -1.222673770 -8.165880612 0.447059 0.576471 0.262745
v -4.277892270 -1.150029379 -8.257439646 0.466667 0.576471 0.282353
v -4.053729181 -1.291088169 -8.114429513 0.525490 0.517647 0.396078
v -4.061542769 -1.281924728 -8.120741827 0.474510 0.615686 0.317647
v -4.170687103 -1.204917057 -8.190518149 0.345098 0.490196 0.172549
v -4.216809029 -1.186313809 -8.223986135 0.376471 0.478431 0.180392
v -4.335436616 -1.086320443 -8.293118551 0.580392 0.654902 0.411765
v -4.201850139 -1.189227782 -8.212606729 0.521569 0.545098 0.341176
v -4.343746236 -1.072795537 -8.296276086 0.356863 0.207843 0.196078
v -4.084018354 -1.261535671 -8.137857197 0.458824 0.596078 0.286275
v -4.254335144 -1.161980604 -8.251573821 0.435294 0.556863 0.247059
v -4.301554467 -1.121957814 -8.280013202 0.505882 0.611765 0.329412
v -4.175724365 -1.199323469 -8.200599846 0.380392 0.517647 0.180392
v -4.261174645 -1.155428227 -8.260116555 0.423529 0.537255 0.231373
v -4.280453161 -1.137420072 -8.271818541 0.372549 0.450980 0.164706
v -4.155276977 -1.206176559 -8.190638679 0.313725 0.450980 0.156863
v -4.224430392 -1.177474576 -8.240239992 0.400000 0.533333 0.196078
v -4.118154810 -1.230963038 -8.168995886 0.423529 0.560784 0.258824
v -4.300975547 -1.114340740 -8.288114804 0.494118 0.588235 0.298039
v -4.040058270 -1.286696030 -8.122115705 0.235294 0.294118 0.164706
v -4.237362093 -1.167468598 -8.251686210 0.407843 0.549020 0.207843
v -4.312852269 -1.104249271 -8.296423259 0.541176 0.635294 0.384314
v -4.059368261 -1.271200726 -8.135996608 0.458824 0.592157 0.258824
v -4.086122676 -1.250346286 -8.152378641 0.435294 0.568627 0.258824
v -4.179553603 -1.192044307 -8.213429752 0.345098 0.482353 0.184314
v -4.250463538 -1.154664983 -8.263413382 0.407843 0.525490 0.211765
v -4.327831639 -1.078384476 -8.307787955 0.556863 0.647059 0.376471
v -4.162433098 -1.198721685 -8.205984244 0.360784 0.501961 0.176471
v -4.182984247 -1.184695990 -8.220219932 0.603922 0.600000 0.443137
v -4.269554173 -1.138363133 -8.278929980 0.450980 0.494118 0.290196
v -4.099761293 -1.236750563 -8.167266937 0.419608 0.541176 0.235294
v -4.340375671 -1.062830758 -8.317450939 0.345098 0.286275 0.227451
v -4.046768414 -1.274507342 -8.136593501 0.478431 0.627451 0.266667
v -4.126497689 -1.216857189 -8.187737918 0.439216 0.584314 0.290196
v -4.059264255 -1.263598306 -8.146108004 0.470588 0.600000 0.266667
v -4.285029991 -1.119815849 -8.292347366 0.470588 0.564706 0.290196
v -4.196219829 -1.180267471 -8.236438717 0.388235 0.529412 0.223529
v -4.312059605 -1.092749608 -8.307201540 0.521569 0.643137 0.345098
v -4.230915707 -1.161033772 -8.260416164 0.388235 0.494118 0.184314
v -4.066475363 -1.256345611 -8.153310682 0.466667 0.596078 0.286275
v -4.171365742 -1.189182460 -8.221803746 0.337255 0.462745 0.180392
v -4.210932085 -1.173021204 -8.251412022 0.423529 0.556863 0.243137
v -4.290253256 -1.111807496 -8.299697449 0.501961 0.607843 0.309804
v -4.258919482 -1.141309986 -8.282431272 0.462745 0.592157 0.286275
v -4.330098977 -1.069156928 -8.320618612 0.541176 0.564706 0.368627
v -4.105429074 -1.228649772 -8.181723546 0.458824 0.596078 0.298039
v -4.112865646 -1.221194085 -8.189365430 0.419608 0.564706 0.243137
v -4.085053049 -1.238858257 -8.171900395 0.427451 0.560784 0.262745
v -4.149137718 -1.197072775 -8.213423627 0.380392 0.533333 0.211765
v -4.038633156 -1.269779590 -8.145072916 0.486275 0.611765 0.321569
v -4.275043292 -1.118956300 -8.299173951 0.478431 0.552941 0.274510
v -4.310755975 -1.083498854 -8.319050403 0.549020 0.666667 0.380392
v -4.216142775 -1.162900939 -8.264921662 0.407843 0.529412 0.192157
v -4.091248519 -1.230631047 -8.183258998 0.419608 0.556863 0.231373
v -4.235762724 -1.148548998 -8.279408315 0.400000 0.505882 0.203922
v -4.223940642 -1.157108817 -8.272290956 0.415686 0.552941 0.211765
v -4.258764324 -1.129059365 -8.295483418 0.447059 0.556863 0.235294
v -4.020089064 -1.278107468 -8.140986646 0.474510 0.635294 0.337255
v -4.112884607 -1.215075802 -8.199717366 0.423529 0.568627 0.254902
v -4.168617258 -1.182204563 -8.236918762 0.380392 0.466667 0.227451
v -4.197328115 -1.170237645 -8.258249272 0.423529 0.552941 0.235294
v -4.329243094 -1.056392816 -8.334366742 0.619608 0.631373 0.443137
v -4.120132037 -1.207956659 -8.206990800 0.419608 0.560784 0.274510
v -4.317368953 -1.067523776 -8.331221315 0.517647 0.635294 0.345098
v -4.291263034 -1.096258467 -8.318221110 0.482353 0.592157 0.309804
v -4.275856840 -1.111964075 -8.310094405 0.505882 0.619608 0.329412
v -4.130449952 -1.198688053 -8.217311425 0.403922 0.549020 0.219608
v -4.034614078 -1.262949052 -8.156624252 0.443137 0.564706 0.239216
v -4.042792231 -1.255461205 -8.164733347 0.443137 0.568627 0.250980
v -4.004315891 -1.283184409 -8.141430010 0.560784 0.639216 0.360784
v -4.302930308 -1.078874757 -8.330192954 0.466667 0.568627 0.278431
v -4.213930681 -1.155132738 -8.279071227 0.427451 0.560784 0.227451
v -4.264064187 -1.117541779 -8.312317321 0.490196 0.619608 0.301961
v -4.020135707 -1.267964969 -8.154486506 0.462745 0.588235 0.254902
v -4.293520062 -1.085623209 -8.328911129 0.501961 0.615686 0.333333
v -4.324407633 -1.046925959 -8.344222497 0.388235 0.407843 0.337255
v -4.092276780 -1.218243977 -8.202849664 0.427451 0.576471 0.258824
v -4.083212208 -1.223173114 -8.197088163 0.431373 0.576471 0.254902
v -4.137634016 -1.190304922 -8.232712423 0.364706 0.517647 0.176471
v -4.148047070 -1.185508457 -8.240124433 0.352941 0.498039 0.168627
v -4.158229674 -1.179868325 -8.247088472 0.376471 0.486275 0.215686
v -4.270746711 -1.108015091 -8.320501657 0.525490 0.639216 0.356863
v -4.279083918 -1.099045389 -8.324793641 0.498039 0.603922 0.321569
v -4.253354293 -1.121943674 -8.310463460 0.411765 0.529412 0.196078
v -4.313711968 -1.061328737 -8.343532615 0.545098 0.686275 0.368627
v -4.058294415 -1.238041864 -8.184391093 0.458824 0.603922 0.254902
v -4.176487640 -1.169456395 -8.262992368 0.400000 0.525490 0.219608
v -4.191437719 -1.162048901 -8.274299005 0.345098 0.341176 0.200000
v -4.232278835 -1.137832418 -8.301340809 0.435294 0.572549 0.247059
v -4.216533495 -1.146803577 -8.291468788 0.403922 0.498039 0.192157
v -4.302563838 -1.071338285 -8.340825067 0.482353 0.572549 0.317647
v -4.103620256 -1.206893374 -8.216255695 0.450980 0.576471 0.262745
v -4.065513187 -1.230817347 -8.191608700 0.443137 0.584314 0.254902
v -4.120204818 -1.195847268 -8.227760578 0.411765 0.568627 0.247059
v -4.017937876 -1.261280207 -8.165569853 0.439216 0.576471 0.262745
v -4.203505408 -1.152660598 -8.289169466 0.407843 0.505882 0.231373
v -4.323306872 -1.041846578 -8.356517207 0.478431 0.447059 0.352941
v -4.125374133 -1.190735550 -8.237066568 0.392157 0.545098 0.203922
v -4.002800511 -1.269726948 -8.158999776 0.466667 0.615686 0.301961
v -3.985342569 -1.283415605 -8.148833938 0.301961 0.380392 0.227451
v -4.029155063 -1.250492577 -8.178726925 0.427451 0.545098 0.219608
v -4.168376492 -1.164482172 -8.269401144 0.407843 0.490196 0.200000
v -4.108805883 -1.197715630 -8.229720460 0.392157 0.533333 0.223529
v -4.157299842 -1.170960989 -8.262757497 0.533333 0.545098 0.341176
v -4.077863717 -1.216280019 -8.210124136 0.450980 0.584314 0.227451
v -4.236912771 -1.126292046 -8.316769272 0.423529 0.549020 0.223529
v -4.264640626 -1.102127284 -8.333038228 0.501961 0.592157 0.313725
v -4.214842142 -1.142316204 -8.303591363 0.419608 0.564706 0.227451
v -4.176754484 -1.162186552 -8.277952182 0.380392 0.392157 0.215686
v -4.227196057 -1.133979325 -8.311799394 0.396078 0.509804 0.203922
v -4.277816077 -1.086833224 -8.342898220 0.529412 0.603922 0.356863
v -4.034643041 -1.241395547 -8.188655672 0.419608 0.549020 0.235294
v -3.985888797 -1.277503474 -8.159232651 0.568627 0.674510 0.384314
v -4.089141511 -1.205715235 -8.224429271 0.415686 0.552941 0.215686
v -4.128355586 -1.185164724 -8.251288325 0.380392 0.537255 0.188235
v -4.317587195 -1.042872671 -8.366767107 0.568627 0.600000 0.388235
v -4.015941680 -1.253271161 -8.178075040 0.439216 0.572549 0.239216
v -4.249950387 -1.111521180 -8.331519760 0.521569 0.635294 0.333333
v -4.267634739 -1.093509010 -8.342126648 0.494118 0.615686 0.337255
v -3.999696105 -1.263504365 -8.169296454 0.466667 0.611765 0.258824
v -4.141690501 -1.175609324 -8.263520008 0.368627 0.490196 0.184314
v -4.301773344 -1.057783601 -8.361921575 0.517647 0.643137 0.325490
v -4.096537357 -1.199141801 -8.233022820 0.415686 0.549020 0.247059
v -3.973397507 -1.282240243 -8.156948014 0.196078 0.235294 0.164706
v -3.990125441 -1.269662977 -8.167702135 0.439216 0.580392 0.235294
v -4.209832940 -1.137702642 -8.313162274 0.443137 0.580392 0.243137
v -4.174547459 -1.158561987 -8.290048620 0.466667 0.568627 0.266667
v -4.221394951 -1.129213893 -8.320804066 0.439216 0.568627 0.227451
v -4.036411605 -1.235155939 -8.198395110 0.415686 0.545098 0.215686
v -4.188411327 -1.148893167 -8.302282655 0.419608 0.494118 0.200000
v -4.001541927 -1.256513146 -8.179184441 0.447059 0.576471 0.243137
v -4.128340978 -1.179954014 -8.262603869 0.372549 0.521569 0.180392
v -4.057253356 -1.218407876 -8.216345497 0.411765 0.549020 0.211765
v -4.108678491 -1.188996225 -8.251132300 0.372549 0.517647 0.192157
v -4.281110686 -1.072098843 -8.360824008 0.466667 0.564706 0.243137
v -4.094417855 -1.194809051 -8.244258754 0.392157 0.529412 0.231373
v -4.271783864 -1.079154038 -8.359705695 0.478431 0.592157 0.270588
v -3.982671962 -1.266741499 -8.176530315 0.427451 0.572549 0.247059
v -4.296780613 -1.054261600 -8.375648572 0.462745 0.603922 0.266667
v -4.219946693 -1.122526354 -8.332370191 0.470588 0.603922 0.266667
v -4.250184517 -1.096911053 -8.350540848 0.443137 0.556863 0.262745
v -4.139861357 -1.166155187 -8.281510561 0.639216 0.623529 0.450980
v -4.025465487 -1.231465586 -8.206392135 0.435294 0.588235 0.278431
v -4.148834600 -1.162953242 -8.289158151 0.403922 0.450980 0.188235
v -4.159266626 -1.158230211 -8.296607066 0.427451 0.541176 0.254902
v -4.302623676 -1.045773303 -8.383228632 0.498039 0.619608 0.290196
v -4.189099280 -1.140411819 -8.317084397 0.423529 0.564706 0.243137
v -4.058339558 -1.210359850 -8.228830032 0.419608 0.556863 0.207843
v -4.261317952 -1.084788149 -8.361474717 0.470588 0.576471 0.274510
v -4.314085895 -1.035186073 -8.390728685 0.596078 0.639216 0.384314
v -4.282114426 -1.063743934 -8.373145958 0.466667 0.596078 0.266667
v -4.008903519 -1.240531765 -8.198025264 0.407843 0.556863 0.219608
v -4.313688304 -1.028602164 -8.389793257 0.368627 0.411765 0.160784
v -4.067585932 -1.204036179 -8.237009684 0.380392 0.533333 0.207843
v -4.175931759 -1.146453035 -8.311365852 0.415686 0.545098 0.215686
v -4.044698213 -1.217752866 -8.224249475 0.415686 0.556863 0.223529
v -4.082886708 -1.195159284 -8.250087086 0.388235 0.541176 0.200000
v -4.234797682 -1.103409520 -8.350704803 0.447059 0.545098 0.247059
v -4.194702678 -1.131735501 -8.327235035 0.400000 0.521569 0.203922
v -4.204862002 -1.124977772 -8.334153725 0.454902 0.584314 0.250980
v -4.108756999 -1.180001890 -8.270881234 0.380392 0.494118 0.211765
v -3.961313399 -1.269912850 -8.175054516 0.407843 0.533333 0.180392
v -3.950038730 -1.273265451 -8.170034523 0.290196 0.349020 0.215686
v -3.969544776 -1.262617024 -8.183265344 0.423529 0.572549 0.227451
v -4.319203803 -1.030920012 -8.406123481 0.349020 0.384314 0.160784
v -3.981987365 -1.252544188 -8.191644112 0.423529 0.576471 0.262745
v -4.219066348 -1.111734297 -8.348134669 0.454902 0.580392 0.258824
v -4.057062034 -1.203264406 -8.242789800 0.403922 0.564706 0.223529
v -4.307086906 -1.028116818 -8.400335902 0.474510 0.517647 0.349020
v -4.142729640 -1.158105249 -8.302729862 0.482353 0.517647 0.286275
v -4.183953393 -1.134263679 -8.330515044 0.439216 0.576471 0.247059
v -4.236581466 -1.095162870 -8.363568887 0.458824 0.560784 0.254902
v -4.002399629 -1.235247950 -8.210820857 0.415686 0.556863 0.223529
v -4.090417658 -1.183925613 -8.269258819 0.372549 0.521569 0.184314
v -3.991205912 -1.241995876 -8.203897504 0.415686 0.564706 0.266667
v -4.077722773 -1.191007783 -8.261419576 0.392157 0.537255 0.196078
v -4.284254377 -1.055775875 -8.393923859 0.486275 0.607843 0.278431
v -4.029339871 -1.218167097 -8.230657933 0.419608 0.572549 0.231373
v -4.064533560 -1.195938243 -8.254624776 0.435294 0.584314 0.219608
v -4.038785118 -1.210516336 -8.238195938 0.439216 0.580392 0.262745
v -4.264567076 -1.069882847 -8.385495952 0.458824 0.592157 0.250980
v -3.966472188 -1.254443752 -8.192589054 0.411765 0.552941 0.215686
v -4.123442480 -1.162338499 -8.296112433 0.419608 0.423529 0.227451
v -4.294900036 -1.043921473 -8.403906538 0.498039 0.647059 0.309804
v -4.009839177 -1.226772204 -8.222593537 0.415686 0.564706 0.250980
v -4.190164245 -1.125062027 -8.342933612 0.447059 0.572549 0.231373
v -4.209012942 -1.110630474 -8.354830308 0.482353 0.584314 0.286275
v -3.952121921 -1.260962693 -8.186575856 0.439216 0.584314 0.247059
v -4.046097003 -1.202598512 -8.247655983 0.372549 0.498039 0.149020
v -3.974933360 -1.245934535 -8.201250472 0.435294 0.596078 0.215686
v -3.941968695 -1.265679842 -8.180701045 0.349020 0.450980 0.231373
v -4.248148511 -1.080508308 -8.381536433 0.458824 0.596078 0.250980
v -4.302532394 -1.029631547 -8.412907210 0.458824 0.537255 0.301961
v -4.154194636 -1.145134785 -8.325651668 0.411765 0.549020 0.219608
v -4.096465457 -1.174123433 -8.287547759 0.384314 0.529412 0.184314
v -4.128427538 -1.156549285 -8.309186488 0.552941 0.541176 0.309804
v -4.177763253 -1.129095133 -8.342884927 0.474510 0.588235 0.258824
v -3.983839244 -1.237327917 -8.213923846 0.419608 0.580392 0.223529
v -4.214104320 -1.101106190 -8.368111477 0.419608 0.529412 0.211765
v -4.139647191 -1.149896719 -8.321318363 0.435294 0.564706 0.247059
v -3.952909287 -1.252846874 -8.196416253 0.400000 0.545098 0.196078
v -4.234691731 -1.085485947 -8.384534408 0.462745 0.596078 0.250980
v -4.016689172 -1.215097734 -8.241469765 0.439216 0.580392 0.270588
v -4.275137130 -1.056385333 -8.410748748 0.490196 0.619608 0.290196
v -4.191348199 -1.115306746 -8.359733620 0.505882 0.588235 0.298039
v -4.001641565 -1.219748504 -8.237137537 0.392157 0.541176 0.203922
v -4.092110479 -1.171218507 -8.298447709 0.388235 0.549020 0.203922
v -4.103661010 -1.163723220 -8.306068083 0.396078 0.533333 0.200000
v -4.282063373 -1.049116218 -8.421522506 0.454902 0.588235 0.266667
v -4.290609112 -1.040221065 -8.426276265 0.482353 0.596078 0.298039
v -4.302235074 -1.031967456 -8.434041634 0.580392 0.627451 0.407843
v -4.063406325 -1.185274072 -8.281257257 0.376471 0.513725 0.172549
v -4.025204550 -1.204720145 -8.255391826 0.396078 0.552941 0.207843
v -4.169735011 -1.124760870 -8.353635811 0.474510 0.549020 0.258824
v -3.944837075 -1.247315258 -8.202951534 0.376471 0.521569 0.184314
v -4.202597635 -1.102578366 -8.375017460 0.431373 0.549020 0.223529
v -3.927089421 -1.258907675 -8.193253334 0.525490 0.643137 0.341176
v -4.150018507 -1.135667467 -8.344120016 0.450980 0.580392 0.258824
v -4.129389662 -1.147009357 -8.330710369 0.458824 0.584314 0.262745
v -4.248905799 -1.070215221 -8.407816292 0.454902 0.596078 0.247059
v -4.118206601 -1.151734469 -8.323806776 0.478431 0.509804 0.243137
v -4.296757950 -1.029092828 -8.436405769 0.494118 0.588235 0.317647
v -4.106587310 -1.157945928 -8.318116455 0.419608 0.501961 0.227451
v -4.316768219 -1.035403937 -8.457946079 0.352941 0.388235 0.156863
v -3.974701881 -1.227549409 -8.230710548 0.384314 0.545098 0.184314
v -3.947898204 -1.239975395 -8.212170501 0.384314 0.537255 0.168627
v -4.039544205 -1.194041865 -8.275826302 0.407843 0.564706 0.211765
v -4.281024525 -1.048060039 -8.433886167 0.458824 0.576471 0.258824
v -4.175766876 -1.115935776 -8.367771658 0.443137 0.564706 0.239216
v -3.957274310 -1.233097739 -8.221634873 0.376471 0.529412 0.160784
v -4.012119359 -1.204879760 -8.259116610 0.392157 0.533333 0.196078
v -4.191121403 -1.105189841 -8.378888820 0.447059 0.584314 0.250980
v -4.078914476 -1.170970672 -8.306082627 0.392157 0.541176 0.207843
v -4.055177022 -1.183290850 -8.290581523 0.400000 0.560784 0.211765
v -3.990180443 -1.216231214 -8.246196279 0.396078 0.552941 0.192157
v -4.219060535 -1.085927924 -8.398662345 0.450980 0.560784 0.239216
v -4.068709328 -1.175496909 -8.300106671 0.396078 0.549020 0.219608
v -3.921860428 -1.250390965 -8.203427092 0.156863 0.200000 0.098039
v -4.259559835 -1.057025498 -8.428075685 0.474510 0.615686 0.298039
v -4.127494225 -1.141437469 -8.343412783 0.427451 0.482353 0.235294
v -4.197718980 -1.096381812 -8.391031678 0.431373 0.552941 0.219608
v -4.236745502 -1.071012014 -8.417522430 0.450980 0.603922 0.258824
v -3.937762806 -1.234443097 -8.217675420 0.380392 0.545098 0.180392
v -4.151318641 -1.123245365 -8.364239342 0.435294 0.537255 0.219608
v -4.098467191 -1.154304843 -8.330750361 0.513725 0.545098 0.337255
v -4.004611770 -1.202791324 -8.267839384 0.380392 0.513725 0.184314
v -4.249010629 -1.061317667 -8.429680500 0.458824 0.611765 0.282353
v -3.962304521 -1.223348547 -8.238921887 0.364706 0.517647 0.156863
v -4.270857564 -1.048600686 -8.445517600 0.466667 0.592157 0.274510
v -4.057087306 -1.176540328 -8.305755030 0.372549 0.513725 0.200000
v -4.082038413 -1.162826072 -8.322641997 0.396078 0.541176 0.192157
v -3.922494152 -1.238281100 -8.212912590 0.376471 0.533333 0.149020
v -4.172848508 -1.108330557 -8.383584790 0.431373 0.549020 0.211765
v -4.212828728 -1.083703851 -8.409922009 0.447059 0.568627 0.235294
v -3.947785501 -1.227184000 -8.231547955 0.356863 0.509804 0.164706
v -4.028391158 -1.190625334 -8.288580176 0.392157 0.545098 0.207843
v -4.282158440 -1.036392893 -8.454767303 0.443137 0.545098 0.262745
v -4.046018549 -1.180651045 -8.301136154 0.380392 0.529412 0.180392
v -4.069549188 -1.168601430 -8.317265381 0.423529 0.556863 0.235294
v -4.252981766 -1.056626931 -8.439695775 0.419608 0.564706 0.219608
v -4.219395692 -1.076846262 -8.417881234 0.454902 0.584314 0.243137
v -4.227290528 -1.071410684 -8.425438424 0.447059 0.588235 0.243137
v -3.933266872 -1.227925889 -8.227269785 0.368627 0.525490 0.164706
v -4.192279300 -1.093279428 -8.403889016 0.466667 0.576471 0.262745
v -4.288302736 -1.024916507 -8.463804300 0.352941 0.364706 0.309804
v -4.032339384 -1.185845676 -8.298546870 0.376471 0.529412 0.196078
v -4.083978545 -1.157217297 -8.333747648 0.400000 0.529412 0.227451
v -4.098596342 -1.148591717 -8.343377948 0.662745 0.580392 0.435294
v -4.113923312 -1.140838455 -8.354441427 0.443137 0.537255 0.235294
v -3.965594870 -1.215819502 -8.253744376 0.356863 0.517647 0.172549
v -4.257411476 -1.051554640 -8.449569404 0.435294 0.576471 0.243137
v -3.985021562 -1.206942297 -8.268884614 0.329412 0.470588 0.133333
v -4.005661387 -1.196667101 -8.283344702 0.423529 0.552941 0.239216
v -4.238800933 -1.061701183 -8.438135686 0.419608 0.560784 0.227451
v -4.045904033 -1.176103981 -8.312259076 0.396078 0.549020 0.196078
v -4.129288808 -1.130136530 -8.368675906 0.435294 0.564706 0.239216
v -4.175819553 -1.099626466 -8.398816274 0.447059 0.584314 0.247059
v -4.163488296 -1.107014657 -8.391685381 0.447059 0.564706 0.223529
v -3.972640288 -1.211051584 -8.263718290 0.384314 0.537255 0.180392
v -4.142949542 -1.118688805 -8.380514232 0.427451 0.552941 0.219608
v -3.920194550 -1.226066142 -8.226892689 0.337255 0.490196 0.149020
v -4.216043920 -1.073835460 -8.428724092 0.447059 0.584314 0.243137
v -4.285364092 -1.026851182 -8.474473593 0.215686 0.231373 0.188235
v -4.069593819 -1.160514534 -8.334886323 0.419608 0.564706 0.200000
v -4.245112704 -1.054936275 -8.450753792 0.431373 0.580392 0.231373
v -4.017061781 -1.187588779 -8.300986610 0.396078 0.537255 0.203922
v -4.105579403 -1.139469515 -8.363545388 0.439216 0.529412 0.227451
v -3.947788787 -1.216882080 -8.255277356 0.349020 0.517647 0.145098
v -3.985064171 -1.201940967 -8.282374618 0.372549 0.545098 0.203922
v -3.934687194 -1.219039708 -8.245560239 0.360784 0.513725 0.141176
v -3.996327559 -1.196480209 -8.290465688 0.384314 0.549020 0.211765
v -4.258432393 -1.048419888 -8.466050814 0.474510 0.596078 0.278431
v -4.268576766 -1.042639187 -8.472940379 0.447059 0.564706 0.247059
v -4.088286092 -1.146542503 -8.354731251 0.733333 0.627451 0.513725
v -4.282865464 -1.035532110 -8.484099852 0.419608 0.498039 0.203922
v -4.224381432 -1.064870556 -8.444363618 0.384314 0.533333 0.172549
v -4.047979759 -1.167903451 -8.329819815 0.388235 0.541176 0.215686
v -4.151066568 -1.106846519 -8.399848302 0.419608 0.549020 0.200000
v -4.140660427 -1.113731405 -8.393481760 0.431373 0.545098 0.215686
v -4.291719699 -1.027801574 -8.494451696 0.325490 0.345098 0.254902
v -3.963408923 -1.209178439 -8.275164874 0.376471 0.533333 0.172549
v -4.004685148 -1.188621129 -8.305113326 0.384314 0.537255 0.196078
v -4.177937325 -1.089510180 -8.420581022 0.435294 0.560784 0.219608
v -3.915830108 -1.217969413 -8.240867201 0.321569 0.486275 0.101961
v -4.191156049 -1.081594230 -8.430526310 0.462745 0.588235 0.266667
v -4.036604715 -1.170886982 -8.329761288 0.396078 0.549020 0.211765
v -4.095295111 -1.139578749 -8.369792259 0.450980 0.568627 0.250980
v -4.111923388 -1.129724378 -8.381382299 0.458824 0.576471 0.258824
v -4.238785029 -1.053391706 -8.464920705 0.423529 0.537255 0.188235
v -3.948779611 -1.212608357 -8.270670092 0.356863 0.521569 0.141176
v -3.992146567 -1.193184012 -8.301704565 0.372549 0.533333 0.192157
v -4.277377213 -1.031250447 -8.491544706 0.388235 0.458824 0.211765
v -4.129483934 -1.116413987 -8.395873012 0.443137 0.549020 0.227451
v -4.119025749 -1.123103833 -8.390435138 0.470588 0.592157 0.250980
v -4.214987927 -1.064464239 -8.453431353 0.407843 0.556863 0.192157
v -4.068629345 -1.150448820 -8.357709864 0.415686 0.509804 0.219608
v -4.194564016 -1.074497656 -8.441451921 0.447059 0.576471 0.250980
v -4.159476454 -1.095053726 -8.418722813 0.431373 0.556863 0.215686
v -3.966395832 -1.203623998 -8.290425311 0.372549 0.529412 0.156863
v -4.225173462 -1.057803887 -8.464526102 0.443137 0.576471 0.219608
v -4.013975658 -1.178334742 -8.324724955 0.427451 0.541176 0.223529
v -4.253236518 -1.044154627 -8.484543033 0.466667 0.568627 0.274510
v -3.925148330 -1.213972924 -8.262594815 0.341176 0.509804 0.125490
v -4.173777046 -1.085259138 -8.431860245 0.443137 0.580392 0.243137
v -3.954017775 -1.207746114 -8.285266254 0.372549 0.537255 0.156863
v -3.977988116 -1.195251238 -8.303284024 0.384314 0.537255 0.172549
v -4.237694755 -1.050079762 -8.477183239 0.439216 0.556863 0.215686
v -4.097541470 -1.132000942 -8.385619445 0.474510 0.600000 0.274510
v -3.904216400 -1.213887405 -8.248595757 0.301961 0.458824 0.074510
v -4.143868749 -1.101774754 -8.415363459 0.435294 0.572549 0.239216
v -4.083071061 -1.140141131 -8.376278207 0.435294 0.513725 0.219608
v -4.203659402 -1.066587816 -8.455526446 0.419608 0.564706 0.223529
v -3.932418711 -1.213127169 -8.273007957 0.333333 0.501961 0.105882
v -4.041781698 -1.160646459 -8.350428216 0.392157 0.517647 0.203922
v -3.911572193 -1.214390379 -8.258144231 0.278431 0.435294 0.070588
v -3.989134832 -1.188329491 -8.315271817 0.400000 0.552941 0.188235
v -4.051004817 -1.155269282 -8.357531567 0.396078 0.541176 0.207843
v -4.162302825 -1.088912683 -8.431610470 0.450980 0.576471 0.250980
v -4.263755216 -1.034589605 -8.501442839 0.423529 0.498039 0.247059
v -4.204843473 -1.060962643 -8.466138630 0.427451 0.564706 0.207843
v -4.270990937 -1.028463084 -8.511788411 0.341176 0.356863 0.250980
v -4.151066678 -1.092407923 -8.430790516 0.454902 0.568627 0.250980
v -4.171800457 -1.079387863 -8.444404575 0.427451 0.552941 0.219608
v -3.891312479 -1.208854972 -8.249632311 0.341176 0.494118 0.098039
v -3.993300528 -1.182290127 -8.327729093 0.403922 0.564706 0.196078
v -3.972528150 -1.193105263 -8.314038843 0.392157 0.560784 0.196078
v -4.140705527 -1.097395230 -8.426574613 0.419608 0.537255 0.203922
v -4.106766732 -1.119411644 -8.405103970 0.439216 0.549020 0.235294
v -4.180926534 -1.072626551 -8.454414836 0.443137 0.576471 0.215686
v -3.961348093 -1.196809419 -8.309205102 0.380392 0.552941 0.192157
v -3.947853824 -1.202681217 -8.299755049 0.356863 0.529412 0.156863
v -3.887304966 -1.204499071 -8.249755864 0.447059 0.545098 0.262745
v -4.005614210 -1.174834637 -8.339980802 0.415686 0.568627 0.196078
v -4.057247045 -1.147216674 -8.375170205 0.403922 0.513725 0.231373
v -4.125329791 -1.104964509 -8.419541190 0.450980 0.588235 0.278431
v -4.093398191 -1.126780410 -8.400026785 0.454902 0.592157 0.250980
v -3.910168550 -1.213716088 -8.273866715 0.294118 0.450980 0.105882
v -4.244965820 -1.037894200 -8.502038662 0.466667 0.584314 0.286275
v -3.981976353 -1.185461698 -8.326737661 0.403922 0.560784 0.168627
v -4.258276078 -1.031342135 -8.512160311 0.490196 0.549020 0.333333
v -4.012808105 -1.169585325 -8.349214895 0.447059 0.600000 0.227451
v -4.074622824 -1.137352911 -8.391364988 0.439216 0.521569 0.235294
v -4.190225719 -1.064434059 -8.466823363 0.435294 0.572549 0.207843
v -4.210861793 -1.053118749 -8.481280093 0.431373 0.576471 0.223529
v -4.159397668 -1.081356038 -8.447448337 0.443137 0.556863 0.227451
v -3.896544027 -1.213951955 -8.270350926 0.301961 0.470588 0.094118
v -4.027426443 -1.158895056 -8.365032299 0.411765 0.552941 0.227451
v -4.138757348 -1.091628415 -8.439176286 0.454902 0.560784 0.250980
v -4.176809428 -1.068529575 -8.464744213 0.443137 0.568627 0.215686
v -3.888544699 -1.216912689 -8.268939998 0.341176 0.498039 0.105882
v -3.919877893 -1.209430827 -8.293315838 0.329412 0.490196 0.121569
v -3.988209680 -1.178408361 -8.341266958 0.403922 0.552941 0.196078
v -3.883178942 -1.208621305 -8.263161869 0.454902 0.560784 0.282353
v -4.103651443 -1.113149044 -8.419505447 0.443137 0.537255 0.231373
v -4.083961680 -1.127244289 -8.407975797 0.462745 0.600000 0.274510
v -3.902975179 -1.214845998 -8.283200588 0.321569 0.490196 0.129412
v -4.230481384 -1.039793812 -8.505045100 0.427451 0.541176 0.239216
v -4.213007616 -1.047230604 -8.492784485 0.435294 0.584314 0.243137
v -4.146919894 -1.084079502 -8.449315028 0.447059 0.576471 0.239216
v -3.871779771 -1.207394801 -8.258932291 0.498039 0.592157 0.329412
v -4.067555532 -1.134819400 -8.400946464 0.427451 0.533333 0.243137
v -3.883317143 -1.214956696 -8.271791293 0.341176 0.501961 0.113725
v -4.190213743 -1.057171027 -8.481241035 0.443137 0.580392 0.215686
v -4.156268250 -1.076068812 -8.458725344 0.450980 0.564706 0.223529
v -3.932542541 -1.201205477 -8.309348178 0.352941 0.525490 0.160784
v -4.199768550 -1.049918430 -8.491052516 0.443137 0.580392 0.235294
v -4.036539011 -1.148985397 -8.385328297 0.423529 0.541176 0.223529
v -4.012859482 -1.161522236 -8.369942979 0.439216 0.584314 0.247059
v -3.994385686 -1.171140580 -8.357743644 0.407843 0.549020 0.184314
v -4.110977931 -1.102190911 -8.435180938 0.474510 0.596078 0.270588
v -3.946818736 -1.193383184 -8.326563085 0.384314 0.541176 0.176471
v -3.978698614 -1.177569786 -8.350104684 0.419608 0.572549 0.203922
v -4.091270672 -1.115194502 -8.425684153 0.458824 0.556863 0.262745
v -4.246958470 -1.024226528 -8.528717619 0.545098 0.600000 0.400000
v -4.069585775 -1.129541959 -8.412227654 0.501961 0.560784 0.305882
v -4.123245789 -1.092511286 -8.446316277 0.458824 0.576471 0.239216
v -4.048010727 -1.140169319 -8.397953142 0.650980 0.549020 0.407843
v -4.080895587 -1.122189898 -8.420408159 0.466667 0.545098 0.262745
v -3.921214744 -1.204366408 -8.312478638 0.415686 0.572549 0.239216
v -3.881741615 -1.218807403 -8.284083945 0.352941 0.517647 0.156863
v -3.956159462 -1.187411113 -8.338023484 0.392157 0.541176 0.172549
v -3.861495927 -1.226405801 -8.272454639 0.396078 0.427451 0.298039
v -3.871174715 -1.218242950 -8.278328032 0.454902 0.568627 0.298039
v -4.024227023 -1.152319439 -8.386486941 0.384314 0.525490 0.180392
v -3.928373749 -1.200016137 -8.321642820 0.384314 0.537255 0.180392
v -4.143782512 -1.075672668 -8.465735468 0.478431 0.576471 0.258824
v -4.235452577 -1.026733621 -8.528406147 0.490196 0.588235 0.321569
v -3.892082255 -1.218905356 -8.299607840 0.360784 0.517647 0.149020
v -3.870535884 -1.224480159 -8.283326190 0.556863 0.607843 0.388235
v -3.866134744 -1.233417062 -8.282896476 0.360784 0.443137 0.149020
v -4.185010606 -1.050812387 -8.496621160 0.431373 0.560784 0.243137
v -4.163581176 -1.060943166 -8.482631311 0.439216 0.556863 0.231373
v -4.202555090 -1.040536935 -8.510050583 0.454902 0.576471 0.247059
v -4.193358788 -1.044978035 -8.504029522 0.439216 0.576471 0.247059
v -3.909902988 -1.209645644 -8.317699398 0.400000 0.560784 0.211765
v -4.108708040 -1.095245875 -8.450251862 0.458824 0.611765 0.254902
v -4.098330246 -1.102231308 -8.444969589 0.482353 0.623529 0.266667
v -4.215160044 -1.032092098 -8.521839639 0.431373 0.556863 0.219608
v -3.976608971 -1.172311145 -8.365521835 0.415686 0.556863 0.180392
v -3.997337098 -1.162365300 -8.380156882 0.423529 0.572549 0.223529
v -3.925183636 -1.199662738 -8.332800590 0.415686 0.568627 0.207843
v -4.075965374 -1.116834771 -8.434257942 0.470588 0.596078 0.262745
v -3.899582278 -1.215809972 -8.316655327 0.392157 0.564706 0.203922
v -3.867774565 -1.232923391 -8.295320255 0.400000 0.541176 0.211765
v -4.152115006 -1.063591638 -8.482395272 0.454902 0.576471 0.247059
v -4.030514518 -1.142370269 -8.406277757 0.419608 0.541176 0.235294
v -4.044931731 -1.133004485 -8.415515368 0.713725 0.596078 0.450980
v -3.914859644 -1.205814999 -8.329687126 0.415686 0.572549 0.203922
v -4.228497254 -1.020483134 -8.537171792 0.509804 0.537255 0.337255
v -3.957268566 -1.178411616 -8.358801683 0.407843 0.556863 0.180392
v -4.115028709 -1.085416005 -8.462885353 0.470588 0.584314 0.235294
v -3.982999956 -1.165837497 -8.378294250 0.419608 0.560784 0.196078
v -4.138862805 -1.068294172 -8.479606718 0.360784 0.384314 0.168627
v -4.199647325 -1.034001700 -8.520728370 0.443137 0.560784 0.231373
v -3.874454275 -1.228874801 -8.307676766 0.392157 0.556863 0.203922
v -3.865513866 -1.240448472 -8.304216135 0.490196 0.607843 0.321569
v -3.904410192 -1.212536958 -8.328391266 0.423529 0.592157 0.227451
v -3.998473603 -1.157596230 -8.391707406 0.400000 0.552941 0.203922
v -3.964616904 -1.172694501 -8.368334686 0.411765 0.560784 0.180392
v -4.014922141 -1.149143979 -8.403978314 0.423529 0.564706 0.223529
v -4.215031325 -1.023367810 -8.534997893 0.439216 0.552941 0.247059
v -3.860213578 -1.256423617 -8.310127009 0.184314 0.227451 0.113725
v -4.093472122 -1.096110243 -8.456897802 0.474510 0.603922 0.254902
v -4.165540205 -1.049214878 -8.504088776 0.415686 0.549020 0.223529
v -4.150073105 -1.057481215 -8.493782372 0.494118 0.603922 0.301961
v -4.064495402 -1.118441940 -8.441236444 0.486275 0.623529 0.290196
v -3.928353256 -1.193752784 -8.351513898 0.427451 0.588235 0.250980
v -4.226597904 -1.011801856 -8.546772582 0.262745 0.282353 0.184314
v -4.139660408 -1.062275318 -8.490495110 0.478431 0.576471 0.282353
v -3.906672186 -1.209142636 -8.341156906 0.450980 0.607843 0.294118
v -4.097462025 -1.089420831 -8.465915685 0.458824 0.615686 0.258824
v -4.124279493 -1.070861230 -8.483452545 0.341176 0.317647 0.196078
v -3.984037378 -1.159668436 -8.395838813 0.411765 0.552941 0.188235
v -4.011879474 -1.146238728 -8.415423312 0.423529 0.560784 0.211765
v -3.892102669 -1.221043416 -8.337809606 0.447059 0.607843 0.262745
v -3.912696681 -1.203384445 -8.350120397 0.392157 0.541176 0.196078
v -4.052952062 -1.121842340 -8.442915024 0.462745 0.600000 0.278431
v -3.941659421 -1.180997672 -8.367815575 0.447059 0.572549 0.262745
v -4.194303992 -1.026096574 -8.532741392 0.431373 0.576471 0.239216
v -4.024245351 -1.137946830 -8.424684645 0.513725 0.588235 0.313725
v -4.153120585 -1.050086490 -8.506064803 0.454902 0.564706 0.270588
v -4.210754911 -1.015594755 -8.545018886 0.454902 0.552941 0.270588
v -3.999478992 -1.151313064 -8.411254517 0.431373 0.576471 0.227451
v -3.874822360 -1.234353213 -8.332115799 0.435294 0.592157 0.239216
v -4.059212853 -1.115917306 -8.451305872 0.482353 0.588235 0.286275
v -4.029351440 -1.131570633 -8.433868468 0.756863 0.600000 0.494118
v -4.169534838 -1.035323854 -8.523429872 0.423529 0.549020 0.227451
v -4.129350296 -1.060226614 -8.497722684 0.462745 0.541176 0.270588
v -3.971633704 -1.161637034 -8.396819799 0.396078 0.549020 0.184314
v -4.085106390 -1.090531388 -8.471114305 0.462745 0.568627 0.239216
v -4.013657196 -1.142095789 -8.427244588 0.454902 0.596078 0.262745
v -4.101601730 -1.078126222 -8.482445382 0.498039 0.611765 0.305882
v -4.183115162 -1.023580472 -8.535110561 0.431373 0.564706 0.243137
v -3.868336905 -1.241514178 -8.337726302 0.478431 0.588235 0.317647
v -3.951075678 -1.170146321 -8.385610109 0.462745 0.572549 0.258824
v -3.921031042 -1.191313956 -8.367816786 0.466667 0.631373 0.294118
v -4.193365635 -1.017154212 -8.543235861 0.423529 0.560784 0.243137
v -3.904541268 -1.204766911 -8.358557603 0.466667 0.627451 0.282353
v -4.072666358 -1.098550627 -8.467897518 0.501961 0.647059 0.305882
v -4.211990699 -1.006030060 -8.556760866 0.462745 0.486275 0.305882
v -4.091263143 -1.083192819 -8.479303487 0.482353 0.619608 0.309804
v -4.139831387 -1.048463990 -8.510425179 0.439216 0.541176 0.239216
v -3.892250836 -1.215400210 -8.354600236 0.462745 0.631373 0.305882
v -4.148996776 -1.041842546 -8.517416071 0.443137 0.572549 0.239216
v -3.937758712 -1.176669045 -8.381663445 0.423529 0.576471 0.231373
v -3.991275611 -1.150457154 -8.419599279 0.407843 0.556863 0.188235
v -4.129397292 -1.053179412 -8.507097232 0.454902 0.568627 0.262745
v -3.882894557 -1.223381770 -8.354457488 0.498039 0.658824 0.333333
v -3.978731598 -1.155000063 -8.414115936 0.396078 0.552941 0.196078
v -4.102566866 -1.071695047 -8.492631079 0.470588 0.556863 0.278431
v -4.198791946 -1.007830441 -8.556137481 0.474510 0.533333 0.313725
v -3.948797195 -1.167291013 -8.396536347 0.435294 0.576471 0.231373
v -4.054094573 -1.107808678 -8.467884300 0.462745 0.584314 0.274510
v -4.000531895 -1.143138920 -8.433986235 0.411765 0.568627 0.231373
v -3.860031286 -1.248533348 -8.348965903 0.525490 0.650980 0.372549
v -4.039576567 -1.116804856 -8.460512343 0.474510 0.596078 0.298039
v -3.903768101 -1.197467613 -8.371439811 0.482353 0.635294 0.301961
v -3.873549557 -1.230373803 -8.356399711 0.509804 0.639216 0.309804
v -4.137585837 -1.040572772 -8.520384569 0.443137 0.556863 0.239216
v -4.022454481 -1.125538420 -8.449968754 0.478431 0.494118 0.258824
v -4.008743630 -1.136801869 -8.442159798 0.462745 0.568627 0.274510
v -4.066532278 -1.093591883 -8.478316554 0.478431 0.596078 0.298039
v -3.923006382 -1.181708639 -8.386211023 0.435294 0.576471 0.247059
v -3.956257252 -1.160953677 -8.408348979 0.462745 0.580392 0.274510
v -3.937547744 -1.170736338 -8.396722477 0.431373 0.588235 0.223529
v -4.119157064 -1.050356664 -8.512397940 0.490196 0.607843 0.274510
v -4.169745277 -1.015469617 -8.544467809 0.431373 0.564706 0.223529
v -4.080966768 -1.079131624 -8.489650820 0.470588 0.564706 0.282353
v -4.147008831 -1.024584517 -8.535096280 0.447059 0.576471 0.235294
v -3.962215980 -1.155980991 -8.420278408 0.466667 0.556863 0.262745
v -4.049004890 -1.102902873 -8.477300383 0.517647 0.607843 0.352941
v -4.066571143 -1.083420786 -8.489737263 0.509804 0.615686 0.329412
v -3.905684276 -1.187645752 -8.386623795 0.462745 0.627451 0.298039
v -4.016183199 -1.124201202 -8.460121521 0.490196 0.490196 0.274510
v -4.119159576 -1.041082902 -8.521684835 0.482353 0.600000 0.270588
v -3.875715079 -1.215279765 -8.372070425 0.470588 0.584314 0.301961
v -3.868478818 -1.224501977 -8.368944750 0.498039 0.611765 0.309804
v -3.853431387 -1.244625396 -8.362550865 0.368627 0.407843 0.301961
v -3.967649999 -1.150811561 -8.430100043 0.443137 0.537255 0.235294
v -3.989242593 -1.141280715 -8.445439735 0.376471 0.517647 0.188235
v -4.097346430 -1.057022799 -8.511072505 0.454902 0.568627 0.254902
v -3.923081901 -1.173735314 -8.400799134 0.423529 0.576471 0.223529
v -3.999493318 -1.134862737 -8.453570423 0.447059 0.572549 0.278431
v -4.079704743 -1.070034844 -8.501580729 0.458824 0.580392 0.274510
v -4.055134046 -1.088242830 -8.489559804 0.564706 0.658824 0.388235
v -4.155391002 -1.010627818 -8.550822801 0.447059 0.521569 0.243137
v -4.182873740 -1.002064786 -8.572802267 0.349020 0.419608 0.156863
v -3.894106366 -1.189883367 -8.389265085 0.454902 0.600000 0.282353
v -4.128371369 -1.025353758 -8.535988071 0.450980 0.572549 0.247059
v -4.038680545 -1.101832835 -8.484500230 0.533333 0.580392 0.352941
v -4.098596867 -1.047514646 -8.518719970 0.435294 0.552941 0.250980
v -4.007698274 -1.125407761 -8.468949781 0.619608 0.458824 0.329412
v -4.139699454 -1.014973886 -8.546267172 0.458824 0.580392 0.266667
v -4.079003223 -1.060935987 -8.509443508 0.470588 0.584314 0.278431
v -4.064599161 -1.072409450 -8.501261567 0.474510 0.588235 0.274510
v -3.965476475 -1.147310178 -8.441230742 0.415686 0.549020 0.223529
v -3.924239015 -1.165944347 -8.413418858 0.415686 0.572549 0.223529
v -3.863411504 -1.217612742 -8.378402458 0.474510 0.572549 0.321569
v -4.026133461 -1.109455775 -8.483134956 0.537255 0.572549 0.352941
v -3.997525947 -1.131085680 -8.466131762 0.509804 0.537255 0.317647
v -3.973683750 -1.141988726 -8.450426617 0.439216 0.529412 0.239216
v -3.852091252 -1.229048738 -8.377418667 0.537255 0.600000 0.403922
v -4.011927527 -1.118567414 -8.478433920 0.486275 0.490196 0.298039
v -4.159322829 -1.002693865 -8.566946552 0.388235 0.454902 0.176471
v -3.906557003 -1.171588120 -8.409005528 0.411765 0.568627 0.231373
v -4.080843304 -1.048766661 -8.519321312 0.450980 0.525490 0.254902
v -3.870856648 -1.196780574 -8.390187041 0.435294 0.572549 0.258824
v -3.882618700 -1.187299473 -8.397240117 0.407843 0.564706 0.231373
v -3.891299667 -1.179597417 -8.402202696 0.419608 0.572549 0.223529
v -4.139762254 -1.005921797 -8.558766508 0.490196 0.517647 0.278431
v -3.986121568 -1.132930347 -8.469110090 0.435294 0.466667 0.239216
v -4.066484892 -1.056286649 -8.514324245 0.470588 0.580392 0.282353
v -3.851746199 -1.219529014 -8.384997501 0.215686 0.250980 0.152941
v -3.943753520 -1.150173697 -8.441108105 0.380392 0.549020 0.196078
v -3.859055571 -1.208511627 -8.388265599 0.560784 0.650980 0.431373
v -4.098418833 -1.029326035 -8.534876159 0.419608 0.541176 0.223529
v -3.933440160 -1.153270051 -8.434920352 0.380392 0.537255 0.188235
v -3.961048152 -1.141041567 -8.457144815 0.356863 0.486275 0.168627
v -4.051937766 -1.064143760 -8.509989564 0.447059 0.572549 0.278431
v -3.909771778 -1.161718199 -8.422649800 0.380392 0.529412 0.184314
v -4.077770970 -1.039568001 -8.527616465 0.462745 0.584314 0.254902
v -4.040382800 -1.071627412 -8.506488496 0.470588 0.588235 0.298039
v -3.871789517 -1.186102080 -8.400307933 0.407843 0.568627 0.211765
v -4.008747765 -1.102781075 -8.492706854 0.431373 0.552941 0.286275
v -4.084193380 -1.031143226 -8.534261150 0.443137 0.564706 0.254902
v -3.918952923 -1.155159365 -8.433797333 0.372549 0.529412 0.184314
v -3.887183239 -1.171377936 -8.412534394 0.384314 0.490196 0.223529
v -3.998038477 -1.120231442 -8.489930384 0.596078 0.462745 0.337255
v -3.966503644 -1.133884414 -8.468038331 0.372549 0.521569 0.211765
v -4.054088201 -1.054151247 -8.517379887 0.419608 0.521569 0.243137
v -4.102861457 -1.016051227 -8.546837944 0.462745 0.545098 0.282353
v -4.127404781 -1.001867595 -8.566024547 0.411765 0.454902 0.176471
v -4.060615863 -1.045086149 -8.523198551 0.423529 0.556863 0.235294
v -3.982892240 -1.125216437 -8.483288418 0.466667 0.494118 0.309804
v -3.991693875 -1.117958065 -8.488487060 0.478431 0.423529 0.305882
v -4.089426895 -1.023173563 -8.541629202 0.435294 0.549020 0.254902
v -3.997881599 -1.108670375 -8.492609575 0.411765 0.525490 0.274510
v -4.020784047 -1.078837291 -8.504419134 0.423529 0.568627 0.258824
v -3.857395814 -1.188335308 -8.402460119 0.203922 0.231373 0.129412
v -3.903898063 -1.155657468 -8.432545977 0.313725 0.474510 0.121569
v -3.873385194 -1.174073458 -8.413838532 0.196078 0.227451 0.117647
v -4.008666047 -1.087009608 -8.500799668 0.376471 0.513725 0.207843
v -4.034854149 -1.060642771 -8.514992913 0.435294 0.556863 0.258824
v -3.933498142 -1.143169244 -8.455662301 0.352941 0.525490 0.172549
v -3.917922563 -1.148972717 -8.446175580 0.364706 0.525490 0.176471
v -4.041142228 -1.051728749 -8.520343867 0.462745 0.572549 0.294118
v -3.958177894 -1.128456243 -8.475113666 0.349020 0.501961 0.180392
v -4.020241690 -1.070322657 -8.511561962 0.443137 0.564706 0.294118
v -3.986222360 -1.112341507 -8.497101778 0.454902 0.407843 0.247059
v -4.077655589 -1.023671755 -8.546988701 0.278431 0.321569 0.117647
v -3.984647574 -1.114802181 -8.503318083 0.721569 0.368627 0.392157
v -3.994076257 -1.092315399 -8.505612218 0.388235 0.423529 0.270588
v -3.940830576 -1.130173652 -8.473415323 0.376471 0.529412 0.207843
v -3.961061934 -1.122192119 -8.488058056 0.349020 0.482353 0.203922
v -3.897312657 -1.152134249 -8.444147828 0.172549 0.200000 0.117647
v -4.040531808 -1.043295298 -8.531532764 0.250980 0.286275 0.105882
v -4.008783129 -1.074031105 -8.517529744 0.305882 0.345098 0.172549
v -3.909765414 -1.144160799 -8.456672403 0.356863 0.419608 0.250980
v -3.983990789 -1.107595689 -8.509151401 0.329412 0.356863 0.133333
v -3.998671526 -1.085092973 -8.514831962 0.368627 0.384314 0.172549
v -3.979368270 -1.122238048 -8.512469095 0.294118 0.262745 0.145098
v -3.916872233 -1.139619642 -8.465734924 0.262745 0.294118 0.172549
v -3.966883840 -1.121874354 -8.509002955 0.403922 0.345098 0.156863
v -3.942968848 -1.124262419 -8.491095953 0.423529 0.458824 0.231373
v -3.988756975 -1.099270151 -8.529069749 0.286275 0.376471 0.090196
v -3.960578144 -1.122476276 -8.521154631 0.403922 0.368627 0.129412
v -3.985776922 -1.114463243 -8.553069323 0.317647 0.329412 0.231373
v -3.973412599 -1.121729855 -8.546905018 0.376471 0.392157 0.200000
v -3.964705047 -1.123845717 -8.540806995 0.447059 0.364706 0.192157
v -3.972712829 -1.112333622 -8.545273734 0.266667 0.270588 0.117647
vn 0.273136276 0.865856708 0.419152401
vn 0.508801936 0.728803187 0.458221022
vn 0.832041353 0.551525891 -0.059383314
vn 0.905095638 0.347899145 0.244475095
vn 0.890772572 0.447429703 0.079566862
vn 0.302362872 0.869814242 0.389871617
vn 0.857528109 0.514431070 0.002493241
vn 0.267685016 0.915717097 0.299678045
vn 0.577691916 0.803629011 0.143012110
vn 0.890325925 0.449571853 -0.072144961
vn 0.772044255 0.631388389 0.072776161
vn 0.711500291 0.627074155 0.317088852
vn 0.837338171 0.544217369 -0.051886822
vn 0.243765835 0.924021876 0.294553545
vn 0.303760190 0.896951071 0.321260835
vn 0.618506720 0.746453908 0.245470977
vn 0.279260917 0.912218847 0.299783448
vn 0.630727292 0.709972785 0.313243878
vn 0.277402776 0.872563683 0.402094913
vn 0.364703935 0.739928240 0.565240869
vn 0.259742595 0.658060671 0.706746021
vn 0.404280781 0.898088360 0.173188765
vn 0.300379562 0.857424908 0.417845242
vn 0.458569733 0.674706258 0.578347012
vn 0.277875924 0.888983493 0.363996320
vn 0.232462259 0.879074691 0.416159807
vn 0.394620162 0.410516593 0.822040786
vn 0.206461640 0.862622492 0.461796522
vn 0.523092350 0.764424225 0.376868674
vn 0.370025065 0.878283515 0.302819285
vn 0.620745140 0.733353114 0.277252019
vn 0.266677627 0.804699154 0.530417114
vn 0.265444910 0.871848940 0.411604695
vn 0.275636005 0.880144889 0.386483851
vn 0.394841393 0.832655351 0.388310881
vn 0.257116183 0.864993917 0.430902300
vn 0.313690642 0.861506290 0.399255674
vn 0.228361440 0.851539823 0.471943834
vn 0.671338958 0.646610968 0.362213003
vn 0.966860043 0.226251966 0.118286537
vn 0.255385542 0.868359358 0.425123805
vn 0.233675162 0.871154211 0.431840549
vn 0.151210421 0.822807876 0.547834472
vn 0.150925780 0.879537408 0.451259743
vn 0.342961110 0.814247806 0.468378252
vn 0.157960884 0.882987553 0.442019615
vn 0.175827490 0.869907230 0.460810269
vn 0.692833256 0.642646682 0.327089165
vn 0.286045636 0.802188306 0.524091420
vn 0.380270658 0.744963318 0.548109370
vn 0.124405676 0.849283360 0.513070172
vn 0.259512192 0.850576540 0.457354318
vn 0.102690516 0.878780632 0.466046412
vn 0.200492073 0.829942249 0.520575444
vn 0.103394014 0.819287848 0.563983245
vn 0.085263200 0.817786555 0.569170745
vn 0.104212742 0.820305306 0.562351233
vn 0.214480315 0.861080502 0.461019049
vn 0.383380416 0.787536245 0.482499865
vn 0.155931164 0.824225634 0.544368970
vn 0.250961567 0.806538306 0.535270261
vn 0.273461154 0.843393990 0.462499271
vn 0.221340374 0.848012023 0.481543402
vn 0.100794877 0.872033014 0.478955964
vn 0.832753546 0.451000893 0.321122601
vn 0.185787258 0.864728902 0.466612280
vn 0.072239269 0.871465711 0.485107207
vn 0.057716969 0.855293530 0.514919148
vn 0.967069420 0.207534388 0.147330288
vn 0.100847548 0.814303097 0.571611965
vn 0.699279360 0.502283336 0.508645089
vn 0.179256896 0.793421753 0.581677648
vn 0.235388219 0.794497646 0.559790923
vn 0.439184281 0.755953212 0.485439912
vn 0.371739798 0.798265725 0.473900153
vn 0.176251994 0.807912086 0.562328459
vn 0.129249181 0.799732721 0.586278282
vn 0.478739119 0.766172448 0.428705769
vn 0.419085962 0.755275978 0.503909867
vn 0.022705779 0.852205901 0.522713641
vn 0.233368723 0.853012409 0.466807101
vn 0.099107119 0.861082247 0.498713487
vn 0.031692935 0.867111440 0.497104927
vn 0.217743882 0.770583207 0.598990086
vn 0.438195210 0.722418736 0.534879546
vn 0.327066866 0.845419151 0.422248416
vn 0.330409884 0.774120093 0.539969804
vn 0.063704037 0.833329450 0.549093639
vn 0.249564667 0.869482221 0.426284112
vn 0.159337176 0.794611626 0.585836179
vn 0.299844231 0.698479164 0.649784807
vn 0.222823011 0.835654491 0.502027366
vn 0.283999367 0.748506064 0.599235372
vn -0.007311156 0.852618895 0.522482122
vn 0.338178787 0.758184754 0.557486310
vn 0.233155861 0.760301424 0.606283835
vn 0.224518407 0.861508160 0.455406604
vn 0.137324519 0.880234804 0.454234153
vn 0.054862244 0.832115299 0.551882472
vn 0.440658395 0.716472818 0.540820562
vn 0.150338718 0.829888959 0.537291900
vn 0.291232550 0.755065161 0.587418254
vn 0.004032452 0.865415301 0.501039017
vn 0.364402975 0.816302486 0.448174880
vn 0.300137821 0.724084900 0.620981759
vn 0.038862392 0.877229433 0.478495806
vn 0.228790505 0.784666837 0.576153503
vn 0.254893316 0.765158045 0.591238162
vn 0.341430723 0.796902188 0.498369305
vn 0.263316820 0.804084015 0.533022653
vn 0.337041931 0.736712029 0.586223612
vn 0.072542938 0.858803408 0.507143203
vn 0.369589197 0.747442366 0.552026933
vn 0.008154886 0.879369149 0.476070790
vn 0.151182981 0.819112189 0.553352444
vn 0.195098244 0.814485479 0.546397365
vn 0.331514990 0.660927880 0.673254891
vn 0.325894957 0.740032696 0.588340111
vn 0.077762425 0.847060552 0.525776975
vn 0.319110478 0.739492082 0.592722501
vn 0.340426948 0.784932037 0.517678654
vn 0.024897078 0.902415679 0.430146577
vn 0.277296498 0.769936826 0.574720746
vn 0.097933893 0.882544479 0.459917596
vn -0.215558169 0.783161354 0.583260636
vn 0.234604625 0.803490673 0.547141123
vn 0.365375583 0.707652076 0.604755506
vn 0.279791336 0.761563798 0.584583090
vn 0.026844453 0.886595057 0.461766802
vn 0.284158872 0.817380781 0.501141092
vn 0.224004127 0.763293465 0.605974618
vn 0.294081723 0.745117570 0.598594810
vn 0.034900457 0.891505972 0.451662550
vn 0.005764052 0.873536127 0.486725189
vn -0.058020486 0.774494553 0.629914129
vn 0.225489370 0.751458986 0.620051559
vn 0.151667723 0.825256661 0.544011346
vn 0.228737268 0.762144032 0.605653149
vn 0.116465483 0.847190133 0.518367311
vn 0.007825827 0.880482841 0.474013421
vn 0.233007369 0.797078445 0.557111765
vn 0.293141753 0.785316991 0.545293623
vn -0.194833761 0.660974234 0.724674319
vn 0.360720517 0.722692783 0.589572600
vn 0.287328020 0.774263203 0.563878623
vn 0.224937399 0.790350968 0.569867101
vn 0.344128154 0.712419668 0.611583217
vn 0.075662270 0.895245159 0.439102865
vn 0.305520174 0.756531683 0.578201727
vn 0.240007413 0.780796815 0.576847272
vn 0.274217395 0.712678335 0.645673610
vn 0.260609240 0.801231106 0.538620032
vn 0.011608872 0.916002058 0.401005566
vn 0.263966101 0.766463182 0.585539143
vn 0.033333297 0.897557169 0.439636235
vn 0.027165726 0.885189077 0.464437639
vn 0.322828480 0.801625053 0.503169005
vn 0.398451949 0.773061155 0.493571165
vn 0.364883480 0.709005780 0.603465699
vn 0.054170864 0.744417693 0.665513198
vn 0.192067647 0.831447904 0.521348637
vn 0.171344088 0.845545682 0.505661648
vn 0.008468003 0.891628646 0.452688248
vn 0.066327202 0.871820752 0.485313589
vn -0.153613478 0.737679140 0.657443827
vn 0.087597980 0.870047138 0.485123254
vn 0.404423011 0.722972113 0.560136905
vn 0.370424140 0.725286728 0.580297440
vn 0.256216546 0.796811065 0.547215870
vn 0.242807894 0.818180217 0.521176995
vn 0.318829760 0.759438679 0.567098296
vn 0.317488369 0.805250597 0.500772015
vn 0.234966920 0.811578035 0.534912740
vn 0.314921385 0.637372774 0.703264153
vn 0.047395069 0.879093932 0.474286376
vn 0.340815010 0.793940007 0.503492198
vn 0.306031474 0.771086264 0.558364317
vn 0.285131255 0.795538164 0.534620611
vn 0.358272309 0.731756192 0.579804991
vn 0.007474269 0.913252802 0.407324753
vn 0.319462957 0.790206814 0.522988154
vn 0.011159781 0.911699902 0.410705183
vn 0.286895878 0.825256406 0.486459268
vn 0.258327444 0.796751292 0.546309721
vn 0.426139867 0.664903366 0.613439750
vn 0.131573103 0.870136589 0.474921926
vn 0.409255115 0.728290234 0.549639505
vn 0.324503882 0.593196238 0.736760106
vn 0.350651656 0.751684429 0.558582076
vn 0.276610377 0.818674415 0.503248350
vn 0.021896636 0.909257760 0.415657145
vn 0.263723537 0.822592545 0.503777135
vn 0.071999466 0.890561722 0.449127928
vn 0.280827838 0.765641234 0.578730703
vn 0.186081388 0.839056016 0.511232549
vn 0.063715010 0.877567600 0.475200489
vn 0.382274484 0.733883342 0.561499295
vn 0.360298524 0.699934725 0.616665513
vn 0.167679999 0.869504070 0.464592391
vn 0.300377823 0.819778254 0.487582585
vn 0.411908385 0.713955824 0.566214239
vn 0.512853496 0.620399852 0.593367774
vn 0.297392545 0.765077969 0.571150921
vn 0.291642900 0.831232970 0.473282336
vn 0.342724168 0.761523688 0.550110732
vn 0.274764430 0.693250889 0.666263996
vn 0.238825573 0.763447007 0.600092504
vn 0.089116088 0.905542791 0.414789797
vn 0.026437089 0.905642560 0.423217006
vn 0.535524018 0.540054509 0.649272788
vn -0.022017868 0.911201525 0.411372088
vn 0.572611985 0.610654957 0.547006433
vn 0.286893074 0.781561041 0.553944675
vn 0.227457791 0.810361979 0.539978163
vn 0.347459852 0.719322406 0.601537138
vn 0.128543327 0.885127286 0.447243000
vn 0.271761130 0.799458391 0.535735167
vn 0.339951344 0.742640504 0.576990611
vn 0.217517270 0.873060718 0.436407172
vn 0.106824155 0.875717079 0.470858999
vn 0.279425145 0.833352709 0.476911786
vn 0.346180539 0.746884086 0.567735147
vn 0.218082924 0.765124036 0.605825922
vn 0.198933104 0.798417122 0.568291931
vn 0.429144855 0.672848412 0.602585851
vn 0.243754502 0.771116980 0.588185639
vn 0.276364936 0.806078580 0.523316104
vn 0.150739439 0.847743264 0.508536115
vn 0.178234373 0.820414312 0.543279730
vn 0.555079012 0.656952639 0.510196551
vn 0.124838131 0.894204724 0.429899236
vn 0.100311839 0.911057769 0.399889080
vn 0.366166519 0.734794561 0.570963251
vn 0.247765390 0.846204463 0.471752391
vn 0.559250268 0.683887083 0.468548393
vn 0.210787339 0.781632290 0.587043151
vn 0.292668410 0.834102855 0.467565641
vn 0.229528029 0.791349446 0.566641808
vn 0.365192852 0.732092581 0.575043158
vn 0.021350905 0.924456868 0.380688373
vn 0.461866872 0.643322064 0.610586370
vn 0.212643996 0.809670967 0.547005902
vn 0.242531774 0.806759441 0.538811231
vn 0.205802396 0.873963716 0.440264463
vn 0.119911575 0.849817679 0.513255420
vn 0.379093418 0.725392555 0.574537920
vn 0.269285234 0.794856375 0.543772753
vn 0.495403980 0.675520556 0.546119835
vn 0.228635471 0.846456714 0.480870932
vn 0.279911759 0.820128630 0.499037512
vn 0.237841522 0.820596100 0.519666673
vn 0.176433189 0.888190559 0.424250942
vn 0.208840289 0.784512536 0.583888529
vn 0.361789175 0.760843133 0.538726572
vn 0.465694195 0.679251207 0.567227215
vn 0.177807082 0.845510898 0.503483826
vn 0.181698212 0.843116228 0.506103533
vn 0.220340189 0.845131422 0.487034989
vn 0.248676154 0.835152233 0.490592415
vn 0.356162169 0.747501548 0.560704864
vn 0.227959143 0.772847361 0.592234401
vn 0.249921938 0.823654676 0.509050096
vn 0.147110686 0.912275370 0.382246119
vn 0.086010304 0.880221648 0.466703415
vn 0.517359715 0.598851863 0.611322640
vn 0.246214652 0.844656369 0.475325113
vn 0.475070268 0.671147406 0.569095248
vn 0.430501021 0.698990957 0.571034598
vn 0.432655173 0.735546536 0.521325996
vn 0.192647868 0.865307519 0.462741500
vn 0.208112889 0.812952971 0.543871760
vn 0.226031148 0.810419484 0.540490685
vn 0.249129731 0.759233538 0.601247713
vn 0.466440859 0.685902047 0.558543916
vn 0.206825097 0.846640508 0.490329715
vn 0.369640912 0.795921334 0.479452632
vn 0.227291051 0.788692139 0.571229804
vn 0.468245040 0.701608925 0.537114046
vn 0.671594500 0.523832124 0.523985432
vn 0.187834881 0.833367190 0.519824187
vn 0.168850979 0.831946000 0.528540632
vn 0.160723148 0.908682222 0.385311160
vn 0.188577401 0.892900073 0.408861865
vn 0.177635395 0.877986965 0.444504843
vn 0.435940440 0.726483786 0.531203578
vn 0.469193910 0.706144890 0.530298472
vn 0.349242141 0.805217802 0.479222514
vn 0.582129014 0.636329678 0.506172256
vn 0.226221650 0.810449778 0.540365545
vn 0.072718352 0.891335687 0.447473725
vn 0.147576626 0.884720772 0.442142845
vn 0.304900335 0.813761116 0.494801608
vn 0.254392202 0.857593600 0.447009870
vn 0.492718423 0.716229433 0.494210436
vn 0.220909569 0.834354028 0.505027047
vn 0.220433960 0.824678779 0.520877895
vn 0.213766759 0.864586712 0.454745632
vn 0.204516978 0.819409575 0.535481796
vn 0.212500273 0.873430107 0.438136375
vn 0.641673423 0.651561069 0.404627472
vn 0.189760957 0.914645786 0.356950789
vn 0.275542240 0.781070276 0.560362114
vn 0.281402115 0.795582682 0.536526837
vn 0.206458387 0.810255877 0.548507382
vn 0.135791223 0.924742539 0.355544624
vn 0.212570018 0.888241133 0.407236636
vn 0.186609343 0.873806095 0.449043274
vn 0.199844271 0.845844651 0.494579715
vn 0.343827838 0.794591732 0.500406232
vn 0.424507764 0.721258099 0.547338938
vn 0.234269172 0.860557038 0.452282588
vn 0.018257608 0.927015212 0.374579040
vn 0.274350654 0.810743030 0.517133888
vn 0.481835611 0.718495247 0.501596475
vn 0.194812670 0.809264130 0.554201761
vn 0.300202897 0.806939150 0.508652562
vn 0.199501491 0.862635502 0.464821628
vn 0.196443899 0.903715973 0.380404043
vn 0.643001550 0.687935451 0.336591477
vn 0.189981994 0.799068758 0.570434889
vn 0.344073349 0.773485253 0.532291362
vn 0.432185416 0.743606073 0.510162498
vn 0.282548965 0.791779782 0.541526416
vn 0.243290954 0.859088354 0.450307352
vn 0.532709703 0.720449551 0.444041457
vn 0.232923043 0.867479153 0.439575677
vn 0.105224265 0.819536995 0.563282317
vn 0.364871537 0.753267475 0.547226528
vn 0.205571170 0.824111007 0.527808245
vn 0.153168932 0.902757371 0.401955727
vn 0.242060627 0.806047024 0.540087815
vn 0.210206246 0.833778429 0.510516273
vn 0.189367214 0.857569807 0.478240613
vn 0.250198328 0.777761750 0.576617254
vn 0.205769696 0.871002262 0.446109730
vn 0.246024884 0.832176680 0.496944393
vn 0.178893646 0.903483006 0.389506766
vn 0.486627399 0.726197726 0.485623967
vn 0.198400975 0.894942459 0.399643651
vn 0.498384415 0.739243907 0.452914365
vn 0.204601176 0.769619298 0.604834270
vn 0.536203285 0.767599278 0.351108794
vn 0.280869983 0.792159420 0.541844541
vn 0.374034241 0.765168402 0.524037884
vn 0.179632054 0.883683053 0.432245980
vn 0.184316025 0.853395982 0.487588865
vn 0.175469689 0.925306322 0.336182389
vn 0.177670004 0.904440595 0.387840921
vn 0.559979317 0.764050228 0.320391031
vn 0.216755949 0.838040558 0.500704386
vn 0.226509047 0.843018332 0.487866523
vn 0.411791394 0.790710060 0.452996080
vn 0.701984761 0.574025119 0.421559674
vn 0.500536971 0.785346811 0.364270678
vn 0.210951826 0.811101822 0.545539331
vn 0.800654113 0.564661569 0.200275568
vn 0.179080492 0.877620170 0.444649317
vn 0.211697355 0.863573358 0.457630074
vn 0.216501024 0.839785638 0.497882907
vn 0.197080272 0.887568625 0.416390804
vn 0.319345087 0.784023536 0.532283581
vn 0.251561353 0.823379228 0.508688051
vn 0.237848363 0.820445653 0.519901035
vn 0.197005654 0.869910541 0.452155308
vn 0.037974517 0.800170975 0.598568581
vn -0.006778001 0.824479396 0.565851380
vn 0.087519742 0.747300414 0.658697492
vn -0.113374760 0.988225829 -0.102741786
vn 0.176705445 0.754244656 0.632368710
vn 0.278712948 0.802241652 0.527946423
vn 0.189870219 0.863614236 0.467032923
vn 0.526278002 0.777301763 0.344722257
vn 0.113347851 0.912262927 0.393609726
vn 0.253667645 0.848390826 0.464635052
vn 0.352702962 0.822171374 0.446805161
vn 0.211596568 0.849971636 0.482467730
vn 0.198111879 0.887941774 0.415103708
vn 0.190987690 0.816725246 0.544503053
vn 0.188555748 0.896014585 0.402000738
vn 0.532566317 0.799328398 0.278293424
vn 0.211627560 0.856996795 0.469861968
vn 0.189527662 0.904445716 0.382174321
vn 0.242612000 0.830956714 0.500649934
vn 0.470445774 0.817073784 0.333273469
vn 0.099521066 0.752045464 0.651554432
vn 0.198010920 0.888032004 0.414958835
vn 0.650432215 0.694819884 0.306860330
vn 0.185240150 0.858433484 0.478307474
vn 0.289175845 0.830742560 0.475651269
vn 0.313960513 0.821878051 0.475337001
vn 0.066171221 0.782574334 0.619030517
vn 0.213115717 0.896369344 0.388720582
vn 0.076014596 0.803500141 0.590431456
vn 0.028200232 0.816701558 0.576370811
vn 0.409842432 0.827211690 0.384382622
vn 0.472421622 0.880571406 0.037574057
vn 0.203398799 0.867799300 0.453379867
vn 0.225082643 0.884811779 0.407977841
vn 0.165191861 0.906991540 0.387399013
vn 0.233484200 0.841046588 0.487981316
vn 0.105745300 0.845722021 0.523041294
vn 0.330099798 0.840010967 0.430599232
vn 0.132263151 0.900519595 0.414211201
vn 0.084365092 0.755182172 0.650063395
vn 0.355651226 0.855561988 0.376199269
vn 0.181137206 0.848324952 0.497527978
vn 0.467716119 0.838000422 0.281063916
vn 0.296227044 0.841965431 0.450936527
vn 0.133542359 0.847129203 0.514333114
vn 0.237290602 0.895307334 0.376985342
vn 0.251146834 0.889846137 0.380918785
vn 0.515404398 0.831233706 0.208347863
vn 0.667035854 0.715176190 0.208773051
vn -0.000641120 0.999760645 -0.021868715
vn 0.222384160 0.892493431 0.392429308
vn 0.206086251 0.880747409 0.426394721
vn 0.227653836 0.847126556 0.480156566
vn 0.047965191 0.717867642 0.694525298
vn 0.327952456 0.846053681 0.420286039
vn 0.094834751 0.763108350 0.639274601
vn 0.232389463 0.855268753 0.463152779
vn 0.163976347 0.881254376 0.443286004
vn 0.393218741 0.857848635 0.330869675
vn 0.201375970 0.894252724 0.399699618
vn 0.257331616 0.929869861 0.262911547
vn 0.240819115 0.882744322 0.403445928
vn -0.276766496 0.960621375 -0.024634936
vn 0.074558317 0.850852853 0.520086993
vn 0.027083620 0.786344651 0.617194108
vn 0.199986259 0.908728713 0.366357233
vn 0.562362780 0.783367206 0.264733684
vn 0.231418021 0.861681252 0.451609477
vn 0.005597831 0.847742941 0.530377762
vn 0.149313681 0.889847693 0.431133978
vn 0.286967371 0.846844090 0.447777640
vn 0.236489875 0.888650147 0.392903875
vn 0.226063724 0.891243875 0.393166056
vn 0.142546808 0.882556291 0.448079012
vn 0.331899589 0.865443749 0.375299587
vn 0.222337855 0.901284873 0.371821807
vn 0.105322050 0.673696844 0.731464167
vn 0.377901102 0.884576233 0.273341626
vn 0.221609687 0.898585575 0.378725642
vn 0.292666034 0.873103840 0.389918296
vn 0.328360060 0.870960125 0.365524461
vn -0.041380162 0.808561832 0.586954382
vn 0.265440860 0.853409518 0.448590398
vn 0.255983709 0.877731704 0.405042463
vn 0.196479347 0.907466170 0.371350261
vn 0.352248413 0.873458159 0.336142678
vn 0.060642796 0.884634791 0.462324277
vn 0.417801015 0.872069536 0.254827466
vn 0.217531391 0.901210069 0.374833970
vn 0.248277961 0.885095215 0.393655325
vn 0.004692009 0.731447468 0.681881652
vn 0.248289347 0.867762050 0.430512979
vn 0.314622723 0.870045273 0.379517807
vn -0.055697266 0.892633647 0.447328724
vn 0.170783139 0.912771169 0.371055134
vn 0.666315942 0.679454657 0.307187946
vn 0.221944185 0.893200175 0.391068059
vn 0.216206290 0.894709953 0.390831089
vn 0.314507430 0.902903490 0.293002329
vn 0.332758999 0.865529603 0.374339358
vn 0.320182415 0.880941180 0.348462135
vn -0.090500476 0.849469344 0.519818715
vn 0.264129093 0.887073932 0.378596966
vn 0.057879320 0.994086854 0.091876611
vn 0.211851915 0.896532452 0.389035126
vn 0.245232386 0.883262072 0.399636322
vn 0.231733054 0.901421086 0.365704548
vn 0.247223675 0.900733364 0.357155235
vn 0.113720938 0.925595316 0.361027504
vn 0.276814647 0.932234299 0.233051203
vn 0.188571860 0.909778562 0.369788619
vn 0.193490107 0.916664247 0.349697351
vn 0.324180655 0.882061794 0.341868242
vn 0.215535796 0.893852668 0.393156112
vn 0.290514309 0.864052251 0.411114514
vn 0.255600274 0.874248974 0.412743542
vn 0.271752992 0.863945595 0.423967358
vn 0.143368775 0.922958629 0.357201293
vn 0.301556885 0.861957372 0.407545009
vn -0.168549288 0.873188289 0.457310999
vn 0.288715849 0.878337749 0.381006506
vn 0.655868224 0.726681023 -0.204380929
vn 0.225518501 0.889710028 0.396935097
vn 0.295348421 0.916809639 0.268755271
vn 0.175656941 0.912519104 0.369396162
vn 0.237738885 0.899760652 0.365938507
vn -0.001044289 0.948613681 0.316434819
vn 0.209535498 0.916950543 0.339553497
vn -0.113568832 0.923874546 0.365455803
vn 0.226136828 0.912958442 0.339660151
vn 0.269760834 0.934113963 0.233795203
vn 0.516986677 0.827191298 0.220180228
vn 0.227682287 0.905310003 0.358572969
vn 0.522925756 0.852008857 0.025091053
vn 0.315988856 0.890684717 0.326851309
vn 0.215291111 0.894430278 0.391974763
vn 0.280505071 0.860937460 0.424386139
vn 0.293916019 0.862223847 0.412532921
vn -0.045142938 0.998868265 0.014976809
vn 0.176562760 0.935565927 0.305846348
vn 0.219343963 0.905823979 0.362451577
vn 0.230142217 0.888592047 0.396785502
vn -0.111240117 0.946472407 0.303010922
vn 0.266108984 0.867837283 0.419576522
vn 0.233849699 0.899549788 0.368950536
vn 0.236188723 0.899867664 0.366678435
vn 0.262794433 0.878309644 0.399388601
vn 0.253063348 0.936409745 0.243096136
vn 0.097176523 0.955120690 0.279823500
vn 0.197610786 0.912742035 0.357563916
vn 0.285766643 0.900476286 0.327841247
vn 0.289539742 0.849090717 0.441827673
vn 0.296916685 0.852830563 0.429558510
vn 0.239506641 0.901618648 0.360167159
vn 0.237257289 0.900552316 0.364300021
vn 0.245864747 0.885261247 0.394794947
vn 0.258790103 0.879127365 0.400203398
vn 0.194694187 0.914841693 0.353777967
vn 0.237675753 0.910106456 0.339435525
vn 0.214309955 0.904211761 0.369421620
vn 0.274106595 0.901173472 0.335785567
vn -0.045016911 0.984729475 0.168170566
vn 0.237033981 0.870665974 0.430993797
vn 0.101413143 0.940874198 0.323219921
vn 0.209611840 0.912163776 0.352164908
vn 0.180667310 0.914677722 0.361557725
vn 0.278089571 0.874978071 0.396332645
vn -0.245323708 0.928377494 0.279162151
vn 0.274058495 0.862892752 0.424626942
vn 0.243533908 0.912307255 0.329221367
vn 0.225596412 0.889318897 0.397766461
vn 0.063265058 0.968770022 0.239754410
vn 0.241902268 0.894666414 0.375573295
vn -0.120939224 0.991994881 0.036329891
vn 0.219604988 0.907663032 0.357661110
vn 0.240540337 0.903160131 0.355587014
vn 0.246938874 0.873179786 0.420212154
vn 0.282817253 0.901868735 0.326568807
vn 0.194614325 0.890970864 0.410239179
vn 0.253471939 0.913127242 0.319297064
vn 0.254691063 0.869165362 0.423891537
vn 0.233627495 0.868314136 0.437548575
vn -0.338643285 0.940109287 0.038926264
vn 0.222262576 0.908612134 0.353586393
vn 0.204656617 0.917585854 0.340810606
vn 0.240800472 0.873188365 0.423741916
vn 0.306111484 0.847057483 0.434498998
vn 0.213332106 0.889023648 0.405125123
vn 0.176951490 0.921902560 0.344650316
vn 0.133017421 0.933693333 0.332450185
vn -0.186121982 0.906909153 -0.377987296
vn 0.222424326 0.915769884 0.334504018
vn 0.232101832 0.911642107 0.339171649
vn 0.278118837 0.854559805 0.438608542
vn 0.321686846 0.867279034 0.379927165
vn 0.062964559 0.994316673 0.085847649
vn 0.169552579 0.894177914 0.414364310
vn 0.225562039 0.907659154 0.353944383
vn 0.158522411 0.886614863 0.434493647
vn 0.247913903 0.901992855 0.353479260
vn 0.248142556 0.900559824 0.356955565
vn 0.214033557 0.875758958 0.432707620
vn 0.164756786 0.895082757 0.414345339
vn 0.247809627 0.855194106 0.455228986
vn -0.012066079 0.986332611 -0.164324039
vn 0.261879577 0.902963125 0.340700281
vn 0.243436203 0.867723597 0.433352714
vn 0.174657963 0.868470903 0.463953540
vn -0.116309560 0.888974564 -0.442940528
vn 0.261781835 0.949070061 0.175317683
vn 0.220274886 0.916241441 0.334635021
vn -0.221969630 0.864716407 -0.450549685
vn 0.333306060 0.837889008 0.432260431
vn 0.313376481 0.860098097 0.402525085
vn 0.217278735 0.974019075 -0.063849773
vn 0.133760346 0.893450522 0.428782385
vn 0.127565347 0.905379108 0.404988583
vn 0.246956761 0.852643743 0.460446529
vn 0.372830131 0.795303182 -0.478006844
vn 0.202338421 0.897747443 0.391291058
vn 0.002369733 0.922621993 -0.385698123
vn 0.175159212 0.880042967 0.441410950
vn 0.208584551 0.859201967 0.467187826
vn 0.205876040 0.936133058 0.285078855
vn 0.168072662 0.882867046 0.438517229
vn 0.260454081 0.900884331 0.347233485
vn 0.260635267 0.905361747 0.335245231
vn 0.223194541 0.914624888 0.337113499
vn 0.318847221 0.843771484 0.431724603
vn 0.234735505 0.933635697 0.270598647
vn 0.205605419 0.914712512 0.347889972
vn 0.342191926 0.834586224 0.431706522
vn 0.156374285 0.840332741 0.519025979
vn 0.244348359 0.894210159 0.375076087
vn 0.258194053 0.852145965 0.455173686
vn 0.231546587 0.895967902 0.378982450
vn 0.298333296 0.852842901 0.428551315
vn 0.410423865 0.897485756 0.161466928
vn 0.327109422 0.911867321 -0.247986722
vn 0.257436078 0.905517781 0.337289511
vn 0.307906933 0.720922138 -0.620857948
vn 0.471174756 0.769570800 -0.430993193
vn 0.273200950 0.904872437 0.326446187
vn 0.354563794 0.923253744 0.147942690
vn 0.238703116 0.838946161 0.489070711
vn 0.122994273 0.855970455 0.502182226
vn 0.343454071 0.935967457 -0.077486908
vn 0.634609535 0.643088718 -0.428611291
vn 0.741591591 0.561661632 -0.366848910
vn 0.151013721 0.877294534 0.455575632
vn 0.153204597 0.869955935 0.468727024
vn 0.105646754 0.880863031 0.461431559
vn 0.120369892 0.845099519 0.520881841
vn 0.493024534 0.859652854 0.133879717
vn 0.285890050 0.828320327 0.481821871
vn 0.315014067 0.824636185 0.469831140
vn 0.076654767 0.854903484 0.513092662
vn 0.179031548 0.914093908 0.363840668
vn 0.225495274 0.915848654 0.332224508
vn 0.409043743 0.894277872 0.181522184
vn 0.336236767 0.822266978 0.459153410
vn 0.494629555 0.868691658 -0.026765773
vn 0.795619837 0.578909061 -0.178475134
vn 0.209151334 0.847236009 0.488310214
vn 0.319169985 0.880652804 0.350115925
vn 0.248865520 0.902423974 0.351705734
vn 0.489071561 0.863892551 0.120410418
vn 0.109978380 0.748765228 0.653647756
vn 0.281628764 0.888444016 0.362425812
vn 0.252961217 0.835152191 0.488396806
vn 0.178341538 0.924758486 0.336178580
vn 0.237374294 0.837276418 0.492566385
vn 0.064156360 0.821662364 0.566352295
vn 0.596275529 0.786913260 -0.158817551
vn 0.879493664 0.464031393 -0.105668162
vn 0.559964932 0.826384100 0.059401979
vn 0.248781995 0.916462709 0.313374571
vn 0.224975244 0.912675545 0.341188348
vn 0.286656357 0.907397134 0.307341135
vn 0.050861435 0.809965581 0.584267808
vn 0.837551864 0.535778136 -0.106998425
vn 0.314801650 0.807734725 0.498462170
vn 0.124339869 0.841142461 0.526325903
vn 0.159277434 0.852100329 0.498553637
vn 0.373400474 0.827114988 0.420062950
vn 0.388098488 0.873327064 0.294413660
vn 0.127992728 0.741356257 0.658793414
vn 0.222936242 0.826924305 0.516232143
vn 0.560440069 0.802554701 0.204481983
vn 0.271661985 0.823045311 0.498794730
vn 0.246264226 0.831046186 0.498714516
vn 0.197925630 0.930769682 0.307397533
vn 0.296848405 0.903576424 0.308918550
vn 0.592775053 0.795069172 0.128385154
vn 0.486926423 0.839156429 0.242320337
vn 0.229573717 0.901231786 0.367528469
vn 0.361171166 0.862755376 0.353848202
vn 0.007492009 0.797317462 0.603513657
vn 0.368388083 0.867426251 0.334457649
vn 0.111892077 0.826363374 0.551909175
vn 0.055593324 0.775759405 0.628575157
vn 0.233307327 0.925539079 0.298236658
vn 0.603205699 0.797577895 -0.003519398
vn 0.341790669 0.817699927 0.463191070
vn 0.311182751 0.869037738 0.384628009
vn 0.067563174 0.778163013 0.624417764
vn 0.208209973 0.788702555 0.578443503
vn 0.195241120 0.930714868 0.309274538
vn 0.317268589 0.784428302 0.532928590
vn 0.340387163 0.869339176 0.358309888
vn 0.246837076 0.830329942 0.499623504
vn 0.027269531 0.762200317 0.646766611
vn 0.816265942 0.577561008 0.011540971
vn 0.272202491 0.902997412 0.332417626
vn 0.406215889 0.827510233 0.387576400
vn -0.013238067 0.787190043 0.616568398
vn 0.481400424 0.797112923 0.364505996
vn 0.376839242 0.784090438 0.493147413
vn 0.101321255 0.829792575 0.548797127
vn 0.249936961 0.812876957 0.526082284
vn 0.147892074 0.803670456 0.576404140
vn 0.543000381 0.746371608 0.384811654
vn 0.079248379 0.760162243 0.644882205
vn 0.378999962 0.849526957 0.366964547
vn 0.198657401 0.921230031 0.334470428
vn 0.130044164 0.771956603 0.622231082
vn 0.590015488 0.733131150 0.338231343
vn 0.185148337 0.931067309 0.314378370
vn 0.208590599 0.774965270 0.596589300
vn 0.052082165 0.867529244 0.494651856
vn 0.243933191 0.917143989 0.315188042
vn 0.327352557 0.782519841 0.529625341
vn 0.240858946 0.907255813 0.344780885
vn 0.712790373 0.654495018 0.252123295
vn 0.273565693 0.849681455 0.450780697
vn 0.433319550 0.754543150 0.492847647
vn 0.668477573 0.661617214 0.339706338
vn 0.086641016 0.717736995 0.690902989
vn 0.282306916 0.869585546 0.405121936
vn 0.350164330 0.838898552 0.416694327
vn 0.324416175 0.734637924 0.595870176
vn 0.340879877 0.844700841 0.412651668
vn 0.185488557 0.909479317 0.372077099
vn 0.288646001 0.872376409 0.394516016
vn 0.153384968 0.727943896 0.668259482
vn -0.002942885 0.827300571 0.561751817
vn 0.226561303 0.775204595 0.589684502
vn 0.038106053 0.725891484 0.686752853
vn 0.127304400 0.928030668 0.350075234
vn 0.312906116 0.745481493 0.588512622
vn 0.245220567 0.701946123 0.668684166
vn 0.261391267 0.815186699 0.516860959
vn 0.359664810 0.851860126 0.380756549
vn 0.082261961 0.687709690 0.721310163
vn 0.435805278 0.676471017 0.593684026
vn 0.539168985 0.598038693 0.592997916
vn 0.563075242 0.611214201 0.556204524
vn 0.164445498 0.921954118 0.350654079
vn 0.199548706 0.914010476 0.353221126
vn 0.144050489 0.693729493 0.705683249
vn 0.237085225 0.829313400 0.505993954
vn 0.330215367 0.874207547 0.355976090
vn 0.148577916 0.732131576 0.664761580
vn 0.252680599 0.647653864 0.718816379
vn -0.006804630 0.824084675 0.566425763
vn 0.015639961 0.904699273 0.425763568
vn 0.319811923 0.715271913 0.621374624
vn 0.058334736 0.700614585 0.711151363
vn 0.254419625 0.643486991 0.721938465
vn 0.090589667 0.658335246 0.747253783
vn 0.415349942 0.838416452 0.352905483
vn 0.040103631 0.781494376 0.622622068
vn 0.070048281 0.639129628 0.765902446
vn 0.141432529 0.661237719 0.736723502
vn 0.142757948 0.920903658 0.362707350
vn 0.167422920 0.868954406 0.465712149
vn 0.468010733 0.552418934 0.689782049
vn 0.274678644 0.692548861 0.667029023
vn 0.227985243 0.869111687 0.438939180
vn 0.120807485 0.908088273 0.400975361
vn 0.493531810 0.561623532 0.664082345
vn 0.425107202 0.717146438 0.552254338
vn -0.071729246 0.888081926 0.454054411
vn 0.141272962 0.808706520 0.570995372
vn 0.055922407 0.637605333 0.768330738
vn 0.305285807 0.628071293 0.715770234
vn 0.201342911 0.725342111 0.658285542
vn 0.202545998 0.748213406 0.631784629
vn 0.005427439 0.862064800 0.506769005
vn 0.139770256 0.902228190 0.407981089
vn 0.077990581 0.619825235 0.780854754
vn 0.455076061 0.519576458 0.723150111
vn 0.088287387 0.914705787 0.394358544
vn 0.420893452 0.522708934 0.741366354
vn 0.070974273 0.677683257 0.731920798
vn 0.111304028 0.902944136 0.415094327
vn 0.063447556 0.861351633 0.504031519
vn 0.114424979 0.599074181 0.792475267
vn 0.077801049 0.836698286 0.542109744
vn 0.101794646 0.707140316 0.699707384
vn 0.163677892 0.596441383 0.785790827
vn 0.168879834 0.719958263 0.673156520
vn 0.345660284 0.492877236 0.798492954
vn 0.137986227 0.692773590 0.707830880
vn 0.042671616 0.878889453 0.475113105
vn 0.176649250 0.827015863 0.533703855
vn 0.299213749 0.714576560 0.632338099
vn 0.015628222 0.870937164 0.491145818
vn 0.083546046 0.593081855 0.800795837
vn 0.059505610 0.760718183 0.646348921
vn 0.025513085 0.838116848 0.544893780
vn 0.116505331 0.730159230 0.673271124
vn 0.086924846 0.826081781 0.556806037
vn 0.121951795 0.764633801 0.632821389
vn 0.171248051 0.747079319 0.642297903
vn 0.293863763 0.477984930 0.827752678
vn 0.203019749 0.591962696 0.779976377
vn 0.312443062 0.611190838 0.727203611
vn 0.124799613 0.877084747 0.463839846
vn 0.199894347 0.781912887 0.590469718
vn 0.339596777 0.599089111 0.725097418
vn 0.314208208 0.665262240 0.677273471
vn 0.064712297 0.865715116 0.496336233
vn 0.066573418 0.900197552 0.430363041
vn 0.168653595 0.665921513 0.726707991
vn 0.020936447 0.880085206 0.474353977
vn 0.296232735 0.640723663 0.708321504
vn 0.393734725 0.740435701 0.544727399
vn 0.187294601 0.782742165 0.593494260
vn 0.591307821 0.805609719 -0.036715702
vn 0.677033183 0.576348604 0.457655281
vn 0.110572262 0.871368677 0.478006698
vn 0.174430711 0.955460563 0.238052600
vn 0.192286118 0.880844929 0.432594798
vn 0.281491060 0.755581937 0.591488562
vn 0.594399563 0.761524972 0.258396744
vn 0.063957586 0.887417228 0.456508587
vn 0.886742040 0.443017185 0.132001242
vn 0.698960921 0.688437222 0.193669363
vn 0.499086686 0.866453949 0.013039713
vn 0.157258294 0.892637626 0.422454610
vn 0.165091988 0.981725422 -0.094656383
vn 0.150771018 0.972306694 0.178571532
vn 0.759410891 0.642420280 -0.102913959
vn 0.030765026 0.998861153 -0.036467927
vn 0.485949732 0.764465829 -0.423609318
vn 0.810089014 0.534170195 0.241698142
vn 0.002448970 0.994969965 0.100143750
vn 0.426267037 0.896747569 0.118912616
f 3//3 5//5 7//7
f 5//5 10//10 7//7
f 810//810 808//808 813//813
f 427//427 468//468 503//503
f 788//788 805//805 787//787
f 672//672 656//656 635//635
f 660//660 699//699 668//668
f 810//810 800//800 808//808
f 776//776 799//799 793//793
f 498//498 515//515 503//503
f 515//515 544//544 503//503
f 544//544 515//515 542//542
f 8//8 2//2 1//1
f 2//2 4//4 3//3
f 6//6 8//8 1//1
f 486//486 498//498 503//503
f 468//468 486//486 503//503
f 425//425 468//468 427//427
f 265//265 235//235 248//248
f 692//692 656//656 672//672
f 674//674 704//704 669//669
f 704//704 703//703 669//669
f 703//703 660//660 669//669
f 660//660 703//703 699//699
f 649//649 660//660 668//668
f 805//805 796//796 787//787
f 808//808 811//811 813//813
f 802//802 811//811 808//808
f 811//811 802//802 804//804
f 682//682 646//646 625//625
f 682//682 649//649 668//668
f 649//649 682//682 625//625
f 786//786 800//800 799//799
f 683//683 694//694 730//730
f 662//662 644//644 637//637
f 694//694 665//665 680//680
f 665//665 694//694 683//683
f 665//665 662//662 680//680
f 662//662 665//665 644//644
f 665//665 683//683 651//651
f 732//732 759//759 774//774
f 10//10 12//12 7//7
f 12//12 18//18 7//7
f 368//368 414//414 427//427
f 414//414 425//425 427//427
f 267//267 265//265 248//248
f 40//40 65//65 69//69
f 159//159 127//127 121//121
f 151//151 132//132 168//168
f 132//132 119//119 102//102
f 111//111 132//132 102//102
f 132//132 111//111 127//127
f 432//432 447//447 456//456
f 447//447 432//432 417//417
f 435//435 432//432 456//456
f 421//421 447//447 417//417
f 447//447 421//421 479//479
f 480//480 435//435 456//456
f 435//435 480//480 444//444
f 646//646 620//620 625//625
f 577//577 593//593 558//558
f 551//551 577//577 558//558
f 375//375 361//361 402//402
f 408//408 432//432 435//435
f 408//408 389//389 417//417
f 432//432 408//408 417//417
f 361//361 370//370 402//402
f 251//251 243//243 289//289
f 243//243 251//251 227//227
f 315//315 332//332 289//289
f 511//511 490//490 510//510
f 472//472 490//490 479//479
f 490//490 511//511 479//479
f 490//490 497//497 510//510
f 487//487 454//454 462//462
f 497//497 534//534 510//510
f 534//534 497//497 519//519
f 534//534 557//557 565//565
f 557//557 534//534 519//519
f 629//629 643//643 657//657
f 643//643 629//629 607//607
f 641//641 643//643 607//607
f 608//608 588//588 602//602
f 588//588 574//574 602//602
f 536//536 574//574 554//554
f 574//574 588//588 554//554
f 484//484 532//532 507//507
f 451//451 491//491 473//473
f 491//491 451//451 458//458
f 433//433 451//451 428//428
f 451//451 433//433 458//458
f 437//437 440//440 415//415
f 556//556 592//592 564//564
f 556//556 524//524 548//548
f 524//524 556//556 564//564
f 592//592 591//591 564//564
f 591//591 641//641 607//607
f 437//437 469//469 461//461
f 469//469 478//478 461//461
f 478//478 469//469 524//524
f 509//509 564//564 537//537
f 509//509 524//524 564//564
f 509//509 478//478 524//524
f 592//592 622//622 635//635
f 748//748 770//770 763//763
f 770//770 783//783 763//763
f 783//783 769//769 763//763
f 769//769 783//783 788//788
f 723//723 726//726 704//704
f 754//754 723//723 744//744
f 726//726 723//723 754//754
f 666//666 641//641 656//656
f 692//692 666//666 656//656
f 643//643 666//666 657//657
f 666//666 643//643 641//641
f 663//663 674//674 669//669
f 663//663 629//629 657//657
f 674//674 663//663 657//657
f 726//726 743//743 735//735
f 743//743 726//726 754//754
f 743//743 771//771 735//735
f 777//777 743//743 754//754
f 717//717 703//703 704//704
f 726//726 717//717 704//704
f 717//717 726//726 735//735
f 703//703 717//717 699//699
f 796//796 761//761 787//787
f 761//761 757//757 787//787
f 795//795 802//802 808//808
f 699//699 696//696 668//668
f 696//696 682//682 668//668
f 682//682 696//696 705//705
f 673//673 682//682 705//705
f 654//654 673//673 684//684
f 682//682 673//673 646//646
f 673//673 654//654 646//646
f 774//774 779//779 793//793
f 759//759 779//779 774//774
f 789//789 786//786 799//799
f 776//776 789//789 799//799
f 773//773 789//789 776//776
f 786//786 789//789 762//762
f 789//789 773//773 762//762
f 662//662 676//676 680//680
f 670//670 676//676 637//637
f 676//676 662//662 637//637
f 647//647 687//687 670//670
f 702//702 687//687 685//685
f 687//687 712//712 670//670
f 712//712 702//702 732//732
f 702//702 712//712 687//687
f 563//563 544//544 542//542
f 563//563 597//597 544//544
f 597//597 632//632 651//651
f 632//632 665//665 651//651
f 665//665 632//632 644//644
f 496//496 515//515 498//498
f 486//486 496//496 498//498
f 496//496 486//486 468//468
f 480//480 467//467 444//444
f 203//203 179//179 194//194
f 194//194 171//171 184//184
f 179//179 171//171 194//194
f 171//171 149//149 184//184
f 171//171 179//179 149//149
f 325//325 319//319 300//300
f 356//356 319//319 353//353
f 375//375 395//395 352//352
f 354//354 342//342 325//325
f 342//342 319//319 325//325
f 338//338 325//325 294//294
f 338//338 354//354 325//325
f 288//288 279//279 265//265
f 267//267 288//288 265//265
f 288//288 267//267 294//294
f 325//325 288//288 294//294
f 288//288 325//325 300//300
f 279//279 288//288 300//300
f 79//79 93//93 102//102
f 93//93 79//79 92//92
f 93//93 111//111 102//102
f 111//111 93//93 92//92
f 71//71 79//79 69//69
f 65//65 71//71 69//69
f 195//195 186//186 191//191
f 344//344 375//375 352//352
f 375//375 344//344 361//361
f 285//285 321//321 310//310
f 344//344 321//321 361//361
f 321//321 344//344 310//310
f 185//185 151//151 168//168
f 235//235 230//230 248//248
f 212//212 230//230 235//235
f 109//109 111//111 92//92
f 127//127 109//109 121//121
f 111//111 109//109 127//127
f 159//159 147//147 127//127
f 132//132 147//147 168//168
f 147//147 132//132 127//127
f 189//189 159//159 172//172
f 135//135 132//132 151//151
f 132//132 135//135 119//119
f 119//119 135//135 125//125
f 135//135 143//143 125//125
f 135//135 151//151 143//143
f 483//483 447//447 479//479
f 447//447 483//483 456//456
f 389//389 400//400 417//417
f 400//400 421//421 417//417
f 443//443 472//472 479//479
f 421//421 443//443 479//479
f 422//422 443//443 421//421
f 443//443 422//422 424//424
f 546//546 552//552 520//520
f 566//566 552//552 572//572
f 620//620 619//619 593//593
f 619//619 620//620 646//646
f 619//619 654//654 634//634
f 654//654 619//619 646//646
f 599//599 619//619 634//634
f 619//619 599//599 593//593
f 593//593 599//599 558//558
f 599//599 571//571 558//558
f 596//596 620//620 593//593
f 577//577 596//596 593//593
f 620//620 596//596 625//625
f 596//596 601//601 625//625
f 516//516 551//551 558//558
f 483//483 516//516 502//502
f 533//533 516//516 558//558
f 516//516 533//533 502//502
f 531//531 511//511 510//510
f 534//534 531//531 510//510
f 531//531 559//559 551//551
f 559//559 531//531 565//565
f 531//531 534//534 565//565
f 419//419 408//408 435//435
f 419//419 435//435 444//444
f 408//408 390//390 389//389
f 390//390 363//363 389//389
f 363//363 390//390 370//370
f 370//370 390//390 402//402
f 390//390 419//419 402//402
f 419//419 390//390 408//408
f 234//234 251//251 257//257
f 251//251 234//234 227//227
f 378//378 355//355 334//334
f 223//223 261//261 236//236
f 273//273 261//261 223//223
f 320//320 355//355 315//315
f 304//304 320//320 315//315
f 355//355 320//320 334//334
f 337//337 377//377 364//364
f 355//355 346//346 315//315
f 346//346 332//332 315//315
f 381//381 346//346 388//388
f 332//332 346//346 359//359
f 346//346 381//381 359//359
f 306//306 337//337 301//301
f 332//332 296//296 289//289
f 296//296 251//251 289//289
f 251//251 296//296 257//257
f 471//471 490//490 472//472
f 471//471 497//497 490//490
f 471//471 424//424 448//448
f 471//471 443//443 424//424
f 443//443 471//471 472//472
f 436//436 440//440 462//462
f 454//454 436//436 462//462
f 497//497 470//470 519//519
f 470//470 487//487 519//519
f 471//471 470//470 497//497
f 470//470 471//471 448//448
f 454//454 470//470 448//448
f 487//487 470//470 454//454
f 629//629 590//590 607//607
f 540//540 557//557 519//519
f 540//540 487//487 537//537
f 487//487 540//540 519//519
f 540//540 590//590 557//557
f 598//598 649//649 625//625
f 601//601 598//598 625//625
f 649//649 598//598 660//660
f 631//631 608//608 602//602
f 631//631 640//640 653//653
f 638//638 677//677 667//667
f 638//638 639//639 677//677
f 573//573 569//569 555//555
f 569//569 603//603 579//579
f 528//528 536//536 554//554
f 626//626 638//638 667//667
f 446//446 433//433 429//429
f 433//433 446//446 458//458
f 404//404 418//418 429//429
f 455//455 418//418 441//441
f 418//418 446//446 429//429
f 446//446 418//418 455//455
f 394//394 365//365 366//366
f 513//513 504//504 473//473
f 491//491 513//513 473//473
f 513//513 528//528 504//504
f 513//513 491//491 536//536
f 528//528 513//513 536//536
f 493//493 491//491 458//458
f 493//493 484//484 507//507
f 453//453 437//437 461//461
f 437//437 453//453 440//440
f 478//478 453//453 461//461
f 440//440 453//453 462//462
f 453//453 478//478 462//462
f 409//409 406//406 388//388
f 406//406 381//381 388//388
f 383//383 406//406 416//416
f 406//406 383//383 381//381
f 381//381 383//383 359//359
f 383//383 351//351 359//359
f 351//351 383//383 371//371
f 575//575 556//556 548//548
f 556//556 575//575 592//592
f 562//562 575//575 548//548
f 564//564 570//570 537//537
f 591//591 570//570 564//564
f 570//570 540//540 537//537
f 540//540 570//570 590//590
f 570//570 591//591 607//607
f 590//590 570//570 607//607
f 623//623 592//592 635//635
f 623//623 591//591 592//592
f 591//591 623//623 641//641
f 656//656 623//623 635//635
f 641//641 623//623 656//656
f 430//430 437//437 415//415
f 382//382 430//430 415//415
f 487//487 500//500 537//537
f 500//500 509//509 537//537
f 500//500 487//487 462//462
f 478//478 500//500 462//462
f 509//509 500//500 478//478
f 706//706 708//708 688//688
f 708//708 678//678 688//688
f 678//678 708//708 695//695
f 678//678 695//695 672//672
f 758//758 756//756 782//782
f 700//700 731//731 716//716
f 731//731 700//700 719//719
f 748//748 752//752 770//770
f 752//752 731//731 751//751
f 752//752 748//748 716//716
f 731//731 752//752 716//716
f 783//783 798//798 788//788
f 798//798 783//783 770//770
f 640//640 658//658 653//653
f 691//691 658//658 667//667
f 658//658 626//626 667//667
f 626//626 658//658 640//640
f 700//700 686//686 719//719
f 686//686 691//691 719//719
f 658//658 686//686 653//653
f 686//686 658//658 691//691
f 691//691 720//720 719//719
f 745//745 720//720 721//721
f 723//723 739//739 744//744
f 739//739 761//761 744//744
f 761//761 739//739 757//757
f 689//689 666//666 692//692
f 666//666 689//689 657//657
f 772//772 777//777 754//754
f 772//772 754//754 744//744
f 761//761 772//772 744//744
f 812//812 811//811 804//804
f 809//809 812//812 804//804
f 811//811 812//812 813//813
f 797//797 792//792 777//777
f 802//802 794//794 804//804
f 797//797 794//794 792//792
f 795//795 794//794 802//802
f 794//794 795//795 792//792
f 792//792 778//778 777//777
f 743//743 778//778 771//771
f 778//778 743//743 777//777
f 800//800 803//803 808//808
f 803//803 795//795 808//808
f 696//696 714//714 705//705
f 714//714 696//696 699//699
f 654//654 675//675 634//634
f 675//675 654//654 684//684
f 711//711 675//675 684//684
f 675//675 711//711 693//693
f 711//711 673//673 705//705
f 673//673 711//711 684//684
f 615//615 648//648 647//647
f 648//648 615//615 628//628
f 552//552 587//587 572//572
f 587//587 552//552 546//546
f 587//587 615//615 572//572
f 615//615 587//587 628//628
f 736//736 712//712 732//732
f 712//712 736//736 729//729
f 736//736 732//732 774//774
f 775//775 736//736 774//774
f 710//710 712//712 729//729
f 676//676 710//710 680//680
f 710//710 676//676 670//670
f 712//712 710//710 670//670
f 694//694 710//710 730//730
f 710//710 694//694 680//680
f 710//710 747//747 730//730
f 747//747 710//710 729//729
f 515//515 525//525 542//542
f 496//496 525//525 515//515
f 525//525 496//496 495//495
f 644//644 621//621 637//637
f 614//614 615//615 647//647
f 518//518 485//485 520//520
f 485//485 518//518 499//499
f 496//496 452//452 495//495
f 414//414 413//413 425//425
f 413//413 431//431 425//425
f 506//506 480//480 521//521
f 506//506 467//467 480//480
f 207//207 194//194 184//184
f 207//207 223//223 236//236
f 226//226 207//207 236//236
f 207//207 203//203 194//194
f 203//203 207//207 226//226
f 131//131 136//136 117//117
f 22//22 21//21 30//30
f 11//11 12//12 10//10
f 11//11 19//19 12//12
f 11//11 5//5 3//3
f 5//5 11//11 10//10
f 9//9 2//2 8//8
f 2//2 9//9 4//4
f 11//11 9//9 19//19
f 4//4 9//9 3//3
f 9//9 11//11 3//3
f 12//12 20//20 18//18
f 405//405 375//375 402//402
f 405//405 395//395 375//375
f 405//405 423//423 395//395
f 322//322 344//344 352//352
f 344//344 322//322 310//310
f 72//72 71//71 65//65
f 56//56 72//72 65//65
f 72//72 56//56 76//76
f 72//72 76//76 92//92
f 79//79 72//72 92//92
f 71//71 72//72 79//79
f 162//162 155//155 186//186
f 76//76 87//87 92//92
f 173//173 195//195 214//214
f 181//181 173//173 214//214
f 173//173 186//186 195//195
f 173//173 162//162 186//186
f 202//202 201//201 225//225
f 201//201 202//202 185//185
f 165//165 188//188 198//198
f 188//188 202//202 198//198
f 202//202 188//188 185//185
f 151//151 160//160 143//143
f 160//160 165//165 143//143
f 267//267 274//274 294//294
f 241//241 225//225 246//246
f 268//268 241//241 246//246
f 167//167 189//189 197//197
f 189//189 167//167 159//159
f 147//147 167//167 168//168
f 167//167 147//147 159//159
f 169//169 141//141 170//170
f 483//483 481//481 456//456
f 481//481 483//483 502//502
f 481//481 480//480 456//456
f 533//533 545//545 521//521
f 517//517 483//483 479//479
f 517//517 516//516 483//483
f 511//511 517//517 479//479
f 516//516 517//517 551//551
f 517//517 531//531 551//551
f 531//531 517//517 511//511
f 363//363 343//343 331//331
f 343//343 363//363 370//370
f 343//343 309//309 331//331
f 309//309 343//343 321//321
f 343//343 370//370 361//361
f 321//321 343//343 361//361
f 196//196 180//180 156//156
f 180//180 211//211 191//191
f 211//211 180//180 196//196
f 186//186 180//180 191//191
f 155//155 180//180 186//186
f 164//164 196//196 156//156
f 208//208 219//219 231//231
f 264//264 245//245 240//240
f 345//345 307//307 324//324
f 183//183 169//169 170//170
f 249//249 234//234 257//257
f 234//234 249//249 221//221
f 433//433 393//393 429//429
f 393//393 404//404 429//429
f 404//404 393//393 385//385
f 378//378 376//376 355//355
f 346//346 376//376 388//388
f 376//376 346//346 355//355
f 238//238 226//226 236//236
f 243//243 272//272 289//289
f 238//238 272//272 243//243
f 272//272 238//238 271//271
f 272//272 315//315 289//289
f 272//272 304//304 315//315
f 277//277 261//261 273//273
f 307//307 284//284 324//324
f 318//318 282//282 301//301
f 337//337 318//318 301//301
f 282//282 252//252 270//270
f 219//219 252//252 231//231
f 297//297 306//306 301//301
f 282//282 297//297 301//301
f 297//297 282//282 270//270
f 306//306 339//339 337//337
f 377//377 339//339 360//360
f 339//339 377//377 337//337
f 440//440 398//398 415//415
f 398//398 377//377 415//415
f 377//377 398//398 364//364
f 411//411 436//436 454//454
f 600//600 590//590 629//629
f 590//590 600//600 557//557
f 557//557 600//600 565//565
f 600//600 584//584 565//565
f 598//598 578//578 584//584
f 578//578 559//559 565//565
f 584//584 578//578 565//565
f 578//578 598//598 601//601
f 596//596 578//578 601//601
f 578//578 596//596 577//577
f 559//559 578//578 551//551
f 578//578 577//577 551//551
f 660//660 630//630 669//669
f 598//598 630//630 660//660
f 630//630 600//600 629//629
f 630//630 598//598 584//584
f 600//600 630//630 584//584
f 630//630 663//663 669//669
f 663//663 630//630 629//629
f 701//701 677//677 698//698
f 701//701 720//720 691//691
f 701//701 691//691 667//667
f 677//677 701//701 667//667
f 701//701 698//698 721//721
f 720//720 701//701 721//721
f 613//613 583//583 605//605
f 677//677 645//645 698//698
f 639//639 645//645 677//677
f 645//645 613//613 605//605
f 583//583 576//576 555//555
f 576//576 573//573 555//555
f 627//627 638//638 603//603
f 638//638 627//627 639//639
f 627//627 645//645 639//639
f 645//645 627//627 613//613
f 569//569 547//547 555//555
f 484//484 547//547 532//532
f 560//560 569//569 579//579
f 574//574 560//560 579//579
f 560//560 574//574 536//536
f 569//569 585//585 603//603
f 585//585 569//569 573//573
f 576//576 585//585 573//573
f 585//585 576//576 583//583
f 504//504 482//482 473//473
f 475//475 482//482 504//504
f 539//539 562//562 548//548
f 492//492 475//475 504//504
f 574//574 618//618 602//602
f 626//626 618//618 574//574
f 618//618 626//626 640//640
f 618//618 631//631 602//602
f 631//631 618//618 640//640
f 611//611 574//574 579//579
f 611//611 626//626 574//574
f 603//603 611//611 579//579
f 638//638 611//611 603//603
f 626//626 611//611 638//638
f 446//446 466//466 458//458
f 466//466 493//493 458//458
f 493//493 466//466 484//484
f 466//466 455//455 484//484
f 466//466 446//446 455//455
f 365//365 367//367 341//341
f 327//327 365//365 341//341
f 365//365 327//327 366//366
f 418//418 420//420 441//441
f 420//420 418//418 404//404
f 394//394 391//391 365//365
f 391//391 367//367 365//365
f 391//391 420//420 404//404
f 420//420 391//391 394//394
f 391//391 404//404 385//385
f 367//367 391//391 385//385
f 434//434 406//406 409//409
f 406//406 434//434 416//416
f 434//434 430//430 416//416
f 351//351 336//336 359//359
f 336//336 351//351 308//308
f 296//296 336//336 308//308
f 336//336 332//332 359//359
f 336//336 296//296 332//332
f 357//357 351//351 371//371
f 357//357 382//382 360//360
f 382//382 357//357 371//371
f 317//317 357//357 360//360
f 357//357 317//317 308//308
f 351//351 357//357 308//308
f 377//377 379//379 415//415
f 379//379 382//382 415//415
f 379//379 377//377 360//360
f 382//382 379//379 360//360
f 392//392 382//382 371//371
f 392//392 430//430 382//382
f 430//430 392//392 416//416
f 392//392 383//383 416//416
f 383//383 392//392 371//371
f 594//594 588//588 608//608
f 588//588 594//594 554//554
f 594//594 553//553 554//554
f 659//659 631//631 653//653
f 725//725 708//708 706//706
f 725//725 706//706 716//716
f 748//748 725//725 716//716
f 750//750 731//731 719//719
f 731//731 750//750 751//751
f 750//750 766//766 751//751
f 750//750 758//758 782//782
f 766//766 750//750 782//782
f 788//788 801//801 805//805
f 798//798 801//801 788//788
f 784//784 798//798 770//770
f 784//784 766//766 782//782
f 766//766 784//784 751//751
f 752//752 784//784 770//770
f 784//784 752//752 751//751
f 741//741 745//745 756//756
f 741//741 720//720 745//745
f 758//758 741//741 756//756
f 720//720 741//741 719//719
f 741//741 750//750 719//719
f 750//750 741//741 758//758
f 707//707 692//692 672//672
f 707//707 713//713 692//692
f 695//695 707//707 672//672
f 708//708 707//707 695//695
f 713//713 722//722 692//692
f 722//722 689//689 692//692
f 739//739 722//722 757//757
f 722//722 713//713 757//757
f 722//722 739//739 723//723
f 689//689 722//722 723//723
f 697//697 723//723 704//704
f 697//697 689//689 723//723
f 674//674 697//697 704//704
f 697//697 674//674 657//657
f 689//689 697//697 657//657
f 807//807 796//796 805//805
f 790//790 761//761 796//796
f 790//790 772//772 761//761
f 807//807 790//790 796//796
f 790//790 807//807 797//797
f 772//772 790//790 777//777
f 790//790 797//797 777//777
f 806//806 809//809 804//804
f 794//794 806//806 804//804
f 806//806 794//794 797//797
f 806//806 807//807 809//809
f 807//807 806//806 797//797
f 715//715 711//711 705//705
f 711//711 715//715 738//738
f 671//671 655//655 693//693
f 655//655 675//675 693//693
f 675//675 655//655 634//634
f 755//755 773//773 776//776
f 773//773 755//755 762//762
f 755//755 738//738 762//762
f 755//755 737//737 738//738
f 711//711 727//727 693//693
f 727//727 711//711 738//738
f 737//737 727//727 738//738
f 664//664 648//648 685//685
f 648//648 664//664 647//647
f 687//687 664//664 685//685
f 664//664 687//687 647//647
f 655//655 652//652 636//636
f 652//652 655//655 671//671
f 652//652 628//628 636//636
f 652//652 648//648 628//628
f 652//652 671//671 685//685
f 648//648 652//652 685//685
f 628//628 609//609 636//636
f 587//587 609//609 628//628
f 655//655 609//609 634//634
f 609//609 655//655 636//636
f 609//609 599//599 634//634
f 736//736 753//753 729//729
f 753//753 736//736 775//775
f 753//753 747//747 729//729
f 753//753 775//775 747//747
f 561//561 563//563 542//542
f 525//525 561//561 542//542
f 563//563 561//561 597//597
f 530//530 525//525 495//495
f 530//530 561//561 525//525
f 621//621 616//616 637//637
f 614//614 586//586 615//615
f 586//586 566//566 572//572
f 615//615 586//586 572//572
f 477//477 499//499 488//488
f 463//463 477//477 488//488
f 460//460 496//496 468//468
f 460//460 452//452 496//496
f 425//425 460//460 468//468
f 431//431 460//460 425//425
f 452//452 460//460 431//431
f 495//495 474//474 488//488
f 452//452 474//474 495//495
f 474//474 463//463 488//488
f 474//474 452//452 463//463
f 396//396 414//414 368//368
f 396//396 413//413 414//414
f 319//319 349//349 353//353
f 342//342 349//349 319//319
f 508//508 546//546 520//520
f 485//485 508//508 520//520
f 506//506 508//508 467//467
f 206//206 207//207 184//184
f 207//207 206//206 223//223
f 203//203 177//177 179//179
f 179//179 177//177 149//149
f 138//138 123//123 136//136
f 138//138 141//141 123//123
f 234//234 192//192 227//227
f 200//200 192//192 221//221
f 192//192 234//234 221//221
f 183//183 192//192 200//200
f 178//178 192//192 170//170
f 192//192 183//183 170//170
f 38//38 32//32 43//43
f 83//83 82//82 66//66
f 64//64 83//83 66//66
f 21//21 27//27 30//30
f 27//27 21//21 18//18
f 21//21 16//16 18//18
f 16//16 21//21 22//22
f 98//98 97//97 89//89
f 97//97 98//98 124//124
f 110//110 97//97 124//124
f 81//81 98//98 89//89
f 63//63 81//81 89//89
f 98//98 81//81 82//82
f 82//82 81//81 66//66
f 62//62 63//63 89//89
f 48//48 65//65 40//40
f 48//48 56//56 65//65
f 56//56 61//61 76//76
f 61//61 49//49 74//74
f 23//23 32//32 38//38
f 9//9 14//14 19//19
f 14//14 9//9 8//8
f 17//17 14//14 8//8
f 19//19 24//24 12//12
f 24//24 20//20 12//12
f 28//28 24//24 19//19
f 34//34 24//24 28//28
f 423//423 384//384 395//395
f 395//395 384//384 352//352
f 442//442 452//452 431//431
f 452//452 442//442 463//463
f 439//439 405//405 402//402
f 419//419 439//439 402//402
f 439//439 419//419 444//444
f 405//405 439//439 423//423
f 322//322 286//286 310//310
f 286//286 285//285 310//310
f 340//340 322//322 352//352
f 384//384 340//340 352//352
f 338//338 340//340 354//354
f 340//340 384//384 354//354
f 126//126 110//110 124//124
f 157//157 176//176 172//172
f 176//176 157//157 181//181
f 205//205 176//176 181//181
f 176//176 189//189 172//172
f 189//189 176//176 205//205
f 157//157 158//158 181//181
f 158//158 173//173 181//181
f 157//157 152//152 130//130
f 152//152 159//159 121//121
f 130//130 152//152 121//121
f 159//159 152//152 172//172
f 152//152 157//157 172//172
f 293//293 258//258 275//275
f 292//292 258//258 293//293
f 287//287 309//309 321//321
f 292//292 287//287 260//260
f 287//287 292//292 309//309
f 210//210 202//202 225//225
f 241//241 210//210 225//225
f 210//210 241//241 230//230
f 210//210 230//230 212//212
f 210//210 212//212 198//198
f 202//202 210//210 198//198
f 215//215 201//201 197//197
f 187//187 185//185 168//168
f 187//187 201//201 185//185
f 167//167 187//187 168//168
f 201//201 187//187 197//197
f 187//187 167//167 197//197
f 188//188 174//174 185//185
f 185//185 174//174 151//151
f 174//174 160//160 151//151
f 174//174 188//188 165//165
f 160//160 174//174 165//165
f 274//274 278//278 294//294
f 286//286 278//278 268//268
f 255//255 241//241 268//268
f 278//278 255//255 268//268
f 255//255 278//278 274//274
f 241//241 255//255 230//230
f 255//255 274//274 267//267
f 255//255 267//267 248//248
f 230//230 255//255 248//248
f 533//533 501//501 502//502
f 501//501 481//481 502//502
f 501//501 533//533 521//521
f 480//480 501//501 521//521
f 481//481 501//501 480//480
f 545//545 550//550 571//571
f 550//550 545//545 533//533
f 571//571 550//550 558//558
f 550//550 533//533 558//558
f 541//541 506//506 521//521
f 545//545 541//541 521//521
f 568//568 541//541 545//545
f 568//568 587//587 546//546
f 541//541 568//568 546//546
f 311//311 292//292 293//293
f 329//329 363//363 331//331
f 329//329 333//333 350//350
f 333//333 329//329 311//311
f 374//374 400//400 389//389
f 199//199 208//208 193//193
f 208//208 199//199 219//219
f 211//211 209//209 191//191
f 209//209 211//211 240//240
f 209//209 195//195 191//191
f 228//228 211//211 196//196
f 180//180 163//163 156//156
f 163//163 180//180 155//155
f 134//134 163//163 155//155
f 196//196 175//175 193//193
f 164//164 175//175 196//196
f 256//256 242//242 245//245
f 264//264 256//256 245//245
f 209//209 220//220 195//195
f 245//245 220//220 240//240
f 220//220 209//209 240//240
f 290//290 240//240 263//263
f 290//290 264//264 240//240
f 284//284 290//290 263//263
f 290//290 307//307 305//305
f 290//290 284//284 307//307
f 393//393 401//401 378//378
f 401//401 376//376 378//378
f 401//401 433//433 428//428
f 401//401 393//393 433//433
f 376//376 401//401 388//388
f 401//401 409//409 388//388
f 409//409 401//401 428//428
f 253//253 238//238 236//236
f 238//238 253//253 271//271
f 261//261 253//253 236//236
f 277//277 253//253 261//261
f 253//253 277//277 271//271
f 277//277 298//298 271//271
f 298//298 320//320 304//304
f 272//272 298//298 304//304
f 298//298 272//272 271//271
f 318//318 283//283 282//282
f 283//283 284//284 263//263
f 284//284 283//283 324//324
f 283//283 318//318 324//324
f 283//283 252//252 282//282
f 335//335 337//337 364//364
f 335//335 318//318 337//337
f 318//318 335//335 324//324
f 345//345 335//335 364//364
f 335//335 345//345 324//324
f 262//262 266//266 237//237
f 252//252 266//266 270//270
f 266//266 297//297 270//270
f 266//266 219//219 237//237
f 266//266 252//252 219//219
f 296//296 281//281 257//257
f 281//281 296//296 308//308
f 326//326 339//339 306//306
f 326//326 317//317 360//360
f 339//339 326//326 360//360
f 436//436 410//410 440//440
f 410//410 398//398 440//440
f 411//411 410//410 436//436
f 410//410 411//411 398//398
f 426//426 454//454 448//448
f 426//426 411//411 454//454
f 424//424 426//426 448//448
f 426//426 424//424 399//399
f 411//411 426//426 399//399
f 386//386 411//411 399//399
f 373//373 386//386 399//399
f 386//386 373//373 345//345
f 411//411 386//386 398//398
f 386//386 345//345 364//364
f 398//398 386//386 364//364
f 613//613 606//606 583//583
f 585//585 606//606 603//603
f 606//606 585//585 583//583
f 526//526 560//560 536//536
f 526//526 493//493 507//507
f 491//491 526//526 536//536
f 493//493 526//526 491//491
f 560//560 538//538 569//569
f 547//547 538//538 532//532
f 538//538 547//547 569//569
f 526//526 538//538 560//560
f 532//532 538//538 507//507
f 538//538 526//526 507//507
f 438//438 482//482 475//475
f 438//438 434//434 409//409
f 482//482 438//438 473//473
f 438//438 409//409 428//428
f 438//438 451//451 473//473
f 451//451 438//438 428//428
f 367//367 369//369 341//341
f 341//341 369//369 334//334
f 393//393 369//369 385//385
f 369//369 367//367 385//385
f 369//369 378//378 334//334
f 369//369 393//393 378//378
f 678//678 661//661 688//688
f 633//633 642//642 622//622
f 622//622 642//642 635//635
f 642//642 661//661 678//678
f 661//661 642//642 633//633
f 642//642 672//672 635//635
f 642//642 678//678 672//672
f 633//633 595//595 604//604
f 595//595 575//575 562//562
f 604//604 595//595 562//562
f 595//595 633//633 622//622
f 595//595 622//622 592//592
f 575//575 595//595 592//592
f 681//681 686//686 700//700
f 686//686 681//681 653//653
f 681//681 659//659 653//653
f 725//725 740//740 708//708
f 740//740 707//707 708//708
f 769//769 740//740 763//763
f 740//740 748//748 763//763
f 740//740 725//725 748//748
f 786//786 791//791 800//800
f 791//791 781//781 800//800
f 765//765 786//786 762//762
f 765//765 791//791 786//786
f 791//791 765//765 781//781
f 738//738 765//765 762//762
f 785//785 803//803 800//800
f 781//781 785//785 800//800
f 803//803 785//785 795//795
f 709//709 671//671 693//693
f 755//755 749//749 737//737
f 749//749 755//755 776//776
f 599//599 582//582 571//571
f 609//609 582//582 599//599
f 582//582 609//609 587//587
f 568//568 582//582 587//587
f 582//582 545//545 571//571
f 582//582 568//568 545//545
f 561//561 610//610 597//597
f 610//610 632//632 597//597
f 632//632 610//610 644//644
f 610//610 621//621 644//644
f 499//499 523//523 488//488
f 518//518 523//523 499//499
f 617//617 647//647 670//670
f 617//617 614//614 647//647
f 617//617 670//670 637//637
f 616//616 617//617 637//637
f 589//589 586//586 614//614
f 617//617 589//589 614//614
f 589//589 616//616 581//581
f 589//589 617//617 616//616
f 485//485 465//465 464//464
f 465//465 485//485 499//499
f 477//477 465//465 499//499
f 372//372 356//356 353//353
f 356//356 372//372 368//368
f 372//372 396//396 368//368
f 154//154 177//177 178//178
f 154//154 138//138 136//136
f 131//131 154//154 136//136
f 154//154 131//131 149//149
f 177//177 154//154 149//149
f 213//213 177//177 203//203
f 213//213 243//243 227//227
f 177//177 213//213 178//178
f 213//213 238//238 243//243
f 192//192 213//213 227//227
f 213//213 192//192 178//178
f 213//213 203//203 226//226
f 238//238 213//213 226//226
f 150//150 178//178 170//170
f 141//141 150//150 170//170
f 138//138 150//150 141//141
f 150//150 154//154 178//178
f 154//154 150//150 138//138
f 73//73 91//91 96//96
f 64//64 53//53 67//67
f 60//60 57//57 43//43
f 57//57 55//55 43//43
f 108//108 107//107 96//96
f 107//107 108//108 123//123
f 107//107 141//141 116//116
f 141//141 107//107 123//123
f 108//108 118//118 123//123
f 136//136 118//118 117//117
f 123//123 118//118 136//136
f 20//20 29//29 18//18
f 29//29 27//27 18//18
f 27//27 29//29 30//30
f 24//24 29//29 20//20
f 29//29 24//24 34//34
f 13//13 16//16 22//22
f 13//13 22//22 31//31
f 18//18 13//13 7//7
f 16//16 13//13 18//18
f 95//95 97//97 110//110
f 142//142 157//157 130//130
f 128//128 142//142 130//130
f 158//158 142//142 144//144
f 142//142 158//158 157//157
f 104//104 130//130 121//121
f 109//109 104//104 121//121
f 104//104 109//109 92//92
f 87//87 104//104 92//92
f 75//75 62//62 89//89
f 49//49 59//59 74//74
f 59//59 75//75 74//74
f 75//75 59//59 62//62
f 39//39 48//48 40//40
f 31//31 39//39 40//40
f 37//37 39//39 31//31
f 61//61 54//54 49//49
f 54//54 61//61 56//56
f 54//54 42//42 49//49
f 48//48 54//54 56//56
f 39//39 54//54 48//48
f 54//54 37//37 42//42
f 54//54 39//39 37//37
f 23//23 15//15 6//6
f 6//6 15//15 8//8
f 15//15 17//17 8//8
f 26//26 14//14 17//17
f 26//26 28//28 19//19
f 14//14 26//26 19//19
f 384//384 380//380 354//354
f 380//380 342//342 354//354
f 380//380 349//349 342//342
f 450//450 442//442 423//423
f 450//450 477//477 463//463
f 442//442 450//450 463//463
f 467//467 457//457 444//444
f 457//457 439//439 444//444
f 439//439 457//457 464//464
f 508//508 457//457 467//467
f 457//457 485//485 464//464
f 457//457 508//508 485//485
f 173//173 145//145 162//162
f 145//145 158//158 144//144
f 158//158 145//145 173//173
f 218//218 215//215 197//197
f 189//189 218//218 197//197
f 218//218 189//189 205//205
f 258//258 229//229 242//242
f 309//309 313//313 331//331
f 292//292 313//313 309//309
f 311//311 313//313 292//292
f 313//313 329//329 331//331
f 329//329 313//313 311//311
f 276//276 321//321 285//285
f 276//276 287//287 321//321
f 276//276 254//254 260//260
f 287//287 276//276 260//260
f 201//201 222//222 225//225
f 215//215 222//222 201//201
f 225//225 222//222 246//246
f 314//314 286//286 322//322
f 314//314 278//278 286//286
f 314//314 340//340 338//338
f 340//340 314//314 322//322
f 314//314 338//338 294//294
f 278//278 314//314 294//294
f 137//137 161//161 166//166
f 161//161 199//199 166//166
f 146//146 141//141 169//169
f 161//161 146//146 169//169
f 146//146 161//161 137//137
f 141//141 146//146 116//116
f 146//146 137//137 116//116
f 527//527 541//541 546//546
f 541//541 527//527 506//506
f 508//508 527//527 546//546
f 527//527 508//508 506//506
f 329//329 362//362 363//363
f 362//362 329//329 350//350
f 374//374 362//362 350//350
f 363//363 362//362 389//389
f 362//362 374//374 389//389
f 299//299 293//293 275//275
f 299//299 311//311 293//293
f 299//299 333//333 311//311
f 333//333 358//358 350//350
f 358//358 374//374 350//350
f 312//312 290//290 305//305
f 400//400 397//397 421//421
f 374//374 397//397 400//400
f 358//358 397//397 374//374
f 397//397 422//422 421//421
f 373//373 397//397 348//348
f 397//397 358//358 348//348
f 182//182 199//199 193//193
f 199//199 182//182 166//166
f 175//175 182//182 193//193
f 216//216 228//228 196//196
f 216//216 196//196 193//193
f 208//208 216//216 193//193
f 216//216 208//208 231//231
f 228//228 216//216 231//231
f 244//244 228//228 231//231
f 252//252 244//244 231//231
f 244//244 283//283 263//263
f 283//283 244//244 252//252
f 211//211 232//232 240//240
f 228//228 232//232 211//211
f 244//244 232//232 228//228
f 240//240 232//232 263//263
f 232//232 244//244 263//263
f 163//163 140//140 156//156
f 140//140 163//163 134//134
f 140//140 164//164 156//156
f 182//182 153//153 166//166
f 153//153 182//182 175//175
f 259//259 256//256 275//275
f 256//256 259//259 242//242
f 258//258 259//259 275//275
f 259//259 258//258 242//242
f 242//242 224//224 245//245
f 224//224 220//220 245//245
f 224//224 229//229 214//214
f 229//229 224//224 242//242
f 195//195 224//224 214//214
f 220//220 224//224 195//195
f 347//347 373//373 348//348
f 373//373 347//347 345//345
f 347//347 348//348 305//305
f 307//307 347//347 305//305
f 345//345 347//347 307//307
f 320//320 323//323 334//334
f 298//298 323//323 320//320
f 323//323 341//341 334//334
f 323//323 328//328 341//341
f 297//297 295//295 306//306
f 266//266 295//295 297//297
f 295//295 326//326 306//306
f 326//326 295//295 317//317
f 295//295 266//266 262//262
f 280//280 249//249 257//257
f 281//281 280//280 257//257
f 280//280 295//295 262//262
f 280//280 281//281 308//308
f 317//317 280//280 308//308
f 295//295 280//280 317//317
f 627//627 612//612 613//613
f 612//612 606//606 613//613
f 612//612 627//627 603//603
f 606//606 612//612 603//603
f 539//539 549//549 562//562
f 529//529 549//549 539//539
f 549//549 529//529 553//553
f 549//549 604//604 562//562
f 594//594 549//549 553//553
f 549//549 594//594 604//604
f 529//529 522//522 553//553
f 553//553 522//522 554//554
f 522//522 528//528 554//554
f 522//522 529//529 492//492
f 528//528 522//522 504//504
f 522//522 492//492 504//504
f 524//524 505//505 548//548
f 505//505 539//539 548//548
f 505//505 476//476 494//494
f 494//494 476//476 492//492
f 316//316 303//303 327//327
f 328//328 316//316 341//341
f 316//316 327//327 341//341
f 650//650 633//633 604//604
f 650//650 661//661 633//633
f 594//594 650//650 604//604
f 740//740 760//760 707//707
f 713//713 760//760 757//757
f 707//707 760//760 713//713
f 760//760 740//740 769//769
f 760//760 769//769 788//788
f 760//760 788//788 787//787
f 757//757 760//760 787//787
f 715//715 728//728 738//738
f 728//728 765//765 738//738
f 714//714 728//728 705//705
f 728//728 715//715 705//705
f 795//795 780//780 792//792
f 778//778 780//780 771//771
f 780//780 778//778 792//792
f 733//733 728//728 714//714
f 765//765 733//733 781//781
f 728//728 733//733 765//765
f 733//733 714//714 699//699
f 724//724 709//709 693//693
f 709//709 724//724 734//734
f 727//727 724//724 693//693
f 724//724 727//727 737//737
f 749//749 724//724 737//737
f 724//724 749//749 734//734
f 671//671 690//690 685//685
f 709//709 690//690 671//671
f 690//690 702//702 685//685
f 690//690 709//709 702//702
f 702//702 718//718 732//732
f 709//709 718//718 702//702
f 732//732 718//718 759//759
f 718//718 734//734 759//759
f 718//718 709//709 734//734
f 734//734 768//768 759//759
f 768//768 779//779 759//759
f 779//779 768//768 793//793
f 610//610 580//580 621//621
f 580//580 610//610 561//561
f 616//616 580//580 581//581
f 580//580 616//616 621//621
f 580//580 530//530 581//581
f 530//530 580//580 561//561
f 523//523 512//512 488//488
f 512//512 523//523 530//530
f 512//512 495//495 488//488
f 512//512 530//530 495//495
f 530//530 567//567 581//581
f 523//523 567//567 530//530
f 567//567 589//589 581//581
f 589//589 567//567 586//586
f 349//349 387//387 353//353
f 387//387 372//372 353//353
f 380//380 387//387 349//349
f 372//372 387//387 396//396
f 396//396 387//387 413//413
f 84//84 73//73 96//96
f 107//107 84//84 96//96
f 84//84 107//107 90//90
f 73//73 84//84 60//60
f 53//53 51//51 67//67
f 51//51 53//53 44//44
f 38//38 51//51 44//44
f 51//51 38//38 43//43
f 55//55 51//51 43//43
f 51//51 68//68 67//67
f 68//68 51//51 55//55
f 80//80 64//64 67//67
f 64//64 80//80 83//83
f 68//68 80//80 67//67
f 80//80 68//68 88//88
f 99//99 80//80 88//88
f 105//105 118//118 108//108
f 91//91 105//105 96//96
f 105//105 108//108 96//96
f 105//105 91//91 117//117
f 118//118 105//105 117//117
f 97//97 86//86 89//89
f 95//95 86//86 97//97
f 86//86 75//75 89//89
f 75//75 86//86 74//74
f 113//113 128//128 130//130
f 104//104 113//113 130//130
f 42//42 35//35 49//49
f 35//35 59//59 49//49
f 35//35 22//22 30//30
f 29//29 35//35 30//30
f 22//22 35//35 31//31
f 35//35 37//37 31//31
f 37//37 35//35 42//42
f 46//46 52//52 63//63
f 81//81 52//52 66//66
f 52//52 81//81 63//63
f 45//45 46//46 63//63
f 46//46 45//45 34//34
f 45//45 29//29 34//34
f 45//45 35//35 29//29
f 445//445 450//450 423//423
f 465//465 445//445 464//464
f 445//445 465//465 477//477
f 450//450 445//445 477//477
f 445//445 439//439 464//464
f 439//439 445//445 423//423
f 145//145 139//139 162//162
f 139//139 145//145 126//126
f 162//162 139//139 155//155
f 139//139 126//126 124//124
f 134//134 139//139 124//124
f 139//139 134//134 155//155
f 254//254 233//233 260//260
f 233//233 218//218 205//205
f 229//229 217//217 214//214
f 217//217 181//181 214//214
f 217//217 205//205 181//181
f 217//217 233//233 205//205
f 269//269 276//276 285//285
f 276//276 269//269 254//254
f 254//254 269//269 246//246
f 269//269 268//268 246//246
f 286//286 269//269 285//285
f 269//269 286//286 268//268
f 161//161 190//190 199//199
f 190//190 183//183 200//200
f 183//183 190//190 169//169
f 190//190 161//161 169//169
f 348//348 330//330 305//305
f 330//330 312//312 305//305
f 358//358 330//330 348//348
f 330//330 358//358 333//333
f 299//299 330//330 333//333
f 397//397 403//403 422//422
f 424//424 403//403 399//399
f 422//422 403//403 424//424
f 403//403 373//373 399//399
f 403//403 397//397 373//373
f 106//106 98//98 82//82
f 98//98 106//106 124//124
f 148//148 175//175 164//164
f 148//148 153//153 175//175
f 302//302 298//298 277//277
f 302//302 323//323 298//298
f 302//302 277//277 273//273
f 303//303 302//302 273//273
f 316//316 302//302 303//303
f 323//323 302//302 328//328
f 302//302 316//316 328//328
f 280//280 250//250 249//249
f 250//250 280//280 262//262
f 250//250 262//262 237//237
f 221//221 250//250 237//237
f 249//249 250//250 221//221
f 505//505 514//514 539//539
f 514//514 505//505 494//494
f 514//514 529//529 539//539
f 529//529 514//514 492//492
f 514//514 494//494 492//492
f 459//459 469//469 437//437
f 430//430 459//459 437//437
f 434//434 459//459 430//430
f 449//449 438//438 475//475
f 438//438 449//449 434//434
f 492//492 449//449 475//475
f 476//476 449//449 492//492
f 449//449 459//459 434//434
f 459//459 449//449 476//476
f 624//624 594//594 608//608
f 624//624 650//650 594//594
f 631//631 624//624 608//608
f 659//659 624//624 631//631
f 650//650 624//624 659//659
f 650//650 679//679 661//661
f 679//679 706//706 688//688
f 661//661 679//679 688//688
f 706//706 679//679 716//716
f 679//679 700//700 716//716
f 679//679 650//650 659//659
f 679//679 681//681 700//700
f 681//681 679//679 659//659
f 785//785 767//767 795//795
f 767//767 780//780 795//795
f 780//780 767//767 771//771
f 764//764 749//749 776//776
f 764//764 776//776 793//793
f 768//768 764//764 793//793
f 749//749 764//764 734//734
f 764//764 768//768 734//734
f 586//586 543//543 566//566
f 567//567 543//543 586//586
f 543//543 523//523 518//518
f 543//543 567//567 523//523
f 413//413 412//412 431//431
f 387//387 412//412 413//413
f 412//412 442//442 431//431
f 84//84 77//77 60//60
f 77//77 84//84 90//90
f 77//77 57//57 60//60
f 88//88 77//77 90//90
f 68//68 70//70 88//88
f 77//77 70//70 57//57
f 70//70 77//77 88//88
f 57//57 70//70 55//55
f 70//70 68//68 55//55
f 112//112 137//137 166//166
f 101//101 107//107 116//116
f 107//107 101//101 90//90
f 101//101 88//88 90//90
f 101//101 99//99 88//88
f 86//86 78//78 74//74
f 78//78 86//86 95//95
f 85//85 78//78 95//95
f 85//85 87//87 76//76
f 61//61 85//85 76//76
f 85//85 61//61 74//74
f 78//78 85//85 74//74
f 100//100 104//104 87//87
f 100//100 113//113 104//104
f 85//85 100//100 87//87
f 100//100 85//85 95//95
f 113//113 120//120 128//128
f 142//142 120//120 144//144
f 120//120 142//142 128//128
f 120//120 145//145 144//144
f 100//100 120//120 113//113
f 126//126 120//120 110//110
f 145//145 120//120 126//126
f 120//120 95//95 110//110
f 120//120 100//100 95//95
f 36//36 46//46 34//34
f 36//36 34//34 28//28
f 36//36 52//52 46//46
f 26//26 36//36 28//28
f 33//33 36//36 26//26
f 25//25 33//33 26//26
f 25//25 15//15 23//23
f 15//15 25//25 17//17
f 25//25 26//26 17//17
f 47//47 53//53 64//64
f 53//53 47//47 44//44
f 35//35 50//50 59//59
f 45//45 50//50 35//35
f 59//59 50//50 62//62
f 62//62 50//50 63//63
f 50//50 45//45 63//63
f 239//239 233//233 254//254
f 233//233 239//239 218//218
f 218//218 239//239 215//215
f 239//239 222//222 215//215
f 239//239 254//254 246//246
f 222//222 239//239 246//246
f 233//233 247//247 260//260
f 247//247 292//292 260//260
f 292//292 247//247 258//258
f 247//247 229//229 258//258
f 247//247 217//217 229//229
f 217//217 247//247 233//233
f 190//190 204//204 199//199
f 219//219 204//204 237//237
f 199//199 204//204 219//219
f 204//204 221//221 237//237
f 204//204 200//200 221//221
f 204//204 190//190 200//200
f 291//291 330//330 299//299
f 330//330 291//291 312//312
f 291//291 299//299 275//275
f 290//290 291//291 264//264
f 312//312 291//291 290//290
f 256//256 291//291 275//275
f 291//291 256//256 264//264
f 140//140 129//129 164//164
f 129//129 148//148 164//164
f 148//148 133//133 153//153
f 112//112 133//133 114//114
f 133//133 129//129 114//114
f 129//129 133//133 148//148
f 153//153 133//133 166//166
f 133//133 112//112 166//166
f 489//489 476//476 505//505
f 489//489 459//459 476//476
f 459//459 489//489 469//469
f 469//469 489//489 524//524
f 489//489 505//505 524//524
f 771//771 746//746 735//735
f 767//767 746//746 771//771
f 746//746 717//717 735//735
f 535//535 518//518 520//520
f 535//535 543//543 518//518
f 543//543 535//535 566//566
f 552//552 535//535 520//520
f 535//535 552//552 566//566
f 407//407 387//387 380//380
f 407//407 412//412 387//387
f 412//412 407//407 442//442
f 442//442 407//407 423//423
f 407//407 384//384 423//423
f 407//407 380//380 384//384
f 99//99 94//94 80//80
f 112//112 94//94 99//99
f 94//94 112//112 114//114
f 80//80 94//94 83//83
f 115//115 112//112 99//99
f 101//101 115//115 99//99
f 112//112 115//115 137//137
f 137//137 115//115 116//116
f 115//115 101//101 116//116
f 58//58 64//64 66//66
f 58//58 47//47 64//64
f 52//52 58//58 66//66
f 36//36 41//41 52//52
f 41//41 58//58 52//52
f 58//58 41//41 47//47
f 41//41 36//36 33//33
f 47//47 41//41 44//44
f 25//25 41//41 33//33
f 41//41 38//38 44//44
f 41//41 23//23 38//38
f 41//41 25//25 23//23
f 129//129 103//103 114//114
f 103//103 129//129 106//106
f 103//103 106//106 82//82
f 83//83 103//103 82//82
f 94//94 103//103 83//83
f 103//103 94//94 114//114
f 122//122 129//129 140//140
f 129//129 122//122 106//106
f 122//122 140//140 134//134
f 122//122 134//134 124//124
f 106//106 122//122 124//124
f 742//742 746//746 767//767
f 733//733 742//742 781//781
f 742//742 733//733 699//699
f 742//742 785//785 781//781
f 742//742 767//767 785//785
f 717//717 742//742 699//699
f 746//746 742//742 717//717
