-1.267693 1.136017 -6.382388 35 37 27 0 0.824010 0.379457 0.420737
-1.411578 0.364272 -6.734553 27 37 24 0 0.315769 -0.260473 -0.912383
-0.734414 0.718449 -6.730528 28 31 25 0 0.779225 -0.287250 0.557043
-1.162044 0.703357 -6.517217 82 124 76 0 0.792807 -0.141839 0.592739
-0.962819 0.481996 -6.676194 88 122 70 0 0.159539 -0.475690 0.865024
-0.935652 0.942829 -6.504136 57 76 39 0 0.785839 -0.563106 0.255672
-1.440757 0.590664 -6.550421 28 34 28 0 0.755073 -0.404562 0.515940
-1.378374 0.864346 -6.432697 27 31 27 0 -0.110485 -0.182486 0.976981
-1.155000 0.321006 -6.717448 87 130 81 0 0.156557 -0.370941 0.915365
-0.718315 0.478977 -6.748640 28 38 32 0 -0.310395 0.389905 0.866965
-0.926596 0.702350 -6.596705 101 137 92 0 0.404050 -0.158479 0.900904
-1.148963 0.940816 -6.427666 87 129 78 0 -0.015783 -0.261029 0.965202
-1.250588 0.512181 -6.624878 76 114 60 0 0.001284 -0.396706 0.917945
-0.787742 0.828124 -6.586644 29 34 27 0 0.221544 -0.015401 0.975029
-0.967850 0.331068 -6.753671 42 27 29 0 -0.172745 -0.909411 -0.378326
-1.335108 0.718449 -6.505143 69 113 58 0 0.023528 -0.023528 0.999446
-1.399504 0.529286 -6.704367 35 61 19 0 -0.293797 -0.679104 0.672682
-1.071487 0.589657 -6.601737 103 124 82 0 0.149530 -0.284241 0.947021
-1.031239 0.801963 -6.513192 100 141 92 0 0.307400 -0.450958 0.837939
-0.840064 0.585633 -6.685250 100 136 89 0 0.388209 -0.189053 0.901972
-1.305928 0.989113 -6.391443 77 97 69 0 0.064143 -0.339042 0.938582
-1.288823 0.264659 -6.742602 56 84 39 0 -0.166050 -0.181497 0.969271
-1.105697 0.450804 -6.663114 79 122 68 0 0.300467 -0.538933 0.786938
-0.841070 0.406532 -6.722479 92 133 83 0 0.055737 -0.174327 0.983109
-1.241532 0.817056 -6.463889 83 127 74 0 0.078285 -0.539458 0.838366
-1.282786 0.398482 -6.703361 73 116 56 0 -0.062480 -0.370894 0.926571
-0.714291 0.600726 -6.794924 60 100 32 0 0.704761 0.572100 -0.419540
-0.918547 0.854284 -6.592680 25 33 25 0 0.649522 0.691635 0.315852
-1.315990 0.605756 -6.563501 71 114 58 0 -0.382487 -0.485775 0.785955
-1.034258 0.990120 -6.428672 49 63 41 0 0.537456 -0.111547 0.835882
-1.173112 1.062565 -6.390437 30 42 25 0 0.167344 0.062902 0.983890
-0.814909 0.722474 -6.632928 100 144 93 0 0.365559 -0.624564 0.690135
-1.192229 0.603744 -6.572557 74 117 63 0 -0.246174 -0.436469 0.865386
-0.952757 0.593682 -6.632928 87 128 77 0 0.308955 -0.173181 0.935177
-1.049351 0.692288 -6.554446 92 133 84 0 0.514737 -0.397083 0.759850
-1.127833 0.837179 -6.468920 92 132 87 0 0.054644 -0.214935 0.975099
-1.052369 0.372321 -6.710404 87 118 71 0 -0.159539 -0.475690 0.865024
-1.414596 0.781839 -6.486025 28 35 24 0 -0.072267 -0.904023 0.421332
-1.430695 0.688264 -6.522248 41 53 36 0 0.498185 0.197167 0.844356
-1.035264 0.893526 -6.471938 93 135 90 0 0.149651 -0.365037 0.918887
-1.256625 0.909625 -6.422635 87 130 80 0 0.237173 -0.372700 0.897131
-0.816922 0.498095 -6.714429 96 135 85 0 0.252988 -0.056081 0.965842
-1.142926 0.528280 -6.622866 76 118 66 0 -0.396864 -0.371766 0.839219
-1.204303 0.439736 -6.673176 75 120 59 0 -0.151242 -0.388705 0.908864
-1.346176 0.542367 -6.629910 50 92 31 0 -0.275305 -0.868505 0.412197
-1.253607 0.685245 -6.530297 77 121 67 0 0.039209 -0.302292 0.952409
-0.763594 0.633930 -6.718454 91 127 67 0 0.592739 -0.141839 0.792807
-1.077524 0.287802 -6.747633 25 32 27 0 0.079781 -0.918162 0.388089
-1.372337 0.448791 -6.732541 52 95 29 0 -0.663978 0.086098 0.742779
-0.929615 0.409550 -6.716442 85 122 69 0 -0.104367 -0.356474 0.928458
-0.964831 0.769765 -6.559476 93 135 82 0 0.514619 -0.381500 0.767870
-1.333095 0.798944 -6.467914 73 116 62 0 0.245847 -0.426839 0.870269
-0.867231 0.656066 -6.637959 88 132 77 0 0.450034 -0.286104 0.845940
-0.880311 0.778821 -6.592680 95 141 85 0 -0.015783 -0.261029 0.965202
-0.971874 0.861328 -6.519229 93 134 78 0 0.750624 -0.372870 0.545464
-1.020171 0.532305 -6.640977 88 124 75 0 0.277131 -0.315255 0.907641
-0.746489 0.761715 -6.660095 34 53 19 0 0.918283 0.323339 0.228493
-1.105697 0.765740 -6.507155 89 131 84 0 0.001215 -0.285453 0.958392
-1.427677 0.569534 -6.628903 39 64 29 0 0.314813 -0.947029 0.063481
-1.112741 1.008231 -6.387419 86 127 66 0 0.492161 0.332886 0.804341
-1.362275 0.292833 -6.722479 40 61 32 0 -0.450535 -0.536984 0.713208
-1.300897 0.475958 -6.677200 60 96 44 0 0.317024 -0.381348 -0.868371
-0.891380 0.524255 -6.678206 92 130 81 0 0.563106 -0.255672 0.785839
-1.210341 0.993138 -6.402512 81 123 72 0 0.127318 -0.261198 0.956852
-1.230464 0.339117 -6.710404 78 121 65 0 -0.221057 -0.291457 0.930691
-1.205310 0.263653 -6.722479 44 66 41 0 -0.093980 0.071334 0.993015
-1.009103 0.632923 -6.596705 87 128 77 0 0.286389 -0.459770 0.840590
-1.332089 0.919687 -6.408548 84 117 67 0 -0.198412 -0.424749 0.883301
-1.125821 0.647010 -6.552433 79 121 70 0 0.064869 -0.673191 0.736618
-1.251594 1.062565 -6.385406 88 129 77 0 -0.276908 -0.070184 0.958330
-0.748501 0.547398 -6.744615 97 135 80 0 0.469022 -0.039425 0.882306
-1.215371 0.751653 -6.497093 77 120 65 0 0.133729 -0.309332 0.941504
-0.896410 0.346160 -6.736565 38 58 38 0 -0.087642 0.159677 0.983271
-1.033252 0.457847 -6.675188 156 139 119 0 0.471893 -0.276947 0.837029
-0.770637 0.430680 -6.730528 26 37 30 0 -0.032889 0.247274 0.968387
-1.370324 0.647010 -6.536334 85 128 79 0 -0.174890 -0.365422 0.914265
-1.124815 0.384395 -6.699337 83 124 73 0 0.324024 -0.525142 0.786915
-1.306934 0.858309 -6.438734 84 128 73 0 0.174245 -0.260692 0.949567
-1.182167 0.876421 -6.445777 92 123 83 0 0.230575 -0.549357 0.803145
-0.998035 0.413575 -6.724491 89 116 75 0 0.244675 0.711924 -0.658254
-0.931627 0.919687 -6.575575 59 73 48 0 0.861505 0.157038 0.482854
-0.799817 0.666128 -6.670157 97 133 83 0 0.434634 -0.206192 0.876686
-0.980930 0.947860 -6.453827 40 57 19 0 0.031556 0.950458 0.309246
-1.377368 0.580602 -6.584631 63 106 49 0 0.032445 -0.706734 0.706734
-0.850126 0.850260 -6.596705 73 107 45 0 0.697046 0.434198 0.570613
-1.076518 0.939810 -6.440746 88 132 81 0 0.190884 -0.512531 0.837183
-0.725359 0.663109 -6.766751 30 43 24 0 0.759264 0.641320 -0.110572
-1.257631 0.570540 -6.593687 74 118 60 0 0.023219 -0.520370 0.853625
-1.343157 0.381377 -6.717448 71 118 55 0 -0.047730 -0.039245 0.998089
-0.773656 0.759703 -6.602743 85 128 71 0 -0.238131 -0.561864 0.792213
-1.293854 0.338111 -6.716442 76 122 61 0 0.197631 -0.577572 0.792056
-1.281780 0.766746 -6.483006 79 122 66 0 0.197247 -0.300767 0.933077
-1.174118 0.795926 -6.475963 83 125 76 0 0.261008 -0.346536 0.900993
-1.129846 0.592676 -6.581613 76 118 63 0 0.448621 -0.371989 0.812627
-1.079536 0.520231 -6.628903 80 115 65 0 -0.119635 -0.500163 0.857627
-0.889367 0.454829 -6.705374 93 134 82 0 0.285295 -0.262357 0.921833
-0.981936 0.709394 -6.573563 91 133 79 0 0.453332 -0.268926 0.849805
-0.895404 0.597707 -6.650033 88 132 77 0 0.199163 -0.356775 0.912713
-1.194242 0.551422 -6.602743 73 117 61 0 -0.079576 -0.635161 0.768270
-1.165062 0.476965 -6.643996 81 119 68 0 0.063120 -0.175069 0.982531
-0.702217 0.533311 -6.778825 33 34 30 0 0.465791 0.022820 0.884600
-1.392460 0.732536 -6.510173 70 112 53 0 -0.429968 -0.398000 0.810385
-1.256625 0.630911 -6.552433 74 116 66 0 0.199305 -0.724605 0.659715
-1.108716 0.892520 -6.452821 86 129 80 0 0.205630 -0.134106 0.969398
-1.187198 0.659084 -6.545390 75 119 62 0 0.006736 -0.513295 0.858186
-0.873268 0.713418 -6.616829 96 136 88 0 0.180737 -0.236966 0.954558
-1.182167 0.388420 -6.691287 82 125 73 0 0.054209 -0.371528 0.926838
-1.049351 0.750647 -6.533316 92 133 85 0 0.340224 -0.166612 0.925466
-0.789755 0.579596 -6.712417 103 144 90 0 0.704306 -0.006946 0.709863
-1.108716 0.710400 -6.534322 110 127 90 0 0.476098 -0.348714 0.807297
-1.016147 0.306919 -6.737572 42 57 41 0 -0.126800 -0.681738 0.720524
-0.931627 0.641979 -6.615823 96 132 82 0 0.247058 -0.371327 0.895030
-1.099660 0.333080 -6.725497 84 127 79 0 0.243995 -0.316183 0.916785
-0.959800 0.533311 -6.657076 88 130 76 0 0.325615 -0.428441 0.842860
-1.419627 0.479983 -6.717448 69 105 56 0 0.834990 0.040291 0.548787
-0.773656 0.717443 -6.677200 95 137 83 0 0.693317 -0.631326 0.347474
-0.980930 0.912643 -6.499105 98 139 89 0 0.063791 -0.943848 0.324163
-1.073499 0.826111 -6.490050 93 135 88 0 0.506482 -0.421249 0.752347
-1.020171 0.581608 -6.615823 93 132 81 0 0.078436 -0.346980 0.934587
-0.819940 0.786870 -6.599724 89 132 81 0 -0.111351 -0.530727 0.840197
-1.356238 0.506144 -6.684244 42 84 21 0 -0.557132 -0.644658 0.523469
-1.060419 0.646004 -6.577588 87 127 80 0 0.031406 -0.506591 0.861614
-1.001054 0.361253 -6.716442 115 99 78 0 0.324396 -0.237891 0.915519
-1.333095 0.438730 -6.696318 50 93 29 0 -0.459328 -0.673124 0.579588
-1.414596 0.415587 -6.746627 35 44 33 0 0.919133 -0.254596 0.300624
-1.252600 0.466903 -6.658083 67 113 47 0 -0.039630 -0.490590 0.870489
-0.951751 0.824099 -6.550421 101 142 89 0 0.714665 -0.255124 0.651280
-1.311965 0.651035 -6.538347 78 121 67 0 0.001131 -0.173011 0.984919
-1.394473 0.820074 -6.452821 54 68 45 0 0.001380 -0.683251 0.730182
-1.156006 0.271703 -6.732541 52 70 56 0 0.688914 -0.426628 0.585992
-0.894398 0.903588 -6.605761 31 35 32 0 0.926693 0.347683 -0.142675
-0.971874 0.895538 -6.556458 98 141 87 0 0.884009 0.449859 0.127103
-1.202291 0.921699 -6.435716 82 122 68 0 0.031344 -0.500145 0.865374
-0.741458 0.602738 -6.750652 103 142 84 0 0.465751 0.014680 0.884794
-1.254613 0.969996 -6.404524 91 133 82 0 -0.024529 -0.071453 0.997142
-1.072493 1.019299 -6.414586 20 31 17 0 -0.182453 0.906517 0.380708
-0.924584 0.754672 -6.584631 101 138 91 0 0.315572 -0.119515 0.941345
-1.257631 0.858309 -6.441753 84 127 76 0 -0.056494 -0.480885 0.874962
-1.298885 0.521237 -6.625885 52 93 37 0 -0.135545 -0.779010 0.612186
-1.231470 0.402507 -6.689275 71 116 60 0 -0.040089 -0.529449 0.847394
-1.265681 1.016280 -6.392449 91 134 84 0 0.024191 -0.055745 0.998152
-1.060419 0.418606 -6.683238 79 121 64 0 -0.198285 -0.610227 0.767011
-0.971874 0.663109 -6.592680 94 136 86 0 0.172716 -0.165040 0.971046
-1.276749 0.717443 -6.503130 76 121 62 0 0.023963 -0.158613 0.987050
-1.164056 1.005212 -6.399493 85 130 71 0 0.032302 -0.355326 0.934184
-1.151982 0.756684 -6.499105 93 125 82 0 0.268872 -0.459388 0.846564
-1.216378 1.094763 -6.387419 58 82 50 0 0.190965 0.094867 0.977002
-1.289829 0.818062 -6.457852 79 124 66 0 -0.006757 -0.531080 0.847295
-1.386423 0.541361 -6.660095 45 83 22 0 -0.412587 -0.791197 0.451419
-1.015140 0.847241 -6.505143 98 138 93 0 0.512940 -0.077718 0.854899
-0.826984 0.451810 -6.717448 93 135 84 0 0.330558 -0.103049 0.938143
-1.242539 0.292833 -6.721473 75 123 60 0 -0.087814 -0.253260 0.963405
-1.419627 0.642985 -6.530297 91 124 79 0 0.508885 -0.135606 0.850086
-1.314984 0.570540 -6.594693 71 115 61 0 0.104628 -0.723554 0.682292
-0.832014 0.631917 -6.671163 103 138 93 0 0.244846 -0.690306 0.680829
-1.108716 0.971002 -6.427666 83 127 78 0 0.768270 -0.635161 0.079576
-1.116765 0.496082 -6.643996 87 117 70 0 0.150063 -0.165195 0.974778
-1.157013 0.425649 -6.679213 71 115 50 0 0.008324 -0.236647 0.971560
-1.026209 0.941823 -6.445777 87 131 78 0 0.158766 -0.618430 0.769635
-1.213359 0.481996 -6.638965 76 117 60 0 -0.151485 -0.784424 0.601441
-0.864212 0.493064 -6.700343 89 132 80 0 0.318643 -0.221479 0.921636
-0.909491 0.811018 -6.577588 99 140 93 0 0.276736 -0.175857 0.944718
-1.387429 0.329055 -6.710404 26 39 27 0 0.488752 0.830102 0.268426
-0.774662 0.505138 -6.729522 98 129 91 0 0.437510 0.142011 0.887929
-1.350200 0.758697 -6.479988 64 108 52 0 0.426628 -0.585992 0.688914
-1.343157 0.336099 -6.717448 89 134 78 0 -0.007706 -0.126605 0.991923
-0.835033 0.542367 -6.697324 100 141 89 0 0.525351 -0.263455 0.809072
-1.072493 0.480989 -6.650033 92 121 75 0 0.461421 -0.467989 0.753709
-1.113747 0.557460 -6.604755 79 121 70 0 -0.078285 -0.539458 0.838366
-1.276749 0.442754 -6.698330 57 95 38 0 0.236647 0.971560 -0.008324
-0.957788 0.375340 -6.722479 82 125 76 0 -0.134406 -0.238799 0.961722
-1.005079 0.770771 -6.540359 100 139 91 0 0.333612 -0.469587 0.817429
-1.016147 0.673171 -6.576581 92 133 83 0 0.333481 -0.546136 0.768457
-1.389442 0.614812 -6.559476 88 129 82 0 0.197271 -0.507482 0.838776
-0.886349 0.402507 -6.720466 77 121 65 0 0.024464 -0.364387 0.930926
-1.090604 0.673171 -6.554446 90 123 78 0 0.119053 -0.357159 0.926425
-0.965837 0.443760 -6.697324 84 127 73 0 0.158855 -0.324617 0.932410
-0.982942 0.562490 -6.634941 91 130 80 0 0.260025 0.064064 0.963474
-1.424658 0.561484 -6.671163 24 33 27 0 0.831397 -0.354961 0.427530
-1.188204 0.516206 -6.626891 74 116 56 0 0.001333 -0.497143 0.867668
-1.375355 0.687258 -6.522248 83 128 71 0 0.015233 -0.619033 0.785217
-0.936658 0.865353 -6.555452 111 152 96 0 0.434530 0.890430 -0.135345
-1.052369 0.333080 -6.727510 83 125 77 0 -0.030492 -0.417602 0.908118
-0.921565 0.552429 -6.659089 90 133 79 0 0.110905 -0.316681 0.942026
-1.006085 0.490045 -6.668145 86 126 72 0 -0.253305 -0.338228 0.906333
-0.847107 0.754672 -6.606767 97 139 92 0 0.284498 0.117769 0.951415
-1.289829 0.945847 -6.403518 93 135 86 0 0.101768 -0.172883 0.979671
-0.985961 0.809006 -6.531303 99 139 89 0 0.450034 -0.286104 0.845940
-1.207322 0.689270 -6.524260 82 127 71 0 0.207342 -0.413213 0.886716
-1.122802 0.798944 -6.488037 85 126 77 0 0.165348 -0.412652 0.895756
-0.797804 0.620849 -6.698330 99 138 86 0 0.783836 -0.064484 0.617611
-1.409565 0.458853 -6.751658 36 46 38 0 0.807109 -0.125419 -0.576928
-1.341145 0.836173 -6.444771 88 131 78 0 0.046330 -0.568599 0.821309
-1.116765 0.289814 -6.735559 67 101 68 0 0.175069 -0.063120 0.982531
-0.751520 0.673171 -6.719460 102 140 79 0 0.879713 -0.088392 0.467216
-1.076518 0.872396 -6.467914 86 130 81 0 0.373578 -0.333607 0.865532
-1.011116 0.732536 -6.553440 101 138 93 0 0.427530 -0.354961 0.831397
-1.290836 1.066590 -6.375344 24 37 21 0 0.618430 -0.158766 0.769635
-0.907479 0.487026 -6.688268 85 128 71 0 0.165231 -0.323520 0.931683
-1.187198 0.837179 -6.454833 88 125 78 0 0.196885 -0.245767 0.949123
-1.189211 0.955909 -6.418611 82 124 74 0 0.158224 -0.445640 0.881119
-0.944707 0.901575 -6.527278 85 124 63 0 0.801135 0.119068 0.586519
-1.035264 0.402507 -6.734553 62 101 42 0 -0.038688 0.278304 -0.959713
-1.066456 0.783851 -6.508161 93 129 85 0 0.325245 -0.450944 0.831183
-0.852138 0.368297 -6.725497 21 32 24 0 -0.310200 0.016195 0.950533
-0.865219 0.554441 -6.674182 105 143 94 0 0.410703 -0.268245 0.871417
-1.372337 0.789889 -6.468920 70 112 53 0 -0.079533 -0.467431 0.880445
-0.757557 0.732536 -6.626891 96 126 75 0 0.722396 -0.571006 0.389995
-1.350200 0.632923 -6.567526 78 121 68 0 0.529978 0.847692 -0.023281
-1.058406 0.553435 -6.623872 105 125 85 0 0.307691 -0.460756 0.832484
-0.787742 0.542367 -6.725497 101 139 88 0 0.468061 -0.188710 0.863312
-1.301903 1.026342 -6.379369 25 31 25 0 0.324396 -0.237891 0.915519
-1.381392 0.389426 -6.732541 68 114 48 0 -0.310144 0.166788 0.935945
-1.194242 1.029361 -6.392449 88 127 80 0 0.015557 0.046672 0.998789
-1.232477 0.605756 -6.570545 75 118 62 0 0.142675 -0.347683 0.926693
-0.988980 0.378358 -6.749646 76 92 38 0 0.786315 0.579309 -0.214731
-0.828996 0.687258 -6.642990 100 142 91 0 0.556510 -0.063723 0.828393
-1.194242 0.353204 -6.705374 83 122 71 0 0.142071 -0.228096 0.963217
-1.101672 0.623868 -6.572557 111 119 82 0 0.546361 -0.196325 0.814215
-0.897417 0.682227 -6.612804 93 135 85 0 0.039623 -0.325932 0.944563
-1.384411 0.493064 -6.727510 48 87 25 0 -0.523336 -0.489896 0.697224
-0.724353 0.570540 -6.763732 117 157 102 0 0.270780 0.253767 0.928591
-1.325046 0.294845 -6.731534 82 108 68 0 0.247148 -0.247148 0.936929
-1.422646 0.580602 -6.592680 67 106 49 0 -0.093853 -0.972318 0.213985
-0.734414 0.741592 -6.700343 24 33 28 0 0.245602 -0.969098 0.022987
-1.320015 0.509163 -6.655064 48 90 27 0 -0.348429 -0.682135 0.642876
-1.191223 0.309938 -6.716442 88 131 81 0 0.158613 -0.023963 0.987050
-1.321021 0.686251 -6.519229 80 122 67 0 -0.031658 -0.315309 0.948461
-0.768625 0.706375 -6.713423 94 135 75 0 -0.657172 -0.738752 0.149563
-0.824971 0.819068 -6.580606 90 135 77 0 -0.253271 -0.167507 0.952783
-1.349194 0.471934 -6.704367 59 105 35 0 -0.846322 -0.183594 0.500032
-0.997029 0.334086 -6.781844 80 98 46 0 0.300569 -0.816730 -0.492556
-1.339132 0.892520 -6.433703 84 125 69 0 0.835441 0.443583 -0.324458
-0.869243 0.819068 -6.587650 94 138 86 0 0.022971 0.000999 0.999736
-1.271718 1.098788 -6.380375 55 71 48 0 0.189895 -0.166642 0.967559
-0.761581 0.465897 -6.739584 106 147 98 0 0.378486 0.046157 0.924455
-1.041301 0.613806 -6.596705 84 125 72 0 0.333612 -0.469587 0.817429
-1.226440 0.718449 -6.510173 80 122 69 0 0.120411 -0.515013 0.848683
-1.167075 0.580602 -6.587650 75 119 65 0 -0.189189 -0.426775 0.884348
-0.936658 0.338111 -6.734553 77 109 70 0 0.064453 -0.205521 0.976528
-0.987973 0.599719 -6.619848 94 131 80 0 0.372700 -0.237173 0.897131
-0.920559 0.441748 -6.732541 104 121 73 0 0.413374 0.905551 -0.095394
-1.020171 0.418606 -6.695312 147 130 109 0 0.410939 -0.237598 0.880157
-1.156006 0.356222 -6.706380 93 128 84 0 0.078975 0.031374 0.996383
-1.251594 0.368297 -6.703361 71 113 49 0 0.779829 -0.595979 0.191510
-1.297879 0.890507 -6.423641 84 128 73 0 0.078737 -0.182912 0.979971
-0.889367 0.741592 -6.599724 96 140 89 0 0.212266 -0.293798 0.932001
-1.220402 0.644998 -6.551427 76 118 65 0 -0.096403 -0.445689 0.889982
-1.144938 1.039423 -6.389431 64 87 46 0 0.079229 0.188932 0.978789
-1.230464 0.547398 -6.603749 74 117 60 0 0.134615 -0.484905 0.864145
-1.243545 0.436717 -6.676194 71 115 56 0 0.015106 -0.564423 0.825348
-1.088592 0.372321 -6.708392 92 122 77 0 -0.110615 -0.507107 0.854755
-1.210341 0.794919 -6.474957 79 123 71 0 -0.127248 -0.458952 0.879301
-1.323033 0.953897 -6.391443 51 61 48 0 0.632043 -0.625337 0.457686
-0.729384 0.513187 -6.751658 113 155 103 0 0.244938 0.134913 0.960106
-1.049351 0.508156 -6.645002 140 125 99 0 0.459770 -0.286389 0.840590
-1.247569 0.777814 -6.480994 76 120 66 0 0.151001 -0.435747 0.887313
-1.237508 0.940816 -6.416598 88 131 82 0 0.142062 -0.142062 0.979611
-1.156006 0.976033 -6.418611 85 127 77 0 -0.143082 -0.458152 0.877282
-1.308947 0.370309 -6.713423 78 125 66 0 0.308760 -0.505099 0.805942
-0.806860 0.402507 -6.731534 43 56 39 0 0.608974 -0.766228 -0.205047
-1.289829 0.299876 -6.732541 83 128 71 0 -0.165776 -0.204936 0.964634
-0.934646 0.460866 -6.697324 83 124 68 0 0.445689 -0.096403 0.889982
-1.153994 0.615818 -6.569539 77 113 58 0 0.151001 -0.435747 0.887313
-0.914522 0.375340 -6.727510 80 124 70 0 0.213563 -0.277772 0.936607
-1.277755 0.606763 -6.567526 76 119 65 0 0.263455 -0.525351 0.809072
-1.281780 0.546391 -6.607773 75 115 60 0 0.001311 -0.449834 0.893111
-0.885342 0.865353 -6.587650 103 147 96 0 -0.063750 0.135614 0.988709
-1.217384 0.875414 -6.442759 75 118 64 0 -0.015050 -0.548624 0.835934
-1.168081 0.912643 -6.436722 89 130 80 0 0.317684 -0.317684 0.893394
-0.969862 0.630911 -6.606767 93 133 81 0 0.381343 -0.302340 0.873595
-0.775668 0.793913 -6.610792 81 107 42 0 0.678090 0.117219 -0.725571
-0.936658 0.786870 -6.571551 98 139 90 0 0.477494 -0.302152 0.825047
-1.418621 0.755678 -6.512186 27 37 23 0 -0.023078 -0.506351 0.862019
-0.925590 0.514194 -6.676194 96 127 79 0 0.110485 -0.182486 0.976981
-0.964831 0.412569 -6.734553 101 117 69 0 0.443248 0.030800 -0.895870
-1.065450 0.968990 -6.425654 90 134 85 0 0.222994 -0.403161 0.887544
-1.394473 0.561484 -6.623872 51 93 33 0 -0.340377 -0.714954 0.610724
-1.290836 0.493064 -6.646008 66 110 47 0 -0.268905 -0.688971 0.673059
-1.086580 0.735555 -6.527278 94 127 87 0 0.142014 -0.443255 0.885075
-1.149969 0.456841 -6.667139 79 121 60 0 0.658429 -0.540552 0.523712
-0.859182 0.440742 -6.712417 91 132 81 0 0.246413 -0.126466 0.960878
-1.128839 0.683233 -6.530297 83 120 72 0 0.166897 -0.389427 0.905810
-1.121796 0.923711 -6.438734 86 129 78 0 0.135232 -0.377813 0.915953
-0.959800 0.936792 -6.477975 66 84 44 0 0.602501 -0.357582 0.713531
-0.787742 0.742598 -6.637959 92 137 86 0 0.657701 -0.680436 0.323167
-0.872262 0.621855 -6.647015 84 126 68 0 0.854899 0.077718 0.512940
-0.774662 0.663109 -6.697324 103 143 82 0 0.562950 -0.430100 0.705763
-1.125821 0.412569 -6.681225 79 123 69 0 -0.535932 0.015001 0.844128
-1.183174 0.765740 -6.491056 79 123 71 0 -0.069824 -0.577120 0.813669
-0.804847 0.760709 -6.614817 92 136 81 0 0.001100 -0.135260 0.990809
-0.901441 0.632923 -6.626891 93 138 84 0 0.380296 -0.094052 0.920070
-1.005079 0.981064 -6.441753 21 31 20 0 0.285659 -0.126221 0.949983
-1.089598 0.985089 -6.404524 83 126 70 0 -0.040247 -0.150638 0.987769
-1.409565 0.517212 -6.733547 26 31 29 0 0.918881 -0.349713 -0.182644
-1.136889 0.731530 -6.514198 101 123 83 0 0.452142 -0.181151 0.873356
-1.258638 0.745616 -6.493068 77 120 65 0 0.141983 -0.337727 0.930473
-1.258638 0.259628 -6.730528 50 75 38 0 -0.150971 0.150971 0.976942
-1.231470 1.123942 -6.388425 24 37 22 0 0.000993 -0.014894 0.999889
-1.136889 0.867365 -6.459864 89 129 81 0 0.158318 -0.357267 0.920487
-0.999041 0.461872 -6.683238 89 125 76 0 0.093887 -0.561879 0.821874
-1.284798 0.668140 -6.532310 80 119 68 0 0.371726 -0.190887 0.908505
-1.221409 1.050491 -6.383394 88 128 77 0 -0.167507 0.253271 0.952783
-0.922571 0.605756 -6.632928 89 133 78 0 0.382599 -0.453036 0.805219
-1.160031 0.676189 -6.540359 78 122 66 0 0.016195 -0.310200 0.950533
-1.428683 0.396470 -6.724491 63 96 40 0 0.245027 0.969245 -0.022934
-1.057400 0.915662 -6.450809 92 135 87 0 -0.048577 -0.523246 0.850796
-0.956782 0.693295 -6.589662 95 137 88 0 0.403060 -0.365420 0.839054
-1.157013 0.552429 -6.606767 77 120 65 0 0.133224 -0.448377 0.883861
-0.764600 0.599719 -6.728516 102 142 85 0 0.687223 -0.206322 0.696531
-1.356238 0.601732 -6.572557 77 120 67 0 0.039751 -0.500316 0.864930
-1.002060 0.888495 -6.499105 98 140 94 0 0.618737 -0.585019 0.524325
-0.726365 0.634936 -6.751658 104 138 85 0 0.666250 -0.262366 0.698051
-0.745483 0.731530 -6.672169 89 124 66 0 0.836399 -0.548079 -0.006800
-0.949738 0.736561 -6.577588 103 144 96 0 0.427134 -0.300690 0.852726
-1.320015 0.743604 -6.493068 73 116 60 0 -0.150077 -0.545328 0.824678
-1.356238 0.425649 -6.718454 61 105 40 0 -0.475500 0.182201 0.860641
-1.224427 0.580602 -6.587650 71 115 57 0 -0.023712 -0.615119 0.788078
-1.023190 0.382383 -6.705374 87 110 71 0 0.149651 -0.365037 0.918887
-1.045326 0.722474 -6.547402 92 129 82 0 0.459047 -0.237856 0.855979
-0.788748 0.473946 -6.726503 100 144 93 0 0.332426 -0.150350 0.931068
-0.927602 0.671159 -6.605761 98 133 87 0 0.134126 -0.355365 0.925055
-1.448807 0.650029 -6.522248 21 31 15 0 -0.318905 -0.189657 0.928617
-1.330077 0.484008 -6.683238 49 90 28 0 -0.509049 -0.414114 0.754572
-0.863206 0.592676 -6.666132 102 140 94 0 0.469587 -0.333612 0.817429
-1.161037 0.644998 -6.553440 76 118 61 0 -0.133853 -0.539826 0.831067
-1.090604 0.412569 -6.683238 81 125 70 0 0.245462 -0.461957 0.852258
-1.312972 0.403513 -6.706380 68 113 52 0 -0.199228 -0.111518 0.973587
-0.928608 0.897550 -6.554446 115 153 99 0 0.960546 0.276389 0.030985
-0.991998 0.527274 -6.652046 85 127 74 0 0.141804 -0.498507 0.855209
-1.109722 0.524255 -6.628903 82 123 71 0 -0.285295 -0.262357 0.921833
-1.350200 0.672165 -6.530297 78 122 69 0 -0.435399 -0.428924 0.791487
-0.788748 0.779827 -6.585638 88 134 70 0 0.445479 0.785663 0.429280
-0.804847 0.696313 -6.659089 99 141 90 0 0.664068 -0.230775 0.711165
-1.047338 0.289814 -6.745621 25 33 25 0 0.348714 -0.807297 0.476098
-0.844089 0.707381 -6.621860 98 141 89 0 0.111317 -0.521888 0.845719
-1.313978 0.777814 -6.477975 76 122 60 0 -0.436180 -0.348000 0.829845
-1.007091 0.333080 -6.725497 74 106 65 0 0.183594 -0.500032 0.846322
-1.185186 0.722474 -6.514198 81 120 70 0 0.054547 -0.530090 0.846185
-1.423652 0.717443 -6.520235 40 56 32 0 0.126466 -0.246413 0.960878
-1.217384 0.964965 -6.413579 88 125 80 0 0.014820 -0.165305 0.986131
-1.233483 0.843216 -6.450809 82 125 69 0 0.402690 -0.460910 0.790824
-0.749507 0.780833 -6.616829 27 37 20 0 0.237901 0.893974 -0.379754
-0.943701 0.567521 -6.643996 86 128 76 0 0.261603 -0.275898 0.924902
-1.084567 0.551422 -6.609786 88 114 70 0 0.301144 -0.466539 0.831657
-0.803841 0.431686 -6.726503 100 142 94 0 0.143235 -0.212917 0.966514
-1.005079 0.441748 -6.706380 100 122 71 0 0.047472 0.987642 0.149362
-0.749507 0.493064 -6.740590 105 147 95 0 0.466172 -0.118325 0.876746
-1.216378 0.524255 -6.621860 73 116 61 0 -0.103383 -0.583894 0.805220
-1.343157 0.562490 -6.599724 51 95 38 0 -0.006925 -0.674516 0.738228
-1.290836 0.692288 -6.516211 74 118 65 0 0.047013 -0.665308 0.745088
-1.103685 0.862334 -6.461876 89 131 80 0 0.338406 -0.317350 0.885873
-0.837045 0.656066 -6.655064 98 140 87 0 0.460571 -0.523754 0.716628
-1.008097 0.820074 -6.515204 95 137 87 0 0.330442 -0.285988 0.899455
-0.982942 0.746623 -6.560482 97 138 88 0 0.593929 -0.174685 0.785323
-1.035264 0.868371 -6.487031 89 129 78 0 0.101918 -0.428616 0.897720
-1.093623 0.804981 -6.493068 91 133 87 0 0.149651 -0.365037 0.918887
-1.370324 0.364272 -6.722479 75 121 56 0 -0.237253 0.125757 0.963274
-1.208328 0.378358 -6.700343 84 122 72 0 -0.277825 -0.324864 0.904034
-1.236501 1.016280 -6.394462 81 124 76 0 0.064513 -0.102994 0.992588
-1.034258 0.774796 -6.527278 96 136 89 0 0.189199 -0.537325 0.821880
-1.304922 0.431686 -6.694305 55 100 34 0 -0.390068 -0.374403 0.841231
-1.222415 0.461872 -6.668145 70 113 53 0 -0.079888 -0.681224 0.727704
-1.251594 0.321006 -6.718454 78 124 67 0 -0.016494 -0.117655 0.992918
-0.892386 0.558466 -6.665126 98 138 86 0 0.404186 -0.143238 0.903392
-1.266687 0.883464 -6.429678 89 130 79 0 -0.056246 -0.190279 0.980117
-1.120790 0.988107 -6.406536 84 128 71 0 0.513885 0.284444 0.809329
-1.198266 0.410556 -6.682231 75 119 61 0 0.022945 -0.481844 0.875957
-0.908485 0.888495 -6.585638 116 155 109 0 0.386795 0.523887 0.758902
-1.162044 0.849254 -6.461876 87 122 80 0 0.381213 -0.278753 0.881461
-1.041301 0.481996 -6.662107 148 133 109 0 0.404637 -0.277335 0.871409
-1.080543 0.698326 -6.545390 92 131 83 0 0.102373 -0.317755 0.942630
-0.977912 0.901575 -6.525266 94 136 83 0 0.674443 -0.244821 0.696556
-0.779693 0.692288 -6.689275 93 133 75 0 0.901327 -0.134421 0.411752
-0.712278 0.620849 -6.774800 32 35 32 0 0.958392 0.001215 0.285453
-0.951751 0.849254 -6.535328 96 135 80 0 0.786214 -0.190829 0.587752
-0.822959 0.607769 -6.690281 99 137 86 0 0.374167 0.159551 0.913533
-1.290836 0.626886 -6.552433 78 121 67 0 0.172615 -0.244872 0.954066
-0.940683 0.923711 -6.544384 88 114 70 0 0.965202 0.015783 0.261029
-0.995017 0.920693 -6.475963 97 140 91 0 0.302371 -0.763128 0.571146
-0.814909 0.526268 -6.714429 104 146 95 0 0.658057 -0.365952 0.658057
-1.092617 0.600726 -6.586644 119 121 87 0 0.616255 -0.236780 0.751109
-1.135883 0.894532 -6.445777 90 132 85 0 0.166063 -0.333522 0.928001
-1.009103 0.706375 -6.563501 93 134 83 0 0.284420 -0.252976 0.924721
-0.969862 0.508156 -6.669151 86 129 74 0 0.064613 -0.457790 0.886710
-1.181161 0.985089 -6.410561 81 125 72 0 0.001284 -0.396706 0.917945
-1.362275 0.743604 -6.500112 71 113 53 0 -0.308819 0.055101 0.949523
-1.122802 0.468915 -6.646008 79 120 66 0 -0.190041 -0.213962 0.958178
-1.142926 0.813031 -6.474957 90 127 82 0 0.101691 -0.508455 0.855063
-0.949738 0.879439 -6.511179 92 132 72 0 0.978602 -0.109830 -0.174001
-0.705235 0.560478 -6.783856 51 53 47 0 0.741999 -0.198998 -0.640186
-1.188204 0.628899 -6.561489 85 121 73 0 0.159650 -0.334572 0.928748
-0.900435 0.837179 -6.580606 97 140 90 0 0.134807 0.182682 0.973886
-0.902448 0.717443 -6.602743 95 136 87 0 0.110078 -0.143948 0.983444
-0.820946 0.846235 -6.583625 48 60 38 0 0.236737 0.198859 0.951005
-0.862200 0.873402 -6.605761 78 118 53 0 0.832795 0.096368 -0.545129
-1.070481 0.352198 -6.719460 81 120 69 0 0.261854 -0.547227 0.794969
-1.215371 0.291826 -6.718454 83 128 73 0 -0.174323 -0.038608 0.983931
-0.766612 0.734548 -6.655064 92 135 78 0 0.466539 -0.831657 0.301144
-1.085573 0.915662 -6.449802 87 130 78 0 0.072167 -0.539133 0.839123
-1.393466 0.434705 -6.742602 51 91 29 0 -0.491573 0.223719 0.841609
-1.275743 0.488033 -6.668145 66 98 47 0 0.245859 0.063649 -0.967214
-1.031239 0.641979 -6.583625 90 132 80 0 0.198067 -0.466127 0.862261
-1.005079 0.958928 -6.459864 74 107 38 0 -0.014927 0.850864 -0.525174
-1.221409 0.904594 -6.426660 85 127 78 0 -0.031742 0.095226 0.994949
-1.367306 0.821080 -6.452821 85 127 72 0 0.086300 -0.505067 0.858755
-1.067462 0.309938 -6.735559 87 128 81 0 0.101596 -0.299510 0.948669
-1.262662 0.800957 -6.468920 77 122 64 0 -0.014935 -0.520018 0.854025
-0.743470 0.653047 -6.735559 108 147 89 0 0.657235 0.001378 0.753685
-1.273730 0.355216 -6.711411 78 124 64 0 -0.244071 -0.205892 0.947649
-1.312972 0.321006 -6.724491 85 130 74 0 0.101918 -0.428616 0.897720
-1.332089 0.860322 -6.429678 81 125 70 0 0.292033 0.109678 0.950099
-1.263668 0.421624 -6.688268 66 112 51 0 -0.214047 -0.499443 0.839489
-1.050357 0.817056 -6.500112 95 132 85 0 0.235841 -0.307308 0.921923
-1.413590 0.590664 -6.569539 79 119 66 0 0.379744 -0.715102 0.586877
-0.866225 0.525262 -6.687262 95 136 86 0 0.293123 -0.422036 0.857884
-1.097648 1.027349 -6.398487 26 34 23 0 0.246413 -0.126466 0.960878
-0.960806 0.798944 -6.551427 103 145 95 0 0.619093 -0.347934 0.704035
-1.331083 0.590664 -6.579600 69 113 58 0 -0.175594 -0.538787 0.823939
-1.420633 0.540354 -6.692293 29 42 29 0 0.586239 -0.755561 0.292321
-1.150976 0.499101 -6.638965 87 119 71 0 0.048062 -0.101712 0.993652
-0.967850 0.351191 -6.727510 83 118 76 0 0.183224 -0.014981 0.982957
-0.917540 0.437723 -6.706380 86 127 72 0 0.245256 -0.326524 0.912815
-1.409565 0.674177 -6.530297 87 128 76 0 0.047472 -0.149362 0.987642
-1.100666 0.837179 -6.469926 88 130 82 0 -0.046572 -0.594143 0.803010
-0.981936 0.392445 -6.725497 82 112 69 0 0.183594 -0.846322 -0.500032
-1.041301 0.843216 -6.493068 95 133 88 0 0.410610 -0.442815 0.797066
-1.322027 0.630911 -6.552433 75 119 64 0 0.506591 -0.031406 0.861614
-0.736427 0.459859 -6.745621 23 31 27 0 -0.228974 0.001174 0.973432
-1.406547 0.558466 -6.652046 47 82 28 0 -0.506151 -0.859475 0.071506
-0.858175 0.679208 -6.628903 94 135 86 0 0.189975 -0.554727 0.810054
-0.977912 0.834161 -6.530297 98 139 85 0 0.678824 -0.554792 0.481044
-1.123808 0.313962 -6.727510 95 137 92 0 0.143805 -0.364399 0.920073
-0.905466 0.773790 -6.586644 96 138 87 0 0.389262 -0.062870 0.918979
-0.745483 0.758697 -6.633934 42 49 36 0 0.684767 -0.477161 0.550828
-1.148963 0.401501 -6.687262 81 124 68 0 0.102326 -0.183693 0.977643
-1.194242 0.458853 -6.658083 71 114 53 0 -0.149484 -0.744401 0.650785
-1.065450 0.618837 -6.587650 90 129 79 0 0.237899 -0.498821 0.833415
-1.291842 0.738573 -6.499105 76 121 62 0 0.204877 -0.379241 0.902331
-1.225433 0.673171 -6.534322 81 125 69 0 0.062231 -0.474335 0.878142
-0.756551 0.521237 -6.739584 104 143 92 0 0.387195 0.142206 0.910965
-1.306934 0.921699 -6.415592 91 134 81 0 0.015401 -0.221544 0.975029
-1.421640 0.619843 -6.542371 98 130 85 0 0.524463 -0.397023 0.753201
-1.346176 0.638961 -6.542371 79 121 68 0 -0.158026 -0.397201 0.904024
-0.804847 0.640973 -6.675188 98 135 83 0 0.546495 -0.522954 0.654112
-1.091611 0.574565 -6.594693 96 122 80 0 0.475973 -0.324168 0.817536
-1.373343 0.547398 -6.629910 48 90 28 0 -0.402205 -0.806012 0.434253
-1.098654 0.477971 -6.650033 88 122 71 0 0.166266 -0.712351 0.681844
-1.366299 0.525262 -6.664120 44 85 23 0 -0.246287 -0.898137 0.364269
-0.809878 0.817056 -6.601737 71 103 34 0 0.419388 0.691244 -0.588469
-1.044320 0.401501 -6.694305 84 123 74 0 0.079784 -0.482906 0.872030
-1.366299 0.884470 -6.421629 30 35 26 0 -0.307909 0.920864 0.239167
-0.959800 0.420618 -6.707386 83 126 72 0 0.198204 -0.346500 0.916871
-0.933639 0.836173 -6.564507 104 147 93 0 0.648643 -0.023816 0.760720
-1.278761 1.038417 -6.389431 97 134 85 0 0.117777 -0.206427 0.971348
-1.273730 0.456841 -6.669151 63 109 44 0 -0.142014 -0.443255 0.885075
-0.844089 0.509163 -6.701349 95 138 84 0 0.540252 -0.405599 0.737304
-0.939676 0.484008 -6.687262 87 124 72 0 0.445040 -0.419147 0.791363
-1.379380 0.710400 -6.510173 72 115 61 0 -0.533188 -0.239548 0.811373
-0.831008 0.867365 -6.597712 76 114 63 0 0.467946 0.739124 -0.484482
-1.343157 0.310944 -6.722479 104 143 96 0 0.531610 -0.419692 0.735696
-1.377368 0.414581 -6.729522 62 107 41 0 -0.491076 -0.006690 0.871091
-1.379380 0.520231 -6.691287 41 77 19 0 -0.653427 -0.643501 0.398673
-0.873268 0.756684 -6.612804 87 126 74 0 0.134410 0.319055 0.938157
-1.130852 0.776808 -6.498099 88 125 80 0 0.278596 -0.444831 0.851181
-1.323033 0.538342 -6.619848 50 91 33 0 -0.523887 -0.758902 0.386795
-1.277755 0.994144 -6.396474 97 138 91 0 0.277755 0.015907 0.960520
-0.778687 0.803975 -6.587650 58 80 42 0 0.579327 0.492008 0.649853
-0.874274 0.380371 -6.728516 80 123 69 0 -0.046416 -0.277241 0.959679
-1.249582 0.993138 -6.395468 87 130 80 0 0.070926 -0.474232 0.877538
-1.217384 0.824099 -6.460870 80 125 72 0 -0.030721 -0.261745 0.964648
-1.237508 0.885476 -6.430685 85 127 78 0 0.189279 -0.348672 0.917933
-1.313978 0.825105 -6.455839 81 125 68 0 0.030982 -0.459349 0.887715
-1.292848 0.579596 -6.586644 70 115 58 0 0.006910 -0.631566 0.775292
-1.256625 0.654053 -6.542371 77 115 64 0 0.149651 -0.365037 0.918887
-1.033252 0.553435 -6.623872 86 112 62 0 -0.540454 0.540454 0.644841
-0.862200 0.734548 -6.608779 94 134 83 0 0.362971 -0.125591 0.923298
-0.745483 0.715431 -6.691287 90 128 66 0 0.798273 -0.530607 -0.284985
-1.013128 0.902581 -6.478981 94 135 89 0 0.633688 -0.453112 0.627000
-0.966843 0.325030 -6.729522 85 89 65 0 0.189206 0.546426 0.815855
-0.757557 0.578589 -6.739584 101 140 84 0 0.522664 -0.071849 0.849506
-1.097648 0.647010 -6.564507 116 124 91 0 0.545600 -0.417029 0.726917
-1.268699 0.830136 -6.453827 79 123 70 0 -0.015351 -0.671273 0.741051
-1.197260 1.062565 -6.385406 76 98 59 0 0.276796 0.001209 0.960928
-1.200279 0.577583 -6.590668 75 118 63 0 0.015484 -0.229875 0.973097
-1.134877 0.963959 -6.421629 86 129 78 0 0.199228 -0.111518 0.973587
-1.178143 0.686251 -6.527278 82 126 72 0 0.174058 -0.585743 0.791586
-0.844089 0.804981 -6.586644 95 140 87 0 0.016413 -0.332049 0.943119
-1.229458 1.073633 -6.383394 93 133 83 0 -0.173897 -0.070758 0.982218
-1.237508 0.481996 -6.642990 66 109 50 0 -0.047085 -0.697710 0.714832
-1.037277 0.424643 -6.678206 82 114 67 0 0.539051 -0.198918 0.818447
-1.368312 0.627893 -6.551427 82 125 70 0 -0.175130 -0.528385 0.830746
-1.007091 0.559472 -6.632928 93 124 76 0 0.270782 -0.436005 0.858241
-1.384411 0.753666 -6.498099 64 107 47 0 -0.444907 -0.371553 0.814866
-0.957788 0.614812 -6.621860 99 130 84 0 0.199511 -0.697515 0.688236
-1.343157 0.525262 -6.647015 43 85 25 0 -0.221955 -0.777618 0.588258
-0.994011 0.683233 -6.576581 94 136 88 0 0.403912 -0.508570 0.760402
-1.337120 0.415587 -6.707386 62 110 36 0 0.469191 0.127700 0.873815
-1.399504 0.478977 -6.742602 37 65 22 0 -0.048142 -0.350003 0.935511
-1.165062 0.291826 -6.722479 88 130 82 0 0.207026 -0.228675 0.951235
-0.860188 0.464890 -6.710404 92 131 80 0 0.442601 -0.196876 0.874840
-0.989986 0.353204 -6.768763 83 100 56 0 0.802605 0.213312 0.557066
-1.326052 0.439736 -6.719460 63 101 50 0 0.692069 0.358305 -0.626625
-0.960806 0.916668 -6.560482 96 135 80 0 0.958071 -0.285567 -0.023488
-1.413590 0.391439 -6.745621 26 34 26 0 0.801998 -0.271518 -0.532050
-0.745483 0.761715 -6.684244 21 32 16 0 0.798273 -0.284985 0.530607
-0.831008 0.730524 -6.616829 97 141 91 0 0.244301 -0.499358 0.831239
-1.073499 0.993138 -6.420623 79 111 43 0 -0.078964 0.888003 0.453006
-0.787742 0.642985 -6.695312 88 127 65 0 0.729596 -0.254805 0.634637
-0.998035 0.653047 -6.589662 92 135 82 0 0.157459 -0.341393 0.926638
-1.077524 0.390433 -6.697324 82 122 71 0 0.229112 -0.609408 0.759032
-1.179149 0.494070 -6.634941 86 119 68 0 0.212690 -0.157886 0.964280
-0.827990 0.476965 -6.713423 99 137 88 0 0.377813 -0.135232 0.915953
-1.079536 0.458853 -6.655064 82 122 66 0 -0.007258 -0.054952 0.998463
-1.179149 0.266672 -6.731534 27 31 29 0 0.164622 -0.505730 0.846839
-1.172105 0.935786 -6.426660 87 128 78 0 0.070518 -0.457677 0.886318
-1.079536 0.429674 -6.671163 84 128 73 0 -0.159033 -0.631590 0.758817
-0.964831 0.876421 -6.544384 96 136 80 0 0.245256 0.912815 0.326524
-1.106703 0.940816 -6.432697 82 125 73 0 0.358166 -0.430746 0.828357
-0.919553 0.731530 -6.594693 98 136 89 0 0.364582 -0.269344 0.891366
-1.227446 0.425649 -6.691287 74 119 62 0 -0.506028 0.824810 0.252240
-1.035264 0.959934 -6.433703 95 137 88 0 0.031985 -0.568774 0.821872
-0.937664 0.387414 -6.720466 79 123 70 0 0.213492 0.166341 0.962680
-1.329071 0.358235 -6.715435 75 121 65 0 -0.086116 -0.063748 0.994244
-0.856163 0.620849 -6.664120 99 140 88 0 0.650200 -0.276375 0.707712
-1.383405 0.773790 -6.482000 63 107 45 0 -0.453791 -0.499995 0.737617
-1.165062 1.030367 -6.381382 86 126 66 0 0.118289 0.992979 0.001085
-1.365293 0.323018 -6.715435 92 121 76 0 -0.030670 0.141991 0.989393
-0.909491 0.397476 -6.721473 76 119 64 0 0.062379 -0.214047 0.974830
-0.986967 0.842210 -6.510173 91 131 73 0 -0.285077 0.584488 0.759675
-0.795792 0.517212 -6.724491 94 119 84 0 0.317538 0.237076 0.918131
-1.076518 0.331068 -6.728516 88 130 82 0 0.022866 -0.237088 0.971219
-1.095635 0.299876 -6.735559 87 126 79 0 0.047301 -0.221950 0.973910
-1.062431 0.727505 -6.532310 96 135 91 0 0.410025 -0.299457 0.861513
-1.079536 0.764734 -6.511179 91 129 84 0 0.388216 -0.555297 0.735482
-0.923577 0.875414 -6.573563 114 154 104 0 0.530090 0.846185 0.054547
-1.395479 0.791901 -6.466907 71 102 51 0 -0.569284 0.196884 0.798218
-1.171099 0.739579 -6.507155 80 121 70 0 -0.102019 -0.111400 0.988525
-1.364287 0.480989 -6.719460 49 94 29 0 -0.095305 -0.749242 0.655403
-1.165062 0.517212 -6.627897 73 117 62 0 -0.048533 -0.519994 0.852790
-0.948732 0.923711 -6.504136 96 134 78 0 0.697754 -0.675703 0.237835
-0.858175 0.774796 -6.603749 92 136 86 0 -0.118734 -0.476367 0.871193
-1.125821 0.754672 -6.510173 93 129 84 0 0.204624 -0.458536 0.864797
-1.059413 0.531299 -6.631922 133 123 95 0 0.339517 -0.260149 0.903908
-0.716303 0.530293 -6.760714 114 151 102 0 0.371760 0.253271 0.893112
-0.986967 0.333080 -6.737572 106 69 62 0 0.134302 -0.983674 0.119783
-1.316996 0.274721 -6.739584 40 53 39 0 0.063877 -0.189222 0.979855
-1.221409 0.502119 -6.630916 82 115 66 0 -0.181538 -0.268894 0.945907
-1.231470 0.982070 -6.404524 84 126 74 0 0.238584 -0.421649 0.874809
-0.709260 0.503125 -6.756689 56 72 51 0 0.262277 0.357112 0.896483
-1.060419 0.847241 -6.480994 93 134 87 0 0.444301 -0.470533 0.762362
-1.024196 0.602738 -6.607773 87 128 74 0 0.142410 -0.175177 0.974183
-1.268699 0.490045 -6.640977 60 101 42 0 -0.285005 -0.445223 0.848851
-1.246563 0.709394 -6.516211 81 126 69 0 -0.394833 -0.672373 0.626116
-1.170093 0.446779 -6.671163 82 126 68 0 -0.269366 -0.509149 0.817441
-1.274737 0.280758 -6.734553 72 105 60 0 -0.111149 -0.072190 0.991178
-0.886349 0.803975 -6.586644 96 140 89 0 0.268436 -0.196853 0.942969
-1.033252 0.360247 -6.713423 78 110 64 0 -0.152301 -0.359094 0.920791
-1.209334 0.620849 -6.563501 81 117 66 0 0.133701 -0.348726 0.927639
-1.277755 0.376346 -6.703361 74 117 54 0 0.489615 0.071141 0.869032
-0.933639 0.363266 -6.729522 78 122 72 0 0.213149 -0.553575 0.805060
-0.877293 0.357228 -6.741596 32 41 30 0 0.283929 -0.896382 0.340417
-1.150976 0.793913 -6.484013 98 124 84 0 0.353116 -0.419031 0.836494
-1.209334 0.331068 -6.711411 85 128 78 0 0.125235 -0.164914 0.978325
-1.096642 0.505138 -6.638965 79 117 65 0 -0.270780 -0.253767 0.928591
-1.194242 0.283777 -6.719460 91 131 84 0 0.159437 -0.151904 0.975451
-1.270712 0.333080 -6.718454 80 126 67 0 -0.134439 -0.206140 0.969243
-1.403528 0.544379 -6.678206 42 76 19 0 -0.347565 -0.846313 0.403674
-0.937664 0.814037 -6.565514 102 144 93 0 0.529572 -0.014975 0.848133
-1.078530 0.658078 -6.568532 88 127 80 0 0.095120 -0.498317 0.861761
-0.807866 0.462878 -6.721473 99 142 92 0 0.214935 -0.054644 0.975099
-0.893392 0.422631 -6.713423 88 126 77 0 0.220709 -0.212584 0.951891
-1.336114 0.614812 -6.559476 72 115 61 0 -0.023693 -0.622989 0.781872
-1.318002 0.881451 -6.427666 82 127 70 0 0.294659 -0.436590 0.850038
-0.982942 0.355216 -6.743608 121 81 60 0 0.900780 -0.143274 -0.409961
-0.935652 0.620849 -6.622866 93 134 82 0 0.181978 -0.379719 0.907027
-0.791767 0.714425 -6.658083 95 136 80 0 0.896382 -0.283929 0.340417
-1.227446 0.266672 -6.723485 65 97 56 0 -0.167362 -0.316742 0.933630
-0.822959 0.419612 -6.722479 93 136 86 0 0.175475 -0.191073 0.965764
-0.945714 0.519224 -6.667139 87 128 74 0 0.158026 -0.397201 0.904024
-1.400510 0.578589 -6.594693 62 106 48 0 0.048557 -0.855991 0.514705
-1.146951 1.014268 -6.388425 84 128 69 0 -0.261153 -0.450528 0.853712
-1.311965 0.456841 -6.680219 55 100 32 0 -0.308109 -0.142517 0.940615
-0.918547 0.571546 -6.648021 92 134 81 0 0.143335 -0.245906 0.958637
-0.821953 0.750647 -6.604755 93 136 85 0 -0.858899 -0.205356 0.469172
-0.932633 0.936792 -6.528285 35 45 31 0 0.680943 -0.680943 0.269507
-0.834027 0.815043 -6.603749 66 101 32 0 0.449960 0.070177 -0.890287
-1.384411 0.663109 -6.530297 87 132 76 0 -0.285344 -0.070376 0.955838
-0.752526 0.445773 -6.751658 30 33 31 0 0.510009 -0.634566 0.580704
-1.355231 0.579596 -6.585638 66 107 55 0 0.158206 -0.507146 0.847215
-1.379380 0.567521 -6.608779 55 99 38 0 -0.182753 -0.820123 0.542218
-1.366299 0.838185 -6.438734 84 121 72 0 0.196766 -0.403736 0.893466
-0.727371 0.678202 -6.750652 43 57 35 0 0.584488 -0.285077 0.759675
-1.254613 0.588651 -6.581613 71 115 60 0 -0.349140 -0.110040 0.930587
-1.105697 0.425649 -6.674182 81 124 69 0 0.006943 -0.687381 0.726264
-1.049351 0.450804 -6.662107 79 111 61 0 0.412130 -0.310255 0.856674
-1.219396 0.929748 -6.421629 86 127 80 0 0.134823 -0.127535 0.982628
-1.043314 0.592676 -6.604755 82 124 70 0 0.213996 -0.561933 0.799022
-1.316996 0.707381 -6.510173 75 118 60 0 -0.166308 -0.475377 0.863920
-1.051363 1.000181 -6.419617 35 48 29 0 0.299069 -0.172275 0.938552
-0.909491 0.663109 -6.614817 90 132 81 0 0.071783 -0.404965 0.911510
-1.203297 0.731530 -6.506149 79 120 66 0 0.008590 -0.293299 0.955982
-0.964831 0.817056 -6.533316 93 130 78 0 -0.245602 0.969098 0.022987
-1.175124 0.366284 -6.704367 89 124 76 0 -0.007969 -0.174169 0.984683
-0.804847 0.545385 -6.712417 100 141 88 0 0.507192 -0.204391 0.837246
-1.188204 0.817056 -6.462883 83 125 74 0 -0.103651 -0.481338 0.870385
-1.313978 0.551422 -6.604755 67 107 51 0 -0.086864 -0.420532 0.903110
-1.261656 0.394457 -6.701349 70 112 56 0 -0.238299 -0.230035 0.943556
-1.140914 0.707381 -6.519229 86 123 73 0 0.222688 -0.365325 0.903852
-0.964831 0.912643 -6.538347 95 138 85 0 0.783136 -0.530098 0.325106
-1.268699 0.946854 -6.407542 91 135 85 0 0.133973 -0.007750 0.990955
-0.982942 0.884470 -6.513192 99 140 93 0 0.674011 0.323201 0.664267
-0.990992 0.786870 -6.539353 101 140 92 0 0.471707 -0.525045 0.708393
-1.390448 0.368297 -6.728516 68 106 48 0 -0.119575 0.197613 0.972960
-1.106703 0.739579 -6.521242 88 127 81 0 0.246174 -0.436469 0.865386
-0.900435 0.874408 -6.599724 33 43 21 0 0.165530 0.461433 -0.871596
-1.251594 0.487026 -6.665126 63 98 44 0 0.294287 -0.426793 -0.855127
-0.801829 0.791901 -6.609786 72 103 36 0 0.182021 -0.221879 -0.957934
-1.347182 0.812025 -6.458858 77 121 65 0 0.143476 -0.158448 0.976887
-1.120790 0.614812 -6.570545 86 121 72 0 0.006634 -0.465682 0.884928
-1.277755 0.908619 -6.420623 88 131 79 0 0.190792 -0.220144 0.956627
-0.841070 0.385402 -6.731534 36 48 32 0 0.672506 -0.410146 0.616049
-1.180155 0.565509 -6.594693 73 117 60 0 -0.078675 -0.443065 0.893031
-0.817928 0.655060 -6.664120 99 134 86 0 0.492717 -0.190198 0.849150
-0.985961 0.410556 -6.707386 84 123 73 0 0.134991 -0.427707 0.893781
-1.207322 0.664115 -6.541365 81 125 71 0 0.101382 -0.498342 0.861032
-1.275743 0.528280 -6.616829 71 110 56 0 0.024007 -0.322195 0.946369
-1.135883 0.277740 -6.730528 34 61 38 0 0.807486 0.339240 0.482580
-0.745483 0.707381 -6.716442 98 129 75 0 0.864797 -0.317963 0.388621
-1.433714 0.584627 -6.570545 58 80 47 0 0.388621 -0.864797 0.317963
-1.018159 0.473946 -6.674182 82 118 66 0 0.172703 -0.473827 0.863517
-1.279767 0.929748 -6.412573 91 133 83 0 0.245498 -0.517245 0.819871
-0.951751 0.674177 -6.596705 91 131 80 0 0.243995 -0.316183 0.916785
-0.729384 0.573559 -6.783856 65 98 39 0 0.001186 0.969369 -0.245605
-0.887355 0.484008 -6.693299 90 133 80 0 0.206773 -0.087909 0.974432
-1.333095 0.464890 -6.691287 44 89 26 0 -0.207073 0.253699 0.944858
-0.876287 0.693295 -6.621860 94 137 85 0 0.293883 -0.150327 0.943946
-0.982942 0.485014 -6.671163 85 125 71 0 -0.079533 -0.467431 0.880445
-0.804847 0.598713 -6.695312 89 127 68 0 0.592772 -0.442492 0.672921
-1.252600 1.121930 -6.385406 83 110 65 0 0.261216 0.214225 0.941209
-0.905466 0.753666 -6.592680 92 136 82 0 0.189895 -0.166642 0.967559
-1.343157 0.688264 -6.519229 77 121 64 0 -0.111237 -0.372162 0.921478
-1.156006 0.889501 -6.446784 89 131 84 0 0.190116 -0.498492 0.845790
-1.088592 0.974021 -6.423641 84 126 77 0 0.001359 -0.822094 0.569351
-1.349194 0.786870 -6.472945 73 120 58 0 0.222098 -0.127097 0.966705
-1.236501 0.528280 -6.618842 75 117 58 0 0.040192 -0.539129 0.841263
-1.083561 0.627893 -6.581613 106 129 90 0 0.262671 -0.429687 0.863929
-1.107710 0.349179 -6.715435 84 123 75 0 0.024640 -0.379982 0.924666
-0.879305 0.890507 -6.600730 42 51 39 0 0.001193 0.254023 0.967197
-0.996023 0.576577 -6.627897 100 130 85 0 0.204877 -0.379241 0.902331
-1.110728 0.541361 -6.617836 80 123 71 0 -0.015292 -0.649226 0.760442
-1.137895 0.332074 -6.716442 89 131 84 0 0.198412 -0.424749 0.883301
-0.997029 0.381377 -6.717448 143 119 101 0 0.538467 -0.096206 0.837137
-0.906472 0.535323 -6.670157 93 129 77 0 0.064248 -0.055536 0.996387
-1.031239 0.515200 -6.651040 86 120 68 0 0.301824 -0.516736 0.801178
-0.847107 0.667134 -6.640977 92 134 79 0 0.315275 -0.395247 0.862776
-1.426671 0.560478 -6.647015 28 42 22 0 0.397398 -0.913605 0.086035
-1.274737 0.785864 -6.474957 73 116 63 0 0.008548 -0.284535 0.958627
-0.790761 0.453822 -6.727510 101 145 95 0 0.405449 -0.063309 0.911923
-1.015140 0.960940 -6.435716 92 128 80 0 0.449990 -0.243934 0.859072
-1.412584 0.384395 -6.726503 59 92 34 0 0.560237 -0.718888 -0.411502
-0.759569 0.709394 -6.665126 90 124 66 0 0.808492 -0.587103 0.040635
-1.128839 0.366284 -6.707386 85 114 65 0 0.222917 -0.435362 0.872220
-1.394473 0.414581 -6.741596 61 104 37 0 -0.317755 -0.102373 0.942630
-1.280774 0.869377 -6.432697 82 126 72 0 0.101513 -0.418568 0.902494
-1.084567 0.849254 -6.468920 90 133 84 0 0.515568 -0.291682 0.805674
-1.147957 0.574565 -6.589662 74 118 64 0 0.173252 -0.552900 0.815037
-0.883330 0.648016 -6.628903 94 136 84 0 0.318016 0.158319 0.934773
-0.937664 0.437723 -6.707386 89 132 76 0 -0.079229 -0.188932 0.978789
-0.999041 0.755678 -6.552433 94 130 83 0 0.159437 -0.151904 0.975451
-1.289829 0.562490 -6.598718 74 117 60 0 -0.168079 -0.595092 0.785885
-1.354225 0.712412 -6.507155 76 120 62 0 -0.151050 -0.205273 0.966978
-0.933639 0.852272 -6.576581 110 151 102 0 0.616214 -0.742942 -0.261376
-1.335108 0.653047 -6.533316 80 121 69 0 -0.086864 -0.420532 0.903110
-0.948732 0.711406 -6.586644 98 139 92 0 0.570383 -0.284397 0.770573
-1.297879 0.597707 -6.566520 68 112 57 0 -0.262472 -0.848812 0.458942
-0.985961 0.544379 -6.642990 85 126 76 0 0.362917 -0.465237 0.807370
-1.348188 0.875414 -6.428672 81 120 68 0 -0.175040 -0.078466 0.981430
-1.315990 0.904594 -6.420623 88 131 73 0 0.001125 0.165311 0.986241
-1.136889 0.447785 -6.655064 78 123 63 0 -0.397181 -0.445421 0.802401
-0.754538 0.694301 -6.704367 92 130 68 0 0.924557 -0.110619 0.364633
-1.139907 0.435711 -6.677200 74 116 55 0 -0.056675 -0.490720 0.869472
-1.307941 0.727505 -6.503130 74 119 61 0 0.143673 -0.546550 0.825010
-1.239520 1.090738 -6.381382 88 125 76 0 -0.151161 -0.102789 0.983150
-0.948732 0.763728 -6.569539 99 141 91 0 0.444993 -0.331779 0.831807
-0.875281 0.848247 -6.588656 97 141 89 0 -0.047775 0.094439 0.994384
-1.379380 0.506144 -6.713423 47 87 25 0 -0.507831 -0.729490 0.458206
-1.315990 0.522243 -6.635947 48 90 30 0 -0.438400 -0.581755 0.685104
-0.837045 0.434705 -6.717448 88 132 80 0 0.228096 -0.142071 0.963217
-1.249582 0.616825 -6.564507 76 118 64 0 0.001327 -0.484515 0.874782
-0.981936 0.452816 -6.690281 92 123 75 0 0.262277 -0.357112 0.896483
-1.109722 0.403513 -6.688268 80 123 68 0 -0.095000 -0.403407 0.910076
-0.739445 0.682227 -6.735559 97 127 72 0 0.814592 -0.055059 0.577415
-0.911503 0.334086 -6.732541 24 38 30 0 -0.245489 0.388319 0.888225
-1.001054 0.616825 -6.604755 90 131 83 0 0.148863 -0.514387 0.844539
-1.275743 1.077658 -6.381382 58 76 50 0 0.301663 -0.087495 0.949391
-1.394473 0.689270 -6.526272 82 126 71 0 -0.095272 -0.237545 0.966693
-0.776674 0.619843 -6.714429 98 136 81 0 0.475973 -0.324168 0.817536
-1.171099 0.541361 -6.614817 72 115 60 0 -0.069824 -0.577120 0.813669
-1.163050 0.384395 -6.693299 83 123 74 0 -0.166683 -0.563120 0.809391
-1.250588 0.340123 -6.714429 82 127 70 0 -0.228675 -0.207026 0.951235
-0.916534 0.905600 -6.590668 74 88 67 0 0.589274 0.452389 0.669402
-1.357244 0.553435 -6.609786 54 96 35 0 -0.237856 -0.855979 0.459047
-1.053375 0.887489 -6.467914 92 136 85 0 0.355368 -0.623941 0.695997
-1.391454 0.834161 -6.439740 37 43 35 0 0.117166 -0.433373 0.893566
-1.377368 0.344148 -6.717448 79 116 63 0 -0.118998 0.158255 0.980201
-1.234489 0.958928 -6.406536 88 129 79 0 0.617611 -0.064484 0.783836
-0.837045 0.834161 -6.582619 90 134 78 0 -0.150340 -0.054775 0.987116
-0.917540 0.590664 -6.645002 86 129 69 0 0.650174 -0.142648 0.746274
-1.345170 0.511175 -6.669151 43 86 23 0 -0.467946 -0.739124 0.484482
-0.823965 0.397476 -6.722479 45 67 44 0 -0.221128 0.054976 0.973694
-1.000048 0.859315 -6.506149 96 136 89 0 0.229875 -0.015484 0.973097
-0.929615 0.535323 -6.663114 90 132 79 0 0.245416 -0.507811 0.825772
-1.031239 0.735555 -6.545390 94 132 83 0 0.765959 -0.229320 0.600599
-0.733408 0.586639 -6.757695 109 147 88 0 0.491570 0.166809 0.854712
-1.288823 1.016280 -6.389431 95 130 83 0 0.341118 -0.308058 0.888110
-1.407553 0.805988 -6.461876 37 43 34 0 0.009098 -0.412022 0.911128
-1.219396 0.363266 -6.704367 84 122 70 0 -0.102649 -0.119167 0.987554
-1.067462 0.900569 -6.456846 88 131 81 0 -0.300695 -0.291895 0.907954
-1.333095 0.938804 -6.397480 48 56 43 0 0.380344 -0.633907 0.673424
-0.889367 0.668140 -6.622866 97 140 90 0 0.372418 -0.452336 0.810368
-0.969862 0.922705 -6.486025 98 139 89 0 0.285984 -0.861010 0.420565
-1.146951 0.924717 -6.437728 89 131 82 0 0.078675 -0.443065 0.893031
-1.363281 0.389426 -6.726503 68 116 50 0 -0.523040 0.191429 0.830533
-1.227446 0.321006 -6.715435 82 127 71 0 -0.078965 -0.365380 0.927503
-1.005079 0.384395 -6.741596 75 94 40 0 0.006710 0.500602 -0.865652
-1.276749 0.684239 -6.526272 73 117 64 0 0.309842 -0.380053 0.871526
-1.142926 0.848247 -6.465901 89 128 82 0 -0.063309 -0.405449 0.911923
-0.805854 0.737567 -6.625885 98 142 89 0 0.175695 -0.658474 0.731808
-1.211347 0.768759 -6.490050 78 122 67 0 0.056370 -0.474330 0.878541
-1.255619 0.933773 -6.411567 90 134 81 0 0.277876 -0.301154 0.912190
-1.288823 0.835167 -6.449802 79 124 66 0 0.054547 -0.530090 0.846185
-1.359256 0.901575 -6.425654 43 53 34 0 0.133551 -0.697765 0.703767
-0.900435 0.470928 -6.697324 92 136 82 0 0.349950 -0.340781 0.872584
-1.235495 1.039423 -6.389431 83 126 76 0 -0.070184 -0.276908 0.958330
-0.902448 0.860322 -6.581613 106 148 100 0 0.586239 0.292321 0.755561
-1.138901 0.636948 -6.561489 72 113 58 0 0.095244 -0.675501 0.731182
-1.268699 0.314969 -6.723485 79 125 64 0 -0.180467 -0.441631 0.878860
-1.171099 0.964965 -6.419617 84 127 74 0 0.364457 -0.342928 0.865778
-1.241532 0.867365 -6.438734 85 126 74 0 0.286741 -0.316151 0.904338
-1.103685 0.911637 -6.447790 84 127 78 0 0.079254 -0.457448 0.885697
-1.153994 0.872396 -6.453827 86 127 82 0 0.087434 -0.442723 0.892385
-0.989986 0.934779 -6.464895 100 141 92 0 0.110349 -0.784215 0.610599
-1.193235 0.483002 -6.639971 76 115 62 0 0.206598 -0.362631 0.908744
-0.921565 0.782845 -6.581613 103 142 98 0 0.378327 0.079435 0.922257
-1.277755 0.441748 -6.679213 61 107 40 0 -0.126117 -0.500118 0.856724
-0.880311 0.572552 -6.664120 93 132 82 0 0.237699 -0.205100 0.949438
-0.889367 0.617831 -6.640977 88 132 73 0 0.196766 -0.403736 0.893466
-0.898423 0.368297 -6.733547 82 128 74 0 -0.024044 -0.325233 0.945328
-0.867231 0.396470 -6.722479 83 127 75 0 0.072087 -0.261791 0.962429
-0.966843 0.556453 -6.641984 87 129 74 0 0.365092 -0.428311 0.826594
-1.203297 1.043447 -6.384400 89 127 75 0 0.072469 -0.270807 0.959902
-0.951751 0.401501 -6.727510 92 106 58 0 0.442838 -0.404190 -0.800328
-0.848113 0.635942 -6.657076 101 142 91 0 0.555084 -0.451735 0.698439
-1.148963 0.465897 -6.651040 78 119 67 0 -0.112007 -0.545490 0.830599
-0.735421 0.709394 -6.746627 27 38 23 0 0.952358 0.286886 0.103489
-1.117771 0.580602 -6.588656 75 116 61 0 -0.023648 -0.610682 0.791522
-1.432708 0.659084 -6.522248 48 62 43 0 0.562212 -0.134282 0.816019
-0.798810 0.726499 -6.640977 100 143 92 0 0.515651 -0.485613 0.705892
-0.903454 0.503125 -6.680219 91 133 79 0 -0.141784 -0.380431 0.913876
-0.954769 0.657072 -6.602743 90 130 80 0 0.271531 -0.303476 0.913331
-0.798810 0.562490 -6.709398 103 145 92 0 0.364399 -0.143805 0.920073
-1.390448 0.590664 -6.576581 73 117 65 0 0.006925 -0.738228 0.674516
-1.343157 0.446779 -6.709398 47 89 26 0 -0.905338 0.152074 0.396530
-1.174118 1.019299 -6.393456 87 131 72 0 -0.310642 -0.316588 0.896255
-1.022184 0.715431 -6.554446 94 134 86 0 0.473723 -0.236100 0.848436
-1.036270 0.340123 -6.722479 78 118 69 0 -0.277335 -0.404637 0.871409
-1.033252 0.908619 -6.461876 95 138 92 0 0.237901 -0.379754 0.893974
-1.271718 0.560478 -6.599724 73 117 61 0 0.087968 -0.459388 0.883869
-1.122802 0.860322 -6.468920 87 125 77 0 0.635415 0.119973 0.762794
-0.769631 0.440742 -6.745621 30 35 31 0 -0.055737 0.174327 0.983109
-0.958794 0.953897 -6.471938 40 51 37 0 0.475224 -0.452203 0.754768
-1.062431 0.435711 -6.671163 78 120 65 0 -0.102183 -0.435329 0.894454
-0.772650 0.548404 -6.733547 102 139 87 0 0.340224 -0.166612 0.925466
-1.177136 1.042441 -6.387419 82 118 69 0 -0.015223 0.023341 0.999612
-0.751520 0.627893 -6.730528 98 135 77 0 0.611443 -0.191555 0.767752
-1.084567 1.002194 -6.409555 74 104 40 0 -0.244887 0.965591 -0.087550
-1.233483 0.733542 -6.503130 83 124 70 0 0.253767 -0.270780 0.928591
-1.060419 0.946854 -6.436722 88 132 83 0 0.070177 -0.449960 0.890287
-1.413590 0.501113 -6.740590 24 31 27 0 0.651247 -0.294267 -0.699488
-0.841070 0.778821 -6.599724 96 140 89 0 0.110985 -0.658512 0.744341
-1.407553 0.530293 -6.720466 28 34 29 0 0.410570 0.730451 -0.545777
-1.033252 0.669146 -6.572557 91 133 84 0 0.414135 -0.366895 0.832994
-1.388435 0.451810 -6.744615 56 98 33 0 -0.435526 0.183302 0.881316
-0.818934 0.624874 -6.681225 101 139 91 0 0.064381 -0.894481 0.442446
-0.751520 0.609781 -6.735559 101 139 82 0 0.663437 -0.251758 0.704605
-1.092617 0.951885 -6.432697 84 127 78 0 -0.030412 -0.411219 0.911029
-1.022184 0.496082 -6.663114 80 119 66 0 0.086386 -0.508401 0.856776
-1.308947 0.809006 -6.461876 76 120 60 0 0.222027 -0.141526 0.964715
-1.022184 0.787876 -6.525266 93 135 85 0 0.198756 -0.476715 0.856294
-1.046332 0.542367 -6.636953 84 113 63 0 -0.687381 0.726264 0.006943
-1.181161 0.415587 -6.681225 79 122 66 0 0.357731 -0.420768 0.833656
-1.186192 0.705369 -6.519229 81 126 72 0 0.078965 -0.365380 0.927503
-1.190217 0.861328 -6.450809 91 126 82 0 0.301346 -0.047046 0.952354
-1.408559 0.739579 -6.513192 54 83 37 0 -0.340543 -0.656645 0.672939
-1.025202 0.820074 -6.510173 98 139 90 0 0.143235 -0.212917 0.966514
-1.105697 0.368297 -6.711411 94 125 77 0 0.126787 -0.388722 0.912590
-1.304922 0.510169 -6.642990 48 91 31 0 -0.286171 -0.792108 0.539139
-1.415603 0.574565 -6.616829 53 93 38 0 -0.125235 -0.978325 0.164914
-1.127833 1.003200 -6.400499 84 128 72 0 -0.110172 -0.600804 0.791768
-0.856163 0.577583 -6.672169 106 140 95 0 0.703874 -0.095515 0.703874
-1.241532 0.918680 -6.420623 88 131 81 0 0.118916 -0.221209 0.967949
-0.759569 0.651035 -6.716442 99 137 79 0 0.642840 -0.315753 0.697895
-0.921565 0.826111 -6.572557 102 144 94 0 0.755561 0.292321 0.586239
-1.141920 0.605756 -6.577588 77 116 66 0 -0.040238 -0.356948 0.933257
-1.217384 0.413575 -6.683238 74 119 61 0 -0.006846 -0.587425 0.809250
-0.945714 0.878433 -6.528285 94 134 76 0 0.696825 -0.142977 0.702846
-0.859182 0.835167 -6.596705 63 99 34 0 0.775716 0.270158 -0.570333
-1.357244 0.499101 -6.700343 46 87 25 0 -0.246413 -0.960878 0.126466
-0.757557 0.764734 -6.607773 69 92 54 0 0.855958 -0.014922 0.516830
-0.776674 0.750647 -6.626891 87 131 76 0 0.030982 -0.887715 0.459349
-0.941689 0.847241 -6.553440 105 146 92 0 0.651845 -0.326735 0.684356
-1.041301 0.320000 -6.731534 78 120 73 0 0.086877 -0.426112 0.900489
-0.976905 0.783851 -6.549415 103 142 97 0 0.323849 -0.354258 0.877282
-0.913516 0.682227 -6.605761 91 130 77 0 0.420897 -0.134630 0.897062
-1.017153 0.887489 -6.487031 96 135 92 0 0.650408 -0.443080 0.616968
-1.367306 0.571546 -6.595699 56 99 42 0 -0.119722 -0.775973 0.619300
-0.922571 0.351191 -6.735559 87 129 81 0 0.159347 -0.261115 0.952065
-1.145945 0.829130 -6.468920 90 126 84 0 0.054500 -0.285176 0.956924
-1.274737 0.623868 -6.558470 77 121 67 0 0.189576 -0.482150 0.855332
-1.409565 0.546391 -6.704367 37 45 39 0 0.928080 0.372004 -0.016734
-0.792773 0.652041 -6.681225 97 136 82 0 0.644739 -0.286373 0.708733
-1.075512 0.747629 -6.521242 98 131 91 0 0.561999 -0.206730 0.800887
-1.305928 0.499101 -6.657076 49 92 29 0 -0.355185 -0.617073 0.702186
-0.784724 0.420618 -6.728516 29 40 32 0 -0.230877 0.293199 0.927756
-0.995017 0.968990 -6.449802 28 32 26 0 0.261342 -0.301770 0.916862
-1.247569 0.492057 -6.632928 66 107 51 0 0.292769 -0.596737 0.747122
-1.029227 0.928742 -6.456846 93 135 88 0 0.220868 -0.458264 0.860936
-1.135883 0.491051 -6.641984 89 119 71 0 0.007315 -0.063743 0.997940
-0.978918 0.694301 -6.581613 92 134 84 0 0.293961 -0.199225 0.934824
-1.313978 0.350185 -6.712417 79 125 65 0 -0.126787 -0.388722 0.912590
-1.252600 0.760709 -6.487031 78 118 65 0 0.024979 -0.411494 0.911070
-1.117771 0.660091 -6.544384 84 115 66 0 0.433767 -0.370211 0.821456
-0.724353 0.618837 -6.757695 95 123 75 0 0.822839 -0.087597 0.561483
-0.780699 0.817056 -6.598718 73 105 37 0 0.245906 0.958637 0.143335
-1.126827 0.522243 -6.627897 76 116 65 0 0.490445 -0.530618 0.691310
-1.268699 0.514194 -6.623872 64 106 47 0 -0.244507 -0.412512 0.877525
-0.904460 0.650029 -6.624878 89 133 78 0 0.283753 -0.370831 0.884290
-1.145945 0.683233 -6.532310 79 123 70 0 -0.118120 -0.541019 0.832674
-1.188204 0.589657 -6.581613 77 120 65 0 -0.064786 -0.689607 0.721280
-0.761581 0.716437 -6.701349 93 133 73 0 0.754858 -0.564123 0.334595
-1.149969 0.777814 -6.490050 98 125 85 0 0.386540 -0.292558 0.874641
-1.283792 0.323018 -6.725497 81 126 68 0 -0.175255 -0.302211 0.936992
-1.334101 0.702350 -6.511179 76 119 63 0 -0.180467 -0.441631 0.878860
-1.228452 0.562490 -6.595699 71 116 60 0 0.055359 -0.594756 0.801998
-1.115759 0.869377 -6.451815 85 125 75 0 0.619788 0.698284 -0.358136
-0.736427 0.730524 -6.718454 27 34 25 0 0.746216 -0.523171 0.411649
-1.204303 1.082689 -6.389431 46 63 36 0 0.205106 0.315439 0.926515
-1.106703 0.673171 -6.548409 113 120 85 0 0.500202 -0.261716 0.825411
-0.862200 0.859315 -6.587650 95 135 82 0 -0.038608 0.174323 0.983931
-0.968856 0.720462 -6.574569 98 140 91 0 0.134046 -0.404959 0.904456
-0.970868 0.937798 -6.464895 100 133 85 0 0.649558 -0.348503 0.675737
-1.210341 0.605756 -6.571551 75 117 62 0 -0.095502 -0.715531 0.692023
-0.864212 0.636948 -6.646008 94 137 83 0 0.553602 -0.307911 0.773767
-0.822959 0.828124 -6.603749 66 99 30 0 0.721471 -0.666092 0.189213
-1.223421 1.027349 -6.394462 79 122 72 0 0.165337 -0.293781 0.941465
-0.951751 0.345154 -6.730528 86 127 82 0 0.261126 -0.325314 0.908837
-1.396485 0.571546 -6.609786 57 102 42 0 -0.079522 -0.947744 0.308962
-1.098654 0.878433 -6.458858 87 129 81 0 0.215370 -0.245549 0.945157
-1.298885 0.765740 -6.483006 74 118 63 0 0.046355 -0.388054 0.920470
-0.763594 0.788882 -6.599724 26 31 22 0 0.467607 -0.070765 0.881099
-0.744476 0.509163 -6.744615 113 156 103 0 0.402000 -0.024879 0.915302
-0.744476 0.746623 -6.646008 73 96 53 0 0.949190 -0.134836 0.284356
-1.117771 0.329055 -6.722479 81 123 72 0 0.221066 -0.173411 0.959718
-0.988980 0.513187 -6.661101 86 128 74 0 0.159944 -0.548593 0.820648
-1.414596 0.704363 -6.526272 75 111 59 0 0.102168 -0.220734 0.969968
-0.758563 0.752660 -6.624878 91 125 74 0 0.237774 -0.829908 0.504694
-0.961813 0.579596 -6.635947 88 127 77 0 0.141421 -0.379457 0.914337
-1.279767 0.469921 -6.678206 56 93 40 0 0.015361 0.730365 -0.682884
-1.302910 0.289814 -6.736565 89 130 75 0 -0.008276 -0.230547 0.973026
-1.077524 0.495076 -6.641984 83 116 70 0 -0.079781 -0.388089 0.918162
-0.777680 0.634936 -6.706380 93 133 73 0 0.500202 -0.261716 0.825411
-1.301903 0.416593 -6.701349 59 104 40 0 -0.293199 -0.230877 0.927756
-1.437739 0.573559 -6.595699 27 35 25 0 0.751975 -0.648152 0.120138
-0.935652 0.892520 -6.538347 102 141 83 0 0.818885 0.040594 0.572520
-1.060419 0.396470 -6.695312 82 125 73 0 0.078285 -0.539458 0.838366
-1.178143 0.459859 -6.653052 73 115 50 0 0.673095 -0.640181 -0.370285
-1.224427 0.383389 -6.701349 79 118 66 0 0.022634 -0.443367 0.896054
-1.107710 0.824099 -6.477975 93 135 88 0 0.325059 -0.539630 0.776619
-1.232477 0.687258 -6.528285 77 122 67 0 -0.223031 -0.546041 0.807525
-1.361269 0.726499 -6.501118 70 114 57 0 -0.039290 -0.459289 0.887417
-1.247569 0.400494 -6.694305 70 114 56 0 -0.134615 -0.484905 0.864145
-1.336114 0.740585 -6.497093 68 112 54 0 -0.070184 -0.276908 0.958330
-0.947726 0.641979 -6.610792 96 128 84 0 0.285453 0.001215 0.958392
-1.203297 0.705369 -6.521242 80 124 70 0 -0.144362 -0.491413 0.858879
-1.049351 0.973014 -6.422635 96 136 87 0 0.398124 -0.705390 0.586448
-0.761581 0.562490 -6.736565 103 140 86 0 0.516071 0.001340 0.856545
-1.014134 0.650029 -6.585638 87 129 78 0 0.433929 0.014508 0.900830
-0.791767 0.606763 -6.705374 95 133 78 0 0.655334 -0.275846 0.703169
-1.193235 0.671159 -6.535328 76 120 65 0 -0.023750 -0.641240 0.766973
-1.076518 0.839192 -6.479988 94 136 86 0 0.377681 -0.244382 0.893104
-1.093623 0.284783 -6.742602 50 66 46 0 0.110905 -0.942026 0.316681
-1.049351 0.657072 -6.571551 87 128 77 0 -0.031809 -0.324453 0.945367
-1.053375 0.707381 -6.548409 94 134 87 0 0.221066 -0.173411 0.959718
-1.372337 0.803975 -6.459864 79 123 61 0 -0.102570 -0.451026 0.886597
-1.149969 0.286795 -6.728516 99 138 98 0 0.314611 -0.143005 0.938386
-1.245557 0.832148 -6.457852 85 129 77 0 -0.007795 -0.141417 0.989919
-1.198266 1.015274 -6.400499 83 127 71 0 -0.254721 -0.379847 0.889288
-0.943701 0.498095 -6.679213 94 123 75 0 0.315235 -0.324199 0.891920
-1.139907 0.352198 -6.708392 91 129 83 0 0.260025 -0.064064 0.963474
-1.297879 0.975027 -6.395468 103 140 96 0 0.046485 -0.394455 0.917739
-1.394473 0.627893 -6.550421 88 129 81 0 0.292576 -0.444282 0.846767
-1.174118 0.430680 -6.680219 82 125 68 0 0.323651 -0.436226 0.839617
-0.827990 0.557460 -6.698330 97 138 82 0 0.561483 -0.087597 0.822839
-1.396485 0.341129 -6.717448 33 39 28 0 0.181978 0.379719 0.907027
-0.882324 0.512181 -6.685250 90 133 80 0 0.087056 -0.354922 0.930834
-1.060419 0.931761 -6.443765 89 134 84 0 0.110962 -0.094609 0.989311
-1.125821 0.707381 -6.526272 106 119 80 0 0.585698 -0.134933 0.799219
-1.312972 0.593682 -6.574569 69 113 57 0 0.222242 -0.759974 0.610777
-0.921565 0.470928 -6.695312 83 127 73 0 -0.085792 -0.647074 0.757585
-0.936658 0.592676 -6.636953 91 134 82 0 0.323455 -0.410123 0.852746
-1.240526 0.653047 -6.546396 77 117 66 0 -0.015221 -0.601921 0.798410
-1.159025 0.812025 -6.470932 98 124 85 0 0.301511 -0.301511 0.904534
-1.235495 0.363266 -6.708392 82 123 72 0 0.055148 -0.229169 0.971823
-0.806860 0.785864 -6.589662 88 134 79 0 -0.286561 0.696391 0.657969
-1.274737 0.752660 -6.488037 78 120 65 0 -0.109957 -0.481242 0.869664
-1.216378 0.542367 -6.610792 71 115 60 0 0.001363 -0.584843 0.811146
-1.012122 0.938804 -6.453827 86 128 81 0 0.421911 -0.513845 0.746963
-0.823965 0.675183 -6.653052 97 140 88 0 0.635568 -0.413202 0.652163
-1.038283 0.580602 -6.614817 86 125 74 0 0.286452 -0.453678 0.843873
-0.963825 0.914656 -6.499105 83 122 64 0 0.354961 -0.831397 0.427530
-0.834027 0.698326 -6.631922 102 145 95 0 0.672373 -0.394833 0.626116
-1.236501 0.766746 -6.486025 72 116 61 0 0.207024 -0.372064 0.904826
-1.041301 0.439736 -6.671163 88 116 73 0 0.649592 -0.158991 0.743473
-0.905466 0.455835 -6.701349 87 130 76 0 0.001230 -0.308835 0.951115
-0.883330 0.470928 -6.702355 94 136 83 0 0.174970 -0.524911 0.832979
-1.105697 0.591670 -6.582619 80 118 66 0 0.095120 -0.498317 0.861761
-0.793779 0.752660 -6.623872 88 132 77 0 0.284670 -0.435468 0.854009
-1.164056 0.986095 -6.408548 84 129 71 0 0.223719 -0.491573 0.841609
-1.407553 0.436717 -6.750652 50 67 44 0 0.903843 0.001300 -0.427862
-0.939676 0.728511 -6.587650 102 141 96 0 0.420958 -0.300684 0.855794
-1.201285 0.966977 -6.411567 85 126 75 0 0.054976 -0.221128 0.973694
-0.842076 0.555447 -6.690281 97 137 85 0 0.449834 0.001311 0.893111
-1.415603 0.775802 -6.501118 31 40 27 0 -0.399188 -0.787063 0.470298
-0.774662 0.774796 -6.608779 76 107 43 0 -0.269259 0.823342 -0.499608
-1.083561 0.778821 -6.504136 92 132 87 0 0.246174 -0.436469 0.865386
-1.342151 0.549410 -6.615823 55 101 36 0 0.032244 -0.780873 0.623857
-1.328064 0.381377 -6.711411 72 120 58 0 -0.260069 -0.048530 0.964370
-1.115759 0.510169 -6.635947 79 119 67 0 0.189576 -0.482150 0.855332
-0.786736 0.496082 -6.723485 100 136 92 0 0.318016 -0.158319 0.934773
-1.386423 0.314969 -6.718454 52 64 33 0 0.055116 0.102359 0.993219
-0.879305 0.546391 -6.673176 97 132 81 0 0.223031 -0.546041 0.807525
-1.249582 0.844223 -6.447790 85 128 78 0 -0.198067 -0.466127 0.862261
-0.941689 0.750647 -6.577588 101 143 95 0 0.403140 -0.190655 0.895058
-0.817928 0.589657 -6.692293 102 141 89 0 0.016716 -0.134846 0.990726
-1.306934 0.627893 -6.547402 76 119 65 0 -0.164622 -0.505730 0.846839
-1.338126 0.285789 -6.734553 34 45 33 0 0.038814 -0.426958 0.903438
-1.289829 0.428668 -6.689275 60 106 40 0 -0.277493 -0.515791 0.810529
-1.181161 0.903588 -6.433703 92 126 82 0 0.253153 -0.365665 0.895658
-0.884336 0.835167 -6.585638 97 141 90 0 0.482732 0.094848 0.870617
-1.139907 0.379365 -6.696318 87 126 76 0 0.158026 -0.397201 0.904024
-1.395479 0.554441 -6.640977 49 89 27 0 -0.357162 -0.909534 0.212562
-1.193235 0.332074 -6.710404 84 127 77 0 -0.063791 -0.324163 0.943848
-1.288823 0.961946 -6.402512 95 138 89 0 0.318016 -0.158319 0.934773
-1.202291 0.651035 -6.549415 78 120 70 0 0.284786 -0.276112 0.917965
-1.183174 0.529286 -6.618842 74 119 61 0 0.023219 -0.520370 0.853625
-1.199273 0.752660 -6.498099 77 121 67 0 0.134615 -0.484905 0.864145
-1.260650 0.286795 -6.729522 78 122 66 0 -0.492152 -0.230077 0.839554
-1.234489 0.638961 -6.556458 81 115 67 0 0.086035 -0.397398 0.913605
-1.280774 0.469921 -6.662107 58 103 38 0 -0.157696 -0.578220 0.800496
-0.852138 0.652041 -6.651040 98 140 89 0 0.405467 -0.680192 0.610684
-1.307941 0.791901 -6.472945 78 122 62 0 -0.078190 -0.340590 0.936955
-1.304922 0.532305 -6.615823 54 96 38 0 -0.015361 -0.730365 0.682884
-0.761581 0.481996 -6.738578 104 148 97 0 0.308835 0.001230 0.951115
-1.070481 0.670152 -6.561489 82 123 72 0 0.134192 -0.468951 0.872970
-1.236501 0.467909 -6.673176 59 95 37 0 -0.062231 0.474335 -0.878142
-0.940683 0.606763 -6.628903 91 131 80 0 0.181495 -0.523487 0.832479
-1.077524 0.602738 -6.594693 113 129 92 0 0.459388 -0.268872 0.846564
-1.122802 0.740585 -6.517217 94 125 85 0 0.260462 -0.370600 0.891524
-1.379380 0.847241 -6.436722 54 65 48 0 -0.080393 -0.166785 0.982710
-0.972881 0.427661 -6.701349 78 119 65 0 0.338713 -0.442690 0.830240
-0.948732 0.408544 -6.713423 88 125 74 0 0.229137 -0.397663 0.888460
-0.964831 0.903588 -6.516211 86 127 69 0 0.064127 -0.807995 0.585689
-1.086580 0.445773 -6.661101 82 125 68 0 -0.339711 -0.593275 0.729809
-1.086580 0.533311 -6.622866 81 118 67 0 -0.095409 -0.508374 0.855834
-0.843083 0.599719 -6.678206 106 140 97 0 0.809344 0.032039 0.586461
-0.727371 0.492057 -6.750652 105 143 96 0 0.046892 0.205602 0.977512
-1.225433 0.592676 -6.576581 73 116 61 0 0.006810 -0.554373 0.832241
-0.782711 0.568528 -6.721473 104 145 91 0 0.618430 -0.158766 0.769635
-0.790761 0.677196 -6.677200 97 136 84 0 0.825010 -0.143673 0.546550
-1.047338 0.351191 -6.719460 77 114 63 0 -0.118120 -0.541019 0.832674
-1.336114 0.500107 -6.676194 47 89 23 0 -0.529808 -0.712500 0.460052
-1.199273 0.803975 -6.467914 78 122 69 0 -0.055469 -0.618690 0.783674
-0.815916 0.805988 -6.581613 91 136 78 0 -0.118461 -0.215268 0.969343
-0.712278 0.561484 -6.768763 110 139 95 0 0.594710 0.198237 0.779116
-0.739445 0.637954 -6.738578 108 148 89 0 0.682071 -0.038287 0.730283
-0.995017 0.398482 -6.712417 122 130 96 0 0.421107 -0.324765 0.846875
-1.336114 0.824099 -6.453827 81 124 72 0 0.118463 -0.469569 0.874912
-1.036270 0.831142 -6.502124 91 129 79 0 0.126225 -0.095554 0.987389
-1.363281 0.853278 -6.434710 91 127 76 0 0.196421 -0.323600 0.925582
-1.104691 0.988107 -6.408548 82 126 74 0 0.038268 -0.673238 0.738435
-0.949738 0.913649 -6.518223 89 127 67 0 0.794739 -0.064207 0.603545
-1.046332 0.494070 -6.653052 148 134 109 0 0.103636 -0.597003 0.795517
-1.031239 0.302894 -6.740590 40 57 42 0 0.087265 -0.293055 0.952105
-0.750513 0.592676 -6.741596 98 135 77 0 0.574126 -0.197499 0.794590
-1.128839 0.820074 -6.476969 90 131 84 0 0.151132 -0.588068 0.794566
-1.208328 0.588651 -6.582619 74 118 63 0 0.183015 -0.699762 0.690535
-1.322027 0.836173 -6.447790 80 124 71 0 0.134989 -0.577040 0.805483
-1.043314 0.522243 -6.640977 112 120 82 0 0.048664 -0.529746 0.846759
-0.827990 0.764734 -6.608779 94 137 88 0 0.103849 -0.293142 0.950412
-1.156006 0.662103 -6.546396 74 117 60 0 0.117166 -0.433373 0.893566
-0.952757 0.359241 -6.723485 86 124 77 0 0.086593 -0.339711 0.936535
-1.002060 0.548404 -6.642990 91 129 79 0 0.094530 -0.472650 0.876166
-0.860188 0.543373 -6.684244 96 137 86 0 0.450958 -0.307400 0.837939
-0.756551 0.726499 -6.689275 96 136 80 0 0.404050 -0.900904 0.158479
-1.266687 0.695307 -6.521242 75 119 63 0 0.166164 -0.540408 0.824833
-1.346176 0.919687 -6.415592 49 59 42 0 -0.181280 0.048578 0.982231
-1.179149 1.003200 -6.403518 86 130 73 0 -0.364582 -0.269344 0.891366
-1.177136 0.605756 -6.568532 79 119 64 0 0.189696 -0.357998 0.914250
-1.315990 0.335092 -6.716442 82 128 70 0 0.118161 -0.396187 0.910535
-1.273730 1.113881 -6.376350 36 44 35 0 0.498821 0.237899 0.833415
-0.837045 0.523249 -6.701349 100 142 91 0 0.475500 -0.182201 0.860641
-0.901441 0.566515 -6.655064 84 124 70 0 0.609453 -0.253545 0.751187
-1.107710 0.571546 -6.596705 79 121 70 0 -0.149951 -0.541902 0.826957
-0.887355 0.756684 -6.595699 95 138 87 0 0.269174 -0.260629 0.927156
-1.095635 0.789889 -6.497093 91 134 86 0 0.126908 -0.529511 0.838757
-1.209334 0.896544 -6.432697 86 128 79 0 -0.031901 -0.023668 0.999211
-1.367306 0.539348 -6.641984 49 90 29 0 -0.324080 -0.911203 0.254323
-1.209334 0.401501 -6.689275 75 120 63 0 -0.095120 -0.498317 0.861761
-1.402522 0.773790 -6.492062 52 83 36 0 -0.546126 -0.244278 0.801296
-1.102679 0.698326 -6.542371 110 132 95 0 0.302152 -0.477494 0.825047
-0.844089 0.862334 -6.588656 61 81 49 0 -0.008939 0.371596 0.928352
-1.078530 0.406532 -6.691287 83 126 71 0 -0.159437 -0.151904 0.975451
-1.037277 0.686251 -6.562495 92 135 86 0 0.254596 -0.300624 0.919133
-1.322027 0.660091 -6.528285 81 124 70 0 0.713033 -0.396861 0.578001
-1.230464 0.754672 -6.494074 78 119 65 0 0.214346 -0.284394 0.934439
-1.076518 0.811018 -6.493068 94 135 89 0 0.308755 -0.299891 0.902627
-0.715297 0.635942 -6.771782 47 69 29 0 0.893362 0.347502 -0.284862
-1.320015 0.933773 -6.404524 93 129 78 0 0.252771 -0.393366 0.883951
-0.966843 0.384395 -6.731534 77 113 62 0 -0.411106 -0.908257 0.077851
-1.256625 0.818062 -6.459864 80 125 70 0 0.142829 -0.397377 0.906472
-1.352213 0.410556 -6.719460 62 108 44 0 -0.506950 0.006723 0.861949
-0.994011 0.441748 -6.695312 95 122 77 0 -0.038562 -0.410889 0.910870
-1.391454 0.806994 -6.460870 71 106 48 0 -0.040535 -0.372663 0.927081
-1.196254 0.907612 -6.432697 89 124 81 0 -0.056098 0.127080 0.990305
-1.379380 0.531299 -6.670157 45 84 21 0 -0.509211 -0.793348 0.333621
-1.164056 0.566515 -6.593687 77 119 65 0 0.101691 -0.508455 0.855063
-1.132864 0.879439 -6.450809 90 131 85 0 0.062799 -0.509370 0.858253
-1.129846 1.039423 -6.393456 59 84 40 0 0.055875 0.071214 0.995895
-1.164056 0.834161 -6.464895 99 126 86 0 0.490449 -0.206743 0.846591
-1.099660 0.754672 -6.516211 92 132 88 0 0.142165 -0.514433 0.845664
-0.986967 0.958928 -6.462883 66 98 31 0 -0.088477 0.874935 -0.476088
-1.167075 0.753666 -6.497093 77 119 64 0 -0.023481 -0.573212 0.819071
-1.152988 0.909625 -6.438734 90 132 83 0 0.119435 0.032370 0.992314
-0.980930 0.679208 -6.584631 89 133 79 0 0.318905 -0.189657 0.928617
-1.332089 0.603744 -6.569539 72 115 60 0 -0.134296 -0.553416 0.822007
-0.991998 0.772783 -6.548409 100 139 92 0 0.586239 -0.292321 0.755561
-1.198266 0.505138 -6.630916 84 117 67 0 -0.046811 -0.292252 0.955195
-0.949738 0.794919 -6.561489 97 139 85 0 0.467687 -0.109459 0.877091
-1.198266 0.469921 -6.648021 70 113 55 0 -0.182946 -0.674900 0.714871
-1.060419 0.566515 -6.615823 98 124 80 0 0.334327 -0.405858 0.850591
-1.364287 0.870383 -6.430685 78 104 66 0 -0.493082 -0.247309 0.834092
-0.980930 0.579596 -6.628903 97 129 83 0 0.173507 -0.348424 0.921138
-0.858175 0.425649 -6.715435 86 127 76 0 0.126466 -0.246413 0.960878
-0.805854 0.681220 -6.662107 102 139 91 0 0.428616 -0.101918 0.897720
-1.307941 0.582614 -6.585638 69 113 57 0 0.173650 -0.563229 0.807848
-1.408559 0.797938 -6.474957 38 48 32 0 -0.062368 -0.874539 0.480927
-1.419627 0.660091 -6.530297 83 116 71 0 0.277895 -0.182069 0.943200
-1.101672 1.014268 -6.405530 63 92 34 0 0.294524 0.953023 0.070737
-1.004072 0.721468 -6.561489 99 140 90 0 0.373319 -0.166077 0.912716
-1.152988 0.716437 -6.516211 83 122 71 0 -0.071183 -0.134198 0.988395
-0.819940 0.699332 -6.646008 99 140 89 0 0.531715 -0.299982 0.792017
-1.341145 0.492057 -6.690281 53 96 29 0 -0.323550 -0.561786 0.761388
-1.193235 0.450804 -6.671163 64 108 33 0 0.839567 0.174475 0.514477
-0.878299 0.635942 -6.639971 87 129 72 0 0.650408 -0.443080 0.616968
-0.753532 0.720462 -6.716442 89 125 64 0 -0.952238 0.054961 0.300370
-1.292848 0.910631 -6.418611 89 132 80 0 -0.016494 -0.117655 0.992918
-0.779693 0.675183 -6.689275 96 135 76 0 0.625788 -0.142566 0.766853
-0.735421 0.547398 -6.752664 106 147 92 0 0.539630 0.325059 0.776619
-1.375355 0.735555 -6.500112 71 113 57 0 -0.251493 -0.788844 0.560782
-1.399504 0.492057 -6.734553 30 52 19 0 -0.048396 -0.510228 0.858676
-1.173112 0.626886 -6.563501 81 117 66 0 0.001186 -0.245605 0.969369
-1.046332 0.412569 -6.683238 81 122 72 0 0.023855 -0.666523 0.745103
-1.403528 0.608775 -6.559476 93 134 88 0 0.316024 -0.473250 0.822291
-0.971874 0.614812 -6.615823 98 135 86 0 0.492601 -0.453061 0.743021
-1.224427 0.475958 -6.648021 68 112 52 0 -0.094975 -0.761264 0.641449
-1.159025 0.370309 -6.701349 90 124 76 0 0.056850 -0.500554 0.863837
-1.272724 0.593682 -6.573563 75 120 62 0 -0.046964 -0.653232 0.755700
-1.275743 0.806994 -6.463889 77 123 65 0 0.245416 -0.507811 0.825772
-1.060419 0.294845 -6.739584 55 86 57 0 0.214898 -0.317365 0.923633
-1.169087 0.895538 -6.441753 90 131 82 0 0.001044 -0.072063 0.997400
-0.928608 0.500107 -6.681225 96 132 82 0 0.095777 -0.521768 0.847694
-1.173112 0.815043 -6.465901 89 124 80 0 0.270061 -0.365552 0.890752
-1.020171 0.400494 -6.735559 64 100 44 0 -0.063837 0.254097 -0.965070
-1.248576 0.735555 -6.502124 78 121 65 0 0.119116 -0.577934 0.807343
-0.716303 0.643992 -6.758701 52 68 43 0 0.577040 -0.134989 0.805483
-1.175124 0.302894 -6.719460 92 135 87 0 0.151179 -0.268912 0.951226
-1.369318 0.662103 -6.528285 82 125 74 0 -0.125945 -0.204819 0.970663
-0.921565 0.893526 -6.579600 115 151 103 0 0.572127 0.173601 0.801582
-0.775668 0.468915 -6.732541 104 146 97 0 0.427199 -0.030609 0.903639
-1.011116 0.596701 -6.612804 88 129 77 0 0.245436 -0.332572 0.910581
-1.040295 0.946854 -6.439740 92 136 87 0 -0.104063 -0.622911 0.775341
-1.192229 0.775802 -6.484013 75 119 64 0 -0.071849 -0.522664 0.849506
-1.236501 0.503125 -6.628903 79 115 62 0 0.196929 -0.221043 0.955175
-1.193235 0.886482 -6.442759 86 121 75 0 -0.356065 0.507514 0.784632
-1.327058 0.771777 -6.472945 74 117 61 0 0.325615 -0.842860 0.428441
-1.159025 0.602738 -6.575575 78 119 67 0 0.072734 -0.437776 0.896137
-1.340139 0.580602 -6.587650 74 116 63 0 -0.015204 -0.595721 0.803048
-1.038283 0.389426 -6.701349 76 116 68 0 0.086276 -0.403989 0.910686
-0.876287 0.500107 -6.694305 88 131 77 0 0.427471 -0.315551 0.847170
-0.931627 0.561484 -6.651040 89 132 79 0 0.402770 -0.380657 0.832392
-1.355231 0.372321 -6.719460 69 117 53 0 -0.323674 0.031733 0.945636
-1.219396 0.698326 -6.522248 79 124 69 0 0.523487 -0.181495 0.832479
-1.299891 0.748635 -6.491056 74 115 62 0 0.001333 -0.497143 0.867668
-1.251594 0.272709 -6.727510 72 108 58 0 -0.220734 -0.102168 0.969968
-1.077524 0.685245 -6.552433 88 127 81 0 -0.024523 -0.365263 0.930581
-1.269706 0.971002 -6.403518 95 138 88 0 -0.046542 -0.063860 0.996873
-1.172105 0.473946 -6.657076 61 102 31 0 0.592186 -0.468045 0.655934
-0.867231 0.610787 -6.656070 92 134 79 0 0.528287 -0.182116 0.829305
-0.770637 0.804981 -6.601737 72 102 39 0 0.402863 0.554142 -0.728442
-1.289829 0.858309 -6.437728 83 128 71 0 0.022768 -0.459377 0.887950
-0.892386 0.584627 -6.657076 87 131 77 0 0.380707 -0.461025 0.801573
-0.914522 0.697319 -6.604755 95 133 84 0 0.181390 -0.143336 0.972909
-1.409565 0.620849 -6.551427 100 140 96 0 0.348000 -0.436180 0.829845
-0.972881 0.895538 -6.541365 99 141 91 0 0.992576 -0.032379 0.117233
-1.075512 0.419612 -6.683238 82 125 72 0 0.175905 -0.683736 0.708210
-0.908485 0.423637 -6.713423 86 123 71 0 -0.070669 -0.229365 0.970772
-0.971874 0.956916 -6.461876 73 92 56 0 0.571215 -0.150634 0.806860
-0.952757 0.421624 -6.735559 98 118 69 0 0.054785 -0.095036 -0.993965
-0.902448 0.888495 -6.604755 40 46 40 0 0.070962 0.696582 -0.713960
-0.743470 0.533311 -6.746627 109 150 96 0 0.316961 0.008701 0.948398
-1.245557 0.791901 -6.475963 78 122 66 0 0.157038 -0.482854 0.861505
-1.415603 0.402507 -6.735559 27 40 20 0 0.229440 -0.537412 0.811508
-0.789755 0.703357 -6.668145 94 136 81 0 0.498281 -0.679474 0.538546
-1.078530 0.712412 -6.540359 93 130 87 0 0.270364 -0.523538 0.807967
-0.966843 0.595695 -6.627897 99 131 85 0 0.372064 -0.207024 0.904826
-0.806860 0.508156 -6.719460 101 135 87 0 0.315742 -0.055416 0.947226
-1.302910 0.487026 -6.667139 46 86 29 0 -0.612659 0.435706 0.659401
-1.046332 0.778821 -6.519229 94 134 86 0 0.302264 -0.435570 0.847889
-1.205310 0.832148 -6.456846 83 125 72 0 -0.048751 -0.271256 0.961272
-0.989986 0.733542 -6.562495 96 137 88 0 0.307911 -0.553602 0.773767
-0.853144 0.477971 -6.708392 90 130 78 0 0.269875 -0.190420 0.943879
-0.850126 0.521237 -6.694305 95 138 84 0 0.276908 -0.070184 0.958330
-0.922571 0.880445 -6.587650 116 154 103 0 -0.381354 0.435605 0.815363
-1.369318 0.774796 -6.476969 70 114 52 0 -0.102941 -0.461120 0.881346
-0.909491 0.344148 -6.743608 40 54 33 0 0.759974 -0.610777 0.222242
-0.938670 0.872396 -6.542371 102 142 85 0 0.792016 -0.040797 0.609135
-1.320015 0.472940 -6.682231 56 101 33 0 -0.370894 -0.062480 0.926571
-0.973887 0.650029 -6.599724 92 132 81 0 0.158578 -0.523159 0.837351
-0.811891 0.803975 -6.608779 66 102 31 0 0.593969 -0.064097 -0.801930
-0.821953 0.540354 -6.704367 97 140 86 0 0.261809 -0.198756 0.944432
-1.109722 0.461872 -6.648021 80 121 65 0 0.204936 -0.165776 0.964634
-1.017153 0.520231 -6.650033 89 128 79 0 0.303120 -0.525302 0.795095
-1.370324 0.555447 -6.616829 52 95 33 0 -0.379794 -0.751437 0.539535
-1.438745 0.568528 -6.618842 27 37 21 0 0.571421 -0.760294 0.308919
-1.265681 0.676189 -6.532310 76 119 65 0 0.149562 -0.190467 0.970234
-1.119784 0.430680 -6.674182 78 121 61 0 -0.252784 -0.467267 0.847208
-0.714291 0.586639 -6.789893 64 97 43 0 0.774768 -0.435501 -0.458337
-1.032246 0.974021 -6.429678 86 119 74 0 0.452367 0.332576 0.827501
-0.793779 0.408544 -6.727510 31 41 31 0 0.086055 0.268439 0.959445
-1.023190 0.768759 -6.535328 91 132 80 0 0.308242 -0.347336 0.885632
-1.069474 0.543373 -6.623872 116 112 82 0 0.544606 -0.403107 0.735465
-0.993004 0.400494 -6.731534 97 118 73 0 0.474372 0.047847 -0.879023
-1.271718 0.662103 -6.536334 80 119 66 0 0.237908 -0.268878 0.933330
-1.037277 0.626886 -6.590668 91 132 80 0 0.110959 -0.702740 0.702740
-1.228452 0.810012 -6.462883 73 119 58 0 0.096039 -0.435656 0.894975
-0.924584 0.394457 -6.719460 80 120 67 0 0.181390 -0.143336 0.972909
-0.893392 0.790895 -6.587650 94 139 87 0 0.482668 -0.379355 0.789380
-0.991998 0.320000 -6.742602 95 53 57 0 0.949081 -0.308613 -0.063272
-1.272724 0.706375 -6.512186 76 121 64 0 0.207511 -0.452344 0.867366
-0.799817 0.773790 -6.594693 91 137 82 0 0.079811 -0.642840 0.761831
-0.851132 0.695307 -6.626891 97 139 87 0 0.151960 -0.452985 0.878472
-1.116765 0.813031 -6.482000 90 133 86 0 0.017103 -0.427571 0.903820
-0.982942 0.501113 -6.669151 86 128 73 0 0.427566 -0.205646 0.880283
-1.409565 0.584627 -6.584631 70 113 58 0 0.056243 -0.882055 0.467777
-1.151982 0.697319 -6.526272 78 120 67 0 -0.032965 -0.404816 0.913804
-0.822959 0.514194 -6.711411 95 136 81 0 0.332851 -0.031882 0.942440
-1.423652 0.594688 -6.559476 92 128 80 0 0.301153 -0.549724 0.779173
-1.150976 0.954903 -6.423641 88 129 77 0 0.133973 0.007750 0.990955
-1.253607 1.048478 -6.389431 87 129 80 0 -0.181538 -0.268894 0.945907
-1.021178 0.329055 -6.727510 68 107 62 0 -0.038715 -0.420521 0.906456
-1.357244 0.684239 -6.521242 81 126 68 0 -0.204624 -0.458536 0.864797
-1.021178 0.561484 -6.628903 94 125 80 0 0.197983 -0.600087 0.775048
-0.801829 0.630911 -6.688268 98 136 83 0 0.672462 -0.420081 0.609366
-0.777680 0.746623 -6.648021 92 136 78 0 -0.008324 -0.971560 0.236647
-1.384411 0.545385 -6.646008 45 85 26 0 -0.563106 -0.785839 0.255672
-1.062431 0.470928 -6.654058 87 116 68 0 0.151179 -0.268912 0.951226
-1.123808 0.547398 -6.600730 75 117 64 0 0.229284 0.229284 0.945969
-0.941689 0.423637 -6.709398 84 127 71 0 0.103164 -0.158993 0.981875
-0.855157 0.815043 -6.585638 94 139 84 0 -0.007200 -0.048346 0.998805
-0.977912 0.525262 -6.656070 84 126 71 0 0.228259 -0.419220 0.878722
-0.896410 0.817056 -6.580606 94 137 88 0 0.356656 0.317196 0.878740
-1.254613 1.076652 -6.388425 34 44 27 0 0.158448 0.976887 0.143476
-0.715297 0.614812 -6.787881 24 31 24 0 0.966693 -0.237545 0.095272
-1.219396 0.447785 -6.671163 71 117 54 0 0.103489 -0.286886 0.952358
-1.062431 0.517212 -6.634941 127 121 92 0 0.450944 -0.325245 0.831183
-0.978918 0.766746 -6.556458 100 140 93 0 0.236426 -0.530026 0.814355
-0.886349 0.440742 -6.708392 92 130 80 0 0.070466 -0.079414 0.994348
-1.224427 0.797938 -6.471938 77 121 68 0 0.063357 -0.533609 0.843355
-1.301903 1.010243 -6.386413 62 80 56 0 0.024235 -0.174261 0.984401
-1.266687 0.470928 -6.657076 61 105 43 0 -0.284397 -0.570383 0.770573
-1.271718 0.574565 -6.592680 77 121 63 0 0.183012 -0.489521 0.852570
-0.742464 0.730524 -6.688268 83 105 58 0 0.807848 -0.563229 0.173650
-1.171099 0.718449 -6.515204 83 121 73 0 -0.096436 -0.261021 0.960504
-0.986967 0.898557 -6.512186 101 142 96 0 0.832674 0.001354 0.553762
-0.906472 0.739579 -6.596705 96 138 88 0 0.143277 0.023691 0.989399
-1.211347 0.721468 -6.513192 82 124 71 0 0.214047 -0.499443 0.839489
-1.278761 0.483002 -6.649027 58 99 39 0 -0.286311 -0.641401 0.711780
-1.376361 0.594688 -6.575575 75 117 66 0 0.149455 -0.537150 0.830141
-1.232477 0.705369 -6.515204 75 119 66 0 0.159365 -0.417795 0.894455
-0.828996 0.859315 -6.585638 39 47 33 0 -0.031556 0.309246 0.950458
-1.020171 0.432692 -6.691287 160 141 122 0 0.515913 -0.126435 0.847259
-0.836039 0.745616 -6.609786 99 141 92 0 0.094924 -0.150197 0.984089
-0.768625 0.581608 -6.730528 103 145 87 0 0.694573 -0.149810 0.703652
-1.242539 0.676189 -6.533316 74 118 63 0 0.070177 -0.449960 0.890287
-1.277755 0.892520 -6.426660 88 131 78 0 0.135968 -0.165906 0.976723
-0.886349 0.709394 -6.611798 94 135 86 0 0.467989 -0.461421 0.753709
-1.325046 0.816049 -6.458858 78 121 68 0 0.030724 -0.436821 0.899023
-1.006085 0.408544 -6.735559 64 97 36 0 0.204391 0.507192 -0.837246
-1.373343 0.378358 -6.727510 67 113 49 0 -0.366166 0.128504 0.921634
-1.398497 0.379365 -6.733547 59 92 39 0 0.134410 0.319055 0.938157
-1.117771 0.691282 -6.535328 111 120 84 0 0.499367 -0.315473 0.806913
-1.010110 0.386408 -6.710404 128 110 87 0 0.490818 -0.062569 0.869012
-0.768625 0.453822 -6.735559 106 144 98 0 0.372084 -0.048647 0.926923
-1.054382 0.860322 -6.478981 90 133 80 0 0.355365 -0.134126 0.925055
-0.846101 0.462878 -6.713423 95 132 84 0 0.174001 -0.109830 0.978602
-0.801829 0.831142 -6.584631 53 62 44 0 0.166013 0.268591 0.948841
-1.257631 0.557460 -6.601737 72 116 59 0 0.079435 -0.378327 0.922257
-1.431702 0.641979 -6.522248 31 37 30 0 0.561483 -0.087597 0.822839
-1.208328 1.025336 -6.397480 83 126 72 0 -0.071444 -0.141716 0.987326
-0.890373 0.864346 -6.602743 22 32 16 0 0.183224 0.014981 -0.982957
-1.327058 0.425649 -6.704367 54 98 35 0 -0.254050 -0.626446 0.736902
-0.979924 0.925724 -6.475963 98 140 91 0 0.350250 -0.848384 0.396950
-1.098654 0.727505 -6.528285 87 121 74 0 0.031247 -0.291218 0.956146
-1.414596 0.631917 -6.538347 100 136 90 0 0.602501 -0.357582 0.713531
-1.136889 0.292833 -6.730528 94 135 94 0 0.213191 -0.181411 0.960021
-1.163050 0.344148 -6.710404 90 132 85 0 -0.134356 -0.278023 0.951132
-1.018159 0.744610 -6.549415 97 134 87 0 0.223518 -0.341766 0.912818
-1.046332 0.899563 -6.463889 94 137 88 0 0.220836 -0.285540 0.932576
-1.217384 1.005212 -6.398487 78 121 71 0 0.301078 -0.166349 0.938978
-1.056394 0.384395 -6.703361 88 124 74 0 0.071979 -0.529258 0.845402
-1.128839 0.911637 -6.442759 89 132 82 0 0.220734 0.102168 0.969968
-1.057400 0.987101 -6.417604 84 115 70 0 0.760313 0.006925 0.649520
-0.972881 0.873402 -6.527278 98 138 88 0 0.964990 -0.189342 0.181507
-1.168081 0.277740 -6.724491 98 135 94 0 0.253260 -0.087814 0.963405
-0.986967 0.341129 -6.725497 113 112 85 0 0.316686 -0.198456 0.927537
-1.094629 0.348173 -6.721473 84 126 77 0 0.023648 -0.610682 0.791522
-1.346176 0.859315 -6.432697 86 130 78 0 -0.023622 -0.292169 0.956075
-0.939676 0.917674 -6.531303 98 131 78 0 0.837351 -0.158578 0.523159
-1.295866 0.364272 -6.714429 79 126 67 0 0.394858 -0.332920 0.856301
-1.084567 0.901575 -6.452821 88 131 80 0 0.404050 -0.158479 0.900904
-0.871256 0.431686 -6.714429 92 133 82 0 0.181161 -0.031557 0.982947
-1.316996 0.525262 -6.621860 58 101 32 0 -0.847215 -0.158206 0.507146
-0.918547 0.717443 -6.597712 94 132 86 0 0.461433 -0.165530 0.871596
-0.807866 0.488033 -6.719460 101 140 92 0 0.291232 -0.054685 0.955088
-1.023190 0.452816 -6.684244 137 134 104 0 0.527732 -0.314088 0.789207
-0.947726 0.780833 -6.564507 103 145 97 0 0.576215 -0.204364 0.791335
-1.378374 0.608775 -6.566520 82 123 73 0 0.189510 -0.487952 0.852050
-1.292848 0.725493 -6.505143 70 114 59 0 0.158479 -0.404050 0.900904
-0.952757 0.449798 -6.698330 88 131 76 0 0.134836 -0.284356 0.949190
-1.111734 0.791901 -6.494074 89 131 84 0 0.126908 -0.529511 0.838757
-1.327058 0.406532 -6.712417 64 107 48 0 -0.166788 -0.310144 0.935945
-0.959800 0.745616 -6.572557 99 140 88 0 0.341373 -0.072492 0.937128
-1.089598 0.866359 -6.466907 87 132 81 0 0.317874 -0.143248 0.937249
-1.006085 0.346160 -6.719460 87 109 71 0 0.506482 -0.421249 0.752347
-1.101672 0.551422 -6.609786 78 119 68 0 0.166180 -0.724177 0.669292
-1.144938 0.367290 -6.702355 89 121 73 0 0.001333 -0.497143 0.867668
-1.385417 0.531299 -6.683238 41 80 19 0 -0.688630 -0.662947 0.293751
-1.246563 0.952891 -6.411567 91 133 83 0 -0.008937 0.008937 0.999920
-0.935652 0.911637 -6.550421 108 141 90 0 0.949438 0.237699 -0.205100
-0.956782 0.630911 -6.612804 95 129 82 0 0.277169 -0.373054 0.885442
-1.174118 0.665121 -6.545390 79 123 67 0 0.276805 -0.426678 0.861002
-1.302910 0.274721 -6.742602 53 78 46 0 0.141421 -0.379457 0.914337
-1.185186 0.741592 -6.505143 77 119 67 0 0.126141 -0.435117 0.891494
-0.777680 0.483002 -6.730528 100 142 92 0 0.451424 -0.158216 0.878171
-1.086580 0.321006 -6.730528 88 129 81 0 0.165402 -0.262223 0.950727
-1.266687 0.727505 -6.501118 75 119 65 0 0.149651 -0.365037 0.918887
-1.022184 0.833155 -6.504136 97 139 89 0 -0.126894 -0.339747 0.931917
-0.781705 0.431686 -6.739584 35 43 31 0 0.781002 0.001373 0.624527
-1.421640 0.373327 -6.725497 50 78 30 0 0.888905 -0.181855 -0.420448
-1.033252 0.535323 -6.635947 91 117 71 0 0.301483 -0.428260 0.851881
-1.114753 0.840198 -6.473951 92 134 83 0 0.127210 0.156851 0.979395
-0.736427 0.615818 -6.747633 108 148 90 0 0.608179 -0.181387 0.772798
-0.763594 0.739579 -6.641984 93 137 80 0 0.056244 -0.963639 0.261220
-1.091611 0.999175 -6.397480 79 114 57 0 0.617611 0.064484 0.783836
-0.839058 0.841204 -6.596705 69 107 40 0 0.971535 -0.228379 0.062958
-0.820946 0.404519 -6.734553 30 35 28 0 0.631399 -0.126280 0.765107
-0.943701 0.326037 -6.731534 29 45 35 0 0.538261 0.347526 0.767790
-1.123808 0.955909 -6.425654 85 129 76 0 0.339747 -0.126894 0.931917
-1.354225 0.626886 -6.549415 78 121 67 0 -0.031683 -0.530352 0.847185
-1.149969 0.988107 -6.409555 84 128 72 0 -0.080074 -0.688639 0.720669
-0.914522 0.524255 -6.674182 98 128 82 0 -0.348188 -0.118794 0.929867
-1.132864 1.016280 -6.389431 85 126 71 0 0.190022 -0.190022 0.963215
-1.335108 0.630911 -6.546396 77 119 67 0 0.253790 -0.600583 0.758216
-1.198266 0.932767 -6.427666 88 123 80 0 -0.008590 -0.293299 0.955982
-1.161037 0.686251 -6.530297 81 125 72 0 0.254430 -0.452490 0.854703
-1.335108 0.534317 -6.633934 49 91 29 0 -0.205851 -0.738278 0.642317
-0.798810 0.534317 -6.721473 99 138 87 0 0.496066 -0.227427 0.837971
-0.915528 0.641979 -6.620854 91 135 81 0 0.481358 0.001326 0.876523
-1.213359 0.344148 -6.707386 79 122 67 0 -0.008900 -0.362371 0.931992
-1.321021 0.309938 -6.728516 89 129 75 0 0.253725 -0.341722 0.904903
-1.251594 0.887489 -6.429678 87 129 81 0 0.118794 -0.348188 0.929867
-1.241532 0.378358 -6.704367 80 120 66 0 -0.118916 -0.221209 0.967949
-1.135883 0.978045 -6.419617 84 127 75 0 0.064275 -0.609899 0.789869
-0.851132 0.497088 -6.704367 93 136 83 0 0.326981 -0.382246 0.864275
-0.795792 0.689270 -6.668145 98 137 84 0 0.664593 -0.365936 0.651465
-1.362275 0.454829 -6.724491 48 92 28 0 -0.704844 -0.079931 0.704844
-1.351207 0.321006 -6.716442 100 141 91 0 0.309367 0.023797 0.950645
-1.314984 0.868371 -6.432697 82 127 71 0 -0.117950 0.087587 0.989149
-1.109722 0.436717 -6.666132 80 123 67 0 0.262904 -0.508695 0.819824
-1.333095 0.900569 -6.423641 85 126 70 0 0.332624 0.001246 0.943059
-1.360262 0.547398 -6.622866 50 93 33 0 -0.357543 -0.793649 0.492223
-0.957788 0.389426 -6.720466 84 121 73 0 -0.182201 0.024371 0.982959
-1.024196 0.683233 -6.570545 95 137 86 0 -0.243848 -0.269220 0.931697
-1.295866 0.544379 -6.607773 74 113 58 0 0.072087 -0.261791 0.962429
-1.107710 0.923711 -6.440746 83 127 74 0 0.149035 -0.182153 0.971910
-0.771643 0.734548 -6.626891 94 138 85 0 -0.698051 -0.666250 0.262366
-0.754538 0.445773 -6.737572 51 70 51 0 -0.079070 0.593742 0.800761
-1.299891 0.398482 -6.704367 72 115 55 0 -0.086262 -0.221281 0.971387
-0.916534 0.795926 -6.579600 102 140 94 0 0.403449 -0.302203 0.863656
-0.954769 0.723480 -6.579600 100 143 94 0 0.497771 -0.220724 0.838752
-1.142926 0.551422 -6.607773 74 116 62 0 -0.006596 -0.449840 0.893085
-1.053375 0.310944 -6.734553 83 125 79 0 -0.038291 -0.260624 0.964681
-0.941689 0.930755 -6.514198 83 112 57 0 0.915325 -0.300273 0.268360
-1.385417 0.722474 -6.517217 71 116 61 0 0.801126 -0.374073 0.467190
-1.369318 0.753666 -6.493068 64 108 48 0 0.262166 -0.783358 0.563578
-0.995017 0.878433 -6.506149 99 140 94 0 0.553248 -0.063673 0.830580
-1.146951 0.738573 -6.507155 91 123 79 0 0.309082 -0.475390 0.823695
-0.709260 0.520231 -6.767757 61 73 44 0 0.726264 -0.687381 -0.006943
-1.388435 0.704363 -6.519229 73 117 60 0 -0.421530 -0.269353 0.865887
-1.308947 0.845229 -6.443765 82 127 70 0 0.192112 -0.634737 0.748467
-0.893392 0.540354 -6.672169 102 135 86 0 0.608965 -0.394424 0.688180
-0.926596 0.906606 -6.577588 117 144 102 0 0.743247 0.189274 0.641685
-1.220402 0.278746 -6.720466 80 124 71 0 -0.199321 -0.150455 0.968315
-1.304922 0.934779 -6.410561 92 134 82 0 -0.111351 -0.530727 0.840197
-0.922571 0.768759 -6.582619 102 139 94 0 0.512977 -0.086680 0.854015
-1.139907 0.763728 -6.501118 97 123 84 0 0.413475 -0.429563 0.802816
-1.194242 0.979052 -6.409555 80 124 73 0 0.285940 -0.246108 0.926104
-1.206316 0.533311 -6.614817 72 116 61 0 -0.103651 -0.481338 0.870385
-1.189211 0.366284 -6.703361 89 123 75 0 -0.015530 -0.237725 0.971208
-1.066456 0.373327 -6.710404 90 118 74 0 -0.054644 -0.214935 0.975099
-1.121796 0.570540 -6.597712 74 117 64 0 -0.023595 -0.587100 0.809171
-0.996023 0.671159 -6.583625 90 132 81 0 0.014880 -0.507260 0.861665
-1.430695 0.705369 -6.522248 27 34 25 0 0.396977 -0.183331 0.899333
-1.188204 0.401501 -6.686256 79 123 70 0 0.070208 -0.594615 0.800939
-1.014134 0.547398 -6.634941 92 125 77 0 0.350250 -0.396950 0.848384
-1.106703 0.321006 -6.727510 92 135 89 0 0.157367 -0.236712 0.958751
-1.168081 0.458853 -6.664120 73 116 51 0 -0.014836 -0.497681 0.867233
-1.252600 0.467909 -6.672169 60 96 39 0 -0.016835 0.389796 -0.920747
-1.290836 0.531299 -6.615823 66 107 50 0 -0.022896 -0.475421 0.879461
-0.793779 0.816049 -6.582619 78 107 61 0 0.481479 0.451900 0.750976
-1.424658 0.676189 -6.526272 67 92 55 0 0.453006 -0.078964 0.888003
-1.110728 0.384395 -6.699337 86 125 75 0 0.006925 -0.649520 0.760313
-1.351207 0.393451 -6.720466 66 112 49 0 -0.444195 0.230379 0.865804
-1.016147 0.799950 -6.521242 97 139 92 0 0.181324 -0.592732 0.784723
-0.741458 0.559472 -6.748640 110 149 95 0 0.512973 0.095736 0.853050
-1.237508 0.575571 -6.588656 67 110 51 0 0.223719 -0.491573 0.841609
-0.987973 0.360247 -6.721473 129 121 96 0 0.309154 0.119111 0.943523
-1.009103 0.833155 -6.510173 94 136 85 0 0.395494 -0.405024 0.824342
-1.364287 0.349179 -6.718454 81 126 65 0 -0.134356 0.278023 0.951132
-1.280774 0.344148 -6.716442 79 125 68 0 -0.290426 -0.253229 0.922783
-1.210341 0.424643 -6.678206 75 118 60 0 -0.071754 -0.103644 0.992023
-1.177136 0.509163 -6.631922 77 117 61 0 0.109459 -0.467687 0.877091
-1.326052 0.577583 -6.589662 72 114 61 0 -0.136487 -0.691433 0.709431
-1.384411 0.425649 -6.734553 56 100 34 0 -0.596490 0.023637 0.802272
-1.384411 0.403513 -6.734553 61 105 38 0 -0.443367 0.022634 0.896054
-1.123808 0.727505 -6.522248 108 126 88 0 0.316616 -0.406196 0.857181
-0.773656 0.790895 -6.588656 76 105 59 0 0.465682 -0.006634 0.884928
-1.213359 0.572552 -6.591674 71 115 57 0 -0.016994 -0.411772 0.911128
-0.857169 0.799950 -6.587650 97 142 89 0 0.022971 0.000999 0.999736
-1.014134 0.617831 -6.599724 87 129 75 0 0.253271 -0.371760 0.893112
-0.815916 0.833155 -6.582619 68 93 52 0 0.300449 0.459235 0.835963
-0.728377 0.535323 -6.753671 111 153 99 0 0.468984 0.047856 0.881909
-0.977912 0.795926 -6.542371 104 142 94 0 0.291076 -0.561474 0.774611
-0.967850 0.863340 -6.540359 99 139 82 0 -0.800887 0.561999 0.206730
-0.860188 0.750647 -6.609786 100 141 96 0 -0.356285 -0.048288 0.933129
-0.926596 0.422631 -6.712417 92 131 78 0 0.134991 -0.427707 0.893781
-1.043314 0.802969 -6.506149 97 135 87 0 0.151242 -0.388705 0.908864
-0.995017 0.705369 -6.570545 94 137 83 0 0.141141 -0.370322 0.918118
-0.751520 0.744610 -6.633934 86 115 66 0 0.695895 -0.552377 0.458923
-1.300897 0.953897 -6.400499 96 136 88 0 0.229022 -0.188843 0.954928
-1.356238 0.829130 -6.449802 87 130 77 0 0.006723 -0.506950 0.861949
-1.119784 0.676189 -6.538347 100 123 82 0 0.667208 -0.117393 0.735563
-1.001054 0.903588 -6.486025 97 139 95 0 0.594357 -0.427871 0.680930
-1.210341 0.780833 -6.483006 77 122 66 0 0.087720 -0.371122 0.924432
-1.358250 0.654053 -6.531303 82 124 73 0 0.362010 -0.174617 0.915673
-0.967850 0.409550 -6.710404 78 119 66 0 0.158000 -0.588363 0.793010
-1.277755 1.024330 -6.392449 97 137 88 0 0.270992 -0.276727 0.921946
-1.063437 0.817056 -6.495080 94 135 88 0 0.244717 -0.350223 0.904133
-1.302910 0.878433 -6.428672 82 126 72 0 -0.046677 -0.404087 0.913529
-1.349194 0.845229 -6.437728 89 132 81 0 0.465237 -0.362917 0.807370
-0.910497 0.849254 -6.578594 108 148 102 0 0.245605 0.001186 0.969369
-1.391454 0.784858 -6.478981 63 103 42 0 -0.426889 -0.420446 0.800619
-0.833021 0.787876 -6.592680 95 140 87 0 -0.046157 -0.378486 0.924455
-1.034258 0.788882 -6.518223 96 137 90 0 0.315275 -0.395247 0.862776
-0.704229 0.572552 -6.776813 49 60 43 0 0.388209 0.189053 0.901972
-1.315990 0.965971 -6.392449 83 110 72 0 0.284989 -0.299604 0.910504
-1.078530 0.577583 -6.602743 129 124 96 0 0.538598 -0.314848 0.781526
-0.741458 0.748635 -6.660095 70 92 47 0 0.965262 0.149401 0.214358
-1.230464 0.975027 -6.416598 88 129 76 0 0.973373 0.085776 -0.212576
-1.078530 0.964965 -6.428672 87 131 79 0 -0.214288 -0.460046 0.861649
-0.753532 0.734548 -6.661101 90 130 74 0 0.039560 -0.945619 0.322863
-1.202291 0.819068 -6.460870 80 125 69 0 -0.238299 -0.230035 0.943556
-0.717309 0.608775 -6.769770 78 100 59 0 0.584948 -0.419240 0.694315
-1.150976 1.001188 -6.396474 86 132 69 0 -0.814451 0.451056 0.364989
-0.877293 0.352198 -6.728516 21 32 25 0 -0.403140 0.190655 0.895058
-0.832014 0.615818 -6.683238 100 136 89 0 0.214828 -0.175289 0.960793
-0.913516 0.625880 -6.626891 87 132 73 0 0.245403 -0.467943 0.849004
-1.094629 0.360247 -6.714429 90 123 75 0 0.063481 -0.314813 0.947029
-0.785730 0.595695 -6.711411 96 134 79 0 0.631590 -0.159033 0.758817
-1.367306 0.512181 -6.690281 46 87 21 0 -0.642948 -0.468361 0.606016
-1.350200 0.285789 -6.727510 43 58 41 0 0.589007 0.184160 0.786865
-0.883330 0.604750 -6.650033 91 133 79 0 0.315996 -0.556602 0.768336
-1.428683 0.576577 -6.605761 50 79 33 0 0.451354 -0.759916 0.467767
-0.980930 0.911637 -6.516211 104 147 98 0 -0.539051 0.198918 0.818447
-1.237508 0.391439 -6.697324 72 116 59 0 -0.141804 -0.498507 0.855209
-0.939676 0.680214 -6.599724 101 137 91 0 0.388389 -0.341968 0.855694
-1.271718 0.740585 -6.494074 78 122 66 0 -0.055497 -0.426379 0.902841
-0.988980 0.834161 -6.521242 101 142 91 0 0.626342 -0.388365 0.675920
-1.222415 0.616825 -6.565514 77 116 64 0 -0.046084 -0.546028 0.836498
-1.266687 0.762722 -6.483006 77 117 64 0 0.078190 -0.340590 0.936955
-1.267693 1.067596 -6.386413 91 127 77 0 0.293682 -0.317295 0.901707
-0.890373 0.882458 -6.594693 91 121 81 0 0.409649 0.688277 0.598718
-1.188204 1.050491 -6.385406 87 118 68 0 0.031658 0.315309 0.948461
-1.234489 0.303901 -6.719460 82 129 71 0 -0.007646 -0.119056 0.992858
-0.828996 0.647010 -6.662107 104 143 95 0 0.372545 -0.220605 0.901412
-1.211347 0.304907 -6.716442 82 126 73 0 -0.064123 -0.095623 0.993350
-1.162044 0.491051 -6.640977 90 120 72 0 0.396735 -0.365373 0.842083
-0.737433 0.701344 -6.735559 59 74 42 0 0.632175 -0.547885 0.547885
-1.287817 0.656066 -6.538347 79 120 68 0 0.426779 -0.569592 0.702442
-1.177136 0.829130 -6.459864 96 127 85 0 0.261342 -0.301770 0.916862
-0.846101 0.848247 -6.583625 88 128 75 0 -0.245767 0.196885 0.949123
-0.868237 0.453822 -6.712417 92 131 81 0 0.094867 -0.190965 0.977002
-1.342151 0.769765 -6.477975 72 116 60 0 -0.117732 -0.536335 0.835753
-0.722340 0.583620 -6.767757 112 150 94 0 0.514433 0.142165 0.845664
-1.410572 0.556453 -6.665126 44 78 23 0 -0.442819 -0.721447 0.532378
-1.351207 0.534317 -6.639971 45 86 27 0 -0.317174 -0.751878 0.577996
-1.286811 0.983076 -6.393456 99 140 92 0 0.087053 -0.110267 0.990082
-1.194242 0.639967 -6.551427 79 121 70 0 0.293908 -0.498229 0.815712
-1.212353 0.677196 -6.532310 80 124 68 0 0.063010 -0.513885 0.855542
-1.033252 0.854284 -6.491056 96 134 91 0 0.157345 -0.180371 0.970932
-0.848113 0.574565 -6.683238 101 138 91 0 0.625935 -0.175140 0.759955
-1.021178 0.369303 -6.709398 83 108 67 0 0.047586 -0.228168 0.972458
-1.429689 0.624874 -6.532310 52 69 41 0 0.572964 -0.452692 0.683214
-0.759569 0.508156 -6.736565 108 148 98 0 0.387532 0.214970 0.896441
-1.241532 0.718449 -6.507155 78 122 69 0 -0.134823 -0.127535 0.982628
-0.934646 0.800957 -6.568532 99 140 90 0 0.506294 -0.077566 0.858866
-1.161037 0.304907 -6.721473 91 134 86 0 0.222695 -0.278718 0.934197
-1.198266 0.717443 -6.514198 81 124 71 0 -0.087968 -0.459388 0.883869
-1.174118 0.649022 -6.552433 77 121 67 0 0.143564 -0.474196 0.868635
-1.238514 0.413575 -6.685250 74 120 59 0 -0.165530 -0.461433 0.871596
-1.062431 1.007225 -6.415592 37 46 35 0 0.347918 -0.204742 0.914895
-0.889367 0.693295 -6.613811 95 137 85 0 0.473764 -0.331160 0.816015
-1.111734 0.476965 -6.645002 84 120 71 0 0.190041 -0.213962 0.958178
-1.362275 0.518218 -6.675188 44 87 20 0 -0.544453 -0.743922 0.387493
-1.138901 0.539348 -6.615823 79 122 69 0 -0.206860 -0.332403 0.920172
-0.997029 0.801963 -6.527278 96 138 86 0 0.592826 -0.151583 0.790936
-0.960806 0.887489 -6.537341 96 137 82 0 -0.498603 -0.372742 0.782597
-1.127833 0.503125 -6.639971 79 117 64 0 0.039381 -0.465777 0.884025
-1.384411 0.355216 -6.721473 66 101 49 0 -0.260800 0.252341 0.931830
-0.964831 0.850260 -6.523254 96 137 84 0 0.530123 -0.546953 0.647929
-0.744476 0.753666 -6.673176 66 96 45 0 0.971387 -0.086262 -0.221281
-1.125821 0.300882 -6.731534 97 137 93 0 0.172275 -0.299069 0.938552
-0.777680 0.726499 -6.656070 94 137 80 0 0.389995 -0.571006 0.722396
-1.081549 0.344148 -6.722479 84 127 77 0 0.094686 -0.231035 0.968327
-1.227446 0.352198 -6.707386 77 120 66 0 -0.094032 -0.016212 0.995437
-1.264675 0.993138 -6.400499 91 134 86 0 0.165195 -0.150063 0.974778
-1.379380 0.459859 -6.736565 50 92 27 0 -0.602303 -0.135332 0.786712
-1.178143 0.470928 -6.645002 75 115 58 0 -0.079478 -0.625710 0.775996
-1.415603 0.553435 -6.694305 30 39 32 0 0.974778 0.165195 -0.150063
-1.063437 0.714425 -6.542371 92 131 83 0 0.317143 -0.332174 0.888302
-1.033252 0.470928 -6.671163 136 126 96 0 0.540095 -0.261437 0.799967
-1.037277 0.816049 -6.505143 96 135 88 0 0.491148 -0.441869 0.750684
-0.879305 0.662103 -6.629910 94 136 87 0 0.442698 -0.055848 0.894930
-1.353219 0.440742 -6.716442 60 106 36 0 -0.600218 0.001367 0.799835
-0.984955 0.663109 -6.588656 91 133 83 0 0.238584 -0.421649 0.874809
-0.943701 0.369303 -6.721473 81 121 68 0 0.110465 0.062635 0.991904
-1.182167 0.377352 -6.699337 79 119 64 0 0.064220 -0.435876 0.897713
-1.095635 0.382383 -6.702355 85 124 74 0 0.040797 -0.609135 0.792016
-1.384411 0.650029 -6.534322 85 126 75 0 0.001323 -0.475046 0.879960
-1.084567 1.015274 -6.405530 40 52 34 0 0.443506 -0.009212 0.896224
-1.018159 0.958928 -6.455839 65 100 32 0 0.834985 -0.516036 -0.191069
-1.240526 0.558466 -6.600730 71 115 60 0 -0.117769 -0.284498 0.951415
-1.166068 0.952891 -6.423641 86 128 78 0 0.158648 -0.079920 0.984095
-0.945714 0.579596 -6.637959 89 132 81 0 0.434253 -0.402205 0.806012
-1.435726 0.578589 -6.582619 55 80 44 0 0.387998 -0.793706 0.468496
-1.136889 0.946854 -6.425654 86 129 79 0 0.110586 -0.261504 0.958847
-1.004072 0.313962 -6.740590 32 39 30 0 0.530098 -0.325106 0.783136
-1.295866 0.440742 -6.687262 56 102 35 0 -0.357000 -0.388179 0.849628
-1.427677 0.607769 -6.544384 80 103 69 0 0.595633 -0.397638 0.697930
-1.403528 0.662103 -6.532310 89 132 78 0 -0.047046 -0.301346 0.952354
-1.221409 0.739579 -6.501118 79 119 64 0 0.205869 -0.395677 0.895018
-0.834027 0.489039 -6.711411 96 136 85 0 0.325107 -0.047545 0.944481
-0.868237 0.368297 -6.730528 61 95 54 0 -0.119498 -0.055766 0.991267
-0.831008 0.801963 -6.584631 94 138 84 0 0.087495 -0.301663 0.949391
-1.336114 0.663109 -6.524260 79 123 69 0 -0.198456 -0.316686 0.927537
-1.256625 1.026342 -6.391443 91 134 82 0 -0.055927 -0.182060 0.981696
-0.768625 0.698326 -6.694305 96 132 74 0 0.632727 0.315554 0.707165
-1.000048 0.409550 -6.706380 135 135 102 0 0.262277 -0.357112 0.896483
-1.104691 0.811018 -6.488037 91 135 83 0 0.365411 -0.239205 0.899586
-0.776674 0.648016 -6.701349 94 133 72 0 0.593290 -0.404891 0.695752
-1.320015 0.436717 -6.693299 55 101 33 0 -0.286122 -0.548532 0.785650
-1.330077 0.522243 -6.645002 43 85 23 0 -0.253673 -0.804594 0.536915
-0.931627 0.574565 -6.646008 96 139 88 0 0.277171 -0.430304 0.859078
-0.791767 0.758697 -6.611798 90 135 79 0 -0.267904 -0.212380 0.939746
-0.878299 0.559472 -6.667139 96 132 82 0 0.014596 -0.449818 0.893001
-0.841070 0.767752 -6.610792 95 139 85 0 0.673829 0.055795 0.736777
-1.249582 0.803975 -6.466907 80 125 68 0 0.096039 -0.435656 0.894975
-1.203297 0.390433 -6.694305 78 120 66 0 -0.151001 -0.435747 0.887313
-1.242539 1.028355 -6.393456 85 127 78 0 -0.047812 -0.332101 0.942031
-1.092617 0.562490 -6.600730 85 119 72 0 0.120411 -0.515013 0.848683
-1.089598 0.640973 -6.573563 102 123 83 0 0.524731 -0.285214 0.802066
-1.293854 0.676189 -6.526272 78 118 67 0 0.330449 -0.306525 0.892662
-0.974893 0.737567 -6.566520 96 138 88 0 0.409059 -0.190700 0.892359
-1.286811 0.882458 -6.426660 86 129 75 0 -0.031157 -0.475485 0.879172
-1.349194 0.462878 -6.714429 45 89 27 0 -0.539238 -0.307000 0.784202
-0.939676 0.665121 -6.604755 100 134 90 0 0.324783 -0.189808 0.926547
-0.869243 0.836173 -6.587650 94 137 86 0 0.040247 -0.150638 0.987769
-0.790761 0.556453 -6.718454 101 141 88 0 0.584826 -0.291616 0.756927
-0.770637 0.684239 -6.695312 95 134 76 0 0.443367 0.022634 0.896054
-0.996023 0.742598 -6.554446 101 140 93 0 0.380296 -0.094052 0.920070
-0.924584 0.864346 -6.561489 110 152 100 0 0.715574 -0.149771 0.682292
-0.754538 0.707381 -6.685250 84 123 59 0 0.530098 -0.783136 0.325106
-0.989986 0.718449 -6.567526 96 139 87 0 0.315742 -0.055416 0.947226
-0.782711 0.771777 -6.594693 89 134 77 0 0.039152 -0.449569 0.892387
-0.798810 0.585633 -6.704367 105 146 93 0 0.592178 -0.125524 0.795970
-0.717309 0.485014 -6.760714 39 45 34 0 0.519343 -0.821394 0.235785
-1.289829 0.410556 -6.700343 62 107 44 0 -0.198104 -0.460256 0.865401
-1.032246 0.402507 -6.688268 78 111 65 0 0.682292 0.149771 0.715574
-0.953763 0.893526 -6.521242 80 118 58 0 0.881641 -0.411829 0.230446
-1.300897 0.570540 -6.592680 70 114 57 0 -0.006946 -0.704306 0.709863
-0.927602 0.659084 -6.611798 92 128 77 0 0.301144 -0.466539 0.831657
-0.882324 0.681220 -6.621860 93 137 83 0 0.301637 -0.142026 0.942785
-0.808872 0.770771 -6.606767 90 134 80 0 0.048288 -0.933129 0.356285
-1.080543 0.882458 -6.459864 84 128 76 0 0.079435 -0.378327 0.922257
-1.386423 0.551422 -6.627897 55 98 30 0 -0.031053 -0.465800 0.884345
-0.913516 0.507150 -6.672169 98 137 82 0 0.849891 -0.469796 0.238699
-0.706241 0.541361 -6.768763 83 104 68 0 0.612107 0.215400 0.760873
-1.325046 0.644998 -6.537341 77 119 68 0 0.253871 -0.404090 0.878784
-0.754538 0.742598 -6.616829 95 126 77 0 0.790494 -0.467183 0.396055
-1.055388 0.614812 -6.595699 89 130 79 0 0.293296 -0.451583 0.842645
-1.115759 0.905600 -6.447790 86 129 79 0 0.283906 -0.506639 0.814073
-1.212353 0.469921 -6.648021 72 116 58 0 -0.175680 -0.633977 0.753134
-0.888361 0.728511 -6.602743 96 139 89 0 0.365092 -0.428311 0.826594
-0.917540 0.745616 -6.591674 96 135 88 0 0.603636 -0.046651 0.795894
-1.085573 0.591670 -6.593687 123 124 92 0 0.537405 -0.182146 0.823419
-0.873268 0.802969 -6.589662 96 140 88 0 -0.030755 0.056207 0.997945
-1.304922 0.612800 -6.560482 73 117 62 0 0.055984 -0.449241 0.891655
-1.092617 0.432692 -6.670157 82 124 71 0 0.299414 -0.442140 0.845496
-1.161037 0.798944 -6.474957 99 128 89 0 0.428262 -0.198678 0.881543
-0.991998 0.913649 -6.487031 93 133 85 0 0.539665 -0.443356 0.715679
-0.950745 0.507150 -6.672169 87 124 72 0 0.236303 -0.402756 0.884279
-1.268699 0.539348 -6.613811 75 113 60 0 0.126117 -0.500118 0.856724
-1.335108 0.392445 -6.714429 67 113 51 0 -0.426958 -0.038814 0.903438
-1.058406 0.358235 -6.716442 79 114 64 0 -0.126117 -0.500118 0.856724
-1.221409 0.394457 -6.694305 72 117 53 0 0.032441 -0.695361 0.717928
-1.285805 0.710400 -6.510173 69 113 59 0 0.016195 -0.310200 0.950533
-1.288823 0.755678 -6.486025 77 120 65 0 -0.159335 -0.411974 0.897156
-0.767619 0.528280 -6.736565 109 144 97 0 0.285265 0.031142 0.957943
-1.270712 0.919687 -6.417604 88 131 82 0 0.063941 -0.332753 0.940844
-1.321021 0.392445 -6.708392 71 116 56 0 -0.141586 -0.047195 0.988800
-1.354225 0.488033 -6.707386 55 102 32 0 -0.730451 -0.410570 0.545777
-0.994011 0.627893 -6.601737 89 132 80 0 0.190910 -0.451376 0.871673
-0.875281 0.409550 -6.717448 80 123 67 0 0.085897 -0.323767 0.942229
-1.365293 0.705369 -6.510173 73 116 62 0 0.469587 -0.333612 0.817429
-1.407553 0.715431 -6.523254 73 113 56 0 0.016399 -0.110417 0.993750
-1.264675 1.084701 -6.384400 85 117 70 0 0.173651 -0.197152 0.964871
-1.135883 0.745616 -6.510173 101 126 86 0 0.364851 -0.190295 0.911412
-1.057400 0.805988 -6.503130 93 130 82 0 0.326721 -0.215436 0.920240
-1.257631 0.523249 -6.621860 77 116 61 0 0.149627 0.071868 0.986127
-1.109722 0.952891 -6.427666 83 126 77 0 0.480863 -0.039504 0.875906
-0.916534 0.412569 -6.716442 80 118 63 0 0.221459 -0.221459 0.949691
-0.903454 0.899563 -6.596705 84 106 75 0 0.477044 0.467140 0.744453
-0.953763 0.870383 -6.520235 93 132 74 0 0.752293 -0.465862 0.465862
-0.809878 0.419612 -6.725497 90 130 80 0 0.299013 -0.016129 0.954113
-1.374349 0.509163 -6.701349 46 86 23 0 -0.627038 -0.603503 0.492552
-1.192229 1.074639 -6.388425 37 53 29 0 0.174253 0.205697 0.962977
-1.356238 0.771777 -6.476969 73 115 58 0 0.291218 -0.031247 0.956146
-0.901441 0.380371 -6.728516 81 126 70 0 0.046177 -0.268324 0.962221
-0.821953 0.439736 -6.720466 92 137 87 0 0.229763 -0.173983 0.957569
-0.890373 0.632923 -6.634941 95 138 89 0 0.086864 -0.420532 0.903110
-1.278761 1.051497 -6.386413 83 114 70 0 0.198859 -0.236737 0.951005
-0.913516 0.876421 -6.597712 27 32 25 0 0.435605 -0.381354 0.815363
-1.314984 0.418606 -6.703361 56 101 37 0 -0.245169 -0.458359 0.854283
-0.844089 0.728511 -6.614817 100 141 92 0 0.134184 -0.315807 0.939287
-1.398497 0.550416 -6.659089 42 79 23 0 -0.547201 -0.658325 0.516894
-1.122802 0.768759 -6.505143 87 126 79 0 0.317841 -0.366506 0.874443
-1.093623 0.544379 -6.617836 79 117 69 0 -0.239295 -0.602149 0.761679
-1.349194 0.616825 -6.561489 79 121 65 0 -0.023755 -0.627411 0.778326
-1.339132 0.478977 -6.692293 47 91 27 0 -0.484320 -0.173289 0.857558
-1.405541 0.753666 -6.510173 56 84 40 0 -0.627890 -0.247065 0.738047
-0.938670 0.351191 -6.732541 84 125 75 0 0.205892 -0.244071 0.947649
-0.978918 0.402507 -6.715435 76 116 66 0 -0.086631 -0.413904 0.906189
-0.951751 0.488033 -6.683238 86 119 64 0 0.956852 -0.261198 -0.127318
-0.747495 0.685245 -6.723485 103 139 79 0 0.913949 -0.016949 0.405475
-1.234489 0.457847 -6.664120 70 116 54 0 0.135872 -0.515728 0.845910
-1.096642 0.777814 -6.506149 68 111 53 0 -0.015692 -0.254700 0.966893
-0.848113 0.447785 -6.714429 96 139 89 0 0.276398 -0.094728 0.956363
-1.245557 0.746623 -6.495080 81 121 67 0 0.260182 -0.433636 0.862708
-1.115759 0.445773 -6.656070 80 121 65 0 0.539416 -0.610436 0.579999
-1.241532 0.971002 -6.402512 89 131 80 0 -0.198313 0.024642 0.979829
-0.919553 0.839192 -6.571551 109 149 103 0 0.332285 0.175256 0.926753
-0.956782 0.566515 -6.641984 88 130 80 0 0.228729 -0.388102 0.892782
-1.289829 0.277740 -6.740590 48 75 42 0 -0.396735 -0.365373 0.842083
-0.963825 0.642985 -6.604755 93 133 82 0 0.213775 -0.411333 0.886062
-1.347182 0.797938 -6.465901 74 118 60 0 0.253942 -0.372745 0.892510
-1.370324 0.425649 -6.727510 59 104 41 0 -0.188935 0.135678 0.972571
-1.144938 0.517212 -6.629910 74 117 63 0 -0.032097 -0.595888 0.802426
-1.218390 0.555447 -6.600730 74 119 61 0 -0.087461 -0.546272 0.833029
-0.966843 0.871390 -6.512186 85 126 66 0 0.364191 -0.569967 0.736548
-0.813903 0.670152 -6.660095 101 137 91 0 0.452717 -0.087757 0.887325
-1.164056 0.728511 -6.510173 84 121 73 0 0.024640 -0.379982 0.924666
-0.833021 0.575571 -6.690281 98 137 86 0 0.325378 -0.365096 0.872258
-0.821953 0.710400 -6.638965 100 143 96 0 0.658429 -0.540552 0.523712
-1.140914 0.625880 -6.568532 83 118 68 0 0.236810 -0.285023 0.928807
-1.247569 0.641979 -6.548409 77 115 62 0 0.358807 -0.460868 0.811701
-1.182167 0.291826 -6.721473 93 134 85 0 0.166642 -0.189895 0.967559
-1.163050 0.528280 -6.620854 74 118 62 0 0.001330 -0.490829 0.871255
-0.915528 0.362259 -6.733547 80 122 69 0 0.175256 -0.332285 0.926753
-0.814909 0.476965 -6.717448 93 131 80 0 0.347646 -0.326392 0.878982
-1.110728 1.028355 -6.396474 54 71 40 0 0.111400 -0.102019 0.988525
-1.232477 1.110862 -6.386413 54 79 42 0 0.188843 0.229022 0.954928
-1.290836 0.592676 -6.576581 71 115 60 0 0.268971 -0.724152 0.635026
-1.242539 0.626886 -6.559476 79 117 66 0 0.086927 -0.522988 0.847896
-1.258638 0.711406 -6.511179 76 120 65 0 0.079533 -0.467431 0.880445
-0.936658 0.762722 -6.575575 100 143 95 0 0.143238 -0.404186 0.903392
-1.388435 0.483002 -6.736565 51 89 27 0 -0.322597 -0.506938 0.799341
-1.043314 0.737567 -6.540359 91 129 81 0 0.295312 -0.516401 0.803817
-0.884336 0.817056 -6.586644 96 139 89 0 0.205602 0.046892 0.977512
-1.134877 0.719455 -6.519229 103 125 83 0 0.551270 -0.182750 0.814067
-0.737433 0.670152 -6.740590 99 131 77 0 0.884600 -0.022820 0.465791
-1.063437 0.599719 -6.598718 88 126 78 0 0.001284 -0.396706 0.917945
-0.783718 0.803975 -6.607773 72 105 37 0 0.117499 0.718379 -0.685658
-1.211347 0.510169 -6.627897 81 117 66 0 0.300767 -0.197247 0.933077
-1.369318 0.404519 -6.726503 62 106 44 0 -0.473891 -0.188665 0.860135
-0.848113 0.617831 -6.674182 101 139 93 0 0.577961 -0.238350 0.780481
-0.764600 0.715431 -6.688268 96 136 78 0 0.883256 -0.460525 0.088186
-1.111734 0.776808 -6.503130 88 130 80 0 0.056850 -0.500554 0.863837
-0.968856 0.805988 -6.539353 103 142 93 0 0.515646 -0.342158 0.785517
-1.241532 0.470928 -6.652046 70 114 52 0 -0.127957 -0.563307 0.816280
-0.988980 0.889501 -6.502124 101 140 95 0 0.553309 0.776547 0.301370
-0.880311 0.391439 -6.724491 76 120 66 0 0.009122 -0.418297 0.908265
-1.058406 0.344148 -6.723485 81 124 73 0 -0.070626 -0.363791 0.928799
-1.007091 0.372321 -6.712417 105 98 70 0 0.278304 0.038688 0.959713
-1.413590 0.569534 -6.628903 53 92 34 0 -0.286237 -0.876883 0.386192
-1.266687 0.269690 -6.733547 61 88 49 0 -0.158255 -0.118998 0.980201
-1.119784 0.395464 -6.691287 81 122 69 0 0.085924 -0.642247 0.761667
-0.749507 0.463884 -6.744615 96 131 91 0 0.283047 -0.189158 0.940268
-1.038283 0.565509 -6.621860 86 125 75 0 0.230077 -0.492152 0.839554
-1.289829 0.999175 -6.394462 101 139 92 0 0.261603 -0.275898 0.924902
-0.779693 0.517212 -6.731534 97 116 92 0 0.229025 0.254009 0.939695
-1.035264 0.372321 -6.708392 82 113 67 0 0.094228 -0.325154 0.940955
-1.229458 0.829130 -6.458858 81 125 73 0 0.127907 -0.356215 0.925608
-0.753532 0.639967 -6.725497 99 137 78 0 0.573356 -0.167041 0.802097
-1.269706 0.476965 -6.672169 60 94 42 0 0.213418 0.254725 -0.943169
-0.924584 0.688264 -6.601737 100 135 89 0 0.077817 -0.331052 0.940398
-0.791767 0.802969 -6.582619 91 132 75 0 0.197380 0.031912 0.979808
-1.404534 0.466903 -6.740590 62 88 52 0 0.873667 0.484151 -0.048004
-1.191223 0.541361 -6.610792 75 119 64 0 0.047230 -0.433169 0.900074
-0.734414 0.573559 -6.755683 111 151 95 0 0.600361 -0.032187 0.799081
-1.075512 0.923711 -6.446784 87 131 80 0 0.125993 -0.173397 0.976760
-1.039289 0.934779 -6.450809 92 136 87 0 0.165560 -0.627307 0.760970
-1.291842 1.032379 -6.385406 71 95 61 0 0.277611 -0.086511 0.956790
-1.382398 0.797938 -6.465901 76 119 56 0 -0.103651 -0.481338 0.870385
-0.872262 0.535323 -6.681225 98 139 90 0 0.355365 -0.134126 0.925055
-0.838052 0.820074 -6.581613 93 139 80 0 0.253271 -0.167507 0.952783
-1.402522 0.361253 -6.725497 28 41 25 0 -0.094599 0.393476 0.914455
-0.887355 0.381377 -6.729522 76 121 67 0 -0.038819 -0.284258 0.957962
-1.197260 0.994144 -6.403518 82 125 71 0 -0.016494 0.117655 0.992918
-0.895404 0.848247 -6.585638 100 144 94 0 0.166199 0.095837 0.981424
-1.376361 0.330061 -6.717448 65 99 57 0 -0.142908 0.040014 0.988927
-0.764600 0.726499 -6.674182 92 135 78 0 0.403140 -0.895058 0.190655
-1.363281 0.303901 -6.715435 36 45 39 0 0.046355 -0.388054 0.920470
-1.070481 0.629905 -6.582619 86 124 76 0 0.110533 -0.310292 0.944193
-1.185186 0.800957 -6.470932 80 124 72 0 0.135551 -0.293917 0.946171
-1.395479 0.748635 -6.503130 64 103 47 0 -0.340781 -0.349950 0.872584
-0.926596 0.380371 -6.721473 77 120 69 0 -0.079786 -0.315220 0.945659
-1.280774 0.731530 -6.500112 75 121 65 0 -0.054367 -0.377918 0.924241
-1.025202 0.952891 -6.438734 90 134 83 0 0.206598 -0.362631 0.908744
-1.198266 0.763728 -6.491056 76 119 62 0 0.016039 -0.292400 0.956161
-1.116765 0.598713 -6.581613 79 120 71 0 -0.023219 -0.520370 0.853625
-1.336114 0.369303 -6.714429 76 122 62 0 -0.101712 -0.048062 0.993652
-1.189211 0.918680 -6.431691 92 127 84 0 0.094032 -0.016212 0.995437
-0.968856 0.568528 -6.636953 91 133 83 0 0.292701 -0.412234 0.862780
-1.266687 1.124949 -6.375344 35 39 26 0 0.779394 0.366299 0.508301
-1.230464 0.874408 -6.439740 83 126 75 0 0.237929 -0.348866 0.906467
-1.192229 0.682227 -6.528285 76 120 61 0 0.095219 -0.646023 0.757356
-1.146951 0.585633 -6.582619 76 120 65 0 0.270079 -0.293188 0.917114
-1.330077 0.335092 -6.716442 87 133 77 0 0.078066 -0.337405 0.938117
-1.065450 0.659084 -6.569539 88 128 78 0 0.071506 -0.506151 0.859475
-1.265681 1.039423 -6.390437 93 135 83 0 -0.056207 -0.030755 0.997945
-1.188204 0.967984 -6.413579 83 127 74 0 0.181425 -0.372850 0.909982
-1.020171 0.357228 -6.714429 78 107 65 0 0.008874 -0.356245 0.934350
-1.036270 0.698326 -6.557464 92 133 83 0 0.498528 -0.472028 0.727089
-1.296873 0.663109 -6.531303 77 119 67 0 0.118120 -0.541019 0.832674
-0.951751 0.838185 -6.542371 102 142 90 0 0.648123 -0.347733 0.677509
-1.167075 0.615818 -6.568532 84 119 69 0 0.189158 -0.283047 0.940268
-1.027215 0.547398 -6.633934 96 124 78 0 0.404087 -0.046677 0.913529
-1.130852 0.659084 -6.544384 78 120 68 0 0.110277 -0.496964 0.860736
-1.348188 0.726499 -6.502124 72 115 58 0 -0.079947 -0.015989 0.996671
-1.331083 0.881451 -6.426660 80 125 67 0 -0.125430 -0.087918 0.988199
-1.381392 0.820074 -6.451815 83 118 69 0 -0.064799 -0.698384 0.712784
-1.217384 0.629905 -6.558470 81 117 68 0 -0.031882 -0.332851 0.942440
-0.999041 0.815043 -6.523254 99 141 93 0 0.604030 -0.253913 0.755431
-1.079536 0.951885 -6.431691 86 130 80 0 -0.032889 -0.247274 0.968387
-1.158019 1.039423 -6.388425 77 107 59 0 0.046542 0.063860 0.996873
-1.130852 0.581608 -6.588656 76 119 65 0 0.001374 -0.773712 0.633537
-1.230464 0.436717 -6.675188 73 118 59 0 -0.064381 -0.442446 0.894481
-0.700204 0.552429 -6.774800 35 43 34 0 0.318016 0.158319 0.934773
-0.950745 0.948866 -6.480994 54 68 43 0 0.675380 -0.595335 0.435245
-0.909491 0.581608 -6.650033 87 130 75 0 0.254124 -0.318017 0.913393
-0.742464 0.750647 -6.695312 48 69 31 0 0.948787 -0.180527 0.259254
-1.197260 0.944841 -6.422635 88 127 79 0 0.167344 0.062902 0.983890
-0.817928 0.738573 -6.620854 100 143 91 0 0.268379 -0.538328 0.798859
-1.230464 0.994144 -6.399493 83 124 73 0 0.284498 -0.117769 0.951415
-1.090604 0.659084 -6.563501 97 125 84 0 0.389569 -0.483324 0.783986
-1.255619 0.921699 -6.417604 88 132 82 0 0.126666 -0.291998 0.947994
-0.782711 0.730524 -6.638965 99 143 91 0 0.094848 -0.482732 0.870617
-0.870250 0.511175 -6.690281 95 137 84 0 0.483843 -0.371322 0.792474
-1.008097 0.577583 -6.622866 89 125 73 0 0.260779 -0.529365 0.807321
-1.142926 0.445773 -6.667139 84 125 72 0 0.023143 -0.856301 0.515959
-1.265681 0.611794 -6.566520 74 118 63 0 0.015620 -0.243919 0.969670
-0.855157 0.873402 -6.594693 48 63 40 0 -0.220067 0.441631 0.869789
-1.175124 0.698326 -6.519229 82 126 73 0 -0.220497 -0.699022 0.680257
