-1.518621 -0.411000 -7.527482 27 24 29 0 0.087863 0.001059 -0.996132
-1.444197 -0.019926 -6.898394 32 45 34 0 0.442235 -0.679206 0.585753
-1.621831 -0.550017 -6.979838 30 27 28 0 0.852026 -0.277868 -0.443668
-1.599363 -0.227750 -6.593679 61 69 46 0 0.821872 -0.568774 -0.031985
-1.456835 -0.161752 -7.248745 37 37 37 0 0.331392 -0.930392 0.156683
-1.606384 -0.271983 -6.883650 108 87 88 0 0.926753 -0.332285 0.175256
-1.575491 -0.426446 -7.238214 68 94 60 0 0.959713 0.038688 0.278304
-1.631660 -0.476998 -6.703910 34 40 32 0 0.753992 -0.595257 0.277787
-1.569173 -0.266366 -7.097090 74 93 73 0 0.874840 -0.442601 0.196876
-1.502472 -0.078903 -6.703910 72 88 59 0 0.940777 -0.269386 -0.205838
-1.508089 -0.303578 -7.367402 70 96 61 0 0.923326 -0.301116 0.238324
-1.463856 -0.102775 -7.069006 67 77 62 0 0.752459 -0.625761 0.205497
-1.612001 -0.388533 -6.995285 74 100 67 0 0.994694 -0.102601 0.007560
-1.630256 -0.312705 -6.730590 62 89 53 0 0.997142 -0.071453 0.024529
-1.536173 -0.140689 -6.842226 63 90 63 0 0.754921 -0.614252 0.229758
-1.624639 -0.420829 -6.845034 59 88 48 0 0.992236 0.117990 -0.039330
-1.582512 -0.531060 -7.130089 57 58 53 0 0.738223 -0.667777 -0.095397
-1.546705 -0.451722 -7.382146 84 92 78 0 0.910504 -0.284989 0.299604
-1.543195 -0.186326 -6.984753 70 96 69 0 0.861032 -0.498342 0.101382
-1.595853 -0.556336 -6.847842 53 61 65 0 0.947289 -0.252156 -0.197636
-1.548109 -0.295152 -7.236810 75 98 72 0 0.927156 -0.269174 0.260629
-1.581810 -0.189836 -6.720761 81 94 73 0 0.889434 -0.428139 0.160012
-1.599363 -0.402575 -7.116749 73 98 67 0 0.966514 -0.212917 0.143235
-1.612001 -0.375895 -6.632296 40 43 35 0 0.802066 -0.285214 0.524731
-1.506685 -0.180709 -7.144132 66 91 63 0 0.864797 -0.388621 0.317963
-1.481409 -0.031862 -6.798695 49 73 38 0 0.490565 -0.457530 0.741628
-1.492643 -0.097860 -6.951052 62 89 58 0 0.798281 -0.600477 0.046625
-1.594448 -0.282514 -6.998093 74 92 74 0 0.867687 -0.462668 0.181815
-1.442793 -0.099264 -7.171514 82 92 87 0 0.821880 -0.537325 0.189199
-1.606384 -0.477700 -7.050751 71 97 63 0 0.975327 0.001168 0.220763
-1.499664 -0.340087 -7.462186 25 29 29 0 0.739798 -0.612521 0.278419
-1.477196 -0.225644 -7.319658 64 88 62 0 0.674019 -0.730311 0.111102
-1.553024 -0.140689 -6.645636 46 57 39 0 0.983890 0.062902 -0.167344
-1.550918 -0.368874 -7.307723 70 94 61 0 0.948677 -0.140893 0.283127
-1.618320 -0.484721 -6.913138 62 92 54 0 0.957083 0.237611 -0.165930
-1.602874 -0.240388 -6.796588 67 91 63 0 0.836958 -0.521798 0.165013
-1.583215 -0.517018 -7.220661 37 39 35 0 0.905518 -0.357250 -0.228931
-1.625341 -0.337981 -6.814843 65 91 54 0 0.980433 -0.167272 0.103782
-1.558641 -0.484721 -7.302105 66 83 58 0 0.930352 0.183272 0.317579
-1.619724 -0.359044 -6.915245 62 89 57 0 0.998725 -0.032419 0.038694
-1.603576 -0.491742 -6.792376 61 90 46 0 0.831626 0.530031 0.165728
-1.628150 -0.404681 -6.746739 59 89 49 0 0.988800 0.141586 -0.047195
-1.637277 -0.254430 -6.670911 55 56 50 0 0.541019 0.832674 -0.118120
-1.597959 -0.337981 -7.059879 68 96 64 0 0.961154 -0.191176 0.199087
-1.511600 -0.220729 -7.216448 63 90 60 0 0.697729 -0.706655 0.117528
-1.444197 -0.033968 -6.979136 27 26 30 0 0.554231 -0.832034 0.023379
-1.536876 -0.197559 -7.065495 75 94 67 0 0.854703 -0.452490 0.254430
-1.628150 -0.302875 -6.599998 51 77 41 0 0.959354 0.151338 -0.238194
-1.563556 -0.198964 -6.908926 64 91 61 0 0.821567 -0.560752 0.102877
-1.576194 -0.316216 -7.165897 87 88 78 0 0.932698 -0.118115 0.340768
-1.519323 -0.422234 -7.450250 90 104 85 0 0.906208 -0.046989 0.420212
-1.490537 -0.073286 -6.866799 68 93 62 0 0.813099 -0.569902 0.118668
-1.527046 -0.103477 -6.775525 59 87 55 0 0.896763 -0.331639 0.292972
-1.590236 -0.458041 -7.173620 71 97 63 0 0.980117 -0.056246 0.190279
-1.598661 -0.550017 -7.059176 32 39 31 0 0.633977 0.175680 0.753134
-1.529855 -0.371682 -7.382146 79 95 73 0 0.894190 -0.323939 0.309011
-1.504579 -0.137178 -7.018455 61 89 61 0 0.773251 -0.566839 0.284213
-1.559343 -0.164560 -6.781142 60 87 56 0 0.823703 -0.554500 0.118508
-1.522131 -0.284621 -7.299999 73 98 70 0 0.863656 -0.403449 0.302203
-1.540386 -0.238984 -7.157472 70 93 70 0 0.828470 -0.536944 0.159150
-1.583917 -0.380107 -7.185556 67 94 61 0 0.961033 -0.183242 0.206972
-1.618320 -0.475594 -6.985456 72 97 62 0 0.990305 -0.056098 0.127080
-1.571279 -0.196857 -6.842927 72 91 64 0 0.812456 -0.551255 0.189826
-1.540386 -0.131561 -6.713740 57 86 56 0 0.786214 -0.587752 -0.190829
-1.633064 -0.320428 -6.662486 61 87 47 0 0.985764 0.166398 -0.024099
-1.590938 -0.201772 -6.652657 55 81 52 0 0.683251 -0.730182 0.001380
-1.530557 -0.145603 -6.919457 83 99 74 0 0.822021 -0.568018 0.040473
-1.614107 -0.243898 -6.729186 60 87 56 0 0.822183 -0.513672 0.245267
-1.621831 -0.416617 -6.937712 64 93 59 0 0.997400 -0.072063 0.001044
-1.621128 -0.408192 -6.685656 64 92 53 0 0.898839 0.189610 -0.395142
-1.604278 -0.549315 -6.908224 29 26 25 0 0.443815 -0.880355 -0.167340
-1.434368 -0.058542 -7.033901 58 68 57 0 0.565073 -0.397034 0.723227
-1.565662 -0.352725 -7.244533 71 95 69 0 0.964634 -0.165776 0.204936
-1.498962 -0.149816 -7.083750 62 89 60 0 0.759287 -0.624846 0.181801
-1.612703 -0.487530 -6.852055 66 93 53 0 0.949391 0.301663 -0.087495
-1.576194 -0.236877 -6.963690 67 94 63 0 0.902494 -0.418568 0.101513
-1.607086 -0.296557 -6.937010 76 96 71 0 0.945716 -0.316978 0.071744
-1.520727 -0.038883 -6.755867 50 60 42 0 -0.215846 0.746921 0.628904
-1.472282 -0.151220 -7.180641 64 90 67 0 0.636647 -0.692007 0.340305
-1.593746 -0.472083 -7.117451 69 93 64 0 0.979865 0.165559 0.111599
-1.562151 -0.229154 -7.024071 76 92 70 0 0.883319 -0.388420 0.262446
-1.561449 -0.424340 -7.297893 72 98 64 0 0.944563 -0.039623 0.325932
-1.606384 -0.420829 -7.051454 66 91 59 0 0.951132 0.134356 0.278023
-1.592342 -0.346406 -7.119558 62 87 59 0 0.983301 -0.048282 0.175463
-1.610597 -0.337279 -6.972817 70 97 65 0 0.980874 -0.046369 0.189041
-1.482111 -0.286025 -7.410932 15 18 29 0 0.642327 -0.746076 0.175458
-1.476494 -0.093648 -7.006518 59 87 53 0 0.788893 -0.575846 0.214591
-1.631660 -0.354129 -6.763589 56 57 49 0 0.993965 -0.095036 0.054785
-1.482111 -0.257239 -7.366699 25 36 28 0 0.617930 -0.601093 0.506804
-1.491941 -0.210197 -7.264192 67 90 63 0 0.839489 -0.499443 0.214047
-1.546003 -0.411000 -7.349147 70 94 63 0 0.968216 -0.048102 0.245446
-1.622533 -0.288833 -6.793780 62 90 53 0 0.991267 -0.119498 0.055766
-1.581108 -0.538783 -6.800801 72 77 73 0 0.333037 0.719684 -0.609214
-1.439283 -0.089435 -7.113239 61 84 57 0 0.664650 -0.728530 0.165782
-1.462452 -0.058542 -6.934904 60 87 56 0 0.626779 -0.771307 0.110608
-1.637979 -0.250217 -6.618956 48 35 32 0 -0.418083 0.908249 -0.017038
-1.506685 -0.335875 -7.411634 68 92 58 0 0.909534 -0.212562 0.357162
-1.459644 -0.029054 -6.850651 64 91 61 0 0.856776 -0.508401 0.086386
-1.617618 -0.456637 -6.748143 61 88 45 0 0.934930 0.324419 0.143730
-1.620426 -0.321832 -6.862586 67 92 60 0 0.976608 0.079648 0.199733
-1.587427 -0.288833 -7.054262 73 93 70 0 0.815326 -0.577581 0.040557
-1.515110 -0.116115 -6.880841 63 89 55 0 0.759601 -0.649267 0.038192
-1.553726 -0.274791 -7.189768 69 93 69 0 0.838009 -0.466249 0.283467
-1.630256 -0.398362 -6.800801 38 37 31 0 0.994949 -0.031742 0.095226
-1.630958 -0.363959 -6.715144 65 92 52 0 0.949190 0.134836 -0.284356
-1.542492 -0.223537 -7.106920 69 95 65 0 0.864673 -0.491453 0.103989
-1.613405 -0.521933 -7.019156 73 98 68 0 0.996092 -0.016083 0.086850
-1.504579 -0.072584 -6.810631 52 81 48 0 0.764126 -0.547650 0.340868
-1.516515 -0.251622 -7.262085 61 55 60 0 0.765192 -0.570300 0.298728
-1.477899 -0.133668 -7.123770 62 89 57 0 0.762325 -0.618142 0.191732
-1.504579 -0.380107 -7.488164 69 57 61 0 0.997400 0.001044 0.072063
-1.605682 -0.502976 -6.745335 68 86 55 0 0.982531 0.175069 0.063120
-1.586725 -0.241090 -6.917351 63 91 58 0 0.863160 -0.349264 0.364650
-1.531259 -0.322534 -7.326679 73 96 68 0 0.940557 -0.331884 0.072149
-1.569173 -0.182113 -6.616147 44 60 27 0 0.809633 -0.144100 0.568972
-1.624639 -0.411000 -6.891373 66 95 59 0 0.987554 -0.119167 0.102649
-1.517919 -0.144199 -6.974222 62 88 57 0 0.856168 -0.466589 0.221970
-1.576896 -0.480509 -7.248745 77 100 77 0 0.986903 -0.117573 0.110448
-1.595853 -0.510699 -7.083750 100 113 102 0 0.953366 0.039145 0.299268
-1.624639 -0.366767 -6.853459 56 84 46 0 0.997331 -0.048310 0.054751
-1.597257 -0.241090 -6.842226 66 93 60 0 0.851533 -0.519365 0.071782
-1.579704 -0.514912 -7.175024 71 95 66 0 0.964380 0.252184 0.079837
-1.619022 -0.514912 -6.947542 67 91 60 0 0.971192 0.197293 -0.133650
-1.588129 -0.209495 -6.766398 68 87 60 0 0.847694 -0.521768 0.095777
-1.517919 -0.380809 -7.431995 81 99 81 0 0.944858 -0.253699 0.207073
-1.520025 -0.111200 -6.677932 55 71 48 0 0.857174 0.286747 0.427820
-1.550216 -0.328853 -7.278936 64 75 64 0 0.905535 -0.333154 0.262708
-1.550918 -0.170177 -6.877331 78 97 71 0 0.888502 -0.443543 0.117617
-1.607788 -0.349917 -7.016348 82 97 75 0 0.932915 -0.141517 0.331123
-1.606384 -0.224239 -6.690570 56 83 50 0 0.744860 -0.667184 0.006935
-1.617618 -0.432063 -6.984753 74 98 66 0 0.987583 -0.064129 0.143415
-1.555833 -0.450318 -7.332296 80 103 77 0 0.991923 -0.126605 0.007706
-1.503174 -0.190538 -7.186960 63 91 59 0 0.863912 -0.491413 0.110317
-1.567768 -0.168773 -6.674422 58 88 54 0 0.759601 -0.649267 0.038192
-1.533365 -0.415915 -7.401103 84 104 76 0 0.947226 -0.055416 0.315742
-1.526344 -0.172284 -7.028986 62 89 60 0 0.773537 -0.593717 0.221675
-1.563556 -0.276898 -7.148344 71 94 71 0 0.830457 -0.538396 0.143080
-1.626745 -0.366065 -6.670911 64 88 50 0 0.943463 0.205220 -0.260313
-1.571279 -0.332364 -7.204513 84 84 76 0 0.905535 -0.333154 0.262708
-1.619724 -0.449616 -6.814843 60 88 48 0 0.960546 0.276389 -0.030985
-1.602874 -0.383618 -7.070410 71 99 67 0 0.978211 0.032014 0.205128
-1.604980 -0.521933 -6.876629 66 95 53 0 0.958613 0.284261 0.015997
-1.555833 -0.236175 -7.064794 68 92 62 0 0.869789 -0.441631 0.220067
-1.586023 -0.304280 -7.102005 104 96 94 0 0.968216 -0.245446 0.048102
-1.521429 -0.187730 -7.105515 67 91 64 0 0.846322 -0.500032 0.183594
-1.620426 -0.451722 -6.884352 65 92 57 0 0.979829 -0.024642 0.198313
-1.517919 -0.103477 -6.834502 64 88 58 0 0.866703 -0.460760 0.191119
-1.491941 -0.092243 -6.910330 64 91 58 0 0.759801 -0.559768 0.330699
-1.586725 -0.422936 -7.193981 73 96 68 0 0.978602 -0.174001 0.109830
-1.611299 -0.448914 -7.021263 69 96 60 0 0.960878 -0.126466 0.246413
-1.621831 -0.455233 -6.950350 69 96 63 0 0.981078 0.086102 0.173417
-1.616916 -0.447510 -6.676528 57 60 50 0 0.363251 -0.436218 -0.823263
-1.599363 -0.448212 -7.085155 68 94 60 0 0.995076 0.047385 0.087055
-1.557237 -0.155433 -6.741824 59 89 56 0 0.855834 -0.508374 0.095409
-1.501770 -0.269876 -7.331594 71 97 68 0 0.785251 -0.461436 0.412864
-1.538280 -0.130859 -6.802907 71 93 66 0 0.887313 -0.435747 0.151001
-1.593746 -0.427851 -7.146940 73 99 66 0 0.992161 0.055434 0.112000
-1.465963 -0.052925 -6.894884 59 85 52 0 0.751878 -0.577996 0.317174
-1.487026 -0.191943 -7.228384 64 90 63 0 0.839489 -0.499443 0.214047
-1.517919 -0.080308 -6.744633 56 84 51 0 0.888729 -0.437945 -0.135520
-1.526344 -0.422234 -7.490270 19 18 31 0 0.507104 -0.713271 -0.483827
-1.596555 -0.519124 -6.834502 58 87 46 0 0.833408 0.398586 -0.382832
-1.628852 -0.275493 -6.703208 53 80 39 0 0.990955 0.007750 0.133973
-1.625341 -0.335875 -6.621062 54 77 39 0 0.994521 0.103256 0.016304
-1.586023 -0.229856 -6.878033 66 92 67 0 0.702102 -0.677083 0.220482
-1.615512 -0.231261 -6.644933 61 78 56 0 0.746769 -0.650991 0.136184
-1.470175 -0.176496 -7.282446 30 39 36 0 0.666480 -0.532177 0.522104
-1.546705 -0.182113 -6.946137 68 93 67 0 0.792601 -0.570981 0.213925
-1.583215 -0.469275 -7.210130 73 97 66 0 0.992023 -0.071754 0.103644
-1.612001 -0.412404 -6.648444 24 28 23 0 0.641765 -0.244407 0.726913
-1.618320 -0.263557 -6.764994 147 94 110 0 0.929229 -0.341040 -0.142215
-1.586023 -0.353427 -7.156769 73 99 73 0 0.963156 -0.182148 0.197873
-1.444900 -0.133668 -7.201002 67 87 63 0 0.733414 -0.529047 0.426864
-1.618320 -0.380107 -6.948244 66 94 59 0 0.973694 -0.054976 0.221128
-1.599363 -0.314109 -7.026177 69 76 66 0 0.974011 -0.095784 0.205251
-1.581108 -0.204580 -6.807120 63 89 60 0 0.855857 -0.516253 0.031496
-1.448410 -0.061351 -7.069006 33 35 29 0 0.814721 0.222476 0.535476
-1.531961 -0.252324 -7.217853 66 93 64 0 0.825648 -0.460790 0.325541
-1.573385 -0.389235 -7.235405 73 98 66 0 0.977094 -0.110217 0.182044
-1.624639 -0.432765 -6.713038 63 92 52 0 0.990955 -0.007750 0.133973
-1.615512 -0.556336 -6.944031 40 39 38 0 0.293188 -0.917114 -0.270079
-1.621831 -0.296557 -6.829587 74 81 60 0 0.988395 -0.071183 0.134198
-1.578300 -0.261451 -7.031795 69 95 65 0 0.895622 -0.443097 -0.039057
-1.497558 -0.115413 -6.982647 67 91 55 0 0.839489 -0.499443 0.214047
-1.568470 -0.451722 -7.268404 76 101 68 0 0.934020 -0.302060 0.190701
-1.471580 -0.073286 -6.966498 58 87 53 0 0.816280 -0.563307 0.127957
-1.633766 -0.284621 -6.651955 73 67 52 0 0.972891 -0.103925 0.206598
-1.530557 -0.346406 -7.356870 72 97 68 0 0.845730 -0.322405 0.425201
-1.607788 -0.387830 -7.035305 62 86 54 0 0.992979 -0.118289 0.001085
-1.616214 -0.323237 -6.897692 70 97 64 0 0.987765 -0.078506 -0.134748
-1.505983 -0.253026 -7.295786 68 93 63 0 0.880355 -0.443815 0.167340
-1.480005 -0.053627 -6.835907 58 85 48 0 0.784424 -0.601441 0.151485
-1.590938 -0.387830 -7.151855 73 92 68 0 0.990011 -0.135260 0.039782
-1.537578 -0.297259 -7.270511 71 95 65 0 0.847982 -0.450923 0.278557
-1.567768 -0.406085 -7.265596 76 102 66 0 0.962116 -0.101478 0.253053
-1.596555 -0.274791 -6.962286 74 96 72 0 0.901327 -0.411752 0.134421
-1.587427 -0.488934 -7.153259 68 95 61 0 0.981218 0.111197 0.157630
-1.543195 -0.137880 -6.678635 56 85 50 0 0.711743 -0.697128 0.086228
-1.614107 -0.332364 -6.936308 69 97 63 0 0.964715 -0.141526 0.222027
-1.619022 -0.516316 -6.985456 74 98 68 0 0.973694 0.054976 0.221128
-1.459644 -0.119626 -7.149748 64 89 59 0 0.761078 -0.547782 0.347413
-1.520727 -0.212304 -7.167301 68 95 65 0 0.841663 -0.522563 0.136130
-1.499664 -0.158944 -7.116749 62 90 60 0 0.775222 -0.616892 0.135925
-1.626043 -0.297961 -6.760781 65 92 55 0 0.987765 0.078506 0.134748
-1.590236 -0.542294 -7.094282 50 50 49 0 0.954159 0.008618 0.299175
-1.486324 -0.127349 -7.061985 67 94 63 0 0.712708 -0.672512 0.199435
-1.622533 -0.375192 -6.885756 57 80 50 0 0.997400 0.001044 -0.072063
-1.545301 -0.133668 -6.770610 63 87 61 0 0.912590 -0.388722 0.126787
-1.579704 -0.251622 -6.993178 71 90 69 0 0.873412 -0.474463 0.109711
-1.633766 -0.327449 -6.694783 62 86 49 0 0.995414 0.095363 -0.007500
-1.623937 -0.427851 -6.769908 61 89 48 0 0.973432 0.228974 0.001174
-1.560747 -0.374490 -7.276830 74 101 65 0 0.975101 -0.126751 0.181969
-1.548109 -0.408894 -7.510632 16 17 30 0 -0.079648 -0.976608 -0.199733
-1.559343 -0.214410 -6.988264 72 96 69 0 0.840599 -0.482311 0.246514
-1.470878 -0.167369 -7.215045 62 89 60 0 0.647400 -0.751579 0.126503
-1.532663 -0.113307 -6.745335 60 87 58 0 0.759955 -0.625935 0.175140
-1.588129 -0.208091 -6.617551 57 83 51 0 0.609174 -0.737085 -0.292596
-1.442091 -0.036075 -6.945435 81 96 76 0 0.830730 -0.555211 -0.040354
-1.489834 -0.313407 -7.427081 22 32 23 0 0.324327 -0.862311 0.388885
-1.509493 -0.066967 -6.779738 51 80 44 0 0.953870 -0.254810 0.158756
-1.564258 -0.208091 -6.941925 71 93 68 0 0.838005 -0.545455 0.015038
-1.453325 -0.059946 -7.008625 61 87 54 0 0.818468 -0.522524 0.238912
-1.596555 -0.374490 -7.102707 69 94 68 0 0.962250 -0.269430 0.038490
-1.582512 -0.314811 -7.131494 85 84 75 0 0.962213 -0.180333 0.204026
-1.526344 -0.095052 -6.716548 32 35 27 0 -0.807313 0.507138 0.301755
-1.612001 -0.557740 -7.008625 39 31 29 0 0.857181 0.406196 0.316616
-1.553726 -0.166667 -6.840821 58 86 56 0 0.850604 -0.510363 0.126500
-1.508791 -0.151922 -7.045836 63 89 59 0 0.806450 -0.570051 0.157101
-1.628150 -0.328853 -6.781844 63 91 52 0 0.994811 0.001071 0.101730
-1.612001 -0.418021 -7.012136 66 90 56 0 0.964568 -0.095565 0.245920
-1.542492 -0.380107 -7.347041 75 100 68 0 0.937035 -0.190183 0.292910
-1.571981 -0.506487 -7.264894 25 31 20 0 0.779690 0.214608 0.588241
-1.513706 -0.121030 -6.927883 62 87 56 0 0.846227 -0.529067 0.063151
-1.597959 -0.217921 -6.724974 62 89 55 0 0.877161 -0.450986 0.164924
-1.557237 -0.472785 -7.353359 33 35 34 0 0.971823 -0.229169 -0.055148
-1.498260 -0.307790 -7.396188 70 94 66 0 0.745917 -0.546788 0.380303
-1.586725 -0.524741 -6.774121 35 38 31 0 0.509560 0.238615 0.826687
-1.571981 -0.262153 -7.066900 75 92 72 0 0.844128 -0.535932 0.015001
-1.531961 -0.142093 -6.889266 63 91 61 0 0.837081 -0.528140 0.142701
-1.528450 -0.234771 -7.193279 68 91 67 0 0.841609 -0.491573 0.223719
-1.508791 -0.057840 -6.726378 68 87 58 0 0.925466 0.166612 0.340224
-1.513706 -0.391341 -7.461484 97 103 96 0 0.963274 -0.125757 0.237253
-1.597257 -0.480509 -7.081644 67 95 59 0 0.961272 0.048751 0.271256
-1.607086 -0.519124 -7.048645 87 95 87 0 0.955195 -0.046811 0.292252
-1.475792 -0.123838 -7.090069 63 89 56 0 0.855834 -0.508374 0.095409
-1.504579 -0.024139 -6.781142 49 61 44 0 0.817766 0.118496 0.563220
-1.612703 -0.260749 -6.816247 69 88 64 0 0.886597 -0.451026 0.102570
-1.595150 -0.345704 -7.088665 72 97 69 0 0.968570 -0.222733 0.110730
-1.612703 -0.482615 -7.021965 67 90 58 0 0.966109 -0.048244 0.253588
-1.530557 -0.156837 -6.950350 64 91 58 0 0.904826 -0.372064 0.207024
-1.555130 -0.162454 -6.811333 63 91 60 0 0.897156 -0.411974 0.159335
-1.548109 -0.208091 -7.039517 81 97 73 0 0.893616 -0.434846 0.111174
-1.627447 -0.399064 -6.713038 65 92 51 0 0.983271 0.159677 -0.087642
-1.600065 -0.269876 -6.926478 80 86 74 0 0.884928 -0.465682 0.006634
-1.552322 -0.246707 -7.122366 67 92 66 0 0.838192 -0.514311 0.181433
-1.554428 -0.321130 -7.250852 69 92 66 0 0.885711 -0.450625 0.111597
-1.541088 -0.352725 -7.330190 72 90 68 0 0.911203 -0.254323 0.324080
-1.602874 -0.300067 -6.976328 75 93 67 0 0.989149 -0.117950 0.087587
-1.626745 -0.370980 -6.824673 63 83 48 0 0.999999 0.000978 0.000978
-1.591640 -0.200368 -6.682847 57 84 51 0 0.755526 -0.651911 -0.064759
-1.621831 -0.434169 -6.914543 70 92 63 0 0.993893 -0.103276 -0.038867
-1.485622 -0.116115 -7.024773 61 88 57 0 0.716040 -0.594789 0.365394
-1.610597 -0.521231 -6.911734 65 92 55 0 0.971866 0.222176 -0.078196
-1.609895 -0.295152 -6.908224 67 93 63 0 0.985853 -0.125472 0.111133
-1.600065 -0.441191 -7.113239 69 93 64 0 0.959953 0.159334 0.230441
-1.630256 -0.370278 -6.793780 63 90 51 0 0.991904 -0.062635 0.110465
-1.500366 -0.081010 -6.839417 59 86 54 0 0.769946 -0.595736 0.228651
-1.574789 -0.367469 -7.216448 66 93 62 0 0.969301 -0.086747 0.230067
-1.517217 -0.174390 -7.080240 65 91 64 0 0.817129 -0.571848 0.072729
-1.609895 -0.476998 -6.767100 60 87 47 0 0.942026 0.316681 0.110905
-1.454027 -0.079605 -7.034603 61 89 60 0 0.727627 -0.646258 0.230024
-1.520025 -0.157539 -7.005114 61 88 59 0 0.847215 -0.507146 0.158206
-1.621831 -0.247409 -6.697591 49 44 45 0 0.772289 -0.631350 0.070470
-1.461048 -0.107690 -7.109026 62 89 59 0 0.794590 -0.574126 0.197499
-1.563556 -0.167369 -6.644933 57 82 53 0 0.863837 -0.500554 -0.056850
-1.438581 -0.147008 -7.225576 56 63 49 0 0.688914 -0.585992 0.426628
-1.615512 -0.406085 -6.972817 67 93 62 0 0.975404 -0.079951 0.205413
-1.560045 -0.160348 -6.700400 63 90 57 0 0.817161 -0.571011 -0.078711
-1.468069 -0.205985 -7.301404 68 87 66 0 0.735238 -0.467578 0.490709
-1.605682 -0.486828 -6.824673 62 91 50 0 0.863656 0.403449 -0.302203
-1.632362 -0.340789 -6.731995 66 85 50 0 0.999736 -0.022971 0.000999
-1.520025 -0.343598 -7.382848 72 98 64 0 0.799488 -0.299214 0.520855
-1.583917 -0.494551 -7.193981 71 96 65 0 0.919133 0.300624 0.254596
-1.530557 -0.436978 -7.429187 78 84 75 0 0.882248 -0.253141 0.396937
-1.627447 -0.281110 -6.730590 60 86 49 0 0.998483 -0.038929 0.038929
-1.562151 -0.301471 -7.189066 69 95 68 0 0.884290 -0.283753 0.370831
-1.494047 -0.228452 -7.285255 66 90 61 0 0.800802 -0.522812 0.292206
-1.586725 -0.498763 -7.127281 70 96 63 0 0.993423 0.109887 -0.032189
-1.621831 -0.481211 -6.940520 66 94 58 0 0.993965 0.095036 0.054785
-1.618320 -0.496657 -6.721463 39 45 37 0 0.940955 0.094228 0.325154
-1.599363 -0.557740 -6.875225 72 72 71 0 0.795483 -0.500978 0.340921
-1.510898 -0.354129 -7.433400 81 100 76 0 0.856674 -0.310255 0.412130
-1.432964 -0.071882 -7.092878 30 36 29 0 0.674286 -0.641474 0.365854
-1.484218 -0.249515 -7.337913 67 90 66 0 0.770327 -0.499979 0.395749
-1.553024 -0.411702 -7.322467 73 99 65 0 0.912590 -0.126787 0.388722
-1.574087 -0.189836 -6.779738 65 91 59 0 0.866406 -0.492883 0.080041
-1.526344 -0.204580 -7.126579 67 93 65 0 0.806681 -0.544471 0.229819
-1.494047 -0.281110 -7.373018 70 94 66 0 0.743267 -0.585262 0.324071
-1.632362 -0.312705 -6.632998 63 80 51 0 0.983726 0.127049 -0.127049
-1.547407 -0.175092 -6.920159 61 89 57 0 0.904479 -0.421729 0.063734
-1.607788 -0.226346 -6.619658 55 80 46 0 0.698284 -0.619788 -0.358136
-1.622533 -0.397660 -6.918755 70 90 63 0 0.990534 0.079566 0.111853
-1.626745 -0.346406 -6.645636 53 81 40 0 0.880149 0.221150 -0.420037
-1.560747 -0.454531 -7.306318 73 99 64 0 0.972600 -0.032541 0.230194
-1.626745 -0.420829 -6.818354 68 90 56 0 0.970351 0.228538 -0.078677
-1.586023 -0.218623 -6.833098 60 54 57 0 0.869903 -0.474624 0.134164
-1.571981 -0.207389 -6.881544 55 53 53 0 0.870059 -0.466469 0.159389
-1.576896 -0.187028 -6.746739 57 86 52 0 0.832825 -0.514258 0.204793
-1.593746 -0.315513 -7.073219 70 96 66 0 0.985853 -0.111133 0.125472
-1.602874 -0.422234 -7.088665 71 94 64 0 0.990194 0.103315 0.094028
-1.459644 -0.033266 -6.876629 59 85 56 0 0.915302 -0.402000 0.024879
-1.630256 -0.391341 -6.769207 62 88 54 0 0.999960 -0.008867 0.000985
-1.518621 -0.301471 -7.335807 70 94 59 0 0.806681 -0.229819 0.544471
-1.594448 -0.458743 -7.139919 70 95 63 0 0.995347 0.078261 0.056216
-1.635873 -0.281812 -6.613338 61 72 39 0 0.996092 0.086850 0.016083
-1.611299 -0.551421 -7.033901 80 82 77 0 0.962487 -0.166761 0.214032
-1.440687 -0.090839 -7.139217 78 93 77 0 0.639909 -0.751855 0.158843
-1.466665 -0.033968 -6.825375 58 87 55 0 0.663681 -0.744653 0.070850
-1.540386 -0.188432 -7.014242 65 89 61 0 0.782275 -0.600703 0.164928
-1.614107 -0.292344 -6.869607 64 92 58 0 0.988525 -0.111400 0.102019
-1.626043 -0.396256 -6.837311 61 89 52 0 0.994811 0.001071 0.101730
-1.521429 -0.362555 -7.404613 76 98 71 0 0.926494 -0.291753 0.237672
-1.468069 -0.102073 -7.043730 59 87 52 0 0.768105 -0.521272 0.371873
-1.544599 -0.455233 -7.407422 15 18 27 0 0.995500 0.001065 -0.094759
-1.489132 -0.170177 -7.177131 69 96 71 0 0.698712 -0.579217 0.419891
-1.632362 -0.291642 -6.676528 60 86 48 0 0.980153 -0.174548 0.093987
-1.530557 -0.262855 -7.241022 71 96 64 0 0.845406 -0.435888 0.308690
-1.613405 -0.368874 -6.979136 66 93 62 0 0.990534 -0.079566 0.111853
-1.581810 -0.409596 -7.215045 67 94 61 0 0.963362 0.001203 0.268202
-1.614810 -0.497359 -6.891373 69 95 57 0 0.968407 0.246081 -0.040401
-1.484218 -0.148412 -7.143429 61 90 59 0 0.665999 -0.675721 0.315985
-1.582512 -0.438382 -7.213640 73 95 67 0 0.967949 -0.118916 0.221209
-1.589534 -0.413106 -7.170812 70 94 66 0 0.997490 -0.070423 0.007358
-1.508089 -0.230558 -7.250852 70 97 65 0 0.860884 -0.465626 0.205115
-1.529152 -0.165262 -6.982647 63 90 62 0 0.819568 -0.568709 0.069841
-1.508791 -0.366767 -7.458675 83 95 74 0 0.974778 -0.165195 0.150063
-1.605682 -0.218623 -6.665997 61 82 53 0 0.803562 -0.583206 0.118992
-1.621128 -0.406787 -6.866799 61 92 53 0 0.947991 0.276441 0.157774
-1.536173 -0.400468 -7.381443 74 96 68 0 0.963274 -0.237253 0.125757
-1.595150 -0.507891 -6.812035 62 92 49 0 0.959600 0.269608 -0.080499
-1.581810 -0.488934 -7.225576 78 98 76 0 0.975691 -0.167010 0.141896
-1.537578 -0.227048 -7.135706 71 90 67 0 0.822433 -0.530553 0.205228
-1.615512 -0.389235 -6.656869 56 84 43 0 0.920487 0.158318 -0.357267
-1.503174 -0.390639 -7.510632 59 55 53 0 0.758069 -0.638453 -0.133073
-1.604278 -0.368171 -7.050049 65 94 60 0 0.968623 -0.158221 0.191666
-1.566364 -0.182815 -6.819758 60 88 59 0 0.810216 -0.581583 0.072877
-1.520025 -0.267770 -7.281744 74 98 69 0 0.799496 -0.571935 0.183565
-1.507387 -0.111200 -6.906117 66 92 54 0 0.850476 -0.525970 0.006761
-1.543195 -0.335172 -7.309127 73 96 73 0 0.833129 -0.491254 0.254097
-1.554428 -0.353427 -7.288064 75 95 72 0 0.954752 -0.158460 0.251671
-1.619022 -0.458041 -6.838013 65 90 53 0 0.914774 0.338538 -0.220410
-1.621128 -0.350619 -6.886458 66 85 57 0 0.982710 -0.080393 0.166785
-1.569173 -0.477700 -7.271915 78 94 69 0 0.906208 0.046989 0.420212
-1.557939 -0.389937 -7.297191 70 96 63 0 0.948827 -0.071389 0.307622
-1.608490 -0.241090 -6.764994 65 90 63 0 0.850044 -0.477297 0.222739
-1.459644 -0.130859 -7.171514 61 87 56 0 0.761111 -0.499223 0.414110
-1.471580 -0.048713 -6.859076 60 87 55 0 0.728106 -0.681785 0.070929
-1.567066 -0.272685 -7.124473 71 96 71 0 0.873935 -0.419669 0.245183
-1.503877 -0.093648 -6.866097 62 89 60 0 0.830457 -0.538396 0.143080
-1.610597 -0.264962 -6.840119 74 84 70 0 0.895030 -0.371327 0.247058
-1.630958 -0.380809 -6.732697 66 90 53 0 0.998152 0.055745 -0.024191
-1.482813 -0.190538 -7.252256 65 90 65 0 0.791242 -0.560268 0.245020
-1.508089 -0.123136 -6.962286 70 95 63 0 0.883861 -0.448377 0.133224
-1.552322 -0.448914 -7.356168 89 96 89 0 0.959718 -0.221066 0.173411
-1.634468 -0.249515 -6.642827 69 66 50 0 0.205624 0.923180 -0.324744
-1.467367 -0.075393 -6.993881 60 85 54 0 0.814073 -0.506639 0.283906
-1.520727 -0.118923 -6.857672 61 88 56 0 0.797703 -0.536522 0.275341
-1.584619 -0.519827 -7.109026 94 106 92 0 0.895018 0.205869 0.395677
-1.558641 -0.205985 -6.965094 76 96 71 0 0.831239 -0.499358 0.244301
-1.439283 -0.032564 -6.918053 26 35 26 0 0.753083 -0.222963 0.618994
-1.553024 -0.484019 -7.325275 51 55 36 0 0.854781 0.513995 0.071819
-1.582512 -0.241792 -6.941223 72 99 67 0 0.889541 -0.411797 0.197839
-1.557939 -0.305684 -7.217853 73 97 69 0 0.945645 -0.292732 0.141644
-1.622533 -0.457339 -6.919457 71 97 66 0 0.999960 0.000985 -0.008867
-1.588832 -0.533167 -7.163088 26 34 18 0 0.292576 -0.444282 -0.846767
-1.623235 -0.463658 -6.721463 61 88 49 0 0.906811 -0.009133 0.421439
-1.604278 -0.318322 -6.991072 80 86 73 0 0.970663 -0.204819 0.125945
-1.564258 -0.502274 -7.286659 21 30 16 0 0.595485 -0.125599 0.793488
-1.621128 -0.485423 -6.964392 72 99 63 0 0.998965 0.032158 0.032158
-1.626043 -0.386426 -6.693379 63 91 49 0 0.989448 0.070758 -0.126436
-1.477899 -0.076095 -6.935606 60 88 55 0 0.709550 -0.703908 -0.032445
-1.623235 -0.435574 -6.739718 65 90 51 0 0.985757 0.165256 0.031202
-1.618320 -0.472083 -6.873118 70 92 60 0 0.992918 0.117655 -0.016494
-1.584619 -0.288833 -7.077431 71 80 64 0 0.921478 -0.372162 0.111237
-1.601469 -0.399064 -7.090771 70 97 64 0 0.976723 -0.165906 0.135968
-1.554428 -0.238282 -7.087963 65 91 64 0 0.898241 -0.434809 0.064063
-1.597959 -0.504380 -6.772717 57 84 40 0 0.913876 0.380431 0.141784
-1.535471 -0.187730 -7.044432 66 92 65 0 0.785555 -0.610012 0.103863
-1.595150 -0.251622 -6.898394 68 95 66 0 0.914496 -0.388765 0.112064
-1.494749 -0.050819 -6.800099 53 80 44 0 0.672462 -0.420081 0.609366
-1.576194 -0.530358 -7.191875 34 34 35 0 0.756251 0.421598 -0.500340
-1.518621 -0.238282 -7.230491 71 97 66 0 0.769177 -0.586714 0.253246
-1.615512 -0.503678 -7.004412 70 97 61 0 0.956852 0.127318 0.261198
-1.552322 -0.258643 -7.156769 67 91 68 0 0.861462 -0.355989 0.362153
-1.576194 -0.220729 -6.918755 74 93 68 0 0.855542 -0.513885 0.063010
-1.570577 -0.429957 -7.261384 74 102 62 0 0.922679 0.070975 0.378981
-1.630958 -0.308492 -6.707421 65 93 54 0 0.994244 -0.063748 0.086116
-1.591640 -0.366767 -7.130089 76 92 71 0 0.997142 -0.071453 0.024529
-1.496153 -0.208793 -7.241724 66 94 61 0 0.843198 -0.380143 0.380143
-1.597257 -0.246707 -6.867501 72 98 70 0 0.869789 -0.441631 0.220067
-1.613405 -0.356236 -6.960179 69 95 62 0 0.978622 -0.205100 0.015236
-1.623937 -0.318322 -6.835907 62 89 51 0 0.992979 0.001085 -0.118289
-1.616214 -0.455935 -7.000199 73 96 63 0 0.994231 0.031930 0.102396
-1.572683 -0.297259 -7.152557 67 91 68 0 0.846972 -0.372792 0.379032
-1.527046 -0.408192 -7.421464 81 101 80 0 0.950267 -0.143008 0.276660
-1.488430 -0.080308 -6.891373 65 91 61 0 0.788278 -0.540851 0.293424
-1.593044 -0.220027 -6.795184 73 92 73 0 0.697765 -0.703767 0.133551
-1.576896 -0.293046 -7.128685 67 90 69 0 0.865711 -0.294678 0.404609
-1.543195 -0.250920 -7.176428 68 92 67 0 0.843937 -0.489392 0.219696
-1.623235 -0.427851 -6.874522 63 91 56 0 0.997202 0.039716 -0.063331
-1.523536 -0.110498 -6.700400 55 82 48 0 0.579178 -0.602818 -0.548784
-1.613405 -0.537379 -6.932095 74 99 68 0 0.960465 0.023426 -0.277413
-1.541790 -0.429957 -7.380040 78 98 73 0 0.942440 -0.332851 -0.031882
-1.450516 -0.088733 -7.080240 66 93 66 0 0.794969 -0.547227 0.261854
-1.614107 -0.257239 -6.786057 67 90 60 0 0.902841 -0.426379 0.055497
-1.576896 -0.337279 -7.183449 76 99 78 0 0.951408 -0.173595 0.254337
-1.626043 -0.347108 -6.835205 69 88 57 0 0.994544 -0.101752 0.022976
-1.609193 -0.498061 -7.041624 72 95 69 0 0.940919 0.001250 0.338631
-1.502472 -0.203878 -7.205215 65 91 56 0 0.809129 -0.467603 0.355889
-1.596555 -0.528954 -7.071112 84 102 80 0 0.953077 0.150626 0.262596
-1.621831 -0.244601 -6.604913 57 56 46 0 0.616490 -0.737558 -0.275588
-1.550918 -0.387830 -7.318956 70 96 61 0 0.885873 -0.317350 0.338406
-1.612703 -0.467169 -6.803609 56 85 45 0 0.982231 0.181280 -0.048578
-1.626745 -0.458041 -6.694081 71 96 62 0 0.808970 -0.578669 -0.103490
-1.529855 -0.307790 -7.310531 72 96 70 0 0.899028 -0.381539 0.214890
-1.485622 -0.097158 -6.981243 60 88 54 0 0.820417 -0.568199 0.063763
-1.568470 -0.172284 -6.716548 60 87 56 0 0.832479 -0.523487 0.181495
-1.630256 -0.352023 -6.687060 59 88 47 0 0.993538 0.023106 -0.111127
-1.587427 -0.281110 -7.031092 66 87 64 0 0.861443 -0.489555 0.135100
-1.577598 -0.447510 -7.232597 76 99 70 0 0.990955 -0.007750 0.133973
-1.603576 -0.458041 -7.059176 67 94 56 0 0.957661 -0.102653 0.268977
-1.532663 -0.122434 -6.664592 46 65 42 0 0.579588 -0.459328 0.673124
-1.653425 -0.252324 -6.593679 53 30 34 0 0.648009 0.759587 0.055789
-1.548811 -0.216516 -7.059879 66 94 65 0 0.848014 -0.485227 0.213137
-1.529152 -0.385724 -7.398294 75 93 70 0 0.963274 -0.125757 0.237253
-1.621128 -0.431361 -6.689868 64 94 53 0 0.927503 -0.078965 -0.365380
-1.602874 -0.502976 -7.061985 76 98 71 0 0.936656 0.008848 0.350140
-1.619724 -0.242494 -6.673018 61 85 53 0 0.835646 -0.548349 0.031768
-1.491941 -0.116817 -7.004412 60 87 52 0 0.779116 -0.594710 0.198237
-1.560045 -0.158241 -6.625977 55 73 43 0 0.592680 0.545400 0.592680
-1.532663 -0.278302 -7.262085 78 99 78 0 0.814451 -0.451056 0.364989
-1.537578 -0.253728 -7.196790 74 98 77 0 0.863827 -0.444728 0.236686
-1.606384 -0.512103 -6.852055 62 92 49 0 0.932202 0.188677 -0.308870
-1.529152 -0.124540 -6.830290 60 83 54 0 0.870584 -0.491481 -0.023017
-1.623937 -0.385724 -6.866097 62 90 52 0 0.995103 -0.069890 0.069890
-1.469473 -0.173688 -7.261384 68 89 69 0 0.860736 -0.496964 0.110277
-1.512302 -0.399766 -7.490270 129 122 136 0 0.825728 -0.562168 0.046263
-1.589534 -0.515614 -6.793078 56 86 44 0 0.856917 0.348655 -0.379647
-1.520727 -0.203176 -7.146940 69 93 67 0 0.803145 -0.549357 0.230575
-1.526344 -0.328151 -7.347041 70 89 58 0 0.935850 -0.134860 0.325572
-1.458240 -0.052223 -6.914543 54 83 45 0 0.759718 -0.577386 0.299089
-1.546003 -0.151220 -6.826779 61 87 61 0 0.847295 -0.531080 0.006757
-1.559343 -0.180709 -6.861182 74 92 66 0 0.825010 -0.546550 0.143673
-1.505281 -0.187730 -7.163791 66 92 63 0 0.869789 -0.441631 0.220067
-1.617618 -0.354831 -6.935606 72 98 67 0 0.986409 -0.047748 0.157220
-1.544599 -0.219325 -7.086559 67 93 66 0 0.840547 -0.522582 0.142790
-1.510195 -0.176496 -7.120962 75 95 68 0 0.763375 -0.636392 0.110741
-1.550918 -0.148412 -6.720059 56 84 53 0 0.855857 -0.516253 -0.031496
-1.521429 -0.128051 -6.900500 51 49 46 0 0.800939 -0.594615 0.070208
-1.604278 -0.405383 -7.071112 62 78 53 0 0.999075 -0.015434 0.040128
-1.492643 -0.130157 -7.042326 62 88 61 0 0.628126 -0.754059 0.191970
-1.630958 -0.336577 -6.752356 59 87 49 0 0.986903 -0.117573 0.110448
-1.625341 -0.429255 -6.799397 62 75 51 0 0.991709 0.127426 0.016621
-1.619022 -0.357640 -6.625274 62 77 55 0 0.823703 0.118508 0.554500
-1.547407 -0.168071 -6.897692 65 91 63 0 0.870868 -0.491293 -0.014806
-1.550216 -0.206687 -7.014944 70 95 72 0 0.825728 -0.562168 -0.046263
-1.474388 -0.176496 -7.234001 61 88 63 0 0.765665 -0.638295 0.079606
-1.586023 -0.517720 -7.145535 85 103 85 0 0.954928 0.188843 -0.229022
-1.542492 -0.130859 -6.750249 59 86 56 0 0.867233 -0.497681 0.014836
-1.628150 -0.323237 -6.603509 65 76 52 0 0.925318 -0.070767 0.372531
-1.507387 -0.359746 -7.486058 21 19 32 0 0.981430 0.175040 0.078466
-1.590236 -0.208793 -6.741824 59 87 53 0 0.821191 -0.545965 0.166033
-1.565662 -0.369576 -7.256469 75 101 68 0 0.910588 -0.112264 0.397776
-1.616214 -0.534571 -6.953158 74 99 65 0 0.988294 0.142509 -0.054455
-1.516515 -0.167369 -7.057070 61 87 59 0 0.794509 -0.539637 0.278472
-1.515812 -0.076095 -6.719357 68 77 61 0 0.491631 0.548680 0.676202
-1.489132 -0.181411 -7.198896 64 91 61 0 0.751187 -0.609453 0.253545
-1.616214 -0.312003 -6.880139 68 95 62 0 0.990466 -0.135726 -0.023556
-1.609193 -0.462254 -7.036709 71 89 62 0 0.970530 -0.047731 0.236207
-1.493345 -0.248813 -7.319658 69 94 65 0 0.808734 -0.460994 0.365286
-1.626745 -0.414510 -6.726378 67 75 53 0 0.981078 0.086102 -0.173417
-1.513004 -0.062755 -6.760079 54 81 48 0 0.944432 -0.261809 0.198756
-1.515110 -0.326045 -7.373721 70 95 62 0 0.849950 -0.324752 0.414875
-1.593746 -0.205283 -6.702506 73 88 63 0 0.825411 -0.500202 0.261716
-1.541088 -0.274089 -7.227682 73 95 75 0 0.829527 -0.551586 0.087394
-1.574087 -0.184219 -6.635806 55 84 49 0 0.798217 -0.560450 -0.220783
-1.633064 -0.361852 -6.739718 64 69 50 0 0.992626 0.120085 0.016525
-1.620426 -0.448212 -6.766398 63 89 47 0 0.982231 0.181280 -0.048578
-1.574087 -0.179305 -6.658273 56 83 51 0 0.821723 -0.552257 -0.140655
-1.593746 -0.307790 -7.050751 72 95 64 0 0.961730 -0.228983 0.150475
-1.531961 -0.299365 -7.290170 76 99 72 0 0.863929 -0.429687 0.262671
-1.607086 -0.366767 -7.027582 71 84 61 0 0.990305 -0.056098 0.127080
-1.504579 -0.047309 -6.779738 48 73 40 0 0.925466 -0.166612 0.340224
-1.635873 -0.274791 -6.634402 72 64 47 0 0.993893 -0.038867 0.103276
-1.609895 -0.271983 -6.859076 154 107 122 0 0.911397 -0.372261 0.175433
-1.564258 -0.442595 -7.285957 77 103 69 0 0.975451 -0.151904 0.159437
-1.507387 -0.097860 -6.686357 50 50 45 0 0.964929 0.001199 0.262509
-1.446304 -0.073286 -7.052155 68 92 62 0 0.785661 -0.618202 -0.023723
-1.555833 -0.192645 -6.926478 64 90 62 0 0.879286 -0.381577 0.285052
-1.609193 -0.230558 -6.709527 62 88 56 0 0.897648 -0.389710 0.205802
-1.529855 -0.229154 -7.173620 70 95 66 0 0.829927 -0.521539 0.198034
-1.565662 -0.231963 -7.004412 71 95 67 0 0.834271 -0.500563 0.231147
-1.620426 -0.435574 -6.965094 67 92 61 0 0.992314 -0.119435 0.032370
-1.621831 -0.440488 -6.848545 67 90 54 0 0.999920 0.008937 0.008937
-1.506685 -0.163858 -7.098495 68 93 67 0 0.857831 -0.491237 0.151037
-1.564258 -0.168071 -6.755867 69 86 59 0 0.879299 -0.443307 0.174104
-1.514408 -0.090137 -6.811333 57 86 55 0 0.870385 -0.481338 0.103651
-1.581810 -0.361150 -7.179237 65 91 60 0 0.977459 -0.094911 0.188589
-1.602874 -0.346406 -7.042326 66 94 62 0 0.971219 -0.237088 -0.022866
-1.591640 -0.432765 -7.167301 77 101 70 0 0.992979 0.001085 0.118289
-1.543195 -0.155433 -6.866097 63 89 60 0 0.817129 -0.571848 -0.072729
-1.630256 -0.337279 -6.673018 58 85 44 0 0.968570 0.222733 0.110730
-1.458240 -0.110498 -7.128685 64 90 59 0 0.703908 -0.709550 0.032445
-1.612703 -0.418723 -6.667401 57 85 49 0 0.881909 -0.047856 -0.468984
-1.592342 -0.328151 -7.097793 75 91 69 0 0.987765 -0.134748 0.078506
-1.625341 -0.319024 -6.808524 61 91 52 0 0.991734 -0.118737 -0.048626
-1.602874 -0.325343 -7.010029 71 97 66 0 0.976723 -0.165906 0.135968
-1.503877 -0.288131 -7.355466 72 99 65 0 0.642317 -0.738278 0.205851
-1.495451 -0.168773 -7.155365 66 92 65 0 0.752294 -0.610945 0.246577
-1.553726 -0.150518 -6.764292 65 86 62 0 0.880355 -0.443815 0.167340
-1.444197 -0.043798 -7.015646 56 67 55 0 0.855694 -0.388389 0.341968
-1.517919 -0.087329 -6.782547 55 84 54 0 0.935944 -0.331847 0.117840
-1.505281 -0.243196 -7.278234 70 95 67 0 0.824127 -0.458549 0.332487
-1.629554 -0.352725 -6.784653 66 92 54 0 0.990897 -0.046644 0.126280
-1.619724 -0.379405 -6.925776 69 94 62 0 0.996091 -0.062461 0.062461
-1.610597 -0.503678 -6.871714 67 95 54 0 0.964681 0.260624 -0.038291
-1.579704 -0.185624 -6.687762 56 84 51 0 0.874442 -0.484905 0.014776
-1.596555 -0.232665 -6.813439 68 94 63 0 0.861224 -0.488173 0.141352
-1.620426 -0.465764 -6.901905 60 90 53 0 0.999960 0.000985 0.008867
-1.612703 -0.320428 -6.920861 78 101 68 0 0.995448 -0.071655 0.062836
-1.581810 -0.511401 -7.248745 21 28 18 0 0.300763 -0.947337 0.109971
-1.614810 -0.411702 -6.993881 69 95 61 0 0.998152 -0.024191 0.055745
-1.581108 -0.392043 -7.206619 68 93 62 0 0.975719 -0.095464 0.197127
-1.484218 -0.135774 -7.105515 67 93 67 0 0.654821 -0.742131 0.143007
-1.472282 -0.065563 -6.908224 61 88 57 0 0.663360 -0.695329 0.276533
-1.564258 -0.465764 -7.290872 72 94 67 0 0.963639 0.056244 0.261220
-1.621128 -0.282514 -6.812035 65 89 53 0 0.995895 -0.071214 0.055875
-1.521429 -0.400468 -7.438314 89 103 85 0 0.960433 -0.167318 0.222652
-1.502472 -0.148412 -7.064794 58 87 55 0 0.730311 -0.674019 0.111102
-1.608490 -0.433467 -7.032496 63 86 51 0 0.988800 -0.047195 0.141586
-1.564960 -0.240388 -7.039517 65 92 62 0 0.830102 -0.488752 0.268426
-1.588129 -0.372384 -7.163088 73 99 74 0 0.939170 -0.086102 0.332485
-1.577598 -0.288131 -7.108324 64 88 61 0 0.879080 -0.425457 0.214952
-1.498962 -0.096456 -6.891373 60 88 55 0 0.809200 -0.573368 0.128234
-1.631660 -0.373788 -6.761483 69 84 57 0 0.993015 0.093980 -0.071334
-1.583917 -0.252324 -6.972115 67 93 68 0 0.858755 -0.505067 0.086300
-1.599363 -0.225644 -6.743228 63 89 60 0 0.846322 -0.500032 0.183594
-1.583917 -0.205283 -6.785355 63 90 59 0 0.820436 -0.569080 0.055072
-1.597959 -0.420829 -7.122366 72 99 63 0 0.928213 0.001270 0.372047
-1.619724 -0.417319 -6.956669 71 92 64 0 0.997692 -0.048017 -0.048017
-1.588129 -0.458041 -7.192577 69 95 62 0 0.987389 0.095554 0.126225
-1.620426 -0.257941 -6.740420 87 80 76 0 0.936352 -0.332776 0.111823
-1.475792 -0.145603 -7.160280 59 85 53 0 0.786315 -0.579309 0.214731
-1.609193 -0.380107 -7.012136 62 88 56 0 0.992858 -0.007646 0.119056
-1.454027 -0.048713 -6.953158 65 92 56 0 0.756225 -0.580359 -0.302170
-1.531961 -0.203176 -7.102005 66 93 65 0 0.838844 -0.544370 0.001351
-1.573385 -0.205283 -6.859778 68 90 62 0 0.858963 -0.461824 0.221134
-1.531259 -0.115413 -6.794482 61 89 57 0 0.846839 -0.505730 0.164622
-1.627447 -0.413808 -6.788865 67 89 53 0 0.963474 0.260025 -0.064064
-1.628852 -0.316216 -6.757270 61 90 51 0 0.989138 -0.103935 0.103935
-1.556535 -0.292344 -7.204513 66 89 62 0 0.925999 -0.300132 0.229011
-1.615512 -0.539486 -7.005816 85 101 82 0 0.956644 0.001219 0.291258
-1.623235 -0.255834 -6.717953 77 81 73 0 0.987878 -0.109764 0.109764
-1.622533 -0.379405 -6.904011 70 87 60 0 0.996387 -0.064248 0.055536
-1.569875 -0.221431 -6.955265 68 93 64 0 0.884630 -0.432842 0.173428
-1.454729 -0.155433 -7.221363 54 79 50 0 0.443563 -0.825563 0.348852
-1.622533 -0.387830 -6.675124 58 86 43 0 0.936992 0.175255 -0.302211
-1.608490 -0.319024 -6.970009 65 93 60 0 0.989448 -0.070758 -0.126436
-1.491941 -0.065563 -6.828183 58 86 51 0 0.753134 -0.633977 0.175680
-1.459644 -0.102073 -7.089367 60 86 60 0 0.744577 -0.632657 0.212958
-1.599363 -0.542996 -6.863991 70 88 59 0 0.927177 0.032510 -0.373211
-1.478601 -0.064861 -6.888565 58 86 56 0 0.759601 -0.649267 0.038192
-1.478601 -0.116115 -7.049347 60 87 55 0 0.792146 -0.554658 0.254674
-1.522131 -0.140689 -6.947542 63 90 61 0 0.811373 -0.533188 0.239548
-1.550918 -0.150518 -6.789567 69 87 62 0 0.880424 -0.460770 0.112002
-1.610597 -0.485423 -6.743228 58 85 43 0 0.904034 0.324864 0.277825
-1.508089 -0.328853 -7.394783 69 93 61 0 0.840189 -0.451931 0.299735
-1.546003 -0.302173 -7.255064 70 92 66 0 0.846564 -0.459388 0.268872
-1.592342 -0.271983 -6.979838 75 96 74 0 0.857831 -0.491237 0.151037
-1.602874 -0.434872 -7.073219 71 97 63 0 0.994348 0.070466 0.079414
-1.535471 -0.126647 -6.696889 61 86 55 0 0.746508 -0.658511 -0.095330
-1.593746 -0.493146 -7.094282 69 93 62 0 0.987328 0.086111 0.133295
-1.503877 -0.113307 -6.947542 64 91 62 0 0.851389 -0.500210 0.157883
-1.492643 -0.291642 -7.387763 77 97 72 0 0.858805 -0.372922 0.351259
-1.547407 -0.188432 -6.967200 67 94 66 0 0.834759 -0.525259 0.165166
-1.457538 -0.141391 -7.190471 64 90 60 0 0.776109 -0.483237 0.405138
-1.616214 -0.288131 -6.852055 56 85 49 0 0.949081 -0.308613 0.063272
-1.634468 -0.312705 -6.684251 75 82 58 0 0.996873 -0.063860 -0.046542
-1.511600 -0.101371 -6.851353 59 87 52 0 0.780479 -0.616476 0.103966
-1.468771 -0.049415 -6.877331 57 85 47 0 0.808221 -0.539329 0.236439
-1.556535 -0.155433 -6.679337 58 87 51 0 0.806037 -0.591826 -0.006866
-1.598661 -0.274089 -6.944031 74 93 69 0 0.928458 -0.356474 0.104367
-1.550216 -0.427148 -7.342126 76 100 67 0 0.949190 -0.134836 0.284356
-1.587427 -0.327449 -7.119558 70 95 70 0 0.925371 -0.308457 0.220326
-1.610597 -0.290940 -6.890671 62 89 57 0 0.978325 -0.164914 0.125235
-1.515812 -0.403277 -7.508525 113 113 108 0 0.734474 -0.673146 -0.086151
-1.602874 -0.272685 -6.908926 83 88 79 0 0.920240 -0.326721 0.215436
-1.480707 -0.083116 -6.954563 60 86 51 0 0.877761 -0.467856 0.103183
-1.594448 -0.401873 -7.141323 67 94 62 0 0.998346 -0.032612 -0.047340
-1.534067 -0.168773 -6.965796 62 89 58 0 0.834926 -0.540755 0.102383
-1.517217 -0.288131 -7.316850 72 98 66 0 0.854009 -0.435468 0.284670
-1.570577 -0.187028 -6.802907 60 88 55 0 0.892654 -0.449683 0.030874
-1.529855 -0.134370 -6.857672 60 88 59 0 0.779603 -0.565409 0.269317
-1.481409 -0.193347 -7.269809 71 92 66 0 0.921336 -0.382214 0.071078
-1.543195 -0.418021 -7.365295 68 92 61 0 0.928179 -0.127505 0.349609
-1.475792 -0.242494 -7.358976 34 55 34 0 0.491636 -0.870237 -0.031323
-1.627447 -0.350619 -6.802206 60 84 48 0 0.990082 -0.110267 0.087053
-1.625341 -0.279004 -6.748143 62 84 51 0 0.986620 -0.078977 0.142630
-1.536173 -0.379405 -7.367402 78 96 71 0 0.905518 -0.228931 0.357250
-1.602874 -0.246005 -6.826077 66 93 63 0 0.890972 -0.430470 0.144443
-1.563556 -0.401873 -7.285255 72 99 62 0 0.980433 -0.103782 0.167272
-1.616214 -0.394852 -6.640018 29 32 27 0 0.759974 -0.222242 0.610777
-1.619022 -0.529656 -6.970009 69 95 63 0 0.991025 -0.039551 -0.127692
-1.609193 -0.397660 -7.020561 67 91 59 0 0.994231 -0.031930 0.102396
-1.583215 -0.336577 -7.151855 65 93 61 0 0.980910 -0.039047 0.190502
-1.593746 -0.208091 -6.634402 60 85 53 0 0.658966 -0.729624 -0.182790
-1.503877 -0.337981 -7.431293 70 93 63 0 0.883113 -0.457754 0.102819
-1.597257 -0.440488 -7.135004 73 97 68 0 0.976870 0.015319 0.213285
-1.612001 -0.500168 -7.024071 73 98 66 0 0.971560 -0.008324 0.236647
-1.617618 -0.507891 -6.931393 66 94 60 0 0.984900 0.125962 -0.118764
-1.599363 -0.355534 -7.074623 73 98 68 0 0.968623 -0.158221 0.191666
-1.527046 -0.188432 -7.084453 76 96 70 0 0.920470 -0.388054 0.046355
-1.597959 -0.297961 -7.005816 73 67 62 0 0.909821 -0.341001 0.236524
-1.496855 -0.327449 -7.450250 81 94 82 0 0.524841 -0.826054 0.205372
-1.572683 -0.413808 -7.250150 77 101 67 0 0.960878 -0.126466 0.246413
-1.496153 -0.097860 -6.926478 62 89 58 0 0.779890 -0.624758 0.038078
-1.555130 -0.185624 -6.901203 64 92 63 0 0.768063 -0.585116 0.260227
-1.607788 -0.404681 -7.040220 69 96 62 0 0.998463 0.007258 0.054952
-1.591640 -0.527550 -6.809227 71 89 59 0 0.781725 -0.015273 -0.623436
-1.584619 -0.193347 -6.666699 57 84 52 0 0.738223 -0.667777 0.095397
-1.623235 -0.337279 -6.854863 64 88 55 0 0.992576 -0.117233 0.032379
-1.569173 -0.172986 -6.739718 80 92 74 0 0.822007 -0.553416 0.134296
-1.615512 -0.387830 -6.963690 69 97 63 0 0.956341 -0.182732 0.228081
-1.621128 -0.446105 -6.901905 65 93 58 0 0.997945 0.030755 -0.056207
-1.619724 -0.462956 -6.965796 72 99 65 0 0.997490 0.007358 0.070423
-1.563556 -0.292344 -7.174322 66 87 65 0 0.919282 -0.356169 0.167526
-1.597257 -0.455935 -7.100601 70 98 62 0 0.992314 0.119435 0.032370
-1.571981 -0.231963 -6.979838 69 95 67 0 0.835162 -0.437167 0.333751
-1.635171 -0.291642 -6.630189 61 84 45 0 0.994544 0.101752 0.022976
-1.581810 -0.217921 -6.851353 65 91 60 0 0.894132 -0.389072 0.221698
-1.536173 -0.432063 -7.406720 86 104 82 0 0.970234 -0.149562 0.190467
-1.621128 -0.335172 -6.878735 67 93 59 0 0.988483 -0.151127 0.007836
-1.555833 -0.434872 -7.324573 79 101 74 0 0.951235 -0.207026 0.228675
-1.586023 -0.480509 -7.184152 75 98 67 0 0.995500 0.001065 0.094759
-1.555130 -0.224239 -7.045836 67 93 67 0 0.873818 -0.459520 0.159009
-1.589534 -0.438382 -7.183449 70 97 64 0 0.964077 -0.103706 0.244540
-1.570577 -0.352023 -7.222767 70 92 66 0 0.957083 -0.165930 0.237611
-1.580406 -0.274089 -7.045135 67 93 65 0 0.895620 -0.397568 0.199512
-1.618320 -0.277600 -6.828183 80 77 63 0 0.897169 -0.348487 0.271375
-1.526344 -0.102073 -6.734101 59 86 54 0 0.916649 -0.386174 -0.103071
-1.470878 -0.130859 -7.143429 67 92 68 0 0.826205 -0.540383 0.159286
-1.583215 -0.268472 -7.017050 69 94 66 0 0.924117 -0.370461 0.093633
-1.617618 -0.373086 -6.651955 61 86 47 0 0.906570 0.157974 -0.391376
-1.621831 -0.436978 -6.784653 69 87 51 0 0.966693 0.237545 -0.095272
-1.557939 -0.262855 -7.140621 72 97 75 0 0.751669 -0.657173 0.055838
-1.574087 -0.247409 -7.008625 73 87 68 0 0.892359 -0.409059 0.190700
-1.628852 -0.408192 -6.767802 62 88 50 0 0.978136 0.206482 -0.024778
-1.604278 -0.298663 -6.959477 64 88 57 0 0.981875 -0.158993 0.103164
-1.536876 -0.152625 -6.905415 85 100 75 0 0.894454 -0.435329 0.102183
-1.634468 -0.301471 -6.650550 61 86 51 0 0.999211 0.031901 -0.023668
-1.591640 -0.481211 -7.131494 68 93 63 0 0.969720 0.198556 0.142191
-1.538280 -0.277600 -7.243831 75 94 68 0 0.770703 -0.422013 0.477412
-1.564960 -0.338683 -7.235405 90 97 84 0 0.969484 -0.173351 0.173351
-1.454027 -0.023437 -6.835907 31 44 28 0 0.934259 -0.339362 -0.109515
-1.538982 -0.168071 -6.941223 65 92 60 0 0.903637 -0.371059 0.213904
-1.594448 -0.298663 -7.030390 100 88 83 0 0.978235 -0.157460 0.135143
-1.524238 -0.437680 -7.444633 26 28 25 0 0.857820 -0.326126 0.397225
-1.632362 -0.349215 -6.707421 63 90 50 0 0.996719 0.040042 -0.070344
-1.617618 -0.491040 -6.991774 68 93 59 0 0.994649 0.054456 0.087796
-1.527748 -0.217218 -7.152557 68 93 67 0 0.822591 -0.491682 0.285644
-1.613405 -0.472083 -6.825375 58 88 48 0 0.837939 0.450958 -0.307400
-1.501068 -0.167369 -7.131494 64 90 62 0 0.777365 -0.529509 0.339594
-1.589534 -0.231963 -6.861885 66 92 61 0 0.816607 -0.576995 0.015148
-1.633766 -0.252324 -6.687060 42 41 37 0 0.993538 0.111127 -0.023106
-1.470878 -0.121030 -7.110430 60 88 59 0 0.769965 -0.523576 0.364720
-1.590236 -0.497359 -7.111133 71 93 64 0 0.949438 0.237699 0.205100
-1.544599 -0.374490 -7.331594 72 99 62 0 0.973248 -0.166226 0.158613
-1.515812 -0.189134 -7.130089 68 94 67 0 0.907450 -0.370770 0.197648
-1.634468 -0.253728 -6.599297 35 20 23 0 0.498185 -0.197167 0.844356
-1.533365 -0.116817 -6.729186 57 85 53 0 0.895870 -0.443248 -0.030800
-1.546705 -0.435574 -7.365295 95 105 94 0 0.844691 -0.529529 0.078081
-1.590938 -0.214410 -6.598594 27 36 21 0 0.759601 -0.649267 0.038192
-1.598661 -0.321130 -7.042326 68 92 65 0 0.980201 -0.118998 0.158255
-1.541088 -0.128753 -6.786759 61 87 58 0 0.899148 -0.419226 0.125627
-1.594448 -0.360448 -7.111133 68 91 64 0 0.998341 0.015681 0.055405
-1.545301 -0.145603 -6.805014 64 90 58 0 0.856776 -0.508401 0.086386
-1.610597 -0.370278 -6.995285 65 93 59 0 0.997737 -0.054422 0.039483
-1.450516 -0.127349 -7.185556 68 88 64 0 0.752735 -0.500184 0.428026
-1.616916 -0.472083 -6.734101 64 91 51 0 0.940116 0.220795 0.259677
-1.637979 -0.283216 -6.585254 26 20 20 0 0.827644 0.221827 0.515556
-1.619724 -0.272685 -6.785355 116 87 88 0 0.909411 -0.378326 0.172745
-1.497558 -0.109796 -6.967200 62 89 57 0 0.759601 -0.649267 0.038192
-1.626043 -0.303578 -6.776227 66 66 58 0 0.992409 -0.094569 0.078618
-1.604980 -0.527550 -6.897692 61 89 47 0 0.920172 0.332403 -0.206860
-1.618320 -0.466466 -6.852055 138 134 135 0 0.955388 0.267509 -0.125189
-1.549513 -0.285323 -7.219257 71 92 65 0 0.917965 -0.276112 0.284786
-1.584619 -0.502274 -7.165897 69 93 61 0 0.975388 0.190593 0.110868
-1.496153 -0.312705 -7.411634 66 85 59 0 0.883582 -0.345881 0.315673
-1.462452 -0.077499 -7.009327 55 82 46 0 0.826108 -0.485670 0.285780
-1.629554 -0.338683 -6.768504 61 89 49 0 0.990388 -0.134386 -0.032749
-1.615512 -0.488934 -6.876629 69 92 58 0 0.976321 0.213906 -0.032265
-1.515110 -0.409596 -7.477633 124 113 127 0 0.985249 -0.159292 -0.062537
-1.620426 -0.500870 -6.959477 71 98 64 0 0.998513 -0.054502 0.001028
-1.531259 -0.150518 -6.934904 64 92 61 0 0.763333 -0.642124 0.070706
-1.490537 -0.069074 -6.844332 58 86 51 0 0.786865 -0.589007 0.184160
-1.633064 -0.328853 -6.710931 76 75 57 0 0.976942 -0.150971 0.150971
-1.605682 -0.485423 -6.808524 62 91 46 0 0.934187 0.356781 0.001261
-1.447708 -0.037479 -6.962988 73 92 65 0 0.878142 -0.474335 -0.062231
-1.482813 -0.158944 -7.167301 61 88 61 0 0.595557 -0.759849 0.260655
-1.541088 -0.155433 -6.888565 71 92 70 0 0.808492 -0.587103 0.040635
-1.476494 -0.235473 -7.340019 53 62 48 0 0.966978 0.151050 0.205273
-1.612001 -0.434169 -7.011433 58 84 46 0 0.965622 -0.103323 0.238535
-1.592342 -0.262153 -6.953158 73 98 70 0 0.854712 -0.491570 0.166809
-1.593746 -0.442595 -7.154663 71 95 63 0 0.984407 0.111782 0.135822
-1.632362 -0.301471 -6.615445 51 77 37 0 0.983993 0.175423 -0.031367
-1.595150 -0.222133 -6.773419 65 91 63 0 0.845611 -0.520711 0.117486
-1.534067 -0.339385 -7.338615 68 93 64 0 0.878012 -0.301769 0.371525
-1.601469 -0.354831 -7.058475 69 97 64 0 0.978582 -0.198605 0.054165
-1.548109 -0.399766 -7.337913 66 89 60 0 0.978622 0.015236 0.205100
-1.498260 -0.081712 -6.855566 62 88 56 0 0.773429 -0.633061 -0.032285
-1.623235 -0.436978 -6.823971 64 92 53 0 0.881543 0.428262 -0.198678
-1.585321 -0.535273 -7.147642 41 42 40 0 0.962680 0.166341 -0.213492
-1.528450 -0.170177 -7.010029 67 90 68 0 0.743247 -0.641685 0.189274
-1.564960 -0.191943 -6.871012 64 88 61 0 0.881525 -0.467664 0.064838
-1.451921 -0.044500 -6.988264 63 67 60 0 0.900734 -0.433785 -0.022552
-1.544599 -0.136476 -6.728484 61 88 57 0 0.849263 -0.475526 -0.229407
-1.528450 -0.354831 -7.370210 70 95 63 0 0.861176 -0.377438 0.340465
-1.563556 -0.418723 -7.283149 70 97 61 0 0.970293 0.055481 0.235484
-1.630256 -0.330960 -6.644933 62 82 46 0 0.973135 0.173819 -0.150982
-1.621831 -0.446105 -6.869607 61 89 53 0 0.987116 0.150340 -0.054775
-1.589534 -0.366767 -7.148344 69 94 67 0 0.985926 -0.054969 0.157888
-1.537578 -0.137880 -6.825375 61 89 59 0 0.838455 -0.544928 0.006795
-1.600767 -0.435574 -7.098495 66 93 58 0 0.997202 0.063331 0.039716
-1.491239 -0.233367 -7.299999 60 84 55 0 0.774611 -0.561474 0.291076
-1.576896 -0.228452 -6.934904 64 92 60 0 0.868407 -0.430428 0.246174
-1.538982 -0.395554 -7.366699 77 101 68 0 0.947021 -0.149530 0.284241
-1.608490 -0.495955 -6.839417 66 91 52 0 0.924050 0.316533 -0.214334
-1.569173 -0.367469 -7.240320 70 91 62 0 0.985764 -0.024099 0.166398
-1.469473 -0.039585 -6.844332 58 87 47 0 0.815102 -0.512750 0.269623
-1.517217 -0.156837 -7.020561 68 91 62 0 0.871459 -0.482892 0.085879
-1.628150 -0.403277 -6.815546 65 90 55 0 0.997692 0.048017 0.048017
-1.504579 -0.216516 -7.229789 65 93 64 0 0.850038 -0.436590 0.294659
-1.466665 -0.158241 -7.203108 54 82 53 0 0.642948 -0.606016 0.468361
-1.562151 -0.255834 -7.106218 68 91 71 0 0.885473 -0.427419 0.182346
-1.545301 -0.154731 -6.850651 61 88 56 0 0.752644 -0.658391 0.006930
-1.579704 -0.495253 -7.244533 90 111 90 0 0.969245 0.022934 0.245027
-1.473686 -0.116115 -7.076729 65 91 62 0 0.651417 -0.755412 0.070775
-1.579704 -0.200368 -6.607019 41 44 36 0 0.659401 -0.612659 -0.435706
-1.628150 -0.399766 -6.731995 64 86 48 0 0.994244 0.086116 -0.063748
-1.591640 -0.526848 -7.094282 140 140 139 0 0.965842 0.056081 0.252988
-1.515812 -0.312705 -7.357572 72 95 67 0 0.806681 -0.544471 0.229819
-1.582512 -0.505082 -7.205215 71 96 69 0 0.997737 0.039483 -0.054422
-1.614107 -0.472083 -6.753058 61 90 47 0 0.963184 0.245618 0.109307
-1.615512 -0.476998 -7.007923 73 98 67 0 0.958071 -0.023488 0.285567
-1.536173 -0.201772 -7.080240 64 89 64 0 0.904034 -0.324864 0.277825
-1.524238 -0.385022 -7.418655 81 97 79 0 0.945645 -0.141644 0.292732
-1.484920 -0.101371 -6.995987 59 85 51 0 0.777413 -0.523104 0.349273
-1.587427 -0.391341 -7.175726 66 91 63 0 0.964990 -0.181507 0.189342
-1.550918 -0.144901 -6.667401 54 82 48 0 0.831067 -0.539826 0.133853
-1.607086 -0.535975 -6.915245 63 89 51 0 0.981875 0.158993 -0.103164
-1.623937 -0.300067 -6.814843 66 92 58 0 0.975691 -0.141896 0.167010
-1.545301 -0.140689 -6.702506 57 86 51 0 0.882636 -0.469027 0.031088
-1.539684 -0.163156 -6.925776 62 89 61 0 0.877525 -0.412512 0.244507
-1.536876 -0.179305 -6.996689 65 91 62 0 0.766093 -0.641016 0.046904
-1.514408 -0.418021 -7.464994 91 98 84 0 0.974830 0.062379 0.214047
-1.631660 -0.268472 -6.672316 82 78 57 0 0.889714 -0.451065 0.070350
-1.626043 -0.361852 -6.838715 88 86 85 0 0.997537 -0.062946 0.030940
-1.588129 -0.238282 -6.899798 73 92 66 0 0.880424 -0.460770 0.112002
-1.508791 -0.204580 -7.187662 65 92 60 0 0.852726 -0.427134 0.300690
-1.598661 -0.284621 -6.973519 121 97 100 0 0.971387 -0.221281 0.086262
-1.597257 -0.362555 -7.093580 74 100 72 0 0.988554 0.016908 0.149918
-1.511600 -0.028352 -6.761483 33 43 29 0 0.793693 0.070327 0.604240
-1.626745 -0.330258 -6.798695 62 88 52 0 0.996811 -0.079448 0.007415
-1.620426 -0.505784 -6.974924 68 93 61 0 0.988927 0.142908 0.040014
-1.543897 -0.325343 -7.297893 77 99 75 0 0.858748 -0.484611 0.166447
-1.589534 -0.531060 -6.828886 62 89 53 0 0.815194 0.578300 0.032050
-1.587427 -0.337279 -7.130792 69 95 69 0 0.931830 -0.252341 0.260800
-1.563556 -0.318322 -7.212236 72 94 72 0 0.932410 -0.324617 0.158855
-1.630958 -0.297259 -6.697591 58 87 46 0 0.984900 -0.118764 0.125962
-1.504579 -0.265664 -7.317552 70 94 69 0 0.751368 -0.587958 0.299586
-1.557237 -0.155433 -6.651252 57 84 55 0 0.886318 -0.457677 0.070518
-1.612703 -0.506487 -6.911032 64 94 53 0 0.944905 0.301565 -0.127328
-1.540386 -0.309897 -7.283851 76 100 71 0 0.856301 -0.515959 0.023143
-1.629554 -0.351321 -6.668103 59 86 46 0 0.978622 0.205100 0.015236
-1.459644 -0.090137 -7.046539 63 90 60 0 0.816432 -0.547809 0.182603
-1.451921 -0.118221 -7.170109 59 85 56 0 0.984828 0.126260 0.119045
-1.550918 -0.198964 -6.983349 75 91 67 0 0.839221 -0.530876 0.117811
-1.516515 -0.220729 -7.202406 69 95 67 0 0.825890 -0.563790 -0.006826
-1.637277 -0.267068 -6.611934 81 45 44 0 0.984600 -0.151569 0.087122
-1.630958 -0.386426 -6.753760 60 91 50 0 0.996092 0.086850 0.016083
-1.621128 -0.429957 -6.944031 66 94 58 0 0.994694 -0.007560 0.102601
-1.619724 -0.308492 -6.856267 66 92 58 0 0.973135 -0.150982 0.173819
-1.603576 -0.490338 -6.766398 63 87 47 0 0.927212 0.373730 0.024570
-1.513004 -0.373086 -7.446037 88 99 84 0 0.896763 -0.331639 0.292972
-1.557237 -0.405383 -7.309829 70 96 61 0 0.903639 -0.030609 0.427199
-1.517217 -0.347108 -7.396890 72 97 63 0 0.846683 -0.394495 0.357073
-1.600767 -0.467871 -7.069708 68 92 62 0 0.909411 0.172745 0.378326
-1.600065 -0.257239 -6.885756 71 91 64 0 0.873926 -0.387567 0.293335
-1.549513 -0.317620 -7.264192 69 92 68 0 0.842992 -0.395690 0.364410
-1.505281 -0.127349 -6.986157 62 87 53 0 0.844241 -0.480897 0.236632
-1.532663 -0.399766 -7.396188 80 102 73 0 0.972960 -0.119575 0.197613
-1.628150 -0.372384 -6.696889 62 91 47 0 0.986180 0.086632 -0.141222
-1.454027 -0.106286 -7.142025 64 93 62 0 0.769719 -0.634479 0.070498
-1.512302 -0.070478 -6.735505 68 93 62 0 0.888729 -0.437945 -0.135520
-1.588129 -0.250920 -6.931393 66 71 59 0 0.848824 -0.522898 0.077939
-1.620426 -0.535975 -6.983349 87 107 82 0 0.985853 -0.125472 0.111133
-1.511600 -0.051521 -6.750952 53 80 45 0 0.974640 -0.119165 0.189409
-1.576194 -0.493849 -7.258575 92 110 88 0 0.919760 -0.119969 0.373696
-1.518621 -0.177900 -7.094282 68 91 68 0 0.753067 -0.656264 0.046978
-1.581108 -0.517720 -7.198194 86 101 81 0 0.886710 -0.064613 -0.457790
-1.564960 -0.168071 -6.689166 55 84 51 0 0.753067 -0.656264 0.046978
-1.621128 -0.495253 -6.944031 73 90 65 0 0.999513 0.001007 -0.031203
-1.588129 -0.483317 -7.166599 66 93 59 0 0.988199 0.125430 0.087918
-1.571279 -0.210899 -6.906117 66 91 65 0 0.902841 -0.426379 0.055497
-1.610597 -0.527550 -7.037411 99 112 100 0 0.975843 -0.039610 0.214853
-1.449814 -0.106286 -7.160982 67 91 69 0 0.878722 -0.419220 0.228259
-1.626043 -0.418723 -6.743930 62 90 48 0 0.991746 0.126060 0.023427
-1.622533 -0.448212 -6.732697 61 84 44 0 0.996387 0.055536 0.064248
-1.592342 -0.483317 -7.108324 68 90 61 0 0.978671 0.182506 0.094315
-1.579704 -0.285323 -7.094282 67 92 65 0 0.883301 -0.424749 0.198412
-1.557939 -0.272685 -7.160982 70 94 71 0 0.941465 -0.293781 0.165337
-1.567768 -0.258643 -7.080240 76 92 73 0 0.857831 -0.491237 0.151037
-1.536173 -0.117519 -6.758675 59 86 55 0 0.876523 -0.481358 0.001326
-1.619724 -0.389235 -6.936308 72 93 65 0 0.990429 -0.070333 0.118759
-1.600065 -0.524741 -6.849246 62 91 51 0 0.831621 0.271012 -0.484725
-1.490537 -0.259345 -7.346338 69 94 68 0 0.714127 -0.627078 0.311121
-1.626043 -0.429255 -6.727080 55 60 47 0 0.994694 0.102601 -0.007560
-1.590938 -0.302875 -7.066900 107 97 88 0 0.999379 -0.015344 0.031710
-1.441389 -0.078201 -7.102707 36 39 27 0 0.940416 0.102712 -0.324143
-1.625341 -0.382916 -6.852055 65 91 53 0 0.956146 -0.031247 0.291218
-1.623235 -0.413808 -6.905415 61 89 56 0 0.999217 0.001014 0.039563
-1.587427 -0.265664 -6.991774 78 89 72 0 0.877091 -0.467687 0.109459
-1.506685 -0.375192 -7.474824 82 79 77 0 0.990429 -0.070333 0.118759
-1.556535 -0.474892 -7.314744 76 97 69 0 0.994858 -0.038560 0.093647
-1.567066 -0.312003 -7.197492 70 93 69 0 0.824556 -0.517459 0.228787
-1.524238 -0.150518 -6.961584 65 93 63 0 0.791242 -0.560268 0.245020
-1.524238 -0.174390 -7.043028 70 95 69 0 0.775341 -0.622911 0.104063
-1.622533 -0.425744 -6.675124 33 38 29 0 -0.911072 0.001292 0.412244
-1.623937 -0.352725 -6.856267 58 87 51 0 0.998844 0.001022 0.048051
-1.612001 -0.257941 -6.802206 69 92 66 0 0.900074 -0.433169 0.047230
-1.615512 -0.404681 -6.667401 55 85 44 0 0.834066 0.078416 -0.546064
-1.623937 -0.388533 -6.880139 63 89 56 0 0.993122 0.078136 0.087195
-1.600065 -0.310599 -7.012136 66 90 63 0 0.976723 -0.135968 0.165906
-1.628852 -0.377299 -6.812035 68 93 55 0 0.986514 -0.093784 0.134147
-1.609895 -0.411702 -7.024773 75 101 69 0 0.984401 0.024235 0.174261
-1.556535 -0.183517 -6.887160 63 90 59 0 0.933823 -0.292607 0.205805
-1.517919 -0.406085 -7.450952 96 109 90 0 0.956075 -0.023622 0.292169
-1.612703 -0.246005 -6.743228 60 85 54 0 0.866692 -0.484370 0.119296
-1.622533 -0.359746 -6.648444 54 82 40 0 0.842290 0.381148 -0.381148
-1.601469 -0.411000 -7.098495 68 94 62 0 0.995685 -0.047101 0.079961
-1.590236 -0.203878 -6.728484 63 90 57 0 0.877282 -0.458152 0.143082
-1.620426 -0.403979 -6.931393 66 90 60 0 0.992858 -0.007646 0.119056
-1.628852 -0.293748 -6.724271 60 88 49 0 0.992314 -0.119435 0.032370
-1.602874 -0.367469 -7.064794 70 96 66 0 0.959919 -0.118525 0.253981
-1.622533 -0.305684 -6.842226 75 85 62 0 0.904464 -0.310312 0.292664
-1.612703 -0.338683 -6.948946 74 100 69 0 0.976723 -0.165906 0.135968
-1.610597 -0.312003 -6.932095 50 44 45 0 0.973248 -0.158613 0.166226
-1.522833 -0.314109 -7.340722 74 98 68 0 0.886973 -0.349686 0.301661
-1.576194 -0.387830 -7.219257 69 96 61 0 0.972602 -0.205090 0.109465
-1.586725 -0.474190 -7.196790 75 99 69 0 0.977643 0.183693 0.102326
-1.620426 -0.356938 -6.899096 67 91 59 0 0.994348 -0.079414 0.070466
-1.526344 -0.101371 -6.749547 57 85 54 0 0.935944 -0.331847 -0.117840
-1.518621 -0.150518 -6.986859 61 89 55 0 0.827037 -0.531774 0.182280
-1.579704 -0.371682 -7.196087 67 93 63 0 0.883869 -0.087968 0.459388
-1.468771 -0.133668 -7.157472 67 95 69 0 0.854207 -0.474560 0.212422
-1.633064 -0.317620 -6.648444 62 84 53 0 0.997537 0.030940 -0.062946
-1.592342 -0.336577 -7.109026 64 90 61 0 0.998965 -0.032158 0.032158
-1.566364 -0.382916 -7.260681 80 101 69 0 0.979395 -0.156851 0.127210
-1.572683 -0.348512 -7.209427 70 95 67 0 0.959953 -0.159334 0.230441
-1.598661 -0.387830 -7.106218 71 98 64 0 0.968387 -0.247274 0.032889
-1.503877 -0.109094 -6.923670 62 87 56 0 0.775973 -0.619300 0.119722
-1.526344 -0.118221 -6.689166 58 86 54 0 0.738858 -0.635761 -0.223376
-1.573385 -0.194751 -6.820460 65 91 60 0 0.870059 -0.466469 0.159389
-1.623235 -0.311301 -6.823971 57 87 49 0 0.955403 -0.243848 0.166563
-1.516515 -0.076095 -6.761483 57 85 53 0 0.888291 -0.459279 0.001316
-1.626745 -0.336577 -6.607019 50 58 40 0 0.846185 0.054547 0.530090
-1.607788 -0.331662 -6.989668 77 96 73 0 0.974432 -0.087909 0.206773
-1.487026 -0.213006 -7.276830 65 90 61 0 0.861339 -0.371347 0.346693
-1.536876 -0.144901 -6.872416 58 86 57 0 0.838757 -0.529511 0.126908
-1.468069 -0.072584 -6.979838 65 92 59 0 0.807109 -0.576928 0.125419
-1.617618 -0.481211 -6.899798 58 85 49 0 0.990388 0.032749 -0.134386
-1.574087 -0.262153 -7.047943 71 97 68 0 0.870070 -0.476022 0.127994
-1.535471 -0.357640 -7.350551 78 99 74 0 0.753134 -0.633977 0.175680
-1.597959 -0.461552 -7.082346 70 97 60 0 0.971447 0.001180 0.237255
-1.532663 -0.120328 -6.715144 60 87 57 0 0.743704 -0.657607 -0.120240
-1.556535 -0.199666 -6.953158 66 92 66 0 0.720462 -0.674959 0.159260
-1.592342 -0.253026 -6.913840 69 96 65 0 0.884630 -0.432842 0.173428
-1.602172 -0.265664 -6.896288 70 90 66 0 0.821874 -0.561879 0.093887
-1.577598 -0.469275 -7.241022 73 97 69 0 0.952354 -0.047046 0.301346
-1.500366 -0.127349 -7.006518 64 90 58 0 0.849783 -0.499785 0.167584
-1.578300 -0.206687 -6.836608 72 89 63 0 0.845664 -0.514433 0.142165
-1.597959 -0.507891 -6.825375 61 90 50 0 0.995797 0.031561 -0.085976
-1.501770 -0.350619 -7.477633 16 16 28 0 0.484290 -0.768015 0.419066
-1.607788 -0.483317 -6.782547 59 89 48 0 0.948677 0.283127 -0.140893
-1.586725 -0.446105 -7.198896 70 96 65 0 0.968315 -0.150455 0.199321
-1.560045 -0.436276 -7.304212 77 103 68 0 0.983890 -0.167344 0.062902
-1.570577 -0.465764 -7.265596 64 75 56 0 0.913864 0.001289 0.406019
-1.623937 -0.373086 -6.872416 66 92 60 0 0.999211 -0.031901 0.023668
-1.552322 -0.213006 -7.027582 70 93 67 0 0.869472 -0.490720 0.056675
-1.482111 -0.225644 -7.307020 62 85 61 0 0.744588 -0.611229 0.268306
-1.493345 -0.158241 -7.137813 62 88 61 0 0.805674 -0.515568 0.291682
-1.619724 -0.549315 -6.993178 37 33 31 0 0.942785 -0.142026 0.301637
-1.505281 -0.144199 -7.035305 74 97 70 0 0.745984 -0.627623 0.222705
-1.630958 -0.324641 -6.746037 64 92 53 0 0.996719 -0.070344 -0.040042
-1.557237 -0.466466 -7.341424 87 99 88 0 0.960546 -0.276389 -0.030985
-1.510195 -0.105583 -6.866097 62 90 59 0 0.769855 -0.562648 0.301248
-1.622533 -0.446807 -6.927883 68 95 61 0 0.988261 0.023827 -0.150906
-1.631660 -0.365363 -6.772015 45 44 38 0 0.989393 -0.030670 0.141991
-1.581810 -0.298663 -7.117451 73 93 73 0 0.904024 -0.397201 0.158026
-1.451921 -0.050117 -6.934904 62 89 50 0 0.790481 -0.591731 -0.158096
-1.489132 -0.297259 -7.408826 67 76 70 0 0.690306 -0.680829 0.244846
-1.471580 -0.196857 -7.292276 70 88 64 0 0.753113 -0.324145 0.572495
-1.583215 -0.403979 -7.201002 70 96 66 0 0.977134 -0.212622 0.001162
-1.496153 -0.126647 -7.019156 61 89 60 0 0.712710 -0.594744 0.371920
-1.558641 -0.321130 -7.238214 72 95 71 0 0.865532 -0.333607 0.373578
-1.612703 -0.545805 -7.021965 73 94 67 0 0.970663 -0.125945 0.204819
-1.583917 -0.482615 -7.206619 73 98 68 0 0.974465 0.039848 0.220975
-1.472984 -0.072584 -6.952456 64 89 58 0 0.831067 -0.539826 0.133853
-1.614107 -0.399064 -6.987562 67 94 60 0 0.991178 -0.111149 0.072190
-1.602172 -0.528954 -7.059176 60 67 57 0 0.864930 0.039751 0.500316
-1.521429 -0.130859 -6.923670 64 89 61 0 0.826006 -0.530033 0.191778
-1.544599 -0.133668 -6.664592 51 79 45 0 0.850591 -0.405858 0.334327
-1.581810 -0.245303 -6.955265 70 96 67 0 0.862261 -0.466127 0.198067
-1.560747 -0.471381 -7.302808 71 93 64 0 0.971535 0.062958 0.228379
-1.621128 -0.468573 -6.937010 73 99 65 0 0.999211 -0.023668 0.031901
-1.627447 -0.253026 -6.653358 57 69 52 0 0.883113 -0.457754 0.102819
-1.535471 -0.213006 -7.110430 66 92 65 0 0.904338 -0.316151 0.286741
-1.513706 -0.156135 -7.033198 66 91 64 0 0.808221 -0.539329 0.236439
-1.517919 -0.362555 -7.417251 75 98 70 0 0.909138 -0.252457 0.331259
-1.599363 -0.554230 -6.887862 70 92 51 0 0.745711 0.299888 0.594965
-1.647106 -0.252324 -6.609828 48 33 35 0 0.308819 0.949523 0.055101
-1.506685 -0.106988 -6.892075 65 92 59 0 0.859618 -0.496764 0.119511
-1.496855 -0.062053 -6.811333 52 80 43 0 0.741084 -0.537327 0.402584
-1.508089 -0.359044 -7.448144 69 70 63 0 0.878784 -0.404090 0.253871
-1.507387 -0.311301 -7.377933 68 92 63 0 0.854467 -0.307485 0.418735
-1.601469 -0.220027 -6.709527 57 84 51 0 0.831067 -0.539826 0.133853
-1.561449 -0.161050 -6.665997 62 89 55 0 0.836582 -0.545109 -0.054651
-1.627447 -0.273387 -6.720059 64 83 50 0 0.979523 -0.181754 0.086608
-1.630256 -0.380809 -6.786057 71 92 59 0 0.995895 0.055875 0.071214
-1.623937 -0.326045 -6.846438 68 90 60 0 0.993015 -0.071334 0.093980
-1.484218 -0.081712 -6.910330 59 88 54 0 0.812624 -0.561204 0.157137
-1.513706 -0.134370 -6.965796 64 91 61 0 0.797446 -0.575680 0.180754
-1.562854 -0.243898 -7.057070 67 95 64 0 0.905961 -0.374233 0.197953
-1.539684 -0.174390 -6.953860 63 89 62 0 0.821309 -0.568599 0.046330
-1.631660 -0.340789 -6.697591 61 89 51 0 0.989399 0.143277 -0.023691
-1.593746 -0.515614 -6.767802 56 83 46 0 0.892359 0.409059 0.190700
-1.562854 -0.176496 -6.625977 62 82 53 0 0.693317 -0.631326 -0.347474
-1.627447 -0.481913 -6.715144 39 49 33 0 0.809633 0.144100 0.568972
-1.533365 -0.215814 -7.130792 64 91 63 0 0.777537 -0.505965 0.373412
-1.618320 -0.335875 -6.891373 56 82 46 0 0.961669 -0.253613 0.104277
-1.562854 -0.340789 -7.248745 87 93 84 0 0.955403 -0.243848 0.166563
-1.582512 -0.196857 -6.753058 59 87 54 0 0.870761 -0.459609 0.174740
-1.557939 -0.374490 -7.289468 66 92 62 0 0.945905 -0.221031 0.237506
-1.604980 -0.349917 -7.028986 68 95 62 0 0.974541 -0.022664 0.223059
-1.546003 -0.193347 -7.003710 67 94 67 0 0.843007 -0.508788 0.174570
-1.514408 -0.085222 -6.799397 57 84 49 0 0.902841 -0.426379 -0.055497
-1.475792 -0.167369 -7.203108 65 92 66 0 0.690240 -0.658061 0.300874
-1.500366 -0.074691 -6.824673 58 85 51 0 0.776308 -0.545817 0.315325
-1.522833 -0.097860 -6.788163 58 86 54 0 0.891899 -0.442460 0.093517
-1.531961 -0.286025 -7.273319 73 97 72 0 0.953522 -0.300391 0.023682
-1.467367 -0.168773 -7.246639 63 89 58 0 0.553450 -0.798394 -0.237193
-1.565662 -0.205985 -6.919457 66 92 63 0 0.873858 -0.485175 0.031258
-1.555833 -0.274089 -7.177131 74 98 79 0 0.729809 -0.593275 0.339711
-1.536876 -0.264260 -7.220661 66 91 59 0 0.822849 -0.442341 -0.356726
-1.590236 -0.292344 -7.042326 87 89 81 0 0.973910 -0.221950 0.047301
-1.553726 -0.151922 -6.708123 56 86 53 0 0.715286 -0.698423 0.023890
-1.581108 -0.226346 -6.889266 70 96 69 0 0.813690 -0.574623 0.087850
-1.592342 -0.205985 -6.715144 60 87 54 0 0.892654 -0.449683 -0.030874
-1.474388 -0.114711 -7.064091 64 81 59 0 0.850864 -0.525174 -0.014927
-1.482813 -0.060649 -6.849948 59 87 54 0 0.735833 -0.663898 0.133379
-1.576896 -0.234069 -6.949648 66 92 63 0 0.885697 -0.457448 0.079254
-1.626745 -0.316216 -6.782547 60 65 47 0 0.993652 -0.101712 0.048062
-1.628150 -0.366065 -6.683549 61 89 45 0 0.991734 0.118737 -0.048626
-1.446304 -0.060649 -7.050751 39 45 33 0 0.538261 0.672407 -0.508078
-1.458942 -0.163156 -7.230491 57 83 53 0 0.736618 -0.673191 0.064869
-1.577598 -0.418723 -7.228384 71 96 64 0 0.953675 -0.111503 0.279412
-1.556535 -0.460850 -7.325275 77 98 70 0 0.995414 0.095363 0.007500
-1.482813 -0.261451 -7.378635 47 58 48 0 0.604700 -0.611438 0.510374
-1.602874 -0.531762 -6.868906 67 96 58 0 0.968216 0.245446 -0.048102
-1.604980 -0.393447 -7.062687 74 88 62 0 0.986620 -0.078977 0.142630
-1.484920 -0.109094 -7.014242 59 88 54 0 0.791706 -0.513409 0.331077
-1.607086 -0.281812 -6.901203 105 91 89 0 0.979808 -0.197380 0.031912
-1.579704 -0.274791 -7.057772 70 96 69 0 0.920235 -0.387538 0.054602
-1.604980 -0.218623 -6.653358 55 82 48 0 0.752971 -0.657622 -0.023837
-1.500366 -0.323237 -7.417251 70 92 64 0 0.839168 -0.468265 0.276632
-1.512302 -0.230558 -7.238916 67 93 64 0 0.914531 -0.381171 0.135434
-1.591640 -0.510699 -7.095686 103 114 108 0 0.944481 0.047545 0.325107
-1.458240 -0.079605 -7.022667 53 82 51 0 0.662947 -0.688630 0.293751
-1.632362 -0.340087 -6.719357 76 82 57 0 0.990466 -0.135726 0.023556
-1.594448 -0.328151 -7.073219 70 96 66 0 0.965822 -0.183285 0.183285
-1.629554 -0.385724 -6.800801 68 83 56 0 0.992236 -0.039330 0.117990
-1.621831 -0.433467 -6.901905 63 92 58 0 0.999379 0.015344 -0.031710
-1.543195 -0.259345 -7.186960 68 93 70 0 0.869534 -0.418889 0.261616
-1.564960 -0.189134 -6.850651 79 92 66 0 0.902841 -0.426379 0.055497
-1.496855 -0.215112 -7.253660 63 88 59 0 0.846227 -0.529067 -0.063151
-1.616214 -0.461552 -6.816949 60 87 48 0 0.947621 0.315874 -0.047317
-1.527046 -0.109094 -6.721463 56 85 52 0 0.886133 -0.418819 -0.198388
-1.493345 -0.199666 -7.220661 67 94 65 0 0.631766 -0.767250 0.110449
-1.614810 -0.370278 -6.955265 68 96 60 0 0.994949 -0.031742 0.095226
-1.584619 -0.457339 -7.206619 72 99 66 0 0.966112 0.079355 0.245622
-1.605682 -0.554932 -7.050049 24 28 37 0 0.719181 0.601764 0.347360
-1.625341 -0.403979 -6.847140 61 90 51 0 0.988927 0.142908 0.040014
-1.440687 -0.041692 -6.926478 85 103 78 0 0.783587 -0.616191 0.079369
-1.602874 -0.444701 -7.065495 67 93 60 0 0.990429 0.070333 0.118759
-1.603576 -0.251622 -6.840119 69 95 62 0 0.822007 -0.553416 0.134296
-1.597257 -0.427148 -7.135004 69 97 62 0 0.991782 0.001093 0.127937
-1.566364 -0.228452 -6.992476 65 92 63 0 0.867658 -0.473931 0.150200
-1.619022 -0.451020 -6.969307 67 93 61 0 0.999217 0.001014 -0.039563
-1.532663 -0.125242 -6.818354 58 85 55 0 0.886398 -0.442483 0.136039
-1.633766 -0.253026 -6.630891 69 70 51 0 0.340865 0.699671 -0.627910
-1.594448 -0.217921 -6.751654 60 87 56 0 0.890746 -0.452807 0.039198
-1.625341 -0.259345 -6.697591 114 65 78 0 0.991543 -0.088265 0.095142
-1.580406 -0.189836 -6.644933 64 90 57 0 0.814530 -0.569734 -0.109284
-1.633064 -0.293046 -6.606318 53 77 39 0 0.924238 0.269986 -0.269986
-1.632362 -0.364661 -6.753058 72 79 56 0 0.999736 0.022971 0.000999
-1.510195 -0.196155 -7.171514 67 93 63 0 0.813160 -0.523968 0.253432
-1.448410 -0.057840 -7.019858 55 77 48 0 0.885953 -0.332420 0.323395
-1.592342 -0.545805 -6.842226 85 94 74 0 0.924432 -0.371122 0.087720
-1.525642 -0.241090 -7.220661 70 95 68 0 0.848441 -0.412545 0.331593
-1.615512 -0.494551 -6.906117 65 94 56 0 0.985059 0.109184 -0.133181
-1.574789 -0.178603 -6.677230 57 85 52 0 0.841068 -0.539996 0.031764
-1.513004 -0.277600 -7.311935 70 97 66 0 0.941130 -0.284400 0.182730
-1.561449 -0.246005 -7.069708 68 95 69 0 0.841068 -0.499809 0.206870
-1.630256 -0.387830 -6.717250 67 95 54 0 0.978530 0.205945 -0.008145
-1.588832 -0.401170 -7.168003 72 92 67 0 0.962995 0.015827 0.269054
-1.621128 -0.272685 -6.772717 100 84 76 0 0.890130 -0.429966 0.150991
-1.514408 -0.069074 -6.748143 54 83 52 0 0.929867 -0.348188 -0.118794
-1.494047 -0.242494 -7.307723 68 94 66 0 0.932001 -0.293798 0.212266
-1.507387 -0.235473 -7.262085 69 96 60 0 0.839567 -0.514477 0.174475
-1.529855 -0.169475 -6.994583 62 89 59 0 0.829699 -0.552657 0.078543
-1.595853 -0.505784 -6.789567 56 86 45 0 0.770140 0.629314 0.104152
-1.527046 -0.236877 -7.205215 71 92 66 0 0.711779 -0.687702 0.142958
-1.601469 -0.494551 -6.816247 61 90 48 0 0.940557 0.331884 -0.072149
-1.589534 -0.307790 -7.081644 102 97 88 0 0.952900 -0.222388 0.206215
-1.526344 -0.359044 -7.381443 77 100 72 0 0.894190 -0.309011 0.323939
-1.576896 -0.363257 -7.205215 68 95 63 0 0.970023 -0.118233 0.212312
-1.517217 -0.410298 -7.493781 120 110 120 0 0.934824 -0.293961 -0.199225
-1.465963 -0.119626 -7.130792 62 89 60 0 0.849891 -0.469796 0.238699
-1.619724 -0.490338 -6.979838 70 94 62 0 0.986620 -0.142630 0.078977
-1.584619 -0.191943 -6.696889 59 85 53 0 0.783814 -0.616984 0.070471
-1.582512 -0.229856 -6.913840 72 93 65 0 0.863656 -0.403449 0.302203
-1.505983 -0.363257 -7.472718 85 93 78 0 0.998789 -0.046672 0.015557
-1.620426 -0.479104 -6.923670 63 92 60 0 0.941824 0.150855 -0.300351
-1.600767 -0.383618 -7.082346 71 99 65 0 0.967893 -0.206947 0.142677
-1.486324 -0.088733 -6.945435 66 92 62 0 0.808045 -0.584938 0.070078
-1.569173 -0.379405 -7.249447 75 96 62 0 0.915641 -0.229271 0.330207
-1.527748 -0.299365 -7.302105 76 99 73 0 0.909982 -0.372850 0.181425
-1.528450 -0.288833 -7.284553 74 97 68 0 0.833608 -0.451994 0.317490
-1.571981 -0.253728 -7.039517 70 96 69 0 0.771473 -0.636224 -0.006900
-1.548109 -0.144199 -6.691272 57 86 50 0 0.854025 -0.520018 0.014935
-1.616214 -0.340789 -6.927883 68 96 60 0 0.970981 -0.219821 0.094209
-1.546705 -0.236877 -7.126579 67 92 67 0 0.907703 -0.416980 0.046927
-1.552322 -0.203176 -6.994583 65 80 61 0 0.857558 -0.484320 0.173289
-1.631660 -0.395554 -6.780440 83 101 75 0 0.993097 0.110592 0.039098
-1.477196 -0.215814 -7.302105 61 87 57 0 0.626419 -0.704518 0.333548
-1.619724 -0.462956 -6.865395 70 91 63 0 0.974830 0.214047 0.062379
-1.599363 -0.298663 -6.993881 92 90 83 0 0.911070 -0.411494 0.024979
-1.631660 -0.280408 -6.680741 53 80 40 0 0.997743 0.024387 -0.062558
-1.620426 -0.247409 -6.709527 62 86 56 0 0.832241 -0.554373 -0.006810
-1.600767 -0.326045 -7.026177 55 61 53 0 0.981875 -0.158993 0.103164
-1.474388 -0.180709 -7.269809 48 70 48 0 0.792878 -0.609379 0.001369
-1.611299 -0.507891 -6.882947 61 88 50 0 0.952479 0.294167 -0.079049
-1.644298 -0.271281 -6.575425 46 54 27 0 0.948677 0.283127 0.140893
-1.622533 -0.359044 -6.878033 66 83 56 0 0.996948 -0.055206 0.055206
-1.612001 -0.392745 -7.006518 77 95 69 0 0.959294 -0.165396 0.228907
-1.480707 -0.089435 -6.973519 61 87 55 0 0.840197 -0.530727 0.111351
-1.550918 -0.436276 -7.349849 80 101 74 0 0.939695 -0.254009 0.229025
-1.582512 -0.500870 -7.224874 102 114 104 0 0.970530 0.047731 0.236207
-1.616214 -0.519827 -6.937010 69 95 62 0 0.969398 0.205630 -0.134106
-1.490537 -0.101371 -6.962286 61 88 51 0 0.794496 -0.578782 0.183813
-1.607788 -0.416617 -7.039517 68 96 59 0 0.989448 -0.070758 0.126436
-1.516515 -0.130157 -6.948244 71 95 66 0 0.847170 -0.427471 0.315551
-1.546003 -0.138582 -6.741824 63 91 58 0 0.845611 -0.520711 -0.117486
-1.534067 -0.382916 -7.378635 80 97 75 0 0.962429 -0.072087 0.261791
-1.612703 -0.424340 -6.656869 45 47 40 0 0.911936 -0.309796 0.269072
-1.571981 -0.277600 -7.108324 67 94 67 0 0.882871 -0.436328 0.173656
-1.603576 -0.228452 -6.724974 59 85 53 0 0.837491 -0.545951 -0.023378
-1.586023 -0.507189 -7.139919 73 99 67 0 0.946379 -0.008728 -0.322941
-1.604278 -0.285323 -6.934202 121 94 95 0 0.969872 -0.198064 0.141839
-1.517217 -0.352023 -7.408124 73 98 67 0 0.846322 -0.500032 0.183594
-1.623937 -0.292344 -6.805014 63 90 53 0 0.971607 -0.189737 0.141348
-1.630256 -0.459445 -6.682847 28 32 25 0 0.958071 0.023488 0.285567
-1.601469 -0.491742 -7.065495 72 96 64 0 0.971560 0.008324 0.236647
-1.613405 -0.465764 -6.765696 60 87 46 0 0.957943 0.285265 0.031142
-1.478601 -0.089435 -6.986859 61 89 56 0 0.816040 -0.537392 0.212813
-1.628150 -0.307790 -6.741122 60 88 50 0 0.983271 -0.159677 0.087642
-1.566364 -0.167369 -6.727080 59 85 56 0 0.870015 -0.490672 0.048105
-1.450516 -0.155433 -7.241022 73 84 69 0 0.635584 -0.771880 -0.015299
-1.574789 -0.193347 -6.790972 65 92 62 0 0.895954 -0.420201 0.143865
-1.615512 -0.326747 -6.908926 71 97 63 0 0.983674 -0.134302 0.119783
-1.583215 -0.515614 -7.163791 71 96 63 0 0.950519 0.079318 0.300369
-1.623937 -0.329556 -6.832396 62 89 53 0 0.979013 -0.166667 0.117284
-1.478601 -0.191240 -7.281043 79 101 75 0 0.907056 -0.285745 0.309190
-1.599363 -0.517720 -7.069006 73 89 69 0 0.934930 0.143730 0.324419
-1.559343 -0.421532 -7.309127 71 96 64 0 0.959584 -0.054221 0.276148
-1.525642 -0.224239 -7.183449 66 92 65 0 0.838757 -0.529511 0.126908
-1.615512 -0.268472 -6.807822 152 100 120 0 0.955461 -0.292539 0.038922
-1.477196 -0.036777 -6.808524 50 78 38 0 0.656816 -0.656816 0.370385
-1.600065 -0.232665 -6.788163 73 85 64 0 0.854193 -0.467160 0.228289
-1.487026 -0.042394 -6.802907 48 76 39 0 0.693299 -0.502850 0.516215
-1.566364 -0.426446 -7.274724 73 98 65 0 0.937430 -0.064243 0.342195
-1.587427 -0.314109 -7.108324 76 85 69 0 0.893001 -0.014596 0.449818
-1.632362 -0.344300 -6.743228 66 90 52 0 0.999513 -0.031203 0.001007
-1.555833 -0.308492 -7.229086 78 100 74 0 0.884722 -0.410499 0.220810
-1.538982 -0.427851 -7.391273 82 102 77 0 0.963807 -0.149984 0.220411
-1.571981 -0.309194 -7.174322 71 90 72 0 0.954066 -0.244872 0.172615
-1.597959 -0.222835 -6.604211 53 80 45 0 0.632729 -0.688317 -0.354786
-1.630256 -0.280408 -6.692677 56 85 42 0 0.986537 -0.040479 0.158447
-1.510195 -0.052223 -6.764292 51 80 45 0 0.962977 -0.174253 0.205697
-1.555130 -0.379405 -7.301404 69 92 65 0 0.914443 -0.117948 0.387147
-1.489132 -0.271281 -7.378635 76 94 74 0 0.917290 -0.307689 0.252796
-1.590236 -0.477700 -7.151855 71 97 65 0 0.964845 0.071703 0.252847
-1.569173 -0.418723 -7.264192 79 106 69 0 0.896137 0.072734 0.437776
-1.623937 -0.364661 -6.659678 57 82 42 0 0.910318 0.276164 -0.308310
-1.612001 -0.227750 -6.655465 67 77 59 0 0.873667 -0.484151 -0.048004
-1.529152 -0.203878 -7.113941 66 94 68 0 0.814210 -0.522645 0.252793
-1.520025 -0.336577 -7.373018 72 97 63 0 0.918700 -0.309109 0.245849
-1.623937 -0.453126 -6.716548 63 90 50 0 0.981078 -0.086102 0.173417
-1.573385 -0.292344 -7.142025 66 91 67 0 0.833469 -0.515813 0.198157
-1.609895 -0.227750 -6.680039 61 86 55 0 0.792144 -0.610295 0.006888
-1.622533 -0.438382 -6.879437 64 93 56 0 0.969616 -0.008348 0.244491
-1.454729 -0.022735 -6.877331 55 72 49 0 0.900577 -0.433611 0.030686
-1.546003 -0.441191 -7.377231 91 107 90 0 0.936863 -0.238753 0.255508
-1.590938 -0.447510 -7.168705 75 99 69 0 0.992612 0.048338 0.111289
-1.609895 -0.487530 -7.036709 67 92 62 0 0.984525 -0.055416 0.166249
-1.555833 -0.246707 -7.109728 65 91 67 0 0.885473 -0.427419 0.182346
-1.626043 -0.352023 -6.824673 70 82 56 0 0.993652 -0.048062 0.101712
-1.610597 -0.484721 -6.837311 63 91 50 0 0.963217 0.228096 -0.142071
-1.529855 -0.139987 -6.900500 67 90 63 0 0.858436 -0.512919 0.001339
-1.594448 -0.412404 -7.146238 73 98 67 0 0.994649 -0.054456 0.087796
-1.573385 -0.399766 -7.240320 81 99 69 0 0.992612 -0.048338 0.111289
-1.604980 -0.416617 -7.073921 68 94 64 0 0.993219 0.055116 0.102359
-1.581810 -0.199666 -6.764292 67 72 62 0 0.825520 -0.562918 0.040508
-1.623235 -0.385724 -6.891373 62 89 56 0 0.998152 0.024191 -0.055745
-1.593746 -0.390639 -7.138515 70 95 65 0 0.983890 -0.062902 0.167344
-1.612703 -0.511401 -7.026880 72 97 67 0 0.990011 0.039782 0.135260
-1.537578 -0.194751 -7.054262 67 90 64 0 0.814728 -0.562444 0.140982
-1.613405 -0.535273 -7.016348 73 97 67 0 0.991385 0.032560 0.126870
-1.609193 -0.517018 -6.899798 65 92 54 0 0.932835 0.354926 -0.062013
-1.613405 -0.383618 -6.974222 70 98 64 0 0.994694 -0.007560 0.102601
-1.548109 -0.338683 -7.299297 75 93 76 0 0.931992 -0.362371 0.008900
-1.625341 -0.424340 -6.784653 61 83 46 0 0.986241 0.165311 0.001125
-1.628150 -0.284621 -6.717250 65 93 54 0 0.992409 -0.094569 0.078618
-1.531259 -0.427851 -7.422166 89 107 88 0 0.933330 -0.237908 0.268878
-1.500366 -0.102073 -6.906819 63 90 56 0 0.774410 -0.610739 0.165187
-1.581810 -0.194049 -6.739016 60 88 54 0 0.873436 -0.475774 0.103676
-1.536876 -0.237580 -7.170109 70 94 69 0 0.758069 -0.638453 0.133073
-1.588129 -0.465062 -7.183449 73 98 69 0 0.988255 0.149666 0.030847
-1.581108 -0.463658 -7.219959 72 97 67 0 0.986409 -0.047748 0.157220
-1.591640 -0.474190 -7.140621 65 92 60 0 0.974183 0.175177 0.142410
-1.511600 -0.147008 -7.018455 64 91 61 0 0.872970 -0.468951 0.134192
-1.614810 -0.524039 -7.007923 71 96 65 0 0.985319 -0.038389 0.166353
-1.580406 -0.529656 -7.113239 78 81 73 0 0.995103 0.069890 0.069890
-1.591640 -0.227750 -6.822567 71 93 64 0 0.872413 -0.467312 0.143232
-1.491239 -0.203878 -7.250852 73 97 72 0 0.856294 -0.476715 0.198756
-1.555130 -0.337981 -7.274021 80 89 76 0 0.934439 -0.284394 0.214346
-1.591640 -0.265664 -6.967200 68 93 68 0 0.879853 -0.475200 0.006655
-1.520727 -0.122434 -6.873118 65 91 59 0 0.851545 -0.520467 0.063129
-1.542492 -0.438382 -7.387763 82 100 77 0 0.895058 -0.190655 0.403140
-1.494749 -0.085924 -6.883650 62 88 57 0 0.844539 -0.514387 0.148863
-1.623937 -0.418723 -6.856267 57 87 48 0 0.916883 -0.222405 0.331455
-1.600767 -0.417319 -7.111835 74 95 66 0 0.990429 0.070333 0.118759
-1.470175 -0.155433 -7.192577 64 89 64 0 0.635026 -0.724152 0.268971
-1.577598 -0.312003 -7.155365 99 88 86 0 0.959294 -0.165396 0.228907
-1.637277 -0.271983 -6.601403 76 75 50 0 0.981440 0.063512 -0.180949
-1.510898 -0.059946 -6.739718 71 88 65 0 0.920070 0.380296 0.094052
-1.570577 -0.441191 -7.263490 73 99 65 0 0.979808 -0.031912 0.197380
-1.612703 -0.429957 -6.669507 73 96 58 0 0.993219 0.055116 -0.102359
-1.625341 -0.423638 -6.759377 59 86 47 0 0.990050 0.063391 0.125629
-1.581810 -0.340789 -7.162386 66 91 65 0 0.974432 -0.087909 0.206773
-1.586725 -0.382214 -7.168705 67 92 64 0 0.978211 -0.032014 0.205128
-1.581108 -0.521231 -7.124473 82 100 74 0 0.729163 -0.126746 -0.672500
-1.509493 -0.210197 -7.198896 68 94 65 0 0.781526 -0.538598 0.314848
-1.597959 -0.444701 -7.124473 75 98 68 0 0.969580 0.238381 -0.055581
-1.566364 -0.222133 -6.980541 67 93 69 0 0.838192 -0.514311 0.181433
-1.507387 -0.279706 -7.330892 69 96 65 0 0.889823 -0.348452 0.294614
-1.573385 -0.434872 -7.251554 68 93 58 0 0.992576 -0.032379 0.117233
-1.615512 -0.491742 -6.731293 61 83 46 0 0.840012 0.168002 0.515901
-1.578300 -0.436276 -7.231193 76 100 70 0 0.974830 -0.062379 0.214047
-1.542492 -0.149114 -6.838013 63 90 59 0 0.847259 -0.515913 0.126435
-1.607086 -0.373086 -7.040220 76 94 67 0 0.986514 -0.134147 0.093784
-1.501068 -0.170879 -7.144132 69 94 67 0 0.712784 -0.698384 0.064799
-1.588832 -0.488934 -7.142025 67 94 60 0 0.971046 0.172716 -0.165040
-1.557939 -0.256536 -7.122366 77 95 77 0 0.904338 -0.286741 0.316151
-1.583917 -0.525443 -6.793078 68 88 55 0 0.886597 -0.102570 -0.451026
-1.553726 -0.443297 -7.341424 85 104 83 0 0.973135 -0.173819 0.150982
-1.551620 -0.297259 -7.226278 74 99 71 0 0.852799 -0.433339 0.291463
-1.510195 -0.132263 -6.976328 63 90 58 0 0.855209 -0.498507 0.141804
-1.604980 -0.335875 -7.006518 61 80 52 0 0.932576 -0.220836 0.285540
-1.550216 -0.396256 -7.327382 70 95 64 0 0.956790 -0.086511 0.277611
-1.462452 -0.043798 -6.889266 64 89 63 0 0.736777 -0.673829 0.055795
-1.465261 -0.024139 -6.835205 30 31 24 0 0.721242 0.672448 -0.166206
-1.597959 -0.380809 -7.092878 70 96 65 0 0.986409 -0.157220 0.047748
-1.592342 -0.234771 -6.851353 67 94 65 0 0.852790 -0.519994 -0.048533
-1.500366 -0.256536 -7.312637 70 95 66 0 0.825563 -0.443563 0.348852
-1.594448 -0.528954 -6.839417 59 88 50 0 0.881342 0.300835 -0.364328
-1.545301 -0.321832 -7.287361 73 95 71 0 0.847170 -0.427471 0.315551
-1.643596 -0.250920 -6.635806 33 30 27 0 0.553205 0.823205 0.127663
-1.630958 -0.323939 -6.720761 61 86 49 0 0.998089 0.039245 0.047730
-1.554428 -0.453828 -7.346338 93 107 93 0 0.971846 -0.101836 0.212473
-1.633766 -0.269876 -6.644231 75 82 53 0 0.984525 -0.055416 0.166249
-1.614810 -0.487530 -7.012136 72 97 64 0 0.996092 0.016083 0.086850
-1.436474 -0.063457 -7.043730 41 56 43 0 0.428327 -0.894822 -0.125812
-1.568470 -0.460850 -7.275425 81 99 73 0 0.934439 -0.214346 0.284394
-1.511600 -0.074691 -6.787461 57 85 51 0 0.943946 -0.293883 0.150327
-1.618320 -0.540188 -6.966498 72 96 66 0 0.887494 -0.126785 -0.443035
-1.498260 -0.106286 -6.955967 62 90 55 0 0.813669 -0.577120 0.069824
-1.586023 -0.270579 -7.006518 68 93 67 0 0.875945 -0.410177 0.253919
-1.601469 -0.455233 -7.069708 67 93 58 0 0.991632 0.102029 0.079101
-1.621128 -0.279004 -6.801503 61 83 49 0 0.981537 -0.191268 0.001145
-1.622533 -0.368874 -6.894884 85 95 73 0 0.989149 -0.087587 0.117950
-1.527748 -0.411000 -7.521163 17 16 28 0 0.804703 -0.544221 0.237225
-1.629554 -0.310599 -6.609828 57 84 45 0 0.954203 0.229492 -0.191914
-1.508089 -0.252324 -7.283851 63 88 58 0 0.837971 -0.496066 0.227427
-1.612001 -0.403277 -7.011433 56 63 49 0 0.984401 -0.024235 0.174261
-1.583215 -0.414510 -7.205215 70 94 67 0 0.988395 -0.071183 0.134198
-1.556535 -0.364661 -7.284553 68 94 64 0 0.972086 -0.125145 0.198462
-1.554428 -0.327449 -7.262788 69 89 68 0 0.858275 -0.451164 0.244570
-1.531259 -0.188432 -7.062687 66 90 67 0 0.813669 -0.577120 0.069824
-1.612001 -0.532465 -7.027582 80 100 78 0 0.989149 0.087587 0.117950
-1.632362 -0.279706 -6.661784 67 87 55 0 0.988261 -0.023827 0.150906
-1.581108 -0.304982 -7.126579 80 89 75 0 0.959919 -0.253981 0.118525
-1.622533 -0.374490 -6.664592 57 84 41 0 0.856104 0.357613 -0.373094
-1.569173 -0.226346 -6.970711 66 92 64 0 0.870070 -0.476022 0.127994
-1.619724 -0.465062 -6.881544 64 91 54 0 0.994811 0.101730 0.001071
-1.514408 -0.119626 -6.904713 56 54 52 0 0.821874 -0.561879 0.093887
-1.622533 -0.439786 -6.810631 68 92 55 0 0.970530 0.236207 0.047731
-1.614107 -0.453126 -7.011433 65 91 57 0 0.981769 0.008057 0.189908
-1.456835 -0.024841 -6.860480 66 91 63 0 0.903778 -0.427409 0.022495
-1.484920 -0.142093 -7.122366 61 88 59 0 0.837246 -0.507192 0.204391
-1.560045 -0.491742 -7.293680 29 34 28 0 0.972960 0.119575 0.197613
-1.623235 -0.403979 -6.899798 62 91 57 0 0.976760 0.125993 0.173397
-1.619022 -0.292344 -6.842226 60 87 51 0 0.984828 -0.126260 0.119045
-1.628852 -0.393447 -6.810631 67 82 53 0 0.982957 0.014981 0.183224
-1.631660 -0.354831 -6.748143 69 84 54 0 0.994694 -0.102601 -0.007560
-1.604980 -0.378001 -7.054964 69 95 65 0 0.984325 -0.014931 0.175731
-1.607788 -0.443297 -7.037411 59 60 53 0 0.982531 0.063120 0.175069
-1.608490 -0.354831 -7.006518 68 89 61 0 0.983890 -0.167344 0.062902
-1.621128 -0.469275 -6.918755 66 94 58 0 0.974432 0.206773 -0.087909
-1.633766 -0.310599 -6.657571 59 85 46 0 0.998152 0.024191 -0.055745
-1.633064 -0.296557 -6.666699 76 73 58 0 0.988294 -0.142509 0.054455
-1.620426 -0.490338 -6.954563 67 96 60 0 0.994865 -0.063360 -0.078922
-1.628852 -0.394852 -6.741824 61 88 49 0 0.995500 0.094759 0.001065
-1.598661 -0.347108 -7.067602 78 104 77 0 0.884722 -0.220810 0.410499
-1.585321 -0.361852 -7.164493 65 91 62 0 0.943876 -0.167528 0.284661
-1.630958 -0.323237 -6.635806 57 78 44 0 0.965764 0.175475 -0.191073
-1.503174 -0.317620 -7.396188 71 95 65 0 0.840893 -0.421229 0.339802
-1.576896 -0.379405 -7.212236 66 92 60 0 0.929678 0.032416 0.366944
-1.593746 -0.227048 -6.803609 74 82 62 0 0.826054 -0.524841 0.205372
-1.627447 -0.362555 -6.817652 43 39 36 0 0.998346 -0.032612 0.047340
-1.607788 -0.378001 -7.030390 69 89 62 0 0.991904 -0.062635 0.110465
-1.619724 -0.472785 -6.970711 70 98 61 0 0.999513 -0.031203 0.001007
-1.621831 -0.411000 -6.915946 70 92 63 0 0.989393 -0.030670 0.141991
-1.611299 -0.458743 -7.026177 68 93 61 0 0.963639 -0.056244 0.261220
-1.515812 -0.418021 -7.484653 67 55 64 0 0.894975 -0.096039 -0.435656
-1.486324 -0.091541 -6.958775 61 88 52 0 0.708844 -0.700075 0.086230
-1.610597 -0.243196 -6.754462 68 93 64 0 0.832795 -0.545129 -0.096368
-1.487026 -0.242494 -7.325977 71 97 70 0 0.798937 -0.451713 0.397057
-1.621831 -0.268472 -6.755867 149 96 110 0 0.875661 -0.465777 0.127551
-1.510195 -0.115413 -6.917351 67 94 61 0 0.789882 -0.607267 -0.085510
-1.559343 -0.157539 -6.731293 60 89 57 0 0.792878 -0.609379 0.001369
-1.615512 -0.352725 -6.946137 67 93 61 0 0.982218 -0.173897 0.070758
-1.551620 -0.144901 -6.755164 59 85 56 0 0.867535 -0.488254 -0.094820
-1.555833 -0.156135 -6.773419 69 89 61 0 0.958152 -0.270248 0.094393
-1.506685 -0.033266 -6.769908 49 72 45 0 0.920908 0.079551 0.381577
-1.628150 -0.256536 -6.665295 82 66 59 0 0.957943 -0.285265 -0.031142
-1.505983 -0.348512 -7.467803 60 61 65 0 0.929121 0.276609 -0.245401
-1.609895 -0.248111 -6.781844 78 83 65 0 0.818162 -0.571437 0.063808
-1.621831 -0.349215 -6.631593 50 78 37 0 0.941877 0.331281 -0.055863
-1.617618 -0.268472 -6.795184 151 95 115 0 0.926638 -0.341393 0.157459
-1.516515 -0.092945 -6.712336 56 84 49 0 0.759916 -0.467767 -0.451354
-1.586725 -0.213708 -6.805716 72 89 69 0 0.867658 -0.473931 0.150200
-1.533365 -0.226346 -7.153961 70 83 68 0 0.793139 -0.563424 0.231267
-1.534769 -0.248813 -7.208023 69 96 70 0 0.680829 -0.690306 0.244846
-1.585321 -0.428553 -7.203108 74 97 70 0 0.950645 -0.023797 0.309367
-1.524238 -0.095754 -6.768504 67 91 63 0 0.842599 -0.532841 0.078150
-1.571981 -0.175092 -6.706719 64 89 59 0 0.759601 -0.649267 -0.038192
-1.587427 -0.292344 -7.067602 85 94 80 0 0.896605 -0.404124 0.181059
-1.494749 -0.142795 -7.076729 58 86 56 0 0.801998 -0.532050 0.271518
-1.595150 -0.538783 -7.075325 81 97 76 0 0.955461 0.038922 0.292539
-1.560747 -0.179305 -6.849246 67 89 63 0 0.914427 -0.348832 0.205280
-1.592342 -0.452424 -7.158876 72 97 66 0 0.966893 0.015692 0.254700
-1.526344 -0.336577 -7.355466 71 95 61 0 0.895658 -0.253153 0.365665
-1.582512 -0.521933 -7.208023 38 41 34 0 0.993965 -0.095036 -0.054785
-1.631660 -0.341491 -6.682847 62 88 48 0 0.958178 0.190041 -0.213962
-1.609193 -0.297259 -6.918755 65 89 56 0 0.982531 -0.175069 0.063120
-1.519323 -0.389937 -7.439016 89 104 88 0 0.940027 -0.148713 0.306975
-1.618320 -0.363959 -6.929989 72 97 66 0 0.970638 -0.110098 0.213869
-1.591640 -0.238984 -6.878735 69 94 70 0 0.914496 -0.388765 0.112064
-1.630958 -0.322534 -6.735505 57 85 47 0 0.996719 -0.070344 -0.040042
-1.586725 -0.508593 -7.151153 79 101 78 0 0.999960 0.000985 -0.008867
-1.619724 -0.452424 -6.828886 58 86 46 0 0.980288 0.196990 -0.015153
-1.505281 -0.158241 -7.085856 62 89 63 0 0.838192 -0.514311 0.181433
-1.627447 -0.354129 -6.656167 56 83 42 0 0.899660 0.324589 -0.291982
-1.531259 -0.109796 -6.764292 60 87 60 0 0.822094 -0.569351 0.001359
-1.509493 -0.295854 -7.350551 74 98 68 0 0.937514 -0.324263 0.126178
-1.585321 -0.516316 -6.783248 51 80 37 0 0.704211 0.646462 -0.293555
-1.615512 -0.307790 -6.889969 65 92 58 0 0.976356 -0.214727 0.024913
-1.541790 -0.389937 -7.351253 71 96 63 0 0.965936 -0.135412 0.220527
-1.581810 -0.507189 -7.260681 17 14 26 0 0.374289 -0.795164 0.477098
-1.587427 -0.302875 -7.091474 105 93 93 0 0.920864 -0.307909 0.239167
-1.619724 -0.501572 -6.984753 72 96 65 0 0.998463 0.007258 0.054952
-1.529855 -0.130157 -6.847842 63 90 61 0 0.821621 -0.547250 0.159552
-1.623235 -0.423638 -6.884352 64 92 57 0 0.995414 0.095363 0.007500
-1.620426 -0.455935 -6.874522 63 90 55 0 0.988483 0.151127 0.007836
-1.623235 -0.441191 -6.833800 61 88 50 0 0.971192 0.197293 -0.133650
-1.613405 -0.373086 -6.969307 67 94 62 0 0.998603 -0.024050 0.047055
-1.612703 -0.379405 -6.644933 58 85 50 0 0.799385 -0.094301 -0.593373
-1.584619 -0.493146 -7.183449 71 94 63 0 0.947881 0.214126 0.235947
-1.519323 -0.086626 -6.772015 57 85 53 0 0.909534 -0.357162 0.212562
-1.594448 -0.506487 -6.801503 59 89 45 0 0.851389 0.500210 -0.157883
-1.500366 -0.205985 -7.215746 69 95 69 0 0.815102 -0.512750 0.269623
-1.494749 -0.320428 -7.433400 77 93 72 0 0.881316 -0.435526 0.183302
-1.615512 -0.498061 -7.014242 71 96 64 0 0.981499 0.118562 0.150342
-1.471580 -0.069074 -6.940520 61 87 56 0 0.773712 -0.633537 0.001374
-1.570577 -0.208091 -6.892075 67 91 61 0 0.832795 -0.545129 0.096368
-1.475792 -0.175794 -7.223470 64 90 64 0 0.776619 -0.539630 0.325059
-1.507387 -0.370278 -7.484653 57 52 58 0 0.969872 0.141839 -0.198064
-1.600065 -0.540890 -6.903309 59 87 47 0 0.828038 0.245173 -0.504225
-1.524238 -0.280408 -7.289468 69 92 65 0 0.845406 -0.435888 0.308690
-1.574087 -0.193347 -6.612637 55 68 39 0 0.631830 -0.594763 -0.497040
-1.510898 -0.160348 -7.062687 63 90 60 0 0.812881 -0.568870 0.124946
-1.458240 -0.095754 -7.074623 62 89 59 0 0.818447 -0.539051 0.198918
-1.612001 -0.508593 -6.893479 62 91 48 0 0.955982 0.293299 0.008590
-1.610597 -0.438382 -7.021965 66 92 54 0 0.981218 -0.111197 0.157630
-1.546705 -0.211602 -7.050751 64 91 64 0 0.878495 -0.458658 0.133715
-1.624639 -0.437680 -6.697591 70 95 58 0 0.983444 -0.143948 -0.110078
-1.553024 -0.193347 -6.945435 64 90 63 0 0.865024 -0.475690 0.159539
-1.468771 -0.143497 -7.174322 62 88 57 0 0.727163 -0.600841 0.332001
-1.613405 -0.472083 -7.017050 75 98 65 0 0.981430 -0.078466 0.175040
-1.567768 -0.170879 -6.658976 61 86 57 0 0.830951 -0.554433 0.046086
-1.597257 -0.456637 -7.111133 71 94 63 0 0.949190 0.284356 0.134836
-1.524238 -0.256536 -7.246639 72 94 64 0 0.855735 -0.403882 0.323415
-1.454729 -0.101371 -7.114643 60 87 57 0 0.646738 -0.736263 0.199115
-1.511600 -0.249515 -7.272617 73 95 65 0 0.811614 -0.405006 0.421015
-1.495451 -0.202474 -7.233299 67 92 65 0 0.674220 -0.680626 0.286664
-1.623235 -0.427148 -6.863991 59 87 49 0 0.986508 -0.103281 0.127023
-1.522833 -0.094350 -6.742526 56 85 52 0 0.937682 -0.346003 -0.032156
-1.494047 -0.222133 -7.276830 66 91 65 0 0.767790 -0.538261 0.347526
-1.511600 -0.327449 -7.383550 76 99 67 0 0.854344 -0.364375 0.370577
-1.538982 -0.381511 -7.356870 76 97 68 0 0.999612 0.023341 -0.015223
-1.566364 -0.172986 -6.636508 55 82 51 0 0.734420 -0.591751 -0.332353
-1.624639 -0.427851 -6.748845 56 81 44 0 0.986620 0.142630 0.078977
-1.595150 -0.248111 -6.887160 73 84 62 0 0.888729 -0.437945 0.135520
-1.591640 -0.467169 -7.168705 68 97 62 0 0.986131 0.165305 0.014820
-1.602874 -0.478402 -7.060581 63 89 55 0 0.952409 0.039209 0.302292
-1.617618 -0.255834 -6.757973 75 86 68 0 0.866220 -0.467788 0.175605
-1.617618 -0.524741 -6.960882 63 88 54 0 0.959404 0.262833 -0.102285
-1.620426 -0.525443 -6.980541 79 103 73 0 0.983993 -0.031367 0.175423
-1.625341 -0.375192 -6.675826 64 88 50 0 0.937514 0.324263 -0.126178
-1.444900 -0.096456 -7.161684 68 87 71 0 0.908992 -0.411950 0.063481
-1.500366 -0.192645 -7.196790 69 96 71 0 0.851181 -0.444831 0.278596
-1.451218 -0.102073 -7.132898 67 93 70 0 0.815569 -0.578659 0.001362
-1.529855 -0.417319 -7.417251 86 105 86 0 0.944858 -0.207073 0.253699
-1.518621 -0.228452 -7.216448 70 94 67 0 0.633168 -0.728382 0.261836
-1.535471 -0.142093 -6.861885 58 86 55 0 0.828576 -0.558418 0.040384
-1.465261 -0.210197 -7.310531 30 41 31 0 0.373289 -0.698889 0.610089
-1.584619 -0.375192 -7.176428 70 95 67 0 0.976255 -0.198206 0.087407
-1.556535 -0.480509 -7.334403 45 48 44 0 0.988411 0.118422 -0.094972
-1.555130 -0.231261 -7.055666 63 91 61 0 0.779394 -0.366299 0.508301
-1.539684 -0.211602 -7.091474 63 90 60 0 0.839993 -0.538890 -0.063316
-1.637979 -0.249515 -6.661784 33 32 28 0 0.666618 0.692196 -0.276559
-1.567768 -0.277600 -7.133600 67 94 69 0 0.824010 -0.420737 0.379457
-1.559343 -0.158944 -6.756568 72 89 65 0 0.858004 -0.501580 -0.110664
-1.521429 -0.175092 -7.061985 66 92 69 0 0.782789 -0.601798 0.158368
-1.600767 -0.401873 -7.103409 70 96 63 0 0.991012 -0.118005 -0.063012
-1.548109 -0.260047 -7.175726 66 87 62 0 0.848683 -0.515013 0.120411
-1.560747 -0.223537 -7.007923 69 92 65 0 0.886062 -0.411333 0.213775
-1.553024 -0.131561 -6.650550 38 56 34 0 0.657969 0.286561 0.696391
-1.626745 -0.339385 -6.793780 61 89 49 0 0.990194 -0.094028 -0.103315
-1.626745 -0.415915 -6.827481 66 90 56 0 0.963042 0.030827 0.267580
-1.587427 -0.533869 -7.100601 73 74 72 0 0.888729 0.135520 0.437945
-1.541088 -0.138582 -6.811333 60 87 58 0 0.848380 -0.507264 0.151444
-1.481409 -0.231963 -7.326679 66 88 63 0 0.829333 -0.498835 0.251734
-1.569875 -0.213006 -6.925776 70 94 70 0 0.843658 -0.536374 0.023321
-1.524238 -0.161050 -6.992476 66 93 66 0 0.789882 -0.607267 0.085510
-1.581810 -0.385724 -7.193981 66 92 61 0 0.896642 0.064143 0.438085
-1.555833 -0.215112 -7.012837 71 96 69 0 0.830951 -0.554433 0.046086
-1.585321 -0.524039 -7.158174 90 103 86 0 0.997999 -0.063217 0.001036
-1.601469 -0.308492 -6.989668 85 84 78 0 0.965070 -0.254097 0.063837
-1.607086 -0.488934 -7.046539 66 88 60 0 0.950645 -0.023797 0.309367
-1.600767 -0.509295 -6.835205 59 88 49 0 0.899594 0.276230 -0.338271
-1.527046 -0.314109 -7.330892 78 100 75 0 0.819299 -0.340714 0.461153
-1.616916 -0.235473 -6.665997 57 81 53 0 0.847896 -0.522988 0.086927
-1.538280 -0.371682 -7.351253 78 95 72 0 0.987397 -0.014737 0.157575
-1.575491 -0.242494 -6.991072 68 94 65 0 0.933483 -0.332118 0.135307
-1.517919 -0.275493 -7.297893 73 97 72 0 0.804341 -0.492161 0.332886
-1.597959 -0.265664 -6.917351 70 95 63 0 0.856228 -0.513737 0.054297
-1.531961 -0.415213 -7.495185 18 17 30 0 0.190829 -0.587752 -0.786214
-1.626745 -0.257239 -6.681443 100 67 68 0 0.990946 -0.102671 0.086520
-1.529855 -0.119626 -6.701804 59 87 52 0 0.909387 -0.402788 -0.103811
-1.552322 -0.156135 -6.797993 57 61 53 0 0.893015 -0.427218 0.141454
-1.519323 -0.164560 -7.034603 66 92 64 0 0.800887 -0.561999 0.206730
-1.549513 -0.154029 -6.809928 62 90 57 0 0.869012 -0.490818 0.062569
-1.565662 -0.180709 -6.809227 64 91 59 0 0.908265 -0.418297 0.009122
-1.597257 -0.209495 -6.650550 57 84 52 0 0.784345 -0.587875 0.198005
-1.592342 -0.276195 -6.990370 71 89 66 0 0.887302 -0.386237 0.252024
-1.550216 -0.179305 -6.907521 67 94 64 0 0.914443 -0.387147 0.117948
-1.501770 -0.050819 -6.788865 44 71 35 0 0.821182 -0.395502 0.411385
-1.588832 -0.318322 -7.099196 72 91 69 0 0.897131 -0.372700 0.237173
-1.501068 -0.336577 -7.448846 85 102 79 0 0.881316 -0.435526 0.183302
-1.579704 -0.198262 -6.779036 66 85 59 0 0.788463 -0.607743 0.094732
-1.608490 -0.498061 -6.736909 55 65 43 0 0.631399 0.126280 0.765107
-1.557939 -0.458743 -7.315445 75 100 66 0 0.966109 0.048244 0.253588
-1.600767 -0.423638 -7.098495 75 97 68 0 0.960545 0.110184 0.255368
-1.548109 -0.386426 -7.328785 73 98 64 0 0.958071 -0.285567 -0.023488
-1.528450 -0.326747 -7.337211 74 98 70 0 0.900993 -0.261008 0.346536
-1.597257 -0.356938 -7.084453 68 96 64 0 0.982218 -0.070758 0.173897
-1.584619 -0.412404 -7.195385 72 96 68 0 0.957569 -0.229763 0.173983
-1.474388 -0.121732 -7.099899 66 92 67 0 0.649856 -0.713412 0.262167
-1.523536 -0.409596 -7.512035 33 31 34 0 0.444102 -0.871866 -0.206455
-1.591640 -0.509997 -6.778334 60 79 41 0 0.717354 0.572234 0.397431
-1.626043 -0.329556 -6.820460 63 90 54 0 0.999707 -0.023155 -0.007047
-1.524940 -0.379405 -7.410230 83 99 81 0 0.903463 -0.198039 0.380177
-1.605682 -0.310599 -6.974924 71 97 67 0 0.953295 -0.301106 -0.023739
-1.514408 -0.177900 -7.111835 73 94 72 0 0.781465 -0.583391 0.221286
-1.503174 -0.121732 -6.977030 65 90 57 0 0.759849 -0.595557 0.260655
-1.495451 -0.116817 -6.992476 62 88 54 0 0.815712 -0.498229 0.293908
-1.611299 -0.473488 -6.815546 61 89 50 0 0.927177 0.373211 -0.032510
-1.621831 -0.437680 -6.768504 60 90 46 0 0.973694 0.221128 0.054976
-1.583917 -0.516316 -7.135706 73 98 65 0 0.967356 0.214540 -0.134890
-1.556535 -0.286727 -7.196087 72 94 71 0 0.938856 -0.333314 0.086316
-1.619022 -0.442595 -6.974924 74 96 69 0 0.998463 -0.007258 0.054952
-1.561449 -0.221431 -6.998093 69 93 64 0 0.831745 -0.554953 0.015073
-1.618320 -0.359746 -6.635104 49 77 37 0 0.858664 0.445289 -0.253800
-1.550216 -0.140689 -6.658273 52 81 47 0 0.895018 -0.395677 0.205869
-1.538982 -0.178603 -6.979838 65 93 65 0 0.845719 -0.521888 0.111317
-1.526344 -0.133668 -6.893479 67 91 62 0 0.777074 -0.616608 0.126293
-1.475090 -0.109796 -7.042326 62 89 59 0 0.854772 -0.480529 0.196104
-1.541790 -0.136476 -6.692677 57 85 50 0 0.832241 -0.554373 0.006810
-1.464559 -0.144901 -7.184152 61 87 56 0 0.690312 -0.523166 0.499766
-1.569875 -0.196857 -6.854863 66 92 61 0 0.846759 -0.529746 0.048664
-1.581810 -0.370278 -7.186258 69 94 62 0 0.959445 -0.268439 0.086055
-1.454027 -0.111200 -7.153259 66 91 66 0 0.888502 -0.443543 0.117617
-1.627447 -0.405383 -6.825375 63 92 54 0 0.992858 0.007646 0.119056
-1.589534 -0.199666 -6.673018 59 86 52 0 0.701681 -0.710290 -0.055962
-1.540386 -0.446807 -7.403911 73 75 68 0 0.984401 0.024235 0.174261
-1.599363 -0.446105 -7.100601 69 95 62 0 0.980491 0.196558 0.001149
-1.492643 -0.304280 -7.415847 37 44 39 0 0.926753 -0.332285 0.175256
-1.628150 -0.468573 -6.699697 77 90 65 0 0.955982 -0.293299 0.008590
-1.536876 -0.265664 -7.231193 70 96 67 0 0.848441 -0.412545 0.331593
-1.527046 -0.254430 -7.236810 71 96 70 0 0.737654 -0.595612 0.317982
-1.569875 -0.175794 -6.649848 56 84 51 0 0.786712 -0.602303 -0.135332
-1.443495 -0.092945 -7.121664 60 85 61 0 0.678782 -0.734307 0.006941
-1.631660 -0.335875 -6.663188 59 87 44 0 0.976942 0.150971 -0.150971
-1.551620 -0.205283 -7.005114 67 94 67 0 0.863517 -0.473827 0.172703
-1.484920 -0.128753 -7.071815 66 93 63 0 0.706655 -0.697729 0.117528
-1.580406 -0.479104 -7.226980 74 98 69 0 0.986620 -0.078977 0.142630
-1.570577 -0.378001 -7.239618 75 100 70 0 0.930040 -0.326696 0.168214
-1.625341 -0.351321 -6.846438 71 93 64 0 0.998463 -0.054952 0.007258
-1.595150 -0.264962 -6.941925 74 98 70 0 0.895870 -0.443248 0.030800
-1.608490 -0.227750 -6.699697 58 85 54 0 0.871462 -0.467010 0.149851
-1.488430 -0.069776 -6.857672 59 87 53 0 0.783674 -0.618690 -0.055469
-1.625341 -0.246005 -6.644933 62 79 53 0 0.770149 -0.619435 0.152221
-1.507387 -0.087329 -6.706017 58 82 51 0 0.711165 -0.664068 -0.230775
-1.607086 -0.467169 -7.045135 74 96 68 0 0.966993 -0.071490 0.244570
-1.564258 -0.164560 -6.737611 61 87 58 0 0.837491 -0.545951 0.023378
-1.614107 -0.238984 -6.711634 58 85 53 0 0.814592 -0.577415 0.055059
-1.593746 -0.519124 -6.814141 67 95 55 0 0.987389 0.095554 -0.126225
-1.569875 -0.184921 -6.793078 62 90 60 0 0.895310 -0.442914 0.047407
-1.505281 -0.258643 -7.304212 71 96 63 0 0.818899 -0.443636 0.364132
-1.562854 -0.348512 -7.255064 77 97 74 0 0.932156 -0.235507 0.274993
-1.607086 -0.517018 -6.868204 64 93 53 0 0.958637 0.245906 0.143335
-1.597959 -0.505784 -7.075325 71 94 68 0 0.964648 0.030721 0.261745
-1.609193 -0.514210 -7.040220 90 108 90 0 0.952638 -0.031378 0.302484
-1.591640 -0.382214 -7.143429 71 92 64 0 0.987328 -0.086111 0.133295
-1.604278 -0.219325 -6.682145 78 84 66 0 0.893616 -0.434846 0.111174
-1.583215 -0.506487 -7.215045 86 103 85 0 0.990726 -0.016716 -0.134846
-1.636575 -0.249515 -6.609126 37 19 19 0 -0.445689 0.889982 0.096403
-1.626043 -0.406085 -6.835205 63 91 55 0 0.988800 0.047195 0.141586
-1.553726 -0.239686 -7.097793 67 94 67 0 0.863546 -0.489965 0.119258
-1.615512 -0.410298 -6.984051 68 94 61 0 0.997940 0.007315 0.063743
-1.505281 -0.336577 -7.421464 74 99 67 0 0.918881 -0.349713 0.182644
-1.623235 -0.389235 -6.905415 61 88 54 0 0.987116 -0.150340 0.054775
-1.611299 -0.328853 -6.949648 71 97 67 0 0.978235 -0.157460 0.135143
-1.545301 -0.401170 -7.347743 69 95 61 0 0.918881 -0.182644 0.349713
-1.571279 -0.239686 -7.001604 71 93 68 0 0.894455 -0.417795 0.159365
-1.477196 -0.182113 -7.241724 69 93 71 0 0.729246 -0.676210 0.104599
-1.635171 -0.322534 -6.685656 61 87 48 0 0.976887 0.158448 -0.143476
-1.522131 -0.092945 -6.732697 55 83 49 0 0.904479 -0.421729 -0.063734
-1.612001 -0.321832 -6.931393 72 92 61 0 0.991025 -0.127692 0.039551
-1.619022 -0.486828 -6.722867 62 82 45 0 0.796041 0.254921 0.548940
-1.596555 -0.490338 -7.080240 72 98 66 0 0.962979 0.095914 0.251935
-1.626745 -0.296557 -6.750952 60 89 49 0 0.994348 -0.079414 0.070466
-1.499664 -0.232665 -7.278234 69 95 68 0 0.858899 -0.469172 0.205356
-1.522833 -0.163156 -7.014242 68 93 66 0 0.789761 -0.569435 0.228084
-1.533365 -0.170879 -6.975626 70 96 70 0 0.801178 -0.516736 0.301824
-1.482813 -0.076095 -6.898394 63 90 60 0 0.722839 -0.633482 0.276051
-1.454027 -0.097860 -7.096388 66 94 67 0 0.699458 -0.713646 0.038307
-1.472984 -0.187028 -7.288064 22 28 21 0 0.769177 -0.253246 0.586714
-1.623937 -0.443297 -6.717953 66 93 51 0 0.997202 -0.039716 0.063331
-1.626745 -0.459445 -6.703910 69 99 61 0 0.999179 -0.039885 0.007159
-1.539684 -0.249515 -7.185556 71 94 69 0 0.874206 -0.436358 0.212967
-1.595150 -0.458041 -7.130089 72 96 66 0 0.975719 0.095464 0.197127
-1.550216 -0.273387 -7.198896 68 93 66 0 0.926507 -0.309779 0.213592
-1.546705 -0.344300 -7.310531 71 90 69 0 0.909982 -0.181425 0.372850
-1.500366 -0.137178 -7.030390 65 90 63 0 0.729890 -0.673401 0.117436
-1.523536 -0.155433 -6.979838 68 93 66 0 0.839567 -0.514477 0.174475
-1.547407 -0.230558 -7.102005 70 96 71 0 0.849263 -0.475526 0.229407
-1.586725 -0.224942 -6.846438 66 89 59 0 0.886716 -0.413213 0.207342
-1.539684 -0.326045 -7.307723 77 101 77 0 0.831397 -0.354961 0.427530
-1.534769 -0.121732 -6.801503 63 86 58 0 0.879713 -0.467216 0.088392
-1.583215 -0.201070 -6.622466 57 84 49 0 0.722221 -0.660095 -0.206571
-1.441389 -0.066265 -7.064091 20 28 21 0 0.722162 -0.691313 -0.023838
-1.556535 -0.462956 -7.354062 93 97 91 0 0.974830 -0.214047 0.062379
-1.626043 -0.335172 -6.630891 52 79 37 0 0.934259 0.339362 -0.109515
-1.567768 -0.283216 -7.142025 68 93 70 0 0.824010 -0.379457 0.420737
-1.439985 -0.125242 -7.199598 44 56 43 0 0.647826 -0.553597 0.523309
-1.508791 -0.094350 -6.845034 65 91 61 0 0.834985 -0.516036 0.191069
-1.547407 -0.194751 -6.993178 75 95 72 0 0.862685 -0.489866 0.125718
-1.589534 -0.453126 -7.184152 73 99 68 0 0.987044 -0.031025 0.157421
-1.613405 -0.403277 -6.998796 71 79 64 0 0.995250 -0.022842 0.094630
-1.597257 -0.243196 -6.852757 65 93 60 0 0.881525 -0.467664 -0.064838
-1.500366 -0.179305 -7.165195 63 90 59 0 0.792213 -0.561864 0.238131
-1.592342 -0.320428 -7.081644 76 98 73 0 0.961973 -0.172392 0.211871
-1.442793 -0.048713 -7.024071 42 45 40 0 0.799824 -0.125666 0.586932
-1.600065 -0.215112 -6.701102 58 86 50 0 0.825520 -0.562918 0.040508
-1.630958 -0.381511 -6.742526 59 88 49 0 0.992314 0.119435 -0.032370
-1.610597 -0.403979 -6.653358 58 77 43 0 0.915519 0.324396 0.237891
-1.552322 -0.175092 -6.889969 62 89 57 0 0.855991 -0.436417 0.277163
-1.602172 -0.549315 -6.871012 81 96 68 0 0.930352 -0.317579 0.183272
-1.563556 -0.163156 -6.718655 57 85 54 0 0.784732 -0.618487 0.040857
-1.559343 -0.159646 -6.687762 55 83 51 0 0.808492 -0.587103 -0.040635
-1.542492 -0.286025 -7.241022 74 97 68 0 0.884290 -0.283753 0.370831
-1.616214 -0.458041 -6.802907 56 85 44 0 0.905552 0.418052 -0.072172
-1.536876 -0.416617 -7.391975 78 101 76 0 0.938117 -0.078066 0.337405
-1.460346 -0.105583 -7.098495 63 89 59 0 0.702041 -0.710585 -0.046993
-1.451218 -0.150518 -7.213640 60 87 58 0 0.656933 -0.556125 0.509081
-1.527046 -0.149114 -6.945435 63 91 59 0 0.824815 -0.522942 0.214970
-1.581108 -0.526848 -7.184152 61 62 57 0 0.839489 -0.499443 -0.214047
-1.590938 -0.371682 -7.138515 76 95 72 0 0.993122 -0.087195 0.078136
-1.593746 -0.303578 -7.038816 77 89 72 0 0.924026 -0.190448 0.331521
-1.506685 -0.389235 -7.490973 90 85 82 0 0.907056 -0.285745 0.309190
-1.550918 -0.304280 -7.238916 71 95 67 0 0.902627 -0.299891 0.308755
-1.587427 -0.198262 -6.644231 61 87 54 0 0.759601 -0.649267 -0.038192
-1.579704 -0.230558 -6.925776 65 92 62 0 0.920407 -0.380905 0.088110
-1.576194 -0.328853 -7.178535 77 93 77 0 0.935438 -0.237015 0.262259
-1.452623 -0.055032 -7.000199 65 87 59 0 0.873582 -0.404240 0.271007
-1.522131 -0.210899 -7.157472 69 95 67 0 0.850796 -0.523246 0.048577
-1.564960 -0.207389 -6.932095 66 92 67 0 0.814661 -0.570698 0.103103
-1.456835 -0.072584 -7.015646 59 84 53 0 0.812197 -0.454766 0.365409
-1.499664 -0.373788 -7.493781 18 16 28 0 0.673095 -0.370285 0.640181
-1.522833 -0.228452 -7.198194 65 92 64 0 0.751855 -0.639909 0.158843
-1.489834 -0.257239 -7.335807 64 89 60 0 0.769543 -0.632800 0.085828
-1.468069 -0.045202 -6.867501 59 88 54 0 0.785323 -0.593929 0.174685
-1.508089 -0.274791 -7.322467 69 96 67 0 0.839054 -0.403060 0.365420
-1.631660 -0.313407 -6.715846 62 89 51 0 0.968623 -0.191666 0.158221
-1.582512 -0.484019 -7.217151 76 98 70 0 0.991632 -0.079101 0.102029
-1.529855 -0.267770 -7.249447 72 93 65 0 0.800334 -0.476351 0.364080
-1.626043 -0.254430 -6.594382 84 39 37 0 0.055795 -0.673829 -0.736777
-1.501770 -0.243196 -7.287361 68 93 67 0 0.854283 -0.458359 0.245169
-1.451921 -0.079605 -7.047241 55 80 53 0 0.839123 -0.539133 0.072167
-1.559343 -0.185624 -6.875926 61 87 58 0 0.843007 -0.508788 0.174570
-1.596555 -0.207389 -6.693379 87 89 73 0 0.841625 -0.532982 0.087163
-1.509493 -0.119626 -6.942627 62 91 61 0 0.798394 -0.553450 0.237193
-1.537578 -0.284621 -7.256469 71 95 67 0 0.893616 -0.434846 0.111174
-1.483515 -0.165262 -7.183449 65 90 64 0 0.698712 -0.579217 0.419891
-1.620426 -0.471381 -6.960882 67 96 59 0 0.971866 -0.078196 0.222176
-1.541790 -0.161050 -6.906117 61 89 61 0 0.873436 -0.475774 0.103676
-1.593044 -0.432765 -7.155365 70 96 62 0 0.993097 -0.039098 0.110592
-1.626745 -0.312003 -6.771313 71 81 61 0 0.996024 -0.079464 -0.040276
-1.499664 -0.105583 -6.943329 63 90 57 0 0.789869 -0.609899 0.064275
-1.626745 -0.375895 -6.833098 62 87 49 0 0.989149 0.117950 0.087587
-1.513004 -0.342896 -7.404613 73 100 65 0 0.933019 -0.277232 0.229385
-1.561449 -0.163156 -6.655465 59 85 55 0 0.809633 -0.568972 -0.144100
-1.515812 -0.260047 -7.277532 75 99 71 0 0.773537 -0.593717 0.221675
-1.487728 -0.057840 -6.823971 54 82 46 0 0.814067 -0.551270 0.182750
-1.630256 -0.406787 -6.795887 68 92 57 0 0.992409 0.078618 -0.094569
-1.568470 -0.175794 -6.760079 61 88 54 0 0.869101 -0.457500 0.188034
-1.600065 -0.427148 -7.115345 70 94 64 0 0.987044 0.031025 0.157421
-1.537578 -0.243196 -7.178535 77 96 74 0 0.885524 -0.394393 0.245565
-1.624639 -0.494551 -6.714442 23 33 25 0 0.459197 0.047691 0.887054
-1.569173 -0.190538 -6.835907 67 87 59 0 0.839489 -0.499443 0.214047
-1.588832 -0.537379 -6.806418 36 40 34 0 0.631129 -0.293885 -0.717849
-1.549513 -0.179305 -6.928585 61 90 60 0 0.847185 -0.530352 0.031683
-1.505983 -0.295152 -7.363189 71 97 67 0 0.861224 -0.488173 0.141352
-1.534067 -0.331662 -7.328084 73 97 68 0 0.894190 -0.323939 0.309011
-1.561449 -0.331662 -7.241022 69 85 69 0 0.928591 -0.253767 0.270780
-1.525642 -0.196155 -7.107622 63 89 60 0 0.783136 -0.530098 0.325106
-1.512302 -0.095754 -6.835907 66 91 59 0 0.743701 -0.561437 0.362900
-1.566364 -0.438382 -7.277532 74 99 68 0 0.974949 -0.008232 0.222274
-1.517919 -0.210899 -7.176428 65 92 62 0 0.837971 -0.496066 0.227427
-1.617618 -0.235473 -6.653358 81 78 65 0 0.817766 -0.563220 0.118496
-1.492643 -0.273387 -7.367402 70 95 69 0 0.874759 -0.357510 0.327084
-1.544599 -0.135072 -6.780440 61 86 60 0 0.856228 -0.513737 0.054297
-1.538280 -0.130157 -6.670911 50 78 44 0 0.725754 -0.640372 0.251405
-1.578300 -0.403277 -7.221363 70 97 61 0 0.913387 -0.088745 0.397303
-1.444900 -0.027650 -6.904011 71 82 69 0 0.655374 -0.530701 0.537440
-1.590236 -0.336577 -7.120260 65 91 64 0 0.872413 -0.143232 0.467312
-1.592342 -0.296557 -7.051454 133 105 110 0 0.969968 -0.220734 0.102168
-1.546003 -0.184921 -6.955265 64 92 65 0 0.774485 -0.632147 -0.023723
-1.445602 -0.093648 -7.131494 63 87 62 0 0.783836 -0.617611 -0.064484
-1.469473 -0.139285 -7.165195 64 91 65 0 0.785517 -0.515646 0.342158
-1.600065 -0.290940 -6.980541 141 101 108 0 0.914774 -0.338538 0.220410
-1.482111 -0.152625 -7.158876 62 90 61 0 0.753279 -0.626962 0.198718
-1.592342 -0.538783 -7.084453 83 95 81 0 0.947994 0.126666 0.291998
-1.480005 -0.121732 -7.067602 63 88 59 0 0.769543 -0.632800 0.085828
-1.453325 -0.045202 -6.910330 56 84 51 0 0.667684 -0.677385 0.308784
-1.553024 -0.150518 -6.644231 50 71 45 0 0.898137 -0.364269 -0.246287
-1.525642 -0.342193 -7.363891 67 91 61 0 0.851881 -0.301483 0.428260
-1.520727 -0.376597 -7.421464 82 98 80 0 0.961272 -0.271256 0.048751
-1.484218 -0.066265 -6.868204 58 85 50 0 0.763333 -0.642124 0.070706
-1.515812 -0.407489 -7.519057 92 87 84 0 0.466249 -0.283467 0.838009
-1.569875 -0.326045 -7.197492 80 85 76 0 0.928617 -0.189657 0.318905
-1.490537 -0.109796 -6.998093 63 89 54 0 0.748364 -0.612871 0.253656
-1.584619 -0.194751 -6.654061 56 85 49 0 0.775292 -0.631566 0.006910
-1.623235 -0.418021 -6.876629 65 92 56 0 0.992023 -0.071754 -0.103644
-1.508791 -0.114009 -6.932095 69 95 65 0 0.699346 -0.667629 0.255317
-1.466665 -0.102775 -7.059879 66 76 60 0 0.854568 -0.496910 0.150979
-1.594448 -0.213708 -6.734803 59 87 57 0 0.906208 -0.420212 -0.046989
-1.452623 -0.044500 -6.967200 71 92 63 0 0.826157 -0.555097 -0.096601
-1.576896 -0.502976 -7.253660 80 88 76 0 0.962995 -0.015827 0.269054
-1.621831 -0.425744 -6.907521 65 91 58 0 0.991267 0.055766 0.119498
-1.614107 -0.328853 -6.925074 73 100 64 0 0.966112 -0.245622 0.079355
-1.456133 -0.119626 -7.161684 62 87 60 0 0.807816 -0.443099 0.388711
-1.463856 -0.121030 -7.141323 63 90 62 0 0.760023 -0.634102 0.142411
-1.623235 -0.436276 -6.856970 58 88 49 0 0.989393 0.141991 -0.030670
-1.564258 -0.257239 -7.097090 67 92 69 0 0.805352 -0.590967 0.046544
-1.598661 -0.498763 -6.797993 59 88 44 0 0.971535 0.228379 -0.062958
-1.539684 -0.420829 -7.378635 78 101 72 0 0.968623 -0.158221 0.191666
-1.464559 -0.097860 -7.051454 61 88 55 0 0.788463 -0.607743 0.094732
-1.543897 -0.243196 -7.149748 73 92 75 0 0.794590 -0.574126 0.197499
-1.562854 -0.493146 -7.284553 73 80 63 0 0.930473 0.141983 0.337727
-1.550216 -0.245303 -7.131494 69 92 67 0 0.868605 -0.480963 0.119164
-1.614810 -0.269876 -6.823971 147 101 115 0 0.878495 -0.458658 0.133715
-1.504579 -0.324641 -7.402507 69 93 62 0 0.951325 -0.301702 0.062908
-1.449814 -0.045202 -6.945435 60 86 51 0 0.707312 -0.692231 -0.143272
-1.628150 -0.309194 -6.750952 66 94 57 0 0.975451 -0.174502 0.134329
-1.522833 -0.291642 -7.306318 73 98 67 0 0.770050 -0.548198 0.326347
-1.566364 -0.362555 -7.250150 75 100 69 0 0.972571 -0.188935 0.135678
-1.630958 -0.466466 -6.689166 28 30 23 0 0.872258 -0.365096 0.325378
-1.614810 -0.550017 -6.951052 86 101 81 0 0.783873 -0.465780 -0.410600
-1.623235 -0.282514 -6.786759 63 89 54 0 0.987765 -0.134748 0.078506
-1.577598 -0.299365 -7.135706 71 92 70 0 0.923807 -0.363757 0.119422
-1.598661 -0.330960 -7.053560 68 95 65 0 0.983444 -0.110078 0.143948
-1.521429 -0.107690 -6.826779 71 94 64 0 0.833928 -0.476752 0.277976
-1.562854 -0.308492 -7.205215 69 93 67 0 0.846322 -0.500032 0.183594
-1.517217 -0.138582 -6.958073 63 88 59 0 0.820208 -0.513212 0.252730
-1.522131 -0.428553 -7.443229 82 94 76 0 0.943523 -0.119111 0.309154
-1.536173 -0.155433 -6.921564 64 92 62 0 0.806209 -0.539026 0.243882
-1.561449 -0.232665 -7.035305 69 96 67 0 0.840197 -0.530727 0.111351
-1.593746 -0.368171 -7.120962 70 94 69 0 0.959679 0.046416 0.277241
-1.618320 -0.537379 -6.992476 85 96 81 0 0.981424 -0.095837 0.166199
-1.534067 -0.297961 -7.281043 73 98 66 0 0.854467 -0.307485 0.418735
-1.607788 -0.394852 -7.041624 67 92 61 0 0.976321 -0.032265 0.213906
-1.570577 -0.188432 -6.813439 62 90 60 0 0.822021 -0.568018 0.040473
-1.595853 -0.206687 -6.677230 59 85 52 0 0.761293 -0.648407 0.001377
-1.458240 -0.029756 -6.830290 62 85 59 0 0.696383 -0.576718 0.427137
-1.478601 -0.155433 -7.175024 64 90 67 0 0.782218 -0.561875 0.269133
-1.579704 -0.488934 -7.237512 78 100 78 0 0.977984 -0.086905 0.189722
-1.626745 -0.339385 -6.639317 53 79 38 0 0.921946 0.276727 -0.270992
-1.613405 -0.514912 -7.012837 71 96 64 0 0.968570 -0.110730 0.222733
-1.610597 -0.495955 -7.032496 69 94 63 0 0.977052 -0.165962 0.133518
-1.555833 -0.470679 -7.323169 79 100 74 0 0.999446 0.023528 -0.023528
-1.524238 -0.348512 -7.375827 70 96 58 0 0.856545 -0.516071 0.001340
-1.560747 -0.298663 -7.198896 70 96 68 0 0.871409 -0.404637 0.277335
-1.469473 -0.170177 -7.227682 61 87 60 0 0.601937 -0.739981 0.300166
-1.442793 -0.152625 -7.231895 47 51 45 0 0.119167 -0.987554 -0.102649
-1.557939 -0.281110 -7.184152 64 90 63 0 0.964634 -0.204936 0.165776
-1.553726 -0.257239 -7.146940 71 94 69 0 0.885650 -0.433403 0.166693
-1.616916 -0.447510 -6.995987 77 99 63 0 0.995500 -0.094759 0.001065
-1.607788 -0.234771 -6.730590 56 84 51 0 0.862835 -0.484526 0.144048
-1.534769 -0.147710 -6.896288 68 91 62 0 0.820436 -0.569080 0.055072
-1.601469 -0.498763 -6.824673 58 88 46 0 0.878784 0.404090 -0.253871
-1.501068 -0.103477 -6.916649 64 92 59 0 0.773650 -0.631173 0.055566
-1.517919 -0.121732 -6.887862 64 90 57 0 0.735083 -0.655615 0.172691
-1.615512 -0.397660 -6.977030 66 94 60 0 0.993652 0.048062 0.101712
-1.506685 -0.059946 -6.785355 53 81 46 0 0.848812 -0.458942 0.262472
-1.579704 -0.186326 -6.655465 59 87 52 0 0.844128 -0.535932 -0.015001
-1.451921 -0.139285 -7.198194 61 85 55 0 0.684399 -0.557225 0.470211
-1.608490 -0.389937 -7.026177 69 95 63 0 0.972909 -0.181390 0.143336
-1.550918 -0.158944 -6.824673 61 89 60 0 0.837737 -0.545150 0.031743
-1.574087 -0.307088 -7.165195 80 94 76 0 0.912306 -0.286642 0.292462
-1.515812 -0.204580 -7.169407 66 93 63 0 0.832979 -0.524911 0.174970
-1.610597 -0.260047 -6.825375 67 89 65 0 0.886062 -0.411333 0.213775
-1.571279 -0.388533 -7.244533 79 94 69 0 0.986508 -0.103281 0.127023
-1.604980 -0.241792 -6.786759 81 84 66 0 0.860200 -0.506082 0.062737
-1.553726 -0.198262 -6.967200 70 93 67 0 0.848093 -0.500539 0.173777
-1.563556 -0.213708 -6.962988 66 90 63 0 0.871120 -0.449658 0.197375
-1.625341 -0.471381 -6.716548 65 91 54 0 0.879301 -0.127248 0.458952
-1.624639 -0.430659 -6.809928 62 87 50 0 0.971866 0.222176 -0.078196
-1.505983 -0.094350 -6.856970 62 89 57 0 0.895144 -0.419644 0.150384
-1.616916 -0.524039 -6.948244 68 95 60 0 0.957305 0.252200 -0.141285
-1.619022 -0.274791 -6.816949 128 93 98 0 0.807321 -0.529365 0.260779
-1.607086 -0.288833 -6.914543 78 90 72 0 0.974183 -0.142410 0.175177
-1.569875 -0.407489 -7.256469 80 105 70 0 0.964929 0.001199 0.262509
-1.569875 -0.342193 -7.215746 75 93 73 0 0.967327 -0.158853 0.197598
-1.520727 -0.412404 -7.444633 85 103 79 0 0.941345 -0.119515 0.315572
-1.562854 -0.363257 -7.262788 74 100 65 0 0.945148 0.001242 0.326641
-1.614810 -0.443999 -6.668103 59 66 48 0 0.933330 -0.237908 0.268878
-1.517217 -0.116817 -6.866097 65 92 61 0 0.892458 -0.419556 0.165804
-1.612703 -0.495253 -6.868204 72 99 60 0 0.933077 0.300767 -0.197247
-1.531961 -0.209495 -7.120962 64 91 61 0 0.794739 -0.603545 0.064207
-1.468069 -0.082414 -7.003710 54 79 47 0 0.762488 -0.539084 0.357771
-1.632362 -0.295854 -6.688464 62 90 51 0 0.992918 -0.117655 0.016494
-1.623235 -0.431361 -6.847140 52 80 42 0 0.989272 0.134744 -0.056431
-1.518621 -0.102073 -6.679337 37 44 30 0 0.563578 -0.262166 0.783358
-1.600065 -0.283216 -6.964392 125 101 106 0 0.925428 -0.332817 0.181154
-1.627447 -0.307088 -6.762185 61 89 49 0 0.996092 -0.086850 0.016083
-1.633766 -0.300769 -6.677932 69 74 53 0 0.995437 -0.094032 -0.016212
-1.574087 -0.425042 -7.247341 67 93 57 0 0.996811 -0.007415 0.079448
-1.618320 -0.396256 -6.670209 56 86 46 0 0.920121 0.191397 -0.341678
-1.558641 -0.191240 -6.910330 69 96 72 0 0.816965 -0.554102 0.159809
-1.536173 -0.125242 -6.706017 58 84 56 0 0.798609 -0.601387 -0.023611
-1.632362 -0.363257 -6.730590 45 47 37 0 0.998341 0.055405 -0.015681
-1.602874 -0.550017 -6.899096 24 27 18 0 0.683659 -0.683659 -0.255381
-1.547407 -0.250920 -7.158174 71 90 69 0 0.838741 -0.481699 0.253931
-1.498962 -0.282514 -7.365295 73 97 69 0 0.761679 -0.602149 0.239295
-1.521429 -0.196857 -7.127983 64 92 63 0 0.801296 -0.546126 0.244278
-1.513706 -0.401873 -7.472718 115 114 119 0 0.989885 -0.046919 0.133892
-1.590236 -0.519827 -6.804312 61 90 50 0 0.897548 0.342700 -0.277424
-1.602874 -0.224239 -6.611934 52 78 44 0 0.728382 -0.633168 -0.261836
-1.475792 -0.158241 -7.185556 63 87 55 0 0.716786 -0.660567 0.223312
-1.571279 -0.173688 -6.684251 59 88 53 0 0.726200 -0.686718 0.032432
-1.616916 -0.321130 -6.881544 70 96 63 0 0.972909 -0.181390 0.143336
-1.594448 -0.436978 -7.145535 76 100 68 0 0.960203 -0.189392 0.205285
-1.629554 -0.302875 -6.725676 60 87 49 0 0.991385 -0.032560 0.126870
-1.628852 -0.343598 -6.783248 63 91 52 0 0.984713 -0.167436 0.048006
-1.590938 -0.439084 -7.174322 67 93 62 0 0.991923 0.007706 0.126605
-1.623937 -0.432765 -6.760079 60 88 45 0 0.956477 0.245420 0.157865
-1.630958 -0.374490 -6.773419 78 85 63 0 0.998603 0.024050 0.047055
-1.597257 -0.470679 -7.083750 68 94 61 0 0.962167 0.096089 0.254955
-1.620426 -0.418723 -6.947542 64 91 58 0 0.987489 0.001118 0.157685
-1.491941 -0.100669 -6.941925 61 83 47 0 0.157575 -0.014737 -0.987397
-1.609895 -0.224239 -6.647040 61 85 53 0 0.792878 -0.609379 0.001369
-1.485622 -0.204580 -7.273319 67 92 63 0 0.836899 -0.317552 0.445825
-1.585321 -0.195453 -6.730590 56 84 52 0 0.870059 -0.466469 0.159389
-1.619724 -0.449616 -6.893479 65 93 55 0 0.989448 0.126436 -0.070758
-1.447708 -0.038883 -6.953860 61 84 56 0 0.705838 -0.658254 -0.261715
-1.571981 -0.497359 -7.266298 68 83 58 0 0.848683 0.120411 0.515013
-1.571279 -0.455935 -7.260681 74 96 68 0 0.967327 -0.158853 0.197598
-1.504579 -0.213708 -7.218555 69 95 66 0 0.702669 -0.680953 0.206302
-1.534769 -0.231963 -7.163088 69 93 68 0 0.816432 -0.547809 0.182603
-1.456133 -0.134370 -7.183449 65 93 64 0 0.753186 -0.562055 0.341768
-1.612703 -0.348512 -6.953860 61 87 55 0 0.984430 -0.102169 0.143037
-1.474388 -0.046606 -6.838013 58 86 49 0 0.826108 -0.485670 0.285780
-1.566364 -0.449616 -7.280340 74 101 65 0 0.965842 -0.056081 0.252988
-1.520025 -0.351321 -7.389167 73 98 63 0 0.889322 -0.285480 0.357223
-1.566364 -0.300067 -7.178535 75 95 71 0 0.870740 -0.362681 0.332075
-1.456133 -0.031862 -6.885054 58 81 53 0 0.844008 -0.413424 0.341659
-1.503877 -0.082414 -6.830992 60 87 56 0 0.798394 -0.553450 0.237193
-1.627447 -0.415213 -6.779738 64 89 53 0 0.975327 0.220763 0.001168
-1.566364 -0.417319 -7.273319 72 97 64 0 0.966970 0.030562 0.253050
-1.628852 -0.405383 -6.785355 64 84 51 0 0.988294 0.142509 -0.054455
-1.555833 -0.420127 -7.317552 76 101 70 0 0.947744 -0.079522 0.308962
-1.619724 -0.408192 -6.955265 76 90 66 0 0.995347 -0.056216 0.078261
-1.440687 -0.036075 -6.936308 65 82 61 0 0.832946 -0.468630 -0.294256
-1.614107 -0.549315 -7.013540 54 62 49 0 0.987642 -0.149362 -0.047472
-1.578300 -0.271281 -7.066197 70 96 73 0 0.891748 -0.447929 0.064381
-1.556535 -0.160348 -6.788865 59 61 54 0 0.871255 -0.490829 0.001330
-1.623235 -0.265664 -6.722867 150 89 106 0 0.944481 -0.325107 0.047545
-1.572683 -0.229154 -6.959477 69 95 65 0 0.895144 -0.419644 0.150384
-1.602172 -0.219325 -6.621764 56 82 49 0 0.726400 -0.672258 -0.142874
-1.557237 -0.178603 -6.870310 65 89 61 0 0.884928 -0.465682 0.006634
-1.530557 -0.340789 -7.348444 70 94 62 0 0.910318 -0.308310 0.276164
-1.477899 -0.123136 -7.080942 59 87 56 0 0.785478 -0.577877 0.221545
-1.602172 -0.316918 -7.005816 70 95 68 0 0.979557 -0.149466 0.134643
-1.621128 -0.480509 -6.949648 66 95 57 0 0.995103 0.069890 0.069890
-1.567768 -0.319726 -7.203811 73 94 76 0 0.925428 -0.181154 0.332817
-1.510898 -0.105583 -6.689868 61 85 47 0 0.580344 -0.795510 -0.174255
-1.607086 -0.493146 -6.746739 66 91 55 0 0.942774 0.307982 0.127765
-1.595150 -0.356236 -7.099899 67 93 65 0 0.985764 -0.024099 0.166398
-1.465963 -0.062053 -6.942627 60 86 56 0 0.753231 -0.650850 0.095068
-1.621831 -0.463658 -6.944733 69 96 62 0 0.984614 0.007986 -0.174561
-1.582512 -0.396256 -7.196087 70 95 64 0 0.995414 -0.007500 0.095363
-1.617618 -0.471381 -6.859778 55 66 45 0 0.972458 0.228168 -0.047586
-1.621831 -0.319726 -6.852757 77 85 62 0 0.948682 -0.188651 0.253796
-1.600767 -0.280408 -6.950350 107 92 95 0 0.936607 -0.277772 0.213563
-1.558641 -0.174390 -6.840119 61 87 58 0 0.895622 -0.443097 -0.039057
-1.566364 -0.347810 -7.236810 73 88 71 0 0.936607 -0.213563 0.277772
-1.571279 -0.266366 -7.083750 72 89 69 0 0.845790 -0.498492 0.190116
-1.620426 -0.464360 -6.730590 62 88 49 0 0.908078 0.157741 0.387958
-1.582512 -0.189134 -6.711634 75 88 66 0 0.860135 -0.473891 0.188665
-1.608490 -0.452424 -7.038113 88 86 85 0 0.975029 -0.015401 0.221544
-1.633064 -0.300769 -6.624572 59 80 44 0 0.959354 0.238194 -0.151338
-1.622533 -0.436978 -6.868906 63 91 56 0 0.989399 0.023691 0.143277
-1.548811 -0.144199 -6.710229 59 87 54 0 0.832034 -0.531371 -0.159262
-1.538280 -0.132966 -6.684954 57 86 51 0 0.841625 -0.532982 -0.087163
-1.539684 -0.260047 -7.203108 70 96 71 0 0.541481 -0.682299 0.491188
-1.568470 -0.243898 -7.031795 68 93 65 0 0.851389 -0.500210 0.157883
-1.540386 -0.205985 -7.066197 66 92 64 0 0.895620 -0.397568 0.199512
-1.571279 -0.212304 -6.915946 64 91 64 0 0.798265 -0.599762 0.055297
-1.435070 -0.083818 -7.106218 67 91 66 0 0.831350 -0.506771 0.228124
-1.519323 -0.409596 -7.502908 96 92 94 0 0.667846 -0.628073 -0.399382
-1.517217 -0.045202 -6.747441 68 84 57 0 0.255672 0.785839 0.563106
-1.627447 -0.375895 -6.688464 63 93 52 0 0.978130 0.204225 -0.039412
-1.547407 -0.331662 -7.292276 78 97 76 0 0.918887 -0.365037 0.149651
-1.629554 -0.355534 -6.678635 60 90 47 0 0.986903 0.110448 -0.117573
-1.632362 -0.363959 -6.762185 49 39 39 0 0.999211 0.031901 -0.023668
-1.634468 -0.293046 -6.655465 74 82 57 0 0.995895 0.071214 0.055875
-1.517919 -0.425744 -7.489568 26 19 27 0 0.876393 -0.006670 -0.481550
-1.562151 -0.293748 -7.184152 71 92 68 0 0.887294 -0.260969 0.380269
-1.607788 -0.248111 -6.796588 68 93 64 0 0.808970 -0.578669 0.103490
-1.517919 -0.177900 -7.103409 67 89 64 0 0.729809 -0.593275 0.339711
-1.628150 -0.314811 -6.599998 64 70 53 0 0.959953 -0.159334 0.230441
-1.551620 -0.224942 -7.061985 66 93 64 0 0.932410 -0.324617 0.158855
-1.628150 -0.399766 -6.722867 66 94 54 0 0.993804 0.111142 0.001079
-1.529855 -0.124540 -6.673018 48 74 44 0 0.578782 -0.794496 0.183813
-1.593746 -0.468573 -7.125877 68 94 63 0 0.967949 0.221209 0.118916
-1.554428 -0.345002 -7.284553 103 105 96 0 0.880283 -0.205646 0.427566
-1.586725 -0.437680 -7.195385 69 93 66 0 0.958071 -0.023488 0.285567
-1.557939 -0.266366 -7.149046 68 92 68 0 0.900027 -0.403362 0.165077
-1.510195 -0.113307 -6.897692 73 96 60 0 0.777618 -0.588258 0.221955
-1.593044 -0.204580 -6.661082 55 82 50 0 0.870868 -0.491293 -0.014806
-1.595150 -0.274089 -6.971413 76 99 79 0 0.865024 -0.475690 0.159539
-1.579704 -0.188432 -6.731995 59 85 55 0 0.810216 -0.581583 0.072877
-1.558641 -0.200368 -6.944031 62 89 62 0 0.767752 -0.611443 0.191555
-1.505983 -0.088031 -6.838013 59 86 53 0 0.794739 -0.603545 0.064207
-1.586725 -0.465062 -7.198194 69 95 63 0 0.971239 0.032657 0.235855
-1.593044 -0.467169 -7.135004 67 92 62 0 0.984683 0.174169 -0.007969
-1.621831 -0.442595 -6.745335 63 90 47 0 0.955388 0.267509 0.125189
-1.610597 -0.469275 -7.031092 70 94 62 0 0.969369 0.001186 0.245605
-1.604980 -0.517720 -6.859076 70 97 57 0 0.933508 0.246401 -0.260481
-1.611299 -0.471381 -6.774121 57 86 46 0 0.962250 0.269430 -0.038490
-1.631660 -0.385724 -6.776227 77 93 66 0 0.998844 -0.048051 0.001022
-1.584619 -0.319024 -7.123770 73 87 70 0 0.950412 -0.293142 0.103849
-1.600065 -0.485423 -7.071815 71 97 62 0 0.971447 0.001180 0.237255
-1.603576 -0.403277 -7.083048 68 93 63 0 0.998897 -0.040454 0.023857
-1.567768 -0.471381 -7.278234 72 87 64 0 0.928617 0.189657 0.318905
-1.504579 -0.135072 -7.008625 67 95 68 0 0.775910 -0.563288 0.284024
-1.574789 -0.182815 -6.739016 64 87 56 0 0.861949 -0.506950 0.006723
-1.613405 -0.506487 -7.017752 68 93 61 0 0.983726 0.127049 0.127049
-1.496153 -0.044500 -6.793780 41 68 32 0 0.799967 -0.261437 0.540095
-1.576194 -0.441191 -7.238916 70 95 62 0 0.982710 -0.166785 0.080393
-1.607086 -0.502274 -6.845736 66 92 54 0 0.919441 0.379561 -0.102769
-1.606384 -0.356236 -7.022667 69 87 61 0 0.975099 -0.054644 0.214935
-1.605682 -0.486125 -6.774121 60 88 48 0 0.920470 0.388054 -0.046355
-1.629554 -0.469275 -6.708825 72 90 59 0 0.974640 -0.189409 0.119165
-1.553726 -0.264962 -7.163088 68 93 69 0 0.896004 -0.427542 0.119938
-1.560045 -0.221431 -7.019858 72 91 67 0 0.856809 -0.460894 0.231203
-1.460346 -0.069776 -7.005114 60 86 53 0 0.834524 -0.510408 0.207495
-1.539684 -0.304982 -7.274724 73 97 66 0 0.893786 -0.394792 0.212806
-1.612703 -0.298663 -6.894884 62 89 58 0 0.958043 -0.275742 0.078234
-1.606384 -0.311301 -6.965796 69 95 65 0 0.962069 -0.221814 0.158814
-1.494047 -0.122434 -7.011433 63 90 57 0 0.719684 -0.609214 0.333037
-1.557939 -0.222835 -7.028986 84 102 78 0 0.890150 -0.410726 0.197324
-1.605682 -0.493849 -6.830992 62 90 49 0 0.863160 0.349264 -0.364650
-1.581108 -0.236175 -6.932797 69 96 66 0 0.879713 -0.467216 0.088392
-1.583215 -0.281110 -7.052155 70 95 70 0 0.862835 -0.484526 0.144048
-1.580406 -0.440488 -7.223470 73 96 65 0 0.971910 -0.149035 0.182153
-1.627447 -0.342193 -6.807120 67 90 53 0 0.972960 -0.197613 0.119575
-1.541790 -0.243898 -7.165897 78 96 73 0 0.857627 -0.500163 0.119635
-1.560045 -0.414510 -7.303510 71 96 62 0 0.958152 -0.094393 0.270248
-1.626043 -0.427851 -6.823971 68 90 53 0 0.981875 0.158993 -0.103164
-1.548811 -0.312003 -7.257171 75 100 74 0 0.793346 -0.533648 0.292952
-1.495451 -0.163858 -7.144834 67 92 64 0 0.816511 -0.522133 0.246348
-1.633064 -0.320428 -6.700400 79 79 61 0 0.984089 -0.094924 0.150197
-1.438581 -0.088031 -7.130792 43 49 40 0 0.592576 -0.782445 0.191400
-1.454729 -0.095052 -7.086559 66 92 62 0 0.761679 -0.602149 0.239295
-1.645000 -0.250920 -6.624572 30 24 24 0 0.275305 0.868505 0.412197
-1.617618 -0.387128 -6.953860 66 93 58 0 0.978285 -0.064090 0.197108
-1.609895 -0.290238 -6.899798 65 90 59 0 0.948461 -0.315309 0.031658
-1.502472 -0.087329 -6.849948 65 90 58 0 0.632800 -0.769543 0.085828
-1.616214 -0.253026 -6.749547 63 85 59 0 0.833029 -0.546272 -0.087461
-1.604980 -0.429255 -7.054262 72 97 65 0 0.968902 0.008363 0.247303
-1.579704 -0.246707 -6.977732 67 93 70 0 0.828486 -0.560008 0.001356
-1.560747 -0.197559 -6.917351 69 94 67 0 0.860200 -0.506082 0.062737
-1.628852 -0.370278 -6.806418 69 95 55 0 0.997743 -0.024387 0.062558
-1.446304 -0.095052 -7.113239 63 89 59 0 0.604398 -0.787639 0.119697
-1.586023 -0.527550 -6.802206 67 90 57 0 0.860936 0.220868 -0.458264
-1.563556 -0.396256 -7.278234 78 102 69 0 0.971846 -0.101836 0.212473
-1.574087 -0.378001 -7.220661 70 96 63 0 0.959445 -0.086055 0.268439
-1.487026 -0.198262 -7.256469 66 90 62 0 0.857558 -0.484320 0.173289
-1.623235 -0.352023 -6.619658 49 64 42 0 0.886597 0.102570 0.451026
-1.632362 -0.354831 -6.714442 63 90 50 0 0.991904 0.110465 -0.062635
-1.617618 -0.380107 -6.657571 60 86 47 0 0.876883 0.286237 -0.386192
-1.477899 -0.129455 -7.106218 64 91 61 0 0.746646 -0.617751 0.246786
-1.516515 -0.319024 -7.363891 72 97 65 0 0.908837 -0.261126 0.325314
-1.615512 -0.316918 -6.891373 64 92 55 0 0.966109 0.048244 0.253588
-1.633064 -0.347108 -6.725676 76 80 58 0 0.993965 -0.095036 0.054785
-1.607086 -0.411000 -7.046539 68 95 63 0 0.987765 -0.078506 0.134748
-1.631660 -0.333768 -6.725676 67 90 52 0 0.996873 -0.063860 -0.046542
-1.581810 -0.514912 -7.118154 74 95 66 0 0.863690 0.435640 0.253491
-1.626043 -0.420829 -6.732697 34 36 29 0 0.989311 0.110962 0.094609
-1.603576 -0.377299 -7.064091 70 97 65 0 0.988525 -0.102019 0.111400
-1.503174 -0.085222 -6.697591 61 77 56 0 0.754278 -0.491349 -0.435477
-1.612703 -0.502274 -6.899798 67 95 59 0 0.993750 0.110417 0.016399
-1.585321 -0.347108 -7.150450 73 99 72 0 0.939302 -0.165921 0.300302
-1.575491 -0.322534 -7.172216 89 87 80 0 0.949081 -0.308613 0.063272
-1.481409 -0.250920 -7.360381 71 89 71 0 0.777088 -0.461040 0.428458
-1.630256 -0.397660 -6.762887 61 90 51 0 0.976723 0.135968 -0.165906
-1.515110 -0.338683 -7.388465 75 100 65 0 0.906804 -0.221986 0.358369
-1.489132 -0.116817 -7.016348 59 86 49 0 0.801135 -0.586519 0.119068
-1.616214 -0.464360 -6.828886 59 90 47 0 0.975099 0.214935 -0.054644
-1.580406 -0.267770 -7.038816 72 97 71 0 0.864797 -0.458536 0.204624
-1.633064 -0.335172 -6.704612 68 89 55 0 0.991734 0.118737 -0.048626
-1.574087 -0.183517 -6.644933 59 86 53 0 0.847394 -0.529449 0.040089
-1.596555 -0.522635 -7.077431 80 99 81 0 0.960991 0.064403 0.268977
-1.635873 -0.268472 -6.628083 88 71 59 0 0.983109 -0.174327 0.055737
-1.521429 -0.368874 -7.410932 74 95 70 0 0.902546 -0.364236 0.229659
-1.461048 -0.114009 -7.136408 67 92 69 0 0.806665 -0.591008 0.001365
-1.529152 -0.109094 -6.753058 62 89 58 0 0.887929 -0.437510 -0.142011
-1.610597 -0.479806 -6.828886 60 91 50 0 0.888302 0.332174 -0.317143
-1.619724 -0.384320 -6.667401 62 89 48 0 0.893112 0.371760 -0.253271
-1.580406 -0.523337 -7.167301 71 87 56 0 0.866811 0.255656 0.428111
-1.557237 -0.328853 -7.254362 66 88 65 0 0.901722 -0.356290 0.244858
-1.535471 -0.424340 -7.398996 84 106 81 0 0.934439 -0.214346 0.284394
-1.619724 -0.505784 -6.939818 82 104 78 0 0.982957 0.014981 -0.183224
-1.511600 -0.389235 -7.469909 97 103 97 0 0.952713 -0.198089 0.230430
-1.597257 -0.450318 -7.117451 70 95 65 0 0.971607 0.189737 0.141348
-1.476494 -0.078903 -6.961584 63 90 56 0 0.824810 -0.506028 0.252240
-1.495451 -0.264260 -7.340722 67 87 60 0 0.733987 -0.672455 -0.095228
-1.475792 -0.135774 -7.137813 66 90 64 0 0.785885 -0.595092 0.168079
-1.612001 -0.391341 -6.647040 66 88 53 0 0.982754 0.095495 0.158353
-1.576194 -0.301471 -7.145535 68 90 67 0 0.897317 -0.382055 0.221036
-1.553726 -0.369576 -7.299297 71 94 66 0 0.948682 -0.188651 0.253796
-1.514408 -0.102073 -6.842927 59 86 56 0 0.856168 -0.466589 0.221970
-1.538982 -0.220027 -7.114643 63 88 59 0 0.891899 -0.442460 0.093517
-1.576896 -0.212304 -6.863991 71 88 66 0 0.878472 -0.452985 0.151960
-1.515110 -0.356236 -7.422868 75 98 71 0 0.953451 -0.252738 0.164480
-1.536173 -0.389235 -7.372316 80 102 69 0 0.965822 -0.183285 0.183285
-1.543195 -0.453126 -7.398294 61 62 53 0 0.932202 -0.188677 0.308870
-1.547407 -0.432063 -7.356870 81 103 76 0 0.948559 -0.219738 0.227927
-1.520025 -0.316216 -7.350551 77 98 70 0 0.741823 -0.559220 0.370096
-1.500366 -0.316216 -7.404613 69 91 64 0 0.799022 -0.561933 0.213996
-1.569173 -0.188432 -6.826077 62 89 60 0 0.878541 -0.474330 0.056370
-1.581810 -0.473488 -7.217853 73 97 68 0 0.982947 0.031557 0.181161
-1.536173 -0.176496 -6.988264 63 90 61 0 0.847215 -0.507146 0.158206
-1.612001 -0.364661 -6.986859 66 92 62 0 0.965065 -0.111502 0.237101
-1.560747 -0.380809 -7.283851 75 99 68 0 0.949923 -0.157201 0.270063
-1.565662 -0.253728 -7.071112 67 91 64 0 0.829333 -0.498835 0.251734
-1.605682 -0.281110 -6.910330 133 102 108 0 0.911637 -0.387901 0.135835
-1.461048 -0.161050 -7.218555 54 82 50 0 0.612658 -0.777431 0.142304
-1.554428 -0.150518 -6.748845 64 91 59 0 0.817766 -0.563220 -0.118496
-1.488430 -0.102775 -6.987562 60 88 54 0 0.776641 -0.611399 0.151723
-1.574087 -0.202474 -6.849246 65 90 58 0 0.807297 -0.476098 0.348714
-1.607086 -0.323939 -6.984753 68 91 66 0 0.960504 -0.261021 0.096436
-1.546003 -0.391341 -7.343530 70 96 61 0 0.878860 -0.180467 0.441631
-1.620426 -0.446807 -6.961584 68 94 59 0 0.988525 0.102019 0.111400
-1.616214 -0.457339 -6.764994 59 88 44 0 0.913736 0.404484 -0.038459
-1.596555 -0.228452 -6.795184 78 79 64 0 0.900917 -0.427901 0.072456
-1.515110 -0.161050 -7.041624 66 92 63 0 0.766973 -0.641240 -0.023750
-1.482111 -0.100669 -7.004412 62 88 58 0 0.834524 -0.510408 0.207495
-1.630256 -0.345704 -6.655465 63 89 48 0 0.970663 0.204819 -0.125945
-1.546003 -0.149816 -6.816949 65 91 64 0 0.901708 -0.418001 0.110442
-1.525642 -0.121030 -6.680741 57 84 52 0 0.617391 -0.769084 -0.165345
-1.569173 -0.288833 -7.149046 70 94 73 0 0.893974 -0.379754 0.237901
-1.503174 -0.153327 -7.076729 65 91 63 0 0.777567 -0.626334 0.055642
-1.582512 -0.211602 -6.828886 64 59 63 0 0.825166 -0.555428 0.102964
-1.569173 -0.398362 -7.261384 80 104 70 0 0.965202 -0.015783 0.261029
-1.549513 -0.443999 -7.365997 78 80 78 0 0.943876 -0.284661 0.167528
-1.606384 -0.458743 -7.050751 71 92 62 0 0.981436 0.024507 0.190219
-1.540386 -0.227750 -7.127281 64 90 63 0 0.864046 -0.499505 0.062612
-1.600767 -0.390639 -7.087963 68 95 63 0 0.969968 -0.102168 0.220734
-1.543897 -0.262153 -7.195385 70 95 71 0 0.826157 -0.555097 0.096601
-1.588129 -0.213006 -6.783951 62 89 59 0 0.838757 -0.529511 0.126908
-1.547407 -0.163156 -6.867501 62 89 61 0 0.846759 -0.529746 0.048664
-1.505281 -0.117519 -6.955265 61 88 56 0 0.797791 -0.592854 0.109788
-1.536876 -0.349215 -7.337211 68 91 62 0 0.896441 -0.214970 0.387532
-1.537578 -0.121732 -6.782547 62 88 58 0 0.881562 -0.462574 0.094202
-1.613405 -0.371682 -6.640018 60 86 46 0 0.824010 0.379457 -0.420737
-1.621831 -0.452424 -6.941925 70 97 64 0 0.997940 -0.007315 -0.063743
-1.496855 -0.217921 -7.262085 66 91 59 0 0.873356 -0.452142 0.181151
-1.609193 -0.382916 -7.020561 68 92 63 0 0.981430 -0.175040 -0.078466
-1.613405 -0.540188 -6.940520 70 94 60 0 0.967134 0.111150 -0.228688
-1.635873 -0.276195 -6.590871 80 77 61 0 0.826024 0.355364 0.437493
-1.606384 -0.274791 -6.892075 129 102 107 0 0.907320 -0.386003 0.166651
-1.596555 -0.371682 -7.094282 75 100 72 0 0.995250 -0.022842 0.094630
-1.507387 -0.196155 -7.179939 64 90 62 0 0.740487 -0.660031 0.126643
-1.579704 -0.379405 -7.203811 70 95 64 0 0.977094 -0.182044 0.110217
-1.613405 -0.403979 -6.644933 59 66 54 0 0.820505 -0.109304 0.561092
-1.609895 -0.283216 -6.886458 70 85 63 0 0.965622 -0.238535 0.103323
-1.527748 -0.114711 -6.708825 58 84 56 0 0.836224 -0.542762 -0.078351
-1.540386 -0.149114 -6.859778 59 87 56 0 0.781725 -0.623436 0.015273
-1.630256 -0.342896 -6.760781 59 86 46 0 0.959919 -0.253981 0.118525
-1.510898 -0.335875 -7.399698 73 99 65 0 0.862780 -0.412234 0.292701
-1.629554 -0.362555 -6.789567 66 93 55 0 0.987765 -0.134748 0.078506
-1.498260 -0.122434 -6.999497 65 93 61 0 0.759849 -0.595557 0.260655
-1.598661 -0.394852 -7.112537 72 99 66 0 0.983674 -0.119783 0.134302
-1.628852 -0.295152 -6.595786 54 75 42 0 0.970564 0.237466 -0.040186
-1.623235 -0.313407 -6.846438 83 86 68 0 0.952479 -0.079049 0.294167
-1.437176 -0.072584 -7.085155 52 65 47 0 0.752735 -0.500184 0.428026
-1.583917 -0.224942 -6.871012 67 92 67 0 0.843611 -0.525267 0.111420
-1.512302 -0.197559 -7.163088 67 94 63 0 0.822839 -0.561483 0.087597
-1.515812 -0.379405 -7.440421 87 102 85 0 0.965242 -0.127582 0.228101
-1.556535 -0.354831 -7.279638 72 94 68 0 0.886318 -0.070518 0.457677
-1.583917 -0.352023 -7.165195 64 90 64 0 0.975451 -0.159437 0.151904
-1.502472 -0.032564 -6.782547 48 74 38 0 0.865851 0.001334 0.500299
-1.543195 -0.227750 -7.114643 70 94 71 0 0.826406 -0.556207 0.087671
-1.600767 -0.409596 -7.107622 71 92 63 0 0.999736 -0.022971 0.000999
-1.613405 -0.365363 -6.965094 66 93 59 0 0.994244 -0.086116 0.063748
-1.620426 -0.540188 -6.975626 85 97 78 0 0.995427 -0.040518 -0.086511
-1.539684 -0.410298 -7.508525 17 18 29 0 -0.166050 -0.969271 -0.181497
-1.554428 -0.363257 -7.292978 73 96 70 0 0.904338 -0.286741 0.316151
-1.513004 -0.317620 -7.372316 70 95 65 0 0.870269 -0.245847 0.426839
-1.621831 -0.415915 -6.868204 61 91 54 0 0.996948 -0.055206 -0.055206
-1.586023 -0.209495 -6.609126 53 70 43 0 0.752442 -0.632910 -0.182364
-1.581810 -0.253026 -6.984753 70 95 68 0 0.858755 -0.505067 0.086300
-1.626043 -0.252324 -6.691272 60 47 52 0 0.895676 -0.436071 0.087214
-1.534769 -0.164560 -6.950350 58 87 54 0 0.785650 -0.548532 0.286122
-1.535471 -0.158241 -6.934904 66 93 64 0 0.971535 -0.228379 0.062958
-1.619724 -0.371682 -6.921564 69 94 64 0 0.996092 -0.016083 0.086850
-1.472984 -0.036777 -6.816247 59 84 48 0 0.570637 -0.730873 0.374429
-1.617618 -0.480509 -7.000199 70 94 62 0 0.985016 -0.069935 0.157650
-1.536173 -0.132966 -6.816247 60 88 61 0 0.802819 -0.587180 0.103449
-1.510195 -0.165965 -7.090771 64 90 66 0 0.843937 -0.489392 0.219696
-1.627447 -0.328151 -6.624572 52 81 39 0 0.934259 0.339362 -0.109515
-1.494047 -0.173688 -7.170812 64 89 62 0 0.743326 -0.609623 0.275365
-1.587427 -0.203176 -6.630891 55 78 50 0 0.705167 -0.673896 -0.220462
-1.586023 -0.232665 -6.892777 74 96 69 0 0.703437 -0.703437 -0.101755
-1.600065 -0.228452 -6.769908 64 90 62 0 0.907943 -0.417307 0.038664
-1.555130 -0.314811 -7.243129 71 94 69 0 0.896137 -0.301684 0.325463
-1.512302 -0.158241 -7.050751 62 90 57 0 0.672243 -0.703583 0.230349
-1.481409 -0.238984 -7.333700 74 99 70 0 0.814029 -0.150305 0.561040
-1.496153 -0.300067 -7.392677 74 98 66 0 0.780077 -0.502286 0.373080
-1.508791 -0.346406 -7.429889 80 102 78 0 0.911412 -0.364851 0.190295
-1.615512 -0.376597 -6.961584 70 97 62 0 0.972960 -0.197613 0.119575
-1.573385 -0.335875 -7.196790 82 92 80 0 0.934930 -0.324419 0.143730
