v -0.837730407 -0.550982560 -5.889114113 0.603922 0.674510 0.537255
v -0.799539989 -0.523031625 -5.875972886 0.580392 0.701961 0.490196
v -0.795961997 -0.520871195 -5.869908975 0.556863 0.690196 0.450980
v -0.790719433 -0.517824443 -5.868396833 0.545098 0.674510 0.462745
v -0.845306651 -0.554234901 -5.876232500 0.529412 0.666667 0.435294
v -0.837700619 -0.548529764 -5.874249801 0.521569 0.650980 0.415686
v -0.862477793 -0.565079918 -5.875913896 0.603922 0.741176 0.509804
v -0.827944886 -0.541768512 -5.870036242 0.513725 0.654902 0.384314
v -0.791053713 -0.517518821 -5.861617585 0.513725 0.643137 0.396078
v -0.842430092 -0.551291397 -5.868991954 0.501961 0.650980 0.400000
v -0.852328491 -0.557025384 -5.869416459 0.533333 0.678431 0.423529
v -0.753399335 -0.487353872 -5.851101160 0.447059 0.458824 0.439216
v -0.856931198 -0.560728048 -5.869180729 0.525490 0.666667 0.411765
v -0.871052026 -0.571411102 -5.871626278 0.568627 0.701961 0.470588
v -0.830081405 -0.542979409 -5.863180806 0.466667 0.607843 0.356863
v -0.896713398 -0.587152708 -5.872847060 0.662745 0.733333 0.576471
v -0.846008989 -0.552623998 -5.863483521 0.513725 0.658824 0.388235
v -0.907785583 -0.590774003 -5.872272066 0.564706 0.580392 0.533333
v -0.819398731 -0.533758633 -5.858603222 0.505882 0.650980 0.400000
v -0.798783865 -0.521385618 -5.855685832 0.533333 0.678431 0.431373
v -0.787136731 -0.513944393 -5.851177594 0.498039 0.639216 0.360784
v -0.795917982 -0.519258417 -5.849265860 0.529412 0.666667 0.415686
v -0.854216661 -0.557637353 -5.858552688 0.486275 0.631373 0.364706
v -0.861037043 -0.563232835 -5.860101514 0.513725 0.650980 0.400000
v -0.908065631 -0.592313643 -5.866343871 0.305882 0.325490 0.278431
v -0.837644191 -0.546928335 -5.853614322 0.494118 0.635294 0.372549
v -0.865205009 -0.566506887 -5.858430807 0.521569 0.650980 0.407843
v -0.805825658 -0.524157923 -5.847205688 0.466667 0.619608 0.333333
v -0.790851463 -0.516050712 -5.845186938 0.509804 0.650980 0.380392
v -0.764468026 -0.499456941 -5.841019871 0.478431 0.635294 0.345098
v -0.755890866 -0.493956366 -5.839523040 0.486275 0.639216 0.380392
v -0.814169166 -0.529943870 -5.847579492 0.486275 0.635294 0.372549
v -0.718617987 -0.476667695 -5.836255108 0.568627 0.654902 0.498039
v -0.880574248 -0.576804658 -5.859012580 0.552941 0.701961 0.447059
v -0.906624534 -0.591222121 -5.861692819 0.541176 0.631373 0.423529
v -0.774556288 -0.505915191 -5.840935094 0.533333 0.678431 0.407843
v -0.734711233 -0.483751769 -5.835233847 0.525490 0.662745 0.423529
v -0.870421722 -0.570405172 -5.854996327 0.470588 0.603922 0.360784
v -0.777723353 -0.507696135 -5.839352013 0.517647 0.666667 0.400000
v -0.725861518 -0.480224247 -5.833459298 0.505882 0.654902 0.415686
v -0.901026027 -0.587673778 -5.857879864 0.498039 0.639216 0.388235
v -0.878371475 -0.574827316 -5.854328849 0.513725 0.658824 0.396078
v -0.865447510 -0.567112186 -5.851697535 0.517647 0.654902 0.419608
v -0.785857558 -0.512775644 -5.837765285 0.474510 0.611765 0.360784
v -0.812942250 -0.529483466 -5.841167503 0.470588 0.623529 0.364706
v -0.828930389 -0.541623606 -5.843505754 0.482353 0.635294 0.360784
v -0.840371828 -0.549181930 -5.844397953 0.470588 0.623529 0.360784
v -0.886153279 -0.578575082 -5.851263958 0.537255 0.682353 0.423529
v -0.747862275 -0.491259283 -5.830312263 0.521569 0.666667 0.400000
v -0.780437799 -0.509062948 -5.833862326 0.474510 0.611765 0.349020
v -0.825495935 -0.539260127 -5.841089537 0.470588 0.615686 0.352941
v -0.870071964 -0.569897926 -5.846905527 0.443137 0.572549 0.325490
v -0.835520715 -0.546602347 -5.840210669 0.474510 0.623529 0.352941
v -0.754121916 -0.494888434 -5.827182831 0.498039 0.627451 0.345098
v -0.761264313 -0.499363450 -5.827743577 0.529412 0.666667 0.407843
v -0.858573293 -0.562391914 -5.842736996 0.478431 0.596078 0.345098
v -0.773298295 -0.505483194 -5.828753719 0.498039 0.639216 0.392157
v -0.779417306 -0.509311657 -5.829412787 0.482353 0.623529 0.349020
v -0.721741979 -0.477731949 -5.822706552 0.478431 0.635294 0.372549
v -0.918392376 -0.596899881 -5.849608690 0.482353 0.623529 0.368627
v -0.850262239 -0.556647134 -5.840279546 0.482353 0.615686 0.360784
v -0.709015753 -0.472245104 -5.821217716 0.466667 0.611765 0.349020
v -0.842124570 -0.551570727 -5.837735229 0.470588 0.615686 0.360784
v -0.807248867 -0.527745769 -5.831201958 0.470588 0.623529 0.352941
v -0.687159989 -0.465139597 -5.818921327 0.584314 0.654902 0.494118
v -0.832525691 -0.545421229 -5.834683195 0.490196 0.643137 0.372549
v -0.734514293 -0.483104835 -5.819627370 0.474510 0.627451 0.368627
v -0.876327964 -0.573530457 -5.840471993 0.501961 0.643137 0.368627
v -0.812113733 -0.531964869 -5.829596408 0.474510 0.627451 0.368627
v -0.822212650 -0.539239378 -5.831159010 0.454902 0.607843 0.317647
v -0.718254180 -0.475418190 -5.816185797 0.501961 0.658824 0.411765
v -0.710743764 -0.472177466 -5.815394725 0.478431 0.635294 0.372549
v -0.749397565 -0.492193910 -5.818799346 0.494118 0.580392 0.368627
v -0.670059420 -0.423575235 -5.798127227 0.321569 0.250980 0.215686
v -0.753675321 -0.495367546 -5.817900008 0.517647 0.611765 0.388235
v -0.789965664 -0.517757527 -5.822898037 0.501961 0.658824 0.368627
v -0.770234118 -0.505261151 -5.819538796 0.501961 0.647059 0.388235
v -0.919488243 -0.596512307 -5.840383201 0.486275 0.635294 0.333333
v -0.758660185 -0.498650900 -5.817887049 0.517647 0.639216 0.403922
v -0.802704681 -0.527365603 -5.823555046 0.474510 0.627451 0.364706
v -0.911807435 -0.593497340 -5.838435984 0.458824 0.611765 0.329412
v -0.948470228 -0.606312016 -5.839116707 0.529412 0.588235 0.392157
v -0.819897860 -0.539088303 -5.825290303 0.505882 0.654902 0.372549
v -0.837904016 -0.550823834 -5.827859914 0.521569 0.639216 0.392157
v -0.677371178 -0.460274089 -5.808521284 0.470588 0.564706 0.333333
v -0.792781340 -0.520756571 -5.820250835 0.498039 0.654902 0.364706
v -0.737525295 -0.484202439 -5.810683761 0.513725 0.647059 0.392157
v -0.830970917 -0.547055264 -5.825953828 0.509804 0.627451 0.376471
v -0.853488494 -0.560853004 -5.828747590 0.470588 0.623529 0.329412
v -0.725442671 -0.478127187 -5.808872100 0.501961 0.654902 0.403922
v -0.716858664 -0.473457959 -5.807378673 0.470588 0.623529 0.376471
v -0.703187846 -0.467323418 -5.806360425 0.435294 0.592157 0.329412
v -0.922727531 -0.598226356 -5.834630692 0.486275 0.635294 0.313725
v -0.786059141 -0.515826510 -5.815760132 0.501961 0.650980 0.372549
v -0.690856730 -0.463130268 -5.804674217 0.396078 0.525490 0.286275
v -0.806496969 -0.530983113 -5.819592475 0.474510 0.631373 0.368627
v -0.825453712 -0.543431710 -5.822099663 0.513725 0.615686 0.384314
v -0.843599460 -0.555039617 -5.824599357 0.447059 0.600000 0.321569
v -0.792455651 -0.521054338 -5.816281200 0.501961 0.654902 0.364706
v -0.667841677 -0.427468478 -5.791384076 0.486275 0.443137 0.301961
v -0.862686469 -0.567369161 -5.827041334 0.490196 0.643137 0.349020
v -0.857060457 -0.563915839 -5.826134372 0.498039 0.647059 0.341176
v -0.772507330 -0.507930210 -5.812203247 0.513725 0.666667 0.396078
v -0.894199361 -0.585460955 -5.830296208 0.498039 0.639216 0.313725
v -0.814753811 -0.536777477 -5.818771171 0.474510 0.615686 0.341176
v -0.852959672 -0.561408313 -5.824465524 0.509804 0.662745 0.364706
v -0.840263376 -0.553414074 -5.822134379 0.482353 0.631373 0.349020
v -0.741951619 -0.487240243 -5.805577735 0.462745 0.611765 0.337255
v -0.676333043 -0.461836725 -5.801190919 0.407843 0.560784 0.270588
v -0.693839374 -0.462598921 -5.798222919 0.439216 0.584314 0.341176
v -0.893240383 -0.585581601 -5.826229557 0.450980 0.603922 0.298039
v -0.704680544 -0.466644919 -5.798175255 0.450980 0.603922 0.349020
v -0.943522135 -0.610789303 -5.829602165 0.478431 0.623529 0.278431
v -0.804649106 -0.531161261 -5.812250933 0.521569 0.666667 0.396078
v -0.824261970 -0.543766089 -5.814843703 0.478431 0.501961 0.345098
v -0.779403017 -0.514284721 -5.807103014 0.498039 0.650980 0.376471
v -0.875383727 -0.577015417 -5.821105042 0.474510 0.631373 0.337255
v -0.786651554 -0.519417864 -5.806371093 0.470588 0.627451 0.329412
v -0.675648357 -0.460809693 -5.794094700 0.396078 0.537255 0.258824
v -0.915541843 -0.596341722 -5.822930496 0.462745 0.607843 0.282353
v -0.774082528 -0.511307326 -5.803149378 0.509804 0.670588 0.384314
v -0.858557361 -0.566539470 -5.816293866 0.513725 0.662745 0.349020
v -0.851235619 -0.562298388 -5.814581464 0.474510 0.623529 0.341176
v -0.843526944 -0.557585886 -5.813063795 0.490196 0.643137 0.345098
v -0.900777304 -0.590451083 -5.819567266 0.501961 0.647059 0.333333
v -0.706105194 -0.466923591 -5.790436302 0.486275 0.635294 0.388235
v -0.922192793 -0.599542262 -5.820846116 0.486275 0.639216 0.317647
v -0.947535193 -0.611371703 -5.822640325 0.450980 0.588235 0.258824
v -0.736615959 -0.484349520 -5.793779351 0.478431 0.635294 0.376471
v -0.822188557 -0.544220385 -5.808027307 0.360784 0.321569 0.286275
v -0.781200536 -0.517458650 -5.801243264 0.494118 0.647059 0.372549
v -0.660980428 -0.450627716 -5.786964048 0.247059 0.294118 0.172549
v -0.674917135 -0.458312929 -5.787846141 0.415686 0.572549 0.298039
v -0.790549006 -0.523766260 -5.801528998 0.486275 0.643137 0.341176
v -0.811324480 -0.537716340 -5.804780534 0.525490 0.639216 0.376471
v -0.854354431 -0.564950404 -5.810542959 0.529412 0.682353 0.376471
v -0.664937068 -0.437776592 -5.779198024 0.317647 0.396078 0.141176
v -0.765480110 -0.506726752 -5.796292365 0.470588 0.623529 0.329412
v -0.669617938 -0.421570691 -5.771484969 0.772549 0.439216 0.458824
v -0.670511466 -0.420469362 -5.770213194 0.717647 0.403922 0.423529
v -0.922672443 -0.601583701 -5.815646312 0.474510 0.623529 0.286275
v -0.663801487 -0.454188857 -5.783481251 0.447059 0.545098 0.278431
v -0.700032116 -0.463880058 -5.783141420 0.435294 0.584314 0.349020
v -0.670039881 -0.423947414 -5.769617404 0.784314 0.458824 0.486275
v -0.843830537 -0.559787330 -5.806298486 0.509804 0.658824 0.356863
v -0.745395980 -0.491246781 -5.788976515 0.490196 0.635294 0.384314
v -0.874918307 -0.578266937 -5.809765779 0.462745 0.619608 0.329412
v -0.675512792 -0.420218022 -5.766473976 0.666667 0.611765 0.462745
v -0.775951306 -0.515243978 -5.793949965 0.505882 0.654902 0.360784
v -0.671511863 -0.453798989 -5.780039975 0.376471 0.525490 0.235294
v -0.666149554 -0.439974051 -5.774458023 0.223529 0.247059 0.141176
v -0.911118528 -0.598331076 -5.811916668 0.435294 0.576471 0.278431
v -0.893032207 -0.589077960 -5.808975508 0.482353 0.623529 0.317647
v -0.664767364 -0.444756391 -5.774734111 0.301961 0.372549 0.211765
v -0.950749502 -0.616486318 -5.813180695 0.450980 0.596078 0.219608
v -0.925838108 -0.605088830 -5.811169665 0.470588 0.607843 0.278431
v -0.914304849 -0.600094411 -5.810324377 0.439216 0.584314 0.290196
v -0.674830690 -0.426344257 -5.765165445 0.498039 0.603922 0.396078
v -0.769066495 -0.510533479 -5.789126987 0.458824 0.611765 0.356863
v -0.797134759 -0.531301038 -5.794516637 0.505882 0.623529 0.376471
v -0.835643729 -0.556408929 -5.800472870 0.533333 0.654902 0.360784
v -0.881057129 -0.582904371 -5.806283160 0.450980 0.603922 0.298039
v -0.624770242 -0.418387331 -5.766217809 0.301961 0.376471 0.266667
v -0.672059640 -0.424509937 -5.763232673 0.717647 0.384314 0.400000
v -0.671800752 -0.423494485 -5.762540033 0.725490 0.407843 0.423529
v -0.839623504 -0.559029034 -5.799722804 0.517647 0.662745 0.380392
v -0.968125821 -0.627970766 -5.813585211 0.505882 0.564706 0.396078
v -0.725403895 -0.478162639 -5.778307670 0.447059 0.603922 0.309804
v -0.677185954 -0.439541572 -5.767708501 0.435294 0.584314 0.247059
v -0.683281942 -0.455200011 -5.772915828 0.407843 0.556863 0.321569
v -0.663061060 -0.444261630 -5.770624530 0.454902 0.568627 0.341176
v -0.783540597 -0.522545599 -5.788915605 0.470588 0.619608 0.329412
v -0.664855158 -0.443991795 -5.769730458 0.392157 0.454902 0.278431
v -0.923853378 -0.605392103 -5.807204006 0.450980 0.580392 0.286275
v -0.912964502 -0.600563741 -5.806448242 0.447059 0.588235 0.282353
v -0.671489198 -0.424393705 -5.760632204 0.603922 0.317647 0.321569
v -0.614620062 -0.404616580 -5.758480744 0.266667 0.325490 0.219608
v -0.849423223 -0.564924081 -5.798129339 0.490196 0.647059 0.333333
v -0.680704863 -0.440529145 -5.765532436 0.474510 0.596078 0.352941
v -0.742521425 -0.490781483 -5.779254935 0.462745 0.607843 0.325490
v -0.898105721 -0.593106244 -5.803958091 0.462745 0.600000 0.301961
v -0.672198645 -0.434608482 -5.763589939 0.474510 0.541176 0.274510
v -0.786372147 -0.524632368 -5.787499059 0.486275 0.631373 0.364706
v -0.618414791 -0.409130655 -5.758236465 0.600000 0.654902 0.521569
v -0.662794646 -0.446513408 -5.768688510 0.345098 0.349020 0.305882
v -0.629280982 -0.422244909 -5.762308544 0.690196 0.729412 0.619608
v -0.769091195 -0.512163907 -5.782501356 0.474510 0.623529 0.360784
v -0.962689467 -0.629304115 -5.808450038 0.470588 0.619608 0.250980
v -0.610777807 -0.401044769 -5.753376026 0.576471 0.631373 0.521569
v -0.672399983 -0.431401786 -5.758526945 0.666667 0.596078 0.435294
v -0.606242301 -0.395626787 -5.751097593 0.274510 0.294118 0.258824
v -0.762700527 -0.507827640 -5.779910000 0.517647 0.658824 0.396078
v -0.673303990 -0.425355227 -5.755589532 0.666667 0.352941 0.360784
v -0.903240067 -0.597079835 -5.800564863 0.454902 0.603922 0.278431
v -0.819707887 -0.548353960 -5.789842487 0.470588 0.623529 0.329412
v -0.734299564 -0.485781156 -5.773445954 0.439216 0.596078 0.305882
v -0.792149344 -0.529600417 -5.785024388 0.505882 0.627451 0.368627
v -0.632427692 -0.426595308 -5.760321900 0.670588 0.741176 0.588235
v -0.969374006 -0.639299419 -5.810066366 0.454902 0.470588 0.403922
v -0.747758355 -0.496314294 -5.775809380 0.521569 0.647059 0.380392
v -0.679871597 -0.441503611 -5.760574966 0.450980 0.537255 0.258824
v -0.674740257 -0.448367360 -5.763545296 0.298039 0.423529 0.184314
v -0.893605512 -0.591859784 -5.797942379 0.482353 0.619608 0.305882
v -0.841965999 -0.562460753 -5.791526636 0.474510 0.615686 0.321569
v -0.954158559 -0.626311113 -5.804863126 0.458824 0.615686 0.247059
v -0.604093648 -0.393671762 -5.747626225 0.482353 0.533333 0.435294
v -0.599718434 -0.388933221 -5.745267508 0.239216 0.258824 0.219608
v -0.618327760 -0.407557235 -5.750840913 0.631373 0.745098 0.584314
v -0.669592253 -0.440675053 -5.758684445 0.282353 0.184314 0.176471
v -0.645783671 -0.435850967 -5.759427390 0.760784 0.760784 0.650980
v -0.666689567 -0.432725641 -5.755177121 0.596078 0.258824 0.270588
v -0.621500693 -0.410157911 -5.750080741 0.596078 0.729412 0.541176
v -0.882198381 -0.585852227 -5.793314394 0.447059 0.584314 0.290196
v -0.919947699 -0.606766486 -5.797584682 0.435294 0.584314 0.258824
v -0.682652734 -0.454122298 -5.760833195 0.423529 0.556863 0.345098
v -0.944426284 -0.622007424 -5.800636388 0.470588 0.627451 0.254902
v -0.741391888 -0.492781877 -5.769900913 0.443137 0.588235 0.337255
v -0.626869670 -0.414672203 -5.750289605 0.584314 0.721569 0.537255
v -0.814485289 -0.546941959 -5.782535376 0.462745 0.615686 0.321569
v -0.608322201 -0.397717362 -5.742618299 0.584314 0.721569 0.533333
v -0.675365472 -0.450676682 -5.756623484 0.415686 0.521569 0.325490
v -0.779400405 -0.523379149 -5.774867262 0.541176 0.607843 0.396078
v -0.673215646 -0.434174663 -5.749437731 0.713725 0.501961 0.450980
v -0.824679377 -0.554129455 -5.781570763 0.458824 0.611765 0.333333
v -0.763653924 -0.511845073 -5.770754822 0.533333 0.596078 0.368627
v -0.636329972 -0.423428438 -5.748451933 0.600000 0.737255 0.556863
v -0.854480111 -0.571448518 -5.784855734 0.450980 0.603922 0.301961
v -0.623536793 -0.409737729 -5.743690745 0.607843 0.752941 0.552941
v -0.784434350 -0.527443655 -5.774002442 0.560784 0.592157 0.407843
v -0.688556724 -0.458005733 -5.755816036 0.435294 0.568627 0.360784
v -0.801450748 -0.539327982 -5.776653557 0.450980 0.600000 0.317647
v -0.935827442 -0.620658684 -5.795017131 0.482353 0.635294 0.254902
v -0.714404220 -0.474262479 -5.759424204 0.427451 0.564706 0.282353
v -0.734234847 -0.489218127 -5.763146460 0.486275 0.564706 0.329412
v -0.640026166 -0.427889899 -5.748259005 0.596078 0.721569 0.541176
v -0.944710965 -0.629186168 -5.796361061 0.490196 0.619608 0.250980
v -0.870558610 -0.581852019 -5.784668669 0.431373 0.576471 0.305882
v -0.903069963 -0.599714366 -5.788251336 0.458824 0.615686 0.282353
v -0.850607218 -0.570383709 -5.781418610 0.478431 0.631373 0.333333
v -0.795757282 -0.535937341 -5.773300353 0.517647 0.596078 0.360784
v -0.676061032 -0.441964893 -5.747602573 0.435294 0.454902 0.219608
v -0.644784596 -0.433032310 -5.746705332 0.560784 0.686275 0.509804
v -0.808388520 -0.545643965 -5.774838161 0.450980 0.584314 0.333333
v -0.663816320 -0.445294910 -5.748341526 0.694118 0.662745 0.568627
v -0.677766667 -0.450820495 -5.748809641 0.466667 0.517647 0.345098
v -0.812600080 -0.548878216 -5.773971531 0.478431 0.603922 0.345098
v -0.949470233 -0.636808730 -5.794807893 0.470588 0.556863 0.286275
v -0.759500574 -0.511036687 -5.764152244 0.541176 0.596078 0.356863
v -0.681240774 -0.447690802 -5.746664160 0.407843 0.509804 0.270588
v -0.912448146 -0.606892714 -5.786454832 0.474510 0.631373 0.282353
v -0.939581701 -0.629412683 -5.792725768 0.466667 0.607843 0.250980
v -0.856633620 -0.574225135 -5.779232816 0.490196 0.627451 0.349020
v -0.769831159 -0.518854585 -5.766012510 0.490196 0.603922 0.301961
v -0.696925217 -0.464383298 -5.751632507 0.470588 0.549020 0.298039
v -0.599884280 -0.389608572 -5.731132537 0.588235 0.737255 0.517647
v -0.818158974 -0.552391833 -5.773258442 0.494118 0.623529 0.349020
v -0.866053740 -0.580538999 -5.779068979 0.431373 0.580392 0.301961
v -0.873360280 -0.584793171 -5.779961209 0.427451 0.576471 0.294118
v -0.896217252 -0.597454498 -5.782584961 0.419608 0.580392 0.258824
v -0.609861739 -0.397821116 -5.731930084 0.584314 0.737255 0.521569
v -0.636240024 -0.420203684 -5.737751931 0.560784 0.682353 0.482353
v -0.595224985 -0.386027647 -5.727675545 0.568627 0.725490 0.501961
v -0.786980805 -0.531444951 -5.766117367 0.505882 0.627451 0.356863
v -0.845465381 -0.568896937 -5.774897849 0.450980 0.592157 0.301961
v -0.721034475 -0.481756602 -5.752388115 0.584314 0.572549 0.392157
v -0.625339762 -0.409600635 -5.732869636 0.552941 0.694118 0.498039
v -0.603750772 -0.392332224 -5.727132778 0.564706 0.709804 0.474510
v -0.770385718 -0.521654548 -5.761602980 0.474510 0.607843 0.309804
v -0.958957011 -0.658694879 -5.796677548 0.384314 0.396078 0.317647
v -0.682107629 -0.449378261 -5.740444073 0.450980 0.470588 0.239216
v -0.640563640 -0.423336436 -5.733523745 0.541176 0.678431 0.482353
v -0.619397944 -0.403957085 -5.727161735 0.541176 0.686275 0.470588
v -0.591643106 -0.382972857 -5.721200919 0.568627 0.721569 0.498039
v -0.624697838 -0.408604417 -5.727817835 0.564706 0.705882 0.505882
v -0.860700571 -0.579245512 -5.771827230 0.431373 0.580392 0.286275
v -0.716841252 -0.479331671 -5.746632342 0.560784 0.623529 0.443137
v -0.649774643 -0.433902718 -5.734705157 0.529412 0.647059 0.466667
v -0.791159482 -0.537260089 -5.761548503 0.498039 0.643137 0.337255
v -0.767563443 -0.521141421 -5.756814853 0.458824 0.615686 0.286275
v -0.773455741 -0.526004236 -5.756761616 0.474510 0.623529 0.309804
v -0.730258750 -0.489830750 -5.746123270 0.454902 0.607843 0.368627
v -0.894802154 -0.602196017 -5.773373038 0.458824 0.611765 0.266667
v -0.888490275 -0.598615655 -5.772396838 0.494118 0.639216 0.305882
v -0.822643176 -0.557786841 -5.762751687 0.529412 0.631373 0.352941
v -0.915687034 -0.616874027 -5.776569770 0.474510 0.627451 0.290196
v -0.756880741 -0.513644529 -5.750997211 0.435294 0.596078 0.298039
v -0.801336803 -0.546045109 -5.759352804 0.466667 0.615686 0.305882
v -0.634909704 -0.418255693 -5.724364313 0.517647 0.666667 0.450980
v -0.793948338 -0.541038897 -5.756847450 0.466667 0.623529 0.298039
v -0.871015840 -0.588802186 -5.767495541 0.415686 0.552941 0.286275
v -0.674934006 -0.451968951 -5.732455290 0.654902 0.333333 0.337255
v -0.933899586 -0.639164914 -5.780688700 0.486275 0.627451 0.309804
v -0.583220842 -0.376503752 -5.711360026 0.541176 0.686275 0.458824
v -0.827727712 -0.561805098 -5.760208779 0.474510 0.611765 0.313725
v -0.705288428 -0.471875149 -5.736704048 0.494118 0.635294 0.384314
v -0.577936884 -0.372667851 -5.709870070 0.549020 0.701961 0.486275
v -0.758623372 -0.516868567 -5.748472266 0.450980 0.611765 0.305882
v -0.728560517 -0.489871218 -5.740360448 0.501961 0.654902 0.403922
v -0.560758953 -0.359277240 -5.704820776 0.411765 0.435294 0.372549
v -0.673045247 -0.446941034 -5.728442666 0.776471 0.623529 0.545098
v -0.915441904 -0.621230113 -5.772559789 0.450980 0.603922 0.270588
v -0.747272324 -0.506677678 -5.743816699 0.454902 0.607843 0.345098
v -0.837639404 -0.569250721 -5.759386549 0.474510 0.619608 0.313725
v -0.566489108 -0.364358176 -5.704434547 0.560784 0.658824 0.478431
v -0.630470688 -0.413576449 -5.717078426 0.486275 0.639216 0.403922
v -0.646522208 -0.428137661 -5.721038123 0.552941 0.670588 0.466667
v -0.826474427 -0.563092592 -5.755876780 0.435294 0.592157 0.266667
v -0.592284508 -0.383142553 -5.707241967 0.537255 0.690196 0.450980
v -0.847959727 -0.577149824 -5.758358710 0.458824 0.607843 0.317647
v -0.770790173 -0.528652878 -5.746935379 0.462745 0.623529 0.298039
v -0.866218705 -0.588654206 -5.760801699 0.494118 0.607843 0.317647
v -0.558408051 -0.357506171 -5.698970164 0.513725 0.564706 0.435294
v -0.709658606 -0.476546473 -5.731213003 0.447059 0.603922 0.313725
v -0.891068970 -0.607616441 -5.764080913 0.443137 0.580392 0.274510
v -0.949425021 -0.669913056 -5.783258657 0.290196 0.266667 0.215686
v -0.790926618 -0.543258990 -5.748439089 0.458824 0.619608 0.286275
v -0.943700429 -0.664968743 -5.781160065 0.462745 0.478431 0.282353
v -0.806821814 -0.554657146 -5.749997052 0.466667 0.623529 0.286275
v -0.595843655 -0.386218135 -5.703809283 0.529412 0.682353 0.439216
v -0.647306595 -0.428932687 -5.715687691 0.572549 0.603922 0.411765
v -0.718519620 -0.484196620 -5.730501353 0.443137 0.603922 0.349020
v -0.747785551 -0.511167440 -5.737773709 0.454902 0.615686 0.294118
v -0.580258146 -0.374535852 -5.699616194 0.584314 0.737255 0.517647
v -0.774323302 -0.533405193 -5.743515701 0.447059 0.607843 0.286275
v -0.705125112 -0.474432642 -5.726454477 0.435294 0.596078 0.313725
v -0.842323552 -0.576185833 -5.752497252 0.458824 0.615686 0.298039
v -0.914002474 -0.625994844 -5.765013686 0.482353 0.627451 0.294118
v -0.541905573 -0.346734181 -5.690689404 0.419608 0.431373 0.384314
v -0.768582697 -0.530057715 -5.741012965 0.458824 0.619608 0.286275
v -0.535539850 -0.342304205 -5.689325597 0.372549 0.380392 0.360784
v -0.525797251 -0.336356936 -5.686758175 0.372549 0.380392 0.352941
v -0.921611567 -0.634931381 -5.765754388 0.466667 0.615686 0.301961
v -0.585928625 -0.378774459 -5.697194020 0.572549 0.725490 0.490196
v -0.742201651 -0.508502635 -5.732712431 0.482353 0.643137 0.349020
v -0.598156195 -0.388024221 -5.698934037 0.549020 0.705882 0.470588
v -0.855019549 -0.584935533 -5.751109483 0.458824 0.611765 0.325490
v -0.931646448 -0.647979573 -5.768590063 0.498039 0.631373 0.360784
v -0.543036540 -0.346456291 -5.686403947 0.698039 0.776471 0.615686
v -0.635281278 -0.418672040 -5.705581365 0.545098 0.643137 0.392157
v -0.872212445 -0.598311444 -5.752844893 0.470588 0.627451 0.317647
v -0.905537446 -0.622043847 -5.758500601 0.521569 0.631373 0.368627
v -0.710050145 -0.481147490 -5.721924578 0.435294 0.596078 0.309804
v -0.618000852 -0.402896117 -5.699756568 0.513725 0.662745 0.317647
v -0.918408698 -0.634010195 -5.761570456 0.498039 0.639216 0.321569
v -0.746957645 -0.514475239 -5.731161388 0.474510 0.631373 0.313725
v -0.883473660 -0.607759397 -5.754240052 0.525490 0.650980 0.356863
v -0.525409075 -0.333547514 -5.680337817 0.623529 0.698039 0.525490
v -0.914540791 -0.630390844 -5.759371826 0.501961 0.635294 0.313725
v -0.650415392 -0.433316900 -5.707106310 0.486275 0.635294 0.380392
v -0.718190977 -0.488701954 -5.721987281 0.458824 0.619608 0.305882
v -0.862103363 -0.591944052 -5.748393661 0.478431 0.635294 0.352941
v -0.543235116 -0.345447718 -5.682171744 0.647059 0.788235 0.556863
v -0.580927477 -0.374679090 -5.689775488 0.529412 0.678431 0.443137
v -0.941940468 -0.671678526 -5.772121770 0.380392 0.384314 0.341176
v -0.790755200 -0.549201713 -5.737779890 0.490196 0.647059 0.333333
v -0.677292314 -0.462684502 -5.714331650 0.843137 0.521569 0.541176
v -0.880221282 -0.606884325 -5.750907267 0.490196 0.635294 0.317647
v -0.554846370 -0.352850849 -5.682152085 0.576471 0.729412 0.494118
v -0.767677563 -0.533436094 -5.732786618 0.470588 0.627451 0.313725
v -0.645526822 -0.429119527 -5.702937811 0.533333 0.670588 0.447059
v -0.760433023 -0.528297364 -5.731036001 0.466667 0.623529 0.301961
v -0.617379417 -0.403535201 -5.694693580 0.545098 0.690196 0.423529
v -0.611523986 -0.398638680 -5.693075633 0.537255 0.690196 0.443137
v -0.560748798 -0.355980523 -5.680853831 0.552941 0.709804 0.482353
v -0.653478828 -0.436845574 -5.703922369 0.490196 0.643137 0.403922
v -0.829602943 -0.573173883 -5.740260544 0.454902 0.615686 0.278431
v -0.588239213 -0.380582385 -5.687359711 0.564706 0.717647 0.482353
v -0.743763011 -0.514373448 -5.725319207 0.466667 0.623529 0.290196
v -0.522100292 -0.327007966 -5.672485889 0.556863 0.568627 0.505882
v -0.859164990 -0.591537101 -5.743664113 0.478431 0.635294 0.356863
v -0.700578403 -0.478188715 -5.713848794 0.423529 0.588235 0.258824
v -0.545805067 -0.344467714 -5.675101265 0.611765 0.760784 0.513725
v -0.730265665 -0.502223417 -5.719669656 0.450980 0.611765 0.325490
v -0.774883192 -0.540262382 -5.730423447 0.474510 0.631373 0.313725
v -0.687463882 -0.470718568 -5.710899231 0.474510 0.615686 0.341176
v -0.933074673 -0.658175900 -5.760850296 0.552941 0.674510 0.439216
v -0.717035192 -0.491481554 -5.715539162 0.427451 0.592157 0.294118
v -0.779073351 -0.544342136 -5.729568931 0.454902 0.615686 0.294118
v -0.523246575 -0.320716560 -5.665302536 0.478431 0.486275 0.466667
v -0.559224970 -0.354208474 -5.675003632 0.603922 0.745098 0.537255
v -0.619930520 -0.405878374 -5.689285701 0.552941 0.650980 0.392157
v -0.604787819 -0.393792289 -5.685698179 0.533333 0.674510 0.431373
v -0.535789656 -0.333809815 -5.668536266 0.639216 0.764706 0.572549
v -0.759863636 -0.530471908 -5.724707907 0.466667 0.623529 0.294118
v -0.840446022 -0.582177096 -5.736905064 0.482353 0.639216 0.325490
v -0.711409095 -0.488856340 -5.711325842 0.435294 0.588235 0.290196
v -0.520047523 -0.314005764 -5.660288899 0.419608 0.423529 0.396078
v -0.738889355 -0.513467495 -5.717837303 0.450980 0.603922 0.301961
v -0.829436351 -0.576632163 -5.733731209 0.447059 0.600000 0.294118
v -0.567130866 -0.359496744 -5.672703968 0.596078 0.737255 0.533333
v -0.921199780 -0.643573836 -5.750255994 0.517647 0.639216 0.400000
v -0.935168067 -0.663488325 -5.756910675 0.545098 0.662745 0.431373
v -0.814829557 -0.568945215 -5.731115366 0.474510 0.631373 0.290196
v -0.717241613 -0.494599819 -5.711302550 0.466667 0.623529 0.305882
v -0.860421933 -0.596103014 -5.736836014 0.458824 0.615686 0.305882
v -0.529714136 -0.323329495 -5.660415297 0.576471 0.607843 0.549020
v -0.790257154 -0.555514016 -5.726869159 0.470588 0.631373 0.305882
v -0.723944207 -0.501129891 -5.711257653 0.443137 0.600000 0.325490
v -0.811526324 -0.568114819 -5.728633454 0.450980 0.600000 0.274510
v -0.681614929 -0.467256621 -5.701427280 0.717647 0.745098 0.517647
v -0.555310610 -0.349875596 -5.666628155 0.600000 0.749020 0.529412
v -0.510936734 -0.299144969 -5.650379634 0.239216 0.239216 0.247059
v -0.628804615 -0.416067428 -5.685675253 0.517647 0.647059 0.400000
v -0.930124513 -0.657023518 -5.751578775 0.517647 0.650980 0.411765
v -0.518008457 -0.308643667 -5.653455300 0.647059 0.682353 0.600000
v -0.759509288 -0.533346720 -5.719512589 0.494118 0.650980 0.337255
v -0.764484229 -0.537465117 -5.720331906 0.482353 0.643137 0.313725
v -0.755042132 -0.529519259 -5.718027230 0.474510 0.627451 0.294118
v -0.736760918 -0.513075196 -5.713116297 0.450980 0.600000 0.321569
v -0.711811274 -0.492620640 -5.706991679 0.470588 0.623529 0.313725
v -0.538068195 -0.330758901 -5.659130177 0.662745 0.733333 0.580392
v -0.530177055 -0.321253271 -5.656050703 0.737255 0.831373 0.662745
v -0.768593745 -0.540792604 -5.720343692 0.466667 0.627451 0.301961
v -0.934659361 -0.664024373 -5.752618068 0.541176 0.674510 0.439216
v -0.747754636 -0.523594724 -5.715471312 0.474510 0.635294 0.321569
v -0.621739052 -0.409939987 -5.682182294 0.596078 0.654902 0.450980
v -0.877933340 -0.610840799 -5.735105983 0.486275 0.639216 0.301961
v -0.917262450 -0.642568950 -5.743545702 0.541176 0.678431 0.388235
v -0.907993347 -0.634463949 -5.741153849 0.478431 0.631373 0.325490
v -0.895414861 -0.623126886 -5.737524155 0.478431 0.631373 0.317647
v -0.821370878 -0.575622854 -5.726191653 0.470588 0.631373 0.270588
v -0.946828749 -0.681662154 -5.755626188 0.439216 0.458824 0.415686
v -0.887481959 -0.616966429 -5.735291476 0.490196 0.643137 0.333333
v -0.565420684 -0.357966894 -5.664052425 0.603922 0.749020 0.537255
v -0.952140297 -0.687055932 -5.756689688 0.450980 0.443137 0.435294
v -0.860172703 -0.598810908 -5.730347576 0.498039 0.658824 0.337255
v -0.534776964 -0.324132425 -5.652510970 0.690196 0.811765 0.611765
v -0.543928845 -0.334823660 -5.655786880 0.627451 0.780392 0.560784
v -0.646005637 -0.433569947 -5.684927987 0.509804 0.666667 0.400000
v -0.676234073 -0.467170601 -5.695435864 0.960784 0.576471 0.694118
v -0.561492011 -0.353576213 -5.661058384 0.596078 0.737255 0.509804
v -0.756214044 -0.533336904 -5.713721263 0.470588 0.627451 0.298039
v -0.741275771 -0.520166050 -5.709618188 0.474510 0.635294 0.313725
v -0.702375310 -0.487976099 -5.700551622 0.423529 0.580392 0.278431
v -0.706510243 -0.491280377 -5.701377038 0.466667 0.615686 0.329412
v -0.643099686 -0.431550157 -5.683074420 0.505882 0.662745 0.380392
v -0.835345432 -0.585612614 -5.723750396 0.458824 0.611765 0.286275
v -0.925129226 -0.652025900 -5.740439715 0.509804 0.635294 0.380392
v -0.549907952 -0.340433118 -5.653210136 0.627451 0.780392 0.576471
v -0.536372309 -0.323358091 -5.647580716 0.666667 0.815686 0.592157
v -0.514380711 -0.297507485 -5.638737582 0.705882 0.807843 0.666667
v -0.878518936 -0.613541496 -5.728614126 0.478431 0.635294 0.305882
v -0.897398443 -0.626887710 -5.731986821 0.454902 0.611765 0.325490
v -0.726404675 -0.509413746 -5.702175601 0.447059 0.611765 0.337255
v -0.780247643 -0.553942692 -5.714515275 0.458824 0.615686 0.274510
v -0.890554478 -0.621311836 -5.729622456 0.490196 0.643137 0.337255
v -0.532495836 -0.318164575 -5.644145384 0.643137 0.788235 0.572549
v -0.874915079 -0.611332888 -5.727109576 0.454902 0.611765 0.290196
v -0.560368280 -0.352266300 -5.655007359 0.596078 0.733333 0.498039
v -0.664527010 -0.457232375 -5.686412221 0.560784 0.705882 0.462745
v -0.910892888 -0.640692402 -5.734331915 0.490196 0.635294 0.356863
v -0.587471124 -0.379702506 -5.662533237 0.549020 0.694118 0.454902
v -0.859308474 -0.601324897 -5.723754391 0.458824 0.615686 0.286275
v -0.715284910 -0.500663498 -5.698229564 0.474510 0.635294 0.337255
v -0.937248302 -0.668883734 -5.742644802 0.513725 0.623529 0.411765
v -0.521120294 -0.303862090 -5.637847929 0.694118 0.835294 0.639216
v -0.668632047 -0.461390942 -5.686426216 0.596078 0.698039 0.450980
v -0.569488304 -0.361332651 -5.655819189 0.592157 0.729412 0.498039
v -0.547989639 -0.334818768 -5.647145380 0.619608 0.764706 0.533333
v -0.659365278 -0.449978756 -5.682381011 0.513725 0.650980 0.325490
v -0.948080431 -0.681203086 -5.745081191 0.368627 0.380392 0.345098
v -0.932718554 -0.662634469 -5.738710291 0.533333 0.658824 0.427451
v -0.904900149 -0.635922368 -5.730301277 0.462745 0.619608 0.317647
v -0.601147145 -0.392445280 -5.663548869 0.603922 0.698039 0.466667
v -0.861934578 -0.604497376 -5.722028043 0.458824 0.619608 0.317647
v -0.559069094 -0.349390976 -5.650283780 0.611765 0.752941 0.533333
v -0.897673792 -0.629114986 -5.727715698 0.478431 0.631373 0.313725
v -0.580172197 -0.372961423 -5.656677139 0.596078 0.741176 0.517647
v -0.943428793 -0.675891261 -5.741207726 0.545098 0.643137 0.466667
v -0.751089250 -0.533487571 -5.703885106 0.462745 0.615686 0.294118
v -0.539951326 -0.323864628 -5.639592223 0.623529 0.768627 0.545098
v -0.535712937 -0.319898879 -5.638403987 0.615686 0.756863 0.541176
v -0.913273661 -0.644090075 -5.730247416 0.486275 0.631373 0.337255
v -0.833126450 -0.588680962 -5.716180106 0.435294 0.588235 0.247059
v -0.806169922 -0.572611152 -5.712301500 0.454902 0.607843 0.298039
v -0.761952865 -0.542472028 -5.704653046 0.490196 0.643137 0.321569
v -0.683903248 -0.474870852 -5.684991325 0.717647 0.768627 0.513725
v -0.798432659 -0.568821686 -5.710382527 0.447059 0.600000 0.282353
v -0.893612699 -0.626499343 -5.723134297 0.482353 0.639216 0.333333
v -0.529548844 -0.311152571 -5.632806923 0.635294 0.792157 0.560784
v -0.935483011 -0.667333421 -5.734436011 0.545098 0.690196 0.470588
v -0.782370326 -0.558402394 -5.706429696 0.462745 0.611765 0.321569
v -0.557096381 -0.345622075 -5.643416956 0.607843 0.752941 0.552941
v -0.651060684 -0.443402058 -5.673307075 0.509804 0.658824 0.364706
v -0.666481714 -0.461845685 -5.679235231 0.556863 0.654902 0.333333
v -0.685747670 -0.478002840 -5.683242739 0.639216 0.709804 0.431373
v -0.646029141 -0.438507468 -5.670863826 0.486275 0.639216 0.368627
v -0.589259014 -0.382885198 -5.653372880 0.572549 0.705882 0.478431
v -0.739392660 -0.526162469 -5.695681535 0.494118 0.650980 0.341176
v -0.733859333 -0.521798468 -5.693901799 0.486275 0.647059 0.329412
v -0.823970433 -0.586258556 -5.710425732 0.450980 0.607843 0.294118
v -0.881678945 -0.620287954 -5.717942177 0.458824 0.603922 0.286275
v -0.843467382 -0.596489332 -5.712250676 0.447059 0.603922 0.286275
v -0.797447211 -0.569793464 -5.706330584 0.478431 0.635294 0.309804
v -0.518411976 -0.289120975 -5.621018129 0.372549 0.384314 0.364706
v -0.804031557 -0.573951798 -5.707170324 0.450980 0.603922 0.270588
v -0.861122768 -0.607789459 -5.714580340 0.470588 0.631373 0.298039
v -0.557478595 -0.345200835 -5.639507417 0.603922 0.745098 0.545098
v -0.948839418 -0.680438258 -5.734370209 0.552941 0.615686 0.443137
v -0.921531111 -0.653189900 -5.726119923 0.462745 0.607843 0.341176
v -0.875078634 -0.616970365 -5.716281662 0.458824 0.611765 0.309804
v -0.884903530 -0.622842392 -5.717155628 0.482353 0.623529 0.294118
v -0.927128329 -0.658322498 -5.727040351 0.482353 0.627451 0.364706
v -0.538425920 -0.320441954 -5.630435029 0.619608 0.756863 0.556863
v -0.773935047 -0.553598144 -5.700728041 0.462745 0.619608 0.345098
v -0.686526596 -0.484116202 -5.681611065 0.721569 0.513725 0.470588
v -0.650428321 -0.444877080 -5.669077785 0.517647 0.674510 0.384314
v -0.681862133 -0.480540001 -5.679808911 0.984314 0.662745 0.752941
v -0.567077892 -0.357066167 -5.641320279 0.596078 0.725490 0.521569
v -0.574367719 -0.366366336 -5.644287674 0.619608 0.752941 0.541176
v -0.957775405 -0.687122989 -5.734035697 0.580392 0.607843 0.537255
v -0.515834860 -0.284393408 -5.616106175 0.407843 0.423529 0.396078
v -0.892129886 -0.629720596 -5.716848450 0.517647 0.658824 0.333333
v -0.818120321 -0.584664221 -5.706326041 0.439216 0.596078 0.278431
v -0.594130045 -0.388752550 -5.650111528 0.588235 0.654902 0.458824
v -0.732867971 -0.522774722 -5.689850876 0.494118 0.650980 0.325490
v -0.837203139 -0.595344437 -5.707943278 0.478431 0.639216 0.274510
v -0.868551339 -0.614412891 -5.712107450 0.482353 0.627451 0.309804
v -0.873028995 -0.618229885 -5.711934349 0.474510 0.619608 0.321569
v -0.562161726 -0.351310902 -5.635925060 0.588235 0.705882 0.490196
v -0.919313842 -0.652879777 -5.719789267 0.490196 0.639216 0.341176
v -0.520460536 -0.289658147 -5.613794039 0.662745 0.784314 0.588235
v -0.742225907 -0.532451479 -5.689718183 0.482353 0.623529 0.298039
v -0.759075951 -0.544487897 -5.692452618 0.482353 0.639216 0.349020
v -0.513460466 -0.277613026 -5.609028296 0.317647 0.325490 0.317647
v -0.582982778 -0.376721408 -5.642046525 0.576471 0.690196 0.494118
v -0.543519297 -0.326932099 -5.625409095 0.615686 0.745098 0.556863
v -0.655602946 -0.453702042 -5.665250760 0.545098 0.682353 0.372549
v -0.840481201 -0.599502933 -5.703824505 0.447059 0.611765 0.270588
v -0.951880862 -0.682333126 -5.724582571 0.501961 0.635294 0.396078
v -0.652705064 -0.451674884 -5.662566317 0.533333 0.682353 0.380392
v -0.700044212 -0.500239009 -5.677332342 0.600000 0.572549 0.419608
v -0.591118483 -0.386759495 -5.642111766 0.572549 0.670588 0.435294
v -0.621527838 -0.421706103 -5.652531056 0.509804 0.666667 0.352941
v -0.547709496 -0.332665785 -5.623726287 0.607843 0.741176 0.529412
v -0.734472900 -0.527778689 -5.683263141 0.454902 0.607843 0.337255
v -0.741182298 -0.533476519 -5.684868032 0.470588 0.619608 0.341176
v -0.754241152 -0.543547430 -5.686603974 0.478431 0.639216 0.352941
v -0.660425135 -0.462990947 -5.663252868 0.596078 0.639216 0.380392
v -0.529314032 -0.303927252 -5.611433944 0.627451 0.768627 0.537255
v -0.725341629 -0.521201557 -5.679148615 0.450980 0.580392 0.317647
v -0.895621419 -0.637746073 -5.708077846 0.478431 0.627451 0.321569
v -0.697595133 -0.499313803 -5.672771933 0.572549 0.588235 0.396078
v -0.870030943 -0.620357440 -5.703101012 0.490196 0.647059 0.298039
v -0.890935788 -0.635015256 -5.706287714 0.454902 0.607843 0.286275
v -0.836865274 -0.600613338 -5.697366491 0.486275 0.635294 0.282353
v -0.533586341 -0.313718866 -5.612191009 0.627451 0.760784 0.533333
v -0.656261438 -0.459712001 -5.659134067 0.549020 0.658824 0.380392
v -0.851115375 -0.609523294 -5.698920936 0.439216 0.580392 0.258824
v -0.945339623 -0.677309442 -5.716281162 0.545098 0.694118 0.431373
v -0.663648473 -0.468853419 -5.661640609 0.611765 0.619608 0.450980
v -0.966093213 -0.694657400 -5.719956806 0.270588 0.282353 0.235294
v -0.596650275 -0.396154722 -5.637692165 0.533333 0.682353 0.423529
v -0.747938234 -0.541611825 -5.680662280 0.470588 0.596078 0.321569
v -0.631381435 -0.434163870 -5.648430587 0.505882 0.662745 0.352941
v -0.601701937 -0.402683070 -5.638473102 0.560784 0.709804 0.470588
v -0.541651977 -0.328025828 -5.613530376 0.572549 0.721569 0.505882
v -0.586358588 -0.384167356 -5.631678691 0.552941 0.682353 0.443137
v -0.761110640 -0.552404919 -5.681515461 0.505882 0.619608 0.337255
v -0.668087941 -0.475114403 -5.659420771 0.521569 0.666667 0.345098
v -0.792303476 -0.574921448 -5.686584274 0.482353 0.635294 0.309804
v -0.537516926 -0.322241713 -5.610224539 0.564706 0.713725 0.494118
v -0.920636079 -0.659865100 -5.707142021 0.521569 0.678431 0.372549
v -0.712344041 -0.514381667 -5.669942890 0.552941 0.607843 0.403922
v -0.571780481 -0.364810399 -5.622850342 0.545098 0.690196 0.466667
v -0.890087040 -0.638343033 -5.699685857 0.466667 0.619608 0.305882
v -0.583301874 -0.380561667 -5.626182552 0.556863 0.701961 0.454902
v -0.656155430 -0.463941941 -5.652575339 0.631373 0.600000 0.450980
v -0.724087985 -0.524969398 -5.669856745 0.627451 0.639216 0.435294
v -0.787557002 -0.573900200 -5.682345089 0.490196 0.631373 0.329412
v -0.596737406 -0.398555061 -5.631036707 0.560784 0.709804 0.462745
v -0.848807289 -0.612674013 -5.691395241 0.454902 0.611765 0.294118
v -0.869879362 -0.625455016 -5.694085078 0.474510 0.631373 0.286275
v -0.882481741 -0.634361209 -5.695635909 0.478431 0.631373 0.325490
v -0.901399341 -0.648499468 -5.698990047 0.505882 0.658824 0.317647
v -0.967568619 -0.694747946 -5.710539322 0.537255 0.576471 0.470588
v -0.764123333 -0.557633054 -5.676703714 0.619608 0.592157 0.419608
v -0.831448943 -0.603580407 -5.687261674 0.462745 0.615686 0.282353
v -0.650329770 -0.459019181 -5.647636092 0.576471 0.643137 0.427451
v -0.531692649 -0.307397718 -5.597845939 0.572549 0.717647 0.494118
v -0.699289337 -0.505959981 -5.661591610 0.498039 0.647059 0.360784
v -0.592057610 -0.393268989 -5.626351454 0.568627 0.717647 0.482353
v -0.771297166 -0.564559329 -5.677248721 0.572549 0.596078 0.396078
v -0.953506535 -0.685665108 -5.706412557 0.478431 0.619608 0.313725
v -0.837468154 -0.607430280 -5.686733187 0.450980 0.603922 0.266667
v -0.711831581 -0.516503215 -5.662760406 0.486275 0.639216 0.333333
v -0.760101225 -0.555878728 -5.673340846 0.654902 0.623529 0.454902
v -0.873700067 -0.630770464 -5.691347283 0.474510 0.631373 0.301961
v -0.949650957 -0.683758529 -5.704620431 0.466667 0.615686 0.317647
v -0.565973065 -0.359043979 -5.612941898 0.607843 0.749020 0.549020
v -0.942791441 -0.679024816 -5.703090245 0.501961 0.658824 0.364706
v -0.658544163 -0.469811357 -5.648487813 0.533333 0.662745 0.376471
v -0.809191433 -0.590300997 -5.681445940 0.470588 0.623529 0.301961
v -0.791697767 -0.578853093 -5.678207975 0.474510 0.556863 0.301961
v -0.628539671 -0.436147658 -5.637039895 0.541176 0.690196 0.400000
v -0.746983152 -0.545861899 -5.669155483 0.564706 0.623529 0.380392
v -0.607866880 -0.413011660 -5.629604188 0.568627 0.721569 0.486275
v -0.800598012 -0.584814435 -5.679129907 0.474510 0.568627 0.313725
v -0.695507998 -0.503913636 -5.656870079 0.541176 0.674510 0.392157
v -0.901690535 -0.651539208 -5.694710028 0.474510 0.623529 0.286275
v -0.738855714 -0.539949243 -5.666606072 0.529412 0.654902 0.349020
v -0.933126911 -0.673833130 -5.699656893 0.466667 0.619608 0.305882
v -0.521987623 -0.280680304 -5.582447370 0.384314 0.400000 0.356863
v -0.538503648 -0.322850889 -5.598160471 0.545098 0.694118 0.466667
v -0.970623434 -0.697458473 -5.704880629 0.529412 0.611765 0.447059
v -0.804001649 -0.588031112 -5.678255113 0.501961 0.592157 0.337255
v -0.643395683 -0.453527657 -5.640357313 0.556863 0.678431 0.396078
v -0.755264651 -0.553286776 -5.669147736 0.521569 0.615686 0.345098
v -0.590744918 -0.393783998 -5.621220477 0.568627 0.717647 0.462745
v -0.726344677 -0.530133590 -5.662529459 0.494118 0.647059 0.337255
v -0.927683287 -0.670142303 -5.697419077 0.454902 0.596078 0.290196
v -0.732247798 -0.535812510 -5.662470801 0.486275 0.635294 0.325490
v -0.575922132 -0.373068461 -5.612100954 0.568627 0.713725 0.501961
v -0.701650624 -0.511026611 -5.655038754 0.541176 0.698039 0.415686
v -0.570421714 -0.366195382 -5.609477896 0.592157 0.678431 0.466667
v -0.779862598 -0.573306767 -5.671726488 0.623529 0.631373 0.403922
v -0.965254231 -0.695424457 -5.700538654 0.454902 0.596078 0.337255
v -0.640469836 -0.452352208 -5.636033685 0.572549 0.690196 0.400000
v -0.518881966 -0.277191099 -5.576561067 0.250980 0.262745 0.250980
v -0.690955960 -0.502714515 -5.650880300 0.623529 0.603922 0.450980
v -0.705759940 -0.515181237 -5.654223296 0.509804 0.666667 0.376471
v -0.616651716 -0.425761397 -5.626864778 0.533333 0.690196 0.396078
v -0.824176833 -0.604254870 -5.677259420 0.486275 0.607843 0.301961
v -0.685141081 -0.497781928 -5.648414733 0.925490 0.682353 0.686275
v -0.547153328 -0.337378074 -5.597140987 0.580392 0.729412 0.490196
v -0.609498178 -0.417164529 -5.623003247 0.560784 0.713725 0.435294
v -0.853689674 -0.622663082 -5.680687603 0.431373 0.592157 0.274510
v -0.802038014 -0.589142117 -5.672624743 0.627451 0.647059 0.447059
v -0.921447871 -0.668970994 -5.691444532 0.466667 0.596078 0.309804
v -0.758079401 -0.558766696 -5.664020008 0.494118 0.643137 0.305882
v -0.794976007 -0.585491450 -5.670782753 0.541176 0.600000 0.356863
v -0.533811033 -0.306901438 -5.583974646 0.560784 0.709804 0.466667
v -0.932219055 -0.676386055 -5.692258244 0.470588 0.611765 0.309804
v -0.944559311 -0.683879822 -5.693940874 0.462745 0.611765 0.325490
v -0.906668540 -0.659787898 -5.688088710 0.474510 0.600000 0.298039
v -0.752677692 -0.554210538 -5.661761199 0.486275 0.643137 0.309804
v -0.536875416 -0.317042247 -5.587402056 0.525490 0.682353 0.443137
v -0.550448295 -0.342277330 -5.595908005 0.545098 0.694118 0.454902
v -0.937117150 -0.679749643 -5.692289247 0.458824 0.596078 0.309804
v -0.623688306 -0.435223205 -5.626240913 0.545098 0.686275 0.443137
v -0.639628122 -0.453193556 -5.631908325 0.549020 0.658824 0.403922
v -0.745828772 -0.548641147 -5.659399826 0.454902 0.619608 0.325490
v -0.679064999 -0.493087132 -5.643599950 0.564706 0.682353 0.439216
v -0.829976003 -0.610028785 -5.674773724 0.458824 0.600000 0.262745
v -0.726810985 -0.533768477 -5.654443634 0.474510 0.623529 0.349020
v -0.575582113 -0.374206340 -5.604831156 0.541176 0.690196 0.454902
v -0.778371255 -0.575638984 -5.665033250 0.470588 0.619608 0.298039
v -0.718238060 -0.527507928 -5.651703651 0.498039 0.650980 0.376471
v -0.899150504 -0.655727161 -5.683995054 0.454902 0.576471 0.294118
v -0.519697068 -0.278925875 -5.569539589 0.568627 0.643137 0.509804
v -0.707433423 -0.519295509 -5.648427108 0.521569 0.674510 0.380392
v -0.931176068 -0.677411460 -5.688234177 0.474510 0.619608 0.317647
v -0.697855681 -0.511473602 -5.645364442 0.498039 0.650980 0.356863
v -0.924758589 -0.673926653 -5.686483044 0.482353 0.627451 0.341176
v -0.790171009 -0.585349736 -5.664919184 0.470588 0.623529 0.298039
v -0.973423669 -0.702123785 -5.692320555 0.349020 0.345098 0.270588
v -0.571413150 -0.370106239 -5.599890062 0.501961 0.654902 0.423529
v -0.721276236 -0.531058735 -5.649359170 0.490196 0.643137 0.384314
v -0.605808420 -0.415932285 -5.614515293 0.533333 0.686275 0.450980
v -0.865875268 -0.634430221 -5.675835383 0.470588 0.627451 0.278431
v -0.713872395 -0.525240571 -5.647688351 0.505882 0.662745 0.392157
v -0.765129295 -0.567388493 -5.659254834 0.470588 0.631373 0.321569
v -0.662095734 -0.479505866 -5.634312924 0.525490 0.674510 0.376471
v -0.681770571 -0.497840002 -5.639354686 0.639216 0.694118 0.501961
v -0.769123682 -0.570821184 -5.659324245 0.470588 0.619608 0.317647
v -0.885404609 -0.647937361 -5.677643149 0.454902 0.588235 0.298039
v -0.752717555 -0.557481082 -5.655129414 0.470588 0.623529 0.309804
v -0.834796842 -0.615942015 -5.669883360 0.470588 0.596078 0.286275
v -0.955594289 -0.692635755 -5.687596571 0.501961 0.650980 0.325490
v -0.773478004 -0.574751862 -5.659213426 0.470588 0.627451 0.313725
v -0.555990992 -0.353315664 -5.591482447 0.556863 0.650980 0.454902
v -0.831144090 -0.613778115 -5.668403334 0.560784 0.650980 0.368627
v -0.600656449 -0.410321799 -5.609652328 0.541176 0.690196 0.435294
v -0.657789835 -0.475530961 -5.630266302 0.545098 0.686275 0.396078
v -0.617081230 -0.431084825 -5.616317851 0.572549 0.713725 0.462745
v -0.869706256 -0.638909192 -5.673919718 0.474510 0.611765 0.317647
v -0.851096657 -0.626899427 -5.670826000 0.462745 0.623529 0.262745
v -0.948834864 -0.689535471 -5.685603499 0.474510 0.623529 0.286275
v -0.587803732 -0.395929402 -5.604505807 0.545098 0.698039 0.482353
v -0.784134952 -0.583098386 -5.660084360 0.494118 0.647059 0.317647
v -0.822503836 -0.608335236 -5.666111743 0.584314 0.639216 0.400000
v -0.723965901 -0.535000006 -5.646774118 0.494118 0.650980 0.388235
v -0.526992264 -0.289732470 -5.566718942 0.552941 0.686275 0.470588
v -0.529123753 -0.293356199 -5.567719832 0.529412 0.666667 0.447059
v -0.610027742 -0.423293354 -5.611166135 0.556863 0.698039 0.431373
v -0.542537258 -0.332860760 -5.580850993 0.466667 0.619608 0.400000
v -0.747091029 -0.554855310 -5.650089485 0.478431 0.639216 0.317647
v -0.965975969 -0.702887833 -5.685300434 0.447059 0.482353 0.360784
v -0.837490502 -0.620705680 -5.665643618 0.549020 0.643137 0.380392
v -0.762668825 -0.569023624 -5.652633248 0.447059 0.603922 0.286275
v -0.521543563 -0.281984088 -5.559938193 0.400000 0.407843 0.356863
v -0.537734969 -0.322797559 -5.574986067 0.541176 0.682353 0.447059
v -0.755113952 -0.562516586 -5.650211241 0.498039 0.650980 0.333333
v -0.534609831 -0.314366241 -5.571589576 0.458824 0.615686 0.372549
v -0.563313995 -0.364167671 -5.589060486 0.517647 0.670588 0.450980
v -0.734624266 -0.545825260 -5.645164333 0.490196 0.639216 0.360784
v -0.660953507 -0.480621983 -5.626206275 0.525490 0.670588 0.352941
v -0.550709483 -0.349548413 -5.583791117 0.592157 0.698039 0.458824
v -0.667569926 -0.487229932 -5.627857267 0.552941 0.701961 0.427451
v -0.819607141 -0.609613069 -5.660947114 0.462745 0.592157 0.270588
v -0.531608056 -0.302444247 -5.565237631 0.498039 0.643137 0.407843
v -0.783259976 -0.585623133 -5.654322948 0.458824 0.615686 0.301961
v -0.655907555 -0.475740567 -5.622942463 0.537255 0.686275 0.384314
v -0.649310335 -0.469115054 -5.620455030 0.525490 0.678431 0.337255
v -0.715556934 -0.530997754 -5.638579765 0.486275 0.650980 0.372549
v -0.967027923 -0.705917346 -5.682294097 0.329412 0.345098 0.301961
v -0.690858085 -0.511070029 -5.632744178 0.949020 0.721569 0.733333
v -0.675078630 -0.495433091 -5.627822843 0.517647 0.666667 0.392157
v -0.959640936 -0.705397077 -5.682678143 0.549020 0.686275 0.333333
v -0.750191709 -0.560002958 -5.646059616 0.478431 0.639216 0.333333
v -0.925452062 -0.680660751 -5.674978049 0.494118 0.647059 0.317647
v -0.727770903 -0.541912952 -5.639499275 0.498039 0.650980 0.356863
v -0.830959599 -0.618906790 -5.659402922 0.486275 0.596078 0.250980
v -0.785096600 -0.588761235 -5.651750929 0.486275 0.639216 0.337255
v -0.943179720 -0.691894783 -5.676446103 0.470588 0.615686 0.301961
v -0.897351412 -0.662473669 -5.669190416 0.454902 0.619608 0.278431
v -0.544557783 -0.341616762 -5.575707821 0.525490 0.639216 0.423529
v -0.949705929 -0.696792447 -5.677317429 0.439216 0.584314 0.266667
v -0.734819674 -0.548952634 -5.640106406 0.517647 0.670588 0.380392
v -0.936665335 -0.687672643 -5.674743518 0.494118 0.650980 0.352941
v -0.804023280 -0.602063305 -5.654273199 0.450980 0.603922 0.274510
v -0.889246713 -0.657366223 -5.667455506 0.454902 0.603922 0.270588
v -0.603924161 -0.418623709 -5.600579189 0.533333 0.678431 0.415686
v -0.843488916 -0.627879684 -5.660164501 0.564706 0.639216 0.380392
v -0.765437090 -0.575373064 -5.646702920 0.458824 0.615686 0.301961
v -0.550032440 -0.351891302 -5.577929588 0.525490 0.662745 0.431373
v -0.623381264 -0.443839878 -5.607794437 0.584314 0.694118 0.447059
v -0.837036394 -0.624427848 -5.658431909 0.466667 0.568627 0.262745
v -0.914754796 -0.674830186 -5.669993576 0.447059 0.603922 0.286275
v -0.590781821 -0.404495239 -5.593098165 0.549020 0.694118 0.423529
v -0.819272611 -0.614123733 -5.654087721 0.466667 0.611765 0.294118
v -0.691990948 -0.514922463 -5.626804552 0.882353 0.666667 0.643137
v -0.536747335 -0.327975216 -5.566386841 0.584314 0.717647 0.450980
v -0.597052349 -0.412248315 -5.594095550 0.549020 0.694118 0.423529
v -0.784173181 -0.590502394 -5.646840613 0.498039 0.650980 0.325490
v -0.719072719 -0.537418947 -5.631861424 0.521569 0.678431 0.388235
v -0.752166742 -0.566321517 -5.639286482 0.490196 0.647059 0.337255
v -0.854747652 -0.638156913 -5.657428162 0.521569 0.615686 0.333333
v -0.680565044 -0.503972994 -5.620532795 0.541176 0.682353 0.419608
v -0.877130943 -0.652974276 -5.659874506 0.454902 0.611765 0.270588
v -0.760278449 -0.573900706 -5.640189146 0.498039 0.658824 0.364706
v -0.528136404 -0.307625614 -5.554988678 0.513725 0.662745 0.400000
v -0.712201522 -0.532695978 -5.627859478 0.509804 0.662745 0.376471
v -0.935726383 -0.691081873 -5.668186823 0.458824 0.611765 0.278431
v -0.670277526 -0.495287817 -5.616169943 0.537255 0.686275 0.396078
v -0.663415158 -0.488077722 -5.613816260 0.533333 0.678431 0.392157
v -0.658489235 -0.483086567 -5.612146473 0.533333 0.678431 0.431373
v -0.840883843 -0.631299977 -5.652788466 0.466667 0.611765 0.258824
v -0.776650013 -0.587273358 -5.641096337 0.462745 0.619608 0.298039
v -0.950191597 -0.708061197 -5.671285772 0.537255 0.690196 0.317647
v -0.628877838 -0.452370492 -5.601327571 0.596078 0.678431 0.388235
v -0.530447662 -0.316045863 -5.555073174 0.392157 0.525490 0.301961
v -0.519262789 -0.289997102 -5.544546976 0.584314 0.713725 0.450980
v -0.929676462 -0.689670218 -5.664186253 0.454902 0.611765 0.270588
v -0.634299218 -0.458489853 -5.601510183 0.552941 0.698039 0.384314
v -0.867684027 -0.648268850 -5.653853656 0.474510 0.627451 0.294118
v -0.912340118 -0.678077531 -5.660869016 0.494118 0.650980 0.317647
v -0.941440878 -0.696861495 -5.665330416 0.458824 0.603922 0.254902
v -0.791687477 -0.599526470 -5.641843329 0.466667 0.627451 0.294118
v -0.805887286 -0.610136446 -5.644248840 0.439216 0.600000 0.266667
v -0.547568850 -0.352632383 -5.565936827 0.533333 0.678431 0.423529
v -0.888720189 -0.663705441 -5.656560470 0.454902 0.615686 0.247059
v -0.844028731 -0.636479137 -5.649975455 0.501961 0.639216 0.290196
v -0.960195711 -0.714667203 -5.669176263 0.470588 0.584314 0.294118
v -0.536171204 -0.332634966 -5.557583535 0.545098 0.682353 0.415686
v -0.648983777 -0.476096495 -5.604499279 0.537255 0.678431 0.392157
v -0.897227506 -0.669198963 -5.656026442 0.443137 0.600000 0.270588
v -0.752603356 -0.570810511 -5.631215529 0.490196 0.643137 0.341176
v -0.947298395 -0.708581582 -5.665706218 0.529412 0.678431 0.321569
v -0.797045604 -0.604877662 -5.639578541 0.458824 0.619608 0.274510
v -0.737022946 -0.558297591 -5.627019915 0.498039 0.647059 0.352941
v -0.600037700 -0.420878314 -5.584750610 0.521569 0.666667 0.400000
v -0.593775871 -0.413944250 -5.582095658 0.560784 0.709804 0.443137
v -0.693593880 -0.520754249 -5.614430913 0.945098 0.654902 0.678431
v -0.529545933 -0.320247211 -5.549323731 0.439216 0.572549 0.352941
v -0.520490009 -0.303753099 -5.543105516 0.501961 0.654902 0.349020
v -0.923176728 -0.690392708 -5.656690421 0.447059 0.607843 0.243137
v -0.911429168 -0.681461178 -5.654298311 0.450980 0.607843 0.286275
v -0.849512466 -0.643367498 -5.645167734 0.423529 0.568627 0.247059
v -0.634459340 -0.461649458 -5.593989899 0.517647 0.670588 0.337255
v -0.612122002 -0.436043997 -5.585735040 0.541176 0.658824 0.423529
v -0.807284432 -0.615330233 -5.637764206 0.431373 0.588235 0.274510
v -0.655192748 -0.484731897 -5.600568884 0.529412 0.678431 0.419608
v -0.839918121 -0.638111695 -5.643351001 0.474510 0.623529 0.301961
v -0.898874965 -0.673337078 -5.651070122 0.427451 0.584314 0.254902
v -0.714578237 -0.540230351 -5.615511991 0.517647 0.670588 0.400000
v -0.931020816 -0.695738423 -5.655248992 0.443137 0.596078 0.262745
v -0.583667091 -0.402475881 -5.571858893 0.529412 0.678431 0.407843
v -0.511845689 -0.288253172 -5.531724159 0.435294 0.478431 0.360784
v -0.535388437 -0.336727561 -5.549295437 0.470588 0.619608 0.352941
v -0.688398205 -0.516767774 -5.606697669 0.682353 0.682353 0.521569
v -0.886730050 -0.668145726 -5.646810114 0.447059 0.607843 0.231373
v -0.775140368 -0.592928284 -5.627799936 0.462745 0.615686 0.325490
v -0.949522563 -0.708532033 -5.655918214 0.447059 0.600000 0.215686
v -0.675338828 -0.505941229 -5.602894128 0.556863 0.698039 0.415686
v -0.652669118 -0.483944749 -5.595631610 0.545098 0.698039 0.419608
v -0.925814558 -0.696034381 -5.651651300 0.454902 0.615686 0.231373
v -0.526920940 -0.323686680 -5.541957704 0.474510 0.631373 0.329412
v -0.680766077 -0.511228215 -5.602246971 0.556863 0.701961 0.411765
v -0.580888932 -0.401165320 -5.567460792 0.545098 0.682353 0.419608
v -0.941580386 -0.704244728 -5.652448140 0.458824 0.615686 0.250980
v -0.793381059 -0.608582375 -5.629423814 0.513725 0.670588 0.325490
v -0.895475314 -0.675075633 -5.645331061 0.435294 0.596078 0.262745
v -0.877513423 -0.664126698 -5.642739311 0.435294 0.596078 0.243137
v -0.933743285 -0.700474825 -5.650993841 0.435294 0.592157 0.227451
v -0.655066948 -0.487325901 -5.594018638 0.537255 0.690196 0.419608
v -0.808113585 -0.620287351 -5.631150807 0.423529 0.572549 0.286275
v -0.968429704 -0.719442905 -5.653901898 0.345098 0.349020 0.258824
v -0.640234761 -0.471578121 -5.588210208 0.521569 0.678431 0.368627
v -0.956743927 -0.714587938 -5.653133001 0.450980 0.596078 0.254902
v -0.715721879 -0.544898990 -5.609566966 0.517647 0.674510 0.411765
v -0.921702803 -0.696014967 -5.648334755 0.466667 0.627451 0.239216
v -0.658576255 -0.492099996 -5.593090911 0.521569 0.674510 0.380392
v -0.831112826 -0.636951718 -5.633703341 0.462745 0.619608 0.298039
v -0.728926455 -0.557316641 -5.612057235 0.529412 0.682353 0.400000
v -0.533201744 -0.337286295 -5.542536731 0.505882 0.654902 0.364706
v -0.599592720 -0.426244137 -5.571748390 0.494118 0.627451 0.266667
v -0.770868514 -0.592228233 -5.621256223 0.458824 0.615686 0.325490
v -0.799789203 -0.615380755 -5.627046842 0.466667 0.619608 0.298039
v -0.811637913 -0.625046757 -5.629387326 0.478431 0.627451 0.298039
v -0.603879334 -0.431889683 -5.572497340 0.533333 0.639216 0.364706
v -0.818027574 -0.629384018 -5.630326032 0.474510 0.631373 0.301961
v -0.848817213 -0.649860980 -5.635183091 0.423529 0.580392 0.247059
v -0.860376516 -0.656484588 -5.636015810 0.474510 0.603922 0.294118
v -0.914950622 -0.693663178 -5.645098531 0.474510 0.631373 0.258824
v -0.872241339 -0.663585016 -5.637109672 0.478431 0.607843 0.294118
v -0.509710409 -0.302887864 -5.527831931 0.556863 0.709804 0.309804
v -0.884620085 -0.672767404 -5.639186169 0.443137 0.600000 0.219608
v -0.652680925 -0.487239954 -5.588186567 0.529412 0.682353 0.372549
v -0.691611306 -0.524361589 -5.598890858 0.917647 0.670588 0.690196
v -0.909386567 -0.690083400 -5.642921541 0.447059 0.596078 0.250980
v -0.746192093 -0.573933013 -5.612929853 0.521569 0.666667 0.384314
v -0.531005626 -0.335303844 -5.537848671 0.509804 0.658824 0.349020
v -0.929427844 -0.703122483 -5.645299748 0.427451 0.588235 0.215686
v -0.751927300 -0.578939452 -5.613782132 0.513725 0.666667 0.356863
v -0.519833349 -0.320814567 -5.532276214 0.552941 0.713725 0.337255
v -0.682118544 -0.517359901 -5.594544160 0.556863 0.682353 0.407843
v -0.672347206 -0.508061978 -5.590752619 0.529412 0.666667 0.400000
v -0.660373044 -0.496927572 -5.587232967 0.525490 0.666667 0.388235
v -0.701268016 -0.534520429 -5.598196356 0.647059 0.607843 0.474510
v -0.545617306 -0.360344369 -5.542942132 0.490196 0.635294 0.356863
v -0.951073153 -0.716277367 -5.644808299 0.450980 0.596078 0.235294
v -0.635308138 -0.469895493 -5.578274802 0.545098 0.694118 0.411765
v -0.665287013 -0.501929628 -5.588082861 0.521569 0.650980 0.380392
v -0.646437691 -0.482768943 -5.582215462 0.533333 0.682353 0.372549
v -0.943982058 -0.713408427 -5.644220903 0.454902 0.611765 0.239216
v -0.669183209 -0.505452151 -5.589027334 0.517647 0.643137 0.392157
v -0.785399869 -0.609147945 -5.616883392 0.505882 0.658824 0.329412
v -0.655345348 -0.492857368 -5.583134157 0.517647 0.670588 0.313725
v -0.832568144 -0.643745395 -5.624709573 0.458824 0.623529 0.282353
v -0.801483883 -0.621955678 -5.618759992 0.478431 0.643137 0.309804
v -0.938126141 -0.713472350 -5.640122690 0.431373 0.588235 0.219608
v -0.692599328 -0.529174381 -5.591371079 0.866667 0.666667 0.639216
v -0.514481785 -0.323794264 -5.525858498 0.541176 0.698039 0.298039
v -0.669935916 -0.507999131 -5.584931292 0.541176 0.674510 0.400000
v -0.779958292 -0.606282267 -5.612991351 0.498039 0.654902 0.309804
v -0.817438577 -0.635780283 -5.620288643 0.498039 0.647059 0.305882
v -0.640647479 -0.478640784 -5.574777476 0.541176 0.698039 0.380392
v -0.545791749 -0.365214760 -5.537480508 0.552941 0.686275 0.443137
v -0.822478280 -0.639839530 -5.620248215 0.490196 0.647059 0.290196
v -0.892429628 -0.685582739 -5.631148286 0.427451 0.580392 0.235294
v -0.943580729 -0.718806162 -5.639049105 0.443137 0.588235 0.219608
v -0.720413242 -0.555890597 -5.596475478 0.521569 0.662745 0.396078
v -0.648380321 -0.487393207 -5.575044488 0.549020 0.701961 0.400000
v -0.609321834 -0.444673624 -5.561510133 0.556863 0.701961 0.411765
v -0.746428061 -0.579503274 -5.602065673 0.490196 0.643137 0.349020
v -0.697403177 -0.535102162 -5.588968748 0.949020 0.694118 0.705882
v -0.913485275 -0.703410593 -5.634258543 0.478431 0.639216 0.305882
v -0.755839783 -0.587407071 -5.603973904 0.537255 0.682353 0.407843
v -0.876094675 -0.676310518 -5.626916885 0.454902 0.572549 0.282353
v -0.653410271 -0.493115254 -5.575836285 0.533333 0.686275 0.403922
v -0.686620905 -0.526044278 -5.584854670 0.639216 0.600000 0.443137
v -0.677512922 -0.517792015 -5.582383109 0.600000 0.725490 0.470588
v -0.861486609 -0.666970850 -5.623474328 0.458824 0.615686 0.317647
v -0.818860120 -0.639297881 -5.616271309 0.458824 0.615686 0.270588
v -0.732810442 -0.567463329 -5.595649988 0.533333 0.674510 0.403922
v -0.643638649 -0.483888519 -5.570802898 0.525490 0.686275 0.325490
v -0.886197785 -0.685235173 -5.626824672 0.411765 0.560784 0.215686
v -0.621567817 -0.459691532 -5.562414084 0.529412 0.682353 0.423529
v -0.696459548 -0.535209706 -5.584894910 0.882353 0.737255 0.678431
v -0.814017410 -0.636711636 -5.613733496 0.482353 0.623529 0.274510
v -0.904113281 -0.699533621 -5.629438728 0.454902 0.615686 0.243137
v -0.639344193 -0.479903154 -5.567577376 0.537255 0.690196 0.368627
v -0.900470134 -0.697360929 -5.627955326 0.423529 0.588235 0.215686
v -0.632906326 -0.473130035 -5.565009628 0.513725 0.670588 0.372549
v -0.742136046 -0.577995646 -5.595533488 0.505882 0.635294 0.360784
v -0.769336334 -0.602036732 -5.602183733 0.490196 0.635294 0.321569
v -0.707593990 -0.547252716 -5.586352611 0.564706 0.658824 0.427451
v -0.867502096 -0.674130117 -5.620467681 0.462745 0.611765 0.305882
v -0.564870313 -0.392430874 -5.537447161 0.552941 0.701961 0.368627
v -0.647657523 -0.489778843 -5.568380966 0.552941 0.705882 0.403922
v -0.585724074 -0.419464494 -5.546032755 0.525490 0.674510 0.400000
v -0.882277033 -0.685796318 -5.622171993 0.415686 0.549020 0.196078
v -0.716568215 -0.556453321 -5.586412087 0.521569 0.635294 0.388235
v -0.777693302 -0.611045640 -5.602138193 0.458824 0.600000 0.309804
v -0.617902515 -0.457540004 -5.555980768 0.521569 0.674510 0.392157
v -0.523807996 -0.340868289 -5.517889439 0.501961 0.643137 0.337255
v -0.747850879 -0.584673732 -5.593914991 0.509804 0.643137 0.360784
v -0.948280474 -0.729718284 -5.631327165 0.490196 0.615686 0.243137
v -0.895733129 -0.697983930 -5.623709939 0.486275 0.643137 0.227451
v -0.594080926 -0.430953438 -5.546814099 0.521569 0.603922 0.415686
v -0.491201636 -0.318132768 -5.511048910 0.709804 0.725490 0.552941
v -0.734511769 -0.572378153 -5.589012545 0.541176 0.678431 0.403922
v -0.827383268 -0.649808815 -5.610356596 0.470588 0.635294 0.266667
v -0.904208421 -0.705232646 -5.624431969 0.427451 0.588235 0.211765
v -0.786039683 -0.618340321 -5.601685727 0.482353 0.619608 0.321569
v -0.683236403 -0.526115153 -5.574974335 0.615686 0.643137 0.458824
v -0.840476531 -0.659021193 -5.612076704 0.478431 0.643137 0.262745
v -0.712252698 -0.553314179 -5.582371717 0.541176 0.666667 0.439216
v -0.835168895 -0.655206036 -5.610596661 0.443137 0.603922 0.250980
v -0.663536358 -0.508630892 -5.569119779 0.529412 0.678431 0.313725
v -0.689296625 -0.531651364 -5.575664333 0.545098 0.670588 0.419608
v -0.844614495 -0.662323680 -5.612074243 0.462745 0.623529 0.262745
v -0.877425778 -0.685697818 -5.617986246 0.458824 0.576471 0.298039
v -0.595782789 -0.434214782 -5.545135486 0.560784 0.615686 0.423529
v -0.861916275 -0.675600100 -5.614581480 0.478431 0.631373 0.294118
v -0.760206708 -0.597111257 -5.593110226 0.470588 0.615686 0.329412
v -0.912686875 -0.713232517 -5.623912406 0.427451 0.588235 0.211765
v -0.495635408 -0.325982061 -5.510071998 0.568627 0.639216 0.392157
v -0.736184648 -0.575667855 -5.586523045 0.537255 0.686275 0.403922
v -0.590829158 -0.429249970 -5.541826387 0.584314 0.647059 0.447059
v -0.608437745 -0.449685744 -5.548314141 0.494118 0.650980 0.313725
v -0.718266959 -0.559717487 -5.581430557 0.521569 0.666667 0.419608
v -0.527558134 -0.347004319 -5.513948433 0.458824 0.596078 0.349020
v -0.618438416 -0.460285233 -5.550340109 0.501961 0.654902 0.403922
v -0.749469563 -0.588838105 -5.588973077 0.470588 0.623529 0.349020
v -0.605484338 -0.446812594 -5.545244383 0.525490 0.682353 0.360784
v -0.856634800 -0.674241006 -5.610609255 0.458824 0.619608 0.266667
v -0.806808963 -0.637256951 -5.600806656 0.486275 0.627451 0.329412
v -0.715708511 -0.558136172 -5.578163441 0.537255 0.686275 0.447059
v -0.508851055 -0.337633415 -5.508837110 0.498039 0.650980 0.274510
v -0.565663726 -0.397349799 -5.527133094 0.537255 0.686275 0.431373
v -0.956639264 -0.742858450 -5.626321573 0.243137 0.254902 0.196078
v -0.818672071 -0.647735789 -5.602313580 0.478431 0.627451 0.305882
v -0.599597723 -0.441118573 -5.541162984 0.490196 0.643137 0.329412
v -0.687259562 -0.532001559 -5.568417507 0.568627 0.701961 0.458824
v -0.876610643 -0.691472961 -5.613020238 0.482353 0.611765 0.317647
v -0.698985947 -0.542606332 -5.570819777 0.768627 0.682353 0.603922
v -0.543759230 -0.370520724 -5.516179999 0.478431 0.627451 0.384314
v -0.675383837 -0.523258089 -5.564848596 0.619608 0.631373 0.423529
v -0.649116297 -0.498293335 -5.557318058 0.517647 0.670588 0.301961
v -0.725447380 -0.568219892 -5.577426821 0.541176 0.690196 0.431373
v -0.733715200 -0.576484235 -5.579905955 0.517647 0.670588 0.380392
v -0.862323130 -0.681769332 -5.609005456 0.458824 0.615686 0.294118
v -0.721961286 -0.565078544 -5.575863833 0.509804 0.662745 0.411765
v -0.654878056 -0.504030600 -5.557744391 0.505882 0.650980 0.380392
v -0.950194115 -0.744358035 -5.623756548 0.509804 0.552941 0.341176
v -0.867939821 -0.687781948 -5.609503405 0.494118 0.643137 0.286275
v -0.706289427 -0.550170283 -5.570061300 0.792157 0.658824 0.600000
v -0.619632075 -0.465736036 -5.544370545 0.529412 0.682353 0.423529
v -0.774995551 -0.617101585 -5.589435268 0.513725 0.674510 0.345098
v -0.913605386 -0.723137798 -5.617667398 0.415686 0.568627 0.207843
v -0.880230855 -0.698625602 -5.611210642 0.443137 0.568627 0.266667
v -0.902343089 -0.715344814 -5.615445945 0.447059 0.603922 0.231373
v -0.897551034 -0.711885210 -5.614535509 0.419608 0.580392 0.207843
v -0.501931759 -0.337229210 -5.503202595 0.627451 0.776471 0.321569
v -0.737332056 -0.581986001 -5.578097053 0.537255 0.694118 0.415686
v -0.640429875 -0.490411733 -5.550915378 0.498039 0.658824 0.266667
v -0.812421421 -0.646577529 -5.596346189 0.525490 0.670588 0.321569
v -0.505823329 -0.339032045 -5.502911808 0.552941 0.705882 0.294118
v -0.697458735 -0.543317396 -5.565797153 0.650980 0.670588 0.501961
v -0.884117491 -0.703810892 -5.610506744 0.400000 0.545098 0.200000
v -0.535220666 -0.361749762 -5.507636381 0.533333 0.678431 0.388235
v -0.922107284 -0.731117309 -5.617136124 0.431373 0.584314 0.207843
v -0.799621716 -0.636198873 -5.591587754 0.478431 0.643137 0.282353
v -0.686520283 -0.534401293 -5.561760825 0.541176 0.678431 0.396078
v -0.712198905 -0.557496350 -5.568346738 0.556863 0.694118 0.443137
v -0.513263256 -0.343919320 -5.501670865 0.498039 0.650980 0.290196
v -0.542826869 -0.373168857 -5.510032650 0.513725 0.662745 0.411765
v -0.618176480 -0.466382546 -5.540138448 0.525490 0.678431 0.407843
v -0.550146591 -0.380576159 -5.511748107 0.537255 0.674510 0.384314
v -0.896984759 -0.715709920 -5.611513197 0.411765 0.572549 0.211765
v -0.734638937 -0.581354876 -5.574071055 0.529412 0.682353 0.388235
v -0.747625283 -0.593145958 -5.577496986 0.513725 0.666667 0.400000
v -0.575471108 -0.416533727 -5.523467458 0.513725 0.643137 0.411765
v -0.926606433 -0.737324662 -5.616539612 0.450980 0.607843 0.188235
v -0.935650031 -0.744879729 -5.618630182 0.494118 0.588235 0.254902
v -0.719598676 -0.565798210 -5.568366366 0.545098 0.690196 0.427451
v -0.760049942 -0.604693593 -5.579963669 0.505882 0.658824 0.380392
v -0.671729224 -0.523575910 -5.555930846 0.564706 0.650980 0.368627
v -0.856747921 -0.685780394 -5.601872944 0.450980 0.600000 0.266667
v -0.535439677 -0.363130724 -5.503807645 0.505882 0.658824 0.380392
v -0.654254814 -0.507150331 -5.550203198 0.525490 0.674510 0.403922
v -0.765486005 -0.610800465 -5.580139435 0.494118 0.650980 0.364706
v -0.530946816 -0.358501622 -5.501508325 0.521569 0.674510 0.392157
v -0.626114771 -0.477426255 -5.540302084 0.529412 0.682353 0.396078
v -0.678534663 -0.530012937 -5.555008587 0.529412 0.670588 0.407843
v -0.906297982 -0.727905699 -5.610575107 0.403922 0.560784 0.180392
v -0.617296991 -0.468083570 -5.535205171 0.537255 0.690196 0.388235
v -0.693360859 -0.543285293 -5.557513597 0.513725 0.654902 0.392157
v -0.552164835 -0.386099115 -5.507843645 0.580392 0.717647 0.454902
v -0.645037693 -0.498999724 -5.543653102 0.501961 0.658824 0.298039
v -0.628205843 -0.481986680 -5.538430480 0.505882 0.658824 0.345098
v -0.929709036 -0.749980417 -5.615401899 0.474510 0.545098 0.352941
v -0.662082378 -0.516714086 -5.548355413 0.572549 0.627451 0.392157
v -0.722227964 -0.571447748 -5.564158392 0.533333 0.674510 0.403922
v -0.772442640 -0.620475167 -5.578726305 0.486275 0.643137 0.333333
v -0.690171777 -0.541525415 -5.554975976 0.517647 0.666667 0.388235
v -0.725679577 -0.575447581 -5.564911330 0.541176 0.690196 0.431373
v -0.807224809 -0.649345709 -5.586131830 0.501961 0.662745 0.329412
v -0.820305335 -0.658499852 -5.588272514 0.486275 0.647059 0.309804
v -0.492197118 -0.337344056 -5.491535336 0.411765 0.411765 0.243137
v -0.684755711 -0.536983261 -5.552724838 0.537255 0.682353 0.396078
v -0.886015833 -0.716811566 -5.604597909 0.439216 0.596078 0.239216
v -0.760887231 -0.609643186 -5.574172571 0.501961 0.658824 0.364706
v -0.653159872 -0.509120066 -5.544137755 0.533333 0.670588 0.384314
v -0.923222844 -0.749864525 -5.612858384 0.439216 0.592157 0.196078
v -0.614709612 -0.467354727 -5.530299835 0.517647 0.670588 0.364706
v -0.927138942 -0.753368795 -5.613793846 0.435294 0.545098 0.219608
v -0.755443634 -0.605197156 -5.571521055 0.501961 0.654902 0.376471
v -0.897639342 -0.727509463 -5.606225302 0.439216 0.600000 0.207843
v -0.766094853 -0.616029812 -5.574048555 0.498039 0.650980 0.360784
v -0.849514751 -0.684694439 -5.592265799 0.490196 0.639216 0.305882
v -0.856282076 -0.692819323 -5.593840284 0.450980 0.596078 0.282353
v -0.717968887 -0.569908996 -5.557608761 0.549020 0.690196 0.431373
v -0.656233557 -0.513465482 -5.540948211 0.576471 0.670588 0.400000
v -0.565481161 -0.408262713 -5.507386198 0.541176 0.686275 0.439216
v -0.862107474 -0.699396313 -5.594647382 0.458824 0.603922 0.286275
v -0.838779212 -0.675593758 -5.587301006 0.462745 0.619608 0.266667
v -0.534208426 -0.365981224 -5.492438711 0.541176 0.682353 0.411765
v -0.928662007 -0.765060619 -5.613858931 0.509804 0.545098 0.372549
v -0.736105832 -0.589790934 -5.562592868 0.525490 0.678431 0.431373
v -0.886086199 -0.725013202 -5.600429918 0.462745 0.603922 0.239216
v -0.499973463 -0.335642660 -5.481453282 0.270588 0.286275 0.231373
v -0.643828083 -0.501900315 -5.534338694 0.505882 0.650980 0.372549
v -0.685832473 -0.541713997 -5.545986479 0.525490 0.670588 0.384314
v -0.878838593 -0.719052253 -5.597855002 0.478431 0.631373 0.286275
v -0.892647581 -0.731601593 -5.600869461 0.396078 0.556863 0.207843
v -0.780876825 -0.630925671 -5.571203971 0.498039 0.658824 0.364706
v -0.638427197 -0.496517425 -5.530426763 0.525490 0.670588 0.435294
v -0.792533602 -0.641664051 -5.573227350 0.470588 0.623529 0.325490
v -0.855484093 -0.696028926 -5.588454948 0.427451 0.576471 0.266667
v -0.659716615 -0.518192747 -5.536313657 0.592157 0.635294 0.415686
v -0.502560453 -0.336229198 -5.478094846 0.596078 0.658824 0.490196
v -0.773178219 -0.626273966 -5.567613427 0.517647 0.666667 0.356863
v -0.848759760 -0.690415518 -5.585616986 0.466667 0.619608 0.286275
v -0.917422453 -0.765653572 -5.609145485 0.443137 0.498039 0.247059
v -0.679476014 -0.538173364 -5.540072071 0.533333 0.666667 0.364706
v -0.661910349 -0.521831368 -5.534389651 0.552941 0.674510 0.407843
v -0.870020532 -0.713770959 -5.589865506 0.450980 0.607843 0.274510
v -0.843713684 -0.687188175 -5.581527340 0.478431 0.631373 0.290196
v -0.725325798 -0.583210041 -5.551036603 0.490196 0.631373 0.364706
v -0.589928503 -0.448329205 -5.509626721 0.513725 0.666667 0.384314
v -0.623953543 -0.486228696 -5.520305064 0.509804 0.662745 0.298039
v -0.836170421 -0.680600582 -5.577034635 0.482353 0.639216 0.274510
v -0.564672116 -0.416583100 -5.497870705 0.552941 0.698039 0.454902
v -0.891067116 -0.743177156 -5.596285711 0.400000 0.529412 0.254902
v -0.884312979 -0.734215183 -5.593051007 0.494118 0.639216 0.368627
v -0.581569879 -0.440147862 -5.504713985 0.462745 0.615686 0.341176
v -0.638819744 -0.501117551 -5.523616904 0.505882 0.654902 0.368627
v -0.719256869 -0.578579613 -5.546632306 0.576471 0.631373 0.407843
v -0.845216847 -0.691458165 -5.579122363 0.462745 0.615686 0.298039
v -0.654192433 -0.516300354 -5.527916560 0.603922 0.631373 0.419608
v -0.839034121 -0.686932712 -5.576428290 0.411765 0.564706 0.262745
v -0.793112025 -0.647677345 -5.565085404 0.478431 0.631373 0.333333
v -0.700667687 -0.560765086 -5.539395169 0.623529 0.658824 0.466667
v -0.604611058 -0.466692897 -5.510551426 0.474510 0.627451 0.333333
v -0.668985797 -0.531256609 -5.529612154 0.552941 0.698039 0.431373
v -0.739066689 -0.601749354 -5.550778239 0.552941 0.674510 0.423529
v -0.850333468 -0.699581001 -5.578217562 0.458824 0.611765 0.290196
v -0.724285042 -0.585956235 -5.544944012 0.541176 0.596078 0.396078
v -0.883229826 -0.737755347 -5.589873382 0.478431 0.627451 0.298039
v -0.573293236 -0.432718629 -5.497280671 0.541176 0.658824 0.309804
v -0.704845034 -0.565684531 -5.537719763 0.905882 0.650980 0.639216
v -0.577664598 -0.439113683 -5.498814007 0.521569 0.658824 0.356863
v -0.624731531 -0.490405603 -5.514543170 0.505882 0.650980 0.294118
v -0.504594130 -0.338502846 -5.464677128 0.607843 0.674510 0.529412
v -0.863723227 -0.715135320 -5.580614106 0.447059 0.596078 0.298039
v -0.873354629 -0.726143298 -5.584065509 0.482353 0.639216 0.317647
v -0.608163677 -0.473080317 -5.508775693 0.501961 0.647059 0.345098
v -0.641014089 -0.506338689 -5.518800853 0.537255 0.666667 0.392157
v -0.651195802 -0.516843534 -5.521975683 0.592157 0.643137 0.392157
v -0.587407296 -0.450846852 -5.501381374 0.462745 0.623529 0.325490
v -0.718763649 -0.580683500 -5.540266075 0.635294 0.556863 0.462745
v -0.539050657 -0.378557775 -5.476378392 0.549020 0.698039 0.415686
v -0.620387983 -0.486465109 -5.512168599 0.509804 0.650980 0.333333
v -0.628701021 -0.494688131 -5.514625086 0.486275 0.635294 0.298039
v -0.815424099 -0.669999840 -5.565915177 0.450980 0.603922 0.325490
v -0.759456118 -0.622666342 -5.552570389 0.462745 0.607843 0.325490
v -0.545396708 -0.388719945 -5.478991618 0.533333 0.682353 0.286275
v -0.860260191 -0.712798891 -5.578213689 0.482353 0.635294 0.294118
v -0.884063949 -0.743534844 -5.588216629 0.482353 0.631373 0.298039
v -0.772734202 -0.635015837 -5.555023842 0.478431 0.619608 0.325490
v -0.868061266 -0.721489971 -5.580099723 0.478431 0.639216 0.290196
v -0.823661365 -0.677465158 -5.566755462 0.439216 0.596078 0.278431
v -0.831754516 -0.685959020 -5.568907854 0.474510 0.627451 0.294118
v -0.660310357 -0.526741875 -5.521964372 0.529412 0.674510 0.329412
v -0.595714815 -0.461553949 -5.501360600 0.501961 0.658824 0.352941
v -0.621967272 -0.489838509 -5.509725491 0.501961 0.647059 0.337255
v -0.698021794 -0.562569739 -5.530386388 0.533333 0.666667 0.407843
v -0.577721396 -0.443194764 -5.493825501 0.494118 0.654902 0.349020
v -0.794069716 -0.654995954 -5.556754909 0.494118 0.650980 0.352941
v -0.769270514 -0.634333970 -5.550968627 0.494118 0.631373 0.360784
v -0.645314370 -0.513624746 -5.514584344 0.556863 0.627451 0.356863
v -0.597315255 -0.464908948 -5.499733699 0.498039 0.654902 0.305882
v -0.589960072 -0.457392343 -5.497213141 0.498039 0.650980 0.329412
v -0.811612281 -0.671359222 -5.560795224 0.490196 0.639216 0.325490
v -0.718307867 -0.582753229 -5.533881565 0.576471 0.666667 0.427451
v -0.629093130 -0.499288657 -5.508642766 0.494118 0.647059 0.270588
v -0.677233713 -0.545324278 -5.522182055 0.556863 0.694118 0.407843
v -0.853440231 -0.711335140 -5.570877721 0.427451 0.580392 0.282353
v -0.540653699 -0.386869468 -5.470617482 0.482353 0.631373 0.372549
v -0.531334037 -0.368892587 -5.464118232 0.521569 0.670588 0.411765
v -0.640396863 -0.510279926 -5.510429832 0.533333 0.654902 0.341176
v -0.534458290 -0.373946968 -5.465450274 0.545098 0.690196 0.419608
v -0.582580764 -0.451551759 -5.492223180 0.462745 0.623529 0.313725
v -0.666085856 -0.535844456 -5.517836412 0.537255 0.682353 0.356863
v -0.600733326 -0.471418512 -5.498024865 0.498039 0.650980 0.286275
v -0.874317934 -0.739243653 -5.577383968 0.454902 0.615686 0.290196
v -0.766899536 -0.635887272 -5.545955411 0.478431 0.615686 0.341176
v -0.662980066 -0.534007477 -5.515256125 0.517647 0.666667 0.325490
v -0.607179274 -0.479837261 -5.498935380 0.498039 0.647059 0.294118
v -0.542062527 -0.391225682 -5.469086556 0.513725 0.662745 0.388235
v -0.887160477 -0.771972051 -5.588319526 0.450980 0.447059 0.313725
v -0.824926191 -0.687810821 -5.559924341 0.443137 0.596078 0.298039
v -0.885134190 -0.768109456 -5.585614246 0.486275 0.588235 0.360784
v -0.728718594 -0.597182693 -5.531982118 0.537255 0.670588 0.400000
v -0.786561811 -0.653405924 -5.548522960 0.435294 0.588235 0.294118
v -0.687862942 -0.558726897 -5.520173156 0.533333 0.682353 0.364706
v -0.853962269 -0.717469855 -5.567309878 0.439216 0.592157 0.290196
v -0.680994112 -0.552348699 -5.517821754 0.529412 0.670588 0.384314
v -0.573997825 -0.444402520 -5.484942768 0.505882 0.658824 0.364706
v -0.624552312 -0.498008447 -5.501406898 0.521569 0.682353 0.282353
v -0.747109671 -0.617658275 -5.536837998 0.600000 0.647059 0.447059
v -0.866149513 -0.733368466 -5.570722332 0.435294 0.596078 0.298039
v -0.596388175 -0.469960372 -5.491519303 0.509804 0.662745 0.321569
v -0.752842608 -0.624319750 -5.537691414 0.623529 0.631373 0.439216
v -0.560756739 -0.428712243 -5.477511704 0.537255 0.682353 0.274510
v -0.820974418 -0.686746307 -5.555288163 0.423529 0.576471 0.282353
v -0.568479131 -0.440025100 -5.480675658 0.505882 0.654902 0.356863
v -0.537107924 -0.387017849 -5.462059391 0.521569 0.674510 0.400000
v -0.824711658 -0.691312932 -5.555898566 0.415686 0.568627 0.286275
v -0.855300028 -0.721891080 -5.564987741 0.450980 0.603922 0.298039
v -0.766771112 -0.639310716 -5.540233310 0.498039 0.545098 0.337255
v -0.627881179 -0.502947490 -5.498916892 0.498039 0.654902 0.345098
v -0.670041852 -0.543445297 -5.510485916 0.509804 0.658824 0.356863
v -0.745985035 -0.617931310 -5.532855775 0.513725 0.619608 0.384314
v -0.623824546 -0.499571655 -5.497225900 0.525490 0.674510 0.294118
v -0.731933268 -0.603053086 -5.527895608 0.560784 0.694118 0.427451
v -0.523113251 -0.360443541 -5.450045656 0.564706 0.709804 0.454902
v -0.756224473 -0.630037340 -5.535174380 0.556863 0.631373 0.400000
v -0.882229850 -0.770150466 -5.579214004 0.509804 0.643137 0.380392
v -0.530106637 -0.378421576 -5.455639573 0.552941 0.705882 0.431373
v -0.807797847 -0.678507862 -5.549063322 0.486275 0.623529 0.317647
v -0.801368722 -0.671655966 -5.546905858 0.470588 0.619608 0.349020
v -0.735260978 -0.607166199 -5.527058835 0.560784 0.690196 0.419608
v -0.821290162 -0.690590681 -5.551823169 0.443137 0.588235 0.317647
v -0.605230436 -0.484311607 -5.490403373 0.482353 0.623529 0.270588
v -0.532141028 -0.383788956 -5.456689093 0.537255 0.686275 0.407843
v -0.846919782 -0.716209504 -5.559259004 0.450980 0.607843 0.294118
v -0.772623560 -0.646688934 -5.538547316 0.529412 0.541176 0.388235
v -0.761126208 -0.635875686 -5.535203054 0.639216 0.666667 0.458824
v -0.869166461 -0.745205731 -5.567560694 0.466667 0.623529 0.317647
v -0.796790054 -0.668828173 -5.542582136 0.482353 0.619608 0.325490
v -0.716077125 -0.588383189 -5.517637948 0.545098 0.666667 0.474510
v -0.811598966 -0.684596416 -5.546749973 0.490196 0.631373 0.321569
v -0.862930120 -0.739074388 -5.563239326 0.423529 0.584314 0.309804
v -0.727290026 -0.601110462 -5.521124665 0.545098 0.682353 0.396078
v -0.619026799 -0.498597301 -5.490531388 0.498039 0.654902 0.274510
v -0.593881084 -0.473291168 -5.482440086 0.498039 0.654902 0.278431
v -0.785973430 -0.660627695 -5.537657952 0.450980 0.584314 0.282353
v -0.853311075 -0.727158214 -5.557717327 0.411765 0.572549 0.274510
v -0.646953459 -0.524382478 -5.496406151 0.494118 0.643137 0.352941
v -0.805346538 -0.679236847 -5.542850354 0.486275 0.603922 0.337255
v -0.640154103 -0.517113874 -5.494019474 0.572549 0.650980 0.415686
v -0.755963956 -0.632755553 -5.528692554 0.466667 0.603922 0.333333
v -0.831417805 -0.705278906 -5.550065469 0.431373 0.580392 0.278431
v -0.700719318 -0.574769850 -5.510439120 0.513725 0.643137 0.396078
v -0.651907285 -0.530174203 -5.497236077 0.490196 0.639216 0.349020
v -0.750885416 -0.627903930 -5.525446013 0.517647 0.662745 0.388235
v -0.520875390 -0.368629869 -5.443310577 0.572549 0.713725 0.423529
v -0.680702080 -0.557575695 -5.503916103 0.545098 0.690196 0.415686
v -0.884658567 -0.792515334 -5.578413312 0.505882 0.513725 0.474510
v -0.528745226 -0.389726976 -5.450533941 0.552941 0.709804 0.411765
v -0.560579034 -0.440517603 -5.468094647 0.513725 0.654902 0.313725
v -0.876249552 -0.769501096 -5.568566264 0.482353 0.631373 0.337255
v -0.744763724 -0.622495742 -5.521893075 0.498039 0.647059 0.356863
v -0.668338480 -0.546797302 -5.498939253 0.486275 0.635294 0.341176
v -0.580018130 -0.463200302 -5.474079411 0.517647 0.670588 0.325490
v -0.697446804 -0.573085334 -5.506289088 0.494118 0.627451 0.364706
v -0.878414847 -0.777299692 -5.570789287 0.498039 0.647059 0.396078
v -0.535636213 -0.402627047 -5.453287973 0.545098 0.694118 0.360784
v -0.812358363 -0.689618241 -5.540997900 0.501961 0.603922 0.345098
v -0.609910726 -0.493587516 -5.481865286 0.509804 0.662745 0.298039
v -0.858269366 -0.739557776 -5.556064993 0.450980 0.603922 0.282353
v -0.569920566 -0.453444547 -5.469209746 0.490196 0.647059 0.321569
v -0.864361925 -0.750023498 -5.559217368 0.466667 0.619608 0.333333
v -0.838840995 -0.717692301 -5.548420713 0.431373 0.572549 0.278431
v -0.766943263 -0.646592283 -5.526922481 0.529412 0.666667 0.372549
v -0.636138087 -0.516180882 -5.487349044 0.584314 0.654902 0.407843
v -0.870643702 -0.761071431 -5.562690099 0.462745 0.611765 0.325490
v -0.670266770 -0.549852681 -5.497148670 0.498039 0.635294 0.325490
v -0.595696228 -0.480582943 -5.476572939 0.525490 0.674510 0.325490
v -0.519626905 -0.373148201 -5.440215755 0.588235 0.733333 0.423529
v -0.793004615 -0.670093548 -5.532903579 0.498039 0.596078 0.345098
v -0.641293185 -0.521788510 -5.488077213 0.498039 0.647059 0.321569
v -0.649050675 -0.530589312 -5.490397744 0.474510 0.615686 0.305882
v -0.576691113 -0.462392534 -5.469958162 0.505882 0.658824 0.298039
v -0.851318175 -0.733324899 -5.550860137 0.392157 0.537255 0.262745
v -0.685798010 -0.564889505 -5.498888409 0.529412 0.666667 0.407843
v -0.699150657 -0.576345753 -5.502130906 0.509804 0.650980 0.380392
v -0.714039364 -0.589491067 -5.505847065 0.666667 0.654902 0.525490
v -0.602676087 -0.490166478 -5.475563300 0.521569 0.674510 0.301961
v -0.877993658 -0.787674652 -5.568106954 0.517647 0.647059 0.380392
v -0.694544208 -0.572645633 -5.499062118 0.509804 0.647059 0.380392
v -0.785806480 -0.666566333 -5.527822876 0.600000 0.643137 0.443137
v -0.549496035 -0.431732702 -5.456690597 0.541176 0.658824 0.388235
v -0.645806108 -0.527982391 -5.485820618 0.501961 0.650980 0.360784
v -0.870707791 -0.771002638 -5.560591125 0.450980 0.600000 0.337255
v -0.779475367 -0.662176553 -5.525202608 0.552941 0.635294 0.388235
v -0.764349480 -0.646696285 -5.520366202 0.505882 0.654902 0.360784
v -0.814519392 -0.696521840 -5.535370736 0.462745 0.611765 0.329412
v -0.727407146 -0.609268403 -5.507839968 0.505882 0.643137 0.352941
v -0.863615334 -0.759868963 -5.554218462 0.454902 0.607843 0.305882
v -0.875999012 -0.787159980 -5.564144836 0.482353 0.623529 0.368627
v -0.819819669 -0.703649771 -5.535199803 0.486275 0.631373 0.341176
v -0.581725601 -0.472242509 -5.465786165 0.501961 0.650980 0.313725
v -0.747090698 -0.630900582 -5.512877371 0.513725 0.658824 0.380392
v -0.751154905 -0.635096564 -5.513738204 0.521569 0.662745 0.380392
v -0.824523737 -0.709669763 -5.536154822 0.482353 0.623529 0.337255
v -0.734469072 -0.617879199 -5.508028829 0.509804 0.647059 0.392157
v -0.873511619 -0.783033786 -5.560842643 0.498039 0.643137 0.368627
v -0.800419160 -0.682513925 -5.527129882 0.498039 0.647059 0.341176
v -0.688684214 -0.570304162 -5.492899045 0.498039 0.639216 0.364706
v -0.542239640 -0.425779733 -5.449159993 0.529412 0.670588 0.345098
v -0.596442343 -0.487268828 -5.468348404 0.525490 0.678431 0.317647
v -0.672557425 -0.555811821 -5.488150235 0.517647 0.654902 0.345098
v -0.682503150 -0.564879348 -5.490616875 0.525490 0.650980 0.400000
v -0.633779450 -0.519376845 -5.476542773 0.513725 0.647059 0.349020
v -0.813012100 -0.698868574 -5.530338650 0.462745 0.615686 0.329412
v -0.695633046 -0.576538318 -5.492317701 0.541176 0.678431 0.423529
v -0.653352664 -0.539456952 -5.481635436 0.498039 0.647059 0.341176
v -0.809320521 -0.695985035 -5.528464378 0.478431 0.623529 0.372549
v -0.607354881 -0.498688709 -5.469090411 0.501961 0.654902 0.305882
v -0.762322082 -0.647865651 -5.513114597 0.494118 0.643137 0.352941
v -0.622476826 -0.511690669 -5.472274130 0.517647 0.647059 0.301961
v -0.747319224 -0.633101789 -5.508217050 0.545098 0.686275 0.427451
v -0.869913684 -0.779167677 -5.555202888 0.525490 0.662745 0.396078
v -0.692479022 -0.574746323 -5.489762501 0.529412 0.670588 0.411765
v -0.576230137 -0.471149871 -5.459855666 0.513725 0.670588 0.337255
v -0.798902941 -0.684042891 -5.522928153 0.494118 0.647059 0.368627
v -0.877314074 -0.801520996 -5.562661370 0.400000 0.407843 0.321569
v -0.584987739 -0.479721628 -5.461676357 0.505882 0.658824 0.325490
v -0.847933885 -0.741662421 -5.540154282 0.486275 0.607843 0.368627
v -0.770746706 -0.657639579 -5.513861498 0.482353 0.635294 0.364706
v -0.755028155 -0.642843896 -5.509320878 0.517647 0.666667 0.356863
v -0.619066633 -0.510132892 -5.469020388 0.517647 0.654902 0.313725
v -0.865402527 -0.773798272 -5.550018034 0.450980 0.596078 0.368627
v -0.651990460 -0.540843149 -5.476529251 0.501961 0.658824 0.298039
v -0.667023134 -0.553927661 -5.479758201 0.474510 0.631373 0.286275
v -0.802868362 -0.692531944 -5.521771039 0.466667 0.607843 0.333333
v -0.685781149 -0.570690931 -5.484019054 0.517647 0.658824 0.380392
v -0.536081047 -0.424397506 -5.439841621 0.533333 0.686275 0.313725
v -0.829949999 -0.724120529 -5.530960738 0.470588 0.615686 0.349020
v -0.822325491 -0.715198190 -5.527747756 0.482353 0.631373 0.360784
v -0.825557712 -0.719398616 -5.528611527 0.490196 0.635294 0.376471
v -0.817726023 -0.709838688 -5.525502308 0.474510 0.631373 0.368627
v -0.811358448 -0.703001274 -5.522899351 0.439216 0.588235 0.356863
v -0.772285431 -0.662774888 -5.510198660 0.482353 0.635294 0.360784
v -0.541706548 -0.436186134 -5.441987842 0.533333 0.674510 0.345098
v -0.842439707 -0.739671758 -5.533809541 0.454902 0.600000 0.352941
v -0.544612443 -0.443306676 -5.443839443 0.517647 0.662745 0.337255
v -0.806566619 -0.698715454 -5.520335602 0.486275 0.623529 0.376471
v -0.779852226 -0.670026210 -5.511375642 0.482353 0.635294 0.356863
v -0.850199712 -0.752604260 -5.537781531 0.498039 0.623529 0.388235
v -0.857558597 -0.765076490 -5.541954856 0.466667 0.615686 0.380392
v -0.742288186 -0.632411549 -5.499572972 0.533333 0.674510 0.407843
v -0.838332474 -0.735516188 -5.531316616 0.470588 0.619608 0.360784
v -0.674096871 -0.561701594 -5.477462031 0.509804 0.650980 0.376471
v -0.538645280 -0.433483400 -5.439385257 0.545098 0.694118 0.356863
v -0.622990341 -0.515213325 -5.463753446 0.584314 0.662745 0.388235
v -0.861106265 -0.772294588 -5.543487036 0.482353 0.627451 0.360784
v -0.666645298 -0.555100125 -5.474988323 0.505882 0.650980 0.380392
v -0.731340607 -0.620196826 -5.494715298 0.529412 0.662745 0.396078
v -0.759365852 -0.650025869 -5.503846607 0.498039 0.647059 0.364706
v -0.867782514 -0.785390836 -5.548002271 0.478431 0.623529 0.364706
v -0.551381539 -0.452114260 -5.444589154 0.521569 0.682353 0.321569
v -0.872826854 -0.802741697 -5.554158618 0.560784 0.596078 0.439216
v -0.585002092 -0.484668506 -5.454230029 0.490196 0.643137 0.309804
v -0.768270451 -0.660116212 -5.504767308 0.486275 0.635294 0.384314
v -0.647439131 -0.540470382 -5.468060032 0.498039 0.654902 0.317647
v -0.574158638 -0.476492483 -5.449319258 0.525490 0.674510 0.278431
v -0.689625181 -0.576741162 -5.477550548 0.525490 0.662745 0.396078
v -0.868860647 -0.795151140 -5.548289149 0.462745 0.596078 0.349020
v -0.751824023 -0.644333854 -5.498112146 0.529412 0.674510 0.415686
v -0.775260372 -0.668863547 -5.505405824 0.525490 0.678431 0.431373
v -0.779161643 -0.672381422 -5.506347761 0.454902 0.611765 0.333333
v -0.655878384 -0.547680217 -5.468386962 0.501961 0.654902 0.349020
v -0.663488565 -0.554136598 -5.469954915 0.505882 0.650980 0.360784
v -0.761794169 -0.655032129 -5.500566586 0.505882 0.650980 0.396078
v -0.699115911 -0.585470500 -5.478177707 0.509804 0.639216 0.396078
v -0.530816901 -0.429706390 -5.432141600 0.533333 0.694118 0.325490
v -0.619300927 -0.516530684 -5.457331157 0.584314 0.666667 0.360784
v -0.834707512 -0.738357687 -5.525277160 0.501961 0.647059 0.384314
v -0.631278125 -0.526009334 -5.459195618 0.498039 0.654902 0.274510
v -0.729606247 -0.621097194 -5.487316906 0.498039 0.639216 0.380392
v -0.623804906 -0.520254601 -5.456732716 0.490196 0.623529 0.274510
v -0.711006396 -0.596679496 -5.478431886 0.662745 0.643137 0.498039
v -0.675232344 -0.566378575 -5.469868888 0.509804 0.654902 0.360784
v -0.548915039 -0.456306702 -5.438383701 0.501961 0.654902 0.298039
v -0.737988807 -0.631736673 -5.488911739 0.529412 0.670588 0.431373
v -0.545408928 -0.453182752 -5.436003397 0.505882 0.662745 0.305882
v -0.555743072 -0.464304330 -5.438689702 0.517647 0.666667 0.298039
v -0.848845498 -0.764730100 -5.530193225 0.450980 0.584314 0.345098
v -0.733577813 -0.627031854 -5.485743632 0.509804 0.650980 0.388235
v -0.840081150 -0.750377661 -5.525069521 0.454902 0.603922 0.352941
v -0.550420927 -0.459747211 -5.436803235 0.505882 0.662745 0.301961
v -0.685291978 -0.576168977 -5.469798449 0.525490 0.670588 0.384314
v -0.602560443 -0.505150218 -5.449170108 0.494118 0.647059 0.309804
v -0.785460563 -0.681761585 -5.501545012 0.486275 0.635294 0.368627
v -0.742843465 -0.638445061 -5.488136677 0.545098 0.674510 0.407843
v -0.721490110 -0.612695195 -5.479801775 0.521569 0.654902 0.419608
v -0.700758588 -0.589611987 -5.472396462 0.494118 0.596078 0.372549
v -0.867610864 -0.803803694 -5.542714977 0.435294 0.466667 0.341176
v -0.597982782 -0.501423787 -5.446912788 0.505882 0.654902 0.321569
v -0.730177231 -0.623811310 -5.482485077 0.509804 0.643137 0.392157
v -0.781722532 -0.679747466 -5.498868125 0.490196 0.647059 0.376471
v -0.503674784 -0.407949398 -5.417196835 0.690196 0.792157 0.537255
v -0.524871428 -0.435708080 -5.426020867 0.556863 0.705882 0.352941
v -0.650917326 -0.547682117 -5.456815173 0.494118 0.647059 0.309804
v -0.726425059 -0.620983109 -5.478161602 0.517647 0.650980 0.407843
v -0.837675705 -0.751891582 -5.519660419 0.490196 0.635294 0.360784
v -0.830766468 -0.742315196 -5.516088222 0.482353 0.627451 0.341176
v -0.850471989 -0.773846325 -5.526900587 0.498039 0.635294 0.380392
v -0.664391741 -0.559852047 -5.458342948 0.482353 0.623529 0.349020
v -0.860237750 -0.791344418 -5.531935959 0.513725 0.662745 0.411765
v -0.758696020 -0.658974127 -5.488062772 0.525490 0.678431 0.423529
v -0.740409250 -0.638404107 -5.481502413 0.545098 0.682353 0.443137
v -0.618042993 -0.520232579 -5.445975603 0.498039 0.635294 0.313725
v -0.559259091 -0.474031278 -5.432798563 0.529412 0.682353 0.301961
v -0.783943363 -0.684942570 -5.494864683 0.490196 0.643137 0.376471
v -0.745995365 -0.645198865 -5.482428411 0.529412 0.670588 0.435294
v -0.646080296 -0.545089718 -5.451794476 0.501961 0.654902 0.321569
v -0.724209653 -0.619915171 -5.473895840 0.529412 0.658824 0.411765
v -0.608175122 -0.513572822 -5.442642660 0.517647 0.654902 0.290196
v -0.812351155 -0.721860811 -5.505458540 0.462745 0.611765 0.372549
v -0.692579223 -0.586226712 -5.462434368 0.494118 0.607843 0.372549
v -0.834444776 -0.750169900 -5.514662746 0.509804 0.658824 0.388235
v -0.817093987 -0.727845362 -5.507220025 0.466667 0.615686 0.352941
v -0.697336699 -0.590543941 -5.463362122 0.521569 0.643137 0.388235
v -0.685746991 -0.579814190 -5.460065081 0.505882 0.643137 0.380392
v -0.850502845 -0.778777154 -5.523577793 0.490196 0.623529 0.376471
v -0.588097596 -0.498086852 -5.436150808 0.490196 0.647059 0.305882
v -0.711428050 -0.603733010 -5.465821509 0.564706 0.650980 0.439216
v -0.650315508 -0.549956251 -5.450089125 0.494118 0.647059 0.298039
v -0.565832421 -0.481506546 -5.431164286 0.525490 0.678431 0.301961
v -0.537658794 -0.456773204 -5.423760497 0.541176 0.694118 0.325490
v -0.772652099 -0.675593861 -5.488110832 0.498039 0.650980 0.388235
v -0.599680240 -0.507996110 -5.437798677 0.498039 0.643137 0.278431
v -0.702209967 -0.595582287 -5.462578730 0.505882 0.647059 0.376471
v -0.506406857 -0.429351720 -5.415414895 0.584314 0.733333 0.400000
v -0.632803701 -0.534390873 -5.443554336 0.509804 0.666667 0.313725
v -0.675893813 -0.572315000 -5.454246180 0.498039 0.654902 0.341176
v -0.779337298 -0.683793846 -5.488901958 0.494118 0.647059 0.400000
v -0.738702838 -0.639278053 -5.474915427 0.529412 0.666667 0.415686
v -0.717837558 -0.613012065 -5.465923434 0.741176 0.643137 0.549020
v -0.698999209 -0.593842218 -5.460051965 0.505882 0.643137 0.372549
v -0.741531361 -0.643092371 -5.475568171 0.545098 0.690196 0.450980
v -0.832845344 -0.751773989 -5.510502712 0.509804 0.650980 0.380392
v -0.827451113 -0.744803797 -5.507000588 0.466667 0.615686 0.360784
v -0.665439020 -0.563712840 -5.449554467 0.501961 0.643137 0.368627
v -0.795010836 -0.703660627 -5.493050490 0.549020 0.686275 0.478431
v -0.682128067 -0.578447296 -5.453608568 0.509804 0.639216 0.384314
v -0.616124120 -0.522127783 -5.437014984 0.494118 0.627451 0.309804
v -0.668913308 -0.567762804 -5.449882362 0.505882 0.650980 0.356863
v -0.620525588 -0.526015310 -5.437707842 0.501961 0.647059 0.341176
v -0.653705525 -0.554839332 -5.445915752 0.498039 0.650980 0.317647
v -0.816482435 -0.732608366 -5.501325222 0.498039 0.647059 0.400000
v -0.756160958 -0.661505450 -5.478172180 0.521569 0.666667 0.407843
v -0.524126650 -0.451337933 -5.416886898 0.541176 0.698039 0.352941
v -0.499206468 -0.433336425 -5.411575279 0.564706 0.725490 0.305882
v -0.751772103 -0.656779334 -5.475821220 0.533333 0.682353 0.427451
v -0.542625504 -0.466686089 -5.420450747 0.545098 0.701961 0.317647
v -0.852292628 -0.788501163 -5.518964360 0.505882 0.647059 0.376471
v -0.641125034 -0.544259235 -5.441046578 0.501961 0.654902 0.305882
v -0.856065285 -0.797166509 -5.522037039 0.482353 0.623529 0.360784
v -0.830235851 -0.751066354 -5.505608921 0.490196 0.631373 0.380392
v -0.694826547 -0.592225478 -5.454285894 0.498039 0.643137 0.372549
v -0.602384179 -0.513577341 -5.431900556 0.498039 0.611765 0.290196
v -0.634452209 -0.538527969 -5.438597481 0.513725 0.666667 0.329412
v -0.555216555 -0.479734578 -5.422833141 0.541176 0.698039 0.317647
v -0.492961594 -0.428655260 -5.408500225 0.600000 0.737255 0.498039
v -0.757787019 -0.664836012 -5.476532451 0.501961 0.650980 0.388235
v -0.832375781 -0.756407117 -5.506190947 0.498039 0.639216 0.388235
v -0.658518510 -0.559931791 -5.443508841 0.505882 0.662745 0.345098
v -0.717763501 -0.615558784 -5.458521384 0.835294 0.694118 0.615686
v -0.787284737 -0.699033993 -5.485339986 0.533333 0.674510 0.474510
v -0.726453337 -0.627570275 -5.462442329 0.517647 0.654902 0.419608
v -0.818155276 -0.738376243 -5.498009374 0.505882 0.654902 0.388235
v -0.686015846 -0.585355334 -5.449184430 0.529412 0.654902 0.403922
v -0.744977971 -0.650332974 -5.469298706 0.505882 0.654902 0.400000
v -0.591704772 -0.507730458 -5.426907144 0.501961 0.635294 0.290196
v -0.516801184 -0.451234114 -5.411870917 0.556863 0.701961 0.349020
v -0.826650842 -0.749667432 -5.499961298 0.474510 0.600000 0.368627
v -0.644392258 -0.549254715 -5.436932784 0.513725 0.666667 0.333333
v -0.638609905 -0.544291380 -5.435278247 0.509804 0.658824 0.301961
v -0.843850922 -0.780466692 -5.510372197 0.537255 0.674510 0.376471
v -0.618012846 -0.526872141 -5.430285591 0.478431 0.627451 0.317647
v -0.690195963 -0.591098303 -5.447507662 0.505882 0.650980 0.384314
v -0.813436963 -0.735676114 -5.492929706 0.498039 0.643137 0.388235
v -0.831524132 -0.761388694 -5.501243227 0.513725 0.654902 0.364706
v -0.802292046 -0.720335843 -5.487343556 0.498039 0.647059 0.388235
v -0.678387764 -0.579741293 -5.442665898 0.509804 0.623529 0.388235
v -0.847142342 -0.789572034 -5.510379489 0.521569 0.658824 0.384314
v -0.524353311 -0.460152769 -5.409748406 0.513725 0.670588 0.298039
v -0.853759069 -0.803620616 -5.515336738 0.505882 0.650980 0.403922
v -0.567191415 -0.492521366 -5.418086464 0.533333 0.678431 0.301961
v -0.631512289 -0.539847215 -5.430148152 0.498039 0.647059 0.317647
v -0.551367149 -0.482782238 -5.415252484 0.576471 0.725490 0.329412
v -0.762382788 -0.674261140 -5.470928454 0.498039 0.650980 0.380392
v -0.684028025 -0.585661488 -5.442738889 0.513725 0.654902 0.360784
v -0.656800531 -0.560818265 -5.435275440 0.509804 0.662745 0.313725
v -0.645541412 -0.552266168 -5.432639654 0.509804 0.666667 0.325490
v -0.799649531 -0.718004483 -5.484119044 0.501961 0.639216 0.403922
v -0.788018304 -0.704007604 -5.479188641 0.494118 0.643137 0.376471
v -0.703144578 -0.605401977 -5.446819225 0.513725 0.658824 0.384314
v -0.485978068 -0.441605543 -5.403311017 0.423529 0.435294 0.262745
v -0.546145081 -0.480542849 -5.412077826 0.549020 0.705882 0.313725
v -0.673679101 -0.577032482 -5.437581391 0.505882 0.611765 0.372549
v -0.489277729 -0.444091338 -5.403314192 0.701961 0.768627 0.400000
v -0.591617249 -0.511943517 -5.418685969 0.494118 0.643137 0.274510
v -0.714354127 -0.616551177 -5.447413905 0.643137 0.611765 0.478431
v -0.536915443 -0.474882651 -5.408013990 0.556863 0.709804 0.305882
v -0.648533159 -0.555860502 -5.428662852 0.501961 0.662745 0.266667
v -0.532008072 -0.471527524 -5.406334441 0.513725 0.666667 0.301961
v -0.844355420 -0.791506555 -5.503920956 0.513725 0.654902 0.360784
v -0.612989943 -0.526929652 -5.419571095 0.596078 0.709804 0.352941
v -0.817390422 -0.747412309 -5.488059591 0.478431 0.627451 0.384314
v -0.493691975 -0.449407605 -5.400282650 0.588235 0.698039 0.400000
v -0.679968322 -0.584767488 -5.435263499 0.490196 0.627451 0.349020
v -0.740436986 -0.650776758 -5.455864251 0.517647 0.650980 0.368627
v -0.506294582 -0.455904380 -5.401419216 0.572549 0.717647 0.396078
v -0.558738561 -0.491936985 -5.410327684 0.541176 0.694118 0.309804
v -0.821689862 -0.754699227 -5.489629867 0.462745 0.607843 0.356863
v -0.767227711 -0.684355281 -5.466438671 0.517647 0.670588 0.419608
v -0.552609036 -0.488118062 -5.408845588 0.525490 0.682353 0.294118
v -0.748340661 -0.662750888 -5.458937923 0.529412 0.654902 0.400000
v -0.732250212 -0.639132332 -5.450864992 0.529412 0.654902 0.411765
v -0.565410542 -0.496841166 -5.410297644 0.525490 0.666667 0.301961
v -0.848837848 -0.804412093 -5.506225976 0.533333 0.662745 0.400000
v -0.499872850 -0.454077394 -5.399671199 0.564706 0.698039 0.368627
v -0.772451377 -0.690655416 -5.466720310 0.501961 0.650980 0.384314
v -0.622933865 -0.535999892 -5.418732758 0.505882 0.654902 0.352941
v -0.543687539 -0.483828269 -5.405453783 0.541176 0.701961 0.305882
v -0.822332904 -0.758999403 -5.488067854 0.513725 0.662745 0.376471
v -0.695623440 -0.602171071 -5.436941212 0.482353 0.627451 0.372549
v -0.721875743 -0.625496743 -5.443653986 0.647059 0.654902 0.513725
v -0.532972131 -0.476362233 -5.402959898 0.529412 0.686275 0.294118
v -0.685735814 -0.592223369 -5.433619569 0.478431 0.627451 0.352941
v -0.653503574 -0.561636980 -5.424525846 0.498039 0.654902 0.290196
v -0.853574691 -0.822800207 -5.510469969 0.560784 0.560784 0.458824
v -0.589903451 -0.514479110 -5.410450458 0.490196 0.643137 0.258824
v -0.682397881 -0.589772622 -5.431155547 0.501961 0.647059 0.376471
v -0.578617443 -0.507604625 -5.408653085 0.556863 0.705882 0.305882
v -0.846055108 -0.803035832 -5.501417523 0.517647 0.650980 0.411765
v -0.813567291 -0.747058147 -5.481706230 0.478431 0.623529 0.372549
v -0.740190105 -0.652656444 -5.450200997 0.529412 0.666667 0.384314
v -0.815564769 -0.750876270 -5.482359605 0.482353 0.631373 0.396078
v -0.827565231 -0.771976452 -5.489585613 0.498039 0.635294 0.380392
v -0.639405660 -0.550932976 -5.418762911 0.501961 0.658824 0.282353
v -0.513387542 -0.464486709 -5.396633388 0.537255 0.686275 0.321569
v -0.824383876 -0.766004634 -5.486629989 0.498039 0.647059 0.364706
v -0.730691788 -0.639045855 -5.444204371 0.564706 0.690196 0.486275
v -0.728511059 -0.635394476 -5.442814998 0.537255 0.666667 0.411765
v -0.695898609 -0.604399521 -5.433497489 0.490196 0.635294 0.325490
v -0.664761582 -0.571843044 -5.423028952 0.513725 0.643137 0.388235
v -0.719398641 -0.624668066 -5.438693409 0.866667 0.694118 0.650980
v -0.645448818 -0.556483864 -5.418634118 0.486275 0.639216 0.282353
v -0.551743767 -0.491459095 -5.402252949 0.537255 0.686275 0.294118
v -0.851811207 -0.823728161 -5.506392559 0.454902 0.466667 0.368627
v -0.570848885 -0.503771999 -5.404685822 0.513725 0.662745 0.286275
v -0.610842175 -0.529105959 -5.410312858 0.537255 0.662745 0.329412
v -0.711593281 -0.618460934 -5.435982686 0.537255 0.647059 0.411765
v -0.555642372 -0.494153387 -5.401543026 0.517647 0.654902 0.309804
v -0.567551345 -0.502111282 -5.403028410 0.494118 0.643137 0.274510
v -0.734038238 -0.645621861 -5.443358247 0.549020 0.678431 0.462745
v -0.801650951 -0.735044902 -5.472371239 0.529412 0.654902 0.411765
v -0.751287730 -0.671345106 -5.450024412 0.541176 0.686275 0.447059
v -0.830307030 -0.782411257 -5.487388143 0.486275 0.635294 0.360784
v -0.584855158 -0.513732823 -5.403055548 0.517647 0.666667 0.282353
v -0.759792724 -0.680973741 -5.452798422 0.494118 0.635294 0.345098
v -0.820934964 -0.767859180 -5.480500967 0.462745 0.607843 0.368627
v -0.723652968 -0.631996142 -5.434499885 0.580392 0.643137 0.466667
v -0.639452780 -0.553369865 -5.411300172 0.505882 0.662745 0.294118
v -0.714902732 -0.623417725 -5.431848704 0.643137 0.654902 0.509804
v -0.705542364 -0.615396151 -5.429502585 0.494118 0.639216 0.364706
v -0.794947370 -0.727688662 -5.465804326 0.501961 0.631373 0.384314
v -0.690890900 -0.602791007 -5.425255894 0.521569 0.662745 0.376471
v -0.514869977 -0.472153481 -5.390519196 0.529412 0.678431 0.305882
v -0.726439169 -0.636676219 -5.434346545 0.537255 0.674510 0.431373
v -0.679148166 -0.591375096 -5.420382288 0.517647 0.662745 0.321569
v -0.530248714 -0.483196755 -5.392335783 0.568627 0.713725 0.321569
v -0.698226797 -0.610324301 -5.425307536 0.505882 0.643137 0.376471
v -0.776057775 -0.702780626 -5.454998462 0.517647 0.670588 0.407843
v -0.490653731 -0.463356524 -5.387748312 0.556863 0.670588 0.384314
v -0.843028501 -0.812699400 -5.493012584 0.525490 0.658824 0.415686
v -0.789957601 -0.721929879 -5.460860125 0.494118 0.643137 0.368627
v -0.653655780 -0.566456812 -5.411224536 0.482353 0.631373 0.294118
v -0.784724828 -0.713915115 -5.457691304 0.498039 0.647059 0.400000
v -0.625405032 -0.542619951 -5.403857937 0.490196 0.643137 0.333333
v -0.548257310 -0.495000924 -5.392009945 0.525490 0.666667 0.313725
v -0.664457925 -0.577150557 -5.412849101 0.505882 0.650980 0.376471
v -0.584813357 -0.516251071 -5.396463223 0.498039 0.654902 0.270588
v -0.616153254 -0.535326106 -5.400631553 0.486275 0.639216 0.321569
v -0.810306477 -0.756179741 -5.470523422 0.474510 0.619608 0.388235
v -0.648525397 -0.562479599 -5.408002999 0.486275 0.635294 0.337255
v -0.677738268 -0.591977948 -5.416127309 0.494118 0.643137 0.286275
v -0.770133399 -0.697946216 -5.449281319 0.505882 0.654902 0.419608
v -0.845523710 -0.823430599 -5.493004476 0.580392 0.619608 0.458824
v -0.789029092 -0.723676610 -5.456778725 0.513725 0.662745 0.388235
v -0.843188896 -0.819991775 -5.490452224 0.552941 0.662745 0.447059
v -0.681594395 -0.596364056 -5.415438650 0.517647 0.662745 0.329412
v -0.599222088 -0.525843894 -5.395457721 0.501961 0.658824 0.274510
v -0.571934587 -0.510974504 -5.391330231 0.501961 0.658824 0.266667
v -0.510833477 -0.475371263 -5.383032211 0.549020 0.705882 0.333333
v -0.718011812 -0.630210751 -5.423681373 0.788235 0.650980 0.592157
v -0.840204189 -0.814667187 -5.486572232 0.552941 0.670588 0.392157
v -0.693159981 -0.608768940 -5.416269183 0.505882 0.647059 0.380392
v -0.591389801 -0.522070457 -5.391521932 0.501961 0.658824 0.282353
v -0.668673823 -0.584513768 -5.408673403 0.482353 0.635294 0.301961
v -0.553202691 -0.499902507 -5.386645018 0.486275 0.647059 0.282353
v -0.741218985 -0.663215947 -5.432742518 0.529412 0.670588 0.439216
v -0.617816815 -0.538623367 -5.394840800 0.462745 0.619608 0.254902
v -0.528144737 -0.487812995 -5.383881505 0.552941 0.701961 0.317647
v -0.756940186 -0.683866231 -5.439346249 0.505882 0.650980 0.411765
v -0.794375926 -0.737373995 -5.456584480 0.482353 0.635294 0.356863
v -0.760205542 -0.688862343 -5.439366590 0.533333 0.682353 0.423529
v -0.620506851 -0.541737431 -5.393080976 0.494118 0.650980 0.247059
v -0.670951570 -0.588004679 -5.406295633 0.494118 0.647059 0.262745
v -0.664870012 -0.581662899 -5.403963627 0.486275 0.635294 0.345098
v -0.511280401 -0.479095643 -5.378674198 0.556863 0.705882 0.345098
v -0.500771760 -0.472879998 -5.376492406 0.584314 0.737255 0.270588
v -0.731307506 -0.652464090 -5.424472786 0.505882 0.643137 0.415686
v -0.801253990 -0.751112882 -5.456865420 0.521569 0.650980 0.403922
v -0.629926148 -0.551358078 -5.392917552 0.482353 0.639216 0.313725
v -0.794243205 -0.740802318 -5.452517721 0.509804 0.658824 0.376471
v -0.699822864 -0.617815382 -5.411285100 0.521569 0.654902 0.400000
v -0.522452471 -0.487656399 -5.376809622 0.533333 0.682353 0.305882
v -0.668450926 -0.587197526 -5.401345897 0.478431 0.631373 0.305882
v -0.695721809 -0.614480155 -5.408788126 0.521569 0.654902 0.400000
v -0.563353492 -0.511262559 -5.379088825 0.525490 0.682353 0.282353
v -0.683237262 -0.602986358 -5.402219135 0.498039 0.643137 0.345098
v -0.761212834 -0.695310536 -5.431837639 0.525490 0.674510 0.427451
v -0.533627302 -0.495529407 -5.374114314 0.533333 0.674510 0.313725
v -0.660292591 -0.580486098 -5.394680160 0.505882 0.658824 0.274510
v -0.572636015 -0.517702350 -5.378168051 0.498039 0.658824 0.270588
v -0.704206965 -0.624198758 -5.407025156 0.474510 0.607843 0.364706
v -0.663445424 -0.583933060 -5.394757362 0.494118 0.643137 0.313725
v -0.746153473 -0.674811272 -5.422835176 0.501961 0.647059 0.415686
v -0.754403660 -0.687223854 -5.426149474 0.560784 0.694118 0.435294
v -0.593117798 -0.528613907 -5.378259301 0.494118 0.654902 0.274510
v -0.640285946 -0.563282303 -5.386498663 0.466667 0.615686 0.286275
v -0.723798499 -0.647568077 -5.412108638 0.545098 0.619608 0.431373
v -0.819179457 -0.791852079 -5.461128121 0.505882 0.650980 0.407843
v -0.735412515 -0.663234662 -5.416220830 0.498039 0.647059 0.407843
v -0.698213809 -0.619428146 -5.402170271 0.513725 0.643137 0.384314
v -0.822632881 -0.800810283 -5.463534843 0.505882 0.643137 0.431373
v -0.625404362 -0.550886594 -5.381540383 0.513725 0.666667 0.329412
v -0.650110130 -0.572461012 -5.387372024 0.478431 0.627451 0.298039
v -0.571992596 -0.519187439 -5.373942878 0.509804 0.666667 0.274510
v -0.635062318 -0.559391219 -5.383325267 0.474510 0.631373 0.294118
v -0.789581374 -0.740458872 -5.441210701 0.505882 0.650980 0.368627
v -0.776011237 -0.717701204 -5.432704840 0.509804 0.647059 0.380392
v -0.835251998 -0.826162168 -5.471277407 0.545098 0.568627 0.470588
v -0.690006157 -0.611935867 -5.398007843 0.498039 0.643137 0.337255
v -0.742194261 -0.672172422 -5.416962202 0.517647 0.662745 0.423529
v -0.612722158 -0.541226450 -5.376723110 0.521569 0.662745 0.337255
v -0.731789623 -0.660218426 -5.411420440 0.525490 0.662745 0.427451
v -0.821007918 -0.802508490 -5.460626569 0.533333 0.674510 0.435294
v -0.498880757 -0.481505325 -5.363384557 0.529412 0.658824 0.270588
v -0.671110496 -0.594472398 -5.390510928 0.494118 0.647059 0.258824
v -0.835323162 -0.830299974 -5.470001689 0.380392 0.384314 0.360784
v -0.656169226 -0.579650348 -5.385582540 0.470588 0.623529 0.294118
v -0.826223599 -0.815499845 -5.464631240 0.533333 0.666667 0.388235
v -0.594780426 -0.531912104 -5.372468544 0.498039 0.650980 0.262745
v -0.628107828 -0.555642312 -5.377295259 0.498039 0.654902 0.321569
v -0.747526439 -0.680027308 -5.415536290 0.525490 0.666667 0.435294
v -0.811249109 -0.782453259 -5.451041341 0.505882 0.647059 0.380392
v -0.601759785 -0.536536160 -5.372285070 0.490196 0.627451 0.274510
v -0.726039172 -0.654469813 -5.406854264 0.498039 0.639216 0.407843
v -0.791867912 -0.748972503 -5.438414811 0.521569 0.666667 0.431373
v -0.645383974 -0.570595128 -5.380643594 0.498039 0.647059 0.298039
v -0.539292628 -0.503078726 -5.364256062 0.505882 0.662745 0.270588
v -0.773488279 -0.717740507 -5.426939470 0.525490 0.666667 0.388235
v -0.528057120 -0.497812091 -5.363261176 0.490196 0.635294 0.278431
v -0.814898316 -0.791987538 -5.452110475 0.501961 0.647059 0.431373
v -0.820921061 -0.808373911 -5.457364160 0.533333 0.674510 0.403922
v -0.756632153 -0.695719856 -5.417182642 0.533333 0.674510 0.415686
v -0.829772075 -0.826779230 -5.463270778 0.552941 0.662745 0.419608
v -0.578852730 -0.525502698 -5.365966822 0.513725 0.670588 0.274510
v -0.801378731 -0.765050805 -5.440271955 0.533333 0.682353 0.352941
v -0.807804895 -0.781068343 -5.446149475 0.509804 0.650980 0.423529
v -0.634890532 -0.562925202 -5.374731165 0.521569 0.678431 0.262745
v -0.780508630 -0.732175199 -5.427149122 0.541176 0.682353 0.400000
v -0.834430311 -0.836974104 -5.464247800 0.360784 0.368627 0.321569
v -0.599206904 -0.537429776 -5.365708296 0.529412 0.674510 0.294118
v -0.619003773 -0.549866373 -5.368208910 0.498039 0.658824 0.282353
v -0.731351525 -0.663995845 -5.402959691 0.509804 0.647059 0.403922
v -0.652710981 -0.579789514 -5.375740554 0.486275 0.635294 0.321569
v -0.613010955 -0.545922411 -5.365832461 0.482353 0.631373 0.290196
v -0.717816370 -0.644441467 -5.394849066 0.517647 0.631373 0.403922
v -0.585187137 -0.530787305 -5.362386253 0.525490 0.678431 0.274510
v -0.700489884 -0.626227636 -5.388220028 0.533333 0.611765 0.407843
v -0.781751896 -0.737580639 -5.425287458 0.533333 0.674510 0.396078
v -0.811311826 -0.791487889 -5.444396681 0.533333 0.662745 0.388235
v -0.801320408 -0.769236108 -5.436167935 0.529412 0.670588 0.376471
v -0.589856787 -0.533532793 -5.361705789 0.513725 0.678431 0.290196
v -0.755683055 -0.699209261 -5.411045106 0.549020 0.678431 0.396078
v -0.510710424 -0.493597868 -5.352923707 0.552941 0.701961 0.266667
v -0.826800575 -0.828056555 -5.456078327 0.556863 0.639216 0.443137
v -0.579266876 -0.528430086 -5.359147585 0.494118 0.650980 0.262745
v -0.806072152 -0.781825520 -5.438752266 0.525490 0.654902 0.419608
v -0.707305618 -0.634307407 -5.388117997 0.505882 0.643137 0.380392
v -0.664069891 -0.592383306 -5.374193141 0.501961 0.643137 0.329412
v -0.782484035 -0.742697265 -5.423268060 0.513725 0.650980 0.376471
v -0.641261452 -0.571412523 -5.367413246 0.494118 0.639216 0.317647
v -0.570118060 -0.524349024 -5.355869155 0.541176 0.694118 0.294118
v -0.615488250 -0.549230942 -5.360874731 0.478431 0.635294 0.317647
v -0.634349506 -0.565072857 -5.365082958 0.494118 0.650980 0.278431
v -0.732696800 -0.668410188 -5.396500554 0.490196 0.627451 0.400000
v -0.808362060 -0.791162167 -5.438433263 0.521569 0.658824 0.403922
v -0.566727608 -0.522773243 -5.353432396 0.541176 0.690196 0.294118
v -0.655960048 -0.585628544 -5.369155833 0.478431 0.623529 0.325490
v -0.800175768 -0.772007461 -5.430541580 0.537255 0.674510 0.411765
v -0.790625148 -0.757618586 -5.425397004 0.505882 0.658824 0.392157
v -0.728242466 -0.662988805 -5.392940952 0.517647 0.635294 0.427451
v -0.759953903 -0.709002211 -5.408495083 0.537255 0.654902 0.415686
v -0.585884648 -0.533385687 -5.355011955 0.501961 0.658824 0.266667
v -0.778404993 -0.736791139 -5.417868313 0.505882 0.643137 0.392157
v -0.787046546 -0.752081896 -5.423053511 0.525490 0.666667 0.380392
v -0.775429652 -0.731458901 -5.415636856 0.505882 0.647059 0.400000
v -0.559358661 -0.519402224 -5.351742646 0.521569 0.670588 0.294118
v -0.826190324 -0.836194237 -5.452248705 0.384314 0.411765 0.305882
v -0.696454655 -0.626138210 -5.379078231 0.517647 0.631373 0.384314
v -0.803226536 -0.782231597 -5.431908896 0.521569 0.650980 0.407843
v -0.658667828 -0.589552304 -5.367389018 0.482353 0.631373 0.305882
v -0.724477954 -0.657621972 -5.388211463 0.800000 0.694118 0.635294
v -0.503110813 -0.493815590 -5.345151284 0.588235 0.674510 0.349020
v -0.673480194 -0.604491328 -5.371553710 0.486275 0.643137 0.317647
v -0.806481072 -0.790544646 -5.433587406 0.521569 0.658824 0.435294
v -0.820646511 -0.824329914 -5.445102473 0.607843 0.721569 0.447059
v -0.817355391 -0.812673516 -5.440550092 0.584314 0.713725 0.435294
v -0.509971407 -0.498549231 -5.344199966 0.498039 0.650980 0.247059
v -0.550768819 -0.517219284 -5.346946246 0.529412 0.678431 0.278431
v -0.752367048 -0.698319550 -5.399064589 0.560784 0.678431 0.439216
v -0.627111886 -0.560755752 -5.355889285 0.478431 0.639216 0.301961
v -0.684230247 -0.616059632 -5.372378990 0.494118 0.627451 0.278431
v -0.700890552 -0.632474326 -5.377273361 0.517647 0.654902 0.380392
v -0.792976082 -0.766073544 -5.422567432 0.521569 0.674510 0.407843
v -0.766209857 -0.721726667 -5.407020707 0.517647 0.662745 0.325490
v -0.693980758 -0.625305638 -5.374943399 0.509804 0.615686 0.364706
v -0.776001018 -0.736722527 -5.412044788 0.513725 0.647059 0.400000
v -0.717299373 -0.649944041 -5.382294612 0.509804 0.647059 0.380392
v -0.731080537 -0.669274413 -5.388629803 0.525490 0.631373 0.427451
v -0.738543010 -0.680753149 -5.390684464 0.513725 0.631373 0.431373
v -0.678360246 -0.611176432 -5.368287830 0.509804 0.658824 0.301961
v -0.726910408 -0.662624537 -5.384102030 0.690196 0.670588 0.556863
v -0.799515334 -0.781018957 -5.425084407 0.537255 0.686275 0.462745
v -0.656190311 -0.589550061 -5.360774540 0.501961 0.654902 0.298039
v -0.695882197 -0.629211556 -5.372338948 0.517647 0.643137 0.360784
v -0.712073045 -0.646055411 -5.377468443 0.505882 0.654902 0.376471
v -0.757944045 -0.709256636 -5.397516544 0.545098 0.662745 0.439216
v -0.531838529 -0.512256364 -5.340705678 0.509804 0.662745 0.321569
v -0.722691940 -0.658569716 -5.379184785 0.619608 0.631373 0.470588
v -0.796295085 -0.776736738 -5.419669192 0.525490 0.674510 0.400000
v -0.622985368 -0.559096814 -5.348446914 0.509804 0.666667 0.286275
v -0.716770769 -0.652978101 -5.376359722 0.509804 0.650980 0.396078
v -0.820335329 -0.833707459 -5.439472372 0.627451 0.709804 0.501961
v -0.670903121 -0.606233994 -5.360857767 0.486275 0.635294 0.360784
v -0.699827981 -0.635995663 -5.369126317 0.521569 0.662745 0.376471
v -0.507623056 -0.501734820 -5.335042167 0.274510 0.247059 0.211765
v -0.643600857 -0.578980112 -5.350951736 0.478431 0.631373 0.333333
v -0.747177265 -0.696948437 -5.388019985 0.525490 0.639216 0.423529
v -0.522099651 -0.508643962 -5.334830575 0.564706 0.701961 0.262745
v -0.574919116 -0.531106368 -5.336937233 0.498039 0.647059 0.274510
v -0.568641943 -0.528320266 -5.335942226 0.525490 0.666667 0.294118
v -0.581398627 -0.534534462 -5.337004094 0.505882 0.666667 0.274510
v -0.796809140 -0.783705763 -5.416105827 0.541176 0.686275 0.415686
v -0.744780178 -0.694392689 -5.384672565 0.600000 0.670588 0.474510
v -0.618396914 -0.557104980 -5.341648048 0.490196 0.643137 0.337255
v -0.541386772 -0.518381337 -5.334278579 0.568627 0.709804 0.325490
v -0.800696182 -0.793022652 -5.418709060 0.549020 0.674510 0.415686
v -0.788502308 -0.766385113 -5.408686197 0.549020 0.686275 0.431373
v -0.648585724 -0.585569403 -5.348458746 0.474510 0.623529 0.356863
v -0.770166159 -0.734286294 -5.396363642 0.509804 0.635294 0.411765
v -0.627655624 -0.565147719 -5.341978767 0.498039 0.658824 0.274510
v -0.804785224 -0.803808832 -5.420383781 0.533333 0.658824 0.423529
v -0.547301713 -0.520672609 -5.331321298 0.564706 0.709804 0.317647
v -0.612787459 -0.552738758 -5.337014685 0.498039 0.650980 0.294118
v -0.726972884 -0.667526466 -5.371671550 0.576471 0.650980 0.439216
v -0.762763038 -0.722681528 -5.390559753 0.537255 0.666667 0.435294
v -0.669155163 -0.607973762 -5.352639350 0.482353 0.631373 0.321569
v -0.730449493 -0.673157389 -5.372413910 0.494118 0.623529 0.376471
v -0.759351153 -0.716992308 -5.387305898 0.549020 0.670588 0.439216
v -0.517434079 -0.509272597 -5.327657130 0.439216 0.403922 0.274510
v -0.785476777 -0.761924781 -5.402348081 0.545098 0.670588 0.427451
v -0.623015475 -0.562375319 -5.336859945 0.490196 0.647059 0.270588
v -0.618054789 -0.558243774 -5.334380735 0.541176 0.694118 0.266667
v -0.614580253 -0.555090996 -5.332811462 0.517647 0.666667 0.258824
v -0.776584983 -0.748515813 -5.394808176 0.537255 0.662745 0.423529
v -0.712398858 -0.656502579 -5.363254306 0.501961 0.643137 0.356863
v -0.679923626 -0.620351312 -5.351800754 0.533333 0.619608 0.368627
v -0.788899902 -0.771736715 -5.402289437 0.517647 0.662745 0.419608
v -0.737068189 -0.686376227 -5.372410556 0.517647 0.666667 0.439216
v -0.720843067 -0.664605590 -5.364818228 0.564706 0.611765 0.431373
v -0.808469318 -0.819168114 -5.419367575 0.560784 0.701961 0.478431
v -0.707396934 -0.651581859 -5.360795272 0.513725 0.650980 0.376471
v -0.574075542 -0.532775456 -5.326200985 0.537255 0.690196 0.290196
v -0.772775202 -0.743260322 -5.391339449 0.533333 0.666667 0.435294
v -0.669470570 -0.610991426 -5.347522755 0.501961 0.635294 0.341176
v -0.812280052 -0.831105698 -5.421594834 0.627451 0.733333 0.588235
v -0.764223107 -0.729470833 -5.384043573 0.541176 0.662745 0.450980
v -0.520615970 -0.511866068 -5.321106493 0.470588 0.470588 0.290196
v -0.777644948 -0.753261828 -5.392211480 0.537255 0.666667 0.431373
v -0.584260869 -0.538317996 -5.324413480 0.521569 0.682353 0.270588
v -0.786892212 -0.770478858 -5.397919655 0.521569 0.662745 0.423529
v -0.726872194 -0.672577514 -5.363456959 0.596078 0.647059 0.490196
v -0.648685478 -0.589610241 -5.337663736 0.490196 0.643137 0.333333
v -0.620725069 -0.562201951 -5.329325846 0.494118 0.647059 0.321569
v -0.745985489 -0.702241845 -5.373325377 0.521569 0.654902 0.423529
v -0.708906596 -0.655018893 -5.357560165 0.509804 0.650980 0.356863
v -0.561729782 -0.527767826 -5.321214281 0.525490 0.670588 0.282353
v -0.742170815 -0.697817837 -5.371511814 0.513725 0.658824 0.419608
v -0.627098207 -0.568207268 -5.330271866 0.486275 0.639216 0.345098
v -0.714743494 -0.661586311 -5.358362025 0.486275 0.627451 0.368627
v -0.632218363 -0.573845919 -5.330191144 0.490196 0.643137 0.345098
v -0.523443934 -0.513129150 -5.317212703 0.568627 0.666667 0.356863
v -0.551163087 -0.524297836 -5.317819075 0.564706 0.713725 0.313725
v -0.667614891 -0.612002852 -5.340184637 0.517647 0.639216 0.329412
v -0.652867902 -0.596177986 -5.335158943 0.486275 0.635294 0.325490
v -0.678342194 -0.622765946 -5.342673081 0.458824 0.592157 0.349020
v -0.648629074 -0.591315780 -5.332731925 0.505882 0.650980 0.333333
v -0.774185048 -0.750922615 -5.384848902 0.552941 0.682353 0.443137
v -0.572933531 -0.533135319 -5.316851806 0.556863 0.705882 0.294118
v -0.722610650 -0.671042037 -5.356908568 0.701961 0.643137 0.537255
v -0.730097198 -0.682642351 -5.360603793 0.529412 0.666667 0.423529
v -0.707215786 -0.655880527 -5.351793187 0.501961 0.643137 0.372549
v -0.763488154 -0.732693622 -5.377384725 0.525490 0.650980 0.431373
v -0.692501697 -0.640025642 -5.346751965 0.490196 0.639216 0.368627
v -0.645326830 -0.588005374 -5.330250023 0.501961 0.650980 0.329412
v -0.557778781 -0.526774374 -5.314509855 0.521569 0.678431 0.298039
v -0.702186939 -0.650984340 -5.349349063 0.498039 0.643137 0.341176
v -0.620368414 -0.563354990 -5.321238490 0.486275 0.635294 0.368627
v -0.542046020 -0.521840774 -5.312045163 0.521569 0.654902 0.313725
v -0.536313070 -0.520209206 -5.311604433 0.576471 0.690196 0.376471
v -0.716278784 -0.666652929 -5.351808203 0.505882 0.627451 0.407843
v -0.657014436 -0.602778677 -5.331846279 0.513725 0.650980 0.411765
v -0.570877591 -0.531849764 -5.312094465 0.525490 0.678431 0.305882
v -0.617146828 -0.560797870 -5.318716198 0.494118 0.639216 0.380392
v -0.732500721 -0.687672299 -5.358162080 0.486275 0.631373 0.400000
v -0.774962641 -0.755100784 -5.380740907 0.525490 0.654902 0.427451
v -0.669279264 -0.616126331 -5.334392527 0.529412 0.615686 0.384314
v -0.805390420 -0.823848676 -5.405615616 0.501961 0.650980 0.403922
v -0.784114953 -0.772403680 -5.385669826 0.537255 0.674510 0.439216
v -0.648477008 -0.593107819 -5.326196254 0.478431 0.623529 0.349020
v -0.800445667 -0.813089660 -5.400649386 0.545098 0.682353 0.423529
v -0.553081444 -0.524810380 -5.308180682 0.494118 0.650980 0.317647
v -0.711024164 -0.663688084 -5.347410282 0.501961 0.639216 0.360784
v -0.758763613 -0.727518349 -5.368174939 0.588235 0.654902 0.470588
v -0.751027065 -0.715392415 -5.363364881 0.482353 0.623529 0.396078
v -0.592435019 -0.542534935 -5.308754356 0.474510 0.627451 0.325490
v -0.614889954 -0.559766825 -5.312818494 0.501961 0.647059 0.392157
v -0.694906612 -0.647533277 -5.340177765 0.482353 0.635294 0.329412
v -0.560973151 -0.527704404 -5.305474439 0.513725 0.670588 0.298039
v -0.809825142 -0.835970822 -5.405464500 0.498039 0.639216 0.427451
v -0.578345494 -0.534303301 -5.305467255 0.517647 0.666667 0.325490
v -0.585917655 -0.538314499 -5.306226424 0.494118 0.650980 0.290196
v -0.690043235 -0.642485948 -5.337649344 0.494118 0.639216 0.364706
v -0.784184825 -0.775645769 -5.382328442 0.529412 0.662745 0.431373
v -0.572526152 -0.531854764 -5.304658064 0.498039 0.647059 0.321569
v -0.771369652 -0.752127047 -5.373857208 0.517647 0.654902 0.435294
v -0.796251807 -0.808256221 -5.394479730 0.537255 0.678431 0.415686
v -0.631197570 -0.576503983 -5.316236783 0.517647 0.662745 0.341176
v -0.648250246 -0.594141141 -5.321349763 0.490196 0.631373 0.364706
v -0.539003423 -0.519048188 -5.302407774 0.545098 0.576471 0.403922
v -0.643072271 -0.589452252 -5.318565211 0.494118 0.639216 0.372549
v -0.751756926 -0.718787170 -5.360106641 0.474510 0.623529 0.396078
v -0.705337018 -0.660219902 -5.340335318 0.509804 0.650980 0.368627
v -0.684818556 -0.636942813 -5.332822323 0.498039 0.643137 0.372549
v -0.655467696 -0.604334519 -5.321872931 0.505882 0.643137 0.376471
v -0.565603813 -0.528901484 -5.299438728 0.498039 0.650980 0.337255
v -0.602255531 -0.550065001 -5.303017737 0.501961 0.647059 0.321569
v -0.708336846 -0.665530622 -5.338420808 0.490196 0.639216 0.337255
v -0.747640893 -0.715465686 -5.354312208 0.509804 0.654902 0.415686
v -0.586108993 -0.538139564 -5.298691936 0.517647 0.666667 0.360784
v -0.648637358 -0.597920206 -5.316195826 0.490196 0.639216 0.345098
v -0.800952435 -0.824198347 -5.392955491 0.541176 0.678431 0.466667
v -0.583611965 -0.535605242 -5.296635591 0.494118 0.639216 0.376471
v -0.576411569 -0.532081114 -5.295688776 0.474510 0.619608 0.360784
v -0.692230807 -0.650262187 -5.331595653 0.494118 0.615686 0.345098
v -0.552513010 -0.522992828 -5.294411478 0.505882 0.654902 0.333333
v -0.711479106 -0.669813331 -5.336850109 0.482353 0.631373 0.368627
v -0.588958359 -0.539384099 -5.295614257 0.513725 0.650980 0.372549
v -0.562364988 -0.526290122 -5.293206012 0.486275 0.647059 0.364706
v -0.554959879 -0.522951259 -5.292362672 0.513725 0.666667 0.341176
v -0.769866256 -0.752745447 -5.362624073 0.525490 0.643137 0.431373
v -0.659079078 -0.611423421 -5.315522339 0.478431 0.596078 0.372549
v -0.618718801 -0.566657905 -5.301398933 0.537255 0.666667 0.415686
v -0.695592435 -0.655100447 -5.329501970 0.443137 0.576471 0.290196
v -0.673998490 -0.627917531 -5.320460213 0.470588 0.603922 0.352941
v -0.775141985 -0.764028795 -5.365771856 0.545098 0.666667 0.458824
v -0.609082098 -0.557307798 -5.297951171 0.509804 0.647059 0.427451
v -0.551950759 -0.521026848 -5.288908091 0.517647 0.662745 0.337255
v -0.773321597 -0.760875900 -5.363376639 0.552941 0.670588 0.450980
v -0.759484714 -0.737534177 -5.355002917 0.525490 0.639216 0.419608
v -0.655925678 -0.608803978 -5.312965386 0.498039 0.631373 0.392157
v -0.642052215 -0.592935729 -5.307916854 0.513725 0.654902 0.372549
v -0.613757147 -0.561701360 -5.298093883 0.525490 0.662745 0.411765
v -0.586941693 -0.538134362 -5.291249946 0.517647 0.658824 0.388235
v -0.665265080 -0.620150690 -5.315322005 0.498039 0.619608 0.329412
v -0.547259478 -0.518302065 -5.286292994 0.607843 0.650980 0.443137
v -0.750379050 -0.725148678 -5.349223820 0.505882 0.654902 0.419608
v -0.789097884 -0.804618695 -5.376566011 0.552941 0.682353 0.427451
v -0.678293813 -0.636035139 -5.318726222 0.505882 0.647059 0.364706
v -0.594170990 -0.543286106 -5.288875912 0.513725 0.650980 0.396078
v -0.781412348 -0.783353088 -5.367597614 0.537255 0.662745 0.447059
v -0.638307500 -0.590029881 -5.302350641 0.513725 0.654902 0.392157
v -0.598268914 -0.547451155 -5.288893474 0.517647 0.662745 0.427451
v -0.590096677 -0.539926428 -5.285539655 0.525490 0.666667 0.431373
v -0.762921495 -0.745680665 -5.351630562 0.525490 0.643137 0.435294
v -0.742792755 -0.716189424 -5.341031104 0.533333 0.674510 0.415686
v -0.766816229 -0.752511437 -5.352576724 0.549020 0.647059 0.443137
v -0.758050097 -0.738916696 -5.347868560 0.541176 0.670588 0.427451
v -0.716359794 -0.679804834 -5.327797501 0.478431 0.623529 0.345098
v -0.584799642 -0.535274571 -5.281575232 0.533333 0.682353 0.423529
v -0.681542366 -0.643526654 -5.315449068 0.482353 0.631373 0.356863
v -0.724641024 -0.688882921 -5.329443063 0.662745 0.647059 0.509804
v -0.627154247 -0.579728043 -5.294700830 0.533333 0.670588 0.403922
v -0.780803383 -0.787286715 -5.363355190 0.545098 0.678431 0.450980
v -0.576828114 -0.530944158 -5.279361330 0.509804 0.647059 0.388235
v -0.807853370 -0.843017023 -5.383305237 0.552941 0.580392 0.392157
v -0.793388133 -0.820109096 -5.375248218 0.541176 0.682353 0.396078
v -0.624079791 -0.577037292 -5.292931655 0.541176 0.674510 0.419608
v -0.750640853 -0.730695319 -5.342479931 0.533333 0.674510 0.419608
v -0.778546142 -0.782124101 -5.360763611 0.529412 0.662745 0.447059
v -0.647185812 -0.604349013 -5.301217131 0.498039 0.639216 0.360784
v -0.655114156 -0.613749730 -5.303865805 0.521569 0.635294 0.392157
v -0.769434080 -0.759824396 -5.351680828 0.549020 0.674510 0.443137
v -0.754616929 -0.736623868 -5.343383893 0.549020 0.686275 0.423529
v -0.634127801 -0.588419565 -5.294933944 0.509804 0.654902 0.368627
v -0.643175841 -0.600103561 -5.298675490 0.521569 0.654902 0.380392
v -0.807958529 -0.840984453 -5.379122367 0.411765 0.521569 0.290196
v -0.572280993 -0.525465886 -5.274196997 0.501961 0.533333 0.431373
v -0.662876700 -0.625025941 -5.304531084 0.486275 0.623529 0.317647
v -0.610991455 -0.561206467 -5.283770874 0.564706 0.694118 0.462745
v -0.780400125 -0.791859292 -5.359836088 0.541176 0.674510 0.447059
v -0.796522769 -0.830255543 -5.373267140 0.572549 0.686275 0.419608
v -0.771913229 -0.768917182 -5.350028080 0.525490 0.666667 0.435294
v -0.590556727 -0.537781046 -5.274151059 0.541176 0.690196 0.478431
v -0.748566292 -0.730252789 -5.336077286 0.529412 0.674510 0.419608
v -0.697199969 -0.665060969 -5.314645491 0.490196 0.639216 0.349020
v -0.728762029 -0.697984981 -5.324488524 0.521569 0.643137 0.423529
v -0.791196037 -0.824049648 -5.368903905 0.537255 0.682353 0.415686
v -0.631348239 -0.588765240 -5.288058453 0.482353 0.627451 0.403922
v -0.672013508 -0.639863998 -5.303681318 0.490196 0.635294 0.325490
v -0.756993622 -0.744157356 -5.336823817 0.533333 0.674510 0.427451
v -0.770931599 -0.769885556 -5.345973718 0.513725 0.654902 0.431373
v -0.622286257 -0.578817911 -5.283082863 0.556863 0.690196 0.447059
v -0.731511701 -0.704351410 -5.322700249 0.498039 0.635294 0.396078
v -0.708946047 -0.678953844 -5.314558307 0.478431 0.635294 0.352941
v -0.619843181 -0.575479027 -5.281411676 0.541176 0.674510 0.447059
v -0.726775337 -0.697464038 -5.319696528 0.537255 0.588235 0.407843
v -0.764984267 -0.757634038 -5.339441738 0.545098 0.654902 0.447059
v -0.749285473 -0.733657412 -5.331172185 0.517647 0.662745 0.415686
v -0.791912421 -0.830007688 -5.366065568 0.556863 0.682353 0.474510
v -0.617212262 -0.570586072 -5.276942328 0.588235 0.709804 0.462745
v -0.611521508 -0.560650965 -5.272347714 0.556863 0.686275 0.478431
v -0.659159103 -0.626229246 -5.293991210 0.505882 0.639216 0.325490
v -0.645078433 -0.608070456 -5.287392328 0.517647 0.650980 0.301961
v -0.802847320 -0.843745303 -5.366798840 0.227451 0.278431 0.172549
v -0.622589051 -0.581847045 -5.277145275 0.545098 0.678431 0.435294
v -0.737086875 -0.716943183 -5.320325808 0.513725 0.650980 0.396078
v -0.784400673 -0.815880491 -5.356183860 0.572549 0.678431 0.443137
v -0.744705151 -0.729178254 -5.324369261 0.521569 0.662745 0.423529
v -0.587810190 -0.529759659 -5.258579929 0.666667 0.701961 0.603922
v -0.649372477 -0.616189239 -5.286484828 0.517647 0.635294 0.345098
v -0.618964636 -0.576352136 -5.273171502 0.572549 0.701961 0.435294
v -0.776142657 -0.791076199 -5.343780687 0.541176 0.678431 0.454902
v -0.666830597 -0.640068731 -5.293047469 0.498039 0.647059 0.309804
v -0.765231092 -0.764021393 -5.333531701 0.529412 0.647059 0.439216
v -0.771241729 -0.778694044 -5.338378306 0.529412 0.670588 0.447059
v -0.778651570 -0.801038731 -5.346658889 0.560784 0.694118 0.454902
v -0.679279072 -0.655728442 -5.297155886 0.501961 0.650980 0.313725
v -0.690770691 -0.668200902 -5.299676178 0.498039 0.643137 0.333333
v -0.740466281 -0.725142944 -5.316156789 0.505882 0.647059 0.407843
v -0.672663819 -0.649944548 -5.292197939 0.505882 0.654902 0.313725
v -0.713326961 -0.691952189 -5.304516429 0.482353 0.627451 0.372549
v -0.602434791 -0.542532031 -5.254573066 0.670588 0.756863 0.576471
v -0.652228039 -0.624110947 -5.282990334 0.505882 0.627451 0.325490
v -0.612253647 -0.558257618 -5.259995998 0.627451 0.749020 0.541176
v -0.744564913 -0.731785480 -5.317000356 0.529412 0.666667 0.427451
v -0.732719889 -0.714677088 -5.310525270 0.490196 0.627451 0.388235
v -0.692495584 -0.672267211 -5.297160147 0.494118 0.643137 0.321569
v -0.646161479 -0.616101485 -5.277344907 0.513725 0.627451 0.349020
v -0.757573443 -0.754302289 -5.322068367 0.490196 0.635294 0.403922
v -0.764136028 -0.766746487 -5.326227285 0.537255 0.662745 0.447059
v -0.663026938 -0.639696670 -5.284204842 0.509804 0.654902 0.294118
v -0.787203018 -0.833840717 -5.350649143 0.584314 0.580392 0.462745
v -0.777059170 -0.801810258 -5.338362559 0.572549 0.698039 0.454902
v -0.728702281 -0.711265637 -5.305507428 0.498039 0.615686 0.388235
v -0.706696938 -0.688662697 -5.297912206 0.498039 0.643137 0.364706
v -0.746824959 -0.737772560 -5.312977751 0.537255 0.678431 0.427451
v -0.681029038 -0.663905777 -5.288842322 0.498039 0.647059 0.325490
v -0.610317914 -0.552729226 -5.250218424 0.643137 0.760784 0.549020
v -0.744338685 -0.734472343 -5.310501838 0.525490 0.666667 0.423529
v -0.720237428 -0.702355289 -5.299821561 0.556863 0.603922 0.423529
v -0.642605117 -0.613850318 -5.270031136 0.525490 0.650980 0.380392
v -0.759702421 -0.762133104 -5.318524072 0.529412 0.666667 0.427451
v -0.668636730 -0.650673670 -5.282226180 0.521569 0.670588 0.329412
v -0.607163502 -0.545907757 -5.244770741 0.627451 0.717647 0.556863
v -0.661429984 -0.643022344 -5.277976651 0.498039 0.647059 0.329412
v -0.626048473 -0.591555859 -5.260124308 0.545098 0.682353 0.415686
v -0.726275623 -0.712043764 -5.298868424 0.611765 0.635294 0.474510
v -0.756983209 -0.758218856 -5.314510672 0.525490 0.666667 0.407843
v -0.677256951 -0.661851032 -5.283288357 0.494118 0.643137 0.333333
v -0.605021075 -0.543119121 -5.241295299 0.454902 0.462745 0.411765
v -0.651320705 -0.630797309 -5.272286018 0.494118 0.631373 0.329412
v -0.747179993 -0.742407962 -5.307013999 0.541176 0.674510 0.423529
v -0.640934065 -0.613866813 -5.265080112 0.525490 0.654902 0.384314
v -0.771202093 -0.789476281 -5.323520356 0.545098 0.678431 0.447059
v -0.618967622 -0.582135405 -5.252506276 0.564706 0.694118 0.423529
v -0.741115518 -0.733569574 -5.301367528 0.498039 0.631373 0.396078
v -0.677569052 -0.664871657 -5.279826137 0.501961 0.650980 0.313725
v -0.711564851 -0.699491957 -5.289691845 0.517647 0.627451 0.376471
v -0.665111423 -0.650874204 -5.274070061 0.478431 0.627451 0.313725
v -0.654811927 -0.638824080 -5.268474211 0.494118 0.643137 0.341176
v -0.726850766 -0.717303927 -5.292793954 0.564706 0.619608 0.435294
v -0.647648673 -0.629478975 -5.265029229 0.545098 0.674510 0.305882
v -0.619497874 -0.586539712 -5.247694837 0.545098 0.678431 0.403922
v -0.610683467 -0.559834021 -5.236810274 0.615686 0.694118 0.513725
v -0.630030796 -0.603265609 -5.252761117 0.513725 0.639216 0.380392
v -0.637281911 -0.615080209 -5.256574274 0.505882 0.650980 0.356863
v -0.767261289 -0.785994541 -5.311852224 0.549020 0.654902 0.431373
v -0.717860346 -0.708874241 -5.284890811 0.474510 0.623529 0.360784
v -0.608039462 -0.553442806 -5.232345511 0.709804 0.717647 0.635294
v -0.617356703 -0.584577007 -5.243391936 0.549020 0.682353 0.407843
v -0.770045796 -0.793083320 -5.312939274 0.545098 0.674510 0.462745
v -0.729046865 -0.722522594 -5.287977020 0.533333 0.615686 0.411765
v -0.775278207 -0.807642343 -5.318177094 0.576471 0.701961 0.462745
v -0.753278124 -0.758583691 -5.299832726 0.517647 0.643137 0.407843
v -0.732216824 -0.726780858 -5.288872484 0.498039 0.627451 0.396078
v -0.745380292 -0.746675103 -5.295515131 0.533333 0.666667 0.403922
v -0.615354273 -0.580763413 -5.239435141 0.560784 0.686275 0.427451
v -0.623883726 -0.598707538 -5.245089121 0.474510 0.619608 0.368627
v -0.738837495 -0.738344940 -5.289694026 0.521569 0.658824 0.415686
v -0.723698078 -0.717092919 -5.282386272 0.533333 0.619608 0.415686
v -0.619987605 -0.593530985 -5.242490465 0.498039 0.643137 0.392157
v -0.618615878 -0.589896015 -5.241110071 0.537255 0.682353 0.419608
v -0.636984805 -0.621137844 -5.250937134 0.541176 0.674510 0.368627
v -0.704787294 -0.699643321 -5.275722841 0.486275 0.619608 0.349020
v -0.763628517 -0.780435450 -5.302510383 0.525490 0.662745 0.423529
v -0.659292900 -0.652557909 -5.260861270 0.513725 0.654902 0.321569
v -0.684173539 -0.679758448 -5.269085361 0.486275 0.639216 0.309804
v -0.727517387 -0.722338754 -5.281716093 0.600000 0.631373 0.466667
v -0.647293186 -0.638140855 -5.255701225 0.513725 0.650980 0.349020
v -0.755996375 -0.766631923 -5.296407508 0.529412 0.643137 0.415686
v -0.776605536 -0.820409013 -5.316271863 0.588235 0.690196 0.474510
v -0.652004188 -0.644979648 -5.256652285 0.509804 0.658824 0.329412
v -0.613292305 -0.579554241 -5.233438863 0.549020 0.674510 0.427451
v -0.730316338 -0.727007118 -5.281556338 0.509804 0.607843 0.392157
v -0.713882884 -0.709559001 -5.275721028 0.470588 0.627451 0.349020
v -0.675049216 -0.672348003 -5.264141474 0.525490 0.674510 0.294118
v -0.708454970 -0.705098633 -5.273888977 0.474510 0.623529 0.360784
v -0.761821050 -0.779821533 -5.298867223 0.537255 0.666667 0.419608
v -0.631892027 -0.616300259 -5.245217694 0.525490 0.670588 0.356863
v -0.734592604 -0.734314257 -5.282311410 0.513725 0.647059 0.403922
v -0.777552276 -0.826912576 -5.315386024 0.615686 0.701961 0.521569
v -0.656721281 -0.653467701 -5.255121231 0.509804 0.658824 0.325490
v -0.774090662 -0.817134899 -5.308850184 0.576471 0.705882 0.470588
v -0.758914663 -0.776975248 -5.293707449 0.513725 0.654902 0.419608
v -0.652124094 -0.649003002 -5.252459493 0.505882 0.650980 0.309804
v -0.612710893 -0.582637601 -5.229183145 0.580392 0.694118 0.450980
v -0.700471060 -0.698983846 -5.267548645 0.482353 0.619608 0.349020
v -0.751302236 -0.764735833 -5.286354236 0.498039 0.643137 0.400000
v -0.739761874 -0.747347888 -5.279726571 0.537255 0.674510 0.419608
v -0.720681805 -0.720134028 -5.269841983 0.462745 0.611765 0.360784
v -0.647397542 -0.645413567 -5.246970822 0.478431 0.623529 0.313725
v -0.731063743 -0.732864976 -5.273329721 0.494118 0.600000 0.384314
v -0.627954643 -0.618602325 -5.236854269 0.537255 0.674510 0.352941
v -0.611875371 -0.580849704 -5.222576147 0.474510 0.486275 0.368627
v -0.651294314 -0.652313447 -5.247501316 0.521569 0.662745 0.305882
v -0.633266076 -0.628199146 -5.238330464 0.541176 0.682353 0.356863
v -0.624319567 -0.615595239 -5.232885324 0.498039 0.639216 0.349020
v -0.693139391 -0.695578804 -5.258402525 0.517647 0.627451 0.352941
v -0.774728268 -0.828123954 -5.304399051 0.611765 0.698039 0.498039
v -0.766226888 -0.802716066 -5.293771457 0.545098 0.678431 0.458824
v -0.624804996 -0.620111426 -5.230989487 0.509804 0.650980 0.345098
v -0.761254250 -0.790329621 -5.286337697 0.517647 0.662745 0.431373
v -0.750927174 -0.769210722 -5.278277059 0.513725 0.658824 0.423529
v -0.640385336 -0.642543455 -5.236837895 0.525490 0.666667 0.360784
v -0.734137742 -0.743066917 -5.268073143 0.498039 0.639216 0.384314
v -0.773741288 -0.829924149 -5.299519645 0.607843 0.705882 0.494118
v -0.718069119 -0.722735396 -5.260816601 0.474510 0.631373 0.337255
v -0.672927637 -0.681939327 -5.248256871 0.533333 0.682353 0.298039
v -0.690565384 -0.696491658 -5.251836842 0.490196 0.607843 0.337255
v -0.619313752 -0.614881939 -5.225881804 0.513725 0.658824 0.360784
v -0.651934888 -0.659921987 -5.240155053 0.490196 0.635294 0.301961
v -0.753402066 -0.775828375 -5.276626412 0.521569 0.670588 0.427451
v -0.702317785 -0.709552692 -5.254226522 0.470588 0.623529 0.317647
v -0.610932002 -0.595149823 -5.216847940 0.345098 0.313725 0.294118
v -0.666260936 -0.677029415 -5.244151006 0.541176 0.690196 0.286275
v -0.729651048 -0.738431253 -5.260811599 0.572549 0.631373 0.447059
v -0.718787949 -0.726139294 -5.256737015 0.454902 0.611765 0.341176
v -0.759784557 -0.790162020 -5.278806756 0.525490 0.674510 0.427451
v -0.726512573 -0.734972088 -5.259073562 0.600000 0.662745 0.474510
v -0.633391038 -0.637932979 -5.228763382 0.466667 0.611765 0.301961
v -0.743648690 -0.762451948 -5.267450663 0.513725 0.658824 0.400000
v -0.703080079 -0.712916907 -5.250125678 0.513725 0.662745 0.349020
v -0.708425678 -0.719177385 -5.250759398 0.498039 0.654902 0.333333
v -0.764250965 -0.802184363 -5.278227561 0.501961 0.643137 0.439216
v -0.775186969 -0.839206697 -5.292184326 0.631373 0.611765 0.521569
v -0.632797209 -0.641025817 -5.225340687 0.494118 0.643137 0.349020
v -0.762170804 -0.795962001 -5.275135612 0.498039 0.647059 0.431373
v -0.758691888 -0.790404894 -5.270673821 0.556863 0.686275 0.431373
v -0.633935297 -0.645701348 -5.223531700 0.509804 0.662745 0.301961
v -0.648745924 -0.664773947 -5.229350423 0.462745 0.615686 0.301961
v -0.775545599 -0.840460925 -5.288286156 0.596078 0.572549 0.517647
v -0.721967852 -0.734521571 -5.248534724 0.462745 0.615686 0.352941
v -0.762477806 -0.798987288 -5.270847676 0.509804 0.654902 0.435294
v -0.707362215 -0.721872642 -5.243437761 0.505882 0.654902 0.337255
v -0.639550385 -0.656602658 -5.222790458 0.486275 0.647059 0.301961
v -0.630589583 -0.646562707 -5.217765129 0.525490 0.674510 0.309804
v -0.729747211 -0.744885455 -5.247125244 0.576471 0.639216 0.462745
v -0.754780358 -0.785171581 -5.261059375 0.525490 0.662745 0.407843
v -0.670909643 -0.688886021 -5.230254521 0.478431 0.635294 0.305882
v -0.743795296 -0.769756930 -5.254152158 0.505882 0.654902 0.415686
v -0.659244341 -0.679879295 -5.226168500 0.454902 0.615686 0.274510
v -0.719002163 -0.735862434 -5.241750980 0.490196 0.643137 0.349020
v -0.641757544 -0.664291128 -5.218793364 0.470588 0.619608 0.286275
v -0.669776581 -0.689992857 -5.226275052 0.486275 0.639216 0.309804
v -0.734651465 -0.754925433 -5.245911651 0.490196 0.588235 0.372549
v -0.624321144 -0.642871808 -5.211393484 0.474510 0.627451 0.298039
v -0.761096391 -0.799565977 -5.260793918 0.537255 0.670588 0.435294
v -0.750852054 -0.782576244 -5.254757235 0.513725 0.639216 0.423529
v -0.685384132 -0.705857744 -5.230042916 0.466667 0.607843 0.305882
v -0.701507951 -0.721935054 -5.232726900 0.474510 0.623529 0.321569
v -0.705046662 -0.725856168 -5.233437202 0.478431 0.627451 0.329412
v -0.647123910 -0.673011629 -5.217763964 0.482353 0.643137 0.286275
v -0.696867587 -0.717439886 -5.230500948 0.478431 0.615686 0.305882
v -0.767680321 -0.825216553 -5.267420307 0.564706 0.694118 0.490196
v -0.688601489 -0.710898815 -5.228434606 0.501961 0.650980 0.313725
v -0.719104695 -0.739901742 -5.235913209 0.454902 0.615686 0.321569
v -0.740161278 -0.766750830 -5.244397734 0.509804 0.647059 0.392157
v -0.753275850 -0.787515771 -5.251065825 0.521569 0.639216 0.419608
v -0.674136271 -0.697224531 -5.222028288 0.478431 0.627451 0.298039
v -0.684239116 -0.707801483 -5.224416268 0.450980 0.600000 0.313725
v -0.665667120 -0.691695107 -5.219237281 0.509804 0.658824 0.298039
v -0.770251206 -0.835122301 -5.266960577 0.639216 0.658824 0.545098
v -0.646956431 -0.676470721 -5.213713663 0.482353 0.639216 0.286275
v -0.678070485 -0.703192332 -5.219648791 0.462745 0.592157 0.301961
v -0.734442183 -0.760075763 -5.236924615 0.525490 0.635294 0.400000
v -0.680872861 -0.707030545 -5.219487320 0.443137 0.580392 0.305882
v -0.664329853 -0.692988640 -5.215360094 0.470588 0.627451 0.278431
v -0.693139568 -0.719549603 -5.222032156 0.490196 0.643137 0.321569
v -0.726584345 -0.752264468 -5.231760626 0.529412 0.643137 0.384314
v -0.773549967 -0.840018107 -5.261592474 0.301961 0.298039 0.262745
v -0.624735523 -0.657370922 -5.202093141 0.537255 0.549020 0.345098
v -0.752634818 -0.790652726 -5.242706712 0.560784 0.698039 0.470588
v -0.742172884 -0.774688946 -5.236779008 0.541176 0.678431 0.427451
v -0.748811327 -0.785409760 -5.240071675 0.552941 0.686275 0.431373
v -0.674784405 -0.704001102 -5.213026030 0.462745 0.623529 0.286275
v -0.700813149 -0.729255064 -5.220262467 0.498039 0.643137 0.329412
v -0.650627197 -0.686056243 -5.207745052 0.521569 0.670588 0.317647
v -0.761784297 -0.810438155 -5.246811200 0.545098 0.686275 0.466667
v -0.772409815 -0.838723207 -5.255549674 0.380392 0.364706 0.337255
v -0.764447930 -0.818535274 -5.247545055 0.556863 0.690196 0.478431
v -0.755938124 -0.798921160 -5.239402672 0.568627 0.701961 0.454902
v -0.653391954 -0.689859041 -5.205537538 0.482353 0.619608 0.290196
v -0.735389861 -0.766578414 -5.227770866 0.525490 0.654902 0.411765
v -0.647619946 -0.685713189 -5.203877806 0.501961 0.650980 0.298039
v -0.718317915 -0.748131909 -5.220188966 0.490196 0.643137 0.325490
v -0.681026278 -0.714329300 -5.210317684 0.482353 0.611765 0.305882
v -0.748814080 -0.789540283 -5.230978436 0.545098 0.686275 0.427451
v -0.773108957 -0.837870414 -5.248175082 0.235294 0.290196 0.196078
v -0.742731010 -0.779892846 -5.226993998 0.533333 0.666667 0.403922
v -0.681978144 -0.717520255 -5.207774617 0.478431 0.611765 0.309804
v -0.745164650 -0.784068299 -5.227017232 0.541176 0.666667 0.411765
v -0.721076287 -0.752765542 -5.216330001 0.462745 0.619608 0.329412
v -0.676520295 -0.713017298 -5.204718541 0.490196 0.627451 0.313725
v -0.691608205 -0.727703405 -5.207919322 0.474510 0.627451 0.321569
v -0.673452115 -0.711146019 -5.202945752 0.501961 0.650980 0.305882
v -0.765405631 -0.824201807 -5.239214596 0.592157 0.717647 0.501961
v -0.657478141 -0.698992924 -5.198947718 0.478431 0.639216 0.294118
v -0.756941880 -0.805371662 -5.231047671 0.580392 0.701961 0.454902
v -0.736968906 -0.773258039 -5.219542890 0.501961 0.627451 0.368627
v -0.707427170 -0.741651225 -5.209516409 0.490196 0.627451 0.317647
v -0.722873855 -0.756766376 -5.213777576 0.478431 0.627451 0.329412
v -0.753574541 -0.799641706 -5.226945152 0.549020 0.686275 0.443137
v -0.688176119 -0.726992708 -5.203023374 0.482353 0.635294 0.325490
v -0.665519875 -0.708361738 -5.196993146 0.505882 0.654902 0.294118
v -0.749497537 -0.793804529 -5.221957057 0.529412 0.662745 0.419608
v -0.694341013 -0.733258297 -5.202833613 0.474510 0.631373 0.317647
v -0.701942122 -0.738826160 -5.203993905 0.478431 0.623529 0.321569
v -0.653621388 -0.701221216 -5.193023911 0.478431 0.635294 0.282353
v -0.731480606 -0.768852819 -5.211954183 0.560784 0.643137 0.431373
v -0.760896818 -0.817106450 -5.228656810 0.564706 0.698039 0.482353
v -0.643363274 -0.694918307 -5.189887845 0.486275 0.639216 0.278431
v -0.637320544 -0.691090878 -5.188774906 0.541176 0.670588 0.294118
v -0.763926498 -0.823972005 -5.229621075 0.596078 0.717647 0.509804
v -0.768017030 -0.833174740 -5.230882823 0.631373 0.690196 0.549020
v -0.704788595 -0.744277132 -5.200503039 0.482353 0.631373 0.333333
v -0.764682584 -0.827413787 -5.227589203 0.611765 0.725490 0.517647
v -0.646924664 -0.700470794 -5.187279892 0.478431 0.623529 0.298039
v -0.741308647 -0.783815012 -5.211173373 0.490196 0.627451 0.384314
v -0.772567675 -0.838507068 -5.230260024 0.427451 0.462745 0.337255
v -0.721150930 -0.760963338 -5.203067537 0.478431 0.623529 0.321569
v -0.697374762 -0.739293181 -5.196358129 0.466667 0.611765 0.321569
v -0.680268798 -0.725011731 -5.192097722 0.486275 0.623529 0.317647
v -0.751948633 -0.800442927 -5.215359698 0.521569 0.662745 0.427451
v -0.714941753 -0.756461998 -5.200385761 0.474510 0.619608 0.333333
v -0.755058641 -0.805582145 -5.215457872 0.541176 0.674510 0.431373
v -0.677437686 -0.722852792 -5.189794980 0.462745 0.600000 0.305882
v -0.652954558 -0.706860758 -5.185504543 0.513725 0.658824 0.294118
v -0.712001219 -0.754403109 -5.198136395 0.478431 0.631373 0.337255
v -0.699042334 -0.742587790 -5.193871307 0.482353 0.635294 0.333333
v -0.667444845 -0.716307310 -5.186524621 0.517647 0.666667 0.313725
v -0.767361226 -0.833844202 -5.222531102 0.611765 0.647059 0.505882
v -0.694242479 -0.739134383 -5.191311071 0.494118 0.639216 0.337255
v -0.722899062 -0.765835360 -5.198887152 0.525490 0.670588 0.349020
v -0.647391426 -0.705830047 -5.182087014 0.549020 0.654902 0.341176
v -0.658666227 -0.712714718 -5.183061740 0.509804 0.658824 0.301961
v -0.762903794 -0.824221799 -5.216907658 0.580392 0.705882 0.490196
v -0.736938684 -0.780725639 -5.201373366 0.509804 0.611765 0.380392
v -0.704911710 -0.750777591 -5.192175410 0.458824 0.611765 0.345098
v -0.715810250 -0.761382195 -5.194578537 0.474510 0.627451 0.333333
v -0.732864365 -0.776539018 -5.198863952 0.498039 0.580392 0.376471
v -0.649972292 -0.710626024 -5.177490138 0.552941 0.639216 0.337255
v -0.660092047 -0.716228480 -5.178215468 0.513725 0.662745 0.301961
v -0.758944264 -0.815727295 -5.208141671 0.552941 0.682353 0.462745
v -0.735980024 -0.781672927 -5.196480707 0.509804 0.603922 0.376471
v -0.677528630 -0.728555643 -5.178176112 0.501961 0.650980 0.321569
v -0.747168791 -0.800278214 -5.199563399 0.501961 0.647059 0.392157
v -0.766628428 -0.832035168 -5.210498920 0.607843 0.635294 0.486275
v -0.722917021 -0.770778941 -5.189786308 0.509804 0.654902 0.364706
v -0.674051443 -0.726232097 -5.176609122 0.490196 0.639216 0.301961
v -0.729792235 -0.777151170 -5.191307667 0.505882 0.631373 0.380392
v -0.699054422 -0.749188738 -5.183119253 0.458824 0.611765 0.345098
v -0.755964500 -0.812949016 -5.203019182 0.525490 0.662745 0.435294
v -0.705860349 -0.757277406 -5.183848968 0.482353 0.631373 0.349020
v -0.680278549 -0.733267836 -5.173909128 0.478431 0.639216 0.305882
v -0.760122065 -0.821191654 -5.201353648 0.568627 0.690196 0.470588
v -0.690443946 -0.742064634 -5.175852632 0.486275 0.627451 0.321569
v -0.719908477 -0.771332967 -5.183024057 0.494118 0.643137 0.352941
v -0.753222901 -0.812432048 -5.196124171 0.513725 0.650980 0.458824
v -0.715574991 -0.768210235 -5.178991732 0.466667 0.619608 0.349020
v -0.742564322 -0.797403244 -5.186574451 0.513725 0.627451 0.356863
v -0.685480307 -0.740415012 -5.169241675 0.513725 0.662745 0.329412
v -0.763227906 -0.828885472 -5.196907003 0.596078 0.698039 0.494118
v -0.691087997 -0.746435797 -5.169744121 0.470588 0.619608 0.321569
v -0.669756243 -0.730513401 -5.164291167 0.501961 0.623529 0.317647
v -0.722229735 -0.775611108 -5.176490805 0.458824 0.607843 0.352941
v -0.730290385 -0.784064857 -5.179073666 0.501961 0.635294 0.376471
v -0.738196431 -0.793556858 -5.181319315 0.525490 0.572549 0.372549
v -0.748023662 -0.807692711 -5.184671656 0.517647 0.658824 0.392157
v -0.718902919 -0.773149210 -5.173194315 0.478431 0.627451 0.364706
v -0.668592768 -0.732545854 -5.160741028 0.443137 0.556863 0.305882
v -0.680504500 -0.740501225 -5.162222645 0.490196 0.639216 0.321569
v -0.767605048 -0.835204363 -5.188932936 0.415686 0.392157 0.364706
v -0.744075471 -0.803318952 -5.177553654 0.517647 0.631373 0.392157
v -0.715454006 -0.771626889 -5.166654075 0.494118 0.639216 0.368627
v -0.764176910 -0.831182080 -5.185687670 0.545098 0.572549 0.458824
v -0.709638757 -0.766694640 -5.164187744 0.513725 0.658824 0.360784
v -0.702357556 -0.760764351 -5.162455503 0.498039 0.650980 0.352941
v -0.761043969 -0.827717914 -5.182295102 0.588235 0.670588 0.458824
v -0.706758731 -0.766305212 -5.159842618 0.501961 0.647059 0.368627
v -0.726284728 -0.784774440 -5.164957494 0.494118 0.647059 0.352941
v -0.742170606 -0.803621039 -5.170652849 0.505882 0.521569 0.333333
v -0.695111670 -0.755557007 -5.155333832 0.474510 0.627451 0.337255
v -0.751067889 -0.815371090 -5.173230414 0.513725 0.650980 0.400000
v -0.701751846 -0.763041028 -5.155732880 0.501961 0.650980 0.372549
v -0.719319030 -0.778484892 -5.159348191 0.462745 0.607843 0.352941
v -0.728705134 -0.788961019 -5.162506820 0.521569 0.666667 0.364706
v -0.690108803 -0.754014001 -5.149982515 0.454902 0.600000 0.352941
v -0.721252871 -0.784911909 -5.153834756 0.494118 0.639216 0.352941
v -0.761367388 -0.829901182 -5.167253894 0.552941 0.580392 0.458824
v -0.732761359 -0.797297164 -5.156759321 0.525490 0.666667 0.392157
v -0.702333332 -0.767398498 -5.147589845 0.505882 0.654902 0.384314
v -0.715382454 -0.780785287 -5.146852061 0.509804 0.658824 0.400000
v -0.742009020 -0.809554773 -5.154202787 0.513725 0.631373 0.388235
v -0.747672737 -0.815452572 -5.155917220 0.525490 0.658824 0.384314
v -0.760746078 -0.829643228 -5.159299095 0.552941 0.592157 0.478431
v -0.698956179 -0.768360418 -5.139772159 0.509804 0.627451 0.380392
v -0.695277016 -0.763670796 -5.137065892 0.564706 0.588235 0.439216
v -0.718651167 -0.786605349 -5.142736540 0.474510 0.619608 0.352941
v -0.761261918 -0.830824620 -5.152428927 0.556863 0.596078 0.494118
v -0.699570507 -0.770964084 -5.133679588 0.596078 0.615686 0.490196
v -0.734209952 -0.804994907 -5.143222937 0.498039 0.647059 0.356863
v -0.729391796 -0.799835280 -5.141086510 0.486275 0.631373 0.356863
v -0.717286744 -0.790474547 -5.134327017 0.525490 0.654902 0.376471
v -0.710021933 -0.784528313 -5.131759737 0.505882 0.639216 0.376471
v -0.741302797 -0.812750310 -5.139263543 0.494118 0.615686 0.380392
v -0.753346974 -0.824646734 -5.142747164 0.525490 0.654902 0.431373
v -0.748338915 -0.819802494 -5.140704827 0.521569 0.643137 0.415686
v -0.742571170 -0.814754993 -5.136150261 0.470588 0.600000 0.388235
v -0.758970760 -0.830651940 -5.138282414 0.552941 0.662745 0.466667
v -0.753523223 -0.826139615 -5.136047063 0.537255 0.666667 0.458824
v -0.708945657 -0.787308003 -5.124859066 0.619608 0.658824 0.470588
v -0.741556500 -0.815754498 -5.130458812 0.509804 0.647059 0.376471
v -0.736460215 -0.811817881 -5.129286072 0.501961 0.647059 0.376471
v -0.735326676 -0.813821086 -5.122413604 0.521569 0.654902 0.360784
v -0.744012931 -0.820734141 -5.123856876 0.490196 0.627451 0.376471
v -0.748787539 -0.825934529 -5.125189679 0.525490 0.650980 0.423529
v -0.769025453 -0.838581291 -5.124577305 0.376471 0.388235 0.356863
v -0.724039393 -0.804397844 -5.114419191 0.615686 0.635294 0.505882
v -0.747941998 -0.827605414 -5.119412565 0.529412 0.650980 0.415686
v -0.750604333 -0.830744708 -5.118494902 0.552941 0.647059 0.427451
v -0.765065143 -0.841045105 -5.118703833 0.580392 0.615686 0.529412
v -0.730147921 -0.809819088 -5.108885916 0.419608 0.411765 0.341176
v -0.742672276 -0.823755535 -5.112128544 0.501961 0.643137 0.376471
v -0.754394401 -0.836843309 -5.110400172 0.549020 0.666667 0.431373
v -0.736074899 -0.816303215 -5.102202060 0.219608 0.239216 0.180392
v -0.750519473 -0.835781283 -5.103658652 0.525490 0.658824 0.380392
v -0.760033060 -0.842694130 -5.105102217 0.564706 0.690196 0.490196
v -0.741576759 -0.824001947 -5.099038446 0.435294 0.447059 0.368627
v -0.757260183 -0.841379673 -5.102355167 0.568627 0.686275 0.423529
v -0.766512563 -0.856465424 -5.105990875 0.247059 0.286275 0.137255
v -0.766684449 -0.850026248 -5.099710736 0.619608 0.698039 0.517647
v -0.750198939 -0.836972257 -5.095965853 0.607843 0.686275 0.486275
v -0.770160681 -0.854004486 -5.094665910 0.643137 0.666667 0.564706
v -0.767516184 -0.851745847 -5.092681408 0.627451 0.698039 0.486275
v -0.753499290 -0.841110374 -5.088529537 0.690196 0.784314 0.670588
v -0.764553694 -0.849022617 -5.084656015 0.631373 0.670588 0.490196
v -0.762094618 -0.846524417 -5.082166032 0.556863 0.556863 0.439216
vn -0.539759449 0.833251376 -0.119799339
vn -0.541741761 0.834179405 -0.103250104
vn -0.497384540 0.865937468 -0.052544463
vn -0.520341724 0.852485490 -0.050129632
vn -0.539226486 0.831345243 -0.134535809
vn -0.551752445 0.828278282 -0.097592662
vn -0.569940748 0.817483189 -0.082998672
vn -0.566578640 0.815131583 -0.120619848
vn -0.508985178 0.857626606 -0.073557416
vn -0.521603365 0.848391741 -0.090340381
vn -0.542713127 0.831834640 -0.116247977
vn -0.481476640 0.827109790 0.289947651
vn -0.612516196 0.789070951 -0.046807518
vn -0.550136937 0.834564083 -0.029191450
vn -0.575549759 0.816778836 -0.040184663
vn -0.480223528 0.875739544 -0.049654948
vn -0.529061805 0.848064897 -0.029656985
vn -0.292017657 0.928968351 0.227471955
vn -0.564878581 0.823185528 -0.057251854
vn -0.503843369 0.860152712 -0.079241225
vn -0.529488712 0.847021853 -0.046858125
vn -0.494794184 0.868850287 0.016670144
vn -0.581456972 0.813128710 0.027009094
vn -0.618236765 0.785977186 0.004812998
vn -0.415383047 0.909177842 0.029198914
vn -0.531473216 0.846899698 -0.017237225
vn -0.606835268 0.794681157 -0.015258308
vn -0.490369922 0.870198043 0.047882200
vn -0.550347794 0.832658051 0.061626902
vn -0.523588991 0.840364235 0.140151778
vn -0.546269343 0.809296623 0.215936986
vn -0.571403958 0.820331945 -0.023516299
vn -0.411543745 0.911384303 -0.003224595
vn -0.497814887 0.863931433 -0.076176227
vn -0.479250339 0.873978151 -0.080506547
vn -0.521686252 0.853113566 0.006379518
vn -0.429715178 0.895744619 0.113958074
vn -0.540925236 0.840450567 -0.032291383
vn -0.508365581 0.860846230 -0.022543377
vn -0.399312483 0.916418056 -0.026971990
vn -0.479761475 0.877201962 -0.018591557
vn -0.477930876 0.877214882 -0.045564549
vn -0.575959408 0.817297289 0.017201799
vn -0.575752214 0.816233741 0.047664118
vn -0.583405297 0.796830543 0.157160252
vn -0.586984749 0.809361257 0.019576999
vn -0.555167381 0.829729901 0.057770836
vn -0.512915753 0.858211496 0.019759993
vn -0.488353359 0.862550902 0.132351574
vn -0.527122578 0.848428836 0.048065554
vn -0.602723816 0.791519906 0.101095203
vn -0.519865855 0.853323280 0.039735020
vn -0.556962339 0.824678874 0.098476941
vn -0.519087672 0.850097927 0.088777831
vn -0.501582067 0.858166493 0.109387844
vn -0.584539933 0.806983316 0.084208036
vn -0.490032449 0.867551470 0.084986147
vn -0.557278115 0.819727840 0.132239822
vn -0.406724066 0.911508935 -0.061049123
vn -0.399521981 0.916439237 -0.022832225
vn -0.575791402 0.810679806 0.106124989
vn -0.344910544 0.929351476 -0.131691115
vn -0.553505142 0.818358536 0.154665330
vn -0.528887730 0.836996379 0.140409512
vn -0.278485457 0.939043268 -0.201602555
vn -0.559332928 0.808191839 0.184316647
vn -0.457760086 0.888006391 -0.043593052
vn -0.496433079 0.861131718 0.109573547
vn -0.578234939 0.785337971 0.221107726
vn -0.581832490 0.788411118 0.199696925
vn -0.408996296 0.904672662 -0.119538299
vn -0.394005090 0.907800105 -0.143732243
vn -0.539646858 0.841868490 -0.006221983
vn -0.930936107 0.084880382 0.355180637
vn -0.598372640 0.797330377 0.078831805
vn -0.573190894 0.809649904 0.126171438
vn -0.509788727 0.850093759 0.132121364
vn -0.408037675 0.912202225 -0.037314298
vn -0.517169350 0.846516013 0.126279464
vn -0.581864441 0.783026737 0.219779212
vn -0.422478211 0.904870686 0.052165154
vn -0.364447722 0.896414159 0.252229090
vn -0.571043767 0.802127016 0.174646117
vn -0.534605621 0.824041186 0.187491208
vn -0.847548978 0.492019780 0.198940360
vn -0.599328437 0.783361550 0.164772895
vn -0.495994991 0.868301133 -0.006489338
vn -0.556364788 0.814897144 0.162483434
vn -0.566217728 0.811493574 0.144484130
vn -0.445266992 0.894777204 -0.033332577
vn -0.471491536 0.880973285 -0.039771889
vn -0.326571090 0.928532489 -0.176575028
vn -0.390480979 0.907355129 0.155663978
vn -0.556415428 0.811448663 0.178753850
vn -0.241170558 0.962095573 -0.127314058
vn -0.552490779 0.809099606 0.200279222
vn -0.583415843 0.798524712 0.148270827
vn -0.542685809 0.822861119 0.168498345
vn -0.597857014 0.778331391 0.191747849
vn -0.924860010 -0.064935226 0.374723070
vn -0.535322791 0.834794508 0.128637627
vn -0.553164927 0.822310026 0.133472035
vn -0.529522953 0.829249921 0.178745660
vn -0.487754417 0.869685443 0.075781656
vn -0.555084831 0.809860938 0.189752710
vn -0.546364886 0.821315576 0.164091852
vn -0.546559854 0.825249099 0.142254174
vn -0.605823827 0.793479310 0.058035119
vn -0.750415779 0.460429913 0.474215620
vn -0.190923864 0.979898849 -0.057847429
vn -0.461093531 0.869878653 0.175225242
vn -0.375990324 0.919418172 -0.115332136
vn -0.388742766 0.889604005 0.239757745
vn -0.574527687 0.790650919 0.211634265
vn -0.555590599 0.809339545 0.190495638
vn -0.555025472 0.793178786 0.250627492
vn -0.506410002 0.847037178 0.161483523
vn -0.572279169 0.780033684 0.253069168
vn -0.246417558 0.960956378 -0.125861934
vn -0.385132874 0.906593471 0.172513616
vn -0.589680404 0.780896577 0.206100843
vn -0.542131946 0.828328207 0.141298742
vn -0.531834947 0.827107129 0.181783899
vn -0.546310630 0.807447892 0.222649045
vn -0.436156155 0.882207011 0.177422089
vn -0.468606201 0.883296184 -0.014002851
vn -0.493025754 0.851870258 0.176755960
vn -0.413298860 0.880420333 0.232473845
vn -0.527360201 0.847934691 0.053832877
vn -0.557091013 0.796172271 0.236134108
vn -0.575141026 0.785439096 0.228688056
vn -0.929445849 0.128693750 0.345786541
vn -0.303758263 0.905410128 -0.296586274
vn -0.580340705 0.780050454 0.233935793
vn -0.549517706 0.801534576 0.235738446
vn -0.518161978 0.834152334 0.188939269
vn -0.953412666 -0.206991562 -0.219451090
vn -0.598321921 0.792196212 0.120150075
vn -0.973105707 -0.071955837 -0.218832447
vn -0.075659950 0.662752401 0.745006595
vn -0.371071970 0.874867858 0.311306639
vn -0.383643981 0.720312496 -0.577898956
vn -0.426263577 0.904458107 -0.015965458
vn -0.529050791 0.505358205 -0.681702534
vn -0.501751892 0.838667031 0.211855256
vn -0.624153253 0.771963119 0.120439444
vn -0.520591876 0.833569346 0.184787024
vn -0.737599153 0.338563032 -0.584228177
vn -0.611700987 0.770047600 0.181241817
vn -0.407595440 0.632017068 -0.659105745
vn -0.925745907 -0.344092091 -0.156828407
vn -0.430925412 0.862402620 0.265640754
vn -0.465414806 0.865879676 0.183416043
vn -0.518449630 0.636925216 -0.570557842
vn -0.453581495 0.761220969 0.463472183
vn -0.434041324 0.831841131 0.345902388
vn -0.375630576 0.877148099 0.299187038
vn -0.914540952 -0.346566571 -0.208582021
vn -0.600590164 0.784936649 0.152203521
vn -0.573316900 0.785767397 0.232114908
vn -0.546832087 0.802724405 0.237924775
vn -0.504957645 0.849036982 0.155415508
vn -0.472274557 0.878227774 0.075317458
vn -0.767780239 0.005289169 0.640691446
vn 0.305642711 0.877874888 0.368670876
vn -0.486745446 0.846752365 0.214684193
vn -0.540154474 0.749080836 0.383550577
vn -0.523664067 0.848302370 0.078479511
vn -0.062701901 0.885259527 -0.460851431
vn -0.520212347 0.831394108 -0.195353401
vn -0.881630802 -0.404736509 -0.242725128
vn -0.595121323 0.775926897 0.209208177
vn -0.012144570 0.999318061 -0.034870069
vn -0.502959346 0.800666258 0.325523332
vn -0.428617170 0.868142036 0.250233346
vn -0.137602004 0.949537669 0.281857949
vn -0.736497816 0.674484526 -0.051396419
vn -0.516111134 0.830551184 0.209318007
vn -0.893639439 0.278444206 -0.351962180
vn -0.603582549 0.780414057 0.163223792
vn -0.480922643 0.847807753 0.223462359
vn -0.931991360 -0.361355603 -0.028534756
vn -0.579637757 0.784187047 0.221519178
vn -0.695959686 0.691925218 -0.192040643
vn -0.570172267 0.816876949 -0.087267611
vn -0.473250889 0.792673350 0.384320903
vn -0.621725069 0.747656792 0.233382218
vn -0.538951284 0.463064268 0.703635558
vn -0.702531227 0.711006740 -0.030319804
vn -0.924981058 -0.342442464 0.164751938
vn -0.750382750 0.660097041 0.034606732
vn -0.625313204 0.753294503 0.203791044
vn 0.126058773 0.593200066 0.795124435
vn -0.483997520 0.842530992 0.236406279
vn -0.557936942 0.792599061 0.245953444
vn -0.592091846 0.785951428 0.178066278
vn -0.592854217 0.774858483 0.219358633
vn -0.428661012 0.632378594 0.645249603
vn -0.611106305 0.233399419 0.756355601
vn -0.637691440 0.734810534 0.231091122
vn -0.268199878 0.914365508 0.303322508
vn -0.928639048 0.162936485 0.333288494
vn -0.500537388 0.843689380 0.194037505
vn -0.505916963 0.835213710 0.215559934
vn -0.504396341 0.554409240 0.661977889
vn -0.714843137 0.699278672 -0.002937449
vn -0.692414978 0.721236804 0.019467191
vn -0.652352929 0.746006380 -0.133828759
vn -0.838633340 0.481365152 -0.254915105
vn -0.035029267 0.870998441 0.490035372
vn -0.127028372 0.726901315 0.674891303
vn -0.635343870 0.747848309 -0.192512529
vn -0.491005209 0.832794847 0.255668981
vn -0.527044010 0.763527134 0.373163406
vn -0.540884568 0.841086763 -0.004116008
vn -0.456101413 0.680728930 0.573218653
vn -0.636148826 0.731167088 0.246392697
vn -0.683493376 0.692081979 -0.232076149
vn -0.551497406 0.794915338 0.252903571
vn -0.645551401 0.759123921 -0.083631700
vn -0.860404084 0.508707760 0.030351715
vn -0.594006291 0.762403803 0.256704045
vn -0.334417863 0.776742602 0.533699937
vn -0.525198284 0.822213687 0.219388731
vn -0.612119807 0.741636832 0.274379577
vn -0.721615325 0.632379337 -0.281722730
vn -0.509849644 0.831080762 0.222166845
vn -0.632213794 0.759513840 -0.153115792
vn -0.576667056 0.782419572 0.235105764
vn -0.555620506 0.829798249 -0.052160510
vn -0.592538083 0.766092547 0.248999659
vn -0.589661193 0.607466873 0.532244001
vn -0.545104564 0.826744674 0.139119584
vn -0.621239412 0.754233187 0.212588553
vn -0.687669293 0.686590498 -0.236017863
vn -0.508345864 0.459925113 0.728047645
vn -0.508999341 0.834490473 0.211057627
vn -0.526876764 0.799660365 0.288000304
vn -0.487645727 0.843461256 0.225332542
vn -0.592126729 0.758468110 0.272235307
vn -0.751480173 0.639317117 0.162945310
vn -0.496277171 0.863622871 0.088682045
vn -0.578390079 0.759115227 0.298678737
vn -0.369311205 0.862973942 0.344797344
vn -0.537767601 0.745572677 -0.393608169
vn -0.508865804 0.826230365 0.241658803
vn -0.607677738 0.284677868 0.741408307
vn -0.643149255 0.718663072 0.264352841
vn -0.594831993 0.681582733 -0.426168837
vn -0.538438549 0.747379174 0.389240670
vn -0.550355231 0.471287038 0.689200731
vn -0.509380747 0.826258482 0.240474896
vn -0.618138073 0.727866901 0.296841872
vn -0.593125282 0.803654397 0.048394313
vn -0.655794872 0.754639788 -0.021257368
vn -0.510729234 0.825073183 0.241681385
vn -0.537684457 0.799257154 0.268483570
vn -0.530404061 0.787503864 0.313861749
vn -0.475815580 0.816979978 0.325796332
vn -0.602387513 0.792206500 -0.097663428
vn -0.684849284 0.715541182 -0.137776178
vn -0.608041248 0.793835528 -0.010535429
vn -0.569051519 0.765525251 0.300252326
vn -0.519702825 0.814893261 0.256628032
vn -0.607941289 0.773481654 0.179258252
vn -0.669752241 0.738376612 -0.078942476
vn -0.602118227 0.798251564 -0.015750596
vn -0.571491406 0.762859568 0.302395192
vn -0.626160793 0.230009336 0.744995548
vn -0.535767278 0.796480988 0.280306013
vn -0.707940680 0.691325444 -0.144530701
vn -0.617842470 0.785079633 -0.043825252
vn -0.609317352 0.792786854 -0.014878488
vn -0.680911243 0.731426166 -0.037089673
vn -0.521687702 0.785352231 0.333262382
vn -0.601969345 0.783901216 0.152091395
vn -0.588340906 0.801408206 -0.107702671
vn -0.568787383 0.742926428 0.352904002
vn -0.631281593 0.707803095 0.317014714
vn -0.572117576 0.734309003 0.365337881
vn -0.645280948 0.741959344 0.181958321
vn -0.528714304 0.683723286 0.502974804
vn -0.531610084 0.739168263 0.413546849
vn -0.494431217 0.816155979 0.299043793
vn -0.591331443 0.604671592 0.533572291
vn -0.678381840 0.665460478 0.311384700
vn -0.551009616 0.772618730 0.315354882
vn -0.671073218 0.741170865 -0.018068897
vn -0.567324096 0.744957743 0.350971981
vn -0.541889933 0.750725553 0.377844471
vn -0.545297780 0.765411304 0.341754102
vn -0.698897223 0.401316736 0.592019890
vn -0.590492183 0.807043026 0.000732638
vn -0.527839881 0.810325640 0.254474787
vn -0.611855178 0.762199360 0.211389162
vn -0.589164189 0.808002315 0.004221041
vn -0.650788655 0.668286556 0.360370927
vn -0.664463383 0.686386243 0.295571207
vn -0.576863404 0.816694884 -0.015429833
vn -0.664512745 0.743723791 0.072785540
vn -0.702265515 0.522727404 0.483300329
vn -0.662233351 0.700429404 0.266168442
vn -0.547464905 0.761134427 0.347788100
vn -0.624185000 0.777134551 -0.080342863
vn -0.675834168 0.737009580 0.008065796
vn -0.708523076 0.704125314 -0.046931794
vn -0.480149737 0.783696772 0.394050251
vn -0.607707625 0.794139850 0.005774115
vn -0.523000067 0.780424634 0.342648975
vn -0.615665184 0.703054647 0.355908056
vn -0.557046366 0.742297859 0.372415406
vn -0.532971701 0.838309618 -0.114796123
vn -0.625197930 0.749811132 0.216589045
vn -0.534099892 0.677980249 0.505054538
vn -0.550942858 0.628664738 0.548855732
vn -0.556651306 0.736934325 0.383493318
vn -0.748208420 0.293803829 0.594864246
vn -0.506647321 0.770247525 0.387333503
vn -0.608427163 0.793609239 0.000873471
vn -0.715114127 0.698376348 0.029702893
vn -0.636801002 0.727827058 0.254464649
vn -0.679218195 0.632912369 0.371597331
vn -0.596493408 0.802606411 -0.004308493
vn -0.568990516 0.732516227 0.373724190
vn -0.527770262 0.775447656 0.346611430
vn -0.521837820 0.769575888 0.368019351
vn -0.676214830 0.581532371 0.452276027
vn -0.507668330 0.852117020 -0.127159159
vn -0.607690917 0.697315497 0.380082685
vn -0.508118824 0.801624125 -0.314982575
vn -0.443712241 0.829089835 -0.340190377
vn -0.737409867 0.532829044 0.415114319
vn -0.604338191 0.796665236 0.009992620
vn -0.682862399 0.633716475 0.363458901
vn -0.609170322 0.792451447 0.030532328
vn -0.529407950 0.768919534 0.358454980
vn -0.827083274 0.414815687 0.379290396
vn -0.527100738 0.824264133 -0.206769076
vn -0.695098371 0.712584003 0.095196076
vn -0.592957858 0.705714250 0.387773615
vn -0.595593970 0.694007199 0.404501954
vn -0.606658125 0.692341813 0.390677275
vn -0.628478905 0.777537362 0.021211260
vn -0.713441643 0.598302990 0.364739022
vn -0.662060327 0.658043274 0.358685339
vn -0.582154961 0.723186962 0.371612997
vn -0.497250693 0.779183154 -0.381595809
vn -0.678545860 0.632764945 0.373073773
vn -0.592258206 0.805479222 0.020819236
vn -0.664048935 0.654512917 0.361457956
vn -0.600068724 0.712903146 0.362886526
vn -0.565247014 0.770992153 -0.293371631
vn -0.666094822 0.743561140 -0.058604772
vn -0.766526495 0.574714464 0.286601496
vn -0.542288353 0.738017657 0.401563545
vn -0.678235567 0.671503419 0.298462182
vn -0.587223021 0.755063815 0.291629489
vn -0.523801275 0.834397866 -0.171500513
vn -0.592082083 0.717455576 0.367009949
vn -0.687563651 0.711556199 0.144720422
vn -0.651767223 0.669185301 0.356918086
vn -0.620739266 0.776705795 0.106821685
vn -0.619457084 0.782347508 0.064848270
vn -0.611559273 0.780364082 -0.130488142
vn -0.754296379 0.610658343 0.241108607
vn -0.511248475 0.765339705 0.390998892
vn -0.638065974 0.769777104 0.017748887
vn -0.669014492 0.652575319 0.355759838
vn -0.526224950 0.689988973 -0.496993480
vn -0.540622455 0.749604161 0.381865112
vn -0.549770962 0.714400549 0.432878441
vn -0.618332902 0.739773386 -0.265329530
vn -0.682390226 0.639981279 0.353224492
vn -0.583908908 0.720496907 0.374078326
vn -0.573077558 0.756016885 0.316260309
vn -0.864213499 0.398886389 0.306634435
vn -0.636515838 0.654051649 0.408734667
vn -0.588566581 0.705507178 0.394777153
vn -0.593783828 0.622531243 -0.509779970
vn -0.585539263 0.801895241 -0.118776235
vn -0.680159351 0.720157934 0.136951845
vn -0.642262294 0.763066814 0.072306179
vn -0.539887726 0.755144370 -0.371857802
vn -0.649556025 0.674109219 0.351644324
vn -0.515450732 0.767153234 0.381819929
vn -0.598903790 0.671887826 0.435753370
vn -0.639296634 0.675811133 -0.366850277
vn -0.696719961 0.630275903 0.342539899
vn -0.489213872 0.770091102 0.409425796
vn -0.692478362 0.719340334 -0.054983651
vn -0.788478915 0.538339786 0.297474831
vn -0.845569025 0.519702094 0.122158738
vn -0.471622291 0.783147353 0.405280936
vn -0.618505058 0.661712161 0.423778846
vn -0.574095589 0.741181772 0.347942287
vn -0.594471107 0.662457777 -0.455800171
vn -0.531308656 0.748172119 0.397428727
vn -0.648066137 0.643277709 0.407681337
vn -0.503369981 0.771297751 0.389510515
vn -0.617659444 0.757916106 0.209904709
vn -0.640144666 0.744892741 -0.188014923
vn -0.698485754 0.644201087 -0.311645008
vn -0.702896083 0.677730250 0.215913883
vn -0.828716716 0.543088406 0.135216819
vn -0.676366012 0.658510103 -0.329990095
vn -0.647269270 0.657089400 0.386362540
vn -0.616362314 0.702370708 0.356051802
vn -0.656556313 0.658438821 0.367956693
vn -0.673680764 0.631152614 0.384448443
vn -0.603738500 0.672678551 0.427788955
vn -0.657183074 0.665815995 -0.353269682
vn -0.641026328 0.679977979 -0.355970778
vn -0.598912122 0.710069069 0.370278527
vn -0.830721049 0.550324675 0.083936234
vn -0.665211192 0.656018998 0.356557351
vn -0.717507170 0.665641393 0.205195023
vn -0.588165090 0.750650664 0.300974099
vn -0.678931060 0.656937198 0.327850779
vn -0.676194890 0.652646544 0.341779111
vn -0.624335632 0.722882687 0.296050062
vn -0.497406198 0.760624711 0.417177567
vn -0.795450688 0.604068550 0.048573557
vn -0.568158122 0.779551166 0.263621563
vn -0.651897066 0.755225438 -0.068298997
vn -0.619290715 0.766882973 0.168432528
vn -0.541376670 0.760625870 0.358273063
vn -0.661890644 0.671785951 -0.332572414
vn -0.660314695 0.683105689 -0.312011413
vn -0.724547870 0.661938888 0.192008575
vn -0.609103755 0.768949320 0.194189492
vn -0.657494795 0.747518176 -0.094430779
vn -0.639288520 0.685686643 0.348057490
vn -0.665190027 0.647820919 0.371281948
vn -0.658998088 0.659424033 0.361775434
vn -0.602495904 0.678325539 0.420562895
vn -0.684966085 0.695325036 0.217588043
vn -0.496230984 0.772049373 0.397107765
vn -0.744167517 0.637779938 0.198623909
vn -0.706586205 0.666433552 -0.237912286
vn -0.671792116 0.681351707 -0.290611775
vn -0.621312817 0.669921888 -0.406417332
vn -0.532488627 0.780462463 0.327618995
vn -0.691881949 0.673177860 0.261019036
vn -0.657432786 0.649191026 0.382535154
vn -0.591627734 0.733510402 0.334573035
vn -0.577016240 0.758469215 0.302946710
vn -0.673188395 0.677907547 -0.295395908
vn -0.559701055 0.749787488 0.352921312
vn -0.704921227 0.701520763 -0.104664619
vn -0.766448869 0.611798868 0.195597233
vn -0.670490424 0.686517623 0.281311473
vn -0.673202681 0.739293508 0.015596742
vn -0.521680785 0.762467313 0.382743720
vn -0.614049562 0.681702650 0.397774600
vn -0.801879345 0.597022955 0.023518239
vn -0.736179444 0.607726628 -0.297839169
vn -0.658847411 0.736213873 0.154626069
vn -0.726880252 0.685398893 -0.043283435
vn -0.758400717 0.635166759 -0.146258470
vn -0.780011345 0.591532231 0.204137016
vn -0.658406762 0.742216913 -0.124958354
vn -0.810052564 0.576524674 0.106930557
vn -0.683689266 0.655978524 0.319782995
vn -0.718919234 0.676759887 0.158591269
vn -0.550388024 0.740828623 0.385027237
vn -0.739881351 0.656869502 -0.145251657
vn -0.722026302 0.589814742 0.361658110
vn -0.724576980 0.689175037 -0.005095906
vn -0.726474636 0.683561575 -0.070556195
vn -0.633652517 0.695553310 0.338659239
vn -0.743359667 0.654004745 -0.140336022
vn -0.702194448 0.681557951 -0.205916771
vn -0.648737017 0.710791484 0.271874511
vn -0.459052503 0.775718126 0.433049867
vn -0.512699148 0.759019316 0.401284513
vn -0.615897808 0.727938584 0.301289410
vn -0.643017421 0.700670340 0.309175792
vn -0.522874876 0.775537228 0.353756799
vn -0.640645100 0.678311856 0.359815067
vn -0.766562362 0.620900740 -0.163903681
vn -0.728880788 0.684576038 0.009404561
vn -0.577614684 0.748310353 0.326179233
vn -0.774501524 0.607402552 -0.176662189
vn -0.750031700 0.610349154 0.254806516
vn -0.736033121 0.577015367 0.353989422
vn -0.717810451 0.409538388 0.563051032
vn -0.689547215 0.664841731 0.287245734
vn -0.723905303 0.682506456 0.100727600
vn -0.660899971 0.654310138 0.367545197
vn -0.660595295 0.654711441 0.367378259
vn -0.477894351 0.775126379 0.413274830
vn -0.514113825 0.778201839 0.360678350
vn -0.502264191 0.759812387 0.412814510
vn -0.556453376 0.759079026 0.337873752
vn -0.781332354 0.540544787 -0.311979305
vn -0.552226064 0.750483752 0.363070947
vn -0.530658178 0.739593082 0.414009626
vn -0.773295561 0.632272495 -0.047386354
vn -0.662828464 0.747890641 -0.036304487
vn -0.674036740 0.705492047 0.218987317
vn -0.531142715 0.753560202 0.387342793
vn -0.556719080 0.718418096 0.417060315
vn -0.695195620 0.695513441 0.181560194
vn -0.785557616 0.618270102 -0.025324147
vn -0.605049643 0.717578322 0.344958375
vn -0.685640148 0.581709226 0.437620799
vn -0.725545443 0.590710382 0.353051066
vn -0.685490706 0.635705961 0.354937211
vn -0.764482086 0.644200033 -0.023946965
vn -0.768954395 0.639089017 0.016564018
vn -0.630742699 0.773089674 -0.067052248
vn -0.664615040 0.664962033 -0.340752613
vn -0.658572902 0.644694533 0.388137466
vn -0.521747401 0.755402439 0.396417462
vn -0.761497648 0.618357016 0.194308862
vn -0.663840052 0.658699552 0.354162795
vn -0.458723665 0.786790433 0.412956914
vn -0.536124811 0.743386216 0.399933896
vn -0.512977691 0.761918695 0.395390681
vn -0.792045673 0.609390864 0.036144524
vn -0.627360526 0.709711213 0.320513282
vn -0.859882059 0.484484043 -0.160866582
vn -0.630403213 0.697730659 0.340240676
vn -0.610541373 0.722320384 0.324796081
vn -0.768186750 0.612788499 -0.185416756
vn -0.779576951 0.620838166 0.082581781
vn -0.795792275 0.605244404 0.019846072
vn -0.779579843 0.537583135 0.321340384
vn -0.493431801 0.756866693 0.428576560
vn -0.636764674 0.769917133 0.041932789
vn -0.738712134 0.568888894 0.361482793
vn -0.621937363 0.685006971 0.379419777
vn -0.779279288 0.606022569 0.159563269
vn -0.726354052 0.639150030 0.252778620
vn -0.789567760 0.609541486 0.071006545
vn -0.645426297 0.685352698 0.337218880
vn -0.648521585 0.691218912 0.318804282
vn -0.587354500 0.727755289 0.354100170
vn -0.787473521 0.507683758 0.349489135
vn -0.847959980 0.501583695 -0.171399153
vn -0.641729369 0.669488163 0.374124333
vn -0.628521501 0.694759373 0.349671469
vn -0.675326744 0.676045485 0.294781769
vn -0.530613270 0.736886918 0.418864212
vn -0.594727413 0.683970643 0.422473034
vn -0.477428857 0.764024144 0.433968656
vn -0.870647364 0.489562550 -0.047975802
vn -0.770694526 0.513760387 0.376935289
vn -0.516230480 0.740847449 0.429710541
vn -0.645908794 0.746584348 0.159416567
vn -0.744206004 0.573408365 0.342578853
vn -0.625447652 0.779958725 0.021900280
vn -0.795374292 0.576065329 0.188489980
vn -0.616837312 0.710079652 0.339556503
vn -0.718945297 0.609595111 0.333933319
vn -0.759015889 0.612937212 0.219551483
vn -0.808325241 0.583434327 0.078833307
vn -0.796628586 0.581119126 0.166383464
vn -0.626197881 0.685331391 0.371748702
vn -0.702591859 0.645599878 0.299274920
vn -0.549258408 0.754913283 0.358358950
vn -0.870296929 0.491863337 0.025567814
vn -0.602645536 0.722950495 0.337877108
vn -0.617104271 0.700646871 0.358156781
vn -0.792801432 0.602762861 0.090237588
vn -0.589448301 0.685544361 0.427293377
vn -0.820617638 0.554712101 0.137408793
vn -0.766267872 0.538764738 0.350094423
vn -0.638722633 0.698059548 0.323645277
vn -0.560952936 0.739787544 0.371545682
vn -0.778256619 0.597892433 0.191940808
vn -0.509435725 0.731955644 0.452455719
vn -0.522896265 0.721481598 0.453920477
vn -0.557226534 0.703271246 0.441484025
vn -0.600478392 0.695469382 0.394649261
vn -0.562984658 0.824506725 0.056894077
vn -0.641562079 0.685666941 0.343887983
vn -0.511681189 0.752261432 0.415072402
vn -0.773194998 0.561689823 0.294404548
vn -0.900528511 0.419094862 -0.115792472
vn -0.656843437 0.697919318 0.285421312
vn -0.805172543 0.564772691 0.180911534
vn -0.594081587 0.714940015 0.368683935
vn -0.589302557 0.797520099 0.129167289
vn -0.500793172 0.739724627 0.449459314
vn -0.638734536 0.706444160 0.304884965
vn -0.639335333 0.680407943 0.358183420
vn -0.538793047 0.704250081 0.462313612
vn -0.541282975 0.802839314 0.249923541
vn -0.798257505 0.585955626 0.139430844
vn -0.547409439 0.793005222 0.267367958
vn -0.745522694 0.608978865 0.270814797
vn -0.556751296 0.742334353 0.372783721
vn -0.545740554 0.735741582 0.401063053
vn -0.748629945 0.603820184 0.273777996
vn -0.633291160 0.712713769 0.301631215
vn -0.768766667 0.604207327 0.209597991
vn -0.558051096 0.742536947 0.370429287
vn -0.666744864 0.681027554 0.302742063
vn -0.589428118 0.687605077 0.423997349
vn -0.636513606 0.703750399 0.315572187
vn -0.590235923 0.750359015 0.297628802
vn -0.866231581 0.483658992 -0.125366772
vn -0.890729404 0.454500079 -0.005550439
vn -0.542656625 0.828501049 0.138238194
vn -0.568915260 0.737205984 0.364503449
vn -0.740083113 0.597406053 0.308841373
vn -0.634839692 0.698181958 0.330938846
vn -0.807750760 0.554239918 0.200890076
vn -0.648347578 0.700599518 0.298002909
vn -0.563579694 0.736191172 0.374700529
vn -0.636574074 0.702646527 0.317901409
vn -0.831598151 0.531561785 0.160893079
vn -0.655654131 0.689932205 0.306775509
vn -0.781673071 0.599428881 0.172256283
vn -0.563859006 0.739001832 0.368699490
vn -0.529153448 0.805017269 0.268223462
vn -0.752732461 0.586248788 0.299509934
vn -0.672066017 0.735973290 -0.081673656
vn -0.673193005 0.669375727 0.314240853
vn -0.642017001 0.699663108 0.313505512
vn -0.770529959 0.588721236 0.244317190
vn -0.560140856 0.725429680 0.399992501
vn -0.683412501 0.669637580 0.290745360
vn -0.821328255 0.564375958 0.083064281
vn -0.784132674 0.576554694 0.229609742
vn -0.513806309 0.728234964 0.453516166
vn -0.538913597 0.729286208 0.421561100
vn -0.544877909 0.743411489 0.387875523
vn -0.646568323 0.684067549 0.337640329
vn -0.521833441 0.747482129 0.411047840
vn -0.935136226 0.349926099 -0.055425304
vn -0.557951453 0.749392259 0.356512859
vn -0.517915392 0.806279601 0.285791623
vn -0.561186619 0.729002038 0.391951027
vn -0.662616755 0.682548840 0.308327936
vn -0.940657818 0.339356550 -0.000033097
vn -0.818687637 0.547816527 0.172184799
vn -0.505473278 0.790386656 0.346100706
vn -0.762697629 0.581093696 0.283940916
vn -0.742587162 0.616629450 0.261404721
vn -0.628997956 0.706218287 0.324988158
vn -0.696658697 0.665229578 0.268581959
vn -0.519280843 0.749668670 0.410297809
vn -0.654473475 0.690788635 0.307368723
vn -0.835195950 0.518768648 0.182556332
vn -0.590375994 0.708405826 0.386804047
vn -0.640048757 0.704558786 0.306487366
vn -0.581636650 0.703386299 0.408590898
vn -0.818099387 0.572875514 0.050269660
vn -0.638328296 0.700693620 0.318693329
vn -0.511458755 0.769676366 0.382110236
vn -0.649502708 0.689204162 0.321160171
vn -0.548282263 0.740256736 0.389109913
vn -0.554602869 0.720689316 0.415959815
vn -0.390945137 0.844412445 0.366236976
vn -0.815882158 0.527260047 0.237346050
vn -0.638048270 0.698099168 0.324887607
vn -0.792361473 0.567251313 0.224475487
vn -0.535506186 0.707439496 0.461261839
vn -0.629176789 0.706882300 0.323193413
vn -0.639406189 0.686406840 0.346417921
vn -0.700828674 0.664079651 0.260456112
vn -0.713547928 0.646113066 0.270900833
vn -0.594038425 0.714927477 0.368777781
vn -0.556493490 0.705654346 0.438596556
vn -0.661982928 0.665555769 0.344694243
vn -0.513211305 0.731496178 0.448918142
vn -0.556528907 0.727981692 0.400397592
vn -0.587702380 0.700558637 0.404751168
vn -0.798211815 0.547840972 0.250455920
vn -0.571700675 0.722116337 0.389494974
vn -0.774761181 0.593833136 0.217042205
vn -0.759576940 0.606252793 0.235585277
vn -0.782039601 0.566090994 0.260681893
vn -0.534884723 0.724556818 0.434644395
vn -0.520671000 0.723840941 0.452720666
vn -0.496793692 0.762031613 0.415335826
vn -0.822220784 0.528042900 0.212423346
vn -0.584822642 0.709034920 0.394020253
vn -0.554959121 0.725590725 0.406864196
vn -0.646831569 0.686973791 0.331173567
vn -0.887792075 0.394380912 0.237252877
vn -0.919325150 0.388989834 0.059398465
vn -0.798987680 0.557193863 0.226171808
vn -0.901665843 0.405515058 0.150187369
vn -0.636934642 0.675046333 0.372326081
vn -0.437903157 0.732278794 0.521544430
vn -0.535489908 0.725985951 0.431503138
vn -0.652380803 0.647677404 0.393590229
vn -0.844622409 0.462574611 0.269513850
vn -0.933714652 0.315246864 0.169694910
vn -0.658526936 0.655961152 0.368859378
vn -0.959394645 0.222532171 0.173324402
vn -0.784491689 0.561660735 0.262887827
vn -0.639771572 0.689291782 0.339954665
vn -0.732763230 0.641006735 0.228404061
vn -0.863632809 0.430183180 0.262832274
vn -0.708939448 0.657590823 0.254910119
vn -0.529127776 0.700220067 0.479286610
vn -0.953104442 0.221941220 0.205752322
vn -0.584932957 0.709319570 0.393343594
vn -0.739476512 0.630992885 0.234568686
vn -0.740610910 0.619391342 0.260480029
vn -0.639510037 0.697402723 0.323506345
vn -0.120003609 0.794067578 0.595865602
vn -0.701187864 0.652157223 0.288143254
vn -0.700308536 0.659244153 0.273797555
vn -0.446297083 0.604243580 0.660082275
vn -0.643694325 0.662449212 0.383169228
vn -0.532160400 0.743590855 0.404818413
vn -0.660947606 0.664708532 0.348297043
vn -0.534592994 0.701903131 0.470682829
vn -0.569645346 0.716731716 0.402243493
vn -0.561482261 0.691239696 0.454890485
vn -0.546377167 0.739055284 0.394042231
vn -0.890119940 0.391294239 0.233613594
vn -0.666139374 0.492621470 0.559984304
vn -0.645023423 0.667254962 0.372445431
vn -0.493926810 0.765816868 0.411777649
vn -0.548820815 0.712382806 0.437385929
vn -0.553945331 0.711706050 0.431994293
vn -0.784917830 0.570233729 0.242358194
vn -0.519069356 0.709493399 0.476640452
vn -0.598199884 0.702574859 0.385415966
vn -0.805093218 0.543420154 0.237738189
vn -0.771802347 0.589997218 0.237116891
vn -0.538753074 0.714388962 0.446535033
vn -0.553172344 0.739308417 0.383957579
vn -0.788035094 0.567119434 0.239533375
vn -0.536015715 0.697449620 0.475658682
vn -0.664875369 0.690117568 0.285794482
vn -0.922508531 0.295793119 0.247960562
vn -0.770257460 0.578201476 0.269047393
vn -0.601157230 0.703930409 0.378274985
vn -0.671898418 0.665938159 0.324158734
vn -0.654159130 0.656127084 0.376261986
vn -0.499798633 0.727476466 0.470084373
vn -0.707899544 0.661373708 0.247917435
vn -0.555213157 0.708357718 0.435852834
vn -0.635257080 0.689345719 0.348211030
vn -0.876819989 0.258972456 0.405117235
vn -0.645723116 0.703859847 0.296011780
vn -0.515097619 0.735232288 0.440576810
vn -0.708157245 0.650885800 0.273607368
vn -0.730181362 0.626283254 0.273138178
vn -0.722844739 0.634377762 0.273971417
vn -0.560728695 0.667708892 0.489640855
vn -0.595272902 0.714121489 0.368348572
vn -0.646810450 0.534867548 0.543647816
vn -0.747162761 0.630509263 0.210251939
vn -0.933219663 0.222638214 0.282016463
vn -0.879908329 0.270669980 0.390511324
vn -0.513823143 0.731332804 0.448484233
vn -0.748419165 0.614905209 0.248516270
vn -0.510757315 0.723351684 0.464638899
vn -0.559922288 0.714886847 0.418836278
vn -0.686593675 0.588175434 0.427362592
vn -0.585820212 0.705586622 0.398700638
vn -0.574576487 0.689657316 0.440720600
vn -0.818198177 0.515717082 0.254140976
vn -0.517318062 0.734059309 0.439930623
vn -0.503579979 0.690793147 0.518856467
vn -0.371784741 0.883634130 0.284546711
vn -0.901834756 0.356839494 0.243638356
vn -0.747252624 0.610148432 0.263310477
vn -0.518599291 0.749483217 0.411496882
vn -0.640352683 0.689645152 0.338139033
vn -0.654991151 0.741963111 0.143099037
vn -0.586437127 0.688478030 0.426719461
vn -0.658444339 0.667324614 0.348035791
vn -0.765848236 0.580847246 0.275849518
vn -0.797412911 0.554639411 0.237713639
vn -0.687598697 0.680616680 0.252920869
vn -0.873610882 0.295333159 0.386758779
vn -0.832351353 0.214199084 0.511184876
vn -0.525834711 0.667630327 0.527036623
vn -0.571749567 0.628494304 0.527349356
vn -0.456439239 0.730687004 0.507700426
vn -0.763956412 0.592144555 0.256389208
vn -0.772263920 0.583830191 0.250500991
vn -0.579603043 0.679566074 0.449722430
vn -0.722135066 0.630281778 0.285071616
vn -0.550431039 0.688862240 0.471693211
vn -0.533372912 0.706555164 0.465073260
vn -0.674548029 0.672978717 0.303454449
vn -0.465808084 0.747767650 0.473145189
vn -0.808839926 0.531743569 0.251051291
vn -0.778017500 0.169138266 0.605046293
vn -0.873612069 0.401328265 0.275204608
vn -0.709008331 0.650774094 0.271662043
vn -0.489419856 0.722051867 0.488988043
vn -0.616915171 0.686901684 0.384163699
vn -0.527977338 0.799577694 0.286208738
vn -0.689104145 0.668751676 0.279117670
vn -0.744479585 0.611342881 0.268346846
vn -0.392697065 0.715441160 0.577869330
vn -0.835291234 0.340985820 0.431297143
vn -0.673439441 0.672523569 0.306906123
vn -0.795774491 0.539235290 0.275623407
vn -0.568294862 0.692013797 0.445149251
vn -0.597724114 0.682368814 0.420830947
vn -0.527561239 0.637580245 0.561400544
vn -0.558567569 0.691587327 0.457940214
vn -0.397043430 0.705435793 0.587125929
vn -0.736053647 0.618709644 0.274633218
vn -0.622004128 0.660716117 0.420196475
vn -0.462274347 0.677196143 0.572457695
vn -0.760672158 0.592031855 0.266225751
vn -0.458642604 0.873180163 0.164934425
vn -0.692472345 0.646198186 0.320795816
vn -0.451109911 0.674482546 0.584442592
vn -0.718158668 0.635123960 0.284368920
vn -0.536494325 0.698097215 0.474166761
vn -0.675587942 0.670867749 0.305806142
vn -0.859341786 0.430889694 0.275437410
vn -0.792897731 0.547870884 0.266740853
vn -0.641423407 0.679891616 0.355420037
vn -0.595245039 0.682218144 0.424572429
vn -0.601061735 0.670467902 0.434968485
vn -0.771055894 0.571270036 0.281288740
vn -0.542645663 0.691044543 0.477486255
vn -0.523599876 0.705187091 0.478073568
vn -0.456936397 0.716194470 0.527517403
vn -0.555228286 0.600932628 0.574979589
vn -0.519855114 0.667142539 0.533546148
vn -0.671333488 0.213311456 0.709795443
vn -0.514341453 0.647612082 0.562184543
vn -0.729841632 0.619450144 0.289158627
vn -0.691026687 0.658553356 0.297975831
vn -0.565212283 0.583014406 0.583634541
vn -0.666765838 0.676710795 0.312227189
vn -0.818526986 0.451595517 0.355070504
vn -0.413018299 0.677109835 0.609046924
vn -0.633018272 0.692424233 0.346174160
vn -0.755568344 0.384443985 0.530395419
vn -0.684553234 0.650399305 0.329192366
vn -0.702695627 0.642339786 0.305971331
vn -0.732871981 0.624000376 0.271149756
vn -0.685020826 0.664138716 0.299443206
vn -0.831872345 0.484270757 0.271053937
vn -0.410560464 0.678423851 0.609246406
vn -0.758921719 0.589718410 0.276170276
vn -0.696037732 0.652763029 0.299051674
vn -0.746490286 0.607702282 0.271016954
vn -0.443263027 0.679605739 0.584511700
vn -0.687711564 0.668374015 0.283423677
vn -0.607907874 0.682612022 0.405572244
vn -0.736320693 0.627618947 0.252836498
vn -0.540206687 0.700213499 0.466773811
vn -0.612895339 0.679556272 0.403190497
vn -0.435013718 0.596445144 0.674548927
vn -0.676870419 0.671514570 0.301520511
vn -0.564146952 0.432908107 0.703085192
vn -0.699649526 0.646958791 0.303207625
vn -0.642495655 0.657421906 0.393695024
vn -0.596245567 0.680916370 0.425257710
vn -0.761428231 0.590015159 0.268531491
vn -0.816933796 0.510934153 0.267517220
vn -0.522144334 0.709970599 0.472553747
vn -0.525889796 0.597854345 0.604987690
vn -0.362629341 0.615343180 0.699894801
vn -0.666045635 0.684970954 0.295293084
vn -0.733682780 0.633798157 0.244968313
vn -0.762321820 0.583787680 0.279387521
vn -0.677467765 0.661727864 0.321175436
vn -0.697017296 0.657529811 0.286044466
vn -0.469691000 0.627975630 0.620513474
vn -0.650389256 0.673405148 0.351453158
vn -0.545614496 0.624955765 0.558332439
vn -0.733118704 0.613206721 0.294133444
vn -0.671744168 0.688411563 0.273585989
vn -0.695030972 0.657997418 0.289778098
vn -0.512604513 0.671724781 0.534810650
vn -0.574489123 0.699124436 0.425660981
vn -0.673632220 0.680908812 0.287372269
vn -0.736668911 0.627299014 0.252616036
vn -0.527687702 0.610394490 0.590731966
vn -0.760438897 0.589022440 0.273468918
vn -0.695847252 0.680936168 0.228303608
vn -0.625414330 0.672481758 0.395759020
vn -0.557208443 0.558984095 0.614048478
vn -0.742891108 0.596972470 0.302880623
vn -0.556932144 0.548218342 0.623925665
vn -0.765293391 0.572620923 0.293992013
vn -0.705011563 0.642049304 0.301216512
vn -0.678790305 0.629453239 0.378196169
vn -0.704195682 0.658572301 0.265312957
vn -0.532056800 0.591888097 0.605461842
vn -0.801152777 0.542396152 0.252904413
vn -0.746258482 0.583151361 0.320987177
vn -0.799624795 0.531743823 0.279013788
vn -0.553588598 0.537044407 0.636492710
vn -0.679532465 0.685534758 0.261300068
vn -0.623695425 0.652151451 0.430932131
vn -0.744303603 0.617188238 0.255129035
vn -0.608167246 0.599077131 0.520806290
vn -0.676192776 0.665962000 0.315052289
vn -0.402354901 0.527853128 0.747985032
vn -0.525714316 0.521626838 0.671959746
vn -0.780303291 0.558570300 0.281293431
vn -0.608667821 0.298051219 0.735315547
vn -0.708937136 0.630721932 0.315591478
vn -0.537330941 0.708675324 0.457225048
vn -0.511971763 0.548352015 0.661207215
vn -0.596438668 0.687908158 0.413573792
vn -0.654936582 0.708393545 0.263128597
vn -0.568603756 0.674354215 0.471101009
vn -0.713558230 0.674514518 0.189380087
vn -0.566568235 0.674854898 0.472833270
vn -0.713008715 0.635922425 0.295332426
vn -0.669654542 0.703858867 0.236950396
vn -0.550432868 0.671871585 0.495592807
vn -0.522260369 0.572073345 0.632436712
vn -0.768294980 0.579653681 0.271522437
vn -0.530059388 0.607937955 0.591141681
vn -0.675078002 0.646621131 0.355177146
vn -0.458986586 0.557405438 0.691831259
vn -0.576622195 0.450411573 0.681642325
vn -0.699284774 0.630921342 0.336064078
vn -0.777758587 0.529636511 0.338491872
vn -0.744790511 0.600157650 0.291715428
vn -0.656338850 0.704395284 0.270271342
vn -0.774321003 0.540121547 0.329690307
vn -0.756174166 0.584902728 0.293410003
vn -0.670813816 0.653920260 0.349852993
vn -0.767054737 0.574737133 0.285139015
vn -0.615340766 0.573431475 0.540862353
vn -0.621802585 0.669331183 0.406641505
vn -0.711602640 0.667998026 0.217716144
vn -0.481389352 0.651000862 0.586908996
vn -0.819319081 0.508887308 0.264102160
vn -0.428971856 0.487375399 0.760557932
vn -0.592842710 0.675625083 0.438255939
vn -0.743740881 0.571693120 0.346433945
vn -0.653672548 0.702849783 0.280560836
vn -0.542959376 0.479232620 0.689587712
vn -0.695442095 0.681163171 0.228860281
vn -0.800735877 0.548584558 0.240576471
vn -0.663209130 0.687782928 0.295141144
vn -0.731235074 0.609773122 0.305731919
vn -0.701902139 0.640223388 0.312165662
vn -0.720573036 0.600410240 0.346817017
vn -0.554511568 0.525288773 0.645436771
vn -0.687823303 0.682380467 0.247499499
vn -0.710480730 0.630150759 0.313252538
vn -0.306498869 0.279581523 0.909886045
vn -0.537550630 0.527833209 0.657595182
vn -0.704015506 0.666996896 0.243879699
vn -0.782009715 0.536238694 0.317661564
vn -0.625469385 0.674463415 0.392284527
vn -0.450975568 0.484803721 0.749390678
vn -0.553618434 0.510488699 0.657957383
vn -0.473705030 0.474167038 0.742138238
vn -0.496586787 0.492924533 0.714441717
vn -0.529462626 0.686667429 0.498153761
vn -0.688400260 0.629146255 0.360943309
vn -0.743616628 0.596701919 0.301630785
vn -0.608370444 0.636242550 0.474426834
vn -0.306482921 0.951066387 0.039254902
vn -0.669704001 0.671598749 0.316941116
vn -0.578515428 0.432708469 0.691435666
vn -0.808332796 0.527880109 0.260654331
vn -0.412779036 0.482888044 0.772290492
vn -0.622371672 0.662396988 0.416993683
vn -0.652078568 0.688274643 0.317917532
vn -0.696145643 0.637097050 0.330890607
vn -0.612317416 0.753861539 0.238243915
vn -0.798694510 0.556485395 0.228934671
vn -0.752083689 0.572823089 0.325950660
vn -0.794779405 0.562402512 0.228098909
vn -0.477726769 0.411058358 0.776407214
vn -0.706634931 0.608580374 0.360966761
vn -0.671384488 0.639968475 0.373742184
vn -0.816806761 0.472805476 0.330577822
vn -0.397456800 0.291805088 0.869987289
vn -0.367910436 0.259089123 0.893036807
vn -0.714971496 0.632789854 0.297309201
vn -0.677755154 0.625769018 0.386084301
vn -0.685720763 0.668616156 0.287644695
vn -0.627563524 0.502476174 0.594711458
vn -0.815435506 0.541319953 0.205030836
vn -0.717319766 0.627924450 0.301932506
vn -0.713751890 0.593492720 0.371920194
vn -0.641436307 0.664014342 0.384245258
vn -0.769844828 0.551960178 0.320435488
vn -0.637124904 0.702381445 0.317383306
vn -0.454009579 0.325796816 0.829295929
vn -0.769968150 0.549041642 0.325118937
vn -0.678028926 0.648642773 0.345744599
vn -0.814526519 0.525797322 0.245119820
vn -0.747851729 0.606901287 0.269051333
vn -0.721599678 0.622303468 0.303368254
vn -0.393736391 0.127394262 0.910352874
vn -0.704086370 0.650692293 0.284362312
vn -0.741077653 0.585001129 0.329511139
vn -0.656535336 0.665664428 0.354756566
vn -0.670993944 0.661098946 0.335731011
vn -0.732923598 0.587567689 0.342909916
vn -0.635765979 0.638622645 0.433546695
vn -0.572639621 0.669446263 0.473207741
vn -0.473166201 0.834449491 0.282502730
vn -0.664845691 0.668585164 0.333127731
vn -0.500542382 0.419882373 0.757070748
vn -0.695693258 0.591791919 0.407177130
vn -0.729294473 0.624796489 0.278852862
vn -0.443140491 0.182263571 0.877728031
vn -0.745018279 0.566283235 0.352521009
vn -0.376143696 0.073820655 0.923615954
vn -0.673565102 0.611348275 0.415407437
vn -0.479848286 0.372392536 0.794398780
vn -0.668746931 0.633478309 0.389207880
vn -0.702305451 0.488028129 0.518262094
vn -0.698044289 0.528854843 0.482749133
vn -0.713578403 0.608087198 0.347902030
vn -0.703851823 0.668466198 0.240303044
vn -0.842163895 0.450998142 0.295568353
vn -0.609979588 0.532220504 0.587082820
vn -0.610587350 0.621552552 0.490770326
vn -0.758858903 0.629431208 0.167181099
vn -0.366535207 0.081678379 0.926812054
vn -0.702870569 0.598717751 0.384070329
vn -0.514111067 0.413271935 0.751595715
vn -0.271755811 0.959233450 -0.077588447
vn -0.731689652 0.615873988 0.292112108
vn -0.677259316 0.644094409 0.355615256
vn -0.687141202 0.386885303 0.614944494
vn -0.575186611 0.328639759 0.749103645
vn -0.614329218 0.675441486 0.407895098
vn -0.715537097 0.629437185 0.303010713
vn -0.668036406 0.608866847 0.427794954
vn -0.690921312 0.524877248 0.497123340
vn -0.695517711 0.671778372 0.254890039
vn -0.702799129 0.705826739 0.088780617
vn -0.632630102 0.659511644 0.405984661
vn -0.698203257 0.519594873 0.492476781
vn -0.494305134 0.171778613 0.852147020
vn -0.690904577 0.655312690 0.305313191
vn -0.700332551 0.655317614 0.283007321
vn -0.655807275 0.463729967 0.595710782
vn -0.700566293 0.511313645 0.497760210
vn -0.735300976 0.571558218 0.364216527
vn -0.740147720 0.566810477 0.361811050
vn -0.734863830 0.585964567 0.341497697
vn -0.616434059 0.595579318 0.515067304
vn -0.845782042 0.380282987 0.374215964
vn -0.555860339 0.174735124 0.812703464
vn -0.672302276 0.381288528 0.634530305
vn -0.781442809 0.508264893 0.361958471
vn -0.727825534 0.595098790 0.340774738
vn -0.734159146 0.588269418 0.339041944
vn -0.668962535 0.504421754 0.545937562
vn -0.698773793 0.640904870 0.317735951
vn -0.671173687 0.445251565 0.592686195
vn -0.642917739 0.630150985 0.435392371
vn -0.684400936 0.644174930 0.341517230
vn -0.740955441 0.553231965 0.380682842
vn -0.695187238 0.629206231 0.347583405
vn -0.713067357 0.607362549 0.350208049
vn -0.665301758 0.509049867 0.546115192
vn -0.755785495 0.589126508 0.285864029
vn -0.740587607 0.319273827 0.591264932
vn -0.797091008 0.461076240 0.389941823
vn -0.706066505 0.633312685 0.316836131
vn -0.784943062 0.466327117 0.407925739
vn -0.709849959 0.615110300 0.343150629
vn -0.738143226 0.674207521 0.024265122
vn -0.673762049 0.524383261 0.520640852
vn -0.739614537 0.386974597 0.550655063
vn -0.738102245 0.549276666 0.391791040
vn -0.713037365 0.614036541 0.338432921
vn -0.704704831 0.627123128 0.331824778
vn -0.734407472 0.539902367 0.411279830
vn -0.741610008 0.619275770 0.257899432
vn -0.863396543 0.471294998 0.180076191
vn -0.720135075 0.572985332 0.391271369
vn -0.700042120 0.611061031 0.369520562
vn -0.623207825 0.636273255 0.454717882
vn -0.676447960 0.617288214 0.401713104
vn -0.848530838 0.431301425 0.306552602
vn -0.686617691 0.494464387 0.532973842
vn -0.784672653 0.151235053 0.601179496
vn -0.628803225 0.627098007 0.459733178
vn -0.705780521 0.419143040 0.571133057
vn -0.608245767 0.587624762 0.533604935
vn -0.647923358 0.505126708 0.570124838
vn -0.703947012 0.622446601 0.342080155
vn -0.725422775 0.559430456 0.400997958
vn -0.703071115 0.603089127 0.376795055
vn -0.647506222 0.675202298 0.353323575
vn -0.762691949 0.504954643 0.404130919
vn -0.650012502 0.586308082 0.483452769
vn -0.632266563 0.618740320 0.466261096
vn -0.714807583 0.624455130 0.314810911
vn -0.736873426 0.531862098 0.417301165
vn -0.707058807 0.559085974 0.433001982
vn -0.628060562 0.555112587 0.545334711
vn -0.728631386 0.616321784 0.298736946
vn -0.696790023 0.619851068 0.360927025
vn -0.703014338 0.618776769 0.350551210
vn -0.674908008 0.479104168 0.561211526
vn -0.873490812 0.353505524 0.334735188
vn -0.773306171 0.621217335 0.126832917
vn -0.695496434 0.648326206 0.309770626
vn -0.863069509 0.325585122 0.386141620
vn -0.744533782 0.514417849 0.425492331
vn -0.680050836 0.630512643 0.374145249
vn -0.748143081 0.513305149 0.420475630
vn -0.789013978 0.239746212 0.565666595
vn -0.683239438 0.604469259 0.409634943
vn -0.704931851 0.638963908 0.307889929
vn -0.697509712 0.582711075 0.417046766
vn -0.823160915 0.307918528 0.477066335
vn -0.593662915 0.209492643 0.776966650
vn -0.670081252 0.488798296 0.558629879
vn -0.821545739 0.087419528 0.563400768
vn -0.754096465 0.593358904 0.281538154
vn -0.633425669 0.624020922 0.457569459
vn -0.669891785 0.667312943 0.325481846
vn -0.695322135 0.439710520 0.568490797
vn -0.709302777 0.640305667 0.294785045
vn -0.749654436 0.494904058 0.439418024
vn -0.696206115 0.612410748 0.374499830
vn -0.722498356 0.619187277 0.307576399
vn -0.722572757 0.356432986 0.592320974
vn -0.748895617 0.525274769 0.404031895
vn -0.737742494 0.585215338 0.336539776
vn -0.829949911 0.354969077 0.430325574
vn -0.625220399 0.550887728 0.552831044
vn -0.762813734 0.454326907 0.460111149
vn -0.816431721 0.258743215 0.516227851
vn -0.647156495 0.540852788 0.537277147
vn -0.705357384 0.421601347 0.569844948
vn -0.693553118 0.628581723 0.351950410
vn -0.668446303 0.672866566 0.316907123
vn -0.697114070 0.650838129 0.300735271
vn -0.747063088 0.590733324 0.304845669
vn -0.669978515 0.640656609 0.375083856
vn -0.734625422 0.618714689 0.278419868
vn -0.843359298 0.490204316 0.220101850
vn -0.722932561 0.592770577 0.354952893
vn -0.847068262 0.142661832 0.511979454
vn -0.852070169 0.190854975 0.487391840
vn -0.659809318 0.557400533 0.503940780
vn -0.687642478 0.558829740 0.463526854
vn -0.738197090 0.596537126 0.314973830
vn -0.676837714 0.553255134 0.485591872
vn -0.716964270 0.574508885 0.394843991
vn -0.797939334 0.235550105 0.554805342
vn -0.673662798 0.484398143 0.558154884
vn -0.654352810 0.631277182 0.416307002
vn -0.714243214 0.617021763 0.330364609
vn -0.784033895 0.265070819 0.561273830
vn -0.682669076 0.604036963 0.411220475
vn -0.733907082 0.623308773 0.269938081
vn -0.659411118 0.587430169 0.469151121
vn -0.751171731 0.357815355 0.554715424
vn -0.764246499 0.573488593 0.295022240
vn -0.660492882 0.654053174 0.368732421
vn -0.712882525 0.550381935 0.434601232
vn -0.642390342 0.641366998 0.419503304
vn -0.717260299 0.428143899 0.549754913
vn -0.738519606 0.606636231 0.294246961
vn -0.730354716 0.580943371 0.359286500
vn -0.698385295 0.651767592 0.295731272
vn -0.729136330 0.610685992 0.308905862
vn -0.673710078 0.510287954 0.534528703
vn -0.684200399 0.665287662 0.298767704
vn -0.708908125 0.631124406 0.314851163
vn -0.740380323 0.589505455 0.322986527
vn -0.846918820 0.159945183 0.507095701
vn -0.693636116 0.665829284 0.274845961
vn -0.708322809 0.231175215 0.666960882
vn -0.736552890 0.235463949 0.634071423
vn -0.761095834 0.418079398 0.495926152
vn -0.838059916 0.181138655 0.514630319
vn -0.736743364 0.581119698 0.345700900
vn -0.689969088 0.658655870 0.300191776
vn -0.714037778 0.536053201 0.450329899
vn -0.666535739 0.700612014 0.254701618
vn -0.866397693 0.104635469 0.488268835
vn -0.796051446 0.299310085 0.526037610
vn -0.718661282 0.553251783 0.421234407
vn -0.661305825 0.656100473 0.363602495
vn -0.780541209 0.302292694 0.547151303
vn -0.711996143 0.496873236 0.496163763
vn -0.761742451 0.270740615 0.588598299
vn -0.694778330 0.475380701 0.539718687
vn -0.717857310 0.618839959 0.318932577
vn -0.647703282 0.679451110 0.344712411
vn -0.795613071 0.205533650 0.569873460
vn -0.689092048 0.664032614 0.290194482
vn -0.711811276 0.562055272 0.421210848
vn -0.801572840 0.070940300 0.593673695
vn -0.680528090 0.618274596 0.393215008
vn -0.717484466 0.616996625 0.323312860
vn -0.749060545 0.597794994 0.285568635
vn -0.700214241 0.527374325 0.481223793
vn -0.718354378 0.435475272 0.542520299
vn -0.671561238 0.690865723 0.267787334
vn -0.680525125 0.686264487 0.256761773
vn -0.738129076 0.627338621 0.248217085
vn -0.692559479 0.619589988 0.369417941
vn -0.868141832 0.121985464 0.481091785
vn -0.653174649 0.705407337 0.275251461
vn -0.655080959 0.638398509 0.404124092
vn -0.794045849 0.325040797 0.513653259
vn -0.724079201 0.604629363 0.331862388
vn -0.821449712 0.192262938 0.536894155
vn -0.686690536 0.628589553 0.365145562
vn -0.714765460 0.618484623 0.326476811
vn -0.679306410 0.560664240 0.473495947
vn -0.794179341 0.545363668 0.268062761
vn -0.800078535 0.255680101 0.542680406
vn -0.873401815 0.123146732 0.471173166
vn -0.704175321 0.520321868 0.483117244
vn -0.683438925 0.554904006 0.474334039
vn -0.729406003 0.597741061 0.332674778
vn -0.722848476 0.599889498 0.342961617
vn -0.721228745 0.471244329 0.507698612
vn -0.738083327 0.588037154 0.330825191
vn -0.871102410 0.134988998 0.472184882
vn -0.745387830 0.532437612 0.401132362
vn -0.654871950 0.700945721 0.282520485
vn -0.802479234 0.312240629 0.508461275
vn -0.667273085 0.634880748 0.389452265
vn -0.678503252 0.679743002 0.278536869
vn -0.684504176 0.676411488 0.271885145
vn -0.689953422 0.639620097 0.338895863
vn -0.708110444 0.530166879 0.466371825
vn -0.674098002 0.688523617 0.267445530
vn -0.689712153 0.653474742 0.311878035
vn -0.737106784 0.505755623 0.448201783
vn -0.660559288 0.653114974 0.370273221
vn -0.700639398 0.625647012 0.343030976
vn -0.641169317 0.685495104 0.344961401
vn -0.732579140 0.597364079 0.326318801
vn -0.861916672 0.223136016 0.455313044
vn -0.648256033 0.709868557 0.275410143
vn -0.683528975 0.548455614 0.481647775
vn -0.702580512 0.583634036 0.407126437
vn -0.869117896 0.138492227 0.474819952
vn -0.668016998 0.598786461 0.441823567
vn -0.769124164 0.327626804 0.548733722
vn -0.738216965 0.588223342 0.330195417
vn -0.714852034 0.615706551 0.331499641
vn -0.630496661 0.680817480 0.372775428
vn -0.837280021 0.252287970 0.485090659
vn -0.677203685 0.661601957 0.321990712
vn -0.670973642 0.683688416 0.286992197
vn -0.766179186 0.485106858 0.421474543
vn -0.667386277 0.689984201 0.280209493
vn -0.696719672 0.334874018 0.634382448
vn -0.710832484 0.463897352 0.528693131
vn -0.748803322 0.457445414 0.479622017
vn -0.755564943 0.444023394 0.481627286
vn -0.737858010 0.477669940 0.476861600
vn -0.718084738 0.506400823 0.477401839
vn -0.724168225 0.590897363 0.355556871
vn -0.822283973 0.295457475 0.486368120
vn -0.751608692 0.335099375 0.568148557
vn -0.757538326 0.372602296 0.536006728
vn -0.760007772 0.489278924 0.427778355
vn -0.676063716 0.636762052 0.370772089
vn -0.787254676 0.276078580 0.551371646
vn -0.788850565 0.292367311 0.540588699
vn -0.742234246 0.594682241 0.308935846
vn -0.699935456 0.467781188 0.539695394
vn -0.680349983 0.676734981 0.281342614
vn -0.695247022 0.345411728 0.630335083
vn -0.618140661 0.704225192 0.349240607
vn -0.813231176 0.273122414 0.513866910
vn -0.681633090 0.674557991 0.283456960
vn -0.775152256 0.575979337 0.259589643
vn -0.701521248 0.621228523 0.349203467
vn -0.865643968 0.188681556 0.463745395
vn -0.719798047 0.451348650 0.527423139
vn -0.880227612 0.129420430 0.456562923
vn -0.648049444 0.654193527 0.389952237
vn -0.726477888 0.588087226 0.355504280
vn -0.702948051 0.639416699 0.311464802
vn -0.638560338 0.628672071 0.443860476
vn -0.652547277 0.699368969 0.291659213
vn -0.892500524 0.116494391 0.435742896
vn -0.735435851 0.596135762 0.322112188
vn -0.715136944 0.606509650 0.347455314
vn -0.657563146 0.639330961 0.398580771
vn -0.651468971 0.705776519 0.278330172
vn -0.673261483 0.684926368 0.278558513
vn -0.717145857 0.592776401 0.366494145
vn -0.665259556 0.693965404 0.275393792
vn -0.607811485 0.213968282 0.764710908
vn -0.621363904 0.697030430 0.357848402
vn -0.738319128 0.396297731 0.545740758
vn -0.698057307 0.647218666 0.306307028
vn -0.788005162 0.559278111 0.257402135
vn -0.620556838 0.705462168 0.342392087
vn -0.766792631 0.587444133 0.258724664
vn -0.679688415 0.681886951 0.270284748
vn -0.697810610 0.466561310 0.543489556
vn -0.772033013 0.577953084 0.264452754
vn -0.750961584 0.391666380 0.531652279
vn -0.682911500 0.532490082 0.500086188
vn -0.789571499 0.300283957 0.535169500
vn -0.780319442 0.570305653 0.256618454
vn -0.776560407 0.308370983 0.549419031
vn -0.657006767 0.522066103 0.543864957
vn -0.669085484 0.695361223 0.262292555
vn -0.649574424 0.670708304 0.358055077
vn -0.744640308 0.532490526 0.402448321
vn -0.745052885 0.601436717 0.288392222
vn -0.811091366 0.532142513 0.242806798
vn -0.658779934 0.683600255 0.314165068
vn -0.887108075 0.125768356 0.444096369
vn -0.657005184 0.652855026 0.376994037
vn -0.780692570 0.571317746 0.253209684
vn -0.692636222 0.610265165 0.384488611
vn -0.662863459 0.221353757 0.715272360
vn -0.569413488 0.373359446 0.732373541
vn -0.653655649 0.703175892 0.279781983
vn -0.775720854 0.574030793 0.262194213
vn -0.823484537 0.336845920 0.456517298
vn -0.768602096 0.437969449 0.466297737
vn -0.808177194 0.312247264 0.499350847
vn -0.665373934 0.696163166 0.269507651
vn -0.847853325 0.228867566 0.478293191
vn -0.732565719 0.584583723 0.348725304
vn -0.771289973 0.572696168 0.277724463
vn -0.617095882 0.722665457 0.311363629
vn -0.634509931 0.566272622 0.526053671
vn -0.738471601 0.508711230 0.442574940
vn -0.758181535 0.575779411 0.306004625
vn -0.700095394 0.663300901 0.264382968
vn -0.815268647 0.533853819 0.224359383
vn -0.618465109 0.715861677 0.324103329
vn -0.771064450 0.466798302 0.433080776
vn -0.674132514 0.676121486 0.297329936
vn -0.803446981 0.423623112 0.418349623
vn -0.761006789 0.453766501 0.463642782
vn -0.666478912 0.673506855 0.319678551
vn -0.698440808 0.668606367 0.255237074
vn -0.822829172 0.346254872 0.450621479
vn -0.612209037 0.659990204 0.435445779
vn -0.747398262 0.589092594 0.307190095
vn -0.675034768 0.685534076 0.272710638
vn -0.582739437 0.653836808 0.482609756
vn -0.619323176 0.447470540 0.645142557
vn -0.723243660 0.579959390 0.374920944
vn -0.631211905 0.675901476 0.380432289
vn -0.673103222 0.656082764 0.341302592
vn -0.514485881 0.226525209 0.827037247
vn -0.663004451 0.682736745 0.307075943
vn -0.665965873 0.699455138 0.259329840
vn -0.741092043 0.533297123 0.407893077
vn -0.795416019 0.556801282 0.239344290
vn -0.818272072 0.535602956 0.208711018
vn -0.680022773 0.647915030 0.343183831
vn -0.763053071 0.581305657 0.282548657
vn -0.819482770 0.388005463 0.421781639
vn -0.775047873 0.468017441 0.424570924
vn -0.680005986 0.680530792 0.272891372
vn -0.771753451 0.488805911 0.406774375
vn -0.697233058 0.654604869 0.292161819
vn -0.602896831 0.733049331 0.314887422
vn -0.678147177 0.684881720 0.266558505
vn -0.645008375 0.694731181 0.318296689
vn -0.651615349 0.711096338 0.264082251
vn -0.758906691 0.470011348 0.450721608
vn -0.768434594 0.543934658 0.337110312
vn -0.528580153 0.462603710 0.711758968
vn -0.382352299 0.379504241 0.842486350
vn -0.775882955 0.539960121 0.326264782
vn -0.614600614 0.528704841 0.585437680
vn -0.831941109 0.278897338 0.479677252
vn -0.687843692 0.669098407 0.281386528
vn -0.873385068 0.160721848 0.459746681
vn -0.833787403 0.353819716 0.423804406
vn -0.688993048 0.644166940 0.332170939
vn -0.580764402 0.738830600 0.341821669
vn -0.653652669 0.679218600 0.333766807
vn -0.582573515 0.595962617 0.552663242
vn -0.466861454 0.106603632 0.877881569
vn -0.737888849 0.572738679 0.357058050
vn -0.837847952 0.319083234 0.442940966
vn -0.652590415 0.713473965 0.255109098
vn -0.754804256 0.605790718 0.251571343
vn -0.756354618 0.511302624 0.408040830
vn -0.801804224 0.564488334 0.196119625
vn -0.751554388 0.474152278 0.458634516
vn -0.711942541 0.633845154 0.302288172
vn -0.792521050 0.534004917 0.294532060
vn -0.582720607 0.692453367 0.425376338
vn -0.475904564 0.438484777 0.762394875
vn -0.782003365 0.390754700 0.485573374
vn -0.677316003 0.680441629 0.279718111
vn -0.668108063 0.692137347 0.273088830
vn -0.819005358 0.316238762 0.478772669
vn -0.631678755 0.716125241 0.296894912
vn -0.712143957 0.627925599 0.313943349
vn -0.787421945 0.436137329 0.435604075
vn -0.818385382 0.284865947 0.499095941
vn -0.798532199 0.440399714 0.410358890
vn -0.680194004 0.672016487 0.292796786
vn -0.838838574 0.241833645 0.487715424
vn -0.517154130 0.565965606 0.642054935
vn -0.872480727 0.143902324 0.466979124
vn -0.559919811 0.677787138 0.476544228
vn -0.653507516 0.702941850 0.280714592
vn -0.531814744 0.676386943 0.509581966
vn -0.751540285 0.562333089 0.344918391
vn -0.724329992 0.627301635 0.286074679
vn -0.664553848 0.712971511 0.223695792
vn -0.653282520 0.717511702 0.241658657
vn -0.797946828 0.448553676 0.402592174
vn -0.774638736 0.513984171 0.368449591
vn -0.686271791 0.650499082 0.325395103
vn -0.391257953 0.407877017 0.824956698
vn -0.600635738 0.566752075 0.563940418
vn -0.696552381 0.681973368 0.222995750
vn -0.196643144 0.517633013 0.832698948
vn -0.547428889 0.760599233 0.349013493
vn -0.679889352 0.681965490 0.269580301
vn -0.582619543 0.552010771 0.596522068
vn -0.637378144 0.734643634 0.232481898
vn -0.551554978 0.559578190 0.618594662
vn -0.820546907 0.274898416 0.501132352
vn -0.581325604 0.749095306 0.317673991
vn -0.766752211 0.421753510 0.483957667
vn -0.280778739 0.562086575 0.777960142
vn -0.729895805 0.620283733 0.287228488
vn -0.823962805 0.509921300 0.247114475
vn -0.384036275 0.629354632 0.675595209
vn -0.531640217 0.711184195 0.459973609
vn -0.796915396 0.312479150 0.516993841
vn -0.753757324 0.550843997 0.358358462
vn -0.532904604 0.712312999 0.456752531
vn -0.791405365 0.531756519 0.301517084
vn -0.820855077 0.538147546 0.191296003
vn -0.534576056 0.727149627 0.430676049
vn -0.871788328 0.160084918 0.462988044
vn -0.406836219 0.508167317 0.759111500
vn -0.754532206 0.545347556 0.365071491
vn -0.641578455 0.727971473 0.241732540
vn -0.526697038 0.692096011 0.493551761
vn -0.798854777 0.319096600 0.509910193
vn -0.714751310 0.626000850 0.311854937
vn -0.791491000 0.584076752 0.179989844
vn -0.548279940 0.608596261 0.573584953
vn -0.725148710 0.615906773 0.307925633
vn -0.636382640 0.728936865 0.252325549
vn -0.884911916 0.110033799 0.452574264
vn -0.539834314 0.788466788 0.294786427
vn -0.721264900 0.614537645 0.319562869
vn -0.546818924 0.740787653 0.390157299
vn -0.813126973 0.225338798 0.536700057
vn -0.783202285 0.400776903 0.475365180
vn -0.835670779 0.497397780 0.232915859
vn -0.804869215 0.319876676 0.499864441
vn -0.817074279 0.279858100 0.504052642
vn -0.656832787 0.716981154 0.233471016
vn -0.424110049 0.623516708 0.656778183
vn -0.820144020 0.271795409 0.503478938
vn -0.860210001 0.452381628 0.235349987
vn -0.825792682 0.523843497 0.208936444
vn -0.673084666 0.672068475 0.308676201
vn -0.703608995 0.657956441 0.268379776
vn -0.688615921 0.664913880 0.289305453
vn -0.653025240 0.720121904 0.234483431
vn -0.502678507 0.746889358 0.435282214
vn -0.883148635 0.154085934 0.443064344
vn -0.556165802 0.746613686 0.365030965
vn -0.558144246 0.783533048 0.273040224
vn -0.668894992 0.685051350 0.288589913
vn -0.515088000 0.764055824 0.388462419
vn -0.545125109 0.750582179 0.373450141
vn -0.833659325 0.482109418 0.269411654
vn -0.806766382 0.393870659 0.440447396
vn -0.795747432 0.545550754 0.262983648
vn -0.826922555 0.276629922 0.489566108
vn -0.504544127 0.806471490 0.308283896
vn -0.779617028 0.549912910 0.299654937
vn -0.829579464 0.315969600 0.460392359
vn -0.761939334 0.580474370 0.287224575
vn -0.653759023 0.711818334 0.256736830
vn -0.684360664 0.662888020 0.303693851
vn -0.662432417 0.685103451 0.303012465
vn -0.832514362 0.368681338 0.413514097
vn -0.715341199 0.633399768 0.295113033
vn -0.470503054 0.657211393 0.588812416
vn -0.828822903 0.466076262 0.309556963
vn -0.736986947 0.600613093 0.310022826
vn -0.511973793 0.691706679 0.509337517
vn -0.674983203 0.678824260 0.289128516
vn -0.769765524 0.534279632 0.349294021
vn -0.348090579 0.687580476 0.637233111
vn -0.849388699 0.204633637 0.486481153
vn -0.808472473 0.447111186 0.382705956
vn -0.684074536 0.675413116 0.275425402
vn -0.808626064 0.473018621 0.349824632
vn -0.663790544 0.709711199 0.235991796
vn -0.459640995 0.777962855 0.428373612
vn -0.721139815 0.614322058 0.320258921
vn -0.477837244 0.808780818 0.342848591
vn -0.583713975 0.779029857 0.228889661
vn -0.818036636 0.353698047 0.453556782
vn -0.659642844 0.704517371 0.261775843
vn -0.723720804 0.635478107 0.269064626
vn -0.781646588 0.533387501 0.323305406
vn -0.877596065 0.204414711 0.433635530
vn -0.853559606 0.372230132 0.364528090
vn -0.873532944 0.206821614 0.440641595
vn -0.717743417 0.650824132 0.247532497
vn -0.526576706 0.801739626 0.282719906
vn -0.516270436 0.773291800 0.368082367
vn -0.444971282 0.752963143 0.484816526
vn -0.726763963 0.593675619 0.345490089
vn -0.835663990 0.252853718 0.487576345
vn -0.711156630 0.655696959 0.253609436
vn -0.470038387 0.814939794 0.339023666
vn -0.743513077 0.605209422 0.284446586
vn -0.496205461 0.774954271 0.391440951
vn -0.810963643 0.526562798 0.255087415
vn -0.570556358 0.776212393 0.268253170
vn -0.490354489 0.736652468 0.465720535
vn -0.805486990 0.537522534 0.249520008
vn -0.830739661 0.374315501 0.412018835
vn -0.799479530 0.519494257 0.301592770
vn -0.666979651 0.695676565 0.266781299
vn -0.715716212 0.652592627 0.248743175
vn -0.720089314 0.637494483 0.273992999
vn -0.499761976 0.709662824 0.496605118
vn -0.476830006 0.759737080 0.442077726
vn -0.819778320 0.490707673 0.295244788
vn -0.844788048 0.378534968 0.378212152
vn -0.670391532 0.696388611 0.256160294
vn -0.855724521 0.374324136 0.357235195
vn -0.676725704 0.676288111 0.290992633
vn -0.458393883 0.781336807 0.423542019
vn -0.735881112 0.628203408 0.252664732
vn -0.716756996 0.655291548 0.238437406
vn -0.506081240 0.785600518 0.355968545
vn -0.716167635 0.653130002 0.246018533
vn -0.805543639 0.506531975 0.307448863
vn -0.438912830 0.812703384 0.383234572
vn -0.709016589 0.652553252 0.267338233
vn -0.458527661 0.816432893 0.350983924
vn -0.744704336 0.612853355 0.264246507
vn -0.725360825 0.641901051 0.248625653
vn -0.813170924 0.526801060 0.247454424
vn -0.832130076 0.489101058 0.261418614
vn -0.475799870 0.817564726 0.324349200
vn -0.656750998 0.703841930 0.270711405
vn -0.793940519 0.529720424 0.298420384
vn -0.854623563 0.269097820 0.444077616
vn -0.791602111 0.544570153 0.277145172
vn -0.712167678 0.666672128 0.219921513
vn -0.841272719 0.229359847 0.489544965
vn -0.664425651 0.697515673 0.268347610
vn -0.689241426 0.671177537 0.272886370
vn -0.493947621 0.816002240 0.300260042
vn -0.663270604 0.697609360 0.270948863
vn -0.860825935 0.364872286 0.354749101
vn -0.819855775 0.453077913 0.350081296
vn -0.828196615 0.270661205 0.490747265
vn -0.706032435 0.660442332 0.255605412
vn -0.775707823 0.573519700 0.263348679
vn -0.563204602 0.773212772 0.291449112
vn -0.798336487 0.527262905 0.290951340
vn -0.873658212 0.188644436 0.448480329
vn -0.459202814 0.761894030 0.456782512
vn -0.720295479 0.646379018 0.251731183
vn -0.845718630 0.221342052 0.485559158
vn -0.705510061 0.661082266 0.255393407
vn -0.830425786 0.258043676 0.493767632
vn -0.478839918 0.811526264 0.334869311
vn -0.670939481 0.698090074 0.250020921
vn -0.822305789 0.496906951 0.277302491
vn -0.854479956 0.324076643 0.406002874
vn -0.496666799 0.807373144 0.318544654
vn -0.840052433 0.502262470 0.205047120
vn -0.838000545 0.403913845 0.366890572
vn -0.670441807 0.692231527 0.267064219
vn -0.441139682 0.808493905 0.389529698
vn -0.817055829 0.457172070 0.351302534
vn -0.433620838 0.792421985 0.428999262
vn -0.899089125 0.261389490 0.351161330
vn -0.912818049 0.246057276 0.325912606
vn -0.821606384 0.475671162 0.314165396
vn -0.818532317 0.310946291 0.483029244
vn -0.455754928 0.830981087 0.318995109
vn -0.860437183 0.373380653 0.346748818
vn -0.893755920 0.278883753 0.351317816
vn -0.670147081 0.698318651 0.251503383
vn -0.857612746 0.379571688 0.347024080
vn -0.824348845 0.276964957 0.493699701
vn -0.494401516 0.835349688 0.240329023
vn -0.653918339 0.719310077 0.234486287
vn -0.790399192 0.560564000 0.247056915
vn -0.692656539 0.673184703 0.258938746
vn -0.525050039 0.794950885 0.303933459
vn -0.791225711 0.576398237 0.204271747
vn -0.469150114 0.824445932 0.316523421
vn -0.714103709 0.652984196 0.252324259
vn -0.868974799 0.321541390 0.376156793
vn -0.868035659 0.313389008 0.385099239
vn -0.874888897 0.328662194 0.355739482
vn -0.465949325 0.829666704 0.307480709
vn -0.861188945 0.433757696 0.264967662
vn -0.443292222 0.786946414 0.429193834
vn -0.867081725 0.264746408 0.421993627
vn -0.481019811 0.846298126 0.228909204
vn -0.902474000 0.278437648 0.328653549
vn -0.742533596 0.612884924 0.270214597
vn -0.721288542 0.642997940 0.257481045
vn -0.862268716 0.368201231 0.347736272
vn -0.687100155 0.688590270 0.231812027
vn -0.478477258 0.844063805 0.242107016
vn -0.597883577 0.775555658 0.202604664
vn -0.682936219 0.700302952 0.207783290
vn -0.796251827 0.544017744 0.264627516
vn -0.880254135 0.300571221 0.367164267
vn -0.468127842 0.851503753 0.236215330
vn -0.704320397 0.665780880 0.246309964
vn -0.862825762 0.297897742 0.408397649
vn -0.840926689 0.400837289 0.363554357
vn -0.844652730 0.508040745 0.168690152
vn -0.836368328 0.451101907 0.311440347
vn -0.476905618 0.853806286 0.208748309
vn -0.877768067 0.312578883 0.363067022
vn -0.867125375 0.406813533 0.287395777
vn -0.833298657 0.403383288 0.378014908
vn -0.463979193 0.830491094 0.308233436
vn -0.872792054 0.180975204 0.453301231
vn -0.696404413 0.659406552 0.283202917
vn -0.888531272 0.243098075 0.389121452
vn -0.716921782 0.635418327 0.286821737
vn -0.832324035 0.521247694 0.188514039
vn -0.444537966 0.783168904 0.434778639
vn -0.718624486 0.645011053 0.259883800
vn -0.875441442 0.289962185 0.386683609
vn -0.914993800 0.204173810 0.347993394
vn -0.897707425 0.238096594 0.370717401
vn -0.441802996 0.796878236 0.412062119
vn -0.366371341 0.862456186 0.349201043
vn -0.839348056 0.469907804 0.273279155
vn -0.676307017 0.707595211 0.204738458
vn -0.710173179 0.647520009 0.276354654
vn -0.727282992 0.599207933 0.334677909
vn -0.852467332 0.373080301 0.366211055
vn -0.847645096 0.443418453 0.291338063
vn -0.702328650 0.623275183 0.343893171
vn -0.861488566 0.426200968 0.276025696
vn -0.764202402 0.574922650 0.292333092
vn -0.851570736 0.496561145 0.168090185
vn -0.829829844 0.493133174 0.261155323
vn -0.714914950 0.640303862 0.280904928
vn -0.847997410 0.503265093 0.166206615
vn -0.885531920 0.251285127 0.390754403
vn -0.731100911 0.629421825 0.263286202
vn -0.734803070 0.594078508 0.327315100
vn -0.732035634 0.575644517 0.364358643
vn -0.857621809 0.460338638 0.229288403
vn -0.406412528 0.824143556 0.394482264
vn -0.751148870 0.591165841 0.293765762
vn -0.887407960 0.311529189 0.339789164
vn -0.644822589 0.736778917 0.203373193
vn -0.713036620 0.593015713 0.374046979
vn -0.914865375 0.159198528 0.371048750
vn -0.716519574 0.636817339 0.284716308
vn -0.740616113 0.571802893 0.352886986
vn -0.442071351 0.832311345 0.334411044
vn -0.710080078 0.668262176 0.221837659
vn -0.823085397 0.495119038 0.278186210
vn -0.422280014 0.861571311 0.281734742
vn -0.466846947 0.863453524 0.191054808
vn -0.395082191 0.892439679 0.217856561
vn -0.486008945 0.858296465 0.164689048
vn -0.910852870 0.257001762 0.322950682
vn -0.845289786 0.473176919 0.248170871
vn -0.664111818 0.724120129 0.186025623
vn -0.370635975 0.906580503 0.201843418
vn -0.888618911 0.287789515 0.357118504
vn -0.893198985 0.357779302 0.272377578
vn -0.743111274 0.623512358 0.242936151
vn -0.864539146 0.437581731 0.247172598
vn -0.696424378 0.687290001 0.206459537
vn -0.884557151 0.267616431 0.382021062
vn -0.344686359 0.918825009 0.192228814
vn -0.516142103 0.834937144 0.190990300
vn -0.771037589 0.565772865 0.292236380
vn -0.876442546 0.430478501 0.215723722
vn -0.728263817 0.626506072 0.277708399
vn -0.859778430 0.455833239 0.230211012
vn -0.843630966 0.473192250 0.253724040
vn -0.414037576 0.875188632 0.250235375
vn -0.876937878 0.393044604 0.276578919
vn -0.665603206 0.719926112 0.196669178
vn -0.684793070 0.712281890 0.153990130
vn -0.578744032 0.810323146 0.091824535
vn -0.866107582 0.415961672 0.277188642
vn -0.711104986 0.596433965 0.372285139
vn -0.732551783 0.608812375 0.304492000
vn -0.912606125 0.271026937 0.306095508
vn -0.855103683 0.443263972 0.268914006
vn -0.698567416 0.618105141 0.360485228
vn -0.898739607 0.237137637 0.368826326
vn -0.745304236 0.561989736 0.358732675
vn -0.437579081 0.888113700 0.140636428
vn -0.870540321 0.402355191 0.283319344
vn -0.729041252 0.620645942 0.288613007
vn -0.909118379 0.215146524 0.356673164
vn -0.878262320 0.401982097 0.258970443
vn -0.408667471 0.893341643 0.186899993
vn -0.876633819 0.379720718 0.295508587
vn -0.480675883 0.874732371 0.061595253
vn -0.913203356 0.294020926 0.282154790
vn -0.799299954 0.481543898 0.359492779
vn -0.760920307 0.612066176 0.215349210
vn -0.695591511 0.700603841 0.159080823
vn -0.817990450 0.512738004 0.260751536
vn -0.734212548 0.609007583 0.300069488
vn -0.378943751 0.918666606 0.111594353
vn -0.831676230 0.482412122 0.274942162
vn -0.710110646 0.679378413 0.184899545
vn -0.707476981 0.620105488 0.339036141
vn -0.719492825 0.661487770 0.211575058
vn -0.437351749 0.897599204 0.055128182
vn -0.331773478 0.938894005 0.091675552
vn -0.727215875 0.635602957 0.259163949
vn -0.747884858 0.613438891 0.253694632
vn -0.751557447 0.594534525 0.285814804
vn -0.776621725 0.598485612 0.196656218
vn -0.871519539 0.403550255 0.278569355
vn -0.421874402 0.906555552 -0.013379863
vn -0.767195155 0.558468282 0.315475471
vn -0.836727923 0.430526139 0.338428170
vn -0.742655240 0.578882049 0.336687939
vn -0.878268093 0.411309773 0.243863542
vn -0.755282124 0.565055018 0.332056832
vn -0.726891095 0.650212988 0.221025806
vn -0.353604056 0.935367684 0.007174116
vn -0.744835390 0.573473348 0.341099050
vn -0.717485564 0.676004697 0.168024151
vn -0.310208582 0.950644899 0.006701589
vn -0.412190255 0.909732523 0.049859093
vn -0.688815214 0.636066212 0.347783517
vn -0.755727312 0.611242185 0.235072800
vn -0.372988442 0.927267827 -0.032465346
vn -0.702800383 0.696304089 0.145712859
vn -0.840194460 0.473196942 0.264873411
vn -0.877871220 0.408468510 0.249991196
vn -0.740407556 0.618126804 0.264037698
vn -0.910436663 0.292775928 0.292211121
vn -0.888752940 0.381691157 0.253830795
vn -0.777190941 0.598534621 0.194243528
vn -0.901984613 0.277654447 0.330653544
vn -0.324180025 0.942371268 -0.082726682
vn -0.718944584 0.601424890 0.348434767
vn -0.870357996 0.416285848 0.263026712
vn -0.826873380 0.491099731 0.274046471
vn -0.533817440 0.845526200 0.011152807
vn -0.690574470 0.706852547 0.153187393
vn -0.726829159 0.577893225 0.371158717
vn -0.367751765 0.926244553 -0.082641794
vn -0.890121086 0.383850640 0.245648405
vn -0.436318107 0.892498258 -0.114338829
vn -0.460681830 0.885785719 -0.056177499
vn -0.787590456 0.504020941 0.354491417
vn -0.926273057 0.242248848 0.288675805
vn -0.344935809 0.933685665 -0.096178824
vn -0.890480887 0.405389171 0.206648032
vn -0.913655583 0.261852253 0.310912969
vn -0.741196222 0.638070478 0.208552693
vn -0.768817332 0.580951272 0.267236843
vn -0.409922068 0.885242938 -0.219792717
vn -0.735929016 0.636224015 0.231576089
vn -0.842254818 0.435608588 0.317572008
vn -0.733710223 0.577059398 0.358708461
vn -0.794092221 0.519553083 0.315407891
vn -0.763722025 0.599455628 0.239544605
vn -0.350620178 0.926155704 -0.138928407
vn -0.639425355 0.764173409 0.084700746
vn -0.723075838 0.603084273 0.336824423
vn -0.824901740 0.483823903 0.292320970
vn -0.514619333 0.849501118 -0.116253140
vn -0.763447361 0.569574464 0.304521029
vn -0.877111764 0.390055720 0.280234702
vn -0.504404515 0.860170399 -0.075385477
vn -0.412288794 0.905944927 -0.096341791
vn -0.781229448 0.530658223 0.328758878
vn -0.339836505 0.926255401 -0.162978777
vn -0.705390819 0.623305037 0.337512404
vn -0.589609179 0.807115328 -0.030428006
vn -0.403205632 0.896721384 -0.182526648
vn -0.357530737 0.902751258 -0.239190174
vn -0.878849749 0.422288690 0.222025631
vn -0.761210496 0.577209220 0.295614779
vn -0.740946012 0.640161599 0.202958454
vn -0.739272543 0.590214975 0.324225833
vn -0.755910507 0.554706271 0.347707145
vn -0.906744444 0.321957800 0.272319092
vn -0.693406952 0.712480808 0.107507658
vn -0.374022744 0.895289601 -0.241999002
vn -0.909786259 0.344941874 0.230876736
vn -0.853775726 0.443719710 0.272359742
vn -0.751494437 0.577305411 0.319334581
vn -0.771193709 0.575794444 0.271516153
vn -0.755674204 0.637212120 0.151384318
vn -0.554625469 0.830712696 -0.048031290
vn -0.752913326 0.564282904 0.338683226
vn -0.380552608 0.891407518 -0.246114506
vn -0.830551869 0.444877296 0.335063851
vn -0.918722222 0.224381650 0.324965159
vn -0.773754337 0.499172858 0.390039336
vn -0.638460858 0.768754551 -0.037204478
vn -0.921749318 0.236417851 0.307383792
vn -0.764896718 0.591928260 0.254074684
vn -0.731236981 0.675267015 -0.096472463
vn -0.578732126 0.803591496 -0.138959827
vn -0.849036770 0.450484856 0.276043397
vn -0.850007966 0.456461565 0.262924510
vn -0.875192686 0.402032572 0.269086553
vn -0.825041912 0.479690552 0.298668407
vn -0.713512140 0.609301230 0.345908135
vn -0.517184804 0.849452428 -0.104644408
vn -0.756033107 0.535398071 0.376514072
vn -0.808912335 0.519496704 0.275288956
vn -0.750284457 0.609472496 0.256157197
vn -0.921322552 0.196488428 0.335495234
vn -0.490835716 0.842766310 -0.220964357
vn -0.903958808 0.403740405 0.140897686
vn -0.891390784 0.300206019 0.339556795
vn -0.791492272 0.576477099 0.203012653
vn -0.841969893 0.453554731 0.292189674
vn -0.928885338 0.243887790 0.278730647
vn -0.776153284 0.546484954 0.314547729
vn -0.771209863 0.530785615 0.351428481
vn -0.905533417 0.325198015 0.272498591
vn -0.816529782 0.497796749 0.292365374
vn -0.772614703 0.543513784 0.328114748
vn -0.788146906 0.538910085 0.297322005
vn -0.787284298 0.539413787 0.298690811
vn -0.457606942 0.844169343 -0.279238264
vn -0.770210511 0.503154483 0.391932820
vn -0.783755209 0.616967715 0.071264368
vn -0.936012005 0.195623974 0.292596630
vn -0.777300723 0.495694529 0.387415177
vn -0.923069980 0.268939816 0.274978521
vn -0.603438086 0.768225221 -0.213758009
vn -0.851001485 0.466514440 0.241165398
vn -0.722100485 0.580886172 0.375688894
vn -0.851420179 0.475062106 0.222260373
vn -0.884237607 0.264009378 0.385256930
vn -0.792067333 0.556612855 0.250622165
vn -0.754601371 0.502263417 0.422265592
vn -0.841116455 0.460599666 0.283497894
vn -0.922979487 0.270185656 0.274059444
vn -0.782064550 0.566334308 0.260077856
vn -0.852567916 0.441932783 0.278968391
vn -0.704541027 0.591394453 0.392268458
vn -0.847571944 0.507799482 0.154147612
vn -0.741765950 0.556966011 0.373593546
vn -0.876277074 0.387133094 0.286821298
vn -0.850018155 0.469266005 0.239287595
vn -0.827951776 0.414679470 0.377540453
vn -0.877826472 0.478412467 0.023285116
vn -0.820760297 0.557033344 -0.126753261
vn -0.792482562 0.496288513 0.354498379
vn -0.795975592 0.536574149 0.280198214
vn -0.729077432 0.555012591 0.400508579
vn -0.800305598 0.570494401 0.184518530
vn -0.857864383 0.446107673 0.255062039
vn -0.930751062 0.221198757 0.291159012
vn -0.854070818 0.463776743 0.235529553
vn -0.612632035 0.750844432 -0.246808889
vn -0.802206403 0.501733195 0.323618120
vn -0.909277319 0.409370525 0.075036862
vn -0.943765909 0.229735271 0.237755366
vn -0.797336179 0.486271250 0.357484669
vn -0.906927431 0.312235254 0.282828183
vn -0.926501991 0.289716530 0.240121622
vn -0.950790686 0.196938370 0.239191034
vn -0.728239205 0.540943758 0.420770142
vn -0.709316692 0.566723333 0.419159270
vn -0.841410639 0.485764726 0.236771551
vn -0.766300418 0.524073000 0.371660006
vn -0.694238772 0.595182123 0.404710722
vn -0.735923173 0.653331507 -0.177693627
vn -0.798626625 0.475267858 0.369209935
vn -0.919144266 0.392752875 -0.030314971
vn -0.843992063 0.491458819 0.214815332
vn -0.819891775 0.487065368 0.300906638
vn -0.702724744 0.590507124 0.396836580
vn -0.850920544 0.422992498 0.311466813
vn -0.867125838 0.420284700 0.267307974
vn -0.909573510 0.331735539 0.250254993
vn -0.786337031 0.485616913 0.381903506
vn -0.930054095 0.266923257 0.252490305
vn -0.957383966 0.213255664 0.194776702
vn -0.804757379 0.481329612 0.347400870
vn -0.705152783 0.596856144 0.382782309
vn -0.865338095 0.443085134 0.234233953
vn -0.724178492 0.578565307 0.375270167
vn -0.936109315 0.350312289 0.031315335
vn -0.848697315 0.465795457 0.250494432
vn -0.725130073 0.576014572 0.377350752
vn -0.823586423 0.506831462 0.254612005
vn -0.900020225 0.369433289 0.231263139
vn -0.775973544 0.517770934 0.360247579
vn -0.901344179 0.430975550 0.042880611
vn -0.783775707 0.495467652 0.374442850
vn -0.828105683 0.510593240 0.231377444
vn -0.783212342 0.512196836 0.352466776
vn -0.879698747 0.408178858 0.243967488
vn -0.761807876 0.541243428 0.355955491
vn -0.728135262 0.683920230 -0.045520977
vn -0.807225353 0.465461143 0.362950621
vn -0.864240143 0.425015035 0.269167598
vn -0.835314154 0.429434059 0.343273437
vn -0.938566668 0.278007072 0.204461924
vn -0.940618014 0.312243067 0.133199168
vn -0.823535438 0.482837630 0.297753600
vn -0.745929320 0.553221811 0.370857221
vn -0.689951911 0.619360613 0.374644888
vn -0.765946401 0.521898687 0.375430249
vn -0.782375422 0.484769153 0.391008399
vn -0.791738556 0.529627755 0.304375591
vn -0.836048502 0.397079043 0.378617401
vn -0.871162718 0.378608075 0.312620288
vn -0.956184661 0.231030311 0.179821826
vn -0.821070114 0.425651700 0.380347864
vn -0.831153939 0.363597557 0.420689846
vn -0.916660719 0.336440116 0.215734038
vn -0.724696651 0.596645052 0.344716471
vn -0.937467854 0.285882016 0.198558546
vn -0.918407141 0.313251178 0.241665104
vn -0.932257396 0.235254654 0.274866140
vn -0.805674815 0.552896590 0.212587520
vn -0.957144906 0.209992648 0.199441008
vn -0.858238249 0.431659156 0.277664332
vn -0.820347499 0.501881786 0.274125250
vn -0.843736665 0.434769720 0.314775683
vn -0.945995410 0.203512533 0.252339718
vn -0.821402569 0.388937035 0.417163999
vn -0.844598082 0.436092922 0.310607539
vn -0.742279875 0.605714321 0.286584628
vn -0.874250769 0.284914293 0.393076887
vn -0.921801577 0.232485740 0.310213205
vn -0.825427963 0.369200177 0.427036189
vn -0.710113391 0.609177716 0.353046005
vn -0.915362782 0.314860186 0.250946290
vn -0.757439453 0.508428273 0.409617098
vn -0.696838336 0.612486706 0.373197492
vn -0.781007527 0.547015190 0.301333079
vn -0.803371765 0.426172168 0.415897933
vn -0.884854979 0.380528327 0.268756134
vn -0.960242733 0.192333373 0.202340723
vn -0.768115152 0.481051012 0.422597961
vn -0.959134186 0.179081303 0.219069626
vn -0.835269588 0.493471481 0.242508995
vn -0.683494630 0.637413343 0.355723659
vn -0.733294773 0.537885927 0.415881599
vn -0.692520899 0.625632367 0.359164232
vn -0.912018312 0.275942755 0.303443891
vn -0.815786934 0.363501369 0.449842676
vn -0.864683788 0.427055868 0.264471610
vn -0.946867569 0.205199940 0.247658620
vn -0.739306963 0.506924219 0.443230245
vn -0.937191836 0.191408597 0.291606262
vn -0.892404123 0.347096113 0.288338637
vn -0.775396764 0.462040249 0.430440084
vn -0.950448543 0.147362351 0.273736927
vn -0.717496593 0.606157570 0.343178728
vn -0.850835974 0.428037366 0.304732931
vn -0.853558653 0.432466458 0.290534659
vn -0.741266886 0.576489538 0.343777860
vn -0.791598485 0.457284972 0.405292848
vn -0.810972431 0.496191586 0.310028430
vn -0.800019231 0.357825029 0.481591609
vn -0.974337181 0.137351041 0.178330447
vn -0.775252132 0.466485818 0.425881573
vn -0.804323115 0.403049144 0.436595596
vn -0.791095147 0.359598462 0.494830692
vn -0.711207729 0.608590031 0.351854714
vn -0.929425540 0.250651739 0.270817044
vn -0.942598605 0.231350673 0.240800201
vn -0.775163816 0.402966728 0.486558192
vn -0.928464387 0.309518548 0.205309889
vn -0.868844154 0.409056249 0.278895718
vn -0.786394958 0.434495591 0.439086042
vn -0.869148802 0.432531100 0.239785753
vn -0.958313719 0.227222309 0.173219050
vn -0.687595301 0.618433836 0.380463260
vn -0.657258315 0.646447589 0.387449380
vn -0.673610328 0.626584778 0.391970205
vn -0.858681043 0.303089628 0.413283853
vn -0.757522460 0.474915844 0.447900283
vn -0.881098425 0.415665185 0.225583728
vn -0.706053001 0.603812096 0.370000151
vn -0.927357970 0.199064258 0.316829003
vn -0.717922464 0.558231875 0.415890020
vn -0.831481279 0.487947678 0.265604868
vn -0.696321626 0.622452254 0.357336515
vn -0.902406415 0.404096643 0.149561241
vn -0.759636627 0.565177817 0.321754922
vn -0.784100738 0.427235524 0.450173122
vn -0.863250089 0.438599282 0.249859867
vn -0.697733334 0.602648612 0.387276186
vn -0.683065301 0.618239100 0.388847285
vn -0.962724542 0.236515102 0.131232857
vn -0.937285928 0.307583275 0.163974444
vn -0.759130245 0.410744044 0.504985743
vn -0.922782112 0.364169414 0.125911922
vn -0.905000389 0.397840956 0.150654802
vn -0.771510705 0.413624088 0.483411157
vn -0.722859044 0.534170820 0.438333591
vn -0.906906296 0.407289277 0.107872216
vn -0.708024965 0.606123210 0.362374536
vn -0.956254427 0.252797751 0.147209947
vn -0.683717498 0.620810392 0.383568561
vn -0.751876966 0.436626799 0.494002092
vn -0.752368095 0.388840880 0.531737736
vn -0.783598850 0.527702208 0.327876838
vn -0.868885963 0.446758244 0.213176581
vn -0.670592745 0.643984558 0.368224469
vn -0.860739943 0.455347703 0.227563659
vn -0.658258485 0.609000203 0.442509343
vn -0.684208305 0.604304106 0.408259161
vn -0.714720229 0.492890102 0.496220053
vn -0.617944673 0.639660103 0.457142574
vn -0.860149371 0.446032780 0.247381929
vn -0.767141719 0.398991288 0.502294271
vn -0.934740799 0.313031675 0.168139253
vn -0.844914954 0.481505581 0.232961577
vn -0.701184098 0.590459203 0.399623312
vn -0.707261717 0.589782754 0.389791184
vn -0.689302324 0.608903239 0.392554649
vn -0.687142451 0.541860288 0.483965579
vn -0.670245813 0.633426857 0.386705271
vn -0.960866084 0.252574421 0.113765246
vn -0.669776137 0.637098291 0.381452086
vn -0.699437796 0.605507823 0.379667021
vn -0.870548066 0.436387388 0.227402976
vn -0.867030290 0.446850305 0.220416155
vn -0.661523641 0.634155242 0.400291897
vn -0.717447492 0.598229986 0.356917329
vn -0.607163569 0.635222663 0.477330671
vn -0.918123786 0.390552067 0.067214563
vn -0.692092623 0.535800849 0.483658197
vn -0.710495260 0.593151041 0.378640103
vn -0.823474032 0.493196496 0.280442036
vn -0.700807567 0.572148128 0.426046092
vn -0.597617327 0.646541653 0.474170246
vn -0.678458531 0.602796046 0.419917788
vn -0.760903577 0.553142740 0.339203266
vn -0.784205534 0.619519209 0.034894555
vn -0.694522259 0.475517489 0.539927727
vn -0.854545201 0.462449021 0.236417854
vn -0.860717441 0.461044804 0.215877685
vn -0.850010781 0.482757084 0.210777773
vn -0.625264214 0.617761470 0.476880938
vn -0.673441534 0.639544719 0.370754707
vn -0.623801336 0.613748797 0.483925932
vn -0.942326798 0.300711681 0.146944515
vn -0.924582369 0.379718041 -0.031010524
vn -0.931326131 0.362035517 0.039521154
vn -0.894496574 0.398224615 0.203206876
vn -0.579608636 0.631535531 0.514991943
vn -0.802687414 0.532652038 0.268281050
vn -0.645949813 0.528513350 0.550837978
vn -0.701937029 0.629054996 0.334027274
vn -0.697788552 0.563031255 0.442817052
vn -0.862577733 0.466200202 0.196512152
vn -0.880939830 0.468180690 0.068933717
vn -0.849173340 0.486595576 0.205254436
vn -0.679569113 0.613191529 0.402718227
vn -0.857972856 0.477014640 0.190629516
vn -0.707945643 0.609699761 0.356481652
vn -0.693983161 0.596572691 0.403098494
vn -0.660089565 0.629402986 0.410041031
vn -0.597679331 0.664016567 0.449289902
vn -0.914748864 0.374506752 0.151588949
vn -0.577488099 0.630151922 0.519053033
vn -0.918633660 0.364987489 0.151315336
vn -0.823998980 0.513511311 0.239440630
vn -0.693877860 0.625394477 0.356952745
vn -0.750021387 0.581018962 0.316045699
vn -0.871878110 0.462002004 0.162427551
vn -0.665241430 0.653074956 0.361865917
vn -0.560040648 0.659927664 0.500849229
vn -0.858070021 0.481965454 0.177271373
vn -0.618704127 0.690525257 0.374673288
vn -0.632797226 0.676236848 0.377188807
vn -0.550707696 0.622384528 0.556200083
vn -0.765090601 0.578795359 0.282191965
vn -0.924811571 0.358693045 0.126739329
vn -0.542309116 0.619960120 0.567054029
vn -0.607338470 0.517746111 0.602560326
vn -0.920998868 0.369957741 0.122034237
vn -0.863403316 0.488824592 0.124840828
vn -0.684413975 0.598989214 0.415679482
vn -0.918813951 0.384296740 0.089982992
vn -0.520857933 0.628217526 0.577970375
vn -0.839138080 0.497509569 0.219844287
vn -0.714950242 0.698730619 0.024933376
vn -0.700356430 0.606675957 0.376091950
vn -0.628530321 0.668251663 0.397981596
vn -0.680523286 0.648569525 0.340948132
vn -0.846465093 0.487199065 0.214788077
vn -0.684970518 0.609435878 0.399253429
vn -0.890939366 0.431226802 0.142374473
vn -0.627613686 0.682213844 0.375080435
vn -0.520787140 0.676607029 0.520560932
vn -0.691092116 0.596957698 0.407471709
vn -0.686757869 0.608932207 0.396944828
vn -0.545575041 0.725898086 0.418831521
vn -0.843326232 0.536962225 0.021735597
vn -0.673027718 0.665086718 0.323563515
vn -0.689070431 0.636849023 0.345839940
vn -0.490283150 0.654065593 0.576038742
vn -0.494477648 0.733095784 0.466971549
vn -0.917162849 0.394117065 0.059025817
vn -0.826088349 0.513682512 0.231750549
vn -0.695309332 0.593377366 0.405522174
vn -0.665949010 0.652647319 0.361335569
vn -0.716134837 0.627193774 0.306233349
vn -0.460565104 0.744531267 0.483273191
vn -0.465468471 0.759140790 0.455021279
vn -0.905756338 0.405403821 0.123503836
vn -0.800285532 0.532877633 0.274926346
vn -0.667801803 0.675663665 0.312280906
vn -0.844949503 0.483457174 0.228756417
vn -0.845462283 0.532145272 0.044888065
vn -0.662212314 0.660548182 0.353766802
vn -0.543302704 0.734978255 0.405745162
vn -0.697422248 0.642096528 0.318299006
vn -0.723359025 0.623267820 0.297134559
vn -0.831211450 0.494279283 0.254510345
vn -0.689436881 0.665635501 0.285667930
vn -0.624194440 0.692003189 0.362647057
vn -0.873892363 0.466912860 0.135294193
vn -0.701243220 0.641579309 0.310859995
vn -0.678502647 0.678572068 0.281378935
vn -0.830098203 0.526239665 0.184414717
vn -0.677381451 0.693291032 0.245971369
vn -0.838093668 0.500725453 0.216501789
vn -0.644792162 0.654290313 0.395154721
vn -0.844946994 0.527957420 0.085589367
vn -0.680715273 0.671431362 0.292927709
vn -0.518893171 0.723064899 0.455990163
vn -0.713652113 0.649425428 0.262578132
vn -0.751446442 0.595054812 0.285022834
vn -0.779707319 0.564803747 0.270283599
vn -0.836458706 0.523321478 0.162700535
vn -0.720921256 0.656972741 0.220588668
vn -0.480741325 0.743217428 0.465312404
vn -0.585115214 0.714463761 0.383642699
vn -0.786874179 0.613901065 0.062884885
vn -0.816663184 0.540422497 0.202496342
vn -0.684779323 0.682912140 0.254378237
vn -0.780243280 0.621519322 0.070243553
vn -0.670531328 0.705346784 0.229942716
vn -0.698766636 0.670563603 0.249137799
vn -0.821396446 0.557440952 0.120695748
vn -0.664297155 0.676821233 0.317210196
vn -0.745613771 0.611632039 0.264511536
vn -0.776831686 0.585963255 0.230607017
vn -0.657005624 0.691343348 0.300645946
vn -0.797257150 0.588808431 0.132987477
vn -0.707263735 0.645150313 0.289065880
vn -0.709449037 0.638416453 0.298507113
vn -0.766494269 0.581607003 0.272433166
vn -0.620446147 0.708997879 0.335214238
vn -0.742025395 0.600899049 0.297184532
vn -0.796768502 0.600797096 0.064829035
vn -0.749683014 0.605510891 0.267080396
vn -0.687711217 0.654305791 0.314542865
vn -0.682086027 0.648784527 0.337397821
vn -0.732244080 0.642958880 0.224549518
vn -0.745067991 0.648031981 0.157886795
vn -0.760060704 0.641430532 0.104281342
vn -0.699012438 0.646960319 0.304670245
vn -0.741086946 0.624229439 0.247240260
vn -0.701452193 0.626554170 0.339697944
vn -0.672480652 0.732352055 0.106912300
vn -0.703360147 0.627488747 0.333979604
vn -0.717518933 0.656434102 0.232939587
vn -0.712738171 0.649203074 0.265593051
vn -0.659949807 0.684725067 0.309221337
vn -0.686700621 0.616361198 0.385410341
vn -0.692246535 0.696025294 0.190639776
vn -0.708719483 0.690575259 0.144300056
vn -0.713240370 0.679944878 0.170185597
vn -0.680516427 0.699247479 0.218975699
vn -0.567745257 0.804309323 0.175362015
vn -0.694454440 0.682332622 0.228375180
vn -0.649024642 0.688684673 0.323234335
vn -0.685131792 0.681708952 0.256646318
vn -0.695099737 0.673167137 0.252353643
vn -0.690562493 0.700508390 0.180031772
vn -0.687935307 0.676721270 0.262284840
vn -0.701820783 0.654660236 0.280833694
vn -0.503992549 0.813519118 0.290134720
vn -0.674147906 0.696770456 0.245021493
vn -0.744354622 0.621271913 0.244862015
vn -0.579782530 0.763332219 0.284914269
vn -0.649352542 0.625983656 0.431839946
vn -0.723394675 0.688926460 0.045612242
vn -0.753017602 0.644932726 0.130484748
vn -0.573512843 0.769617609 0.280663062
vn -0.767981068 0.639764162 0.030114713
vn -0.740174856 0.652335572 0.163093484
vn -0.786871878 0.586677173 0.191422420
vn -0.814083870 0.577615613 0.060230032
vn -0.622465258 0.764820998 0.166089867
vn -0.870380520 0.460402783 0.174548069
vn -0.793834463 0.590700151 -0.144568933
vn -0.747690145 0.658620176 0.084728453
vn -0.829317644 0.524096182 -0.193792253
vn -0.629746247 0.772329636 0.083226189
vn -0.662182576 0.747747701 0.048863194
vn -0.603759342 0.793171842 -0.079706244
vn -0.612258623 0.772155549 -0.170044659
f 7//7 5//5 1//1
f 1061//1061 1051//1051 1042//1042
f 1051//1051 1061//1061 1074//1074
f 254//254 295//295 270//270
f 749//749 793//793 741//741
f 2173//2173 2177//2177 2183//2183
f 764//764 808//808 810//810
f 549//549 546//546 529//529
f 501//501 518//518 448//448
f 544//544 549//549 518//518
f 722//722 666//666 649//649
f 676//676 666//666 740//740
f 666//666 722//722 740//740
f 575//575 600//600 566//566
f 600//600 666//666 566//566
f 666//666 600//600 649//649
f 600//600 575//575 563//563
f 542//542 575//575 566//566
f 545//545 542//542 566//566
f 269//269 247//247 199//199
f 317//317 269//269 315//315
f 269//269 317//317 247//247
f 247//247 188//188 199//199
f 522//522 495//495 540//540
f 1128//1128 1113//1113 1080//1080
f 1146//1146 1213//1213 1158//1158
f 1541//1541 1632//1632 1583//1583
f 306//306 271//271 277//277
f 177//177 189//189 191//191
f 208//208 189//189 177//177
f 184//184 177//177 163//163
f 184//184 208//208 177//177
f 218//218 184//184 163//163
f 950//950 925//925 885//885
f 925//925 879//879 885//885
f 464//464 382//382 416//416
f 367//367 464//464 452//452
f 382//382 464//464 367//367
f 534//534 464//464 416//416
f 850//850 904//904 860//860
f 139//139 140//140 163//163
f 248//248 200//200 192//192
f 159//159 187//187 192//192
f 37//37 40//40 33//33
f 112//112 91//91 126//126
f 112//112 92//92 91//91
f 143//143 233//233 254//254
f 91//91 168//168 126//126
f 168//168 91//91 129//129
f 168//168 143//143 126//126
f 143//143 168//168 233//233
f 233//233 168//168 234//234
f 265//265 233//233 234//234
f 230//230 254//254 270//270
f 230//230 143//143 254//254
f 739//739 708//708 664//664
f 708//708 643//643 664//664
f 739//739 732//732 774//774
f 731//731 760//760 721//721
f 760//760 770//770 721//721
f 693//693 630//630 662//662
f 725//725 749//749 741//741
f 496//496 561//561 494//494
f 478//478 496//496 494//494
f 435//435 454//454 532//532
f 541//541 454//454 444//444
f 2221//2221 2222//2222 2223//2223
f 2215//2215 2221//2221 2218//2218
f 2170//2170 2165//2165 2177//2177
f 2186//2186 2190//2190 2197//2197
f 2190//2190 2178//2178 2184//2184
f 2186//2186 2178//2178 2190//2190
f 2165//2165 2178//2178 2177//2177
f 2171//2171 2178//2178 2165//2165
f 2189//2189 2204//2204 2197//2197
f 2189//2189 2190//2190 2184//2184
f 2190//2190 2189//2189 2197//2197
f 2178//2178 2174//2174 2184//2184
f 2174//2174 2178//2178 2171//2171
f 2029//2029 2057//2057 2021//2021
f 2070//2070 2098//2098 2057//2057
f 459//459 535//535 527//527
f 69//69 64//64 45//45
f 47//47 61//61 63//63
f 5//5 6//6 1//1
f 862//862 899//899 964//964
f 947//947 899//899 933//933
f 899//899 808//808 933//933
f 852//852 862//862 964//964
f 977//977 899//899 947//947
f 709//709 764//764 750//750
f 575//575 521//521 563//563
f 521//521 542//542 473//473
f 542//542 521//521 575//575
f 787//787 758//758 801//801
f 744//744 754//754 720//720
f 744//744 787//787 754//754
f 787//787 744//744 758//758
f 758//758 718//718 750//750
f 718//718 709//709 750//750
f 709//709 718//718 669//669
f 777//777 757//757 754//754
f 787//787 777//777 754//754
f 778//778 777//777 825//825
f 777//777 778//778 757//757
f 611//611 629//629 563//563
f 754//754 711//711 720//720
f 757//757 711//711 754//754
f 711//711 652//652 720//720
f 1060//1060 1036//1036 1032//1032
f 549//549 572//572 546//546
f 588//588 666//666 676//676
f 501//501 519//519 518//518
f 519//519 544//544 518//518
f 519//519 501//501 492//492
f 285//285 301//301 341//341
f 542//542 463//463 473//473
f 285//285 214//214 232//232
f 214//214 285//285 250//250
f 156//156 127//127 113//113
f 156//156 128//128 155//155
f 128//128 156//156 113//113
f 128//128 113//113 82//82
f 317//317 376//376 337//337
f 376//376 391//391 337//337
f 391//391 332//332 337//337
f 344//344 332//332 391//391
f 251//251 292//292 232//232
f 292//292 285//285 232//232
f 285//285 292//292 301//301
f 292//292 332//332 301//301
f 332//332 292//292 337//337
f 292//292 251//251 247//247
f 292//292 317//317 337//337
f 317//317 292//292 247//247
f 188//188 205//205 155//155
f 205//205 188//188 247//247
f 25//25 16//16 18//18
f 25//25 35//35 16//16
f 1962//1962 1953//1953 1994//1994
f 1663//1663 1585//1585 1583//1583
f 1643//1643 1585//1585 1663//1663
f 1585//1585 1643//1643 1609//1609
f 1695//1695 1713//1713 1671//1671
f 1791//1791 1775//1775 1744//1744
f 1632//1632 1644//1644 1583//1583
f 1644//1644 1663//1663 1583//1583
f 1775//1775 1745//1745 1744//1744
f 1727//1727 1745//1745 1775//1775
f 512//512 522//522 525//525
f 522//522 512//512 495//495
f 512//512 441//441 495//495
f 522//522 603//603 525//525
f 827//827 902//902 789//789
f 1103//1103 1140//1140 1067//1067
f 1113//1113 1102//1102 1080//1080
f 1020//1020 968//968 985//985
f 935//935 927//927 1008//1008
f 892//892 890//890 800//800
f 1152//1152 1166//1166 1141//1141
f 1146//1146 1221//1221 1213//1213
f 1221//1221 1274//1274 1213//1213
f 1414//1414 1415//1415 1362//1362
f 1410//1410 1478//1478 1437//1437
f 1387//1387 1415//1415 1442//1442
f 1415//1415 1387//1387 1362//1362
f 2009//2009 2008//2008 1999//1999
f 2062//2062 2037//2037 2042//2042
f 1901//1901 1953//1953 1893//1893
f 1787//1787 1765//1765 1831//1831
f 1642//1642 1711//1711 1706//1706
f 1642//1642 1668//1668 1711//1711
f 11//11 5//5 7//7
f 61//61 23//23 56//56
f 23//23 24//24 56//56
f 23//23 47//47 17//17
f 47//47 23//23 61//61
f 11//11 23//23 17//17
f 125//125 81//81 120//120
f 1044//1044 1070//1070 1008//1008
f 970//970 927//927 922//922
f 927//927 970//970 1008//1008
f 925//925 970//970 922//922
f 970//970 925//925 950//950
f 1454//1454 1392//1392 1421//1421
f 1155//1155 1117//1117 1158//1158
f 1190//1190 1159//1159 1135//1135
f 534//534 403//403 436//436
f 403//403 534//534 416//416
f 403//403 339//339 436//436
f 198//198 140//140 210//210
f 207//207 191//191 206//206
f 780//780 781//781 751//751
f 780//780 879//879 781//781
f 896//896 925//925 922//922
f 896//896 879//879 925//925
f 734//734 673//673 723//723
f 673//673 734//734 730//730
f 673//673 571//571 597//597
f 571//571 673//673 609//609
f 679//679 673//673 730//730
f 673//673 679//679 609//609
f 788//788 800//800 695//695
f 788//788 679//679 730//730
f 788//788 892//892 800//800
f 727//727 641//641 751//751
f 641//641 727//727 640//640
f 727//727 675//675 640//640
f 781//781 727//727 751//751
f 675//675 622//622 640//640
f 534//534 622//622 597//597
f 556//556 534//534 597//597
f 534//534 556//556 464//464
f 464//464 556//556 515//515
f 571//571 556//556 597//597
f 1139//1139 1146//1146 1158//1158
f 1117//1117 1139//1139 1158//1158
f 791//791 739//739 774//774
f 830//830 791//791 774//774
f 823//823 908//908 850//850
f 908//908 823//823 913//913
f 857//857 822//822 860//860
f 804//804 756//756 740//740
f 756//756 676//676 740//740
f 756//756 738//738 676//676
f 748//748 728//728 724//724
f 677//677 738//738 724//724
f 861//861 828//828 803//803
f 826//826 828//828 870//870
f 828//828 826//826 804//804
f 756//756 826//826 824//824
f 826//826 756//756 804//804
f 210//210 165//165 176//176
f 140//140 165//165 210//210
f 248//248 217//217 200//200
f 454//454 398//398 444//444
f 217//217 302//302 234//234
f 302//302 334//334 298//298
f 302//302 248//248 286//286
f 302//302 217//217 248//248
f 134//134 183//183 172//172
f 108//108 129//129 87//87
f 131//131 134//134 172//172
f 134//134 131//131 118//118
f 67//67 40//40 37//37
f 40//40 59//59 33//33
f 67//67 59//59 40//40
f 49//49 67//67 37//37
f 49//49 37//37 12//12
f 31//31 49//49 12//12
f 110//110 112//112 126//126
f 143//143 110//110 126//126
f 281//281 265//265 234//234
f 265//265 281//281 298//298
f 302//302 281//281 234//234
f 281//281 302//302 298//298
f 276//276 298//298 321//321
f 276//276 265//265 298//298
f 265//265 276//276 233//233
f 276//276 295//295 254//254
f 233//233 276//276 254//254
f 170//170 230//230 215//215
f 230//230 170//170 143//143
f 230//230 245//245 215//215
f 245//245 221//221 215//215
f 643//643 699//699 663//663
f 708//708 699//699 643//643
f 743//743 786//786 774//774
f 732//732 743//743 774//774
f 560//560 643//643 663//663
f 592//592 560//560 663//663
f 674//674 592//592 663//663
f 592//592 579//579 568//568
f 674//674 579//579 592//592
f 528//528 460//460 485//485
f 760//760 782//782 770//770
f 782//782 760//760 731//731
f 822//822 782//782 731//731
f 1110//1110 1152//1152 1141//1141
f 1079//1079 1110//1110 1141//1141
f 1127//1127 1079//1079 1141//1141
f 665//665 662//662 583//583
f 719//719 687//687 710//710
f 630//630 667//667 636//636
f 693//693 667//667 630//630
f 667//667 693//693 710//710
f 687//687 667//667 710//710
f 690//690 693//693 662//662
f 665//665 690//690 662//662
f 690//690 665//665 725//725
f 693//693 690//690 741//741
f 690//690 725//725 741//741
f 770//770 759//759 721//721
f 759//759 714//714 721//721
f 714//714 759//759 735//735
f 759//759 802//802 793//793
f 802//802 759//759 770//770
f 749//749 759//759 793//793
f 735//735 759//759 749//749
f 628//628 681//681 721//721
f 505//505 570//570 583//583
f 623//623 593//593 578//578
f 593//593 681//681 628//628
f 681//681 593//593 623//623
f 478//478 475//475 496//496
f 546//546 517//517 529//529
f 549//549 497//497 518//518
f 378//378 355//355 397//397
f 355//355 324//324 316//316
f 324//324 355//355 378//378
f 482//482 478//478 494//494
f 561//561 482//482 494//494
f 482//482 570//570 505//505
f 570//570 482//482 561//561
f 287//287 278//278 240//240
f 324//324 278//278 316//316
f 278//278 324//324 280//280
f 614//614 586//586 621//621
f 454//454 564//564 532//532
f 564//564 454//454 541//541
f 564//564 541//541 569//569
f 586//586 564//564 569//569
f 386//386 410//410 435//435
f 410//410 454//454 435//435
f 608//608 630//630 636//636
f 596//596 608//608 636//636
f 2215//2215 2212//2212 2210//2210
f 2212//2212 2215//2215 2218//2218
f 2212//2212 2206//2206 2210//2210
f 2206//2206 2212//2212 2209//2209
f 2203//2203 2206//2206 2195//2195
f 2203//2203 2195//2195 2185//2185
f 2213//2213 2215//2215 2210//2210
f 2173//2173 2168//2168 2177//2177
f 2168//2168 2170//2170 2177//2177
f 2178//2178 2182//2182 2177//2177
f 2182//2182 2178//2178 2186//2186
f 2177//2177 2182//2182 2183//2183
f 2182//2182 2186//2186 2183//2183
f 2198//2198 2199//2199 2194//2194
f 2193//2193 2198//2198 2194//2194
f 2208//2208 2209//2209 2211//2211
f 2188//2188 2199//2199 2204//2204
f 2189//2189 2188//2188 2204//2204
f 2188//2188 2187//2187 2199//2199
f 2188//2188 2189//2189 2184//2184
f 2187//2187 2188//2188 2176//2176
f 2174//2174 2188//2188 2184//2184
f 2188//2188 2174//2174 2176//2176
f 1989//1989 1970//1970 1998//1998
f 2191//2191 2193//2193 2194//2194
f 2193//2193 2191//2191 2180//2180
f 2199//2199 2191//2191 2194//2194
f 2187//2187 2191//2191 2199//2199
f 2179//2179 2187//2187 2176//2176
f 2191//2191 2179//2179 2180//2180
f 2179//2179 2191//2191 2187//2187
f 1947//1947 1996//1996 2000//2000
f 2032//2032 1996//1996 1987//1987
f 1948//1948 1947//1947 2000//2000
f 2015//2015 1990//1990 2021//2021
f 2022//2022 2015//2015 2021//2021
f 2057//2057 2022//2022 2021//2021
f 2032//2032 2022//2022 2057//2057
f 2049//2049 2070//2070 2057//2057
f 2029//2029 2049//2049 2057//2057
f 1990//1990 1997//1997 2021//2021
f 1901//1901 1950//1950 1953//1953
f 1950//1950 1901//1901 1924//1924
f 1953//1953 1995//1995 1994//1994
f 1984//1984 1995//1995 1953//1953
f 1995//1995 1984//1984 1999//1999
f 2008//2008 1995//1995 1999//1999
f 1995//1995 2008//2008 2035//2035
f 495//495 456//456 540//540
f 441//441 456//456 495//495
f 456//456 441//441 402//402
f 6//6 10//10 15//15
f 10//10 6//6 5//5
f 10//10 11//11 17//17
f 11//11 10//10 5//5
f 31//31 30//30 55//55
f 30//30 31//31 12//12
f 8//8 6//6 15//15
f 6//6 8//8 1//1
f 808//808 842//842 810//810
f 899//899 842//842 808//808
f 842//842 899//899 862//862
f 842//842 794//794 810//810
f 1278//1278 1314//1314 1284//1284
f 899//899 976//976 964//964
f 977//977 976//976 899//899
f 1021//1021 977//977 947//947
f 1021//1021 947//947 933//933
f 602//602 550//550 591//591
f 602//602 611//611 563//563
f 550//550 602//602 563//563
f 709//709 706//706 764//764
f 617//617 605//605 656//656
f 605//605 617//617 576//576
f 552//552 605//605 576//576
f 511//511 552//552 530//530
f 584//584 550//550 530//530
f 584//584 552//552 576//576
f 552//552 584//584 530//530
f 617//617 584//584 576//576
f 584//584 617//617 669//669
f 758//758 769//769 801//801
f 769//769 794//794 801//801
f 769//769 758//758 750//750
f 764//764 769//769 750//750
f 769//769 764//764 810//810
f 794//794 769//769 810//810
f 852//852 834//834 801//801
f 868//868 834//834 852//852
f 715//715 718//718 758//758
f 715//715 744//744 720//720
f 744//744 715//715 758//758
f 831//831 778//778 825//825
f 778//778 831//831 803//803
f 831//831 861//861 803//803
f 868//868 831//831 825//825
f 882//882 831//831 868//868
f 600//600 635//635 649//649
f 635//635 600//600 563//563
f 629//629 635//635 563//563
f 711//711 654//654 652//652
f 654//654 629//629 611//611
f 916//916 889//889 944//944
f 928//928 916//916 944//944
f 981//981 928//928 944//944
f 1036//1036 1052//1052 1041//1041
f 1060//1060 1052//1052 1036//1036
f 666//666 574//574 566//566
f 588//588 574//574 666//666
f 574//574 545//545 566//566
f 660//660 588//588 676//676
f 660//660 677//677 627//627
f 738//738 660//660 676//676
f 677//677 660//660 738//738
f 572//572 573//573 627//627
f 573//573 660//660 627//627
f 660//660 573//573 588//588
f 574//574 573//573 544//544
f 573//573 574//574 588//588
f 544//544 573//573 549//549
f 573//573 572//572 549//549
f 778//778 785//785 757//757
f 785//785 767//767 757//757
f 785//785 778//778 803//803
f 716//716 722//722 649//649
f 767//767 716//716 757//757
f 635//635 716//716 649//649
f 348//348 344//344 391//391
f 419//419 463//463 443//443
f 348//348 419//419 341//341
f 513//513 542//542 545//545
f 513//513 463//463 542//542
f 463//463 467//467 443//443
f 467//467 479//479 443//443
f 513//513 467//467 463//463
f 467//467 513//513 479//479
f 479//479 446//446 443//443
f 174//174 156//156 232//232
f 214//214 174//174 232//232
f 167//167 188//188 155//155
f 128//128 167//167 155//155
f 167//167 128//128 82//82
f 188//188 167//167 199//199
f 354//354 376//376 317//317
f 354//354 317//317 315//315
f 425//425 354//354 315//315
f 251//251 236//236 247//247
f 236//236 205//205 247//247
f 25//25 60//60 35//35
f 60//60 78//78 81//81
f 81//81 93//93 120//120
f 78//78 93//93 81//81
f 93//93 127//127 120//120
f 127//127 93//93 113//113
f 113//113 93//93 82//82
f 93//93 60//60 82//82
f 60//60 93//93 78//78
f 1851//1851 1783//1783 1792//1792
f 1953//1953 1903//1903 1893//1893
f 1710//1710 1702//1702 1731//1731
f 1647//1647 1702//1702 1656//1656
f 1729//1729 1710//1710 1731//1731
f 1746//1746 1735//1735 1792//1792
f 1911//1911 1926//1926 1917//1917
f 1925//1925 1926//1926 1911//1911
f 1638//1638 1570//1570 1609//1609
f 1643//1643 1638//1638 1609//1609
f 1638//1638 1643//1643 1671//1671
f 1803//1803 1843//1843 1811//1811
f 1775//1775 1803//1803 1811//1811
f 1803//1803 1775//1775 1791//1791
f 1674//1674 1643//1643 1663//1663
f 1695//1695 1674//1674 1713//1713
f 1643//1643 1674//1674 1671//1671
f 1674//1674 1695//1695 1671//1671
f 1644//1644 1681//1681 1663//1663
f 1681//1681 1644//1644 1688//1688
f 1681//1681 1727//1727 1713//1713
f 1727//1727 1681//1681 1745//1745
f 1681//1681 1674//1674 1663//1663
f 1674//1674 1681//1681 1713//1713
f 1681//1681 1688//1688 1744//1744
f 1745//1745 1681//1681 1744//1744
f 1688//1688 1728//1728 1744//1744
f 1722//1722 1728//1728 1688//1688
f 1551//1551 1546//1546 1519//1519
f 1546//1546 1551//1551 1590//1590
f 1628//1628 1689//1689 1677//1677
f 580//580 522//522 540//540
f 580//580 603//603 522//522
f 603//603 580//580 632//632
f 580//580 562//562 604//604
f 603//603 619//619 525//525
f 619//619 603//603 650//650
f 535//535 557//557 527//527
f 557//557 562//562 527//527
f 557//557 535//535 625//625
f 604//604 557//557 625//625
f 562//562 557//557 604//604
f 726//726 671//671 695//695
f 761//761 726//726 695//695
f 761//761 890//890 841//841
f 800//800 761//761 695//695
f 890//890 761//761 800//800
f 698//698 671//671 726//726
f 580//580 637//637 632//632
f 637//637 580//580 604//604
f 833//833 816//816 841//841
f 1143//1143 1140//1140 1103//1103
f 1143//1143 1171//1171 1140//1140
f 1171//1171 1143//1143 1194//1194
f 1020//1020 1075//1075 1103//1103
f 1075//1075 1020//1020 1080//1080
f 1102//1102 1075//1075 1080//1080
f 1131//1131 1102//1102 1113//1113
f 919//919 1002//1002 902//902
f 827//827 919//919 902//902
f 1034//1034 968//968 1020//1020
f 1034//1034 1103//1103 1067//1067
f 1034//1034 1020//1020 1103//1103
f 833//833 897//897 836//836
f 1128//1128 1207//1207 1113//1113
f 1182//1182 1131//1131 1113//1113
f 1207//1207 1182//1182 1113//1113
f 1182//1182 1207//1207 1225//1225
f 1017//1017 932//932 975//975
f 932//932 892//892 975//975
f 892//892 932//932 890//890
f 890//890 932//932 971//971
f 939//939 859//859 971//971
f 859//859 890//890 971//971
f 890//890 859//859 841//841
f 859//859 833//833 841//841
f 892//892 921//921 975//975
f 1276//1276 1222//1222 1284//1284
f 1222//1222 1278//1278 1284//1284
f 1177//1177 1146//1146 1137//1137
f 1177//1177 1221//1221 1146//1146
f 1267//1267 1221//1221 1237//1237
f 1221//1221 1267//1267 1274//1274
f 1563//1563 1499//1499 1510//1510
f 1414//1414 1497//1497 1415//1415
f 1497//1497 1499//1499 1415//1415
f 1499//1499 1497//1497 1510//1510
f 1415//1415 1494//1494 1442//1442
f 1499//1499 1494//1494 1415//1415
f 1494//1494 1508//1508 1442//1442
f 1494//1494 1563//1563 1508//1508
f 1563//1563 1494//1494 1499//1499
f 1001//1001 934//934 904//904
f 1206//1206 1241//1241 1264//1264
f 1241//1241 1206//1206 1195//1195
f 1348//1348 1383//1383 1327//1327
f 1410//1410 1383//1383 1348//1348
f 1383//1383 1410//1410 1437//1437
f 1372//1372 1383//1383 1437//1437
f 1435//1435 1410//1410 1348//1348
f 1508//1508 1435//1435 1442//1442
f 1387//1387 1331//1331 1362//1362
f 2028//2028 2023//2023 2042//2042
f 2037//2037 2028//2028 2042//2042
f 2036//2036 2037//2037 2062//2062
f 2008//2008 2036//2036 2039//2039
f 1927//1927 1922//1922 1941//1941
f 1922//1922 1927//1927 1892//1892
f 1901//1901 1887//1887 1924//1924
f 1562//1562 1581//1581 1604//1604
f 1562//1562 1563//1563 1510//1510
f 1750//1750 1827//1827 1735//1735
f 1735//1735 1827//1827 1792//1792
f 1827//1827 1824//1824 1792//1792
f 1625//1625 1591//1591 1606//1606
f 1591//1591 1625//1625 1581//1581
f 1787//1787 1753//1753 1765//1765
f 1711//1711 1753//1753 1706//1706
f 1753//1753 1711//1711 1765//1765
f 1842//1842 1787//1787 1831//1831
f 1821//1821 1827//1827 1750//1750
f 1610//1610 1587//1587 1574//1574
f 1440//1440 1406//1406 1451//1451
f 1406//1406 1314//1314 1451//1451
f 1314//1314 1406//1406 1376//1376
f 1404//1404 1406//1406 1440//1440
f 1470//1470 1509//1509 1496//1496
f 1470//1470 1440//1440 1451//1451
f 1440//1440 1470//1470 1496//1496
f 24//24 13//13 7//7
f 13//13 11//11 7//7
f 23//23 13//13 24//24
f 13//13 23//23 11//11
f 34//34 14//14 16//16
f 35//35 41//41 16//16
f 41//41 34//34 16//16
f 41//41 60//60 81//81
f 60//60 41//41 35//35
f 125//125 104//104 81//81
f 104//104 41//41 81//81
f 175//175 174//174 214//214
f 122//122 101//101 117//117
f 52//52 101//101 56//56
f 285//285 282//282 250//250
f 282//282 238//238 250//250
f 282//282 259//259 238//238
f 259//259 282//282 283//283
f 124//124 145//145 161//161
f 145//145 166//166 161//161
f 166//166 204//204 161//161
f 166//166 145//145 178//178
f 204//204 166//166 178//178
f 290//290 258//258 283//283
f 1030//1030 1077//1077 1044//1044
f 1070//1070 1057//1057 1008//1008
f 1099//1099 1089//1089 1077//1077
f 989//989 1044//1044 1008//1008
f 970//970 989//989 1008//1008
f 1560//1560 1546//1546 1590//1590
f 1541//1541 1560//1560 1632//1632
f 1546//1546 1560//1560 1541//1541
f 1234//1234 1309//1309 1315//1315
f 1184//1184 1234//1234 1203//1203
f 1190//1190 1236//1236 1159//1159
f 1236//1236 1184//1184 1159//1159
f 1472//1472 1427//1427 1443//1443
f 1427//1427 1472//1472 1421//1421
f 1504//1504 1472//1472 1443//1443
f 1472//1472 1452//1452 1421//1421
f 1452//1452 1454//1454 1421//1421
f 1726//1726 1672//1672 1740//1740
f 1672//1672 1726//1726 1686//1686
f 1646//1646 1672//1672 1686//1686
f 1558//1558 1561//1561 1576//1576
f 1155//1155 1098//1098 1117//1117
f 1061//1061 1098//1098 1074//1074
f 1117//1117 1098//1098 1061//1061
f 1367//1367 1345//1345 1320//1320
f 1506//1506 1468//1468 1498//1498
f 1450//1450 1466//1466 1498//1498
f 1468//1468 1450//1450 1498//1498
f 1053//1053 1072//1072 1025//1025
f 1333//1333 1281//1281 1320//1320
f 1345//1345 1333//1333 1320//1320
f 1295//1295 1333//1333 1352//1352
f 1333//1333 1295//1295 1281//1281
f 1208//1208 1163//1163 1197//1197
f 1064//1064 1051//1051 1074//1074
f 1098//1098 1064//1064 1074//1074
f 1056//1056 1064//1064 1090//1090
f 339//339 343//343 305//305
f 343//343 362//362 363//363
f 343//343 319//319 267//267
f 381//381 403//403 416//416
f 362//362 381//381 363//363
f 343//343 381//381 362//362
f 381//381 382//382 363//363
f 382//382 381//381 416//416
f 381//381 339//339 403//403
f 381//381 343//343 339//339
f 339//339 360//360 436//436
f 218//218 226//226 261//261
f 186//186 218//218 163//163
f 140//140 186//186 163//163
f 198//198 186//186 140//140
f 186//186 226//226 218//218
f 226//226 186//186 198//198
f 228//228 218//218 261//261
f 266//266 228//228 261//261
f 288//288 266//266 261//261
f 271//271 288//288 261//261
f 274//274 288//288 305//305
f 288//288 274//274 266//266
f 288//288 271//271 306//306
f 288//288 339//339 305//305
f 220//220 207//207 206//206
f 191//191 220//220 206//206
f 189//189 220//220 191//191
f 220//220 189//189 208//208
f 228//228 220//220 208//208
f 323//323 296//296 293//293
f 220//220 255//255 207//207
f 335//335 382//382 367//367
f 382//382 335//335 363//363
f 335//335 343//343 363//363
f 343//343 335//335 319//319
f 780//780 766//766 809//809
f 843//843 780//780 809//809
f 879//879 843//843 885//885
f 780//780 843//843 879//879
f 723//723 685//685 781//781
f 685//685 622//622 675//675
f 685//685 727//727 781//781
f 727//727 685//685 675//675
f 582//582 571//571 609//609
f 582//582 609//609 567//567
f 558//558 582//582 567//567
f 565//565 509//509 510//510
f 468//468 526//526 510//510
f 558//558 526//526 533//533
f 526//526 558//558 567//567
f 565//565 526//526 567//567
f 526//526 565//565 510//510
f 468//468 458//458 390//390
f 458//458 468//468 510//510
f 509//509 458//458 510//510
f 679//679 657//657 646//646
f 788//788 657//657 679//679
f 657//657 788//788 695//695
f 788//788 817//817 892//892
f 613//613 565//565 567//567
f 613//613 679//679 646//646
f 609//609 613//613 567//567
f 679//679 613//613 609//609
f 553//553 556//556 571//571
f 582//582 553//553 571//571
f 515//515 553//553 533//533
f 556//556 553//553 515//515
f 553//553 558//558 533//533
f 553//553 582//582 558//558
f 595//595 622//622 534//534
f 555//555 595//595 534//534
f 622//622 595//595 640//640
f 595//595 555//555 618//618
f 641//641 595//595 618//618
f 595//595 641//641 640//640
f 555//555 487//487 507//507
f 487//487 534//534 436//436
f 487//487 555//555 534//534
f 1051//1051 1015//1015 1042//1042
f 1064//1064 1015//1015 1051//1051
f 1015//1015 1064//1064 1056//1056
f 880//880 912//912 872//872
f 830//830 853//853 872//872
f 853//853 880//880 872//872
f 1030//1030 993//993 958//958
f 993//993 1030//1030 1044//1044
f 843//843 858//858 885//885
f 858//858 843//843 809//809
f 745//745 708//708 739//739
f 745//745 699//699 708//708
f 745//745 795//795 813//813
f 795//795 745//745 739//739
f 910//910 904//904 850//850
f 908//908 910//910 850//850
f 910//910 1001//1001 904//904
f 779//779 823//823 784//784
f 756//756 779//779 738//738
f 823//823 779//779 824//824
f 779//779 756//756 824//824
f 857//857 820//820 822//822
f 782//782 820//820 807//807
f 820//820 782//782 822//822
f 934//934 959//959 929//929
f 959//959 1001//1001 1000//1000
f 1001//1001 959//959 934//934
f 904//904 875//875 860//860
f 934//934 875//875 904//904
f 875//875 857//857 860//860
f 748//748 713//713 728//728
f 792//792 828//828 804//804
f 828//828 792//792 803//803
f 792//792 785//785 803//803
f 785//785 792//792 767//767
f 826//826 874//874 824//824
f 889//889 874//874 870//870
f 874//874 826//826 870//870
f 823//823 874//874 913//913
f 874//874 823//823 824//824
f 916//916 874//874 889//889
f 874//874 928//928 913//913
f 928//928 874//874 916//916
f 144//144 165//165 140//140
f 165//165 144//144 148//148
f 144//144 140//140 139//139
f 384//384 361//361 359//359
f 361//361 384//384 345//345
f 168//168 196//196 234//234
f 196//196 217//217 234//234
f 196//196 168//168 129//129
f 298//298 350//350 321//321
f 368//368 334//334 345//345
f 368//368 388//388 334//334
f 388//388 373//373 334//334
f 334//334 373//373 298//298
f 373//373 350//350 298//298
f 334//334 322//322 345//345
f 302//302 322//322 334//334
f 322//322 302//302 286//286
f 322//322 361//361 345//345
f 134//134 160//160 183//183
f 103//103 138//138 79//79
f 138//138 159//159 192//192
f 149//149 131//131 172//172
f 187//187 149//149 172//172
f 149//149 187//187 159//159
f 138//138 149//149 159//159
f 77//77 79//79 55//55
f 77//77 103//103 79//79
f 131//131 116//116 118//118
f 59//59 62//62 33//33
f 62//62 92//92 65//65
f 129//129 90//90 87//87
f 91//91 90//90 129//129
f 90//90 67//67 87//87
f 90//90 59//59 67//67
f 67//67 73//73 87//87
f 49//49 73//73 67//67
f 73//73 108//108 87//87
f 95//95 92//92 112//112
f 110//110 95//95 112//112
f 92//92 95//95 65//65
f 119//119 110//110 143//143
f 249//249 230//230 270//270
f 249//249 245//245 230//230
f 223//223 241//241 244//244
f 245//245 241//241 221//221
f 241//241 209//209 221//221
f 209//209 241//241 223//223
f 249//249 241//241 245//245
f 244//244 241//241 270//270
f 241//241 249//249 270//270
f 193//193 210//210 176//176
f 211//211 223//223 244//244
f 193//193 211//211 210//210
f 211//211 209//209 223//223
f 743//743 736//736 786//786
f 551//551 592//592 568//568
f 551//551 560//560 592//592
f 560//560 551//551 485//485
f 607//607 674//674 704//704
f 607//607 579//579 674//674
f 641//641 607//607 704//704
f 607//607 641//641 618//618
f 555//555 607//607 618//618
f 528//528 531//531 507//507
f 607//607 531//531 579//579
f 531//531 555//555 507//507
f 531//531 607//607 555//555
f 484//484 528//528 507//507
f 484//484 460//460 528//528
f 487//487 484//484 507//507
f 1134//1134 1110//1110 1151//1151
f 1110//1110 1134//1134 1152//1152
f 1124//1124 1127//1127 1137//1137
f 1127//1127 1124//1124 1079//1079
f 1146//1146 1124//1124 1137//1137
f 1010//1010 1005//1005 1079//1079
f 665//665 670//670 725//725
f 670//670 647//647 680//680
f 670//670 665//665 647//647
f 642//642 596//596 636//636
f 667//667 642//642 636//636
f 642//642 667//667 687//687
f 596//596 642//642 601//601
f 642//642 612//612 601//601
f 700//700 731//731 721//721
f 681//681 700//700 721//721
f 700//700 713//713 731//731
f 713//713 700//700 681//681
f 570//570 616//616 583//583
f 616//616 665//665 583//583
f 665//665 616//616 647//647
f 598//598 561//561 496//496
f 593//593 598//598 496//496
f 324//324 374//374 359//359
f 374//374 324//324 378//378
f 374//374 413//413 359//359
f 413//413 374//374 378//378
f 361//361 329//329 359//359
f 329//329 324//324 359//359
f 204//204 224//224 161//161
f 224//224 204//204 264//264
f 231//231 287//287 240//240
f 231//231 160//160 219//219
f 287//287 246//246 284//284
f 225//225 248//248 192//192
f 187//187 225//225 192//192
f 289//289 287//287 316//316
f 278//278 289//289 316//316
f 289//289 278//278 287//287
f 610//610 586//586 569//569
f 610//610 648//648 586//586
f 610//610 645//645 648//648
f 612//612 610//610 569//569
f 645//645 610//610 612//612
f 648//648 661//661 586//586
f 653//653 614//614 621//621
f 614//614 653//653 599//599
f 653//653 620//620 599//599
f 614//614 581//581 586//586
f 581//581 564//564 586//586
f 564//564 581//581 532//532
f 581//581 614//614 599//599
f 377//377 373//373 398//398
f 373//373 377//377 350//350
f 394//394 398//398 454//454
f 410//410 394//394 454//454
f 394//394 377//377 398//398
f 394//394 410//410 386//386
f 377//377 394//394 386//386
f 434//434 506//506 486//486
f 434//434 435//435 532//532
f 506//506 434//434 532//532
f 434//434 386//386 435//435
f 543//543 506//506 532//532
f 581//581 543//543 532//532
f 543//543 581//581 599//599
f 560//560 624//624 643//643
f 643//643 624//624 664//664
f 624//624 620//620 664//664
f 620//620 624//624 599//599
f 624//624 543//543 599//599
f 295//295 291//291 270//270
f 291//291 244//244 270//270
f 350//350 342//342 321//321
f 342//342 377//377 386//386
f 377//377 342//342 350//350
f 662//662 577//577 583//583
f 630//630 577//577 662//662
f 2205//2205 2209//2209 2201//2201
f 2205//2205 2206//2206 2209//2209
f 2209//2209 2214//2214 2211//2211
f 2212//2212 2214//2214 2209//2209
f 2214//2214 2212//2212 2218//2218
f 2221//2221 2214//2214 2218//2218
f 2195//2195 2192//2192 2185//2185
f 2192//2192 2180//2180 2185//2185
f 2192//2192 2193//2193 2180//2180
f 2207//2207 2203//2203 2216//2216
f 2213//2213 2207//2207 2216//2216
f 2207//2207 2213//2213 2210//2210
f 2206//2206 2207//2207 2210//2210
f 2203//2203 2207//2207 2206//2206
f 2213//2213 2217//2217 2215//2215
f 2217//2217 2213//2213 2216//2216
f 2163//2163 2139//2139 2162//2162
f 2168//2168 2163//2163 2170//2170
f 2165//2165 2163//2163 2162//2162
f 2170//2170 2163//2163 2165//2165
f 2199//2199 2200//2200 2204//2204
f 2200//2200 2208//2208 2204//2204
f 2200//2200 2198//2198 2201//2201
f 2198//2198 2200//2200 2199//2199
f 2209//2209 2200//2200 2201//2201
f 2208//2208 2200//2200 2209//2209
f 2040//2040 2033//2033 2019//2019
f 1951//1951 1956//1956 1908//1908
f 1918//1918 1940//1940 1942//1942
f 1922//1922 1918//1918 1942//1942
f 1918//1918 1922//1922 1905//1905
f 1970//1970 1988//1988 1998//1998
f 2179//2179 2167//2167 2180//2180
f 2167//2167 2179//2179 2176//2176
f 2166//2166 2174//2174 2171//2171
f 2155//2155 2166//2166 2171//2171
f 2180//2180 2181//2181 2185//2185
f 2023//2023 2055//2055 2042//2042
f 1930//1930 1980//1980 1935//1935
f 1930//1930 1959//1959 1980//1980
f 1826//1826 1851//1851 1883//1883
f 1826//1826 1779//1779 1790//1790
f 1779//1779 1826//1826 1814//1814
f 1817//1817 1841//1841 1840//1840
f 1762//1762 1808//1808 1802//1802
f 1808//1808 1762//1762 1798//1798
f 1921//1921 1904//1904 1890//1890
f 1921//1921 1930//1930 1904//1904
f 1996//1996 1983//1983 1987//1987
f 1983//1983 1996//1996 1947//1947
f 1959//1959 1972//1972 1980//1980
f 1948//1948 1972//1972 1959//1959
f 1980//1980 1972//1972 2000//2000
f 1972//1972 1948//1948 2000//2000
f 2038//2038 2049//2049 2029//2029
f 2049//2049 2038//2038 2027//2027
f 2049//2049 2063//2063 2070//2070
f 2053//2053 2063//2063 2027//2027
f 2063//2063 2049//2049 2027//2027
f 2001//2001 1962//1962 1994//1994
f 2001//2001 1968//1968 1962//1962
f 1968//1968 2001//2001 1997//1997
f 1977//1977 1997//1997 1990//1990
f 2097//2097 2098//2098 2070//2070
f 2140//2140 2118//2118 2142//2142
f 2157//2157 2168//2168 2173//2173
f 2157//2157 2173//2173 2156//2156
f 1973//1973 1984//1984 1953//1953
f 1950//1950 1973//1973 1953//1953
f 1984//1984 1973//1973 1999//1999
f 2041//2041 2008//2008 2039//2039
f 2008//2008 2041//2041 2035//2035
f 2092//2092 2080//2080 2062//2062
f 2118//2118 2092//2092 2107//2107
f 2080//2080 2054//2054 2062//2062
f 2036//2036 2054//2054 2039//2039
f 2054//2054 2036//2036 2062//2062
f 2054//2054 2041//2041 2039//2039
f 2076//2076 2054//2054 2080//2080
f 456//456 480//480 540//540
f 387//387 405//405 402//402
f 405//405 456//456 402//402
f 64//64 28//28 45//45
f 22//22 28//28 64//64
f 29//29 64//64 76//76
f 29//29 22//22 64//64
f 115//115 83//83 97//97
f 124//124 115//115 107//107
f 115//115 161//161 130//130
f 115//115 124//124 161//161
f 70//70 69//69 45//45
f 70//70 83//83 69//69
f 83//83 70//70 97//97
f 115//115 88//88 107//107
f 88//88 115//115 97//97
f 70//70 88//88 97//97
f 88//88 70//70 66//66
f 53//53 47//47 63//63
f 66//66 53//53 63//63
f 794//794 846//846 801//801
f 842//842 846//846 794//794
f 846//846 852//852 801//801
f 852//852 846//846 862//862
f 846//846 842//842 862//862
f 1009//1009 1021//1021 1037//1037
f 602//602 633//633 611//611
f 654//654 633//633 652//652
f 633//633 654//654 611//611
f 706//706 688//688 656//656
f 688//688 706//706 709//709
f 688//688 709//709 669//669
f 688//688 617//617 656//656
f 617//617 688//688 669//669
f 499//499 511//511 530//530
f 550//550 499//499 530//530
f 376//376 404//404 391//391
f 521//521 503//503 563//563
f 503//503 550//550 563//563
f 550//550 589//589 591//591
f 584//584 589//589 550//550
f 589//589 634//634 591//591
f 634//634 589//589 669//669
f 589//589 584//584 669//669
f 805//805 787//787 801//801
f 834//834 805//805 801//801
f 777//777 812//812 825//825
f 812//812 868//868 825//825
f 812//812 834//834 868//868
f 718//718 678//678 669//669
f 715//715 678//678 718//718
f 678//678 634//634 669//669
f 678//678 715//715 720//720
f 1081//1081 1060//1060 1032//1032
f 988//988 1047//1047 1011//1011
f 988//988 952//952 964//964
f 729//729 654//654 711//711
f 729//729 711//711 757//757
f 729//729 635//635 629//629
f 654//654 729//729 629//629
f 716//716 729//729 757//757
f 729//729 716//716 635//635
f 1036//1036 1014//1014 1032//1032
f 1018//1018 1014//1014 981//981
f 1014//1014 1018//1018 1032//1032
f 1018//1018 1081//1081 1032//1032
f 348//348 327//327 344//344
f 332//332 327//327 301//301
f 327//327 332//332 344//344
f 301//301 327//327 341//341
f 327//327 348//348 341//341
f 419//419 420//420 341//341
f 420//420 419//419 443//443
f 446//446 420//420 443//443
f 420//420 446//446 423//423
f 418//418 348//348 391//391
f 418//418 419//419 348//348
f 513//513 502//502 479//479
f 446//446 502//502 492//492
f 502//502 446//446 479//479
f 502//502 513//513 545//545
f 502//502 519//519 492//492
f 519//519 502//502 544//544
f 574//574 502//502 545//545
f 502//502 574//574 544//544
f 417//417 357//357 423//423
f 426//426 417//417 448//448
f 422//422 354//354 425//425
f 455//455 422//422 469//469
f 205//205 216//216 155//155
f 236//236 216//216 205//205
f 156//156 216//216 232//232
f 216//216 156//156 155//155
f 216//216 251//251 232//232
f 216//216 236//236 251//251
f 1884//1884 1851//1851 1893//1893
f 1851//1851 1884//1884 1883//1883
f 1903//1903 1884//1884 1893//1893
f 1884//1884 1903//1903 1883//1883
f 1962//1962 1923//1923 1953//1953
f 1923//1923 1903//1903 1953//1953
f 1925//1925 1923//1923 1962//1962
f 1752//1752 1729//1729 1731//1731
f 1897//1897 1911//1911 1917//1917
f 1826//1826 1855//1855 1814//1814
f 1855//1855 1883//1883 1886//1886
f 1855//1855 1826//1826 1883//1883
f 1495//1495 1515//1515 1532//1532
f 1585//1585 1544//1544 1583//1583
f 1795//1795 1791//1791 1794//1794
f 1795//1795 1803//1803 1791//1791
f 1843//1843 1795//1795 1794//1794
f 1803//1803 1795//1795 1843//1843
f 1728//1728 1757//1757 1744//1744
f 1757//1757 1791//1791 1744//1744
f 1791//1791 1757//1757 1794//1794
f 1757//1757 1764//1764 1794//1794
f 1741//1741 1728//1728 1722//1722
f 1757//1757 1741//1741 1764//1764
f 1741//1741 1757//1757 1728//1728
f 1551//1551 1513//1513 1579//1579
f 1513//1513 1551//1551 1519//1519
f 1513//1513 1504//1504 1523//1523
f 1504//1504 1513//1513 1472//1472
f 1513//1513 1452//1452 1472//1472
f 1680//1680 1689//1689 1618//1618
f 547//547 580//580 540//540
f 580//580 547//547 562//562
f 480//480 547//547 540//540
f 535//535 638//638 625//625
f 698//698 638//638 671//671
f 761//761 717//717 726//726
f 717//717 698//698 726//726
f 717//717 761//761 765//765
f 603//603 683//683 650//650
f 701//701 752//752 742//742
f 827//827 776//776 836//836
f 776//776 827//827 789//789
f 969//969 963//963 939//939
f 969//969 939//939 971//971
f 1046//1046 1063//1063 1128//1128
f 1046//1046 1128//1128 1080//1080
f 1017//1017 1046//1046 1080//1080
f 1046//1046 1017//1017 975//975
f 1063//1063 1046//1046 975//975
f 1043//1043 921//921 935//935
f 1043//1043 935//935 1008//1008
f 1057//1057 1043//1043 1008//1008
f 1105//1105 1075//1075 1102//1102
f 1131//1131 1105//1105 1102//1102
f 1075//1075 1105//1105 1103//1103
f 1105//1105 1131//1131 1149//1149
f 1105//1105 1143//1143 1103//1103
f 1143//1143 1105//1105 1149//1149
f 1002//1002 956//956 960//960
f 919//919 956//956 1002//1002
f 1024//1024 1034//1034 1067//1067
f 1024//1024 1002//1002 960//960
f 968//968 1024//1024 960//960
f 1034//1034 1024//1024 968//968
f 897//897 854//854 836//836
f 854//854 827//827 836//836
f 854//854 919//919 827//827
f 1063//1063 1130//1130 1128//1128
f 1175//1175 1207//1207 1128//1128
f 1130//1130 1175//1175 1128//1128
f 1175//1175 1130//1130 1186//1186
f 1174//1174 1318//1318 1194//1194
f 1143//1143 1174//1174 1194//1194
f 1174//1174 1143//1143 1149//1149
f 1131//1131 1174//1174 1149//1149
f 1182//1182 1174//1174 1131//1131
f 932//932 991//991 971//971
f 991//991 932//932 1017//1017
f 991//991 1017//1017 1080//1080
f 991//991 969//969 971//971
f 1020//1020 991//991 1080//1080
f 969//969 991//991 1020//1020
f 924//924 897//897 833//833
f 859//859 924//924 833//833
f 924//924 963//963 985//985
f 963//963 924//924 939//939
f 924//924 859//859 939//939
f 968//968 924//924 985//985
f 897//897 924//924 968//968
f 1324//1324 1342//1342 1397//1397
f 1324//1324 1304//1304 1266//1266
f 1278//1278 1215//1215 1242//1242
f 1222//1222 1215//1215 1278//1278
f 1455//1455 1440//1440 1496//1496
f 1517//1517 1564//1564 1574//1574
f 1482//1482 1578//1578 1505//1505
f 1458//1458 1482//1482 1505//1505
f 1482//1482 1458//1458 1445//1445
f 1391//1391 1437//1437 1431//1431
f 1391//1391 1372//1372 1437//1437
f 1311//1311 1332//1332 1328//1328
f 1391//1391 1332//1332 1372//1372
f 1372//1372 1332//1332 1327//1327
f 1166//1166 1170//1170 1141//1141
f 1170//1170 1127//1127 1141//1141
f 1219//1219 1170//1170 1166//1166
f 1127//1127 1170//1170 1137//1137
f 1170//1170 1177//1177 1137//1137
f 1280//1280 1348//1348 1327//1327
f 1285//1285 1267//1267 1237//1237
f 1267//1267 1285//1285 1311//1311
f 1332//1332 1285//1285 1327//1327
f 1285//1285 1332//1332 1311//1311
f 1211//1211 1219//1219 1166//1166
f 1305//1305 1296//1296 1274//1274
f 1308//1308 1353//1353 1299//1299
f 1298//1298 1202//1202 1213//1213
f 1213//1213 1202//1202 1158//1158
f 1202//1202 1155//1155 1158//1158
f 1202//1202 1298//1298 1291//1291
f 1312//1312 1298//1298 1213//1213
f 1274//1274 1312//1312 1213//1213
f 1296//1296 1312//1312 1274//1274
f 1312//1312 1296//1296 1321//1321
f 1312//1312 1321//1321 1334//1334
f 1356//1356 1312//1312 1334//1334
f 1298//1298 1312//1312 1344//1344
f 1312//1312 1356//1356 1344//1344
f 1298//1298 1313//1313 1291//1291
f 1477//1477 1402//1402 1400//1400
f 1402//1402 1477//1477 1414//1414
f 1402//1402 1414//1414 1362//1362
f 1477//1477 1487//1487 1414//1414
f 1487//1487 1497//1497 1414//1414
f 1497//1497 1487//1487 1510//1510
f 1001//1001 1078//1078 1000//1000
f 1092//1092 1078//1078 1097//1097
f 1019//1019 908//908 913//913
f 1019//1019 910//910 908//908
f 910//910 1019//1019 1001//1001
f 928//928 1019//1019 913//913
f 1206//1206 1161//1161 1195//1195
f 1145//1145 1097//1097 1144//1144
f 1145//1145 1092//1092 1097//1097
f 1322//1322 1324//1324 1397//1397
f 1324//1324 1322//1322 1304//1304
f 1304//1304 1265//1265 1266//1266
f 1369//1369 1372//1372 1327//1327
f 1383//1383 1369//1369 1327//1327
f 1369//1369 1383//1383 1372//1372
f 1410//1410 1481//1481 1478//1478
f 1435//1435 1481//1481 1410//1410
f 1478//1478 1481//1481 1525//1525
f 1481//1481 1435//1435 1508//1508
f 1354//1354 1331//1331 1387//1387
f 1354//1354 1387//1387 1442//1442
f 1317//1317 1354//1354 1348//1348
f 1354//1354 1317//1317 1331//1331
f 1435//1435 1354//1354 1442//1442
f 1354//1354 1435//1435 1348//1348
f 2020//2020 2028//2028 2037//2037
f 2036//2036 2020//2020 2037//2037
f 2020//2020 2008//2008 2009//2009
f 2020//2020 2036//2036 2008//2008
f 1966//1966 1975//1975 1991//1991
f 2007//2007 1989//1989 1998//1998
f 1975//1975 2007//2007 1991//1991
f 1927//1927 1946//1946 1934//1934
f 1946//1946 1961//1961 1934//1934
f 1961//1961 1946//1946 1976//1976
f 1906//1906 1934//1934 1924//1924
f 1887//1887 1906//1906 1924//1924
f 1824//1824 1860//1860 1792//1792
f 1860//1860 1851//1851 1792//1792
f 1860//1860 1887//1887 1901//1901
f 1860//1860 1901//1901 1893//1893
f 1851//1851 1860//1860 1893//1893
f 1594//1594 1562//1562 1604//1604
f 1562//1562 1594//1594 1563//1563
f 1594//1594 1584//1584 1563//1563
f 1534//1534 1477//1477 1505//1505
f 1534//1534 1591//1591 1581//1581
f 1578//1578 1534//1534 1505//1505
f 1591//1591 1534//1534 1578//1578
f 1662//1662 1694//1694 1673//1673
f 1662//1662 1691//1691 1694//1694
f 1457//1457 1438//1438 1431//1431
f 1437//1437 1457//1457 1431//1431
f 1478//1478 1457//1457 1437//1437
f 1592//1592 1591//1591 1578//1578
f 1592//1592 1578//1578 1605//1605
f 1612//1612 1592//1592 1605//1605
f 1591//1591 1592//1592 1606//1606
f 1592//1592 1612//1612 1606//1606
f 1642//1642 1621//1621 1605//1605
f 1640//1640 1621//1621 1642//1642
f 1621//1621 1612//1612 1605//1605
f 1621//1621 1640//1640 1612//1612
f 1652//1652 1700//1700 1685//1685
f 1700//1700 1652//1652 1696//1696
f 1714//1714 1700//1700 1696//1696
f 1700//1700 1714//1714 1733//1733
f 1703//1703 1716//1716 1696//1696
f 1714//1714 1716//1716 1754//1754
f 1716//1716 1714//1714 1696//1696
f 1652//1652 1630//1630 1696//1696
f 1625//1625 1630//1630 1581//1581
f 1683//1683 1703//1703 1696//1696
f 1630//1630 1683//1683 1696//1696
f 1683//1683 1630//1630 1625//1625
f 1878//1878 1920//1920 1881//1881
f 2011//2011 1985//1985 1967//1967
f 2040//2040 2011//2011 2017//2017
f 1716//1716 1769//1769 1754//1754
f 1769//1769 1801//1801 1754//1754
f 1772//1772 1703//1703 1678//1678
f 1682//1682 1772//1772 1678//1678
f 1769//1769 1772//1772 1813//1813
f 1772//1772 1716//1716 1703//1703
f 1772//1772 1769//1769 1716//1716
f 1847//1847 1842//1842 1870//1870
f 1842//1842 1847//1847 1787//1787
f 1587//1587 1569//1569 1574//1574
f 1642//1642 1641//1641 1668//1668
f 1587//1587 1641//1641 1642//1642
f 1610//1610 1641//1641 1587//1587
f 1406//1406 1374//1374 1376//1376
f 1374//1374 1406//1406 1404//1404
f 1342//1342 1374//1374 1397//1397
f 1374//1374 1404//1404 1397//1397
f 1589//1589 1610//1610 1574//1574
f 1564//1564 1589//1589 1574//1574
f 1589//1589 1595//1595 1610//1610
f 24//24 43//43 56//56
f 43//43 52//52 56//56
f 111//111 104//104 125//125
f 101//101 68//68 117//117
f 68//68 101//101 52//52
f 68//68 111//111 117//117
f 111//111 68//68 104//104
f 153//153 111//111 125//125
f 153//153 162//162 117//117
f 111//111 153//153 117//117
f 175//175 157//157 174//174
f 147//147 122//122 117//117
f 162//162 147//147 117//117
f 147//147 237//237 178//178
f 314//314 285//285 341//341
f 314//314 282//282 285//285
f 282//282 314//314 283//283
f 237//237 213//213 258//258
f 213//213 147//147 162//162
f 147//147 213//213 237//237
f 213//213 259//259 283//283
f 258//258 213//213 283//283
f 275//275 290//290 311//311
f 1071//1071 1099//1099 1077//1077
f 1072//1072 1071//1071 1025//1025
f 1095//1095 1126//1126 1096//1096
f 1077//1077 1066//1066 1044//1044
f 1089//1089 1066//1066 1077//1077
f 1076//1076 1070//1070 1044//1044
f 1066//1066 1076//1076 1044//1044
f 1076//1076 1066//1066 1089//1089
f 1076//1076 1112//1112 1070//1070
f 1112//1112 1076//1076 1089//1089
f 1159//1159 1138//1138 1135//1135
f 1429//1429 1495//1495 1417//1417
f 1429//1429 1441//1441 1495//1495
f 1495//1495 1432//1432 1461//1461
f 1441//1441 1432//1432 1495//1495
f 1432//1432 1405//1405 1461//1461
f 1293//1293 1309//1309 1234//1234
f 1309//1309 1349//1349 1315//1315
f 1546//1546 1503//1503 1519//1519
f 1503//1503 1513//1513 1519//1519
f 1514//1514 1546//1546 1541//1541
f 1514//1514 1503//1503 1546//1546
f 1726//1726 1724//1724 1686//1686
f 1773//1773 1724//1724 1726//1726
f 1732//1732 1718//1718 1730//1730
f 1672//1672 1718//1718 1740//1740
f 1718//1718 1732//1732 1740//1740
f 1623//1623 1672//1672 1616//1616
f 1672//1672 1619//1619 1616//1616
f 1646//1646 1619//1619 1672//1672
f 1535//1535 1561//1561 1558//1558
f 1561//1561 1535//1535 1552//1552
f 1506//1506 1559//1559 1552//1552
f 1559//1559 1582//1582 1552//1552
f 1559//1559 1506//1506 1498//1498
f 1168//1168 1098//1098 1155//1155
f 1202//1202 1168//1168 1155//1155
f 1064//1064 1168//1168 1090//1090
f 1168//1168 1064//1064 1098//1098
f 1289//1289 1273//1273 1299//1299
f 1281//1281 1288//1288 1320//1320
f 1178//1178 1111//1111 1136//1136
f 1419//1419 1430//1430 1466//1466
f 1512//1512 1518//1518 1542//1542
f 1367//1367 1395//1395 1345//1345
f 1395//1395 1367//1367 1413//1413
f 1396//1396 1395//1395 1413//1413
f 1466//1466 1502//1502 1498//1498
f 1424//1424 1450//1450 1468//1468
f 1450//1450 1412//1412 1466//1466
f 1412//1412 1419//1419 1466//1466
f 1424//1424 1412//1412 1450//1450
f 1412//1412 1367//1367 1385//1385
f 1367//1367 1412//1412 1413//1413
f 1412//1412 1424//1424 1413//1413
f 1053//1053 1087//1087 1072//1072
f 1163//1163 1169//1169 1197//1197
f 1178//1178 1169//1169 1111//1111
f 1169//1169 1087//1087 1111//1111
f 1099//1099 1104//1104 1135//1135
f 1071//1071 1104//1104 1099//1099
f 1380//1380 1396//1396 1408//1408
f 1236//1236 1229//1229 1271//1271
f 1229//1229 1295//1295 1271//1271
f 1229//1229 1236//1236 1190//1190
f 1295//1295 1229//1229 1281//1281
f 1229//1229 1208//1208 1281//1281
f 1165//1165 1104//1104 1163//1163
f 1165//1165 1190//1190 1135//1135
f 1104//1104 1165//1165 1135//1135
f 1100//1100 1121//1121 1136//1136
f 1026//1026 1038//1038 1003//1003
f 1056//1056 1026//1026 990//990
f 1026//1026 1056//1056 1090//1090
f 1026//1026 1100//1100 1038//1038
f 360//360 349//349 365//365
f 320//320 360//360 339//339
f 320//320 288//288 306//306
f 288//288 320//320 339//339
f 320//320 349//349 360//360
f 320//320 306//306 277//277
f 349//349 320//320 277//277
f 235//235 198//198 210//210
f 235//235 226//226 198//198
f 235//235 271//271 261//261
f 226//226 235//235 261//261
f 212//212 228//228 208//208
f 228//228 212//212 218//218
f 184//184 212//212 208//208
f 212//212 184//184 218//218
f 255//255 260//260 267//267
f 260//260 255//255 220//220
f 383//383 369//369 347//347
f 369//369 383//383 396//396
f 331//331 383//383 347//347
f 383//383 331//331 330//330
f 369//369 331//331 347//347
f 328//328 299//299 312//312
f 401//401 439//439 372//372
f 439//439 401//401 466//466
f 333//333 335//335 367//367
f 335//335 333//333 319//319
f 333//333 323//323 293//293
f 353//353 367//367 452//452
f 364//364 353//353 390//390
f 353//353 333//333 367//367
f 333//333 353//353 323//323
f 468//468 353//353 452//452
f 353//353 468//468 390//390
f 323//323 304//304 296//296
f 353//353 304//304 323//323
f 299//299 304//304 312//312
f 304//304 364//364 312//312
f 304//304 353//353 364//364
f 319//319 273//273 267//267
f 296//296 273//273 293//293
f 766//766 755//755 704//704
f 755//755 766//766 780//780
f 755//755 780//780 751//751
f 641//641 755//755 751//751
f 755//755 641//641 704//704
f 674//674 703//703 704//704
f 622//622 626//626 597//597
f 685//685 626//626 622//622
f 459//459 498//498 535//535
f 488//488 468//468 452//452
f 488//488 526//526 468//468
f 464//464 488//488 452//452
f 488//488 464//464 515//515
f 488//488 515//515 533//533
f 526//526 488//488 533//533
f 458//458 424//424 390//390
f 424//424 458//458 431//431
f 449//449 509//509 466//466
f 449//449 458//458 509//509
f 458//458 449//449 431//431
f 401//401 449//449 466//466
f 449//449 401//401 431//431
f 901//901 921//921 892//892
f 817//817 901//901 892//892
f 773//773 817//817 788//788
f 734//734 773//773 730//730
f 773//773 788//788 730//730
f 613//613 615//615 565//565
f 657//657 615//615 646//646
f 615//615 613//613 646//646
f 615//615 657//657 695//695
f 967//967 1056//1056 990//990
f 967//967 1015//1015 1056//1056
f 786//786 815//815 811//811
f 736//736 815//815 786//786
f 966//966 940//940 936//936
f 1016//1016 995//995 1033//1033
f 1016//1016 1053//1053 1025//1025
f 1053//1053 1016//1016 1033//1033
f 938//938 912//912 880//880
f 912//912 938//938 936//936
f 840//840 853//853 830//830
f 840//840 786//786 811//811
f 786//786 840//840 774//774
f 840//840 830//830 774//774
f 909//909 894//894 930//930
f 986//986 970//970 950//950
f 986//986 950//950 885//885
f 986//986 989//989 970//970
f 958//958 986//986 885//885
f 993//993 986//986 958//958
f 989//989 986//986 1044//1044
f 986//986 993//993 1044//1044
f 837//837 791//791 830//830
f 837//837 830//830 872//872
f 873//873 837//837 872//872
f 748//748 763//763 784//784
f 763//763 779//779 784//784
f 779//779 763//763 738//738
f 738//738 763//763 724//724
f 763//763 748//748 724//724
f 802//802 848//848 793//793
f 887//887 951//951 984//984
f 917//917 887//887 984//984
f 869//869 887//887 917//917
f 906//906 851//851 929//929
f 851//851 820//820 857//857
f 820//820 851//851 807//807
f 848//848 851//851 906//906
f 881//881 934//934 929//929
f 881//881 875//875 934//934
f 875//875 881//881 857//857
f 851//851 881//881 929//929
f 881//881 851//851 857//857
f 814//814 713//713 748//748
f 814//814 748//748 784//784
f 814//814 822//822 731//731
f 713//713 814//814 731//731
f 823//823 814//814 784//784
f 814//814 823//823 850//850
f 814//814 850//850 860//860
f 822//822 814//814 860//860
f 677//677 668//668 627//627
f 762//762 804//804 740//740
f 762//762 792//792 804//804
f 722//722 762//762 740//740
f 792//792 762//762 767//767
f 716//716 762//762 722//722
f 762//762 716//716 767//767
f 524//524 476//476 505//505
f 445//445 482//482 505//505
f 476//476 445//445 505//505
f 445//445 476//476 413//413
f 445//445 413//413 378//378
f 445//445 378//378 397//397
f 478//478 445//445 397//397
f 482//482 445//445 478//478
f 407//407 476//476 432//432
f 476//476 407//407 413//413
f 407//407 384//384 359//359
f 413//413 407//407 359//359
f 554//554 608//608 596//596
f 554//554 596//596 601//601
f 516//516 541//541 444//444
f 180//180 196//196 129//129
f 217//217 180//180 200//200
f 196//196 180//180 217//217
f 415//415 368//368 345//345
f 368//368 415//415 388//388
f 415//415 433//433 388//388
f 160//160 197//197 183//183
f 229//229 197//197 240//240
f 197//197 229//229 183//183
f 197//197 231//231 240//240
f 231//231 197//197 160//160
f 114//114 160//160 134//134
f 77//77 94//94 103//103
f 94//94 116//116 103//103
f 116//116 94//94 118//118
f 121//121 149//149 138//138
f 121//121 138//138 103//103
f 116//116 121//121 103//103
f 149//149 121//121 131//131
f 121//121 116//116 131//131
f 71//71 62//62 59//59
f 71//71 90//90 91//91
f 90//90 71//71 59//59
f 73//73 75//75 108//108
f 138//138 75//75 79//79
f 75//75 138//138 108//108
f 109//109 95//95 110//110
f 119//119 109//109 110//110
f 209//209 201//201 221//221
f 202//202 170//170 215//215
f 202//202 179//179 170//170
f 202//202 201//201 179//179
f 221//221 202//202 215//215
f 201//201 202//202 221//221
f 179//179 150//150 170//170
f 164//164 165//165 148//148
f 165//165 164//164 176//176
f 548//548 531//531 528//528
f 579//579 548//548 568//568
f 531//531 548//548 579//579
f 429//429 487//487 436//436
f 429//429 484//484 487//487
f 484//484 429//429 460//460
f 460//460 429//429 365//365
f 360//360 429//429 436//436
f 429//429 360//360 365//365
f 1059//1059 1010//1010 1079//1079
f 1124//1124 1059//1059 1079//1079
f 1059//1059 1061//1061 1042//1042
f 1059//1059 1117//1117 1061//1061
f 1059//1059 1124//1124 1146//1146
f 1139//1139 1059//1059 1146//1146
f 1059//1059 1139//1139 1117//1117
f 1005//1005 1012//1012 1079//1079
f 1012//1012 1005//1005 984//984
f 979//979 1005//1005 1010//1010
f 979//979 917//917 984//984
f 1005//1005 979//979 984//984
f 725//725 702//702 749//749
f 670//670 702//702 725//725
f 702//702 735//735 749//749
f 702//702 714//714 735//735
f 702//702 670//670 680//680
f 696//696 687//687 719//719
f 696//696 642//642 687//687
f 642//642 696//696 612//612
f 696//696 645//645 612//612
f 696//696 719//719 712//712
f 631//631 598//598 628//628
f 606//606 593//593 628//628
f 598//598 606//606 628//628
f 606//606 598//598 593//593
f 385//385 326//326 336//336
f 385//385 426//426 437//437
f 517//517 491//491 474//474
f 491//491 517//517 546//546
f 399//399 478//478 397//397
f 399//399 475//475 478//478
f 355//355 399//399 397//397
f 318//318 355//355 316//316
f 287//287 318//318 316//316
f 318//318 399//399 355//355
f 399//399 318//318 393//393
f 318//318 307//307 393//393
f 318//318 287//287 284//284
f 307//307 318//318 284//284
f 493//493 474//474 437//437
f 493//493 517//517 474//474
f 517//517 493//493 529//529
f 493//493 549//549 529//529
f 493//493 497//497 549//549
f 351//351 336//336 311//311
f 279//279 268//268 280//280
f 248//248 279//279 286//286
f 324//324 310//310 280//280
f 329//329 310//310 324//324
f 310//310 279//279 280//280
f 195//195 224//224 219//219
f 161//161 195//195 130//130
f 224//224 195//195 161//161
f 256//256 224//224 284//284
f 246//246 256//256 284//284
f 224//224 256//256 219//219
f 256//256 246//246 219//219
f 231//231 243//243 287//287
f 243//243 246//246 287//287
f 243//243 231//231 219//219
f 246//246 243//243 219//219
f 253//253 225//225 187//187
f 225//225 253//253 248//248
f 253//253 279//279 248//248
f 279//279 253//253 268//268
f 278//278 263//263 240//240
f 263//263 229//229 240//240
f 263//263 278//278 280//280
f 268//268 263//263 280//280
f 736//736 682//682 712//712
f 682//682 696//696 712//712
f 696//696 682//682 645//645
f 586//586 651//651 621//621
f 661//661 651//651 586//586
f 651//651 653//653 621//621
f 651//651 743//743 732//732
f 653//653 651//651 732//732
f 707//707 653//653 732//732
f 707//707 739//739 664//664
f 707//707 732//732 739//739
f 620//620 707//707 664//664
f 653//653 707//707 620//620
f 543//543 508//508 506//506
f 624//624 508//508 543//543
f 508//508 624//624 560//560
f 506//506 508//508 486//486
f 508//508 560//560 485//485
f 460//460 450//450 485//485
f 450//450 457//457 485//485
f 450//450 460//460 365//365
f 356//356 450//450 365//365
f 325//325 291//291 295//295
f 291//291 325//325 356//356
f 325//325 375//375 356//356
f 244//244 300//300 277//277
f 291//291 300//300 244//244
f 300//300 349//349 277//277
f 349//349 300//300 365//365
f 300//300 356//356 365//365
f 300//300 291//291 356//356
f 608//608 587//587 630//630
f 587//587 577//577 630//630
f 559//559 524//524 505//505
f 559//559 505//505 583//583
f 577//577 559//559 583//583
f 587//587 559//559 577//577
f 554//554 559//559 608//608
f 559//559 587//587 608//608
f 2206//2206 2202//2202 2195//2195
f 2205//2205 2202//2202 2206//2206
f 2202//2202 2205//2205 2201//2201
f 2198//2198 2202//2202 2201//2201
f 2215//2215 2220//2220 2221//2221
f 2217//2217 2220//2220 2215//2215
f 2221//2221 2220//2220 2222//2222
f 2163//2163 2137//2137 2139//2139
f 2118//2118 2137//2137 2142//2142
f 2149//2149 2163//2163 2168//2168
f 2157//2157 2149//2149 2168//2168
f 2137//2137 2149//2149 2142//2142
f 2149//2149 2137//2137 2163//2163
f 2048//2048 2017//2017 2056//2056
f 2048//2048 2040//2040 2017//2017
f 2065//2065 2048//2048 2056//2056
f 2040//2040 2048//2048 2065//2065
f 1974//1974 1970//1970 1989//1989
f 1974//1974 1956//1956 1970//1970
f 1956//1956 1974//1974 1940//1940
f 1940//1940 1974//1974 1942//1942
f 1974//1974 1975//1975 1942//1942
f 2007//2007 1974//1974 1989//1989
f 1974//1974 2007//2007 1975//1975
f 1918//1918 1914//1914 1940//1940
f 1914//1914 1918//1918 1895//1895
f 1914//1914 1895//1895 1908//1908
f 1956//1956 1914//1914 1908//1908
f 1914//1914 1956//1956 1940//1940
f 1986//1986 1964//1964 1951//1951
f 1988//1988 1964//1964 1986//1986
f 1964//1964 1988//1988 1970//1970
f 1964//1964 1956//1956 1951//1951
f 1956//1956 1964//1964 1970//1970
f 2167//2167 2169//2169 2180//2180
f 2169//2169 2181//2181 2180//2180
f 2169//2169 2175//2175 2181//2181
f 2164//2164 2169//2169 2154//2154
f 2175//2175 2169//2169 2164//2164
f 2130//2130 2153//2153 2152//2152
f 2160//2160 2155//2155 2171//2171
f 2160//2160 2165//2165 2162//2162
f 2160//2160 2171//2171 2165//2165
f 2031//2031 2055//2055 2023//2023
f 1991//1991 2031//2031 2023//2023
f 2007//2007 2031//2031 1991//1991
f 2077//2077 2073//2073 2091//2091
f 2073//2073 2077//2077 2060//2060
f 2059//2059 2034//2034 2060//2060
f 1930//1930 1943//1943 1959//1959
f 1948//1948 1943//1943 1936//1936
f 1943//1943 1948//1948 1959//1959
f 1943//1943 1921//1921 1936//1936
f 1921//1921 1943//1943 1930//1930
f 1916//1916 1910//1910 1935//1935
f 1910//1910 1930//1930 1935//1935
f 1930//1930 1910//1910 1904//1904
f 1799//1799 1826//1826 1790//1790
f 1826//1826 1799//1799 1851//1851
f 1851//1851 1799//1799 1783//1783
f 1779//1779 1768//1768 1790//1790
f 1780//1780 1752//1752 1797//1797
f 1807//1807 1841//1841 1817//1817
f 1773//1773 1807//1807 1817//1817
f 1833//1833 1808//1808 1798//1798
f 1854//1854 1841//1841 1869//1869
f 1841//1841 1854//1854 1840//1840
f 1808//1808 1845//1845 1802//1802
f 1833//1833 1845//1845 1808//1808
f 1845//1845 1833//1833 1861//1861
f 1921//1921 1929//1929 1936//1936
f 1929//1929 1948//1948 1936//1936
f 1948//1948 1929//1929 1947//1947
f 1929//1929 1921//1921 1912//1912
f 1866//1866 1845//1845 1861//1861
f 1876//1876 1894//1894 1869//1869
f 1876//1876 1837//1837 1868//1868
f 1931//1931 1944//1944 1912//1912
f 1929//1929 1944//1944 1947//1947
f 1944//1944 1929//1929 1912//1912
f 1944//1944 1983//1983 1947//1947
f 1894//1894 1907//1907 1869//1869
f 1907//1907 1854//1854 1869//1869
f 1854//1854 1907//1907 1912//1912
f 1982//1982 2006//2006 1987//1987
f 2006//2006 1982//1982 1990//1990
f 2012//2012 1990//1990 2015//2015
f 2012//2012 2006//2006 1990//1990
f 2022//2022 2012//2012 2015//2015
f 2012//2012 2022//2022 2032//2032
f 2012//2012 2032//2032 1987//1987
f 2006//2006 2012//2012 1987//1987
f 2047//2047 2053//2053 2027//2027
f 2030//2030 2047//2047 2027//2027
f 1995//1995 2025//2025 1994//1994
f 2025//2025 1995//1995 2035//2035
f 2025//2025 2001//2001 1994//1994
f 2025//2025 2030//2030 2027//2027
f 2001//2001 2025//2025 2027//2027
f 2045//2045 2025//2025 2035//2035
f 2025//2025 2045//2045 2030//2030
f 2045//2045 2047//2047 2030//2030
f 2053//2053 2045//2045 2061//2061
f 2047//2047 2045//2045 2053//2053
f 2038//2038 2016//2016 2027//2027
f 2016//2016 2001//2001 2027//2027
f 2001//2001 2016//2016 1997//1997
f 2016//2016 2038//2038 2029//2029
f 2016//2016 2029//2029 2021//2021
f 1997//1997 2016//2016 2021//2021
f 2083//2083 2090//2090 2094//2094
f 2083//2083 2053//2053 2061//2061
f 2090//2090 2083//2083 2061//2061
f 2097//2097 2083//2083 2094//2094
f 1926//1926 1952//1952 1958//1958
f 1952//1952 1968//1968 1958//1958
f 1925//1925 1952//1952 1926//1926
f 1952//1952 1925//1925 1962//1962
f 1968//1968 1952//1952 1962//1962
f 1981//1981 1968//1968 1997//1997
f 1977//1977 1981//1981 1997//1997
f 2147//2147 2140//2140 2142//2142
f 2147//2147 2157//2157 2140//2140
f 2149//2149 2147//2147 2142//2142
f 2147//2147 2149//2149 2157//2157
f 2041//2041 2046//2046 2035//2035
f 2046//2046 2054//2054 2052//2052
f 2054//2054 2046//2046 2041//2041
f 2089//2089 2118//2118 2108//2108
f 2089//2089 2092//2092 2118//2118
f 2092//2092 2089//2089 2080//2080
f 2076//2076 2089//2089 2108//2108
f 2089//2089 2076//2076 2080//2080
f 2052//2052 2072//2072 2061//2061
f 2054//2054 2072//2072 2052//2052
f 2072//2072 2054//2054 2076//2076
f 2081//2081 2090//2090 2061//2061
f 471//471 459//459 527//527
f 369//369 379//379 387//387
f 379//379 369//369 396//396
f 379//379 412//412 387//387
f 412//412 379//379 396//396
f 20//20 22//22 9//9
f 20//20 28//28 22//22
f 44//44 29//29 76//76
f 88//88 84//84 107//107
f 84//84 88//88 66//66
f 84//84 66//66 63//63
f 53//53 26//26 47//47
f 47//47 26//26 17//17
f 26//26 10//10 17//17
f 10//10 26//26 15//15
f 19//19 8//8 15//15
f 8//8 19//19 2//2
f 70//70 51//51 66//66
f 51//51 70//70 45//45
f 57//57 36//36 39//39
f 57//57 77//77 55//55
f 30//30 57//57 55//55
f 36//36 57//57 30//30
f 36//36 21//21 39//39
f 21//21 44//44 39//39
f 44//44 21//21 29//29
f 22//22 21//21 9//9
f 29//29 21//21 22//22
f 21//21 4//4 9//9
f 1021//1021 994//994 977//977
f 1009//1009 994//994 1021//1021
f 994//994 976//976 977//977
f 633//633 639//639 652//652
f 678//678 639//639 634//634
f 634//634 639//639 591//591
f 652//652 639//639 720//720
f 639//639 678//678 720//720
f 639//639 602//602 591//591
f 639//639 633//633 602//602
f 511//511 461//461 425//425
f 499//499 461//461 511//511
f 461//461 422//422 425//425
f 461//461 499//499 469//469
f 422//422 461//461 469//469
f 455//455 481//481 462//462
f 503//503 481//481 550//550
f 481//481 503//503 462//462
f 481//481 455//455 469//469
f 499//499 481//481 469//469
f 481//481 499//499 550//550
f 500//500 521//521 473//473
f 500//500 503//503 521//521
f 797//797 777//777 787//787
f 797//797 812//812 777//777
f 805//805 797//797 787//787
f 797//797 805//805 834//834
f 812//812 797//797 834//834
f 914//914 889//889 870//870
f 893//893 914//914 870//870
f 937//937 914//914 893//893
f 884//884 900//900 861//861
f 831//831 884//884 861//861
f 884//884 831//831 882//882
f 900//900 878//878 861//861
f 878//878 900//900 893//893
f 878//878 893//893 870//870
f 828//828 878//878 870//870
f 878//878 828//828 861//861
f 900//900 955//955 962//962
f 1047//1047 1028//1028 1011//1011
f 1028//1028 1023//1023 1011//1011
f 1069//1069 1062//1062 1109//1109
f 988//988 1007//1007 1047//1047
f 1047//1047 1007//1007 1037//1037
f 976//976 1007//1007 964//964
f 1007//1007 988//988 964//964
f 1007//1007 1009//1009 1037//1037
f 994//994 1007//1007 976//976
f 1007//1007 994//994 1009//1009
f 1013//1013 1014//1014 1036//1036
f 1014//1014 1013//1013 981//981
f 1013//1013 1036//1036 1041//1041
f 1019//1019 1013//1013 1041//1041
f 981//981 1013//1013 928//928
f 1013//1013 1019//1019 928//928
f 1097//1097 1129//1129 1144//1144
f 1188//1188 1268//1268 1254//1254
f 357//357 346//346 423//423
f 346//346 420//420 423//423
f 420//420 346//346 341//341
f 346//346 314//314 341//341
f 314//314 346//346 283//283
f 451//451 418//418 473//473
f 418//418 451//451 419//419
f 463//463 451//451 473//473
f 419//419 451//451 463//463
f 438//438 404//404 462//462
f 404//404 438//438 391//391
f 438//438 418//418 391//391
f 503//503 438//438 462//462
f 500//500 438//438 503//503
f 418//418 438//438 473//473
f 438//438 500//500 473//473
f 417//417 442//442 448//448
f 442//442 417//417 423//423
f 446//446 442//442 423//423
f 442//442 446//446 492//492
f 501//501 442//442 492//492
f 442//442 501//501 448//448
f 392//392 404//404 376//376
f 354//354 392//392 376//376
f 422//422 392//392 354//354
f 1923//1923 1915//1915 1903//1903
f 1883//1883 1915//1915 1886//1886
f 1903//1903 1915//1915 1883//1883
f 1752//1752 1810//1810 1797//1797
f 1810//1810 1837//1837 1797//1797
f 1783//1783 1758//1758 1792//1792
f 1758//1758 1746//1746 1792//1792
f 1565//1565 1571//1571 1542//1542
f 1565//1565 1540//1540 1556//1556
f 1518//1518 1540//1540 1542//1542
f 1540//1540 1565//1565 1542//1542
f 1889//1889 1897//1897 1917//1917
f 1897//1897 1889//1889 1868//1868
f 1889//1889 1876//1876 1868//1868
f 1894//1894 1889//1889 1917//1917
f 1876//1876 1889//1889 1894//1894
f 1909//1909 1925//1925 1911//1911
f 1897//1897 1909//1909 1911//1911
f 1915//1915 1909//1909 1886//1886
f 1909//1909 1923//1923 1925//1925
f 1909//1909 1915//1915 1923//1923
f 1879//1879 1897//1897 1868//1868
f 1879//1879 1855//1855 1886//1886
f 1909//1909 1879//1879 1886//1886
f 1879//1879 1909//1909 1897//1897
f 1538//1538 1544//1544 1585//1585
f 1544//1544 1538//1538 1524//1524
f 1570//1570 1538//1538 1609//1609
f 1538//1538 1585//1585 1609//1609
f 1515//1515 1489//1489 1524//1524
f 1489//1489 1492//1492 1524//1524
f 1489//1489 1495//1495 1461//1461
f 1489//1489 1515//1515 1495//1495
f 1501//1501 1544//1544 1524//1524
f 1492//1492 1501//1501 1524//1524
f 1501//1501 1492//1492 1444//1444
f 1845//1845 1818//1818 1802//1802
f 1567//1567 1513//1513 1523//1523
f 1513//1513 1567//1567 1579//1579
f 1567//1567 1600//1600 1579//1579
f 1697//1697 1724//1724 1719//1719
f 1724//1724 1697//1697 1686//1686
f 1680//1680 1698//1698 1689//1689
f 1698//1698 1697//1697 1719//1719
f 1697//1697 1698//1698 1680//1680
f 1646//1646 1666//1666 1618//1618
f 1666//1666 1680//1680 1618//1618
f 1666//1666 1646//1646 1686//1686
f 1697//1697 1666//1666 1686//1686
f 1666//1666 1697//1697 1680//1680
f 1575//1575 1551//1551 1579//1579
f 1551//1551 1575//1575 1590//1590
f 1560//1560 1622//1622 1632//1632
f 1675//1675 1628//1628 1677//1677
f 1675//1675 1611//1611 1628//1628
f 1602//1602 1607//1607 1628//1628
f 1611//1611 1602//1602 1628//1628
f 1602//1602 1611//1611 1590//1590
f 1575//1575 1602//1602 1590//1590
f 1602//1602 1575//1575 1607//1607
f 504//504 547//547 480//480
f 504//504 471//471 527//527
f 562//562 504//504 527//527
f 547//547 504//504 562//562
f 733//733 717//717 765//765
f 752//752 733//733 765//765
f 686//686 638//638 698//698
f 717//717 686//686 698//698
f 638//638 686//686 625//625
f 637//637 686//686 692//692
f 686//686 733//733 692//692
f 733//733 686//686 717//717
f 686//686 604//604 625//625
f 686//686 637//637 604//604
f 683//683 691//691 650//650
f 701//701 684//684 632//632
f 684//684 603//603 632//632
f 684//684 683//683 603//603
f 683//683 684//684 742//742
f 684//684 701//701 742//742
f 761//761 790//790 765//765
f 790//790 761//761 841//841
f 816//816 790//790 841//841
f 694//694 752//752 701//701
f 694//694 701//701 632//632
f 733//733 694//694 692//692
f 694//694 733//733 752//752
f 637//637 694//694 632//632
f 694//694 637//637 692//692
f 798//798 816//816 833//833
f 798//798 833//833 836//836
f 798//798 790//790 816//816
f 776//776 798//798 836//836
f 982//982 969//969 1020//1020
f 969//969 982//982 963//963
f 982//982 1020//1020 985//985
f 963//963 982//982 985//985
f 1049//1049 1063//1063 975//975
f 921//921 1049//1049 975//975
f 1043//1043 1049//1049 921//921
f 931//931 854//854 897//897
f 931//931 968//968 960//960
f 931//931 897//897 968//968
f 956//956 931//931 960//960
f 931//931 956//956 919//919
f 854//854 931//931 919//919
f 1186//1186 1179//1179 1198//1198
f 1179//1179 1217//1217 1198//1198
f 1217//1217 1240//1240 1198//1198
f 1240//1240 1186//1186 1198//1198
f 1240//1240 1303//1303 1186//1186
f 1175//1175 1277//1277 1207//1207
f 1277//1277 1175//1175 1186//1186
f 1303//1303 1277//1277 1186//1186
f 1277//1277 1307//1307 1300//1300
f 1307//1307 1277//1277 1303//1303
f 1253//1253 1182//1182 1225//1225
f 1253//1253 1174//1174 1182//1182
f 1253//1253 1292//1292 1318//1318
f 1174//1174 1253//1253 1318//1318
f 1347//1347 1307//1307 1373//1373
f 1405//1405 1347//1347 1373//1373
f 1347//1347 1405//1405 1370//1370
f 1292//1292 1351//1351 1318//1318
f 1351//1351 1382//1382 1318//1318
f 1425//1425 1405//1405 1373//1373
f 1405//1405 1425//1425 1461//1461
f 1425//1425 1489//1489 1461//1461
f 1272//1272 1324//1324 1266//1266
f 1272//1272 1248//1248 1276//1276
f 1238//1238 1222//1222 1276//1276
f 1248//1248 1238//1238 1276//1276
f 1214//1214 1272//1272 1266//1266
f 1272//1272 1214//1214 1248//1248
f 1265//1265 1214//1214 1266//1266
f 1384//1384 1322//1322 1397//1397
f 1322//1322 1384//1384 1359//1359
f 1477//1477 1456//1456 1505//1505
f 1456//1456 1458//1458 1505//1505
f 1456//1456 1477//1477 1400//1400
f 1458//1458 1434//1434 1445//1445
f 1564//1564 1511//1511 1509//1509
f 1517//1517 1511//1511 1564//1564
f 1509//1509 1511//1511 1496//1496
f 1511//1511 1517//1517 1496//1496
f 1404//1404 1426//1426 1397//1397
f 1426//1426 1404//1404 1440//1440
f 1455//1455 1426//1426 1440//1440
f 1438//1438 1355//1355 1431//1431
f 1355//1355 1391//1391 1431//1431
f 1355//1355 1305//1305 1328//1328
f 1170//1170 1218//1218 1177//1177
f 1218//1218 1170//1170 1219//1219
f 1218//1218 1219//1219 1237//1237
f 1221//1221 1218//1218 1237//1237
f 1177//1177 1218//1218 1221//1221
f 1280//1280 1286//1286 1348//1348
f 1286//1286 1317//1317 1348//1348
f 1317//1317 1286//1286 1287//1287
f 1287//1287 1286//1286 1264//1264
f 1246//1246 1211//1211 1235//1235
f 1211//1211 1246//1246 1219//1219
f 1219//1219 1246//1246 1237//1237
f 1246//1246 1285//1285 1237//1237
f 1290//1290 1280//1280 1327//1327
f 1285//1285 1290//1290 1327//1327
f 1189//1189 1166//1166 1152//1152
f 1189//1189 1211//1211 1166//1166
f 1189//1189 1134//1134 1151//1151
f 1134//1134 1189//1189 1152//1152
f 1245//1245 1280//1280 1235//1235
f 1211//1211 1245//1245 1235//1235
f 1189//1189 1245//1245 1211//1211
f 1296//1296 1316//1316 1321//1321
f 1305//1305 1316//1316 1296//1296
f 1355//1355 1316//1316 1305//1305
f 1301//1301 1267//1267 1311//1311
f 1301//1301 1311//1311 1328//1328
f 1305//1305 1301//1301 1328//1328
f 1267//1267 1301//1301 1274//1274
f 1301//1301 1305//1305 1274//1274
f 1388//1388 1356//1356 1334//1334
f 1447//1447 1388//1388 1438//1438
f 1388//1388 1355//1355 1438//1438
f 1321//1321 1388//1388 1334//1334
f 1316//1316 1388//1388 1321//1321
f 1388//1388 1316//1316 1355//1355
f 1356//1356 1386//1386 1344//1344
f 1386//1386 1416//1416 1344//1344
f 1416//1416 1386//1386 1422//1422
f 1388//1388 1386//1386 1356//1356
f 1422//1422 1386//1386 1447//1447
f 1386//1386 1388//1388 1447//1447
f 1308//1308 1341//1341 1353//1353
f 1416//1416 1350//1350 1344//1344
f 1313//1313 1350//1350 1340//1340
f 1350//1350 1298//1298 1344//1344
f 1350//1350 1313//1313 1298//1298
f 1473//1473 1416//1416 1422//1422
f 1168//1168 1201//1201 1180//1180
f 1201//1201 1168//1168 1202//1202
f 1337//1337 1313//1313 1340//1340
f 1337//1337 1341//1341 1308//1308
f 1283//1283 1337//1337 1308//1308
f 1341//1341 1337//1337 1390//1390
f 1313//1313 1337//1337 1291//1291
f 1337//1337 1283//1283 1291//1291
f 1402//1402 1336//1336 1400//1400
f 1336//1336 1402//1402 1362//1362
f 1563//1563 1543//1543 1508//1508
f 1584//1584 1543//1543 1563//1563
f 1584//1584 1650//1650 1627//1627
f 1650//1650 1652//1652 1685//1685
f 1691//1691 1650//1650 1685//1685
f 1650//1650 1662//1662 1627//1627
f 1662//1662 1650//1650 1691//1691
f 1164//1164 1145//1145 1144//1144
f 1145//1145 1154//1154 1092//1092
f 1161//1161 1154//1154 1195//1195
f 1154//1154 1164//1164 1195//1195
f 1164//1164 1154//1154 1145//1145
f 1083//1083 1118//1118 1151//1151
f 1118//1118 1161//1161 1151//1151
f 1154//1154 1118//1118 1092//1092
f 1118//1118 1154//1154 1161//1161
f 1093//1093 1110//1110 1079//1079
f 1083//1083 1093//1093 1079//1079
f 1110//1110 1093//1093 1151//1151
f 1093//1093 1083//1083 1151//1151
f 1268//1268 1294//1294 1254//1254
f 1294//1294 1323//1323 1254//1254
f 1323//1323 1294//1294 1322//1322
f 1384//1384 1377//1377 1359//1359
f 1338//1338 1322//1322 1359//1359
f 1323//1323 1338//1338 1359//1359
f 1338//1338 1323//1323 1322//1322
f 1322//1322 1306//1306 1304//1304
f 1306//1306 1265//1265 1304//1304
f 1294//1294 1306//1306 1322//1322
f 1317//1317 1310//1310 1331//1331
f 1331//1331 1310//1310 1362//1362
f 1310//1310 1317//1317 1287//1287
f 1310//1310 1287//1287 1264//1264
f 1241//1241 1310//1310 1264//1264
f 1963//1963 1973//1973 1950//1950
f 1963//1963 1950//1950 1924//1924
f 1973//1973 1963//1963 1999//1999
f 1934//1934 1963//1963 1924//1924
f 1961//1961 1963//1963 1934//1934
f 1975//1975 1945//1945 1942//1942
f 1945//1945 1975//1975 1966//1966
f 1945//1945 1922//1922 1942//1942
f 1922//1922 1945//1945 1941//1941
f 1945//1945 1966//1966 1941//1941
f 2003//2003 2020//2020 2009//2009
f 2002//2002 1991//1991 2023//2023
f 2005//2005 2002//2002 2023//2023
f 1938//1938 1927//1927 1941//1941
f 1938//1938 1946//1946 1927//1927
f 1966//1966 1960//1960 1941//1941
f 1960//1960 1938//1938 1941//1941
f 1913//1913 1927//1927 1934//1934
f 1906//1906 1913//1913 1934//1934
f 1629//1629 1594//1594 1604//1604
f 1526//1526 1487//1487 1477//1477
f 1534//1534 1526//1526 1477//1477
f 1487//1487 1526//1526 1510//1510
f 1645//1645 1662//1662 1673//1673
f 1662//1662 1645//1645 1627//1627
f 1655//1655 1645//1645 1673//1673
f 1553//1553 1490//1490 1533//1533
f 1568//1568 1553//1553 1533//1533
f 1553//1553 1601//1601 1547//1547
f 1660//1660 1702//1702 1647//1647
f 1522//1522 1457//1457 1478//1478
f 1522//1522 1478//1478 1525//1525
f 1549//1549 1522//1522 1525//1525
f 1679//1679 1655//1655 1673//1673
f 1679//1679 1704//1704 1655//1655
f 1640//1640 1635//1635 1612//1612
f 1612//1612 1635//1635 1606//1606
f 1635//1635 1624//1624 1606//1606
f 1700//1700 1709//1709 1685//1685
f 1709//1709 1700//1700 1733//1733
f 1649//1649 1683//1683 1625//1625
f 1649//1649 1625//1625 1606//1606
f 1624//1624 1649//1649 1606//1606
f 1821//1821 1852//1852 1827//1827
f 1859//1859 1852//1852 1821//1821
f 1885//1885 1922//1922 1892//1892
f 1922//1922 1885//1885 1905//1905
f 1872//1872 1859//1859 1821//1821
f 1874//1874 1872//1872 1821//1821
f 1885//1885 1872//1872 1874//1874
f 1859//1859 1872//1872 1892//1892
f 1872//1872 1885//1885 1892//1892
f 1902//1902 1918//1918 1905//1905
f 1918//1918 1902//1902 1895//1895
f 1720//1720 1679//1679 1673//1673
f 1694//1694 1720//1720 1673//1673
f 1920//1920 1896//1896 1881//1881
f 1896//1896 1880//1880 1881//1881
f 1895//1895 1896//1896 1908//1908
f 1880//1880 1896//1896 1895//1895
f 1880//1880 1857//1857 1881//1881
f 1857//1857 1878//1878 1881//1881
f 1957//1957 1898//1898 1967//1967
f 1939//1939 1937//1937 1920//1920
f 1937//1937 1986//1986 1951//1951
f 1899//1899 1878//1878 1882//1882
f 1878//1878 1899//1899 1920//1920
f 1899//1899 1939//1939 1920//1920
f 1873//1873 1899//1899 1882//1882
f 1899//1899 1873//1873 1898//1898
f 1957//1957 1899//1899 1898//1898
f 1899//1899 1957//1957 1939//1939
f 1816//1816 1769//1769 1813//1813
f 1769//1769 1816//1816 1801//1801
f 1992//1992 2011//2011 2040//2040
f 2011//2011 1992//1992 1985//1985
f 1756//1756 1772//1772 1682//1682
f 1753//1753 1756//1756 1706//1706
f 1756//1756 1753//1753 1787//1787
f 1772//1772 1756//1756 1787//1787
f 1847//1847 1832//1832 1787//1787
f 1832//1832 1772//1772 1787//1787
f 1772//1772 1832//1832 1813//1813
f 1482//1482 1554//1554 1578//1578
f 1595//1595 1633//1633 1610//1610
f 1641//1641 1633//1633 1668//1668
f 1633//1633 1641//1641 1610//1610
f 1572//1572 1564//1564 1509//1509
f 1572//1572 1589//1589 1564//1564
f 1572//1572 1595//1595 1589//1589
f 27//27 43//43 24//24
f 27//27 24//24 7//7
f 14//14 27//27 7//7
f 68//68 48//48 104//104
f 41//41 48//48 34//34
f 104//104 48//48 41//41
f 194//194 175//175 214//214
f 238//238 194//194 250//250
f 194//194 214//214 250//250
f 174//174 141//141 156//156
f 157//157 141//141 174//174
f 141//141 127//127 156//156
f 127//127 141//141 120//120
f 102//102 101//101 122//122
f 106//106 102//102 122//122
f 101//101 102//102 56//56
f 98//98 124//124 107//107
f 84//84 98//98 107//107
f 98//98 84//84 63//63
f 123//123 106//106 122//122
f 124//124 123//123 145//145
f 98//98 123//123 124//124
f 123//123 98//98 106//106
f 136//136 147//147 178//178
f 147//147 136//136 122//122
f 136//136 123//123 122//122
f 145//145 136//136 178//178
f 123//123 136//136 145//145
f 257//257 237//237 258//258
f 290//290 257//257 258//258
f 275//275 257//257 290//290
f 326//326 309//309 336//336
f 336//336 309//309 311//311
f 309//309 275//275 311//311
f 275//275 309//309 264//264
f 309//309 303//303 264//264
f 303//303 309//309 326//326
f 1030//1030 1050//1050 1077//1077
f 1050//1050 1071//1071 1077//1077
f 1050//1050 1030//1030 1025//1025
f 1071//1071 1050//1050 1025//1025
f 1193//1193 1243//1243 1217//1217
f 1243//1243 1240//1240 1217//1217
f 1088//1088 1043//1043 1057//1057
f 1095//1095 1088//1088 1057//1057
f 1088//1088 1095//1095 1096//1096
f 1184//1184 1148//1148 1159//1159
f 1148//1148 1112//1112 1159//1159
f 1148//1148 1184//1184 1203//1203
f 1193//1193 1148//1148 1203//1203
f 1095//1095 1108//1108 1126//1126
f 1108//1108 1148//1148 1126//1126
f 1148//1148 1108//1108 1112//1112
f 1112//1112 1108//1108 1070//1070
f 1108//1108 1057//1057 1070//1070
f 1108//1108 1095//1095 1057//1057
f 1123//1123 1089//1089 1099//1099
f 1123//1123 1099//1099 1135//1135
f 1138//1138 1123//1123 1135//1135
f 1123//1123 1138//1138 1159//1159
f 1112//1112 1123//1123 1159//1159
f 1123//1123 1112//1112 1089//1089
f 1293//1293 1247//1247 1271//1271
f 1247//1247 1293//1293 1234//1234
f 1247//1247 1236//1236 1271//1271
f 1184//1184 1247//1247 1234//1234
f 1236//1236 1247//1247 1184//1184
f 1452//1452 1480//1480 1454//1454
f 1480//1480 1514//1514 1454//1454
f 1514//1514 1480//1480 1503//1503
f 1513//1513 1480//1480 1452//1452
f 1503//1503 1480//1480 1513//1513
f 1762//1762 1743//1743 1798//1798
f 1743//1743 1773//1773 1798//1798
f 1724//1724 1743//1743 1719//1719
f 1773//1773 1743//1743 1724//1724
f 1755//1755 1732//1732 1730//1730
f 1755//1755 1780//1780 1774//1774
f 1732//1732 1755//1755 1740//1740
f 1582//1582 1599//1599 1616//1616
f 1599//1599 1623//1623 1616//1616
f 1599//1599 1559//1559 1573//1573
f 1559//1559 1599//1599 1582//1582
f 1548//1548 1614//1614 1573//1573
f 1614//1614 1548//1548 1571//1571
f 1614//1614 1599//1599 1573//1573
f 1599//1599 1614//1614 1623//1623
f 1623//1623 1659//1659 1672//1672
f 1561//1561 1593//1593 1576//1576
f 1593//1593 1619//1619 1576//1576
f 1619//1619 1593//1593 1616//1616
f 1593//1593 1582//1582 1616//1616
f 1593//1593 1561//1561 1552//1552
f 1582//1582 1593//1593 1552//1552
f 1597//1597 1558//1558 1576//1576
f 1600//1600 1597//1597 1618//1618
f 1597//1597 1567//1567 1558//1558
f 1567//1567 1597//1597 1600//1600
f 1597//1597 1646//1646 1618//1618
f 1619//1619 1597//1597 1576//1576
f 1597//1597 1619//1619 1646//1646
f 1528//1528 1535//1535 1558//1558
f 1528//1528 1567//1567 1523//1523
f 1567//1567 1528//1528 1558//1558
f 1484//1484 1468//1468 1506//1506
f 1484//1484 1506//1506 1552//1552
f 1535//1535 1484//1484 1552//1552
f 1353//1353 1325//1325 1299//1299
f 1325//1325 1289//1289 1299//1299
f 1367//1367 1325//1325 1385//1385
f 1325//1325 1367//1367 1320//1320
f 1288//1288 1325//1325 1320//1320
f 1325//1325 1288//1288 1289//1289
f 1169//1169 1232//1232 1197//1197
f 1232//1232 1169//1169 1178//1178
f 1232//1232 1208//1208 1197//1197
f 1453//1453 1430//1430 1449//1449
f 1419//1419 1403//1403 1430//1430
f 1512//1512 1488//1488 1518//1518
f 1493//1493 1488//1488 1465//1465
f 1488//1488 1493//1493 1518//1518
f 1488//1488 1453//1453 1449//1449
f 1375//1375 1395//1395 1396//1396
f 1380//1380 1375//1375 1396//1396
f 1375//1375 1333//1333 1345//1345
f 1395//1395 1375//1375 1345//1345
f 1333//1333 1375//1375 1352//1352
f 1375//1375 1380//1380 1352//1352
f 1548//1548 1539//1539 1571//1571
f 1530//1530 1502//1502 1520//1520
f 1539//1539 1530//1530 1520//1520
f 1530//1530 1539//1539 1548//1548
f 1502//1502 1530//1530 1498//1498
f 1559//1559 1545//1545 1573//1573
f 1545//1545 1548//1548 1573//1573
f 1545//1545 1530//1530 1548//1548
f 1545//1545 1559//1559 1498//1498
f 1530//1530 1545//1545 1498//1498
f 1039//1039 1053//1053 1033//1033
f 1039//1039 1087//1087 1053//1053
f 995//995 1039//1039 1033//1033
f 1087//1087 1094//1094 1072//1072
f 1169//1169 1094//1094 1087//1087
f 1094//1094 1169//1169 1163//1163
f 1104//1104 1094//1094 1163//1163
f 1094//1094 1071//1071 1072//1072
f 1094//1094 1104//1104 1071//1071
f 1196//1196 1229//1229 1190//1190
f 1229//1229 1196//1196 1208//1208
f 1165//1165 1196//1196 1190//1190
f 1208//1208 1196//1196 1163//1163
f 1196//1196 1165//1165 1163//1163
f 1087//1087 1107//1107 1111//1111
f 1111//1111 1107//1107 1136//1136
f 1107//1107 1100//1100 1136//1136
f 998//998 1026//1026 1003//1003
f 1026//1026 998//998 990//990
f 966//966 998//998 1003//1003
f 998//998 966//966 990//990
f 1119//1119 1026//1026 1090//1090
f 1026//1026 1119//1119 1100//1100
f 1100//1100 1119//1119 1121//1121
f 1168//1168 1119//1119 1090//1090
f 1119//1119 1168//1168 1180//1180
f 1200//1200 1119//1119 1180//1180
f 271//271 242//242 277//277
f 235//235 242//242 271//271
f 242//242 235//235 210//210
f 242//242 244//244 277//277
f 242//242 211//211 244//244
f 211//211 242//242 210//210
f 272//272 220//220 228//228
f 272//272 260//260 220//220
f 272//272 228//228 266//266
f 274//274 272//272 266//266
f 343//343 272//272 305//305
f 272//272 274//274 305//305
f 272//272 343//343 267//267
f 260//260 272//272 267//267
f 439//439 428//428 372//372
f 428//428 383//383 372//372
f 428//428 439//439 459//459
f 328//328 338//338 330//330
f 358//358 401//401 372//372
f 358//358 338//338 328//328
f 364//364 358//358 312//312
f 358//358 328//328 312//312
f 262//262 255//255 267//267
f 273//273 262//262 267//267
f 255//255 262//262 207//207
f 273//273 308//308 293//293
f 308//308 273//273 319//319
f 308//308 333//333 293//293
f 333//333 308//308 319//319
f 845//845 858//858 809//809
f 697//697 703//703 674//674
f 699//699 697//697 663//663
f 697//697 674//674 663//663
f 659//659 626//626 685//685
f 673//673 659//659 723//723
f 659//659 685//685 723//723
f 659//659 673//673 597//597
f 626//626 659//659 597//597
f 483//483 439//439 466//466
f 439//439 483//483 459//459
f 483//483 498//498 459//459
f 520//520 509//509 565//565
f 498//498 520//520 535//535
f 483//483 520//520 498//498
f 509//509 520//520 466//466
f 520//520 483//483 466//466
f 921//921 915//915 935//935
f 901//901 915//915 921//921
f 915//915 927//927 935//935
f 773//773 772//772 817//817
f 772//772 723//723 781//781
f 772//772 734//734 723//723
f 772//772 773//773 734//734
f 1015//1015 978//978 996//996
f 967//967 978//978 1015//1015
f 978//978 942//942 996//996
f 978//978 967//967 930//930
f 1015//1015 999//999 1042//1042
f 999//999 1015//1015 996//996
f 942//942 999//999 996//996
f 943//943 942//942 903//903
f 943//943 999//999 942//942
f 999//999 943//943 973//973
f 771//771 719//719 710//710
f 719//719 771//771 712//712
f 815//815 771//771 832//832
f 771//771 768//768 832//832
f 771//771 736//736 712//712
f 771//771 815//815 736//736
f 907//907 912//912 936//936
f 940//940 907//907 936//936
f 907//907 940//940 873//873
f 907//907 873//873 872//872
f 912//912 907//907 872//872
f 987//987 966//966 1003//1003
f 987//987 940//940 966//966
f 1038//1038 987//987 1003//1003
f 949//949 967//967 990//990
f 949//949 909//909 930//930
f 967//967 949//949 930//930
f 853//853 867//867 880//880
f 840//840 867//867 853//853
f 942//942 876//876 903//903
f 876//876 886//886 903//903
f 876//876 815//815 832//832
f 876//876 832//832 866//866
f 886//886 876//876 866//866
f 829//829 806//806 813//813
f 806//806 783//783 813//813
f 795//795 844//844 813//813
f 847//847 844//844 795//795
f 837//837 799//799 791//791
f 791//791 799//799 739//739
f 799//799 795//795 739//739
f 768//768 835//835 832//832
f 832//832 835//835 866//866
f 835//835 869//869 866//866
f 895//895 906//906 951//951
f 887//887 895//895 951//951
f 848//848 856//856 793//793
f 856//856 895//895 887//887
f 856//856 848//848 906//906
f 895//895 856//856 906//906
f 818//818 887//887 869//869
f 835//835 818//818 869//869
f 856//856 818//818 793//793
f 818//818 856//856 887//887
f 818//818 835//835 768//768
f 793//793 818//818 741//741
f 818//818 768//768 741//741
f 851//851 819//819 807//807
f 819//819 782//782 807//807
f 819//819 848//848 802//802
f 819//819 851//851 848//848
f 819//819 802//802 770//770
f 782//782 819//819 770//770
f 644//644 681//681 623//623
f 644//644 623//623 578//578
f 672//672 713//713 681//681
f 644//644 672//672 681//681
f 672//672 644//644 668//668
f 585//585 572//572 627//627
f 668//668 585//585 627//627
f 644//644 585//585 668//668
f 585//585 644//644 578//578
f 546//546 585//585 578//578
f 572//572 585//585 546//546
f 713//713 689//689 728//728
f 728//728 689//689 724//724
f 672//672 689//689 713//713
f 689//689 672//672 668//668
f 689//689 677//677 724//724
f 689//689 668//668 677//677
f 470//470 476//476 524//524
f 476//476 470//470 432//432
f 470//470 415//415 432//432
f 415//415 470//470 433//433
f 406//406 407//407 432//432
f 407//407 406//406 384//384
f 537//537 554//554 601//601
f 554//554 537//537 523//523
f 490//490 516//516 444//444
f 433//433 490//490 444//444
f 409//409 433//433 444//444
f 433//433 409//409 388//388
f 409//409 373//373 388//388
f 398//398 409//409 444//444
f 373//373 409//409 398//398
f 108//108 146//146 129//129
f 146//146 180//180 129//129
f 138//138 146//146 108//108
f 180//180 146//146 200//200
f 200//200 146//146 192//192
f 146//146 138//138 192//192
f 114//114 135//135 160//160
f 195//195 135//135 130//130
f 160//160 135//135 219//219
f 135//135 195//195 219//219
f 64//64 80//80 76//76
f 80//80 64//64 69//69
f 99//99 134//134 118//118
f 99//99 114//114 134//134
f 99//99 94//94 76//76
f 94//94 99//99 118//118
f 99//99 80//80 114//114
f 72//72 71//71 91//91
f 71//71 72//72 62//62
f 92//92 72//72 91//91
f 62//62 72//72 92//92
f 54//54 73//73 49//49
f 54//54 75//75 73//73
f 54//54 31//31 55//55
f 54//54 49//49 31//31
f 79//79 54//54 55//55
f 75//75 54//54 79//79
f 95//95 85//85 65//65
f 109//109 85//85 95//95
f 85//85 100//100 74//74
f 85//85 109//109 100//100
f 109//109 132//132 100//100
f 132//132 109//109 119//119
f 539//539 548//548 528//528
f 539//539 528//528 485//485
f 551//551 539//539 485//485
f 539//539 551//551 568//568
f 548//548 539//539 568//568
f 1031//1031 965//965 1000//1000
f 965//965 959//959 1000//1000
f 959//959 965//965 929//929
f 965//965 906//906 929//929
f 965//965 1031//1031 1029//1029
f 906//906 965//965 951//951
f 965//965 1029//1029 951//951
f 1055//1055 1083//1083 1029//1029
f 1031//1031 1055//1055 1029//1029
f 1118//1118 1055//1055 1092//1092
f 1055//1055 1118//1118 1083//1083
f 1055//1055 1031//1031 1000//1000
f 1078//1078 1055//1055 1000//1000
f 1055//1055 1078//1078 1092//1092
f 1083//1083 1035//1035 1029//1029
f 1035//1035 1083//1083 1079//1079
f 1012//1012 1035//1035 1079//1079
f 979//979 974//974 917//917
f 974//974 979//979 1010//1010
f 631//631 594//594 598//598
f 594//594 570//570 561//561
f 598//598 594//594 561//561
f 594//594 616//616 570//570
f 647//647 655//655 680//680
f 616//616 655//655 647//647
f 594//594 655//655 616//616
f 655//655 594//594 631//631
f 655//655 702//702 680//680
f 702//702 655//655 714//714
f 714//714 655//655 721//721
f 655//655 628//628 721//721
f 655//655 631//631 628//628
f 474//474 421//421 437//437
f 491//491 421//421 474//474
f 421//421 399//399 393//393
f 399//399 421//421 475//475
f 475//475 514//514 496//496
f 514//514 593//593 496//496
f 421//421 514//514 475//475
f 514//514 421//421 491//491
f 593//593 514//514 578//578
f 514//514 546//546 578//578
f 514//514 491//491 546//546
f 294//294 307//307 284//284
f 307//307 294//294 303//303
f 303//303 294//294 264//264
f 294//294 224//224 264//264
f 224//224 294//294 284//284
f 389//389 421//421 393//393
f 389//389 385//385 437//437
f 421//421 389//389 437//437
f 426//426 453//453 437//437
f 453//453 493//493 437//437
f 493//493 453//453 497//497
f 340//340 351//351 311//311
f 290//290 340//340 311//311
f 417//417 340//340 357//357
f 340//340 346//346 357//357
f 340//340 290//290 283//283
f 346//346 340//340 283//283
f 351//351 370//370 336//336
f 370//370 385//385 336//336
f 279//279 297//297 286//286
f 310//310 297//297 279//279
f 297//297 310//310 329//329
f 297//297 329//329 361//361
f 297//297 322//322 286//286
f 322//322 297//297 361//361
f 222//222 263//263 268//268
f 263//263 222//222 229//229
f 253//253 222//222 268//268
f 222//222 253//253 187//187
f 222//222 187//187 172//172
f 183//183 222//222 172//172
f 229//229 222//222 183//183
f 645//645 658//658 648//648
f 682//682 658//658 645//645
f 658//658 661//661 648//648
f 400//400 375//375 434//434
f 375//375 400//400 356//356
f 375//375 371//371 434//434
f 434//434 371//371 386//386
f 371//371 342//342 386//386
f 371//371 325//325 342//342
f 325//325 371//371 375//375
f 342//342 313//313 321//321
f 325//325 313//313 342//342
f 313//313 325//325 295//295
f 313//313 276//276 321//321
f 276//276 313//313 295//295
f 559//559 538//538 524//524
f 538//538 559//559 554//554
f 538//538 554//554 523//523
f 538//538 470//470 524//524
f 470//470 538//538 523//523
f 2196//2196 2192//2192 2195//2195
f 2202//2202 2196//2196 2195//2195
f 2192//2192 2196//2196 2193//2193
f 2196//2196 2198//2198 2193//2193
f 2196//2196 2202//2202 2198//2198
f 2219//2219 2217//2217 2216//2216
f 2219//2219 2220//2220 2217//2217
f 2220//2220 2219//2219 2222//2222
f 2115//2115 2118//2118 2107//2107
f 2115//2115 2137//2137 2118//2118
f 2074//2074 2065//2065 2056//2056
f 2064//2064 2067//2067 2033//2033
f 2040//2040 2064//2064 2033//2033
f 2096//2096 2064//2064 2082//2082
f 2026//2026 2007//2007 1998//1998
f 2031//2031 2026//2026 2043//2043
f 2026//2026 2031//2031 2007//2007
f 2026//2026 2059//2059 2043//2043
f 2059//2059 2026//2026 2034//2034
f 2034//2034 2044//2044 2060//2060
f 2067//2067 2044//2044 2033//2033
f 1988//1988 2004//2004 1998//1998
f 2013//2013 2004//2004 1988//1988
f 2044//2044 2024//2024 2033//2033
f 2024//2024 2044//2044 2034//2034
f 2024//2024 2026//2026 1998//1998
f 2026//2026 2024//2024 2034//2034
f 2153//2153 2159//2159 2167//2167
f 2169//2169 2159//2159 2154//2154
f 2159//2159 2169//2169 2167//2167
f 2123//2123 2132//2132 2130//2130
f 2172//2172 2153//2153 2167//2167
f 2172//2172 2167//2167 2176//2176
f 2172//2172 2166//2166 2152//2152
f 2153//2153 2172//2172 2152//2152
f 2174//2174 2172//2172 2176//2176
f 2166//2166 2172//2172 2174//2174
f 2166//2166 2151//2151 2152//2152
f 2155//2155 2151//2151 2166//2166
f 2136//2136 2130//2130 2152//2152
f 2151//2151 2136//2136 2152//2152
f 2139//2139 2145//2145 2162//2162
f 2145//2145 2160//2160 2162//2162
f 2160//2160 2145//2145 2155//2155
f 2114//2114 2125//2125 2139//2139
f 2125//2125 2145//2145 2139//2139
f 2161//2161 2175//2175 2164//2164
f 2161//2161 2158//2158 2175//2175
f 2078//2078 2055//2055 2087//2087
f 1910//1910 1888//1888 1904//1904
f 1904//1904 1888//1888 1890//1890
f 1849//1849 1888//1888 1875//1875
f 1818//1818 1888//1888 1849//1849
f 1888//1888 1916//1916 1875//1875
f 1888//1888 1910//1910 1916//1916
f 1799//1799 1778//1778 1783//1783
f 1778//1778 1758//1758 1783//1783
f 1768//1768 1763//1763 1790//1790
f 1778//1778 1763//1763 1742//1742
f 1763//1763 1799//1799 1790//1790
f 1763//1763 1778//1778 1799//1799
f 1752//1752 1747//1747 1729//1729
f 1780//1780 1747//1747 1752//1752
f 1729//1729 1747//1747 1710//1710
f 1747//1747 1730//1730 1710//1710
f 1747//1747 1755//1755 1730//1730
f 1755//1755 1747//1747 1780//1780
f 1776//1776 1807//1807 1773//1773
f 1755//1755 1776//1776 1740//1740
f 1776//1776 1755//1755 1774//1774
f 1776//1776 1726//1726 1740//1740
f 1776//1776 1773//1773 1726//1726
f 1837//1837 1806//1806 1797//1797
f 1806//1806 1780//1780 1797//1797
f 1689//1689 1715//1715 1677//1677
f 1782//1782 1762//1762 1802//1802
f 1818//1818 1782//1782 1802//1802
f 1871//1871 1854//1854 1912//1912
f 1854//1854 1828//1828 1840//1840
f 1828//1828 1817//1817 1840//1840
f 1828//1828 1773//1773 1817//1817
f 1773//1773 1828//1828 1798//1798
f 1828//1828 1833//1833 1798//1798
f 1919//1919 1931//1931 1912//1912
f 1907//1907 1919//1919 1912//1912
f 1965//1965 1944//1944 1931//1931
f 1955//1955 1977//1977 1990//1990
f 1982//1982 1955//1955 1990//1990
f 1977//1977 1955//1955 1958//1958
f 1955//1955 1926//1926 1958//1958
f 2068//2068 2063//2063 2053//2053
f 2083//2083 2068//2068 2053//2053
f 2063//2063 2068//2068 2070//2070
f 2068//2068 2097//2097 2070//2070
f 2068//2068 2083//2083 2097//2097
f 1968//1968 1971//1971 1958//1958
f 1981//1981 1971//1971 1968//1968
f 1971//1971 1977//1977 1958//1958
f 1971//1971 1981//1981 1977//1977
f 2050//2050 2046//2046 2052//2052
f 2050//2050 2052//2052 2061//2061
f 2045//2045 2050//2050 2061//2061
f 2050//2050 2045//2045 2035//2035
f 2046//2046 2050//2050 2035//2035
f 2079//2079 2076//2076 2108//2108
f 2079//2079 2072//2072 2076//2076
f 2072//2072 2079//2079 2061//2061
f 2079//2079 2081//2081 2061//2061
f 447//447 480//480 456//456
f 405//405 447//447 456//456
f 447//447 405//405 387//387
f 412//412 447//447 387//387
f 3//3 4//4 2//2
f 19//19 3//3 2//2
f 3//3 19//19 20//20
f 4//4 3//3 9//9
f 3//3 20//20 9//9
f 28//28 32//32 45//45
f 32//32 51//51 45//45
f 51//51 32//32 19//19
f 20//20 32//32 28//28
f 19//19 32//32 20//20
f 46//46 53//53 66//66
f 51//51 46//46 66//66
f 46//46 26//26 53//53
f 26//26 46//46 15//15
f 46//46 19//19 15//15
f 46//46 51//51 19//19
f 58//58 44//44 76//76
f 94//94 58//58 76//76
f 58//58 94//94 77//77
f 57//57 58//58 77//77
f 1027//1027 1040//1040 962//962
f 1084//1084 1040//1040 1069//1069
f 1040//1040 1027//1027 1069//1069
f 1188//1188 1150//1150 1162//1162
f 953//953 937//937 893//893
f 953//953 900//900 962//962
f 900//900 953//953 893//893
f 1040//1040 953//953 962//962
f 953//953 1040//1040 1018//1018
f 948//948 1018//1018 981//981
f 948//948 981//981 944//944
f 948//948 953//953 1018//1018
f 953//953 948//948 937//937
f 948//948 914//914 937//937
f 889//889 948//948 944//944
f 914//914 948//948 889//889
f 955//955 1004//1004 962//962
f 1004//1004 1027//1027 962//962
f 1027//1027 1004//1004 1023//1023
f 954//954 988//988 1011//1011
f 988//988 954//954 952//952
f 905//905 955//955 900//900
f 905//905 884//884 882//882
f 884//884 905//905 900//900
f 905//905 954//954 955//955
f 905//905 882//882 868//868
f 1082//1082 1062//1062 1047//1047
f 1062//1062 1082//1082 1109//1109
f 1078//1078 1085//1085 1097//1097
f 1085//1085 1129//1129 1097//1097
f 1085//1085 1078//1078 1001//1001
f 1220//1220 1188//1188 1254//1254
f 414//414 422//422 455//455
f 414//414 392//392 422//422
f 392//392 414//414 404//404
f 414//414 455//455 462//462
f 404//404 414//414 462//462
f 1855//1855 1800//1800 1814//1814
f 1800//1800 1810//1810 1752//1752
f 1800//1800 1779//1779 1814//1814
f 1779//1779 1800//1800 1731//1731
f 1800//1800 1752//1752 1731//1731
f 1493//1493 1537//1537 1518//1518
f 1537//1537 1540//1540 1518//1518
f 1556//1556 1537//1537 1547//1547
f 1540//1540 1537//1537 1556//1556
f 1531//1531 1515//1515 1524//1524
f 1538//1538 1531//1531 1524//1524
f 1531//1531 1538//1538 1570//1570
f 1531//1531 1570//1570 1532//1532
f 1515//1515 1531//1531 1532//1532
f 1764//1764 1781//1781 1794//1794
f 1781//1781 1789//1789 1794//1794
f 1830//1830 1843//1843 1794//1794
f 1789//1789 1830//1830 1794//1794
f 1830//1830 1849//1849 1875//1875
f 1843//1843 1830//1830 1875//1875
f 1770//1770 1781//1781 1764//1764
f 1781//1781 1770//1770 1789//1789
f 1815//1815 1818//1818 1849//1849
f 1815//1815 1782//1782 1818//1818
f 1867//1867 1818//1818 1845//1845
f 1866//1866 1867//1867 1845//1845
f 1888//1888 1867//1867 1890//1890
f 1867//1867 1888//1888 1818//1818
f 1698//1698 1699//1699 1689//1689
f 1699//1699 1715//1715 1689//1689
f 1715//1715 1699//1699 1761//1761
f 1782//1782 1699//1699 1762//1762
f 1699//1699 1782//1782 1761//1761
f 1699//1699 1698//1698 1719//1719
f 1596//1596 1575//1575 1579//1579
f 1575//1575 1596//1596 1607//1607
f 1600//1600 1596//1596 1579//1579
f 1596//1596 1600//1600 1618//1618
f 1607//1607 1596//1596 1628//1628
f 1689//1689 1596//1596 1618//1618
f 1628//1628 1596//1596 1689//1689
f 1675//1675 1617//1617 1611//1611
f 1617//1617 1675//1675 1622//1622
f 1611//1611 1617//1617 1590//1590
f 1617//1617 1560//1560 1590//1590
f 1617//1617 1622//1622 1560//1560
f 1676//1676 1722//1722 1688//1688
f 1644//1644 1676//1676 1688//1688
f 1676//1676 1644//1644 1632//1632
f 1622//1622 1676//1676 1632//1632
f 1675//1675 1676//1676 1622//1622
f 753//753 776//776 789//789
f 691//691 753//753 789//789
f 776//776 753//753 742//742
f 753//753 683//683 742//742
f 753//753 691//691 683//683
f 790//790 775//775 765//765
f 798//798 775//775 790//790
f 775//775 752//752 765//765
f 775//775 798//798 776//776
f 752//752 775//775 742//742
f 775//775 776//776 742//742
f 1148//1148 1160//1160 1126//1126
f 1160//1160 1148//1148 1193//1193
f 1126//1126 1160//1160 1096//1096
f 1160//1160 1179//1179 1096//1096
f 1160//1160 1193//1193 1217//1217
f 1179//1179 1160//1160 1217//1217
f 1418//1418 1436//1436 1444//1444
f 1436//1436 1418//1418 1409//1409
f 1277//1277 1262//1262 1207//1207
f 1319//1319 1347//1347 1370//1370
f 1319//1319 1351//1351 1292//1292
f 1405//1405 1393//1393 1370//1370
f 1432//1432 1393//1393 1405//1405
f 1393//1393 1319//1319 1370//1370
f 1319//1319 1393//1393 1351//1351
f 1393//1393 1432//1432 1441//1441
f 1420//1420 1429//1429 1417//1417
f 1492//1492 1448//1448 1444//1444
f 1489//1489 1448//1448 1492//1492
f 1425//1425 1448//1448 1489//1489
f 1324//1324 1326//1326 1342//1342
f 1272//1272 1326//1326 1324//1324
f 1374//1374 1326//1326 1376//1376
f 1326//1326 1374//1374 1342//1342
f 1326//1326 1272//1272 1276//1276
f 1326//1326 1314//1314 1376//1376
f 1314//1314 1326//1326 1284//1284
f 1326//1326 1276//1276 1284//1284
f 1215//1215 1204//1204 1242//1242
f 1204//1204 1173//1173 1242//1242
f 1209//1209 1238//1238 1248//1248
f 1214//1214 1209//1209 1248//1248
f 1209//1209 1176//1176 1222//1222
f 1238//1238 1209//1209 1222//1222
f 1176//1176 1153//1153 1109//1109
f 1368//1368 1389//1389 1400//1400
f 1336//1336 1368//1368 1400//1400
f 1368//1368 1336//1336 1339//1339
f 1389//1389 1360//1360 1394//1394
f 1360//1360 1377//1377 1394//1394
f 1368//1368 1360//1360 1389//1389
f 1360//1360 1323//1323 1359//1359
f 1377//1377 1360//1360 1359//1359
f 1323//1323 1360//1360 1339//1339
f 1360//1360 1368//1368 1339//1339
f 1434//1434 1401//1401 1445//1445
f 1401//1401 1434//1434 1394//1394
f 1377//1377 1401//1401 1394//1394
f 1401//1401 1377//1377 1384//1384
f 1401//1401 1384//1384 1397//1397
f 1459//1459 1401//1401 1397//1397
f 1428//1428 1389//1389 1394//1394
f 1434//1434 1428//1428 1394//1394
f 1389//1389 1428//1428 1400//1400
f 1428//1428 1456//1456 1400//1400
f 1456//1456 1428//1428 1458//1458
f 1428//1428 1434//1434 1458//1458
f 1462//1462 1482//1482 1445//1445
f 1462//1462 1459//1459 1482//1482
f 1401//1401 1462//1462 1445//1445
f 1462//1462 1401//1401 1459//1459
f 1358//1358 1332//1332 1391//1391
f 1355//1355 1358//1358 1391//1391
f 1332//1332 1358//1358 1328//1328
f 1358//1358 1355//1355 1328//1328
f 1246//1246 1275//1275 1285//1285
f 1275//1275 1290//1290 1285//1285
f 1275//1275 1246//1246 1235//1235
f 1280//1280 1275//1275 1235//1235
f 1290//1290 1275//1275 1280//1280
f 1259//1259 1286//1286 1280//1280
f 1245//1245 1259//1259 1280//1280
f 1286//1286 1259//1259 1264//1264
f 1210//1210 1245//1245 1189//1189
f 1210//1210 1161//1161 1206//1206
f 1210//1210 1206//1206 1264//1264
f 1161//1161 1210//1210 1151//1151
f 1210//1210 1189//1189 1151//1151
f 1259//1259 1210//1210 1264//1264
f 1210//1210 1259//1259 1245//1245
f 1363//1363 1341//1341 1390//1390
f 1341//1341 1363//1363 1353//1353
f 1403//1403 1363//1363 1390//1390
f 1363//1363 1403//1403 1353//1353
f 1416//1416 1486//1486 1465//1465
f 1473//1473 1486//1486 1416//1416
f 1486//1486 1493//1493 1465//1465
f 1486//1486 1473//1473 1485//1485
f 1486//1486 1537//1537 1493//1493
f 1446//1446 1416//1416 1465//1465
f 1446//1446 1399//1399 1416//1416
f 1399//1399 1446//1446 1449//1449
f 1488//1488 1446//1446 1465//1465
f 1446//1446 1488//1488 1449//1449
f 1399//1399 1378//1378 1416//1416
f 1378//1378 1337//1337 1340//1340
f 1378//1378 1399//1399 1390//1390
f 1337//1337 1378//1378 1390//1390
f 1263//1263 1336//1336 1362//1362
f 1588//1588 1584//1584 1627//1627
f 1588//1588 1543//1543 1584//1584
f 1543//1543 1527//1527 1508//1508
f 1481//1481 1527//1527 1525//1525
f 1527//1527 1481//1481 1508//1508
f 1223//1223 1241//1241 1195//1195
f 1164//1164 1223//1223 1195//1195
f 1183//1183 1223//1223 1164//1164
f 2018//2018 2003//2003 2005//2005
f 2028//2028 2018//2018 2023//2023
f 2018//2018 2005//2005 2023//2023
f 2020//2020 2018//2018 2028//2028
f 2003//2003 2018//2018 2020//2020
f 1993//1993 2003//2003 2009//2009
f 1993//1993 2009//2009 1999//1999
f 2005//2005 1993//1993 1976//1976
f 2003//2003 1993//1993 2005//2005
f 1993//1993 1961//1961 1976//1976
f 1963//1963 1993//1993 1999//1999
f 1993//1993 1963//1963 1961//1961
f 1946//1946 1954//1954 1976//1976
f 1938//1938 1954//1954 1946//1946
f 1960//1960 1954//1954 1938//1938
f 2002//2002 1978//1978 1991//1991
f 1978//1978 1966//1966 1991//1991
f 1978//1978 1960//1960 1966//1966
f 1978//1978 2002//2002 2005//2005
f 1978//1978 2005//2005 1976//1976
f 1954//1954 1978//1978 1976//1976
f 1978//1978 1954//1954 1960//1960
f 1900//1900 1913//1913 1906//1906
f 1900//1900 1859//1859 1892//1892
f 1927//1927 1900//1900 1892//1892
f 1913//1913 1900//1900 1927//1927
f 1631//1631 1650//1650 1584//1584
f 1594//1594 1631//1631 1584//1584
f 1629//1629 1631//1631 1594//1594
f 1650//1650 1631//1631 1652//1652
f 1631//1631 1629//1629 1652//1652
f 1615//1615 1630//1630 1652//1652
f 1629//1629 1615//1615 1652//1652
f 1615//1615 1629//1629 1604//1604
f 1581//1581 1615//1615 1604//1604
f 1630//1630 1615//1615 1581//1581
f 1536//1536 1526//1526 1534//1534
f 1562//1562 1536//1536 1581//1581
f 1536//1536 1534//1534 1581//1581
f 1536//1536 1562//1562 1510//1510
f 1526//1526 1536//1536 1510//1510
f 1577//1577 1645//1645 1655//1655
f 1577//1577 1655//1655 1620//1620
f 1467//1467 1483//1483 1485//1485
f 1483//1483 1467//1467 1447//1447
f 1473//1473 1467//1467 1485//1485
f 1467//1467 1422//1422 1447//1447
f 1467//1467 1473//1473 1422//1422
f 1464//1464 1447//1447 1438//1438
f 1463//1463 1464//1464 1438//1438
f 1464//1464 1483//1483 1447//1447
f 1483//1483 1464//1464 1490//1490
f 1464//1464 1463//1463 1490//1490
f 1476//1476 1522//1522 1533//1533
f 1522//1522 1476//1476 1457//1457
f 1490//1490 1476//1476 1533//1533
f 1463//1463 1476//1476 1490//1490
f 1457//1457 1476//1476 1438//1438
f 1476//1476 1463//1463 1438//1438
f 1516//1516 1483//1483 1490//1490
f 1553//1553 1516//1516 1490//1490
f 1483//1483 1516//1516 1485//1485
f 1516//1516 1553//1553 1547//1547
f 1516//1516 1486//1486 1485//1485
f 1537//1537 1516//1516 1547//1547
f 1486//1486 1516//1516 1537//1537
f 1763//1763 1739//1739 1742//1742
f 1739//1739 1763//1763 1768//1768
f 1660//1660 1739//1739 1702//1702
f 1702//1702 1739//1739 1731//1731
f 1739//1739 1779//1779 1731//1731
f 1739//1739 1768//1768 1779//1779
f 1565//1565 1634//1634 1647//1647
f 1555//1555 1568//1568 1533//1533
f 1522//1522 1555//1555 1533//1533
f 1736//1736 1704//1704 1750//1750
f 1736//1736 1750//1750 1735//1735
f 1717//1717 1736//1736 1735//1735
f 1635//1635 1658//1658 1624//1624
f 1658//1658 1682//1682 1678//1678
f 1682//1682 1658//1658 1640//1640
f 1658//1658 1635//1635 1640//1640
f 1801//1801 1751//1751 1754//1754
f 1771//1771 1751//1751 1801//1801
f 1751//1751 1771//1771 1733//1733
f 1751//1751 1714//1714 1754//1754
f 1714//1714 1751//1751 1733//1733
f 1852//1852 1862//1862 1827//1827
f 1860//1860 1862//1862 1887//1887
f 1862//1862 1906//1906 1887//1887
f 1827//1827 1862//1862 1824//1824
f 1862//1862 1860//1860 1824//1824
f 1862//1862 1852//1852 1859//1859
f 1862//1862 1900//1900 1906//1906
f 1900//1900 1862//1862 1859//1859
f 1885//1885 1891//1891 1905//1905
f 1891//1891 1885//1885 1874//1874
f 1891//1891 1902//1902 1905//1905
f 1850//1850 1874//1874 1821//1821
f 1784//1784 1821//1821 1750//1750
f 1679//1679 1723//1723 1704//1704
f 1720//1720 1723//1723 1679//1679
f 1704//1704 1723//1723 1750//1750
f 1723//1723 1784//1784 1750//1750
f 1863//1863 1857//1857 1880//1880
f 1863//1863 1856//1856 1820//1820
f 1863//1863 1880//1880 1895//1895
f 1856//1856 1863//1863 1895//1895
f 1985//1985 1969//1969 1967//1967
f 1969//1969 1957//1957 1967//1967
f 1969//1969 1992//1992 1986//1986
f 1992//1992 1969//1969 1985//1985
f 1957//1957 1969//1969 1939//1939
f 1937//1937 1969//1969 1986//1986
f 1969//1969 1937//1937 1939//1939
f 1933//1933 1937//1937 1951//1951
f 1937//1937 1933//1933 1920//1920
f 1933//1933 1896//1896 1920//1920
f 1933//1933 1951//1951 1908//1908
f 1896//1896 1933//1933 1908//1908
f 1857//1857 1835//1835 1878//1878
f 1816//1816 1835//1835 1801//1801
f 1992//1992 2010//2010 1986//1986
f 2010//2010 1992//1992 2040//2040
f 2010//2010 2040//2040 2019//2019
f 2013//2013 2010//2010 2019//2019
f 2010//2010 1988//1988 1986//1986
f 2010//2010 2013//2013 1988//1988
f 1756//1756 1687//1687 1706//1706
f 1687//1687 1756//1756 1682//1682
f 1687//1687 1682//1682 1640//1640
f 1687//1687 1642//1642 1706//1706
f 1687//1687 1640//1640 1642//1642
f 1853//1853 1832//1832 1847//1847
f 1853//1853 1873//1873 1813//1813
f 1832//1832 1853//1853 1813//1813
f 1578//1578 1586//1586 1605//1605
f 1554//1554 1586//1586 1578//1578
f 1586//1586 1554//1554 1569//1569
f 1586//1586 1569//1569 1587//1587
f 1586//1586 1642//1642 1605//1605
f 1586//1586 1587//1587 1642//1642
f 1459//1459 1479//1479 1482//1482
f 1479//1479 1554//1554 1482//1482
f 1517//1517 1479//1479 1496//1496
f 1426//1426 1479//1479 1397//1397
f 1479//1479 1459//1459 1397//1397
f 1479//1479 1455//1455 1496//1496
f 1479//1479 1426//1426 1455//1455
f 43//43 38//38 52//52
f 27//27 38//38 43//43
f 38//38 14//14 34//34
f 38//38 27//27 14//14
f 181//181 153//153 125//125
f 89//89 61//61 56//56
f 102//102 89//89 56//56
f 89//89 102//102 106//106
f 98//98 89//89 106//106
f 61//61 89//89 63//63
f 89//89 98//98 63//63
f 237//237 227//227 178//178
f 257//257 227//227 237//237
f 227//227 204//204 178//178
f 1226//1226 1193//1193 1203//1203
f 1226//1226 1243//1243 1193//1193
f 1243//1243 1226//1226 1279//1279
f 1234//1234 1226//1226 1203//1203
f 1226//1226 1234//1234 1315//1315
f 1279//1279 1226//1226 1315//1315
f 1297//1297 1329//1329 1293//1293
f 1295//1295 1297//1297 1271//1271
f 1297//1297 1293//1293 1271//1271
f 1297//1297 1295//1295 1352//1352
f 1329//1329 1297//1297 1352//1352
f 1366//1366 1329//1329 1352//1352
f 1366//1366 1380//1380 1408//1408
f 1380//1380 1366//1366 1352//1352
f 1514//1514 1471//1471 1454//1454
f 1475//1475 1471//1471 1514//1514
f 1521//1521 1475//1475 1514//1514
f 1521//1521 1514//1514 1541//1541
f 1521//1521 1501//1501 1474//1474
f 1475//1475 1521//1521 1474//1474
f 1521//1521 1541//1541 1583//1583
f 1544//1544 1521//1521 1583//1583
f 1501//1501 1521//1521 1544//1544
f 1684//1684 1718//1718 1672//1672
f 1659//1659 1684//1684 1672//1672
f 1718//1718 1684//1684 1730//1730
f 1684//1684 1659//1659 1730//1730
f 1730//1730 1692//1692 1710//1710
f 1659//1659 1692//1692 1730//1730
f 1692//1692 1702//1702 1710//1710
f 1614//1614 1636//1636 1623//1623
f 1636//1636 1659//1659 1623//1623
f 1504//1504 1500//1500 1523//1523
f 1500//1500 1528//1528 1523//1523
f 1500//1500 1504//1504 1443//1443
f 1528//1528 1500//1500 1535//1535
f 1500//1500 1484//1484 1535//1535
f 1484//1484 1460//1460 1468//1468
f 1396//1396 1460//1460 1408//1408
f 1408//1408 1460//1460 1443//1443
f 1460//1460 1396//1396 1413//1413
f 1460//1460 1500//1500 1443//1443
f 1500//1500 1460//1460 1484//1484
f 1424//1424 1460//1460 1413//1413
f 1460//1460 1424//1424 1468//1468
f 1365//1365 1325//1325 1353//1353
f 1365//1365 1412//1412 1385//1385
f 1412//1412 1365//1365 1419//1419
f 1403//1403 1365//1365 1353//1353
f 1365//1365 1403//1403 1419//1419
f 1250//1250 1232//1232 1178//1178
f 1289//1289 1250//1250 1273//1273
f 1288//1288 1250//1250 1289//1289
f 1121//1121 1172//1172 1136//1136
f 1119//1119 1172//1172 1121//1121
f 1172//1172 1119//1119 1200//1200
f 1201//1201 1205//1205 1180//1180
f 1205//1205 1200//1200 1180//1180
f 1411//1411 1403//1403 1390//1390
f 1403//1403 1411//1411 1430//1430
f 1430//1430 1411//1411 1449//1449
f 1399//1399 1411//1411 1390//1390
f 1411//1411 1399//1399 1449//1449
f 1491//1491 1488//1488 1512//1512
f 1488//1488 1491//1491 1453//1453
f 1491//1491 1512//1512 1507//1507
f 1453//1453 1491//1491 1430//1430
f 1430//1430 1491//1491 1466//1466
f 1491//1491 1502//1502 1466//1466
f 1520//1520 1491//1491 1507//1507
f 1502//1502 1491//1491 1520//1520
f 1529//1529 1520//1520 1507//1507
f 1529//1529 1539//1539 1520//1520
f 1529//1529 1512//1512 1542//1542
f 1512//1512 1529//1529 1507//1507
f 1571//1571 1529//1529 1542//1542
f 1539//1539 1529//1529 1571//1571
f 1039//1039 1058//1058 1087//1087
f 1058//1058 1107//1107 1087//1087
f 1058//1058 1039//1039 1038//1038
f 1100//1100 1058//1058 1038//1038
f 1107//1107 1058//1058 1100//1100
f 383//383 411//411 396//396
f 428//428 411//411 383//383
f 380//380 358//358 364//364
f 358//358 380//380 401//401
f 380//380 364//364 390//390
f 424//424 380//380 390//390
f 401//401 380//380 431//431
f 380//380 424//424 431//431
f 352//352 358//358 372//372
f 358//358 352//352 338//338
f 338//338 352//352 330//330
f 383//383 352//352 372//372
f 352//352 383//383 330//330
f 983//983 946//946 995//995
f 845//845 877//877 858//858
f 946//946 911//911 995//995
f 940//940 911//911 873//873
f 697//697 747//747 703//703
f 747//747 783//783 766//766
f 747//747 766//766 704//704
f 703//703 747//747 704//704
f 638//638 590//590 671//671
f 590//590 638//638 535//535
f 520//520 590//590 535//535
f 615//615 590//590 565//565
f 590//590 520//520 565//565
f 671//671 590//590 695//695
f 590//590 615//615 695//695
f 865//865 915//915 901//901
f 927//927 865//865 922//922
f 915//915 865//865 927//927
f 865//865 896//896 922//922
f 879//879 865//865 781//781
f 896//896 865//865 879//879
f 945//945 978//978 930//930
f 978//978 945//945 942//942
f 999//999 1022//1022 1042//1042
f 1022//1022 999//999 973//973
f 1022//1022 1059//1059 1042//1042
f 974//974 1022//1022 973//973
f 1059//1059 1022//1022 1010//1010
f 1022//1022 974//974 1010//1010
f 920//920 943//943 903//903
f 886//886 920//920 903//903
f 737//737 771//771 710//710
f 771//771 737//737 768//768
f 768//768 737//737 741//741
f 737//737 693//693 741//741
f 693//693 737//737 710//710
f 987//987 980//980 940//940
f 911//911 980//980 995//995
f 980//980 911//911 940//940
f 980//980 1039//1039 995//995
f 1039//1039 980//980 1038//1038
f 980//980 987//987 1038//1038
f 961//961 949//949 990//990
f 949//949 961//961 938//938
f 966//966 961//961 990//990
f 961//961 966//966 936//936
f 938//938 961//961 936//936
f 888//888 867//867 840//840
f 888//888 840//840 811//811
f 867//867 888//888 880//880
f 888//888 894//894 909//909
f 888//888 938//938 880//880
f 949//949 888//888 909//909
f 888//888 949//949 938//938
f 923//923 876//876 942//942
f 945//945 923//923 942//942
f 894//894 923//923 930//930
f 923//923 945//945 930//930
f 876//876 863//863 815//815
f 815//815 863//863 811//811
f 863//863 923//923 894//894
f 923//923 863//863 876//876
f 863//863 888//888 811//811
f 888//888 863//863 894//894
f 783//783 796//796 766//766
f 806//806 796//796 783//783
f 796//796 806//806 829//829
f 766//766 796//796 809//809
f 796//796 845//845 809//809
f 845//845 796//796 829//829
f 844//844 839//839 813//813
f 911//911 839//839 844//844
f 838//838 799//799 837//837
f 838//838 837//837 873//873
f 838//838 847//847 795//795
f 799//799 838//838 795//795
f 406//406 408//408 384//384
f 384//384 408//408 345//345
f 408//408 415//415 345//345
f 415//415 408//408 432//432
f 408//408 406//406 432//432
f 536//536 516//516 523//523
f 537//537 536//536 523//523
f 516//516 536//536 541//541
f 541//541 536//536 569//569
f 536//536 537//537 601//601
f 612//612 536//536 601//601
f 536//536 612//612 569//569
f 470//470 489//489 433//433
f 489//489 490//490 433//433
f 489//489 470//470 523//523
f 516//516 489//489 523//523
f 490//490 489//489 516//516
f 105//105 115//115 130//130
f 135//135 105//105 130//130
f 115//115 105//105 83//83
f 105//105 135//135 114//114
f 83//83 105//105 69//69
f 80//80 86//86 76//76
f 86//86 99//99 76//76
f 99//99 86//86 80//80
f 133//133 132//132 119//119
f 150//150 133//133 170//170
f 170//170 133//133 143//143
f 133//133 119//119 143//143
f 100//100 137//137 139//139
f 132//132 137//137 100//100
f 137//137 144//144 139//139
f 144//144 137//137 148//148
f 142//142 133//133 150//150
f 133//133 142//142 132//132
f 185//185 201//201 209//209
f 151//151 137//137 132//132
f 997//997 1035//1035 1012//1012
f 951//951 997//997 984//984
f 997//997 1012//1012 984//984
f 1029//1029 997//997 951//951
f 1035//1035 997//997 1029//1029
f 974//974 926//926 917//917
f 926//926 869//869 917//917
f 307//307 366//366 393//393
f 366//366 389//389 393//393
f 366//366 303//303 326//326
f 366//366 307//307 303//303
f 385//385 366//366 326//326
f 389//389 366//366 385//385
f 453//453 465//465 497//497
f 518//518 465//465 448//448
f 497//497 465//465 518//518
f 465//465 426//426 448//448
f 465//465 453//453 426//426
f 395//395 417//417 426//426
f 395//395 340//340 417//417
f 385//385 395//395 426//426
f 370//370 395//395 385//385
f 340//340 395//395 351//351
f 395//395 370//370 351//351
f 705//705 682//682 736//736
f 705//705 658//658 682//682
f 658//658 705//705 661//661
f 705//705 736//736 743//743
f 651//651 705//705 743//743
f 705//705 651//651 661//661
f 477//477 434//434 486//486
f 477//477 400//400 434//434
f 508//508 477//477 486//486
f 457//457 477//477 485//485
f 477//477 508//508 485//485
f 2101//2101 2115//2115 2107//2107
f 2101//2101 2086//2086 2114//2114
f 2137//2137 2124//2124 2139//2139
f 2115//2115 2124//2124 2137//2137
f 2124//2124 2114//2114 2139//2139
f 2124//2124 2101//2101 2114//2114
f 2101//2101 2124//2124 2115//2115
f 2144//2144 2164//2164 2154//2154
f 2144//2144 2141//2141 2164//2164
f 2132//2132 2144//2144 2154//2154
f 2066//2066 2064//2064 2040//2040
f 2064//2064 2066//2066 2082//2082
f 2066//2066 2040//2040 2065//2065
f 2074//2074 2066//2066 2065//2065
f 2066//2066 2074//2074 2082//2082
f 2099//2099 2096//2096 2082//2082
f 2064//2064 2084//2084 2067//2067
f 2096//2096 2084//2084 2064//2064
f 2122//2122 2099//2099 2102//2102
f 2099//2099 2122//2122 2096//2096
f 2044//2044 2058//2058 2060//2060
f 2058//2058 2044//2044 2067//2067
f 2058//2058 2073//2073 2060//2060
f 2073//2073 2058//2058 2067//2067
f 2014//2014 2013//2013 2019//2019
f 2033//2033 2014//2014 2019//2019
f 2024//2024 2014//2014 2033//2033
f 2014//2014 2004//2004 2013//2013
f 2004//2004 2014//2014 1998//1998
f 2014//2014 2024//2024 1998//1998
f 2159//2159 2146//2146 2154//2154
f 2146//2146 2159//2159 2153//2153
f 2146//2146 2132//2132 2154//2154
f 2146//2146 2153//2153 2130//2130
f 2132//2132 2146//2146 2130//2130
f 2104//2104 2077//2077 2091//2091
f 2095//2095 2104//2104 2123//2123
f 2104//2104 2095//2095 2085//2085
f 2104//2104 2132//2132 2123//2123
f 2077//2077 2075//2075 2060//2060
f 2075//2075 2059//2059 2060//2060
f 2104//2104 2075//2075 2077//2077
f 2075//2075 2104//2104 2085//2085
f 2095//2095 2069//2069 2085//2085
f 2075//2075 2069//2069 2059//2059
f 2069//2069 2075//2075 2085//2085
f 2055//2055 2069//2069 2087//2087
f 2069//2069 2095//2095 2087//2087
f 2136//2136 2143//2143 2134//2134
f 2143//2143 2136//2136 2151//2151
f 2143//2143 2125//2125 2134//2134
f 2125//2125 2143//2143 2145//2145
f 2143//2143 2151//2151 2155//2155
f 2145//2145 2143//2143 2155//2155
f 2110//2110 2125//2125 2114//2114
f 2110//2110 2078//2078 2087//2087
f 2086//2086 2110//2110 2114//2114
f 2078//2078 2110//2110 2086//2086
f 2119//2119 2136//2136 2134//2134
f 2125//2125 2119//2119 2134//2134
f 2071//2071 2078//2078 2086//2086
f 2071//2071 2062//2062 2042//2042
f 2071//2071 2086//2086 2062//2062
f 2055//2055 2071//2071 2042//2042
f 2078//2078 2071//2071 2055//2055
f 1807//1807 1836//1836 1841//1841
f 1836//1836 1806//1806 1837//1837
f 1841//1841 1836//1836 1869//1869
f 1836//1836 1876//1876 1869//1869
f 1876//1876 1836//1836 1837//1837
f 1871//1871 1858//1858 1854//1854
f 1828//1828 1858//1858 1833//1833
f 1858//1858 1828//1828 1854//1854
f 1833//1833 1858//1858 1861//1861
f 1858//1858 1871//1871 1861//1861
f 1921//1921 1877//1877 1912//1912
f 1877//1877 1871//1871 1912//1912
f 1877//1877 1921//1921 1890//1890
f 1877//1877 1866//1866 1861//1861
f 1871//1871 1877//1877 1861//1861
f 1867//1867 1877//1877 1890//1890
f 1877//1877 1867//1867 1866//1866
f 1944//1944 1979//1979 1983//1983
f 1965//1965 1979//1979 1944//1944
f 1983//1983 1979//1979 1987//1987
f 1979//1979 1982//1982 1987//1987
f 1979//1979 1965//1965 1982//1982
f 1965//1965 1949//1949 1982//1982
f 1949//1949 1955//1955 1982//1982
f 2103//2103 2097//2097 2094//2094
f 2097//2097 2103//2103 2098//2098
f 2103//2103 2120//2120 2098//2098
f 2120//2120 2113//2113 2127//2127
f 2113//2113 2121//2121 2127//2127
f 2113//2113 2103//2103 2094//2094
f 2103//2103 2113//2113 2120//2120
f 2090//2090 2113//2113 2094//2094
f 2121//2121 2113//2113 2090//2090
f 440//440 411//411 428//428
f 471//471 440//440 459//459
f 440//440 428//428 459//459
f 504//504 472//472 471//471
f 472//472 440//440 471//471
f 440//440 472//472 447//447
f 472//472 504//504 480//480
f 447//447 472//472 480//480
f 50//50 57//57 39//39
f 50//50 58//58 57//57
f 44//44 50//50 39//39
f 58//58 50//50 44//44
f 1048//1048 1027//1027 1023//1023
f 1028//1028 1048//1048 1023//1023
f 1048//1048 1062//1062 1069//1069
f 1027//1027 1048//1048 1069//1069
f 1048//1048 1028//1028 1047//1047
f 1062//1062 1048//1048 1047//1047
f 1068//1068 1084//1084 1081//1081
f 1068//1068 1040//1040 1084//1084
f 1018//1018 1068//1068 1081//1081
f 1040//1040 1068//1068 1018//1018
f 1150//1150 1167//1167 1060//1060
f 1167//1167 1150//1150 1188//1188
f 1220//1220 1167//1167 1188//1188
f 1261//1261 1294//1294 1268//1268
f 1261//1261 1306//1306 1294//1294
f 1306//1306 1261//1261 1265//1265
f 1261//1261 1244//1244 1265//1265
f 1199//1199 1188//1188 1162//1162
f 1261//1261 1199//1199 1244//1244
f 1188//1188 1199//1199 1268//1268
f 1199//1199 1261//1261 1268//1268
f 972//972 1004//1004 955//955
f 972//972 954//954 1011//1011
f 954//954 972//972 955//955
f 1023//1023 972//972 1011//1011
f 1004//1004 972//972 1023//1023
f 918//918 905//905 868//868
f 918//918 868//868 852//852
f 954//954 918//918 952//952
f 905//905 918//918 954//954
f 918//918 852//852 964//964
f 952//952 918//918 964//964
f 1114//1114 1047//1047 1037//1037
f 1173//1173 1114//1114 1037//1037
f 1052//1052 1054//1054 1041//1041
f 1019//1019 1045//1045 1001//1001
f 1045//1045 1085//1085 1001//1001
f 1045//1045 1019//1019 1041//1041
f 1054//1054 1045//1045 1041//1041
f 1256//1256 1220//1220 1254//1254
f 1323//1323 1256//1256 1254//1254
f 1256//1256 1323//1323 1339//1339
f 1844//1844 1800//1800 1855//1855
f 1800//1800 1844//1844 1810//1810
f 1844//1844 1879//1879 1868//1868
f 1879//1879 1844//1844 1855//1855
f 1837//1837 1844//1844 1868//1868
f 1810//1810 1844//1844 1837//1837
f 1825//1825 1830//1830 1789//1789
f 1830//1830 1825//1825 1849//1849
f 1676//1676 1708//1708 1722//1722
f 1708//1708 1676//1676 1675//1675
f 1708//1708 1675//1675 1677//1677
f 1715//1715 1708//1708 1677//1677
f 1734//1734 1708//1708 1715//1715
f 1708//1708 1734//1734 1722//1722
f 1749//1749 1743//1743 1762//1762
f 1699//1699 1749//1749 1762//1762
f 1743//1743 1749//1749 1719//1719
f 1749//1749 1699//1699 1719//1719
f 1122//1122 1130//1130 1063//1063
f 1091//1091 1122//1122 1063//1063
f 1130//1130 1122//1122 1186//1186
f 1122//1122 1179//1179 1186//1186
f 1049//1049 1065//1065 1063//1063
f 1065//1065 1091//1091 1063//1063
f 1091//1091 1065//1065 1049//1049
f 1073//1073 1091//1091 1049//1049
f 1073//1073 1049//1049 1043//1043
f 1073//1073 1088//1088 1096//1096
f 1088//1088 1073//1073 1043//1043
f 1436//1436 1469//1469 1444//1444
f 1469//1469 1436//1436 1474//1474
f 1469//1469 1501//1501 1444//1444
f 1501//1501 1469//1469 1474//1474
f 1381//1381 1418//1418 1373//1373
f 1418//1418 1381//1381 1409//1409
f 1240//1240 1282//1282 1303//1303
f 1282//1282 1243//1243 1279//1279
f 1243//1243 1282//1282 1240//1240
f 1343//1343 1279//1279 1315//1315
f 1343//1343 1282//1282 1279//1279
f 1282//1282 1343//1343 1346//1346
f 1349//1349 1343//1343 1315//1315
f 1343//1343 1349//1349 1392//1392
f 1253//1253 1270//1270 1292//1292
f 1270//1270 1253//1253 1225//1225
f 1270//1270 1319//1319 1292//1292
f 1319//1319 1270//1270 1347//1347
f 1429//1429 1371//1371 1441//1441
f 1371//1371 1393//1393 1441//1441
f 1393//1393 1371//1371 1351//1351
f 1420//1420 1371//1371 1429//1429
f 1351//1351 1371//1371 1382//1382
f 1382//1382 1371//1371 1417//1417
f 1371//1371 1420//1420 1417//1417
f 1423//1423 1418//1418 1444//1444
f 1448//1448 1423//1423 1444//1444
f 1423//1423 1448//1448 1425//1425
f 1423//1423 1425//1425 1373//1373
f 1418//1418 1423//1423 1373//1373
f 1142//1142 1114//1114 1173//1173
f 1142//1142 1176//1176 1109//1109
f 1082//1082 1142//1142 1109//1109
f 1153//1153 1125//1125 1109//1109
f 1125//1125 1069//1069 1109//1109
f 1125//1125 1084//1084 1069//1069
f 1191//1191 1209//1209 1214//1214
f 1209//1209 1191//1191 1176//1176
f 1191//1191 1153//1153 1176//1176
f 1357//1357 1350//1350 1416//1416
f 1378//1378 1357//1357 1416//1416
f 1350//1350 1357//1357 1340//1340
f 1357//1357 1378//1378 1340//1340
f 1183//1183 1233//1233 1223//1223
f 1167//1167 1216//1216 1147//1147
f 1216//1216 1167//1167 1220//1220
f 1156//1156 1129//1129 1147//1147
f 1183//1183 1156//1156 1147//1147
f 1129//1129 1156//1156 1144//1144
f 1156//1156 1164//1164 1144//1144
f 1156//1156 1183//1183 1164//1164
f 1577//1577 1608//1608 1645//1645
f 1608//1608 1577//1577 1588//1588
f 1645//1645 1608//1608 1627//1627
f 1608//1608 1588//1588 1627//1627
f 1588//1588 1550//1550 1543//1543
f 1577//1577 1550//1550 1588//1588
f 1550//1550 1577//1577 1549//1549
f 1550//1550 1549//1549 1525//1525
f 1527//1527 1550//1550 1525//1525
f 1550//1550 1527//1527 1543//1543
f 1626//1626 1598//1598 1620//1620
f 1555//1555 1598//1598 1568//1568
f 1637//1637 1657//1657 1664//1664
f 1657//1657 1637//1637 1626//1626
f 1746//1746 1725//1725 1735//1735
f 1758//1758 1725//1725 1746//1746
f 1651//1651 1660//1660 1647//1647
f 1634//1634 1651//1651 1647//1647
f 1651//1651 1634//1634 1660//1660
f 1603//1603 1565//1565 1556//1556
f 1603//1603 1634//1634 1565//1565
f 1603//1603 1556//1556 1547//1547
f 1566//1566 1522//1522 1549//1549
f 1566//1566 1555//1555 1522//1522
f 1577//1577 1566//1566 1549//1549
f 1566//1566 1598//1598 1555//1555
f 1566//1566 1577//1577 1620//1620
f 1598//1598 1566//1566 1620//1620
f 1657//1657 1690//1690 1664//1664
f 1665//1665 1649//1649 1624//1624
f 1658//1658 1665//1665 1624//1624
f 1665//1665 1658//1658 1678//1678
f 1649//1649 1665//1665 1683//1683
f 1703//1703 1665//1665 1678//1678
f 1683//1683 1665//1665 1703//1703
f 1804//1804 1771//1771 1801//1801
f 1804//1804 1796//1796 1771//1771
f 1759//1759 1805//1805 1777//1777
f 1805//1805 1796//1796 1820//1820
f 1712//1712 1691//1691 1685//1685
f 1709//1709 1712//1712 1685//1685
f 1691//1691 1712//1712 1694//1694
f 1712//1712 1759//1759 1694//1694
f 1850//1850 1864//1864 1874//1874
f 1864//1864 1891//1891 1874//1874
f 1891//1891 1864//1864 1902//1902
f 1902//1902 1864//1864 1895//1895
f 1864//1864 1856//1856 1895//1895
f 1784//1784 1760//1760 1777//1777
f 1760//1760 1720//1720 1694//1694
f 1760//1760 1723//1723 1720//1720
f 1723//1723 1760//1760 1784//1784
f 1759//1759 1760//1760 1694//1694
f 1760//1760 1759//1759 1777//1777
f 1863//1863 1838//1838 1857//1857
f 1804//1804 1838//1838 1796//1796
f 1878//1878 1846//1846 1882//1882
f 1835//1835 1846//1846 1878//1878
f 1846//1846 1873//1873 1882//1882
f 1873//1873 1846//1846 1813//1813
f 1835//1835 1848//1848 1801//1801
f 1848//1848 1835//1835 1857//1857
f 1848//1848 1804//1804 1801//1801
f 1838//1838 1848//1848 1857//1857
f 1848//1848 1838//1838 1804//1804
f 1865//1865 1853//1853 1847//1847
f 1898//1898 1865//1865 1870//1870
f 1865//1865 1847//1847 1870//1870
f 1873//1873 1865//1865 1898//1898
f 1853//1853 1865//1865 1873//1873
f 1554//1554 1557//1557 1569//1569
f 1479//1479 1557//1557 1554//1554
f 1569//1569 1557//1557 1574//1574
f 1557//1557 1517//1517 1574//1574
f 1557//1557 1479//1479 1517//1517
f 42//42 48//48 68//68
f 42//42 68//68 52//52
f 38//38 42//42 52//52
f 48//48 42//42 34//34
f 42//42 38//38 34//34
f 152//152 181//181 125//125
f 152//152 125//125 120//120
f 152//152 157//157 175//175
f 141//141 152//152 120//120
f 152//152 141//141 157//157
f 194//194 152//152 175//175
f 181//181 152//152 194//194
f 203//203 194//194 238//238
f 203//203 181//181 194//194
f 259//259 203//203 238//238
f 213//213 203//203 259//259
f 181//181 203//203 153//153
f 153//153 203//203 162//162
f 203//203 213//213 162//162
f 204//204 239//239 264//264
f 227//227 239//239 204//204
f 252//252 257//257 275//275
f 252//252 227//227 257//257
f 252//252 239//239 227//227
f 252//252 275//275 264//264
f 239//239 252//252 264//264
f 1398//1398 1408//1408 1443//1443
f 1398//1398 1366//1366 1408//1408
f 1427//1427 1398//1398 1443//1443
f 1407//1407 1381//1381 1346//1346
f 1381//1381 1407//1407 1409//1409
f 1343//1343 1407//1407 1346//1346
f 1454//1454 1407//1407 1392//1392
f 1407//1407 1343//1343 1392//1392
f 1702//1702 1669//1669 1656//1656
f 1692//1692 1669//1669 1702//1702
f 1669//1669 1636//1636 1614//1614
f 1669//1669 1692//1692 1659//1659
f 1636//1636 1669//1669 1659//1659
f 1325//1325 1361//1361 1385//1385
f 1361//1361 1365//1365 1385//1385
f 1365//1365 1361//1361 1325//1325
f 1249//1249 1250//1250 1288//1288
f 1250//1250 1249//1249 1232//1232
f 1249//1249 1288//1288 1281//1281
f 1208//1208 1249//1249 1281//1281
f 1232//1232 1249//1249 1208//1208
f 1252//1252 1308//1308 1299//1299
f 1252//1252 1283//1283 1308//1308
f 1016//1016 1006//1006 995//995
f 1006//1006 983//983 995//995
f 1006//1006 1016//1016 1025//1025
f 983//983 941//941 946//946
f 858//858 883//883 885//885
f 877//877 883//883 858//858
f 883//883 958//958 885//885
f 855//855 844//844 847//847
f 855//855 911//911 844//844
f 911//911 855//855 873//873
f 855//855 838//838 873//873
f 838//838 855//855 847//847
f 746//746 697//697 699//699
f 746//746 747//747 697//697
f 745//745 746//746 699//699
f 747//747 746//746 783//783
f 746//746 745//745 813//813
f 783//783 746//746 813//813
f 821//821 901//901 817//817
f 821//821 865//865 901//901
f 865//865 821//821 781//781
f 821//821 772//772 781//781
f 772//772 821//821 817//817
f 80//80 96//96 114//114
f 96//96 105//105 114//114
f 96//96 80//80 69//69
f 105//105 96//96 69//69
f 169//169 150//150 179//179
f 169//169 142//142 150//150
f 201//201 169//169 179//179
f 185//185 169//169 201//201
f 164//164 182//182 176//176
f 137//137 158//158 148//148
f 151//151 158//158 137//137
f 158//158 164//164 148//148
f 158//158 151//151 171//171
f 158//158 182//182 164//164
f 182//182 158//158 171//171
f 869//869 898//898 866//866
f 926//926 898//898 869//869
f 898//898 886//886 866//866
f 898//898 920//920 886//886
f 898//898 926//926 920//920
f 926//926 957//957 920//920
f 943//943 957//957 973//973
f 920//920 957//957 943//943
f 957//957 974//974 973//973
f 957//957 926//926 974//974
f 430//430 477//477 457//457
f 477//477 430//430 400//400
f 400//400 430//430 356//356
f 430//430 450//450 356//356
f 450//450 430//430 457//457
f 2101//2101 2093//2093 2086//2086
f 2093//2093 2092//2092 2062//2062
f 2086//2086 2093//2093 2062//2062
f 2092//2092 2093//2093 2107//2107
f 2093//2093 2101//2101 2107//2107
f 2100//2100 2099//2099 2082//2082
f 2099//2099 2100//2100 2102//2102
f 2074//2074 2100//2100 2082//2082
f 2105//2105 2100//2100 2074//2074
f 2073//2073 2088//2088 2091//2091
f 2088//2088 2073//2073 2067//2067
f 2084//2084 2088//2088 2067//2067
f 2122//2122 2133//2133 2141//2141
f 2122//2122 2111//2111 2096//2096
f 2111//2111 2084//2084 2096//2096
f 2111//2111 2088//2088 2084//2084
f 2059//2059 2051//2051 2043//2043
f 2069//2069 2051//2051 2059//2059
f 2051//2051 2031//2031 2043//2043
f 2031//2031 2051//2051 2055//2055
f 2051//2051 2069//2069 2055//2055
f 2119//2119 2126//2126 2136//2136
f 2126//2126 2123//2123 2130//2130
f 2136//2136 2126//2126 2130//2130
f 2126//2126 2095//2095 2123//2123
f 2126//2126 2119//2119 2095//2095
f 2110//2110 2106//2106 2125//2125
f 2106//2106 2119//2119 2125//2125
f 2106//2106 2110//2110 2087//2087
f 2095//2095 2106//2106 2087//2087
f 2119//2119 2106//2106 2095//2095
f 1786//1786 1836//1836 1807//1807
f 1836//1836 1786//1786 1806//1806
f 1786//1786 1776//1776 1774//1774
f 1776//1776 1786//1786 1807//1807
f 1780//1780 1786//1786 1774//1774
f 1806//1806 1786//1786 1780//1780
f 1949//1949 1928//1928 1955//1955
f 1928//1928 1919//1919 1907//1907
f 1926//1926 1928//1928 1917//1917
f 1955//1955 1928//1928 1926//1926
f 1928//1928 1894//1894 1917//1917
f 1928//1928 1907//1907 1894//1894
f 1919//1919 1932//1932 1931//1931
f 1932//1932 1965//1965 1931//1931
f 1932//1932 1949//1949 1965//1965
f 1928//1928 1932//1932 1919//1919
f 1932//1932 1928//1928 1949//1949
f 2135//2135 2131//2131 2140//2140
f 2118//2118 2131//2131 2108//2108
f 2131//2131 2118//2118 2140//2140
f 2116//2116 2121//2121 2090//2090
f 2081//2081 2116//2116 2090//2090
f 2150//2150 2135//2135 2140//2140
f 2150//2150 2157//2157 2156//2156
f 2157//2157 2150//2150 2140//2140
f 427//427 447//447 412//412
f 427//427 440//440 447//447
f 440//440 427//427 411//411
f 427//427 412//412 396//396
f 411//411 427//427 396//396
f 1150//1150 1133//1133 1162//1162
f 1120//1120 1133//1133 1150//1150
f 1125//1125 1133//1133 1084//1084
f 1084//1084 1133//1133 1081//1081
f 1133//1133 1120//1120 1081//1081
f 1101//1101 1150//1150 1060//1060
f 1101//1101 1120//1120 1150//1150
f 1081//1081 1101//1101 1060//1060
f 1120//1120 1101//1101 1081//1081
f 1199//1199 1185//1185 1244//1244
f 1185//1185 1214//1214 1265//1265
f 1244//1244 1185//1185 1265//1265
f 1185//1185 1199//1199 1162//1162
f 1045//1045 1086//1086 1085//1085
f 1086//1086 1045//1045 1054//1054
f 1167//1167 1086//1086 1060//1060
f 1086//1086 1052//1052 1060//1060
f 1086//1086 1054//1054 1052//1052
f 1809//1809 1789//1789 1788//1788
f 1809//1809 1825//1825 1789//1789
f 1767//1767 1715//1715 1761//1761
f 1767//1767 1734//1734 1715//1715
f 1741//1741 1748//1748 1764//1764
f 1748//1748 1770//1770 1764//1764
f 1748//1748 1741//1741 1722//1722
f 1734//1734 1748//1748 1722//1722
f 1106//1106 1073//1073 1096//1096
f 1073//1073 1106//1106 1091//1091
f 1106//1106 1122//1122 1091//1091
f 1179//1179 1106//1106 1096//1096
f 1122//1122 1106//1106 1179//1179
f 1381//1381 1330//1330 1346//1346
f 1282//1282 1330//1330 1303//1303
f 1330//1330 1282//1282 1346//1346
f 1330//1330 1381//1381 1373//1373
f 1307//1307 1330//1330 1373//1373
f 1330//1330 1307//1307 1303//1303
f 1270//1270 1302//1302 1347//1347
f 1307//1307 1302//1302 1300//1300
f 1347//1347 1302//1302 1307//1307
f 1302//1302 1277//1277 1300//1300
f 1302//1302 1262//1262 1277//1277
f 1204//1204 1181//1181 1173//1173
f 1181//1181 1142//1142 1173//1173
f 1142//1142 1181//1181 1176//1176
f 1181//1181 1204//1204 1215//1215
f 1181//1181 1215//1215 1222//1222
f 1176//1176 1181//1181 1222//1222
f 1116//1116 1142//1142 1082//1082
f 1142//1142 1116//1116 1114//1114
f 1116//1116 1082//1082 1047//1047
f 1114//1114 1116//1116 1047//1047
f 1251//1251 1233//1233 1263//1263
f 1251//1251 1310//1310 1241//1241
f 1223//1223 1251//1251 1241//1241
f 1233//1233 1251//1251 1223//1223
f 1310//1310 1251//1251 1362//1362
f 1251//1251 1263//1263 1362//1362
f 1212//1212 1216//1216 1230//1230
f 1233//1233 1212//1212 1230//1230
f 1212//1212 1233//1233 1183//1183
f 1212//1212 1183//1183 1147//1147
f 1216//1216 1212//1212 1147//1147
f 1258//1258 1233//1233 1230//1230
f 1233//1233 1258//1258 1263//1263
f 1263//1263 1258//1258 1336//1336
f 1257//1257 1216//1216 1220//1220
f 1258//1258 1257//1257 1336//1336
f 1216//1216 1257//1257 1230//1230
f 1257//1257 1258//1258 1230//1230
f 1336//1336 1257//1257 1339//1339
f 1580//1580 1553//1553 1568//1568
f 1598//1598 1580//1580 1568//1568
f 1553//1553 1580//1580 1601//1601
f 1580//1580 1598//1598 1626//1626
f 1580//1580 1637//1637 1601//1601
f 1637//1637 1580//1580 1626//1626
f 1737//1737 1725//1725 1758//1758
f 1737//1737 1778//1778 1742//1742
f 1778//1778 1737//1737 1758//1758
f 1739//1739 1670//1670 1742//1742
f 1670//1670 1739//1739 1660//1660
f 1637//1637 1653//1653 1601//1601
f 1653//1653 1637//1637 1664//1664
f 1705//1705 1725//1725 1701//1701
f 1690//1690 1705//1705 1664//1664
f 1705//1705 1690//1690 1717//1717
f 1705//1705 1717//1717 1735//1735
f 1725//1725 1705//1705 1735//1735
f 1655//1655 1654//1654 1620//1620
f 1654//1654 1626//1626 1620//1620
f 1654//1654 1657//1657 1626//1626
f 1864//1864 1839//1839 1856//1856
f 1839//1839 1864//1864 1850//1850
f 1738//1738 1805//1805 1759//1759
f 1712//1712 1738//1738 1759//1759
f 1796//1796 1738//1738 1771//1771
f 1805//1805 1738//1738 1796//1796
f 1771//1771 1738//1738 1733//1733
f 1738//1738 1709//1709 1733//1733
f 1738//1738 1712//1712 1709//1709
f 1796//1796 1822//1822 1820//1820
f 1838//1838 1822//1822 1796//1796
f 1822//1822 1863//1863 1820//1820
f 1822//1822 1838//1838 1863//1863
f 1829//1829 1835//1835 1816//1816
f 1829//1829 1846//1846 1835//1835
f 1829//1829 1816//1816 1813//1813
f 1846//1846 1829//1829 1813//1813
f 1366//1366 1364//1364 1329//1329
f 1398//1398 1364//1364 1366//1366
f 1433//1433 1436//1436 1409//1409
f 1407//1407 1433//1433 1409//1409
f 1436//1436 1433//1433 1474//1474
f 1669//1669 1639//1639 1656//1656
f 1639//1639 1669//1669 1614//1614
f 1639//1639 1614//1614 1571//1571
f 1639//1639 1647//1647 1656//1656
f 1639//1639 1565//1565 1647//1647
f 1565//1565 1639//1639 1571//1571
f 1231//1231 1205//1205 1201//1201
f 1231//1231 1202//1202 1291//1291
f 1231//1231 1201//1201 1202//1202
f 1205//1205 1224//1224 1200//1200
f 1228//1228 1172//1172 1200//1200
f 1228//1228 1227//1227 1172//1172
f 1224//1224 1228//1228 1200//1200
f 1228//1228 1224//1224 1252//1252
f 1227//1227 1192//1192 1172//1172
f 1192//1192 1178//1178 1136//1136
f 1172//1172 1192//1192 1136//1136
f 1192//1192 1250//1250 1178//1178
f 1192//1192 1227//1227 1250//1250
f 992//992 1006//1006 1025//1025
f 1006//1006 992//992 983//983
f 992//992 941//941 983//983
f 941//941 992//992 958//958
f 1030//1030 992//992 1025//1025
f 992//992 1030//1030 958//958
f 871//871 839//839 911//911
f 871//871 911//911 946//946
f 941//941 871//871 946//946
f 169//169 154//154 142//142
f 142//142 154//154 132//132
f 154//154 151//151 132//132
f 151//151 154//154 171//171
f 173//173 169//169 185//185
f 173//173 182//182 171//171
f 182//182 173//173 185//185
f 154//154 173//173 171//171
f 173//173 154//154 169//169
f 190//190 193//193 176//176
f 182//182 190//190 176//176
f 211//211 190//190 209//209
f 190//190 211//211 193//193
f 190//190 185//185 209//209
f 190//190 182//182 185//185
f 2148//2148 2133//2133 2158//2158
f 2133//2133 2148//2148 2141//2141
f 2161//2161 2148//2148 2158//2158
f 2141//2141 2148//2148 2164//2164
f 2148//2148 2161//2161 2164//2164
f 2117//2117 2100//2100 2105//2105
f 2133//2133 2117//2117 2105//2105
f 2100//2100 2117//2117 2102//2102
f 2117//2117 2122//2122 2102//2102
f 2117//2117 2133//2133 2122//2122
f 2138//2138 2144//2144 2132//2132
f 2111//2111 2138//2138 2132//2132
f 2144//2144 2138//2138 2141//2141
f 2109//2109 2111//2111 2132//2132
f 2109//2109 2104//2104 2091//2091
f 2104//2104 2109//2109 2132//2132
f 2088//2088 2109//2109 2091//2091
f 2111//2111 2109//2109 2088//2088
f 2116//2116 2112//2112 2135//2135
f 2131//2131 2112//2112 2108//2108
f 2112//2112 2131//2131 2135//2135
f 2112//2112 2116//2116 2081//2081
f 2112//2112 2079//2079 2108//2108
f 2079//2079 2112//2112 2081//2081
f 2150//2150 2128//2128 2135//2135
f 2116//2116 2128//2128 2121//2121
f 2128//2128 2116//2116 2135//2135
f 2121//2121 2128//2128 2127//2127
f 2127//2127 2128//2128 2156//2156
f 2128//2128 2150//2150 2156//2156
f 1185//1185 1187//1187 1214//1214
f 1187//1187 1191//1191 1214//1214
f 1191//1191 1187//1187 1153//1153
f 1085//1085 1115//1115 1129//1129
f 1086//1086 1115//1115 1085//1085
f 1819//1819 1809//1809 1815//1815
f 1809//1809 1819//1819 1825//1825
f 1819//1819 1815//1815 1849//1849
f 1825//1825 1819//1819 1849//1849
f 1809//1809 1793//1793 1815//1815
f 1793//1793 1809//1809 1788//1788
f 1785//1785 1793//1793 1788//1788
f 1782//1782 1793//1793 1761//1761
f 1815//1815 1793//1793 1782//1782
f 1793//1793 1767//1767 1761//1761
f 1767//1767 1793//1793 1785//1785
f 1767//1767 1766//1766 1734//1734
f 1766//1766 1748//1748 1734//1734
f 1748//1748 1766//1766 1770//1770
f 1789//1789 1766//1766 1788//1788
f 1770//1770 1766//1766 1789//1789
f 1766//1766 1785//1785 1788//1788
f 1766//1766 1767//1767 1785//1785
f 1302//1302 1260//1260 1262//1262
f 1260//1260 1302//1302 1270//1270
f 1260//1260 1270//1270 1225//1225
f 1207//1207 1260//1260 1225//1225
f 1262//1262 1260//1260 1207//1207
f 1256//1256 1255//1255 1220//1220
f 1255//1255 1257//1257 1220//1220
f 1255//1255 1256//1256 1339//1339
f 1257//1257 1255//1255 1339//1339
f 1670//1670 1707//1707 1742//1742
f 1707//1707 1661//1661 1701//1701
f 1707//1707 1670//1670 1661//1661
f 1725//1725 1721//1721 1701//1701
f 1737//1737 1721//1721 1725//1725
f 1721//1721 1707//1707 1701//1701
f 1721//1721 1737//1737 1742//1742
f 1707//1707 1721//1721 1742//1742
f 1670//1670 1648//1648 1661//1661
f 1603//1603 1648//1648 1634//1634
f 1634//1634 1648//1648 1660//1660
f 1648//1648 1670//1670 1660//1660
f 1667//1667 1653//1653 1664//1664
f 1653//1653 1667//1667 1661//1661
f 1661//1661 1667//1667 1701//1701
f 1705//1705 1667//1667 1664//1664
f 1667//1667 1705//1705 1701//1701
f 1693//1693 1690//1690 1657//1657
f 1654//1654 1693//1693 1657//1657
f 1690//1690 1693//1693 1717//1717
f 1704//1704 1693//1693 1655//1655
f 1693//1693 1654//1654 1655//1655
f 1736//1736 1693//1693 1704//1704
f 1693//1693 1736//1736 1717//1717
f 1823//1823 1805//1805 1820//1820
f 1856//1856 1823//1823 1820//1820
f 1839//1839 1823//1823 1856//1856
f 1784//1784 1812//1812 1821//1821
f 1812//1812 1784//1784 1777//1777
f 1805//1805 1812//1812 1777//1777
f 1823//1823 1812//1812 1805//1805
f 1812//1812 1823//1823 1839//1839
f 1364//1364 1335//1335 1329//1329
f 1335//1335 1349//1349 1309//1309
f 1293//1293 1335//1335 1309//1309
f 1329//1329 1335//1335 1293//1293
f 1379//1379 1398//1398 1427//1427
f 1379//1379 1364//1364 1398//1398
f 1349//1349 1379//1379 1392//1392
f 1335//1335 1379//1379 1349//1349
f 1379//1379 1335//1335 1364//1364
f 1392//1392 1379//1379 1421//1421
f 1379//1379 1427//1427 1421//1421
f 1439//1439 1475//1475 1474//1474
f 1433//1433 1439//1439 1474//1474
f 1439//1439 1433//1433 1407//1407
f 1439//1439 1471//1471 1475//1475
f 1471//1471 1439//1439 1454//1454
f 1439//1439 1407//1407 1454//1454
f 1231//1231 1239//1239 1205//1205
f 1239//1239 1224//1224 1205//1205
f 1224//1224 1239//1239 1252//1252
f 1252//1252 1239//1239 1283//1283
f 1283//1283 1239//1239 1291//1291
f 1239//1239 1231//1231 1291//1291
f 1228//1228 1269//1269 1227//1227
f 1227//1227 1269//1269 1250//1250
f 1269//1269 1252//1252 1299//1299
f 1269//1269 1228//1228 1252//1252
f 1273//1273 1269//1269 1299//1299
f 1250//1250 1269//1269 1273//1273
f 891//891 871//871 941//941
f 891//891 941//941 958//958
f 883//883 891//891 958//958
f 891//891 883//883 877//877
f 871//871 849//849 839//839
f 849//849 829//829 813//813
f 839//839 849//849 813//813
f 849//849 845//845 829//829
f 2129//2129 2111//2111 2122//2122
f 2129//2129 2138//2138 2111//2111
f 2129//2129 2122//2122 2141//2141
f 2138//2138 2129//2129 2141//2141
f 1187//1187 1157//1157 1153//1153
f 1157//1157 1187//1187 1185//1185
f 1157//1157 1125//1125 1153//1153
f 1157//1157 1185//1185 1162//1162
f 1133//1133 1157//1157 1162//1162
f 1157//1157 1133//1133 1125//1125
f 1129//1129 1132//1132 1147//1147
f 1115//1115 1132//1132 1129//1129
f 1132//1132 1167//1167 1147//1147
f 1132//1132 1086//1086 1167//1167
f 1132//1132 1115//1115 1086//1086
f 1648//1648 1613//1613 1661//1661
f 1653//1653 1613//1613 1601//1601
f 1613//1613 1653//1653 1661//1661
f 1613//1613 1648//1648 1603//1603
f 1601//1601 1613//1613 1547//1547
f 1613//1613 1603//1603 1547//1547
f 1834//1834 1839//1839 1850//1850
f 1834//1834 1812//1812 1839//1839
f 1834//1834 1850//1850 1821//1821
f 1812//1812 1834//1834 1821//1821
f 864//864 891//891 877//877
f 891//891 864//864 871//871
f 864//864 877//877 845//845
f 849//849 864//864 845//845
f 864//864 849//849 871//871
