-0.83790600 -0.55082202 -5.88902617 154 172 137 0.000000 0.579363 -0.555716 -0.596254
-0.52049899 -0.51197302 -5.32116508 120 120 74 0.000000 0.285052 -0.879286 -0.381577
-0.85361099 -0.80375600 -5.51541090 129 166 103 0.000000 0.959218 -0.126936 -0.252564
-0.60150403 -0.39211899 -5.66337013 154 178 119 0.000000 0.752761 -0.641129 -0.149345
-0.72053200 -0.70208597 -5.29967403 142 154 108 0.000000 0.561864 -0.792213 -0.238131
-0.71887797 -0.58223200 -5.53359604 147 170 109 0.000000 0.719336 -0.670256 -0.182518
-0.96520001 -0.69547403 -5.72040415 69 72 60 0.000000 0.587180 -0.802819 0.103449
-0.50562102 -0.33756399 -5.46416283 155 172 135 0.000000 0.841663 -0.522563 -0.136130
-0.74780899 -0.52354503 -5.71544409 121 162 82 0.000000 0.595488 -0.722743 -0.350767
-0.59571803 -0.48056301 -5.47656202 134 172 83 0.000000 0.143673 -0.825010 -0.546550
-0.84451902 -0.66241097 -5.61212206 118 159 67 0.000000 0.555154 -0.675913 -0.484712
-0.80318999 -0.84343201 -5.36662722 58 71 44 0.000000 0.151960 -0.878472 -0.452985
-0.61059600 -0.59545702 -5.21701622 88 80 75 0.000000 0.767517 -0.632504 -0.104194
-0.51388597 -0.27722400 -5.60881519 81 83 81 0.000000 0.848824 -0.522898 0.077939
-0.65275198 -0.57975203 -5.37572002 124 162 82 0.000000 0.753709 -0.467989 -0.461421
-0.66845697 -0.73267001 -5.16080904 113 142 78 0.000000 0.332001 -0.600841 -0.727163
-0.77012599 -0.69795299 -5.44928503 129 167 107 0.000000 0.839343 -0.387510 -0.381234
-0.76682001 -0.83433902 -5.22280216 156 165 129 0.000000 0.838844 -0.544370 0.001351
-0.87262201 -0.59793699 -5.75263977 120 160 81 0.000000 0.616206 -0.710507 -0.339808
-0.92883003 -0.76490700 -5.61377478 130 139 95 0.000000 0.396530 -0.152074 -0.905338
-0.65523201 -0.48717499 -5.59393597 137 176 107 0.000000 0.707165 -0.632727 -0.315554
-0.74780899 -0.49130800 -5.83033895 133 170 102 0.000000 0.561879 -0.821874 0.093887
-0.94949400 -0.60537601 -5.83860397 135 150 100 0.000000 0.506160 -0.743578 -0.436914
-0.48495600 -0.44253999 -5.40382290 108 111 67 0.000000 0.703874 -0.095515 -0.703874
-0.56430799 -0.39294499 -5.53772879 141 179 94 0.000000 0.552693 -0.373353 -0.745076
-0.67424297 -0.44584599 -5.72784281 198 159 139 0.000000 -0.371814 0.761489 0.530932
-0.77095300 -0.59215099 -5.62121391 117 157 83 0.000000 0.634748 -0.680673 -0.365759
-0.52628499 -0.33591101 -5.68651390 95 97 90 0.000000 0.556207 -0.826406 0.087671
-0.71722502 -0.65001202 -5.38233185 130 165 97 0.000000 0.762204 -0.587895 -0.270970
-0.78583199 -0.66075701 -5.53772879 115 149 72 0.000000 0.761503 -0.492930 -0.420873
-0.77012599 -0.75250798 -5.36249399 134 164 110 0.000000 0.923046 -0.330368 -0.197087
-0.65936500 -0.62604100 -5.29388809 129 163 83 0.000000 0.197839 -0.889541 -0.411797
-0.72962397 -0.79962301 -5.14097023 124 161 91 0.000000 0.509984 -0.715972 -0.476761
-0.60233098 -0.54999602 -5.30297995 128 165 82 0.000000 0.729664 -0.064763 -0.680732
-0.65605801 -0.54751599 -5.46829700 128 167 89 0.000000 0.641685 -0.743247 -0.189274
-0.80649602 -0.78143799 -5.43853998 134 167 107 0.000000 0.909844 -0.346815 -0.227824
-0.58497202 -0.51610601 -5.39638376 127 167 69 0.000000 -0.283929 0.896382 0.340417
-0.60646302 -0.39542499 -5.75098705 70 75 66 0.000000 0.769965 -0.364720 -0.523576
-0.80814898 -0.54586297 -5.77495813 115 149 85 0.000000 0.515533 -0.793251 -0.324004
-0.89907300 -0.65579802 -5.68403387 116 147 75 0.000000 0.556125 -0.656933 -0.509081
-0.64696598 -0.67315602 -5.21784306 123 164 73 0.000000 0.615555 -0.585198 -0.527859
-0.85361099 -0.72688401 -5.55756712 105 146 70 0.000000 0.736119 -0.410053 -0.538503
-0.72631800 -0.75250798 -5.23189402 135 164 98 0.000000 0.744655 -0.538443 -0.394422
-0.72631800 -0.62769401 -5.46251011 132 167 107 0.000000 0.813099 -0.569902 -0.118668
-0.71557200 -0.53098398 -5.63857222 124 166 95 0.000000 0.624564 -0.690135 -0.365559
-0.82963997 -0.61033601 -5.67494202 117 153 67 0.000000 0.624590 -0.720927 -0.300253
-0.52711201 -0.32351199 -5.54186201 121 161 84 0.000000 0.932937 -0.355592 -0.056422
-0.76599401 -0.80292898 -5.29388809 139 173 117 0.000000 0.915955 -0.339720 -0.213580
-0.93213600 -0.64753199 -5.76834488 127 161 92 0.000000 0.839054 -0.365420 -0.403060
-0.54198998 -0.42600799 -5.44928503 135 171 88 0.000000 0.674286 -0.365854 -0.641474
-0.60811698 -0.44997901 -5.54847479 126 166 80 0.000000 -0.742996 0.515649 0.426687
-0.94122899 -0.70456600 -5.65262413 117 157 64 0.000000 0.513976 -0.561161 -0.648789
-0.87510198 -0.57727301 -5.82124615 121 161 86 0.000000 0.449658 -0.871120 -0.197375
-0.81310898 -0.73597598 -5.49309397 127 164 99 0.000000 0.769965 -0.523576 -0.364720
-0.65605801 -0.45989799 -5.65923595 140 168 97 0.000000 0.807816 -0.443099 -0.388711
-0.56596100 -0.35905501 -5.61294794 155 191 140 0.000000 0.681656 -0.588324 -0.434993
-0.66184402 -0.52189201 -5.53442287 141 172 104 0.000000 0.845790 -0.498492 -0.190116
-0.69408101 -0.46237800 -5.79810190 112 149 87 0.000000 0.364269 -0.898137 0.246287
-0.52793801 -0.48800200 -5.38398504 141 179 81 0.000000 -0.485775 0.785955 0.382487
-0.83459997 -0.83681899 -5.46416283 92 94 82 0.000000 0.492219 -0.643412 -0.586295
-0.61720902 -0.43096799 -5.61625385 146 182 118 0.000000 0.810648 -0.556089 -0.183343
-0.79822999 -0.56900698 -5.71048403 114 153 72 0.000000 0.473412 -0.790097 -0.389394
-0.88502097 -0.79218400 -5.57823181 129 131 121 0.000000 0.916785 -0.316183 -0.243995
-0.68250901 -0.58967102 -5.43109989 128 165 96 0.000000 0.664261 -0.714276 -0.220378
-0.79079098 -0.51775903 -5.86836100 139 172 118 0.000000 0.626779 -0.771307 -0.110608
-0.74119598 -0.49296099 -5.76999903 113 150 86 0.000000 0.633907 -0.673424 -0.380344
-0.51058000 -0.38881201 -5.41539478 146 182 107 0.000000 -0.801613 0.109910 0.587654
-0.89741999 -0.71531200 -5.61129522 105 146 54 0.000000 0.474435 -0.568316 -0.672256
-0.60563701 -0.54255599 -5.24098682 116 118 105 0.000000 0.780479 -0.616476 -0.103966
-0.71639901 -0.55660802 -5.58649683 133 162 99 0.000000 0.563288 -0.775910 -0.284024
-0.70234698 -0.48800200 -5.70056581 108 148 71 0.000000 0.512147 -0.676705 -0.528938
-0.69573402 -0.65497100 -5.32943106 113 147 74 0.000000 0.723554 -0.682292 0.104628
-0.89576697 -0.58801800 -5.87332106 169 187 147 0.000000 0.750034 -0.607922 -0.260538
-0.74615598 -0.70208597 -5.37323999 133 167 108 0.000000 0.826024 -0.437493 -0.355364
-0.57340002 -0.43262100 -5.49722719 138 168 79 0.000000 -0.809742 0.318509 0.492818
-0.69077498 -0.69630003 -5.25173187 125 155 86 0.000000 0.842290 -0.381148 -0.381148
-0.79988301 -0.63595998 -5.59145689 122 164 72 0.000000 0.748150 -0.491641 -0.445601
-0.75772798 -0.55908799 -5.66419601 126 164 78 0.000000 0.610227 -0.767011 -0.198285
-0.57836002 -0.37228099 -5.70965815 140 179 124 0.000000 0.484224 -0.872713 0.062436
-0.83294702 -0.54503602 -5.83447218 125 164 95 0.000000 0.531603 -0.833684 -0.149560
-0.74698198 -0.63099998 -5.51293182 131 168 97 0.000000 0.760873 -0.612107 -0.215400
-0.53868401 -0.37889299 -5.47656202 140 178 106 0.000000 0.893334 -0.411079 -0.181572
-0.75524801 -0.60537601 -5.57161903 128 167 96 0.000000 0.649592 -0.649592 -0.395045
-0.55934799 -0.47395000 -5.43275404 135 174 77 0.000000 -0.308463 0.501450 0.808331
-0.63539398 -0.41856900 -5.70552492 139 164 100 0.000000 0.680732 -0.729664 -0.064763
-0.63952702 -0.55082202 -5.41870213 128 168 72 0.000000 -0.698851 0.525389 0.485359
-0.77591300 -0.73680300 -5.41208887 131 165 102 0.000000 0.792213 -0.561864 -0.238131
-0.56844097 -0.52850401 -5.33604288 134 170 75 0.000000 -0.333204 0.934332 0.126482
-0.77839202 -0.80127603 -5.34678888 143 177 116 0.000000 0.975029 0.015401 -0.221544
-0.71970499 -0.77151901 -5.18312597 126 164 90 0.000000 0.596737 -0.747122 -0.292769
-0.53537703 -0.32020599 -5.63857222 157 193 138 0.000000 0.561864 -0.792213 0.238131
-0.74532902 -0.74672198 -5.29554081 136 170 103 0.000000 0.888825 -0.405351 -0.213731
-0.76103401 -0.83020598 -5.16742086 141 148 117 0.000000 0.190162 -0.973478 0.127194
-0.61307597 -0.54586297 -5.36579990 123 161 74 0.000000 0.263219 0.879904 0.395581
-0.82385403 -0.67728901 -5.56665897 112 152 71 0.000000 0.673370 -0.498730 -0.545749
-0.79244399 -0.52106500 -5.81628704 128 167 93 0.000000 0.697359 -0.714543 -0.055846
-0.92056400 -0.60620302 -5.79727602 111 149 66 0.000000 0.705670 -0.648065 -0.286429
-0.69242799 -0.57479298 -5.48978806 135 171 105 0.000000 0.651280 -0.714665 -0.255124
-0.68168199 -0.71779102 -5.20792294 122 156 79 0.000000 0.790097 -0.473412 -0.389394
-0.87014300 -0.62025499 -5.70304489 125 165 76 0.000000 0.499223 -0.761111 -0.414110
-0.56513399 -0.35822901 -5.66419601 154 191 137 0.000000 0.711181 -0.696518 -0.095313
-0.88419503 -0.67315602 -5.63939905 113 153 56 0.000000 0.525453 -0.705609 -0.475410
-0.78417802 -0.68472803 -5.49474716 125 164 96 0.000000 0.684399 -0.557225 -0.470211
-0.66763002 -0.61198902 -5.34017706 132 163 84 0.000000 0.783674 -0.618690 -0.055469
-0.60811698 -0.51362598 -5.44267178 132 167 74 0.000000 -0.690646 0.641895 0.333135
-0.62464797 -0.49048200 -5.51458502 129 166 75 0.000000 -0.809721 0.507845 0.294015
-0.63704699 -0.62108099 -5.25090599 138 172 94 0.000000 0.842992 -0.364410 -0.395690
-0.96850598 -0.64009303 -5.81050110 116 120 103 0.000000 0.993712 0.070899 0.086654
-0.57257402 -0.52519798 -5.27405024 128 136 110 0.000000 0.228729 -0.892782 0.388102
-0.81145501 -0.83186001 -5.42200804 160 187 150 0.000000 0.983993 0.031367 -0.175423
-0.74202299 -0.67232901 -5.41704798 132 169 108 0.000000 0.827586 -0.477153 -0.295678
-0.49074200 -0.31855300 -5.51127911 181 185 141 0.000000 0.285077 -0.759675 0.584488
-0.75276798 -0.79053098 -5.24264002 143 178 120 0.000000 0.846726 -0.483194 -0.222663
-0.69573402 -0.76325297 -5.13683701 144 150 112 0.000000 0.548690 -0.833613 0.063473
-0.68168199 -0.49792099 -5.63939905 163 177 128 0.000000 0.642876 -0.682135 -0.348429
-0.53703099 -0.31690001 -5.58732414 134 174 113 0.000000 0.886806 -0.452509 -0.093864
-0.63126099 -0.58884501 -5.28810215 123 160 103 0.000000 0.909411 -0.378326 -0.172745
-0.90485901 -0.63595998 -5.73032188 118 158 81 0.000000 0.696556 -0.674443 -0.244821
-0.68333501 -0.52602500 -5.57492495 157 164 117 0.000000 0.609453 -0.751187 -0.253545
-0.74202299 -0.82359397 -5.09881496 111 114 94 0.000000 0.767741 -0.277020 0.577784
-0.85030502 -0.57066000 -5.78156996 122 161 85 0.000000 0.521921 -0.846863 -0.102084
-0.52132601 -0.28218299 -5.56004715 102 104 91 0.000000 0.673945 -0.738397 -0.023819
-0.63208699 -0.57396603 -5.33025694 125 164 88 0.000000 0.644811 -0.547164 -0.533695
-0.59323800 -0.41443601 -5.58236504 143 181 113 0.000000 0.776466 -0.514954 -0.363212
-0.79409701 -0.74093598 -5.45259094 130 168 96 0.000000 0.872502 -0.334638 -0.356030
-0.67754900 -0.66488999 -5.27983618 128 166 80 0.000000 0.766255 -0.465635 -0.442761
-0.77343303 -0.52602500 -5.75677299 121 159 79 0.000000 0.508800 -0.833824 -0.214151
-0.80732298 -0.61529499 -5.63774490 110 150 70 0.000000 0.539194 -0.699450 -0.469083
-0.81310898 -0.69878000 -5.53029013 118 157 84 0.000000 0.645999 -0.544798 -0.534678
-0.82963997 -0.57314003 -5.74024200 116 157 71 0.000000 0.388711 -0.807816 -0.443099
-0.59075803 -0.39377201 -5.62121391 145 183 118 0.000000 0.786349 -0.492477 -0.372991
-0.74698198 -0.80044901 -5.19965696 128 165 100 0.000000 0.861339 -0.371347 -0.346693
-0.54777598 -0.35244301 -5.56583309 136 173 108 0.000000 0.860200 -0.506082 -0.062737
-0.79492402 -0.58553898 -5.67080879 138 153 91 0.000000 0.538343 -0.705013 -0.461675
-0.86105001 -0.77234602 -5.54351521 123 160 92 0.000000 0.825520 -0.040508 -0.562918
-0.72549099 -0.52106500 -5.67907381 115 148 81 0.000000 0.498102 -0.729777 -0.468315
-0.93709600 -0.67976898 -5.69229984 117 152 79 0.000000 0.420737 -0.824010 -0.379457
-0.76929998 -0.83599198 -5.26743698 163 168 139 0.000000 0.853449 -0.496740 0.157719
-0.85609102 -0.69547403 -5.58815098 109 147 68 0.000000 0.658429 -0.540552 -0.523712
-0.83046699 -0.78226501 -5.48730803 124 162 92 0.000000 0.676202 -0.491631 -0.548680
-0.52380502 -0.45163199 -5.41704798 138 178 90 0.000000 -0.379797 0.695473 0.609977
-0.74780899 -0.66323698 -5.45920420 135 167 102 0.000000 0.780192 -0.605139 -0.158453
-0.85443801 -0.63844001 -5.65758324 133 157 85 0.000000 0.625510 -0.531093 -0.571557
-0.69821399 -0.61942798 -5.40217018 131 164 98 0.000000 0.654817 -0.717629 -0.237116
-0.63621998 -0.42352900 -5.74850702 153 188 142 0.000000 0.712710 -0.594744 0.371920
-0.64696598 -0.70043302 -5.18725920 122 159 76 0.000000 0.619132 -0.538155 -0.571896
-0.74863499 -0.73018998 -5.33604288 135 172 107 0.000000 0.809391 -0.563120 -0.166683
-0.86518300 -0.56652701 -5.85844183 133 166 104 0.000000 0.603892 -0.792156 0.088339
-0.96850598 -0.70456600 -5.68155384 84 88 77 0.000000 0.635026 -0.724152 -0.268971
-0.70482701 -0.47229701 -5.73693514 126 162 98 0.000000 0.481550 -0.876393 -0.006670
-0.64035302 -0.49048200 -5.55095387 127 168 68 0.000000 -0.731808 0.658474 0.175695
-0.95197397 -0.68720800 -5.75677299 115 113 111 0.000000 0.885075 -0.142014 -0.443255
-0.76433998 -0.76656002 -5.32612514 137 169 114 0.000000 0.889322 -0.357223 -0.285480
-0.83790600 -0.75168103 -5.51954508 125 162 92 0.000000 0.823342 -0.499608 -0.269259
-0.63621998 -0.51610601 -5.48730803 149 167 104 0.000000 0.672258 -0.726400 -0.142874
-0.71805203 -0.72275102 -5.26082516 121 161 86 0.000000 0.739981 -0.601937 -0.300166
-0.79575002 -0.80871499 -5.39473104 137 173 106 0.000000 0.745528 -0.563613 -0.355709
-0.88419503 -0.74341500 -5.58815098 123 161 76 0.000000 0.831657 -0.301144 -0.466539
-0.91147202 -0.59380400 -5.83860397 117 156 84 0.000000 0.332212 -0.809072 0.484807
-0.78913802 -0.77151901 -5.40217018 132 169 107 0.000000 0.906621 -0.364099 -0.213237
-0.62464797 -0.64257300 -5.21122980 121 160 76 0.000000 0.938157 -0.134410 -0.319055
-0.61886197 -0.58223200 -5.25255919 144 177 108 0.000000 0.749953 -0.593246 -0.292626
-0.95693398 -0.74258900 -5.62617397 62 65 50 0.000000 0.568018 0.040473 -0.822021
-0.68085599 -0.55247498 -5.51789093 135 171 98 0.000000 0.816762 -0.538910 -0.206099
-0.62134200 -0.42187601 -5.65262413 130 170 90 0.000000 0.664261 -0.714276 -0.220378
-0.54364300 -0.37062699 -5.51623821 122 160 98 0.000000 0.753186 -0.562055 -0.341768
-0.65936500 -0.45824501 -5.78570318 114 139 71 0.000000 0.656888 -0.743282 0.126611
-0.83708000 -0.59545702 -5.70800495 122 163 70 0.000000 0.555084 -0.698439 -0.451735
-0.73706299 -0.55826098 -5.62699986 127 165 90 0.000000 0.719298 -0.619081 -0.315198
-0.76516700 -0.50701302 -5.79644918 120 159 84 0.000000 0.482773 -0.830494 -0.277866
-0.49900800 -0.48138899 -5.36332083 135 168 69 0.000000 0.497198 -0.618548 -0.608435
-0.52049899 -0.36897400 -5.44349909 146 182 108 0.000000 0.899819 0.095666 -0.425646
-0.70234698 -0.59545702 -5.46251011 129 165 96 0.000000 0.666548 -0.620006 -0.413891
-0.70482701 -0.74424201 -5.20048380 123 161 85 0.000000 0.654112 -0.546495 -0.522954
-0.63456702 -0.45824501 -5.60137606 141 178 98 0.000000 0.724522 -0.611568 -0.317886
-0.51388597 -0.34334999 -5.50135899 127 166 74 0.000000 0.524731 -0.802066 -0.285214
-0.58579898 -0.41939601 -5.54599524 134 172 102 0.000000 0.914895 -0.347918 -0.204742
-0.57009399 -0.45328599 -5.46912289 125 165 82 0.000000 0.688971 -0.268905 -0.673059
-0.91229802 -0.67811602 -5.66089010 126 166 81 0.000000 0.666909 -0.610363 -0.427421
-0.74202299 -0.57809901 -5.59559011 129 162 92 0.000000 0.841495 -0.467841 -0.270205
-0.75359499 -0.77565199 -5.27652979 133 171 109 0.000000 0.799801 -0.514723 -0.308834
-0.65109903 -0.65249199 -5.24759912 133 169 78 0.000000 0.713064 -0.386998 -0.584613
-0.79079098 -0.54916900 -5.73776197 125 165 85 0.000000 0.544453 -0.743922 -0.387493
-0.69325399 -0.52106500 -5.61460114 241 167 173 0.000000 0.788682 -0.563791 -0.245194
-0.77756602 -0.82690001 -5.31537914 157 179 133 0.000000 0.976255 -0.198206 -0.087407
-0.51140702 -0.29871500 -5.65014410 61 61 63 0.000000 0.759264 -0.641320 0.110572
-0.67424297 -0.46899101 -5.69643307 245 147 177 0.000000 0.807343 -0.577934 -0.119116
-0.93544298 -0.66737002 -5.73445606 139 176 120 0.000000 0.667544 -0.740261 -0.079989
-0.82054800 -0.80292898 -5.46085691 136 172 111 0.000000 0.751187 -0.253545 -0.609453
-0.76929998 -0.63430703 -5.55095387 126 161 92 0.000000 0.672554 -0.585773 -0.452263
-0.72549099 -0.47808301 -5.80884790 128 167 103 0.000000 0.459388 -0.883869 0.087968
-0.55604202 -0.49378800 -5.40134287 132 167 79 0.000000 -0.468496 0.793706 0.387998
-0.72301102 -0.67067599 -5.35670805 179 164 137 0.000000 0.808331 -0.501450 -0.308463
-0.61638200 -0.53511697 -5.40051699 124 163 82 0.000000 0.680829 -0.690306 0.244846
-0.68416202 -0.61612201 -5.37241316 126 160 71 0.000000 -0.710507 0.616206 0.339808
-0.65771103 -0.47560301 -5.63030577 139 175 101 0.000000 0.686964 -0.726299 -0.023882
-0.71474600 -0.62356102 -5.43192720 164 167 130 0.000000 0.640526 -0.627147 -0.443184
-0.72466499 -0.68886101 -5.32943106 169 165 130 0.000000 0.762427 -0.580972 -0.284915
-0.82220101 -0.64009303 -5.62038708 125 165 74 0.000000 0.539194 -0.699450 -0.469083
-0.75359499 -0.82607400 -5.13601112 137 170 117 0.000000 0.825010 -0.546550 -0.143673
-0.64861900 -0.59793699 -5.31620502 125 163 88 0.000000 0.691635 -0.649522 -0.315852
-0.68085599 -0.45576501 -5.76173306 108 142 88 0.000000 0.275834 -0.961168 -0.008506
-0.77425897 -0.50618702 -5.84108400 136 173 104 0.000000 0.539996 -0.841068 0.031764
-0.84038597 -0.81450099 -5.48648119 141 171 100 0.000000 0.759850 -0.514737 -0.397083
-0.75938100 -0.70952600 -5.40878201 137 167 106 0.000000 0.742996 -0.515649 -0.426687
-0.55356199 -0.52437103 -5.30794001 126 166 81 0.000000 0.458206 0.507831 -0.729490
-0.61142302 -0.39873099 -5.69312620 137 176 113 0.000000 0.735833 -0.663898 -0.133379
-0.70152003 -0.72192401 -5.23272085 121 159 82 0.000000 0.746356 -0.589059 -0.309778
-0.75938100 -0.54420900 -5.69229984 123 163 89 0.000000 0.577513 -0.719012 -0.386654
-0.57918602 -0.52519798 -5.36579990 131 171 70 0.000000 -0.475973 0.817536 0.324168
-0.94949400 -0.66984999 -5.78322411 74 68 55 0.000000 0.395993 -0.269516 -0.877810
-0.87675500 -0.69134098 -5.61294794 123 156 81 0.000000 0.553228 -0.466316 -0.690281
-0.90568602 -0.62190801 -5.75842619 133 161 94 0.000000 0.600957 -0.670874 -0.434487
-0.96933198 -0.71861798 -5.65345001 88 89 66 0.000000 0.371920 -0.712710 -0.594744
-0.60481000 -0.46651101 -5.51045179 121 160 85 0.000000 0.809765 -0.445610 -0.381723
-0.76433998 -0.72936398 -5.38398504 138 169 115 0.000000 0.798394 -0.553450 -0.237193
-0.75855398 -0.65910399 -5.48813391 134 173 108 0.000000 0.801126 -0.467190 -0.374073
-0.66845697 -0.58719200 -5.40134287 122 161 78 0.000000 0.237908 -0.268878 -0.933330
-0.89328700 -0.59215099 -5.79810190 123 158 78 0.000000 0.411501 -0.908562 -0.071979
-0.86766303 -0.80375600 -5.54268885 111 119 87 0.000000 0.949391 -0.087495 -0.301663
-0.72383797 -0.64753199 -5.41208887 139 158 110 0.000000 0.888003 -0.453006 -0.078964
-0.63291401 -0.53429002 -5.44349909 130 170 80 0.000000 -0.697260 0.697260 -0.166305
-0.82963997 -0.72440398 -5.53111601 120 157 89 0.000000 0.655374 -0.537440 -0.530701
-0.51305997 -0.28714299 -5.53111601 111 122 92 0.000000 0.805563 -0.023571 -0.592041
-0.68581498 -0.54172999 -5.54599524 134 171 98 0.000000 0.560185 -0.765640 -0.316208
-0.69821399 -0.49874800 -5.67246199 146 150 101 0.000000 0.775341 -0.622911 -0.104063
-0.93874902 -0.63017398 -5.79314280 119 155 64 0.000000 0.641007 -0.395867 -0.657570
-0.74780899 -0.50618702 -5.74354792 116 155 88 0.000000 0.816260 -0.530338 -0.229045
-0.91312498 -0.70374000 -5.63443899 122 163 78 0.000000 0.364928 -0.536849 -0.760671
-0.66845697 -0.56818002 -5.45011091 129 166 91 0.000000 0.835882 -0.537456 -0.111547
-0.61142302 -0.56074101 -5.27239704 142 175 122 0.000000 0.832696 -0.548984 0.072347
-0.67093700 -0.68886101 -5.23024082 122 162 78 0.000000 0.634535 -0.657729 -0.405903
-0.72549099 -0.57562000 -5.56500578 138 176 110 0.000000 0.786938 -0.538933 -0.300467
-0.73540998 -0.60702997 -5.52698421 143 176 107 0.000000 0.781526 -0.538598 -0.314848
-0.92221701 -0.73101699 -5.61708117 110 149 53 0.000000 0.465711 -0.417030 -0.780512
-0.92056400 -0.65993100 -5.70717812 133 173 95 0.000000 0.616049 -0.672506 -0.410146
-0.81972098 -0.53346401 -5.85844183 129 166 102 0.000000 0.569734 -0.814530 0.109284
-0.79327101 -0.64753199 -5.56500578 122 161 85 0.000000 0.776109 -0.483237 -0.405138
-0.74202299 -0.80375600 -5.17072678 129 133 85 0.000000 0.713232 -0.689308 -0.127096
-0.61307597 -0.55247498 -5.33687019 127 166 75 0.000000 -0.402851 0.387053 0.829398
-0.71474600 -0.58884501 -5.50549316 170 167 134 0.000000 0.737654 -0.595612 -0.317982
-0.77425897 -0.61777502 -5.58980417 131 172 88 0.000000 0.740064 -0.619625 -0.261479
-0.78665799 -0.52437103 -5.78735590 124 161 93 0.000000 0.459070 -0.886622 -0.056185
-0.55769497 -0.34500301 -5.63939905 154 190 139 0.000000 0.879853 -0.475200 0.006655
-0.70813298 -0.78805101 -5.12526608 158 168 120 0.000000 0.564540 -0.691103 0.451299
-0.85113102 -0.56239402 -5.81463385 121 159 87 0.000000 0.499612 -0.861936 -0.086335
-0.64035302 -0.45245901 -5.63609219 146 176 102 0.000000 0.704518 -0.626419 -0.333548
-0.82054800 -0.65827799 -5.58815098 124 165 79 0.000000 0.624027 -0.653981 -0.427667
-0.61224997 -0.43592700 -5.58567095 138 168 108 0.000000 0.939287 -0.315807 -0.134184
-0.86022401 -0.65662402 -5.63609219 121 154 75 0.000000 0.333037 -0.609214 -0.719684
-0.80980200 -0.75664097 -5.47077608 121 158 99 0.000000 0.695767 -0.394984 -0.599913
-0.55108303 -0.34169701 -5.59559011 139 177 116 0.000000 0.747127 -0.643655 -0.165859
-0.61968899 -0.40369099 -5.72701597 138 175 120 0.000000 0.577581 -0.815326 -0.040557
-0.82220101 -0.54420900 -5.80802107 92 82 73 0.000000 0.586818 -0.776717 -0.228812
-0.77095300 -0.65745097 -5.51375818 123 162 93 0.000000 0.897606 -0.404859 -0.174334
-0.52959102 -0.30367401 -5.61129522 160 196 137 0.000000 0.976321 -0.213906 0.032265
-0.69077498 -0.74176198 -5.17568684 124 160 82 0.000000 0.675920 -0.626342 -0.388365
-0.76020700 -0.57396603 -5.64022493 127 168 93 0.000000 0.751109 -0.616255 -0.236780
-0.71887797 -0.47643000 -5.83612490 145 167 127 0.000000 0.505296 -0.845141 -0.174394
-0.58331901 -0.37641400 -5.64187813 147 176 126 0.000000 0.601334 -0.775767 -0.191264
-0.63539398 -0.55908799 -5.38315916 121 161 75 0.000000 0.094867 0.977002 -0.190965
-0.70482701 -0.69960701 -5.27570295 124 158 89 0.000000 0.704008 -0.595192 -0.387452
-0.73045099 -0.50205398 -5.71957684 115 156 83 0.000000 0.697884 -0.602193 -0.387713
-0.73871601 -0.68059498 -5.39059782 131 161 110 0.000000 0.894356 -0.411780 -0.174826
-0.50975400 -0.49874800 -5.34430885 127 166 63 0.000000 0.420471 -0.633199 -0.649818
-0.67837602 -0.63595998 -5.31868505 129 165 93 0.000000 0.767741 -0.577784 -0.277020
-0.85939699 -0.60124397 -5.72371006 117 157 73 0.000000 0.586212 -0.760963 -0.278014
-0.50644702 -0.42931500 -5.41539478 149 187 102 0.000000 -0.649520 -0.006925 0.760313
-0.78169900 -0.78309101 -5.36745405 137 169 114 0.000000 0.927156 -0.260629 -0.269174
-0.56596100 -0.40782401 -5.50714588 138 175 112 0.000000 0.844518 -0.437034 -0.309501
-0.53703099 -0.47477701 -5.40795612 142 181 78 0.000000 -0.563315 0.556548 0.610681
-0.80484301 -0.80375600 -5.42035484 136 168 108 0.000000 0.893394 -0.317684 -0.317684
-0.64613903 -0.43344799 -5.68486118 130 170 102 0.000000 0.718383 -0.638740 -0.275566
-0.85361099 -0.62273502 -5.68072701 110 151 70 0.000000 0.563832 -0.715951 -0.411713
-0.48743600 -0.34169701 -5.49391985 105 105 62 0.000000 0.149345 -0.641129 -0.752761
-0.86848998 -0.72109801 -5.57988501 122 163 74 0.000000 0.710355 -0.480779 -0.514051
-0.76847303 -0.54090297 -5.72040415 119 160 77 0.000000 0.411336 -0.824259 -0.389101
-0.59489101 -0.38633299 -5.72784281 145 185 128 0.000000 0.519351 -0.844128 0.133129
-0.53951001 -0.50287998 -5.36414719 129 169 69 0.000000 0.610684 -0.680192 -0.405467
-0.73375702 -0.64587897 -5.44349909 140 173 118 0.000000 0.726771 -0.624544 -0.285917
-0.95114797 -0.61612201 -5.81298113 115 152 56 0.000000 0.948461 -0.031658 -0.315309
-0.64861900 -0.58553898 -5.34844208 121 159 91 0.000000 0.698051 -0.666250 -0.262366
-0.79079098 -0.75746697 -5.42531395 129 168 100 0.000000 0.923326 -0.238324 -0.301116
-0.87344903 -0.58471203 -5.77991676 109 147 75 0.000000 0.512973 -0.853050 -0.095736
-0.64531302 -0.51362598 -5.51458502 142 160 91 0.000000 -0.732301 0.541409 0.413051
-0.67259002 -0.55578202 -5.48813391 132 167 88 0.000000 0.617686 -0.785764 -0.032215
-0.48991600 -0.46403101 -5.38811779 142 171 98 0.000000 -0.300420 0.734181 0.608872
-0.55852199 -0.35740200 -5.69891310 131 144 111 0.000000 0.791586 -0.585743 -0.174058
-0.73375702 -0.74341500 -5.26826382 127 163 98 0.000000 0.838994 -0.442151 -0.317162
-0.66349798 -0.50866598 -5.56913900 135 173 80 0.000000 -0.768164 0.600565 0.221914
-0.83129299 -0.70539302 -5.55012798 110 148 71 0.000000 0.524105 -0.547698 -0.652182
-0.76103401 -0.84177899 -5.10460091 144 176 125 0.000000 0.573236 -0.810740 -0.118752
-0.87675500 -0.65331799 -5.66006279 116 156 69 0.000000 0.567538 -0.678032 -0.467089
-0.57836002 -0.53429002 -5.30545998 132 170 83 0.000000 0.047730 -0.998089 -0.039245
-0.76433998 -0.81863397 -5.24759912 142 176 122 0.000000 0.920172 -0.332403 -0.206860
-0.89494002 -0.60206997 -5.77330399 117 156 68 0.000000 0.470533 -0.762362 -0.444301
-0.78417802 -0.59049797 -5.64683819 127 166 83 0.000000 0.704035 -0.619093 -0.347934
-0.52380502 -0.32020599 -5.66502285 122 124 119 0.000000 0.690187 -0.634711 0.347541
-0.87675500 -0.76903898 -5.56831312 123 161 86 0.000000 0.892458 -0.165804 -0.419556
-0.77591300 -0.71779102 -5.43275404 130 165 97 0.000000 0.719298 -0.619081 -0.315198
-0.66515100 -0.57148701 -5.42283392 131 164 99 0.000000 0.562648 -0.769855 -0.301248
-0.76268703 -0.82937998 -5.19717789 152 178 126 0.000000 0.880853 -0.421921 -0.214662
-0.73706299 -0.77317202 -5.21949577 128 160 94 0.000000 0.760062 -0.553506 -0.340495
-0.73127699 -0.62025499 -5.49474716 135 169 101 0.000000 0.864565 -0.468491 -0.181780
-0.65688503 -0.45163199 -5.75181293 177 169 145 0.000000 0.578703 -0.514590 0.632693
-0.73871601 -0.54007697 -5.66667604 135 167 89 0.000000 0.604427 -0.699950 -0.380443
-0.55190903 -0.45163199 -5.44432497 133 174 82 0.000000 0.702446 -0.671016 -0.237291
-0.88750100 -0.61694902 -5.73528194 125 164 85 0.000000 0.578782 -0.794496 -0.183813
-0.67506999 -0.50618702 -5.60302877 142 178 106 0.000000 0.626858 -0.707848 -0.325577
-0.58827901 -0.49792099 -5.43605995 125 165 78 0.000000 0.544775 -0.783014 -0.300182
-0.62382197 -0.51445299 -5.46333694 149 169 99 0.000000 -0.785650 -0.548532 0.286122
-0.82054800 -0.82441998 -5.44515181 155 184 114 0.000000 0.870391 -0.394801 -0.294195
-0.70234698 -0.76077402 -5.16246080 127 166 90 0.000000 0.748674 -0.563535 -0.349164
-0.71557200 -0.54503602 -5.60964203 132 172 105 0.000000 0.747738 -0.501231 -0.435495
-0.63539398 -0.46981701 -5.57823181 139 177 105 0.000000 0.719702 -0.640264 -0.268498
-0.58827901 -0.38054600 -5.68733978 144 183 123 0.000000 0.633061 -0.773429 -0.032285
-0.66763002 -0.71613801 -5.18643188 132 170 80 0.000000 0.634737 -0.748467 -0.192112
-0.77508599 -0.83929902 -5.29223490 161 156 133 0.000000 0.863656 -0.403449 -0.302203
-0.68746799 -0.43014100 -5.76255894 111 149 63 0.000000 -0.761078 0.547782 0.347413
-0.89080697 -0.63513303 -5.70635223 116 155 73 0.000000 0.603964 -0.650808 -0.460083
-0.84369200 -0.78061199 -5.51045179 137 172 96 0.000000 0.848795 -0.381569 -0.365994
-0.69986701 -0.63595998 -5.36910677 133 169 96 0.000000 0.730414 -0.604648 -0.317642
-0.88667399 -0.57809901 -5.85100317 137 174 108 0.000000 0.563738 -0.825621 0.023432
-0.54116398 -0.51858503 -5.33439016 145 181 83 0.000000 -0.293817 0.921583 0.253686
-0.74119598 -0.64339900 -5.47573614 139 176 115 0.000000 0.809329 -0.513885 -0.284444
-0.51388597 -0.46403101 -5.39638376 137 175 82 0.000000 -0.460538 0.460538 0.758822
-0.65523201 -0.63844001 -5.26826382 126 164 87 0.000000 0.665234 -0.601878 -0.441822
-0.72383797 -0.80458200 -5.11452007 157 162 129 0.000000 0.766853 -0.142566 0.625788
-0.83873302 -0.67563599 -5.58732414 118 158 68 0.000000 0.850038 -0.436590 -0.294659
-0.86931598 -0.74506903 -5.56748581 119 159 81 0.000000 0.683214 -0.572964 -0.452692
-0.74367601 -0.76986599 -5.25421190 129 167 106 0.000000 0.863929 -0.429687 -0.262671
-0.72879702 -0.72275102 -5.28810215 136 157 105 0.000000 0.809848 -0.564349 -0.160173
-0.81228203 -0.53181100 -5.82951212 121 160 94 0.000000 0.522812 -0.800802 -0.292206
-0.70069402 -0.56074101 -5.53938198 159 168 119 0.000000 0.791768 -0.600804 -0.110172
-0.78831100 -0.70374000 -5.47904205 126 164 96 0.000000 0.690135 -0.624564 -0.365559
-0.56348097 -0.51114601 -5.37902498 134 174 72 0.000000 -0.465344 0.846220 0.259549
-0.71970499 -0.77813202 -5.15915489 118 155 90 0.000000 0.745984 -0.627623 -0.222705
-0.61886197 -0.49874800 -5.49061394 127 167 70 0.000000 -0.713531 0.602501 0.357582
-0.73871601 -0.60206997 -5.55095387 141 172 108 0.000000 0.831239 -0.499358 -0.244301
-0.76433998 -0.77978498 -5.30215406 134 169 108 0.000000 0.948677 -0.283127 -0.140893
-0.56348097 -0.36401501 -5.58897686 132 171 115 0.000000 0.717365 -0.694456 -0.055843
-0.54116398 -0.32847199 -5.61377478 146 184 129 0.000000 0.721359 -0.611129 -0.325827
-0.78665799 -0.83433902 -5.35092211 149 148 118 0.000000 0.895058 -0.403140 -0.190655
-0.80566901 -0.67894202 -5.54268885 124 154 86 0.000000 0.722396 -0.571006 -0.389995
-0.71474600 -0.47395000 -5.75925303 109 144 72 0.000000 0.556845 -0.827435 0.072632
-0.53537703 -0.40286401 -5.45341778 139 177 92 0.000000 0.925999 -0.229011 -0.300132
-0.54612303 -0.34417701 -5.67494202 156 194 131 0.000000 0.562055 -0.753186 0.341768
-0.54612303 -0.35988200 -5.54268885 125 162 91 0.000000 0.813131 -0.466237 -0.348485
-0.70565301 -0.51527900 -5.65427685 130 170 96 0.000000 0.595612 -0.737654 -0.317982
-0.61720902 -0.46816400 -5.53524923 137 176 99 0.000000 0.764126 -0.547650 -0.340868
-0.60811698 -0.41278300 -5.62947893 145 184 124 0.000000 0.834455 -0.548356 -0.054695
-0.84782499 -0.57727301 -5.75842619 117 155 81 0.000000 0.617561 -0.673853 -0.405636
-0.77095300 -0.78970402 -5.32364511 139 173 114 0.000000 0.905518 -0.357250 -0.228931
-0.72879702 -0.48965499 -5.74024200 128 167 103 0.000000 0.659344 -0.715725 -0.230222
-0.84617198 -0.55247498 -5.86340189 131 168 99 0.000000 0.388209 -0.901972 0.189053
-0.69077498 -0.66819698 -5.29967403 127 164 85 0.000000 0.650710 -0.627411 -0.427705
-0.70895898 -0.67894202 -5.31455183 122 162 90 0.000000 0.726930 -0.505042 -0.465301
-0.56100202 -0.42848799 -5.47738886 137 174 70 0.000000 -0.862776 0.315275 0.395247
-0.76268703 -0.79879600 -5.27074289 130 167 111 0.000000 0.911549 -0.340563 -0.230423
-0.77756602 -0.75333399 -5.39225101 137 170 110 0.000000 0.901730 -0.236063 -0.362158
-0.53620398 -0.32847199 -5.56665897 149 183 115 0.000000 0.933823 -0.292607 -0.205805
-0.64531302 -0.60785598 -5.28727484 132 166 77 0.000000 -0.911549 0.230423 0.340563
-0.84782499 -0.74176198 -5.54020882 124 155 94 0.000000 0.836807 -0.359529 -0.412908
-0.73706299 -0.71696502 -5.32033777 131 166 101 0.000000 0.824810 -0.506028 -0.252240
-0.76020700 -0.59711099 -5.59311008 120 157 84 0.000000 0.747122 -0.596737 -0.292769
-0.58993202 -0.54007697 -5.28562212 134 170 110 0.000000 0.458549 -0.824127 0.332487
-0.58993202 -0.44832599 -5.50962496 131 170 98 0.000000 0.819424 -0.528414 -0.222087
-0.58083898 -0.40121099 -5.56748581 139 174 107 0.000000 0.759916 -0.451354 -0.467767
-0.61886197 -0.56652701 -5.30132723 137 170 106 0.000000 0.782275 -0.600703 -0.164928
-0.62464797 -0.62025499 -5.23106813 130 166 88 0.000000 0.690187 -0.347541 -0.634711
-0.75276798 -0.62438798 -5.53772879 159 161 112 0.000000 0.847982 -0.450923 -0.278557
-0.65192503 -0.53015798 -5.49722719 125 163 89 0.000000 0.675721 -0.665999 -0.315985
-0.74780899 -0.71531200 -5.35422802 130 167 106 0.000000 0.760062 -0.553506 -0.340495
-0.54694998 -0.51858503 -5.28644800 155 166 113 0.000000 0.274993 -0.932156 -0.235507
-0.69904101 -0.54255599 -5.57079220 196 174 154 0.000000 0.648473 -0.655074 -0.387764
-0.78500497 -0.71365899 -5.45755100 127 165 102 0.000000 0.811198 -0.388799 -0.436799
-0.53207099 -0.30202100 -5.56500578 127 164 104 0.000000 0.995797 -0.031561 -0.085976
-0.69242799 -0.64009303 -5.34678888 125 163 94 0.000000 0.729401 -0.579278 -0.363884
-0.82798702 -0.56156802 -5.76007891 121 156 80 0.000000 0.665999 -0.675721 -0.315985
-0.94536197 -0.67728901 -5.71626997 139 177 110 0.000000 0.659992 -0.747024 -0.079779
-0.68581498 -0.57975203 -5.46003103 129 164 97 0.000000 0.671452 -0.711770 -0.206243
-0.71143901 -0.66984999 -5.33687019 123 161 94 0.000000 0.695997 -0.623941 -0.355368
-0.53124499 -0.35822901 -5.50135899 133 172 100 0.000000 0.581755 -0.685104 -0.438400
-0.60729003 -0.49874800 -5.46912289 128 167 78 0.000000 0.626446 -0.736902 -0.254050
-0.62712801 -0.56074101 -5.35588121 122 163 77 0.000000 -0.293234 -0.839363 -0.457693
-0.58497202 -0.48469600 -5.45424509 125 164 79 0.000000 0.731295 -0.437456 -0.523297
-0.78500497 -0.60950899 -5.61708117 129 168 84 0.000000 0.642217 -0.601974 -0.474536
-0.77343303 -0.57479298 -5.65923595 120 160 80 0.000000 0.603019 -0.734880 -0.310354
-0.79409701 -0.81946099 -5.37489319 138 174 101 0.000000 0.924721 -0.252976 -0.284420
-0.72135800 -0.76077402 -5.20296383 122 159 82 0.000000 0.705845 -0.610859 -0.358655
-0.58827901 -0.52933103 -5.25834513 170 179 154 0.000000 0.481759 -0.666405 0.569046
-0.59158498 -0.51197302 -5.41870213 126 164 70 0.000000 -0.434474 0.816429 0.380364
-0.52215201 -0.28053001 -5.58236504 98 102 91 0.000000 0.663255 -0.742318 0.095169
-0.83708000 -0.62438798 -5.65841007 119 145 67 0.000000 0.460083 -0.650808 -0.603964
-0.68498898 -0.70621902 -5.23024082 119 155 78 0.000000 0.579369 -0.779259 -0.238931
-0.67506999 -0.46237800 -5.80967379 120 144 85 0.000000 -0.238299 -0.943556 0.230035
-0.72549099 -0.47808301 -5.77826405 114 154 79 0.000000 0.372063 -0.918313 -0.135169
-0.76351398 -0.51197302 -5.77082491 136 152 94 0.000000 0.768833 -0.452159 -0.452159
-0.65027201 -0.43344799 -5.73445606 135 165 119 0.000000 0.639507 -0.768784 0.001375
-0.69821399 -0.61033601 -5.42531395 129 164 96 0.000000 0.753083 -0.618994 -0.222963
-0.73458302 -0.54586297 -5.64518499 125 163 92 0.000000 0.679518 -0.679518 -0.276604
-0.81145501 -0.56818002 -5.72866917 115 153 70 0.000000 0.466539 -0.831657 -0.301144
-0.92304403 -0.59876400 -5.82041979 124 163 81 0.000000 0.393366 -0.883951 -0.252771
-0.66597700 -0.53594398 -5.51789093 137 174 91 0.000000 0.681224 -0.727704 -0.079888
-0.90072602 -0.59049797 -5.81959295 128 165 85 0.000000 0.531371 -0.832034 -0.159262
-0.73623699 -0.78143799 -5.19635201 130 154 96 0.000000 0.802097 -0.573356 -0.167041
-0.76682001 -0.68472803 -5.46664286 132 171 107 0.000000 0.706984 -0.605283 -0.365795
-0.77095300 -0.83681899 -5.12361193 96 99 91 0.000000 0.078675 -0.893031 -0.443065
-0.80153602 -0.73514998 -5.47242880 135 167 105 0.000000 0.721439 -0.469350 -0.509153
-0.81806803 -0.58471203 -5.70635223 112 152 71 0.000000 0.468360 -0.786002 -0.403535
-0.77012599 -0.50536001 -5.81959295 128 165 99 0.000000 0.481478 -0.866082 -0.134467
-0.85195798 -0.82359397 -5.50631905 116 119 94 0.000000 0.731782 -0.564798 -0.381443
-0.88584799 -0.77317202 -5.58897686 115 114 80 0.000000 0.222917 -0.435362 -0.872220
-0.75359499 -0.48717499 -5.85100317 114 117 112 0.000000 0.635499 -0.642171 -0.428670
-0.85113102 -0.60950899 -5.69891310 112 148 66 0.000000 0.571092 -0.674926 -0.467257
-0.83129299 -0.76160002 -5.50135899 131 167 93 0.000000 0.777502 -0.174976 -0.604048
-0.64117998 -0.44005999 -5.76173306 194 194 166 0.000000 0.745711 -0.594965 0.299888
-0.65357900 -0.68968803 -5.20544386 123 158 74 0.000000 0.619586 -0.619586 -0.481900
-0.62134200 -0.45989799 -5.56252718 135 174 108 0.000000 0.769480 -0.540410 -0.340378
-0.67010999 -0.42352900 -5.79810190 82 64 55 0.000000 0.903172 -0.047110 -0.426685
-0.66680402 -0.43262100 -5.75511980 152 66 69 0.000000 0.554953 0.831745 -0.015073
-0.86187702 -0.67563599 -5.61460114 122 161 75 0.000000 0.482183 -0.656911 -0.579627
-0.75690103 -0.68390203 -5.43936586 129 166 105 0.000000 0.878740 -0.356656 -0.317196
-0.85030502 -0.55660802 -5.84025812 123 157 92 0.000000 0.499443 -0.839489 -0.214047
-0.78169900 -0.63017398 -5.57079220 127 168 93 0.000000 0.554148 -0.719565 -0.418506
-0.68333501 -0.60289699 -5.40217018 127 164 88 0.000000 0.649761 -0.639790 -0.410463
-0.73954302 -0.52602500 -5.69560623 126 166 87 0.000000 0.674220 -0.680626 -0.286664
-0.67176300 -0.52354503 -5.55591393 144 166 94 0.000000 -0.589103 0.342426 0.731916
-0.92139101 -0.64339900 -5.75016022 132 163 102 0.000000 0.786362 -0.509768 -0.348958
-0.60398400 -0.41856900 -5.60054922 136 173 106 0.000000 0.823581 -0.481599 -0.299627
-0.63870001 -0.49626800 -5.53029013 134 171 111 0.000000 0.690135 -0.624564 -0.365559
-0.79905701 -0.68390203 -5.52285099 126 165 94 0.000000 0.712500 -0.529808 -0.460052
-0.66349798 -0.48800200 -5.61377478 136 173 100 0.000000 0.761097 -0.579199 -0.291993
-0.79079098 -0.53759700 -5.76173306 127 164 86 0.000000 0.617444 -0.723844 -0.307916
-0.80401599 -0.60206997 -5.65427685 115 154 70 0.000000 0.609366 -0.672462 -0.420081
-0.68002898 -0.48221600 -5.68072701 251 169 192 0.000000 0.699022 -0.680257 -0.220497
-0.93544298 -0.69134098 -5.66832876 117 156 71 0.000000 0.388389 -0.855694 -0.341968
-0.65936500 -0.44997901 -5.68238115 131 166 83 0.000000 -0.717354 0.572234 0.397431
-0.91560501 -0.61694902 -5.77661085 121 160 74 0.000000 0.586295 -0.643412 -0.492219
-0.54364300 -0.33508500 -5.65593004 160 199 143 0.000000 0.690306 -0.680829 0.244846
-0.89576697 -0.69795299 -5.62369299 124 164 58 0.000000 0.565486 -0.422870 -0.708101
-0.86931598 -0.63926601 -5.67411518 121 156 81 0.000000 0.588324 -0.681656 -0.434993
-0.62547499 -0.41774300 -5.76586485 77 96 68 0.000000 0.760963 -0.586212 -0.278014
-0.74946201 -0.79383701 -5.22197485 135 169 107 0.000000 0.801582 -0.572127 -0.173601
-0.77095300 -0.76986599 -5.34596300 131 167 110 0.000000 0.931683 -0.323520 -0.165231
-0.70152003 -0.53429002 -5.59807014 165 155 121 0.000000 0.700511 -0.675437 -0.230369
-0.65440500 -0.50701302 -5.55012798 134 172 103 0.000000 0.682397 -0.613000 -0.398202
-0.94949400 -0.70869899 -5.67163515 137 176 81 0.000000 -0.206870 0.841068 0.499809
-0.65027201 -0.43344799 -5.70717812 124 162 97 0.000000 0.702041 -0.710585 -0.046993
-0.70895898 -0.65497100 -5.35753393 130 166 91 0.000000 0.767140 -0.595275 -0.239048
-0.62878102 -0.41608900 -5.68568707 132 165 102 0.000000 0.697515 -0.688236 -0.199511
-0.61307597 -0.52685100 -5.41952801 152 181 90 0.000000 -0.349948 0.737332 0.577821
-0.57505298 -0.41691601 -5.52367687 131 164 105 0.000000 0.963639 -0.056244 -0.261220
-0.80649602 -0.55495501 -5.75016022 119 159 73 0.000000 0.532378 -0.721447 -0.442819
-0.66515100 -0.62025499 -5.31537914 127 158 84 0.000000 0.799300 -0.230359 -0.555026
-0.87840903 -0.71944499 -5.59807014 122 161 73 0.000000 0.753201 -0.397023 -0.524463
-0.75194198 -0.57892603 -5.61377478 131 170 91 0.000000 0.689048 -0.679544 -0.251859
-0.80153602 -0.62190801 -5.61873388 122 164 79 0.000000 0.717687 -0.617243 -0.322392
-0.53124499 -0.42931500 -5.43192720 136 177 83 0.000000 0.707090 0.006946 0.707090
-0.71887797 -0.73597598 -5.24181318 125 164 89 0.000000 0.666909 -0.610363 -0.427421
-0.51388597 -0.32433900 -5.52615690 138 178 76 0.000000 0.603774 -0.720949 -0.340132
-0.70069402 -0.57479298 -5.51045179 131 164 101 0.000000 0.698806 -0.643935 -0.311477
-0.51967198 -0.30450100 -5.54351521 128 167 89 0.000000 0.461153 -0.819299 -0.340714
-0.83955902 -0.63844001 -5.64353085 121 159 77 0.000000 0.610117 -0.633647 -0.475656
-0.77425897 -0.83681899 -5.24759912 60 74 50 0.000000 0.543073 -0.812315 0.212640
-0.65357900 -0.55495501 -5.44597912 127 166 81 0.000000 0.443506 -0.896224 0.009212
-0.55934799 -0.51941198 -5.35174799 133 171 75 0.000000 0.277976 -0.833928 -0.476752
-0.58414602 -0.53842300 -5.32447100 133 174 69 0.000000 -0.476193 0.839887 0.260442
-0.56761402 -0.49213499 -5.41787481 136 173 77 0.000000 -0.355365 0.134126 0.925055
-0.62878102 -0.43592700 -5.63691902 138 176 102 0.000000 0.751368 -0.587958 -0.299586
-0.95941299 -0.65827799 -5.79644918 98 101 81 0.000000 0.253141 -0.396937 -0.882248
-0.67093700 -0.60620302 -5.36084080 124 162 92 0.000000 0.713531 -0.602501 -0.357582
-0.79657698 -0.78391802 -5.41622210 138 175 106 0.000000 0.770327 -0.499979 -0.395749
-0.92139101 -0.65331799 -5.72619009 118 155 87 0.000000 0.799478 -0.594187 -0.088188
-0.72797102 -0.66323698 -5.39307690 132 162 109 0.000000 0.848579 -0.491124 -0.196750
-0.64861900 -0.48717499 -5.57492495 140 179 102 0.000000 0.893616 -0.434846 -0.111174
-0.80649602 -0.52354503 -5.84686995 119 158 85 0.000000 0.507192 -0.837246 0.204391
-0.85361099 -0.71117902 -5.57079220 109 148 72 0.000000 0.690389 -0.506508 -0.516538
-0.61307597 -0.57975203 -5.23354721 140 172 109 0.000000 0.878495 -0.133715 -0.458658
-0.68416202 -0.44501999 -5.74520111 104 130 69 0.000000 -0.799496 0.571935 0.183565
-0.67259002 -0.65001202 -5.29223490 129 167 80 0.000000 0.847208 -0.467267 -0.252784
-0.94288200 -0.71944499 -5.63939905 113 150 56 0.000000 0.373055 -0.603133 -0.705025
-0.80236298 -0.72027099 -5.48730803 127 165 99 0.000000 0.815363 -0.381354 -0.435605
-0.70565301 -0.75746697 -5.18395281 123 161 89 0.000000 0.680626 -0.674220 -0.286664
-0.96520001 -0.69547403 -5.70056581 116 152 86 0.000000 0.578669 -0.808970 -0.103490
-0.75938100 -0.73762900 -5.35505486 134 163 107 0.000000 0.822215 -0.497697 -0.276152
-0.93544298 -0.66323698 -5.75677299 139 169 110 0.000000 0.806656 -0.584429 -0.088025
-0.63374102 -0.63761300 -5.22858810 119 156 77 0.000000 0.790494 -0.467183 -0.396055
-0.74780899 -0.81532800 -5.15584898 134 168 98 0.000000 0.846726 -0.483194 -0.222663
-0.67506999 -0.56652701 -5.46995020 130 167 92 0.000000 0.577877 -0.785478 -0.221545
-0.57587999 -0.37393400 -5.60468197 138 176 116 0.000000 0.870269 -0.426839 -0.245847
-0.73210400 -0.68803501 -5.35836077 124 161 102 0.000000 0.823263 -0.436218 -0.363251
-0.74698198 -0.73762900 -5.31289911 137 173 109 0.000000 0.871417 -0.410703 -0.268245
-0.70317298 -0.71283197 -5.25007915 131 169 89 0.000000 0.825563 -0.443563 -0.348852
-0.82468098 -0.55412799 -5.78156996 117 156 85 0.000000 0.537559 -0.775047 -0.332163
-0.87758201 -0.80127603 -5.56252718 102 104 82 0.000000 0.834524 -0.510408 -0.207495
-0.83542597 -0.55660802 -5.80058193 136 167 92 0.000000 0.578220 -0.800496 -0.157696
-0.84865201 -0.76490700 -5.53029013 115 149 88 0.000000 0.798273 -0.284985 -0.530607
-0.55190903 -0.38633299 -5.50797176 148 183 116 0.000000 0.767140 -0.239048 -0.595275
-0.77095300 -0.56487399 -5.67742109 146 152 101 0.000000 0.552900 -0.815037 -0.173252
-0.53207099 -0.38385299 -5.45672417 137 175 104 0.000000 0.675437 -0.230369 -0.700511
-0.51058000 -0.47973600 -5.37902498 142 180 88 0.000000 -0.556125 0.656933 0.509081
-0.68664199 -0.47147000 -5.71131086 121 157 87 0.000000 0.483324 -0.783986 -0.389569
-0.74532902 -0.49130800 -5.78901005 125 162 98 0.000000 0.626469 -0.776245 -0.070568
-0.68416202 -0.67976898 -5.26909113 124 163 79 0.000000 0.665734 -0.743379 0.064704
-0.78252500 -0.55826098 -5.70635223 118 156 82 0.000000 0.649592 -0.649592 -0.395045
-0.70730603 -0.63430703 -5.38811779 129 164 97 0.000000 0.794969 -0.547227 -0.261854
-0.52380502 -0.34087101 -5.51789093 128 164 86 0.000000 0.554068 -0.655113 -0.513649
-0.67259002 -0.68224800 -5.24842596 136 174 76 0.000000 -0.729953 0.521395 0.441945
-0.63043398 -0.60289699 -5.25255919 131 163 97 0.000000 0.817536 -0.475973 -0.324168
-0.81889498 -0.61446899 -5.65427685 119 156 75 0.000000 0.619586 -0.619586 -0.481900
-0.66845697 -0.47477701 -5.65923595 133 170 88 0.000000 0.427419 -0.885473 0.182346
-0.93544298 -0.74506903 -5.61873388 126 150 65 0.000000 0.515568 -0.291682 -0.805674
-0.80566901 -0.82359397 -5.40547609 128 166 103 0.000000 0.922634 -0.062755 -0.380537
-0.72135800 -0.61281598 -5.47986794 133 167 107 0.000000 0.742742 -0.591294 -0.314175
-0.70648003 -0.68886101 -5.29802084 127 164 93 0.000000 0.766903 -0.583479 -0.267230
-0.72631800 -0.50949299 -5.70221901 114 156 86 0.000000 0.608728 -0.713174 -0.347611
-0.66515100 -0.44088700 -5.77495813 57 63 36 0.000000 0.929240 0.174669 -0.325583
-0.79244399 -0.57479298 -5.68651390 123 162 79 0.000000 0.611129 -0.721359 -0.325827
-0.76103401 -0.81698102 -5.22858810 144 178 123 0.000000 0.988261 -0.150906 0.023827
-0.58249301 -0.45163199 -5.49226713 118 159 80 0.000000 0.496968 -0.694416 -0.520394
-0.75194198 -0.64422601 -5.49805307 135 172 106 0.000000 0.672704 -0.672704 -0.308121
-0.59571803 -0.38633299 -5.70387220 135 174 112 0.000000 0.577415 -0.814592 -0.055059
-0.59323800 -0.52850401 -5.37819910 126 167 70 0.000000 -0.522217 0.782522 0.339040
-0.63456702 -0.41856900 -5.72453594 132 170 115 0.000000 0.773712 -0.633537 0.001374
-0.89328700 -0.73101699 -5.60054922 101 142 53 0.000000 0.546018 -0.465868 -0.696298
-0.77591300 -0.80706197 -5.31785917 147 179 118 0.000000 0.903544 -0.355853 -0.238700
-0.53537703 -0.52106500 -5.31207323 147 176 96 0.000000 0.023188 0.965344 0.259947
-0.68002898 -0.62025499 -5.35174799 136 158 94 0.000000 0.994673 -0.087602 -0.054336
-0.63952702 -0.65662402 -5.22280216 124 165 77 0.000000 0.751089 -0.458542 -0.474978
-0.61968899 -0.57562000 -5.28148890 138 172 114 0.000000 0.858899 -0.469172 -0.205356
-0.81228203 -0.72192401 -5.50549316 118 156 95 0.000000 0.746697 -0.387237 -0.540824
-0.58745199 -0.37972000 -5.66254282 140 177 116 0.000000 0.781725 -0.623436 -0.015273
-0.94866800 -0.68059498 -5.73445606 141 157 113 0.000000 0.458351 -0.874505 -0.158604
-0.71226603 -0.55743498 -5.56831312 142 177 113 0.000000 0.755174 -0.637602 -0.152241
-0.83542597 -0.58553898 -5.72371006 117 156 73 0.000000 0.300987 -0.808409 -0.505847
-0.70317298 -0.60537601 -5.44680500 131 168 98 0.000000 0.767140 -0.595275 -0.239048
-0.88171500 -0.62025499 -5.71792412 117 154 73 0.000000 0.490670 -0.808255 -0.325525
-0.73706299 -0.58223200 -5.57823181 137 177 106 0.000000 0.691280 -0.619033 -0.372733
-0.61059600 -0.55991399 -5.23685408 157 177 131 0.000000 0.915325 -0.300273 0.268360
-0.64283299 -0.61364198 -5.26991701 134 166 97 0.000000 0.854344 -0.370577 -0.364375
-0.68085599 -0.50370699 -5.62038708 138 174 107 0.000000 0.683033 -0.698592 -0.213156
-0.82054800 -0.76821297 -5.48069477 118 155 94 0.000000 0.777413 -0.349273 -0.523104
-0.59654498 -0.46981701 -5.49144077 130 169 82 0.000000 -0.799967 0.540095 0.261437
-0.76020700 -0.52850401 -5.73114920 119 159 77 0.000000 0.687277 -0.496645 -0.530089
-0.61720902 -0.56074101 -5.31868505 126 163 97 0.000000 0.779259 -0.579369 -0.238931
-0.80897599 -0.59049797 -5.68155384 120 159 77 0.000000 0.554036 -0.641604 -0.530460
-0.70895898 -0.47229701 -5.82124615 119 156 89 0.000000 0.459388 -0.883869 0.087968
-0.66515100 -0.50205398 -5.58815098 133 166 97 0.000000 0.736807 -0.633120 -0.237224
-0.75028902 -0.83103299 -5.11865282 141 165 109 0.000000 0.529978 -0.847692 0.023281
-0.71805203 -0.48882899 -5.72205687 117 158 78 0.000000 0.911026 -0.404446 -0.080345
-0.64861900 -0.56239402 -5.40795612 124 162 86 0.000000 0.560268 -0.791242 -0.245020
-0.75524801 -0.78474402 -5.26082516 134 169 104 0.000000 0.691767 -0.602613 -0.397890
-0.73623699 -0.81202197 -5.12939787 128 165 96 0.000000 0.515400 -0.823101 -0.238469
-0.74119598 -0.66323698 -5.43275404 135 171 112 0.000000 0.792807 -0.592739 -0.141839
-0.71143901 -0.59628397 -5.47821522 169 164 127 0.000000 0.720965 -0.648395 -0.244528
-0.92139101 -0.66902298 -5.69147301 119 152 79 0.000000 0.563613 -0.745528 -0.355709
-0.75028902 -0.55991399 -5.64601088 122 163 85 0.000000 0.626419 -0.704518 -0.333548
-0.78748500 -0.51362598 -5.85100317 127 163 92 0.000000 0.587687 -0.804280 0.088081
-0.89741999 -0.66902298 -5.65593004 113 153 69 0.000000 0.348727 -0.744492 -0.569317
-0.74202299 -0.77482599 -5.23685408 138 173 109 0.000000 0.777618 -0.588258 -0.221955
-0.50562102 -0.40617001 -5.41622210 176 202 137 0.000000 -0.022971 0.000999 0.999736
-0.86022401 -0.79135698 -5.53194284 131 169 105 0.000000 0.825738 -0.316140 -0.467132
-0.62795502 -0.48221600 -5.53855610 129 168 88 0.000000 0.883424 -0.464452 -0.062019
-0.62382197 -0.40947700 -5.74354792 155 192 141 0.000000 0.656487 -0.727543 0.199263
-0.69821399 -0.46320501 -5.75098705 120 140 76 0.000000 -0.780029 0.321942 0.536570
-0.78500497 -0.81532800 -5.35588121 146 173 113 0.000000 0.886716 -0.207342 -0.413213
-0.75938100 -0.81532800 -5.20792294 141 174 118 0.000000 0.864145 -0.484905 -0.134615
-0.82137400 -0.69051403 -5.55178118 113 150 81 0.000000 0.735561 -0.378429 -0.561909
-0.92139101 -0.69630003 -5.64849091 119 160 61 0.000000 0.618986 -0.625695 -0.474723
-0.55108303 -0.48304200 -5.41539478 147 185 84 0.000000 -0.625759 0.548171 0.554918
-0.67754900 -0.72853702 -5.17816591 128 166 82 0.000000 0.633073 -0.656335 -0.410417
-0.59571803 -0.43427399 -5.54516792 143 157 108 0.000000 0.618295 -0.594709 -0.513842
-0.57091999 -0.50370699 -5.40465021 131 169 73 0.000000 -0.579259 0.732641 0.357346
-0.77260602 -0.64670497 -5.53855610 135 138 99 0.000000 0.643220 -0.659755 -0.388577
-0.81889498 -0.64753199 -5.60220194 122 160 78 0.000000 0.546426 -0.815855 -0.189206
-0.75276798 -0.84177899 -5.08889580 176 200 171 0.000000 0.609214 -0.719684 0.333037
-0.80649602 -0.84425801 -5.38398504 141 148 100 0.000000 0.975719 -0.197127 -0.095464
-0.59654498 -0.39625099 -5.63774490 136 174 108 0.000000 0.774191 -0.583380 -0.245552
-0.82716101 -0.74506903 -5.50714588 119 157 92 0.000000 0.790494 -0.396055 -0.467183
-0.77921897 -0.67232901 -5.50631905 116 156 85 0.000000 0.804594 -0.536915 -0.253673
-0.86270303 -0.56487399 -5.87580109 154 189 130 0.000000 0.545129 -0.832795 -0.096368
-0.73045099 -0.67315602 -5.37241316 126 159 96 0.000000 0.776547 -0.301370 -0.553309
-0.72714400 -0.60950899 -5.50797176 129 164 90 0.000000 0.784632 -0.507514 -0.356065
-0.77178001 -0.85252398 -5.09385490 164 170 144 0.000000 0.324752 -0.849950 -0.414875
-0.65275198 -0.59628397 -5.33521700 124 162 83 0.000000 0.830793 -0.420914 -0.364162
-0.56265497 -0.52602500 -5.29306078 124 165 93 0.000000 0.252976 -0.924721 0.284420
-0.49983501 -0.45411199 -5.39969015 144 178 94 0.000000 -0.182070 0.619649 0.763469
-0.68994802 -0.59132499 -5.44763184 129 166 98 0.000000 0.695131 -0.633269 -0.340240
-0.62464797 -0.65745097 -5.20213699 137 140 88 0.000000 0.823067 -0.522655 -0.222243
-0.74202299 -0.48717499 -5.80554199 118 156 86 0.000000 0.577040 -0.805483 -0.134989
-0.50148797 -0.33425799 -5.48069477 69 73 59 0.000000 0.364613 -0.791869 0.489899
-0.69077498 -0.51114601 -5.63278580 242 184 187 0.000000 0.594357 -0.680930 -0.427871
-0.85939699 -0.59132499 -5.74354792 122 162 91 0.000000 0.667673 -0.683761 -0.294420
-0.77921897 -0.51445299 -5.80719519 127 166 96 0.000000 0.545464 -0.750624 -0.372870
-0.80153602 -0.76490700 -5.44019318 136 174 90 0.000000 0.841784 -0.252995 -0.476858
-0.78417802 -0.77234602 -5.38563824 137 172 112 0.000000 0.882181 -0.325333 -0.340464
-0.53537703 -0.33673799 -5.54930115 120 158 90 0.000000 0.848441 -0.412545 -0.331593
-0.58166599 -0.47229701 -5.46581602 128 166 80 0.000000 0.438407 -0.866268 -0.239542
-0.59902400 -0.52602500 -5.39555693 128 168 70 0.000000 -0.473868 0.838144 0.270120
-0.56100202 -0.35574901 -5.68072701 141 181 123 0.000000 0.443975 -0.862189 0.243959
-0.73623699 -0.58967102 -5.56252718 134 173 110 0.000000 0.671079 -0.654751 -0.347785
-0.59985101 -0.42600799 -5.57161903 126 160 68 0.000000 -0.753231 0.650850 0.095068
-0.71887797 -0.78639799 -5.14262295 121 158 90 0.000000 0.643412 -0.586295 -0.492219
-0.72714400 -0.53346401 -5.65427685 121 159 89 0.000000 0.713341 -0.632829 -0.301117
-0.68994802 -0.75416100 -5.15006304 116 153 90 0.000000 0.356391 -0.775674 -0.520879
-0.71226603 -0.51445299 -5.66998196 141 155 103 0.000000 0.672512 -0.712708 -0.199435
-0.66432399 -0.59215099 -5.37406588 128 164 84 0.000000 0.774410 -0.610739 -0.165187
-0.58745199 -0.39625099 -5.60468197 139 178 123 0.000000 0.818468 -0.522524 -0.238912
-0.60481000 -0.48469600 -5.49061394 123 159 69 0.000000 -0.682576 0.501450 0.531637
-0.72879702 -0.55743498 -5.61212206 135 174 102 0.000000 0.639226 -0.694528 -0.330185
-0.67754900 -0.45907199 -5.79314280 101 137 66 0.000000 0.055927 -0.981696 0.182060
-0.88088799 -0.58305901 -5.80636787 115 154 76 0.000000 0.516253 -0.855857 -0.031496
-0.78665799 -0.61777502 -5.60137606 123 158 82 0.000000 0.634748 -0.680673 -0.365759
-0.88584799 -0.64753199 -5.67742109 116 150 76 0.000000 0.634511 -0.714829 -0.293963
-0.73045099 -0.78391802 -5.17899323 128 162 96 0.000000 0.704526 -0.656815 -0.268769
-0.86270303 -0.56735402 -5.82703304 125 164 89 0.000000 0.474624 -0.869903 -0.134164
-0.66515100 -0.65083802 -5.27405024 122 160 80 0.000000 0.840893 -0.421229 -0.339802
-0.90155298 -0.64835900 -5.69891310 129 168 81 0.000000 0.572964 -0.683214 -0.452692
-0.51967198 -0.28796899 -5.62038708 95 98 93 0.000000 0.827914 -0.558947 0.046229
-0.65027201 -0.44501999 -5.66915607 132 172 98 0.000000 0.672399 -0.649495 -0.355014
-0.90155298 -0.58719200 -5.85761595 127 163 99 0.000000 0.589059 -0.746356 0.309778
-0.85609102 -0.68638098 -5.60220194 115 153 68 0.000000 0.682299 -0.491188 -0.541481
-0.53124499 -0.36897400 -5.46416283 133 171 105 0.000000 0.848093 -0.500539 -0.173777
-0.52132601 -0.30367401 -5.63774490 177 213 163 0.000000 0.641232 -0.651174 0.405948
-0.62299502 -0.44419301 -5.60798788 149 177 114 0.000000 0.856168 -0.466589 -0.221970
-0.75607502 -0.76656002 -5.29636812 135 164 106 0.000000 0.918313 -0.372063 -0.135169
-0.75276798 -0.69795299 -5.39886379 143 173 112 0.000000 0.770327 -0.499979 -0.395749
-0.94866800 -0.68968803 -5.68568707 121 159 73 0.000000 0.381343 -0.873595 -0.302340
-0.69738698 -0.66488999 -5.31455183 125 163 89 0.000000 0.705025 -0.603133 -0.373055
-0.86352998 -0.75994700 -5.55426121 116 155 78 0.000000 0.858805 -0.372922 -0.351259
-0.92139101 -0.63513303 -5.76586485 119 157 77 0.000000 0.681121 -0.466911 -0.563975
-0.64861900 -0.47643000 -5.60468197 137 173 100 0.000000 0.713174 -0.608728 -0.347611
-0.74780899 -0.54172999 -5.68072701 120 152 82 0.000000 0.650203 -0.663372 -0.370369
-0.75855398 -0.72771001 -5.36827993 150 167 120 0.000000 0.863690 -0.435640 -0.253491
-0.84947801 -0.56487399 -5.79810190 125 165 85 0.000000 0.556207 -0.826406 -0.087671
-0.75690103 -0.69547403 -5.41704798 136 172 106 0.000000 0.856870 -0.444473 -0.261185
-0.73458302 -0.75498801 -5.24594593 125 150 95 0.000000 0.616608 -0.777074 -0.126293
-0.71805203 -0.70869899 -5.28479481 121 159 92 0.000000 0.739220 -0.531778 -0.413239
-0.82798702 -0.54172999 -5.87001514 131 167 98 0.000000 0.460533 -0.879718 -0.118341
-0.64117998 -0.57148701 -5.36745405 126 163 81 0.000000 0.940146 -0.016449 -0.340376
-0.54198998 -0.34665701 -5.69064713 107 110 98 0.000000 0.510383 -0.858055 0.057018
-0.80484301 -0.53098398 -5.81215382 133 170 101 0.000000 0.651247 -0.699488 -0.294267
-0.65523201 -0.61364198 -5.30380678 133 162 100 0.000000 0.872220 -0.435362 -0.222917
-0.69904101 -0.58553898 -5.47821522 130 163 101 0.000000 0.720965 -0.648395 -0.244528
-0.50975400 -0.30284801 -5.52781010 142 181 79 0.000000 0.635761 0.223376 -0.738858
-0.75690103 -0.74424201 -5.33687019 136 172 109 0.000000 0.710507 -0.616206 -0.339808
-0.80649602 -0.65001202 -5.58649683 128 169 84 0.000000 0.618295 -0.513842 -0.594709
-0.53785700 -0.45659199 -5.42366123 138 177 83 0.000000 -0.706002 0.509056 0.492365
-0.59902400 -0.53759700 -5.36579990 135 172 75 0.000000 -0.484290 0.768015 0.419066
-0.67506999 -0.70374000 -5.21288300 118 159 73 0.000000 0.629668 -0.643030 -0.435924
-0.87344903 -0.78309101 -5.56087399 127 164 94 0.000000 0.816511 -0.246348 -0.522133
-0.73293000 -0.79714298 -5.15667486 134 170 100 0.000000 0.674900 -0.714871 -0.182946
-0.88584799 -0.68555498 -5.62699986 105 143 55 0.000000 0.528756 -0.623358 -0.576057
-0.67341602 -0.57727301 -5.43771315 129 156 95 0.000000 0.741429 -0.600509 -0.299454
-0.55356199 -0.49957401 -5.38646507 124 165 72 0.000000 0.301755 -0.507138 0.807313
-0.76268703 -0.85996300 -5.10790682 63 73 35 0.000000 -0.278848 0.867021 0.412939
-0.77260602 -0.67563599 -5.48813391 127 166 99 0.000000 0.804362 -0.465346 -0.369399
-0.87344903 -0.63099998 -5.69147301 121 161 77 0.000000 0.460052 -0.712500 -0.529808
-0.54281700 -0.33260500 -5.58071089 119 158 102 0.000000 0.816965 -0.554102 -0.159809
-0.82137400 -0.75498801 -5.48978806 118 155 91 0.000000 0.538726 -0.555614 -0.633299
-0.82468098 -0.70952600 -5.53607607 123 159 86 0.000000 0.761503 -0.420873 -0.492930
-0.75690103 -0.75829399 -5.31455183 134 170 104 0.000000 0.845406 -0.435888 -0.308690
-0.92552400 -0.68059498 -5.67494202 126 165 81 0.000000 0.514477 -0.839567 -0.174475
-0.69986701 -0.46403101 -5.78322411 111 149 89 0.000000 0.537150 -0.830141 0.149455
-0.78087199 -0.73184299 -5.42696714 138 174 102 0.000000 0.892791 -0.275737 -0.356222
-0.68002898 -0.41608900 -5.76421213 170 156 118 0.000000 0.239045 0.886398 0.396429
-0.86105001 -0.57892603 -5.77165222 110 148 73 0.000000 0.703767 -0.697765 -0.133551
-0.62051499 -0.52602500 -5.43771315 128 165 87 0.000000 0.683761 -0.667673 -0.294420
-0.75855398 -0.51693201 -5.74850702 115 156 78 0.000000 0.837736 -0.427480 -0.339792
-0.58331901 -0.38054600 -5.62617397 142 179 116 0.000000 0.745004 -0.626303 -0.229593
-0.73458302 -0.48386899 -5.83529806 134 169 108 0.000000 0.426112 -0.900489 0.086877
-0.56182802 -0.52767801 -5.32116508 134 171 72 0.000000 -0.474624 0.869903 0.134164
-0.68664199 -0.53429002 -5.56169987 138 173 101 0.000000 0.675721 -0.665999 -0.315985
-0.84617198 -0.80292898 -5.50135899 132 166 105 0.000000 0.849783 -0.167584 -0.499785
-0.63870001 -0.58967102 -5.30215406 131 167 100 0.000000 0.676660 -0.508754 -0.532261
-0.84038597 -0.55330199 -5.82207298 123 161 89 0.000000 0.531794 -0.841410 -0.096038
-0.72549099 -0.58305901 -5.55095387 125 161 93 0.000000 0.707165 -0.632727 -0.315554
-0.90320599 -0.59959000 -5.78818321 117 157 72 0.000000 0.530932 -0.761489 -0.371814
-0.67754900 -0.59215099 -5.41622210 126 164 73 0.000000 -0.615952 0.774811 0.142373
-0.71391898 -0.61694902 -5.44763184 164 156 122 0.000000 0.648144 -0.680796 -0.341214
-0.65357900 -0.53925002 -5.48152208 127 165 87 0.000000 0.743701 -0.561437 -0.362900
-0.83873302 -0.68720800 -5.57657909 105 144 67 0.000000 0.403535 -0.468360 -0.786002
-0.78913802 -0.80458200 -5.37654591 141 174 109 0.000000 0.966514 -0.143235 -0.212917
-0.74780899 -0.80788898 -5.18477917 132 168 100 0.000000 0.879687 -0.475325 0.014728
-0.70069402 -0.47808301 -5.71379089 108 150 66 0.000000 0.444283 -0.690552 -0.570746
-0.68168199 -0.51775903 -5.59476280 142 174 104 0.000000 0.762926 -0.563762 -0.316413
-0.79161799 -0.74920100 -5.43853998 133 170 110 0.000000 0.880149 -0.221150 -0.420037
-0.72135800 -0.75250798 -5.21618891 118 158 84 0.000000 0.701420 -0.609430 -0.369601
-0.75111502 -0.53346401 -5.70387220 118 157 75 0.000000 0.538984 -0.626844 -0.562639
-0.68746799 -0.46485800 -5.81876707 149 167 126 0.000000 0.388928 -0.870893 -0.300466
-0.68498898 -0.63678700 -5.33273697 127 164 95 0.000000 0.793348 -0.509211 -0.333621
-0.53041798 -0.31607300 -5.55508804 100 134 77 0.000000 0.716369 -0.301036 -0.629439
-0.79492402 -0.70374000 -5.49309397 140 175 122 0.000000 0.767656 -0.490583 -0.412350
-0.69077498 -0.50287998 -5.65097094 159 154 115 0.000000 0.621069 -0.705835 -0.340691
-0.81558800 -0.79135698 -5.45176506 128 165 110 0.000000 0.767790 -0.347526 -0.538261
-0.87675500 -0.57314003 -5.84025812 128 164 94 0.000000 0.381918 -0.911811 -0.150794
-0.76599401 -0.61612201 -5.57409906 127 166 92 0.000000 0.820840 -0.507400 -0.262234
-0.69408101 -0.73349601 -5.20296383 121 161 81 0.000000 0.561354 -0.713698 -0.418946
-0.56017500 -0.44088700 -5.46829700 131 167 80 0.000000 -0.902546 0.229659 0.364236
-0.90651202 -0.72771001 -5.61046791 103 143 46 0.000000 0.572136 -0.356974 -0.738397
-0.56761402 -0.35657600 -5.64105177 152 185 133 0.000000 0.723559 -0.690228 -0.006944
-0.65357900 -0.56156802 -5.42448807 127 167 74 0.000000 -0.632829 0.713341 0.301117
-0.75938100 -0.62273502 -5.55260801 118 155 83 0.000000 0.594263 -0.624566 -0.506723
-0.66349798 -0.63926601 -5.28396893 130 167 75 0.000000 -0.856104 0.357613 0.373094
-0.95362699 -0.68555498 -5.70635223 122 158 80 0.000000 0.657969 -0.696391 -0.286561
-0.73127699 -0.65249199 -5.42448807 129 164 106 0.000000 0.781739 -0.591296 -0.198123
-0.76103401 -0.79053098 -5.28644800 132 169 110 0.000000 0.798218 -0.569284 -0.196884
-0.65936500 -0.67976898 -5.22610807 116 157 70 0.000000 0.743021 -0.492601 -0.453061
-0.67176300 -0.64009303 -5.30380678 125 162 83 0.000000 0.749953 -0.593246 -0.292626
-0.61968899 -0.59380400 -5.24264002 127 164 100 0.000000 0.832484 -0.307691 -0.460756
-0.74780899 -0.59297800 -5.57740498 131 170 102 0.000000 0.715372 -0.604563 -0.350353
-0.76516700 -0.75746697 -5.33935022 139 167 114 0.000000 0.897080 -0.307953 -0.316879
-0.81806803 -0.62934703 -5.63030577 121 161 77 0.000000 0.547929 -0.697819 -0.461327
-0.77425897 -0.53346401 -5.74354792 114 155 73 0.000000 0.251734 -0.498835 -0.829333
-0.74367601 -0.76242697 -5.26743698 131 168 102 0.000000 0.842065 -0.507034 -0.183968
-0.58579898 -0.53346401 -5.35505486 128 168 68 0.000000 -0.458264 0.860936 0.220868
-0.76103401 -0.82772702 -5.18230009 150 171 117 0.000000 0.902739 -0.396289 -0.167386
-0.65605801 -0.58967102 -5.36084080 128 167 76 0.000000 -0.765959 0.600599 0.229320
-0.93378901 -0.63926601 -5.78074408 124 160 79 0.000000 0.811690 -0.324359 -0.485748
-0.68581498 -0.56487399 -5.49887991 135 170 104 0.000000 0.723806 -0.627937 -0.286007
-0.66432399 -0.69299400 -5.21536303 120 160 71 0.000000 0.642041 -0.665148 -0.381263
-0.59819800 -0.50122702 -5.44680500 129 167 82 0.000000 0.674771 -0.611770 -0.412821
-0.74698198 -0.51445299 -5.73114920 121 161 80 0.000000 0.539502 -0.586857 0.603769
-0.73210400 -0.65993100 -5.41126299 134 169 109 0.000000 0.768336 -0.556602 -0.315996
-0.79327101 -0.60868299 -5.62947893 131 171 83 0.000000 0.618332 -0.631737 -0.467519
-0.73458302 -0.48304200 -5.81959295 121 160 94 0.000000 0.387064 -0.922009 0.009001
-0.64696598 -0.63844001 -5.25586510 131 166 89 0.000000 0.730602 -0.532697 -0.427147
-0.57174700 -0.51114601 -5.39142418 128 168 68 0.000000 -0.515533 0.793251 0.324004
-0.91064501 -0.59876400 -5.81215382 111 147 71 0.000000 0.418466 -0.905999 -0.063650
-0.76103401 -0.83103299 -5.15254307 142 152 126 0.000000 0.205100 -0.949438 -0.237699
-0.51967198 -0.28962299 -5.54434204 149 182 115 0.000000 0.968653 -0.213692 -0.126680
-0.85030502 -0.77895802 -5.52367687 125 159 96 0.000000 0.878171 -0.451424 -0.158216
-0.81145501 -0.67150301 -5.56087399 125 163 83 0.000000 0.767121 -0.562128 -0.309091
-0.72631800 -0.63678700 -5.43440723 137 172 110 0.000000 0.891494 -0.435117 -0.126141
-0.54198998 -0.39129201 -5.46912289 131 169 99 0.000000 0.895384 -0.230830 -0.380795
-0.74036998 -0.65083802 -5.45589781 132 166 94 0.000000 0.904338 -0.286741 -0.316151
-0.65853798 -0.46981701 -5.64849091 136 169 96 0.000000 0.663077 -0.552285 -0.505282
-0.64531302 -0.55247498 -5.43275404 130 170 83 0.000000 0.634511 -0.714829 -0.293963
-0.83459997 -0.73845601 -5.52533102 128 165 98 0.000000 0.774410 -0.165187 -0.610739
-0.89741999 -0.66241097 -5.66915607 116 158 71 0.000000 0.357392 -0.799726 -0.482400
-0.73706299 -0.68638098 -5.37241316 132 170 112 0.000000 0.875945 -0.410177 -0.253919
-0.64613903 -0.42848799 -5.72123003 141 171 119 0.000000 0.600361 -0.799081 0.032187
-0.82550699 -0.81615502 -5.46499014 136 170 99 0.000000 0.924721 -0.252976 -0.284420
-0.88336802 -0.60785598 -5.75429296 134 166 91 0.000000 0.498574 -0.813131 -0.300402
-0.82550699 -0.83681899 -5.45259094 98 105 78 0.000000 0.887054 0.047691 -0.459197
-0.66845697 -0.54668897 -5.49887991 124 162 87 0.000000 0.707165 -0.632727 -0.315554
-0.88419503 -0.70374000 -5.61046791 102 139 51 0.000000 0.419906 -0.397553 -0.815862
-0.62795502 -0.56487399 -5.34182882 127 168 70 0.000000 -0.727627 0.646258 0.230024
-0.60150403 -0.54338300 -5.25503922 171 193 147 0.000000 0.720462 -0.674959 0.159260
-0.59406501 -0.38881201 -5.65014410 150 167 117 0.000000 0.753067 -0.656264 -0.046978
-0.79079098 -0.52354503 -5.80140781 124 164 87 0.000000 0.490652 -0.831167 -0.261578
-0.71557200 -0.50040102 -5.69808578 121 162 86 0.000000 0.611221 -0.690301 -0.387161
-0.66763002 -0.48717499 -5.62782717 141 179 109 0.000000 0.721471 -0.666092 -0.189213
-0.68002898 -0.72523099 -5.19221783 124 159 81 0.000000 0.744272 -0.600220 -0.292907
-0.59075803 -0.40451699 -5.59311008 140 177 108 0.000000 0.650343 -0.731054 -0.206433
-0.83790600 -0.60702997 -5.68651390 115 154 68 0.000000 0.570746 -0.690552 -0.444283
-0.79079098 -0.83103299 -5.36662722 142 174 121 0.000000 0.830580 -0.063673 -0.553248
-0.53620398 -0.33343101 -5.66832876 163 195 146 0.000000 0.525665 -0.748377 0.404484
-0.49404800 -0.42766199 -5.40795612 153 188 127 0.000000 -0.293883 0.150327 0.943946
-0.77012599 -0.73432302 -5.39638376 130 162 105 0.000000 0.658578 -0.594899 -0.460837
-0.89411402 -0.62604100 -5.72288322 123 163 85 0.000000 0.758669 -0.593947 -0.267672
-0.92304403 -0.75002801 -5.61294794 112 151 50 0.000000 0.556740 -0.244841 -0.793784
-0.83873302 -0.71779102 -5.54847479 110 146 71 0.000000 0.619132 -0.538155 -0.571896
-0.63126099 -0.54007697 -5.43027401 127 165 81 0.000000 0.616968 -0.650408 -0.443080
-0.73789001 -0.63182700 -5.48896122 135 171 110 0.000000 0.791242 -0.560268 -0.245020
-0.65936500 -0.65249199 -5.26082516 131 167 82 0.000000 0.716040 -0.594789 -0.365394
-0.90981901 -0.68968803 -5.64270496 114 152 64 0.000000 0.601079 -0.631386 -0.489955
-0.64944601 -0.46899101 -5.62038708 134 173 86 0.000000 -0.858558 0.382097 0.341876
-0.70069402 -0.72936398 -5.22032213 127 164 84 0.000000 0.770573 -0.570383 -0.284397
-0.77921897 -0.52354503 -5.77495813 138 155 101 0.000000 0.347877 -0.876528 -0.332686
-0.72549099 -0.56818002 -5.57740498 138 176 110 0.000000 0.689254 -0.616874 -0.379994
-0.87510198 -0.61116201 -5.72701597 116 156 74 0.000000 0.588272 -0.770245 -0.246290
-0.84038597 -0.58223200 -5.73693514 123 163 83 0.000000 0.586295 -0.643412 -0.492219
-0.77921897 -0.54420900 -5.72949600 116 157 75 0.000000 0.575633 -0.710881 -0.404097
-0.53455102 -0.32433900 -5.65262413 176 207 156 0.000000 0.595680 -0.791765 0.135179
-0.82550699 -0.54338300 -5.82207298 131 157 98 0.000000 0.562918 -0.825520 0.040508
-0.66680402 -0.55495501 -5.47490883 129 166 97 0.000000 0.707106 -0.659649 -0.254685
-0.76103401 -0.63595998 -5.53524923 163 170 117 0.000000 0.838213 -0.538341 0.087106
-0.71805203 -0.61281598 -5.46581602 189 164 140 0.000000 0.916785 -0.316183 -0.243995
-0.57422698 -0.47643000 -5.44928503 134 172 71 0.000000 -0.749813 0.534180 0.390425
-0.65027201 -0.71035200 -5.17734003 141 163 86 0.000000 0.403736 -0.893466 -0.196766
-0.69656098 -0.62604100 -5.37902498 132 161 98 0.000000 0.769965 -0.523576 -0.364720
-0.60563701 -0.41608900 -5.61460114 136 175 115 0.000000 0.823101 -0.515400 -0.238469
-0.72631800 -0.73514998 -5.25917101 153 169 121 0.000000 0.816015 -0.473764 -0.331160
-0.63126099 -0.52602500 -5.45920420 127 167 70 0.000000 -0.673059 0.688971 0.268905
-0.76103401 -0.69547403 -5.43192720 134 172 109 0.000000 0.842030 -0.517605 -0.151890
-0.94040197 -0.61364198 -5.83116484 122 159 71 0.000000 -0.531818 0.357239 0.767822
-0.61472899 -0.40451699 -5.75842619 68 83 56 0.000000 0.892791 -0.356222 -0.275737
-0.50066102 -0.33839101 -5.50383902 160 198 82 0.000000 0.175475 -0.965764 -0.191073
-0.68002898 -0.74093598 -5.16246080 125 163 82 0.000000 0.501450 -0.531637 -0.682576
-0.75359499 -0.49544099 -5.81794024 132 156 99 0.000000 0.592612 -0.805345 -0.015195
-0.63126099 -0.57644600 -5.31620502 132 169 87 0.000000 0.929058 -0.357330 -0.095738
-0.53455102 -0.31442001 -5.57161903 117 157 95 0.000000 0.754698 -0.539535 -0.373274
-0.75194198 -0.65662402 -5.47573614 136 174 109 0.000000 0.762600 -0.521950 -0.382113
-0.76433998 -0.64670497 -5.52037096 129 167 92 0.000000 0.690440 -0.594407 -0.412277
-0.55025601 -0.34996301 -5.58401823 151 178 117 0.000000 0.653921 -0.653921 -0.380493
-0.73706299 -0.51279902 -5.71296501 115 153 82 0.000000 0.751849 -0.599254 -0.274989
-0.86848998 -0.78474402 -5.54764795 122 159 93 0.000000 0.922474 0.119605 -0.367065
-0.74119598 -0.78391802 -5.21122980 125 160 98 0.000000 0.824795 -0.554227 -0.112009
-0.73458302 -0.73432302 -5.28231621 131 165 103 0.000000 0.860606 -0.506970 -0.048349
-0.69656098 -0.53511697 -5.58484411 225 188 173 0.000000 0.702041 -0.710585 -0.046993
-0.83790600 -0.54668897 -5.85348320 126 162 95 0.000000 0.506294 -0.858866 -0.077566
-0.94866800 -0.72936398 -5.63113308 125 157 62 0.000000 0.315198 -0.619081 -0.719298
-0.66680402 -0.46155101 -5.67907381 142 167 85 0.000000 -0.768432 0.474764 0.429082
-0.74284899 -0.71613801 -5.34100294 136 172 106 0.000000 0.776547 -0.553309 -0.301370
-0.75111502 -0.81532800 -5.17320681 131 166 102 0.000000 0.758822 -0.460538 -0.460538
-0.56844097 -0.44005999 -5.48069477 129 167 91 0.000000 0.704008 -0.595192 -0.387452
-0.77921897 -0.66241097 -5.52533102 141 162 99 0.000000 0.811657 -0.564436 -0.150417
-0.60894299 -0.44501999 -5.56169987 142 179 105 0.000000 0.656090 -0.718724 -0.230179
-0.76599401 -0.72192401 -5.40712881 132 169 83 0.000000 -0.046355 0.920470 0.388054
-0.65357900 -0.45493901 -5.77330399 88 89 78 0.000000 0.799726 -0.482400 0.357392
-0.91312498 -0.71283197 -5.62369299 109 150 54 0.000000 0.538456 -0.595846 -0.595846
-0.73293000 -0.56735402 -5.59559011 136 172 103 0.000000 0.780379 -0.544191 -0.308002
-0.52297902 -0.50783998 -5.33439016 144 179 67 0.000000 0.364132 -0.818899 -0.443636
-0.87262201 -0.66323698 -5.63691902 122 155 75 0.000000 0.464575 -0.711016 -0.527850
-0.76020700 -0.68059498 -5.45259094 126 162 88 0.000000 0.901707 -0.293682 -0.317295
-0.65027201 -0.57231301 -5.38729095 122 160 76 0.000000 -0.158447 0.986537 -0.040479
-0.53124499 -0.30780700 -5.59807014 146 183 126 0.000000 0.967214 -0.245859 -0.063649
-0.64861900 -0.66488999 -5.22941399 118 157 77 0.000000 0.673424 -0.633907 -0.380344
-0.86601001 -0.58884501 -5.76090622 126 155 81 0.000000 0.666071 -0.682199 -0.301587
-0.73127699 -0.70456600 -5.32281780 127 162 101 0.000000 0.807486 -0.482580 -0.339240
-0.62630099 -0.59132499 -5.25999784 139 174 106 0.000000 0.880157 -0.410939 -0.237598
-0.63952702 -0.47973600 -5.56748581 137 176 94 0.000000 0.766093 -0.641016 -0.046904
-0.81393498 -0.74672198 -5.48152208 122 159 95 0.000000 0.902546 -0.364236 -0.229659
-0.74450201 -0.69464701 -5.38481188 153 171 121 0.000000 0.824815 -0.522942 -0.214970
-0.71639901 -0.47973600 -5.74685383 143 159 113 0.000000 0.642124 -0.763333 -0.070706
-0.76929998 -0.60206997 -5.60220194 125 162 82 0.000000 0.745004 -0.626303 -0.229593
-0.94122899 -0.67232901 -5.77247810 97 98 87 0.000000 0.924050 -0.214334 -0.316533
-0.80153602 -0.54586297 -5.75925303 119 157 78 0.000000 0.546300 -0.765465 -0.340028
-0.61059600 -0.55247498 -5.25007915 164 194 140 0.000000 0.791522 -0.610682 -0.023648
-0.75938100 -0.71696502 -5.38729095 140 171 112 0.000000 0.842992 -0.364410 -0.395690
-0.71805203 -0.64422601 -5.39473104 132 161 103 0.000000 0.691818 -0.555121 -0.461767
-0.59241199 -0.54255599 -5.30876589 121 160 83 0.000000 0.732525 -0.620811 -0.279285
-0.64613903 -0.54503602 -5.45176506 128 167 82 0.000000 0.552890 -0.831446 -0.054867
-0.53372401 -0.49544099 -5.37406588 136 172 80 0.000000 -0.540410 0.769480 0.340378
-0.62960798 -0.55164897 -5.39307690 123 163 80 0.000000 0.524911 -0.832979 -0.174970
-0.77591300 -0.51527900 -5.79396915 129 167 92 0.000000 0.669003 -0.726650 -0.156252
-0.76103401 -0.55247498 -5.68155384 129 158 86 0.000000 0.563483 -0.736611 -0.374022
-0.91725802 -0.59793699 -5.85017681 123 159 94 0.000000 0.387120 -0.900379 0.198634
-0.76268703 -0.56900698 -5.65262413 114 154 73 0.000000 0.616239 -0.666070 -0.420239
-0.72879702 -0.71117902 -5.30545998 127 157 99 0.000000 0.706002 -0.509056 -0.492365
-0.74119598 -0.73349601 -5.30132723 127 161 101 0.000000 0.731782 -0.564798 -0.381443
-0.73954302 -0.74754798 -5.27983618 137 172 107 0.000000 0.831621 -0.484725 -0.271012
-0.78004497 -0.57314003 -5.67163515 159 161 103 0.000000 0.603133 -0.705025 -0.373055
-0.78417802 -0.58305901 -5.66006279 126 165 81 0.000000 0.659448 -0.682131 -0.315952
-0.81806803 -0.81202197 -5.44019318 149 182 111 0.000000 0.879960 0.001323 -0.475046
-0.61059600 -0.49296099 -5.48152208 130 169 76 0.000000 -0.698427 0.572346 0.429674
-0.72135800 -0.47808301 -5.82289886 122 162 95 0.000000 0.362027 -0.922406 0.134546
-0.75607502 -0.58719200 -5.60385609 137 174 104 0.000000 0.789440 -0.521509 -0.323750
-0.89411402 -0.58553898 -5.83033895 127 163 80 0.000000 0.450334 -0.885040 -0.117911
-0.88254100 -0.58553898 -5.79314280 114 149 74 0.000000 0.627307 -0.760970 -0.165560
-0.84451902 -0.55495501 -5.87662697 135 170 111 0.000000 0.574126 -0.794590 0.197499
-0.63704699 -0.69134098 -5.18891191 138 171 75 0.000000 0.223719 -0.491573 -0.841609
-0.92552400 -0.65166497 -5.74024200 130 162 97 0.000000 0.784215 -0.610599 -0.110349
-0.75276798 -0.81284797 -5.19635201 131 166 117 0.000000 0.785517 -0.515646 -0.342158
-0.76186103 -0.65497100 -5.50053310 129 166 101 0.000000 0.688180 -0.608965 -0.394424
-0.62299502 -0.53594398 -5.41870213 129 167 90 0.000000 0.649592 -0.649592 -0.395045
-0.63291401 -0.62852103 -5.23850679 138 174 91 0.000000 0.782966 -0.393915 -0.481451
-0.96933198 -0.62686801 -5.81298113 129 144 101 0.000000 0.631103 -0.711806 -0.308288
-0.87592900 -0.67646199 -5.62699986 116 146 72 0.000000 0.488782 -0.592921 -0.639951
-0.66845697 -0.45411199 -5.76669216 76 108 47 0.000000 -0.102726 -0.976519 0.189363
-0.79657698 -0.66902298 -5.54268885 123 158 83 0.000000 0.713894 -0.548258 -0.435625
-0.85857099 -0.73928201 -5.55591393 115 154 72 0.000000 0.735238 -0.490709 -0.467578
-0.83625299 -0.82524699 -5.47077608 139 145 120 0.000000 0.744588 -0.268306 -0.611229
-0.90899199 -0.58967102 -5.87166786 144 148 136 0.000000 0.307692 -0.610551 -0.729762
-0.74615598 -0.54834199 -5.65923595 116 158 83 0.000000 0.666027 -0.659481 -0.348559
-0.80071002 -0.82441998 -5.39307690 138 173 119 0.000000 0.880149 -0.221150 -0.420037
-0.78583199 -0.51279902 -5.83777809 121 156 92 0.000000 0.475516 -0.878819 -0.039513
-0.84865201 -0.65001202 -5.63526583 108 148 63 0.000000 0.608767 -0.595277 -0.524450
-0.95445400 -0.62604100 -5.80471516 117 157 63 0.000000 0.405219 -0.580538 -0.706239
-0.67672300 -0.46320501 -5.71461678 215 133 138 0.000000 0.611129 -0.721359 -0.325827
-0.58166599 -0.53429002 -5.33687019 129 170 70 0.000000 -0.520975 0.852630 0.040075
-0.66515100 -0.70869899 -5.19717789 129 167 75 0.000000 0.636067 -0.517964 -0.571954
-0.67093700 -0.59463102 -5.39059782 126 165 66 0.000000 -0.698872 0.689615 0.189760
-0.70234698 -0.76738602 -5.14758301 129 167 98 0.000000 0.636378 -0.636378 -0.435944
-0.70317298 -0.46733701 -5.80636787 111 151 84 0.000000 0.403362 -0.900027 0.165077
-0.65192503 -0.62438798 -5.28314209 129 160 83 0.000000 0.914948 -0.387783 -0.111781
-0.64613903 -0.52767801 -5.48565388 128 166 92 0.000000 0.752294 -0.610945 -0.246577
-0.67506999 -0.45328599 -5.75016022 119 132 88 0.000000 0.246413 -0.960878 -0.126466
-0.91643101 -0.76656002 -5.60964203 113 127 63 0.000000 0.181045 -0.165637 -0.969426
-0.55521500 -0.34996301 -5.66667604 153 191 135 0.000000 0.565064 -0.777160 0.276992
-0.69904101 -0.50618702 -5.66171598 127 165 92 0.000000 0.680796 -0.648144 -0.341214
-0.78665799 -0.65331799 -5.54847479 111 150 75 0.000000 0.650015 -0.592907 -0.475334
-0.75524801 -0.80540901 -5.21536303 138 172 110 0.000000 0.860738 -0.481131 -0.166262
-0.80814898 -0.81946099 -5.41952801 143 179 122 0.000000 0.911549 -0.340563 -0.230423
-0.80153602 -0.75085503 -5.45672417 133 166 103 0.000000 0.696622 -0.563615 -0.443909
-0.76103401 -0.49957401 -5.82785892 135 170 104 0.000000 0.591826 -0.806037 0.006866
-0.80980200 -0.83599198 -5.40547609 127 163 109 0.000000 0.826594 -0.428311 -0.365092
-0.74450201 -0.82028699 -5.12361193 125 160 96 0.000000 0.672704 -0.672704 -0.308121
-0.77508599 -0.76407999 -5.36579990 139 170 117 0.000000 0.864797 -0.388621 -0.317963
-0.83129299 -0.63678700 -5.63361311 118 158 76 0.000000 0.628536 -0.678027 -0.381081
-0.62795502 -0.50287998 -5.49887991 127 167 88 0.000000 0.666909 -0.610363 -0.427421
-0.56430799 -0.41691601 -5.49805307 141 178 116 0.000000 0.782522 -0.339040 -0.522217
-0.92304403 -0.59793699 -5.83447218 124 162 80 0.000000 0.564423 -0.825348 0.015106
-0.65027201 -0.45907199 -5.64766502 147 164 109 0.000000 0.885088 -0.404739 -0.229797
-0.69408101 -0.73928201 -5.19139194 126 163 86 0.000000 0.699488 -0.651247 -0.294267
-0.76929998 -0.51197302 -5.78239679 121 159 92 0.000000 0.604030 -0.755431 -0.253913
-0.59571803 -0.46155101 -5.50135899 128 168 90 0.000000 0.816015 -0.331160 -0.473764
-0.75111502 -0.62769401 -5.52533102 132 169 99 0.000000 0.675072 -0.588396 -0.445048
-0.72879702 -0.59711099 -5.53194284 137 171 102 0.000000 0.603133 -0.705025 -0.373055
-0.57257402 -0.53346401 -5.31703186 142 180 75 0.000000 -0.619697 0.777918 0.104015
-0.73045099 -0.62356102 -5.48234797 130 164 100 0.000000 0.686504 -0.701931 -0.189753
-0.70730603 -0.54751599 -5.58649683 144 168 109 0.000000 0.799081 -0.600361 -0.032187
-0.57174700 -0.36484101 -5.62286711 139 176 119 0.000000 0.785194 -0.602730 -0.142083
-0.69573402 -0.60206997 -5.43688583 123 160 95 0.000000 0.656920 -0.610116 -0.442961
-0.67506999 -0.67232901 -5.26413107 134 172 75 0.000000 -0.731678 0.516964 0.444292
-0.66928399 -0.53098398 -5.52946281 141 178 110 0.000000 0.623218 -0.688993 -0.369984
-0.79161799 -0.59959000 -5.64187813 119 160 75 0.000000 0.645066 -0.715147 -0.269175
-0.68994802 -0.57644600 -5.47738886 134 169 101 0.000000 0.646019 -0.741158 -0.182604
-0.76186103 -0.54255599 -5.70469904 125 164 82 0.000000 0.714829 -0.634511 -0.293963
-0.79988301 -0.52271801 -5.87580109 148 179 125 0.000000 0.767741 -0.577784 -0.277020
-0.81228203 -0.68968803 -5.54103613 128 154 88 0.000000 0.717859 -0.624295 -0.308115
-0.84699798 -0.71613801 -5.55921984 115 155 75 0.000000 0.673853 -0.405636 -0.617561
-0.75111502 -0.67150301 -5.45011091 138 175 114 0.000000 0.690240 -0.658061 -0.300874
-0.94949400 -0.63678700 -5.79479599 120 142 73 0.000000 0.665420 -0.213495 -0.715287
-0.58166599 -0.44005999 -5.50466585 118 157 87 0.000000 0.865778 -0.364457 -0.342928
-0.79575002 -0.53594398 -5.77330399 132 152 92 0.000000 0.554658 -0.792146 -0.254674
-0.78996402 -0.55578202 -5.72701597 120 161 78 0.000000 0.659755 -0.643220 -0.388577
-0.82137400 -0.57562000 -5.72619009 120 161 69 0.000000 0.531925 -0.705342 -0.468561
-0.61886197 -0.45989799 -5.55012798 128 167 103 0.000000 0.892858 -0.449766 -0.022688
-0.76682001 -0.83186001 -5.21040297 155 162 124 0.000000 0.462574 -0.881562 -0.094202
-0.73789001 -0.79383701 -5.18147278 134 146 95 0.000000 0.847394 -0.529449 -0.040089
-0.71143901 -0.48882899 -5.71131086 111 150 74 0.000000 0.590008 -0.683080 -0.430457
-0.81806803 -0.70952600 -5.52533102 121 161 94 0.000000 0.743021 -0.453061 -0.492601
-0.69160098 -0.52437103 -5.59889603 234 171 176 0.000000 0.763262 -0.515893 -0.388954
-0.95775998 -0.71365899 -5.65262413 115 152 65 0.000000 0.373353 -0.745076 -0.552693
-0.54777598 -0.33260500 -5.62369299 155 189 135 0.000000 0.846227 -0.529067 0.063151
-0.67754900 -0.51775903 -5.58236504 153 185 120 0.000000 0.751368 -0.587958 -0.299586
-0.57009399 -0.52437103 -5.35588121 138 177 75 0.000000 -0.483919 0.759507 0.434707
-0.57174700 -0.51941198 -5.37406588 130 170 70 0.000000 -0.577876 0.734147 0.356493
-0.75690103 -0.80540901 -5.23106813 148 179 116 0.000000 0.872455 -0.412791 -0.261585
-0.64696598 -0.60455000 -5.30132723 127 163 92 0.000000 0.761078 -0.547782 -0.347413
-0.75607502 -0.49378800 -5.83943081 124 163 97 0.000000 0.506970 -0.860606 -0.048349
-0.64861900 -0.49874800 -5.55756712 132 171 77 0.000000 -0.677031 0.614128 0.405556
-0.87427598 -0.73928201 -5.57740498 116 157 74 0.000000 0.749852 -0.338486 -0.568462
-0.69325399 -0.71944499 -5.22197485 125 164 82 0.000000 0.635717 -0.618944 -0.461272
-0.60977000 -0.39790499 -5.73197603 149 188 133 0.000000 0.604075 -0.789266 0.110233
-0.87014300 -0.71365899 -5.58980417 115 155 70 0.000000 0.690440 -0.412277 -0.594407
-0.66184402 -0.51693201 -5.54847479 146 160 100 0.000000 0.348846 -0.895125 -0.277593
-0.67672300 -0.43096799 -5.74768114 182 128 115 0.000000 -0.151485 0.601441 0.784424
-0.63126099 -0.42766199 -5.76090622 171 189 150 0.000000 0.774920 -0.498743 0.388272
-0.68085599 -0.45741799 -5.77413082 104 142 82 0.000000 0.437330 -0.841978 0.315936
-0.66019100 -0.58057898 -5.39473104 129 168 70 0.000000 -0.713064 0.584613 0.386998
-0.69821399 -0.51114601 -5.64518499 127 166 91 0.000000 0.609623 -0.743326 -0.275365
-0.52793801 -0.49792099 -5.36332083 125 162 71 0.000000 -0.134079 0.546628 0.826572
-0.83790600 -0.56900698 -5.75925303 121 158 80 0.000000 0.507266 -0.816308 -0.276265
-0.71557200 -0.58884501 -5.51789093 139 170 121 0.000000 0.846726 -0.483194 -0.222663
-0.79822999 -0.52189201 -5.85596323 136 173 110 0.000000 0.600804 -0.791768 0.110172
-0.66432399 -0.55991399 -5.45837688 123 159 89 0.000000 0.792127 -0.586929 -0.167478
-0.74946201 -0.58884501 -5.58897686 120 159 89 0.000000 0.692674 -0.596790 -0.405024
-0.62382197 -0.57727301 -5.29306078 138 172 107 0.000000 0.784598 -0.576407 -0.228388
-0.54198998 -0.43592700 -5.44184589 136 172 88 0.000000 0.830457 -0.143080 -0.538396
-0.58001298 -0.46320501 -5.47408199 132 171 83 0.000000 -0.261230 -0.230497 -0.937353
-0.71639901 -0.67976898 -5.32777786 122 159 88 0.000000 0.718888 -0.560237 -0.411502
-0.72218502 -0.62521398 -5.44349909 165 167 131 0.000000 0.789869 -0.609899 -0.064275
-0.53124499 -0.33508500 -5.53772879 130 168 89 0.000000 0.844149 -0.371175 -0.386836
-0.64613903 -0.43179399 -5.74602699 143 175 130 0.000000 0.704976 -0.683379 0.189742
-0.77425897 -0.81698102 -5.30876589 147 180 120 0.000000 0.863656 -0.302203 -0.403449
-0.57422698 -0.36649501 -5.64435816 158 192 138 0.000000 0.775048 -0.600087 0.197983
-0.51801902 -0.30863401 -5.65345001 165 174 153 0.000000 0.847259 -0.515913 0.126435
-0.53868401 -0.32268599 -5.59807014 139 177 119 0.000000 0.847295 -0.531080 0.006757
-0.62547499 -0.55082202 -5.38150501 131 170 84 0.000000 0.665999 -0.675721 -0.315985
-0.74450201 -0.72936398 -5.32447100 133 169 108 0.000000 0.826006 -0.530033 -0.191778
-0.86105001 -0.66737002 -5.62369299 117 157 81 0.000000 0.507271 -0.773061 -0.380858
-0.89576697 -0.67480898 -5.64518499 111 152 67 0.000000 0.530089 -0.687277 -0.496645
-0.84534502 -0.82359397 -5.49309397 148 158 117 0.000000 0.648789 -0.513976 -0.561161
-0.71143901 -0.69960701 -5.28975487 132 160 96 0.000000 0.729809 -0.593275 -0.339711
-0.71226603 -0.75416100 -5.19800377 122 161 86 0.000000 0.707028 -0.574564 -0.412295
-0.95693398 -0.70787197 -5.68403387 140 175 85 0.000000 -0.764126 0.340868 0.547650
-0.73623699 -0.48469600 -5.79396915 122 162 96 0.000000 0.467312 -0.872413 -0.143232
-0.71061301 -0.66406399 -5.34761620 128 163 92 0.000000 0.787328 -0.557887 -0.262443
-0.75028902 -0.83599198 -5.10377407 134 168 97 0.000000 0.357073 -0.846683 -0.394495
-0.76268703 -0.67398298 -5.47077608 127 166 97 0.000000 0.763225 -0.604025 -0.229436
-0.94288200 -0.67894202 -5.70304489 128 168 93 0.000000 0.449707 -0.851833 -0.268596
-0.64779299 -0.62934703 -5.26495695 139 172 78 0.000000 -0.812992 0.442434 0.378545
-0.62547499 -0.54255599 -5.40382290 125 164 85 0.000000 0.798692 -0.347327 -0.491380
-0.80236298 -0.52767801 -5.82372618 121 160 93 0.000000 0.686496 -0.726129 -0.038217
-0.85030502 -0.69960701 -5.57823181 117 156 74 0.000000 0.730451 -0.410570 -0.545777
-0.52463198 -0.35905501 -5.44928503 144 181 116 0.000000 0.986903 0.110448 0.117573
-0.79079098 -0.54338300 -5.74850702 117 158 73 0.000000 0.577513 -0.719012 -0.386654
-0.60233098 -0.51362598 -5.43192720 127 156 74 0.000000 -0.588230 0.737313 0.332196
-0.75276798 -0.57066000 -5.63113308 125 164 87 0.000000 0.563483 -0.736611 -0.374022
-0.53455102 -0.36566800 -5.49226713 138 174 105 0.000000 0.745992 -0.657709 0.104468
-0.76682001 -0.78639799 -5.31207323 140 167 110 0.000000 0.809633 -0.568972 -0.144100
-0.64531302 -0.58801800 -5.33025694 128 166 84 0.000000 0.722880 -0.483582 -0.493552
-0.64531302 -0.49874800 -5.54351521 128 168 76 0.000000 -0.800676 0.498234 0.332687
-0.52959102 -0.31111401 -5.63278580 162 202 143 0.000000 0.763393 -0.643533 0.055649
-0.74284899 -0.82359397 -5.11204004 128 164 96 0.000000 0.611129 -0.721359 -0.325827
-0.50231397 -0.47147000 -5.37572002 149 188 69 0.000000 0.507138 -0.807313 -0.301755
-0.52049899 -0.32847199 -5.67328787 142 145 129 0.000000 0.508908 -0.699123 0.502234
-0.97346503 -0.70208597 -5.69229984 89 88 69 0.000000 0.438172 -0.874859 -0.206461
-0.81476200 -0.53676999 -5.81876707 121 157 87 0.000000 0.465932 -0.879780 -0.094312
-0.65523201 -0.49296099 -5.58319092 132 171 80 0.000000 -0.636606 0.695219 0.333770
-0.86601001 -0.73349601 -5.57079220 111 152 76 0.000000 0.705390 -0.398124 -0.586448
-0.75442100 -0.68720800 -5.42614079 143 177 111 0.000000 0.822183 -0.513672 -0.245267
-0.78169900 -0.74341500 -5.42366123 131 166 96 0.000000 0.760062 -0.553506 -0.340495
-0.79657698 -0.53181100 -5.79479599 129 159 96 0.000000 0.660095 -0.722221 -0.206571
-0.86848998 -0.64753199 -5.65345001 121 160 75 0.000000 0.775292 0.631566 -0.006910
-0.84947801 -0.68472803 -5.59228420 125 163 78 0.000000 0.872584 -0.340781 -0.349950
-0.71805203 -0.56983298 -5.55756712 140 176 110 0.000000 0.767822 -0.531818 -0.357239
-0.54942900 -0.43179399 -5.45672417 138 168 99 0.000000 0.697859 -0.348112 -0.625948
-0.56596100 -0.36484101 -5.70469904 143 168 122 0.000000 0.593373 -0.799385 -0.094301
-0.73458302 -0.52767801 -5.68320799 116 155 86 0.000000 0.674630 -0.601337 -0.428099
-0.69325399 -0.54338300 -5.55756712 131 167 100 0.000000 0.719401 -0.629676 -0.293208
-0.70730603 -0.72192401 -5.24346590 129 167 86 0.000000 0.604563 -0.715372 -0.350353
-0.62051499 -0.40534401 -5.68899298 141 166 100 0.000000 0.729664 -0.680732 -0.064763
-0.65771103 -0.69878000 -5.19883108 122 163 75 0.000000 0.736494 -0.474997 -0.481617
-0.79492402 -0.72771001 -5.46581602 128 161 98 0.000000 0.728220 -0.314862 -0.608734
-0.82716101 -0.65001202 -5.61046791 120 162 68 0.000000 0.420768 -0.833656 -0.357731
-0.93131000 -0.69547403 -5.65510416 113 152 67 0.000000 0.366816 -0.738523 -0.565712
-0.77508599 -0.75498801 -5.38067913 134 167 109 0.000000 0.939746 -0.267904 -0.212380
-0.63126099 -0.43427399 -5.64849091 129 169 90 0.000000 0.691767 -0.602613 -0.397890
-0.84451902 -0.79135698 -5.50383902 131 167 92 0.000000 0.852026 -0.277868 -0.443668
-0.55604202 -0.46403101 -5.43853998 132 170 76 0.000000 -0.699488 0.651247 0.294267
-0.81145501 -0.53759700 -5.80471516 134 163 96 0.000000 0.436219 -0.890910 -0.126461
-0.80071002 -0.77151901 -5.43027401 137 172 105 0.000000 0.812197 -0.454766 -0.365409
-0.80649602 -0.69878000 -5.52037096 124 159 96 0.000000 0.610738 -0.627563 -0.482870
-0.78004497 -0.79218400 -5.36001396 138 172 114 0.000000 0.949704 -0.149105 -0.275374
-0.61638200 -0.42600799 -5.62699986 136 176 101 0.000000 0.744341 -0.658512 -0.110985
-0.64035302 -0.42352900 -5.73362923 138 173 123 0.000000 0.632558 -0.774362 -0.015293
-0.77343303 -0.83020598 -5.29967403 155 180 126 0.000000 0.899660 -0.324589 -0.291982
-0.95858699 -0.71613801 -5.66998196 120 149 75 0.000000 -0.800676 0.332687 0.498234
-0.64117998 -0.54420900 -5.44101906 128 167 78 0.000000 -0.332687 0.498234 0.800676
-0.91229802 -0.60702997 -5.78653002 121 161 72 0.000000 0.580650 -0.563721 -0.587421
-0.68994802 -0.61198902 -5.39803696 127 164 86 0.000000 0.610859 -0.705845 -0.358655
-0.59075803 -0.53759700 -5.27405024 138 176 122 0.000000 0.382080 -0.904015 0.191761
-0.75442100 -0.64339900 -5.50962496 132 170 91 0.000000 0.902841 -0.426379 -0.055497
-0.56017500 -0.35244301 -5.65510416 152 187 127 0.000000 0.746769 -0.650991 0.136184
-0.61307597 -0.54090297 -5.37654591 133 169 86 0.000000 0.672512 -0.712708 -0.199435
-0.83708000 -0.60041702 -5.69725895 124 162 72 0.000000 0.613000 -0.682397 -0.398202
-0.74532902 -0.78391802 -5.22693491 138 170 105 0.000000 0.917618 -0.341074 -0.204074
-0.62382197 -0.43510100 -5.62617397 139 175 113 0.000000 0.705167 -0.673896 -0.220462
-0.80732298 -0.63678700 -5.60054922 124 160 84 0.000000 0.746076 -0.642327 -0.175458
-0.75938100 -0.53346401 -5.71957684 126 166 86 0.000000 0.617715 -0.696363 -0.365386
-0.77095300 -0.77895802 -5.33852291 135 171 114 0.000000 0.983674 -0.119783 -0.134302
-0.91312498 -0.64422601 -5.73032188 124 161 86 0.000000 0.403140 -0.895058 -0.190655
-0.53124499 -0.51279902 -5.34100294 130 169 82 0.000000 -0.245464 0.935570 0.253880
-0.64035302 -0.64257300 -5.23685408 134 170 92 0.000000 0.806450 -0.570051 -0.157101
-0.61059600 -0.56156802 -5.28396893 144 177 118 0.000000 0.671779 -0.740750 0.001379
-0.72714400 -0.60124397 -5.52119780 139 174 101 0.000000 0.689254 -0.616874 -0.379994
-0.56596100 -0.39707801 -5.52698421 137 175 110 0.000000 0.712239 -0.618139 -0.332595
-0.75855398 -0.70869899 -5.39721107 139 169 112 0.000000 0.731939 -0.651473 -0.199620
-0.59819800 -0.54751599 -5.28892899 132 169 109 0.000000 0.674190 -0.738398 0.015354
-0.61224997 -0.55826098 -5.25999784 160 191 138 0.000000 0.822094 -0.569351 0.001359
-0.76929998 -0.75994700 -5.35174799 140 172 113 0.000000 0.909774 -0.293523 -0.293523
-0.54281700 -0.46651101 -5.42035484 139 179 81 0.000000 -0.698439 0.555084 0.451735
-0.61307597 -0.57975203 -5.22197485 121 124 94 0.000000 0.840893 -0.339802 -0.421229
-0.66019100 -0.52685100 -5.52202415 135 172 84 0.000000 -0.744577 0.632657 0.212958
-0.73045099 -0.74424201 -5.24677277 147 163 118 0.000000 0.840599 -0.482311 -0.246514
-0.89080697 -0.60785598 -5.76421213 113 148 70 0.000000 0.553309 -0.776547 -0.301370
-0.74202299 -0.63265401 -5.49970579 136 172 104 0.000000 0.696556 -0.674443 -0.244821
-0.92552400 -0.60537601 -5.81132698 120 155 71 0.000000 0.386517 -0.860808 -0.331080
-0.82302803 -0.60785598 -5.66584921 149 163 102 0.000000 0.529321 -0.745638 -0.404775
-0.63374102 -0.51941198 -5.47656202 131 165 89 0.000000 0.895018 -0.395677 -0.205869
-0.82550699 -0.53925002 -5.84108400 120 157 90 0.000000 0.729664 -0.680732 -0.064763
-0.52711201 -0.28962299 -5.56665897 141 175 120 0.000000 0.815326 -0.577581 0.040557
-0.94453502 -0.62190801 -5.80058193 120 160 65 0.000000 0.531925 -0.468561 -0.705342
-0.65440500 -0.51610601 -5.52781010 154 161 107 0.000000 0.592842 -0.586086 -0.552306
-0.58001298 -0.37310699 -5.65675688 152 189 132 0.000000 0.698221 -0.715147 0.032443
-0.95858699 -0.68638098 -5.73362923 148 155 137 0.000000 0.730157 -0.587052 0.349630
-0.54364300 -0.48386899 -5.40547609 138 179 78 0.000000 -0.632693 0.578703 0.514590
-0.66432399 -0.57727301 -5.41291618 129 166 96 0.000000 0.780558 -0.533729 -0.325366
-0.87096900 -0.57148701 -5.87166786 145 179 120 0.000000 0.562444 -0.814728 0.140982
-0.91395199 -0.62604100 -5.76503897 123 160 75 0.000000 0.657969 -0.696391 -0.286561
-0.90816498 -0.63430703 -5.74106789 122 161 83 0.000000 0.769480 -0.540410 -0.340378
-0.90320599 -0.59711099 -5.80058193 116 154 71 0.000000 0.489683 -0.821353 -0.292558
-0.62051499 -0.56239402 -5.32943106 126 165 82 0.000000 0.459892 -0.874811 -0.152330
-0.83294702 -0.64339900 -5.62451982 117 159 72 0.000000 0.563975 -0.681121 -0.466911
-0.86105001 -0.60785598 -5.71461678 120 161 76 0.000000 0.572100 -0.704761 -0.419540
-0.75028902 -0.72523099 -5.34926891 129 167 107 0.000000 0.799488 -0.520855 -0.299214
-0.85361099 -0.56074101 -5.82868624 120 159 84 0.000000 0.528287 -0.829305 -0.182116
-0.77673900 -0.79053098 -5.34348202 138 173 116 0.000000 0.890460 -0.318770 -0.324756
-0.71226603 -0.53263700 -5.62782717 130 169 96 0.000000 0.596737 -0.747122 -0.292769
-0.70234698 -0.65083802 -5.34926891 127 164 87 0.000000 0.869519 -0.403542 -0.284764
-0.85030502 -0.75250798 -5.53772879 127 159 99 0.000000 0.830658 -0.214904 -0.513637
-0.67010999 -0.54338300 -5.51045179 130 168 91 0.000000 0.593703 -0.736062 -0.325161
-0.68581498 -0.47312301 -5.68403387 183 196 131 0.000000 -0.563975 0.681121 0.466911
-0.66267103 -0.62521398 -5.30463409 124 159 81 0.000000 0.570981 -0.213925 -0.792601
-0.67424297 -0.69712698 -5.22197485 122 160 76 0.000000 0.642876 -0.682135 -0.348429
-0.77756602 -0.61116201 -5.60220194 117 153 79 0.000000 0.695314 -0.673140 -0.251834
-0.65688503 -0.56074101 -5.43523312 130 169 80 0.000000 -0.735527 0.514043 0.441316
-0.71143901 -0.60372299 -5.46581602 144 166 112 0.000000 0.641895 -0.690646 -0.333135
-0.67176300 -0.42352900 -5.76255894 185 104 108 0.000000 0.717162 0.606579 0.343132
-0.89328700 -0.58884501 -5.80884790 123 159 81 0.000000 0.665528 -0.729201 -0.159181
-0.76764703 -0.83516598 -5.18891191 106 100 93 0.000000 0.262671 -0.863929 0.429687
-0.81972098 -0.54834199 -5.78983593 120 159 84 0.000000 0.483194 -0.846726 -0.222663
-0.64696598 -0.54090297 -5.46829700 127 167 81 0.000000 0.617444 -0.723844 -0.307916
-0.77425897 -0.55330199 -5.70056581 118 158 88 0.000000 0.562648 -0.769855 -0.301248
-0.75111502 -0.76490700 -5.28644800 127 164 102 0.000000 0.769965 -0.523576 -0.364720
-0.84947801 -0.64339900 -5.64518499 108 145 63 0.000000 0.466891 -0.712799 -0.523384
-0.64035302 -0.47147000 -5.58815098 133 173 94 0.000000 0.798273 -0.530607 -0.284985
-0.90403301 -0.70539302 -5.62451982 109 150 54 0.000000 0.538343 -0.461675 -0.705013
-0.52463198 -0.45989799 -5.40960884 131 171 76 0.000000 -0.610684 0.405467 0.680192
-0.87096900 -0.76077402 -5.56252718 118 156 83 0.000000 0.719012 -0.386654 -0.577513
-0.67341602 -0.60455000 -5.37158585 124 164 81 0.000000 0.867535 -0.488254 0.094820
-0.79409701 -0.65497100 -5.55674124 126 166 90 0.000000 0.748816 -0.557145 -0.358977
-0.67506999 -0.49544099 -5.62782717 132 170 100 0.000000 0.692196 -0.666618 -0.276559
-0.70978600 -0.48138899 -5.72205687 111 152 79 0.000000 0.506804 -0.617930 -0.601093
-0.73458302 -0.61777502 -5.50797176 130 165 100 0.000000 0.691280 -0.619033 -0.372733
-0.66019100 -0.71613801 -5.17816591 131 169 77 0.000000 0.500851 -0.787511 -0.359131
-0.60481000 -0.39377201 -5.68568707 136 172 110 0.000000 0.759534 -0.633196 -0.148899
-0.74119598 -0.81284797 -5.13931704 126 157 97 0.000000 0.886398 -0.442483 -0.136039
-0.60894299 -0.55743498 -5.29802084 130 165 109 0.000000 0.672185 -0.736065 -0.079849
-0.92965698 -0.70291299 -5.64518499 109 150 55 0.000000 0.514754 -0.626144 -0.585638
-0.71805203 -0.63017398 -5.42366123 201 166 151 0.000000 0.616214 -0.742942 -0.261376
-0.77921897 -0.50949299 -5.82951212 123 159 89 0.000000 0.465237 -0.807370 -0.362917
-0.81393498 -0.63678700 -5.61377478 123 159 70 0.000000 0.610041 -0.650154 -0.452935
-0.76186103 -0.84673798 -5.08228302 142 142 112 0.000000 0.746964 -0.603623 0.278718
-0.53703099 -0.42352900 -5.43936586 136 175 80 0.000000 0.617751 0.746646 0.246786
-0.71805203 -0.52767801 -5.65179682 127 166 96 0.000000 0.707712 -0.650200 -0.276375
-0.95114797 -0.69547403 -5.67659521 112 149 68 0.000000 0.428311 -0.826594 -0.365092
-0.94866800 -0.61033601 -5.82207298 115 150 66 0.000000 0.486998 -0.810606 -0.325194
-0.71970499 -0.56570101 -5.56831312 139 176 109 0.000000 0.704211 -0.646462 -0.293555
-0.53951001 -0.51858503 -5.30215406 139 147 103 0.000000 0.235983 -0.955933 -0.174654
-0.85113102 -0.62686801 -5.67080879 118 159 67 0.000000 0.585562 -0.720060 -0.372332
-0.65523201 -0.60455000 -5.32199097 129 164 96 0.000000 0.745917 -0.546788 -0.380303
-0.59985101 -0.38881201 -5.74520111 61 66 56 0.000000 0.777088 -0.461040 -0.428458
-0.52463198 -0.43592700 -5.42614079 142 180 90 0.000000 -0.577821 0.349948 0.737332
-0.72631800 -0.78474402 -5.16494083 126 165 90 0.000000 0.619081 -0.719298 -0.315198
-0.88254100 -0.76986599 -5.57905817 130 164 97 0.000000 0.884345 0.031053 -0.465800
-0.53372401 -0.30698100 -5.58401823 143 181 119 0.000000 0.844020 -0.433668 -0.315536
-0.74036998 -0.76656002 -5.24429321 130 165 100 0.000000 0.847170 -0.427471 -0.315551
-0.76764703 -0.82524699 -5.26743698 144 177 125 0.000000 0.990809 0.001100 -0.135260
-0.85443801 -0.55743498 -5.85844183 124 161 93 0.000000 0.658132 -0.752747 0.015305
-0.55190903 -0.52354503 -5.29471397 129 167 85 0.000000 0.413284 -0.858831 0.302665
-0.86435699 -0.75002801 -5.55921984 119 158 85 0.000000 0.695314 -0.251834 -0.673140
-0.58414602 -0.53511697 -5.29636812 126 163 96 0.000000 0.702041 -0.710585 -0.046993
-0.94784099 -0.68142200 -5.74520111 94 97 88 0.000000 0.798373 -0.512673 0.315857
-0.71557200 -0.77151901 -5.16659498 126 163 94 0.000000 0.754858 -0.564123 -0.334595
-0.62051499 -0.54172999 -5.39307690 126 166 63 0.000000 -0.653099 0.629833 0.420443
-0.91312498 -0.72357702 -5.61790800 106 145 53 0.000000 0.435501 -0.458337 -0.774768
-0.76268703 -0.82441998 -5.21701622 148 180 125 0.000000 0.995076 -0.047385 -0.087055
-0.82054800 -0.83351302 -5.43936586 160 181 128 0.000000 0.970564 -0.237466 0.040186
-0.85526401 -0.58471203 -5.75098705 117 156 83 0.000000 0.588230 -0.737313 -0.332196
-0.53372401 -0.31359300 -5.61212206 160 194 136 0.000000 0.913736 -0.404484 0.038459
-0.72053200 -0.55578202 -5.59641600 133 169 101 0.000000 0.563578 -0.783358 -0.262166
-0.78913802 -0.72357702 -5.45672417 131 169 99 0.000000 0.723348 -0.541270 -0.428712
-0.66349798 -0.44832599 -5.78570318 63 75 44 0.000000 0.827644 0.515556 -0.221827
-0.82716101 -0.77234602 -5.48978806 127 162 97 0.000000 0.936929 -0.247148 -0.247148
-0.54529601 -0.38881201 -5.47904205 136 174 73 0.000000 -0.754278 0.491349 0.435477
-0.81806803 -0.55247498 -5.77330399 126 159 89 0.000000 0.588258 -0.777618 -0.221955
-0.54529601 -0.45328599 -5.43605995 129 169 78 0.000000 -0.569317 -0.744492 -0.348727
-0.73540998 -0.76656002 -5.22776079 134 167 105 0.000000 0.807816 -0.443099 -0.388711
-0.85278499 -0.78805101 -5.51871777 129 165 96 0.000000 0.806209 -0.243882 -0.539026
-0.77260602 -0.74341500 -5.39142418 136 170 111 0.000000 0.888302 -0.332174 -0.317143
-0.72383797 -0.50122702 -5.71131086 113 153 83 0.000000 0.612056 -0.612056 -0.500773
-0.72301102 -0.65827799 -5.37902498 158 161 120 0.000000 0.656933 -0.509081 -0.556125
-0.84369200 -0.55991399 -5.80636787 130 168 91 0.000000 0.504694 -0.829908 -0.237774
-0.69904101 -0.74920100 -5.18312597 117 156 88 0.000000 0.798859 -0.538328 -0.268379
-0.88006198 -0.57727301 -5.85926914 141 179 114 0.000000 0.602883 -0.776880 0.181628
-0.59654498 -0.48717499 -5.46829700 134 173 81 0.000000 -0.538831 0.515331 0.666405
-0.73623699 -0.57562000 -5.58649683 137 175 103 0.000000 0.738523 -0.565712 -0.366816
-0.95197397 -0.68224800 -5.72453594 128 162 101 0.000000 0.498342 -0.861032 0.101382
-0.74615598 -0.61777502 -5.53277016 131 158 98 0.000000 0.760475 -0.634974 -0.135959
-0.77012599 -0.51858503 -5.76586485 125 154 77 0.000000 -0.664677 0.591010 0.457070
-0.89080697 -0.74341500 -5.59641600 102 135 65 0.000000 0.664707 -0.409433 -0.624924
-0.83129299 -0.68638098 -5.56913900 121 160 75 0.000000 0.451299 -0.691103 -0.564540
-0.65192503 -0.65993100 -5.24015999 125 162 77 0.000000 0.631830 -0.497040 -0.594763
-0.81310898 -0.52933103 -5.84108400 120 159 93 0.000000 0.553416 -0.822007 -0.134296
-0.68333501 -0.46568400 -5.70056581 183 190 132 0.000000 -0.621707 0.684372 0.380940
-0.51884598 -0.27970400 -5.56996584 145 164 130 0.000000 0.604025 -0.763225 -0.229436
-0.88254100 -0.63430703 -5.69560623 122 161 83 0.000000 0.580359 -0.756225 -0.302170
-0.69077498 -0.60289699 -5.42531395 133 169 96 0.000000 0.741502 -0.625003 -0.244019
-0.73375702 -0.48965499 -5.76338577 124 144 84 0.000000 0.632729 -0.688317 -0.354786
-0.79327101 -0.66984999 -5.53277016 127 152 88 0.000000 0.619081 -0.719298 -0.315198
-0.62878102 -0.49957401 -5.50879908 126 165 69 0.000000 -0.744251 0.593150 0.307024
-0.69325399 -0.60868299 -5.41622210 129 165 97 0.000000 0.635568 -0.652163 -0.413202
-0.73458302 -0.48552200 -5.77330399 112 152 78 0.000000 0.751187 -0.609453 -0.253545
-0.68912202 -0.51610601 -5.60633516 174 174 133 0.000000 0.722390 -0.626285 -0.293121
-0.54447001 -0.34169701 -5.57575178 134 163 108 0.000000 0.871526 -0.380053 -0.309842
-0.68664199 -0.52602500 -5.58484411 163 153 113 0.000000 0.585387 -0.806885 -0.079106
-0.82220101 -0.53925002 -5.83116484 116 155 81 0.000000 0.536374 -0.843658 -0.023321
-0.78583199 -0.76160002 -5.40217018 139 171 109 0.000000 0.950650 -0.244762 -0.190671
-0.64283299 -0.58967102 -5.31868505 126 163 95 0.000000 0.705821 -0.664767 -0.244748
-0.75855398 -0.77730501 -5.29388809 131 167 107 0.000000 0.831397 -0.354961 -0.427530
-0.85857099 -0.56239402 -5.84273815 122 152 88 0.000000 0.552890 -0.831446 -0.054867
-0.61803597 -0.52023900 -5.44597912 127 162 80 0.000000 0.831807 -0.444993 -0.331779
-0.72053200 -0.66488999 -5.36497402 144 156 110 0.000000 0.675920 -0.626342 -0.388365
-0.54860300 -0.33425799 -5.64683819 158 195 136 0.000000 0.737682 -0.667006 0.104542
-0.88832802 -0.66406399 -5.65675688 116 157 63 0.000000 0.429280 -0.785663 -0.445479
-0.67341602 -0.71117902 -5.20296383 128 166 78 0.000000 0.614381 -0.607648 -0.503288
-0.80649602 -0.79053098 -5.43357992 133 168 111 0.000000 0.940014 -0.008809 -0.341022
-0.58579898 -0.37889299 -5.69725895 146 185 125 0.000000 0.640577 -0.767863 0.006918
-0.88419503 -0.73432302 -5.59311008 126 163 94 0.000000 0.752462 -0.355916 -0.554189
-0.73458302 -0.75994700 -5.23685408 134 162 102 0.000000 0.698439 -0.555084 -0.451735
-0.73127699 -0.76903898 -5.21205616 143 164 110 0.000000 0.845406 -0.435888 -0.308690
-0.77260602 -0.83847201 -5.23024082 109 118 86 0.000000 0.166583 -0.909800 -0.380151
-0.93296301 -0.67398298 -5.69973898 119 158 78 0.000000 0.711640 -0.624103 -0.322589
-0.80071002 -0.79301000 -5.41870213 140 172 106 0.000000 0.847170 -0.427471 -0.315551
-0.74698198 -0.54586297 -5.66915607 144 159 97 0.000000 0.696713 -0.664827 -0.269438
-0.86848998 -0.61446899 -5.71213818 123 160 79 0.000000 0.492477 -0.786349 -0.372991
-0.88584799 -0.71696502 -5.60468197 112 152 61 0.000000 0.405024 -0.395494 -0.824342
-0.84203899 -0.56239402 -5.79149008 121 157 82 0.000000 0.698448 -0.660089 -0.276502
-0.69490802 -0.64753199 -5.34017706 123 162 84 0.000000 0.687027 -0.654696 -0.315224
-0.89494002 -0.62356102 -5.73776197 122 161 81 0.000000 0.579409 -0.815008 0.006849
-0.87014300 -0.77151901 -5.56087399 115 153 86 0.000000 0.745004 -0.229593 -0.626303
-0.75442100 -0.73680300 -5.34348202 140 175 108 0.000000 0.871120 -0.449658 -0.197375
-0.67010999 -0.49544099 -5.61625385 137 175 101 0.000000 0.710335 -0.639782 -0.293434
-0.96767902 -0.69464701 -5.71048403 137 147 120 0.000000 0.278304 -0.959713 0.038688
-0.51140702 -0.49296099 -5.35257483 141 179 68 0.000000 0.149329 -0.958087 -0.244477
-0.74532902 -0.65001202 -5.46912289 129 167 102 0.000000 0.715972 -0.509984 -0.476761
-0.61803597 -0.40286401 -5.69973898 131 169 81 0.000000 -0.568190 0.822562 0.023502
-0.93626899 -0.62025499 -5.79479599 123 162 65 0.000000 0.555242 -0.665955 -0.498208
-0.67259002 -0.45411199 -5.73362923 167 85 86 0.000000 0.500539 -0.848093 -0.173777
-0.55108303 -0.52437103 -5.31785917 144 182 80 0.000000 -0.347502 0.893362 0.284862
-0.86766303 -0.68803501 -5.60964203 126 164 73 0.000000 0.792488 -0.268347 -0.547680
-0.68085599 -0.55743498 -5.50383902 139 176 106 0.000000 0.832143 -0.412124 -0.371069
-0.76433998 -0.49957401 -5.84108400 122 162 88 0.000000 0.443506 -0.896224 0.009212
-0.65936500 -0.61116201 -5.31537914 122 152 95 0.000000 0.721990 -0.587742 -0.365088
-0.51471299 -0.47229701 -5.39059782 135 173 78 0.000000 -0.586320 0.569423 0.576182
-0.79244399 -0.64174598 -5.57327223 120 159 83 0.000000 0.790629 -0.570924 -0.221252
-0.86848998 -0.79549003 -5.54847479 118 152 89 0.000000 0.890077 -0.342568 -0.300682
-0.75772798 -0.66488999 -5.47656202 128 166 99 0.000000 0.668762 -0.595381 -0.445285
-0.66845697 -0.44171301 -5.75925303 72 47 45 0.000000 0.342426 -0.589103 -0.731916
-0.72383797 -0.52519798 -5.66998196 160 163 111 0.000000 0.658956 -0.721269 -0.213421
-0.66845697 -0.45659199 -5.78156996 96 134 60 0.000000 -0.149105 -0.949704 0.275374
-0.76516700 -0.82441998 -5.23933411 151 183 128 0.000000 0.905338 -0.396530 -0.152074
-0.80071002 -0.58471203 -5.67907381 121 145 80 0.000000 0.627000 -0.633688 -0.453112
-0.86022401 -0.71283197 -5.57823181 123 162 75 0.000000 0.736119 -0.410053 -0.538503
-0.73045099 -0.80954200 -5.10873413 107 105 87 0.000000 0.806862 -0.183171 0.561624
-0.56596100 -0.48138899 -5.43109989 134 173 77 0.000000 -0.579363 0.555716 0.596254
-0.82963997 -0.82690001 -5.46333694 141 169 107 0.000000 0.887484 -0.325861 -0.325861
-0.73210400 -0.63926601 -5.45093822 135 167 105 0.000000 0.898280 -0.190105 -0.396172
-0.67920297 -0.65579802 -5.29719400 128 166 80 0.000000 0.965622 -0.238535 0.103323
-0.76103401 -0.79962301 -5.26082516 137 171 111 0.000000 0.906570 -0.391376 -0.157974
-0.62547499 -0.40947700 -5.73280191 141 177 127 0.000000 0.632800 -0.769543 0.085828
-0.81145501 -0.78226501 -5.45093822 129 165 97 0.000000 0.823101 -0.238469 -0.515400
-0.71391898 -0.70952600 -5.27570295 120 160 89 0.000000 0.735482 -0.555297 -0.388216
-0.59737098 -0.41195700 -5.59393597 140 177 108 0.000000 0.772129 -0.607000 -0.188063
-0.70069402 -0.62604100 -5.38811779 136 156 104 0.000000 0.806262 -0.560284 -0.189798
-0.60233098 -0.49048200 -5.47573614 133 172 77 0.000000 -0.650017 0.682600 0.333969
-0.91477799 -0.67480898 -5.66998196 114 154 73 0.000000 0.711016 -0.527850 -0.464575
-0.70565301 -0.46733701 -5.79066277 124 162 99 0.000000 0.474335 -0.878142 -0.062231
-0.73623699 -0.81615502 -5.10212088 56 61 46 0.000000 0.818899 -0.364132 0.443636
-0.81972098 -0.79135698 -5.46085691 129 166 104 0.000000 0.838683 -0.355852 -0.412287
-0.55604202 -0.35326901 -5.59145689 142 166 116 0.000000 0.823342 -0.499608 -0.269259
-0.77673900 -0.58719200 -5.64105177 118 158 76 0.000000 0.524463 -0.753201 -0.397023
-0.65605801 -0.51362598 -5.54103613 147 171 102 0.000000 0.759032 -0.609408 -0.229112
-0.70482701 -0.75085503 -5.19221783 117 156 88 0.000000 0.687177 -0.614669 -0.387258
-0.83046699 -0.74258900 -5.51623821 123 160 87 0.000000 0.851881 -0.301483 -0.428260
-0.50727397 -0.50205398 -5.33521700 70 63 54 0.000000 0.064613 -0.886710 -0.457790
-0.60729003 -0.47973600 -5.49887991 127 165 75 0.000000 -0.918118 0.370322 0.141141
-0.53041798 -0.48304200 -5.39225101 145 182 82 0.000000 -0.459898 0.570273 0.680649
-0.84203899 -0.55164897 -5.83777809 120 157 92 0.000000 0.531946 -0.817082 -0.222283
-0.55108303 -0.51693201 -5.34678888 135 173 71 0.000000 0.038562 -0.910870 -0.410889
-0.71309203 -0.69216698 -5.30463409 123 160 95 0.000000 0.611399 -0.776641 -0.151723
-0.87014300 -0.56983298 -5.84686995 113 146 83 0.000000 0.402508 -0.903153 0.149340
-0.70565301 -0.65993100 -5.34017706 130 166 94 0.000000 0.687086 -0.661340 -0.300902
-0.87758201 -0.78805101 -5.56831312 132 165 97 0.000000 0.833699 -0.111643 -0.540817
-0.63043398 -0.41361001 -5.71709681 124 163 103 0.000000 0.698423 -0.715286 0.023890
-0.70565301 -0.61529499 -5.42944717 126 163 93 0.000000 0.623218 -0.688993 -0.369984
-0.73127699 -0.73267001 -5.27322292 126 153 98 0.000000 0.912815 -0.245256 -0.326524
-0.74036998 -0.72523099 -5.31620502 129 165 104 0.000000 0.879299 -0.443307 -0.174104
-0.77343303 -0.62604100 -5.56748581 132 170 91 0.000000 0.597931 -0.700056 -0.390384
-0.56926697 -0.36153501 -5.65593004 151 186 127 0.000000 0.630931 -0.774902 -0.038110
-0.88915402 -0.65745097 -5.66750193 116 154 69 0.000000 0.609121 -0.609121 -0.507882
-0.92304403 -0.69051403 -5.65675688 114 155 62 0.000000 0.358593 -0.676251 -0.643503
-0.71722502 -0.47312301 -5.80719519 120 159 96 0.000000 0.450986 -0.877161 0.164924
-0.87262201 -0.80292898 -5.55426121 143 152 112 0.000000 0.735567 -0.285611 -0.614302
-0.51305997 -0.29871500 -5.63939905 180 206 170 0.000000 0.671037 -0.671037 0.315307
-0.57753301 -0.44336700 -5.49391985 126 167 89 0.000000 0.768015 -0.484290 -0.419066
-0.58083898 -0.37476000 -5.68981981 135 173 113 0.000000 0.631769 -0.773740 -0.046850
-0.70730603 -0.74176198 -5.20957708 125 160 81 0.000000 0.764412 -0.565697 -0.309291
-0.75276798 -0.55743498 -5.65510416 120 159 79 0.000000 0.625948 -0.697859 -0.348112
-0.68829501 -0.45824501 -5.75594711 111 145 92 0.000000 0.499443 -0.839489 -0.214047
-0.67259002 -0.50783998 -5.59063101 135 170 102 0.000000 0.690324 -0.674455 -0.261847
-0.67920297 -0.42518201 -5.75511980 170 152 111 0.000000 0.006870 0.594918 0.803757
-0.95032102 -0.71696502 -5.64518499 115 152 60 0.000000 0.286619 -0.690128 -0.664509
-0.72383797 -0.62025499 -5.47408199 135 168 105 0.000000 0.722095 -0.649729 -0.237552
-0.72053200 -0.72027099 -5.26991701 118 156 92 0.000000 0.704761 -0.572100 -0.419540
-0.79905701 -0.78143799 -5.42531395 137 175 118 0.000000 0.895384 -0.230830 -0.380795
-0.69490802 -0.57231301 -5.49887991 130 165 97 0.000000 0.682709 -0.676314 -0.276601
-0.61059600 -0.52933103 -5.41043615 137 169 84 0.000000 -0.532056 0.823095 0.198574
-0.68085599 -0.66406399 -5.28892899 127 165 83 0.000000 0.626454 -0.656364 -0.420406
-0.85278499 -0.55660802 -5.86918783 136 173 108 0.000000 0.618142 -0.762325 0.191732
-0.68581498 -0.57066000 -5.48400211 132 168 97 0.000000 0.705838 -0.658254 -0.261715
-0.52049899 -0.32020599 -5.53194284 141 182 86 0.000000 0.711480 -0.442809 -0.545634
-0.63043398 -0.64670497 -5.21784306 134 172 79 0.000000 0.766047 -0.354682 -0.536071
-0.86187702 -0.69960701 -5.59476280 117 154 73 0.000000 0.633198 -0.531886 -0.562279
-0.52793801 -0.39046499 -5.45093822 141 181 105 0.000000 0.611221 -0.387161 -0.690301
-0.66680402 -0.64009303 -5.29306078 127 165 79 0.000000 0.791246 -0.607436 -0.070365
-0.72797102 -0.54172999 -5.63939905 127 166 91 0.000000 0.609174 -0.737085 -0.292596
-0.84121197 -0.63099998 -5.65262413 119 156 66 0.000000 0.358002 -0.720909 -0.593401
-0.63456702 -0.56487399 -5.36497402 126 166 71 0.000000 -0.714028 0.673931 0.189688
-0.83790600 -0.54834199 -5.87414694 133 166 106 0.000000 0.721454 -0.676080 0.149736
-0.85609102 -0.79714298 -5.52202415 123 159 92 0.000000 0.909982 -0.181425 -0.372850
-0.63291401 -0.47312301 -5.56500578 131 171 95 0.000000 0.753273 -0.642011 -0.142836
-0.75111502 -0.71531200 -5.36332083 123 159 101 0.000000 0.943952 -0.316416 -0.093998
-0.50892699 -0.33756399 -5.50879908 127 166 70 0.000000 0.308870 -0.932202 -0.188677
-0.69242799 -0.58636498 -5.46251011 126 155 95 0.000000 0.717978 -0.645071 -0.261515
-0.59985101 -0.42104900 -5.58484411 133 170 102 0.000000 0.704035 -0.619093 -0.347934
-0.67506999 -0.52354503 -5.56500578 158 161 108 0.000000 0.742711 -0.567190 -0.355916
-0.68746799 -0.55908799 -5.52037096 136 174 93 0.000000 0.418083 -0.908249 0.017038
-0.85113102 -0.73349601 -5.55095387 100 137 67 0.000000 0.644217 -0.446769 -0.620791
-0.95114797 -0.70704597 -5.65510416 114 153 55 0.000000 0.143137 -0.667469 -0.730751
-0.76020700 -0.60455000 -5.57988501 129 168 97 0.000000 0.588698 -0.659141 -0.467940
-0.71887797 -0.48386899 -5.73032188 113 154 89 0.000000 0.625173 -0.757273 -0.188934
-0.79988301 -0.61529499 -5.62699986 119 158 76 0.000000 0.639871 -0.663018 -0.388552
-0.83542597 -0.65497100 -5.61046791 113 154 64 0.000000 0.618548 -0.608435 -0.497198
-0.77591300 -0.70291299 -5.45507097 132 171 104 0.000000 0.784446 -0.490076 -0.380092
-0.79244399 -0.76656002 -5.42283392 133 172 104 0.000000 0.891920 -0.315235 -0.324199
-0.55852199 -0.49213499 -5.41043615 138 177 79 0.000000 -0.532542 0.715033 0.452909
-0.74780899 -0.67976898 -5.41539478 134 170 111 0.000000 0.840547 -0.522582 -0.142790
-0.59406501 -0.47312301 -5.48234797 127 167 71 0.000000 -0.688277 0.598718 0.409649
-0.74780899 -0.82028699 -5.14097023 133 164 106 0.000000 0.698423 -0.715286 -0.023890
-0.60398400 -0.39211899 -5.72701597 144 181 121 0.000000 0.577665 -0.815934 0.023550
-0.92965698 -0.65745097 -5.75181293 132 166 105 0.000000 0.763333 -0.642124 -0.070706
-0.68416202 -0.58553898 -5.44267178 131 167 92 0.000000 0.912354 -0.332161 -0.239330
-0.62216800 -0.51197302 -5.47242880 132 165 77 0.000000 -0.682131 0.659448 0.315952
-0.65605801 -0.57975203 -5.38563824 120 159 75 0.000000 -0.948937 -0.300562 0.095812
-0.70648003 -0.54999602 -5.56996584 202 168 153 0.000000 0.713174 -0.608728 -0.347611
-0.72383797 -0.71696502 -5.28231621 136 158 106 0.000000 0.578001 -0.713033 -0.396861
-0.67837602 -0.62273502 -5.34265614 117 151 89 0.000000 0.805674 -0.515568 -0.291682
-0.69821399 -0.56239402 -5.53029013 136 170 104 0.000000 0.592907 -0.650015 -0.475334
-0.78996402 -0.74010903 -5.44101906 129 166 94 0.000000 0.838114 -0.433940 -0.330546
-0.74284899 -0.49048200 -5.77909088 118 155 83 0.000000 0.667184 -0.744860 -0.006935
-0.78004497 -0.55412799 -5.71461678 117 157 70 0.000000 -0.501450 -0.308463 0.808331
-0.76268703 -0.74589503 -5.35174799 134 164 111 0.000000 0.900993 -0.346536 -0.261008
-0.65275198 -0.45163199 -5.66254282 136 174 97 0.000000 0.690128 -0.664509 -0.286619
-0.53785700 -0.32268599 -5.57492495 138 174 114 0.000000 0.856301 -0.394858 -0.332920
-0.75607502 -0.79879600 -5.23933411 145 179 116 0.000000 0.871120 -0.449658 -0.197375
-0.81641501 -0.73267001 -5.50135899 127 165 102 0.000000 0.807297 -0.348714 -0.476098
-0.67589599 -0.57231301 -5.45424509 127 167 87 0.000000 0.864797 -0.388621 -0.317963
-0.57836002 -0.50783998 -5.40878201 142 180 78 0.000000 -0.600396 0.711641 0.364818
-0.73871601 -0.73845601 -5.28975487 133 168 106 0.000000 0.779394 -0.508301 -0.366299
-0.90651202 -0.65993100 -5.68816710 121 153 76 0.000000 0.499367 -0.806913 -0.315473
-0.59158498 -0.52189201 -5.39142418 128 168 72 0.000000 -0.549357 0.803145 0.230575
-0.70565301 -0.47395000 -5.72619009 111 152 80 0.000000 0.102769 -0.919441 0.379561
-0.64117998 -0.50618702 -5.51871777 137 170 100 0.000000 0.589059 -0.746356 -0.309778
-0.61720902 -0.58471203 -5.24346590 140 174 104 0.000000 0.888460 -0.397663 -0.229137
-0.69986701 -0.61777502 -5.41126299 133 167 102 0.000000 0.713811 -0.643547 -0.276262
-0.67837602 -0.53015798 -5.55508804 135 171 104 0.000000 0.722839 -0.633482 -0.276051
-0.67424297 -0.62769401 -5.32033777 120 154 90 0.000000 0.731508 -0.595263 -0.332504
-0.68085599 -0.70704597 -5.21949577 113 148 78 0.000000 0.752293 -0.465862 -0.465862
-0.57587999 -0.53181100 -5.27983618 130 165 99 0.000000 0.197152 -0.964871 0.173651
-0.67920297 -0.53842300 -5.54020882 136 170 93 0.000000 0.737085 -0.609174 -0.292596
-0.83294702 -0.75168103 -5.51045179 130 166 97 0.000000 0.840590 -0.286389 -0.459770
-0.71722502 -0.79053098 -5.13435793 134 167 96 0.000000 0.815934 -0.577665 -0.023550
-0.57422698 -0.53263700 -5.32612514 137 176 74 0.000000 -0.532838 0.787328 0.310159
-0.53620398 -0.33260500 -5.55756712 139 174 106 0.000000 0.744836 -0.587182 -0.316917
-0.63456702 -0.56322098 -5.37489319 133 173 67 0.000000 -0.644803 0.683981 0.341174
-0.70069402 -0.69878000 -5.26743698 123 158 89 0.000000 0.640181 -0.673095 -0.370285
-0.73127699 -0.66406399 -5.40299702 130 165 103 0.000000 0.745004 -0.626303 -0.229593
-0.79161799 -0.57892603 -5.67824793 121 142 77 0.000000 0.536071 -0.766047 -0.354682
-0.75194198 -0.56652701 -5.63939905 125 165 86 0.000000 0.657570 -0.641007 -0.395867
-0.88667399 -0.66819698 -5.64683819 114 155 59 0.000000 0.427310 -0.737480 -0.523000
-0.72962397 -0.77730501 -5.19139194 129 161 97 0.000000 0.715214 -0.688449 -0.120441
-0.82468098 -0.68803501 -5.56004715 113 152 76 0.000000 0.636067 -0.571954 -0.517964
-0.88584799 -0.72523099 -5.60054922 118 154 61 0.000000 0.364720 -0.523576 -0.769965
-0.75359499 -0.75829399 -5.29967403 132 164 104 0.000000 0.835193 -0.521435 -0.174808
-0.66597700 -0.67728901 -5.24429321 138 176 73 0.000000 -0.719164 0.428192 0.547226
-0.64944601 -0.61612201 -5.28644800 132 162 88 0.000000 0.819728 -0.428169 -0.380417
-0.76847303 -0.65993100 -5.50466585 124 162 98 0.000000 0.794250 -0.459150 -0.397930
-0.65605801 -0.58553898 -5.36910677 122 159 83 0.000000 0.783506 -0.570818 -0.245530
-0.71887797 -0.53759700 -5.63195896 133 173 99 0.000000 0.702761 -0.624495 -0.340782
-0.59158498 -0.50783998 -5.42696714 128 162 74 0.000000 -0.540050 0.651088 0.533320
-0.75855398 -0.79053098 -5.27074289 142 175 110 0.000000 0.829927 -0.521539 -0.198034
-0.54777598 -0.49544099 -5.39225101 134 170 80 0.000000 -0.546788 0.745917 0.380303
-0.74119598 -0.52023900 -5.70965815 121 162 80 0.000000 0.761503 -0.492930 -0.420873
-0.68416202 -0.43758100 -5.75842619 115 137 66 0.000000 -0.379994 0.616874 0.689254
-0.69986701 -0.77069300 -5.13353109 152 157 125 0.000000 0.966970 -0.030562 0.253050
-0.60977000 -0.42352900 -5.61129522 142 178 110 0.000000 0.754059 -0.628126 -0.191970
-0.57009399 -0.36649501 -5.60964203 151 173 119 0.000000 0.696713 -0.664827 -0.269438
-0.67754900 -0.54503602 -5.52202415 142 177 104 0.000000 0.714871 -0.674900 -0.182946
-0.89659297 -0.59711099 -5.78239679 107 148 66 0.000000 0.588469 -0.691244 -0.419388
-0.72714400 -0.69712698 -5.31951189 137 150 104 0.000000 0.885442 -0.277169 -0.373054
-0.74202299 -0.53263700 -5.68981981 123 159 76 0.000000 -0.758805 0.316035 0.569505
-0.55521500 -0.47973600 -5.42283392 138 178 81 0.000000 -0.618963 0.531262 0.578486
-0.76764703 -0.53346401 -5.73280191 120 160 80 0.000000 0.578325 -0.775802 -0.252332
-0.83459997 -0.61612201 -5.66998196 120 152 73 0.000000 0.624944 -0.677710 -0.387498
-0.61886197 -0.61529499 -5.22610807 131 168 92 0.000000 0.783136 -0.325106 -0.530098
-0.85526401 -0.72192401 -5.56500578 115 154 76 0.000000 0.783345 -0.436273 -0.442760
-0.72549099 -0.65497100 -5.40712881 127 163 104 0.000000 0.904338 -0.316151 -0.286741
-0.60067701 -0.41030300 -5.60964203 138 176 111 0.000000 0.847259 -0.515913 -0.126435
-0.63208699 -0.61612201 -5.24512005 134 171 91 0.000000 0.792474 -0.371322 -0.483843
-0.81476200 -0.54668897 -5.78239679 118 157 82 0.000000 0.530213 -0.800826 -0.278480
-0.77178001 -0.62108099 -5.57905817 124 164 85 0.000000 0.609152 -0.678864 -0.409974
-0.80649602 -0.57231301 -5.71213818 116 155 76 0.000000 0.497852 -0.787863 -0.362513
-0.58745199 -0.45080599 -5.50135899 118 159 83 0.000000 0.856294 -0.476715 -0.198756
-0.69242799 -0.52933103 -5.59145689 221 170 163 0.000000 0.698592 -0.683033 -0.213156
-0.77178001 -0.83929902 -5.25586510 97 93 86 0.000000 0.362873 -0.931838 0.001264
-0.59158498 -0.38633299 -5.64187813 146 171 111 0.000000 0.881641 -0.411829 -0.230446
-0.72053200 -0.78557098 -5.15419579 126 163 90 0.000000 0.776149 -0.610370 -0.158244
-0.52297902 -0.48717499 -5.37654591 136 174 78 0.000000 -0.405858 0.850591 0.334327
-0.67424297 -0.56156802 -5.47738886 130 166 96 0.000000 0.814355 -0.530026 -0.236426
-0.75359499 -0.78722399 -5.25090599 133 163 107 0.000000 0.730283 -0.682071 -0.038287
-0.76020700 -0.55578202 -5.67328787 167 159 116 0.000000 0.601937 -0.739981 -0.300166
-0.49652800 -0.32516599 -5.50962496 145 163 100 0.000000 0.680103 0.695809 0.230889
-0.65275198 -0.70704597 -5.18560600 131 168 75 0.000000 0.509081 -0.656933 -0.556125
-0.58497202 -0.47973600 -5.46168423 129 168 83 0.000000 0.629577 -0.636257 -0.445881
-0.72631800 -0.53015798 -5.66254282 126 165 86 0.000000 0.675900 -0.675900 -0.293800
-0.51636600 -0.45163199 -5.41208887 142 179 89 0.000000 -0.468706 0.548770 0.692218
-0.68498898 -0.57644600 -5.46995020 134 171 98 0.000000 0.696582 -0.713960 -0.070962
-0.94288200 -0.69216698 -5.67659521 120 157 77 0.000000 0.396055 -0.790494 -0.467183
-0.53868401 -0.32020599 -5.63030577 158 193 142 0.000000 0.642023 -0.759556 -0.104310
-0.74450201 -0.62273502 -5.52202415 127 165 91 0.000000 0.729809 -0.593275 -0.339711
-0.68250901 -0.56487399 -5.49061394 134 166 102 0.000000 0.731327 -0.629798 -0.261755
-0.66845697 -0.65083802 -5.28231621 133 171 84 0.000000 0.672512 -0.712708 -0.199435
-0.62712801 -0.41443601 -5.75016022 149 184 137 0.000000 0.609214 -0.719684 0.333037
-0.94205499 -0.69630003 -5.66502285 117 154 65 0.000000 0.480765 -0.741798 -0.467548
-0.66432399 -0.45741799 -5.68651390 143 180 118 0.000000 0.750243 -0.625979 -0.212802
-0.64613903 -0.48304200 -5.58236504 136 174 95 0.000000 0.723844 -0.617444 -0.307916
-0.64200598 -0.66406399 -5.21866894 120 158 73 0.000000 0.785251 -0.412864 -0.461436
-0.71474600 -0.66158402 -5.35836077 124 160 94 0.000000 0.635026 -0.724152 -0.268971
-0.70400000 -0.62438798 -5.40712881 121 155 93 0.000000 0.649175 -0.730127 -0.213278
-0.81228203 -0.64670497 -5.59641600 134 171 82 0.000000 0.636036 -0.675480 -0.373075
-0.79657698 -0.83020598 -5.37323999 146 175 107 0.000000 0.656452 -0.585938 -0.475130
-0.84865201 -0.69051403 -5.58567095 119 158 73 0.000000 0.741084 -0.537327 -0.402584
-0.59985101 -0.44088700 -5.54103613 125 164 84 0.000000 0.566150 -0.756480 -0.327432
-0.71887797 -0.57892603 -5.54682207 147 161 104 0.000000 0.753201 -0.524463 -0.397023
-0.49818099 -0.43427399 -5.41208887 144 185 78 0.000000 0.500942 -0.717295 -0.484299
-0.76020700 -0.82111400 -5.20131111 145 176 120 0.000000 0.818899 -0.443636 -0.364132
-0.60811698 -0.39790499 -5.74272108 149 184 136 0.000000 0.554227 -0.824795 0.112009
-0.61803597 -0.40782401 -5.75098705 161 190 149 0.000000 0.664267 -0.674011 0.323201
-0.58993202 -0.51445299 -5.41043615 125 164 66 0.000000 -0.491959 0.827174 0.271586
-0.62382197 -0.52023900 -5.45672417 125 159 70 0.000000 -0.575612 0.685729 0.445474
-0.87840903 -0.77730501 -5.57079220 127 165 101 0.000000 0.931992 -0.008900 -0.362371
-0.54364300 -0.44419301 -5.44432497 132 169 86 0.000000 0.665670 -0.561711 -0.491288
-0.71557200 -0.76160002 -5.19469786 121 160 85 0.000000 0.640181 -0.673095 -0.370285
-0.68168199 -0.64339900 -5.31537914 123 161 91 0.000000 0.649151 -0.537868 -0.537868
-0.68829501 -0.72688401 -5.20296383 123 162 83 0.000000 0.761097 -0.579199 -0.291993
-0.72879702 -0.63513303 -5.44267178 137 170 105 0.000000 0.776308 -0.315325 -0.545817
-0.85857099 -0.56652701 -5.81628704 131 169 89 0.000000 0.609841 -0.792378 -0.015211
-0.64366001 -0.50205398 -5.53442287 129 166 95 0.000000 0.677537 -0.671099 -0.300949
-0.80071002 -0.81284797 -5.40051699 139 174 108 0.000000 0.824556 -0.228787 -0.517459
-0.67837602 -0.61116201 -5.36827993 130 168 77 0.000000 -0.799022 0.561933 0.213996
-0.56761402 -0.35905501 -5.67246199 152 188 136 0.000000 0.735833 -0.663898 0.133379
-0.76186103 -0.81036800 -5.24677277 139 175 119 0.000000 0.943200 -0.277895 -0.182069
-0.94453502 -0.68390203 -5.69395304 118 156 83 0.000000 0.525841 -0.771773 -0.357572
-0.62299502 -0.55908799 -5.34844208 130 170 73 0.000000 -0.696518 0.711181 0.095313
-0.76516700 -0.84095198 -5.11865282 148 157 135 0.000000 0.212584 -0.951891 -0.220709
-0.53041798 -0.32268599 -5.66006279 147 155 140 0.000000 0.413213 -0.886716 0.207342
-0.52793801 -0.30780700 -5.55508804 131 169 102 0.000000 0.838994 -0.317162 -0.442151
-0.87758201 -0.61116201 -5.73528194 124 163 77 0.000000 0.546300 -0.765465 -0.340028
-0.84286600 -0.73928201 -5.53359604 116 153 90 0.000000 0.690943 -0.434545 -0.577728
-0.52049899 -0.31359300 -5.66006279 107 108 101 0.000000 0.770149 -0.619435 0.152221
-0.64366001 -0.57892603 -5.35092211 122 161 85 0.000000 0.548349 -0.835646 -0.031768
-0.76433998 -0.82772702 -5.22776079 156 185 132 0.000000 0.976981 -0.182486 -0.110485
-0.66928399 -0.60785598 -5.35257483 123 161 82 0.000000 0.547362 -0.641677 -0.537257
-0.93709600 -0.66902298 -5.74272108 131 159 105 0.000000 0.856642 -0.482511 -0.182612
-0.59985101 -0.50783998 -5.43771315 127 164 71 0.000000 -0.588324 0.681656 0.434993
-0.54942900 -0.34087101 -5.65345001 160 199 147 0.000000 0.655074 -0.648473 0.387764
-0.75772798 -0.75416100 -5.32199097 125 162 103 0.000000 0.799801 -0.514723 -0.308834
-0.86601001 -0.58057898 -5.77909088 110 148 77 0.000000 0.555423 -0.819063 -0.143669
-0.82385403 -0.60455000 -5.67742109 124 155 77 0.000000 0.412130 -0.856674 -0.310255
-0.56100202 -0.52767801 -5.30545998 131 171 76 0.000000 0.001186 0.969369 -0.245605
-0.84865201 -0.61281598 -5.69147301 116 156 75 0.000000 0.570236 -0.644249 -0.509680
-0.81145501 -0.79135698 -5.44432497 136 169 99 0.000000 0.935850 -0.134860 -0.325572
-0.83294702 -0.58884501 -5.71626997 111 150 63 0.000000 0.465237 -0.807370 -0.362917
-0.82716101 -0.74920100 -5.49970579 121 153 94 0.000000 0.620384 -0.492608 -0.610296
-0.64613903 -0.61612201 -5.27735615 131 160 89 0.000000 0.713510 -0.696072 -0.079925
-0.86270303 -0.73928201 -5.56335306 108 149 79 0.000000 0.719181 -0.347360 -0.601764
-0.56182802 -0.35161600 -5.63609219 150 180 125 0.000000 0.686964 -0.726299 -0.023882
-0.66101801 -0.44749999 -5.77165222 100 116 71 0.000000 0.604221 0.795769 0.040845
-0.65688503 -0.60289699 -5.33191109 131 166 105 0.000000 0.710725 -0.656906 -0.251682
-0.77673900 -0.80210298 -5.33852291 146 178 116 0.000000 0.966893 -0.015692 -0.254700
-0.53455102 -0.36236200 -5.50797176 136 173 99 0.000000 0.743806 -0.667300 -0.038253
-0.78748500 -0.53098398 -5.76586485 129 160 91 0.000000 0.609453 -0.751187 -0.253545
-0.71557200 -0.55826098 -5.57823181 137 175 114 0.000000 0.735004 -0.662857 -0.142792
-0.76516700 -0.57562000 -5.64683819 117 157 77 0.000000 0.579915 -0.643790 -0.499232
-0.68581498 -0.74010903 -5.16907406 131 169 84 0.000000 0.681207 -0.625127 -0.381014
-0.80566901 -0.61033601 -5.64435816 112 153 68 0.000000 0.680241 -0.640902 -0.355692
-0.61803597 -0.55743498 -5.34182882 125 164 86 0.000000 0.443815 -0.880355 0.167340
-0.73293000 -0.52271801 -5.68981981 126 166 83 0.000000 0.882248 -0.396937 -0.253141
-0.84534502 -0.56900698 -5.77495813 115 151 77 0.000000 0.467856 -0.877761 -0.103183
-0.74615598 -0.64505202 -5.48234797 135 171 111 0.000000 0.825648 -0.460790 -0.325541
-0.64531302 -0.57066000 -5.38067913 127 165 76 0.000000 -0.603693 0.741406 0.293039
-0.61886197 -0.57644600 -5.27322292 146 179 111 0.000000 0.838005 -0.545455 -0.015038
-0.74202299 -0.80954200 -5.15419579 131 161 99 0.000000 0.868298 -0.489557 -0.079956
-0.86766303 -0.67398298 -5.62038708 118 156 78 0.000000 0.609447 -0.572306 -0.548671
-0.76433998 -0.80210298 -5.27818298 128 164 112 0.000000 0.970638 -0.213869 -0.110098
-0.50314099 -0.49378800 -5.34513617 150 172 89 0.000000 0.190711 -0.788782 -0.584339
-0.67259002 -0.41856900 -5.76917219 183 103 108 0.000000 0.769965 0.523576 0.364720
-0.68498898 -0.53676999 -5.55260801 137 174 101 0.000000 0.690128 -0.664509 -0.286619
-0.69490802 -0.59215099 -5.45424509 127 164 95 0.000000 0.648389 -0.712113 -0.269233
-0.74780899 -0.49626800 -5.77578402 133 165 97 0.000000 0.751579 -0.647400 -0.126503
-0.65109903 -0.63099998 -5.27239704 126 161 84 0.000000 0.864793 -0.276063 -0.419432
-0.58910501 -0.38302600 -5.65345001 146 180 122 0.000000 0.758480 -0.639269 -0.126662
-0.87510198 -0.57809901 -5.80967379 118 158 84 0.000000 0.576932 -0.798013 -0.174140
-0.76682001 -0.63926601 -5.54020882 127 139 86 0.000000 0.698051 -0.666250 -0.262366
-0.60150403 -0.40286401 -5.63857222 143 181 120 0.000000 0.777074 -0.616608 -0.126293
-0.74284899 -0.63844001 -5.48813391 139 172 104 0.000000 0.680796 -0.648144 -0.341214
-0.86022401 -0.59628397 -5.73693514 117 157 78 0.000000 0.698051 -0.666250 -0.262366
-0.80814898 -0.62025499 -5.63113308 108 146 73 0.000000 0.596999 -0.676821 -0.430704
-0.54281700 -0.34582999 -5.68238115 165 201 142 0.000000 0.476193 -0.839887 0.260442
-0.72383797 -0.53511697 -5.64683819 126 166 99 0.000000 0.682278 -0.619501 -0.388221
-0.85774398 -0.76490700 -5.54186201 119 157 97 0.000000 0.775047 -0.332163 -0.537559
-0.66680402 -0.42931500 -5.76586485 183 98 102 0.000000 0.911510 0.404965 0.071783
-0.80980200 -0.83929902 -5.37819910 105 133 74 0.000000 -0.094032 -0.995437 -0.016212
-0.72466499 -0.65745097 -5.38811779 204 177 162 0.000000 0.908864 -0.388705 -0.151242
-0.78831100 -0.76656002 -5.40878201 140 175 110 0.000000 0.897080 -0.307953 -0.316879
-0.65192503 -0.64505202 -5.25669193 130 168 84 0.000000 0.739220 -0.531778 -0.413239
-0.62134200 -0.41030300 -5.68238115 152 167 115 0.000000 0.664509 -0.690128 -0.286619
-0.87096900 -0.58884501 -5.76751900 106 141 73 0.000000 0.460487 -0.744371 -0.483594
-0.56513399 -0.49709401 -5.41043615 134 170 77 0.000000 -0.499772 0.743885 0.443692
-0.68912202 -0.53181100 -5.57575178 139 171 107 0.000000 0.674900 -0.714871 -0.182946
-0.83129299 -0.61860198 -5.65923595 124 152 64 0.000000 0.498730 -0.673370 -0.545749
-0.57422698 -0.44419301 -5.48482800 129 168 93 0.000000 0.816191 -0.514589 -0.262736
-0.52793801 -0.34665701 -5.51375818 117 152 89 0.000000 0.871193 -0.476367 -0.118734
-0.94370800 -0.67563599 -5.74106789 139 164 119 0.000000 0.795769 -0.604221 -0.040845
-0.77260602 -0.50783998 -5.81215382 131 170 101 0.000000 0.538396 -0.830457 -0.143080
-0.78665799 -0.51527900 -5.81546021 128 166 95 0.000000 0.387147 -0.914443 -0.117948
-0.84203899 -0.57644600 -5.75263977 117 157 76 0.000000 0.467160 -0.854193 -0.228289
-0.61968899 -0.46568400 -5.54434204 135 174 108 0.000000 0.912713 -0.356775 -0.199163
-0.86270303 -0.68142200 -5.60881519 117 157 75 0.000000 0.563460 -0.433814 -0.703078
-0.91560501 -0.59628397 -5.82289886 118 155 72 0.000000 0.190420 -0.943879 -0.269875
-0.57587999 -0.47147000 -5.46003103 131 171 86 0.000000 0.523336 -0.697224 -0.489896
-0.64779299 -0.64505202 -5.24677277 122 159 80 0.000000 0.650830 -0.516292 -0.556653
-0.58579898 -0.53842300 -5.30628586 126 166 74 0.000000 -0.426823 0.797273 -0.426823
-0.64861900 -0.58967102 -5.33769703 125 164 85 0.000000 0.880574 -0.389861 -0.269441
-0.72549099 -0.48056301 -5.83364487 129 167 106 0.000000 0.379982 -0.924666 -0.024640
-0.77095300 -0.75250798 -5.37406588 132 167 111 0.000000 0.798218 -0.569284 -0.196884
-0.76268703 -0.50783998 -5.77991676 132 168 101 0.000000 0.578118 -0.773449 -0.259917
-0.72218502 -0.77565199 -5.17651320 117 155 90 0.000000 0.697515 -0.688236 -0.199511
-0.73045099 -0.66984999 -5.38894510 134 161 109 0.000000 0.707202 -0.676116 -0.206720
-0.63704699 -0.61529499 -5.25669193 129 166 91 0.000000 0.735696 -0.531610 -0.419692
-0.77260602 -0.69051403 -5.46664286 128 166 98 0.000000 0.839168 -0.468265 -0.276632
-0.64531302 -0.55660802 -5.41870213 124 163 72 0.000000 -0.664225 0.627784 0.405823
-0.62878102 -0.45245901 -5.60137606 152 173 99 0.000000 -0.856870 0.444473 0.261185
-0.73210400 -0.53594398 -5.66254282 124 162 83 0.000000 0.626303 -0.745004 -0.229593
-0.71722502 -0.49461499 -5.71131086 119 159 78 0.000000 0.784598 -0.576407 -0.228388
-0.76599401 -0.61033601 -5.57988501 126 166 93 0.000000 0.707028 -0.574564 -0.412295
-0.57670701 -0.53181100 -5.29554081 121 158 92 0.000000 0.506970 -0.860606 -0.048349
-0.65523201 -0.50370699 -5.55756712 129 166 97 0.000000 0.766903 -0.583479 -0.267230
-0.78583199 -0.66654301 -5.52781010 153 164 113 0.000000 0.635166 -0.696896 -0.333016
-0.58993202 -0.45741799 -5.49722719 127 166 84 0.000000 0.363108 -0.551989 -0.750640
-0.58497202 -0.53511697 -5.28148890 136 174 108 0.000000 0.508833 -0.849033 0.142239
-0.63456702 -0.46155101 -5.59393597 132 171 86 0.000000 0.592854 -0.797791 -0.109788
-0.71226603 -0.64587897 -5.37737179 129 167 96 0.000000 0.677509 -0.648123 -0.347733
-0.68085599 -0.43758100 -5.74520111 111 116 56 0.000000 -0.800887 0.561999 0.206730
-0.87344903 -0.72605699 -5.58401823 123 163 81 0.000000 0.690943 -0.434545 -0.577728
-0.59158498 -0.38302600 -5.72123003 145 184 127 0.000000 0.597526 -0.794254 0.110109
-0.75442100 -0.49461499 -5.82703304 127 160 88 0.000000 0.538890 -0.839993 0.063316
-0.53785700 -0.38633299 -5.46168423 133 172 102 0.000000 0.886406 -0.157615 -0.435250
-0.70978600 -0.76656002 -5.16411400 131 168 92 0.000000 0.603774 -0.720949 -0.340132
-0.79244399 -0.52933103 -5.78487682 129 160 94 0.000000 0.625935 -0.759955 -0.175140
-0.79740399 -0.60455000 -5.63939905 117 158 70 0.000000 0.577877 -0.785478 -0.221545
-0.79657698 -0.77647901 -5.41952801 134 172 102 0.000000 0.809721 -0.294015 -0.507845
-0.68498898 -0.49792099 -5.64849091 236 174 175 0.000000 0.965202 -0.261029 0.015783
-0.66349798 -0.46899101 -5.66171598 156 158 115 0.000000 0.768336 -0.556602 -0.315996
-0.95610702 -0.69216698 -5.68733978 128 166 83 0.000000 0.333154 -0.905535 -0.262708
-0.73045099 -0.72688401 -5.28148890 130 155 100 0.000000 0.879693 -0.436175 -0.189450
-0.70069402 -0.63265401 -5.37737179 132 167 97 0.000000 0.650620 -0.657208 -0.380489
-0.64613903 -0.43840700 -5.67080879 124 163 94 0.000000 0.618578 -0.658594 -0.428503
-0.86518300 -0.77399898 -5.55012798 115 152 94 0.000000 0.806860 -0.150634 -0.571215
-0.72714400 -0.67232901 -5.36332083 152 165 125 0.000000 0.857174 -0.427820 -0.286747
-0.94288200 -0.66571701 -5.78156996 118 122 72 0.000000 0.814530 -0.109284 -0.569734
-0.78665799 -0.69960701 -5.48565388 136 172 121 0.000000 0.832994 -0.414135 -0.366895
-0.74615598 -0.57975203 -5.60220194 125 164 89 0.000000 0.672939 -0.656645 -0.340543
-0.60977000 -0.41691601 -5.62286711 143 182 111 0.000000 0.825563 -0.443563 -0.348852
-0.80236298 -0.58884501 -5.67246199 160 165 114 0.000000 0.599254 -0.751849 -0.274989
-0.60067701 -0.47147000 -5.49805307 127 166 73 0.000000 -0.608332 0.648552 0.457506
-0.70813298 -0.71944499 -5.25090599 127 167 85 0.000000 0.508301 -0.779394 -0.366299
-0.76516700 -0.76407999 -5.33356380 135 165 112 0.000000 0.884279 -0.402756 -0.236303
-0.58497202 -0.53098398 -5.36249399 134 173 70 0.000000 -0.482519 0.796717 0.363893
-0.82716101 -0.82772702 -5.45589781 142 163 113 0.000000 0.964730 -0.117210 -0.235708
-0.61803597 -0.52685100 -5.43027401 122 160 81 0.000000 0.788682 -0.563791 0.245194
-0.71557200 -0.78061199 -5.14675713 130 168 102 0.000000 0.730602 -0.532697 -0.427147
-0.75938100 -0.51114601 -5.76421213 138 152 91 0.000000 0.255124 -0.651280 0.714665
-0.76682001 -0.75250798 -5.35257483 140 165 113 0.000000 0.931179 -0.283157 -0.229625
-0.77508599 -0.59297800 -5.62782717 118 157 83 0.000000 0.633168 -0.728382 -0.261836
-0.53703099 -0.32268599 -5.61046791 144 182 126 0.000000 0.820505 -0.561092 0.109304
-0.89741999 -0.72771001 -5.60633516 112 153 53 0.000000 0.458323 -0.409738 -0.788705
-0.75442100 -0.83681899 -5.11038685 140 170 110 0.000000 0.744588 -0.611229 -0.268306
-0.66845697 -0.58471203 -5.40878201 123 162 77 0.000000 -0.972891 0.206598 0.103925
-0.87014300 -0.77895802 -5.55508804 134 169 101 0.000000 0.900993 -0.261008 -0.346536
-0.60729003 -0.55412799 -5.23272085 181 183 162 0.000000 0.778362 -0.593405 0.204994
-0.62216800 -0.58223200 -5.27735615 139 173 111 0.000000 0.670288 -0.735107 -0.101648
-0.53785700 -0.33095199 -5.65923595 169 187 148 0.000000 0.701856 -0.586257 0.404600
-0.75359499 -0.79962301 -5.22693491 140 175 113 0.000000 0.893112 -0.371760 -0.253271
-0.63952702 -0.55330199 -5.41126299 129 169 75 0.000000 -0.913605 0.397398 0.086035
-0.74863499 -0.78970402 -5.23106813 139 175 109 0.000000 0.845790 -0.498492 -0.190116
-0.71805203 -0.61529499 -5.45837688 213 177 157 0.000000 0.832674 -0.541019 -0.118120
-0.84369200 -0.59628397 -5.71213818 114 154 73 0.000000 0.539329 -0.808221 -0.236439
-0.91725802 -0.64257300 -5.74354792 138 173 99 0.000000 0.683761 -0.667673 -0.294420
-0.64035302 -0.51693201 -5.49391985 146 166 106 0.000000 0.711640 -0.624103 -0.322589
-0.89080697 -0.62108099 -5.72949600 125 164 86 0.000000 0.769635 -0.618430 -0.158766
-0.53620398 -0.34169701 -5.68899298 95 97 92 0.000000 0.443097 -0.895622 0.039057
-0.74202299 -0.50866598 -5.73280191 123 164 89 0.000000 0.832623 -0.435986 -0.341549
-0.51719302 -0.50949299 -5.32777786 112 103 70 0.000000 0.118998 -0.980201 0.158255
-0.96354598 -0.62852103 -5.80802107 120 158 64 0.000000 0.388313 -0.508544 -0.768502
-0.55769497 -0.52685100 -5.31455183 133 173 76 0.000000 -0.253981 0.959919 0.118525
-0.89245999 -0.68555498 -5.63113308 109 148 60 0.000000 0.522589 -0.482518 -0.702907
-0.78996402 -0.51775903 -5.82289886 128 168 94 0.000000 0.710096 -0.695271 -0.111184
-0.71805203 -0.47560301 -5.81628704 128 168 105 0.000000 0.425646 -0.899819 0.095666
-0.85691702 -0.57396603 -5.77909088 125 160 89 0.000000 0.563024 -0.823973 -0.063819
-0.75607502 -0.63265401 -5.52863693 119 154 85 0.000000 0.704526 -0.656815 -0.268769
-0.73293000 -0.66819698 -5.39638376 125 160 102 0.000000 0.825047 -0.477494 -0.302152
-0.92469698 -0.67398298 -5.68651390 123 160 87 0.000000 0.562950 -0.705763 -0.430100
-0.59075803 -0.42931500 -5.54186201 149 165 114 0.000000 0.816511 -0.522133 -0.246348
-0.74284899 -0.79714298 -5.18643188 131 160 91 0.000000 0.729764 -0.617492 -0.293509
-0.81724203 -0.72771001 -5.50714588 119 157 90 0.000000 0.619641 -0.629717 -0.468509
-0.67341602 -0.45245901 -5.75759983 106 133 83 0.000000 0.110465 -0.991904 0.062635
-0.64696598 -0.52437103 -5.49639988 126 164 90 0.000000 0.810430 -0.531506 -0.246383
-0.83046699 -0.54751599 -5.82620621 130 160 96 0.000000 0.365096 -0.872258 -0.325378
-0.78665799 -0.51941198 -5.80636787 120 160 84 0.000000 0.847208 -0.467267 -0.252784
-0.87758201 -0.66406399 -5.64270496 111 152 62 0.000000 0.689254 -0.616874 -0.379994
-0.54529601 -0.36566800 -5.53772879 141 175 113 0.000000 0.784445 -0.365645 -0.500949
-0.74615598 -0.57396603 -5.61294794 133 170 98 0.000000 0.725713 -0.654229 -0.212896
-0.92717701 -0.73680300 -5.61625385 115 155 48 0.000000 0.261437 -0.540095 -0.799967
-0.81972098 -0.70374000 -5.53524923 124 161 87 0.000000 0.752913 -0.411724 -0.513425
-0.87758201 -0.68555498 -5.61790800 117 147 76 0.000000 0.546953 -0.530123 -0.647929
-0.81145501 -0.68472803 -5.54682207 125 161 82 0.000000 0.758805 -0.569505 -0.316035
-0.75442100 -0.54338300 -5.68651390 122 163 90 0.000000 0.626116 -0.672373 -0.394833
-0.92717701 -0.65827799 -5.72701597 123 160 93 0.000000 0.773901 -0.556889 -0.301582
-0.64117998 -0.52189201 -5.48813391 127 165 82 0.000000 -0.657701 0.680436 0.323167
-0.94618797 -0.68224800 -5.75594711 112 117 106 0.000000 0.821874 -0.561879 -0.093887
-0.93792200 -0.71365899 -5.64022493 110 150 56 0.000000 0.356974 -0.572136 -0.738397
-0.74946201 -0.83764601 -5.09633493 155 175 124 0.000000 0.735482 -0.555297 0.388216
-0.57174700 -0.36980101 -5.59972286 128 167 108 0.000000 0.840431 -0.427258 -0.333355
-0.76268703 -0.64753199 -5.51293182 126 164 90 0.000000 0.697963 -0.649606 -0.301430
-0.64531302 -0.42931500 -5.70304489 136 171 114 0.000000 0.694645 -0.678893 -0.237849
-0.90651202 -0.59132499 -5.86174917 138 161 108 0.000000 0.151390 -0.883830 0.442636
-0.68085599 -0.51114601 -5.60220194 142 179 105 0.000000 0.619788 -0.698284 -0.358136
-0.69573402 -0.75498801 -5.15502214 121 160 86 0.000000 0.772530 -0.588371 -0.238782
-0.77921897 -0.68390203 -5.48896122 126 165 102 0.000000 0.634192 -0.603913 -0.482794
-0.71474600 -0.54007697 -5.61542797 132 171 102 0.000000 0.625948 -0.697859 -0.348112
-0.78996402 -0.58553898 -5.66502285 120 159 76 0.000000 0.554036 -0.641604 -0.530460
-0.76764703 -0.52106500 -5.75677299 117 157 73 0.000000 0.664650 -0.728530 -0.165782
-0.49487501 -0.44832599 -5.39969015 150 178 102 0.000000 0.134823 0.982628 0.127535
-0.74698198 -0.74258900 -5.30711317 138 172 108 0.000000 0.857174 -0.427820 -0.286747
-0.69077498 -0.74672198 -5.16990089 120 158 82 0.000000 0.703015 -0.600938 -0.380320
-0.67754900 -0.46072501 -5.80058193 104 143 69 0.000000 0.172716 -0.971046 0.165040
-0.65357900 -0.49296099 -5.57575178 136 175 103 0.000000 0.702669 -0.680953 -0.206302
-0.83708000 -0.67976898 -5.57657909 123 163 70 0.000000 0.649853 -0.492008 -0.579327
-0.75938100 -0.79053098 -5.27900887 134 172 109 0.000000 0.761097 -0.579199 -0.291993
-0.65605801 -0.47560301 -5.62286711 137 175 98 0.000000 0.646880 -0.710769 -0.276322
-0.71226603 -0.51610601 -5.66254282 124 163 85 0.000000 0.659448 -0.682131 -0.315952
-0.62712801 -0.56818002 -5.33025694 124 163 88 0.000000 0.801930 -0.593969 -0.064097
-0.90403301 -0.69960701 -5.62947893 116 157 62 0.000000 0.482597 -0.593578 -0.644023
-0.72218502 -0.73432302 -5.24842596 118 157 90 0.000000 0.674630 -0.601337 -0.428099
-0.87510198 -0.61694902 -5.71626997 117 156 79 0.000000 0.516894 -0.658325 -0.547201
-0.68250901 -0.57809901 -5.45341778 130 163 98 0.000000 0.646462 -0.704211 -0.293555
-0.70978600 -0.78474402 -5.13187790 129 163 96 0.000000 0.434477 -0.735142 -0.520381
-0.60811698 -0.47312301 -5.50879908 128 165 88 0.000000 0.691633 -0.675806 -0.254812
-0.54777598 -0.52023900 -5.33108377 144 181 81 0.000000 -0.389710 0.897648 0.205802
-0.78583199 -0.68142200 -5.50135899 124 162 94 0.000000 0.545718 -0.663257 -0.512135
-0.84369200 -0.62769401 -5.66006279 144 163 97 0.000000 0.381354 -0.815363 -0.435605
-0.89163399 -0.63017398 -5.71709681 132 168 85 0.000000 0.586295 -0.643412 -0.492219
-0.82468098 -0.76573300 -5.48648119 127 165 93 0.000000 0.640892 -0.506322 -0.576971
-0.72053200 -0.48221600 -5.75263977 149 146 100 0.000000 0.499358 -0.831239 -0.244301
-0.93131000 -0.67728901 -5.68816710 121 158 81 0.000000 0.516736 -0.801178 -0.301824
-0.74450201 -0.73184299 -5.31703186 135 170 109 0.000000 0.842645 -0.451583 -0.293296
-0.61886197 -0.54999602 -5.36827993 127 168 72 0.000000 -0.853712 0.261153 0.450528
-0.65605801 -0.46403101 -5.65262413 161 153 115 0.000000 0.697884 -0.602193 -0.387713
-0.58001298 -0.37476000 -5.69973898 149 188 132 0.000000 0.564423 -0.825348 0.015106
-0.76103401 -0.60950899 -5.57409906 128 168 93 0.000000 0.650017 -0.682600 -0.333969
-0.73375702 -0.80540901 -5.14344978 127 165 91 0.000000 0.801582 -0.572127 -0.173601
-0.74615598 -0.67480898 -5.42283392 128 165 106 0.000000 0.865728 -0.477392 -0.150371
-0.66101801 -0.64339900 -5.27818298 127 165 84 0.000000 0.808734 -0.460994 -0.365286
-0.82220101 -0.71531200 -5.52781010 123 161 92 0.000000 0.731295 -0.523297 -0.437456
-0.64035302 -0.47891000 -5.57492495 138 178 97 0.000000 0.631737 -0.618332 -0.467519
-0.70482701 -0.46651101 -5.79810190 115 154 89 0.000000 0.462574 -0.881562 0.094202
-0.65357900 -0.70125997 -5.19304514 122 162 72 0.000000 0.626144 -0.585638 -0.514754
-0.58579898 -0.38467899 -5.63195896 141 174 113 0.000000 0.830658 -0.513637 -0.214904
-0.71639901 -0.66654301 -5.35174799 129 160 104 0.000000 0.641007 -0.657570 -0.395867
-0.57587999 -0.37310699 -5.61212206 145 182 128 0.000000 0.802721 -0.579329 -0.141481
-0.79575002 -0.51941198 -5.84934998 135 170 106 0.000000 0.514705 -0.855991 0.048557
-0.74780899 -0.51114601 -5.73776197 116 157 75 0.000000 -0.506957 0.853595 0.119879
-0.84534502 -0.69134098 -5.57905817 118 157 76 0.000000 0.688560 -0.561852 -0.458484
-0.77839202 -0.78226501 -5.36084080 135 169 114 0.000000 0.932915 -0.141517 -0.331123
-0.55108303 -0.37972000 -5.51127911 137 172 98 0.000000 0.759850 -0.514737 -0.397083
-0.61803597 -0.56983298 -5.27652979 150 181 118 0.000000 0.871120 -0.449658 -0.197375
-0.83129299 -0.60372299 -5.68733978 118 157 72 0.000000 0.459961 -0.722321 -0.516418
-0.88998097 -0.63844001 -5.69973898 119 158 78 0.000000 0.633434 -0.679502 -0.370189
-0.80318999 -0.78226501 -5.43192720 133 166 104 0.000000 0.855127 -0.294287 -0.426793
-0.69077498 -0.46320501 -5.80471516 101 134 73 0.000000 0.292732 -0.945645 0.141644
-0.72301102 -0.77069300 -5.18973923 130 167 93 0.000000 0.634489 -0.708755 -0.308365
-0.64200598 -0.59297800 -5.30794001 131 167 95 0.000000 0.704605 -0.663437 -0.251758
-0.63870001 -0.50122702 -5.52367687 129 167 94 0.000000 0.718905 -0.499747 -0.483144
-0.65109903 -0.54751599 -5.45672417 126 165 79 0.000000 0.733419 -0.552935 -0.395423
-0.80153602 -0.53925002 -5.77661085 115 153 81 0.000000 0.634600 -0.732231 -0.247226
-0.76268703 -0.72275102 -5.39059782 137 170 111 0.000000 0.857174 -0.427820 -0.286747
-0.76351398 -0.73267001 -5.37737179 134 166 110 0.000000 0.831183 -0.450944 -0.325245
-0.93626899 -0.68803501 -5.67494202 126 166 90 0.000000 0.523576 -0.769965 -0.364720
-0.68994802 -0.64257300 -5.33769703 126 163 93 0.000000 0.857181 -0.406196 -0.316616
-0.91147202 -0.68142200 -5.65427685 115 155 73 0.000000 0.514867 -0.672513 -0.531637
-0.62299502 -0.56239402 -5.33687019 125 165 69 0.000000 -0.683271 0.692695 0.230898
-0.67837602 -0.57975203 -5.44267178 130 159 99 0.000000 0.705835 -0.621069 -0.340691
-0.72631800 -0.71779102 -5.29306078 144 158 111 0.000000 0.671318 -0.631732 -0.387616
-0.81724203 -0.74754798 -5.48813391 122 160 98 0.000000 0.823101 -0.238469 -0.515400
-0.65853798 -0.55991399 -5.44349909 129 169 88 0.000000 0.452946 -0.865531 -0.213767
-0.75855398 -0.83103299 -5.13849115 141 169 119 0.000000 0.649175 -0.730127 -0.213278
-0.69573402 -0.62934703 -5.37241316 132 164 92 0.000000 0.722390 -0.626285 -0.293121
-0.63456702 -0.58801800 -5.29471397 130 167 94 0.000000 0.726382 -0.665213 -0.172802
-0.88832802 -0.59876400 -5.77247810 126 163 78 0.000000 0.578118 -0.773449 -0.259917
-0.77012599 -0.79301000 -5.31289911 139 172 118 0.000000 0.929691 -0.213025 -0.300492
-0.82963997 -0.57644600 -5.73362923 114 153 75 0.000000 0.474261 -0.759802 -0.444722
-0.75276798 -0.55412799 -5.66171598 124 164 79 0.000000 0.602300 -0.669037 -0.435458
-0.74863499 -0.82607400 -5.12526608 134 166 108 0.000000 0.704235 -0.639774 -0.307801
-0.66928399 -0.61612201 -5.33439016 135 157 98 0.000000 0.634737 -0.748467 -0.192112
-0.55025601 -0.45989799 -5.43688583 129 169 77 0.000000 -0.700860 0.612227 0.366023
-0.54364300 -0.32681900 -5.62534714 157 190 142 0.000000 0.792146 -0.554658 -0.254674
-0.55273598 -0.48800200 -5.40878201 134 174 75 0.000000 -0.589059 0.746356 0.309778
-0.70730603 -0.51941198 -5.64849091 133 172 97 0.000000 0.680241 -0.640902 -0.355692
-0.92965698 -0.68968803 -5.66419601 116 156 69 0.000000 0.430304 -0.859078 -0.277171
-0.64779299 -0.68555498 -5.20379114 128 166 76 0.000000 0.697224 -0.523336 -0.489896
-0.80236298 -0.69299400 -5.52202415 119 155 85 0.000000 0.809765 -0.445610 -0.381723
-0.82385403 -0.58636498 -5.71048403 115 155 75 0.000000 0.555297 -0.735482 -0.388216
-0.56513399 -0.52933103 -5.29967403 127 166 86 0.000000 -0.063010 -0.855542 0.513885
-0.70069402 -0.58967102 -5.47242880 126 152 95 0.000000 0.640186 -0.741999 -0.198998
-0.75524801 -0.69960701 -5.41126299 140 173 101 0.000000 0.861010 -0.285984 -0.420565
-0.77425897 -0.51114601 -5.80306101 130 171 98 0.000000 0.602883 -0.776880 -0.181628
-0.95032102 -0.74424201 -5.62369299 130 141 87 0.000000 0.206420 -0.555041 -0.805804
-0.76847303 -0.84839100 -5.09881496 158 178 132 0.000000 0.379241 -0.902331 -0.204877
-0.65357900 -0.56652701 -5.41126299 123 161 75 0.000000 -0.785955 0.485775 0.382487
-0.55438900 -0.35326901 -5.68238115 147 186 126 0.000000 0.485670 -0.826108 0.285780
-0.75111502 -0.76903898 -5.27818298 131 168 108 0.000000 0.890092 -0.406187 -0.206759
-0.84286600 -0.81284797 -5.49309397 134 168 106 0.000000 0.915283 -0.030290 -0.401671
-0.84038597 -0.54916900 -5.84439087 120 159 92 0.000000 0.489580 -0.867700 -0.086065
-0.64035302 -0.51032001 -5.51045179 136 167 87 0.000000 -0.444317 0.703919 0.554149
-0.87014300 -0.57066000 -5.85513592 120 154 92 0.000000 0.587654 -0.801613 -0.109910
-0.73293000 -0.71448499 -5.31042004 125 160 99 0.000000 0.862311 -0.324327 -0.388885
-0.89824599 -0.59297800 -5.80388784 118 153 77 0.000000 0.586212 -0.760963 -0.278014
-0.78004497 -0.60620302 -5.61294794 127 167 79 0.000000 0.658057 -0.658057 -0.365952
-0.66101801 -0.48056301 -5.62617397 134 171 90 0.000000 0.721454 -0.676080 -0.149736
-0.74698198 -0.55495501 -5.65014410 122 163 81 0.000000 0.607425 -0.741346 -0.285378
-0.71143901 -0.61860198 -5.43605995 137 165 105 0.000000 0.753357 -0.612396 -0.239633
-0.84699798 -0.78970402 -5.51045179 133 168 98 0.000000 0.841310 -0.309465 -0.443204
-0.64861900 -0.59297800 -5.32612514 122 159 89 0.000000 0.798609 -0.601387 -0.023611
-0.61059600 -0.40121099 -5.75346708 147 161 133 0.000000 0.705324 -0.705324 0.070967
-0.73789001 -0.48386899 -5.81050110 131 165 100 0.000000 0.427862 -0.903843 0.001300
-0.64035302 -0.56322098 -5.38646507 119 157 73 0.000000 -0.825772 0.507811 0.245416
-0.77839202 -0.57562000 -5.66502285 120 158 76 0.000000 0.594789 -0.716040 -0.365394
-0.76516700 -0.56735402 -5.65923595 120 161 82 0.000000 0.593290 -0.695752 -0.404891
-0.73458302 -0.81450099 -5.12278605 133 167 92 0.000000 0.696392 -0.647919 -0.308610
-0.65853798 -0.48304200 -5.61212206 136 173 110 0.000000 0.720060 -0.585562 -0.372332
-0.52959102 -0.32020599 -5.54930115 112 146 90 0.000000 0.818141 -0.483948 -0.310547
-0.66184402 -0.47973600 -5.63443899 134 172 96 0.000000 0.617644 -0.752118 -0.229857
-0.84203899 -0.55164897 -5.86918783 128 166 102 0.000000 0.583960 -0.811440 0.023580
-0.69160098 -0.51527900 -5.62699986 225 170 164 0.000000 0.627000 -0.633688 -0.453112
-0.60398400 -0.43179399 -5.57244492 136 163 93 0.000000 0.468630 -0.832946 -0.294256
-0.77343303 -0.50536001 -5.82868624 127 163 100 0.000000 0.664837 -0.744904 -0.055761
-0.91477799 -0.63017398 -5.75925303 128 162 80 0.000000 0.766383 -0.624851 -0.149061
-0.62382197 -0.48634899 -5.52037096 130 169 76 0.000000 -0.782539 0.515801 0.348688
-0.60150403 -0.53676999 -5.37241316 125 160 70 0.000000 -0.577784 0.767741 0.277020
-0.82468098 -0.54338300 -5.81463385 122 128 88 0.000000 0.545328 -0.824678 -0.150077
-0.70234698 -0.73845601 -5.20379114 122 159 82 0.000000 0.514954 -0.776466 -0.363212
-0.89741999 -0.62686801 -5.73197603 116 156 83 0.000000 0.677537 -0.671099 -0.300949
-0.74450201 -0.80292898 -5.17734003 132 161 100 0.000000 0.815102 -0.512750 -0.269623
-0.69325399 -0.69547403 -5.25834513 132 160 90 0.000000 0.847170 -0.427471 -0.315551
-0.68746799 -0.53181100 -5.56831312 145 179 117 0.000000 0.642876 -0.682135 -0.348429
-0.72631800 -0.71200502 -5.29884720 156 162 121 0.000000 0.910647 -0.410526 -0.046803
-0.94370800 -0.71365899 -5.64435816 116 156 61 0.000000 0.370189 -0.679502 -0.633434
-0.71887797 -0.74010903 -5.23602676 116 157 82 0.000000 0.715951 -0.563832 -0.411713
-0.79079098 -0.51610601 -5.84521723 130 166 97 0.000000 0.529449 -0.847394 0.040089
-0.57918602 -0.52850401 -5.35918808 126 166 67 0.000000 -0.444993 0.831807 0.331779
-0.64366001 -0.69464701 -5.18973923 124 163 71 0.000000 0.504884 -0.545140 -0.669264
-0.78748500 -0.75168103 -5.42283392 134 170 97 0.000000 0.921583 -0.293817 -0.253686
-0.76847303 -0.53015798 -5.74106789 117 158 73 0.000000 0.600325 -0.680147 -0.420726
-0.87014300 -0.62521398 -5.69395304 121 161 73 0.000000 0.632729 -0.688317 -0.354786
-0.97098601 -0.69712698 -5.70469904 135 156 114 0.000000 0.546041 -0.807525 -0.223031
-0.57505298 -0.53098398 -5.33687019 127 165 70 0.000000 -0.411769 0.905337 0.103982
-0.64779299 -0.48965499 -5.56831312 141 180 103 0.000000 0.838144 -0.473868 -0.270120
-0.70152003 -0.76325297 -5.15584898 128 166 95 0.000000 0.702446 -0.634310 -0.322833
-0.66019100 -0.49709401 -5.58732414 134 170 99 0.000000 0.769084 -0.617391 -0.165345
-0.51884598 -0.27722400 -5.57657909 64 67 64 0.000000 0.791765 -0.595680 -0.135179
-0.79079098 -0.82441998 -5.36910677 137 174 106 0.000000 0.735954 -0.213162 -0.642599
-0.92965698 -0.75002801 -5.61542797 121 139 90 0.000000 0.443456 0.014561 -0.896178
-0.86022401 -0.59876400 -5.73032188 127 168 86 0.000000 0.597438 -0.706063 -0.380188
-0.58497202 -0.51362598 -5.40299702 132 170 72 0.000000 -0.482082 0.814007 0.324022
-0.76682001 -0.64670497 -5.52698421 135 170 95 0.000000 0.767207 -0.638144 -0.064531
-0.65523201 -0.48469600 -5.60054922 135 173 107 0.000000 0.737525 -0.648221 -0.189385
-0.84369200 -0.55743498 -5.81298113 125 164 88 0.000000 0.514589 -0.816191 -0.262736
-0.75607502 -0.63017398 -5.53524923 142 161 102 0.000000 0.723067 -0.668034 -0.175798
-0.59654498 -0.39873099 -5.63113308 143 181 118 0.000000 0.779116 -0.594710 -0.198237
-0.76764703 -0.83351302 -5.23106813 161 176 140 0.000000 0.808823 -0.577731 -0.109696
-0.74036998 -0.63844001 -5.48152208 139 174 113 0.000000 0.794749 -0.558346 -0.237958
-0.69821399 -0.76903898 -5.14014387 130 160 97 0.000000 0.879780 -0.465932 -0.094312
-0.82963997 -0.54338300 -5.86340189 119 155 91 0.000000 0.568774 -0.821872 0.031985
-0.50644702 -0.45576501 -5.40134287 146 183 101 0.000000 -0.332576 0.452367 0.827501
-0.92800301 -0.66984999 -5.69725895 116 152 74 0.000000 0.602751 -0.682454 -0.413458
-0.62382197 -0.59876400 -5.24512005 121 158 94 0.000000 0.753384 -0.507180 -0.418547
-0.74863499 -0.78557098 -5.24015999 141 175 110 0.000000 0.816191 -0.514589 -0.262736
-0.62795502 -0.55578202 -5.37737179 127 167 82 0.000000 0.562055 -0.753186 -0.341768
-0.72714400 -0.66241097 -5.38398504 176 171 142 0.000000 0.887715 -0.459349 0.030982
-0.70978600 -0.47643000 -5.73114920 114 154 80 0.000000 0.544394 -0.830457 -0.118220
-0.83708000 -0.62108099 -5.66584921 140 164 97 0.000000 0.490395 -0.838714 -0.236795
-0.75524801 -0.56239402 -5.65014410 127 166 85 0.000000 0.674325 -0.674325 -0.300952
-0.68002898 -0.58471203 -5.43523312 125 160 89 0.000000 0.732231 -0.634600 -0.247226
-0.93296301 -0.65827799 -5.76090622 141 172 112 0.000000 0.861649 -0.460046 -0.214288
-0.81145501 -0.70291299 -5.52285099 112 150 91 0.000000 0.729807 -0.569086 -0.378844
-0.82302803 -0.55743498 -5.76255894 135 161 90 0.000000 0.530033 -0.826006 -0.191778
-0.69738698 -0.71696502 -5.23024082 122 157 78 0.000000 0.672254 -0.662488 -0.330430
-0.91477799 -0.69382101 -5.64518499 121 161 66 0.000000 0.527943 -0.608906 -0.592039
-0.80153602 -0.67150301 -5.54682207 120 158 89 0.000000 0.754768 -0.452203 -0.475224
-0.67920297 -0.49296099 -5.64353085 144 174 112 0.000000 0.659675 -0.691776 -0.293724
-0.61803597 -0.55826098 -5.33439016 138 177 68 0.000000 -0.682292 0.715574 0.149771
-0.93378901 -0.70043302 -5.65097094 111 151 58 0.000000 0.454011 -0.641647 -0.618193
-0.68002898 -0.73349601 -5.17403412 122 163 78 0.000000 0.576718 -0.696383 -0.427137
-0.93296301 -0.66241097 -5.73858786 136 168 109 0.000000 0.825348 -0.564423 -0.015106
-0.75524801 -0.55330199 -5.66915607 133 157 88 0.000000 0.624590 -0.720927 -0.300253
-0.71226603 -0.65662402 -5.36332083 128 164 91 0.000000 0.703931 -0.608761 -0.365913
-0.78087199 -0.51775903 -5.80140781 126 165 95 0.000000 0.612107 -0.760873 -0.215400
-0.75028902 -0.73101699 -5.34265614 136 172 107 0.000000 0.854190 -0.412421 -0.316653
-0.62795502 -0.61860198 -5.23685408 137 172 90 0.000000 0.861010 -0.285984 -0.420565
-0.59489101 -0.53181100 -5.37241316 127 166 67 0.000000 -0.488782 0.845911 0.213369
-0.54198998 -0.37393400 -5.51045179 131 169 105 0.000000 0.841068 -0.499809 -0.206870
-0.91973799 -0.65249199 -5.71957684 125 163 87 0.000000 0.672921 -0.592772 -0.442492
-0.53207099 -0.31855300 -5.64435816 164 201 146 0.000000 0.626370 -0.769200 0.126464
-0.91973799 -0.59628397 -5.84025812 124 162 85 0.000000 0.452320 -0.864066 0.220900
-0.70813298 -0.70539302 -5.27405024 121 159 92 0.000000 0.579996 -0.670255 -0.462994
-0.81806803 -0.73845601 -5.49805307 129 167 99 0.000000 0.947021 -0.284241 -0.149530
-0.73375702 -0.57644600 -5.57988501 132 171 97 0.000000 0.744492 -0.569317 -0.348727
-0.72383797 -0.58636498 -5.54516792 138 152 101 0.000000 0.713080 -0.659560 -0.237693
-0.52049899 -0.28962299 -5.61377478 169 200 150 0.000000 0.554953 -0.831745 0.015073
-0.76929998 -0.51032001 -5.78901005 117 156 91 0.000000 0.491237 -0.857831 -0.151037
-0.68581498 -0.58553898 -5.44928503 135 167 103 0.000000 0.718949 -0.570882 -0.396492
-0.71887797 -0.58057898 -5.54020882 162 142 118 0.000000 0.712351 -0.681844 -0.166266
-0.79409701 -0.54090297 -5.75677299 119 159 76 0.000000 0.453036 -0.805219 -0.382599
-0.75359499 -0.82441998 -5.14262295 134 167 110 0.000000 0.698423 -0.715286 -0.023890
-0.80732298 -0.67894202 -5.54930115 124 159 81 0.000000 0.907954 -0.300695 -0.291895
-0.76103401 -0.82937998 -5.15915489 141 151 122 0.000000 0.402635 -0.915316 -0.009063
-0.73540998 -0.66323698 -5.41622210 127 165 104 0.000000 0.871526 -0.380053 -0.309842
-0.66515100 -0.58140600 -5.40382290 124 162 88 0.000000 0.798878 -0.570627 -0.190209
-0.84369200 -0.63678700 -5.65014410 128 163 74 0.000000 0.509680 -0.644249 -0.570236
-0.83790600 -0.55082202 -5.82785892 133 163 100 0.000000 0.719831 -0.687578 -0.095293
-0.66019100 -0.46320501 -5.66337013 152 163 97 0.000000 0.791765 0.135179 0.595680
-0.63621998 -0.42022201 -5.73776197 143 174 123 0.000000 0.728773 -0.683136 0.047064
-0.67259002 -0.42600799 -5.75594711 170 90 92 0.000000 0.586818 0.776717 0.228812
-0.77673900 -0.82028699 -5.31620502 150 176 121 0.000000 0.994694 -0.102601 -0.007560
-0.72714400 -0.66737002 -5.37158585 147 166 112 0.000000 0.632729 -0.688317 -0.354786
-0.81393498 -0.53015798 -5.84769678 124 162 95 0.000000 0.571011 -0.817161 0.078711
-0.63374102 -0.64587897 -5.22362900 130 169 77 0.000000 0.752913 -0.513425 -0.411724
-0.75028902 -0.78309101 -5.25503922 131 163 108 0.000000 0.760294 -0.571421 -0.308919
-0.71805203 -0.74837500 -5.22032213 125 164 83 0.000000 0.594965 -0.745711 -0.299888
-0.68829501 -0.57066000 -5.49309397 127 163 93 0.000000 0.657946 -0.728826 -0.189525
-0.69904101 -0.57644600 -5.50218582 130 166 97 0.000000 0.743982 -0.624944 -0.236508
-0.84038597 -0.59959000 -5.70387220 114 156 69 0.000000 0.443099 -0.807816 -0.388711
-0.64366001 -0.48386899 -5.57079220 134 175 83 0.000000 -0.986024 0.007924 0.166413
-0.71557200 -0.76821297 -5.17899323 119 158 89 0.000000 0.688082 -0.688082 -0.230406
-0.80649602 -0.53098398 -5.81959295 121 161 94 0.000000 0.711203 -0.702819 0.015370
-0.94453502 -0.62934703 -5.79644918 125 158 64 0.000000 0.437649 -0.476988 -0.762198
-0.77178001 -0.66323698 -5.51045179 123 162 92 0.000000 0.768959 -0.579482 -0.270004
-0.64696598 -0.70621902 -5.18230009 140 167 87 0.000000 0.587623 -0.510171 -0.628032
-0.74202299 -0.81532800 -5.13022518 130 165 96 0.000000 0.692377 -0.643732 -0.325920
-0.65109903 -0.51693201 -5.52202415 151 164 100 0.000000 -0.760475 0.634974 0.135959
-0.71639901 -0.65331799 -5.37654591 130 166 101 0.000000 0.651174 -0.641232 -0.405948
-0.51554000 -0.28466299 -5.61625385 104 108 101 0.000000 0.815569 -0.578659 0.001362
-0.71226603 -0.55330199 -5.58236504 138 170 112 0.000000 0.856301 -0.515959 -0.023143
-0.65027201 -0.54999602 -5.45011091 126 165 76 0.000000 -0.531946 0.817082 0.222283
-0.85691702 -0.67398298 -5.61046791 117 158 68 0.000000 0.523166 -0.690312 -0.499766
-0.54198998 -0.52189201 -5.31207323 133 167 80 0.000000 -0.007500 -0.995414 0.095363
-0.70482701 -0.56570101 -5.53772879 231 166 163 0.000000 0.830951 -0.554433 0.046086
-0.74367601 -0.51445299 -5.72536278 119 159 74 0.000000 -0.586857 0.539502 0.603769
-0.75607502 -0.53346401 -5.71379089 120 160 76 0.000000 0.810309 -0.578378 -0.094222
-0.82054800 -0.80871499 -5.45755100 136 172 103 0.000000 0.832143 -0.371069 -0.412124
-0.77591300 -0.73101699 -5.41539478 129 165 102 0.000000 0.872258 -0.325378 -0.365096
-0.53289801 -0.47643000 -5.40299702 135 175 75 0.000000 -0.627038 0.603503 0.492552
-0.63456702 -0.53842300 -5.43853998 131 170 84 0.000000 0.713922 -0.620028 -0.325393
-0.74780899 -0.58471203 -5.59393597 130 164 92 0.000000 0.658254 -0.711924 -0.244675
-0.58331901 -0.37641400 -5.71131086 138 175 117 0.000000 0.642023 -0.759556 0.104310
-0.80732298 -0.52767801 -5.83116484 120 159 90 0.000000 0.459235 -0.835963 -0.300449
-0.72301102 -0.76573300 -5.19883108 134 171 89 0.000000 0.696896 -0.635166 -0.333016
-0.81558800 -0.66984999 -5.56583309 115 154 83 0.000000 0.545969 -0.689557 -0.475845
-0.89907300 -0.67315602 -5.65097094 109 149 65 0.000000 0.568104 -0.688055 -0.451484
-0.86518300 -0.56735402 -5.85183001 132 167 107 0.000000 0.632504 -0.767517 -0.104194
-0.94536197 -0.71035200 -5.66667604 135 173 82 0.000000 -0.499186 0.696189 0.515881
-0.66763002 -0.42766199 -5.79149008 124 113 77 0.000000 0.988294 0.054455 -0.142509
-0.79079098 -0.51775903 -5.86174917 131 164 101 0.000000 0.698034 -0.698034 0.159681
-0.88006198 -0.69878000 -5.61129522 113 145 68 0.000000 0.554612 -0.323121 -0.766811
-0.83212000 -0.75664097 -5.50631905 127 163 99 0.000000 0.881749 -0.136205 -0.451627
-0.77095300 -0.52850401 -5.74685383 118 159 76 0.000000 0.586320 -0.569423 -0.576182
-0.56100202 -0.35905501 -5.70469904 105 111 95 0.000000 0.727209 -0.488671 -0.482045
-0.91312498 -0.60041702 -5.80636787 114 150 72 0.000000 0.460760 -0.866703 -0.191119
-0.78417802 -0.52767801 -5.77413082 143 151 104 0.000000 0.561437 -0.743701 -0.362900
-0.58910501 -0.53925002 -5.29554081 131 166 95 0.000000 0.571011 -0.817161 -0.078711
-0.69738698 -0.59049797 -5.46333694 133 164 99 0.000000 0.713265 -0.625926 -0.315389
-0.78748500 -0.57396603 -5.68238115 125 161 84 0.000000 0.600396 -0.711641 -0.364818
-0.83542597 -0.54668897 -5.84025812 121 159 90 0.000000 0.609135 -0.792016 -0.040797
-0.69904101 -0.74258900 -5.19387197 123 162 85 0.000000 0.684372 -0.621707 -0.380940
-0.61390299 -0.56156802 -5.29802084 134 169 105 0.000000 0.675900 -0.675900 -0.293800
-0.57753301 -0.43923399 -5.49887991 133 168 91 0.000000 0.744371 -0.483594 -0.460487
-0.87014300 -0.58223200 -5.78487682 110 147 78 0.000000 0.593742 -0.800761 -0.079070
-0.64861900 -0.53098398 -5.49061394 121 157 78 0.000000 0.887302 -0.252024 -0.386237
-0.69573402 -0.50370699 -5.65675688 138 172 100 0.000000 0.647752 -0.689961 -0.323064
-0.54612303 -0.48056301 -5.41208887 140 180 80 0.000000 -0.668452 0.484167 0.564583
-0.62464797 -0.49792099 -5.50135899 133 174 72 0.000000 -0.722743 0.595488 0.350767
-0.73293000 -0.77647901 -5.19883108 127 148 96 0.000000 0.642041 -0.665148 -0.381263
-0.81724203 -0.63595998 -5.62038708 127 165 78 0.000000 0.545617 -0.759330 -0.354570
-0.90237898 -0.71531200 -5.61542797 114 154 59 0.000000 0.428712 -0.541270 -0.723348
-0.80649602 -0.78226501 -5.44680500 130 166 108 0.000000 0.628834 -0.413139 -0.658699
-0.61555600 -0.54916900 -5.36084080 122 162 81 0.000000 0.523755 -0.849522 -0.063188
-0.75607502 -0.81284797 -5.20296383 134 169 111 0.000000 0.720824 -0.631320 -0.286092
-0.75938100 -0.65001202 -5.50383902 127 165 93 0.000000 0.723869 -0.589880 -0.357849
-0.59985101 -0.38963899 -5.73114920 150 188 132 0.000000 0.474463 -0.873412 0.109711
-0.75938100 -0.76242697 -5.31868505 135 170 109 0.000000 0.830240 -0.442690 -0.338713
-0.69160098 -0.65083802 -5.33191109 126 157 88 0.000000 0.767121 -0.562128 -0.309091
-0.62051499 -0.48634899 -5.51210499 130 166 85 0.000000 0.722778 -0.547459 -0.421758
-0.64283299 -0.60041702 -5.29884720 133 167 97 0.000000 0.802243 -0.547760 -0.237414
-0.60233098 -0.50536001 -5.44928503 126 165 79 0.000000 0.079925 -0.696072 -0.713510
-0.61472899 -0.55991399 -5.31289911 128 165 100 0.000000 0.705167 -0.673896 -0.220462
-0.54942900 -0.35244301 -5.57823181 134 169 110 0.000000 0.786214 -0.587752 -0.190829
-0.78335202 -0.58553898 -5.65427685 117 157 77 0.000000 0.637920 -0.644582 -0.421393
-0.61803597 -0.45741799 -5.55591393 133 172 100 0.000000 0.830457 -0.538396 -0.143080
-0.65688503 -0.65331799 -5.25503922 130 168 83 0.000000 0.751097 -0.522004 -0.404185
-0.71391898 -0.52519798 -5.64766502 129 169 100 0.000000 0.588469 -0.691244 -0.419388
-0.83873302 -0.73514998 -5.53111601 120 158 92 0.000000 0.795541 -0.364824 -0.483753
-0.57257402 -0.53181100 -5.30463409 127 165 82 0.000000 0.144048 -0.862835 0.484526
-0.67010999 -0.50783998 -5.58484411 138 172 102 0.000000 0.640264 -0.719702 -0.268498
-0.77343303 -0.71779102 -5.42696714 134 170 99 0.000000 0.840189 -0.451931 -0.299735
-0.81972098 -0.53925002 -5.82537889 129 167 95 0.000000 0.609899 -0.789869 -0.064275
-0.68416202 -0.44749999 -5.73941517 115 120 61 0.000000 -0.852026 0.443668 0.277868
-0.63870001 -0.54420900 -5.43523312 130 168 77 0.000000 -0.935330 0.056251 0.349277
-0.77839202 -0.73680300 -5.41787481 129 164 100 0.000000 0.877525 -0.244507 -0.412512
-0.65275198 -0.48717499 -5.58815098 135 174 95 0.000000 0.795311 -0.589395 -0.141753
-0.85609102 -0.69299400 -5.59393597 115 152 72 0.000000 0.628032 -0.587623 -0.510171
-0.67589599 -0.45741799 -5.78735590 106 146 76 0.000000 0.054976 -0.973694 0.221128
-0.64861900 -0.55578202 -5.42861986 128 169 68 0.000000 -0.699022 0.680257 0.220497
-0.52463198 -0.33425799 -5.68072701 159 178 134 0.000000 0.412234 -0.862780 0.292701
-0.65275198 -0.50949299 -5.54434204 136 171 98 0.000000 0.533648 -0.793346 -0.292952
-0.55934799 -0.35409600 -5.67494202 154 190 137 0.000000 0.489555 -0.861443 0.135100
-0.68498898 -0.48552200 -5.68238115 184 131 120 0.000000 0.650017 -0.682600 -0.333969
-0.68829501 -0.71117902 -5.22858810 128 166 80 0.000000 0.870522 -0.254971 -0.420928
-0.65853798 -0.71283197 -5.18312597 130 168 77 0.000000 0.443099 -0.807816 -0.388711
-0.81972098 -0.60950899 -5.66089010 118 151 69 0.000000 0.469350 -0.721439 -0.509153
-0.81145501 -0.62521398 -5.62947893 122 160 76 0.000000 0.601337 -0.674630 -0.428099
-0.79575002 -0.52106500 -5.87001514 142 176 115 0.000000 0.548532 -0.785650 -0.286122
-0.86601001 -0.63430703 -5.67576790 120 160 71 0.000000 0.586626 -0.650499 -0.482412
-0.66597700 -0.42766199 -5.77165222 200 117 124 0.000000 0.979179 0.190026 0.071411
-0.75855398 -0.73845601 -5.34761620 138 171 109 0.000000 0.805942 -0.505099 -0.308760
-0.72962397 -0.68307501 -5.36084080 135 170 108 0.000000 0.870059 -0.466469 -0.159389
-0.74202299 -0.69795299 -5.37158585 131 168 107 0.000000 0.729807 -0.569086 -0.378844
-0.55190903 -0.52106500 -5.28892899 132 169 86 0.000000 0.596579 -0.801521 0.040708
-0.54694998 -0.33756399 -5.59724283 148 186 125 0.000000 0.793375 -0.572396 -0.207168
-0.70730603 -0.65579802 -5.35174799 128 164 95 0.000000 0.684356 -0.651845 -0.326735
-0.56182802 -0.35326901 -5.66089010 152 188 130 0.000000 0.803757 -0.594918 0.006870
-0.83955902 -0.75085503 -5.52533102 116 154 90 0.000000 0.715102 -0.379744 -0.586877
-0.77343303 -0.84012502 -5.26165104 77 76 67 0.000000 0.649226 -0.760442 0.015292
-0.61555600 -0.58057898 -5.23933411 143 175 109 0.000000 0.942772 -0.071917 -0.325590
-0.74036998 -0.65249199 -5.45011091 135 170 98 0.000000 0.821723 -0.552257 -0.140655
-0.61886197 -0.51693201 -5.45755100 149 170 92 0.000000 -0.579278 0.729401 0.363884
-0.55934799 -0.34913599 -5.65014410 156 192 136 0.000000 0.681844 -0.712351 0.166266
-0.53207099 -0.47147000 -5.40630293 131 170 77 0.000000 -0.492008 0.579327 0.649853
-0.54033703 -0.32351199 -5.63939905 159 196 139 0.000000 0.759534 -0.633196 0.148899
-0.71061301 -0.47229701 -5.81546021 122 162 95 0.000000 0.362971 -0.923298 0.125591
-0.64779299 -0.42848799 -5.71544409 146 154 105 0.000000 0.539996 -0.841068 0.031764
-0.64117998 -0.42683500 -5.74768114 152 184 138 0.000000 0.659560 -0.713080 0.237693
-0.65853798 -0.49213499 -5.59311008 133 172 97 0.000000 0.725351 -0.619202 -0.300755
-0.78169900 -0.73762900 -5.42531395 136 172 101 0.000000 0.891366 -0.269344 -0.364582
-0.74946201 -0.73349601 -5.33108377 132 169 106 0.000000 0.793251 -0.515533 -0.324004
-0.66349798 -0.55412799 -5.46995020 129 166 92 0.000000 0.641895 -0.690646 -0.333135
-0.88502097 -0.76821297 -5.58567095 124 150 92 0.000000 0.843207 0.120458 -0.523920
-0.69160098 -0.72771001 -5.20792294 121 160 82 0.000000 0.590163 -0.670412 -0.449728
-0.76020700 -0.53015798 -5.72453594 119 159 75 0.000000 0.706994 -0.666054 -0.237764
-0.68416202 -0.70787197 -5.22445488 115 153 80 0.000000 0.731508 -0.595263 -0.332504
-0.73045099 -0.48965499 -5.74602699 116 155 94 0.000000 0.656090 -0.718724 -0.230179
-0.61803597 -0.40947700 -5.75842619 153 167 133 0.000000 0.706905 -0.706905 0.023891
-0.88254100 -0.68555498 -5.62203979 106 140 50 0.000000 0.650808 -0.460083 -0.603964
-0.75194198 -0.80044901 -5.21536303 133 169 109 0.000000 0.816308 -0.507266 -0.276265
-0.73458302 -0.54916900 -5.64022493 132 171 97 0.000000 0.655074 -0.648473 -0.387764
-0.75855398 -0.49874800 -5.81794024 132 163 103 0.000000 0.542762 -0.836224 -0.078351
-0.85030502 -0.77399898 -5.52698421 127 162 97 0.000000 0.900703 -0.340528 -0.269769
-0.76020700 -0.68886101 -5.43936586 136 174 108 0.000000 0.813823 -0.410909 -0.410909
-0.66928399 -0.61116201 -5.34761620 128 162 87 0.000000 0.104672 -0.700268 -0.706165
-0.78087199 -0.78722399 -5.36332083 139 173 115 0.000000 0.940218 -0.197432 -0.277509
-0.75524801 -0.52933103 -5.71792412 121 160 75 0.000000 0.008680 0.951098 0.308766
-0.77425897 -0.75085503 -5.38481188 141 174 113 0.000000 0.889541 -0.411797 -0.197839
-0.68168199 -0.59628397 -5.41539478 132 169 84 0.000000 0.674220 -0.680626 0.286664
-0.61638200 -0.52189201 -5.43688583 126 160 79 0.000000 0.798217 -0.560450 -0.220783
-0.70152003 -0.51114601 -5.65510416 138 178 106 0.000000 0.617715 -0.696363 -0.365386
-0.50562102 -0.33343101 -5.47656202 152 168 125 0.000000 0.600886 -0.753089 0.267941
-0.75111502 -0.63513303 -5.51375818 133 169 97 0.000000 0.784345 -0.587875 -0.198005
-0.53537703 -0.37310699 -5.46499014 139 176 107 0.000000 0.770327 -0.499979 -0.395749
-0.77508599 -0.54007697 -5.73032188 121 161 80 0.000000 0.568104 -0.688055 -0.451484
-0.91064501 -0.64091903 -5.73445606 125 162 91 0.000000 0.721807 -0.556634 -0.411282
-0.51058000 -0.47560301 -5.38315916 140 180 85 0.000000 -0.531474 0.595588 0.602337
-0.85443801 -0.56487399 -5.81050110 135 174 96 0.000000 0.585387 -0.806885 -0.079106
-0.69573402 -0.61446899 -5.40878201 133 167 102 0.000000 0.647752 -0.689961 -0.323064
-0.65192503 -0.64918500 -5.25255919 129 166 79 0.000000 0.728346 -0.584958 -0.356841
-0.62878102 -0.49461499 -5.51458502 124 162 76 0.000000 -0.767790 0.538261 0.347526
-0.59406501 -0.54338300 -5.28892899 131 166 101 0.000000 0.580344 -0.795510 0.174255
-0.66845697 -0.46155101 -5.68651390 152 178 115 0.000000 0.918036 -0.396395 -0.009038
-0.71143901 -0.49296099 -5.70717812 120 159 80 0.000000 0.703181 -0.506090 -0.499409
-0.85691702 -0.56074101 -5.86918783 134 170 105 0.000000 0.736807 -0.633120 0.237224
-0.80153602 -0.76903898 -5.43605995 135 171 96 0.000000 0.862189 -0.443975 -0.243959
-0.91560501 -0.62108099 -5.77247810 115 154 69 0.000000 0.745638 -0.404775 -0.529321
-0.80401599 -0.57396603 -5.70717812 115 154 69 0.000000 0.427921 -0.796095 -0.427921
-0.84865201 -0.80458200 -5.50631905 136 169 102 0.000000 0.921336 -0.071078 -0.382214
-0.89576697 -0.63761300 -5.70800495 122 160 82 0.000000 0.616777 -0.616777 -0.489052
-0.62878102 -0.42270201 -5.76255894 176 186 158 0.000000 0.859869 -0.476715 0.182667
-0.53289801 -0.33756399 -5.54268885 129 167 93 0.000000 0.871409 -0.404637 -0.277335
-0.87840903 -0.57479298 -5.85431004 131 168 101 0.000000 0.478147 -0.819004 0.317187
-0.76682001 -0.63595998 -5.54599524 122 157 87 0.000000 0.633198 -0.531886 -0.562279
-0.81476200 -0.69630003 -5.53524923 118 156 84 0.000000 0.717295 -0.500942 -0.484299
-0.59819800 -0.38798600 -5.69891310 140 180 120 0.000000 0.603545 -0.794739 0.064207
-0.65357900 -0.43675399 -5.70387220 125 164 103 0.000000 0.680626 -0.674220 -0.286664
-0.73375702 -0.62686801 -5.48565388 130 166 99 0.000000 0.753134 -0.633977 -0.175680
-0.59241199 -0.38302600 -5.70717812 137 176 115 0.000000 0.520283 -0.852260 0.054400
-0.76433998 -0.83103299 -5.18560600 139 146 117 0.000000 0.777502 -0.604048 0.174976
-0.72962397 -0.62108099 -5.48730803 127 163 97 0.000000 0.755342 -0.618853 -0.215590
-0.52959102 -0.37889299 -5.45589781 141 180 110 0.000000 0.727494 -0.371104 -0.577091
-0.58993202 -0.53346401 -5.36166811 131 173 74 0.000000 -0.478147 0.819004 0.317187
-0.78004497 -0.66984999 -5.51127911 123 162 91 0.000000 0.706063 -0.597438 -0.380188
-0.61472899 -0.46733701 -5.53029013 132 171 93 0.000000 0.738837 -0.555357 -0.381705
-0.77673900 -0.74837500 -5.39473104 137 169 108 0.000000 0.814007 -0.482082 -0.324022
-0.86187702 -0.59215099 -5.74850702 122 162 90 0.000000 0.537327 -0.741084 -0.402584
-0.71970499 -0.62438798 -5.43853998 221 177 166 0.000000 0.728777 -0.626716 -0.275883
-0.66597700 -0.56322098 -5.44928503 128 164 94 0.000000 0.760294 -0.571421 -0.308919
-0.83046699 -0.75085503 -5.50549316 125 161 97 0.000000 0.808313 -0.404957 -0.427365
-0.92304403 -0.60124397 -5.81546021 121 159 73 0.000000 0.238931 -0.779259 -0.579369
-0.72383797 -0.63182700 -5.43440723 148 164 119 0.000000 0.798217 -0.560450 -0.220783
-0.72797102 -0.72192401 -5.28148890 153 161 119 0.000000 0.829305 -0.528287 -0.182116
-0.76433998 -0.55743498 -5.67659521 158 151 107 0.000000 0.648395 -0.720965 -0.244528
-0.69738698 -0.57314003 -5.50631905 126 160 93 0.000000 0.745642 -0.601942 -0.285803
-0.86105001 -0.56322098 -5.86009502 131 166 102 0.000000 0.645226 -0.763307 -0.032332
-0.70813298 -0.66571701 -5.33852291 125 163 86 0.000000 0.695752 -0.593290 -0.404891
-0.62630099 -0.47725600 -5.54020882 135 174 101 0.000000 0.771377 -0.501801 -0.391373
-0.65192503 -0.54090297 -5.47656202 128 168 76 0.000000 -0.690128 0.664509 0.286619
-0.57091999 -0.53181100 -5.31207323 134 173 78 0.000000 -0.409241 0.807248 -0.425290
-0.69986701 -0.50040102 -5.67742109 153 146 107 0.000000 0.625926 -0.713265 -0.315389
-0.72879702 -0.78887701 -5.16246080 133 170 93 0.000000 0.718949 -0.570882 -0.396492
-0.77260602 -0.63513303 -5.55508804 122 158 83 0.000000 0.644023 -0.593578 -0.482597
-0.58414602 -0.40203801 -5.57161903 135 173 104 0.000000 0.864793 -0.419432 -0.276063
-0.64366001 -0.45328599 -5.64022493 142 173 101 0.000000 0.642876 -0.682135 -0.348429
-0.73210400 -0.72688401 -5.28892899 127 160 101 0.000000 0.793784 -0.556740 -0.244841
-0.85443801 -0.57148701 -5.78487682 115 154 77 0.000000 0.484320 -0.857558 -0.173289
-0.70482701 -0.72605699 -5.23354721 122 160 84 0.000000 0.696383 -0.576718 -0.427137
-0.61224997 -0.58305901 -5.22941399 148 177 115 0.000000 0.974753 -0.197938 -0.103326
-0.81889498 -0.63926601 -5.61625385 117 157 69 0.000000 0.571896 -0.619132 -0.538155
-0.51967198 -0.37310699 -5.44019318 150 187 108 0.000000 0.905338 -0.152074 -0.396530
-0.74946201 -0.49213499 -5.81876707 126 148 94 0.000000 0.558418 -0.828576 0.040384
-0.82550699 -0.71944499 -5.52863693 125 162 96 0.000000 0.738446 -0.507165 -0.444389
-0.81228203 -0.54916900 -5.77413082 122 154 88 0.000000 0.468360 -0.786002 -0.403535
-0.72218502 -0.57148701 -5.56417990 136 172 103 0.000000 0.756904 -0.587995 -0.285233
-0.70648003 -0.49130800 -5.70139217 119 157 84 0.000000 0.553228 -0.690281 -0.466316
-0.73210400 -0.60289699 -5.52781010 143 177 109 0.000000 0.691280 -0.619033 -0.372733
-0.77508599 -0.66902298 -5.50549316 134 173 110 0.000000 0.608134 -0.641640 -0.467409
-0.70234698 -0.70952600 -5.25421190 120 159 81 0.000000 0.564922 -0.694904 -0.444939
-0.52380502 -0.51279902 -5.31703186 145 170 91 0.000000 0.229771 -0.900059 0.370268
-0.71887797 -0.72605699 -5.25669193 116 156 87 0.000000 0.770327 -0.499979 -0.395749
-0.91808403 -0.63430703 -5.76173306 127 163 82 0.000000 0.689557 -0.545969 -0.475845
-0.64448601 -0.54916900 -5.43688583 131 170 85 0.000000 0.872258 -0.325378 -0.365096
-0.57670701 -0.46237800 -5.46995020 129 168 76 0.000000 -0.566513 0.660652 0.492547
-0.74780899 -0.63265401 -5.50797176 139 175 109 0.000000 0.699671 -0.627910 -0.340865
-0.59241199 -0.39294499 -5.62617397 145 183 123 0.000000 0.826006 -0.530033 -0.191778
-0.90155298 -0.65166497 -5.69477892 121 159 73 0.000000 0.500913 -0.732357 -0.461236
-0.64696598 -0.67646199 -5.21370888 123 163 73 0.000000 0.661078 -0.556786 -0.502957
-0.76268703 -0.79549003 -5.27487707 127 165 110 0.000000 0.938693 -0.331539 -0.094535
-0.79409701 -0.73762900 -5.45672417 123 162 91 0.000000 0.846972 -0.379032 -0.372792
-0.84038597 -0.65910399 -5.61212206 122 164 67 0.000000 0.691818 -0.555121 -0.461767
-0.82137400 -0.68638098 -5.55508804 108 147 72 0.000000 0.705892 -0.485613 -0.515651
-0.71722502 -0.49130800 -5.71544409 109 151 75 0.000000 0.672921 -0.592772 -0.442492
-0.71887797 -0.77317202 -5.17320681 122 160 93 0.000000 0.681738 -0.720524 -0.126800
-0.60563701 -0.44667301 -5.54516792 134 174 92 0.000000 0.792016 -0.609135 -0.040797
-0.80814898 -0.79135698 -5.43853998 133 168 103 0.000000 0.868635 -0.143564 -0.474196
-0.77425897 -0.82855302 -5.30463409 156 178 127 0.000000 0.889225 -0.263640 -0.373862
-0.69738698 -0.54338300 -5.56583309 166 171 128 0.000000 0.682131 -0.659448 -0.315952
-0.82468098 -0.69134098 -5.55591393 106 145 73 0.000000 0.697224 -0.489896 -0.523336
-0.66515100 -0.43758100 -5.77909088 81 101 36 0.000000 0.893031 0.443065 0.078675
-0.92552400 -0.69630003 -5.65179682 116 157 59 0.000000 0.340691 -0.705835 -0.621069
-0.76433998 -0.53759700 -5.72040415 123 164 80 0.000000 0.594710 -0.779116 -0.198237
-0.76929998 -0.57066000 -5.65923595 120 158 81 0.000000 0.675737 -0.649558 -0.348503
-0.77012599 -0.52189201 -5.76173306 121 155 79 0.000000 0.505259 -0.836029 -0.213938
-0.85691702 -0.56404698 -5.82620621 127 165 87 0.000000 0.668260 -0.714775 -0.206215
-0.68333501 -0.41856900 -5.76090622 127 154 101 0.000000 -0.245420 0.157865 0.956477
-0.90733898 -0.59297800 -5.86670780 78 83 71 0.000000 0.324279 -0.927914 0.183898
-0.73871601 -0.51362598 -5.71792412 115 154 77 0.000000 0.753083 -0.618994 -0.222963
-0.53620398 -0.32351199 -5.64766502 170 208 151 0.000000 0.677938 -0.614951 0.402785
-0.72879702 -0.69795299 -5.32447100 133 164 108 0.000000 0.877810 -0.395993 -0.269516
-0.72135800 -0.53098398 -5.64931822 125 164 98 0.000000 0.625948 -0.697859 -0.348112
-0.70648003 -0.76656002 -5.15998220 128 165 94 0.000000 0.609174 -0.737085 -0.292596
-0.64861900 -0.59132499 -5.33273697 129 166 85 0.000000 0.846881 -0.338440 -0.410184
-0.64117998 -0.61364198 -5.26495695 134 167 98 0.000000 0.935438 -0.262259 -0.237015
-0.62464797 -0.61529499 -5.23272085 127 163 89 0.000000 0.736211 -0.458271 -0.497977
-0.66928399 -0.42187601 -5.77165222 197 112 117 0.000000 0.806913 0.499367 0.315473
-0.61720902 -0.40369099 -5.69477892 139 176 108 0.000000 0.578659 -0.815569 0.001362
-0.50562102 -0.33921701 -5.50301313 141 180 75 0.000000 0.151037 -0.857831 -0.491237
-0.61968899 -0.58636498 -5.24759912 139 173 103 0.000000 0.808734 -0.460994 -0.365286
-0.72301102 -0.75664097 -5.21370888 122 160 84 0.000000 0.654389 -0.607527 -0.450206
-0.84369200 -0.68720800 -5.58153820 122 161 74 0.000000 0.674926 -0.571092 -0.467257
-0.80897599 -0.69630003 -5.52863693 122 159 95 0.000000 0.577390 -0.648090 -0.496589
-0.85361099 -0.71779102 -5.56748581 112 151 74 0.000000 0.753201 -0.397023 -0.524463
-0.74119598 -0.53346401 -5.68486118 120 158 87 0.000000 0.636362 -0.612855 -0.468457
-0.62464797 -0.40865001 -5.72784281 144 180 129 0.000000 0.673945 -0.738397 0.023819
-0.78169900 -0.67976898 -5.49887991 125 165 96 0.000000 0.626342 -0.675920 -0.388365
-0.83542597 -0.83020598 -5.46995020 97 98 92 0.000000 0.969616 -0.008348 -0.244491
-0.69242799 -0.67232901 -5.29719400 126 164 82 0.000000 0.561908 -0.619280 -0.548409
-0.65853798 -0.58967102 -5.36745405 123 161 78 0.000000 0.633647 -0.475656 -0.610117
-0.87262201 -0.61860198 -5.71213818 121 158 82 0.000000 0.619501 -0.682278 -0.388221
-0.73706299 -0.78061199 -5.20131111 130 156 97 0.000000 0.846759 -0.529746 -0.048664
-0.64861900 -0.59380400 -5.32116508 125 161 93 0.000000 0.721447 -0.532378 -0.442819
-0.68664199 -0.43510100 -5.76255894 121 152 90 0.000000 -0.665670 0.561711 0.491288
-0.66680402 -0.55412799 -5.47986794 121 161 73 0.000000 -0.720060 0.585562 0.372332
-0.61472899 -0.55495501 -5.33273697 132 170 66 0.000000 -0.665213 0.726382 0.172802
-0.70730603 -0.65166497 -5.36084080 131 166 96 0.000000 0.824870 -0.483652 -0.292696
-0.72962397 -0.73845601 -5.26082516 146 161 114 0.000000 0.738523 -0.565712 -0.366816
-0.61886197 -0.51032001 -5.46912289 132 167 80 0.000000 -0.719565 0.554148 0.418506
-0.72218502 -0.56487399 -5.57575178 130 169 105 0.000000 0.727163 -0.600841 -0.332001
-0.83955902 -0.55908799 -5.79975510 132 169 97 0.000000 0.500032 -0.846322 -0.183594
-0.73871601 -0.63926601 -5.47490883 135 170 106 0.000000 0.807313 -0.507138 -0.301755
-0.55190903 -0.49130800 -5.40217018 137 175 75 0.000000 -0.539665 0.715679 0.443356
-0.72631800 -0.62108099 -5.47821522 132 166 104 0.000000 0.709380 -0.645327 -0.283432
-0.73458302 -0.58140600 -5.57409906 135 174 99 0.000000 0.690301 -0.611221 -0.387161
-0.78665799 -0.77069300 -5.39803696 133 169 108 0.000000 0.846875 -0.324765 -0.421107
-0.58662599 -0.53842300 -5.29140806 132 168 99 0.000000 0.743379 -0.665734 0.064704
-0.69408101 -0.62521398 -5.37489319 130 157 93 0.000000 0.831183 -0.450944 -0.325245
-0.65027201 -0.68638098 -5.20792294 133 171 81 0.000000 0.682299 -0.541481 -0.491188
-0.82881403 -0.54172999 -5.84356403 123 162 92 0.000000 0.631590 -0.758817 -0.159033
-0.84286600 -0.82028699 -5.49061394 141 169 114 0.000000 0.886318 -0.070518 -0.457677
-0.65605801 -0.60868299 -5.31289911 127 161 100 0.000000 0.730075 -0.628278 -0.268808
-0.74284899 -0.77978498 -5.22693491 136 170 103 0.000000 0.852026 -0.443668 -0.277868
-0.67837602 -0.70291299 -5.21949577 118 151 77 0.000000 0.700932 -0.557749 -0.444534
-0.74698198 -0.69712698 -5.38811779 134 163 108 0.000000 0.893999 -0.332824 -0.299990
-0.60811698 -0.54503602 -5.24429321 160 183 142 0.000000 0.842115 -0.484484 -0.236893
-0.68581498 -0.59215099 -5.43357992 122 160 90 0.000000 0.562128 -0.767121 -0.309091
-0.62051499 -0.56322098 -5.32116508 124 162 94 0.000000 0.603892 -0.792156 0.088339
-0.79988301 -0.71779102 -5.48400211 128 163 103 0.000000 0.832475 -0.387014 -0.396492
-0.89741999 -0.62934703 -5.72784281 122 161 80 0.000000 0.659481 -0.666027 -0.348559
-0.74450201 -0.73432302 -5.31042004 134 170 108 0.000000 0.806913 -0.499367 -0.315473
-0.67093700 -0.58801800 -5.40630293 126 165 67 0.000000 -0.745711 0.594965 0.299888
-0.53868401 -0.43344799 -5.43936586 139 177 91 0.000000 0.690646 -0.333135 -0.641895
-0.86352998 -0.71531200 -5.58071089 114 152 76 0.000000 0.793821 -0.347998 -0.498744
-0.75194198 -0.71861798 -5.36001396 121 159 101 0.000000 0.866811 -0.428111 -0.255656
-0.73045099 -0.63926601 -5.44432497 144 176 124 0.000000 0.888171 -0.371689 -0.270183
-0.80071002 -0.68224800 -5.52698421 127 165 87 0.000000 0.713350 -0.490532 -0.500509
-0.83459997 -0.75002801 -5.51458502 130 168 99 0.000000 0.790824 -0.460910 -0.402690
-0.66019100 -0.51775903 -5.53607607 151 162 106 0.000000 0.815934 -0.577665 -0.023550
-0.94949400 -0.68390203 -5.70469904 119 157 81 0.000000 0.548198 -0.770050 -0.326347
-0.54033703 -0.38715899 -5.47077608 123 161 95 0.000000 0.800619 -0.426889 -0.420446
-0.63291401 -0.64091903 -5.22528219 126 164 89 0.000000 0.790143 -0.275998 -0.547265
-0.88336802 -0.73762900 -5.58980417 122 160 76 0.000000 0.820840 -0.262234 -0.507400
-0.80401599 -0.58801800 -5.67824793 128 151 86 0.000000 0.643030 -0.629668 -0.435924
-0.88006198 -0.60702997 -5.75098705 125 162 81 0.000000 0.588241 -0.779690 -0.214608
-0.82633400 -0.56322098 -5.75594711 111 151 68 0.000000 0.555154 -0.675913 -0.484712
-0.89741999 -0.71200502 -5.61460114 107 148 53 0.000000 0.526115 -0.492711 -0.693136
-0.66349798 -0.58388501 -5.39473104 126 164 80 0.000000 0.015038 0.545455 0.838005
-0.78417802 -0.77565199 -5.38233185 135 169 110 0.000000 0.887294 -0.260969 -0.380269
-0.68250901 -0.42518201 -5.75842619 121 138 70 0.000000 -0.639774 0.704235 0.307801
-0.67754900 -0.66158402 -5.28314209 126 164 85 0.000000 0.799801 -0.514723 -0.308834
-0.67920297 -0.59132499 -5.42035484 132 169 82 0.000000 0.853625 -0.520370 0.023219
-0.61803597 -0.46651101 -5.54020882 134 173 104 0.000000 0.829845 -0.436180 -0.348000
-0.57257402 -0.51775903 -5.37819910 127 168 69 0.000000 -0.554189 0.752462 0.355916
-0.61886197 -0.58967102 -5.24098682 137 174 107 0.000000 0.921965 -0.166992 -0.349420
-0.78087199 -0.50866598 -5.83364487 121 156 89 0.000000 0.418819 -0.886133 -0.198388
-0.85361099 -0.82276702 -5.51045179 143 143 117 0.000000 0.663444 -0.529076 -0.529076
-0.87592900 -0.78722399 -5.56417990 123 159 94 0.000000 0.906189 -0.086631 -0.413904
-0.81558800 -0.75085503 -5.48234797 123 161 101 0.000000 0.930727 -0.182796 -0.316754
-0.78996402 -0.72192401 -5.46085691 126 164 94 0.000000 0.899029 -0.346916 -0.267199
-0.82220101 -0.75911999 -5.48813391 131 169 96 0.000000 0.634904 -0.493440 -0.594486
-0.66267103 -0.44667301 -5.77578402 77 95 54 0.000000 0.786191 0.556163 -0.269416
-0.65109903 -0.44336700 -5.67328787 130 168 93 0.000000 0.749953 -0.593246 -0.292626
-0.62382197 -0.49957401 -5.49722719 134 172 75 0.000000 -0.713531 0.602501 0.357582
-0.69738698 -0.73928201 -5.19635201 119 156 82 0.000000 0.595335 -0.675380 -0.435245
-0.73458302 -0.57231301 -5.58897686 138 173 103 0.000000 0.741406 -0.603693 -0.293039
-0.83129299 -0.61364198 -5.66832876 143 166 94 0.000000 0.730127 -0.649175 -0.213278
-0.87840903 -0.61364198 -5.72866917 122 162 78 0.000000 0.553207 -0.796307 -0.244658
-0.96685302 -0.70208597 -5.68486118 114 123 92 0.000000 0.539026 -0.806209 -0.243882
-0.61803597 -0.53842300 -5.39473104 118 158 65 0.000000 -0.677031 0.614128 0.405556
-0.90072602 -0.69712698 -5.62782717 108 150 55 0.000000 0.571168 -0.523992 -0.631823
-0.66928399 -0.50536001 -5.58897686 132 164 100 0.000000 0.690240 -0.658061 -0.300874
-0.65275198 -0.48386899 -5.59559011 139 178 107 0.000000 0.690240 -0.658061 -0.300874
-0.65605801 -0.45328599 -5.66502285 139 174 95 0.000000 0.700489 -0.700489 -0.136498
-0.66267103 -0.53429002 -5.51541090 132 170 83 0.000000 0.405070 -0.880393 0.246630
-0.53041798 -0.32103300 -5.65593004 188 212 169 0.000000 0.513885 -0.809329 0.284444
-0.76433998 -0.82359397 -5.22941399 152 183 130 0.000000 0.978211 -0.205128 0.032014
-0.67424297 -0.42187601 -5.75925303 154 81 82 0.000000 0.792146 0.554658 0.254674
-0.71805203 -0.55991399 -5.58153820 133 170 107 0.000000 0.602149 -0.761679 -0.239295
-0.62216800 -0.48965499 -5.50962496 128 165 86 0.000000 0.603133 -0.705025 -0.373055
-0.84369200 -0.55495501 -5.82455301 114 153 82 0.000000 0.609538 -0.783691 -0.119546
-0.78500497 -0.58884501 -5.65179682 124 163 86 0.000000 0.690281 -0.553228 -0.466316
-0.75690103 -0.51362598 -5.75098705 111 152 76 0.000000 0.713174 -0.608728 -0.347611
-0.67424297 -0.72605699 -5.17651320 125 163 77 0.000000 0.587385 -0.696589 -0.411997
-0.86187702 -0.60455000 -5.72205687 117 158 81 0.000000 0.584613 -0.713064 -0.386998
-0.92717701 -0.75333399 -5.61377478 111 139 56 0.000000 0.417866 -0.022409 -0.908232
-0.60398400 -0.39377201 -5.74768114 123 136 111 0.000000 0.735954 -0.642599 -0.213162
-0.77343303 -0.76077402 -5.36332083 141 171 115 0.000000 0.927198 -0.301516 -0.222244
-0.69904101 -0.59380400 -5.46003103 129 164 95 0.000000 0.713922 -0.620028 -0.325393
-0.56678802 -0.52271801 -5.35340214 138 176 75 0.000000 -0.547459 0.722778 0.421758
-0.62712801 -0.57975203 -5.29471397 136 171 103 0.000000 0.794590 -0.574126 -0.197499
-0.62216800 -0.57892603 -5.28314209 142 176 114 0.000000 0.722019 -0.453129 -0.522841
-0.58579898 -0.53842300 -5.29884720 132 170 92 0.000000 0.814728 -0.562444 -0.140982
-0.68994802 -0.54172999 -5.55508804 132 170 99 0.000000 0.719181 -0.601764 -0.347360
-0.69573402 -0.57644600 -5.49226713 138 173 108 0.000000 0.668076 -0.693588 -0.269463
-0.67010999 -0.73018998 -5.16411400 128 159 81 0.000000 0.483582 -0.722880 -0.493552
-0.92387098 -0.60537601 -5.80719519 115 148 73 0.000000 0.397776 -0.910588 -0.112264
-0.71474600 -0.75664097 -5.20048380 121 158 85 0.000000 0.656452 -0.585938 -0.475130
-0.82302803 -0.80044901 -5.46333694 129 164 110 0.000000 0.849263 -0.229407 -0.475526
-0.67010999 -0.68968803 -5.22610807 124 163 79 0.000000 0.651591 -0.668004 -0.359442
-0.66515100 -0.69216698 -5.21949577 130 168 76 0.000000 0.626116 -0.672373 -0.394833
-0.93461603 -0.66406399 -5.75263977 138 172 112 0.000000 0.879853 -0.475200 -0.006655
-0.93213600 -0.67646199 -5.69229984 120 156 79 0.000000 0.539535 -0.754698 -0.373274
-0.85278499 -0.56156802 -5.82455301 130 169 93 0.000000 0.546272 -0.833029 -0.087461
-0.63952702 -0.45328599 -5.63195896 140 168 103 0.000000 0.720974 -0.641746 -0.261452
-0.73375702 -0.52189201 -5.69395304 124 165 84 0.000000 0.806908 -0.372296 -0.458579
-0.77591300 -0.84012502 -5.28810215 152 146 132 0.000000 0.735563 -0.667208 0.117393
-0.67754900 -0.72275102 -5.18973923 118 153 78 0.000000 0.591706 -0.694468 -0.409388
-0.76433998 -0.84921801 -5.08476305 161 171 125 0.000000 0.702318 -0.710831 -0.038308
-0.53537703 -0.36318800 -5.50383902 129 168 97 0.000000 0.698423 -0.715286 -0.023890
-0.77178001 -0.76903898 -5.35009480 134 170 111 0.000000 0.904338 -0.316151 -0.286741
-0.55686897 -0.34582999 -5.64353085 155 192 141 0.000000 0.766093 -0.641016 0.046904
-0.79740399 -0.56983298 -5.70635223 122 162 79 0.000000 0.546673 -0.784357 -0.293143
-0.81476200 -0.56900698 -5.73114920 121 161 74 0.000000 0.434253 -0.806012 -0.402205
-0.89328700 -0.58553898 -5.82620621 115 154 76 0.000000 0.406019 -0.913864 0.001289
-0.54281700 -0.34665701 -5.68651390 178 198 157 0.000000 0.516071 -0.856545 0.001340
-0.88502097 -0.62273502 -5.71709681 123 159 75 0.000000 0.374073 -0.801126 -0.467190
-0.75772798 -0.84095198 -5.10212088 145 175 108 0.000000 0.380431 -0.913876 -0.141784
-0.69738698 -0.53511697 -5.58897686 242 177 180 0.000000 0.658966 -0.729624 -0.182790
-0.68085599 -0.71448499 -5.21040297 123 156 78 0.000000 0.698284 -0.619788 -0.358136
-0.74780899 -0.82772702 -5.11947918 135 166 106 0.000000 0.760442 -0.649226 -0.015292
-0.55521500 -0.52271801 -5.29223490 131 170 87 0.000000 0.382113 -0.762600 0.521950
-0.52959102 -0.29292899 -5.56748581 135 170 114 0.000000 0.775767 -0.601334 0.191264
-0.62134200 -0.41030300 -5.75016022 152 186 138 0.000000 0.600886 -0.753089 0.267941
-0.74698198 -0.61777502 -5.53690195 153 165 114 0.000000 0.726400 -0.672258 -0.142874
-0.76186103 -0.77978498 -5.29884720 137 170 107 0.000000 0.815363 -0.381354 -0.435605
-0.79244399 -0.52106500 -5.82041979 127 167 93 0.000000 0.696072 -0.713510 -0.079925
-0.69573402 -0.60455000 -5.43357992 125 162 83 0.000000 0.133551 -0.697765 -0.703767
-0.48826200 -0.44501999 -5.40382290 179 196 102 0.000000 -0.480266 -0.835447 0.267158
-0.67010999 -0.54999602 -5.49722719 127 162 83 0.000000 0.561852 -0.688560 0.458484
-0.59737098 -0.46485800 -5.49970579 127 167 78 0.000000 -0.771205 0.634859 0.046869
-0.67672300 -0.71283197 -5.20461702 125 160 80 0.000000 0.660506 -0.603653 -0.446469
-0.77756602 -0.50783998 -5.83943081 132 170 102 0.000000 0.539479 -0.840584 0.048790
-0.76847303 -0.85087103 -5.09220219 160 178 124 0.000000 0.555583 -0.761712 -0.333350
-0.68746799 -0.47643000 -5.68238115 163 181 110 0.000000 -0.654905 0.560626 0.506752
-0.91395199 -0.60041702 -5.81050110 112 149 74 0.000000 0.503808 -0.844663 -0.180892
-0.65771103 -0.44915301 -5.77330399 116 145 87 0.000000 0.799081 0.600361 -0.032187
-0.64283299 -0.43179399 -5.68320799 129 169 97 0.000000 0.698051 -0.666250 -0.262366
-0.78335202 -0.52271801 -5.78901005 120 158 84 0.000000 0.505696 -0.853452 -0.126062
-0.59406501 -0.43096799 -5.54682207 133 154 106 0.000000 0.619280 -0.548409 -0.561908
-0.54860300 -0.45659199 -5.43853998 128 167 76 0.000000 -0.719565 0.418506 0.554148
-0.74284899 -0.81450099 -5.13601112 120 153 99 0.000000 0.755039 -0.641409 -0.136056
-0.56761402 -0.50205398 -5.40299702 126 164 70 0.000000 -0.570500 0.751508 0.331310
-0.75607502 -0.66158402 -5.47821522 133 170 104 0.000000 0.729760 -0.562489 -0.388659
