-0.52037299 -0.06900300 -5.03346586 76 76 47 0.000000 -0.461675 0.705013 0.538343
-0.81236601 -0.44930699 -5.25210524 70 77 59 0.000000 -0.303476 -0.913331 -0.271531
-0.54814798 -0.09606600 -5.48783588 77 107 40 0.000000 -0.791765 0.595680 0.135179
-0.73830003 -0.29903701 -5.47644186 88 122 70 0.000000 0.443369 0.893601 0.070006
-0.67206699 -0.21642400 -5.21720791 89 124 69 0.000000 -0.196421 0.925582 0.323600
-0.43277499 -0.06971600 -5.27062178 90 97 87 0.000000 0.530090 -0.846185 0.054547
-0.62933701 -0.21001500 -5.63810587 115 137 112 0.000000 0.569317 -0.348727 0.744492
-0.79954702 -0.31043199 -5.13886881 57 62 52 0.000000 0.357223 0.889322 -0.285480
-0.66993099 -0.16942100 -5.05127096 108 118 86 0.000000 -0.611568 0.724522 -0.317886
-0.79171300 -0.44788200 -5.42445278 148 153 145 0.000000 0.949691 0.221459 -0.221459
-0.63076103 -0.20075600 -5.38955593 95 129 78 0.000000 -0.252184 -0.964380 -0.079837
-0.74399698 -0.32182699 -5.31691408 120 141 112 0.000000 0.912590 -0.388722 0.126787
-0.54387498 -0.12882601 -5.18231201 108 138 110 0.000000 0.389072 -0.894132 0.221698
-0.53532898 -0.08182300 -5.63098383 111 121 110 0.000000 0.433168 -0.711989 -0.552663
-0.43419999 -0.08752000 -5.41092110 65 66 66 0.000000 -0.762485 -0.454211 0.460770
-0.53817803 -0.14378200 -5.31050396 102 132 102 0.000000 0.459349 -0.887715 0.030982
-0.64856499 -0.21143900 -5.51489878 92 124 78 0.000000 0.896054 -0.443367 0.022634
-0.70411497 -0.28479299 -5.61246777 103 125 102 0.000000 0.268872 -0.846564 -0.459388
-0.72120798 -0.25915501 -5.07904577 61 65 50 0.000000 -0.554971 0.772482 0.308673
-0.45770201 -0.06829100 -5.16735601 134 153 137 0.000000 0.689650 -0.704874 0.165942
-0.76963598 -0.36313301 -5.22290611 131 159 127 0.000000 0.934259 -0.339362 -0.109515
-0.58660603 -0.13238700 -5.08830404 115 142 117 0.000000 0.410177 -0.875945 0.253919
-0.58660603 -0.14520700 -5.57614708 116 129 111 0.000000 0.743806 -0.667300 -0.038253
-0.49259800 -0.01986300 -5.46077299 109 119 101 0.000000 -0.585172 0.632390 0.507599
-0.79598600 -0.40016600 -5.34112692 87 101 77 0.000000 0.855063 -0.508455 0.101691
-0.69058400 -0.24704801 -5.33186913 107 141 106 0.000000 0.656144 -0.751320 0.070662
-0.62221497 -0.19221000 -5.29127502 107 102 78 0.000000 0.664767 -0.705821 0.244748
-0.73687601 -0.27838400 -5.19584322 109 148 102 0.000000 0.633199 -0.649818 0.420471
-0.48761299 -0.06900300 -5.54908419 93 127 67 0.000000 0.806037 0.591826 0.006866
-0.77177203 -0.35885999 -5.41946697 109 133 102 0.000000 0.791038 -0.609255 -0.055387
-0.55883098 -0.14022100 -5.39596510 78 107 59 0.000000 -0.777427 0.625664 0.064428
-0.64073098 -0.18152800 -5.14314222 120 145 121 0.000000 0.703767 -0.697765 0.133551
-0.59942502 -0.15944999 -5.46718407 78 114 52 0.000000 -0.680589 0.664423 0.308771
-0.81521499 -0.48064300 -5.35038614 146 148 142 0.000000 0.286389 0.840590 0.459770
-0.68559903 -0.24633600 -5.43086195 104 117 67 0.000000 -0.595736 0.769946 -0.228651
-0.42280501 -0.11743200 -5.33543015 144 163 141 0.000000 0.158413 0.962264 -0.221255
-0.56524098 -0.15944999 -5.65234900 137 157 143 0.000000 0.260481 -0.246401 0.933508
-0.51752502 -0.08965700 -5.11892796 118 155 124 0.000000 -0.612871 -0.748364 0.253656
-0.51040298 -0.08253500 -5.41946697 86 118 75 0.000000 -0.644658 0.557132 0.523469
-0.69913000 -0.22924399 -5.14670277 103 135 97 0.000000 0.489862 -0.836911 -0.244163
-0.72832900 -0.30259800 -5.39525318 116 146 116 0.000000 0.858186 -0.513295 -0.006736
-0.60298598 -0.16728400 -5.20723820 108 142 111 0.000000 0.538890 -0.839993 0.063316
-0.70340300 -0.26271600 -5.53128004 86 118 65 0.000000 -0.730414 0.604648 -0.317642
-0.48903701 -0.09749100 -5.23145199 109 146 109 0.000000 0.405534 -0.840818 0.358561
-0.72192001 -0.27624699 -5.26777315 111 146 106 0.000000 0.799081 -0.600361 0.032187
-0.66280901 -0.23209199 -5.57970810 109 139 107 0.000000 0.782218 -0.561875 0.269133
-0.48761299 -0.11600700 -5.36391687 83 115 71 0.000000 -0.158815 0.917755 0.364010
-0.47479400 -0.11173400 -5.29554796 107 140 107 0.000000 0.354515 -0.790841 0.498888
-0.77533299 -0.40372699 -5.27560806 80 97 66 0.000000 0.978530 -0.008145 -0.205945
-0.58589399 -0.11529500 -5.02776909 77 83 59 0.000000 -0.707280 0.643128 0.293497
-0.55384600 -0.14948000 -5.24213505 113 147 109 0.000000 -0.970663 -0.125945 0.204819
-0.74826998 -0.26485199 -5.13530779 114 145 109 0.000000 0.735563 -0.667208 0.117393
-0.78103101 -0.39446899 -5.48712397 131 139 123 0.000000 0.939247 -0.276086 0.203943
-0.79028898 -0.38521099 -5.17091703 105 109 111 0.000000 0.514754 -0.585638 0.626144
-0.58233303 -0.17013299 -5.34967422 89 121 72 0.000000 0.435747 -0.887313 0.151001
-0.63788301 -0.20146900 -5.45365191 79 115 53 0.000000 -0.754702 0.644981 0.120100
-0.68061298 -0.20218100 -5.09827518 116 150 112 0.000000 0.885473 -0.427419 0.182346
-0.61082000 -0.16728400 -5.52914286 89 123 67 0.000000 -0.643626 0.414116 -0.643626
-0.67277998 -0.22924399 -5.28059196 108 142 107 0.000000 0.503808 -0.844663 0.180892
-0.55740702 -0.11102200 -5.54196215 77 109 41 0.000000 -0.697765 0.703767 -0.133551
-0.74542201 -0.30758300 -5.53270292 115 102 91 0.000000 0.791522 -0.610682 0.023648
-0.75183100 -0.32467499 -5.25851488 127 154 124 0.000000 0.951132 -0.278023 0.134356
-0.62221497 -0.18793701 -5.58896589 108 137 104 0.000000 0.699842 -0.699842 0.142978
-0.83729303 -0.46497500 -5.30338192 99 106 99 0.000000 0.934824 -0.199225 0.293961
-0.76749903 -0.43292701 -5.22646713 109 109 102 0.000000 0.690306 -0.680829 -0.244846
-0.51396400 -0.04478900 -5.50849009 92 110 72 0.000000 0.886398 -0.442483 0.136039
-0.76108998 -0.34889001 -5.36747789 96 124 86 0.000000 0.823027 -0.562521 -0.078724
-0.46838400 -0.04122800 -5.41804314 55 64 45 0.000000 0.442434 0.812992 0.378545
-0.68488699 -0.24348700 -5.48356295 93 116 67 0.000000 -0.799081 0.600361 0.032187
-0.44345799 -0.07114000 -5.21792078 124 147 128 0.000000 0.714028 -0.673931 -0.189688
-0.76536298 -0.34390399 -5.47929001 115 140 108 0.000000 0.876205 -0.481712 -0.014760
-0.76963598 -0.32609999 -5.18587303 138 169 142 0.000000 0.919133 -0.254596 0.300624
-0.59515202 -0.15802599 -5.15026379 82 115 63 0.000000 -0.609934 0.791075 -0.046700
-0.63218498 -0.16229901 -5.09613800 115 147 114 0.000000 0.731054 -0.650343 0.206433
-0.78957701 -0.39945400 -5.39169312 117 141 109 0.000000 0.876335 -0.449140 0.174097
-0.54957300 -0.11173400 -5.43940783 73 104 49 0.000000 -0.690135 0.624564 0.365559
-0.69984198 -0.25630599 -5.38314581 100 135 81 0.000000 0.570500 -0.751508 0.331310
-0.55242097 -0.10033900 -5.06266594 120 144 123 0.000000 0.715574 -0.682292 0.149771
-0.65711200 -0.21143900 -5.33827877 117 147 115 0.000000 0.553331 -0.196638 0.809418
-0.60013700 -0.16799600 -5.41875505 74 109 51 0.000000 -0.694569 0.719425 0.001381
-0.56168002 -0.11600700 -5.60748196 100 128 88 0.000000 0.865072 -0.501117 -0.023087
-0.48903701 -0.06900300 -5.08474398 142 161 140 0.000000 0.673931 -0.714028 0.189688
-0.57592303 -0.16158700 -5.28344107 110 143 109 0.000000 0.594965 -0.745711 0.299888
-0.71978301 -0.28550601 -5.33756685 120 147 117 0.000000 0.777567 -0.626334 0.055642
-0.49972001 -0.10603700 -5.18516111 87 122 50 0.000000 -0.498342 0.861032 0.101382
-0.56025499 -0.13167500 -5.13032293 87 119 67 0.000000 -0.633537 0.773712 0.001374
-0.63788301 -0.19790800 -5.24498415 103 137 95 0.000000 0.719831 -0.687578 0.095293
-0.50328100 -0.06900300 -5.59822416 111 121 98 0.000000 0.450923 -0.847982 -0.278557
-0.80880600 -0.42580500 -5.30338192 89 106 81 0.000000 0.702227 -0.702227 -0.117285
-0.70411497 -0.24918500 -5.22860289 119 148 116 0.000000 0.681785 -0.728106 -0.070929
-0.51823699 -0.06330600 -5.46575880 63 90 39 0.000000 -0.815475 0.484237 0.317041
-0.62720001 -0.15090400 -5.04984713 83 104 49 0.000000 -0.500145 0.865374 0.031344
-0.77034801 -0.36384499 -5.29910898 119 139 109 0.000000 0.921583 -0.293817 -0.253686
-0.57734799 -0.12811400 -5.50350380 105 133 101 0.000000 0.738398 -0.674190 0.015354
-0.72405601 -0.30829501 -5.57828283 116 138 117 0.000000 0.951235 -0.207026 0.228675
-0.52820700 -0.13523600 -5.35893202 80 113 63 0.000000 -0.071141 0.869032 0.489615
-0.51182699 -0.12028000 -5.26278782 109 141 111 0.000000 0.721039 -0.579787 0.379408
-0.71337402 -0.27909601 -5.44083309 102 128 96 0.000000 0.704844 -0.704844 -0.079931
-0.66067201 -0.25060901 -5.61887693 109 137 110 0.000000 0.564246 0.112266 0.817938
-0.44203401 -0.10390000 -5.37175083 114 148 109 0.000000 0.254881 0.826433 0.502039
-0.61723000 -0.19149800 -5.33614302 96 127 82 0.000000 0.275588 -0.616490 0.737558
-0.67064297 -0.21215101 -5.17376614 102 134 93 0.000000 0.840197 -0.530727 -0.111351
-0.53532898 -0.09321800 -5.58326912 92 118 78 0.000000 0.544394 -0.830457 0.118220
-0.78601599 -0.39446899 -5.43655920 111 135 100 0.000000 0.917490 -0.393973 0.054756
-0.75325602 -0.32396299 -5.43299913 107 134 103 0.000000 0.903474 -0.387615 -0.183000
-0.53034401 -0.08111000 -5.53199100 99 125 95 0.000000 0.814564 -0.578214 0.046426
-0.80951798 -0.45714101 -5.38385820 127 145 119 0.000000 0.871417 -0.268245 0.410703
-0.59800100 -0.16870800 -5.24783182 125 134 117 0.000000 0.111142 -0.993804 0.001079
-0.59586400 -0.17796700 -5.63312101 116 151 116 0.000000 0.904338 -0.286741 0.316151
-0.76963598 -0.27339900 -5.10183620 101 117 80 0.000000 -0.204819 0.970663 -0.125945
-0.66280901 -0.22568300 -5.39026785 96 119 74 0.000000 -0.924455 0.378486 -0.046157
-0.47621799 -0.06757900 -5.12320089 73 82 74 0.000000 0.697765 -0.703767 0.133551
-0.52393401 -0.11600700 -5.14883900 68 103 42 0.000000 -0.542762 0.836224 -0.078351
-0.43206301 -0.09820300 -5.30124617 123 159 123 0.000000 0.449422 -0.892055 -0.047522
-0.50043201 -0.12953900 -5.32830906 93 119 83 0.000000 -0.109559 -0.908368 0.403565
-0.47336999 -0.08395900 -5.40593576 42 66 15 0.000000 0.095397 -0.667777 -0.738223
-0.67135501 -0.23280400 -5.54125023 96 126 87 0.000000 0.667777 -0.738223 -0.095397
-0.71408600 -0.24776000 -5.17803907 118 150 118 0.000000 0.595736 -0.769946 0.228651
-0.63004899 -0.18580100 -5.48854923 90 114 67 0.000000 -0.823703 0.554500 0.118508
-0.63432199 -0.18295200 -5.18160009 107 142 105 0.000000 0.568870 -0.812881 0.124946
-0.51681203 -0.11315900 -5.38955593 75 107 59 0.000000 -0.348559 0.666027 0.659481
-0.64642900 -0.20645399 -5.55549288 97 123 88 0.000000 0.676100 -0.724071 -0.136419
-0.75467998 -0.31541699 -5.22005701 123 150 117 0.000000 0.914531 -0.381171 0.135434
-0.70910102 -0.23779000 -5.10895681 109 138 101 0.000000 0.784345 -0.587875 0.198005
-0.70055401 -0.25559399 -5.29554796 106 141 96 0.000000 0.751669 -0.657173 -0.055838
-0.73758799 -0.31612900 -5.36035681 105 132 101 0.000000 0.815934 -0.577665 0.023550
-0.77034801 -0.29761299 -5.16023397 128 155 126 0.000000 0.828604 -0.514253 0.221266
-0.54316300 -0.11244600 -5.09756184 88 118 55 0.000000 -0.395502 0.821182 -0.411385
-0.57378697 -0.13167500 -5.46291018 72 106 50 0.000000 -0.747516 0.652025 0.126824
-0.56168002 -0.11885600 -5.64522791 117 145 120 0.000000 0.848133 -0.529572 -0.014975
-0.58019602 -0.14734299 -5.61674118 115 145 115 0.000000 0.763312 -0.557619 0.326215
-0.49402300 -0.09179300 -5.14812803 109 135 108 0.000000 0.047812 -0.942031 0.332101
-0.68702298 -0.26057899 -5.57757092 104 138 99 0.000000 0.567756 -0.734646 0.371414
-0.76749903 -0.37025499 -5.25922680 121 144 115 0.000000 0.988199 -0.087918 -0.125430
-0.65568697 -0.21998499 -5.42730093 91 117 67 0.000000 -0.531080 0.847295 0.006757
-0.57236201 -0.14734299 -5.20367718 122 135 117 0.000000 0.157774 -0.947991 0.276441
-0.58731800 -0.13808499 -5.54053783 101 129 96 0.000000 0.747743 -0.644606 0.159256
-0.73331499 -0.28408101 -5.23145199 117 150 115 0.000000 0.651417 -0.755412 0.070775
-0.72975397 -0.29120299 -5.29982090 112 139 96 0.000000 0.946682 -0.299583 -0.118502
-0.80453300 -0.42580500 -5.36462879 122 143 113 0.000000 0.863920 -0.475377 0.166308
-0.78957701 -0.35031399 -5.16379499 159 167 153 0.000000 0.941345 -0.119515 0.315572
-0.46767199 -0.11387100 -5.33471823 84 117 80 0.000000 0.221281 -0.971387 -0.086262
-0.77604502 -0.37167901 -5.33471823 110 134 101 0.000000 0.929121 -0.364491 0.062295
-0.71479797 -0.27268600 -5.47715378 173 161 143 0.000000 0.601937 -0.739981 0.300166
-0.60156202 -0.17796700 -5.37816095 75 110 42 0.000000 -0.689308 0.713232 0.127096
-0.77105999 -0.39803001 -5.21863317 128 144 117 0.000000 0.639407 0.749281 -0.172442
-0.75111902 -0.32894900 -5.39667702 73 108 52 0.000000 -0.395231 0.808064 0.436835
-0.59301603 -0.17511800 -5.31691408 105 141 103 0.000000 0.497681 -0.867233 0.014836
-0.78815198 -0.39874199 -5.30765486 97 114 87 0.000000 0.715102 -0.586877 -0.379744
-0.49687099 -0.05476000 -5.43371105 64 91 45 0.000000 -0.468045 0.655934 0.592186
-0.57022601 -0.13950901 -5.16379499 110 137 113 0.000000 0.610062 -0.782244 0.126168
-0.53176802 -0.12740199 -5.23002815 107 140 108 0.000000 0.633537 -0.773712 0.001374
-0.52250999 -0.08894400 -5.08616781 113 138 114 0.000000 0.864046 -0.499505 -0.062612
-0.59159100 -0.14876699 -5.11892796 111 148 103 0.000000 0.445881 -0.636257 0.629577
-0.50612998 -0.12526600 -5.29625988 109 141 111 0.000000 0.286642 -0.912306 0.292462
-0.81450301 -0.43933600 -5.33258200 125 145 117 0.000000 0.816762 -0.538910 0.206099
-0.57663500 -0.14449400 -5.42302799 81 112 66 0.000000 -0.752294 0.610945 0.246577
-0.55099702 -0.15232800 -5.34326410 81 115 55 0.000000 -0.261716 0.825411 0.500202
-0.59942502 -0.13523600 -5.05554390 77 109 48 0.000000 -0.612794 0.745803 -0.261269
-0.82874697 -0.44004801 -5.27845621 84 105 63 0.000000 -0.047301 -0.973910 -0.221950
-0.67135501 -0.22141001 -5.24925709 106 136 95 0.000000 0.723503 -0.675370 -0.142896
-0.67633998 -0.23494101 -5.35822010 91 128 74 0.000000 0.110905 0.942026 0.316681
-0.45485300 -0.09108100 -5.26065207 116 149 115 0.000000 0.395142 -0.898839 0.189610
-0.69485700 -0.21571200 -5.07263708 147 150 144 0.000000 0.971239 -0.032657 0.235855
-0.63289797 -0.19790800 -5.42160416 81 109 57 0.000000 -0.638144 0.767207 0.064531
-0.72334403 -0.28408101 -5.54481077 100 120 86 0.000000 0.435908 -0.799433 0.413389
-0.73687601 -0.26698899 -5.16521978 113 149 111 0.000000 0.576995 -0.816607 -0.015148
-0.75681698 -0.32609999 -5.50421715 106 133 100 0.000000 0.752902 -0.649765 -0.104611
-0.64642900 -0.20004401 -5.20795012 80 115 55 0.000000 -0.562168 0.825728 -0.046263
-0.65497500 -0.17511800 -5.07833385 124 161 129 0.000000 -0.899850 0.300938 0.315763
-0.65070200 -0.20859000 -5.28913784 110 142 101 0.000000 0.476022 -0.870070 0.127994
-0.71978301 -0.28336900 -5.36890316 119 150 122 0.000000 0.799155 -0.601086 -0.006877
-0.77818203 -0.37096700 -5.38172197 114 133 103 0.000000 0.791075 -0.609934 -0.046700
-0.66494602 -0.20004401 -5.13673306 111 140 104 0.000000 0.689615 -0.698872 0.189760
-0.75396800 -0.34105599 -5.28486586 109 134 104 0.000000 0.883869 -0.459388 -0.087968
-0.73545098 -0.30117401 -5.44439411 81 114 58 0.000000 -0.847394 0.529449 -0.040089
-0.78744000 -0.42794099 -5.26065207 61 80 45 0.000000 0.978582 -0.198605 -0.054165
-0.46411100 -0.07968600 -5.19655609 114 142 115 0.000000 0.505099 -0.805942 0.308760
-0.67277998 -0.22995600 -5.31335306 117 149 118 0.000000 0.665213 -0.726382 0.172802
-0.70981300 -0.28123301 -5.57472181 115 142 112 0.000000 0.672939 -0.656645 0.340543
-0.55170900 -0.14449400 -5.27560806 104 130 103 0.000000 0.482906 -0.872030 0.079784
-0.64856499 -0.22497100 -5.60748196 104 138 100 0.000000 0.896137 -0.437776 0.072734
-0.66138500 -0.21927300 -5.48854923 89 112 63 0.000000 -0.641449 0.761264 0.094975
-0.54387498 -0.08752000 -5.02990580 82 88 55 0.000000 -0.459609 0.870761 -0.174740
-0.50541800 -0.01701400 -5.48783588 75 76 73 0.000000 0.936985 -0.103216 -0.333776
-0.49758399 -0.06259400 -5.05198288 162 147 135 0.000000 0.672500 -0.126746 0.729163
-0.79171300 -0.42366800 -5.44225693 117 136 114 0.000000 0.958300 -0.206014 0.198040
-0.77604502 -0.36954299 -5.46860695 114 135 104 0.000000 0.951325 -0.301702 0.062908
-0.56595302 -0.11885600 -5.57828283 95 123 89 0.000000 0.851545 -0.520467 0.063129
-0.61580497 -0.19363500 -5.61745310 110 143 108 0.000000 0.774370 -0.529663 0.346132
-0.47835499 -0.10888500 -5.26634884 94 130 72 0.000000 -0.580650 0.587421 -0.563721
-0.67277998 -0.23707800 -5.45578909 86 121 56 0.000000 -0.728870 0.679207 0.086179
-0.61794198 -0.17654200 -5.55620480 81 113 57 0.000000 -0.835441 0.443583 0.324458
-0.76678699 -0.34675300 -5.44581795 113 138 108 0.000000 0.902002 -0.412304 -0.128053
-0.77818203 -0.28550601 -5.13459587 120 149 115 0.000000 0.515940 -0.755073 0.404562
-0.46909600 -0.10390000 -5.38314581 76 104 51 0.000000 -0.428192 -0.547226 0.719164
-0.75610399 -0.29974899 -5.19014597 130 156 129 0.000000 0.705838 -0.658254 0.261715
-0.61580497 -0.14022100 -5.07904577 116 141 118 0.000000 0.299604 -0.284989 0.910504
-0.60440999 -0.15660100 -5.49566984 78 107 56 0.000000 -0.770245 0.588272 -0.246290
-0.51040298 -0.11387100 -5.21578407 106 140 99 0.000000 0.497536 -0.750408 -0.435138
-0.62007803 -0.16301100 -5.12248898 107 134 104 0.000000 0.499979 -0.770327 0.395749
-0.60298598 -0.16443500 -5.59039021 109 137 104 0.000000 0.838192 -0.514311 0.181433
-0.77533299 -0.37239099 -5.50492907 123 140 117 0.000000 0.924510 -0.378984 0.040652
-0.57734799 -0.11671900 -5.05768108 120 147 122 0.000000 0.531637 -0.682576 0.501450
-0.69485700 -0.22995600 -5.19014597 105 140 99 0.000000 0.807995 -0.585689 0.064127
-0.44986799 -0.06615500 -5.39952612 144 173 142 0.000000 0.094315 0.182506 0.978671
-0.77390897 -0.37880099 -5.19370699 124 148 122 0.000000 0.874206 0.212967 0.436358
-0.74114901 -0.30046099 -5.50492907 102 130 99 0.000000 0.760023 -0.634102 -0.142411
-0.54814798 -0.10033900 -5.51703596 81 114 50 0.000000 -0.671556 0.720508 -0.172861
-0.77390897 -0.40586400 -5.24711990 112 132 106 0.000000 0.965941 0.229619 -0.119300
-0.67847699 -0.27482301 -5.62030220 114 136 113 0.000000 0.206427 -0.971348 0.117777
-0.75966501 -0.34817699 -5.32047415 108 138 96 0.000000 0.767314 -0.640135 0.038154
-0.62933701 -0.20004401 -5.36106920 94 128 83 0.000000 0.483469 -0.802590 -0.349438
-0.67206699 -0.23351701 -5.51276302 85 119 69 0.000000 -0.603653 0.660506 -0.446469
-0.56381601 -0.15304001 -5.37103891 80 114 64 0.000000 -0.761183 0.636057 0.126616
-0.73189002 -0.25773099 -5.11323118 70 106 53 0.000000 -0.644487 0.756572 0.110610
-0.61794198 -0.18010300 -5.46148586 75 109 50 0.000000 -0.752966 0.657262 0.032371
-0.59016699 -0.15731400 -5.17803907 110 139 113 0.000000 0.562521 -0.823027 0.078724
-0.53889000 -0.11600700 -5.40664816 77 108 57 0.000000 -0.570613 0.697046 0.434198
-0.49402300 -0.05547200 -5.52486897 121 146 90 0.000000 0.048288 0.933129 -0.356285
-0.47977901 -0.08609600 -5.17447805 118 155 123 0.000000 0.576758 -0.799631 0.167154
-0.71194899 -0.27126199 -5.50635290 89 121 61 0.000000 -0.792016 0.609135 -0.040797
-0.59728903 -0.17867900 -5.28771400 91 132 57 0.000000 0.198034 0.521539 0.829927
-0.51752502 -0.07755000 -5.55620480 89 118 84 0.000000 0.437167 -0.835162 0.333751
-0.58589399 -0.16229901 -5.39596510 82 108 56 0.000000 -0.612396 0.753357 0.239633
-0.53105599 -0.07114000 -5.48854923 83 116 43 0.000000 -0.855958 -0.014922 0.516830
-0.63859499 -0.20218100 -5.31264114 99 110 78 0.000000 -0.339747 0.931917 0.126894
-0.64500499 -0.23209199 -5.63668203 53 61 57 0.000000 0.722743 -0.595488 0.350767
-0.70696402 -0.26912600 -5.40593576 124 146 119 0.000000 0.832795 -0.545129 0.096368
-0.43847299 -0.07470100 -5.24427223 119 150 122 0.000000 0.713232 -0.689308 0.127096
-0.65924799 -0.18864900 -5.11323118 84 117 59 0.000000 -0.508455 0.855063 -0.101691
-0.44274601 -0.06401800 -5.19228220 145 151 147 0.000000 0.818468 -0.522524 0.238912
-0.77034801 -0.34746501 -5.20154095 140 170 142 0.000000 0.881099 -0.070765 0.467607
-0.69272101 -0.22141001 -5.12177706 122 152 121 0.000000 0.587100 -0.809171 0.023595
-0.79741102 -0.42865399 -5.40736008 125 149 117 0.000000 0.935438 -0.237015 0.262259
-0.75325602 -0.32040200 -5.47359324 116 134 106 0.000000 0.855542 -0.513885 -0.063010
-0.61295700 -0.17867900 -5.22860289 80 110 61 0.000000 -0.570746 0.690552 -0.444283
-0.55954301 -0.15873800 -5.30836821 105 139 98 0.000000 0.291753 -0.926494 0.237672
-0.71978301 -0.24491200 -5.14314222 112 147 111 0.000000 0.691199 -0.717503 0.086217
-0.50328100 -0.02128700 -5.51347494 112 118 106 0.000000 0.808064 -0.436835 0.395231
-0.64286798 -0.20431700 -5.58113194 109 134 107 0.000000 0.893001 -0.449818 -0.014596
-0.74613398 -0.27055001 -5.09115314 98 108 93 0.000000 -0.339754 0.908442 0.243515
-0.76037699 -0.34675300 -5.24783182 109 134 100 0.000000 0.965764 -0.191073 0.175475
-0.53105599 -0.09962700 -5.42587709 71 100 55 0.000000 -0.811198 0.436799 0.388799
-0.73616302 -0.29690099 -5.26136398 122 151 118 0.000000 0.713080 -0.659560 0.237693
-0.56168002 -0.11743200 -5.07975817 116 145 116 0.000000 0.539238 -0.784202 0.307000
-0.52820700 -0.07826200 -5.06337786 132 162 128 0.000000 0.175256 -0.332285 0.926753
-0.54031402 -0.09179300 -5.46362305 70 102 43 0.000000 -0.744577 0.632657 0.212958
-0.54601198 -0.12882601 -5.15240002 77 105 52 0.000000 -0.523159 0.837351 -0.158578
-0.61580497 -0.18010300 -5.43513489 82 116 56 0.000000 -0.775996 0.625710 0.079478
-0.78744000 -0.39019600 -5.36320496 118 140 113 0.000000 0.847694 -0.521768 0.095777
-0.57236201 -0.15731400 -5.25851488 100 133 89 0.000000 0.831807 -0.444993 0.331779
-0.71479797 -0.25915501 -5.20795012 115 152 112 0.000000 0.587928 -0.808912 0.001364
-0.72548097 -0.29120299 -5.42231607 86 120 63 0.000000 -0.451284 0.547869 0.704402
-0.53034401 -0.12241700 -5.20296478 110 140 117 0.000000 0.602478 -0.754283 -0.260916
-0.79883498 -0.33607000 -5.14527798 102 125 104 0.000000 0.523887 -0.386795 0.758902
-0.51681203 -0.07256400 -5.44154501 71 102 50 0.000000 -0.874759 0.327084 0.357510
-0.49046201 -0.10176400 -5.39596510 60 86 32 0.000000 0.268522 -0.738834 -0.618078
-0.59586400 -0.20146900 -5.64166689 76 83 74 0.000000 0.143008 -0.276660 0.950267
-0.50185698 -0.04265300 -5.45650101 75 103 47 0.000000 -0.753384 0.507180 0.418547
-0.69200802 -0.25274500 -5.45650101 86 116 59 0.000000 -0.516036 0.834985 -0.191069
-0.52535897 -0.13594800 -5.28486586 109 136 108 0.000000 0.450528 -0.853712 0.261153
-0.63289797 -0.19363500 -5.52202082 97 128 83 0.000000 0.696582 -0.713960 0.070962
-0.77105999 -0.27268600 -5.15453720 115 130 105 0.000000 -0.196939 -0.804548 0.560283
-0.49259800 -0.07541300 -5.57685900 76 92 66 0.000000 -0.404775 -0.745638 0.529321
-0.79598600 -0.41298601 -5.28557777 102 123 92 0.000000 0.738278 -0.642317 -0.205851
-0.47265700 -0.07256400 -5.14812803 131 164 139 0.000000 0.482773 -0.830494 0.277866
-0.78316700 -0.38449800 -5.41020918 116 145 111 0.000000 0.934587 -0.346980 0.078436
-0.74470901 -0.31897801 -5.29056311 127 153 125 0.000000 0.901379 -0.393722 0.180276
-0.45414099 -0.10247600 -5.31121588 99 133 72 0.000000 -0.395970 0.872347 -0.286737
-0.57449901 -0.12241700 -5.55549288 97 128 93 0.000000 0.733013 -0.679136 0.038281
-0.63361001 -0.20574200 -5.60463381 107 134 107 0.000000 0.769261 -0.568585 0.291459
-0.76536298 -0.34889001 -5.39596510 106 128 97 0.000000 0.712674 -0.688668 -0.133533
-0.71123701 -0.26485199 -5.35537100 87 120 47 0.000000 0.301192 0.710298 -0.636208
-0.68844700 -0.18366399 -5.05839300 93 93 95 0.000000 -0.070782 0.046825 0.996392
-0.61651701 -0.18580100 -5.40237522 87 118 71 0.000000 -0.649606 0.697963 0.301430
-0.62363899 -0.18223999 -5.26919699 104 140 104 0.000000 0.491959 -0.827174 -0.271586
-0.65141398 -0.20787799 -5.26492500 95 128 79 0.000000 0.421911 -0.513845 0.746963
-0.61794198 -0.17226900 -5.16735601 94 133 90 0.000000 0.628834 -0.658699 0.413139
-0.54886001 -0.09749100 -5.61602879 100 127 89 0.000000 0.775341 -0.622911 -0.104063
-0.50185698 -0.07327700 -5.10468388 129 163 124 0.000000 -0.459377 -0.887950 0.022768
-0.77746999 -0.37239099 -5.44083309 113 134 104 0.000000 0.962511 -0.235744 0.134152
-0.42280501 -0.10176400 -5.38599491 58 59 62 0.000000 0.607388 0.708893 0.358539
-0.56666499 -0.12953900 -5.44012022 73 106 58 0.000000 -0.792016 0.609135 0.040797
-0.57165003 -0.12312900 -5.52700615 70 106 41 0.000000 -0.738397 0.673945 -0.023819
-0.49829599 -0.07826200 -5.12889814 129 166 135 0.000000 -0.789869 -0.609899 0.064275
-0.42209300 -0.11031000 -5.35822010 121 136 106 0.000000 0.356245 0.934350 0.008874
-0.48191601 -0.08965700 -5.21008682 117 154 116 0.000000 0.522563 -0.841663 0.136130
-0.56025499 -0.11315900 -5.46860695 71 104 55 0.000000 -0.696825 0.702846 0.142977
-0.56025499 -0.10318800 -5.04058790 85 116 46 0.000000 -0.539084 0.762488 -0.357771
-0.68702298 -0.23351701 -5.22432995 119 152 121 0.000000 0.615119 -0.788078 0.023712
-0.60512298 -0.12953900 -5.03346586 102 105 83 0.000000 -0.627411 0.778326 -0.023755
-0.55170900 -0.10461200 -5.56617594 93 124 82 0.000000 0.604221 -0.795769 -0.040845
-0.69556898 -0.25773099 -5.55264521 80 108 52 0.000000 -0.600841 0.727163 -0.332001
-0.55598199 -0.14235801 -5.21934509 105 133 107 0.000000 0.625935 -0.759955 0.175140
-0.52037299 -0.11814400 -5.17162895 80 117 49 0.000000 -0.457500 0.869101 -0.188034
-0.43704799 -0.05404800 -5.23216391 71 77 74 0.000000 0.984089 -0.094924 -0.150197
-0.53034401 -0.13025101 -5.25281811 110 138 109 0.000000 0.610062 -0.782244 -0.126168
-0.69485700 -0.27624699 -5.59323883 104 137 105 0.000000 0.710044 -0.662813 0.237731
-0.63289797 -0.19007400 -5.22361898 112 144 111 0.000000 0.626334 -0.777567 0.055642
-0.64999002 -0.15731400 -5.06480217 119 140 116 0.000000 -0.338406 -0.317350 0.885873
-0.76180202 -0.34034300 -5.22148180 126 153 121 0.000000 0.943523 -0.309154 0.119111
-0.56951398 -0.13879700 -5.63739395 118 145 118 0.000000 0.931068 -0.294392 0.215512
-0.64500499 -0.20218100 -5.49353409 89 117 64 0.000000 -0.579278 0.729401 0.363884
-0.74969500 -0.33535799 -5.35323477 112 138 107 0.000000 0.831067 -0.539826 -0.133853
-0.60227400 -0.15731400 -5.54765892 86 115 67 0.000000 -0.784732 -0.618487 -0.040857
-0.67705297 -0.21428800 -5.14955091 112 147 109 0.000000 0.577876 -0.734147 0.356493
-0.51681203 -0.13665999 -5.31264114 107 139 108 0.000000 0.498612 -0.856218 0.135192
-0.76108998 -0.34105599 -5.52059698 116 142 114 0.000000 0.934773 -0.318016 0.158319
-0.44203401 -0.09179300 -5.27916813 131 167 136 0.000000 0.390068 -0.841231 0.374403
-0.48476401 -0.06686700 -5.41519403 63 88 48 0.000000 -0.486095 0.797324 0.357753
-0.69272101 -0.25060901 -5.35394716 111 144 108 0.000000 0.702318 -0.710831 -0.038308
-0.64429200 -0.21286300 -5.37175083 94 127 79 0.000000 0.056207 -0.997945 0.030755
-0.82732201 -0.44716999 -5.31264114 133 155 134 0.000000 0.721454 -0.676080 0.149736
-0.53461701 -0.11387100 -5.11821604 77 107 46 0.000000 -0.491124 0.848579 -0.196750
-0.74826998 -0.30972001 -5.24071121 124 152 122 0.000000 0.799496 -0.571935 0.183565
-0.71835899 -0.26983801 -5.23999786 117 153 115 0.000000 0.770367 -0.603634 0.205328
-0.44559500 -0.08752000 -5.39169312 128 158 129 0.000000 0.251734 0.498835 0.829333
-0.78459102 -0.40799999 -5.45650101 119 120 113 0.000000 0.918118 0.141141 -0.370322
-0.70838797 -0.26627699 -5.33329296 109 144 99 0.000000 0.769719 -0.634479 0.070498
-0.54458702 -0.13879700 -5.37887287 80 111 58 0.000000 -0.546136 0.768457 0.333481
-0.80025899 -0.41084900 -5.32189894 117 133 111 0.000000 0.896903 -0.428099 -0.110885
-0.70411497 -0.25203300 -5.25068092 116 146 115 0.000000 0.581506 -0.658593 0.477605
-0.69984198 -0.23351701 -5.16878080 108 144 106 0.000000 0.632800 -0.769543 0.085828
-0.52963197 -0.08538400 -5.60320997 93 118 75 0.000000 0.641320 -0.759264 -0.110572
-0.78103101 -0.38236201 -5.27560806 112 132 104 0.000000 -0.188689 -0.765493 0.615156
-0.73402703 -0.30259800 -5.32118702 112 139 105 0.000000 0.885697 -0.457448 0.079254
-0.63147300 -0.19078600 -5.54623508 101 128 93 0.000000 0.702318 -0.710831 -0.038308
-0.66636997 -0.24562401 -5.59822416 114 142 111 0.000000 0.766903 -0.583479 0.267230
-0.81664002 -0.46283799 -5.33756685 129 148 117 0.000000 0.884722 0.220810 0.410499
-0.51966101 -0.05262300 -5.48570013 80 110 40 0.000000 -0.785517 0.515646 0.342158
-0.57236201 -0.13309900 -5.59893608 105 135 97 0.000000 0.830457 -0.538396 0.143080
-0.57663500 -0.16586000 -5.32902098 108 137 102 0.000000 0.513737 -0.856228 0.054297
-0.48618901 -0.12170500 -5.31121588 105 136 107 0.000000 0.421107 -0.846875 0.324765
-0.55883098 -0.11173400 -5.50207996 68 103 38 0.000000 -0.649765 0.752902 -0.104611
-0.74969500 -0.28550601 -5.17518997 121 154 123 0.000000 0.696449 -0.696449 0.172964
-0.60298598 -0.16443500 -5.44652987 67 103 43 0.000000 -0.720364 0.688218 0.086210
-0.61153197 -0.18793701 -5.36178112 79 111 52 0.000000 -0.639106 0.764307 -0.085894
-0.60013700 -0.15304001 -5.51703596 82 116 58 0.000000 -0.776848 0.579901 0.245403
-0.73901200 -0.31826600 -5.38243389 112 140 111 0.000000 0.873148 -0.484163 0.056555
-0.51894897 -0.06544300 -5.52273321 112 137 111 0.000000 0.658429 -0.540552 0.523712
-0.61865401 -0.18010300 -5.20011711 96 123 76 0.000000 -0.704211 0.293555 0.646462
-0.57805997 -0.15802599 -5.23786211 91 123 84 0.000000 0.839567 -0.514477 -0.174475
-0.42636600 -0.07968600 -5.28842592 141 167 143 0.000000 0.768336 -0.556602 0.315996
-0.50897801 -0.12669000 -5.35537100 84 115 72 0.000000 -0.150077 0.824678 0.545328
-0.73331499 -0.29049101 -5.52202082 180 146 143 0.000000 0.564072 -0.819282 0.102954
-0.76108998 -0.34960201 -5.34255219 106 132 99 0.000000 0.813603 -0.577899 0.063896
-0.81664002 -0.46212599 -5.36462879 117 133 116 0.000000 -0.871462 -0.467010 0.149851
-0.71551001 -0.27055001 -5.28700209 95 130 65 0.000000 -0.539133 0.839123 0.072167
-0.70910102 -0.24206300 -5.08118200 113 113 107 0.000000 -0.252784 -0.847208 0.467267
-0.71551001 -0.28336900 -5.39311695 119 148 122 0.000000 0.642124 -0.763333 -0.070706
-0.74542201 -0.29618800 -5.21934509 123 151 122 0.000000 0.749730 -0.656920 0.079758
-0.72690499 -0.28479299 -5.46504688 73 113 35 0.000000 -0.788268 0.567491 0.237880
-0.72832900 -0.29903701 -5.35252190 119 146 121 0.000000 0.870489 -0.490590 -0.039630
-0.60227400 -0.17725500 -5.61318016 111 143 111 0.000000 0.667208 -0.735563 0.117393
-0.58304501 -0.13594800 -5.48498821 96 128 86 0.000000 0.714476 -0.690808 -0.110943
-0.65711200 -0.22069700 -5.53199100 90 123 73 0.000000 0.855678 -0.475044 -0.205303
-0.76108998 -0.38093799 -5.21222401 113 114 87 0.000000 0.849783 0.167584 -0.499785
-0.52108502 -0.08324700 -5.46077299 90 112 80 0.000000 0.426839 -0.870269 -0.245847
-0.79741102 -0.40799999 -5.37246323 119 143 113 0.000000 0.752966 -0.657262 0.032371
-0.72334403 -0.29334000 -5.56332684 113 143 111 0.000000 0.735465 -0.544606 0.403107
-0.66850603 -0.23066799 -5.40949678 105 131 84 0.000000 0.666027 -0.659481 0.348559
-0.67705297 -0.21856099 -5.19726801 89 124 69 0.000000 -0.569351 0.822094 0.001359
-0.55099702 -0.10390000 -5.59466314 92 120 84 0.000000 0.841768 -0.461814 -0.279560
-0.51467597 -0.06900300 -5.61531591 105 120 96 0.000000 -0.110741 -0.636392 0.763375
-0.68773502 -0.23351701 -5.24711990 115 152 109 0.000000 0.529978 -0.847692 0.023281
-0.51396400 -0.09962700 -5.14171696 112 138 116 0.000000 0.332595 -0.712239 0.618139
-0.68631101 -0.24776000 -5.51632404 96 129 81 0.000000 0.887313 -0.435747 -0.151001
-0.77960598 -0.37524000 -5.31335306 69 100 35 0.000000 -0.812655 0.575088 -0.094158
-0.43633601 -0.11031000 -5.32189894 79 111 72 0.000000 0.442723 -0.892385 0.087434
-0.77746999 -0.37310401 -5.35822010 112 128 103 0.000000 0.884600 -0.465791 0.022820
-0.45698899 -0.08467100 -5.24142313 115 145 113 0.000000 0.379355 -0.789380 0.482668
-0.58874202 -0.15232800 -5.59893608 105 137 99 0.000000 0.746307 -0.635056 0.199324
-0.66636997 -0.22141001 -5.36961508 99 120 87 0.000000 0.421332 -0.904023 0.072267
-0.78245503 -0.44147301 -5.24640799 94 102 85 0.000000 0.135332 0.602303 -0.786712
-0.45983800 -0.11173400 -5.35323477 101 135 99 0.000000 0.031406 0.861614 0.506591
-0.77818203 -0.38805899 -5.25566578 91 113 77 0.000000 0.777918 0.619697 -0.104015
-0.50399297 -0.07327700 -5.07192421 119 149 116 0.000000 0.544928 -0.838455 0.006795
-0.53604102 -0.09250500 -5.56261492 98 126 91 0.000000 0.680732 -0.729664 0.064763
-0.53746599 -0.09321800 -5.05127096 87 116 44 0.000000 -0.698889 0.610089 -0.373289
-0.67277998 -0.18295200 -5.07334900 127 152 134 0.000000 0.545435 -0.666270 0.508513
-0.51894897 -0.08324700 -5.57757092 94 124 70 0.000000 -0.629439 0.716369 0.301036
-0.79242498 -0.40942499 -5.40949678 115 133 101 0.000000 0.982255 -0.165521 0.088198
-0.53889000 -0.08680800 -5.50279188 86 115 62 0.000000 0.410499 0.884722 0.220810
-0.75966501 -0.33891901 -5.42160416 103 125 91 0.000000 0.789247 -0.598995 -0.135257
-0.79741102 -0.41868299 -5.39026785 116 136 105 0.000000 0.964715 -0.222027 0.141526
-0.46624801 -0.05832100 -5.40736008 124 143 111 0.000000 -0.500521 0.405960 0.764640
-0.63076103 -0.19292200 -5.57044888 76 109 48 0.000000 -0.749331 0.624702 -0.219658
-0.61366898 -0.17654200 -5.57543421 105 131 97 0.000000 0.796307 -0.553207 0.244658
-0.78316700 -0.33179700 -5.16237116 148 168 143 0.000000 0.762488 -0.539084 0.357771
-0.75325602 -0.33820701 -5.30480719 113 140 108 0.000000 0.852260 -0.520283 -0.054400
-0.49402300 -0.11671900 -5.28344107 105 132 103 0.000000 0.406196 -0.857181 0.316616
-0.75966501 -0.26770100 -5.11963987 112 144 105 0.000000 -0.157774 -0.947991 0.276441
-0.63147300 -0.19292200 -5.47003222 80 115 56 0.000000 -0.829699 0.552657 0.078543
-0.80951798 -0.44432101 -5.36106920 124 142 113 0.000000 0.970293 -0.055481 0.235484
-0.75183100 -0.27980801 -5.15667295 123 150 121 0.000000 0.733159 -0.532158 0.423420
-0.74328500 -0.31826600 -5.41733122 105 133 101 0.000000 0.760023 -0.634102 -0.142411
-0.57449901 -0.14876699 -5.40380001 81 112 62 0.000000 -0.521509 0.789440 0.323750
-0.51894897 -0.11671900 -5.24498415 112 148 114 0.000000 -0.833995 -0.143181 0.532871
-0.61153197 -0.16016200 -5.14029312 114 151 116 0.000000 0.889150 0.111320 0.443870
-0.79171300 -0.29049101 -5.12177706 90 105 79 0.000000 0.603167 0.656634 -0.452793
-0.54814798 -0.14520700 -5.36106920 82 113 63 0.000000 -0.565409 0.779603 0.269317
-0.51752502 -0.06473000 -5.50065613 107 136 102 0.000000 0.793010 -0.588363 0.158000
-0.62506402 -0.15731400 -5.07904577 89 125 52 0.000000 -0.524911 0.832979 -0.174970
-0.74542201 -0.32966101 -5.33543015 109 132 105 0.000000 0.758233 -0.630595 0.165626
-0.62363899 -0.17440601 -5.14812803 93 131 78 0.000000 0.230024 -0.727627 0.646258
-0.65995997 -0.21571200 -5.31335306 83 112 56 0.000000 -0.790629 0.570924 0.221252
-0.59087902 -0.15731400 -5.43157387 79 114 51 0.000000 -0.667208 0.735563 0.117393
-0.77390897 -0.38948399 -5.23715019 95 115 87 0.000000 0.954752 0.251671 -0.158460
-0.52037299 -0.12526600 -5.37531185 80 112 64 0.000000 0.682635 -0.579155 -0.445632
-0.61438102 -0.17654200 -5.25353003 102 132 100 0.000000 0.816965 -0.554102 -0.159809
-0.55242097 -0.10390000 -5.63810587 125 133 119 0.000000 0.649151 -0.537868 0.537868
-0.69841802 -0.22781900 -5.09684992 133 158 135 0.000000 0.823205 -0.553205 0.127663
-0.69556898 -0.25132099 -5.31406498 102 134 93 0.000000 0.748296 -0.630552 0.206053
-0.78530401 -0.36883101 -5.18231201 161 183 161 0.000000 0.706165 -0.104672 0.700268
-0.49259800 -0.08253500 -5.40807199 83 117 75 0.000000 -0.198005 0.587875 0.784345
-0.71764702 -0.25203300 -5.09613800 110 141 100 0.000000 0.427989 -0.759230 -0.490302
-0.66423303 -0.20289300 -5.15738583 114 147 113 0.000000 0.600359 -0.797152 0.064171
-0.82732201 -0.47067201 -5.31833792 119 118 114 0.000000 0.689700 0.220516 0.689700
-0.50755399 -0.03125800 -5.47572899 60 62 57 0.000000 0.880283 -0.427566 -0.205646
-0.77034801 -0.30900800 -5.17518997 143 164 137 0.000000 0.729889 -0.491558 0.475007
-0.61794198 -0.17725500 -5.51489878 101 133 91 0.000000 0.689258 -0.721048 -0.070804
-0.70696402 -0.23565300 -5.12747383 114 147 112 0.000000 0.476715 -0.859869 -0.182667
-0.78459102 -0.29832500 -5.14670277 138 165 139 0.000000 0.767656 -0.412350 0.490583
-0.71337402 -0.30473399 -5.59323883 96 121 90 0.000000 0.819063 -0.143669 0.555423
-0.53604102 -0.14307000 -5.33685398 95 129 91 0.000000 0.500299 -0.865851 0.001334
-0.68559903 -0.24491200 -5.54338598 95 119 75 0.000000 -0.339711 0.936535 0.086593
-0.65995997 -0.20716600 -5.19726801 100 138 82 0.000000 -0.452296 0.485190 0.748344
-0.76821101 -0.41298601 -5.22931623 96 114 85 0.000000 0.889541 0.411797 -0.197839
-0.51467597 -0.05689600 -5.04628611 137 126 125 0.000000 0.182732 -0.228081 0.956341
-0.46055001 -0.09179300 -5.27916813 123 159 122 0.000000 -0.484237 -0.317041 0.815475
-0.65924799 -0.22425801 -5.56332684 94 122 80 0.000000 0.619334 -0.783734 0.046769
-0.70126700 -0.24704801 -5.27916813 121 156 124 0.000000 -0.588363 -0.793010 -0.158000
-0.70767599 -0.24491200 -5.19513083 111 143 107 0.000000 0.713922 -0.620028 0.325393
-0.57877201 -0.16372301 -5.36961508 87 118 67 0.000000 -0.794254 0.597526 -0.110109
-0.61794198 -0.19292200 -5.37887287 82 114 56 0.000000 -0.742241 0.670098 -0.006937
-0.57734799 -0.15517700 -5.63312101 119 151 119 0.000000 0.665670 -0.491288 0.561711
-0.58731800 -0.16372301 -5.26919699 113 134 108 0.000000 0.555196 -0.777910 0.294301
-0.58731800 -0.14449400 -5.46931982 71 107 45 0.000000 -0.743282 0.656888 0.126611
-0.84014100 -0.44645801 -5.26563692 74 84 73 0.000000 0.285644 0.822591 0.491682
-0.64358002 -0.21856099 -5.62386322 115 141 116 0.000000 0.704018 -0.578123 0.412472
-0.76963598 -0.35245001 -5.46291018 114 137 106 0.000000 0.911029 -0.411219 0.030412
-0.56666499 -0.14663100 -5.18017483 80 107 58 0.000000 -0.485227 0.848014 -0.213137
-0.68773502 -0.19933200 -5.07619715 138 167 145 0.000000 0.661078 -0.502957 0.556786
-0.67206699 -0.23494101 -5.43513489 106 132 84 0.000000 0.665734 -0.743379 -0.064704
-0.51467597 -0.07755000 -5.05127096 95 110 44 0.000000 -0.409433 0.664707 -0.624924
-0.77462101 -0.42366800 -5.24355888 108 123 89 0.000000 0.656933 -0.509081 -0.556125
-0.68631101 -0.23850200 -5.27275801 105 137 86 0.000000 0.964634 -0.204936 -0.165776
-0.67491603 -0.21642400 -5.26634884 64 97 44 0.000000 0.387120 0.198634 -0.900379
-0.65141398 -0.21571200 -5.44439411 80 110 48 0.000000 -0.657622 0.752971 0.023837
-0.66636997 -0.22568300 -5.32973289 91 125 71 0.000000 -0.546628 0.826572 -0.134079
-0.78245503 -0.38877201 -5.47003222 113 135 105 0.000000 0.867233 -0.497681 0.014836
-0.77675802 -0.36954299 -5.40237522 118 143 114 0.000000 0.869032 -0.489615 -0.071141
-0.71978301 -0.27767199 -5.52842999 92 121 75 0.000000 0.370577 -0.854344 -0.364375
-0.73117799 -0.25844300 -5.14029312 112 148 110 0.000000 0.584488 -0.759675 -0.285077
-0.56096703 -0.15731400 -5.32617188 106 132 99 0.000000 0.580344 -0.795510 -0.174255
-0.75824100 -0.35102600 -5.27062178 116 139 109 0.000000 0.920747 -0.389796 -0.016835
-0.72761703 -0.30117401 -5.37744904 115 141 113 0.000000 0.872073 -0.484175 -0.071161
-0.70411497 -0.26271600 -5.46504688 176 152 148 0.000000 0.500554 -0.863837 0.056850
-0.68987203 -0.21927300 -5.16094589 108 145 109 0.000000 0.682683 0.508238 0.525012
-0.76180202 -0.33535799 -5.45863724 115 132 106 0.000000 0.761293 -0.648407 0.001377
-0.55954301 -0.12882601 -5.17376614 131 144 127 0.000000 -0.064275 -0.789869 0.609899
-0.78103101 -0.39589301 -5.29056311 120 138 112 0.000000 0.900566 -0.427597 -0.078370
-0.61865401 -0.17583001 -5.47929001 75 110 47 0.000000 -0.781739 0.591296 0.198123
-0.65639901 -0.20004401 -5.17305279 106 143 101 0.000000 0.799488 -0.520855 0.299214
-0.59515202 -0.17725500 -5.35964394 87 121 59 0.000000 -0.640135 0.767314 0.038154
-0.48405200 -0.04478900 -5.42658901 77 108 58 0.000000 -0.541481 0.491188 0.682299
-0.76892400 -0.35601100 -5.50706482 122 145 114 0.000000 0.958152 -0.270248 0.094393
-0.78530401 -0.38592300 -5.33970404 116 130 102 0.000000 0.791963 -0.601658 0.103936
-0.54031402 -0.09891500 -5.44724178 71 102 47 0.000000 -0.720965 0.648395 0.244528
-0.59871298 -0.15731400 -5.57187414 103 129 96 0.000000 0.743326 -0.609623 0.275365
-0.71052498 -0.27339900 -5.55050802 105 132 98 0.000000 0.790143 -0.547265 0.275998
-0.67206699 -0.19933200 -5.11892796 119 150 124 0.000000 0.492366 -0.801489 0.339398
-0.68274999 -0.24063800 -5.41234493 140 143 115 0.000000 0.560752 -0.821567 -0.102877
-0.48476401 -0.06900300 -5.10183620 136 155 135 0.000000 0.659649 -0.707106 0.254685
-0.64714098 -0.18295200 -5.12462616 84 116 58 0.000000 -0.626866 0.762813 -0.158605
-0.72548097 -0.25417000 -5.16165876 114 144 112 0.000000 0.648643 -0.760720 -0.023816
-0.79598600 -0.45714101 -5.41020918 58 64 54 0.000000 0.893111 -0.449834 0.001311
-0.49046201 -0.02983400 -5.44652987 58 68 42 0.000000 0.720974 0.261452 0.641746
-0.79385000 -0.42865399 -5.42445278 122 135 111 0.000000 0.989448 -0.070758 -0.126436
-0.72832900 -0.27339900 -5.21863317 120 155 120 0.000000 0.848824 -0.522898 -0.077939
-0.49544701 -0.11031000 -5.26350021 111 145 108 0.000000 0.324756 -0.890460 0.318770
-0.57948399 -0.14093301 -5.44937801 68 102 46 0.000000 -0.729246 0.676210 0.104599
-0.62648797 -0.19078600 -5.44368076 78 110 54 0.000000 -0.786214 0.587752 0.190829
-0.74898303 -0.31684199 -5.45721292 83 116 59 0.000000 -0.745638 0.529321 0.404775
-0.53532898 -0.09677800 -5.07762098 128 148 128 0.000000 0.680147 -0.600325 0.420726
-0.61082000 -0.20075600 -5.63312101 114 149 112 0.000000 0.506723 -0.594263 0.624566
-0.63361001 -0.18864900 -5.20082903 97 129 87 0.000000 0.861649 -0.214288 -0.460046
-0.67562801 -0.23565300 -5.38457108 108 135 96 0.000000 0.700990 -0.581672 -0.412639
-0.68844700 -0.24348700 -5.30053282 114 144 112 0.000000 0.625173 -0.757273 0.188934
-0.60512298 -0.15232800 -5.10895681 104 139 95 0.000000 0.276042 -0.901935 0.332136
-0.60369802 -0.18366399 -5.34326410 90 122 70 0.000000 -0.733477 0.667748 -0.126977
-0.62079000 -0.18081500 -5.53270292 95 129 90 0.000000 0.690492 -0.721813 -0.046982
-0.56168002 -0.11743200 -5.62457514 108 136 106 0.000000 0.808858 -0.547936 0.213342
-0.54245102 -0.12312900 -5.13032293 68 92 39 0.000000 -0.474764 0.768432 -0.429082
-0.75040698 -0.33464599 -5.37032700 103 129 96 0.000000 0.753685 -0.657235 0.001378
-0.48120400 -0.08894400 -5.19299507 114 146 118 0.000000 0.594357 -0.680930 0.427871
-0.45129201 -0.11600700 -5.33899117 89 126 83 0.000000 0.739139 0.643467 0.199058
-0.61082000 -0.16870800 -5.18231201 97 131 96 0.000000 0.514754 -0.626144 0.585638
-0.63289797 -0.19149800 -5.50421715 97 127 83 0.000000 0.672500 -0.729163 0.126746
-0.66280901 -0.22354600 -5.35323477 108 130 92 0.000000 0.910965 -0.387195 -0.142206
-0.83515602 -0.44645801 -5.29768515 122 128 114 0.000000 0.666235 -0.592765 0.452505
-0.52535897 -0.08609600 -5.10254812 134 152 128 0.000000 0.315473 -0.499367 -0.806913
-0.58945501 -0.11458300 -5.04414892 125 128 120 0.000000 0.468584 -0.262714 0.843451
-0.42707801 -0.06473000 -5.25566578 91 98 91 0.000000 -0.460538 -0.758822 -0.460538
-0.77960598 -0.37524000 -5.42445278 114 137 107 0.000000 0.932835 -0.354926 -0.062013
-0.55954301 -0.13879700 -5.15097618 90 111 65 0.000000 -0.556567 0.800161 -0.223552
-0.81806397 -0.43292701 -5.28913784 82 110 61 0.000000 -0.747503 0.579597 0.324510
-0.55455798 -0.15161601 -5.29412413 111 142 109 0.000000 0.672243 -0.703583 0.230349
-0.60440999 -0.17440601 -5.40380001 91 114 66 0.000000 -0.642317 0.738278 0.205851
-0.53532898 -0.08253500 -5.47715378 65 94 32 0.000000 -0.791963 0.601658 0.103936
-0.52464598 -0.12241700 -5.18729687 72 105 46 0.000000 -0.520975 0.852630 -0.040075
-0.75895298 -0.31185600 -5.20438910 133 158 132 0.000000 0.759849 -0.595557 0.260655
-0.54245102 -0.13737300 -5.24213505 107 139 106 0.000000 0.663228 -0.747716 0.032387
-0.55883098 -0.11102200 -5.48498821 79 107 55 0.000000 -0.782522 0.522217 0.339040
-0.50399297 -0.07826200 -5.08901596 123 149 120 0.000000 0.599913 -0.695767 0.394984
-0.46482301 -0.09535400 -5.39667702 54 78 21 0.000000 0.261578 -0.831167 -0.490652
-0.59087902 -0.15375300 -5.45009089 80 116 52 0.000000 -0.662813 0.710044 0.237731
-0.47692999 -0.09393000 -5.24213505 106 138 106 0.000000 0.340528 -0.900703 0.269769
-0.72690499 -0.25559399 -5.19726801 88 124 37 0.000000 -0.938812 0.339848 -0.055990
-0.52250999 -0.08609600 -5.43015003 71 103 54 0.000000 -0.682600 0.650017 0.333969
-0.70269102 -0.26129201 -5.48142719 104 123 88 0.000000 0.881909 -0.468984 -0.047856
-0.68203801 -0.20930301 -5.12747383 115 147 123 0.000000 0.611229 -0.744588 0.268306
-0.49473500 -0.09606600 -5.17305279 117 148 119 0.000000 0.357112 -0.896483 0.262277
-0.63859499 -0.20289300 -5.43727207 96 128 83 0.000000 0.750483 -0.630283 -0.198793
-0.62577599 -0.18651301 -5.24711990 110 140 106 0.000000 0.572520 -0.818885 -0.040594
-0.67135501 -0.23066799 -5.49495792 84 115 55 0.000000 -0.720364 0.688218 -0.086210
-0.58518201 -0.14663100 -5.15667295 108 144 111 0.000000 -0.545490 -0.830599 0.112007
-0.58731800 -0.13950901 -5.50991392 100 130 90 0.000000 0.780252 -0.615679 0.110205
-0.74969500 -0.31399301 -5.51276302 116 120 103 0.000000 0.888291 -0.459279 0.001316
-0.73687601 -0.31541699 -5.40095091 100 129 96 0.000000 0.712351 -0.681844 -0.166266
-0.80382001 -0.43506300 -5.37816095 122 144 112 0.000000 0.975388 -0.190593 0.110868
-0.65924799 -0.22212200 -5.50849009 93 124 75 0.000000 0.811620 -0.583308 -0.032019
-0.69058400 -0.21571200 -5.08901596 127 155 129 0.000000 0.885442 -0.373054 0.277169
-0.58304501 -0.15375300 -5.19299507 109 139 109 0.000000 0.834455 -0.548356 -0.054695
-0.55740702 -0.11671900 -5.45293999 64 97 44 0.000000 -0.735083 0.655615 0.172691
-0.71622199 -0.27482301 -5.45792484 84 113 60 0.000000 -0.727704 0.681224 -0.079888
-0.65141398 -0.23351701 -5.62101412 110 138 109 0.000000 0.876686 -0.434634 0.206192
-0.56096703 -0.13665999 -5.41163301 77 108 61 0.000000 0.372733 -0.619033 -0.691280
-0.57449901 -0.15731400 -5.38385820 80 111 66 0.000000 0.735482 0.555297 0.388216
-0.50399297 -0.06686700 -5.53056717 76 109 44 0.000000 -0.523000 0.427310 -0.737480
-0.76678699 -0.35885999 -5.35608292 102 127 96 0.000000 0.837677 -0.529599 -0.133500
-0.70838797 -0.27197400 -5.36961508 136 157 133 0.000000 0.865386 -0.436469 0.246174
-0.67776501 -0.23921400 -5.52700615 83 118 59 0.000000 -0.545951 0.837491 -0.023378
-0.47336999 -0.10817300 -5.36818981 88 123 76 0.000000 -0.477605 0.658593 0.581506
-0.70838797 -0.26556501 -5.30551910 110 140 101 0.000000 0.706655 -0.697729 0.117528
-0.82233697 -0.44574600 -5.26421309 86 110 67 0.000000 -0.714028 -0.189688 0.673931
-0.50399297 -0.09464200 -5.40095091 79 114 67 0.000000 -0.332595 0.618139 0.712239
-0.45556501 -0.07897400 -5.22646713 117 154 114 0.000000 -0.705670 0.286429 0.648065
-0.67420399 -0.25132099 -5.58540487 108 139 106 0.000000 0.673896 -0.705167 0.220462
-0.61224401 -0.17939100 -5.59822416 104 133 103 0.000000 0.680829 -0.690306 0.244846
-0.46624801 -0.08680800 -5.21222401 114 150 116 0.000000 0.167344 -0.062902 0.983890
-0.50969100 -0.11458300 -5.19441891 81 115 51 0.000000 -0.577731 0.808823 -0.109696
-0.56239200 -0.11387100 -5.51774788 73 108 43 0.000000 -0.697359 0.714543 0.055846
-0.62933701 -0.15375300 -5.11323118 100 134 106 0.000000 -0.729158 -0.647967 0.220153
-0.66708201 -0.26342800 -5.61175489 119 156 118 0.000000 0.189525 -0.657946 0.728826
-0.61580497 -0.14591900 -5.06408978 87 121 49 0.000000 -0.506957 0.853595 -0.119879
-0.62292701 -0.14805500 -5.09186506 105 139 112 0.000000 0.968623 -0.158221 0.191666
-0.58304501 -0.16870800 -5.30623102 108 142 102 0.000000 0.508374 -0.855834 0.095409
-0.72619301 -0.27767199 -5.48712397 110 131 91 0.000000 0.942774 -0.307982 0.127765
-0.73758799 -0.27126199 -5.18160009 121 155 121 0.000000 0.730075 -0.628278 0.268808
-0.67064297 -0.23422900 -5.55834198 102 124 86 0.000000 0.749299 -0.621026 0.229952
-0.56595302 -0.15802599 -5.35608292 88 122 70 0.000000 -0.292033 -0.950099 0.109678
-0.65141398 -0.20502999 -5.22219419 87 123 69 0.000000 -0.586929 0.792127 -0.167478
-0.64001900 -0.19719601 -5.26777315 103 139 101 0.000000 0.759601 -0.649267 -0.038192
-0.53248000 -0.10176400 -5.12818718 117 148 113 0.000000 0.062612 -0.864046 0.499505
-0.78103101 -0.38948399 -5.18302393 136 158 135 0.000000 0.816001 -0.087788 0.571345
-0.79741102 -0.36384499 -5.16593218 105 130 102 0.000000 0.823581 -0.481599 0.299627
-0.65355098 -0.16087399 -5.04984713 95 110 81 0.000000 -0.458549 0.824127 -0.332487
-0.77604502 -0.35743600 -5.18800879 138 168 140 0.000000 0.944563 -0.039623 0.325932
-0.46696001 -0.11529500 -5.31904984 106 140 107 0.000000 0.292859 -0.819066 0.493319
-0.59159100 -0.15019201 -5.13459587 116 146 120 0.000000 0.545965 -0.821191 0.166033
-0.49188599 -0.10105100 -5.21436024 108 140 109 0.000000 0.767968 -0.633391 0.095082
-0.50328100 -0.07042800 -5.54908419 86 115 81 0.000000 0.292321 -0.755561 0.586239
-0.61153197 -0.18651301 -5.30124617 110 141 100 0.000000 0.238324 -0.923326 0.301116
-0.70340300 -0.26200399 -5.51561117 89 122 71 0.000000 -0.702227 0.702227 -0.117285
-0.80453300 -0.46568701 -5.39596510 104 107 96 0.000000 0.586932 -0.799824 0.125666
-0.68987203 -0.21428800 -5.18943405 107 135 106 0.000000 -0.561161 -0.513976 0.648789
-0.72120798 -0.27980801 -5.30623102 106 137 96 0.000000 0.967197 -0.254023 0.001193
-0.81664002 -0.43292701 -5.31477690 125 139 117 0.000000 0.850086 -0.508885 -0.135606
-0.73260200 -0.29191500 -5.27560806 102 129 88 0.000000 0.706165 -0.700268 0.104672
-0.54814798 -0.09891500 -5.53911400 101 133 100 0.000000 0.736827 -0.651042 -0.182292
-0.50541800 -0.08823200 -5.10326004 118 142 120 0.000000 0.023780 -0.756766 -0.653253
-0.70482802 -0.26627699 -5.44154501 115 137 110 0.000000 0.741146 -0.639026 -0.205788
-0.57307500 -0.12455300 -5.48213911 75 105 52 0.000000 -0.698034 0.698034 0.159681
-0.73972398 -0.30473399 -5.45934916 101 130 89 0.000000 0.624590 -0.720927 -0.300253
-0.68417400 -0.24277499 -5.36890316 90 125 73 0.000000 -0.437456 0.731295 -0.523297
-0.58802998 -0.14235801 -5.10539722 84 122 57 0.000000 -0.682135 0.642876 -0.348429
-0.56310397 -0.11102200 -5.06551504 116 142 120 0.000000 0.468265 -0.839168 0.276632
-0.53319299 -0.10318800 -5.10468388 106 125 102 0.000000 0.832392 -0.402770 -0.380657
-0.68417400 -0.25203300 -5.56119108 105 132 99 0.000000 0.729158 -0.647967 0.220153
-0.65426302 -0.23351701 -5.59608698 103 137 97 0.000000 0.799385 -0.593373 0.094301
-0.74755800 -0.26770100 -5.10610914 89 122 67 0.000000 -0.520467 0.851545 0.063129
-0.64215600 -0.21072701 -5.39169312 80 116 57 0.000000 -0.667044 0.740025 0.086117
-0.47550601 -0.11671900 -5.34753799 87 123 84 0.000000 -0.126894 0.931917 0.339747
-0.52820700 -0.08182300 -5.04557419 98 125 49 0.000000 -0.451981 0.678806 -0.578736
-0.74470901 -0.29120299 -5.19869184 118 154 118 0.000000 0.814592 -0.577415 0.055059
-0.76251400 -0.36242101 -5.24711990 114 134 104 0.000000 0.987326 0.071444 0.141716
-0.63859499 -0.18366399 -5.15809822 117 148 116 0.000000 0.468584 -0.843451 0.262714
-0.65924799 -0.21428800 -5.27631903 100 131 84 0.000000 0.665734 -0.743379 -0.064704
-0.80097198 -0.44147301 -5.25851488 81 101 56 0.000000 0.625759 -0.548171 -0.554918
-0.49687099 -0.08538400 -5.16165876 117 151 118 0.000000 -0.838994 -0.442151 0.317162
-0.67349201 -0.23422900 -5.47074413 97 130 82 0.000000 0.876610 -0.418076 -0.238258
-0.50897801 -0.11244600 -5.23430109 108 141 112 0.000000 0.529067 -0.846227 0.063151
-0.48618901 -0.10176400 -5.25495386 111 145 109 0.000000 0.348503 -0.649558 0.675737
-0.76821101 -0.35601100 -5.37887287 109 131 100 0.000000 0.777683 -0.618912 -0.110258
-0.54957300 -0.10247600 -5.47003222 66 98 44 0.000000 -0.764952 0.622565 0.165109
-0.44915500 -0.05760900 -5.20438910 142 163 149 0.000000 0.738435 -0.673238 -0.038268
-0.76180202 -0.33820701 -5.49282217 114 143 111 0.000000 0.826157 -0.555097 0.096601
-0.53675300 -0.08680800 -5.51774788 92 123 82 0.000000 0.816429 -0.434474 0.380364
-0.76749903 -0.36099699 -5.32189894 111 135 105 0.000000 0.761111 -0.499223 -0.414110
-0.66850603 -0.19363500 -5.10112286 100 136 89 0.000000 0.489615 -0.071141 0.869032
-0.61082000 -0.15873800 -5.15524912 113 152 115 0.000000 0.040594 0.818885 0.572520
-0.60227400 -0.13594800 -5.08403206 119 143 121 0.000000 0.270183 -0.888171 0.371689
-0.65070200 -0.21713699 -5.58184385 105 134 101 0.000000 0.850770 -0.483358 0.206293
-0.43491200 -0.11102200 -5.35038614 100 134 90 0.000000 -0.070055 0.974620 0.212622
-0.69200802 -0.25132099 -5.47288084 87 118 62 0.000000 -0.783691 0.609538 0.119546
-0.74542201 -0.31755400 -5.27560806 117 141 112 0.000000 0.895870 -0.443248 0.030800
-0.58518201 -0.13167500 -5.07334900 71 109 41 0.000000 -0.547936 0.808858 0.213342
-0.72975397 -0.30046099 -5.33543015 118 144 117 0.000000 0.929543 -0.294802 0.221454
-0.77034801 -0.37025499 -5.20723820 125 155 120 0.000000 0.902965 -0.418987 -0.095413
-0.68844700 -0.21998499 -5.13602018 128 157 130 0.000000 0.862311 -0.388885 0.324327
-0.77675802 -0.33464599 -5.17590189 135 161 134 0.000000 0.910375 -0.197032 0.363862
-0.64001900 -0.20289300 -5.53128004 93 127 74 0.000000 0.538910 -0.816762 -0.206099
-0.51752502 -0.07683700 -5.60178518 96 115 76 0.000000 0.681656 -0.588324 0.434993
-0.56096703 -0.11458300 -5.59181499 94 121 87 0.000000 0.721280 -0.689607 -0.064786
-0.46197501 -0.10390000 -5.28771400 108 135 108 0.000000 0.126666 -0.947994 0.291998
-0.49331099 -0.05404800 -5.45222807 71 93 56 0.000000 -0.038287 0.682071 -0.730283
-0.75396800 -0.33607000 -5.26777315 119 144 115 0.000000 0.942785 -0.301637 0.142026
-0.53248000 -0.09036900 -5.54837179 106 133 100 0.000000 0.477639 -0.866720 0.143727
-0.51111501 -0.11031000 -5.16308308 72 104 45 0.000000 -0.627839 0.763344 -0.152067
-0.61082000 -0.13808499 -5.04414892 99 125 57 0.000000 -0.680257 0.699022 -0.220497
-0.60868299 -0.16586000 -5.50635290 94 122 81 0.000000 0.911817 -0.214630 0.350034
-0.69628102 -0.23921400 -5.21436024 115 151 117 0.000000 0.680192 -0.610684 0.405467
-0.73758799 -0.28550601 -5.21293592 112 148 102 0.000000 0.742825 -0.656137 0.133021
-0.68559903 -0.21357600 -5.10610914 130 160 134 0.000000 0.806913 -0.499367 0.315473
-0.47977901 -0.05333600 -5.52771902 129 143 96 0.000000 -0.355889 0.809129 -0.467603
-0.71551001 -0.27339900 -5.32261086 103 135 93 0.000000 0.840012 -0.515901 -0.168002
-0.62150300 -0.19505900 -5.34967422 91 125 67 0.000000 -0.631766 0.767250 0.110449
-0.60939598 -0.18366399 -5.27204704 93 129 57 0.000000 0.039434 0.947691 -0.316745
-0.66209698 -0.22283401 -5.54908419 97 126 87 0.000000 0.685225 -0.723212 -0.086201
-0.73189002 -0.28692999 -5.24569607 117 148 115 0.000000 0.633537 -0.773712 0.001374
-0.50114501 -0.12740199 -5.30979204 104 129 101 0.000000 0.435141 -0.868776 0.236391
-0.50185698 -0.11885600 -5.36534214 84 116 74 0.000000 -0.173777 0.848093 0.500539
-0.49188599 -0.07256400 -5.56261492 87 116 74 0.000000 0.118676 -0.992660 -0.023291
-0.73402703 -0.30687100 -5.41234493 106 136 104 0.000000 0.775910 -0.563288 -0.284024
-0.78886497 -0.40301499 -5.42516518 117 138 107 0.000000 0.960465 -0.277413 0.023426
-0.54814798 -0.15161601 -5.32261086 103 133 99 0.000000 0.333763 -0.921753 0.197417
-0.71479797 -0.26627699 -5.25353003 104 140 96 0.000000 0.633977 -0.753134 0.175680
-0.45058000 -0.07470100 -5.19797993 131 163 128 0.000000 -0.690301 -0.387161 0.611221
-0.78031802 -0.30758300 -5.15738583 131 154 132 0.000000 0.641258 -0.421398 0.641258
-0.54743600 -0.09962700 -5.57899523 100 126 94 0.000000 0.791075 -0.609934 -0.046700
-0.71978301 -0.24206300 -5.12676191 114 141 106 0.000000 0.577731 -0.808823 0.109696
-0.48120400 -0.11031000 -5.28272915 115 139 112 0.000000 0.488779 -0.788822 0.372633
-0.64785302 -0.20787799 -5.48071384 84 115 62 0.000000 -0.744401 0.650785 0.149484
-0.71978301 -0.28479299 -5.35465908 122 156 124 0.000000 0.814355 -0.530026 0.236426
-0.76607502 -0.34675300 -5.43157387 111 135 104 0.000000 0.888235 -0.459341 -0.006619
-0.62363899 -0.18936200 -5.41519403 85 115 67 0.000000 -0.881316 0.435526 -0.183302
-0.43918499 -0.07541300 -5.39952612 143 153 141 0.000000 0.554401 0.276411 0.785007
-0.43776101 -0.11315900 -5.33614302 105 136 97 0.000000 0.435219 0.859748 0.267240
-0.58945501 -0.14235801 -5.56261492 102 122 92 0.000000 0.864673 -0.491453 0.103989
-0.53604102 -0.12597799 -5.17091703 75 105 51 0.000000 -0.467777 0.882055 -0.056243
-0.50470501 -0.09108100 -5.12462616 122 151 126 0.000000 0.611443 -0.767752 0.191555
-0.80025899 -0.41441000 -5.35750818 120 142 114 0.000000 0.902937 -0.412971 0.118992
-0.73331499 -0.25417000 -5.12676191 111 143 107 0.000000 0.603751 -0.779278 0.167961
-0.63432199 -0.20218100 -5.40308714 87 120 68 0.000000 -0.899724 0.432899 0.055639
-0.49117401 -0.12455300 -5.33756685 87 116 77 0.000000 -0.426678 0.861002 0.276805
-0.50328100 -0.06615500 -5.42872620 72 102 58 0.000000 -0.676660 0.508754 0.532261
-0.78387898 -0.38236201 -5.37602377 117 135 110 0.000000 0.942427 -0.324658 -0.080179
-0.68274999 -0.23138000 -5.25993919 108 140 102 0.000000 0.507260 -0.861665 -0.014880
-0.74399698 -0.30758300 -5.25709105 119 143 113 0.000000 0.911549 -0.340563 0.230423
-0.50826597 -0.13096300 -5.33970404 84 116 68 0.000000 -0.650154 -0.452935 0.610041
-0.52179801 -0.13737300 -5.34682512 73 106 50 0.000000 -0.626962 0.753279 0.198718
-0.63147300 -0.19933200 -5.59252691 110 138 109 0.000000 0.760638 -0.600668 0.246227
-0.62292701 -0.17939100 -5.49851894 85 112 67 0.000000 -0.605132 0.684711 -0.406185
-0.53746599 -0.08965700 -5.61602879 99 128 90 0.000000 0.777427 -0.625664 -0.064428
-0.49046201 -0.06473000 -5.53626394 87 122 58 0.000000 0.032258 0.778406 -0.626932
-0.52322203 -0.11102200 -5.13602018 75 107 43 0.000000 -0.433339 0.852799 -0.291463
-0.78672802 -0.39233199 -5.31976223 105 124 96 0.000000 0.769543 -0.632800 -0.085828
-0.61936599 -0.19007400 -5.60463381 105 136 107 0.000000 0.600396 -0.711641 0.364818
-0.61082000 -0.16586000 -5.48783588 74 103 41 0.000000 -0.760475 0.634974 0.135959
-0.78744000 -0.38663501 -5.29839706 65 95 29 0.000000 -0.854283 0.458359 0.245169
-0.51325202 -0.06757900 -5.06052923 133 156 127 0.000000 -0.015310 -0.641614 0.766875
-0.63645798 -0.15873800 -5.06622601 81 114 53 0.000000 -0.491959 0.827174 -0.271586
-0.51467597 -0.12740199 -5.28486586 108 138 110 0.000000 0.554102 -0.816965 0.159809
-0.64073098 -0.20289300 -5.46860695 104 134 100 0.000000 0.751669 -0.657173 -0.055838
-0.64785302 -0.21143900 -5.56973696 105 132 97 0.000000 0.617611 -0.783836 -0.064484
-0.71408600 -0.27695999 -5.38101006 123 154 125 0.000000 0.759587 -0.648009 -0.055789
-0.79171300 -0.32467499 -5.14741516 139 150 136 0.000000 0.893616 0.111174 0.434846
-0.60939598 -0.16799600 -5.47074413 84 118 55 0.000000 -0.721727 0.683195 0.111149
-0.76322597 -0.33820701 -5.50635290 112 133 105 0.000000 0.903820 -0.427571 0.017103
-0.53889000 -0.09464200 -5.59964800 88 117 70 0.000000 0.387237 -0.746697 -0.540824
-0.63076103 -0.19363500 -5.25851488 104 137 98 0.000000 0.658511 -0.746508 0.095330
-0.73758799 -0.31684199 -5.34682512 108 135 101 0.000000 0.791586 -0.585743 -0.174058
-0.75824100 -0.33322200 -5.44154501 125 136 116 0.000000 0.893334 -0.411079 -0.181572
-0.75966501 -0.27695999 -5.14599085 119 151 115 0.000000 0.713412 -0.649856 0.262167
-0.81735200 -0.46711099 -5.35038614 119 128 112 0.000000 0.323600 -0.196421 0.925582
-0.56808901 -0.12740199 -5.61816502 107 136 105 0.000000 0.833995 -0.532871 0.143181
-0.45770201 -0.10390000 -5.37602377 99 135 84 0.000000 0.316035 -0.569505 0.758805
-0.64714098 -0.16443500 -5.07619715 119 152 128 0.000000 0.419388 -0.588469 0.691244
-0.52749503 -0.07185200 -5.47501707 69 100 37 0.000000 -0.850665 0.459695 0.255047
-0.68274999 -0.24491200 -5.45080280 105 133 89 0.000000 0.721269 -0.658956 0.213421
-0.57022601 -0.16301100 -5.31762600 104 139 97 0.000000 0.408550 -0.907120 0.101099
-0.50826597 -0.03624300 -5.51703596 99 123 93 0.000000 0.881342 -0.300835 0.364328
-0.72975397 -0.26057899 -5.17447805 120 151 120 0.000000 0.701415 -0.710057 0.061932
-0.55313402 -0.10888500 -5.07406092 113 139 111 0.000000 0.530123 -0.647929 0.546953
-0.57449901 -0.12882601 -5.57614708 98 123 92 0.000000 0.774356 -0.625610 0.094789
-0.50185698 -0.10817300 -5.39810181 66 90 44 0.000000 0.461767 -0.555121 -0.691818
-0.59301603 -0.15304001 -5.58469200 110 141 106 0.000000 0.764253 -0.541279 0.350619
-0.72548097 -0.29476401 -5.36534214 122 154 127 0.000000 0.893031 -0.443065 0.078675
-0.63076103 -0.20289300 -5.37388802 93 123 78 0.000000 0.896483 -0.262277 0.357112
-0.63930702 -0.15588900 -5.05127096 102 119 78 0.000000 -0.382080 0.904015 -0.191761
-0.64642900 -0.21072701 -5.42872620 81 114 53 0.000000 -0.777384 0.627288 0.046728
-0.47692999 -0.08680800 -5.16165876 120 157 117 0.000000 0.665410 0.015345 0.746320
-0.70340300 -0.26057899 -5.36534214 108 143 103 0.000000 0.794566 -0.588068 0.151132
-0.51040298 -0.11173400 -5.17732716 85 123 47 0.000000 -0.648661 0.742846 -0.165583
-0.59942502 -0.15660100 -5.48000193 83 118 63 0.000000 -0.783836 0.617611 0.064484
-0.60939598 -0.17583001 -5.42373991 85 117 61 0.000000 -0.888235 0.459341 0.006619
-0.76322597 -0.28621799 -5.15596199 118 148 118 0.000000 0.720909 -0.593401 0.358002
-0.69628102 -0.22639500 -5.08403206 141 161 142 0.000000 0.782789 -0.601798 0.158368
-0.73189002 -0.28408101 -5.28913784 65 100 36 0.000000 -0.103575 0.593734 0.797967
-0.67349201 -0.22781900 -5.30053282 116 147 116 0.000000 0.601798 -0.782789 -0.158368
-0.55669397 -0.13879700 -5.16593218 74 104 53 0.000000 -0.473764 0.816015 -0.331160
-0.58375698 -0.14805500 -5.43727207 84 116 66 0.000000 -0.151723 0.611399 -0.776641
-0.75325602 -0.33250901 -5.41234493 105 139 103 0.000000 0.692023 -0.715531 -0.095502
-0.56381601 -0.10959800 -5.05127096 80 113 48 0.000000 -0.540410 0.769480 -0.340378
-0.67633998 -0.17939100 -5.05696821 97 105 69 0.000000 -0.697895 0.642840 -0.315753
-0.74613398 -0.32894900 -5.38385820 85 109 75 0.000000 0.789878 -0.600188 -0.125965
-0.81094199 -0.46996000 -5.38457108 150 155 145 0.000000 0.996811 -0.007415 0.079448
-0.60369802 -0.16870800 -5.43442297 73 107 42 0.000000 -0.595098 0.774400 0.214854
-0.70055401 -0.25701901 -5.39596510 104 137 93 0.000000 0.663978 -0.742779 0.086098
-0.56239200 -0.15161601 -5.27631903 107 132 105 0.000000 0.584908 -0.775198 0.238643
-0.82447302 -0.45856500 -5.32830906 140 153 133 0.000000 0.706905 -0.023891 0.706905
-0.59800100 -0.17440601 -5.27560806 104 132 102 0.000000 0.583479 -0.766903 0.267230
-0.74613398 -0.31755400 -5.44154501 107 139 108 0.000000 0.688449 -0.715214 -0.120441
-0.53034401 -0.12953900 -5.26563692 115 143 115 0.000000 0.268436 -0.942969 0.196853
-0.59800100 -0.17939100 -5.33258200 100 130 90 0.000000 0.491237 -0.857831 0.151037
-0.66921902 -0.22853100 -5.48142719 88 119 66 0.000000 -0.656335 0.633073 0.410417
-0.59586400 -0.14876699 -5.54053783 100 127 95 0.000000 0.853625 -0.520370 0.023219
-0.62862402 -0.17939100 -5.16735601 101 131 90 0.000000 0.768784 -0.639507 0.001375
-0.58304501 -0.15375300 -5.20652580 109 127 102 0.000000 0.642840 -0.761831 -0.079811
-0.62506402 -0.19078600 -5.42872620 81 112 58 0.000000 -0.730283 0.682071 0.038287
-0.75467998 -0.32966101 -5.24711990 121 147 117 0.000000 0.888003 -0.453006 0.078964
-0.70981300 -0.27197400 -5.39240503 105 135 98 0.000000 0.764129 -0.620759 -0.175399
-0.78744000 -0.38521099 -5.42587709 54 63 51 0.000000 0.079205 0.793494 -0.603401
-0.52179801 -0.11956800 -5.23287678 114 147 114 0.000000 0.489557 -0.868298 0.079956
-0.60084897 -0.13879700 -5.06765079 73 105 47 0.000000 -0.480891 0.875468 -0.047952
-0.74114901 -0.26485199 -5.11821604 79 117 53 0.000000 -0.626446 0.736902 0.254050
-0.57592303 -0.12597799 -5.09044123 110 141 111 0.000000 0.457448 -0.885697 0.079254
-0.61723000 -0.15588900 -5.10967016 108 140 108 0.000000 0.165804 -0.892458 0.419556
-0.72049499 -0.27268600 -5.35109901 62 95 29 0.000000 -0.915814 0.395189 -0.071485
-0.53461701 -0.08894400 -5.06551504 124 154 124 0.000000 0.560658 -0.641473 0.523617
-0.76963598 -0.35601100 -5.40736008 104 126 93 0.000000 0.837137 -0.538467 -0.096206
-0.78815198 -0.39589301 -5.41234493 116 139 105 0.000000 0.903843 -0.427862 0.001300
-0.77248400 -0.33820701 -5.18800879 138 164 137 0.000000 0.862776 -0.395247 0.315275
-0.60725898 -0.20645399 -5.64380407 77 95 78 0.000000 -0.022688 -0.449766 0.892858
-0.49758399 -0.04621400 -5.44296885 73 93 58 0.000000 0.807343 0.577934 -0.119116
-0.48120400 -0.09535400 -5.39026785 98 131 95 0.000000 -0.387237 0.746697 0.540824
-0.48405200 -0.08609600 -5.39952612 97 130 91 0.000000 -0.276312 0.365926 0.888679
-0.71978301 -0.26485199 -5.22219419 123 157 125 0.000000 0.832753 -0.474747 0.284848
-0.55598199 -0.15090400 -5.65234900 68 76 71 0.000000 0.276660 -0.143008 0.950267
-0.79100102 -0.41939500 -5.26919699 82 104 71 0.000000 0.642217 -0.601974 -0.474536
-0.49900800 -0.08039800 -5.11465502 124 147 126 0.000000 -0.070177 -0.890287 -0.449960
-0.53532898 -0.12455300 -5.15738583 74 105 45 0.000000 -0.553205 0.823205 -0.127663
-0.58589399 -0.15731400 -5.62172604 113 145 110 0.000000 0.792108 -0.539139 0.286171
-0.57378697 -0.11600700 -5.08260679 119 156 125 0.000000 0.023797 -0.309367 0.950645
-0.73687601 -0.30687100 -5.30979204 112 139 108 0.000000 0.893001 -0.449818 0.014596
-0.71194899 -0.26983801 -5.53697681 100 128 85 0.000000 0.737682 -0.667006 0.104542
-0.57093799 -0.12170500 -5.51205015 83 115 63 0.000000 -0.713531 0.602501 -0.357582
-0.76251400 -0.34319201 -5.40664816 108 129 100 0.000000 0.799967 -0.540095 -0.261437
-0.44417000 -0.09677800 -5.38172197 127 158 125 0.000000 0.191264 0.775767 0.601334
-0.52820700 -0.07256400 -5.51845980 100 126 97 0.000000 0.790936 -0.592826 0.151583
-0.52393401 -0.10817300 -5.12106514 74 110 40 0.000000 -0.595680 0.791765 -0.135179
-0.55598199 -0.10674900 -5.62030220 105 132 100 0.000000 0.908562 -0.411501 -0.071979
-0.50969100 -0.02912100 -5.50635290 90 109 75 0.000000 0.920121 -0.341678 0.191397
-0.57877201 -0.13309900 -5.52558184 74 109 43 0.000000 -0.792144 0.610295 0.006888
-0.74257302 -0.28194499 -5.18516111 125 157 123 0.000000 0.840547 -0.522582 0.142790
-0.67206699 -0.25701901 -5.60249710 109 141 106 0.000000 0.845496 -0.442140 0.299414
-0.44060901 -0.07541300 -5.25637817 119 149 125 0.000000 0.923633 -0.317365 0.214898
-0.75681698 -0.33963099 -5.39454079 98 126 96 0.000000 0.799631 -0.576758 -0.167154
-0.44060901 -0.10603700 -5.31121588 101 134 99 0.000000 0.014975 -0.848133 0.529572
-0.45556501 -0.11173400 -5.32830906 91 123 84 0.000000 0.459786 -0.830126 0.315416
-0.74755800 -0.26912600 -5.15240002 132 162 136 0.000000 0.387510 -0.839343 0.381234
-0.59657598 -0.16728400 -5.60890722 115 148 113 0.000000 0.799300 -0.555026 0.230359
-0.53390503 -0.12028000 -5.14314222 75 105 47 0.000000 -0.515901 0.840012 -0.168002
-0.47336999 -0.07398900 -5.13602018 129 155 133 0.000000 0.741145 -0.670560 0.032469
-0.58945501 -0.16372301 -5.24071121 110 139 108 0.000000 0.529572 -0.848133 0.014975
-0.78957701 -0.40443900 -5.29697323 102 120 93 0.000000 0.664767 -0.705821 -0.244748
-0.48975000 -0.10176400 -5.24284697 114 142 114 0.000000 0.648065 -0.705670 0.286429
-0.79598600 -0.40159100 -5.32902098 102 121 89 0.000000 0.792016 -0.609135 -0.040797
-0.68631101 -0.23779000 -5.28486586 119 152 118 0.000000 0.673271 -0.727252 0.133455
-0.76536298 -0.40871301 -5.21792078 122 144 118 0.000000 0.924588 -0.008977 -0.380863
-0.59016699 -0.14307000 -5.52985477 97 127 90 0.000000 0.735004 -0.662857 -0.142792
-0.46553600 -0.09036900 -5.24783182 112 146 111 0.000000 0.394495 -0.846683 0.357073
-0.66565800 -0.24277499 -5.58469200 99 134 95 0.000000 0.718027 -0.688540 0.101733
-0.58304501 -0.16870800 -5.29412413 104 133 101 0.000000 0.261745 -0.964648 0.030721
-0.75824100 -0.29191500 -5.16949320 122 154 123 0.000000 0.601878 -0.665234 0.441822
-0.76180202 -0.32325101 -5.20723820 132 156 128 0.000000 0.927156 -0.269174 0.260629
-0.78672802 -0.29405200 -5.13459587 111 126 107 0.000000 0.642840 -0.697895 0.315753
-0.78174299 -0.38236201 -5.35180998 115 129 104 0.000000 0.735002 -0.641371 -0.220033
-0.49188599 -0.11956800 -5.35323477 80 112 68 0.000000 -0.332420 0.885953 0.323395
-0.44417000 -0.08538400 -5.40451097 64 85 40 0.000000 -0.269986 -0.924238 -0.269986
-0.57022601 -0.10674900 -5.03489113 88 108 54 0.000000 -0.572495 0.753113 -0.324145
-0.70625198 -0.23707800 -5.14100599 115 148 110 0.000000 0.893566 -0.433373 -0.117166
-0.70482802 -0.23565300 -5.09044123 96 124 80 0.000000 0.071411 0.190026 -0.979179
-0.63645798 -0.21215101 -5.61674118 111 140 110 0.000000 0.726010 -0.686072 -0.047069
-0.66352099 -0.20574200 -5.18088818 106 142 101 0.000000 0.631920 -0.772347 -0.064482
-0.54387498 -0.09108100 -5.04130077 85 112 43 0.000000 -0.563615 0.696622 -0.443909
-0.56595302 -0.13025101 -5.62955999 110 140 109 0.000000 0.924618 -0.379498 0.032603
-0.47479400 -0.11529500 -5.30694294 110 138 107 0.000000 0.498835 -0.829333 0.251734
-0.58090800 -0.13238700 -5.55406904 102 130 96 0.000000 0.802819 -0.587180 -0.103449
-0.79028898 -0.33820701 -5.15524912 151 170 149 0.000000 0.815613 -0.387855 0.429354
-0.46482301 -0.08395900 -5.39311695 118 152 119 0.000000 -0.213495 0.665420 0.715287
-0.52678299 -0.07755000 -5.61175489 104 134 91 0.000000 0.702186 -0.617073 -0.355185
-0.60440999 -0.18508901 -5.62884808 108 140 108 0.000000 0.710725 -0.656906 0.251682
-0.51182699 -0.11814400 -5.37958479 83 118 67 0.000000 -0.308232 0.777766 0.547790
-0.76251400 -0.30972001 -5.19085789 129 157 131 0.000000 0.882248 -0.396937 0.253141
-0.54601198 -0.09606600 -5.50492907 90 120 69 0.000000 0.578486 -0.618963 0.531262
-0.59087902 -0.12597799 -5.04699802 80 111 46 0.000000 -0.467989 0.753709 -0.461421
-0.49188599 -0.09464200 -5.18444777 114 146 117 0.000000 0.348918 -0.936839 0.024284
-0.69628102 -0.27339900 -5.58184385 109 141 102 0.000000 0.640181 -0.673095 0.370285
-0.77533299 -0.36740601 -5.19655609 136 171 137 0.000000 0.627778 0.040911 0.777316
-0.45342901 -0.07398900 -5.21222401 120 152 117 0.000000 0.262234 -0.820840 0.507400
-0.58233303 -0.14307000 -5.60249710 108 139 104 0.000000 0.635686 -0.764878 0.104235
-0.56880099 -0.15304001 -5.64309120 125 156 125 0.000000 0.791335 -0.204364 0.576215
-0.64927799 -0.22283401 -5.59537506 102 136 99 0.000000 0.802243 -0.547760 0.237414
-0.76393801 -0.35529900 -5.29412413 119 142 110 0.000000 0.753134 -0.633977 -0.175680
-0.79954702 -0.42082000 -5.37887287 119 139 108 0.000000 0.974778 -0.150063 0.165195
-0.65924799 -0.16657200 -5.05839300 98 121 69 0.000000 -0.420873 0.761503 -0.492930
-0.53248000 -0.08253500 -5.46575880 66 98 40 0.000000 -0.807321 0.529365 0.260779
-0.79741102 -0.40586400 -5.30836821 111 131 97 0.000000 0.579409 -0.815008 0.006849
-0.78744000 -0.27980801 -5.11963987 84 84 84 0.000000 -0.166206 -0.721242 0.672448
-0.65853602 -0.22354600 -5.43940783 101 122 86 0.000000 0.800939 -0.594615 -0.070208
-0.50897801 -0.06045700 -5.51917219 89 121 52 0.000000 -0.689557 0.475845 -0.545969
-0.71337402 -0.27339900 -5.34112692 116 146 116 0.000000 0.773740 -0.631769 -0.046850
-0.50114501 -0.07541300 -5.41875505 85 118 72 0.000000 -0.387616 0.631732 0.671318
-0.54458702 -0.14378200 -5.28486586 111 147 112 0.000000 0.323600 -0.925582 0.196421
-0.47906700 -0.09250500 -5.22789097 109 141 107 0.000000 0.515556 -0.827644 0.221827
-0.50541800 -0.07470100 -5.55976582 98 133 92 0.000000 0.316742 -0.933630 0.167362
-0.75396800 -0.34105599 -5.53982496 113 142 110 0.000000 0.899781 -0.119316 0.419711
-0.43419999 -0.06544300 -5.21364689 64 68 67 0.000000 0.414342 -0.794827 0.443362
-0.64999002 -0.21927300 -5.39311695 78 115 53 0.000000 -0.765978 0.640455 0.055630
-0.48832500 -0.08039800 -5.12320089 124 157 130 0.000000 0.592826 -0.790936 0.151583
-0.51681203 -0.06544300 -5.45436382 72 104 40 0.000000 -0.759556 0.642023 0.104310
-0.76251400 -0.35173801 -5.33115721 112 143 108 0.000000 0.714832 -0.697710 -0.047085
-0.76749903 -0.36384499 -5.23430109 125 153 116 0.000000 0.675480 -0.636036 0.373075
-0.47479400 -0.06615500 -5.40807199 62 71 52 0.000000 -0.468561 0.531925 0.705342
-0.49900800 -0.01701400 -5.47003222 94 94 82 0.000000 0.473857 0.507110 -0.719930
-0.49117401 -0.11031000 -5.38813210 66 94 44 0.000000 -0.064598 -0.647420 -0.759391
-0.55099702 -0.10674900 -5.45934916 71 103 45 0.000000 -0.720524 0.681738 0.126800
-0.75895298 -0.34817699 -5.25922680 115 139 109 0.000000 0.931279 -0.355725 0.078606
-0.67990100 -0.20645399 -5.11323118 120 154 125 0.000000 0.855332 -0.482150 0.189576
-0.53675300 -0.10033900 -5.43584824 74 105 52 0.000000 -0.755431 0.253913 0.604030
-0.42351699 -0.11600700 -5.32403517 88 99 66 0.000000 0.085976 0.995797 -0.031561
-0.72761703 -0.25773099 -5.09542608 67 103 55 0.000000 -0.633874 0.755481 0.165689
-0.77105999 -0.35743600 -5.44581795 119 136 109 0.000000 0.933129 -0.356285 0.048288
-0.76108998 -0.33749500 -5.47074413 116 135 105 0.000000 0.879687 -0.475325 -0.014728
-0.51040298 -0.06544300 -5.03987598 124 115 74 0.000000 -0.358655 0.705845 -0.610859
-0.51894897 -0.11671900 -5.20866299 112 144 117 0.000000 0.364399 -0.920073 0.143805
-0.78103101 -0.38307399 -5.43513489 115 138 108 0.000000 0.932937 -0.355592 0.056422
-0.60156202 -0.18152800 -5.32189894 100 134 94 0.000000 0.721603 -0.690042 0.055949
-0.65853602 -0.22283401 -5.51988506 101 132 94 0.000000 0.745103 -0.666523 -0.023855
-0.69485700 -0.27909601 -5.61602879 115 140 112 0.000000 -0.625770 -0.770748 -0.119828
-0.49331099 -0.11244600 -5.37317610 85 118 75 0.000000 -0.222283 0.817082 0.531946
-0.77675802 -0.37310401 -5.34682512 107 126 97 0.000000 0.807995 -0.585689 -0.064127
-0.65497500 -0.21215101 -5.29910898 111 145 105 0.000000 0.846767 -0.444282 0.292576
-0.59586400 -0.16870800 -5.39881420 86 112 64 0.000000 -0.671016 0.702446 0.237291
-0.72334403 -0.28194499 -5.51845980 103 121 84 0.000000 0.888729 -0.437945 -0.135520
-0.58446902 -0.10603700 -5.03845215 119 119 119 0.000000 -0.190701 -0.302060 0.934020
-0.62506402 -0.19149800 -5.27560806 104 129 94 0.000000 0.684094 -0.699607 0.206314
-0.67776501 -0.23280400 -5.29127502 111 143 103 0.000000 0.689308 -0.713232 0.127096
-0.56096703 -0.15731400 -5.34540081 89 120 74 0.000000 -0.008977 0.380863 -0.924588
-0.52250999 -0.08182300 -5.58825397 58 75 35 0.000000 -0.394495 0.846683 0.357073
-0.58589399 -0.15873800 -5.40664816 72 102 50 0.000000 -0.697963 0.649606 0.301430
-0.62791198 -0.20004401 -5.30979204 131 127 116 0.000000 -0.577386 -0.759718 0.299089
-0.80880600 -0.47067201 -5.35679579 133 146 128 0.000000 0.947191 0.135313 0.290722
-0.42138100 -0.09535400 -5.30338192 145 158 142 0.000000 0.547782 -0.761078 0.347413
-0.68631101 -0.26983801 -5.59679890 103 136 98 0.000000 0.648789 -0.513976 0.561161
-0.50328100 -0.07541300 -5.57329798 78 109 66 0.000000 0.513885 -0.855542 0.063010
-0.74186099 -0.26129201 -5.14385414 111 148 112 0.000000 0.726441 -0.569018 0.385358
-0.71907097 -0.24704801 -5.10610914 102 134 88 0.000000 0.072043 -0.843325 -0.532552
-0.67420399 -0.23066799 -5.39454079 129 141 112 0.000000 0.625610 -0.774356 -0.094789
-0.56737697 -0.16229901 -5.30124617 110 142 108 0.000000 0.736989 -0.674266 0.047042
-0.49900800 -0.10247600 -5.23216391 109 143 106 0.000000 0.640012 -0.688868 0.340362
-0.70197898 -0.22924399 -5.10824490 128 151 127 0.000000 0.619081 -0.719298 0.315198
-0.44488201 -0.07398900 -5.22860289 117 145 116 0.000000 0.680943 -0.680943 0.269507
-0.60440999 -0.19221000 -5.63739395 117 153 120 0.000000 0.418735 -0.307485 0.854467
-0.53532898 -0.08182300 -5.03417921 114 129 65 0.000000 -0.640135 0.767314 -0.038154
-0.75183100 -0.31612900 -5.25139284 87 122 49 0.000000 -0.569972 0.647313 -0.506081
-0.79527402 -0.41654599 -5.40095091 116 136 104 0.000000 0.939826 -0.237386 0.245715
-0.52393401 -0.08395900 -5.56261492 91 122 86 0.000000 0.521539 -0.829927 -0.198034
-0.73901200 -0.29120299 -5.48427486 102 133 102 0.000000 0.992023 0.103644 0.071754
-0.64358002 -0.20787799 -5.44581795 72 105 41 0.000000 -0.759556 0.642023 0.104310
-0.75325602 -0.31470501 -5.23216391 126 154 121 0.000000 0.755223 -0.629608 0.182295
-0.71551001 -0.27411100 -5.51845980 98 127 85 0.000000 0.687433 -0.702812 -0.183008
-0.72761703 -0.28550601 -5.26563692 119 153 118 0.000000 0.878472 -0.452985 0.151960
-0.50826597 -0.02556100 -5.49424601 127 129 115 0.000000 0.954066 -0.172615 -0.244872
-0.75824100 -0.34889001 -5.35679579 108 136 106 0.000000 0.797967 -0.593734 0.103575
-0.62435102 -0.20004401 -5.61460400 107 139 103 0.000000 0.610869 -0.738465 0.285497
-0.49615899 -0.06900300 -5.06551504 126 144 109 0.000000 0.230421 -0.920253 0.316292
-0.60939598 -0.18295200 -5.39454079 77 113 52 0.000000 -0.694729 0.709605 0.117524
-0.69556898 -0.25559399 -5.52842999 87 121 69 0.000000 0.332475 -0.778987 0.531639
-0.56880099 -0.12241700 -5.58825397 104 133 98 0.000000 0.808045 -0.584938 -0.070078
-0.59016699 -0.14378200 -5.48783588 79 110 63 0.000000 -0.674900 0.714871 0.182946
-0.51467597 -0.05760900 -5.50849009 107 137 102 0.000000 0.578117 0.524182 0.625311
-0.52535897 -0.07327700 -5.46219778 67 98 37 0.000000 -0.664624 0.736314 0.126951
-0.50328100 -0.10959800 -5.20866299 82 120 49 0.000000 -0.552890 0.831446 0.054867
-0.78530401 -0.39731801 -5.45863724 106 111 98 0.000000 0.964730 -0.235708 -0.117210
-0.59159100 -0.14307000 -5.55193281 105 123 98 0.000000 0.736618 -0.673191 0.064869
-0.72120798 -0.28479299 -5.55691814 104 135 99 0.000000 0.632657 -0.744577 0.212958
-0.73260200 -0.30829501 -5.36605406 111 136 107 0.000000 0.803757 -0.594918 -0.006870
-0.57663500 -0.16514800 -5.35750818 93 125 70 0.000000 -0.555949 0.827492 0.078605
-0.68203801 -0.23992600 -5.35038614 103 138 96 0.000000 0.618487 -0.784732 0.040857
-0.77248400 -0.36099699 -5.47430515 117 141 111 0.000000 0.948937 -0.300562 0.095812
-0.66921902 -0.22069700 -5.28629017 54 79 21 0.000000 -0.635761 0.738858 0.223376
-0.66280901 -0.21072701 -5.21720791 93 128 80 0.000000 0.841663 0.136130 0.522563
-0.49402300 -0.09464200 -5.40522289 55 81 27 0.000000 0.700955 -0.348027 -0.622527
-0.73830003 -0.29405200 -5.25068092 120 154 116 0.000000 0.799631 -0.576758 0.167154
-0.69272101 -0.24704801 -5.29127502 102 133 88 0.000000 0.865860 -0.349112 -0.358340
-0.79669899 -0.43933600 -5.40878391 123 148 116 0.000000 0.978530 -0.008145 0.205945
-0.76536298 -0.38307399 -5.19869184 87 91 64 0.000000 -0.675703 -0.697754 0.237835
-0.59372801 -0.14805500 -5.50849009 97 128 84 0.000000 0.635415 -0.762794 0.119973
-0.62221497 -0.18152800 -5.54765892 95 126 79 0.000000 0.777741 -0.628547 -0.006907
-0.53319299 -0.08111000 -5.49566984 83 117 43 0.000000 -0.947744 0.079522 0.308962
-0.63289797 -0.19292200 -5.29056311 106 138 98 0.000000 0.586380 -0.809894 0.015177
-0.51111501 -0.10318800 -5.39596510 81 114 70 0.000000 -0.513885 0.809329 0.284444
-0.60939598 -0.17511800 -5.20367718 81 101 61 0.000000 0.046515 0.807678 -0.587786
-0.43135101 -0.08894400 -5.29056311 132 165 136 0.000000 0.782850 -0.363178 0.505221
-0.46838400 -0.11244600 -5.35964394 97 130 89 0.000000 -0.276042 0.901935 0.332136
-0.56951398 -0.11671900 -5.07192421 118 141 122 0.000000 0.399382 -0.628073 0.667846
-0.56808901 -0.12170500 -5.53697681 78 113 44 0.000000 -0.688639 0.720669 -0.080074
-0.56524098 -0.15019201 -5.26207590 102 134 101 0.000000 0.599667 -0.797171 -0.070128
-0.80951798 -0.46924800 -5.36818981 141 150 136 0.000000 0.997202 -0.039716 -0.063331
-0.73331499 -0.29049101 -5.33400583 56 86 26 0.000000 0.165521 0.982255 -0.088198
-0.67705297 -0.23565300 -5.48213911 83 110 58 0.000000 -0.624944 0.743982 0.236508
-0.52535897 -0.07968600 -5.54125023 95 123 92 0.000000 0.475390 -0.823695 0.309082
-0.69058400 -0.21143900 -5.15382481 111 137 109 0.000000 -0.554739 -0.831416 0.031818
-0.42850199 -0.09749100 -5.31121588 112 145 108 0.000000 0.990082 -0.110267 0.087053
-0.79242498 -0.36811799 -5.17447805 119 133 115 0.000000 0.271361 -0.741084 0.614132
-0.51253903 -0.12455300 -5.27489519 108 136 111 0.000000 0.454766 -0.812197 0.365409
-0.55099702 -0.10461200 -5.52629423 91 121 78 0.000000 0.702947 -0.693838 -0.156379
-0.61010802 -0.17440601 -5.23786211 105 133 102 0.000000 0.556347 -0.754231 -0.348731
-0.58518201 -0.13238700 -5.49780703 98 122 90 0.000000 0.729664 -0.680732 0.064763
-0.71551001 -0.26200399 -5.23145199 117 151 118 0.000000 0.690812 -0.722019 0.038300
-0.51253903 -0.09535400 -5.13032293 119 154 123 0.000000 0.244278 -0.801296 0.546126
-0.46197501 -0.10674900 -5.36676598 102 132 90 0.000000 -0.548258 0.713894 0.435625
-0.65283900 -0.21571200 -5.41804314 99 122 77 0.000000 -0.825166 0.555428 -0.102964
-0.80951798 -0.43150201 -5.33756685 128 149 123 0.000000 0.833995 -0.532871 0.143181
-0.54814798 -0.13523600 -5.38813210 79 108 60 0.000000 -0.680147 0.600325 0.420726
-0.63432199 -0.20930301 -5.62884808 105 137 102 0.000000 0.523487 -0.832479 0.181495
-0.57307500 -0.13309900 -5.45222807 70 105 45 0.000000 -0.714566 0.681189 0.159298
-0.76607502 -0.38948399 -5.22219419 57 64 44 0.000000 -0.537252 -0.790822 0.293191
-0.75752902 -0.34604099 -5.29341221 117 141 109 0.000000 0.790481 -0.591731 -0.158096
-0.42636600 -0.10817300 -5.31762600 84 116 80 0.000000 -0.238535 -0.965622 -0.103323
-0.75183100 -0.33678299 -5.33115721 115 143 111 0.000000 0.845719 -0.521888 0.111317
-0.77105999 -0.28051999 -5.12889814 121 156 117 0.000000 0.490302 -0.759230 0.427989
-0.70055401 -0.23066799 -5.15881014 113 146 111 0.000000 0.561711 -0.491288 0.665670
-0.59301603 -0.12099200 -5.03275394 76 82 54 0.000000 -0.664624 0.736314 0.126951
-0.65141398 -0.21784900 -5.37744904 89 122 68 0.000000 -0.726299 0.686964 -0.023882
-0.64001900 -0.19648300 -5.48641205 85 114 70 0.000000 -0.711924 0.658254 0.244675
-0.78601599 -0.41868299 -5.44937801 80 96 76 0.000000 0.880826 -0.358072 0.309725
-0.71551001 -0.26983801 -5.46718407 111 125 89 0.000000 0.577665 -0.815934 0.023550
-0.58090800 -0.11600700 -5.03845215 81 109 45 0.000000 -0.601942 0.745642 -0.285803
-0.71907097 -0.28479299 -5.45792484 116 143 114 0.000000 0.688317 -0.632729 -0.354786
-0.76892400 -0.35601100 -5.20723820 132 164 132 0.000000 0.948461 -0.031658 0.315309
-0.66921902 -0.16657200 -5.06124210 164 167 165 0.000000 -0.441822 -0.665234 0.601878
-0.65070200 -0.21428800 -5.53697681 84 118 62 0.000000 -0.666523 0.745103 0.023855
-0.71622199 -0.26841301 -5.27133417 107 142 101 0.000000 0.768270 -0.635161 0.079576
-0.75396800 -0.33108500 -5.42516518 101 122 92 0.000000 0.810529 -0.515791 -0.277493
-0.57663500 -0.16657200 -5.34183979 89 121 78 0.000000 0.046803 -0.910647 -0.410526
-0.70055401 -0.24419899 -5.24498415 118 149 116 0.000000 0.762325 -0.618142 0.191732
-0.78316700 -0.38805899 -5.30765486 112 126 99 0.000000 0.736855 -0.515963 -0.436838
-0.52963197 -0.08253500 -5.62243795 75 84 74 0.000000 0.529691 -0.718984 0.449988
-0.66280901 -0.20075600 -5.14741516 96 133 82 0.000000 0.585938 -0.656452 -0.475130
-0.51894897 -0.13096300 -5.35750818 79 112 67 0.000000 -0.612396 0.753357 0.239633
-0.76678699 -0.35031399 -5.41661787 112 134 103 0.000000 0.821582 -0.570049 0.006835
-0.60440999 -0.18295200 -5.36961508 84 115 54 0.000000 -0.679464 0.721462 0.133493
-0.61723000 -0.15375300 -5.08545589 74 106 48 0.000000 -0.395082 0.853687 -0.339306
-0.43847299 -0.06045700 -5.22432995 153 173 161 0.000000 0.946898 -0.274993 -0.166622
-0.65426302 -0.21642400 -5.55905390 105 125 88 0.000000 0.712708 -0.672512 0.199435
-0.61153197 -0.17511800 -5.44296885 76 110 49 0.000000 -0.713232 0.689308 0.127096
-0.76180202 -0.35743600 -5.26350021 118 143 112 0.000000 0.686980 -0.711137 -0.149475
-0.77034801 -0.35529900 -5.43513489 110 132 100 0.000000 0.889714 -0.451065 -0.070350
-0.60156202 -0.16443500 -5.18231201 99 135 101 0.000000 0.377813 -0.915953 0.135232
-0.43918499 -0.06544300 -5.40166283 111 118 106 0.000000 0.532056 0.198574 0.823095
-0.70411497 -0.24562401 -5.21436024 118 151 117 0.000000 0.649592 -0.743473 0.158991
-0.83230698 -0.46212599 -5.31620216 104 111 103 0.000000 0.926494 -0.237672 0.291753
-0.70482802 -0.23209199 -5.11750412 89 122 66 0.000000 -0.775292 0.631566 -0.006910
-0.66565800 -0.21927300 -5.26919699 98 132 88 0.000000 0.715033 -0.452909 0.532542
-0.75752902 -0.32752401 -5.51418686 110 136 104 0.000000 0.917969 -0.395291 0.032832
-0.51752502 -0.11814400 -5.18160009 73 106 45 0.000000 -0.545455 0.838005 -0.015038
-0.60797101 -0.13452400 -5.07334900 118 142 121 0.000000 0.080041 -0.492883 0.866406
-0.67776501 -0.24063800 -5.46433401 94 125 78 0.000000 0.412421 -0.854190 -0.316653
-0.77105999 -0.27695999 -5.11109400 97 114 87 0.000000 -0.317684 0.893394 -0.317684
-0.57093799 -0.12170500 -5.49923086 83 112 62 0.000000 -0.420406 0.626454 0.656364
-0.65497500 -0.21286300 -5.49282217 81 107 55 0.000000 -0.738435 0.673238 -0.038268
-0.57165003 -0.13665999 -5.43513489 73 107 57 0.000000 -0.746076 0.642327 0.175458
-0.60939598 -0.16586000 -5.51632404 102 131 101 0.000000 0.824833 -0.540408 -0.166164
-0.65497500 -0.23351701 -5.60605812 111 139 109 0.000000 0.755412 -0.651417 -0.070775
-0.62079000 -0.17654200 -5.17590189 90 115 80 0.000000 0.759032 0.609408 -0.229112
-0.57877201 -0.15944999 -5.26634884 105 133 105 0.000000 0.627778 -0.777316 -0.040911
-0.55527002 -0.12811400 -5.12248898 82 118 51 0.000000 -0.631350 0.772289 -0.070470
-0.65497500 -0.21713699 -5.33044481 95 124 73 0.000000 -0.158787 0.636662 -0.754618
-0.79385000 -0.40301499 -5.35038614 122 146 117 0.000000 0.937841 -0.323440 0.125857
-0.72405601 -0.29191500 -5.37744904 123 152 126 0.000000 0.862574 -0.499533 -0.080207
-0.49117401 -0.07470100 -5.09684992 129 157 129 0.000000 0.713531 -0.602501 0.357582
-0.54316300 -0.09036900 -5.49424601 85 115 62 0.000000 -0.878351 0.365600 -0.307954
-0.58518201 -0.15232800 -5.42516518 85 116 65 0.000000 -0.793139 0.563424 -0.231267
-0.54316300 -0.09393000 -5.47288084 68 100 40 0.000000 -0.791963 0.601658 0.103936
-0.57165003 -0.12028000 -5.56475210 97 127 93 0.000000 0.690445 -0.705619 0.159333
-0.77105999 -0.26912600 -5.14527798 61 64 57 0.000000 -0.024174 -0.940223 0.339702
-0.67776501 -0.17654200 -5.06765079 142 146 141 0.000000 0.220734 -0.102168 0.969968
-0.48334000 -0.11671900 -5.29483604 108 142 105 0.000000 0.525351 -0.809072 0.263455
-0.59301603 -0.15232800 -5.46504688 76 113 50 0.000000 -0.752761 0.641129 0.149345
-0.73331499 -0.29690099 -5.29269886 114 137 109 0.000000 0.894930 -0.442698 0.055848
-0.43135101 -0.11743200 -5.32973289 110 139 108 0.000000 0.340528 0.900703 0.269769
-0.67990100 -0.23707800 -5.29982090 118 151 120 0.000000 0.600703 -0.782275 -0.164928
-0.80951798 -0.45642799 -5.36818981 127 149 120 0.000000 0.989771 -0.142660 0.001106
-0.74043602 -0.31612900 -5.30979204 118 145 114 0.000000 0.898220 -0.428980 0.095792
-0.77675802 -0.41512200 -5.24854422 94 114 81 0.000000 0.999446 -0.023528 -0.023528
-0.59728903 -0.14378200 -5.10824490 125 158 125 0.000000 0.987328 -0.086111 0.133295
-0.58375698 -0.17226900 -5.31548882 98 132 89 0.000000 0.516071 -0.856545 0.001340
-0.56951398 -0.13737300 -5.17875099 108 140 108 0.000000 0.887417 -0.459289 -0.039290
-0.44701901 -0.06686700 -5.20652580 142 158 142 0.000000 0.921478 -0.111237 0.372162
-0.76678699 -0.42082000 -5.23857403 106 122 95 0.000000 0.736263 -0.646738 -0.199115
-0.79812300 -0.44645801 -5.25068092 129 136 102 0.000000 0.730063 -0.538895 -0.420239
-0.62791198 -0.19363500 -5.57970810 97 129 82 0.000000 0.798013 -0.576932 -0.174140
-0.57805997 -0.11529500 -5.04770994 77 110 47 0.000000 -0.461200 0.642325 -0.612138
-0.82233697 -0.45144299 -5.25637817 58 67 44 0.000000 0.223376 -0.738858 -0.635761
-0.63717097 -0.20859000 -5.59608698 108 138 107 0.000000 0.642840 -0.697895 0.315753
-0.46126300 -0.06544300 -5.17590189 158 165 137 0.000000 0.846759 -0.529746 -0.048664
-0.69058400 -0.22497100 -5.18302393 110 140 107 0.000000 0.600703 -0.782275 -0.164928
-0.76037699 -0.27055001 -5.10183620 104 125 86 0.000000 -0.269386 0.940777 -0.205838
-0.55384600 -0.10461200 -5.50635290 84 118 45 0.000000 -0.829527 0.551586 0.087394
-0.67420399 -0.26983801 -5.61318016 98 120 97 0.000000 0.508513 -0.545435 0.666270
-0.73260200 -0.29974899 -5.30480719 113 132 108 0.000000 0.816965 -0.554102 0.159809
-0.77319700 -0.39375699 -5.22717905 105 122 96 0.000000 0.982218 0.173897 -0.070758
-0.66993099 -0.22069700 -5.25922680 108 141 97 0.000000 0.538933 -0.786938 0.300467
-0.50684202 -0.07327700 -5.59039021 110 127 92 0.000000 0.444195 -0.865804 -0.230379
-0.58090800 -0.13808499 -5.46219778 78 112 60 0.000000 -0.809765 0.445610 0.381723
-0.79741102 -0.33179700 -5.15453720 52 65 42 0.000000 -0.675913 0.555154 0.484712
-0.63788301 -0.19790800 -5.54552317 79 111 59 0.000000 -0.657709 0.745992 0.104468
-0.52535897 -0.10674900 -5.14670277 109 142 117 0.000000 0.515646 -0.785517 0.342158
-0.52891898 -0.09962700 -5.09684992 121 144 122 0.000000 0.434567 -0.897922 0.069915
-0.69841802 -0.25417000 -5.37388802 112 144 109 0.000000 0.683136 -0.728773 -0.047064
-0.57805997 -0.13950901 -5.61033106 111 138 107 0.000000 0.692196 -0.666618 0.276559
-0.69129598 -0.22497100 -5.15026379 104 139 100 0.000000 0.673146 -0.734474 0.086151
-0.61438102 -0.17226900 -5.54837179 98 129 87 0.000000 0.738634 -0.653348 -0.166002
-0.54458702 -0.09321800 -5.05768108 126 148 127 0.000000 0.565073 -0.723227 0.397034
-0.56096703 -0.12241700 -5.44296885 72 103 49 0.000000 -0.600361 0.799081 0.032187
-0.77390897 -0.38521099 -5.26990986 115 134 103 0.000000 0.921197 -0.302290 -0.244984
-0.75966501 -0.26841301 -5.15026379 103 121 87 0.000000 0.167010 0.975691 0.141896
-0.64927799 -0.21215101 -5.54837179 84 115 63 0.000000 -0.618295 0.513842 -0.594709
-0.63930702 -0.20075600 -5.52202082 93 127 70 0.000000 -0.547201 0.658325 0.516894
-0.76607502 -0.37595201 -5.21863317 126 132 98 0.000000 0.531778 0.413239 0.739220
-0.70269102 -0.25630599 -5.28629017 93 126 74 0.000000 -0.689308 -0.127096 0.713232
-0.60939598 -0.18722500 -5.62101412 107 140 110 0.000000 0.703078 -0.563460 0.433814
-0.42422900 -0.10959800 -5.36747789 74 85 74 0.000000 0.652662 0.715874 0.248106
-0.57236201 -0.15232800 -5.39525318 88 114 75 0.000000 0.569592 -0.702442 -0.426779
-0.77960598 -0.38093799 -5.44439411 112 137 104 0.000000 0.974465 -0.220975 0.039848
-0.72832900 -0.27339900 -5.26136398 78 116 37 0.000000 -0.908368 0.403565 -0.109559
-0.59301603 -0.15019201 -5.47715378 67 104 44 0.000000 -0.745004 0.626303 0.229593
-0.60156202 -0.17583001 -5.38741922 74 109 48 0.000000 -0.570333 0.775716 0.270158
-0.75325602 -0.32253900 -5.48285103 125 122 110 0.000000 0.872413 -0.467312 0.143232
-0.62007803 -0.19221000 -5.30053282 99 124 77 0.000000 -0.239422 0.968852 -0.063267
-0.55811900 -0.16016200 -5.29625988 97 135 59 0.000000 0.198462 -0.125145 0.972086
-0.50755399 -0.11102200 -5.22504187 108 138 109 0.000000 0.460533 -0.879718 0.118341
-0.72548097 -0.29049101 -5.34326410 112 143 102 0.000000 0.760638 -0.246227 0.600668
-0.72334403 -0.27767199 -5.27703094 91 126 64 0.000000 0.323939 0.894190 0.309011
-0.69414502 -0.25203300 -5.34468794 105 141 98 0.000000 0.700003 -0.713975 -0.015369
-0.54743600 -0.09820300 -5.60677004 97 124 84 0.000000 0.719336 -0.670256 -0.182518
-0.53532898 -0.11814400 -5.13388395 78 112 48 0.000000 -0.555026 0.799300 -0.230359
-0.54245102 -0.10888500 -5.11679220 119 154 123 0.000000 0.710507 -0.616206 0.339808
-0.64429200 -0.21998499 -5.61460400 109 134 107 0.000000 0.733967 -0.647070 0.206380
-0.70482802 -0.26485199 -5.37459993 118 146 113 0.000000 0.892359 -0.409059 0.190700
-0.60084897 -0.16301100 -5.45863724 78 114 48 0.000000 -0.759601 0.649267 0.038192
-0.76037699 -0.30259800 -5.18231201 132 159 130 0.000000 0.697895 -0.642840 0.315753
-0.48476401 -0.09464200 -5.22076893 111 143 109 0.000000 0.481338 -0.870385 0.103651
-0.50897801 -0.10247600 -5.17732716 113 153 111 0.000000 0.723503 -0.675370 0.142896
-0.68132597 -0.25345799 -5.57543421 101 133 95 0.000000 0.674443 -0.696556 0.244821
-0.59586400 -0.15019201 -5.52771902 80 113 55 0.000000 -0.690783 0.690783 -0.213628
-0.71194899 -0.25274500 -5.19797993 118 154 116 0.000000 0.419644 -0.895144 0.150384
-0.72120798 -0.27624699 -5.33685398 67 102 40 0.000000 -0.354961 0.831397 0.427530
-0.80453300 -0.42438000 -5.35537100 123 147 118 0.000000 0.862685 -0.489866 0.125718
-0.68844700 -0.24989700 -5.52629423 87 122 71 0.000000 -0.848579 0.196750 -0.491124
-0.47906700 -0.07683700 -5.40380001 97 130 88 0.000000 -0.404241 0.512257 0.757748
-0.78387898 -0.36028400 -5.17875099 152 178 152 0.000000 0.740852 -0.509852 0.437251
-0.76251400 -0.27553499 -5.11465502 79 112 55 0.000000 -0.371359 0.869560 -0.325512
-0.69628102 -0.22283401 -5.11323118 130 157 131 0.000000 0.663437 -0.704605 -0.251758
-0.64642900 -0.20574200 -5.28130484 92 127 72 0.000000 -0.839123 -0.539133 0.072167
-0.77319700 -0.29334000 -5.15240002 127 159 129 0.000000 0.513976 -0.561161 0.648789
-0.73189002 -0.30829501 -5.38172197 113 141 110 0.000000 0.808912 -0.587928 0.001364
-0.49615899 -0.06615500 -5.54481077 89 113 87 0.000000 0.538895 -0.730063 0.420239
-0.77604502 -0.39589301 -5.27062178 110 130 103 0.000000 0.869704 -0.464918 0.165728
-0.51111501 -0.06045700 -5.05412006 126 129 101 0.000000 -0.245847 -0.870269 0.426839
-0.76678699 -0.31256801 -5.18302393 134 163 135 0.000000 0.820768 -0.427054 0.379427
-0.68844700 -0.19434699 -5.06836319 155 169 158 0.000000 0.759718 -0.577386 0.299089
-0.71479797 -0.24704801 -5.16878080 108 144 109 0.000000 0.648643 -0.760720 -0.023816
-0.69272101 -0.25060901 -5.48213911 93 118 73 0.000000 0.292910 -0.937035 -0.190183
-0.69984198 -0.22995600 -5.13744497 109 139 103 0.000000 0.650785 -0.744401 0.149484
-0.77319700 -0.39803001 -5.24213505 105 126 97 0.000000 0.970005 -0.207767 -0.126190
-0.74328500 -0.32325101 -5.32902098 125 157 128 0.000000 0.762325 -0.618142 0.191732
-0.53746599 -0.14734299 -5.31904984 74 107 50 0.000000 -0.530026 0.814355 0.236426
-0.73901200 -0.29690099 -5.52558184 153 131 120 0.000000 0.720364 -0.688218 0.086210
-0.57877201 -0.13665999 -5.59323883 111 141 109 0.000000 0.821567 -0.560752 0.102877
-0.75396800 -0.27126199 -5.11180592 73 109 56 0.000000 -0.072463 0.984778 0.157992
-0.54743600 -0.10603700 -5.45080280 67 99 47 0.000000 -0.674455 0.690324 0.261847
-0.49615899 -0.11956800 -5.29198694 112 135 110 0.000000 0.166788 -0.935945 0.310144
-0.56025499 -0.11315900 -5.53341579 76 111 44 0.000000 -0.744653 0.663681 -0.070850
-0.79527402 -0.43933600 -5.42445278 138 140 132 0.000000 0.653427 -0.398673 -0.643501
-0.76180202 -0.35102600 -5.31192780 114 139 106 0.000000 0.719141 -0.679943 0.143225
-0.78174299 -0.42509300 -5.24925709 111 129 102 0.000000 0.718724 -0.656090 -0.230179
-0.71978301 -0.27980801 -5.32759619 112 140 101 0.000000 0.885650 -0.433403 0.166693
-0.70838797 -0.26627699 -5.47572899 96 114 58 0.000000 -0.659702 0.737844 0.142760
-0.77390897 -0.36598200 -5.37531185 116 129 104 0.000000 0.887313 -0.435747 -0.151001
-0.57663500 -0.14805500 -5.62742281 112 145 108 0.000000 0.793649 -0.492223 0.357543
-0.53176802 -0.12740199 -5.18444777 77 112 46 0.000000 -0.595093 0.787934 -0.158189
-0.68061298 -0.19648300 -5.08118200 132 163 141 0.000000 0.581306 -0.722129 0.374983
-0.60084897 -0.17583001 -5.24284697 93 122 58 0.000000 -0.499505 0.864046 -0.062612
-0.72832900 -0.28123301 -5.23857403 113 146 113 0.000000 0.826006 -0.530033 0.191778
-0.75396800 -0.27126199 -5.14171696 118 151 115 0.000000 0.417307 -0.907943 0.038664
-0.57307500 -0.14591900 -5.41234493 75 106 57 0.000000 -0.603774 0.720949 0.340132
-0.51894897 -0.13452400 -5.30409384 107 139 108 0.000000 0.499538 -0.863348 0.071363
-0.53532898 -0.07897400 -5.50564098 100 126 93 0.000000 0.722162 -0.691313 0.023838
-0.52250999 -0.06045700 -5.48213911 75 105 38 0.000000 -0.871193 0.476367 0.118734
-0.43277499 -0.06971600 -5.24925709 129 146 129 0.000000 0.452490 -0.854703 -0.254430
-0.51609999 -0.07042800 -5.04486084 108 121 51 0.000000 -0.514590 0.578703 -0.632693
-0.62435102 -0.15019201 -5.05839300 86 117 54 0.000000 -0.452367 0.827501 -0.332576
-0.52108502 -0.09677800 -5.12320089 116 140 115 0.000000 0.030982 -0.887715 0.459349
-0.51538801 -0.05689600 -5.47145605 74 103 40 0.000000 -0.796860 0.468457 0.381527
-0.77105999 -0.36242101 -5.36320496 109 135 104 0.000000 0.860200 -0.506082 -0.062737
-0.71337402 -0.27624699 -5.35537100 133 152 122 0.000000 0.896903 -0.428099 0.110885
-0.72904199 -0.28621799 -5.47359324 105 135 97 0.000000 0.721727 -0.683195 -0.111149
-0.52963197 -0.12241700 -5.16593218 75 102 52 0.000000 -0.473891 0.860135 -0.188665
-0.74684602 -0.32966101 -5.36391687 103 129 96 0.000000 0.808045 -0.584938 0.070078
-0.55598199 -0.11031000 -5.59822416 95 123 83 0.000000 0.648407 -0.761293 0.001377
-0.55099702 -0.12526600 -5.15881014 130 140 130 0.000000 0.876523 -0.481358 0.001326
-0.62577599 -0.19719601 -5.39596510 96 126 82 0.000000 0.333966 -0.897999 -0.286469
-0.53604102 -0.08894400 -5.52629423 99 129 85 0.000000 0.705574 -0.687207 0.172950
-0.66138500 -0.22639500 -5.42943811 96 115 72 0.000000 -0.809329 0.513885 0.284444
-0.53176802 -0.14164600 -5.30480719 109 140 111 0.000000 0.584944 -0.805568 0.094346
-0.71764702 -0.27767199 -5.50421715 121 131 106 0.000000 0.490590 -0.870489 0.039630
-0.55669397 -0.11031000 -5.47644186 67 98 43 0.000000 -0.704844 0.704844 -0.079931
-0.76892400 -0.35031399 -5.47145605 119 142 110 0.000000 0.892654 -0.449683 -0.030874
-0.71693498 -0.27268600 -5.48570013 145 133 105 0.000000 -0.642599 0.735954 -0.213162
-0.62933701 -0.19505900 -5.43513489 85 116 66 0.000000 -0.561999 0.800887 0.206730
-0.74043602 -0.28906700 -5.22076893 120 153 120 0.000000 0.785217 -0.619033 -0.015233
-0.70625198 -0.23779000 -5.17305279 112 147 113 0.000000 0.748971 -0.662175 -0.023799
-0.60369802 -0.15588900 -5.15952301 104 143 109 0.000000 -0.648221 -0.189385 0.737525
-0.62720001 -0.18793701 -5.53911400 99 129 93 0.000000 0.734363 -0.677982 -0.032419
-0.74470901 -0.32752401 -5.37531185 107 135 104 0.000000 0.769947 -0.635671 -0.055710
-0.67206699 -0.19719601 -5.10824490 109 143 102 0.000000 0.457638 -0.859392 0.228064
-0.56381601 -0.11956800 -5.52558184 96 127 92 0.000000 0.656144 0.070662 0.751320
-0.53319299 -0.08965700 -5.59537506 82 109 62 0.000000 0.223681 -0.652274 0.724227
-0.72120798 -0.28835401 -5.38884401 121 153 125 0.000000 0.848133 -0.529572 -0.014975
-0.58802998 -0.17440601 -5.30195808 101 135 93 0.000000 0.540408 -0.824833 0.166164
-0.76963598 -0.33891901 -5.20011711 141 172 146 0.000000 0.870070 -0.127994 0.476022
-0.62150300 -0.15019201 -5.06907606 85 122 53 0.000000 -0.592826 0.790936 -0.151583
-0.59800100 -0.16443500 -5.42943811 75 109 53 0.000000 -0.674019 0.730311 0.111102
-0.66138500 -0.23992600 -5.59395123 106 140 108 0.000000 0.563229 -0.807848 0.173650
-0.68987203 -0.25060901 -5.53840113 87 117 68 0.000000 -0.428660 0.713331 0.554445
-0.79527402 -0.42865399 -5.41590595 118 142 110 0.000000 0.983150 -0.102789 0.151161
-0.63432199 -0.19790800 -5.41305780 98 123 80 0.000000 -0.419526 0.688156 -0.591980
-0.50612998 -0.02057500 -5.48000193 117 121 107 0.000000 0.799168 -0.599727 -0.040731
-0.56595302 -0.11671900 -5.50421715 82 115 61 0.000000 -0.395698 0.805813 -0.440554
-0.54957300 -0.12953900 -5.14456701 79 106 54 0.000000 -0.649088 0.752587 -0.110892
-0.67918903 -0.23779000 -5.37388802 90 125 65 0.000000 -0.799835 0.600218 0.001367
-0.58019602 -0.14734299 -5.21151114 122 137 105 0.000000 -0.744341 -0.110985 0.658512
-0.67847699 -0.21571200 -5.17376614 110 141 109 0.000000 0.761183 -0.636057 0.126616
-0.53817803 -0.11387100 -5.11038208 87 115 48 0.000000 -0.532050 0.801998 -0.271518
-0.72690499 -0.26556501 -5.07975817 98 105 87 0.000000 -0.404600 0.701856 0.586257
-0.65283900 -0.20859000 -5.27560806 108 142 103 0.000000 0.569351 -0.822094 0.001359
-0.60440999 -0.16372301 -5.57258606 105 130 96 0.000000 0.724152 -0.635026 0.268971
-0.50399297 -0.07042800 -5.08545589 129 160 123 0.000000 -0.512977 -0.854015 -0.086680
-0.44986799 -0.10105100 -5.37388802 115 146 109 0.000000 0.117617 0.888502 0.443543
-0.68773502 -0.23351701 -5.23287678 116 150 115 0.000000 0.601086 -0.799155 -0.006877
-0.61651701 -0.18152800 -5.59110212 104 136 99 0.000000 0.667300 -0.708123 0.230807
-0.50328100 -0.05404800 -5.51917219 103 125 63 0.000000 -0.402332 0.915337 -0.016927
-0.56310397 -0.11102200 -5.54837179 95 123 89 0.000000 0.640577 -0.767863 -0.006918
-0.49829599 -0.09393000 -5.15524912 115 146 117 0.000000 0.677534 -0.735490 0.001380
-0.78530401 -0.38592300 -5.33115721 109 125 91 0.000000 0.762794 -0.635415 -0.119973
-0.76464999 -0.34604099 -5.21578407 135 165 135 0.000000 0.920253 -0.230421 0.316292
-0.55170900 -0.14164600 -5.38385820 83 108 58 0.000000 -0.404517 0.794530 0.452866
-0.72904199 -0.30188599 -5.36178112 118 143 118 0.000000 0.881346 -0.461120 0.102941
-0.44559500 -0.07968600 -5.39596510 152 182 156 0.000000 0.128053 0.412304 0.902002
-0.65782398 -0.21143900 -5.26065207 105 138 101 0.000000 0.601658 -0.791963 -0.103936
-0.51823699 -0.13167500 -5.29127502 110 141 113 0.000000 0.619300 -0.775973 0.119722
-0.73758799 -0.28906700 -5.25851488 75 109 35 0.000000 0.110141 0.411285 -0.904828
-0.49900800 -0.03481900 -5.45792484 74 94 60 0.000000 -0.356974 0.572136 -0.738397
-0.52749503 -0.12597799 -5.19441891 72 104 52 0.000000 -0.601798 0.782789 -0.158368
-0.67277998 -0.23209199 -5.36534214 102 136 83 0.000000 0.833608 -0.317490 0.451994
-0.51823699 -0.07256400 -5.45009089 72 104 43 0.000000 -0.808858 0.547936 0.213342
-0.64429200 -0.20431700 -5.26919699 92 129 74 0.000000 0.742711 0.355916 -0.567190
-0.44915500 -0.10461200 -5.31762600 97 131 70 0.000000 0.965242 0.228101 0.127582
-0.56737697 -0.14948000 -5.21008682 86 120 68 0.000000 -0.254721 0.889288 0.379847
-0.67420399 -0.23280400 -5.35038614 92 126 77 0.000000 0.418850 -0.839269 -0.346689
-0.69770598 -0.25773099 -5.46718407 96 123 80 0.000000 -0.635056 0.746307 -0.199324
-0.70482802 -0.23280400 -5.09898710 85 117 60 0.000000 -0.792016 0.609135 -0.040797
-0.60868299 -0.18580100 -5.33685398 99 128 92 0.000000 0.412512 -0.877525 0.244507
-0.60725898 -0.14378200 -5.06978798 76 108 47 0.000000 -0.302264 0.847889 -0.435570
-0.50328100 -0.08182300 -5.41377020 77 109 65 0.000000 -0.563861 0.476856 0.674291
-0.82020003 -0.44076100 -5.27062178 72 102 59 0.000000 -0.363884 0.729401 0.579278
-0.77533299 -0.36455700 -5.41448212 113 140 110 0.000000 0.896301 -0.436447 -0.078478
-0.75111902 -0.32823601 -5.26706123 117 141 112 0.000000 0.934332 -0.333204 0.126482
-0.74826998 -0.29618800 -5.20438910 119 149 118 0.000000 0.821901 -0.569430 0.015093
-0.49687099 -0.08395900 -5.14883900 122 158 129 0.000000 0.300835 -0.881342 -0.364328
-0.55954301 -0.15232800 -5.28415298 109 139 108 0.000000 0.513845 -0.746963 0.421911
-0.49972001 -0.12241700 -5.35394716 83 113 65 0.000000 -0.374403 0.841231 0.390068
-0.53960198 -0.09464200 -5.45578909 69 98 48 0.000000 -0.816968 0.549159 0.176032
-0.78387898 -0.39945400 -5.30053282 99 112 86 0.000000 0.916436 -0.379646 -0.126549
-0.55740702 -0.11387100 -5.46077299 67 99 43 0.000000 -0.742149 0.629654 0.229675
-0.43063900 -0.09891500 -5.38599491 135 161 133 0.000000 0.276051 0.722839 0.633482
-0.78601599 -0.33963099 -5.16237116 149 157 136 0.000000 0.866555 -0.229780 0.443039
-0.51111501 -0.11671900 -5.24783182 108 134 107 0.000000 0.499358 -0.831239 0.244301
-0.68132597 -0.25559399 -5.58611679 101 134 98 0.000000 0.469172 -0.858899 0.205356
-0.81521499 -0.43506300 -5.32545996 127 146 123 0.000000 0.703919 -0.554149 0.444317
-0.55598199 -0.13167500 -5.13744497 77 108 51 0.000000 -0.507033 0.791739 -0.340688
-0.50328100 -0.02840900 -5.51774788 102 121 93 0.000000 0.683214 -0.452692 0.572964
-0.68631101 -0.21571200 -5.14812803 121 145 119 0.000000 0.807297 -0.476098 -0.348714
-0.67990100 -0.24063800 -5.53911400 84 115 62 0.000000 -0.786214 0.587752 0.190829
-0.55028498 -0.10390000 -5.05554390 95 129 46 0.000000 -0.190655 0.895058 -0.403140
-0.59372801 -0.15944999 -5.17091703 107 142 111 0.000000 0.562212 -0.816019 0.134282
-0.68488699 -0.24633600 -5.44296885 91 118 62 0.000000 -0.577665 0.815934 0.023550
-0.55455798 -0.11743200 -5.44439411 76 109 63 0.000000 -0.753992 0.277787 0.595257
-0.46767199 -0.10959800 -5.29910898 110 141 109 0.000000 0.442341 -0.822849 0.356726
-0.65141398 -0.20146900 -5.20154095 90 125 72 0.000000 -0.475516 0.878819 -0.039513
-0.69628102 -0.25060901 -5.30053282 118 146 114 0.000000 0.767241 -0.640541 -0.032379
-0.79385000 -0.41084900 -5.29412413 110 130 102 0.000000 0.631320 -0.720824 -0.286092
-0.53604102 -0.08965700 -5.60605812 87 114 71 0.000000 0.404959 -0.904456 -0.134046
-0.67705297 -0.22568300 -5.25851488 91 119 63 0.000000 -0.591826 0.806037 -0.006866
-0.61651701 -0.18651301 -5.28985119 118 132 115 0.000000 0.809072 -0.525351 0.263455
-0.70482802 -0.23779000 -5.19228220 91 122 69 0.000000 -0.348424 0.173507 -0.921138
-0.48191601 -0.09464200 -5.23572493 106 138 104 0.000000 0.499443 -0.839489 0.214047
-0.57734799 -0.12526600 -5.49566984 94 122 83 0.000000 0.609841 -0.792378 0.015211
-0.69984198 -0.25701901 -5.35893202 110 145 107 0.000000 0.649226 -0.760442 0.015292
-0.72192001 -0.26200399 -5.19797993 112 148 105 0.000000 0.753279 -0.626962 0.198718
-0.78815198 -0.43007800 -5.25281811 109 127 93 0.000000 0.744453 -0.477044 -0.467140
-0.54530001 -0.09820300 -5.46362305 73 106 49 0.000000 -0.743247 0.641685 0.189274
-0.45698899 -0.07470100 -5.19299507 118 149 122 0.000000 0.498574 -0.813131 0.300402
-0.61651701 -0.17583001 -5.47145605 81 115 61 0.000000 -0.642599 0.735954 0.213162
-0.76892400 -0.36099699 -5.21364689 136 151 121 0.000000 0.978325 0.164914 0.125235
-0.62007803 -0.18366399 -5.25210524 103 135 96 0.000000 0.514490 -0.856563 -0.040001
-0.70910102 -0.26698899 -5.51845980 86 112 62 0.000000 -0.673238 0.738435 -0.038268
-0.56025499 -0.11315900 -5.57899523 95 123 88 0.000000 0.701931 -0.686504 0.189753
-0.72761703 -0.28550601 -5.52486897 106 124 87 0.000000 0.808365 -0.531122 -0.253880
-0.63147300 -0.18010300 -5.15667295 106 138 104 0.000000 0.538890 -0.839993 -0.063316
-0.51253903 -0.04621400 -5.51632404 97 120 88 0.000000 0.890077 -0.342568 0.300682
-0.58019602 -0.11956800 -5.56047916 95 127 95 0.000000 0.414114 -0.754572 -0.509049
-0.57236201 -0.13381200 -5.50635290 71 99 47 0.000000 -0.766185 0.616312 0.181988
-0.79028898 -0.33250901 -5.14955091 152 166 147 0.000000 0.958552 -0.062211 0.278044
-0.73972398 -0.31968999 -5.37459993 106 134 101 0.000000 0.869032 -0.489615 -0.071141
-0.72405601 -0.25701901 -5.08830404 93 126 72 0.000000 -0.730563 0.642958 0.229963
-0.58874202 -0.14663100 -5.58682919 108 135 104 0.000000 0.689700 -0.689700 0.220516
-0.47408199 -0.08752000 -5.21079922 109 140 110 0.000000 0.459695 -0.850665 0.255047
-0.76536298 -0.34248000 -5.45934916 116 143 110 0.000000 0.948841 -0.268591 0.166013
-0.71408600 -0.27126199 -5.29483604 104 138 92 0.000000 0.783814 -0.070471 0.616984
-0.49687099 -0.05903300 -5.05910492 165 150 140 0.000000 0.387373 0.753498 0.531208
-0.66921902 -0.24206300 -5.57757092 104 137 102 0.000000 0.786938 -0.538933 0.300467
-0.49758399 -0.06116900 -5.04414892 106 82 83 0.000000 -0.444728 -0.863827 0.236686
-0.52393401 -0.07327700 -5.03916407 112 123 58 0.000000 -0.592765 0.666235 -0.452505
-0.81236601 -0.47850600 -5.34326410 106 111 107 0.000000 0.872347 0.286737 0.395970
-0.59657598 -0.15873800 -5.58896589 105 134 102 0.000000 0.744653 -0.663681 0.070850
-0.50612998 -0.06757900 -5.05696821 143 144 120 0.000000 0.537411 -0.837093 0.102295
-0.60512298 -0.17867900 -5.28913784 104 131 98 0.000000 0.427099 -0.784369 0.449835
-0.49473500 -0.06116900 -5.53056717 81 115 48 0.000000 -0.183565 0.571935 -0.799496
-0.78530401 -0.40159100 -5.28700209 109 125 100 0.000000 0.624960 -0.735713 -0.261059
-0.59515202 -0.15161601 -5.57614708 83 118 50 0.000000 -0.134147 -0.093784 0.986514
-0.74399698 -0.29618800 -5.22717905 116 152 116 0.000000 0.845910 -0.515728 0.135872
-0.80025899 -0.41512200 -5.37032700 122 141 113 0.000000 0.955195 -0.292252 0.046811
-0.58019602 -0.15873800 -5.25851488 103 134 101 0.000000 0.774811 -0.615952 0.142373
-0.57877201 -0.15019201 -5.18729687 104 131 104 0.000000 0.617686 -0.785764 -0.032215
-0.77034801 -0.35885999 -5.38599491 117 130 104 0.000000 0.855991 -0.514705 -0.048557
-0.79100102 -0.39162001 -5.30338192 55 86 23 0.000000 -0.654483 0.570359 0.496330
-0.63218498 -0.15446500 -5.05483198 92 119 60 0.000000 -0.459388 0.846564 -0.268872
-0.65141398 -0.21784900 -5.57400990 110 139 108 0.000000 0.861761 -0.498317 0.095120
-0.57022601 -0.14663100 -5.63810587 121 151 117 0.000000 0.893781 -0.134991 0.427707
-0.79527402 -0.35814801 -5.16094589 91 104 88 0.000000 0.759675 -0.584488 0.285077
-0.49188599 -0.05262300 -5.42801285 77 105 66 0.000000 -0.602756 0.514960 0.609510
-0.73046601 -0.27909601 -5.22361898 120 156 122 0.000000 0.756533 -0.605541 0.246935
-0.48405200 -0.06116900 -5.53341579 90 119 56 0.000000 0.205869 0.395677 -0.895018
-0.50043201 -0.06401800 -5.53697681 95 126 98 0.000000 0.411713 -0.563832 0.715951
-0.78174299 -0.39446899 -5.49495792 81 83 81 0.000000 0.976723 -0.165906 -0.135968
-0.72405601 -0.25274500 -5.10397196 98 129 83 0.000000 0.666909 -0.610363 -0.427421
-0.54031402 -0.09535400 -5.58896589 101 130 91 0.000000 0.523040 -0.830533 0.191429
-0.67064297 -0.23066799 -5.50279188 80 116 50 0.000000 -0.658324 0.751763 -0.038225
-0.78103101 -0.33891901 -5.17091703 140 165 138 0.000000 0.799488 -0.299214 0.520855
-0.79171300 -0.31684199 -5.14741516 152 166 153 0.000000 0.791963 -0.103936 0.601658
-0.73901200 -0.26770100 -5.08972883 89 104 78 0.000000 -0.381234 0.839343 0.387510
-0.62363899 -0.19078600 -5.59608698 114 143 117 0.000000 0.745711 -0.594965 0.299888
-0.59372801 -0.17440601 -5.36676598 86 118 60 0.000000 -0.635415 0.762794 0.119973
-0.58375698 -0.13381200 -5.08118200 119 154 118 0.000000 0.562168 0.046263 0.825728
-0.69343299 -0.25345799 -5.52130795 75 111 54 0.000000 -0.625173 0.757273 -0.188934
-0.60512298 -0.16657200 -5.24569607 127 143 117 0.000000 0.126461 -0.436219 0.890910
-0.71978301 -0.26841301 -5.23074007 127 156 126 0.000000 0.766383 -0.624851 0.149061
-0.48476401 -0.05119900 -5.42231607 76 106 60 0.000000 -0.524881 0.565386 0.636270
-0.71764702 -0.28550601 -5.40023899 123 153 126 0.000000 0.868371 -0.381348 0.317024
-0.55242097 -0.13879700 -5.17234087 83 116 56 0.000000 -0.515791 0.810529 -0.277493
-0.43847299 -0.08253500 -5.39667702 171 190 171 0.000000 0.569212 0.252461 0.782471
-0.73117799 -0.27339900 -5.19726801 122 153 121 0.000000 0.857691 -0.467149 0.214798
-0.73545098 -0.27339900 -5.19014597 123 156 123 0.000000 0.648552 -0.608332 0.457506
-0.77319700 -0.37096700 -5.29982090 118 139 104 0.000000 0.907703 -0.416980 0.046927
-0.67918903 -0.19648300 -5.09328985 110 145 107 0.000000 0.736777 -0.673829 0.055795
-0.56595302 -0.12170500 -5.61033106 106 130 95 0.000000 0.895622 -0.443097 -0.039057
-0.53604102 -0.08609600 -5.62457514 115 140 106 0.000000 0.948827 -0.307622 -0.071389
-0.52963197 -0.11315900 -5.13245916 75 109 47 0.000000 -0.577877 0.785478 -0.221545
-0.76464999 -0.34746501 -5.51845980 114 137 108 0.000000 0.917933 -0.348672 0.189279
-0.76464999 -0.35885999 -5.24071121 116 138 104 0.000000 0.998346 -0.047340 0.032612
-0.71693498 -0.31043199 -5.58967781 62 81 64 0.000000 0.355368 -0.695997 0.623941
-0.77034801 -0.37524000 -5.26421309 114 135 102 0.000000 0.720909 -0.593401 -0.358002
-0.66993099 -0.23209199 -5.45080280 104 132 93 0.000000 0.761667 -0.642247 -0.085924
-0.81236601 -0.47280899 -5.34967422 142 153 139 0.000000 0.898434 0.319278 0.301458
-0.51325202 -0.12882601 -5.29625988 109 140 112 0.000000 0.498835 -0.829333 0.251734
-0.56381601 -0.11458300 -5.49709511 86 116 64 0.000000 -0.507400 0.820840 0.262234
-0.71408600 -0.24063800 -5.11394310 117 146 110 0.000000 0.569949 -0.804546 -0.166924
-0.63289797 -0.19577099 -5.45293999 82 116 61 0.000000 -0.753273 0.642011 0.142836
-0.54316300 -0.09677800 -5.04770994 84 116 40 0.000000 -0.532177 0.666480 -0.522104
-0.50399297 -0.05903300 -5.52486897 90 125 57 0.000000 -0.542678 0.519156 -0.660286
-0.71551001 -0.27838400 -5.54765892 106 129 99 0.000000 0.618994 -0.753083 0.222963
-0.74684602 -0.26841301 -5.11465502 74 110 55 0.000000 -0.459609 0.870761 -0.174740
-0.56524098 -0.13665999 -5.15881014 100 131 102 0.000000 0.538341 -0.838213 -0.087106
-0.80239600 -0.40301499 -5.34397697 99 114 79 0.000000 -0.848133 0.529572 -0.014975
-0.61865401 -0.14663100 -5.08331919 113 137 115 0.000000 0.332824 -0.893999 0.299990
-0.53034401 -0.07470100 -5.48142719 76 109 40 0.000000 -0.838005 0.545455 0.015038
-0.59372801 -0.15802599 -5.59893608 112 143 108 0.000000 0.751097 -0.522004 0.404185
-0.58233303 -0.15731400 -5.40023899 77 101 56 0.000000 -0.712351 0.681844 0.166266
-0.78672802 -0.39233199 -5.41875505 121 140 109 0.000000 0.948682 -0.253796 0.188651
-0.67776501 -0.24063800 -5.44724178 98 128 82 0.000000 0.658966 -0.729624 0.182790
-0.68417400 -0.23992600 -5.30551910 116 147 115 0.000000 0.665734 -0.743379 0.064704
-0.77319700 -0.36313301 -5.40095091 115 139 110 0.000000 0.876393 -0.481550 0.006670
-0.58304501 -0.13594800 -5.51489878 97 128 82 0.000000 0.816965 -0.554102 -0.159809
-0.72619301 -0.25630599 -5.16949320 120 152 119 0.000000 0.762217 -0.613793 0.205628
-0.55527002 -0.11387100 -5.08118200 125 156 129 0.000000 0.552966 -0.791071 0.261602
-0.44060901 -0.06900300 -5.22504187 131 156 137 0.000000 0.879780 -0.465932 0.094312
-0.56880099 -0.15517700 -5.27489519 111 138 106 0.000000 0.434198 -0.697046 0.570613
-0.78387898 -0.28621799 -5.11821604 103 111 83 0.000000 -0.615952 0.774811 -0.142373
-0.80239600 -0.41654599 -5.28415298 64 91 31 0.000000 -0.752693 0.593562 0.284846
-0.44060901 -0.09179300 -5.38599491 133 164 135 0.000000 0.188934 0.757273 0.625173
-0.76393801 -0.35814801 -5.27062178 113 136 103 0.000000 0.766853 -0.625788 -0.142566
-0.48405200 -0.06686700 -5.09471416 127 141 130 0.000000 0.678605 -0.734343 0.015328
-0.52607101 -0.10817300 -5.11394310 80 116 43 0.000000 0.001287 0.915238 -0.402911
-0.46909600 -0.06829100 -5.13815689 83 90 79 0.000000 0.807525 -0.546041 0.223031
-0.60654700 -0.16158700 -5.53128004 100 130 94 0.000000 0.690128 -0.664509 0.286619
-0.48547700 -0.08823200 -5.17020512 116 152 118 0.000000 0.388319 -0.888225 0.245489
-0.67277998 -0.23494101 -5.46291018 96 129 81 0.000000 0.806209 -0.539026 -0.243882
-0.57307500 -0.13523600 -5.44510603 68 103 48 0.000000 -0.689700 0.689700 0.220516
-0.71907097 -0.27055001 -5.24925709 95 134 65 0.000000 -0.519343 0.821394 -0.235785
-0.76892400 -0.35387501 -5.42801285 107 132 101 0.000000 0.900734 -0.433785 -0.022552
-0.66779399 -0.17369400 -5.05981684 85 107 56 0.000000 -0.522841 0.722019 -0.453129
-0.65355098 -0.21143900 -5.48570013 90 112 65 0.000000 -0.726382 0.665213 0.172802
-0.61865401 -0.18580100 -5.59822416 107 138 105 0.000000 0.703652 -0.694573 0.149810
-0.49544701 -0.07256400 -5.07192421 129 154 115 0.000000 0.001264 -0.931838 0.362873
-0.52891898 -0.08182300 -5.45934916 71 100 52 0.000000 -0.824010 0.379457 0.420737
-0.79171300 -0.35885999 -5.16735601 158 168 153 0.000000 0.627411 -0.427705 0.650710
-0.56951398 -0.12669000 -5.58113194 99 128 92 0.000000 0.695890 -0.718114 0.006945
-0.61153197 -0.17013299 -5.20866299 111 133 112 0.000000 0.691521 -0.706653 -0.149804
-0.78459102 -0.39019600 -5.17661381 116 136 110 0.000000 0.488693 0.339061 0.803876
-0.68061298 -0.21001500 -5.11963987 121 151 128 0.000000 0.714476 -0.690808 0.110943
-0.57022601 -0.13025101 -5.61175489 107 137 104 0.000000 0.879687 -0.475325 -0.014728
-0.65639901 -0.21215101 -5.26990986 100 133 90 0.000000 0.697260 -0.697260 -0.166305
-0.70269102 -0.24704801 -5.23857403 119 152 118 0.000000 0.695890 -0.718114 -0.006945
-0.44060901 -0.06544300 -5.21008682 66 69 68 0.000000 0.251834 -0.695314 0.673140
-0.64642900 -0.21927300 -5.60107279 110 136 110 0.000000 0.856563 -0.514490 0.040001
-0.66636997 -0.22425801 -5.28059196 121 140 113 0.000000 0.777262 -0.451366 0.438330
-0.64429200 -0.20360500 -5.50065613 106 133 101 0.000000 0.805345 -0.592612 -0.015195
-0.77818203 -0.38378599 -5.18658495 135 156 132 0.000000 0.744401 -0.149484 0.650785
-0.75966501 -0.33393401 -5.51988506 114 138 111 0.000000 0.838752 -0.497771 0.220724
-0.51681203 -0.05048700 -5.51205015 105 132 98 0.000000 0.537257 0.547362 0.641677
-0.64429200 -0.20574200 -5.51632404 93 127 78 0.000000 0.403674 -0.846313 0.347565
-0.76892400 -0.37452799 -5.20154095 138 151 121 0.000000 0.941877 -0.055863 0.331281
-0.63717097 -0.17867900 -5.15240002 113 148 116 0.000000 0.888110 -0.308058 0.341118
-0.59800100 -0.13096300 -5.04984713 81 114 49 0.000000 -0.406409 0.801573 -0.438536
-0.67918903 -0.24063800 -5.47145605 94 125 76 0.000000 0.672500 -0.729163 0.126746
-0.76821101 -0.36028400 -5.32902098 112 139 108 0.000000 0.837677 -0.529599 0.133500
-0.62791198 -0.18437600 -5.49709511 81 111 59 0.000000 -0.769041 0.601926 -0.215084
-0.58802998 -0.11956800 -5.03774023 95 123 51 0.000000 -0.634460 0.737854 -0.230286
-0.58660603 -0.13808499 -5.55335712 105 133 101 0.000000 0.777567 -0.626334 -0.055642
-0.55313402 -0.14876699 -5.28771400 108 138 107 0.000000 0.480963 -0.868605 0.119164
-0.55170900 -0.10532500 -5.57329798 101 128 93 0.000000 0.507146 -0.847215 0.158206
-0.74399698 -0.30544701 -5.50920200 102 123 95 0.000000 0.648395 -0.720965 -0.244528
-0.70767599 -0.27126199 -5.43727207 115 140 111 0.000000 0.823419 -0.537405 -0.182146
-0.76464999 -0.36170900 -5.25851488 119 136 107 0.000000 0.696518 -0.711181 -0.095313
-0.52535897 -0.09535400 -5.42516518 70 100 52 0.000000 -0.614172 0.667434 0.421099
-0.63859499 -0.18793701 -5.17875099 104 136 94 0.000000 0.815008 -0.579409 0.006849
-0.58945501 -0.15090400 -5.45650101 73 108 50 0.000000 -0.663896 0.725226 0.182456
-0.43277499 -0.07683700 -5.26990986 131 148 126 0.000000 0.641685 -0.743247 0.189274
-0.76678699 -0.34532899 -5.45293999 118 142 113 0.000000 0.884794 -0.465751 0.014680
-0.64500499 -0.20645399 -5.54765892 80 112 54 0.000000 -0.840533 0.532001 0.102363
-0.74755800 -0.26556501 -5.14314222 116 143 113 0.000000 0.609977 -0.695473 0.379797
-0.57022601 -0.13594800 -5.63027191 113 143 112 0.000000 0.870761 -0.459609 0.174740
-0.46909600 -0.09677800 -5.38243389 108 139 104 0.000000 -0.094301 0.799385 0.593373
-0.51752502 -0.07755000 -5.59110212 83 102 65 0.000000 0.545490 -0.830599 -0.112007
-0.51752502 -0.13238700 -5.34967422 82 116 62 0.000000 -0.561999 0.800887 0.206730
-0.59942502 -0.17013299 -5.40664816 70 98 53 0.000000 -0.624851 0.766383 0.149061
-0.58446902 -0.13665999 -5.50350380 106 131 99 0.000000 0.747503 -0.579597 0.324510
-0.47194499 -0.11458300 -5.34041500 117 154 119 0.000000 0.284400 -0.941130 -0.182730
-0.76464999 -0.34390399 -5.47216797 115 141 109 0.000000 0.903691 -0.420991 -0.078164
-0.46767199 -0.10105100 -5.37673712 110 143 106 0.000000 0.006877 0.799155 0.601086
-0.59301603 -0.17511800 -5.30979204 105 137 103 0.000000 0.452320 -0.864066 -0.220900
-0.79598600 -0.45001900 -5.41020918 121 154 120 0.000000 0.958613 0.015997 0.284261
-0.79242498 -0.39660501 -5.31976223 104 123 90 0.000000 0.823703 -0.554500 -0.118508
-0.79242498 -0.40301499 -5.37175083 117 143 111 0.000000 0.904903 -0.253725 0.341722
-0.51894897 -0.05547200 -5.47857809 75 104 37 0.000000 -0.740382 0.623563 0.251004
-0.63503402 -0.19790800 -5.44083309 81 117 54 0.000000 -0.727510 0.686096 0.001380
-0.49544701 -0.05262300 -5.44510603 66 87 53 0.000000 0.935850 -0.325572 0.134860
-0.73189002 -0.27838400 -5.21507215 118 153 119 0.000000 0.733013 -0.679136 0.038281
-0.54601198 -0.09962700 -5.52558184 91 121 80 0.000000 0.798609 -0.601387 -0.023611
-0.49117401 -0.12241700 -5.30623102 114 148 115 0.000000 0.157092 -0.941184 0.299157
-0.56595302 -0.10674900 -5.04272509 89 114 52 0.000000 -0.529743 0.790637 -0.307028
-0.55954301 -0.11173400 -5.07334900 117 143 121 0.000000 0.467082 -0.719739 0.513624
-0.55598199 -0.10461200 -5.48427486 76 104 45 0.000000 -0.784445 0.500949 0.365645
-0.78031802 -0.37808901 -5.41092110 115 140 110 0.000000 0.935330 -0.349277 -0.056251
-0.50256902 -0.07470100 -5.11251783 125 160 126 0.000000 -0.928617 -0.189657 0.318905
-0.76892400 -0.36954299 -5.22005701 126 142 107 0.000000 0.813131 0.348485 0.466237
-0.74257302 -0.28550601 -5.19513083 107 142 92 0.000000 0.716210 -0.588374 0.375314
-0.54316300 -0.10033900 -5.45365191 69 101 46 0.000000 -0.760970 0.627307 0.165560
-0.54530001 -0.10888500 -5.09186506 119 145 120 0.000000 0.666394 -0.737318 0.110819
-0.45770201 -0.08467100 -5.26136398 120 159 112 0.000000 0.948930 -0.315485 0.001237
-0.75895298 -0.34319201 -5.38884401 103 130 98 0.000000 0.770863 -0.636557 -0.023783
-0.78744000 -0.37452799 -5.17875099 164 170 163 0.000000 0.674900 0.182946 0.714871
-0.78744000 -0.39162001 -5.29341221 61 93 28 0.000000 -0.820768 0.379427 0.427054
-0.75895298 -0.33037299 -5.44795418 80 106 41 0.000000 -0.736827 0.651042 0.182292
-0.47550601 -0.08253500 -5.17020512 119 150 124 0.000000 0.490829 -0.871255 0.001330
-0.53319299 -0.12597799 -5.17732716 74 107 44 0.000000 -0.484484 0.842115 -0.236893
-0.69841802 -0.22497100 -5.10326004 104 133 90 0.000000 0.777262 -0.451366 -0.438330
-0.56239200 -0.15090400 -5.64950085 144 165 143 0.000000 0.523297 -0.437456 0.731295
-0.53034401 -0.11600700 -5.13886881 77 110 46 0.000000 -0.529509 0.777365 -0.339594
-0.74826998 -0.32325101 -5.27275801 119 143 115 0.000000 0.911510 -0.404965 0.071783
-0.77818203 -0.39019600 -5.28771400 115 131 103 0.000000 0.927038 -0.364626 -0.087456
-0.74257302 -0.30758300 -5.46504688 93 128 78 0.000000 0.386654 -0.577513 0.719012
-0.75183100 -0.32396299 -5.24996901 123 148 117 0.000000 0.910647 -0.410526 0.046803
-0.59586400 -0.15304001 -5.47145605 77 113 52 0.000000 -0.699346 0.667629 0.255317
-0.59372801 -0.16016200 -5.42587709 75 108 46 0.000000 -0.697710 0.714832 0.047085
-0.51681203 -0.05832100 -5.48854923 85 104 62 0.000000 -0.817766 0.563220 -0.118496
-0.72690499 -0.31114399 -5.57258606 138 160 137 0.000000 0.909800 -0.380151 0.166583
-0.75610399 -0.34390399 -5.35252190 105 133 102 0.000000 0.799385 -0.593373 0.094301
-0.60654700 -0.16087399 -5.48997307 79 105 49 0.000000 -0.753273 0.642011 0.142836
-0.49687099 -0.07042800 -5.42089176 80 112 65 0.000000 -0.307028 0.529743 0.790637
-0.53105599 -0.08823200 -5.58896589 73 95 52 0.000000 -0.151203 0.579360 0.800924
-0.65782398 -0.21856099 -5.50279188 88 118 67 0.000000 -0.476882 0.722800 -0.500144
-0.75895298 -0.34319201 -5.25353003 124 148 116 0.000000 0.948787 -0.259254 0.180527
-0.75040698 -0.29476401 -5.19726801 123 154 124 0.000000 0.587654 -0.801613 0.109910
-0.59443998 -0.17226900 -5.62955999 116 150 115 0.000000 0.755243 -0.596911 0.270748
-0.52891898 -0.08538400 -5.06693888 121 145 118 0.000000 0.618578 -0.658594 0.428503
-0.59800100 -0.16229901 -5.59466314 108 139 100 0.000000 0.824870 -0.483652 0.292696
-0.57307500 -0.12241700 -5.08047104 110 142 114 0.000000 0.291085 -0.939473 0.180721
-0.66850603 -0.25203300 -5.60534620 111 147 110 0.000000 0.893616 -0.434846 0.111174
-0.59301603 -0.17298099 -5.63668203 121 153 127 0.000000 0.255616 -0.907070 0.334491
-0.81521499 -0.42794099 -5.29269886 66 102 34 0.000000 -0.658956 0.721269 0.213421
-0.76464999 -0.35601100 -5.31833792 120 146 114 0.000000 0.860200 -0.506082 0.062737
-0.69841802 -0.25488201 -5.31904984 109 140 103 0.000000 0.763333 -0.642124 0.070706
-0.42565399 -0.11315900 -5.35323477 122 139 111 0.000000 0.523992 0.631823 0.571168
-0.79100102 -0.37951300 -5.17447805 91 105 93 0.000000 0.356778 0.142989 0.923181
-0.57521099 -0.12811400 -5.52273321 90 121 73 0.000000 0.070471 -0.783814 -0.616984
-0.60369802 -0.18152800 -5.62314987 111 145 113 0.000000 0.763128 -0.571146 0.302371
-0.67420399 -0.23494101 -5.55264521 91 113 64 0.000000 -0.522217 0.782522 0.339040
-0.51396400 -0.08182300 -5.42516518 69 96 52 0.000000 -0.254805 0.634637 0.729596
-0.64856499 -0.23138000 -5.62671089 115 146 117 0.000000 0.805060 -0.553575 0.213149
-0.60013700 -0.18366399 -5.63383293 113 149 116 0.000000 0.631103 -0.711806 0.308288
-0.72405601 -0.26983801 -5.22575521 120 154 122 0.000000 0.565064 -0.777160 0.276992
-0.81094199 -0.46283799 -5.36961508 131 146 124 0.000000 0.960433 0.167318 -0.222652
-0.73331499 -0.26627699 -5.18017483 120 147 116 0.000000 0.615992 -0.768089 0.174911
-0.75396800 -0.26770100 -5.12320089 113 145 109 0.000000 0.339556 -0.922858 0.181754
-0.68132597 -0.24135099 -5.42943811 104 121 72 0.000000 -0.717629 0.654817 -0.237116
-0.76322597 -0.34105599 -5.42943811 114 127 101 0.000000 0.858807 -0.501566 -0.104314
-0.51182699 -0.13238700 -5.31406498 106 139 105 0.000000 0.395291 -0.917969 -0.032832
-0.71693498 -0.27411100 -5.53840113 103 119 76 0.000000 -0.618994 0.753083 0.222963
-0.79741102 -0.42224401 -5.39596510 116 137 106 0.000000 0.956852 -0.261198 0.127318
-0.53604102 -0.10390000 -5.42730093 72 101 52 0.000000 -0.610062 0.782244 0.126168
-0.64714098 -0.20502999 -5.48783588 89 115 66 0.000000 -0.702041 0.710585 0.046993
-0.76251400 -0.38093799 -5.20438910 119 123 90 0.000000 0.932915 0.331123 0.141517
-0.61936599 -0.17939100 -5.54196215 99 132 95 0.000000 0.743806 -0.667300 -0.038253
-0.73473901 -0.29262701 -5.52842999 123 112 83 0.000000 -0.080393 0.982710 0.166785
-0.54672402 -0.10746100 -5.44368076 63 95 47 0.000000 -0.719141 0.679943 0.143225
-0.67562801 -0.23565300 -5.54552317 94 120 78 0.000000 0.735083 -0.655615 -0.172691
-0.61366898 -0.17867900 -5.42801285 82 113 62 0.000000 -0.640264 0.719702 0.268498
-0.60512298 -0.17155699 -5.42658901 77 111 50 0.000000 -0.555423 0.819063 0.143669
-0.67633998 -0.20004401 -5.10397196 120 156 123 0.000000 0.692196 -0.666618 0.276559
-0.58233303 -0.16728400 -5.28771400 106 135 107 0.000000 0.427566 -0.880283 0.205646
-0.76251400 -0.34034300 -5.51418686 115 146 108 0.000000 0.990194 -0.094028 0.103315
-0.69129598 -0.22069700 -5.12818718 121 150 122 0.000000 0.678772 -0.732846 0.046959
-0.70411497 -0.24135099 -5.19940376 99 136 91 0.000000 0.442151 -0.838994 0.317162
-0.60298598 -0.13879700 -5.05981684 75 111 45 0.000000 -0.617751 0.746646 -0.246786
-0.69841802 -0.25559399 -5.34824896 102 138 90 0.000000 0.562616 -0.824888 -0.054993
-0.51894897 -0.11031000 -5.14100599 74 108 42 0.000000 -0.553309 0.776547 -0.301370
-0.56452799 -0.11814400 -5.46789503 68 100 46 0.000000 -0.753134 0.633977 0.175680
-0.78174299 -0.38877201 -5.30124617 118 133 107 0.000000 0.910609 -0.348898 -0.221499
-0.77889401 -0.37239099 -5.37531185 118 137 110 0.000000 0.735627 -0.586228 -0.339395
-0.51966101 -0.06971600 -5.46647120 65 97 39 0.000000 -0.828621 0.440353 0.345653
-0.43562400 -0.08823200 -5.28557777 126 158 129 0.000000 0.799022 -0.561933 0.213996
-0.50541800 -0.02698500 -5.48142719 114 122 105 0.000000 0.982581 -0.110525 -0.149391
-0.65212601 -0.21500000 -5.51917219 85 116 67 0.000000 -0.618430 0.769635 -0.158766
-0.71551001 -0.27482301 -5.51062584 93 121 66 0.000000 -0.650850 0.753231 0.095068
-0.66138500 -0.24562401 -5.61460400 112 141 110 0.000000 0.640902 -0.680241 0.355692
-0.70482802 -0.26342800 -5.52202082 89 124 72 0.000000 -0.956405 -0.259878 -0.133237
-0.76251400 -0.34461600 -5.22646713 127 155 124 0.000000 0.970663 -0.204819 0.125945
-0.73758799 -0.31755400 -5.38884401 111 140 108 0.000000 0.843207 -0.523920 0.120458
-0.69129598 -0.23351701 -5.21934509 93 127 78 0.000000 0.173228 0.490073 0.854296
-0.77604502 -0.37808901 -5.27560806 115 136 103 0.000000 0.871526 -0.380053 -0.309842
-0.78530401 -0.40159100 -5.45365191 139 144 128 0.000000 0.979237 -0.046630 -0.197282
-0.68274999 -0.24348700 -5.54908419 104 122 79 0.000000 -0.484712 0.675913 0.555154
-0.69913000 -0.22781900 -5.15311193 110 145 110 0.000000 0.437945 -0.888729 -0.135520
-0.80239600 -0.42936599 -5.38101006 125 145 114 0.000000 0.971560 -0.236647 -0.008324
-0.75681698 -0.34675300 -5.28344107 113 140 108 0.000000 0.888235 -0.459341 0.006619
-0.78387898 -0.38877201 -5.43371105 114 137 106 0.000000 0.940014 -0.341022 0.008809
-0.47265700 -0.11671900 -5.32189894 97 126 90 0.000000 0.332118 -0.933483 0.135307
-0.43491200 -0.10746100 -5.31620216 106 145 105 0.000000 0.157459 -0.926638 0.341393
-0.52678299 -0.08894400 -5.10824490 135 151 133 0.000000 0.195830 -0.535876 0.821272
-0.69129598 -0.24776000 -5.33827877 111 146 110 0.000000 0.747516 -0.652025 0.126824
-0.68702298 -0.24776000 -5.47074413 89 124 69 0.000000 -0.460538 0.758822 0.460538
-0.75539201 -0.32752401 -5.43798399 104 129 100 0.000000 0.900780 -0.409961 -0.143274
-0.65711200 -0.21072701 -5.28130484 109 144 106 0.000000 0.528385 -0.830746 -0.175130
-0.67064297 -0.22710700 -5.36890316 107 138 102 0.000000 0.814721 -0.535476 0.222476
-0.73046601 -0.30615899 -5.39026785 120 152 121 0.000000 0.894930 -0.442698 0.055848
-0.71337402 -0.24135099 -5.12605000 116 146 109 0.000000 0.497143 -0.867668 0.001333
-0.70197898 -0.25345799 -5.27845621 118 154 120 0.000000 0.854568 -0.496910 0.150979
-0.60583502 -0.16301100 -5.47288084 79 113 56 0.000000 -0.873412 0.474463 0.109711
-0.78031802 -0.38378599 -5.46647120 111 135 103 0.000000 0.960504 -0.261021 0.096436
-0.44630700 -0.06615500 -5.18729687 78 83 78 0.000000 0.807967 -0.523538 0.270364
-0.53248000 -0.12740199 -5.19940376 105 132 105 0.000000 0.655334 -0.703169 -0.275846
-0.48262799 -0.07042800 -5.41020918 85 112 71 0.000000 -0.499232 0.579915 0.643790
-0.76678699 -0.35957199 -5.52130795 128 148 123 0.000000 0.904034 -0.324864 0.277825
-0.58090800 -0.16586000 -5.36391687 84 108 55 0.000000 -0.530026 0.814355 0.236426
-0.75396800 -0.33037299 -5.25637817 124 150 120 0.000000 0.932410 -0.324617 0.158855
-0.71622199 -0.27055001 -5.28059196 100 134 85 0.000000 0.844128 -0.519351 -0.133129
-0.75183100 -0.27909601 -5.16308308 120 154 121 0.000000 0.651781 -0.651781 0.387768
-0.61082000 -0.16657200 -5.52273321 83 115 57 0.000000 -0.791038 0.609255 0.055387
-0.75325602 -0.33179700 -5.40593576 105 133 101 0.000000 0.781739 -0.591296 -0.198123
-0.63859499 -0.20146900 -5.46006203 93 127 86 0.000000 0.625770 -0.770748 -0.119828
-0.75254297 -0.31328100 -5.22575521 123 153 121 0.000000 0.769947 -0.635671 0.055710
-0.73117799 -0.25203300 -5.12106514 110 142 104 0.000000 0.877972 -0.435297 -0.199204
-0.59657598 -0.13452400 -5.06124210 81 115 48 0.000000 -0.577996 0.751878 -0.317174
-0.70910102 -0.26912600 -5.36391687 118 141 108 0.000000 0.874811 -0.459892 0.152330
-0.62079000 -0.18651301 -5.42658901 83 116 59 0.000000 -0.641614 0.766875 0.015310
-0.65426302 -0.20218100 -5.19584322 90 124 73 0.000000 -0.433373 0.893566 -0.117166
-0.58731800 -0.13737300 -5.52914286 105 136 99 0.000000 0.825166 -0.555428 0.102964
-0.56096703 -0.12455300 -5.64807701 109 131 112 0.000000 0.515901 -0.168002 0.840012
-0.59586400 -0.16372301 -5.41661787 75 107 49 0.000000 -0.736777 0.673829 0.055795
-0.43491200 -0.09891500 -5.29554796 130 166 135 0.000000 0.389905 -0.866965 0.310395
-0.64856499 -0.21286300 -5.44937801 82 115 55 0.000000 -0.681224 0.727704 0.079888
-0.74969500 -0.28265700 -5.16949320 120 155 122 0.000000 0.650408 -0.616968 0.443080
-0.64714098 -0.20716600 -5.29412413 111 144 100 0.000000 0.702318 -0.710831 0.038308
-0.77390897 -0.34319201 -5.19156981 139 166 138 0.000000 0.923085 -0.276210 0.267623
-0.64642900 -0.20146900 -5.22361898 98 135 89 0.000000 0.736777 -0.673829 -0.055795
-0.49829599 -0.07185200 -5.55264521 82 113 79 0.000000 0.485905 -0.760760 0.430279
-0.50541800 -0.10817300 -5.17590189 95 134 53 0.000000 -0.599406 0.787748 -0.142004
-0.61509299 -0.15944999 -5.12106514 114 144 112 0.000000 0.599711 -0.791265 0.119353
-0.54814798 -0.09891500 -5.47501707 65 96 43 0.000000 -0.759556 0.642023 -0.104310
-0.55313402 -0.10532500 -5.47501707 80 112 61 0.000000 -0.799300 0.230359 -0.555026
-0.57734799 -0.16657200 -5.34824896 82 118 61 0.000000 -0.451065 0.889714 -0.070350
-0.64286798 -0.20574200 -5.52344513 100 132 89 0.000000 0.584843 -0.811146 0.001363
-0.62221497 -0.19505900 -5.33471823 86 118 63 0.000000 -0.229284 0.945969 0.229284
-0.48761299 -0.07398900 -5.57329798 86 112 80 0.000000 -0.063316 -0.839993 0.538890
-0.51040298 -0.11315900 -5.38314581 80 114 64 0.000000 -0.126845 0.696904 0.705858
-0.61438102 -0.17298099 -5.51205015 92 124 76 0.000000 0.825166 -0.555428 -0.102964
-0.51253903 -0.11244600 -5.16878080 69 103 48 0.000000 -0.516466 0.856281 -0.006742
-0.56595302 -0.16016200 -5.30694294 106 137 106 0.000000 0.587100 -0.809171 0.023595
-0.42636600 -0.12170500 -5.33827877 167 181 163 0.000000 0.451026 0.102570 -0.886597
-0.44132200 -0.10033900 -5.37744904 123 155 122 0.000000 0.253673 0.804594 0.536915
-0.50470501 -0.12312900 -5.35822010 83 113 69 0.000000 -0.301769 0.878012 0.371525
-0.70910102 -0.24206300 -5.17661381 109 141 109 0.000000 0.721280 -0.689607 0.064786
-0.80239600 -0.44716999 -5.25637817 72 89 52 0.000000 0.911637 -0.387901 -0.135835
-0.66494602 -0.16799600 -5.05625582 114 138 83 0.000000 -0.515649 0.742996 -0.426687
-0.55527002 -0.15517700 -5.32759619 99 131 93 0.000000 0.109887 -0.993423 0.032189
-0.51467597 -0.12170500 -5.37531185 94 123 83 0.000000 -0.545965 0.821191 0.166033
-0.77248400 -0.28336900 -5.13602018 109 142 101 0.000000 0.323121 -0.766811 0.554612
-0.61794198 -0.19505900 -5.61175489 108 142 104 0.000000 0.792601 -0.570981 0.213925
-0.61295700 -0.17013299 -5.55406904 98 128 88 0.000000 0.785764 -0.617686 -0.032215
-0.52037299 -0.07968600 -5.04984713 106 135 51 0.000000 -0.514754 0.585638 -0.626144
-0.67990100 -0.23138000 -5.28557777 116 146 112 0.000000 0.745462 -0.633875 0.206126
-0.51325202 -0.11387100 -5.23002815 109 139 109 0.000000 0.625664 -0.777427 -0.064428
-0.74969500 -0.31185600 -5.53128004 114 137 110 0.000000 0.870070 -0.476022 0.127994
-0.69913000 -0.25844300 -5.53270292 85 118 63 0.000000 -0.656920 0.610116 -0.442961
-0.55170900 -0.13594800 -5.39311695 76 106 57 0.000000 -0.619586 0.619586 0.481900
-0.64999002 -0.22781900 -5.59893608 97 131 88 0.000000 0.887494 -0.443035 0.126785
-0.77818203 -0.29262701 -5.14883900 129 156 127 0.000000 0.516292 -0.556653 0.650830
-0.50541800 -0.04763800 -5.45578909 64 93 47 0.000000 -0.781030 0.560133 0.276122
-0.67349201 -0.17440601 -5.05055904 70 76 55 0.000000 -0.765765 0.426150 0.481664
-0.82732201 -0.44503400 -5.26777315 87 115 81 0.000000 -0.382977 0.754545 0.532908
-0.65070200 -0.16372301 -5.07121181 125 157 133 0.000000 0.483948 -0.818141 0.310547
-0.60298598 -0.13452400 -5.05055904 79 111 48 0.000000 -0.507180 0.753384 -0.418547
-0.60583502 -0.16942100 -5.58825397 111 137 108 0.000000 0.858899 -0.469172 0.205356
-0.48975000 -0.02484800 -5.45863724 61 62 50 0.000000 0.817082 -0.222283 -0.531946
-0.57521099 -0.16586000 -5.31548882 100 128 96 0.000000 0.656888 -0.743282 -0.126611
-0.77105999 -0.39304501 -5.24498415 102 122 94 0.000000 0.991632 -0.079101 -0.102029
-0.50755399 -0.02342400 -5.50706482 67 75 58 0.000000 0.752913 -0.411724 0.513425
-0.77248400 -0.36242101 -5.19869184 130 161 128 0.000000 0.938157 -0.134410 0.319055
-0.43063900 -0.09464200 -5.29269886 139 179 150 0.000000 0.484482 -0.467946 0.739124
-0.51325202 -0.10532500 -5.13958120 113 149 113 0.000000 -0.749843 -0.648068 0.133206
-0.76892400 -0.36170900 -5.35109901 110 137 105 0.000000 0.825621 -0.563738 -0.023432
-0.73758799 -0.29690099 -5.48213911 75 111 42 0.000000 -0.687186 0.577369 0.440931
-0.52535897 -0.13737300 -5.35180998 80 109 65 0.000000 -0.380795 -0.895384 0.230830
-0.67847699 -0.25345799 -5.58113194 105 135 103 0.000000 0.531371 -0.832034 0.159262
-0.81664002 -0.46853599 -5.33543015 140 156 132 0.000000 0.886318 0.070518 0.457677
-0.61082000 -0.14022100 -5.04984713 88 119 50 0.000000 -0.533188 0.811373 -0.239548
-0.62506402 -0.20574200 -5.63881779 104 136 103 0.000000 0.555716 -0.579363 0.596254
-0.53746599 -0.12526600 -5.18444777 113 152 118 0.000000 0.158000 -0.588363 0.793010
-0.73545098 -0.25773099 -5.13602018 114 142 110 0.000000 0.515801 -0.782539 0.348688
-0.58019602 -0.14520700 -5.61104298 110 142 112 0.000000 0.756699 -0.620524 0.205810
-0.60868299 -0.17867900 -5.40380001 91 113 66 0.000000 -0.618142 0.762325 0.191732
-0.49758399 -0.04194100 -5.44724178 80 101 66 0.000000 -0.382754 0.724441 0.573310
-0.74328500 -0.26912600 -5.15667295 124 156 125 0.000000 0.533729 -0.780558 0.325366
-0.44060901 -0.07683700 -5.40522289 68 79 32 0.000000 0.206293 0.483358 -0.850770
-0.51894897 -0.07541300 -5.60748196 94 117 78 0.000000 0.629668 -0.643030 -0.435924
-0.61723000 -0.14805500 -5.08901596 112 144 114 0.000000 0.419526 -0.591980 0.688156
-0.76749903 -0.34889001 -5.45863724 109 131 99 0.000000 0.875645 -0.481944 0.031225
-0.63574600 -0.19648300 -5.47216797 83 118 61 0.000000 -0.702812 0.687433 0.183008
-0.61794198 -0.18010300 -5.57329798 98 123 84 0.000000 0.830457 -0.544394 0.118220
-0.75396800 -0.28408101 -5.16023397 121 150 115 0.000000 0.799488 -0.520855 0.299214
-0.63432199 -0.16657200 -5.09969902 114 148 114 0.000000 0.734478 -0.623433 0.268092
-0.63004899 -0.19007400 -5.55193281 96 121 82 0.000000 0.691522 -0.682071 0.237858
-0.59301603 -0.15090400 -5.12889814 115 145 115 0.000000 0.389393 -0.920739 0.024744
-0.56025499 -0.11956800 -5.63953018 116 145 119 0.000000 0.733987 -0.672455 -0.095228
-0.53746599 -0.08609600 -5.50849009 90 121 73 0.000000 0.881909 0.047856 0.468984
-0.58304501 -0.15232800 -5.61816502 112 144 112 0.000000 0.824870 -0.483652 0.292696
-0.60583502 -0.16870800 -5.20225286 107 140 108 0.000000 0.410889 -0.910870 0.038562
-0.58874202 -0.14734299 -5.46433401 70 106 47 0.000000 -0.752902 0.649765 0.104611
-0.64144403 -0.20360500 -5.30765486 87 109 62 0.000000 -0.548349 0.835646 -0.031768
-0.60725898 -0.19078600 -5.63240910 115 153 116 0.000000 0.854703 -0.452490 0.254430
-0.53248000 -0.07755000 -5.47572899 66 96 34 0.000000 -0.823027 0.562521 0.078724
-0.57663500 -0.13879700 -5.60463381 112 143 112 0.000000 0.731638 -0.681659 0.006942
-0.53034401 -0.12384100 -5.17162895 76 110 47 0.000000 -0.452318 0.889513 -0.064617
-0.60013700 -0.16158700 -5.45293999 77 112 53 0.000000 -0.745103 0.666523 0.023855
-0.76464999 -0.35031399 -5.39026785 107 131 99 0.000000 0.830457 -0.544394 -0.118220
-0.60440999 -0.16728400 -5.44012022 68 101 45 0.000000 -0.691332 0.714917 0.104658
-0.74969500 -0.32823601 -5.39097977 65 98 29 0.000000 -0.781204 0.607935 0.141901
-0.71479797 -0.27838400 -5.37531185 118 147 116 0.000000 0.805345 -0.592612 -0.015195
-0.72049499 -0.28621799 -5.39454079 107 139 100 0.000000 0.532841 -0.842599 0.078150
-0.56666499 -0.15660100 -5.64736509 129 158 131 0.000000 0.635308 -0.500495 0.588123
-0.48832500 -0.08324700 -5.40237522 95 126 85 0.000000 -0.458464 0.545155 0.701867
-0.77177203 -0.39375699 -5.23287678 103 120 93 0.000000 0.974834 0.157638 0.157638
-0.76464999 -0.34675300 -5.42587709 102 119 90 0.000000 0.864930 -0.500316 -0.039751
-0.76108998 -0.33607000 -5.47644186 113 139 106 0.000000 0.879023 -0.474372 -0.047847
-0.55455798 -0.11244600 -5.45578909 64 96 44 0.000000 -0.784357 0.546673 0.293143
-0.59942502 -0.15304001 -5.54481077 92 114 82 0.000000 0.761183 -0.636057 0.126616
-0.77746999 -0.37524000 -5.46860695 113 135 102 0.000000 0.896178 -0.443456 0.014561
-0.63004899 -0.20645399 -5.63169622 106 137 105 0.000000 0.531080 -0.847295 -0.006757
-0.66209698 -0.19719601 -5.14100599 115 149 112 0.000000 0.722221 -0.660095 0.206571
-0.70696402 -0.26912600 -5.39667702 124 147 119 0.000000 0.736618 -0.673191 -0.064869
-0.59800100 -0.15873800 -5.58326912 104 134 97 0.000000 0.814661 -0.570698 0.103103
-0.60369802 -0.15944999 -5.48285103 76 111 48 0.000000 -0.737854 0.634460 0.230286
-0.75396800 -0.32966101 -5.43086195 105 133 97 0.000000 0.806815 -0.521688 -0.277294
-0.67705297 -0.23494101 -5.39169312 112 137 99 0.000000 0.785194 -0.602730 -0.142083
-0.75183100 -0.26912600 -5.14670277 118 148 116 0.000000 0.657173 -0.751669 -0.055838
-0.75895298 -0.34889001 -5.28842592 116 142 108 0.000000 0.752587 -0.649088 -0.110892
-0.74969500 -0.31968999 -5.26065207 129 158 128 0.000000 0.868776 -0.435141 0.236391
-0.75752902 -0.34817699 -5.27560806 118 143 112 0.000000 0.908224 -0.418483 0.001296
-0.70126700 -0.24562401 -5.22504187 116 149 114 0.000000 0.777683 -0.618912 0.110258
-0.66779399 -0.22781900 -5.40451097 111 133 100 0.000000 0.552890 -0.831446 -0.054867
-0.72263199 -0.28977901 -5.35537100 129 159 132 0.000000 0.799478 -0.594187 0.088188
-0.57592303 -0.13665999 -5.45578909 70 105 43 0.000000 -0.768164 0.600565 0.221914
-0.55740702 -0.10247600 -5.04557419 81 111 43 0.000000 -0.426678 0.861002 -0.276805
-0.59871298 -0.17725500 -5.37317610 81 114 54 0.000000 -0.535476 0.814721 0.222476
-0.46126300 -0.05547200 -5.40664816 96 106 85 0.000000 -0.119722 0.619300 0.775973
-0.68061298 -0.21215101 -5.11394310 121 155 129 0.000000 0.346815 -0.227824 0.909844
-0.56452799 -0.13808499 -5.17590189 97 114 94 0.000000 0.564798 -0.731782 0.381443
-0.70126700 -0.25773099 -5.39026785 116 149 112 0.000000 0.735004 -0.662857 -0.142792
-0.62577599 -0.19221000 -5.28130484 103 94 68 0.000000 -0.585992 0.688914 0.426628
-0.74969500 -0.31755400 -5.46291018 88 121 69 0.000000 -0.883256 0.460525 0.088186
-0.61723000 -0.18010300 -5.25709105 103 134 101 0.000000 0.841663 -0.522563 -0.136130
-0.50185698 -0.07683700 -5.11821604 125 158 123 0.000000 -0.496764 -0.119511 0.859618
-0.59372801 -0.15802599 -5.43655920 77 111 48 0.000000 -0.563424 0.793139 0.231267
-0.62791198 -0.15090400 -5.04414892 92 96 75 0.000000 -0.578895 0.792734 -0.190928
-0.53532898 -0.08324700 -5.47145605 66 96 35 0.000000 -0.792734 0.578895 0.190928
-0.59159100 -0.14235801 -5.54623508 103 125 97 0.000000 0.555211 -0.830730 0.040354
-0.69058400 -0.20431700 -5.07619715 157 169 157 0.000000 0.716808 -0.568503 0.403720
-0.58446902 -0.14235801 -5.46362305 71 106 48 0.000000 -0.728870 0.679207 0.086179
-0.71978301 -0.28265700 -5.33258200 138 158 131 0.000000 0.893566 -0.433373 0.117166
-0.63574600 -0.20218100 -5.40949678 80 107 56 0.000000 -0.703148 0.678203 0.213595
-0.61580497 -0.18864900 -5.60890722 110 143 108 0.000000 0.672554 -0.585773 0.452263
-0.78459102 -0.30615899 -5.15382481 128 159 135 0.000000 0.482837 -0.630885 0.607332
-0.53176802 -0.07683700 -5.48854923 78 111 43 0.000000 -0.856642 0.482511 0.182612
-0.54031402 -0.08609600 -5.03417921 107 129 59 0.000000 -0.579251 0.810373 -0.088115
-0.56452799 -0.15731400 -5.30124617 111 140 112 0.000000 0.619239 -0.772175 0.142440
-0.75610399 -0.27553499 -5.15026379 119 155 117 0.000000 0.395867 -0.657570 0.641007
-0.76536298 -0.34176800 -5.44866705 107 131 100 0.000000 0.886398 -0.442483 -0.136039
-0.74969500 -0.31470501 -5.50706482 116 117 103 0.000000 0.876970 -0.472862 -0.085592
-0.52607101 -0.07327700 -5.46789503 66 93 38 0.000000 -0.696582 0.713960 0.070962
-0.72832900 -0.28265700 -5.24427223 115 147 114 0.000000 0.836498 -0.546028 0.046084
-0.79171300 -0.44788200 -5.43015003 132 135 128 0.000000 0.800619 0.426889 -0.420446
-0.56595302 -0.13025101 -5.63525677 116 143 115 0.000000 0.928213 -0.372047 0.001270
-0.76749903 -0.37025499 -5.26492500 118 142 108 0.000000 0.926547 -0.324783 -0.189808
-0.44203401 -0.10817300 -5.31620216 100 137 100 0.000000 0.143356 -0.922769 0.357695
-0.42921400 -0.07042800 -5.27489519 99 108 101 0.000000 0.595485 -0.793488 0.125599
-0.49829599 -0.05760900 -5.04842186 122 98 99 0.000000 0.039551 0.127692 0.991025
-0.58375698 -0.14520700 -5.59751177 104 131 100 0.000000 0.719425 -0.694569 0.001381
-0.57734799 -0.13879700 -5.59822416 110 140 103 0.000000 0.697754 -0.675703 0.237835
-0.52607101 -0.06971600 -5.48000193 73 103 37 0.000000 -0.817129 0.571848 0.072729
-0.72476798 -0.28408101 -5.30551910 75 109 54 0.000000 -0.822183 0.513672 0.245267
-0.55170900 -0.10033900 -5.48854923 75 105 43 0.000000 -0.689607 0.721280 0.064786
-0.54957300 -0.10461200 -5.07334900 117 141 120 0.000000 0.491641 -0.748150 0.445601
-0.74328500 -0.28906700 -5.20367718 117 153 116 0.000000 0.745368 -0.641292 0.182133
-0.70269102 -0.23280400 -5.14171696 99 130 88 0.000000 0.166583 -0.909800 -0.380151
-0.51752502 -0.06686700 -5.46148586 66 93 42 0.000000 -0.865804 0.444195 0.230379
-0.51538801 -0.11387100 -5.16379499 73 112 42 0.000000 -0.561879 0.821874 -0.093887
-0.56737697 -0.15375300 -5.37531185 94 128 84 0.000000 0.705619 -0.690445 -0.159333
-0.65924799 -0.21784900 -5.49353409 80 108 54 0.000000 -0.641016 0.766093 -0.046904
-0.56524098 -0.11743200 -5.07548523 119 150 121 0.000000 0.395993 -0.877810 0.269516
-0.59372801 -0.14734299 -5.52344513 81 114 61 0.000000 -0.784598 0.576407 -0.228388
-0.79313803 -0.40301499 -5.30623102 106 124 99 0.000000 0.556602 -0.768336 -0.315996
-0.77675802 -0.38948399 -5.27204704 90 108 71 0.000000 0.680796 -0.648144 -0.341214
-0.60725898 -0.13238700 -5.03774023 104 120 73 0.000000 -0.744904 0.664837 -0.055761
-0.57378697 -0.12384100 -5.51632404 91 122 76 0.000000 0.760271 -0.618395 0.198935
-0.56452799 -0.11885600 -5.59181499 99 126 91 0.000000 0.697128 -0.711743 -0.086228
-0.69770598 -0.23066799 -5.16450691 104 140 93 0.000000 0.332285 -0.926753 -0.175256
-0.55028498 -0.10033900 -5.50635290 85 113 59 0.000000 -0.805593 0.473784 -0.355737
-0.68915999 -0.24918500 -5.47715378 99 129 90 0.000000 0.554195 -0.815522 -0.166709
-0.57521099 -0.11244600 -5.05483198 127 151 128 0.000000 0.538456 -0.595846 0.595846
-0.78387898 -0.28977901 -5.13245916 131 152 124 0.000000 0.633688 -0.627000 0.453112
-0.67633998 -0.21143900 -5.17661381 108 146 105 0.000000 0.960937 -0.262306 -0.088289
-0.79242498 -0.35387501 -5.15881014 92 97 89 0.000000 0.482519 -0.796717 0.363893
-0.71479797 -0.25488201 -5.20225286 105 139 93 0.000000 0.651615 -0.753658 0.086007
-0.61224401 -0.17583001 -5.24854422 101 133 100 0.000000 0.860936 -0.458264 -0.220868
-0.76108998 -0.34390399 -5.39382887 99 123 93 0.000000 0.697260 -0.697260 -0.166305
-0.71266103 -0.24419899 -5.08474398 96 96 89 0.000000 -0.166266 -0.681844 0.712351
-0.43633601 -0.07185200 -5.25281811 117 142 118 0.000000 0.835756 -0.545426 -0.063422
-0.70554000 -0.23565300 -5.11251783 124 151 122 0.000000 0.818162 -0.571437 -0.063808
-0.52037299 -0.06401800 -5.47074413 65 94 35 0.000000 -0.783358 0.563578 0.262166
-0.67633998 -0.23351701 -5.31548882 115 145 112 0.000000 0.761667 -0.642247 0.085924
-0.60725898 -0.17226900 -5.43228722 76 109 52 0.000000 -0.540500 0.819078 0.192279
-0.53746599 -0.12455300 -5.15240002 78 108 51 0.000000 -0.482311 0.840599 -0.246514
-0.51253903 -0.11387100 -5.22076893 107 141 111 0.000000 0.592041 -0.805563 -0.023571
-0.70482802 -0.23565300 -5.12248898 114 146 111 0.000000 0.562072 -0.823898 0.072571
-0.79669899 -0.43435100 -5.41092110 120 144 110 0.000000 0.958043 0.078234 0.275742
-0.81023002 -0.47779399 -5.34967422 150 157 149 0.000000 0.864275 0.382246 0.326981
-0.62363899 -0.18722500 -5.44652987 75 110 45 0.000000 -0.755481 0.633874 0.165689
-0.55455798 -0.11387100 -5.44937801 68 101 42 0.000000 -0.721277 0.682610 0.117486
-0.59230298 -0.12455300 -5.04201317 89 114 57 0.000000 -0.469934 0.810835 -0.348866
-0.68061298 -0.24206300 -5.53056717 78 113 55 0.000000 -0.619435 0.770149 -0.152221
-0.58233303 -0.14378200 -5.45293999 70 104 49 0.000000 -0.726299 0.686964 0.023882
-0.81165397 -0.42865399 -5.29982090 114 137 111 0.000000 0.435570 -0.847889 0.302264
-0.50826597 -0.11315900 -5.18943405 84 109 57 0.000000 -0.637004 0.769772 -0.040960
-0.48334000 -0.05618400 -5.53056717 90 121 55 0.000000 -0.032445 0.703908 -0.709550
-0.63004899 -0.20289300 -5.60748196 102 134 99 0.000000 0.665420 -0.715287 0.213495
-0.77675802 -0.37524000 -5.19085789 137 170 136 0.000000 0.824810 0.252240 0.506028
-0.71194899 -0.24419899 -5.17234087 110 145 113 0.000000 0.664837 -0.744904 0.055761
-0.75752902 -0.31470501 -5.20866299 127 154 127 0.000000 0.729219 -0.451421 0.514256
-0.62079000 -0.15446500 -5.08047104 83 116 49 0.000000 -0.597003 0.795517 -0.103636
-0.57022601 -0.10959800 -5.04130077 80 110 45 0.000000 -0.563120 0.809391 -0.166683
-0.59159100 -0.14948000 -5.46931982 73 106 51 0.000000 -0.703652 0.694573 0.149810
-0.49331099 -0.09535400 -5.17803907 116 147 118 0.000000 0.551270 -0.814067 0.182750
-0.79313803 -0.44147301 -5.42017889 122 135 111 0.000000 0.949438 0.205100 0.237699
-0.50185698 -0.06259400 -5.43228722 68 96 56 0.000000 -0.626116 0.672373 0.394833
-0.46268699 -0.10176400 -5.37531185 104 136 97 0.000000 -0.110985 0.658512 0.744341
-0.72476798 -0.25417000 -5.09898710 94 128 78 0.000000 0.491641 -0.748150 -0.445601
-0.61438102 -0.13523600 -5.07975817 128 164 131 0.000000 0.015692 0.254700 0.966893
-0.42992699 -0.08395900 -5.28985119 135 167 136 0.000000 0.819942 -0.442483 0.363185
-0.73758799 -0.30046099 -5.46148586 93 127 76 0.000000 0.799155 -0.601086 -0.006877
-0.55170900 -0.10461200 -5.46575880 70 105 47 0.000000 -0.697260 0.697260 0.166305
-0.80097198 -0.42010701 -5.37175083 123 143 114 0.000000 0.973478 -0.127194 0.190162
-0.56951398 -0.12028000 -5.50564098 82 112 58 0.000000 -0.394801 0.870391 -0.294195
-0.43989700 -0.08752000 -5.40237522 76 95 36 0.000000 -0.032445 -0.703908 -0.709550
-0.53390503 -0.09321800 -5.07406092 124 148 124 0.000000 0.578118 -0.773449 0.259917
-0.79171300 -0.40016600 -5.31121588 113 129 106 0.000000 0.773444 -0.467323 -0.428244
-0.75681698 -0.34461600 -5.29839706 116 145 110 0.000000 0.810740 -0.573236 -0.118752
-0.74898303 -0.31541699 -5.24711990 124 150 117 0.000000 0.891899 -0.442460 0.093517
-0.78957701 -0.32823601 -5.15240002 142 164 141 0.000000 0.838213 -0.087106 0.538341
-0.76607502 -0.36170900 -5.26350021 111 132 101 0.000000 0.828358 -0.559997 0.015061
-0.49900800 -0.06401800 -5.53199100 78 111 47 0.000000 -0.428503 0.658594 -0.618578
-0.75610399 -0.28051999 -5.15382481 122 152 120 0.000000 0.136056 -0.755039 0.641409
-0.80809301 -0.42295599 -5.30765486 102 118 93 0.000000 0.802126 -0.597153 0.001366
-0.43135101 -0.08823200 -5.40664816 139 141 135 0.000000 -0.797967 -0.593734 0.103575
-0.49402300 -0.05048700 -5.43299913 68 97 50 0.000000 -0.679474 0.498281 0.538546
-0.59159100 -0.16586000 -5.39810181 86 110 63 0.000000 -0.629676 0.719401 0.293208
-0.47265700 -0.06971600 -5.13317204 126 141 125 0.000000 0.929543 -0.221454 0.294802
-0.82803398 -0.45144299 -5.31548882 133 152 133 0.000000 0.801573 -0.438536 0.406409
-0.79598600 -0.40799999 -5.36747789 118 142 112 0.000000 0.748971 -0.662175 -0.023799
-0.61651701 -0.17725500 -5.46647120 86 120 61 0.000000 -0.770748 0.625770 0.119828
-0.42351699 -0.07541300 -5.28842592 153 164 153 0.000000 0.582909 -0.397963 0.708408
-0.46909600 -0.08395900 -5.40308714 39 62 12 0.000000 0.432692 -0.717837 -0.545424
-0.49473500 -0.05689600 -5.42801285 69 97 51 0.000000 -0.603769 0.586857 0.539502
-0.58304501 -0.15731400 -5.62599897 115 150 113 0.000000 0.728312 -0.615769 0.300650
-0.56168002 -0.12028000 -5.62884808 111 140 109 0.000000 0.824833 -0.540408 0.166164
-0.52393401 -0.07897400 -5.04628611 99 123 49 0.000000 -0.506723 0.624566 -0.594263
-0.76322597 -0.35743600 -5.24783182 117 140 105 0.000000 0.955175 -0.196929 0.221043
-0.56096703 -0.11529500 -5.61246777 103 128 94 0.000000 0.753067 -0.656264 -0.046978
-0.70340300 -0.26200399 -5.46006203 143 135 102 0.000000 -0.539535 0.754698 -0.373274
-0.69343299 -0.24633600 -5.29625988 112 143 111 0.000000 0.697710 -0.714832 -0.047085
-0.59942502 -0.16728400 -5.42373991 77 110 52 0.000000 -0.733987 0.672455 0.095228
-0.64429200 -0.20787799 -5.56902504 103 130 94 0.000000 0.609623 -0.743326 0.275365
-0.51396400 -0.11529500 -5.17803907 77 108 52 0.000000 -0.593734 0.797967 -0.103575
-0.73260200 -0.25844300 -5.11821604 77 110 60 0.000000 -0.593373 0.799385 0.094301
-0.75752902 -0.34461600 -5.32332277 106 133 98 0.000000 0.782244 -0.610062 -0.126168
-0.52535897 -0.08538400 -5.58611679 92 116 71 0.000000 -0.559932 0.756795 0.337250
-0.56381601 -0.11885600 -5.60392094 102 130 96 0.000000 0.715375 -0.698706 -0.006945
-0.62079000 -0.15019201 -5.06195402 75 111 46 0.000000 -0.517245 0.819871 -0.245498
-0.55170900 -0.13238700 -5.14812803 82 105 57 0.000000 -0.599711 0.791265 -0.119353
-0.54957300 -0.10959800 -5.44724178 72 103 46 0.000000 -0.730563 0.642958 0.229963
-0.53248000 -0.08894400 -5.60107279 95 123 78 0.000000 0.681785 -0.728106 -0.070929
-0.59443998 -0.15660100 -5.45222807 81 117 51 0.000000 -0.689650 0.704874 0.165942
-0.71194899 -0.26912600 -5.33115721 104 142 93 0.000000 0.490073 -0.854296 0.173228
-0.57877201 -0.15375300 -5.40023899 70 96 54 0.000000 -0.592576 0.782445 0.191400
-0.79028898 -0.35529900 -5.16379499 161 167 155 0.000000 0.891752 -0.206465 0.402679
-0.61153197 -0.17298099 -5.57828283 110 136 105 0.000000 0.816191 -0.514589 0.262736
-0.49758399 -0.05760900 -5.52842999 77 114 42 0.000000 -0.278014 0.586212 -0.760963
-0.74257302 -0.32396299 -5.37816095 95 120 89 0.000000 0.841410 -0.531794 -0.096038
-0.63503402 -0.19648300 -5.51845980 91 125 77 0.000000 0.561875 -0.782218 0.269133
-0.50969100 -0.06757900 -5.05340815 141 147 123 0.000000 -0.484299 -0.500942 0.717295
-0.50826597 -0.11102200 -5.22005701 112 144 117 0.000000 0.500875 -0.865392 -0.014851
-0.74328500 -0.32325101 -5.32403517 103 129 97 0.000000 0.863837 -0.500554 0.056850
-0.58660603 -0.15090400 -5.60320997 105 136 99 0.000000 0.785478 -0.577877 0.221545
-0.57449901 -0.16158700 -5.36818981 91 121 77 0.000000 0.468457 -0.796860 -0.381527
-0.71123701 -0.27624699 -5.39454079 120 146 118 0.000000 0.823027 -0.562521 -0.078724
-0.59586400 -0.14948000 -5.51276302 92 124 74 0.000000 -0.079961 -0.995685 0.047101
-0.79385000 -0.45856500 -5.41448212 135 143 126 0.000000 0.992314 0.032370 0.119435
-0.61366898 -0.18936200 -5.61602879 109 142 106 0.000000 0.728060 -0.591244 0.346928
-0.71693498 -0.27482301 -5.53128004 98 127 81 0.000000 0.531715 -0.792017 0.299982
-0.66993099 -0.18010300 -5.07619715 123 155 128 0.000000 0.707280 -0.643128 0.293497
-0.51325202 -0.07327700 -5.04770994 94 96 39 0.000000 -0.182280 0.531774 -0.827037
-0.77034801 -0.40230301 -5.21649599 126 145 123 0.000000 0.602766 0.728813 0.324815
-0.75824100 -0.29832500 -5.18160009 128 157 124 0.000000 0.782539 -0.515801 0.348688
-0.74328500 -0.32538801 -5.33471823 113 135 107 0.000000 0.885075 -0.443255 0.142014
-0.66779399 -0.26770100 -5.61389208 107 138 112 0.000000 0.338713 -0.442690 0.830240
-0.75396800 -0.29903701 -5.19441891 127 156 127 0.000000 0.837939 -0.450958 0.307400
-0.54173899 -0.09179300 -5.04557419 94 125 47 0.000000 -0.533320 0.651088 -0.540050
-0.72619301 -0.29690099 -5.36106920 127 157 131 0.000000 0.867230 -0.496922 0.031313
-0.65497500 -0.21001500 -5.28557777 110 147 103 0.000000 0.620153 -0.781306 0.070505
-0.64429200 -0.18437600 -5.14171696 123 147 122 0.000000 0.625935 -0.759955 0.175140
-0.43562400 -0.08111000 -5.40023899 166 174 166 0.000000 0.695997 0.355368 0.623941
-0.53960198 -0.11671900 -5.11394310 81 111 46 0.000000 -0.482511 0.856642 -0.182612
-0.54814798 -0.11244600 -5.09328985 101 129 87 0.000000 0.094972 -0.118422 -0.988411
-0.62862402 -0.19577099 -5.59110212 109 139 110 0.000000 0.736314 -0.664624 0.126951
-0.56595302 -0.11244600 -5.06907606 112 135 116 0.000000 0.223031 -0.807525 0.546041
-0.57948399 -0.12953900 -5.55763006 103 135 100 0.000000 0.863837 -0.500554 0.056850
-0.50185698 -0.12312900 -5.29625988 111 139 108 0.000000 0.394801 -0.870391 0.294195
-0.52037299 -0.07826200 -5.59822416 82 106 68 0.000000 -0.568972 0.809633 0.144100
-0.63147300 -0.18936200 -5.48570013 82 110 55 0.000000 -0.720508 0.671556 0.172861
-0.69343299 -0.25060901 -5.33044481 101 133 94 0.000000 0.751579 -0.647400 -0.126503
-0.49259800 -0.07826200 -5.41020918 90 122 83 0.000000 -0.268347 0.547680 0.792488
-0.60868299 -0.17796700 -5.60107279 106 139 99 0.000000 0.666054 -0.706994 0.237764
-0.52037299 -0.13381200 -5.35394716 83 116 69 0.000000 -0.492818 0.809742 0.318509
-0.57307500 -0.16229901 -5.35893202 85 117 62 0.000000 -0.522645 0.814210 0.252793
-0.50755399 -0.03125800 -5.48142719 98 109 91 0.000000 0.836498 -0.546028 -0.046084
-0.70554000 -0.26200399 -5.30694294 102 133 86 0.000000 0.626625 -0.692069 -0.358305
-0.79598600 -0.33250901 -5.14385414 105 117 105 0.000000 0.380092 -0.490076 0.784446
-0.74399698 -0.26129201 -5.13958120 111 144 109 0.000000 0.586818 -0.776717 0.228812
-0.57236201 -0.11814400 -5.55549288 100 131 95 0.000000 0.825520 -0.562918 0.040508
-0.52963197 -0.08111000 -5.61033106 99 103 80 0.000000 0.449988 -0.718984 -0.529691
-0.55170900 -0.10105100 -5.61745310 97 123 88 0.000000 0.678203 -0.703148 -0.213595
-0.54886001 -0.10105100 -5.60320997 97 125 85 0.000000 0.764169 -0.629050 -0.142625
-0.60725898 -0.17583001 -5.40736008 77 102 51 0.000000 -0.664650 0.728530 0.165782
-0.62292701 -0.19862001 -5.61033106 109 140 103 0.000000 0.612521 -0.739798 0.278419
-0.65924799 -0.21856099 -5.33186913 105 137 96 0.000000 0.371359 -0.869560 -0.325512
-0.56096703 -0.11244600 -5.52202082 71 104 41 0.000000 -0.657173 0.751669 -0.055838
-0.76037699 -0.33393401 -5.45436382 115 131 101 0.000000 0.694314 -0.694314 -0.189358
-0.70981300 -0.23921400 -5.14314222 103 136 103 0.000000 0.404124 -0.896605 -0.181059
-0.76037699 -0.33963099 -5.40878391 108 131 100 0.000000 0.584339 -0.788782 -0.190711
-0.76821101 -0.34532899 -5.20510101 139 167 140 0.000000 0.895384 -0.230830 0.380795
-0.63645798 -0.20930301 -5.60534620 106 136 104 0.000000 0.725363 -0.622883 0.293027
-0.50755399 -0.08324700 -5.41590595 87 118 79 0.000000 -0.595846 0.538456 0.595846
-0.78886497 -0.39660501 -5.31192780 116 136 111 0.000000 0.762488 -0.539084 -0.357771
-0.76322597 -0.30615899 -5.18302393 130 159 132 0.000000 0.696189 -0.499186 0.515881
-0.70340300 -0.25915501 -5.29483604 104 137 92 0.000000 0.777683 -0.618912 0.110258
-0.70482802 -0.23280400 -5.10895681 124 146 121 0.000000 0.908744 -0.362631 0.206598
-0.55527002 -0.10746100 -5.56546402 91 123 86 0.000000 0.539458 -0.838366 -0.078285
-0.59871298 -0.15660100 -5.47074413 76 111 51 0.000000 -0.679518 0.679518 0.276604
-0.72334403 -0.25559399 -5.09257698 76 113 53 0.000000 -0.649765 0.752902 0.104611
-0.58874202 -0.15660100 -5.17376614 107 136 111 0.000000 0.568972 -0.809633 -0.144100
-0.74826998 -0.28479299 -5.17946291 119 154 118 0.000000 0.680257 -0.699022 0.220497
-0.59657598 -0.15731400 -5.46433401 84 122 53 0.000000 -0.750034 0.607922 0.260538
-0.62933701 -0.19292200 -5.44652987 69 103 46 0.000000 -0.682292 0.723554 0.104628
-0.65283900 -0.23066799 -5.60107279 103 135 96 0.000000 0.809250 -0.587425 -0.006846
-0.62363899 -0.18366399 -5.53484011 98 129 94 0.000000 0.760442 -0.649226 -0.015292
-0.57165003 -0.12455300 -5.53697681 73 108 40 0.000000 -0.686171 0.695507 -0.213164
-0.73260200 -0.29476401 -5.29982090 132 155 130 0.000000 0.832144 -0.508448 0.221396
-0.56168002 -0.11102200 -5.48854923 76 105 52 0.000000 -0.760970 0.627307 0.165560
-0.64500499 -0.22283401 -5.62314987 112 139 112 0.000000 0.809391 -0.563120 0.166683
-0.81806397 -0.45001900 -5.25709105 61 76 45 0.000000 0.261376 -0.742942 -0.616214
-0.44060901 -0.06971600 -5.40095091 84 91 80 0.000000 0.610551 0.307692 0.729762
-0.52464598 -0.06971600 -5.47216797 64 91 35 0.000000 -0.747752 0.531771 0.397601
-0.59800100 -0.15588900 -5.47572899 73 111 48 0.000000 -0.755481 0.633874 0.165689
-0.80951798 -0.46639901 -5.35822010 135 149 127 0.000000 0.987397 0.157575 0.014737
-0.52179801 -0.08467100 -5.43442297 64 97 53 0.000000 -0.643501 0.653427 0.398673
-0.70767599 -0.26485199 -5.48000193 97 114 63 0.000000 -0.636057 0.761183 0.126616
-0.66565800 -0.24704801 -5.60249710 112 145 112 0.000000 0.898220 -0.428980 0.095792
-0.57877201 -0.16728400 -5.35252190 87 120 66 0.000000 -0.564072 0.819282 -0.102954
-0.61010802 -0.16657200 -5.51062584 85 116 61 0.000000 -0.879960 0.475046 0.001323
-0.76963598 -0.35316300 -5.44510603 120 135 109 0.000000 0.917923 -0.394905 -0.038302
-0.56808901 -0.10390000 -5.03204298 100 116 60 0.000000 -0.603545 0.794739 -0.064207
-0.76892400 -0.35957199 -5.36035681 99 124 91 0.000000 0.843823 -0.512796 -0.158124
-0.57592303 -0.13737300 -5.44795418 71 107 47 0.000000 -0.772175 0.619239 0.142440
-0.58731800 -0.13950901 -5.56546402 107 132 102 0.000000 0.691244 -0.588469 0.419388
-0.78245503 -0.38093799 -5.34753799 111 129 99 0.000000 0.847692 -0.529978 0.023281
-0.49331099 -0.07256400 -5.56688786 83 114 72 0.000000 0.102649 -0.987554 0.119167
-0.74470901 -0.32040200 -5.29483604 112 132 104 0.000000 0.945564 -0.308999 0.102116
-0.79883498 -0.33464599 -5.14100599 101 129 107 0.000000 0.452510 -0.786622 0.420072
-0.79883498 -0.42295599 -5.39026785 120 143 111 0.000000 0.904904 -0.388636 0.173524
-0.60227400 -0.16514800 -5.45436382 74 109 44 0.000000 -0.766973 0.641240 0.023750
-0.60227400 -0.17939100 -5.36818981 89 121 67 0.000000 -0.595257 0.753992 0.277787
-0.52749503 -0.06971600 -5.48641205 78 106 40 0.000000 -0.822591 0.491682 0.285644
-0.78744000 -0.34319201 -5.16023397 147 150 132 0.000000 0.714259 -0.474508 0.514467
-0.79812300 -0.41725901 -5.28344107 105 124 97 0.000000 0.792488 -0.547680 -0.268347
-0.67064297 -0.22853100 -5.31691408 87 119 68 0.000000 -0.888302 0.332174 -0.317143
-0.72548097 -0.28194499 -5.52629423 107 132 103 0.000000 0.737682 -0.667006 -0.104542
-0.57378697 -0.13309900 -5.45721292 70 105 48 0.000000 -0.775198 0.584908 0.238643
-0.58802998 -0.11671900 -5.03133011 105 118 72 0.000000 -0.676100 0.724071 -0.136419
-0.81094199 -0.46924800 -5.35180998 133 145 129 0.000000 0.262413 -0.363227 0.893983
-0.69699401 -0.23351701 -5.18872213 105 136 98 0.000000 0.830521 -0.552261 -0.072404
-0.64714098 -0.20716600 -5.55976582 112 135 107 0.000000 0.814215 -0.546361 0.196325
-0.63717097 -0.21143900 -5.62101412 108 134 104 0.000000 0.743007 -0.664489 -0.079971
-0.55598199 -0.14022100 -5.17020512 77 106 60 0.000000 -0.506091 0.796654 -0.330476
-0.51966101 -0.07470100 -5.44652987 68 100 46 0.000000 -0.793346 0.533648 0.292952
-0.71479797 -0.26129201 -5.23572493 118 152 118 0.000000 0.736423 -0.657467 0.159432
-0.72120798 -0.27624699 -5.27204704 112 148 110 0.000000 0.688639 -0.720669 0.080074
-0.71907097 -0.28336900 -5.37317610 118 150 121 0.000000 0.814029 -0.561040 0.150305
-0.57236201 -0.13309900 -5.60320997 108 137 103 0.000000 0.856563 -0.514490 0.040001
-0.52179801 -0.12099200 -5.18444777 77 113 45 0.000000 -0.539129 0.841263 0.040192
-0.71123701 -0.27411100 -5.38243389 119 147 117 0.000000 0.633977 -0.753134 -0.175680
-0.73473901 -0.28835401 -5.24284697 116 147 112 0.000000 0.537405 -0.823419 0.182146
-0.56452799 -0.12028000 -5.62314987 108 137 106 0.000000 0.908864 -0.388705 0.151242
-0.52891898 -0.12455300 -5.18302393 81 115 48 0.000000 -0.583308 0.811620 -0.032019
-0.76821101 -0.36598200 -5.22575521 131 158 121 0.000000 0.975695 0.047153 0.214000
-0.59159100 -0.15019201 -5.58184385 109 136 105 0.000000 0.645066 -0.715147 0.269175
-0.62079000 -0.17867900 -5.55050802 85 119 58 0.000000 -0.858004 0.501580 0.110664
-0.63147300 -0.20075600 -5.40023899 94 127 80 0.000000 0.707312 -0.692231 -0.143272
-0.62577599 -0.19292200 -5.29341221 99 102 72 0.000000 -0.497141 0.601625 -0.625218
-0.62933701 -0.15161601 -5.05340815 93 116 61 0.000000 -0.474463 0.873412 -0.109711
-0.63289797 -0.19648300 -5.57116079 99 127 88 0.000000 0.648221 -0.737525 0.189385
-0.76963598 -0.37737700 -5.26065207 119 141 112 0.000000 0.900241 -0.251950 -0.355087
-0.56310397 -0.11529500 -5.59537506 99 130 90 0.000000 0.724071 -0.676100 0.136419
-0.51396400 -0.11529500 -5.38243389 83 116 69 0.000000 -0.119546 0.609538 0.783691
-0.61509299 -0.17796700 -5.43869591 84 118 57 0.000000 -0.703767 0.697765 0.133551
-0.56096703 -0.11529500 -5.46504688 68 101 45 0.000000 -0.715705 0.669331 0.199408
-0.77319700 -0.39803001 -5.22219419 116 133 106 0.000000 0.980693 0.182146 -0.071170
-0.54957300 -0.10247600 -5.58113194 98 126 92 0.000000 0.807688 -0.587024 -0.055166
-0.52535897 -0.12597799 -5.19797993 70 104 52 0.000000 -0.579309 0.786315 -0.214731
-0.79598600 -0.44289699 -5.25068092 114 122 90 0.000000 0.679474 -0.498281 -0.538546
-0.54458702 -0.09749100 -5.58113194 99 127 92 0.000000 0.601086 -0.799155 -0.006877
-0.59159100 -0.15802599 -5.60249710 112 144 107 0.000000 0.802119 -0.451694 0.390611
-0.58233303 -0.14663100 -5.44083309 77 110 58 0.000000 -0.634859 0.771205 -0.046869
-0.69343299 -0.24776000 -5.30124617 114 146 114 0.000000 0.671452 -0.711770 0.206243
-0.55740702 -0.11671900 -5.44866705 66 100 43 0.000000 -0.779890 0.624758 0.038078
-0.54743600 -0.10105100 -5.52914286 95 124 83 0.000000 0.826406 -0.556207 -0.087671
-0.67491603 -0.23636501 -5.51347494 83 118 61 0.000000 -0.569902 0.813099 -0.118668
-0.62079000 -0.18295200 -5.46219778 80 116 53 0.000000 -0.699762 0.690535 0.183015
-0.52820700 -0.07470100 -5.47216797 68 94 37 0.000000 -0.770129 0.611529 0.181476
-0.72120798 -0.28692999 -5.36747789 122 151 127 0.000000 0.878819 -0.475516 -0.039513
-0.78459102 -0.38307399 -5.33400583 110 128 97 0.000000 0.870868 -0.491293 -0.014806
-0.54530001 -0.09606600 -5.06052923 125 148 124 0.000000 0.686964 -0.726299 0.023882
-0.64571702 -0.21001500 -5.45009089 86 118 70 0.000000 -0.675737 0.649558 0.348503
-0.77105999 -0.27553499 -5.15738583 138 164 125 0.000000 -0.380489 -0.650620 0.657208
-0.65639901 -0.16372301 -5.04984713 81 92 67 0.000000 -0.560008 0.828486 0.001356
-0.54173899 -0.09250500 -5.46718407 66 98 43 0.000000 -0.713510 0.696072 0.079925
-0.53604102 -0.11956800 -5.13744497 79 112 49 0.000000 -0.458536 0.864797 -0.204624
-0.61794198 -0.17654200 -5.47501707 84 118 67 0.000000 -0.134356 -0.278023 0.951132
-0.53461701 -0.08039800 -5.49923086 93 118 81 0.000000 0.837351 -0.523159 -0.158578
-0.56880099 -0.13523600 -5.63597012 114 144 110 0.000000 0.886398 -0.442483 0.136039
-0.74257302 -0.30402201 -5.50421715 102 132 99 0.000000 0.854781 -0.513995 -0.071819
-0.52678299 -0.11458300 -5.13958120 71 107 39 0.000000 -0.445040 0.791363 -0.419147
-0.60369802 -0.17298099 -5.40736008 76 102 56 0.000000 -0.608974 0.766228 0.205047
-0.52678299 -0.12455300 -5.19085789 73 106 47 0.000000 -0.588241 0.779690 -0.214608
-0.58802998 -0.14520700 -5.58326912 111 136 104 0.000000 0.578220 -0.800496 0.157696
-0.50969100 -0.12882601 -5.29768515 112 143 117 0.000000 0.427989 -0.759230 0.490302
-0.53461701 -0.08680800 -5.52344513 100 126 95 0.000000 0.854009 -0.435468 0.284670
-0.59657598 -0.16158700 -5.43157387 76 111 47 0.000000 -0.697515 0.688236 0.199511
-0.67064297 -0.22853100 -5.48498821 97 122 74 0.000000 -0.749054 0.646979 0.142606
-0.60440999 -0.16301100 -5.46931982 80 114 53 0.000000 -0.710725 0.656906 0.251682
-0.42707801 -0.06615500 -5.25210524 113 118 112 0.000000 -0.553602 -0.773767 -0.307911
-0.76322597 -0.33963099 -5.50991392 117 142 114 0.000000 0.902494 -0.418568 0.101513
-0.65924799 -0.22497100 -5.43228722 91 114 62 0.000000 -0.734474 0.673146 0.086151
-0.72263199 -0.28764200 -5.33614302 119 149 115 0.000000 0.657262 -0.752966 0.032371
-0.63076103 -0.19505900 -5.57400990 88 120 68 0.000000 -0.078190 -0.936955 0.340590
-0.43419999 -0.07185200 -5.24640799 127 144 126 0.000000 0.562055 -0.753186 -0.341768
-0.48903701 -0.06259400 -5.53341579 86 121 55 0.000000 -0.126824 0.652025 -0.747516
-0.54886001 -0.10247600 -5.59181499 100 132 92 0.000000 0.768270 -0.635161 -0.079576
-0.75610399 -0.33250901 -5.42943811 109 135 104 0.000000 0.792146 -0.554658 -0.254674
-0.83658099 -0.45001900 -5.29768515 125 129 118 0.000000 0.735696 -0.419692 0.531610
-0.53889000 -0.08965700 -5.46647120 67 98 41 0.000000 -0.712229 0.694534 0.101747
-0.54672402 -0.09393000 -5.49068499 83 114 56 0.000000 -0.828410 0.559212 -0.031915
-0.66494602 -0.21215101 -5.21436024 81 115 58 0.000000 -0.547250 0.821621 -0.159552
-0.64785302 -0.20574200 -5.26919699 95 132 84 0.000000 0.722800 -0.500144 -0.476882
-0.72904199 -0.25630599 -5.14242983 113 145 110 0.000000 0.728530 -0.664650 -0.165782
-0.70055401 -0.25417000 -5.28842592 82 117 57 0.000000 -0.712674 0.688668 -0.133533
-0.79313803 -0.41227299 -5.40736008 117 135 105 0.000000 0.938529 -0.310111 0.151640
-0.77960598 -0.37595201 -5.42089176 115 140 107 0.000000 0.927177 -0.373211 -0.032510
-0.64001900 -0.20218100 -5.52771902 86 121 64 0.000000 -0.696556 0.674443 -0.244821
-0.66993099 -0.21998499 -5.25566578 111 143 109 0.000000 0.695215 -0.695215 0.182628
-0.60583502 -0.16942100 -5.43727207 76 110 50 0.000000 -0.634102 0.760023 0.142411
-0.61723000 -0.17440601 -5.54908419 100 131 92 0.000000 0.713960 -0.696582 -0.070962
-0.74470901 -0.26770100 -5.11750412 77 114 54 0.000000 -0.547809 0.816432 0.182603
-0.52037299 -0.07185200 -5.46362305 72 104 41 0.000000 -0.571808 0.819076 0.046363
-0.59087902 -0.15232800 -5.58754110 105 134 100 0.000000 0.743247 -0.641685 0.189274
-0.46126300 -0.07897400 -5.19869184 116 147 118 0.000000 0.538910 -0.816762 0.206099
-0.81165397 -0.46497500 -5.37246323 136 147 128 0.000000 0.966005 0.165118 -0.198922
-0.82803398 -0.44218501 -5.27560806 87 110 65 0.000000 0.157883 -0.851389 -0.500210
-0.57734799 -0.12811400 -5.50706482 96 125 84 0.000000 0.689258 -0.721048 -0.070804
-0.51467597 -0.06045700 -5.05412006 121 130 98 0.000000 -0.054651 -0.836582 0.545109
-0.67847699 -0.20289300 -5.10397196 118 152 119 0.000000 0.775716 -0.570333 0.270158
-0.64999002 -0.21286300 -5.51205015 82 117 59 0.000000 -0.672258 0.726400 -0.142874
-0.69485700 -0.22141001 -5.11607885 126 155 128 0.000000 0.659992 -0.747024 0.079779
-0.60654700 -0.18508901 -5.34183979 90 124 73 0.000000 -0.835162 0.437167 0.333751
-0.64856499 -0.20004401 -5.20296478 87 121 69 0.000000 -0.364410 0.842992 -0.395690
-0.61153197 -0.16799600 -5.50777817 79 112 48 0.000000 -0.783587 0.616191 -0.079369
-0.69200802 -0.21784900 -5.08688021 132 158 135 0.000000 0.854221 -0.379826 0.355021
-0.82945901 -0.44859499 -5.31050396 131 148 128 0.000000 0.782789 -0.601798 0.158368
-0.76037699 -0.34176800 -5.40451097 101 124 96 0.000000 0.776308 -0.545817 -0.315325
-0.63289797 -0.19505900 -5.25637817 101 134 93 0.000000 0.631806 -0.751711 0.189081
-0.78103101 -0.38307399 -5.44225693 110 135 103 0.000000 0.952105 -0.293055 0.087265
-0.74755800 -0.33108500 -5.33329296 109 135 107 0.000000 0.759466 -0.617163 0.205721
-0.56096703 -0.11173400 -5.51561117 84 119 47 0.000000 -0.837971 0.496066 0.227427
-0.82518601 -0.44574600 -5.31477690 129 147 123 0.000000 0.830793 -0.420914 0.364162
-0.65141398 -0.22497100 -5.59395123 99 135 93 0.000000 0.835022 -0.460432 0.301232
-0.46126300 -0.11387100 -5.35109901 97 132 96 0.000000 -0.046769 0.783734 0.619334
-0.77034801 -0.35672399 -5.42160416 108 129 100 0.000000 0.830521 -0.552261 -0.072404
-0.77034801 -0.36669400 -5.21934509 117 134 106 0.000000 0.858963 -0.221134 -0.461824
-0.68417400 -0.24419899 -5.54623508 102 121 77 0.000000 -0.667469 0.730751 0.143137
-0.68132597 -0.24419899 -5.45365191 104 134 88 0.000000 0.671483 -0.725806 0.149386
-0.58019602 -0.11814400 -5.05696821 123 150 125 0.000000 0.509056 -0.706002 0.492365
-0.77034801 -0.27553499 -5.10824490 92 114 73 0.000000 -0.064138 0.997816 -0.015772
-0.82304901 -0.45571601 -5.32902098 132 155 129 0.000000 0.648328 -0.070753 0.758067
-0.60298598 -0.19505900 -5.63810587 99 126 98 0.000000 0.262223 -0.165402 0.950727
-0.47764301 -0.06757900 -5.40878391 70 88 63 0.000000 -0.404484 0.525665 0.748377
-0.71551001 -0.24776000 -5.17518997 116 149 117 0.000000 0.714276 -0.664261 0.220378
-0.80951798 -0.42580500 -5.30765486 110 129 101 0.000000 0.795517 -0.597003 -0.103636
-0.70126700 -0.28479299 -5.61104298 104 128 105 0.000000 0.072734 -0.896137 -0.437776
-0.43277499 -0.11743200 -5.32688379 107 132 102 0.000000 0.514589 0.816191 0.262736
-0.76749903 -0.35102600 -5.39667702 108 127 95 0.000000 0.792878 -0.609379 0.001369
-0.60013700 -0.16514800 -5.43157387 77 111 54 0.000000 -0.637004 0.769772 0.040960
-0.74542201 -0.26485199 -5.14527798 119 150 119 0.000000 0.630030 -0.616589 0.472102
-0.46980900 -0.10888500 -5.29697323 110 144 110 0.000000 0.619867 -0.676068 0.398368
-0.66779399 -0.24348700 -5.58255577 102 135 101 0.000000 0.623941 -0.695997 0.355368
-0.62221497 -0.17867900 -5.49566984 85 114 64 0.000000 -0.284356 0.949190 -0.134836
-0.51182699 -0.06829100 -5.61460400 78 93 72 0.000000 0.085828 -0.769543 0.632800
-0.52108502 -0.08538400 -5.57757092 93 121 56 0.000000 -0.508448 0.832144 0.221396
-0.79171300 -0.40657601 -5.41020918 114 134 102 0.000000 0.988199 -0.125430 0.087918
-0.74969500 -0.33393401 -5.36747789 106 134 103 0.000000 0.799155 -0.601086 0.006877
-0.79598600 -0.42794099 -5.41305780 119 143 111 0.000000 0.971192 -0.197293 0.133650
-0.62862402 -0.18508901 -5.49424601 75 104 46 0.000000 -0.774720 0.626462 -0.085757
-0.64856499 -0.21215101 -5.56688786 103 128 94 0.000000 0.570698 -0.814661 0.103103
-0.78174299 -0.39660501 -5.29341221 124 141 117 0.000000 0.769041 -0.601926 -0.215084
-0.44345799 -0.10674900 -5.31192780 104 142 102 0.000000 0.056850 -0.863837 0.500554
-0.79028898 -0.38877201 -5.30409384 67 99 27 0.000000 -0.854755 0.507107 0.110615
-0.65355098 -0.16158700 -5.05269623 103 123 78 0.000000 -0.293296 0.842645 -0.451583
-0.68631101 -0.21357600 -5.10326004 130 159 134 0.000000 0.813131 -0.466237 0.348485
-0.77390897 -0.40087900 -5.24213505 103 121 95 0.000000 0.997743 -0.062558 -0.024387
-0.55883098 -0.11173400 -5.53555202 75 111 42 0.000000 -0.736314 0.664624 -0.126951
-0.78744000 -0.40301499 -5.29554796 102 118 92 0.000000 0.831745 -0.554953 -0.015073
-0.73545098 -0.26770100 -5.17875099 119 150 118 0.000000 0.602501 -0.713531 0.357582
-0.64714098 -0.20431700 -5.49068499 91 118 71 0.000000 -0.702819 0.711203 -0.015370
-0.80310798 -0.44289699 -5.25993919 69 89 50 0.000000 0.206433 -0.731054 -0.650343
-0.79741102 -0.36313301 -5.16308308 100 128 102 0.000000 0.745885 -0.577616 0.331684
-0.74470901 -0.32823601 -5.37816095 105 131 102 0.000000 0.761264 -0.641449 -0.094975
-0.58446902 -0.11315900 -5.02919292 108 114 88 0.000000 -0.508544 0.768502 -0.388313
-0.59942502 -0.15304001 -5.51988506 80 115 50 0.000000 -0.688668 0.712674 -0.133533
-0.83871698 -0.44503400 -5.26777315 93 106 89 0.000000 0.348866 0.810835 0.469934
-0.50185698 -0.07398900 -5.57543421 85 115 72 0.000000 0.317755 -0.942630 -0.102373
-0.67776501 -0.18081500 -5.05483198 58 63 49 0.000000 -0.711165 0.664068 -0.230775
-0.63717097 -0.20075600 -5.43584824 93 124 79 0.000000 0.588258 -0.777618 -0.221955
-0.55384600 -0.13737300 -5.39454079 76 107 57 0.000000 -0.556125 0.656933 0.509081
-0.65426302 -0.23351701 -5.60320997 108 137 104 0.000000 0.763515 -0.644083 -0.046920
-0.76251400 -0.35173801 -5.32830906 111 144 106 0.000000 0.777384 -0.627288 0.046728
-0.56310397 -0.11529500 -5.51988506 79 113 43 0.000000 -0.669264 0.740920 -0.055891
-0.62933701 -0.18864900 -5.54979610 100 128 91 0.000000 0.639269 -0.758480 0.126662
-0.81094199 -0.47494501 -5.35038614 137 148 134 0.000000 0.912815 0.245256 0.326524
-0.45627701 -0.06757900 -5.16949320 128 147 129 0.000000 0.545965 -0.821191 0.166033
-0.42422900 -0.10247600 -5.38385820 110 116 113 0.000000 0.410463 0.649761 0.639790
-0.53105599 -0.07541300 -5.48641205 75 108 42 0.000000 -0.846863 0.521921 0.102084
-0.60369802 -0.16586000 -5.18302393 100 134 101 0.000000 0.339747 -0.931917 0.126894
-0.52607101 -0.07185200 -5.51988506 98 124 95 0.000000 0.411336 -0.824259 0.389101
-0.57877201 -0.16799600 -5.34255219 90 125 77 0.000000 0.468561 -0.531925 -0.705342
-0.51966101 -0.07755000 -5.04842186 99 119 49 0.000000 -0.509403 0.563202 -0.650624
-0.66779399 -0.24776000 -5.59893608 110 142 111 0.000000 0.834271 -0.500563 0.231147
-0.54743600 -0.09535400 -5.05910492 127 156 131 0.000000 0.635166 -0.696896 0.333016
-0.74684602 -0.26271600 -5.13602018 111 143 108 0.000000 0.622911 -0.775341 0.104063
-0.61295700 -0.18864900 -5.35964394 85 118 66 0.000000 -0.795894 0.603636 -0.046651
-0.76607502 -0.34532899 -5.47715378 114 142 110 0.000000 0.889993 -0.452516 -0.056052
-0.61010802 -0.16799600 -5.51276302 105 136 104 0.000000 0.777316 -0.627778 -0.040911
-0.73830003 -0.27838400 -5.19370699 112 148 101 0.000000 0.538456 -0.595846 0.595846
-0.48618901 -0.04478900 -5.42801285 75 105 56 0.000000 -0.577390 0.496589 0.648090
-0.55740702 -0.12882601 -5.17234087 125 140 123 0.000000 -0.157696 -0.578220 0.800496
-0.71479797 -0.27838400 -5.35537100 114 140 109 0.000000 0.887950 -0.459377 0.022768
-0.46482301 -0.09321800 -5.39810181 49 73 20 0.000000 -0.102601 0.007560 -0.994694
-0.66779399 -0.17155699 -5.05839300 87 106 63 0.000000 -0.531052 0.678474 -0.507599
-0.69485700 -0.27197400 -5.58326912 110 142 108 0.000000 0.721807 -0.556634 0.411282
-0.44060901 -0.07683700 -5.39810181 163 185 161 0.000000 0.363380 0.388334 0.846848
-0.79028898 -0.29191500 -5.12320089 92 108 76 0.000000 0.157970 0.924054 -0.348093
-0.74399698 -0.32609999 -5.33258200 116 143 114 0.000000 0.882062 -0.446083 0.151582
-0.54387498 -0.09108100 -5.49210882 75 106 41 0.000000 -0.752966 0.657262 0.032371
-0.68488699 -0.24348700 -5.36676598 87 122 65 0.000000 -0.533188 0.811373 -0.239548
-0.74898303 -0.30900800 -5.23857403 126 151 121 0.000000 0.869472 -0.490720 -0.056675
-0.72904199 -0.28051999 -5.23643684 113 149 110 0.000000 0.813041 -0.544570 0.205930
-0.43277499 -0.11031000 -5.34967422 104 136 95 0.000000 -0.039848 0.974465 0.220975
-0.81592703 -0.46497500 -5.33685398 131 151 119 0.000000 0.920240 0.215436 0.326721
-0.49259800 -0.06544300 -5.53697681 87 116 58 0.000000 0.269438 0.664827 -0.696713
-0.43562400 -0.10674900 -5.31406498 111 150 111 0.000000 0.070975 -0.922679 0.378981
-0.73545098 -0.29761299 -5.26350021 125 150 121 0.000000 0.554953 -0.831745 -0.015073
-0.48262799 -0.05048700 -5.42160416 79 112 60 0.000000 -0.571092 0.467257 0.674926
-0.47123301 -0.09749100 -5.38314581 103 135 99 0.000000 -0.238469 0.823101 0.515400
-0.65853602 -0.22141001 -5.51062584 95 127 83 0.000000 0.726984 -0.679987 0.095462
-0.61651701 -0.15446500 -5.08759212 74 106 46 0.000000 -0.372418 0.810368 -0.452336
-0.66067201 -0.24633600 -5.61674118 110 141 106 0.000000 0.800826 -0.530213 0.278480
-0.78601599 -0.39162001 -5.31762600 110 128 101 0.000000 0.808045 -0.584938 -0.070078
-0.59728903 -0.15944999 -5.59110212 107 137 105 0.000000 0.754618 -0.636662 0.158787
-0.71835899 -0.27055001 -5.25139284 92 129 66 0.000000 -0.148713 0.940027 -0.306975
-0.76749903 -0.27339900 -5.10112286 99 116 77 0.000000 -0.316978 0.945716 -0.071744
-0.63432199 -0.20574200 -5.60249710 107 134 107 0.000000 0.789882 -0.607267 0.085510
-0.82162499 -0.44574600 -5.26207590 125 133 94 0.000000 -0.206482 -0.978136 -0.024778
-0.75325602 -0.33037299 -5.25851488 126 151 121 0.000000 0.940615 -0.308109 0.142517
-0.78601599 -0.29405200 -5.13673306 128 149 126 0.000000 0.711924 -0.658254 0.244675
-0.42280501 -0.11671900 -5.33329296 139 159 134 0.000000 0.093784 0.986514 0.134147
-0.47764301 -0.10888500 -5.26848602 88 123 65 0.000000 -0.236892 0.729501 -0.641647
-0.75111902 -0.26912600 -5.14456701 120 150 119 0.000000 0.498342 -0.861032 -0.101382
-0.63788301 -0.19719601 -5.24284697 97 131 88 0.000000 0.759330 -0.545617 0.354570
-0.66423303 -0.20360500 -5.15952301 113 148 112 0.000000 0.602730 -0.785194 0.142083
-0.57093799 -0.12312900 -5.52914286 66 103 34 0.000000 -0.730340 0.682310 -0.032491
-0.49259800 -0.07256400 -5.56047916 89 121 82 0.000000 0.055353 -0.905894 0.419871
-0.49046201 -0.07470100 -5.09898710 127 153 125 0.000000 0.761489 -0.530932 0.371814
-0.53390503 -0.12597799 -5.17518997 75 110 47 0.000000 -0.475377 0.863920 -0.166308
-0.48120400 -0.09464200 -5.23786211 108 141 106 0.000000 0.531371 -0.832034 0.159262
-0.77248400 -0.39589301 -5.22717905 103 119 92 0.000000 0.984401 0.174261 0.024235
-0.53675300 -0.09179300 -5.60605812 98 126 86 0.000000 0.501117 -0.865072 -0.023087
-0.76108998 -0.34889001 -5.24783182 115 142 109 0.000000 0.965822 -0.183285 0.183285
-0.70696402 -0.24277499 -5.19513083 93 124 82 0.000000 0.616191 -0.079369 0.783587
-0.59016699 -0.12028000 -5.03774023 85 101 62 0.000000 -0.577386 0.759718 -0.299089
-0.70197898 -0.26271600 -5.46575880 136 131 111 0.000000 0.598995 -0.789247 0.135257
-0.65568697 -0.21001500 -5.26990986 99 130 89 0.000000 0.717295 -0.484299 -0.500942
-0.59586400 -0.15375300 -5.46931982 78 114 51 0.000000 -0.720974 0.641746 0.261452
-0.64571702 -0.21072701 -5.43086195 80 115 51 0.000000 -0.721603 0.690042 -0.055949
-0.74257302 -0.32182699 -5.32545996 114 137 107 0.000000 0.872713 -0.484224 0.062436
-0.75254297 -0.27055001 -5.11038208 79 114 57 0.000000 -0.260025 0.963474 -0.064064
-0.49544701 -0.09535400 -5.40664816 54 79 27 0.000000 0.286388 -0.619173 -0.731168
-0.69841802 -0.22497100 -5.10112286 104 133 90 0.000000 0.752966 0.032371 0.657262
-0.56951398 -0.12028000 -5.50777817 81 113 57 0.000000 -0.570981 0.792601 -0.213925
-0.53034401 -0.07470100 -5.47929001 71 101 37 0.000000 -0.850796 0.523246 0.048577
-0.75396800 -0.33322200 -5.40736008 105 134 103 0.000000 0.792807 -0.592739 -0.141839
-0.53390503 -0.08752000 -5.06408978 123 154 124 0.000000 0.587617 -0.405539 0.700175
-0.52963197 -0.08039800 -5.46077299 66 96 41 0.000000 -0.744217 0.575593 0.338870
-0.75325602 -0.34248000 -5.54125023 110 136 107 0.000000 0.844128 0.015001 0.535932
-0.60939598 -0.20146900 -5.63454485 112 147 111 0.000000 0.459898 -0.680649 0.570273
-0.75467998 -0.33393401 -5.41163301 103 130 95 0.000000 0.773429 -0.633061 -0.032285
-0.71479797 -0.27339900 -5.51205015 94 122 71 0.000000 -0.562918 0.825520 0.040508
-0.72832900 -0.28479299 -5.47216797 92 124 76 0.000000 0.268426 -0.830102 -0.488752
-0.57449901 -0.12669000 -5.52415800 81 115 55 0.000000 -0.871417 0.410703 -0.268245
-0.65782398 -0.22212200 -5.43798399 86 115 58 0.000000 -0.640577 0.767863 -0.006918
-0.63289797 -0.18722500 -5.19940376 109 144 108 0.000000 0.737654 -0.595612 0.317982
-0.56666499 -0.15873800 -5.65092516 137 162 140 0.000000 0.451484 -0.568104 0.688055
-0.62007803 -0.18010300 -5.54908419 95 128 81 0.000000 0.844128 -0.535932 -0.015001
-0.56096703 -0.11458300 -5.53484011 80 114 46 0.000000 -0.727704 0.681224 -0.079888
-0.81094199 -0.46070200 -5.36961508 128 145 121 0.000000 0.942785 0.142026 -0.301637
-0.62720001 -0.18793701 -5.24640799 110 140 108 0.000000 0.682071 -0.730283 0.038287
-0.60013700 -0.15802599 -5.47145605 77 111 56 0.000000 -0.569435 0.789761 0.228084
-0.58802998 -0.14663100 -5.57685900 105 119 99 0.000000 0.787196 -0.610330 -0.088433
-0.72832900 -0.27339900 -5.22076893 121 156 120 0.000000 0.864930 -0.500316 -0.039751
-0.63147300 -0.19933200 -5.59466314 107 136 104 0.000000 0.801582 -0.572127 0.173601
-0.78744000 -0.39019600 -5.36106920 118 139 111 0.000000 0.827644 -0.515556 0.221827
-0.51894897 -0.07327700 -5.44795418 69 101 44 0.000000 -0.803053 0.580395 0.135079
-0.79242498 -0.36669400 -5.17305279 123 140 123 0.000000 0.300987 -0.808409 0.505847
-0.71479797 -0.27482301 -5.34112692 120 148 117 0.000000 0.815008 -0.579409 0.006849
-0.43277499 -0.07042800 -5.24640799 143 156 143 0.000000 0.545817 -0.776308 -0.315325
-0.57022601 -0.12170500 -5.52700615 74 110 41 0.000000 -0.726270 0.687238 0.015334
-0.44345799 -0.07256400 -5.21649599 124 147 128 0.000000 0.680732 -0.729664 -0.064763
-0.50826597 -0.02413600 -5.49566984 94 96 83 0.000000 0.945905 -0.237506 -0.221031
-0.52678299 -0.12597799 -5.19655609 71 104 53 0.000000 -0.563424 0.793139 -0.231267
-0.58233303 -0.16586000 -5.36534214 88 116 67 0.000000 -0.754283 0.602478 0.260916
-0.78245503 -0.38378599 -5.27560806 115 135 108 0.000000 0.149632 -0.733044 0.663518
-0.44701901 -0.08609600 -5.39169312 133 165 136 0.000000 0.214047 0.499443 0.839489
-0.62506402 -0.18936200 -5.44368076 85 117 61 0.000000 -0.893394 0.317684 0.317684
-0.72049499 -0.25844300 -5.08047104 92 105 72 0.000000 -0.482773 0.830494 0.277866
-0.78530401 -0.29761299 -5.14527798 139 162 138 0.000000 0.811614 -0.405006 0.421015
-0.50399297 -0.05476000 -5.52059698 96 123 58 0.000000 -0.529365 0.807321 -0.260779
-0.54245102 -0.09606600 -5.04913521 91 124 44 0.000000 -0.524693 0.675563 -0.517988
-0.75681698 -0.34461600 -5.29269886 117 140 109 0.000000 0.855063 -0.508455 -0.101691
-0.79456198 -0.40372699 -5.30694294 110 128 103 0.000000 0.554658 -0.792146 -0.254674
-0.52250999 -0.08324700 -5.56190300 94 127 90 0.000000 0.603401 -0.793494 -0.079205
-0.76536298 -0.36028400 -5.25922680 126 150 123 0.000000 0.293240 -0.948717 -0.118092
-0.48262799 -0.09108100 -5.21079922 114 143 112 0.000000 0.564246 -0.817938 0.112266
-0.56025499 -0.11387100 -5.61175489 102 130 96 0.000000 0.728106 -0.681785 -0.070929
-0.60512298 -0.16799600 -5.43798399 74 107 51 0.000000 -0.657467 0.736423 0.159432
-0.56595302 -0.15161601 -5.26136398 102 131 100 0.000000 0.590967 -0.805352 -0.046544
-0.64642900 -0.21072701 -5.57044888 90 122 74 0.000000 -0.079888 -0.727704 -0.681224
-0.56737697 -0.12170500 -5.58896589 95 124 92 0.000000 0.699458 -0.713646 -0.038307
-0.59301603 -0.14663100 -5.50920200 87 120 63 0.000000 -0.567756 0.734646 0.371414
-0.55954301 -0.11173400 -5.48356295 81 109 59 0.000000 -0.853712 0.450528 0.261153
-0.57734799 -0.16728400 -5.34326410 89 124 77 0.000000 0.801521 -0.596579 0.040708
-0.56951398 -0.13523600 -5.63169622 115 145 115 0.000000 0.855678 -0.475044 0.205303
-0.44060901 -0.10105100 -5.37602377 124 156 124 0.000000 0.189576 0.855332 0.482150
-0.67633998 -0.23992600 -5.46362305 99 132 87 0.000000 0.672258 -0.726400 -0.142874
-0.75895298 -0.33322200 -5.51845980 116 139 111 0.000000 0.840012 -0.515901 0.168002
-0.57877201 -0.15802599 -5.25922680 105 138 101 0.000000 0.673191 -0.736618 0.064869
-0.59443998 -0.15161601 -5.12961102 113 144 111 0.000000 0.267190 -0.962133 0.053940
-0.48262799 -0.05689600 -5.53199100 97 128 62 0.000000 -0.182133 0.745368 -0.641292
-0.67064297 -0.22995600 -5.49638319 80 112 52 0.000000 -0.731679 0.676182 -0.086166
-0.71194899 -0.27838400 -5.44012022 106 131 100 0.000000 0.801521 -0.596579 -0.040708
-0.60369802 -0.13808499 -5.05839300 74 107 45 0.000000 -0.570623 0.778122 -0.262518
-0.64073098 -0.19790800 -5.48570013 81 111 67 0.000000 -0.651701 0.709064 0.269285
-0.67491603 -0.27126199 -5.61389208 84 103 84 0.000000 0.626116 -0.394833 0.672373
-0.64714098 -0.21215101 -5.42801285 86 116 64 0.000000 -0.697884 0.602193 0.387713
-0.71622199 -0.28194499 -5.39382887 103 135 101 0.000000 0.777431 -0.612658 -0.142304
-0.66423303 -0.22425801 -5.35394716 103 129 88 0.000000 0.919133 -0.254596 -0.300624
-0.79028898 -0.39945400 -5.31192780 120 140 115 0.000000 0.691244 -0.588469 -0.419388
-0.71479797 -0.27339900 -5.50991392 96 125 74 0.000000 -0.402173 0.906640 0.127518
-0.67206699 -0.23138000 -5.50207996 67 106 39 0.000000 -0.726264 0.687381 -0.006943
-0.69628102 -0.22212200 -5.11536694 128 155 129 0.000000 0.672500 -0.729163 -0.126746
-0.72619301 -0.31043199 -5.57400990 144 163 143 0.000000 0.886806 -0.452509 0.093864
-0.75539201 -0.27055001 -5.11251783 72 109 55 0.000000 -0.253260 0.963405 0.087814
-0.79669899 -0.41868299 -5.39169312 116 135 104 0.000000 0.974834 -0.157638 0.157638
-0.56666499 -0.16016200 -5.30551910 108 138 106 0.000000 0.618487 -0.785794 0.001371
-0.57663500 -0.14520700 -5.42160416 72 104 54 0.000000 -0.690128 0.664509 0.286619
-0.69129598 -0.21998499 -5.12676191 122 149 122 0.000000 0.610330 -0.787196 0.088433
-0.74186099 -0.28550601 -5.19655609 110 144 100 0.000000 0.675437 -0.700511 0.230369
-0.58518201 -0.15873800 -5.40522289 71 99 53 0.000000 -0.662947 0.688630 0.293751
-0.60939598 -0.20004401 -5.63383293 117 151 116 0.000000 0.579155 -0.445632 0.682635
-0.49544701 -0.05119900 -5.44439411 67 88 54 0.000000 0.987769 -0.040247 0.150638
-0.64999002 -0.15873800 -5.06551504 119 140 117 0.000000 -0.354515 -0.498888 0.790841
-0.76536298 -0.40728801 -5.21720791 125 148 122 0.000000 0.902494 -0.101513 -0.418568
-0.64999002 -0.21713699 -5.37744904 91 123 68 0.000000 -0.700167 0.713977 0.001381
-0.58019602 -0.13665999 -5.46219778 86 119 74 0.000000 0.310306 -0.922337 0.230227
-0.78957701 -0.39803001 -5.31192780 118 138 113 0.000000 0.713854 -0.572072 -0.403913
-0.60156202 -0.16372301 -5.45436382 78 112 48 0.000000 -0.764671 0.643115 0.040990
-0.55883098 -0.15731400 -5.30836821 105 133 102 0.000000 0.477392 -0.865728 0.150371
-0.67705297 -0.18081500 -5.05696821 98 110 71 0.000000 -0.692377 0.643732 -0.325920
-0.53461701 -0.09535400 -5.07762098 126 147 126 0.000000 0.680436 -0.657701 0.323167
-0.50399297 -0.08965700 -5.12462616 122 155 128 0.000000 0.664225 -0.627784 0.405823
-0.61723000 -0.17583001 -5.51489878 95 128 80 0.000000 0.705025 -0.603133 -0.373055
-0.68844700 -0.21500000 -5.18943405 112 143 112 0.000000 0.229365 -0.970772 -0.070669
-0.70767599 -0.27055001 -5.39667702 119 147 118 0.000000 0.765665 -0.638295 -0.079606
-0.62150300 -0.18081500 -5.54908419 93 125 77 0.000000 0.761183 -0.636057 0.126616
-0.57877201 -0.11743200 -5.05768108 121 149 125 0.000000 0.523336 -0.697224 0.489896
-0.50256902 -0.06615500 -5.53056717 74 113 44 0.000000 -0.513624 0.467082 -0.719739
-0.52322203 -0.11600700 -5.15026379 69 99 45 0.000000 -0.529599 0.837677 -0.133500
-0.69984198 -0.24419899 -5.24640799 116 148 115 0.000000 0.765493 -0.615156 0.188689
-0.65853602 -0.21428800 -5.27774382 104 139 89 0.000000 0.753067 -0.656264 -0.046978
-0.61794198 -0.18580100 -5.59964800 108 140 106 0.000000 0.732895 -0.659758 0.166082
-0.57449901 -0.13167500 -5.46148586 71 102 50 0.000000 -0.771365 0.613758 0.168215
-0.78387898 -0.33179700 -5.16094589 149 170 146 0.000000 0.687092 -0.489825 0.536634
-0.51823699 -0.07755000 -5.55478096 90 115 83 0.000000 0.493082 -0.834092 0.247309
-0.77818203 -0.37167901 -5.38029814 117 141 111 0.000000 0.802605 -0.557066 0.213312
-0.50969100 -0.11387100 -5.19299507 80 112 51 0.000000 -0.603545 0.794739 -0.064207
-0.71266103 -0.24348700 -5.08331919 62 63 58 0.000000 -0.183008 -0.687433 0.702812
-0.66138500 -0.25060901 -5.61745310 112 142 112 0.000000 0.752587 -0.110892 0.649088
-0.67135501 -0.25701901 -5.60392094 109 142 107 0.000000 0.822215 -0.497697 0.276152
-0.69913000 -0.22853100 -5.15453720 109 142 109 0.000000 0.467796 -0.862824 0.191574
-0.51609999 -0.13665999 -5.31406498 107 139 102 0.000000 0.687381 -0.726264 -0.006943
-0.49687099 -0.11956800 -5.29056311 114 139 113 0.000000 0.355681 -0.934460 0.016573
-0.60369802 -0.17369400 -5.40593576 80 105 56 0.000000 -0.625979 0.750243 0.212802
-0.68773502 -0.20004401 -5.07762098 143 168 149 0.000000 0.625695 -0.474723 0.618986
-0.62363899 -0.18793701 -5.44510603 86 120 63 0.000000 -0.782358 0.474598 0.403327
-0.55099702 -0.12597799 -5.15738583 142 151 139 0.000000 0.872073 -0.484175 0.071161
-0.76180202 -0.33749500 -5.49139690 116 142 110 0.000000 0.874782 -0.484515 0.001327
-0.76536298 -0.34248000 -5.44724178 107 133 100 0.000000 0.884009 -0.449859 -0.127103
-0.67562801 -0.23636501 -5.54409790 90 117 73 0.000000 0.736263 -0.646738 -0.199115
-0.70126700 -0.25345799 -5.27988005 115 151 112 0.000000 0.793010 -0.588363 0.158000
-0.55669397 -0.11387100 -5.45934916 67 100 43 0.000000 -0.751849 0.599254 0.274989
-0.51823699 -0.11671900 -5.21008682 111 144 114 0.000000 0.466469 -0.870059 0.159389
-0.75539201 -0.32609999 -5.43869591 107 136 105 0.000000 0.895144 -0.419644 -0.150384
-0.48191601 -0.05618400 -5.52985477 92 119 57 0.000000 0.110985 0.658512 -0.744341
-0.55170900 -0.12669000 -5.15881014 143 152 140 0.000000 0.808858 -0.547936 0.213342
-0.55099702 -0.10603700 -5.46077299 71 103 50 0.000000 -0.720974 0.641746 0.261452
-0.50969100 -0.06686700 -5.05483198 142 147 124 0.000000 -0.619308 -0.555184 0.555184
-0.69913000 -0.23351701 -5.17020512 110 144 109 0.000000 0.663896 -0.725226 0.182456
-0.55527002 -0.10532500 -5.62030220 104 128 97 0.000000 0.888003 -0.453006 -0.078964
-0.59942502 -0.16799600 -5.42017889 78 110 56 0.000000 -0.663896 0.725226 -0.182456
-0.63574600 -0.19933200 -5.44083309 79 114 54 0.000000 -0.726299 0.686964 -0.023882
-0.44773099 -0.05689600 -5.20438910 129 149 139 0.000000 0.380417 -0.819728 -0.428169
-0.54031402 -0.08680800 -5.50207996 82 118 49 0.000000 0.373115 0.747860 0.549082
-0.78672802 -0.38663501 -5.29697323 66 96 30 0.000000 -0.846767 0.444282 0.292576
-0.72405601 -0.25701901 -5.08972883 89 123 65 0.000000 -0.667081 0.722288 0.182489
-0.51823699 -0.06330600 -5.46718407 63 90 37 0.000000 -0.806229 0.527571 0.267699
-0.74328500 -0.32325101 -5.32545996 119 149 116 0.000000 0.832674 -0.541019 0.118120
-0.60084897 -0.16301100 -5.46006203 79 117 51 0.000000 -0.751320 0.656144 0.070662
-0.69485700 -0.21428800 -5.07263708 136 138 134 0.000000 0.979829 -0.024642 0.198313
-0.70554000 -0.23565300 -5.11394310 124 151 122 0.000000 0.826157 -0.555097 -0.096601
-0.49687099 -0.05476000 -5.43228722 66 95 46 0.000000 -0.751097 0.404185 0.522004
-0.78530401 -0.40159100 -5.45507622 133 143 124 0.000000 0.978602 -0.109830 -0.174001
-0.44915500 -0.10461200 -5.31620216 96 130 70 0.000000 0.965242 0.228101 0.127582
-0.67847699 -0.25345799 -5.58255577 105 137 104 0.000000 0.508956 -0.844304 0.167674
-0.63503402 -0.19790800 -5.43940783 77 113 49 0.000000 -0.730365 0.682884 0.015361
-0.64500499 -0.20930301 -5.44937801 79 114 53 0.000000 -0.738752 0.657172 0.149563
-0.63717097 -0.20075600 -5.45293999 82 117 59 0.000000 -0.705619 0.690445 0.159333
-0.55099702 -0.10390000 -5.46647120 69 103 47 0.000000 -0.685225 0.723212 0.086201
-0.78886497 -0.39874199 -5.39097977 116 138 106 0.000000 0.872476 -0.445866 0.199973
-0.62506402 -0.19149800 -5.28059196 102 85 61 0.000000 -0.601786 0.734082 0.314607
-0.61865401 -0.18936200 -5.60534620 106 138 109 0.000000 0.578001 -0.713033 0.396861
-0.60013700 -0.16229901 -5.45934916 78 113 51 0.000000 -0.759601 0.649267 0.038192
-0.76678699 -0.36028400 -5.32118702 114 141 110 0.000000 0.863929 -0.429687 -0.262671
-0.55170900 -0.10746100 -5.46006203 68 101 48 0.000000 -0.744577 0.632657 0.212958
-0.56524098 -0.12099200 -5.60961914 105 129 94 0.000000 0.850998 -0.515191 -0.101890
-0.74542201 -0.31968999 -5.28985119 125 153 125 0.000000 0.920240 -0.326721 0.215436
-0.76607502 -0.31185600 -5.18231201 134 162 135 0.000000 0.832143 -0.412124 0.371069
-0.67277998 -0.23351701 -5.47003222 84 119 67 0.000000 -0.614252 0.754921 -0.229758
-0.57948399 -0.15802599 -5.25780201 103 136 101 0.000000 0.688449 -0.715214 0.120441
-0.57022601 -0.12597799 -5.58042002 96 123 91 0.000000 0.743007 -0.664489 0.079971
-0.63218498 -0.19221000 -5.28985119 105 138 98 0.000000 0.619334 -0.783734 0.046769
-0.50470501 -0.04692600 -5.45507622 64 93 48 0.000000 -0.776547 0.553309 0.301370
-0.64001900 -0.20146900 -5.52273321 100 133 93 0.000000 0.818162 -0.571437 0.063808
-0.74328500 -0.32467499 -5.37887287 99 126 93 0.000000 0.822839 -0.561483 -0.087597
-0.67491603 -0.23494101 -5.54481077 89 115 70 0.000000 -0.699161 0.699161 -0.149497
-0.55527002 -0.11315900 -5.45650101 67 99 42 0.000000 -0.769177 0.586714 0.253246
-0.58019602 -0.16514800 -5.36462879 87 115 62 0.000000 -0.631400 0.743649 0.219821
-0.52678299 -0.07042800 -5.48071384 72 104 38 0.000000 -0.829527 0.551586 0.087394
-0.62862402 -0.15446500 -5.11394310 99 133 106 0.000000 -0.705835 -0.340691 0.621069
-0.51823699 -0.09036900 -5.11963987 119 155 126 0.000000 -0.574597 -0.804435 0.150738
-0.56666499 -0.13096300 -5.63454485 116 143 116 0.000000 0.910647 -0.410526 0.046803
-0.53461701 -0.08182300 -5.47644186 62 91 32 0.000000 -0.791963 0.601658 0.103936
-0.50612998 -0.10888500 -5.17661381 94 133 53 0.000000 -0.578220 0.800496 -0.157696
-0.67776501 -0.23636501 -5.48285103 92 117 75 0.000000 0.593969 -0.801930 -0.064097
-0.49972001 -0.03553100 -5.45863724 79 100 64 0.000000 -0.590766 0.804296 -0.064059
-0.61723000 -0.17583001 -5.55549288 93 126 80 0.000000 0.672779 -0.736439 0.070895
-0.53604102 -0.12526600 -5.15809822 72 100 45 0.000000 -0.544392 0.829060 -0.127661
-0.62435102 -0.15660100 -5.07833385 86 121 49 0.000000 -0.380053 0.871526 -0.309842
-0.65995997 -0.18936200 -5.11394310 91 124 72 0.000000 -0.197613 0.972960 0.119575
-0.57236201 -0.13238700 -5.45293999 70 104 46 0.000000 -0.745462 0.633875 0.206126
-0.65283900 -0.21072701 -5.48641205 94 118 75 0.000000 -0.549082 0.747860 0.373115
-0.68559903 -0.23779000 -5.27204704 112 145 105 0.000000 0.783734 -0.619334 0.046769
-0.71622199 -0.27055001 -5.46789503 111 128 99 0.000000 0.777918 -0.619697 -0.104015
-0.77390897 -0.40016600 -5.24142313 106 124 98 0.000000 0.996132 -0.087863 0.001059
-0.55883098 -0.12882601 -5.17305279 131 142 127 0.000000 -0.140982 -0.814728 0.562444
-0.46482301 -0.09464200 -5.39738989 53 77 21 0.000000 0.172924 -0.680983 -0.711589
-0.61865401 -0.19505900 -5.61246777 110 142 109 0.000000 0.752294 -0.610945 0.246577
-0.71622199 -0.31043199 -5.59039021 47 62 49 0.000000 0.548680 -0.491631 0.676202
-0.75895298 -0.33322200 -5.44083309 105 123 88 0.000000 0.744653 -0.070850 -0.663681
-0.60013700 -0.15375300 -5.51632404 92 125 78 0.000000 0.644658 -0.557132 0.523469
-0.60227400 -0.13879700 -5.05910492 78 113 45 0.000000 -0.697754 0.675703 -0.237835
-0.78174299 -0.39518100 -5.49424601 96 98 94 0.000000 0.970023 -0.118233 -0.212312
-0.50541800 -0.12312900 -5.35750818 81 110 66 0.000000 -0.363380 0.846848 0.388334
-0.71123701 -0.27553499 -5.39525318 111 138 104 0.000000 0.829699 -0.552657 -0.078543
-0.72761703 -0.28479299 -5.26492500 119 152 118 0.000000 0.865804 -0.444195 0.230379
-0.81236601 -0.45001900 -5.25281811 88 103 69 0.000000 -0.126117 -0.856724 -0.500118
-0.73260200 -0.29049101 -5.33329296 56 87 26 0.000000 0.142137 0.982808 -0.117840
-0.55455798 -0.11315900 -5.45507622 65 96 43 0.000000 -0.800826 0.530213 0.278480
-0.53034401 -0.07541300 -5.48000193 72 104 38 0.000000 -0.841068 0.539996 0.031764
-0.50755399 -0.02413600 -5.50777817 78 86 67 0.000000 0.798937 -0.397057 0.451713
-0.46482301 -0.08467100 -5.39240503 114 147 114 0.000000 -0.109788 0.592854 0.797791
-0.61224401 -0.17511800 -5.24925709 100 130 98 0.000000 0.865887 -0.421530 -0.269353
-0.79171300 -0.44716999 -5.42373991 145 152 144 0.000000 0.948559 0.219738 -0.227927
-0.77319700 -0.39731801 -5.22148180 118 135 108 0.000000 0.969937 0.183224 -0.160161
-0.79456198 -0.43933600 -5.42373991 134 141 126 0.000000 0.888905 -0.181855 -0.420448
-0.67135501 -0.21215101 -5.17447805 103 133 94 0.000000 0.635584 -0.771880 -0.015299
-0.51894897 -0.07256400 -5.45080280 71 105 41 0.000000 -0.777766 0.547790 0.308232
-0.74399698 -0.26983801 -5.15667295 127 158 126 0.000000 0.586212 -0.760963 0.278014
-0.74613398 -0.26556501 -5.14527798 118 146 117 0.000000 0.570746 -0.690552 0.444283
-0.66993099 -0.22141001 -5.28629017 54 80 24 0.000000 -0.646880 0.710769 0.276322
-0.56310397 -0.11387100 -5.49709511 90 120 71 0.000000 0.006925 0.760313 0.649520
-0.59871298 -0.16301100 -5.59466314 109 140 102 0.000000 0.777365 -0.529509 0.339594
-0.45841399 -0.06900300 -5.16735601 136 157 140 0.000000 0.706653 -0.691521 0.149804
-0.43633601 -0.05476000 -5.23216391 77 83 79 0.000000 0.992409 -0.078618 -0.094569
-0.55669397 -0.11102200 -5.59822416 95 123 84 0.000000 0.658132 -0.752747 0.015305
-0.71337402 -0.24704801 -5.17803907 118 151 118 0.000000 0.618853 -0.755342 0.215590
-0.77675802 -0.37880099 -5.27560806 115 136 103 0.000000 0.914257 -0.295062 -0.277620
-0.61651701 -0.17939100 -5.25709105 102 133 100 0.000000 0.832479 -0.523487 -0.181495
-0.78530401 -0.33891901 -5.16237116 149 162 140 0.000000 0.793375 -0.207168 0.572396
-0.69984198 -0.25630599 -5.39596510 102 137 88 0.000000 0.720974 -0.641746 -0.261452
-0.58090800 -0.14805500 -5.61674118 116 146 116 0.000000 0.786362 -0.509768 0.348958
-0.61224401 -0.18793701 -5.35964394 77 109 50 0.000000 -0.654789 0.748961 -0.101529
-0.60156202 -0.17654200 -5.61318016 112 143 110 0.000000 0.733477 -0.667748 0.126977
-0.47906700 -0.08538400 -5.17447805 116 152 121 0.000000 0.537150 -0.830141 0.149455
-0.57378697 -0.12811400 -5.57614708 96 121 86 0.000000 0.837737 -0.545150 0.031743
-0.58162099 -0.11671900 -5.03845215 80 112 44 0.000000 -0.572855 0.732797 -0.367214
-0.74328500 -0.26057899 -5.13958120 110 142 108 0.000000 0.560284 -0.806262 0.189798
-0.67918903 -0.25417000 -5.58113194 103 136 100 0.000000 0.522563 -0.841663 0.136130
-0.45983800 -0.09250500 -5.27916813 123 160 121 0.000000 -0.453678 -0.286452 0.843873
-0.71551001 -0.26200399 -5.23572493 116 153 115 0.000000 0.821621 -0.547250 0.159552
-0.79100102 -0.39945400 -5.31121588 117 136 111 0.000000 0.730063 -0.538895 -0.420239
-0.81307900 -0.44930699 -5.25281811 62 76 46 0.000000 -0.014975 -0.848133 -0.529572
-0.64927799 -0.21215101 -5.51205015 90 121 74 0.000000 0.902841 -0.055497 -0.426379
-0.53105599 -0.12669000 -5.18444777 74 108 44 0.000000 -0.563752 0.802086 -0.197084
-0.50185698 -0.12811400 -5.30979204 103 132 97 0.000000 0.420958 -0.855794 0.300684
-0.51396400 -0.06829100 -5.06052923 133 157 128 0.000000 0.006901 -0.622490 0.782598
-0.55954301 -0.11244600 -5.53341579 74 110 43 0.000000 -0.745088 0.665308 -0.047013
-0.58731800 -0.14591900 -5.57685900 105 121 101 0.000000 0.823898 -0.562072 -0.072571
-0.59515202 -0.17298099 -5.62955999 117 151 118 0.000000 0.735567 -0.614302 0.285611
-0.76108998 -0.35672399 -5.26350021 124 146 118 0.000000 0.879853 -0.475200 -0.006655
-0.73046601 -0.25773099 -5.14029312 112 146 110 0.000000 0.687207 -0.705574 -0.172950
-0.51111501 -0.11956800 -5.26278782 112 144 112 0.000000 0.752913 -0.513425 0.411724
-0.56381601 -0.11956800 -5.62314987 108 135 105 0.000000 0.860738 -0.481131 0.166262
-0.76749903 -0.42082000 -5.23928595 105 121 94 0.000000 0.733967 -0.647070 -0.206380
-0.50328100 -0.06615500 -5.52985477 77 110 44 0.000000 -0.469352 0.327124 -0.820182
-0.77889401 -0.38805899 -5.25495386 91 113 77 0.000000 0.783836 0.617611 -0.064484
-0.75254297 -0.31399301 -5.22646713 120 155 120 0.000000 0.813900 -0.575616 0.078950
-0.74755800 -0.26271600 -5.13530779 111 140 106 0.000000 0.691755 -0.722131 0.001381
-0.60583502 -0.17155699 -5.42730093 71 104 45 0.000000 -0.626866 0.762813 0.158605
-0.55099702 -0.10105100 -5.61674118 95 116 84 0.000000 0.611229 -0.744588 -0.268306
-0.61580497 -0.19292200 -5.61674118 110 143 107 0.000000 0.784632 -0.507514 0.356065
-0.61082000 -0.13737300 -5.04343700 105 130 61 0.000000 -0.683033 0.698592 -0.213156
-0.75183100 -0.26912600 -5.14527798 119 150 118 0.000000 0.508455 -0.855063 -0.101691
-0.54957300 -0.11031000 -5.44652987 72 103 44 0.000000 -0.755342 0.618853 0.215590
-0.48262799 -0.06971600 -5.41092110 76 100 59 0.000000 -0.467409 0.641640 0.608134
-0.65355098 -0.21642400 -5.41804314 98 119 69 0.000000 -0.807678 0.587786 0.046515
-0.50328100 -0.06829100 -5.59893608 99 109 83 0.000000 0.333966 -0.897999 -0.286469
-0.48761299 -0.11529500 -5.36462879 84 117 72 0.000000 -0.031258 0.873858 0.485175
-0.47692999 -0.08752000 -5.16237116 119 157 124 0.000000 -0.261126 -0.325314 0.908837
-0.72334403 -0.25559399 -5.09186506 79 115 55 0.000000 -0.682292 0.715574 0.149771
-0.44060901 -0.06900300 -5.22575521 130 156 137 0.000000 0.901708 -0.418001 0.110442
-0.78815198 -0.39874199 -5.30836821 104 122 95 0.000000 0.718949 -0.570882 -0.396492
-0.55170900 -0.10033900 -5.48783588 76 106 46 0.000000 -0.667300 0.743806 0.038253
-0.64001900 -0.19719601 -5.26706123 103 138 101 0.000000 0.757414 -0.641801 -0.120060
-0.77034801 -0.35885999 -5.38528299 116 131 105 0.000000 0.851185 -0.523912 -0.031627
-0.43277499 -0.06971600 -5.27133417 80 87 77 0.000000 0.433611 -0.900577 -0.030686
-0.69058400 -0.23351701 -5.21934509 102 137 93 0.000000 0.523887 -0.386795 0.758902
-0.55811900 -0.12882601 -5.17234087 128 142 125 0.000000 -0.175905 -0.683736 0.708210
-0.69272101 -0.24989700 -5.35394716 111 144 108 0.000000 0.746320 -0.665410 -0.015345
-0.67491603 -0.21713699 -5.26634884 73 106 48 0.000000 0.024099 0.333586 -0.942412
-0.77533299 -0.40443900 -5.27560806 65 82 47 0.000000 0.975694 -0.206891 -0.072228
-0.68915999 -0.21428800 -5.18943405 109 137 108 0.000000 -0.428192 -0.719164 0.547226
-0.77177203 -0.28051999 -5.12889814 119 152 115 0.000000 0.419900 -0.783057 0.458810
-0.58945501 -0.11529500 -5.04414892 120 126 116 0.000000 0.508301 -0.366299 0.779394
-0.79527402 -0.40016600 -5.34112692 88 100 81 0.000000 0.823703 -0.554500 0.118508
-0.56808901 -0.12241700 -5.58825397 100 128 95 0.000000 0.755526 -0.651911 -0.064759
-0.75824100 -0.33037299 -5.44795418 96 117 70 0.000000 -0.109711 0.873412 0.474463
-0.81236601 -0.47921801 -5.34326410 61 64 62 0.000000 0.768063 0.260227 0.585116
-0.58446902 -0.13238700 -5.49780703 98 124 91 0.000000 0.672185 -0.736065 0.079849
-0.64073098 -0.20218100 -5.46860695 94 126 81 0.000000 0.856228 -0.513737 -0.054297
-0.60725898 -0.13452400 -5.07334900 118 142 121 0.000000 0.086386 -0.508401 0.856776
-0.49758399 -0.06188200 -5.04414892 146 118 113 0.000000 -0.799081 0.032187 0.600361
-0.42565399 -0.11244600 -5.35323477 123 141 112 0.000000 0.474723 0.625695 0.618986
-0.50399297 -0.05404800 -5.52059698 93 119 55 0.000000 -0.523104 0.777413 -0.349273
-0.74542201 -0.31826600 -5.27560806 121 151 120 0.000000 0.861144 -0.506798 0.039830
-0.73046601 -0.27838400 -5.22361898 121 154 121 0.000000 0.787519 -0.574007 0.224342
-0.63289797 -0.19434699 -5.52202082 100 131 94 0.000000 0.748935 -0.662466 0.015341
-0.59230298 -0.12099200 -5.03275394 83 89 58 0.000000 -0.680732 0.729664 0.064763
-0.56524098 -0.10674900 -5.04272509 86 112 49 0.000000 -0.498234 0.800676 -0.332687
-0.71479797 -0.27339900 -5.32261086 107 141 102 0.000000 0.833699 -0.540817 -0.111643
-0.57307500 -0.13381200 -5.50635290 71 99 48 0.000000 -0.649592 0.649592 0.395045
-0.50897801 -0.11315900 -5.18943405 79 104 55 0.000000 -0.618690 0.783674 -0.055469
-0.75325602 -0.32467499 -5.43299913 106 132 102 0.000000 0.908505 -0.371726 -0.190887
-0.54672402 -0.09535400 -5.05910492 126 154 129 0.000000 0.641473 -0.705781 0.300640
-0.49900800 -0.06401800 -5.53270292 78 113 49 0.000000 -0.436838 0.736855 -0.515963
-0.71408600 -0.27695999 -5.38029814 123 154 126 0.000000 0.666394 -0.737318 -0.110819
-0.58304501 -0.15375300 -5.20581388 104 128 100 0.000000 0.616012 -0.782029 -0.094659
-0.60298598 -0.13452400 -5.05127096 79 110 50 0.000000 -0.490302 0.759230 -0.427989
-0.68631101 -0.21571200 -5.14883900 120 145 117 0.000000 0.532056 -0.823095 -0.198574
