v -0.238063 0.185854 -4.87765 0 0 0
vn 0.0134136 -0.999538 0.0272568
v -0.242014 0.186135 -4.87752 0 0 0
vn -0.179295 -0.983669 -0.0157926
v -0.268383 0.192824 -4.87558 0 0 0
vn -0.214731 -0.970632 -0.10846
v -0.254398 0.189335 -4.87739 0 0 0
vn -0.249965 -0.965901 -0.0674788
v -0.234483 0.186234 -4.87757 0 0 0
vn 0.23514 -0.966756 0.100457
v -0.221672 0.190004 -4.87676 0 0 0
vn 0.203555 -0.97831 0.0384127
v -0.20799 0.193243 -4.87626 0 0 0
vn 0.231817 -0.971486 -0.0497585
v -0.238096 0.185964 -4.88032 0 0 0
vn 0.0129328 -0.99906 -0.0413855
v -0.2864 0.196275 -4.86065 0 0 0
vn -0.41027 -0.911927 0.0082875
v -0.294857 0.2011 -4.86061 0 0 0
vn -0.495543 -0.868578 -0.00307388
v -0.270392 0.19108 -4.86135 0 0 0
vn -0.21895 -0.975734 -0.00208794
v -0.253411 0.188022 -4.86226 0 0 0
vn -0.109417 -0.993799 0.0198009
v -0.237778 0.188556 -4.86104 0 0 0
vn 0.0891203 -0.992486 0.0838389
v -0.222239 0.191072 -4.86185 0 0 0
vn 0.131381 -0.991239 0.0135665
v -0.205465 0.193114 -4.86198 0 0 0
vn 0.0186304 -0.99382 -0.109429
v -0.189374 0.189714 -4.86029 0 0 0
vn -0.173643 -0.972441 -0.155585
v -0.175263 0.18732 -4.86115 0 0 0
vn -0.173605 -0.975826 -0.132758
v -0.238136 0.18614 -4.87386 0 0 0
vn 0.0796462 -0.984497 0.156276
v -0.333967 0.229355 -4.84501 0 0 0
vn -0.556589 -0.802402 -0.215314
v -0.340837 0.234279 -4.8466 0 0 0
vn -0.515237 -0.826433 -0.227024
v -0.28569 0.196173 -4.8461 0 0 0
vn -0.359624 -0.93212 0.0427017
v -0.296785 0.202147 -4.84577 0 0 0
vn -0.469527 -0.882642 0.0220786
v -0.270529 0.191535 -4.84511 0 0 0
vn -0.233058 -0.970365 0.0638438
v -0.318038 0.217389 -4.8455 0 0 0
vn -0.549446 -0.827705 -0.114081
v -0.318839 0.218063 -4.8458 0 0 0
vn -0.595712 -0.786187 -0.164432
v -0.302123 0.205865 -4.84523 0 0 0
vn -0.563924 -0.824397 -0.04858
v -0.34976 0.238891 -4.84388 0 0 0
vn -0.515926 -0.829972 -0.212055
v -0.254603 0.189285 -4.84585 0 0 0
vn -0.0960521 -0.993078 0.067597
v -0.238389 0.189487 -4.84514 0 0 0
vn 0.0101877 -0.999669 0.0236342
v -0.22225 0.190594 -4.84589 0 0 0
vn 0.0420485 -0.997973 -0.0477647
v -0.206222 0.189916 -4.84535 0 0 0
vn -0.0732996 -0.982804 -0.169482
v -0.173779 0.184779 -4.84563 0 0 0
vn -0.13013 -0.976147 -0.173793
v -0.18169 0.186014 -4.84562 0 0 0
vn -0.154514 -0.971287 -0.180905
v -0.190282 0.187478 -4.84567 0 0 0
vn -0.165878 -0.968741 -0.18446
v -0.15836 0.182468 -4.84513 0 0 0
vn -0.0917845 -0.984701 -0.14812
v -0.142041 0.181399 -4.84551 0 0 0
vn -0.0373832 -0.990911 -0.129218
v -0.127506 0.181108 -4.84363 0 0 0
vn 0.00799184 -0.99307 -0.117255
v -0.318102 0.218043 -4.84972 0 0 0
vn -0.589968 -0.799541 -0.112571
v -0.173932 0.186036 -4.85345 0 0 0
vn -0.157644 -0.975745 -0.151889
v -0.33463 0.224796 -4.82864 0 0 0
vn -0.524945 -0.812292 -0.254192
v -0.348057 0.234197 -4.82991 0 0 0
vn -0.529867 -0.814141 -0.237519
v -0.2863 0.197875 -4.82928 0 0 0
vn -0.324943 -0.944748 0.043159
v -0.296638 0.202082 -4.82995 0 0 0
vn -0.434568 -0.900277 -0.0255235
v -0.269629 0.192771 -4.82974 0 0 0
vn -0.204489 -0.975624 0.0796365
v -0.318015 0.214223 -4.82894 0 0 0
vn -0.484987 -0.860915 -0.153663
v -0.323601 0.218175 -4.83043 0 0 0
vn -0.550563 -0.808126 -0.209317
v -0.302013 0.204879 -4.82933 0 0 0
vn -0.513705 -0.853837 -0.0840826
v -0.366066 0.245465 -4.82934 0 0 0
vn -0.466287 -0.843803 -0.265657
v -0.379041 0.250388 -4.82974 0 0 0
vn -0.337257 -0.908923 -0.245187
v -0.35007 0.23544 -4.82938 0 0 0
vn -0.522206 -0.82322 -0.222731
v -0.25399 0.190484 -4.82956 0 0 0
vn -0.096163 -0.994069 0.0507977
v -0.238219 0.189591 -4.82934 0 0 0
vn -0.0659208 -0.997815 0.0045251
v -0.2218 0.18867 -4.82962 0 0 0
vn -0.0809863 -0.992475 -0.0918375
v -0.206062 0.186121 -4.82957 0 0 0
vn -0.153762 -0.961289 -0.228649
v -0.190082 0.183726 -4.82913 0 0 0
vn -0.147168 -0.977295 -0.152432
v -0.205731 0.186054 -4.82954 0 0 0
vn -0.139403 -0.968342 -0.207077
v -0.174113 0.181644 -4.82984 0 0 0
vn -0.116718 -0.978327 -0.171037
v -0.158114 0.17992 -4.82919 0 0 0
vn -0.0717917 -0.986405 -0.147824
v -0.142004 0.179454 -4.83061 0 0 0
vn -0.0201004 -0.992143 -0.123481
v -0.126697 0.179552 -4.82883 0 0 0
vn 0.0273813 -0.994652 -0.0995882
v -0.189967 0.186053 -4.83996 0 0 0
vn -0.145121 -0.965317 -0.21703
v -0.349701 0.229452 -4.81374 0 0 0
vn -0.505234 -0.811786 -0.292818
v -0.356797 0.234192 -4.81365 0 0 0
vn -0.505606 -0.801682 -0.318854
v -0.333917 0.219746 -4.81322 0 0 0
vn -0.498238 -0.830067 -0.250493
v -0.285778 0.197915 -4.81314 0 0 0
vn -0.25426 -0.967093 0.00917024
v -0.29815 0.202003 -4.81373 0 0 0
vn -0.334108 -0.941817 -0.0367629
v -0.270046 0.194013 -4.81369 0 0 0
vn -0.208813 -0.976882 0.0458154
v -0.318519 0.211276 -4.81322 0 0 0
vn -0.438372 -0.878612 -0.189396
v -0.330642 0.218079 -4.81397 0 0 0
vn -0.497195 -0.839632 -0.218665
v -0.301987 0.203638 -4.8135 0 0 0
vn -0.420804 -0.897386 -0.13275
v -0.397673 0.251481 -4.81289 0 0 0
vn -0.22162 -0.949828 -0.220707
v -0.382213 0.247715 -4.81389 0 0 0
vn -0.348611 -0.882492 -0.315719
v -0.390842 0.250072 -4.81368 0 0 0
vn -0.28994 -0.902807 -0.317607
v -0.366752 0.240358 -4.81313 0 0 0
vn -0.419341 -0.845207 -0.331328
v -0.253772 0.191026 -4.81373 0 0 0
vn -0.126616 -0.991447 0.0316269
v -0.238032 0.189368 -4.81358 0 0 0
vn -0.118422 -0.992707 -0.0225585
v -0.206136 0.184511 -4.81351 0 0 0
vn -0.182192 -0.977252 -0.108555
v -0.214693 0.186147 -4.81411 0 0 0
vn -0.169242 -0.981979 -0.0841098
v -0.222288 0.187331 -4.81308 0 0 0
vn -0.14428 -0.987277 -0.0668462
v -0.190471 0.181484 -4.81337 0 0 0
vn -0.168222 -0.977896 -0.124184
v -0.174177 0.179223 -4.81365 0 0 0
vn -0.115957 -0.984779 -0.12948
v -0.157879 0.177746 -4.81341 0 0 0
vn -0.0519484 -0.990575 -0.126737
v -0.141917 0.17764 -4.81412 0 0 0
vn 0.00708826 -0.99386 -0.11042
v -0.125903 0.178304 -4.81359 0 0 0
vn 0.058734 -0.99377 -0.0947213
v -0.111888 0.179355 -4.81176 0 0 0
vn 0.107912 -0.991742 -0.0692993
v -0.350111 0.234159 -4.82557 0 0 0
vn -0.524382 -0.80192 -0.286265
v -0.381374 0.250006 -4.82512 0 0 0
vn -0.352349 -0.90143 -0.251544
v -0.206093 0.186061 -4.82914 0 0 0
vn -0.157952 -0.982936 -0.0942748
v -0.142352 0.175799 -4.79774 0 0 0
vn 0.0154436 -0.991918 -0.125935
v -0.126221 0.17681 -4.79765 0 0 0
vn 0.0891914 -0.989071 -0.117402
v -0.110106 0.178927 -4.79791 0 0 0
vn 0.156093 -0.981178 -0.113692
v -0.0961904 0.181771 -4.79582 0 0 0
vn 0.196276 -0.969846 -0.144478
v -0.366144 0.232145 -4.79751 0 0 0
vn -0.438376 -0.78128 -0.444328
v -0.36954 0.234089 -4.79758 0 0 0
vn -0.388155 -0.799577 -0.458272
v -0.333949 0.214913 -4.79758 0 0 0
vn -0.394023 -0.878225 -0.271047
v -0.340031 0.217964 -4.79753 0 0 0
vn -0.41426 -0.857779 -0.304309
v -0.350386 0.223303 -4.79751 0 0 0
vn -0.44323 -0.8185 -0.36552
v -0.302032 0.201762 -4.79751 0 0 0
vn -0.211621 -0.964007 -0.160956
v -0.302842 0.20205 -4.79767 0 0 0
vn -0.332959 -0.911361 -0.241988
v -0.286179 0.197811 -4.79761 0 0 0
vn -0.211408 -0.976207 -0.0482338
v -0.269933 0.194716 -4.79731 0 0 0
vn -0.191805 -0.981389 0.00934988
v -0.317631 0.207517 -4.79772 0 0 0
vn -0.390384 -0.896589 -0.209112
v -0.412123 0.24655 -4.79587 0 0 0
vn -0.0785451 -0.830653 -0.551222
v -0.398552 0.246419 -4.7976 0 0 0
vn -0.206542 -0.804091 -0.557475
v -0.382325 0.240643 -4.7979 0 0 0
vn -0.329922 -0.82749 -0.454326
v -0.254317 0.191891 -4.79797 0 0 0
vn -0.169601 -0.985414 0.0139771
v -0.237769 0.188736 -4.79719 0 0 0
vn -0.181597 -0.981675 -0.0577684
v -0.205939 0.182693 -4.79752 0 0 0
vn -0.195897 -0.971094 -0.136382
v -0.221521 0.186089 -4.79757 0 0 0
vn -0.192753 -0.976994 -0.0912585
v -0.222069 0.186186 -4.79746 0 0 0
vn -0.16201 -0.984142 -0.0722327
v -0.189492 0.179486 -4.79754 0 0 0
vn -0.153144 -0.979307 -0.132308
v -0.173967 0.177274 -4.79756 0 0 0
vn -0.112603 -0.985614 -0.126037
v -0.158447 0.17593 -4.79747 0 0 0
vn -0.0601606 -0.990256 -0.125595
v -0.365703 0.233886 -4.80118 0 0 0
vn -0.470267 -0.797469 -0.378011
v -0.334141 0.218068 -4.80731 0 0 0
vn -0.451541 -0.852282 -0.264056
v -0.302044 0.202039 -4.79926 0 0 0
vn -0.304289 -0.947921 -0.094091
v -0.397509 0.249892 -4.80622 0 0 0
vn -0.321645 -0.882704 -0.342604
v -0.141831 0.173196 -4.78135 0 0 0
vn 0.016602 -0.983436 -0.180496
v -0.12564 0.174427 -4.78163 0 0 0
vn 0.114114 -0.973947 -0.195971
v -0.109273 0.177027 -4.78174 0 0 0
vn 0.169113 -0.962503 -0.212106
v -0.461665 0.222777 -4.7807 0 0 0
vn 0.0271197 -0.895568 -0.444097
v -0.0931846 0.179922 -4.7816 0 0 0
vn 0.135136 -0.957487 -0.254867
v -0.445959 0.224141 -4.78077 0 0 0
vn 0.210943 -0.816356 -0.537649
v -0.430343 0.23228 -4.78178 0 0 0
vn 0.356157 -0.751082 -0.555903
v -0.427152 0.233833 -4.78154 0 0 0
vn 0.210138 -0.764399 -0.609537
v -0.398056 0.233923 -4.78158 0 0 0
vn -0.217881 -0.822599 -0.525222
v -0.398492 0.234049 -4.78156 0 0 0
vn -0.1439 -0.799111 -0.583708
v -0.381755 0.229056 -4.78121 0 0 0
vn -0.283355 -0.81812 -0.50039
v -0.365978 0.223186 -4.78209 0 0 0
vn -0.370941 -0.80896 -0.456056
v -0.350138 0.216352 -4.78147 0 0 0
vn -0.330657 -0.881533 -0.336996
v -0.354107 0.21799 -4.78159 0 0 0
vn -0.327347 -0.86018 -0.391069
v -0.334006 0.209658 -4.78152 0 0 0
vn -0.362985 -0.88661 -0.286643
v -0.302387 0.198457 -4.78126 0 0 0
vn -0.195381 -0.967812 -0.158639
v -0.315069 0.202132 -4.78169 0 0 0
vn -0.304741 -0.925876 -0.223352
v -0.286368 0.196419 -4.78154 0 0 0
vn -0.136904 -0.98366 -0.11692
v -0.270534 0.194738 -4.78162 0 0 0
vn -0.150575 -0.985471 -0.0785723
v -0.318233 0.20324 -4.78131 0 0 0
vn -0.37545 -0.88984 -0.259271
v -0.41446 0.237556 -4.78198 0 0 0
vn -0.0990546 -0.791153 -0.603544
v -0.254145 0.191712 -4.78165 0 0 0
vn -0.214085 -0.971835 -0.0985078
v -0.238185 0.187467 -4.78158 0 0 0
vn -0.240277 -0.964149 -0.11262
v -0.222115 0.1842 -4.78165 0 0 0
vn -0.229913 -0.960421 -0.157261
v -0.231402 0.186035 -4.78158 0 0 0
vn -0.190191 -0.971869 -0.138919
v -0.206258 0.179974 -4.78132 0 0 0
vn -0.212168 -0.962241 -0.170522
v -0.190209 0.177002 -4.78142 0 0 0
vn -0.149228 -0.975012 -0.164569
v -0.174067 0.175153 -4.78193 0 0 0
vn -0.104126 -0.983481 -0.148067
v -0.157804 0.173696 -4.78137 0 0 0
vn -0.0549428 -0.986278 -0.155686
v -0.429765 0.234107 -4.78359 0 0 0
vn 0.38832 -0.70855 -0.589207
v -0.398069 0.234059 -4.78177 0 0 0
vn -0.261616 -0.776829 -0.572794
v -0.382168 0.233963 -4.78819 0 0 0
vn -0.307046 -0.795052 -0.523082
v -0.349949 0.217952 -4.78532 0 0 0
vn -0.385086 -0.859211 -0.336845
v -0.222003 0.186041 -4.79615 0 0 0
vn -0.206266 -0.969812 -0.130071
v -0.142099 0.170079 -4.76558 0 0 0
vn -0.0186982 -0.980587 -0.195193
v -0.477694 0.21619 -4.76572 0 0 0
vn -0.0168729 -0.949383 -0.313668
v -0.126116 0.170441 -4.76555 0 0 0
vn 0.0715922 -0.970302 -0.23106
v -0.461992 0.215877 -4.7656 0 0 0
vn -0.0106698 -0.957384 -0.28862
v -0.110313 0.172213 -4.76553 0 0 0
vn 0.13524 -0.951983 -0.27466
v -0.446273 0.215587 -4.76545 0 0 0
vn 0.0425037 -0.95689 -0.287325
v -0.0942942 0.17481 -4.76567 0 0 0
vn 0.118002 -0.948095 -0.295283
v -0.435551 0.218212 -4.76595 0 0 0
vn 0.294707 -0.845225 -0.445805
v -0.429987 0.220137 -4.76532 0 0 0
vn 0.252354 -0.822305 -0.510031
v -0.0800598 0.175262 -4.76466 0 0 0
vn 0.0738172 -0.955541 -0.285467
v -0.414412 0.22445 -4.7657 0 0 0
vn 0.109471 -0.840062 -0.531331
v -0.398633 0.223616 -4.76555 0 0 0
vn -0.119283 -0.858067 -0.499492
v -0.365647 0.214312 -4.76549 0 0 0
vn -0.273192 -0.904164 -0.328411
v -0.376922 0.218138 -4.76571 0 0 0
vn -0.289155 -0.863843 -0.41251
v -0.382174 0.219681 -4.76546 0 0 0
vn -0.22096 -0.84306 -0.490332
v -0.349885 0.20957 -4.76554 0 0 0
vn -0.281172 -0.901819 -0.328124
v -0.334181 0.204677 -4.76568 0 0 0
vn -0.312566 -0.899405 -0.30557
v -0.31778 0.19968 -4.76521 0 0 0
vn -0.195806 -0.969016 -0.15056
v -0.326041 0.202015 -4.76563 0 0 0
vn -0.282893 -0.932318 -0.225288
v -0.301799 0.19655 -4.76606 0 0 0
vn -0.163963 -0.979693 -0.115403
v -0.285714 0.194672 -4.76539 0 0 0
vn -0.121128 -0.986847 -0.107056
v -0.269626 0.192376 -4.7653 0 0 0
vn -0.205407 -0.96481 -0.164165
v -0.23791 0.184384 -4.76533 0 0 0
vn -0.203225 -0.968591 -0.143289
v -0.244961 0.186115 -4.76567 0 0 0
vn -0.221962 -0.957798 -0.182635
v -0.254154 0.188518 -4.76571 0 0 0
vn -0.243615 -0.947729 -0.206062
v -0.222049 0.181105 -4.76594 0 0 0
vn -0.229163 -0.961596 -0.151054
v -0.205942 0.176806 -4.76551 0 0 0
vn -0.20808 -0.967729 -0.142136
v -0.190141 0.174143 -4.76525 0 0 0
vn -0.151778 -0.977705 -0.145112
v -0.174142 0.172456 -4.76571 0 0 0
vn -0.100404 -0.981028 -0.165838
v -0.158201 0.17096 -4.76558 0 0 0
vn -0.0683426 -0.98176 -0.177414
v -0.477508 0.218113 -4.77054 0 0 0
vn -0.0214593 -0.906519 -0.421618
v -0.462289 0.218268 -4.77165 0 0 0
vn 5.2767e-05 -0.895481 -0.445099
v -0.446302 0.218074 -4.77195 0 0 0
vn 0.0809127 -0.882209 -0.463854
v -0.413929 0.2343 -4.77846 0 0 0
vn -0.00941597 -0.799437 -0.600676
v -0.366107 0.218063 -4.77291 0 0 0
vn -0.305806 -0.84542 -0.437891
v -0.317929 0.201935 -4.77638 0 0 0
vn -0.280606 -0.940988 -0.189213
v -0.238151 0.186113 -4.77392 0 0 0
vn -0.224724 -0.957199 -0.182397
v -0.494244 0.21738 -4.74894 0 0 0
vn -0.188805 -0.97507 0.116579
v -0.110102 0.167508 -4.74955 0 0 0
vn 0.0758223 -0.956941 -0.280206
v -0.496053 0.217959 -4.75 0 0 0
vn -0.282951 -0.958308 -0.0398115
v -0.0941301 0.169421 -4.74952 0 0 0
vn 0.117048 -0.94202 -0.314481
v -0.0894656 0.170102 -4.74972 0 0 0
vn 0.111788 -0.949119 -0.294408
v -0.478091 0.211783 -4.7502 0 0 0
vn -0.0911404 -0.995733 0.0144446
v -0.0775592 0.17164 -4.74943 0 0 0
vn 0.143301 -0.955 -0.25969
v -0.461748 0.211623 -4.74922 0 0 0
vn -0.0719259 -0.994086 -0.0813593
v -0.445308 0.211086 -4.74979 0 0 0
vn 0.135713 -0.975059 -0.17562
v -0.429811 0.215148 -4.74913 0 0 0
vn 0.176611 -0.96677 -0.184834
v -0.41418 0.217659 -4.74961 0 0 0
vn 0.0660257 -0.974218 -0.215732
v -0.398325 0.216502 -4.74964 0 0 0
vn -0.134432 -0.957598 -0.254821
v -0.333811 0.200512 -4.74933 0 0 0
vn -0.200658 -0.973116 -0.113052
v -0.340034 0.20205 -4.74967 0 0 0
vn -0.241524 -0.952086 -0.18761
v -0.382105 0.212912 -4.74894 0 0 0
vn -0.214397 -0.942433 -0.256621
v -0.366545 0.209405 -4.75019 0 0 0
vn -0.250678 -0.927086 -0.278697
v -0.350438 0.204769 -4.74941 0 0 0
vn -0.252407 -0.938374 -0.236103
v -0.318488 0.197308 -4.74996 0 0 0
vn -0.183961 -0.974249 -0.130376
v -0.302248 0.195014 -4.74954 0 0 0
vn -0.141952 -0.984131 -0.106468
v -0.286453 0.193138 -4.74986 0 0 0
vn -0.163325 -0.977012 -0.137015
v -0.270514 0.189503 -4.74907 0 0 0
vn -0.242608 -0.954263 -0.174708
v -0.17418 0.169759 -4.74944 0 0 0
vn -0.146619 -0.976568 -0.157534
v -0.175995 0.17008 -4.74986 0 0 0
vn -0.14186 -0.981702 -0.127029
v -0.158167 0.16783 -4.74966 0 0 0
vn -0.095353 -0.978933 -0.180549
v -0.142579 0.166853 -4.74946 0 0 0
vn -0.0378453 -0.98098 -0.190385
v -0.254062 0.184722 -4.74922 0 0 0
vn -0.18515 -0.971417 -0.148551
v -0.258848 0.186167 -4.75018 0 0 0
vn -0.274049 -0.944282 -0.182286
v -0.238117 0.182202 -4.74982 0 0 0
vn -0.169508 -0.977424 -0.12613
v -0.222045 0.179112 -4.74921 0 0 0
vn -0.208223 -0.97427 -0.0862619
v -0.206208 0.175394 -4.75021 0 0 0
vn -0.209052 -0.974636 -0.0798889
v -0.190332 0.172313 -4.74883 0 0 0
vn -0.187765 -0.978192 -0.088793
v -0.126135 0.166805 -4.74953 0 0 0
vn 0.00471975 -0.975088 -0.221767
v -0.110121 0.170042 -4.75815 0 0 0
vn 0.111585 -0.952707 -0.282662
v -0.0940263 0.17003 -4.75113 0 0 0
vn 0.136468 -0.94201 -0.306584
v -0.430318 0.217805 -4.76018 0 0 0
vn 0.217941 -0.936491 -0.274748
v -0.413819 0.217913 -4.75059 0 0 0
vn 0.0545334 -0.916784 -0.395643
v -0.142084 0.17007 -4.76554 0 0 0
vn -0.0221452 -0.979093 -0.202205
v -0.397571 0.217954 -4.75412 0 0 0
vn -0.15106 -0.901389 -0.405806
v -0.126115 0.170068 -4.76396 0 0 0
vn 0.0484282 -0.970944 -0.234354
v -0.334094 0.201999 -4.75638 0 0 0
vn -0.255994 -0.939746 -0.226591
v -0.381769 0.217959 -4.76228 0 0 0
vn -0.211433 -0.90856 -0.360299
v -0.173999 0.170013 -4.75108 0 0 0
vn -0.0996802 -0.980735 -0.167995
v -0.157982 0.170051 -4.76097 0 0 0
vn -0.0869003 -0.977811 -0.190614
v -0.253946 0.186035 -4.75578 0 0 0
vn -0.21442 -0.955904 -0.200677
v -0.493787 0.217277 -4.73347 0 0 0
vn -0.0556188 -0.998452 0.000959728
v -0.110181 0.162739 -4.73343 0 0 0
vn 0.00911836 -0.965773 -0.259228
v -0.498936 0.218131 -4.73367 0 0 0
vn -0.38393 -0.923282 0.0121482
v -0.093772 0.164057 -4.73393 0 0 0
vn 0.120227 -0.943127 -0.309931
v -0.0776713 0.16656 -4.73343 0 0 0
vn 0.179854 -0.933485 -0.310254
v -0.477804 0.216468 -4.7339 0 0 0
vn -0.180259 -0.978352 0.101658
v -0.0620967 0.170048 -4.73359 0 0 0
vn 0.247008 -0.932138 -0.264774
v -0.461954 0.211767 -4.73359 0 0 0
vn -0.202098 -0.978522 0.0406223
v -0.0619006 0.170061 -4.73353 0 0 0
vn 0.225902 -0.947732 -0.225326
v -0.446569 0.210039 -4.73337 0 0 0
vn 0.00779901 -0.999944 -0.00720273
v -0.43011 0.212879 -4.73334 0 0 0
vn 0.139199 -0.987148 -0.0784976
v -0.413947 0.2144 -4.73409 0 0 0
vn 0.0102549 -0.988342 -0.151905
v -0.397841 0.212757 -4.73324 0 0 0
vn -0.161886 -0.975885 -0.146428
v -0.350053 0.202045 -4.73357 0 0 0
vn -0.178526 -0.977295 -0.114123
v -0.350093 0.202055 -4.73358 0 0 0
vn -0.217653 -0.964875 -0.147115
v -0.33448 0.198947 -4.73382 0 0 0
vn -0.188895 -0.976814 -0.100766
v -0.382022 0.209366 -4.7337 0 0 0
vn -0.217005 -0.964243 -0.152135
v -0.365793 0.205588 -4.73351 0 0 0
vn -0.236088 -0.957502 -0.165691
v -0.318025 0.196003 -4.73359 0 0 0
vn -0.175127 -0.980052 -0.0939598
v -0.301981 0.193171 -4.73344 0 0 0
vn -0.171021 -0.975947 -0.1352
v -0.285417 0.190285 -4.73358 0 0 0
vn -0.209471 -0.964426 -0.16126
v -0.270035 0.18643 -4.73344 0 0 0
vn -0.240917 -0.952752 -0.184995
v -0.174235 0.167388 -4.73364 0 0 0
vn -0.173079 -0.971348 -0.162872
v -0.186637 0.170105 -4.73384 0 0 0
vn -0.191147 -0.974299 -0.119181
v -0.157857 0.164784 -4.73322 0 0 0
vn -0.104727 -0.976133 -0.190255
v -0.141549 0.163872 -4.73412 0 0 0
vn -0.0409458 -0.978993 -0.199741
v -0.25423 0.182263 -4.73287 0 0 0
vn -0.17865 -0.96916 -0.169746
v -0.26873 0.186094 -4.73372 0 0 0
vn -0.261479 -0.951536 -0.16189
v -0.23805 0.180277 -4.73413 0 0 0
vn -0.133356 -0.981696 -0.135974
v -0.222035 0.17818 -4.73332 0 0 0
vn -0.165018 -0.98017 -0.109709
v -0.205722 0.174733 -4.7338 0 0 0
vn -0.221317 -0.97184 -0.0809014
v -0.190095 0.170853 -4.73324 0 0 0
vn -0.234693 -0.967033 -0.0988228
v -0.126211 0.163128 -4.73316 0 0 0
vn -0.0338894 -0.976517 -0.21276
v -0.0785413 0.169902 -4.7439 0 0 0
vn 0.166465 -0.938019 -0.30399
v -0.062097 0.170068 -4.73366 0 0 0
vn 0.193598 -0.935539 -0.295444
v -0.350048 0.202054 -4.73365 0 0 0
vn -0.218387 -0.964952 -0.145516
v -0.109995 0.158488 -4.71691 0 0 0
vn -0.0485457 -0.96375 -0.262352
v -0.494209 0.216985 -4.71787 0 0 0
vn -0.0644706 -0.99703 0.042134
v -0.094168 0.158765 -4.7179 0 0 0
vn 0.0771738 -0.94778 -0.309445
v -0.497645 0.217974 -4.71748 0 0 0
vn -0.510452 -0.853117 0.107844
v -0.0783212 0.161115 -4.71734 0 0 0
vn 0.20743 -0.925621 -0.31654
v -0.508438 0.225647 -4.7167 0 0 0
vn -0.573335 -0.796135 0.193537
v -0.0617552 0.166401 -4.71799 0 0 0
vn 0.252602 -0.919834 -0.300162
v -0.478572 0.217052 -4.71752 0 0 0
vn -0.104999 -0.993323 0.0477915
v -0.0460764 0.17006 -4.71757 0 0 0
vn 0.269884 -0.906812 -0.323814
v -0.462133 0.213018 -4.71752 0 0 0
vn -0.183458 -0.98013 0.075418
v -0.445431 0.210246 -4.71728 0 0 0
vn -0.0252548 -0.993215 0.113517
v -0.430112 0.212291 -4.71805 0 0 0
vn 0.110031 -0.993861 0.0115664
v -0.413961 0.213207 -4.71749 0 0 0
vn -0.0418372 -0.997798 -0.0514641
v -0.398012 0.211124 -4.71755 0 0 0
vn -0.162187 -0.98382 -0.0761126
v -0.349919 0.199857 -4.71733 0 0 0
vn -0.168817 -0.97931 -0.111596
v -0.360908 0.202072 -4.7177 0 0 0
vn -0.21121 -0.970925 -0.112675
v -0.33401 0.197434 -4.71769 0 0 0
vn -0.174975 -0.979244 -0.102298
v -0.382098 0.20796 -4.71757 0 0 0
vn -0.235861 -0.967525 -0.0909087
v -0.366068 0.20329 -4.71739 0 0 0
vn -0.266644 -0.957083 -0.113546
v -0.317938 0.194285 -4.71763 0 0 0
vn -0.194724 -0.974524 -0.111292
v -0.301771 0.190584 -4.71727 0 0 0
vn -0.166381 -0.983093 -0.0764597
v -0.269918 0.183328 -4.71811 0 0 0
vn -0.260942 -0.957693 -0.121377
v -0.279668 0.186187 -4.71709 0 0 0
vn -0.285981 -0.956253 -0.0616041
v -0.286293 0.187972 -4.71805 0 0 0
vn -0.188113 -0.979054 -0.0778956
v -0.19007 0.168498 -4.71744 0 0 0
vn -0.244609 -0.957973 -0.149845
v -0.195389 0.170104 -4.71779 0 0 0
vn -0.249121 -0.957101 -0.147976
v -0.174015 0.164454 -4.71779 0 0 0
vn -0.197014 -0.967109 -0.160893
v -0.158202 0.1615 -4.71735 0 0 0
vn -0.120708 -0.977957 -0.170383
v -0.142452 0.160549 -4.71773 0 0 0
vn -0.059487 -0.981061 -0.184338
v -0.254138 0.179043 -4.71697 0 0 0
vn -0.188531 -0.977348 -0.0961582
v -0.238096 0.177917 -4.71811 0 0 0
vn -0.11167 -0.986032 -0.123578
v -0.222248 0.175995 -4.71737 0 0 0
vn -0.152042 -0.979688 -0.130744
v -0.20658 0.17297 -4.71756 0 0 0
vn -0.21467 -0.966444 -0.141079
v -0.126167 0.1598 -4.71787 0 0 0
vn -0.0604082 -0.974479 -0.216198
v -0.0460895 0.170081 -4.71768 0 0 0
vn 0.227141 -0.947445 -0.225288
v -0.270068 0.186076 -4.732 0 0 0
vn -0.253927 -0.951281 -0.174887
v -0.189953 0.170003 -4.72713 0 0 0
vn -0.235828 -0.960691 -0.146485
v -0.510597 0.23266 -4.70196 0 0 0
vn -0.570293 -0.781809 0.252072
v -0.141779 0.15766 -4.70104 0 0 0
vn -0.10559 -0.981768 -0.15806
v -0.512702 0.23435 -4.70103 0 0 0
vn -0.575066 -0.802803 0.157498
v -0.125987 0.15607 -4.70206 0 0 0
vn -0.0960615 -0.970259 -0.222193
v -0.493818 0.220802 -4.70147 0 0 0
vn -0.383844 -0.855499 0.347541
v -0.11007 0.154323 -4.70161 0 0 0
vn -0.103789 -0.966966 -0.232817
v -0.461878 0.213907 -4.70131 0 0 0
vn -0.122809 -0.97989 0.157271
v -0.477957 0.218055 -4.7016 0 0 0
vn -0.233264 -0.957525 0.169509
v -0.0938592 0.153279 -4.70163 0 0 0
vn -2.88025e-05 -0.961627 -0.274361
v -0.478 0.218075 -4.70159 0 0 0
vn -0.268592 -0.913963 0.304189
v -0.108592 0.15407 -4.70152 0 0 0
vn -0.0667184 -0.962092 -0.264438
v -0.0851719 0.154091 -4.7016 0 0 0
vn 0.104299 -0.940138 -0.324442
v -0.446727 0.214082 -4.70165 0 0 0
vn -0.0488033 -0.980699 0.189334
v -0.0781227 0.15536 -4.70152 0 0 0
vn 0.216312 -0.903753 -0.369376
v -0.430077 0.21334 -4.70189 0 0 0
vn -0.0307491 -0.995469 0.0899784
v -0.414236 0.21207 -4.70116 0 0 0
vn -0.103472 -0.994557 -0.0122756
v -0.0620114 0.159709 -4.70189 0 0 0
vn 0.26465 -0.889694 -0.372029
v -0.398325 0.21042 -4.702 0 0 0
vn -0.172597 -0.983106 -0.0609404
v -0.0469673 0.164895 -4.70146 0 0 0
vn 0.309121 -0.87225 -0.378978
v -0.366077 0.201922 -4.70152 0 0 0
vn -0.220322 -0.968247 -0.118132
v -0.366456 0.202046 -4.7017 0 0 0
vn -0.273051 -0.954753 -0.117851
v -0.350321 0.198499 -4.70205 0 0 0
vn -0.184963 -0.977768 -0.0987806
v -0.334034 0.195643 -4.70143 0 0 0
vn -0.182999 -0.976774 -0.111463
v -0.381936 0.206401 -4.70107 0 0 0
vn -0.257729 -0.961331 -0.0970467
v -0.31807 0.192295 -4.70152 0 0 0
vn -0.202762 -0.971598 -0.122002
v -0.302557 0.189674 -4.70132 0 0 0
vn -0.0800626 -0.995172 -0.056769
v -0.270282 0.1831 -4.70226 0 0 0
vn -0.29828 -0.954471 -0.00376988
v -0.277043 0.186142 -4.70085 0 0 0
vn -0.363579 -0.930704 0.0399896
v -0.286211 0.188881 -4.70205 0 0 0
vn -0.147221 -0.988049 0.0456621
v -0.206116 0.170015 -4.70156 0 0 0
vn -0.235362 -0.959444 -0.15515
v -0.206283 0.170071 -4.70163 0 0 0
vn -0.22235 -0.961802 -0.159679
v -0.190259 0.165956 -4.70162 0 0 0
vn -0.234 -0.961646 -0.143115
v -0.17401 0.162061 -4.70133 0 0 0
vn -0.199909 -0.971546 -0.127023
v -0.158092 0.159373 -4.702 0 0 0
vn -0.129177 -0.983218 -0.128824
v -0.253995 0.178493 -4.70136 0 0 0
vn -0.202888 -0.978626 -0.0335949
v -0.238126 0.176229 -4.70168 0 0 0
vn -0.153212 -0.983857 -0.0924766
v -0.221986 0.173653 -4.70137 0 0 0
vn -0.193501 -0.971291 -0.138389
v -0.493981 0.218592 -4.70656 0 0 0
vn -0.332362 -0.915724 0.225798
v -0.206052 0.17005 -4.70183 0 0 0
vn -0.24619 -0.954559 -0.167949
v -0.478061 0.21803 -4.70203 0 0 0
vn -0.150964 -0.981556 0.117293
v -0.0941776 0.15407 -4.70415 0 0 0
vn -0.000292931 -0.953121 -0.302589
v -0.366143 0.202089 -4.7032 0 0 0
vn -0.253484 -0.963784 -0.0828663
v -0.318101 0.190937 -4.68575 0 0 0
vn -0.210933 -0.974656 -0.0745192
v -0.309663 0.187932 -4.68581 0 0 0
vn -0.0833431 -0.996081 -0.0295996
v -0.301747 0.189876 -4.68529 0 0 0
vn 0.247248 -0.958113 0.14453
v -0.293938 0.19064 -4.68631 0 0 0
vn -0.00445127 -0.988626 0.150326
v -0.286078 0.190351 -4.68546 0 0 0
vn -0.350005 -0.936288 0.0293291
v -0.494277 0.228112 -4.68602 0 0 0
vn -0.361693 -0.898592 0.248418
v -0.125947 0.152955 -4.68568 0 0 0
vn -0.163179 -0.961395 -0.221568
v -0.508 0.234307 -4.68516 0 0 0
vn -0.488643 -0.8432 0.224146
v -0.132192 0.15399 -4.68542 0 0 0
vn -0.165187 -0.971202 -0.171698
v -0.477681 0.221469 -4.68529 0 0 0
vn -0.294115 -0.948195 0.12009
v -0.110253 0.150059 -4.6854 0 0 0
vn -0.143647 -0.958839 -0.244934
v -0.461993 0.218138 -4.68557 0 0 0
vn -0.192129 -0.969769 0.15045
v -0.142259 0.155629 -4.68567 0 0 0
vn -0.14176 -0.979553 -0.14276
v -0.445629 0.21697 -4.68566 0 0 0
vn -0.0933478 -0.985017 0.145012
v -0.0944169 0.148852 -4.68586 0 0 0
vn -0.0432876 -0.957108 -0.28648
v -0.460404 0.218 -4.68559 0 0 0
vn -0.0450959 -0.980425 0.19166
v -0.0783275 0.148952 -4.68536 0 0 0
vn 0.0761199 -0.93756 -0.339392
v -0.43009 0.214531 -4.68541 0 0 0
vn -0.143004 -0.985059 0.0959595
v -0.062174 0.151584 -4.68565 0 0 0
vn 0.185824 -0.908687 -0.373841
v -0.413823 0.212088 -4.68566 0 0 0
vn -0.175021 -0.984419 0.0169575
v -0.397919 0.208925 -4.68547 0 0 0
vn -0.252581 -0.963781 -0.0856043
v -0.0537521 0.154219 -4.68565 0 0 0
vn 0.296619 -0.869925 -0.394015
v -0.365916 0.199747 -4.68514 0 0 0
vn -0.208229 -0.96796 -0.140336
v -0.0459379 0.156736 -4.68529 0 0 0
vn 0.216016 -0.901736 -0.374447
v -0.373391 0.202026 -4.6859 0 0 0
vn -0.27813 -0.949713 -0.143837
v -0.349835 0.1966 -4.6861 0 0 0
vn -0.181307 -0.976571 -0.115914
v -0.333777 0.193545 -4.68512 0 0 0
vn -0.170478 -0.980842 -0.0942623
v -0.38212 0.20475 -4.68552 0 0 0
vn -0.270214 -0.951678 -0.145921
v -0.269802 0.183135 -4.68578 0 0 0
vn -0.305168 -0.949867 -0.06801
v -0.275886 0.185833 -4.68539 0 0 0
vn -0.372794 -0.915916 -0.148734
v -0.51001 0.23518 -4.68601 0 0 0
vn -0.48435 -0.821095 0.302008
v -0.205575 0.167065 -4.68529 0 0 0
vn -0.21813 -0.960271 -0.174068
v -0.216866 0.17008 -4.68583 0 0 0
vn -0.244026 -0.955516 -0.165653
v -0.189797 0.163577 -4.68557 0 0 0
vn -0.211871 -0.965899 -0.148829
v -0.174291 0.160327 -4.68584 0 0 0
vn -0.189426 -0.97361 -0.127287
v -0.158105 0.157753 -4.6855 0 0 0
vn -0.14307 -0.981575 -0.126654
v -0.253979 0.178131 -4.68582 0 0 0
vn -0.232957 -0.970197 -0.0666983
v -0.237764 0.174618 -4.68522 0 0 0
vn -0.206246 -0.971621 -0.115825
v -0.222103 0.171392 -4.68553 0 0 0
vn -0.21396 -0.965542 -0.148157
v -0.509824 0.2339 -4.69282 0 0 0
vn -0.491213 -0.832965 0.254712
v -0.126314 0.154125 -4.69153 0 0 0
vn -0.117362 -0.977022 -0.177917
v -0.462048 0.21807 -4.68585 0 0 0
vn -0.216762 -0.949041 0.228771
v -0.110077 0.15407 -4.70064 0 0 0
vn -0.152954 -0.959568 -0.236292
v -0.0780944 0.15402 -4.69826 0 0 0
vn 0.166928 -0.910724 -0.377778
v -0.0621794 0.153952 -4.69021 0 0 0
vn 0.231886 -0.874302 -0.426409
v -0.31836 0.190294 -4.67763 0 0 0
vn -0.160609 -0.983701 -0.0808508
v -0.310507 0.189728 -4.67759 0 0 0
vn -0.0241778 -0.998773 0.0432111
v -0.302736 0.190773 -4.67759 0 0 0
vn 0.291186 -0.949901 0.113574
v -0.299832 0.193763 -4.67756 0 0 0
vn 0.451432 -0.88957 0.0698158
v -0.285931 0.188221 -4.67756 0 0 0
vn -0.880281 -0.451672 -0.145251
v -0.289082 0.193647 -4.67751 0 0 0
vn -0.650798 -0.72678 -0.219663
v -0.293948 0.196437 -4.6776 0 0 0
vn -0.0107946 -0.999915 0.00731056
v -0.294022 0.193859 -4.68279 0 0 0
vn 0.0139892 -0.884947 0.465482
v -0.317534 0.189145 -4.66963 0 0 0
vn -0.0751282 -0.994166 0.0773919
v -0.309567 0.190039 -4.66947 0 0 0
vn 0.118112 -0.991841 0.04797
v -0.30183 0.191574 -4.66969 0 0 0
vn 0.176026 -0.97032 -0.165814
v -0.286074 0.184482 -4.66948 0 0 0
vn -0.333109 -0.885117 -0.324972
v -0.288563 0.185996 -4.6697 0 0 0
vn -0.562594 -0.743897 -0.360701
v -0.293898 0.190269 -4.66922 0 0 0
vn -0.468512 -0.750995 -0.465299
v -0.334225 0.192342 -4.66953 0 0 0
vn -0.137902 -0.986518 -0.0881204
v -0.325964 0.191319 -4.66954 0 0 0
vn -0.157301 -0.987434 -0.0151902
v -0.285926 0.18618 -4.67342 0 0 0
vn -0.416612 -0.8469 -0.330446
v -0.294365 0.193945 -4.6715 0 0 0
vn -0.0562019 -0.870418 -0.489096
v -0.206747 0.164265 -4.67 0 0 0
vn -0.227402 -0.956092 -0.184866
v -0.190777 0.161137 -4.66941 0 0 0
vn -0.18625 -0.967172 -0.172884
v -0.174064 0.158006 -4.66957 0 0 0
vn -0.172582 -0.971467 -0.162689
v -0.141938 0.152746 -4.66926 0 0 0
vn -0.19114 -0.959308 -0.207829
v -0.149128 0.15407 -4.66967 0 0 0
vn -0.164093 -0.97023 -0.17812
v -0.158129 0.15546 -4.66965 0 0 0
vn -0.15475 -0.976897 -0.147393
v -0.494214 0.230449 -4.67011 0 0 0
vn -0.441286 -0.883089 0.159436
v -0.499638 0.234341 -4.66899 0 0 0
vn -0.547957 -0.793586 0.264507
v -0.270217 0.180105 -4.6696 0 0 0
vn -0.242181 -0.937588 -0.249553
v -0.253879 0.176499 -4.66971 0 0 0
vn -0.226902 -0.958298 -0.173723
v -0.478319 0.221828 -4.66946 0 0 0
vn -0.313839 -0.923567 0.220292
v -0.238264 0.17289 -4.6696 0 0 0
vn -0.237102 -0.957127 -0.166402
v -0.462063 0.220572 -4.66974 0 0 0
vn -0.109193 -0.978752 0.173553
v -0.227855 0.170047 -4.66968 0 0 0
vn -0.25128 -0.948439 -0.193188
v -0.430002 0.216722 -4.66967 0 0 0
vn -0.218802 -0.97092 0.0971612
v -0.435357 0.218073 -4.66944 0 0 0
vn -0.187322 -0.969691 0.156872
v -0.446091 0.219802 -4.66954 0 0 0
vn -0.0936094 -0.97868 0.182821
v -0.126293 0.149592 -4.6702 0 0 0
vn -0.19897 -0.956774 -0.21212
v -0.110155 0.145783 -4.66936 0 0 0
vn -0.172513 -0.954196 -0.244435
v -0.414099 0.212485 -4.66982 0 0 0
vn -0.269105 -0.962876 0.02126
v -0.0939705 0.143345 -4.66961 0 0 0
vn -0.0821108 -0.952148 -0.2944
v -0.397815 0.207408 -4.66904 0 0 0
vn -0.34493 -0.937351 -0.0489522
v -0.0781715 0.143113 -4.66919 0 0 0
vn 0.0482579 -0.943603 -0.327542
v -0.382016 0.201335 -4.66952 0 0 0
vn -0.282007 -0.948569 -0.143839
v -0.061991 0.145392 -4.66976 0 0 0
vn 0.241863 -0.916473 -0.318716
v -0.383761 0.202024 -4.6698 0 0 0
vn -0.35946 -0.925716 -0.117633
v -0.0459667 0.152098 -4.66959 0 0 0
vn 0.227036 -0.92935 -0.291141
v -0.366269 0.197184 -4.66956 0 0 0
vn -0.204118 -0.968425 -0.143141
v -0.350173 0.194493 -4.66968 0 0 0
vn -0.153787 -0.980691 -0.120808
v -0.0301454 0.153078 -4.66946 0 0 0
vn 0.110898 -0.959311 -0.25966
v -0.510773 0.242654 -4.67054 0 0 0
vn -0.550474 -0.807406 0.212308
v -0.523615 0.249869 -4.66722 0 0 0
vn -0.45113 -0.879487 0.151602
v -0.221989 0.168317 -4.66928 0 0 0
vn -0.240445 -0.947965 -0.208683
v -0.142224 0.154061 -4.6759 0 0 0
vn -0.1659 -0.970956 -0.1724
v -0.222174 0.170056 -4.67766 0 0 0
vn -0.239135 -0.955749 -0.171342
v -0.446172 0.218002 -4.6792 0 0 0
vn -0.104165 -0.980923 0.164131
v -0.3822 0.202084 -4.67242 0 0 0
vn -0.290377 -0.943544 -0.159395
v -0.0458852 0.153908 -4.67703 0 0 0
vn 0.22479 -0.931685 -0.285364
v -0.0299911 0.15401 -4.67322 0 0 0
vn 0.0774119 -0.951699 -0.297112
v -0.334061 0.191698 -4.66147 0 0 0
vn -0.0991459 -0.992112 -0.0767124
v -0.326031 0.191328 -4.66158 0 0 0
vn -0.0227702 -0.998782 -0.0437642
v -0.318299 0.191515 -4.66166 0 0 0
vn -0.0712118 -0.992812 0.0961925
v -0.310427 0.19101 -4.66145 0 0 0
vn -0.0376115 -0.998555 0.0383881
v -0.302217 0.190758 -4.66165 0 0 0
vn -0.201952 -0.959237 -0.197685
v -0.286052 0.181719 -4.66141 0 0 0
vn -0.306434 -0.906646 -0.289984
v -0.293336 0.186082 -4.66166 0 0 0
vn -0.52955 -0.789922 -0.309193
v -0.294059 0.186539 -4.66149 0 0 0
vn -0.428387 -0.813052 -0.394248
v -0.334106 0.191353 -4.65352 0 0 0
vn -0.0854699 -0.996256 -0.0130188
v -0.326374 0.190794 -4.65357 0 0 0
vn -0.0514845 -0.996663 -0.0633429
v -0.318113 0.191119 -4.65372 0 0 0
vn -0.0554597 -0.98807 -0.143672
v -0.309881 0.18995 -4.65345 0 0 0
vn -0.162681 -0.953107 -0.25519
v -0.302094 0.188005 -4.65353 0 0 0
vn -0.307035 -0.904479 -0.296054
v -0.294073 0.183187 -4.65342 0 0 0
vn -0.450447 -0.861271 -0.235181
v -0.298506 0.186186 -4.65375 0 0 0
vn -0.47173 -0.830919 -0.295032
v -0.285895 0.17933 -4.65381 0 0 0
vn -0.303577 -0.9246 -0.23012
v -0.294027 0.186035 -4.66035 0 0 0
vn -0.472954 -0.823134 -0.314269
v -0.205637 0.160946 -4.65373 0 0 0
vn -0.193067 -0.964587 -0.179711
v -0.189259 0.158013 -4.65352 0 0 0
vn -0.188401 -0.967864 -0.166564
v -0.174115 0.154774 -4.65361 0 0 0
vn -0.188464 -0.964382 -0.185605
v -0.525853 0.253185 -4.65422 0 0 0
vn -0.437351 -0.893879 0.0985114
v -0.158019 0.152587 -4.65361 0 0 0
vn -0.174474 -0.957441 -0.229925
v -0.168959 0.15406 -4.6536 0 0 0
vn -0.142749 -0.967092 -0.210607
v -0.477764 0.228176 -4.65378 0 0 0
vn -0.347156 -0.880536 0.322706
v -0.486171 0.234156 -4.65318 0 0 0
vn -0.450223 -0.842463 0.295899
v -0.142495 0.149183 -4.65337 0 0 0
vn -0.18981 -0.953973 -0.232179
v -0.461859 0.223113 -4.65348 0 0 0
vn -0.164823 -0.962502 0.215463
v -0.270537 0.175408 -4.65321 0 0 0
vn -0.233218 -0.930175 -0.283521
v -0.445814 0.222763 -4.65353 0 0 0
vn -0.154576 -0.976783 0.148325
v -0.254571 0.17256 -4.65371 0 0 0
vn -0.18857 -0.941152 -0.280489
v -0.42997 0.218652 -4.65386 0 0 0
vn -0.256502 -0.963214 0.0801564
v -0.243709 0.170122 -4.6537 0 0 0
vn -0.209542 -0.944298 -0.253758
v -0.414175 0.213257 -4.65429 0 0 0
vn -0.325008 -0.944927 0.0384925
v -0.428268 0.218107 -4.65333 0 0 0
vn -0.329135 -0.941923 0.0667233
v -0.398379 0.207374 -4.65317 0 0 0
vn -0.39351 -0.919254 0.0110673
v -0.0780981 0.137865 -4.65357 0 0 0
vn -0.0068913 -0.957385 -0.288734
v -0.0873569 0.138088 -4.65345 0 0 0
vn -0.0658621 -0.959547 -0.273738
v -0.381995 0.198847 -4.65368 0 0 0
vn -0.304827 -0.952227 -0.0185455
v -0.125932 0.146046 -4.65384 0 0 0
vn -0.208206 -0.954481 -0.213578
v -0.388762 0.202254 -4.6537 0 0 0
vn -0.420025 -0.907489 -0.00653824
v -0.109538 0.142005 -4.65344 0 0 0
vn -0.200271 -0.954503 -0.22094
v -0.366038 0.194971 -4.65331 0 0 0
vn -0.220409 -0.972817 -0.0710477
v -0.0939565 0.138919 -4.65368 0 0 0
vn -0.168285 -0.952144 -0.255151
v -0.349789 0.192808 -4.65393 0 0 0
vn -0.11587 -0.98987 -0.0820413
v -0.0752166 0.138087 -4.65374 0 0 0
vn 0.120076 -0.943185 -0.309812
v -0.06217 0.140109 -4.65359 0 0 0
vn 0.265597 -0.91207 -0.31239
v -0.509804 0.245015 -4.65417 0 0 0
vn -0.439674 -0.877793 0.190174
v -0.519767 0.25037 -4.65274 0 0 0
vn -0.430899 -0.895657 0.110115
v -0.0463554 0.146538 -4.65387 0 0 0
vn 0.27386 -0.911438 -0.307051
v -0.494368 0.238575 -4.65361 0 0 0
vn -0.412181 -0.873209 0.260026
v -0.030771 0.149596 -4.65341 0 0 0
vn 0.250345 -0.939597 -0.233418
v -0.237946 0.168572 -4.6535 0 0 0
vn -0.230306 -0.947383 -0.222314
v -0.222213 0.16438 -4.65359 0 0 0
vn -0.223359 -0.952595 -0.206575
v -0.493813 0.233667 -4.66281 0 0 0
vn -0.447638 -0.812257 0.373976
v -0.158097 0.154059 -4.66103 0 0 0
vn -0.165566 -0.968187 -0.187623
v -0.429916 0.218036 -4.65933 0 0 0
vn -0.271601 -0.957527 0.0968225
v -0.238198 0.170047 -4.65831 0 0 0
vn -0.240578 -0.939853 -0.242485
v -0.0781023 0.138044 -4.6541 0 0 0
vn -0.00758482 -0.947905 -0.318464
v -0.302028 0.185474 -4.64558 0 0 0
vn -0.417176 -0.880221 -0.22622
v -0.304015 0.186063 -4.64553 0 0 0
vn -0.204802 -0.931486 -0.30065
v -0.333957 0.191478 -4.64537 0 0 0
vn -0.0999401 -0.991822 -0.079378
v -0.325786 0.189895 -4.64574 0 0 0
vn -0.130222 -0.978466 -0.160143
v -0.31789 0.188603 -4.64537 0 0 0
vn -0.172231 -0.953732 -0.246439
v -0.310145 0.187236 -4.64566 0 0 0
vn -0.174741 -0.933729 -0.312435
v -0.302126 0.186057 -4.64738 0 0 0
vn -0.367685 -0.88478 -0.286306
v -0.310103 0.184918 -4.63728 0 0 0
vn -0.221667 -0.956698 -0.188662
v -0.314451 0.186106 -4.63783 0 0 0
vn -0.226585 -0.948823 -0.219987
v -0.302095 0.183073 -4.63771 0 0 0
vn -0.355895 -0.914781 -0.191087
v -0.33422 0.190222 -4.63729 0 0 0
vn -0.132821 -0.97354 -0.185953
v -0.326136 0.188788 -4.63793 0 0 0
vn -0.192261 -0.961873 -0.194517
v -0.318125 0.186975 -4.63746 0 0 0
vn -0.216862 -0.953055 -0.211322
v -0.309953 0.186004 -4.64162 0 0 0
vn -0.201383 -0.942947 -0.265133
v -0.270204 0.169725 -4.63754 0 0 0
vn -0.215755 -0.959877 -0.179124
v -0.25465 0.167405 -4.63746 0 0 0
vn -0.162208 -0.958656 -0.23381
v -0.23839 0.164669 -4.63757 0 0 0
vn -0.175393 -0.956676 -0.232398
v -0.222023 0.16132 -4.63756 0 0 0
vn -0.193702 -0.964801 -0.177873
v -0.541432 0.255575 -4.63571 0 0 0
vn -0.150212 -0.955834 -0.252623
v -0.206156 0.158333 -4.63757 0 0 0
vn -0.178423 -0.972086 -0.152359
v -0.526482 0.254459 -4.63829 0 0 0
vn -0.28008 -0.948151 -0.150214
v -0.174036 0.152281 -4.63753 0 0 0
vn -0.226235 -0.957715 -0.177764
v -0.181921 0.15403 -4.63744 0 0 0
vn -0.214442 -0.963033 -0.163041
v -0.46222 0.227614 -4.63841 0 0 0
vn -0.26372 -0.932341 0.247371
v -0.19044 0.15571 -4.63769 0 0 0
vn -0.172077 -0.973259 -0.15217
v -0.47476 0.234088 -4.63719 0 0 0
vn -0.390911 -0.899063 0.197165
v -0.158208 0.148479 -4.63771 0 0 0
vn -0.208436 -0.954079 -0.215146
v -0.446312 0.224629 -4.63705 0 0 0
vn -0.257631 -0.960057 0.109162
v -0.141868 0.144769 -4.63743 0 0 0
vn -0.178368 -0.959446 -0.218284
v -0.430173 0.219877 -4.63804 0 0 0
vn -0.28701 -0.95601 0.0605821
v -0.413985 0.214004 -4.63834 0 0 0
vn -0.356635 -0.933581 0.0351973
v -0.424924 0.218128 -4.63701 0 0 0
vn -0.340911 -0.939356 0.0372875
v -0.0937683 0.135229 -4.6377 0 0 0
vn -0.160117 -0.963505 -0.214525
v -0.107006 0.138036 -4.6374 0 0 0
vn -0.207198 -0.956345 -0.206091
v -0.397833 0.207397 -4.6372 0 0 0
vn -0.39636 -0.918014 0.0121782
v -0.078155 0.133154 -4.63788 0 0 0
vn -0.051765 -0.961692 -0.2692
v -0.125957 0.142211 -4.63761 0 0 0
vn -0.184138 -0.959475 -0.213311
v -0.271257 0.170085 -4.63773 0 0 0
vn -0.344951 -0.903887 -0.252975
v -0.110235 0.138842 -4.63759 0 0 0
vn -0.216917 -0.95321 -0.210566
v -0.382075 0.200734 -4.63773 0 0 0
vn -0.372637 -0.927959 0.00588453
v -0.384657 0.202027 -4.63749 0 0 0
vn -0.388699 -0.921085 0.0227252
v -0.0621588 0.133087 -4.63697 0 0 0
vn 0.158036 -0.933823 -0.320935
v -0.366152 0.19395 -4.63726 0 0 0
vn -0.301197 -0.95112 -0.0682055
v -0.0499296 0.138429 -4.6377 0 0 0
vn 0.377758 -0.86316 -0.335043
v -0.350233 0.191728 -4.63806 0 0 0
vn -0.123261 -0.987029 -0.102863
v -0.045661 0.14094 -4.63767 0 0 0
vn 0.321424 -0.907286 -0.271143
v -0.0302123 0.146818 -4.63695 0 0 0
vn 0.320268 -0.92193 -0.217886
v -0.28599 0.175798 -4.63771 0 0 0
vn -0.370825 -0.904791 -0.209384
v -0.014194 0.150938 -4.63761 0 0 0
vn 0.194507 -0.94427 -0.265557
v -0.509921 0.247341 -4.63778 0 0 0
vn -0.364643 -0.930861 0.0230927
v -0.51567 0.250039 -4.63736 0 0 0
vn -0.346356 -0.93265 -0.101001
v -0.493601 0.241001 -4.63785 0 0 0
vn -0.350752 -0.9286 0.121138
v -0.477948 0.235171 -4.63782 0 0 0
vn -0.344663 -0.923123 0.170445
v -0.000459068 0.152482 -4.6353 0 0 0
vn 0.14133 -0.950644 -0.276228
v -0.269962 0.16998 -4.63851 0 0 0
vn -0.162083 -0.934836 -0.315929
v -0.253282 0.169909 -4.64623 0 0 0
vn -0.165515 -0.94348 -0.28714
v -0.174076 0.154061 -4.64906 0 0 0
vn -0.209589 -0.964827 -0.158687
v -0.477945 0.233964 -4.64143 0 0 0
vn -0.406825 -0.856089 0.318756
v -0.0944011 0.138124 -4.64985 0 0 0
vn -0.183986 -0.959348 -0.21401
v -0.0621304 0.138018 -4.64835 0 0 0
vn 0.218225 -0.909569 -0.353642
v -0.270058 0.166709 -4.62125 0 0 0
vn -0.239317 -0.960256 -0.143651
v -0.253996 0.163598 -4.62183 0 0 0
vn -0.190298 -0.965506 -0.177721
v -0.238033 0.160584 -4.62113 0 0 0
vn -0.154299 -0.969674 -0.189535
v -0.221849 0.158604 -4.6219 0 0 0
vn -0.139521 -0.976136 -0.166409
v -0.526153 0.249514 -4.62167 0 0 0
vn -0.22103 -0.974651 -0.0346626
v -0.205925 0.156143 -4.62158 0 0 0
vn -0.161481 -0.97911 -0.123558
v -0.532002 0.250446 -4.62137 0 0 0
vn -0.173067 -0.978663 -0.110755
v -0.556248 0.254692 -4.62071 0 0 0
vn -0.129375 -0.988896 -0.0731183
v -0.190149 0.153369 -4.62142 0 0 0
vn -0.246622 -0.959238 -0.137984
v -0.54227 0.252226 -4.62199 0 0 0
vn -0.174064 -0.981262 -0.0826238
v -0.193323 0.15407 -4.6217 0 0 0
vn -0.17129 -0.980086 -0.100452
v -0.17426 0.149041 -4.62178 0 0 0
vn -0.245824 -0.953614 -0.173758
v -0.461947 0.231332 -4.6217 0 0 0
vn -0.350623 -0.930367 0.107149
v -0.157805 0.144794 -4.62152 0 0 0
vn -0.213357 -0.963044 -0.164396
v -0.467324 0.234034 -4.62143 0 0 0
vn -0.365132 -0.927609 0.0788633
v -0.141957 0.141559 -4.62148 0 0 0
vn -0.177984 -0.9705 -0.16264
v -0.446056 0.225502 -4.62158 0 0 0
vn -0.326322 -0.945033 0.020645
v -0.430112 0.22024 -4.62149 0 0 0
vn -0.32177 -0.946804 -0.00517339
v -0.11 0.135627 -4.6214 0 0 0
vn -0.225818 -0.959096 -0.170706
v -0.120574 0.138068 -4.62147 0 0 0
vn -0.214416 -0.962183 -0.168015
v -0.414279 0.214449 -4.62199 0 0 0
vn -0.372384 -0.928068 -0.0043615
v -0.424022 0.21812 -4.62164 0 0 0
vn -0.343686 -0.939063 -0.00637032
v -0.09451 0.131989 -4.6218 0 0 0
vn -0.205443 -0.95759 -0.202029
v -0.398318 0.207557 -4.62086 0 0 0
vn -0.414194 -0.909679 -0.0304385
v -0.078336 0.128858 -4.62179 0 0 0
vn -0.113981 -0.96032 -0.254547
v -0.126222 0.139188 -4.62176 0 0 0
vn -0.158537 -0.971562 -0.17588
v -0.279565 0.170153 -4.62205 0 0 0
vn -0.363971 -0.918985 -0.151627
v -0.0618324 0.127726 -4.62095 0 0 0
vn 0.102445 -0.91929 -0.380015
v -0.382045 0.199681 -4.62117 0 0 0
vn -0.414821 -0.907228 -0.0697222
v -0.0460407 0.134521 -4.62189 0 0 0
vn 0.340109 -0.777727 -0.528645
v -0.386484 0.202071 -4.62214 0 0 0
vn -0.420917 -0.906018 -0.0442677
v -0.365877 0.192586 -4.62172 0 0 0
vn -0.304838 -0.94703 -0.101031
v -0.0391581 0.138122 -4.62165 0 0 0
vn 0.334669 -0.760536 -0.5564
v -0.350032 0.189184 -4.62148 0 0 0
vn -0.183178 -0.968526 -0.168533
v -0.0297364 0.144541 -4.62171 0 0 0
vn 0.249524 -0.840475 -0.480977
v -0.334135 0.18655 -4.62148 0 0 0
vn -0.155735 -0.966939 -0.201932
v -0.0136726 0.146746 -4.62232 0 0 0
vn 0.114538 -0.873276 -0.473572
v -0.317768 0.183697 -4.62187 0 0 0
vn -0.201684 -0.965075 -0.167192
v 0.0332527 0.131756 -4.62152 0 0 0
vn -0.227593 -0.667386 -0.709082
v -0.331236 0.186119 -4.62166 0 0 0
vn -0.182049 -0.965464 -0.186382
v 0.0187778 0.13815 -4.62167 0 0 0
vn -0.273035 -0.630939 -0.726202
v -0.302077 0.180075 -4.62131 0 0 0
vn -0.301781 -0.939416 -0.16256
v 0.0493298 0.126925 -4.62157 0 0 0
vn -0.218279 -0.698698 -0.681304
v 0.00249195 0.149011 -4.62244 0 0 0
vn -0.0193349 -0.694168 -0.719553
v -0.286178 0.173202 -4.62126 0 0 0
vn -0.405488 -0.902531 -0.144972
v 0.0178748 0.138591 -4.62156 0 0 0
vn -0.255112 -0.450107 -0.855758
v -0.510191 0.245498 -4.62132 0 0 0
vn -0.255016 -0.964897 -0.0627706
v 0.0657106 0.119994 -4.62163 0 0 0
vn -0.306602 -0.711496 -0.632272
v 0.0614046 0.121828 -4.62146 0 0 0
vn -0.25766 -0.695032 -0.671224
v -0.494243 0.241323 -4.62182 0 0 0
vn -0.262901 -0.964791 -0.00784223
v -0.478272 0.237783 -4.62141 0 0 0
vn -0.284396 -0.957713 0.0436409
v -0.190136 0.154034 -4.62631 0 0 0
vn -0.198027 -0.969495 -0.144446
v -0.525959 0.249963 -4.62343 0 0 0
vn -0.262369 -0.936839 -0.23129
v -0.110055 0.138055 -4.63405 0 0 0
vn -0.218765 -0.958297 -0.183874
v -0.0464074 0.137944 -4.63055 0 0 0
vn 0.38127 -0.871778 -0.307629
v -0.318126 0.186104 -4.63385 0 0 0
vn -0.201293 -0.958206 -0.203281
v 0.0340565 0.137199 -4.62821 0 0 0
vn -0.266861 -0.731643 -0.627283
v 0.0657253 0.122141 -4.62449 0 0 0
vn -0.341852 -0.751252 -0.564586
v 0.0643016 0.106121 -4.60566 0 0 0
vn -0.210908 -0.713313 -0.668358
v 0.0657945 0.105567 -4.60561 0 0 0
vn -0.311119 -0.698565 -0.64437
v -0.334005 0.184302 -4.60511 0 0 0
vn -0.142111 -0.982 -0.124418
v 0.0497476 0.1103 -4.60567 0 0 0
vn -0.201416 -0.681248 -0.703799
v 0.0814023 0.0980695 -4.60535 0 0 0
vn -0.315846 -0.711721 -0.62745
v -0.318158 0.181436 -4.6064 0 0 0
vn -0.210145 -0.969151 -0.128786
v -0.302111 0.177091 -4.60487 0 0 0
vn -0.298151 -0.947995 -0.111411
v 0.100348 0.0899261 -4.60511 0 0 0
vn -0.240209 -0.805241 -0.542113
v -0.285882 0.17082 -4.60543 0 0 0
vn -0.377286 -0.92016 -0.104691
v 0.0976188 0.0911365 -4.60545 0 0 0
vn -0.309977 -0.725522 -0.614436
v -0.284334 0.170042 -4.60569 0 0 0
vn -0.344696 -0.935878 -0.072924
v -0.526097 0.249364 -4.60571 0 0 0
vn -0.253513 -0.967327 0.00317733
v -0.509914 0.244928 -4.60518 0 0 0
vn -0.248714 -0.968524 -0.0101136
v -0.494219 0.241819 -4.60606 0 0 0
vn -0.241238 -0.969835 -0.034986
v -0.478206 0.237346 -4.60495 0 0 0
vn -0.290037 -0.952012 -0.0977346
v -0.468259 0.234157 -4.60627 0 0 0
vn -0.349501 -0.934509 -0.0673899
v -0.558525 0.253905 -4.6051 0 0 0
vn 0.0498713 -0.994392 -0.0932555
v -0.527129 0.249843 -4.6052 0 0 0
vn -0.20054 -0.979685 0.000436037
v -0.26984 0.165182 -4.60512 0 0 0
vn -0.252058 -0.967452 -0.0224194
v -0.254003 0.161318 -4.60634 0 0 0
vn -0.22052 -0.973536 -0.0599858
v -0.542462 0.253287 -4.60637 0 0 0
vn -0.14171 -0.98985 -0.0107549
v -0.237985 0.157577 -4.60468 0 0 0
vn -0.206097 -0.971538 -0.116777
v -0.222279 0.156059 -4.60626 0 0 0
vn -0.104419 -0.980653 -0.165579
v -0.462 0.231486 -4.60514 0 0 0
vn -0.349159 -0.933492 -0.0817328
v -0.205986 0.154534 -4.60544 0 0 0
vn -0.068497 -0.992929 -0.0969514
v -0.445626 0.225182 -4.60572 0 0 0
vn -0.337467 -0.939343 -0.0612424
v -0.429979 0.219696 -4.60537 0 0 0
vn -0.330404 -0.94148 -0.0666919
v -0.189784 0.150903 -4.60539 0 0 0
vn -0.287996 -0.948762 -0.130037
v -0.203054 0.154183 -4.60574 0 0 0
vn -0.203207 -0.976457 -0.0723845
v -0.413524 0.213677 -4.60573 0 0 0
vn -0.385682 -0.919962 -0.0701331
v -0.173794 0.145939 -4.60549 0 0 0
vn -0.23706 -0.959757 -0.15056
v -0.425183 0.21801 -4.60577 0 0 0
vn -0.345871 -0.935569 -0.0712949
v -0.397807 0.206491 -4.60494 0 0 0
vn -0.423098 -0.904043 -0.0607767
v -0.15827 0.142671 -4.60576 0 0 0
vn -0.195205 -0.972446 -0.127454
v -0.14238 0.139639 -4.60538 0 0 0
vn -0.175779 -0.978532 -0.1076
v -0.382021 0.198305 -4.60526 0 0 0
vn -0.432005 -0.899604 -0.0639025
v -0.126202 0.137106 -4.60525 0 0 0
vn -0.222624 -0.966539 -0.12744
v -0.389111 0.202085 -4.60632 0 0 0
vn -0.45171 -0.890337 -0.0570867
v -0.131732 0.138118 -4.60603 0 0 0
vn -0.153522 -0.982666 -0.103918
v -0.366007 0.190711 -4.60541 0 0 0
vn -0.366938 -0.921255 -0.129023
v -0.110064 0.132998 -4.60563 0 0 0
vn -0.255634 -0.952101 -0.167796
v -0.350059 0.186045 -4.6056 0 0 0
vn -0.126003 -0.974156 -0.187464
v -0.0934907 0.128323 -4.60553 0 0 0
vn -0.233744 -0.950505 -0.204705
v -0.350117 0.186059 -4.60561 0 0 0
vn -0.277441 -0.94094 -0.194058
v -0.077909 0.124778 -4.60593 0 0 0
vn -0.159318 -0.953948 -0.254166
v -0.062103 0.12206 -4.6056 0 0 0
vn -0.0516882 -0.950224 -0.307249
v -0.0621897 0.122068 -4.60559 0 0 0
vn -0.178787 -0.941768 -0.284796
v -0.0457581 0.121212 -4.60571 0 0 0
vn -0.0759397 -0.909096 -0.409607
v -0.0306213 0.122083 -4.60559 0 0 0
vn 0.0503954 -0.764615 -0.642514
v -0.0300996 0.122142 -4.60559 0 0 0
vn 0.00735848 -0.584309 -0.811498
v -0.0139416 0.122265 -4.60557 0 0 0
vn 0.0566222 -0.537407 -0.84142
v 0.00158721 0.121044 -4.60565 0 0 0
vn -0.103505 -0.666994 -0.737838
v -0.00949826 0.122125 -4.60551 0 0 0
vn -0.0806222 -0.608797 -0.789219
v 0.0173898 0.11798 -4.60553 0 0 0
vn -0.132166 -0.662264 -0.737522
v 0.0329099 0.114206 -4.60536 0 0 0
vn -0.158635 -0.663336 -0.731314
v 0.0658815 0.106121 -4.60625 0 0 0
vn -0.319371 -0.715318 -0.621548
v 0.0807179 0.105064 -4.61313 0 0 0
vn -0.335195 -0.715158 -0.613345
v -0.0144377 0.138174 -4.61477 0 0 0
vn 0.0180878 -0.566904 -0.823585
v -0.333797 0.185982 -4.61804 0 0 0
vn -0.145989 -0.979875 -0.136136
v 0.00170202 0.138264 -4.61657 0 0 0
vn -0.126002 -0.525911 -0.841155
v 0.0178748 0.138079 -4.62127 0 0 0
vn -0.18824 -0.561279 -0.805935
v 0.0503934 0.122202 -4.61715 0 0 0
vn -0.23362 -0.675302 -0.699564
v -0.125906 0.137984 -4.61292 0 0 0
vn -0.193862 -0.972471 -0.129295
v -0.0621128 0.12207 -4.60563 0 0 0
vn -0.0331673 -0.937421 -0.346615
v -0.350056 0.186056 -4.60565 0 0 0
vn -0.133187 -0.977661 -0.162607
v -0.0459394 0.121862 -4.60659 0 0 0
vn 0.14801 -0.789988 -0.59499
v -0.0301709 0.138004 -4.61702 0 0 0
vn 0.156852 -0.555838 -0.816359
v 0.00198514 0.121972 -4.60642 0 0 0
vn -0.151547 -0.563633 -0.812004
v 0.0184098 0.122047 -4.6091 0 0 0
vn -0.173482 -0.626013 -0.760271
v 0.034768 0.121794 -4.61253 0 0 0
vn -0.180047 -0.670852 -0.719403
v -0.33445 0.182139 -4.58952 0 0 0
vn -0.0642326 -0.991223 -0.11555
v 0.0018048 0.104085 -4.58986 0 0 0
vn -0.143612 -0.808572 -0.570602
v -0.0131606 0.106129 -4.58965 0 0 0
vn -0.104983 -0.764494 -0.636025
v -0.318219 0.180019 -4.59006 0 0 0
vn -0.202465 -0.975646 -0.0843979
v 0.0178747 0.101317 -4.58934 0 0 0
vn -0.14627 -0.791413 -0.593524
v -0.301977 0.175281 -4.58903 0 0 0
vn -0.293173 -0.950503 -0.102922
v 0.0336807 0.0987808 -4.58997 0 0 0
vn -0.151095 -0.753554 -0.639786
v 0.0498953 0.0949812 -4.58948 0 0 0
vn -0.18185 -0.74247 -0.644724
v -0.286028 0.170455 -4.58949 0 0 0
vn -0.325351 -0.943069 -0.0690477
v -0.285111 0.170095 -4.5896 0 0 0
vn -0.298511 -0.954398 0.00391198
v 0.0816326 0.0851135 -4.58905 0 0 0
vn -0.250922 -0.810968 -0.528554
v 0.0674483 0.090142 -4.58969 0 0 0
vn -0.286469 -0.749849 -0.596374
v 0.0659275 0.0905472 -4.58955 0 0 0
vn -0.209529 -0.726963 -0.653929
v -0.510204 0.244732 -4.58941 0 0 0
vn -0.282089 -0.947049 -0.153372
v 0.0977992 0.0807877 -4.59016 0 0 0
vn -0.241099 -0.815839 -0.525622
v -0.52594 0.250054 -4.58961 0 0 0
vn -0.319599 -0.947495 -0.0104517
v 0.113625 0.0766312 -4.58917 0 0 0
vn -0.20493 -0.823229 -0.529432
v -0.493347 0.239667 -4.58962 0 0 0
vn -0.289855 -0.942218 -0.167953
v -0.526028 0.250072 -4.58959 0 0 0
vn -0.123118 -0.981529 -0.146432
v 0.120248 0.0740548 -4.58879 0 0 0
vn -0.277866 -0.782517 -0.557188
v -0.478029 0.234589 -4.58941 0 0 0
vn -0.309496 -0.935927 -0.168087
v -0.476601 0.234151 -4.58974 0 0 0
vn -0.332025 -0.928917 -0.163929
v -0.269972 0.165964 -4.58928 0 0 0
vn -0.218245 -0.974717 -0.0479261
v -0.253991 0.162625 -4.58993 0 0 0
vn -0.314168 -0.948217 -0.0467179
v -0.574335 0.245924 -4.58956 0 0 0
vn 0.415046 -0.867428 -0.274418
v -0.238097 0.155794 -4.58963 0 0 0
vn -0.342696 -0.928083 -0.145672
v -0.566321 0.249874 -4.58992 0 0 0
vn 0.316717 -0.918851 -0.235378
v -0.557726 0.252254 -4.58924 0 0 0
vn 0.0809946 -0.982737 -0.166338
v -0.222029 0.153327 -4.58963 0 0 0
vn 0.00629521 -0.985988 -0.166698
v -0.541691 0.252125 -4.5902 0 0 0
vn -0.09138 -0.992394 -0.0824804
v -0.230879 0.154027 -4.58952 0 0 0
vn -0.136623 -0.977643 -0.159836
v -0.21191 0.154118 -4.58934 0 0 0
vn 0.0691996 -0.99261 -0.0996862
v -0.206085 0.154836 -4.5896 0 0 0
vn -0.0233429 -0.999397 -0.0256953
v -0.462207 0.228999 -4.58924 0 0 0
vn -0.316875 -0.931299 -0.179646
v -0.190284 0.148546 -4.58912 0 0 0
vn -0.318832 -0.931739 -0.173806
v -0.202957 0.154147 -4.58981 0 0 0
vn -0.316168 -0.943753 -0.0967927
v -0.430036 0.217827 -4.58954 0 0 0
vn -0.339411 -0.929429 -0.144779
v -0.430589 0.218046 -4.58966 0 0 0
vn -0.329289 -0.93252 -0.148239
v -0.174039 0.143661 -4.58978 0 0 0
vn -0.230392 -0.962202 -0.145213
v -0.445973 0.223474 -4.58966 0 0 0
vn -0.32835 -0.934039 -0.140562
v -0.157865 0.140633 -4.58949 0 0 0
vn -0.166948 -0.978402 -0.121894
v -0.414616 0.21203 -4.58941 0 0 0
vn -0.365263 -0.917642 -0.156579
v -0.142068 0.138332 -4.58941 0 0 0
vn -0.162613 -0.982008 -0.0960084
v -0.398281 0.205256 -4.58918 0 0 0
vn -0.38853 -0.912432 -0.1285
v -0.126057 0.134867 -4.58981 0 0 0
vn -0.251811 -0.957751 -0.13894
v -0.140685 0.138094 -4.5895 0 0 0
vn -0.184806 -0.976932 -0.107007
v -0.382185 0.197868 -4.58928 0 0 0
vn -0.469817 -0.871825 -0.13854
v -0.110461 0.130037 -4.58921 0 0 0
vn -0.299152 -0.937343 -0.178594
v -0.390596 0.202105 -4.59011 0 0 0
vn -0.431215 -0.897162 -0.0956697
v -0.0779793 0.121336 -4.58969 0 0 0
vn -0.245383 -0.956377 -0.158523
v -0.366129 0.188222 -4.58932 0 0 0
vn -0.495625 -0.853037 -0.163349
v -0.0807618 0.122004 -4.58938 0 0 0
vn -0.209814 -0.960306 -0.183823
v -0.094421 0.125418 -4.58988 0 0 0
vn -0.261495 -0.94478 -0.197511
v -0.350352 0.182464 -4.58918 0 0 0
vn -0.15989 -0.975069 -0.153869
v -0.361803 0.186172 -4.59004 0 0 0
vn -0.312167 -0.930805 -0.190139
v -0.0622968 0.117355 -4.58992 0 0 0
vn -0.227691 -0.929884 -0.288918
v -0.0461677 0.112842 -4.5892 0 0 0
vn -0.191978 -0.874761 -0.444902
v -0.0302088 0.109977 -4.58973 0 0 0
vn -0.137573 -0.793829 -0.592376
v -0.014108 0.106205 -4.58959 0 0 0
vn -0.162757 -0.728842 -0.665056
v 0.00172763 0.105848 -4.59181 0 0 0
vn -0.111813 -0.6793 -0.725292
v 0.0500447 0.105971 -4.60153 0 0 0
vn -0.166328 -0.719047 -0.674764
v 0.0179716 0.105874 -4.59454 0 0 0
vn -0.135809 -0.697797 -0.703304
v -0.525978 0.250041 -4.58999 0 0 0
vn -0.24585 -0.96915 0.017488
v 0.0345262 0.106107 -4.59814 0 0 0
vn -0.152396 -0.700228 -0.697464
v 0.0823401 0.0899075 -4.59627 0 0 0
vn -0.277208 -0.768616 -0.576529
v 0.0979907 0.090133 -4.60437 0 0 0
vn -0.263454 -0.800358 -0.538534
v -0.221944 0.15406 -4.59427 0 0 0
vn -0.0604685 -0.989145 -0.133924
v -0.0783669 0.122094 -4.59324 0 0 0
vn -0.215164 -0.951626 -0.219347
v -0.0301341 0.122067 -4.60552 0 0 0
vn 0.00756669 -0.793504 -0.608518
v -0.0139457 0.12222 -4.60556 0 0 0
vn -0.0726343 -0.739409 -0.669327
v -0.572599 0.250015 -4.60061 0 0 0
vn 0.292611 -0.938323 -0.184197
v -0.430115 0.218093 -4.59116 0 0 0
vn -0.335815 -0.935358 -0.111054
v -0.0462052 0.105361 -4.57352 0 0 0
vn -0.28014 -0.905671 -0.318249
v -0.478039 0.230807 -4.57375 0 0 0
vn -0.308138 -0.916945 -0.253503
v -0.142184 0.136429 -4.57367 0 0 0
vn -0.186637 -0.953665 -0.235986
v -0.0479992 0.10611 -4.57379 0 0 0
vn -0.380197 -0.853484 -0.356393
v -0.487793 0.234071 -4.57349 0 0 0
vn -0.306807 -0.919711 -0.244952
v -0.126219 0.132824 -4.57371 0 0 0
vn -0.271577 -0.935854 -0.224549
v -0.0303453 0.101167 -4.5736 0 0 0
vn -0.231438 -0.897856 -0.374556
v -0.462139 0.225343 -4.57311 0 0 0
vn -0.292155 -0.924407 -0.245189
v -0.109357 0.126156 -4.57352 0 0 0
vn -0.31326 -0.924747 -0.216128
v -0.0139529 0.097051 -4.57357 0 0 0
vn -0.225869 -0.871994 -0.434293
v -0.0941801 0.121644 -4.57348 0 0 0
vn -0.207147 -0.957999 -0.198312
v -0.429696 0.215242 -4.57379 0 0 0
vn -0.364651 -0.906327 -0.213545
v -0.0959598 0.122079 -4.57369 0 0 0
vn -0.277322 -0.934325 -0.223898
v 0.00178499 0.0924044 -4.57357 0 0 0
vn -0.1775 -0.823706 -0.538518
v -0.0786108 0.118966 -4.57399 0 0 0
vn -0.266856 -0.935638 -0.231019
v -0.437843 0.218025 -4.57356 0 0 0
vn -0.322265 -0.924382 -0.204117
v 0.0179046 0.0902001 -4.57359 0 0 0
vn -0.118197 -0.822741 -0.555992
v -0.446168 0.220587 -4.57378 0 0 0
vn -0.296263 -0.934964 -0.195116
v -0.0621156 0.112336 -4.57341 0 0 0
vn -0.349141 -0.885013 -0.307981
v 0.0338422 0.0869211 -4.57368 0 0 0
vn -0.178159 -0.864891 -0.46928
v -0.413757 0.207974 -4.57299 0 0 0
vn -0.378848 -0.887182 -0.263406
v 0.0186594 0.090065 -4.57359 0 0 0
vn -0.1817 -0.841894 -0.508133
v -0.398035 0.202068 -4.5736 0 0 0
vn -0.362792 -0.911481 -0.193867
v 0.0499886 0.0836389 -4.57338 0 0 0
vn -0.18505 -0.854323 -0.485684
v 0.0979464 0.0706111 -4.57365 0 0 0
vn -0.250964 -0.838367 -0.483899
v -0.286172 0.167427 -4.57305 0 0 0
vn -0.291931 -0.926194 -0.238623
v 0.0854633 0.0741141 -4.57365 0 0 0
vn -0.238996 -0.837542 -0.491329
v -0.292478 0.170215 -4.57432 0 0 0
vn -0.335643 -0.932829 -0.131047
v 0.113927 0.0653077 -4.57342 0 0 0
vn -0.281588 -0.833682 -0.47506
v -0.270327 0.16397 -4.57408 0 0 0
vn -0.194919 -0.962805 -0.187118
v 0.065763 0.080215 -4.57388 0 0 0
vn -0.231098 -0.835375 -0.498741
v 0.0818484 0.0750981 -4.57354 0 0 0
vn -0.253757 -0.831266 -0.494576
v -0.365992 0.184482 -4.57322 0 0 0
vn -0.218387 -0.975844 0.00595063
v -0.368866 0.185919 -4.57403 0 0 0
vn -0.520996 -0.846035 -0.113084
v -0.381938 0.194305 -4.57324 0 0 0
vn -0.43942 -0.869851 -0.224209
v -0.398006 0.202057 -4.5736 0 0 0
vn -0.413707 -0.879456 -0.235381
v 0.134396 0.0576596 -4.57273 0 0 0
vn -0.196561 -0.898333 -0.39289
v -0.349806 0.180886 -4.57411 0 0 0
vn -0.104549 -0.994239 -0.02363
v 0.129612 0.058988 -4.57347 0 0 0
vn -0.335515 -0.837875 -0.430575
v -0.333775 0.181356 -4.5734 0 0 0
vn -0.0924307 -0.994949 -0.0391512
v -0.317869 0.178834 -4.57371 0 0 0
vn -0.241759 -0.964 -0.110706
v -0.301949 0.173562 -4.57315 0 0 0
vn -0.329797 -0.938472 -0.102488
v -0.525926 0.245852 -4.57378 0 0 0
vn -0.259162 -0.930658 -0.258284
v -0.509459 0.240559 -4.57315 0 0 0
vn -0.281188 -0.926403 -0.250421
v -0.494249 0.236282 -4.57389 0 0 0
vn -0.282493 -0.930821 -0.231884
v -0.573086 0.241364 -4.57401 0 0 0
vn 0.339216 -0.90213 -0.266634
v -0.557776 0.246503 -4.57303 0 0 0
vn 0.215026 -0.953369 -0.211781
v -0.238248 0.15178 -4.5731 0 0 0
vn -0.214821 -0.958232 -0.188792
v -0.245342 0.154788 -4.57403 0 0 0
vn -0.472876 -0.854729 -0.21407
v -0.541856 0.249368 -4.57385 0 0 0
vn -0.0769534 -0.952582 -0.294391
v -0.254971 0.161762 -4.5734 0 0 0
vn -0.309806 -0.926886 -0.211902
v -0.222249 0.150669 -4.57423 0 0 0
vn -0.0672246 -0.972644 -0.222362
v -0.206295 0.149649 -4.57323 0 0 0
vn -0.153206 -0.937173 -0.313424
v -0.153054 0.138026 -4.5735 0 0 0
vn -0.156747 -0.963563 -0.216739
v -0.189897 0.145145 -4.57339 0 0 0
vn -0.266417 -0.931122 -0.249065
v -0.174282 0.141088 -4.57399 0 0 0
vn -0.216409 -0.956996 -0.193197
v -0.158114 0.138759 -4.57359 0 0 0
vn -0.147893 -0.975148 -0.164967
v -0.0460175 0.105977 -4.57526 0 0 0
vn -0.218175 -0.864929 -0.451992
v -0.0300178 0.106043 -4.58379 0 0 0
vn -0.207733 -0.860436 -0.465293
v -0.0140897 0.106051 -4.58939 0 0 0
vn -0.185906 -0.865331 -0.465448
v -0.47789 0.234024 -4.58704 0 0 0
vn -0.312929 -0.924649 -0.217023
v -0.141946 0.138062 -4.58641 0 0 0
vn -0.183635 -0.975482 -0.121297
v 0.033876 0.0901397 -4.57863 0 0 0
vn -0.169745 -0.796677 -0.58008
v -0.0940314 0.122069 -4.57552 0 0 0
vn -0.227766 -0.952738 -0.201031
v 0.0499121 0.0899545 -4.58316 0 0 0
vn -0.181253 -0.806294 -0.563062
v 0.097926 0.0742445 -4.57956 0 0 0
vn -0.225963 -0.824856 -0.518222
v -0.285891 0.169999 -4.58631 0 0 0
vn -0.272652 -0.950202 -0.15092
v 0.113711 0.0739883 -4.58543 0 0 0
vn -0.245065 -0.797133 -0.551835
v 0.0659551 0.0900578 -4.58895 0 0 0
vn -0.193836 -0.82046 -0.537841
v -0.36604 0.186153 -4.58152 0 0 0
vn -0.405695 -0.897861 -0.171048
v -0.525992 0.250039 -4.58942 0 0 0
vn -0.255 -0.9346 -0.247987
v -0.237992 0.15403 -4.58206 0 0 0
vn -0.256614 -0.942668 -0.213371
v -0.205914 0.153888 -4.58521 0 0 0
vn -0.190656 -0.945689 -0.263291
v -0.558585 0.249929 -4.58281 0 0 0
vn 0.241372 -0.91162 -0.332699
v -0.542231 0.250094 -4.57668 0 0 0
vn -0.0459704 -0.971177 -0.233883
v -0.494006 0.231249 -4.5576 0 0 0
vn -0.29788 -0.913519 -0.277039
v -0.142071 0.130945 -4.55755 0 0 0
vn -0.203813 -0.914525 -0.349435
v -0.503004 0.234038 -4.55748 0 0 0
vn -0.290032 -0.9191 -0.266716
v -0.0463063 0.100411 -4.55739 0 0 0
vn -0.307057 -0.913633 -0.266439
v -0.126231 0.127231 -4.55765 0 0 0
vn -0.238094 -0.901763 -0.360742
v -0.0607624 0.106136 -4.55769 0 0 0
vn -0.368363 -0.883825 -0.288378
v -0.478064 0.225956 -4.55764 0 0 0
vn -0.30979 -0.907608 -0.283332
v -0.110165 0.122509 -4.55752 0 0 0
vn -0.292796 -0.906253 -0.304921
v -0.462 0.22058 -4.55758 0 0 0
vn -0.278944 -0.91351 -0.296126
v -0.0295227 0.0952594 -4.55761 0 0 0
vn -0.270639 -0.915031 -0.299121
v -0.0936657 0.118175 -4.55734 0 0 0
vn -0.245882 -0.932983 -0.26284
v -0.0140465 0.090677 -4.55763 0 0 0
vn -0.264859 -0.897447 -0.352758
v -0.108569 0.122092 -4.55761 0 0 0
vn -0.255306 -0.937344 -0.237078
v -0.398291 0.196232 -4.55808 0 0 0
vn -0.278185 -0.860761 -0.426267
v -0.412983 0.202149 -4.55767 0 0 0
vn -0.3403 -0.808782 -0.479653
v -0.0773922 0.113336 -4.55764 0 0 0
vn -0.335005 -0.898804 -0.282707
v 0.00179454 0.0862332 -4.55752 0 0 0
vn -0.224244 -0.91674 -0.33061
v -0.445991 0.216289 -4.5576 0 0 0
vn -0.304493 -0.862242 -0.40475
v -0.0621113 0.106678 -4.55745 0 0 0
vn -0.379169 -0.873719 -0.304704
v -0.0118513 0.0900298 -4.55757 0 0 0
vn -0.262908 -0.909515 -0.321967
v -0.451911 0.217979 -4.55767 0 0 0
vn -0.259154 -0.898386 -0.354602
v 0.0179481 0.0824298 -4.55767 0 0 0
vn -0.212297 -0.902774 -0.374071
v -0.430549 0.210454 -4.55771 0 0 0
vn -0.36111 -0.860695 -0.358892
v 0.03393 0.0787712 -4.55755 0 0 0
vn -0.1937 -0.892777 -0.40673
v -0.413972 0.202603 -4.55756 0 0 0
vn -0.396596 -0.837837 -0.375155
v 0.0498529 0.0753619 -4.55758 0 0 0
vn -0.193414 -0.888759 -0.41557
v 0.066082 0.0715969 -4.55749 0 0 0
vn -0.249133 -0.876078 -0.412819
v -0.285645 0.162 -4.5574 0 0 0
vn -0.339585 -0.930585 -0.136724
v 0.0562109 0.0740682 -4.55768 0 0 0
vn -0.212406 -0.880516 -0.423764
v -0.29757 0.16999 -4.55777 0 0 0
vn -0.446102 -0.884619 -0.1358
v 0.0823964 0.0669743 -4.55822 0 0 0
vn -0.258346 -0.868915 -0.42219
v -0.269678 0.15977 -4.55748 0 0 0
vn -0.235111 -0.955879 -0.176119
v 0.113696 0.0574425 -4.55762 0 0 0
vn -0.293694 -0.888813 -0.351787
v -0.366103 0.185119 -4.55731 0 0 0
vn -0.169509 -0.985173 0.0264603
v 0.111658 0.0581165 -4.55769 0 0 0
vn -0.251483 -0.883945 -0.394206
v -0.371278 0.186222 -4.5579 0 0 0
vn -0.290151 -0.95061 -0.110238
v 0.0975549 0.0619502 -4.55723 0 0 0
vn -0.261791 -0.868471 -0.420979
v -0.38234 0.189301 -4.55709 0 0 0
vn -0.304646 -0.907422 -0.289441
v -0.350333 0.18262 -4.55785 0 0 0
vn -0.154333 -0.988018 -0.00110433
v 0.129683 0.0520991 -4.55754 0 0 0
vn -0.26476 -0.885808 -0.381113
v -0.33403 0.179939 -4.55755 0 0 0
vn -0.238917 -0.949142 -0.205056
v 0.144195 0.0484782 -4.55707 0 0 0
vn -0.213638 -0.885671 -0.412245
v -0.318488 0.175998 -4.55745 0 0 0
vn -0.235254 -0.923677 -0.30245
v -0.302357 0.172105 -4.55757 0 0 0
vn -0.257938 -0.939843 -0.223971
v -0.526159 0.240829 -4.55711 0 0 0
vn -0.232301 -0.940505 -0.247966
v -0.510309 0.236401 -4.55781 0 0 0
vn -0.278541 -0.923271 -0.264548
v -0.588205 0.237839 -4.55555 0 0 0
vn 0.00539705 -0.966744 -0.255688
v -0.237995 0.149222 -4.55775 0 0 0
vn -0.217554 -0.957307 -0.190354
v -0.253065 0.154097 -4.55764 0 0 0
vn -0.407581 -0.885727 -0.222181
v -0.574063 0.238376 -4.558 0 0 0
vn 0.280065 -0.944304 -0.17278
v -0.254061 0.154437 -4.55743 0 0 0
vn -0.303763 -0.879326 -0.366761
v -0.557436 0.244879 -4.55729 0 0 0
vn 0.1451 -0.972657 -0.18134
v -0.222081 0.146017 -4.55772 0 0 0
vn -0.14645 -0.959318 -0.241372
v -0.542328 0.244329 -4.55815 0 0 0
vn -0.0655324 -0.971891 -0.226129
v -0.205984 0.14366 -4.55688 0 0 0
vn -0.172863 -0.950611 -0.257793
v -0.173915 0.136803 -4.55766 0 0 0
vn -0.165554 -0.940474 -0.296817
v -0.179501 0.137953 -4.55741 0 0 0
vn -0.222182 -0.932162 -0.285847
v -0.158161 0.134141 -4.5576 0 0 0
vn -0.18053 -0.930122 -0.319816
v -0.190268 0.14076 -4.55805 0 0 0
vn -0.221529 -0.929953 -0.29345
v -0.493928 0.234042 -4.56666 0 0 0
vn -0.289338 -0.916297 -0.276919
v 0.00193564 0.0901142 -4.56853 0 0 0
vn -0.212967 -0.910098 -0.355482
v 0.0179328 0.0900657 -4.57336 0 0 0
vn -0.168026 -0.904053 -0.393009
v -0.398042 0.202058 -4.57356 0 0 0
vn -0.351917 -0.877514 -0.325767
v -0.445887 0.218071 -4.56304 0 0 0
vn -0.301233 -0.91837 -0.256624
v 0.0656629 0.0740565 -4.56213 0 0 0
vn -0.24551 -0.859082 -0.449114
v 0.0818261 0.0740845 -4.57171 0 0 0
vn -0.258151 -0.858448 -0.443199
v 0.113946 0.0580007 -4.55914 0 0 0
vn -0.316228 -0.859075 -0.402479
v 0.130078 0.0581819 -4.57228 0 0 0
vn -0.268064 -0.884701 -0.381373
v -0.174149 0.138109 -4.5619 0 0 0
vn -0.18631 -0.950622 -0.248207
v -0.157911 0.138093 -4.57051 0 0 0
vn -0.155393 -0.948529 -0.275945
v -0.0618227 0.1022 -4.5418 0 0 0
vn -0.346876 -0.904995 -0.246295
v -0.0714547 0.106169 -4.54165 0 0 0
vn -0.359668 -0.893909 -0.267517
v -0.510179 0.232358 -4.54129 0 0 0
vn -0.334389 -0.91296 -0.233855
v -0.196744 0.138034 -4.54161 0 0 0
vn -0.267287 -0.940787 -0.208512
v -0.206133 0.140504 -4.54172 0 0 0
vn -0.183868 -0.963705 -0.193558
v -0.0456052 0.0958792 -4.54119 0 0 0
vn -0.315739 -0.918371 -0.238546
v -0.515414 0.234207 -4.54222 0 0 0
vn -0.286096 -0.937226 -0.199389
v -0.494037 0.226496 -4.54166 0 0 0
vn -0.330618 -0.903507 -0.272704
v -0.0141774 0.0859571 -4.542 0 0 0
vn -0.284885 -0.919522 -0.270778
v -0.12613 0.119811 -4.54146 0 0 0
vn -0.177152 -0.939971 -0.291671
v -0.0269268 0.0901369 -4.54159 0 0 0
vn -0.295026 -0.91983 -0.258596
v -0.134964 0.122096 -4.54159 0 0 0
vn -0.230169 -0.913797 -0.334661
v -0.461752 0.213988 -4.54139 0 0 0
vn -0.317515 -0.877569 -0.359244
v -0.0303623 0.0912709 -4.54162 0 0 0
vn -0.288614 -0.925035 -0.247008
v -0.110305 0.117585 -4.54203 0 0 0
vn -0.200879 -0.932285 -0.300819
v -0.470623 0.218038 -4.54179 0 0 0
vn -0.349712 -0.870138 -0.347219
v -0.14212 0.1241 -4.54173 0 0 0
vn -0.226777 -0.898202 -0.376571
v -0.478031 0.220945 -4.54161 0 0 0
vn -0.324319 -0.89282 -0.312554
v 0.0338697 0.0728181 -4.54158 0 0 0
vn -0.229226 -0.90903 -0.348023
v -0.0943801 0.113378 -4.54107 0 0 0
vn -0.247329 -0.918006 -0.309988
v 0.0289317 0.0740681 -4.5417 0 0 0
vn -0.226315 -0.916555 -0.329709
v -0.430067 0.200615 -4.54146 0 0 0
vn -0.586228 -0.516426 -0.624212
v -0.0786296 0.108943 -4.54169 0 0 0
vn -0.284592 -0.911852 -0.295861
v 0.0497512 0.0687219 -4.54159 0 0 0
vn -0.237301 -0.902812 -0.358634
v -0.431162 0.202052 -4.5416 0 0 0
vn -0.367184 -0.842507 -0.394155
v 0.00212771 0.080817 -4.54123 0 0 0
vn -0.261697 -0.920983 -0.288625
v 0.0177995 0.0768057 -4.5417 0 0 0
vn -0.236751 -0.918437 -0.316895
v -0.414035 0.185989 -4.54161 0 0 0
vn -0.0941677 -0.922578 -0.374142
v -0.415562 0.186209 -4.54149 0 0 0
vn -0.466388 -0.663727 -0.584764
v 0.0652707 0.0644715 -4.54157 0 0 0
vn -0.243215 -0.895624 -0.372429
v -0.413758 0.186082 -4.54163 0 0 0
vn -0.0188045 -0.850899 -0.524992
v 0.0815513 0.0599662 -4.54156 0 0 0
vn -0.2574 -0.889376 -0.37783
v -0.397776 0.188907 -4.54178 0 0 0
vn -0.10978 -0.920926 -0.373956
v -0.445951 0.208082 -4.54171 0 0 0
vn -0.327585 -0.863518 -0.383438
v 0.097618 0.0551957 -4.54151 0 0 0
vn -0.244101 -0.906128 -0.345466
v 0.0878735 0.0581202 -4.54166 0 0 0
vn -0.264695 -0.896994 -0.354031
v 0.113715 0.0512084 -4.54179 0 0 0
vn -0.270514 -0.901084 -0.338924
v -0.318283 0.168198 -4.54159 0 0 0
vn -0.154757 -0.964214 -0.215269
v -0.323819 0.170242 -4.54178 0 0 0
vn -0.287208 -0.904133 -0.316314
v 0.145607 0.0407365 -4.54162 0 0 0
vn -0.0839565 -0.970986 -0.223913
v -0.302179 0.166591 -4.54098 0 0 0
vn -0.165754 -0.959209 -0.229007
v 0.139538 0.042206 -4.54175 0 0 0
vn -0.239474 -0.918297 -0.31525
v -0.28619 0.162934 -4.54243 0 0 0
vn -0.269249 -0.957146 -0.106663
v 0.160516 0.0402895 -4.54131 0 0 0
vn -0.0146357 -0.980221 -0.197364
v -0.270385 0.159236 -4.54084 0 0 0
vn -0.292321 -0.947094 -0.132523
v -0.381977 0.185723 -4.54161 0 0 0
vn -0.023107 -0.951559 -0.306597
v -0.383246 0.185977 -4.54166 0 0 0
vn -0.139134 -0.925209 -0.353029
v -0.365953 0.185318 -4.54186 0 0 0
vn -0.164594 -0.971406 -0.171111
v -0.349615 0.181067 -4.54175 0 0 0
vn -0.297388 -0.925159 -0.235884
v 0.130031 0.0450933 -4.54146 0 0 0
vn -0.311489 -0.89484 -0.319742
v -0.334091 0.174687 -4.54155 0 0 0
vn -0.366083 -0.871531 -0.326217
v -0.590071 0.233912 -4.5415 0 0 0
vn -0.0111389 -0.999268 -0.0366024
v -0.525987 0.237144 -4.54116 0 0 0
vn -0.243024 -0.949303 -0.199405
v -0.590629 0.234061 -4.54174 0 0 0
vn -0.264442 -0.951154 -0.159301
v -0.580286 0.234291 -4.54169 0 0 0
vn 0.0596737 -0.986931 -0.14969
v -0.254252 0.151878 -4.54099 0 0 0
vn -0.34556 -0.92822 -0.137826
v -0.258773 0.154174 -4.54233 0 0 0
vn -0.38788 -0.914339 -0.116331
v -0.238071 0.146296 -4.54223 0 0 0
vn -0.261369 -0.952633 -0.155491
v -0.222015 0.142803 -4.54135 0 0 0
vn -0.175998 -0.970695 -0.163635
v -0.574147 0.235624 -4.5416 0 0 0
vn 0.280495 -0.946609 -0.158915
v -0.18996 0.135841 -4.54148 0 0 0
vn -0.264599 -0.936678 -0.229393
v -0.558744 0.240685 -4.54176 0 0 0
vn 0.208383 -0.9556 -0.20834
v -0.174279 0.131758 -4.5419 0 0 0
vn -0.231895 -0.928682 -0.289439
v -0.157861 0.127748 -4.54128 0 0 0
vn -0.217677 -0.914836 -0.340135
v -0.541981 0.240913 -4.54177 0 0 0
vn -0.105657 -0.969803 -0.219817
v -0.509733 0.233962 -4.54905 0 0 0
vn -0.300805 -0.925374 -0.230649
v -0.18993 0.138026 -4.54935 0 0 0
vn -0.232926 -0.935865 -0.26439
v -0.0621599 0.106082 -4.55542 0 0 0
vn -0.370417 -0.894412 -0.250636
v -0.462118 0.218029 -4.55056 0 0 0
vn -0.310835 -0.880376 -0.358218
v -0.125906 0.122093 -4.54709 0 0 0
vn -0.208846 -0.902727 -0.37612
v -0.430019 0.201976 -4.54236 0 0 0
vn -0.40655 -0.785577 -0.466461
v -0.0142349 0.0901108 -4.5557 0 0 0
vn -0.287909 -0.920319 -0.264803
v -0.109934 0.122023 -4.55609 0 0 0
vn -0.18177 -0.936665 -0.299363
v -0.414039 0.186041 -4.54168 0 0 0
vn -0.104349 -0.684253 -0.72174
v -0.413905 0.20213 -4.55693 0 0 0
vn -0.517433 -0.567568 -0.640414
v 0.0338908 0.0740532 -4.54501 0 0 0
vn -0.208628 -0.913929 -0.348149
v 0.0499385 0.0740787 -4.55466 0 0 0
vn -0.215744 -0.903659 -0.36994
v -0.317561 0.169927 -4.54553 0 0 0
vn -0.170701 -0.909008 -0.380217
v -0.301636 0.170005 -4.55121 0 0 0
vn -0.208549 -0.935537 -0.285091
v 0.098257 0.0579145 -4.5484 0 0 0
vn -0.246021 -0.894466 -0.373368
v -0.38197 0.186159 -4.54396 0 0 0
vn -0.153293 -0.976126 -0.153881
v 0.146443 0.0420442 -4.54527 0 0 0
vn -0.130883 -0.932234 -0.337356
v 0.16171 0.0416778 -4.54775 0 0 0
vn -0.0593291 -0.973568 -0.220559
v -0.253958 0.153958 -4.55553 0 0 0
vn -0.329293 -0.932678 -0.147236
v -0.590023 0.234033 -4.54225 0 0 0
vn 0.0226943 -0.963626 -0.266288
v -0.0781044 0.10293 -4.52548 0 0 0
vn -0.28025 -0.911925 -0.299755
v -0.142427 0.1187 -4.52516 0 0 0
vn -0.200317 -0.949319 -0.242213
v -0.0883359 0.106089 -4.52576 0 0 0
vn -0.257148 -0.909399 -0.326906
v -0.510002 0.227909 -4.5254 0 0 0
vn -0.334924 -0.871125 -0.35912
v -0.126354 0.115648 -4.52605 0 0 0
vn -0.201908 -0.941915 -0.268382
v -0.525682 0.23408 -4.5256 0 0 0
vn -0.318894 -0.922462 -0.217649
v -0.110212 0.11189 -4.52545 0 0 0
vn -0.238837 -0.914595 -0.326302
v -0.0621164 0.0976582 -4.52559 0 0 0
vn -0.310613 -0.91387 -0.26146
v -0.494013 0.222027 -4.52575 0 0 0
vn -0.374382 -0.871886 -0.315678
v -0.0942542 0.107673 -4.52556 0 0 0
vn -0.241991 -0.905436 -0.348748
v -0.0464152 0.0922583 -4.52567 0 0 0
vn -0.323667 -0.917149 -0.232546
v -0.0302655 0.0869522 -4.52566 0 0 0
vn -0.308918 -0.921241 -0.2364
v -0.477733 0.212765 -4.52532 0 0 0
vn -0.359979 -0.843715 -0.398197
v -0.0399904 0.0900889 -4.52546 0 0 0
vn -0.305554 -0.924371 -0.228419
v -0.486697 0.218031 -4.52576 0 0 0
vn -0.416641 -0.836395 -0.356166
v -0.014084 0.0814226 -4.52554 0 0 0
vn -0.305373 -0.919517 -0.247458
v -0.462644 0.2072 -4.5256 0 0 0
vn -0.303349 -0.86672 -0.39595
v -0.430253 0.18443 -4.52563 0 0 0
vn -0.384534 -0.901265 -0.199635
v 0.0178674 0.0714694 -4.52556 0 0 0
vn -0.265979 -0.914487 -0.304907
v 0.00937196 0.074058 -4.52561 0 0 0
vn -0.277216 -0.917039 -0.286688
v -0.431983 0.185953 -4.52579 0 0 0
vn -0.681918 -0.656622 -0.322236
v -0.445224 0.202204 -4.52549 0 0 0
vn -0.587347 -0.654432 -0.476174
v 0.0337422 0.0669999 -4.5257 0 0 0
vn -0.25239 -0.910059 -0.328772
v 0.0500906 0.0624801 -4.52544 0 0 0
vn -0.247135 -0.907133 -0.340637
v -0.414329 0.179806 -4.52623 0 0 0
vn -0.14655 -0.937565 -0.315429
v 0.00174605 0.0763537 -4.52567 0 0 0
vn -0.289259 -0.918899 -0.268242
v -0.397908 0.179035 -4.52482 0 0 0
vn -0.00647822 -0.926865 -0.375338
v -0.445944 0.202643 -4.52547 0 0 0
vn -0.280379 -0.889317 -0.361252
v 0.0815963 0.0538169 -4.52518 0 0 0
vn -0.249768 -0.906633 -0.340048
v 0.0662332 0.0580921 -4.52562 0 0 0
vn -0.243735 -0.908118 -0.340462
v 0.0658984 0.0581792 -4.52562 0 0 0
vn -0.25026 -0.905603 -0.342422
v -0.334137 0.167993 -4.5253 0 0 0
vn -0.225755 -0.96509 -0.132803
v -0.339065 0.169993 -4.52565 0 0 0
vn -0.43 -0.876962 -0.214562
v 0.0980816 0.0493603 -4.52584 0 0 0
vn -0.245893 -0.9096 -0.33491
v 0.114139 0.0451513 -4.52567 0 0 0
vn -0.242775 -0.913793 -0.325641
v -0.318435 0.165737 -4.52613 0 0 0
vn -0.164259 -0.973273 -0.160495
v 0.130047 0.0411718 -4.52566 0 0 0
vn -0.212727 -0.939042 -0.270087
v -0.302308 0.163217 -4.52526 0 0 0
vn -0.186209 -0.961769 -0.200816
v 0.126618 0.0419931 -4.52551 0 0 0
vn -0.216929 -0.933332 -0.286066
v -0.286252 0.160047 -4.52591 0 0 0
vn -0.226654 -0.947091 -0.227259
v 0.145987 0.037615 -4.52589 0 0 0
vn -0.0962905 -0.965898 -0.240353
v -0.270192 0.155816 -4.52534 0 0 0
vn -0.25692 -0.931481 -0.257558
v 0.162494 0.0378501 -4.52591 0 0 0
vn -0.0382085 -0.957809 -0.284856
v 0.176035 0.0350518 -4.52363 0 0 0
vn -0.15241 -0.952379 -0.264095
v -0.382329 0.180454 -4.52638 0 0 0
vn -0.010921 -0.928228 -0.371851
v -0.366425 0.180025 -4.52524 0 0 0
vn -0.0958283 -0.947615 -0.304702
v -0.350121 0.175914 -4.52564 0 0 0
vn -0.320251 -0.907523 -0.271739
v -0.525993 0.23415 -4.52555 0 0 0
vn -0.183538 -0.958713 -0.217217
v -0.589844 0.233417 -4.52574 0 0 0
vn -0.00966039 -0.999607 -0.026322
v -0.592443 0.233799 -4.5256 0 0 0
vn -0.155381 -0.987854 0.0015069
v -0.574164 0.232995 -4.5256 0 0 0
vn -0.0671514 -0.992939 -0.0977919
v -0.205932 0.137396 -4.5257 0 0 0
vn -0.29163 -0.928199 -0.231084
v -0.208609 0.138028 -4.52544 0 0 0
vn -0.223292 -0.950602 -0.215632
v -0.570654 0.233827 -4.52563 0 0 0
vn 0.19185 -0.955645 -0.223465
v -0.253946 0.149365 -4.52527 0 0 0
vn -0.325908 -0.91742 -0.22831
v -0.26549 0.154173 -4.52599 0 0 0
vn -0.373247 -0.903203 -0.211922
v -0.237889 0.144184 -4.52608 0 0 0
vn -0.250755 -0.95019 -0.185098
v -0.221998 0.140666 -4.52533 0 0 0
vn -0.186272 -0.967087 -0.173337
v -0.557593 0.237338 -4.52581 0 0 0
vn 0.0998903 -0.962773 -0.251177
v -0.19024 0.13236 -4.52585 0 0 0
vn -0.303889 -0.918664 -0.252404
v -0.54186 0.236827 -4.52549 0 0 0
vn -0.095628 -0.967013 -0.236094
v -0.174065 0.126585 -4.52545 0 0 0
vn -0.276521 -0.916188 -0.290062
v -0.157474 0.122089 -4.52565 0 0 0
vn -0.214222 -0.935993 -0.27933
v -0.15813 0.12224 -4.5256 0 0 0
vn -0.252853 -0.919372 -0.301364
v -0.0777925 0.105955 -4.53409 0 0 0
vn -0.300143 -0.90064 -0.314265
v -0.478074 0.218035 -4.535 0 0 0
vn -0.347718 -0.854982 -0.384835
v -0.2063 0.138111 -4.52896 0 0 0
vn -0.221772 -0.959263 -0.17502
v -0.0298262 0.0899427 -4.53738 0 0 0
vn -0.30241 -0.92079 -0.246363
v -0.429691 0.186158 -4.53026 0 0 0
vn -0.535689 -0.649752 -0.539315
v -0.39829 0.185904 -4.53619 0 0 0
vn 0.00705052 -0.899137 -0.43761
v -0.142028 0.122056 -4.53637 0 0 0
vn -0.211604 -0.928463 -0.305253
v 0.0179242 0.0740549 -4.53338 0 0 0
vn -0.251082 -0.918719 -0.304816
v -0.334203 0.170167 -4.53125 0 0 0
vn -0.327205 -0.891259 -0.313997
v 0.0821662 0.0579998 -4.53683 0 0 0
vn -0.253914 -0.906365 -0.337684
v 0.129583 0.0421494 -4.52959 0 0 0
vn -0.267031 -0.930895 -0.249257
v -0.573752 0.234259 -4.53293 0 0 0
vn 0.185062 -0.97066 -0.153531
v -0.110307 0.105428 -4.50947 0 0 0
vn -0.270439 -0.932792 -0.238249
v -0.112132 0.10617 -4.50991 0 0 0
vn -0.317615 -0.901137 -0.295082
v -0.557312 0.229549 -4.50903 0 0 0
vn 0.0712419 -0.952171 -0.297146
v -0.222236 0.137406 -4.50949 0 0 0
vn -0.193421 -0.915822 -0.351936
v -0.541617 0.233022 -4.5098 0 0 0
vn -0.178642 -0.914789 -0.362282
v -0.229087 0.138123 -4.50974 0 0 0
vn -0.148047 -0.948259 -0.280867
v -0.0945144 0.10184 -4.50981 0 0 0
vn -0.23931 -0.922303 -0.30346
v -0.526048 0.225872 -4.50925 0 0 0
vn -0.373249 -0.822911 -0.428373
v -0.206444 0.133426 -4.50996 0 0 0
vn -0.285368 -0.906032 -0.312524
v -0.0783512 0.0975302 -4.50927 0 0 0
vn -0.245211 -0.918213 -0.311057
v -0.27034 0.149969 -4.50923 0 0 0
vn -0.292051 -0.910064 -0.294091
v -0.0458953 0.0885113 -4.50957 0 0 0
vn -0.312212 -0.913624 -0.260411
v -0.254079 0.144537 -4.50962 0 0 0
vn -0.309632 -0.910823 -0.273002
v -0.0509155 0.0900574 -4.50966 0 0 0
vn -0.269234 -0.925704 -0.265679
v -0.238194 0.139242 -4.5095 0 0 0
vn -0.262425 -0.925891 -0.27177
v -0.062267 0.0932644 -4.5099 0 0 0
vn -0.268539 -0.921672 -0.280013
v -0.590044 0.234578 -4.50961 0 0 0
vn -0.451814 -0.891999 -0.0141747
v -0.0298494 0.0828917 -4.50987 0 0 0
vn -0.317596 -0.916622 -0.242771
v -0.174171 0.121891 -4.5096 0 0 0
vn -0.187058 -0.951388 -0.244684
v -0.589186 0.234143 -4.50957 0 0 0
vn -0.257227 -0.96609 -0.0224446
v -0.1748 0.122085 -4.5097 0 0 0
vn -0.264713 -0.91812 -0.294929
v -0.190137 0.127029 -4.5094 0 0 0
vn -0.319202 -0.891089 -0.322599
v -0.0141977 0.0774007 -4.50956 0 0 0
vn -0.321207 -0.914339 -0.246598
v -0.158028 0.118491 -4.50973 0 0 0
vn -0.200502 -0.954325 -0.2215
v -0.462053 0.200333 -4.50944 0 0 0
vn -0.343019 -0.902248 -0.261317
v -0.467272 0.201946 -4.50963 0 0 0
vn -0.296839 -0.898725 -0.32277
v -0.14171 0.115024 -4.50978 0 0 0
vn -0.21713 -0.950257 -0.223309
v 0.113715 0.0395043 -4.50968 0 0 0
vn -0.194049 -0.923408 -0.331154
v -0.493964 0.212411 -4.50902 0 0 0
vn -0.328376 -0.856553 -0.398103
v 0.102705 0.0419877 -4.50928 0 0 0
vn -0.230252 -0.915848 -0.328946
v -0.506095 0.218125 -4.50976 0 0 0
vn -0.339238 -0.817436 -0.465527
v -0.126044 0.110885 -4.50929 0 0 0
vn -0.265157 -0.929538 -0.256224
v -0.510183 0.219627 -4.50953 0 0 0
vn -0.329003 -0.82764 -0.454718
v 0.00189098 0.0715378 -4.50962 0 0 0
vn -0.31376 -0.903324 -0.292508
v -0.00486837 0.0740443 -4.50961 0 0 0
vn -0.331318 -0.904939 -0.267044
v -0.478211 0.205931 -4.50984 0 0 0
vn -0.37476 -0.844368 -0.382881
v 0.0178869 0.0661334 -4.50959 0 0 0
vn -0.292223 -0.904589 -0.310361
v -0.429765 0.181482 -4.50994 0 0 0
vn -0.379605 -0.924848 -0.0235716
v 0.049775 0.0567497 -4.50956 0 0 0
vn -0.254486 -0.906976 -0.335607
v -0.437105 0.186097 -4.50921 0 0 0
vn -0.520636 -0.853739 0.00830246
v 0.0446779 0.058104 -4.5096 0 0 0
vn -0.248851 -0.909593 -0.332737
v -0.446082 0.192964 -4.50993 0 0 0
vn -0.558641 -0.787269 -0.261013
v 0.0341025 0.0610385 -4.50963 0 0 0
vn -0.271231 -0.904657 -0.328677
v -0.413942 0.175652 -4.50977 0 0 0
vn -0.242188 -0.969668 -0.032993
v 0.0664569 0.0522027 -4.51009 0 0 0
vn -0.248878 -0.908938 -0.334503
v -0.398563 0.173568 -4.50933 0 0 0
vn -0.114868 -0.984906 -0.129483
v 0.0821919 0.0475107 -4.50902 0 0 0
vn -0.249246 -0.909734 -0.332055
v -0.333546 0.166746 -4.50966 0 0 0
vn -0.214913 -0.972326 -0.0916192
v 0.0979925 0.0435189 -4.50992 0 0 0
vn -0.252571 -0.906908 -0.337232
v -0.344751 0.170019 -4.50951 0 0 0
vn -0.327402 -0.936821 -0.123182
v -0.317958 0.163501 -4.50948 0 0 0
vn -0.220915 -0.963057 -0.154007
v 0.12946 0.0365168 -4.5097 0 0 0
vn -0.197694 -0.923941 -0.327491
v -0.30168 0.159212 -4.50937 0 0 0
vn -0.255512 -0.939839 -0.226753
v 0.145885 0.0328504 -4.50949 0 0 0
vn -0.149659 -0.931887 -0.330438
v -0.283779 0.154238 -4.50985 0 0 0
vn -0.252484 -0.917104 -0.308501
v 0.161778 0.0318236 -4.50953 0 0 0
vn -0.0336872 -0.932985 -0.358334
v -0.286114 0.154769 -4.50945 0 0 0
vn -0.263531 -0.921129 -0.286482
v 0.178074 0.031 -4.5102 0 0 0
vn -0.114644 -0.938754 -0.324959
v -0.381778 0.174186 -4.50981 0 0 0
vn 0.0341035 -0.976694 -0.211912
v -0.365641 0.174968 -4.50931 0 0 0
vn -0.0951659 -0.975588 -0.197916
v -0.350031 0.171849 -4.5097 0 0 0
vn -0.232146 -0.947176 -0.221284
v 0.192929 0.0271636 -4.5088 0 0 0
vn -0.205187 -0.921378 -0.330091
v -0.573806 0.230259 -4.50981 0 0 0
vn -0.0884842 -0.97647 -0.196665
v -0.109962 0.105953 -4.5112 0 0 0
vn -0.232153 -0.905897 -0.354198
v -0.0938379 0.106037 -4.52164 0 0 0
vn -0.224223 -0.912663 -0.341717
v -0.221987 0.138032 -4.51188 0 0 0
vn -0.196561 -0.955303 -0.220818
v -0.558605 0.233764 -4.51763 0 0 0
vn 0.113537 -0.927798 -0.355389
v -0.0461364 0.090066 -4.51597 0 0 0
vn -0.315807 -0.924671 -0.212718
v -0.542388 0.234046 -4.51348 0 0 0
vn -0.00195031 -0.951531 -0.307548
v -0.269664 0.153917 -4.52037 0 0 0
vn -0.300095 -0.898039 -0.321666
v -0.525943 0.234067 -4.52535 0 0 0
vn -0.327549 -0.852478 -0.407421
v 0.113664 0.0421859 -4.51708 0 0 0
vn -0.214867 -0.921707 -0.322937
v -0.174118 0.122049 -4.51025 0 0 0
vn -0.230357 -0.940228 -0.250813
v -0.589799 0.234084 -4.51164 0 0 0
vn -0.137697 -0.989291 -0.048403
v 0.00190221 0.074069 -4.51787 0 0 0
vn -0.30229 -0.913906 -0.270919
v -0.158064 0.122062 -4.52503 0 0 0
vn -0.204631 -0.952923 -0.223751
v 0.0496916 0.0580862 -4.51307 0 0 0
vn -0.248564 -0.909427 -0.333403
v 0.0658501 0.0581 -4.52537 0 0 0
vn -0.256921 -0.905027 -0.338995
v -0.461878 0.202017 -4.51437 0 0 0
vn -0.249895 -0.892809 -0.37476
v -0.494055 0.218017 -4.51821 0 0 0
vn -0.357435 -0.819711 -0.447565
v -0.445945 0.20209 -4.52441 0 0 0
vn -0.532451 -0.725487 -0.43608
v -0.110102 0.101424 -4.49369 0 0 0
vn -0.2927 -0.927906 -0.230903
v -0.526028 0.215166 -4.49322 0 0 0
vn -0.374409 -0.76057 -0.530425
v -0.123392 0.106175 -4.4938 0 0 0
vn -0.325404 -0.919341 -0.221187
v -0.238083 0.13571 -4.4936 0 0 0
vn -0.263217 -0.921559 -0.285388
v -0.0937672 0.0962144 -4.49334 0 0 0
vn -0.282126 -0.914858 -0.28886
v -0.528365 0.218064 -4.49381 0 0 0
vn -0.487912 -0.74045 -0.46225
v -0.222013 0.130978 -4.49351 0 0 0
vn -0.244203 -0.906803 -0.343618
v -0.0780911 0.0921326 -4.49374 0 0 0
vn -0.240295 -0.916788 -0.318997
v -0.558597 0.22657 -4.4935 0 0 0
vn -0.052002 -0.954769 -0.292766
v -0.205812 0.12647 -4.49385 0 0 0
vn -0.298532 -0.882943 -0.36234
v -0.54255 0.227388 -4.49416 0 0 0
vn -0.195711 -0.890636 -0.410444
v -0.0141317 0.0725968 -4.49364 0 0 0
vn -0.349404 -0.888038 -0.298841
v -0.0181408 0.0740871 -4.49358 0 0 0
vn -0.323217 -0.902071 -0.286003
v -0.269849 0.144887 -4.49348 0 0 0
vn -0.297714 -0.912689 -0.279937
v -0.254097 0.140059 -4.49376 0 0 0
vn -0.285919 -0.918113 -0.274444
v -0.0618495 0.0879254 -4.49337 0 0 0
vn -0.239821 -0.917909 -0.316114
v -0.246531 0.138015 -4.49362 0 0 0
vn -0.267387 -0.922542 -0.278246
v -0.0698622 0.0900889 -4.49375 0 0 0
vn -0.230885 -0.918781 -0.320208
v -0.593184 0.233876 -4.49393 0 0 0
vn -0.395555 -0.911778 -0.110438
v -0.190004 0.120619 -4.49352 0 0 0
vn -0.202827 -0.942148 -0.266868
v -0.0465359 0.0840067 -4.49409 0 0 0
vn -0.278792 -0.914375 -0.293588
v -0.0305547 0.0783908 -4.49343 0 0 0
vn -0.311739 -0.907617 -0.281158
v -0.19433 0.122061 -4.49368 0 0 0
vn -0.300993 -0.899136 -0.317737
v -0.173928 0.117507 -4.49384 0 0 0
vn -0.176762 -0.949429 -0.259498
v -0.477833 0.200872 -4.49364 0 0 0
vn -0.219926 -0.964054 -0.149105
v 0.0978594 0.03777 -4.49355 0 0 0
vn -0.237625 -0.91563 -0.324276
v -0.481455 0.20206 -4.49361 0 0 0
vn -0.244971 -0.932419 -0.265677
v -0.15808 0.114624 -4.49352 0 0 0
vn -0.174381 -0.957038 -0.231668
v 0.0822973 0.0420928 -4.49362 0 0 0
vn -0.251368 -0.911217 -0.326339
v -0.462187 0.196861 -4.49367 0 0 0
vn -0.239846 -0.963287 -0.120629
v 0.114381 0.0336556 -4.49372 0 0 0
vn -0.212539 -0.920361 -0.328271
v -0.141831 0.111563 -4.49375 0 0 0
vn -0.226416 -0.952399 -0.204139
v -0.510328 0.210479 -4.49398 0 0 0
vn -0.274945 -0.812693 -0.513746
v 0.00186101 0.0662203 -4.49359 0 0 0
vn -0.336798 -0.889171 -0.309744
v 0.0178905 0.0604582 -4.49362 0 0 0
vn -0.312032 -0.894133 -0.321189
v -0.494074 0.206639 -4.49365 0 0 0
vn -0.235559 -0.880296 -0.411815
v -0.126183 0.107078 -4.49331 0 0 0
vn -0.274169 -0.93623 -0.219784
v 0.0342681 0.0552391 -4.49375 0 0 0
vn -0.261347 -0.909055 -0.324525
v -0.430043 0.186009 -4.49362 0 0 0
vn -0.402833 -0.891283 0.208183
v 0.0253727 0.0580046 -4.49356 0 0 0
vn -0.287336 -0.901985 -0.322274
v -0.430122 0.186058 -4.4936 0 0 0
vn -0.360153 -0.919151 0.159535
v 0.0501657 0.0506869 -4.49346 0 0 0
vn -0.253574 -0.910392 -0.326937
v -0.445828 0.19215 -4.49387 0 0 0
vn -0.35507 -0.934408 0.028394
v 0.0654429 0.0465578 -4.49383 0 0 0
vn -0.248274 -0.910911 -0.329548
v -0.413995 0.178665 -4.49323 0 0 0
vn -0.337964 -0.923245 0.182754
v 0.0818712 0.0422027 -4.49359 0 0 0
vn -0.242326 -0.913997 -0.325405
v -0.397472 0.172346 -4.49428 0 0 0
vn -0.122677 -0.988993 0.0827247
v 0.129983 0.0301641 -4.49359 0 0 0
vn -0.202956 -0.915769 -0.346665
v -0.349958 0.169621 -4.49345 0 0 0
vn -0.22985 -0.95727 -0.17551
v 0.145936 0.0266468 -4.49368 0 0 0
vn -0.203681 -0.913717 -0.351619
v -0.351237 0.170065 -4.49383 0 0 0
vn -0.208004 -0.963162 -0.170453
v 0.162336 0.0243371 -4.49373 0 0 0
vn -0.0321824 -0.938047 -0.34501
v -0.334319 0.165454 -4.49418 0 0 0
vn -0.259416 -0.957972 -0.122447
v 0.148167 0.0260473 -4.49351 0 0 0
vn -0.128873 -0.930238 -0.343582
v 0.178024 0.0249776 -4.49376 0 0 0
vn -0.0814746 -0.916107 -0.392568
v -0.317867 0.160549 -4.49329 0 0 0
vn -0.297084 -0.933822 -0.199291
v 0.193052 0.0221497 -4.49372 0 0 0
vn -0.177141 -0.919817 -0.350082
v -0.302143 0.155745 -4.49368 0 0 0
vn -0.287596 -0.928888 -0.233359
v -0.285706 0.15046 -4.49354 0 0 0
vn -0.301656 -0.909885 -0.284804
v -0.296596 0.15409 -4.49379 0 0 0
vn -0.289651 -0.919878 -0.264437
v -0.590328 0.232538 -4.49312 0 0 0
vn -0.35591 -0.923821 -0.14101
v -0.382332 0.173311 -4.49318 0 0 0
vn -0.0289628 -0.998456 0.0474013
v -0.36633 0.173184 -4.4936 0 0 0
vn -0.102951 -0.989179 -0.104525
v -0.57456 0.227453 -4.4937 0 0 0
vn -0.229749 -0.953126 -0.196893
v -0.526018 0.217826 -4.49568 0 0 0
vn -0.327204 -0.79865 -0.50507
v -0.2379 0.138009 -4.50442 0 0 0
vn -0.254233 -0.935862 -0.243982
v -0.0141115 0.0740603 -4.49821 0 0 0
vn -0.333517 -0.901727 -0.275056
v -0.589588 0.233868 -4.50475 0 0 0
vn -0.29067 -0.946009 -0.143448
v -0.0621011 0.0900704 -4.49956 0 0 0
vn -0.250561 -0.922413 -0.293894
v -0.189974 0.121982 -4.49727 0 0 0
vn -0.247046 -0.915891 -0.316406
v -0.478085 0.202174 -4.49922 0 0 0
vn -0.316548 -0.90685 -0.278246
v 0.0977296 0.0421853 -4.50601 0 0 0
vn -0.250885 -0.9131 -0.321411
v -0.509864 0.217994 -4.5066 0 0 0
vn -0.328131 -0.812846 -0.481261
v 0.0334056 0.0582302 -4.50128 0 0 0
vn -0.275348 -0.904207 -0.326487
v 0.161403 0.0261239 -4.49774 0 0 0
vn -0.0473178 -0.909978 -0.411948
v -0.350134 0.170116 -4.49702 0 0 0
vn -0.233165 -0.965169 -0.118666
v 0.177896 0.0260251 -4.49628 0 0 0
vn -0.098533 -0.928436 -0.358186
v 0.194348 0.0259913 -4.50633 0 0 0
vn -0.1903 -0.93208 -0.308241
v -0.285962 0.154019 -4.5068 0 0 0
vn -0.291249 -0.923581 -0.249344
v -0.126164 0.104159 -4.47762 0 0 0
vn -0.334125 -0.927771 -0.166137
v 0.177596 0.0170728 -4.47702 0 0 0
vn -0.113499 -0.9305 -0.348264
v -0.350489 0.166326 -4.47733 0 0 0
vn -0.188889 -0.954567 -0.230484
v 0.193092 0.0154139 -4.47775 0 0 0
vn -0.140175 -0.913793 -0.381226
v -0.365855 0.170079 -4.47763 0 0 0
vn -0.217751 -0.95645 -0.194392
v -0.33412 0.163226 -4.47794 0 0 0
vn -0.268866 -0.944078 -0.19086
v -0.30208 0.149693 -4.47708 0 0 0
vn -0.398847 -0.840222 -0.367352
v -0.312051 0.154347 -4.47827 0 0 0
vn -0.361647 -0.904318 -0.226762
v -0.318133 0.156742 -4.47715 0 0 0
vn -0.369904 -0.910729 -0.183694
v -0.28687 0.145232 -4.47783 0 0 0
vn -0.270816 -0.877892 -0.394924
v -0.270387 0.140105 -4.47753 0 0 0
vn -0.275585 -0.89791 -0.343234
v -0.589597 0.229633 -4.47762 0 0 0
vn -0.389284 -0.871497 -0.298247
v -0.132739 0.106134 -4.47749 0 0 0
vn -0.246221 -0.950693 -0.188571
v -0.597608 0.234124 -4.47815 0 0 0
vn -0.487526 -0.819824 -0.300345
v -0.39833 0.177314 -4.4783 0 0 0
vn -0.24445 -0.960118 0.135715
v -0.573774 0.22292 -4.47784 0 0 0
vn -0.239342 -0.903949 -0.354389
v -0.110044 0.0979705 -4.47754 0 0 0
vn -0.359094 -0.911593 -0.200124
v -0.381645 0.173585 -4.47723 0 0 0
vn -0.209681 -0.973945 -0.0864039
v -0.557987 0.219449 -4.47706 0 0 0
vn -0.115091 -0.964775 -0.236564
v -0.366042 0.170119 -4.4776 0 0 0
vn -0.217483 -0.959097 -0.1812
v -0.0781769 0.0861701 -4.4771 0 0 0
vn -0.241047 -0.919799 -0.309623
v -0.54226 0.216235 -4.47748 0 0 0
vn -0.472954 -0.79876 -0.371883
v -0.0909903 0.0902154 -4.47792 0 0 0
vn -0.267625 -0.914404 -0.303713
v -0.0942863 0.0912042 -4.47749 0 0 0
vn -0.366479 -0.886726 -0.281797
v -0.551886 0.218701 -4.4781 0 0 0
vn -0.121156 -0.922789 -0.365761
v -0.253902 0.134355 -4.47759 0 0 0
vn -0.282888 -0.896628 -0.340636
v -0.526477 0.206579 -4.47743 0 0 0
vn -0.459097 -0.793844 -0.3988
v -0.264536 0.138134 -4.4777 0 0 0
vn -0.308467 -0.897321 -0.315695
v -0.0300758 0.0731413 -4.47776 0 0 0
vn -0.33214 -0.893412 -0.302485
v -0.0327178 0.0739965 -4.47747 0 0 0
vn -0.312136 -0.903859 -0.292591
v -0.238089 0.129773 -4.47765 0 0 0
vn -0.276778 -0.891796 -0.357901
v -0.0140742 0.0671277 -4.47765 0 0 0
vn -0.350216 -0.885221 -0.306157
v -0.605306 0.238699 -4.47628 0 0 0
vn -0.53959 -0.761639 -0.358816
v -0.205982 0.120426 -4.47738 0 0 0
vn -0.233754 -0.948227 -0.214998
v -0.0624555 0.0826677 -4.4781 0 0 0
vn -0.229537 -0.922167 -0.311321
v -0.212367 0.122088 -4.47773 0 0 0
vn -0.214878 -0.927344 -0.306366
v -0.0459625 0.0782913 -4.47748 0 0 0
vn -0.262513 -0.918228 -0.296553
v -0.222071 0.124481 -4.47764 0 0 0
vn -0.26737 -0.891197 -0.366443
v -0.509747 0.198114 -4.47731 0 0 0
vn -0.0583974 -0.91591 -0.397114
v -0.519616 0.202158 -4.4778 0 0 0
vn -0.398238 -0.819723 -0.411657
v -0.190568 0.116534 -4.47805 0 0 0
vn -0.228147 -0.94631 -0.229011
v 0.0660071 0.0406915 -4.47768 0 0 0
vn -0.252179 -0.913695 -0.318698
v -0.493965 0.199232 -4.47763 0 0 0
vn -0.00741205 -0.926302 -0.37671
v 0.0610264 0.0419785 -4.47737 0 0 0
vn -0.257924 -0.91526 -0.309476
v -0.174424 0.11315 -4.47749 0 0 0
vn -0.181693 -0.955775 -0.231261
v -0.478221 0.197998 -4.47765 0 0 0
vn -0.111668 -0.94547 -0.305969
v 0.0821775 0.0361853 -4.47761 0 0 0
vn -0.248842 -0.912701 -0.324121
v -0.158271 0.110587 -4.47721 0 0 0
vn -0.152468 -0.957004 -0.246774
v -0.461664 0.195332 -4.47773 0 0 0
vn -0.14674 -0.972566 -0.180507
v 0.0981863 0.0319461 -4.47744 0 0 0
vn -0.227726 -0.919255 -0.32111
v -0.142373 0.108478 -4.4779 0 0 0
vn -0.174083 -0.960245 -0.218232
v 0.113769 0.0283276 -4.4778 0 0 0
vn -0.224473 -0.921395 -0.317242
v -0.446012 0.193198 -4.47772 0 0 0
vn -0.200135 -0.976448 -0.0805881
v 0.0180154 0.0543488 -4.47753 0 0 0
vn -0.263758 -0.900368 -0.346078
v 0.00787503 0.0580626 -4.47774 0 0 0
vn -0.333171 -0.880473 -0.337288
v -0.430255 0.189346 -4.4773 0 0 0
vn -0.297263 -0.954233 0.0327768
v 0.00190222 0.0603976 -4.47761 0 0 0
vn -0.363239 -0.876441 -0.316084
v -0.414184 0.183368 -4.47681 0 0 0
vn -0.336544 -0.94037 0.0494306
v -0.421552 0.186042 -4.4782 0 0 0
vn -0.372604 -0.920406 0.118404
v 0.0338801 0.0496568 -4.4776 0 0 0
vn -0.26398 -0.912298 -0.313092
v 0.0495272 0.0453226 -4.47772 0 0 0
vn -0.255939 -0.914168 -0.314313
v 0.129993 0.024379 -4.47751 0 0 0
vn -0.19951 -0.938936 -0.280349
v 0.123016 0.0259982 -4.47743 0 0 0
vn -0.214816 -0.930827 -0.295659
v 0.145834 0.0210693 -4.47785 0 0 0
vn -0.16859 -0.943678 -0.284693
v 0.161366 0.0188903 -4.47788 0 0 0
vn -0.0955159 -0.944832 -0.313318
v -0.125904 0.105969 -4.48852 0 0 0
vn -0.313859 -0.932608 -0.178142
v -0.301962 0.154074 -4.48857 0 0 0
vn -0.303005 -0.901955 -0.307676
v -0.541715 0.217833 -4.48016 0 0 0
vn -0.402416 -0.768049 -0.498158
v -0.253943 0.138048 -4.48756 0 0 0
vn -0.278417 -0.907959 -0.3132
v -0.206302 0.12206 -4.48223 0 0 0
vn -0.268663 -0.908722 -0.319444
v -0.510063 0.202038 -4.48317 0 0 0
vn -0.164209 -0.818982 -0.549822
v -0.494106 0.201986 -4.4842 0 0 0
vn -0.104516 -0.918283 -0.381881
v -0.0780666 0.0900404 -4.48796 0 0 0
vn -0.242057 -0.914705 -0.323609
v -0.430038 0.186057 -4.49349 0 0 0
vn -0.373264 -0.905823 0.200398
v -0.0300605 0.0740894 -4.48065 0 0 0
vn -0.316613 -0.901059 -0.296395
v 0.0657532 0.0421113 -4.48149 0 0 0
vn -0.247271 -0.913456 -0.323196
v 0.0819034 0.0420838 -4.49329 0 0 0
vn -0.24911 -0.908816 -0.33466
v 0.0177809 0.0581133 -4.48716 0 0 0
vn -0.298903 -0.894004 -0.333787
v 0.129557 0.026122 -4.4823 0 0 0
vn -0.208132 -0.920592 -0.330442
v 0.145941 0.0261012 -4.49237 0 0 0
vn -0.200546 -0.924145 -0.325174
v -0.142014 0.103917 -4.4613 0 0 0
vn -0.156306 -0.940749 -0.30093
v -0.365928 0.16461 -4.46161 0 0 0
vn -0.240226 -0.945479 -0.219912
v 0.189137 0.0101888 -4.46186 0 0 0
vn -0.154033 -0.951645 -0.265794
v -0.157174 0.106084 -4.46169 0 0 0
vn -0.126661 -0.954784 -0.26897
v 0.177852 0.0122039 -4.46166 0 0 0
vn -0.147475 -0.951222 -0.270975
v -0.349866 0.162784 -4.4618 0 0 0
vn -0.18124 -0.959453 -0.215874
v -0.333967 0.158872 -4.46112 0 0 0
vn -0.252751 -0.932547 -0.257823
v -0.126095 0.101332 -4.46224 0 0 0
vn -0.282738 -0.932179 -0.226056
v -0.110118 0.0947832 -4.46101 0 0 0
vn -0.388775 -0.902052 -0.187501
v -0.286532 0.135867 -4.46167 0 0 0
vn -0.160739 -0.870564 -0.465061
v -0.606173 0.232319 -4.46178 0 0 0
vn -0.461822 -0.772397 -0.436031
v -0.29398 0.137966 -4.46169 0 0 0
vn -0.287822 -0.843861 -0.452832
v -0.0941883 0.0869363 -4.46119 0 0 0
vn -0.392618 -0.890244 -0.230902
v -0.27094 0.133598 -4.46148 0 0 0
vn -0.191622 -0.876688 -0.441247
v -0.100114 0.0902134 -4.46234 0 0 0
vn -0.421971 -0.88533 -0.195273
v -0.590316 0.222357 -4.46164 0 0 0
vn -0.475694 -0.794042 -0.378434
v -0.30217 0.141915 -4.46149 0 0 0
vn -0.544216 -0.741808 -0.391854
v -0.0781032 0.0807834 -4.46153 0 0 0
vn -0.273365 -0.920402 -0.27952
v -0.317832 0.154108 -4.46158 0 0 0
vn -0.497696 -0.824728 -0.268555
v -0.318017 0.154215 -4.46157 0 0 0
vn -0.321355 -0.926788 -0.194408
v -0.526054 0.201221 -4.46161 0 0 0
vn -0.367816 -0.671597 -0.643171
v -0.0461906 0.0735046 -4.4617 0 0 0
vn -0.319724 -0.894708 -0.311888
v -0.527559 0.201992 -4.46172 0 0 0
vn -0.458638 -0.783101 -0.420004
v -0.0481595 0.0741019 -4.46165 0 0 0
vn -0.255383 -0.925498 -0.279701
v -0.57396 0.215945 -4.46131 0 0 0
vn 0.130231 -0.883276 -0.450403
v -0.397664 0.176735 -4.46198 0 0 0
vn -0.317631 -0.940205 -0.122987
v -0.0302493 0.0677046 -4.46158 0 0 0
vn -0.329096 -0.894788 -0.301746
v -0.582804 0.218136 -4.46165 0 0 0
vn -0.343449 -0.838813 -0.422417
v -0.382176 0.171073 -4.46142 0 0 0
vn -0.336114 -0.926971 -0.166592
v -0.562763 0.218618 -4.46182 0 0 0
vn 0.191063 -0.971421 -0.14084
v -0.0142921 0.0615749 -4.46141 0 0 0
vn -0.347222 -0.888241 -0.300773
v -0.379334 0.170058 -4.46181 0 0 0
vn -0.303346 -0.924633 -0.230294
v -0.0620475 0.0775003 -4.46187 0 0 0
vn -0.210889 -0.934971 -0.285229
v -0.557665 0.220324 -4.46127 0 0 0
vn -0.0827411 -0.990565 -0.109245
v -0.254403 0.12836 -4.46168 0 0 0
vn -0.279704 -0.884175 -0.374166
v -0.541798 0.206686 -4.46113 0 0 0
vn -0.369939 -0.818622 -0.439321
v -0.553899 0.217904 -4.46206 0 0 0
vn -0.533887 -0.716373 -0.449193
v 0.0499623 0.0401447 -4.4615 0 0 0
vn -0.269414 -0.921107 -0.281029
v -0.238238 0.122623 -4.46145 0 0 0
vn -0.303291 -0.879589 -0.36652
v 0.0432245 0.042046 -4.46158 0 0 0
vn -0.238965 -0.925071 -0.295193
v -0.222399 0.118657 -4.46153 0 0 0
vn -0.164767 -0.961982 -0.217814
v -0.236516 0.122185 -4.46184 0 0 0
vn -0.260475 -0.89645 -0.35851
v 0.0655755 0.0356213 -4.46195 0 0 0
vn -0.270585 -0.915648 -0.297273
v -0.206291 0.116908 -4.46142 0 0 0
vn -0.172682 -0.96362 -0.204004
v 0.0814629 0.030598 -4.46131 0 0 0
vn -0.259965 -0.915572 -0.306831
v -0.189866 0.113303 -4.46199 0 0 0
vn -0.219981 -0.956644 -0.190894
v 0.114172 0.0231375 -4.46149 0 0 0
vn -0.18491 -0.94778 -0.259849
v -0.510445 0.192227 -4.46131 0 0 0
vn -0.220674 -0.848165 -0.481581
v -0.173964 0.109518 -4.46152 0 0 0
vn -0.208819 -0.953528 -0.217209
v -0.493999 0.193088 -4.46233 0 0 0
vn -0.0226916 -0.911269 -0.411186
v -0.158075 0.106204 -4.46162 0 0 0
vn -0.198725 -0.949383 -0.24327
v -0.477981 0.190896 -4.46084 0 0 0
vn -0.0199404 -0.917412 -0.397438
v -0.462482 0.191059 -4.46188 0 0 0
vn -0.0394848 -0.956639 -0.288588
v 0.0999377 0.0260266 -4.46147 0 0 0
vn -0.184116 -0.943332 -0.276092
v -0.446547 0.190099 -4.46142 0 0 0
vn -0.108476 -0.967688 -0.227623
v 0.0979152 0.0265719 -4.46176 0 0 0
vn -0.22991 -0.920597 -0.315661
v -0.430109 0.187139 -4.46148 0 0 0
vn -0.194666 -0.962535 -0.188765
v 0.00193367 0.0547101 -4.46155 0 0 0
vn -0.381084 -0.878506 -0.2881
v -0.41388 0.182312 -4.46131 0 0 0
vn -0.31061 -0.937138 -0.159037
v -0.426292 0.186222 -4.46183 0 0 0
vn -0.302607 -0.942686 -0.140611
v -0.00571014 0.0582043 -4.4619 0 0 0
vn -0.372384 -0.879168 -0.297313
v 0.0178653 0.0477388 -4.46147 0 0 0
vn -0.293174 -0.900043 -0.322447
v 0.0337539 0.0443557 -4.46172 0 0 0
vn -0.227146 -0.916929 -0.328095
v 0.129726 0.0200334 -4.46182 0 0 0
vn -0.187304 -0.951539 -0.243905
v 0.146023 0.0168436 -4.46171 0 0 0
vn -0.16613 -0.958546 -0.231496
v 0.162517 0.0142026 -4.46146 0 0 0
vn -0.133266 -0.961391 -0.240765
v 0.19387 0.00917405 -4.46152 0 0 0
vn -0.193795 -0.96385 -0.182855
v 0.19395 0.0100067 -4.46427 0 0 0
vn -0.206349 -0.91658 -0.342494
v -0.141971 0.106098 -4.46857 0 0 0
vn -0.158816 -0.954509 -0.252368
v -0.366039 0.170053 -4.47738 0 0 0
vn -0.262871 -0.926238 -0.270153
v -0.285574 0.137982 -4.46528 0 0 0
vn -0.197933 -0.874469 -0.442862
v -0.0938186 0.0899755 -4.47365 0 0 0
vn -0.349631 -0.903491 -0.247916
v -0.269475 0.137907 -4.472 0 0 0
vn -0.246359 -0.896557 -0.368093
v -0.0461088 0.0740998 -4.46352 0 0 0
vn -0.309554 -0.904477 -0.293425
v -0.606462 0.234293 -4.46519 0 0 0
vn -0.513151 -0.782275 -0.35316
v 0.0499665 0.0420563 -4.46796 0 0 0
vn -0.262923 -0.920055 -0.290467
v -0.221884 0.122117 -4.47205 0 0 0
vn -0.210132 -0.918899 -0.333869
v -0.525921 0.201942 -4.46319 0 0 0
vn -0.493031 -0.833891 -0.248086
v 0.113676 0.0260871 -4.47087 0 0 0
vn -0.205807 -0.932711 -0.29613
v -0.574001 0.217834 -4.46621 0 0 0
vn -0.075467 -0.956596 -0.281478
v 0.00178171 0.0580739 -4.47091 0 0 0
vn -0.372859 -0.874485 -0.310246
v -0.0619699 0.0731191 -4.44569 0 0 0
vn -0.20428 -0.925901 -0.317767
v -0.0689257 0.0740356 -4.4455 0 0 0
vn -0.161958 -0.936387 -0.311365
v -0.0540428 0.0707838 -4.44562 0 0 0
vn -0.290489 -0.914919 -0.28025
v -0.046116 0.0678443 -4.44553 0 0 0
vn -0.325301 -0.903817 -0.278019
v -0.0381985 0.0650706 -4.44548 0 0 0
vn -0.316354 -0.904996 -0.284435
v -0.0411094 0.0661635 -4.44594 0 0 0
vn -0.320313 -0.900439 -0.294294
v -0.0302074 0.062442 -4.44535 0 0 0
vn -0.325592 -0.897048 -0.298822
v -0.0781246 0.0765193 -4.44596 0 0 0
vn -0.335434 -0.908502 -0.249216
v -0.0700895 0.0742478 -4.44567 0 0 0
vn -0.202866 -0.940625 -0.272157
v -0.174071 0.105873 -4.44561 0 0 0
vn -0.254111 -0.940349 -0.226211
v 0.178366 0.00881426 -4.44535 0 0 0
vn -0.123503 -0.987011 -0.102747
v -0.174728 0.106059 -4.44562 0 0 0
vn -0.263013 -0.946586 -0.186544
v 0.168895 0.010083 -4.44559 0 0 0
vn -0.130856 -0.979165 -0.155284
v -0.158217 0.101933 -4.44601 0 0 0
vn -0.218516 -0.938611 -0.266947
v -0.382122 0.167455 -4.44565 0 0 0
vn -0.300329 -0.91126 -0.281795
v 0.113972 0.0188402 -4.44577 0 0 0
vn -0.164436 -0.950978 -0.26192
v -0.142221 0.0982682 -4.4452 0 0 0
vn -0.171329 -0.933304 -0.315579
v -0.389388 0.17004 -4.4455 0 0 0
vn -0.331784 -0.90714 -0.258876
v 0.130113 0.0161163 -4.44572 0 0 0
vn -0.155095 -0.960111 -0.232664
v -0.366107 0.162394 -4.44559 0 0 0
vn -0.247158 -0.935029 -0.254231
v 0.145871 0.013522 -4.44544 0 0 0
vn -0.156619 -0.967407 -0.198983
v -0.12594 0.0961366 -4.44569 0 0 0
vn -0.200421 -0.931838 -0.302505
v -0.110142 0.091346 -4.44542 0 0 0
vn -0.321038 -0.913932 -0.248321
v 0.161527 0.0111344 -4.44574 0 0 0
vn -0.148281 -0.970262 -0.191321
v -0.35 0.15871 -4.44566 0 0 0
vn -0.233799 -0.929963 -0.283737
v -0.09435 0.082746 -4.44477 0 0 0
vn -0.407127 -0.87693 -0.255424
v -0.107431 0.0901366 -4.4458 0 0 0
vn -0.44735 -0.867126 -0.219021
v -0.334053 0.154077 -4.44563 0 0 0
vn -0.265514 -0.915833 -0.30125
v 0.19294 0.00678153 -4.4462 0 0 0
vn -0.146635 -0.98093 -0.12757
v -0.30173 0.132641 -4.44551 0 0 0
vn -0.328557 -0.87294 -0.360592
v -0.0141935 0.0562392 -4.44544 0 0 0
vn -0.363683 -0.887609 -0.282641
v -0.310162 0.138119 -4.44549 0 0 0
vn -0.550637 -0.721772 -0.419336
v -0.0187852 0.0582413 -4.44604 0 0 0
vn -0.340273 -0.892677 -0.295537
v -0.285291 0.127417 -4.4456 0 0 0
vn -0.200856 -0.91382 -0.352974
v -0.269576 0.125065 -4.44577 0 0 0
vn -0.192002 -0.903944 -0.382127
v 0.0336216 0.0390992 -4.4454 0 0 0
vn -0.219843 -0.932346 -0.287053
v -0.318261 0.146668 -4.44587 0 0 0
vn -0.499937 -0.733479 -0.460512
v 0.0204029 0.0420931 -4.44574 0 0 0
vn -0.212372 -0.933678 -0.288346
v -0.334003 0.154066 -4.44563 0 0 0
vn -0.35241 -0.843996 -0.404323
v 0.0496343 0.0354325 -4.44593 0 0 0
vn -0.25335 -0.920918 -0.296182
v -0.398285 0.173337 -4.44573 0 0 0
vn -0.316976 -0.91854 -0.236244
v 0.0819011 0.0255328 -4.44579 0 0 0
vn -0.224922 -0.935593 -0.27217
v 0.0799991 0.0260007 -4.44549 0 0 0
vn -0.274159 -0.923864 -0.267045
v 0.0661399 0.0301777 -4.44535 0 0 0
vn -0.274593 -0.91722 -0.288628
v -0.254132 0.121912 -4.44565 0 0 0
vn -0.149258 -0.977766 -0.147292
v -0.590092 0.213537 -4.44528 0 0 0
vn -0.400765 -0.775551 -0.487758
v -0.254857 0.122055 -4.44564 0 0 0
vn -0.167186 -0.946525 -0.275934
v 0.0978855 0.021658 -4.44551 0 0 0
vn -0.195206 -0.942319 -0.271901
v -0.59837 0.218301 -4.44573 0 0 0
vn -0.44325 -0.774785 -0.450818
v -0.238102 0.118738 -4.44516 0 0 0
vn -0.16735 -0.975367 -0.143712
v -0.605571 0.222403 -4.44569 0 0 0
vn -0.442562 -0.773011 -0.454526
v 0.00188469 0.0495828 -4.44566 0 0 0
vn -0.371436 -0.885362 -0.279589
v -0.221792 0.116256 -4.44628 0 0 0
vn -0.154346 -0.97751 -0.143709
v 0.0177839 0.0427874 -4.44551 0 0 0
vn -0.371096 -0.886842 -0.275315
v -0.557933 0.199796 -4.44569 0 0 0
vn -0.00146303 -0.995873 -0.0907477
v -0.206257 0.113857 -4.4451 0 0 0
vn -0.185138 -0.970741 -0.152923
v -0.565319 0.202116 -4.44519 0 0 0
vn -0.304236 -0.78622 -0.537864
v -0.52608 0.185729 -4.44573 0 0 0
vn -0.194157 -0.971158 -0.1384
v -0.190075 0.110346 -4.44574 0 0 0
vn -0.235186 -0.954721 -0.182198
v -0.526581 0.18596 -4.44566 0 0 0
vn -0.685389 -0.71747 -0.12441
v -0.542603 0.202077 -4.44567 0 0 0
vn 0.0840058 -0.941742 -0.325677
v -0.541745 0.20209 -4.44559 0 0 0
vn -0.599838 -0.714393 -0.360329
v -0.574073 0.206686 -4.44588 0 0 0
vn -0.168219 -0.810659 -0.560834
v -0.541973 0.202193 -4.44561 0 0 0
vn 0.03969 -0.961904 -0.270493
v -0.510432 0.182912 -4.44537 0 0 0
vn -0.117159 -0.984364 -0.131538
v -0.494089 0.18303 -4.44584 0 0 0
vn -0.0236984 -0.955171 -0.295103
v -0.478159 0.183747 -4.44539 0 0 0
vn 0.161717 -0.961567 -0.221893
v -0.471682 0.18603 -4.44596 0 0 0
vn 0.122229 -0.960014 -0.25186
v -0.461749 0.187036 -4.44561 0 0 0
vn -0.0129155 -0.973338 -0.229013
v -0.446048 0.186034 -4.44563 0 0 0
vn -0.191264 -0.928304 -0.318857
v -0.446267 0.18606 -4.44562 0 0 0
vn -0.0870557 -0.959629 -0.267456
v -0.430139 0.182591 -4.4452 0 0 0
vn -0.220374 -0.919327 -0.325995
v -0.414101 0.17852 -4.44565 0 0 0
vn -0.27306 -0.919554 -0.282594
v -0.381842 0.169927 -4.45648 0 0 0
vn -0.331379 -0.924584 -0.187967
v 0.177717 0.0100439 -4.45241 0 0 0
vn -0.143824 -0.970823 -0.191876
v -0.174112 0.106088 -4.44651 0 0 0
vn -0.231483 -0.947798 -0.219306
v -0.158062 0.106078 -4.46119 0 0 0
vn -0.232439 -0.938224 -0.256334
v -0.301959 0.138215 -4.45615 0 0 0
vn -0.522631 -0.722921 -0.451932
v -0.318099 0.154049 -4.46074 0 0 0
vn -0.429469 -0.829181 -0.357793
v -0.0622002 0.0740627 -4.44866 0 0 0
vn -0.212992 -0.940473 -0.264848
v -0.0138643 0.0579249 -4.45096 0 0 0
vn -0.364504 -0.883364 -0.294626
v -0.25412 0.122034 -4.44606 0 0 0
vn -0.251896 -0.922526 -0.292393
v -0.589915 0.2179 -4.45353 0 0 0
vn -0.431473 -0.798143 -0.420474
v -0.237764 0.121926 -4.45971 0 0 0
vn -0.194932 -0.960453 -0.198827
v 0.0341062 0.041946 -4.45461 0 0 0
vn -0.212061 -0.929687 -0.301186
v -0.557727 0.202538 -4.4504 0 0 0
vn -0.365632 -0.65629 -0.659998
v 0.0817471 0.0261561 -4.44776 0 0 0
vn -0.255968 -0.920782 -0.294348
v -0.526078 0.186049 -4.44651 0 0 0
vn -0.451849 -0.66199 -0.597998
v 0.0978533 0.0261414 -4.46044 0 0 0
vn -0.219933 -0.933758 -0.282356
v -0.558924 0.216895 -4.45319 0 0 0
vn -0.155443 -0.690508 -0.706425
v -0.509722 0.185861 -4.4527 0 0 0
vn -0.0566174 -0.859903 -0.507308
v -0.493902 0.186061 -4.45046 0 0 0
vn 0.016199 -0.859039 -0.511653
v -0.478178 0.185764 -4.44928 0 0 0
vn 0.07781 -0.893317 -0.442641
v -0.446027 0.186061 -4.44573 0 0 0
vn -0.179653 -0.950704 -0.252757
v -0.429557 0.186013 -4.4572 0 0 0
vn -0.224181 -0.938612 -0.262202
v -0.0781311 0.0740831 -4.43767 0 0 0
vn -0.265738 -0.908117 -0.323585
v -0.0701255 0.0718766 -4.43766 0 0 0
vn -0.224409 -0.933123 -0.280929
v -0.062103 0.0700919 -4.43761 0 0 0
vn -0.197782 -0.929226 -0.312123
v -0.0543414 0.0683836 -4.43757 0 0 0
vn -0.238581 -0.919961 -0.311047
v -0.0461041 0.0660989 -4.43763 0 0 0
vn -0.285543 -0.919897 -0.268803
v -0.0379226 0.0623692 -4.43742 0 0 0
vn -0.338547 -0.890165 -0.304947
v -0.0460692 0.0660843 -4.43763 0 0 0
vn -0.367141 -0.886744 -0.280878
v -0.0305359 0.0598707 -4.43767 0 0 0
vn -0.316092 -0.894698 -0.315597
v -0.0781259 0.0740744 -4.43765 0 0 0
vn -0.323712 -0.902893 -0.282835
v -0.0701259 0.0740986 -4.44519 0 0 0
vn -0.240255 -0.930431 -0.276722
v -0.0781718 0.0709625 -4.42959 0 0 0
vn -0.281178 -0.921546 -0.267753
v -0.0701907 0.0694414 -4.42944 0 0 0
vn -0.219716 -0.936407 -0.273618
v -0.0622075 0.0677148 -4.42975 0 0 0
vn -0.220185 -0.930905 -0.291434
v -0.0541147 0.0654769 -4.4296 0 0 0
vn -0.298645 -0.910401 -0.286324
v -0.0561241 0.0660882 -4.42963 0 0 0
vn -0.222687 -0.93283 -0.283263
v -0.0460162 0.0627536 -4.42964 0 0 0
vn -0.335857 -0.896883 -0.287753
v -0.0300802 0.0568677 -4.42966 0 0 0
vn -0.327687 -0.894248 -0.304865
v -0.0329859 0.0580223 -4.4296 0 0 0
vn -0.340938 -0.892746 -0.294561
v -0.0381719 0.0599444 -4.42962 0 0 0
vn -0.325867 -0.90027 -0.28866
v -0.318198 0.134961 -4.4293 0 0 0
vn -0.429774 -0.841633 -0.327029
v -0.324307 0.138373 -4.4299 0 0 0
vn -0.453957 -0.728918 -0.512448
v -0.302542 0.126186 -4.42931 0 0 0
vn -0.257387 -0.893291 -0.368487
v -0.309118 0.130077 -4.42957 0 0 0
vn -0.471674 -0.812544 -0.342485
v -0.310046 0.13072 -4.42974 0 0 0
vn -0.483844 -0.79218 -0.371948
v -0.0540279 0.0660519 -4.43132 0 0 0
vn -0.25803 -0.91003 -0.324448
v -0.046106 0.0660833 -4.43758 0 0 0
vn -0.290527 -0.88713 -0.358601
v -0.0299169 0.0580615 -4.43323 0 0 0
vn -0.331297 -0.893273 -0.303818
v 0.162245 0.00849606 -4.42923 0 0 0
vn -0.085983 -0.982188 -0.167072
v -0.174089 0.102328 -4.42969 0 0 0
vn -0.284936 -0.933266 -0.218691
v -0.397997 0.167633 -4.42943 0 0 0
vn -0.306531 -0.899457 -0.311475
v -0.186269 0.106195 -4.42992 0 0 0
vn -0.278084 -0.940601 -0.19478
v 0.148201 0.0100839 -4.42955 0 0 0
vn -0.105497 -0.975442 -0.193345
v -0.381865 0.161746 -4.43 0 0 0
vn -0.296064 -0.91085 -0.287573
v -0.157852 0.0970044 -4.42929 0 0 0
vn -0.275266 -0.924253 -0.264546
v 0.177358 0.00729926 -4.43028 0 0 0
vn -0.0956984 -0.986528 -0.132684
v -0.365953 0.15667 -4.42932 0 0 0
vn -0.257675 -0.930179 -0.261478
v -0.142096 0.0928037 -4.42977 0 0 0
vn -0.184209 -0.934193 -0.305532
v -0.350044 0.152688 -4.42968 0 0 0
vn -0.389199 -0.786061 -0.480242
v 0.113487 0.014458 -4.42964 0 0 0
vn -0.151573 -0.950946 -0.269679
v -0.354542 0.154078 -4.42965 0 0 0
vn -0.29803 -0.887867 -0.35053
v 0.129166 0.0122033 -4.42954 0 0 0
vn -0.128767 -0.959065 -0.252218
v -0.0851678 0.0741473 -4.42991 0 0 0
vn -0.39999 -0.887445 -0.22902
v -0.333907 0.143927 -4.42934 0 0 0
vn -0.400989 -0.790821 -0.462396
v 0.145768 0.0103981 -4.42966 0 0 0
vn -0.123888 -0.967328 -0.221196
v -0.109848 0.0858858 -4.42993 0 0 0
vn -0.382714 -0.891487 -0.242446
v -0.122668 0.0900991 -4.42951 0 0 0
vn -0.275045 -0.920586 -0.277256
v 0.193277 0.00573106 -4.42928 0 0 0
vn -0.117585 -0.984095 -0.133159
v -0.126032 0.0908679 -4.42971 0 0 0
vn -0.126913 -0.942755 -0.308392
v -0.270079 0.121253 -4.42964 0 0 0
vn -0.153352 -0.982785 -0.10304
v -0.27464 0.122052 -4.42958 0 0 0
vn -0.146394 -0.975733 -0.162829
v -0.0941196 0.0784302 -4.42921 0 0 0
vn -0.419947 -0.883004 -0.209639
v -0.286439 0.123903 -4.42986 0 0 0
vn -0.170652 -0.948863 -0.265587
v -0.254285 0.11886 -4.42943 0 0 0
vn -0.123925 -0.984637 -0.123016
v -0.238265 0.11717 -4.42976 0 0 0
vn -0.137676 -0.984351 -0.109995
v -0.222385 0.114867 -4.42984 0 0 0
vn -0.16922 -0.980111 -0.103668
v -0.205773 0.111197 -4.42934 0 0 0
vn -0.234074 -0.960512 -0.150418
v -0.190208 0.107244 -4.4294 0 0 0
vn -0.249287 -0.950317 -0.186425
v -0.62119 0.220362 -4.4291 0 0 0
vn -0.360086 -0.822809 -0.439686
v -0.0141849 0.0510486 -4.42935 0 0 0
vn -0.343814 -0.892425 -0.292182
v -0.606042 0.213327 -4.42986 0 0 0
vn -0.455223 -0.721655 -0.521523
v -0.615289 0.217999 -4.42951 0 0 0
vn -0.399492 -0.785976 -0.471855
v -0.590124 0.203073 -4.42959 0 0 0
vn -0.447024 -0.714514 -0.538182
v 0.0177658 0.0385893 -4.42964 0 0 0
vn -0.282357 -0.91613 -0.28457
v 0.0081819 0.042052 -4.42955 0 0 0
vn -0.349766 -0.893848 -0.280535
v -0.574091 0.198124 -4.42943 0 0 0
vn -0.0711453 -0.887993 -0.454321
v -0.588303 0.202109 -4.4297 0 0 0
vn -0.287122 -0.818635 -0.497391
v 0.0339381 0.0341076 -4.42953 0 0 0
vn -0.242265 -0.92 -0.308071
v -0.558063 0.200632 -4.42995 0 0 0
vn 0.0319365 -0.975542 -0.217483
v 0.0500629 0.0298377 -4.42968 0 0 0
vn -0.250241 -0.919856 -0.302066
v -0.525918 0.185355 -4.42959 0 0 0
vn -0.201299 -0.97675 0.073745
v -0.527814 0.186152 -4.42966 0 0 0
vn -0.618359 -0.769157 0.161336
v 0.0658392 0.0256113 -4.42967 0 0 0
vn -0.264625 -0.92354 -0.277574
v -0.541621 0.197864 -4.42974 0 0 0
vn -0.47059 -0.880621 -0.0552421
v 0.0640431 0.0261154 -4.42971 0 0 0
vn -0.242384 -0.92811 -0.282598
v 0.0819626 0.0210607 -4.43001 0 0 0
vn -0.240599 -0.931793 -0.271798
v -0.405146 0.170145 -4.4298 0 0 0
vn -0.267548 -0.900957 -0.341606
v 0.0981625 0.0169398 -4.42928 0 0 0
vn -0.186544 -0.94287 -0.276038
v -0.509537 0.181883 -4.43001 0 0 0
vn -0.160799 -0.986829 0.0176499
v 0.00183052 0.0446913 -4.42972 0 0 0
vn -0.363436 -0.887501 -0.283298
v -0.493589 0.178291 -4.42922 0 0 0
vn -0.0506075 -0.998128 0.034339
v -0.477116 0.182172 -4.42986 0 0 0
vn 0.141713 -0.980523 -0.135986
v -0.462052 0.184112 -4.42934 0 0 0
vn -0.0461903 -0.971308 -0.233295
v -0.446332 0.180787 -4.43019 0 0 0
vn -0.217378 -0.924419 -0.313362
v -0.430422 0.176268 -4.42907 0 0 0
vn -0.232291 -0.900688 -0.367155
v -0.414327 0.172737 -4.42978 0 0 0
vn -0.228959 -0.904475 -0.359864
v 0.16181 0.0100925 -4.43958 0 0 0
vn -0.119264 -0.980403 -0.156798
v -0.398082 0.170041 -4.43579 0 0 0
vn -0.315668 -0.896719 -0.31024
v -0.110144 0.090105 -4.44174 0 0 0
vn -0.349042 -0.888566 -0.297691
v -0.350082 0.154079 -4.43234 0 0 0
vn -0.265802 -0.901794 -0.340758
v -0.334052 0.154066 -4.4456 0 0 0
vn -0.40335 -0.783153 -0.473265
v -0.31791 0.138021 -4.43525 0 0 0
vn -0.514493 -0.728936 -0.451608
v 0.0181001 0.042017 -4.44274 0 0 0
vn -0.293329 -0.919464 -0.261811
v -0.606289 0.218235 -4.43772 0 0 0
vn -0.437208 -0.772192 -0.461052
v -0.270103 0.121997 -4.43481 0 0 0
vn -0.161817 -0.96296 -0.215694
v 0.0658071 0.0260808 -4.43117 0 0 0
vn -0.272218 -0.924226 -0.267775
v -0.573813 0.202276 -4.43913 0 0 0
vn -0.210711 -0.885617 -0.413864
v -0.542189 0.202052 -4.4447 0 0 0
vn -0.0130636 -0.993853 -0.109932
v -0.462205 0.185943 -4.43931 0 0 0
vn -0.0228364 -0.974847 -0.221702
v -0.0619562 0.0652602 -4.42144 0 0 0
vn -0.190857 -0.97448 -0.118158
v -0.065618 0.0661186 -4.42174 0 0 0
vn -0.202965 -0.955165 -0.21556
v -0.0779629 0.069367 -4.42161 0 0 0
vn -0.354712 -0.910349 -0.213175
v -0.0701247 0.0673028 -4.42169 0 0 0
vn -0.245849 -0.92322 -0.295337
v -0.0541819 0.0638103 -4.42201 0 0 0
vn -0.281541 -0.943431 -0.175138
v -0.0460996 0.0605024 -4.42133 0 0 0
vn -0.382052 -0.903489 -0.194278
v -0.0380491 0.0573252 -4.42154 0 0 0
vn -0.370202 -0.891911 -0.259702
v -0.0398015 0.0580948 -4.42176 0 0 0
vn -0.362669 -0.903638 -0.227838
v -0.0299926 0.0542322 -4.42191 0 0 0
vn -0.330535 -0.900126 -0.283759
v -0.325828 0.135964 -4.42166 0 0 0
vn -0.374144 -0.90619 -0.197069
v -0.329593 0.137949 -4.42166 0 0 0
vn -0.452016 -0.840018 -0.300083
v -0.317943 0.132436 -4.4217 0 0 0
vn -0.426649 -0.894838 -0.131281
v -0.309536 0.125537 -4.4216 0 0 0
vn -0.481012 -0.841078 -0.247419
v -0.313268 0.129959 -4.42154 0 0 0
vn -0.597311 -0.789203 -0.142754
v -0.301595 0.123336 -4.42171 0 0 0
vn -0.129716 -0.958776 -0.252829
v -0.0620762 0.0660842 -4.42505 0 0 0
vn -0.2134 -0.941165 -0.262048
v -0.0382198 0.0580952 -4.42376 0 0 0
vn -0.343573 -0.896597 -0.279413
v -0.326142 0.138043 -4.42723 0 0 0
vn -0.460996 -0.820221 -0.338703
v -0.310143 0.129951 -4.42754 0 0 0
vn -0.52309 -0.771853 -0.361414
v -0.0698508 0.063847 -4.41332 0 0 0
vn -0.107519 -0.964472 -0.241314
v -0.0758293 0.066126 -4.41365 0 0 0
vn -0.351075 -0.909312 -0.223378
v -0.0623144 0.0645741 -4.41395 0 0 0
vn -0.0812547 -0.971795 -0.221387
v -0.0782333 0.0675559 -4.41363 0 0 0
vn -0.435095 -0.874171 -0.215679
v -0.0541411 0.0630912 -4.41367 0 0 0
vn -0.286864 -0.937476 -0.197101
v -0.0460483 0.0588996 -4.4134 0 0 0
vn -0.455758 -0.881891 -0.120635
v -0.0382113 0.0549864 -4.41335 0 0 0
vn -0.423427 -0.88353 -0.200209
v -0.0445581 0.0581591 -4.41392 0 0 0
vn -0.4148 -0.893415 -0.172482
v -0.0303371 0.0520016 -4.41373 0 0 0
vn -0.347084 -0.904959 -0.246132
v -0.301874 0.121403 -4.41378 0 0 0
vn -0.097978 -0.948017 -0.30276
v -0.303375 0.121906 -4.41355 0 0 0
vn -0.40994 -0.849364 -0.332459
v -0.334088 0.13719 -4.41356 0 0 0
vn -0.276081 -0.900585 -0.335747
v -0.326152 0.134296 -4.41362 0 0 0
vn -0.28729 -0.920488 -0.264891
v -0.318193 0.132681 -4.41378 0 0 0
vn -0.351514 -0.923683 -0.152474
v -0.310116 0.125921 -4.4137 0 0 0
vn -0.619114 -0.749913 -0.233086
v -0.313787 0.130047 -4.41351 0 0 0
vn -0.634198 -0.743466 -0.212253
v -0.0701502 0.0661365 -4.41914 0 0 0
vn -0.176996 -0.933726 -0.311171
v -0.302411 0.122173 -4.41618 0 0 0
vn -0.23136 -0.955528 -0.182865
v -0.33409 0.138042 -4.41584 0 0 0
vn -0.381293 -0.862918 -0.331645
v -0.190367 0.104584 -4.41325 0 0 0
vn -0.306457 -0.94659 -0.100254
v 0.113728 0.00983299 -4.41363 0 0 0
vn -0.11521 -0.943582 -0.31045
v -0.196042 0.106215 -4.41424 0 0 0
vn -0.261243 -0.95813 -0.117216
v -0.430169 0.169609 -4.41391 0 0 0
vn -0.194834 -0.868249 -0.45627
v 0.129303 0.00788359 -4.41347 0 0 0
vn -0.101122 -0.947854 -0.302236
v -0.174183 0.0988864 -4.41378 0 0 0
vn -0.353035 -0.912166 -0.208134
v -0.414194 0.165618 -4.41322 0 0 0
vn -0.171797 -0.916679 -0.360812
v 0.145658 0.00661278 -4.41354 0 0 0
vn -0.0727972 -0.955518 -0.285806
v -0.397996 0.161782 -4.4138 0 0 0
vn -0.261249 -0.918762 -0.296016
v -0.141637 0.0882017 -4.41366 0 0 0
vn -0.118717 -0.954177 -0.274687
v 0.161569 0.00559275 -4.41382 0 0 0
vn -0.0671475 -0.967117 -0.245309
v -0.149558 0.090057 -4.41382 0 0 0
vn -0.260122 -0.923933 -0.280509
v 0.178014 0.00472314 -4.41386 0 0 0
vn -0.0900783 -0.96744 -0.236528
v -0.494225 0.183795 -4.41311 0 0 0
vn -0.234401 -0.970611 0.0544948
v -0.158442 0.0928173 -4.41343 0 0 0
vn -0.328449 -0.904809 -0.271001
v -0.500475 0.185786 -4.41424 0 0 0
vn -0.295043 -0.942409 0.157529
v 0.193737 0.00214259 -4.41316 0 0 0
vn -0.165886 -0.939086 -0.300997
v -0.526048 0.192303 -4.41427 0 0 0
vn -0.311624 -0.936535 0.1606
v -0.0919791 0.0741532 -4.41361 0 0 0
vn -0.421101 -0.886298 -0.192742
v -0.509993 0.188883 -4.41303 0 0 0
vn -0.268472 -0.962985 0.0241473
v -0.125409 0.0861643 -4.41382 0 0 0
vn -0.195618 -0.950548 -0.241231
v -0.478872 0.181114 -4.41382 0 0 0
vn -0.0755598 -0.996526 -0.035021
v -0.109928 0.081776 -4.41355 0 0 0
vn -0.331981 -0.918367 -0.215383
v -0.462288 0.179776 -4.41362 0 0 0
vn -0.163533 -0.961027 -0.222897
v -0.0942077 0.0751829 -4.41343 0 0 0
vn -0.394721 -0.895273 -0.206596
v -0.606255 0.199723 -4.41363 0 0 0
vn -0.379962 -0.765892 -0.518689
v -0.445523 0.174205 -4.41356 0 0 0
vn -0.294994 -0.91333 -0.280725
v -0.60968 0.202135 -4.41362 0 0 0
vn -0.531587 -0.690722 -0.490223
v -0.432394 0.170083 -4.41364 0 0 0
vn -0.377603 -0.851915 -0.362844
v -0.590263 0.192905 -4.41396 0 0 0
vn -0.254591 -0.826886 -0.501442
v -0.0145466 0.0461417 -4.41353 0 0 0
vn -0.346438 -0.895676 -0.278828
v -0.622119 0.21222 -4.41423 0 0 0
vn -0.468087 -0.747276 -0.471671
v -0.337036 0.138122 -4.41374 0 0 0
vn -0.275689 -0.861157 -0.427088
v 0.00194222 0.0390869 -4.41351 0 0 0
vn -0.348476 -0.884947 -0.308924
v -0.634747 0.21744 -4.41268 0 0 0
vn -0.390726 -0.822402 -0.413507
v -0.00494833 0.0421397 -4.41381 0 0 0
vn -0.374492 -0.879163 -0.294666
v -0.36601 0.153417 -4.4138 0 0 0
vn -0.412211 -0.644085 -0.644389
v -0.367966 0.15385 -4.41338 0 0 0
vn -0.398433 -0.717361 -0.571527
v 0.0180839 0.0330572 -4.41388 0 0 0
vn -0.304039 -0.898104 -0.317758
v -0.381815 0.157002 -4.41381 0 0 0
vn -0.263643 -0.923357 -0.279113
v 0.0501412 0.0247725 -4.41368 0 0 0
vn -0.225325 -0.932657 -0.281742
v 0.0431784 0.026172 -4.41378 0 0 0
vn -0.200159 -0.928825 -0.311802
v -0.350411 0.142979 -4.41374 0 0 0
vn -0.38734 -0.765487 -0.513806
v 0.0338883 0.0279387 -4.41348 0 0 0
vn -0.247339 -0.906515 -0.342132
v -0.574264 0.189843 -4.41326 0 0 0
vn 0.135479 -0.941479 -0.308647
v -0.558234 0.195628 -4.4136 0 0 0
vn 0.225902 -0.96527 -0.131237
v -0.286058 0.119918 -4.41351 0 0 0
vn -0.0617863 -0.940375 -0.334482
v 0.111792 0.0100956 -4.4137 0 0 0
vn -0.152619 -0.944824 -0.289854
v -0.270111 0.119801 -4.41386 0 0 0
vn -0.0631946 -0.980238 -0.187459
v -0.54214 0.196309 -4.41336 0 0 0
vn -0.112833 -0.989052 -0.0951067
v 0.0655718 0.0208559 -4.41365 0 0 0
vn -0.248582 -0.926315 -0.283103
v 0.0816463 0.0161574 -4.4133 0 0 0
vn -0.250663 -0.925078 -0.285304
v 0.0975355 0.0124266 -4.41378 0 0 0
vn -0.201832 -0.937339 -0.284007
v -0.253885 0.117337 -4.41354 0 0 0
vn -0.121168 -0.987826 -0.097556
v -0.237872 0.115829 -4.41368 0 0 0
vn -0.135623 -0.984934 -0.107293
v -0.221693 0.113025 -4.41392 0 0 0
vn -0.209865 -0.970282 -0.120456
v -0.206056 0.108825 -4.4131 0 0 0
vn -0.252388 -0.961173 -0.111563
v -0.189735 0.105964 -4.42386 0 0 0
vn -0.285944 -0.94243 -0.173384
v 0.113932 0.0100488 -4.41442 0 0 0
vn -0.122696 -0.956318 -0.265331
v -0.430139 0.170082 -4.41479 0 0 0
vn -0.213104 -0.897035 -0.387188
v 0.130758 0.0099958 -4.42162 0 0 0
vn -0.0996845 -0.963765 -0.247427
v -0.142259 0.0901464 -4.42035 0 0 0
vn -0.187825 -0.943317 -0.273633
v -0.413503 0.169903 -4.42368 0 0 0
vn -0.227317 -0.897543 -0.377815
v 0.146003 0.0101035 -4.42836 0 0 0
vn -0.0987983 -0.968604 -0.228133
v -0.526208 0.18596 -4.42797 0 0 0
vn -0.203396 -0.892329 0.402963
v -0.126084 0.09011 -4.42721 0 0 0
vn -0.129332 -0.952982 -0.274042
v -0.510308 0.185861 -4.42147 0 0 0
vn -0.211724 -0.903097 0.373615
v -0.605979 0.201949 -4.4167 0 0 0
vn -0.405667 -0.727339 -0.553545
v -0.589911 0.20203 -4.42843 0 0 0
vn -0.367763 -0.77802 -0.509347
v 0.00188119 0.0420882 -4.42206 0 0 0
vn -0.354765 -0.886303 -0.297671
v -0.62261 0.218395 -4.42426 0 0 0
vn -0.38134 -0.797897 -0.466841
v 0.0496632 0.0261099 -4.41774 0 0 0
vn -0.22625 -0.928929 -0.293091
v -0.366245 0.154135 -4.41607 0 0 0
vn -0.330203 -0.900321 -0.28353
v -0.28596 0.121964 -4.41982 0 0 0
vn -0.0798958 -0.975292 -0.205964
v -0.0782293 0.0654395 -4.40563 0 0 0
vn -0.407176 -0.870847 -0.275379
v -0.0704695 0.0629294 -4.40555 0 0 0
vn -0.241128 -0.923906 -0.297079
v -0.0621625 0.0622745 -4.40582 0 0 0
vn -0.137877 -0.92508 -0.353861
v -0.0543595 0.059673 -4.40541 0 0 0
vn -0.217784 -0.882117 -0.417659
v -0.0460972 0.0583196 -4.40557 0 0 0
vn -0.286669 -0.918932 -0.270895
v -0.0300593 0.0498041 -4.4057 0 0 0
vn -0.362579 -0.888519 -0.281194
v -0.0307306 0.0500737 -4.40565 0 0 0
vn -0.320332 -0.892439 -0.31771
v -0.0380919 0.0531226 -4.40554 0 0 0
vn -0.395082 -0.849013 -0.350839
v -0.0456718 0.0581299 -4.40563 0 0 0
vn -0.493012 -0.859558 -0.13453
v -0.310103 0.121773 -4.40556 0 0 0
vn -0.439398 -0.871326 -0.218449
v -0.310499 0.12211 -4.40569 0 0 0
vn -0.666185 -0.695555 -0.269073
v -0.30227 0.118847 -4.40571 0 0 0
vn -0.183469 -0.932939 -0.309779
v -0.317934 0.129311 -4.40561 0 0 0
vn -0.637345 -0.70084 -0.320335
v -0.319461 0.130096 -4.40559 0 0 0
vn -0.25355 -0.904805 -0.342111
v -0.334198 0.133779 -4.4055 0 0 0
vn -0.183812 -0.89001 -0.417248
v -0.326093 0.131945 -4.40574 0 0 0
vn -0.256396 -0.910772 -0.323661
v -0.0780912 0.0660802 -4.40803 0 0 0
vn -0.405223 -0.889201 -0.212403
v -0.0301847 0.0501326 -4.40674 0 0 0
vn -0.349062 -0.906876 -0.236076
v -0.310043 0.121991 -4.40603 0 0 0
vn -0.405886 -0.842579 -0.354001
v -0.318153 0.130075 -4.40632 0 0 0
vn -0.461466 -0.825198 -0.325727
v -0.0622637 0.0574203 -4.39762 0 0 0
vn -0.198157 -0.827469 -0.525385
v -0.0654552 0.0580974 -4.39759 0 0 0
vn -0.186712 -0.859672 -0.475502
v -0.0542022 0.0553636 -4.39753 0 0 0
vn -0.273633 -0.801291 -0.532032
v -0.0460065 0.0515477 -4.39769 0 0 0
vn -0.356515 -0.756399 -0.548413
v -0.0776362 0.0622486 -4.3976 0 0 0
vn -0.391886 -0.84495 -0.363985
v -0.0699365 0.0593089 -4.3977 0 0 0
vn -0.295007 -0.866382 -0.402931
v -0.0381067 0.0496197 -4.39762 0 0 0
vn -0.201109 -0.895902 -0.396124
v -0.0404646 0.050073 -4.39764 0 0 0
vn -0.2012 -0.885308 -0.419223
v -0.0302063 0.0474771 -4.39768 0 0 0
vn -0.337288 -0.883949 -0.323836
v -0.309876 0.1197 -4.39741 0 0 0
vn -0.413303 -0.885302 -0.213123
v -0.312414 0.12202 -4.39789 0 0 0
vn -0.603476 -0.748678 -0.274405
v -0.301897 0.116317 -4.3977 0 0 0
vn -0.231861 -0.954682 -0.186608
v -0.326241 0.128627 -4.39754 0 0 0
vn -0.25769 -0.904985 -0.338524
v -0.333234 0.130093 -4.39761 0 0 0
vn -0.18482 -0.91952 -0.346878
v -0.318411 0.126012 -4.39756 0 0 0
vn -0.391683 -0.843581 -0.367364
v -0.334043 0.130224 -4.39764 0 0 0
vn -0.13877 -0.906522 -0.398698
v -0.42993 0.160665 -4.39752 0 0 0
vn -0.186514 -0.886998 -0.422431
v -0.434574 0.162151 -4.39772 0 0 0
vn -0.322917 -0.850864 -0.414434
v -0.437972 0.164149 -4.39767 0 0 0
vn -0.615045 -0.652365 -0.442876
v -0.442787 0.169897 -4.39772 0 0 0
vn -0.532247 -0.785916 -0.314722
v -0.422125 0.159533 -4.39771 0 0 0
vn -0.132657 -0.898348 -0.418776
v -0.414247 0.15958 -4.39764 0 0 0
vn -0.0442732 -0.933826 -0.354977
v -0.0620279 0.0580279 -4.3985 0 0 0
vn -0.218283 -0.846823 -0.485018
v -0.0538371 0.058059 -4.40239 0 0 0
vn -0.191096 -0.862729 -0.468168
v -0.0460398 0.0581038 -4.4052 0 0 0
vn -0.354152 -0.733162 -0.580559
v -0.038135 0.050058 -4.39849 0 0 0
vn -0.289304 -0.894137 -0.341793
v -0.325896 0.130014 -4.40086 0 0 0
vn -0.235038 -0.892491 -0.384991
v 0.113568 0.00467918 -4.39797 0 0 0
vn -0.142954 -0.939155 -0.312335
v -0.189848 0.103064 -4.39788 0 0 0
vn -0.385435 -0.905014 -0.17997
v 0.130071 0.0025385 -4.39774 0 0 0
vn -0.10256 -0.937828 -0.331601
v -0.398072 0.157869 -4.39752 0 0 0
vn -0.179367 -0.949106 -0.258892
v -0.200017 0.106019 -4.39759 0 0 0
vn -0.271907 -0.951919 -0.141126
v 0.145798 0.000991432 -4.39707 0 0 0
vn -0.0730394 -0.931359 -0.356702
v -0.174237 0.0944209 -4.39721 0 0 0
vn -0.463875 -0.84565 -0.264
v -0.49368 0.181839 -4.39747 0 0 0
vn -0.217665 -0.940974 -0.259211
v 0.161786 0.000451498 -4.39795 0 0 0
vn -0.0558611 -0.937132 -0.344475
v -0.507414 0.18615 -4.39784 0 0 0
vn -0.298415 -0.932693 -0.202564
v -0.158226 0.0876318 -4.39742 0 0 0
vn -0.29174 -0.916332 -0.274267
v 0.177818 -0.000665006 -4.39768 0 0 0
vn -0.113505 -0.926256 -0.359397
v -0.164637 0.0901959 -4.39801 0 0 0
vn -0.349215 -0.893131 -0.283488
v -0.52615 0.192232 -4.39784 0 0 0
vn -0.237475 -0.96013 -0.147496
v -0.510046 0.186938 -4.39746 0 0 0
vn -0.30318 -0.9313 -0.201895
v -0.142876 0.0831743 -4.3977 0 0 0
vn -0.196689 -0.932881 -0.301737
v -0.477143 0.178516 -4.39792 0 0 0
vn -0.150422 -0.96364 -0.22084
v -0.461514 0.175151 -4.3972 0 0 0
vn -0.224557 -0.94787 -0.226089
v 0.19999 -0.00516631 -4.39822 0 0 0
vn -0.228376 -0.91196 -0.340842
v -0.0141046 0.0405656 -4.39768 0 0 0
vn -0.368878 -0.874973 -0.31361
v 0.193663 -0.00393936 -4.39726 0 0 0
vn -0.181867 -0.915025 -0.360074
v -0.0172413 0.0420496 -4.39768 0 0 0
vn -0.360607 -0.874023 -0.325648
v -0.446252 0.172011 -4.39772 0 0 0
vn -0.278708 -0.934845 -0.21997
v -0.0939096 0.0708974 -4.39771 0 0 0
vn -0.452007 -0.837242 -0.30776
v -0.099552 0.0741239 -4.39778 0 0 0
vn -0.428177 -0.86763 -0.25275
v -0.621943 0.201509 -4.39761 0 0 0
vn -0.603128 -0.699559 -0.383215
v -0.366352 0.135433 -4.3976 0 0 0
vn -0.093533 -0.831476 -0.54763
v -0.622327 0.201996 -4.39764 0 0 0
vn -0.553859 -0.804018 -0.216321
v -0.371363 0.138162 -4.39757 0 0 0
vn -0.467268 -0.643852 -0.605901
v -0.126845 0.0824542 -4.39778 0 0 0
vn -0.106156 -0.950421 -0.292287
v -0.110711 0.078958 -4.39742 0 0 0
vn -0.259884 -0.93354 -0.246908
v -0.349941 0.132652 -4.39762 0 0 0
vn -0.139191 -0.890043 -0.434107
v -0.590156 0.184614 -4.39765 0 0 0
vn -0.00871141 -0.985804 -0.167675
v -0.600172 0.18626 -4.39769 0 0 0
vn -0.266957 -0.880003 -0.392847
v -0.381948 0.149437 -4.39771 0 0 0
vn -0.615499 -0.498461 -0.61049
v -0.385563 0.15382 -4.39767 0 0 0
vn -0.60194 -0.660675 -0.448526
v -0.606287 0.189482 -4.39766 0 0 0
vn -0.535976 -0.731051 -0.422249
v 0.00187243 0.0336177 -4.39762 0 0 0
vn -0.362147 -0.882672 -0.299566
v -0.636744 0.211697 -4.39758 0 0 0
vn -0.505938 -0.798909 -0.325225
v -0.285838 0.113878 -4.3975 0 0 0
vn -0.0365566 -0.980278 -0.194214
v 0.0178544 0.0273904 -4.39764 0 0 0
vn -0.338345 -0.889646 -0.306679
v -0.269841 0.115594 -4.39762 0 0 0
vn 0.055053 -0.974695 -0.216653
v 0.0339728 0.0226928 -4.39743 0 0 0
vn -0.202707 -0.939972 -0.274524
v 0.0217356 0.0260591 -4.39756 0 0 0
vn -0.270498 -0.918397 -0.288752
v 0.0495389 0.0201824 -4.39797 0 0 0
vn -0.202928 -0.937604 -0.282345
v -0.254068 0.115686 -4.39755 0 0 0
vn -0.0711538 -0.983059 -0.168917
v -0.581875 0.186069 -4.39752 0 0 0
vn 0.239893 -0.960423 -0.141561
v -0.238255 0.113804 -4.3978 0 0 0
vn -0.149784 -0.977614 -0.147772
v -0.57356 0.189629 -4.39766 0 0 0
vn 0.336584 -0.93211 -0.133723
v 0.0978572 0.00724146 -4.39754 0 0 0
vn -0.185786 -0.936314 -0.297994
v -0.557776 0.195524 -4.3979 0 0 0
vn 0.156681 -0.968084 -0.195614
v 0.085917 0.00999556 -4.39743 0 0 0
vn -0.225221 -0.928331 -0.295764
v -0.222341 0.110782 -4.39727 0 0 0
vn -0.187356 -0.970407 -0.152343
v -0.206261 0.107445 -4.39763 0 0 0
vn -0.222619 -0.967468 -0.120191
v -0.542379 0.195176 -4.39742 0 0 0
vn -0.0507437 -0.975535 -0.213908
v 0.0661603 0.0156214 -4.39731 0 0 0
vn -0.25806 -0.921641 -0.289798
v 0.0820593 0.0111379 -4.3978 0 0 0
vn -0.263682 -0.919634 -0.29111
v -0.157604 0.0898586 -4.40515 0 0 0
vn -0.291978 -0.913077 -0.284674
v -0.366151 0.137772 -4.39978 0 0 0
vn -0.314825 -0.700897 -0.640022
v -0.0139797 0.0420387 -4.40191 0 0 0
vn -0.372972 -0.879311 -0.296147
v -0.349867 0.138024 -4.40729 0 0 0
vn -0.218413 -0.839446 -0.497621
v -0.0940381 0.0740717 -4.40909 0 0 0
vn -0.413841 -0.884354 -0.215993
v -0.622071 0.202054 -4.3981 0 0 0
vn -0.525885 -0.71962 -0.453423
v -0.382329 0.154031 -4.40235 0 0 0
vn -0.394211 -0.822245 -0.410501
v -0.589724 0.185867 -4.4017 0 0 0
vn -0.0780683 -0.917932 -0.388981
v 0.0338673 0.0261011 -4.40827 0 0 0
vn -0.224794 -0.925102 -0.30603
v 0.0979934 0.0101072 -4.40676 0 0 0
vn -0.189054 -0.935259 -0.299248
v -0.0701297 0.0548056 -4.38938 0 0 0
vn -0.315881 -0.845277 -0.43096
v -0.0771212 0.0581771 -4.38976 0 0 0
vn -0.366916 -0.829448 -0.421175
v -0.0621003 0.0525565 -4.38986 0 0 0
vn -0.234312 -0.83603 -0.496138
v -0.0463185 0.0475852 -4.38944 0 0 0
vn -0.242358 -0.884645 -0.398328
v -0.0538716 0.0500952 -4.38965 0 0 0
vn -0.307967 -0.837487 -0.451412
v -0.0541242 0.0501632 -4.38962 0 0 0
vn -0.235684 -0.831483 -0.50308
v -0.0782792 0.0587018 -4.3895 0 0 0
vn -0.463131 -0.810814 -0.357897
v -0.0383171 0.0458321 -4.38962 0 0 0
vn -0.188342 -0.894598 -0.405242
v -0.0304653 0.0444246 -4.38964 0 0 0
vn -0.21269 -0.893234 -0.396101
v -0.445999 0.167835 -4.38963 0 0 0
vn -0.491074 -0.512264 -0.704579
v -0.449281 0.169935 -4.38964 0 0 0
vn -0.367675 -0.831345 -0.416751
v -0.438214 0.160041 -4.38961 0 0 0
vn -0.117894 -0.728365 -0.674971
v -0.440775 0.162055 -4.38984 0 0 0
vn -0.598673 -0.480822 -0.640625
v -0.430256 0.158204 -4.38993 0 0 0
vn -0.18387 -0.877498 -0.442932
v -0.42188 0.155826 -4.38943 0 0 0
vn -0.0397879 -0.951812 -0.304091
v -0.413736 0.156858 -4.38973 0 0 0
vn -0.022363 -0.949943 -0.311622
v -0.310207 0.117967 -4.38958 0 0 0
vn -0.378108 -0.919152 -0.110426
v -0.317567 0.122076 -4.38967 0 0 0
vn -0.51808 -0.805658 -0.287242
v -0.302153 0.115686 -4.38968 0 0 0
vn -0.182756 -0.982015 -0.0473978
v -0.334058 0.128036 -4.38974 0 0 0
vn -0.124237 -0.934349 -0.334002
v -0.325486 0.125313 -4.38957 0 0 0
vn -0.313552 -0.902125 -0.296405
v -0.318048 0.122282 -4.38956 0 0 0
vn -0.355966 -0.859615 -0.36654
v -0.070218 0.0581471 -4.39545 0 0 0
vn -0.319207 -0.837956 -0.442648
v -0.0460992 0.05012 -4.39505 0 0 0
vn -0.277733 -0.849696 -0.448197
v -0.44591 0.170038 -4.39223 0 0 0
vn -0.588865 -0.696978 -0.409219
v -0.437842 0.162219 -4.39449 0 0 0
vn -0.482527 -0.78236 -0.393802
v -0.334086 0.130073 -4.39711 0 0 0
vn -0.14598 -0.953313 -0.264355
v -0.0622034 0.0484064 -4.38148 0 0 0
vn -0.251189 -0.872108 -0.419918
v -0.0667733 0.0501884 -4.38197 0 0 0
vn -0.301996 -0.861483 -0.408221
v -0.077842 0.0546278 -4.38196 0 0 0
vn -0.410619 -0.831093 -0.375069
v -0.0700883 0.0510608 -4.38121 0 0 0
vn -0.359569 -0.852394 -0.379651
v -0.0540265 0.0464882 -4.38191 0 0 0
vn -0.241419 -0.875418 -0.418761
v -0.0456851 0.0440502 -4.38163 0 0 0
vn -0.216907 -0.890612 -0.399701
v -0.0377568 0.0424603 -4.38201 0 0 0
vn -0.195615 -0.901356 -0.386383
v -0.0369705 0.0419399 -4.38122 0 0 0
vn -0.197569 -0.900207 -0.388064
v -0.44592 0.149918 -4.38144 0 0 0
vn -0.424524 -0.753581 -0.501891
v -0.449071 0.154123 -4.38167 0 0 0
vn -0.796739 -0.484469 -0.361244
v -0.438146 0.151688 -4.3819 0 0 0
vn 0.123949 -0.607979 -0.784218
v -0.430177 0.153246 -4.38167 0 0 0
vn 0.341758 -0.706815 -0.619366
v -0.452346 0.161887 -4.38158 0 0 0
vn -0.697301 -0.220609 -0.681984
v -0.453856 0.166903 -4.38172 0 0 0
vn -0.672439 -0.407931 -0.617591
v -0.455761 0.170134 -4.38156 0 0 0
vn -0.512442 -0.729495 -0.453036
v -0.429201 0.153997 -4.38163 0 0 0
vn 0.252823 -0.816107 -0.519664
v -0.41397 0.153467 -4.38154 0 0 0
vn -0.120897 -0.774695 -0.62067
v -0.41457 0.154006 -4.3817 0 0 0
vn -0.216145 -0.845921 -0.487545
v -0.422144 0.15565 -4.3817 0 0 0
vn 0.00176359 -0.984001 -0.178154
v -0.318023 0.121053 -4.38159 0 0 0
vn -0.339163 -0.937668 -0.0758091
v -0.321675 0.122116 -4.38142 0 0 0
vn -0.21214 -0.964762 -0.155665
v -0.30991 0.117883 -4.38169 0 0 0
vn -0.300799 -0.953681 0.00369785
v -0.30188 0.115381 -4.38161 0 0 0
vn -0.164682 -0.985455 0.0419336
v -0.333846 0.125412 -4.38135 0 0 0
vn -0.0960729 -0.962153 -0.255014
v -0.326282 0.123624 -4.3822 0 0 0
vn -0.267785 -0.927384 -0.261248
v -0.0620458 0.0500734 -4.38513 0 0 0
vn -0.254862 -0.869105 -0.423912
v -0.0779629 0.0580212 -4.38858 0 0 0
vn -0.429807 -0.807342 -0.404309
v -0.0540976 0.0500802 -4.38948 0 0 0
vn -0.227773 -0.880192 -0.416392
v -0.0300818 0.0420831 -4.38494 0 0 0
vn -0.317788 -0.875393 -0.364277
v -0.44568 0.154329 -4.3858 0 0 0
vn -0.310074 -0.455708 -0.834377
v -0.437816 0.153932 -4.38331 0 0 0
vn 0.0386338 -0.736849 -0.674952
v -0.429965 0.15412 -4.38276 0 0 0
vn 0.0295715 -0.909829 -0.413927
v -0.446358 0.162249 -4.38625 0 0 0
vn -0.582467 -0.300078 -0.755437
v -0.45423 0.170202 -4.38473 0 0 0
vn -0.378414 -0.89553 -0.234156
v -0.414104 0.154077 -4.3824 0 0 0
vn -0.0270091 -0.964188 -0.263841
v -0.318008 0.122015 -4.38857 0 0 0
vn -0.392304 -0.913102 -0.111093
v -0.206008 0.104662 -4.38159 0 0 0
vn -0.296423 -0.934558 -0.196814
v -0.212734 0.106121 -4.38164 0 0 0
vn -0.204674 -0.961283 -0.184507
v 0.017893 0.0225908 -4.38157 0 0 0
vn -0.272259 -0.92266 -0.273082
v -0.406108 0.154064 -4.38187 0 0 0
vn 0.01692 -0.923809 -0.382481
v 0.00754606 0.0260578 -4.38154 0 0 0
vn -0.327619 -0.903226 -0.277216
v -0.174021 0.0879718 -4.38129 0 0 0
vn -0.367777 -0.92498 -0.0956715
v -0.397984 0.154661 -4.38151 0 0 0
vn 0.0111416 -0.973983 -0.226345
v -0.0140223 0.0344816 -4.38159 0 0 0
vn -0.334659 -0.884066 -0.326237
v -0.176788 0.0899227 -4.38182 0 0 0
vn -0.556481 -0.822514 -0.117468
v 0.00185136 0.0282757 -4.38171 0 0 0
vn -0.357723 -0.884512 -0.299452
v -0.190238 0.0990132 -4.38177 0 0 0
vn -0.412768 -0.886758 -0.208044
v 0.0338153 0.0183487 -4.38168 0 0 0
vn -0.221418 -0.933164 -0.283159
v -0.509779 0.180118 -4.3815 0 0 0
vn -0.302194 -0.848053 -0.435298
v 0.0500335 0.015161 -4.38165 0 0 0
vn -0.225791 -0.926731 -0.300314
v -0.52249 0.186199 -4.38176 0 0 0
vn -0.358296 -0.856737 -0.37098
v -0.158301 0.0830895 -4.38179 0 0 0
vn -0.32359 -0.91936 -0.223754
v -0.494113 0.175571 -4.38166 0 0 0
vn -0.193009 -0.897877 -0.395682
v -0.141363 0.077215 -4.38141 0 0 0
vn -0.147464 -0.952137 -0.26775
v 0.081894 0.00610328 -4.38194 0 0 0
vn -0.242854 -0.924614 -0.293447
v 0.0676394 0.0100601 -4.38153 0 0 0
vn -0.262485 -0.918467 -0.295839
v -0.526093 0.187509 -4.38135 0 0 0
vn -0.216201 -0.91756 -0.333678
v 0.0978859 0.00209477 -4.38152 0 0 0
vn -0.2049 -0.929453 -0.30681
v -0.478717 0.173457 -4.38154 0 0 0
vn -0.0939098 -0.937672 -0.334593
v -0.0300277 0.0406779 -4.38183 0 0 0
vn -0.289967 -0.882713 -0.36978
v 0.114085 -0.00109582 -4.38155 0 0 0
vn -0.157831 -0.929963 -0.332053
v -0.462412 0.172889 -4.38168 0 0 0
vn -0.156083 -0.950365 -0.269154
v -0.11014 0.0738591 -4.38163 0 0 0
vn -0.454233 -0.802995 -0.385837
v 0.0657691 0.0106468 -4.38165 0 0 0
vn -0.262039 -0.91479 -0.307401
v -0.110802 0.0741008 -4.38165 0 0 0
vn -0.250401 -0.914899 -0.316637
v -0.382369 0.133449 -4.38176 0 0 0
vn -0.527471 -0.698044 -0.48426
v -0.0834323 0.0578757 -4.38147 0 0 0
vn -0.483651 -0.793977 -0.36835
v 0.129752 -0.00355009 -4.38173 0 0 0
vn -0.123274 -0.925335 -0.358551
v -0.388922 0.138885 -4.3816 0 0 0
vn -0.718931 -0.488409 -0.494566
v -0.0943983 0.0648925 -4.3818 0 0 0
vn -0.470285 -0.807173 -0.356798
v 0.145891 -0.0054389 -4.38166 0 0 0
vn -0.101142 -0.919171 -0.380651
v -0.36605 0.12345 -4.3816 0 0 0
vn -0.251588 -0.785202 -0.565828
v -0.349709 0.125188 -4.38162 0 0 0
vn 0.0117087 -0.902502 -0.430528
v -0.125899 0.0768944 -4.38158 0 0 0
vn -0.110232 -0.958447 -0.263113
v 0.161825 -0.00666198 -4.38166 0 0 0
vn -0.0701283 -0.873131 -0.482416
v 0.151391 -0.00592896 -4.38163 0 0 0
vn -0.0810463 -0.901123 -0.425921
v -0.39687 0.154146 -4.38178 0 0 0
vn -0.618151 -0.654191 -0.435803
v 0.178047 -0.00827369 -4.38123 0 0 0
vn -0.082083 -0.869917 -0.48632
v -0.286488 0.11398 -4.38142 0 0 0
vn -0.124117 -0.9919 -0.0269962
v 0.192101 -0.00903 -4.38298 0 0 0
vn -0.125769 -0.912325 -0.389672
v -0.270303 0.112719 -4.38204 0 0 0
vn -0.035812 -0.988016 -0.150141
v -0.254132 0.112301 -4.38128 0 0 0
vn -0.0519889 -0.977601 -0.203947
v -0.237636 0.110993 -4.38192 0 0 0
vn -0.140557 -0.973437 -0.180735
v -0.222076 0.107948 -4.38163 0 0 0
vn -0.187355 -0.967468 -0.170011
v -0.621389 0.193376 -4.38193 0 0 0
vn -0.665789 -0.745789 -0.0228884
v -0.628855 0.20225 -4.38146 0 0 0
vn -0.578837 -0.811012 -0.0848919
v -0.606177 0.183331 -4.38179 0 0 0
vn -0.160448 -0.986599 0.0296591
v -0.614832 0.186501 -4.38117 0 0 0
vn -0.570597 -0.801507 0.178904
v -0.590064 0.182459 -4.38165 0 0 0
vn -0.061216 -0.985749 -0.15669
v -0.638134 0.208834 -4.38169 0 0 0
vn -0.566875 -0.805003 -0.174995
v -0.573879 0.185098 -4.38155 0 0 0
vn 0.150121 -0.885565 -0.439589
v -0.567674 0.186308 -4.38176 0 0 0
vn 0.228444 -0.899195 -0.373178
v -0.557933 0.18854 -4.38127 0 0 0
vn 0.119791 -0.91701 -0.380452
v -0.541665 0.191087 -4.38199 0 0 0
vn -0.0671024 -0.945673 -0.31812
v -0.205966 0.106085 -4.38926 0 0 0
vn -0.253627 -0.950825 -0.177776
v 0.0179175 0.0260551 -4.39334 0 0 0
vn -0.302418 -0.911897 -0.277466
v -0.173851 0.0900092 -4.38739 0 0 0
vn -0.416388 -0.853585 -0.313072
v -0.509906 0.186066 -4.39499 0 0 0
vn -0.384169 -0.85127 -0.357426
v 0.0815682 0.0102294 -4.3945 0 0 0
vn -0.263347 -0.918119 -0.296152
v -0.110036 0.0740624 -4.38223 0 0 0
vn -0.437277 -0.8472 -0.301729
v -0.381857 0.137905 -4.38948 0 0 0
vn -0.562516 -0.576462 -0.592678
v 0.161765 -0.00589214 -4.38311 0 0 0
vn -0.0597526 -0.914662 -0.399778
v 0.178051 -0.0060386 -4.38545 0 0 0
vn -0.117947 -0.910317 -0.39675
v 0.194719 -0.00628424 -4.39127 0 0 0
vn -0.147979 -0.927923 -0.342141
v -0.606065 0.185801 -4.39145 0 0 0
vn -0.335791 -0.885019 -0.322469
v -0.574113 0.185876 -4.3835 0 0 0
vn 0.227997 -0.953692 -0.196185
v -0.4463 0.148172 -4.37374 0 0 0
vn -0.790033 -0.554239 -0.262043
v -0.450265 0.153767 -4.37376 0 0 0
vn -0.769561 -0.585539 -0.254792
v -0.437981 0.144109 -4.37414 0 0 0
vn 0.0172435 -0.992633 -0.119925
v -0.444562 0.146101 -4.37372 0 0 0
vn -0.266515 -0.93905 -0.217152
v -0.432483 0.146275 -4.37343 0 0 0
vn 0.186825 -0.982345 -0.00974118
v -0.429844 0.148281 -4.37377 0 0 0
vn 0.205401 -0.837522 -0.506327
v -0.462162 0.161745 -4.37363 0 0 0
vn -0.815093 -0.573839 -0.0795741
v -0.454285 0.158504 -4.3737 0 0 0
vn -0.690861 -0.681689 -0.240855
v -0.422107 0.148054 -4.37345 0 0 0
vn -0.0446886 -0.734992 -0.676601
v -0.413926 0.147126 -4.37356 0 0 0
vn -0.0421559 -0.74754 -0.662878
v -0.437897 0.146383 -4.37818 0 0 0
vn 0.142444 -0.778858 -0.610811
v -0.46181 0.16195 -4.37402 0 0 0
vn -0.471278 -0.404887 -0.783559
v -0.454086 0.162177 -4.37871 0 0 0
vn -0.676226 -0.394604 -0.622098
v -0.461805 0.169334 -4.37477 0 0 0
vn -0.458511 -0.693995 -0.555101
v -0.42193 0.153808 -4.37846 0 0 0
vn -0.0361892 -0.761788 -0.646815
v -0.446298 0.144736 -4.36547 0 0 0
vn -0.167667 -0.985842 0.00164489
v -0.448557 0.146518 -4.3657 0 0 0
vn -0.790832 -0.609061 -0.0602522
v -0.454037 0.154005 -4.36564 0 0 0
vn -0.655985 -0.745161 0.120075
v -0.454084 0.154065 -4.36565 0 0 0
vn -0.850269 -0.526194 -0.0127693
v -0.444599 0.145845 -4.36582 0 0 0
vn 0.169476 -0.985214 0.0251221
v -0.437831 0.147939 -4.36603 0 0 0
vn 0.0526427 -0.997015 0.0564873
v -0.429972 0.146377 -4.36569 0 0 0
vn -0.0162765 -0.987626 -0.155981
v -0.458911 0.161878 -4.36545 0 0 0
vn -0.690276 -0.715215 -0.109478
v -0.462122 0.164676 -4.36577 0 0 0
vn -0.350896 -0.881976 -0.314627
v -0.42174 0.144821 -4.36566 0 0 0
vn -0.104012 -0.978562 -0.17776
v -0.428903 0.146058 -4.36557 0 0 0
vn -0.145591 -0.968271 -0.203114
v -0.413904 0.144131 -4.36565 0 0 0
vn -0.232904 -0.955826 -0.179312
v -0.445978 0.146073 -4.37205 0 0 0
vn -0.418333 -0.869061 -0.264067
v -0.454028 0.154071 -4.36583 0 0 0
vn -0.777052 -0.551308 -0.303726
v -0.438217 0.145699 -4.37257 0 0 0
vn 0.105666 -0.953839 0.281116
v -0.461948 0.162005 -4.373 0 0 0
vn -0.782863 -0.605838 0.141727
v -0.422138 0.146089 -4.37007 0 0 0
vn -0.113642 -0.928132 -0.354481
v -0.414065 0.146018 -4.37197 0 0 0
vn -0.187372 -0.923285 -0.335316
v 0.0497198 0.00960374 -4.36561 0 0 0
vn -0.22696 -0.918829 -0.322866
v -0.493826 0.167718 -4.3658 0 0 0
vn -0.0494117 -0.913733 -0.4033
v -0.221992 0.105192 -4.36558 0 0 0
vn -0.227279 -0.948754 -0.219569
v 0.0476533 0.0101446 -4.36579 0 0 0
vn -0.20119 -0.925593 -0.320623
v -0.508137 0.169996 -4.36554 0 0 0
vn -0.0628733 -0.848426 -0.525566
v -0.226881 0.106131 -4.36567 0 0 0
vn -0.159213 -0.964181 -0.212148
v 0.00192296 0.0238153 -4.36566 0 0 0
vn -0.316995 -0.915351 -0.248289
v -0.206039 0.101168 -4.3658 0 0 0
vn -0.285641 -0.925651 -0.24815
v -0.478119 0.168106 -4.36541 0 0 0
vn -0.0627996 -0.930121 -0.361843
v -0.00589029 0.0260746 -4.36555 0 0 0
vn -0.281286 -0.916865 -0.283261
v -0.174174 0.0876393 -4.3653 0 0 0
vn -0.429946 -0.886736 -0.169841
v -0.397624 0.138944 -4.36566 0 0 0
vn -0.379521 -0.831945 -0.404761
v 0.017928 0.0178243 -4.36554 0 0 0
vn -0.306193 -0.912117 -0.272558
v -0.178493 0.0901185 -4.36617 0 0 0
vn -0.47812 -0.866313 -0.14458
v -0.189955 0.0952254 -4.36505 0 0 0
vn -0.363663 -0.904397 -0.223193
v -0.0142103 0.0285366 -4.36583 0 0 0
vn -0.295789 -0.894506 -0.335213
v -0.526513 0.178341 -4.36587 0 0 0
vn -0.265666 -0.758506 -0.595055
v 0.033915 0.0131684 -4.36563 0 0 0
vn -0.240469 -0.920939 -0.306669
v -0.157542 0.0786916 -4.36532 0 0 0
vn -0.376086 -0.89984 -0.221017
v -0.510112 0.170733 -4.36561 0 0 0
vn -0.335104 -0.758634 -0.55873
v -0.142063 0.0743365 -4.36564 0 0 0
vn -0.261372 -0.942707 -0.207338
v 0.0658875 0.00543812 -4.36577 0 0 0
vn -0.245198 -0.921801 -0.300269
v 0.0822698 0.000856906 -4.36571 0 0 0
vn -0.246255 -0.924409 -0.291251
v -0.382154 0.121451 -4.3656 0 0 0
vn -0.353388 -0.899075 -0.258419
v -0.0620116 0.0408839 -4.36568 0 0 0
vn -0.21702 -0.92948 -0.298277
v -0.383091 0.122043 -4.36571 0 0 0
vn -0.711889 -0.639568 -0.290116
v -0.065308 0.0419069 -4.3654 0 0 0
vn -0.346823 -0.881911 -0.319292
v 0.113814 -0.00678596 -4.36562 0 0 0
vn -0.196953 -0.91002 -0.364792
v -0.366047 0.117574 -4.36547 0 0 0
vn -0.094327 -0.958986 -0.267299
v -0.0460165 0.03737 -4.36567 0 0 0
vn -0.214154 -0.925399 -0.312688
v 0.109861 -0.00588705 -4.3657 0 0 0
vn -0.210661 -0.921719 -0.325663
v -0.397517 0.138563 -4.36562 0 0 0
vn -0.747495 -0.599129 -0.286871
v 0.097843 -0.00318961 -4.36556 0 0 0
vn -0.226261 -0.926199 -0.301598
v -0.0302021 0.0335089 -4.36537 0 0 0
vn -0.248304 -0.914095 -0.320586
v -0.34948 0.116473 -4.36536 0 0 0
vn 0.155551 -0.963581 -0.217522
v -0.126213 0.0732899 -4.36563 0 0 0
vn -0.287823 -0.882691 -0.371504
v 0.129756 -0.0102214 -4.36571 0 0 0
vn -0.183881 -0.899418 -0.396529
v -0.333904 0.121695 -4.36575 0 0 0
vn 0.104823 -0.991518 -0.0768373
v -0.136388 0.0739615 -4.36568 0 0 0
vn -0.0863125 -0.955124 -0.283351
v 0.145985 -0.0133317 -4.36525 0 0 0
vn -0.154306 -0.880508 -0.448214
v -0.109835 0.0660885 -4.36587 0 0 0
vn -0.424347 -0.828959 -0.364357
v -0.318223 0.120275 -4.3661 0 0 0
vn -0.185735 -0.982581 -0.00606393
v 0.161978 -0.0152634 -4.36629 0 0 0
vn -0.0994314 -0.874579 -0.474579
v -0.302094 0.116701 -4.36558 0 0 0
vn -0.225084 -0.97417 0.0181702
v -0.0941833 0.0569765 -4.36548 0 0 0
vn -0.476837 -0.809877 -0.341651
v -0.0958458 0.058088 -4.36571 0 0 0
vn -0.46843 -0.818796 -0.331882
v 0.175928 -0.0169564 -4.3658 0 0 0
vn -0.0887638 -0.870028 -0.484946
v -0.0785909 0.0481433 -4.36594 0 0 0
vn -0.436074 -0.829557 -0.348818
v -0.285778 0.112154 -4.3656 0 0 0
vn -0.221767 -0.970161 -0.0980196
v -0.269881 0.109501 -4.36533 0 0 0
vn -0.114131 -0.975059 -0.190351
v -0.254241 0.10886 -4.36582 0 0 0
vn -0.0545502 -0.970255 -0.235857
v -0.238608 0.107829 -4.36569 0 0 0
vn -0.0863314 -0.971951 -0.218764
v -0.651896 0.20864 -4.36328 0 0 0
vn -0.268369 -0.921545 -0.280594
v -0.622017 0.201153 -4.36575 0 0 0
vn -0.529742 -0.847801 0.0246417
v -0.623844 0.2021 -4.36544 0 0 0
vn -0.28736 -0.939936 -0.184243
v -0.589652 0.178586 -4.36503 0 0 0
vn -0.383016 -0.917428 -0.10782
v -0.59761 0.185735 -4.36578 0 0 0
vn -0.525534 -0.85064 -0.0149916
v -0.606697 0.191767 -4.36534 0 0 0
vn -0.554654 -0.809807 0.191237
v -0.638203 0.205998 -4.36663 0 0 0
vn -0.327238 -0.932682 -0.151724
v -0.574393 0.177252 -4.36623 0 0 0
vn -0.0242662 -0.947112 -0.319986
v -0.558054 0.17663 -4.36469 0 0 0
vn 0.0011627 -0.881966 -0.471312
v -0.542465 0.181053 -4.36578 0 0 0
vn 0.0655418 -0.739675 -0.669765
v 0.0497959 0.0100562 -4.36686 0 0 0
vn -0.248916 -0.917094 -0.311416
v -0.494177 0.170111 -4.37061 0 0 0
vn -0.135949 -0.889585 -0.436069
v -0.222044 0.106123 -4.37108 0 0 0
vn -0.206442 -0.962493 -0.176036
v 0.00191499 0.0260368 -4.37396 0 0 0
vn -0.332384 -0.905283 -0.264544
v -0.477728 0.170133 -4.37103 0 0 0
vn -0.074487 -0.925505 -0.371337
v -0.398041 0.153946 -4.38064 0 0 0
vn -0.361035 -0.671626 -0.646972
v 0.0659141 0.0101022 -4.38013 0 0 0
vn -0.246753 -0.921362 -0.30034
v -0.0623073 0.042103 -4.36842 0 0 0
vn -0.265209 -0.870588 -0.414415
v 0.11381 -0.00593206 -4.3678 0 0 0
vn -0.165494 -0.925257 -0.341339
v -0.525843 0.186055 -4.37817 0 0 0
vn -0.260267 -0.827721 -0.497131
v -0.0465507 0.0422404 -4.37758 0 0 0
vn -0.207504 -0.896179 -0.392181
v 0.12994 -0.00591872 -4.37587 0 0 0
vn -0.152243 -0.912741 -0.379111
v -0.126158 0.0741503 -4.36837 0 0 0
vn -0.238344 -0.923064 -0.301904
v 0.145928 -0.00588836 -4.38064 0 0 0
vn -0.130884 -0.899553 -0.416742
v -0.382029 0.122003 -4.36685 0 0 0
vn -0.489236 -0.742006 -0.45834
v -0.0940395 0.0580088 -4.36781 0 0 0
vn -0.470776 -0.800109 -0.371747
v -0.366014 0.121919 -4.3795 0 0 0
vn -0.103644 -0.934558 -0.340381
v -0.350852 0.121667 -4.37542 0 0 0
vn 0.114316 -0.89582 -0.429464
v -0.334136 0.121906 -4.36672 0 0 0
vn 0.0152961 -0.960326 -0.27846
v -0.605363 0.186266 -4.37218 0 0 0
vn -0.260629 -0.911612 0.317862
v -0.558325 0.185785 -4.37693 0 0 0
vn 0.149165 -0.815635 -0.559007
v -0.541781 0.185888 -4.37114 0 0 0
vn -0.0439444 -0.851569 -0.522397
v -0.437837 0.144938 -4.35762 0 0 0
vn -0.116216 -0.992224 -0.044569
v -0.441675 0.146082 -4.35753 0 0 0
vn -0.306381 -0.943174 0.128658
v -0.43014 0.14456 -4.35766 0 0 0
vn -0.0892157 -0.995003 -0.0448259
v -0.44643 0.148682 -4.35756 0 0 0
vn -0.59567 -0.787328 0.159032
v -0.422409 0.143889 -4.35765 0 0 0
vn -0.094624 -0.993628 -0.0612303
v -0.414321 0.143385 -4.3576 0 0 0
vn -0.213677 -0.975655 -0.0493935
v -0.445743 0.146052 -4.36088 0 0 0
vn -0.177849 -0.964625 0.194597
v -0.438139 0.146411 -4.36426 0 0 0
vn -0.0345854 -0.975474 -0.217382
v -0.430016 0.146066 -4.36493 0 0 0
vn -0.060517 -0.973961 -0.21849
v -0.42984 0.144844 -4.34967 0 0 0
vn -0.133124 -0.987815 -0.0806159
v -0.43505 0.145906 -4.34975 0 0 0
vn -0.179264 -0.983555 -0.0220101
v -0.445675 0.149411 -4.34972 0 0 0
vn -0.425027 -0.90518 0.00110451
v -0.437974 0.146725 -4.34934 0 0 0
vn -0.323921 -0.940777 -0.100073
v -0.421668 0.143964 -4.34961 0 0 0
vn -0.0892486 -0.990578 -0.103875
v -0.413604 0.142949 -4.34948 0 0 0
vn -0.264259 -0.954928 -0.135204
v -0.43806 0.146335 -4.35025 0 0 0
vn -0.297641 -0.930977 0.211404
v -0.254358 0.104472 -4.34972 0 0 0
vn -0.077025 -0.973904 -0.213491
v -0.268339 0.106018 -4.34948 0 0 0
vn -0.105879 -0.972934 -0.205401
v 0.161663 -0.0241818 -4.34969 0 0 0
vn -0.130937 -0.876762 -0.462758
v 0.146309 -0.0219108 -4.34965 0 0 0
vn -0.129241 -0.873825 -0.468751
v -0.238855 0.103657 -4.34935 0 0 0
vn -0.0974393 -0.964742 -0.244496
v -0.589817 0.178705 -4.34931 0 0 0
vn -0.182383 -0.931071 -0.315981
v -0.573119 0.173148 -4.34953 0 0 0
vn -0.19708 -0.961341 -0.192312
v -0.222493 0.101402 -4.35022 0 0 0
vn -0.2369 -0.925182 -0.296508
v -0.557835 0.171683 -4.34964 0 0 0
vn -0.159171 -0.938667 -0.305889
v -0.206498 0.0952566 -4.34901 0 0 0
vn -0.293746 -0.889233 -0.350681
v -0.552731 0.169772 -4.34978 0 0 0
vn -0.366456 -0.647123 -0.668538
v -0.142191 0.0694776 -4.34991 0 0 0
vn -0.256614 -0.917109 -0.30506
v -0.155759 0.0741461 -4.34961 0 0 0
vn -0.309116 -0.918748 -0.245662
v -0.526153 0.157975 -4.34929 0 0 0
vn -0.10318 -0.669778 -0.735358
v 0.0339227 0.00756761 -4.34968 0 0 0
vn -0.24774 -0.930049 -0.271357
v -0.174114 0.0837874 -4.3491 0 0 0
vn -0.39736 -0.869231 -0.294183
v -0.510171 0.156817 -4.34951 0 0 0
vn -0.0293764 -0.77508 -0.63118
v -0.187725 0.0901544 -4.34977 0 0 0
vn -0.396304 -0.869777 -0.293993
v 0.0260726 0.0100795 -4.34959 0 0 0
vn -0.316327 -0.912415 -0.259685
v -0.49405 0.160671 -4.3498 0 0 0
vn 0.0654918 -0.910903 -0.407389
v -0.190024 0.0909217 -4.34963 0 0 0
vn -0.277292 -0.906453 -0.318516
v 0.0496468 0.00377643 -4.34951 0 0 0
vn -0.222379 -0.930635 -0.290631
v -0.478068 0.161515 -4.3492 0 0 0
vn -0.0336499 -0.911847 -0.409149
v -0.158282 0.0754338 -4.34965 0 0 0
vn -0.461588 -0.863485 -0.203296
v -0.462463 0.159701 -4.34991 0 0 0
vn -0.252021 -0.894697 -0.368785
v -0.0142676 0.0242739 -4.3493 0 0 0
vn -0.299277 -0.928128 -0.221388
v 0.00167369 0.0195822 -4.34986 0 0 0
vn -0.313473 -0.917072 -0.2464
v -0.454387 0.154261 -4.34975 0 0 0
vn -0.541631 -0.829938 -0.133562
v -0.0781641 0.041664 -4.34955 0 0 0
vn -0.314302 -0.931233 -0.184443
v 0.0179439 0.0132097 -4.34962 0 0 0
vn -0.348828 -0.902768 -0.251651
v -0.078992 0.0420781 -4.34974 0 0 0
vn -0.460076 -0.855711 -0.23683
v -0.398108 0.138739 -4.34965 0 0 0
vn -0.280346 -0.958805 -0.045812
v -0.0624928 0.0370092 -4.34998 0 0 0
vn -0.270568 -0.932217 -0.240342
v 0.0657222 1.77042e-05 -4.34952 0 0 0
vn -0.22579 -0.927106 -0.299154
v -0.0460234 0.0326037 -4.34964 0 0 0
vn -0.221406 -0.937854 -0.267226
v 0.0814024 -0.00379497 -4.34959 0 0 0
vn -0.238308 -0.928208 -0.285725
v -0.381951 0.11703 -4.35009 0 0 0
vn -0.314204 -0.912041 -0.263546
v -0.389226 0.122268 -4.34977 0 0 0
vn -0.694639 -0.652876 -0.302043
v 0.0978357 -0.00822397 -4.34965 0 0 0
vn -0.267501 -0.913908 -0.30531
v -0.0207691 0.0262487 -4.35026 0 0 0
vn -0.26825 -0.938877 -0.21576
v -0.366109 0.113208 -4.34908 0 0 0
vn 0.0312474 -0.998434 -0.0464045
v 0.0895389 -0.00587424 -4.34971 0 0 0
vn -0.253492 -0.922087 -0.2924
v -0.0300808 0.0285434 -4.34924 0 0 0
vn -0.243535 -0.945774 -0.214947
v -0.397654 0.138188 -4.34961 0 0 0
vn -0.881712 -0.47028 -0.0376981
v 0.113819 -0.0130334 -4.34956 0 0 0
vn -0.25969 -0.901453 -0.346329
v -0.350146 0.115156 -4.34965 0 0 0
vn 0.165382 -0.985709 0.0320517
v -0.126183 0.0657944 -4.34925 0 0 0
vn -0.245537 -0.903366 -0.351628
v 0.13002 -0.0174726 -4.34992 0 0 0
vn -0.222591 -0.881427 -0.416582
v -0.334457 0.11957 -4.34982 0 0 0
vn 0.207934 -0.978139 -0.00267866
v -0.110184 0.0598462 -4.34948 0 0 0
vn -0.363915 -0.856976 -0.364907
v 0.145855 -0.0218333 -4.34964 0 0 0
vn -0.230431 -0.867884 -0.440089
v -0.0939396 0.0500513 -4.3492 0 0 0
vn -0.444847 -0.832472 -0.330307
v -0.318127 0.120897 -4.34961 0 0 0
vn -0.0837902 -0.995221 0.0501484
v -0.107245 0.0582263 -4.34971 0 0 0
vn -0.476 -0.813146 -0.33499
v -0.302397 0.117039 -4.34972 0 0 0
vn -0.345146 -0.938063 -0.0302121
v -0.285882 0.11044 -4.34952 0 0 0
vn -0.307817 -0.935368 -0.17417
v -0.269989 0.106364 -4.34975 0 0 0
vn -0.239417 -0.951391 -0.193738
v -0.653993 0.205704 -4.34972 0 0 0
vn -0.328695 -0.90948 -0.254572
v -0.542329 0.162693 -4.34966 0 0 0
vn -0.190361 -0.543166 -0.817761
v -0.637813 0.199642 -4.3495 0 0 0
vn -0.346868 -0.719841 -0.601259
v -0.643819 0.201994 -4.3496 0 0 0
vn -0.387584 -0.839841 -0.38006
v -0.622252 0.195544 -4.35023 0 0 0
vn -0.282445 -0.787471 -0.547826
v -0.601503 0.186008 -4.34995 0 0 0
vn -0.528824 -0.764111 -0.36943
v -0.606147 0.188752 -4.34944 0 0 0
vn -0.39548 -0.822837 -0.408087
v -0.253768 0.106119 -4.35594 0 0 0
vn -0.0637726 -0.967258 -0.245652
v 0.162362 -0.0220447 -4.35365 0 0 0
vn -0.120084 -0.873216 -0.472307
v -0.237346 0.106006 -4.35865 0 0 0
vn -0.11012 -0.962172 -0.249196
v -0.541556 0.170057 -4.35472 0 0 0
vn -0.111923 -0.697778 -0.707516
v -0.525474 0.169695 -4.35796 0 0 0
vn -0.195478 -0.658942 -0.72635
v -0.141975 0.0740799 -4.36465 0 0 0
vn -0.256475 -0.929097 -0.266458
v -0.509941 0.170054 -4.36487 0 0 0
vn -0.263701 -0.729249 -0.631393
v -0.0780265 0.0420608 -4.3511 0 0 0
vn -0.379605 -0.874878 -0.300814
v 0.0339293 0.0100788 -4.35694 0 0 0
vn -0.241157 -0.916075 -0.320391
v -0.0138405 0.0260049 -4.35725 0 0 0
vn -0.278439 -0.927448 -0.249622
v 0.097872 -0.00593095 -4.35686 0 0 0
vn -0.245893 -0.920705 -0.303051
v -0.638119 0.202168 -4.35413 0 0 0
vn -0.254602 -0.908442 -0.331528
v 0.130117 -0.0245579 -4.33356 0 0 0
vn -0.305062 -0.890175 -0.338416
v -0.589918 0.170943 -4.33365 0 0 0
vn 0.12048 -0.87163 -0.475127
v -0.270381 0.103 -4.33351 0 0 0
vn -0.145651 -0.966172 -0.21283
v 0.122587 -0.0219439 -4.33359 0 0 0
vn -0.308941 -0.89937 -0.309335
v -0.574037 0.172453 -4.33349 0 0 0
vn -0.156831 -0.948455 -0.275385
v -0.285488 0.106087 -4.3337 0 0 0
vn -0.219044 -0.94865 -0.228219
v -0.566565 0.169503 -4.33425 0 0 0
vn -0.597409 -0.547672 -0.585797
v 0.146003 -0.0299651 -4.33402 0 0 0
vn -0.252117 -0.882049 -0.398029
v -0.253612 0.101266 -4.33386 0 0 0
vn -0.104566 -0.971279 -0.213734
v -0.52577 0.149072 -4.33366 0 0 0
vn 0.000984431 -0.946833 -0.321725
v -0.237304 0.0992071 -4.33346 0 0 0
vn -0.215304 -0.937283 -0.274125
v -0.510962 0.148217 -4.33331 0 0 0
vn 0.250001 -0.964516 -0.0849018
v -0.505902 0.15329 -4.33367 0 0 0
vn 0.333284 -0.937166 -0.103154
v -0.205954 0.0884411 -4.33367 0 0 0
vn -0.294985 -0.865537 -0.404757
v -0.210179 0.089951 -4.33357 0 0 0
vn -0.355059 -0.862407 -0.360816
v -0.494234 0.156206 -4.33389 0 0 0
vn 0.0905199 -0.962477 -0.25582
v -0.221731 0.0945738 -4.33391 0 0 0
vn -0.305817 -0.886539 -0.347167
v -0.478132 0.153661 -4.33362 0 0 0
vn -0.129589 -0.970574 -0.202959
v -0.479185 0.154066 -4.33374 0 0 0
vn -0.0763008 -0.949423 -0.304589
v -0.462431 0.151758 -4.3334 0 0 0
vn -0.191973 -0.933184 -0.303832
v -0.158256 0.0700955 -4.33334 0 0 0
vn -0.354773 -0.814571 -0.458922
v -0.165493 0.0741699 -4.3339 0 0 0
vn -0.411118 -0.827808 -0.381728
v 0.0179034 0.00901364 -4.33342 0 0 0
vn -0.327815 -0.924458 -0.194716
v -0.142231 0.0639662 -4.33395 0 0 0
vn -0.263158 -0.894666 -0.361
v -0.398045 0.118105 -4.33341 0 0 0
vn -0.217709 -0.96605 -0.139103
v 0.0154405 0.0100865 -4.3339 0 0 0
vn -0.34937 -0.912113 -0.214456
v -0.405259 0.122579 -4.3336 0 0 0
vn -0.625739 -0.48969 -0.607169
v -0.189411 0.0828875 -4.33384 0 0 0
vn -0.310255 -0.860453 -0.404181
v 0.0338033 0.00352188 -4.33435 0 0 0
vn -0.279207 -0.933713 -0.224104
v -0.408894 0.13827 -4.33408 0 0 0
vn -0.626232 -0.614073 -0.480363
v -0.173988 0.077694 -4.33361 0 0 0
vn -0.318599 -0.871693 -0.372351
v 0.0499982 -0.00102072 -4.33294 0 0 0
vn -0.242684 -0.94417 -0.222816
v -0.446599 0.147934 -4.33371 0 0 0
vn -0.310802 -0.911449 -0.269561
v -0.430302 0.142176 -4.33378 0 0 0
vn -0.200029 -0.951842 -0.232347
v -0.0142176 0.0201704 -4.33355 0 0 0
vn -0.277403 -0.917411 -0.285314
v -0.0778771 0.0385393 -4.33374 0 0 0
vn -0.334121 -0.916741 -0.218973
v 0.0022773 0.0150061 -4.33345 0 0 0
vn -0.318632 -0.919195 -0.231417
v -0.0871195 0.0421596 -4.3338 0 0 0
vn -0.377064 -0.894708 -0.239418
v -0.414408 0.141204 -4.33343 0 0 0
vn -0.165764 -0.950246 -0.263732
v -0.0617975 0.0323277 -4.33333 0 0 0
vn -0.321562 -0.9067 -0.272933
v 0.0817827 -0.00881544 -4.33354 0 0 0
vn -0.26743 -0.923554 -0.274826
v -0.381998 0.112083 -4.33424 0 0 0
vn -0.118534 -0.992889 -0.0110237
v -0.0462391 0.0272803 -4.33375 0 0 0
vn -0.181276 -0.931117 -0.31648
v 0.0709693 -0.00588075 -4.33371 0 0 0
vn -0.238219 -0.932192 -0.272525
v -0.365325 0.116292 -4.33329 0 0 0
vn 0.154834 -0.975871 0.153953
v 0.0658899 -0.00464664 -4.33375 0 0 0
vn -0.224118 -0.937293 -0.266934
v -0.0296933 0.0261311 -4.33363 0 0 0
vn -0.303529 -0.933212 -0.192318
v -0.350166 0.118488 -4.33359 0 0 0
vn 0.206729 -0.968835 0.136462
v -0.0300975 0.026242 -4.33358 0 0 0
vn -0.14154 -0.95949 -0.243609
v 0.0980187 -0.0137564 -4.33357 0 0 0
vn -0.284496 -0.913257 -0.291589
v -0.337912 0.122082 -4.33403 0 0 0
vn 0.271398 -0.949381 0.158172
v 0.113824 -0.0188161 -4.33367 0 0 0
vn -0.300527 -0.900964 -0.312964
v -0.110403 0.0512085 -4.33341 0 0 0
vn -0.431696 -0.78267 -0.448405
v -0.334204 0.123148 -4.33343 0 0 0
vn 0.046494 -0.998594 0.0254726
v -0.121172 0.0583499 -4.33408 0 0 0
vn -0.404256 -0.835565 -0.372033
v -0.12622 0.0600228 -4.33329 0 0 0
vn -0.232019 -0.906308 -0.353233
v -0.301301 0.113956 -4.33366 0 0 0
vn -0.479066 -0.855158 -0.197992
v -0.312734 0.121956 -4.33366 0 0 0
vn -0.475963 -0.87393 -0.0985189
v -0.65414 0.200593 -4.33374 0 0 0
vn -0.506232 -0.710973 -0.488106
v -0.0943756 0.044666 -4.33346 0 0 0
vn -0.296107 -0.882453 -0.36551
v -0.318203 0.123786 -4.33374 0 0 0
vn -0.0373575 -0.998937 0.0270099
v -0.656846 0.201688 -4.33349 0 0 0
vn -0.360342 -0.768675 -0.528481
v -0.286081 0.106253 -4.33361 0 0 0
vn -0.433615 -0.870369 -0.233316
v -0.637924 0.152641 -4.33382 0 0 0
vn 0.00833113 -0.934611 -0.355574
v -0.643491 0.154409 -4.33366 0 0 0
vn -0.612842 -0.469593 -0.635536
v -0.623205 0.1542 -4.33358 0 0 0
vn 0.138306 -0.793425 -0.592746
v -0.647857 0.170498 -4.33348 0 0 0
vn -0.697308 0.214976 -0.683773
v -0.621956 0.15543 -4.33383 0 0 0
vn 0.150364 -0.55654 -0.817101
v -0.606173 0.163508 -4.33404 0 0 0
vn 0.303749 -0.583992 -0.752788
v -0.59291 0.169721 -4.33344 0 0 0
vn 0.292768 -0.712021 -0.638211
v -0.558108 0.150173 -4.33382 0 0 0
vn -0.226398 -0.938525 -0.260605
v -0.565407 0.154554 -4.33306 0 0 0
vn -0.720389 -0.478599 -0.501979
v -0.542131 0.150335 -4.33377 0 0 0
vn -0.0790137 -0.940397 -0.330773
v -0.637894 0.185613 -4.3336 0 0 0
vn -0.593241 0.390061 -0.704214
v -0.637313 0.186147 -4.33369 0 0 0
vn -0.542099 0.33102 -0.772369
v -0.638196 0.188489 -4.3336 0 0 0
vn -0.514036 -0.68278 -0.519209
v 0.129505 -0.0217598 -4.33992 0 0 0
vn -0.257646 -0.890789 -0.374317
v -0.558558 0.169736 -4.34327 0 0 0
vn -0.532087 -0.662893 -0.526741
v 0.145866 -0.0219016 -4.34953 0 0 0
vn -0.277117 -0.863943 -0.420486
v -0.270175 0.106114 -4.34834 0 0 0
vn -0.216943 -0.949398 -0.227111
v -0.526141 0.153969 -4.34428 0 0 0
vn -0.0167287 -0.88225 -0.470484
v 0.0176933 0.0101538 -4.3377 0 0 0
vn -0.343841 -0.909274 -0.234508
v -0.206031 0.0900845 -4.33732 0 0 0
vn -0.260918 -0.886061 -0.383167
v -0.509962 0.153837 -4.34262 0 0 0
vn 0.153489 -0.908151 -0.389491
v -0.157763 0.0739661 -4.34473 0 0 0
vn -0.392241 -0.874444 -0.285475
v -0.477914 0.15403 -4.33451 0 0 0
vn -0.127836 -0.889815 -0.438049
v 0.0823548 -0.00607915 -4.34274 0 0 0
vn -0.260359 -0.920496 -0.291377
v -0.461364 0.154032 -4.33916 0 0 0
vn -0.251595 -0.899052 -0.358338
v -0.19 0.0901298 -4.34776 0 0 0
vn -0.288021 -0.860946 -0.419304
v -0.398128 0.121412 -4.33883 0 0 0
vn -0.541112 -0.632463 -0.554246
v -0.397976 0.138082 -4.34889 0 0 0
vn -0.650453 -0.520234 -0.553414
v -0.654043 0.202118 -4.3372 0 0 0
vn -0.484762 -0.788781 -0.377928
v -0.109909 0.0579716 -4.34571 0 0 0
vn -0.427797 -0.814277 -0.392356
v -0.637981 0.154053 -4.33587 0 0 0
vn 0.0146909 -0.426039 -0.904585
v -0.637476 0.169887 -4.3421 0 0 0
vn -0.35047 -0.0773532 -0.933374
v -0.333833 0.122142 -4.33802 0 0 0
vn 0.143214 -0.969105 0.200814
v -0.621842 0.170007 -4.34485 0 0 0
vn 0.126954 -0.35075 -0.927824
v -0.317716 0.121996 -4.34569 0 0 0
vn -0.128388 -0.978071 0.163995
v -0.605675 0.170758 -4.33876 0 0 0
vn 0.0396365 -0.510539 -0.858941
v -0.557411 0.154933 -4.34176 0 0 0
vn -0.480159 -0.433495 -0.762581
v -0.541955 0.153892 -4.34254 0 0 0
vn -0.0760267 -0.798746 -0.596846
v -0.622147 0.185946 -4.34436 0 0 0
vn -0.2472 -0.281678 -0.927119
v -0.60566 0.186251 -4.34736 0 0 0
vn -0.224522 -0.501772 -0.835353
v -0.285389 0.102335 -4.31782 0 0 0
vn -0.215748 -0.945376 -0.24437
v 0.113958 -0.0237894 -4.31775 0 0 0
vn -0.320912 -0.913827 -0.248869
v -0.557956 0.148121 -4.31736 0 0 0
vn -0.306116 -0.88848 -0.341901
v -0.296365 0.106289 -4.31759 0 0 0
vn -0.416994 -0.870498 -0.261437
v 0.10826 -0.0218828 -4.31773 0 0 0
vn -0.310461 -0.916848 -0.251004
v -0.568608 0.154038 -4.31793 0 0 0
vn -0.508555 -0.838659 -0.194993
v -0.269592 0.0991846 -4.31722 0 0 0
vn -0.129922 -0.964005 -0.231978
v -0.590132 0.154983 -4.31753 0 0 0
vn 0.145355 -0.724379 -0.673905
v 0.12971 -0.0295453 -4.31725 0 0 0
vn -0.320656 -0.909426 -0.26481
v -0.574074 0.157954 -4.31771 0 0 0
vn -0.369625 -0.733716 -0.570121
v 0.145208 -0.0349772 -4.31773 0 0 0
vn -0.32263 -0.907147 -0.270175
v -0.25428 0.0979269 -4.3182 0 0 0
vn -0.110461 -0.96812 -0.224815
v -0.541781 0.143972 -4.31813 0 0 0
vn -0.0504528 -0.923483 -0.380308
v -0.238392 0.0956047 -4.31735 0 0 0
vn -0.214205 -0.948191 -0.234626
v -0.526075 0.146693 -4.31752 0 0 0
vn 0.35406 -0.934669 0.0321803
v -0.222076 0.0890264 -4.31748 0 0 0
vn -0.437049 -0.844809 -0.308685
v -0.223883 0.0900704 -4.3178 0 0 0
vn -0.364646 -0.899665 -0.240074
v -0.653817 0.185085 -4.31742 0 0 0
vn -0.897945 0.223392 -0.379198
v -0.652673 0.186097 -4.31784 0 0 0
vn -0.707664 0.285769 -0.64618
v -0.206697 0.0814537 -4.31771 0 0 0
vn -0.386249 -0.835309 -0.391243
v -0.653964 0.188693 -4.31773 0 0 0
vn -0.555072 -0.652691 -0.515645
v 0.0179443 0.00567198 -4.3176 0 0 0
vn -0.322861 -0.926918 -0.19127
v 0.00546274 0.0101254 -4.31766 0 0 0
vn -0.325497 -0.922385 -0.207984
v -0.173837 0.0681839 -4.31794 0 0 0
vn -0.383494 -0.741733 -0.55024
v -0.185992 0.073897 -4.31751 0 0 0
vn -0.338926 -0.772398 -0.53715
v 0.0340232 0.000168022 -4.31761 0 0 0
vn -0.293053 -0.935788 -0.19601
v -0.5101 0.152312 -4.31785 0 0 0
vn 0.264012 -0.945866 0.188774
v 0.0498009 -0.0040604 -4.31769 0 0 0
vn -0.255241 -0.945332 -0.202976
v -0.142143 0.0569693 -4.31768 0 0 0
vn -0.257347 -0.86442 -0.431915
v -0.494332 0.152371 -4.31726 0 0 0
vn -0.130899 -0.98982 -0.0558697
v -0.150775 0.0580667 -4.31762 0 0 0
vn -0.188111 -0.882239 -0.431589
v -0.0137563 0.0147688 -4.31722 0 0 0
vn -0.202008 -0.935198 -0.290855
v -0.158267 0.0593702 -4.31754 0 0 0
vn -0.350324 -0.760338 -0.546955
v -0.478398 0.150685 -4.3182 0 0 0
vn -0.201246 -0.943078 -0.264771
v 0.00181229 0.0113288 -4.31766 0 0 0
vn -0.255042 -0.930496 -0.262928
v -0.461537 0.145926 -4.31725 0 0 0
vn -0.269036 -0.885115 -0.379724
v -0.190143 0.0757326 -4.31768 0 0 0
vn -0.300568 -0.853246 -0.426181
v 0.066062 -0.00879838 -4.31716 0 0 0
vn -0.273586 -0.932948 -0.234004
v 0.0567019 -0.00591608 -4.31779 0 0 0
vn -0.260902 -0.939876 -0.22037
v -0.43021 0.129436 -4.31781 0 0 0
vn -0.477348 -0.356457 -0.803167
v 0.0816672 -0.0131036 -4.31846 0 0 0
vn -0.277055 -0.927639 -0.250454
v -0.110348 0.0411815 -4.31757 0 0 0
vn -0.218262 -0.93426 -0.281994
v -0.437565 0.13826 -4.31814 0 0 0
vn -0.341928 -0.794824 -0.501338
v -0.112483 0.0422301 -4.31802 0 0 0
vn -0.485751 -0.762879 -0.426687
v 0.0975997 -0.0184583 -4.31724 0 0 0
vn -0.296166 -0.922481 -0.247617
v -0.414282 0.115576 -4.3178 0 0 0
vn -0.241669 -0.761601 -0.601299
v -0.0944358 0.0400263 -4.31747 0 0 0
vn -0.205542 -0.927235 -0.313031
v -0.426024 0.121772 -4.31744 0 0 0
vn -0.426128 -0.632159 -0.647139
v -0.0780704 0.0343888 -4.31796 0 0 0
vn -0.352176 -0.893585 -0.278349
v -0.398562 0.113505 -4.31764 0 0 0
vn 0.0896532 -0.978862 -0.183824
v -0.654035 0.151276 -4.31746 0 0 0
vn -0.460466 -0.871335 -0.169547
v -0.445892 0.140943 -4.31743 0 0 0
vn -0.289765 -0.856569 -0.426996
v -0.655353 0.153986 -4.31771 0 0 0
vn -0.97391 -0.153824 -0.166847
v -0.0458132 0.021251 -4.31756 0 0 0
vn -0.217147 -0.913907 -0.34296
v -0.0593913 0.0262396 -4.31786 0 0 0
vn -0.322855 -0.89605 -0.304727
v -0.656735 0.169948 -4.31773 0 0 0
vn -0.96673 0.0444534 -0.251908
v -0.0622878 0.0274761 -4.31745 0 0 0
vn -0.382162 -0.87951 -0.283573
v -0.381995 0.116751 -4.31739 0 0 0
vn 0.0577108 -0.995211 0.0788946
v -0.366545 0.118978 -4.3179 0 0 0
vn 0.111413 -0.985782 0.125779
v -0.0294817 0.0180905 -4.31782 0 0 0
vn -0.203482 -0.914315 -0.350176
v -0.668226 0.198398 -4.31499 0 0 0
vn -0.63984 -0.654654 -0.402533
v -0.350466 0.119231 -4.31712 0 0 0
vn 0.135065 -0.98787 0.0766134
v -0.126218 0.0511127 -4.31744 0 0 0
vn -0.410293 -0.799807 -0.438141
v -0.343616 0.121903 -4.31835 0 0 0
vn 0.278401 -0.958823 0.0561296
v -0.333974 0.124018 -4.317 0 0 0
vn 0.0057668 -0.999696 -0.0239812
v -0.638438 0.147175 -4.31819 0 0 0
vn -0.136647 -0.956604 -0.257366
v -0.31807 0.120991 -4.31743 0 0 0
vn -0.445797 -0.865704 -0.227646
v -0.621982 0.147383 -4.31714 0 0 0
vn 0.0347942 -0.952209 -0.30346
v -0.319795 0.12203 -4.31783 0 0 0
vn -0.188743 -0.972162 -0.13884
v -0.302684 0.111134 -4.31773 0 0 0
vn -0.564869 -0.790296 -0.237393
v -0.605842 0.149487 -4.31785 0 0 0
vn 0.206818 -0.89951 -0.384849
v -0.59206 0.15403 -4.31753 0 0 0
vn 0.338938 -0.776633 -0.531001
v -0.286074 0.106075 -4.33287 0 0 0
vn -0.325966 -0.913595 -0.243083
v 0.113884 -0.0219141 -4.32405 0 0 0
vn -0.310181 -0.908513 -0.279985
v -0.590147 0.170229 -4.33287 0 0 0
vn 0.137317 -0.704659 -0.696132
v -0.574164 0.169829 -4.32986 0 0 0
vn -0.220252 -0.656832 -0.721152
v -0.222197 0.0901707 -4.32095 0 0 0
vn -0.354416 -0.886296 -0.298108
v -0.17456 0.0742806 -4.32646 0 0 0
vn -0.336484 -0.825297 -0.453501
v -0.653908 0.169776 -4.32558 0 0 0
vn -0.835857 0.000144716 -0.548947
v -0.142151 0.0580258 -4.31971 0 0 0
vn -0.180035 -0.904382 -0.386885
v -0.638065 0.186125 -4.33261 0 0 0
vn -0.673987 0.356908 -0.646806
v 0.0658863 -0.00589915 -4.32889 0 0 0
vn -0.254139 -0.939762 -0.228607
v -0.109838 0.0419856 -4.31967 0 0 0
vn -0.214305 -0.884778 -0.413812
v -0.0936913 0.0419566 -4.3241 0 0 0
vn -0.232569 -0.93408 -0.270936
v -0.493705 0.154116 -4.32639 0 0 0
vn -0.0158527 -0.984038 -0.17725
v -0.653848 0.15399 -4.3214 0 0 0
vn -0.696994 -0.502688 -0.511374
v -0.0460439 0.026172 -4.3307 0 0 0
vn -0.222196 -0.917523 -0.329819
v -0.0300533 0.0261085 -4.33332 0 0 0
vn -0.198738 -0.887793 -0.415122
v -0.429643 0.137956 -4.32261 0 0 0
vn -0.2746 -0.743903 -0.609264
v -0.41388 0.122168 -4.32623 0 0 0
vn -0.450964 -0.529369 -0.71861
v -0.125953 0.0578236 -4.32822 0 0 0
vn -0.365491 -0.805149 -0.467066
v -0.413864 0.137738 -4.32992 0 0 0
vn -0.518092 -0.307488 -0.798143
v -0.621941 0.15385 -4.33186 0 0 0
vn 0.112701 -0.90731 -0.405077
v -0.606011 0.154433 -4.32609 0 0 0
vn 0.318375 -0.700391 -0.638819
v -0.318132 0.122031 -4.32075 0 0 0
vn -0.256706 -0.959716 -0.114221
v 0.0978252 -0.0223834 -4.30153 0 0 0
vn -0.282335 -0.93959 -0.193539
v -0.414001 0.105114 -4.30172 0 0 0
vn -0.00490738 -0.99945 0.0327888
v 0.0964748 -0.0218912 -4.30175 0 0 0
vn -0.289125 -0.925354 -0.245206
v -0.59019 0.148477 -4.30163 0 0 0
vn 0.194598 -0.943171 -0.26937
v -0.423632 0.106513 -4.30159 0 0 0
vn -0.271389 -0.870399 -0.410797
v -0.57404 0.149436 -4.30151 0 0 0
vn -0.163319 -0.957968 -0.235849
v 0.113493 -0.0277804 -4.30201 0 0 0
vn -0.334424 -0.916027 -0.221483
v -0.410236 0.106449 -4.30151 0 0 0
vn 0.625642 -0.756495 0.190491
v -0.558414 0.141063 -4.30168 0 0 0
vn -0.485451 -0.850612 -0.20198
v -0.555275 0.13842 -4.30145 0 0 0
vn -0.31368 -0.944088 -0.1015
v 0.145751 -0.0389683 -4.30197 0 0 0
vn -0.258829 -0.935269 -0.24141
v -0.536049 0.138877 -4.3014 0 0 0
vn 0.731639 -0.634483 0.249272
v 0.141546 -0.0378661 -4.30173 0 0 0
vn -0.287851 -0.920481 -0.264302
v -0.301472 0.101361 -4.30093 0 0 0
vn -0.431591 -0.867392 -0.247708
v -0.526449 0.154092 -4.30174 0 0 0
vn 0.776306 -0.493151 0.39262
v 0.129677 -0.034256 -4.30135 0 0 0
vn -0.342152 -0.907739 -0.242778
v -0.30461 0.105742 -4.30199 0 0 0
vn -0.686422 -0.714621 -0.134696
v -0.526077 0.154367 -4.30166 0 0 0
vn 0.131097 -0.983729 0.122844
v -0.286669 0.0979147 -4.30226 0 0 0
vn -0.231867 -0.933619 -0.273119
v -0.270604 0.0953185 -4.30121 0 0 0
vn -0.135659 -0.959794 -0.245747
v -0.493614 0.150376 -4.30133 0 0 0
vn -0.442662 -0.800951 -0.403148
v -0.4991 0.154012 -4.30202 0 0 0
vn -0.294288 -0.955625 -0.0132626
v 0.00173346 0.00717227 -4.30121 0 0 0
vn -0.195941 -0.957838 -0.210128
v -0.510319 0.157105 -4.30121 0 0 0
vn -0.0396253 -0.997769 0.053732
v -0.0135127 0.0101067 -4.30165 0 0 0
vn -0.191383 -0.945876 -0.262089
v -0.47781 0.143689 -4.30195 0 0 0
vn -0.284314 -0.838468 -0.464906
v 0.0176605 0.00260841 -4.30197 0 0 0
vn -0.314104 -0.926418 -0.207578
v -0.46217 0.138809 -4.30153 0 0 0
vn -0.257163 -0.810979 -0.525529
v 0.0500204 -0.00826663 -4.30148 0 0 0
vn -0.263687 -0.928057 -0.263019
v 0.0425098 -0.00592648 -4.30174 0 0 0
vn -0.287177 -0.927519 -0.239245
v 0.0338903 -0.00318187 -4.30159 0 0 0
vn -0.315509 -0.924336 -0.214609
v -0.446364 0.119707 -4.30171 0 0 0
vn -0.359783 -0.753407 -0.550394
v -0.451719 0.122251 -4.30163 0 0 0
vn -0.375846 -0.560366 -0.738058
v -0.0141524 0.0102209 -4.30164 0 0 0
vn -0.164938 -0.936668 -0.308949
v -0.430308 0.110364 -4.30182 0 0 0
vn -0.425975 -0.720819 -0.546778
v 0.0656004 -0.0126216 -4.30178 0 0 0
vn -0.267909 -0.930497 -0.249802
v -0.461239 0.138229 -4.30172 0 0 0
vn -0.507278 -0.610005 -0.608739
v 0.0821275 -0.0174157 -4.30176 0 0 0
vn -0.281458 -0.929253 -0.239313
v -0.398081 0.117861 -4.30139 0 0 0
vn 0.401052 -0.894192 0.198939
v -0.653792 0.149878 -4.30145 0 0 0
vn -0.421863 -0.904411 -0.0638141
v -0.382187 0.118348 -4.30169 0 0 0
vn 0.0413287 -0.995073 0.0901207
v -0.656987 0.154132 -4.30182 0 0 0
vn -0.944855 -0.304931 -0.119445
v -0.365722 0.118937 -4.30188 0 0 0
vn 0.0738325 -0.997233 0.00867913
v -0.65985 0.170554 -4.30173 0 0 0
vn -0.934777 -0.189912 -0.30021
v -0.349981 0.121032 -4.30138 0 0 0
vn 0.143321 -0.989673 -0.00250145
v -0.205842 0.0713517 -4.3019 0 0 0
vn -0.447626 -0.744731 -0.494981
v -0.663945 0.18645 -4.30236 0 0 0
vn -0.73171 -0.449291 -0.512579
v -0.345724 0.121833 -4.30189 0 0 0
vn 0.0951683 -0.989944 -0.104659
v -0.209667 0.0738834 -4.30156 0 0 0
vn -0.496626 -0.744461 -0.446251
v -0.334099 0.122235 -4.30158 0 0 0
vn 0.0223007 -0.992589 -0.119459
v -0.670177 0.194784 -4.30187 0 0 0
vn -0.751302 -0.539269 -0.38044
v -0.317232 0.116629 -4.30162 0 0 0
vn -0.534294 -0.82906 -0.164891
v -0.254173 0.0938843 -4.30191 0 0 0
vn -0.118183 -0.960086 -0.253509
v -0.33253 0.122115 -4.30176 0 0 0
vn -0.273607 -0.950619 -0.146499
v -0.638106 0.144824 -4.30202 0 0 0
vn -0.206268 -0.969943 -0.12909
v -0.238026 0.0911314 -4.30132 0 0 0
vn -0.166505 -0.950169 -0.263542
v -0.622093 0.142922 -4.30107 0 0 0
vn -0.0512786 -0.974347 -0.21913
v -0.222198 0.0831004 -4.30144 0 0 0
vn -0.491211 -0.770243 -0.406739
v -0.606208 0.143899 -4.30222 0 0 0
vn 0.150296 -0.948039 -0.280415
v -0.235215 0.0903485 -4.30185 0 0 0
vn -0.403205 -0.871464 -0.279243
v -0.541715 0.135275 -4.30181 0 0 0
vn 0.023751 -0.999643 0.0122236
v -0.174332 0.0557189 -4.30148 0 0 0
vn -0.176615 -0.93597 -0.304577
v -0.181318 0.0581619 -4.30177 0 0 0
vn -0.307295 -0.805018 -0.50746
v -0.189868 0.061732 -4.30167 0 0 0
vn -0.381339 -0.716678 -0.583912
v -0.158028 0.0528713 -4.30173 0 0 0
vn -0.159323 -0.941941 -0.295573
v -0.141885 0.0497877 -4.30153 0 0 0
vn -0.274755 -0.921117 -0.275778
v -0.11019 0.0364187 -4.30143 0 0 0
vn -0.247093 -0.917439 -0.311851
v -0.124027 0.042192 -4.30187 0 0 0
vn -0.430627 -0.854234 -0.29128
v -0.0939575 0.0340119 -4.30118 0 0 0
vn -0.215118 -0.908481 -0.35831
v -0.0780921 0.0289471 -4.30195 0 0 0
vn -0.32294 -0.892059 -0.316134
v -0.0620155 0.0218075 -4.30178 0 0 0
vn -0.350669 -0.875519 -0.332411
v -0.0719772 0.0261103 -4.30155 0 0 0
vn -0.380527 -0.868134 -0.318657
v -0.0467537 0.0158824 -4.30122 0 0 0
vn -0.288797 -0.892441 -0.346619
v -0.0308015 0.0129602 -4.30176 0 0 0
vn -0.168887 -0.925526 -0.338937
v -0.126075 0.0429883 -4.30138 0 0 0
vn -0.373366 -0.862282 -0.342151
v -0.413759 0.105962 -4.30484 0 0 0
vn -0.0595197 -0.861789 -0.503762
v 0.0979775 -0.0219417 -4.30373 0 0 0
vn -0.307206 -0.923312 -0.230478
v -0.590063 0.153998 -4.31594 0 0 0
vn 0.0921343 -0.918792 -0.38384
v -0.301908 0.105914 -4.30837 0 0 0
vn -0.505396 -0.790337 -0.346325
v -0.573934 0.153954 -4.31193 0 0 0
vn -0.259629 -0.865519 -0.428334
v 0.145677 -0.0378702 -4.30615 0 0 0
vn -0.310841 -0.920182 -0.238
v -0.542133 0.13821 -4.30962 0 0 0
vn -0.0182424 -0.897538 -0.44056
v -0.206143 0.0743525 -4.3061 0 0 0
vn -0.410702 -0.776711 -0.47754
v -0.526021 0.154115 -4.30221 0 0 0
vn 0.469971 -0.815896 0.336808
v 0.00205911 0.0101293 -4.31404 0 0 0
vn -0.230535 -0.940784 -0.248553
v -0.174094 0.0578012 -4.30491 0 0 0
vn -0.296796 -0.811355 -0.503603
v -0.654062 0.185999 -4.31566 0 0 0
vn -0.909277 -0.0442301 -0.413835
v 0.049778 -0.00588396 -4.31002 0 0 0
vn -0.262471 -0.935688 -0.23579
v -0.189972 0.0741708 -4.31538 0 0 0
vn -0.374989 -0.712442 -0.593135
v -0.157891 0.0580421 -4.3157 0 0 0
vn -0.191597 -0.908779 -0.370691
v -0.509823 0.153962 -4.31406 0 0 0
vn -0.00381958 -0.975696 0.219095
v -0.0618982 0.0259583 -4.31344 0 0 0
vn -0.354978 -0.883443 -0.30581
v -0.446195 0.121874 -4.30381 0 0 0
vn -0.436549 -0.534414 -0.723759
v -0.429987 0.122412 -4.31531 0 0 0
vn -0.462651 -0.568238 -0.680485
v -0.446014 0.137849 -4.31388 0 0 0
vn -0.446752 -0.563142 -0.695186
v -0.158236 0.0488986 -4.28593 0 0 0
vn -0.109743 -0.96425 -0.241203
v -0.15028 0.0487638 -4.28576 0 0 0
vn -0.109099 -0.975615 -0.190453
v -0.142345 0.0479398 -4.28548 0 0 0
vn -0.211714 -0.952086 -0.220703
v -0.126223 0.0399129 -4.28541 0 0 0
vn -0.64614 -0.697692 -0.309402
v -0.128799 0.0421709 -4.28588 0 0 0
vn -0.514492 -0.843592 -0.153786
v -0.118103 0.0335902 -4.2856 0 0 0
vn -0.387554 -0.839718 -0.380361
v -0.118699 0.0340525 -4.28582 0 0 0
vn -0.507235 -0.787416 -0.350269
v -0.110129 0.0304681 -4.28564 0 0 0
vn -0.221376 -0.886788 -0.40571
v -0.133939 0.0446631 -4.28565 0 0 0
vn -0.408539 -0.907579 -0.0969357
v -0.430269 0.10411 -4.28581 0 0 0
vn -0.00964156 -0.986418 -0.163971
v -0.0781219 0.0218564 -4.28517 0 0 0
vn -0.290489 -0.837335 -0.463128
v -0.653948 0.1499 -4.2854 0 0 0
vn -0.467726 -0.882482 -0.0495704
v -0.444673 0.106184 -4.28573 0 0 0
vn -0.263861 -0.812463 -0.519886
v -0.0896851 0.0261298 -4.28587 0 0 0
vn -0.267429 -0.854251 -0.4458
v -0.637668 0.14277 -4.28537 0 0 0
vn -0.299367 -0.946107 -0.123535
v -0.421272 0.105924 -4.28509 0 0 0
vn 0.348391 -0.937349 0.000429234
v -0.622069 0.139653 -4.28579 0 0 0
vn -0.0926956 -0.974689 -0.203443
v -0.0941099 0.0271076 -4.28563 0 0 0
vn -0.188932 -0.878821 -0.438154
v -0.605905 0.139832 -4.28577 0 0 0
vn 0.159611 -0.948646 -0.273119
v -0.0461347 0.0089011 -4.28579 0 0 0
vn -0.1932 -0.889781 -0.413478
v -0.301708 0.0976821 -4.28494 0 0 0
vn -0.5318 -0.78333 -0.321843
v -0.589519 0.145304 -4.28555 0 0 0
vn 0.180168 -0.922184 -0.342222
v -0.0493981 0.00998062 -4.2856 0 0 0
vn -0.338958 -0.852787 -0.397318
v -0.306231 0.105925 -4.28641 0 0 0
vn -0.716232 -0.683818 -0.139298
v -0.574475 0.145836 -4.28564 0 0 0
vn -0.01412 -0.965895 -0.258548
v -0.285835 0.0941148 -4.28573 0 0 0
vn -0.172933 -0.954243 -0.243958
v -0.0306529 0.00554086 -4.28523 0 0 0
vn -0.115502 -0.900784 -0.418626
v -0.558113 0.142514 -4.28586 0 0 0
vn -0.140959 -0.984471 0.104631
v -0.269783 0.0913845 -4.28571 0 0 0
vn -0.156064 -0.956011 -0.24837
v -0.0145129 0.00581781 -4.28629 0 0 0
vn -0.0589633 -0.940432 -0.334831
v -0.5423 0.144088 -4.28493 0 0 0
vn 0.371455 -0.883391 0.285731
v -0.0623938 0.0157197 -4.28595 0 0 0
vn -0.353997 -0.850862 -0.388226
v -0.534705 0.153431 -4.2859 0 0 0
vn 0.67999 -0.725734 0.104521
v -0.222363 0.0720965 -4.28532 0 0 0
vn -0.504718 -0.780303 -0.369305
v -0.526032 0.158268 -4.28539 0 0 0
vn 0.100867 -0.994192 -0.0375318
v -0.22521 0.0744389 -4.28598 0 0 0
vn -0.560071 -0.716384 -0.416071
v -0.206364 0.0635891 -4.28601 0 0 0
vn -0.462487 -0.799227 -0.383852
v 0.0977107 -0.0255377 -4.28566 0 0 0
vn -0.288949 -0.941424 -0.173867
v 0.0824554 -0.0218933 -4.28561 0 0 0
vn -0.259022 -0.939973 -0.222166
v -0.254124 0.0890713 -4.28573 0 0 0
vn -0.216746 -0.900286 -0.377499
v -0.477611 0.117128 -4.28589 0 0 0
vn -0.305704 -0.819464 -0.484792
v 0.114359 -0.0316678 -4.28537 0 0 0
vn -0.360668 -0.914627 -0.18269
v -0.260846 0.090001 -4.2856 0 0 0
vn -0.136452 -0.940185 -0.312143
v -0.487397 0.122187 -4.28542 0 0 0
vn -0.487035 -0.560739 -0.669604
v -0.2382 0.0846045 -4.28545 0 0 0
vn -0.415507 -0.814683 -0.404531
v -0.461867 0.112083 -4.28571 0 0 0
vn -0.259449 -0.795208 -0.548025
v 0.129693 -0.0383823 -4.28565 0 0 0
vn -0.415499 -0.895886 -0.157319
v 0.128767 -0.0379591 -4.28562 0 0 0
vn -0.398946 -0.904644 -0.14987
v -0.493599 0.138113 -4.28565 0 0 0
vn -0.567682 -0.24002 -0.787482
v -0.189892 0.054986 -4.2857 0 0 0
vn -0.303546 -0.944728 -0.123888
v -0.494047 0.138693 -4.28565 0 0 0
vn -0.536769 -0.587005 -0.606056
v -0.196568 0.0578969 -4.2855 0 0 0
vn -0.357879 -0.908959 -0.213814
v -0.507854 0.154348 -4.28561 0 0 0
vn -0.55714 -0.663236 -0.499713
v -0.174253 0.0506568 -4.28526 0 0 0
vn -0.202188 -0.963368 -0.176189
v -0.51004 0.155919 -4.28553 0 0 0
vn -0.0745921 -0.992922 -0.0924274
v -0.446153 0.106861 -4.28563 0 0 0
vn -0.280117 -0.775008 -0.566478
v 0.00220138 0.00436876 -4.2855 0 0 0
vn -0.206335 -0.931231 -0.30039
v -0.413385 0.111236 -4.28521 0 0 0
vn 0.527043 -0.843737 0.10165
v 0.0181141 -0.0016472 -4.2856 0 0 0
vn -0.332953 -0.900808 -0.278724
v -0.397423 0.119507 -4.28565 0 0 0
vn 0.165714 -0.986103 -0.0118562
v 0.0340604 -0.00763899 -4.28572 0 0 0
vn -0.287648 -0.922253 -0.258279
v 0.029735 -0.00601714 -4.28564 0 0 0
vn -0.321335 -0.900504 -0.292979
v -0.381921 0.118907 -4.28577 0 0 0
vn -0.0244765 -0.999496 -0.0202361
v 0.0497085 -0.0127723 -4.28581 0 0 0
vn -0.271809 -0.932066 -0.239526
v -0.365994 0.118733 -4.28543 0 0 0
vn -0.0151768 -0.994224 -0.106246
v 0.0661343 -0.0172923 -4.28556 0 0 0
vn -0.257257 -0.93903 -0.228125
v -0.349967 0.119224 -4.28581 0 0 0
vn 0.0176406 -0.985649 -0.167883
v 0.0818556 -0.0217546 -4.28557 0 0 0
vn -0.266117 -0.929797 -0.254282
v -0.334269 0.117982 -4.28571 0 0 0
vn -0.0664156 -0.977022 -0.202526
v -0.318735 0.116343 -4.28518 0 0 0
vn -0.376981 -0.917993 -0.123184
v -0.657837 0.153859 -4.28604 0 0 0
vn -0.884101 -0.464516 -0.0508929
v -0.663736 0.169465 -4.28547 0 0 0
vn -0.922295 -0.365167 -0.126588
v -0.669868 0.179794 -4.2855 0 0 0
vn -0.829852 -0.519339 -0.204042
v -0.674682 0.18551 -4.28569 0 0 0
vn -0.737063 -0.628625 -0.248133
v -0.126151 0.0419524 -4.29442 0 0 0
vn -0.446881 -0.873562 -0.192839
v -0.429693 0.106034 -4.29289 0 0 0
vn -0.21866 -0.903416 -0.368819
v -0.414972 0.106523 -4.28794 0 0 0
vn 0.183536 -0.975115 0.124357
v -0.0779466 0.0261254 -4.29462 0 0 0
vn -0.32743 -0.87138 -0.365357
v -0.542568 0.138454 -4.28884 0 0 0
vn 0.0450831 -0.922188 0.384105
v -0.0459477 0.0100898 -4.28856 0 0 0
vn -0.183807 -0.902767 -0.388878
v -0.0296099 0.00998685 -4.2948 0 0 0
vn -0.117118 -0.922647 -0.367432
v -0.47825 0.122146 -4.29214 0 0 0
vn -0.40797 -0.430484 -0.805136
v -0.0140592 0.0100893 -4.3012 0 0 0
vn -0.110566 -0.954678 -0.276342
v -0.22189 0.0737558 -4.28811 0 0 0
vn -0.478855 -0.747302 -0.460692
v -0.4624 0.122468 -4.29823 0 0 0
vn -0.281356 -0.475323 -0.833611
v -0.4782 0.137921 -4.2967 0 0 0
vn -0.415592 -0.41152 -0.811131
v -0.254074 0.0901093 -4.28866 0 0 0
vn -0.144118 -0.94969 -0.278061
v -0.461889 0.137987 -4.30112 0 0 0
vn -0.28534 -0.185867 -0.940231
v -0.237989 0.0899614 -4.29702 0 0 0
vn -0.32955 -0.869514 -0.36789
v 0.129865 -0.0378491 -4.28839 0 0 0
vn -0.358054 -0.902438 -0.239592
v -0.190239 0.0580732 -4.29534 0 0 0
vn -0.384714 -0.847499 -0.365706
v -0.333987 0.122111 -4.30116 0 0 0
vn -0.0402192 -0.965191 -0.258437
v 0.0335652 -0.00575662 -4.29142 0 0 0
vn -0.318843 -0.91504 -0.247063
v -0.670033 0.18626 -4.29421 0 0 0
vn -0.798188 -0.401124 -0.44944
v -0.15797 0.047556 -4.2778 0 0 0
vn -0.133094 -0.987352 -0.0861554
v -0.14993 0.0463478 -4.27755 0 0 0
vn -0.265234 -0.922219 -0.281359
v -0.141828 0.0437712 -4.27763 0 0 0
vn -0.111162 -0.859873 -0.498258
v -0.110091 0.0254745 -4.27766 0 0 0
vn -0.195917 -0.837226 -0.510558
v -0.111599 0.0260769 -4.27766 0 0 0
vn -0.401944 -0.796284 -0.452076
v -0.126086 0.0345408 -4.27753 0 0 0
vn -0.757338 -0.556066 -0.342387
v -0.131296 0.042042 -4.2777 0 0 0
vn -0.660753 -0.678713 -0.320553
v -0.118232 0.0294381 -4.27763 0 0 0
vn -0.382453 -0.776465 -0.500831
v -0.1255 0.0341446 -4.2777 0 0 0
vn -0.529981 -0.734707 -0.423468
v -0.13409 0.0442234 -4.27777 0 0 0
vn -0.233415 -0.919191 -0.317182
v -0.110111 0.0260658 -4.27848 0 0 0
vn -0.184369 -0.835345 -0.517887
v -0.150135 0.0336763 -4.26961 0 0 0
vn -0.264905 -0.963557 -0.037204
v -0.150615 0.0341212 -4.26966 0 0 0
vn -0.993906 0.0224274 -0.107925
v -0.149758 0.0341011 -4.2697 0 0 0
vn 0.208147 -0.748996 -0.629031
v -0.150095 0.0357859 -4.26954 0 0 0
vn -0.919521 0.134091 -0.369461
v -0.141996 0.0385335 -4.26977 0 0 0
vn -0.051622 -0.701834 -0.710468
v -0.147332 0.0418994 -4.26981 0 0 0
vn -0.427187 -0.566893 -0.704375
v -0.157963 0.0477821 -4.26948 0 0 0
vn -0.327741 -0.926237 -0.1862
v -0.150024 0.0442892 -4.26968 0 0 0
vn -0.460852 -0.8128 -0.356331
v -0.12614 0.0259235 -4.26965 0 0 0
vn -0.183819 -0.947861 -0.260327
v -0.126292 0.0260951 -4.26969 0 0 0
vn -0.700746 -0.377565 -0.60531
v -0.118272 0.0254378 -4.26974 0 0 0
vn -0.285047 -0.865468 -0.411962
v -0.110463 0.021032 -4.26947 0 0 0
vn -0.315896 -0.834783 -0.450941
v -0.129398 0.0343713 -4.27009 0 0 0
vn -0.639677 -0.511595 -0.573659
v -0.134109 0.0362769 -4.26928 0 0 0
vn -0.243723 -0.715441 -0.654785
v -0.174093 0.0500243 -4.26969 0 0 0
vn -0.112349 -0.991895 -0.0593454
v -0.174484 0.0500622 -4.2697 0 0 0
vn -0.190594 -0.974283 -0.120191
v -0.190072 0.0543713 -4.26962 0 0 0
vn -0.273582 -0.954349 -0.119879
v -0.182147 0.0519079 -4.26989 0 0 0
vn -0.265425 -0.960079 -0.0883097
v -0.165912 0.048839 -4.2699 0 0 0
vn -0.153743 -0.987957 -0.0174614
v -0.150136 0.0340709 -4.27019 0 0 0
vn -0.0393692 0.0337754 -0.998654
v -0.142252 0.0422933 -4.27518 0 0 0
vn -0.237371 -0.835162 -0.496145
v -0.126082 0.0260431 -4.26984 0 0 0
vn -0.297636 -0.732671 -0.61205
v -0.117842 0.0259843 -4.27111 0 0 0
vn -0.31186 -0.843113 -0.438068
v -0.126044 0.0339474 -4.27612 0 0 0
vn -0.671901 -0.533917 -0.513304
v -0.134098 0.0420949 -4.27523 0 0 0
vn -0.205559 -0.751778 -0.626558
v -0.462041 0.104316 -4.26957 0 0 0
vn -0.176704 -0.971068 -0.160632
v -0.0945623 0.0173601 -4.27011 0 0 0
vn -0.220972 -0.834061 -0.505484
v -0.467306 0.106081 -4.26986 0 0 0
vn -0.286667 -0.909384 -0.301401
v -0.622014 0.136452 -4.26969 0 0 0
vn -0.174011 -0.962156 -0.209706
v -0.0784497 0.012919 -4.26938 0 0 0
vn -0.22707 -0.840236 -0.492385
v -0.44604 0.101418 -4.26963 0 0 0
vn -0.0647493 -0.984024 -0.165845
v -0.628843 0.138095 -4.27014 0 0 0
vn -0.272809 -0.952095 -0.138171
v -0.0623424 0.00711697 -4.26954 0 0 0
vn -0.311879 -0.867301 -0.387971
v -0.43022 0.102209 -4.26949 0 0 0
vn 0.16078 -0.986695 -0.0241289
v -0.605904 0.134585 -4.26914 0 0 0
vn -0.0448183 -0.954461 -0.29495
v -0.0702598 0.0103357 -4.27 0 0 0
vn -0.312616 -0.845843 -0.432228
v -0.589988 0.136098 -4.26986 0 0 0
vn 0.13404 -0.922416 -0.36219
v -0.0461814 0.00149299 -4.26958 0 0 0
vn -0.244013 -0.884837 -0.396888
v -0.422042 0.106147 -4.27028 0 0 0
vn 0.494422 -0.86261 0.10701
v -0.0295583 -0.00186455 -4.26944 0 0 0
vn -0.0416756 -0.91951 -0.39085
v -0.654158 0.149043 -4.26945 0 0 0
vn -0.518623 -0.851243 -0.0800953
v -0.638388 0.141411 -4.26914 0 0 0
vn -0.41211 -0.904443 -0.110222
v -0.302066 0.0894183 -4.26977 0 0 0
vn -0.0249242 -0.991608 -0.126852
v -0.0139235 -0.00099683 -4.26999 0 0 0
vn -0.0331024 -0.925256 -0.377895
v -0.303997 0.0902259 -4.26953 0 0 0
vn -0.502577 -0.655188 -0.564043
v -0.581641 0.138359 -4.26952 0 0 0
vn 0.233436 -0.896056 -0.377614
v -0.312037 0.106269 -4.27044 0 0 0
vn -0.768567 -0.54561 -0.334088
v -0.296326 0.090066 -4.26979 0 0 0
vn -0.0829191 -0.943537 -0.320721
v -0.526096 0.133489 -4.26969 0 0 0
vn -0.217554 -0.444914 -0.868747
v 0.0822449 -0.0240895 -4.26981 0 0 0
vn -0.240991 -0.957766 -0.15687
v -0.269956 0.0853041 -4.26939 0 0 0
vn -0.186221 -0.903953 -0.384956
v -0.531681 0.138005 -4.26944 0 0 0
vn -0.294311 -0.432414 -0.852291
v 0.0724247 -0.0219182 -4.26942 0 0 0
vn -0.236878 -0.958374 -0.159396
v -0.283596 0.0900644 -4.26966 0 0 0
vn -0.258999 -0.905921 -0.335003
v -0.573596 0.141916 -4.26988 0 0 0
vn 0.162964 -0.976788 -0.139028
v -0.286064 0.0907235 -4.26965 0 0 0
vn 0.00198984 -0.975233 -0.221171
v 0.0980655 -0.0284623 -4.2695 0 0 0
vn -0.300901 -0.9398 -0.16197
v -0.557745 0.146515 -4.26913 0 0 0
vn 0.0265223 -0.995826 -0.0873329
v 0.113847 -0.0345403 -4.2687 0 0 0
vn -0.349824 -0.922565 -0.162781
v -0.54181 0.143457 -4.26988 0 0 0
vn 0.126154 -0.867604 -0.480987
v -0.205971 0.0573524 -4.26983 0 0 0
vn -0.223921 -0.974318 -0.0237603
v -0.209089 0.0580684 -4.2696 0 0 0
vn -0.281375 -0.947044 -0.154709
v -0.49415 0.115032 -4.27003 0 0 0
vn -0.319921 -0.818893 -0.476514
v 0.122418 -0.0373949 -4.2713 0 0 0
vn -0.38301 -0.911093 -0.152359
v -0.221867 0.0644769 -4.26926 0 0 0
vn -0.502931 -0.800966 -0.32483
v -0.503812 0.122113 -4.26961 0 0 0
vn -0.518829 -0.584381 -0.623951
v -0.234107 0.0742431 -4.27001 0 0 0
vn -0.576168 -0.750445 -0.323826
v -0.510551 0.127933 -4.26958 0 0 0
vn -0.233644 -0.482983 -0.843883
v -0.253731 0.0826352 -4.27009 0 0 0
vn -0.246343 -0.910616 -0.331804
v -0.478649 0.110056 -4.26944 0 0 0
vn -0.284676 -0.885574 -0.367041
v -0.238058 0.0766703 -4.26916 0 0 0
vn -0.365217 -0.85726 -0.362936
v -0.41404 0.111149 -4.26901 0 0 0
vn 0.35024 -0.936452 -0.0197092
v 0.0178226 -0.0075688 -4.26959 0 0 0
vn -0.224655 -0.913162 -0.340096
v -0.398058 0.117621 -4.2697 0 0 0
vn 0.206527 -0.962906 -0.173664
v 0.0126275 -0.00569625 -4.26995 0 0 0
vn -0.280325 -0.881128 -0.380831
v 0.00163498 -0.0027364 -4.26936 0 0 0
vn -0.152494 -0.905045 -0.397039
v -0.382128 0.117711 -4.27025 0 0 0
vn -0.0503526 -0.982583 -0.178871
v 0.033954 -0.0124687 -4.26978 0 0 0
vn -0.251259 -0.935112 -0.249868
v -0.366417 0.11547 -4.26925 0 0 0
vn -0.102324 -0.95812 -0.267462
v 0.0500866 -0.0167734 -4.26959 0 0 0
vn -0.247885 -0.949303 -0.193332
v -0.35048 0.114706 -4.26955 0 0 0
vn -0.0420332 -0.938572 -0.342513
v 0.0657899 -0.0204536 -4.26977 0 0 0
vn -0.231302 -0.955008 -0.185631
v -0.334162 0.115335 -4.26999 0 0 0
vn -0.0199911 -0.942085 -0.334779
v -0.318644 0.116294 -4.26968 0 0 0
vn -0.331033 -0.813583 -0.478016
v -0.659023 0.154205 -4.27005 0 0 0
vn -0.880754 -0.465308 -0.0880997
v -0.665559 0.170032 -4.26934 0 0 0
vn -0.877817 -0.454301 -0.151815
v -0.669938 0.176588 -4.26999 0 0 0
vn -0.793258 -0.585891 -0.165748
v -0.462035 0.105997 -4.27461 0 0 0
vn -0.284155 -0.861034 -0.421755
v -0.094031 0.0260904 -4.28395 0 0 0
vn -0.185993 -0.828416 -0.528331
v -0.621879 0.138045 -4.2778 0 0 0
vn -0.116603 -0.971252 -0.207539
v -0.445853 0.105925 -4.28414 0 0 0
vn -0.105124 -0.961854 -0.25256
v -0.606018 0.137973 -4.28047 0 0 0
vn 0.0166455 -0.954411 -0.298031
v -0.0617387 0.00987244 -4.27525 0 0 0
vn -0.324419 -0.847447 -0.420222
v -0.590071 0.138049 -4.27349 0 0 0
vn 0.245322 -0.85462 -0.457649
v -0.302108 0.0902949 -4.27248 0 0 0
vn -0.644828 -0.637668 -0.421399
v -0.525732 0.138209 -4.27123 0 0 0
vn -0.279976 -0.377895 -0.882502
v -0.270302 0.0901929 -4.28167 0 0 0
vn -0.210895 -0.932396 -0.293531
v 0.0818918 -0.0219146 -4.28477 0 0 0
vn -0.243061 -0.958523 -0.148843
v -0.526229 0.153392 -4.27622 0 0 0
vn -0.0529502 -0.651616 -0.756699
v -0.206235 0.0581429 -4.27349 0 0 0
vn -0.343549 -0.898744 -0.272458
v -0.494103 0.122315 -4.28061 0 0 0
vn -0.569436 -0.444022 -0.6918
v 0.0178211 -0.00597022 -4.27346 0 0 0
vn -0.302556 -0.899209 -0.316044
v -0.509293 0.137781 -4.27589 0 0 0
vn -0.449271 -0.410272 -0.79362
v -0.494009 0.13802 -4.28534 0 0 0
vn -0.526287 -0.24638 -0.813829
v -0.509889 0.154296 -4.28357 0 0 0
vn -0.342286 -0.393112 -0.853407
v -0.15018 0.033659 -4.26162 0 0 0
vn -0.0783412 -0.993271 -0.0852955
v -0.151072 0.0341296 -4.26156 0 0 0
vn -0.760191 -0.530091 -0.375649
v -0.141991 0.032516 -4.2616 0 0 0
vn -0.426739 -0.791272 -0.43793
v -0.15592 0.0424082 -4.26177 0 0 0
vn -0.644668 -0.572475 -0.506632
v -0.182174 0.0485894 -4.2614 0 0 0
vn -0.197613 -0.954897 -0.221634
v -0.185001 0.0501976 -4.26195 0 0 0
vn -0.468213 -0.853274 -0.229564
v -0.174427 0.048904 -4.26184 0 0 0
vn -0.0586321 -0.963473 -0.261309
v -0.190493 0.0536907 -4.26147 0 0 0
vn -0.337196 -0.937431 -0.0867257
v -0.1663 0.0487611 -4.26185 0 0 0
vn -0.188585 -0.926306 -0.326179
v -0.158579 0.0461253 -4.2616 0 0 0
vn -0.439321 -0.743854 -0.503665
v -0.126079 0.0237824 -4.26157 0 0 0
vn -0.285161 -0.872676 -0.396384
v -0.133225 0.0261074 -4.2617 0 0 0
vn -0.465862 -0.754864 -0.461685
v -0.109931 0.0169181 -4.26165 0 0 0
vn -0.273375 -0.827934 -0.489685
v -0.112515 0.0180523 -4.26175 0 0 0
vn -0.373353 -0.819792 -0.434222
v -0.118023 0.0206686 -4.26166 0 0 0
vn -0.366649 -0.8113 -0.455369
v -0.134061 0.0264977 -4.26164 0 0 0
vn -0.404341 -0.541667 -0.736956
v -0.14219 0.0341321 -4.26398 0 0 0
vn 0.00506669 -0.875407 -0.48336
v -0.15015 0.042109 -4.26759 0 0 0
vn -0.710608 -0.443272 -0.546394
v -0.181958 0.0501051 -4.26496 0 0 0
vn -0.1986 -0.937765 -0.284877
v -0.110083 0.0180442 -4.2638 0 0 0
vn -0.238087 -0.866062 -0.439603
v -0.133974 0.0337726 -4.26678 0 0 0
vn -0.490587 -0.521344 -0.698229
v -0.166154 0.0416813 -4.25361 0 0 0
vn -0.405018 -0.80397 -0.435422
v -0.166606 0.042125 -4.25372 0 0 0
vn -0.39656 -0.793893 -0.460948
v -0.157899 0.0362045 -4.25348 0 0 0
vn -0.52403 -0.811994 -0.25702
v -0.15015 0.0338975 -4.25373 0 0 0
vn -0.492455 -0.796503 -0.350814
v -0.150721 0.0341053 -4.25358 0 0 0
vn -0.286762 -0.955068 -0.0749226
v -0.14232 0.0282858 -4.25343 0 0 0
vn -0.501179 -0.727713 -0.468245
v -0.181901 0.0472923 -4.25355 0 0 0
vn -0.180261 -0.914195 -0.362979
v -0.188996 0.0500584 -4.25372 0 0 0
vn -0.41168 -0.85255 -0.321991
v -0.173734 0.0454603 -4.25354 0 0 0
vn -0.26071 -0.888818 -0.376872
v -0.190044 0.050711 -4.25365 0 0 0
vn -0.442821 -0.837291 -0.320709
v -0.134044 0.0230009 -4.25382 0 0 0
vn -0.361233 -0.860869 -0.35835
v -0.138911 0.0260933 -4.25376 0 0 0
vn -0.523387 -0.742489 -0.418062
v -0.126101 0.0191339 -4.25336 0 0 0
vn -0.366122 -0.865435 -0.34202
v -0.118215 0.0163664 -4.25331 0 0 0
vn -0.365106 -0.887144 -0.282262
v -0.122665 0.0182499 -4.25398 0 0 0
vn -0.320339 -0.870263 -0.374199
v -0.110287 0.0129207 -4.25393 0 0 0
vn -0.372554 -0.852655 -0.366311
v -0.0142857 -0.00700814 -4.25371 0 0 0
vn -0.0363068 -0.962345 -0.269394
v -0.00622109 -0.00884845 -4.25371 0 0 0
vn -0.17271 -0.935752 -0.307473
v 0.00187068 -0.0102464 -4.25332 0 0 0
vn -0.243662 -0.899411 -0.36289
v 0.0178747 -0.0145168 -4.25354 0 0 0
vn -0.139299 -0.932112 -0.33431
v 0.0151485 -0.0138574 -4.2537 0 0 0
vn -0.231852 -0.90202 -0.364149
v 0.00988252 -0.0122711 -4.25388 0 0 0
vn -0.246422 -0.878894 -0.408438
v -0.166111 0.0420426 -4.25398 0 0 0
vn -0.367546 -0.654514 -0.660698
v -0.157877 0.0418724 -4.25929 0 0 0
vn -0.585687 -0.532133 -0.611396
v -0.134114 0.0261063 -4.26107 0 0 0
vn -0.533799 -0.759677 -0.371415
v -0.118028 0.0179894 -4.25699 0 0 0
vn -0.36643 -0.824334 -0.431512
v -0.478175 0.105626 -4.25357 0 0 0
vn -0.0762684 -0.993477 -0.0847696
v -0.237919 0.071279 -4.2539 0 0 0
vn -0.59638 -0.705999 -0.381964
v 0.0630448 -0.0219752 -4.25348 0 0 0
vn -0.238998 -0.935148 -0.261491
v -0.479879 0.10608 -4.25393 0 0 0
vn -0.150357 -0.969402 -0.194044
v -0.241387 0.0739826 -4.2534 0 0 0
vn -0.416291 -0.807582 -0.417748
v 0.0496302 -0.0188863 -4.25381 0 0 0
vn -0.174758 -0.959144 -0.222492
v -0.462206 0.102658 -4.25362 0 0 0
vn -0.119914 -0.988006 0.0972852
v -0.222085 0.0578814 -4.25363 0 0 0
vn -0.328316 -0.875766 -0.353896
v -0.222547 0.0580833 -4.25369 0 0 0
vn -0.568684 -0.681429 -0.460709
v -0.21742 0.057911 -4.25378 0 0 0
vn -0.148057 -0.925753 -0.347938
v -0.65387 0.147166 -4.25332 0 0 0
vn -0.532125 -0.840972 -0.0980215
v -0.206075 0.0583998 -4.25367 0 0 0
vn -0.00319773 -0.999967 -0.0075275
v -0.661411 0.15438 -4.25415 0 0 0
vn -0.822283 -0.545903 -0.16075
v -0.446179 0.100887 -4.25412 0 0 0
vn 0.0330048 -0.990015 0.137047
v -0.269926 0.0772135 -4.25323 0 0 0
vn -0.0855719 -0.901082 -0.425122
v -0.670085 0.169503 -4.25352 0 0 0
vn -0.810146 -0.533705 -0.242535
v -0.254095 0.078328 -4.25416 0 0 0
vn -0.156473 -0.93309 -0.323819
v -0.430083 0.105794 -4.25359 0 0 0
vn 0.272748 -0.908583 0.316364
v -0.670442 0.170081 -4.25375 0 0 0
vn -0.702841 -0.591364 -0.395352
v -0.203837 0.0578663 -4.25361 0 0 0
vn -0.372155 -0.813541 -0.446824
v -0.429687 0.106007 -4.2537 0 0 0
vn 0.403766 -0.906715 0.121826
v -0.0940213 0.00755097 -4.25346 0 0 0
vn -0.182471 -0.940712 -0.285945
v -0.350052 0.105974 -4.25367 0 0 0
vn -0.340219 -0.773663 -0.534506
v -0.103975 0.010162 -4.25355 0 0 0
vn -0.287973 -0.890746 -0.351628
v -0.350375 0.106069 -4.25365 0 0 0
vn -0.221506 -0.883991 -0.411697
v -0.62214 0.132962 -4.2539 0 0 0
vn -0.248721 -0.940999 -0.229476
v -0.0784892 0.00518819 -4.25381 0 0 0
vn -0.205134 -0.919995 -0.333961
v -0.334084 0.0989342 -4.25376 0 0 0
vn -0.478963 -0.524741 -0.703734
v -0.635925 0.138084 -4.2538 0 0 0
vn -0.32671 -0.932206 -0.155732
v -0.606452 0.129637 -4.25321 0 0 0
vn -0.122541 -0.953735 -0.274543
v -0.317737 0.0855628 -4.25342 0 0 0
vn -0.0236315 -0.861945 -0.506451
v -0.062015 0.000334465 -4.25371 0 0 0
vn -0.288736 -0.904856 -0.312838
v -0.327314 0.0895036 -4.25342 0 0 0
vn -0.320797 -0.727144 -0.606919
v -0.59 0.12979 -4.25416 0 0 0
vn 0.0883195 -0.927978 -0.362018
v -0.0460702 -0.00564745 -4.25369 0 0 0
vn -0.314743 -0.872019 -0.37486
v -0.30201 0.08797 -4.25432 0 0 0
vn -0.122389 -0.928906 -0.349507
v -0.637959 0.138947 -4.2534 0 0 0
vn -0.450468 -0.883212 -0.130443
v -0.0300276 -0.00758467 -4.25349 0 0 0
vn -0.0423729 -0.968307 -0.246141
v -0.0446559 -0.00592148 -4.25373 0 0 0
vn -0.134382 -0.940068 -0.31339
v -0.285539 0.0825563 -4.25394 0 0 0
vn -0.265783 -0.890671 -0.368869
v -0.574338 0.132977 -4.25336 0 0 0
vn 0.317512 -0.869765 -0.377749
v -0.569186 0.138061 -4.25388 0 0 0
vn 0.529566 -0.79965 -0.283053
v 0.0660004 -0.0227334 -4.25373 0 0 0
vn -0.246283 -0.931435 -0.267906
v 0.0817287 -0.0268299 -4.25378 0 0 0
vn -0.263841 -0.936705 -0.230155
v -0.525765 0.115247 -4.25354 0 0 0
vn -0.308666 -0.865107 -0.395367
v -0.5391 0.121852 -4.25358 0 0 0
vn -0.444602 -0.74091 -0.50337
v -0.541894 0.125137 -4.25386 0 0 0
vn -0.616274 -0.529406 -0.58304
v -0.550511 0.137976 -4.25324 0 0 0
vn -0.680922 -0.647315 -0.342533
v -0.558055 0.146342 -4.25407 0 0 0
vn 0.00536622 -0.959139 -0.282883
v 0.0973258 -0.0305259 -4.25511 0 0 0
vn -0.296372 -0.943135 -0.150534
v -0.509094 0.11049 -4.25374 0 0 0
vn -0.228255 -0.883227 -0.409645
v -0.493717 0.107983 -4.25341 0 0 0
vn -0.176013 -0.948528 -0.263276
v 0.0334335 -0.01658 -4.25373 0 0 0
vn -0.174406 -0.935848 -0.306219
v -0.414371 0.111125 -4.25296 0 0 0
vn 0.128574 -0.991416 0.0237099
v -0.398257 0.113088 -4.25417 0 0 0
vn 0.115365 -0.97655 -0.181773
v -0.381937 0.112681 -4.25335 0 0 0
vn -0.104491 -0.947896 -0.300956
v -0.365648 0.110051 -4.25393 0 0 0
vn -0.15969 -0.911689 -0.378579
v -0.477936 0.105923 -4.25494 0 0 0
vn -0.242212 -0.95064 -0.19395
v -0.238466 0.0742488 -4.26072 0 0 0
vn -0.445386 -0.857188 -0.258574
v -0.334185 0.106426 -4.25815 0 0 0
vn -0.207667 -0.632745 -0.745995
v 0.0657319 -0.0218108 -4.25903 0 0 0
vn -0.230954 -0.963125 -0.138023
v -0.222078 0.0581322 -4.25421 0 0 0
vn -0.510437 -0.786581 -0.347483
v -0.317635 0.106017 -4.26591 0 0 0
vn -0.49136 -0.371159 -0.787913
v -0.206061 0.0582069 -4.25713 0 0 0
vn -0.149978 -0.987596 0.0464743
v -0.350048 0.106086 -4.25387 0 0 0
vn -0.0561002 -0.843099 -0.534823
v -0.670022 0.170004 -4.25438 0 0 0
vn -0.83111 -0.49559 -0.252281
v -0.318255 0.0903326 -4.25818 0 0 0
vn -0.386732 -0.6007 -0.699713
v -0.28615 0.0900918 -4.26799 0 0 0
vn 0.00429579 -0.887252 -0.461266
v -0.0939568 0.0100833 -4.25884 0 0 0
vn -0.20826 -0.852707 -0.47908
v -0.077547 0.00988957 -4.26441 0 0 0
vn -0.221348 -0.877762 -0.4249
v -0.574157 0.138199 -4.26229 0 0 0
vn 0.325755 -0.871578 -0.366381
v -0.0303682 -0.00581184 -4.25952 0 0 0
vn -0.0806129 -0.929235 -0.360589
v -0.526237 0.122864 -4.26324 0 0 0
vn -0.333517 -0.595864 -0.730556
v -0.0141354 -0.00605065 -4.25653 0 0 0
vn -0.0470352 -0.926655 -0.372959
v -0.542242 0.138279 -4.26452 0 0 0
vn -0.458622 -0.638955 -0.617577
v -0.510141 0.121687 -4.26574 0 0 0
vn -0.22581 -0.696334 -0.68127
v 0.00206497 -0.0060573 -4.26282 0 0 0
vn -0.205283 -0.886592 -0.414504
v -0.141974 0.022439 -4.24553 0 0 0
vn -0.338245 -0.832824 -0.438172
v -0.147071 0.0258574 -4.24563 0 0 0
vn -0.470345 -0.716392 -0.515324
v -0.166024 0.0344673 -4.24565 0 0 0
vn -0.193761 -0.716282 -0.670371
v -0.171166 0.0419123 -4.2458 0 0 0
vn -0.603773 -0.640491 -0.474584
v -0.158273 0.036914 -4.24577 0 0 0
vn -0.228466 -0.882459 -0.411181
v -0.149815 0.0277791 -4.2457 0 0 0
vn -0.574602 -0.657691 -0.487109
v -0.155094 0.034098 -4.24576 0 0 0
vn -0.579818 -0.728984 -0.363859
v -0.190266 0.0454333 -4.24569 0 0 0
vn -0.346394 -0.766901 -0.540254
v -0.182029 0.0427305 -4.24563 0 0 0
vn -0.115675 -0.833526 -0.540235
v -0.174029 0.0435114 -4.24566 0 0 0
vn -0.123394 -0.908571 -0.399091
v -0.0140864 -0.00939502 -4.24562 0 0 0
vn -0.0148847 -0.966593 -0.255885
v -0.00596032 -0.0100142 -4.24592 0 0 0
vn -0.228068 -0.953811 -0.195522
v 0.00187826 -0.0136924 -4.24574 0 0 0
vn -0.413742 -0.891603 -0.184017
v 0.00990135 -0.0161548 -4.24561 0 0 0
vn -0.141883 -0.97511 -0.170379
v 0.00226603 -0.0138855 -4.24566 0 0 0
vn -0.294887 -0.938609 -0.17904
v 0.0179484 -0.0161633 -4.24568 0 0 0
vn -0.175016 -0.954048 -0.24323
v -0.141946 0.0260177 -4.25056 0 0 0
vn -0.484317 -0.713261 -0.506652
v -0.190072 0.0501594 -4.25283 0 0 0
vn -0.402416 -0.757823 -0.513582
v 0.0099634 -0.0138612 -4.25104 0 0 0
vn -0.189805 -0.906497 -0.377143
v -0.18999 0.0398781 -4.23785 0 0 0
vn -0.278578 -0.839704 -0.466144
v -0.181909 0.0372386 -4.23735 0 0 0
vn -0.294315 -0.785183 -0.544855
v -0.174091 0.0345752 -4.23751 0 0 0
vn -0.26393 -0.70583 -0.657378
v -0.142092 0.0180649 -4.23766 0 0 0
vn -0.169514 -0.939883 -0.296453
v -0.142162 0.0180938 -4.23768 0 0 0
vn -0.420606 -0.832215 -0.361259
v -0.150013 0.0220673 -4.23767 0 0 0
vn -0.425389 -0.816995 -0.389311
v -0.156549 0.0261628 -4.23766 0 0 0
vn -0.511129 -0.644456 -0.568704
v -0.165922 0.0308042 -4.23767 0 0 0
vn -0.278897 -0.787375 -0.549779
v -0.172744 0.0342071 -4.23777 0 0 0
vn -0.469953 -0.677581 -0.56571
v -0.158056 0.027067 -4.23751 0 0 0
vn -0.32723 -0.661954 -0.674342
v -0.0140968 -0.0117314 -4.2377 0 0 0
vn -0.0205385 -0.955975 -0.292728
v -0.00636572 -0.0117556 -4.23768 0 0 0
vn -0.0867093 -0.960471 -0.264533
v 0.00198027 -0.0135114 -4.23775 0 0 0
vn -0.187625 -0.979881 -0.0680504
v 0.00995583 -0.0161227 -4.23809 0 0 0
vn -0.208223 -0.977991 -0.0132904
v 0.00295141 -0.0137883 -4.23759 0 0 0
vn -0.343159 -0.932177 0.115272
v 0.0178045 -0.0175088 -4.23734 0 0 0
vn -0.306311 -0.923949 -0.229111
v -0.109957 0.00812432 -4.23743 0 0 0
vn -0.417652 -0.85185 -0.316099
v -0.114156 0.0101189 -4.23776 0 0 0
vn -0.37068 -0.89423 -0.250898
v -0.102187 0.00531484 -4.23821 0 0 0
vn -0.269515 -0.91574 -0.297964
v -0.0942164 0.00331819 -4.23747 0 0 0
vn -0.167002 -0.942309 -0.29011
v -0.0459488 -0.00868958 -4.23731 0 0 0
vn -0.339531 -0.918141 -0.204294
v -0.0519711 -0.00568988 -4.23776 0 0 0
vn -0.415512 -0.90674 -0.0719181
v -0.06209 -0.00398991 -4.23778 0 0 0
vn -0.224849 -0.935829 -0.271416
v -0.0541706 -0.00511567 -4.23774 0 0 0
vn -0.206188 -0.965743 -0.157563
v -0.0382031 -0.0103093 -4.23816 0 0 0
vn -0.141821 -0.967046 -0.211443
v -0.0301206 -0.0113373 -4.23738 0 0 0
vn -0.0481777 -0.969794 -0.23912
v -0.190003 0.0421376 -4.24165 0 0 0
vn -0.293487 -0.782008 -0.549845
v -0.182164 0.0421169 -4.24484 0 0 0
vn -0.111928 -0.833681 -0.540785
v -0.174139 0.0421453 -4.24401 0 0 0
vn -0.15611 -0.727341 -0.668285
v -0.142092 0.0180899 -4.23773 0 0 0
vn -0.201523 -0.854674 -0.478457
v -0.150267 0.0263327 -4.24346 0 0 0
vn -0.533388 -0.617567 -0.57802
v -0.166223 0.0341387 -4.24525 0 0 0
vn -0.388628 -0.76857 -0.508201
v -0.158166 0.0338859 -4.24294 0 0 0
vn -0.283509 -0.693718 -0.662102
v -0.195325 0.0419195 -4.23739 0 0 0
vn -0.35684 -0.808802 -0.467444
v -0.477688 0.102206 -4.23777 0 0 0
vn 0.00413995 -0.999599 0.028012
v -0.653954 0.1459 -4.23717 0 0 0
vn -0.547975 -0.828049 -0.118564
v -0.49423 0.106088 -4.23755 0 0 0
vn -0.154484 -0.987924 -0.0118794
v -0.664327 0.154198 -4.23867 0 0 0
vn -0.70769 -0.683426 -0.179173
v -0.270146 0.0715116 -4.23782 0 0 0
vn -0.123065 -0.991318 -0.0462908
v -0.463503 0.106248 -4.23767 0 0 0
vn 0.245617 -0.937625 0.246032
v -0.669504 0.158864 -4.2368 0 0 0
vn -0.692382 -0.656827 -0.298639
v -0.254307 0.0713192 -4.23771 0 0 0
vn -0.355407 -0.844989 -0.3996
v -0.238118 0.0606325 -4.23748 0 0 0
vn -0.489897 -0.717834 -0.494686
v -0.222206 0.0512467 -4.23719 0 0 0
vn -0.326617 -0.850886 -0.411478
v -0.366359 0.103667 -4.23749 0 0 0
vn -0.220397 -0.95262 -0.209619
v -0.235655 0.0582071 -4.23757 0 0 0
vn -0.521383 -0.746547 -0.413312
v -0.379365 0.106259 -4.2379 0 0 0
vn -0.191036 -0.933147 -0.304534
v -0.205957 0.0471879 -4.23807 0 0 0
vn -0.244435 -0.819792 -0.517873
v -0.334351 0.0807073 -4.23752 0 0 0
vn -0.462718 -0.831188 -0.308251
v -0.344053 0.0905402 -4.23773 0 0 0
vn -0.711101 -0.567334 -0.415292
v -0.638104 0.136259 -4.23742 0 0 0
vn -0.452036 -0.875895 -0.168736
v -0.641128 0.138081 -4.23798 0 0 0
vn -0.515777 -0.844082 -0.146624
v -0.0781911 0.000642021 -4.23769 0 0 0
vn -0.216315 -0.932764 -0.288374
v -0.622003 0.128886 -4.23748 0 0 0
vn -0.320302 -0.913381 -0.25128
v -0.350641 0.0995868 -4.23782 0 0 0
vn -0.439192 -0.826205 -0.352839
v -0.126095 0.0144466 -4.23793 0 0 0
vn -0.29003 -0.910307 -0.295337
v -0.605672 0.125228 -4.23793 0 0 0
vn -0.140439 -0.940873 -0.308279
v -0.279954 0.0744979 -4.2376 0 0 0
vn -0.328547 -0.941164 -0.0791643
v -0.590108 0.12276 -4.23766 0 0 0
vn 0.0674373 -0.929155 -0.363489
v -0.318332 0.0774611 -4.23722 0 0 0
vn -0.127477 -0.931786 -0.339889
v -0.302273 0.0793474 -4.23818 0 0 0
vn 0.0115749 -0.888498 -0.458735
v -0.573862 0.127352 -4.23734 0 0 0
vn 0.37659 -0.893716 -0.243827
v 0.0337826 -0.0227525 -4.23778 0 0 0
vn -0.0950665 -0.95456 -0.28245
v -0.286375 0.0770025 -4.23756 0 0 0
vn -0.108433 -0.953983 -0.279569
v -0.557656 0.135322 -4.23772 0 0 0
vn -0.365754 -0.874778 -0.317786
v 0.0308859 -0.0219279 -4.2377 0 0 0
vn -0.267599 -0.922722 -0.277443
v 0.0496784 -0.0239456 -4.23721 0 0 0
vn -0.148561 -0.940845 -0.304532
v -0.542315 0.120145 -4.23786 0 0 0
vn -0.493728 -0.869447 -0.0171556
v -0.545565 0.122533 -4.23758 0 0 0
vn -0.731376 -0.661041 -0.167672
v 0.06615 -0.027954 -4.23805 0 0 0
vn -0.269071 -0.907718 -0.321947
v -0.526176 0.111516 -4.23723 0 0 0
vn -0.433952 -0.886791 -0.159023
v 0.080634 -0.0336453 -4.2386 0 0 0
vn -0.347715 -0.84565 -0.404933
v -0.510333 0.106577 -4.23784 0 0 0
vn -0.195376 -0.9568 -0.215317
v -0.493703 0.10607 -4.23769 0 0 0
vn -0.0450018 -0.992446 -0.11413
v -0.461684 0.107582 -4.2376 0 0 0
vn 0.174099 -0.978553 0.110108
v -0.44643 0.110951 -4.23757 0 0 0
vn 0.130198 -0.966702 0.220307
v -0.430162 0.111726 -4.23768 0 0 0
vn 0.0193268 -0.998188 0.0569814
v -0.413678 0.110741 -4.23706 0 0 0
vn -0.0381506 -0.981728 -0.186427
v -0.397904 0.110317 -4.23861 0 0 0
vn -0.0623439 -0.976413 -0.206713
v -0.382255 0.106838 -4.23733 0 0 0
vn -0.179494 -0.944186 -0.276217
v -0.462152 0.10611 -4.23988 0 0 0
vn 0.083399 -0.979094 0.185523
v -0.270269 0.0742067 -4.24676 0 0 0
vn -0.151543 -0.920796 -0.359401
v 0.0501811 -0.0220274 -4.2425 0 0 0
vn -0.174356 -0.939195 -0.295826
v -0.254001 0.0740283 -4.24313 0 0 0
vn -0.221441 -0.866124 -0.4481
v -0.445716 0.106151 -4.2448 0 0 0
vn 0.112298 -0.898788 0.423756
v -0.42995 0.106076 -4.25331 0 0 0
vn 0.233975 -0.911789 0.337486
v -0.206087 0.0581758 -4.253 0 0 0
vn 0.00481552 -0.812011 -0.583622
v -0.365922 0.106089 -4.24444 0 0 0
vn -0.201964 -0.909631 -0.363018
v -0.637981 0.138026 -4.24763 0 0 0
vn -0.435613 -0.887734 -0.148899
v -0.334143 0.0901032 -4.24903 0 0 0
vn -0.597805 -0.528365 -0.602876
v -0.110085 0.0101552 -4.24545 0 0 0
vn -0.380678 -0.890718 -0.248406
v -0.558445 0.138061 -4.24048 0 0 0
vn 0.196586 -0.841269 -0.503607
v -0.541822 0.122036 -4.24826 0 0 0
vn -0.592848 -0.772105 -0.228878
v -0.0461132 -0.00591681 -4.25241 0 0 0
vn -0.323066 -0.933592 -0.155032
v 0.0340683 -0.0218437 -4.24003 0 0 0
vn -0.130665 -0.935071 -0.329498
v -0.118133 0.00968217 -4.22961 0 0 0
vn -0.417167 -0.831053 -0.367862
v -0.119126 0.0101139 -4.22974 0 0 0
vn -0.297274 -0.923139 -0.243808
v -0.1106 0.00599821 -4.22965 0 0 0
vn -0.471561 -0.807193 -0.355065
v -0.101834 -0.000156667 -4.22968 0 0 0
vn -0.0943731 -0.984655 -0.146793
v -0.105576 0.00210426 -4.22965 0 0 0
vn -0.443882 -0.857504 -0.260108
v -0.0938488 0.000803679 -4.22957 0 0 0
vn -0.156553 -0.948565 -0.275163
v -0.0621788 -0.0068849 -4.22963 0 0 0
vn -0.147866 -0.917937 -0.36814
v -0.0570868 -0.00573872 -4.2296 0 0 0
vn 0.234365 -0.945646 -0.225449
v -0.0461352 -0.0118951 -4.22947 0 0 0
vn -0.325402 -0.876972 -0.3536
v -0.0511189 -0.00615155 -4.22975 0 0 0
vn -0.616801 -0.702629 -0.354781
v -0.0539479 -0.00417393 -4.22984 0 0 0
vn -0.110395 -0.991749 -0.0651614
v -0.0381146 -0.012096 -4.22975 0 0 0
vn -0.0975885 -0.971137 -0.217647
v -0.0300254 -0.0129704 -4.22969 0 0 0
vn -0.0851175 -0.975126 -0.204659
v -0.0140401 -0.0142904 -4.22969 0 0 0
vn -0.0803156 -0.955889 -0.282535
v -0.00624709 -0.0145389 -4.22964 0 0 0
vn -0.0497283 -0.926606 -0.37273
v -0.00529424 -0.0140077 -4.22966 0 0 0
vn 0.226488 -0.876077 -0.425666
v 0.00170941 -0.0122437 -4.22984 0 0 0
vn -0.0118283 -0.998786 -0.0478234
v 0.00996424 -0.0159295 -4.22975 0 0 0
vn -0.416731 -0.851458 -0.318364
v 0.00851964 -0.0139554 -4.22962 0 0 0
vn -0.406457 -0.911765 -0.0589673
v 0.0172589 -0.0202973 -4.22939 0 0 0
vn -0.417417 -0.791392 -0.446611
v -0.118003 0.0100776 -4.23127 0 0 0
vn -0.369425 -0.901434 -0.225703
v -0.102101 0.0021643 -4.23329 0 0 0
vn -0.241647 -0.849415 -0.469148
v -0.0941507 0.00192727 -4.23336 0 0 0
vn -0.0829746 -0.938413 -0.335404
v -0.0621007 -0.00581245 -4.23244 0 0 0
vn -0.20539 -0.927713 -0.311712
v -0.0141124 -0.0139227 -4.23083 0 0 0
vn -0.0379285 -0.961476 -0.27226
v -0.00603002 -0.0138366 -4.23118 0 0 0
vn 0.0109429 -0.985303 -0.170463
v -0.110134 0.00121249 -4.22159 0 0 0
vn -0.132921 -0.966993 -0.217384
v -0.112612 0.00222038 -4.22165 0 0 0
vn -0.381061 -0.831652 -0.403915
v -0.118196 0.00603261 -4.22179 0 0 0
vn -0.385372 -0.744609 -0.545019
v -0.125917 0.010091 -4.22166 0 0 0
vn -0.381808 -0.723761 -0.574798
v -0.102329 0.000866696 -4.22192 0 0 0
vn -0.162652 -0.974164 -0.15668
v -0.0943025 -0.00171844 -4.22135 0 0 0
vn -0.272207 -0.882943 -0.382512
v -0.0617747 -0.0102285 -4.22156 0 0 0
vn -0.150617 -0.875018 -0.460063
v -0.0540189 -0.0122454 -4.22158 0 0 0
vn -0.26221 -0.854851 -0.447746
v -0.0459449 -0.0131245 -4.22153 0 0 0
vn -0.0677198 -0.988186 -0.137484
v -0.0301459 -0.0145546 -4.22168 0 0 0
vn -0.129931 -0.955906 -0.263368
v -0.0360253 -0.0139308 -4.2216 0 0 0
vn -0.120106 -0.964946 -0.233353
v -0.0380607 -0.0137029 -4.22172 0 0 0
vn -0.0808666 -0.97705 -0.197062
v 0.00980883 -0.0221746 -4.22169 0 0 0
vn -0.180393 -0.845348 -0.502837
v 0.00901961 -0.0218306 -4.22176 0 0 0
vn -0.31389 -0.691458 -0.65066
v 0.01784 -0.0245022 -4.2214 0 0 0
vn -0.16151 -0.877446 -0.451668
v -0.0143114 -0.0168373 -4.22177 0 0 0
vn -0.148565 -0.918647 -0.366081
v -0.00593694 -0.0181645 -4.22183 0 0 0
vn -0.0947743 -0.840068 -0.534138
v 0.00191504 -0.0200759 -4.22144 0 0 0
vn -0.158191 -0.659137 -0.735197
v -0.109914 0.00203515 -4.22383 0 0 0
vn -0.311552 -0.898015 -0.310652
v -0.054268 -0.00594009 -4.2267 0 0 0
vn -0.142835 -0.761901 -0.631747
v -0.0301887 -0.0138689 -4.2249 0 0 0
vn -0.108152 -0.966134 -0.234284
v 0.00990954 -0.0219686 -4.22206 0 0 0
vn -0.324127 -0.797022 -0.509606
v 0.0183565 -0.0220175 -4.2268 0 0 0
vn -0.249287 -0.904907 -0.344964
v 0.00206411 -0.0141317 -4.22616 0 0 0
vn -0.139981 -0.755749 -0.639725
v -0.509659 0.105313 -4.22143 0 0 0
vn 0.0129692 -0.999193 -0.0380046
v -0.205899 0.0382693 -4.22156 0 0 0
vn -0.363428 -0.842714 -0.397183
v -0.654293 0.143865 -4.22104 0 0 0
vn -0.54936 -0.824201 -0.137463
v -0.218083 0.041992 -4.22151 0 0 0
vn -0.296448 -0.88129 -0.368029
v -0.52151 0.106067 -4.22176 0 0 0
vn -0.150689 -0.980357 -0.12725
v -0.669465 0.154186 -4.22183 0 0 0
vn -0.594126 -0.788227 -0.16035
v -0.497137 0.106168 -4.22165 0 0 0
vn 0.0496478 -0.99858 -0.0192905
v -0.174216 0.0228916 -4.22171 0 0 0
vn -0.265792 -0.882366 -0.388311
v -0.180899 0.0258948 -4.22144 0 0 0
vn -0.389101 -0.807735 -0.442904
v -0.670056 0.154546 -4.22149 0 0 0
vn -0.599082 -0.766396 -0.231816
v -0.41389 0.105255 -4.22162 0 0 0
vn -0.00678376 -0.781687 -0.623634
v -0.190267 0.0318122 -4.22219 0 0 0
vn -0.361632 -0.807802 -0.465488
v -0.416081 0.106034 -4.22185 0 0 0
vn -0.227344 -0.891363 -0.392156
v -0.158238 0.0190564 -4.22141 0 0 0
vn -0.308928 -0.874672 -0.373512
v -0.398049 0.106035 -4.22205 0 0 0
vn 0.0919195 -0.884773 -0.456867
v -0.6378 0.132794 -4.22131 0 0 0
vn -0.498425 -0.853037 -0.1546
v -0.142272 0.0122303 -4.22166 0 0 0
vn -0.282681 -0.89436 -0.346716
v -0.645304 0.138102 -4.22231 0 0 0
vn -0.540945 -0.828888 -0.14256
v -0.382179 0.104759 -4.22149 0 0 0
vn -0.137237 -0.965252 -0.222384
v -0.621971 0.123468 -4.22177 0 0 0
vn -0.443637 -0.864276 -0.237092
v -0.23817 0.0517452 -4.22168 0 0 0
vn -0.435431 -0.845763 -0.308359
v -0.365584 0.100743 -4.22186 0 0 0
vn -0.307169 -0.93797 -0.16081
v -0.253449 0.0580919 -4.22153 0 0 0
vn -0.387149 -0.830832 -0.399792
v -0.606031 0.120397 -4.22185 0 0 0
vn -0.0859078 -0.979566 -0.181854
v -0.333187 0.0786505 -4.22167 0 0 0
vn -0.436792 -0.899238 -0.0241691
v -0.616571 0.121976 -4.2216 0 0 0
vn -0.194857 -0.955084 -0.223262
v -0.270064 0.0730144 -4.22177 0 0 0
vn -0.490614 -0.86818 -0.0745749
v -0.346682 0.0899209 -4.22164 0 0 0
vn -0.66459 -0.747056 -0.0150974
v -0.590338 0.119571 -4.22104 0 0 0
vn 0.0945437 -0.991789 -0.0861163
v -0.254139 0.0592537 -4.22182 0 0 0
vn -0.53324 -0.67972 -0.503623
v -0.349848 0.0926397 -4.22159 0 0 0
vn -0.489505 -0.85801 -0.155575
v -0.221812 0.0433963 -4.22185 0 0 0
vn -0.398134 -0.826996 -0.396947
v -0.581456 0.12227 -4.2224 0 0 0
vn 0.427015 -0.904202 -0.00881118
v -0.302092 0.0720909 -4.22128 0 0 0
vn 0.0630955 -0.988888 -0.134611
v -0.316157 0.0741708 -4.22181 0 0 0
vn -0.127544 -0.973082 -0.191949
v -0.574176 0.128268 -4.22138 0 0 0
vn 0.367764 -0.91886 0.14299
v -0.077934 -0.00535994 -4.22163 0 0 0
vn -0.196176 -0.908596 -0.368739
v -0.558331 0.129342 -4.22161 0 0 0
vn -0.128722 -0.986907 -0.0971845
v -0.294855 0.0743074 -4.22197 0 0 0
vn 0.317493 -0.94782 -0.0288843
v -0.126091 0.0101412 -4.22165 0 0 0
vn -0.182549 -0.936616 -0.299042
v -0.271317 0.0739748 -4.22165 0 0 0
vn -0.284393 -0.955667 0.0763013
v -0.54247 0.121879 -4.22167 0 0 0
vn -0.648884 -0.756018 -0.0859475
v -0.318205 0.0747291 -4.22163 0 0 0
vn -0.252434 -0.954973 -0.155896
v -0.542551 0.122094 -4.22167 0 0 0
vn -0.537136 -0.84015 -0.0750537
v -0.0769796 -0.0057622 -4.22155 0 0 0
vn -0.263411 -0.892149 -0.366995
v -0.525998 0.10746 -4.22169 0 0 0
vn -0.59249 -0.784375 -0.183604
v -0.286117 0.0784171 -4.22168 0 0 0
vn 0.0217648 -0.998633 0.0475263
v 0.033861 -0.0270239 -4.22245 0 0 0
vn -0.139881 -0.925541 -0.351862
v -0.493916 0.106598 -4.22172 0 0 0
vn 0.0409282 -0.998325 0.0408815
v 0.0500109 -0.0297097 -4.22047 0 0 0
vn -0.123893 -0.918184 -0.376282
v -0.47806 0.107674 -4.22139 0 0 0
vn 0.104868 -0.994458 -0.00747076
v -0.462763 0.10979 -4.22189 0 0 0
vn 0.150709 -0.98361 0.0989903
v -0.445949 0.110929 -4.22159 0 0 0
vn -0.0277648 -0.997042 -0.071673
v 0.0642416 -0.0314253 -4.22385 0 0 0
vn -0.213825 -0.933028 -0.289374
v -0.43 0.109544 -4.22167 0 0 0
vn -0.15916 -0.958843 -0.235133
v -0.510008 0.105999 -4.23268 0 0 0
vn -0.0931733 -0.990404 -0.102073
v -0.478 0.106384 -4.22499 0 0 0
vn 0.0540733 -0.973253 0.223283
v -0.206353 0.0421359 -4.22899 0 0 0
vn -0.306705 -0.841882 -0.444035
v -0.414119 0.106034 -4.22285 0 0 0
vn -0.00583973 -0.942278 -0.334779
v -0.173926 0.0262244 -4.227 0 0 0
vn -0.293455 -0.799999 -0.523341
v -0.398017 0.10611 -4.22238 0 0 0
vn -0.0790392 -0.967135 -0.241668
v -0.158227 0.0258726 -4.23504 0 0 0
vn -0.337552 -0.824423 -0.454297
v -0.381554 0.105906 -4.23205 0 0 0
vn -0.171642 -0.975099 -0.140434
v -0.237897 0.0581078 -4.23478 0 0 0
vn -0.432898 -0.766248 -0.47483
v -0.605907 0.121989 -4.22764 0 0 0
vn -0.145248 -0.951047 -0.272788
v -0.301859 0.0739335 -4.22746 0 0 0
vn -0.00868871 -0.952966 -0.302952
v -0.58977 0.121917 -4.23563 0 0 0
vn 0.136504 -0.972799 -0.18716
v -0.126268 0.000515458 -4.21372 0 0 0
vn -0.298566 -0.882624 -0.363089
v -0.118343 -0.000675812 -4.2134 0 0 0
vn -0.118897 -0.875585 -0.468203
v -0.110165 -0.00016278 -4.2139 0 0 0
vn -0.0925598 -0.907593 -0.409522
v -0.0941116 -0.00657667 -4.21368 0 0 0
vn -0.160707 -0.802998 -0.573905
v -0.0956733 -0.00592307 -4.21364 0 0 0
vn -0.390843 -0.707774 -0.58847
v -0.102052 -0.00131736 -4.21384 0 0 0
vn -0.288996 -0.8259 -0.484119
v -0.0619295 -0.0171612 -4.21315 0 0 0
vn 0.00836869 -0.905748 -0.423734
v -0.060248 -0.0141465 -4.21389 0 0 0
vn 0.049738 -0.916716 -0.396432
v -0.0541229 -0.0138445 -4.21366 0 0 0
vn -0.00496804 -0.987831 -0.155449
v -0.0460224 -0.0134734 -4.21369 0 0 0
vn -0.00631817 -0.996424 -0.0842618
v -0.0380922 -0.0155649 -4.21382 0 0 0
vn -0.193454 -0.951263 -0.240153
v -0.0447265 -0.013912 -4.21357 0 0 0
vn -0.147927 -0.95437 -0.259412
v -0.0300957 -0.0170018 -4.21357 0 0 0
vn -0.207025 -0.914419 -0.347819
v -0.126013 0.00215491 -4.21549 0 0 0
vn -0.302327 -0.713494 -0.632079
v -0.117909 0.00203176 -4.21732 0 0 0
vn -0.179476 -0.833116 -0.523169
v -0.126087 0.0101036 -4.22158 0 0 0
vn -0.243445 -0.59393 -0.7668
v -0.0940872 -0.00592481 -4.21459 0 0 0
vn -0.189096 -0.850932 -0.490058
v -0.062371 -0.0139086 -4.21444 0 0 0
vn -0.244615 -0.842997 -0.479081
v -0.0381723 -0.0138706 -4.22092 0 0 0
vn -0.14739 -0.975881 -0.161036
v -0.110122 -0.00631773 -4.20567 0 0 0
vn -0.288738 -0.648791 -0.70406
v -0.111221 -0.00594326 -4.20562 0 0 0
vn -0.300309 -0.738469 -0.60372
v -0.1259 -0.00199205 -4.20551 0 0 0
vn -0.262479 -0.867918 -0.42169
v -0.117922 -0.00385378 -4.2062 0 0 0
vn -0.242989 -0.89197 -0.381242
v -0.10198 -0.010005 -4.20565 0 0 0
vn -0.255439 -0.690467 -0.676762
v -0.0941866 -0.0128575 -4.20579 0 0 0
vn -0.17285 -0.75028 -0.638124
v -0.0621861 -0.0179556 -4.20579 0 0 0
vn -0.061995 -0.89896 -0.433621
v -0.0539133 -0.0180665 -4.20566 0 0 0
vn 0.019151 -0.905662 -0.423567
v -0.045839 -0.0177176 -4.20565 0 0 0
vn 0.011325 -0.904857 -0.425566
v -0.0379292 -0.0176873 -4.20577 0 0 0
vn -0.16423 -0.920904 -0.353504
v -0.0300351 -0.0198493 -4.2057 0 0 0
vn -0.288901 -0.884541 -0.366229
v -0.110132 -0.00586192 -4.20607 0 0 0
vn -0.189557 -0.751395 -0.63204
v -0.10233 -0.00576273 -4.20953 0 0 0
vn -0.355611 -0.642317 -0.678948
v -0.054162 -0.013865 -4.21358 0 0 0
vn 0.05 -0.882661 -0.467342
v -0.0462155 -0.013848 -4.21295 0 0 0
vn 0.0160236 -0.884073 -0.467074
v -0.526047 0.105011 -4.20562 0 0 0
vn -0.0775148 -0.992279 -0.0968208
v -0.5309 0.1065 -4.20555 0 0 0
vn -0.591753 -0.769318 -0.240786
v -0.222134 0.0384359 -4.20581 0 0 0
vn -0.38264 -0.892876 -0.237402
v -0.669854 0.150896 -4.20531 0 0 0
vn -0.461777 -0.869491 -0.17535
v -0.230194 0.0420131 -4.20562 0 0 0
vn -0.4344 -0.869568 -0.234837
v -0.510486 0.104961 -4.20612 0 0 0
vn -0.0400887 -0.990341 -0.132728
v -0.675194 0.153664 -4.20605 0 0 0
vn -0.42085 -0.875668 -0.236833
v -0.206325 0.0320126 -4.20561 0 0 0
vn -0.396699 -0.874249 -0.279853
v -0.494222 0.104644 -4.20532 0 0 0
vn 0.1046 -0.985755 -0.131702
v -0.653857 0.140637 -4.2053 0 0 0
vn -0.543757 -0.831864 -0.111044
v -0.480415 0.106056 -4.20596 0 0 0
vn 0.109312 -0.992872 -0.0475079
v -0.142009 0.00413988 -4.20565 0 0 0
vn -0.437953 -0.784788 -0.438526
v -0.151406 0.0101985 -4.20597 0 0 0
vn -0.414663 -0.84669 -0.333423
v -0.430502 0.0978471 -4.20525 0 0 0
vn -0.460449 -0.556802 -0.691345
v -0.19014 0.0226257 -4.20536 0 0 0
vn -0.370307 -0.914323 -0.163969
v -0.440204 0.106278 -4.20595 0 0 0
vn -0.376694 -0.854861 -0.356811
v -0.196772 0.0260837 -4.20576 0 0 0
vn -0.484453 -0.841611 -0.238737
v -0.622004 0.121501 -4.20574 0 0 0
vn -0.233702 -0.972308 -0.000542296
v -0.173977 0.0168595 -4.20569 0 0 0
vn -0.306266 -0.914812 -0.263289
v -0.622918 0.122003 -4.20565 0 0 0
vn -0.507437 -0.861353 -0.0240499
v -0.414217 0.0921715 -4.20568 0 0 0
vn -0.009653 -0.765539 -0.643317
v -0.638162 0.131786 -4.20533 0 0 0
vn -0.511279 -0.857174 -0.0620211
v -0.397613 0.0985891 -4.20564 0 0 0
vn 0.181775 -0.831557 -0.524853
v -0.15822 0.0126508 -4.20541 0 0 0
vn -0.273015 -0.912018 -0.306082
v -0.649744 0.138094 -4.20611 0 0 0
vn -0.514502 -0.852049 -0.0964367
v -0.606431 0.11804 -4.20612 0 0 0
vn -0.100507 -0.992695 -0.0667449
v -0.254167 0.0570941 -4.20575 0 0 0
vn -0.493401 -0.84207 -0.217883
v -0.382214 0.0994244 -4.20578 0 0 0
vn -0.00909122 -0.903103 -0.429328
v -0.589949 0.120042 -4.20556 0 0 0
vn 0.188454 -0.981411 -0.0363025
v -0.25476 0.0578115 -4.20578 0 0 0
vn -0.757058 -0.557587 -0.340528
v -0.366704 0.0982218 -4.20566 0 0 0
vn -0.122403 -0.951407 -0.282562
v -0.237743 0.0461618 -4.20555 0 0 0
vn -0.501155 -0.828711 -0.249163
v -0.334565 0.0823692 -4.20577 0 0 0
vn -0.602471 -0.794375 0.0774415
v -0.266823 0.0739342 -4.20589 0 0 0
vn -0.726591 -0.687017 -0.00858858
v -0.586753 0.12209 -4.20578 0 0 0
vn 0.48275 -0.874539 -0.0462059
v -0.343854 0.0902109 -4.20532 0 0 0
vn -0.613436 -0.774019 0.156818
v -0.573213 0.131822 -4.20592 0 0 0
vn 0.134734 -0.976244 -0.16969
v -0.350295 0.093639 -4.20611 0 0 0
vn -0.272054 -0.962178 0.0141797
v -0.270132 0.0759839 -4.20515 0 0 0
vn -0.171505 -0.938136 -0.30081
v -0.558328 0.12754 -4.20526 0 0 0
vn -0.279449 -0.913617 -0.295316
v -0.318268 0.0725138 -4.20534 0 0 0
vn -0.27865 -0.950649 -0.136461
v -0.54187 0.121533 -4.20556 0 0 0
vn -0.671102 -0.60463 -0.429004
v -0.321181 0.0739699 -4.20602 0 0 0
vn -0.461293 -0.887248 -0.00062866
v -0.542241 0.122076 -4.20566 0 0 0
vn -0.368578 -0.915015 -0.164007
v -0.302669 0.0700758 -4.20562 0 0 0
vn -0.0855594 -0.97036 -0.22601
v -0.0784861 -0.0151039 -4.20585 0 0 0
vn -0.151412 -0.799548 -0.581204
v -0.29613 0.0737438 -4.20585 0 0 0
vn 0.412548 -0.889334 -0.197205
v -0.025259 -0.0218803 -4.20564 0 0 0
vn -0.305392 -0.841391 -0.445865
v -0.47792 0.106821 -4.2056 0 0 0
vn 0.211602 -0.969921 0.120323
v -0.28558 0.0782831 -4.20583 0 0 0
vn -0.0312076 -0.996057 -0.083047
v -0.461156 0.111143 -4.20557 0 0 0
vn -0.0277654 -0.998543 -0.0462707
v -0.013886 -0.0262392 -4.20562 0 0 0
vn -0.251913 -0.828098 -0.500792
v 0.00183837 -0.0303621 -4.20566 0 0 0
vn -0.183524 -0.846752 -0.49933
v -0.446043 0.108201 -4.20555 0 0 0
vn -0.224862 -0.952549 -0.205151
v 0.0173312 -0.0331266 -4.20559 0 0 0
vn -0.133354 -0.87486 -0.465657
v 0.0337294 -0.0349585 -4.20579 0 0 0
vn -0.115853 -0.891551 -0.437852
v 0.0497114 -0.036822 -4.20561 0 0 0
vn -0.0993725 -0.894173 -0.436555
v -0.525994 0.1062 -4.21511 0 0 0
vn -0.383191 -0.907471 -0.172225
v -0.222341 0.0422809 -4.21838 0 0 0
vn -0.421862 -0.859494 -0.288621
v -0.4941 0.106068 -4.21413 0 0 0
vn 0.0558782 -0.994839 -0.0846977
v -0.141937 0.0100395 -4.21653 0 0 0
vn -0.351015 -0.815477 -0.460201
v -0.669995 0.154061 -4.21965 0 0 0
vn -0.527423 -0.832577 -0.169237
v -0.190124 0.0261421 -4.21365 0 0 0
vn -0.39681 -0.827917 -0.396353
v -0.429913 0.105659 -4.21311 0 0 0
vn -0.279535 -0.814212 -0.508841
v -0.622107 0.122246 -4.21307 0 0 0
vn -0.421343 -0.901835 -0.0957258
v -0.254166 0.0583099 -4.21945 0 0 0
vn -0.650565 -0.759386 0.0098929
v -0.269883 0.0747844 -4.20735 0 0 0
vn -0.252022 -0.957997 0.136847
v -0.317819 0.0739004 -4.21623 0 0 0
vn -0.202643 -0.972323 -0.11629
v -0.0780267 -0.00600759 -4.21971 0 0 0
vn -0.206187 -0.829528 -0.519009
v -0.0141349 -0.0217851 -4.21276 0 0 0
vn -0.229273 -0.849081 -0.475915
v 0.00175131 -0.0219626 -4.21908 0 0 0
vn -0.209804 -0.824157 -0.526068
v -0.0299323 -0.0248946 -4.19766 0 0 0
vn -0.310592 -0.796571 -0.51866
v -0.035489 -0.0218934 -4.19769 0 0 0
vn -0.328953 -0.791663 -0.51484
v -0.0619932 -0.0208461 -4.19726 0 0 0
vn 0.0249701 -0.97965 -0.199152
v -0.0543254 -0.021086 -4.19783 0 0 0
vn -0.0312426 -0.948076 -0.316507
v -0.0462608 -0.0214043 -4.19759 0 0 0
vn 0.00512758 -0.928495 -0.371309
v -0.0381685 -0.0211302 -4.19768 0 0 0
vn -0.027566 -0.912299 -0.408595
v -0.0302795 -0.02182 -4.20179 0 0 0
vn -0.324218 -0.831651 -0.45082
v -0.054114 -0.0236151 -4.1895 0 0 0
vn -0.167113 -0.717752 -0.675948
v -0.0566677 -0.0219613 -4.18996 0 0 0
vn -0.211683 -0.959609 -0.185313
v -0.0459987 -0.0255416 -4.18979 0 0 0
vn -0.179856 -0.761482 -0.622733
v -0.0301333 -0.0301464 -4.18967 0 0 0
vn -0.266294 -0.769998 -0.579819
v -0.0309674 -0.0298848 -4.18971 0 0 0
vn -0.229468 -0.790814 -0.567413
v -0.0379466 -0.0278546 -4.18971 0 0 0
vn -0.19943 -0.748336 -0.632631
v -0.0623064 -0.0208291 -4.18963 0 0 0
vn 0.0527183 -0.992816 -0.107416
v -0.0538948 -0.0219208 -4.19406 0 0 0
vn -0.109019 -0.967108 -0.229818
v -0.0459787 -0.0218554 -4.19635 0 0 0
vn -0.0972134 -0.889402 -0.44667
v -0.0301101 -0.0298997 -4.19006 0 0 0
vn -0.277433 -0.79977 -0.532352
v -0.0380504 -0.0218516 -4.19651 0 0 0
vn -0.14106 -0.798246 -0.585581
v -0.0787259 -0.026937 -4.18986 0 0 0
vn 0.102249 -0.768762 -0.631308
v -0.0689517 -0.0226431 -4.18968 0 0 0
vn 0.226127 -0.766384 -0.601268
v -0.0144251 -0.0357561 -4.18951 0 0 0
vn -0.266971 -0.808396 -0.524616
v -0.222001 0.0344238 -4.1894 0 0 0
vn -0.404942 -0.889255 -0.212714
v -0.237506 0.0420932 -4.18963 0 0 0
vn -0.436167 -0.876589 -0.203347
v -0.670676 0.146278 -4.18966 0 0 0
vn -0.376429 -0.842544 -0.385254
v -0.20614 0.0276028 -4.1894 0 0 0
vn -0.37345 -0.894707 -0.245021
v -0.654242 0.140392 -4.18958 0 0 0
vn -0.41159 -0.870417 -0.270127
v -0.541974 0.105719 -4.18976 0 0 0
vn -0.117318 -0.855404 -0.5045
v -0.142089 -0.00631965 -4.18968 0 0 0
vn -0.363706 -0.610369 -0.703681
v -0.637914 0.130481 -4.18941 0 0 0
vn -0.405006 -0.897883 -0.17256
v -0.542822 0.105945 -4.18965 0 0 0
vn -0.35429 -0.737483 -0.574976
v -0.142531 -0.00595137 -4.18969 0 0 0
vn -0.544648 -0.599147 -0.58684
v -0.651488 0.138316 -4.18982 0 0 0
vn -0.504127 -0.859865 -0.0805434
v -0.526079 0.103737 -4.1898 0 0 0
vn -0.0750037 -0.964864 -0.251817
v -0.158401 0.00872747 -4.18985 0 0 0
vn -0.491666 -0.619234 -0.61222
v -0.622102 0.122891 -4.1898 0 0 0
vn -0.441593 -0.894954 0.0636705
v -0.1627 0.00988093 -4.18951 0 0 0
vn -0.400251 -0.781457 -0.47867
v -0.509559 0.100408 -4.18966 0 0 0
vn 0.0464825 -0.994657 -0.0921831
v -0.60548 0.116698 -4.18961 0 0 0
vn -0.0654337 -0.995047 -0.074833
v -0.494364 0.103016 -4.18917 0 0 0
vn 0.26554 -0.961295 0.0734838
v -0.19001 0.0213058 -4.18947 0 0 0
vn -0.39564 -0.880507 -0.261107
v -0.620956 0.122102 -4.18956 0 0 0
vn -0.367857 -0.929307 0.0326936
v -0.201798 0.0261994 -4.19016 0 0 0
vn -0.422949 -0.892262 -0.158058
v -0.49066 0.105492 -4.19031 0 0 0
vn 0.371866 -0.915566 0.15315
v -0.589891 0.11922 -4.19009 0 0 0
vn 0.226611 -0.961148 -0.157614
v -0.17382 0.0135718 -4.18993 0 0 0
vn -0.373237 -0.891364 -0.257223
v -0.430534 0.0813921 -4.18903 0 0 0
vn -0.321205 -0.855542 -0.406047
v -0.581524 0.121612 -4.18916 0 0 0
vn 0.0923384 -0.930331 -0.354905
v -0.4449 0.0902223 -4.18973 0 0 0
vn -0.505774 -0.652338 -0.56449
v -0.254436 0.0523087 -4.18906 0 0 0
vn -0.442173 -0.840254 -0.313778
v -0.558102 0.116454 -4.18972 0 0 0
vn -0.395305 -0.6178 -0.679748
v -0.266823 0.0585204 -4.19001 0 0 0
vn -0.575282 -0.680355 -0.454058
v -0.568236 0.121939 -4.18957 0 0 0
vn -0.324427 -0.758241 -0.565524
v -0.445925 0.093955 -4.18976 0 0 0
vn -0.715805 -0.420908 -0.557189
v -0.238074 0.0424541 -4.1896 0 0 0
vn -0.523138 -0.822243 -0.22415
v -0.452521 0.105924 -4.18972 0 0 0
vn -0.659211 -0.707455 -0.25485
v -0.57416 0.12324 -4.18979 0 0 0
vn 0.315931 -0.880764 -0.352765
v -0.270367 0.0603288 -4.18928 0 0 0
vn -0.295143 -0.649668 -0.700587
v -0.414383 0.0801824 -4.18953 0 0 0
vn 0.0410979 -0.864867 -0.500317
v -0.398413 0.0844924 -4.18975 0 0 0
vn 0.229866 -0.834533 -0.500715
v -0.126297 -0.0124706 -4.1898 0 0 0
vn -0.318708 -0.611774 -0.723987
v -0.478225 0.112038 -4.18927 0 0 0
vn 0.240336 -0.94631 0.216187
v -0.113126 -0.0218397 -4.1898 0 0 0
vn -0.356224 -0.650936 -0.670364
v -0.462604 0.111333 -4.18959 0 0 0
vn -0.178064 -0.983077 0.0430491
v -0.382031 0.0881994 -4.18959 0 0 0
vn 0.266405 -0.864902 -0.42541
v -0.378593 0.0900071 -4.18961 0 0 0
vn 0.255569 -0.906871 -0.335066
v -0.365517 0.0939639 -4.19007 0 0 0
vn 0.162306 -0.981791 -0.0987075
v 0.00167408 -0.039098 -4.18965 0 0 0
vn -0.10291 -0.891308 -0.441566
v -0.00515461 -0.0379444 -4.18962 0 0 0
vn -0.172593 -0.859645 -0.480856
v -0.333735 0.0830009 -4.19003 0 0 0
vn -0.67131 -0.713627 0.200198
v 0.0176396 -0.0406132 -4.18954 0 0 0
vn -0.103994 -0.890771 -0.442394
v -0.338819 0.0901898 -4.18928 0 0 0
vn -0.688996 -0.67571 0.262106
v -0.350162 0.0984267 -4.18936 0 0 0
vn 0.0331205 -0.957054 0.28801
v 0.0333212 -0.0423541 -4.19106 0 0 0
vn -0.121518 -0.883809 -0.451791
v -0.317643 0.0697448 -4.18931 0 0 0
vn -0.478875 -0.870645 -0.112495
v -0.323337 0.074102 -4.18994 0 0 0
vn -0.614046 -0.784751 0.0843422
v -0.301665 0.0630341 -4.18936 0 0 0
vn 0.0393614 -0.913748 -0.40437
v -0.286112 0.0678537 -4.18973 0 0 0
vn -0.107497 -0.749337 -0.653405
v -0.110348 -0.0232802 -4.1899 0 0 0
vn -0.226121 -0.708854 -0.668128
v -0.0942591 -0.0274276 -4.18954 0 0 0
vn -0.052982 -0.714339 -0.697791
v -0.0774152 -0.0215264 -4.19846 0 0 0
vn 0.00915303 -0.869504 -0.493842
v -0.542068 0.106244 -4.1907 0 0 0
vn -0.468149 -0.713006 -0.521976
v -0.142092 -0.0058933 -4.19024 0 0 0
vn -0.403318 -0.776896 -0.483495
v -0.429325 0.0899881 -4.2012 0 0 0
vn -0.286799 -0.683975 -0.670764
v -0.157919 0.0098505 -4.19426 0 0 0
vn -0.454181 -0.827252 -0.330716
v -0.621791 0.122158 -4.19099 0 0 0
vn -0.339457 -0.940312 0.0241324
v -0.446194 0.105819 -4.19759 0 0 0
vn -0.487415 -0.727166 -0.483379
v -0.413984 0.0900467 -4.20384 0 0 0
vn 0.112124 -0.792489 -0.599491
v -0.397931 0.090006 -4.19624 0 0 0
vn 0.240286 -0.724487 -0.64605
v -0.557644 0.121783 -4.19496 0 0 0
vn -0.381266 -0.709282 -0.592921
v -0.269993 0.0736141 -4.20031 0 0 0
vn -0.473739 -0.629794 -0.615573
v -0.126121 -0.00614777 -4.19688 0 0 0
vn -0.331751 -0.736303 -0.589745
v -0.110283 -0.0220556 -4.19119 0 0 0
vn -0.230856 -0.686407 -0.689602
v -0.381784 0.0899719 -4.1914 0 0 0
vn 0.139949 -0.786647 -0.601332
v -0.0937859 -0.021873 -4.19578 0 0 0
vn -0.129382 -0.74797 -0.651001
v -0.286285 0.0740544 -4.19621 0 0 0
vn 0.137471 -0.850778 -0.507226
v 0.00209957 -0.0380444 -4.19177 0 0 0
vn -0.120444 -0.883676 -0.452338
v 0.018504 -0.0380431 -4.19503 0 0 0
vn -0.103969 -0.90013 -0.423034
v 0.0342099 -0.0380043 -4.1998 0 0 0
vn -0.119493 -0.886674 -0.446689
v 0.0497722 -0.0379426 -4.20341 0 0 0
vn -0.100988 -0.886815 -0.450954
v -0.558352 0.100055 -4.1733 0 0 0
vn -0.323787 -0.741581 -0.587555
v -0.670073 0.137096 -4.17362 0 0 0
vn -0.424578 -0.787494 -0.446751
v -0.566146 0.106137 -4.17382 0 0 0
vn -0.46326 -0.651864 -0.600387
v -0.671928 0.138187 -4.17393 0 0 0
vn -0.490572 -0.777824 -0.392847
v -0.0776733 -0.0421413 -4.17366 0 0 0
vn 0.0729765 -0.741475 -0.667
v -0.54202 0.0963007 -4.17385 0 0 0
vn -0.106701 -0.844648 -0.52458
v -0.654189 0.12974 -4.17362 0 0 0
vn -0.361373 -0.806398 -0.468115
v -0.062032 -0.0386898 -4.17386 0 0 0
vn 0.0130997 -0.674528 -0.738133
v -0.525739 0.0977849 -4.17392 0 0 0
vn 0.103573 -0.881256 -0.461152
v -0.0460898 -0.0411928 -4.17357 0 0 0
vn -0.0272703 -0.727865 -0.685178
v -0.510148 0.0997022 -4.17319 0 0 0
vn 0.256101 -0.897993 -0.3578
v -0.0303939 -0.0427972 -4.1733 0 0 0
vn -0.0556379 -0.787426 -0.613893
v -0.498116 0.105731 -4.17398 0 0 0
vn 0.337531 -0.938829 0.0683602
v -0.684281 0.145604 -4.17269 0 0 0
vn -0.511299 -0.766522 -0.388609
v -0.0144192 -0.0448282 -4.17422 0 0 0
vn -0.154656 -0.850815 -0.502191
v -0.414008 0.0732263 -4.17363 0 0 0
vn 0.0165535 -0.984118 -0.176742
v -0.421526 0.0740881 -4.17391 0 0 0
vn -0.144673 -0.948751 -0.280966
v -0.237476 0.0375036 -4.17369 0 0 0
vn -0.381093 -0.87222 -0.306595
v -0.405161 0.0743225 -4.17368 0 0 0
vn 0.201717 -0.920657 -0.334218
v -0.247875 0.0422228 -4.17379 0 0 0
vn -0.439186 -0.839528 -0.319857
v -0.445576 0.085183 -4.17375 0 0 0
vn -0.601213 -0.790394 -0.117558
v -0.448362 0.0902091 -4.17357 0 0 0
vn -0.834055 -0.536803 -0.127259
v -0.429922 0.0760745 -4.17369 0 0 0
vn -0.407075 -0.878891 -0.248678
v -0.638332 0.125118 -4.1735 0 0 0
vn -0.157933 -0.919225 -0.360671
v -0.622209 0.123587 -4.1738 0 0 0
vn -0.244867 -0.953194 -0.177373
v -0.458743 0.106444 -4.17424 0 0 0
vn -0.749335 -0.636101 -0.184045
v -0.206048 0.0224547 -4.17367 0 0 0
vn -0.441537 -0.830014 -0.340767
v -0.606368 0.116916 -4.17389 0 0 0
vn -0.269194 -0.961468 -0.0558059
v -0.214195 0.026357 -4.17374 0 0 0
vn -0.444997 -0.844092 -0.299142
v -0.619163 0.12232 -4.17356 0 0 0
vn -0.38811 -0.921424 -0.0186931
v -0.39772 0.077104 -4.1738 0 0 0
vn 0.288555 -0.886325 -0.362166
v -0.222445 0.0325815 -4.174 0 0 0
vn -0.414482 -0.864442 -0.284507
v -0.590511 0.114835 -4.17367 0 0 0
vn -0.139971 -0.931928 -0.334542
v -0.382489 0.0827505 -4.17371 0 0 0
vn 0.395493 -0.876257 -0.275242
v -0.574147 0.111516 -4.17388 0 0 0
vn -0.216779 -0.792621 -0.569875
v -0.173722 0.00400935 -4.17354 0 0 0
vn -0.537312 -0.720249 -0.438791
v -0.367686 0.0900246 -4.17382 0 0 0
vn 0.511943 -0.84152 -0.172507
v -0.183475 0.0100874 -4.17353 0 0 0
vn -0.445341 -0.800949 -0.400191
v -0.366316 0.0913819 -4.17384 0 0 0
vn 0.615717 -0.781214 0.102944
v -0.158523 -0.011008 -4.17321 0 0 0
vn -0.673935 -0.593607 -0.43982
v -0.494211 0.107848 -4.17338 0 0 0
vn 0.397327 -0.916925 -0.0371418
v -0.162907 -0.00553902 -4.17403 0 0 0
vn -0.609497 -0.636152 -0.4731
v -0.334092 0.089354 -4.17366 0 0 0
vn -0.766931 -0.629773 -0.123296
v -0.477962 0.114446 -4.1735 0 0 0
vn 0.0503513 -0.99036 -0.129045
v -0.14656 -0.0220554 -4.17365 0 0 0
vn -0.564618 -0.65816 -0.498028
v -0.334468 0.090039 -4.17368 0 0 0
vn -0.773735 -0.618218 0.138353
v -0.46189 0.109326 -4.17321 0 0 0
vn -0.390698 -0.913143 -0.116294
v -0.190203 0.0143458 -4.1738 0 0 0
vn -0.419682 -0.825973 -0.376346
v -0.351502 0.105938 -4.17388 0 0 0
vn 0.643482 -0.695641 0.319397
v -0.347083 0.10557 -4.17385 0 0 0
vn -0.69881 -0.693078 0.176941
v -0.270211 0.0526984 -4.17368 0 0 0
vn -0.255869 -0.886764 -0.384943
v -0.254011 0.0457744 -4.17373 0 0 0
vn -0.397577 -0.844044 -0.359893
v -0.302158 0.0579203 -4.17369 0 0 0
vn -0.224435 -0.910407 -0.347545
v -0.350086 0.106423 -4.17362 0 0 0
vn 0.0281291 -0.997688 0.061873
v -0.302506 0.0579982 -4.17372 0 0 0
vn -0.558254 -0.774266 -0.298102
v -0.317416 0.0740599 -4.17357 0 0 0
vn -0.726776 -0.673698 0.133894
v -0.286309 0.0536087 -4.17362 0 0 0
vn -0.149428 -0.914743 -0.375389
v 0.00116264 -0.046065 -4.17536 0 0 0
vn -0.103242 -0.888858 -0.4464
v -0.318515 0.0763396 -4.17382 0 0 0
vn -0.65402 -0.726729 0.210054
v -0.14205 -0.024837 -4.17381 0 0 0
vn -0.351395 -0.72776 -0.588971
v -0.125659 -0.0315923 -4.17398 0 0 0
vn -0.290991 -0.701474 -0.650583
v -0.110068 -0.0377659 -4.17368 0 0 0
vn -0.285276 -0.716464 -0.636629
v -0.0937744 -0.0439948 -4.17339 0 0 0
vn -0.0696175 -0.750409 -0.657297
v -0.109757 -0.0379161 -4.17368 0 0 0
vn -0.252655 -0.713796 -0.653193
v -0.557846 0.106203 -4.18087 0 0 0
vn -0.367817 -0.704944 -0.606436
v -0.078565 -0.0378835 -4.17841 0 0 0
vn 0.114432 -0.697516 -0.707373
v -0.062286 -0.0380119 -4.17459 0 0 0
vn 0.0353388 -0.675046 -0.736929
v -0.669882 0.138021 -4.17547 0 0 0
vn -0.318285 -0.820486 -0.474866
v -0.0460996 -0.0380147 -4.17629 0 0 0
vn -0.122413 -0.720871 -0.682173
v -0.493979 0.106776 -4.17592 0 0 0
vn 0.430226 -0.882855 0.188342
v -0.653622 0.138158 -4.18678 0 0 0
vn -0.403052 -0.770306 -0.494144
v -0.0618868 -0.021829 -4.18812 0 0 0
vn -0.0362342 -0.654623 -0.755087
v -0.413984 0.0739721 -4.1762 0 0 0
vn 0.0186956 -0.915843 -0.4011
v -0.0298121 -0.0380366 -4.17939 0 0 0
vn -0.185252 -0.789336 -0.585346
v -0.446145 0.089878 -4.186 0 0 0
vn -0.668192 -0.696946 -0.260357
v -0.0135458 -0.0380492 -4.1863 0 0 0
vn -0.20392 -0.842018 -0.499422
v -0.238083 0.0421126 -4.18846 0 0 0
vn -0.449472 -0.84837 -0.279719
v -0.573872 0.12238 -4.18858 0 0 0
vn 0.00172059 -0.805064 -0.593185
v -0.350001 0.106277 -4.17437 0 0 0
vn -0.0769547 -0.888748 0.451891
v -0.205864 0.02614 -4.18486 0 0 0
vn -0.389887 -0.868065 -0.30733
v -0.302106 0.0580538 -4.17417 0 0 0
vn 0.0159264 -0.859635 -0.51066
v -0.174415 0.0104527 -4.18285 0 0 0
vn -0.382531 -0.810735 -0.443146
v -0.317862 0.0741931 -4.17419 0 0 0
vn -0.693248 -0.67635 0.248915
v -0.157677 -0.00629381 -4.17813 0 0 0
vn -0.49396 -0.558542 -0.666358
v -0.28577 0.0581929 -4.18069 0 0 0
vn -0.209532 -0.782802 -0.585933
v -0.269756 0.0579715 -4.18609 0 0 0
vn -0.279668 -0.867822 -0.410695
v -0.142382 -0.0217055 -4.17706 0 0 0
vn -0.373361 -0.584531 -0.720364
v -0.126421 -0.0218229 -4.18322 0 0 0
vn -0.316778 -0.619048 -0.718632
v -0.094433 -0.0379279 -4.17939 0 0 0
vn -0.12945 -0.70905 -0.693175
v -0.590098 0.103894 -4.15744 0 0 0
vn -0.446402 -0.761575 -0.469819
v -0.593082 0.106152 -4.15786 0 0 0
vn -0.502404 -0.765183 -0.402599
v -0.558232 0.0891876 -4.15776 0 0 0
vn -0.132949 -0.957744 -0.25505
v -0.0944927 -0.0558736 -4.15827 0 0 0
vn -0.0276898 -0.838432 -0.544303
v -0.106197 -0.053899 -4.15769 0 0 0
vn -0.229407 -0.746105 -0.625059
v -0.0783846 -0.0547703 -4.15776 0 0 0
vn 0.0514294 -0.838804 -0.541999
v -0.126397 -0.0438049 -4.15747 0 0 0
vn -0.395033 -0.759678 -0.516564
v -0.138358 -0.0379315 -4.15773 0 0 0
vn -0.388254 -0.767517 -0.510075
v -0.561303 0.0900727 -4.15763 0 0 0
vn -0.332385 -0.8518 -0.404917
v -0.110167 -0.0525104 -4.15762 0 0 0
vn -0.379296 -0.728934 -0.569903
v -0.142139 -0.0355959 -4.15763 0 0 0
vn -0.54677 -0.710594 -0.44283
v -0.573808 0.0962491 -4.15781 0 0 0
vn -0.396169 -0.76044 -0.514569
v -0.542101 0.0874178 -4.15767 0 0 0
vn -0.105006 -0.93341 -0.343104
v -0.062112 -0.0555639 -4.15781 0 0 0
vn -0.0158488 -0.785592 -0.618541
v -0.653786 0.120461 -4.15765 0 0 0
vn -0.0203082 -0.989238 -0.144902
v -0.52593 0.0859965 -4.15745 0 0 0
vn 0.0198161 -0.901627 -0.43206
v -0.0457905 -0.0554343 -4.15791 0 0 0
vn 0.0502038 -0.765754 -0.641171
v -0.659183 0.122088 -4.15779 0 0 0
vn -0.342455 -0.86598 -0.364422
v -0.670341 0.128574 -4.15761 0 0 0
vn -0.477755 -0.744718 -0.465988
v -0.0367093 -0.0536316 -4.15813 0 0 0
vn 0.0371453 -0.788818 -0.613503
v -0.510882 0.0901106 -4.15775 0 0 0
vn 0.219077 -0.823726 -0.522954
v -0.683705 0.138551 -4.15804 0 0 0
vn -0.533511 -0.763511 -0.363892
v -0.510006 0.0906474 -4.1577 0 0 0
vn 0.453178 -0.735247 -0.504025
v -0.0303559 -0.0529748 -4.15758 0 0 0
vn 0.132383 -0.833418 -0.536554
v -0.494061 0.10045 -4.15772 0 0 0
vn 0.430718 -0.736209 -0.521994
v -0.484317 0.106187 -4.15765 0 0 0
vn 0.358933 -0.792098 -0.493708
v -0.25406 0.0386894 -4.15769 0 0 0
vn -0.376303 -0.849392 -0.370039
v -0.686273 0.140318 -4.15729 0 0 0
vn -0.598231 -0.731979 -0.326076
v -0.430117 0.0728875 -4.15753 0 0 0
vn -0.226545 -0.971935 -0.0633985
v -0.262659 0.0422209 -4.15757 0 0 0
vn -0.380319 -0.853745 -0.355636
v -0.432051 0.0740913 -4.1578 0 0 0
vn -0.725285 -0.688138 -0.0206491
v -0.238714 0.031659 -4.15767 0 0 0
vn -0.402452 -0.846125 -0.349435
v -0.414273 0.0707356 -4.15821 0 0 0
vn -0.0635414 -0.987687 -0.142956
v -0.637563 0.120901 -4.15776 0 0 0
vn -0.0731159 -0.987727 -0.138023
v -0.221824 0.0232779 -4.15763 0 0 0
vn -0.354029 -0.892188 -0.280473
v -0.228332 0.0261688 -4.15771 0 0 0
vn -0.409391 -0.847705 -0.337336
v -0.622063 0.118667 -4.15766 0 0 0
vn -0.191027 -0.96933 -0.15462
v -0.398444 0.0713985 -4.1575 0 0 0
vn 0.0826222 -0.97193 -0.220286
v -0.206114 0.0160425 -4.15783 0 0 0
vn -0.458244 -0.842817 -0.282262
v -0.446102 0.0885157 -4.15779 0 0 0
vn -0.707469 -0.70296 0.0730425
v -0.60609 0.114667 -4.15756 0 0 0
vn -0.372617 -0.903254 -0.212812
v -0.447195 0.0899735 -4.15745 0 0 0
vn -0.76404 -0.640092 0.0807727
v -0.189892 0.0046884 -4.1571 0 0 0
vn -0.510828 -0.760702 -0.400484
v -0.460968 0.106292 -4.15754 0 0 0
vn -0.779053 -0.626105 -0.0327034
v -0.197104 0.0100963 -4.15782 0 0 0
vn -0.545292 -0.795905 -0.263042
v -0.174055 -0.00234536 -4.15775 0 0 0
vn -0.452978 -0.797548 -0.398407
v -0.478134 0.108005 -4.15746 0 0 0
vn 0.0315967 -0.914047 -0.404375
v -0.390586 0.0740188 -4.15784 0 0 0
vn 0.386374 -0.887355 -0.251628
v -0.158468 -0.0219187 -4.15772 0 0 0
vn -0.740577 -0.535199 -0.406335
v -0.461816 0.106897 -4.15749 0 0 0
vn -0.172177 -0.93908 -0.297462
v -0.169849 -0.00609835 -4.15763 0 0 0
vn -0.706934 -0.602208 -0.370931
v -0.381448 0.0792706 -4.15755 0 0 0
vn 0.568326 -0.801491 -0.186062
v -0.36788 0.0900543 -4.15799 0 0 0
vn 0.654018 -0.756115 -0.0234712
v -0.270054 0.0453174 -4.15754 0 0 0
vn -0.252237 -0.898844 -0.358407
v -0.366291 0.092257 -4.15743 0 0 0
vn 0.849963 -0.526173 -0.0265343
v -0.358536 0.105145 -4.15793 0 0 0
vn 0.676259 -0.731547 -0.0866724
v -0.350125 0.107484 -4.15741 0 0 0
vn 0.0723584 -0.997269 -0.0147621
v -0.333731 0.0918963 -4.15763 0 0 0
vn -0.739497 -0.67232 -0.0336241
v -0.347156 0.10597 -4.15783 0 0 0
vn -0.690542 -0.721291 -0.053773
v -0.318298 0.0568007 -4.15752 0 0 0
vn -0.307935 -0.922129 -0.234209
v -0.320035 0.0579914 -4.15793 0 0 0
vn -0.675479 -0.584545 -0.449484
v -0.302492 0.0524251 -4.15762 0 0 0
vn -0.233511 -0.933389 -0.272503
v -0.332911 0.0738949 -4.15779 0 0 0
vn -0.731809 -0.482654 -0.481145
v -0.285803 0.048894 -4.15802 0 0 0
vn -0.198183 -0.937682 -0.285439
v -0.332304 0.0896236 -4.15763 0 0 0
vn -0.986109 -0.0271446 -0.163868
v -0.158116 -0.0223041 -4.15767 0 0 0
vn -0.615541 -0.701339 -0.359492
v -0.589794 0.105955 -4.16025 0 0 0
vn -0.252372 -0.78418 -0.566895
v -0.653994 0.121988 -4.162 0 0 0
vn -0.180629 -0.881961 -0.435336
v -0.0935465 -0.0539109 -4.16134 0 0 0
vn -0.0243579 -0.787289 -0.616103
v -0.557816 0.0899621 -4.15965 0 0 0
vn -0.179538 -0.833021 -0.523299
v -0.0778754 -0.0539841 -4.15888 0 0 0
vn 0.03844 -0.779774 -0.624879
v -0.574142 0.106024 -4.16781 0 0 0
vn -0.360855 -0.685444 -0.632417
v -0.126047 -0.0378222 -4.16633 0 0 0
vn -0.320189 -0.760059 -0.5655
v -0.541813 0.0900188 -4.16408 0 0 0
vn -0.0590577 -0.875008 -0.480493
v -0.110075 -0.0378906 -4.17353 0 0 0
vn -0.334776 -0.721065 -0.606623
v -0.526255 0.0901205 -4.16382 0 0 0
vn 0.0972857 -0.835195 -0.541281
v -0.638175 0.122083 -4.16385 0 0 0
vn -0.0539446 -0.960576 -0.272735
v -0.621666 0.121994 -4.16948 0 0 0
vn -0.229161 -0.946542 -0.227031
v -0.0621884 -0.0537014 -4.16015 0 0 0
vn 0.0028624 -0.720951 -0.69298
v -0.494099 0.106385 -4.16754 0 0 0
vn 0.408813 -0.840853 -0.354737
v -0.0466098 -0.054072 -4.1596 0 0 0
vn 0.0509995 -0.742002 -0.668455
v -0.430124 0.0741651 -4.16416 0 0 0
vn -0.457913 -0.885254 -0.0814884
v -0.397937 0.0739634 -4.16558 0 0 0
vn 0.236466 -0.931177 -0.277476
v -0.254074 0.0421555 -4.16565 0 0 0
vn -0.386855 -0.847311 -0.363879
v -0.222147 0.0263074 -4.16453 0 0 0
vn -0.38834 -0.827512 -0.405482
v -0.19014 0.0102041 -4.16701 0 0 0
vn -0.447866 -0.798989 -0.401289
v -0.333991 0.0905502 -4.16067 0 0 0
vn -0.868144 -0.489562 0.081576
v -0.158072 -0.0218955 -4.15842 0 0 0
vn -0.649729 -0.63262 -0.421478
v -0.317648 0.0584568 -4.16203 0 0 0
vn -0.520036 -0.614759 -0.592987
v -0.318145 0.0740337 -4.17078 0 0 0
vn -0.575429 -0.523531 -0.628329
v -0.590012 0.0958008 -4.14141 0 0 0
vn -0.449402 -0.792028 -0.413194
v -0.111738 -0.058451 -4.14347 0 0 0
vn -0.292855 -0.881247 -0.370998
v -0.670207 0.119055 -4.14166 0 0 0
vn -0.146112 -0.92205 -0.358435
v -0.678984 0.122597 -4.14172 0 0 0
vn -0.515321 -0.744592 -0.424295
v -0.602646 0.106318 -4.14193 0 0 0
vn -0.617384 -0.715632 -0.326663
v -0.654608 0.118673 -4.14156 0 0 0
vn 0.0510447 -0.983796 -0.171874
v -0.573963 0.08915 -4.14165 0 0 0
vn -0.221376 -0.950999 -0.215854
v -0.126357 -0.0538884 -4.14171 0 0 0
vn -0.484698 -0.775076 -0.405371
v -0.576553 0.0899962 -4.14172 0 0 0
vn -0.318226 -0.904369 -0.284341
v -0.141854 -0.0443541 -4.14136 0 0 0
vn -0.519848 -0.77307 -0.363484
v -0.686615 0.131758 -4.14164 0 0 0
vn -0.638846 -0.618991 -0.456865
v -0.558217 0.085397 -4.1423 0 0 0
vn -0.201445 -0.950452 -0.236773
v -0.542241 0.0818351 -4.14175 0 0 0
vn -0.160099 -0.948322 -0.273958
v -0.526063 0.0794499 -4.14105 0 0 0
vn -0.100173 -0.937372 -0.333615
v -0.693088 0.138056 -4.14181 0 0 0
vn -0.563885 -0.681594 -0.466329
v -0.638526 0.119248 -4.14156 0 0 0
vn -0.0164124 -0.999628 0.0217842
v -0.510032 0.0801174 -4.14205 0 0 0
vn 0.181701 -0.831294 -0.525295
v -0.621882 0.117596 -4.14164 0 0 0
vn -0.318048 -0.927368 -0.197064
v -0.494078 0.086767 -4.14148 0 0 0
vn 0.337734 -0.707583 -0.620695
v -0.238018 0.0248543 -4.14187 0 0 0
vn -0.382199 -0.855871 -0.348437
v -0.606625 0.112977 -4.142 0 0 0
vn -0.478726 -0.80797 -0.343519
v -0.241165 0.0259411 -4.14144 0 0 0
vn -0.367963 -0.859423 -0.354957
v -0.487104 0.0901466 -4.14172 0 0 0
vn 0.241157 -0.671669 -0.700503
v -0.269974 0.0405713 -4.14179 0 0 0
vn -0.448798 -0.842186 -0.298836
v -0.47776 0.0933436 -4.14163 0 0 0
vn 0.0966366 -0.722499 -0.684585
v -0.253951 0.031778 -4.14195 0 0 0
vn -0.416964 -0.842448 -0.341209
v -0.461577 0.0961691 -4.14212 0 0 0
vn -0.204741 -0.837608 -0.506452
v -0.222793 0.0177494 -4.14147 0 0 0
vn -0.357533 -0.854974 -0.375752
v -0.206166 0.0130591 -4.14147 0 0 0
vn -0.330647 -0.884516 -0.329097
v -0.430066 0.0725715 -4.14169 0 0 0
vn -0.253591 -0.967143 -0.0180561
v -0.432521 0.0742021 -4.14168 0 0 0
vn -0.794666 -0.595557 0.117547
v -0.174485 -0.0155111 -4.1408 0 0 0
vn -0.502311 -0.709978 -0.493574
v -0.413647 0.0682577 -4.1415 0 0 0
vn -0.155214 -0.981356 -0.113351
v -0.186816 -0.00609333 -4.14172 0 0 0
vn -0.459867 -0.724549 -0.513372
v -0.189854 -0.00381281 -4.14174 0 0 0
vn -0.670299 -0.642542 -0.371266
v -0.397318 0.0677371 -4.14177 0 0 0
vn 0.204485 -0.960376 -0.189375
v -0.202506 0.010372 -4.14189 0 0 0
vn -0.641629 -0.707853 -0.295394
v -0.167363 -0.021161 -4.14246 0 0 0
vn -0.671867 -0.61886 -0.40695
v -0.441057 0.0899842 -4.14165 0 0 0
vn -0.759002 -0.61679 0.208534
v -0.446095 0.0920613 -4.1416 0 0 0
vn -0.113308 -0.984904 -0.130863
v -0.273423 0.0419532 -4.14138 0 0 0
vn -0.295798 -0.903243 -0.310894
v -0.381996 0.0736731 -4.14181 0 0 0
vn 0.364056 -0.912408 -0.187016
v -0.3815 0.0740225 -4.14165 0 0 0
vn 0.597998 -0.78092 -0.180452
v -0.333982 0.0594923 -4.14172 0 0 0
vn -0.621439 -0.57263 -0.534705
v -0.345519 0.0735843 -4.14128 0 0 0
vn -0.777457 -0.333804 -0.533044
v -0.366673 0.0866342 -4.14181 0 0 0
vn 0.652021 -0.714175 -0.254603
v -0.364271 0.0898653 -4.14137 0 0 0
vn 0.447546 -0.748456 -0.489405
v -0.342377 0.090043 -4.14212 0 0 0
vn -0.784373 -0.191078 -0.590125
v -0.350687 0.101246 -4.14235 0 0 0
vn 0.251654 -0.749249 -0.612614
v -0.317648 0.053217 -4.14191 0 0 0
vn -0.315092 -0.920356 -0.231651
v -0.330726 0.0580288 -4.14182 0 0 0
vn -0.443184 -0.821521 -0.358735
v -0.301452 0.0472516 -4.1411 0 0 0
vn -0.221867 -0.940632 -0.25688
v -0.286099 0.0456517 -4.14235 0 0 0
vn -0.19884 -0.94867 -0.245943
v -0.149686 -0.0379418 -4.14197 0 0 0
vn -0.609913 -0.715103 -0.341517
v -0.1582 -0.030461 -4.14126 0 0 0
vn -0.626388 -0.697961 -0.347114
v -0.126124 -0.054039 -4.14164 0 0 0
vn -0.403131 -0.842009 -0.358478
v -0.109713 -0.0541733 -4.15527 0 0 0
vn -0.314169 -0.862403 -0.396938
v -0.574158 0.0900926 -4.1448 0 0 0
vn -0.334709 -0.879541 -0.338199
v -0.669673 0.121789 -4.14745 0 0 0
vn -0.260425 -0.890026 -0.374208
v -0.126074 -0.0539496 -4.14185 0 0 0
vn -0.382847 -0.8062 -0.451077
v -0.685869 0.137813 -4.15229 0 0 0
vn -0.606641 -0.653082 -0.453288
v -0.142015 -0.0378877 -4.15378 0 0 0
vn -0.545261 -0.743332 -0.38749
v -0.510054 0.0900863 -4.15709 0 0 0
vn 0.381299 -0.745936 -0.546069
v -0.493923 0.0899048 -4.1443 0 0 0
vn 0.398223 -0.701409 -0.591137
v -0.0304574 -0.0537918 -4.15624 0 0 0
vn 0.131787 -0.850592 -0.509044
v -0.477923 0.105795 -4.15395 0 0 0
vn 0.110268 -0.737872 -0.665872
v -0.46201 0.106059 -4.15548 0 0 0
vn -0.212279 -0.768824 -0.603197
v -0.238021 0.0260763 -4.14505 0 0 0
vn -0.397356 -0.85354 -0.337012
v -0.4461 0.0902549 -4.15182 0 0 0
vn -0.683858 -0.729531 -0.0110991
v -0.27035 0.0421289 -4.14708 0 0 0
vn -0.333444 -0.90693 -0.257474
v -0.349703 0.106138 -4.1525 0 0 0
vn -0.527907 -0.736109 -0.423624
v -0.174046 -0.00598497 -4.15172 0 0 0
vn -0.482631 -0.707639 -0.516056
v -0.382121 0.0740415 -4.14335 0 0 0
vn 0.504494 -0.82905 -0.241169
v -0.333766 0.0740428 -4.15698 0 0 0
vn -0.77975 -0.184321 -0.598344
v -0.36611 0.0905139 -4.15002 0 0 0
vn 0.685815 -0.669858 -0.284514
v -0.334337 0.0906288 -4.15463 0 0 0
vn -0.783604 -0.378608 -0.492566
v -0.590069 0.0895749 -4.12568 0 0 0
vn -0.216513 -0.923225 -0.317454
v -0.174189 -0.0237508 -4.12567 0 0 0
vn -0.562492 -0.717403 -0.411018
v -0.591929 0.0901059 -4.12582 0 0 0
vn -0.322363 -0.875809 -0.359223
v -0.606035 0.0957195 -4.12542 0 0 0
vn -0.478235 -0.742452 -0.469101
v -0.177731 -0.0218329 -4.12575 0 0 0
vn -0.458885 -0.784474 -0.417163
v -0.617485 0.106211 -4.12579 0 0 0
vn -0.547405 -0.683292 -0.483177
v -0.142123 -0.0504547 -4.12525 0 0 0
vn -0.577343 -0.760175 -0.298007
v -0.573944 0.0852806 -4.12579 0 0 0
vn -0.195717 -0.950383 -0.241799
v -0.157746 -0.0379037 -4.12565 0 0 0
vn -0.60688 -0.736306 -0.299251
v -0.557567 0.0820404 -4.1259 0 0 0
vn -0.198914 -0.965133 -0.170151
v -0.158102 -0.0375866 -4.12563 0 0 0
vn -0.62018 -0.711974 -0.329349
v -0.541241 0.0781572 -4.12565 0 0 0
vn -0.217716 -0.963574 -0.155321
v -0.526065 0.0747772 -4.12575 0 0 0
vn -0.207902 -0.942407 -0.262003
v -0.136619 -0.053561 -4.12659 0 0 0
vn -0.506833 -0.800927 -0.318805
v -0.509994 0.0721986 -4.12572 0 0 0
vn -0.0590763 -0.967552 -0.245667
v -0.522819 0.0741009 -4.12568 0 0 0
vn -0.151377 -0.955238 -0.254177
v -0.494265 0.0723828 -4.12578 0 0 0
vn -0.0169258 -0.943817 -0.330034
v -0.478042 0.0731474 -4.12598 0 0 0
vn 0.0331437 -0.92604 -0.375967
v -0.462019 0.0735966 -4.12589 0 0 0
vn 0.0857465 -0.93834 -0.33491
v -0.460342 0.074135 -4.12549 0 0 0
vn 0.688389 -0.65751 -0.30627
v -0.222168 0.00884522 -4.12554 0 0 0
vn -0.427242 -0.834792 -0.347256
v -0.43004 0.0740155 -4.1257 0 0 0
vn -0.378788 -0.925051 0.0282916
v -0.430181 0.0741223 -4.12571 0 0 0
vn -0.910326 -0.381 0.161697
v -0.224505 0.0100838 -4.12588 0 0 0
vn -0.480372 -0.820021 -0.311141
v -0.414281 0.0667099 -4.12547 0 0 0
vn -0.31029 -0.950618 -0.00681021
v -0.206667 0.000945167 -4.12529 0 0 0
vn -0.524887 -0.733495 -0.431831
v -0.398635 0.0650957 -4.12546 0 0 0
vn 0.0849194 -0.994539 -0.0606718
v -0.25415 0.0253491 -4.12555 0 0 0
vn -0.408263 -0.898732 -0.160006
v -0.448834 0.0901514 -4.12571 0 0 0
vn 0.450018 -0.747972 -0.487874
v -0.255454 0.026062 -4.1258 0 0 0
vn -0.484294 -0.853473 -0.192466
v -0.435298 0.0891355 -4.12506 0 0 0
vn -0.656917 -0.740364 -0.142552
v -0.238285 0.0182998 -4.12566 0 0 0
vn -0.431869 -0.859995 -0.271841
v -0.445834 0.0915391 -4.12577 0 0 0
vn -0.147705 -0.987187 -0.0603665
v -0.269973 0.0343951 -4.12585 0 0 0
vn -0.44405 -0.863763 -0.238188
v -0.18987 -0.0153772 -4.12591 0 0 0
vn -0.536777 -0.732434 -0.418821
v -0.286111 0.0411048 -4.12567 0 0 0
vn -0.318236 -0.947785 -0.0207077
v -0.2005 -0.0055371 -4.12582 0 0 0
vn -0.636985 -0.607308 -0.474792
v -0.293334 0.0422331 -4.12558 0 0 0
vn -0.176087 -0.983236 -0.0473302
v -0.382315 0.0704571 -4.12624 0 0 0
vn 0.392945 -0.91332 -0.106961
v -0.378965 0.0737668 -4.12498 0 0 0
vn 0.488245 -0.862858 -0.130737
v -0.685896 0.119689 -4.12543 0 0 0
vn -0.369566 -0.858474 -0.355588
v -0.333696 0.0534407 -4.1257 0 0 0
vn -0.311613 -0.937387 -0.155575
v -0.688018 0.121845 -4.12594 0 0 0
vn -0.590945 -0.682481 -0.430119
v -0.34241 0.0582941 -4.12584 0 0 0
vn -0.581864 -0.743292 -0.330079
v -0.350299 0.0659249 -4.12523 0 0 0
vn -0.725563 -0.55988 -0.400116
v -0.354573 0.0743688 -4.12595 0 0 0
vn -0.654077 -0.50087 -0.566845
v -0.700879 0.133089 -4.1261 0 0 0
vn -0.580207 -0.669523 -0.463786
v -0.365888 0.081758 -4.1261 0 0 0
vn 0.239066 -0.87479 -0.421414
v -0.669853 0.113464 -4.12596 0 0 0
vn -0.168836 -0.936458 -0.307475
v -0.653963 0.114828 -4.12519 0 0 0
vn 0.142665 -0.861703 -0.486944
v -0.318328 0.0490505 -4.12538 0 0 0
vn -0.281354 -0.951624 -0.123499
v -0.302631 0.0439179 -4.12582 0 0 0
vn -0.280681 -0.953765 -0.107476
v -0.645029 0.121258 -4.12633 0 0 0
vn 0.295744 -0.891693 -0.342666
v -0.622087 0.111011 -4.12555 0 0 0
vn -0.529335 -0.636542 -0.560908
v -0.634162 0.121551 -4.12606 0 0 0
vn -0.424121 -0.827675 -0.367525
v -0.637982 0.122721 -4.12558 0 0 0
vn 0.0289327 -0.996086 -0.0835185
v -0.173974 -0.0220882 -4.12927 0 0 0
vn -0.611475 -0.708502 -0.352312
v -0.590028 0.090052 -4.1271 0 0 0
vn -0.308367 -0.905378 -0.29189
v -0.605749 0.106169 -4.13805 0 0 0
vn -0.495365 -0.672913 -0.549365
v -0.221848 0.0100373 -4.12824 0 0 0
vn -0.252455 -0.848852 -0.464454
v -0.509896 0.0740962 -4.13113 0 0 0
vn -0.0232656 -0.912861 -0.407607
v -0.205958 0.00960641 -4.13527 0 0 0
vn -0.52226 -0.669818 -0.527815
v -0.49367 0.0739941 -4.12861 0 0 0
vn 0.165797 -0.735184 -0.657279
v -0.253976 0.0260818 -4.12842 0 0 0
vn -0.411751 -0.845409 -0.340214
v -0.477897 0.0737859 -4.12684 0 0 0
vn 0.114399 -0.598693 -0.792767
v -0.461848 0.0739862 -4.1263 0 0 0
vn 0.302813 -0.47223 -0.827831
v -0.190331 -0.00556799 -4.13856 0 0 0
vn -0.634169 -0.605547 -0.480773
v -0.47847 0.0902025 -4.13961 0 0 0
vn 0.190267 -0.593154 -0.782283
v -0.462445 0.0900905 -4.13568 0 0 0
vn 0.182722 -0.675955 -0.71393
v -0.685903 0.121984 -4.12991 0 0 0
vn -0.542556 -0.734612 -0.407405
v -0.28613 0.0420478 -4.13094 0 0 0
vn -0.238196 -0.929062 -0.28303
v -0.701984 0.138497 -4.13419 0 0 0
vn -0.432068 -0.775872 -0.459717
v -0.33419 0.0580988 -4.13941 0 0 0
vn -0.609331 -0.695496 -0.380791
v -0.349527 0.0743477 -4.1353 0 0 0
vn -0.782792 -0.257115 -0.566682
v -0.637971 0.122379 -4.12684 0 0 0
vn 0.0211735 -0.977089 0.211777
v -0.350263 0.0899479 -4.13545 0 0 0
vn -0.287977 -0.518738 -0.804972
v -0.190063 -0.022365 -4.10966 0 0 0
vn -0.563838 -0.771408 -0.294986
v -0.65372 0.104958 -4.10964 0 0 0
vn -0.149336 -0.975938 -0.158885
v -0.190551 -0.0219636 -4.10968 0 0 0
vn -0.614644 -0.722742 -0.316002
v -0.659232 0.106369 -4.10967 0 0 0
vn -0.138396 -0.95409 -0.265631
v -0.174375 -0.0333067 -4.10993 0 0 0
vn -0.505525 -0.745791 -0.433866
v -0.637871 0.102764 -4.10959 0 0 0
vn -0.260279 -0.925312 -0.275775
v -0.621716 0.0964502 -4.10951 0 0 0
vn -0.44502 -0.826648 -0.344399
v -0.168489 -0.0374863 -4.11011 0 0 0
vn -0.578523 -0.704902 -0.410395
v -0.606298 0.088864 -4.10945 0 0 0
vn -0.336886 -0.910708 -0.238995
v -0.609584 0.0902292 -4.11014 0 0 0
vn -0.4283 -0.853296 -0.297398
v -0.589928 0.0835013 -4.10976 0 0 0
vn -0.221526 -0.936493 -0.27186
v -0.525863 0.0726001 -4.1096 0 0 0
vn -0.251243 -0.950474 -0.182965
v -0.530855 0.0741477 -4.10964 0 0 0
vn -0.28485 -0.94649 -0.151717
v -0.574019 0.0804748 -4.10993 0 0 0
vn -0.149016 -0.955105 -0.256063
v -0.558578 0.0794262 -4.1094 0 0 0
vn -0.124713 -0.963027 -0.238799
v -0.542778 0.0777544 -4.10985 0 0 0
vn -0.159967 -0.971988 -0.17219
v -0.206142 -0.00879178 -4.10942 0 0 0
vn -0.622978 -0.713715 -0.32017
v -0.51009 0.0686816 -4.10976 0 0 0
vn -0.179749 -0.931529 -0.316138
v -0.209048 -0.00588229 -4.11005 0 0 0
vn -0.625366 -0.718233 -0.305055
v -0.493588 0.0663684 -4.10982 0 0 0
vn -0.0336819 -0.922469 -0.384599
v -0.221821 0.00478703 -4.10925 0 0 0
vn -0.598345 -0.761117 -0.250367
v -0.230007 0.0102179 -4.11036 0 0 0
vn -0.506178 -0.849769 -0.147232
v -0.478038 0.0667586 -4.10953 0 0 0
vn 0.0667307 -0.927568 -0.367647
v -0.462482 0.0688221 -4.10984 0 0 0
vn 0.282338 -0.913189 -0.293891
v -0.254022 0.0226261 -4.1093 0 0 0
vn -0.433112 -0.886866 -0.160882
v -0.261544 0.0262679 -4.11021 0 0 0
vn -0.475505 -0.867344 -0.147003
v -0.454522 0.0743484 -4.1094 0 0 0
vn 0.624616 -0.721305 -0.299288
v -0.237798 0.0143791 -4.10914 0 0 0
vn -0.45201 -0.880005 -0.145868
v -0.270237 0.0313201 -4.10915 0 0 0
vn -0.545721 -0.832922 -0.0918118
v -0.413565 0.0671745 -4.10956 0 0 0
vn -0.24288 -0.968195 -0.0600734
v -0.426897 0.0742034 -4.10987 0 0 0
vn -0.473609 -0.880601 0.0153967
v -0.397661 0.0650227 -4.10917 0 0 0
vn 0.0908069 -0.993065 -0.074677
v -0.445337 0.0831392 -4.10991 0 0 0
vn 0.0088014 -0.855978 -0.516937
v -0.686124 0.112049 -4.109 0 0 0
vn -0.297826 -0.8536 -0.427396
v -0.430216 0.0768788 -4.10951 0 0 0
vn -0.52651 -0.780768 -0.336434
v -0.700923 0.122371 -4.10989 0 0 0
vn -0.557046 -0.720386 -0.413212
v -0.702173 0.1234 -4.1095 0 0 0
vn -0.650404 -0.629799 -0.42465
v -0.284748 0.042246 -4.10972 0 0 0
vn -0.592246 -0.805753 0.00260423
v -0.670152 0.109925 -4.11015 0 0 0
vn -0.244749 -0.928095 -0.280601
v -0.382705 0.0698397 -4.11025 0 0 0
vn 0.40297 -0.910601 -0.091769
v -0.379155 0.0732857 -4.10933 0 0 0
vn 0.305698 -0.927089 -0.21692
v -0.350093 0.057575 -4.10971 0 0 0
vn -0.329932 -0.940493 -0.0813485
v -0.350847 0.0580522 -4.10974 0 0 0
vn -0.639498 -0.695426 -0.327758
v -0.33447 0.0523529 -4.10966 0 0 0
vn -0.279842 -0.956621 -0.0810277
v -0.363658 0.0740696 -4.1096 0 0 0
vn -0.682801 -0.620682 -0.385404
v -0.365954 0.0754982 -4.10965 0 0 0
vn 0.260493 -0.938282 -0.227531
v -0.318014 0.0486487 -4.10952 0 0 0
vn -0.209368 -0.977737 -0.0139591
v -0.301691 0.0454871 -4.1102 0 0 0
vn -0.208148 -0.976963 0.0470985
v -0.286131 0.043001 -4.10963 0 0 0
vn -0.188205 -0.982057 0.0119311
v -0.654138 0.105892 -4.11211 0 0 0
vn -0.115634 -0.839538 -0.530853
v -0.190119 -0.0218437 -4.11095 0 0 0
vn -0.548381 -0.753354 -0.362955
v -0.638278 0.106461 -4.11438 0 0 0
vn -0.108136 -0.667731 -0.736507
v -0.158052 -0.0379322 -4.125 0 0 0
vn -0.597023 -0.699925 -0.392006
v -0.622101 0.105877 -4.12103 0 0 0
vn -0.342222 -0.70993 -0.615535
v -0.605833 0.0898591 -4.11304 0 0 0
vn -0.320662 -0.878391 -0.354409
v -0.526015 0.0740713 -4.12174 0 0 0
vn -0.234843 -0.964518 -0.120636
v -0.205815 -0.00613439 -4.11604 0 0 0
vn -0.62784 -0.689361 -0.361383
v -0.43005 0.074048 -4.12565 0 0 0
vn -0.613245 -0.778945 0.131053
v -0.446259 0.0898835 -4.12127 0 0 0
vn 0.522394 -0.748409 -0.408642
v -0.63797 0.12217 -4.12434 0 0 0
vn 0.0355028 -0.567507 -0.822603
v -0.286008 0.0417353 -4.11852 0 0 0
vn -0.375377 -0.926464 0.0275091
v -0.34997 0.0580344 -4.11145 0 0 0
vn -0.59364 -0.748249 -0.296168
v -0.333782 0.0510019 -4.09394 0 0 0
vn -0.23558 -0.970835 -0.0445187
v -0.318161 0.048718 -4.09344 0 0 0
vn -0.200154 -0.975563 -0.0906349
v -0.302235 0.0460611 -4.0939 0 0 0
vn -0.212085 -0.973096 -0.0900249
v -0.289479 0.0421898 -4.09367 0 0 0
vn -0.300696 -0.925201 -0.231485
v -0.685642 0.104616 -4.09368 0 0 0
vn -0.0223301 -0.973896 -0.225894
v -0.693445 0.106336 -4.09381 0 0 0
vn -0.396508 -0.831285 -0.389546
v -0.669711 0.105628 -4.09369 0 0 0
vn -0.0331723 -0.943609 -0.329395
v -0.654236 0.105099 -4.09381 0 0 0
vn -0.123716 -0.964029 -0.235251
v -0.199117 -0.0210781 -4.0952 0 0 0
vn -0.608184 -0.724443 -0.324492
v -0.637738 0.10081 -4.094 0 0 0
vn -0.337236 -0.926497 -0.166957
v -0.622181 0.093556 -4.09329 0 0 0
vn -0.44117 -0.874215 -0.202772
v -0.605527 0.0841804 -4.09311 0 0 0
vn -0.347043 -0.926086 -0.148074
v -0.616771 0.0901118 -4.0941 0 0 0
vn -0.446523 -0.877544 -0.174739
v -0.206213 -0.0165265 -4.09247 0 0 0
vn -0.63927 -0.705956 -0.304894
v -0.217107 -0.00562634 -4.09409 0 0 0
vn -0.673698 -0.682434 -0.283574
v -0.590181 0.0795747 -4.09411 0 0 0
vn -0.227579 -0.956227 -0.183951
v -0.222655 0.00113113 -4.0931 0 0 0
vn -0.669676 -0.681119 -0.295991
v -0.232167 0.0100204 -4.0942 0 0 0
vn -0.549179 -0.815124 -0.184324
v -0.558073 0.0739671 -4.09369 0 0 0
vn -0.17001 -0.927889 -0.331843
v -0.253967 0.0189249 -4.09268 0 0 0
vn -0.477516 -0.852987 -0.210693
v -0.558579 0.0741063 -4.09378 0 0 0
vn -0.212721 -0.942286 -0.258546
v -0.264824 0.0261302 -4.09442 0 0 0
vn -0.526436 -0.842339 -0.115455
v -0.541964 0.0741112 -4.09378 0 0 0
vn -0.198146 -0.836991 -0.510083
v -0.238268 0.0125916 -4.09364 0 0 0
vn -0.404181 -0.896276 -0.182555
v -0.526511 0.0688578 -4.09397 0 0 0
vn -0.316197 -0.84368 -0.433847
v -0.27007 0.0298508 -4.09325 0 0 0
vn -0.573487 -0.814648 -0.0863848
v -0.57417 0.0775911 -4.09362 0 0 0
vn -0.16264 -0.966171 -0.200156
v -0.510418 0.060425 -4.09334 0 0 0
vn -0.282864 -0.83842 -0.465876
v -0.49408 0.0587457 -4.09366 0 0 0
vn -0.0289413 -0.904521 -0.425447
v -0.717818 0.123706 -4.0931 0 0 0
vn -0.495131 -0.836944 -0.233173
v -0.477411 0.0601754 -4.09362 0 0 0
vn 0.158504 -0.91274 -0.37654
v -0.461226 0.0643063 -4.09343 0 0 0
vn 0.377719 -0.835015 -0.400098
v -0.702253 0.112104 -4.09352 0 0 0
vn -0.551327 -0.725162 -0.412528
v -0.715014 0.122308 -4.09404 0 0 0
vn -0.554269 -0.724471 -0.40979
v -0.44633 0.07395 -4.09387 0 0 0
vn 0.10442 -0.80676 -0.581579
v -0.4302 0.0698548 -4.09338 0 0 0
vn -0.17724 -0.902396 -0.392769
v -0.414186 0.0649057 -4.09385 0 0 0
vn -0.222946 -0.956661 -0.187337
v -0.398158 0.0641077 -4.09334 0 0 0
vn 0.00148173 -0.991308 -0.131556
v -0.285925 0.0405823 -4.09384 0 0 0
vn -0.501937 -0.850684 -0.15619
v -0.381738 0.0661293 -4.09404 0 0 0
vn 0.0733835 -0.95567 -0.28515
v -0.365567 0.063778 -4.09352 0 0 0
vn -0.39768 -0.855943 -0.330471
v -0.349972 0.0564267 -4.09321 0 0 0
vn -0.316949 -0.947162 -0.0492763
v -0.354123 0.0580034 -4.09399 0 0 0
vn -0.426713 -0.900885 -0.0795174
v -0.686096 0.105922 -4.09827 0 0 0
vn -0.053931 -0.899046 -0.43452
v -0.669803 0.106161 -4.09639 0 0 0
vn -0.0774171 -0.962926 -0.258417
v -0.366105 0.0743249 -4.10741 0 0 0
vn -0.0388353 -0.853404 -0.519802
v -0.557972 0.0740555 -4.09396 0 0 0
vn -0.0523854 -0.960383 -0.273716
v -0.541925 0.0741268 -4.09377 0 0 0
vn -0.192355 -0.956733 -0.218318
v -0.286292 0.0420003 -4.10119 0 0 0
vn -0.42676 -0.901187 -0.0757439
v -0.446275 0.0741794 -4.09419 0 0 0
vn 0.131794 -0.896063 -0.423912
v -0.429633 0.0737091 -4.10152 0 0 0
vn -0.344601 -0.89224 -0.291817
v -0.701924 0.12198 -4.10803 0 0 0
vn -0.502043 -0.711067 -0.492277
v -0.701769 0.104547 -4.07771 0 0 0
vn -0.204501 -0.905214 -0.372514
v -0.334151 0.0508516 -4.07861 0 0 0
vn -0.266673 -0.960526 -0.0792225
v -0.704108 0.105822 -4.07772 0 0 0
vn -0.515888 -0.720153 -0.463938
v -0.31822 0.0462294 -4.07679 0 0 0
vn -0.286672 -0.94505 -0.157159
v -0.686211 0.101267 -4.07845 0 0 0
vn -0.143096 -0.941545 -0.304985
v -0.304834 0.0422902 -4.07823 0 0 0
vn -0.252155 -0.945851 -0.20441
v -0.669821 0.0985086 -4.07729 0 0 0
vn -0.109947 -0.902751 -0.415875
v -0.654218 0.0974604 -4.07737 0 0 0
vn -0.0539174 -0.891359 -0.450079
v -0.621806 0.0891268 -4.07768 0 0 0
vn -0.270186 -0.957432 -0.101605
v -0.624799 0.0901417 -4.07761 0 0 0
vn -0.292908 -0.896681 -0.331917
v -0.63818 0.0973112 -4.0783 0 0 0
vn -0.24263 -0.895976 -0.371965
v -0.606509 0.0831938 -4.07805 0 0 0
vn -0.352927 -0.934247 -0.0512409
v -0.58962 0.0779087 -4.07754 0 0 0
vn -0.270185 -0.960216 -0.0706133
v -0.55794 0.0680445 -4.07732 0 0 0
vn -0.315431 -0.874901 -0.367494
v -0.573551 0.0741268 -4.07771 0 0 0
vn -0.282159 -0.923599 -0.259521
v -0.526211 0.0574015 -4.07777 0 0 0
vn -0.185576 -0.878508 -0.44021
v -0.238324 0.00655026 -4.07747 0 0 0
vn -0.563827 -0.752085 -0.341273
v -0.529231 0.0580923 -4.07759 0 0 0
vn -0.255767 -0.834736 -0.487647
v -0.245264 0.0102367 -4.07808 0 0 0
vn -0.409342 -0.865533 -0.288604
v -0.541715 0.0622289 -4.07783 0 0 0
vn -0.279311 -0.793699 -0.540395
v -0.573995 0.0742431 -4.07763 0 0 0
vn -0.2266 -0.954024 -0.196192
v -0.510286 0.0541073 -4.07762 0 0 0
vn -0.126943 -0.900665 -0.415557
v -0.254273 0.014958 -4.07741 0 0 0
vn -0.596286 -0.784909 -0.168407
v -0.267777 0.0262657 -4.07799 0 0 0
vn -0.609895 -0.782553 -0.125056
v -0.493865 0.052181 -4.07737 0 0 0
vn -0.0134779 -0.916376 -0.400092
v -0.270086 0.0281996 -4.0773 0 0 0
vn -0.506472 -0.851496 -0.135798
v -0.477863 0.0534478 -4.07826 0 0 0
vn 0.105659 -0.910483 -0.399821
v -0.461875 0.0562242 -4.07767 0 0 0
vn 0.190202 -0.891759 -0.410596
v -0.456124 0.0579543 -4.07767 0 0 0
vn 0.246013 -0.871232 -0.424773
v -0.71822 0.119761 -4.07822 0 0 0
vn -0.569176 -0.68453 -0.455475
v -0.446042 0.060951 -4.07776 0 0 0
vn 0.204279 -0.823135 -0.529829
v -0.723634 0.121808 -4.07741 0 0 0
vn -0.407677 -0.728888 -0.550019
v -0.430068 0.0613507 -4.07773 0 0 0
vn -0.0203082 -0.876828 -0.480376
v -0.414307 0.0623714 -4.07784 0 0 0
vn -0.0170646 -0.973015 -0.23011
v -0.733024 0.124514 -4.07699 0 0 0
vn -0.268194 -0.86434 -0.425427
v -0.398377 0.0620124 -4.07756 0 0 0
vn 0.0105229 -0.991441 -0.130132
v -0.302175 0.041262 -4.07744 0 0 0
vn -0.276883 -0.942499 -0.187168
v -0.286103 0.0365507 -4.07786 0 0 0
vn -0.38118 -0.904861 -0.189549
v -0.382153 0.0621977 -4.07768 0 0 0
vn -0.025109 -0.986289 -0.163107
v -0.366356 0.0606105 -4.07736 0 0 0
vn -0.155056 -0.97153 -0.179127
v -0.350306 0.0557501 -4.07667 0 0 0
vn -0.301646 -0.948158 -0.100027
v -0.356949 0.0581309 -4.07837 0 0 0
vn -0.333499 -0.936387 -0.109347
v -0.301942 0.0419732 -4.07979 0 0 0
vn -0.276526 -0.922619 -0.268902
v -0.237688 0.00974296 -4.08555 0 0 0
vn -0.504124 -0.791911 -0.344582
v -0.222327 -0.0051164 -4.08214 0 0 0
vn -0.646132 -0.689947 -0.326323
v -0.70206 0.106351 -4.08221 0 0 0
vn -0.505083 -0.808907 -0.300933
v -0.717754 0.121947 -4.08692 0 0 0
vn -0.598537 -0.748984 -0.284211
v -0.622108 0.0901278 -4.08115 0 0 0
vn -0.418893 -0.882029 -0.215761
v -0.525918 0.0580473 -4.07906 0 0 0
vn -0.294233 -0.833514 -0.467634
v -0.509461 0.0579813 -4.08873 0 0 0
vn -0.148956 -0.917053 -0.3699
v -0.494138 0.0581336 -4.09233 0 0 0
vn -0.0146616 -0.929647 -0.36816
v -0.478615 0.0581059 -4.08956 0 0 0
vn 0.122949 -0.910054 -0.395835
v -0.462336 0.0579925 -4.08195 0 0 0
vn 0.210666 -0.884125 -0.417063
v -0.718146 0.10412 -4.06156 0 0 0
vn -0.375444 -0.811533 -0.447724
v -0.397516 0.0605042 -4.06207 0 0 0
vn 0.014068 -0.988024 -0.153656
v -0.721077 0.106055 -4.06151 0 0 0
vn -0.454689 -0.717668 -0.527457
v -0.382753 0.0596999 -4.06112 0 0 0
vn -0.0575262 -0.978966 -0.195744
v -0.366171 0.0584661 -4.06157 0 0 0
vn -0.0897245 -0.982948 -0.160508
v -0.702526 0.0975109 -4.06158 0 0 0
vn -0.284416 -0.864084 -0.41529
v -0.350053 0.0537361 -4.062 0 0 0
vn -0.298245 -0.946297 -0.124784
v -0.364063 0.058088 -4.06161 0 0 0
vn -0.281599 -0.951441 -0.12435
v -0.333785 0.0486743 -4.06258 0 0 0
vn -0.295482 -0.944792 -0.141629
v -0.31817 0.0431677 -4.06131 0 0 0
vn -0.316923 -0.930237 -0.184984
v -0.314914 0.0421141 -4.06193 0 0 0
vn -0.298816 -0.935728 -0.187409
v -0.686245 0.0949939 -4.06192 0 0 0
vn -0.174602 -0.903857 -0.390584
v -0.653951 0.0891602 -4.06165 0 0 0
vn -0.0759923 -0.964615 -0.252476
v -0.667143 0.0900942 -4.06163 0 0 0
vn -0.0763019 -0.934287 -0.348261
v -0.670093 0.0903943 -4.06165 0 0 0
vn -0.227147 -0.881194 -0.41461
v -0.637947 0.087796 -4.06163 0 0 0
vn -0.0922557 -0.960746 -0.261641
v -0.622691 0.0861757 -4.06171 0 0 0
vn -0.137069 -0.965895 -0.219678
v -0.60627 0.0838111 -4.06204 0 0 0
vn -0.26495 -0.956212 -0.124336
v -0.59034 0.0779496 -4.06109 0 0 0
vn -0.34443 -0.923507 -0.168829
v -0.573906 0.0709356 -4.06208 0 0 0
vn -0.425361 -0.866697 -0.260584
v -0.26996 0.0260988 -4.06172 0 0 0
vn -0.639708 -0.762892 -0.0936499
v -0.58058 0.0740298 -4.06175 0 0 0
vn -0.36337 -0.912751 -0.186673
v -0.270097 0.026215 -4.06168 0 0 0
vn -0.441354 -0.887602 -0.131792
v -0.558134 0.0620031 -4.06124 0 0 0
vn -0.442874 -0.85395 -0.273191
v -0.541645 0.05485 -4.06134 0 0 0
vn -0.327238 -0.910541 -0.252647
v -0.550139 0.0582159 -4.0619 0 0 0
vn -0.387102 -0.882213 -0.268053
v -0.525647 0.0495787 -4.06228 0 0 0
vn -0.247594 -0.887145 -0.389449
v -0.733785 0.115888 -4.06216 0 0 0
vn -0.450984 -0.692243 -0.563395
v -0.509839 0.0452717 -4.06144 0 0 0
vn -0.0979009 -0.891819 -0.441672
v -0.494315 0.0449835 -4.06156 0 0 0
vn -0.01212 -0.91896 -0.394165
v -0.477867 0.0457356 -4.06186 0 0 0
vn 0.11241 -0.912015 -0.394451
v -0.461627 0.0486922 -4.06115 0 0 0
vn 0.20807 -0.891582 -0.402229
v -0.445625 0.0532097 -4.06217 0 0 0
vn 0.198364 -0.893869 -0.402057
v -0.42972 0.056161 -4.06127 0 0 0
vn 0.193513 -0.914641 -0.354943
v -0.421921 0.0581328 -4.06185 0 0 0
vn 0.154508 -0.966245 -0.20615
v -0.413515 0.0592666 -4.06145 0 0 0
vn 0.0569364 -0.98144 -0.183121
v -0.302344 0.0381231 -4.06147 0 0 0
vn -0.274154 -0.943625 -0.185501
v -0.286155 0.0339952 -4.06271 0 0 0
vn -0.322005 -0.931729 -0.16791
v -0.717988 0.106001 -4.06367 0 0 0
vn -0.465579 -0.70981 -0.528589
v -0.654198 0.090123 -4.06393 0 0 0
vn -0.0782901 -0.867961 -0.490422
v -0.638064 0.0902379 -4.06775 0 0 0
vn -0.184126 -0.894436 -0.407531
v -0.733975 0.122299 -4.07189 0 0 0
vn -0.300892 -0.817662 -0.490808
v -0.574025 0.0740731 -4.07668 0 0 0
vn -0.315736 -0.935352 -0.159462
v -0.542274 0.0580213 -4.06954 0 0 0
vn -0.307558 -0.866238 -0.39375
v -0.446072 0.0582146 -4.0727 0 0 0
vn 0.167347 -0.881169 -0.442195
v -0.430078 0.058086 -4.06808 0 0 0
vn 0.114146 -0.938848 -0.324861
v -0.716949 0.0964124 -4.04717 0 0 0
vn -0.366921 -0.832674 -0.414756
v -0.701957 0.089956 -4.04571 0 0 0
vn -0.0801751 -0.946069 -0.313886
v -0.702322 0.09003 -4.04567 0 0 0
vn -0.331826 -0.858426 -0.391146
v -0.686178 0.0886644 -4.04579 0 0 0
vn -0.0897889 -0.946041 -0.311358
v -0.670476 0.0872448 -4.04656 0 0 0
vn -0.105487 -0.971226 -0.213526
v -0.654355 0.0855491 -4.04594 0 0 0
vn -0.0796416 -0.972627 -0.218298
v -0.590135 0.0729559 -4.04557 0 0 0
vn -0.37971 -0.834529 -0.399226
v -0.593001 0.0742153 -4.04596 0 0 0
vn -0.322021 -0.903405 -0.283127
v -0.637905 0.0843811 -4.0463 0 0 0
vn -0.0907558 -0.971692 -0.218125
v -0.621437 0.0825184 -4.04576 0 0 0
vn -0.154114 -0.959983 -0.233841
v -0.605679 0.0790589 -4.0464 0 0 0
vn -0.28789 -0.917679 -0.273832
v -0.55801 0.0580573 -4.0457 0 0 0
vn -0.38812 -0.906245 -0.167579
v -0.558067 0.0580828 -4.0457 0 0 0
vn -0.427957 -0.88645 -0.176236
v -0.573828 0.0659251 -4.04687 0 0 0
vn -0.429429 -0.862314 -0.268339
v -0.542763 0.0516855 -4.04655 0 0 0
vn -0.358732 -0.909198 -0.211353
v -0.52768 0.0463029 -4.04702 0 0 0
vn -0.324853 -0.917194 -0.230708
v -0.477985 0.0406415 -4.04643 0 0 0
vn 0.060845 -0.955377 -0.289055
v -0.462049 0.0419562 -4.0457 0 0 0
vn 0.0935042 -0.951449 -0.293261
v -0.461362 0.0420881 -4.04572 0 0 0
vn 0.211492 -0.897265 -0.38754
v -0.447188 0.0463359 -4.04776 0 0 0
vn 0.209081 -0.893288 -0.397896
v -0.732904 0.106375 -4.05171 0 0 0
vn -0.430986 -0.754047 -0.495645
v -0.398248 0.0584141 -4.0547 0 0 0
vn 0.0126345 -0.960674 -0.27739
v -0.70199 0.0901097 -4.04612 0 0 0
vn -0.199404 -0.892882 -0.403732
v -0.381166 0.0582997 -4.05676 0 0 0
vn -0.0593798 -0.95933 -0.275971
v -0.685763 0.0899533 -4.04983 0 0 0
vn -0.148433 -0.937812 -0.313809
v -0.365854 0.0581255 -4.06012 0 0 0
vn -0.0723929 -0.974422 -0.212747
v -0.669839 0.0899995 -4.06061 0 0 0
vn -0.123061 -0.970846 -0.205702
v -0.589752 0.0737767 -4.04765 0 0 0
vn -0.385718 -0.876679 -0.287498
v -0.317821 0.0421889 -4.05716 0 0 0
vn -0.306214 -0.934805 -0.179922
v -0.558008 0.0580808 -4.04584 0 0 0
vn -0.410571 -0.887081 -0.210997
v -0.493462 0.0420242 -4.05254 0 0 0
vn 0.0097587 -0.951558 -0.307316
v -0.270036 0.0261018 -4.06149 0 0 0
vn -0.660583 -0.718687 -0.217071
v -0.478102 0.0420262 -4.05104 0 0 0
vn 0.0599092 -0.947787 -0.313227
v -0.462051 0.0420708 -4.046 0 0 0
vn 0.15032 -0.919721 -0.362652
v -0.414485 0.058215 -4.05813 0 0 0
vn 0.094666 -0.956568 -0.27571
f 2//2 8//8 1//1
f 1//1 8//8 5//5
f 2//2 1//1 18//18
f 3//3 4//4 12//12
f 12//12 11//11 3//3
f 13//13 12//12 18//18
f 12//12 2//2 18//18
f 12//12 4//4 2//2
f 18//18 1//1 5//5
f 14//14 5//5 6//6
f 14//14 18//18 5//5
f 14//14 13//13 18//18
f 6//6 7//7 15//15
f 15//15 14//14 6//6
f 22//22 9//9 21//21
f 10//10 9//9 22//22
f 21//21 11//11 23//23
f 9//9 11//11 21//21
f 25//25 38//38 24//24
f 26//26 24//24 38//38
f 25//25 19//19 38//38
f 11//11 12//12 28//28
f 28//28 23//23 11//11
f 12//12 13//13 29//29
f 29//29 28//28 12//12
f 13//13 14//14 30//30
f 30//30 29//29 13//13
f 14//14 15//15 31//31
f 31//31 30//30 14//14
f 33//33 39//39 32//32
f 15//15 16//16 34//34
f 34//34 31//31 15//15
f 33//33 16//16 39//39
f 16//16 17//17 39//39
f 33//33 34//34 16//16
f 35//35 32//32 39//39
f 41//41 19//19 40//40
f 20//20 19//19 41//41
f 22//22 21//21 42//42
f 42//42 43//43 22//22
f 42//42 23//23 44//44
f 21//21 23//23 42//42
f 46//46 24//24 45//45
f 25//25 24//24 46//46
f 24//24 26//26 47//47
f 47//47 45//45 24//24
f 19//19 25//25 46//46
f 46//46 40//40 19//19
f 26//26 22//22 43//43
f 43//43 47//47 26//26
f 48//48 27//27 50//50
f 27//27 20//20 41//41
f 41//41 50//50 27//27
f 44//44 28//28 51//51
f 23//23 28//28 44//44
f 51//51 29//29 52//52
f 28//28 29//29 51//51
f 29//29 30//30 53//53
f 53//53 52//52 29//29
f 53//53 31//31 54//54
f 30//30 31//31 53//53
f 56//56 61//61 55//55
f 57//57 33//33 32//32
f 57//57 61//61 33//33
f 57//57 55//55 61//61
f 56//56 54//54 61//61
f 54//54 31//31 61//61
f 31//31 34//34 61//61
f 34//34 33//33 61//61
f 32//32 35//35 58//58
f 58//58 57//57 32//32
f 35//35 36//36 59//59
f 59//59 58//58 35//35
f 59//59 37//37 60//60
f 36//36 37//37 59//59
f 63//63 86//86 62//62
f 64//64 62//62 40//40
f 62//62 86//86 40//40
f 86//86 41//41 40//40
f 66//66 42//42 65//65
f 43//43 42//42 66//66
f 42//42 44//44 67//67
f 67//67 65//65 42//42
f 69//69 45//45 68//68
f 46//46 45//45 69//69
f 45//45 47//47 70//70
f 70//70 68//68 45//45
f 40//40 46//46 69//69
f 69//69 64//64 40//40
f 47//47 43//43 66//66
f 66//66 70//70 47//47
f 73//73 87//87 72//72
f 74//74 87//87 48//48
f 87//87 49//49 48//48
f 74//74 72//72 87//87
f 63//63 48//48 86//86
f 48//48 50//50 86//86
f 63//63 74//74 48//48
f 50//50 41//41 86//86
f 67//67 51//51 75//75
f 44//44 51//51 67//67
f 75//75 52//52 76//76
f 51//51 52//52 75//75
f 78//78 88//88 77//77
f 76//76 53//53 79//79
f 52//52 53//53 76//76
f 78//78 53//53 88//88
f 53//53 54//54 88//88
f 78//78 79//79 53//53
f 80//80 77//77 55//55
f 77//77 88//88 55//55
f 88//88 56//56 55//55
f 55//55 57//57 81//81
f 81//81 80//80 55//55
f 54//54 56//56 88//88
f 57//57 58//58 82//82
f 82//82 81//81 57//57
f 58//58 59//59 83//83
f 83//83 82//82 58//58
f 83//83 60//60 84//84
f 59//59 60//60 83//83
f 94//94 114//114 93//93
f 96//96 115//115 95//95
f 97//97 63//63 62//62
f 97//97 114//114 63//63
f 97//97 93//93 114//114
f 96//96 97//97 115//115
f 97//97 62//62 115//115
f 62//62 64//64 115//115
f 99//99 116//116 98//98
f 100//100 66//66 65//65
f 100//100 116//116 66//66
f 100//100 98//98 116//116
f 65//65 67//67 101//101
f 101//101 100//100 65//65
f 102//102 115//115 68//68
f 115//115 69//69 68//68
f 102//102 95//95 115//115
f 99//99 102//102 116//116
f 102//102 70//70 116//116
f 102//102 68//68 70//70
f 64//64 69//69 115//115
f 70//70 66//66 116//116
f 105//105 73//73 72//72
f 105//105 117//117 73//73
f 105//105 104//104 117//117
f 94//94 74//74 114//114
f 94//94 105//105 74//74
f 105//105 72//72 74//74
f 71//71 73//73 117//117
f 74//74 63//63 114//114
f 67//67 75//75 106//106
f 106//106 101//101 67//67
f 106//106 76//76 107//107
f 75//75 76//76 106//106
f 109//109 77//77 108//108
f 78//78 77//77 109//109
f 107//107 79//79 110//110
f 76//76 79//79 107//107
f 79//79 78//78 109//109
f 109//109 110//110 79//79
f 108//108 80//80 111//111
f 77//77 80//80 108//108
f 111//111 81//81 112//112
f 80//80 81//81 111//111
f 81//81 82//82 113//113
f 113//113 112//112 81//81
f 82//82 83//83 89//89
f 89//89 113//113 82//82
f 124//124 147//147 125//125
f 127//127 148//148 126//126
f 126//126 149//149 128//128
f 148//148 149//149 126//126
f 129//129 94//94 93//93
f 129//129 149//149 94//94
f 129//129 128//128 149//149
f 131//131 150//150 130//130
f 132//132 96//96 95//95
f 132//132 150//150 96//96
f 132//132 130//130 150//150
f 131//131 97//97 150//150
f 131//131 129//129 97//97
f 129//129 93//93 97//97
f 97//97 96//96 150//150
f 134//134 98//98 133//133
f 99//99 98//98 134//134
f 98//98 100//100 135//135
f 135//135 133//133 98//98
f 100//100 101//101 136//136
f 136//136 135//135 100//100
f 95//95 102//102 137//137
f 137//137 132//132 95//95
f 102//102 99//99 134//134
f 134//134 137//137 102//102
f 127//127 104//104 148//148
f 127//127 138//138 104//104
f 138//138 103//103 104//104
f 148//148 104//104 105//105
f 105//105 149//149 148//148
f 105//105 94//94 149//149
f 101//101 106//106 139//139
f 139//139 136//136 101//101
f 139//139 107//107 140//140
f 106//106 107//107 139//139
f 142//142 151//151 141//141
f 143//143 151//151 108//108
f 151//151 109//109 108//108
f 143//143 141//141 151//151
f 142//142 107//107 151//151
f 107//107 110//110 151//151
f 142//142 140//140 107//107
f 110//110 109//109 151//151
f 108//108 111//111 144//144
f 144//144 143//143 108//108
f 111//111 112//112 145//145
f 145//145 144//144 111//111
f 145//145 113//113 146//146
f 112//112 113//113 145//145
f 146//146 89//89 118//118
f 113//113 89//89 146//146
f 153//153 183//183 155//155
f 182//182 183//183 153//153
f 121//121 183//183 182//182
f 155//155 184//184 157//157
f 183//183 184//184 155//155
f 157//157 184//184 159//159
f 183//183 121//121 123//123
f 123//123 184//184 183//183
f 160//160 159//159 124//124
f 159//159 123//123 124//124
f 159//159 184//184 123//123
f 162//162 125//125 185//185
f 162//162 160//160 125//125
f 160//160 124//124 125//125
f 163//163 127//127 126//126
f 163//163 185//185 127//127
f 163//163 162//162 185//185
f 165//165 186//186 164//164
f 126//126 128//128 166//166
f 166//166 163//163 126//126
f 165//165 128//128 186//186
f 128//128 129//129 186//186
f 165//165 166//166 128//128
f 167//167 131//131 130//130
f 167//167 186//186 131//131
f 167//167 164//164 186//186
f 130//130 132//132 168//168
f 168//168 167//167 130//130
f 129//129 131//131 186//186
f 170//170 187//187 169//169
f 171//171 187//187 133//133
f 187//187 134//134 133//133
f 171//171 169//169 187//187
f 171//171 135//135 172//172
f 133//133 135//135 171//171
f 172//172 136//136 173//173
f 135//135 136//136 172//172
f 170//170 132//132 187//187
f 132//132 137//137 187//187
f 170//170 168//168 132//132
f 137//137 134//134 187//187
f 185//185 125//125 138//138
f 138//138 127//127 185//185
f 175//175 188//188 174//174
f 173//173 139//139 176//176
f 136//136 139//139 173//173
f 175//175 139//139 188//188
f 139//139 140//140 188//188
f 175//175 176//176 139//139
f 177//177 142//142 141//141
f 177//177 188//188 142//142
f 177//177 174//174 188//188
f 177//177 143//143 178//178
f 141//141 143//143 177//177
f 140//140 142//142 188//188
f 143//143 144//144 179//179
f 179//179 178//178 143//143
f 144//144 145//145 180//180
f 180//180 179//179 144//144
f 180//180 146//146 181//181
f 145//145 146//146 180//180
f 181//181 118//118 152//152
f 146//146 118//118 181//181
f 194//194 155//155 196//196
f 153//153 155//155 194//194
f 196//196 157//157 197//197
f 155//155 157//157 196//196
f 198//198 197//197 223//223
f 197//197 159//159 223//223
f 197//197 157//157 159//159
f 223//223 159//159 160//160
f 223//223 224//224 199//199
f 199//199 198//198 223//223
f 224//224 226//226 200//200
f 200//200 199//199 224//224
f 224//224 160//160 162//162
f 223//223 160//160 224//224
f 224//224 162//162 163//163
f 163//163 226//226 224//224
f 202//202 228//228 201//201
f 200//200 229//229 203//203
f 226//226 229//229 200//200
f 204//204 165//165 164//164
f 204//204 229//229 165//165
f 204//204 203//203 229//229
f 226//226 163//163 166//166
f 166//166 229//229 226//226
f 166//166 165//165 229//229
f 164//164 167//167 205//205
f 205//205 204//204 164//164
f 202//202 167//167 228//228
f 167//167 168//168 228//228
f 202//202 205//205 167//167
f 206//206 170//170 169//169
f 206//206 228//228 170//170
f 206//206 201//201 228//228
f 169//169 171//171 207//207
f 207//207 206//206 169//169
f 207//207 172//172 208//208
f 171//171 172//172 207//207
f 208//208 173//173 209//209
f 172//172 173//173 208//208
f 168//168 170//170 228//228
f 211//211 230//230 210//210
f 210//210 231//231 212//212
f 230//230 231//231 210//210
f 212//212 225//225 213//213
f 231//231 225//225 212//212
f 215//215 232//232 214//214
f 216//216 175//175 174//174
f 216//216 232//232 175//175
f 216//216 214//214 232//232
f 215//215 173//173 232//232
f 173//173 176//176 232//232
f 215//215 209//209 173//173
f 176//176 175//175 232//232
f 174//174 177//177 217//217
f 217//217 216//216 174//174
f 177//177 178//178 218//218
f 218//218 217//217 177//177
f 218//218 179//179 219//219
f 178//178 179//179 218//218
f 211//211 180//180 230//230
f 211//211 179//179 180//180
f 211//211 219//219 179//179
f 230//230 180//180 181//181
f 181//181 231//231 230//230
f 231//231 181//181 152//152
f 152//152 225//225 231//231
f 225//225 227//227 220//220
f 220//220 213//213 225//225
f 227//227 221//221 190//190
f 190//190 220//220 227//227
f 235//235 189//189 233//233
f 191//191 189//189 235//235
f 189//189 194//194 238//238
f 238//238 233//233 189//189
f 238//238 196//196 240//240
f 194//194 196//196 238//238
f 196//196 197//197 242//242
f 242//242 240//240 196//196
f 197//197 198//198 243//243
f 243//243 242//242 197//197
f 198//198 199//199 244//244
f 244//244 243//243 198//198
f 244//244 200//200 245//245
f 199//199 200//200 244//244
f 247//247 268//268 246//246
f 248//248 202//202 201//201
f 248//248 268//268 202//202
f 248//248 246//246 268//268
f 245//245 203//203 249//249
f 200//200 203//203 245//245
f 203//203 204//204 250//250
f 250//250 249//249 203//203
f 247//247 250//250 268//268
f 250//250 205//205 268//268
f 250//250 204//204 205//205
f 205//205 202//202 268//268
f 201//201 206//206 251//251
f 251//251 248//248 201//201
f 251//251 207//207 252//252
f 206//206 207//207 251//251
f 252//252 208//208 253//253
f 207//207 208//208 252//252
f 253//253 209//209 254//254
f 208//208 209//209 253//253
f 256//256 210//210 255//255
f 211//211 210//210 256//256
f 255//255 212//212 257//257
f 210//210 212//212 255//255
f 257//257 213//213 258//258
f 212//212 213//213 257//257
f 260//260 214//214 259//259
f 215//215 214//214 260//260
f 214//214 216//216 261//261
f 261//261 259//259 214//214
f 209//209 215//215 260//260
f 260//260 254//254 209//209
f 216//216 217//217 262//262
f 262//262 261//261 216//216
f 217//217 218//218 263//263
f 263//263 262//262 217//217
f 263//263 219//219 264//264
f 218//218 219//219 263//263
f 219//219 211//211 256//256
f 256//256 264//264 219//219
f 258//258 220//220 265//265
f 213//213 220//220 258//258
f 220//220 190//190 234//234
f 234//234 265//265 220//220
f 235//235 233//233 270//270
f 270//270 272//272 235//235
f 274//274 235//235 272//272
f 233//233 238//238 276//276
f 276//276 270//270 233//233
f 238//238 240//240 278//278
f 278//278 276//276 238//238
f 278//278 242//242 279//279
f 240//240 242//242 278//278
f 242//242 243//243 280//280
f 280//280 279//279 242//242
f 243//243 244//244 281//281
f 281//281 280//280 243//243
f 281//281 245//245 282//282
f 244//244 245//245 281//281
f 284//284 246//246 283//283
f 247//247 246//246 284//284
f 246//246 248//248 285//285
f 285//285 283//283 246//246
f 245//245 249//249 286//286
f 286//286 282//282 245//245
f 286//286 250//250 287//287
f 249//249 250//250 286//286
f 250//250 247//247 284//284
f 284//284 287//287 250//250
f 285//285 251//251 288//288
f 248//248 251//251 285//285
f 288//288 252//252 289//289
f 251//251 252//252 288//288
f 291//291 304//304 290//290
f 252//252 253//253 292//292
f 292//292 289//289 252//252
f 291//291 253//253 304//304
f 253//253 254//254 304//304
f 291//291 292//292 253//253
f 294//294 305//305 293//293
f 295//295 305//305 255//255
f 305//305 256//256 255//255
f 295//295 293//293 305//305
f 295//295 257//257 296//296
f 255//255 257//257 295//295
f 257//257 258//258 297//297
f 297//297 296//296 257//257
f 298//298 290//290 259//259
f 290//290 304//304 259//259
f 304//304 260//260 259//259
f 259//259 261//261 299//299
f 299//299 298//298 259//259
f 254//254 260//260 304//304
f 299//299 262//262 300//300
f 261//261 262//262 299//299
f 262//262 263//263 301//301
f 301//301 300//300 262//262
f 294//294 263//263 305//305
f 263//263 264//264 305//305
f 294//294 301//301 263//263
f 264//264 256//256 305//305
f 297//297 265//265 302//302
f 258//258 265//265 297//297
f 302//302 234//234 269//269
f 265//265 234//234 302//302
f 272//272 270//270 343//343
f 310//310 306//306 343//343
f 306//306 274//274 343//343
f 274//274 272//272 343//343
f 343//343 276//276 345//345
f 270//270 276//276 343//343
f 312//312 313//313 278//278
f 313//313 345//345 278//278
f 345//345 276//276 278//278
f 310//310 345//345 315//315
f 343//343 345//345 310//310
f 315//315 345//345 313//313
f 278//278 279//279 318//318
f 318//318 312//312 278//278
f 279//279 280//280 320//320
f 320//320 318//318 279//279
f 320//320 281//281 321//321
f 280//280 281//281 320//320
f 281//281 282//282 323//323
f 323//323 321//321 281//281
f 326//326 347//347 325//325
f 327//327 284//284 283//283
f 327//327 347//347 284//284
f 327//327 325//325 347//347
f 327//327 285//285 328//328
f 283//283 285//285 327//327
f 323//323 286//286 329//329
f 282//282 286//286 323//323
f 326//326 329//329 347//347
f 329//329 286//286 347//347
f 286//286 287//287 347//347
f 287//287 284//284 347//347
f 328//328 288//288 330//330
f 285//285 288//288 328//328
f 288//288 289//289 331//331
f 331//331 330//330 288//288
f 291//291 290//290 332//332
f 332//332 333//333 291//291
f 289//289 292//292 334//334
f 334//334 331//331 289//289
f 334//334 291//291 333//333
f 292//292 291//291 334//334
f 336//336 344//344 335//335
f 337//337 294//294 293//293
f 337//337 344//344 294//294
f 337//337 335//335 344//344
f 293//293 295//295 338//338
f 338//338 337//337 293//293
f 295//295 296//296 339//339
f 339//339 338//338 295//295
f 339//339 297//297 307//307
f 296//296 297//297 339//339
f 332//332 298//298 340//340
f 290//290 298//298 332//332
f 340//340 299//299 341//341
f 298//298 299//299 340//340
f 341//341 300//300 342//342
f 299//299 300//300 341//341
f 336//336 301//301 344//344
f 336//336 342//342 301//301
f 342//342 300//300 301//301
f 308//308 306//306 387//387
f 353//353 387//387 310//310
f 387//387 306//306 310//310
f 353//353 355//355 387//387
f 313//313 312//312 389//389
f 353//353 315//315 357//357
f 310//310 315//315 353//353
f 359//359 357//357 389//389
f 357//357 313//313 389//389
f 357//357 315//315 313//313
f 361//361 363//363 318//318
f 363//363 312//312 318//318
f 363//363 389//389 312//312
f 361//361 320//320 365//365
f 318//318 320//320 361//361
f 359//359 389//389 363//363
f 365//365 321//321 367//367
f 320//320 321//321 365//365
f 367//367 323//323 368//368
f 321//321 323//323 367//367
f 372//372 325//325 370//370
f 326//326 325//325 372//372
f 325//325 327//327 373//373
f 373//373 370//370 325//325
f 373//373 328//328 374//374
f 327//327 328//328 373//373
f 368//368 329//329 375//375
f 323//323 329//329 368//368
f 329//329 326//326 372//372
f 372//372 375//375 329//329
f 328//328 330//330 348//348
f 348//348 374//374 328//328
f 350//350 349//349 331//331
f 349//349 330//330 331//331
f 349//349 348//348 330//330
f 333//333 332//332 376//376
f 376//376 377//377 333//333
f 352//352 351//351 334//334
f 351//351 331//331 334//334
f 351//351 350//350 331//331
f 352//352 333//333 377//377
f 334//334 333//333 352//352
f 378//378 387//387 355//355
f 380//380 335//335 379//379
f 336//336 335//335 380//380
f 335//335 337//337 381//381
f 381//381 379//379 335//335
f 337//337 338//338 382//382
f 382//382 381//381 337//337
f 338//338 339//339 383//383
f 383//383 382//382 338//338
f 383//383 307//307 360//360
f 339//339 307//307 383//383
f 376//376 340//340 384//384
f 332//332 340//340 376//376
f 384//384 341//341 385//385
f 340//340 341//341 384//384
f 385//385 342//342 386//386
f 341//341 342//342 385//385
f 342//342 336//336 380//380
f 380//380 386//386 342//342
f 348//348 349//349 394//394
f 394//394 393//393 348//348
f 349//349 350//350 395//395
f 395//395 394//394 349//349
f 396//396 350//350 400//400
f 350//350 351//351 400//400
f 396//396 395//395 350//350
f 397//397 398//398 352//352
f 398//398 400//400 352//352
f 400//400 351//351 352//352
f 396//396 400//400 399//399
f 399//399 400//400 398//398
f 401//401 394//394 402//402
f 393//393 394//394 401//401
f 402//402 395//395 403//403
f 394//394 395//395 402//402
f 405//405 409//409 404//404
f 406//406 403//403 410//410
f 403//403 396//396 410//410
f 403//403 395//395 396//396
f 405//405 406//406 409//409
f 406//406 398//398 409//409
f 398//398 397//397 409//409
f 406//406 410//410 398//398
f 410//410 396//396 399//399
f 399//399 398//398 410//410
f 355//355 353//353 417//417
f 417//417 418//418 355//355
f 417//417 357//357 421//421
f 353//353 357//357 417//417
f 357//357 359//359 423//423
f 423//423 421//421 357//357
f 363//363 361//361 446//446
f 425//425 426//426 365//365
f 426//426 446//446 365//365
f 446//446 361//361 365//365
f 427//427 423//423 446//446
f 423//423 363//363 446//446
f 423//423 359//359 363//363
f 427//427 446//446 426//426
f 425//425 367//367 430//430
f 365//365 367//367 425//425
f 430//430 368//368 432//432
f 367//367 368//368 430//430
f 436//436 447//447 434//434
f 438//438 372//372 370//370
f 438//438 447//447 372//372
f 438//438 434//434 447//447
f 370//370 373//373 439//439
f 439//439 438//438 370//370
f 373//373 374//374 407//407
f 407//407 439//439 373//373
f 436//436 432//432 447//447
f 432//432 368//368 447//447
f 368//368 375//375 447//447
f 375//375 372//372 447//447
f 401//401 408//408 393//393
f 408//408 374//374 393//393
f 374//374 348//348 393//393
f 408//408 407//407 374//374
f 419//419 377//377 376//376
f 419//419 409//409 377//377
f 419//419 404//404 409//409
f 352//352 377//377 409//409
f 409//409 397//397 352//352
f 441//441 355//355 418//418
f 378//378 355//355 441//441
f 424//424 445//445 443//443
f 411//411 380//380 379//379
f 411//411 445//445 380//380
f 411//411 443//443 445//445
f 407//407 408//408 451//451
f 451//451 450//450 407//407
f 408//408 401//401 452//452
f 452//452 451//451 408//408
f 401//401 402//402 453//453
f 453//453 452//452 401//401
f 402//402 403//403 454//454
f 454//454 453//453 402//402
f 456//456 404//404 455//455
f 405//405 404//404 456//456
f 454//454 406//406 457//457
f 403//403 406//406 454//454
f 406//406 405//405 456//456
f 456//456 457//457 406//406
f 450//450 451//451 459//459
f 459//459 458//458 450//450
f 451//451 452//452 460//460
f 460//460 459//459 451//451
f 460//460 453//453 461//461
f 452//452 453//453 460//460
f 461//461 454//454 462//462
f 453//453 454//454 461//461
f 464//464 466//466 463//463
f 465//465 463//463 455//455
f 463//463 466//466 455//455
f 466//466 456//456 455//455
f 464//464 454//454 466//466
f 454//454 457//457 466//466
f 464//464 462//462 454//454
f 457//457 456//456 466//466
f 418//418 417//417 503//503
f 473//473 503//503 421//421
f 503//503 417//417 421//421
f 473//473 474//474 503//503
f 473//473 423//423 476//476
f 421//421 423//423 473//473
f 426//426 425//425 505//505
f 423//423 427//427 478//478
f 478//478 476//476 423//423
f 480//480 478//478 505//505
f 478//478 426//426 505//505
f 478//478 427//427 426//426
f 482//482 505//505 430//430
f 505//505 425//425 430//430
f 482//482 483//483 505//505
f 482//482 432//432 484//484
f 430//430 432//432 482//482
f 480//480 505//505 483//483
f 489//489 434//434 487//487
f 436//436 434//434 489//489
f 434//434 438//438 491//491
f 491//491 487//487 434//434
f 438//438 439//439 493//493
f 493//493 491//491 438//438
f 458//458 493//493 450//450
f 493//493 439//439 450//450
f 439//439 407//407 450//450
f 432//432 436//436 489//489
f 489//489 484//484 432//432
f 477//477 455//455 419//419
f 455//455 404//404 419//419
f 477//477 465//465 455//455
f 442//442 441//441 496//496
f 496//496 497//497 442//442
f 499//499 496//496 503//503
f 496//496 418//418 503//503
f 496//496 441//441 418//418
f 470//470 442//442 497//497
f 499//499 503//503 474//474
f 481//481 506//506 501//501
f 502//502 424//424 443//443
f 502//502 506//506 424//424
f 502//502 501//501 506//506
f 443//443 411//411 467//467
f 467//467 502//502 443//443
f 509//509 514//514 508//508
f 510//510 459//459 511//511
f 458//458 459//459 510//510
f 511//511 460//460 512//512
f 459//459 460//460 511//511
f 512//512 461//461 513//513
f 460//460 461//461 512//512
f 509//509 461//461 514//514
f 461//461 462//462 514//514
f 509//509 513//513 461//461
f 516//516 521//521 515//515
f 517//517 509//509 508//508
f 517//517 521//521 509//509
f 517//517 515//515 521//521
f 510//510 511//511 519//519
f 519//519 518//518 510//510
f 519//519 512//512 520//520
f 511//511 512//512 519//519
f 516//516 512//512 521//521
f 512//512 513//513 521//521
f 516//516 520//520 512//512
f 513//513 509//509 521//521
f 474//474 473//473 565//565
f 531//531 473//473 476//476
f 531//531 565//565 473//473
f 531//531 533//533 565//565
f 531//531 478//478 535//535
f 476//476 478//478 531//531
f 478//478 480//480 537//537
f 537//537 535//535 478//478
f 483//483 482//482 538//538
f 538//538 539//539 483//483
f 538//538 484//484 542//542
f 482//482 484//484 538//538
f 537//537 483//483 539//539
f 480//480 483//483 537//537
f 545//545 562//562 522//522
f 489//489 487//487 547//547
f 547//547 548//548 489//489
f 547//547 491//491 550//550
f 487//487 491//491 547//547
f 491//491 493//493 552//552
f 552//552 550//550 491//491
f 518//518 552//552 510//510
f 552//552 493//493 510//510
f 493//493 458//458 510//510
f 542//542 489//489 548//548
f 484//484 489//489 542//542
f 555//555 463//463 465//465
f 555//555 508//508 463//463
f 508//508 514//514 463//463
f 514//514 464//464 463//463
f 555//555 517//517 508//508
f 545//545 477//477 562//562
f 545//545 555//555 477//477
f 555//555 465//465 477//477
f 462//462 464//464 514//514
f 497//497 496//496 557//557
f 557//557 558//558 497//497
f 496//496 499//499 559//559
f 559//559 557//557 496//496
f 528//528 497//497 558//558
f 470//470 497//497 528//528
f 560//560 559//559 565//565
f 559//559 474//474 565//565
f 559//559 499//499 474//474
f 560//560 565//565 533//533
f 574//574 620//620 572//572
f 575//575 526//526 577//577
f 574//574 528//528 620//620
f 574//574 526//526 528//528
f 574//574 577//577 526//526
f 533//533 531//531 580//580
f 580//580 582//582 533//533
f 580//580 535//535 584//584
f 531//531 535//535 580//580
f 584//584 537//537 585//585
f 535//535 537//537 584//584
f 539//539 538//538 588//588
f 588//588 589//589 539//539
f 588//588 542//542 591//591
f 538//538 542//542 588//588
f 585//585 539//539 589//589
f 537//537 539//539 585//585
f 594//594 522//522 568//568
f 545//545 522//522 594//594
f 598//598 547//547 596//596
f 548//548 547//547 598//598
f 596//596 550//550 599//599
f 547//547 550//550 596//596
f 599//599 552//552 601//601
f 550//550 552//552 599//599
f 601//601 518//518 603//603
f 552//552 518//518 601//601
f 542//542 548//548 598//598
f 598//598 591//591 542//542
f 607//607 623//623 605//605
f 609//609 515//515 517//517
f 609//609 605//605 515//515
f 605//605 623//623 515//515
f 623//623 516//516 515//515
f 607//607 519//519 623//623
f 519//519 520//520 623//623
f 607//607 518//518 519//519
f 607//607 603//603 518//518
f 520//520 516//516 623//623
f 517//517 555//555 612//612
f 612//612 609//609 517//517
f 555//555 545//545 594//594
f 594//594 612//612 555//555
f 614//614 558//558 557//557
f 614//614 620//620 558//558
f 614//614 572//572 620//620
f 557//557 559//559 617//617
f 617//617 614//614 557//557
f 528//528 558//558 620//620
f 559//559 560//560 618//618
f 618//618 617//617 559//559
f 618//618 533//533 582//582
f 560//560 533//533 618//618
f 626//626 681//681 627//627
f 681//681 682//682 630//630
f 630//630 627//627 681//681
f 574//574 572//572 637//637
f 637//637 643//643 574//574
f 575//575 577//577 646//646
f 646//646 642//642 575//575
f 646//646 574//574 643//643
f 577//577 574//574 646//646
f 641//641 580//580 649//649
f 582//582 580//580 641//641
f 649//649 584//584 651//651
f 580//580 584//584 649//649
f 651//651 585//585 652//652
f 584//584 585//585 651//651
f 657//657 588//588 655//655
f 589//589 588//588 657//657
f 655//655 591//591 658//658
f 588//588 591//591 655//655
f 585//585 589//589 657//657
f 657//657 652//652 585//585
f 636//636 568//568 644//644
f 594//594 568//568 636//636
f 663//663 596//596 661//661
f 598//598 596//596 663//663
f 661//661 599//599 665//665
f 596//596 599//599 661//661
f 669//669 690//690 667//667
f 690//690 684//684 628//628
f 628//628 667//667 690//690
f 669//669 601//601 690//690
f 669//669 665//665 601//601
f 665//665 599//599 601//601
f 690//690 601//601 603//603
f 603//603 684//684 690//690
f 591//591 598//598 663//663
f 663//663 658//658 591//591
f 698//698 755//755 697//697
f 697//697 757//757 700//700
f 755//755 757//757 697//697
f 757//757 759//759 702//702
f 702//702 700//700 757//757
f 702//702 756//756 703//703
f 759//759 756//756 702//702
f 707//707 760//760 706//706
f 708//708 626//626 627//627
f 708//708 703//703 626//626
f 703//703 756//756 626//626
f 707//707 630//630 760//760
f 707//707 627//627 630//630
f 707//707 708//708 627//627
f 760//760 761//761 710//710
f 710//710 706//706 760//760
f 710//710 761//761 633//633
f 760//760 630//630 635//635
f 635//635 761//761 760//760
f 635//635 633//633 761//761
f 720//720 766//766 722//722
f 723//723 722//722 642//642
f 722//722 766//766 642//642
f 643//643 637//637 758//758
f 642//642 646//646 725//725
f 725//725 723//723 642//642
f 714//714 725//725 758//758
f 725//725 643//643 758//758
f 725//725 646//646 643//643
f 717//717 649//649 729//729
f 641//641 649//649 717//717
f 733//733 767//767 732//732
f 649//649 651//651 735//735
f 735//735 729//729 649//649
f 733//733 735//735 767//767
f 735//735 651//651 767//767
f 651//651 652//652 767//767
f 737//737 657//657 655//655
f 737//737 767//767 657//657
f 737//737 732//732 767//767
f 655//655 658//658 739//739
f 739//739 737//737 655//655
f 652//652 657//657 767//767
f 705//705 644//644 718//718
f 636//636 644//644 705//705
f 744//744 661//661 742//742
f 663//663 661//661 744//744
f 742//742 665//665 746//746
f 661//661 665//665 742//742
f 750//750 667//667 749//749
f 669//669 667//667 750//750
f 667//667 628//628 696//696
f 696//696 749//749 667//667
f 665//665 669//669 750//750
f 750//750 746//746 665//665
f 658//658 663//663 744//744
f 744//744 739//739 658//658
f 771//771 825//825 768//768
f 768//768 826//826 774//774
f 825//825 826//826 768//768
f 774//774 827//827 777//777
f 826//826 827//827 774//774
f 781//781 777//777 697//697
f 777//777 698//698 697//697
f 777//777 827//827 698//698
f 697//697 700//700 784//784
f 784//784 781//781 697//697
f 789//789 830//830 787//787
f 787//787 832//832 791//791
f 830//830 832//832 787//787
f 789//789 700//700 830//830
f 700//700 702//702 830//830
f 789//789 784//784 700//700
f 830//830 702//702 703//703
f 703//703 832//832 830//830
f 794//794 833//833 792//792
f 792//792 835//835 796//796
f 833//833 835//835 792//792
f 791//791 836//836 798//798
f 832//832 836//836 791//791
f 799//799 798//798 706//706
f 798//798 707//707 706//706
f 798//798 836//836 707//707
f 832//832 703//703 708//708
f 708//708 836//836 832//832
f 708//708 707//707 836//836
f 794//794 706//706 833//833
f 706//706 710//710 833//833
f 794//794 799//799 706//706
f 833//833 710//710 712//712
f 712//712 835//835 833//833
f 796//796 835//835 715//715
f 712//712 715//715 835//835
f 814//814 813//813 841//841
f 813//813 722//722 841//841
f 813//813 720//720 722//722
f 841//841 722//722 723//723
f 814//814 842//842 817//817
f 841//841 842//842 814//814
f 842//842 838//838 810//810
f 810//810 817//817 842//842
f 842//842 723//723 725//725
f 841//841 723//723 842//842
f 842//842 725//725 714//714
f 714//714 838//838 842//842
f 848//848 768//768 846//846
f 771//771 768//768 848//848
f 846//846 774//774 852//852
f 768//768 774//774 846//846
f 852//852 777//777 854//854
f 774//774 777//777 852//852
f 862//862 903//903 859//859
f 859//859 904//904 864//864
f 903//903 904//904 859//859
f 862//862 777//777 903//903
f 777//777 781//781 903//903
f 862//862 854//854 777//777
f 903//903 781//781 784//784
f 784//784 904//904 903//903
f 866//866 864//864 787//787
f 864//864 789//789 787//787
f 864//864 904//904 789//789
f 866//866 791//791 868//868
f 787//787 791//791 866//866
f 784//784 789//789 904//904
f 871//871 907//907 869//869
f 869//869 908//908 873//873
f 907//907 908//908 869//869
f 877//877 909//909 875//875
f 879//879 873//873 792//792
f 873//873 794//794 792//792
f 873//873 908//908 794//794
f 877//877 796//796 909//909
f 877//877 879//879 796//796
f 879//879 792//792 796//796
f 871//871 798//798 907//907
f 871//871 791//791 798//798
f 871//871 868//868 791//791
f 907//907 798//798 799//799
f 799//799 908//908 907//907
f 799//799 794//794 908//908
f 909//909 910//910 882//882
f 882//882 875//875 909//909
f 884//884 882//882 804//804
f 882//882 910//910 804//804
f 909//909 796//796 806//806
f 806//806 910//910 909//909
f 806//806 804//804 910//910
f 892//892 814//814 894//894
f 813//813 814//814 892//892
f 814//814 817//817 896//896
f 896//896 894//894 814//814
f 817//817 810//810 887//887
f 887//887 896//896 817//817
f 914//914 980//980 913//913
f 918//918 913//913 846//846
f 913//913 980//980 846//846
f 980//980 848//848 846//846
f 923//923 984//984 921//921
f 846//846 852//852 926//926
f 926//926 918//918 846//846
f 923//923 852//852 984//984
f 852//852 854//854 984//984
f 923//923 926//926 852//852
f 933//933 988//988 931//931
f 931//931 989//989 936//936
f 988//988 989//989 931//931
f 938//938 921//921 859//859
f 921//921 862//862 859//859
f 921//921 984//984 862//862
f 938//938 864//864 939//939
f 859//859 864//864 938//938
f 854//854 862//862 984//984
f 933//933 866//866 988//988
f 933//933 864//864 866//866
f 933//933 939//939 864//864
f 988//988 866//866 868//868
f 868//868 989//989 988//988
f 942//942 871//871 869//869
f 942//942 936//936 871//871
f 936//936 989//989 871//871
f 869//869 873//873 944//944
f 944//944 942//942 869//869
f 948//948 992//992 947//947
f 949//949 877//877 875//875
f 949//949 992//992 877//877
f 949//949 947//947 992//992
f 948//948 879//879 992//992
f 948//948 944//944 879//879
f 944//944 873//873 879//879
f 879//879 877//877 992//992
f 868//868 871//871 989//989
f 954//954 994//994 952//952
f 994//994 995//995 956//956
f 956//956 952//952 994//994
f 949//949 882//882 962//962
f 875//875 882//882 949//949
f 954//954 884//884 994//994
f 954//954 882//882 884//884
f 954//954 962//962 882//882
f 966//966 997//997 964//964
f 964//964 997//997 967//967
f 966//966 889//889 997//997
f 972//972 967//967 892//892
f 967//967 889//889 892//892
f 967//967 997//997 889//889
f 892//892 894//894 974//974
f 974//974 972//972 892//892
f 894//894 896//896 977//977
f 977//977 974//974 894//894
f 977//977 887//887 965//965
f 896//896 887//887 977//977
f 1000//1000 1062//1062 998//998
f 1005//1005 914//914 913//913
f 1005//1005 1062//1062 914//914
f 1005//1005 998//998 1062//1062
f 913//913 918//918 1008//1008
f 1008//1008 1005//1005 913//913
f 1011//1011 1065//1065 1009//1009
f 1013//1013 1065//1065 921//921
f 1065//1065 923//923 921//921
f 1013//1013 1009//1009 1065//1065
f 1011//1011 918//918 1065//1065
f 918//918 926//926 1065//1065
f 1011//1011 1008//1008 918//918
f 926//926 923//923 1065//1065
f 1017//1017 1069//1069 1016//1016
f 1020//1020 933//933 931//931
f 1020//1020 1069//1069 933//933
f 1020//1020 1016//1016 1069//1069
f 1020//1020 936//936 1021//1021
f 931//931 936//936 1020//1020
f 1013//1013 938//938 1023//1023
f 921//921 938//938 1013//1013
f 1017//1017 938//938 1069//1069
f 938//938 939//939 1069//1069
f 1017//1017 1023//1023 938//938
f 939//939 933//933 1069//1069
f 1027//1027 1071//1071 1026//1026
f 1021//1021 942//942 1028//1028
f 936//936 942//942 1021//1021
f 1027//1027 944//944 1071//1071
f 1027//1027 1028//1028 944//944
f 1028//1028 942//942 944//944
f 1031//1031 948//948 947//947
f 1031//1031 1071//1071 948//948
f 1031//1031 1026//1026 1071//1071
f 1031//1031 949//949 1032//1032
f 947//947 949//949 1031//1031
f 944//944 948//948 1071//1071
f 1036//1036 1072//1072 1034//1034
f 1038//1038 954//954 952//952
f 1038//1038 1072//1072 954//954
f 1038//1038 1034//1034 1072//1072
f 1038//1038 956//956 1040//1040
f 952//952 956//956 1038//1038
f 1036//1036 1032//1032 1072//1072
f 1032//1032 949//949 1072//1072
f 949//949 962//962 1072//1072
f 962//962 954//954 1072//1072
f 1047//1047 964//964 1046//1046
f 966//966 964//964 1047//1047
f 1048//1048 1046//1046 1073//1073
f 1046//1046 967//967 1073//1073
f 1046//1046 964//964 967//967
f 1048//1048 1073//1073 1051//1051
f 1073//1073 967//967 972//972
f 1056//1056 1073//1073 974//974
f 1073//1073 972//972 974//974
f 1056//1056 1051//1051 1073//1073
f 1056//1056 977//977 1058//1058
f 974//974 977//977 1056//1056
f 977//977 965//965 1045//1045
f 1045//1045 1058//1058 977//977
f 1075//1075 1137//1137 1074//1074
f 1137//1137 1138//1138 1080//1080
f 1080//1080 1074//1074 1137//1137
f 1083//1083 1000//1000 998//998
f 1083//1083 1080//1080 1000//1000
f 1080//1080 1138//1138 1000//1000
f 1087//1087 1141//1141 1085//1085
f 998//998 1005//1005 1089//1089
f 1089//1089 1083//1083 998//998
f 1087//1087 1005//1005 1141//1141
f 1005//1005 1008//1008 1141//1141
f 1087//1087 1089//1089 1005//1005
f 1091//1091 1011//1011 1009//1009
f 1091//1091 1141//1141 1011//1011
f 1091//1091 1085//1085 1141//1141
f 1091//1091 1013//1013 1096//1096
f 1009//1009 1013//1013 1091//1091
f 1008//1008 1011//1011 1141//1141
f 1103//1103 1145//1145 1101//1101
f 1108//1108 1148//1148 1107//1107
f 1110//1110 1017//1017 1016//1016
f 1110//1110 1148//1148 1017//1017
f 1110//1110 1107//1107 1148//1148
f 1114//1114 1150//1150 1112//1112
f 1110//1110 1020//1020 1116//1116
f 1016//1016 1020//1020 1110//1110
f 1114//1114 1021//1021 1150//1150
f 1114//1114 1020//1020 1021//1021
f 1114//1114 1116//1116 1020//1020
f 1108//1108 1013//1013 1148//1148
f 1013//1013 1023//1023 1148//1148
f 1108//1108 1096//1096 1013//1013
f 1023//1023 1017//1017 1148//1148
f 1112//1112 1151//1151 1118//1118
f 1150//1150 1151//1151 1112//1112
f 1120//1120 1118//1118 1026//1026
f 1118//1118 1027//1027 1026//1026
f 1118//1118 1151//1151 1027//1027
f 1150//1150 1021//1021 1028//1028
f 1028//1028 1151//1151 1150//1150
f 1028//1028 1027//1027 1151//1151
f 1026//1026 1031//1031 1122//1122
f 1122//1122 1120//1120 1026//1026
f 1103//1103 1031//1031 1145//1145
f 1031//1031 1032//1032 1145//1145
f 1103//1103 1122//1122 1031//1031
f 1125//1125 1036//1036 1034//1034
f 1125//1125 1145//1145 1036//1036
f 1125//1125 1101//1101 1145//1145
f 1034//1034 1038//1038 1127//1127
f 1127//1127 1125//1125 1034//1034
f 1038//1038 1040//1040 1129//1129
f 1129//1129 1127//1127 1038//1038
f 1040//1040 1041//1041 1131//1131
f 1131//1131 1129//1129 1040//1040
f 1032//1032 1036//1036 1145//1145
f 1047//1047 1046//1046 1147//1147
f 1136//1136 1147//1147 1048//1048
f 1147//1147 1046//1046 1048//1048
f 1136//1136 1093//1093 1147//1147
f 1076//1076 1136//1136 1140//1140
f 1136//1136 1051//1051 1140//1140
f 1136//1136 1048//1048 1051//1051
f 1157//1157 1074//1074 1155//1155
f 1075//1075 1074//1074 1157//1157
f 1155//1155 1080//1080 1159//1159
f 1074//1074 1080//1080 1155//1155
f 1159//1159 1083//1083 1162//1162
f 1080//1080 1083//1083 1159//1159
f 1167//1167 1221//1221 1166//1166
f 1172//1172 1223//1223 1170//1170
f 1175//1175 1087//1087 1085//1085
f 1175//1175 1223//1223 1087//1087
f 1175//1175 1170//1170 1223//1223
f 1172//1172 1083//1083 1223//1223
f 1083//1083 1089//1089 1223//1223
f 1172//1172 1162//1162 1083//1083
f 1089//1089 1087//1087 1223//1223
f 1085//1085 1091//1091 1176//1176
f 1176//1176 1175//1175 1085//1085
f 1167//1167 1091//1091 1221//1221
f 1091//1091 1096//1096 1221//1221
f 1167//1167 1176//1176 1091//1091
f 1183//1183 1226//1226 1180//1180
f 1185//1185 1103//1103 1101//1101
f 1185//1185 1180//1180 1103//1103
f 1180//1180 1226//1226 1103//1103
f 1188//1188 1108//1108 1107//1107
f 1188//1188 1221//1221 1108//1108
f 1188//1188 1166//1166 1221//1221
f 1188//1188 1110//1110 1189//1189
f 1107//1107 1110//1110 1188//1188
f 1194//1194 1228//1228 1192//1192
f 1196//1196 1114//1114 1112//1112
f 1196//1196 1192//1192 1114//1114
f 1192//1192 1228//1228 1114//1114
f 1194//1194 1110//1110 1228//1228
f 1110//1110 1116//1116 1228//1228
f 1194//1194 1189//1189 1110//1110
f 1116//1116 1114//1114 1228//1228
f 1096//1096 1108//1108 1221//1221
f 1112//1112 1118//1118 1198//1198
f 1198//1198 1196//1196 1112//1112
f 1118//1118 1120//1120 1200//1200
f 1200//1200 1198//1198 1118//1118
f 1183//1183 1120//1120 1226//1226
f 1120//1120 1122//1122 1226//1226
f 1183//1183 1200//1200 1120//1120
f 1122//1122 1103//1103 1226//1226
f 1185//1185 1125//1125 1202//1202
f 1101//1101 1125//1125 1185//1185
f 1125//1125 1127//1127 1204//1204
f 1204//1204 1202//1202 1125//1125
f 1208//1208 1229//1229 1206//1206
f 1206//1206 1231//1231 1209//1209
f 1229//1229 1231//1231 1206//1206
f 1208//1208 1127//1127 1229//1229
f 1127//1127 1129//1129 1229//1229
f 1208//1208 1204//1204 1127//1127
f 1231//1231 1129//1129 1131//1131
f 1229//1229 1129//1129 1231//1231
f 1231//1231 1232//1232 1211//1211
f 1211//1211 1209//1209 1231//1231
f 1231//1231 1131//1131 1135//1135
f 1135//1135 1232//1232 1231//1231
f 1173//1173 1222//1222 1215//1215
f 1218//1218 1222//1222 1136//1136
f 1222//1222 1093//1093 1136//1136
f 1218//1218 1215//1215 1222//1222
f 1136//1136 1076//1076 1163//1163
f 1163//1163 1218//1218 1136//1136
f 1246//1246 1299//1299 1234//1234
f 1250//1250 1299//1299 1155//1155
f 1299//1299 1157//1157 1155//1155
f 1250//1250 1234//1234 1299//1299
f 1256//1256 1306//1306 1254//1254
f 1250//1250 1159//1159 1257//1257
f 1155//1155 1159//1159 1250//1250
f 1256//1256 1159//1159 1306//1306
f 1159//1159 1162//1162 1306//1306
f 1256//1256 1257//1257 1159//1159
f 1263//1263 1308//1308 1262//1262
f 1265//1265 1167//1167 1166//1166
f 1265//1265 1308//1308 1167//1167
f 1265//1265 1262//1262 1308//1308
f 1268//1268 1172//1172 1170//1170
f 1268//1268 1306//1306 1172//1172
f 1268//1268 1254//1254 1306//1306
f 1170//1170 1175//1175 1270//1270
f 1270//1270 1268//1268 1170//1170
f 1162//1162 1172//1172 1306//1306
f 1263//1263 1270//1270 1308//1308
f 1270//1270 1176//1176 1308//1308
f 1270//1270 1175//1175 1176//1176
f 1176//1176 1167//1167 1308//1308
f 1277//1277 1309//1309 1275//1275
f 1275//1275 1310//1310 1280//1280
f 1309//1309 1310//1310 1275//1275
f 1283//1283 1280//1280 1180//1180
f 1280//1280 1183//1183 1180//1180
f 1280//1280 1310//1310 1183//1183
f 1180//1180 1185//1185 1285//1285
f 1285//1285 1283//1283 1180//1180
f 1288//1288 1311//1311 1287//1287
f 1265//1265 1188//1188 1290//1290
f 1166//1166 1188//1188 1265//1265
f 1288//1288 1188//1188 1311//1311
f 1188//1188 1189//1189 1311//1311
f 1288//1288 1290//1290 1188//1188
f 1293//1293 1194//1194 1192//1192
f 1293//1293 1311//1311 1194//1194
f 1293//1293 1287//1287 1311//1311
f 1192//1192 1196//1196 1294//1294
f 1294//1294 1293//1293 1192//1192
f 1189//1189 1194//1194 1311//1311
f 1277//1277 1196//1196 1309//1309
f 1196//1196 1198//1198 1309//1309
f 1277//1277 1294//1294 1196//1196
f 1309//1309 1198//1198 1200//1200
f 1200//1200 1310//1310 1309//1309
f 1200//1200 1183//1183 1310//1310
f 1296//1296 1312//1312 1295//1295
f 1295//1295 1313//1313 1297//1297
f 1312//1312 1313//1313 1295//1295
f 1296//1296 1185//1185 1312//1312
f 1185//1185 1202//1202 1312//1312
f 1296//1296 1285//1285 1185//1185
f 1312//1312 1202//1202 1204//1204
f 1204//1204 1313//1313 1312//1312
f 1298//1298 1208//1208 1206//1206
f 1298//1298 1297//1297 1208//1208
f 1297//1297 1313//1313 1208//1208
f 1298//1298 1209//1209 1235//1235
f 1206//1206 1209//1209 1298//1298
f 1204//1204 1208//1208 1313//1313
f 1317//1317 1382//1382 1314//1314
f 1321//1321 1246//1246 1234//1234
f 1321//1321 1382//1382 1246//1246
f 1321//1321 1314//1314 1382//1382
f 1321//1321 1250//1250 1322//1322
f 1234//1234 1250//1250 1321//1321
f 1328//1328 1385//1385 1326//1326
f 1331//1331 1385//1385 1254//1254
f 1385//1385 1256//1256 1254//1254
f 1331//1331 1326//1326 1385//1385
f 1328//1328 1250//1250 1385//1385
f 1250//1250 1257//1257 1385//1385
f 1328//1328 1322//1322 1250//1250
f 1257//1257 1256//1256 1385//1385
f 1337//1337 1387//1387 1335//1335
f 1340//1340 1263//1263 1262//1262
f 1340//1340 1387//1387 1263//1263
f 1340//1340 1335//1335 1387//1387
f 1340//1340 1265//1265 1344//1344
f 1262//1262 1265//1265 1340//1340
f 1254//1254 1268//1268 1346//1346
f 1346//1346 1331//1331 1254//1254
f 1337//1337 1270//1270 1387//1387
f 1337//1337 1346//1346 1270//1270
f 1346//1346 1268//1268 1270//1270
f 1270//1270 1263//1263 1387//1387
f 1353//1353 1389//1389 1351//1351
f 1356//1356 1277//1277 1275//1275
f 1356//1356 1389//1389 1277//1277
f 1356//1356 1351//1351 1389//1389
f 1356//1356 1280//1280 1358//1358
f 1275//1275 1280//1280 1356//1356
f 1367//1367 1392//1392 1360//1360
f 1280//1280 1283//1283 1369//1369
f 1369//1369 1358//1358 1280//1280
f 1367//1367 1369//1369 1392//1392
f 1369//1369 1283//1283 1392//1392
f 1283//1283 1285//1285 1392//1392
f 1374//1374 1394//1394 1371//1371
f 1375//1375 1288//1288 1287//1287
f 1375//1375 1394//1394 1288//1288
f 1375//1375 1371//1371 1394//1394
f 1374//1374 1265//1265 1394//1394
f 1265//1265 1290//1290 1394//1394
f 1374//1374 1344//1344 1265//1265
f 1290//1290 1288//1288 1394//1394
f 1287//1287 1293//1293 1376//1376
f 1376//1376 1375//1375 1287//1287
f 1353//1353 1293//1293 1389//1389
f 1293//1293 1294//1294 1389//1389
f 1353//1353 1376//1376 1293//1293
f 1294//1294 1277//1277 1389//1389
f 1377//1377 1296//1296 1295//1295
f 1377//1377 1392//1392 1296//1296
f 1377//1377 1360//1360 1392//1392
f 1295//1295 1297//1297 1378//1378
f 1378//1378 1377//1377 1295//1295
f 1285//1285 1296//1296 1392//1392
f 1378//1378 1298//1298 1379//1379
f 1297//1297 1298//1298 1378//1378
f 1379//1379 1235//1235 1318//1318
f 1298//1298 1235//1235 1379//1379
f 1316//1316 1381//1381 1380//1380
f 1406//1406 1470//1470 1404//1404
f 1404//1404 1471//1471 1408//1408
f 1470//1470 1471//1471 1404//1404
f 1411//1411 1408//1408 1314//1314
f 1408//1408 1317//1317 1314//1314
f 1408//1408 1471//1471 1317//1317
f 1314//1314 1321//1321 1416//1416
f 1416//1416 1411//1411 1314//1314
f 1321//1321 1322//1322 1417//1417
f 1417//1417 1416//1416 1321//1321
f 1421//1421 1326//1326 1420//1420
f 1328//1328 1326//1326 1421//1421
f 1326//1326 1331//1331 1402//1402
f 1402//1402 1420//1420 1326//1326
f 1322//1322 1328//1328 1421//1421
f 1421//1421 1417//1417 1322//1322
f 1396//1396 1474//1474 1395//1395
f 1398//1398 1337//1337 1335//1335
f 1398//1398 1397//1397 1337//1337
f 1397//1397 1474//1474 1337//1337
f 1397//1397 1395//1395 1474//1474
f 1427//1427 1475//1475 1425//1425
f 1400//1400 1340//1340 1399//1399
f 1340//1340 1401//1401 1399//1399
f 1400//1400 1335//1335 1340//1340
f 1400//1400 1398//1398 1335//1335
f 1427//1427 1344//1344 1475//1475
f 1427//1427 1340//1340 1344//1344
f 1427//1427 1401//1401 1340//1340
f 1396//1396 1403//1403 1474//1474
f 1403//1403 1346//1346 1474//1474
f 1403//1403 1331//1331 1346//1346
f 1403//1403 1402//1402 1331//1331
f 1346//1346 1337//1337 1474//1474
f 1432//1432 1479//1479 1430//1430
f 1434//1434 1353//1353 1351//1351
f 1434//1434 1479//1479 1353//1353
f 1434//1434 1430//1430 1479//1479
f 1437//1437 1481//1481 1436//1436
f 1434//1434 1356//1356 1438//1438
f 1351//1351 1356//1356 1434//1434
f 1437//1437 1438//1438 1481//1481
f 1438//1438 1358//1358 1481//1481
f 1438//1438 1356//1356 1358//1358
f 1436//1436 1483//1483 1442//1442
f 1481//1481 1483//1483 1436//1436
f 1410//1410 1367//1367 1360//1360
f 1410//1410 1442//1442 1367//1367
f 1442//1442 1483//1483 1367//1367
f 1481//1481 1358//1358 1369//1369
f 1369//1369 1483//1483 1481//1481
f 1369//1369 1367//1367 1483//1483
f 1446//1446 1374//1374 1371//1371
f 1446//1446 1475//1475 1374//1374
f 1446//1446 1425//1425 1475//1475
f 1371//1371 1375//1375 1448//1448
f 1448//1448 1446//1446 1371//1371
f 1344//1344 1374//1374 1475//1475
f 1432//1432 1375//1375 1479//1479
f 1375//1375 1376//1376 1479//1479
f 1432//1432 1448//1448 1375//1375
f 1376//1376 1353//1353 1479//1479
f 1498//1498 1499//1499 1491//1491
f 1491//1491 1490//1490 1498//1498
f 1492//1492 1396//1396 1395//1395
f 1492//1492 1491//1491 1396//1396
f 1491//1491 1499//1499 1396//1396
f 1395//1395 1397//1397 1493//1493
f 1493//1493 1492//1492 1395//1395
f 1397//1397 1398//1398 1494//1494
f 1494//1494 1493//1493 1397//1397
f 1496//1496 1399//1399 1495//1495
f 1400//1400 1399//1399 1496//1496
f 1495//1495 1401//1401 1497//1497
f 1399//1399 1401//1401 1495//1495
f 1398//1398 1400//1400 1496//1496
f 1496//1496 1494//1494 1398//1398
f 1498//1498 1402//1402 1403//1403
f 1403//1403 1499//1499 1498//1498
f 1403//1403 1396//1396 1499//1499
f 1490//1490 1491//1491 1501//1501
f 1501//1501 1500//1500 1490//1490
f 1491//1491 1492//1492 1502//1502
f 1502//1502 1501//1501 1491//1491
f 1504//1504 1514//1514 1503//1503
f 1503//1503 1515//1515 1505//1505
f 1514//1514 1515//1515 1503//1503
f 1504//1504 1493//1493 1514//1514
f 1504//1504 1492//1492 1493//1493
f 1504//1504 1502//1502 1492//1492
f 1514//1514 1493//1493 1494//1494
f 1494//1494 1515//1515 1514//1514
f 1507//1507 1516//1516 1506//1506
f 1508//1508 1505//1505 1495//1495
f 1505//1505 1496//1496 1495//1495
f 1505//1505 1515//1515 1496//1496
f 1507//1507 1495//1495 1516//1516
f 1495//1495 1497//1497 1516//1516
f 1507//1507 1508//1508 1495//1495
f 1494//1494 1496//1496 1515//1515
f 1520//1520 1404//1404 1518//1518
f 1406//1406 1404//1404 1520//1520
f 1518//1518 1408//1408 1523//1523
f 1404//1404 1408//1408 1518//1518
f 1523//1523 1411//1411 1526//1526
f 1408//1408 1411//1411 1523//1523
f 1531//1531 1490//1490 1500//1500
f 1498//1498 1490//1490 1531//1531
f 1535//1535 1577//1577 1534//1534
f 1411//1411 1416//1416 1537//1537
f 1537//1537 1526//1526 1411//1411
f 1535//1535 1416//1416 1577//1577
f 1416//1416 1417//1417 1577//1577
f 1535//1535 1537//1537 1416//1416
f 1540//1540 1534//1534 1420//1420
f 1534//1534 1577//1577 1420//1420
f 1577//1577 1421//1421 1420//1420
f 1531//1531 1420//1420 1498//1498
f 1420//1420 1402//1402 1498//1498
f 1531//1531 1540//1540 1420//1420
f 1417//1417 1421//1421 1577//1577
f 1548//1548 1427//1427 1425//1425
f 1548//1548 1516//1516 1427//1427
f 1548//1548 1506//1506 1516//1516
f 1401//1401 1427//1427 1516//1516
f 1516//1516 1497//1497 1401//1401
f 1553//1553 1581//1581 1552//1552
f 1556//1556 1581//1581 1430//1430
f 1581//1581 1432//1432 1430//1430
f 1556//1556 1552//1552 1581//1581
f 1556//1556 1434//1434 1558//1558
f 1430//1430 1434//1434 1556//1556
f 1563//1563 1584//1584 1561//1561
f 1564//1564 1437//1437 1436//1436
f 1564//1564 1584//1584 1437//1437
f 1564//1564 1561//1561 1584//1584
f 1563//1563 1438//1438 1584//1584
f 1563//1563 1558//1558 1438//1438
f 1558//1558 1434//1434 1438//1438
f 1438//1438 1437//1437 1584//1584
f 1564//1564 1442//1442 1566//1566
f 1436//1436 1442//1442 1564//1564
f 1442//1442 1410//1410 1528//1528
f 1528//1528 1566//1566 1442//1442
f 1425//1425 1446//1446 1568//1568
f 1568//1568 1548//1548 1425//1425
f 1553//1553 1446//1446 1581//1581
f 1446//1446 1448//1448 1581//1581
f 1553//1553 1568//1568 1446//1446
f 1448//1448 1432//1432 1581//1581
f 1589//1589 1603//1603 1588//1588
f 1590//1590 1501//1501 1591//1591
f 1500//1500 1501//1501 1590//1590
f 1589//1589 1501//1501 1603//1603
f 1501//1501 1502//1502 1603//1603
f 1589//1589 1591//1591 1501//1501
f 1592//1592 1504//1504 1503//1503
f 1592//1592 1603//1603 1504//1504
f 1592//1592 1588//1588 1603//1603
f 1592//1592 1505//1505 1593//1593
f 1503//1503 1505//1505 1592//1592
f 1502//1502 1504//1504 1603//1603
f 1595//1595 1604//1604 1594//1594
f 1596//1596 1507//1507 1506//1506
f 1596//1596 1604//1604 1507//1507
f 1596//1596 1594//1594 1604//1604
f 1595//1595 1593//1593 1604//1604
f 1593//1593 1505//1505 1604//1604
f 1505//1505 1508//1508 1604//1604
f 1508//1508 1507//1507 1604//1604
f 1598//1598 1605//1605 1597//1597
f 1599//1599 1597//1597 1509//1509
f 1597//1597 1605//1605 1509//1509
f 1605//1605 1510//1510 1509//1509
f 1601//1601 1606//1606 1600//1600
f 1602//1602 1600//1600 1511//1511
f 1600//1600 1606//1606 1511//1511
f 1606//1606 1512//1512 1511//1511
f 1601//1601 1509//1509 1606//1606
f 1509//1509 1513//1513 1606//1606
f 1601//1601 1599//1599 1509//1509
f 1513//1513 1512//1512 1606//1606
f 1608//1608 1623//1623 1607//1607
f 1609//1609 1589//1589 1588//1588
f 1609//1609 1623//1623 1589//1589
f 1609//1609 1607//1607 1623//1623
f 1608//1608 1590//1590 1623//1623
f 1590//1590 1591//1591 1623//1623
f 1608//1608 1610//1610 1590//1590
f 1591//1591 1589//1589 1623//1623
f 1588//1588 1592//1592 1611//1611
f 1611//1611 1609//1609 1588//1588
f 1611//1611 1593//1593 1612//1612
f 1592//1592 1593//1593 1611//1611
f 1614//1614 1594//1594 1613//1613
f 1595//1595 1594//1594 1614//1614
f 1594//1594 1596//1596 1615//1615
f 1615//1615 1613//1613 1594//1594
f 1593//1593 1595//1595 1614//1614
f 1614//1614 1612//1612 1593//1593
f 1617//1617 1624//1624 1616//1616
f 1619//1619 1598//1598 1597//1597
f 1619//1619 1625//1625 1598//1598
f 1619//1619 1618//1618 1625//1625
f 1597//1597 1599//1599 1620//1620
f 1620//1620 1619//1619 1597//1597
f 1601//1601 1600//1600 1621//1621
f 1621//1621 1622//1622 1601//1601
f 1617//1617 1621//1621 1624//1624
f 1621//1621 1600//1600 1624//1624
f 1600//1600 1602//1602 1624//1624
f 1620//1620 1601//1601 1622//1622
f 1599//1599 1601//1601 1620//1620
f 1628//1628 1683//1683 1626//1626
f 1631//1631 1683//1683 1518//1518
f 1683//1683 1520//1520 1518//1518
f 1631//1631 1626//1626 1683//1683
f 1637//1637 1687//1687 1635//1635
f 1631//1631 1523//1523 1640//1640
f 1518//1518 1523//1523 1631//1631
f 1637//1637 1523//1523 1687//1687
f 1523//1523 1526//1526 1687//1687
f 1637//1637 1640//1640 1523//1523
f 1610//1610 1644//1644 1590//1590
f 1644//1644 1531//1531 1590//1590
f 1531//1531 1500//1500 1590//1590
f 1635//1635 1691//1691 1646//1646
f 1687//1687 1691//1691 1635//1635
f 1648//1648 1535//1535 1534//1534
f 1648//1648 1646//1646 1535//1535
f 1646//1646 1691//1691 1535//1535
f 1687//1687 1526//1526 1537//1537
f 1537//1537 1691//1691 1687//1687
f 1537//1537 1535//1535 1691//1691
f 1534//1534 1540//1540 1650//1650
f 1650//1650 1648//1648 1534//1534
f 1540//1540 1531//1531 1644//1644
f 1644//1644 1650//1650 1540//1540
f 1656//1656 1596//1596 1548//1548
f 1596//1596 1506//1506 1548//1548
f 1656//1656 1615//1615 1596//1596
f 1661//1661 1695//1695 1659//1659
f 1664//1664 1553//1553 1552//1552
f 1664//1664 1695//1695 1553//1553
f 1664//1664 1659//1659 1695//1695
f 1667//1667 1697//1697 1666//1666
f 1664//1664 1556//1556 1669//1669
f 1552//1552 1556//1556 1664//1664
f 1667//1667 1558//1558 1697//1697
f 1667//1667 1556//1556 1558//1558
f 1667//1667 1669//1669 1556//1556
f 1673//1673 1684//1684 1627//1627
f 1676//1676 1563//1563 1561//1561
f 1676//1676 1666//1666 1563//1563
f 1666//1666 1697//1697 1563//1563
f 1561//1561 1564//1564 1677//1677
f 1677//1677 1676//1676 1561//1561
f 1558//1558 1563//1563 1697//1697
f 1564//1564 1566//1566 1678//1678
f 1678//1678 1677//1677 1564//1564
f 1673//1673 1528//1528 1684//1684
f 1673//1673 1566//1566 1528//1528
f 1673//1673 1678//1678 1566//1566
f 1661//1661 1548//1548 1695//1695
f 1548//1548 1568//1568 1695//1695
f 1661//1661 1656//1656 1548//1548
f 1568//1568 1553//1553 1695//1695
f 1701//1701 1608//1608 1607//1607
f 1701//1701 1716//1716 1608//1608
f 1701//1701 1700//1700 1716//1716
f 1607//1607 1609//1609 1702//1702
f 1702//1702 1701//1701 1607//1607
f 1610//1610 1608//1608 1716//1716
f 1702//1702 1611//1611 1703//1703
f 1609//1609 1611//1611 1702//1702
f 1611//1611 1612//1612 1704//1704
f 1704//1704 1703//1703 1611//1611
f 1706//1706 1717//1717 1705//1705
f 1708//1708 1613//1613 1707//1707
f 1614//1614 1613//1613 1708//1708
f 1706//1706 1707//1707 1717//1717
f 1707//1707 1615//1615 1717//1717
f 1707//1707 1613//1613 1615//1615
f 1612//1612 1614//1614 1708//1708
f 1708//1708 1704//1704 1612//1612
f 1710//1710 1718//1718 1709//1709
f 1711//1711 1617//1617 1616//1616
f 1711//1711 1718//1718 1617//1617
f 1711//1711 1709//1709 1718//1718
f 1713//1713 1719//1719 1712//1712
f 1618//1618 1619//1619 1715//1715
f 1715//1715 1714//1714 1618//1618
f 1713//1713 1620//1620 1719//1719
f 1713//1713 1619//1619 1620//1620
f 1713//1713 1715//1715 1619//1619
f 1710//1710 1621//1621 1718//1718
f 1710//1710 1712//1712 1621//1621
f 1712//1712 1622//1622 1621//1621
f 1712//1712 1719//1719 1622//1622
f 1621//1621 1617//1617 1718//1718
f 1620//1620 1622//1622 1719//1719
f 1721//1721 1742//1742 1720//1720
f 1742//1742 1743//1743 1722//1722
f 1722//1722 1720//1720 1742//1742
f 1722//1722 1744//1744 1723//1723
f 1743//1743 1744//1744 1722//1722
f 1724//1724 1701//1701 1725//1725
f 1700//1700 1701//1701 1724//1724
f 1721//1721 1702//1702 1742//1742
f 1721//1721 1701//1701 1702//1702
f 1721//1721 1725//1725 1701//1701
f 1742//1742 1702//1702 1703//1703
f 1703//1703 1743//1743 1742//1742
f 1743//1743 1703//1703 1704//1704
f 1704//1704 1744//1744 1743//1743
f 1727//1727 1745//1745 1726//1726
f 1728//1728 1706//1706 1705//1705
f 1728//1728 1745//1745 1706//1706
f 1728//1728 1726//1726 1745//1745
f 1727//1727 1707//1707 1745//1745
f 1727//1727 1723//1723 1707//1707
f 1723//1723 1744//1744 1707//1707
f 1744//1744 1708//1708 1707//1707
f 1707//1707 1706//1706 1745//1745
f 1704//1704 1708//1708 1744//1744
f 1730//1730 1709//1709 1729//1729
f 1710//1710 1709//1709 1730//1730
f 1729//1729 1711//1711 1731//1731
f 1709//1709 1711//1711 1729//1729
f 1733//1733 1746//1746 1732//1732
f 1734//1734 1713//1713 1712//1712
f 1734//1734 1746//1746 1713//1713
f 1734//1734 1732//1732 1746//1746
f 1733//1733 1714//1714 1746//1746
f 1714//1714 1715//1715 1746//1746
f 1733//1733 1735//1735 1714//1714
f 1715//1715 1713//1713 1746//1746
f 1712//1712 1710//1710 1730//1730
f 1730//1730 1734//1734 1712//1712
f 1751//1751 1626//1626 1748//1748
f 1628//1628 1626//1626 1751//1751
f 1748//1748 1631//1631 1753//1753
f 1626//1626 1631//1631 1748//1748
f 1759//1759 1804//1804 1757//1757
f 1762//1762 1637//1637 1635//1635
f 1762//1762 1804//1804 1637//1637
f 1762//1762 1757//1757 1804//1804
f 1759//1759 1640//1640 1804//1804
f 1759//1759 1631//1631 1640//1640
f 1759//1759 1753//1753 1631//1631
f 1640//1640 1637//1637 1804//1804
f 1768//1768 1806//1806 1766//1766
f 1771//1771 1808//1808 1770//1770
f 1724//1724 1770//1770 1700//1700
f 1770//1770 1808//1808 1700//1700
f 1808//1808 1716//1716 1700//1700
f 1808//1808 1644//1644 1716//1716
f 1644//1644 1610//1610 1716//1716
f 1635//1635 1646//1646 1776//1776
f 1776//1776 1762//1762 1635//1635
f 1646//1646 1648//1648 1777//1777
f 1777//1777 1776//1776 1646//1646
f 1771//1771 1648//1648 1808//1808
f 1648//1648 1650//1650 1808//1808
f 1771//1771 1777//1777 1648//1648
f 1650//1650 1644//1644 1808//1808
f 1768//1768 1705//1705 1806//1806
f 1705//1705 1656//1656 1806//1806
f 1705//1705 1717//1717 1656//1656
f 1717//1717 1615//1615 1656//1656
f 1768//1768 1728//1728 1705//1705
f 1784//1784 1661//1661 1659//1659
f 1784//1784 1806//1806 1661//1661
f 1784//1784 1766//1766 1806//1806
f 1659//1659 1664//1664 1787//1787
f 1787//1787 1784//1784 1659//1659
f 1790//1790 1812//1812 1789//1789
f 1791//1791 1667//1667 1666//1666
f 1791//1791 1812//1812 1667//1667
f 1791//1791 1789//1789 1812//1812
f 1790//1790 1664//1664 1812//1812
f 1664//1664 1669//1669 1812//1812
f 1790//1790 1787//1787 1664//1664
f 1669//1669 1667//1667 1812//1812
f 1798//1798 1813//1813 1796//1796
f 1747//1747 1673//1673 1627//1627
f 1747//1747 1813//1813 1673//1673
f 1747//1747 1796//1796 1813//1813
f 1791//1791 1676//1676 1802//1802
f 1666//1666 1676//1676 1791//1791
f 1802//1802 1677//1677 1803//1803
f 1676//1676 1677//1677 1802//1802
f 1798//1798 1677//1677 1813//1813
f 1677//1677 1678//1678 1813//1813
f 1798//1798 1803//1803 1677//1677
f 1678//1678 1673//1673 1813//1813
f 1656//1656 1661//1661 1806//1806
f 1815//1815 1836//1836 1814//1814
f 1816//1816 1721//1721 1720//1720
f 1816//1816 1814//1814 1721//1721
f 1814//1814 1836//1836 1721//1721
f 1818//1818 1837//1837 1817//1817
f 1816//1816 1722//1722 1819//1819
f 1720//1720 1722//1722 1816//1816
f 1818//1818 1722//1722 1837//1837
f 1722//1722 1723//1723 1837//1837
f 1818//1818 1819//1819 1722//1722
f 1815//1815 1724//1724 1836//1836
f 1724//1724 1725//1725 1836//1836
f 1815//1815 1820//1820 1724//1724
f 1725//1725 1721//1721 1836//1836
f 1821//1821 1727//1727 1726//1726
f 1821//1821 1837//1837 1727//1727
f 1821//1821 1817//1817 1837//1837
f 1726//1726 1728//1728 1822//1822
f 1822//1822 1821//1821 1726//1726
f 1723//1723 1727//1727 1837//1837
f 1824//1824 1838//1838 1823//1823
f 1826//1826 1839//1839 1825//1825
f 1827//1827 1737//1737 1736//1736
f 1827//1827 1839//1839 1737//1737
f 1827//1827 1825//1825 1839//1839
f 1826//1826 1739//1739 1839//1839
f 1739//1739 1738//1738 1839//1839
f 1826//1826 1838//1838 1739//1739
f 1826//1826 1823//1823 1838//1838
f 1738//1738 1737//1737 1839//1839
f 1827//1827 1740//1740 1828//1828
f 1736//1736 1740//1740 1827//1827
f 1828//1828 1741//1741 1829//1829
f 1740//1740 1741//1741 1828//1828
f 1831//1831 1729//1729 1830//1830
f 1730//1730 1729//1729 1831//1831
f 1729//1729 1731//1731 1832//1832
f 1832//1832 1830//1830 1729//1729
f 1834//1834 1833//1833 1732//1732
f 1833//1833 1733//1733 1732//1732
f 1833//1833 1840//1840 1733//1733
f 1834//1834 1734//1734 1835//1835
f 1732//1732 1734//1734 1834//1834
f 1735//1735 1733//1733 1840//1840
f 1734//1734 1730//1730 1831//1831
f 1831//1831 1835//1835 1734//1734
f 1842//1842 1866//1866 1841//1841
f 1844//1844 1843//1843 1814//1814
f 1843//1843 1867//1867 1814//1814
f 1867//1867 1815//1815 1814//1814
f 1842//1842 1814//1814 1866//1866
f 1814//1814 1816//1816 1866//1866
f 1842//1842 1844//1844 1814//1814
f 1866//1866 1868//1868 1845//1845
f 1845//1845 1841//1841 1866//1866
f 1846//1846 1845//1845 1817//1817
f 1845//1845 1818//1818 1817//1817
f 1845//1845 1868//1868 1818//1818
f 1866//1866 1816//1816 1819//1819
f 1819//1819 1868//1868 1866//1866
f 1819//1819 1818//1818 1868//1868
f 1820//1820 1815//1815 1867//1867
f 1846//1846 1821//1821 1847//1847
f 1817//1817 1821//1821 1846//1846
f 1848//1848 1847//1847 1869//1869
f 1847//1847 1821//1821 1869//1869
f 1821//1821 1822//1822 1869//1869
f 1850//1850 1870//1870 1849//1849
f 1870//1870 1871//1871 1851//1851
f 1851//1851 1849//1849 1870//1870
f 1851//1851 1872//1872 1852//1852
f 1871//1871 1872//1872 1851//1851
f 1853//1853 1870//1870 1850//1850
f 1873//1873 1870//1870 1853//1853
f 1855//1855 1874//1874 1854//1854
f 1853//1853 1854//1854 1873//1873
f 1854//1854 1824//1824 1873//1873
f 1824//1824 1823//1823 1873//1873
f 1854//1854 1874//1874 1824//1824
f 1873//1873 1826//1826 1870//1870
f 1826//1826 1825//1825 1870//1870
f 1825//1825 1871//1871 1870//1870
f 1871//1871 1825//1825 1827//1827
f 1827//1827 1872//1872 1871//1871
f 1823//1823 1826//1826 1873//1873
f 1852//1852 1872//1872 1856//1856
f 1858//1858 1875//1875 1857//1857
f 1859//1859 1872//1872 1828//1828
f 1872//1872 1827//1827 1828//1828
f 1859//1859 1856//1856 1872//1872
f 1858//1858 1859//1859 1875//1875
f 1859//1859 1828//1828 1875//1875
f 1828//1828 1829//1829 1875//1875
f 1861//1861 1876//1876 1860//1860
f 1862//1862 1876//1876 1830//1830
f 1876//1876 1831//1831 1830//1830
f 1862//1862 1860//1860 1876//1876
f 1862//1862 1832//1832 1863//1863
f 1830//1830 1832//1832 1862//1862
f 1833//1833 1834//1834 1865//1865
f 1865//1865 1864//1864 1833//1833
f 1861//1861 1834//1834 1876//1876
f 1834//1834 1835//1835 1876//1876
f 1861//1861 1865//1865 1834//1834
f 1835//1835 1831//1831 1876//1876
f 1878//1878 1935//1935 1877//1877
f 1885//1885 1937//1937 1882//1882
f 1887//1887 1751//1751 1748//1748
f 1887//1887 1935//1935 1751//1751
f 1887//1887 1877//1877 1935//1935
f 1885//1885 1887//1887 1937//1937
f 1887//1887 1753//1753 1937//1937
f 1887//1887 1748//1748 1753//1753
f 1892//1892 1759//1759 1757//1757
f 1892//1892 1937//1937 1759//1759
f 1892//1892 1882//1882 1937//1937
f 1892//1892 1762//1762 1894//1894
f 1757//1757 1762//1762 1892//1892
f 1753//1753 1759//1759 1937//1937
f 1848//1848 1869//1869 1900//1900
f 1884//1884 1768//1768 1766//1766
f 1884//1884 1869//1869 1768//1768
f 1884//1884 1900//1900 1869//1869
f 1905//1905 1940//1940 1903//1903
f 1907//1907 1867//1867 1843//1843
f 1910//1910 1771//1771 1770//1770
f 1910//1910 1940//1940 1771//1771
f 1910//1910 1903//1903 1940//1940
f 1907//1907 1820//1820 1867//1867
f 1907//1907 1910//1910 1820//1820
f 1910//1910 1770//1770 1820//1820
f 1770//1770 1724//1724 1820//1820
f 1894//1894 1776//1776 1914//1914
f 1762//1762 1776//1776 1894//1894
f 1905//1905 1777//1777 1940//1940
f 1905//1905 1914//1914 1777//1777
f 1914//1914 1776//1776 1777//1777
f 1777//1777 1771//1771 1940//1940
f 1728//1728 1768//1768 1869//1869
f 1869//1869 1822//1822 1728//1728
f 1948//1948 1849//1849 1947//1947
f 1850//1850 1849//1849 1948//1948
f 1950//1950 1957//1957 1949//1949
f 1949//1949 1957//1957 1951//1951
f 1950//1950 1849//1849 1957//1957
f 1849//1849 1851//1851 1957//1957
f 1950//1950 1947//1947 1849//1849
f 1952//1952 1957//1957 1852//1852
f 1957//1957 1851//1851 1852//1852
f 1952//1952 1951//1951 1957//1957
f 1958//1958 1959//1959 1954//1954
f 1954//1954 1953//1953 1958//1958
f 1948//1948 1954//1954 1850//1850
f 1954//1954 1959//1959 1850//1850
f 1959//1959 1853//1853 1850//1850
f 1960//1960 1959//1959 1958//1958
f 1960//1960 1854//1854 1959//1959
f 1960//1960 1855//1855 1854//1854
f 1854//1854 1853//1853 1959//1959
f 1955//1955 1952//1952 1961//1961
f 1952//1952 1856//1856 1961//1961
f 1952//1952 1852//1852 1856//1856
f 1956//1956 1961//1961 1857//1857
f 1961//1961 1858//1858 1857//1857
f 1956//1956 1955//1955 1961//1961
f 1961//1961 1856//1856 1859//1859
f 1859//1859 1858//1858 1961//1961
f 1963//1963 1974//1974 1962//1962
f 1965//1965 1975//1975 1964//1964
f 1963//1963 1947//1947 1974//1974
f 1963//1963 1948//1948 1947//1947
f 1963//1963 1975//1975 1948//1948
f 1963//1963 1964//1964 1975//1975
f 1962//1962 1974//1974 1966//1966
f 1976//1976 1950//1950 1949//1949
f 1976//1976 1949//1949 1951//1951
f 1967//1967 1966//1966 1976//1976
f 1966//1966 1950//1950 1976//1976
f 1966//1966 1974//1974 1950//1950
f 1974//1974 1947//1947 1950//1950
f 1968//1968 1951//1951 1952//1952
f 1968//1968 1967//1967 1951//1951
f 1967//1967 1976//1976 1951//1951
f 1965//1965 1969//1969 1975//1975
f 1969//1969 1954//1954 1975//1975
f 1969//1969 1977//1977 1954//1954
f 1977//1977 1953//1953 1954//1954
f 1954//1954 1948//1948 1975//1975
f 1970//1970 1977//1977 1969//1969
f 1972//1972 1978//1978 1971//1971
f 1971//1971 1979//1979 1973//1973
f 1978//1978 1979//1979 1971//1971
f 1972//1972 1952//1952 1978//1978
f 1952//1952 1955//1955 1978//1978
f 1972//1972 1968//1968 1952//1952
f 1978//1978 1955//1955 1956//1956
f 1956//1956 1979//1979 1978//1978
f 1985//1985 2044//2044 1982//1982
f 1987//1987 1878//1878 1877//1877
f 1987//1987 2044//2044 1878//1878
f 1987//1987 1982//1982 2044//2044
f 1993//1993 1882//1882 1990//1990
f 1885//1885 1882//1882 1993//1993
f 1987//1987 1887//1887 1994//1994
f 1877//1877 1887//1887 1987//1987
f 1887//1887 1885//1885 1993//1993
f 1993//1993 1994//1994 1887//1887
f 1990//1990 1892//1892 1998//1998
f 1882//1882 1892//1892 1990//1990
f 1892//1892 1894//1894 2000//2000
f 2000//2000 1998//1998 1892//1892
f 2006//2006 2049//2049 2004//2004
f 2004//2004 2052//2052 2009//2009
f 2049//2049 2052//2052 2004//2004
f 2013//2013 1848//1848 1900//1900
f 2013//2013 2009//2009 1848//1848
f 2009//2009 2052//2052 1848//1848
f 1900//1900 1884//1884 1995//1995
f 1995//1995 2013//2013 1900//1900
f 2018//2018 2054//2054 2015//2015
f 2020//2020 1905//1905 1903//1903
f 2020//2020 2054//2054 1905//1905
f 2020//2020 2015//2015 2054//2054
f 2025//2025 2057//2057 2024//2024
f 2027//2027 1907//1907 1843//1843
f 2027//2027 2057//2057 1907//1907
f 2027//2027 2024//2024 2057//2057
f 2025//2025 2020//2020 2057//2057
f 2020//2020 1910//1910 2057//2057
f 2020//2020 1903//1903 1910//1910
f 1910//1910 1907//1907 2057//2057
f 2018//2018 1914//1914 2054//2054
f 2018//2018 1894//1894 1914//1914
f 2018//2018 2000//2000 1894//1894
f 1914//1914 1905//1905 2054//2054
f 2006//2006 1844//1844 2049//2049
f 1844//1844 1842//1842 2049//2049
f 1842//1842 1841//1841 2049//2049
f 2006//2006 2027//2027 1844//1844
f 2027//2027 1843//1843 1844//1844
f 1846//1846 2052//2052 1845//1845
f 2052//2052 2049//2049 1845//1845
f 2049//2049 1841//1841 1845//1845
f 1846//1846 1848//1848 2052//2052
f 1847//1847 1848//1848 1846//1846
f 2065//2065 2071//2071 2064//2064
f 2070//2070 1962//1962 1966//1966
f 2064//2064 2072//2072 2066//2066
f 2071//2071 2072//2072 2064//2064
f 2065//2065 2070//2070 2071//2071
f 2070//2070 1966//1966 2071//2071
f 1966//1966 1967//1967 2071//2071
f 2065//2065 2067//2067 2070//2070
f 2071//2071 1967//1967 1968//1968
f 1968//1968 2072//2072 2071//2071
f 2068//2068 1972//1972 1971//1971
f 2068//2068 2066//2066 1972//1972
f 2066//2066 2072//2072 1972//1972
f 1971//1971 1973//1973 2069//2069
f 2069//2069 2068//2068 1971//1971
f 1968//1968 1972//1972 2072//2072
f 2065//2065 2064//2064 2079//2079
f 2073//2073 2074//2074 2066//2066
f 2074//2074 2064//2064 2066//2066
f 2074//2074 2079//2079 2064//2064
f 2076//2076 2075//2075 2079//2079
f 2075//2075 2065//2065 2079//2079
f 2075//2075 2067//2067 2065//2065
f 2076//2076 2079//2079 2074//2074
f 2073//2073 2068//2068 2077//2077
f 2066//2066 2068//2068 2073//2073
f 2077//2077 2069//2069 2078//2078
f 2068//2068 2069//2069 2077//2077
f 2081//2081 2144//2144 2080//2080
f 2144//2144 2146//2146 2084//2084
f 2084//2084 2080//2080 2144//2144
f 2087//2087 1985//1985 1982//1982
f 2087//2087 2146//2146 1985//1985
f 2087//2087 2084//2084 2146//2146
f 2087//2087 1987//1987 2089//2089
f 1982//1982 1987//1987 2087//2087
f 2092//2092 2149//2149 2091//2091
f 2097//2097 1990//1990 2095//2095
f 1993//1993 1990//1990 2097//2097
f 1987//1987 1994//1994 2100//2100
f 2100//2100 2089//2089 1987//1987
f 1994//1994 1993//1993 2097//2097
f 2097//2097 2100//2100 1994//1994
f 1990//1990 1998//1998 2103//2103
f 2103//2103 2095//2095 1990//1990
f 2092//2092 1998//1998 2149//2149
f 1998//1998 2000//2000 2149//2149
f 2092//2092 2103//2103 1998//1998
f 2110//2110 2151//2151 2108//2108
f 2112//2112 2006//2006 2004//2004
f 2112//2112 2151//2151 2006//2006
f 2112//2112 2108//2108 2151//2151
f 2112//2112 2009//2009 2114//2114
f 2004//2004 2009//2009 2112//2112
f 2119//2119 2153//2153 2105//2105
f 2114//2114 2013//2013 2122//2122
f 2009//2009 2013//2013 2114//2114
f 2119//2119 2013//2013 2153//2153
f 2013//2013 1995//1995 2153//2153
f 2119//2119 2122//2122 2013//2013
f 2126//2126 2018//2018 2015//2015
f 2126//2126 2091//2091 2018//2018
f 2091//2091 2149//2149 2018//2018
f 2015//2015 2020//2020 2129//2129
f 2129//2129 2126//2126 2015//2015
f 2133//2133 2024//2024 2131//2131
f 2025//2025 2024//2024 2133//2133
f 2110//2110 2131//2131 2151//2151
f 2131//2131 2027//2027 2151//2151
f 2131//2131 2024//2024 2027//2027
f 2020//2020 2025//2025 2133//2133
f 2133//2133 2129//2129 2020//2020
f 2000//2000 2018//2018 2149//2149
f 2027//2027 2006//2006 2151//2151
f 2161//2161 2235//2235 2158//2158
f 2164//2164 2081//2081 2080//2080
f 2164//2164 2158//2158 2081//2081
f 2158//2158 2235//2235 2081//2081
f 2164//2164 2084//2084 2166//2166
f 2080//2080 2084//2084 2164//2164
f 2170//2170 2238//2238 2169//2169
f 2166//2166 2087//2087 2172//2172
f 2084//2084 2087//2087 2166//2166
f 2170//2170 2089//2089 2238//2238
f 2170//2170 2172//2172 2089//2089
f 2172//2172 2087//2087 2089//2089
f 2177//2177 2240//2240 2176//2176
f 2179//2179 2240//2240 2091//2091
f 2240//2240 2092//2092 2091//2091
f 2179//2179 2176//2176 2240//2240
f 2169//2169 2244//2244 2183//2183
f 2238//2238 2244//2244 2169//2169
f 2186//2186 2183//2183 2095//2095
f 2183//2183 2097//2097 2095//2095
f 2183//2183 2244//2244 2097//2097
f 2238//2238 2089//2089 2100//2100
f 2100//2100 2244//2244 2238//2238
f 2100//2100 2097//2097 2244//2244
f 2177//2177 2095//2095 2240//2240
f 2095//2095 2103//2103 2240//2240
f 2177//2177 2186//2186 2095//2095
f 2103//2103 2092//2092 2240//2240
f 2193//2193 2108//2108 2191//2191
f 2110//2110 2108//2108 2193//2193
f 2191//2191 2112//2112 2195//2195
f 2108//2108 2112//2112 2191//2191
f 2195//2195 2114//2114 2198//2198
f 2112//2112 2114//2114 2195//2195
f 2202//2202 2105//2105 2190//2190
f 2119//2119 2105//2105 2202//2202
f 2114//2114 2122//2122 2204//2204
f 2204//2204 2198//2198 2114//2114
f 2122//2122 2119//2119 2202//2202
f 2202//2202 2204//2204 2122//2122
f 2210//2210 2248//2248 2208//2208
f 2179//2179 2126//2126 2211//2211
f 2091//2091 2126//2126 2179//2179
f 2210//2210 2126//2126 2248//2248
f 2126//2126 2129//2129 2248//2248
f 2210//2210 2211//2211 2126//2126
f 2215//2215 2208//2208 2131//2131
f 2208//2208 2248//2248 2131//2131
f 2248//2248 2133//2133 2131//2131
f 2131//2131 2110//2110 2193//2193
f 2193//2193 2215//2215 2131//2131
f 2129//2129 2133//2133 2248//2248
f 2262//2262 2331//2331 2259//2259
f 2265//2265 2259//2259 2158//2158
f 2259//2259 2331//2331 2158//2158
f 2331//2331 2161//2161 2158//2158
f 2158//2158 2164//2164 2270//2270
f 2270//2270 2265//2265 2158//2158
f 2164//2164 2166//2166 2272//2272
f 2272//2272 2270//2270 2164//2164
f 2275//2275 2335//2335 2274//2274
f 2278//2278 2170//2170 2169//2169
f 2278//2278 2335//2335 2170//2170
f 2278//2278 2274//2274 2335//2335
f 2275//2275 2272//2272 2335//2335
f 2272//2272 2166//2166 2335//2335
f 2166//2166 2172//2172 2335//2335
f 2172//2172 2170//2170 2335//2335
f 2283//2283 2336//2336 2282//2282
f 2289//2289 2338//2338 2287//2287
f 2291//2291 2282//2282 2176//2176
f 2282//2282 2177//2177 2176//2176
f 2282//2282 2336//2336 2177//2177
f 2289//2289 2179//2179 2338//2338
f 2289//2289 2176//2176 2179//2179
f 2289//2289 2291//2291 2176//2176
f 2169//2169 2183//2183 2295//2295
f 2295//2295 2278//2278 2169//2169
f 2283//2283 2183//2183 2336//2336
f 2183//2183 2186//2186 2336//2336
f 2283//2283 2295//2295 2183//2183
f 2186//2186 2177//2177 2336//2336
f 2302//2302 2341//2341 2300//2300
f 2341//2341 2342//2342 2305//2305
f 2305//2305 2300//2300 2341//2341
f 2307//2307 2193//2193 2191//2191
f 2307//2307 2342//2342 2193//2193
f 2307//2307 2305//2305 2342//2342
f 2313//2313 2345//2345 2312//2312
f 2307//2307 2195//2195 2315//2315
f 2191//2191 2195//2195 2307//2307
f 2313//2313 2195//2195 2345//2345
f 2195//2195 2198//2198 2345//2345
f 2313//2313 2315//2315 2195//2195
f 2312//2312 2346//2346 2318//2318
f 2345//2345 2346//2346 2312//2312
f 2290//2290 2318//2318 2190//2190
f 2318//2318 2346//2346 2190//2190
f 2346//2346 2202//2202 2190//2190
f 2345//2345 2198//2198 2204//2204
f 2204//2204 2346//2346 2345//2345
f 2204//2204 2202//2202 2346//2346
f 2287//2287 2349//2349 2321//2321
f 2338//2338 2349//2349 2287//2287
f 2302//2302 2208//2208 2341//2341
f 2302//2302 2321//2321 2208//2208
f 2321//2321 2349//2349 2208//2208
f 2349//2349 2210//2210 2208//2208
f 2338//2338 2179//2179 2211//2211
f 2211//2211 2349//2349 2338//2338
f 2211//2211 2210//2210 2349//2349
f 2341//2341 2208//2208 2215//2215
f 2215//2215 2342//2342 2341//2341
f 2215//2215 2193//2193 2342//2342
f 2461//2461 2524//2524 2458//2458
f 2458//2458 2524//2524 2464//2464
f 2525//2525 2358//2358 2355//2355
f 2525//2525 2355//2355 2361//2361
f 2472//2472 2367//2367 2469//2469
f 2370//2370 2367//2367 2472//2472
f 2367//2367 2372//2372 2474//2474
f 2474//2474 2469//2469 2367//2367
f 2474//2474 2373//2373 2477//2477
f 2372//2372 2373//2373 2474//2474
f 2484//2484 2532//2532 2482//2482
f 2485//2485 2402//2402 2399//2399
f 2485//2485 2532//2532 2402//2402
f 2485//2485 2482//2482 2532//2532
f 2491//2491 2535//2535 2488//2488
f 2488//2488 2537//2537 2493//2493
f 2535//2535 2537//2537 2488//2488
f 2491//2491 2406//2406 2535//2535
f 2491//2491 2373//2373 2406//2406
f 2491//2491 2477//2477 2373//2373
f 2535//2535 2406//2406 2409//2409
f 2409//2409 2537//2537 2535//2535
f 2484//2484 2411//2411 2532//2532
f 2484//2484 2493//2493 2411//2411
f 2493//2493 2537//2537 2411//2411
f 2537//2537 2413//2413 2411//2411
f 2411//2411 2402//2402 2532//2532
f 2409//2409 2413//2413 2537//2537
f 2500//2500 2539//2539 2498//2498
f 2502//2502 2416//2416 2415//2415
f 2502//2502 2539//2539 2416//2416
f 2502//2502 2498//2498 2539//2539
f 2500//2500 2485//2485 2539//2539
f 2485//2485 2399//2399 2539//2539
f 2399//2399 2417//2417 2539//2539
f 2417//2417 2416//2416 2539//2539
f 2415//2415 2418//2418 2449//2449
f 2449//2449 2502//2502 2415//2415
f 2451//2451 2450//2450 2419//2419
f 2450//2450 2418//2418 2419//2419
f 2450//2450 2449//2449 2418//2418
f 2543//2543 2450//2450 2544//2544
f 2449//2449 2450//2450 2543//2543
f 2544//2544 2451//2451 2545//2545
f 2450//2450 2451//2451 2544//2544
f 2547//2547 2553//2553 2546//2546
f 2549//2549 2452//2452 2548//2548
f 2453//2453 2452//2452 2549//2549
f 2551//2551 2454//2454 2550//2550
f 2455//2455 2454//2454 2551//2551
f 2547//2547 2456//2456 2553//2553
f 2547//2547 2550//2550 2456//2456
f 2550//2550 2454//2454 2456//2456
f 2452//2452 2455//2455 2551//2551
f 2551//2551 2548//2548 2452//2452
f 2451//2451 2457//2457 2552//2552
f 2552//2552 2545//2545 2451//2451
f 2457//2457 2453//2453 2549//2549
f 2549//2549 2552//2552 2457//2457
f 2555//2555 2573//2573 2554//2554
f 2554//2554 2573//2573 2556//2556
f 2557//2557 2573//2573 2555//2555
f 2559//2559 2574//2574 2558//2558
f 2556//2556 2573//2573 2557//2557
f 2560//2560 2544//2544 2561//2561
f 2543//2543 2544//2544 2560//2560
f 2559//2559 2544//2544 2574//2574
f 2544//2544 2545//2545 2574//2574
f 2559//2559 2561//2561 2544//2544
f 2563//2563 2575//2575 2562//2562
f 2575//2575 2576//2576 2564//2564
f 2564//2564 2562//2562 2575//2575
f 2565//2565 2547//2547 2546//2546
f 2565//2565 2576//2576 2547//2547
f 2565//2565 2564//2564 2576//2576
f 2577//2577 2575//2575 2563//2563
f 2563//2563 2566//2566 2577//2577
f 2558//2558 2578//2578 2567//2567
f 2574//2574 2578//2578 2558//2558
f 2566//2566 2549//2549 2577//2577
f 2549//2549 2548//2548 2577//2577
f 2566//2566 2578//2578 2549//2549
f 2566//2566 2567//2567 2578//2578
f 2577//2577 2550//2550 2575//2575
f 2550//2550 2576//2576 2575//2575
f 2577//2577 2551//2551 2550//2550
f 2550//2550 2547//2547 2576//2576
f 2548//2548 2551//2551 2577//2577
f 2578//2578 2545//2545 2552//2552
f 2574//2574 2545//2545 2578//2578
f 2552//2552 2549//2549 2578//2578
f 2581//2581 2641//2641 2579//2579
f 2579//2579 2644//2644 2584//2584
f 2641//2641 2644//2644 2579//2579
f 2587//2587 2644//2644 2458//2458
f 2644//2644 2461//2461 2458//2458
f 2587//2587 2584//2584 2644//2644
f 2587//2587 2464//2464 2592//2592
f 2458//2458 2464//2464 2587//2587
f 2598//2598 2648//2648 2596//2596
f 2598//2598 2600//2600 2648//2648
f 2600//2600 2469//2469 2648//2648
f 2600//2600 2472//2472 2469//2469
f 2596//2596 2648//2648 2601//2601
f 2607//2607 2650//2650 2604//2604
f 2609//2609 2601//2601 2474//2474
f 2601//2601 2469//2469 2474//2474
f 2601//2601 2648//2648 2469//2469
f 2607//2607 2474//2474 2650//2650
f 2474//2474 2477//2477 2650//2650
f 2607//2607 2609//2609 2474//2474
f 2615//2615 2653//2653 2614//2614
f 2620//2620 2482//2482 2618//2618
f 2484//2484 2482//2482 2620//2620
f 2615//2615 2618//2618 2653//2653
f 2618//2618 2485//2485 2653//2653
f 2618//2618 2482//2482 2485//2485
f 2622//2622 2491//2491 2488//2488
f 2622//2622 2604//2604 2491//2491
f 2604//2604 2650//2650 2491//2491
f 2622//2622 2493//2493 2624//2624
f 2488//2488 2493//2493 2622//2622
f 2477//2477 2491//2491 2650//2650
f 2493//2493 2484//2484 2620//2620
f 2620//2620 2624//2624 2493//2493
f 2570//2570 2500//2500 2498//2498
f 2570//2570 2653//2653 2500//2500
f 2570//2570 2614//2614 2653//2653
f 2569//2569 2502//2502 2568//2568
f 2569//2569 2571//2571 2502//2502
f 2571//2571 2498//2498 2502//2502
f 2571//2571 2570//2570 2498//2498
f 2485//2485 2500//2500 2653//2653
f 2560//2560 2572//2572 2543//2543
f 2572//2572 2502//2502 2543//2543
f 2502//2502 2449//2449 2543//2543
f 2572//2572 2568//2568 2502//2502
f 2660//2660 2554//2554 2659//2659
f 2555//2555 2554//2554 2660//2660
f 2661//2661 2659//2659 2675//2675
f 2659//2659 2556//2556 2675//2675
f 2659//2659 2554//2554 2556//2556
f 2660//2660 2557//2557 2555//2555
f 2660//2660 2676//2676 2557//2557
f 2660//2660 2662//2662 2676//2676
f 2676//2676 2559//2559 2557//2557
f 2559//2559 2556//2556 2557//2557
f 2559//2559 2558//2558 2556//2556
f 2558//2558 2675//2675 2556//2556
f 2664//2664 2677//2677 2663//2663
f 2665//2665 2569//2569 2568//2568
f 2665//2665 2677//2677 2569//2569
f 2665//2665 2663//2663 2677//2677
f 2664//2664 2570//2570 2677//2677
f 2570//2570 2571//2571 2677//2677
f 2664//2664 2666//2666 2570//2570
f 2571//2571 2569//2569 2677//2677
f 2568//2568 2572//2572 2667//2667
f 2667//2667 2665//2665 2568//2568
f 2667//2667 2560//2560 2668//2668
f 2572//2572 2560//2560 2667//2667
f 2662//2662 2560//2560 2676//2676
f 2560//2560 2561//2561 2676//2676
f 2662//2662 2668//2668 2560//2560
f 2561//2561 2559//2559 2676//2676
f 2670//2670 2562//2562 2669//2669
f 2563//2563 2562//2562 2670//2670
f 2672//2672 2678//2678 2671//2671
f 2669//2669 2564//2564 2673//2673
f 2562//2562 2564//2564 2669//2669
f 2672//2672 2565//2565 2678//2678
f 2672//2672 2673//2673 2565//2565
f 2673//2673 2564//2564 2565//2565
f 2661//2661 2679//2679 2674//2674
f 2675//2675 2679//2679 2661//2661
f 2670//2670 2679//2679 2563//2563
f 2679//2679 2566//2566 2563//2563
f 2670//2670 2674//2674 2679//2679
f 2675//2675 2558//2558 2567//2567
f 2567//2567 2679//2679 2675//2675
f 2567//2567 2566//2566 2679//2679
f 2681//2681 2702//2702 2680//2680
f 2702//2702 2703//2703 2682//2682
f 2682//2682 2680//2680 2702//2702
f 2660//2660 2659//2659 2683//2683
f 2683//2683 2684//2684 2660//2660
f 2683//2683 2661//2661 2685//2685
f 2659//2659 2661//2661 2683//2683
f 2684//2684 2682//2682 2660//2660
f 2682//2682 2703//2703 2660//2660
f 2703//2703 2662//2662 2660//2660
f 2687//2687 2663//2663 2686//2686
f 2664//2664 2663//2663 2687//2687
f 2686//2686 2665//2665 2688//2688
f 2663//2663 2665//2665 2686//2686
f 2666//2666 2664//2664 2687//2687
f 2687//2687 2689//2689 2666//2666
f 2681//2681 2667//2667 2702//2702
f 2681//2681 2688//2688 2667//2667
f 2688//2688 2665//2665 2667//2667
f 2702//2702 2667//2667 2668//2668
f 2668//2668 2703//2703 2702//2702
f 2668//2668 2662//2662 2703//2703
f 2691//2691 2704//2704 2690//2690
f 2692//2692 2690//2690 2669//2669
f 2690//2690 2670//2670 2669//2669
f 2690//2690 2704//2704 2670//2670
f 2694//2694 2705//2705 2693//2693
f 2695//2695 2672//2672 2671//2671
f 2695//2695 2705//2705 2672//2672
f 2695//2695 2693//2693 2705//2705
f 2694//2694 2673//2673 2705//2705
f 2694//2694 2669//2669 2673//2673
f 2694//2694 2692//2692 2669//2669
f 2673//2673 2672//2672 2705//2705
f 2691//2691 2661//2661 2704//2704
f 2661//2661 2674//2674 2704//2704
f 2691//2691 2685//2685 2661//2661
f 2674//2674 2670//2670 2704//2704
f 2709//2709 2763//2763 2706//2706
f 2712//2712 2581//2581 2579//2579
f 2712//2712 2763//2763 2581//2581
f 2712//2712 2706//2706 2763//2763
f 2579//2579 2584//2584 2719//2719
f 2719//2719 2712//2712 2579//2579
f 2719//2719 2587//2587 2723//2723
f 2584//2584 2587//2587 2719//2719
f 2587//2587 2592//2592 2726//2726
f 2726//2726 2723//2723 2587//2587
f 2730//2730 2770//2770 2728//2728
f 2728//2728 2765//2765 2733//2733
f 2770//2770 2765//2765 2728//2728
f 2738//2738 2772//2772 2736//2736
f 2741//2741 2598//2598 2596//2596
f 2741//2741 2772//2772 2598//2598
f 2741//2741 2736//2736 2772//2772
f 2738//2738 2733//2733 2772//2772
f 2733//2733 2768//2768 2772//2772
f 2733//2733 2765//2765 2768//2768
f 2598//2598 2772//2772 2768//2768
f 2768//2768 2600//2600 2598//2598
f 2745//2745 2601//2601 2773//2773
f 2745//2745 2741//2741 2601//2601
f 2741//2741 2596//2596 2601//2601
f 2720//2720 2745//2745 2604//2604
f 2745//2745 2607//2607 2604//2604
f 2745//2745 2773//2773 2607//2607
f 2773//2773 2601//2601 2609//2609
f 2609//2609 2607//2607 2773//2773
f 2784//2784 2799//2799 2783//2783
f 2786//2786 2680//2680 2785//2785
f 2681//2681 2680//2680 2786//2786
f 2680//2680 2682//2682 2787//2787
f 2787//2787 2785//2785 2680//2680
f 2789//2789 2683//2683 2788//2788
f 2684//2684 2683//2683 2789//2789
f 2784//2784 2685//2685 2799//2799
f 2784//2784 2788//2788 2685//2685
f 2788//2788 2683//2683 2685//2685
f 2682//2682 2684//2684 2789//2789
f 2789//2789 2787//2787 2682//2682
f 2791//2791 2790//2790 2686//2686
f 2790//2790 2687//2687 2686//2686
f 2790//2790 2800//2800 2687//2687
f 2686//2686 2688//2688 2792//2792
f 2792//2792 2791//2791 2686//2686
f 2689//2689 2687//2687 2800//2800
f 2688//2688 2681//2681 2786//2786
f 2786//2786 2792//2792 2688//2688
f 2696//2696 2697//2697 2794//2794
f 2794//2794 2793//2793 2696//2696
f 2794//2794 2698//2698 2795//2795
f 2697//2697 2698//2698 2794//2794
f 2797//2797 2801//2801 2796//2796
f 2798//2798 2700//2700 2699//2699
f 2798//2798 2801//2801 2700//2700
f 2798//2798 2796//2796 2801//2801
f 2797//2797 2698//2698 2801//2801
f 2698//2698 2701//2701 2801//2801
f 2797//2797 2795//2795 2698//2698
f 2701//2701 2700//2700 2801//2801
f 2802//2802 2829//2829 2803//2803
f 2828//2828 2829//2829 2802//2802
f 2803//2803 2830//2830 2804//2804
f 2829//2829 2830//2830 2803//2803
f 2806//2806 2831//2831 2805//2805
f 2808//2808 2832//2832 2807//2807
f 2806//2806 2783//2783 2831//2831
f 2806//2806 2807//2807 2783//2783
f 2807//2807 2784//2784 2783//2783
f 2807//2807 2832//2832 2784//2784
f 2810//2810 2833//2833 2809//2809
f 2809//2809 2834//2834 2811//2811
f 2833//2833 2834//2834 2809//2809
f 2810//2810 2786//2786 2833//2833
f 2786//2786 2785//2785 2833//2833
f 2810//2810 2830//2830 2786//2786
f 2810//2810 2804//2804 2830//2830
f 2834//2834 2785//2785 2787//2787
f 2833//2833 2785//2785 2834//2834
f 2808//2808 2834//2834 2832//2832
f 2834//2834 2789//2789 2832//2832
f 2789//2789 2788//2788 2832//2832
f 2808//2808 2811//2811 2834//2834
f 2788//2788 2784//2784 2832//2832
f 2787//2787 2789//2789 2834//2834
f 2828//2828 2790//2790 2791//2791
f 2791//2791 2829//2829 2828//2828
f 2830//2830 2791//2791 2792//2792
f 2829//2829 2791//2791 2830//2830
f 2792//2792 2786//2786 2830//2830
f 2793//2793 2794//2794 2813//2813
f 2813//2813 2812//2812 2793//2793
f 2794//2794 2795//2795 2814//2814
f 2814//2814 2813//2813 2794//2794
f 2797//2797 2796//2796 2815//2815
f 2815//2815 2816//2816 2797//2797
f 2815//2815 2798//2798 2817//2817
f 2796//2796 2798//2798 2815//2815
f 2814//2814 2797//2797 2816//2816
f 2795//2795 2797//2797 2814//2814
f 2838//2838 2706//2706 2836//2836
f 2709//2709 2706//2706 2838//2838
f 2841//2841 2836//2836 2882//2882
f 2836//2836 2706//2706 2882//2882
f 2706//2706 2712//2712 2882//2882
f 2712//2712 2719//2719 2886//2886
f 2886//2886 2882//2882 2712//2712
f 2886//2886 2723//2723 2887//2887
f 2719//2719 2723//2723 2886//2886
f 2887//2887 2723//2723 2726//2726
f 2848//2848 2889//2889 2846//2846
f 2851//2851 2891//2891 2850//2850
f 2856//2856 2730//2730 2728//2728
f 2856//2856 2889//2889 2730//2730
f 2856//2856 2846//2846 2889//2889
f 2851//2851 2733//2733 2891//2891
f 2851//2851 2856//2856 2733//2733
f 2856//2856 2728//2728 2733//2733
f 2859//2859 2883//2883 2840//2840
f 2861//2861 2738//2738 2736//2736
f 2861//2861 2850//2850 2738//2738
f 2850//2850 2891//2891 2738//2738
f 2736//2736 2741//2741 2862//2862
f 2862//2862 2861//2861 2736//2736
f 2733//2733 2738//2738 2891//2891
f 2741//2741 2745//2745 2865//2865
f 2865//2865 2862//2862 2741//2741
f 2859//2859 2745//2745 2883//2883
f 2745//2745 2720//2720 2883//2883
f 2859//2859 2865//2865 2745//2745
f 2898//2898 2917//2917 2897//2897
f 2899//2899 2819//2819 2818//2818
f 2899//2899 2917//2917 2819//2819
f 2899//2899 2897//2897 2917//2917
f 2901//2901 2918//2918 2900//2900
f 2900//2900 2919//2919 2902//2902
f 2918//2918 2919//2919 2900//2900
f 2901//2901 2818//2818 2918//2918
f 2818//2818 2820//2820 2918//2918
f 2901//2901 2899//2899 2818//2818
f 2918//2918 2820//2820 2821//2821
f 2821//2821 2919//2919 2918//2918
f 2903//2903 2920//2920 2904//2904
f 2906//2906 2822//2822 2905//2905
f 2823//2823 2822//2822 2906//2906
f 2907//2907 2904//2904 2825//2825
f 2904//2904 2920//2920 2825//2825
f 2920//2920 2824//2824 2825//2825
f 2907//2907 2823//2823 2906//2906
f 2825//2825 2823//2823 2907//2907
f 2822//2822 2826//2826 2908//2908
f 2908//2908 2905//2905 2822//2822
f 2908//2908 2827//2827 2909//2909
f 2826//2826 2827//2827 2908//2908
f 2910//2910 2922//2922 2911//2911
f 2921//2921 2922//2922 2910//2910
f 2911//2911 2922//2922 2912//2912
f 2921//2921 2812//2812 2813//2813
f 2813//2813 2922//2922 2921//2921
f 2913//2913 2922//2922 2814//2814
f 2922//2922 2813//2813 2814//2814
f 2913//2913 2912//2912 2922//2922
f 2816//2816 2815//2815 2914//2914
f 2914//2914 2915//2915 2816//2816
f 2914//2914 2817//2817 2916//2916
f 2815//2815 2817//2817 2914//2914
f 2913//2913 2816//2816 2915//2915
f 2814//2814 2816//2816 2913//2913
f 2924//2924 2941//2941 2923//2923
f 2926//2926 2897//2897 2925//2925
f 2898//2898 2897//2897 2926//2926
f 2924//2924 2899//2899 2941//2941
f 2924//2924 2925//2925 2899//2899
f 2925//2925 2897//2897 2899//2899
f 2927//2927 2901//2901 2900//2900
f 2927//2927 2941//2941 2901//2901
f 2927//2927 2923//2923 2941//2941
f 2927//2927 2902//2902 2928//2928
f 2900//2900 2902//2902 2927//2927
f 2899//2899 2901//2901 2941//2941
f 2930//2930 2929//2929 2942//2942
f 2929//2929 2904//2904 2942//2942
f 2929//2929 2903//2903 2904//2904
f 2931//2931 2930//2930 2905//2905
f 2930//2930 2906//2906 2905//2905
f 2930//2930 2942//2942 2906//2906
f 2942//2942 2904//2904 2907//2907
f 2907//2907 2906//2906 2942//2942
f 2933//2933 2943//2943 2932//2932
f 2931//2931 2908//2908 2934//2934
f 2905//2905 2908//2908 2931//2931
f 2933//2933 2908//2908 2943//2943
f 2908//2908 2909//2909 2943//2943
f 2933//2933 2934//2934 2908//2908
f 2936//2936 2944//2944 2935//2935
f 2944//2944 2945//2945 2937//2937
f 2937//2937 2935//2935 2944//2944
f 2938//2938 2911//2911 2939//2939
f 2910//2910 2911//2911 2938//2938
f 2940//2940 2939//2939 2946//2946
f 2939//2939 2912//2912 2946//2946
f 2939//2939 2911//2911 2912//2912
f 2946//2946 2912//2912 2913//2913
f 2936//2936 2914//2914 2944//2944
f 2936//2936 2946//2946 2914//2914
f 2946//2946 2915//2915 2914//2914
f 2936//2936 2940//2940 2946//2946
f 2944//2944 2914//2914 2916//2916
f 2916//2916 2945//2945 2944//2944
f 2913//2913 2915//2915 2946//2946
f 2951//2951 3002//3002 2947//2947
f 2947//2947 3002//3002 2953//2953
f 2838//2838 2836//2836 3003//3003
f 3003//3003 2836//2836 2841//2841
f 2959//2959 3005//3005 2957//2957
f 2957//2957 3007//3007 2961//2961
f 3005//3005 3007//3007 2957//2957
f 3007//3007 3009//3009 2965//2965
f 2965//2965 2961//2961 3007//3007
f 2968//2968 3009//3009 2846//2846
f 3009//3009 2848//2848 2846//2846
f 2968//2968 2965//2965 3009//3009
f 2974//2974 2850//2850 2971//2971
f 2851//2851 2850//2850 2974//2974
f 2968//2968 2856//2856 2977//2977
f 2846//2846 2856//2856 2968//2968
f 2856//2856 2851//2851 2974//2974
f 2974//2974 2977//2977 2856//2856
f 2981//2981 3012//3012 2980//2980
f 2980//2980 3012//3012 2985//2985
f 2859//2859 2840//2840 2973//2973
f 2973//2973 2987//2987 2859//2859
f 2971//2971 2861//2861 2989//2989
f 2850//2850 2861//2861 2971//2971
f 2981//2981 2861//2861 3012//3012
f 2861//2861 2862//2862 3012//3012
f 2981//2981 2989//2989 2861//2861
f 2993//2993 2985//2985 2865//2865
f 2985//2985 3012//3012 2865//2865
f 3012//3012 2862//2862 2865//2865
f 2993//2993 2859//2859 2987//2987
f 2865//2865 2859//2859 2993//2993
f 3027//3027 3028//3028 3015//3015
f 3015//3015 3014//3014 3027//3027
f 3016//3016 2924//2924 2923//2923
f 3016//3016 3028//3028 2924//2924
f 3016//3016 3015//3015 3028//3028
f 3029//3029 2926//2926 3027//3027
f 2926//2926 2925//2925 3027//3027
f 2925//2925 3028//3028 3027//3027
f 2925//2925 2924//2924 3028//3028
f 3018//3018 3030//3030 3017//3017
f 3016//3016 2927//2927 3019//3019
f 2923//2923 2927//2927 3016//3016
f 3018//3018 2928//2928 3030//3030
f 3018//3018 3019//3019 2928//2928
f 3019//3019 2927//2927 2928//2928
f 3020//3020 3031//3031 3021//3021
f 3022//3022 3021//3021 2930//2930
f 3021//3021 2929//2929 2930//2930
f 3021//3021 3031//3031 2929//2929
f 3022//3022 2931//2931 3023//3023
f 2930//2930 2931//2931 3022//3022
f 3025//3025 3032//3032 3024//3024
f 3026//3026 2933//2933 2932//2932
f 3026//3026 3024//3024 2933//2933
f 3024//3024 3032//3032 2933//2933
f 3025//3025 2931//2931 3032//3032
f 2931//2931 2934//2934 3032//3032
f 3025//3025 3023//3023 2931//2931
f 2934//2934 2933//2933 3032//3032
f 3034//3034 3044//3044 3033//3033
f 3035//3035 3015//3015 3036//3036
f 3014//3014 3015//3015 3035//3035
f 3034//3034 3016//3016 3044//3044
f 3034//3034 3015//3015 3016//3016
f 3034//3034 3036//3036 3015//3015
f 3033//3033 3045//3045 3037//3037
f 3044//3044 3045//3045 3033//3033
f 3038//3038 3018//3018 3017//3017
f 3038//3038 3037//3037 3018//3018
f 3037//3037 3045//3045 3018//3018
f 3044//3044 3016//3016 3019//3019
f 3019//3019 3045//3045 3044//3044
f 3019//3019 3018//3018 3045//3045
f 3040//3040 3021//3021 3046//3046
f 3040//3040 3039//3039 3021//3021
f 3039//3039 3020//3020 3021//3021
f 3040//3040 3047//3047 3041//3041
f 3046//3046 3047//3047 3040//3040
f 3046//3046 3021//3021 3022//3022
f 3047//3047 3022//3022 3023//3023
f 3046//3046 3022//3022 3047//3047
f 3042//3042 3025//3025 3024//3024
f 3042//3042 3041//3041 3025//3025
f 3041//3041 3047//3047 3025//3025
f 3042//3042 3026//3026 3043//3043
f 3024//3024 3026//3026 3042//3042
f 3023//3023 3025//3025 3047//3047
f 3049//3049 3105//3105 3048//3048
f 3053//3053 2951//2951 2947//2947
f 3053//3053 3105//3105 2951//2951
f 3053//3053 3048//3048 3105//3105
f 3056//3056 3053//3053 3107//3107
f 3053//3053 2947//2947 3107//3107
f 2947//2947 2953//2953 3107//3107
f 3056//3056 3107//3107 3058//3058
f 3063//3063 3111//3111 3061//3061
f 3068//3068 2959//2959 2957//2957
f 3068//3068 3111//3111 2959//2959
f 3068//3068 3061//3061 3111//3111
f 3068//3068 2961//2961 3070//3070
f 2957//2957 2961//2961 3068//3068
f 2961//2961 2965//2965 3075//3075
f 3075//3075 3070//3070 2961//2961
f 2965//2965 2968//2968 3078//3078
f 3078//3078 3075//3075 2965//2965
f 2974//2974 2971//2971 3080//3080
f 3080//3080 3083//3083 2974//2974
f 2968//2968 2977//2977 3085//3085
f 3085//3085 3078//3078 2968//2968
f 3085//3085 2974//2974 3083//3083
f 2977//2977 2974//2974 3085//3085
f 3090//3090 3115//3115 3088//3088
f 3092//3092 3115//3115 2980//2980
f 3115//3115 2981//2981 2980//2980
f 3092//3092 3088//3088 3115//3115
f 2980//2980 2985//2985 3094//3094
f 3094//3094 3092//3092 2980//2980
f 2987//2987 2973//2973 3114//3114
f 3090//3090 2971//2971 3115//3115
f 2971//2971 2989//2989 3115//3115
f 3090//3090 3080//3080 2971//2971
f 2989//2989 2981//2981 3115//3115
f 3094//3094 2993//2993 3097//3097
f 2985//2985 2993//2993 3094//3094
f 3086//3086 3097//3097 3114//3114
f 3097//3097 2987//2987 3114//3114
f 3097//3097 2993//2993 2987//2987
f 3095//3095 3117//3117 3099//3099
f 3120//3120 3125//3125 3119//3119
f 3039//3039 3040//3040 3122//3122
f 3122//3122 3121//3121 3039//3039
f 3040//3040 3041//3041 3123//3123
f 3123//3123 3122//3122 3040//3040
f 3041//3041 3042//3042 3124//3124
f 3124//3124 3123//3123 3041//3041
f 3120//3120 3042//3042 3125//3125
f 3042//3042 3043//3043 3125//3125
f 3120//3120 3124//3124 3042//3042
f 3127//3127 3133//3133 3126//3126
f 3126//3126 3134//3134 3128//3128
f 3133//3133 3134//3134 3126//3126
f 3130//3130 3135//3135 3129//3129
f 3128//3128 3136//3136 3131//3131
f 3134//3134 3136//3136 3128//3128
f 3130//3130 3119//3119 3135//3135
f 3130//3130 3131//3131 3119//3119
f 3131//3131 3120//3120 3119//3119
f 3131//3131 3136//3136 3120//3120
f 3127//3127 3121//3121 3133//3133
f 3121//3121 3122//3122 3133//3133
f 3127//3127 3132//3132 3121//3121
f 3133//3133 3122//3122 3123//3123
f 3123//3123 3134//3134 3133//3133
f 3134//3134 3123//3123 3124//3124
f 3124//3124 3136//3136 3134//3134
f 3124//3124 3120//3120 3136//3136
f 3148//3148 3199//3199 3145//3145
f 3151//3151 3049//3049 3048//3048
f 3151//3151 3199//3199 3049//3049
f 3151//3151 3145//3145 3199//3199
f 3151//3151 3053//3053 3155//3155
f 3048//3048 3053//3053 3151//3151
f 3155//3155 3056//3056 3157//3157
f 3053//3053 3056//3056 3155//3155
f 3056//3056 3058//3058 3161//3161
f 3161//3161 3157//3157 3056//3056
f 3166//3166 3201//3201 3164//3164
f 3173//3173 3204//3204 3171//3171
f 3166//3166 3171//3171 3201//3201
f 3171//3171 3061//3061 3201//3201
f 3171//3171 3204//3204 3061//3061
f 3204//3204 3063//3063 3061//3061
f 3201//3201 3205//3205 3176//3176
f 3176//3176 3164//3164 3201//3201
f 3205//3205 3206//3206 3177//3177
f 3177//3177 3176//3176 3205//3205
f 3201//3201 3061//3061 3068//3068
f 3068//3068 3205//3205 3201//3201
f 3206//3206 3068//3068 3070//3070
f 3205//3205 3068//3068 3206//3206
f 3206//3206 3211//3211 3182//3182
f 3182//3182 3177//3177 3206//3206
f 3182//3182 3211//3211 3183//3183
f 3211//3211 3070//3070 3075//3075
f 3206//3206 3070//3070 3211//3211
f 3184//3184 3183//3183 3078//3078
f 3183//3183 3075//3075 3078//3078
f 3183//3183 3211//3211 3075//3075
f 3083//3083 3080//3080 3187//3187
f 3187//3187 3189//3189 3083//3083
f 3184//3184 3085//3085 3190//3190
f 3078//3078 3085//3085 3184//3184
f 3190//3190 3083//3083 3189//3189
f 3085//3085 3083//3083 3190//3190
f 3193//3193 3088//3088 3192//3192
f 3090//3090 3088//3088 3193//3193
f 3192//3192 3092//3092 3194//3194
f 3088//3088 3092//3092 3192//3192
f 3195//3195 3194//3194 3213//3213
f 3194//3194 3094//3094 3213//3213
f 3194//3194 3092//3092 3094//3094
f 3195//3195 3208//3208 3175//3175
f 3213//3213 3208//3208 3195//3195
f 3080//3080 3090//3090 3193//3193
f 3193//3193 3187//3187 3080//3080
f 3213//3213 3094//3094 3097//3097
f 3213//3213 3097//3097 3086//3086
f 3086//3086 3208//3208 3213//3213
f 3180//3180 3210//3210 3196//3196
f 3210//3210 3212//3212 3197//3197
f 3197//3197 3196//3196 3210//3210
f 3212//3212 3198//3198 3137//3137
f 3137//3137 3197//3197 3212//3212
f 3220//3220 3282//3282 3218//3218
f 3223//3223 3148//3148 3145//3145
f 3223//3223 3282//3282 3148//3148
f 3223//3223 3218//3218 3282//3282
f 3223//3223 3151//3151 3226//3226
f 3145//3145 3151//3151 3223//3223
f 3151//3151 3155//3155 3228//3228
f 3228//3228 3226//3226 3151//3151
f 3230//3230 3157//3157 3287//3287
f 3230//3230 3155//3155 3157//3157
f 3230//3230 3228//3228 3155//3155
f 3287//3287 3157//3157 3161//3161
f 3234//3234 3290//3290 3233//3233
f 3233//3233 3290//3290 3236//3236
f 3239//3239 3292//3292 3238//3238
f 3240//3240 3238//3238 3164//3164
f 3238//3238 3292//3292 3164//3164
f 3292//3292 3166//3166 3164//3164
f 3239//3239 3171//3171 3292//3292
f 3239//3239 3173//3173 3171//3171
f 3239//3239 3243//3243 3173//3173
f 3171//3171 3166//3166 3292//3292
f 3234//3234 3176//3176 3290//3290
f 3234//3234 3164//3164 3176//3176
f 3234//3234 3240//3240 3164//3164
f 3248//3248 3236//3236 3177//3177
f 3236//3236 3176//3176 3177//3177
f 3236//3236 3290//3290 3176//3176
f 3248//3248 3182//3182 3251//3251
f 3177//3177 3182//3182 3248//3248
f 3251//3251 3183//3183 3254//3254
f 3182//3182 3183//3183 3251//3251
f 3183//3183 3184//3184 3256//3256
f 3256//3256 3254//3254 3183//3183
f 3189//3189 3187//3187 3260//3260
f 3260//3260 3263//3263 3189//3189
f 3266//3266 3190//3190 3296//3296
f 3266//3266 3256//3256 3190//3190
f 3256//3256 3184//3184 3190//3190
f 3263//3263 3267//3267 3189//3189
f 3267//3267 3190//3190 3189//3189
f 3267//3267 3296//3296 3190//3190
f 3272//3272 3298//3298 3270//3270
f 3193//3193 3192//3192 3300//3300
f 3272//3272 3194//3194 3298//3298
f 3272//3272 3192//3192 3194//3194
f 3272//3272 3273//3273 3192//3192
f 3273//3273 3300//3300 3192//3192
f 3270//3270 3302//3302 3274//3274
f 3298//3298 3302//3302 3270//3270
f 3302//3302 3303//3303 3268//3268
f 3268//3268 3274//3274 3302//3302
f 3298//3298 3194//3194 3195//3195
f 3195//3195 3302//3302 3298//3298
f 3302//3302 3195//3195 3175//3175
f 3175//3175 3303//3303 3302//3302
f 3276//3276 3193//3193 3300//3300
f 3276//3276 3187//3187 3193//3193
f 3276//3276 3260//3260 3187//3187
f 3276//3276 3300//3300 3273//3273
f 3262//3262 3304//3304 3277//3277
f 3277//3277 3305//3305 3278//3278
f 3304//3304 3305//3305 3277//3277
f 3279//3279 3180//3180 3196//3196
f 3279//3279 3278//3278 3180//3180
f 3278//3278 3305//3305 3180//3180
f 3281//3281 3306//3306 3280//3280
f 3280//3280 3283//3283 3222//3222
f 3306//3306 3283//3283 3280//3280
f 3281//3281 3196//3196 3306//3306
f 3196//3196 3197//3197 3306//3306
f 3281//3281 3279//3279 3196//3196
f 3283//3283 3197//3197 3137//3137
f 3306//3306 3197//3197 3283//3283
f 3308//3308 3373//3373 3307//3307
f 3315//3315 3376//3376 3309//3309
f 3307//3307 3378//3378 3318//3318
f 3373//3373 3378//3378 3307//3307
f 3315//3315 3218//3218 3376//3376
f 3315//3315 3318//3318 3218//3218
f 3318//3318 3220//3220 3218//3218
f 3318//3318 3378//3378 3220//3220
f 3376//3376 3380//3380 3319//3319
f 3319//3319 3309//3309 3376//3376
f 3319//3319 3382//3382 3322//3322
f 3380//3380 3382//3382 3319//3319
f 3376//3376 3218//3218 3223//3223
f 3223//3223 3380//3380 3376//3376
f 3382//3382 3223//3223 3226//3226
f 3380//3380 3223//3223 3382//3382
f 3322//3322 3382//3382 3327//3327
f 3329//3329 3327//3327 3228//3228
f 3327//3327 3382//3382 3228//3228
f 3382//3382 3226//3226 3228//3228
f 3331//3331 3228//3228 3386//3386
f 3228//3228 3230//3230 3386//3386
f 3331//3331 3329//3329 3228//3228
f 3331//3331 3386//3386 3332//3332
f 3337//3337 3388//3388 3335//3335
f 3339//3339 3234//3234 3233//3233
f 3339//3339 3388//3388 3234//3234
f 3339//3339 3335//3335 3388//3388
f 3344//3344 3339//3339 3389//3389
f 3339//3339 3236//3236 3389//3389
f 3339//3339 3233//3233 3236//3236
f 3239//3239 3238//3238 3346//3346
f 3346//3346 3348//3348 3239//3239
f 3337//3337 3346//3346 3388//3388
f 3346//3346 3238//3238 3388//3388
f 3238//3238 3240//3240 3388//3388
f 3350//3350 3239//3239 3348//3348
f 3243//3243 3239//3239 3350//3350
f 3240//3240 3234//3234 3388//3388
f 3389//3389 3236//3236 3248//3248
f 3344//3344 3389//3389 3354//3354
f 3358//3358 3354//3354 3251//3251
f 3354//3354 3389//3389 3251//3251
f 3389//3389 3248//3248 3251//3251
f 3358//3358 3254//3254 3359//3359
f 3251//3251 3254//3254 3358//3358
f 3359//3359 3256//3256 3361//3361
f 3254//3254 3256//3256 3359//3359
f 3263//3263 3260//3260 3393//3393
f 3256//3256 3266//3266 3362//3362
f 3362//3362 3361//3361 3256//3256
f 3364//3364 3365//3365 3393//3393
f 3365//3365 3267//3267 3393//3393
f 3267//3267 3263//3263 3393//3393
f 3367//3367 3395//3395 3366//3366
f 3368//3368 3272//3272 3270//3270
f 3368//3368 3395//3395 3272//3272
f 3368//3368 3366//3366 3395//3395
f 3369//3369 3395//3395 3367//3367
f 3396//3396 3395//3395 3369//3369
f 3272//3272 3395//3395 3396//3396
f 3396//3396 3273//3273 3272//3272
f 3270//3270 3274//3274 3370//3370
f 3370//3370 3368//3368 3270//3270
f 3370//3370 3268//3268 3360//3360
f 3274//3274 3268//3268 3370//3370
f 3369//3369 3260//3260 3396//3396
f 3260//3260 3276//3276 3396//3396
f 3369//3369 3393//3393 3260//3260
f 3369//3369 3371//3371 3393//3393
f 3276//3276 3273//3273 3396//3396
f 3364//3364 3393//3393 3371//3371
f 3355//3355 3394//3394 3372//3372
f 3317//3317 3262//3262 3277//3277
f 3317//3317 3394//3394 3262//3262
f 3317//3317 3372//3372 3394//3394
f 3401//3401 3307//3307 3397//3397
f 3308//3308 3307//3307 3401//3401
f 3405//3405 3454//3454 3403//3403
f 3408//3408 3315//3315 3309//3309
f 3408//3408 3454//3454 3315//3315
f 3408//3408 3403//3403 3454//3454
f 3405//3405 3397//3397 3454//3454
f 3397//3397 3318//3318 3454//3454
f 3397//3397 3307//3307 3318//3318
f 3318//3318 3315//3315 3454//3454
f 3408//3408 3319//3319 3409//3409
f 3309//3309 3319//3319 3408//3408
f 3409//3409 3322//3322 3410//3410
f 3319//3319 3322//3322 3409//3409
f 3413//3413 3327//3327 3459//3459
f 3413//3413 3322//3322 3327//3327
f 3413//3413 3410//3410 3322//3322
f 3459//3459 3460//3460 3415//3415
f 3415//3415 3413//3413 3459//3459
f 3459//3459 3327//3327 3329//3329
f 3460//3460 3329//3329 3331//3331
f 3459//3459 3329//3329 3460//3460
f 3415//3415 3460//3460 3419//3419
f 3421//3421 3419//3419 3462//3462
f 3419//3419 3332//3332 3462//3462
f 3419//3419 3331//3331 3332//3332
f 3419//3419 3460//3460 3331//3331
f 3421//3421 3463//3463 3423//3423
f 3462//3462 3463//3463 3421//3421
f 3427//3427 3335//3335 3426//3426
f 3337//3337 3335//3335 3427//3427
f 3426//3426 3339//3339 3429//3429
f 3335//3335 3339//3339 3426//3426
f 3429//3429 3344//3344 3432//3432
f 3339//3339 3344//3344 3429//3429
f 3348//3348 3346//3346 3465//3465
f 3427//3427 3465//3465 3337//3337
f 3465//3465 3346//3346 3337//3337
f 3427//3427 3435//3435 3465//3465
f 3436//3436 3423//3423 3465//3465
f 3423//3423 3463//3463 3465//3465
f 3463//3463 3350//3350 3465//3465
f 3350//3350 3348//3348 3465//3465
f 3436//3436 3465//3465 3435//3435
f 3437//3437 3466//3466 3420//3420
f 3438//3438 3432//3432 3469//3469
f 3432//3432 3354//3354 3469//3469
f 3432//3432 3344//3344 3354//3354
f 3438//3438 3469//3469 3439//3439
f 3441//3441 3470//3470 3440//3440
f 3469//3469 3354//3354 3358//3358
f 3442//3442 3358//3358 3471//3471
f 3358//3358 3359//3359 3471//3471
f 3442//3442 3469//3469 3358//3358
f 3442//3442 3439//3439 3469//3469
f 3471//3471 3359//3359 3361//3361
f 3442//3442 3471//3471 3443//3443
f 3444//3444 3470//3470 3441//3441
f 3472//3472 3470//3470 3444//3444
f 3445//3445 3362//3362 3467//3467
f 3445//3445 3471//3471 3362//3362
f 3471//3471 3361//3361 3362//3362
f 3445//3445 3443//3443 3471//3471
f 3444//3444 3467//3467 3472//3472
f 3467//3467 3365//3365 3472//3472
f 3365//3365 3364//3364 3472//3472
f 3444//3444 3445//3445 3467//3467
f 3447//3447 3366//3366 3446//3446
f 3367//3367 3366//3366 3447//3447
f 3446//3446 3368//3368 3448//3448
f 3366//3366 3368//3368 3446//3446
f 3447//3447 3369//3369 3367//3367
f 3447//3447 3470//3470 3369//3369
f 3447//3447 3440//3440 3470//3470
f 3368//3368 3370//3370 3449//3449
f 3449//3449 3448//3448 3368//3368
f 3437//3437 3449//3449 3466//3466
f 3449//3449 3370//3370 3466//3466
f 3370//3370 3360//3360 3466//3466
f 3371//3371 3470//3470 3472//3472
f 3369//3369 3470//3470 3371//3371
f 3364//3364 3371//3371 3472//3472
f 3450//3450 3458//3458 3406//3406
f 3434//3434 3372//3372 3451//3451
f 3355//3355 3372//3372 3434//3434
f 3450//3450 3451//3451 3458//3458
f 3451//3451 3372//3372 3458//3458
f 3372//3372 3317//3317 3458//3458
f 3404//3404 3456//3456 3452//3452
f 3456//3456 3453//3453 3398//3398
f 3398//3398 3452//3452 3456//3456
f 3475//3475 3530//3530 3473//3473
f 3478//3478 3531//3531 3476//3476
f 3475//3475 3397//3397 3530//3530
f 3475//3475 3476//3476 3397//3397
f 3476//3476 3531//3531 3397//3397
f 3531//3531 3401//3401 3397//3397
f 3480//3480 3405//3405 3403//3403
f 3480//3480 3530//3530 3405//3405
f 3480//3480 3473//3473 3530//3530
f 3403//3403 3408//3408 3482//3482
f 3482//3482 3480//3480 3403//3403
f 3397//3397 3405//3405 3530//3530
f 3482//3482 3409//3409 3484//3484
f 3408//3408 3409//3409 3482//3482
f 3484//3484 3410//3410 3485//3485
f 3409//3409 3410//3410 3484//3484
f 3488//3488 3533//3533 3487//3487
f 3533//3533 3535//3535 3489//3489
f 3489//3489 3487//3487 3533//3533
f 3535//3535 3537//3537 3490//3490
f 3490//3490 3489//3489 3535//3535
f 3537//3537 3538//3538 3491//3491
f 3491//3491 3490//3490 3537//3537
f 3488//3488 3410//3410 3533//3533
f 3410//3410 3413//3413 3533//3533
f 3488//3488 3485//3485 3410//3410
f 3535//3535 3413//3413 3415//3415
f 3533//3533 3413//3413 3535//3535
f 3419//3419 3535//3535 3415//3415
f 3419//3419 3537//3537 3535//3535
f 3419//3419 3540//3540 3537//3537
f 3541//3541 3537//3537 3540//3540
f 3538//3538 3537//3537 3541//3541
f 3540//3540 3419//3419 3421//3421
f 3541//3541 3421//3421 3423//3423
f 3540//3540 3421//3421 3541//3541
f 3491//3491 3538//3538 3492//3492
f 3427//3427 3426//3426 3494//3494
f 3494//3494 3495//3495 3427//3427
f 3494//3494 3429//3429 3497//3497
f 3426//3426 3429//3429 3494//3494
f 3429//3429 3432//3432 3499//3499
f 3499//3499 3497//3497 3429//3429
f 3538//3538 3541//3541 3501//3501
f 3501//3501 3492//3492 3538//3538
f 3435//3435 3427//3427 3495//3495
f 3495//3495 3503//3503 3435//3435
f 3505//3505 3501//3501 3436//3436
f 3501//3501 3541//3541 3436//3436
f 3541//3541 3423//3423 3436//3436
f 3505//3505 3435//3435 3503//3503
f 3436//3436 3435//3435 3505//3505
f 3510//3510 3543//3543 3508//3508
f 3506//3506 3437//3437 3420//3420
f 3506//3506 3543//3543 3437//3437
f 3506//3506 3508//3508 3543//3543
f 3432//3432 3438//3438 3511//3511
f 3511//3511 3499//3499 3432//3432
f 3511//3511 3439//3439 3512//3512
f 3438//3438 3439//3439 3511//3511
f 3516//3516 3545//3545 3514//3514
f 3518//3518 3546//3546 3517//3517
f 3516//3516 3441//3441 3545//3545
f 3441//3441 3440//3440 3545//3545
f 3516//3516 3546//3546 3441//3441
f 3516//3516 3517//3517 3546//3546
f 3439//3439 3442//3442 3520//3520
f 3520//3520 3512//3512 3439//3439
f 3518//3518 3548//3548 3546//3546
f 3518//3518 3520//3520 3548//3548
f 3520//3520 3443//3443 3548//3548
f 3520//3520 3442//3442 3443//3443
f 3444//3444 3546//3546 3548//3548
f 3441//3441 3546//3546 3444//3444
f 3548//3548 3443//3443 3445//3445
f 3445//3445 3444//3444 3548//3548
f 3523//3523 3447//3447 3446//3446
f 3523//3523 3514//3514 3447//3447
f 3514//3514 3545//3545 3447//3447
f 3446//3446 3448//3448 3524//3524
f 3524//3524 3523//3523 3446//3446
f 3440//3440 3447//3447 3545//3545
f 3510//3510 3448//3448 3543//3543
f 3448//3448 3449//3449 3543//3543
f 3510//3510 3524//3524 3448//3448
f 3449//3449 3437//3437 3543//3543
f 3552//3552 3598//3598 3550//3550
f 3550//3550 3600//3600 3554//3554
f 3598//3598 3600//3600 3550//3550
f 3554//3554 3602//3602 3555//3555
f 3600//3600 3602//3602 3554//3554
f 3558//3558 3603//3603 3557//3557
f 3559//3559 3475//3475 3473//3473
f 3559//3559 3603//3603 3475//3475
f 3559//3559 3557//3557 3603//3603
f 3558//3558 3476//3476 3603//3603
f 3558//3558 3555//3555 3476//3476
f 3555//3555 3478//3478 3476//3476
f 3555//3555 3602//3602 3478//3478
f 3476//3476 3475//3475 3603//3603
f 3561//3561 3604//3604 3560//3560
f 3473//3473 3480//3480 3562//3562
f 3562//3562 3559//3559 3473//3473
f 3480//3480 3482//3482 3563//3563
f 3563//3563 3562//3562 3480//3480
f 3482//3482 3484//3484 3564//3564
f 3564//3564 3563//3563 3482//3482
f 3561//3561 3484//3484 3604//3604
f 3484//3484 3485//3485 3604//3604
f 3561//3561 3564//3564 3484//3484
f 3566//3566 3488//3488 3487//3487
f 3566//3566 3604//3604 3488//3488
f 3566//3566 3560//3560 3604//3604
f 3566//3566 3489//3489 3568//3568
f 3487//3487 3489//3489 3566//3566
f 3568//3568 3490//3490 3571//3571
f 3489//3489 3490//3490 3568//3568
f 3571//3571 3491//3491 3572//3572
f 3490//3490 3491//3491 3571//3571
f 3485//3485 3488//3488 3604//3604
f 3572//3572 3492//3492 3575//3575
f 3491//3491 3492//3492 3572//3572
f 3495//3495 3494//3494 3606//3606
f 3578//3578 3579//3579 3497//3497
f 3579//3579 3494//3494 3497//3497
f 3579//3579 3606//3606 3494//3494
f 3578//3578 3499//3499 3580//3580
f 3497//3497 3499//3499 3578//3578
f 3581//3581 3575//3575 3607//3607
f 3575//3575 3492//3492 3607//3607
f 3492//3492 3501//3501 3607//3607
f 3583//3583 3495//3495 3606//3606
f 3583//3583 3503//3503 3495//3495
f 3583//3583 3581//3581 3503//3503
f 3581//3581 3607//3607 3503//3503
f 3607//3607 3501//3501 3505//3505
f 3505//3505 3503//3503 3607//3607
f 3583//3583 3606//3606 3579//3579
f 3510//3510 3508//3508 3609//3609
f 3577//3577 3609//3609 3506//3506
f 3609//3609 3508//3508 3506//3506
f 3577//3577 3586//3586 3609//3609
f 3499//3499 3511//3511 3588//3588
f 3588//3588 3580//3580 3499//3499
f 3588//3588 3512//3512 3589//3589
f 3511//3511 3512//3512 3588//3588
f 3591//3591 3610//3610 3590//3590
f 3592//3592 3516//3516 3514//3514
f 3592//3592 3610//3610 3516//3516
f 3592//3592 3590//3590 3610//3610
f 3591//3591 3593//3593 3610//3610
f 3593//3593 3517//3517 3610//3610
f 3593//3593 3518//3518 3517//3517
f 3517//3517 3516//3516 3610//3610
f 3512//3512 3520//3520 3594//3594
f 3594//3594 3589//3589 3512//3512
f 3520//3520 3518//3518 3593//3593
f 3593//3593 3594//3594 3520//3520
f 3514//3514 3523//3523 3595//3595
f 3595//3595 3592//3592 3514//3514
f 3523//3523 3524//3524 3596//3596
f 3596//3596 3595//3595 3523//3523
f 3597//3597 3596//3596 3609//3609
f 3596//3596 3510//3510 3609//3609
f 3596//3596 3524//3524 3510//3510
f 3597//3597 3609//3609 3586//3586
f 3616//3616 3654//3654 3615//3615
f 3615//3615 3655//3655 3617//3617
f 3654//3654 3655//3655 3615//3615
f 3618//3618 3552//3552 3550//3550
f 3618//3618 3655//3655 3552//3552
f 3618//3618 3617//3617 3655//3655
f 3618//3618 3554//3554 3620//3620
f 3550//3550 3554//3554 3618//3618
f 3620//3620 3555//3555 3621//3621
f 3554//3554 3555//3555 3620//3620
f 3623//3623 3557//3557 3622//3622
f 3558//3558 3557//3557 3623//3623
f 3557//3557 3559//3559 3626//3626
f 3626//3626 3622//3622 3557//3557
f 3555//3555 3558//3558 3623//3623
f 3623//3623 3621//3621 3555//3555
f 3631//3631 3657//3657 3629//3629
f 3657//3657 3658//3658 3633//3633
f 3633//3633 3629//3629 3657//3657
f 3635//3635 3561//3561 3560//3560
f 3635//3635 3658//3658 3561//3561
f 3635//3635 3633//3633 3658//3658
f 3559//3559 3562//3562 3637//3637
f 3637//3637 3626//3626 3559//3559
f 3631//3631 3563//3563 3657//3657
f 3631//3631 3637//3637 3563//3563
f 3637//3637 3562//3562 3563//3563
f 3657//3657 3563//3563 3564//3564
f 3564//3564 3658//3658 3657//3657
f 3564//3564 3561//3561 3658//3658
f 3635//3635 3566//3566 3638//3638
f 3560//3560 3566//3566 3635//3635
f 3566//3566 3568//3568 3639//3639
f 3639//3639 3638//3638 3566//3566
f 3639//3639 3571//3571 3641//3641
f 3568//3568 3571//3571 3639//3639
f 3641//3641 3572//3572 3642//3642
f 3571//3571 3572//3572 3641//3641
f 3645//3645 3642//3642 3660//3660
f 3642//3642 3575//3575 3660//3660
f 3642//3642 3572//3572 3575//3575
f 3660//3660 3661//3661 3646//3646
f 3646//3646 3645//3645 3660//3660
f 3647//3647 3661//3661 3578//3578
f 3661//3661 3579//3579 3578//3578
f 3647//3647 3646//3646 3661//3661
f 3578//3578 3580//3580 3648//3648
f 3648//3648 3647//3647 3578//3578
f 3660//3660 3575//3575 3581//3581
f 3660//3660 3581//3581 3583//3583
f 3583//3583 3661//3661 3660//3660
f 3583//3583 3579//3579 3661//3661
f 3614//3614 3659//3659 3649//3649
f 3636//3636 3659//3659 3577//3577
f 3659//3659 3586//3586 3577//3577
f 3636//3636 3649//3649 3659//3659
f 3580//3580 3588//3588 3650//3650
f 3650//3650 3648//3648 3580//3580
f 3651//3651 3650//3650 3656//3656
f 3650//3650 3589//3589 3656//3656
f 3650//3650 3588//3588 3589//3589
f 3653//3653 3590//3590 3652//3652
f 3591//3591 3590//3590 3653//3653
f 3652//3652 3592//3592 3611//3611
f 3590//3590 3592//3592 3652//3652
f 3653//3653 3651//3651 3591//3591
f 3651//3651 3593//3593 3591//3591
f 3651//3651 3656//3656 3593//3593
f 3665//3665 3708//3708 3663//3663
f 3667//3667 3616//3616 3615//3615
f 3667//3667 3708//3708 3616//3616
f 3667//3667 3663//3663 3708//3708
f 3667//3667 3617//3617 3669//3669
f 3615//3615 3617//3617 3667//3667
f 3669//3669 3618//3618 3670//3670
f 3617//3617 3618//3618 3669//3669
f 3672//3672 3710//3710 3671//3671
f 3618//3618 3620//3620 3673//3673
f 3673//3673 3670//3670 3618//3618
f 3672//3672 3673//3673 3710//3710
f 3673//3673 3621//3621 3710//3710
f 3673//3673 3620//3620 3621//3621
f 3674//3674 3623//3623 3622//3622
f 3674//3674 3710//3710 3623//3623
f 3674//3674 3671//3671 3710//3710
f 3622//3622 3626//3626 3675//3675
f 3675//3675 3674//3674 3622//3622
f 3621//3621 3623//3623 3710//3710
f 3677//3677 3629//3629 3676//3676
f 3631//3631 3629//3629 3677//3677
f 3680//3680 3711//3711 3678//3678
f 3676//3676 3633//3633 3682//3682
f 3629//3629 3633//3633 3676//3676
f 3680//3680 3635//3635 3711//3711
f 3680//3680 3682//3682 3635//3635
f 3682//3682 3633//3633 3635//3635
f 3675//3675 3637//3637 3683//3683
f 3626//3626 3637//3637 3675//3675
f 3637//3637 3631//3631 3677//3677
f 3677//3677 3683//3683 3637//3637
f 3711//3711 3712//3712 3684//3684
f 3684//3684 3678//3678 3711//3711
f 3684//3684 3713//3713 3687//3687
f 3712//3712 3713//3713 3684//3684
f 3711//3711 3635//3635 3638//3638
f 3638//3638 3712//3712 3711//3711
f 3712//3712 3638//3638 3639//3639
f 3639//3639 3713//3713 3712//3712
f 3713//3713 3714//3714 3689//3689
f 3689//3689 3687//3687 3713//3713
f 3689//3689 3715//3715 3690//3690
f 3714//3714 3715//3715 3689//3689
f 3714//3714 3639//3639 3641//3641
f 3713//3713 3639//3639 3714//3714
f 3715//3715 3641//3641 3642//3642
f 3714//3714 3641//3641 3715//3715
f 3690//3690 3715//3715 3691//3691
f 3693//3693 3642//3642 3645//3645
f 3693//3693 3691//3691 3642//3642
f 3691//3691 3715//3715 3642//3642
f 3645//3645 3646//3646 3695//3695
f 3695//3695 3693//3693 3645//3645
f 3646//3646 3647//3647 3696//3696
f 3696//3696 3695//3695 3646//3646
f 3696//3696 3648//3648 3698//3698
f 3647//3647 3648//3648 3696//3696
f 3668//3668 3705//3705 3699//3699
f 3700//3700 3614//3614 3649//3649
f 3700//3700 3705//3705 3614//3614
f 3700//3700 3699//3699 3705//3705
f 3649//3649 3636//3636 3688//3688
f 3688//3688 3700//3700 3649//3649
f 3648//3648 3650//3650 3701//3701
f 3701//3701 3698//3698 3648//3648
f 3650//3650 3651//3651 3702//3702
f 3702//3702 3701//3701 3650//3650
f 3704//3704 3652//3652 3703//3703
f 3653//3653 3652//3652 3704//3704
f 3652//3652 3611//3611 3664//3664
f 3664//3664 3703//3703 3652//3652
f 3651//3651 3653//3653 3704//3704
f 3704//3704 3702//3702 3651//3651
f 3718//3718 3754//3754 3716//3716
f 3721//3721 3665//3665 3663//3663
f 3721//3721 3754//3754 3665//3665
f 3721//3721 3716//3716 3754//3754
f 3663//3663 3667//3667 3727//3727
f 3727//3727 3721//3721 3663//3663
f 3729//3729 3755//3755 3728//3728
f 3727//3727 3669//3669 3730//3730
f 3667//3667 3669//3669 3727//3727
f 3729//3729 3670//3670 3755//3755
f 3729//3729 3669//3669 3670//3670
f 3729//3729 3730//3730 3669//3669
f 3728//3728 3756//3756 3731//3731
f 3755//3755 3756//3756 3728//3728
f 3732//3732 3672//3672 3671//3671
f 3732//3732 3756//3756 3672//3672
f 3732//3732 3731//3731 3756//3756
f 3755//3755 3670//3670 3673//3673
f 3673//3673 3756//3756 3755//3755
f 3673//3673 3672//3672 3756//3756
f 3671//3671 3674//3674 3733//3733
f 3733//3733 3732//3732 3671//3671
f 3733//3733 3675//3675 3734//3734
f 3674//3674 3675//3675 3733//3733
f 3737//3737 3758//3758 3735//3735
f 3739//3739 3735//3735 3676//3676
f 3735//3735 3758//3758 3676//3676
f 3758//3758 3677//3677 3676//3676
f 3741//3741 3759//3759 3740//3740
f 3742//3742 3680//3680 3678//3678
f 3742//3742 3759//3759 3680//3680
f 3742//3742 3740//3740 3759//3759
f 3741//3741 3676//3676 3759//3759
f 3676//3676 3682//3682 3759//3759
f 3741//3741 3739//3739 3676//3676
f 3682//3682 3680//3680 3759//3759
f 3737//3737 3675//3675 3758//3758
f 3675//3675 3683//3683 3758//3758
f 3737//3737 3734//3734 3675//3675
f 3683//3683 3677//3677 3758//3758
f 3742//3742 3684//3684 3744//3744
f 3678//3678 3684//3684 3742//3742
f 3684//3684 3687//3687 3745//3745
f 3745//3745 3744//3744 3684//3684
f 3687//3687 3689//3689 3746//3746
f 3746//3746 3745//3745 3687//3687
f 3746//3746 3690//3690 3747//3747
f 3689//3689 3690//3690 3746//3746
f 3748//3748 3691//3691 3760//3760
f 3748//3748 3747//3747 3691//3691
f 3747//3747 3690//3690 3691//3691
f 3748//3748 3761//3761 3749//3749
f 3760//3760 3761//3761 3748//3748
f 3760//3760 3691//3691 3693//3693
f 3761//3761 3693//3693 3695//3695
f 3760//3760 3693//3693 3761//3761
f 3749//3749 3761//3761 3750//3750
f 3751//3751 3750//3750 3696//3696
f 3750//3750 3761//3761 3696//3696
f 3761//3761 3695//3695 3696//3696
f 3751//3751 3698//3698 3717//3717
f 3696//3696 3698//3698 3751//3751
f 3726//3726 3699//3699 3752//3752
f 3668//3668 3699//3699 3726//3726
f 3699//3699 3700//3700 3753//3753
f 3753//3753 3752//3752 3699//3699
f 3700//3700 3688//3688 3738//3738
f 3738//3738 3753//3753 3700//3700
f 3762//3762 3718//3718 3716//3716
f 3762//3762 3782//3782 3718//3718
f 3764//3764 3784//3784 3763//3763
f 3763//3763 3786//3786 3765//3765
f 3784//3784 3786//3786 3763//3763
f 3764//3764 3762//3762 3784//3784
f 3762//3762 3721//3721 3784//3784
f 3762//3762 3716//3716 3721//3721
f 3784//3784 3721//3721 3727//3727
f 3727//3727 3786//3786 3784//3784
f 3786//3786 3788//3788 3766//3766
f 3766//3766 3765//3765 3786//3786
f 3767//3767 3729//3729 3728//3728
f 3767//3767 3766//3766 3729//3729
f 3766//3766 3788//3788 3729//3729
f 3786//3786 3727//3727 3730//3730
f 3730//3730 3788//3788 3786//3786
f 3730//3730 3729//3729 3788//3788
f 3769//3769 3789//3789 3768//3768
f 3728//3728 3731//3731 3770//3770
f 3770//3770 3767//3767 3728//3728
f 3770//3770 3732//3732 3771//3771
f 3731//3731 3732//3732 3770//3770
f 3771//3771 3733//3733 3772//3772
f 3732//3732 3733//3733 3771//3771
f 3769//3769 3734//3734 3789//3789
f 3769//3769 3772//3772 3734//3734
f 3772//3772 3733//3733 3734//3734
f 3774//3774 3791//3791 3773//3773
f 3775//3775 3737//3737 3735//3735
f 3775//3775 3789//3789 3737//3737
f 3775//3775 3768//3768 3789//3789
f 3774//3774 3775//3775 3791//3791
f 3775//3775 3739//3739 3791//3791
f 3775//3775 3735//3735 3739//3739
f 3776//3776 3741//3741 3740//3740
f 3776//3776 3791//3791 3741//3741
f 3776//3776 3773//3773 3791//3791
f 3740//3740 3742//3742 3777//3777
f 3777//3777 3776//3776 3740//3740
f 3739//3739 3741//3741 3791//3791
f 3734//3734 3737//3737 3789//3789
f 3792//3792 3794//3794 3778//3778
f 3794//3794 3795//3795 3779//3779
f 3779//3779 3778//3778 3794//3794
f 3779//3779 3795//3795 3780//3780
f 3744//3744 3745//3745 3792//3792
f 3794//3794 3745//3745 3746//3746
f 3792//3792 3745//3745 3794//3794
f 3795//3795 3746//3746 3747//3747
f 3794//3794 3746//3746 3795//3795
f 3781//3781 3747//3747 3748//3748
f 3781//3781 3780//3780 3747//3747
f 3780//3780 3795//3795 3747//3747
f 3748//3748 3749//3749 3781//3781
f 3796//3796 3750//3750 3751//3751
f 3783//3783 3751//3751 3717//3717
f 3796//3796 3751//3751 3783//3783
f 3790//3790 3726//3726 3752//3752
f 1079//1079 1139//1139 1077//1077
f 1082//1082 1050//1050 1049//1049
f 1082//1082 1139//1139 1050//1050
f 1082//1082 1077//1077 1139//1139
f 1086//1086 1053//1053 1052//1052
f 1086//1086 1143//1143 1053//1053
f 1086//1086 1084//1084 1143//1143
f 1052//1052 1054//1054 1088//1088
f 1088//1088 1086//1086 1052//1052
f 1039//1039 1053//1053 1143//1143
f 1079//1079 1055//1055 1139//1139
f 1079//1079 1054//1054 1055//1055
f 1079//1079 1088//1088 1054//1054
f 1055//1055 1050//1050 1139//1139
f 1094//1094 1146//1146 1092//1092
f 1082//1082 1057//1057 1095//1095
f 1049//1049 1057//1057 1082//1082
f 1094//1094 1059//1059 1146//1146
f 1094//1094 1095//1095 1059//1059
f 1095//1095 1057//1057 1059//1059
f 1146//1146 1149//1149 1097//1097
f 1097//1097 1092//1092 1146//1146
f 1100//1100 1097//1097 999//999
f 1097//1097 1060//1060 999//999
f 1097//1097 1149//1149 1060//1060
f 1146//1146 1059//1059 1061//1061
f 1061//1061 1149//1149 1146//1146
f 1061//1061 1060//1060 1149//1149
f 1100//1100 1002//1002 1105//1105
f 999//999 1002//1002 1100//1100
f 1075//1075 1004//1004 1137//1137
f 1075//1075 1105//1105 1004//1004
f 1105//1105 1002//1002 1004//1004
f 1137//1137 1004//1004 1007//1007
f 1007//1007 1138//1138 1137//1137
f 1007//1007 1000//1000 1138//1138
f 356//356 388//388 354//354
f 354//354 390//390 358//358
f 388//388 390//390 354//354
f 356//356 307//307 388//388
f 307//307 309//309 388//388
f 356//356 360//360 307//307
f 388//388 309//309 311//311
f 311//311 390//390 388//388
f 362//362 316//316 314//314
f 362//362 358//358 316//316
f 358//358 390//390 316//316
f 364//364 317//317 391//391
f 364//364 362//362 317//317
f 362//362 314//314 317//317
f 311//311 316//316 390//390
f 391//391 317//317 319//319
f 391//391 392//392 366//366
f 366//366 364//364 391//391
f 366//366 392//392 369//369
f 392//392 319//319 322//322
f 391//391 319//319 392//392
f 371//371 369//369 324//324
f 369//369 322//322 324//324
f 369//369 392//392 322//322
f 916//916 897//897 979//979
f 897//897 901//901 979//979
f 916//916 917//917 897//897
f 901//901 899//899 979//979
f 924//924 982//982 922//922
f 982//982 985//985 927//927
f 927//927 922//922 982//982
f 924//924 844//844 982//982
f 844//844 847//847 982//982
f 924//924 929//929 844//844
f 982//982 847//847 850//850
f 850//850 985//985 982//982
f 932//932 927//927 853//853
f 927//927 855//855 853//853
f 927//927 985//985 855//855
f 853//853 858//858 935//935
f 935//935 932//932 853//853
f 850//850 855//855 985//985
f 914//914 858//858 980//980
f 858//858 861//861 980//980
f 914//914 935//935 858//858
f 861//861 848//848 980//980
f 1076//1076 1142//1142 1078//1078
f 1140//1140 1142//1142 1076//1076
f 1078//1078 1144//1144 1081//1081
f 1142//1142 1144//1144 1078//1078
f 1090//1090 1147//1147 1093//1093
f 1140//1140 1051//1051 1056//1056
f 1142//1142 1056//1056 1058//1058
f 1140//1140 1056//1056 1142//1142
f 1142//1142 1058//1058 1045//1045
f 1045//1045 1144//1144 1142//1142
f 1099//1099 1152//1152 1098//1098
f 1104//1104 1153//1153 1102//1102
f 1106//1106 1081//1081 1001//1001
f 1081//1081 1144//1144 1001//1001
f 1144//1144 1003//1003 1001//1001
f 1104//1104 1001//1001 1153//1153
f 1001//1001 1006//1006 1153//1153
f 1104//1104 1106//1106 1001//1001
f 1109//1109 1012//1012 1010//1010
f 1109//1109 1153//1153 1012//1012
f 1109//1109 1102//1102 1153//1153
f 1099//1099 1014//1014 1152//1152
f 1099//1099 1010//1010 1014//1014
f 1099//1099 1109//1109 1010//1010
f 1006//1006 1012//1012 1153//1153
f 1113//1113 1015//1015 1111//1111
f 1018//1018 1015//1015 1113//1113
f 1098//1098 1154//1154 1115//1115
f 1152//1152 1154//1154 1098//1098
f 1113//1113 1115//1115 1018//1018
f 1115//1115 1154//1154 1018//1018
f 1154//1154 1019//1019 1018//1018
f 1111//1111 1022//1022 1117//1117
f 1015//1015 1022//1022 1111//1111
f 1117//1117 1024//1024 1119//1119
f 1022//1022 1024//1024 1117//1117
f 1152//1152 1014//1014 1025//1025
f 1025//1025 1154//1154 1152//1152
f 1025//1025 1019//1019 1154//1154
f 1123//1123 1029//1029 1121//1121
f 1030//1030 1029//1029 1123//1123
f 1121//1121 1033//1033 1124//1124
f 1029//1029 1033//1033 1121//1121
f 1124//1124 1035//1035 1126//1126
f 1033//1033 1035//1035 1124//1124
f 1128//1128 1143//1143 1084//1084
f 1126//1126 1037//1037 1130//1130
f 1035//1035 1037//1037 1126//1126
f 1128//1128 1039//1039 1143//1143
f 1128//1128 1037//1037 1039//1039
f 1128//1128 1130//1130 1037//1037
f 1024//1024 1042//1042 1132//1132
f 1132//1132 1119//1119 1024//1024
f 1132//1132 1043//1043 1133//1133
f 1042//1042 1043//1043 1132//1132
f 1043//1043 1044//1044 1134//1134
f 1134//1134 1133//1133 1043//1043
f 1044//1044 1030//1030 1123//1123
f 1123//1123 1134//1134 1044//1044
f 1045//1045 1003//1003 1144//1144
f 568//568 523//523 569//569
f 522//522 523//523 568//568
f 569//569 524//524 570//570
f 523//523 524//524 569//569
f 524//524 525//525 571//571
f 571//571 570//570 524//524
f 525//525 527//527 573//573
f 573//573 571//571 525//525
f 578//578 619//619 576//576
f 579//579 530//530 529//529
f 579//579 619//619 530//530
f 579//579 576//576 619//619
f 578//578 573//573 619//619
f 573//573 527//527 619//619
f 527//527 532//532 619//619
f 532//532 530//530 619//619
f 579//579 534//534 581//581
f 529//529 534//534 579//579
f 534//534 536//536 583//583
f 583//583 581//581 534//534
f 587//587 621//621 586//586
f 590//590 541//541 540//540
f 590//590 621//621 541//541
f 590//590 586//586 621//621
f 590//590 543//543 592//592
f 540//540 543//543 590//590
f 536//536 544//544 593//593
f 593//593 583//583 536//536
f 587//587 544//544 621//621
f 544//544 546//546 621//621
f 587//587 593//593 544//544
f 546//546 541//541 621//621
f 592//592 549//549 595//595
f 543//543 549//549 592//592
f 597//597 595//595 622//622
f 595//595 549//549 622//622
f 549//549 551//551 622//622
f 597//597 622//622 600//600
f 622//622 551//551 553//553
f 602//602 600//600 554//554
f 600//600 622//622 554//554
f 622//622 553//553 554//554
f 554//554 556//556 604//604
f 604//604 602//602 554//554
f 608//608 624//624 606//606
f 610//610 606//606 624//624
f 604//604 561//561 611//611
f 556//556 561//561 604//604
f 616//616 625//625 615//615
f 773//773 829//829 740//740
f 829//829 741//741 740//740
f 773//773 770//770 829//829
f 773//773 743//743 776//776
f 740//740 743//743 773//773
f 780//780 831//831 778//778
f 782//782 747//747 745//745
f 782//782 831//831 747//747
f 782//782 778//778 831//831
f 780//780 776//776 831//831
f 776//776 748//748 831//831
f 776//776 743//743 748//748
f 748//748 747//747 831//831
f 738//738 741//741 829//829
f 782//782 751//751 786//786
f 745//745 751//751 782//782
f 771//771 752//752 825//825
f 771//771 786//786 752//752
f 786//786 751//751 752//752
f 825//825 752//752 753//753
f 753//753 826//826 825//825
f 826//826 753//753 754//754
f 754//754 827//827 826//826
f 754//754 698//698 827//827
f 1161//1161 1079//1079 1077//1077
f 1161//1161 1220//1220 1079//1079
f 1161//1161 1158//1158 1220//1220
f 1161//1161 1082//1082 1164//1164
f 1077//1077 1082//1082 1161//1161
f 1084//1084 1086//1086 1169//1169
f 1169//1169 1168//1168 1084//1084
f 1171//1171 1086//1086 1220//1220
f 1086//1086 1088//1088 1220//1220
f 1171//1171 1169//1169 1086//1086
f 1088//1088 1079//1079 1220//1220
f 1177//1177 1224//1224 1174//1174
f 1178//1178 1094//1094 1092//1092
f 1178//1178 1224//1224 1094//1094
f 1178//1178 1174//1174 1224//1224
f 1177//1177 1095//1095 1224//1224
f 1177//1177 1164//1164 1095//1095
f 1164//1164 1082//1082 1095//1095
f 1095//1095 1094//1094 1224//1224
f 1092//1092 1097//1097 1182//1182
f 1182//1182 1178//1178 1092//1092
f 1097//1097 1100//1100 1186//1186
f 1186//1186 1182//1182 1097//1097
f 1186//1186 1105//1105 1191//1191
f 1100//1100 1105//1105 1186//1186
f 1105//1105 1075//1075 1157//1157
f 1157//1157 1191//1191 1105//1105
f 2083//2083 2145//2145 2082//2082
f 2098//2098 2152//2152 2094//2094
f 2101//2101 1983//1983 1980//1980
f 2101//2101 2152//2152 1983//1983
f 2101//2101 2094//2094 2152//2152
f 2106//2106 1989//1989 1986//1986
f 2106//2106 2153//2153 1989//1989
f 2106//2106 2105//2105 2153//2153
f 2106//2106 1992//1992 2109//2109
f 1986//1986 1992//1992 2106//2106
f 1995//1995 1989//1989 2153//2153
f 2098//2098 1992//1992 2152//2152
f 1992//1992 1997//1997 2152//2152
f 2098//2098 2109//2109 1992//1992
f 1997//1997 1983//1983 2152//2152
f 1980//1980 2001//2001 2113//2113
f 2113//2113 2101//2101 1980//1980
f 2001//2001 2002//2002 2115//2115
f 2115//2115 2113//2113 2001//2001
f 2121//2121 2154//2154 2118//2118
f 2124//2124 2010//2010 2007//2007
f 2124//2124 2154//2154 2010//2010
f 2124//2124 2118//2118 2154//2154
f 2121//2121 2002//2002 2154//2154
f 2002//2002 2012//2012 2154//2154
f 2121//2121 2115//2115 2002//2002
f 2012//2012 2010//2010 2154//2154
f 2124//2124 2016//2016 2127//2127
f 2007//2007 2016//2016 2124//2124
f 2127//2127 2019//2019 2130//2130
f 2016//2016 2019//2019 2127//2127
f 2083//2083 2019//2019 2145//2145
f 2019//2019 2022//2022 2145//2145
f 2083//2083 2130//2130 2019//2019
f 2145//2145 2022//2022 2026//2026
f 2090//2090 2147//2147 2138//2138
f 2147//2147 2148//2148 2093//2093
f 2093//2093 2138//2138 2147//2147
f 2140//2140 2155//2155 2139//2139
f 2141//2141 2034//2034 2033//2033
f 2141//2141 2155//2155 2034//2034
f 2141//2141 2139//2139 2155//2155
f 2142//2142 2035//2035 2085//2085
f 2036//2036 2035//2035 2142//2142
f 2033//2033 2037//2037 2143//2143
f 2143//2143 2141//2141 2033//2033
f 2037//2037 2036//2036 2142//2142
f 2142//2142 2143//2143 2037//2037
f 2140//2140 2032//2032 2155//2155
f 2032//2032 2038//2038 2155//2155
f 2140//2140 2137//2137 2032//2032
f 2038//2038 2034//2034 2155//2155
f 2585//2585 2643//2643 2582//2582
f 2582//2582 2645//2645 2588//2588
f 2643//2643 2645//2645 2582//2582
f 2645//2645 2647//2647 2590//2590
f 2590//2590 2588//2588 2645//2645
f 2594//2594 2463//2463 2595//2595
f 2460//2460 2463//2463 2594//2594
f 2585//2585 2463//2463 2643//2643
f 2463//2463 2465//2465 2643//2643
f 2585//2585 2595//2595 2463//2463
f 2643//2643 2465//2465 2467//2467
f 2467//2467 2645//2645 2643//2643
f 2647//2647 2467//2467 2470//2470
f 2645//2645 2467//2467 2647//2647
f 2590//2590 2647//2647 2599//2599
f 2605//2605 2649//2649 2602//2602
f 2608//2608 2599//2599 2473//2473
f 2599//2599 2470//2470 2473//2473
f 2599//2599 2647//2647 2470//2470
f 2608//2608 2476//2476 2611//2611
f 2473//2473 2476//2476 2608//2608
f 2611//2611 2479//2479 2613//2613
f 2476//2476 2479//2479 2611//2611
f 2605//2605 2652//2652 2649//2649
f 2605//2605 2613//2613 2652//2652
f 2613//2613 2481//2481 2652//2652
f 2613//2613 2479//2479 2481//2481
f 2652//2652 2481//2481 2483//2483
f 2619//2619 2654//2654 2616//2616
f 2649//2649 2656//2656 2621//2621
f 2621//2621 2602//2602 2649//2649
f 2619//2619 2656//2656 2654//2654
f 2656//2656 2657//2657 2654//2654
f 2619//2619 2621//2621 2656//2656
f 2623//2623 2492//2492 2489//2489
f 2623//2623 2616//2616 2492//2492
f 2616//2616 2654//2654 2492//2492
f 2581//2581 2494//2494 2641//2641
f 2581//2581 2489//2489 2494//2494
f 2581//2581 2623//2623 2489//2489
f 2492//2492 2654//2654 2657//2657
f 2657//2657 2497//2497 2492//2492
f 2658//2658 2649//2649 2652//2652
f 2656//2656 2649//2649 2658//2658
f 2658//2658 2501//2501 2656//2656
f 2501//2501 2499//2499 2656//2656
f 2499//2499 2657//2657 2656//2656
f 2652//2652 2483//2483 2503//2503
f 2503//2503 2658//2658 2652//2652
f 2503//2503 2501//2501 2658//2658
f 2499//2499 2497//2497 2657//2657
f 2641//2641 2494//2494 2504//2504
f 2504//2504 2644//2644 2641//2641
f 2504//2504 2461//2461 2644//2644
f 2592//2592 2506//2506 2625//2625
f 2464//2464 2506//2506 2592//2592
f 2506//2506 2508//2508 2627//2627
f 2627//2627 2625//2625 2506//2506
f 2508//2508 2511//2511 2630//2630
f 2630//2630 2627//2627 2508//2508
f 2630//2630 2513//2513 2632//2632
f 2511//2511 2513//2513 2630//2630
f 2513//2513 2515//2515 2634//2634
f 2634//2634 2632//2632 2513//2513
f 2515//2515 2517//2517 2636//2636
f 2636//2636 2634//2634 2515//2515
f 2636//2636 2518//2518 2637//2637
f 2517//2517 2518//2518 2636//2636
f 2518//2518 2472//2472 2600//2600
f 2600//2600 2637//2637 2518//2518
f 2710//2710 2764//2764 2707//2707
f 2714//2714 2767//2767 2713//2713
f 2713//2713 2767//2767 2715//2715
f 2769//2769 2615//2615 2614//2614
f 2714//2714 2707//2707 2767//2767
f 2707//2707 2618//2618 2767//2767
f 2707//2707 2764//2764 2618//2618
f 2764//2764 2620//2620 2618//2618
f 2717//2717 2715//2715 2769//2769
f 2715//2715 2615//2615 2769//2769
f 2715//2715 2618//2618 2615//2615
f 2715//2715 2767//2767 2618//2618
f 2604//2604 2622//2622 2722//2722
f 2722//2722 2720//2720 2604//2604
f 2710//2710 2722//2722 2764//2764
f 2722//2722 2622//2622 2764//2764
f 2622//2622 2624//2624 2764//2764
f 2624//2624 2620//2620 2764//2764
f 2689//2689 2725//2725 2666//2666
f 2725//2725 2769//2769 2666//2666
f 2769//2769 2614//2614 2666//2666
f 2614//2614 2570//2570 2666//2666
f 2717//2717 2769//2769 2725//2725
f 2729//2729 2774//2774 2727//2727
f 2774//2774 2775//2775 2732//2732
f 2732//2732 2727//2727 2774//2774
f 2729//2729 2671//2671 2774//2774
f 2671//2671 2580//2580 2774//2774
f 2671//2671 2678//2678 2580//2580
f 2678//2678 2565//2565 2580//2580
f 2729//2729 2695//2695 2671//2671
f 2774//2774 2580//2580 2583//2583
f 2583//2583 2775//2775 2774//2774
f 2737//2737 2589//2589 2586//2586
f 2737//2737 2775//2775 2589//2589
f 2737//2737 2732//2732 2775//2775
f 2737//2737 2591//2591 2740//2740
f 2586//2586 2591//2591 2737//2737
f 2744//2744 2777//2777 2743//2743
f 2777//2777 2779//2779 2696//2696
f 2696//2696 2743//2743 2777//2777
f 2744//2744 2591//2591 2777//2777
f 2591//2591 2593//2593 2777//2777
f 2744//2744 2740//2740 2591//2591
f 2779//2779 2593//2593 2597//2597
f 2777//2777 2593//2593 2779//2779
f 2583//2583 2589//2589 2775//2775
f 2708//2708 2766//2766 2748//2748
f 2749//2749 2606//2606 2603//2603
f 2749//2749 2766//2766 2606//2606
f 2749//2749 2748//2748 2766//2766
f 2749//2749 2610//2610 2755//2755
f 2603//2603 2610//2610 2749//2749
f 2755//2755 2610//2610 2612//2612
f 2698//2698 2697//2697 2782//2782
f 2697//2697 2779//2779 2782//2782
f 2697//2697 2696//2696 2779//2779
f 2700//2700 2626//2626 2699//2699
f 2700//2700 2628//2628 2626//2626
f 2700//2700 2701//2701 2628//2628
f 2701//2701 2782//2782 2628//2628
f 2701//2701 2698//2698 2782//2782
f 2779//2779 2597//2597 2629//2629
f 2629//2629 2782//2782 2779//2779
f 2629//2629 2628//2628 2782//2782
f 2626//2626 2631//2631 2758//2758
f 2758//2758 2699//2699 2626//2626
f 2631//2631 2633//2633 2711//2711
f 2711//2711 2758//2758 2631//2631
f 2835//2835 2828//2828 2802//2802
f 2883//2883 2885//2885 2843//2843
f 2843//2843 2840//2840 2883//2883
f 2844//2844 2710//2710 2707//2707
f 2844//2844 2885//2885 2710//2710
f 2844//2844 2843//2843 2885//2885
f 2847//2847 2713//2713 2845//2845
f 2714//2714 2713//2713 2847//2847
f 2849//2849 2715//2715 2888//2888
f 2849//2849 2845//2845 2715//2715
f 2845//2845 2713//2713 2715//2715
f 2707//2707 2714//2714 2847//2847
f 2847//2847 2844//2844 2707//2707
f 2888//2888 2715//2715 2717//2717
f 2885//2885 2720//2720 2722//2722
f 2883//2883 2720//2720 2885//2885
f 2722//2722 2710//2710 2885//2885
f 2835//2835 2790//2790 2828//2828
f 2835//2835 2849//2849 2790//2790
f 2849//2849 2725//2725 2790//2790
f 2725//2725 2800//2800 2790//2790
f 2725//2725 2689//2689 2800//2800
f 2849//2849 2888//2888 2725//2725
f 2717//2717 2725//2725 2888//2888
f 2819//2819 2892//2892 2818//2818
f 2821//2821 2820//2820 2727//2727
f 2820//2820 2729//2729 2727//2727
f 2820//2820 2892//2892 2729//2729
f 2820//2820 2818//2818 2892//2892
f 2727//2727 2732//2732 2854//2854
f 2854//2854 2821//2821 2727//2727
f 2857//2857 2690//2690 2692//2692
f 2857//2857 2783//2783 2690//2690
f 2783//2783 2691//2691 2690//2690
f 2783//2783 2799//2799 2691//2691
f 2857//2857 2831//2831 2783//2783
f 2857//2857 2805//2805 2831//2831
f 2819//2819 2693//2693 2892//2892
f 2693//2693 2695//2695 2892//2892
f 2819//2819 2857//2857 2693//2693
f 2857//2857 2694//2694 2693//2693
f 2857//2857 2692//2692 2694//2694
f 2685//2685 2691//2691 2799//2799
f 2695//2695 2729//2729 2892//2892
f 2823//2823 2895//2895 2822//2822
f 2854//2854 2737//2737 2824//2824
f 2732//2732 2737//2737 2854//2854
f 2823//2823 2825//2825 2895//2895
f 2825//2825 2737//2737 2895//2895
f 2737//2737 2740//2740 2895//2895
f 2825//2825 2824//2824 2737//2737
f 2827//2827 2826//2826 2743//2743
f 2826//2826 2744//2744 2743//2743
f 2826//2826 2895//2895 2744//2744
f 2826//2826 2822//2822 2895//2895
f 2812//2812 2827//2827 2793//2793
f 2827//2827 2743//2743 2793//2793
f 2743//2743 2696//2696 2793//2793
f 2740//2740 2744//2744 2895//2895
f 2867//2867 2896//2896 2864//2864
f 2896//2896 2884//2884 2868//2868
f 2868//2868 2864//2864 2896//2896
f 2871//2871 2708//2708 2748//2748
f 2871//2871 2884//2884 2708//2708
f 2871//2871 2868//2868 2884//2884
f 2871//2871 2749//2749 2873//2873
f 2748//2748 2749//2749 2871//2871
f 2867//2867 2798//2798 2896//2896
f 2798//2798 2758//2758 2896//2896
f 2798//2798 2699//2699 2758//2758
f 2867//2867 2817//2817 2798//2798
f 2896//2896 2758//2758 2711//2711
f 2711//2711 2884//2884 2896//2896
f 118//118 90//90 119//119
f 89//89 90//90 118//118
f 119//119 91//91 120//120
f 90//90 91//91 119//119
f 120//120 92//92 122//122
f 91//91 92//92 120//120
f 467//467 412//412 468//468
f 411//411 412//412 467//467
f 468//468 413//413 469//469
f 412//412 413//413 468//468
f 472//472 504//504 471//471
f 475//475 415//415 414//414
f 475//475 504//504 415//415
f 475//475 471//471 504//504
f 472//472 413//413 504//504
f 413//413 416//416 504//504
f 472//472 469//469 413//413
f 416//416 415//415 504//504
f 419//419 420//420 479//479
f 479//479 477//477 419//419
f 481//481 420//420 506//506
f 420//420 422//422 506//506
f 481//481 479//479 420//420
f 422//422 424//424 506//506
f 486//486 507//507 485//485
f 414//414 428//428 488//488
f 488//488 475//475 414//414
f 488//488 429//429 490//490
f 428//428 429//429 488//488
f 490//490 431//431 492//492
f 429//429 431//431 490//490
f 486//486 433//433 507//507
f 486//486 431//431 433//433
f 486//486 492//492 431//431
f 485//485 507//507 494//494
f 495//495 494//494 435//435
f 494//494 433//433 435//435
f 494//494 507//507 433//433
f 435//435 437//437 498//498
f 498//498 495//495 435//435
f 498//498 440//440 500//500
f 437//437 440//440 498//498
f 685//685 604//604 611//611
f 683//683 604//604 685//685
f 685//685 611//611 613//613
f 613//613 686//686 685//685
f 613//613 608//608 686//686
f 626//626 615//615 681//681
f 626//626 616//616 615//615
f 626//626 629//629 616//616
f 629//629 687//687 616//616
f 610//610 616//616 687//687
f 2431//2431 2433//2433 2359//2359
f 2359//2359 2357//2357 2431//2431
f 2362//2362 2433//2433 2261//2261
f 2433//2433 2264//2264 2261//2261
f 2362//2362 2359//2359 2433//2433
f 2433//2433 2266//2266 2268//2268
f 2431//2431 2266//2266 2433//2433
f 2268//2268 2264//2264 2433//2433
f 2363//2363 2261//2261 2435//2435
f 2261//2261 2271//2271 2435//2435
f 2363//2363 2362//2362 2261//2261
f 2368//2368 2365//2365 2437//2437
f 2365//2365 2273//2273 2437//2437
f 2365//2365 2435//2435 2273//2273
f 2435//2435 2271//2271 2273//2273
f 2368//2368 2437//2437 2371//2371
f 2277//2277 2276//2276 2440//2440
f 2279//2279 2277//2277 2440//2440
f 2437//2437 2285//2285 2444//2444
f 2273//2273 2285//2285 2437//2437
f 2374//2374 2375//2375 2288//2288
f 2375//2375 2444//2444 2288//2288
f 2444//2444 2285//2285 2288//2288
f 2437//2437 2444//2444 2377//2377
f 2377//2377 2371//2371 2437//2437
f 2377//2377 2444//2444 2375//2375
f 2374//2374 2292//2292 2379//2379
f 2288//2288 2292//2292 2374//2374
f 2379//2379 2294//2294 2381//2381
f 2292//2292 2294//2294 2379//2379
f 2386//2386 2446//2446 2385//2385
f 2446//2446 2447//2447 2388//2388
f 2388//2388 2385//2385 2446//2446
f 2448//2448 2446//2446 2386//2386
f 2386//2386 2390//2390 2448//2448
f 2448//2448 2298//2298 2446//2446
f 2298//2298 2447//2447 2446//2446
f 2448//2448 2301//2301 2298//2298
f 2358//2358 2304//2304 2429//2429
f 2358//2358 2306//2306 2304//2304
f 2358//2358 2388//2388 2306//2306
f 2388//2388 2447//2447 2306//2306
f 2392//2392 2361//2361 2308//2308
f 2361//2361 2429//2429 2308//2308
f 2429//2429 2304//2304 2308//2308
f 2298//2298 2306//2306 2447//2447
f 2390//2390 2294//2294 2448//2448
f 2294//2294 2310//2310 2448//2448
f 2390//2390 2381//2381 2294//2294
f 2310//2310 2301//2301 2448//2448
f 2308//2308 2316//2316 2394//2394
f 2394//2394 2392//2392 2308//2308
f 2316//2316 2317//2317 2396//2396
f 2396//2396 2394//2394 2316//2316
f 2396//2396 2320//2320 2398//2398
f 2317//2317 2320//2320 2396//2396
f 2320//2320 2322//2322 2401//2401
f 2401//2401 2398//2398 2320//2320
f 2401//2401 2323//2323 2403//2403
f 2322//2322 2323//2323 2401//2401
f 2407//2407 2325//2325 2405//2405
f 2327//2327 2325//2325 2407//2407
f 2370//2370 2405//2405 2432//2432
f 2405//2405 2328//2328 2432//2432
f 2405//2405 2325//2325 2328//2328
f 2323//2323 2327//2327 2407//2407
f 2407//2407 2403//2403 2323//2323
f 2328//2328 2262//2262 2432//2432
f 2708//2708 2711//2711 2766//2766
f 2711//2711 2633//2633 2766//2766
f 2633//2633 2635//2635 2766//2766
f 2635//2635 2606//2606 2766//2766
f 2718//2718 2594//2594 2716//2716
f 2638//2638 2594//2594 2718//2718
f 2724//2724 2771//2771 2721//2721
f 2718//2718 2639//2639 2638//2638
f 2718//2718 2771//2771 2639//2639
f 2718//2718 2721//2721 2771//2771
f 2640//2640 2639//2639 2771//2771
f 2734//2734 2582//2582 2731//2731
f 2585//2585 2582//2582 2734//2734
f 2731//2731 2588//2588 2735//2735
f 2582//2582 2588//2588 2731//2731
f 2588//2588 2590//2590 2739//2739
f 2739//2739 2735//2735 2588//2588
f 2716//2716 2595//2595 2742//2742
f 2594//2594 2595//2595 2716//2716
f 2595//2595 2585//2585 2734//2734
f 2734//2734 2742//2742 2595//2595
f 2746//2746 2739//2739 2776//2776
f 2739//2739 2599//2599 2776//2776
f 2739//2739 2590//2590 2599//2599
f 2746//2746 2776//2776 2747//2747
f 2751//2751 2778//2778 2750//2750
f 2753//2753 2780//2780 2752//2752
f 2751//2751 2752//2752 2778//2778
f 2752//2752 2780//2780 2778//2778
f 2780//2780 2605//2605 2778//2778
f 2605//2605 2602//2602 2778//2778
f 2776//2776 2599//2599 2608//2608
f 2754//2754 2747//2747 2611//2611
f 2747//2747 2776//2776 2611//2611
f 2776//2776 2608//2608 2611//2611
f 2753//2753 2611//2611 2780//2780
f 2611//2611 2613//2613 2780//2780
f 2753//2753 2754//2754 2611//2611
f 2613//2613 2605//2605 2780//2780
f 2750//2750 2781//2781 2756//2756
f 2778//2778 2781//2781 2750//2750
f 2757//2757 2756//2756 2616//2616
f 2756//2756 2619//2619 2616//2616
f 2756//2756 2781//2781 2619//2619
f 2778//2778 2602//2602 2621//2621
f 2621//2621 2781//2781 2778//2778
f 2621//2621 2619//2619 2781//2781
f 2709//2709 2623//2623 2763//2763
f 2709//2709 2757//2757 2623//2623
f 2757//2757 2616//2616 2623//2623
f 2623//2623 2581//2581 2763//2763
f 2726//2726 2625//2625 2759//2759
f 2592//2592 2625//2625 2726//2726
f 2625//2625 2627//2627 2760//2760
f 2760//2760 2759//2759 2625//2625
f 2627//2627 2630//2630 2761//2761
f 2761//2761 2760//2760 2627//2627
f 2761//2761 2632//2632 2762//2762
f 2630//2630 2632//2632 2761//2761
f 2730//2730 2634//2634 2770//2770
f 2730//2730 2762//2762 2634//2634
f 2762//2762 2632//2632 2634//2634
f 2770//2770 2634//2634 2636//2636
f 2636//2636 2765//2765 2770//2770
f 3664//3664 3612//3612 3666//3666
f 3611//3611 3612//3612 3664//3664
f 3668//3668 3613//3613 3705//3705
f 3668//3668 3612//3612 3613//3613
f 3668//3668 3666//3666 3612//3612
f 3613//3613 3614//3614 3705//3705
f 3681//3681 3706//3706 3679//3679
f 3707//3707 3625//3625 3624//3624
f 3679//3679 3706//3706 3707//3707
f 3706//3706 3627//3627 3707//3707
f 3706//3706 3628//3628 3627//3627
f 3627//3627 3625//3625 3707//3707
f 3686//3686 3630//3630 3685//3685
f 3632//3632 3630//3630 3686//3686
f 3681//3681 3630//3630 3706//3706
f 3630//3630 3634//3634 3706//3706
f 3681//3681 3685//3685 3630//3630
f 3636//3636 3632//3632 3686//3686
f 3686//3686 3688//3688 3636//3636
f 3634//3634 3628//3628 3706//3706
f 3694//3694 3709//3709 3692//3692
f 3665//3665 3692//3692 3708//3708
f 3692//3692 3709//3709 3708//3708
f 3709//3709 3643//3643 3708//3708
f 3709//3709 3644//3644 3643//3643
f 3643//3643 3616//3616 3708//3708
f 3640//3640 3644//3644 3709//3709
f 118//118 119//119 154//154
f 154//154 152//152 118//118
f 119//119 120//120 156//156
f 156//156 154//154 119//119
f 120//120 122//122 158//158
f 158//158 156//156 120//120
f 161//161 158//158 122//122
f 628//628 631//631 699//699
f 699//699 696//696 628//628
f 699//699 632//632 701//701
f 631//631 632//632 699//699
f 632//632 634//634 704//704
f 704//704 701//701 632//632
f 634//634 636//636 705//705
f 705//705 704//704 634//634
f 709//709 758//758 638//638
f 758//758 637//637 638//638
f 709//709 711//711 758//758
f 709//709 639//639 713//713
f 638//638 639//639 709//709
f 714//714 758//758 711//711
f 713//713 640//640 716//716
f 639//639 640//640 713//713
f 640//640 641//641 717//717
f 717//717 716//716 640//640
f 644//644 645//645 719//719
f 719//719 718//718 644//644
f 719//719 647//647 721//721
f 645//645 647//647 719//719
f 726//726 762//762 724//724
f 724//724 762//762 727//727
f 726//726 647//647 762//762
f 647//647 648//648 762//762
f 726//726 721//721 647//647
f 728//728 727//727 650//650
f 727//727 762//762 650//650
f 762//762 648//648 650//650
f 731//731 653//653 730//730
f 654//654 653//653 731//731
f 653//653 656//656 734//734
f 734//734 730//730 653//653
f 728//728 654//654 731//731
f 650//650 654//654 728//728
f 656//656 659//659 736//736
f 736//736 734//734 656//656
f 659//659 660//660 738//738
f 738//738 736//736 659//659
f 741//741 662//662 740//740
f 664//664 662//662 741//741
f 740//740 666//666 743//743
f 662//662 666//666 740//740
f 747//747 763//763 745//745
f 666//666 668//668 748//748
f 748//748 743//743 666//666
f 747//747 748//748 763//763
f 748//748 668//668 763//763
f 668//668 670//670 763//763
f 660//660 664//664 741//741
f 741//741 738//738 660//660
f 751//751 672//672 671//671
f 751//751 763//763 672//672
f 751//751 745//745 763//763
f 751//751 673//673 752//752
f 671//671 673//673 751//751
f 670//670 672//672 763//763
f 753//753 674//674 764//764
f 753//753 752//752 674//674
f 752//752 673//673 674//674
f 753//753 765//765 754//754
f 764//764 765//765 753//753
f 764//764 674//674 675//675
f 765//765 675//675 676//676
f 764//764 675//675 765//765
f 698//698 678//678 755//755
f 678//678 677//677 755//755
f 698//698 765//765 678//678
f 698//698 754//754 765//765
f 755//755 677//677 679//679
f 679//679 757//757 755//755
f 676//676 678//678 765//765
f 757//757 679//679 680//680
f 680//680 759//759 757//757
f 759//759 680//680 629//629
f 629//629 756//756 759//759
f 1160//1160 1219//1219 1156//1156
f 1076//1076 1078//1078 1165//1165
f 1165//1165 1163//1163 1076//1076
f 1160//1160 1081//1081 1219//1219
f 1160//1160 1165//1165 1081//1081
f 1165//1165 1078//1078 1081//1081
f 1090//1090 1093//1093 1222//1222
f 1181//1181 1225//1225 1179//1179
f 1184//1184 1099//1099 1098//1098
f 1184//1184 1225//1225 1099//1099
f 1184//1184 1179//1179 1225//1225
f 1219//1219 1227//1227 1187//1187
f 1187//1187 1156//1156 1219//1219
f 1190//1190 1187//1187 1102//1102
f 1187//1187 1104//1104 1102//1102
f 1187//1187 1227//1227 1104//1104
f 1219//1219 1081//1081 1106//1106
f 1106//1106 1227//1227 1219//1219
f 1106//1106 1104//1104 1227//1227
f 1181//1181 1190//1190 1225//1225
f 1190//1190 1102//1102 1225//1225
f 1102//1102 1109//1109 1225//1225
f 1109//1109 1099//1099 1225//1225
f 1113//1113 1111//1111 1193//1193
f 1193//1193 1195//1195 1113//1113
f 1098//1098 1115//1115 1197//1197
f 1197//1197 1184//1184 1098//1098
f 1197//1197 1113//1113 1195//1195
f 1115//1115 1113//1113 1197//1197
f 1193//1193 1117//1117 1199//1199
f 1111//1111 1117//1117 1193//1193
f 1199//1199 1119//1119 1201//1201
f 1117//1117 1119//1119 1199//1199
f 1205//1205 1230//1230 1203//1203
f 1207//1207 1123//1123 1121//1121
f 1207//1207 1230//1230 1123//1123
f 1207//1207 1203//1203 1230//1230
f 1207//1207 1124//1124 1210//1210
f 1121//1121 1124//1124 1207//1207
f 1210//1210 1126//1126 1212//1212
f 1124//1124 1126//1126 1210//1210
f 1214//1214 1233//1233 1213//1213
f 1168//1168 1233//1233 1084//1084
f 1233//1233 1128//1128 1084//1084
f 1168//1168 1213//1213 1233//1233
f 1214//1214 1126//1126 1233//1233
f 1126//1126 1130//1130 1233//1233
f 1214//1214 1212//1212 1126//1126
f 1130//1130 1128//1128 1233//1233
f 1201//1201 1132//1132 1216//1216
f 1119//1119 1132//1132 1201//1201
f 1132//1132 1133//1133 1217//1217
f 1217//1217 1216//1216 1132//1132
f 1205//1205 1217//1217 1230//1230
f 1217//1217 1133//1133 1230//1230
f 1133//1133 1134//1134 1230//1230
f 1134//1134 1123//1123 1230//1230
f 1171//1171 1220//1220 1158//1158
f 1407//1407 1469//1469 1405//1405
f 1360//1360 1377//1377 1413//1413
f 1413//1413 1410//1410 1360//1360
f 1377//1377 1378//1378 1415//1415
f 1415//1415 1413//1413 1377//1377
f 1378//1378 1379//1379 1418//1418
f 1418//1418 1415//1415 1378//1378
f 1407//1407 1379//1379 1469//1469
f 1379//1379 1318//1318 1469//1469
f 1407//1407 1418//1418 1379//1379
f 1423//1423 1316//1316 1380//1380
f 1423//1423 1469//1469 1316//1316
f 1423//1423 1405//1405 1469//1469
f 1318//1318 1316//1316 1469//1469
f 1443//1443 1477//1477 1440//1440
f 1443//1443 1324//1324 1477//1477
f 1324//1324 1329//1329 1477//1477
f 1443//1443 1445//1445 1324//1324
f 1451//1451 1480//1480 1449//1449
f 1454//1454 1482//1482 1452//1452
f 1449//1449 1480//1480 1455//1455
f 1454//1454 1456//1456 1482//1482
f 1456//1456 1336//1336 1482//1482
f 1336//1336 1334//1334 1482//1482
f 1457//1457 1341//1341 1338//1338
f 1457//1457 1477//1477 1341//1341
f 1457//1457 1440//1440 1477//1477
f 1451//1451 1484//1484 1480//1480
f 1451//1451 1457//1457 1484//1484
f 1457//1457 1338//1338 1484//1484
f 1338//1338 1343//1343 1484//1484
f 1329//1329 1341//1341 1477//1477
f 1484//1484 1343//1343 1347//1347
f 1458//1458 1455//1455 1349//1349
f 1455//1455 1480//1480 1349//1349
f 1480//1480 1350//1350 1349//1349
f 1480//1480 1484//1484 1350//1350
f 1349//1349 1336//1336 1456//1456
f 1456//1456 1458//1458 1349//1349
f 1347//1347 1350//1350 1484//1484
f 1452//1452 1485//1485 1459//1459
f 1482//1482 1485//1485 1452//1452
f 1485//1485 1486//1486 1460//1460
f 1460//1460 1459//1459 1485//1485
f 1482//1482 1334//1334 1361//1361
f 1361//1361 1485//1485 1482//1482
f 1486//1486 1361//1361 1363//1363
f 1485//1485 1361//1361 1486//1486
f 1460//1460 1487//1487 1461//1461
f 1486//1486 1487//1487 1460//1460
f 1461//1461 1487//1487 1462//1462
f 1486//1486 1363//1363 1365//1365
f 1365//1365 1487//1487 1486//1486
f 1463//1463 1462//1462 1366//1366
f 1462//1462 1365//1365 1366//1366
f 1462//1462 1487//1487 1365//1365
f 1465//1465 1488//1488 1464//1464
f 1488//1488 1489//1489 1466//1466
f 1466//1466 1464//1464 1488//1488
f 1465//1465 1368//1368 1488//1488
f 1465//1465 1463//1463 1368//1368
f 1463//1463 1366//1366 1368//1368
f 1488//1488 1368//1368 1370//1370
f 1370//1370 1489//1489 1488//1488
f 1467//1467 1373//1373 1372//1372
f 1467//1467 1489//1489 1373//1373
f 1467//1467 1466//1466 1489//1489
f 1372//1372 1339//1339 1435//1435
f 1435//1435 1467//1467 1372//1372
f 1370//1370 1373//1373 1489//1489
f 1685//1685 1688//1688 1632//1632
f 1632//1632 1629//1629 1685//1685
f 1634//1634 1565//1565 1519//1519
f 1634//1634 1688//1688 1565//1565
f 1634//1634 1632//1632 1688//1688
f 1559//1559 1567//1567 1692//1692
f 1692//1692 1690//1690 1559//1559
f 1639//1639 1641//1641 1569//1569
f 1641//1641 1692//1692 1569//1569
f 1692//1692 1567//1567 1569//1569
f 1643//1643 1692//1692 1645//1645
f 1690//1690 1692//1692 1643//1643
f 1645//1645 1692//1692 1641//1641
f 1569//1569 1570//1570 1647//1647
f 1647//1647 1639//1639 1569//1569
f 1570//1570 1571//1571 1649//1649
f 1649//1649 1647//1647 1570//1570
f 1649//1649 1572//1572 1652//1652
f 1571//1571 1572//1572 1649//1649
f 1654//1654 1573//1573 1685//1685
f 1654//1654 1652//1652 1573//1573
f 1652//1652 1572//1572 1573//1573
f 1685//1685 1573//1573 1574//1574
f 1574//1574 1688//1688 1685//1685
f 1574//1574 1565//1565 1688//1688
f 1658//1658 1625//1625 1618//1618
f 1663//1663 1698//1698 1662//1662
f 1519//1519 1522//1522 1665//1665
f 1665//1665 1634//1634 1519//1519
f 1663//1663 1665//1665 1698//1698
f 1665//1665 1522//1522 1698//1698
f 1522//1522 1525//1525 1698//1698
f 1668//1668 1529//1529 1527//1527
f 1668//1668 1698//1698 1529//1529
f 1668//1668 1662//1662 1698//1698
f 1658//1658 1532//1532 1625//1625
f 1658//1658 1668//1668 1532//1532
f 1668//1668 1527//1527 1532//1532
f 1525//1525 1529//1529 1698//1698
f 1616//1616 1699//1699 1672//1672
f 1624//1624 1699//1699 1616//1616
f 1674//1674 1539//1539 1538//1538
f 1674//1674 1699//1699 1539//1539
f 1674//1674 1672//1672 1699//1699
f 1541//1541 1602//1602 1511//1511
f 1541//1541 1699//1699 1602//1602
f 1699//1699 1624//1624 1602//1602
f 1541//1541 1539//1539 1699//1699
f 1625//1625 1532//1532 1598//1598
f 1532//1532 1605//1605 1598//1598
f 1532//1532 1510//1510 1605//1605
f 1674//1674 1542//1542 1679//1679
f 1538//1538 1542//1542 1674//1674
f 1542//1542 1543//1543 1680//1680
f 1680//1680 1679//1679 1542//1542
f 1680//1680 1544//1544 1681//1681
f 1543//1543 1544//1544 1680//1680
f 1681//1681 1545//1545 1682//1682
f 1544//1544 1545//1545 1681//1681
f 1628//1628 1545//1545 1683//1683
f 1545//1545 1546//1546 1683//1683
f 1628//1628 1682//1682 1545//1545
f 1546//1546 1520//1520 1683//1683
f 3551//3551 3599//3599 3549//3549
f 3553//3553 3477//3477 3474//3474
f 3553//3553 3599//3599 3477//3477
f 3553//3553 3549//3549 3599//3599
f 3601//3601 3481//3481 3479//3479
f 3556//3556 3474//3474 3601//3601
f 3474//3474 3483//3483 3601//3601
f 3556//3556 3553//3553 3474//3474
f 3483//3483 3481//3481 3601//3601
f 3567//3567 3605//3605 3565//3565
f 3570//3570 3493//3493 3569//3569
f 3496//3496 3493//3493 3570//3570
f 3567//3567 3569//3569 3605//3605
f 3569//3569 3498//3498 3605//3605
f 3569//3569 3493//3493 3498//3498
f 3574//3574 3500//3500 3573//3573
f 3502//3502 3500//3500 3574//3574
f 3573//3573 3504//3504 3576//3576
f 3500//3500 3504//3504 3573//3573
f 3506//3506 3502//3502 3574//3574
f 3574//3574 3577//3577 3506//3506
f 3504//3504 3496//3496 3570//3570
f 3570//3570 3576//3576 3504//3504
f 3551//3551 3565//3565 3599//3599
f 3565//3565 3605//3605 3599//3599
f 3605//3605 3507//3507 3599//3599
f 3605//3605 3509//3509 3507//3507
f 3507//3507 3477//3477 3599//3599
f 3498//3498 3509//3509 3605//3605
f 3584//3584 3513//3513 3582//3582
f 3515//3515 3513//3513 3584//3584
f 3519//3519 3515//3515 3584//3584
f 3584//3584 3585//3585 3519//3519
f 3513//3513 3521//3521 3587//3587
f 3587//3587 3582//3582 3513//3513
f 3552//3552 3522//3522 3598//3598
f 3552//3552 3521//3521 3522//3522
f 3552//3552 3587//3587 3521//3521
f 3525//3525 3600//3600 3522//3522
f 3600//3600 3598//3598 3522//3522
f 3525//3525 3608//3608 3600//3600
f 3608//3608 3527//3527 3600//3600
f 3527//3527 3526//3526 3600//3600
f 3526//3526 3602//3602 3600//3600
f 3608//3608 3525//3525 3528//3528
f 3528//3528 3527//3527 3608//3608
f 3526//3526 3478//3478 3602//3602
f 3783//3783 3717//3717 3719//3719
f 3719//3719 3785//3785 3783//3783
f 3785//3785 3719//3719 3720//3720
f 3720//3720 3787//3787 3785//3785
f 3720//3720 3723//3723 3787//3787
f 3724//3724 3725//3725 3790//3790
f 3725//3725 3726//3726 3790//3790
f 3738//3738 3736//3736 3793//3793
f 3743//3743 3718//3718 3782//3782
f 919//919 978//978 915//915
f 920//920 845//845 843//843
f 920//920 978//978 845//845
f 920//920 915//915 978//978
f 928//928 981//981 925//925
f 920//920 849//849 930//930
f 843//843 849//849 920//920
f 928//928 849//849 981//981
f 849//849 851//851 981//981
f 928//928 930//930 849//849
f 937//937 983//983 934//934
f 941//941 986//986 940//940
f 940//940 986//986 943//943
f 941//941 987//987 986//986
f 941//941 934//934 987//987
f 934//934 983//983 987//987
f 945//945 943//943 856//856
f 943//943 857//857 856//856
f 943//943 987//987 857//857
f 943//943 986//986 987//987
f 946//946 863//863 860//860
f 946//946 981//981 863//863
f 946//946 925//925 981//981
f 937//937 865//865 983//983
f 937//937 946//946 865//865
f 946//946 860//860 865//865
f 851//851 863//863 981//981
f 983//983 865//865 867//867
f 867//867 987//987 983//983
f 867//867 857//857 987//987
f 951//951 990//990 950//950
f 990//990 991//991 953//953
f 953//953 950//950 990//990
f 955//955 872//872 870//870
f 955//955 991//991 872//872
f 955//955 953//953 991//991
f 955//955 874//874 957//957
f 870//870 874//874 955//955
f 959//959 993//993 958//958
f 960//960 878//878 876//876
f 960//960 993//993 878//878
f 960//960 958//958 993//993
f 959//959 945//945 993//993
f 945//945 880//880 993//993
f 945//945 856//856 880//880
f 880//880 878//878 993//993
f 960//960 881//881 961//961
f 876//876 881//881 960//960
f 961//961 883//883 963//963
f 881//881 883//883 961//961
f 951//951 885//885 990//990
f 951//951 883//883 885//885
f 951//951 963//963 883//883
f 990//990 885//885 886//886
f 886//886 991//991 990//990
f 886//886 872//872 991//991
f 919//919 887//887 978//978
f 887//887 888//888 978//978
f 919//919 965//965 887//887
f 888//888 845//845 978//978
f 969//969 996//996 968//968
f 970//970 996//996 890//890
f 996//996 891//891 890//890
f 970//970 968//968 996//996
f 969//969 874//874 996//996
f 874//874 893//893 996//996
f 969//969 957//957 874//874
f 893//893 891//891 996//996
f 970//970 895//895 971//971
f 890//890 895//895 970//970
f 971//971 897//897 917//917
f 895//895 897//897 971//971
f 916//916 979//979 973//973
f 975//975 899//899 898//898
f 975//975 979//979 899//899
f 975//975 973//973 979//979
f 975//975 900//900 976//976
f 898//898 900//900 975//975
f 976//976 844//844 929//929
f 900//900 844//844 976//976
f 1521//1521 1575//1575 1517//1517
f 1524//1524 1407//1407 1405//1405
f 1524//1524 1575//1575 1407//1407
f 1524//1524 1517//1517 1575//1575
f 1410//1410 1413//1413 1530//1530
f 1530//1530 1528//1528 1410//1410
f 1413//1413 1415//1415 1533//1533
f 1533//1533 1530//1530 1413//1413
f 1521//1521 1415//1415 1575//1575
f 1415//1415 1418//1418 1575//1575
f 1521//1521 1533//1533 1415//1415
f 1418//1418 1407//1407 1575//1575
f 1405//1405 1423//1423 1536//1536
f 1536//1536 1524//1524 1405//1405
f 1550//1550 1582//1582 1549//1549
f 1551//1551 1549//1549 1440//1440
f 1549//1549 1443//1443 1440//1440
f 1549//1549 1582//1582 1443//1443
f 1445//1445 1443//1443 1582//1582
f 1555//1555 1585//1585 1554//1554
f 1557//1557 1451//1451 1449//1449
f 1557//1557 1585//1585 1451//1451
f 1557//1557 1554//1554 1585//1585
f 1560//1560 1452//1452 1559//1559
f 1454//1454 1452//1452 1560//1560
f 1562//1562 1557//1557 1586//1586
f 1557//1557 1449//1449 1586//1586
f 1449//1449 1455//1455 1586//1586
f 1560//1560 1562//1562 1454//1454
f 1562//1562 1456//1456 1454//1454
f 1562//1562 1586//1586 1456//1456
f 1555//1555 1440//1440 1585//1585
f 1440//1440 1457//1457 1585//1585
f 1555//1555 1551//1551 1440//1440
f 1457//1457 1451//1451 1585//1585
f 1586//1586 1455//1455 1458//1458
f 1458//1458 1456//1456 1586//1586
f 1565//1565 1576//1576 1519//1519
f 1559//1559 1459//1459 1567//1567
f 1452//1452 1459//1459 1559//1559
f 1567//1567 1460//1460 1569//1569
f 1459//1459 1460//1460 1567//1567
f 1569//1569 1461//1461 1570//1570
f 1460//1460 1461//1461 1569//1569
f 1571//1571 1570//1570 1587//1587
f 1570//1570 1462//1462 1587//1587
f 1570//1570 1461//1461 1462//1462
f 1587//1587 1462//1462 1463//1463
f 1572//1572 1465//1465 1464//1464
f 1572//1572 1587//1587 1465//1465
f 1572//1572 1571//1571 1587//1587
f 1572//1572 1466//1466 1573//1573
f 1464//1464 1466//1466 1572//1572
f 1463//1463 1465//1465 1587//1587
f 1466//1466 1467//1467 1574//1574
f 1574//1574 1573//1573 1466//1466
f 1565//1565 1467//1467 1576//1576
f 1467//1467 1435//1435 1576//1576
f 1565//1565 1574//1574 1467//1467
f 1741//1741 1740//1740 1632//1632
f 1740//1740 1629//1629 1632//1632
f 1740//1740 1736//1736 1629//1629
f 1632//1632 1634//1634 1750//1750
f 1750//1750 1741//1741 1632//1632
f 1756//1756 1639//1639 1754//1754
f 1641//1641 1639//1639 1756//1756
f 1760//1760 1645//1645 1761//1761
f 1643//1643 1645//1645 1760//1760
f 1645//1645 1641//1641 1756//1756
f 1756//1756 1761//1761 1645//1645
f 1754//1754 1647//1647 1763//1763
f 1639//1639 1647//1647 1754//1754
f 1763//1763 1649//1649 1764//1764
f 1647//1647 1649//1649 1763//1763
f 1649//1649 1652//1652 1769//1769
f 1769//1769 1764//1764 1649//1649
f 1652//1652 1654//1654 1739//1739
f 1739//1739 1769//1769 1652//1652
f 1775//1775 1805//1805 1773//1773
f 1805//1805 1807//1807 1778//1778
f 1778//1778 1773//1773 1805//1805
f 1735//1735 1778//1778 1714//1714
f 1778//1778 1807//1807 1714//1714
f 1807//1807 1658//1658 1714//1714
f 1658//1658 1618//1618 1714//1714
f 1782//1782 1810//1810 1781//1781
f 1775//1775 1663//1663 1805//1805
f 1663//1663 1662//1662 1805//1805
f 1775//1775 1810//1810 1663//1663
f 1775//1775 1781//1781 1810//1810
f 1782//1782 1750//1750 1810//1810
f 1750//1750 1634//1634 1810//1810
f 1634//1634 1665//1665 1810//1810
f 1665//1665 1663//1663 1810//1810
f 1805//1805 1662//1662 1668//1668
f 1668//1668 1807//1807 1805//1805
f 1668//1668 1658//1658 1807//1807
f 1786//1786 1711//1711 1672//1672
f 1711//1711 1616//1616 1672//1672
f 1786//1786 1731//1731 1711//1711
f 1786//1786 1674//1674 1788//1788
f 1672//1672 1674//1674 1786//1786
f 1674//1674 1679//1679 1792//1792
f 1792//1792 1788//1788 1674//1674
f 1792//1792 1680//1680 1794//1794
f 1679//1679 1680//1680 1792//1792
f 1680//1680 1681//1681 1799//1799
f 1799//1799 1794//1794 1680//1680
f 1681//1681 1682//1682 1800//1800
f 1800//1800 1799//1799 1681//1681
f 1682//1682 1628//1628 1751//1751
f 1751//1751 1800//1800 1682//1682
f 2085//2085 2039//2039 2086//2086
f 2035//2035 2039//2039 2085//2085
f 2086//2086 2040//2040 2088//2088
f 2039//2039 2040//2040 2086//2086
f 2090//2090 2040//2040 2147//2147
f 2040//2040 2041//2041 2147//2147
f 2090//2090 2088//2088 2040//2040
f 2147//2147 2041//2041 1996//1996
f 1996//1996 2148//2148 2147//2147
f 2148//2148 2150//2150 2096//2096
f 2096//2096 2093//2093 2148//2148
f 2099//2099 1984//1984 1981//1981
f 2099//2099 2096//2096 1984//1984
f 2096//2096 2150//2150 1984//1984
f 2099//2099 1988//1988 2102//2102
f 1981//1981 1988//1988 2099//2099
f 1988//1988 1970//1970 2104//2104
f 2104//2104 2102//2102 1988//1988
f 2075//2075 2107//2107 2067//2067
f 2107//2107 1964//1964 2067//2067
f 1964//1964 1963//1963 2067//2067
f 1963//1963 2070//2070 2067//2067
f 1963//1963 1962//1962 2070//2070
f 2107//2107 1965//1965 1964//1964
f 2107//2107 1969//1969 1965//1965
f 2107//2107 2104//2104 1969//1969
f 2104//2104 1970//1970 1969//1969
f 2111//2111 2069//2069 1991//1991
f 2069//2069 1973//1973 1991//1991
f 2111//2111 2078//2078 2069//2069
f 2148//2148 1996//1996 1999//1999
f 1999//1999 2150//2150 2148//2148
f 1999//1999 1984//1984 2150//2150
f 2117//2117 2003//2003 2116//2116
f 2005//2005 2003//2003 2117//2117
f 2116//2116 2008//2008 2120//2120
f 2003//2003 2008//2008 2116//2116
f 2011//2011 2005//2005 2117//2117
f 2117//2117 2123//2123 2011//2011
f 2008//2008 2014//2014 2125//2125
f 2125//2125 2120//2120 2008//2008
f 2014//2014 2017//2017 2128//2128
f 2128//2128 2125//2125 2014//2014
f 1991//1991 2011//2011 2123//2123
f 2123//2123 2111//2111 1991//1991
f 2017//2017 2021//2021 2132//2132
f 2132//2132 2128//2128 2017//2017
f 2132//2132 2023//2023 2134//2134
f 2021//2021 2023//2023 2132//2132
f 2134//2134 2028//2028 2135//2135
f 2023//2023 2028//2028 2134//2134
f 2135//2135 2029//2029 2136//2136
f 2028//2028 2029//2029 2135//2135
f 2081//2081 2029//2029 2144//2144
f 2029//2029 2030//2030 2144//2144
f 2081//2081 2136//2136 2029//2029
f 2144//2144 2030//2030 2031//2031
f 2031//2031 2146//2146 2144//2144
f 2031//2031 1985//1985 2146//2146
f 2159//2159 2232//2232 2156//2156
f 2156//2156 2234//2234 2163//2163
f 2232//2232 2234//2234 2156//2156
f 2163//2163 2083//2083 2082//2082
f 2163//2163 2234//2234 2083//2083
f 2181//2181 2237//2237 2178//2178
f 2184//2184 2098//2098 2094//2094
f 2184//2184 2237//2237 2098//2098
f 2184//2184 2178//2178 2237//2237
f 2184//2184 2101//2101 2187//2187
f 2094//2094 2101//2101 2184//2184
f 2190//2190 2106//2106 2192//2192
f 2105//2105 2106//2106 2190//2190
f 2181//2181 2192//2192 2237//2237
f 2192//2192 2106//2106 2237//2237
f 2106//2106 2109//2109 2237//2237
f 2109//2109 2098//2098 2237//2237
f 2199//2199 2242//2242 2196//2196
f 2101//2101 2113//2113 2201//2201
f 2201//2201 2187//2187 2101//2101
f 2199//2199 2115//2115 2242//2242
f 2199//2199 2113//2113 2115//2115
f 2199//2199 2201//2201 2113//2113
f 2205//2205 2121//2121 2118//2118
f 2205//2205 2242//2242 2121//2121
f 2205//2205 2196//2196 2242//2242
f 2205//2205 2124//2124 2207//2207
f 2118//2118 2124//2124 2205//2205
f 2115//2115 2121//2121 2242//2242
f 2159//2159 2124//2124 2232//2232
f 2124//2124 2127//2127 2232//2232
f 2159//2159 2207//2207 2124//2124
f 2232//2232 2127//2127 2130//2130
f 2130//2130 2234//2234 2232//2232
f 2130//2130 2083//2083 2234//2234
f 2217//2217 2247//2247 2214//2214
f 2220//2220 2249//2249 2219//2219
f 2219//2219 2249//2249 2221//2221
f 2250//2250 2249//2249 2220//2220
f 2220//2220 2222//2222 2250//2250
f 2223//2223 2250//2250 2252//2252
f 2223//2223 2249//2249 2250//2250
f 2223//2223 2221//2221 2249//2249
f 2252//2252 2254//2254 2224//2224
f 2224//2224 2223//2223 2252//2252
f 2224//2224 2254//2254 2225//2225
f 2227//2227 2255//2255 2226//2226
f 2162//2162 2255//2255 2227//2227
f 2233//2233 2255//2255 2162//2162
f 2226//2226 2256//2256 2228//2228
f 2255//2255 2256//2256 2226//2226
f 2228//2228 2236//2236 2165//2165
f 2256//2256 2236//2236 2228//2228
f 2233//2233 2090//2090 2255//2255
f 2090//2090 2138//2138 2255//2255
f 2138//2138 2256//2256 2255//2255
f 2256//2256 2138//2138 2093//2093
f 2093//2093 2236//2236 2256//2256
f 2229//2229 2250//2250 2222//2222
f 2229//2229 2230//2230 2250//2250
f 2230//2230 2257//2257 2250//2250
f 2257//2257 2252//2252 2250//2250
f 2231//2231 2140//2140 2139//2139
f 2231//2231 2247//2247 2140//2140
f 2231//2231 2214//2214 2247//2247
f 2230//2230 2231//2231 2257//2257
f 2231//2231 2139//2139 2257//2257
f 2139//2139 2141//2141 2257//2257
f 2254//2254 2252//2252 2257//2257
f 2257//2257 2258//2258 2254//2254
f 2157//2157 2225//2225 2085//2085
f 2225//2225 2254//2254 2085//2085
f 2254//2254 2142//2142 2085//2085
f 2254//2254 2258//2258 2142//2142
f 2257//2257 2141//2141 2143//2143
f 2143//2143 2258//2258 2257//2257
f 2143//2143 2142//2142 2258//2258
f 2137//2137 2140//2140 2247//2247
f 2950//2950 3004//3004 2948//2948
f 2955//2955 3006//3006 2954//2954
f 2958//2958 2835//2835 2802//2802
f 2958//2958 3004//3004 2835//2835
f 2958//2958 2948//2948 3004//3004
f 2955//2955 2803//2803 3006//3006
f 2803//2803 2804//2804 3006//3006
f 2955//2955 2958//2958 2803//2803
f 2958//2958 2802//2802 2803//2803
f 3006//3006 3008//3008 2960//2960
f 2960//2960 2954//2954 3006//3006
f 2963//2963 2806//2806 2805//2805
f 2963//2963 2807//2807 2806//2806
f 2963//2963 2960//2960 2807//2807
f 2960//2960 3008//3008 2807//2807
f 3008//3008 2808//2808 2807//2807
f 2811//2811 3008//3008 2809//2809
f 3008//3008 3006//3006 2809//2809
f 3006//3006 2810//2810 2809//2809
f 3006//3006 2804//2804 2810//2810
f 2811//2811 2808//2808 3008//3008
f 2969//2969 3010//3010 2967//2967
f 2973//2973 2843//2843 2976//2976
f 2840//2840 2843//2843 2973//2973
f 2969//2969 2976//2976 3010//3010
f 2976//2976 2843//2843 3010//3010
f 2843//2843 2844//2844 3010//3010
f 2978//2978 2967//2967 2845//2845
f 2967//2967 3010//3010 2845//2845
f 3010//3010 2847//2847 2845//2845
f 2950//2950 2845//2845 3004//3004
f 2845//2845 2849//2849 3004//3004
f 2950//2950 2978//2978 2845//2845
f 2844//2844 2847//2847 3010//3010
f 2849//2849 2835//2835 3004//3004
f 2983//2983 2902//2902 2854//2854
f 2902//2902 2919//2919 2854//2854
f 2919//2919 2821//2821 2854//2854
f 2983//2983 2928//2928 2902//2902
f 2805//2805 2857//2857 2986//2986
f 2986//2986 2963//2963 2805//2805
f 2926//2926 2986//2986 2898//2898
f 2986//2986 2857//2857 2898//2898
f 2857//2857 2917//2917 2898//2898
f 2857//2857 2819//2819 2917//2917
f 2991//2991 2903//2903 2929//2929
f 2920//2920 2903//2903 2991//2991
f 2991//2991 2854//2854 2920//2920
f 2854//2854 2824//2824 2920//2920
f 2991//2991 2983//2983 2854//2854
f 2938//2938 2943//2943 2910//2910
f 2943//2943 2909//2909 2910//2910
f 2909//2909 2921//2921 2910//2910
f 2909//2909 2827//2827 2921//2921
f 2827//2827 2812//2812 2921//2921
f 2938//2938 2932//2932 2943//2943
f 2994//2994 2867//2867 2864//2864
f 2994//2994 2945//2945 2867//2867
f 2994//2994 2937//2937 2945//2945
f 2994//2994 2868//2868 2996//2996
f 2864//2864 2868//2868 2994//2994
f 2868//2868 2871//2871 3000//3000
f 3000//3000 2996//2996 2868//2868
f 2817//2817 2867//2867 2945//2945
f 2945//2945 2916//2916 2817//2817
f 3656//3656 3589//3589 3594//3594
f 3594//3594 3593//3593 3656//3656
f 3592//3592 3595//3595 3612//3612
f 3612//3612 3611//3611 3592//3592
f 3595//3595 3596//3596 3613//3613
f 3613//3613 3612//3612 3595//3595
f 3614//3614 3613//3613 3659//3659
f 3613//3613 3596//3596 3659//3659
f 3596//3596 3597//3597 3659//3659
f 3597//3597 3586//3586 3659//3659
f 3551//3551 3549//3549 3619//3619
f 3625//3625 3565//3565 3624//3624
f 3567//3567 3565//3565 3625//3625
f 3628//3628 3569//3569 3627//3627
f 3570//3570 3569//3569 3628//3628
f 3569//3569 3567//3567 3625//3625
f 3625//3625 3627//3627 3569//3569
f 3632//3632 3573//3573 3630//3630
f 3574//3574 3573//3573 3632//3632
f 3573//3573 3576//3576 3634//3634
f 3634//3634 3630//3630 3573//3573
f 3577//3577 3574//3574 3632//3632
f 3632//3632 3636//3636 3577//3577
f 3576//3576 3570//3570 3628//3628
f 3628//3628 3634//3634 3576//3576
f 3565//3565 3551//3551 3619//3619
f 3619//3619 3624//3624 3565//3565
f 3644//3644 3662//3662 3643//3643
f 3616//3616 3582//3582 3654//3654
f 3616//3616 3662//3662 3582//3582
f 3662//3662 3584//3584 3582//3582
f 3616//3616 3643//3643 3662//3662
f 3585//3585 3584//3584 3662//3662
f 3655//3655 3582//3582 3587//3587
f 3654//3654 3582//3582 3655//3655
f 3587//3587 3552//3552 3655//3655
f 562//562 563//563 523//523
f 523//523 522//522 562//562
f 524//524 481//481 501//501
f 524//524 563//563 481//481
f 524//524 523//523 563//563
f 501//501 502//502 525//525
f 525//525 524//524 501//501
f 502//502 467//467 527//527
f 527//527 525//525 502//502
f 530//530 564//564 529//529
f 467//467 468//468 532//532
f 532//532 527//527 467//467
f 530//530 468//468 564//564
f 468//468 469//469 564//564
f 530//530 532//532 468//468
f 534//534 472//472 471//471
f 534//534 564//564 472//472
f 534//534 529//529 564//564
f 534//534 475//475 536//536
f 471//471 475//475 534//534
f 469//469 472//472 564//564
f 562//562 477//477 479//479
f 479//479 563//563 562//562
f 479//479 481//481 563//563
f 541//541 566//566 540//540
f 543//543 486//486 485//485
f 543//543 540//540 486//486
f 540//540 566//566 486//486
f 475//475 488//488 544//544
f 544//544 536//536 475//475
f 488//488 490//490 546//546
f 546//546 544//544 488//488
f 541//541 490//490 566//566
f 490//490 492//492 566//566
f 541//541 546//546 490//490
f 492//492 486//486 566//566
f 549//549 543//543 567//567
f 543//543 494//494 567//567
f 543//543 485//485 494//494
f 549//549 567//567 551//551
f 567//567 494//494 495//495
f 553//553 551//551 498//498
f 551//551 567//567 498//498
f 567//567 495//495 498//498
f 553//553 500//500 554//554
f 498//498 500//500 553//553
f 1319//1319 1315//1315 1236//1236
f 1315//1315 1383//1383 1236//1236
f 1383//1383 1238//1238 1236//1236
f 1319//1319 1239//1239 1320//1320
f 1236//1236 1239//1239 1319//1319
f 1325//1325 1384//1384 1323//1323
f 1384//1384 1386//1386 1327//1327
f 1327//1327 1323//1323 1384//1384
f 1332//1332 1240//1240 1330//1330
f 1241//1241 1240//1240 1332//1332
f 1239//1239 1242//1242 1333//1333
f 1333//1333 1320//1320 1239//1239
f 1242//1242 1241//1241 1332//1332
f 1332//1332 1333//1333 1242//1242
f 1325//1325 1243//1243 1384//1384
f 1325//1325 1240//1240 1243//1243
f 1325//1325 1330//1330 1240//1240
f 1384//1384 1243//1243 1244//1244
f 1244//1244 1386//1386 1384//1384
f 1339//1339 1251//1251 1342//1342
f 1248//1248 1251//1251 1339//1339
f 1345//1345 1251//1251 1383//1383
f 1251//1251 1253//1253 1383//1383
f 1345//1345 1342//1342 1251//1251
f 1253//1253 1238//1238 1383//1383
f 1348//1348 1261//1261 1259//1259
f 1348//1348 1386//1386 1261//1261
f 1348//1348 1327//1327 1386//1386
f 1348//1348 1264//1264 1352//1352
f 1259//1259 1264//1264 1348//1348
f 1355//1355 1390//1390 1354//1354
f 1357//1357 1269//1269 1267//1267
f 1357//1357 1390//1390 1269//1269
f 1357//1357 1354//1354 1390//1390
f 1355//1355 1264//1264 1390//1390
f 1264//1264 1271//1271 1390//1390
f 1355//1355 1352//1352 1264//1264
f 1271//1271 1269//1269 1390//1390
f 1244//1244 1261//1261 1386//1386
f 1267//1267 1274//1274 1359//1359
f 1359//1359 1357//1357 1267//1267
f 1359//1359 1278//1278 1362//1362
f 1274//1274 1278//1278 1359//1359
f 1362//1362 1281//1281 1364//1364
f 1278//1278 1281//1281 1362//1362
f 1317//1317 1281//1281 1382//1382
f 1281//1281 1284//1284 1382//1382
f 1317//1317 1364//1364 1281//1281
f 1284//1284 1246//1246 1382//1382
f 1747//1747 1630//1630 1749//1749
f 1627//1627 1630//1630 1747//1747
f 1749//1749 1633//1633 1752//1752
f 1630//1630 1633//1633 1749//1749
f 1633//1633 1636//1636 1755//1755
f 1755//1755 1752//1752 1633//1633
f 1755//1755 1638//1638 1758//1758
f 1636//1636 1638//1638 1755//1755
f 1758//1758 1642//1642 1767//1767
f 1638//1638 1642//1642 1758//1758
f 1765//1765 1767//1767 1642//1642
f 1774//1774 1809//1809 1772//1772
f 1780//1780 1811//1811 1779//1779
f 1783//1783 1653//1653 1651//1651
f 1783//1783 1772//1772 1653//1653
f 1772//1772 1809//1809 1653//1653
f 1780//1780 1655//1655 1811//1811
f 1780//1780 1651//1651 1655//1655
f 1780//1780 1783//1783 1651//1651
f 1774//1774 1785//1785 1809//1809
f 1785//1785 1657//1657 1809//1809
f 1785//1785 1660//1660 1657//1657
f 1657//1657 1653//1653 1809//1809
f 1779//1779 1811//1811 1793//1793
f 1795//1795 1793//1793 1670//1670
f 1793//1793 1811//1811 1670//1670
f 1811//1811 1655//1655 1670//1670
f 1795//1795 1671//1671 1797//1797
f 1670//1670 1671//1671 1795//1795
f 1797//1797 1675//1675 1801//1801
f 1671//1671 1675//1675 1797//1797
f 1675//1675 1643//1643 1760//1760
f 1760//1760 1801//1801 1675//1675
f 1737//1737 1629//1629 1736//1736
f 1737//1737 1654//1654 1629//1629
f 1737//1737 1738//1738 1654//1654
f 1738//1738 1739//1739 1654//1654
f 3222//3222 3284//3284 3225//3225
f 3283//3283 3284//3284 3222//3222
f 3225//3225 3286//3286 3227//3227
f 3284//3284 3286//3286 3225//3225
f 3138//3138 3283//3283 3137//3137
f 3138//3138 3284//3284 3283//3283
f 3138//3138 3289//3289 3284//3284
f 3289//3289 3126//3126 3284//3284
f 3126//3126 3286//3286 3284//3284
f 3126//3126 3128//3128 3286//3286
f 3289//3289 3127//3127 3126//3126
f 3286//3286 3291//3291 3229//3229
f 3229//3229 3227//3227 3286//3286
f 3291//3291 3293//3293 3232//3232
f 3232//3232 3229//3229 3291//3291
f 3129//3129 3291//3291 3130//3130
f 3291//3291 3131//3131 3130//3130
f 3291//3291 3286//3286 3131//3131
f 3286//3286 3128//3128 3131//3131
f 3291//3291 3129//3129 3139//3139
f 3139//3139 3293//3293 3291//3291
f 3237//3237 3294//3294 3235//3235
f 3246//3246 3297//3297 3244//3244
f 3249//3249 3235//3235 3140//3140
f 3235//3235 3294//3294 3140//3140
f 3294//3294 3141//3141 3140//3140
f 3246//3246 3140//3140 3297//3297
f 3140//3140 3143//3143 3297//3297
f 3246//3246 3249//3249 3140//3140
f 3255//3255 3299//3299 3253//3253
f 3259//3259 3301//3301 3257//3257
f 3262//3262 3301//3301 3304//3304
f 3301//3301 3146//3146 3304//3304
f 3301//3301 3149//3149 3146//3146
f 3262//3262 3257//3257 3301//3301
f 3259//3259 3154//3154 3301//3301
f 3154//3154 3152//3152 3301//3301
f 3259//3259 3253//3253 3154//3154
f 3253//3253 3299//3299 3154//3154
f 3152//3152 3149//3149 3301//3301
f 3265//3265 3297//3297 3158//3158
f 3297//3297 3160//3160 3158//3158
f 3265//3265 3244//3244 3297//3297
f 3255//3255 3158//3158 3299//3299
f 3158//3158 3163//3163 3299//3299
f 3255//3255 3265//3265 3158//3158
f 3143//3143 3160//3160 3297//3297
f 3163//3163 3154//3154 3299//3299
f 3269//3269 3268//3268 3167//3167
f 3268//3268 3303//3303 3167//3167
f 3303//3303 3169//3169 3167//3167
f 3237//3237 3167//3167 3294//3294
f 3167//3167 3172//3172 3294//3294
f 3237//3237 3269//3269 3167//3167
f 3175//3175 3169//3169 3303//3303
f 3172//3172 3141//3141 3294//3294
f 3304//3304 3146//3146 3178//3178
f 3178//3178 3305//3305 3304//3304
f 3178//3178 3180//3180 3305//3305
f 3289//3289 3138//3138 3132//3132
f 3132//3132 3127//3127 3289//3289
f 3275//3275 3186//3186 3185//3185
f 3275//3275 3232//3232 3186//3186
f 3232//3232 3293//3293 3186//3186
f 3185//3185 3188//3188 3275//3275
f 3139//3139 3186//3186 3293//3293
f 301//301 294//294 344//344
f 307//307 302//302 309//309
f 297//297 302//302 307//307
f 309//309 269//269 311//311
f 302//302 269//269 309//309
f 316//316 346//346 314//314
f 314//314 346//346 317//317
f 316//316 269//269 346//346
f 269//269 271//271 346//346
f 316//316 311//311 269//269
f 319//319 317//317 273//273
f 317//317 271//271 273//273
f 317//317 346//346 271//271
f 273//273 275//275 322//322
f 322//322 319//319 273//273
f 322//322 277//277 324//324
f 275//275 277//277 322//322
f 3477//3477 3529//3529 3474//3474
f 3481//3481 3406//3406 3479//3479
f 3450//3450 3406//3406 3481//3481
f 3483//3483 3529//3529 3451//3451
f 3529//3529 3434//3434 3451//3451
f 3483//3483 3474//3474 3529//3529
f 3451//3451 3450//3450 3481//3481
f 3481//3481 3483//3483 3451//3451
f 3404//3404 3452//3452 3486//3486
f 3406//3406 3404//3404 3486//3486
f 3486//3486 3479//3479 3406//3406
f 3496//3496 3532//3532 3493//3493
f 3493//3493 3534//3534 3498//3498
f 3532//3532 3534//3534 3493//3493
f 3502//3502 3536//3536 3500//3500
f 3504//3504 3418//3418 3416//3416
f 3504//3504 3536//3536 3418//3418
f 3504//3504 3500//3500 3536//3536
f 3502//3502 3506//3506 3536//3536
f 3506//3506 3422//3422 3536//3536
f 3506//3506 3420//3420 3422//3422
f 3422//3422 3418//3418 3536//3536
f 3496//3496 3424//3424 3532//3532
f 3496//3496 3504//3504 3424//3424
f 3504//3504 3416//3416 3424//3424
f 3532//3532 3424//3424 3425//3425
f 3425//3425 3534//3534 3532//3532
f 3509//3509 3539//3539 3507//3507
f 3477//3477 3428//3428 3529//3529
f 3477//3477 3507//3507 3428//3428
f 3507//3507 3430//3430 3428//3428
f 3507//3507 3539//3539 3430//3430
f 3509//3509 3534//3534 3539//3539
f 3534//3534 3433//3433 3539//3539
f 3433//3433 3431//3431 3539//3539
f 3509//3509 3498//3498 3534//3534
f 3431//3431 3430//3430 3539//3539
f 3428//3428 3434//3434 3529//3529
f 3425//3425 3433//3433 3534//3534
f 3515//3515 3542//3542 3513//3513
f 3515//3515 3519//3519 3542//3542
f 3519//3519 3407//3407 3542//3542
f 3519//3519 3411//3411 3407//3407
f 3519//3519 3544//3544 3411//3411
f 3521//3521 3400//3400 3399//3399
f 3521//3521 3542//3542 3400//3400
f 3521//3521 3513//3513 3542//3542
f 3521//3521 3402//3402 3522//3522
f 3399//3399 3402//3402 3521//3521
f 3407//3407 3400//3400 3542//3542
f 3525//3525 3412//3412 3547//3547
f 3525//3525 3402//3402 3412//3412
f 3525//3525 3522//3522 3402//3402
f 3526//3526 3527//3527 3414//3414
f 3527//3527 3412//3412 3414//3414
f 3527//3527 3547//3547 3412//3412
f 3525//3525 3547//3547 3528//3528
f 3528//3528 3547//3547 3527//3527
f 3478//3478 3414//3414 3531//3531
f 3414//3414 3417//3417 3531//3531
f 3478//3478 3526//3526 3414//3414
f 3417//3417 3401//3401 3531//3531
f 3717//3717 3701//3701 3719//3719
f 3698//3698 3701//3701 3717//3717
f 3701//3701 3702//3702 3720//3720
f 3720//3720 3719//3719 3701//3701
f 3723//3723 3703//3703 3722//3722
f 3704//3704 3703//3703 3723//3723
f 3703//3703 3664//3664 3724//3724
f 3724//3724 3722//3722 3703//3703
f 3702//3702 3704//3704 3723//3723
f 3723//3723 3720//3720 3702//3702
f 3724//3724 3666//3666 3725//3725
f 3664//3664 3666//3666 3724//3724
f 3666//3666 3668//3668 3726//3726
f 3726//3726 3725//3725 3666//3666
f 3686//3686 3685//3685 3736//3736
f 3688//3688 3686//3686 3736//3736
f 3736//3736 3738//3738 3688//3688
f 3718//3718 3694//3694 3754//3754
f 3694//3694 3692//3692 3754//3754
f 3718//3718 3743//3743 3694//3694
f 3743//3743 3757//3757 3694//3694
f 3697//3697 3694//3694 3757//3757
f 3692//3692 3665//3665 3754//3754
f 1238//1238 1203//1203 1236//1236
f 1205//1205 1203//1203 1238//1238
f 1203//1203 1207//1207 1239//1239
f 1239//1239 1236//1236 1203//1203
f 1241//1241 1300//1300 1240//1240
f 1239//1239 1210//1210 1242//1242
f 1207//1207 1210//1210 1239//1239
f 1241//1241 1210//1210 1300//1300
f 1210//1210 1212//1212 1300//1300
f 1241//1241 1242//1242 1210//1210
f 1243//1243 1214//1214 1213//1213
f 1243//1243 1300//1300 1214//1214
f 1243//1243 1240//1240 1300//1300
f 1213//1213 1168//1168 1244//1244
f 1244//1244 1243//1243 1213//1213
f 1212//1212 1214//1214 1300//1300
f 1248//1248 1216//1216 1251//1251
f 1201//1201 1216//1216 1248//1248
f 1251//1251 1217//1217 1253//1253
f 1216//1216 1217//1217 1251//1251
f 1217//1217 1205//1205 1238//1238
f 1238//1238 1253//1253 1217//1217
f 1261//1261 1302//1302 1259//1259
f 1264//1264 1171//1171 1158//1158
f 1264//1264 1302//1302 1171//1171
f 1264//1264 1259//1259 1302//1302
f 1269//1269 1303//1303 1267//1267
f 1264//1264 1161//1161 1271//1271
f 1158//1158 1161//1161 1264//1264
f 1269//1269 1161//1161 1303//1303
f 1161//1161 1164//1164 1303//1303
f 1269//1269 1271//1271 1161//1161
f 1261//1261 1168//1168 1302//1302
f 1168//1168 1169//1169 1302//1302
f 1261//1261 1244//1244 1168//1168
f 1169//1169 1171//1171 1302//1302
f 1274//1274 1177//1177 1174//1174
f 1274//1274 1303//1303 1177//1177
f 1274//1274 1267//1267 1303//1303
f 1174//1174 1178//1178 1278//1278
f 1278//1278 1274//1274 1174//1174
f 1164//1164 1177//1177 1303//1303
f 1178//1178 1182//1182 1281//1281
f 1281//1281 1278//1278 1178//1178
f 1182//1182 1186//1186 1284//1284
f 1284//1284 1281//1281 1182//1182
f 1246//1246 1186//1186 1299//1299
f 1186//1186 1191//1191 1299//1299
f 1246//1246 1284//1284 1186//1186
f 1191//1191 1157//1157 1299//1299
f 1983//1983 2042//2042 1980//1980
f 1989//1989 2045//2045 1986//1986
f 1992//1992 1881//1881 1879//1879
f 1992//1992 2045//2045 1881//1881
f 1992//1992 1986//1986 2045//2045
f 1989//1989 1884//1884 2045//2045
f 1884//1884 1886//1886 2045//2045
f 1989//1989 1995//1995 1884//1884
f 1886//1886 1881//1881 2045//2045
f 1992//1992 1888//1888 1997//1997
f 1879//1879 1888//1888 1992//1992
f 1983//1983 1890//1890 2042//2042
f 1983//1983 1888//1888 1890//1890
f 1983//1983 1997//1997 1888//1888
f 2042//2042 2048//2048 2001//2001
f 2001//2001 1980//1980 2042//2042
f 2002//2002 1896//1896 1895//1895
f 2002//2002 2001//2001 1896//1896
f 2001//2001 2048//2048 1896//1896
f 2010//2010 2050//2050 2007//2007
f 2002//2002 1898//1898 2012//2012
f 1895//1895 1898//1898 2002//2002
f 2010//2010 1901//1901 2050//2050
f 2010//2010 1898//1898 1901//1901
f 2010//2010 2012//2012 1898//1898
f 2042//2042 1890//1890 1904//1904
f 1904//1904 2048//2048 2042//2042
f 1904//1904 1896//1896 2048//2048
f 2007//2007 2053//2053 2016//2016
f 2050//2050 2053//2053 2007//2007
f 2016//2016 2055//2055 2019//2019
f 2053//2053 2055//2055 2016//2016
f 2050//2050 1901//1901 1908//1908
f 1908//1908 2053//2053 2050//2050
f 2053//2053 1908//1908 1911//1911
f 1911//1911 2055//2055 2053//2053
f 2022//2022 1916//1916 1915//1915
f 2022//2022 2019//2019 1916//1916
f 2019//2019 2055//2055 1916//1916
f 2022//2022 1918//1918 2026//2026
f 1915//1915 1918//1918 2022//2022
f 1911//1911 1916//1916 2055//2055
f 1926//1926 1925//1925 2033//2033
f 2033//2033 2034//2034 1926//1926
f 1928//1928 1927//1927 2061//2061
f 2035//2035 2036//2036 1929//1929
f 2036//2036 2061//2061 1929//1929
f 2061//2061 1927//1927 1929//1929
f 2037//2037 1928//1928 2061//2061
f 2037//2037 1925//1925 1928//1928
f 2037//2037 2033//2033 1925//1925
f 2037//2037 2061//2061 2036//2036
f 2038//2038 1926//1926 2034//2034
f 1930//1930 1926//1926 2038//2038
f 1929//1929 1931//1931 2039//2039
f 2039//2039 2035//2035 1929//1929
f 2040//2040 2039//2039 2062//2062
f 2039//2039 1932//1932 2062//2062
f 2039//2039 1931//1931 1932//1932
f 2062//2062 1932//1932 1933//1933
f 2062//2062 2063//2063 2041//2041
f 2041//2041 2040//2040 2062//2062
f 2063//2063 2051//2051 1996//1996
f 1996//1996 2041//2041 2063//2063
f 2063//2063 1933//1933 1934//1934
f 2062//2062 1933//1933 2063//2063
f 2063//2063 1934//1934 1897//1897
f 1897//1897 2051//2051 2063//2063
f 2085//2085 2086//2086 2160//2160
f 2160//2160 2157//2157 2085//2085
f 2162//2162 2086//2086 2233//2233
f 2086//2086 2088//2088 2233//2233
f 2162//2162 2160//2160 2086//2086
f 2088//2088 2090//2090 2233//2233
f 2165//2165 2239//2239 2167//2167
f 2236//2236 2239//2239 2165//2165
f 2167//2167 2239//2239 2168//2168
f 2239//2239 2093//2093 2096//2096
f 2236//2236 2093//2093 2239//2239
f 2171//2171 2239//2239 2099//2099
f 2239//2239 2096//2096 2099//2099
f 2171//2171 2168//2168 2239//2239
f 2174//2174 2241//2241 2173//2173
f 2241//2241 2243//2243 2175//2175
f 2175//2175 2173//2173 2241//2241
f 2174//2174 2102//2102 2241//2241
f 2174//2174 2099//2099 2102//2102
f 2174//2174 2171//2171 2099//2099
f 2241//2241 2102//2102 2104//2104
f 2104//2104 2243//2243 2241//2241
f 2182//2182 2245//2245 2180//2180
f 2246//2246 2245//2245 2182//2182
f 2182//2182 2185//2185 2246//2246
f 2188//2188 2107//2107 2075//2075
f 2188//2188 2243//2243 2107//2107
f 2188//2188 2175//2175 2243//2243
f 2189//2189 2074//2074 2073//2073
f 2189//2189 2076//2076 2074//2074
f 2189//2189 2188//2188 2076//2076
f 2188//2188 2075//2075 2076//2076
f 2104//2104 2107//2107 2243//2243
f 2194//2194 2077//2077 2078//2078
f 2194//2194 2189//2189 2077//2077
f 2189//2189 2073//2073 2077//2077
f 2185//2185 2078//2078 2246//2246
f 2078//2078 2111//2111 2246//2246
f 2185//2185 2194//2194 2078//2078
f 2197//2197 2117//2117 2116//2116
f 2197//2197 2245//2245 2117//2117
f 2197//2197 2180//2180 2245//2245
f 2197//2197 2120//2120 2200//2200
f 2116//2116 2120//2120 2197//2197
f 2117//2117 2245//2245 2246//2246
f 2246//2246 2123//2123 2117//2117
f 2120//2120 2125//2125 2203//2203
f 2203//2203 2200//2200 2120//2120
f 2206//2206 2125//2125 2251//2251
f 2125//2125 2128//2128 2251//2251
f 2206//2206 2203//2203 2125//2125
f 2206//2206 2251//2251 2209//2209
f 2111//2111 2123//2123 2246//2246
f 2251//2251 2132//2132 2253//2253
f 2128//2128 2132//2132 2251//2251
f 2212//2212 2213//2213 2134//2134
f 2213//2213 2253//2253 2134//2134
f 2253//2253 2132//2132 2134//2134
f 2251//2251 2253//2253 2216//2216
f 2216//2216 2209//2209 2251//2251
f 2216//2216 2253//2253 2213//2213
f 2212//2212 2135//2135 2218//2218
f 2134//2134 2135//2135 2212//2212
f 2161//2161 2135//2135 2235//2235
f 2135//2135 2136//2136 2235//2235
f 2161//2161 2218//2218 2135//2135
f 2136//2136 2081//2081 2235//2235
f 2356//2356 2430//2430 2354//2354
f 2360//2360 2263//2263 2260//2260
f 2360//2360 2430//2430 2263//2263
f 2360//2360 2354//2354 2430//2430
f 2366//2366 2434//2434 2364//2364
f 2360//2360 2267//2267 2369//2369
f 2260//2260 2267//2267 2360//2360
f 2366//2366 2267//2267 2434//2434
f 2267//2267 2269//2269 2434//2434
f 2366//2366 2369//2369 2267//2267
f 2378//2378 2438//2438 2376//2376
f 2380//2380 2281//2281 2280//2280
f 2380//2380 2438//2438 2281//2281
f 2380//2380 2376//2376 2438//2438
f 2383//2383 2441//2441 2382//2382
f 2380//2380 2284//2284 2384//2384
f 2280//2280 2284//2284 2380//2380
f 2383//2383 2284//2284 2441//2441
f 2284//2284 2286//2286 2441//2441
f 2383//2383 2384//2384 2284//2284
f 2378//2378 2290//2290 2438//2438
f 2290//2290 2293//2293 2438//2438
f 2378//2378 2387//2387 2290//2290
f 2293//2293 2281//2281 2438//2438
f 2389//2389 2297//2297 2296//2296
f 2389//2389 2441//2441 2297//2297
f 2389//2389 2382//2382 2441//2441
f 2296//2296 2299//2299 2391//2391
f 2391//2391 2389//2389 2296//2296
f 2286//2286 2297//2297 2441//2441
f 2356//2356 2391//2391 2430//2430
f 2391//2391 2303//2303 2430//2430
f 2391//2391 2299//2299 2303//2303
f 2303//2303 2263//2263 2430//2430
f 2395//2395 2309//2309 2393//2393
f 2311//2311 2309//2309 2395//2395
f 2397//2397 2311//2311 2395//2395
f 2314//2314 2311//2311 2397//2397
f 2397//2397 2440//2440 2314//2314
f 2440//2440 2276//2276 2314//2314
f 2397//2397 2400//2400 2440//2440
f 2400//2400 2279//2279 2440//2440
f 2400//2400 2319//2319 2279//2279
f 2400//2400 2404//2404 2319//2319
f 2393//2393 2324//2324 2408//2408
f 2309//2309 2324//2324 2393//2393
f 2408//2408 2326//2326 2410//2410
f 2324//2324 2326//2326 2408//2408
f 2326//2326 2329//2329 2412//2412
f 2412//2412 2410//2410 2326//2326
f 2357//2357 2330//2330 2431//2431
f 2357//2357 2329//2329 2330//2330
f 2357//2357 2412//2412 2329//2329
f 2431//2431 2330//2330 2266//2266
f 2363//2363 2435//2435 2414//2414
f 2414//2414 2435//2435 2365//2365
f 2711//2711 2708//2708 2884//2884
f 2839//2839 2716//2716 2837//2837
f 2718//2718 2716//2716 2839//2839
f 2721//2721 2718//2718 2839//2839
f 2839//2839 2842//2842 2721//2721
f 2853//2853 2890//2890 2852//2852
f 2855//2855 2890//2890 2731//2731
f 2890//2890 2734//2734 2731//2731
f 2855//2855 2852//2852 2890//2890
f 2855//2855 2735//2735 2858//2858
f 2731//2731 2735//2735 2855//2855
f 2858//2858 2739//2739 2860//2860
f 2735//2735 2739//2739 2858//2858
f 2853//2853 2837//2837 2890//2890
f 2837//2837 2716//2716 2890//2890
f 2716//2716 2742//2742 2890//2890
f 2742//2742 2734//2734 2890//2890
f 2860//2860 2746//2746 2863//2863
f 2739//2739 2746//2746 2860//2860
f 2866//2866 2863//2863 2893//2893
f 2863//2863 2747//2747 2893//2893
f 2863//2863 2746//2746 2747//2747
f 2870//2870 2894//2894 2869//2869
f 2872//2872 2894//2894 2750//2750
f 2894//2894 2751//2751 2750//2750
f 2872//2872 2869//2869 2894//2894
f 2870//2870 2753//2753 2894//2894
f 2753//2753 2752//2752 2894//2894
f 2870//2870 2866//2866 2753//2753
f 2866//2866 2893//2893 2753//2753
f 2752//2752 2751//2751 2894//2894
f 2893//2893 2747//2747 2754//2754
f 2754//2754 2753//2753 2893//2893
f 2750//2750 2756//2756 2874//2874
f 2874//2874 2872//2872 2750//2750
f 2756//2756 2757//2757 2875//2875
f 2875//2875 2874//2874 2756//2756
f 2757//2757 2709//2709 2838//2838
f 2838//2838 2875//2875 2757//2757
f 2841//2841 2882//2882 2876//2876
f 2882//2882 2886//2886 2877//2877
f 2877//2877 2876//2876 2882//2882
f 2886//2886 2887//2887 2878//2878
f 2878//2878 2877//2877 2886//2886
f 2879//2879 2878//2878 2759//2759
f 2878//2878 2887//2887 2759//2759
f 2887//2887 2726//2726 2759//2759
f 2759//2759 2760//2760 2880//2880
f 2880//2880 2879//2879 2759//2759
f 2880//2880 2761//2761 2881//2881
f 2760//2760 2761//2761 2880//2880
f 2848//2848 2761//2761 2889//2889
f 2761//2761 2762//2762 2889//2889
f 2848//2848 2881//2881 2761//2761
f 2762//2762 2730//2730 2889//2889
f 379//379 381//381 412//412
f 412//412 411//411 379//379
f 381//381 382//382 413//413
f 413//413 412//412 381//381
f 415//415 444//444 414//414
f 413//413 383//383 416//416
f 382//382 383//383 413//413
f 415//415 383//383 444//444
f 383//383 360//360 444//444
f 415//415 416//416 383//383
f 376//376 384//384 420//420
f 420//420 419//419 376//376
f 420//420 385//385 422//422
f 384//384 385//385 420//420
f 424//424 385//385 445//445
f 385//385 386//386 445//445
f 424//424 422//422 385//385
f 386//386 380//380 445//445
f 428//428 356//356 354//354
f 428//428 444//444 356//356
f 428//428 414//414 444//444
f 428//428 358//358 429//429
f 354//354 358//358 428//428
f 360//360 356//356 444//444
f 429//429 362//362 431//431
f 358//358 362//362 429//429
f 431//431 364//364 433//433
f 362//362 364//364 431//431
f 364//364 366//366 435//435
f 435//435 433//433 364//364
f 437//437 435//435 448//448
f 435//435 369//369 448//448
f 435//435 366//366 369//369
f 448//448 369//369 371//371
f 448//448 449//449 440//440
f 440//440 437//437 448//448
f 448//448 371//371 449//449
f 845//845 902//902 843//843
f 849//849 772//772 769//769
f 849//849 902//902 772//772
f 849//849 843//843 902//902
f 849//849 775//775 851//851
f 769//769 775//775 849//849
f 857//857 905//905 856//856
f 863//863 906//906 860//860
f 865//865 783//783 779//779
f 865//865 906//906 783//783
f 865//865 860//860 906//906
f 863//863 775//775 906//906
f 775//775 785//785 906//906
f 863//863 851//851 775//775
f 785//785 783//783 906//906
f 865//865 788//788 867//867
f 779//779 788//788 865//865
f 857//857 788//788 905//905
f 788//788 790//790 905//905
f 857//857 867//867 788//788
f 872//872 793//793 870//870
f 795//795 793//793 872//872
f 793//793 797//797 874//874
f 874//874 870//870 793//793
f 878//878 800//800 876//876
f 801//801 800//800 878//878
f 880//880 856//856 802//802
f 856//856 803//803 802//802
f 856//856 905//905 803//803
f 802//802 801//801 878//878
f 878//878 880//880 802//802
f 800//800 805//805 881//881
f 881//881 876//876 800//800
f 881//881 807//807 883//883
f 805//805 807//807 881//881
f 790//790 803//803 905//905
f 883//883 808//808 885//885
f 807//807 808//808 883//883
f 808//808 809//809 886//886
f 886//886 885//885 808//808
f 809//809 795//795 872//872
f 872//872 886//886 809//809
f 810//810 811//811 888//888
f 888//888 887//887 810//810
f 845//845 811//811 902//902
f 811//811 812//812 902//902
f 845//845 888//888 811//811
f 812//812 772//772 902//902
f 891//891 815//815 890//890
f 816//816 815//815 891//891
f 874//874 818//818 893//893
f 797//797 818//818 874//874
f 818//818 816//816 891//891
f 891//891 893//893 818//818
f 890//890 819//819 895//895
f 815//815 819//819 890//890
f 895//895 820//820 897//897
f 819//819 820//820 895//895
f 899//899 911//911 898//898
f 898//898 912//912 900//900
f 911//911 912//912 898//898
f 844//844 821//821 770//770
f 844//844 900//900 821//821
f 900//900 912//912 821//821
f 820//820 822//822 901//901
f 901//901 897//897 820//820
f 899//899 822//822 911//911
f 822//822 823//823 911//911
f 899//899 901//901 822//822
f 911//911 823//823 824//824
f 824//824 912//912 911//911
f 824//824 821//821 912//912
f 1857//1857 1875//1875 1880//1880
f 1883//1883 1880//1880 1750//1750
f 1880//1880 1829//1829 1750//1750
f 1829//1829 1741//1741 1750//1750
f 1880//1880 1875//1875 1829//1829
f 1891//1891 1938//1938 1889//1889
f 1893//1893 1889//1889 1754//1754
f 1889//1889 1756//1756 1754//1754
f 1889//1889 1938//1938 1756//1756
f 1891//1891 1761//1761 1938//1938
f 1891//1891 1760//1760 1761//1761
f 1891//1891 1897//1897 1760//1760
f 1761//1761 1756//1756 1938//1938
f 1754//1754 1763//1763 1899//1899
f 1899//1899 1893//1893 1754//1754
f 1763//1763 1764//1764 1902//1902
f 1902//1902 1899//1899 1763//1763
f 1855//1855 1902//1902 1874//1874
f 1902//1902 1764//1764 1874//1874
f 1764//1764 1824//1824 1874//1874
f 1764//1764 1769//1769 1824//1824
f 1769//1769 1838//1838 1824//1824
f 1769//1769 1739//1739 1838//1838
f 1909//1909 1941//1941 1906//1906
f 1912//1912 1775//1775 1773//1773
f 1912//1912 1906//1906 1775//1775
f 1906//1906 1941//1941 1775//1775
f 1773//1773 1778//1778 1913//1913
f 1913//1913 1912//1912 1773//1773
f 1864//1864 1913//1913 1833//1833
f 1913//1913 1778//1778 1833//1833
f 1778//1778 1840//1840 1833//1833
f 1778//1778 1735//1735 1840//1840
f 1909//1909 1781//1781 1941//1941
f 1909//1909 1782//1782 1781//1781
f 1909//1909 1917//1917 1782//1782
f 1781//1781 1775//1775 1941//1941
f 1750//1750 1782//1782 1917//1917
f 1917//1917 1883//1883 1750//1750
f 1919//1919 1832//1832 1786//1786
f 1832//1832 1731//1731 1786//1786
f 1919//1919 1863//1863 1832//1832
f 1786//1786 1788//1788 1921//1921
f 1921//1921 1919//1919 1786//1786
f 1921//1921 1792//1792 1922//1922
f 1788//1788 1792//1792 1921//1921
f 1792//1792 1794//1794 1923//1923
f 1923//1923 1922//1922 1792//1792
f 1923//1923 1799//1799 1924//1924
f 1794//1794 1799//1799 1923//1923
f 1878//1878 1799//1799 1935//1935
f 1799//1799 1800//1800 1935//1935
f 1878//1878 1924//1924 1799//1799
f 1800//1800 1751//1751 1935//1935
f 2358//2358 2429//2429 2355//2355
f 2355//2355 2429//2429 2361//2361
f 2370//2370 2432//2432 2367//2367
f 2372//2372 2262//2262 2259//2259
f 2372//2372 2432//2432 2262//2262
f 2372//2372 2367//2367 2432//2432
f 2259//2259 2265//2265 2373//2373
f 2373//2373 2372//2372 2259//2259
f 2402//2402 2436//2436 2399//2399
f 2265//2265 2270//2270 2406//2406
f 2406//2406 2373//2373 2265//2265
f 2406//2406 2272//2272 2409//2409
f 2270//2270 2272//2272 2406//2406
f 2413//2413 2274//2274 2411//2411
f 2275//2275 2274//2274 2413//2413
f 2402//2402 2411//2411 2436//2436
f 2411//2411 2278//2278 2436//2436
f 2411//2411 2274//2274 2278//2278
f 2272//2272 2275//2275 2413//2413
f 2413//2413 2409//2409 2272//2272
f 2416//2416 2439//2439 2415//2415
f 2399//2399 2442//2442 2417//2417
f 2436//2436 2442//2442 2399//2399
f 2416//2416 2282//2282 2439//2439
f 2416//2416 2283//2283 2282//2282
f 2416//2416 2417//2417 2283//2283
f 2417//2417 2442//2442 2283//2283
f 2439//2439 2443//2443 2418//2418
f 2418//2418 2415//2415 2439//2439
f 2419//2419 2289//2289 2287//2287
f 2419//2419 2418//2418 2289//2289
f 2418//2418 2443//2443 2289//2289
f 2439//2439 2282//2282 2291//2291
f 2291//2291 2443//2443 2439//2439
f 2291//2291 2289//2289 2443//2443
f 2436//2436 2278//2278 2295//2295
f 2295//2295 2442//2442 2436//2436
f 2295//2295 2283//2283 2442//2442
f 2421//2421 2300//2300 2420//2420
f 2302//2302 2300//2300 2421//2421
f 2420//2420 2305//2305 2422//2422
f 2300//2300 2305//2305 2420//2420
f 2305//2305 2307//2307 2423//2423
f 2423//2423 2422//2422 2305//2305
f 2425//2425 2445//2445 2424//2424
f 2426//2426 2445//2445 2312//2312
f 2445//2445 2313//2313 2312//2312
f 2426//2426 2424//2424 2445//2445
f 2425//2425 2307//2307 2445//2445
f 2307//2307 2315//2315 2445//2445
f 2425//2425 2423//2423 2307//2307
f 2315//2315 2313//2313 2445//2445
f 2312//2312 2318//2318 2427//2427
f 2427//2427 2426//2426 2312//2312
f 2318//2318 2290//2290 2387//2387
f 2387//2387 2427//2427 2318//2318
f 2419//2419 2321//2321 2428//2428
f 2287//2287 2321//2321 2419//2419
f 2321//2321 2302//2302 2421//2421
f 2421//2421 2428//2428 2321//2321
f 2765//2765 2636//2636 2637//2637
f 2637//2637 2768//2768 2765//2765
f 2637//2637 2600//2600 2768//2768
f 3054//3054 3109//3109 3051//3051
f 3057//3057 3109//3109 2949//2949
f 3109//3109 2952//2952 2949//2949
f 3057//3057 3051//3051 3109//3109
f 2956//2956 2952//2952 3109//3109
f 3067//3067 3112//3112 3065//3065
f 3072//3072 2962//2962 3069//3069
f 2964//2964 2962//2962 3072//3072
f 3067//3067 3069//3069 3112//3112
f 3069//3069 2962//2962 3112//3112
f 2962//2962 2966//2966 3112//3112
f 3073//3073 2972//2972 2970//2970
f 3073//3073 3112//3112 2972//2972
f 3073//3073 3065//3065 3112//3112
f 3073//3073 2975//2975 3076//3076
f 2970//2970 2975//2975 3073//3073
f 2966//2966 2972//2972 3112//3112
f 2949//2949 2964//2964 3072//3072
f 3072//3072 3057//3057 2949//2949
f 2975//2975 2979//2979 3082//3082
f 3082//3082 3076//3076 2975//2975
f 3082//3082 2982//2982 3084//3084
f 2979//2979 2982//2982 3082//3082
f 3084//3084 2984//2984 3087//3087
f 2982//2982 2984//2984 3084//3084
f 2990//2990 2988//2988 3089//3089
f 3089//3089 3091//3091 2990//2990
f 3049//3049 2988//2988 3105//3105
f 2988//2988 2992//2992 3105//3105
f 3049//3049 3089//3089 2988//2988
f 2984//2984 2990//2990 3091//3091
f 3091//3091 3087//3087 2984//2984
f 2992//2992 2951//2951 3105//3105
f 3107//3107 2953//2953 2995//2995
f 3096//3096 3058//3058 2997//2997
f 3058//3058 3107//3107 2997//2997
f 3107//3107 2995//2995 2997//2997
f 3096//3096 2998//2998 3098//3098
f 2997//2997 2998//2998 3096//3096
f 3098//3098 2999//2999 3101//3101
f 2998//2998 2999//2999 3098//3098
f 3063//3063 2999//2999 3111//3111
f 2999//2999 3001//3001 3111//3111
f 3063//3063 3101//3101 2999//2999
f 3001//3001 2959//2959 3111//3111
f 190//190 192//192 236//236
f 236//236 234//234 190//190
f 237//237 236//236 266//266
f 236//236 193//193 266//266
f 236//236 192//192 193//193
f 237//237 267//267 239//239
f 266//266 267//267 237//237
f 239//239 267//267 241//241
f 266//266 193//193 195//195
f 266//266 195//195 267//267
f 1003//1003 915//915 1001//1001
f 919//919 915//915 1003//1003
f 1001//1001 920//920 1006//1006
f 915//915 920//920 1001//1001
f 1012//1012 1063//1063 1010//1010
f 1014//1014 928//928 925//925
f 1014//1014 1063//1063 928//928
f 1014//1014 1010//1010 1063//1063
f 1012//1012 920//920 1063//1063
f 920//920 930//930 1063//1063
f 1012//1012 1006//1006 920//920
f 930//930 928//928 1063//1063
f 1018//1018 1066//1066 1015//1015
f 1018//1018 1019//1019 1066//1066
f 1019//1019 934//934 1066//1066
f 1019//1019 937//937 934//934
f 1022//1022 941//941 940//940
f 1022//1022 1066//1066 941//941
f 1022//1022 1015//1015 1066//1066
f 1024//1024 1022//1022 1067//1067
f 1022//1022 943//943 1067//1067
f 1022//1022 940//940 943//943
f 934//934 941//941 1066//1066
f 1067//1067 943//943 945//945
f 925//925 946//946 1025//1025
f 1025//1025 1014//1014 925//925
f 946//946 937//937 1019//1019
f 1019//1019 1025//1025 946//946
f 1030//1030 1070//1070 1029//1029
f 1033//1033 951//951 950//950
f 1033//1033 1070//1070 951//951
f 1033//1033 1029//1029 1070//1070
f 1033//1033 953//953 1035//1035
f 950//950 953//953 1033//1033
f 953//953 955//955 1037//1037
f 1037//1037 1035//1035 953//953
f 1037//1037 957//957 1039//1039
f 955//955 957//957 1037//1037
f 1042//1042 959//959 958//958
f 1042//1042 1067//1067 959//959
f 1042//1042 1024//1024 1067//1067
f 958//958 960//960 1043//1043
f 1043//1043 1042//1042 958//958
f 945//945 959//959 1067//1067
f 960//960 961//961 1044//1044
f 1044//1044 1043//1043 960//960
f 1030//1030 1044//1044 1070//1070
f 1044//1044 961//961 1070//1070
f 961//961 963//963 1070//1070
f 963//963 951//951 1070//1070
f 965//965 919//919 1003//1003
f 1003//1003 1045//1045 965//965
f 1050//1050 1064//1064 1049//1049
f 1053//1053 968//968 1052//1052
f 969//969 968//968 1053//1053
f 968//968 970//970 1054//1054
f 1054//1054 1052//1052 968//968
f 957//957 969//969 1053//1053
f 1053//1053 1039//1039 957//957
f 1054//1054 971//971 1055//1055
f 970//970 971//971 1054//1054
f 1050//1050 1055//1055 1064//1064
f 1055//1055 971//971 1064//1064
f 971//971 917//917 1064//1064
f 1057//1057 916//916 973//973
f 1057//1057 1064//1064 916//916
f 1057//1057 1049//1049 1064//1064
f 1057//1057 975//975 1059//1059
f 973//973 975//975 1057//1057
f 1060//1060 1068//1068 999//999
f 1059//1059 976//976 1061//1061
f 975//975 976//976 1059//1059
f 1060//1060 976//976 1068//1068
f 976//976 929//929 1068//1068
f 1060//1060 1061//1061 976//976
f 2453//2453 2523//2523 2452//2452
f 2455//2455 2420//2420 2454//2454
f 2420//2420 2456//2456 2454//2454
f 2455//2455 2523//2523 2420//2420
f 2523//2523 2421//2421 2420//2420
f 2455//2455 2452//2452 2523//2523
f 2462//2462 2526//2526 2459//2459
f 2456//2456 2422//2422 2466//2466
f 2420//2420 2422//2422 2456//2456
f 2462//2462 2422//2422 2526//2526
f 2422//2422 2423//2423 2526//2526
f 2462//2462 2466//2466 2422//2422
f 2471//2471 2528//2528 2468//2468
f 2468//2468 2529//2529 2475//2475
f 2528//2528 2529//2529 2468//2468
f 2529//2529 2531//2531 2478//2478
f 2478//2478 2475//2475 2529//2529
f 2480//2480 2425//2425 2424//2424
f 2480//2480 2526//2526 2425//2425
f 2480//2480 2459//2459 2526//2526
f 2471//2471 2426//2426 2528//2528
f 2471//2471 2480//2480 2426//2426
f 2480//2480 2424//2424 2426//2426
f 2423//2423 2425//2425 2526//2526
f 2528//2528 2426//2426 2427//2427
f 2427//2427 2529//2529 2528//2528
f 2529//2529 2427//2427 2387//2387
f 2387//2387 2531//2531 2529//2529
f 2453//2453 2457//2457 2523//2523
f 2457//2457 2419//2419 2523//2523
f 2419//2419 2428//2428 2523//2523
f 2457//2457 2451//2451 2419//2419
f 2428//2428 2421//2421 2523//2523
f 2487//2487 2354//2354 2486//2486
f 2356//2356 2354//2354 2487//2487
f 2486//2486 2360//2360 2490//2490
f 2354//2354 2360//2360 2486//2486
f 2496//2496 2538//2538 2495//2495
f 2496//2496 2490//2490 2538//2538
f 2490//2490 2369//2369 2538//2538
f 2490//2490 2360//2360 2369//2369
f 2369//2369 2366//2366 2538//2538
f 2505//2505 2478//2478 2376//2376
f 2478//2478 2378//2378 2376//2376
f 2478//2478 2531//2531 2378//2378
f 2505//2505 2380//2380 2507//2507
f 2376//2376 2380//2380 2505//2505
f 2510//2510 2541//2541 2509//2509
f 2512//2512 2383//2383 2382//2382
f 2512//2512 2541//2541 2383//2383
f 2512//2512 2509//2509 2541//2541
f 2510//2510 2507//2507 2541//2541
f 2507//2507 2380//2380 2541//2541
f 2380//2380 2384//2384 2541//2541
f 2384//2384 2383//2383 2541//2541
f 2387//2387 2378//2378 2531//2531
f 2382//2382 2389//2389 2514//2514
f 2514//2514 2512//2512 2382//2382
f 2389//2389 2391//2391 2516//2516
f 2516//2516 2514//2514 2389//2389
f 2391//2391 2356//2356 2487//2487
f 2487//2487 2516//2516 2391//2391
f 2519//2519 2393//2393 2460//2460
f 2395//2395 2393//2393 2519//2519
f 2520//2520 2395//2395 2519//2519
f 2397//2397 2395//2395 2520//2520
f 2522//2522 2542//2542 2521//2521
f 2520//2520 2521//2521 2397//2397
f 2521//2521 2542//2542 2397//2397
f 2542//2542 2400//2400 2397//2397
f 2404//2404 2400//2400 2542//2542
f 89//89 84//84 90//90
f 83//83 84//84 89//89
f 90//90 85//85 91//91
f 84//84 85//85 90//90
f 221//221 222//222 192//192
f 192//192 190//190 221//221
f 192//192 222//222 193//193
f 227//227 152//152 154//154
f 225//225 152//152 227//227
f 221//221 154//154 156//156
f 227//227 154//154 221//221
f 222//222 156//156 158//158
f 221//221 156//156 222//222
f 195//195 193//193 161//161
f 193//193 158//158 161//161
f 193//193 222//222 158//158
f 629//629 626//626 756//756
f 772//772 828//828 769//769
f 775//775 828//828 729//729
f 828//828 717//717 729//729
f 775//775 769//769 828//828
f 783//783 732//732 779//779
f 733//733 732//732 783//783
f 729//729 735//735 785//785
f 785//785 775//775 729//729
f 735//735 733//733 783//783
f 783//783 785//785 735//735
f 779//779 737//737 788//788
f 732//732 737//737 779//779
f 737//737 739//739 790//790
f 790//790 788//788 737//737
f 795//795 834//834 793//793
f 797//797 834//834 718//718
f 834//834 705//705 718//718
f 797//797 793//793 834//834
f 801//801 837//837 800//800
f 803//803 742//742 802//802
f 744//744 742//742 803//803
f 801//801 802//802 837//837
f 802//802 742//742 837//837
f 742//742 746//746 837//837
f 805//805 837//837 749//749
f 837//837 750//750 749//749
f 805//805 800//800 837//837
f 805//805 696//696 807//807
f 749//749 696//696 805//805
f 746//746 750//750 837//837
f 739//739 744//744 803//803
f 803//803 790//790 739//739
f 807//807 699//699 808//808
f 696//696 699//699 807//807
f 808//808 701//701 809//809
f 699//699 701//701 808//808
f 795//795 701//701 834//834
f 701//701 704//704 834//834
f 795//795 809//809 701//701
f 704//704 705//705 834//834
f 811//811 810//810 709//709
f 810//810 838//838 709//709
f 838//838 711//711 709//709
f 709//709 713//713 812//812
f 812//812 811//811 709//709
f 714//714 711//711 838//838
f 772//772 713//713 828//828
f 713//713 716//716 828//828
f 772//772 812//812 713//713
f 716//716 717//717 828//828
f 816//816 839//839 815//815
f 718//718 719//719 818//818
f 818//818 797//797 718//718
f 816//816 719//719 839//839
f 719//719 721//721 839//839
f 816//816 818//818 719//719
f 819//819 726//726 724//724
f 819//819 839//839 726//726
f 819//819 815//815 839//839
f 820//820 819//819 840//840
f 819//819 727//727 840//840
f 819//819 724//724 727//727
f 721//721 726//726 839//839
f 840//840 727//727 728//728
f 821//821 829//829 770//770
f 822//822 840//840 730//730
f 840//840 731//731 730//730
f 822//822 820//820 840//840
f 730//730 734//734 823//823
f 823//823 822//822 730//730
f 728//728 731//731 840//840
f 734//734 736//736 824//824
f 824//824 823//823 734//734
f 821//821 736//736 829//829
f 736//736 738//738 829//829
f 821//821 824//824 736//736
f 1412//1412 1468//1468 1409//1409
f 1414//1414 1468//1468 1315//1315
f 1468//1468 1345//1345 1315//1315
f 1414//1414 1409//1409 1468//1468
f 1414//1414 1319//1319 1419//1419
f 1315//1315 1319//1319 1414//1414
f 1419//1419 1320//1320 1422//1422
f 1319//1319 1320//1320 1419//1419
f 1426//1426 1472//1472 1424//1424
f 1428//1428 1325//1325 1323//1323
f 1428//1428 1424//1424 1325//1325
f 1424//1424 1472//1472 1325//1325
f 1428//1428 1327//1327 1429//1429
f 1323//1323 1327//1327 1428//1428
f 1433//1433 1473//1473 1431//1431
f 1426//1426 1431//1431 1472//1472
f 1431//1431 1330//1330 1472//1472
f 1431//1431 1473//1473 1330//1330
f 1473//1473 1332//1332 1330//1330
f 1433//1433 1320//1320 1473//1473
f 1320//1320 1333//1333 1473//1473
f 1433//1433 1422//1422 1320//1320
f 1333//1333 1332//1332 1473//1473
f 1330//1330 1325//1325 1472//1472
f 1412//1412 1339//1339 1468//1468
f 1339//1339 1342//1342 1468//1468
f 1412//1412 1435//1435 1339//1339
f 1342//1342 1345//1345 1468//1468
f 1441//1441 1476//1476 1439//1439
f 1476//1476 1478//1478 1444//1444
f 1444//1444 1439//1439 1476//1476
f 1441//1441 1348//1348 1476//1476
f 1441//1441 1429//1429 1348//1348
f 1429//1429 1327//1327 1348//1348
f 1476//1476 1348//1348 1352//1352
f 1352//1352 1478//1478 1476//1476
f 1447//1447 1478//1478 1354//1354
f 1478//1478 1355//1355 1354//1354
f 1447//1447 1444//1444 1478//1478
f 1447//1447 1357//1357 1450//1450
f 1354//1354 1357//1357 1447//1447
f 1352//1352 1355//1355 1478//1478
f 1357//1357 1359//1359 1453//1453
f 1453//1453 1450//1450 1357//1357
f 1406//1406 1453//1453 1470//1470
f 1453//1453 1362//1362 1470//1470
f 1453//1453 1359//1359 1362//1362
f 1470//1470 1362//1362 1364//1364
f 1364//1364 1471//1471 1470//1470
f 1364//1364 1317//1317 1471//1471
f 3052//3052 3106//3106 3050//3050
f 3055//3055 2950//2950 2948//2948
f 3055//3055 3050//3050 2950//2950
f 3050//3050 3106//3106 2950//2950
f 3060//3060 3108//3108 3059//3059
f 3064//3064 3110//3110 3062//3062
f 3066//3066 2955//2955 2954//2954
f 3066//3066 3110//3110 2955//2955
f 3066//3066 3062//3062 3110//3110
f 3064//3064 3055//3055 3110//3110
f 3055//3055 2948//2948 3110//3110
f 2948//2948 2958//2958 3110//3110
f 2958//2958 2955//2955 3110//3110
f 3066//3066 2960//2960 3071//3071
f 2954//2954 2960//2960 3066//3066
f 3060//3060 2960//2960 3108//3108
f 2960//2960 2963//2963 3108//3108
f 3060//3060 3071//3071 2960//2960
f 3077//3077 3113//3113 3074//3074
f 3079//3079 3074//3074 2967//2967
f 3074//3074 3113//3113 2967//2967
f 3113//3113 2969//2969 2967//2967
f 3077//3077 3081//3081 3113//3113
f 3081//3081 2973//2973 3113//3113
f 2973//2973 2976//2976 3113//3113
f 3081//3081 3114//3114 2973//2973
f 2976//2976 2969//2969 3113//3113
f 3052//3052 3079//3079 3106//3106
f 3079//3079 2967//2967 3106//3106
f 2967//2967 2978//2978 3106//3106
f 2978//2978 2950//2950 3106//3106
f 3086//3086 3114//3114 3081//3081
f 3035//3035 3059//3059 3014//3014
f 3059//3059 3027//3027 3014//3014
f 3059//3059 3108//3108 3027//3027
f 3108//3108 3029//3029 3027//3027
f 3093//3093 3017//3017 3116//3116
f 3017//3017 3030//3030 3116//3116
f 3093//3093 3038//3038 3017//3017
f 3030//3030 2928//2928 2983//2983
f 2983//2983 3116//3116 3030//3030
f 3108//3108 2963//2963 2986//2986
f 2986//2986 3029//3029 3108//3108
f 2986//2986 2926//2926 3029//3029
f 3039//3039 3031//3031 3020//3020
f 3039//3039 3093//3093 3031//3031
f 3093//3093 3116//3116 3031//3031
f 3116//3116 2991//2991 3031//3031
f 2991//2991 2929//2929 3031//3031
f 2983//2983 2991//2991 3116//3116
f 3095//3095 3026//3026 3117//3117
f 3026//3026 2938//2938 3117//3117
f 3026//3026 2932//2932 2938//2938
f 3095//3095 3043//3043 3026//3026
f 3099//3099 3118//3118 3100//3100
f 3117//3117 3118//3118 3099//3099
f 3102//3102 2935//2935 2937//2937
f 3102//3102 3100//3100 2935//2935
f 3100//3100 3118//3118 2935//2935
f 3118//3118 2936//2936 2935//2935
f 2937//2937 2994//2994 3103//3103
f 3103//3103 3102//3102 2937//2937
f 3103//3103 2996//2996 3104//3104
f 2994//2994 2996//2996 3103//3103
f 2940//2940 3118//3118 2939//2939
f 3118//3118 3117//3117 2939//2939
f 3117//3117 2938//2938 2939//2939
f 2940//2940 2936//2936 3118//3118
f 3324//3324 3374//3374 3321//3321
f 3328//3328 3219//3219 3325//3325
f 3221//3221 3219//3219 3328//3328
f 3324//3324 3224//3224 3374//3374
f 3324//3324 3325//3325 3224//3224
f 3325//3325 3219//3219 3224//3224
f 3231//3231 3221//3221 3328//3328
f 3328//3328 3334//3334 3231//3231
f 3321//3321 3383//3383 3340//3340
f 3374//3374 3383//3383 3321//3321
f 3340//3340 3384//3384 3343//3343
f 3383//3383 3384//3384 3340//3340
f 3374//3374 3224//3224 3241//3241
f 3241//3241 3383//3383 3374//3374
f 3383//3383 3241//3241 3242//3242
f 3242//3242 3384//3384 3383//3383
f 3347//3347 3384//3384 3245//3245
f 3384//3384 3247//3247 3245//3245
f 3347//3347 3343//3343 3384//3384
f 3308//3308 3250//3250 3373//3373
f 3308//3308 3347//3347 3250//3250
f 3347//3347 3245//3245 3250//3250
f 3242//3242 3247//3247 3384//3384
f 3373//3373 3250//3250 3252//3252
f 3252//3252 3378//3378 3373//3373
f 3252//3252 3220//3220 3378//3378
f 3386//3386 3230//3230 3258//3258
f 3353//3353 3332//3332 3261//3261
f 3332//3332 3386//3386 3261//3261
f 3386//3386 3258//3258 3261//3261
f 3261//3261 3264//3264 3356//3356
f 3356//3356 3353//3353 3261//3261
f 3264//3264 3243//3243 3350//3350
f 3350//3350 3356//3356 3264//3264
f 3362//3362 3271//3271 3363//3363
f 3266//3266 3271//3271 3362//3362
f 3271//3271 3267//3267 3365//3365
f 3365//3365 3363//3363 3271//3271
f 631//631 607//607 605//605
f 631//631 684//684 607//607
f 631//631 628//628 684//684
f 631//631 609//609 632//632
f 605//605 609//609 631//631
f 603//603 607//607 684//684
f 609//609 612//612 634//634
f 634//634 632//632 609//609
f 612//612 594//594 636//636
f 636//636 634//634 612//612
f 637//637 614//614 638//638
f 572//572 614//614 637//637
f 614//614 617//617 639//639
f 639//639 638//638 614//614
f 639//639 618//618 640//640
f 617//617 618//618 639//639
f 618//618 582//582 641//641
f 641//641 640//640 618//618
f 644//644 569//569 645//645
f 568//568 569//569 644//644
f 645//645 570//570 647//647
f 569//569 570//570 645//645
f 570//570 571//571 648//648
f 648//648 647//647 570//570
f 571//571 573//573 650//650
f 650//650 648//648 571//571
f 654//654 576//576 653//653
f 578//578 576//576 654//654
f 653//653 579//579 656//656
f 576//576 579//579 653//653
f 573//573 578//578 654//654
f 654//654 650//650 573//573
f 579//579 581//581 659//659
f 659//659 656//656 579//579
f 581//581 583//583 660//660
f 660//660 659//659 581//581
f 664//664 688//688 662//662
f 666//666 587//587 586//586
f 666//666 688//688 587//587
f 666//666 662//662 688//688
f 666//666 590//590 668//668
f 586//586 590//590 666//666
f 668//668 592//592 670//670
f 590//590 592//592 668//668
f 664//664 583//583 688//688
f 583//583 593//593 688//688
f 664//664 660//660 583//583
f 593//593 587//587 688//688
f 672//672 689//689 671//671
f 671//671 691//691 673//673
f 689//689 691//691 671//671
f 672//672 595//595 689//689
f 672//672 670//670 595//595
f 670//670 592//592 595//595
f 691//691 595//595 597//597
f 689//689 595//595 691//691
f 673//673 691//691 674//674
f 675//675 674//674 692//692
f 674//674 600//600 692//692
f 674//674 691//691 600//600
f 691//691 597//597 600//600
f 692//692 683//683 676//676
f 676//676 675//675 692//692
f 692//692 600//600 602//602
f 683//683 602//602 604//604
f 692//692 602//602 683//683
f 678//678 693//693 677//677
f 693//693 694//694 679//679
f 679//679 677//677 693//693
f 678//678 685//685 693//693
f 678//678 683//683 685//685
f 678//678 676//676 683//683
f 686//686 693//693 685//685
f 694//694 693//693 686//686
f 694//694 695//695 680//680
f 680//680 679//679 694//694
f 695//695 687//687 629//629
f 629//629 680//680 695//695
f 686//686 608//608 694//694
f 608//608 606//606 694//694
f 606//606 695//695 694//694
f 695//695 606//606 610//610
f 610//610 687//687 695//695
f 1522//1522 1412//1412 1409//1409
f 1522//1522 1576//1576 1412//1412
f 1522//1522 1519//1519 1576//1576
f 1522//1522 1414//1414 1525//1525
f 1409//1409 1414//1414 1522//1522
f 1529//1529 1578//1578 1527//1527
f 1527//1527 1579//1579 1532//1532
f 1578//1578 1579//1579 1527//1527
f 1529//1529 1419//1419 1578//1578
f 1529//1529 1414//1414 1419//1419
f 1529//1529 1525//1525 1414//1414
f 1578//1578 1419//1419 1422//1422
f 1422//1422 1579//1579 1578//1578
f 1510//1510 1580//1580 1509//1509
f 1512//1512 1424//1424 1511//1511
f 1512//1512 1513//1513 1424//1424
f 1513//1513 1426//1426 1424//1424
f 1513//1513 1580//1580 1426//1426
f 1513//1513 1509//1509 1580//1580
f 1539//1539 1583//1583 1538//1538
f 1424//1424 1428//1428 1541//1541
f 1541//1541 1511//1511 1424//1424
f 1539//1539 1428//1428 1583//1583
f 1428//1428 1429//1429 1583//1583
f 1539//1539 1541//1541 1428//1428
f 1510//1510 1431//1431 1580//1580
f 1510//1510 1532//1532 1431//1431
f 1532//1532 1433//1433 1431//1431
f 1532//1532 1579//1579 1433//1433
f 1431//1431 1426//1426 1580//1580
f 1422//1422 1433//1433 1579//1579
f 1435//1435 1412//1412 1576//1576
f 1542//1542 1441//1441 1439//1439
f 1542//1542 1583//1583 1441//1441
f 1542//1542 1538//1538 1583//1583
f 1439//1439 1444//1444 1543//1543
f 1543//1543 1542//1542 1439//1439
f 1429//1429 1441//1441 1583//1583
f 1444//1444 1447//1447 1544//1544
f 1544//1544 1543//1543 1444//1444
f 1544//1544 1450//1450 1545//1545
f 1447//1447 1450//1450 1544//1544
f 1545//1545 1453//1453 1546//1546
f 1450//1450 1453//1453 1545//1545
f 1453//1453 1406//1406 1520//1520
f 1520//1520 1546//1546 1453//1453
f 1684//1684 1686//1686 1630//1630
f 1630//1630 1627//1627 1684//1684
f 1686//1686 1689//1689 1633//1633
f 1633//1633 1630//1630 1686//1686
f 1636//1636 1521//1521 1517//1517
f 1636//1636 1633//1633 1521//1521
f 1633//1633 1689//1689 1521//1521
f 1517//1517 1524//1524 1638//1638
f 1638//1638 1636//1636 1517//1517
f 1684//1684 1528//1528 1530//1530
f 1530//1530 1686//1686 1684//1684
f 1686//1686 1530//1530 1533//1533
f 1533//1533 1689//1689 1686//1686
f 1533//1533 1521//1521 1689//1689
f 1638//1638 1536//1536 1642//1642
f 1524//1524 1536//1536 1638//1638
f 1653//1653 1693//1693 1651//1651
f 1693//1693 1694//1694 1655//1655
f 1655//1655 1651//1651 1693//1693
f 1660//1660 1696//1696 1657//1657
f 1653//1653 1549//1549 1693//1693
f 1653//1653 1657//1657 1549//1549
f 1657//1657 1550//1550 1549//1549
f 1657//1657 1696//1696 1550//1550
f 1693//1693 1549//1549 1551//1551
f 1551//1551 1694//1694 1693//1693
f 1547//1547 1550//1550 1696//1696
f 1670//1670 1655//1655 1554//1554
f 1655//1655 1555//1555 1554//1554
f 1655//1655 1694//1694 1555//1555
f 1670//1670 1557//1557 1671//1671
f 1554//1554 1557//1557 1670//1670
f 1560//1560 1559//1559 1690//1690
f 1557//1557 1562//1562 1675//1675
f 1675//1675 1671//1671 1557//1557
f 1643//1643 1560//1560 1690//1690
f 1643//1643 1562//1562 1560//1560
f 1643//1643 1675//1675 1562//1562
f 1551//1551 1555//1555 1694//1694
f 1654//1654 1685//1685 1629//1629
f 2580//2580 2546//2546 2642//2642
f 2546//2546 2553//2553 2642//2642
f 2580//2580 2565//2565 2546//2546
f 2583//2583 2580//2580 2459//2459
f 2580//2580 2462//2462 2459//2459
f 2580//2580 2642//2642 2462//2462
f 2553//2553 2456//2456 2466//2466
f 2466//2466 2642//2642 2553//2553
f 2466//2466 2462//2462 2642//2642
f 2589//2589 2646//2646 2586//2586
f 2591//2591 2471//2471 2468//2468
f 2591//2591 2646//2646 2471//2471
f 2591//2591 2586//2586 2646//2646
f 2591//2591 2475//2475 2593//2593
f 2468//2468 2475//2475 2591//2591
f 2593//2593 2478//2478 2597//2597
f 2475//2475 2478//2478 2593//2593
f 2589//2589 2480//2480 2646//2646
f 2589//2589 2459//2459 2480//2480
f 2589//2589 2583//2583 2459//2459
f 2480//2480 2471//2471 2646//2646
f 2606//2606 2651//2651 2603//2603
f 2610//2610 2603//2603 2486//2486
f 2603//2603 2651//2651 2486//2486
f 2651//2651 2487//2487 2486//2486
f 2610//2610 2490//2490 2612//2612
f 2486//2486 2490//2490 2610//2610
f 2496//2496 2495//2495 2617//2617
f 2490//2490 2496//2496 2617//2617
f 2617//2617 2612//2612 2490//2490
f 2628//2628 2655//2655 2626//2626
f 2597//2597 2505//2505 2629//2629
f 2478//2478 2505//2505 2597//2597
f 2628//2628 2507//2507 2655//2655
f 2628//2628 2505//2505 2507//2507
f 2628//2628 2629//2629 2505//2505
f 2631//2631 2510//2510 2509//2509
f 2631//2631 2655//2655 2510//2510
f 2631//2631 2626//2626 2655//2655
f 2509//2509 2512//2512 2633//2633
f 2633//2633 2631//2631 2509//2509
f 2507//2507 2510//2510 2655//2655
f 2512//2512 2514//2514 2635//2635
f 2635//2635 2633//2633 2512//2512
f 2606//2606 2514//2514 2651//2651
f 2514//2514 2516//2516 2651//2651
f 2606//2606 2635//2635 2514//2514
f 2516//2516 2487//2487 2651//2651
f 2638//2638 2460//2460 2594//2594
f 2519//2519 2460//2460 2638//2638
f 2520//2520 2519//2519 2638//2638
f 2638//2638 2639//2639 2520//2520
f 2640//2640 2522//2522 2521//2521
f 2521//2521 2520//2520 2639//2639
f 2639//2639 2640//2640 2521//2521
f 2952//2952 2837//2837 2949//2949
f 2839//2839 2837//2837 2952//2952
f 2842//2842 2839//2839 2952//2952
f 2952//2952 2956//2956 2842//2842
f 2964//2964 2852//2852 2962//2962
f 2853//2853 2852//2852 2964//2964
f 2962//2962 2855//2855 2966//2966
f 2852//2852 2855//2855 2962//2962
f 2972//2972 3011//3011 2970//2970
f 3011//3011 3013//3013 2975//2975
f 2975//2975 2970//2970 3011//3011
f 2972//2972 2855//2855 3011//3011
f 2855//2855 2858//2858 3011//3011
f 2972//2972 2966//2966 2855//2855
f 3011//3011 2858//2858 2860//2860
f 2860//2860 3013//3013 3011//3011
f 2837//2837 2853//2853 2964//2964
f 2964//2964 2949//2949 2837//2837
f 2975//2975 3013//3013 2979//2979
f 2982//2982 2979//2979 2863//2863
f 2979//2979 3013//3013 2863//2863
f 3013//3013 2860//2860 2863//2863
f 2863//2863 2866//2866 2984//2984
f 2984//2984 2982//2982 2863//2863
f 2870//2870 2869//2869 2988//2988
f 2988//2988 2990//2990 2870//2870
f 2988//2988 2872//2872 2992//2992
f 2869//2869 2872//2872 2988//2988
f 2866//2866 2870//2870 2990//2990
f 2990//2990 2984//2984 2866//2866
f 2951//2951 2872//2872 3002//3002
f 2872//2872 2874//2874 3002//3002
f 2951//2951 2992//2992 2872//2872
f 2995//2995 2953//2953 2875//2875
f 2953//2953 3002//3002 2875//2875
f 3002//3002 2874//2874 2875//2875
f 2997//2997 2995//2995 3003//3003
f 2995//2995 2838//2838 3003//3003
f 2995//2995 2875//2875 2838//2838
f 2998//2998 2841//2841 2876//2876
f 2998//2998 3003//3003 2841//2841
f 2998//2998 2997//2997 3003//3003
f 2876//2876 2877//2877 2999//2999
f 2999//2999 2998//2998 2876//2876
f 2999//2999 2878//2878 3001//3001
f 2877//2877 2878//2878 2999//2999
f 2959//2959 2879//2879 3005//3005
f 2959//2959 2878//2878 2879//2879
f 2959//2959 3001//3001 2878//2878
f 3007//3007 2879//2879 2880//2880
f 3005//3005 2879//2879 3007//3007
f 3007//3007 2880//2880 2881//2881
f 2881//2881 3009//3009 3007//3007
f 2881//2881 2848//2848 3009//3009
f 3142//3142 3054//3054 3051//3051
f 3051//3051 3057//3057 3144//3144
f 3144//3144 3142//3142 3051//3051
f 3067//3067 3065//3065 3203//3203
f 3150//3150 3069//3069 3147//3147
f 3072//3072 3069//3069 3150//3150
f 3153//3153 3147//3147 3203//3203
f 3147//3147 3067//3067 3203//3203
f 3147//3147 3069//3069 3067//3067
f 3156//3156 3203//3203 3073//3073
f 3203//3203 3065//3065 3073//3073
f 3156//3156 3159//3159 3203//3203
f 3156//3156 3076//3076 3162//3162
f 3073//3073 3076//3076 3156//3156
f 3153//3153 3203//3203 3159//3159
f 3057//3057 3072//3072 3150//3150
f 3150//3150 3144//3144 3057//3057
f 3162//3162 3082//3082 3165//3165
f 3076//3076 3082//3082 3162//3162
f 3170//3170 3207//3207 3168//3168
f 3082//3082 3084//3084 3174//3174
f 3174//3174 3165//3165 3082//3082
f 3170//3170 3087//3087 3207//3207
f 3170//3170 3084//3084 3087//3087
f 3170//3170 3174//3174 3084//3084
f 3148//3148 3168//3168 3199//3199
f 3168//3168 3207//3207 3199//3199
f 3207//3207 3089//3089 3199//3199
f 3207//3207 3091//3091 3089//3089
f 3089//3089 3049//3049 3199//3199
f 3087//3087 3091//3091 3207//3207
f 3161//3161 3096//3096 3179//3179
f 3058//3058 3096//3096 3161//3161
f 3096//3096 3098//3098 3181//3181
f 3181//3181 3179//3179 3096//3096
f 3173//3173 3098//3098 3204//3204
f 3098//3098 3101//3101 3204//3204
f 3173//3173 3181//3181 3098//3098
f 3101//3101 3063//3063 3204//3204
f 2263//2263 2332//2332 2260//2260
f 2267//2267 2159//2159 2156//2156
f 2267//2267 2332//2332 2159//2159
f 2267//2267 2260//2260 2332//2332
f 2156//2156 2163//2163 2269//2269
f 2269//2269 2267//2267 2156//2156
f 2281//2281 2178//2178 2280//2280
f 2181//2181 2178//2178 2281//2281
f 2178//2178 2184//2184 2284//2284
f 2284//2284 2280//2280 2178//2178
f 2284//2284 2187//2187 2286//2286
f 2184//2184 2187//2187 2284//2284
f 2190//2190 2192//2192 2293//2293
f 2293//2293 2290//2290 2190//2190
f 2192//2192 2181//2181 2281//2281
f 2281//2281 2293//2293 2192//2192
f 2297//2297 2340//2340 2296//2296
f 2299//2299 2199//2199 2196//2196
f 2299//2299 2340//2340 2199//2199
f 2299//2299 2296//2296 2340//2340
f 2297//2297 2187//2187 2340//2340
f 2187//2187 2201//2201 2340//2340
f 2297//2297 2286//2286 2187//2187
f 2201//2201 2199//2199 2340//2340
f 2299//2299 2205//2205 2303//2303
f 2196//2196 2205//2205 2299//2299
f 2263//2263 2205//2205 2332//2332
f 2205//2205 2207//2207 2332//2332
f 2263//2263 2303//2303 2205//2205
f 2207//2207 2159//2159 2332//2332
f 2311//2311 2344//2344 2309//2309
f 2314//2314 2344//2344 2311//2311
f 2337//2337 2344//2344 2314//2314
f 2276//2276 2337//2337 2314//2314
f 2279//2279 2217//2217 2214//2214
f 2324//2324 2220//2220 2219//2219
f 2324//2324 2344//2344 2220//2220
f 2324//2324 2309//2309 2344//2344
f 2326//2326 2324//2324 2351//2351
f 2324//2324 2219//2219 2351//2351
f 2219//2219 2221//2221 2351//2351
f 2220//2220 2344//2344 2337//2337
f 2337//2337 2222//2222 2220//2220
f 2351//2351 2221//2221 2223//2223
f 2351//2351 2352//2352 2329//2329
f 2329//2329 2326//2326 2351//2351
f 2329//2329 2352//2352 2330//2330
f 2352//2352 2223//2223 2224//2224
f 2351//2351 2223//2223 2352//2352
f 2266//2266 2225//2225 2333//2333
f 2266//2266 2330//2330 2225//2225
f 2330//2330 2352//2352 2225//2225
f 2352//2352 2224//2224 2225//2225
f 3311//3311 3375//3375 3310//3310
f 3375//3375 3377//3377 3312//3312
f 3312//3312 3310//3310 3375//3375
f 3314//3314 3379//3379 3313//3313
f 3313//3313 3381//3381 3316//3316
f 3379//3379 3381//3381 3313//3313
f 3314//3314 3277//3277 3379//3379
f 3277//3277 3278//3278 3379//3379
f 3314//3314 3317//3317 3277//3277
f 3379//3379 3278//3278 3279//3279
f 3279//3279 3381//3381 3379//3379
f 3311//3311 3280//3280 3375//3375
f 3311//3311 3281//3281 3280//3280
f 3311//3311 3316//3316 3281//3281
f 3316//3316 3381//3381 3281//3281
f 3377//3377 3280//3280 3222//3222
f 3375//3375 3280//3280 3377//3377
f 3279//3279 3281//3281 3381//3381
f 3377//3377 3385//3385 3320//3320
f 3320//3320 3312//3312 3377//3377
f 3320//3320 3387//3387 3323//3323
f 3385//3385 3387//3387 3320//3320
f 3323//3323 3387//3387 3326//3326
f 3385//3385 3222//3222 3225//3225
f 3377//3377 3222//3222 3385//3385
f 3385//3385 3225//3225 3227//3227
f 3227//3227 3387//3387 3385//3385
f 3330//3330 3326//3326 3229//3229
f 3326//3326 3227//3227 3229//3229
f 3326//3326 3387//3387 3227//3227
f 3336//3336 3390//3390 3333//3333
f 3338//3338 3237//3237 3235//3235
f 3338//3338 3390//3390 3237//3237
f 3338//3338 3333//3333 3390//3390
f 3342//3342 3391//3391 3341//3341
f 3345//3345 3246//3246 3244//3244
f 3345//3345 3391//3391 3246//3246
f 3345//3345 3341//3341 3391//3391
f 3342//3342 3235//3235 3391//3391
f 3235//3235 3249//3249 3391//3391
f 3342//3342 3338//3338 3235//3235
f 3249//3249 3246//3246 3391//3391
f 3351//3351 3392//3392 3349//3349
f 3352//3352 3255//3255 3253//3253
f 3352//3352 3392//3392 3255//3255
f 3352//3352 3349//3349 3392//3392
f 3355//3355 3357//3357 3394//3394
f 3357//3357 3257//3257 3394//3394
f 3357//3357 3259//3259 3257//3257
f 3257//3257 3262//3262 3394//3394
f 3253//3253 3259//3259 3357//3357
f 3357//3357 3352//3352 3253//3253
f 3351//3351 3345//3345 3392//3392
f 3345//3345 3244//3244 3392//3392
f 3244//3244 3265//3265 3392//3392
f 3265//3265 3255//3255 3392//3392
f 3336//3336 3268//3268 3390//3390
f 3268//3268 3269//3269 3390//3390
f 3336//3336 3360//3360 3268//3268
f 3269//3269 3237//3237 3390//3390
f 1881//1881 1936//1936 1879//1879
f 1766//1766 1784//1784 1886//1886
f 1886//1886 1884//1884 1766//1766
f 1881//1881 1784//1784 1936//1936
f 1784//1784 1787//1787 1936//1936
f 1881//1881 1886//1886 1784//1784
f 1888//1888 1790//1790 1789//1789
f 1888//1888 1936//1936 1790//1790
f 1888//1888 1879//1879 1936//1936
f 1888//1888 1791//1791 1890//1890
f 1789//1789 1791//1791 1888//1888
f 1787//1787 1790//1790 1936//1936
f 1896//1896 1939//1939 1895//1895
f 1898//1898 1798//1798 1796//1796
f 1898//1898 1895//1895 1798//1798
f 1895//1895 1939//1939 1798//1798
f 1898//1898 1747//1747 1901//1901
f 1796//1796 1747//1747 1898//1898
f 1890//1890 1802//1802 1904//1904
f 1791//1791 1802//1802 1890//1890
f 1896//1896 1802//1802 1939//1939
f 1802//1802 1803//1803 1939//1939
f 1896//1896 1904//1904 1802//1802
f 1803//1803 1798//1798 1939//1939
f 1901//1901 1749//1749 1908//1908
f 1747//1747 1749//1749 1901//1901
f 1908//1908 1752//1752 1911//1911
f 1749//1749 1752//1752 1908//1908
f 1916//1916 1942//1942 1915//1915
f 1915//1915 1943//1943 1918//1918
f 1942//1942 1943//1943 1915//1915
f 1916//1916 1755//1755 1942//1942
f 1916//1916 1752//1752 1755//1755
f 1916//1916 1911//1911 1752//1752
f 1942//1942 1755//1755 1758//1758
f 1758//1758 1943//1943 1942//1942
f 1943//1943 1944//1944 1920//1920
f 1920//1920 1918//1918 1943//1943
f 1943//1943 1758//1758 1767//1767
f 1767//1767 1944//1944 1943//1943
f 1767//1767 1765//1765 1944//1944
f 1926//1926 1772//1772 1925//1925
f 1774//1774 1772//1772 1926//1926
f 1928//1928 1945//1945 1927//1927
f 1929//1929 1780//1780 1779//1779
f 1929//1929 1945//1945 1780//1780
f 1929//1929 1927//1927 1945//1945
f 1928//1928 1925//1925 1945//1945
f 1925//1925 1783//1783 1945//1945
f 1925//1925 1772//1772 1783//1783
f 1783//1783 1780//1780 1945//1945
f 1785//1785 1774//1774 1926//1926
f 1926//1926 1930//1930 1785//1785
f 1931//1931 1929//1929 1946//1946
f 1929//1929 1793//1793 1946//1946
f 1929//1929 1779//1779 1793//1793
f 1931//1931 1946//1946 1932//1932
f 1946//1946 1793//1793 1795//1795
f 1933//1933 1932//1932 1797//1797
f 1932//1932 1795//1795 1797//1797
f 1932//1932 1946//1946 1795//1795
f 1933//1933 1801//1801 1934//1934
f 1797//1797 1801//1801 1933//1933
f 1934//1934 1760//1760 1897//1897
f 1801//1801 1760//1760 1934//1934
f 2264//2264 2226//2226 2261//2261
f 2227//2227 2226//2226 2264//2264
f 2266//2266 2334//2334 2268//2268
f 2333//2333 2334//2334 2266//2266
f 2264//2264 2268//2268 2227//2227
f 2268//2268 2334//2334 2227//2227
f 2334//2334 2162//2162 2227//2227
f 2261//2261 2228//2228 2271//2271
f 2226//2226 2228//2228 2261//2261
f 2271//2271 2165//2165 2273//2273
f 2228//2228 2165//2165 2271//2271
f 2276//2276 2277//2277 2337//2337
f 2277//2277 2222//2222 2337//2337
f 2277//2277 2339//2339 2222//2222
f 2339//2339 2229//2229 2222//2222
f 2230//2230 2229//2229 2339//2339
f 2277//2277 2231//2231 2339//2339
f 2277//2277 2279//2279 2231//2231
f 2279//2279 2214//2214 2231//2231
f 2231//2231 2230//2230 2339//2339
f 2333//2333 2225//2225 2157//2157
f 2334//2334 2157//2157 2160//2160
f 2333//2333 2157//2157 2334//2334
f 2160//2160 2162//2162 2334//2334
f 2273//2273 2167//2167 2285//2285
f 2165//2165 2167//2167 2273//2273
f 2288//2288 2285//2285 2343//2343
f 2285//2285 2168//2168 2343//2343
f 2285//2285 2167//2167 2168//2168
f 2343//2343 2168//2168 2171//2171
f 2292//2292 2174//2174 2173//2173
f 2292//2292 2343//2343 2174//2174
f 2292//2292 2288//2288 2343//2343
f 2292//2292 2175//2175 2294//2294
f 2173//2173 2175//2175 2292//2292
f 2171//2171 2174//2174 2343//2343
f 2301//2301 2347//2347 2298//2298
f 2306//2306 2348//2348 2304//2304
f 2308//2308 2182//2182 2180//2180
f 2308//2308 2348//2348 2182//2182
f 2308//2308 2304//2304 2348//2348
f 2306//2306 2298//2298 2348//2348
f 2298//2298 2350//2350 2348//2348
f 2298//2298 2347//2347 2350//2350
f 2182//2182 2348//2348 2350//2350
f 2350//2350 2185//2185 2182//2182
f 2294//2294 2188//2188 2310//2310
f 2175//2175 2188//2188 2294//2294
f 2301//2301 2189//2189 2347//2347
f 2301//2301 2188//2188 2189//2189
f 2301//2301 2310//2310 2188//2188
f 2347//2347 2189//2189 2194//2194
f 2194//2194 2350//2350 2347//2347
f 2194//2194 2185//2185 2350//2350
f 2180//2180 2197//2197 2316//2316
f 2316//2316 2308//2308 2180//2180
f 2197//2197 2200//2200 2317//2317
f 2317//2317 2316//2316 2197//2197
f 2200//2200 2203//2203 2320//2320
f 2320//2320 2317//2317 2200//2200
f 2203//2203 2206//2206 2322//2322
f 2322//2322 2320//2320 2203//2203
f 2322//2322 2209//2209 2323//2323
f 2206//2206 2209//2209 2322//2322
f 2327//2327 2353//2353 2325//2325
f 2328//2328 2213//2213 2212//2212
f 2328//2328 2353//2353 2213//2213
f 2328//2328 2325//2325 2353//2353
f 2327//2327 2323//2323 2353//2353
f 2323//2323 2209//2209 2353//2353
f 2209//2209 2216//2216 2353//2353
f 2216//2216 2213//2213 2353//2353
f 2262//2262 2212//2212 2331//2331
f 2212//2212 2218//2218 2331//2331
f 2262//2262 2328//2328 2212//2212
f 2218//2218 2161//2161 2331//2331
f 234//234 236//236 271//271
f 271//271 269//269 234//234
f 236//236 237//237 273//273
f 273//273 271//271 236//236
f 273//273 239//239 275//275
f 237//237 239//239 273//273
f 277//277 275//275 303//303
f 275//275 241//241 303//303
f 275//275 239//239 241//241
f 844//844 773//773 847//847
f 770//770 773//773 844//844
f 773//773 776//776 850//850
f 850//850 847//847 773//773
f 855//855 778//778 853//853
f 780//780 778//778 855//855
f 853//853 782//782 858//858
f 778//778 782//782 853//853
f 776//776 780//780 855//855
f 855//855 850//850 776//776
f 858//858 786//786 861//861
f 782//782 786//786 858//858
f 786//786 771//771 848//848
f 848//848 861//861 786//786
f 1209//1209 1211//1211 1237//1237
f 1237//1237 1235//1235 1209//1209
f 1247//1247 1215//1215 1245//1245
f 1173//1173 1215//1215 1247//1247
f 1245//1245 1218//1218 1249//1249
f 1215//1215 1218//1218 1245//1245
f 1249//1249 1163//1163 1252//1252
f 1218//1218 1163//1163 1249//1249
f 1258//1258 1301//1301 1255//1255
f 1260//1260 1160//1160 1156//1156
f 1260//1260 1301//1301 1160//1160
f 1260//1260 1255//1255 1301//1301
f 1258//1258 1165//1165 1301//1301
f 1258//1258 1163//1163 1165//1165
f 1258//1258 1252//1252 1163//1163
f 1165//1165 1160//1160 1301//1301
f 1273//1273 1304//1304 1272//1272
f 1272//1272 1305//1305 1276//1276
f 1304//1304 1305//1305 1272//1272
f 1279//1279 1181//1181 1179//1179
f 1279//1279 1305//1305 1181//1181
f 1279//1279 1276//1276 1305//1305
f 1179//1179 1184//1184 1282//1282
f 1282//1282 1279//1279 1179//1179
f 1273//1273 1187//1187 1304//1304
f 1273//1273 1156//1156 1187//1187
f 1273//1273 1260//1260 1156//1156
f 1304//1304 1187//1187 1190//1190
f 1190//1190 1305//1305 1304//1304
f 1190//1190 1181//1181 1305//1305
f 1195//1195 1193//1193 1307//1307
f 1184//1184 1197//1197 1286//1286
f 1286//1286 1282//1282 1184//1184
f 1289//1289 1197//1197 1307//1307
f 1197//1197 1195//1195 1307//1307
f 1289//1289 1286//1286 1197//1197
f 1291//1291 1292//1292 1199//1199
f 1292//1292 1307//1307 1199//1199
f 1307//1307 1193//1193 1199//1199
f 1199//1199 1201//1201 1248//1248
f 1248//1248 1291//1291 1199//1199
f 1289//1289 1307//1307 1292//1292
f 1316//1316 1237//1237 1381//1381
f 1316//1316 1235//1235 1237//1237
f 1316//1316 1318//1318 1235//1235
f 1329//1329 1247//1247 1245//1245
f 1329//1329 1388//1388 1247//1247
f 1329//1329 1324//1324 1388//1388
f 1336//1336 1391//1391 1334//1334
f 1341//1341 1393//1393 1338//1338
f 1338//1338 1393//1393 1343//1343
f 1341//1341 1249//1249 1393//1393
f 1341//1341 1245//1245 1249//1249
f 1341//1341 1329//1329 1245//1245
f 1347//1347 1343//1343 1252//1252
f 1343//1343 1393//1393 1252//1252
f 1393//1393 1249//1249 1252//1252
f 1350//1350 1255//1255 1349//1349
f 1258//1258 1255//1255 1350//1350
f 1336//1336 1260//1260 1391//1391
f 1336//1336 1349//1349 1260//1260
f 1349//1349 1255//1255 1260//1260
f 1252//1252 1258//1258 1350//1350
f 1350//1350 1347//1347 1252//1252
f 1266//1266 1247//1247 1388//1388
f 1361//1361 1273//1273 1272//1272
f 1361//1361 1391//1391 1273//1273
f 1361//1361 1334//1334 1391//1391
f 1272//1272 1276//1276 1363//1363
f 1363//1363 1361//1361 1272//1272
f 1363//1363 1279//1279 1365//1365
f 1276//1276 1279//1279 1363//1363
f 1279//1279 1282//1282 1366//1366
f 1366//1366 1365//1365 1279//1279
f 1260//1260 1273//1273 1391//1391
f 1282//1282 1286//1286 1368//1368
f 1368//1368 1366//1366 1282//1282
f 1286//1286 1289//1289 1370//1370
f 1370//1370 1368//1368 1286//1286
f 1373//1373 1291//1291 1372//1372
f 1292//1292 1291//1291 1373//1373
f 1291//1291 1248//1248 1339//1339
f 1339//1339 1372//1372 1291//1291
f 1289//1289 1292//1292 1373//1373
f 1373//1373 1370//1370 1289//1289
f 1345//1345 1383//1383 1315//1315
f 1984//1984 2043//2043 1981//1981
f 1981//1981 2046//2046 1988//1988
f 2043//2043 2046//2046 1981//1981
f 1970//1970 1960//1960 1977//1977
f 1960//1960 1953//1953 1977//1977
f 1960//1960 1958//1958 1953//1953
f 1970//1970 2046//2046 1960//1960
f 1970//1970 1988//1988 2046//2046
f 1991//1991 1956//1956 2047//2047
f 1956//1956 1880//1880 2047//2047
f 1956//1956 1857//1857 1880//1880
f 1991//1991 1979//1979 1956//1956
f 1991//1991 1973//1973 1979//1979
f 2047//2047 1880//1880 1883//1883
f 1999//1999 1996//1996 1889//1889
f 1996//1996 1891//1891 1889//1889
f 1996//1996 2051//2051 1891//1891
f 1984//1984 1889//1889 2043//2043
f 1889//1889 1893//1893 2043//2043
f 1984//1984 1999//1999 1889//1889
f 1897//1897 1891//1891 2051//2051
f 2043//2043 1893//1893 1899//1899
f 1899//1899 2046//2046 2043//2043
f 2046//2046 1899//1899 1902//1902
f 1902//1902 1960//1960 2046//2046
f 1902//1902 1855//1855 1960//1960
f 2005//2005 2056//2056 2003//2003
f 2056//2056 2058//2058 2008//2008
f 2008//2008 2003//2003 2056//2056
f 2005//2005 2011//2011 2056//2056
f 2011//2011 1906//1906 2056//2056
f 2011//2011 1909//1909 1906//1906
f 2056//2056 1906//1906 1912//1912
f 1912//1912 2058//2058 2056//2056
f 2008//2008 2059//2059 2014//2014
f 2058//2058 2059//2059 2008//2008
f 2014//2014 2060//2060 2017//2017
f 2059//2059 2060//2060 2014//2014
f 2059//2059 1912//1912 1913//1913
f 2058//2058 1912//1912 2059//2059
f 2060//2060 1913//1913 1864//1864
f 2059//2059 1913//1913 2060//2060
f 2011//2011 1991//1991 1909//1909
f 1991//1991 2047//2047 1909//1909
f 2047//2047 1917//1917 1909//1909
f 1883//1883 1917//1917 2047//2047
f 2021//2021 1861//1861 1860//1860
f 2021//2021 2060//2060 1861//1861
f 2021//2021 2017//2017 2060//2060
f 2023//2023 1862//1862 1863//1863
f 2023//2023 2021//2021 1862//1862
f 2021//2021 1860//1860 1862//1862
f 1864//1864 1861//1861 2060//2060
f 1865//1865 1861//1861 1864//1864
f 2023//2023 1919//1919 2028//2028
f 1863//1863 1919//1919 2023//2023
f 2028//2028 1921//1921 2029//2029
f 1919//1919 1921//1921 2028//2028
f 2029//2029 1922//1922 2030//2030
f 1921//1921 1922//1922 2029//2029
f 1922//1922 1923//1923 2031//2031
f 2031//2031 2030//2030 1922//1922
f 1985//1985 1923//1923 2044//2044
f 1923//1923 1924//1924 2044//2044
f 1985//1985 2031//2031 1923//1923
f 1924//1924 1878//1878 2044//2044
f 3221//3221 3285//3285 3219//3219
f 3219//3219 3288//3288 3224//3224
f 3285//3285 3288//3288 3219//3219
f 3221//3221 3142//3142 3285//3285
f 3221//3221 3231//3231 3142//3142
f 3285//3285 3142//3142 3144//3144
f 3144//3144 3288//3288 3285//3285
f 3241//3241 3224//3224 3147//3147
f 3224//3224 3288//3288 3147//3147
f 3288//3288 3150//3150 3147//3147
f 3147//3147 3153//3153 3242//3242
f 3242//3242 3241//3241 3147//3147
f 3159//3159 3156//3156 3245//3245
f 3245//3245 3247//3247 3159//3159
f 3156//3156 3162//3162 3250//3250
f 3250//3250 3245//3245 3156//3156
f 3242//3242 3159//3159 3247//3247
f 3153//3153 3159//3159 3242//3242
f 3144//3144 3150//3150 3288//3288
f 3252//3252 3165//3165 3295//3295
f 3252//3252 3250//3250 3165//3165
f 3250//3250 3162//3162 3165//3165
f 3220//3220 3170//3170 3282//3282
f 3170//3170 3168//3168 3282//3282
f 3220//3220 3252//3252 3170//3170
f 3252//3252 3295//3295 3170//3170
f 3295//3295 3165//3165 3174//3174
f 3174//3174 3170//3170 3295//3295
f 3168//3168 3148//3148 3282//3282
f 3230//3230 3287//3287 3258//3258
f 3261//3261 3287//3287 3179//3179
f 3287//3287 3161//3161 3179//3179
f 3261//3261 3258//3258 3287//3287
f 3261//3261 3181//3181 3264//3264
f 3179//3179 3181//3181 3261//3261
f 3181//3181 3173//3173 3243//3243
f 3243//3243 3264//3264 3181//3181
f 3266//3266 3296//3296 3271//3271
f 3271//3271 3296//3296 3267//3267
f 3398//3398 3453//3453 3311//3311
f 3404//3404 3313//3313 3456//3456
f 3404//3404 3406//3406 3313//3313
f 3406//3406 3458//3458 3313//3313
f 3458//3458 3314//3314 3313//3313
f 3456//3456 3313//3313 3316//3316
f 3316//3316 3453//3453 3456//3456
f 3317//3317 3314//3314 3458//3458
f 3316//3316 3311//3311 3453//3453
f 3461//3461 3326//3326 3330//3330
f 3418//3418 3464//3464 3416//3416
f 3422//3422 3336//3336 3333//3333
f 3422//3422 3466//3466 3336//3336
f 3422//3422 3420//3420 3466//3466
f 3418//3418 3422//3422 3464//3464
f 3422//3422 3338//3338 3464//3464
f 3422//3422 3333//3333 3338//3338
f 3424//3424 3342//3342 3341//3341
f 3424//3424 3464//3464 3342//3342
f 3424//3424 3416//3416 3464//3464
f 3341//3341 3345//3345 3425//3425
f 3425//3425 3424//3424 3341//3341
f 3338//3338 3342//3342 3464//3464
f 3430//3430 3468//3468 3428//3428
f 3433//3433 3349//3349 3431//3431
f 3351//3351 3349//3349 3433//3433
f 3430//3430 3349//3349 3468//3468
f 3349//3349 3352//3352 3468//3468
f 3430//3430 3431//3431 3349//3349
f 3434//3434 3357//3357 3355//3355
f 3434//3434 3468//3468 3357//3357
f 3434//3434 3428//3428 3468//3468
f 3352//3352 3357//3357 3468//3468
f 3345//3345 3351//3351 3433//3433
f 3433//3433 3425//3425 3345//3345
f 3360//3360 3336//3336 3466//3466
f 3411//3411 3457//3457 3407//3407
f 917//917 916//916 1064//1064
f 1002//1002 924//924 922//922
f 1002//1002 1068//1068 924//924
f 1002//1002 999//999 1068//1068
f 1002//1002 927//927 1004//1004
f 922//922 927//927 1002//1002
f 929//929 924//924 1068//1068
f 1004//1004 932//932 1007//1007
f 927//927 932//932 1004//1004
f 1000//1000 935//935 1062//1062
f 1000//1000 932//932 935//935
f 1000//1000 1007//1007 932//932
f 935//935 914//914 1062//1062
f 2460//2460 2408//2408 2463//2463
f 2393//2393 2408//2408 2460//2460
f 2463//2463 2410//2410 2465//2465
f 2408//2408 2410//2410 2463//2463
f 2410//2410 2412//2412 2467//2467
f 2467//2467 2465//2465 2410//2410
f 2467//2467 2357//2357 2470//2470
f 2412//2412 2357//2357 2467//2467
f 2363//2363 2414//2414 2527//2527
f 2527//2527 2414//2414 2365//2365
f 2357//2357 2359//2359 2473//2473
f 2473//2473 2470//2470 2357//2357
f 2359//2359 2362//2362 2476//2476
f 2476//2476 2473//2473 2359//2359
f 2479//2479 2476//2476 2527//2527
f 2476//2476 2363//2363 2527//2527
f 2476//2476 2362//2362 2363//2363
f 2481//2481 2365//2365 2368//2368
f 2481//2481 2479//2479 2365//2365
f 2479//2479 2527//2527 2365//2365
f 2481//2481 2371//2371 2483//2483
f 2368//2368 2371//2371 2481//2481
f 2492//2492 2530//2530 2489//2489
f 2489//2489 2533//2533 2494//2494
f 2530//2530 2533//2533 2489//2489
f 2534//2534 2530//2530 2492//2492
f 2492//2492 2497//2497 2534//2534
f 2533//2533 2530//2530 2534//2534
f 2534//2534 2536//2536 2533//2533
f 2501//2501 2374//2374 2499//2499
f 2375//2375 2374//2374 2501//2501
f 2371//2371 2377//2377 2503//2503
f 2503//2503 2483//2483 2371//2371
f 2377//2377 2375//2375 2501//2501
f 2501//2501 2503//2503 2377//2377
f 2497//2497 2499//2499 2534//2534
f 2499//2499 2374//2374 2534//2534
f 2374//2374 2379//2379 2534//2534
f 2534//2534 2379//2379 2381//2381
f 2381//2381 2536//2536 2534//2534
f 2504//2504 2386//2386 2385//2385
f 2504//2504 2494//2494 2386//2386
f 2494//2494 2533//2533 2386//2386
f 2461//2461 2385//2385 2524//2524
f 2385//2385 2388//2388 2524//2524
f 2461//2461 2504//2504 2385//2385
f 2386//2386 2533//2533 2536//2536
f 2536//2536 2390//2390 2386//2386
f 2506//2506 2464//2464 2525//2525
f 2464//2464 2524//2524 2525//2525
f 2524//2524 2358//2358 2525//2525
f 2524//2524 2388//2388 2358//2358
f 2508//2508 2506//2506 2392//2392
f 2506//2506 2361//2361 2392//2392
f 2506//2506 2525//2525 2361//2361
f 2381//2381 2390//2390 2536//2536
f 2508//2508 2394//2394 2511//2511
f 2392//2392 2394//2394 2508//2508
f 2394//2394 2396//2396 2513//2513
f 2513//2513 2511//2511 2394//2394
f 2396//2396 2398//2398 2515//2515
f 2515//2515 2513//2513 2396//2396
f 2517//2517 2401//2401 2540//2540
f 2517//2517 2515//2515 2401//2401
f 2515//2515 2398//2398 2401//2401
f 2540//2540 2401//2401 2403//2403
f 2518//2518 2407//2407 2405//2405
f 2518//2518 2540//2540 2407//2407
f 2518//2518 2517//2517 2540//2540
f 2405//2405 2370//2370 2472//2472
f 2472//2472 2518//2518 2405//2405
f 2403//2403 2407//2407 2540//2540
f 3137//3137 3198//3198 3138//3138
f 3139//3139 3119//3119 3099//3099
f 3119//3119 3095//3095 3099//3099
f 3119//3119 3125//3125 3095//3095
f 3139//3139 3135//3135 3119//3119
f 3139//3139 3129//3129 3135//3135
f 3141//3141 3050//3050 3140//3140
f 3052//3052 3050//3050 3141//3141
f 3140//3140 3055//3055 3143//3143
f 3050//3050 3055//3055 3140//3140
f 3149//3149 3200//3200 3146//3146
f 3154//3154 3202//3202 3152//3152
f 3149//3149 3202//3202 3200//3200
f 3202//3202 3059//3059 3200//3200
f 3202//3202 3060//3060 3059//3059
f 3149//3149 3152//3152 3202//3202
f 3160//3160 3062//3062 3158//3158
f 3064//3064 3062//3062 3160//3160
f 3158//3158 3066//3066 3163//3163
f 3062//3062 3066//3066 3158//3158
f 3055//3055 3064//3064 3160//3160
f 3160//3160 3143//3143 3055//3055
f 3154//3154 3066//3066 3202//3202
f 3066//3066 3071//3071 3202//3202
f 3154//3154 3163//3163 3066//3066
f 3071//3071 3060//3060 3202//3202
f 3169//3169 3074//3074 3167//3167
f 3077//3077 3074//3074 3169//3169
f 3074//3074 3079//3079 3172//3172
f 3172//3172 3167//3167 3074//3074
f 3169//3169 3208//3208 3077//3077
f 3208//3208 3081//3081 3077//3077
f 3169//3169 3175//3175 3208//3208
f 3079//3079 3052//3052 3141//3141
f 3141//3141 3172//3172 3079//3079
f 3086//3086 3081//3081 3208//3208
f 3146//3146 3209//3209 3178//3178
f 3200//3200 3209//3209 3146//3146
f 3180//3180 3034//3034 3210//3210
f 3034//3034 3033//3033 3210//3210
f 3180//3180 3209//3209 3034//3034
f 3180//3180 3178//3178 3209//3209
f 3200//3200 3059//3059 3035//3035
f 3035//3035 3209//3209 3200//3200
f 3035//3035 3034//3034 3209//3209
f 3036//3036 3034//3034 3035//3035
f 3038//3038 3212//3212 3037//3037
f 3212//3212 3210//3210 3037//3037
f 3210//3210 3033//3033 3037//3037
f 3212//3212 3038//3038 3093//3093
f 3093//3093 3198//3198 3212//3212
f 3132//3132 3138//3138 3121//3121
f 3138//3138 3198//3198 3121//3121
f 3198//3198 3039//3039 3121//3121
f 3198//3198 3093//3093 3039//3039
f 3043//3043 3095//3095 3125//3125
f 3186//3186 3214//3214 3185//3185
f 3214//3214 3215//3215 3188//3188
f 3188//3188 3185//3185 3214//3214
f 3186//3186 3100//3100 3214//3214
f 3186//3186 3099//3099 3100//3100
f 3186//3186 3139//3139 3099//3099
f 3214//3214 3100//3100 3102//3102
f 3102//3102 3215//3215 3214//3214
f 3188//3188 3216//3216 3191//3191
f 3215//3215 3216//3216 3188//3188
f 3216//3216 3217//3217 3191//3191
f 3215//3215 3102//3102 3103//3103
f 3103//3103 3216//3216 3215//3215
f 3216//3216 3103//3103 3104//3104
f 3104//3104 3217//3217 3216//3216
f 3400//3400 3455//3455 3399//3399
f 3402//3402 3324//3324 3321//3321
f 3402//3402 3455//3455 3324//3324
f 3402//3402 3399//3399 3455//3455
f 3400//3400 3325//3325 3455//3455
f 3400//3400 3457//3457 3325//3325
f 3457//3457 3328//3328 3325//3325
f 3400//3400 3407//3407 3457//3457
f 3325//3325 3324//3324 3455//3455
f 3334//3334 3328//3328 3457//3457
f 3321//3321 3340//3340 3412//3412
f 3412//3412 3402//3402 3321//3321
f 3340//3340 3343//3343 3414//3414
f 3414//3414 3412//3412 3340//3340
f 3414//3414 3347//3347 3417//3417
f 3343//3343 3347//3347 3414//3414
f 3347//3347 3308//3308 3401//3401
f 3401//3401 3417//3417 3347//3347
f 3462//3462 3332//3332 3353//3353
f 3462//3462 3353//3353 3356//3356
f 3356//3356 3463//3463 3462//3462
f 3356//3356 3350//3350 3463//3463
f 3467//3467 3362//3362 3363//3363
f 3363//3363 3365//3365 3467//3467
